# ESP32 GPS offline logger
# log_path,/gps_logs/gps_nmea_0025.txt
# gps_uart_id,2
# gps_rx_pin,16
# gps_tx_pin,17
# gps_baudrate,9600
# start_led_on_s,3
# start_led_off_s,2
# capture_duration_s,900
# format,elapsed_ms,nmea_sentence
394,$GPRMC,032007.00,A,2601.84543,N,11911.58367,E,0.342,,250626,,,A*7B
444,$GPVTG,,T,,M,0.342,N,0.633,K,A*20
447,$GPGGA,032007.00,2601.84543,N,11911.58367,E,1,07,1.26,31.2,M,10.0,M,,*64
453,$GPGSA,A,3,21,05,09,25,06,11,30,,,,,,1.86,1.26,1.38*0F
456,$GPGSV,4,1,15,05,44,272,11.58367,E,032007.00,A,A*62
660,$GPRMC,032008.00,A,2601.84559,N,11911.58371,E,0.212,,250626,,,A*7C
826,$GPVTG,,T,,M,0.212,N,0.392,K,A*2A
863,$GPGGA,032008.00,2601.84559,N,11911.58371,E,1,07,1.26,31.3,M,10.0,M,,*66
940,$GPGSA,A,3,21,05,09,25,06,11,30,,,,,,1.86,1.26,1.38*0F
999,$GPGSV,4,1,15,05,44,272,18,06,38,074,28,07,03,081,,09,16,041,32*70
1069,$GPGSV,4,2,15,11,56,017,26,12,23,253,23,13,18,252,24,15,07,208,*7C
1141,$GPGSV,4,3,15,17,07,146,22,19,35,148,18,20,30,191,,21,65,327,38*77
1210,$GPGSV,4,4,15,25,11,288,22,29,05,321,21,30,09,119,24*40
1270,$GPGLL,2601.84559,N,11911.58371,E,032008.00,A,A*61
1720,$GPRMC,032009.00,A,2601.84575,N,11911.58362,E,0.119,,250626,,,A*79
1826,$GPVTG,,T,,M,0.119,N,0.221,K,A*2B
1861,$GPGGA,032009.00,2601.84575,N,11911.58362,E,1,07,1.26,31.2,M,10.0,M,,*6A
1940,$GPGSA,A,3,21,05,09,25,06,11,30,,,,,,1.86,1.26,1.38*0F
1997,$GPGSV,4,1,15,05,44,272,18,06,38,074,28,07,03,081,,09,16,041,32*70
2069,$GPGSV,4,2,15,11,56,017,26,12,23,253,23,13,18,252,24,15,07,208,*7C
2141,$GPGSV,4,3,15,17,07,146,22,19,35,148,18,20,30,191,,21,65,327,38*77
2266,$GPGSV,4,4,15,25,11,288,22,29,05,321,21,30,09,119,24*40
2270,$GPGLL,2601.84575,N,11911.58362,E,032009.00,A,A*6C
2720,$GPRMC,032010.00,A,2601.84593,N,11911.58364,E,0.077,,250626,,,A*76
2830,$GPVTG,,T,,M,0.077,N,0.142,K,A*24
2867,$GPGGA,032010.00,2601.84593,N,11911.58364,E,1,07,1.26,31.4,M,10.0,M,,*6A
2944,$GPGSA,A,3,21,05,09,25,06,11,30,,,,,,1.86,1.26,1.38*0F
3003,$GPGSV,4,1,15,05,44,272,20,06,38,074,28,07,03,081,,09,16,041,32*7B
3073,$GPGSV,4,2,15,11,56,017,25,12,23,253,24,13,18,252,25,15,07,208,*79
3145,$GPGSV,4,3,15,17,07,146,22,19,35,148,19,20,30,191,,21,65,327,38*76
3215,$GPGSV,4,4,15,25,11,287,22,29,05,321,21,30,09,119,25*4E
3275,$GPGLL,2601.84593,N,11911.58364,E,032010.00,A,A*6A
3720,$GPRMC,032011.00,A,2601.84602,N,11911.58369,E,0.165,,250626,,,A*73
3827,$GPVTG,,T,,M,0.165,N,0.305,K,A*27
3862,$GPGGA,032011.00,2601.84602,N,11911.58369,E,1,07,1.26,31.6,M,10.0,M,,*6F
3941,$GPGSA,A,3,21,05,09,25,06,11,30,,,,,,1.86,1.26,1.38*0F
3997,$GPGSV,4,1,15,05,44,272,20,06,38,074,28,07,03,081,,09,16,041,31*78
4070,$GPGSV,4,2,15,11,56,017,25,12,23,253,24,13,18,252,24,15,07,208,*78
4140,$GPGSV,4,3,15,17,07,146,22,19,35,148,19,20,30,191,,21,65,327,38*76
4211,$GPGSV,4,4,15,25,11,287,22,29,05,321,21,30,09,119,24*4F
4271,$GPGLL,2601.84602,N,11911.58369,E,032011.00,A,A*6D
4690,$GPRMC,032012.00,A,2601.84610,N,11911.58377,E,0.282,,250626,,,A*76
4828,$GPVTG,,T,,M,0.282,N,0.522,K,A*2E
4865,$GPGGA,032012.00,2601.84610,N,11911.58377,E,1,07,1.26,31.7,M,10.0,M,,*61
4942,$GPGSA,A,3,21,05,09,25,06,11,30,,,,,,1.86,1.26,1.38*0F
5001,$GPGSV,4,1,15,05,44,272,20,06,38,074,28,07,03,081,,09,16,041,31*78
5071,$GPGSV,4,2,15,11,56,017,25,12,23,253,24,13,18,252,24,15,07,208,*78
5143,$GPGSV,4,3,15,17,07,146,23,19,35,148,19,20,30,191,,21,65,327,38*77
5212,$GPGSV,4,4,15,25,11,287,22,29,05,321,21,30,09,119,24*4F
5272,$GPGLL,2601.84610,N,11911.58377,E,032012.00,A,A*62
5720,$GPRMC,032013.00,A,2601.84619,N,11911.58378,E,0.051,,250626,,,A*7D
5835,$GPVTG,,T,,M,0.051,N,0.095,K,A*2B
5871,$GPGGA,032013.00,2601.84619,N,11911.58378,E,1,07,1.26,31.7,M,10.0,M,,*66
5949,$GPGSA,A,3,21,05,09,25,06,11,30,,,,,,1.86,1.26,1.38*0F
6006,$GPGSV,4,1,15,05,44,272,19,06,38,074,28,07,03,081,,09,16,041,32*71
6079,$GPGSV,4,2,15,11,56,017,26,12,23,253,23,13,18,252,25,15,07,208,*7D
6148,$GPGSV,4,3,15,17,07,146,22,19,35,148,19,20,30,191,,21,65,327,38*76
6220,$GPGSV,4,4,15,25,11,287,21,29,05,321,21,30,09,119,24*4C
6278,$GPGLL,2601.84619,N,11911.58378,E,032013.00,A,A*65
6730,$GPRMC,032014.00,A,2601.84629,N,11911.58389,E,0.140,,250626,,,A*76
6830,$GPVTG,,T,,M,0.140,N,0.260,K,A*22
6985,$GPGGA,032014.00,2601.84629,N,11911.58389,E,1,07,1.26,32.0,M,10.0,M,,*68
6989,$GPGSA,A,3,21,05,09,25,06,11,30,,,,,,1.86,1.26,1.38*0F
7001,$GPGSV,4,1,15,05,44,272,19,06,38,074,27,07,03,081,,09,16,041,32*7E
7071,$GPGSV,4,2,15,11,56,017,26,12,23,253,23,13,18,252,24,15,07,208,*7C
7143,$GPGSV,4,3,15,17,07,146,22,19,35,148,18,20,30,191,,21,65,327,38*77
7214,$GPGSV,4,4,15,25,11,287,21,29,05,321,20,30,09,119,24*4D
7273,$GPGLL,2601.84629,N,11911.58389,E,032014.00,A,A*6F
7720,$GPRMC,032015.00,A,2601.84658,N,11911.58386,E,0.702,,250626,,,A*7E
7830,$GPVTG,,T,,M,0.702,N,1.300,K,A*24
7866,$GPGGA,032015.00,2601.84658,N,11911.58386,E,1,07,1.26,32.2,M,10.0,M,,*62
7944,$GPGSA,A,3,21,05,09,25,06,11,30,,,,,,1.86,1.26,1.38*0F
8001,$GPGSV,4,1,15,05,44,272,18,06,38,074,27,07,03,081,,09,16,041,32*7F
8074,$GPGSV,4,2,15,11,56,017,26,12,23,253,23,13,18,252,24,15,07,208,*7C
8144,$GPGSV,4,3,15,17,07,146,23,19,35,148,18,20,30,191,,21,65,327,38*76
8214,$GPGSV,4,4,15,25,11,287,21,29,05,321,21,30,09,118,23*4A
8274,$GPGLL,2601.84658,N,11911.58386,E,032015.00,A,A*67
8720,$GPRMC,032016.00,A,2601.84674,N,11911.58385,E,0.811,,250626,,,A*7D
8834,$GPVTG,,T,,M,0.811,N,1.502,K,A*2D
8869,$GPGGA,032016.00,2601.84674,N,11911.58385,E,1,07,1.26,32.3,M,10.0,M,,*6D
8950,$GPGSA,A,3,21,05,09,25,06,11,30,,,,,,1.86,1.26,1.38*0F
9064,$GPGSV,4,1,15,05,44,272,18,06,38,074,27,07,03,081,,09,16,041,32*7F
9077,$GPGSV,4,2,15,11,56,017,26,12,23,253,23,13,18,252,24,15,07,208,*7C
9147,$GPGSV,4,3,15,17,07,146,22,19,35,148,18,20,30,191,,21,65,327,37*78
9219,$GPGSV,4,4,15,25,11,287,20,29,05,321,21,30,09,118,23*4B
9277,$GPGLL,2601.84674,N,11911.58385,E,032016.00,A,A*69
9730,$GPRMC,032017.00,A,2601.84684,N,11911.58386,E,0.516,,250626,,,A*7A
9827,$GPVTG,,T,,M,0.516,N,0.956,K,A*2B
9864,$GPGGA,032017.00,2601.84684,N,11911.58386,E,1,07,1.26,32.3,M,10.0,M,,*60
9943,$GPGSA,A,3,21,05,09,25,06,11,30,,,,,,1.86,1.26,1.38*0F
10000,$GPGSV,4,1,15,05,44,272,18,06,38,074,27,07,03,081,,09,16,041,32*7F
# status,10 s,nmea,91,fix,22,utc,032017.00,mode,2
10074,$GPGSV,4,2,15,11,56,017,27,12,23,253,24,13,18,252,23,15,07,208,*7D
10201,$GPGSV,4,3,15,17,07,146,22,19,35,148,18,20,30,191,,21,65,327,38*77
10213,$GPGSV,4,4,15,25,11,287,20,29,05,321,21,30,09,118,23*4B
10271,$GPGLL,2601.84684,N,11911.58386,E,032017.00,A,A*64
10720,$GPRMC,032018.00,A,2601.84704,N,11911.58408,E,0.294,,250626,,,A*70
10826,$GPVTG,,T,,M,0.294,N,0.544,K,A*29
10862,$GPGGA,032018.00,2601.84704,N,11911.58408,E,1,07,1.26,32.8,M,10.0,M,,*6C
10941,$GPGSA,A,3,21,05,09,25,06,11,30,,,,,,1.86,1.26,1.38*0F
10999,$GPGSV,4,1,15,05,44,272,17,06,38,074,27,07,03,081,,09,16,041,32*70
11071,$GPGSV,4,2,15,11,56,017,28,12,23,253,24,13,18,252,23,15,07,208,*72
11216,$GPGSV,4,3,15,17,07,146,22,19,35,148,19,20,30,191,,21,65,327,38*76
11222,$GPGSV,4,4,15,25,11,287,19,29,05,321,20,30,09,118,24*47
11271,$GPGLL,2601.84704,N,11911.58408,E,032018.00,A,A*63
11720,$GPRMC,032019.00,A,2601.84718,N,11911.58425,E,0.139,,250626,,,A*77
11830,$GPVTG,,T,,M,0.139,N,0.258,K,A*27
11866,$GPGGA,032019.00,2601.84718,N,11911.58425,E,1,07,1.26,33.2,M,10.0,M,,*64
11944,$GPGSA,A,3,21,05,09,25,06,11,30,,,,,,1.86,1.26,1.38*0F
12001,$GPGSV,4,1,15,05,44,272,14,06,38,074,26,07,03,081,,09,16,041,33*73
12074,$GPGSV,4,2,15,11,56,017,29,12,23,253,25,13,18,252,23,15,07,208,*72
12143,$GPGSV,4,3,15,17,07,146,22,19,35,148,18,20,30,191,,21,65,327,37*78
12215,$GPGSV,4,4,15,25,11,287,20,29,05,321,19,30,09,118,24*47
12273,$GPGLL,2601.84718,N,11911.58425,E,032019.00,A,A*60
12720,$GPRMC,032020.00,A,2601.84721,N,11911.58427,E,0.305,,250626,,,A*78
12822,$GPVTG,,T,,M,0.305,N,0.564,K,A*22
12859,$GPGGA,032020.00,2601.84721,N,11911.58427,E,1,06,1.40,33.2,M,10.0,M,,*67
12936,$GPGSA,A,3,21,09,25,06,11,30,,,,,,,2.02,1.40,1.45*0F
12993,$GPGSV,4,1,15,05,44,272,09,06,38,074,27,07,03,081,,09,16,041,33*7E
13063,$GPGSV,4,2,15,11,56,017,29,12,23,253,25,13,18,252,23,15,07,208,*72
13135,$GPGSV,4,3,15,17,07,146,22,19,35,148,18,20,30,191,,21,65,327,37*78
13207,$GPGSV,4,4,15,25,11,287,20,29,05,321,19,30,09,118,24*47
13347,$GPGLL,2601.84721,N,11911.58427,E,032020.00,A,A*62
13650,$GPRMC,032021.00,A,2601.84723,N,11911.58440,E,0.394,,250626,,,A*72
13858,$GPVTG,,T,,M,0.394,N,0.729,K,A*21
13861,$GPGGA,032021.00,2601.84723,N,11911.58440,E,1,06,1.40,33.4,M,10.0,M,,*63
13936,$GPGSA,A,3,21,09,25,06,11,30,,,,,,,2.02,1.40,1.45*0F
13991,$GPGSV,4,1,15,05,44,272,08,06,38,074,27,07,03,081,,09,16,041,33*7F
14063,$GPGSV,4,2,15,11,56,017,30,12,23,253,25,13,18,252,23,15,07,208,*7A
14134,$GPGSV,4,3,15,17,07,146,22,19,35,148,17,20,30,191,,21,65,327,37*77
14204,$GPGSV,4,4,15,25,11,287,21,29,05,321,19,30,09,118,24*46
14263,$GPGLL,2601.84723,N,11911.58440,E,032021.00,A,A*60
14710,$GPRMC,032022.00,A,2601.84730,N,11911.58445,E,0.097,,250626,,,A*76
14824,$GPVTG,,T,,M,0.097,N,0.179,K,A*22
14859,$GPGGA,032022.00,2601.84730,N,11911.58445,E,1,06,1.40,33.6,M,10.0,M,,*65
14938,$GPGSA,A,3,21,09,25,06,11,30,,,,,,,2.02,1.40,1.45*0F
14992,$GPGSV,4,1,15,05,44,272,08,06,38,074,27,07,03,081,,09,16,041,33*7F
15065,$GPGSV,4,2,15,11,56,017,30,12,23,253,24,13,18,252,23,15,07,208,*7B
15135,$GPGSV,4,3,15,17,07,146,23,19,35,148,18,20,30,191,,21,65,327,37*79
15208,$GPGSV,4,4,15,25,11,287,22,29,05,321,19,30,09,118,25*44
15264,$GPGLL,2601.84730,N,11911.58445,E,032022.00,A,A*64
15720,$GPRMC,032023.00,A,2601.84736,N,11911.58435,E,0.038,,250626,,,A*73
15882,$GPVTG,,T,,M,0.038,N,0.070,K,A*2F
15887,$GPGGA,032023.00,2601.84736,N,11911.58435,E,1,06,1.40,33.3,M,10.0,M,,*60
15935,$GPGSA,A,3,21,09,25,06,11,30,,,,,,,2.02,1.40,1.45*0F
15992,$GPGSV,4,1,15,05,44,272,08,06,38,074,27,07,03,081,,09,16,041,33*7F
16062,$GPGSV,4,2,15,11,56,017,31,12,23,253,25,13,18,252,22,15,07,208,*7A
16134,$GPGSV,4,3,15,17,07,146,22,19,35,148,19,20,30,191,,21,65,327,37*79
16204,$GPGSV,4,4,15,25,11,287,22,29,05,321,20,30,09,118,25*4E
16264,$GPGLL,2601.84736,N,11911.58435,E,032023.00,A,A*64
16710,$GPRMC,032024.00,A,2601.84741,N,11911.58431,E,0.286,,250626,,,A*77
16829,$GPVTG,,T,,M,0.286,N,0.530,K,A*29
16864,$GPGGA,032024.00,2601.84741,N,11911.58431,E,1,06,1.40,33.3,M,10.0,M,,*63
16943,$GPGSA,A,3,21,09,25,06,11,30,,,,,,,2.02,1.40,1.45*0F
16998,$GPGSV,4,1,15,05,44,272,08,06,38,074,27,07,03,081,,09,16,041,32*7E
17070,$GPGSV,4,2,15,11,56,017,31,12,23,253,25,13,18,252,23,15,07,208,*7B
17140,$GPGSV,4,3,15,17,07,146,22,19,35,148,19,20,30,191,,21,65,327,38*76
17212,$GPGSV,4,4,15,25,11,287,22,29,05,321,20,30,09,118,25*4E
17270,$GPGLL,2601.84741,N,11911.58431,E,032024.00,A,A*67
17720,$GPRMC,032025.00,A,2601.84753,N,11911.58441,E,0.516,,250626,,,A*7C
17824,$GPVTG,,T,,M,0.516,N,0.955,K,A*28
17863,$GPGGA,032025.00,2601.84753,N,11911.58441,E,1,06,1.40,33.4,M,10.0,M,,*61
18014,$GPGSA,A,3,21,09,25,06,11,30,,,,,,,2.02,1.40,1.45*0F
18019,$GPGSV,4,1,15,05,44,272,08,06,38,074,27,07,03,081,,09,16,041,33*7F
18065,$GPGSV,4,2,15,11,56,017,32,12,23,253,25,13,18,252,23,15,07,208,*78
18137,$GPGSV,4,3,15,17,07,146,22,19,35,148,19,20,30,191,,21,65,327,37*79
18208,$GPGSV,4,4,15,25,11,287,22,29,05,321,20,30,09,118,25*4E
18266,$GPGLL,2601.84753,N,11911.58441,E,032025.00,A,A*62
18710,$GPRMC,032026.00,A,2601.84763,N,11911.58441,E,0.073,,250626,,,A*7A
18826,$GPVTG,,T,,M,0.073,N,0.135,K,A*20
18861,$GPGGA,032026.00,2601.84763,N,11911.58441,E,1,07,1.26,33.3,M,10.0,M,,*67
18940,$GPGSA,A,3,21,05,09,25,06,11,30,,,,,,1.86,1.26,1.38*0F
18997,$GPGSV,4,1,15,05,44,272,11,06,38,074,28,07,03,081,,09,16,041,33*78
19069,$GPGSV,4,2,15,11,56,017,32,12,23,253,26,13,18,252,23,15,07,208,*7B
19142,$GPGSV,4,3,15,17,07,146,23,19,35,148,18,20,30,191,,21,65,327,37*79
19210,$GPGSV,4,4,15,25,11,287,22,29,05,321,20,30,09,118,25*4E
19270,$GPGLL,2601.84763,N,11911.58441,E,032026.00,A,A*62
19720,$GPRMC,032027.00,A,2601.84769,N,11911.58422,E,0.496,,250626,,,A*7B
19827,$GPVTG,,T,,M,0.496,N,0.919,K,A*29
19862,$GPGGA,032027.00,2601.84769,N,11911.58422,E,1,07,1.26,32.7,M,10.0,M,,*6C
19941,$GPGSA,A,3,21,05,09,25,06,11,30,,,,,,1.86,1.26,1.38*0F
20000,$GPGSV,4,1,15,05,44,272,11,06,38,074,28,07,03,081,,09,16,041,33*78
# status,20 s,nmea,181,fix,42,utc,032027.00,mode,2
20159,$GPGSV,4,2,15,11,56,017,32,12,23,253,26,13,18,252,23,15,07,208,*7B
20257,$GPGSV,4,3,15,17,07,146,22,19,35,148,18,20,30,191,,21,65,327,37*78
20262,$GPGSV,4,4,15,25,11,287,22,29,05,321,19,30,09,118,25*44
20308,$GPGLL,2601.84769,N,11911.58422,E,032027.00,A,A*6C
20720,$GPRMC,032028.00,A,2601.84770,N,11911.58398,E,0.148,,250626,,,A*7C
20832,$GPVTG,,T,,M,0.148,N,0.275,K,A*2E
20867,$GPGGA,032028.00,2601.84770,N,11911.58398,E,1,07,1.26,32.0,M,10.0,M,,*6A
20946,$GPGSA,A,3,21,05,09,25,06,11,30,,,,,,1.86,1.26,1.38*0F
21003,$GPGSV,4,1,15,05,44,272,11,06,38,074,28,07,03,081,,09,16,041,33*78
21075,$GPGSV,4,2,15,11,56,017,32,12,23,253,26,13,18,252,23,15,07,208,*7B
21145,$GPGSV,4,3,15,17,07,146,22,19,35,148,19,20,30,191,,21,65,327,37*79
21216,$GPGSV,4,4,15,25,11,287,22,29,05,321,18,30,09,118,24*44
21274,$GPGLL,2601.84770,N,11911.58398,E,032028.00,A,A*6D
21720,$GPRMC,032029.00,A,2601.84771,N,11911.58380,E,0.562,,250626,,,A*79
21829,$GPVTG,,T,,M,0.562,N,1.042,K,A*25
21866,$GPGGA,032029.00,2601.84771,N,11911.58380,E,1,07,1.26,31.5,M,10.0,M,,*65
21943,$GPGSA,A,3,21,05,09,25,06,11,30,,,,,,1.86,1.26,1.38*0F
22002,$GPGSV,4,1,15,05,44,272,11,06,38,074,29,07,03,081,,09,16,041,32*78
22072,$GPGSV,4,2,15,11,56,017,32,12,23,253,26,13,18,252,23,15,07,208,*7B
22145,$GPGSV,4,3,15,17,07,146,23,19,35,148,19,20,30,191,,21,65,327,37*78
22262,$GPGSV,4,4,15,25,11,287,23,29,05,321,19,30,09,118,24*44
22273,$GPGLL,2601.84771,N,11911.58380,E,032029.00,A,A*64
22720,$GPRMC,032030.00,A,2601.84780,N,11911.58369,E,0.286,,250626,,,A*75
22830,$GPVTG,,T,,M,0.286,N,0.530,K,A*29
22865,$GPGGA,032030.00,2601.84780,N,11911.58369,E,1,07,1.26,31.1,M,10.0,M,,*60
22944,$GPGSA,A,3,21,05,09,25,06,11,30,,,,,,1.86,1.26,1.38*0F
23001,$GPGSV,4,1,15,05,44,272,11,06,38,074,29,07,03,081,,09,16,041,33*79
23073,$GPGSV,4,2,15,11,56,017,32,12,23,253,26,13,18,252,24,15,07,208,*7C
23143,$GPGSV,4,3,15,17,07,146,22,19,35,148,19,20,30,191,,21,65,327,37*79
23215,$GPGSV,4,4,15,25,11,287,22,29,05,321,19,30,09,118,23*42
23274,$GPGLL,2601.84780,N,11911.58369,E,032030.00,A,A*65
23720,$GPRMC,032031.00,A,2601.84785,N,11911.58359,E,0.330,,250626,,,A*7E
23832,$GPVTG,,T,,M,0.330,N,0.611,K,A*25
23867,$GPGGA,032031.00,2601.84785,N,11911.58359,E,1,07,1.26,30.8,M,10.0,M,,*6F
23945,$GPGSA,A,3,21,05,09,25,06,11,30,,,,,,1.86,1.26,1.38*0F
24004,$GPGSV,4,1,15,05,44,272,11,06,38,074,29,07,03,081,,09,16,041,33*79
24075,$GPGSV,4,2,15,11,56,017,32,12,23,253,26,13,18,252,24,15,07,208,*7C
24145,$GPGSV,4,3,15,17,07,146,22,19,35,148,19,20,30,191,,21,65,327,37*79
24216,$GPGSV,4,4,15,25,11,287,22,29,05,321,20,30,09,118,23*48
24276,$GPGLL,2601.84785,N,11911.58359,E,032031.00,A,A*62
24700,$GPRMC,032032.00,A,2601.84787,N,11911.58346,E,0.182,,250626,,,A*7A
24826,$GPVTG,,T,,M,0.182,N,0.336,K,A*2E
24862,$GPGGA,032032.00,2601.84787,N,11911.58346,E,1,07,1.26,30.3,M,10.0,M,,*6B
24941,$GPGSA,A,3,21,05,09,25,06,11,30,,,,,,1.86,1.26,1.38*0F
24999,$GPGSV,4,1,15,05,44,272,16,06,38,074,29,07,03,081,,09,16,041,33*7E
25069,$GPGSV,4,2,15,11,56,017,32,12,23,253,25,13,18,252,23,15,07,208,*78
25141,$GPGSV,4,3,15,17,07,146,23,19,35,148,19,20,30,191,,21,65,327,37*78
25210,$GPGSV,4,4,15,25,11,287,23,29,05,321,21,30,09,118,22*49
25270,$GPGLL,2601.84787,N,11911.58346,E,032032.00,A,A*6D
25720,$GPRMC,032033.00,A,2601.84789,N,11911.58323,E,0.805,,250626,,,A*70
25826,$GPVTG,,T,,M,0.805,N,1.491,K,A*23
25861,$GPGGA,032033.00,2601.84789,N,11911.58323,E,1,07,1.26,29.7,M,10.0,M,,*6B
25940,$GPGSA,A,3,21,05,09,25,06,11,30,,,,,,1.86,1.26,1.38*0F
25997,$GPGSV,4,1,15,05,44,272,16,06,38,074,29,07,03,081,,09,16,041,33*7E
26069,$GPGSV,4,2,15,11,56,017,32,12,23,253,26,13,18,252,24,15,07,208,*7C
26139,$GPGSV,4,3,15,17,07,146,23,19,35,148,18,20,30,191,,21,65,327,37*79
26211,$GPGSV,4,4,15,25,11,287,22,29,05,321,22,30,09,118,22*4B
26269,$GPGLL,2601.84789,N,11911.58323,E,032033.00,A,A*61
26720,$GPRMC,032034.00,A,2601.84810,N,11911.58308,E,1.071,,250626,,,A*7B
26828,$GPVTG,,T,,M,1.071,N,1.984,K,A*20
26944,$GPGGA,032034.00,2601.84810,N,11911.58308,E,1,07,1.26,29.4,M,10.0,M,,*69
26949,$GPGSA,A,3,21,05,09,25,06,11,30,,,,,,1.86,1.26,1.38*0F
26999,$GPGSV,4,1,15,05,44,272,16,06,38,074,30,07,03,081,,09,16,041,33*76
27071,$GPGSV,4,2,15,11,56,017,31,12,23,253,26,13,18,252,23,15,07,208,*78
27141,$GPGSV,4,3,15,17,07,146,23,19,35,148,19,20,30,191,,21,65,327,37*78
27249,$GPGSV,4,4,15,25,11,287,21,29,05,321,22,30,09,118,22*48
27270,$GPGLL,2601.84810,N,11911.58308,E,032034.00,A,A*60
27720,$GPRMC,032035.00,A,2601.84822,N,11911.58295,E,0.521,,250626,,,A*7F
27825,$GPVTG,,T,,M,0.521,N,0.964,K,A*2E
27861,$GPGGA,032035.00,2601.84822,N,11911.58295,E,1,07,1.26,29.0,M,10.0,M,,*68
27940,$GPGSA,A,3,21,05,09,25,06,11,30,,,,,,1.86,1.26,1.38*0F
27998,$GPGSV,4,1,15,05,44,272,16,06,38,074,30,07,03,081,,09,16,041,33*76
28068,$GPGSV,4,2,15,11,56,017,31,12,23,253,26,13,18,252,23,15,07,208,*78
28140,$GPGSV,4,3,15,17,07,146,23,19,35,148,19,20,30,191,,21,65,327,37*78
28209,$GPGSV,4,4,15,25,11,287,20,29,05,321,22,30,09,118,23*48
28269,$GPGLL,2601.84822,N,11911.58295,E,032035.00,A,A*65
28720,$GPRMC,032036.00,A,2601.84811,N,11911.58279,E,0.813,,250626,,,A*72
28826,$GPVTG,,T,,M,0.813,N,1.506,K,A*2B
28862,$GPGGA,032036.00,2601.84811,N,11911.58279,E,1,07,1.26,28.3,M,10.0,M,,*6B
28942,$GPGSA,A,3,21,05,09,25,06,11,30,,,,,,1.86,1.26,1.38*0F
29050,$GPGSV,4,1,15,05,44,272,16,06,38,074,30,07,03,081,,09,16,041,33*76
29070,$GPGSV,4,2,15,11,56,017,31,12,23,253,26,13,18,252,23,15,07,208,*78
29140,$GPGSV,4,3,15,17,07,146,23,19,35,148,19,20,30,191,,21,65,327,37*78
29211,$GPGSV,4,4,15,25,11,287,20,29,05,321,22,30,09,118,23*48
29269,$GPGLL,2601.84811,N,11911.58279,E,032036.00,A,A*64
29720,$GPRMC,032037.00,A,2601.84834,N,11911.58289,E,0.271,,250626,,,A*75
29828,$GPVTG,,T,,M,0.271,N,0.502,K,A*20
29865,$GPGGA,032037.00,2601.84834,N,11911.58289,E,1,07,1.26,28.6,M,10.0,M,,*67
29942,$GPGSA,A,3,21,05,09,25,06,11,30,,,,,,1.86,1.26,1.38*0F
30001,$GPGSV,4,1,15,05,44,272,16,06,38,074,30,07,03,081,,09,16,041,33*76
# status,30 s,nmea,271,fix,62,utc,032037.00,mode,2
30074,$GPGSV,4,2,15,11,56,017,31,12,23,253,26,13,18,252,23,15,07,208,*78
30198,$GPGSV,4,3,15,17,07,146,23,19,35,148,19,20,30,191,,21,65,327,37*78
30213,$GPGSV,4,4,15,25,11,287,20,29,05,321,22,30,09,118,23*48
30271,$GPGLL,2601.84834,N,11911.58289,E,032037.00,A,A*6D
30720,$GPRMC,032038.00,A,2601.84837,N,11911.58274,E,0.562,,250626,,,A*7E
30829,$GPVTG,,T,,M,0.562,N,1.041,K,A*26
30866,$GPGGA,032038.00,2601.84837,N,11911.58274,E,1,07,1.26,28.1,M,10.0,M,,*6E
30943,$GPGSA,A,3,21,05,09,25,06,11,30,,,,,,1.86,1.26,1.38*0F
31003,$GPGSV,4,1,15,05,44,272,11,06,38,074,30,07,03,081,,09,16,041,33*71
31074,$GPGSV,4,2,15,11,56,017,31,12,23,253,26,13,18,252,22,15,07,208,*79
31643,$GPGSV,4,3,15,17,07,146,24,19,35,148,19,20,30,191,,21,65,327,37*7F
31648,$GPGSV,4,4,15,25,11,287,20,29,05,321,22,30,09,118,23*48
31653,$GPGLL,2601.84837,N,11911.58274,E,032038.00,A,A*63
31750,$GPRMC,032039.00,A,2601.84832,N,11911.58274,E,0.224,,250626,,,A*7F
31826,$GPVTG,,T,,M,0.224,N,0.416,K,A*24
31861,$GPGGA,032039.00,2601.84832,N,11911.58274,E,1,07,1.26,27.9,M,10.0,M,,*6D
31940,$GPGSA,A,3,21,05,09,25,06,11,30,,,,,,1.86,1.26,1.38*0F
31996,$GPGSV,4,1,15,05,44,272,18,06,38,074,30,07,03,081,,09,16,041,33*78
32069,$GPGSV,4,2,15,11,56,017,30,12,23,253,26,13,18,252,22,15,07,208,*78
32140,$GPGSV,4,3,15,17,07,146,24,19,35,148,18,20,30,191,,21,65,327,37*7E
32209,$GPGSV,4,4,15,25,11,287,19,29,05,321,22,30,09,118,23*42
32269,$GPGLL,2601.84832,N,11911.58274,E,032039.00,A,A*67
32720,$GPRMC,032040.00,A,2601.84841,N,11911.58264,E,0.581,,250626,,,A*7C
32829,$GPVTG,,T,,M,0.581,N,1.076,K,A*2F
32864,$GPGGA,032040.00,2601.84841,N,11911.58264,E,1,07,1.26,27.5,M,10.0,M,,*6A
32943,$GPGSA,A,3,21,05,09,25,06,11,30,,,,,,1.86,1.26,1.38*0F
33000,$GPGSV,4,1,15,05,44,272,21,06,38,074,30,07,03,081,,09,16,041,33*72
33072,$GPGSV,4,2,15,11,56,017,30,12,23,253,26,13,18,252,22,15,07,208,*78
33142,$GPGSV,4,3,15,17,07,146,24,19,35,148,17,20,30,191,,21,65,327,37*71
33215,$GPGSV,4,4,15,25,11,287,18,29,05,321,22,30,09,118,23*43
33354,$GPGLL,2601.84841,N,11911.58264,E,032040.00,A,A*6C
33750,$GPRMC,032041.00,A,2601.84841,N,11911.58240,E,0.661,,250626,,,A*76
33825,$GPVTG,,T,,M,0.661,N,1.225,K,A*26
33862,$GPGGA,032041.00,2601.84841,N,11911.58240,E,1,07,1.26,26.8,M,10.0,M,,*61
33939,$GPGSA,A,3,21,05,09,25,06,11,30,,,,,,1.86,1.26,1.38*0F
33998,$GPGSV,4,1,15,05,44,272,22,06,38,074,30,07,03,081,,09,16,041,33*71
34068,$GPGSV,4,2,15,11,56,017,29,12,23,253,26,13,18,252,21,15,07,208,*73
34176,$GPGSV,4,3,15,17,07,146,24,19,35,148,17,20,30,191,,21,65,327,37*71
34209,$GPGSV,4,4,15,25,11,287,18,29,05,321,22,30,09,118,23*43
34269,$GPGLL,2601.84841,N,11911.58240,E,032041.00,A,A*6B
34720,$GPRMC,032042.00,A,2601.84835,N,11911.58236,E,0.121,,250626,,,A*74
34826,$GPVTG,,T,,M,0.121,N,0.224,K,A*25
34861,$GPGGA,032042.00,2601.84835,N,11911.58236,E,1,07,1.26,26.6,M,10.0,M,,*6E
34941,$GPGSA,A,3,21,05,09,25,06,11,30,,,,,,1.86,1.26,1.38*0F
34997,$GPGSV,4,1,15,05,44,272,22,06,38,074,29,07,03,081,,09,16,041,33*79
35069,$GPGSV,4,2,15,11,56,017,29,12,23,253,26,13,18,252,21,15,07,208,*73
35139,$GPGSV,4,3,15,17,07,146,24,19,35,148,17,20,30,191,,21,65,327,37*71
35210,$GPGSV,4,4,15,25,11,287,16,29,05,321,22,30,09,118,24*4A
35268,$GPGLL,2601.84835,N,11911.58236,E,032042.00,A,A*6A
37753,$GPRMC,032043.00,A,2601.84822,N,11911.58234,E,0.279,,250626,,,A*7F
37799,$GPVTG,,T,,M,0.279,N,0.516,K,A*2D
37803,$GPGGA,032043.00,2601.84822,N,11911.58234,E,1,07,1.26,26.3,M,10.0,M,,*6E
37808,$GPGSA,A,3,21,05,09,25,06,11,30,,,,,,1.86,1.26,1.38*0F
37812,$GPGSV,4,1,15,05,44,272,118,24*4B
37816,$GPGLL,2601.84805,N,11911.58227,E,032044.00,A,A*6F
37823,$GPRMC,032045.00,A,2601.84805,N,11911.58199,E,0.757,,250626,,,A*71
37826,$GPVTG,,T,,M,0.757,N,1.402,K,A*21
37861,$GPGGA,032045.00,2601.84805,N,11911.58199,E,1,07,1.26,25.1,M,10.0,M,,*68
37938,$GPGSA,A,3,21,05,09,25,06,11,30,,,,,,1.86,1.26,1.38*0F
37997,$GPGSV,4,1,15,05,44,272,23,06,38,074,29,07,03,081,,09,16,041,33*78
38067,$GPGSV,4,2,15,11,56,017,28,12,23,253,26,13,18,252,23,15,07,208,*70
38139,$GPGSV,4,3,15,17,07,146,24,19,35,148,16,20,30,191,18,21,65,327,37*79
38211,$GPGSV,4,4,15,25,11,287,15,29,05,321,22,30,09,118,24*49
38271,$GPGLL,2601.84805,N,11911.58199,E,032045.00,A,A*68
38720,$GPRMC,032046.00,A,2601.84790,N,11911.58214,E,0.076,,250626,,,A*73
38825,$GPVTG,,T,,M,0.076,N,0.140,K,A*27
38860,$GPGGA,032046.00,2601.84790,N,11911.58214,E,1,07,1.26,25.3,M,10.0,M,,*6C
38939,$GPGSA,A,3,21,05,09,25,06,11,30,,,,,,1.86,1.26,1.38*0F
38996,$GPGSV,4,1,15,05,44,272,23,06,38,074,29,07,03,081,,09,16,041,33*78
39070,$GPGSV,4,2,15,11,56,017,28,12,23,253,26,13,18,252,23,15,07,208,*70
39201,$GPGSV,4,3,15,17,07,146,24,19,35,148,15,20,30,191,18,21,65,327,37*7A
39214,$GPGSV,4,4,15,25,11,287,15,29,05,321,21,30,09,118,23*4D
39270,$GPGLL,2601.84790,N,11911.58214,E,032046.00,A,A*6E
39720,$GPRMC,032047.00,A,2601.84768,N,11911.58236,E,0.312,,250626,,,A*74
39823,$GPVTG,,T,,M,0.312,N,0.579,K,A*28
39860,$GPGGA,032047.00,2601.84768,N,11911.58236,E,1,07,1.26,25.4,M,10.0,M,,*6D
39937,$GPGSA,A,3,21,05,09,25,06,11,30,,,,,,1.86,1.26,1.38*0F
39996,$GPGSV,4,1,15,05,44,272,23,06,38,074,28,07,03,081,,09,16,041,33*79
40066,$GPGSV,4,2,15,11,56,017,27,12,23,253,26,13,18,252,22,15,07,208,*7E
# status,40 s,nmea,350,fix,80,utc,032047.00,mode,2
40142,$GPGSV,4,3,15,17,07,146,24,19,35,148,16,20,30,191,18,21,65,327,37*79
40287,$GPGSV,4,4,15,25,11,287,15,29,05,321,21,30,09,118,23*4D
40291,$GPGLL,2601.84768,N,11911.58236,E,032047.00,A,A*68
40720,$GPRMC,032048.00,A,2601.84757,N,11911.58239,E,0.669,,250626,,,A*71
40825,$GPVTG,,T,,M,0.669,N,1.239,K,A*23
40860,$GPGGA,032048.00,2601.84757,N,11911.58239,E,1,07,1.26,25.2,M,10.0,M,,*67
40937,$GPGSA,A,3,21,05,09,25,06,11,30,,,,,,1.86,1.26,1.38*0F
40996,$GPGSV,4,1,15,05,44,272,23,06,38,074,29,07,03,081,,09,16,041,33*78
41067,$GPGSV,4,2,15,11,56,017,27,12,23,253,26,13,18,252,22,15,07,208,*7E
41139,$GPGSV,4,3,15,17,07,146,24,19,35,148,18,20,30,191,18,21,65,327,37*77
41213,$GPGSV,4,4,15,25,11,287,15,29,05,321,21,30,09,118,23*4D
41353,$GPGLL,2601.84757,N,11911.58239,E,032048.00,A,A*64
41750,$GPRMC,032049.00,A,2601.84737,N,11911.58250,E,0.888,,250626,,,A*78
41825,$GPVTG,,T,,M,0.888,N,1.644,K,A*2C
41861,$GPGGA,032049.00,2601.84737,N,11911.58250,E,1,07,1.26,25.1,M,10.0,M,,*6C
41940,$GPGSA,A,3,21,05,09,25,06,11,30,,,,,,1.86,1.26,1.38*0F
41997,$GPGSV,4,1,15,05,44,272,23,06,38,074,29,07,03,081,,09,16,041,33*78
42068,$GPGSV,4,2,15,11,56,017,26,12,23,253,25,13,18,252,21,15,07,208,*7F
42140,$GPGSV,4,3,15,17,07,146,24,19,35,148,17,20,30,191,18,21,65,327,37*78
42211,$GPGSV,4,4,15,25,11,287,15,29,05,321,21,30,09,118,23*4D
42310,$GPGLL,2601.84737,N,11911.58250,E,032049.00,A,A*6C
42720,$GPRMC,032050.00,A,2601.84726,N,11911.58242,E,0.477,,250626,,,A*7F
42829,$GPVTG,,T,,M,0.477,N,0.884,K,A*23
42864,$GPGGA,032050.00,2601.84726,N,11911.58242,E,1,07,1.26,24.7,M,10.0,M,,*60
42943,$GPGSA,A,3,21,05,09,25,06,11,30,,,,,,1.86,1.26,1.38*0F
42999,$GPGSV,4,1,15,05,44,272,23,06,38,074,29,07,03,081,,09,16,041,33*78
43072,$GPGSV,4,2,15,11,56,017,26,12,23,253,25,13,18,252,21,15,07,208,*7F
43142,$GPGSV,4,3,15,17,07,146,24,19,35,148,17,20,30,191,19,21,65,327,37*79
43215,$GPGSV,4,4,15,25,11,287,14,29,05,321,20,30,09,118,23*4D
43273,$GPGLL,2601.84726,N,11911.58242,E,032050.00,A,A*67
43720,$GPRMC,032051.00,A,2601.84733,N,11911.58238,E,1.040,,250626,,,A*76
43878,$GPVTG,,T,,M,1.040,N,1.925,K,A*29
43882,$GPGGA,032051.00,2601.84733,N,11911.58238,E,1,07,1.26,24.6,M,10.0,M,,*69
43941,$GPGSA,A,3,21,05,09,25,06,11,30,,,,,,1.86,1.26,1.38*0F
44000,$GPGSV,4,1,15,05,44,272,22,06,38,074,29,07,03,081,,09,16,041,33*79
44072,$GPGSV,4,2,15,11,56,017,25,12,23,253,25,13,18,252,21,15,07,208,*7C
44142,$GPGSV,4,3,15,17,07,146,24,19,35,148,16,20,30,191,19,21,65,327,37*78
44215,$GPGSV,4,4,15,25,11,287,14,29,05,321,20,30,09,118,23*4D
44273,$GPGLL,2601.84733,N,11911.58238,E,032051.00,A,A*6F
44720,$GPRMC,032052.00,A,2601.84730,N,11911.58227,E,0.342,,250626,,,A*78
44825,$GPVTG,,T,,M,0.342,N,0.633,K,A*20
44861,$GPGGA,032052.00,2601.84730,N,11911.58227,E,1,07,1.26,24.2,M,10.0,M,,*63
44940,$GPGSA,A,3,21,05,09,25,06,11,30,,,,,,1.86,1.26,1.38*0F
44997,$GPGSV,4,1,15,05,44,272,22,06,38,074,29,07,03,081,,09,16,041,33*79
45068,$GPGSV,4,2,15,11,56,017,24,12,23,253,24,13,18,252,20,15,07,208,*7D
45140,$GPGSV,4,3,15,17,07,146,23,19,35,148,16,20,30,191,20,21,65,327,36*74
45211,$GPGSV,4,4,15,25,11,287,15,29,05,321,21,30,09,118,24*4A
45271,$GPGLL,2601.84730,N,11911.58227,E,032052.00,A,A*61
45720,$GPRMC,032053.00,A,2601.84738,N,11911.58194,E,0.516,,250626,,,A*7D
45826,$GPVTG,,T,,M,0.516,N,0.956,K,A*2B
45864,$GPGGA,032053.00,2601.84738,N,11911.58194,E,1,07,1.26,23.4,M,10.0,M,,*60
46001,$GPGSA,A,3,21,05,09,25,06,11,30,,,,,,1.86,1.26,1.38*0F
46004,$GPGSV,4,1,15,05,44,272,22,06,38,074,28,07,03,081,,09,16,041,34*7F
46070,$GPGSV,4,2,15,11,56,017,23,12,23,253,24,13,18,252,21,15,07,208,*7B
46139,$GPGSV,4,3,15,17,07,146,23,19,35,148,17,20,30,191,20,21,65,327,37*74
46213,$GPGSV,4,4,15,25,11,287,14,29,05,321,21,30,09,118,25*4A
46271,$GPGLL,2601.84738,N,11911.58194,E,032053.00,A,A*63
46720,$GPRMC,032054.00,A,2601.84764,N,11911.58206,E,0.549,,250626,,,A*71
46822,$GPVTG,,T,,M,0.549,N,1.016,K,A*2D
46859,$GPGGA,032054.00,2601.84764,N,11911.58206,E,1,06,1.55,23.8,M,10.0,M,,*6F
46936,$GPGSA,A,3,21,05,09,06,11,30,,,,,,,2.71,1.55,2.22*0F
46992,$GPGSV,4,1,15,05,44,272,21,06,38,074,29,07,03,081,,09,16,041,33*7A
47063,$GPGSV,4,2,15,11,56,017,22,12,23,253,24,13,18,252,20,15,07,208,*7B
47135,$GPGSV,4,3,15,17,07,146,23,19,35,148,17,20,30,191,20,21,65,327,36*75
47207,$GPGSV,4,4,15,25,11,287,13,29,05,321,21,30,09,118,26*4E
47266,$GPGLL,2601.84764,N,11911.58206,E,032054.00,A,A*65
47710,$GPRMC,032055.00,A,2601.84760,N,11911.58216,E,0.044,,250626,,,A*7D
47823,$GPVTG,,T,,M,0.044,N,0.082,K,A*29
47858,$GPGGA,032055.00,2601.84760,N,11911.58216,E,1,07,1.26,24.0,M,10.0,M,,*61
47937,$GPGSA,A,3,21,05,09,25,06,11,30,,,,,,1.86,1.26,1.38*0F
47998,$GPGSV,4,1,15,05,44,272,21,06,38,074,29,07,03,081,,09,16,041,33*7A
48152,$GPGSV,4,2,15,11,56,017,20,12,23,253,24,13,18,252,20,15,07,208,*79
48158,$GPGSV,4,3,15,17,07,146,24,19,35,148,17,20,30,191,20,21,65,327,36*72
48209,$GPGSV,4,4,15,25,11,287,13,29,05,321,21,30,09,118,26*4E
48269,$GPGLL,2601.84760,N,11911.58216,E,032055.00,A,A*61
48720,$GPRMC,032056.00,A,2601.84764,N,11911.58222,E,0.292,,250626,,,A*74
48825,$GPVTG,,T,,M,0.292,N,0.541,K,A*2A
48860,$GPGGA,032056.00,2601.84764,N,11911.58222,E,1,07,1.26,24.0,M,10.0,M,,*61
48939,$GPGSA,A,3,21,05,09,25,06,11,30,,,,,,1.86,1.26,1.37*00
48996,$GPGSV,4,1,15,05,44,272,20,06,38,074,29,07,03,081,,09,16,041,33*7B
49068,$GPGSV,4,2,15,11,56,017,17,12,23,253,23,13,18,252,20,15,07,208,*7A
49138,$GPGSV,4,3,15,17,07,146,24,19,35,148,17,20,30,191,21,21,65,327,36*73
49248,$GPGSV,4,4,15,25,11,287,16,29,05,321,21,30,09,118,26*4B
49270,$GPGLL,2601.84764,N,11911.58222,E,032056.00,A,A*61
49720,$GPRMC,032057.00,A,2601.84772,N,11911.58220,E,0.371,,250626,,,A*7C
49825,$GPVTG,,T,,M,0.371,N,0.686,K,A*2E
49862,$GPGGA,032057.00,2601.84772,N,11911.58220,E,1,07,1.26,23.9,M,10.0,M,,*6B
49939,$GPGSA,A,3,21,05,09,25,06,11,30,,,,,,1.86,1.26,1.37*00
49998,$GPGSV,4,1,15,05,44,272,20,06,38,074,29,07,03,081,,09,16,041,33*7B
50068,$GPGSV,4,2,15,11,56,017,17,12,23,253,23,13,18,252,20,15,07,208,*7A
# status,50 s,nmea,440,fix,100,utc,032057.00,mode,2
50186,$GPGSV,4,3,15,17,07,146,24,19,35,148,16,20,30,191,20,21,65,327,36*73
50258,$GPGSV,4,4,15,25,11,287,17,29,05,321,21,30,09,118,26*4A
50270,$GPGLL,2601.84772,N,11911.58220,E,032057.00,A,A*65
50720,$GPRMC,032058.00,A,2601.84776,N,11911.58229,E,0.660,,250626,,,A*7B
50823,$GPVTG,,T,,M,0.660,N,1.223,K,A*21
50860,$GPGGA,032058.00,2601.84776,N,11911.58229,E,1,06,1.30,24.1,M,10.0,M,,*60
50937,$GPGSA,A,3,21,05,09,25,06,30,,,,,,,1.98,1.30,1.50*09
50994,$GPGSV,4,1,15,05,44,272,20,06,38,074,29,07,03,081,,09,16,041,34*7C
51064,$GPGSV,4,2,15,11,56,017,15,12,23,253,22,13,18,252,21,15,07,208,*78
51136,$GPGSV,4,3,15,17,07,146,24,19,35,148,15,20,30,191,20,21,65,327,36*70
51208,$GPGSV,4,4,15,25,11,287,17,29,05,321,21,30,09,118,26*4A
51267,$GPGLL,2601.84776,N,11911.58229,E,032058.00,A,A*67
51720,$GPRMC,032059.00,A,2601.84774,N,11911.58213,E,0.546,,250626,,,A*76
51826,$GPVTG,,T,,M,0.546,N,1.011,K,A*25
51861,$GPGGA,032059.00,2601.84774,N,11911.58213,E,1,06,1.30,23.8,M,10.0,M,,*64
51942,$GPGSA,A,3,21,05,09,25,06,30,,,,,,,1.98,1.30,1.50*09
51995,$GPGSV,4,1,15,05,44,272,19,06,38,074,29,07,03,081,,09,16,041,34*76
52067,$GPGSV,4,2,15,11,56,017,,12,23,253,21,13,18,252,21,15,07,208,*7F
52135,$GPGSV,4,3,15,17,07,146,25,19,35,148,14,20,30,191,19,21,65,327,36*7A
52209,$GPGSV,4,4,15,25,11,287,17,29,05,321,21,30,09,118,26*4A
52269,$GPGLL,2601.84774,N,11911.58213,E,032059.00,A,A*6D
52670,$GPRMC,032100.00,A,2601.84780,N,11911.58192,E,0.699,,250626,,,A*7B
52829,$GPVTG,,T,,M,0.699,N,1.295,K,A*2A
52864,$GPGGA,032100.00,2601.84780,N,11911.58192,E,1,07,1.30,23.3,M,10.0,M,,*62
52942,$GPGSA,A,3,21,05,09,25,06,11,30,,,,,,1.98,1.30,1.50*09
53001,$GPGSV,4,1,15,05,44,272,18,06,38,074,29,07,03,081,,09,16,041,34*77
53072,$GPGSV,4,2,15,11,56,017,17,12,23,253,21,13,18,252,21,15,07,208,*79
53142,$GPGSV,4,3,15,17,07,146,25,19,35,148,14,20,30,191,20,21,65,327,36*70
53215,$GPGSV,4,4,15,25,11,287,17,29,05,321,21,30,09,118,26*4A
53273,$GPGLL,2601.84780,N,11911.58192,E,032100.00,A,A*61
53720,$GPRMC,032101.00,A,2601.84781,N,11911.58182,E,0.354,,250626,,,A*7E
53823,$GPVTG,,T,,M,0.354,N,0.656,K,A*24
53859,$GPGGA,032101.00,2601.84781,N,11911.58182,E,1,07,1.30,22.9,M,10.0,M,,*68
53938,$GPGSA,A,3,21,05,09,25,06,11,30,,,,,,1.98,1.30,1.50*09
53996,$GPGSV,4,1,15,05,44,273,17,06,38,074,29,07,03,081,,09,16,041,34*79
54066,$GPGSV,4,2,15,11,56,017,17,12,23,253,21,13,18,252,21,15,07,208,*79
54138,$GPGSV,4,3,15,17,07,146,25,19,35,148,15,20,30,191,19,21,65,327,36*7B
54210,$GPGSV,4,4,15,25,11,287,17,29,05,321,21,30,09,118,26*4A
54269,$GPGLL,2601.84781,N,11911.58182,E,032101.00,A,A*60
54720,$GPRMC,032102.00,A,2601.84783,N,11911.58177,E,0.801,,250626,,,A*7E
54827,$GPVTG,,T,,M,0.801,N,1.483,K,A*24
54940,$GPGGA,032102.00,2601.84783,N,11911.58177,E,1,07,1.30,22.8,M,10.0,M,,*62
54945,$GPGSA,A,3,21,05,09,25,06,11,30,,,,,,1.98,1.30,1.50*09
54996,$GPGSV,4,1,15,05,44,273,15,06,38,074,29,07,03,081,,09,16,041,33*7C
55068,$GPGSV,4,2,15,11,56,017,18,12,23,253,21,13,18,252,21,15,07,208,*76
55138,$GPGSV,4,3,15,17,07,146,25,19,35,148,15,20,30,191,20,21,65,327,36*71
55212,$GPGSV,4,4,15,25,11,287,17,29,05,321,22,30,09,118,26*49
55269,$GPGLL,2601.84783,N,11911.58177,E,032102.00,A,A*6B
55720,$GPRMC,032103.00,A,2601.84769,N,11911.58163,E,0.962,,250626,,,A*7A
55829,$GPVTG,,T,,M,0.962,N,1.782,K,A*22
55868,$GPGGA,032103.00,2601.84769,N,11911.58163,E,1,07,1.26,22.3,M,10.0,M,,*6E
55943,$GPGSA,A,3,21,05,09,25,06,11,30,,,,,,1.86,1.26,1.37*00
56002,$GPGSV,4,1,15,05,44,273,13,06,38,074,30,07,03,081,,09,16,041,34*75
56072,$GPGSV,4,2,15,11,56,017,20,12,23,253,21,13,18,252,21,15,07,208,*7D
56181,$GPGSV,4,3,15,17,07,146,25,19,35,148,15,20,30,191,19,21,65,327,36*7B
56217,$GPGSV,4,4,15,25,11,287,16,29,05,321,22,30,09,118,25*4B
56275,$GPGLL,2601.84769,N,11911.58163,E,032103.00,A,A*6B
56720,$GPRMC,032104.00,A,2601.84758,N,11911.58177,E,0.248,,250626,,,A*79
56825,$GPVTG,,T,,M,0.248,N,0.460,K,A*2F
56862,$GPGGA,032104.00,2601.84758,N,11911.58177,E,1,07,1.26,22.5,M,10.0,M,,*68
56941,$GPGSA,A,3,21,05,09,25,06,11,30,,,,,,1.86,1.26,1.37*00
57046,$GPGSV,4,1,15,05,44,273,13,06,38,074,30,07,03,081,,09,16,041,34*75
57068,$GPGSV,4,2,15,11,56,017,22,12,23,253,19,13,18,252,21,15,07,208,*74
57140,$GPGSV,4,3,15,17,07,146,25,19,35,148,14,20,30,191,19,21,65,327,36*7A
57212,$GPGSV,4,4,15,25,11,287,16,29,05,321,22,30,09,118,25*4B
57272,$GPGLL,2601.84758,N,11911.58177,E,032104.00,A,A*6B
57720,$GPRMC,032105.00,A,2601.84762,N,11911.58205,E,0.551,,250626,,,A*78
57825,$GPVTG,,T,,M,0.551,N,1.021,K,A*20
57860,$GPGGA,032105.00,2601.84762,N,11911.58205,E,1,07,1.26,23.0,M,10.0,M,,*62
57939,$GPGSA,A,3,21,05,09,25,06,11,30,,,,,,1.86,1.26,1.37*00
57996,$GPGSV,4,1,15,05,44,273,12,06,38,074,29,07,03,081,,09,16,040,34*7D
58068,$GPGSV,4,2,15,11,56,017,23,12,23,253,19,13,18,252,22,15,07,208,*76
58138,$GPGSV,4,3,15,17,07,146,24,19,35,148,13,20,30,191,19,21,65,327,36*7C
58212,$GPGSV,4,4,15,25,11,287,16,29,05,321,23,30,09,118,26*49
58269,$GPGLL,2601.84762,N,11911.58205,E,032105.00,A,A*65
58720,$GPRMC,032106.00,A,2601.84763,N,11911.58218,E,0.331,,250626,,,A*76
58825,$GPVTG,,T,,M,0.331,N,0.614,K,A*21
58862,$GPGGA,032106.00,2601.84763,N,11911.58218,E,1,07,1.26,23.2,M,10.0,M,,*6E
58939,$GPGSA,A,3,21,05,09,25,06,11,30,,,,,,1.86,1.26,1.37*00
58998,$GPGSV,4,1,15,05,44,273,10,06,38,074,30,07,03,081,,09,16,040,34*77
59070,$GPGSV,4,2,15,11,56,017,24,12,23,253,18,13,18,252,21,15,07,208,*73
59199,$GPGSV,4,3,15,17,07,146,25,19,35,148,15,20,30,191,19,21,65,327,35*78
59213,$GPGSV,4,4,15,25,11,287,15,29,05,321,23,30,09,118,26*4A
59270,$GPGLL,2601.84763,N,11911.58218,E,032106.00,A,A*6B
59720,$GPRMC,032107.00,A,2601.84761,N,11911.58220,E,0.425,,250626,,,A*7C
59824,$GPVTG,,T,,M,0.425,N,0.787,K,A*28
59860,$GPGGA,032107.00,2601.84761,N,11911.58220,E,1,07,1.26,23.2,M,10.0,M,,*66
59939,$GPGSA,A,3,21,05,09,25,06,11,30,,,,,,1.86,1.26,1.37*00
59997,$GPGSV,4,1,15,05,44,273,11,06,38,074,30,07,03,081,,09,16,040,34*76
60067,$GPGSV,4,2,15,11,56,018,25,12,23,253,18,13,18,252,21,15,07,208,*7D
60139,$GPGSV,4,3,15,17,07,146,24,19,35,148,15,20,30,191,19,21,65,327,36*7A
# status,60 s,nmea,531,fix,120,utc,032107.00,mode,2
60214,$GPGSV,4,4,15,25,11,287,15,29,05,321,23,30,09,118,26*4A
60345,$GPGLL,2601.84761,N,11911.58220,E,032107.00,A,A*63
60740,$GPRMC,032108.00,A,2601.84753,N,11911.58241,E,0.459,,250626,,,A*7E
60828,$GPVTG,,T,,M,0.459,N,0.849,K,A*2E
60864,$GPGGA,032108.00,2601.84753,N,11911.58241,E,1,07,1.26,23.7,M,10.0,M,,*6A
60943,$GPGSA,A,3,21,05,09,25,06,11,30,,,,,,1.86,1.26,1.37*00
61001,$GPGSV,4,1,15,05,44,273,14,06,38,074,30,07,03,081,,09,16,040,34*73
61071,$GPGSV,4,2,15,11,56,018,26,12,23,252,18,13,18,252,22,15,07,208,*7C
61143,$GPGSV,4,3,15,17,07,146,24,19,35,148,14,20,30,191,19,21,65,327,36*7B
61217,$GPGSV,4,4,15,25,11,287,15,29,05,321,24,30,09,118,26*4D
61360,$GPGLL,2601.84753,N,11911.58241,E,032108.00,A,A*6A
61660,$GPRMC,032109.00,A,2601.84746,N,11911.58251,E,0.618,,250626,,,A*7D
61830,$GPVTG,,T,,M,0.618,N,1.144,K,A*2C
61865,$GPGGA,032109.00,2601.84746,N,11911.58251,E,1,07,1.26,23.8,M,10.0,M,,*61
61944,$GPGSA,A,3,21,05,09,25,06,11,30,,,,,,1.86,1.26,1.37*00
62001,$GPGSV,4,1,15,05,44,273,16,06,38,074,30,07,03,081,,09,16,040,34*71
62073,$GPGSV,4,2,15,11,56,018,26,12,23,252,18,13,18,252,21,15,07,208,*7F
62143,$GPGSV,4,3,15,17,07,146,24,19,35,148,13,20,30,191,20,21,65,327,35*75
62217,$GPGSV,4,4,15,25,11,287,15,29,05,321,24,30,09,118,26*4D
62275,$GPGLL,2601.84746,N,11911.58251,E,032109.00,A,A*6E
62720,$GPRMC,032110.00,A,2601.84738,N,11911.58244,E,0.129,,250626,,,A*7D
62826,$GPVTG,,T,,M,0.129,N,0.239,K,A*21
62863,$GPGGA,032110.00,2601.84738,N,11911.58244,E,1,07,1.26,23.6,M,10.0,M,,*6A
62940,$GPGSA,A,3,21,05,09,25,06,11,30,,,,,,1.86,1.26,1.37*00
63039,$GPGSV,4,1,15,05,44,273,17,06,38,074,30,07,03,081,,09,16,040,34*70
63069,$GPGSV,4,2,15,11,56,018,26,12,23,252,17,13,18,252,21,15,07,208,*70
63141,$GPGSV,4,3,15,17,07,146,24,19,35,148,11,20,30,191,20,21,65,327,35*77
63214,$GPGSV,4,4,15,25,11,287,14,29,05,321,25,30,09,118,26*4D
63273,$GPGLL,2601.84738,N,11911.58244,E,032110.00,A,A*6B
63720,$GPRMC,032111.00,A,2601.84730,N,11911.58251,E,0.507,,250626,,,A*78
63875,$GPVTG,,T,,M,0.507,N,0.939,K,A*22
63878,$GPGGA,032111.00,2601.84730,N,11911.58251,E,1,07,1.26,23.7,M,10.0,M,,*66
63939,$GPGSA,A,3,21,05,09,25,06,11,30,,,,,,1.86,1.26,1.37*00
63996,$GPGSV,4,1,15,05,44,273,19,06,38,074,30,07,03,081,,09,16,040,34*7E
64068,$GPGSV,4,2,15,11,56,018,27,12,23,252,16,13,18,252,21,15,08,208,*7F
64139,$GPGSV,4,3,15,17,07,146,24,19,35,148,12,20,30,191,20,21,65,327,35*74
64211,$GPGSV,4,4,15,25,11,287,13,29,05,321,25,30,09,118,26*4A
64271,$GPGLL,2601.84730,N,11911.58251,E,032111.00,A,A*66
64720,$GPRMC,032112.00,A,2601.84721,N,11911.58258,E,0.520,,250626,,,A*77
64830,$GPVTG,,T,,M,0.520,N,0.963,K,A*28
64865,$GPGGA,032112.00,2601.84721,N,11911.58258,E,1,07,1.26,23.8,M,10.0,M,,*63
64944,$GPGSA,A,3,21,05,09,25,06,11,30,,,,,,1.86,1.26,1.37*00
65001,$GPGSV,4,1,15,05,44,273,19,06,38,074,31,07,03,081,,09,16,040,34*7F
65073,$GPGSV,4,2,15,11,56,018,27,12,23,252,16,13,18,252,21,15,08,208,*7F
65143,$GPGSV,4,3,15,17,07,146,24,19,35,148,09,20,30,191,20,21,65,327,35*7E
65217,$GPGSV,4,4,15,25,11,287,12,29,05,321,25,30,09,118,26*4B
65275,$GPGLL,2601.84721,N,11911.58258,E,032112.00,A,A*6C
65720,$GPRMC,032113.00,A,2601.84713,N,11911.58292,E,0.239,,250626,,,A*7E
65836,$GPVTG,,T,,M,0.239,N,0.443,K,A*28
65875,$GPGGA,032113.00,2601.84713,N,11911.58292,E,1,07,1.26,24.5,M,10.0,M,,*6F
66007,$GPGSA,A,3,21,05,09,25,06,11,30,,,,,,1.86,1.26,1.37*00
66012,$GPGSV,4,1,15,05,44,273,20,06,38,074,31,07,03,081,,09,16,040,33*72
66079,$GPGSV,4,2,15,11,56,018,28,12,23,252,15,13,18,252,21,15,08,208,*73
66151,$GPGSV,4,3,15,17,07,146,24,19,35,148,08,20,30,191,21,21,65,327,36*7D
66223,$GPGSV,4,4,15,25,11,287,13,29,05,321,25,30,09,118,26*4A
66283,$GPGLL,2601.84713,N,11911.58292,E,032113.00,A,A*6A
66730,$GPRMC,032114.00,A,2601.84698,N,11911.58304,E,0.181,,250626,,,A*75
66829,$GPVTG,,T,,M,0.181,N,0.335,K,A*2E
66864,$GPGGA,032114.00,2601.84698,N,11911.58304,E,1,07,1.26,24.7,M,10.0,M,,*66
66943,$GPGSA,A,3,21,05,09,25,06,11,30,,,,,,1.86,1.26,1.37*00
67000,$GPGSV,4,1,15,05,44,273,20,06,38,074,30,07,03,081,,09,16,040,33*73
67072,$GPGSV,4,2,15,11,56,018,29,12,23,252,17,13,18,252,21,15,08,208,*70
67143,$GPGSV,4,3,15,17,07,146,23,19,35,148,10,20,30,191,21,21,65,327,35*70
67216,$GPGSV,4,4,15,25,11,287,13,29,05,321,25,30,09,118,26*4A
67274,$GPGLL,2601.84698,N,11911.58304,E,032114.00,A,A*61
67720,$GPRMC,032115.00,A,2601.84683,N,11911.58296,E,0.541,,250626,,,A*7C
67823,$GPVTG,,T,,M,0.541,N,1.002,K,A*20
67858,$GPGGA,032115.00,2601.84683,N,11911.58296,E,1,07,1.26,24.4,M,10.0,M,,*64
67937,$GPGSA,A,3,21,05,09,25,06,11,30,,,,,,1.86,1.26,1.37*00
67996,$GPGSV,4,1,15,05,44,273,20,06,38,074,31,07,03,081,,09,16,040,33*72
68399,$GPGSV,4,2,15,11,56,018,29,12,23,252,17,13,18,252,21,15,08,208,*70
68404,$GPGSV,4,3,15,17,07,146,23,19,35,148,12,20,30,191,21,21,65,327,36*71
68410,$GPGSV,4,4,15,25,11,287,13,29,05,321,26,30,09,118,26*49
68414,$GPGLL,2601.84683,N,11911.58296,E,032115.00,A,A*60
68720,$GPRMC,032116.00,A,2601.84693,N,11911.58325,E,0.317,,250626,,,A*72
68829,$GPVTG,,T,,M,0.317,N,0.588,K,A*23
68866,$GPGGA,032116.00,2601.84693,N,11911.58325,E,1,07,1.26,25.1,M,10.0,M,,*6B
68943,$GPGSA,A,3,21,05,09,25,06,11,30,,,,,,1.86,1.26,1.37*00
69002,$GPGSV,4,1,15,05,44,273,19,06,38,074,31,07,03,081,,09,16,040,33*78
69072,$GPGSV,4,2,15,11,56,018,30,12,23,252,17,13,18,252,21,15,08,208,*78
69144,$GPGSV,4,3,15,17,07,146,23,19,35,148,13,20,31,191,20,21,65,327,35*73
69216,$GPGSV,4,4,15,25,11,287,13,29,05,321,26,30,09,118,25*4A
69276,$GPGLL,2601.84693,N,11911.58325,E,032116.00,A,A*6B
69720,$GPRMC,032117.00,A,2601.84667,N,11911.58324,E,0.356,,250626,,,A*7C
69828,$GPVTG,,T,,M,0.356,N,0.660,K,A*23
69863,$GPGGA,032117.00,2601.84667,N,11911.58324,E,1,07,1.26,25.0,M,10.0,M,,*61
69979,$GPGSA,A,3,21,05,09,25,06,11,30,,,,,,1.86,1.26,1.37*00
69999,$GPGSV,4,1,15,05,44,273,19,06,38,074,31,07,03,081,,09,16,040,33*78
70071,$GPGSV,4,2,15,11,56,018,30,12,23,252,17,13,18,252,21,15,08,208,*78
70143,$GPGSV,4,3,15,17,07,146,23,19,35,148,11,20,31,191,21,21,65,328,35*7F
# status,70 s,nmea,621,fix,140,utc,032117.00,mode,2
70258,$GPGSV,4,4,15,25,11,287,12,29,05,321,26,30,09,118,25*4B
70316,$GPGLL,2601.84667,N,11911.58324,E,032117.00,A,A*60
70720,$GPRMC,032118.00,A,2601.84652,N,11911.58337,E,0.425,,250626,,,A*74
70829,$GPVTG,,T,,M,0.425,N,0.787,K,A*28
70864,$GPGGA,032118.00,2601.84652,N,11911.58337,E,1,07,1.26,25.2,M,10.0,M,,*68
70943,$GPGSA,A,3,21,05,09,25,06,11,30,,,,,,1.86,1.26,1.37*00
71000,$GPGSV,4,1,15,05,44,273,20,06,38,074,31,07,03,081,,09,16,040,33*72
71072,$GPGSV,4,2,15,11,56,018,30,12,23,252,17,13,18,252,21,15,08,208,*78
71145,$GPGSV,4,3,15,17,07,146,23,19,35,148,09,20,31,191,21,21,65,328,35*76
71215,$GPGSV,4,4,15,25,11,287,10,29,05,321,26,30,09,118,24*48
71275,$GPGLL,2601.84652,N,11911.58337,E,032118.00,A,A*6B
71720,$GPRMC,032119.00,A,2601.84644,N,11911.58368,E,0.553,,250626,,,A*78
71823,$GPVTG,,T,,M,0.553,N,1.024,K,A*27
71858,$GPGGA,032119.00,2601.84644,N,11911.58368,E,1,06,1.55,25.8,M,10.0,M,,*6B
71937,$GPGSA,A,3,21,05,09,06,11,30,,,,,,,2.70,1.55,2.21*0D
71991,$GPGSV,4,1,15,05,44,273,19,06,38,074,31,07,03,081,,09,16,040,33*78
72064,$GPGSV,4,2,15,11,56,018,30,12,23,252,17,13,18,252,21,15,08,208,*78
72134,$GPGSV,4,3,15,17,07,146,23,19,35,148,09,20,31,191,20,21,65,328,36*74
72207,$GPGSV,4,4,15,25,11,287,09,29,05,321,26,30,09,118,24*40
72267,$GPGLL,2601.84644,N,11911.58368,E,032119.00,A,A*67
72670,$GPRMC,032120.00,A,2601.84625,N,11911.58396,E,0.564,,250626,,,A*70
72820,$GPVTG,,T,,M,0.564,N,1.044,K,A*25
72858,$GPGGA,032120.00,2601.84625,N,11911.58396,E,1,06,1.55,26.4,M,10.0,M,,*68
72934,$GPGSA,A,3,21,05,09,06,11,30,,,,,,,2.70,1.55,2.21*0D
72991,$GPGSV,4,1,15,05,44,273,20,06,38,074,31,07,03,081,,09,16,040,33*72
73061,$GPGSV,4,2,15,11,56,018,30,12,23,252,17,13,18,252,22,15,08,208,*7B
73133,$GPGSV,4,3,15,17,07,146,22,19,35,148,13,20,31,191,19,21,65,328,35*77
73205,$GPGSV,4,4,15,25,11,287,,29,05,321,27,30,09,118,24*48
73263,$GPGLL,2601.84625,N,11911.58396,E,032120.00,A,A*6B
73710,$GPRMC,032121.00,A,2601.84610,N,11911.58403,E,0.140,,250626,,,A*7E
73825,$GPVTG,,T,,M,0.140,N,0.260,K,A*22
73860,$GPGGA,032121.00,2601.84610,N,11911.58403,E,1,07,1.55,26.6,M,10.0,M,,*67
73939,$GPGSA,A,3,21,05,09,25,06,11,30,,,,,,2.70,1.55,2.21*0A
73996,$GPGSV,4,1,15,05,44,273,20,06,38,074,30,07,03,081,,09,16,040,33*73
74068,$GPGSV,4,2,15,11,56,018,30,12,23,252,17,13,18,252,23,15,08,208,*7A
74138,$GPGSV,4,3,15,17,07,146,22,19,35,148,14,20,31,191,20,21,65,328,36*79
74212,$GPGSV,4,4,15,25,10,286,16,29,05,321,27,30,09,118,24*4F
74270,$GPGLL,2601.84610,N,11911.58403,E,032121.00,A,A*67
74720,$GPRMC,032122.00,A,2601.84596,N,11911.58411,E,0.108,,250626,,,A*7F
74829,$GPVTG,,T,,M,0.108,N,0.200,K,A*28
74947,$GPGGA,032122.00,2601.84596,N,11911.58411,E,1,07,1.55,26.8,M,10.0,M,,*64
74952,$GPGSA,A,3,21,05,09,25,06,11,30,,,,,,2.70,1.55,2.21*0A
75000,$GPGSV,4,1,15,05,44,273,20,06,38,074,30,07,03,081,,09,16,040,33*73
75070,$GPGSV,4,2,15,11,56,018,30,12,23,252,17,13,18,252,23,15,08,208,*7A
75142,$GPGSV,4,3,15,17,07,146,23,19,35,148,14,20,31,191,20,21,65,328,36*78
75215,$GPGSV,4,4,15,25,10,286,17,29,05,321,26,30,09,118,24*4F
75272,$GPGLL,2601.84596,N,11911.58411,E,032122.00,A,A*6A
75720,$GPRMC,032123.00,A,2601.84595,N,11911.58425,E,0.116,,250626,,,A*75
75825,$GPVTG,,T,,M,0.116,N,0.215,K,A*23
75861,$GPGGA,032123.00,2601.84595,N,11911.58425,E,1,07,1.55,27.2,M,10.0,M,,*6A
75940,$GPGSA,A,3,21,05,09,25,06,11,30,,,,,,2.70,1.55,2.21*0A
75997,$GPGSV,4,1,15,05,44,273,19,06,38,074,30,07,03,081,,09,16,040,32*78
76069,$GPGSV,4,2,15,11,56,018,31,12,23,252,17,13,18,252,23,15,08,208,*7B
76140,$GPGSV,4,3,15,17,07,146,23,19,35,148,14,20,31,191,20,21,65,328,36*78
76212,$GPGSV,4,4,15,25,10,286,18,29,05,321,26,30,09,118,24*40
76272,$GPGLL,2601.84595,N,11911.58425,E,032123.00,A,A*6F
76720,$GPRMC,032124.00,A,2601.84590,N,11911.58410,E,0.771,,250626,,,A*76
76869,$GPVTG,,T,,M,0.771,N,1.428,K,A*2D
76872,$GPGGA,032124.00,2601.84590,N,11911.58410,E,1,07,1.26,27.0,M,10.0,M,,*68
76947,$GPGSA,A,3,21,05,09,25,06,11,30,,,,,,1.86,1.26,1.37*00
77043,$GPGSV,4,1,15,05,44,273,18,06,38,074,30,07,03,081,,09,16,040,33*78
77075,$GPGSV,4,2,15,11,56,018,31,12,23,252,19,13,18,252,23,15,08,208,*75
77144,$GPGSV,4,3,15,17,07,146,24,19,35,148,12,20,31,191,19,21,65,328,35*70
77218,$GPGSV,4,4,15,25,10,286,18,29,05,321,27,30,09,118,24*41
77276,$GPGLL,2601.84590,N,11911.58410,E,032124.00,A,A*6B
77730,$GPRMC,032125.00,A,2601.84582,N,11911.58404,E,0.676,,250626,,,A*77
77824,$GPVTG,,T,,M,0.676,N,1.252,K,A*20
77861,$GPGGA,032125.00,2601.84582,N,11911.58404,E,1,07,1.26,27.0,M,10.0,M,,*6F
77938,$GPGSA,A,3,21,05,09,25,06,11,30,,,,,,1.86,1.26,1.37*00
77997,$GPGSV,4,1,15,05,44,273,15,06,38,074,29,07,03,081,,09,16,040,33*7D
78067,$GPGSV,4,2,15,11,56,018,31,12,23,252,19,13,18,252,23,15,08,208,*75
78139,$GPGSV,4,3,15,17,07,146,24,19,35,148,10,20,31,191,18,21,65,328,36*70
78212,$GPGSV,4,4,15,25,10,286,18,29,05,321,27,30,09,118,25*40
78269,$GPGLL,2601.84582,N,11911.58404,E,032125.00,A,A*6C
78720,$GPRMC,032126.00,A,2601.84570,N,11911.58397,E,0.209,,250626,,,A*78
78826,$GPVTG,,T,,M,0.209,N,0.388,K,A*2B
78861,$GPGGA,032126.00,2601.84570,N,11911.58397,E,1,07,1.26,26.9,M,10.0,M,,*64
78940,$GPGSA,A,3,21,05,09,25,06,11,30,,,,,,1.86,1.26,1.37*00
78997,$GPGSV,4,1,15,05,44,273,14,06,38,074,29,07,03,081,,09,16,040,33*7C
79073,$GPGSV,4,2,15,11,56,018,31,12,23,252,19,13,18,252,23,15,08,208,*75
79196,$GPGSV,4,3,15,17,07,146,24,19,35,148,11,20,31,191,18,21,65,328,36*71
79212,$GPGSV,4,4,15,25,10,286,19,29,05,321,27,30,09,118,25*41
79272,$GPGLL,2601.84570,N,11911.58397,E,032126.00,A,A*6F
79720,$GPRMC,032127.00,A,2601.84560,N,11911.58400,E,0.397,,250626,,,A*77
79829,$GPVTG,,T,,M,0.397,N,0.735,K,A*2F
79864,$GPGGA,032127.00,2601.84560,N,11911.58400,E,1,07,1.26,27.0,M,10.0,M,,*65
79943,$GPGSA,A,3,21,05,09,25,06,11,30,,,,,,1.86,1.26,1.37*00
80000,$GPGSV,4,1,15,05,44,273,13,06,38,074,29,07,03,081,,09,16,040,33*7B
80072,$GPGSV,4,2,15,11,56,018,32,12,23,252,20,13,18,252,23,15,08,208,*7C
80142,$GPGSV,4,3,15,17,07,146,23,19,35,148,12,20,31,191,18,21,65,328,36*75
80216,$GPGSV,4,4,15,25,10,286,21,29,05,321,27,30,09,118,25*4A
# status,80 s,nmea,712,fix,160,utc,032127.00,mode,2
80277,$GPGLL,2601.84560,N,11911.58400,E,032127.00,A,A*66
80690,$GPRMC,032128.00,A,2601.84553,N,11911.58400,E,0.572,,250626,,,A*75
80829,$GPVTG,,T,,M,0.572,N,1.059,K,A*2E
80864,$GPGGA,032128.00,2601.84553,N,11911.58400,E,1,07,1.26,27.1,M,10.0,M,,*6B
80943,$GPGSA,A,3,21,05,09,25,06,11,30,,,,,,1.86,1.26,1.37*00
81000,$GPGSV,4,1,15,05,44,273,15,06,38,074,29,07,03,081,,09,16,040,33*7D
81072,$GPGSV,4,2,15,11,56,018,32,12,23,252,21,13,18,252,23,15,08,208,*7D
81142,$GPGSV,4,3,15,17,07,146,23,19,35,148,10,20,31,191,17,21,65,328,36*78
81218,$GPGSV,4,4,15,25,10,286,21,29,05,321,27,30,09,118,25*4A
81347,$GPGLL,2601.84553,N,11911.58400,E,032128.00,A,A*69
81750,$GPRMC,032129.00,A,2601.84534,N,11911.58403,E,0.514,,250626,,,A*76
81825,$GPVTG,,T,,M,0.514,N,0.953,K,A*2C
81862,$GPGGA,032129.00,2601.84534,N,11911.58403,E,1,07,1.26,27.1,M,10.0,M,,*68
81939,$GPGSA,A,3,21,05,09,25,06,11,30,,,,,,1.86,1.26,1.37*00
81998,$GPGSV,4,1,15,05,44,273,16,06,38,074,30,07,03,081,,09,16,040,33*76
82068,$GPGSV,4,2,15,11,56,018,33,12,23,252,21,13,18,252,23,15,08,208,*7C
82140,$GPGSV,4,3,15,17,07,146,23,19,35,148,09,20,31,191,18,21,65,328,35*7C
82212,$GPGSV,4,4,15,25,10,286,22,29,05,321,28,30,09,118,25*46
82272,$GPGLL,2601.84534,N,11911.58403,E,032129.00,A,A*6A
82720,$GPRMC,032130.00,A,2601.84518,N,11911.58410,E,0.251,,250626,,,A*74
82828,$GPVTG,,T,,M,0.251,N,0.466,K,A*21
82863,$GPGGA,032130.00,2601.84518,N,11911.58410,E,1,07,1.26,27.3,M,10.0,M,,*6E
82942,$GPGSA,A,3,21,05,09,25,06,11,30,,,,,,1.86,1.26,1.37*00
83001,$GPGSV,4,1,15,05,44,273,17,06,38,074,30,07,03,081,,09,16,040,33*77
83071,$GPGSV,4,2,15,11,56,018,32,12,23,252,21,13,18,252,23,15,08,208,*7D
83141,$GPGSV,4,3,15,17,07,146,23,19,35,148,08,20,31,191,18,21,65,328,36*7E
83215,$GPGSV,4,4,15,25,10,286,22,29,05,321,28,30,09,118,25*46
83311,$GPGLL,2601.84518,N,11911.58410,E,032130.00,A,A*6E
83720,$GPRMC,032131.00,A,2601.84492,N,11911.58409,E,0.763,,250626,,,A*7A
83873,$GPVTG,,T,,M,0.763,N,1.412,K,A*27
83876,$GPGGA,032131.00,2601.84492,N,11911.58409,E,1,07,1.26,27.2,M,10.0,M,,*65
83947,$GPGSA,A,3,21,05,09,25,06,11,30,,,,,,1.86,1.26,1.37*00
84003,$GPGSV,4,1,15,05,44,273,17,06,38,074,30,07,03,081,,09,16,040,33*77
84076,$GPGSV,4,2,15,11,56,018,32,12,23,252,21,13,18,252,23,15,08,208,*7D
84146,$GPGSV,4,3,15,17,07,146,23,19,35,148,08,20,31,191,18,21,65,328,36*7E
84219,$GPGSV,4,4,15,25,10,286,22,29,05,321,28,30,09,118,25*46
84277,$GPGLL,2601.84492,N,11911.58409,E,032131.00,A,A*64
84730,$GPRMC,032132.00,A,2601.84479,N,11911.58396,E,0.696,,250626,,,A*76
84825,$GPVTG,,T,,M,0.696,N,1.289,K,A*28
84862,$GPGGA,032132.00,2601.84479,N,11911.58396,E,1,07,1.26,27.0,M,10.0,M,,*60
84939,$GPGSA,A,3,21,05,09,25,06,11,30,,,,,,1.86,1.26,1.37*00
84998,$GPGSV,4,1,15,05,44,273,17,06,38,074,30,07,03,081,,09,16,040,33*77
85068,$GPGSV,4,2,15,11,56,018,31,12,23,252,21,13,18,252,23,15,08,208,*7E
85140,$GPGSV,4,3,15,17,07,146,23,19,35,148,09,20,31,191,18,21,65,328,36*7F
85212,$GPGSV,4,4,15,25,10,286,23,29,05,321,28,30,09,118,25*47
85272,$GPGLL,2601.84479,N,11911.58396,E,032132.00,A,A*63
85720,$GPRMC,032133.00,A,2601.84472,N,11911.58395,E,0.139,,250626,,,A*7D
85828,$GPVTG,,T,,M,0.139,N,0.258,K,A*27
85865,$GPGGA,032133.00,2601.84472,N,11911.58395,E,1,07,1.26,27.0,M,10.0,M,,*69
85995,$GPGSA,A,3,21,05,09,25,06,11,30,,,,,,1.86,1.26,1.37*00
85999,$GPGSV,4,1,15,05,44,273,17,06,38,074,30,07,03,081,,09,16,040,33*77
86071,$GPGSV,4,2,15,11,56,018,31,12,23,252,22,13,18,252,22,15,08,208,*7C
86141,$GPGSV,4,3,15,17,07,146,22,19,35,148,09,20,31,191,18,21,65,328,36*7E
86215,$GPGSV,4,4,15,25,10,286,23,29,05,321,28,30,09,118,25*47
86274,$GPGLL,2601.84472,N,11911.58395,E,032133.00,A,A*6A
86720,$GPRMC,032134.00,A,2601.84456,N,11911.58395,E,0.181,,250626,,,A*7F
86825,$GPVTG,,T,,M,0.181,N,0.335,K,A*2E
86860,$GPGGA,032134.00,2601.84456,N,11911.58395,E,1,07,1.26,27.2,M,10.0,M,,*6A
86940,$GPGSA,A,3,21,05,09,25,06,11,30,,,,,,1.86,1.26,1.37*00
86995,$GPGSV,4,1,15,05,44,273,16,06,38,074,30,07,03,081,,09,16,040,32*77
87068,$GPGSV,4,2,15,11,56,018,31,12,23,252,22,13,18,252,22,15,08,208,*7C
87138,$GPGSV,4,3,15,17,07,146,22,19,35,148,09,20,31,191,18,21,65,328,36*7E
87211,$GPGSV,4,4,15,25,10,286,23,29,05,321,28,30,09,118,25*47
87269,$GPGLL,2601.84456,N,11911.58395,E,032134.00,A,A*6B
87720,$GPRMC,032135.00,A,2601.84431,N,11911.58393,E,0.426,,250626,,,A*71
87825,$GPVTG,,T,,M,0.426,N,0.788,K,A*24
87862,$GPGGA,032135.00,2601.84431,N,11911.58393,E,1,07,1.26,27.2,M,10.0,M,,*6C
87939,$GPGSA,A,3,21,05,09,25,06,11,30,,,,,,1.86,1.26,1.37*00
88000,$GPGSV,4,1,15,05,44,273,20,06,38,074,31,07,03,081,,09,16,040,33*72
88146,$GPGSV,4,2,15,11,56,018,30,12,23,252,22,13,18,252,21,15,08,208,*7E
88152,$GPGSV,4,3,15,17,07,146,23,19,35,148,09,20,31,191,18,21,65,328,36*7F
88212,$GPGSV,4,4,15,25,10,286,23,29,05,321,28,30,09,118,25*47
88272,$GPGLL,2601.84431,N,11911.58393,E,032135.00,A,A*6D
88720,$GPRMC,032136.00,A,2601.84413,N,11911.58396,E,0.736,,250626,,,A*75
88826,$GPVTG,,T,,M,0.736,N,1.364,K,A*21
88861,$GPGGA,032136.00,2601.84413,N,11911.58396,E,1,07,1.26,27.4,M,10.0,M,,*6C
88940,$GPGSA,A,3,21,05,09,25,06,11,30,,,,,,1.86,1.26,1.37*00
88997,$GPGSV,4,1,15,05,44,273,22,06,38,074,31,07,03,081,,09,16,040,33*70
89069,$GPGSV,4,2,15,11,56,018,30,12,23,252,22,13,18,252,22,15,08,208,*7D
89139,$GPGSV,4,3,15,17,07,146,23,19,35,148,09,20,31,191,18,21,65,328,36*7F
89213,$GPGSV,4,4,15,25,10,286,23,29,05,321,28,30,09,118,25*47
89270,$GPGLL,2601.84413,N,11911.58396,E,032136.00,A,A*6B
89720,$GPRMC,032137.00,A,2601.84405,N,11911.58399,E,0.157,,250626,,,A*7D
89825,$GPVTG,,T,,M,0.157,N,0.290,K,A*2B
89862,$GPGGA,032137.00,2601.84405,N,11911.58399,E,1,07,1.26,27.7,M,10.0,M,,*66
89939,$GPGSA,A,3,21,05,09,25,06,11,30,,,,,,1.86,1.26,1.37*00
89998,$GPGSV,4,1,15,05,44,273,23,06,38,074,30,07,03,081,,09,16,040,32*71
90068,$GPGSV,4,2,15,11,56,018,29,12,23,252,22,13,18,252,22,15,08,208,*75
90142,$GPGSV,4,3,15,17,07,146,23,19,35,148,09,20,31,191,18,21,65,328,36*7F
90338,$GPGSV,4,4,15,25,10,286,22,29,05,321,28,30,09,118,26*45
# status,90 s,nmea,802,fix,180,utc,032137.00,mode,2
90353,$GPGLL,2601.84405,N,11911.58399,E,032137.00,A,A*62
90700,$GPRMC,032138.00,A,2601.84388,N,11911.58394,E,0.211,,250626,,,A*7C
90827,$GPVTG,,T,,M,0.211,N,0.391,K,A*2A
90861,$GPGGA,032138.00,2601.84388,N,11911.58394,E,1,07,1.26,27.7,M,10.0,M,,*66
90938,$GPGSA,A,3,21,05,09,25,06,11,30,,,,,,1.86,1.26,1.37*00
90998,$GPGSV,4,1,15,05,44,273,25,06,38,074,30,07,03,081,,09,16,040,32*77
91069,$GPGSV,4,2,15,11,56,018,28,12,23,252,22,13,18,252,22,15,08,208,*74
91139,$GPGSV,4,3,15,17,07,146,23,19,35,148,09,20,31,191,18,21,65,328,35*7C
91212,$GPGSV,4,4,15,25,10,286,22,29,05,321,28,30,09,118,26*45
91270,$GPGLL,2601.84388,N,11911.58394,E,032138.00,A,A*62
91720,$GPRMC,032139.00,A,2601.84382,N,11911.58402,E,0.326,,250626,,,A*7A
91826,$GPVTG,,T,,M,0.326,N,0.604,K,A*26
91862,$GPGGA,032139.00,2601.84382,N,11911.58402,E,1,07,1.26,28.2,M,10.0,M,,*6F
91941,$GPGSA,A,3,21,05,09,25,06,11,30,,,,,,1.86,1.26,1.37*00
91999,$GPGSV,4,1,15,05,44,273,26,06,38,074,30,07,03,081,,09,16,040,33*75
92069,$GPGSV,4,2,15,11,56,018,28,12,23,252,21,13,18,252,22,15,08,208,*77
92141,$GPGSV,4,3,15,17,07,146,24,19,35,148,09,20,31,191,18,21,65,328,35*7B
92213,$GPGSV,4,4,15,25,10,286,22,29,05,321,29,30,09,118,26*44
92275,$GPGLL,2601.84382,N,11911.58402,E,032139.00,A,A*61
92723,$GPRMC,032140.00,A,2601.84380,N,11911.58411,E,0.603,,250626,,,A*76
92828,$GPVTG,,T,,M,0.603,N,1.117,K,A*20
92863,$GPGGA,032140.00,2601.84380,N,11911.58411,E,1,07,1.26,28.8,M,10.0,M,,*6B
92942,$GPGSA,A,3,21,05,09,25,06,11,30,,,,,,1.86,1.26,1.37*00
92999,$GPGSV,4,1,15,05,44,273,26,06,38,074,30,07,03,081,,09,16,040,33*75
93071,$GPGSV,4,2,15,11,56,018,28,12,23,252,21,13,18,252,23,15,08,208,*76
93141,$GPGSV,4,3,15,17,07,146,24,19,35,148,09,20,31,191,16,21,65,328,35*75
93215,$GPGSV,4,4,15,25,10,286,21,29,05,321,29,30,09,118,26*47
93273,$GPGLL,2601.84380,N,11911.58411,E,032140.00,A,A*6F
93720,$GPRMC,032141.00,A,2601.84380,N,11911.58417,E,0.456,,250626,,,A*73
93824,$GPVTG,,T,,M,0.456,N,0.844,K,A*2C
93861,$GPGGA,032141.00,2601.84380,N,11911.58417,E,1,07,1.26,29.2,M,10.0,M,,*67
93938,$GPGSA,A,3,21,05,09,25,06,11,30,,,,,,1.86,1.26,1.37*00
93997,$GPGSV,4,1,15,05,44,273,25,06,38,074,30,07,03,081,,09,16,040,32*77
94067,$GPGSV,4,2,15,11,56,018,28,12,23,252,20,13,18,252,23,15,08,208,*77
94139,$GPGSV,4,3,15,17,07,146,24,19,35,148,09,20,31,191,17,21,65,328,35*74
94212,$GPGSV,4,4,15,25,10,286,21,29,05,321,29,30,09,118,26*47
94269,$GPGLL,2601.84380,N,11911.58417,E,032141.00,A,A*68
94720,$GPRMC,032142.00,A,2601.84383,N,11911.58425,E,0.399,,250626,,,A*76
94828,$GPVTG,,T,,M,0.399,N,0.738,K,A*2C
94934,$GPGGA,032142.00,2601.84383,N,11911.58425,E,1,07,1.26,29.8,M,10.0,M,,*6C
94941,$GPGSA,A,3,21,05,09,25,06,11,30,,,,,,1.86,1.26,1.37*00
94997,$GPGSV,4,1,15,05,44,273,25,06,38,074,29,07,03,081,,09,16,040,32*7F
95070,$GPGSV,4,2,15,11,56,018,27,12,23,252,19,13,18,252,24,15,08,208,*75
95141,$GPGSV,4,3,15,17,07,146,24,19,35,148,09,20,31,191,17,21,65,328,35*74
95212,$GPGSV,4,4,15,25,10,286,21,29,05,321,29,30,09,118,27*46
95272,$GPGLL,2601.84383,N,11911.58425,E,032142.00,A,A*69
95720,$GPRMC,032143.00,A,2601.84379,N,11911.58427,E,0.289,,250626,,,A*70
95833,$GPVTG,,T,,M,0.289,N,0.535,K,A*23
95868,$GPGGA,032143.00,2601.84379,N,11911.58427,E,1,07,1.26,30.1,M,10.0,M,,*6B
95947,$GPGSA,A,3,21,05,09,25,06,11,30,,,,,,1.86,1.26,1.37*00
96004,$GPGSV,4,1,15,05,44,273,24,06,38,074,29,07,03,081,,09,16,040,32*7E
96076,$GPGSV,4,2,15,11,56,018,27,12,23,252,20,13,18,252,24,15,08,208,*7F
96146,$GPGSV,4,3,15,17,07,146,24,19,35,148,09,20,31,191,16,21,65,328,35*75
96220,$GPGSV,4,4,15,25,10,286,20,29,05,321,29,30,09,118,27*47
96278,$GPGLL,2601.84379,N,11911.58427,E,032143.00,A,A*6F
96730,$GPRMC,032144.00,A,2601.84373,N,11911.58438,E,0.330,,250626,,,A*70
96827,$GPVTG,,T,,M,0.330,N,0.612,K,A*26
96864,$GPGGA,032144.00,2601.84373,N,11911.58438,E,1,07,1.26,30.8,M,10.0,M,,*61
96943,$GPGSA,A,3,21,05,09,25,06,11,30,,,,,,1.86,1.26,1.37*00
97087,$GPGSV,4,1,15,05,44,273,24,06,38,074,29,07,03,081,,09,16,040,32*7E
97091,$GPGSV,4,2,15,11,56,018,27,12,23,252,20,13,18,252,23,15,08,208,*78
97179,$GPGSV,4,3,15,17,07,146,24,19,35,148,12,20,31,191,16,21,65,328,35*7F
97215,$GPGSV,4,4,15,25,10,286,20,29,05,321,29,30,09,118,27*47
97272,$GPGLL,2601.84373,N,11911.58438,E,032144.00,A,A*6C
97720,$GPRMC,032145.00,A,2601.84367,N,11911.58449,E,0.607,,250626,,,A*73
97826,$GPVTG,,T,,M,0.607,N,1.124,K,A*24
97861,$GPGGA,032145.00,2601.84367,N,11911.58449,E,1,07,1.26,31.3,M,10.0,M,,*69
97940,$GPGSA,A,3,21,05,09,25,06,11,30,,,,,,1.86,1.26,1.37*00
97996,$GPGSV,4,1,15,05,44,273,25,06,38,074,29,07,03,081,,09,16,040,32*7F
98069,$GPGSV,4,2,15,11,56,018,27,12,23,252,20,13,18,252,23,15,08,208,*78
98140,$GPGSV,4,3,15,17,07,146,23,19,35,148,12,20,31,191,14,21,65,328,35*7A
98211,$GPGSV,4,4,15,25,10,286,21,29,05,321,29,30,09,118,26*47
98273,$GPGLL,2601.84367,N,11911.58449,E,032145.00,A,A*6E
98720,$GPRMC,032146.00,A,2601.84368,N,11911.58442,E,0.052,,250626,,,A*72
98825,$GPVTG,,T,,M,0.052,N,0.097,K,A*2A
98860,$GPGGA,032146.00,2601.84368,N,11911.58442,E,1,07,1.26,31.4,M,10.0,M,,*69
98939,$GPGSA,A,3,21,05,09,25,06,11,30,,,,,,1.86,1.26,1.37*00
98996,$GPGSV,4,1,15,05,44,273,25,06,38,074,29,07,03,081,,09,16,040,31*7C
99070,$GPGSV,4,2,15,11,56,018,28,12,23,252,19,13,18,252,23,15,08,208,*7D
99193,$GPGSV,4,3,15,17,07,146,23,19,35,148,12,20,31,191,15,21,65,328,35*7B
99212,$GPGSV,4,4,15,25,10,286,21,29,05,321,29,30,09,118,26*47
99269,$GPGLL,2601.84368,N,11911.58442,E,032146.00,A,A*69
99720,$GPRMC,032147.00,A,2601.84360,N,11911.58436,E,0.333,,250626,,,A*7C
99824,$GPVTG,,T,,M,0.333,N,0.617,K,A*20
99861,$GPGGA,032147.00,2601.84360,N,11911.58436,E,1,07,1.26,31.5,M,10.0,M,,*62
99938,$GPGSA,A,3,21,05,09,25,06,11,30,,,,,,1.86,1.26,1.37*00
99997,$GPGSV,4,1,15,05,44,273,25,06,38,074,29,07,03,081,,09,16,040,31*7C
100067,$GPGSV,4,2,15,11,56,018,28,12,23,252,19,13,18,252,23,15,08,208,*7D
100139,$GPGSV,4,3,15,17,07,146,23,19,35,148,12,20,31,191,15,21,65,328,35*7B
100211,$GPGSV,4,4,15,25,10,286,21,29,05,321,29,30,09,118,26*47
100271,$GPGLL,2601.84360,N,11911.58436,E,032147.00,A,A*63
# status,100 s,nmea,893,fix,200,utc,032147.00,mode,2
100720,$GPRMC,032148.00,A,2601.84353,N,11911.58442,E,0.260,,250626,,,A*77
100890,$GPVTG,,T,,M,0.260,N,0.481,K,A*2A
100903,$GPGGA,032148.00,2601.84353,N,11911.58442,E,1,07,1.26,31.9,M,10.0,M,,*62
100941,$GPGSA,A,3,21,05,09,25,06,11,30,,,,,,1.86,1.26,1.37*00
101000,$GPGSV,4,1,15,05,44,273,25,06,38,074,30,07,03,081,,09,16,040,31*74
101070,$GPGSV,4,2,15,11,56,018,29,12,23,252,19,13,18,252,23,15,08,208,*7C
101142,$GPGSV,4,3,15,17,07,146,24,19,35,148,12,20,31,191,15,21,65,328,35*7C
101216,$GPGSV,4,4,15,25,10,286,22,29,05,321,30,30,09,118,26*4C
101345,$GPGLL,2601.84353,N,11911.58442,E,032148.00,A,A*6F
101740,$GPRMC,032149.00,A,2601.84323,N,11911.58502,E,0.352,,250626,,,A*74
101836,$GPVTG,,T,,M,0.352,N,0.653,K,A*27
101872,$GPGGA,032149.00,2601.84323,N,11911.58502,E,1,08,1.12,33.8,M,10.0,M,,*6A
101951,$GPGSA,A,3,29,21,05,09,25,06,11,30,,,,,1.61,1.12,1.15*05
102011,$GPGSV,4,1,15,05,44,273,25,06,38,074,30,07,03,081,,09,16,040,30*75
102081,$GPGSV,4,2,15,11,56,018,30,12,23,252,19,13,18,252,23,15,08,208,*74
102153,$GPGSV,4,3,15,17,07,146,24,19,35,148,12,20,31,191,14,21,65,328,35*7D
102226,$GPGSV,4,4,15,25,10,286,22,29,06,321,30,30,09,118,25*4C
102284,$GPGLL,2601.84323,N,11911.58502,E,032149.00,A,A*6C
102730,$GPRMC,032150.00,A,2601.84293,N,11911.58551,E,0.270,,250626,,,A*71
102826,$GPVTG,,T,,M,0.270,N,0.500,K,A*23
102861,$GPGGA,032150.00,2601.84293,N,11911.58551,E,1,08,1.12,35.4,M,10.0,M,,*64
102940,$GPGSA,A,3,29,21,05,09,25,06,11,30,,,,,1.61,1.12,1.15*05
102999,$GPGSV,4,1,15,05,44,273,26,06,38,074,30,07,03,081,,09,16,040,30*76
103071,$GPGSV,4,2,15,11,56,018,30,12,23,252,19,13,18,252,22,15,08,208,*75
103141,$GPGSV,4,3,15,17,07,146,24,19,35,148,14,20,31,191,15,21,65,328,35*7A
103215,$GPGSV,4,4,15,25,10,286,23,29,06,321,30,30,09,118,25*4D
103272,$GPGLL,2601.84293,N,11911.58551,E,032150.00,A,A*68
103720,$GPRMC,032151.00,A,2601.84271,N,11911.58592,E,0.561,,250626,,,A*74
103916,$GPVTG,,T,,M,0.561,N,1.039,K,A*2A
103920,$GPGGA,032151.00,2601.84271,N,11911.58592,E,1,08,1.12,36.7,M,10.0,M,,*66
103940,$GPGSA,A,3,29,21,05,09,25,06,11,30,,,,,1.61,1.12,1.15*05
104038,$GPGSV,4,1,15,05,44,273,26,06,38,074,29,07,03,081,,09,16,040,30*7E
104073,$GPGSV,4,2,15,11,56,018,31,12,23,252,19,13,18,252,22,15,08,208,*74
104142,$GPGSV,4,3,15,17,07,146,24,19,35,148,14,20,31,191,14,21,65,328,36*78
104216,$GPGSV,4,4,15,25,10,286,23,29,06,321,30,30,09,118,25*4D
104274,$GPGLL,2601.84271,N,11911.58592,E,032151.00,A,A*6A
104720,$GPRMC,032152.00,A,2601.84248,N,11911.58629,E,0.539,,250626,,,A*73
104829,$GPVTG,,T,,M,0.539,N,0.998,K,A*24
104867,$GPGGA,032152.00,2601.84248,N,11911.58629,E,1,08,1.12,37.9,M,10.0,M,,*63
104943,$GPGSA,A,3,29,21,05,09,25,06,11,30,,,,,1.61,1.12,1.15*05
105004,$GPGSV,4,1,15,05,44,273,26,06,38,074,29,07,03,081,,09,16,040,30*7E
105075,$GPGSV,4,2,15,11,56,018,32,12,23,252,18,13,18,252,22,15,08,208,*76
105147,$GPGSV,4,3,15,17,07,146,24,19,35,148,14,20,31,191,14,21,65,328,35*7B
105218,$GPGSV,4,4,15,25,10,286,22,29,06,321,30,30,09,118,25*4C
105278,$GPGLL,2601.84248,N,11911.58629,E,032152.00,A,A*60
105730,$GPRMC,032153.00,A,2601.84224,N,11911.58656,E,0.182,,250626,,,A*74
105830,$GPVTG,,T,,M,0.182,N,0.338,K,A*20
105867,$GPGGA,032153.00,2601.84224,N,11911.58656,E,1,08,1.12,38.8,M,10.0,M,,*6E
105993,$GPGSA,A,3,29,21,05,09,25,06,11,30,,,,,1.61,1.12,1.15*05
106003,$GPGSV,4,1,15,05,44,273,25,06,38,074,29,07,03,081,,09,16,040,29*75
106075,$GPGSV,4,2,15,11,56,018,32,12,23,252,18,13,18,252,22,15,08,208,*76
106148,$GPGSV,4,3,15,17,07,146,24,19,35,148,14,20,31,191,15,21,65,328,35*7A
106218,$GPGSV,4,4,15,25,10,286,23,29,06,321,30,30,09,118,25*4D
106278,$GPGLL,2601.84224,N,11911.58656,E,032153.00,A,A*63
106730,$GPRMC,032154.00,A,2601.84205,N,11911.58674,E,0.056,,250626,,,A*78
106830,$GPVTG,,T,,M,0.056,N,0.104,K,A*25
106866,$GPGGA,032154.00,2601.84205,N,11911.58674,E,1,08,1.12,39.6,M,10.0,M,,*65
106944,$GPGSA,A,3,29,21,05,09,25,06,11,30,,,,,1.61,1.12,1.15*05
107003,$GPGSV,4,1,15,05,44,273,25,06,38,074,28,07,03,081,,09,16,040,29*74
107076,$GPGSV,4,2,15,11,56,018,31,12,23,252,17,13,18,252,21,15,08,208,*79
107145,$GPGSV,4,3,15,17,07,146,24,19,35,148,14,20,31,191,15,21,65,328,35*7A
107219,$GPGSV,4,4,15,25,10,286,24,29,06,321,30,30,09,118,25*4A
107277,$GPGLL,2601.84205,N,11911.58674,E,032154.00,A,A*67
107730,$GPRMC,032155.00,A,2601.84192,N,11911.58686,E,0.318,,250626,,,A*70
107826,$GPVTG,,T,,M,0.318,N,0.588,K,A*2C
107863,$GPGGA,032155.00,2601.84192,N,11911.58686,E,1,08,1.12,40.1,M,10.0,M,,*6D
107940,$GPGSA,A,3,29,21,05,09,25,06,11,30,,,,,1.61,1.12,1.15*05
108002,$GPGSV,4,1,15,05,44,273,25,06,38,074,27,07,03,081,,09,16,040,28*7A
108144,$GPGSV,4,2,15,11,56,018,32,12,23,252,14,13,18,252,22,15,08,208,*7A
108150,$GPGSV,4,3,15,17,07,146,24,19,35,148,14,20,31,191,15,21,65,328,35*7A
108216,$GPGSV,4,4,15,25,10,286,24,29,06,321,29,30,09,118,25*42
108273,$GPGLL,2601.84192,N,11911.58686,E,032155.00,A,A*66
108720,$GPRMC,032156.00,A,2601.84177,N,11911.58697,E,0.327,,250626,,,A*74
108826,$GPVTG,,T,,M,0.327,N,0.606,K,A*25
108862,$GPGGA,032156.00,2601.84177,N,11911.58697,E,1,08,1.12,40.7,M,10.0,M,,*63
108941,$GPGSA,A,3,29,21,05,09,25,06,11,30,,,,,1.61,1.12,1.15*05
109001,$GPGSV,4,1,15,05,44,273,25,06,38,074,26,07,03,081,,09,16,040,28*7B
109071,$GPGSV,4,2,15,11,56,018,32,12,23,252,12,13,18,252,22,15,08,208,*7C
109143,$GPGSV,4,3,15,17,07,146,25,19,35,148,16,20,31,191,16,21,65,328,35*7A
109215,$GPGSV,4,4,15,25,10,286,24,29,06,321,29,30,09,118,25*42
109275,$GPGLL,2601.84177,N,11911.58697,E,032156.00,A,A*6E
109720,$GPRMC,032157.00,A,2601.84159,N,11911.58703,E,0.394,,250626,,,A*7D
109828,$GPVTG,,T,,M,0.394,N,0.730,K,A*29
109863,$GPGGA,032157.00,2601.84159,N,11911.58703,E,1,08,1.12,41.1,M,10.0,M,,*65
109942,$GPGSA,A,3,29,21,05,09,25,06,11,30,,,,,1.61,1.12,1.15*05
110001,$GPGSV,4,1,15,05,44,273,24,06,38,074,25,07,03,081,,09,16,040,27*76
110075,$GPGSV,4,2,15,11,56,018,33,12,23,252,11,13,18,252,22,15,08,208,*7E
110145,$GPGSV,4,3,15,17,07,146,25,19,35,148,18,20,31,191,16,21,65,328,35*74
110306,$GPGSV,4,4,15,25,10,286,25,29,06,321,29,30,09,118,25*43
110312,$GPGLL,2601.84159,N,11911.58703,E,032157.00,A,A*6F
# status,110 s,nmea,983,fix,220,utc,032157.00,mode,2
110720,$GPRMC,032158.00,A,2601.84147,N,11911.58703,E,0.579,,250626,,,A*78
110958,$GPVTG,,T,,M,0.579,N,1.073,K,A*2D
110961,$GPGGA,032158.00,2601.84147,N,11911.58703,E,1,08,1.12,41.5,M,10.0,M,,*61
110974,$GPGSA,A,3,29,21,05,09,25,06,11,30,,,,,1.61,1.12,1.15*05
111004,$GPGSV,4,1,15,05,44,273,24,06,38,074,24,07,03,081,,09,16,040,27*77
111074,$GPGSV,4,2,15,11,56,018,34,12,23,252,10,13,18,252,22,15,08,208,*78
111146,$GPGSV,4,3,15,17,07,146,25,19,35,148,19,20,31,191,16,21,65,328,35*75
111218,$GPGSV,4,4,15,25,10,286,25,29,06,321,29,30,09,118,25*43
111278,$GPGLL,2601.84147,N,11911.58703,E,032158.00,A,A*6F
111730,$GPRMC,032159.00,A,2601.84137,N,11911.58704,E,0.183,,250626,,,A*78
111827,$GPVTG,,T,,M,0.183,N,0.338,K,A*21
111862,$GPGGA,032159.00,2601.84137,N,11911.58704,E,1,08,1.12,41.8,M,10.0,M,,*6D
111941,$GPGSA,A,3,29,21,05,09,25,06,11,30,,,,,1.61,1.12,1.15*05
112000,$GPGSV,4,1,15,05,44,273,25,06,38,074,24,07,03,081,,09,16,040,26*77
112072,$GPGSV,4,2,15,11,56,018,34,12,23,252,09,13,18,252,21,15,08,208,*73
112142,$GPGSV,4,3,15,17,07,146,25,19,35,148,19,20,31,191,17,21,65,328,36*77
112215,$GPGSV,4,4,15,25,10,286,24,29,06,321,29,30,09,118,25*42
112276,$GPGLL,2601.84137,N,11911.58704,E,032159.00,A,A*6E
112680,$GPRMC,032200.00,A,2601.84117,N,11911.58702,E,0.317,,250626,,,A*7C
112827,$GPVTG,,T,,M,0.317,N,0.587,K,A*2C
112862,$GPGGA,032200.00,2601.84117,N,11911.58702,E,1,08,1.12,42.1,M,10.0,M,,*6C
112941,$GPGSA,A,3,29,21,05,09,25,06,11,30,,,,,1.61,1.12,1.15*05
113000,$GPGSV,4,1,15,05,44,273,26,06,38,074,23,07,03,081,,09,16,040,26*73
113072,$GPGSV,4,2,15,11,56,018,34,12,23,252,09,13,18,252,21,15,08,208,*73
113142,$GPGSV,4,3,15,17,07,146,26,19,35,148,20,20,31,191,17,21,65,328,35*7D
113216,$GPGSV,4,4,15,25,10,286,24,29,06,321,29,30,09,118,24*43
113274,$GPGLL,2601.84117,N,11911.58702,E,032200.00,A,A*65
113720,$GPRMC,032201.00,A,2601.84100,N,11911.58696,E,0.154,,250626,,,A*72
113827,$GPVTG,,T,,M,0.154,N,0.285,K,A*2C
113864,$GPGGA,032201.00,2601.84100,N,11911.58696,E,1,08,1.12,42.3,M,10.0,M,,*65
113941,$GPGSA,A,3,29,21,05,09,25,06,11,30,,,,,1.61,1.12,1.15*05
114003,$GPGSV,4,1,15,05,44,273,26,06,38,074,25,07,03,081,,09,16,040,26*75
114072,$GPGSV,4,2,15,11,56,018,35,12,23,252,,13,18,252,20,15,08,208,*7A
114142,$GPGSV,4,3,15,17,07,146,26,19,35,148,20,20,31,191,17,21,65,328,35*7D
114214,$GPGSV,4,4,15,25,10,286,25,29,06,321,29,30,09,118,24*42
114273,$GPGLL,2601.84100,N,11911.58696,E,032201.00,A,A*6E
114720,$GPRMC,032202.00,A,2601.84082,N,11911.58689,E,0.297,,250626,,,A*78
114831,$GPVTG,,T,,M,0.297,N,0.550,K,A*2F
114943,$GPGGA,032202.00,2601.84082,N,11911.58689,E,1,08,1.12,42.6,M,10.0,M,,*66
114949,$GPGSA,A,3,29,21,05,09,25,06,11,30,,,,,1.61,1.12,1.15*05
115002,$GPGSV,4,1,15,05,44,273,26,06,38,074,26,07,03,081,,09,16,040,26*76
115074,$GPGSV,4,2,15,11,56,018,35,12,23,252,,13,18,252,20,15,08,208,*7A
115143,$GPGSV,4,3,15,17,07,146,26,19,35,148,19,20,31,191,17,21,65,328,35*77
115215,$GPGSV,4,4,15,25,10,286,24,29,06,321,29,30,09,118,23*44
115274,$GPGLL,2601.84082,N,11911.58689,E,032202.00,A,A*68
115720,$GPRMC,032203.00,A,2601.84064,N,11911.58695,E,0.315,,250626,,,A*77
115827,$GPVTG,,T,,M,0.315,N,0.583,K,A*2A
115862,$GPGGA,032203.00,2601.84064,N,11911.58695,E,1,08,1.21,43.1,M,10.0,M,,*64
115941,$GPGSA,A,3,29,21,05,09,25,06,11,30,,,,,1.76,1.21,1.27*02
116000,$GPGSV,4,1,15,05,44,273,27,06,38,074,26,07,03,081,,09,16,040,26*77
116072,$GPGSV,4,2,15,11,56,018,35,12,23,252,,13,18,252,20,15,08,208,*7A
116140,$GPGSV,4,3,15,17,07,146,26,19,35,148,18,20,31,191,17,21,65,328,35*76
116214,$GPGSV,4,4,15,25,10,286,24,29,06,321,30,30,09,118,23*4C
116271,$GPGLL,2601.84064,N,11911.58695,E,032203.00,A,A*6C
116720,$GPRMC,032204.00,A,2601.84044,N,11911.58699,E,0.104,,250626,,,A*7C
116825,$GPVTG,,T,,M,0.104,N,0.193,K,A*2D
116862,$GPGGA,032204.00,2601.84044,N,11911.58699,E,1,08,1.21,43.6,M,10.0,M,,*6A
116941,$GPGSA,A,3,29,21,05,09,25,06,11,30,,,,,1.76,1.21,1.27*02
117086,$GPGSV,4,1,15,05,44,273,26,06,38,074,25,07,03,081,,09,16,040,26*75
117090,$GPGSV,4,2,15,11,56,018,35,12,23,252,,13,18,252,20,15,08,208,*7A
117140,$GPGSV,4,3,15,17,07,146,26,19,35,148,17,20,31,191,17,21,65,328,35*79
117249,$GPGSV,4,4,15,25,10,286,23,29,06,321,30,30,09,118,23*4B
117270,$GPGLL,2601.84044,N,11911.58699,E,032204.00,A,A*65
117720,$GPRMC,032205.00,A,2601.84032,N,11911.58700,E,0.153,,250626,,,A*7F
117824,$GPVTG,,T,,M,0.153,N,0.283,K,A*2D
117860,$GPGGA,032205.00,2601.84032,N,11911.58700,E,1,08,1.21,44.1,M,10.0,M,,*6B
117940,$GPGSA,A,3,29,21,05,09,25,06,11,30,,,,,1.76,1.21,1.27*02
117999,$GPGSV,4,1,15,05,44,273,27,06,38,074,25,07,03,081,,09,16,040,26*74
118069,$GPGSV,4,2,15,11,56,018,35,12,23,252,,13,18,252,20,15,08,208,*7A
118139,$GPGSV,4,3,15,17,07,146,26,19,35,148,17,20,31,191,17,21,65,328,35*79
118211,$GPGSV,4,4,15,25,10,286,23,29,06,321,30,30,09,118,23*4B
118270,$GPGLL,2601.84032,N,11911.58700,E,032205.00,A,A*64
118720,$GPRMC,032206.00,A,2601.84008,N,11911.58703,E,0.858,,250626,,,A*74
118824,$GPVTG,,T,,M,0.858,N,1.589,K,A*23
118859,$GPGGA,032206.00,2601.84008,N,11911.58703,E,1,08,1.21,44.5,M,10.0,M,,*66
118938,$GPGSA,A,3,29,21,05,09,25,06,11,30,,,,,1.76,1.21,1.27*02
118997,$GPGSV,4,1,15,05,44,273,27,06,38,074,26,07,03,081,,09,16,040,27*76
119071,$GPGSV,4,2,15,11,56,018,35,12,23,252,,13,18,252,20,15,08,208,*7A
119192,$GPGSV,4,3,15,17,07,146,26,19,35,148,17,20,31,191,17,21,65,328,35*79
119211,$GPGSV,4,4,15,25,10,286,23,29,06,321,30,30,09,118,23*4B
119270,$GPGLL,2601.84008,N,11911.58703,E,032206.00,A,A*6D
119720,$GPRMC,032207.00,A,2601.83987,N,11911.58699,E,0.922,,250626,,,A*72
119828,$GPVTG,,T,,M,0.922,N,1.708,K,A*24
119863,$GPGGA,032207.00,2601.83987,N,11911.58699,E,1,08,1.12,44.7,M,10.0,M,,*6E
119942,$GPGSA,A,3,29,21,05,09,25,06,11,30,,,,,1.61,1.12,1.15*05
120001,$GPGSV,4,1,15,05,44,273,28,06,38,074,26,07,03,081,,09,16,040,27*79
120073,$GPGSV,4,2,15,11,56,018,35,12,23,252,,13,18,252,19,15,08,208,*70
120140,$GPGSV,4,3,15,17,07,146,25,19,35,148,18,20,31,191,17,21,65,328,35*75
120214,$GPGSV,4,4,15,25,10,286,22,29,06,321,30,30,09,118,23*4A
120272,$GPGLL,2601.83987,N,11911.58699,E,032207.00,A,A*67
# status,120 s,nmea,1073,fix,240,utc,032207.00,mode,2
120720,$GPRMC,032208.00,A,2601.83968,N,11911.58696,E,0.090,,250626,,,A*73
121330,$GPVTG,,T,,M,0.090,N,0.166,K,A*2B
121333,$GPGGA,032208.00,2601.83968,N,11911.58696,E,1,08,1.12,44.8,M,10.0,M,,*60
121344,$GPGSA,A,3,29,21,05,09,25,06,11,30,,,,,1.61,1.12,1.15*05
121347,$GPGSV,4,1,15,05,44,273,28,06,38,074,26,07,03,081,,09,16,040,28*76
121353,$GPGSV,4,2,15,11,56,015,10,286,21,29,06,321,30,30,09,118,23*49
121357,$GPGLL,2601.83968,N,11911.58696,E,032208.00,A,A*66
123823,$GPRMC,032209.00,A,2601.83947,N,11911.58698,E,0.078,,250626,,,A*77
123903,$GPVTG,,T,,M,0.078,N,0.144,K,A*2D
123907,$GPGGA,032209.00,2601.83947,N,11911.58698,E,1,08,1.21,45.1,M,10.0,M,,*6A
123912,$GPGSA,A,3,29,21,05,09,25,06,11,30,,,,,1.76,1.21,1.27*02
123918,$GPGSV,4,1,15,05,44,2777
123921,$GPVTG,,T,,M,0.647,N,1.199,K,A*26
123924,$GPGGA,032211.00,2601.83910,N,11911.58699,E,1,08,1.21,45.7,M,10.0,M,,*66
123945,$GPGSA,A,3,29,21,05,09,25,06,11,30,,,,,1.76,1.21,1.27*02
124004,$GPGSV,4,1,15,05,44,273,27,06,38,074,27,07,03,081,,09,16,040,27*77
124076,$GPGSV,4,2,15,11,56,018,36,12,23,252,,13,18,252,19,15,08,208,*73
124145,$GPGSV,4,3,15,17,07,146,26,19,35,148,18,20,31,191,18,21,65,328,35*79
124216,$GPGSV,4,4,15,25,10,286,21,29,06,321,30,30,09,118,24*4E
124276,$GPGLL,2601.83910,N,11911.58699,E,032211.00,A,A*6E
124720,$GPRMC,032212.00,A,2601.83896,N,11911.58701,E,0.576,,250626,,,A*7A
124828,$GPVTG,,T,,M,0.576,N,1.067,K,A*27
124863,$GPGGA,032212.00,2601.83896,N,11911.58701,E,1,08,1.21,46.0,M,10.0,M,,*6E
124942,$GPGSA,A,3,29,21,05,09,25,06,11,30,,,,,1.76,1.21,1.27*02
125001,$GPGSV,4,1,15,05,45,274,28,06,38,074,27,07,03,081,,09,16,040,27*7E
125073,$GPGSV,4,2,15,11,56,018,35,12,23,252,,13,18,252,20,15,08,208,*7A
125141,$GPGSV,4,3,15,17,07,146,26,19,35,148,18,20,31,191,18,21,65,328,35*79
125216,$GPGSV,4,4,15,25,10,286,21,29,06,321,30,30,09,118,24*4E
125355,$GPGLL,2601.83896,N,11911.58701,E,032212.00,A,A*62
125750,$GPRMC,032213.00,A,2601.83877,N,11911.58700,E,0.080,,250626,,,A*79
125832,$GPVTG,,T,,M,0.080,N,0.149,K,A*27
125869,$GPGGA,032213.00,2601.83877,N,11911.58700,E,1,08,1.22,46.2,M,10.0,M,,*60
125946,$GPGSA,A,3,29,21,05,09,25,06,11,30,,,,,1.76,1.22,1.27*01
126044,$GPGSV,4,1,15,05,45,274,28,06,37,075,27,07,03,081,,09,16,040,26*71
126077,$GPGSV,4,2,15,11,56,018,35,12,23,252,,13,18,252,19,15,08,208,*70
126147,$GPGSV,4,3,15,17,07,146,26,19,35,148,19,20,31,191,19,21,65,328,34*78
126220,$GPGSV,4,4,15,25,10,286,21,29,06,321,30,30,09,118,23*49
126277,$GPGLL,2601.83877,N,11911.58700,E,032213.00,A,A*6D
126730,$GPRMC,032214.00,A,2601.83863,N,11911.58704,E,0.190,,250626,,,A*7F
126827,$GPVTG,,T,,M,0.190,N,0.352,K,A*2F
126863,$GPGGA,032214.00,2601.83863,N,11911.58704,E,1,08,1.22,46.5,M,10.0,M,,*61
126942,$GPGSA,A,3,29,21,05,09,25,06,11,30,,,,,1.76,1.22,1.27*01
127002,$GPGSV,4,1,15,05,45,274,27,06,37,075,27,07,04,080,,09,16,040,26*78
127072,$GPGSV,4,2,15,11,56,018,35,12,23,252,,13,18,252,18,15,08,208,*71
127142,$GPGSV,4,3,15,17,07,146,26,19,35,148,19,20,31,191,20,21,65,328,34*72
127215,$GPGSV,4,4,15,25,10,286,21,29,06,321,31,30,09,118,23*48
127273,$GPGLL,2601.83863,N,11911.58704,E,032214.00,A,A*6B
127720,$GPRMC,032215.00,A,2601.83844,N,11911.58710,E,0.500,,250626,,,A*73
127881,$GPVTG,,T,,M,0.500,N,0.927,K,A*2A
127884,$GPGGA,032215.00,2601.83844,N,11911.58710,E,1,08,1.22,46.7,M,10.0,M,,*62
127941,$GPGSA,A,3,29,21,05,09,25,06,11,30,,,,,1.76,1.22,1.27*01
128000,$GPGSV,4,1,15,05,45,274,26,06,37,075,27,07,04,080,,09,16,040,26*79
128072,$GPGSV,4,2,15,11,56,018,35,12,23,252,,13,18,252,19,15,08,208,*70
128139,$GPGSV,4,3,15,17,07,146,26,19,35,148,17,20,31,191,20,21,65,328,34*7C
128213,$GPGSV,4,4,15,25,10,286,21,29,06,321,31,30,09,118,23*48
128272,$GPGLL,2601.83844,N,11911.58710,E,032215.00,A,A*6A
128720,$GPRMC,032216.00,A,2601.83826,N,11911.58715,E,0.716,,250626,,,A*74
128829,$GPVTG,,T,,M,0.716,N,1.327,K,A*24
128864,$GPGGA,032216.00,2601.83826,N,11911.58715,E,1,08,1.22,47.0,M,10.0,M,,*66
128943,$GPGSA,A,3,29,21,05,09,25,06,11,30,,,,,1.76,1.22,1.27*01
129002,$GPGSV,4,1,15,05,45,274,27,06,37,075,28,07,04,080,,09,15,040,26*74
129074,$GPGSV,4,2,15,11,56,018,35,12,23,252,,13,18,252,20,15,08,208,*7A
129142,$GPGSV,4,3,15,17,07,146,26,19,35,148,17,20,31,191,20,21,65,328,35*7D
129216,$GPGSV,4,4,15,25,10,286,22,29,06,321,31,30,09,118,23*4B
129273,$GPGLL,2601.83826,N,11911.58715,E,032216.00,A,A*68
129720,$GPRMC,032217.00,A,2601.83819,N,11911.58725,E,0.416,,250626,,,A*79
129825,$GPVTG,,T,,M,0.416,N,0.770,K,A*20
129865,$GPGGA,032217.00,2601.83819,N,11911.58725,E,1,08,1.22,47.3,M,10.0,M,,*6B
130003,$GPGSA,A,3,29,21,05,09,25,06,11,30,,,,,1.76,1.22,1.27*01
130013,$GPGSV,4,1,15,05,45,274,27,06,37,075,28,07,04,080,,09,15,040,26*74
130071,$GPGSV,4,2,15,11,56,018,34,12,23,252,,13,18,252,21,15,08,208,*7A
130140,$GPGSV,4,3,15,17,07,146,26,19,35,148,17,20,31,191,21,21,65,328,35*7C
130212,$GPGSV,4,4,15,25,10,286,22,29,06,321,31,30,09,118,23*4B
130272,$GPGLL,2601.83819,N,11911.58725,E,032217.00,A,A*66
# status,130 s,nmea,1147,fix,257,utc,032217.00,mode,2
130720,$GPRMC,032218.00,A,2601.83809,N,11911.58731,E,0.568,,250626,,,A*7A
130907,$GPVTG,,T,,M,0.568,N,1.052,K,A*2E
130911,$GPGGA,032218.00,2601.83809,N,11911.58731,E,1,08,1.22,47.7,M,10.0,M,,*64
130939,$GPGSA,A,3,29,21,05,09,25,06,11,30,,,,,1.76,1.22,1.27*01
131000,$GPGSV,4,1,15,05,45,274,28,06,37,075,27,07,04,080,,09,15,040,25*77
131070,$GPGSV,4,2,15,11,56,019,34,12,23,252,,13,18,252,21,15,08,208,*7B
131141,$GPGSV,4,3,15,17,07,146,26,19,35,148,17,20,31,191,21,21,65,328,35*7C
131213,$GPGSV,4,4,15,25,10,286,22,29,06,321,31,30,09,118,23*4B
131270,$GPGLL,2601.83809,N,11911.58731,E,032218.00,A,A*6D
131720,$GPRMC,032219.00,A,2601.83790,N,11911.58737,E,0.302,,250626,,,A*78
131827,$GPVTG,,T,,M,0.302,N,0.559,K,A*2B
131863,$GPGGA,032219.00,2601.83790,N,11911.58737,E,1,08,1.22,47.9,M,10.0,M,,*62
131942,$GPGSA,A,3,29,21,05,09,25,06,11,30,,,,,1.76,1.22,1.27*01
132004,$GPGSV,4,1,15,05,45,274,28,06,37,075,28,07,04,080,,09,15,040,25*78
132165,$GPGSV,4,2,15,11,56,019,34,12,23,252,,13,18,252,22,15,08,208,*78
132171,$GPGSV,4,3,15,17,07,146,26,19,35,148,17,20,31,191,22,21,65,328,35*7F
132214,$GPGSV,4,4,15,25,10,286,22,29,06,321,31,30,09,118,23*4B
132273,$GPGLL,2601.83790,N,11911.58737,E,032219.00,A,A*65
132720,$GPRMC,032220.00,A,2601.83764,N,11911.58742,E,0.094,,250626,,,A*77
132870,$GPVTG,,T,,M,0.094,N,0.174,K,A*2C
132873,$GPGGA,032220.00,2601.83764,N,11911.58742,E,1,08,1.22,48.1,M,10.0,M,,*66
132944,$GPGSA,A,3,29,21,05,09,25,06,11,30,,,,,1.76,1.22,1.27*01
133003,$GPGSV,4,1,15,05,45,274,29,06,37,075,28,07,04,080,,09,15,040,26*7A
133075,$GPGSV,4,2,15,11,56,019,34,12,23,252,,13,17,251,22,15,08,208,*74
133143,$GPGSV,4,3,15,17,07,146,27,19,35,148,17,20,31,191,22,21,65,328,35*7E
133217,$GPGSV,4,4,15,25,10,286,22,29,06,321,31,30,09,118,23*4B
133276,$GPGLL,2601.83764,N,11911.58742,E,032220.00,A,A*66
133720,$GPRMC,032221.00,A,2601.83746,N,11911.58746,E,0.208,,250626,,,A*75
133828,$GPVTG,,T,,M,0.208,N,0.384,K,A*26
133863,$GPGGA,032221.00,2601.83746,N,11911.58746,E,1,08,1.22,48.3,M,10.0,M,,*61
133941,$GPGSA,A,3,29,21,05,09,25,06,11,30,,,,,1.76,1.22,1.27*01
134002,$GPGSV,4,1,15,05,45,274,29,06,37,075,28,07,04,080,,09,15,040,25*79
134073,$GPGSV,4,2,15,11,56,019,34,12,23,252,,13,17,251,22,15,08,208,*74
134143,$GPGSV,4,3,15,17,07,146,27,19,35,148,17,20,31,191,22,21,65,328,35*7E
134262,$GPGSV,4,4,15,25,10,286,22,29,06,321,31,30,09,118,23*4B
134272,$GPGLL,2601.83746,N,11911.58746,E,032221.00,A,A*63
134720,$GPRMC,032222.00,A,2601.83732,N,11911.58752,E,0.788,,250626,,,A*7D
134825,$GPVTG,,T,,M,0.788,N,1.460,K,A*27
134863,$GPGGA,032222.00,2601.83732,N,11911.58752,E,1,08,1.22,48.4,M,10.0,M,,*63
134939,$GPGSA,A,3,29,21,05,09,25,06,11,30,,,,,1.76,1.22,1.27*01
135001,$GPGSV,4,1,15,05,45,274,29,06,37,075,28,07,04,080,,09,15,040,25*79
135072,$GPGSV,4,2,15,11,56,019,34,12,23,252,,13,17,251,22,15,08,209,*75
135141,$GPGSV,4,3,15,17,07,146,27,19,35,148,17,20,31,191,22,21,65,328,35*7E
135212,$GPGSV,4,4,15,25,10,286,24,29,06,321,31,30,09,118,23*4D
135272,$GPGLL,2601.83732,N,11911.58752,E,032222.00,A,A*66
135720,$GPRMC,032223.00,A,2601.83715,N,11911.58760,E,1.153,,250626,,,A*79
135829,$GPVTG,,T,,M,1.153,N,2.136,K,A*23
135864,$GPGGA,032223.00,2601.83715,N,11911.58760,E,1,08,1.22,48.6,M,10.0,M,,*64
135943,$GPGSA,A,3,29,21,05,09,25,06,11,30,,,,,1.76,1.22,1.27*01
136002,$GPGSV,4,1,15,05,45,274,29,06,37,075,28,07,04,080,,09,15,040,25*79
136074,$GPGSV,4,2,15,11,56,019,34,12,23,252,,13,17,251,22,15,08,209,*75
136143,$GPGSV,4,3,15,17,07,146,27,19,35,148,18,20,31,191,22,21,65,328,35*71
136214,$GPGSV,4,4,15,25,10,286,24,29,06,321,31,30,09,118,23*4D
136276,$GPGLL,2601.83715,N,11911.58760,E,032223.00,A,A*63
136690,$GPRMC,032224.00,A,2601.83700,N,11911.58766,E,0.481,,250626,,,A*77
136828,$GPVTG,,T,,M,0.481,N,0.891,K,A*2E
136864,$GPGGA,032224.00,2601.83700,N,11911.58766,E,1,08,1.22,48.9,M,10.0,M,,*6E
136942,$GPGSA,A,3,29,21,05,09,25,06,11,30,,,,,1.76,1.22,1.27*01
137001,$GPGSV,4,1,15,05,45,274,29,06,37,075,28,07,04,080,,09,15,040,25*79
137074,$GPGSV,4,2,15,11,56,019,34,12,23,252,,13,17,251,22,15,08,209,*75
137141,$GPGSV,4,3,15,17,06,147,27,19,35,148,18,20,31,191,23,21,65,328,35*70
137215,$GPGSV,4,4,15,25,10,286,24,29,06,321,31,30,09,118,24*4A
137273,$GPGLL,2601.83700,N,11911.58766,E,032224.00,A,A*66
137720,$GPRMC,032225.00,A,2601.83685,N,11911.58770,E,0.215,,250626,,,A*76
137825,$GPVTG,,T,,M,0.215,N,0.398,K,A*27
137863,$GPGGA,032225.00,2601.83685,N,11911.58770,E,1,08,1.22,49.0,M,10.0,M,,*6C
137939,$GPGSA,A,3,29,21,05,09,25,06,11,30,,,,,1.76,1.22,1.27*01
138001,$GPGSV,4,1,15,05,45,274,29,06,37,075,28,07,04,080,,09,15,040,26*7A
138071,$GPGSV,4,2,15,11,56,019,34,12,23,252,,13,17,251,22,15,08,209,*75
138140,$GPGSV,4,3,15,17,06,147,27,19,35,148,17,20,31,191,23,21,65,328,35*7F
138213,$GPGSV,4,4,15,25,10,286,24,29,06,321,31,30,09,118,24*4A
138271,$GPGLL,2601.83685,N,11911.58770,E,032225.00,A,A*6C
138720,$GPRMC,032226.00,A,2601.83681,N,11911.58780,E,0.443,,250626,,,A*7B
138829,$GPVTG,,T,,M,0.443,N,0.821,K,A*2B
138943,$GPGGA,032226.00,2601.83681,N,11911.58780,E,1,08,1.22,49.2,M,10.0,M,,*66
138949,$GPGSA,A,3,29,21,05,09,25,06,11,30,,,,,1.76,1.22,1.27*01
139002,$GPGSV,4,1,15,05,45,274,29,06,37,075,29,07,04,080,,09,15,040,26*7B
139072,$GPGSV,4,2,15,11,56,019,34,12,23,252,,13,17,251,22,15,08,209,*75
139141,$GPGSV,4,3,15,17,06,147,27,19,34,149,17,20,31,191,23,21,65,328,35*7F
139213,$GPGSV,4,4,15,25,10,286,24,29,06,321,31,30,09,118,24*4A
139313,$GPGLL,2601.83681,N,11911.58780,E,032226.00,A,A*64
139720,$GPRMC,032227.00,A,2601.83681,N,11911.58801,E,0.595,,250626,,,A*76
139827,$GPVTG,,T,,M,0.595,N,1.103,K,A*29
139862,$GPGGA,032227.00,2601.83681,N,11911.58801,E,1,08,1.22,49.2,M,10.0,M,,*61
139941,$GPGSA,A,3,29,21,05,09,25,06,11,30,,,,,1.76,1.22,1.27*01
140000,$GPGSV,4,1,15,05,45,274,29,06,37,075,28,07,04,080,,09,15,040,24*78
140072,$GPGSV,4,2,15,11,56,019,34,12,23,252,,13,17,251,22,15,08,209,*75
140140,$GPGSV,4,3,15,17,06,147,27,19,34,149,18,20,32,191,23,21,65,328,35*73
140213,$GPGSV,4,4,15,25,10,286,23,29,06,321,31,30,09,118,23*4A
140272,$GPGLL,2601.83681,N,11911.58801,E,032227.00,A,A*63
# status,140 s,nmea,1237,fix,277,utc,032227.00,mode,2
140720,$GPRMC,032228.00,A,2601.83665,N,11911.58807,E,0.258,,250626,,,A*73
140879,$GPVTG,,T,,M,0.258,N,0.477,K,A*28
140882,$GPGGA,032228.00,2601.83665,N,11911.58807,E,1,08,1.22,49.3,M,10.0,M,,*63
140947,$GPGSA,A,3,29,21,05,09,25,06,11,30,,,,,1.76,1.22,1.27*01
141260,$GPGSV,4,1,15,05,45,274,28,06,37,075,28,07,04,080,,09,15,040,25*78
141266,$GPGSV,4,2,15,11,56,019,34,12,23,252,,13,17,251,22,15,08,209,*75
141272,$GPGSV,4,3,15,17,06,147,27,19,34,149,18,20,32,191,23,21,65,329,35*72
141277,$GPGSV,4,4,15,25,10,286,23,29,06,321,31,30,09,118,22*4B
141283,$GPGLL,2601.83665,N,11911.58807,E,032228.00,A,A*60
141720,$GPRMC,032229.00,A,2601.83650,N,11911.58802,E,0.552,,250626,,,A*7C
141831,$GPVTG,,T,,M,0.552,N,1.023,K,A*21
141866,$GPGGA,032229.00,2601.83650,N,11911.58802,E,1,08,1.22,49.6,M,10.0,M,,*64
141945,$GPGSA,A,3,29,21,05,09,25,06,11,30,,,,,1.76,1.22,1.27*01
142004,$GPGSV,4,1,15,05,45,274,28,06,37,075,28,07,04,080,,09,15,040,23*7E
142076,$GPGSV,4,2,15,11,56,019,34,12,23,252,,13,17,251,22,15,08,209,*75
142144,$GPGSV,4,3,15,17,06,147,26,19,34,149,17,20,32,191,23,21,65,329,34*7D
142218,$GPGSV,4,4,15,25,10,286,23,29,06,321,30,30,09,118,23*4B
142276,$GPGLL,2601.83650,N,11911.58802,E,032229.00,A,A*62
142730,$GPRMC,032230.00,A,2601.83634,N,11911.58802,E,0.141,,250626,,,A*70
142827,$GPVTG,,T,,M,0.141,N,0.260,K,A*23
142864,$GPGGA,032230.00,2601.83634,N,11911.58802,E,1,08,1.22,49.7,M,10.0,M,,*6F
142942,$GPGSA,A,3,29,21,05,09,25,06,11,30,,,,,1.76,1.22,1.27*01
143002,$GPGSV,4,1,15,05,45,274,28,06,37,075,28,07,04,080,,09,15,040,24*79
143074,$GPGSV,4,2,15,11,56,019,34,12,23,252,,13,17,251,22,15,08,209,*75
143203,$GPGSV,4,3,15,17,06,147,26,19,34,149,17,20,32,191,23,21,65,329,34*7D
143215,$GPGSV,4,4,15,25,10,286,22,29,06,321,30,30,09,118,21*48
143272,$GPGLL,2601.83634,N,11911.58802,E,032230.00,A,A*68
143720,$GPRMC,032231.00,A,2601.83615,N,11911.58794,E,0.368,,250626,,,A*7B
143838,$GPVTG,,T,,M,0.368,N,0.681,K,A*21
143874,$GPGGA,032231.00,2601.83615,N,11911.58794,E,1,09,1.22,49.9,M,10.0,M,,*62
143953,$GPGSA,A,3,29,21,05,09,25,17,06,11,30,,,,1.76,1.22,1.27*07
144015,$GPGSV,4,1,15,05,45,274,27,06,37,075,28,07,04,080,,09,15,040,24*76
144085,$GPGSV,4,2,15,11,56,019,34,12,23,252,,13,17,251,22,15,08,209,*75
144155,$GPGSV,4,3,15,17,06,147,26,19,34,149,16,20,32,191,23,21,65,329,34*7C
144227,$GPGSV,4,4,15,25,10,286,22,29,06,321,30,30,09,118,20*49
144287,$GPGLL,2601.83615,N,11911.58794,E,032231.00,A,A*6A
144730,$GPRMC,032232.00,A,2601.83598,N,11911.58781,E,0.401,,250626,,,A*72
144831,$GPVTG,,T,,M,0.401,N,0.743,K,A*26
144866,$GPGGA,032232.00,2601.83598,N,11911.58781,E,1,09,1.12,49.8,M,10.0,M,,*61
144945,$GPGSA,A,3,29,21,05,09,25,17,06,11,30,,,,1.61,1.12,1.15*03
145006,$GPGSV,4,1,15,05,45,274,27,06,37,075,29,07,04,080,,09,15,040,24*77
145078,$GPGSV,4,2,15,11,56,019,34,12,23,252,,13,17,251,22,15,08,209,*75
145146,$GPGSV,4,3,15,17,06,147,23,19,34,149,16,20,32,191,22,21,65,329,34*78
145222,$GPGSV,4,4,15,25,10,286,21,29,06,321,30,30,09,118,20*4A
145364,$GPGLL,2601.83598,N,11911.58781,E,032232.00,A,A*6B
145660,$GPRMC,032233.00,A,2601.83563,N,11911.58776,E,0.093,,250626,,,A*70
145832,$GPVTG,,T,,M,0.093,N,0.173,K,A*2C
145867,$GPGGA,032233.00,2601.83563,N,11911.58776,E,1,09,1.12,49.6,M,10.0,M,,*62
145944,$GPGSA,A,3,29,21,05,09,25,17,06,11,30,,,,1.61,1.12,1.15*03
146008,$GPGSV,4,1,15,05,45,274,27,06,37,075,29,07,04,080,,09,15,040,24*77
146115,$GPGSV,4,2,15,11,56,019,34,12,23,252,,13,17,251,23,15,08,209,*74
146147,$GPGSV,4,3,15,17,06,147,24,19,34,149,17,20,32,191,22,21,65,329,34*7E
146221,$GPGSV,4,4,15,25,10,286,21,29,06,321,30,30,09,118,19*40
146278,$GPGLL,2601.83563,N,11911.58776,E,032233.00,A,A*66
146730,$GPRMC,032234.00,A,2601.83530,N,11911.58771,E,0.124,,250626,,,A*7B
146834,$GPVTG,,T,,M,0.124,N,0.229,K,A*2D
146870,$GPGGA,032234.00,2601.83530,N,11911.58771,E,1,09,1.12,49.5,M,10.0,M,,*67
146947,$GPGSA,A,3,29,21,05,09,25,17,06,11,30,,,,1.61,1.12,1.15*03
147010,$GPGSV,4,1,15,05,45,274,26,06,37,075,29,07,04,080,,09,15,040,24*76
147080,$GPGSV,4,2,15,11,56,019,34,12,23,252,,13,17,251,23,15,08,209,*74
147150,$GPGSV,4,3,15,17,06,147,25,19,34,149,17,20,32,191,22,21,65,329,34*7F
147222,$GPGSV,4,4,15,25,10,286,21,29,06,321,30,30,09,118,19*40
147281,$GPGLL,2601.83530,N,11911.58771,E,032234.00,A,A*60
147730,$GPRMC,032235.00,A,2601.83503,N,11911.58773,E,0.401,,250626,,,A*7A
147880,$GPVTG,,T,,M,0.401,N,0.743,K,A*26
147883,$GPGGA,032235.00,2601.83503,N,11911.58773,E,1,08,1.22,49.5,M,10.0,M,,*66
147941,$GPGSA,A,3,29,21,05,09,25,06,11,30,,,,,1.76,1.22,1.27*01
148000,$GPGSV,4,1,15,05,45,274,26,06,37,075,29,07,04,080,,09,15,040,23*71
148072,$GPGSV,4,2,15,11,56,019,34,12,23,252,,13,17,251,23,15,08,209,*74
148141,$GPGSV,4,3,15,17,06,147,,19,34,149,16,20,32,191,22,21,65,329,34*79
148210,$GPGSV,4,4,15,25,10,286,21,29,06,321,31,30,09,118,18*40
148270,$GPGLL,2601.83503,N,11911.58773,E,032235.00,A,A*63
148720,$GPRMC,032236.00,A,2601.83474,N,11911.58779,E,0.337,,250626,,,A*70
148827,$GPVTG,,T,,M,0.337,N,0.625,K,A*25
148862,$GPGGA,032236.00,2601.83474,N,11911.58779,E,1,09,1.22,49.4,M,10.0,M,,*6E
148941,$GPGSA,A,3,29,21,05,09,25,17,06,11,30,,,,1.76,1.22,1.27*07
149002,$GPGSV,4,1,15,05,45,274,25,06,37,075,29,07,04,080,,09,15,040,24*75
149074,$GPGSV,4,2,15,11,56,019,34,12,23,252,,13,17,251,24,15,08,209,*73
149142,$GPGSV,4,3,15,17,06,147,24,19,34,149,15,20,32,191,22,21,65,329,34*7C
149216,$GPGSV,4,4,15,25,10,286,20,29,06,321,30,30,09,118,17*4F
149274,$GPGLL,2601.83474,N,11911.58779,E,032236.00,A,A*6B
149720,$GPRMC,032237.00,A,2601.83464,N,11911.58780,E,1.119,,250626,,,A*79
149827,$GPVTG,,T,,M,1.119,N,2.072,K,A*2C
149866,$GPGGA,032237.00,2601.83464,N,11911.58780,E,1,09,1.22,49.4,M,10.0,M,,*68
150002,$GPGSA,A,3,29,21,05,09,25,17,06,11,30,,,,1.76,1.22,1.27*07
150013,$GPGSV,4,1,15,05,45,274,25,06,37,075,29,07,04,080,,09,15,040,24*75
150074,$GPGSV,4,2,15,11,56,019,34,12,23,252,,13,17,251,24,15,08,209,*73
150144,$GPGSV,4,3,15,17,06,147,25,19,34,149,16,20,32,191,21,21,65,329,34*7D
150217,$GPGSV,4,4,15,25,10,286,19,29,06,321,30,30,09,117,17*4A
150274,$GPGLL,2601.83464,N,11911.58780,E,032237.00,A,A*6D
# status,150 s,nmea,1327,fix,297,utc,032237.00,mode,2
150730,$GPRMC,032238.00,A,2601.83461,N,11911.58787,E,1.299,,250626,,,A*7F
150906,$GPVTG,,T,,M,1.299,N,2.405,K,A*23
150909,$GPGGA,032238.00,2601.83461,N,11911.58787,E,1,08,1.22,49.5,M,10.0,M,,*65
150941,$GPGSA,A,3,29,21,05,09,25,06,11,30,,,,,1.76,1.22,1.27*01
151002,$GPGSV,4,1,15,05,45,274,24,06,37,075,29,07,04,080,,09,15,040,25*75
151073,$GPGSV,4,2,15,11,56,019,34,12,23,252,,13,17,251,25,15,08,209,*72
151141,$GPGSV,4,3,15,17,06,147,,19,34,149,17,20,32,191,21,21,65,329,34*7B
151212,$GPGSV,4,4,15,25,10,286,18,29,06,321,31,30,09,117,17*4A
151270,$GPGLL,2601.83461,N,11911.58787,E,032238.00,A,A*60
151720,$GPRMC,032239.00,A,2601.83450,N,11911.58798,E,0.268,,250626,,,A*7D
151827,$GPVTG,,T,,M,0.268,N,0.497,K,A*25
151864,$GPGGA,032239.00,2601.83450,N,11911.58798,E,1,09,1.22,49.3,M,10.0,M,,*6F
151941,$GPGSA,A,3,29,21,05,09,25,17,06,11,30,,,,1.76,1.22,1.27*07
152006,$GPGSV,4,1,15,05,45,274,24,06,37,075,30,07,04,080,,09,15,040,25*7D
152154,$GPGSV,4,2,15,11,56,019,34,12,23,252,,13,17,251,25,15,08,209,*72
152160,$GPGSV,4,3,15,17,06,147,22,19,34,149,17,20,32,191,22,21,65,329,34*78
152216,$GPGSV,4,4,15,25,10,286,16,29,06,321,30,30,09,117,17*45
152275,$GPGLL,2601.83450,N,11911.58798,E,032239.00,A,A*6D
152720,$GPRMC,032240.00,A,2601.83438,N,11911.58809,E,0.271,,250626,,,A*72
152827,$GPVTG,,T,,M,0.271,N,0.501,K,A*23
152862,$GPGGA,032240.00,2601.83438,N,11911.58809,E,1,09,1.22,49.2,M,10.0,M,,*69
152977,$GPGSA,A,3,29,21,05,09,25,17,06,11,30,,,,1.76,1.22,1.27*07
153002,$GPGSV,4,1,15,05,45,274,23,06,37,075,30,07,04,080,,09,15,040,25*7A
153074,$GPGSV,4,2,15,11,56,019,34,12,23,252,,13,17,251,25,15,08,209,*72
153143,$GPGSV,4,3,15,17,06,147,23,19,34,149,18,20,32,191,21,21,65,329,34*75
153214,$GPGSV,4,4,15,25,10,286,14,29,06,321,30,30,09,117,17*47
153274,$GPGLL,2601.83438,N,11911.58809,E,032240.00,A,A*6A
153720,$GPRMC,032241.00,A,2601.83443,N,11911.58816,E,0.678,,250626,,,A*7C
153828,$GPVTG,,T,,M,0.678,N,1.256,K,A*2A
153863,$GPGGA,032241.00,2601.83443,N,11911.58816,E,1,09,1.22,49.2,M,10.0,M,,*6A
153942,$GPGSA,A,3,29,21,05,09,25,17,06,11,30,,,,1.76,1.22,1.27*07
154003,$GPGSV,4,1,15,05,45,274,23,06,37,075,30,07,04,080,,09,15,040,25*7A
154075,$GPGSV,4,2,15,11,56,019,34,12,23,252,,13,17,251,25,15,08,209,*72
154145,$GPGSV,4,3,15,17,06,147,25,19,34,149,18,20,32,191,21,21,65,329,34*73
154271,$GPGSV,4,4,15,25,10,286,13,29,06,321,31,30,09,117,17*41
154276,$GPGLL,2601.83443,N,11911.58816,E,032241.00,A,A*69
154720,$GPRMC,032242.00,A,2601.83444,N,11911.58828,E,0.977,,250626,,,A*75
154827,$GPVTG,,T,,M,0.977,N,1.809,K,A*2A
154864,$GPGGA,032242.00,2601.83444,N,11911.58828,E,1,09,1.22,49.1,M,10.0,M,,*60
154941,$GPGSA,A,3,29,21,05,09,25,17,06,11,30,,,,1.76,1.22,1.27*07
155004,$GPGSV,4,1,15,05,45,274,22,06,37,075,31,07,04,080,,09,15,040,26*79
155074,$GPGSV,4,2,15,11,56,019,35,12,23,252,,13,17,251,25,15,08,209,*73
155144,$GPGSV,4,3,15,17,06,147,22,19,34,149,18,20,32,191,20,21,65,329,34*75
155217,$GPGSV,4,4,15,25,10,286,11,29,06,321,31,30,09,117,18*4C
155275,$GPGLL,2601.83444,N,11911.58828,E,032242.00,A,A*60
155720,$GPRMC,032243.00,A,2601.83445,N,11911.58841,E,1.034,,250626,,,A*75
155834,$GPVTG,,T,,M,1.034,N,1.915,K,A*29
155870,$GPGGA,032243.00,2601.83445,N,11911.58841,E,1,09,1.22,49.0,M,10.0,M,,*6E
155949,$GPGSA,A,3,29,21,05,09,25,17,06,11,30,,,,1.76,1.22,1.27*07
156011,$GPGSV,4,1,15,05,45,274,23,06,37,075,31,07,04,080,,09,15,040,25*7B
156081,$GPGSV,4,2,15,11,56,019,34,12,23,252,,13,17,251,25,15,08,209,*72
156151,$GPGSV,4,3,15,17,06,147,23,19,34,149,18,20,32,191,20,21,65,329,34*74
156223,$GPGSV,4,4,15,25,10,286,11,29,06,321,31,30,09,117,18*4C
156284,$GPGLL,2601.83445,N,11911.58841,E,032243.00,A,A*6F
156700,$GPRMC,032244.00,A,2601.83451,N,11911.58853,E,0.340,,250626,,,A*75
156832,$GPVTG,,T,,M,0.340,N,0.629,K,A*29
156867,$GPGGA,032244.00,2601.83451,N,11911.58853,E,1,09,1.22,48.8,M,10.0,M,,*66
156946,$GPGSA,A,3,29,21,05,09,25,17,06,11,30,,,,1.76,1.22,1.27*07
157007,$GPGSV,4,1,15,05,45,274,24,06,37,075,32,07,04,080,,09,15,040,25*7F
157079,$GPGSV,4,2,15,11,56,019,34,12,23,252,,13,17,251,25,15,08,209,*72
157147,$GPGSV,4,3,15,17,06,147,24,19,34,149,19,20,32,191,19,21,65,329,34*78
157220,$GPGSV,4,4,15,25,10,286,11,29,06,321,31,30,09,117,18*4C
157279,$GPGLL,2601.83451,N,11911.58853,E,032244.00,A,A*6E
157730,$GPRMC,032245.00,A,2601.83455,N,11911.58862,E,0.193,,250626,,,A*7E
157827,$GPVTG,,T,,M,0.193,N,0.357,K,A*29
157862,$GPGGA,032245.00,2601.83455,N,11911.58862,E,1,09,1.22,48.7,M,10.0,M,,*6E
157941,$GPGSA,A,3,29,21,05,09,25,17,06,11,30,,,,1.76,1.22,1.27*07
158002,$GPGSV,4,1,15,05,45,274,25,06,37,075,32,07,04,080,,09,15,040,25*7E
158074,$GPGSV,4,2,15,11,56,019,34,12,23,252,,13,17,251,25,15,08,209,*72
158142,$GPGSV,4,3,15,17,06,147,25,19,34,149,18,20,32,191,19,21,65,329,34*78
158218,$GPGSV,4,4,15,25,10,286,10,29,06,321,31,30,09,117,17*42
158274,$GPGLL,2601.83455,N,11911.58862,E,032245.00,A,A*69
158720,$GPRMC,032246.00,A,2601.83450,N,11911.58857,E,0.347,,250626,,,A*75
158831,$GPVTG,,T,,M,0.347,N,0.643,K,A*22
158953,$GPGGA,032246.00,2601.83450,N,11911.58857,E,1,09,1.22,48.6,M,10.0,M,,*6F
158958,$GPGSA,A,3,29,21,05,09,25,17,06,11,30,,,,1.76,1.22,1.27*07
159006,$GPGSV,4,1,15,05,45,274,25,06,37,075,31,07,04,080,,09,15,040,24*7C
159076,$GPGSV,4,2,15,11,56,019,33,12,23,252,,13,17,251,25,15,08,209,*75
159146,$GPGSV,4,3,15,17,06,147,25,19,34,149,19,20,32,191,18,21,65,329,34*78
159219,$GPGSV,4,4,15,25,10,286,10,29,06,321,31,30,09,117,16*43
159277,$GPGLL,2601.83450,N,11911.58857,E,032246.00,A,A*69
159730,$GPRMC,032247.00,A,2601.83450,N,11911.58855,E,0.529,,250626,,,A*78
159864,$GPVTG,,T,,M,0.529,N,0.980,K,A*2C
159868,$GPGGA,032247.00,2601.83450,N,11911.58855,E,1,09,1.22,48.6,M,10.0,M,,*6C
159942,$GPGSA,A,3,29,21,05,09,25,17,06,11,30,,,,1.76,1.22,1.27*07
160004,$GPGSV,4,1,15,05,45,274,26,06,37,075,31,07,04,080,,09,15,040,25*7E
160074,$GPGSV,4,2,15,11,56,019,33,12,23,252,,13,17,251,25,15,08,209,*75
160144,$GPGSV,4,3,15,17,06,147,25,19,34,149,20,20,32,191,18,21,65,329,34*72
160216,$GPGSV,4,4,15,25,10,286,10,29,06,321,32,30,09,117,16*40
160276,$GPGLL,2601.83450,N,11911.58855,E,032247.00,A,A*6A
# status,160 s,nmea,1417,fix,317,utc,032247.00,mode,2
160720,$GPRMC,032248.00,A,2601.83433,N,11911.58863,E,0.668,,250626,,,A*71
160878,$GPVTG,,T,,M,0.668,N,1.237,K,A*2C
160882,$GPGGA,032248.00,2601.83433,N,11911.58863,E,1,09,1.22,48.3,M,10.0,M,,*66
160943,$GPGSA,A,3,29,21,05,09,25,17,06,11,30,,,,1.76,1.22,1.27*07
161050,$GPGSV,4,1,15,05,45,274,25,06,37,075,31,07,04,080,,09,15,040,25*7D
161074,$GPGSV,4,2,15,11,56,019,33,12,23,252,,13,17,251,25,15,08,209,*75
161144,$GPGSV,4,3,15,17,06,147,23,19,34,149,20,20,32,191,17,21,65,329,34*7B
161215,$GPGSV,4,4,15,25,10,286,10,29,06,321,32,30,09,117,16*40
161275,$GPGLL,2601.83433,N,11911.58863,E,032248.00,A,A*65
161720,$GPRMC,032249.00,A,2601.83431,N,11911.58871,E,0.688,,250626,,,A*7F
161829,$GPVTG,,T,,M,0.688,N,1.275,K,A*24
161864,$GPGGA,032249.00,2601.83431,N,11911.58871,E,1,09,1.22,48.2,M,10.0,M,,*67
161943,$GPGSA,A,3,29,21,05,09,25,17,06,11,30,,,,1.76,1.22,1.27*07
162004,$GPGSV,4,1,15,05,45,274,25,06,37,075,32,07,04,080,,09,15,040,25*7E
162076,$GPGSV,4,2,15,11,56,019,33,12,23,252,,13,17,251,24,15,08,209,*74
162146,$GPGSV,4,3,15,17,06,147,24,19,34,149,20,20,32,191,17,21,65,329,34*7C
162217,$GPGSV,4,4,15,25,10,286,10,29,06,321,32,30,09,117,14*42
162276,$GPGLL,2601.83431,N,11911.58871,E,032249.00,A,A*65
162720,$GPRMC,032250.00,A,2601.83422,N,11911.58880,E,0.046,,250626,,,A*7F
162830,$GPVTG,,T,,M,0.046,N,0.084,K,A*2D
162866,$GPGGA,032250.00,2601.83422,N,11911.58880,E,1,09,1.22,48.0,M,10.0,M,,*61
162944,$GPGSA,A,3,29,21,05,09,25,17,06,11,30,,,,1.76,1.22,1.27*07
163006,$GPGSV,4,1,15,05,45,274,25,06,37,075,32,07,04,080,,09,15,040,26*7D
163080,$GPGSV,4,2,15,11,56,019,33,12,23,252,,13,17,251,24,15,08,209,*74
163492,$GPGSV,4,3,15,17,06,147,24,19,34,149,19,20,32,191,16,21,65,329,34*77
163504,$GPGSV,4,4,15,25,10,286,18,29,06,321,32,30,09,117,13*4D
163508,$GPGLL,2601.83422,N,11911.58880,E,032250.00,A,A*61
163710,$GPRMC,032251.00,A,2601.83392,N,11911.58887,E,0.360,,250626,,,A*72
163828,$GPVTG,,T,,M,0.360,N,0.666,K,A*20
163865,$GPGGA,032251.00,2601.83392,N,11911.58887,E,1,09,1.22,47.6,M,10.0,M,,*62
163942,$GPGSA,A,3,29,21,05,09,25,17,06,11,30,,,,1.76,1.22,1.27*07
164005,$GPGSV,4,1,15,05,45,274,26,06,37,075,32,07,04,080,,09,15,040,26*7E
164075,$GPGSV,4,2,15,11,56,019,33,12,23,252,,13,17,251,25,15,08,209,*75
164145,$GPGSV,4,3,15,17,06,147,26,19,34,149,18,20,32,191,15,21,65,329,33*70
164218,$GPGSV,4,4,15,25,10,286,15,29,06,321,32,30,09,117,14*47
164275,$GPGLL,2601.83392,N,11911.58887,E,032251.00,A,A*6B
164730,$GPRMC,032252.00,A,2601.83388,N,11911.58897,E,0.208,,250626,,,A*74
164828,$GPVTG,,T,,M,0.208,N,0.386,K,A*24
164864,$GPGGA,032252.00,2601.83388,N,11911.58897,E,1,09,1.22,47.4,M,10.0,M,,*69
164943,$GPGSA,A,3,29,21,05,09,25,17,06,11,30,,,,1.76,1.22,1.27*07
165005,$GPGSV,4,1,15,05,45,274,26,06,37,075,32,07,04,080,,09,15,040,26*7E
165075,$GPGSV,4,2,15,11,56,019,32,12,23,252,,13,17,251,25,15,08,209,*74
165145,$GPGSV,4,3,15,17,06,147,25,19,34,149,18,20,32,191,14,21,65,329,33*72
165219,$GPGSV,4,4,15,25,10,286,18,29,06,321,32,30,09,117,13*4D
165364,$GPGLL,2601.83388,N,11911.58897,E,032252.00,A,A*62
165660,$GPRMC,032253.00,A,2601.83408,N,11911.58907,E,0.326,,250626,,,A*7F
165830,$GPVTG,,T,,M,0.326,N,0.604,K,A*26
165865,$GPGGA,032253.00,2601.83408,N,11911.58907,E,1,09,1.22,47.4,M,10.0,M,,*6F
165944,$GPGSA,A,3,29,21,05,09,25,17,06,11,30,,,,1.76,1.22,1.27*07
166005,$GPGSV,4,1,15,05,45,274,26,06,37,075,32,07,04,080,,09,15,040,27*7F
166079,$GPGSV,4,2,15,11,56,019,33,12,23,252,,13,17,251,25,15,08,209,*75
166145,$GPGSV,4,3,15,17,06,147,24,19,34,149,17,20,32,191,14,21,65,329,33*7C
166256,$GPGSV,4,4,15,25,10,286,20,29,06,321,32,30,09,117,17*42
166278,$GPGLL,2601.83408,N,11911.58907,E,032253.00,A,A*64
166730,$GPRMC,032254.00,A,2601.83406,N,11911.58911,E,0.399,,250626,,,A*75
166828,$GPVTG,,T,,M,0.399,N,0.739,K,A*2D
166863,$GPGGA,032254.00,2601.83406,N,11911.58911,E,1,08,1.13,47.2,M,10.0,M,,*64
166942,$GPGSA,A,3,29,21,05,09,25,06,11,30,,,,,1.61,1.13,1.16*07
167001,$GPGSV,4,1,15,05,45,274,26,06,37,075,33,07,04,080,,09,15,040,26*7F
167073,$GPGSV,4,2,15,11,56,019,33,12,23,252,,13,17,251,25,15,08,209,*75
167141,$GPGSV,4,3,15,17,06,147,,19,34,149,17,20,32,191,14,21,65,329,33*7A
167212,$GPGSV,4,4,15,25,10,286,20,29,06,321,32,30,09,117,19*4C
167270,$GPGLL,2601.83406,N,11911.58911,E,032254.00,A,A*6A
167720,$GPRMC,032255.00,A,2601.83404,N,11911.58914,E,0.765,,250626,,,A*74
167879,$GPVTG,,T,,M,0.765,N,1.416,K,A*25
167883,$GPGGA,032255.00,2601.83404,N,11911.58914,E,1,09,1.13,47.1,M,10.0,M,,*60
167941,$GPGSA,A,3,29,21,05,09,25,17,06,11,30,,,,1.61,1.13,1.16*01
168004,$GPGSV,4,1,15,05,45,274,27,06,37,075,32,07,04,080,,09,15,040,26*7F
168074,$GPGSV,4,2,15,11,56,019,33,12,23,252,,13,17,251,25,15,08,209,*75
168144,$GPGSV,4,3,15,17,06,147,23,19,34,149,17,20,32,191,14,21,65,329,33*7B
168217,$GPGSV,4,4,15,25,10,286,20,29,06,321,32,30,09,117,19*4C
168274,$GPGLL,2601.83404,N,11911.58914,E,032255.00,A,A*6C
168720,$GPRMC,032256.00,A,2601.83411,N,11911.58921,E,0.986,,250626,,,A*76
168827,$GPVTG,,T,,M,0.986,N,1.826,K,A*29
168863,$GPGGA,032256.00,2601.83411,N,11911.58921,E,1,09,1.22,47.0,M,10.0,M,,*62
168942,$GPGSA,A,3,29,21,05,09,25,17,06,11,30,,,,1.76,1.22,1.27*07
169004,$GPGSV,4,1,15,05,45,274,28,06,37,075,32,07,04,080,,09,15,040,27*71
169074,$GPGSV,4,2,15,11,56,019,32,12,23,252,,13,17,251,25,15,08,209,*74
169143,$GPGSV,4,3,15,17,06,147,23,19,34,149,17,20,32,191,13,21,65,329,33*7C
169215,$GPGSV,4,4,15,25,10,286,20,29,06,321,32,30,09,117,20*46
169275,$GPGLL,2601.83411,N,11911.58921,E,032256.00,A,A*6D
169720,$GPRMC,032257.00,A,2601.83421,N,11911.58927,E,0.370,,250626,,,A*71
169829,$GPVTG,,T,,M,0.370,N,0.686,K,A*2F
169866,$GPGGA,032257.00,2601.83421,N,11911.58927,E,1,09,1.13,46.9,M,10.0,M,,*6C
170002,$GPGSA,A,3,29,21,05,09,25,17,06,11,30,,,,1.61,1.13,1.16*01
170007,$GPGSV,4,1,15,05,45,274,28,06,37,075,32,07,04,080,,09,15,040,26*70
170076,$GPGSV,4,2,15,11,56,019,32,12,23,252,,13,17,251,24,15,08,209,*75
170144,$GPGSV,4,3,15,17,06,147,23,19,34,149,17,20,32,191,12,21,65,329,32*7C
170218,$GPGSV,4,4,15,25,10,286,20,29,06,321,32,30,09,117,20*46
170275,$GPGLL,2601.83421,N,11911.58927,E,032257.00,A,A*69
# status,170 s,nmea,1507,fix,337,utc,032257.00,mode,2
170730,$GPRMC,032258.00,A,2601.83403,N,11911.58932,E,0.244,,250626,,,A*7C
170905,$GPVTG,,T,,M,0.244,N,0.451,K,A*21
170908,$GPGGA,032258.00,2601.83403,N,11911.58932,E,1,08,1.13,46.6,M,10.0,M,,*69
170945,$GPGSA,A,3,29,21,05,09,25,06,11,30,,,,,1.61,1.13,1.16*07
171003,$GPGSV,4,1,15,05,45,274,28,06,37,075,32,07,04,080,,09,15,040,25*73
171076,$GPGSV,4,2,15,11,56,019,32,12,23,252,,13,17,251,24,15,08,209,*75
171143,$GPGSV,4,3,15,17,06,147,,19,34,149,17,20,32,191,11,21,65,329,33*7F
171215,$GPGSV,4,4,15,25,10,286,20,29,06,321,31,30,09,117,20*45
171274,$GPGLL,2601.83403,N,11911.58932,E,032258.00,A,A*62
171720,$GPRMC,032259.00,A,2601.83409,N,11911.58939,E,0.691,,250626,,,A*70
171831,$GPVTG,,T,,M,0.691,N,1.281,K,A*27
171866,$GPGGA,032259.00,2601.83409,N,11911.58939,E,1,09,1.13,46.5,M,10.0,M,,*6B
171945,$GPGSA,A,3,29,21,05,09,25,17,06,11,30,,,,1.61,1.13,1.16*01
172008,$GPGSV,4,1,15,05,45,274,28,06,37,075,32,07,04,080,,09,15,040,25*73
172164,$GPGSV,4,2,15,11,56,019,31,12,23,252,,13,17,251,24,15,08,209,*76
172169,$GPGSV,4,3,15,17,06,147,22,19,34,149,16,20,32,191,12,21,65,329,33*7D
172220,$GPGSV,4,4,15,25,10,286,21,29,06,321,31,30,09,117,21*45
172277,$GPGLL,2601.83409,N,11911.58939,E,032259.00,A,A*62
172730,$GPRMC,032300.00,A,2601.83427,N,11911.58945,E,0.833,,250626,,,A*7C
172830,$GPVTG,,T,,M,0.833,N,1.543,K,A*28
172868,$GPGGA,032300.00,2601.83427,N,11911.58945,E,1,09,1.13,46.4,M,10.0,M,,*60
172944,$GPGSA,A,3,29,21,05,09,25,17,06,11,30,,,,1.61,1.13,1.16*01
173045,$GPGSV,4,1,15,05,45,274,28,06,37,075,32,07,04,080,,09,15,040,25*73
173078,$GPGSV,4,2,15,11,56,019,32,12,23,252,,13,17,251,24,15,08,209,*75
173148,$GPGSV,4,3,15,17,06,147,22,19,34,149,16,20,32,191,12,21,65,329,32*7C
173221,$GPGSV,4,4,15,25,10,286,21,29,06,321,31,30,09,117,21*45
173278,$GPGLL,2601.83427,N,11911.58945,E,032300.00,A,A*68
173730,$GPRMC,032301.00,A,2601.83431,N,11911.58948,E,0.478,,250626,,,A*74
173830,$GPVTG,,T,,M,0.478,N,0.885,K,A*2D
173865,$GPGGA,032301.00,2601.83431,N,11911.58948,E,1,09,1.13,46.3,M,10.0,M,,*6C
173944,$GPGSA,A,3,29,21,05,09,25,17,06,11,30,,,,1.61,1.13,1.16*01
174006,$GPGSV,4,1,15,05,45,274,28,06,37,075,31,07,04,080,,09,15,040,25*70
174076,$GPGSV,4,2,15,11,56,019,32,12,23,252,,13,17,251,25,15,08,209,*74
174148,$GPGSV,4,3,15,17,06,147,22,19,34,149,16,20,32,191,11,21,65,329,32*7F
174270,$GPGSV,4,4,15,25,10,286,21,29,06,321,31,30,09,117,20*44
174278,$GPGLL,2601.83431,N,11911.58948,E,032301.00,A,A*63
174730,$GPRMC,032302.00,A,2601.83438,N,11911.58950,E,0.149,,250626,,,A*70
174830,$GPVTG,,T,,M,0.149,N,0.276,K,A*2C
174865,$GPGGA,032302.00,2601.83438,N,11911.58950,E,1,09,1.13,46.2,M,10.0,M,,*6E
174944,$GPGSA,A,3,29,21,05,09,25,17,06,11,30,,,,1.61,1.13,1.16*01
175005,$GPGSV,4,1,15,05,45,274,29,06,37,075,31,07,04,080,,09,15,040,25*71
175077,$GPGSV,4,2,15,11,56,019,32,12,23,252,,13,17,251,25,15,08,209,*74
175145,$GPGSV,4,3,15,17,06,147,22,19,34,149,17,20,32,191,11,21,65,329,32*7E
175219,$GPGSV,4,4,15,25,10,286,21,29,06,321,31,30,09,117,20*44
175277,$GPGLL,2601.83438,N,11911.58950,E,032302.00,A,A*60
175730,$GPRMC,032303.00,A,2601.83461,N,11911.58960,E,0.109,,250626,,,A*7A
175830,$GPVTG,,T,,M,0.109,N,0.201,K,A*28
175865,$GPGGA,032303.00,2601.83461,N,11911.58960,E,1,09,1.22,46.2,M,10.0,M,,*62
175943,$GPGSA,A,3,29,21,05,09,25,17,06,11,30,,,,1.77,1.22,1.28*09
176006,$GPGSV,4,1,15,05,45,274,29,06,37,075,30,07,04,080,,09,15,040,25*70
176077,$GPGSV,4,2,15,11,56,019,32,12,23,252,,13,17,251,25,15,08,209,*74
176145,$GPGSV,4,3,15,17,06,147,22,19,34,149,18,20,32,191,13,21,65,329,32*73
176219,$GPGSV,4,4,15,25,10,286,21,29,06,321,31,30,09,117,20*44
176279,$GPGLL,2601.83461,N,11911.58960,E,032303.00,A,A*6E
176690,$GPRMC,032304.00,A,2601.83471,N,11911.58965,E,0.119,,250626,,,A*78
176831,$GPVTG,,T,,M,0.119,N,0.221,K,A*2B
176868,$GPGGA,032304.00,2601.83471,N,11911.58965,E,1,09,1.22,46.2,M,10.0,M,,*61
176945,$GPGSA,A,3,29,21,05,09,25,17,06,11,30,,,,1.77,1.22,1.28*09
177008,$GPGSV,4,1,15,05,45,274,29,06,37,075,30,07,04,080,,09,15,040,25*70
177078,$GPGSV,4,2,15,11,56,019,32,12,23,252,,13,17,251,24,15,08,209,*75
177148,$GPGSV,4,3,15,17,06,147,22,19,34,149,17,20,32,191,15,21,65,329,32*7A
177220,$GPGSV,4,4,15,25,10,286,21,29,06,321,31,30,09,117,20*44
177279,$GPGLL,2601.83471,N,11911.58965,E,032304.00,A,A*6D
177730,$GPRMC,032305.00,A,2601.83481,N,11911.58968,E,0.243,,250626,,,A*77
177833,$GPVTG,,T,,M,0.243,N,0.450,K,A*27
177867,$GPGGA,032305.00,2601.83481,N,11911.58968,E,1,09,1.13,46.2,M,10.0,M,,*60
177945,$GPGSA,A,3,29,21,05,09,25,17,06,11,30,,,,1.61,1.13,1.16*01
178007,$GPGSV,4,1,15,05,45,274,29,06,37,075,30,07,04,080,,09,15,040,26*73
178079,$GPGSV,4,2,15,11,56,019,32,12,23,252,,13,17,251,24,15,08,209,*75
178147,$GPGSV,4,3,15,17,06,147,22,19,34,149,17,20,32,191,17,21,65,329,32*78
178219,$GPGSV,4,4,15,25,10,286,20,29,06,321,31,30,09,117,20*45
178279,$GPGLL,2601.83481,N,11911.58968,E,032305.00,A,A*6E
178730,$GPRMC,032306.00,A,2601.83483,N,11911.58971,E,0.069,,250626,,,A*74
178832,$GPVTG,,T,,M,0.069,N,0.127,K,A*28
178952,$GPGGA,032306.00,2601.83483,N,11911.58971,E,1,09,1.13,46.1,M,10.0,M,,*6A
178958,$GPGSA,A,3,29,21,05,09,25,17,06,11,30,,,,1.61,1.13,1.16*01
179005,$GPGSV,4,1,15,05,45,274,29,06,37,075,30,07,04,080,,09,15,040,26*73
179078,$GPGSV,4,2,15,11,56,019,32,12,23,252,,13,17,251,24,15,08,209,*75
179145,$GPGSV,4,3,15,17,06,147,21,19,34,149,17,20,32,191,17,21,65,329,32*7B
179219,$GPGSV,4,4,15,25,10,286,20,29,06,321,31,30,09,117,20*45
179277,$GPGLL,2601.83483,N,11911.58971,E,032306.00,A,A*67
179730,$GPRMC,032307.00,A,2601.83483,N,11911.58975,E,0.265,,250626,,,A*7F
179831,$GPVTG,,T,,M,0.265,N,0.490,K,A*2F
180246,$GPGGA,032307.00,2601.83483,N,11911.58975,E,1,09,1.13,45.9,M,10.0,M,,*64
180251,$GPGSA,A,3,29,21,05,09,25,17,06,11,30,,,,1.61,1.13,1.16*01
180263,$GPGSV,4,1,15,05,45,274,29,06,37,075,30,07,04,080,,09,15,040,26*73
180268,$GPGSV,4,2,15,11,56,019,32,12,23,252,,13,17,251,25,15,08,209,*74
180274,$GPGSV,4,3,15,17,06,147,21,19,34,149,17,20,32,191,17,21,65,329,31*78
180279,$GPGSV,4,4,15,25,10,286,20,29,06,321,31,30,09,117,19*4F
180283,$GPGLL,2601.83483,N,11911.58975,E,032307.00,A,A*62
# status,180 s,nmea,1597,fix,357,utc,032307.00,mode,2
180730,$GPRMC,032308.00,A,2601.83503,N,11911.58981,E,0.304,,250626,,,A*74
180877,$GPVTG,,T,,M,0.304,N,0.562,K,A*25
180881,$GPGGA,032308.00,2601.83503,N,11911.58981,E,1,09,1.22,46.0,M,10.0,M,,*61
180945,$GPGSA,A,3,29,21,05,09,25,17,06,11,30,,,,1.77,1.22,1.28*09
181049,$GPGSV,4,1,15,05,45,274,29,06,37,075,30,07,04,080,,09,15,040,27*72
181076,$GPGSV,4,2,15,11,56,019,32,12,23,252,,13,17,251,25,15,08,209,*74
181144,$GPGSV,4,3,15,17,06,147,21,19,34,149,17,20,32,191,18,21,65,329,32*74
181218,$GPGSV,4,4,15,25,10,286,19,29,06,321,31,30,09,117,19*45
181277,$GPGLL,2601.83503,N,11911.58981,E,032308.00,A,A*6F
181730,$GPRMC,032309.00,A,2601.83499,N,11911.58987,E,0.563,,250626,,,A*76
181829,$GPVTG,,T,,M,0.563,N,1.042,K,A*24
181867,$GPGGA,032309.00,2601.83499,N,11911.58987,E,1,09,1.22,45.9,M,10.0,M,,*6E
181943,$GPGSA,A,3,29,21,05,09,25,17,06,11,30,,,,1.77,1.22,1.28*09
182007,$GPGSV,4,1,15,05,45,274,29,06,37,075,30,07,04,080,,09,15,040,27*72
182077,$GPGSV,4,2,15,11,56,019,32,12,23,252,,13,17,251,24,15,08,209,*75
182146,$GPGSV,4,3,15,17,06,147,21,19,34,149,17,20,32,191,18,21,65,329,32*74
182218,$GPGSV,4,4,15,25,10,286,19,29,06,321,31,30,09,117,18*44
182278,$GPGLL,2601.83499,N,11911.58987,E,032309.00,A,A*6A
182730,$GPRMC,032310.00,A,2601.83505,N,11911.58992,E,0.131,,250626,,,A*7D
182828,$GPVTG,,T,,M,0.131,N,0.242,K,A*24
182863,$GPGGA,032310.00,2601.83505,N,11911.58992,E,1,09,1.22,45.8,M,10.0,M,,*67
182942,$GPGSA,A,3,29,21,05,09,25,17,06,11,30,,,,1.77,1.22,1.28*09
183003,$GPGSV,4,1,15,05,45,274,29,06,37,075,29,07,04,080,,09,15,040,27*7A
183077,$GPGSV,4,2,15,11,56,019,32,12,23,252,,13,17,251,24,15,08,209,*75
183202,$GPGSV,4,3,15,17,06,147,20,19,34,149,16,20,32,191,19,21,65,329,31*76
183216,$GPGSV,4,4,15,25,10,286,19,29,06,321,32,30,09,117,19*46
183275,$GPGLL,2601.83505,N,11911.58992,E,032310.00,A,A*62
183720,$GPRMC,032311.00,A,2601.83495,N,11911.59000,E,0.362,,250626,,,A*73
183827,$GPVTG,,T,,M,0.362,N,0.670,K,A*25
183862,$GPGGA,032311.00,2601.83495,N,11911.59000,E,1,09,1.22,45.6,M,10.0,M,,*63
183941,$GPGSA,A,3,29,21,05,09,25,17,06,11,30,,,,1.77,1.22,1.28*09
184002,$GPGSV,4,1,15,05,45,274,28,06,37,075,30,07,04,080,,09,15,040,27*73
184074,$GPGSV,4,2,15,11,56,019,32,12,23,252,,13,17,251,24,15,08,209,*75
184142,$GPGSV,4,3,15,17,06,147,20,19,34,149,16,20,32,191,20,21,65,329,31*7C
184216,$GPGSV,4,4,15,25,10,286,18,29,06,321,31,30,09,117,19*44
184273,$GPGLL,2601.83495,N,11911.59000,E,032311.00,A,A*68
184720,$GPRMC,032312.00,A,2601.83514,N,11911.59005,E,0.266,,250626,,,A*78
184829,$GPVTG,,T,,M,0.266,N,0.492,K,A*2E
184866,$GPGGA,032312.00,2601.83514,N,11911.59005,E,1,09,1.22,45.7,M,10.0,M,,*6C
184943,$GPGSA,A,3,29,21,05,09,25,17,06,11,30,,,,1.77,1.22,1.28*09
185006,$GPGSV,4,1,15,05,45,274,28,06,37,075,30,07,04,080,,09,15,040,28*7C
185076,$GPGSV,4,2,15,11,56,019,32,12,23,252,,13,17,251,24,15,08,209,*75
185146,$GPGSV,4,3,15,17,06,147,20,19,34,149,16,20,32,191,21,21,65,329,31*7D
185222,$GPGSV,4,4,15,25,10,286,16,29,06,321,31,30,09,117,19*4A
185363,$GPGLL,2601.83514,N,11911.59005,E,032312.00,A,A*66
185760,$GPRMC,032313.00,A,2601.83527,N,11911.59008,E,0.078,,250626,,,A*79
185835,$GPVTG,,T,,M,0.078,N,0.145,K,A*2C
185872,$GPGGA,032313.00,2601.83527,N,11911.59008,E,1,09,1.22,45.7,M,10.0,M,,*60
185951,$GPGSA,A,3,29,21,05,09,25,17,06,11,30,,,,1.77,1.22,1.28*09
186013,$GPGSV,4,1,15,05,45,274,28,06,37,075,30,07,04,080,,09,15,040,28*7C
186083,$GPGSV,4,2,15,11,56,019,32,12,23,252,,13,17,251,24,15,08,209,*75
186152,$GPGSV,4,3,15,17,06,147,20,19,34,149,13,20,32,191,21,21,65,329,31*78
186224,$GPGSV,4,4,15,25,10,286,15,29,06,321,31,30,09,117,19*49
186320,$GPGLL,2601.83527,N,11911.59008,E,032313.00,A,A*6A
186730,$GPRMC,032314.00,A,2601.83541,N,11911.59014,E,0.085,,250626,,,A*71
186826,$GPVTG,,T,,M,0.085,N,0.158,K,A*22
186861,$GPGGA,032314.00,2601.83541,N,11911.59014,E,1,08,1.22,45.7,M,10.0,M,,*6B
186940,$GPGSA,A,3,29,21,05,09,25,06,11,30,,,,,1.77,1.22,1.28*0F
186999,$GPGSV,4,1,15,05,45,274,28,06,37,075,30,07,04,080,,09,15,040,28*7C
187071,$GPGSV,4,2,15,11,56,019,32,12,23,252,,13,17,251,24,15,08,209,*75
187140,$GPGSV,4,3,15,17,06,147,,19,34,149,11,20,32,191,21,21,65,329,30*79
187209,$GPGSV,4,4,15,25,10,286,15,29,06,321,31,30,09,117,19*49
187269,$GPGLL,2601.83541,N,11911.59014,E,032314.00,A,A*60
187720,$GPRMC,032315.00,A,2601.83552,N,11911.59022,E,0.301,,250626,,,A*78
187878,$GPVTG,,T,,M,0.301,N,0.557,K,A*26
187882,$GPGGA,032315.00,2601.83552,N,11911.59022,E,1,08,1.22,45.7,M,10.0,M,,*6D
187942,$GPGSA,A,3,29,21,05,09,25,06,11,30,,,,,1.77,1.22,1.28*0F
188001,$GPGSV,4,1,15,05,45,274,28,06,37,075,30,07,04,080,,09,15,040,28*7C
188073,$GPGSV,4,2,15,11,56,019,32,12,23,252,,13,17,251,24,15,08,209,*75
188141,$GPGSV,4,3,15,17,06,147,,19,34,149,10,20,32,191,21,21,65,329,30*78
188212,$GPGSV,4,4,15,25,10,286,14,29,06,321,31,30,09,117,18*49
188270,$GPGLL,2601.83552,N,11911.59022,E,032315.00,A,A*66
188720,$GPRMC,032316.00,A,2601.83555,N,11911.59027,E,0.542,,250626,,,A*78
188828,$GPVTG,,T,,M,0.542,N,1.004,K,A*25
188865,$GPGGA,032316.00,2601.83555,N,11911.59027,E,1,08,1.22,45.6,M,10.0,M,,*6D
188942,$GPGSA,A,3,29,21,05,09,17,06,11,30,,,,,1.77,1.22,1.28*0E
189003,$GPGSV,4,1,15,05,45,274,27,06,37,075,30,07,04,080,,09,15,040,28*73
189073,$GPGSV,4,2,15,11,56,019,32,12,23,252,,13,17,251,24,15,08,209,*75
189145,$GPGSV,4,3,15,17,06,147,17,19,34,149,10,20,32,191,22,21,65,329,30*7D
189215,$GPGSV,4,4,15,25,10,286,,29,06,321,31,30,09,117,18*4C
189273,$GPGLL,2601.83555,N,11911.59027,E,032316.00,A,A*67
189720,$GPRMC,032317.00,A,2601.83564,N,11911.59031,E,0.085,,250626,,,A*72
189825,$GPVTG,,T,,M,0.085,N,0.158,K,A*22
189863,$GPGGA,032317.00,2601.83564,N,11911.59031,E,1,08,1.22,45.7,M,10.0,M,,*68
190001,$GPGSA,A,3,29,21,05,09,17,06,11,30,,,,,1.77,1.22,1.28*0E
190005,$GPGSV,4,1,15,05,45,274,28,06,37,075,30,07,04,080,,09,15,040,28*7C
190070,$GPGSV,4,2,15,11,56,019,32,12,23,252,,13,17,251,24,15,08,209,*75
190139,$GPGSV,4,3,15,17,06,147,17,19,34,149,10,20,32,191,22,21,65,329,30*7D
190211,$GPGSV,4,4,15,25,10,286,,29,06,321,31,30,09,117,19*4D
190269,$GPGLL,2601.83564,N,11911.59031,E,032317.00,A,A*63
# status,190 s,nmea,1687,fix,377,utc,032317.00,mode,2
190724,$GPRMC,032318.00,A,2601.83567,N,11911.59036,E,0.237,,250626,,,A*72
190904,$GPVTG,,T,,M,0.237,N,0.440,K,A*25
190907,$GPGGA,032318.00,2601.83567,N,11911.59036,E,1,09,1.22,45.7,M,10.0,M,,*62
190942,$GPGSA,A,3,29,21,05,09,25,17,06,11,30,,,,1.77,1.22,1.28*09
191004,$GPGSV,4,1,15,05,45,274,28,06,37,075,30,07,04,080,,09,15,040,28*7C
191074,$GPGSV,4,2,15,11,56,019,32,12,23,252,,13,17,251,23,15,08,209,*72
191144,$GPGSV,4,3,15,17,06,147,18,19,34,149,10,20,32,191,22,21,65,329,30*72
191216,$GPGSV,4,4,15,25,10,286,16,29,06,321,31,30,09,117,17*44
191275,$GPGLL,2601.83567,N,11911.59036,E,032318.00,A,A*68
191720,$GPRMC,032319.00,A,2601.83566,N,11911.59042,E,0.084,,250626,,,A*7B
191830,$GPVTG,,T,,M,0.084,N,0.155,K,A*2E
191866,$GPGGA,032319.00,2601.83566,N,11911.59042,E,1,09,1.22,45.6,M,10.0,M,,*60
191944,$GPGSA,A,3,29,21,05,09,25,17,06,11,30,,,,1.77,1.22,1.28*09
192008,$GPGSV,4,1,15,05,45,274,27,06,37,075,30,07,04,080,,09,15,040,28*73
192163,$GPGSV,4,2,15,11,56,019,32,12,23,252,,13,17,251,23,15,08,209,*72
192167,$GPGSV,4,3,15,17,06,147,18,19,34,149,10,20,32,191,23,21,65,329,30*73
192219,$GPGSV,4,4,15,25,10,286,16,29,06,321,31,30,09,117,17*44
192278,$GPGLL,2601.83566,N,11911.59042,E,032319.00,A,A*6B
192730,$GPRMC,032320.00,A,2601.83572,N,11911.59044,E,0.261,,250626,,,A*7B
192830,$GPVTG,,T,,M,0.261,N,0.483,K,A*29
192865,$GPGGA,032320.00,2601.83572,N,11911.59044,E,1,09,1.22,45.5,M,10.0,M,,*6A
192943,$GPGSA,A,3,29,21,05,09,25,17,06,11,30,,,,1.77,1.22,1.28*09
193006,$GPGSV,4,1,15,05,45,274,27,06,37,075,29,07,04,080,,09,15,040,28*7B
193116,$GPGSV,4,2,15,11,56,019,32,12,23,252,,13,17,251,24,15,08,209,*75
193145,$GPGSV,4,3,15,17,06,147,19,19,34,149,12,20,32,191,22,21,65,329,30*71
193219,$GPGSV,4,4,15,25,10,286,15,29,06,321,30,30,09,117,17*46
193276,$GPGLL,2601.83572,N,11911.59044,E,032320.00,A,A*62
193730,$GPRMC,032321.00,A,2601.83580,N,11911.59044,E,0.128,,250626,,,A*79
193830,$GPVTG,,T,,M,0.128,N,0.237,K,A*2E
193867,$GPGGA,032321.00,2601.83580,N,11911.59044,E,1,09,1.22,45.5,M,10.0,M,,*66
193944,$GPGSA,A,3,29,21,05,09,25,17,06,11,30,,,,1.77,1.22,1.28*09
194007,$GPGSV,4,1,15,05,45,274,27,06,37,075,30,07,04,080,,09,15,040,28*73
194077,$GPGSV,4,2,15,11,56,019,32,12,23,252,,13,17,251,24,15,08,209,*75
194149,$GPGSV,4,3,15,17,06,147,18,19,34,149,12,20,32,191,23,21,65,329,30*71
194269,$GPGSV,4,4,15,25,10,286,12,29,06,321,31,30,09,117,17*40
194278,$GPGLL,2601.83580,N,11911.59044,E,032321.00,A,A*6E
194730,$GPRMC,032322.00,A,2601.83580,N,11911.59045,E,0.198,,250626,,,A*70
194833,$GPVTG,,T,,M,0.198,N,0.368,K,A*2E
194869,$GPGGA,032322.00,2601.83580,N,11911.59045,E,1,09,1.13,45.5,M,10.0,M,,*66
194947,$GPGSA,A,3,29,21,05,09,25,17,06,11,30,,,,1.62,1.13,1.16*02
195010,$GPGSV,4,1,15,05,45,274,26,06,37,075,30,07,04,080,,09,15,040,29*73
195080,$GPGSV,4,2,15,11,56,019,31,12,23,252,,13,17,251,24,15,08,209,*76
195149,$GPGSV,4,3,15,17,06,147,18,19,34,149,12,20,32,191,23,21,65,329,30*71
195221,$GPGSV,4,4,15,25,10,286,12,29,06,321,31,30,09,117,17*40
195281,$GPGLL,2601.83580,N,11911.59045,E,032322.00,A,A*6C
195730,$GPRMC,032323.00,A,2601.83596,N,11911.59043,E,0.220,,250626,,,A*70
195831,$GPVTG,,T,,M,0.220,N,0.407,K,A*20
195866,$GPGGA,032323.00,2601.83596,N,11911.59043,E,1,09,1.13,45.6,M,10.0,M,,*65
195945,$GPGSA,A,3,29,21,05,09,25,17,06,11,30,,,,1.62,1.13,1.16*02
196006,$GPGSV,4,1,15,05,45,275,26,06,37,075,30,07,04,080,,09,15,040,28*73
196078,$GPGSV,4,2,15,11,56,019,31,12,23,252,,13,17,251,23,15,08,209,*71
196146,$GPGSV,4,3,15,17,06,147,18,19,34,149,12,20,32,191,23,21,65,329,31*70
196220,$GPGSV,4,4,15,25,10,286,14,29,06,321,31,30,09,117,17*46
196280,$GPGLL,2601.83596,N,11911.59043,E,032323.00,A,A*6C
196800,$GPRMC,032324.00,A,2601.83611,N,11911.59047,E,0.217,,250626,,,A*7B
196834,$GPVTG,,T,,M,0.217,N,0.402,K,A*21
196869,$GPGGA,032324.00,2601.83611,N,11911.59047,E,1,09,1.22,45.6,M,10.0,M,,*68
196946,$GPGSA,A,3,29,21,05,09,25,17,06,11,30,,,,1.77,1.22,1.28*09
197011,$GPGSV,4,1,15,05,45,275,25,06,37,076,30,07,04,080,,09,15,040,28*73
197081,$GPGSV,4,2,15,11,56,019,31,12,23,252,,13,17,251,24,15,08,209,*76
197149,$GPGSV,4,3,15,17,06,147,18,19,34,149,12,20,32,191,23,21,65,329,31*70
197222,$GPGSV,4,4,15,25,10,286,15,29,06,321,31,30,09,117,17*47
197280,$GPGLL,2601.83611,N,11911.59047,E,032324.00,A,A*63
197730,$GPRMC,032325.00,A,2601.83612,N,11911.59043,E,0.384,,250626,,,A*76
197831,$GPVTG,,T,,M,0.384,N,0.712,K,A*28
197868,$GPGGA,032325.00,2601.83612,N,11911.59043,E,1,09,1.13,45.6,M,10.0,M,,*6C
197945,$GPGSA,A,3,29,21,05,09,25,17,06,11,30,,,,1.62,1.13,1.16*02
198008,$GPGSV,4,1,15,05,45,275,25,06,37,076,31,07,04,080,,09,15,040,28*72
198078,$GPGSV,4,2,15,11,56,019,30,12,23,252,,13,17,251,24,15,08,209,*77
198148,$GPGSV,4,3,15,17,06,147,18,19,34,149,12,20,32,191,23,21,65,329,31*70
198220,$GPGSV,4,4,15,25,10,286,16,29,06,321,31,30,09,117,15*46
198279,$GPGLL,2601.83612,N,11911.59043,E,032325.00,A,A*65
198730,$GPRMC,032326.00,A,2601.83597,N,11911.59039,E,0.027,,250626,,,A*7C
198833,$GPVTG,,T,,M,0.027,N,0.050,K,A*23
198951,$GPGGA,032326.00,2601.83597,N,11911.59039,E,1,09,1.13,45.4,M,10.0,M,,*6E
198957,$GPGSA,A,3,29,21,05,09,25,17,06,11,30,,,,1.62,1.13,1.16*02
199007,$GPGSV,4,1,15,05,45,275,26,06,37,076,32,07,04,080,,09,15,040,28*72
199079,$GPGSV,4,2,15,11,56,019,30,12,23,252,,13,17,251,23,15,08,209,*70
199148,$GPGSV,4,3,15,17,06,147,18,19,34,149,15,20,32,191,24,21,65,329,31*70
199219,$GPGSV,4,4,15,25,10,286,17,29,06,321,32,30,09,117,15*44
199279,$GPGLL,2601.83597,N,11911.59039,E,032326.00,A,A*65
199730,$GPRMC,032327.00,A,2601.83597,N,11911.59042,E,0.290,,250626,,,A*7F
199830,$GPVTG,,T,,M,0.290,N,0.537,K,A*29
199865,$GPGGA,032327.00,2601.83597,N,11911.59042,E,1,09,1.23,45.3,M,10.0,M,,*67
199980,$GPGSA,A,3,29,21,05,09,25,17,06,11,30,,,,1.77,1.23,1.28*08
200005,$GPGSV,4,1,15,05,45,275,26,06,37,076,32,07,04,080,,09,15,040,28*72
200078,$GPGSV,4,2,15,11,56,019,30,12,23,252,,13,17,251,24,15,08,209,*77
200145,$GPGSV,4,3,15,17,06,147,18,19,34,149,15,20,32,191,24,21,65,329,30*71
200219,$GPGSV,4,4,15,25,10,286,19,29,06,321,32,30,09,117,16*49
200277,$GPGLL,2601.83597,N,11911.59042,E,032327.00,A,A*68
# status,200 s,nmea,1777,fix,397,utc,032327.00,mode,2
200733,$GPRMC,032328.00,A,2601.83619,N,11911.59047,E,0.016,,250626,,,A*7C
200876,$GPVTG,,T,,M,0.016,N,0.029,K,A*2F
200880,$GPGGA,032328.00,2601.83619,N,11911.59047,E,1,09,1.23,45.5,M,10.0,M,,*6E
200949,$GPGSA,A,3,29,21,05,09,25,17,06,11,30,,,,1.77,1.23,1.28*08
201058,$GPGSV,4,1,15,05,45,275,26,06,37,076,31,07,04,080,,09,15,040,29*70
201079,$GPGSV,4,2,15,11,56,019,30,12,23,252,,13,17,251,24,15,08,209,*77
201147,$GPGSV,4,3,15,17,06,147,17,19,34,149,15,20,32,191,24,21,65,329,31*7F
201220,$GPGSV,4,4,15,25,10,286,20,29,06,321,32,30,09,117,17*42
201279,$GPGLL,2601.83619,N,11911.59047,E,032328.00,A,A*67
201730,$GPRMC,032329.00,A,2601.83632,N,11911.59050,E,0.159,,250626,,,A*78
201828,$GPVTG,,T,,M,0.159,N,0.295,K,A*20
201864,$GPGGA,032329.00,2601.83632,N,11911.59050,E,1,09,1.23,45.6,M,10.0,M,,*63
201941,$GPGSA,A,3,29,21,05,09,25,17,06,11,30,,,,1.77,1.23,1.28*08
202005,$GPGSV,4,1,15,05,45,275,26,06,37,076,32,07,04,080,,09,15,040,29*73
202076,$GPGSV,4,2,15,11,56,020,29,12,23,252,,13,17,251,23,15,08,209,*72
202143,$GPGSV,4,3,15,17,06,147,18,19,34,149,15,20,32,191,24,21,65,329,30*71
202217,$GPGSV,4,4,15,25,10,286,21,29,06,321,32,30,09,117,17*43
202275,$GPGLL,2601.83632,N,11911.59050,E,032329.00,A,A*69
202720,$GPRMC,032330.00,A,2601.83646,N,11911.59053,E,0.268,,250626,,,A*71
202830,$GPVTG,,T,,M,0.268,N,0.496,K,A*24
202867,$GPGGA,032330.00,2601.83646,N,11911.59053,E,1,09,1.23,45.8,M,10.0,M,,*65
202944,$GPGSA,A,3,29,21,05,09,25,17,06,11,30,,,,1.77,1.23,1.28*08
203007,$GPGSV,4,1,15,05,45,275,26,06,37,076,32,07,04,080,,09,15,040,29*73
203079,$GPGSV,4,2,15,11,56,020,29,12,23,251,,13,17,251,23,15,08,209,*71
203211,$GPGSV,4,3,15,17,06,147,18,19,34,149,15,20,32,191,24,21,65,329,31*70
203219,$GPGSV,4,4,15,25,10,286,20,29,06,321,32,30,09,117,17*42
203278,$GPGLL,2601.83646,N,11911.59053,E,032330.00,A,A*61
203730,$GPRMC,032331.00,A,2601.83655,N,11911.59054,E,0.478,,250626,,,A*72
203837,$GPVTG,,T,,M,0.478,N,0.886,K,A*2E
203872,$GPGGA,032331.00,2601.83655,N,11911.59054,E,1,09,1.23,46.0,M,10.0,M,,*6A
203951,$GPGSA,A,3,29,21,05,09,25,17,06,11,30,,,,1.77,1.23,1.28*08
204012,$GPGSV,4,1,15,05,45,275,26,06,37,076,31,07,04,080,,09,15,040,29*70
204084,$GPGSV,4,2,15,11,56,020,29,12,23,251,,13,17,251,24,15,08,209,*76
204153,$GPGSV,4,3,15,17,06,147,17,19,34,149,15,20,32,191,24,21,65,329,31*7F
204225,$GPGSV,4,4,15,25,10,286,20,29,06,321,32,30,09,117,16*43
204285,$GPGLL,2601.83655,N,11911.59054,E,032331.00,A,A*65
204730,$GPRMC,032332.00,A,2601.83676,N,11911.59057,E,0.458,,250626,,,A*71
204833,$GPVTG,,T,,M,0.458,N,0.847,K,A*21
204867,$GPGGA,032332.00,2601.83676,N,11911.59057,E,1,09,1.23,46.2,M,10.0,M,,*69
204946,$GPGSA,A,3,29,21,05,09,25,17,06,11,30,,,,1.77,1.23,1.28*08
205007,$GPGSV,4,1,15,05,45,275,26,06,37,076,31,07,04,080,,09,15,040,29*70
205079,$GPGSV,4,2,15,11,56,020,30,12,23,251,,13,17,251,23,15,08,209,*79
205147,$GPGSV,4,3,15,17,06,147,17,19,34,149,10,20,32,191,24,21,65,329,31*7A
205222,$GPGSV,4,4,15,25,10,286,19,29,06,321,32,30,09,117,16*49
205362,$GPGLL,2601.83676,N,11911.59057,E,032332.00,A,A*64
205660,$GPRMC,032333.00,A,2601.83688,N,11911.59060,E,0.053,,250626,,,A*7A
205830,$GPVTG,,T,,M,0.053,N,0.098,K,A*24
205868,$GPGGA,032333.00,2601.83688,N,11911.59060,E,1,09,1.23,46.2,M,10.0,M,,*6D
205944,$GPGSA,A,3,29,21,05,09,25,17,06,11,30,,,,1.77,1.23,1.28*08
206008,$GPGSV,4,1,15,05,45,275,27,06,37,076,32,07,04,080,,09,15,040,29*72
206078,$GPGSV,4,2,15,11,56,020,29,12,23,251,,13,17,251,23,15,09,209,*70
206147,$GPGSV,4,3,15,17,06,147,17,19,34,149,10,20,32,191,23,21,65,329,31*7D
206220,$GPGSV,4,4,15,25,10,286,19,29,06,321,32,30,09,117,15*4A
206278,$GPGLL,2601.83688,N,11911.59060,E,032333.00,A,A*60
206670,$GPRMC,032334.00,A,2601.83682,N,11911.59062,E,0.132,,250626,,,A*73
206831,$GPVTG,,T,,M,0.132,N,0.244,K,A*21
206868,$GPGGA,032334.00,2601.83682,N,11911.59062,E,1,09,1.23,46.2,M,10.0,M,,*62
206945,$GPGSA,A,3,29,21,05,09,25,17,06,11,30,,,,1.77,1.23,1.28*08
207008,$GPGSV,4,1,15,05,45,275,27,06,37,076,32,07,04,080,,09,15,040,29*72
207078,$GPGSV,4,2,15,11,56,020,29,12,23,251,,13,17,251,23,15,09,209,*70
207148,$GPGSV,4,3,15,17,06,147,18,19,34,149,10,20,32,191,23,21,65,329,31*72
207219,$GPGSV,4,4,15,25,10,286,19,29,06,321,32,30,09,117,14*4B
207279,$GPGLL,2601.83682,N,11911.59062,E,032334.00,A,A*6F
207730,$GPRMC,032335.00,A,2601.83665,N,11911.59063,E,0.096,,250626,,,A*75
208317,$GPVTG,,T,,M,0.096,N,0.179,K,A*23
208321,$GPGGA,032335.00,2601.83665,N,11911.59063,E,1,09,1.23,46.1,M,10.0,M,,*68
208326,$GPGSA,A,3,29,21,05,09,25,17,06,11,30,,,,1.77,1.23,1.28*08
208330,$GPGSV,4,1,15,05,45,275,27,06,37,076,32,07,04,080,,09,15,040,29*72
208344,$GPGSV,4,2,15,11,56,,25,10,286,19,29,06,321,32,30,09,117,13*4C
208349,$GPGLL,2601.83665,N,11911.59063,E,032335.00,A,A*66
208750,$GPRMC,032336.00,A,2601.83663,N,11911.59061,E,0.262,,250626,,,A*7B
208830,$GPVTG,,T,,M,0.262,N,0.484,K,A*2D
208865,$GPGGA,032336.00,2601.83663,N,11911.59061,E,1,09,1.23,46.2,M,10.0,M,,*6C
208944,$GPGSA,A,3,29,21,05,09,25,17,06,11,30,,,,1.77,1.23,1.28*08
209006,$GPGSV,4,1,15,05,45,275,29,06,37,076,30,07,04,080,,09,15,040,28*7F
209077,$GPGSV,4,2,15,11,56,020,32,12,23,251,,13,17,251,22,15,09,209,*7B
209145,$GPGSV,4,3,15,17,06,147,20,19,34,149,10,20,32,191,24,21,65,329,33*7C
209219,$GPGSV,4,4,15,25,10,286,18,29,06,321,32,30,09,117,12*4C
209277,$GPGLL,2601.83663,N,11911.59061,E,032336.00,A,A*61
209730,$GPRMC,032337.00,A,2601.83677,N,11911.59057,E,0.118,,250626,,,A*74
209831,$GPVTG,,T,,M,0.118,N,0.219,K,A*21
209868,$GPGGA,032337.00,2601.83677,N,11911.59057,E,1,09,1.23,46.3,M,10.0,M,,*6C
209945,$GPGSA,A,3,29,21,05,09,25,17,06,11,30,,,,1.77,1.23,1.28*08
212453,$GPGSV,4,1,15,05,45,275,30,06,37,076,29,07,04,080,,09,15,040,27*70
# status,212 s,nmea,1861,fix,417,utc,032337.00,mode,2
212533,$GPGSV,4,2,15,11,56,020,32,12,23,251,,13,17,251,22,15,09,209,*7B
212601,$GPGSV,4,3,15,17,06,147,20,19,34,149,10,20,32,191,24,21,65,329,33*7C
212614,$GPGSV,4,4,15,25,10,286,16,29,06,321,32,30,09,117,12*,64,331,33*72
212619,$GPGSV,4,4,15,25,10,286,12,29,06,321,32,30,09,117,12*46
212623,$GPGLL,2601.83641,N,11911.59057,E,032339.00,A,A*6B
212720,$GPRMC,032340.00,A,2601.83637,N,11911.59056,E,0.405,,250626,,,A*78
212833,$GPVTG,,T,,M,0.405,N,0.750,K,A*20
212868,$GPGGA,032340.00,2601.83637,N,11911.59056,E,1,09,1.23,46.1,M,10.0,M,,*6B
212947,$GPGSA,A,3,29,21,05,09,25,17,06,11,30,,,,1.77,1.23,1.28*08
213008,$GPGSV,4,1,15,05,45,275,30,06,37,076,31,07,04,080,,09,15,040,26*78
213080,$GPGSV,4,2,15,11,56,020,32,12,23,251,,13,17,251,22,15,09,209,*7B
213149,$GPGSV,4,3,15,17,06,147,21,19,34,149,17,20,32,191,24,21,64,331,32*73
213221,$GPGSV,4,4,15,25,10,286,10,29,06,321,31,30,09,117,13*46
213280,$GPGLL,2601.83637,N,11911.59056,E,032340.00,A,A*65
213730,$GPRMC,032341.00,A,2601.83626,N,11911.59054,E,0.119,,250626,,,A*73
213830,$GPVTG,,T,,M,0.119,N,0.220,K,A*2A
213866,$GPGGA,032341.00,2601.83626,N,11911.59054,E,1,09,1.23,46.0,M,10.0,M,,*69
213944,$GPGSA,A,3,29,21,05,09,25,17,06,11,30,,,,1.77,1.23,1.28*08
214006,$GPGSV,4,1,15,05,45,275,31,06,37,076,31,07,04,080,,09,15,040,26*79
214080,$GPGSV,4,2,15,11,56,020,33,12,23,251,,13,17,251,22,15,09,209,*7A
214232,$GPGSV,4,3,15,17,06,147,22,19,34,149,17,20,32,191,23,21,64,331,33*76
214238,$GPGSV,4,4,15,25,10,286,10,29,06,321,32,30,09,117,14*42
214279,$GPGLL,2601.83626,N,11911.59054,E,032341.00,A,A*66
214730,$GPRMC,032342.00,A,2601.83611,N,11911.59054,E,0.347,,250626,,,A*7D
214830,$GPVTG,,T,,M,0.347,N,0.642,K,A*23
214867,$GPGGA,032342.00,2601.83611,N,11911.59054,E,1,08,1.23,45.9,M,10.0,M,,*65
214944,$GPGSA,A,3,29,21,05,09,17,06,11,30,,,,,1.77,1.23,1.28*0F
215005,$GPGSV,4,1,15,05,45,275,30,06,37,076,29,07,04,080,,09,15,040,26*71
215075,$GPGSV,4,2,15,11,56,020,33,12,23,251,,13,17,251,21,15,09,209,*79
215145,$GPGSV,4,3,15,17,06,147,21,19,34,149,17,20,32,191,24,21,64,331,33*72
215254,$GPGSV,4,4,15,25,10,286,08,29,06,321,31,30,09,117,14*48
215275,$GPGLL,2601.83611,N,11911.59054,E,032342.00,A,A*61
215730,$GPRMC,032343.00,A,2601.83619,N,11911.59067,E,0.538,,250626,,,A*7A
215833,$GPVTG,,T,,M,0.538,N,0.996,K,A*2B
215870,$GPGGA,032343.00,2601.83619,N,11911.59067,E,1,08,1.23,45.7,M,10.0,M,,*62
215949,$GPGSA,A,3,29,21,05,09,17,06,11,30,,,,,1.77,1.23,1.28*0F
216009,$GPGSV,4,1,15,05,45,275,31,06,37,076,29,07,04,080,,09,15,040,27*71
216079,$GPGSV,4,2,15,11,56,020,33,12,23,251,,13,17,251,21,15,09,209,*79
216148,$GPGSV,4,3,15,17,06,147,22,19,34,149,17,20,32,191,23,21,64,331,33*76
216222,$GPGSV,4,4,15,25,10,285,,29,06,321,32,30,09,117,15*41
216328,$GPGLL,2601.83619,N,11911.59067,E,032343.00,A,A*68
216730,$GPRMC,032344.00,A,2601.83587,N,11911.59070,E,0.394,,250626,,,A*7F
216832,$GPVTG,,T,,M,0.394,N,0.729,K,A*21
216867,$GPGGA,032344.00,2601.83587,N,11911.59070,E,1,08,1.23,45.4,M,10.0,M,,*64
216946,$GPGSA,A,3,29,21,05,09,17,06,11,30,,,,,1.77,1.23,1.28*0F
217005,$GPGSV,4,1,15,05,45,275,31,06,37,076,29,07,04,080,,09,15,040,27*71
217077,$GPGSV,4,2,15,11,56,020,34,12,23,251,,13,17,251,21,15,09,209,*7E
217145,$GPGSV,4,3,15,17,06,147,22,19,34,149,12,20,32,191,23,21,64,331,33*73
217219,$GPGSV,4,4,15,25,10,285,,29,06,321,32,30,09,117,16*42
217274,$GPGLL,2601.83587,N,11911.59070,E,032344.00,A,A*6D
217720,$GPRMC,032345.00,A,2601.83581,N,11911.59072,E,0.031,,250626,,,A*76
217829,$GPVTG,,T,,M,0.031,N,0.058,K,A*2C
217864,$GPGGA,032345.00,2601.83581,N,11911.59072,E,1,08,1.23,45.3,M,10.0,M,,*66
217942,$GPGSA,A,3,29,21,05,09,17,06,11,30,,,,,1.77,1.23,1.28*0F
218003,$GPGSV,4,1,15,05,45,275,30,06,37,076,30,07,04,080,,09,15,040,27*78
218074,$GPGSV,4,2,15,11,56,020,34,12,23,251,,13,17,251,21,15,09,209,*7E
218142,$GPGSV,4,3,15,17,06,147,22,19,34,149,12,20,32,191,24,21,64,331,33*74
218217,$GPGSV,4,4,15,25,10,285,,29,06,321,31,30,09,117,16*41
218271,$GPGLL,2601.83581,N,11911.59072,E,032345.00,A,A*68
218720,$GPRMC,032346.00,A,2601.83590,N,11911.59071,E,0.038,,250626,,,A*7F
218889,$GPVTG,,T,,M,0.038,N,0.070,K,A*2F
218903,$GPGGA,032346.00,2601.83590,N,11911.59071,E,1,08,1.23,45.4,M,10.0,M,,*61
218941,$GPGSA,A,3,29,21,05,09,17,06,11,30,,,,,1.77,1.23,1.28*0F
219002,$GPGSV,4,1,15,05,45,275,30,06,37,076,29,07,04,080,,09,15,040,27*70
219073,$GPGSV,4,2,15,11,56,020,33,12,23,251,,13,17,251,21,15,09,209,*79
219142,$GPGSV,4,3,15,17,06,147,22,19,34,149,12,20,32,191,24,21,64,331,32*75
219214,$GPGSV,4,4,15,25,10,285,,29,06,321,31,30,09,117,17*40
219272,$GPGLL,2601.83590,N,11911.59071,E,032346.00,A,A*68
219720,$GPRMC,032347.00,A,2601.83597,N,11911.59071,E,0.064,,250626,,,A*70
219826,$GPVTG,,T,,M,0.064,N,0.118,K,A*29
219861,$GPGGA,032347.00,2601.83597,N,11911.59071,E,1,08,1.23,45.4,M,10.0,M,,*67
219940,$GPGSA,A,3,29,21,05,09,17,06,11,30,,,,,1.77,1.23,1.28*0F
219999,$GPGSV,4,1,15,05,45,275,30,06,37,076,28,07,04,080,,09,15,040,28*7E
220071,$GPGSV,4,2,15,11,56,020,33,12,23,251,,13,17,251,21,15,09,209,*79
220139,$GPGSV,4,3,15,17,06,147,22,19,34,149,11,20,32,191,24,21,64,331,33*77
220213,$GPGSV,4,4,15,25,10,285,,29,06,321,31,30,09,117,17*40
220270,$GPGLL,2601.83597,N,11911.59071,E,032347.00,A,A*6E
220720,$GPRMC,032348.00,A,2601.83622,N,11911.59074,E,0.671,,250626,,,A*75
220830,$GPVTG,,T,,M,0.671,N,1.243,K,A*27
220867,$GPGGA,032348.00,2601.83622,N,11911.59074,E,1,08,1.23,45.7,M,10.0,M,,*63
221031,$GPGSA,A,3,29,21,05,09,17,06,11,30,,,,,1.77,1.23,1.28*0F
221035,$GPGSV,4,1,15,05,45,275,29,06,37,076,28,07,04,080,,09,15,040,27*79
221075,$GPGSV,4,2,15,11,56,020,34,12,23,251,,13,17,251,21,15,09,209,*7E
221143,$GPGSV,4,3,15,17,06,147,22,19,34,149,11,20,32,191,24,21,64,331,32*76
221217,$GPGSV,4,4,15,25,10,285,,29,06,321,31,30,10,117,16*49
221272,$GPGLL,2601.83622,N,11911.59074,E,032348.00,A,A*69
221720,$GPRMC,032349.00,A,2601.83626,N,11911.59080,E,0.857,,250626,,,A*71
221831,$GPVTG,,T,,M,0.857,N,1.588,K,A*2D
221868,$GPGGA,032349.00,2601.83626,N,11911.59080,E,1,08,1.23,45.6,M,10.0,M,,*6C
221945,$GPGSA,A,3,29,21,05,09,17,06,11,30,,,,,1.77,1.23,1.28*0F
222006,$GPGSV,4,1,15,05,45,275,30,06,37,076,29,07,04,080,,09,15,040,28*7F
222076,$GPGSV,4,2,15,11,56,020,34,12,23,251,,13,17,251,21,15,09,209,*7E
222185,$GPGSV,4,3,15,17,06,147,22,19,34,149,11,20,32,191,23,21,64,331,32*71
222219,$GPGSV,4,4,15,25,10,285,,29,06,321,32,30,10,117,15*49
222274,$GPGLL,2601.83626,N,11911.59080,E,032349.00,A,A*67
# status,222 s,nmea,1956,fix,437,utc,032349.00,mode,2
222720,$GPRMC,032350.00,A,2601.83637,N,11911.59081,E,0.539,,250626,,,A*7D
222875,$GPVTG,,T,,M,0.539,N,0.998,K,A*24
222878,$GPGGA,032350.00,2601.83637,N,11911.59081,E,1,08,1.23,45.6,M,10.0,M,,*65
222943,$GPGSA,A,3,29,21,05,09,17,06,11,30,,,,,1.77,1.23,1.28*0F
223003,$GPGSV,4,1,15,05,45,275,30,06,37,076,29,07,04,080,,09,15,040,28*7F
223308,$GPGSV,4,2,15,11,56,020,34,12,23,251,,13,17,251,21,15,09,209,*7E
223313,$GPGSV,4,3,15,17,06,147,21,19,34,149,06,20,32,191,23,21,64,331,32*74
223319,$GPGSV,4,4,15,25,10,285,,29,06,321,32,30,10,117,14*48
223323,$GPGLL,2601.83637,N,11911.59081,E,032350.00,A,A*6E
223730,$GPRMC,032351.00,A,2601.83629,N,11911.59080,E,0.162,,250626,,,A*78
223826,$GPVTG,,T,,M,0.162,N,0.299,K,A*24
223863,$GPGGA,032351.00,2601.83629,N,11911.59080,E,1,08,1.23,45.5,M,10.0,M,,*69
223940,$GPGSA,A,3,29,21,05,09,17,06,11,30,,,,,1.77,1.23,1.28*0F
224001,$GPGSV,4,1,15,05,45,275,31,06,37,076,29,07,04,080,,09,15,040,28*7E
224071,$GPGSV,4,2,15,11,56,020,34,12,23,251,,13,17,251,21,15,09,209,*7E
224141,$GPGSV,4,3,15,17,06,147,21,19,34,149,06,20,32,191,24,21,64,331,31*70
224213,$GPGSV,4,4,15,25,10,285,,29,06,321,32,30,10,117,13*4F
224270,$GPGLL,2601.83629,N,11911.59080,E,032351.00,A,A*61
224720,$GPRMC,032352.00,A,2601.83630,N,11911.59080,E,0.070,,250626,,,A*71
224828,$GPVTG,,T,,M,0.070,N,0.129,K,A*2E
224863,$GPGGA,032352.00,2601.83630,N,11911.59080,E,1,08,1.23,45.5,M,10.0,M,,*62
224942,$GPGSA,A,3,29,21,05,09,17,06,11,30,,,,,1.77,1.23,1.28*0F
225001,$GPGSV,4,1,15,05,45,275,31,06,37,076,31,07,04,080,,09,15,040,28*77
225073,$GPGSV,4,2,15,11,56,020,33,12,23,251,,13,17,251,21,15,09,209,*79
225143,$GPGSV,4,3,15,17,06,147,22,19,34,149,06,20,32,191,24,21,64,331,31*73
225270,$GPGSV,4,4,15,25,10,285,,29,06,321,32,30,10,117,11*4D
225283,$GPGLL,2601.83630,N,11911.59080,E,032352.00,A,A*6A
225720,$GPRMC,032353.00,A,2601.83629,N,11911.59082,E,0.303,,250626,,,A*7D
225827,$GPVTG,,T,,M,0.303,N,0.561,K,A*21
225862,$GPGGA,032353.00,2601.83629,N,11911.59082,E,1,08,1.23,45.5,M,10.0,M,,*69
225941,$GPGSA,A,3,29,21,05,09,17,06,11,30,,,,,1.77,1.23,1.28*0F
226000,$GPGSV,4,1,15,05,45,275,31,06,37,076,31,07,04,080,,09,15,040,29*76
226074,$GPGSV,4,2,15,11,56,020,33,12,23,251,,13,17,251,21,15,09,209,*79
226140,$GPGSV,4,3,15,17,06,147,20,19,34,149,06,20,32,191,23,21,64,331,31*76
226214,$GPGSV,4,4,15,25,10,285,,29,06,321,32,30,10,117,12*4E
226270,$GPGLL,2601.83629,N,11911.59082,E,032353.00,A,A*61
226720,$GPRMC,032354.00,A,2601.83621,N,11911.59082,E,0.171,,250626,,,A*75
226827,$GPVTG,,T,,M,0.171,N,0.317,K,A*21
226865,$GPGGA,032354.00,2601.83621,N,11911.59082,E,1,08,1.23,45.4,M,10.0,M,,*67
226942,$GPGSA,A,3,29,21,05,09,17,06,11,30,,,,,1.77,1.23,1.28*0F
227003,$GPGSV,4,1,15,05,45,275,31,06,37,076,31,07,04,080,,09,15,040,29*76
227073,$GPGSV,4,2,15,11,56,020,33,12,23,251,,13,17,251,21,15,09,209,*79
227142,$GPGSV,4,3,15,17,06,147,20,19,34,149,06,20,32,191,23,21,64,331,31*76
227215,$GPGSV,4,4,15,25,10,285,,29,06,321,32,30,10,117,11*4D
227273,$GPGLL,2601.83621,N,11911.59082,E,032354.00,A,A*6E
227710,$GPRMC,032355.00,A,2601.83626,N,11911.59082,E,0.061,,250626,,,A*73
227826,$GPVTG,,T,,M,0.061,N,0.112,K,A*26
227861,$GPGGA,032355.00,2601.83626,N,11911.59082,E,1,08,1.23,45.4,M,10.0,M,,*61
227940,$GPGSA,A,3,29,21,05,09,17,06,11,30,,,,,1.78,1.23,1.28*00
227998,$GPGSV,4,1,15,05,45,275,30,06,37,076,31,07,04,080,,09,15,040,29*77
228071,$GPGSV,4,2,15,11,56,020,33,12,23,251,,13,17,251,21,15,09,209,*79
228139,$GPGSV,4,3,15,17,06,147,21,19,34,149,06,20,32,191,23,21,64,331,31*77
228211,$GPGSV,4,4,15,25,10,285,,29,06,321,31,30,10,117,13*4C
228269,$GPGLL,2601.83626,N,11911.59082,E,032355.00,A,A*68
228720,$GPRMC,032356.00,A,2601.83614,N,11911.59082,E,0.313,,250626,,,A*77
228826,$GPVTG,,T,,M,0.313,N,0.580,K,A*2F
228861,$GPGGA,032356.00,2601.83614,N,11911.59082,E,1,08,1.23,45.3,M,10.0,M,,*64
228977,$GPGSA,A,3,29,21,05,09,17,06,11,30,,,,,1.78,1.23,1.28*00
228999,$GPGSV,4,1,15,05,45,275,30,06,37,076,31,07,04,080,,09,15,040,29*77
229071,$GPGSV,4,2,15,11,56,020,32,12,23,251,,13,17,251,22,15,09,209,*7B
229139,$GPGSV,4,3,15,17,06,147,20,19,34,149,08,20,32,191,23,21,64,331,31*78
229213,$GPGSV,4,4,15,25,10,285,,29,06,321,31,30,10,117,14*4B
229268,$GPGLL,2601.83614,N,11911.59082,E,032356.00,A,A*6A
229720,$GPRMC,032357.00,A,2601.83597,N,11911.59080,E,0.046,,250626,,,A*7F
229828,$GPVTG,,T,,M,0.046,N,0.085,K,A*2C
229906,$GPGGA,032357.00,2601.83597,N,11911.59080,E,1,08,1.23,45.2,M,10.0,M,,*6E
229940,$GPGSA,A,3,29,21,05,09,17,06,11,30,,,,,1.78,1.23,1.28*00
230002,$GPGSV,4,1,15,05,45,275,30,06,37,076,31,07,04,080,,09,15,040,29*77
230071,$GPGSV,4,2,15,11,56,020,32,12,23,251,,13,17,251,21,15,09,209,*78
230141,$GPGSV,4,3,15,17,06,147,19,19,34,149,08,20,32,191,23,21,64,331,31*72
230214,$GPGSV,4,4,15,25,10,285,,29,06,321,31,30,10,117,14*4B
230269,$GPGLL,2601.83597,N,11911.59080,E,032357.00,A,A*61
230720,$GPRMC,032358.00,A,2601.83603,N,11911.59082,E,0.339,,250626,,,A*77
230829,$GPVTG,,T,,M,0.339,N,0.627,K,A*29
230865,$GPGGA,032358.00,2601.83603,N,11911.59082,E,1,08,1.23,45.3,M,10.0,M,,*6C
230944,$GPGSA,A,3,29,21,05,09,17,06,11,30,,,,,1.78,1.23,1.28*00
231004,$GPGSV,4,1,15,05,45,275,29,06,37,076,31,07,04,080,,09,15,040,29*7F
231074,$GPGSV,4,2,15,11,56,020,32,12,23,251,,13,17,251,21,15,09,209,*78
231144,$GPGSV,4,3,15,17,06,147,19,19,34,149,08,20,32,191,23,21,64,331,31*72
231215,$GPGSV,4,4,15,25,10,285,,29,06,321,31,30,10,117,15*4A
231273,$GPGLL,2601.83603,N,11911.59082,E,032358.00,A,A*62
231720,$GPRMC,032359.00,A,2601.83603,N,11911.59083,E,0.029,,250626,,,A*75
231825,$GPVTG,,T,,M,0.029,N,0.053,K,A*2E
231860,$GPGGA,032359.00,2601.83603,N,11911.59083,E,1,08,1.23,45.2,M,10.0,M,,*6D
231941,$GPGSA,A,3,29,21,05,09,17,06,11,30,,,,,1.78,1.23,1.28*00
232058,$GPGSV,4,1,15,05,45,275,29,06,37,076,31,07,04,080,,09,15,040,30*77
232070,$GPGSV,4,2,15,11,56,020,32,12,23,251,,13,17,251,21,15,09,209,*78
232138,$GPGSV,4,3,15,17,06,147,19,19,34,149,08,20,32,191,22,21,64,331,31*73
232212,$GPGSV,4,4,15,25,10,285,,29,06,321,31,30,10,117,16*49
232267,$GPGLL,2601.83603,N,11911.59083,E,032359.00,A,A*62
# status,232 s,nmea,2046,fix,457,utc,032359.00,mode,2
232720,$GPRMC,032400.00,A,2601.83608,N,11911.59079,E,0.163,,250626,,,A*7F
233112,$GPVTG,,T,,M,0.163,N,0.303,K,A*27
233116,$GPGGA,032400.00,2601.83608,N,11911.59079,E,1,08,1.23,45.2,M,10.0,M,,*68
233123,$GPGSA,A,3,29,21,05,09,17,06,11,30,,,,,1.78,1.23,1.28*00
233128,$GPGSV,4,1,15,05,45,275,29,06,37,076,31,07,04,080,,09,15,040,30*77
233133,$GPGSV,4,2,15,11,56,020,31,12,23,251,,13,17,251,21,15,09,209,*7B
233139,$GPGSV,4,3,15,17,06,147,18,19,34,149,08,20,32,191,22,21,64,331,30*73
233213,$GPGSV,4,4,15,25,10,285,,29,06,321,30,30,10,117,16*48
233269,$GPGLL,2601.83608,N,11911.59079,E,032400.00,A,A*67
233720,$GPRMC,032401.00,A,2601.83618,N,11911.59074,E,0.195,,250626,,,A*7B
233828,$GPVTG,,T,,M,0.195,N,0.361,K,A*2A
233863,$GPGGA,032401.00,2601.83618,N,11911.59074,E,1,08,1.23,45.4,M,10.0,M,,*63
233943,$GPGSA,A,3,29,21,05,09,17,06,11,30,,,,,1.78,1.23,1.28*00
234001,$GPGSV,4,1,15,05,45,275,29,06,37,076,31,07,04,080,,09,15,040,30*77
234075,$GPGSV,4,2,15,11,56,020,31,12,23,251,,13,17,251,21,15,09,209,*7B
234221,$GPGSV,4,3,15,17,06,147,18,19,34,149,08,20,32,191,22,21,64,331,30*73
234227,$GPGSV,4,4,15,25,10,285,,29,06,321,31,30,10,117,17*48
234270,$GPGLL,2601.83618,N,11911.59074,E,032401.00,A,A*6A
234720,$GPRMC,032402.00,A,2601.83622,N,11911.59070,E,0.381,,250626,,,A*72
234828,$GPVTG,,T,,M,0.381,N,0.705,K,A*2B
234865,$GPGGA,032402.00,2601.83622,N,11911.59070,E,1,08,1.23,45.5,M,10.0,M,,*6C
234942,$GPGSA,A,3,29,21,05,09,17,06,11,30,,,,,1.78,1.23,1.28*00
235003,$GPGSV,4,1,15,05,45,275,29,06,37,076,31,07,04,080,,09,15,040,30*77
235073,$GPGSV,4,2,15,11,56,020,31,12,23,251,,13,17,251,21,15,09,209,*7B
235142,$GPGSV,4,3,15,17,06,147,17,19,34,149,09,20,32,191,21,21,64,331,31*7F
235214,$GPGSV,4,4,15,25,10,285,07,29,06,321,31,30,10,117,17*4F
235274,$GPGLL,2601.83622,N,11911.59070,E,032402.00,A,A*64
235720,$GPRMC,032403.00,A,2601.83627,N,11911.59073,E,0.489,,250626,,,A*7A
235865,$GPVTG,,T,,M,0.489,N,0.906,K,A*29
235869,$GPGGA,032403.00,2601.83627,N,11911.59073,E,1,08,1.23,45.6,M,10.0,M,,*68
235943,$GPGSA,A,3,29,21,05,09,17,06,11,30,,,,,1.78,1.23,1.28*00
236002,$GPGSV,4,1,15,05,45,275,28,06,37,076,31,07,04,080,,09,15,040,30*76
236074,$GPGSV,4,2,15,11,56,020,31,12,23,251,19,13,17,251,21,15,09,209,*73
236145,$GPGSV,4,3,15,17,06,147,18,19,34,149,09,20,32,191,21,21,64,331,31*70
236218,$GPGSV,4,4,15,25,10,285,08,29,06,321,31,30,10,117,17*40
236327,$GPGLL,2601.83627,N,11911.59073,E,032403.00,A,A*63
236730,$GPRMC,032404.00,A,2601.83632,N,11911.59074,E,0.252,,250626,,,A*7E
236831,$GPVTG,,T,,M,0.252,N,0.466,K,A*22
236867,$GPGGA,032404.00,2601.83632,N,11911.59074,E,1,09,1.23,45.6,M,10.0,M,,*6D
236945,$GPGSA,A,3,29,21,05,09,25,17,06,11,30,,,,1.78,1.23,1.28*07
237006,$GPGSV,4,1,15,05,45,275,28,06,37,076,31,07,04,080,,09,15,040,30*76
237079,$GPGSV,4,2,15,11,56,020,31,12,23,251,19,13,17,251,21,15,09,209,*73
237148,$GPGSV,4,3,15,17,06,147,17,19,34,149,09,20,32,191,21,21,64,331,31*7F
237222,$GPGSV,4,4,15,25,10,285,12,29,06,321,31,30,10,117,16*4A
237280,$GPGLL,2601.83632,N,11911.59074,E,032404.00,A,A*67
237730,$GPRMC,032405.00,A,2601.83631,N,11911.59074,E,0.073,,250626,,,A*7D
237829,$GPVTG,,T,,M,0.073,N,0.136,K,A*23
237868,$GPGGA,032405.00,2601.83631,N,11911.59074,E,1,09,1.23,45.7,M,10.0,M,,*6E
237943,$GPGSA,A,3,29,21,05,09,25,17,06,11,30,,,,1.78,1.23,1.28*07
238006,$GPGSV,4,1,15,05,45,275,27,06,37,076,31,07,04,080,,09,15,040,30*79
238078,$GPGSV,4,2,15,11,56,020,30,12,23,251,19,13,17,251,21,15,09,209,*72
238147,$GPGSV,4,3,15,17,06,147,18,19,34,149,09,20,32,191,21,21,64,331,31*70
238221,$GPGSV,4,4,15,25,10,285,13,29,06,321,31,30,10,117,15*48
238279,$GPGLL,2601.83631,N,11911.59074,E,032405.00,A,A*65
238730,$GPRMC,032406.00,A,2601.83616,N,11911.59073,E,0.388,,250626,,,A*7B
238888,$GPVTG,,T,,M,0.388,N,0.719,K,A*2F
238892,$GPGGA,032406.00,2601.83616,N,11911.59073,E,1,09,1.23,45.5,M,10.0,M,,*6D
238943,$GPGSA,A,3,29,21,05,09,25,17,06,11,30,,,,1.78,1.23,1.28*07
239006,$GPGSV,4,1,15,05,45,275,27,06,37,076,30,07,04,080,,09,15,040,30*78
239076,$GPGSV,4,2,15,11,56,020,30,12,23,251,20,13,17,251,21,15,09,209,*78
239148,$GPGSV,4,3,15,17,06,147,17,19,34,149,09,20,32,191,21,21,64,331,31*7F
239220,$GPGSV,4,4,15,25,10,285,13,29,06,321,31,30,10,117,13*4E
239279,$GPGLL,2601.83616,N,11911.59073,E,032406.00,A,A*64
239730,$GPRMC,032407.00,A,2601.83613,N,11911.59069,E,0.596,,250626,,,A*7D
239834,$GPVTG,,T,,M,0.596,N,1.104,K,A*2D
239869,$GPGGA,032407.00,2601.83613,N,11911.59069,E,1,09,1.23,45.7,M,10.0,M,,*60
239948,$GPGSA,A,3,29,21,05,09,25,17,06,11,30,,,,1.78,1.23,1.28*07
240009,$GPGSV,4,1,15,05,45,275,27,06,37,076,30,07,04,080,,09,15,040,30*78
240081,$GPGSV,4,2,15,11,56,020,30,12,23,251,19,13,17,251,21,15,09,209,*72
240152,$GPGSV,4,3,15,17,06,147,17,19,34,149,09,20,32,191,21,21,64,331,31*7F
240224,$GPGSV,4,4,15,25,10,285,13,29,06,321,31,30,10,117,13*4E
240284,$GPGLL,2601.83613,N,11911.59069,E,032407.00,A,A*6B
240730,$GPRMC,032408.00,A,2601.83612,N,11911.59068,E,0.122,,250626,,,A*79
240829,$GPVTG,,T,,M,0.122,N,0.227,K,A*25
240866,$GPGGA,032408.00,2601.83612,N,11911.59068,E,1,09,1.23,45.6,M,10.0,M,,*6E
241020,$GPGSA,A,3,29,21,05,09,25,17,06,11,30,,,,1.78,1.23,1.28*07
241024,$GPGSV,4,1,15,05,45,275,27,06,37,076,29,07,04,080,,09,15,040,30*70
241076,$GPGSV,4,2,15,11,56,020,30,12,23,251,20,13,17,251,22,15,09,209,*7B
241146,$GPGSV,4,3,15,17,06,147,16,19,34,149,08,20,32,191,21,21,64,331,31*7F
241219,$GPGSV,4,4,15,25,10,285,12,29,06,321,31,30,10,117,12*4E
241277,$GPGLL,2601.83612,N,11911.59068,E,032408.00,A,A*64
241730,$GPRMC,032409.00,A,2601.83619,N,11911.59070,E,0.135,,250626,,,A*7C
241827,$GPVTG,,T,,M,0.135,N,0.249,K,A*2B
241865,$GPGGA,032409.00,2601.83619,N,11911.59070,E,1,09,1.23,45.6,M,10.0,M,,*6D
241941,$GPGSA,A,3,29,21,05,09,25,17,06,11,30,,,,1.78,1.23,1.28*07
242005,$GPGSV,4,1,15,05,45,275,27,06,37,076,29,07,04,080,,09,15,040,30*70
242075,$GPGSV,4,2,15,11,56,020,31,12,23,251,19,13,17,251,22,15,09,209,*70
242147,$GPGSV,4,3,15,17,06,147,15,19,34,149,08,20,32,191,20,21,64,331,31*7D
242256,$GPGSV,4,4,15,25,10,285,13,29,06,321,31,30,10,117,11*4C
242277,$GPGLL,2601.83619,N,11911.59070,E,032409.00,A,A*67
# status,242 s,nmea,2136,fix,477,utc,032409.00,mode,2
242730,$GPRMC,032410.00,A,2601.83624,N,11911.59071,E,0.094,,250626,,,A*71
242874,$GPVTG,,T,,M,0.094,N,0.174,K,A*2C
242877,$GPGGA,032410.00,2601.83624,N,11911.59071,E,1,09,1.23,45.7,M,10.0,M,,*6B
242945,$GPGSA,A,3,29,21,05,09,25,17,06,11,30,,,,1.78,1.23,1.28*07
243008,$GPGSV,4,1,15,05,45,275,27,06,37,076,28,07,04,080,,09,15,040,30*71
243387,$GPGSV,4,2,15,11,56,020,30,12,23,251,19,13,17,251,22,15,09,209,*71
243392,$GPGSV,4,3,15,17,06,147,15,19,34,149,08,20,32,191,20,21,64,331,31*7D
243398,$GPGSV,4,4,15,25,10,285,12,29,06,321,31,30,10,117,10*4C
243402,$GPGLL,2601.83624,N,11911.59071,E,032410.00,A,A*60
243710,$GPRMC,032411.00,A,2601.83607,N,11911.59070,E,0.334,,250626,,,A*79
243828,$GPVTG,,T,,M,0.334,N,0.619,K,A*29
243865,$GPGGA,032411.00,2601.83607,N,11911.59070,E,1,08,1.94,45.4,M,10.0,M,,*64
243942,$GPGSA,A,3,29,21,05,09,25,17,06,11,,,,,2.47,1.94,1.53*0B
244003,$GPGSV,4,1,15,05,45,275,27,06,37,076,28,07,04,080,,09,15,040,31*70
244073,$GPGSV,4,2,15,11,56,020,30,12,23,251,19,13,17,251,21,15,09,209,*72
244145,$GPGSV,4,3,15,17,06,147,16,19,34,149,08,20,32,191,20,21,64,331,30*7F
244218,$GPGSV,4,4,15,25,10,285,11,29,06,321,31,30,10,117,09*47
244275,$GPGLL,2601.83607,N,11911.59070,E,032411.00,A,A*61
244720,$GPRMC,032412.00,A,2601.83634,N,11911.59070,E,0.387,,250626,,,A*72
244830,$GPVTG,,T,,M,0.387,N,0.716,K,A*2F
244866,$GPGGA,032412.00,2601.83634,N,11911.59070,E,1,09,1.23,45.6,M,10.0,M,,*68
244945,$GPGSA,A,3,29,21,05,09,25,17,06,11,30,,,,1.78,1.23,1.28*07
245007,$GPGSV,4,1,15,05,45,275,27,06,37,076,27,07,04,080,,09,15,040,31*7F
245077,$GPGSV,4,2,15,11,56,020,30,12,23,251,18,13,17,251,21,15,09,209,*73
245150,$GPGSV,4,3,15,17,06,147,17,19,34,149,08,20,32,191,20,21,64,331,31*7F
245280,$GPGSV,4,4,15,25,10,285,11,29,06,321,31,30,10,117,12*4D
245294,$GPGLL,2601.83634,N,11911.59070,E,032412.00,A,A*62
245730,$GPRMC,032413.00,A,2601.83644,N,11911.59072,E,0.120,,250626,,,A*79
245838,$GPVTG,,T,,M,0.120,N,0.222,K,A*22
245873,$GPGGA,032413.00,2601.83644,N,11911.59072,E,1,09,1.23,45.7,M,10.0,M,,*6D
245952,$GPGSA,A,3,29,21,05,09,25,17,06,11,30,,,,1.78,1.23,1.28*07
246013,$GPGSV,4,1,15,05,45,275,27,06,37,076,27,07,04,080,,09,15,040,31*7F
246085,$GPGSV,4,2,15,11,56,020,30,12,23,251,18,13,17,251,20,15,09,209,*72
246155,$GPGSV,4,3,15,17,06,147,16,19,34,149,08,20,32,191,20,21,64,331,31*7E
246229,$GPGSV,4,4,15,25,10,285,14,29,06,321,31,30,10,117,14*4E
246288,$GPGLL,2601.83644,N,11911.59072,E,032413.00,A,A*66
246740,$GPRMC,032414.00,A,2601.83655,N,11911.59076,E,0.297,,250626,,,A*75
246828,$GPVTG,,T,,M,0.297,N,0.550,K,A*2F
246864,$GPGGA,032414.00,2601.83655,N,11911.59076,E,1,09,1.23,45.8,M,10.0,M,,*61
246941,$GPGSA,A,3,29,21,05,09,25,17,06,11,30,,,,1.78,1.23,1.28*07
247005,$GPGSV,4,1,15,05,45,275,27,06,37,076,26,07,04,080,,09,15,040,31*7E
247076,$GPGSV,4,2,15,11,56,020,30,12,23,251,16,13,17,251,20,15,09,209,*7C
247146,$GPGSV,4,3,15,17,06,147,15,19,34,149,10,20,32,191,20,21,64,331,31*74
247219,$GPGSV,4,4,15,25,10,285,14,29,06,321,31,30,10,117,15*4F
247279,$GPGLL,2601.83655,N,11911.59076,E,032414.00,A,A*65
247700,$GPRMC,032415.00,A,2601.83651,N,11911.59080,E,0.067,,250626,,,A*74
247827,$GPVTG,,T,,M,0.067,N,0.124,K,A*25
247864,$GPGGA,032415.00,2601.83651,N,11911.59080,E,1,09,1.23,45.8,M,10.0,M,,*6D
247941,$GPGSA,A,3,29,21,05,09,25,17,06,11,30,,,,1.78,1.23,1.28*07
248004,$GPGSV,4,1,15,05,45,275,27,06,37,076,26,07,04,080,,09,15,040,31*7E
248074,$GPGSV,4,2,15,11,56,020,30,12,23,251,16,13,17,251,20,15,09,209,*7C
248146,$GPGSV,4,3,15,17,06,147,15,19,34,149,10,20,32,191,20,21,64,331,31*74
248218,$GPGSV,4,4,15,25,10,285,14,29,06,321,32,30,10,117,16*4F
248278,$GPGLL,2601.83651,N,11911.59080,E,032415.00,A,A*69
248730,$GPRMC,032416.00,A,2601.83663,N,11911.59080,E,0.340,,250626,,,A*70
248831,$GPVTG,,T,,M,0.340,N,0.629,K,A*29
248866,$GPGGA,032416.00,2601.83663,N,11911.59080,E,1,09,1.23,45.9,M,10.0,M,,*6E
248945,$GPGSA,A,3,29,21,05,09,25,17,06,11,30,,,,1.78,1.23,1.28*07
249006,$GPGSV,4,1,15,05,45,275,26,06,37,076,25,07,04,080,,09,15,040,31*7C
249119,$GPGSV,4,2,15,11,56,020,30,12,23,251,16,13,17,251,20,15,09,209,*7C
249151,$GPGSV,4,3,15,17,06,147,14,19,34,149,10,20,32,191,19,21,64,331,31*7F
249221,$GPGSV,4,4,15,25,10,285,15,29,06,321,32,30,10,117,16*4E
249281,$GPGLL,2601.83663,N,11911.59080,E,032416.00,A,A*6B
249730,$GPRMC,032417.00,A,2601.83668,N,11911.59083,E,0.113,,250626,,,A*7D
249830,$GPVTG,,T,,M,0.113,N,0.210,K,A*23
249915,$GPGGA,032417.00,2601.83668,N,11911.59083,E,1,09,1.23,46.0,M,10.0,M,,*6D
249942,$GPGSA,A,3,29,21,05,09,25,17,06,11,30,,,,1.78,1.23,1.28*07
250003,$GPGSV,4,1,15,05,45,275,26,06,37,076,25,07,04,080,,09,15,040,31*7C
250075,$GPGSV,4,2,15,11,56,020,30,12,23,251,17,13,17,251,21,15,09,209,*7C
250145,$GPGSV,4,3,15,17,06,147,14,19,34,149,10,20,32,191,17,21,64,331,32*72
250219,$GPGSV,4,4,15,25,10,285,13,29,06,321,32,30,10,117,17*49
250278,$GPGLL,2601.83668,N,11911.59083,E,032417.00,A,A*62
250730,$GPRMC,032418.00,A,2601.83662,N,11911.59083,E,0.456,,250626,,,A*7C
250828,$GPVTG,,T,,M,0.456,N,0.844,K,A*2C
250864,$GPGGA,032418.00,2601.83662,N,11911.59083,E,1,09,1.23,46.0,M,10.0,M,,*68
250942,$GPGSA,A,3,29,21,05,09,25,17,06,11,30,,,,1.78,1.23,1.28*07
251004,$GPGSV,4,1,15,05,45,275,25,06,37,076,26,07,04,080,,09,15,040,32*7F
251076,$GPGSV,4,2,15,11,56,020,30,12,23,251,17,13,17,251,20,15,09,209,*7D
251146,$GPGSV,4,3,15,17,06,147,14,19,34,149,10,20,32,191,15,21,64,331,31*73
251219,$GPGSV,4,4,15,25,10,285,11,29,06,321,32,30,10,117,18*44
251277,$GPGLL,2601.83662,N,11911.59083,E,032418.00,A,A*67
251730,$GPRMC,032419.00,A,2601.83658,N,11911.59086,E,0.178,,250626,,,A*78
251827,$GPVTG,,T,,M,0.178,N,0.329,K,A*25
251864,$GPGGA,032419.00,2601.83658,N,11911.59086,E,1,08,1.23,46.1,M,10.0,M,,*65
251943,$GPGSA,A,3,29,21,05,09,17,06,11,30,,,,,1.78,1.23,1.28*00
252348,$GPGSV,4,1,15,05,45,275,25,06,37,076,26,07,04,080,,09,15,040,32*7F
252353,$GPGSV,4,2,15,11,56,020,30,12,23,251,18,13,17,251,20,15,09,209,*72
252364,$GPGSV,4,3,15,17,06,147,13,19,34,149,10,20,32,191,15,21,64,331,31*74
252370,$GPGSV,4,4,15,25,10,285,09,29,06,321,32,30,10,117,19*4C
252374,$GPGLL,2601.83658,N,11911.59086,E,032419.00,A,A*6A
# status,252 s,nmea,2226,fix,497,utc,032419.00,mode,2
252674,$GPRMC,032420.00,A,2601.83657,N,11911.59086,E,0.066,,250626,,,A*73
252891,$GPVTG,,T,,M,0.066,N,0.121,K,A*21
252903,$GPGGA,032420.00,2601.83657,N,11911.59086,E,1,08,1.23,46.1,M,10.0,M,,*60
252942,$GPGSA,A,3,29,21,05,09,17,06,11,30,,,,,1.78,1.23,1.28*00
253003,$GPGSV,4,1,15,05,45,275,25,06,37,076,26,07,04,080,,09,15,040,32*7F
253075,$GPGSV,4,2,15,11,56,020,30,12,23,251,17,13,17,251,19,15,09,209,*77
253145,$GPGSV,4,3,15,17,06,147,14,19,34,149,09,20,32,191,15,21,64,331,32*78
253218,$GPGSV,4,4,15,25,10,285,09,29,06,321,32,30,10,117,19*4C
253275,$GPGLL,2601.83657,N,11911.59086,E,032420.00,A,A*6F
253730,$GPRMC,032421.00,A,2601.83642,N,11911.59088,E,0.233,,250626,,,A*7A
253827,$GPVTG,,T,,M,0.233,N,0.432,K,A*24
253863,$GPGGA,032421.00,2601.83642,N,11911.59088,E,1,08,1.23,46.0,M,10.0,M,,*6A
253942,$GPGSA,A,3,29,21,05,09,17,06,11,30,,,,,1.78,1.23,1.28*00
254002,$GPGSV,4,1,15,05,45,275,25,06,37,076,25,07,04,080,,09,15,040,32*7C
254074,$GPGSV,4,2,15,11,56,020,30,12,23,251,17,13,17,251,19,15,09,209,*77
254221,$GPGSV,4,3,15,17,06,147,15,19,34,149,09,20,32,191,14,21,64,331,32*78
254225,$GPGSV,4,4,15,25,10,285,09,29,06,321,32,30,10,117,18*4D
254275,$GPGLL,2601.83642,N,11911.59088,E,032421.00,A,A*64
254720,$GPRMC,032422.00,A,2601.83636,N,11911.59090,E,0.573,,250626,,,A*70
254829,$GPVTG,,T,,M,0.573,N,1.062,K,A*27
254864,$GPGGA,032422.00,2601.83636,N,11911.59090,E,1,08,1.23,45.9,M,10.0,M,,*69
254943,$GPGSA,A,3,29,21,05,09,17,06,11,30,,,,,1.78,1.23,1.28*00
255002,$GPGSV,4,1,15,05,45,275,24,06,37,076,25,07,04,080,,09,15,040,32*7D
255074,$GPGSV,4,2,15,11,56,020,30,12,23,251,16,13,17,251,19,15,09,209,*76
255144,$GPGSV,4,3,15,17,06,147,14,19,34,149,09,20,32,191,14,21,64,331,32*79
255218,$GPGSV,4,4,15,25,10,285,09,29,06,321,32,30,10,117,18*4D
255277,$GPGLL,2601.83636,N,11911.59090,E,032422.00,A,A*6D
255720,$GPRMC,032423.00,A,2601.83627,N,11911.59093,E,0.815,,250626,,,A*7F
255865,$GPVTG,,T,,M,0.815,N,1.510,K,A*2A
255869,$GPGGA,032423.00,2601.83627,N,11911.59093,E,1,08,1.23,45.8,M,10.0,M,,*6A
255942,$GPGSA,A,3,29,21,05,09,17,06,11,30,,,,,1.78,1.23,1.28*00
256001,$GPGSV,4,1,15,05,45,275,24,06,37,076,26,07,04,080,,09,15,040,32*7E
256074,$GPGSV,4,2,15,11,56,020,30,12,23,251,16,13,17,251,19,15,09,209,*76
256143,$GPGSV,4,3,15,17,06,147,14,19,34,149,09,20,32,191,13,21,64,331,32*7E
256219,$GPGSV,4,4,15,25,10,285,08,29,06,321,32,30,10,117,17*43
256326,$GPGLL,2601.83627,N,11911.59093,E,032423.00,A,A*6F
256730,$GPRMC,032424.00,A,2601.83617,N,11911.59091,E,0.431,,250626,,,A*73
256829,$GPVTG,,T,,M,0.431,N,0.798,K,A*23
256866,$GPGGA,032424.00,2601.83617,N,11911.59091,E,1,08,1.23,45.8,M,10.0,M,,*6C
256943,$GPGSA,A,3,29,21,05,09,17,06,11,30,,,,,1.78,1.23,1.28*00
257006,$GPGSV,4,1,15,05,45,275,23,06,37,076,26,07,04,080,,09,15,040,32*79
257074,$GPGSV,4,2,15,11,56,020,31,12,23,251,15,13,17,251,18,15,09,209,*75
257146,$GPGSV,4,3,15,17,06,147,15,19,34,149,09,20,32,191,13,21,64,331,32*7F
257219,$GPGSV,4,4,15,25,10,285,08,29,06,321,32,30,10,117,17*43
257277,$GPGLL,2601.83617,N,11911.59091,E,032424.00,A,A*69
257730,$GPRMC,032425.00,A,2601.83599,N,11911.59094,E,0.092,,250626,,,A*7F
257825,$GPVTG,,T,,M,0.092,N,0.171,K,A*2F
257861,$GPGGA,032425.00,2601.83599,N,11911.59094,E,1,08,1.23,45.7,M,10.0,M,,*62
257940,$GPGSA,A,3,29,21,05,09,17,06,11,30,,,,,1.78,1.23,1.28*00
258000,$GPGSV,4,1,15,05,45,275,23,06,37,076,26,07,04,080,,09,15,040,32*79
258070,$GPGSV,4,2,15,11,56,020,31,12,23,251,15,13,17,251,18,15,09,209,*75
258142,$GPGSV,4,3,15,17,06,147,15,19,34,149,09,20,32,191,12,21,64,331,32*7E
258213,$GPGSV,4,4,15,25,10,285,08,29,06,321,32,30,10,117,17*43
258273,$GPGLL,2601.83599,N,11911.59094,E,032425.00,A,A*68
258720,$GPRMC,032426.00,A,2601.83590,N,11911.59094,E,0.372,,250626,,,A*78
258878,$GPVTG,,T,,M,0.372,N,0.689,K,A*22
258881,$GPGGA,032426.00,2601.83590,N,11911.59094,E,1,08,1.23,45.6,M,10.0,M,,*69
258940,$GPGSA,A,3,29,21,05,09,17,06,11,30,,,,,1.78,1.23,1.28*00
258999,$GPGSV,4,1,15,05,45,275,21,06,37,076,26,07,04,080,,09,15,040,32*7B
259071,$GPGSV,4,2,15,11,56,020,30,12,23,251,15,13,17,251,17,15,09,209,*7B
259141,$GPGSV,4,3,15,17,06,147,15,19,34,149,12,20,32,191,09,21,64,331,31*7D
259215,$GPGSV,4,4,15,25,10,285,,29,06,321,32,30,10,117,18*44
259270,$GPGLL,2601.83590,N,11911.59094,E,032426.00,A,A*62
259720,$GPRMC,032427.00,A,2601.83591,N,11911.59093,E,0.563,,250626,,,A*79
259827,$GPVTG,,T,,M,0.563,N,1.042,K,A*24
259864,$GPGGA,032427.00,2601.83591,N,11911.59093,E,1,08,1.23,45.6,M,10.0,M,,*6E
259941,$GPGSA,A,3,29,21,05,09,17,06,11,30,,,,,1.78,1.23,1.28*00
260002,$GPGSV,4,1,15,05,45,275,21,06,37,076,26,07,04,080,,09,15,040,32*7B
260073,$GPGSV,4,2,15,11,56,020,30,12,23,251,15,13,17,251,17,15,09,209,*7B
260143,$GPGSV,4,3,15,17,06,147,13,19,34,149,12,20,32,191,09,21,64,331,32*78
260217,$GPGSV,4,4,15,25,10,285,,29,06,321,32,30,10,117,19*45
260272,$GPGLL,2601.83591,N,11911.59093,E,032427.00,A,A*65
260720,$GPRMC,032428.00,A,2601.83605,N,11911.59094,E,0.054,,250626,,,A*7E
260830,$GPVTG,,T,,M,0.054,N,0.101,K,A*22
260869,$GPGGA,032428.00,2601.83605,N,11911.59094,E,1,08,1.23,45.8,M,10.0,M,,*66
261351,$GPGSA,A,3,29,21,05,09,17,06,11,30,,,,,1.78,1.23,1.28*00
261356,$GPGSV,4,1,15,05,45,275,21,06,37,076,26,07,04,080,,09,15,040,32*7B
261361,$GPGSV,4,2,15,11,56,020,30,12,23,251,14,13,17,251,17,15,09,209,*7A
261374,$GPGSV,4,3,15,17,06,147,14,19,34,149,12,20,32,191,08,21,64,331,32*7E
261379,$GPGSV,4,4,15,25,10,285,,29,06,321,32,30,10,117,19*45
261384,$GPGLL,2601.83605,N,11911.59094,E,032428.00,A,A*63
261680,$GPRMC,032429.00,A,2601.83597,N,11911.59092,E,0.384,,250626,,,A*7F
261831,$GPVTG,,T,,M,0.384,N,0.711,K,A*2B
261866,$GPGGA,032429.00,2601.83597,N,11911.59092,E,1,09,1.23,45.8,M,10.0,M,,*68
261945,$GPGSA,A,3,29,21,05,09,25,17,06,11,30,,,,1.78,1.23,1.28*07
262006,$GPGSV,4,1,15,05,45,275,20,06,37,076,25,07,04,080,,09,15,040,32*79
262078,$GPGSV,4,2,15,11,56,020,30,12,23,251,11,13,17,251,15,15,09,209,*7D
262149,$GPGSV,4,3,15,17,06,147,14,19,34,149,12,20,32,191,08,21,64,331,31*7D
262221,$GPGSV,4,4,15,25,10,285,17,29,06,321,32,30,10,117,20*49
262318,$GPGLL,2601.83597,N,11911.59092,E,032429.00,A,A*6C
# status,262 s,nmea,2316,fix,517,utc,032429.00,mode,2
262734,$GPRMC,032430.00,A,2601.83583,N,11911.59093,E,0.041,,250626,,,A*79
262873,$GPVTG,,T,,M,0.041,N,0.076,K,A*27
262876,$GPGGA,032430.00,2601.83583,N,11911.59093,E,1,09,1.23,45.7,M,10.0,M,,*6B
262945,$GPGSA,A,3,29,21,05,09,25,17,06,11,30,,,,1.78,1.23,1.28*07
263009,$GPGSV,4,1,15,05,45,275,20,06,37,076,25,07,04,080,,09,15,040,32*79
263126,$GPGSV,4,2,15,11,56,020,30,12,23,251,11,13,17,251,15,15,09,209,*7D
263149,$GPGSV,4,3,15,17,06,147,14,19,34,149,12,20,32,191,08,21,64,331,31*7D
263221,$GPGSV,4,4,15,25,10,285,18,29,06,321,32,30,10,117,19*4C
263281,$GPGLL,2601.83583,N,11911.59093,E,032430.00,A,A*60
263730,$GPRMC,032431.00,A,2601.83587,N,11911.59093,E,0.201,,250626,,,A*7A
263836,$GPVTG,,T,,M,0.201,N,0.372,K,A*26
263872,$GPGGA,032431.00,2601.83587,N,11911.59093,E,1,09,1.23,45.8,M,10.0,M,,*61
263950,$GPGSA,A,3,29,21,05,09,25,17,06,11,30,,,,1.78,1.23,1.28*07
264012,$GPGSV,4,1,15,05,45,275,19,06,37,076,25,07,04,080,,09,15,040,32*73
264084,$GPGSV,4,2,15,11,56,020,31,12,23,251,,13,17,251,15,15,09,209,*7C
264151,$GPGSV,4,3,15,17,06,147,14,19,34,149,12,20,32,191,,21,64,331,31*75
264223,$GPGSV,4,4,15,25,10,285,19,29,06,321,32,30,10,117,20*47
264282,$GPGLL,2601.83587,N,11911.59093,E,032431.00,A,A*65
264730,$GPRMC,032432.00,A,2601.83570,N,11911.59093,E,0.477,,250626,,,A*76
264832,$GPVTG,,T,,M,0.477,N,0.883,K,A*24
264868,$GPGGA,032432.00,2601.83570,N,11911.59093,E,1,09,1.23,45.7,M,10.0,M,,*65
264946,$GPGSA,A,3,29,21,05,09,25,17,06,11,30,,,,1.78,1.23,1.28*07
265007,$GPGSV,4,1,15,05,45,275,18,06,37,076,25,07,04,080,,09,15,040,33*73
265079,$GPGSV,4,2,15,11,56,020,30,12,23,251,,13,17,251,14,15,09,209,*7C
265149,$GPGSV,4,3,15,17,06,147,15,19,34,149,12,20,32,191,,21,64,331,31*74
265619,$GPGSV,4,4,15,25,10,285,19,29,06,321,32,30,10,117,20*47
265623,$GPGLL,2601.83570,N,11911.59093,E,032432.00,A,A*6E
265730,$GPRMC,032433.00,A,2601.83548,N,11911.59093,E,0.116,,250626,,,A*7E
265829,$GPVTG,,T,,M,0.116,N,0.215,K,A*23
265867,$GPGGA,032433.00,2601.83548,N,11911.59093,E,1,09,1.23,45.6,M,10.0,M,,*6E
265943,$GPGSA,A,3,29,21,05,09,25,17,06,11,30,,,,1.78,1.23,1.28*07
266007,$GPGSV,4,1,15,05,45,275,18,06,37,076,25,07,04,080,,09,15,040,33*73
266077,$GPGSV,4,2,15,11,56,020,30,12,23,251,,13,17,251,12,15,09,209,*7A
266146,$GPGSV,4,3,15,17,06,147,15,19,34,149,12,20,32,191,,21,64,331,31*74
266216,$GPGSV,4,4,15,25,10,285,20,29,06,321,32,30,10,117,20*4D
266276,$GPGLL,2601.83548,N,11911.59093,E,032433.00,A,A*64
266720,$GPRMC,032434.00,A,2601.83526,N,11911.59093,E,0.041,,250626,,,A*72
266831,$GPVTG,,T,,M,0.041,N,0.076,K,A*27
266866,$GPGGA,032434.00,2601.83526,N,11911.59093,E,1,09,1.24,45.5,M,10.0,M,,*65
266945,$GPGSA,A,3,29,21,05,09,25,17,06,11,30,,,,1.78,1.24,1.28*00
267006,$GPGSV,4,1,15,05,45,275,17,06,37,076,26,07,04,080,,09,15,040,33*7F
267079,$GPGSV,4,2,15,11,56,020,30,12,23,251,,13,17,251,10,15,09,209,*78
267147,$GPGSV,4,3,15,17,06,147,16,19,34,149,12,20,32,191,,21,64,331,32*74
267217,$GPGSV,4,4,15,25,10,285,20,29,06,321,32,30,10,117,19*47
267278,$GPGLL,2601.83526,N,11911.59093,E,032434.00,A,A*6B
267700,$GPRMC,032435.00,A,2601.83537,N,11911.59092,E,0.069,,250626,,,A*78
267827,$GPVTG,,T,,M,0.069,N,0.129,K,A*26
267862,$GPGGA,032435.00,2601.83537,N,11911.59092,E,1,09,1.24,45.7,M,10.0,M,,*67
267941,$GPGSA,A,3,29,21,05,09,25,17,06,11,30,,,,1.78,1.24,1.28*00
268002,$GPGSV,4,1,15,05,45,275,17,06,37,076,26,07,04,080,,09,15,040,33*7F
268074,$GPGSV,4,2,15,11,56,020,30,12,23,251,,13,17,251,10,15,09,209,*78
268142,$GPGSV,4,3,15,17,06,147,17,19,34,149,12,20,32,191,,21,64,331,32*75
268214,$GPGSV,4,4,15,25,10,285,21,29,06,321,32,30,10,117,18*47
268272,$GPGLL,2601.83537,N,11911.59092,E,032435.00,A,A*6B
268720,$GPRMC,032436.00,A,2601.83531,N,11911.59089,E,0.115,,250626,,,A*7D
268829,$GPVTG,,T,,M,0.115,N,0.213,K,A*26
268866,$GPGGA,032436.00,2601.83531,N,11911.59089,E,1,09,1.24,45.7,M,10.0,M,,*68
268943,$GPGSA,A,3,29,21,05,09,25,17,06,11,30,,,,1.78,1.24,1.28*00
269006,$GPGSV,4,1,15,05,45,275,17,06,37,076,26,07,04,079,,09,15,040,33*79
269076,$GPGSV,4,2,15,11,56,020,30,12,23,251,,13,17,251,12,15,09,209,*7A
269181,$GPGSV,4,3,15,17,06,147,17,19,34,149,12,20,32,191,,21,64,331,31*76
269216,$GPGSV,4,4,15,25,10,285,21,29,06,321,32,30,10,117,18*47
269274,$GPGLL,2601.83531,N,11911.59089,E,032436.00,A,A*64
269720,$GPRMC,032437.00,A,2601.83559,N,11911.59088,E,0.755,,250626,,,A*71
269837,$GPVTG,,T,,M,0.755,N,1.399,K,A*26
269914,$GPGGA,032437.00,2601.83559,N,11911.59088,E,1,09,1.24,46.1,M,10.0,M,,*63
269950,$GPGSA,A,3,29,21,05,09,25,17,06,11,30,,,,1.78,1.24,1.28*00
270012,$GPGSV,4,1,15,05,45,275,18,06,37,076,26,07,04,079,,09,15,040,33*76
270082,$GPGSV,4,2,15,11,56,020,30,12,23,251,,13,17,251,14,15,09,209,*7C
270152,$GPGSV,4,3,15,17,06,147,16,19,34,149,12,20,32,191,,21,64,331,31*77
270221,$GPGSV,4,4,15,25,10,285,22,29,06,321,32,30,10,117,17*4B
270281,$GPGLL,2601.83559,N,11911.59088,E,032437.00,A,A*6A
270730,$GPRMC,032438.00,A,2601.83522,N,11911.59090,E,0.656,,250626,,,A*79
270829,$GPVTG,,T,,M,0.656,N,1.214,K,A*20
270864,$GPGGA,032438.00,2601.83522,N,11911.59090,E,1,09,1.24,45.8,M,10.0,M,,*63
270943,$GPGSA,A,3,29,21,05,09,25,17,06,11,30,,,,1.78,1.24,1.28*00
271004,$GPGSV,4,1,15,05,45,275,19,06,37,076,26,07,04,079,,09,14,040,33*76
271076,$GPGSV,4,2,15,11,56,020,30,12,23,251,,13,17,251,13,15,09,209,*7B
271144,$GPGSV,4,3,15,17,06,147,16,19,34,149,11,20,32,191,,21,64,331,31*74
271216,$GPGSV,4,4,15,25,10,285,22,29,06,321,33,30,10,117,17*4A
271274,$GPGLL,2601.83522,N,11911.59090,E,032438.00,A,A*60
271720,$GPRMC,032439.00,A,2601.83484,N,11911.59086,E,0.098,,250626,,,A*76
271829,$GPVTG,,T,,M,0.098,N,0.181,K,A*2A
271864,$GPGGA,032439.00,2601.83484,N,11911.59086,E,1,09,1.27,45.5,M,10.0,M,,*66
271944,$GPGSA,A,3,29,21,05,09,25,17,06,11,30,,,,1.78,1.27,1.24*0F
272057,$GPGSV,4,1,15,05,45,275,17,06,37,076,26,07,04,079,,09,14,040,33*78
272076,$GPGSV,4,2,15,11,56,020,29,12,23,251,,13,17,251,10,15,09,209,*70
272144,$GPGSV,4,3,15,17,06,147,16,19,34,149,11,20,32,191,06,21,64,331,31*72
272218,$GPGSV,4,4,15,25,10,285,22,29,06,321,32,30,10,117,14*48
272277,$GPGLL,2601.83484,N,11911.59086,E,032439.00,A,A*6B
# status,272 s,nmea,2406,fix,537,utc,032439.00,mode,2
272733,$GPRMC,032440.00,A,2601.83451,N,11911.59084,E,0.346,,250626,,,A*72
273261,$GPVTG,,T,,M,0.346,N,0.640,K,A*20
273265,$GPGGA,032440.00,2601.83451,N,11911.59084,E,1,09,1.27,45.2,M,10.0,M,,*65
273274,$GPGSA,A,3,29,21,05,09,25,17,06,11,30,,,,1.78,1.27,1.24*0F
273278,$GPGSV,4,1,15,05,45,275,18,06,37,076,27,07,04,079,,09,14,040,33*76
273283,$GPGSV,4,2,15,11,57,,25,10,285,22,29,06,321,32,30,10,117,13*4F
273288,$GPGLL,2601.83451,N,11911.59084,E,032440.00,A,A*6F
273720,$GPRMC,032441.00,A,2601.83424,N,11911.59083,E,0.261,,250626,,,A*72
273830,$GPVTG,,T,,M,0.261,N,0.484,K,A*2E
273867,$GPGGA,032441.00,2601.83424,N,11911.59083,E,1,09,1.24,45.1,M,10.0,M,,*61
273944,$GPGSA,A,3,29,21,05,09,25,17,06,11,30,,,,1.78,1.24,1.29*01
274007,$GPGSV,4,1,15,05,45,275,18,06,37,076,26,07,04,079,,09,14,040,33*77
274077,$GPGSV,4,2,15,11,57,021,29,12,22,251,,13,17,251,10,15,09,209,*71
274147,$GPGSV,4,3,15,17,06,147,18,19,34,149,11,20,32,191,12,21,64,331,30*78
274221,$GPGSV,4,4,15,25,10,285,22,29,06,321,32,30,10,117,12*4E
274359,$GPGLL,2601.83424,N,11911.59083,E,032441.00,A,A*6B
274660,$GPRMC,032442.00,A,2601.83409,N,11911.59079,E,0.162,,250626,,,A*7B
274831,$GPVTG,,T,,M,0.162,N,0.300,K,A*25
274866,$GPGGA,032442.00,2601.83409,N,11911.59079,E,1,09,1.24,45.1,M,10.0,M,,*68
274945,$GPGSA,A,3,29,21,05,09,25,17,06,11,30,,,,1.78,1.24,1.29*01
275006,$GPGSV,4,1,15,05,45,275,19,06,37,076,25,07,04,079,,09,14,040,33*75
275078,$GPGSV,4,2,15,11,57,021,28,12,22,251,,13,17,250,10,15,09,209,*71
275147,$GPGSV,4,3,15,17,06,147,17,19,34,149,11,20,32,191,15,21,64,331,30*70
275218,$GPGSV,4,4,15,25,10,285,22,29,06,321,32,30,10,117,14*48
275278,$GPGLL,2601.83409,N,11911.59079,E,032442.00,A,A*62
275730,$GPRMC,032443.00,A,2601.83381,N,11911.59073,E,0.341,,250626,,,A*74
275833,$GPVTG,,T,,M,0.341,N,0.631,K,A*21
275868,$GPGGA,032443.00,2601.83381,N,11911.59073,E,1,09,1.24,45.1,M,10.0,M,,*64
275947,$GPGSA,A,3,29,21,05,09,25,17,06,11,30,,,,1.78,1.24,1.29*01
276008,$GPGSV,4,1,15,05,45,275,18,06,37,076,25,07,04,079,,09,14,040,33*74
276121,$GPGSV,4,2,15,11,57,021,28,12,22,251,,13,17,250,08,15,09,209,*78
276148,$GPGSV,4,3,15,17,06,147,17,19,34,149,11,20,32,191,16,21,64,331,29*7B
276222,$GPGSV,4,4,15,25,10,285,22,29,06,321,32,30,10,117,14*48
276281,$GPGLL,2601.83381,N,11911.59073,E,032443.00,A,A*6E
276730,$GPRMC,032444.00,A,2601.83332,N,11911.59066,E,0.808,,250626,,,A*79
277255,$GPVTG,,T,,M,0.808,N,1.496,K,A*29
277258,$GPGGA,032444.00,2601.83332,N,11911.59066,E,1,09,1.24,45.0,M,10.0,M,,*6E
277263,$GPGSA,A,3,29,21,05,09,25,17,06,11,30,,,,1.78,1.24,1.29*01
277268,$GPGSV,4,1,15,05,45,275,19,06,37,076,25,07,04,079,,09,14,040,33*75
277274,$GPGSV,4,2,15,11,57,,25,10,285,22,29,06,321,32,30,10,117,13*4F
277278,$GPGLL,2601.83332,N,11911.59066,E,032444.00,A,A*65
277730,$GPRMC,032445.00,A,2601.83280,N,11911.59059,E,1.169,187.30,250626,,,A*60
277836,$GPVTG,187.30,T,,M,1.169,N,2.165,K,A*3F
277879,$GPGGA,032445.00,2601.83280,N,11911.59059,E,1,09,1.24,45.0,M,10.0,M,,*6B
277956,$GPGSA,A,3,29,21,05,09,25,17,06,11,30,,,,1.78,1.24,1.29*01
278019,$GPGSV,4,1,15,05,45,275,20,06,37,076,24,07,04,079,,09,14,040,34*79
278089,$GPGSV,4,2,15,11,57,021,27,12,22,251,,13,17,250,08,15,09,209,*77
278159,$GPGSV,4,3,15,17,06,147,17,19,34,149,08,20,32,191,17,21,64,331,29*72
278231,$GPGSV,4,4,15,25,10,285,23,29,06,321,32,30,10,117,13*4E
278291,$GPGLL,2601.83280,N,11911.59059,E,032445.00,A,A*60
278740,$GPRMC,032446.00,A,2601.83231,N,11911.59044,E,0.728,,250626,,,A*74
278830,$GPVTG,,T,,M,0.728,N,1.348,K,A*20
278865,$GPGGA,032446.00,2601.83231,N,11911.59044,E,1,09,1.13,44.8,M,10.0,M,,*63
278944,$GPGSA,A,3,29,21,05,09,25,17,06,11,30,,,,1.62,1.13,1.16*02
279008,$GPGSV,4,1,15,05,45,275,19,06,37,076,24,07,04,079,,09,14,040,34*73
279138,$GPGSV,4,2,15,11,57,021,27,12,22,251,,13,17,250,08,15,09,209,*77
279154,$GPGSV,4,3,15,17,05,147,17,19,34,149,08,20,32,191,17,21,64,331,29*71
279218,$GPGSV,4,4,15,25,10,285,22,29,06,321,32,30,10,117,13*4F
279278,$GPGLL,2601.83231,N,11911.59044,E,032446.00,A,A*65
279730,$GPRMC,032447.00,A,2601.83200,N,11911.59035,E,0.438,,250626,,,A*73
279832,$GPVTG,,T,,M,0.438,N,0.811,K,A*24
279867,$GPGGA,032447.00,2601.83200,N,11911.59035,E,1,09,1.13,44.7,M,10.0,M,,*69
279946,$GPGSA,A,3,29,21,05,09,25,17,06,11,30,,,,1.62,1.13,1.16*02
280007,$GPGSV,4,1,15,05,45,275,19,06,37,076,25,07,04,079,,09,14,040,34*72
280079,$GPGSV,4,2,15,11,57,021,26,12,22,251,,13,17,250,08,15,09,209,*76
280147,$GPGSV,4,3,15,17,05,147,18,19,34,149,08,20,32,191,16,21,64,331,29*7F
280221,$GPGSV,4,4,15,25,10,285,22,29,06,321,33,30,10,117,14*49
280278,$GPGLL,2601.83200,N,11911.59035,E,032447.00,A,A*60
280730,$GPRMC,032448.00,A,2601.83194,N,11911.59036,E,0.767,,250626,,,A*78
280827,$GPVTG,,T,,M,0.767,N,1.421,K,A*23
280866,$GPGGA,032448.00,2601.83194,N,11911.59036,E,1,09,1.24,44.9,M,10.0,M,,*61
280941,$GPGSA,A,3,29,21,05,09,25,17,06,11,30,,,,1.78,1.24,1.29*01
281005,$GPGSV,4,1,15,05,45,275,16,06,37,076,25,07,04,079,,09,14,040,34*7D
281075,$GPGSV,4,2,15,11,57,021,26,12,22,251,,13,17,250,08,15,09,209,*76
281146,$GPGSV,4,3,15,17,05,147,18,19,33,149,08,20,32,191,16,21,64,331,28*79
281299,$GPGSV,4,4,15,25,10,285,22,29,06,321,33,30,10,117,14*49
281304,$GPGLL,2601.83194,N,11911.59036,E,032448.00,A,A*62
281720,$GPRMC,032449.00,A,2601.83192,N,11911.59033,E,0.692,,250626,,,A*71
281828,$GPVTG,,T,,M,0.692,N,1.281,K,A*24
281864,$GPGGA,032449.00,2601.83192,N,11911.59033,E,1,09,1.24,45.1,M,10.0,M,,*6A
281943,$GPGSA,A,3,29,21,05,09,25,17,06,11,30,,,,1.78,1.24,1.29*01
282005,$GPGSV,4,1,15,05,45,275,13,06,37,076,25,07,04,079,,09,14,040,34*78
282075,$GPGSV,4,2,15,11,57,021,26,12,22,251,08,13,17,250,08,15,09,209,*7E
282147,$GPGSV,4,3,15,17,05,147,17,19,33,149,08,20,33,191,16,21,64,331,28*77
282219,$GPGSV,4,4,15,25,10,285,21,29,06,321,33,30,10,117,15*4B
282279,$GPGLL,2601.83192,N,11911.59033,E,032449.00,A,A*60
# status,282 s,nmea,2492,fix,557,utc,032449.00,mode,2
282734,$GPRMC,032450.00,A,2601.83176,N,11911.59024,E,0.565,,250626,,,A*7E
282916,$GPVTG,,T,,M,0.565,N,1.045,K,A*25
282920,$GPGGA,032450.00,2601.83176,N,11911.59024,E,1,08,1.27,45.2,M,10.0,M,,*6F
282943,$GPGSA,A,3,29,21,09,25,17,06,11,30,,,,,1.78,1.27,1.24*0A
283450,$GPGSV,4,1,15,05,45,275,09,06,37,076,25,07,04,079,,09,14,040,34*73
283454,$GPGSV,4,2,15,11,57,021,26,12,22,251,11,13,17,250,09,15,09,209,*77
283464,$GPGSV,4,3,15,17,05,147,14,19,33,149,07,20,33,191,17,21,64,332,28*79
283470,$GPGSV,4,4,15,25,10,285,21,29,06,321,33,30,10,117,16*48
283476,$GPGLL,2601.83176,N,11911.59024,E,032450.00,A,A*64
283720,$GPRMC,032451.00,A,2601.83150,N,11911.59016,E,0.205,,250626,,,A*7B
283830,$GPVTG,,T,,M,0.205,N,0.379,K,A*29
283866,$GPGGA,032451.00,2601.83150,N,11911.59016,E,1,08,1.27,45.1,M,10.0,M,,*68
283944,$GPGSA,A,3,29,21,09,25,17,06,11,30,,,,,1.78,1.27,1.24*0A
284003,$GPGSV,4,1,15,05,45,275,08,06,37,076,25,07,04,079,,09,14,040,34*72
284076,$GPGSV,4,2,15,11,57,021,26,12,22,251,15,13,17,250,09,15,09,209,*73
284146,$GPGSV,4,3,15,17,05,147,14,19,33,149,07,20,33,191,18,21,64,332,28*76
284218,$GPGSV,4,4,15,25,10,285,21,29,06,321,33,30,10,117,16*48
284278,$GPGLL,2601.83150,N,11911.59016,E,032451.00,A,A*60
284730,$GPRMC,032452.00,A,2601.83124,N,11911.59005,E,0.190,,250626,,,A*76
284831,$GPVTG,,T,,M,0.190,N,0.352,K,A*2F
284866,$GPGGA,032452.00,2601.83124,N,11911.59005,E,1,08,1.27,45.2,M,10.0,M,,*69
284945,$GPGSA,A,3,29,21,09,25,17,06,11,30,,,,,1.78,1.27,1.24*0A
285004,$GPGSV,4,1,15,05,45,275,08,06,37,076,25,07,04,079,,09,14,040,34*72
285076,$GPGSV,4,2,15,11,57,021,26,12,22,251,15,13,17,250,09,15,09,209,*73
285146,$GPGSV,4,3,15,17,05,147,12,19,33,149,07,20,33,191,19,21,64,332,28*71
285220,$GPGSV,4,4,15,25,10,285,21,29,06,321,33,30,10,117,17*49
285278,$GPGLL,2601.83124,N,11911.59005,E,032452.00,A,A*62
285730,$GPRMC,032453.00,A,2601.83107,N,11911.58998,E,0.388,,250626,,,A*71
285831,$GPVTG,,T,,M,0.388,N,0.719,K,A*2F
286337,$GPGGA,032453.00,2601.83107,N,11911.58998,E,1,08,1.27,45.2,M,10.0,M,,*65
286341,$GPGSA,A,3,29,21,09,25,17,06,11,30,,,,,1.78,1.27,1.24*0A
286353,$GPGSV,4,1,15,05,45,275,08,06,37,076,24,07,04,079,,09,14,040,34*73
286359,$GPGSV,4,2,15,11,57,021,26,12,22,251,16,13,17,250,09,15,07,16*4B
286363,$GPGLL,2601.83107,N,11911.58998,E,032453.00,A,A*6E
286660,$GPRMC,032454.00,A,2601.83093,N,11911.58992,E,0.491,,250626,,,A*7F
286827,$GPVTG,,T,,M,0.491,N,0.910,K,A*27
286863,$GPGGA,032454.00,2601.83093,N,11911.58992,E,1,08,1.27,45.2,M,10.0,M,,*64
286942,$GPGSA,A,3,29,21,09,25,17,06,11,30,,,,,1.78,1.27,1.24*0A
287002,$GPGSV,4,1,15,05,45,275,08,06,37,076,23,07,04,079,,09,14,040,34*74
287072,$GPGSV,4,2,15,11,57,021,25,12,22,251,17,13,17,250,09,15,09,209,*72
287144,$GPGSV,4,3,15,17,05,147,12,19,33,149,07,20,33,191,19,21,64,332,29*70
287216,$GPGSV,4,4,15,25,10,285,22,29,06,321,33,30,10,117,15*48
287275,$GPGLL,2601.83093,N,11911.58992,E,032454.00,A,A*6F
287720,$GPRMC,032455.00,A,2601.83089,N,11911.58985,E,0.128,,250626,,,A*74
287828,$GPVTG,,T,,M,0.128,N,0.237,K,A*2E
287864,$GPGGA,032455.00,2601.83089,N,11911.58985,E,1,08,1.27,45.3,M,10.0,M,,*69
287942,$GPGSA,A,3,29,21,09,25,17,06,11,30,,,,,1.78,1.27,1.24*0A
288001,$GPGSV,4,1,15,05,45,275,08,06,37,076,21,07,04,079,,09,14,040,34*76
288075,$GPGSV,4,2,15,11,57,021,25,12,22,251,17,13,17,250,09,15,09,209,*72
288219,$GPGSV,4,3,15,17,05,147,12,19,33,149,07,20,33,191,19,21,64,332,29*70
288224,$GPGSV,4,4,15,25,10,285,22,29,06,321,33,30,10,117,15*48
288276,$GPGLL,2601.83089,N,11911.58985,E,032455.00,A,A*63
288720,$GPRMC,032456.00,A,2601.83044,N,11911.58975,E,0.270,,250626,,,A*77
288833,$GPVTG,,T,,M,0.270,N,0.500,K,A*23
288869,$GPGGA,032456.00,2601.83044,N,11911.58975,E,1,09,1.27,45.3,M,10.0,M,,*65
288945,$GPGSA,A,3,29,21,05,09,25,17,06,11,30,,,,1.78,1.27,1.25*0E
289009,$GPGSV,4,1,15,05,45,275,14,06,37,076,20,07,04,079,,09,14,040,34*7A
289080,$GPGSV,4,2,15,11,57,021,24,12,22,251,17,13,17,250,08,15,09,209,*72
289150,$GPGSV,4,3,15,17,05,147,16,19,33,149,10,20,33,191,19,21,64,332,29*72
289223,$GPGSV,4,4,15,25,10,285,23,29,06,321,33,30,10,117,15*49
289281,$GPGLL,2601.83044,N,11911.58975,E,032456.00,A,A*6E
289730,$GPRMC,032457.00,A,2601.83101,N,11911.58965,E,0.256,,250626,,,A*73
289830,$GPVTG,,T,,M,0.256,N,0.475,K,A*24
289867,$GPGGA,032457.00,2601.83101,N,11911.58965,E,1,09,1.27,45.7,M,10.0,M,,*61
289944,$GPGSA,A,3,29,21,05,09,25,17,06,11,30,,,,1.78,1.27,1.25*0E
290044,$GPGSV,4,1,15,05,45,275,13,06,37,076,19,07,04,079,,09,14,040,35*76
290077,$GPGSV,4,2,15,11,57,021,23,12,22,251,15,13,17,250,08,15,09,209,*77
290149,$GPGSV,4,3,15,17,05,147,16,19,33,149,10,20,33,191,19,21,64,332,28*73
290224,$GPGSV,4,4,15,25,10,285,23,29,06,321,32,30,10,117,15*48
290755,$GPGLL,2601.83101,N,11911.58965,E,032457.00,A,A*6E
290758,$GPRMC,032458.00,A,2601.83130,N,11911.58960,E,0.088,,250626,,,A*7A
290833,$GPVTG,,T,,M,0.088,N,0.162,K,A*26
290868,$GPGGA,032458.00,2601.83130,N,11911.58960,E,1,09,1.24,46.1,M,10.0,M,,*6F
290947,$GPGSA,A,3,29,21,05,09,25,17,06,11,30,,,,1.79,1.24,1.29*00
291009,$GPGSV,4,1,15,05,45,275,14,06,37,076,18,07,04,079,,09,14,040,35*70
291079,$GPGSV,4,2,15,11,57,021,22,12,22,251,14,13,17,250,08,15,09,209,*77
291151,$GPGSV,4,3,15,17,05,147,16,19,33,149,10,20,33,191,19,21,64,332,28*73
291222,$GPGSV,4,4,15,25,10,285,24,29,07,321,33,30,10,117,15*4F
291282,$GPGLL,2601.83130,N,11911.58960,E,032458.00,A,A*66
291730,$GPRMC,032459.00,A,2601.83161,N,11911.58957,E,0.441,,250626,,,A*7A
291833,$GPVTG,,T,,M,0.441,N,0.817,K,A*2C
291868,$GPGGA,032459.00,2601.83161,N,11911.58957,E,1,09,1.24,46.5,M,10.0,M,,*6A
291947,$GPGSA,A,3,29,21,05,09,25,17,06,11,30,,,,1.79,1.24,1.29*00
292008,$GPGSV,4,1,15,05,45,275,14,06,37,076,19,07,04,079,,09,14,040,34*70
292080,$GPGSV,4,2,15,11,57,021,22,12,22,251,12,13,17,250,08,15,09,209,*71
292150,$GPGSV,4,3,15,17,05,147,16,19,33,149,10,20,33,191,19,21,64,332,28*73
292224,$GPGSV,4,4,15,25,10,285,23,29,07,321,33,30,10,116,16*4A
292283,$GPGLL,2601.83161,N,11911.58957,E,032459.00,A,A*67
# status,292 s,nmea,2580,fix,577,utc,032459.00,mode,2
292796,$GPRMC,032500.00,A,2601.83190,N,11911.58955,E,0.768,,250626,,,A*73
293337,$GPVTG,,T,,M,0.768,N,1.422,K,A*2F
293340,$GPGGA,032500.00,2601.83190,N,11911.58955,E,1,09,1.24,47.0,M,10.0,M,,*6F
293354,$GPGSA,A,3,29,21,05,09,25,17,06,11,30,,,,1.79,1.24,1.29*00
293357,$GPGSV,4,1,15,05,45,275,14,06,37,076,17,07,04,079,,09,14,040,35*7F
293363,$GPGSV,4,2,15,11,57,15,25,10,285,23,29,07,321,33,30,10,116,16*4A
293369,$GPGLL,2601.83190,N,11911.58955,E,032500.00,A,A*66
293670,$GPRMC,032501.00,A,2601.83220,N,11911.58953,E,0.420,,250626,,,A*73
293825,$GPVTG,,T,,M,0.420,N,0.778,K,A*2D
293861,$GPGGA,032501.00,2601.83220,N,11911.58953,E,1,09,1.24,47.5,M,10.0,M,,*65
293940,$GPGSA,A,3,29,21,05,09,25,17,06,11,30,,,,1.79,1.24,1.29*00
294001,$GPGSV,4,1,15,05,45,275,14,06,37,076,17,07,04,079,,09,14,040,35*7F
294073,$GPGSV,4,2,15,11,57,021,19,12,22,251,11,13,17,250,08,15,09,209,*7A
294143,$GPGSV,4,3,15,17,05,147,16,19,33,149,10,20,33,191,20,21,64,332,27*76
294216,$GPGSV,4,4,15,25,10,285,23,29,07,321,33,30,10,116,16*4A
294274,$GPGLL,2601.83220,N,11911.58953,E,032501.00,A,A*69
294720,$GPRMC,032502.00,A,2601.83239,N,11911.58949,E,0.068,,250626,,,A*7B
294828,$GPVTG,,T,,M,0.068,N,0.125,K,A*2B
294865,$GPGGA,032502.00,2601.83239,N,11911.58949,E,1,09,1.24,47.8,M,10.0,M,,*68
294942,$GPGSA,A,3,29,21,05,09,25,17,06,11,30,,,,1.79,1.24,1.29*00
295007,$GPGSV,4,1,15,05,45,275,17,06,37,076,15,07,04,079,,09,14,040,35*7E
295149,$GPGSV,4,2,15,11,57,021,16,12,22,251,12,13,17,250,07,15,09,209,*79
295154,$GPGSV,4,3,15,17,05,147,15,19,33,149,11,20,33,191,20,21,64,332,27*74
295220,$GPGSV,4,4,15,25,10,285,23,29,07,321,33,30,10,116,15*49
295278,$GPGLL,2601.83239,N,11911.58949,E,032502.00,A,A*69
295730,$GPRMC,032503.00,A,2601.83260,N,11911.58948,E,0.156,,250626,,,A*7B
295831,$GPVTG,,T,,M,0.156,N,0.288,K,A*23
295866,$GPGGA,032503.00,2601.83260,N,11911.58948,E,1,09,1.24,48.1,M,10.0,M,,*62
295945,$GPGSA,A,3,29,21,05,09,25,17,06,11,30,,,,1.79,1.24,1.29*00
296007,$GPGSV,4,1,15,05,45,275,11,06,37,076,17,07,04,079,,09,14,040,35*7A
296077,$GPGSV,4,2,15,11,57,021,15,12,22,251,11,13,17,250,07,15,09,209,*79
296149,$GPGSV,4,3,15,17,05,147,15,19,33,149,11,20,33,191,20,21,64,332,27*74
296221,$GPGSV,4,4,15,25,10,285,23,29,07,321,33,30,10,116,15*49
296281,$GPGLL,2601.83260,N,11911.58948,E,032503.00,A,A*65
296730,$GPRMC,032504.00,A,2601.83277,N,11911.58945,E,0.103,,250626,,,A*77
296832,$GPVTG,,T,,M,0.103,N,0.192,K,A*2B
296869,$GPGGA,032504.00,2601.83277,N,11911.58945,E,1,09,1.24,48.6,M,10.0,M,,*69
297440,$GPGSA,A,3,29,21,05,09,25,17,06,11,30,,,,1.79,1.24,1.29*00
297444,$GPGSV,4,1,15,05,45,275,18,06,37,076,17,07,04,079,,09,14,040,35*73
297454,$GPGSV,4,2,15,11,57,021,18,12,22,251,10,13,17,250,07,15,09,209,*75
299903,$GPGSV,4,3,15,17,05,147,15,19,33,149,11,20,33,191,20,21,64,332,27*74
299955,$GPGSV,4,4,15,25,10,285,23,29,07,321,33,30,10,116,16*4A
299960,$GPGLL,2601.83277,N,11911.58945,E,032504.00,A,A*69
299963,$GPRMC,032505.00,A,260M,0.546,N,1.012,K,A*26
299967,$GPGGA,032507.00,2601.83281,N,11911.58935,E,1,09,1.24,49.8,M,10.0,M,,*6B
299972,$GPGSA,A,3,29,21,05,09,25,17,06,11,30,,,,1.79,1.24,1.29*00
300003,$GPGSV,4,1,15,05,45,275,22,06,37,076,15,07,04,079,,09,14,040,35*78
300073,$GPGSV,4,2,15,11,57,021,16,12,22,251,,13,17,250,,15,09,209,*7D
300141,$GPGSV,4,3,15,17,05,147,15,19,33,149,11,20,33,191,19,21,64,332,27*7E
300213,$GPGSV,4,4,15,25,10,285,25,29,07,321,33,30,10,116,17*4D
300273,$GPGLL,2601.83281,N,11911.58935,E,032507.00,A,A*64
300720,$GPRMC,032508.00,A,2601.83295,N,11911.58930,E,0.094,,250626,,,A*7A
300830,$GPVTG,,T,,M,0.094,N,0.174,K,A*2C
300865,$GPGGA,032508.00,2601.83295,N,11911.58930,E,1,09,1.24,50.3,M,10.0,M,,*67
300944,$GPGSA,A,3,29,21,05,09,25,17,06,11,30,,,,1.79,1.24,1.29*00
301005,$GPGSV,4,1,15,05,45,275,23,06,37,076,16,07,04,079,,09,14,040,35*7A
301077,$GPGSV,4,2,15,11,57,021,18,12,22,251,,13,17,250,,15,09,209,*73
301143,$GPGSV,4,3,15,17,05,147,08,19,33,149,12,20,33,191,19,21,64,332,27*71
301217,$GPGSV,4,4,15,25,10,285,25,29,07,321,33,30,10,116,17*4D
301275,$GPGLL,2601.83295,N,11911.58930,E,032508.00,A,A*6B
301730,$GPRMC,032509.00,A,2601.83288,N,11911.58927,E,0.222,,250626,,,A*7E
302026,$GPVTG,,T,,M,0.222,N,0.410,K,A*24
302030,$GPGGA,032509.00,2601.83288,N,11911.58927,E,1,09,1.24,50.7,M,10.0,M,,*68
302035,$GPGSA,A,3,29,21,05,09,25,17,06,11,30,,,,1.79,1.24,1.29*00
302043,$GPGSV,4,1,15,05,45,275,22,06,37,076,17,07,04,079,,09,14,040,34*7B
302073,$GPGSV,4,2,15,11,57,021,20,12,22,251,,13,17,250,,15,09,209,*78
302138,$GPGSV,4,3,15,17,05,147,08,19,33,149,12,20,33,191,20,21,64,332,26*7A
302212,$GPGSV,4,4,15,25,10,285,25,29,07,321,33,30,10,116,17*4D
302270,$GPGLL,2601.83288,N,11911.58927,E,032509.00,A,A*60
302720,$GPRMC,032510.00,A,2601.83294,N,11911.58922,E,0.045,,250626,,,A*7D
# status,302 s,nmea,2650,fix,594,utc,032510.00,mode,2
302829,$GPVTG,,T,,M,0.045,N,0.083,K,A*29
303073,$GPGGA,032510.00,2601.83294,N,11911.58922,E,1,08,1.24,51.0,M,10.0,M,,*6F
303084,$GPGSA,A,3,29,21,05,09,25,06,11,30,,,,,1.79,1.24,1.29*06
303088,$GPGSV,4,1,15,05,45,275,23,06,37,076,18,07,04,079,,09,14,040,35*74
303093,$GPGSV,4,2,15,11,57,021,22,12,22,251,,13,17,250,,15,09,209,*7A
303136,$GPGSV,4,3,15,17,05,147,,19,33,149,12,20,33,191,19,21,64,332,27*79
303207,$GPGSV,4,4,15,25,10,285,25,29,07,321,33,30,10,116,18*42
303265,$GPGLL,2601.83294,N,11911.58922,E,032510.00,A,A*60
303720,$GPRMC,032511.00,A,2601.83345,N,11911.58917,E,0.155,,250626,,,A*77
303825,$GPVTG,,T,,M,0.155,N,0.288,K,A*20
303864,$GPGGA,032511.00,2601.83345,N,11911.58917,E,1,08,1.24,51.5,M,10.0,M,,*60
304018,$GPGSA,A,3,29,21,05,09,25,06,11,30,,,,,1.79,1.24,1.29*06
304023,$GPGSV,4,1,15,05,45,275,23,06,37,076,19,07,04,079,,09,14,040,35*75
304070,$GPGSV,4,2,15,11,57,021,22,12,22,251,,13,17,250,,15,09,209,*7A
304138,$GPGSV,4,3,15,17,05,147,,19,33,149,12,20,33,191,18,21,64,332,27*78
304208,$GPGSV,4,4,15,25,10,285,25,29,07,321,33,30,10,116,17*4D
304267,$GPGLL,2601.83345,N,11911.58917,E,032511.00,A,A*6A
304720,$GPRMC,032512.00,A,2601.83344,N,11911.58912,E,0.309,,250626,,,A*7B
304827,$GPVTG,,T,,M,0.309,N,0.573,K,A*28
304862,$GPGGA,032512.00,2601.83344,N,11911.58912,E,1,08,1.24,51.7,M,10.0,M,,*65
304941,$GPGSA,A,3,29,21,05,09,25,06,11,30,,,,,1.79,1.24,1.29*06
305000,$GPGSV,4,1,15,05,45,275,24,06,37,076,20,07,04,079,,09,14,040,35*78
305072,$GPGSV,4,2,15,11,57,021,22,12,22,251,,13,17,250,,15,09,209,*7A
305139,$GPGSV,4,3,15,17,05,147,,19,33,149,12,20,33,191,17,21,64,332,27*77
305208,$GPGSV,4,4,15,25,10,285,25,29,07,321,33,30,10,116,17*4D
305268,$GPGLL,2601.83344,N,11911.58912,E,032512.00,A,A*6D
305720,$GPRMC,032513.00,A,2601.83348,N,11911.58909,E,0.591,,250626,,,A*7B
306030,$GPVTG,,T,,M,0.591,N,1.095,K,A*23
306033,$GPGGA,032513.00,2601.83348,N,11911.58909,E,1,08,1.24,51.9,M,10.0,M,,*6C
306044,$GPGSA,A,3,29,21,05,09,25,06,11,30,,,,,1.79,1.24,1.29*06
306049,$GPGSV,4,1,15,05,45,275,23,06,37,076,19,07,04,079,,09,14,040,35*75
306285,$GPGSV,4,2,15,11,57,021,23,12,22,251,,13,17,250,,15,09,209,*7B
306289,$GPGSV,4,3,15,17,05,147,,19,33,149,12,20,33,191,16,21,64,332,27*76
306295,$GPGSV,4,4,15,25,10,285,25,29,07,321,33,30,10,116,17*4D
306299,$GPGLL,2601.83348,N,11911.58909,E,032513.00,A,A*6A
306720,$GPRMC,032514.00,A,2601.83318,N,11911.58895,E,0.486,,250626,,,A*7A
306827,$GPVTG,,T,,M,0.486,N,0.901,K,A*21
306864,$GPGGA,032514.00,2601.83318,N,11911.58895,E,1,08,1.14,51.8,M,10.0,M,,*68
306941,$GPGSA,A,3,29,21,05,09,25,06,11,30,,,,,1.62,1.14,1.16*03
307002,$GPGSV,4,1,15,05,45,275,23,06,37,076,17,07,04,079,,09,14,040,35*7B
307072,$GPGSV,4,2,15,11,57,021,23,12,22,251,,13,17,250,,15,09,209,*7B
307139,$GPGSV,4,3,15,17,05,147,,19,33,149,16,20,33,191,16,21,64,332,27*72
307210,$GPGSV,4,4,15,25,10,285,24,29,07,321,33,30,10,116,16*4D
307268,$GPGLL,2601.83318,N,11911.58895,E,032514.00,A,A*6C
307720,$GPRMC,032515.00,A,2601.83296,N,11911.58881,E,0.122,,250626,,,A*72
307828,$GPVTG,,T,,M,0.122,N,0.225,K,A*27
307863,$GPGGA,032515.00,2601.83296,N,11911.58881,E,1,08,1.14,51.7,M,10.0,M,,*64
307942,$GPGSA,A,3,29,21,05,09,25,06,11,30,,,,,1.62,1.14,1.16*03
308001,$GPGSV,4,1,15,05,45,275,23,06,37,076,14,07,04,079,,09,14,040,35*78
308073,$GPGSV,4,2,15,11,57,021,23,12,22,251,,13,17,250,,15,09,209,*7B
308141,$GPGSV,4,3,15,17,05,147,,19,33,149,16,20,33,191,15,21,64,332,27*71
308436,$GPGSV,4,4,15,25,10,285,23,29,07,321,33,30,10,116,16*4A
308442,$GPGLL,2601.83296,N,11911.58881,E,032515.00,A,A*6F
308740,$GPRMC,032516.00,A,2601.83259,N,11911.58868,E,0.197,,250626,,,A*7B
308830,$GPVTG,,T,,M,0.197,N,0.365,K,A*2C
308865,$GPGGA,032516.00,2601.83259,N,11911.58868,E,1,08,1.14,51.6,M,10.0,M,,*62
308944,$GPGSA,A,3,29,21,05,09,25,06,11,30,,,,,1.62,1.14,1.16*03
309002,$GPGSV,4,1,15,05,45,275,23,06,37,076,12,07,04,079,,09,14,040,35*7E
309075,$GPGSV,4,2,15,11,57,021,24,12,22,251,,13,17,250,,15,09,209,*7C
309140,$GPGSV,4,3,15,17,05,147,,19,33,149,16,20,33,191,15,21,64,332,28*7E
309212,$GPGSV,4,4,15,25,10,285,23,29,07,321,33,30,10,116,15*49
309270,$GPGLL,2601.83259,N,11911.58868,E,032516.00,A,A*68
309720,$GPRMC,032517.00,A,2601.83236,N,11911.58853,E,0.066,,250626,,,A*74
309821,$GPVTG,,T,,M,0.066,N,0.122,K,A*22
309858,$GPGGA,032517.00,2601.83236,N,11911.58853,E,1,07,1.16,51.5,M,10.0,M,,*6C
309935,$GPGSA,A,3,29,21,05,09,25,11,30,,,,,,1.66,1.16,1.18*0D
309994,$GPGSV,4,1,15,05,45,275,24,06,37,076,09,07,04,079,,09,14,040,35*73
310064,$GPGSV,4,2,15,11,57,021,24,12,22,251,,13,17,250,,15,09,209,*7C
310131,$GPGSV,4,3,15,17,05,147,,19,33,149,16,20,33,191,15,21,64,332,27*71
310202,$GPGSV,4,4,15,25,10,285,23,29,07,321,33,30,10,116,15*49
