# purpose,attitude fusion experiment
# label,tilt_static
# sample_hz,50
# duration_s,60
# sda_gpio,21
# scl_gpio,22
# wifi,off
t_ms,label,ax_g,ay_g,az_g,temp_c,gx_dps,gy_dps,gz_dps,mx_raw,my_raw,mz_raw
0,tilt_static,0.638184,0.052734,0.796631,43.736,0.251908,0.900763,-0.145038,224,-62,392
20,tilt_static,0.639160,0.056641,0.795898,43.715,0.282443,0.992366,-0.190840,224,-62,390
40,tilt_static,0.634277,0.049561,0.796875,43.730,0.267176,1.061069,-0.160305,224,-62,390
60,tilt_static,0.635498,0.054932,0.798828,43.701,0.167939,0.946565,-0.038168,224,-62,390
80,tilt_static,0.634766,0.049316,0.795410,43.733,0.167939,1.015267,-0.015267,224,-62,392
100,tilt_static,0.639648,0.048584,0.793457,43.698,0.236641,1.038168,-0.099237,224,-62,392
120,tilt_static,0.639893,0.048584,0.792969,43.724,0.175573,0.992366,-0.175573,224,-62,392
140,tilt_static,0.640381,0.050781,0.795166,43.695,0.167939,0.954198,-0.175573,224,-62,391
160,tilt_static,0.640625,0.053955,0.790771,43.704,0.183206,0.900763,-0.068702,224,-62,391
180,tilt_static,0.645996,0.049561,0.799072,43.698,0.259542,1.000000,-0.099237,224,-62,391
200,tilt_static,0.638428,0.051514,0.791260,43.718,0.305344,0.969466,-0.122137,224,-62,391
220,tilt_static,0.638916,0.050781,0.797607,43.733,0.374046,0.908397,-0.175573,223,-63,390
240,tilt_static,0.639893,0.047119,0.791260,43.733,0.198473,0.801527,-0.038168,223,-63,390
260,tilt_static,0.635986,0.053955,0.797852,43.701,0.114504,0.832061,-0.053435,223,-63,390
281,tilt_static,0.637207,0.048584,0.790283,43.701,0.198473,0.893130,-0.137405,224,-62,391
300,tilt_static,0.638916,0.051025,0.789795,43.715,0.152672,1.091603,-0.152672,224,-62,391
320,tilt_static,0.638916,0.049072,0.796143,43.701,0.328244,0.984733,-0.106870,224,-62,391
340,tilt_static,0.638672,0.050781,0.795654,43.698,0.290076,1.007634,-0.167939,224,-62,390
360,tilt_static,0.639648,0.052979,0.796875,43.709,0.206107,1.038168,-0.167939,224,-62,390
380,tilt_static,0.638916,0.055176,0.794434,43.721,0.267176,0.946565,-0.229008,224,-62,390
400,tilt_static,0.640869,0.047852,0.797607,43.736,0.175573,0.870229,-0.106870,224,-62,390
420,tilt_static,0.639404,0.050293,0.796875,43.733,0.229008,0.992366,-0.175573,223,-62,389
440,tilt_static,0.635498,0.054932,0.790039,43.692,0.251908,0.854962,0.076336,223,-62,389
460,tilt_static,0.639648,0.051270,0.790527,43.718,0.236641,0.923664,-0.152672,223,-62,389
480,tilt_static,0.640137,0.050293,0.796631,43.727,0.213740,0.908397,-0.091603,222,-61,390
501,tilt_static,0.642090,0.052246,0.795166,43.704,0.312977,0.809160,-0.053435,222,-61,390
520,tilt_static,0.640381,0.047852,0.793457,43.701,0.229008,1.114504,-0.007634,222,-61,390
540,tilt_static,0.633545,0.052734,0.797852,43.733,0.244275,0.816794,-0.175573,222,-61,390
560,tilt_static,0.642822,0.050293,0.793213,43.704,0.259542,0.961832,-0.122137,222,-62,392
580,tilt_static,0.639160,0.053467,0.794678,43.721,0.221374,0.923664,-0.114504,222,-62,392
600,tilt_static,0.642822,0.053223,0.792480,43.680,0.290076,0.801527,-0.114504,222,-62,392
620,tilt_static,0.639404,0.050049,0.796631,43.712,0.328244,0.931298,-0.152672,222,-61,390
640,tilt_static,0.638428,0.051025,0.791504,43.706,0.312977,1.015267,-0.030534,222,-61,390
660,tilt_static,0.634521,0.051514,0.793945,43.701,0.213740,0.946565,0.007634,222,-61,390
680,tilt_static,0.636230,0.051270,0.788086,43.718,0.206107,0.954198,-0.129771,224,-62,390
700,tilt_static,0.635986,0.052002,0.792725,43.706,0.312977,0.977099,-0.045802,224,-62,390
720,tilt_static,0.635254,0.051025,0.790771,43.709,0.221374,0.900763,-0.053435,224,-62,390
740,tilt_static,0.639404,0.054688,0.793701,43.736,0.267176,0.847328,-0.160305,224,-62,390
760,tilt_static,0.636475,0.050781,0.791504,43.701,0.343511,1.114504,-0.068702,223,-62,392
780,tilt_static,0.640137,0.050049,0.797119,43.730,0.267176,0.908397,-0.122137,223,-62,392
800,tilt_static,0.633545,0.050537,0.797607,43.733,0.198473,0.839695,-0.190840,223,-62,392
820,tilt_static,0.633301,0.051758,0.791504,43.698,0.229008,0.969466,-0.160305,223,-61,392
840,tilt_static,0.642334,0.050781,0.796143,43.715,0.236641,0.954198,-0.114504,223,-61,392
860,tilt_static,0.642090,0.052734,0.793945,43.701,0.083969,0.854962,-0.221374,223,-61,392
881,tilt_static,0.643799,0.050537,0.789795,43.715,0.129771,1.083969,-0.152672,223,-61,391
900,tilt_static,0.641357,0.052734,0.789551,43.733,0.183206,0.984733,-0.091603,223,-61,391
920,tilt_static,0.638184,0.052246,0.796875,43.712,0.282443,0.969466,-0.167939,223,-61,391
940,tilt_static,0.636719,0.051025,0.799316,43.712,0.236641,1.061069,-0.091603,223,-61,391
960,tilt_static,0.643555,0.049561,0.790771,43.736,0.267176,0.877863,-0.160305,223,-62,390
980,tilt_static,0.637207,0.048828,0.793945,43.736,0.167939,0.923664,-0.122137,223,-62,390
1000,tilt_static,0.635742,0.052246,0.791016,43.701,0.221374,1.030534,-0.076336,223,-62,390
1020,tilt_static,0.637451,0.053223,0.796143,43.721,0.259542,1.015267,-0.106870,223,-63,393
1040,tilt_static,0.637207,0.048828,0.797363,43.721,0.297710,0.969466,-0.076336,223,-63,393
1060,tilt_static,0.640137,0.055908,0.793701,43.706,0.229008,0.931298,-0.213740,223,-63,393
1080,tilt_static,0.642578,0.051514,0.794189,43.733,0.259542,0.923664,-0.099237,223,-63,391
1101,tilt_static,0.639404,0.049805,0.799805,43.680,0.290076,0.961832,-0.106870,223,-63,391
1120,tilt_static,0.635254,0.049805,0.790771,43.724,0.198473,0.938931,-0.145038,223,-63,391
1140,tilt_static,0.639893,0.049805,0.793457,43.701,0.160305,0.931298,-0.091603,223,-63,391
1160,tilt_static,0.639160,0.052979,0.791748,43.724,0.236641,0.862595,-0.129771,223,-62,390
1180,tilt_static,0.642090,0.049316,0.796143,43.709,0.152672,1.083969,-0.114504,223,-62,390
1200,tilt_static,0.640869,0.050781,0.793701,43.718,0.320611,0.916031,-0.053435,223,-62,390
1220,tilt_static,0.640625,0.053711,0.797607,43.715,0.213740,0.954198,-0.206107,223,-63,393
1240,tilt_static,0.635742,0.049072,0.797119,43.709,0.259542,0.809160,-0.114504,223,-63,393
1260,tilt_static,0.637207,0.051514,0.801758,43.709,0.213740,1.000000,-0.076336,223,-63,393
1280,tilt_static,0.639893,0.049805,0.792725,43.698,0.167939,0.832061,-0.091603,222,-63,391
1300,tilt_static,0.640137,0.051758,0.793213,43.706,0.259542,0.931298,-0.038168,222,-63,391
1321,tilt_static,0.639648,0.054199,0.791016,43.706,0.206107,1.045802,-0.129771,222,-63,391
1340,tilt_static,0.639648,0.057861,0.797852,43.680,0.396947,0.900763,-0.114504,222,-63,391
1360,tilt_static,0.639160,0.049805,0.795410,43.704,0.244275,1.129771,-0.053435,222,-62,391
1380,tilt_static,0.638184,0.053467,0.796143,43.739,0.175573,0.954198,-0.076336,222,-62,391
1400,tilt_static,0.639160,0.052734,0.793457,43.721,0.236641,0.908397,-0.083969,222,-62,391
1421,tilt_static,0.640869,0.050049,0.794434,43.718,0.236641,1.038168,-0.137405,224,-62,391
1440,tilt_static,0.642334,0.050293,0.792236,43.718,0.305344,1.068702,-0.076336,224,-62,391
1460,tilt_static,0.638916,0.053223,0.789551,43.733,0.190840,0.908397,-0.083969,224,-62,391
1481,tilt_static,0.638672,0.052002,0.794678,43.727,0.122137,1.030534,-0.076336,222,-62,391
1500,tilt_static,0.638184,0.048340,0.788818,43.683,0.244275,0.977099,-0.076336,222,-62,391
1520,tilt_static,0.638184,0.049561,0.791748,43.721,0.236641,1.015267,-0.137405,222,-62,391
1540,tilt_static,0.637207,0.052002,0.796875,43.692,0.213740,1.015267,-0.137405,222,-62,391
1560,tilt_static,0.638428,0.049805,0.795898,43.724,0.206107,1.083969,-0.076336,223,-62,391
1580,tilt_static,0.638672,0.048828,0.796387,43.718,0.221374,0.847328,-0.114504,223,-62,391
1600,tilt_static,0.641113,0.045166,0.795410,43.683,0.106870,1.045802,-0.038168,223,-62,391
1620,tilt_static,0.636963,0.048828,0.790771,43.727,0.320611,0.954198,-0.167939,223,-61,391
1640,tilt_static,0.637939,0.052734,0.798828,43.721,0.198473,1.030534,-0.091603,223,-61,391
1660,tilt_static,0.636719,0.056396,0.794922,43.715,0.160305,0.946565,0.076336,223,-61,391
1680,tilt_static,0.644775,0.051758,0.795166,43.727,0.213740,1.007634,-0.106870,223,-61,391
1700,tilt_static,0.639648,0.053955,0.795654,43.701,0.206107,0.908397,-0.114504,224,-62,391
1720,tilt_static,0.636475,0.051025,0.795410,43.692,0.229008,0.908397,-0.129771,224,-62,391
1740,tilt_static,0.639160,0.055908,0.797607,43.706,0.213740,0.961832,-0.091603,224,-62,391
1761,tilt_static,0.640869,0.053223,0.791748,43.727,0.137405,0.961832,-0.167939,223,-62,392
1780,tilt_static,0.638672,0.053711,0.794189,43.689,0.145038,0.984733,-0.145038,223,-62,392
1800,tilt_static,0.638428,0.051270,0.794678,43.715,0.145038,1.083969,-0.083969,223,-62,392
1820,tilt_static,0.637451,0.049805,0.791992,43.698,0.244275,0.977099,-0.175573,223,-62,393
1840,tilt_static,0.635498,0.049805,0.792969,43.730,0.183206,1.030534,-0.145038,223,-62,393
1860,tilt_static,0.636719,0.052979,0.798096,43.727,0.259542,0.916031,-0.061069,223,-62,393
1880,tilt_static,0.633301,0.049805,0.796875,43.712,0.198473,0.961832,-0.061069,223,-62,393
1900,tilt_static,0.639160,0.048584,0.795166,43.736,0.221374,0.931298,-0.152672,222,-62,391
1920,tilt_static,0.640869,0.052246,0.797852,43.704,0.221374,0.839695,-0.160305,222,-62,391
1940,tilt_static,0.638428,0.050537,0.792725,43.727,0.244275,0.847328,0.000000,222,-62,391
1960,tilt_static,0.639160,0.050049,0.792480,43.754,0.267176,1.030534,-0.198473,223,-62,392
1980,tilt_static,0.639160,0.047119,0.800293,43.712,0.221374,0.916031,-0.038168,223,-62,392
2000,tilt_static,0.635742,0.047363,0.797607,43.742,0.282443,0.908397,-0.053435,223,-62,392
2020,tilt_static,0.642334,0.057129,0.796875,43.712,0.236641,1.038168,-0.076336,223,-62,392
2041,tilt_static,0.638428,0.052979,0.788086,43.721,0.290076,0.832061,-0.145038,223,-62,392
2060,tilt_static,0.639160,0.053711,0.793213,43.709,0.267176,0.946565,-0.183206,223,-62,392
2080,tilt_static,0.638672,0.050049,0.794922,43.689,0.122137,0.977099,-0.114504,223,-62,392
2100,tilt_static,0.635498,0.054443,0.788086,43.709,0.267176,1.015267,-0.061069,223,-63,391
2120,tilt_static,0.639404,0.052490,0.790527,43.695,0.312977,1.099237,-0.106870,223,-63,391
2140,tilt_static,0.641113,0.050049,0.799561,43.706,0.251908,0.984733,-0.122137,223,-63,391
2160,tilt_static,0.637939,0.050537,0.793213,43.706,0.152672,0.908397,-0.160305,222,-61,392
2180,tilt_static,0.635498,0.053711,0.794922,43.739,0.274809,0.908397,-0.114504,222,-61,392
2200,tilt_static,0.640137,0.048584,0.795410,43.739,0.122137,0.900763,-0.129771,222,-61,392
2220,tilt_static,0.639893,0.049805,0.800537,43.715,0.198473,0.877863,-0.083969,223,-62,391
2240,tilt_static,0.636475,0.052490,0.795898,43.733,0.221374,0.862595,-0.229008,223,-62,391
2260,tilt_static,0.643555,0.051514,0.790283,43.721,0.183206,0.824428,-0.145038,223,-62,391
2280,tilt_static,0.637451,0.051270,0.796387,43.718,0.282443,0.870229,-0.129771,223,-62,391
2300,tilt_static,0.639160,0.052490,0.793945,43.709,0.213740,0.847328,-0.022901,222,-62,392
2321,tilt_static,0.637451,0.051758,0.799072,43.692,0.213740,0.885496,-0.106870,222,-62,392
2340,tilt_static,0.632568,0.048828,0.797852,43.724,0.267176,0.954198,-0.137405,222,-62,392
2360,tilt_static,0.639160,0.051025,0.793945,43.718,0.152672,1.068702,-0.061069,223,-61,392
2380,tilt_static,0.636963,0.051270,0.787598,43.701,0.312977,0.969466,-0.129771,223,-61,392
2400,tilt_static,0.642090,0.051514,0.795410,43.742,0.175573,0.938931,-0.068702,223,-61,392
2420,tilt_static,0.642334,0.050049,0.798584,43.709,0.221374,0.862595,-0.145038,223,-61,391
2440,tilt_static,0.637207,0.051270,0.795654,43.730,0.145038,0.885496,-0.137405,223,-61,391
2460,tilt_static,0.640625,0.052734,0.793213,43.721,0.259542,0.931298,-0.129771,223,-61,391
2480,tilt_static,0.641113,0.053223,0.793701,43.733,0.282443,0.908397,-0.160305,223,-61,391
2500,tilt_static,0.637939,0.053467,0.794434,43.704,0.229008,0.954198,-0.076336,222,-61,393
2520,tilt_static,0.639160,0.048096,0.792725,43.727,0.274809,0.900763,-0.045802,222,-61,393
2540,tilt_static,0.641602,0.052979,0.802246,43.698,0.190840,0.946565,-0.030534,222,-61,393
2560,tilt_static,0.639160,0.052490,0.792725,43.692,0.167939,0.961832,-0.053435,223,-62,392
2580,tilt_static,0.637207,0.047852,0.796875,43.733,0.259542,0.984733,-0.030534,223,-62,392
2601,tilt_static,0.637939,0.052979,0.794434,43.718,0.213740,1.076336,-0.076336,223,-62,392
2620,tilt_static,0.638184,0.048584,0.790039,43.748,0.152672,1.068702,-0.045802,223,-62,392
2640,tilt_static,0.637939,0.052002,0.797607,43.718,0.259542,1.022901,-0.015267,223,-62,392
2660,tilt_static,0.636963,0.047363,0.795654,43.730,0.290076,1.022901,-0.053435,223,-62,392
2680,tilt_static,0.635498,0.056396,0.796143,43.718,0.236641,0.969466,-0.152672,223,-62,392
2700,tilt_static,0.642090,0.050537,0.799072,43.721,0.320611,0.923664,-0.091603,223,-62,392
2720,tilt_static,0.637939,0.051270,0.796631,43.730,0.282443,0.885496,-0.167939,223,-62,392
2740,tilt_static,0.637939,0.049316,0.798340,43.706,0.183206,0.931298,-0.152672,223,-62,392
2760,tilt_static,0.640625,0.053223,0.791748,43.718,0.137405,0.946565,-0.083969,222,-61,390
2780,tilt_static,0.640137,0.050293,0.800537,43.733,0.236641,0.938931,-0.206107,222,-61,390
2800,tilt_static,0.640625,0.052490,0.795166,43.721,0.152672,1.022901,-0.152672,222,-61,390
2820,tilt_static,0.634766,0.049561,0.799316,43.721,0.259542,1.007634,-0.152672,222,-61,390
2840,tilt_static,0.644287,0.052002,0.791992,43.715,0.229008,0.893130,-0.053435,223,-63,391
2860,tilt_static,0.627686,0.054932,0.776611,43.709,0.358779,1.175573,-0.198473,223,-63,391
2880,tilt_static,0.647217,0.059570,0.826904,43.727,0.305344,0.763359,-0.122137,223,-63,391
2900,tilt_static,0.643066,0.050049,0.781250,43.739,0.244275,0.984733,-0.183206,223,-62,391
2921,tilt_static,0.637695,0.048584,0.803467,43.709,0.290076,0.931298,-0.053435,223,-62,391
2940,tilt_static,0.637939,0.051025,0.793701,43.709,0.213740,0.916031,-0.091603,223,-62,391
2960,tilt_static,0.641846,0.051758,0.801025,43.724,0.236641,0.992366,-0.007634,223,-61,393
2981,tilt_static,0.641602,0.055908,0.799316,43.704,0.419847,0.877863,-0.045802,223,-61,393
3000,tilt_static,0.638184,0.053223,0.789063,43.736,0.236641,1.007634,0.007634,223,-61,393
3020,tilt_static,0.636963,0.049805,0.794189,43.721,0.175573,1.038168,-0.053435,223,-61,393
3040,tilt_static,0.639893,0.051025,0.799072,43.727,0.229008,0.969466,-0.152672,222,-62,390
3060,tilt_static,0.639160,0.049072,0.798096,43.724,0.190840,1.061069,-0.206107,222,-62,390
3080,tilt_static,0.639893,0.050537,0.793701,43.701,0.206107,0.938931,-0.061069,222,-62,390
3100,tilt_static,0.641113,0.051758,0.788330,43.742,0.206107,0.992366,-0.137405,224,-63,391
3120,tilt_static,0.639893,0.049805,0.795654,43.721,0.190840,1.007634,-0.061069,224,-63,391
3140,tilt_static,0.639160,0.052734,0.795410,43.724,0.335878,0.938931,-0.114504,224,-63,391
3160,tilt_static,0.635010,0.047363,0.790283,43.730,0.282443,0.908397,-0.007634,223,-61,390
3180,tilt_static,0.648438,0.044922,0.800293,43.742,0.167939,1.015267,-0.099237,223,-61,390
3200,tilt_static,0.648193,0.047852,0.796631,43.709,0.305344,0.801527,-0.045802,223,-61,390
3220,tilt_static,0.633301,0.041748,0.797607,43.695,0.213740,1.045802,0.091603,223,-61,390
3240,tilt_static,0.639648,0.067627,0.793457,43.701,0.290076,0.862595,-0.083969,222,-62,391
3260,tilt_static,0.636719,0.046387,0.800781,43.724,0.167939,0.847328,-0.137405,222,-62,391
3280,tilt_static,0.639160,0.055420,0.797119,43.715,0.229008,1.022901,-0.137405,222,-62,391
3300,tilt_static,0.631592,0.049072,0.790283,43.739,0.198473,1.129771,-0.183206,223,-62,391
3321,tilt_static,0.636230,0.045166,0.793457,43.745,0.282443,0.847328,-0.145038,223,-62,391
3340,tilt_static,0.637939,0.051758,0.791016,43.715,0.244275,0.832061,-0.038168,223,-62,391
3360,tilt_static,0.639893,0.050293,0.796875,43.704,0.320611,0.931298,-0.091603,222,-63,390
3380,tilt_static,0.640625,0.054443,0.788818,43.730,0.305344,1.007634,-0.030534,222,-63,390
3400,tilt_static,0.632568,0.050781,0.794922,43.736,0.251908,1.068702,-0.038168,222,-63,390
3420,tilt_static,0.641846,0.053223,0.785400,43.718,0.282443,0.893130,-0.152672,222,-63,390
3440,tilt_static,0.633545,0.050293,0.793945,43.724,0.221374,1.015267,-0.236641,223,-62,393
3460,tilt_static,0.639893,0.053467,0.793457,43.730,0.190840,0.931298,-0.114504,223,-62,393
3480,tilt_static,0.638428,0.052734,0.799316,43.686,0.129771,1.038168,-0.106870,223,-62,393
3500,tilt_static,0.638428,0.050781,0.793945,43.721,0.160305,0.908397,-0.167939,224,-62,392
3520,tilt_static,0.639893,0.052002,0.795654,43.721,0.229008,0.923664,-0.022901,224,-62,392
3541,tilt_static,0.641113,0.048096,0.794678,43.712,0.259542,1.061069,-0.053435,224,-62,392
3560,tilt_static,0.640137,0.052979,0.792969,43.727,0.297710,0.954198,-0.114504,222,-62,391
3580,tilt_static,0.635498,0.047852,0.797119,43.718,0.244275,1.068702,-0.152672,222,-62,391
3600,tilt_static,0.639160,0.049316,0.789551,43.742,0.244275,0.877863,-0.099237,222,-62,391
3620,tilt_static,0.638672,0.050781,0.793945,43.709,0.259542,1.007634,-0.091603,222,-62,391
3640,tilt_static,0.638184,0.052246,0.790771,43.751,0.206107,0.740458,-0.160305,224,-62,393
3660,tilt_static,0.639893,0.054199,0.792236,43.695,0.068702,1.000000,-0.022901,224,-62,393
3680,tilt_static,0.636475,0.049805,0.795898,43.715,0.198473,0.877863,-0.106870,224,-62,393
3700,tilt_static,0.636719,0.049561,0.791748,43.727,0.290076,0.908397,-0.114504,223,-62,391
3720,tilt_static,0.639648,0.050049,0.797119,43.724,0.213740,1.038168,-0.068702,223,-62,391
3740,tilt_static,0.636963,0.051270,0.788574,43.733,0.236641,0.877863,0.000000,223,-62,391
3760,tilt_static,0.640137,0.048584,0.796143,43.715,0.251908,0.900763,-0.152672,223,-62,391
3780,tilt_static,0.636963,0.052979,0.795410,43.706,0.167939,0.938931,-0.076336,223,-62,392
3800,tilt_static,0.639893,0.051270,0.800293,43.715,0.236641,0.938931,-0.137405,223,-62,392
3821,tilt_static,0.636475,0.051514,0.795898,43.724,0.221374,1.022901,-0.145038,223,-62,392
3840,tilt_static,0.640137,0.050537,0.797119,43.739,0.251908,0.832061,0.015267,223,-61,393
3860,tilt_static,0.642334,0.050781,0.792969,43.718,0.160305,1.007634,-0.099237,223,-61,393
3880,tilt_static,0.636963,0.051270,0.791992,43.730,0.221374,0.801527,-0.022901,223,-61,393
3900,tilt_static,0.638916,0.049561,0.795898,43.709,0.137405,1.038168,-0.076336,223,-62,391
3920,tilt_static,0.635010,0.050781,0.793213,43.704,0.236641,0.977099,-0.129771,223,-62,391
3940,tilt_static,0.640137,0.052002,0.790527,43.748,0.274809,1.022901,-0.038168,223,-62,391
3960,tilt_static,0.635742,0.055420,0.796631,43.721,0.236641,0.954198,-0.137405,223,-62,391
3980,tilt_static,0.640869,0.049561,0.796143,43.727,0.183206,0.984733,-0.083969,223,-63,393
4000,tilt_static,0.635254,0.046631,0.794189,43.715,0.206107,1.000000,-0.129771,223,-63,393
4020,tilt_static,0.638916,0.052490,0.796387,43.706,0.267176,1.053435,-0.099237,223,-63,393
4040,tilt_static,0.637939,0.048828,0.795410,43.742,0.259542,0.992366,-0.091603,223,-62,392
4060,tilt_static,0.643799,0.050537,0.798828,43.718,0.229008,0.877863,-0.152672,223,-62,392
4080,tilt_static,0.639893,0.051514,0.796631,43.698,0.259542,0.946565,-0.122137,223,-62,392
4101,tilt_static,0.638672,0.054443,0.794922,43.718,0.229008,0.885496,-0.114504,223,-62,391
4120,tilt_static,0.638184,0.050781,0.799072,43.745,0.244275,1.015267,-0.213740,223,-62,391
4140,tilt_static,0.635010,0.051025,0.796631,43.736,0.297710,0.854962,0.022901,223,-62,391
4161,tilt_static,0.638916,0.048584,0.793701,43.701,0.175573,0.969466,-0.099237,223,-62,391
4180,tilt_static,0.636963,0.052734,0.794434,43.715,0.190840,1.007634,-0.129771,222,-63,391
4200,tilt_static,0.636475,0.053223,0.791748,43.701,0.229008,0.938931,-0.145038,222,-63,391
4220,tilt_static,0.639648,0.050537,0.797852,43.748,0.251908,1.022901,-0.160305,222,-63,391
4240,tilt_static,0.642090,0.051758,0.796875,43.709,0.175573,0.885496,-0.007634,223,-61,391
4260,tilt_static,0.635254,0.052246,0.794678,43.715,0.236641,0.992366,0.000000,223,-61,391
4280,tilt_static,0.639648,0.049316,0.795898,43.736,0.229008,0.969466,-0.122137,223,-61,391
4300,tilt_static,0.638184,0.048584,0.792969,43.692,0.259542,0.923664,-0.114504,222,-62,391
4320,tilt_static,0.639160,0.051514,0.797363,43.721,0.114504,1.007634,-0.190840,222,-62,391
4340,tilt_static,0.637207,0.048340,0.798096,43.701,0.259542,0.984733,-0.083969,222,-62,391
4360,tilt_static,0.637207,0.052002,0.796143,43.733,0.251908,0.916031,-0.030534,222,-62,391
4380,tilt_static,0.642578,0.051270,0.793945,43.724,0.297710,0.961832,-0.022901,222,-62,391
4400,tilt_static,0.639648,0.050781,0.796143,43.727,0.244275,0.938931,-0.083969,222,-62,391
4420,tilt_static,0.637451,0.054443,0.786621,43.721,0.183206,1.022901,-0.190840,222,-62,391
4440,tilt_static,0.638916,0.050537,0.790283,43.706,0.282443,0.977099,-0.091603,222,-63,391
4460,tilt_static,0.636230,0.048340,0.788086,43.745,0.267176,0.854962,-0.068702,222,-63,391
4481,tilt_static,0.636719,0.051514,0.790771,43.701,0.358779,0.900763,-0.045802,222,-63,391
4500,tilt_static,0.636719,0.052734,0.784912,43.733,0.145038,1.038168,-0.137405,222,-63,394
4520,tilt_static,0.639648,0.050781,0.796387,43.733,0.183206,0.992366,-0.083969,222,-63,394
4540,tilt_static,0.636475,0.049805,0.792725,43.730,0.244275,0.916031,-0.122137,222,-63,394
4560,tilt_static,0.636230,0.055664,0.793701,43.715,0.251908,0.877863,-0.137405,222,-63,394
4580,tilt_static,0.634521,0.050781,0.794434,43.730,0.244275,0.893130,-0.022901,223,-61,391
4600,tilt_static,0.636230,0.050537,0.799072,43.727,0.282443,0.923664,-0.190840,223,-61,391
4620,tilt_static,0.638672,0.052246,0.793457,43.745,0.206107,0.938931,-0.129771,223,-61,391
4640,tilt_static,0.638916,0.052734,0.794922,43.715,0.229008,0.824428,-0.053435,222,-62,391
4660,tilt_static,0.638428,0.052490,0.792969,43.715,0.236641,0.839695,-0.076336,222,-62,391
4680,tilt_static,0.641357,0.052246,0.800537,43.739,0.190840,0.839695,-0.083969,222,-62,391
4700,tilt_static,0.640381,0.048340,0.794434,43.736,0.152672,1.114504,-0.099237,222,-62,391
4720,tilt_static,0.634521,0.051514,0.794434,43.745,0.175573,0.984733,-0.022901,222,-63,392
4740,tilt_static,0.642578,0.052002,0.801514,43.748,0.229008,0.824428,-0.068702,222,-63,392
4760,tilt_static,0.637451,0.049072,0.790527,43.745,0.206107,0.916031,-0.198473,222,-63,392
4780,tilt_static,0.640625,0.053467,0.796387,43.727,0.259542,0.961832,-0.030534,223,-61,390
4800,tilt_static,0.640381,0.052002,0.792725,43.715,0.198473,0.984733,-0.236641,223,-61,390
4821,tilt_static,0.636963,0.053467,0.795654,43.718,0.320611,0.923664,-0.114504,223,-61,390
4840,tilt_static,0.632324,0.050293,0.789795,43.727,0.145038,1.053435,-0.099237,223,-61,390
4860,tilt_static,0.639404,0.056396,0.790039,43.689,0.229008,0.954198,-0.160305,223,-61,390
4880,tilt_static,0.636475,0.052490,0.793945,43.704,0.259542,0.984733,-0.167939,223,-61,390
4900,tilt_static,0.639648,0.050781,0.796387,43.701,0.160305,0.984733,-0.038168,223,-61,390
4920,tilt_static,0.636963,0.050049,0.791748,43.704,0.206107,1.015267,-0.099237,222,-62,390
4940,tilt_static,0.639648,0.052002,0.795898,43.730,0.206107,0.862595,-0.022901,222,-62,390
4960,tilt_static,0.640137,0.052490,0.791504,43.704,0.244275,0.954198,-0.183206,222,-62,390
4980,tilt_static,0.642090,0.048584,0.795410,43.724,0.183206,0.900763,-0.129771,224,-62,390
5000,tilt_static,0.636230,0.053711,0.794678,43.709,0.183206,0.961832,-0.038168,224,-62,390
5020,tilt_static,0.640137,0.050781,0.786621,43.704,0.190840,1.000000,-0.022901,224,-62,390
5040,tilt_static,0.636963,0.051270,0.790039,43.724,0.221374,1.061069,-0.076336,224,-62,391
5060,tilt_static,0.638184,0.052734,0.796387,43.751,0.251908,0.992366,-0.129771,224,-62,391
5080,tilt_static,0.632324,0.050293,0.795166,43.745,0.251908,0.832061,0.030534,224,-62,391
5100,tilt_static,0.637939,0.051514,0.791504,43.721,0.122137,1.030534,-0.083969,224,-62,391
5120,tilt_static,0.639160,0.054443,0.795166,43.739,0.167939,1.000000,-0.030534,223,-63,389
5140,tilt_static,0.640137,0.048340,0.796387,43.704,0.244275,0.969466,-0.015267,223,-63,389
5160,tilt_static,0.638428,0.052979,0.791992,43.718,0.236641,0.832061,-0.190840,223,-63,389
5180,tilt_static,0.637939,0.052490,0.789551,43.748,0.259542,0.839695,-0.190840,224,-62,391
5200,tilt_static,0.639893,0.049805,0.792480,43.736,0.259542,0.877863,-0.045802,224,-62,391
5220,tilt_static,0.636230,0.048096,0.795654,43.715,0.206107,0.954198,-0.122137,224,-62,391
5240,tilt_static,0.639648,0.047607,0.798340,43.745,0.183206,0.961832,-0.083969,224,-63,393
5260,tilt_static,0.641602,0.049561,0.793457,43.733,0.244275,1.053435,-0.167939,224,-63,393
5280,tilt_static,0.637695,0.055420,0.796143,43.727,0.198473,0.862595,-0.038168,224,-63,393
5300,tilt_static,0.636963,0.052002,0.797607,43.727,0.244275,0.908397,-0.229008,224,-63,393
5320,tilt_static,0.640137,0.052734,0.792969,43.739,0.282443,0.954198,-0.114504,224,-62,391
5340,tilt_static,0.641113,0.050049,0.793213,43.706,0.190840,1.030534,-0.213740,224,-62,391
5360,tilt_static,0.638916,0.047852,0.795410,43.745,0.206107,0.977099,-0.053435,224,-62,391
5381,tilt_static,0.638428,0.050293,0.795654,43.727,0.137405,0.862595,-0.091603,224,-63,392
5400,tilt_static,0.637451,0.046875,0.793945,43.712,0.290076,0.977099,-0.030534,224,-63,392
5420,tilt_static,0.641357,0.050049,0.794434,43.745,0.183206,0.900763,-0.122137,224,-63,392
5440,tilt_static,0.635986,0.051270,0.797852,43.712,0.137405,0.984733,-0.114504,224,-62,393
5460,tilt_static,0.634521,0.051758,0.794189,43.727,0.106870,1.053435,-0.068702,224,-62,393
5480,tilt_static,0.634277,0.048096,0.790771,43.727,0.160305,0.961832,-0.045802,224,-62,393
5500,tilt_static,0.641602,0.053467,0.794678,43.742,0.229008,0.854962,-0.053435,224,-62,393
5520,tilt_static,0.639404,0.051514,0.787842,43.739,0.198473,0.916031,-0.114504,224,-63,392
5540,tilt_static,0.639404,0.053711,0.793213,43.721,0.213740,0.908397,-0.083969,224,-63,392
5560,tilt_static,0.641846,0.049805,0.791992,43.736,0.320611,0.885496,-0.145038,224,-63,392
5580,tilt_static,0.636475,0.052246,0.790039,43.718,0.206107,1.015267,0.000000,225,-61,392
5601,tilt_static,0.638428,0.053467,0.798828,43.715,0.259542,0.969466,-0.129771,225,-61,392
5620,tilt_static,0.641602,0.051758,0.791992,43.736,0.106870,0.931298,-0.114504,225,-61,392
5640,tilt_static,0.635010,0.052246,0.791748,43.768,0.229008,0.938931,-0.038168,225,-61,393
5661,tilt_static,0.639404,0.050781,0.797363,43.727,0.190840,0.847328,-0.061069,224,-61,393
5680,tilt_static,0.637207,0.053467,0.797119,43.727,0.190840,0.931298,-0.022901,224,-61,393
5700,tilt_static,0.638672,0.049072,0.799561,43.718,0.236641,0.931298,-0.106870,224,-61,393
5720,tilt_static,0.640137,0.051758,0.793457,43.718,0.282443,0.908397,-0.076336,223,-61,391
5740,tilt_static,0.639893,0.056152,0.795166,43.756,0.320611,1.007634,-0.122137,223,-61,391
5760,tilt_static,0.639893,0.051025,0.794922,43.759,0.221374,0.900763,0.000000,223,-61,391
5780,tilt_static,0.642090,0.050537,0.794922,43.730,0.221374,0.839695,-0.091603,224,-62,392
5800,tilt_static,0.642578,0.051025,0.792969,43.727,0.251908,0.893130,-0.038168,224,-62,392
5820,tilt_static,0.637207,0.051514,0.791504,43.721,0.213740,1.076336,-0.114504,224,-62,392
5840,tilt_static,0.639160,0.049561,0.795166,43.718,0.274809,0.961832,-0.175573,224,-62,392
5860,tilt_static,0.636475,0.046631,0.791016,43.727,0.259542,0.931298,-0.030534,224,-62,391
5880,tilt_static,0.638672,0.051025,0.787842,43.706,0.221374,0.984733,-0.198473,224,-62,391
5900,tilt_static,0.637939,0.050537,0.798584,43.715,0.229008,0.977099,-0.099237,224,-62,391
5920,tilt_static,0.639404,0.053711,0.790771,43.715,0.206107,1.000000,-0.061069,225,-62,391
5940,tilt_static,0.642822,0.052002,0.789063,43.751,0.282443,1.022901,-0.007634,225,-62,391
5960,tilt_static,0.637695,0.048096,0.795166,43.721,0.267176,1.053435,-0.198473,225,-62,391
5981,tilt_static,0.641357,0.049316,0.790283,43.715,0.145038,0.862595,-0.175573,224,-63,392
6000,tilt_static,0.636475,0.051025,0.798096,43.715,0.167939,0.839695,-0.221374,224,-63,392
6020,tilt_static,0.638184,0.050781,0.798584,43.754,0.145038,1.045802,-0.137405,224,-63,392
6041,tilt_static,0.642822,0.051270,0.793213,43.733,0.282443,1.091603,-0.106870,224,-63,392
6060,tilt_static,0.635986,0.051514,0.791504,43.704,0.229008,0.946565,-0.068702,223,-62,393
6080,tilt_static,0.639893,0.047363,0.787842,43.739,0.167939,1.007634,-0.114504,223,-62,393
6100,tilt_static,0.637451,0.052002,0.789551,43.706,0.267176,0.893130,0.000000,223,-62,393
6120,tilt_static,0.644775,0.051270,0.797852,43.721,0.267176,1.068702,-0.145038,225,-62,392
6140,tilt_static,0.641113,0.051025,0.794922,43.715,0.259542,0.885496,-0.183206,225,-62,392
6160,tilt_static,0.640137,0.050537,0.797607,43.709,0.229008,1.038168,-0.015267,225,-62,392
6180,tilt_static,0.640869,0.050781,0.794922,43.709,0.229008,1.053435,-0.038168,225,-62,392
6200,tilt_static,0.642822,0.051270,0.794434,43.730,0.198473,0.984733,-0.167939,225,-62,392
6220,tilt_static,0.637207,0.053223,0.791504,43.727,0.213740,1.030534,-0.129771,225,-62,392
6240,tilt_static,0.638184,0.050537,0.794434,43.727,0.160305,0.931298,-0.267176,225,-62,392
6261,tilt_static,0.639648,0.052490,0.792480,43.733,0.221374,1.000000,-0.122137,223,-62,391
6280,tilt_static,0.639404,0.053467,0.791504,43.721,0.236641,1.076336,-0.068702,223,-62,391
6300,tilt_static,0.637207,0.051025,0.793457,43.748,0.244275,1.030534,-0.160305,223,-62,391
6320,tilt_static,0.636230,0.052002,0.796143,43.718,0.229008,0.938931,-0.099237,224,-63,391
6340,tilt_static,0.640381,0.049561,0.792725,43.706,0.274809,0.916031,-0.091603,224,-63,391
6360,tilt_static,0.639160,0.047119,0.793945,43.727,0.274809,1.007634,-0.022901,224,-63,391
6380,tilt_static,0.636963,0.049561,0.794922,43.724,0.229008,0.931298,-0.145038,225,-63,391
6400,tilt_static,0.637451,0.052002,0.794678,43.736,0.297710,0.893130,-0.076336,225,-63,391
6420,tilt_static,0.635010,0.053223,0.797119,43.739,0.213740,1.030534,-0.122137,225,-63,391
6440,tilt_static,0.638916,0.051514,0.801270,43.733,0.282443,0.931298,-0.007634,225,-63,391
6460,tilt_static,0.637939,0.049805,0.798340,43.736,0.244275,1.000000,-0.167939,224,-61,391
6480,tilt_static,0.637695,0.052490,0.797852,43.715,0.274809,0.847328,-0.198473,224,-61,391
6500,tilt_static,0.637451,0.051025,0.800049,43.701,0.236641,0.885496,-0.206107,224,-61,391
6520,tilt_static,0.637695,0.046875,0.797119,43.724,0.122137,1.053435,-0.053435,223,-62,392
6541,tilt_static,0.639893,0.051758,0.790283,43.718,0.244275,1.007634,-0.091603,223,-62,392
6560,tilt_static,0.639893,0.053467,0.794189,43.736,0.206107,0.908397,-0.045802,223,-62,392
6580,tilt_static,0.635498,0.052490,0.795898,43.754,0.145038,0.885496,-0.114504,223,-62,392
6600,tilt_static,0.637939,0.051025,0.792969,43.751,0.206107,0.977099,-0.015267,223,-62,392
6620,tilt_static,0.639404,0.052734,0.791504,43.718,0.160305,0.961832,-0.190840,223,-62,392
6640,tilt_static,0.639893,0.057373,0.792969,43.715,0.244275,0.900763,-0.045802,223,-62,392
6660,tilt_static,0.635986,0.051514,0.796875,43.727,0.190840,0.916031,-0.076336,223,-61,390
6680,tilt_static,0.637207,0.050049,0.796143,43.712,0.183206,0.946565,-0.213740,223,-61,390
6700,tilt_static,0.639404,0.050049,0.792480,43.718,0.145038,1.045802,-0.206107,223,-61,390
6720,tilt_static,0.640381,0.051758,0.795166,43.724,0.229008,0.885496,-0.160305,224,-62,391
6740,tilt_static,0.638916,0.049561,0.793701,43.745,0.297710,1.137405,-0.091603,224,-62,391
6760,tilt_static,0.638428,0.051758,0.795166,43.730,0.221374,1.106870,-0.091603,224,-62,391
6780,tilt_static,0.640869,0.049805,0.796875,43.724,0.251908,0.900763,-0.114504,224,-62,391
6800,tilt_static,0.637451,0.051514,0.794678,43.742,0.236641,0.801527,-0.114504,224,-62,391
6821,tilt_static,0.639893,0.049072,0.796143,43.709,0.160305,0.916031,-0.106870,224,-62,391
6840,tilt_static,0.640625,0.051758,0.799805,43.736,0.198473,1.022901,0.000000,224,-62,391
6860,tilt_static,0.638428,0.051758,0.791992,43.727,0.206107,1.053435,-0.137405,223,-62,390
6880,tilt_static,0.638916,0.049805,0.793701,43.724,0.206107,0.923664,-0.114504,223,-62,390
6900,tilt_static,0.637207,0.048584,0.797852,43.695,0.129771,0.938931,-0.114504,223,-62,390
6920,tilt_static,0.635254,0.046875,0.793457,43.739,0.206107,0.946565,-0.045802,225,-63,392
6940,tilt_static,0.640869,0.050293,0.786621,43.712,0.267176,0.900763,-0.038168,225,-63,392
6960,tilt_static,0.637939,0.049316,0.796875,43.730,0.236641,0.923664,-0.137405,225,-63,392
6980,tilt_static,0.635742,0.049316,0.795898,43.727,0.267176,0.931298,-0.015267,225,-63,392
7000,tilt_static,0.639404,0.051270,0.795654,43.701,0.221374,0.908397,-0.022901,223,-61,391
7020,tilt_static,0.640869,0.047607,0.790283,43.704,0.244275,0.938931,-0.145038,223,-61,391
7040,tilt_static,0.641602,0.052490,0.796631,43.718,0.190840,1.007634,-0.137405,223,-61,391
7060,tilt_static,0.636475,0.053711,0.793457,43.724,0.320611,0.893130,-0.091603,223,-61,391
7080,tilt_static,0.636230,0.048584,0.800781,43.739,0.267176,0.847328,-0.167939,223,-61,391
7101,tilt_static,0.635742,0.051758,0.797852,43.706,0.282443,0.931298,-0.091603,223,-61,391
7120,tilt_static,0.639160,0.049561,0.791748,43.724,0.213740,0.946565,-0.083969,224,-62,392
7140,tilt_static,0.642822,0.054199,0.792480,43.751,0.282443,1.076336,-0.129771,224,-62,392
7161,tilt_static,0.634766,0.049561,0.787598,43.730,0.167939,1.007634,-0.106870,224,-62,392
7180,tilt_static,0.638916,0.051758,0.784912,43.727,0.282443,0.961832,-0.091603,224,-62,392
7200,tilt_static,0.639893,0.048828,0.797363,43.712,0.305344,0.862595,-0.122137,224,-63,390
7220,tilt_static,0.639160,0.052246,0.793213,43.730,0.328244,0.900763,-0.068702,224,-63,390
7240,tilt_static,0.636963,0.053223,0.799561,43.715,0.259542,0.977099,-0.106870,224,-63,390
7260,tilt_static,0.638428,0.052002,0.798096,43.733,0.190840,1.022901,-0.183206,224,-62,391
7280,tilt_static,0.641846,0.051758,0.790527,43.724,0.274809,0.916031,-0.167939,224,-62,391
7300,tilt_static,0.640137,0.049561,0.796387,43.733,0.290076,0.954198,-0.106870,224,-62,391
7320,tilt_static,0.638672,0.049072,0.786377,43.704,0.305344,1.022901,-0.190840,223,-63,391
7340,tilt_static,0.642578,0.048828,0.792725,43.715,0.251908,0.847328,-0.022901,223,-63,391
7360,tilt_static,0.640137,0.052979,0.796875,43.706,0.190840,0.839695,-0.160305,223,-63,391
7380,tilt_static,0.636230,0.049805,0.793457,43.733,0.236641,0.961832,-0.061069,223,-63,391
7400,tilt_static,0.635742,0.053711,0.795654,43.721,0.320611,0.938931,-0.229008,224,-62,391
7420,tilt_static,0.639893,0.052246,0.796143,43.706,0.221374,1.000000,-0.160305,224,-62,391
7440,tilt_static,0.638916,0.050049,0.800049,43.715,0.206107,0.961832,-0.160305,224,-62,391
7460,tilt_static,0.638916,0.051758,0.796875,43.709,0.152672,0.931298,-0.145038,225,-62,392
7481,tilt_static,0.642090,0.054932,0.793701,43.701,0.129771,0.862595,-0.175573,225,-62,392
7500,tilt_static,0.638428,0.052979,0.797119,43.733,0.198473,1.000000,-0.076336,225,-62,392
7520,tilt_static,0.636719,0.049072,0.792725,43.736,0.198473,1.045802,-0.122137,224,-61,391
7541,tilt_static,0.640137,0.053955,0.792236,43.704,0.251908,0.916031,-0.061069,224,-61,391
7560,tilt_static,0.641357,0.052002,0.801270,43.727,0.274809,0.893130,-0.122137,224,-61,391
7580,tilt_static,0.634277,0.051514,0.799316,43.715,0.236641,1.038168,-0.076336,224,-61,391
7600,tilt_static,0.635986,0.049805,0.793457,43.736,0.221374,0.832061,-0.015267,223,-61,391
7620,tilt_static,0.637939,0.048828,0.793213,43.715,0.244275,1.030534,-0.160305,223,-61,391
7640,tilt_static,0.641846,0.052002,0.791504,43.724,0.305344,0.824428,-0.099237,223,-61,391
7660,tilt_static,0.642090,0.050049,0.791748,43.730,0.259542,0.992366,-0.198473,224,-62,391
7680,tilt_static,0.640137,0.049561,0.793213,43.712,0.259542,1.015267,-0.091603,224,-62,391
7700,tilt_static,0.638428,0.048828,0.792969,43.748,0.229008,0.969466,-0.007634,224,-62,391
7720,tilt_static,0.638672,0.051514,0.798828,43.739,0.236641,1.076336,-0.083969,224,-61,390
7740,tilt_static,0.633789,0.050049,0.794678,43.748,0.343511,0.816794,-0.076336,224,-61,390
7760,tilt_static,0.638916,0.049805,0.793945,43.739,0.274809,0.992366,-0.038168,224,-61,390
7780,tilt_static,0.640137,0.050781,0.790039,43.736,0.206107,1.038168,-0.061069,224,-61,390
7800,tilt_static,0.637939,0.051270,0.794434,43.736,0.290076,0.877863,-0.076336,224,-62,391
7821,tilt_static,0.639648,0.049072,0.794189,43.730,0.229008,0.923664,-0.061069,224,-62,391
7840,tilt_static,0.634277,0.048096,0.795410,43.718,0.267176,0.946565,-0.015267,224,-62,391
7860,tilt_static,0.637695,0.048584,0.791504,43.733,0.259542,0.832061,-0.083969,225,-62,392
7881,tilt_static,0.638916,0.053711,0.791748,43.736,0.167939,0.923664,-0.015267,225,-62,392
7900,tilt_static,0.639160,0.046143,0.791748,43.745,0.251908,0.778626,-0.167939,225,-62,392
7920,tilt_static,0.641846,0.049805,0.790771,43.721,0.267176,0.839695,-0.099237,225,-62,392
7940,tilt_static,0.638428,0.052002,0.790039,43.762,0.305344,0.992366,-0.099237,224,-63,391
7960,tilt_static,0.640381,0.049805,0.795410,43.748,0.282443,0.854962,-0.007634,224,-63,391
7980,tilt_static,0.638428,0.049072,0.795654,43.739,0.244275,0.938931,-0.022901,224,-63,391
8000,tilt_static,0.640625,0.054443,0.796387,43.745,0.305344,0.923664,-0.183206,225,-62,391
8020,tilt_static,0.639160,0.051758,0.795410,43.698,0.206107,0.847328,-0.106870,225,-62,391
8040,tilt_static,0.638916,0.047852,0.789795,43.739,0.251908,0.854962,-0.091603,225,-62,391
8060,tilt_static,0.640381,0.056396,0.794434,43.742,0.175573,0.877863,-0.167939,223,-61,392
8080,tilt_static,0.639648,0.049561,0.789307,43.748,0.267176,0.870229,-0.114504,223,-61,392
8100,tilt_static,0.640381,0.048828,0.795654,43.742,0.198473,0.809160,-0.091603,223,-61,392
8120,tilt_static,0.635498,0.044434,0.793213,43.751,0.244275,1.083969,-0.099237,223,-61,392
8140,tilt_static,0.637939,0.051025,0.795898,43.706,0.198473,1.030534,-0.122137,224,-61,391
8161,tilt_static,0.640381,0.050049,0.795654,43.718,0.229008,0.854962,-0.122137,224,-61,391
8180,tilt_static,0.639160,0.051270,0.793213,43.736,0.190840,1.015267,-0.114504,224,-61,391
8200,tilt_static,0.641357,0.050537,0.796387,43.762,0.190840,0.977099,-0.083969,224,-63,392
8220,tilt_static,0.638916,0.052979,0.791504,43.742,0.190840,0.900763,-0.129771,224,-63,392
8240,tilt_static,0.636230,0.052979,0.787598,43.748,0.206107,0.984733,-0.152672,224,-63,392
8260,tilt_static,0.637939,0.049072,0.795654,43.736,0.167939,0.946565,-0.068702,224,-62,391
8280,tilt_static,0.636230,0.050049,0.798828,43.727,0.160305,0.893130,-0.160305,224,-62,391
8300,tilt_static,0.638672,0.048828,0.796631,43.754,0.274809,0.839695,-0.145038,224,-62,391
8320,tilt_static,0.637207,0.050049,0.796631,43.712,0.152672,0.977099,0.015267,224,-62,391
8340,tilt_static,0.638184,0.050049,0.790039,43.718,0.244275,0.977099,-0.022901,225,-62,392
8360,tilt_static,0.641846,0.050293,0.798096,43.742,0.206107,0.824428,0.022901,225,-62,392
8380,tilt_static,0.636719,0.052246,0.797607,43.709,0.259542,0.931298,-0.114504,225,-62,392
8400,tilt_static,0.637451,0.050537,0.794922,43.712,0.267176,0.885496,-0.061069,224,-63,391
8420,tilt_static,0.634766,0.055176,0.795654,43.748,0.190840,1.007634,-0.183206,224,-63,391
8441,tilt_static,0.640869,0.046875,0.792969,43.698,0.236641,0.938931,-0.167939,224,-63,391
8460,tilt_static,0.636963,0.052734,0.795166,43.751,0.259542,0.923664,-0.022901,224,-62,393
8480,tilt_static,0.636963,0.049805,0.792725,43.709,0.229008,0.954198,-0.198473,224,-62,393
8500,tilt_static,0.641357,0.051025,0.795410,43.721,0.236641,0.809160,-0.061069,224,-62,393
8520,tilt_static,0.636963,0.053467,0.793945,43.739,0.183206,0.885496,-0.206107,224,-62,393
8540,tilt_static,0.636230,0.051514,0.797607,43.712,0.305344,1.000000,-0.007634,223,-61,391
8560,tilt_static,0.640869,0.053711,0.794922,43.706,0.312977,0.946565,-0.114504,223,-61,391
8580,tilt_static,0.642090,0.052002,0.790527,43.754,0.259542,0.969466,-0.114504,223,-61,391
8600,tilt_static,0.639160,0.048340,0.799561,43.751,0.274809,1.000000,-0.160305,223,-61,390
8620,tilt_static,0.636963,0.047607,0.801025,43.724,0.190840,0.908397,-0.030534,223,-61,390
8640,tilt_static,0.638428,0.051025,0.793457,43.715,0.328244,0.984733,-0.076336,223,-61,390
8660,tilt_static,0.641357,0.049316,0.794189,43.736,0.335878,0.969466,-0.160305,224,-63,392
8680,tilt_static,0.641113,0.052734,0.791016,43.712,0.152672,0.770992,0.007634,224,-63,392
8700,tilt_static,0.635254,0.048828,0.791016,43.724,0.244275,0.870229,-0.152672,224,-63,392
8721,tilt_static,0.639648,0.047607,0.791016,43.733,0.198473,0.977099,-0.129771,224,-63,392
8740,tilt_static,0.637207,0.054688,0.786621,43.736,0.282443,0.938931,0.000000,224,-62,391
8760,tilt_static,0.637695,0.053955,0.791260,43.721,0.129771,1.007634,-0.137405,224,-62,391
8780,tilt_static,0.638672,0.050293,0.791504,43.736,0.175573,0.877863,-0.145038,224,-62,391
8800,tilt_static,0.639160,0.050537,0.798096,43.730,0.312977,0.900763,-0.015267,224,-61,392
8820,tilt_static,0.637695,0.050537,0.790527,43.724,0.175573,0.954198,-0.137405,224,-61,392
8840,tilt_static,0.640381,0.051025,0.793945,43.712,0.259542,1.038168,-0.076336,224,-61,392
8860,tilt_static,0.644043,0.049805,0.791504,43.739,0.206107,0.969466,-0.183206,224,-61,392
8880,tilt_static,0.636475,0.048828,0.792725,43.745,0.221374,0.923664,-0.061069,224,-62,392
8900,tilt_static,0.641113,0.051270,0.794189,43.759,0.129771,0.946565,-0.091603,224,-62,392
8920,tilt_static,0.636719,0.052734,0.796143,43.730,0.145038,0.946565,-0.091603,224,-62,392
8940,tilt_static,0.638184,0.050781,0.793701,43.721,0.145038,0.923664,-0.129771,224,-61,392
8960,tilt_static,0.637695,0.054443,0.791748,43.721,0.244275,0.977099,-0.076336,224,-61,392
8980,tilt_static,0.637695,0.050049,0.793701,43.730,0.236641,0.961832,-0.061069,224,-61,392
9000,tilt_static,0.637939,0.048340,0.791016,43.739,0.290076,0.961832,-0.061069,224,-63,391
9020,tilt_static,0.640625,0.049805,0.795166,43.727,0.282443,0.946565,-0.083969,224,-63,391
9040,tilt_static,0.640869,0.050537,0.791016,43.751,0.213740,0.854962,-0.145038,224,-63,391
9060,tilt_static,0.641357,0.051514,0.798096,43.721,0.160305,0.916031,-0.068702,224,-63,391
9080,tilt_static,0.637939,0.048828,0.795410,43.727,0.213740,0.931298,-0.152672,224,-62,390
9101,tilt_static,0.639404,0.052490,0.789795,43.742,0.145038,0.908397,0.045802,224,-62,390
9120,tilt_static,0.640137,0.051270,0.794189,43.739,0.152672,0.923664,-0.152672,224,-62,390
9140,tilt_static,0.637451,0.050049,0.792480,43.745,0.251908,0.969466,-0.152672,223,-62,391
9160,tilt_static,0.641846,0.049561,0.792969,43.727,0.381679,0.870229,-0.106870,223,-62,391
9180,tilt_static,0.638184,0.052490,0.793945,43.736,0.343511,0.824428,-0.083969,223,-62,391
9200,tilt_static,0.635498,0.050293,0.789795,43.739,0.305344,0.893130,-0.068702,224,-62,392
9220,tilt_static,0.636475,0.049316,0.787842,43.727,0.297710,0.908397,-0.114504,224,-62,392
9240,tilt_static,0.637939,0.050293,0.794922,43.718,0.236641,1.022901,-0.099237,224,-62,392
9260,tilt_static,0.639648,0.047852,0.791748,43.727,0.183206,0.977099,-0.038168,224,-62,392
9280,tilt_static,0.636230,0.052490,0.789551,43.742,0.244275,0.931298,-0.183206,223,-61,390
9300,tilt_static,0.640869,0.050293,0.788818,43.709,0.282443,0.900763,-0.114504,223,-61,390
9320,tilt_static,0.640869,0.049316,0.788086,43.727,0.267176,0.862595,-0.129771,223,-61,390
9340,tilt_static,0.638672,0.050293,0.798340,43.721,0.198473,0.893130,-0.206107,224,-61,391
9360,tilt_static,0.635742,0.050781,0.790771,43.718,0.183206,1.038168,0.000000,224,-61,391
9381,tilt_static,0.638672,0.053711,0.801270,43.762,0.213740,1.000000,-0.083969,224,-61,391
9400,tilt_static,0.636963,0.053223,0.793945,43.730,0.290076,0.984733,-0.122137,223,-62,391
9420,tilt_static,0.635986,0.051514,0.795166,43.718,0.175573,0.854962,-0.045802,223,-62,391
9440,tilt_static,0.637939,0.050293,0.794189,43.718,0.229008,1.030534,-0.083969,223,-62,391
9460,tilt_static,0.638672,0.046631,0.792725,43.724,0.274809,1.022901,-0.061069,223,-62,391
9480,tilt_static,0.640869,0.050293,0.790283,43.724,0.183206,0.870229,0.007634,223,-61,392
9500,tilt_static,0.635254,0.051270,0.791748,43.721,0.229008,0.900763,0.007634,223,-61,392
9520,tilt_static,0.634277,0.053711,0.796875,43.736,0.167939,0.938931,-0.091603,223,-61,392
9540,tilt_static,0.639648,0.048828,0.788818,43.754,0.267176,1.000000,-0.061069,224,-62,391
9560,tilt_static,0.634521,0.049561,0.792725,43.748,0.274809,0.954198,-0.083969,224,-62,391
9580,tilt_static,0.639648,0.052246,0.795410,43.724,0.183206,0.969466,-0.083969,224,-62,391
9600,tilt_static,0.641357,0.049805,0.794189,43.748,0.244275,1.061069,-0.137405,223,-62,390
9620,tilt_static,0.640625,0.050049,0.791748,43.712,0.290076,0.984733,-0.152672,223,-62,390
9640,tilt_static,0.640137,0.052490,0.796875,43.724,0.259542,0.801527,-0.190840,223,-62,390
9661,tilt_static,0.637207,0.056152,0.800781,43.736,0.221374,1.114504,-0.122137,223,-62,390
9680,tilt_static,0.636963,0.048584,0.799561,43.768,0.221374,0.885496,-0.091603,224,-62,392
9700,tilt_static,0.635010,0.050537,0.796143,43.718,0.267176,1.061069,-0.106870,224,-62,392
9720,tilt_static,0.638428,0.053955,0.791260,43.742,0.282443,0.916031,-0.099237,224,-62,392
9740,tilt_static,0.639160,0.052734,0.798096,43.718,0.305344,0.877863,-0.091603,223,-63,391
9760,tilt_static,0.640381,0.054688,0.787354,43.718,0.198473,0.900763,-0.137405,223,-63,391
9780,tilt_static,0.638672,0.049805,0.793213,43.756,0.145038,0.916031,-0.053435,223,-63,391
9800,tilt_static,0.636475,0.047363,0.791992,43.736,0.160305,0.877863,-0.106870,224,-62,392
9820,tilt_static,0.638672,0.051514,0.793213,43.724,0.274809,1.000000,-0.053435,224,-62,392
9840,tilt_static,0.637695,0.047607,0.797363,43.718,0.282443,1.000000,-0.145038,224,-62,392
9860,tilt_static,0.639404,0.051758,0.797119,43.736,0.152672,0.961832,-0.045802,224,-62,392
9880,tilt_static,0.636963,0.051270,0.796631,43.733,0.259542,0.954198,-0.091603,223,-62,393
9900,tilt_static,0.636230,0.050537,0.792969,43.689,0.145038,0.954198,-0.083969,223,-62,393
9920,tilt_static,0.637207,0.050293,0.794678,43.715,0.167939,0.908397,-0.091603,223,-62,393
9941,tilt_static,0.638184,0.053467,0.796143,43.704,0.282443,0.916031,-0.221374,223,-62,391
9960,tilt_static,0.635742,0.050049,0.796875,43.718,0.175573,1.022901,-0.045802,223,-62,391
9980,tilt_static,0.637939,0.052490,0.800293,43.727,0.198473,0.839695,-0.099237,223,-62,391
10000,tilt_static,0.639893,0.049805,0.794434,43.730,0.190840,0.908397,-0.068702,223,-62,391
10020,tilt_static,0.642578,0.051270,0.794434,43.715,0.206107,0.923664,-0.122137,224,-63,392
10040,tilt_static,0.640381,0.048584,0.791748,43.724,0.160305,0.900763,-0.190840,224,-63,392
10060,tilt_static,0.640869,0.051025,0.802002,43.754,0.251908,0.931298,-0.152672,224,-63,392
10080,tilt_static,0.635742,0.049072,0.796631,43.724,0.244275,0.923664,-0.061069,224,-62,390
10100,tilt_static,0.635986,0.052734,0.797119,43.733,0.274809,0.946565,-0.106870,224,-62,390
10120,tilt_static,0.636475,0.048096,0.791992,43.730,0.244275,1.053435,-0.106870,224,-62,390
10140,tilt_static,0.638428,0.048828,0.791016,43.712,0.229008,1.000000,-0.167939,224,-62,391
10160,tilt_static,0.638672,0.049805,0.795166,43.742,0.206107,0.847328,-0.045802,224,-62,391
10180,tilt_static,0.637451,0.051270,0.793945,43.718,0.053435,0.977099,-0.198473,224,-62,391
10200,tilt_static,0.637695,0.051758,0.795654,43.680,0.282443,0.870229,-0.129771,224,-62,391
10220,tilt_static,0.640137,0.052002,0.794189,43.718,0.244275,1.015267,-0.145038,224,-63,393
10240,tilt_static,0.632813,0.051514,0.792236,43.736,0.175573,1.068702,-0.114504,224,-63,393
10260,tilt_static,0.637207,0.052002,0.798584,43.730,0.206107,1.022901,-0.206107,224,-63,393
10280,tilt_static,0.637939,0.052246,0.796875,43.736,0.152672,0.984733,-0.221374,224,-62,391
10300,tilt_static,0.635986,0.048828,0.794434,43.745,0.221374,0.916031,-0.175573,224,-62,391
10320,tilt_static,0.639404,0.049561,0.794922,43.730,0.206107,0.900763,0.000000,224,-62,391
10340,tilt_static,0.638916,0.050293,0.796631,43.724,0.259542,1.007634,-0.068702,223,-62,391
10360,tilt_static,0.639160,0.051758,0.788086,43.730,0.183206,1.061069,-0.022901,223,-62,391
10381,tilt_static,0.636963,0.052490,0.793945,43.730,0.183206,0.908397,-0.167939,223,-62,391
10400,tilt_static,0.642822,0.051270,0.800049,43.706,0.145038,1.022901,-0.045802,223,-62,391
10420,tilt_static,0.637207,0.051025,0.794922,43.739,0.213740,0.916031,0.030534,223,-62,391
10441,tilt_static,0.638672,0.047852,0.793457,43.727,0.167939,1.038168,-0.114504,223,-62,391
10460,tilt_static,0.642822,0.050537,0.796875,43.709,0.312977,0.908397,-0.083969,223,-62,391
10480,tilt_static,0.635986,0.052979,0.794678,43.721,0.213740,0.931298,-0.122137,225,-62,392
10500,tilt_static,0.638916,0.050781,0.799072,43.727,0.236641,1.030534,-0.061069,225,-62,392
10520,tilt_static,0.639160,0.056885,0.789795,43.704,0.206107,1.076336,-0.007634,225,-62,392
10540,tilt_static,0.643066,0.050049,0.794189,43.727,0.213740,0.969466,-0.099237,224,-62,391
10560,tilt_static,0.638428,0.046631,0.789795,43.706,0.305344,0.877863,-0.160305,224,-62,391
10580,tilt_static,0.637207,0.052002,0.793457,43.730,0.137405,0.977099,-0.045802,224,-62,391
10600,tilt_static,0.638916,0.049316,0.790283,43.715,0.206107,0.877863,-0.091603,224,-62,391
10620,tilt_static,0.637451,0.049316,0.791992,43.709,0.206107,0.992366,-0.061069,223,-62,391
10640,tilt_static,0.641113,0.052734,0.796387,43.724,0.267176,0.885496,-0.206107,223,-62,391
10660,tilt_static,0.639160,0.045898,0.794922,43.715,0.183206,1.114504,-0.083969,223,-62,391
10680,tilt_static,0.642334,0.051270,0.796631,43.724,0.213740,0.893130,-0.099237,224,-63,391
10700,tilt_static,0.636475,0.053467,0.796875,43.724,0.282443,1.022901,-0.099237,224,-63,391
10720,tilt_static,0.634033,0.052490,0.797363,43.727,0.297710,0.931298,-0.061069,224,-63,391
10740,tilt_static,0.641602,0.054199,0.792480,43.709,0.221374,1.007634,-0.114504,223,-62,391
10760,tilt_static,0.637695,0.051514,0.800781,43.756,0.236641,0.923664,-0.053435,223,-62,391
10780,tilt_static,0.635742,0.048340,0.793213,43.742,0.274809,0.847328,-0.083969,223,-62,391
10800,tilt_static,0.642090,0.050781,0.793213,43.739,0.190840,0.969466,-0.145038,223,-62,391
10820,tilt_static,0.637451,0.051758,0.795654,43.739,0.198473,0.801527,-0.022901,223,-62,392
10840,tilt_static,0.645508,0.052490,0.794434,43.730,0.175573,0.984733,-0.038168,223,-62,392
10860,tilt_static,0.637695,0.049805,0.799561,43.718,0.274809,1.015267,-0.152672,223,-62,392
10880,tilt_static,0.641846,0.052734,0.797119,43.733,0.221374,0.877863,-0.076336,223,-62,390
10900,tilt_static,0.639160,0.047607,0.793457,43.718,0.221374,0.954198,-0.114504,223,-62,390
10920,tilt_static,0.635742,0.048340,0.793701,43.730,0.251908,1.053435,-0.083969,223,-62,390
10940,tilt_static,0.637939,0.048584,0.797852,43.733,0.229008,0.870229,-0.221374,223,-63,390
10961,tilt_static,0.636475,0.052979,0.796875,43.724,0.198473,1.007634,-0.083969,223,-63,393
10980,tilt_static,0.640869,0.052246,0.787842,43.695,0.236641,0.954198,0.061069,223,-63,393
11000,tilt_static,0.638184,0.051025,0.801270,43.745,0.229008,0.923664,-0.007634,223,-63,393
11020,tilt_static,0.637695,0.051025,0.799316,43.745,0.351145,0.809160,-0.015267,224,-63,392
11040,tilt_static,0.639893,0.051758,0.798096,43.730,0.305344,0.961832,-0.083969,224,-63,392
11060,tilt_static,0.635986,0.046875,0.795166,43.724,0.297710,0.870229,-0.076336,224,-63,392
11080,tilt_static,0.636719,0.053223,0.796143,43.721,0.244275,0.977099,-0.091603,224,-61,390
11100,tilt_static,0.638916,0.052002,0.796387,43.736,0.274809,0.923664,-0.106870,224,-61,390
11120,tilt_static,0.637451,0.048828,0.800293,43.724,0.160305,0.961832,-0.137405,224,-61,390
11140,tilt_static,0.639160,0.052979,0.793457,43.736,0.267176,0.946565,-0.053435,224,-61,390
11160,tilt_static,0.639648,0.051758,0.790771,43.718,0.167939,0.900763,-0.083969,225,-62,392
11180,tilt_static,0.634033,0.050537,0.793457,43.745,0.190840,1.038168,-0.122137,225,-62,392
11200,tilt_static,0.638428,0.049561,0.794189,43.742,0.213740,0.984733,-0.160305,225,-62,392
11220,tilt_static,0.639160,0.051758,0.792969,43.736,0.282443,0.938931,-0.114504,225,-62,391
11240,tilt_static,0.638428,0.049072,0.793701,43.715,0.229008,1.091603,0.000000,225,-62,391
11260,tilt_static,0.637207,0.053955,0.793213,43.730,0.251908,0.984733,-0.175573,225,-62,391
11280,tilt_static,0.638672,0.050781,0.798828,43.706,0.175573,1.007634,-0.137405,223,-63,392
11301,tilt_static,0.635254,0.053955,0.798584,43.709,0.282443,0.908397,-0.099237,223,-63,392
11320,tilt_static,0.636963,0.052490,0.797607,43.712,0.297710,0.847328,0.068702,223,-63,392
11340,tilt_static,0.641113,0.051758,0.794189,43.724,0.267176,0.984733,-0.198473,223,-63,392
11361,tilt_static,0.634521,0.055908,0.790527,43.745,0.175573,1.007634,-0.007634,225,-63,391
11380,tilt_static,0.637451,0.048340,0.791260,43.730,0.274809,0.984733,-0.015267,225,-63,391
11400,tilt_static,0.640869,0.051514,0.798096,43.706,0.221374,0.969466,0.076336,225,-63,391
11420,tilt_static,0.637695,0.048340,0.791016,43.715,0.282443,1.076336,-0.083969,224,-63,392
11440,tilt_static,0.635742,0.047119,0.799561,43.742,0.206107,0.946565,-0.183206,224,-63,392
11460,tilt_static,0.636719,0.052002,0.794678,43.715,0.251908,0.900763,-0.129771,224,-63,392
11480,tilt_static,0.639648,0.048828,0.799072,43.745,0.282443,0.885496,-0.145038,224,-63,390
11500,tilt_static,0.639404,0.055908,0.796387,43.748,0.145038,0.809160,-0.045802,224,-63,390
11520,tilt_static,0.641357,0.048828,0.799316,43.706,0.213740,1.083969,-0.068702,224,-63,390
11540,tilt_static,0.635254,0.049805,0.788330,43.765,0.206107,0.977099,-0.038168,224,-63,390
11560,tilt_static,0.638184,0.051514,0.797119,43.706,0.206107,0.984733,-0.114504,224,-62,392
11580,tilt_static,0.639648,0.048340,0.796143,43.712,0.244275,1.007634,-0.022901,224,-62,392
11600,tilt_static,0.637207,0.052734,0.799072,43.736,0.297710,0.931298,-0.068702,224,-62,392
11620,tilt_static,0.639893,0.050293,0.798828,43.724,0.229008,1.061069,-0.213740,224,-63,390
11640,tilt_static,0.639404,0.051025,0.787598,43.727,0.190840,1.000000,-0.183206,224,-63,390
11660,tilt_static,0.638672,0.048828,0.791748,43.721,0.175573,0.931298,-0.145038,224,-63,390
11680,tilt_static,0.636963,0.050049,0.798096,43.730,0.229008,1.007634,-0.083969,223,-63,390
11701,tilt_static,0.640137,0.048096,0.792480,43.736,0.251908,0.832061,-0.129771,223,-63,390
11720,tilt_static,0.638672,0.050537,0.793945,43.706,0.282443,0.893130,-0.106870,223,-63,390
11741,tilt_static,0.638428,0.051270,0.792480,43.724,0.221374,0.938931,-0.068702,223,-63,390
11760,tilt_static,0.636230,0.049072,0.790771,43.715,0.251908,0.839695,-0.099237,224,-63,392
11780,tilt_static,0.639893,0.047852,0.796875,43.724,0.198473,0.969466,-0.007634,224,-63,392
11801,tilt_static,0.638916,0.051270,0.792236,43.748,0.213740,0.916031,-0.137405,224,-63,392
11820,tilt_static,0.639160,0.050293,0.791260,43.727,0.221374,0.984733,-0.061069,224,-62,391
11840,tilt_static,0.637939,0.053223,0.799805,43.730,0.137405,0.961832,-0.038168,224,-62,391
11860,tilt_static,0.640625,0.052246,0.785889,43.733,0.381679,0.931298,-0.007634,224,-62,391
11880,tilt_static,0.642822,0.051514,0.796387,43.712,0.160305,0.931298,-0.175573,224,-61,391
11900,tilt_static,0.637451,0.047607,0.798096,43.730,0.206107,0.931298,0.000000,224,-61,391
11920,tilt_static,0.640381,0.052002,0.795166,43.754,0.274809,0.946565,-0.007634,224,-61,391
11940,tilt_static,0.636963,0.052490,0.791016,43.689,0.175573,0.908397,-0.160305,224,-61,391
11960,tilt_static,0.638916,0.052734,0.789551,43.704,0.236641,0.977099,-0.099237,225,-61,392
11980,tilt_static,0.634277,0.051514,0.791992,43.692,0.221374,0.946565,-0.045802,225,-61,392
12000,tilt_static,0.637695,0.049561,0.788086,43.721,0.290076,0.900763,-0.183206,225,-61,392
12020,tilt_static,0.636230,0.046875,0.793701,43.704,0.175573,0.969466,-0.099237,224,-62,392
12040,tilt_static,0.636719,0.052002,0.792725,43.689,0.251908,0.816794,-0.061069,224,-62,392
12060,tilt_static,0.639160,0.050049,0.796875,43.718,0.221374,0.984733,-0.076336,224,-62,392
12080,tilt_static,0.636963,0.051758,0.788818,43.736,0.259542,1.000000,-0.030534,224,-62,392
12100,tilt_static,0.638672,0.048828,0.795166,43.745,0.244275,0.938931,-0.183206,224,-63,391
12120,tilt_static,0.638916,0.052490,0.794922,43.712,0.206107,0.900763,-0.229008,224,-63,391
12140,tilt_static,0.641113,0.048584,0.786865,43.712,0.206107,0.961832,-0.152672,224,-63,391
12160,tilt_static,0.640625,0.052979,0.793701,43.730,0.366412,0.893130,-0.175573,224,-62,390
12180,tilt_static,0.639404,0.048340,0.802002,43.736,0.229008,0.877863,-0.129771,224,-62,390
12200,tilt_static,0.639160,0.055908,0.802979,43.739,0.160305,1.114504,-0.053435,224,-62,390
12220,tilt_static,0.635010,0.048340,0.793213,43.745,0.183206,0.992366,-0.106870,224,-62,392
12240,tilt_static,0.635254,0.048828,0.798584,43.709,0.183206,1.038168,-0.068702,224,-62,392
12261,tilt_static,0.638184,0.050537,0.797363,43.745,0.198473,0.908397,-0.099237,224,-62,392
12280,tilt_static,0.640625,0.052002,0.789307,43.745,0.213740,0.946565,-0.015267,224,-62,392
12300,tilt_static,0.638916,0.048340,0.791992,43.733,0.236641,0.954198,-0.030534,225,-63,391
12321,tilt_static,0.640869,0.050781,0.793701,43.706,0.236641,0.954198,0.000000,225,-63,391
12340,tilt_static,0.638428,0.053711,0.791260,43.712,0.274809,1.000000,-0.198473,225,-63,391
12360,tilt_static,0.638916,0.047852,0.796631,43.727,0.198473,0.984733,-0.045802,224,-63,390
12380,tilt_static,0.637695,0.049561,0.791992,43.748,0.274809,1.122137,-0.106870,224,-63,390
12400,tilt_static,0.636475,0.051758,0.791992,43.721,0.213740,1.068702,-0.106870,224,-63,390
12420,tilt_static,0.639404,0.050537,0.794434,43.701,0.274809,0.961832,-0.045802,224,-63,391
12440,tilt_static,0.638916,0.051270,0.788330,43.724,0.206107,0.984733,-0.129771,224,-63,391
12460,tilt_static,0.635742,0.050293,0.798340,43.718,0.290076,0.984733,-0.022901,224,-63,391
12480,tilt_static,0.640625,0.050049,0.794434,43.721,0.213740,0.885496,-0.099237,224,-63,391
12500,tilt_static,0.638672,0.049072,0.796143,43.745,0.221374,0.862595,-0.206107,224,-62,391
12520,tilt_static,0.635986,0.050537,0.794678,43.754,0.267176,0.908397,-0.160305,224,-62,391
12540,tilt_static,0.638184,0.053223,0.791992,43.745,0.251908,0.916031,-0.137405,224,-62,391
12560,tilt_static,0.637695,0.054932,0.793701,43.715,0.190840,1.000000,-0.045802,224,-62,391
12580,tilt_static,0.636475,0.050049,0.796631,43.759,0.129771,0.977099,-0.213740,224,-62,391
12600,tilt_static,0.639160,0.054199,0.792236,43.727,0.236641,0.893130,-0.114504,224,-62,391
12620,tilt_static,0.636475,0.053711,0.793213,43.721,0.198473,0.931298,0.030534,224,-62,391
12640,tilt_static,0.638672,0.053955,0.791260,43.727,0.282443,0.931298,-0.106870,224,-62,391
12661,tilt_static,0.640625,0.052734,0.795654,43.745,0.236641,1.007634,-0.053435,224,-62,391
12680,tilt_static,0.635986,0.051758,0.795410,43.718,0.175573,1.007634,-0.053435,224,-62,391
12700,tilt_static,0.638672,0.052246,0.798096,43.718,0.282443,0.923664,-0.091603,222,-63,391
12720,tilt_static,0.637939,0.051025,0.793701,43.754,0.282443,0.969466,-0.122137,222,-63,391
12740,tilt_static,0.638184,0.051270,0.791260,43.695,0.167939,1.007634,-0.190840,222,-63,391
12760,tilt_static,0.635254,0.047119,0.794678,43.695,0.213740,1.015267,-0.152672,225,-61,392
12780,tilt_static,0.638672,0.048096,0.796387,43.721,0.206107,0.900763,-0.038168,225,-61,392
12800,tilt_static,0.638184,0.050537,0.795166,43.698,0.152672,0.854962,0.015267,225,-61,392
12820,tilt_static,0.641357,0.051514,0.801514,43.756,0.244275,0.725191,-0.114504,223,-63,390
12840,tilt_static,0.639893,0.053711,0.793457,43.704,0.259542,0.900763,-0.045802,223,-63,390
12860,tilt_static,0.637939,0.050537,0.789551,43.721,0.244275,1.030534,0.015267,223,-63,390
12880,tilt_static,0.640625,0.054199,0.789795,43.730,0.183206,1.099237,-0.053435,223,-63,390
12900,tilt_static,0.639893,0.049072,0.796143,43.730,0.137405,0.916031,-0.137405,223,-61,391
12920,tilt_static,0.640381,0.055908,0.797607,43.742,0.198473,0.877863,-0.091603,223,-61,391
12940,tilt_static,0.642578,0.049316,0.795898,43.742,0.320611,0.984733,-0.053435,223,-61,391
12960,tilt_static,0.637695,0.050293,0.794678,43.733,0.236641,0.816794,-0.068702,224,-62,391
12980,tilt_static,0.635986,0.053711,0.794189,43.765,0.251908,0.870229,-0.030534,224,-62,391
13000,tilt_static,0.635742,0.048340,0.793701,43.727,0.267176,0.946565,-0.152672,224,-62,391
13020,tilt_static,0.637695,0.053955,0.793945,43.733,0.221374,0.893130,-0.137405,223,-62,392
13040,tilt_static,0.635010,0.054199,0.798340,43.724,0.251908,0.854962,-0.045802,223,-62,392
13061,tilt_static,0.639404,0.050049,0.796143,43.706,0.206107,0.908397,-0.015267,223,-62,392
13080,tilt_static,0.635986,0.053467,0.793457,43.762,0.328244,0.893130,-0.106870,223,-62,392
13100,tilt_static,0.637207,0.052979,0.795166,43.745,0.244275,0.954198,-0.175573,225,-62,392
13121,tilt_static,0.633789,0.051270,0.794922,43.739,0.244275,0.992366,-0.114504,225,-62,392
13140,tilt_static,0.640137,0.050537,0.794189,43.742,0.244275,0.862595,-0.114504,225,-62,392
13160,tilt_static,0.639404,0.050293,0.796631,43.742,0.297710,0.992366,-0.175573,222,-63,389
13180,tilt_static,0.640381,0.050781,0.797363,43.739,0.236641,0.938931,-0.083969,222,-63,389
13200,tilt_static,0.640869,0.054199,0.797363,43.730,0.236641,0.984733,-0.160305,222,-63,389
13220,tilt_static,0.640625,0.050049,0.796143,43.727,0.244275,0.854962,-0.106870,222,-63,389
13240,tilt_static,0.641113,0.052002,0.791016,43.724,0.267176,0.877863,-0.099237,224,-64,390
13260,tilt_static,0.638184,0.052002,0.794189,43.727,0.221374,0.954198,-0.061069,224,-64,390
13280,tilt_static,0.639893,0.049072,0.793945,43.730,0.183206,0.938931,-0.045802,224,-64,390
13300,tilt_static,0.637207,0.051758,0.794189,43.715,0.198473,0.923664,-0.106870,224,-63,391
13320,tilt_static,0.636719,0.050781,0.795410,43.733,0.282443,0.938931,-0.083969,224,-63,391
13340,tilt_static,0.641846,0.051758,0.798828,43.742,0.190840,0.961832,-0.091603,224,-63,391
13360,tilt_static,0.635498,0.051270,0.792480,43.724,0.183206,0.992366,-0.083969,224,-62,390
13380,tilt_static,0.632324,0.047607,0.795898,43.736,0.320611,1.007634,-0.045802,224,-62,390
13400,tilt_static,0.633545,0.052246,0.788086,43.718,0.175573,0.824428,-0.091603,224,-62,390
13420,tilt_static,0.641113,0.048340,0.793945,43.709,0.198473,0.862595,-0.038168,224,-62,390
13440,tilt_static,0.637207,0.052734,0.798340,43.721,0.259542,0.854962,-0.106870,224,-62,391
13460,tilt_static,0.640381,0.057861,0.793457,43.736,0.229008,0.908397,-0.213740,224,-62,391
13480,tilt_static,0.640137,0.049316,0.793213,43.745,0.221374,0.885496,0.038168,224,-62,391
13500,tilt_static,0.632813,0.053467,0.794922,43.718,0.167939,1.007634,-0.007634,225,-62,391
13520,tilt_static,0.637939,0.047607,0.792480,43.706,0.167939,0.816794,-0.045802,225,-62,391
13540,tilt_static,0.639648,0.054688,0.795654,43.718,0.244275,0.854962,-0.030534,225,-62,391
13560,tilt_static,0.639648,0.053223,0.802490,43.733,0.267176,0.870229,-0.053435,224,-62,391
13580,tilt_static,0.636475,0.054443,0.790771,43.704,0.335878,0.977099,-0.038168,224,-62,391
13600,tilt_static,0.636719,0.050049,0.799072,43.733,0.274809,0.870229,-0.106870,224,-62,391
13621,tilt_static,0.641602,0.052734,0.795654,43.721,0.152672,0.992366,-0.137405,224,-62,391
13640,tilt_static,0.639404,0.050049,0.793701,43.721,0.282443,0.923664,-0.099237,225,-62,390
13660,tilt_static,0.636475,0.049072,0.796875,43.718,0.213740,0.954198,-0.137405,225,-62,390
13680,tilt_static,0.638916,0.050293,0.796631,43.704,0.183206,0.893130,0.000000,225,-62,390
13700,tilt_static,0.640869,0.051025,0.791504,43.712,0.236641,0.992366,-0.091603,224,-62,393
13720,tilt_static,0.640869,0.048828,0.794189,43.751,0.129771,0.900763,-0.122137,224,-62,393
13740,tilt_static,0.641602,0.049805,0.797852,43.742,0.236641,0.977099,-0.068702,224,-62,393
13760,tilt_static,0.636475,0.048096,0.796875,43.730,0.290076,0.893130,-0.106870,225,-62,391
13780,tilt_static,0.636963,0.049316,0.792236,43.712,0.236641,0.801527,-0.022901,225,-62,391
13800,tilt_static,0.637207,0.052734,0.795166,43.701,0.213740,0.954198,-0.068702,225,-62,391
13820,tilt_static,0.635498,0.051270,0.798584,43.715,0.244275,0.984733,-0.038168,225,-62,391
13840,tilt_static,0.635254,0.052734,0.785889,43.727,0.229008,0.938931,-0.129771,223,-61,392
13860,tilt_static,0.636475,0.051758,0.794189,43.712,0.213740,0.938931,-0.152672,223,-61,392
13880,tilt_static,0.641357,0.045898,0.798340,43.721,0.198473,0.832061,-0.068702,223,-61,392
13900,tilt_static,0.639648,0.049316,0.794922,43.730,0.213740,0.984733,-0.160305,224,-62,392
13920,tilt_static,0.635010,0.048828,0.790039,43.727,0.160305,1.030534,-0.030534,224,-62,392
13940,tilt_static,0.638184,0.052002,0.799316,43.715,0.251908,0.954198,-0.129771,224,-62,392
13960,tilt_static,0.641846,0.048340,0.792236,43.730,0.206107,1.015267,-0.007634,224,-61,391
13980,tilt_static,0.634766,0.048096,0.792236,43.756,0.160305,0.984733,0.053435,224,-61,391
14000,tilt_static,0.636475,0.048828,0.794189,43.706,0.274809,0.961832,-0.083969,224,-61,391
14021,tilt_static,0.640381,0.053955,0.799316,43.706,0.251908,0.916031,-0.083969,224,-61,391
14040,tilt_static,0.637451,0.047852,0.794922,43.718,0.282443,0.923664,-0.206107,222,-62,391
14060,tilt_static,0.639648,0.049316,0.797363,43.695,0.244275,0.961832,-0.122137,222,-62,391
14081,tilt_static,0.640869,0.051025,0.797607,43.715,0.083969,0.977099,-0.091603,222,-62,391
14100,tilt_static,0.639404,0.045898,0.794678,43.739,0.167939,0.893130,-0.038168,224,-62,391
14120,tilt_static,0.640625,0.048096,0.793945,43.742,0.122137,0.916031,-0.152672,224,-62,391
14140,tilt_static,0.638428,0.047607,0.799561,43.745,0.290076,0.946565,-0.076336,224,-62,391
14160,tilt_static,0.642578,0.051514,0.791748,43.730,0.190840,0.832061,-0.083969,224,-62,391
14180,tilt_static,0.641357,0.051270,0.793213,43.733,0.206107,0.862595,-0.106870,223,-62,390
14200,tilt_static,0.637451,0.049805,0.795654,43.721,0.213740,0.961832,-0.076336,223,-62,390
14220,tilt_static,0.637207,0.052734,0.798096,43.730,0.236641,1.076336,-0.083969,223,-62,390
14240,tilt_static,0.638184,0.051758,0.801270,43.730,0.190840,1.022901,-0.083969,224,-62,391
14260,tilt_static,0.633789,0.051514,0.791504,43.706,0.236641,0.984733,-0.206107,224,-62,391
14280,tilt_static,0.638184,0.049561,0.799316,43.709,0.213740,0.984733,-0.045802,224,-62,391
14300,tilt_static,0.636719,0.053467,0.793213,43.742,0.251908,0.824428,-0.167939,224,-62,391
14320,tilt_static,0.639648,0.052002,0.797119,43.754,0.274809,0.977099,-0.083969,224,-62,391
14340,tilt_static,0.638428,0.048340,0.794922,43.733,0.213740,0.946565,-0.106870,224,-62,391
14360,tilt_static,0.638428,0.049561,0.792480,43.745,0.198473,1.015267,0.007634,224,-62,391
14380,tilt_static,0.640869,0.049561,0.790527,43.724,0.274809,0.946565,-0.030534,224,-62,390
14400,tilt_static,0.638184,0.048096,0.791748,43.712,0.244275,0.938931,0.000000,224,-62,390
14421,tilt_static,0.636963,0.049805,0.793701,43.733,0.320611,0.862595,-0.038168,224,-62,390
14440,tilt_static,0.638184,0.052490,0.793701,43.727,0.312977,0.923664,-0.045802,224,-62,392
14460,tilt_static,0.639893,0.053711,0.798096,43.730,0.290076,0.916031,-0.045802,224,-62,392
14481,tilt_static,0.635986,0.048828,0.794922,43.736,0.190840,1.091603,-0.053435,224,-62,392
14500,tilt_static,0.638916,0.050537,0.789795,43.727,0.343511,0.961832,-0.122137,224,-62,392
14520,tilt_static,0.639648,0.048096,0.789551,43.712,0.213740,0.870229,0.000000,224,-62,392
14540,tilt_static,0.638428,0.050781,0.790039,43.712,0.206107,0.916031,-0.122137,224,-62,392
14560,tilt_static,0.641846,0.048096,0.791016,43.727,0.183206,0.984733,-0.083969,224,-62,392
14580,tilt_static,0.636719,0.049561,0.800293,43.692,0.183206,0.969466,-0.175573,224,-62,390
14600,tilt_static,0.633545,0.050049,0.790527,43.706,0.175573,0.862595,-0.122137,224,-62,390
14620,tilt_static,0.637939,0.054688,0.791992,43.754,0.259542,0.916031,-0.099237,224,-62,390
14640,tilt_static,0.637451,0.047607,0.799072,43.739,0.198473,0.977099,-0.122137,224,-62,393
14660,tilt_static,0.637207,0.051025,0.795166,43.724,0.198473,1.000000,-0.198473,224,-62,393
14680,tilt_static,0.636719,0.047607,0.793457,43.712,0.267176,0.946565,-0.038168,224,-62,393
14700,tilt_static,0.633789,0.050293,0.795410,43.745,0.267176,0.977099,-0.213740,224,-62,391
14720,tilt_static,0.638428,0.052979,0.795410,43.739,0.129771,1.007634,-0.190840,224,-62,391
14740,tilt_static,0.635010,0.050293,0.794434,43.712,0.160305,0.977099,-0.076336,224,-62,391
14760,tilt_static,0.638184,0.051025,0.796143,43.712,0.183206,1.022901,-0.045802,224,-62,391
14780,tilt_static,0.636230,0.055664,0.794189,43.709,0.267176,1.030534,-0.145038,223,-61,391
14800,tilt_static,0.635742,0.047363,0.795166,43.739,0.122137,0.938931,-0.106870,223,-61,391
14820,tilt_static,0.636475,0.048340,0.792236,43.736,0.213740,0.893130,-0.068702,223,-61,391
14840,tilt_static,0.636719,0.051514,0.791260,43.698,0.213740,0.931298,-0.106870,224,-62,391
14860,tilt_static,0.638672,0.048584,0.793945,43.721,0.282443,0.969466,-0.099237,224,-62,391
14880,tilt_static,0.637939,0.054443,0.792480,43.712,0.259542,1.030534,-0.183206,224,-62,391
14900,tilt_static,0.640625,0.048096,0.795410,43.751,0.251908,0.961832,-0.244275,224,-63,390
14921,tilt_static,0.636719,0.048096,0.791260,43.745,0.251908,0.984733,-0.137405,224,-63,390
14940,tilt_static,0.640625,0.052002,0.802490,43.736,0.213740,0.946565,-0.091603,224,-63,390
14960,tilt_static,0.638184,0.052979,0.794434,43.712,0.244275,1.122137,0.038168,224,-63,390
14981,tilt_static,0.635498,0.051758,0.796631,43.730,0.343511,1.083969,-0.160305,224,-62,391
15000,tilt_static,0.638184,0.052246,0.793701,43.727,0.251908,0.824428,-0.152672,224,-62,391
15020,tilt_static,0.641602,0.048828,0.792969,43.736,0.129771,1.061069,-0.053435,224,-62,391
15040,tilt_static,0.637695,0.047607,0.795410,43.712,0.190840,1.000000,0.022901,223,-62,391
15060,tilt_static,0.638184,0.052002,0.797852,43.724,0.206107,0.931298,-0.175573,223,-62,391
15080,tilt_static,0.639648,0.053711,0.791748,43.724,0.198473,0.885496,-0.045802,223,-62,391
15100,tilt_static,0.634033,0.046387,0.793213,43.715,0.259542,0.977099,-0.053435,224,-62,390
15120,tilt_static,0.636719,0.054932,0.794434,43.712,0.251908,0.824428,-0.114504,224,-62,390
15140,tilt_static,0.637939,0.054443,0.794678,43.733,0.274809,0.961832,-0.030534,224,-62,390
15160,tilt_static,0.633301,0.050781,0.796875,43.718,0.190840,0.900763,-0.106870,224,-62,390
15180,tilt_static,0.638916,0.054199,0.794189,43.704,0.305344,0.923664,-0.091603,224,-62,392
15200,tilt_static,0.639648,0.053955,0.795410,43.715,0.236641,0.946565,-0.068702,224,-62,392
15220,tilt_static,0.634766,0.046631,0.792236,43.748,0.206107,0.908397,-0.022901,224,-62,392
15240,tilt_static,0.637207,0.055908,0.791260,43.733,0.312977,0.839695,-0.061069,223,-62,392
15260,tilt_static,0.640869,0.049805,0.795898,43.754,0.206107,0.931298,-0.114504,223,-62,392
15280,tilt_static,0.638428,0.047607,0.792969,43.677,0.244275,0.969466,-0.099237,223,-62,392
15300,tilt_static,0.635986,0.053955,0.790771,43.706,0.198473,1.007634,-0.122137,223,-62,392
15320,tilt_static,0.638672,0.053467,0.786865,43.730,0.251908,0.885496,-0.061069,225,-61,391
15340,tilt_static,0.638916,0.049316,0.795410,43.727,0.160305,0.992366,-0.091603,225,-61,391
15360,tilt_static,0.640137,0.050781,0.791016,43.709,0.213740,1.015267,-0.129771,225,-61,391
15381,tilt_static,0.638916,0.048828,0.794922,43.709,0.229008,0.961832,-0.152672,224,-62,392
15400,tilt_static,0.638184,0.054443,0.792969,43.706,0.167939,1.099237,-0.068702,224,-62,392
15420,tilt_static,0.638428,0.048584,0.792236,43.754,0.167939,0.961832,-0.045802,224,-62,392
15440,tilt_static,0.639648,0.049561,0.787354,43.706,0.206107,0.969466,-0.122137,224,-62,391
15460,tilt_static,0.635742,0.053223,0.796631,43.730,0.259542,0.984733,0.000000,224,-62,391
15480,tilt_static,0.639404,0.051025,0.795410,43.709,0.236641,0.900763,-0.137405,224,-62,391
15500,tilt_static,0.638916,0.053955,0.793457,43.712,0.229008,1.091603,-0.175573,224,-62,391
15520,tilt_static,0.637939,0.050293,0.796875,43.727,0.190840,0.954198,-0.213740,224,-63,392
15540,tilt_static,0.638672,0.050781,0.790527,43.718,0.183206,1.007634,-0.145038,224,-63,392
15560,tilt_static,0.637207,0.049805,0.791504,43.695,0.175573,0.946565,-0.068702,224,-63,392
15580,tilt_static,0.638184,0.053223,0.800049,43.715,0.175573,1.045802,0.007634,224,-62,390
15600,tilt_static,0.640625,0.049561,0.795898,43.712,0.229008,0.992366,-0.122137,224,-62,390
15620,tilt_static,0.637695,0.051514,0.796875,43.742,0.175573,1.015267,-0.129771,224,-62,390
15640,tilt_static,0.636230,0.048584,0.797607,43.701,0.167939,1.007634,-0.114504,224,-62,391
15660,tilt_static,0.634521,0.048340,0.800537,43.712,0.190840,0.954198,-0.114504,224,-62,391
15680,tilt_static,0.641113,0.050537,0.794189,43.718,0.160305,0.916031,-0.045802,224,-62,391
15700,tilt_static,0.635742,0.050293,0.788086,43.715,0.129771,0.954198,-0.030534,224,-62,391
15721,tilt_static,0.636963,0.052490,0.794189,43.730,0.328244,0.938931,-0.129771,224,-62,390
15740,tilt_static,0.638672,0.050293,0.793457,43.754,0.221374,1.030534,-0.045802,224,-62,390
15760,tilt_static,0.635986,0.054443,0.790283,43.745,0.206107,1.053435,-0.068702,224,-62,390
15780,tilt_static,0.640137,0.048828,0.799805,43.721,0.244275,0.893130,-0.160305,223,-63,391
15800,tilt_static,0.637939,0.047119,0.796387,43.751,0.183206,0.954198,-0.053435,223,-63,391
15820,tilt_static,0.637939,0.050537,0.792969,43.745,0.206107,0.946565,-0.022901,223,-63,391
15840,tilt_static,0.638916,0.049561,0.800293,43.727,0.259542,0.885496,-0.129771,223,-61,390
15860,tilt_static,0.641846,0.053223,0.789551,43.736,0.259542,0.938931,-0.099237,223,-61,390
15880,tilt_static,0.641357,0.050537,0.788818,43.736,0.083969,0.893130,-0.053435,223,-61,390
15900,tilt_static,0.638428,0.051270,0.797363,43.756,0.236641,1.000000,-0.030534,223,-61,390
15920,tilt_static,0.636475,0.049805,0.793701,43.733,0.282443,0.900763,-0.053435,225,-62,391
15940,tilt_static,0.639893,0.050537,0.794678,43.718,0.190840,0.885496,-0.038168,225,-62,391
15960,tilt_static,0.642334,0.051270,0.794434,43.759,0.167939,1.022901,-0.091603,225,-62,391
15980,tilt_static,0.636719,0.048828,0.796875,43.718,0.190840,0.893130,-0.099237,223,-62,391
16000,tilt_static,0.638184,0.050781,0.795898,43.742,0.213740,0.984733,-0.236641,223,-62,391
16020,tilt_static,0.636475,0.051514,0.794678,43.718,0.320611,0.854962,-0.206107,223,-62,391
16040,tilt_static,0.636230,0.051270,0.801270,43.721,0.198473,0.946565,-0.076336,223,-62,392
16060,tilt_static,0.639404,0.052734,0.792236,43.727,0.251908,1.007634,0.015267,223,-62,392
16080,tilt_static,0.640381,0.049316,0.793945,43.683,0.198473,1.076336,-0.068702,223,-62,392
16100,tilt_static,0.638672,0.053223,0.796387,43.709,0.335878,0.923664,-0.061069,223,-62,392
16120,tilt_static,0.638428,0.054199,0.795898,43.724,0.145038,0.923664,-0.068702,224,-62,392
16140,tilt_static,0.635986,0.051758,0.795410,43.751,0.221374,0.954198,-0.106870,224,-62,392
16160,tilt_static,0.638428,0.052246,0.799072,43.701,0.244275,0.801527,-0.068702,224,-62,392
16180,tilt_static,0.638184,0.051514,0.788818,43.718,0.305344,0.916031,0.038168,223,-62,390
16200,tilt_static,0.637939,0.049561,0.798828,43.704,0.145038,0.984733,-0.061069,223,-62,390
16221,tilt_static,0.639404,0.047363,0.790283,43.727,0.206107,0.908397,-0.068702,223,-62,390
16240,tilt_static,0.639648,0.054688,0.791992,43.715,0.320611,0.870229,-0.183206,223,-62,390
16260,tilt_static,0.637451,0.054443,0.798096,43.709,0.297710,0.854962,-0.106870,225,-62,392
16281,tilt_static,0.640869,0.048828,0.790283,43.730,0.213740,0.816794,-0.076336,225,-62,392
16300,tilt_static,0.636475,0.046875,0.796387,43.742,0.145038,1.007634,-0.244275,225,-62,392
16320,tilt_static,0.637451,0.050781,0.792725,43.686,0.251908,0.877863,-0.122137,225,-62,391
16340,tilt_static,0.641113,0.052002,0.791992,43.718,0.267176,1.045802,-0.122137,225,-62,391
16360,tilt_static,0.636963,0.049561,0.790771,43.689,0.183206,0.954198,-0.114504,225,-62,391
16380,tilt_static,0.638672,0.054688,0.790527,43.727,0.251908,0.992366,-0.152672,224,-62,390
16400,tilt_static,0.635986,0.045166,0.792725,43.739,0.198473,0.931298,-0.152672,224,-62,390
16420,tilt_static,0.638916,0.050049,0.800293,43.751,0.206107,0.908397,-0.099237,224,-62,390
16440,tilt_static,0.637939,0.052246,0.794434,43.715,0.167939,1.030534,-0.114504,224,-62,390
16460,tilt_static,0.637207,0.051025,0.796875,43.721,0.190840,0.946565,-0.129771,225,-63,393
16480,tilt_static,0.639648,0.047119,0.796875,43.727,0.267176,0.938931,-0.122137,225,-63,393
16500,tilt_static,0.638428,0.050781,0.800537,43.701,0.335878,0.954198,-0.114504,225,-63,393
16520,tilt_static,0.640381,0.053467,0.795654,43.701,0.297710,0.969466,-0.099237,223,-62,392
16540,tilt_static,0.640381,0.052490,0.791992,43.721,0.274809,0.801527,-0.160305,223,-62,392
16560,tilt_static,0.637207,0.054688,0.793457,43.754,0.236641,0.969466,-0.022901,223,-62,392
16580,tilt_static,0.635254,0.048096,0.796143,43.706,0.213740,0.885496,-0.167939,223,-63,390
16600,tilt_static,0.635986,0.051270,0.792480,43.715,0.274809,0.870229,-0.106870,223,-63,390
16620,tilt_static,0.640381,0.051025,0.791260,43.727,0.259542,0.969466,-0.198473,223,-63,390
16640,tilt_static,0.642090,0.047363,0.791504,43.721,0.183206,0.862595,-0.053435,223,-63,390
16660,tilt_static,0.637939,0.051025,0.790527,43.709,0.236641,1.015267,-0.076336,223,-61,389
16681,tilt_static,0.637695,0.047119,0.795898,43.721,0.106870,0.961832,-0.061069,223,-61,389
16700,tilt_static,0.636230,0.048096,0.791260,43.733,0.267176,0.885496,-0.167939,223,-61,389
16720,tilt_static,0.637939,0.054199,0.795898,43.689,0.213740,1.007634,-0.068702,225,-62,392
16740,tilt_static,0.642578,0.049072,0.795654,43.730,0.160305,1.045802,-0.106870,225,-62,392
16760,tilt_static,0.637451,0.049072,0.792725,43.709,0.305344,0.946565,-0.061069,225,-62,392
16780,tilt_static,0.638428,0.050293,0.789063,43.724,0.297710,0.938931,-0.007634,224,-63,391
16800,tilt_static,0.642090,0.050293,0.793457,43.754,0.290076,0.908397,-0.038168,224,-63,391
16820,tilt_static,0.635742,0.051758,0.793457,43.718,0.244275,0.923664,-0.145038,224,-63,391
16840,tilt_static,0.635498,0.050537,0.795166,43.742,0.251908,1.015267,-0.160305,224,-63,391
16860,tilt_static,0.639404,0.049072,0.791260,43.730,0.236641,0.847328,-0.061069,223,-61,391
16880,tilt_static,0.639648,0.048340,0.795654,43.712,0.183206,0.992366,-0.122137,223,-61,391
16900,tilt_static,0.640137,0.049805,0.795898,43.689,0.213740,0.961832,-0.083969,223,-61,391
16920,tilt_static,0.635010,0.052002,0.801025,43.709,0.305344,0.862595,-0.083969,224,-62,392
16940,tilt_static,0.634277,0.048340,0.794434,43.727,0.206107,0.954198,-0.091603,224,-62,392
16960,tilt_static,0.639404,0.054199,0.793701,43.706,0.251908,0.969466,-0.198473,224,-62,392
16980,tilt_static,0.635254,0.054443,0.799805,43.739,0.297710,0.916031,-0.083969,224,-63,392
17000,tilt_static,0.638184,0.053223,0.795654,43.739,0.244275,0.961832,-0.145038,224,-63,392
17020,tilt_static,0.638672,0.048340,0.795898,43.715,0.236641,0.992366,-0.183206,224,-63,392
17040,tilt_static,0.640869,0.054932,0.790771,43.718,0.221374,0.923664,-0.160305,224,-63,392
17060,tilt_static,0.634521,0.051514,0.792725,43.709,0.305344,0.908397,-0.022901,224,-62,391
17081,tilt_static,0.637451,0.051270,0.792236,43.736,0.206107,0.954198,-0.190840,224,-62,391
17100,tilt_static,0.639160,0.052246,0.793701,43.751,0.152672,0.923664,-0.022901,224,-62,391
17120,tilt_static,0.637695,0.051514,0.790283,43.727,0.236641,0.916031,-0.206107,224,-63,391
17140,tilt_static,0.639648,0.052979,0.791748,43.724,0.244275,0.938931,-0.129771,224,-63,391
17160,tilt_static,0.639160,0.050781,0.799316,43.733,0.152672,1.038168,-0.068702,224,-63,391
17180,tilt_static,0.635742,0.053467,0.793457,43.715,0.404580,0.931298,-0.061069,224,-62,393
17200,tilt_static,0.636963,0.049316,0.790527,43.715,0.175573,1.022901,-0.068702,224,-62,393
17220,tilt_static,0.638184,0.052979,0.791260,43.692,0.236641,0.900763,-0.137405,224,-62,393
17240,tilt_static,0.639648,0.050049,0.796143,43.727,0.236641,0.992366,-0.083969,224,-62,393
17260,tilt_static,0.636475,0.045410,0.796631,43.727,0.259542,0.992366,-0.106870,222,-63,391
17280,tilt_static,0.636719,0.049072,0.795410,43.712,0.206107,0.984733,-0.045802,222,-63,391
17300,tilt_static,0.643066,0.048584,0.792969,43.739,0.282443,0.916031,-0.114504,222,-63,391
17320,tilt_static,0.639893,0.052734,0.792725,43.715,0.267176,1.038168,-0.137405,224,-62,390
17340,tilt_static,0.638916,0.050537,0.796875,43.733,0.183206,0.961832,-0.198473,224,-62,390
17360,tilt_static,0.635986,0.052002,0.796631,43.689,0.213740,1.015267,-0.129771,224,-62,390
17380,tilt_static,0.639648,0.053223,0.795166,43.721,0.328244,0.908397,-0.076336,224,-62,390
17400,tilt_static,0.639893,0.050781,0.797119,43.727,0.213740,1.038168,-0.068702,224,-64,391
17420,tilt_static,0.636475,0.047852,0.796875,43.706,0.259542,0.870229,-0.022901,224,-64,391
17440,tilt_static,0.636963,0.048340,0.792725,43.698,0.290076,0.809160,-0.106870,224,-64,391
17460,tilt_static,0.639404,0.053223,0.791748,43.721,0.183206,0.908397,-0.114504,223,-63,391
17481,tilt_static,0.638916,0.050537,0.797852,43.730,0.267176,0.923664,0.015267,223,-63,391
17500,tilt_static,0.639648,0.052246,0.795166,43.721,0.137405,1.000000,-0.160305,223,-63,391
17520,tilt_static,0.635742,0.050537,0.791260,43.704,0.213740,1.061069,-0.091603,224,-62,392
17540,tilt_static,0.635742,0.047607,0.792969,43.718,0.236641,0.908397,-0.167939,224,-62,392
17560,tilt_static,0.639404,0.053955,0.799072,43.704,0.244275,0.923664,-0.015267,224,-62,392
17580,tilt_static,0.638916,0.052490,0.793213,43.745,0.236641,1.000000,-0.106870,224,-62,392
17600,tilt_static,0.641113,0.051514,0.789795,43.718,0.206107,0.931298,-0.106870,224,-62,391
17620,tilt_static,0.640869,0.052490,0.794189,43.727,0.160305,0.900763,-0.213740,224,-62,391
17640,tilt_static,0.640137,0.054932,0.791016,43.751,0.251908,1.038168,-0.083969,224,-62,391
17660,tilt_static,0.635986,0.056152,0.795654,43.721,0.251908,0.931298,-0.137405,223,-62,391
17680,tilt_static,0.640137,0.051758,0.797607,43.724,0.282443,0.893130,-0.068702,223,-62,391
17700,tilt_static,0.638916,0.051514,0.795410,43.733,0.167939,0.977099,-0.007634,223,-62,391
17720,tilt_static,0.640137,0.053467,0.789551,43.715,0.145038,0.877863,-0.167939,225,-61,391
17740,tilt_static,0.639404,0.052490,0.793457,43.721,0.167939,1.000000,-0.106870,225,-61,391
17760,tilt_static,0.640625,0.048584,0.792725,43.739,0.221374,1.022901,-0.122137,225,-61,391
17780,tilt_static,0.639404,0.047607,0.793945,43.718,0.274809,0.893130,-0.015267,225,-61,391
17800,tilt_static,0.636719,0.049316,0.793457,43.736,0.175573,0.931298,-0.106870,224,-62,391
17820,tilt_static,0.640381,0.051025,0.799561,43.727,0.145038,0.923664,-0.129771,224,-62,391
17840,tilt_static,0.639404,0.049316,0.796631,43.730,0.282443,0.885496,-0.076336,224,-62,391
17860,tilt_static,0.639404,0.051025,0.794678,43.706,0.160305,0.969466,-0.106870,223,-62,391
17880,tilt_static,0.636719,0.050537,0.791992,43.718,0.229008,1.061069,-0.251908,223,-62,391
17900,tilt_static,0.637207,0.054199,0.797607,43.756,0.312977,1.038168,-0.007634,223,-62,391
17920,tilt_static,0.642090,0.050781,0.794434,43.724,0.160305,0.977099,-0.099237,224,-64,392
17940,tilt_static,0.639893,0.049805,0.793945,43.704,0.175573,1.076336,-0.099237,224,-64,392
17960,tilt_static,0.640869,0.052490,0.793213,43.742,0.282443,0.992366,-0.114504,224,-64,392
17981,tilt_static,0.640137,0.052002,0.798828,43.715,0.190840,0.969466,-0.053435,224,-64,392
18000,tilt_static,0.639648,0.051025,0.790771,43.733,0.198473,0.984733,-0.053435,224,-63,390
18020,tilt_static,0.639160,0.050781,0.800537,43.683,0.206107,1.076336,-0.083969,224,-63,390
18040,tilt_static,0.642822,0.050537,0.802734,43.733,0.152672,0.938931,0.015267,224,-63,390
18060,tilt_static,0.639648,0.048584,0.801758,43.706,0.251908,1.076336,-0.022901,224,-63,391
18080,tilt_static,0.637695,0.047852,0.800537,43.704,0.198473,1.038168,-0.091603,224,-63,391
18100,tilt_static,0.640137,0.051514,0.791504,43.739,0.244275,1.007634,-0.183206,224,-63,391
18120,tilt_static,0.638428,0.048828,0.789307,43.718,0.312977,0.969466,-0.152672,224,-63,392
18140,tilt_static,0.642578,0.051270,0.793945,43.742,0.145038,0.916031,-0.114504,224,-63,392
18160,tilt_static,0.636719,0.050293,0.791504,43.706,0.274809,0.984733,-0.030534,224,-63,392
18180,tilt_static,0.635498,0.051758,0.793945,43.712,0.267176,0.992366,-0.053435,224,-63,392
18200,tilt_static,0.638672,0.050049,0.793457,43.695,0.206107,0.854962,-0.122137,224,-61,392
18220,tilt_static,0.634277,0.053467,0.787842,43.718,0.236641,1.122137,-0.145038,224,-61,392
18240,tilt_static,0.636230,0.048584,0.798584,43.739,0.312977,0.908397,-0.167939,224,-61,392
18260,tilt_static,0.635986,0.048584,0.791748,43.706,0.190840,0.923664,-0.160305,224,-63,392
18280,tilt_static,0.633789,0.052002,0.799072,43.706,0.114504,0.954198,-0.076336,224,-63,392
18300,tilt_static,0.636230,0.046387,0.794678,43.751,0.267176,0.893130,-0.190840,224,-63,392
18321,tilt_static,0.639893,0.050049,0.791260,43.724,0.206107,0.954198,-0.282443,224,-63,392
18340,tilt_static,0.641357,0.053223,0.792969,43.748,0.305344,0.923664,-0.099237,224,-63,392
18360,tilt_static,0.643311,0.052979,0.794922,43.727,0.251908,0.885496,0.015267,224,-63,392
18380,tilt_static,0.638672,0.050781,0.798828,43.709,0.244275,0.946565,-0.083969,224,-63,392
18400,tilt_static,0.636475,0.050781,0.794434,43.715,0.229008,0.931298,-0.152672,224,-63,392
18420,tilt_static,0.640869,0.049316,0.795166,43.724,0.259542,1.045802,-0.076336,224,-63,392
18440,tilt_static,0.638428,0.051514,0.794434,43.698,0.251908,0.946565,-0.145038,224,-63,392
18460,tilt_static,0.636475,0.051270,0.792236,43.686,0.175573,0.885496,-0.160305,224,-62,391
18480,tilt_static,0.634277,0.051514,0.791748,43.727,0.183206,0.946565,-0.038168,224,-62,391
18500,tilt_static,0.639160,0.045166,0.797119,43.745,0.259542,0.862595,-0.007634,224,-62,391
18520,tilt_static,0.637207,0.047119,0.791992,43.727,0.129771,1.045802,-0.030534,224,-62,391
18540,tilt_static,0.639893,0.051758,0.795410,43.709,0.206107,0.908397,-0.145038,223,-62,392
18560,tilt_static,0.639404,0.051025,0.790527,43.674,0.183206,0.977099,-0.145038,223,-62,392
18580,tilt_static,0.637939,0.048828,0.796875,43.701,0.259542,1.038168,-0.114504,223,-62,392
18600,tilt_static,0.640381,0.050537,0.799561,43.704,0.251908,0.923664,-0.076336,223,-62,392
18620,tilt_static,0.634521,0.047607,0.791748,43.730,0.221374,1.083969,-0.061069,223,-62,392
18640,tilt_static,0.637939,0.056641,0.792969,43.751,0.244275,0.893130,-0.129771,223,-62,392
18660,tilt_static,0.639404,0.048340,0.790039,43.695,0.190840,0.908397,0.015267,223,-63,391
18680,tilt_static,0.636963,0.048340,0.801025,43.748,0.312977,0.885496,-0.053435,223,-63,391
18700,tilt_static,0.638184,0.050049,0.789307,43.709,0.183206,0.954198,-0.198473,223,-63,391
18720,tilt_static,0.638916,0.050781,0.797119,43.712,0.274809,1.038168,-0.129771,223,-63,391
18740,tilt_static,0.637207,0.052002,0.791016,43.683,0.244275,1.061069,-0.114504,223,-62,390
18760,tilt_static,0.640381,0.053955,0.793457,43.724,0.198473,0.969466,-0.076336,223,-62,390
18781,tilt_static,0.637695,0.046875,0.792236,43.736,0.259542,0.908397,-0.076336,223,-62,390
18800,tilt_static,0.635254,0.053711,0.787354,43.724,0.251908,0.954198,-0.015267,224,-62,391
18820,tilt_static,0.640381,0.048340,0.793213,43.721,0.129771,1.015267,-0.076336,224,-62,391
18840,tilt_static,0.636475,0.050293,0.797119,43.704,0.320611,0.977099,-0.091603,224,-62,391
18860,tilt_static,0.638672,0.047607,0.795654,43.698,0.229008,0.946565,-0.076336,224,-63,393
18880,tilt_static,0.636719,0.052246,0.793457,43.718,0.251908,0.992366,-0.137405,224,-63,393
18900,tilt_static,0.639160,0.053467,0.798828,43.701,0.229008,1.038168,-0.015267,224,-63,393
18920,tilt_static,0.636475,0.052490,0.795898,43.709,0.236641,0.969466,-0.045802,224,-63,393
18940,tilt_static,0.639160,0.052979,0.797607,43.706,0.236641,0.801527,-0.129771,223,-63,391
18960,tilt_static,0.634521,0.050049,0.795410,43.698,0.206107,0.961832,-0.045802,223,-63,391
18980,tilt_static,0.639160,0.052979,0.796631,43.721,0.206107,0.908397,-0.038168,223,-63,391
19000,tilt_static,0.637451,0.051270,0.798584,43.677,0.198473,0.992366,-0.206107,223,-62,392
19020,tilt_static,0.638184,0.051025,0.796143,43.727,0.175573,0.954198,-0.099237,223,-62,392
19040,tilt_static,0.639648,0.051758,0.795898,43.706,0.175573,1.007634,-0.053435,223,-62,392
19060,tilt_static,0.637207,0.049805,0.794922,43.704,0.320611,0.908397,-0.099237,223,-63,391
19080,tilt_static,0.637695,0.052979,0.799805,43.721,0.290076,0.977099,-0.099237,223,-63,391
19100,tilt_static,0.640381,0.051025,0.788330,43.730,0.251908,0.916031,-0.015267,223,-63,391
19120,tilt_static,0.635498,0.051514,0.791748,43.721,0.305344,0.946565,-0.251908,223,-63,391
19140,tilt_static,0.637207,0.051270,0.789063,43.727,0.160305,0.931298,-0.175573,224,-62,391
19160,tilt_static,0.634033,0.048828,0.794434,43.712,0.251908,0.916031,-0.114504,224,-62,391
19180,tilt_static,0.642090,0.052734,0.793213,43.695,0.244275,0.931298,-0.122137,224,-62,391
19200,tilt_static,0.644043,0.050293,0.795166,43.727,0.190840,1.007634,-0.114504,223,-62,393
19220,tilt_static,0.641602,0.051025,0.795654,43.721,0.206107,0.954198,-0.129771,223,-62,393
19240,tilt_static,0.637451,0.051025,0.784912,43.721,0.198473,0.977099,-0.083969,223,-62,393
19260,tilt_static,0.638428,0.050293,0.797119,43.739,0.175573,0.954198,0.061069,223,-61,391
19281,tilt_static,0.639404,0.052246,0.801025,43.706,0.297710,0.893130,-0.229008,224,-61,391
19300,tilt_static,0.638916,0.053467,0.794189,43.715,0.267176,0.877863,-0.099237,224,-61,391
19320,tilt_static,0.637451,0.048584,0.794189,43.718,0.244275,0.923664,0.022901,224,-61,391
19340,tilt_static,0.637695,0.048096,0.794678,43.701,0.175573,1.000000,-0.061069,223,-62,391
19360,tilt_static,0.642822,0.050293,0.804443,43.718,0.267176,0.877863,-0.076336,223,-62,391
19380,tilt_static,0.636963,0.048340,0.795898,43.742,0.145038,0.977099,-0.076336,223,-62,391
19400,tilt_static,0.637939,0.052979,0.793213,43.721,0.236641,0.954198,-0.114504,225,-62,392
19420,tilt_static,0.638672,0.054688,0.797607,43.712,0.183206,0.816794,0.038168,225,-62,392
19440,tilt_static,0.634033,0.052246,0.800049,43.712,0.221374,1.061069,-0.076336,225,-62,392
19460,tilt_static,0.637939,0.048340,0.797363,43.709,0.251908,0.900763,-0.099237,225,-62,392
19480,tilt_static,0.635498,0.052734,0.796631,43.695,0.251908,0.862595,-0.076336,224,-63,390
19500,tilt_static,0.636963,0.054199,0.792480,43.739,0.244275,0.977099,-0.152672,224,-63,390
19520,tilt_static,0.637695,0.052002,0.794434,43.706,0.213740,0.916031,-0.099237,224,-63,390
19540,tilt_static,0.639648,0.052246,0.794678,43.739,0.129771,0.793893,-0.099237,223,-62,390
19560,tilt_static,0.639648,0.050781,0.793945,43.712,0.259542,0.870229,-0.099237,223,-62,390
19580,tilt_static,0.636230,0.052246,0.791016,43.704,0.206107,1.053435,-0.045802,223,-62,390
19600,tilt_static,0.640137,0.046631,0.793945,43.715,0.221374,0.893130,-0.167939,225,-63,393
19620,tilt_static,0.641357,0.049561,0.793701,43.733,0.305344,0.908397,-0.053435,225,-63,393
19640,tilt_static,0.638184,0.050293,0.794189,43.706,0.259542,0.870229,-0.030534,225,-63,393
19660,tilt_static,0.640381,0.052979,0.796387,43.698,0.190840,0.954198,-0.106870,225,-63,393
19680,tilt_static,0.637451,0.049805,0.802734,43.727,0.221374,0.893130,-0.114504,224,-63,391
19700,tilt_static,0.639160,0.049316,0.795410,43.704,0.175573,1.015267,-0.061069,224,-63,391
19720,tilt_static,0.637451,0.052246,0.789795,43.704,0.206107,0.908397,-0.137405,224,-63,391
19740,tilt_static,0.635498,0.051270,0.795654,43.739,0.206107,0.946565,-0.122137,224,-62,390
19760,tilt_static,0.634766,0.049561,0.801025,43.701,0.190840,1.015267,-0.038168,224,-62,390
19780,tilt_static,0.635498,0.054443,0.794189,43.715,0.305344,0.816794,-0.030534,224,-62,390
19801,tilt_static,0.638916,0.052734,0.793701,43.712,0.206107,1.007634,-0.007634,223,-62,392
19820,tilt_static,0.635986,0.046631,0.788574,43.721,0.152672,0.984733,-0.106870,223,-62,392
19840,tilt_static,0.636719,0.044922,0.794922,43.712,0.244275,0.984733,-0.083969,223,-62,392
19860,tilt_static,0.640381,0.048828,0.796631,43.686,0.213740,0.847328,-0.099237,223,-62,392
19880,tilt_static,0.637695,0.048828,0.793945,43.701,0.274809,0.900763,0.030534,223,-62,392
19900,tilt_static,0.640137,0.050537,0.795410,43.739,0.251908,1.061069,-0.068702,223,-62,392
19920,tilt_static,0.639404,0.050537,0.793213,43.724,0.267176,0.992366,-0.175573,223,-62,392
19940,tilt_static,0.637451,0.052246,0.788086,43.674,0.259542,1.038168,-0.221374,223,-62,391
19960,tilt_static,0.637695,0.053711,0.799561,43.745,0.229008,0.961832,-0.045802,223,-62,391
19980,tilt_static,0.638428,0.053223,0.794922,43.759,0.236641,0.969466,-0.053435,223,-62,391
20000,tilt_static,0.638672,0.055420,0.796143,43.715,0.183206,1.061069,-0.083969,224,-62,392
20020,tilt_static,0.637451,0.049561,0.792480,43.730,0.167939,0.938931,-0.061069,224,-62,392
20040,tilt_static,0.641846,0.048340,0.798584,43.706,0.160305,0.977099,-0.083969,224,-62,392
20060,tilt_static,0.639404,0.048096,0.794434,43.709,0.290076,1.000000,-0.129771,224,-62,392
20080,tilt_static,0.639648,0.049561,0.792480,43.724,0.267176,0.923664,-0.106870,223,-63,390
20100,tilt_static,0.638672,0.054688,0.791748,43.706,0.374046,0.938931,-0.145038,223,-63,390
20120,tilt_static,0.636963,0.051514,0.790771,43.721,0.297710,1.015267,-0.137405,223,-63,390
20140,tilt_static,0.637207,0.052490,0.793945,43.709,0.244275,1.083969,-0.083969,224,-62,392
20160,tilt_static,0.635498,0.049561,0.796387,43.742,0.183206,0.969466,0.038168,224,-62,392
20180,tilt_static,0.638428,0.045410,0.793945,43.730,0.259542,1.053435,-0.099237,224,-62,392
20200,tilt_static,0.643311,0.052246,0.795166,43.733,0.282443,1.007634,-0.145038,223,-62,391
20220,tilt_static,0.639648,0.050537,0.796875,43.709,0.282443,0.946565,0.030534,223,-62,391
20240,tilt_static,0.635498,0.051514,0.798584,43.704,0.106870,0.862595,0.007634,223,-62,391
20260,tilt_static,0.640381,0.051514,0.795166,43.721,0.175573,1.000000,-0.099237,223,-62,391
20280,tilt_static,0.639160,0.052002,0.796875,43.730,0.175573,0.954198,-0.083969,224,-62,391
20300,tilt_static,0.635986,0.049316,0.788330,43.715,0.160305,0.870229,0.038168,224,-62,391
20321,tilt_static,0.637939,0.051514,0.794922,43.715,0.312977,0.961832,-0.083969,224,-62,391
20340,tilt_static,0.635010,0.048340,0.795166,43.709,0.244275,0.931298,-0.251908,224,-62,391
20360,tilt_static,0.638428,0.051514,0.794922,43.724,0.259542,0.793893,-0.061069,224,-62,391
20380,tilt_static,0.638916,0.052002,0.798584,43.712,0.206107,0.839695,-0.068702,224,-62,391
20400,tilt_static,0.636963,0.048340,0.798584,43.730,0.129771,1.030534,-0.145038,224,-62,391
20420,tilt_static,0.636719,0.048828,0.795166,43.727,0.206107,0.877863,-0.122137,223,-63,392
20440,tilt_static,0.638916,0.049072,0.792969,43.721,0.198473,0.931298,-0.053435,223,-63,392
20460,tilt_static,0.638428,0.047607,0.789307,43.736,0.251908,0.847328,-0.091603,223,-63,392
20480,tilt_static,0.642090,0.051270,0.794678,43.727,0.290076,0.946565,-0.099237,225,-62,391
20500,tilt_static,0.639160,0.052490,0.792725,43.704,0.244275,0.832061,-0.167939,225,-62,391
20520,tilt_static,0.638428,0.054443,0.798584,43.715,0.282443,0.938931,-0.183206,225,-62,391
20540,tilt_static,0.637695,0.047852,0.798340,43.751,0.251908,0.954198,-0.053435,224,-62,392
20560,tilt_static,0.634521,0.051514,0.797852,43.730,0.190840,1.000000,-0.053435,224,-62,392
20580,tilt_static,0.639404,0.047363,0.795898,43.745,0.213740,0.816794,-0.053435,224,-62,392
20600,tilt_static,0.639648,0.052246,0.794189,43.689,0.145038,1.030534,0.000000,224,-62,392
20620,tilt_static,0.640137,0.047363,0.798828,43.709,0.274809,1.053435,-0.099237,224,-62,391
20640,tilt_static,0.633789,0.049316,0.789063,43.689,0.290076,0.954198,-0.083969,224,-62,391
20660,tilt_static,0.636963,0.051514,0.791260,43.745,0.282443,1.007634,-0.183206,224,-62,391
20680,tilt_static,0.639160,0.049316,0.794678,43.727,0.290076,0.908397,-0.099237,224,-62,393
20700,tilt_static,0.637695,0.048340,0.792725,43.736,0.267176,0.946565,-0.099237,224,-62,393
20720,tilt_static,0.637939,0.050049,0.794189,43.736,0.213740,0.893130,0.038168,224,-62,393
20740,tilt_static,0.636963,0.050049,0.795898,43.739,0.160305,1.015267,-0.183206,225,-62,392
20760,tilt_static,0.639404,0.048828,0.796875,43.730,0.175573,0.908397,-0.068702,225,-62,392
20780,tilt_static,0.638916,0.050049,0.788818,43.677,0.206107,0.908397,-0.183206,225,-62,392
20800,tilt_static,0.636719,0.046631,0.792236,43.704,0.251908,0.847328,-0.061069,225,-62,392
20820,tilt_static,0.640869,0.052979,0.791748,43.701,0.213740,0.992366,-0.045802,224,-61,390
20840,tilt_static,0.641113,0.050537,0.792480,43.724,0.320611,0.870229,-0.091603,224,-61,390
20860,tilt_static,0.639160,0.046631,0.796631,43.686,0.259542,0.969466,-0.053435,224,-61,390
20880,tilt_static,0.636963,0.051025,0.794434,43.718,0.106870,1.015267,-0.122137,224,-62,391
20900,tilt_static,0.642578,0.048584,0.795898,43.706,0.129771,0.992366,-0.091603,224,-62,391
20920,tilt_static,0.638184,0.053955,0.790527,43.706,0.183206,0.992366,0.000000,224,-62,391
20940,tilt_static,0.638184,0.049561,0.793701,43.712,0.290076,0.885496,-0.190840,224,-61,392
20960,tilt_static,0.639648,0.049316,0.795654,43.695,0.198473,0.923664,-0.091603,224,-61,392
20980,tilt_static,0.639648,0.050049,0.796143,43.724,0.297710,1.038168,-0.099237,224,-61,392
21000,tilt_static,0.635986,0.056641,0.793701,43.736,0.244275,0.977099,-0.152672,224,-61,392
21020,tilt_static,0.639404,0.050781,0.793701,43.712,0.152672,0.893130,-0.068702,224,-62,390
21040,tilt_static,0.639404,0.051270,0.794434,43.706,0.198473,0.992366,-0.129771,224,-62,390
21060,tilt_static,0.637695,0.050781,0.794189,43.748,0.198473,0.877863,-0.030534,224,-62,390
21080,tilt_static,0.640137,0.056396,0.793701,43.709,0.297710,0.900763,-0.076336,224,-63,391
21100,tilt_static,0.635742,0.051270,0.792725,43.709,0.183206,0.954198,-0.083969,224,-63,391
21120,tilt_static,0.640381,0.053467,0.800781,43.730,0.190840,1.053435,-0.038168,224,-63,391
21140,tilt_static,0.642822,0.046631,0.793945,43.724,0.183206,0.854962,-0.022901,223,-63,392
21160,tilt_static,0.636475,0.051514,0.790771,43.701,0.236641,0.847328,-0.167939,223,-63,392
21181,tilt_static,0.634277,0.049561,0.795166,43.706,0.145038,0.938931,-0.129771,223,-63,392
21200,tilt_static,0.639160,0.052734,0.799072,43.748,0.183206,1.045802,-0.068702,223,-63,392
21220,tilt_static,0.641357,0.051270,0.793457,43.724,0.343511,0.961832,-0.106870,223,-63,392
21241,tilt_static,0.639893,0.046875,0.795166,43.706,0.274809,0.931298,-0.229008,223,-63,392
21260,tilt_static,0.638184,0.052734,0.794434,43.692,0.244275,0.984733,-0.038168,223,-63,392
21280,tilt_static,0.638184,0.047119,0.792480,43.683,0.274809,1.083969,-0.106870,223,-62,390
21300,tilt_static,0.638428,0.051025,0.788086,43.724,0.183206,1.053435,-0.099237,223,-62,390
21320,tilt_static,0.637939,0.050293,0.792725,43.698,0.198473,0.961832,-0.022901,223,-62,390
21340,tilt_static,0.639404,0.052246,0.799805,43.762,0.274809,0.862595,-0.083969,223,-62,390
21360,tilt_static,0.636963,0.050293,0.791748,43.701,0.251908,0.954198,-0.091603,223,-62,392
21380,tilt_static,0.636230,0.054199,0.791992,43.686,0.259542,0.977099,-0.038168,223,-62,392
21400,tilt_static,0.636230,0.051270,0.795654,43.701,0.206107,0.900763,-0.083969,223,-62,392
21420,tilt_static,0.635010,0.049316,0.796143,43.709,0.236641,0.923664,-0.244275,224,-63,392
21440,tilt_static,0.641113,0.052979,0.790039,43.689,0.160305,1.015267,-0.030534,224,-63,392
21460,tilt_static,0.636475,0.050049,0.793213,43.730,0.259542,0.969466,0.030534,224,-63,392
21480,tilt_static,0.640869,0.050049,0.795166,43.712,0.198473,0.946565,-0.091603,224,-62,392
21500,tilt_static,0.636475,0.052246,0.800049,43.733,0.129771,1.076336,-0.022901,224,-62,392
21520,tilt_static,0.636719,0.051270,0.793945,43.739,0.320611,0.877863,-0.129771,224,-62,392
21540,tilt_static,0.636475,0.052734,0.793457,43.730,0.297710,0.839695,-0.160305,224,-62,392
21560,tilt_static,0.639893,0.048584,0.797607,43.709,0.236641,0.969466,0.000000,225,-62,391
21580,tilt_static,0.636475,0.050293,0.796631,43.745,0.259542,1.022901,-0.007634,225,-62,391
21600,tilt_static,0.637939,0.051025,0.800293,43.712,0.259542,0.847328,-0.099237,225,-62,391
21620,tilt_static,0.640869,0.050781,0.787354,43.718,0.236641,1.007634,-0.083969,223,-62,392
21640,tilt_static,0.640381,0.047363,0.798828,43.736,0.251908,0.732824,-0.145038,223,-62,392
21660,tilt_static,0.641113,0.053223,0.799316,43.704,0.244275,0.954198,-0.061069,223,-62,392
21680,tilt_static,0.638916,0.050293,0.789551,43.709,0.274809,0.877863,-0.022901,224,-64,391
21700,tilt_static,0.635498,0.049561,0.793701,43.733,0.320611,0.862595,-0.091603,224,-64,391
21720,tilt_static,0.635986,0.048340,0.790039,43.724,0.190840,0.992366,-0.030534,224,-64,391
21740,tilt_static,0.631592,0.052246,0.792236,43.709,0.259542,0.854962,-0.061069,224,-64,391
21760,tilt_static,0.642334,0.051270,0.795898,43.721,0.259542,0.984733,-0.137405,224,-62,390
21780,tilt_static,0.637695,0.051514,0.796875,43.712,0.251908,0.977099,-0.099237,224,-62,390
21800,tilt_static,0.639160,0.048828,0.799316,43.715,0.251908,0.862595,-0.145038,224,-62,390
21821,tilt_static,0.635254,0.052246,0.792236,43.724,0.183206,1.076336,-0.030534,225,-61,391
21840,tilt_static,0.633789,0.047363,0.800537,43.721,0.229008,1.076336,-0.053435,225,-61,391
21860,tilt_static,0.634521,0.050781,0.800293,43.736,0.251908,0.885496,-0.122137,225,-61,391
21881,tilt_static,0.637939,0.054443,0.785645,43.695,0.198473,0.938931,-0.007634,224,-61,393
21900,tilt_static,0.639160,0.054199,0.795166,43.730,0.244275,0.984733,-0.122137,224,-61,393
21920,tilt_static,0.635010,0.052246,0.793213,43.739,0.259542,1.038168,-0.129771,224,-61,393
21940,tilt_static,0.639648,0.047852,0.792725,43.748,0.213740,0.961832,-0.045802,224,-61,393
21960,tilt_static,0.635498,0.048828,0.798584,43.730,0.221374,0.984733,-0.007634,223,-63,391
21980,tilt_static,0.638428,0.052979,0.790039,43.701,0.152672,0.916031,-0.099237,223,-63,391
22000,tilt_static,0.636719,0.050293,0.793701,43.706,0.221374,1.007634,-0.068702,223,-63,391
22020,tilt_static,0.636475,0.052979,0.793701,43.715,0.259542,0.916031,-0.122137,223,-63,391
22040,tilt_static,0.638428,0.048340,0.797852,43.739,0.206107,0.832061,-0.053435,223,-63,391
22060,tilt_static,0.637207,0.051270,0.796875,43.727,0.244275,1.076336,-0.106870,223,-63,391
22080,tilt_static,0.639404,0.049072,0.796631,43.715,0.274809,0.916031,-0.053435,224,-62,391
22100,tilt_static,0.642334,0.051514,0.795898,43.751,0.244275,0.969466,-0.015267,224,-62,391
22120,tilt_static,0.640869,0.048828,0.791748,43.742,0.297710,0.877863,-0.129771,224,-62,391
22140,tilt_static,0.637207,0.052002,0.794922,43.736,0.213740,1.015267,-0.152672,224,-62,391
22160,tilt_static,0.640381,0.053955,0.791504,43.692,0.152672,0.938931,-0.083969,223,-62,391
22180,tilt_static,0.636475,0.047363,0.794189,43.721,0.213740,0.977099,-0.083969,223,-62,391
22200,tilt_static,0.637207,0.055176,0.792236,43.712,0.229008,0.977099,0.022901,223,-62,391
22220,tilt_static,0.641357,0.051025,0.793701,43.730,0.274809,1.038168,-0.045802,224,-62,392
22240,tilt_static,0.638672,0.050781,0.796387,43.730,0.244275,0.900763,-0.145038,224,-62,392
22260,tilt_static,0.638428,0.053711,0.797607,43.706,0.282443,0.977099,-0.053435,224,-62,392
22280,tilt_static,0.637207,0.053223,0.793457,43.768,0.190840,0.961832,-0.099237,224,-61,392
22300,tilt_static,0.639404,0.049805,0.789063,43.754,0.167939,1.030534,-0.106870,224,-61,392
22320,tilt_static,0.637695,0.051514,0.799805,43.721,0.251908,1.068702,-0.160305,224,-61,392
22340,tilt_static,0.638672,0.048828,0.794189,43.736,0.343511,1.061069,-0.099237,224,-61,392
22360,tilt_static,0.639404,0.048828,0.797119,43.724,0.229008,0.938931,-0.045802,224,-63,391
22380,tilt_static,0.638428,0.047607,0.791260,43.709,0.229008,0.931298,-0.038168,224,-63,391
22400,tilt_static,0.640869,0.052246,0.794922,43.742,0.175573,1.198473,-0.076336,224,-63,391
22420,tilt_static,0.639404,0.045166,0.793213,43.733,0.343511,0.992366,-0.045802,224,-62,391
22440,tilt_static,0.637939,0.049072,0.797852,43.715,0.259542,1.076336,-0.114504,224,-62,391
22460,tilt_static,0.641846,0.051758,0.797607,43.701,0.099237,0.969466,-0.061069,224,-62,391
22480,tilt_static,0.643799,0.049805,0.794922,43.701,0.236641,0.923664,-0.106870,224,-62,391
22500,tilt_static,0.638916,0.049805,0.798584,43.701,0.183206,0.923664,-0.091603,223,-63,392
22520,tilt_static,0.641602,0.053711,0.794922,43.689,0.236641,0.969466,-0.091603,223,-63,392
22540,tilt_static,0.639404,0.052002,0.792236,43.751,0.290076,0.931298,0.007634,223,-63,392
22560,tilt_static,0.638428,0.050781,0.796631,43.721,0.335878,1.030534,-0.137405,224,-62,392
22580,tilt_static,0.636230,0.049072,0.793701,43.733,0.190840,0.900763,-0.137405,224,-62,392
22600,tilt_static,0.636475,0.050293,0.794434,43.724,0.183206,0.870229,-0.053435,224,-62,392
22621,tilt_static,0.638184,0.053711,0.787354,43.742,0.221374,1.000000,-0.053435,224,-62,392
22640,tilt_static,0.639404,0.054199,0.791016,43.733,0.167939,1.053435,-0.137405,224,-62,392
22660,tilt_static,0.640381,0.052490,0.796387,43.742,0.274809,0.969466,-0.145038,224,-62,392
22681,tilt_static,0.639648,0.052490,0.791504,43.704,0.229008,1.083969,-0.083969,224,-62,392
22700,tilt_static,0.637939,0.057617,0.794434,43.701,0.160305,0.961832,-0.175573,225,-62,391
22720,tilt_static,0.635986,0.054199,0.792969,43.756,0.244275,0.931298,-0.114504,225,-62,391
22740,tilt_static,0.635498,0.051025,0.800049,43.754,0.213740,1.137405,-0.076336,225,-62,391
22760,tilt_static,0.642578,0.049072,0.795166,43.730,0.267176,0.862595,-0.106870,224,-62,392
22780,tilt_static,0.637207,0.051270,0.790771,43.724,0.229008,0.969466,-0.061069,224,-62,392
22800,tilt_static,0.637451,0.052734,0.793213,43.709,0.221374,0.977099,-0.076336,224,-62,392
22820,tilt_static,0.641602,0.051514,0.796875,43.733,0.236641,0.923664,-0.083969,225,-62,391
22840,tilt_static,0.638916,0.051270,0.799561,43.759,0.198473,1.022901,-0.152672,225,-62,391
22860,tilt_static,0.642578,0.050049,0.794434,43.686,0.312977,0.870229,-0.213740,225,-62,391
22880,tilt_static,0.639160,0.050293,0.794189,43.689,0.221374,1.038168,-0.038168,225,-62,391
22900,tilt_static,0.639404,0.052002,0.788330,43.739,0.145038,1.068702,-0.099237,224,-61,391
22920,tilt_static,0.640625,0.053467,0.796143,43.712,0.206107,0.977099,-0.045802,224,-61,391
22940,tilt_static,0.641602,0.048584,0.796143,43.742,0.137405,0.809160,-0.122137,224,-61,391
22960,tilt_static,0.642334,0.050781,0.795166,43.727,0.175573,0.977099,-0.167939,224,-62,391
22980,tilt_static,0.636963,0.049805,0.788574,43.695,0.251908,0.961832,-0.068702,224,-62,391
23000,tilt_static,0.638184,0.049316,0.789551,43.733,0.274809,0.870229,-0.061069,224,-62,391
23020,tilt_static,0.639404,0.052002,0.797119,43.736,0.129771,0.984733,-0.190840,223,-63,391
23040,tilt_static,0.636719,0.049316,0.791504,43.721,0.152672,0.908397,-0.114504,223,-63,391
23060,tilt_static,0.642578,0.047852,0.796875,43.704,0.259542,0.877863,-0.045802,223,-63,391
23080,tilt_static,0.638184,0.053955,0.791504,43.712,0.221374,0.885496,-0.015267,223,-63,391
23100,tilt_static,0.640381,0.052979,0.793701,43.733,0.152672,0.984733,-0.198473,224,-63,391
23120,tilt_static,0.639893,0.050537,0.794922,43.748,0.221374,0.954198,-0.152672,224,-63,391
23140,tilt_static,0.636963,0.048340,0.798584,43.692,0.320611,0.923664,-0.106870,224,-63,391
23160,tilt_static,0.640625,0.050537,0.791016,43.745,0.312977,0.885496,-0.068702,223,-62,391
23180,tilt_static,0.642578,0.048828,0.798340,43.721,0.206107,0.801527,-0.061069,223,-62,391
23200,tilt_static,0.635742,0.052002,0.800537,43.724,0.183206,0.954198,-0.160305,223,-62,391
23220,tilt_static,0.637695,0.053955,0.797363,43.721,0.229008,0.938931,-0.129771,223,-63,391
23240,tilt_static,0.641602,0.049805,0.796875,43.739,0.259542,1.091603,-0.099237,223,-63,391
23261,tilt_static,0.637939,0.049316,0.792969,43.727,0.145038,0.984733,-0.083969,223,-63,391
23280,tilt_static,0.632813,0.052002,0.795654,43.721,0.274809,0.877863,-0.137405,223,-63,391
23300,tilt_static,0.635986,0.051025,0.797607,43.724,0.251908,1.045802,-0.053435,222,-63,391
23321,tilt_static,0.636963,0.051270,0.795898,43.704,0.229008,0.992366,-0.114504,222,-63,391
23340,tilt_static,0.636963,0.051758,0.796631,43.709,0.251908,1.022901,-0.167939,222,-63,391
23360,tilt_static,0.634766,0.050049,0.792969,43.715,0.213740,0.839695,0.030534,224,-62,391
23380,tilt_static,0.638672,0.049072,0.796631,43.721,0.213740,0.847328,-0.091603,224,-62,391
23400,tilt_static,0.638184,0.049805,0.789307,43.730,0.229008,0.969466,-0.251908,224,-62,391
23420,tilt_static,0.636475,0.047363,0.792725,43.724,0.244275,0.984733,-0.015267,224,-61,391
23440,tilt_static,0.633057,0.048584,0.795166,43.727,0.198473,1.045802,-0.145038,224,-61,392
23460,tilt_static,0.637207,0.049805,0.789307,43.751,0.083969,0.847328,-0.152672,224,-61,392
23480,tilt_static,0.637939,0.045654,0.794434,43.733,0.236641,0.893130,0.007634,224,-61,392
23500,tilt_static,0.639893,0.051270,0.791504,43.712,0.160305,0.992366,0.022901,224,-63,391
23520,tilt_static,0.641602,0.051758,0.796875,43.718,0.221374,0.832061,-0.053435,224,-63,391
23540,tilt_static,0.634521,0.050049,0.794922,43.715,0.229008,0.984733,-0.099237,224,-63,391
23560,tilt_static,0.643066,0.051514,0.797363,43.704,0.206107,1.000000,-0.160305,224,-62,392
23580,tilt_static,0.637451,0.051514,0.796143,43.704,0.267176,1.015267,-0.022901,224,-62,392
23600,tilt_static,0.639648,0.052002,0.799316,43.724,0.259542,1.000000,-0.022901,224,-62,392
23620,tilt_static,0.634033,0.050781,0.789307,43.712,0.251908,0.984733,-0.091603,224,-62,392
23640,tilt_static,0.639648,0.050293,0.795166,43.730,0.259542,0.893130,-0.045802,225,-63,392
23660,tilt_static,0.637451,0.049316,0.798828,43.718,0.213740,0.992366,-0.122137,225,-63,392
23680,tilt_static,0.641602,0.050781,0.794189,43.698,0.213740,0.862595,-0.152672,225,-63,392
23700,tilt_static,0.638184,0.053711,0.795166,43.701,0.229008,0.946565,-0.038168,224,-62,392
23720,tilt_static,0.636475,0.050049,0.798340,43.721,0.267176,0.954198,-0.160305,224,-62,392
23740,tilt_static,0.638916,0.045898,0.786865,43.698,0.221374,0.900763,-0.045802,224,-62,392
23760,tilt_static,0.635010,0.050781,0.799805,43.715,0.221374,1.030534,-0.083969,224,-62,392
23780,tilt_static,0.641846,0.052490,0.793213,43.706,0.190840,0.992366,-0.068702,224,-62,392
23800,tilt_static,0.636963,0.050781,0.791992,43.727,0.190840,0.938931,-0.129771,224,-62,392
23820,tilt_static,0.639404,0.047852,0.789307,43.715,0.183206,0.793893,-0.083969,224,-62,392
23840,tilt_static,0.637207,0.049805,0.797607,43.721,0.290076,0.916031,-0.137405,224,-62,393
23860,tilt_static,0.640137,0.050293,0.798584,43.715,0.290076,0.946565,0.007634,224,-62,393
23880,tilt_static,0.638916,0.053955,0.798096,43.721,0.221374,0.961832,0.045802,224,-62,393
23900,tilt_static,0.639160,0.052490,0.794434,43.727,0.236641,1.038168,-0.167939,224,-62,391
23920,tilt_static,0.637695,0.048828,0.793701,43.724,0.267176,0.900763,-0.221374,224,-62,391
23940,tilt_static,0.637695,0.049561,0.794189,43.742,0.198473,0.870229,-0.038168,224,-62,391
23960,tilt_static,0.639404,0.050781,0.791748,43.739,0.251908,0.946565,-0.175573,224,-62,392
23980,tilt_static,0.635986,0.048584,0.793945,43.745,0.236641,1.015267,-0.091603,224,-62,392
24000,tilt_static,0.640625,0.049805,0.794678,43.727,0.343511,1.099237,-0.061069,224,-62,392
24020,tilt_static,0.637451,0.054688,0.801758,43.721,0.290076,1.000000,0.038168,224,-62,392
24040,tilt_static,0.634277,0.049072,0.793945,43.718,0.167939,1.145038,-0.152672,223,-62,392
24061,tilt_static,0.641357,0.050049,0.791748,43.727,0.290076,1.000000,-0.007634,223,-62,392
24080,tilt_static,0.640625,0.050537,0.796143,43.709,0.229008,0.908397,-0.099237,223,-62,392
24100,tilt_static,0.641357,0.045898,0.790283,43.733,0.244275,1.045802,-0.045802,223,-63,391
24121,tilt_static,0.639893,0.050049,0.799316,43.715,0.183206,0.900763,-0.091603,223,-63,391
24140,tilt_static,0.637451,0.053467,0.797363,43.668,0.221374,0.900763,-0.068702,223,-63,391
24160,tilt_static,0.636230,0.052734,0.792236,43.712,0.267176,1.061069,-0.053435,224,-63,392
24180,tilt_static,0.642334,0.048340,0.799072,43.698,0.160305,1.007634,0.007634,224,-63,392
24200,tilt_static,0.639893,0.049561,0.790771,43.733,0.251908,1.007634,-0.038168,224,-63,392
24220,tilt_static,0.634766,0.051514,0.796631,43.724,0.190840,1.022901,-0.076336,224,-63,392
24240,tilt_static,0.641357,0.049805,0.799072,43.706,0.175573,0.916031,-0.061069,224,-62,392
24260,tilt_static,0.635498,0.049316,0.799316,43.709,0.175573,0.954198,-0.061069,224,-62,392
24280,tilt_static,0.639648,0.049316,0.796631,43.709,0.175573,0.900763,-0.053435,224,-62,392
24300,tilt_static,0.636719,0.051514,0.798828,43.706,0.190840,0.900763,0.015267,224,-62,391
24320,tilt_static,0.637695,0.056885,0.794189,43.742,0.175573,0.916031,-0.183206,224,-62,391
24340,tilt_static,0.636475,0.051758,0.798584,43.724,0.206107,1.045802,-0.122137,224,-62,391
24360,tilt_static,0.634033,0.050049,0.790039,43.718,0.175573,0.877863,-0.038168,224,-62,391
24380,tilt_static,0.636963,0.048584,0.792725,43.733,0.152672,1.007634,-0.198473,224,-62,391
24400,tilt_static,0.640137,0.049805,0.792236,43.721,0.274809,1.030534,-0.030534,224,-62,391
24420,tilt_static,0.634521,0.050781,0.787842,43.692,0.213740,0.961832,-0.183206,224,-62,391
24440,tilt_static,0.636475,0.053955,0.794922,43.692,0.206107,0.961832,-0.114504,225,-61,393
24460,tilt_static,0.637939,0.049316,0.795166,43.718,0.274809,0.931298,-0.106870,225,-61,393
24480,tilt_static,0.638916,0.049805,0.799316,43.718,0.236641,0.847328,-0.022901,225,-61,393
24500,tilt_static,0.633789,0.054199,0.791016,43.733,0.167939,0.977099,-0.137405,224,-62,392
24520,tilt_static,0.636963,0.052246,0.794922,43.695,0.229008,0.900763,-0.022901,224,-62,392
24540,tilt_static,0.641357,0.052246,0.793213,43.721,0.175573,0.931298,-0.038168,224,-62,392
24560,tilt_static,0.640137,0.048828,0.791992,43.721,0.267176,0.893130,-0.152672,224,-62,392
24580,tilt_static,0.639160,0.049561,0.791504,43.727,0.320611,0.893130,-0.076336,224,-63,391
24600,tilt_static,0.635254,0.052002,0.796387,43.730,0.244275,1.053435,-0.152672,224,-63,391
24620,tilt_static,0.644531,0.053223,0.796143,43.724,0.213740,0.885496,-0.083969,224,-63,391
24640,tilt_static,0.641846,0.049316,0.796631,43.709,0.145038,0.824428,-0.129771,223,-62,391
24660,tilt_static,0.634766,0.048584,0.794434,43.733,0.236641,0.969466,-0.007634,223,-62,391
24680,tilt_static,0.636963,0.050781,0.794189,43.706,0.160305,1.053435,-0.206107,223,-62,391
24701,tilt_static,0.640381,0.049316,0.789551,43.701,0.198473,1.045802,-0.068702,223,-63,392
24720,tilt_static,0.638184,0.048584,0.797119,43.718,0.206107,0.877863,0.007634,223,-63,392
24740,tilt_static,0.641357,0.048584,0.795654,43.724,0.274809,0.977099,-0.190840,223,-63,392
24761,tilt_static,0.642090,0.051025,0.799316,43.715,0.274809,1.045802,-0.145038,223,-63,392
24780,tilt_static,0.636475,0.054443,0.794922,43.704,0.198473,0.870229,-0.038168,224,-62,391
24800,tilt_static,0.636719,0.053467,0.794678,43.698,0.160305,1.045802,-0.221374,224,-62,391
24820,tilt_static,0.639404,0.053467,0.801025,43.692,0.206107,1.114504,-0.076336,224,-62,391
24840,tilt_static,0.639893,0.051270,0.794434,43.724,0.198473,0.923664,-0.022901,223,-61,390
24860,tilt_static,0.639893,0.046631,0.789795,43.724,0.236641,0.854962,-0.122137,223,-61,390
24880,tilt_static,0.638916,0.048096,0.796631,43.698,0.229008,0.900763,0.000000,223,-61,390
24900,tilt_static,0.638672,0.047363,0.794434,43.715,0.335878,1.007634,-0.152672,224,-63,392
24920,tilt_static,0.642090,0.050293,0.791504,43.689,0.236641,0.900763,-0.106870,224,-63,392
24940,tilt_static,0.641113,0.053223,0.794189,43.727,0.145038,0.977099,-0.175573,224,-63,392
24960,tilt_static,0.640381,0.052246,0.793213,43.736,0.236641,1.038168,-0.099237,224,-63,392
24980,tilt_static,0.637939,0.052002,0.799805,43.724,0.236641,1.000000,-0.061069,223,-62,392
25000,tilt_static,0.638428,0.047363,0.799316,43.701,0.198473,0.885496,-0.099237,223,-62,392
25020,tilt_static,0.635986,0.054443,0.796631,43.704,0.145038,1.068702,-0.099237,223,-62,392
25040,tilt_static,0.638428,0.050049,0.792969,43.718,0.206107,1.068702,-0.167939,224,-63,391
25060,tilt_static,0.637695,0.049805,0.796143,43.727,0.213740,1.061069,-0.190840,224,-63,391
25080,tilt_static,0.639648,0.050293,0.793213,43.709,0.206107,1.000000,-0.206107,224,-63,391
25100,tilt_static,0.640137,0.053467,0.801514,43.736,0.175573,1.030534,-0.137405,224,-62,390
25120,tilt_static,0.635986,0.052734,0.794678,43.745,0.221374,0.984733,-0.221374,224,-62,390
25140,tilt_static,0.634766,0.052734,0.795898,43.695,0.305344,1.022901,-0.099237,224,-62,390
25160,tilt_static,0.635254,0.050537,0.796387,43.712,0.190840,0.893130,-0.038168,224,-62,390
25180,tilt_static,0.640381,0.051514,0.792969,43.718,0.190840,0.977099,-0.167939,224,-62,393
25200,tilt_static,0.641602,0.054199,0.801514,43.718,0.305344,0.977099,-0.129771,224,-62,393
25220,tilt_static,0.635742,0.051270,0.793701,43.745,0.236641,1.030534,-0.091603,224,-62,393
25240,tilt_static,0.639160,0.048584,0.789063,43.718,0.251908,0.900763,-0.076336,223,-63,392
25260,tilt_static,0.636230,0.053223,0.797119,43.736,0.244275,0.992366,-0.068702,223,-63,392
25280,tilt_static,0.636230,0.052002,0.796143,43.724,0.160305,0.984733,-0.129771,223,-63,392
25300,tilt_static,0.637939,0.052979,0.799072,43.730,0.236641,0.854962,-0.068702,223,-62,391
25320,tilt_static,0.638916,0.051758,0.790771,43.733,0.236641,1.038168,-0.038168,223,-62,391
25340,tilt_static,0.638672,0.049805,0.794189,43.677,0.267176,0.938931,-0.061069,223,-62,391
25360,tilt_static,0.638428,0.049072,0.792480,43.712,0.244275,0.938931,-0.068702,223,-62,391
25380,tilt_static,0.638672,0.054932,0.795166,43.692,0.183206,0.969466,-0.129771,224,-63,390
25400,tilt_static,0.638916,0.053223,0.792236,43.692,0.221374,0.832061,-0.061069,224,-63,390
25420,tilt_static,0.643799,0.051025,0.794678,43.718,0.198473,0.954198,-0.160305,224,-63,390
25440,tilt_static,0.638184,0.049072,0.796631,43.701,0.206107,0.931298,-0.167939,223,-62,391
25460,tilt_static,0.636230,0.055176,0.798340,43.715,0.244275,0.954198,-0.106870,223,-62,391
25480,tilt_static,0.639404,0.052246,0.798096,43.704,0.251908,0.938931,-0.007634,223,-62,391
25501,tilt_static,0.638184,0.051270,0.794189,43.754,0.267176,0.938931,-0.045802,224,-62,391
25520,tilt_static,0.639160,0.051514,0.791016,43.739,0.221374,0.946565,-0.038168,224,-62,391
25540,tilt_static,0.635254,0.051514,0.789307,43.692,0.267176,0.954198,-0.068702,224,-62,391
25561,tilt_static,0.641846,0.052246,0.794678,43.724,0.282443,0.938931,-0.114504,224,-62,391
25580,tilt_static,0.635742,0.049805,0.792725,43.695,0.137405,0.877863,-0.068702,225,-61,391
25600,tilt_static,0.640869,0.050293,0.795898,43.742,0.190840,1.038168,-0.099237,225,-61,391
25621,tilt_static,0.639160,0.052734,0.794922,43.709,0.183206,1.000000,-0.183206,225,-61,391
25640,tilt_static,0.639160,0.052734,0.796387,43.692,0.175573,1.030534,-0.061069,223,-62,391
25660,tilt_static,0.640869,0.047607,0.802734,43.718,0.229008,0.938931,-0.221374,223,-62,391
25680,tilt_static,0.638184,0.050781,0.798584,43.736,0.335878,0.816794,-0.076336,223,-62,391
25700,tilt_static,0.638916,0.046875,0.799316,43.733,0.274809,0.961832,-0.114504,223,-62,391
25720,tilt_static,0.638672,0.052979,0.799805,43.724,0.129771,0.954198,-0.091603,224,-61,392
25740,tilt_static,0.638916,0.054199,0.797852,43.727,0.297710,0.977099,-0.038168,224,-61,392
25760,tilt_static,0.635254,0.052002,0.799072,43.718,0.175573,1.015267,-0.061069,224,-61,392
25780,tilt_static,0.636719,0.049561,0.793945,43.751,0.251908,0.870229,-0.083969,225,-63,392
25800,tilt_static,0.640137,0.053711,0.802002,43.712,0.244275,0.961832,-0.114504,225,-63,392
25820,tilt_static,0.641357,0.049561,0.793457,43.730,0.160305,0.885496,-0.137405,225,-63,392
25840,tilt_static,0.638428,0.049561,0.795166,43.715,0.221374,0.839695,-0.068702,224,-62,392
25860,tilt_static,0.638916,0.053955,0.797852,43.730,0.259542,0.961832,-0.045802,224,-62,392
25880,tilt_static,0.637451,0.052246,0.801270,43.733,0.152672,0.870229,-0.229008,224,-62,392
25900,tilt_static,0.639648,0.050293,0.792236,43.721,0.183206,0.992366,-0.167939,224,-62,392
25920,tilt_static,0.639648,0.051025,0.797852,43.706,0.274809,0.923664,-0.099237,225,-62,392
25940,tilt_static,0.633789,0.049561,0.790283,43.718,0.183206,1.000000,-0.022901,225,-62,392
25960,tilt_static,0.640869,0.050049,0.792480,43.706,0.251908,0.877863,-0.076336,225,-62,392
25980,tilt_static,0.635254,0.050049,0.789551,43.730,0.183206,1.030534,-0.015267,223,-61,392
26000,tilt_static,0.639648,0.051758,0.794922,43.756,0.221374,1.030534,-0.106870,223,-61,392
26020,tilt_static,0.635254,0.046875,0.797852,43.704,0.206107,0.854962,-0.091603,223,-61,392
26040,tilt_static,0.634277,0.048340,0.793701,43.712,0.160305,0.938931,-0.106870,224,-62,392
26060,tilt_static,0.636230,0.048584,0.791992,43.715,0.267176,0.908397,-0.129771,224,-62,392
26080,tilt_static,0.639404,0.050537,0.797363,43.709,0.320611,0.984733,-0.076336,224,-62,392
26100,tilt_static,0.637451,0.050293,0.793213,43.698,0.160305,1.022901,-0.129771,224,-62,392
26120,tilt_static,0.637939,0.052246,0.798340,43.683,0.267176,0.916031,-0.091603,223,-62,391
26141,tilt_static,0.638916,0.051025,0.795410,43.724,0.221374,1.022901,-0.183206,223,-62,391
26160,tilt_static,0.637451,0.046143,0.794434,43.701,0.183206,0.923664,-0.083969,223,-62,391
26180,tilt_static,0.637451,0.052246,0.796387,43.727,0.190840,0.900763,-0.068702,223,-63,392
26201,tilt_static,0.636719,0.049072,0.793457,43.709,0.221374,1.045802,-0.038168,223,-63,392
26220,tilt_static,0.638184,0.049316,0.793213,43.745,0.183206,0.908397,-0.114504,223,-63,392
26240,tilt_static,0.638184,0.049316,0.794678,43.689,0.305344,0.969466,-0.015267,224,-61,390
26260,tilt_static,0.640869,0.051270,0.796875,43.730,0.190840,1.091603,-0.145038,224,-61,390
26280,tilt_static,0.636719,0.051758,0.799561,43.724,0.244275,0.938931,-0.030534,224,-61,390
26300,tilt_static,0.640137,0.049316,0.792969,43.706,0.183206,0.923664,-0.068702,224,-61,390
26320,tilt_static,0.635010,0.050049,0.794922,43.736,0.259542,0.877863,-0.068702,224,-62,390
26340,tilt_static,0.635254,0.048096,0.800293,43.704,0.320611,0.946565,-0.083969,224,-62,390
26360,tilt_static,0.640625,0.053955,0.789795,43.721,0.297710,0.961832,-0.114504,224,-62,390
26380,tilt_static,0.635742,0.049316,0.799316,43.715,0.175573,0.954198,0.007634,224,-62,392
26400,tilt_static,0.634766,0.048340,0.799805,43.715,0.274809,1.007634,-0.122137,224,-62,392
26420,tilt_static,0.638184,0.051025,0.794678,43.709,0.282443,0.923664,-0.091603,224,-62,392
26440,tilt_static,0.637939,0.050049,0.798096,43.712,0.290076,0.969466,-0.076336,223,-62,391
26460,tilt_static,0.634766,0.049072,0.792480,43.718,0.374046,0.946565,-0.061069,223,-62,391
26480,tilt_static,0.636963,0.049805,0.799561,43.706,0.190840,0.946565,-0.083969,223,-62,391
26500,tilt_static,0.640625,0.048584,0.792725,43.718,0.244275,0.946565,-0.053435,223,-62,391
26520,tilt_static,0.637939,0.048828,0.796387,43.698,0.190840,1.106870,-0.167939,223,-62,391
26540,tilt_static,0.639648,0.052734,0.788330,43.695,0.251908,0.984733,-0.137405,223,-62,391
26560,tilt_static,0.641113,0.054199,0.800537,43.733,0.236641,1.099237,-0.091603,223,-62,391
26580,tilt_static,0.637207,0.051758,0.794189,43.742,0.206107,0.885496,-0.106870,224,-62,391
26600,tilt_static,0.641602,0.050293,0.792480,43.715,0.251908,0.923664,-0.076336,224,-62,391
26620,tilt_static,0.636230,0.050049,0.802246,43.721,0.244275,0.984733,-0.061069,224,-62,391
26640,tilt_static,0.640869,0.051270,0.787842,43.704,0.251908,0.938931,-0.030534,224,-62,391
26660,tilt_static,0.639648,0.049316,0.795410,43.718,0.259542,0.954198,-0.099237,225,-63,392
26680,tilt_static,0.637451,0.054688,0.799072,43.695,0.167939,1.015267,-0.076336,225,-63,392
26700,tilt_static,0.637939,0.052979,0.792480,43.698,0.244275,0.931298,-0.137405,225,-63,392
26720,tilt_static,0.632813,0.049316,0.796875,43.712,0.297710,0.916031,-0.137405,224,-63,391
26740,tilt_static,0.636719,0.052490,0.798340,43.730,0.297710,0.954198,-0.160305,224,-63,391
26760,tilt_static,0.636963,0.050049,0.802490,43.709,0.099237,0.977099,0.000000,224,-63,391
26780,tilt_static,0.641602,0.051025,0.793213,43.742,0.320611,0.832061,-0.022901,223,-62,392
26800,tilt_static,0.635986,0.052246,0.793457,43.727,0.198473,0.954198,-0.099237,223,-62,392
26820,tilt_static,0.635254,0.049316,0.789551,43.695,0.198473,0.961832,-0.076336,223,-62,392
26840,tilt_static,0.640869,0.046875,0.798828,43.689,0.160305,0.908397,-0.030534,223,-62,392
26860,tilt_static,0.634521,0.052002,0.792236,43.706,0.190840,0.938931,-0.145038,223,-63,392
26880,tilt_static,0.638184,0.053223,0.794189,43.739,0.221374,0.961832,-0.053435,223,-63,392
26900,tilt_static,0.638184,0.047852,0.798096,43.733,0.206107,1.038168,-0.145038,223,-63,392
26920,tilt_static,0.638184,0.052490,0.788818,43.718,0.229008,0.885496,0.007634,224,-62,392
26940,tilt_static,0.635254,0.049316,0.792725,43.733,0.251908,0.862595,-0.160305,224,-62,392
26960,tilt_static,0.639648,0.054443,0.790283,43.721,0.091603,1.122137,-0.137405,224,-62,392
26980,tilt_static,0.637207,0.049561,0.798096,43.733,0.145038,0.984733,-0.091603,223,-62,392
27001,tilt_static,0.637695,0.051514,0.787842,43.733,0.229008,1.022901,-0.145038,223,-62,392
27020,tilt_static,0.640137,0.052979,0.798096,43.727,0.297710,0.877863,-0.122137,223,-62,392
27040,tilt_static,0.636963,0.048828,0.791260,43.739,0.206107,1.083969,-0.137405,223,-62,392
27060,tilt_static,0.640381,0.049805,0.793945,43.730,0.335878,0.885496,-0.007634,224,-62,392
27080,tilt_static,0.638916,0.052490,0.801514,43.730,0.244275,1.076336,-0.053435,224,-62,392
27100,tilt_static,0.640869,0.056152,0.789063,43.724,0.236641,1.015267,-0.190840,224,-62,392
27120,tilt_static,0.636719,0.046875,0.794189,43.742,0.206107,0.946565,-0.091603,224,-62,391
27140,tilt_static,0.639160,0.049561,0.794434,43.715,0.198473,0.984733,-0.198473,224,-62,391
27160,tilt_static,0.636475,0.049805,0.796143,43.698,0.290076,0.908397,-0.122137,224,-62,391
27180,tilt_static,0.638428,0.050293,0.788574,43.721,0.213740,0.946565,-0.030534,224,-63,392
27200,tilt_static,0.640137,0.052002,0.801758,43.718,0.267176,0.954198,-0.038168,224,-63,392
27220,tilt_static,0.637939,0.052002,0.800293,43.742,0.114504,1.007634,-0.160305,224,-63,392
27240,tilt_static,0.636963,0.049805,0.787842,43.733,0.213740,0.954198,-0.076336,224,-63,392
27260,tilt_static,0.636475,0.051270,0.801758,43.701,0.251908,0.992366,-0.114504,224,-62,392
27280,tilt_static,0.634766,0.055176,0.790527,43.701,0.274809,0.946565,-0.053435,224,-62,392
27300,tilt_static,0.639893,0.048096,0.791504,43.718,0.236641,0.923664,-0.129771,224,-62,392
27320,tilt_static,0.641113,0.048584,0.795898,43.706,0.221374,0.954198,-0.030534,223,-62,391
27340,tilt_static,0.639893,0.052979,0.797852,43.709,0.259542,0.877863,-0.015267,223,-62,391
27360,tilt_static,0.637207,0.047852,0.793701,43.689,0.229008,0.977099,-0.122137,223,-62,391
27380,tilt_static,0.643066,0.052246,0.798584,43.724,0.267176,0.877863,-0.061069,224,-62,392
27400,tilt_static,0.633545,0.049316,0.793701,43.706,0.267176,1.038168,-0.076336,224,-62,392
27420,tilt_static,0.639648,0.050293,0.793701,43.712,0.251908,0.916031,-0.091603,224,-62,392
27440,tilt_static,0.642578,0.049805,0.799316,43.706,0.190840,0.908397,-0.022901,224,-62,392
27460,tilt_static,0.637451,0.052002,0.792969,43.701,0.229008,1.000000,-0.099237,224,-62,392
27480,tilt_static,0.642334,0.054688,0.795410,43.748,0.206107,0.969466,-0.038168,224,-62,392
27500,tilt_static,0.637451,0.050781,0.798828,43.721,0.221374,0.946565,-0.091603,224,-62,392
27520,tilt_static,0.635498,0.050049,0.800049,43.715,0.236641,0.916031,-0.061069,224,-62,391
27540,tilt_static,0.640869,0.049072,0.793457,43.709,0.259542,0.954198,-0.206107,224,-62,391
27560,tilt_static,0.639160,0.046387,0.792236,43.727,0.221374,1.053435,-0.083969,224,-62,391
27580,tilt_static,0.638672,0.051025,0.794922,43.733,0.290076,0.877863,-0.068702,224,-62,391
27600,tilt_static,0.639648,0.046875,0.797852,43.686,0.244275,0.992366,-0.099237,225,-62,391
27620,tilt_static,0.638184,0.048096,0.791260,43.698,0.229008,1.053435,-0.061069,225,-62,391
27641,tilt_static,0.638916,0.049316,0.800293,43.692,0.290076,0.893130,-0.038168,225,-62,391
27660,tilt_static,0.640381,0.048828,0.797852,43.704,0.290076,0.885496,-0.152672,223,-63,391
27680,tilt_static,0.637695,0.052002,0.797852,43.742,0.305344,0.961832,-0.076336,223,-63,391
27701,tilt_static,0.636963,0.050293,0.796631,43.715,0.236641,0.946565,-0.137405,223,-63,391
27720,tilt_static,0.640381,0.054688,0.792969,43.712,0.267176,0.916031,-0.076336,225,-63,391
27740,tilt_static,0.636719,0.051025,0.791016,43.724,0.221374,1.053435,-0.091603,225,-63,391
27760,tilt_static,0.640381,0.050537,0.794922,43.698,0.221374,1.022901,-0.068702,225,-63,391
27780,tilt_static,0.635986,0.050537,0.799072,43.706,0.267176,0.946565,-0.030534,225,-63,391
27800,tilt_static,0.635010,0.051025,0.791748,43.709,0.183206,0.908397,-0.152672,223,-63,390
27820,tilt_static,0.640381,0.046143,0.796143,43.698,0.160305,0.954198,-0.198473,223,-63,390
27840,tilt_static,0.636963,0.046631,0.795898,43.721,0.221374,0.908397,-0.137405,223,-63,390
27860,tilt_static,0.633545,0.053467,0.792969,43.718,0.259542,1.000000,-0.190840,224,-62,392
27880,tilt_static,0.638428,0.052490,0.788574,43.698,0.190840,0.961832,-0.114504,224,-62,392
27900,tilt_static,0.639404,0.050537,0.796143,43.730,0.297710,0.862595,-0.083969,224,-62,392
27920,tilt_static,0.635986,0.054688,0.798340,43.709,0.198473,0.877863,-0.068702,224,-62,392
27940,tilt_static,0.637207,0.048340,0.797119,43.701,0.229008,0.977099,-0.167939,224,-62,392
27960,tilt_static,0.640137,0.051025,0.799561,43.674,0.167939,0.809160,-0.114504,224,-62,392
27980,tilt_static,0.637451,0.052979,0.791504,43.724,0.206107,0.900763,-0.129771,224,-62,392
28000,tilt_static,0.638672,0.050049,0.796143,43.727,0.099237,1.015267,-0.160305,223,-62,393
28020,tilt_static,0.640381,0.050537,0.797363,43.727,0.137405,0.832061,-0.114504,223,-62,393
28040,tilt_static,0.638916,0.056641,0.789063,43.701,0.175573,0.854962,-0.007634,223,-62,393
28060,tilt_static,0.636475,0.052002,0.791748,43.706,0.267176,0.984733,0.068702,224,-64,391
28080,tilt_static,0.635498,0.048340,0.797607,43.724,0.236641,0.961832,-0.122137,224,-64,391
28100,tilt_static,0.639160,0.051270,0.794189,43.730,0.213740,0.893130,-0.137405,224,-64,391
28120,tilt_static,0.639160,0.050537,0.796143,43.724,0.259542,0.938931,-0.183206,224,-60,392
28140,tilt_static,0.640869,0.050537,0.792969,43.695,0.251908,0.977099,-0.106870,224,-60,392
28160,tilt_static,0.639893,0.051514,0.796143,43.745,0.290076,0.931298,-0.091603,224,-60,392
28180,tilt_static,0.643066,0.049072,0.791748,43.715,0.122137,0.969466,-0.160305,224,-60,392
28200,tilt_static,0.640625,0.052002,0.795166,43.718,0.183206,0.793893,-0.053435,224,-63,390
28220,tilt_static,0.638428,0.052734,0.792725,43.724,0.152672,1.022901,-0.038168,224,-63,390
28240,tilt_static,0.637207,0.053223,0.794189,43.704,0.244275,0.992366,-0.045802,224,-63,390
28260,tilt_static,0.634033,0.051025,0.791016,43.718,0.320611,1.007634,-0.076336,222,-61,390
28280,tilt_static,0.637207,0.051514,0.794189,43.718,0.236641,0.916031,-0.045802,222,-61,390
28300,tilt_static,0.638672,0.050537,0.790771,43.721,0.190840,0.961832,-0.099237,222,-61,390
28320,tilt_static,0.638184,0.051514,0.793213,43.689,0.274809,1.000000,-0.145038,224,-63,393
28340,tilt_static,0.635986,0.051270,0.798340,43.695,0.221374,0.854962,0.030534,224,-63,393
28360,tilt_static,0.637451,0.054443,0.798340,43.727,0.167939,0.923664,-0.076336,224,-63,393
28380,tilt_static,0.635986,0.048828,0.791748,43.724,0.244275,0.931298,-0.068702,224,-63,393
28400,tilt_static,0.636230,0.054688,0.800049,43.709,0.221374,1.000000,-0.198473,224,-61,391
28420,tilt_static,0.640137,0.052246,0.797119,43.721,0.251908,1.091603,-0.114504,224,-61,391
28441,tilt_static,0.637207,0.050781,0.792480,43.721,0.221374,0.984733,-0.129771,224,-61,391
28460,tilt_static,0.637451,0.048828,0.789063,43.736,0.213740,0.984733,-0.160305,224,-63,391
28480,tilt_static,0.640381,0.053711,0.794189,43.709,0.221374,0.977099,-0.137405,224,-63,391
28501,tilt_static,0.640869,0.050781,0.797607,43.721,0.129771,0.931298,-0.030534,224,-63,391
28520,tilt_static,0.639160,0.053467,0.795654,43.701,0.229008,0.854962,-0.106870,224,-61,392
28540,tilt_static,0.636963,0.048584,0.782715,43.718,0.152672,1.076336,-0.091603,224,-61,392
28560,tilt_static,0.638428,0.050293,0.793213,43.739,0.259542,0.931298,-0.145038,224,-61,392
28580,tilt_static,0.638916,0.048096,0.798828,43.683,0.274809,0.969466,-0.038168,224,-61,392
28600,tilt_static,0.637451,0.048340,0.793701,43.709,0.175573,0.992366,-0.137405,223,-61,391
28620,tilt_static,0.636963,0.052490,0.788818,43.721,0.175573,0.770992,0.030534,223,-61,391
28640,tilt_static,0.638428,0.051758,0.793945,43.718,0.190840,0.961832,-0.320611,223,-61,391
28660,tilt_static,0.638428,0.050781,0.795654,43.718,0.145038,0.946565,-0.160305,223,-63,390
28680,tilt_static,0.643311,0.050537,0.793945,43.709,0.229008,0.954198,-0.061069,223,-63,390
28700,tilt_static,0.638672,0.052490,0.793701,43.739,0.198473,0.832061,0.022901,223,-63,390
28720,tilt_static,0.640625,0.046143,0.796631,43.724,0.160305,0.938931,-0.114504,223,-63,390
28740,tilt_static,0.635254,0.051514,0.795654,43.727,0.183206,1.015267,-0.099237,224,-62,391
28760,tilt_static,0.642090,0.051025,0.792480,43.718,0.167939,1.022901,-0.045802,224,-62,391
28780,tilt_static,0.642822,0.051514,0.790771,43.721,0.213740,0.938931,-0.167939,224,-62,391
28800,tilt_static,0.636475,0.049072,0.792725,43.715,0.167939,0.977099,-0.045802,224,-63,391
28820,tilt_static,0.636719,0.052979,0.792725,43.695,0.259542,1.053435,-0.106870,224,-63,391
28840,tilt_static,0.639893,0.055908,0.795898,43.727,0.236641,1.015267,-0.129771,224,-63,391
28860,tilt_static,0.638672,0.050537,0.795410,43.754,0.267176,0.992366,-0.145038,223,-62,390
28880,tilt_static,0.633789,0.052734,0.788574,43.698,0.167939,1.015267,-0.045802,223,-62,390
28900,tilt_static,0.636719,0.049072,0.795410,43.698,0.183206,1.022901,-0.045802,223,-62,390
28920,tilt_static,0.640869,0.050781,0.799805,43.715,0.305344,1.076336,-0.114504,223,-62,390
28940,tilt_static,0.636963,0.046875,0.793701,43.709,0.221374,1.038168,-0.083969,223,-63,390
28960,tilt_static,0.641113,0.051025,0.798828,43.706,0.221374,0.916031,-0.167939,223,-63,390
28980,tilt_static,0.636963,0.050781,0.796143,43.709,0.282443,1.022901,-0.053435,223,-63,390
29000,tilt_static,0.639893,0.050537,0.790771,43.733,0.129771,0.900763,0.007634,225,-62,391
29020,tilt_static,0.640137,0.049072,0.793701,43.712,0.221374,1.030534,-0.267176,225,-62,391
29040,tilt_static,0.642334,0.049072,0.791260,43.692,0.320611,0.809160,-0.099237,225,-62,391
29060,tilt_static,0.633789,0.048828,0.794434,43.742,0.229008,1.038168,0.015267,224,-62,391
29081,tilt_static,0.637451,0.050293,0.787109,43.715,0.274809,0.954198,0.022901,224,-62,391
29100,tilt_static,0.638428,0.051758,0.796387,43.730,0.297710,1.015267,-0.106870,224,-62,391
29120,tilt_static,0.637695,0.050049,0.789795,43.733,0.213740,0.916031,-0.083969,224,-62,391
29141,tilt_static,0.637451,0.051514,0.797119,43.748,0.213740,0.938931,-0.068702,223,-62,390
29160,tilt_static,0.639160,0.051270,0.797119,43.718,0.282443,0.946565,-0.076336,223,-62,390
29180,tilt_static,0.638428,0.049805,0.796875,43.733,0.282443,0.893130,0.061069,223,-62,390
29201,tilt_static,0.638672,0.052490,0.796875,43.671,0.267176,0.946565,-0.030534,223,-61,393
29220,tilt_static,0.640137,0.054443,0.794434,43.724,0.213740,1.015267,-0.076336,223,-61,393
29240,tilt_static,0.638916,0.049805,0.791504,43.721,0.122137,0.908397,-0.114504,223,-61,393
29260,tilt_static,0.634277,0.051514,0.801025,43.730,0.213740,0.893130,-0.091603,224,-62,392
29280,tilt_static,0.639404,0.052734,0.796387,43.724,0.145038,0.931298,-0.076336,224,-62,392
29300,tilt_static,0.639160,0.049072,0.795410,43.718,0.122137,0.900763,-0.038168,224,-62,392
29320,tilt_static,0.643555,0.050293,0.797607,43.709,0.190840,1.007634,-0.145038,224,-62,392
29340,tilt_static,0.635498,0.053467,0.793701,43.712,0.236641,0.992366,-0.129771,223,-61,390
29360,tilt_static,0.635742,0.053223,0.791748,43.727,0.198473,0.961832,-0.122137,223,-61,390
29380,tilt_static,0.636475,0.048828,0.795166,43.709,0.328244,0.854962,-0.030534,223,-61,390
29400,tilt_static,0.638184,0.050781,0.787354,43.704,0.244275,0.809160,-0.167939,224,-62,392
29420,tilt_static,0.637939,0.054932,0.798096,43.698,0.274809,0.809160,-0.137405,224,-62,392
29440,tilt_static,0.639404,0.052246,0.795410,43.712,0.305344,0.885496,-0.068702,224,-62,392
29460,tilt_static,0.636719,0.045166,0.798096,43.706,0.297710,0.916031,-0.076336,224,-62,391
29480,tilt_static,0.635986,0.051270,0.797363,43.709,0.221374,1.061069,-0.114504,224,-62,391
29500,tilt_static,0.638428,0.052979,0.795654,43.706,0.175573,0.969466,-0.076336,224,-62,391
29520,tilt_static,0.636963,0.049072,0.795654,43.748,0.267176,0.977099,-0.167939,224,-62,391
29540,tilt_static,0.637695,0.049561,0.794189,43.706,0.267176,0.969466,-0.022901,223,-62,391
29560,tilt_static,0.640625,0.051025,0.796143,43.706,0.190840,0.931298,-0.099237,223,-62,391
29580,tilt_static,0.639648,0.050293,0.792480,43.715,0.244275,1.000000,-0.015267,223,-62,391
29600,tilt_static,0.639404,0.050293,0.785645,43.706,0.320611,0.946565,-0.007634,224,-63,391
29620,tilt_static,0.634521,0.051270,0.793701,43.721,0.213740,0.992366,-0.068702,224,-63,391
29640,tilt_static,0.640625,0.050537,0.790771,43.736,0.229008,0.954198,-0.015267,224,-63,391
29660,tilt_static,0.638672,0.050781,0.799561,43.704,0.175573,1.030534,-0.022901,224,-63,391
29680,tilt_static,0.637939,0.049561,0.797607,43.709,0.206107,0.969466,-0.038168,224,-63,391
29700,tilt_static,0.640137,0.050781,0.796631,43.712,0.259542,0.908397,-0.129771,224,-63,391
29720,tilt_static,0.638672,0.048584,0.797852,43.745,0.160305,1.015267,-0.114504,224,-63,391
29740,tilt_static,0.637939,0.051270,0.793457,43.727,0.290076,1.030534,-0.076336,223,-62,392
29760,tilt_static,0.637695,0.051025,0.796387,43.715,0.114504,0.984733,-0.091603,223,-62,392
29780,tilt_static,0.636719,0.052979,0.796387,43.706,0.236641,0.946565,-0.045802,223,-62,392
29800,tilt_static,0.638428,0.048828,0.792480,43.739,0.160305,0.832061,0.015267,224,-63,392
29820,tilt_static,0.637207,0.049072,0.797363,43.724,0.282443,0.931298,-0.038168,224,-63,392
29840,tilt_static,0.638672,0.050781,0.795898,43.712,0.229008,1.007634,-0.015267,224,-63,392
29860,tilt_static,0.639893,0.051025,0.802979,43.721,0.236641,0.877863,-0.091603,224,-63,392
29880,tilt_static,0.638184,0.050049,0.792725,43.712,0.183206,0.893130,-0.160305,223,-63,391
29900,tilt_static,0.640137,0.051514,0.793213,43.718,0.206107,0.946565,-0.122137,223,-63,391
29920,tilt_static,0.637939,0.051025,0.790039,43.721,0.152672,0.954198,-0.076336,223,-63,391
29941,tilt_static,0.641357,0.050293,0.795898,43.724,0.259542,1.007634,-0.068702,225,-63,392
29960,tilt_static,0.640137,0.048584,0.796875,43.712,0.244275,0.992366,-0.152672,225,-63,392
29980,tilt_static,0.639404,0.054199,0.795410,43.695,0.259542,0.847328,-0.083969,225,-63,392
30001,tilt_static,0.637939,0.048096,0.796631,43.712,0.183206,0.954198,-0.160305,223,-63,391
30020,tilt_static,0.639648,0.048096,0.793701,43.706,0.282443,0.824428,-0.122137,223,-63,391
30040,tilt_static,0.638428,0.047852,0.793701,43.704,0.236641,0.977099,0.015267,223,-63,391
30060,tilt_static,0.640625,0.045410,0.791260,43.698,0.167939,1.038168,-0.053435,223,-63,391
30080,tilt_static,0.636719,0.050049,0.792480,43.721,0.167939,1.099237,-0.137405,224,-62,390
30100,tilt_static,0.639893,0.050049,0.786621,43.701,0.183206,1.030534,-0.160305,224,-62,390
30120,tilt_static,0.637939,0.049316,0.787842,43.706,0.198473,1.015267,-0.221374,224,-62,390
30140,tilt_static,0.635986,0.049316,0.796387,43.736,0.213740,0.946565,-0.206107,224,-62,392
30160,tilt_static,0.642822,0.048584,0.797363,43.709,0.183206,0.992366,0.000000,224,-62,392
30180,tilt_static,0.635498,0.053223,0.790527,43.706,0.244275,0.923664,-0.083969,224,-62,392
30200,tilt_static,0.642822,0.051758,0.796631,43.718,0.190840,0.847328,-0.099237,223,-63,391
30220,tilt_static,0.635010,0.051270,0.793701,43.736,0.221374,0.954198,-0.190840,223,-63,391
30240,tilt_static,0.638428,0.050537,0.791504,43.701,0.190840,0.908397,-0.129771,223,-63,391
30260,tilt_static,0.642578,0.047119,0.795898,43.715,0.190840,1.061069,-0.068702,223,-63,391
30280,tilt_static,0.632568,0.055176,0.797607,43.721,0.213740,0.969466,-0.229008,223,-62,389
30300,tilt_static,0.641113,0.052246,0.793945,43.733,0.145038,0.992366,-0.221374,223,-62,389
30320,tilt_static,0.637207,0.051025,0.797363,43.709,0.213740,0.916031,-0.190840,223,-62,389
30340,tilt_static,0.638428,0.050537,0.787109,43.686,0.259542,0.969466,-0.053435,224,-63,390
30360,tilt_static,0.638916,0.048828,0.797607,43.718,0.190840,0.923664,-0.022901,224,-63,390
30380,tilt_static,0.640625,0.051270,0.796387,43.715,0.343511,0.893130,-0.038168,224,-63,390
30400,tilt_static,0.637939,0.050293,0.794189,43.730,0.198473,0.954198,-0.152672,223,-63,391
30420,tilt_static,0.634766,0.058105,0.797852,43.706,0.251908,0.900763,-0.045802,223,-63,391
30440,tilt_static,0.640381,0.047363,0.790771,43.718,0.244275,0.946565,-0.091603,223,-63,391
30460,tilt_static,0.637207,0.049316,0.793213,43.701,0.282443,0.908397,-0.145038,223,-63,391
30480,tilt_static,0.638184,0.050537,0.794189,43.704,0.251908,1.030534,-0.076336,225,-62,391
30500,tilt_static,0.641846,0.047607,0.792969,43.683,0.297710,0.938931,-0.022901,225,-62,391
30521,tilt_static,0.638428,0.047363,0.798584,43.704,0.137405,1.083969,-0.106870,225,-62,391
30540,tilt_static,0.638428,0.050781,0.793701,43.677,0.229008,0.908397,-0.190840,224,-63,392
30560,tilt_static,0.634766,0.053711,0.794434,43.701,0.259542,0.862595,0.015267,224,-63,392
30581,tilt_static,0.637451,0.051514,0.794922,43.706,0.206107,0.954198,-0.122137,224,-63,392
30600,tilt_static,0.638184,0.050781,0.796631,43.704,0.229008,0.908397,-0.083969,224,-62,390
30620,tilt_static,0.641602,0.051025,0.796387,43.692,0.236641,0.938931,-0.083969,224,-62,390
30640,tilt_static,0.636963,0.050537,0.786621,43.692,0.259542,0.954198,-0.129771,224,-62,390
30660,tilt_static,0.640137,0.051514,0.789795,43.727,0.282443,0.854962,-0.061069,224,-62,390
30680,tilt_static,0.639648,0.051514,0.796387,43.721,0.259542,0.954198,-0.045802,224,-63,392
30700,tilt_static,0.640137,0.050049,0.794189,43.718,0.244275,0.893130,-0.053435,224,-63,392
30720,tilt_static,0.641602,0.049072,0.802734,43.727,0.251908,0.984733,-0.022901,224,-63,392
30740,tilt_static,0.640137,0.053223,0.802246,43.701,0.175573,0.977099,-0.122137,224,-62,391
30760,tilt_static,0.637695,0.050293,0.798096,43.706,0.190840,0.931298,-0.083969,224,-62,391
30780,tilt_static,0.636963,0.047852,0.792480,43.718,0.236641,1.045802,-0.068702,224,-62,391
30800,tilt_static,0.637451,0.047607,0.796387,43.721,0.190840,0.938931,-0.099237,224,-62,391
30820,tilt_static,0.637451,0.048340,0.789795,43.718,0.221374,0.954198,-0.076336,223,-63,391
30840,tilt_static,0.634766,0.047852,0.796143,43.742,0.221374,1.099237,-0.175573,223,-63,391
30860,tilt_static,0.637207,0.054688,0.790283,43.695,0.290076,0.946565,-0.099237,223,-63,391
30880,tilt_static,0.640381,0.050049,0.787109,43.686,0.274809,0.992366,-0.213740,223,-62,391
30900,tilt_static,0.636963,0.052246,0.796387,43.706,0.297710,0.938931,-0.038168,223,-62,391
30920,tilt_static,0.637451,0.050781,0.798828,43.677,0.229008,0.992366,-0.091603,223,-62,391
30940,tilt_static,0.637451,0.053223,0.795654,43.706,0.213740,0.984733,-0.038168,224,-62,391
30960,tilt_static,0.640625,0.049805,0.791748,43.686,0.213740,0.992366,-0.091603,224,-62,391
30980,tilt_static,0.637451,0.050049,0.798828,43.709,0.206107,0.961832,-0.145038,224,-62,391
31000,tilt_static,0.641357,0.053711,0.798584,43.730,0.259542,1.000000,-0.061069,224,-62,391
31020,tilt_static,0.637207,0.052002,0.794189,43.712,0.221374,0.969466,-0.083969,223,-62,391
31040,tilt_static,0.638916,0.051025,0.796143,43.704,0.259542,0.954198,-0.175573,223,-62,391
31060,tilt_static,0.636719,0.051270,0.799805,43.724,0.290076,0.969466,-0.030534,223,-62,391
31080,tilt_static,0.638916,0.049561,0.794189,43.698,0.290076,0.938931,-0.099237,224,-61,390
31100,tilt_static,0.638672,0.049072,0.796631,43.698,0.152672,0.969466,-0.053435,224,-61,390
31120,tilt_static,0.638428,0.053955,0.798828,43.736,0.229008,0.969466,-0.129771,224,-61,390
31140,tilt_static,0.640137,0.052734,0.794922,43.701,0.137405,0.954198,-0.175573,224,-62,391
31160,tilt_static,0.637207,0.052979,0.794189,43.715,0.351145,0.893130,-0.114504,224,-62,391
31180,tilt_static,0.640381,0.054688,0.795898,43.704,0.259542,1.091603,-0.007634,224,-62,391
31200,tilt_static,0.635986,0.050781,0.791992,43.712,0.129771,0.862595,-0.099237,224,-62,391
31220,tilt_static,0.636719,0.053223,0.795898,43.701,0.251908,0.931298,-0.160305,223,-62,390
31240,tilt_static,0.636963,0.045166,0.795166,43.724,0.343511,0.854962,-0.076336,223,-62,390
31260,tilt_static,0.635986,0.051270,0.794678,43.718,0.244275,1.030534,-0.106870,223,-62,390
31280,tilt_static,0.635498,0.052246,0.795654,43.706,0.213740,0.961832,-0.076336,224,-63,391
31300,tilt_static,0.640869,0.051758,0.797852,43.698,0.251908,1.038168,-0.160305,224,-63,391
31320,tilt_static,0.638184,0.048096,0.802490,43.706,0.198473,0.870229,-0.076336,224,-63,391
31340,tilt_static,0.635742,0.051270,0.790283,43.683,0.229008,0.809160,-0.129771,223,-63,392
31360,tilt_static,0.640381,0.051025,0.790527,43.727,0.236641,0.938931,-0.137405,223,-63,392
31381,tilt_static,0.635986,0.049805,0.793213,43.721,0.206107,0.977099,-0.190840,223,-63,392
31400,tilt_static,0.635986,0.053223,0.794678,43.683,0.282443,0.854962,-0.137405,223,-63,392
31420,tilt_static,0.637695,0.053223,0.795410,43.724,0.213740,0.961832,-0.106870,224,-62,392
31441,tilt_static,0.637207,0.050537,0.792236,43.706,0.251908,0.938931,-0.106870,224,-62,392
31460,tilt_static,0.635986,0.054688,0.799561,43.689,0.290076,0.946565,0.000000,224,-62,392
31480,tilt_static,0.637207,0.050537,0.795410,43.712,0.206107,1.038168,-0.160305,223,-62,390
31500,tilt_static,0.641113,0.052490,0.788086,43.686,0.282443,0.839695,-0.152672,223,-62,390
31520,tilt_static,0.642334,0.051514,0.792236,43.701,0.236641,0.870229,-0.122137,223,-62,390
31540,tilt_static,0.638672,0.051758,0.798584,43.715,0.267176,0.938931,-0.129771,224,-63,391
31560,tilt_static,0.636719,0.046875,0.794678,43.709,0.229008,0.961832,-0.167939,224,-63,391
31580,tilt_static,0.640625,0.050537,0.793457,43.701,0.282443,0.954198,-0.106870,224,-63,391
31600,tilt_static,0.637451,0.051514,0.793213,43.686,0.244275,0.885496,-0.137405,224,-63,391
31620,tilt_static,0.635742,0.048096,0.792725,43.733,0.145038,0.916031,0.000000,224,-61,391
31640,tilt_static,0.640869,0.052002,0.791504,43.683,0.114504,1.053435,-0.038168,224,-61,391
31660,tilt_static,0.637939,0.052490,0.798096,43.715,0.244275,0.832061,-0.053435,224,-61,391
31680,tilt_static,0.640137,0.051758,0.794922,43.706,0.282443,0.977099,-0.091603,225,-63,393
31700,tilt_static,0.635742,0.052490,0.792236,43.712,0.167939,1.038168,-0.190840,225,-63,393
31720,tilt_static,0.639404,0.050781,0.790527,43.715,0.221374,0.961832,-0.122137,225,-63,393
31740,tilt_static,0.641113,0.047852,0.794189,43.721,0.198473,1.053435,-0.167939,223,-63,391
31760,tilt_static,0.637451,0.052979,0.798096,43.698,0.206107,0.984733,-0.038168,223,-63,391
31780,tilt_static,0.636719,0.051758,0.794922,43.689,0.274809,0.946565,-0.053435,223,-63,391
31800,tilt_static,0.635498,0.050781,0.790039,43.709,0.236641,1.000000,-0.053435,223,-63,391
31820,tilt_static,0.635742,0.048340,0.798828,43.721,0.259542,0.969466,-0.061069,223,-62,391
31840,tilt_static,0.637207,0.052979,0.791016,43.712,0.190840,0.923664,-0.038168,223,-62,391
31860,tilt_static,0.635010,0.049561,0.796143,43.712,0.183206,1.030534,-0.053435,223,-62,391
31880,tilt_static,0.641113,0.050049,0.792725,43.683,0.274809,0.916031,-0.061069,224,-63,391
31901,tilt_static,0.640381,0.052246,0.796143,43.698,0.259542,0.847328,-0.053435,224,-63,391
31920,tilt_static,0.640869,0.052490,0.797119,43.689,0.244275,0.992366,-0.091603,224,-63,391
31940,tilt_static,0.638184,0.052734,0.792725,43.721,0.259542,0.954198,-0.167939,224,-63,391
31961,tilt_static,0.635254,0.048828,0.793457,43.706,0.297710,0.931298,-0.099237,224,-62,392
31980,tilt_static,0.640625,0.052979,0.800049,43.692,0.251908,0.885496,-0.129771,224,-62,392
32000,tilt_static,0.638184,0.048096,0.798096,43.712,0.167939,1.015267,-0.114504,224,-62,392
32020,tilt_static,0.638184,0.049316,0.792725,43.706,0.190840,1.000000,-0.190840,225,-63,390
32040,tilt_static,0.637451,0.053467,0.793701,43.701,0.236641,1.022901,-0.122137,225,-63,390
32060,tilt_static,0.638916,0.052979,0.791992,43.677,0.160305,1.053435,-0.160305,225,-63,390
32080,tilt_static,0.640625,0.050781,0.791748,43.698,0.244275,0.969466,-0.038168,223,-63,391
32100,tilt_static,0.637939,0.055664,0.796143,43.680,0.198473,0.984733,-0.091603,223,-63,391
32120,tilt_static,0.635742,0.049561,0.792236,43.706,0.167939,0.854962,-0.145038,223,-63,391
32140,tilt_static,0.639648,0.052734,0.798584,43.712,0.213740,0.893130,-0.160305,223,-63,391
32160,tilt_static,0.637451,0.047852,0.787842,43.730,0.259542,0.885496,-0.076336,225,-62,392
32180,tilt_static,0.641113,0.052002,0.800293,43.692,0.183206,0.969466,-0.198473,225,-62,392
32200,tilt_static,0.637451,0.050781,0.788818,43.686,0.206107,0.893130,-0.114504,225,-62,392
32220,tilt_static,0.637451,0.053711,0.795898,43.748,0.244275,0.916031,-0.053435,223,-62,392
32240,tilt_static,0.639160,0.047363,0.791992,43.706,0.259542,0.900763,-0.015267,223,-62,392
32260,tilt_static,0.641113,0.050537,0.796387,43.715,0.190840,0.908397,-0.076336,223,-62,392
32280,tilt_static,0.640869,0.048340,0.787842,43.692,0.244275,0.832061,-0.083969,224,-63,391
32300,tilt_static,0.641357,0.050293,0.791504,43.686,0.213740,0.931298,-0.122137,224,-63,391
32320,tilt_static,0.642334,0.050049,0.796143,43.718,0.282443,0.877863,-0.083969,224,-63,391
32340,tilt_static,0.639160,0.051514,0.793457,43.724,0.213740,1.007634,-0.183206,224,-63,391
32360,tilt_static,0.638672,0.053711,0.794922,43.718,0.152672,0.961832,-0.198473,225,-63,393
32380,tilt_static,0.643311,0.052979,0.788330,43.686,0.198473,1.076336,-0.221374,225,-63,393
32400,tilt_static,0.638916,0.051514,0.789063,43.686,0.244275,0.870229,-0.175573,225,-63,393
32420,tilt_static,0.640869,0.049805,0.798096,43.698,0.351145,0.923664,-0.106870,223,-62,392
32440,tilt_static,0.640869,0.049316,0.798096,43.742,0.152672,0.992366,-0.198473,223,-62,392
32460,tilt_static,0.642334,0.049072,0.792725,43.706,0.206107,1.022901,-0.114504,223,-62,392
32480,tilt_static,0.641113,0.049072,0.797119,43.712,0.206107,1.015267,-0.007634,224,-62,391
32500,tilt_static,0.637207,0.054199,0.796875,43.706,0.213740,1.007634,-0.091603,224,-62,391
32520,tilt_static,0.641113,0.047852,0.793213,43.704,0.076336,0.923664,-0.061069,224,-62,391
32540,tilt_static,0.636719,0.050293,0.796143,43.692,0.358779,0.885496,-0.061069,224,-62,391
32560,tilt_static,0.638428,0.054443,0.798584,43.718,0.229008,0.916031,-0.106870,224,-62,392
32580,tilt_static,0.639160,0.051758,0.791748,43.715,0.152672,0.923664,-0.038168,224,-62,392
32600,tilt_static,0.639160,0.052002,0.795166,43.715,0.183206,0.900763,-0.106870,224,-62,392
32620,tilt_static,0.640137,0.052734,0.804932,43.706,0.259542,1.091603,-0.160305,223,-63,391
32640,tilt_static,0.636963,0.052979,0.793213,43.683,0.213740,0.923664,-0.198473,223,-63,391
32660,tilt_static,0.635742,0.050781,0.791504,43.704,0.282443,0.847328,-0.122137,223,-63,391
32680,tilt_static,0.638916,0.047852,0.797852,43.715,0.244275,0.954198,-0.137405,223,-61,390
32701,tilt_static,0.639893,0.050537,0.797607,43.712,0.251908,0.984733,-0.099237,223,-61,390
32720,tilt_static,0.638184,0.051514,0.794434,43.686,0.236641,1.053435,-0.091603,223,-61,390
32740,tilt_static,0.636963,0.049316,0.797363,43.674,0.290076,0.847328,-0.137405,223,-61,390
32761,tilt_static,0.639648,0.051758,0.796387,43.668,0.305344,0.984733,-0.152672,224,-63,391
32780,tilt_static,0.639648,0.045166,0.796631,43.698,0.267176,1.000000,-0.106870,224,-63,391
32800,tilt_static,0.637207,0.050537,0.795166,43.715,0.229008,0.931298,0.007634,224,-63,391
32820,tilt_static,0.641602,0.050049,0.792969,43.721,0.206107,1.122137,-0.145038,224,-63,393
32840,tilt_static,0.639648,0.053955,0.793701,43.671,0.297710,0.954198,-0.129771,224,-63,393
32860,tilt_static,0.637939,0.051270,0.792969,43.680,0.312977,0.862595,-0.099237,224,-63,393
32880,tilt_static,0.636230,0.053955,0.790771,43.698,0.129771,0.984733,-0.106870,224,-61,390
32900,tilt_static,0.641357,0.051514,0.791748,43.683,0.251908,0.984733,-0.114504,224,-61,390
32920,tilt_static,0.635010,0.049561,0.795410,43.736,0.251908,0.877863,-0.083969,224,-61,390
32940,tilt_static,0.637939,0.051270,0.796875,43.695,0.305344,0.969466,-0.114504,224,-61,390
32960,tilt_static,0.638184,0.049316,0.793701,43.724,0.297710,0.954198,-0.129771,223,-63,390
32980,tilt_static,0.633789,0.053711,0.794189,43.689,0.175573,0.801527,-0.061069,223,-63,390
33000,tilt_static,0.638184,0.045654,0.793457,43.715,0.259542,1.091603,-0.038168,223,-63,390
33020,tilt_static,0.636230,0.050781,0.797363,43.709,0.167939,0.908397,-0.122137,225,-62,392
33040,tilt_static,0.638428,0.051758,0.796631,43.715,0.229008,1.091603,0.015267,225,-62,392
33060,tilt_static,0.639648,0.052734,0.797119,43.730,0.251908,0.832061,0.007634,225,-62,392
33080,tilt_static,0.640625,0.048340,0.797852,43.704,0.190840,1.076336,-0.183206,225,-62,392
33100,tilt_static,0.640869,0.049072,0.791748,43.715,0.137405,0.854962,-0.022901,225,-62,390
33120,tilt_static,0.635498,0.050781,0.791016,43.721,0.175573,0.900763,-0.083969,225,-62,390
33140,tilt_static,0.639404,0.054688,0.795654,43.698,0.190840,0.900763,-0.091603,225,-62,390
33160,tilt_static,0.637451,0.051025,0.792236,43.698,0.213740,0.923664,-0.038168,223,-62,391
33180,tilt_static,0.641357,0.050293,0.794189,43.704,0.259542,0.870229,-0.045802,223,-62,391
33200,tilt_static,0.639648,0.048828,0.796875,43.677,0.244275,0.931298,-0.099237,223,-62,391
33220,tilt_static,0.636963,0.050537,0.795410,43.668,0.312977,0.946565,-0.137405,223,-62,392
33240,tilt_static,0.638428,0.051514,0.786865,43.698,0.267176,0.916031,-0.076336,223,-62,392
33260,tilt_static,0.636963,0.051270,0.795898,43.724,0.221374,0.824428,-0.068702,223,-62,392
33280,tilt_static,0.636475,0.044189,0.785645,43.709,0.236641,0.961832,-0.038168,223,-62,392
33300,tilt_static,0.637939,0.052734,0.794189,43.715,0.221374,0.931298,-0.083969,223,-62,391
33320,tilt_static,0.637451,0.051514,0.797119,43.668,0.213740,0.908397,-0.053435,223,-62,391
33341,tilt_static,0.641602,0.050049,0.792969,43.709,0.236641,0.946565,-0.099237,223,-62,391
33360,tilt_static,0.638428,0.051025,0.793701,43.704,0.320611,0.938931,0.007634,224,-61,391
33380,tilt_static,0.640137,0.049805,0.798340,43.692,0.221374,1.038168,-0.083969,224,-61,391
33401,tilt_static,0.638672,0.053955,0.794922,43.709,0.160305,0.977099,-0.114504,224,-61,391
33420,tilt_static,0.642334,0.049072,0.796631,43.695,0.198473,0.961832,-0.045802,223,-62,391
33440,tilt_static,0.639648,0.049316,0.801270,43.692,0.213740,0.938931,-0.099237,223,-62,391
33460,tilt_static,0.638428,0.049561,0.796875,43.709,0.190840,0.961832,0.030534,223,-62,391
33480,tilt_static,0.639160,0.047852,0.797119,43.712,0.251908,1.000000,-0.099237,223,-62,391
33500,tilt_static,0.636230,0.051270,0.798584,43.715,0.190840,1.015267,-0.099237,223,-62,390
33520,tilt_static,0.638916,0.053223,0.794434,43.704,0.229008,0.885496,-0.083969,223,-62,390
33540,tilt_static,0.642090,0.047119,0.789063,43.704,0.137405,0.862595,-0.114504,223,-62,390
33560,tilt_static,0.638184,0.048340,0.796631,43.721,0.198473,0.931298,-0.091603,223,-62,391
33580,tilt_static,0.635254,0.051270,0.796143,43.706,0.106870,0.961832,-0.091603,223,-62,391
33600,tilt_static,0.641113,0.053223,0.794189,43.668,0.259542,0.885496,-0.083969,223,-62,391
33620,tilt_static,0.637451,0.049805,0.799316,43.692,0.221374,1.022901,-0.076336,224,-63,391
33640,tilt_static,0.634277,0.054688,0.794189,43.724,0.274809,1.030534,-0.099237,224,-63,391
33660,tilt_static,0.635254,0.052002,0.795654,43.704,0.160305,0.885496,-0.007634,224,-63,391
33680,tilt_static,0.640137,0.052002,0.795654,43.695,0.129771,0.938931,-0.045802,224,-63,391
33700,tilt_static,0.640625,0.051514,0.789063,43.701,0.198473,0.832061,-0.106870,224,-62,392
33720,tilt_static,0.637451,0.051270,0.790039,43.689,0.221374,0.938931,-0.137405,224,-62,392
33740,tilt_static,0.637207,0.052490,0.790527,43.706,0.213740,0.916031,0.038168,224,-62,392
33760,tilt_static,0.636475,0.052002,0.797607,43.736,0.320611,0.847328,-0.091603,224,-62,391
33780,tilt_static,0.640869,0.049561,0.794678,43.677,0.290076,1.091603,-0.114504,224,-62,391
33800,tilt_static,0.639404,0.050781,0.793457,43.683,0.343511,0.916031,-0.091603,224,-62,391
33820,tilt_static,0.637939,0.048340,0.798584,43.715,0.282443,0.916031,-0.083969,225,-62,391
33840,tilt_static,0.637695,0.050537,0.796143,43.704,0.206107,0.923664,-0.015267,225,-62,391
33860,tilt_static,0.635498,0.053223,0.791992,43.712,0.267176,1.015267,-0.061069,225,-62,391
33880,tilt_static,0.636230,0.047852,0.797119,43.706,0.312977,0.984733,-0.106870,225,-62,391
33900,tilt_static,0.639404,0.051025,0.793701,43.698,0.274809,1.015267,-0.091603,223,-62,392
33920,tilt_static,0.635010,0.046143,0.803467,43.706,0.175573,1.038168,-0.129771,223,-62,392
33940,tilt_static,0.638428,0.051270,0.794434,43.736,0.221374,0.938931,-0.091603,223,-62,392
33960,tilt_static,0.638184,0.052734,0.794922,43.698,0.229008,0.770992,-0.114504,224,-62,392
33980,tilt_static,0.639648,0.055420,0.791748,43.701,0.236641,0.961832,-0.114504,224,-62,392
34000,tilt_static,0.636475,0.046631,0.793457,43.686,0.145038,1.015267,-0.083969,224,-62,392
34020,tilt_static,0.638184,0.046875,0.795166,43.715,0.167939,1.000000,-0.076336,224,-62,392
34040,tilt_static,0.640869,0.050781,0.792480,43.736,0.221374,0.916031,-0.129771,224,-63,391
34060,tilt_static,0.639648,0.051514,0.798096,43.727,0.229008,0.984733,-0.022901,224,-63,391
34080,tilt_static,0.639404,0.049805,0.794189,43.701,0.274809,0.931298,-0.045802,224,-63,391
34100,tilt_static,0.638916,0.052002,0.794434,43.704,0.206107,0.969466,-0.099237,223,-62,391
34120,tilt_static,0.640137,0.049805,0.796143,43.709,0.267176,0.916031,-0.129771,223,-62,391
34140,tilt_static,0.637451,0.050049,0.795410,43.748,0.160305,1.083969,-0.167939,223,-62,391
34160,tilt_static,0.642090,0.050781,0.796143,43.680,0.305344,0.824428,-0.022901,223,-62,389
34180,tilt_static,0.640625,0.051025,0.791992,43.736,0.274809,0.893130,-0.106870,223,-62,389
34201,tilt_static,0.640625,0.054688,0.791016,43.718,0.229008,0.862595,-0.053435,223,-62,389
34220,tilt_static,0.637451,0.053955,0.793945,43.680,0.328244,0.854962,-0.068702,223,-62,389
34240,tilt_static,0.639160,0.052002,0.797119,43.712,0.213740,0.885496,-0.076336,223,-62,390
34261,tilt_static,0.636230,0.054443,0.797119,43.718,0.259542,0.839695,-0.114504,223,-62,390
34280,tilt_static,0.637939,0.048828,0.792236,43.730,0.213740,1.000000,-0.106870,223,-62,390
34300,tilt_static,0.635254,0.050537,0.790283,43.709,0.358779,0.923664,-0.122137,223,-61,390
34320,tilt_static,0.637695,0.049805,0.795654,43.706,0.274809,0.946565,-0.114504,223,-61,390
34340,tilt_static,0.639160,0.052246,0.796143,43.718,0.305344,0.961832,-0.145038,223,-61,390
34360,tilt_static,0.640869,0.049805,0.798096,43.718,0.183206,0.946565,-0.160305,224,-62,393
34380,tilt_static,0.633301,0.054199,0.796875,43.701,0.312977,1.022901,-0.038168,224,-62,393
34400,tilt_static,0.635010,0.045898,0.795410,43.709,0.305344,0.854962,-0.053435,224,-62,393
34420,tilt_static,0.639893,0.055176,0.794189,43.686,0.290076,0.786260,-0.030534,224,-62,393
34440,tilt_static,0.636963,0.052490,0.793945,43.698,0.259542,0.954198,-0.091603,224,-62,390
34460,tilt_static,0.634277,0.051025,0.791504,43.709,0.267176,0.977099,-0.091603,224,-62,390
34480,tilt_static,0.636719,0.051514,0.797607,43.698,0.137405,0.969466,-0.053435,224,-62,390
34500,tilt_static,0.641846,0.049561,0.792236,43.748,0.160305,1.053435,-0.122137,223,-62,391
34520,tilt_static,0.636475,0.052734,0.798340,43.736,0.198473,0.992366,-0.137405,223,-62,391
34540,tilt_static,0.643066,0.049805,0.790771,43.724,0.328244,0.793893,-0.145038,223,-62,391
34560,tilt_static,0.642334,0.050537,0.780518,43.683,0.259542,0.984733,0.022901,224,-63,393
34580,tilt_static,0.645508,0.045410,0.794434,43.721,0.229008,0.786260,-0.068702,224,-63,393
34600,tilt_static,0.654785,0.060791,0.797852,43.701,0.282443,0.786260,-0.129771,224,-63,393
34620,tilt_static,0.630615,0.052002,0.803223,43.706,0.312977,0.931298,0.007634,224,-63,393
34640,tilt_static,0.645264,0.052490,0.802979,43.698,0.335878,0.809160,-0.229008,223,-63,390
34660,tilt_static,0.639160,0.053467,0.806641,43.712,0.328244,0.908397,-0.206107,223,-63,390
34680,tilt_static,0.637695,0.050049,0.790283,43.712,0.167939,1.007634,-0.122137,223,-63,390
34700,tilt_static,0.637939,0.049805,0.783447,43.742,0.198473,0.923664,-0.083969,223,-62,391
34720,tilt_static,0.638428,0.051758,0.794678,43.712,0.297710,1.022901,-0.045802,223,-62,391
34740,tilt_static,0.635498,0.048584,0.790771,43.704,0.290076,0.793893,-0.053435,223,-62,391
34760,tilt_static,0.641357,0.050049,0.788086,43.730,0.282443,0.954198,-0.183206,224,-62,391
34780,tilt_static,0.641602,0.048584,0.785156,43.706,0.305344,0.893130,-0.015267,224,-62,391
34800,tilt_static,0.639648,0.053711,0.787598,43.709,0.167939,1.007634,-0.015267,224,-62,391
34820,tilt_static,0.639160,0.050293,0.786865,43.674,0.251908,0.946565,-0.053435,224,-62,391
34841,tilt_static,0.639160,0.048828,0.799805,43.712,0.312977,0.877863,-0.114504,223,-62,391
34860,tilt_static,0.639893,0.053955,0.791260,43.712,0.221374,0.916031,-0.198473,223,-62,391
34880,tilt_static,0.633545,0.052734,0.797119,43.689,0.236641,1.114504,-0.015267,223,-62,391
34901,tilt_static,0.642822,0.050049,0.795166,43.718,0.206107,1.007634,-0.045802,224,-63,391
34920,tilt_static,0.637207,0.050293,0.801025,43.730,0.129771,0.992366,-0.076336,224,-63,391
34940,tilt_static,0.640137,0.052979,0.796143,43.736,0.274809,0.854962,-0.015267,224,-63,391
34960,tilt_static,0.640869,0.051270,0.795654,43.698,0.267176,0.893130,-0.083969,224,-62,391
34980,tilt_static,0.633301,0.054443,0.794434,43.698,0.213740,1.000000,-0.083969,224,-62,391
35000,tilt_static,0.636963,0.048340,0.798584,43.733,0.190840,0.923664,-0.076336,224,-62,391
35020,tilt_static,0.638428,0.052002,0.794678,43.689,0.251908,0.908397,-0.038168,224,-62,391
35040,tilt_static,0.637207,0.046143,0.794189,43.709,0.290076,0.832061,-0.038168,225,-63,391
35060,tilt_static,0.641602,0.052734,0.793213,43.706,0.206107,0.893130,-0.114504,225,-63,391
35080,tilt_static,0.633301,0.050537,0.802979,43.730,0.190840,0.862595,-0.274809,225,-63,391
35100,tilt_static,0.640625,0.052246,0.787842,43.730,0.251908,0.961832,0.068702,224,-62,392
35120,tilt_static,0.636475,0.052490,0.795654,43.718,0.160305,1.007634,-0.122137,224,-62,392
35140,tilt_static,0.637207,0.049316,0.792969,43.718,0.183206,0.992366,-0.183206,224,-62,392
35160,tilt_static,0.639648,0.050293,0.792725,43.698,0.267176,1.038168,-0.053435,224,-62,392
35180,tilt_static,0.637207,0.046875,0.791992,43.730,0.244275,0.908397,-0.076336,223,-63,391
35200,tilt_static,0.644531,0.051758,0.790039,43.715,0.137405,0.992366,-0.091603,223,-63,391
35220,tilt_static,0.637207,0.047852,0.792725,43.709,0.190840,0.908397,-0.145038,223,-63,391
35240,tilt_static,0.636475,0.051270,0.798828,43.718,0.251908,0.877863,-0.160305,225,-62,391
35260,tilt_static,0.636230,0.054443,0.805420,43.715,0.290076,0.946565,-0.076336,225,-62,391
35280,tilt_static,0.643799,0.049316,0.784668,43.709,0.305344,0.870229,-0.099237,225,-62,391
35300,tilt_static,0.641846,0.052002,0.795410,43.706,0.267176,0.900763,-0.152672,224,-62,391
35320,tilt_static,0.634033,0.053955,0.794922,43.706,0.198473,0.954198,-0.091603,224,-62,391
35340,tilt_static,0.642334,0.045898,0.801514,43.712,0.244275,1.068702,-0.183206,224,-62,391
35360,tilt_static,0.639648,0.045654,0.797607,43.689,0.160305,0.938931,-0.083969,224,-62,391
35380,tilt_static,0.639648,0.051758,0.793213,43.677,0.236641,0.870229,-0.152672,224,-62,394
35400,tilt_static,0.642334,0.052490,0.795166,43.724,0.274809,0.908397,-0.068702,224,-62,394
35420,tilt_static,0.638428,0.052734,0.796143,43.718,0.251908,0.984733,-0.129771,224,-62,394
35440,tilt_static,0.639893,0.051514,0.797363,43.701,0.259542,0.938931,-0.068702,223,-61,392
35460,tilt_static,0.637207,0.051270,0.790283,43.701,0.167939,0.977099,-0.068702,223,-61,392
35480,tilt_static,0.641113,0.052979,0.788330,43.712,0.183206,1.030534,-0.221374,223,-61,392
35500,tilt_static,0.640625,0.049316,0.805908,43.701,0.259542,0.969466,-0.099237,223,-62,391
35520,tilt_static,0.641357,0.052002,0.801270,43.692,0.251908,0.938931,-0.122137,223,-62,391
35540,tilt_static,0.636963,0.050537,0.794678,43.689,0.190840,0.946565,-0.099237,223,-62,391
35560,tilt_static,0.639404,0.055908,0.795654,43.698,0.206107,0.900763,-0.167939,223,-62,391
35580,tilt_static,0.640137,0.049561,0.792969,43.701,0.236641,0.923664,-0.091603,224,-63,390
35600,tilt_static,0.640381,0.048096,0.796143,43.742,0.213740,0.931298,-0.083969,224,-63,390
35620,tilt_static,0.639160,0.047852,0.791992,43.709,0.198473,0.931298,-0.175573,224,-63,390
35641,tilt_static,0.641602,0.047363,0.794922,43.715,0.160305,0.885496,-0.007634,224,-62,391
35660,tilt_static,0.638428,0.052979,0.798828,43.692,0.259542,0.931298,-0.030534,224,-62,391
35680,tilt_static,0.637451,0.051270,0.799316,43.701,0.190840,0.984733,-0.030534,224,-62,391
35701,tilt_static,0.640381,0.050049,0.790039,43.730,0.236641,0.938931,-0.167939,223,-62,390
35720,tilt_static,0.642334,0.051758,0.795166,43.704,0.259542,0.870229,-0.091603,223,-62,390
35740,tilt_static,0.637695,0.051270,0.791992,43.689,0.251908,0.885496,-0.083969,223,-62,390
35761,tilt_static,0.640137,0.053467,0.796631,43.704,0.167939,1.007634,-0.122137,223,-62,390
35780,tilt_static,0.640137,0.052734,0.800049,43.727,0.274809,0.885496,-0.122137,224,-63,391
35800,tilt_static,0.639648,0.046631,0.798096,43.692,0.267176,1.015267,-0.129771,224,-63,391
35820,tilt_static,0.635010,0.048828,0.793457,43.701,0.251908,1.053435,-0.129771,224,-63,391
35840,tilt_static,0.641357,0.046631,0.800537,43.698,0.236641,1.022901,-0.122137,224,-62,393
35860,tilt_static,0.639648,0.048584,0.791748,43.712,0.213740,0.946565,-0.007634,224,-62,393
35880,tilt_static,0.635742,0.049561,0.798828,43.674,0.183206,1.030534,-0.099237,224,-62,393
35900,tilt_static,0.640137,0.054199,0.793701,43.736,0.236641,0.992366,-0.022901,224,-63,392
35920,tilt_static,0.640625,0.049561,0.794678,43.712,0.274809,0.908397,-0.068702,224,-63,392
35940,tilt_static,0.638672,0.050293,0.794434,43.680,0.160305,0.877863,-0.206107,224,-63,392
35960,tilt_static,0.635254,0.049561,0.797363,43.683,0.213740,0.923664,-0.206107,224,-63,392
35980,tilt_static,0.638916,0.052002,0.794922,43.704,0.206107,0.900763,-0.091603,224,-62,391
36000,tilt_static,0.636719,0.050537,0.800049,43.704,0.251908,1.076336,-0.122137,224,-62,391
36020,tilt_static,0.635986,0.054443,0.795410,43.689,0.274809,0.969466,-0.061069,224,-62,391
36040,tilt_static,0.640625,0.046143,0.792236,43.706,0.221374,0.984733,-0.106870,223,-63,392
36060,tilt_static,0.634521,0.046631,0.791992,43.706,0.137405,0.969466,-0.183206,223,-63,392
36080,tilt_static,0.638672,0.048584,0.792725,43.695,0.290076,1.053435,-0.198473,223,-63,392
36100,tilt_static,0.637939,0.052002,0.791016,43.695,0.183206,0.870229,-0.045802,223,-63,392
36120,tilt_static,0.637207,0.048828,0.798340,43.698,0.259542,0.969466,-0.015267,223,-63,393
36140,tilt_static,0.640625,0.053711,0.795898,43.701,0.328244,0.923664,-0.061069,223,-63,393
36160,tilt_static,0.636963,0.052734,0.793213,43.712,0.190840,0.870229,-0.167939,223,-63,393
36180,tilt_static,0.640869,0.051270,0.794189,43.706,0.183206,0.908397,-0.114504,225,-62,393
36200,tilt_static,0.638184,0.052002,0.793457,43.683,0.190840,1.030534,-0.122137,225,-62,393
36221,tilt_static,0.638916,0.047852,0.789551,43.739,0.221374,0.977099,-0.091603,225,-62,393
36240,tilt_static,0.642090,0.050049,0.797607,43.715,0.206107,0.893130,-0.145038,223,-62,391
36260,tilt_static,0.635254,0.049561,0.796143,43.665,0.152672,0.977099,-0.083969,223,-62,391
36281,tilt_static,0.640381,0.050293,0.798096,43.689,0.274809,1.061069,-0.091603,223,-62,391
36300,tilt_static,0.640625,0.053711,0.797607,43.695,0.160305,1.000000,-0.213740,223,-62,391
36320,tilt_static,0.640869,0.050293,0.792480,43.686,0.267176,0.916031,-0.122137,224,-61,391
36341,tilt_static,0.639404,0.053223,0.793457,43.706,0.244275,0.946565,-0.106870,224,-61,391
36360,tilt_static,0.637939,0.052002,0.796387,43.721,0.290076,1.022901,-0.007634,224,-61,391
36380,tilt_static,0.641113,0.052734,0.792969,43.689,0.145038,1.076336,-0.076336,225,-64,392
36400,tilt_static,0.635010,0.052979,0.797852,43.721,0.236641,0.992366,-0.160305,225,-64,392
36420,tilt_static,0.636475,0.052246,0.792725,43.733,0.259542,0.946565,0.053435,225,-64,392
36440,tilt_static,0.642090,0.052979,0.798096,43.727,0.206107,1.068702,-0.030534,224,-63,391
36460,tilt_static,0.639404,0.052979,0.784180,43.733,0.274809,0.984733,-0.106870,224,-63,391
36480,tilt_static,0.637695,0.050293,0.795166,43.686,0.206107,1.022901,-0.106870,224,-63,391
36500,tilt_static,0.638916,0.049561,0.797852,43.706,0.320611,0.969466,-0.145038,224,-63,391
36520,tilt_static,0.638672,0.051025,0.792969,43.686,0.259542,0.992366,-0.183206,224,-63,390
36540,tilt_static,0.639404,0.052490,0.797852,43.704,0.259542,0.954198,0.076336,224,-63,390
36560,tilt_static,0.638184,0.052002,0.796875,43.709,0.236641,0.870229,-0.045802,224,-63,390
36580,tilt_static,0.641602,0.054199,0.791992,43.721,0.206107,0.854962,-0.083969,224,-62,391
36600,tilt_static,0.638916,0.048584,0.798096,43.683,0.206107,0.877863,-0.083969,224,-62,391
36620,tilt_static,0.638916,0.051025,0.793701,43.692,0.328244,0.946565,-0.022901,224,-62,391
36640,tilt_static,0.636719,0.054443,0.790771,43.727,0.175573,0.969466,-0.038168,225,-63,392
36660,tilt_static,0.641602,0.049805,0.795410,43.727,0.282443,0.938931,-0.068702,225,-63,392
36680,tilt_static,0.641113,0.050781,0.796143,43.680,0.320611,1.091603,0.000000,225,-63,392
36700,tilt_static,0.635742,0.052490,0.792969,43.686,0.190840,1.007634,-0.030534,225,-63,392
36720,tilt_static,0.639648,0.049316,0.800781,43.698,0.206107,0.954198,-0.068702,224,-62,391
36740,tilt_static,0.642090,0.049561,0.799561,43.715,0.267176,0.893130,-0.068702,224,-62,391
36760,tilt_static,0.638916,0.050781,0.791016,43.721,0.236641,0.877863,-0.106870,224,-62,391
36780,tilt_static,0.637939,0.049316,0.802246,43.712,0.320611,0.961832,-0.152672,225,-62,392
36800,tilt_static,0.637939,0.055420,0.797607,43.692,0.259542,0.946565,-0.152672,225,-62,392
36820,tilt_static,0.640137,0.052246,0.798340,43.701,0.198473,0.877863,-0.160305,225,-62,392
36840,tilt_static,0.638672,0.052246,0.795166,43.715,0.274809,0.916031,-0.061069,224,-61,390
36860,tilt_static,0.641846,0.053467,0.796875,43.706,0.320611,1.000000,-0.137405,224,-61,390
36880,tilt_static,0.642822,0.051025,0.790039,43.686,0.229008,0.961832,-0.198473,224,-61,390
36900,tilt_static,0.639404,0.048584,0.792480,43.718,0.290076,0.969466,0.022901,224,-61,390
36920,tilt_static,0.636719,0.047119,0.795654,43.701,0.267176,0.954198,-0.053435,224,-63,392
36940,tilt_static,0.637451,0.051270,0.795410,43.709,0.267176,0.900763,-0.083969,224,-63,392
36960,tilt_static,0.641113,0.050293,0.798584,43.762,0.244275,0.923664,0.030534,224,-63,392
36980,tilt_static,0.639893,0.048340,0.796875,43.698,0.229008,0.885496,-0.099237,224,-62,391
37000,tilt_static,0.641602,0.050781,0.799072,43.704,0.221374,0.984733,-0.015267,224,-62,391
37020,tilt_static,0.635742,0.048584,0.796143,43.659,0.190840,0.961832,-0.015267,224,-62,391
37040,tilt_static,0.638428,0.050781,0.797119,43.704,0.229008,0.961832,-0.022901,225,-62,392
37060,tilt_static,0.636719,0.049561,0.792725,43.686,0.213740,1.045802,-0.106870,225,-62,392
37081,tilt_static,0.639160,0.050537,0.799805,43.709,0.213740,0.793893,0.015267,225,-62,392
37100,tilt_static,0.638916,0.050293,0.791260,43.704,0.236641,0.885496,-0.083969,225,-62,392
37120,tilt_static,0.640137,0.051025,0.797607,43.742,0.267176,1.099237,-0.083969,224,-62,392
37141,tilt_static,0.639160,0.053955,0.794922,43.686,0.229008,0.908397,-0.099237,224,-62,392
37160,tilt_static,0.636230,0.051758,0.799072,43.689,0.297710,0.862595,-0.091603,224,-62,392
37180,tilt_static,0.638428,0.049561,0.793213,43.718,0.274809,0.992366,-0.038168,224,-63,391
37200,tilt_static,0.642334,0.054199,0.793213,43.674,0.152672,0.854962,-0.183206,224,-63,391
37220,tilt_static,0.640137,0.049561,0.791748,43.712,0.229008,0.885496,-0.045802,224,-63,391
37240,tilt_static,0.636719,0.047119,0.789551,43.680,0.167939,0.954198,-0.129771,224,-63,391
37260,tilt_static,0.641113,0.048828,0.793457,43.718,0.190840,0.961832,-0.129771,224,-62,391
37280,tilt_static,0.637451,0.049805,0.795898,43.709,0.213740,0.961832,-0.129771,224,-62,391
37300,tilt_static,0.639648,0.052490,0.793701,43.689,0.312977,0.984733,-0.145038,224,-62,391
37320,tilt_static,0.639648,0.048096,0.795410,43.712,0.213740,0.954198,-0.106870,223,-63,390
37340,tilt_static,0.634521,0.053467,0.796143,43.689,0.274809,1.007634,-0.022901,223,-63,390
37360,tilt_static,0.639648,0.048828,0.794922,43.671,0.267176,0.954198,-0.099237,223,-63,390
37380,tilt_static,0.638184,0.050293,0.793701,43.739,0.221374,0.877863,-0.091603,224,-62,391
37400,tilt_static,0.641357,0.053223,0.798096,43.701,0.175573,1.007634,-0.030534,224,-62,391
37420,tilt_static,0.634521,0.053711,0.794434,43.709,0.206107,0.786260,-0.068702,224,-62,391
37440,tilt_static,0.638428,0.053223,0.793701,43.730,0.190840,0.916031,-0.145038,224,-62,391
37460,tilt_static,0.637207,0.044434,0.794678,43.712,0.267176,1.030534,-0.053435,224,-62,391
37480,tilt_static,0.634521,0.048828,0.792480,43.718,0.251908,0.877863,-0.198473,224,-62,391
37500,tilt_static,0.636963,0.050781,0.791504,43.715,0.267176,0.984733,-0.083969,224,-62,391
37520,tilt_static,0.641113,0.049561,0.791748,43.698,0.221374,0.923664,-0.022901,224,-63,391
37540,tilt_static,0.640869,0.052246,0.799805,43.662,0.198473,0.908397,-0.129771,224,-63,391
37560,tilt_static,0.639404,0.046875,0.794678,43.689,0.221374,1.053435,-0.175573,224,-63,391
37580,tilt_static,0.637939,0.050781,0.793457,43.712,0.312977,0.931298,-0.038168,225,-62,391
37600,tilt_static,0.640381,0.050781,0.796143,43.727,0.206107,1.030534,-0.122137,225,-62,391
37620,tilt_static,0.635986,0.045654,0.788818,43.724,0.175573,0.931298,-0.122137,225,-62,391
37640,tilt_static,0.639648,0.049805,0.789551,43.701,0.267176,0.931298,-0.145038,225,-62,391
37660,tilt_static,0.642578,0.055420,0.794189,43.698,0.106870,0.946565,-0.091603,223,-63,390
37680,tilt_static,0.643311,0.048828,0.792725,43.683,0.175573,0.984733,-0.114504,223,-63,390
37700,tilt_static,0.640381,0.052246,0.793457,43.706,0.251908,0.992366,0.007634,223,-63,390
37721,tilt_static,0.637207,0.053711,0.794434,43.721,0.290076,0.969466,-0.091603,224,-62,391
37740,tilt_static,0.635742,0.048340,0.793945,43.674,0.267176,0.946565,-0.083969,224,-62,391
37760,tilt_static,0.639404,0.051758,0.789551,43.704,0.267176,0.969466,-0.038168,224,-62,391
37781,tilt_static,0.637451,0.050293,0.798096,43.680,0.236641,0.923664,-0.160305,224,-62,391
37800,tilt_static,0.636475,0.047852,0.789551,43.698,0.183206,0.916031,-0.190840,224,-62,391
37820,tilt_static,0.633789,0.049316,0.798096,43.715,0.274809,0.923664,-0.022901,224,-62,391
37841,tilt_static,0.637207,0.054688,0.799561,43.698,0.305344,0.969466,0.015267,224,-62,391
37860,tilt_static,0.636475,0.057373,0.787109,43.724,0.328244,1.022901,-0.061069,225,-62,393
37880,tilt_static,0.636475,0.052979,0.795166,43.686,0.213740,1.137405,0.015267,225,-62,393
37900,tilt_static,0.635986,0.055176,0.786865,43.704,0.229008,0.969466,0.000000,225,-62,393
37920,tilt_static,0.638916,0.053955,0.793213,43.715,0.274809,0.992366,-0.106870,223,-62,391
37940,tilt_static,0.641357,0.055176,0.795410,43.692,0.213740,1.022901,-0.068702,223,-62,391
37960,tilt_static,0.641357,0.054199,0.790039,43.695,0.251908,0.931298,-0.122137,223,-62,391
37980,tilt_static,0.641357,0.053223,0.796143,43.736,0.167939,0.946565,-0.076336,225,-62,390
38000,tilt_static,0.636963,0.046387,0.794922,43.695,0.274809,1.061069,-0.076336,225,-62,390
38020,tilt_static,0.636230,0.049316,0.796631,43.692,0.221374,0.931298,-0.114504,225,-62,390
38040,tilt_static,0.639404,0.054199,0.798828,43.698,0.190840,0.931298,-0.076336,225,-62,390
38060,tilt_static,0.640137,0.047852,0.793457,43.692,0.267176,0.816794,-0.091603,224,-62,391
38080,tilt_static,0.639648,0.052490,0.798584,43.712,0.251908,1.007634,-0.015267,224,-62,391
38100,tilt_static,0.638916,0.049561,0.789307,43.721,0.198473,0.931298,-0.061069,224,-62,391
38120,tilt_static,0.642090,0.055664,0.791748,43.715,0.160305,0.809160,-0.137405,224,-63,391
38140,tilt_static,0.641602,0.050537,0.797363,43.692,0.244275,0.816794,-0.038168,224,-63,391
38160,tilt_static,0.640869,0.049316,0.792725,43.712,0.160305,0.900763,-0.137405,224,-63,391
38180,tilt_static,0.635498,0.050293,0.796875,43.683,0.229008,0.984733,-0.007634,224,-63,391
38200,tilt_static,0.640869,0.052979,0.798828,43.706,0.259542,0.992366,-0.022901,224,-62,392
38220,tilt_static,0.641602,0.048584,0.795898,43.677,0.213740,0.938931,-0.091603,224,-62,392
38240,tilt_static,0.644287,0.053711,0.798340,43.689,0.183206,1.053435,-0.076336,224,-62,392
38260,tilt_static,0.642822,0.049316,0.791748,43.715,0.152672,1.068702,-0.152672,224,-61,391
38280,tilt_static,0.636475,0.050049,0.793457,43.698,0.213740,1.076336,-0.137405,224,-61,391
38300,tilt_static,0.637939,0.048096,0.796143,43.704,0.190840,1.099237,-0.030534,224,-61,391
38320,tilt_static,0.641113,0.052979,0.791748,43.712,0.236641,1.000000,-0.076336,223,-62,391
38340,tilt_static,0.640137,0.054443,0.798096,43.701,0.145038,0.916031,-0.137405,223,-62,391
38360,tilt_static,0.639648,0.048096,0.789795,43.698,0.282443,0.847328,-0.114504,223,-62,391
38380,tilt_static,0.641113,0.049072,0.795166,43.704,0.190840,1.000000,-0.061069,223,-62,391
38400,tilt_static,0.636230,0.053711,0.788086,43.692,0.221374,0.954198,-0.045802,225,-62,391
38420,tilt_static,0.637207,0.051514,0.800537,43.724,0.244275,1.061069,-0.053435,225,-62,391
38440,tilt_static,0.639648,0.050781,0.796631,43.683,0.129771,1.000000,-0.114504,225,-62,391
38460,tilt_static,0.637451,0.048584,0.798096,43.748,0.229008,0.938931,-0.129771,224,-62,391
38480,tilt_static,0.639648,0.051758,0.797852,43.724,0.190840,1.007634,-0.061069,224,-62,391
38500,tilt_static,0.638184,0.051025,0.796143,43.695,0.274809,1.061069,-0.206107,224,-62,391
38521,tilt_static,0.635254,0.053223,0.792236,43.721,0.129771,0.954198,-0.099237,223,-63,391
38540,tilt_static,0.638916,0.044434,0.791504,43.709,0.198473,1.038168,-0.068702,223,-63,391
38560,tilt_static,0.638428,0.052979,0.796387,43.718,0.221374,0.900763,-0.106870,223,-63,391
38581,tilt_static,0.640625,0.048340,0.798096,43.701,0.267176,1.022901,-0.061069,223,-63,391
38600,tilt_static,0.643066,0.052734,0.799561,43.745,0.229008,0.885496,-0.091603,224,-63,392
38620,tilt_static,0.640869,0.050293,0.799072,43.704,0.274809,1.007634,-0.129771,224,-63,392
38641,tilt_static,0.640625,0.049805,0.792725,43.695,0.236641,1.015267,-0.076336,224,-63,392
38660,tilt_static,0.638428,0.051025,0.790039,43.712,0.213740,1.022901,0.015267,222,-62,390
38680,tilt_static,0.639404,0.050049,0.795654,43.712,0.244275,0.870229,-0.152672,222,-62,390
38700,tilt_static,0.640381,0.051514,0.789307,43.718,0.221374,0.938931,-0.045802,222,-62,390
38720,tilt_static,0.642090,0.051270,0.791992,43.715,0.267176,0.923664,-0.030534,224,-62,391
38740,tilt_static,0.637695,0.051025,0.795166,43.674,0.229008,0.854962,-0.045802,224,-62,391
38760,tilt_static,0.634277,0.050049,0.798584,43.698,0.213740,0.893130,-0.076336,224,-62,391
38780,tilt_static,0.635742,0.048584,0.786133,43.718,0.221374,1.022901,-0.137405,224,-62,391
38800,tilt_static,0.637695,0.054688,0.791016,43.701,0.206107,0.992366,-0.152672,224,-62,392
38820,tilt_static,0.640869,0.054932,0.793213,43.709,0.236641,0.992366,-0.083969,224,-62,392
38840,tilt_static,0.640381,0.048584,0.794434,43.727,0.251908,1.007634,-0.145038,224,-62,392
38860,tilt_static,0.639404,0.052490,0.802490,43.712,0.206107,1.091603,-0.022901,224,-62,391
38880,tilt_static,0.643311,0.048828,0.795898,43.698,0.229008,0.877863,-0.099237,224,-62,391
38900,tilt_static,0.638672,0.051270,0.793945,43.706,0.167939,1.000000,-0.129771,224,-62,391
38920,tilt_static,0.631836,0.053955,0.796631,43.689,0.229008,0.946565,-0.030534,224,-62,391
38940,tilt_static,0.640137,0.054199,0.792480,43.683,0.267176,0.916031,-0.206107,224,-62,391
38960,tilt_static,0.636719,0.048096,0.788574,43.695,0.190840,1.038168,-0.129771,224,-62,391
38980,tilt_static,0.636963,0.053955,0.791748,43.718,0.213740,1.076336,-0.083969,224,-62,391
39000,tilt_static,0.636719,0.052734,0.802002,43.674,0.274809,0.862595,-0.099237,223,-61,391
39020,tilt_static,0.640137,0.052490,0.798096,43.704,0.320611,0.885496,-0.183206,223,-61,391
39040,tilt_static,0.639404,0.052490,0.799805,43.677,0.274809,0.969466,0.000000,223,-61,391
39060,tilt_static,0.645264,0.053223,0.801025,43.712,0.175573,1.000000,-0.137405,224,-62,392
39080,tilt_static,0.636963,0.055176,0.799561,43.709,0.221374,0.938931,-0.076336,224,-62,392
39100,tilt_static,0.636719,0.053223,0.796143,43.709,0.282443,0.923664,-0.061069,224,-62,392
39120,tilt_static,0.638916,0.049561,0.804688,43.692,0.190840,1.007634,-0.068702,224,-62,392
39140,tilt_static,0.642822,0.051758,0.795654,43.671,0.274809,0.870229,-0.076336,224,-62,392
39161,tilt_static,0.636719,0.052979,0.795898,43.698,0.229008,0.938931,-0.045802,224,-62,392
39180,tilt_static,0.638916,0.051270,0.792969,43.695,0.114504,1.122137,-0.129771,224,-62,392
39200,tilt_static,0.637939,0.050781,0.792969,43.709,0.122137,0.938931,-0.122137,224,-62,391
39221,tilt_static,0.640381,0.053467,0.795166,43.686,0.236641,1.030534,-0.129771,224,-62,391
39240,tilt_static,0.637695,0.050781,0.793701,43.689,0.274809,0.961832,-0.122137,224,-62,391
39260,tilt_static,0.634766,0.049316,0.791504,43.698,0.152672,0.992366,-0.099237,224,-62,391
39280,tilt_static,0.636475,0.052979,0.794678,43.706,0.221374,0.992366,-0.129771,224,-62,391
39300,tilt_static,0.639160,0.052490,0.796143,43.709,0.267176,0.977099,-0.061069,224,-62,391
39320,tilt_static,0.640381,0.048828,0.795654,43.715,0.229008,1.053435,-0.099237,224,-62,391
39340,tilt_static,0.638184,0.049316,0.796875,43.692,0.198473,0.923664,-0.099237,225,-64,392
39360,tilt_static,0.633301,0.053223,0.795166,43.742,0.236641,0.862595,-0.190840,225,-64,392
39380,tilt_static,0.634521,0.054443,0.796875,43.695,0.206107,1.091603,-0.137405,225,-64,392
39400,tilt_static,0.636475,0.048828,0.793701,43.706,0.244275,0.862595,-0.053435,224,-61,391
39420,tilt_static,0.638428,0.049805,0.795166,43.718,0.198473,0.862595,-0.152672,224,-61,391
39440,tilt_static,0.641602,0.051758,0.791260,43.736,0.236641,0.961832,-0.137405,224,-61,391
39460,tilt_static,0.637695,0.053467,0.801758,43.718,0.259542,0.862595,-0.152672,224,-62,391
39480,tilt_static,0.641113,0.051514,0.787842,43.695,0.175573,0.923664,-0.091603,224,-62,391
39500,tilt_static,0.634766,0.051514,0.793213,43.695,0.167939,0.832061,-0.099237,224,-62,391
39520,tilt_static,0.637451,0.054443,0.791016,43.692,0.221374,0.969466,-0.007634,224,-62,391
39540,tilt_static,0.636719,0.052246,0.800537,43.715,0.145038,0.969466,-0.068702,225,-62,392
39560,tilt_static,0.639404,0.054688,0.794678,43.715,0.129771,0.946565,-0.183206,225,-62,392
39580,tilt_static,0.634033,0.051270,0.791016,43.671,0.198473,0.824428,-0.053435,225,-62,392
39600,tilt_static,0.635986,0.053223,0.792725,43.712,0.145038,0.961832,-0.229008,224,-62,391
39620,tilt_static,0.640137,0.053711,0.796143,43.721,0.206107,0.870229,-0.190840,224,-62,391
39640,tilt_static,0.638672,0.053711,0.800781,43.683,0.167939,0.938931,-0.068702,224,-62,391
39660,tilt_static,0.635742,0.052734,0.788086,43.706,0.183206,0.969466,-0.099237,223,-63,390
39680,tilt_static,0.638672,0.050049,0.797852,43.695,0.160305,0.984733,-0.145038,223,-63,390
39700,tilt_static,0.635986,0.053711,0.799561,43.695,0.297710,0.946565,-0.114504,223,-63,390
39720,tilt_static,0.636230,0.049072,0.792969,43.698,0.290076,0.908397,-0.038168,223,-63,390
39740,tilt_static,0.636719,0.050781,0.795166,43.701,0.152672,0.900763,-0.045802,223,-62,391
39760,tilt_static,0.641602,0.051270,0.795166,43.706,0.312977,0.977099,-0.068702,223,-62,391
39780,tilt_static,0.637451,0.052734,0.795166,43.718,0.251908,0.923664,-0.175573,223,-62,391
39800,tilt_static,0.637695,0.057373,0.804443,43.668,0.198473,0.969466,-0.099237,224,-62,391
39820,tilt_static,0.638428,0.055176,0.793701,43.677,0.358779,0.984733,-0.099237,224,-62,391
39840,tilt_static,0.638184,0.053467,0.790283,43.680,0.167939,0.984733,-0.030534,224,-62,391
39860,tilt_static,0.638916,0.054199,0.797119,43.724,0.167939,0.946565,-0.152672,224,-61,391
39880,tilt_static,0.637939,0.056641,0.791504,43.701,0.297710,0.893130,-0.030534,224,-61,391
39900,tilt_static,0.641602,0.051758,0.796387,43.701,0.198473,0.877863,-0.038168,224,-61,391
39920,tilt_static,0.635010,0.051025,0.796631,43.715,0.343511,0.809160,-0.038168,224,-61,391
39940,tilt_static,0.638428,0.050049,0.795410,43.654,0.244275,0.938931,-0.106870,224,-63,390
39960,tilt_static,0.636963,0.052246,0.791504,43.695,0.236641,0.916031,-0.190840,224,-63,390
39980,tilt_static,0.640381,0.052490,0.796631,43.704,0.251908,0.870229,-0.030534,224,-63,390
40000,tilt_static,0.639893,0.046143,0.794434,43.689,0.267176,0.801527,-0.030534,224,-63,392
40021,tilt_static,0.639648,0.046631,0.794434,43.683,0.221374,0.946565,-0.053435,224,-63,392
40040,tilt_static,0.640137,0.046631,0.794922,43.706,0.206107,1.015267,-0.083969,224,-63,392
40060,tilt_static,0.640381,0.051514,0.790039,43.680,0.145038,1.099237,-0.122137,225,-62,393
40081,tilt_static,0.641113,0.051270,0.795654,43.715,0.106870,1.022901,-0.076336,225,-62,393
40100,tilt_static,0.638672,0.053223,0.802246,43.704,0.297710,0.977099,-0.038168,225,-62,393
40120,tilt_static,0.638916,0.052002,0.794189,43.677,0.137405,1.007634,-0.053435,225,-62,393
40140,tilt_static,0.637695,0.049316,0.791992,43.665,0.229008,0.877863,-0.198473,224,-62,391
40160,tilt_static,0.643066,0.051025,0.793457,43.698,0.297710,0.908397,-0.106870,224,-62,391
40180,tilt_static,0.640137,0.052002,0.796387,43.686,0.206107,1.000000,-0.183206,224,-62,391
40200,tilt_static,0.637695,0.051758,0.796143,43.721,0.167939,0.969466,-0.190840,224,-63,392
40220,tilt_static,0.640137,0.051270,0.795410,43.686,0.198473,0.847328,-0.122137,224,-63,392
40240,tilt_static,0.635742,0.050293,0.800537,43.704,0.183206,0.893130,-0.022901,224,-63,392
40260,tilt_static,0.641602,0.051514,0.790527,43.683,0.251908,0.832061,-0.099237,224,-61,392
40280,tilt_static,0.643066,0.051270,0.793457,43.704,0.190840,1.000000,-0.083969,224,-61,392
40300,tilt_static,0.637939,0.048828,0.790771,43.704,0.213740,0.954198,0.007634,224,-61,392
40320,tilt_static,0.640381,0.052002,0.791504,43.704,0.320611,0.893130,0.045802,224,-61,392
40340,tilt_static,0.634766,0.054688,0.792236,43.689,0.259542,0.984733,0.022901,223,-63,391
40360,tilt_static,0.635498,0.049072,0.795410,43.730,0.267176,1.015267,-0.106870,223,-63,391
40380,tilt_static,0.637207,0.052002,0.795410,43.689,0.251908,1.030534,-0.137405,223,-63,391
40400,tilt_static,0.639893,0.049561,0.797852,43.671,0.221374,0.916031,-0.061069,224,-63,392
40420,tilt_static,0.639893,0.052490,0.789307,43.712,0.236641,1.022901,-0.114504,224,-63,392
40440,tilt_static,0.641113,0.055176,0.794922,43.724,0.206107,0.938931,-0.137405,224,-63,392
40460,tilt_static,0.639648,0.052002,0.798096,43.698,0.251908,0.900763,-0.152672,224,-63,392
40480,tilt_static,0.641846,0.050781,0.789063,43.701,0.221374,1.015267,-0.183206,224,-63,391
40500,tilt_static,0.639404,0.049072,0.796143,43.709,0.229008,0.885496,-0.122137,224,-63,391
40520,tilt_static,0.640869,0.052979,0.791992,43.683,0.244275,0.954198,-0.122137,224,-63,391
40540,tilt_static,0.641357,0.053955,0.797363,43.706,0.259542,0.931298,-0.091603,224,-63,390
40560,tilt_static,0.639404,0.053467,0.792725,43.724,0.267176,1.045802,-0.061069,224,-63,390
40580,tilt_static,0.645752,0.052490,0.792236,43.701,0.244275,0.809160,-0.007634,224,-63,390
40601,tilt_static,0.639160,0.052490,0.799316,43.721,0.183206,0.946565,-0.091603,224,-63,392
40620,tilt_static,0.637939,0.051270,0.795898,43.668,0.229008,0.961832,-0.129771,224,-63,392
40640,tilt_static,0.639404,0.051025,0.787354,43.712,0.137405,0.984733,-0.129771,224,-63,392
40661,tilt_static,0.640381,0.050781,0.794434,43.721,0.274809,0.916031,-0.038168,224,-63,392
40680,tilt_static,0.641602,0.052246,0.787109,43.695,0.167939,0.992366,-0.053435,224,-63,392
40700,tilt_static,0.635986,0.051514,0.797607,43.671,0.229008,1.022901,-0.152672,224,-63,392
40720,tilt_static,0.639160,0.047119,0.792725,43.695,0.198473,0.908397,-0.106870,224,-63,392
40740,tilt_static,0.638428,0.053223,0.788818,43.698,0.282443,0.916031,-0.083969,224,-62,391
40760,tilt_static,0.640381,0.053223,0.796631,43.712,0.175573,1.091603,-0.190840,224,-62,391
40780,tilt_static,0.637939,0.046875,0.795654,43.689,0.297710,0.931298,-0.167939,224,-62,391
40800,tilt_static,0.637695,0.053223,0.790039,43.659,0.229008,1.083969,-0.030534,224,-61,391
40820,tilt_static,0.639893,0.052979,0.791260,43.704,0.145038,0.954198,-0.083969,224,-61,391
40840,tilt_static,0.636963,0.054443,0.788818,43.736,0.251908,1.038168,-0.068702,224,-61,391
40860,tilt_static,0.641357,0.052002,0.793945,43.709,0.206107,1.030534,-0.137405,224,-61,391
40880,tilt_static,0.639648,0.058105,0.796631,43.712,0.137405,1.015267,-0.076336,224,-63,391
40900,tilt_static,0.638672,0.051514,0.795654,43.712,0.183206,0.931298,-0.091603,224,-63,391
40920,tilt_static,0.638672,0.048828,0.796875,43.706,0.305344,0.900763,-0.152672,224,-63,391
40940,tilt_static,0.638916,0.053467,0.800781,43.730,0.160305,0.893130,-0.129771,224,-61,391
40960,tilt_static,0.638184,0.050049,0.796143,43.695,0.229008,0.900763,-0.114504,224,-61,391
40980,tilt_static,0.639404,0.046631,0.794678,43.706,0.175573,0.961832,-0.122137,224,-61,391
41000,tilt_static,0.640381,0.046387,0.800537,43.698,0.198473,1.137405,-0.099237,224,-63,390
41020,tilt_static,0.641113,0.051025,0.789551,43.706,0.244275,1.015267,-0.061069,224,-63,390
41040,tilt_static,0.638184,0.052734,0.794189,43.695,0.389313,0.877863,0.000000,224,-63,390
41060,tilt_static,0.637939,0.050293,0.786621,43.695,0.190840,1.083969,-0.122137,224,-63,390
41080,tilt_static,0.639893,0.048828,0.800537,43.674,0.167939,0.977099,-0.022901,224,-64,391
41100,tilt_static,0.637939,0.054443,0.791016,43.701,0.175573,0.946565,-0.152672,224,-64,391
41120,tilt_static,0.637451,0.054688,0.796143,43.698,0.290076,0.931298,-0.183206,224,-64,391
41140,tilt_static,0.639404,0.053223,0.789795,43.739,0.198473,0.961832,-0.160305,224,-62,391
41160,tilt_static,0.638916,0.050049,0.791016,43.712,0.167939,0.816794,-0.076336,224,-62,391
41180,tilt_static,0.639404,0.050049,0.791748,43.706,0.129771,0.877863,-0.053435,224,-62,391
41200,tilt_static,0.640381,0.049072,0.790039,43.712,0.282443,0.862595,-0.129771,223,-63,392
41220,tilt_static,0.641357,0.053955,0.791016,43.692,0.297710,0.954198,-0.160305,223,-63,392
41240,tilt_static,0.635254,0.052734,0.790527,43.680,0.114504,0.893130,-0.076336,223,-63,392
41260,tilt_static,0.639160,0.055664,0.801758,43.689,0.274809,0.961832,-0.015267,223,-63,392
41280,tilt_static,0.639160,0.054443,0.796387,43.701,0.274809,0.916031,-0.099237,223,-63,391
41300,tilt_static,0.636963,0.052979,0.796387,43.706,0.251908,0.938931,-0.015267,223,-63,391
41320,tilt_static,0.634766,0.047852,0.795166,43.706,0.206107,0.984733,-0.175573,223,-63,391
41340,tilt_static,0.643311,0.050049,0.792236,43.686,0.312977,0.961832,-0.099237,224,-63,391
41360,tilt_static,0.637207,0.050049,0.792969,43.704,0.320611,0.862595,-0.083969,224,-63,391
41380,tilt_static,0.638428,0.050049,0.795654,43.698,0.305344,0.923664,-0.198473,224,-63,391
41401,tilt_static,0.637451,0.054443,0.790039,43.709,0.259542,0.961832,-0.076336,226,-63,392
41420,tilt_static,0.641357,0.052002,0.794434,43.721,0.221374,0.885496,0.000000,226,-63,392
41440,tilt_static,0.641357,0.052246,0.800537,43.715,0.236641,0.770992,-0.007634,226,-63,392
41461,tilt_static,0.636719,0.052246,0.792480,43.709,0.152672,0.977099,-0.091603,226,-63,392
41480,tilt_static,0.639893,0.048340,0.787842,43.701,0.213740,1.007634,-0.068702,223,-63,392
41500,tilt_static,0.640381,0.053223,0.794678,43.698,0.259542,0.938931,-0.038168,223,-63,392
41521,tilt_static,0.638428,0.054443,0.792480,43.686,0.244275,0.893130,-0.114504,223,-63,392
41540,tilt_static,0.637939,0.050049,0.789307,43.677,0.259542,0.969466,-0.015267,223,-63,391
41560,tilt_static,0.639648,0.051758,0.792725,43.671,0.221374,0.946565,-0.099237,223,-63,391
41580,tilt_static,0.638184,0.051025,0.792480,43.677,0.175573,0.969466,-0.160305,223,-63,391
41600,tilt_static,0.645020,0.049561,0.787354,43.698,0.183206,0.916031,-0.045802,223,-63,391
41620,tilt_static,0.637451,0.050781,0.797119,43.698,0.175573,0.916031,-0.122137,224,-62,391
41640,tilt_static,0.636230,0.052490,0.793213,43.686,0.305344,0.946565,-0.106870,224,-62,391
41660,tilt_static,0.639160,0.048340,0.798584,43.712,0.160305,0.893130,-0.045802,224,-62,391
41680,tilt_static,0.642334,0.046631,0.801270,43.715,0.213740,0.885496,-0.099237,225,-62,391
41700,tilt_static,0.641357,0.056641,0.793213,43.704,0.206107,0.984733,-0.267176,225,-62,391
41720,tilt_static,0.641602,0.048584,0.792236,43.686,0.122137,0.938931,-0.099237,225,-62,391
41740,tilt_static,0.642090,0.051025,0.792969,43.692,0.236641,1.022901,-0.106870,224,-63,391
41760,tilt_static,0.637207,0.050537,0.795166,43.677,0.282443,1.015267,-0.137405,224,-63,391
41780,tilt_static,0.640137,0.051270,0.789307,43.724,0.213740,0.961832,-0.129771,224,-63,391
41800,tilt_static,0.640625,0.050293,0.802002,43.706,0.290076,0.992366,-0.083969,224,-63,391
41820,tilt_static,0.637695,0.050049,0.788086,43.689,0.290076,1.015267,-0.129771,224,-62,391
41840,tilt_static,0.637451,0.053467,0.796143,43.680,0.152672,1.061069,-0.198473,224,-62,391
41860,tilt_static,0.638184,0.055176,0.794189,43.736,0.236641,0.954198,-0.007634,224,-62,391
41880,tilt_static,0.638184,0.052490,0.787842,43.704,0.290076,0.938931,-0.114504,224,-63,391
41900,tilt_static,0.640381,0.053223,0.789063,43.712,0.198473,0.938931,-0.007634,224,-63,391
41920,tilt_static,0.638916,0.051025,0.796143,43.671,0.297710,0.954198,-0.175573,224,-63,391
41940,tilt_static,0.642090,0.052002,0.791748,43.689,0.244275,1.000000,-0.045802,224,-62,392
41960,tilt_static,0.639893,0.053467,0.792236,43.730,0.282443,1.030534,-0.099237,224,-62,392
41980,tilt_static,0.639893,0.049805,0.795410,43.709,0.282443,0.893130,-0.122137,224,-62,392
42000,tilt_static,0.637695,0.049561,0.791504,43.709,0.206107,0.931298,-0.106870,224,-62,392
42020,tilt_static,0.638916,0.052734,0.792236,43.680,0.175573,0.992366,-0.183206,223,-62,391
42040,tilt_static,0.641846,0.047119,0.797607,43.695,0.198473,0.893130,-0.122137,223,-62,391
42060,tilt_static,0.640625,0.051025,0.787842,43.709,0.282443,0.908397,-0.236641,223,-62,391
42080,tilt_static,0.636719,0.053467,0.801270,43.695,0.183206,0.931298,-0.068702,224,-63,391
42101,tilt_static,0.636963,0.047852,0.796631,43.695,0.251908,0.893130,-0.038168,224,-63,391
42120,tilt_static,0.639648,0.055420,0.798584,43.715,0.290076,0.969466,-0.061069,224,-63,391
42140,tilt_static,0.639893,0.048096,0.790527,43.692,0.244275,0.916031,-0.061069,224,-62,392
42161,tilt_static,0.641357,0.049072,0.798584,43.674,0.206107,0.946565,-0.190840,224,-62,392
42180,tilt_static,0.640381,0.051514,0.794189,43.724,0.335878,0.870229,-0.122137,224,-62,392
42200,tilt_static,0.637207,0.052979,0.794189,43.706,0.190840,0.877863,-0.114504,224,-62,392
42221,tilt_static,0.639648,0.051514,0.795898,43.695,0.244275,0.954198,-0.068702,223,-63,392
42240,tilt_static,0.636963,0.053223,0.793213,43.692,0.167939,0.908397,-0.175573,223,-63,392
42260,tilt_static,0.640137,0.058350,0.799316,43.730,0.206107,0.961832,-0.122137,223,-63,392
42280,tilt_static,0.643311,0.051025,0.796387,43.698,0.221374,1.053435,-0.221374,224,-63,391
42300,tilt_static,0.638184,0.049805,0.795410,43.689,0.167939,1.083969,-0.030534,224,-63,391
42320,tilt_static,0.640137,0.051758,0.791748,43.677,0.221374,1.022901,-0.106870,224,-63,391
42340,tilt_static,0.641357,0.050781,0.790039,43.686,0.190840,1.015267,-0.114504,224,-64,391
42360,tilt_static,0.638184,0.050293,0.795654,43.730,0.213740,0.916031,-0.030534,224,-64,391
42380,tilt_static,0.636230,0.051758,0.790527,43.727,0.259542,0.954198,-0.145038,224,-64,391
42400,tilt_static,0.638184,0.054199,0.800537,43.718,0.290076,0.900763,-0.114504,224,-64,391
42420,tilt_static,0.645752,0.050781,0.793701,43.695,0.190840,0.839695,-0.099237,223,-62,390
42440,tilt_static,0.639160,0.053711,0.790771,43.736,0.152672,1.068702,-0.236641,223,-62,390
42460,tilt_static,0.642578,0.052246,0.798096,43.712,0.190840,1.015267,-0.030534,223,-62,390
42480,tilt_static,0.637451,0.051758,0.795410,43.712,0.198473,0.923664,-0.038168,225,-63,390
42500,tilt_static,0.639648,0.053223,0.796387,43.698,0.206107,0.961832,-0.152672,225,-63,390
42520,tilt_static,0.640381,0.053711,0.794189,43.659,0.198473,0.862595,-0.022901,225,-63,390
42540,tilt_static,0.636719,0.050537,0.796387,43.721,0.290076,0.969466,-0.122137,225,-63,390
42560,tilt_static,0.639404,0.051514,0.792725,43.671,0.274809,0.916031,-0.038168,224,-62,390
42580,tilt_static,0.637939,0.050537,0.796143,43.698,0.190840,1.045802,-0.068702,224,-62,390
42600,tilt_static,0.638184,0.049316,0.795410,43.692,0.213740,1.022901,-0.213740,224,-62,390
42620,tilt_static,0.645020,0.050781,0.797363,43.686,0.198473,0.877863,-0.206107,225,-62,391
42640,tilt_static,0.636963,0.052246,0.795654,43.706,0.167939,0.931298,-0.091603,225,-62,391
42660,tilt_static,0.637207,0.050293,0.796875,43.704,0.290076,0.870229,-0.129771,225,-62,391
42680,tilt_static,0.637695,0.053711,0.799072,43.665,0.267176,0.961832,-0.106870,225,-63,391
42700,tilt_static,0.641357,0.051514,0.796143,43.712,0.320611,0.908397,-0.282443,225,-63,391
42720,tilt_static,0.642822,0.052490,0.786865,43.704,0.221374,1.038168,-0.099237,225,-63,391
42740,tilt_static,0.635986,0.051514,0.793701,43.704,0.213740,0.961832,-0.083969,225,-63,391
42760,tilt_static,0.638916,0.051270,0.795410,43.680,0.152672,0.916031,-0.068702,224,-63,391
42780,tilt_static,0.640137,0.052979,0.794678,43.689,0.198473,0.877863,-0.114504,224,-63,391
42800,tilt_static,0.639404,0.050049,0.793213,43.701,0.221374,1.038168,-0.122137,224,-63,391
42820,tilt_static,0.635010,0.052002,0.793213,43.689,0.213740,0.961832,-0.160305,224,-63,392
42841,tilt_static,0.638916,0.052979,0.796875,43.680,0.267176,0.900763,-0.061069,224,-63,392
42860,tilt_static,0.637451,0.049805,0.792969,43.695,0.335878,0.832061,-0.015267,224,-63,392
42880,tilt_static,0.637939,0.056641,0.801270,43.701,0.198473,1.000000,-0.114504,225,-63,391
42901,tilt_static,0.637695,0.050781,0.798340,43.712,0.259542,1.030534,-0.122137,225,-63,391
42920,tilt_static,0.639160,0.053711,0.792480,43.695,0.145038,0.778626,-0.091603,225,-63,391
42940,tilt_static,0.637695,0.052490,0.789551,43.706,0.190840,1.030534,-0.137405,225,-63,391
42961,tilt_static,0.637939,0.050293,0.790771,43.677,0.175573,0.862595,-0.053435,224,-62,390
42980,tilt_static,0.641846,0.054688,0.796143,43.721,0.221374,0.938931,-0.068702,224,-62,390
43000,tilt_static,0.639160,0.050049,0.798584,43.698,0.290076,0.900763,-0.099237,224,-62,390
43020,tilt_static,0.638184,0.048340,0.790039,43.677,0.129771,0.923664,-0.099237,223,-63,391
43040,tilt_static,0.639648,0.053223,0.794678,43.709,0.229008,1.015267,-0.145038,223,-63,391
43060,tilt_static,0.641602,0.050537,0.795166,43.677,0.236641,0.946565,0.007634,223,-63,391
43080,tilt_static,0.640137,0.050781,0.794678,43.736,0.190840,0.900763,-0.083969,225,-63,391
43100,tilt_static,0.637939,0.054199,0.796387,43.692,0.236641,1.083969,-0.145038,225,-63,391
43120,tilt_static,0.636475,0.051025,0.797119,43.698,0.267176,1.007634,-0.068702,225,-63,391
43140,tilt_static,0.641357,0.052002,0.797363,43.698,0.137405,1.061069,-0.045802,225,-63,391
43160,tilt_static,0.636230,0.050781,0.794434,43.712,0.175573,0.954198,-0.129771,223,-63,391
43180,tilt_static,0.638184,0.049316,0.791260,43.715,0.160305,0.961832,-0.167939,223,-63,391
43200,tilt_static,0.642578,0.052734,0.793457,43.671,0.305344,0.984733,-0.099237,223,-63,391
43220,tilt_static,0.636963,0.049805,0.791016,43.730,0.175573,0.954198,-0.061069,223,-63,391
43240,tilt_static,0.638428,0.051758,0.795410,43.689,0.221374,0.954198,-0.160305,223,-63,391
43260,tilt_static,0.641846,0.055176,0.796631,43.683,0.213740,0.977099,-0.152672,223,-63,391
43280,tilt_static,0.636475,0.050537,0.797363,43.712,0.167939,1.015267,-0.198473,223,-63,391
43300,tilt_static,0.637695,0.048584,0.789795,43.727,0.129771,1.030534,0.007634,223,-63,391
43320,tilt_static,0.638184,0.050293,0.796631,43.680,0.236641,0.961832,-0.045802,223,-63,391
43340,tilt_static,0.642578,0.052490,0.792480,43.724,0.137405,0.992366,-0.152672,223,-63,391
43360,tilt_static,0.639160,0.048584,0.791260,43.727,0.091603,1.030534,-0.038168,224,-62,390
43380,tilt_static,0.639160,0.048828,0.793213,43.662,0.236641,0.931298,-0.053435,224,-62,390
43400,tilt_static,0.639648,0.052246,0.801025,43.671,0.236641,0.954198,-0.122137,224,-62,390
43420,tilt_static,0.639160,0.049316,0.792480,43.692,0.305344,0.900763,-0.068702,225,-62,391
43440,tilt_static,0.639160,0.053955,0.796875,43.698,0.221374,0.992366,-0.129771,225,-62,391
43460,tilt_static,0.642334,0.052734,0.800293,43.704,0.221374,0.923664,-0.038168,225,-62,391
43480,tilt_static,0.643311,0.049805,0.792725,43.698,0.251908,0.801527,-0.137405,225,-62,391
43500,tilt_static,0.639893,0.047119,0.796631,43.701,0.259542,1.068702,-0.106870,224,-63,393
43520,tilt_static,0.639648,0.054443,0.798096,43.695,0.274809,0.854962,-0.061069,224,-63,393
43541,tilt_static,0.643066,0.053223,0.796143,43.730,0.198473,0.946565,-0.137405,224,-63,393
43560,tilt_static,0.642090,0.051270,0.797363,43.671,0.160305,0.984733,-0.160305,224,-62,391
43580,tilt_static,0.639648,0.054932,0.793457,43.695,0.198473,0.854962,-0.045802,224,-62,391
43601,tilt_static,0.637939,0.051758,0.794434,43.686,0.167939,0.946565,-0.061069,224,-62,391
43620,tilt_static,0.640381,0.052490,0.791016,43.733,0.229008,1.015267,-0.022901,224,-63,392
43640,tilt_static,0.640137,0.048584,0.791016,43.709,0.335878,0.954198,-0.053435,224,-63,392
43660,tilt_static,0.638916,0.049805,0.786377,43.695,0.229008,0.969466,-0.083969,224,-63,392
43680,tilt_static,0.636963,0.051270,0.797363,43.689,0.221374,0.969466,-0.122137,224,-63,392
43700,tilt_static,0.639648,0.048340,0.789307,43.692,0.190840,0.954198,-0.099237,223,-63,392
43720,tilt_static,0.639160,0.053223,0.794678,43.706,0.221374,0.908397,-0.213740,223,-63,392
43740,tilt_static,0.642090,0.048584,0.792236,43.698,0.175573,0.916031,0.022901,223,-63,392
43760,tilt_static,0.638672,0.055664,0.788574,43.668,0.190840,0.992366,0.030534,225,-63,392
43780,tilt_static,0.637451,0.050293,0.790283,43.706,0.236641,0.900763,-0.061069,225,-63,392
43800,tilt_static,0.638916,0.051270,0.800049,43.709,0.236641,0.992366,-0.038168,225,-63,392
43820,tilt_static,0.637939,0.051758,0.799072,43.712,0.259542,1.015267,-0.145038,224,-62,393
43840,tilt_static,0.635010,0.052979,0.790771,43.683,0.274809,1.045802,-0.167939,224,-62,393
43860,tilt_static,0.639893,0.053223,0.791016,43.704,0.251908,0.992366,-0.198473,224,-62,393
43880,tilt_static,0.637451,0.052979,0.788086,43.709,0.183206,1.038168,-0.122137,224,-62,393
43900,tilt_static,0.640381,0.054199,0.794189,43.709,0.251908,0.908397,-0.198473,223,-63,391
43920,tilt_static,0.642578,0.049561,0.794678,43.721,0.190840,1.045802,-0.122137,223,-63,391
43940,tilt_static,0.639160,0.050537,0.800293,43.680,0.183206,1.022901,-0.061069,223,-63,391
43960,tilt_static,0.639404,0.051514,0.789551,43.721,0.282443,0.839695,-0.160305,224,-62,391
43980,tilt_static,0.638672,0.050049,0.795898,43.718,0.198473,0.862595,-0.099237,224,-62,391
44000,tilt_static,0.638184,0.050781,0.792725,43.698,0.259542,1.000000,-0.091603,224,-62,391
44020,tilt_static,0.637451,0.051758,0.793701,43.659,0.297710,0.916031,-0.022901,224,-62,392
44040,tilt_static,0.637451,0.050781,0.801025,43.721,0.152672,0.893130,-0.076336,224,-62,392
44060,tilt_static,0.634766,0.052246,0.797607,43.698,0.213740,0.992366,0.000000,224,-62,392
44080,tilt_static,0.639893,0.052002,0.791504,43.683,0.267176,0.938931,-0.030534,224,-62,392
44100,tilt_static,0.638916,0.051025,0.794678,43.680,0.297710,1.061069,-0.122137,224,-63,391
44120,tilt_static,0.638428,0.052979,0.802002,43.704,0.297710,1.091603,0.030534,224,-63,391
44140,tilt_static,0.639893,0.052734,0.791016,43.733,0.152672,0.908397,-0.167939,224,-63,391
44160,tilt_static,0.640137,0.050293,0.792480,43.709,0.167939,0.969466,-0.114504,223,-63,390
44180,tilt_static,0.637695,0.052490,0.790039,43.662,0.198473,0.984733,-0.099237,223,-63,390
44200,tilt_static,0.641113,0.051270,0.789551,43.739,0.106870,1.076336,-0.022901,223,-63,390
44220,tilt_static,0.638672,0.049805,0.797119,43.706,0.206107,0.977099,-0.137405,224,-62,389
44240,tilt_static,0.637939,0.055420,0.796387,43.724,0.267176,0.900763,-0.129771,224,-62,389
44260,tilt_static,0.637695,0.053955,0.796143,43.721,0.183206,1.114504,-0.068702,224,-62,389
44281,tilt_static,0.637207,0.050537,0.796631,43.724,0.236641,0.992366,-0.083969,224,-62,389
44300,tilt_static,0.636230,0.048584,0.796631,43.718,0.297710,1.000000,-0.038168,223,-61,391
44320,tilt_static,0.639404,0.049561,0.791016,43.692,0.213740,0.916031,-0.007634,223,-61,391
44341,tilt_static,0.642578,0.053467,0.793945,43.715,0.259542,0.938931,-0.045802,223,-61,391
44360,tilt_static,0.641113,0.051270,0.794434,43.695,0.259542,1.022901,-0.206107,224,-62,392
44380,tilt_static,0.642822,0.049805,0.795166,43.709,0.244275,0.900763,-0.022901,224,-62,392
44401,tilt_static,0.637695,0.048584,0.796387,43.751,0.305344,1.076336,-0.083969,224,-62,392
44420,tilt_static,0.638672,0.051270,0.793701,43.724,0.229008,0.900763,-0.175573,224,-63,390
44440,tilt_static,0.641357,0.051270,0.793457,43.695,0.198473,1.015267,-0.099237,224,-63,390
44461,tilt_static,0.636230,0.054443,0.792480,43.659,0.259542,0.809160,-0.152672,224,-63,390
44480,tilt_static,0.643066,0.051758,0.797119,43.701,0.221374,0.854962,-0.114504,224,-63,390
44500,tilt_static,0.638672,0.050781,0.795166,43.686,0.236641,0.885496,-0.045802,224,-62,391
44520,tilt_static,0.637939,0.051758,0.793945,43.706,0.251908,0.923664,-0.068702,224,-62,391
44540,tilt_static,0.637939,0.051025,0.787598,43.742,0.114504,1.061069,-0.114504,224,-62,391
44560,tilt_static,0.643066,0.047852,0.791992,43.701,0.267176,0.870229,-0.122137,225,-62,392
44580,tilt_static,0.634521,0.051514,0.797607,43.712,0.259542,1.007634,-0.099237,225,-62,392
44600,tilt_static,0.636963,0.050049,0.794922,43.686,0.160305,0.885496,0.030534,225,-62,392
44620,tilt_static,0.641846,0.047852,0.790527,43.724,0.297710,0.893130,-0.007634,225,-62,392
44640,tilt_static,0.637939,0.050537,0.795166,43.692,0.190840,1.015267,-0.053435,224,-62,390
44660,tilt_static,0.634277,0.048096,0.796875,43.686,0.251908,1.045802,-0.061069,224,-62,390
44680,tilt_static,0.642090,0.052734,0.794434,43.706,0.229008,0.954198,-0.083969,224,-62,390
44700,tilt_static,0.637695,0.053711,0.791260,43.709,0.221374,0.969466,-0.106870,224,-62,390
44720,tilt_static,0.638916,0.051758,0.795410,43.695,0.236641,0.938931,-0.106870,224,-62,390
44740,tilt_static,0.639648,0.052246,0.785889,43.706,0.229008,0.977099,-0.152672,224,-62,390
44760,tilt_static,0.637451,0.051270,0.798096,43.712,0.244275,0.946565,0.068702,225,-63,392
44780,tilt_static,0.637939,0.051270,0.797607,43.721,0.175573,0.923664,-0.114504,225,-63,392
44800,tilt_static,0.636719,0.054443,0.797607,43.701,0.160305,0.877863,-0.114504,225,-63,392
44820,tilt_static,0.641602,0.051270,0.795898,43.706,0.244275,0.938931,-0.122137,225,-63,392
44840,tilt_static,0.638184,0.049316,0.796143,43.706,0.274809,0.923664,-0.091603,223,-62,392
44860,tilt_static,0.636230,0.050781,0.794434,43.701,0.312977,0.961832,-0.114504,223,-62,392
44880,tilt_static,0.637939,0.049316,0.799561,43.701,0.236641,0.954198,-0.091603,223,-62,392
44900,tilt_static,0.637451,0.047119,0.800049,43.715,0.152672,1.083969,-0.068702,225,-62,392
44920,tilt_static,0.639160,0.048584,0.792725,43.727,0.160305,1.015267,-0.106870,225,-62,392
44940,tilt_static,0.639893,0.052002,0.799072,43.695,0.229008,0.893130,-0.106870,225,-62,392
44960,tilt_static,0.639160,0.052734,0.789795,43.712,0.175573,0.961832,-0.053435,225,-63,393
44980,tilt_static,0.638916,0.050781,0.791016,43.709,0.229008,0.992366,-0.122137,225,-63,393
45000,tilt_static,0.639893,0.052490,0.794189,43.730,0.221374,0.908397,-0.114504,225,-63,393
45020,tilt_static,0.638672,0.049316,0.791992,43.724,0.152672,0.908397,-0.106870,225,-63,393
45041,tilt_static,0.639404,0.049805,0.796875,43.689,0.167939,0.854962,-0.053435,223,-63,389
45060,tilt_static,0.637695,0.053955,0.793457,43.695,0.267176,0.992366,-0.076336,223,-63,389
45080,tilt_static,0.640625,0.051270,0.796387,43.689,0.236641,1.091603,-0.106870,223,-63,389
45100,tilt_static,0.639404,0.051758,0.787842,43.677,0.229008,0.954198,-0.145038,225,-63,392
45120,tilt_static,0.640137,0.050293,0.792236,43.692,0.290076,0.885496,-0.114504,225,-63,392
45140,tilt_static,0.635986,0.051758,0.789063,43.701,0.297710,1.000000,-0.190840,225,-63,392
45160,tilt_static,0.638184,0.053711,0.796143,43.698,0.221374,0.969466,0.000000,223,-62,391
45180,tilt_static,0.637451,0.052734,0.799072,43.718,0.274809,0.961832,0.000000,223,-62,391
45200,tilt_static,0.640137,0.054199,0.799561,43.695,0.198473,1.061069,-0.198473,223,-62,391
45220,tilt_static,0.635742,0.051025,0.792480,43.715,0.221374,0.847328,-0.053435,223,-62,391
45240,tilt_static,0.638184,0.055420,0.794434,43.695,0.290076,0.916031,-0.099237,223,-62,391
45260,tilt_static,0.639893,0.050781,0.791748,43.704,0.198473,0.938931,-0.015267,223,-62,391
45280,tilt_static,0.639893,0.050781,0.794922,43.704,0.251908,0.938931,-0.091603,223,-62,391
45300,tilt_static,0.636963,0.047607,0.788818,43.689,0.320611,0.793893,-0.015267,225,-63,391
45320,tilt_static,0.638184,0.052002,0.797607,43.721,0.328244,0.954198,-0.053435,225,-63,391
45340,tilt_static,0.640381,0.052490,0.794678,43.683,0.167939,0.923664,-0.091603,225,-63,391
45360,tilt_static,0.635498,0.052490,0.787598,43.715,0.160305,1.045802,-0.122137,224,-63,392
45380,tilt_static,0.641357,0.050781,0.796143,43.695,0.251908,0.908397,-0.015267,224,-63,392
45400,tilt_static,0.637939,0.050781,0.798828,43.733,0.129771,0.931298,-0.129771,224,-63,392
45420,tilt_static,0.638428,0.051514,0.798096,43.709,0.221374,0.885496,-0.198473,224,-63,392
45440,tilt_static,0.637207,0.050537,0.787598,43.704,0.175573,1.000000,-0.190840,224,-62,390
45460,tilt_static,0.635010,0.055176,0.791260,43.698,0.259542,0.954198,-0.106870,224,-62,390
45480,tilt_static,0.639160,0.051025,0.794434,43.715,0.190840,0.893130,-0.282443,224,-62,390
45500,tilt_static,0.640381,0.049805,0.798828,43.686,0.198473,0.923664,-0.068702,225,-62,391
45520,tilt_static,0.639648,0.049561,0.797119,43.733,0.267176,0.916031,-0.068702,225,-62,391
45540,tilt_static,0.638184,0.052734,0.788818,43.721,0.236641,0.862595,-0.091603,225,-62,391
45560,tilt_static,0.641113,0.049072,0.797607,43.689,0.175573,0.854962,-0.038168,225,-62,391
45580,tilt_static,0.640869,0.048340,0.789795,43.704,0.312977,1.000000,-0.114504,224,-63,391
45600,tilt_static,0.641357,0.049805,0.788574,43.704,0.236641,0.900763,-0.076336,224,-63,391
45620,tilt_static,0.635010,0.052002,0.795654,43.695,0.305344,0.938931,-0.007634,224,-63,391
45640,tilt_static,0.639404,0.047119,0.790527,43.695,0.244275,0.885496,-0.083969,224,-63,392
45660,tilt_static,0.640381,0.051514,0.800293,43.680,0.221374,0.908397,-0.137405,224,-63,392
45680,tilt_static,0.640381,0.053467,0.795166,43.727,0.251908,1.076336,-0.053435,224,-63,392
45700,tilt_static,0.637207,0.051270,0.791260,43.727,0.259542,0.992366,-0.160305,224,-62,391
45720,tilt_static,0.635254,0.049805,0.793457,43.689,0.274809,0.961832,-0.061069,224,-62,391
45740,tilt_static,0.637939,0.053467,0.796143,43.701,0.282443,1.022901,-0.175573,224,-62,391
45760,tilt_static,0.643066,0.054443,0.796875,43.671,0.229008,1.007634,-0.091603,224,-62,391
45780,tilt_static,0.634277,0.050049,0.795654,43.698,0.305344,0.992366,-0.137405,224,-62,391
45800,tilt_static,0.645264,0.050537,0.795654,43.692,0.099237,1.045802,-0.183206,224,-62,391
45820,tilt_static,0.634766,0.051270,0.791016,43.689,0.198473,1.015267,-0.061069,224,-62,391
45840,tilt_static,0.641357,0.052002,0.792725,43.698,0.236641,0.984733,-0.167939,224,-62,391
45860,tilt_static,0.639160,0.043945,0.798584,43.709,0.221374,0.923664,-0.045802,224,-62,391
45880,tilt_static,0.641357,0.053223,0.793701,43.709,0.221374,0.961832,-0.160305,224,-62,391
45901,tilt_static,0.637451,0.049561,0.798096,43.709,0.213740,1.061069,-0.083969,224,-63,391
45920,tilt_static,0.643799,0.053467,0.796143,43.736,0.259542,0.961832,-0.068702,224,-63,391
45940,tilt_static,0.640381,0.049805,0.792236,43.695,0.229008,1.015267,0.030534,224,-63,391
45961,tilt_static,0.639893,0.050781,0.790039,43.677,0.381679,0.770992,-0.167939,224,-63,391
45980,tilt_static,0.637939,0.051758,0.791260,43.730,0.244275,0.946565,-0.015267,224,-62,392
46000,tilt_static,0.640381,0.051025,0.793213,43.718,0.167939,0.977099,-0.038168,224,-62,392
46020,tilt_static,0.638672,0.048096,0.800293,43.701,0.175573,0.961832,-0.137405,224,-62,392
46040,tilt_static,0.635498,0.052002,0.800049,43.686,0.251908,0.946565,-0.152672,225,-63,390
46060,tilt_static,0.637207,0.051514,0.792969,43.677,0.305344,0.870229,-0.145038,225,-63,390
46080,tilt_static,0.639404,0.052734,0.791748,43.698,0.244275,0.923664,-0.198473,225,-63,390
46100,tilt_static,0.640137,0.053223,0.791016,43.698,0.206107,0.977099,-0.137405,224,-62,391
46120,tilt_static,0.636475,0.050049,0.793945,43.721,0.160305,0.923664,-0.122137,224,-62,391
46140,tilt_static,0.638184,0.056885,0.790771,43.683,0.221374,0.923664,-0.122137,224,-62,391
46160,tilt_static,0.642334,0.049561,0.793701,43.704,0.282443,0.786260,-0.145038,224,-62,391
46180,tilt_static,0.641846,0.050781,0.791260,43.724,0.206107,1.015267,-0.267176,224,-63,391
46200,tilt_static,0.640137,0.049316,0.793457,43.683,0.297710,0.923664,-0.137405,224,-63,391
46220,tilt_static,0.635254,0.051514,0.796387,43.695,0.229008,0.961832,-0.175573,224,-63,391
46240,tilt_static,0.640381,0.051270,0.789307,43.745,0.259542,0.969466,-0.022901,226,-62,391
46260,tilt_static,0.641113,0.048584,0.789063,43.677,0.175573,1.015267,-0.083969,226,-62,391
46280,tilt_static,0.639648,0.051758,0.796143,43.695,0.137405,0.916031,-0.099237,226,-62,391
46300,tilt_static,0.640869,0.053711,0.801270,43.706,0.198473,0.954198,-0.183206,224,-62,392
46320,tilt_static,0.639893,0.049561,0.792969,43.718,0.229008,1.045802,-0.160305,224,-62,392
46340,tilt_static,0.637207,0.053711,0.796143,43.727,0.206107,0.938931,-0.175573,224,-62,392
46360,tilt_static,0.640381,0.051270,0.790771,43.715,0.206107,0.946565,-0.091603,224,-62,392
46380,tilt_static,0.638916,0.051025,0.794922,43.689,0.152672,0.931298,-0.129771,224,-62,392
46400,tilt_static,0.638672,0.050781,0.795898,43.709,0.167939,0.839695,0.015267,224,-62,392
46420,tilt_static,0.639404,0.049561,0.797363,43.718,0.129771,0.961832,-0.053435,224,-62,392
46440,tilt_static,0.640381,0.054688,0.792725,43.656,0.175573,0.885496,-0.167939,225,-62,393
46460,tilt_static,0.643555,0.052734,0.798828,43.704,0.320611,0.969466,-0.190840,225,-62,393
46480,tilt_static,0.637451,0.052734,0.793457,43.742,0.229008,0.900763,-0.137405,225,-62,393
46500,tilt_static,0.640869,0.051270,0.793701,43.724,0.198473,1.015267,-0.175573,224,-62,392
46520,tilt_static,0.638184,0.050049,0.798828,43.715,0.083969,0.977099,-0.145038,224,-62,392
46541,tilt_static,0.638916,0.049805,0.797607,43.736,0.167939,0.984733,-0.061069,224,-62,392
46560,tilt_static,0.641113,0.051514,0.792480,43.733,0.274809,0.786260,-0.106870,224,-62,392
46580,tilt_static,0.642578,0.048584,0.801025,43.674,0.221374,0.824428,-0.076336,224,-63,390
46601,tilt_static,0.637451,0.049561,0.794678,43.727,0.206107,0.832061,-0.068702,224,-63,390
46620,tilt_static,0.643066,0.053955,0.791016,43.718,0.282443,0.839695,0.007634,224,-63,390
46640,tilt_static,0.640869,0.052490,0.789307,43.704,0.282443,1.030534,-0.030534,224,-63,392
46660,tilt_static,0.642090,0.051514,0.793945,43.712,0.229008,0.984733,-0.099237,224,-63,392
46680,tilt_static,0.640869,0.051025,0.800293,43.695,0.244275,1.015267,-0.259542,224,-63,392
46700,tilt_static,0.638672,0.052490,0.800049,43.718,0.221374,0.969466,-0.152672,224,-63,392
46720,tilt_static,0.639404,0.053955,0.790283,43.718,0.251908,0.923664,-0.083969,225,-63,393
46740,tilt_static,0.639648,0.050293,0.790527,43.721,0.282443,1.022901,-0.152672,225,-63,393
46760,tilt_static,0.636963,0.050781,0.791504,43.701,0.206107,0.923664,-0.083969,225,-63,393
46780,tilt_static,0.639160,0.055176,0.793457,43.698,0.175573,1.045802,-0.045802,223,-63,390
46800,tilt_static,0.641113,0.052490,0.792480,43.742,0.236641,0.946565,-0.122137,223,-63,390
46820,tilt_static,0.637451,0.052246,0.789795,43.701,0.274809,0.847328,-0.083969,223,-63,390
46840,tilt_static,0.640381,0.052002,0.791016,43.689,0.236641,0.977099,0.022901,223,-63,391
46860,tilt_static,0.639404,0.053711,0.793457,43.739,0.244275,0.809160,-0.106870,223,-63,391
46880,tilt_static,0.638184,0.051270,0.798828,43.704,0.213740,0.870229,-0.068702,223,-63,391
46900,tilt_static,0.638672,0.046875,0.800781,43.715,0.343511,0.854962,-0.114504,223,-63,391
46920,tilt_static,0.639160,0.046387,0.791260,43.677,0.198473,0.954198,-0.167939,223,-63,394
46940,tilt_static,0.638184,0.049316,0.790771,43.686,0.244275,0.931298,-0.114504,223,-63,394
46960,tilt_static,0.639160,0.052490,0.793457,43.671,0.358779,1.022901,-0.137405,223,-63,394
46980,tilt_static,0.639404,0.050293,0.795410,43.718,0.198473,0.793893,-0.129771,224,-62,391
47000,tilt_static,0.637695,0.049805,0.791504,43.692,0.198473,1.137405,-0.137405,224,-62,391
47020,tilt_static,0.635986,0.046387,0.793945,43.712,0.183206,1.038168,-0.183206,224,-62,391
47040,tilt_static,0.639404,0.052490,0.791504,43.715,0.312977,0.938931,-0.030534,225,-62,390
47060,tilt_static,0.637939,0.052490,0.799316,43.712,0.290076,0.969466,-0.030534,225,-62,390
47080,tilt_static,0.637695,0.047119,0.791748,43.680,0.290076,0.862595,-0.076336,225,-62,390
47100,tilt_static,0.642334,0.053955,0.794678,43.686,0.152672,0.946565,-0.091603,225,-62,390
47120,tilt_static,0.636230,0.050537,0.792236,43.677,0.244275,0.900763,-0.152672,224,-62,390
47140,tilt_static,0.640869,0.051514,0.789307,43.715,0.259542,0.984733,0.007634,224,-62,390
47160,tilt_static,0.640137,0.050293,0.791016,43.718,0.251908,0.786260,-0.076336,224,-62,390
47180,tilt_static,0.638672,0.048340,0.789063,43.668,0.366412,1.038168,0.045802,224,-63,391
47200,tilt_static,0.634277,0.051758,0.798584,43.715,0.152672,0.908397,-0.114504,224,-63,391
47220,tilt_static,0.636719,0.052246,0.795898,43.706,0.206107,0.946565,-0.114504,224,-63,391
47240,tilt_static,0.640381,0.049561,0.791016,43.686,0.229008,1.053435,-0.045802,224,-62,392
47260,tilt_static,0.635254,0.052490,0.793701,43.709,0.152672,0.954198,-0.129771,224,-62,392
47281,tilt_static,0.638916,0.054199,0.787109,43.695,0.251908,0.961832,-0.114504,224,-62,392
47300,tilt_static,0.636963,0.051025,0.787109,43.706,0.259542,0.931298,-0.114504,224,-62,392
47320,tilt_static,0.636475,0.049805,0.795166,43.706,0.305344,0.954198,-0.236641,223,-63,391
47341,tilt_static,0.637695,0.056396,0.798096,43.704,0.374046,0.854962,-0.061069,223,-63,391
47360,tilt_static,0.637207,0.048340,0.797363,43.730,0.221374,0.900763,-0.045802,223,-63,391
47380,tilt_static,0.637939,0.050781,0.795654,43.689,0.229008,1.007634,-0.076336,224,-63,391
47401,tilt_static,0.636230,0.051514,0.791992,43.683,0.145038,0.961832,-0.045802,224,-63,391
47420,tilt_static,0.638428,0.052979,0.798828,43.709,0.312977,0.916031,-0.145038,224,-63,391
47440,tilt_static,0.638916,0.053711,0.794678,43.701,0.259542,0.954198,-0.114504,225,-62,392
47460,tilt_static,0.639160,0.050781,0.796875,43.709,0.206107,0.954198,-0.099237,225,-62,392
47480,tilt_static,0.637451,0.054199,0.792725,43.721,0.213740,0.938931,0.091603,225,-62,392
47500,tilt_static,0.639648,0.050781,0.799805,43.706,0.267176,0.954198,-0.137405,225,-62,392
47520,tilt_static,0.636963,0.051025,0.791016,43.689,0.206107,0.984733,-0.175573,223,-62,390
47540,tilt_static,0.640625,0.050049,0.789551,43.683,0.328244,0.824428,-0.251908,223,-62,390
47560,tilt_static,0.636963,0.050293,0.789307,43.698,0.236641,0.961832,-0.091603,223,-62,390
47580,tilt_static,0.635254,0.050781,0.798584,43.712,0.259542,0.946565,0.015267,224,-62,392
47600,tilt_static,0.640869,0.050781,0.792480,43.709,0.236641,1.000000,-0.061069,224,-62,392
47620,tilt_static,0.636963,0.049561,0.792480,43.709,0.160305,1.015267,-0.038168,224,-62,392
47640,tilt_static,0.637695,0.051758,0.795654,43.704,0.221374,0.969466,-0.068702,224,-63,392
47660,tilt_static,0.637207,0.050293,0.792969,43.706,0.190840,1.015267,-0.206107,224,-63,392
47680,tilt_static,0.636719,0.052734,0.795410,43.712,0.229008,0.938931,-0.129771,224,-63,392
47700,tilt_static,0.637695,0.052490,0.791748,43.730,0.267176,0.984733,-0.183206,224,-63,392
47720,tilt_static,0.641357,0.050293,0.795898,43.704,0.213740,1.007634,-0.061069,225,-63,390
47740,tilt_static,0.638428,0.050781,0.793213,43.724,0.282443,0.977099,-0.099237,225,-63,390
47760,tilt_static,0.637451,0.056396,0.795654,43.689,0.244275,0.961832,-0.061069,225,-63,390
47780,tilt_static,0.636475,0.053711,0.790771,43.718,0.236641,0.916031,-0.129771,224,-62,392
47800,tilt_static,0.639404,0.051270,0.791748,43.721,0.244275,0.961832,-0.068702,224,-62,392
47820,tilt_static,0.636719,0.050781,0.791016,43.701,0.259542,1.000000,-0.297710,224,-62,392
47840,tilt_static,0.641357,0.050537,0.794189,43.712,0.213740,1.000000,-0.114504,224,-62,392
47860,tilt_static,0.635254,0.051514,0.793213,43.715,0.229008,1.099237,-0.175573,225,-63,392
47880,tilt_static,0.642822,0.049805,0.791504,43.680,0.236641,0.984733,-0.129771,225,-63,392
47900,tilt_static,0.639648,0.049561,0.789551,43.721,0.290076,0.961832,-0.160305,225,-63,392
47920,tilt_static,0.636475,0.051025,0.793457,43.712,0.114504,0.969466,-0.129771,224,-62,391
47940,tilt_static,0.641357,0.051514,0.792725,43.712,0.221374,0.969466,-0.106870,224,-62,391
47960,tilt_static,0.637207,0.051758,0.792969,43.712,0.251908,0.984733,-0.160305,224,-62,391
47981,tilt_static,0.637207,0.052734,0.793945,43.704,0.259542,0.908397,0.007634,224,-63,391
48000,tilt_static,0.639160,0.052979,0.792236,43.709,0.129771,0.900763,-0.091603,224,-63,391
48020,tilt_static,0.639404,0.048584,0.790283,43.721,0.145038,0.847328,-0.068702,224,-63,391
48041,tilt_static,0.638428,0.054443,0.798584,43.686,0.213740,0.900763,-0.099237,224,-63,391
48060,tilt_static,0.636963,0.050293,0.790039,43.706,0.213740,0.885496,-0.053435,224,-63,392
48080,tilt_static,0.638672,0.049072,0.797119,43.692,0.122137,0.961832,-0.099237,224,-63,392
48100,tilt_static,0.637939,0.051025,0.793213,43.704,0.259542,1.030534,-0.236641,224,-63,392
48120,tilt_static,0.635986,0.052246,0.795898,43.706,0.351145,0.977099,-0.145038,224,-63,390
48140,tilt_static,0.636719,0.050537,0.795654,43.689,0.236641,0.954198,-0.053435,224,-63,390
48160,tilt_static,0.642090,0.053223,0.799805,43.689,0.167939,0.893130,-0.030534,224,-63,390
48180,tilt_static,0.640869,0.054932,0.797119,43.704,0.259542,0.916031,-0.038168,224,-63,392
48200,tilt_static,0.638428,0.051758,0.795898,43.718,0.190840,0.938931,-0.129771,224,-63,392
48220,tilt_static,0.641602,0.052490,0.797607,43.695,0.274809,0.824428,-0.152672,224,-63,392
48240,tilt_static,0.635986,0.050781,0.798340,43.706,0.236641,1.022901,-0.221374,224,-63,392
48260,tilt_static,0.641113,0.049316,0.798096,43.709,0.206107,1.061069,-0.137405,225,-63,390
48280,tilt_static,0.636719,0.048828,0.792236,43.724,0.236641,0.969466,-0.045802,225,-63,390
48300,tilt_static,0.639404,0.050049,0.792725,43.698,0.114504,0.900763,-0.106870,225,-63,390
48320,tilt_static,0.640625,0.049561,0.794922,43.721,0.167939,0.839695,-0.129771,223,-63,391
48340,tilt_static,0.638672,0.051758,0.798096,43.712,0.198473,0.992366,-0.236641,223,-63,391
48360,tilt_static,0.637207,0.051514,0.794189,43.709,0.343511,0.969466,0.038168,223,-63,391
48380,tilt_static,0.636963,0.056396,0.797852,43.709,0.251908,0.938931,-0.190840,225,-62,390
48400,tilt_static,0.637939,0.048340,0.790039,43.709,0.152672,0.854962,-0.129771,225,-62,390
48420,tilt_static,0.633301,0.052002,0.798828,43.733,0.206107,1.015267,-0.114504,225,-62,390
48440,tilt_static,0.639160,0.053955,0.791992,43.698,0.145038,0.908397,-0.053435,225,-62,390
48460,tilt_static,0.636963,0.049561,0.791260,43.704,0.198473,0.992366,-0.015267,224,-63,390
48480,tilt_static,0.644287,0.050049,0.796387,43.695,0.259542,0.931298,-0.091603,224,-63,390
48500,tilt_static,0.638916,0.054199,0.791504,43.721,0.251908,0.984733,-0.114504,224,-63,390
48520,tilt_static,0.639404,0.051514,0.794189,43.709,0.274809,0.916031,-0.061069,225,-62,393
48540,tilt_static,0.640869,0.050537,0.795410,43.730,0.229008,1.076336,-0.045802,225,-62,393
48560,tilt_static,0.641602,0.052490,0.793701,43.739,0.274809,1.015267,-0.137405,225,-62,393
48580,tilt_static,0.639893,0.049805,0.795898,43.695,0.190840,0.969466,-0.091603,224,-63,391
48600,tilt_static,0.637695,0.051025,0.794922,43.709,0.244275,1.038168,-0.076336,224,-63,391
48620,tilt_static,0.637451,0.050537,0.796631,43.730,0.244275,0.946565,-0.022901,224,-63,391
48640,tilt_static,0.635010,0.050293,0.793945,43.706,0.244275,0.885496,-0.122137,224,-63,391
48660,tilt_static,0.637695,0.046143,0.789795,43.727,0.206107,0.916031,-0.145038,224,-62,391
48680,tilt_static,0.639404,0.049072,0.793457,43.686,0.328244,0.938931,-0.038168,224,-62,391
48700,tilt_static,0.643066,0.050049,0.792969,43.695,0.221374,0.900763,-0.038168,224,-62,391
48721,tilt_static,0.635742,0.051514,0.793701,43.736,0.198473,0.992366,-0.114504,225,-62,392
48740,tilt_static,0.639648,0.050293,0.795654,43.706,0.183206,0.908397,-0.106870,225,-62,392
48760,tilt_static,0.639648,0.049561,0.786621,43.706,0.290076,0.954198,0.022901,225,-62,392
48781,tilt_static,0.635986,0.052979,0.802490,43.715,0.290076,1.083969,-0.122137,225,-63,392
48800,tilt_static,0.639160,0.053711,0.792480,43.709,0.167939,0.984733,-0.076336,224,-63,392
48820,tilt_static,0.637939,0.051025,0.792236,43.701,0.259542,0.984733,-0.068702,224,-63,392
48840,tilt_static,0.636719,0.051758,0.798340,43.736,0.274809,0.923664,-0.122137,224,-63,392
48860,tilt_static,0.637695,0.049072,0.790283,43.727,0.251908,0.977099,-0.091603,225,-63,391
48880,tilt_static,0.636475,0.050537,0.794678,43.701,0.381679,0.870229,-0.030534,225,-63,391
48900,tilt_static,0.641602,0.051514,0.795410,43.718,0.190840,0.923664,-0.053435,225,-63,391
48920,tilt_static,0.637207,0.049316,0.793457,43.730,0.175573,1.022901,-0.145038,224,-62,390
48940,tilt_static,0.638428,0.052002,0.789551,43.689,0.305344,0.977099,-0.030534,224,-62,390
48960,tilt_static,0.638184,0.051270,0.793945,43.709,0.190840,1.038168,-0.106870,224,-62,390
48980,tilt_static,0.635498,0.050293,0.794678,43.706,0.267176,0.801527,-0.122137,224,-62,390
49000,tilt_static,0.637451,0.052490,0.787354,43.692,0.251908,0.916031,-0.045802,224,-62,392
49020,tilt_static,0.638184,0.051514,0.793457,43.709,0.206107,0.854962,-0.015267,224,-62,392
49040,tilt_static,0.637695,0.049561,0.789795,43.706,0.167939,0.870229,-0.106870,224,-62,392
49060,tilt_static,0.638672,0.053223,0.797119,43.706,0.183206,0.977099,-0.160305,225,-63,392
49080,tilt_static,0.637695,0.049561,0.796631,43.736,0.198473,1.000000,-0.045802,225,-63,392
49100,tilt_static,0.636719,0.053955,0.795410,43.712,0.274809,0.938931,-0.206107,225,-63,392
49120,tilt_static,0.638184,0.054688,0.793213,43.736,0.114504,1.038168,-0.068702,225,-62,392
49140,tilt_static,0.639893,0.052490,0.798828,43.736,0.213740,1.038168,-0.137405,225,-62,392
49160,tilt_static,0.637207,0.051270,0.797119,43.715,0.297710,0.954198,-0.061069,225,-62,392
49180,tilt_static,0.640381,0.049072,0.793701,43.715,0.190840,0.923664,-0.030534,225,-62,392
49200,tilt_static,0.640137,0.052734,0.797119,43.692,0.290076,0.801527,-0.068702,224,-61,390
49220,tilt_static,0.636475,0.047852,0.797852,43.712,0.328244,0.946565,-0.083969,224,-61,390
49240,tilt_static,0.642090,0.052734,0.788330,43.745,0.312977,0.870229,-0.145038,224,-61,390
49260,tilt_static,0.637939,0.053711,0.798828,43.706,0.129771,0.916031,-0.099237,224,-61,391
49280,tilt_static,0.635986,0.051025,0.791504,43.712,0.183206,0.923664,-0.038168,224,-61,391
49300,tilt_static,0.633301,0.052734,0.793213,43.709,0.358779,0.977099,-0.076336,224,-61,391
49320,tilt_static,0.637451,0.050537,0.792236,43.686,0.213740,0.839695,-0.099237,225,-63,392
49340,tilt_static,0.642822,0.051025,0.794434,43.739,0.259542,0.854962,-0.038168,225,-63,392
49361,tilt_static,0.636963,0.051758,0.792725,43.709,0.305344,0.977099,-0.106870,225,-63,392
49380,tilt_static,0.636719,0.044434,0.791504,43.712,0.320611,0.961832,-0.160305,225,-63,392
49400,tilt_static,0.638428,0.053223,0.794678,43.709,0.167939,0.969466,-0.068702,223,-62,391
49421,tilt_static,0.639893,0.051514,0.789063,43.698,0.145038,0.977099,0.007634,223,-62,391
49440,tilt_static,0.638672,0.051025,0.792236,43.730,0.229008,0.954198,-0.068702,223,-62,391
49460,tilt_static,0.638916,0.054443,0.795166,43.689,0.190840,0.832061,-0.045802,226,-62,393
49481,tilt_static,0.642090,0.050293,0.794434,43.692,0.236641,0.946565,-0.198473,226,-62,393
49500,tilt_static,0.636719,0.050049,0.793457,43.718,0.251908,0.954198,-0.099237,226,-62,393
49520,tilt_static,0.641846,0.053467,0.796143,43.701,0.137405,1.068702,-0.137405,223,-63,391
49540,tilt_static,0.642090,0.051025,0.795898,43.701,0.290076,0.977099,-0.068702,223,-63,391
49560,tilt_static,0.639893,0.050781,0.793213,43.706,0.190840,0.862595,-0.038168,223,-63,391
49580,tilt_static,0.643799,0.054443,0.794434,43.715,0.213740,0.969466,-0.015267,223,-63,391
49600,tilt_static,0.639648,0.047852,0.796631,43.736,0.106870,1.137405,-0.152672,224,-63,391
49620,tilt_static,0.635010,0.052490,0.789551,43.715,0.190840,0.885496,-0.122137,224,-63,391
49640,tilt_static,0.638184,0.052002,0.793945,43.712,0.167939,1.083969,-0.038168,224,-63,391
49660,tilt_static,0.635010,0.050781,0.792969,43.712,0.290076,1.000000,-0.160305,224,-63,391
49680,tilt_static,0.635498,0.052734,0.792236,43.689,0.213740,1.114504,0.038168,224,-63,391
49700,tilt_static,0.640625,0.052246,0.792725,43.704,0.190840,0.984733,-0.076336,224,-63,391
49720,tilt_static,0.634521,0.052002,0.792236,43.692,0.244275,0.900763,-0.122137,223,-63,391
49740,tilt_static,0.639648,0.052002,0.796387,43.718,0.251908,1.045802,-0.145038,223,-63,391
49760,tilt_static,0.642822,0.052490,0.801514,43.704,0.328244,0.984733,0.007634,223,-63,391
49780,tilt_static,0.637939,0.051025,0.786865,43.712,0.259542,1.091603,-0.152672,223,-63,391
49800,tilt_static,0.636475,0.046387,0.794922,43.689,0.206107,1.045802,-0.106870,225,-62,391
49820,tilt_static,0.638916,0.053467,0.809082,43.686,0.206107,0.977099,-0.038168,225,-62,391
49840,tilt_static,0.640381,0.050049,0.792480,43.712,0.229008,0.854962,-0.106870,225,-62,391
49860,tilt_static,0.637939,0.052734,0.791260,43.698,0.259542,1.045802,0.038168,223,-62,391
49880,tilt_static,0.636719,0.050537,0.798584,43.718,0.229008,0.916031,-0.137405,223,-62,391
49900,tilt_static,0.640381,0.048828,0.790771,43.692,0.137405,0.969466,0.000000,223,-62,391
49920,tilt_static,0.635498,0.056396,0.790283,43.718,0.221374,0.900763,-0.221374,223,-62,391
49941,tilt_static,0.643555,0.055176,0.797119,43.680,0.290076,0.854962,0.007634,224,-63,390
49960,tilt_static,0.632568,0.049805,0.793213,43.698,0.145038,0.946565,-0.160305,224,-63,390
49980,tilt_static,0.639160,0.051758,0.790039,43.709,0.213740,0.916031,-0.145038,224,-63,390
50001,tilt_static,0.642334,0.050781,0.788574,43.698,0.267176,0.847328,-0.076336,224,-63,391
50020,tilt_static,0.637939,0.049805,0.795898,43.692,0.236641,0.977099,-0.007634,224,-63,391
50041,tilt_static,0.644043,0.050049,0.794678,43.736,0.290076,1.022901,-0.030534,224,-63,391
50060,tilt_static,0.637939,0.046387,0.791504,43.715,0.190840,1.030534,-0.099237,224,-62,392
50080,tilt_static,0.644043,0.053223,0.795898,43.692,0.183206,0.946565,-0.122137,224,-62,392
50101,tilt_static,0.640625,0.056396,0.795410,43.721,0.282443,1.000000,-0.099237,224,-62,392
50120,tilt_static,0.637695,0.054199,0.795898,43.698,0.206107,1.030534,-0.106870,224,-62,392
50140,tilt_static,0.637451,0.051758,0.798828,43.742,0.152672,1.076336,-0.221374,223,-62,391
50161,tilt_static,0.638916,0.049561,0.791748,43.742,0.221374,1.007634,-0.183206,223,-62,391
50180,tilt_static,0.636963,0.046387,0.794189,43.698,0.244275,0.946565,-0.114504,223,-62,391
50200,tilt_static,0.636963,0.047119,0.796143,43.733,0.244275,1.007634,-0.106870,226,-62,391
50220,tilt_static,0.638672,0.050781,0.792236,43.712,0.244275,0.839695,0.007634,226,-62,391
50240,tilt_static,0.637695,0.056396,0.798828,43.706,0.152672,1.068702,-0.099237,226,-62,391
50260,tilt_static,0.637695,0.052490,0.791260,43.730,0.229008,0.938931,-0.061069,224,-62,391
50280,tilt_static,0.642334,0.049805,0.793945,43.739,0.267176,0.908397,-0.015267,224,-62,391
50300,tilt_static,0.636963,0.053467,0.789307,43.704,0.251908,0.839695,-0.076336,224,-62,391
50320,tilt_static,0.639160,0.053711,0.795410,43.730,0.129771,0.946565,-0.068702,224,-62,391
50340,tilt_static,0.639893,0.051025,0.797119,43.721,0.305344,1.045802,-0.122137,224,-62,391
50360,tilt_static,0.636963,0.046143,0.791992,43.727,0.282443,0.809160,0.061069,224,-62,391
50380,tilt_static,0.637207,0.049561,0.787842,43.718,0.221374,0.961832,-0.076336,224,-62,391
50400,tilt_static,0.638672,0.052246,0.799316,43.721,0.343511,0.977099,-0.068702,225,-62,392
50420,tilt_static,0.638428,0.054688,0.795898,43.695,0.229008,1.061069,-0.129771,225,-62,392
50440,tilt_static,0.635742,0.052490,0.795166,43.698,0.244275,0.931298,-0.083969,225,-62,392
50460,tilt_static,0.637695,0.054932,0.791260,43.695,0.167939,1.007634,-0.129771,224,-63,392
50480,tilt_static,0.635010,0.047119,0.795654,43.736,0.251908,0.961832,-0.129771,224,-63,392
50500,tilt_static,0.637695,0.051758,0.793213,43.733,0.251908,0.893130,-0.106870,224,-63,392
50520,tilt_static,0.638184,0.051758,0.794434,43.733,0.229008,0.946565,-0.183206,224,-63,392
50540,tilt_static,0.634521,0.053955,0.793945,43.715,0.267176,0.862595,-0.183206,224,-63,390
50560,tilt_static,0.637695,0.049316,0.791504,43.730,0.244275,1.000000,-0.114504,224,-63,390
50580,tilt_static,0.641602,0.051025,0.792725,43.680,0.259542,0.916031,-0.076336,224,-63,390
50600,tilt_static,0.640625,0.052734,0.797363,43.709,0.244275,0.862595,-0.137405,224,-62,391
50620,tilt_static,0.640137,0.053467,0.797363,43.733,0.137405,0.961832,-0.053435,224,-62,391
50640,tilt_static,0.638184,0.046875,0.794678,43.733,0.099237,0.954198,-0.244275,224,-62,391
50660,tilt_static,0.638184,0.051758,0.797852,43.727,0.274809,0.877863,-0.114504,224,-62,392
50680,tilt_static,0.637207,0.052246,0.793457,43.727,0.206107,1.053435,-0.106870,224,-62,392
50700,tilt_static,0.634033,0.051758,0.800537,43.727,0.206107,0.816794,-0.091603,224,-62,392
50720,tilt_static,0.637939,0.054199,0.793213,43.715,0.190840,1.015267,-0.183206,224,-62,392
50740,tilt_static,0.638428,0.054199,0.792969,43.689,0.221374,0.885496,-0.068702,223,-63,391
50760,tilt_static,0.635498,0.048340,0.796875,43.724,0.190840,1.007634,-0.007634,223,-63,391
50780,tilt_static,0.641602,0.052246,0.792725,43.686,0.198473,1.015267,-0.129771,223,-63,391
50801,tilt_static,0.641113,0.051025,0.795410,43.704,0.160305,0.977099,-0.091603,224,-63,391
50820,tilt_static,0.640869,0.055664,0.799072,43.712,0.198473,0.893130,-0.076336,224,-63,391
50840,tilt_static,0.631836,0.054932,0.794434,43.712,0.282443,1.099237,-0.106870,224,-63,391
50861,tilt_static,0.635254,0.052490,0.797363,43.721,0.190840,0.946565,-0.015267,224,-64,391
50880,tilt_static,0.638428,0.049072,0.795166,43.715,0.229008,0.992366,-0.076336,224,-64,392
50900,tilt_static,0.638672,0.048096,0.791260,43.706,0.190840,0.977099,-0.061069,224,-64,392
50920,tilt_static,0.639648,0.053467,0.789795,43.695,0.251908,0.923664,-0.129771,224,-64,392
50940,tilt_static,0.637451,0.056396,0.797852,43.709,0.251908,0.877863,-0.167939,224,-63,391
50960,tilt_static,0.638916,0.055664,0.790527,43.718,0.229008,0.931298,-0.167939,224,-63,391
50980,tilt_static,0.633301,0.047852,0.797607,43.715,0.282443,1.083969,-0.198473,224,-63,391
51000,tilt_static,0.639648,0.050049,0.793213,43.680,0.183206,0.916031,-0.167939,224,-62,391
51020,tilt_static,0.638916,0.053467,0.789063,43.689,0.190840,0.977099,-0.091603,224,-62,391
51040,tilt_static,0.641602,0.056396,0.790771,43.712,0.221374,0.969466,0.038168,224,-62,391
51060,tilt_static,0.636475,0.051270,0.792725,43.724,0.190840,0.816794,-0.167939,224,-62,391
51080,tilt_static,0.638916,0.050537,0.792969,43.706,0.106870,0.885496,-0.061069,224,-63,393
51100,tilt_static,0.639893,0.046875,0.791260,43.695,0.274809,1.007634,-0.068702,224,-63,393
51120,tilt_static,0.640625,0.054199,0.797852,43.662,0.229008,0.839695,-0.015267,224,-63,393
51140,tilt_static,0.639160,0.054932,0.793945,43.709,0.312977,0.923664,-0.190840,224,-63,392
51160,tilt_static,0.639160,0.052002,0.789307,43.706,0.229008,0.977099,-0.274809,224,-63,392
51180,tilt_static,0.635742,0.052490,0.799316,43.721,0.236641,0.969466,-0.053435,224,-63,392
51200,tilt_static,0.637207,0.048096,0.797607,43.698,0.190840,0.900763,-0.137405,223,-62,392
51220,tilt_static,0.640137,0.051514,0.799072,43.709,0.244275,0.870229,-0.183206,223,-62,392
51240,tilt_static,0.639160,0.054688,0.796631,43.680,0.305344,0.977099,-0.099237,223,-62,392
51260,tilt_static,0.638916,0.055908,0.790283,43.695,0.083969,1.076336,-0.061069,223,-62,392
51280,tilt_static,0.640625,0.052490,0.796631,43.701,0.267176,0.877863,-0.175573,224,-62,390
51300,tilt_static,0.641846,0.053711,0.797852,43.715,0.236641,1.015267,-0.038168,224,-62,390
51320,tilt_static,0.635010,0.051514,0.791992,43.704,0.145038,0.938931,-0.152672,224,-62,390
51340,tilt_static,0.641846,0.052979,0.798584,43.721,0.213740,0.908397,-0.045802,223,-63,392
51360,tilt_static,0.638916,0.061523,0.794922,43.665,0.374046,0.862595,-0.022901,223,-63,392
51380,tilt_static,0.640137,0.050537,0.794678,43.712,0.251908,1.015267,0.000000,223,-63,392
51400,tilt_static,0.635986,0.049316,0.797119,43.686,0.244275,0.946565,-0.076336,224,-62,391
51420,tilt_static,0.636475,0.052490,0.792236,43.695,0.190840,0.893130,-0.068702,224,-62,391
51441,tilt_static,0.642334,0.051025,0.793945,43.709,0.198473,0.916031,-0.099237,224,-62,391
51460,tilt_static,0.632813,0.053223,0.794189,43.709,0.335878,0.824428,-0.053435,224,-62,391
51480,tilt_static,0.638916,0.049316,0.793457,43.718,0.167939,1.053435,-0.129771,224,-62,390
51500,tilt_static,0.635010,0.051025,0.798584,43.677,0.160305,1.061069,-0.167939,224,-62,390
51520,tilt_static,0.640869,0.053955,0.790527,43.698,0.267176,0.961832,-0.145038,224,-62,390
51541,tilt_static,0.638428,0.051270,0.797119,43.730,0.206107,1.091603,-0.061069,223,-62,391
51560,tilt_static,0.636963,0.051758,0.791504,43.692,0.206107,0.931298,-0.099237,223,-62,391
51580,tilt_static,0.640137,0.052246,0.797607,43.706,0.175573,1.015267,-0.137405,223,-62,391
51601,tilt_static,0.640137,0.047852,0.798340,43.721,0.167939,0.946565,-0.076336,224,-62,391
51620,tilt_static,0.636963,0.050293,0.793701,43.721,0.213740,0.946565,-0.053435,224,-62,391
51640,tilt_static,0.638672,0.048584,0.798828,43.683,0.274809,0.954198,-0.145038,224,-62,391
51661,tilt_static,0.639404,0.051025,0.796143,43.689,0.267176,0.862595,0.015267,224,-62,391
51680,tilt_static,0.637939,0.047119,0.791992,43.683,0.122137,0.931298,-0.183206,224,-63,391
51700,tilt_static,0.640137,0.056885,0.796875,43.704,0.190840,0.801527,-0.038168,224,-63,391
51720,tilt_static,0.636963,0.052002,0.797363,43.704,0.290076,1.022901,0.022901,224,-63,391
51740,tilt_static,0.635986,0.048584,0.794922,43.698,0.145038,1.038168,-0.061069,224,-63,390
51760,tilt_static,0.641113,0.047363,0.794434,43.706,0.244275,0.992366,-0.091603,224,-63,390
51780,tilt_static,0.642578,0.052979,0.788086,43.736,0.206107,0.893130,-0.145038,224,-63,390
51800,tilt_static,0.640869,0.049805,0.796143,43.712,0.320611,0.900763,-0.122137,224,-62,390
51820,tilt_static,0.637695,0.053467,0.798340,43.718,0.221374,0.885496,-0.083969,225,-62,390
51840,tilt_static,0.639160,0.051025,0.791748,43.709,0.106870,1.183206,-0.030534,225,-62,390
51860,tilt_static,0.639404,0.050293,0.795166,43.686,0.236641,0.893130,-0.129771,225,-62,390
51880,tilt_static,0.638184,0.050049,0.800293,43.724,0.183206,0.908397,-0.083969,225,-62,393
51900,tilt_static,0.636230,0.051025,0.794678,43.698,0.183206,0.854962,-0.106870,225,-62,393
51920,tilt_static,0.635986,0.049805,0.790527,43.712,0.152672,0.961832,-0.083969,225,-62,393
51940,tilt_static,0.639404,0.051514,0.796875,43.715,0.236641,1.000000,-0.167939,224,-61,391
51960,tilt_static,0.634277,0.046387,0.794678,43.706,0.221374,0.954198,-0.030534,224,-61,391
51980,tilt_static,0.636963,0.050781,0.796387,43.704,0.198473,1.114504,-0.053435,224,-61,391
52000,tilt_static,0.637451,0.052979,0.798828,43.715,0.236641,1.053435,-0.068702,224,-61,391
52020,tilt_static,0.641357,0.053223,0.798584,43.706,0.175573,0.916031,-0.183206,223,-62,390
52040,tilt_static,0.636230,0.048584,0.797852,43.736,0.167939,1.015267,-0.038168,223,-62,390
52060,tilt_static,0.640869,0.048340,0.794189,43.727,0.274809,0.938931,-0.160305,223,-62,390
52080,tilt_static,0.632813,0.052002,0.790771,43.698,0.244275,0.984733,-0.076336,225,-62,391
52100,tilt_static,0.639160,0.048584,0.800537,43.718,0.183206,0.954198,-0.137405,225,-62,391
52120,tilt_static,0.635742,0.051270,0.787354,43.692,0.213740,0.992366,-0.145038,225,-62,391
52140,tilt_static,0.636475,0.050537,0.789063,43.686,0.244275,0.870229,-0.114504,225,-62,391
52160,tilt_static,0.637451,0.048340,0.795898,43.701,0.244275,0.908397,-0.137405,225,-62,391
52180,tilt_static,0.642578,0.054688,0.799072,43.704,0.183206,0.885496,-0.145038,225,-62,391
52200,tilt_static,0.637695,0.048340,0.796631,43.733,0.152672,0.954198,-0.091603,225,-62,391
52220,tilt_static,0.644043,0.052490,0.790527,43.715,0.213740,0.923664,-0.206107,224,-62,390
52241,tilt_static,0.640381,0.048096,0.803467,43.704,0.175573,0.885496,-0.122137,224,-62,390
52260,tilt_static,0.638428,0.052002,0.794189,43.709,0.206107,0.923664,-0.083969,224,-62,390
52280,tilt_static,0.643799,0.049561,0.798340,43.727,0.145038,0.931298,-0.167939,224,-62,391
52301,tilt_static,0.639160,0.050781,0.795898,43.695,0.206107,0.877863,-0.068702,224,-62,391
52320,tilt_static,0.639893,0.053223,0.797119,43.706,0.221374,0.946565,-0.099237,224,-62,391
52340,tilt_static,0.637695,0.051514,0.798340,43.692,0.175573,0.900763,-0.167939,224,-62,391
52361,tilt_static,0.639893,0.051758,0.802246,43.692,0.206107,0.893130,-0.114504,224,-62,391
52380,tilt_static,0.638672,0.049316,0.793213,43.692,0.244275,0.938931,-0.068702,224,-62,391
52400,tilt_static,0.638428,0.053223,0.795654,43.695,0.198473,0.916031,-0.122137,224,-62,391
52420,tilt_static,0.637695,0.049316,0.792236,43.709,0.297710,0.984733,-0.038168,224,-62,391
52440,tilt_static,0.638916,0.048340,0.801270,43.709,0.145038,1.152672,-0.129771,224,-62,391
52460,tilt_static,0.638916,0.048584,0.796143,43.695,0.236641,0.870229,-0.099237,224,-62,391
52480,tilt_static,0.638428,0.053955,0.796631,43.709,0.175573,0.923664,0.038168,224,-62,392
52500,tilt_static,0.637207,0.051758,0.789795,43.718,0.259542,0.877863,-0.137405,224,-62,392
52520,tilt_static,0.640625,0.053955,0.791748,43.733,0.213740,0.923664,-0.083969,224,-62,392
52540,tilt_static,0.637695,0.048828,0.794922,43.730,0.198473,1.015267,0.061069,224,-62,391
52560,tilt_static,0.638428,0.052490,0.799072,43.709,0.312977,0.900763,0.007634,224,-62,391
52580,tilt_static,0.641357,0.055176,0.800293,43.721,0.259542,1.053435,-0.061069,224,-62,391
52600,tilt_static,0.637695,0.047363,0.791016,43.739,0.274809,1.091603,-0.076336,224,-62,391
52620,tilt_static,0.635498,0.051758,0.797607,43.701,0.190840,1.030534,-0.122137,224,-62,391
52640,tilt_static,0.634277,0.048096,0.798828,43.692,0.129771,0.824428,-0.206107,224,-62,391
52660,tilt_static,0.640137,0.052246,0.793701,43.695,0.251908,0.877863,-0.236641,224,-62,391
52680,tilt_static,0.635986,0.051758,0.795410,43.695,0.160305,1.030534,-0.099237,225,-63,392
52700,tilt_static,0.636963,0.054932,0.788574,43.698,0.229008,0.900763,-0.083969,225,-63,392
52720,tilt_static,0.633789,0.050537,0.794678,43.698,0.297710,0.961832,-0.122137,225,-63,392
52740,tilt_static,0.635010,0.048828,0.797363,43.718,0.183206,1.129771,-0.076336,223,-62,391
52760,tilt_static,0.636230,0.051270,0.802734,43.689,0.221374,1.053435,-0.045802,223,-62,391
52780,tilt_static,0.641846,0.053955,0.795166,43.704,0.305344,0.847328,-0.137405,223,-62,391
52800,tilt_static,0.637207,0.051270,0.790527,43.733,0.282443,0.916031,-0.106870,223,-62,391
52820,tilt_static,0.641846,0.051758,0.803223,43.706,0.274809,0.893130,0.015267,223,-63,391
52840,tilt_static,0.640381,0.051270,0.793945,43.709,0.290076,0.977099,-0.198473,223,-63,391
52860,tilt_static,0.636719,0.053955,0.796631,43.701,0.259542,0.862595,-0.083969,223,-63,391
52881,tilt_static,0.634277,0.048096,0.795898,43.724,0.145038,0.984733,-0.053435,224,-63,392
52900,tilt_static,0.638916,0.048340,0.790771,43.689,0.229008,1.038168,-0.122137,224,-63,392
52920,tilt_static,0.638184,0.047852,0.789307,43.698,0.190840,0.931298,-0.206107,224,-63,392
52941,tilt_static,0.639160,0.051025,0.795410,43.712,0.282443,0.679389,-0.106870,224,-63,392
52960,tilt_static,0.635498,0.054443,0.799316,43.715,0.312977,1.068702,-0.183206,225,-63,392
52980,tilt_static,0.635254,0.053711,0.800537,43.706,0.312977,0.961832,-0.061069,225,-63,392
53000,tilt_static,0.628418,0.047607,0.797852,43.739,0.206107,1.030534,-0.160305,225,-63,392
53020,tilt_static,0.635986,0.051270,0.796875,43.709,0.259542,0.832061,-0.114504,224,-62,390
53040,tilt_static,0.639160,0.051758,0.793457,43.730,0.175573,1.061069,-0.183206,224,-62,390
53060,tilt_static,0.638184,0.051270,0.791992,43.698,0.160305,0.984733,-0.045802,224,-62,390
53080,tilt_static,0.637451,0.051514,0.790283,43.701,0.282443,0.893130,-0.022901,224,-63,391
53100,tilt_static,0.638672,0.050293,0.794189,43.698,0.152672,0.916031,0.000000,224,-63,391
53120,tilt_static,0.640869,0.051270,0.795898,43.709,0.129771,1.068702,-0.244275,224,-63,391
53140,tilt_static,0.635742,0.050781,0.797363,43.709,0.114504,1.015267,-0.099237,224,-63,391
53160,tilt_static,0.638672,0.054443,0.796631,43.745,0.145038,0.946565,-0.114504,224,-63,393
53180,tilt_static,0.642090,0.053467,0.802979,43.683,0.297710,0.900763,-0.083969,224,-63,393
53200,tilt_static,0.637939,0.047607,0.798340,43.715,0.206107,0.992366,-0.061069,224,-63,393
53220,tilt_static,0.638916,0.049805,0.793945,43.701,0.244275,0.893130,-0.129771,225,-62,391
53240,tilt_static,0.634033,0.052490,0.795410,43.695,0.312977,0.885496,-0.068702,225,-62,391
53260,tilt_static,0.636963,0.049561,0.796875,43.698,0.251908,0.908397,-0.145038,225,-62,391
53280,tilt_static,0.641602,0.050537,0.797852,43.692,0.175573,0.954198,-0.083969,224,-61,391
53300,tilt_static,0.638428,0.049316,0.794678,43.706,0.122137,0.931298,-0.061069,224,-61,391
53320,tilt_static,0.640869,0.051514,0.791504,43.709,0.236641,0.992366,-0.175573,224,-61,391
53340,tilt_static,0.639404,0.051514,0.797852,43.704,0.343511,1.000000,-0.106870,224,-61,391
53360,tilt_static,0.637939,0.045410,0.791260,43.709,0.175573,0.938931,-0.160305,225,-62,391
53380,tilt_static,0.639893,0.049072,0.793945,43.715,0.198473,0.992366,-0.083969,225,-62,391
53400,tilt_static,0.641846,0.052002,0.796143,43.704,0.312977,0.854962,-0.160305,225,-62,391
53420,tilt_static,0.640137,0.055908,0.795898,43.701,0.244275,0.961832,-0.030534,223,-62,390
53440,tilt_static,0.634766,0.045898,0.785889,43.689,0.282443,1.000000,-0.198473,223,-62,390
53460,tilt_static,0.637939,0.052490,0.794922,43.712,0.206107,0.908397,0.007634,223,-62,390
53480,tilt_static,0.638428,0.050537,0.791260,43.706,0.213740,0.847328,-0.175573,224,-62,391
53500,tilt_static,0.636230,0.052490,0.792480,43.718,0.152672,0.984733,-0.122137,224,-62,391
53520,tilt_static,0.641846,0.051514,0.796875,43.730,0.274809,0.893130,-0.076336,224,-62,391
53540,tilt_static,0.641357,0.051514,0.794434,43.727,0.213740,0.931298,-0.083969,224,-62,391
53560,tilt_static,0.638428,0.047852,0.790771,43.745,0.106870,0.931298,-0.068702,223,-62,391
53580,tilt_static,0.635986,0.053711,0.802979,43.701,0.206107,0.984733,-0.160305,223,-62,391
53600,tilt_static,0.638184,0.047852,0.794434,43.712,0.137405,0.992366,-0.068702,223,-62,391
53621,tilt_static,0.639160,0.050293,0.799805,43.692,0.221374,0.908397,-0.068702,224,-62,391
53640,tilt_static,0.636475,0.050293,0.794189,43.718,0.183206,1.022901,-0.007634,224,-62,391
53660,tilt_static,0.641357,0.053711,0.792480,43.680,0.236641,0.839695,-0.167939,224,-62,391
53681,tilt_static,0.638184,0.047607,0.795898,43.709,0.175573,0.961832,0.022901,225,-63,391
53700,tilt_static,0.643066,0.050781,0.797607,43.724,0.244275,0.946565,-0.007634,225,-63,391
53720,tilt_static,0.636719,0.052734,0.796875,43.715,0.175573,0.916031,-0.106870,225,-63,391
53740,tilt_static,0.639404,0.049316,0.795166,43.706,0.305344,0.801527,-0.045802,225,-63,391
53760,tilt_static,0.635986,0.052979,0.790039,43.706,0.251908,0.992366,-0.030534,224,-62,391
53780,tilt_static,0.638672,0.051758,0.797607,43.704,0.244275,0.877863,-0.114504,224,-62,391
53800,tilt_static,0.637939,0.052002,0.797119,43.712,0.221374,0.946565,-0.099237,224,-62,391
53820,tilt_static,0.639893,0.048584,0.791748,43.721,0.221374,0.946565,-0.152672,224,-63,391
53840,tilt_static,0.636719,0.052246,0.789795,43.695,0.312977,0.839695,-0.099237,224,-63,391
53860,tilt_static,0.643066,0.055420,0.799805,43.724,0.175573,1.076336,-0.099237,224,-63,391
53880,tilt_static,0.640625,0.053955,0.792725,43.721,0.312977,0.969466,-0.038168,224,-63,393
53900,tilt_static,0.640869,0.046875,0.797607,43.715,0.213740,1.038168,-0.129771,224,-63,393
53920,tilt_static,0.638428,0.050537,0.792969,43.718,0.236641,0.992366,-0.061069,224,-63,393
53940,tilt_static,0.635498,0.047119,0.792725,43.698,0.244275,0.908397,-0.114504,224,-63,393
53960,tilt_static,0.635498,0.051270,0.791992,43.724,0.190840,1.022901,-0.068702,224,-61,392
53980,tilt_static,0.642334,0.055664,0.792480,43.689,0.312977,0.908397,-0.068702,224,-61,392
54000,tilt_static,0.642090,0.052490,0.790527,43.715,0.282443,1.015267,-0.122137,224,-61,392
54020,tilt_static,0.637451,0.052490,0.791016,43.692,0.183206,1.000000,-0.068702,224,-62,391
54040,tilt_static,0.643555,0.050537,0.795898,43.704,0.274809,0.801527,-0.175573,224,-62,391
54060,tilt_static,0.635986,0.050781,0.797119,43.695,0.274809,0.900763,-0.007634,224,-62,391
54080,tilt_static,0.640625,0.050781,0.791992,43.718,0.129771,0.900763,-0.106870,224,-62,391
54100,tilt_static,0.638916,0.049561,0.791260,43.718,0.206107,0.885496,-0.038168,222,-63,392
54120,tilt_static,0.637939,0.053467,0.789551,43.665,0.244275,1.076336,-0.129771,222,-63,392
54140,tilt_static,0.637939,0.050781,0.794434,43.698,0.175573,0.977099,-0.152672,222,-63,392
54160,tilt_static,0.637695,0.049805,0.804443,43.706,0.213740,1.083969,-0.137405,223,-62,390
54180,tilt_static,0.638916,0.051025,0.801758,43.721,0.106870,1.045802,-0.083969,223,-62,390
54200,tilt_static,0.641846,0.047607,0.793213,43.706,0.160305,0.977099,-0.175573,223,-62,390
54220,tilt_static,0.640381,0.052979,0.789063,43.733,0.114504,0.893130,-0.099237,224,-62,391
54240,tilt_static,0.634766,0.051025,0.795898,43.692,0.221374,0.969466,-0.137405,224,-62,391
54261,tilt_static,0.636475,0.050293,0.792480,43.715,0.160305,1.106870,-0.053435,224,-62,391
54280,tilt_static,0.635010,0.042480,0.794189,43.709,0.274809,0.931298,-0.091603,224,-62,391
54300,tilt_static,0.641113,0.047119,0.802979,43.704,0.236641,0.816794,-0.167939,224,-62,389
54321,tilt_static,0.638184,0.050049,0.792725,43.718,0.290076,0.832061,0.000000,224,-62,389
54340,tilt_static,0.639648,0.054443,0.801270,43.704,0.282443,0.946565,-0.068702,224,-62,389
54360,tilt_static,0.636230,0.049805,0.797119,43.698,0.160305,0.961832,-0.053435,224,-63,391
54380,tilt_static,0.642090,0.053711,0.793945,43.709,0.259542,0.946565,-0.015267,224,-63,391
54400,tilt_static,0.637939,0.051270,0.798340,43.724,0.221374,1.022901,-0.183206,224,-63,391
54420,tilt_static,0.639648,0.051270,0.796631,43.712,0.190840,0.893130,-0.030534,223,-63,391
54440,tilt_static,0.636963,0.050293,0.796631,43.745,0.259542,0.992366,-0.091603,223,-63,391
54460,tilt_static,0.635986,0.050781,0.796387,43.718,0.198473,0.938931,-0.045802,223,-63,391
54481,tilt_static,0.637207,0.050049,0.790283,43.724,0.229008,0.984733,-0.099237,223,-63,391
54500,tilt_static,0.635254,0.051514,0.792236,43.724,0.229008,0.984733,-0.145038,223,-63,391
54520,tilt_static,0.634766,0.053467,0.790771,43.712,0.206107,0.900763,-0.206107,223,-63,391
54540,tilt_static,0.645020,0.051025,0.792969,43.715,0.213740,0.954198,-0.106870,223,-63,391
54560,tilt_static,0.639648,0.051758,0.795166,43.695,0.244275,0.938931,-0.045802,224,-64,392
54580,tilt_static,0.638916,0.048096,0.796387,43.730,0.221374,0.900763,-0.106870,224,-64,392
54600,tilt_static,0.637939,0.048096,0.799072,43.701,0.213740,0.908397,-0.167939,224,-64,392
54620,tilt_static,0.636963,0.051270,0.791748,43.709,0.183206,1.091603,-0.190840,224,-62,392
54640,tilt_static,0.635498,0.051270,0.791992,43.680,0.274809,0.908397,0.000000,224,-62,392
54660,tilt_static,0.643799,0.051270,0.795898,43.712,0.290076,1.045802,-0.061069,224,-62,392
54680,tilt_static,0.641357,0.052734,0.796875,43.698,0.145038,0.931298,-0.106870,224,-62,392
54700,tilt_static,0.637695,0.050293,0.799316,43.704,0.267176,0.931298,-0.083969,224,-62,391
54720,tilt_static,0.636963,0.048584,0.798340,43.721,0.221374,1.167939,-0.068702,224,-62,391
54740,tilt_static,0.636963,0.045166,0.795654,43.715,0.198473,0.862595,-0.091603,224,-62,391
54760,tilt_static,0.640869,0.049561,0.793945,43.704,0.206107,0.931298,-0.022901,225,-62,391
54780,tilt_static,0.637939,0.055664,0.793701,43.698,0.267176,0.969466,-0.061069,225,-62,391
54800,tilt_static,0.635986,0.052246,0.792480,43.715,0.167939,0.923664,-0.137405,225,-62,391
54820,tilt_static,0.638916,0.044189,0.799316,43.709,0.106870,0.984733,-0.099237,224,-63,392
54840,tilt_static,0.637451,0.049805,0.789063,43.668,0.213740,0.893130,-0.122137,224,-63,392
54860,tilt_static,0.637451,0.053467,0.796387,43.721,0.145038,0.916031,-0.114504,224,-63,392
54880,tilt_static,0.638428,0.046631,0.798096,43.724,0.183206,0.946565,-0.160305,224,-63,392
54900,tilt_static,0.635986,0.053955,0.795654,43.698,0.259542,1.038168,-0.160305,224,-63,391
54920,tilt_static,0.635498,0.050537,0.794189,43.686,0.244275,1.045802,-0.099237,224,-63,391
54940,tilt_static,0.641357,0.048340,0.792969,43.727,0.290076,0.847328,-0.076336,224,-63,391
54960,tilt_static,0.639160,0.052979,0.797607,43.712,0.198473,0.984733,-0.015267,223,-63,391
54980,tilt_static,0.635010,0.052246,0.787109,43.686,0.175573,0.946565,-0.061069,223,-63,391
55000,tilt_static,0.635254,0.052490,0.791260,43.724,0.190840,0.992366,0.000000,223,-63,391
55020,tilt_static,0.639893,0.045898,0.797363,43.727,0.290076,0.839695,-0.145038,223,-63,391
55040,tilt_static,0.642090,0.051025,0.798340,43.739,0.229008,0.954198,-0.190840,224,-63,391
55060,tilt_static,0.639648,0.052246,0.791260,43.695,0.167939,0.946565,-0.106870,224,-63,391
55080,tilt_static,0.637207,0.052490,0.794189,43.727,0.320611,1.076336,-0.068702,224,-63,391
55100,tilt_static,0.635986,0.052246,0.789795,43.701,0.229008,0.977099,-0.129771,224,-62,390
55121,tilt_static,0.635010,0.048584,0.791260,43.709,0.244275,0.938931,-0.175573,224,-62,390
55140,tilt_static,0.640625,0.053955,0.797119,43.698,0.198473,1.038168,-0.083969,224,-62,390
55160,tilt_static,0.635498,0.049072,0.793701,43.698,0.312977,0.931298,-0.221374,223,-63,391
55180,tilt_static,0.638916,0.053711,0.793945,43.706,0.267176,0.862595,-0.106870,223,-63,391
55200,tilt_static,0.640869,0.051758,0.793945,43.680,0.267176,0.969466,-0.099237,223,-63,391
55220,tilt_static,0.636230,0.050781,0.794189,43.706,0.183206,1.030534,-0.007634,223,-63,391
55240,tilt_static,0.639648,0.049561,0.792236,43.704,0.137405,1.122137,-0.091603,224,-63,392
55260,tilt_static,0.638672,0.049561,0.795410,43.704,0.221374,0.908397,-0.099237,224,-63,392
55280,tilt_static,0.635742,0.049561,0.787109,43.706,0.312977,0.977099,-0.091603,224,-63,392
55300,tilt_static,0.640137,0.052002,0.798584,43.686,0.137405,0.916031,-0.091603,223,-62,391
55320,tilt_static,0.639893,0.054688,0.794678,43.727,0.221374,0.916031,-0.152672,223,-62,391
55340,tilt_static,0.638672,0.051270,0.804443,43.698,0.290076,0.847328,-0.053435,223,-62,391
55360,tilt_static,0.639893,0.048584,0.788330,43.727,0.099237,1.000000,-0.114504,225,-62,392
55380,tilt_static,0.637695,0.048340,0.790283,43.704,0.183206,0.946565,-0.091603,225,-62,392
55400,tilt_static,0.641357,0.052979,0.787598,43.695,0.190840,0.954198,-0.068702,225,-62,392
55420,tilt_static,0.642578,0.052979,0.795654,43.695,0.259542,0.992366,-0.076336,225,-62,392
55440,tilt_static,0.637939,0.048096,0.795410,43.709,0.145038,0.961832,-0.114504,224,-62,390
55460,tilt_static,0.642578,0.048096,0.796631,43.686,0.312977,0.938931,-0.244275,224,-62,390
55480,tilt_static,0.636230,0.053467,0.799561,43.724,0.236641,1.015267,-0.053435,224,-62,390
55500,tilt_static,0.637939,0.050781,0.797607,43.709,0.236641,1.045802,-0.175573,223,-63,391
55520,tilt_static,0.638672,0.050537,0.796387,43.665,0.221374,0.923664,-0.007634,223,-63,391
55540,tilt_static,0.635254,0.045898,0.795410,43.695,0.145038,0.946565,-0.053435,223,-63,391
55560,tilt_static,0.636719,0.054932,0.790283,43.695,0.167939,0.954198,-0.091603,224,-62,393
55580,tilt_static,0.638184,0.048584,0.795654,43.724,0.213740,0.893130,-0.145038,224,-62,393
55600,tilt_static,0.635742,0.056885,0.795410,43.701,0.259542,1.053435,-0.190840,224,-62,393
55620,tilt_static,0.642822,0.051758,0.794922,43.695,0.236641,0.900763,-0.038168,224,-62,393
55640,tilt_static,0.637695,0.049805,0.799072,43.724,0.229008,0.977099,-0.106870,223,-63,391
55660,tilt_static,0.633301,0.055908,0.790771,43.727,0.229008,0.908397,-0.076336,223,-63,391
55680,tilt_static,0.639893,0.047852,0.796631,43.686,0.290076,0.946565,-0.129771,223,-63,391
55701,tilt_static,0.639648,0.050781,0.796875,43.721,0.282443,0.961832,-0.083969,225,-62,391
55720,tilt_static,0.640137,0.051025,0.796387,43.718,0.183206,0.946565,-0.015267,225,-62,391
55740,tilt_static,0.638672,0.049561,0.795166,43.712,0.198473,0.977099,-0.068702,225,-62,391
55761,tilt_static,0.639160,0.053711,0.793457,43.683,0.213740,1.000000,-0.122137,225,-62,392
55780,tilt_static,0.637939,0.050049,0.793701,43.701,0.259542,0.938931,-0.022901,225,-62,392
55800,tilt_static,0.634766,0.054688,0.795898,43.712,0.290076,1.068702,-0.030534,225,-62,392
55821,tilt_static,0.641846,0.053223,0.797363,43.706,0.282443,0.923664,-0.183206,225,-62,392
55840,tilt_static,0.636719,0.052246,0.791748,43.704,0.198473,0.984733,-0.114504,223,-62,391
55860,tilt_static,0.641846,0.052490,0.796143,43.695,0.290076,1.007634,-0.152672,223,-62,391
55880,tilt_static,0.641113,0.052490,0.795898,43.689,0.175573,1.045802,-0.068702,223,-62,391
55900,tilt_static,0.641357,0.049072,0.800537,43.709,0.282443,1.015267,-0.122137,224,-62,391
55920,tilt_static,0.635498,0.052246,0.795898,43.718,0.167939,0.977099,0.022901,224,-62,391
55940,tilt_static,0.635010,0.049561,0.797607,43.721,0.198473,0.984733,-0.145038,224,-62,391
55960,tilt_static,0.640137,0.048584,0.792480,43.680,0.160305,0.916031,-0.068702,224,-62,391
55980,tilt_static,0.636719,0.055664,0.794189,43.704,0.175573,0.977099,-0.206107,224,-62,391
56000,tilt_static,0.639404,0.043945,0.790771,43.724,0.251908,1.083969,-0.083969,224,-62,391
56020,tilt_static,0.637695,0.052246,0.792236,43.686,0.259542,0.938931,-0.152672,224,-62,391
56040,tilt_static,0.642578,0.051025,0.795410,43.730,0.190840,1.122137,-0.145038,225,-62,391
56060,tilt_static,0.641357,0.050537,0.794434,43.704,0.206107,1.015267,0.000000,225,-62,391
56080,tilt_static,0.636719,0.055420,0.795898,43.748,0.320611,0.900763,-0.175573,225,-62,391
56100,tilt_static,0.638428,0.052979,0.793213,43.683,0.267176,0.961832,-0.167939,225,-62,392
56120,tilt_static,0.642578,0.048828,0.794189,43.701,0.198473,0.900763,-0.114504,225,-62,392
56140,tilt_static,0.639160,0.046143,0.802734,43.701,0.206107,0.992366,-0.007634,225,-62,392
56160,tilt_static,0.640625,0.053467,0.799072,43.692,0.175573,1.030534,-0.160305,225,-62,392
56180,tilt_static,0.641113,0.050781,0.793457,43.721,0.328244,0.893130,-0.145038,224,-63,391
56200,tilt_static,0.635986,0.052490,0.798096,43.718,0.160305,1.167939,-0.015267,224,-63,391
56220,tilt_static,0.637207,0.051270,0.793213,43.718,0.221374,0.969466,-0.221374,224,-63,391
56240,tilt_static,0.636475,0.050293,0.793701,43.701,0.236641,0.839695,-0.083969,224,-63,391
56260,tilt_static,0.641357,0.046387,0.794678,43.677,0.244275,1.030534,-0.091603,224,-63,391
56280,tilt_static,0.635742,0.047119,0.795410,43.671,0.229008,0.824428,-0.106870,224,-63,391
56300,tilt_static,0.642578,0.057861,0.794922,43.698,0.251908,0.816794,0.030534,224,-62,392
56320,tilt_static,0.641357,0.051270,0.795654,43.686,0.267176,0.954198,-0.167939,224,-62,392
56340,tilt_static,0.638672,0.047119,0.793213,43.712,0.229008,1.053435,-0.045802,224,-62,392
56360,tilt_static,0.635986,0.053467,0.792969,43.701,0.229008,0.938931,0.022901,224,-62,392
56380,tilt_static,0.635986,0.055176,0.792236,43.718,0.145038,0.908397,-0.076336,224,-62,391
56400,tilt_static,0.639404,0.054199,0.789795,43.715,0.290076,1.015267,-0.045802,224,-62,391
56420,tilt_static,0.632813,0.046387,0.791260,43.715,0.244275,1.015267,-0.114504,224,-62,391
56441,tilt_static,0.637939,0.046143,0.795410,43.715,0.137405,0.954198,-0.160305,224,-62,390
56460,tilt_static,0.641602,0.051025,0.789063,43.692,0.137405,0.885496,-0.091603,224,-62,390
56480,tilt_static,0.646484,0.052246,0.794434,43.709,0.236641,0.938931,-0.160305,224,-62,390
56501,tilt_static,0.636230,0.049561,0.797119,43.709,0.183206,1.045802,-0.122137,224,-62,392
56520,tilt_static,0.638916,0.050781,0.794189,43.715,0.190840,0.961832,-0.061069,224,-62,392
56540,tilt_static,0.638184,0.046387,0.795166,43.730,0.244275,0.877863,-0.038168,224,-62,392
56561,tilt_static,0.643311,0.049561,0.793457,43.715,0.213740,0.862595,0.015267,224,-62,392
56580,tilt_static,0.638672,0.052246,0.797852,43.686,0.305344,0.908397,-0.091603,224,-63,391
56600,tilt_static,0.636963,0.052734,0.794678,43.704,0.152672,1.015267,-0.167939,224,-63,391
56620,tilt_static,0.638428,0.052490,0.795898,43.727,0.244275,0.893130,-0.053435,224,-63,391
56640,tilt_static,0.639893,0.050537,0.793701,43.718,0.282443,0.816794,-0.137405,224,-62,392
56660,tilt_static,0.636963,0.054443,0.797607,43.698,0.221374,0.839695,-0.099237,224,-62,392
56680,tilt_static,0.642578,0.052979,0.796143,43.712,0.251908,1.091603,-0.137405,224,-62,392
56700,tilt_static,0.642090,0.047119,0.793945,43.695,0.190840,1.045802,-0.083969,224,-63,391
56720,tilt_static,0.640137,0.051514,0.788818,43.715,0.274809,0.862595,0.015267,224,-63,391
56740,tilt_static,0.636230,0.050781,0.801758,43.698,0.145038,0.984733,-0.068702,224,-63,391
56760,tilt_static,0.637939,0.053223,0.800781,43.718,0.183206,0.984733,-0.122137,224,-63,391
56780,tilt_static,0.640869,0.053467,0.798340,43.721,0.236641,0.839695,-0.183206,223,-62,391
56800,tilt_static,0.635742,0.050537,0.795898,43.686,0.167939,0.992366,-0.160305,223,-62,391
56820,tilt_static,0.641846,0.053223,0.792236,43.701,0.114504,1.076336,-0.091603,223,-62,391
56840,tilt_static,0.638672,0.053467,0.796631,43.715,0.274809,1.083969,-0.099237,224,-61,392
56860,tilt_static,0.638428,0.051025,0.799072,43.701,0.160305,0.977099,-0.022901,224,-61,392
56880,tilt_static,0.641602,0.053711,0.793457,43.695,0.236641,0.954198,-0.106870,224,-61,392
56900,tilt_static,0.641113,0.050781,0.796631,43.677,0.160305,0.961832,-0.083969,223,-63,391
56920,tilt_static,0.639893,0.053711,0.794922,43.718,0.274809,0.763359,-0.114504,223,-63,391
56940,tilt_static,0.638916,0.047852,0.795654,43.742,0.160305,1.083969,-0.045802,223,-63,391
56960,tilt_static,0.636475,0.045166,0.793457,43.692,0.152672,0.954198,-0.015267,223,-63,391
56980,tilt_static,0.643799,0.053223,0.788330,43.674,0.274809,0.877863,-0.083969,223,-63,392
57000,tilt_static,0.641357,0.052490,0.796875,43.686,0.183206,0.931298,-0.229008,223,-63,392
57020,tilt_static,0.633301,0.051758,0.793213,43.683,0.206107,1.000000,-0.122137,223,-63,392
57040,tilt_static,0.636963,0.049561,0.791748,43.718,0.122137,0.870229,-0.068702,225,-63,393
57060,tilt_static,0.638672,0.050049,0.796875,43.680,0.160305,0.931298,0.022901,225,-63,393
57081,tilt_static,0.638184,0.048096,0.793457,43.706,0.167939,1.030534,0.015267,225,-63,393
57100,tilt_static,0.637207,0.049561,0.795166,43.686,0.198473,1.076336,-0.053435,225,-63,393
57120,tilt_static,0.641113,0.051758,0.798828,43.712,0.213740,0.916031,-0.045802,223,-63,391
57141,tilt_static,0.638428,0.051758,0.796875,43.721,0.274809,0.877863,-0.114504,223,-63,391
57160,tilt_static,0.635254,0.055176,0.791992,43.686,0.198473,0.893130,-0.038168,223,-63,391
57180,tilt_static,0.635986,0.051025,0.797119,43.683,0.160305,0.954198,-0.114504,224,-63,391
57200,tilt_static,0.637695,0.052734,0.790527,43.730,0.251908,0.854962,0.000000,224,-63,391
57220,tilt_static,0.640381,0.052246,0.790771,43.698,0.190840,0.931298,-0.099237,224,-63,391
57240,tilt_static,0.639648,0.054688,0.800049,43.712,0.175573,0.969466,-0.083969,225,-64,392
57260,tilt_static,0.640625,0.052979,0.791260,43.706,0.236641,0.870229,0.000000,225,-64,392
57280,tilt_static,0.640137,0.053223,0.786377,43.706,0.206107,0.923664,-0.045802,225,-64,392
57300,tilt_static,0.643066,0.055664,0.795410,43.733,0.145038,0.824428,-0.068702,225,-64,392
57320,tilt_static,0.635254,0.052490,0.790283,43.709,0.145038,1.022901,-0.129771,224,-62,391
57340,tilt_static,0.640625,0.051514,0.798340,43.686,0.206107,0.908397,-0.061069,224,-62,391
57360,tilt_static,0.639404,0.051514,0.800049,43.680,0.305344,0.824428,0.030534,224,-62,391
57380,tilt_static,0.642578,0.052734,0.795410,43.686,0.267176,0.862595,-0.167939,224,-63,393
57400,tilt_static,0.639404,0.051758,0.796875,43.742,0.213740,0.832061,0.015267,224,-63,393
57420,tilt_static,0.633789,0.051025,0.795654,43.709,0.175573,0.992366,-0.099237,224,-63,393
57440,tilt_static,0.637695,0.047607,0.800781,43.712,0.297710,1.000000,-0.129771,224,-62,392
57460,tilt_static,0.638672,0.049072,0.793945,43.730,0.259542,0.854962,-0.099237,224,-62,392
57480,tilt_static,0.638184,0.051758,0.800537,43.706,0.282443,0.900763,-0.045802,224,-62,392
57500,tilt_static,0.638672,0.050293,0.795898,43.706,0.229008,1.038168,0.015267,224,-62,392
57520,tilt_static,0.639893,0.045166,0.792236,43.706,0.229008,0.748092,-0.160305,224,-62,390
57540,tilt_static,0.635986,0.054443,0.793701,43.698,0.236641,0.961832,-0.175573,224,-62,390
57560,tilt_static,0.641357,0.051270,0.794678,43.686,0.358779,0.847328,0.000000,224,-62,390
57580,tilt_static,0.642578,0.053955,0.794922,43.692,0.167939,0.977099,0.000000,225,-63,393
57600,tilt_static,0.638184,0.052002,0.798584,43.704,0.274809,1.030534,-0.137405,225,-63,393
57620,tilt_static,0.642822,0.048828,0.792969,43.733,0.267176,0.931298,-0.053435,225,-63,393
57640,tilt_static,0.639404,0.051758,0.789551,43.704,0.206107,0.832061,0.015267,224,-62,392
57660,tilt_static,0.640381,0.050049,0.791992,43.677,0.213740,0.961832,-0.061069,224,-62,392
57680,tilt_static,0.635254,0.047363,0.792969,43.730,0.183206,1.045802,-0.053435,224,-62,392
57700,tilt_static,0.637451,0.047852,0.790771,43.665,0.160305,1.030534,-0.274809,224,-62,392
57720,tilt_static,0.636475,0.048584,0.793213,43.704,0.396947,0.954198,-0.038168,224,-62,390
57740,tilt_static,0.636230,0.052246,0.797607,43.704,0.122137,0.992366,0.015267,224,-62,390
57760,tilt_static,0.641602,0.049805,0.793213,43.695,0.236641,0.908397,-0.083969,224,-62,390
57780,tilt_static,0.636963,0.050293,0.799316,43.686,0.213740,0.908397,-0.122137,223,-63,391
57800,tilt_static,0.639893,0.052490,0.797363,43.721,0.236641,0.954198,-0.145038,223,-63,391
57821,tilt_static,0.640625,0.051758,0.796387,43.671,0.259542,0.877863,-0.053435,223,-63,391
57840,tilt_static,0.640137,0.051514,0.791016,43.701,0.259542,0.824428,-0.007634,225,-63,392
57860,tilt_static,0.640381,0.051025,0.793457,43.704,0.351145,0.984733,-0.068702,225,-63,392
57881,tilt_static,0.640625,0.051270,0.795410,43.718,0.160305,1.068702,-0.099237,225,-63,392
57900,tilt_static,0.638428,0.051514,0.791260,43.698,0.259542,1.083969,-0.122137,225,-63,392
57920,tilt_static,0.638916,0.048096,0.791992,43.701,0.244275,0.938931,-0.045802,224,-62,392
57940,tilt_static,0.636719,0.050781,0.793457,43.730,0.282443,0.877863,0.000000,224,-62,392
57960,tilt_static,0.638916,0.051025,0.789795,43.712,0.129771,1.000000,-0.167939,224,-62,392
57980,tilt_static,0.633301,0.052490,0.796387,43.709,0.229008,0.786260,-0.114504,224,-62,392
58000,tilt_static,0.635986,0.050537,0.794189,43.680,0.145038,0.900763,-0.145038,224,-62,392
58020,tilt_static,0.637695,0.048340,0.797363,43.701,0.221374,0.916031,-0.053435,224,-62,392
58040,tilt_static,0.638672,0.051758,0.794678,43.674,0.167939,0.969466,-0.106870,224,-62,392
58060,tilt_static,0.642090,0.053467,0.796143,43.709,0.175573,0.862595,-0.160305,225,-64,392
58080,tilt_static,0.637207,0.050293,0.798828,43.695,0.236641,0.877863,-0.175573,225,-64,392
58100,tilt_static,0.638184,0.051270,0.799805,43.706,0.129771,1.068702,-0.083969,225,-64,392
58120,tilt_static,0.636963,0.052490,0.796387,43.692,0.198473,0.961832,-0.122137,225,-62,393
58140,tilt_static,0.638428,0.047852,0.798584,43.701,0.145038,1.015267,-0.137405,225,-62,393
58160,tilt_static,0.642090,0.049072,0.796143,43.724,0.167939,1.068702,-0.038168,225,-62,393
58180,tilt_static,0.638184,0.051514,0.797852,43.721,0.167939,0.992366,-0.053435,223,-62,391
58200,tilt_static,0.639893,0.048584,0.796387,43.695,0.282443,0.954198,-0.129771,223,-62,391
58220,tilt_static,0.638672,0.049805,0.791992,43.712,0.259542,1.000000,-0.114504,223,-62,391
58240,tilt_static,0.639893,0.054688,0.799561,43.706,0.213740,1.038168,-0.221374,223,-62,391
58260,tilt_static,0.633545,0.050293,0.794922,43.683,0.320611,0.908397,-0.015267,224,-63,391
58280,tilt_static,0.636230,0.050537,0.799072,43.706,0.229008,0.954198,-0.129771,224,-63,391
58300,tilt_static,0.641846,0.050537,0.796631,43.706,0.274809,0.893130,-0.053435,224,-63,391
58320,tilt_static,0.634033,0.051025,0.789307,43.704,0.198473,0.862595,-0.038168,223,-62,390
58340,tilt_static,0.639893,0.052002,0.795898,43.692,0.229008,0.908397,-0.190840,223,-62,390
58360,tilt_static,0.636475,0.046875,0.793701,43.677,0.320611,0.938931,-0.152672,223,-62,390
58380,tilt_static,0.639404,0.048096,0.793213,43.721,0.221374,0.854962,-0.015267,224,-62,391
58401,tilt_static,0.639648,0.051025,0.798340,43.718,0.175573,0.893130,-0.076336,224,-62,391
58420,tilt_static,0.639893,0.053467,0.799072,43.689,0.251908,0.832061,-0.145038,224,-62,391
58440,tilt_static,0.639648,0.048584,0.795410,43.718,0.175573,1.061069,-0.175573,224,-62,391
58461,tilt_static,0.639893,0.052002,0.791260,43.701,0.229008,0.748092,-0.236641,225,-63,390
58480,tilt_static,0.637695,0.050537,0.792725,43.704,0.229008,0.870229,-0.061069,225,-63,390
58500,tilt_static,0.639648,0.051514,0.792969,43.686,0.244275,0.946565,-0.045802,225,-63,390
58521,tilt_static,0.635986,0.052979,0.796143,43.692,0.259542,0.931298,-0.145038,224,-62,391
58540,tilt_static,0.635742,0.049561,0.797852,43.695,0.320611,0.931298,-0.045802,224,-62,391
58560,tilt_static,0.637451,0.045410,0.791504,43.730,0.236641,0.977099,-0.053435,224,-62,391
58580,tilt_static,0.633301,0.052246,0.791504,43.689,0.229008,1.030534,-0.122137,225,-62,392
58600,tilt_static,0.641602,0.048828,0.795654,43.698,0.229008,0.885496,-0.083969,225,-62,392
58620,tilt_static,0.638916,0.050293,0.797607,43.692,0.366412,0.908397,-0.137405,225,-62,392
58640,tilt_static,0.640625,0.051025,0.793457,43.683,0.160305,1.000000,-0.076336,225,-62,392
58660,tilt_static,0.645020,0.047607,0.799316,43.709,0.274809,1.122137,-0.129771,223,-63,391
58680,tilt_static,0.638916,0.054443,0.796875,43.715,0.206107,0.946565,-0.083969,223,-63,391
58700,tilt_static,0.635986,0.049805,0.797852,43.698,0.152672,0.916031,-0.099237,223,-63,391
58720,tilt_static,0.638672,0.046387,0.797363,43.692,0.251908,0.885496,0.007634,224,-62,393
58740,tilt_static,0.634521,0.048828,0.797607,43.683,0.290076,0.946565,-0.099237,224,-62,393
58760,tilt_static,0.637939,0.049805,0.795166,43.701,0.122137,0.954198,-0.076336,224,-62,393
58780,tilt_static,0.641113,0.055664,0.791504,43.695,0.229008,0.954198,-0.076336,224,-63,391
58800,tilt_static,0.637939,0.048096,0.799805,43.686,0.236641,1.038168,-0.114504,224,-63,391
58820,tilt_static,0.641357,0.053223,0.793457,43.665,0.305344,0.679389,-0.106870,224,-63,391
58840,tilt_static,0.638916,0.052002,0.796875,43.701,0.229008,1.045802,-0.068702,224,-63,391
58860,tilt_static,0.639893,0.052246,0.789307,43.680,0.221374,0.938931,-0.106870,223,-62,390
58880,tilt_static,0.640869,0.045166,0.795654,43.715,0.175573,0.977099,-0.114504,223,-62,390
58900,tilt_static,0.643066,0.051758,0.795898,43.706,0.175573,1.038168,-0.122137,223,-62,390
58920,tilt_static,0.638672,0.053223,0.799072,43.695,0.167939,0.916031,-0.022901,225,-62,391
58940,tilt_static,0.641357,0.048096,0.798096,43.715,0.221374,0.832061,-0.022901,225,-62,391
58960,tilt_static,0.634277,0.052490,0.793945,43.683,0.145038,0.938931,-0.122137,225,-62,391
58980,tilt_static,0.637451,0.049805,0.793457,43.695,0.251908,0.961832,-0.053435,225,-62,390
59000,tilt_static,0.641602,0.056641,0.797607,43.698,0.274809,0.916031,-0.053435,225,-62,390
59020,tilt_static,0.634521,0.049316,0.790771,43.706,0.213740,0.977099,-0.099237,225,-62,390
59040,tilt_static,0.637451,0.048828,0.792725,43.704,0.175573,1.076336,-0.045802,225,-62,390
59060,tilt_static,0.640381,0.053467,0.791748,43.709,0.145038,0.885496,-0.007634,223,-63,391
59080,tilt_static,0.640381,0.051270,0.794922,43.709,0.259542,0.908397,-0.030534,223,-63,391
59100,tilt_static,0.638184,0.052979,0.787598,43.695,0.267176,0.893130,-0.145038,223,-63,391
59120,tilt_static,0.644531,0.056641,0.793213,43.665,0.244275,0.839695,-0.213740,224,-62,392
59140,tilt_static,0.635742,0.051758,0.798340,43.680,0.213740,0.923664,-0.083969,224,-62,392
59160,tilt_static,0.638672,0.047607,0.794678,43.680,0.267176,0.885496,-0.038168,224,-62,392
59180,tilt_static,0.638428,0.052979,0.794922,43.704,0.129771,0.961832,-0.198473,224,-62,392
59200,tilt_static,0.637939,0.053711,0.792969,43.704,0.335878,1.045802,-0.076336,224,-63,392
59220,tilt_static,0.638428,0.053223,0.791748,43.701,0.152672,1.038168,-0.091603,224,-63,392
59240,tilt_static,0.638672,0.055420,0.791992,43.686,0.351145,0.977099,-0.007634,224,-63,392
59260,tilt_static,0.638428,0.050049,0.800781,43.698,0.251908,0.931298,-0.053435,224,-62,392
59280,tilt_static,0.634766,0.050781,0.796143,43.686,0.251908,0.969466,-0.061069,224,-62,392
59300,tilt_static,0.635498,0.047607,0.795898,43.695,0.190840,1.083969,-0.022901,224,-62,392
59321,tilt_static,0.636475,0.046631,0.788818,43.733,0.198473,0.961832,-0.038168,224,-63,392
59340,tilt_static,0.638672,0.050293,0.792480,43.695,0.259542,0.900763,-0.122137,224,-63,392
59360,tilt_static,0.641846,0.053467,0.801758,43.656,0.297710,0.961832,-0.244275,224,-63,392
59381,tilt_static,0.636719,0.048340,0.791992,43.724,0.206107,0.893130,-0.129771,224,-63,392
59400,tilt_static,0.636963,0.049805,0.798828,43.709,0.175573,1.022901,-0.076336,225,-62,393
59420,tilt_static,0.630859,0.052490,0.793945,43.689,0.259542,0.984733,-0.206107,225,-62,393
59440,tilt_static,0.641846,0.050293,0.794922,43.718,0.183206,0.977099,-0.145038,225,-62,393
59460,tilt_static,0.645508,0.049316,0.792969,43.709,0.152672,1.022901,-0.068702,224,-62,391
59480,tilt_static,0.639404,0.050049,0.798340,43.683,0.229008,0.961832,-0.198473,224,-62,391
59500,tilt_static,0.640625,0.052734,0.793457,43.706,0.175573,1.030534,-0.114504,224,-62,391
59520,tilt_static,0.641113,0.051270,0.792480,43.695,0.320611,0.923664,0.000000,224,-62,391
59540,tilt_static,0.634766,0.045654,0.800537,43.686,0.114504,1.129771,-0.152672,224,-62,391
59560,tilt_static,0.641113,0.049072,0.796143,43.677,0.259542,0.832061,0.007634,224,-62,391
59580,tilt_static,0.644775,0.049805,0.792725,43.689,0.320611,0.923664,-0.114504,224,-62,391
59600,tilt_static,0.636475,0.052734,0.800781,43.715,0.290076,0.862595,-0.091603,224,-63,391
59620,tilt_static,0.637207,0.047852,0.793457,43.668,0.221374,1.000000,-0.114504,224,-63,391
59640,tilt_static,0.637451,0.047119,0.798828,43.674,0.274809,1.083969,-0.015267,224,-63,391
59660,tilt_static,0.635986,0.047119,0.793213,43.727,0.213740,1.022901,-0.160305,225,-62,391
59680,tilt_static,0.638184,0.051025,0.794434,43.683,0.183206,0.954198,-0.221374,225,-62,391
59700,tilt_static,0.640137,0.050781,0.791016,43.680,0.351145,0.984733,-0.122137,225,-62,391
59720,tilt_static,0.638672,0.051270,0.798096,43.695,0.274809,1.000000,-0.106870,224,-63,391
59740,tilt_static,0.637207,0.050537,0.793457,43.677,0.206107,1.030534,-0.145038,224,-63,391
59760,tilt_static,0.641357,0.049805,0.791748,43.698,0.290076,0.931298,-0.022901,224,-63,391
59780,tilt_static,0.636963,0.050781,0.789063,43.701,0.175573,1.022901,-0.183206,224,-63,391
59800,tilt_static,0.637939,0.055176,0.801758,43.706,0.206107,0.984733,-0.183206,223,-63,391
59820,tilt_static,0.636230,0.049561,0.793457,43.680,0.198473,0.954198,0.053435,223,-63,391
59840,tilt_static,0.635986,0.050049,0.796387,43.686,0.160305,0.984733,-0.076336,223,-63,391
59860,tilt_static,0.640137,0.048828,0.799072,43.662,0.152672,0.992366,-0.129771,224,-62,392
59880,tilt_static,0.645020,0.049316,0.798340,43.721,0.206107,0.916031,-0.068702,224,-62,392
59900,tilt_static,0.635254,0.053467,0.801758,43.718,0.183206,0.938931,-0.114504,224,-62,392
59920,tilt_static,0.635498,0.048828,0.795898,43.686,0.251908,0.946565,-0.145038,224,-63,391
59940,tilt_static,0.640137,0.049561,0.794189,43.668,0.076336,0.832061,-0.007634,224,-63,391
59961,tilt_static,0.639404,0.049805,0.800537,43.665,0.160305,0.832061,-0.091603,224,-63,391
59980,tilt_static,0.637939,0.055420,0.795410,43.665,0.198473,0.938931,-0.083969,224,-63,391
