# purpose,attitude fusion experiment
# label,continuous_motion
# sample_hz,50
# duration_s,120
# sda_gpio,21
# scl_gpio,22
# wifi,off
t_ms,label,ax_g,ay_g,az_g,temp_c,gx_dps,gy_dps,gz_dps,mx_raw,my_raw,mz_raw
0,continuous_motion,-0.037354,0.012207,1.027100,43.756,0.160305,1.068702,-0.022901,245,191,258
20,continuous_motion,-0.036377,0.015381,1.026123,43.736,0.190840,1.000000,-0.083969,245,191,258
40,continuous_motion,-0.034424,0.017822,1.019043,43.748,0.236641,0.977099,-0.183206,245,191,258
61,continuous_motion,-0.038330,0.016113,1.025635,43.745,0.206107,0.839695,-0.183206,245,191,258
80,continuous_motion,-0.038330,0.013672,1.023926,43.751,0.206107,1.038168,-0.061069,246,190,260
100,continuous_motion,-0.048584,0.024658,1.017090,43.736,0.328244,0.335878,-0.030534,246,190,260
121,continuous_motion,-0.031738,0.013672,1.027832,43.765,0.374046,-2.946565,-0.160305,246,190,260
140,continuous_motion,-0.020020,0.012695,1.039307,43.756,0.007634,0.244275,-0.083969,246,190,260
160,continuous_motion,-0.029541,0.011230,1.024414,43.733,0.175573,2.763359,-0.183206,245,190,259
181,continuous_motion,-0.040771,0.011719,1.021973,43.759,0.221374,3.274809,-0.244275,245,190,259
200,continuous_motion,-0.059082,0.005371,1.004395,43.736,0.190840,2.519084,-0.152672,245,190,259
220,continuous_motion,-0.038086,0.012939,1.014160,43.742,0.175573,0.671756,-0.053435,245,190,258
240,continuous_motion,-0.025391,0.016113,1.028320,43.730,0.259542,0.755725,-0.122137,245,190,258
260,continuous_motion,-0.040039,0.013184,1.021240,43.736,0.251908,1.694656,-0.068702,245,190,258
280,continuous_motion,-0.042480,0.002686,1.017822,43.765,0.152672,0.786260,-0.122137,245,190,258
300,continuous_motion,-0.049316,0.019043,1.007813,43.774,0.335878,-0.114504,-0.259542,246,190,259
320,continuous_motion,-0.040771,0.019775,1.027100,43.748,0.511450,-1.587786,-0.160305,246,190,259
340,continuous_motion,-0.015381,0.022217,1.041016,43.765,0.312977,-0.687023,-0.038168,246,190,259
360,continuous_motion,-0.035645,0.008301,1.025635,43.748,0.007634,3.557252,-0.030534,245,189,258
380,continuous_motion,-0.047363,0.016846,1.022461,43.742,0.206107,1.625954,-0.106870,245,189,258
400,continuous_motion,-0.035156,0.015137,1.025146,43.754,0.221374,1.229008,-0.038168,245,189,258
420,continuous_motion,0.020264,0.001221,1.011475,43.727,0.282443,1.351145,-0.160305,245,189,257
440,continuous_motion,-0.039063,0.006836,1.023682,43.748,0.122137,2.038168,-0.167939,245,189,257
460,continuous_motion,-0.052734,0.014160,1.014893,43.751,0.160305,1.450382,-0.045802,245,189,257
480,continuous_motion,-0.034668,0.015381,1.030029,43.742,0.328244,-1.587786,-0.053435,245,189,257
500,continuous_motion,-0.008545,0.012695,1.021484,43.759,0.183206,0.961832,-0.091603,244,190,258
520,continuous_motion,-0.045898,0.018066,1.026123,43.762,0.190840,2.183206,-0.137405,244,190,258
540,continuous_motion,-0.022217,0.013428,1.034424,43.762,0.099237,2.465649,-0.091603,244,190,258
560,continuous_motion,-0.037109,0.018799,1.029297,43.754,0.297710,3.778626,-0.198473,244,191,257
580,continuous_motion,-0.073975,0.017822,0.996826,43.745,0.175573,1.389313,0.015267,244,191,257
600,continuous_motion,-0.032471,0.015137,1.030762,43.751,0.396947,-2.274809,-0.083969,244,191,257
620,continuous_motion,0.007568,0.011230,1.058838,43.777,0.229008,2.625954,-0.083969,245,190,258
640,continuous_motion,-0.114990,0.005127,0.964355,43.759,-0.106870,5.244275,-0.061069,245,190,258
660,continuous_motion,-0.049805,0.015625,1.046875,43.748,0.297710,-0.648855,-0.091603,245,190,258
680,continuous_motion,-0.026367,0.018799,1.032715,43.754,0.358779,1.748092,-0.129771,245,190,258
700,continuous_motion,-0.074707,0.015625,0.995361,43.745,0.106870,2.175573,-0.091603,246,191,257
720,continuous_motion,-0.029785,0.018555,1.035889,43.748,0.236641,-1.778626,-0.061069,246,191,257
740,continuous_motion,-0.039063,0.019287,1.025635,43.804,0.351145,-0.183206,-0.053435,246,191,257
760,continuous_motion,-0.071289,0.011230,1.002686,43.742,0.305344,-1.473282,-0.190840,245,191,257
780,continuous_motion,-0.053955,0.020508,1.010498,43.768,0.412214,-5.114504,-0.167939,245,191,257
800,continuous_motion,-0.017334,0.012207,1.028564,43.733,0.305344,-4.480916,-0.145038,245,191,257
820,continuous_motion,-0.034424,0.017578,1.029053,43.771,0.129771,-3.404580,-0.122137,246,189,260
840,continuous_motion,-0.068359,0.022949,1.019043,43.745,0.320611,-5.068702,-0.251908,246,189,260
860,continuous_motion,0.109375,0.034668,1.068848,43.745,1.977099,-5.480916,-0.633588,246,189,260
880,continuous_motion,0.002686,0.102783,1.128662,43.777,0.702290,11.351145,-0.213740,246,189,260
900,continuous_motion,-0.066162,-0.009521,0.987305,43.751,-0.290076,7.946565,-0.145038,245,188,259
920,continuous_motion,-0.071045,0.010986,0.995850,43.718,-0.190840,3.343511,0.160305,245,188,259
940,continuous_motion,-0.052490,0.019287,1.035400,43.759,0.351145,1.977099,0.076336,245,188,259
960,continuous_motion,-0.051025,0.013184,1.007568,43.783,0.519084,-1.305344,-0.083969,246,190,259
980,continuous_motion,-0.048340,0.015869,1.015137,43.733,0.519084,-3.450382,0.083969,246,190,259
1000,continuous_motion,-0.058838,0.019043,1.023193,43.751,0.404580,-5.412214,-0.076336,246,190,259
1020,continuous_motion,-0.061523,0.030518,1.020508,43.762,-0.496183,-8.503817,-0.244275,245,187,262
1041,continuous_motion,-0.018799,0.022461,1.044922,43.774,-3.305344,-9.534351,-0.374046,245,187,262
1060,continuous_motion,0.019043,0.012207,1.028320,43.765,-1.374046,-6.641222,-0.549618,245,187,262
1080,continuous_motion,-0.008301,0.010986,1.014404,43.751,-1.381679,-2.267176,-0.122137,245,187,262
1101,continuous_motion,-0.039307,0.023438,1.020508,43.745,-0.099237,-0.366412,-0.290076,247,185,262
1120,continuous_motion,-0.021729,0.008789,1.028809,43.733,-1.305344,-1.106870,-0.229008,247,185,262
1140,continuous_motion,-0.019775,0.011230,1.034424,43.759,-1.625954,-1.374046,0.282443,247,185,262
1161,continuous_motion,-0.024658,-0.000977,1.010742,43.762,0.053435,-2.198473,0.442748,246,185,262
1180,continuous_motion,-0.016602,0.027588,1.038818,43.789,0.839695,-2.671756,-0.076336,246,185,262
1200,continuous_motion,0.001953,0.010254,1.022461,43.748,-0.129771,-3.809160,0.343511,246,185,262
1221,continuous_motion,0.005371,0.008301,1.020020,43.771,-0.183206,-1.206107,0.580153,247,183,262
1240,continuous_motion,-0.006836,0.006592,1.021240,43.751,-0.099237,0.877863,0.389313,247,183,262
1260,continuous_motion,-0.026611,0.004150,1.027344,43.745,0.801527,0.832061,-0.015267,247,183,262
1280,continuous_motion,-0.038574,0.000977,1.002197,43.762,2.290076,-1.419847,-0.175573,247,183,262
1300,continuous_motion,-0.015137,0.053467,1.041748,43.736,2.389313,-0.916031,-0.099237,246,185,264
1320,continuous_motion,-0.018799,0.013184,1.027100,43.742,-0.519084,1.908397,0.167939,246,185,264
1340,continuous_motion,-0.034668,0.015625,1.056396,43.777,1.091603,-1.694656,0.061069,246,185,264
1360,continuous_motion,-0.031250,0.011230,1.028320,43.789,0.816794,-4.396946,0.000000,244,182,265
1380,continuous_motion,-0.016113,0.017822,1.044678,43.756,1.396947,-5.931298,0.053435,244,182,265
1401,continuous_motion,-0.012451,-0.009521,1.026611,43.768,1.618321,-8.580153,-0.045802,244,182,265
1420,continuous_motion,0.012207,0.027588,1.038330,43.742,1.633588,-8.603053,-0.160305,244,182,265
1440,continuous_motion,0.007568,0.037842,1.077148,43.768,0.152672,-6.862596,0.229008,245,179,267
1461,continuous_motion,-0.024170,-0.003906,1.019775,43.727,0.725191,-10.061069,2.900763,245,179,267
1480,continuous_motion,-0.040039,0.022705,1.038818,43.762,2.374046,-14.015267,5.000000,245,179,267
1500,continuous_motion,0.025635,0.023682,1.018555,43.765,1.122137,-15.656488,4.839694,243,175,272
1520,continuous_motion,0.002686,0.006592,1.028320,43.777,1.748092,-18.900763,9.458015,243,175,272
1540,continuous_motion,0.034180,0.023926,1.026855,43.751,3.167939,-24.404581,15.221375,243,175,272
1560,continuous_motion,0.091553,0.014893,0.987549,43.780,1.709924,-16.198473,9.534351,239,172,278
1580,continuous_motion,0.042236,0.019775,1.035645,43.783,-0.366412,-9.099236,6.786260,239,172,278
1600,continuous_motion,0.017090,0.024658,1.043945,43.762,1.938931,-13.664123,10.297709,239,172,278
1620,continuous_motion,0.049072,0.019775,1.020508,43.786,0.954198,-16.832062,9.290076,239,172,278
1640,continuous_motion,0.073975,-0.004639,1.010010,43.768,0.343511,-18.305344,9.068703,237,168,283
1660,continuous_motion,0.104736,0.017090,1.001953,43.742,3.755725,-9.549619,5.725191,237,168,283
1680,continuous_motion,0.067871,0.017578,1.025635,43.765,-1.717557,-2.923664,3.175573,237,168,283
1700,continuous_motion,0.033936,0.022705,1.025879,43.771,0.244275,-7.763359,5.496183,234,165,287
1720,continuous_motion,0.050049,0.024658,1.048584,43.804,-2.618321,-8.580153,1.061069,234,165,287
1740,continuous_motion,0.051514,0.055664,1.075684,43.774,-8.786260,-7.595420,-4.267176,234,165,287
1760,continuous_motion,0.062500,0.024170,1.030273,43.777,-14.519084,-8.221375,-6.366412,237,161,288
1780,continuous_motion,0.070068,0.008301,1.050537,43.754,-14.893129,-9.900764,-6.282443,237,161,288
1800,continuous_motion,0.072998,0.011475,1.025879,43.754,-19.908398,-10.267176,-9.175572,237,161,288
1820,continuous_motion,0.132568,-0.029297,0.990479,43.771,-20.534351,-6.778626,-11.870229,237,161,288
1841,continuous_motion,0.164307,-0.001465,0.997070,43.795,-17.175573,-1.114504,-9.175572,246,156,287
1860,continuous_motion,0.187500,0.014648,1.006348,43.783,-17.511450,9.251908,-5.633588,246,156,287
1880,continuous_motion,0.178467,0.065918,1.081787,43.774,-25.786259,22.320610,-3.213740,246,156,287
1901,continuous_motion,0.171387,0.072510,1.099854,43.768,-42.236641,40.854961,-6.053435,256,160,279
1920,continuous_motion,0.171875,0.067139,1.075928,43.762,-62.183205,63.206108,-11.274809,256,160,279
1940,continuous_motion,0.169922,0.046875,1.062500,43.762,-81.091606,79.282440,-8.511451,256,160,279
1960,continuous_motion,0.100098,-0.039795,1.040039,43.756,-92.816795,91.809158,-1.183206,278,183,242
1980,continuous_motion,-1.206055,-0.384766,-0.994141,43.774,-49.732826,86.351143,9.496183,278,183,242
2000,continuous_motion,-0.697266,-0.682617,0.664795,43.771,-18.526718,-27.625954,-6.335878,278,183,242
2020,continuous_motion,0.314209,-0.333984,0.849609,43.736,16.519083,-40.648853,-8.274809,278,183,242
2040,continuous_motion,0.059814,-0.096436,1.146484,43.733,11.755725,-25.961832,-8.709924,285,184,237
2060,continuous_motion,0.084229,-0.130371,0.991455,43.751,3.366412,-12.473283,-10.076336,285,184,237
2080,continuous_motion,0.086426,-0.149170,0.960938,43.768,6.702290,-0.618321,-6.488550,285,184,237
2100,continuous_motion,0.020264,-0.073730,1.049561,43.774,10.328244,-1.320611,3.893130,286,178,244
2120,continuous_motion,0.035889,-0.118896,1.030029,43.756,2.763359,1.564886,4.564886,286,178,244
2140,continuous_motion,0.045410,-0.197510,0.912109,43.771,4.145038,11.320611,0.679389,286,178,244
2160,continuous_motion,-0.030029,-0.180664,0.992920,43.777,13.480916,13.984733,0.763359,283,180,241
2180,continuous_motion,-0.070068,-0.162598,0.990967,43.739,19.679390,8.496183,-1.557252,283,180,241
2200,continuous_motion,-0.029785,-0.144043,0.983398,43.759,26.274809,-0.305344,-1.625954,283,180,241
2220,continuous_motion,-0.005127,-0.121582,1.000000,43.759,34.274811,-9.977099,5.786260,283,180,241
2240,continuous_motion,-0.064453,-0.055420,1.061279,43.777,36.870228,-13.480916,6.442748,275,180,248
2260,continuous_motion,0.029541,-0.070313,1.026855,43.742,31.587786,-11.931297,-0.847328,275,180,248
2280,continuous_motion,0.002930,-0.004639,1.083252,43.774,28.427481,-8.267176,-1.938931,275,180,248
2301,continuous_motion,0.017822,0.015625,1.102783,43.754,17.167938,-9.167939,-2.381679,267,176,260
2320,continuous_motion,0.040527,-0.017578,1.065430,43.748,9.137404,-13.725191,3.793893,267,176,260
2340,continuous_motion,0.025635,-0.034180,1.038574,43.748,5.870229,-17.419847,8.679389,267,176,260
2361,continuous_motion,0.070068,-0.029053,1.025391,43.798,-0.458015,-7.145038,1.297710,267,176,260
2380,continuous_motion,0.023438,-0.024658,1.053223,43.768,-5.229008,-0.526718,0.244275,262,171,265
2400,continuous_motion,-0.054443,-0.087158,1.038574,43.786,-8.022901,-7.480916,1.595420,262,171,265
2421,continuous_motion,-0.054688,-0.185791,0.905762,43.733,3.496183,-20.862595,-0.442748,262,171,265
2440,continuous_motion,0.017334,-0.122559,0.959229,43.771,21.396946,-30.213741,-1.442748,263,168,266
2460,continuous_motion,0.075439,-0.046875,1.013672,43.777,30.366413,-34.709923,0.809160,263,168,266
2480,continuous_motion,0.102295,-0.019287,0.989502,43.768,31.427481,-32.190838,2.435115,263,168,266
2500,continuous_motion,0.073730,0.051514,1.043213,43.777,28.824427,-27.893129,3.190840,254,156,282
2520,continuous_motion,0.088379,0.004639,1.066162,43.762,20.610687,-26.381680,2.816794,254,156,282
2540,continuous_motion,0.058838,-0.056641,0.981689,43.768,20.503817,-30.015266,3.007634,254,156,282
2560,continuous_motion,0.054199,-0.004639,1.041504,43.759,26.007633,-33.893131,-1.442748,254,156,282
2580,continuous_motion,0.168701,0.033691,1.023438,43.765,23.900763,-35.473282,-4.946565,245,145,296
2600,continuous_motion,0.166748,0.086670,1.063232,43.777,22.198473,-34.725189,2.358779,245,145,296
2620,continuous_motion,0.187744,0.124756,1.066406,43.759,12.633588,-33.091602,5.534351,245,145,296
2640,continuous_motion,0.191895,0.011719,0.952881,43.768,2.129771,-22.496183,0.267176,240,132,307
2661,continuous_motion,0.217529,0.007324,0.993652,43.748,1.045802,-16.465649,-0.748092,240,132,307
2680,continuous_motion,0.187988,0.037109,1.031738,43.756,2.022901,-15.145039,1.877863,240,132,307
2700,continuous_motion,0.192139,0.020264,1.009033,43.748,2.740458,-17.816793,4.961832,237,123,312
2720,continuous_motion,0.256836,0.014160,0.996338,43.774,2.427481,-13.221375,4.015267,237,123,312
2740,continuous_motion,0.292969,0.013672,0.971191,43.774,-0.129771,-2.106870,2.687023,237,123,312
2760,continuous_motion,0.152344,0.049316,1.010986,43.777,-0.290076,4.610687,2.320611,237,123,312
2780,continuous_motion,0.126709,0.061035,1.013916,43.768,0.877863,2.793893,2.763359,236,122,315
2800,continuous_motion,0.157471,0.025879,0.990723,43.756,0.862595,4.442748,2.366412,236,122,315
2820,continuous_motion,0.171143,0.010254,0.993408,43.777,-0.083969,6.282443,0.236641,236,122,315
2840,continuous_motion,0.170898,0.022461,1.005127,43.754,0.045802,6.740458,-0.335878,237,124,312
2860,continuous_motion,0.165039,0.031250,1.029053,43.756,0.328244,4.603054,-0.480916,237,124,312
2880,continuous_motion,0.174561,0.028809,1.002930,43.730,0.175573,2.175573,-0.725191,237,124,312
2900,continuous_motion,0.217529,0.025391,0.987549,43.774,-0.061069,4.931298,-1.786260,237,125,312
2920,continuous_motion,0.214111,0.024658,0.989990,43.754,-1.267176,11.526717,-4.274809,237,125,312
2940,continuous_motion,0.177490,0.021973,1.002686,43.754,-1.770992,16.244274,-4.732824,237,125,312
2960,continuous_motion,0.204102,0.031494,1.004150,43.771,-1.198473,19.496183,-3.763359,237,125,312
2980,continuous_motion,0.190430,0.024170,0.988525,43.751,-1.832061,25.671755,-4.679389,239,130,308
3000,continuous_motion,0.116211,0.020264,1.019531,43.736,-2.427481,29.946566,-5.557252,239,130,308
3020,continuous_motion,0.129883,0.034180,0.923096,43.768,-2.465649,31.816793,-6.885496,239,130,308
3040,continuous_motion,0.079590,0.019531,1.059814,43.754,-4.091603,36.412212,-13.267176,242,140,300
3060,continuous_motion,0.085449,0.027100,1.042969,43.774,-1.832061,24.534351,-10.450381,242,140,300
3081,continuous_motion,0.187744,0.020264,0.985107,43.754,-0.778626,23.312977,-9.038168,242,140,300
3100,continuous_motion,0.117676,0.025391,1.004639,43.754,-2.083969,31.442749,-13.213740,246,148,294
3120,continuous_motion,0.051025,-0.008057,1.048096,43.768,-4.412214,33.366413,-14.854961,246,148,294
3141,continuous_motion,-0.039795,0.054199,1.040771,43.789,-1.312977,26.396946,-11.412213,246,148,294
3160,continuous_motion,0.002441,0.044678,1.127441,43.762,3.091603,8.725191,-5.496183,246,148,294
3180,continuous_motion,0.052734,0.024170,1.029297,43.783,4.854962,-0.885496,-4.702290,250,155,287
3200,continuous_motion,0.057373,0.053711,1.025146,43.786,1.534351,-4.000000,-5.648855,250,155,287
3220,continuous_motion,0.006104,0.000000,1.063232,43.759,-0.045802,-9.519084,-4.259542,250,155,287
3240,continuous_motion,-0.003418,0.015137,1.049072,43.786,2.580153,-20.557251,-1.305344,252,150,288
3260,continuous_motion,0.043213,0.024170,1.043701,43.768,3.908397,-31.610687,-0.145038,252,150,288
3280,continuous_motion,0.079346,0.022949,1.028320,43.742,3.625954,-38.198475,-0.305344,252,150,288
3300,continuous_motion,0.072998,0.030762,1.031250,43.745,2.595420,-43.267174,-0.534351,252,137,288
3320,continuous_motion,0.082275,0.023438,1.032715,43.721,3.236641,-50.358780,0.259542,249,137,299
3340,continuous_motion,0.141846,0.010986,1.020996,43.759,5.473282,-56.618320,0.274809,249,137,299
3360,continuous_motion,0.158203,0.029053,1.008057,43.765,6.938931,-58.053436,-0.389313,249,137,299
3380,continuous_motion,0.195068,0.006348,1.016113,43.765,8.091603,-60.000000,-0.679389,247,114,314
3400,continuous_motion,0.218750,0.028809,1.010254,43.759,12.312977,-59.916031,-1.793893,247,114,314
3420,continuous_motion,0.250000,0.056152,0.976807,43.783,11.916031,-60.625954,-1.961832,247,114,314
3440,continuous_motion,0.268066,0.066895,0.966309,43.774,10.152672,-57.801525,-1.984733,243,88,328
3460,continuous_motion,0.277588,0.037354,0.988525,43.774,8.763359,-55.870228,-1.908397,243,88,328
3480,continuous_motion,0.343750,0.002441,1.003906,43.774,12.587787,-52.969467,-1.595420,243,88,328
3500,continuous_motion,0.347656,0.024414,0.994873,43.756,19.862595,-46.160305,-3.175573,243,88,328
3520,continuous_motion,0.296875,0.039063,1.013428,43.774,25.045801,-43.580154,-4.671756,238,65,341
3540,continuous_motion,0.303467,0.026855,1.049316,43.756,30.847328,-42.610687,-3.732824,238,65,341
3560,continuous_motion,0.323242,0.077881,0.967773,43.759,38.091602,-33.564884,-1.557252,238,65,341
3581,continuous_motion,0.565918,0.194092,1.265381,43.780,23.175573,-13.862596,4.648855,227,45,354
3600,continuous_motion,0.503662,0.082275,1.115723,43.739,-10.778625,37.572517,8.412213,227,45,354
3620,continuous_motion,0.439697,0.034912,1.013916,43.774,-6.099236,44.931297,11.526717,227,45,354
3640,continuous_motion,0.518311,0.089600,1.121094,43.789,22.511450,31.000000,10.053435,222,57,349
3660,continuous_motion,0.504150,0.204346,1.130859,43.762,42.595421,30.946566,1.977099,222,57,349
3680,continuous_motion,0.450684,0.297852,1.092773,43.759,55.572517,35.488548,-11.435115,222,57,349
3700,continuous_motion,0.287598,0.363525,0.895752,43.771,58.687023,26.450382,-27.534351,222,57,349
3720,continuous_motion,0.205566,0.331787,0.775391,43.783,55.412212,1.137405,-38.175571,205,67,351
3740,continuous_motion,0.217773,0.289795,0.794922,43.762,43.587788,-25.496183,-42.274811,205,67,351
3760,continuous_motion,0.229004,0.334229,0.778809,43.754,34.206108,-36.343510,-43.488548,205,67,351
3780,continuous_motion,0.197266,0.324707,0.649414,43.762,28.290077,-48.167938,-45.000000,198,51,363
3800,continuous_motion,0.197021,0.304688,0.577881,43.774,17.786259,-68.587784,-42.748093,198,51,363
3820,continuous_motion,0.315430,0.319580,0.716797,43.759,8.030535,-79.671753,-41.618320,198,51,363
3840,continuous_motion,0.364258,0.194336,0.733398,43.771,-13.244275,-67.603050,-37.465649,199,14,373
3860,continuous_motion,0.323975,0.125977,0.713379,43.783,-17.328245,-59.419846,-28.549618,199,14,373
3880,continuous_motion,0.330566,0.134766,0.760742,43.748,-15.412213,-61.244274,-18.648855,199,14,373
3900,continuous_motion,0.408447,0.133057,0.849854,43.771,-16.290077,-56.648853,-9.641221,199,14,373
3920,continuous_motion,0.455322,0.182373,0.951172,43.777,-17.297710,-43.564884,-6.908397,210,-14,376
3940,continuous_motion,0.505371,0.170898,1.005371,43.783,-22.786259,-17.717558,-8.419847,210,-14,376
3960,continuous_motion,0.450439,0.172607,0.938721,43.765,-19.900763,2.862595,-12.175572,210,-14,376
3980,continuous_motion,0.426514,0.169678,0.907715,43.804,-6.595420,3.297710,-18.541985,219,-23,374
4000,continuous_motion,0.470459,0.245605,0.971680,43.804,5.603054,-0.885496,-26.404581,219,-23,374
4020,continuous_motion,0.499756,0.249756,1.009277,43.792,-0.389313,11.511451,-35.526718,219,-23,374
4040,continuous_motion,0.416260,0.194092,0.892334,43.780,-4.427481,18.984734,-42.351147,222,-23,375
4060,continuous_motion,0.390625,0.202148,0.865723,43.762,-0.335878,7.389313,-43.908398,222,-23,375
4080,continuous_motion,0.394531,0.222656,0.893311,43.765,1.496183,1.755725,-43.587788,222,-23,375
4100,continuous_motion,0.366699,0.169189,0.840332,43.771,0.984733,-3.877863,-40.198475,222,-23,375
4120,continuous_motion,0.334717,0.144287,0.764404,43.754,5.641222,-22.847328,-31.427481,225,-29,374
4140,continuous_motion,0.434570,0.196045,0.900391,43.748,10.694656,-37.709923,-21.244274,225,-29,374
4160,continuous_motion,0.459961,0.154785,0.896240,43.759,-2.870229,-27.549618,-9.717557,225,-29,374
4180,continuous_motion,0.456055,0.204590,0.882813,43.759,0.870229,-24.251909,-2.725191,225,-46,375
4200,continuous_motion,0.479004,0.245850,0.909424,43.780,5.137404,-27.519083,0.587786,225,-46,375
4220,continuous_motion,0.534180,0.277100,0.941895,43.762,8.702291,-22.519083,-1.916031,225,-46,375
4240,continuous_motion,0.562500,0.293457,0.986328,43.751,4.160306,-7.297710,-5.389313,224,-55,376
4260,continuous_motion,0.531494,0.299805,0.936035,43.777,1.549618,3.198473,-8.832061,224,-55,376
4280,continuous_motion,0.583008,0.132080,0.741943,43.759,-22.145039,27.274809,-12.687023,224,-55,376
4300,continuous_motion,0.516113,0.127930,0.974609,43.780,8.839695,7.587786,-14.786260,224,-55,376
4320,continuous_motion,0.415527,0.303711,0.872314,43.759,26.030535,2.847328,-17.832062,226,-55,377
4340,continuous_motion,0.406494,0.311768,0.864014,43.759,30.328245,-3.282443,-20.503817,226,-55,377
4360,continuous_motion,0.404297,0.270508,0.844971,43.759,26.992367,-7.000000,-18.778625,226,-55,377
4380,continuous_motion,0.403076,0.378906,0.834229,43.751,17.732824,-10.175572,-13.312977,214,-60,380
4400,continuous_motion,0.415039,0.302002,0.898438,43.754,13.969465,-17.305344,-11.679389,214,-60,380
4420,continuous_motion,0.455566,0.280518,0.912842,43.762,19.488550,-18.259542,-8.732824,214,-60,380
4440,continuous_motion,0.430176,0.300049,0.895264,43.771,28.129770,-17.618320,-6.900764,214,-60,380
4460,continuous_motion,0.431152,0.325195,0.856445,43.721,34.656490,-19.374046,-3.740458,205,-73,384
4480,continuous_motion,0.480469,0.367432,0.833740,43.739,36.870228,-21.679390,-3.190840,205,-73,384
4500,continuous_motion,0.452393,0.396729,0.784668,43.754,33.503819,-25.366413,-5.282443,205,-73,384
4520,continuous_motion,0.480225,0.407471,0.786865,43.777,27.679390,-30.198473,-6.839694,191,-83,388
4540,continuous_motion,0.496094,0.399658,0.774170,43.786,23.381680,-33.496181,-9.893129,191,-83,388
4560,continuous_motion,0.511963,0.407715,0.790771,43.774,19.923664,-35.877861,-13.068703,191,-83,388
4580,continuous_motion,0.524658,0.402832,0.781250,43.745,17.671755,-37.145039,-14.900764,180,-104,390
4600,continuous_motion,0.537598,0.411133,0.764404,43.745,18.076336,-34.389313,-15.648855,180,-104,390
4620,continuous_motion,0.560547,0.422119,0.744629,43.745,17.664122,-31.114504,-16.458015,180,-104,390
4640,continuous_motion,0.544678,0.438232,0.734619,43.768,15.931297,-27.160305,-17.251909,180,-104,390
4660,continuous_motion,0.547852,0.461182,0.718262,43.759,13.167939,-24.503817,-17.946566,172,-123,391
4680,continuous_motion,0.522461,0.481201,0.700928,43.739,7.854962,-25.000000,-18.511450,172,-123,391
4700,continuous_motion,0.521484,0.465332,0.730225,43.777,2.007634,-26.458015,-17.206106,172,-123,391
4720,continuous_motion,0.543213,0.441650,0.744141,43.789,1.198473,-26.114504,-14.717557,169,-139,391
4740,continuous_motion,0.530273,0.453857,0.727051,43.751,3.335878,-24.061069,-11.870229,169,-139,391
4760,continuous_motion,0.540039,0.457031,0.732666,43.795,3.679389,-24.679390,-9.015267,169,-139,391
4780,continuous_motion,0.562256,0.452881,0.718506,43.768,4.641222,-24.007633,-6.114504,167,-153,388
4800,continuous_motion,0.570557,0.461426,0.702637,43.795,6.328244,-20.572519,-4.198473,167,-153,388
4821,continuous_motion,0.548096,0.477783,0.699951,43.774,3.824427,-22.557251,-5.328244,167,-153,388
4840,continuous_motion,0.546875,0.462158,0.711426,43.789,1.854962,-26.152672,-4.465649,167,-153,388
4860,continuous_motion,0.585938,0.442871,0.716553,43.745,2.709924,-28.374046,-3.038168,165,-165,387
4880,continuous_motion,0.620117,0.447998,0.706299,43.759,6.595420,-26.274809,-3.832061,165,-165,387
4900,continuous_motion,0.559082,0.490479,0.671875,43.771,5.648855,-29.343512,-6.839694,165,-165,387
4920,continuous_motion,0.582520,0.456299,0.690674,43.771,2.908397,-35.106869,-7.595420,162,-180,385
4940,continuous_motion,0.598389,0.436768,0.702881,43.756,5.480916,-37.267174,-7.007634,162,-180,385
4960,continuous_motion,0.637939,0.433105,0.692139,43.751,12.190840,-35.938931,-7.106870,162,-180,385
4980,continuous_motion,0.609863,0.472412,0.650879,43.762,17.167938,-33.473282,-6.740458,158,-200,379
5000,continuous_motion,0.602783,0.490967,0.637939,43.771,17.969465,-34.900764,-6.122138,158,-200,379
5020,continuous_motion,0.610352,0.483887,0.626709,43.765,17.534351,-37.603054,-5.488550,158,-200,379
5040,continuous_motion,0.663330,0.470947,0.631836,43.771,18.870230,-38.908398,-5.259542,158,-200,379
5060,continuous_motion,0.656982,0.485840,0.607910,43.748,21.267176,-38.114502,-7.152672,149,-218,376
5080,continuous_motion,0.659424,0.491699,0.603271,43.751,22.381680,-40.671757,-10.290076,149,-218,376
5100,continuous_motion,0.667969,0.493896,0.587402,43.768,25.740458,-39.343510,-10.618320,149,-218,376
5120,continuous_motion,0.666748,0.520752,0.549805,43.774,28.709923,-36.648853,-9.374045,135,-238,371
5140,continuous_motion,0.670654,0.525879,0.534424,43.771,28.427481,-36.236641,-9.496183,135,-238,371
5160,continuous_motion,0.680176,0.543213,0.516113,43.748,27.748091,-35.320610,-9.526717,135,-238,371
5180,continuous_motion,0.673584,0.569824,0.487305,43.742,26.206106,-35.274811,-9.854961,121,-260,365
5200,continuous_motion,0.674561,0.568604,0.482422,43.768,23.251909,-35.114502,-10.015267,121,-260,365
5220,continuous_motion,0.669678,0.572510,0.474121,43.792,20.809160,-35.473282,-8.083969,121,-260,365
5240,continuous_motion,0.683350,0.573975,0.469482,43.777,17.549618,-37.496181,-7.900764,121,-260,365
5260,continuous_motion,0.703613,0.554199,0.478271,43.777,16.083969,-37.725189,-6.839694,111,-276,358
5280,continuous_motion,0.726807,0.555420,0.467529,43.774,19.404581,-35.053436,-5.854962,111,-276,358
5300,continuous_motion,0.763184,0.549805,0.452393,43.768,22.160305,-31.648855,-6.549618,111,-276,358
5320,continuous_motion,0.764160,0.585938,0.391846,43.765,23.816793,-23.160305,-6.229008,100,-291,350
5340,continuous_motion,0.792236,0.577881,0.429443,43.751,19.450382,-23.099237,-9.572519,100,-291,350
5360,continuous_motion,0.793701,0.583008,0.377686,43.777,17.190840,-16.091602,-10.396947,100,-291,350
5380,continuous_motion,0.722656,0.635498,0.355469,43.777,13.732824,-12.206107,-14.931297,100,-291,350
5400,continuous_motion,0.716553,0.614746,0.384766,43.748,6.503817,-15.458015,-18.870230,91,-301,346
5420,continuous_motion,0.728516,0.591797,0.403076,43.780,6.053435,-14.679389,-20.351145,91,-301,346
5440,continuous_motion,0.729736,0.589600,0.409668,43.765,9.282443,-12.511451,-21.274809,91,-301,346
5460,continuous_motion,0.695313,0.636475,0.366455,43.748,11.167939,-11.335877,-22.320610,83,-307,343
5480,continuous_motion,0.676758,0.644043,0.360596,43.768,6.480916,-16.198473,-24.938931,83,-307,343
5500,continuous_motion,0.668457,0.644287,0.423584,43.765,3.671756,-23.030535,-26.488550,83,-307,343
5520,continuous_motion,0.628662,0.622803,0.390625,43.771,6.687023,-24.450382,-24.725191,75,-315,338
5540,continuous_motion,0.680420,0.590088,0.412354,43.765,12.259542,-26.152672,-22.450382,75,-315,338
5561,continuous_motion,0.682373,0.620605,0.383545,43.745,20.572519,-25.122137,-18.839695,75,-315,338
5580,continuous_motion,0.678223,0.627197,0.369629,43.768,27.297710,-22.580153,-15.015267,75,-315,338
5600,continuous_motion,0.640137,0.680420,0.321777,43.751,31.290077,-21.114504,-9.587787,64,-328,329
5620,continuous_motion,0.626221,0.713135,0.283203,43.739,27.923664,-26.290077,-5.427481,64,-328,329
5640,continuous_motion,0.663818,0.675537,0.306885,43.756,23.778625,-34.343510,-4.236641,64,-328,329
5660,continuous_motion,0.682129,0.667725,0.295654,43.765,23.763359,-37.312977,-4.038168,50,-339,320
5680,continuous_motion,0.674805,0.689697,0.242432,43.780,25.503817,-37.748093,-2.427481,50,-339,320
5700,continuous_motion,0.644287,0.733154,0.193359,43.783,23.114504,-39.106869,1.167939,50,-339,320
5720,continuous_motion,0.675537,0.718750,0.196289,43.780,14.778625,-45.450382,3.381679,41,-356,306
5740,continuous_motion,0.699951,0.670166,0.230469,43.765,11.419847,-49.358780,1.961832,41,-356,306
5760,continuous_motion,0.678467,0.694824,0.203857,43.804,11.732824,-53.343510,2.000000,41,-356,306
5780,continuous_motion,0.770020,0.645020,0.201172,43.762,12.923664,-53.854961,3.931298,41,-356,306
5800,continuous_motion,0.813965,0.649414,0.160156,43.768,21.358778,-40.190838,5.564886,37,-376,289
5820,continuous_motion,0.774414,0.739502,0.080322,43.786,21.664122,-27.679390,6.763359,37,-376,289
5841,continuous_motion,0.769775,0.795898,-0.009521,43.768,6.740458,-28.839695,5.030534,37,-376,289
5860,continuous_motion,0.792236,0.778564,-0.013916,43.754,-13.854961,-29.007633,0.366412,33,-389,277
5880,continuous_motion,0.749756,0.776855,0.031494,43.754,-30.320610,-28.778625,-4.122138,33,-389,277
5901,continuous_motion,0.724121,0.727783,0.063232,43.780,-48.038166,-31.519083,-5.832061,33,-389,277
5920,continuous_motion,0.774414,0.600586,0.189941,43.768,-50.862595,-29.389313,-8.671756,45,-400,270
5940,continuous_motion,0.704590,0.574951,0.270020,43.751,-32.839695,-22.259542,-7.480916,45,-400,270
5960,continuous_motion,0.696777,0.545898,0.311035,43.762,-8.000000,-13.938931,-0.694656,45,-400,270
5980,continuous_motion,0.694580,0.618408,0.226318,43.765,16.404581,-6.091603,6.358778,45,-400,270
6000,continuous_motion,0.711182,0.699707,0.135010,43.768,25.190840,-7.778626,10.954199,50,-405,267
6020,continuous_motion,0.724121,0.793945,0.093506,43.748,20.641222,-13.137404,13.419847,50,-405,267
6040,continuous_motion,0.679443,0.647949,0.108643,43.756,14.603053,-16.984734,17.603054,50,-405,267
6060,continuous_motion,0.674561,0.690430,0.124023,43.762,15.778625,-19.908398,26.076336,48,-411,259
6081,continuous_motion,0.730957,0.658203,0.117676,43.759,17.358778,-24.328245,34.312977,48,-411,259
6100,continuous_motion,0.757324,0.642822,0.099609,43.762,20.068703,-26.290077,36.610687,48,-411,259
6120,continuous_motion,0.757324,0.644775,0.098877,43.777,20.984734,-30.984734,37.267174,54,-421,248
6140,continuous_motion,0.761719,0.619385,0.081299,43.774,21.732824,-35.709923,38.687023,54,-421,248
6160,continuous_motion,0.778809,0.588867,0.089111,43.786,25.305344,-39.946564,39.748093,54,-421,248
6180,continuous_motion,0.847412,0.619141,0.058350,43.759,30.282442,-41.145039,39.236641,54,-421,248
6200,continuous_motion,0.835938,0.573242,0.020264,43.774,34.870228,-41.297710,34.854961,58,-434,234
6220,continuous_motion,0.828369,0.577637,-0.007324,43.786,38.396946,-40.916031,32.038166,58,-434,234
6240,continuous_motion,0.842529,0.565186,-0.023193,43.789,39.755726,-41.946564,28.839695,58,-434,234
6260,continuous_motion,0.843018,0.560303,-0.092041,43.759,40.137405,-41.847328,25.557251,58,-446,213
6280,continuous_motion,0.845459,0.552246,-0.079590,43.795,38.977100,-43.572517,22.488550,58,-446,213
6300,continuous_motion,0.869385,0.540039,-0.114990,43.754,37.923664,-43.648853,19.068703,58,-446,213
6320,continuous_motion,0.891113,0.539551,-0.131836,43.771,38.282444,-41.297710,13.183207,54,-460,193
6340,continuous_motion,0.842773,0.539795,-0.173828,43.756,36.564884,-39.396946,7.687023,54,-460,193
6360,continuous_motion,0.841553,0.551270,-0.186523,43.754,31.145039,-41.160305,5.541985,54,-460,193
6380,continuous_motion,0.822754,0.551025,-0.202637,43.780,26.618320,-43.893131,4.022901,54,-460,193
6400,continuous_motion,0.821777,0.537598,-0.207520,43.798,24.038168,-45.511452,3.763359,49,-469,174
6420,continuous_motion,0.839111,0.531006,-0.196533,43.765,23.946566,-45.832062,3.633588,49,-469,174
6440,continuous_motion,0.820068,0.531982,-0.216064,43.774,28.664122,-41.603054,3.381679,49,-469,174
6460,continuous_motion,0.811768,0.531250,-0.261719,43.765,31.473282,-37.763359,5.435114,45,-479,155
6480,continuous_motion,0.794678,0.532959,-0.294434,43.765,31.358778,-32.671757,9.099236,45,-479,155
6500,continuous_motion,0.793457,0.556152,-0.339844,43.759,27.297710,-30.236641,12.671756,45,-479,155
6520,continuous_motion,0.797852,0.527100,-0.329590,43.774,19.190840,-31.221375,17.091602,45,-479,155
6540,continuous_motion,0.801025,0.507080,-0.318848,43.771,15.557252,-28.916031,20.229008,44,-486,138
6560,continuous_motion,0.805176,0.505127,-0.331055,43.751,14.679389,-24.015266,23.480917,44,-486,138
6580,continuous_motion,0.821289,0.492432,-0.335938,43.762,14.114504,-19.282442,26.320610,44,-486,138
6600,continuous_motion,0.824707,0.481201,-0.357422,43.771,13.374045,-13.595420,27.969465,52,-492,128
6620,continuous_motion,0.822754,0.483887,-0.375488,43.756,11.572519,-8.480916,29.167938,52,-492,128
6640,continuous_motion,0.812500,0.486328,-0.401855,43.798,4.900764,-6.389313,31.396946,52,-492,128
6660,continuous_motion,0.824463,0.464355,-0.396973,43.754,-3.732824,-6.236641,33.969467,63,-493,123
6680,continuous_motion,0.837402,0.441895,-0.355469,43.759,-8.175572,-3.000000,35.793892,63,-493,123
6700,continuous_motion,0.852539,0.421143,-0.355225,43.751,-8.305344,1.816794,36.854961,63,-493,123
6720,continuous_motion,0.863037,0.428467,-0.342529,43.783,-6.923664,7.305344,36.793892,63,-493,123
6740,continuous_motion,0.865967,0.409668,-0.353516,43.756,-7.801527,10.854961,36.793892,79,-492,124
6761,continuous_motion,0.877197,0.411865,-0.359619,43.765,-10.503817,14.526717,36.015266,79,-492,124
6780,continuous_motion,0.876221,0.403320,-0.356201,43.756,-13.984733,16.076336,35.435116,79,-492,124
6801,continuous_motion,0.850830,0.369873,-0.348633,43.795,-18.076336,18.374046,36.083969,98,-489,131
6820,continuous_motion,0.873291,0.355713,-0.315918,43.742,-20.076336,19.648855,39.320610,98,-489,131
6841,continuous_motion,0.890625,0.360840,-0.272461,43.783,-17.702290,23.312977,40.732826,98,-489,131
6860,continuous_motion,0.907471,0.354248,-0.264404,43.754,-12.519084,26.786259,42.480915,116,-483,141
6881,continuous_motion,0.916260,0.332275,-0.262207,43.754,-8.923664,30.534351,42.320610,116,-483,141
6900,continuous_motion,0.954102,0.318604,-0.267090,43.789,-7.702290,33.450382,40.412212,116,-483,141
6921,continuous_motion,0.958740,0.336426,-0.018311,43.756,-3.282443,41.259541,34.290077,116,-483,141
6940,continuous_motion,0.978760,0.313965,-0.319580,43.742,-10.236641,44.610687,27.335878,133,-474,153
6960,continuous_motion,0.958252,0.310791,-0.276123,43.786,-17.198473,46.351147,21.664122,133,-474,153
6980,continuous_motion,0.966064,0.260498,-0.258545,43.774,-23.832062,50.167938,16.083969,133,-474,153
7000,continuous_motion,1.020508,0.283936,-0.234619,43.777,-27.977098,55.259541,9.511451,144,-462,174
7020,continuous_motion,1.035156,0.295410,-0.210449,43.774,-32.725189,59.893131,1.244275,144,-462,174
7040,continuous_motion,0.998779,0.286133,-0.198975,43.780,-39.137405,67.389313,-7.870229,144,-462,174
7060,continuous_motion,0.983643,0.293701,-0.198242,43.801,-46.465649,72.076332,-14.442748,152,-449,197
7080,continuous_motion,0.993652,0.311035,-0.162354,43.783,-57.580154,74.198471,-20.328245,152,-449,197
7100,continuous_motion,0.980713,0.306885,-0.096924,43.759,-66.190842,74.343513,-25.862595,152,-449,197
7120,continuous_motion,0.842285,0.369873,0.046387,43.768,-69.427483,73.198471,-29.778625,152,-449,197
7140,continuous_motion,1.024414,0.328613,0.049316,43.759,-64.832062,71.267174,-32.305344,162,-430,221
7160,continuous_motion,0.894531,0.301514,0.114746,43.777,-57.633587,69.198471,-30.549618,162,-430,221
7181,continuous_motion,0.928223,0.370605,0.144287,43.774,-47.404579,68.625954,-27.496183,162,-430,221
7200,continuous_motion,0.899658,0.337891,0.160889,43.748,-37.938931,67.419846,-26.045801,170,-414,243
7221,continuous_motion,1.001221,0.519775,0.184326,43.768,-30.702290,63.732826,-20.931297,170,-414,243
7240,continuous_motion,0.888184,0.355225,0.176270,43.795,-26.030535,54.916031,-20.167938,170,-414,243
7261,continuous_motion,0.820313,0.338623,0.217529,43.768,-21.030535,44.541985,-14.908397,174,-399,261
7280,continuous_motion,0.833008,0.354248,0.264160,43.801,-16.190840,34.381680,-9.877863,174,-399,261
7301,continuous_motion,0.858643,0.335693,0.280273,43.762,-8.687023,27.687023,-4.145038,174,-399,261
7320,continuous_motion,0.899902,0.355469,0.275146,43.765,1.992366,25.916031,0.557252,174,-399,261
7340,continuous_motion,0.925049,0.387939,0.220215,43.786,8.236641,25.816793,2.435115,175,-390,269
7360,continuous_motion,0.913330,0.435547,0.138916,43.733,3.687023,25.496183,1.091603,175,-390,269
7380,continuous_motion,0.934082,0.440674,0.162109,43.783,-5.702290,25.687023,-1.267176,175,-390,269
7400,continuous_motion,0.931885,0.415283,0.180176,43.759,-14.427481,27.587786,-4.923664,174,-382,277
7420,continuous_motion,0.974365,0.391113,0.215576,43.768,-19.366413,30.328245,-8.549619,174,-382,277
7440,continuous_motion,0.989502,0.410156,0.197754,43.771,-22.603054,39.748093,-12.328244,174,-382,277
7460,continuous_motion,0.952637,0.419922,0.211426,43.777,-29.007633,48.076336,-17.282442,174,-382,277
7480,continuous_motion,0.952637,0.408447,0.233643,43.777,-36.725189,55.007633,-23.129770,181,-369,288
7500,continuous_motion,0.928467,0.400146,0.269531,43.762,-41.671757,60.839695,-28.083969,181,-369,288
7520,continuous_motion,0.916992,0.376221,0.326416,43.748,-44.755726,66.061066,-32.198475,181,-369,288
7540,continuous_motion,0.874268,0.385498,0.344482,43.765,-44.427483,70.885498,-36.648853,189,-350,301
7560,continuous_motion,0.846191,0.386963,0.389160,43.777,-45.664124,71.442749,-40.870228,189,-350,301
7580,continuous_motion,0.789063,0.396729,0.432861,43.792,-46.992367,63.755726,-49.381680,189,-350,301
7600,continuous_motion,0.739014,0.341553,0.485840,43.795,-45.847328,50.908398,-54.625954,198,-331,313
7620,continuous_motion,0.736084,0.330322,0.549561,43.751,-35.618320,42.664124,-56.244274,198,-331,313
7640,continuous_motion,0.724609,0.351074,0.565430,43.777,-21.435114,36.183205,-55.221375,198,-331,313
7660,continuous_motion,0.733887,0.382324,0.564697,43.754,-8.984733,32.167938,-54.175571,198,-331,313
7680,continuous_motion,0.737305,0.459961,0.515869,43.756,-1.251908,29.671755,-54.969467,197,-323,322
7700,continuous_motion,0.717041,0.511963,0.468994,43.780,-3.000000,28.045801,-56.000000,197,-323,322
7720,continuous_motion,0.686523,0.533691,0.478760,43.759,-10.870229,23.816793,-57.824429,197,-323,322
7740,continuous_motion,0.682373,0.506836,0.518799,43.768,-17.625954,17.916031,-59.091602,188,-321,325
7760,continuous_motion,0.709229,0.481201,0.561035,43.792,-15.816793,18.358778,-57.824429,188,-321,325
7780,continuous_motion,0.677490,0.526123,0.533936,43.789,-12.595420,21.786259,-56.778625,188,-321,325
7800,continuous_motion,0.641357,0.564941,0.513184,43.765,-14.847328,23.022902,-55.740459,183,-320,328
7820,continuous_motion,0.615967,0.586914,0.521973,43.792,-19.389313,21.709923,-54.000000,183,-320,328
7840,continuous_motion,0.634277,0.545654,0.578125,43.762,-19.679390,21.618320,-51.274811,183,-320,328
7860,continuous_motion,0.597168,0.584717,0.578857,43.804,-20.374046,18.229008,-51.748093,183,-320,328
7880,continuous_motion,0.521729,0.641602,0.613525,43.765,-26.274809,5.335878,-54.824429,180,-318,330
7900,continuous_motion,0.538330,0.572021,0.623779,43.765,-29.366413,-6.038168,-55.824429,180,-318,330
7920,continuous_motion,0.626221,0.482178,0.677979,43.754,-22.908398,-7.534351,-51.251907,180,-318,330
7940,continuous_motion,0.602051,0.528809,0.676514,43.774,-6.557252,4.305344,-45.458015,180,-327,327
7960,continuous_motion,0.554199,0.571533,0.608154,43.762,0.045802,5.923664,-45.183205,180,-327,327
7980,continuous_motion,0.580566,0.583740,0.617188,43.762,2.587786,2.419847,-48.358780,180,-327,327
8000,continuous_motion,0.558350,0.600830,0.609375,43.783,5.419847,4.694656,-49.206108,170,-331,326
8020,continuous_motion,0.465332,0.642822,0.577637,43.756,6.679389,7.526718,-44.503819,170,-331,326
8040,continuous_motion,0.495850,0.609375,0.616211,43.754,4.526718,-0.343511,-42.320610,170,-331,326
8060,continuous_motion,0.545410,0.575439,0.662354,43.798,9.519084,-4.198473,-44.290077,170,-331,326
8080,continuous_motion,0.528320,0.604980,0.629150,43.765,18.786259,-3.374046,-46.793892,156,-336,326
8100,continuous_motion,0.477783,0.644531,0.586182,43.759,22.938931,-8.061069,-51.000000,156,-336,326
8120,continuous_motion,0.489746,0.682373,0.600342,43.780,23.183207,-11.007633,-55.038166,156,-336,326
8140,continuous_motion,0.390869,0.698975,0.574707,43.765,25.053434,-4.824428,-50.442749,135,-344,325
8160,continuous_motion,0.382080,0.703369,0.550293,43.771,25.427481,-6.351145,-40.580154,135,-344,325
8180,continuous_motion,0.454834,0.697021,0.599609,43.804,27.511450,-8.572519,-35.343510,135,-344,325
8200,continuous_motion,0.502441,0.700684,0.553711,43.768,31.954199,-2.312977,-34.656490,113,-348,322
8220,continuous_motion,0.461670,0.762939,0.520752,43.777,32.480915,6.610687,-37.740459,113,-348,322
8240,continuous_motion,0.339844,0.829346,0.459717,43.751,24.587786,3.877863,-42.244274,113,-348,322
8260,continuous_motion,0.338867,0.833740,0.463135,43.765,8.961832,-14.045801,-47.725189,113,-348,322
8280,continuous_motion,0.389893,0.782715,0.513672,43.783,0.427481,-22.152672,-46.450382,92,-352,321
8300,continuous_motion,0.392578,0.725098,0.581787,43.768,4.404580,-13.679389,-36.564884,92,-352,321
8320,continuous_motion,0.359863,0.746094,0.558105,43.765,12.839695,-10.465649,-30.236641,92,-352,321
8340,continuous_motion,0.419922,0.732178,0.557617,43.774,17.129770,-21.854961,-38.473282,80,-359,314
8360,continuous_motion,0.382813,0.752441,0.530518,43.786,23.748091,-22.877863,-43.038166,80,-359,314
8380,continuous_motion,0.379395,0.752930,0.512939,43.754,32.832062,-14.000000,-37.366413,80,-359,314
8400,continuous_motion,0.365479,0.830811,0.449463,43.756,37.503819,-6.442748,-31.847328,80,-365,309
8420,continuous_motion,0.342773,0.839355,0.440186,43.771,35.000000,-10.877863,-31.053434,57,-365,309
8440,continuous_motion,0.366699,0.863770,0.406006,43.748,28.282442,-20.061069,-36.358780,57,-365,309
8460,continuous_motion,0.371826,0.866699,0.409668,43.768,22.633587,-21.687023,-40.519085,57,-365,309
8480,continuous_motion,0.286377,0.900879,0.393066,43.762,19.427481,-15.740458,-37.221375,35,-370,301
8500,continuous_motion,0.288574,0.888428,0.403809,43.768,14.389313,-15.557252,-29.748091,35,-370,301
8521,continuous_motion,0.337158,0.858887,0.410889,43.774,14.694656,-8.175572,-18.015266,35,-370,301
8540,continuous_motion,0.321777,0.872070,0.406006,43.777,18.992367,6.549618,-5.778626,22,-372,298
8561,continuous_motion,0.280273,0.935059,0.338867,43.762,18.167938,16.702290,5.633588,22,-372,298
8580,continuous_motion,0.299072,0.936035,0.347900,43.759,9.213740,14.435115,8.587787,22,-372,298
8600,continuous_motion,0.291260,0.937500,0.335449,43.804,-1.603053,10.015267,9.328244,22,-372,298
8620,continuous_motion,0.302002,0.918457,0.362793,43.768,-12.412213,2.190840,8.526717,20,-367,300
8640,continuous_motion,0.310059,0.898926,0.389404,43.771,-19.496183,-1.259542,8.099236,20,-367,300
8660,continuous_motion,0.298828,0.868652,0.411865,43.786,-25.526718,-8.564885,6.358778,20,-367,300
8680,continuous_motion,0.326172,0.844727,0.444092,43.780,-27.793894,-16.526718,3.442748,31,-369,300
8700,continuous_motion,0.342285,0.822021,0.461426,43.762,-25.832062,-17.679390,3.748092,31,-369,300
8720,continuous_motion,0.343018,0.797363,0.504395,43.768,-18.251909,-13.755725,7.267176,31,-369,300
8740,continuous_motion,0.339355,0.796631,0.519043,43.771,-8.435115,-15.213740,6.809160,40,-377,297
8760,continuous_motion,0.362061,0.791504,0.491211,43.777,-0.778626,-17.610687,4.717557,40,-377,297
8780,continuous_motion,0.405762,0.788574,0.497803,43.754,8.931297,-11.877863,6.938931,40,-377,297
8800,continuous_motion,0.383545,0.794189,0.455811,43.789,17.687023,-1.793893,9.534351,40,-377,297
8820,continuous_motion,0.405762,0.806885,0.459473,43.756,26.007633,5.824428,11.755725,41,-383,294
8840,continuous_motion,0.440918,0.802246,0.453857,43.765,32.435116,15.129771,13.366412,41,-383,294
8860,continuous_motion,0.409180,0.828125,0.420410,43.783,39.030533,28.923664,15.335877,41,-383,294
8880,continuous_motion,0.374512,0.835449,0.410156,43.768,42.961834,35.893131,17.916031,30,-377,295
8900,continuous_motion,0.383301,0.847168,0.388184,43.774,46.183205,40.931297,21.236641,30,-377,295
8920,continuous_motion,0.357178,0.893555,0.343018,43.774,45.717556,42.190838,21.595419,30,-377,295
8940,continuous_motion,0.214844,0.986572,0.286133,43.754,36.633587,33.534351,20.290077,18,-362,302
8960,continuous_motion,0.210449,1.038818,0.238525,43.771,12.709924,-0.419847,15.969465,18,-362,302
8980,continuous_motion,0.333008,0.951416,0.245850,43.774,-13.381680,-25.740458,12.587787,18,-362,302
9000,continuous_motion,0.385986,0.895752,0.346924,43.765,-22.992367,-26.931297,15.946565,18,-362,302
9020,continuous_motion,0.397217,0.856201,0.365967,43.745,-26.152672,-23.206106,19.816793,24,-369,300
9040,continuous_motion,0.480957,0.830811,0.394043,43.762,-25.587786,-19.916031,20.572519,24,-369,300
9060,continuous_motion,0.516357,0.811035,0.377197,43.762,-23.389313,-11.992367,13.557252,24,-369,300
9080,continuous_motion,0.504395,0.802734,0.383789,43.751,-20.778625,-3.068702,6.519084,39,-375,296
9100,continuous_motion,0.435059,0.803955,0.424316,43.730,-16.610687,5.778626,4.091603,39,-375,296
9120,continuous_motion,0.359131,0.813477,0.460449,43.748,-11.274809,8.198473,5.328244,39,-375,296
9141,continuous_motion,0.252930,0.817139,0.426758,43.768,-9.213740,-7.000000,7.099236,46,-377,297
9160,continuous_motion,0.584473,0.711670,0.447266,43.765,-9.068703,-27.694656,10.412213,46,-377,297
9181,continuous_motion,0.583008,0.754883,0.649658,43.777,14.404580,20.404581,29.809160,46,-377,297
9200,continuous_motion,0.387451,0.819336,0.428467,43.774,26.450382,40.320610,36.961834,46,-377,297
9221,continuous_motion,0.408936,0.802246,0.449219,43.780,22.183207,14.244275,21.709923,51,-373,300
9240,continuous_motion,0.455811,0.742920,0.447510,43.771,25.809160,0.083969,11.412213,51,-373,300
9260,continuous_motion,0.484131,0.768311,0.422852,43.768,33.045803,-2.519084,3.664122,51,-373,300
9280,continuous_motion,0.518066,0.763672,0.385254,43.771,39.961834,2.763359,-1.603053,41,-373,298
9300,continuous_motion,0.444580,0.822998,0.356445,43.795,46.916031,16.442749,0.641221,41,-373,298
9320,continuous_motion,0.376709,0.903076,0.289795,43.774,42.656490,9.190840,-1.473282,41,-373,298
9340,continuous_motion,0.433594,0.902588,0.262207,43.762,32.778625,-0.274809,-1.519084,24,-371,298
9360,continuous_motion,0.516846,0.875244,0.260498,43.768,27.076336,10.656488,4.114504,24,-371,298
9380,continuous_motion,0.451660,0.917480,0.240234,43.777,21.404581,23.083969,7.122138,24,-371,298
9400,continuous_motion,0.413818,0.942383,0.248291,43.762,7.267176,20.152672,4.877862,24,-371,298
9420,continuous_motion,0.347168,0.954102,0.233643,43.759,-9.755725,6.160306,0.274809,17,-363,300
9440,continuous_motion,0.368652,0.950195,0.259766,43.762,-27.251909,-10.625955,-0.328244,17,-363,300
9460,continuous_motion,0.389893,0.917725,0.267334,43.783,-41.816795,-20.694656,2.305344,17,-363,300
9480,continuous_motion,0.465088,0.864746,0.299072,43.774,-52.549618,-25.671755,3.038168,32,-369,299
9500,continuous_motion,0.463623,0.839600,0.345947,43.771,-58.839695,-27.366413,0.068702,32,-369,299
9520,continuous_motion,0.419434,0.772949,0.359619,43.789,-61.908398,-29.404581,-2.312977,32,-369,299
9540,continuous_motion,0.392822,0.736572,0.468018,43.777,-56.824429,-30.832062,2.526718,32,-369,299
9560,continuous_motion,0.486328,0.744385,0.452881,43.786,-46.297710,-31.404581,6.511450,54,-382,294
9580,continuous_motion,0.491943,0.761475,0.447510,43.783,-37.106869,-27.954199,7.114504,54,-382,294
9600,continuous_motion,0.581543,0.717285,0.437256,43.795,-30.236641,-25.641222,1.488550,54,-382,294
9620,continuous_motion,0.560303,0.705078,0.483887,43.765,-18.931297,-11.076336,-1.916031,72,-392,287
9640,continuous_motion,0.518066,0.726807,0.502441,43.765,-5.335878,2.229008,1.145038,72,-392,287
9660,continuous_motion,0.470947,0.727051,0.474121,43.762,4.358778,-1.480916,-4.091603,72,-392,287
9680,continuous_motion,0.503418,0.754883,0.460693,43.762,12.778625,-2.145038,-4.793893,74,-394,287
9700,continuous_motion,0.524414,0.775146,0.406738,43.745,18.022902,3.458015,-4.519084,74,-394,287
9720,continuous_motion,0.477539,0.774170,0.415283,43.768,20.137405,7.061069,-6.259542,74,-394,287
9740,continuous_motion,0.449707,0.797852,0.414307,43.754,24.091602,9.038168,-4.671756,74,-394,287
9760,continuous_motion,0.397217,0.835205,0.376709,43.789,23.748091,3.435115,-3.557252,63,-392,287
9780,continuous_motion,0.378662,0.877686,0.337402,43.762,16.343512,-9.145039,-1.954198,63,-392,287
9800,continuous_motion,0.427734,0.878906,0.308350,43.736,3.549618,-26.206106,-4.816794,63,-392,287
9820,continuous_motion,0.460205,0.834473,0.332275,43.789,-7.526718,-35.961834,-9.167939,57,-397,282
9840,continuous_motion,0.534668,0.791260,0.404297,43.756,-10.641221,-37.877861,-12.717557,57,-397,282
9860,continuous_motion,0.558350,0.732666,0.408203,43.783,-3.381679,-26.854961,-12.732824,57,-397,282
9880,continuous_motion,0.565918,0.750000,0.416504,43.759,8.679389,-12.992367,-13.595420,55,-406,274
9900,continuous_motion,0.488037,0.767090,0.409424,43.765,19.870230,-0.786260,-12.580153,55,-406,274
9920,continuous_motion,0.433105,0.819336,0.373291,43.754,23.908398,-2.389313,-14.053435,55,-406,274
9940,continuous_motion,0.439941,0.842773,0.348877,43.780,23.061069,-9.870229,-14.801527,55,-406,274
9961,continuous_motion,0.457764,0.849854,0.312012,43.756,21.290077,-13.000000,-14.297709,43,-409,268
9980,continuous_motion,0.478027,0.862793,0.307129,43.780,18.488550,-12.282443,-14.297709,43,-409,268
10001,continuous_motion,0.471436,0.862549,0.282959,43.792,14.068703,-11.175572,-16.358778,43,-409,268
10020,continuous_motion,0.451660,0.871338,0.303955,43.789,9.908397,-13.625955,-20.335878,32,-413,264
10041,continuous_motion,0.437988,0.870117,0.284912,43.762,6.725191,-14.335877,-20.580153,32,-413,264
10060,continuous_motion,0.404297,0.891357,0.282471,43.792,3.206107,-11.763359,-17.320610,32,-413,264
10081,continuous_motion,0.378418,0.918701,0.259766,43.762,-1.641221,-15.129771,-13.595420,25,-416,258
10100,continuous_motion,0.386963,0.920898,0.270996,43.780,-10.793893,-24.412214,-13.045801,25,-416,258
10120,continuous_motion,0.388184,0.919189,0.248535,43.783,-22.549618,-41.427483,-20.000000,25,-416,258
10140,continuous_motion,0.416016,0.893799,0.266846,43.762,-33.412212,-55.045803,-26.206106,25,-416,258
10160,continuous_motion,0.437988,0.867432,0.304688,43.771,-38.679390,-60.320610,-28.000000,26,-428,245
10180,continuous_motion,0.459473,0.844727,0.311523,43.780,-37.061069,-56.175571,-25.083969,26,-428,245
10200,continuous_motion,0.467773,0.857178,0.307617,43.754,-34.351147,-48.335876,-22.091602,26,-428,245
10220,continuous_motion,0.446289,0.853760,0.323242,43.786,-32.129772,-41.129772,-19.564886,28,-443,227
10240,continuous_motion,0.471924,0.868164,0.315674,43.780,-29.801527,-37.732826,-19.145039,28,-443,227
10260,continuous_motion,0.461182,0.865723,0.311768,43.774,-29.839695,-35.221375,-21.687023,28,-443,227
10280,continuous_motion,0.448730,0.893066,0.287842,43.777,-31.816793,-31.824427,-22.465649,32,-454,217
10300,continuous_motion,0.427246,0.891357,0.292725,43.774,-37.000000,-26.587786,-20.809160,32,-454,217
10320,continuous_motion,0.402588,0.881592,0.334473,43.759,-42.167938,-23.396946,-18.679390,32,-454,217
10340,continuous_motion,0.376709,0.861572,0.356689,43.786,-44.908398,-26.412214,-16.954199,32,-454,217
10360,continuous_motion,0.413086,0.827881,0.379883,43.765,-44.076336,-28.511450,-14.625955,37,-461,208
10380,continuous_motion,0.418213,0.847412,0.366455,43.777,-41.061069,-26.221375,-11.832061,37,-461,208
10400,continuous_motion,0.401855,0.846191,0.377197,43.756,-40.900764,-23.717558,-8.885496,37,-461,208
10420,continuous_motion,0.383301,0.834473,0.400635,43.745,-41.633587,-26.511450,-7.969466,46,-468,200
10440,continuous_motion,0.390137,0.826660,0.405273,43.780,-41.648853,-33.793892,-9.038168,46,-468,200
10460,continuous_motion,0.412598,0.819824,0.412109,43.759,-40.786259,-39.595421,-10.618320,46,-468,200
10480,continuous_motion,0.426025,0.819092,0.410400,43.739,-39.862595,-42.526718,-11.984733,46,-480,200
10500,continuous_motion,0.429932,0.804443,0.421631,43.765,-39.137405,-44.038166,-13.419847,54,-480,188
10520,continuous_motion,0.439941,0.786133,0.448486,43.774,-36.206108,-44.091602,-14.007633,54,-480,188
10540,continuous_motion,0.463135,0.775146,0.452393,43.756,-30.603054,-41.793892,-13.992367,54,-480,188
10560,continuous_motion,0.455811,0.784424,0.445557,43.768,-23.916031,-37.618320,-13.854961,59,-489,171
10580,continuous_motion,0.438965,0.781982,0.446289,43.765,-17.328245,-31.335878,-10.633588,59,-489,171
10600,continuous_motion,0.450439,0.778564,0.453369,43.765,-10.938931,-25.328245,-6.328244,59,-489,171
10620,continuous_motion,0.446777,0.804443,0.422607,43.768,-5.877862,-20.473282,-3.847328,58,-496,157
10640,continuous_motion,0.433105,0.821777,0.414307,43.783,-5.984733,-20.931297,-4.580153,58,-496,157
10660,continuous_motion,0.426758,0.832275,0.397217,43.768,-8.671756,-24.251909,-6.137404,58,-496,157
10680,continuous_motion,0.426270,0.817627,0.402100,43.748,-11.862596,-27.007633,-5.725191,58,-496,157
10700,continuous_motion,0.428467,0.830811,0.386475,43.786,-14.648855,-29.801527,-5.595420,59,-502,149
10720,continuous_motion,0.413574,0.857666,0.366211,43.774,-19.664122,-35.786259,-7.656488,59,-502,149
10740,continuous_motion,0.437988,0.820801,0.403076,43.762,-28.832062,-45.916031,-11.992367,59,-502,149
10760,continuous_motion,0.457520,0.808105,0.402100,43.768,-31.847328,-52.633587,-16.076336,60,-510,131
10780,continuous_motion,0.457031,0.823730,0.390869,43.748,-34.328243,-58.312977,-20.320610,60,-510,131
10800,continuous_motion,0.444092,0.838135,0.379150,43.789,-40.206108,-63.984734,-24.221375,60,-510,131
10820,continuous_motion,0.469971,0.790771,0.424072,43.751,-45.938931,-68.748093,-25.618320,60,-521,106
10840,continuous_motion,0.494141,0.756592,0.443848,43.774,-43.801525,-69.137405,-26.778625,60,-521,106
10860,continuous_motion,0.507080,0.763184,0.436768,43.774,-37.862595,-66.992363,-28.938931,60,-521,106
10880,continuous_motion,0.504639,0.781250,0.408691,43.771,-33.709923,-61.366413,-28.618320,60,-521,106
10900,continuous_motion,0.489258,0.789307,0.418701,43.745,-32.022900,-55.358780,-27.190840,53,-532,76
10920,continuous_motion,0.451904,0.781006,0.437256,43.754,-31.389313,-51.297710,-24.007633,53,-532,76
10940,continuous_motion,0.490967,0.787842,0.422119,43.768,-26.534351,-45.045803,-16.961832,53,-532,76
10960,continuous_motion,0.499512,0.798584,0.394531,43.756,-24.320610,-39.076336,-14.595420,48,-535,53
10980,continuous_motion,0.476807,0.834473,0.368896,43.774,-27.480917,-37.778625,-15.656488,48,-535,53
11000,continuous_motion,0.462402,0.844238,0.360840,43.783,-35.580154,-40.541985,-17.534351,48,-535,53
11020,continuous_motion,0.449951,0.827637,0.382080,43.774,-46.603054,-49.900764,-21.679390,43,-539,37
11040,continuous_motion,0.470215,0.792236,0.427490,43.754,-52.503819,-59.839695,-26.160305,43,-539,37
11060,continuous_motion,0.499023,0.739990,0.475586,43.768,-51.335876,-60.076336,-24.732824,43,-539,37
11080,continuous_motion,0.518799,0.683105,0.498047,43.780,-41.000000,-48.480915,-16.488550,43,-539,37
11100,continuous_motion,0.555420,0.698730,0.494141,43.774,-22.778625,-26.938931,-3.427481,38,-542,12
11120,continuous_motion,0.546631,0.687744,0.558350,43.765,-5.770992,-6.984733,6.732824,38,-542,12
11140,continuous_motion,0.539063,0.686768,0.543945,43.771,13.045801,10.061069,13.435115,38,-542,12
11160,continuous_motion,0.510498,0.726318,0.483398,43.765,26.076336,17.190840,15.633588,39,-543,9
11180,continuous_motion,0.508301,0.772949,0.433838,43.745,29.664122,18.404581,14.015267,39,-543,9
11200,continuous_motion,0.482910,0.773682,0.424561,43.736,27.450382,16.709923,12.007633,39,-543,9
11220,continuous_motion,0.495605,0.761963,0.440430,43.798,25.748091,13.038168,10.267176,45,-543,17
11240,continuous_motion,0.470215,0.772949,0.432617,43.768,27.320610,10.618320,11.687023,45,-543,17
11260,continuous_motion,0.431885,0.815918,0.418945,43.754,27.511450,7.183206,16.106871,45,-543,17
11280,continuous_motion,0.432129,0.808105,0.392090,43.768,25.312977,4.893130,26.091602,45,-543,17
11300,continuous_motion,0.489746,0.799805,0.379395,43.780,19.839695,-3.206107,27.557251,52,-544,17
11320,continuous_motion,0.545898,0.824951,0.321533,43.771,11.022901,-23.465649,14.801527,52,-544,17
11340,continuous_motion,0.590088,0.772461,0.346436,43.777,-0.038168,-25.908398,5.526718,52,-544,17
11360,continuous_motion,0.566895,0.727539,0.427490,43.748,-1.076336,-22.885496,0.167939,59,-545,7
11380,continuous_motion,0.536133,0.714111,0.426758,43.762,6.099236,-17.748091,0.312977,59,-545,7
11400,continuous_motion,0.609863,0.681885,0.459229,43.759,17.885496,-12.557252,3.106870,59,-545,7
11421,continuous_motion,0.634033,0.718994,0.403809,43.765,32.374046,2.412214,3.015267,57,-545,-1
11440,continuous_motion,0.564941,0.762207,0.356689,43.759,39.068703,12.862596,1.152672,57,-545,-1
11461,continuous_motion,0.507813,0.825928,0.304443,43.771,39.160305,12.167939,-0.290076,57,-545,-1
11480,continuous_motion,0.479004,0.887451,0.247559,43.789,28.022902,3.145038,-1.908397,57,-545,-1
11500,continuous_motion,0.500000,0.854492,0.268799,43.774,11.847328,-10.091603,-6.083970,57,-545,3
11520,continuous_motion,0.552490,0.823486,0.317139,43.768,2.725191,-16.809160,-8.740458,57,-545,3
11540,continuous_motion,0.566895,0.809082,0.323242,43.777,0.412214,-13.022901,-8.396947,57,-545,3
11560,continuous_motion,0.479492,0.819580,0.312988,43.759,-0.160305,-6.656488,-3.122137,53,-545,-4
11580,continuous_motion,0.471680,0.850098,0.279053,43.765,-2.770992,-13.442748,0.007634,53,-545,-4
11600,continuous_motion,0.515137,0.837402,0.302002,43.765,-12.824428,-27.885496,-3.633588,53,-545,-4
11620,continuous_motion,0.451660,0.812012,0.280518,43.774,-19.519083,-39.725189,-4.862596,53,-545,-4
11640,continuous_motion,0.531006,0.776611,0.344727,43.762,-18.534351,-47.755726,-1.885496,51,-546,-15
11660,continuous_motion,0.577393,0.765869,0.328369,43.783,-14.992367,-46.740459,-1.015267,51,-546,-15
11680,continuous_motion,0.604492,0.760986,0.314209,43.733,-12.358779,-45.541985,-4.809160,51,-546,-15
11700,continuous_motion,0.629883,0.764160,0.300537,43.759,-10.702291,-44.954197,-12.923664,51,-546,-38
11720,continuous_motion,0.627441,0.759766,0.307129,43.762,-8.839695,-40.381680,-18.961832,51,-546,-38
11740,continuous_motion,0.648438,0.721924,0.336426,43.768,-1.801527,-28.381680,-19.946566,51,-546,-38
11760,continuous_motion,0.651367,0.713623,0.354736,43.780,11.061069,-11.183207,-19.206106,43,-545,-53
11780,continuous_motion,0.631836,0.728760,0.315186,43.759,26.297710,5.267176,-19.206106,43,-545,-53
11800,continuous_motion,0.587402,0.808594,0.263428,43.756,35.641220,18.396946,-18.358778,43,-545,-53
11820,continuous_motion,0.529785,0.813965,0.256348,43.742,36.038166,26.000000,-17.106871,43,-545,-53
11840,continuous_motion,0.489990,0.823975,0.263916,43.765,36.625954,24.763359,-15.854961,35,-543,-47
11860,continuous_motion,0.461182,0.840332,0.234375,43.777,35.938931,19.259542,-14.961832,35,-543,-47
11880,continuous_motion,0.395264,0.887207,0.193115,43.771,32.015266,12.427481,-8.816793,35,-543,-47
11900,continuous_motion,0.385010,0.953857,0.151611,43.739,21.038168,-7.816794,-9.916031,28,-542,-44
11920,continuous_motion,0.416748,0.930664,0.167969,43.780,-1.045802,-26.977098,-12.175572,28,-542,-44
11940,continuous_motion,0.436523,0.921143,0.145996,43.765,-16.114504,-42.236641,-13.450381,28,-542,-44
11960,continuous_motion,0.434570,0.910156,0.163818,43.762,-29.076336,-58.778625,-15.755725,22,-540,-60
11980,continuous_motion,0.519531,0.883057,0.202881,43.786,-39.778625,-74.045799,-20.610687,22,-540,-60
12000,continuous_motion,0.548096,0.838623,0.233643,43.748,-45.473282,-73.045799,-22.832062,22,-540,-60
12020,continuous_motion,0.534424,0.811523,0.232910,43.777,-40.580154,-63.809162,-19.656488,22,-540,-60
12040,continuous_motion,0.529785,0.814209,0.247314,43.756,-34.083969,-52.603054,-12.541985,12,-536,-89
12060,continuous_motion,0.547363,0.828857,0.224854,43.751,-28.122137,-43.366413,-7.519084,12,-536,-89
12081,continuous_motion,0.541504,0.848145,0.211914,43.765,-25.778625,-38.763359,-7.648855,12,-536,-89
12100,continuous_motion,0.519287,0.854980,0.208496,43.774,-28.534351,-37.816795,-9.801527,5,-531,-107
12121,continuous_motion,0.510010,0.835938,0.234131,43.751,-30.030535,-39.068703,-11.893129,5,-531,-107
12140,continuous_motion,0.502686,0.821777,0.250244,43.739,-27.923664,-37.679390,-10.091603,5,-531,-107
12161,continuous_motion,0.507324,0.830078,0.250488,43.756,-23.099237,-33.580154,-4.793893,-1,-528,-122
12180,continuous_motion,0.505127,0.846680,0.227539,43.795,-20.824427,-29.335878,-0.549618,-1,-528,-122
12201,continuous_motion,0.487793,0.856689,0.217041,43.771,-22.572519,-32.450382,-0.839695,-1,-528,-122
12220,continuous_motion,0.487793,0.851074,0.232422,43.759,-27.068703,-40.786259,-4.099236,-1,-528,-122
12241,continuous_motion,0.512451,0.829346,0.237793,43.748,-29.000000,-46.053436,-4.900764,-2,-524,-136
12260,continuous_motion,0.541748,0.817627,0.240479,43.780,-26.954199,-43.763359,-2.564885,-2,-524,-136
12281,continuous_motion,0.569092,0.801514,0.250000,43.768,-21.832062,-33.381680,1.916031,-2,-524,-136
12300,continuous_motion,0.548828,0.774170,0.298584,43.777,-13.152672,-17.732824,9.450381,-7,-519,-151
12321,continuous_motion,0.554932,0.798340,0.269531,43.754,-2.824427,-9.900764,14.656488,-7,-519,-151
12340,continuous_motion,0.561035,0.809814,0.247559,43.756,0.274809,-9.000000,12.404580,-7,-519,-151
12361,continuous_motion,0.552246,0.822510,0.219727,43.762,-0.404580,-12.251908,6.900764,-2,-519,-156
12380,continuous_motion,0.566162,0.843262,0.197754,43.804,-3.389313,-16.671755,1.358779,-2,-519,-156
12400,continuous_motion,0.576416,0.836426,0.207031,43.774,-8.267176,-19.832062,-5.603054,-2,-519,-156
12420,continuous_motion,0.544678,0.833496,0.237061,43.759,-10.763359,-20.740458,-9.534351,-2,-519,-156
12440,continuous_motion,0.543457,0.816162,0.231934,43.780,-11.229008,-21.122137,-9.801527,-4,-516,-164
12460,continuous_motion,0.544434,0.811279,0.241455,43.771,-9.847328,-21.320610,-9.618320,-4,-516,-164
12481,continuous_motion,0.575195,0.805664,0.235107,43.780,-6.801527,-22.564886,-11.465649,-4,-516,-164
12500,continuous_motion,0.584473,0.809082,0.235840,43.780,-4.847328,-21.030535,-15.335877,-10,-510,-172
12520,continuous_motion,0.556641,0.784912,0.269775,43.777,-0.389313,-13.564885,-15.267176,-10,-510,-172
12540,continuous_motion,0.590332,0.817139,0.222412,43.756,10.007633,-1.015267,-8.641221,-10,-510,-172
12560,continuous_motion,0.552734,0.847656,0.195557,43.751,10.374045,8.442748,-8.099236,-10,-510,-172
12580,continuous_motion,0.505859,0.871826,0.185547,43.768,7.015267,9.473283,-8.244275,-15,-509,-176
12600,continuous_motion,0.489014,0.890137,0.168213,43.742,0.725191,2.259542,-10.229008,-15,-509,-176
12620,continuous_motion,0.485107,0.881104,0.180176,43.730,-9.229008,-10.076336,-16.160305,-15,-509,-176
12640,continuous_motion,0.486816,0.930176,0.204102,43.765,-16.083969,-22.641222,-22.366413,-21,-506,-176
12660,continuous_motion,0.472412,0.910156,0.177490,43.774,-23.045801,-33.267174,-28.229008,-21,-506,-176
12680,continuous_motion,0.497070,0.890137,0.144775,43.751,-25.526718,-37.557251,-41.068703,-21,-506,-176
12700,continuous_motion,0.474609,0.874512,0.192383,43.756,-32.511452,-42.320610,-34.587788,-39,-495,-188
12720,continuous_motion,0.460938,0.895020,0.196289,43.777,-46.282444,-43.229008,-25.137405,-39,-495,-188
12740,continuous_motion,0.459961,0.919678,0.175293,43.745,-51.656490,-50.618320,-26.412214,-39,-495,-188
12760,continuous_motion,0.464844,0.925293,0.191650,43.759,-60.603054,-59.190838,-29.702290,-39,-495,-188
12780,continuous_motion,0.428711,0.911377,0.250977,43.798,-67.412216,-64.854965,-27.717558,-59,-481,-200
12800,continuous_motion,0.440674,0.859375,0.241943,43.792,-68.839691,-69.389313,-19.396946,-59,-481,-200
12820,continuous_motion,0.460693,0.854248,0.228027,43.724,-67.992363,-72.305344,-14.656488,-59,-481,-200
12840,continuous_motion,0.485596,0.860107,0.243164,43.715,-70.404579,-75.816795,-14.343512,-81,-463,-215
12860,continuous_motion,0.480957,0.820801,0.283447,43.759,-72.763359,-77.656487,-15.297709,-81,-463,-215
12880,continuous_motion,0.485596,0.799805,0.307373,43.762,-69.374046,-75.679390,-11.137404,-81,-463,-215
12900,continuous_motion,0.492920,0.771729,0.319336,43.745,-62.251907,-70.824425,-7.274809,-100,-444,-230
12920,continuous_motion,0.501465,0.782715,0.350586,43.786,-50.664124,-66.221375,-1.251908,-100,-444,-230
12940,continuous_motion,0.534180,0.804443,0.306396,43.733,-43.587788,-63.893131,0.190840,-100,-444,-230
12960,continuous_motion,0.561768,0.799805,0.301270,43.759,-41.244274,-59.671757,-1.839695,-100,-444,-230
12980,continuous_motion,0.554932,0.788330,0.345215,43.774,-38.709923,-54.458015,-4.083970,-113,-428,-242
13001,continuous_motion,0.533936,0.746338,0.360596,43.777,-29.320610,-46.305344,-6.206107,-113,-428,-242
13020,continuous_motion,0.541504,0.768799,0.338135,43.765,-18.374046,-44.076336,-3.603053,-113,-428,-242
13041,continuous_motion,0.528809,0.815674,0.291016,43.745,-14.229008,-43.312977,-0.763359,-121,-415,-252
13060,continuous_motion,0.534424,0.849854,0.238525,43.759,-16.748091,-45.580154,-3.854962,-121,-415,-252
13081,continuous_motion,0.499023,0.873779,0.210205,43.745,-26.496183,-51.687023,-11.175572,-121,-415,-252
13100,continuous_motion,0.468750,0.898438,0.223145,43.777,-40.702290,-64.473282,-16.557251,-131,-399,-263
13121,continuous_motion,0.510742,0.842529,0.230957,43.786,-53.977100,-79.129768,-19.183207,-131,-399,-263
13140,continuous_motion,0.557373,0.785889,0.292480,43.762,-58.167938,-83.564888,-18.328245,-131,-399,-263
13161,continuous_motion,0.547852,0.793945,0.279541,43.780,-55.381680,-80.435112,-16.725191,-131,-399,-263
13180,continuous_motion,0.561035,0.830322,0.247803,43.762,-55.167938,-77.984734,-14.030535,-153,-371,-271
13200,continuous_motion,0.557129,0.832275,0.239258,43.751,-61.213741,-77.221375,-14.580153,-153,-371,-271
13220,continuous_motion,0.583984,0.791992,0.271729,43.748,-68.129768,-77.061066,-16.274809,-153,-371,-271
13240,continuous_motion,0.580078,0.746582,0.329346,43.777,-66.137405,-77.717560,-17.725191,-175,-343,-273
13260,continuous_motion,0.585693,0.733643,0.336914,43.748,-56.969467,-71.977097,-15.328244,-175,-343,-273
13280,continuous_motion,0.580811,0.662598,0.357178,43.780,-43.419846,-66.664124,-20.603054,-175,-343,-273
13300,continuous_motion,0.588623,0.772217,0.282959,43.774,-40.763359,-55.374046,-13.389313,-195,-317,-273
13320,continuous_motion,0.560303,0.780762,0.288574,43.727,-37.725189,-53.419846,-11.725191,-195,-317,-273
13340,continuous_motion,0.497314,0.758057,0.284668,43.736,-38.900764,-56.419846,-8.854961,-195,-317,-273
13360,continuous_motion,0.516113,0.828613,0.342285,43.774,-37.664124,-69.389313,-7.122138,-195,-317,-273
13380,continuous_motion,0.585205,0.801025,0.222656,43.774,-45.038166,-81.717560,-11.007633,-207,-296,-271
13400,continuous_motion,0.655029,0.756104,0.272217,43.759,-48.748093,-83.297707,-16.335878,-207,-296,-271
13420,continuous_motion,0.653564,0.718018,0.314941,43.762,-43.312977,-71.061066,-16.816793,-207,-296,-271
13440,continuous_motion,0.624512,0.685791,0.368652,43.777,-32.541985,-58.679390,-13.335877,-224,-268,-266
13460,continuous_motion,0.641357,0.700195,0.358154,43.783,-17.328245,-47.961834,-10.007633,-224,-268,-266
13480,continuous_motion,0.641846,0.721680,0.322266,43.806,-7.091603,-39.320610,-9.259542,-224,-268,-266
13500,continuous_motion,0.581299,0.754150,0.325928,43.771,0.549618,-30.832062,-8.045801,-229,-252,-272
13520,continuous_motion,0.639160,0.790283,0.231689,43.780,5.770992,-23.732824,-3.206107,-229,-252,-272
13540,continuous_motion,0.572998,0.809814,0.226563,43.774,-0.587786,-21.877863,-3.938931,-229,-252,-272
13560,continuous_motion,0.543213,0.828613,0.211914,43.754,-7.320611,-26.465649,-3.618321,-229,-252,-272
13580,continuous_motion,0.494873,0.853516,0.201172,43.756,-17.488550,-40.038166,-3.748092,-231,-242,-274
13600,continuous_motion,0.517822,0.866699,0.105469,43.745,-29.580153,-56.908398,-5.381680,-231,-242,-274
13620,continuous_motion,0.625732,0.790527,0.231689,43.774,-46.152672,-68.770996,-7.633588,-231,-242,-274
13640,continuous_motion,0.612061,0.771729,0.211426,43.771,-54.404579,-72.625954,-9.809160,-243,-222,-266
13660,continuous_motion,0.586670,0.779297,0.282471,43.765,-57.732826,-77.099236,-10.625955,-243,-222,-266
13680,continuous_motion,0.620117,0.696777,0.270020,43.765,-61.167938,-77.900764,-9.816793,-243,-222,-266
13700,continuous_motion,0.659180,0.744141,0.332031,43.745,-48.351147,-75.671753,-8.122137,-243,-196,-266
13720,continuous_motion,0.669189,0.766113,0.332764,43.762,-48.404579,-75.618324,-8.465649,-260,-196,-249
13740,continuous_motion,0.656006,0.752686,0.257813,43.748,-44.633587,-71.328247,-7.221374,-260,-196,-249
13760,continuous_motion,0.672363,0.721436,0.234375,43.751,-44.206108,-63.114502,-5.305344,-260,-196,-249
13780,continuous_motion,0.661133,0.739258,0.234131,43.777,-37.511452,-53.755726,-3.015267,-273,-176,-235
13800,continuous_motion,0.644531,0.753174,0.212891,43.751,-34.954197,-48.236641,-1.000000,-273,-176,-235
13820,continuous_motion,0.671875,0.747314,0.219971,43.736,-34.702290,-44.404579,-0.007634,-273,-176,-235
13840,continuous_motion,0.685303,0.709717,0.235107,43.765,-31.022902,-39.229008,2.687023,-284,-163,-222
13860,continuous_motion,0.745117,0.708740,0.264893,43.756,-21.412214,-32.145039,0.786260,-284,-163,-222
13880,continuous_motion,0.657715,0.736084,0.202881,43.748,-23.129770,-34.694656,-11.488549,-284,-163,-222
13900,continuous_motion,0.627686,0.702637,0.251465,43.721,-23.305344,-40.496181,-18.221375,-284,-163,-222
13920,continuous_motion,0.684814,0.714844,0.227295,43.762,-16.167938,-35.465649,-17.015266,-287,-151,-213
13940,continuous_motion,0.714600,0.698242,0.241943,43.742,-5.809160,-19.938931,-3.572519,-287,-151,-213
13960,continuous_motion,0.743164,0.712891,0.222900,43.762,5.221374,3.702290,5.961832,-287,-151,-213
13980,continuous_motion,0.705078,0.740723,0.202393,43.733,12.290076,23.442749,11.595420,-289,-147,-211
14000,continuous_motion,0.645752,0.762695,0.192627,43.783,12.809160,31.832062,13.977099,-289,-147,-211
14020,continuous_motion,0.615479,0.783691,0.168945,43.742,7.641222,29.206106,13.671756,-289,-147,-211
14040,continuous_motion,0.609131,0.787842,0.175537,43.786,0.679389,14.938931,9.251908,-287,-159,-216
14061,continuous_motion,0.626709,0.830811,0.130371,43.754,-13.618320,-1.480916,-1.083969,-287,-159,-216
14080,continuous_motion,0.578613,0.810303,0.168213,43.751,-32.152672,-19.702290,-10.473283,-287,-159,-216
14101,continuous_motion,0.585693,0.791992,0.186035,43.748,-43.946564,-33.885498,-10.992367,-287,-159,-216
14120,continuous_motion,0.630615,0.791016,0.179199,43.754,-51.015266,-44.000000,-14.145039,-293,-153,-202
14140,continuous_motion,0.689697,0.759277,0.197021,43.736,-62.053436,-52.442749,-23.458015,-293,-153,-202
14160,continuous_motion,0.676514,0.719482,0.198486,43.771,-69.282440,-56.106869,-26.633587,-293,-153,-202
14180,continuous_motion,0.677002,0.656250,0.360596,43.774,-61.801525,-51.946564,-24.954199,-304,-134,-174
14200,continuous_motion,0.686523,0.659424,0.384033,43.783,-44.366413,-40.755726,-13.137404,-304,-134,-174
14220,continuous_motion,0.672119,0.684570,0.301025,43.777,-30.007633,-29.412214,-3.129771,-304,-134,-174
14240,continuous_motion,0.691650,0.677246,0.302979,43.771,-19.381680,-27.190840,-6.000000,-311,-123,-158
14260,continuous_motion,0.668701,0.666016,0.321533,43.721,-9.961832,-21.389313,-5.312977,-311,-123,-158
14280,continuous_motion,0.682129,0.697998,0.287109,43.762,-0.961832,-13.419847,-2.083969,-311,-123,-158
14300,continuous_motion,0.664795,0.738037,0.228027,43.780,2.473282,-9.305344,-3.328244,-311,-123,-158
14320,continuous_motion,0.638672,0.732178,0.244629,43.771,2.030534,-11.442748,-6.267176,-312,-119,-153
14340,continuous_motion,0.641113,0.732666,0.244629,43.768,2.549618,-16.343512,-9.312977,-312,-119,-153
14360,continuous_motion,0.627930,0.729492,0.238281,43.751,3.267176,-18.702290,-10.083969,-312,-119,-153
14380,continuous_motion,0.623535,0.746826,0.223633,43.739,6.076336,-19.816793,-7.809160,-313,-113,-157
14400,continuous_motion,0.614014,0.759521,0.211914,43.730,4.099236,-22.618320,-6.625954,-313,-113,-157
14420,continuous_motion,0.622803,0.773682,0.192627,43.771,-0.053435,-27.625954,-6.519084,-313,-113,-157
14440,continuous_motion,0.647461,0.769531,0.188721,43.795,-2.580153,-31.305344,-7.396946,-312,-104,-156
14460,continuous_motion,0.677734,0.745850,0.187012,43.780,-4.427481,-32.557251,-9.656488,-312,-104,-156
14480,continuous_motion,0.721680,0.713135,0.222900,43.762,-4.152672,-28.633587,-11.931297,-312,-104,-156
14500,continuous_motion,0.734131,0.705078,0.217529,43.733,2.862595,-16.992367,-13.748092,-312,-104,-156
14520,continuous_motion,0.749023,0.686523,0.233643,43.771,11.839695,-2.381679,-15.312977,-312,-94,-154
14540,continuous_motion,0.708984,0.710205,0.215576,43.759,23.671755,15.198473,-14.832061,-312,-94,-154
14560,continuous_motion,0.697998,0.761230,0.161865,43.754,30.160305,28.709923,-13.725191,-312,-94,-154
14580,continuous_motion,0.670166,0.771729,0.128418,43.765,31.366413,38.916031,-13.076336,-309,-90,-167
14600,continuous_motion,0.672363,0.765381,0.158691,43.774,32.022900,50.022900,-9.763359,-309,-90,-167
14620,continuous_motion,0.666016,0.768066,0.172852,43.756,35.259541,63.809162,-4.312977,-309,-90,-167
14640,continuous_motion,0.662109,0.757324,0.165527,43.765,37.610687,76.679390,-1.442748,-302,-96,-185
14660,continuous_motion,0.651611,0.746094,0.206543,43.777,42.870228,86.519081,-0.236641,-302,-96,-185
14680,continuous_motion,0.617432,0.761719,0.220703,43.756,48.839695,96.732826,1.671756,-302,-96,-185
14700,continuous_motion,0.618896,0.783936,0.186768,43.759,53.122139,102.335876,2.793893,-302,-96,-185
14720,continuous_motion,0.650146,0.770996,0.190674,43.748,56.282444,107.389313,3.343511,-291,-117,-210
14740,continuous_motion,0.667969,0.749512,0.221924,43.754,62.702290,118.274811,5.282443,-291,-117,-210
14760,continuous_motion,0.685547,0.710693,0.239746,43.768,74.053436,135.832062,7.526718,-291,-117,-210
14780,continuous_motion,0.656982,0.728027,0.260498,43.777,89.442749,152.160309,10.511451,-276,-147,-241
14800,continuous_motion,0.548828,0.785889,0.157959,43.765,99.076332,159.916031,13.061069,-276,-147,-241
14820,continuous_motion,0.530518,0.800537,0.185547,43.774,101.862595,158.152664,13.351145,-276,-147,-241
14840,continuous_motion,0.508545,0.841309,0.148193,43.745,102.129768,151.778625,14.458015,-276,-147,-241
14860,continuous_motion,0.461426,0.893066,0.130859,43.748,94.618324,142.137405,14.969465,-244,-198,-272
14880,continuous_motion,0.402832,0.918457,0.113770,43.774,80.793892,126.419846,13.969465,-244,-198,-272
14900,continuous_motion,0.362305,0.950195,0.118652,43.771,62.732826,102.045799,16.404581,-244,-198,-272
14920,continuous_motion,0.386963,0.941162,0.161865,43.783,45.748093,77.129768,18.282442,-219,-241,-292
14940,continuous_motion,0.423584,0.886963,0.194336,43.774,32.129772,57.030533,18.557251,-219,-241,-292
14960,continuous_motion,0.489746,0.831543,0.238525,43.756,26.870230,46.511452,21.000000,-219,-241,-292
14980,continuous_motion,0.488770,0.813965,0.261719,43.756,29.534351,46.290077,26.221375,-204,-264,-297
15000,continuous_motion,0.495361,0.814209,0.256592,43.756,34.984734,49.076336,35.000000,-204,-264,-297
15020,continuous_motion,0.477783,0.845215,0.224854,43.765,37.183205,48.755726,40.946564,-204,-264,-297
15040,continuous_motion,0.540283,0.826660,0.215820,43.754,33.916031,41.572517,42.885498,-204,-264,-297
15060,continuous_motion,0.542480,0.750732,0.279053,43.771,39.625954,52.931297,52.984734,-186,-291,-300
15080,continuous_motion,0.566406,0.788818,0.238037,43.768,47.809162,52.877861,54.900764,-186,-291,-300
15100,continuous_motion,0.590332,0.832520,0.142334,43.762,45.549618,51.709923,54.480915,-186,-291,-300
15120,continuous_motion,0.584717,0.802979,0.197754,43.759,39.816795,52.755726,55.709923,-160,-327,-305
15140,continuous_motion,0.618408,0.772949,0.227783,43.756,39.496181,54.625954,56.343510,-160,-327,-305
15160,continuous_motion,0.652100,0.775391,0.203613,43.795,41.549618,61.221375,60.251907,-160,-327,-305
15180,continuous_motion,0.696045,0.767090,0.199219,43.742,41.221375,68.908394,61.412212,-132,-362,-303
15200,continuous_motion,0.741455,0.749023,0.186279,43.742,38.458015,76.488548,56.839695,-132,-362,-303
15220,continuous_motion,0.584717,0.743652,0.266846,43.739,35.717556,75.603050,47.832062,-132,-362,-303
15241,continuous_motion,0.615723,0.783203,0.174072,43.751,27.290077,44.702290,27.770992,-132,-362,-303
15260,continuous_motion,0.677734,0.756348,0.212158,43.771,19.488550,36.519085,22.519083,-107,-395,-293
15281,continuous_motion,0.750000,0.710205,0.203369,43.762,17.603054,43.305344,21.679390,-107,-395,-293
15300,continuous_motion,0.742920,0.655029,0.274414,43.795,20.885496,53.007633,16.022902,-107,-395,-293
15321,continuous_motion,0.707764,0.642578,0.312500,43.798,31.534351,63.687023,12.015267,-95,-414,-283
15340,continuous_motion,0.647949,0.679688,0.296387,43.765,44.496181,71.038170,13.206107,-95,-414,-283
15360,continuous_motion,0.632324,0.711914,0.257568,43.780,48.175571,69.351143,11.381680,-95,-414,-283
15380,continuous_motion,0.642822,0.742676,0.262207,43.768,43.366413,63.183205,6.030534,-77,-436,-270
15400,continuous_motion,0.664551,0.682373,0.302002,43.765,43.740459,61.541985,4.427481,-77,-436,-270
15420,continuous_motion,0.659180,0.686768,0.313721,43.771,55.603054,72.793892,10.015267,-77,-436,-270
15440,continuous_motion,0.603027,0.748047,0.279541,43.777,63.809162,81.511452,17.358778,-77,-436,-270
15460,continuous_motion,0.553711,0.832031,0.167725,43.774,58.419846,73.557251,20.572519,-59,-456,-255
15480,continuous_motion,0.556885,0.842041,0.167236,43.771,40.221375,55.801525,16.580153,-59,-456,-255
15500,continuous_motion,0.580566,0.822266,0.210693,43.762,24.381680,40.083969,13.648855,-59,-456,-255
15520,continuous_motion,0.597656,0.782471,0.271240,43.721,14.900764,31.694656,13.496183,-43,-473,-240
15540,continuous_motion,0.639648,0.716797,0.262939,43.762,11.664123,30.206106,18.931297,-43,-473,-240
15560,continuous_motion,0.688965,0.725098,0.299316,43.742,15.320611,38.809162,21.496183,-43,-473,-240
15580,continuous_motion,0.668213,0.720459,0.292969,43.774,17.053434,47.770992,20.648855,-32,-484,-226
15600,continuous_motion,0.641113,0.688721,0.315430,43.777,19.778625,51.419846,18.511450,-32,-484,-226
15620,continuous_motion,0.676025,0.621582,0.474121,43.759,31.801527,58.580154,23.091602,-32,-484,-226
15641,continuous_motion,0.650391,0.666748,0.357178,43.751,52.374046,73.358780,31.938931,-32,-484,-226
15660,continuous_motion,0.646973,0.718262,0.312256,43.777,58.274811,78.328247,34.427483,-14,-502,-208
15680,continuous_motion,0.632813,0.730225,0.264160,43.742,58.122139,76.068703,34.213741,-14,-502,-208
15700,continuous_motion,0.635986,0.741455,0.289795,43.739,54.748093,73.206108,33.870228,-14,-502,-208
15720,continuous_motion,0.634277,0.728516,0.293457,43.727,50.396946,69.877861,32.152672,10,-518,-182
15740,continuous_motion,0.643066,0.723877,0.286865,43.768,48.824429,69.175575,32.320610,10,-518,-182
15760,continuous_motion,0.656006,0.718018,0.298340,43.756,47.083969,69.328247,32.190838,10,-518,-182
15780,continuous_motion,0.651855,0.682617,0.305908,43.756,47.419846,72.106873,31.641222,10,-533,-182
15800,continuous_motion,0.647705,0.715820,0.322266,43.777,49.633587,74.419846,30.038168,32,-533,-152
15820,continuous_motion,0.648682,0.732422,0.280273,43.756,48.633587,75.618324,30.450382,32,-533,-152
15840,continuous_motion,0.663086,0.732422,0.364746,43.739,43.374046,72.603050,24.587786,32,-533,-152
15860,continuous_motion,0.670410,0.723877,0.307373,43.756,38.519085,70.748093,19.740458,49,-542,-121
15880,continuous_motion,0.642090,0.719238,0.368652,43.754,37.160305,74.061066,19.740458,49,-542,-121
15900,continuous_motion,0.637207,0.707520,0.380127,43.748,39.541985,80.091606,23.282442,49,-542,-121
15920,continuous_motion,0.615234,0.698975,0.353027,43.754,42.862595,85.076332,26.343512,62,-551,-87
15940,continuous_motion,0.562256,0.712402,0.376709,43.754,44.190838,82.641220,28.259542,62,-551,-87
15960,continuous_motion,0.577148,0.721436,0.350342,43.748,44.343510,72.748093,29.305344,62,-551,-87
15980,continuous_motion,0.612549,0.776123,0.319092,43.733,36.274811,61.297710,24.396946,62,-551,-87
16000,continuous_motion,0.570557,0.774170,0.345459,43.742,23.977098,51.519085,18.671755,78,-553,-52
16020,continuous_motion,0.521240,0.740723,0.344971,43.748,14.809160,40.053436,18.458015,78,-553,-52
16040,continuous_motion,0.548096,0.766357,0.389648,43.780,9.312977,29.885496,21.442749,78,-553,-52
16060,continuous_motion,0.521729,0.750000,0.384766,43.762,1.213740,20.312977,24.213741,87,-553,-34
16080,continuous_motion,0.550049,0.720215,0.383789,43.739,-6.343512,7.595420,22.282442,87,-553,-34
16100,continuous_motion,0.600586,0.656982,0.464844,43.730,-7.908397,-0.465649,22.603054,87,-553,-34
16120,continuous_motion,0.635254,0.645020,0.439941,43.748,-0.351145,6.450382,29.259542,99,-553,-32
16141,continuous_motion,0.674072,0.645752,0.442871,43.751,7.564886,21.832062,40.229008,99,-553,-32
16160,continuous_motion,0.695068,0.629639,0.435059,43.733,13.969465,32.969467,45.511452,99,-553,-32
16181,continuous_motion,0.682129,0.622803,0.399902,43.789,18.885496,42.748093,46.305344,99,-553,-32
16200,continuous_motion,0.703369,0.619141,0.447510,43.742,23.877863,48.786259,45.022900,119,-554,-17
16220,continuous_motion,0.678955,0.632568,0.459473,43.756,28.961832,58.244274,47.328243,119,-554,-17
16240,continuous_motion,0.664795,0.647949,0.405518,43.771,32.885498,70.183205,56.076336,119,-554,-17
16260,continuous_motion,0.702881,0.635742,0.407715,43.733,29.832062,74.603050,55.274811,141,-548,14
16280,continuous_motion,0.699463,0.640869,0.436279,43.733,24.519083,68.557251,42.694656,141,-548,14
16300,continuous_motion,0.660156,0.645020,0.424316,43.730,18.778625,64.038170,33.923664,141,-548,14
16320,continuous_motion,0.601807,0.669434,0.428467,43.739,11.022901,57.229008,31.503817,158,-540,48
16340,continuous_motion,0.617432,0.645996,0.456055,43.724,4.099236,53.099236,33.343510,158,-540,48
16360,continuous_motion,0.624756,0.606201,0.495117,43.759,-3.061069,40.694656,25.450382,158,-540,48
16380,continuous_motion,0.587646,0.585449,0.554199,43.748,-6.282443,24.198473,13.541985,158,-540,48
16400,continuous_motion,0.649170,0.611328,0.508057,43.780,-7.328244,17.519083,9.213740,171,-533,66
16420,continuous_motion,0.631348,0.590332,0.524658,43.745,-10.236641,18.412214,10.061069,171,-533,66
16440,continuous_motion,0.667236,0.551025,0.535889,43.765,-7.114504,23.419847,14.916031,171,-533,66
16460,continuous_motion,0.681396,0.538330,0.570557,43.759,-3.167939,26.206106,12.030535,176,-530,74
16480,continuous_motion,0.659180,0.556885,0.540771,43.762,0.770992,21.755726,2.755725,176,-530,74
16500,continuous_motion,0.633789,0.613281,0.505859,43.756,-0.366412,18.946566,-2.427481,176,-530,74
16520,continuous_motion,0.608398,0.649170,0.478760,43.762,-6.862596,21.442749,3.549618,178,-527,83
16540,continuous_motion,0.578369,0.604004,0.536865,43.756,-15.374045,27.038168,11.961832,178,-527,83
16560,continuous_motion,0.611572,0.553223,0.577393,43.780,-16.083969,27.083969,18.435114,178,-527,83
16580,continuous_motion,0.664307,0.569580,0.551025,43.727,-14.656488,25.465649,16.679390,178,-527,83
16600,continuous_motion,0.689697,0.588379,0.538574,43.742,-20.122137,27.816793,10.526717,186,-523,92
16620,continuous_motion,0.633545,0.549316,0.562988,43.771,-25.793894,30.335878,5.091603,186,-523,92
16640,continuous_motion,0.586670,0.511475,0.654297,43.751,-26.374046,27.152672,1.267176,186,-523,92
16660,continuous_motion,0.725098,0.443115,0.651855,43.762,-24.503817,19.412214,-2.351145,193,-518,101
16680,continuous_motion,0.605957,0.503418,0.637695,43.786,-16.595419,5.129771,-7.862596,193,-518,101
16700,continuous_motion,0.621582,0.488281,0.654785,43.751,-12.916031,-0.587786,-13.610687,193,-518,101
16720,continuous_motion,0.584717,0.504395,0.622803,43.768,-5.908397,0.694656,-15.412213,190,-518,100
16740,continuous_motion,0.595947,0.490723,0.686523,43.765,0.587786,1.916031,-16.374046,190,-518,100
16760,continuous_motion,0.599609,0.468750,0.715576,43.756,10.923664,2.687023,-16.618320,190,-518,100
16780,continuous_motion,0.600098,0.513916,0.669922,43.759,22.389313,7.374046,-14.610687,190,-518,100
16800,continuous_motion,0.562988,0.567627,0.611572,43.765,27.099237,11.274809,-10.923664,180,-519,105
16820,continuous_motion,0.532227,0.593994,0.595215,43.765,25.114504,7.358778,-9.206107,180,-519,105
16840,continuous_motion,0.522705,0.616455,0.582520,43.777,18.343512,-4.076336,-10.839695,180,-519,105
16860,continuous_motion,0.582275,0.573975,0.597168,43.736,12.022901,-12.427481,-12.977099,172,-521,105
16880,continuous_motion,0.602051,0.541992,0.636719,43.751,14.007633,-11.114504,-13.267176,172,-521,105
16900,continuous_motion,0.597168,0.548096,0.647705,43.768,20.725191,-4.587786,-10.351145,172,-521,105
16920,continuous_motion,0.596436,0.560059,0.607910,43.777,28.114504,3.244275,-5.221374,172,-521,105
16940,continuous_motion,0.597168,0.594482,0.584717,43.751,33.778625,12.442748,0.022901,164,-523,104
16960,continuous_motion,0.573975,0.616699,0.568848,43.745,35.351147,19.221375,4.778626,164,-523,104
16980,continuous_motion,0.544434,0.626221,0.566162,43.765,33.862595,19.832062,7.328244,164,-523,104
17000,continuous_motion,0.547852,0.631348,0.558594,43.751,30.801527,15.496183,7.519084,160,-519,115
17020,continuous_motion,0.571045,0.619141,0.574707,43.745,28.580153,11.786260,7.091603,160,-519,115
17040,continuous_motion,0.585693,0.594971,0.583252,43.777,30.442749,14.854961,8.320611,160,-519,115
17060,continuous_motion,0.575928,0.600830,0.587646,43.783,35.816795,20.465649,11.931297,157,-516,125
17080,continuous_motion,0.572021,0.618896,0.560303,43.754,39.801525,23.763359,14.496183,157,-516,125
17100,continuous_motion,0.563232,0.639893,0.543945,43.765,39.557251,22.534351,13.664123,157,-516,125
17121,continuous_motion,0.549805,0.648438,0.541748,43.730,37.000000,16.740458,10.175572,157,-516,125
17140,continuous_motion,0.553467,0.639404,0.541748,43.754,34.847328,8.832061,6.106870,154,-510,137
17161,continuous_motion,0.620117,0.580811,0.572998,43.765,37.969467,8.732824,5.099236,154,-510,137
17180,continuous_motion,0.647705,0.578613,0.587891,43.759,50.229008,21.106871,6.801527,154,-510,137
17200,continuous_motion,0.599609,0.599121,0.578369,43.771,63.221375,36.091602,9.656488,148,-507,145
17220,continuous_motion,0.558594,0.654297,0.536865,43.759,73.358780,44.381680,13.664123,148,-507,145
17240,continuous_motion,0.563232,0.680420,0.463623,43.730,75.442749,48.641220,17.633587,148,-507,145
17260,continuous_motion,0.525879,0.749512,0.387695,43.771,71.725189,50.213741,21.328245,135,-495,171
17280,continuous_motion,0.554199,0.759277,0.409180,43.762,59.526718,45.297710,21.091602,135,-495,171
17300,continuous_motion,0.571045,0.717285,0.514893,43.751,52.190838,43.480915,21.076336,135,-495,171
17320,continuous_motion,0.483154,0.743652,0.435303,43.762,49.389313,42.458015,19.496183,135,-495,171
17340,continuous_motion,0.443604,0.785400,0.403564,43.756,40.916031,26.244274,16.076336,128,-482,191
17360,continuous_motion,0.492432,0.797852,0.380371,43.754,30.969465,17.053434,22.572519,128,-482,191
17380,continuous_motion,0.539307,0.745361,0.419922,43.709,19.236641,7.389313,21.068703,128,-482,191
17400,continuous_motion,0.645264,0.659180,0.496094,43.739,20.114504,9.389313,18.572519,128,-477,196
17420,continuous_motion,0.602539,0.659180,0.491455,43.756,28.755726,18.648855,15.358779,128,-477,196
17440,continuous_motion,0.564209,0.719482,0.454346,43.745,36.152672,24.709923,16.152672,128,-477,196
17460,continuous_motion,0.533936,0.777588,0.383789,43.754,33.290077,25.137405,17.076336,126,-471,207
17480,continuous_motion,0.544922,0.727295,0.437256,43.742,24.961832,21.534351,17.969465,126,-471,207
17500,continuous_motion,0.647705,0.689453,0.460938,43.759,27.328245,25.954199,19.099237,126,-471,207
17520,continuous_motion,0.566650,0.742676,0.409424,43.754,32.145039,39.320610,21.954199,126,-471,207
17540,continuous_motion,0.516113,0.816895,0.345703,43.730,24.229008,40.290077,23.862595,124,-461,220
17560,continuous_motion,0.565918,0.775879,0.380615,43.748,10.961832,36.198475,25.076336,124,-461,220
17580,continuous_motion,0.590088,0.707764,0.441162,43.748,5.717557,37.854961,25.435114,124,-461,220
17600,continuous_motion,0.582031,0.715088,0.445068,43.745,7.175572,40.679390,23.511450,129,-447,233
17620,continuous_motion,0.518555,0.756836,0.411621,43.739,4.236641,38.839695,22.595419,129,-447,233
17640,continuous_motion,0.523193,0.751709,0.428711,43.762,-4.412214,29.099237,19.641222,129,-447,233
17661,continuous_motion,0.526123,0.718262,0.466064,43.754,-12.053435,18.854961,16.167938,136,-437,245
17680,continuous_motion,0.554688,0.671143,0.509521,43.751,-14.282443,10.977099,12.618320,136,-437,245
17701,continuous_motion,0.589111,0.661377,0.523193,43.730,-9.725191,7.312977,8.175572,136,-437,245
17720,continuous_motion,0.517090,0.729736,0.444092,43.756,-8.282443,3.748092,5.259542,136,-437,245
17740,continuous_motion,0.555176,0.678955,0.473389,43.742,-18.137405,-12.206107,-3.954198,144,-435,247
17760,continuous_motion,0.637939,0.614502,0.556885,43.730,-15.885496,-17.526718,-10.427481,144,-435,247
17780,continuous_motion,0.645020,0.649170,0.523438,43.759,-4.274809,-7.030534,-13.068703,144,-435,247
17800,continuous_motion,0.519531,0.666748,0.532471,43.774,-1.404580,-5.419847,-20.076336,144,-439,243
17820,continuous_motion,0.554443,0.662109,0.522949,43.759,2.786260,-6.916030,-14.366412,144,-439,243
17840,continuous_motion,0.666504,0.620605,0.549072,43.715,14.396947,14.160305,-0.809160,144,-439,243
17860,continuous_motion,0.636230,0.615479,0.557373,43.754,29.938931,33.900764,2.076336,144,-439,243
17880,continuous_motion,0.570557,0.691650,0.494141,43.751,40.137405,42.770992,0.946565,138,-438,246
17900,continuous_motion,0.549316,0.676025,0.506836,43.759,42.519085,42.984734,-1.244275,138,-438,246
17920,continuous_motion,0.555908,0.665039,0.523193,43.762,47.381680,39.534351,-6.427481,138,-438,246
17940,continuous_motion,0.548828,0.666992,0.502441,43.754,57.488548,47.297710,-1.885496,121,-424,261
17960,continuous_motion,0.545166,0.687256,0.498535,43.748,68.564888,62.099236,7.557252,121,-424,261
17980,continuous_motion,0.523438,0.725342,0.478516,43.751,77.763359,71.877861,15.389313,121,-424,261
18000,continuous_motion,0.425049,0.766602,0.425049,43.724,82.480919,76.419846,25.488550,96,-400,285
18020,continuous_motion,0.433838,0.837646,0.366211,43.754,78.923668,71.366409,33.885498,96,-400,285
18040,continuous_motion,0.405029,0.927246,0.268066,43.756,59.580154,51.030533,29.000000,96,-400,285
18060,continuous_motion,0.326904,0.997559,0.190674,43.733,27.343512,16.419847,16.038168,96,-400,285
18080,continuous_motion,0.381836,0.999756,0.201172,43.724,-17.931297,-32.137405,-0.160305,80,-381,301
18100,continuous_motion,0.350586,0.824463,0.444580,43.742,-53.931297,-66.244278,-12.480916,80,-381,301
18120,continuous_motion,0.444580,0.861572,0.403809,43.762,-74.152672,-83.167938,-14.633588,80,-381,301
18140,continuous_motion,0.473633,0.738281,0.437744,43.751,-85.534348,-94.167938,-9.030535,96,-404,280
18160,continuous_motion,0.784668,0.620605,0.431396,43.795,-81.946564,-93.778625,-11.236641,96,-404,280
18180,continuous_motion,0.934570,0.464844,0.669189,43.780,-55.129772,-39.740459,-6.656488,96,-404,280
18200,continuous_motion,0.706299,0.509277,0.649658,43.756,-5.335878,27.832062,4.496183,118,-425,261
18220,continuous_motion,0.505371,0.551270,0.610596,43.768,25.793894,42.251907,5.145038,118,-425,261
18240,continuous_motion,0.484863,0.858887,0.542236,43.745,51.160305,51.305344,2.511450,118,-425,261
18260,continuous_motion,0.348389,1.086914,0.363525,43.748,62.175571,48.366413,-23.832062,118,-425,261
18280,continuous_motion,0.426514,1.245117,0.361816,43.745,51.320610,16.580153,-55.572517,103,-409,278
18300,continuous_motion,0.619629,1.231689,0.454102,43.742,29.725191,-10.564885,-81.312981,103,-409,278
18320,continuous_motion,0.645996,1.158691,0.439453,43.759,28.213741,-15.786260,-102.038170,103,-409,278
18340,continuous_motion,0.655029,1.055420,0.556396,43.754,41.541985,-11.664123,-110.572517,64,-411,274
18360,continuous_motion,0.609375,1.014648,0.575928,43.742,62.664124,0.007634,-113.625954,64,-411,274
18380,continuous_motion,0.507324,1.046631,0.542969,43.745,74.740456,14.076336,-115.961830,64,-411,274
18400,continuous_motion,0.405029,1.075928,0.481201,43.762,60.259541,17.503817,-115.106873,5,-402,272
18420,continuous_motion,0.254639,0.940918,0.478271,43.748,57.305344,13.412213,-119.770996,5,-402,272
18440,continuous_motion,0.220459,0.860840,0.438721,43.759,77.137405,8.519084,-127.847328,5,-402,272
18460,continuous_motion,0.224121,0.854248,0.449707,43.762,91.015266,8.381680,-129.206100,5,-402,272
18480,continuous_motion,0.218994,0.793457,0.412842,43.771,91.725189,10.587787,-124.526718,-60,-380,267
18500,continuous_motion,0.208008,0.785645,0.388916,43.762,104.183205,16.946566,-119.847328,-60,-380,267
18520,continuous_motion,0.158936,0.828857,0.318848,43.748,113.862595,22.755726,-117.458015,-60,-380,267
18540,continuous_motion,0.076172,0.870850,0.222412,43.736,113.213737,20.587786,-113.076332,-129,-347,250
18560,continuous_motion,-0.014160,0.892090,0.211670,43.789,112.106873,14.687023,-111.076332,-129,-347,250
18580,continuous_motion,-0.001709,0.867432,0.148193,43.745,92.129768,7.496183,-105.931297,-129,-347,250
18600,continuous_motion,0.129395,0.894775,0.121094,43.748,58.091602,2.053435,-90.068703,-186,-310,228
18620,continuous_motion,0.013184,0.898682,0.141602,43.771,34.748093,8.496183,-75.251907,-186,-310,228
18640,continuous_motion,-0.045898,0.920898,0.148438,43.780,15.435115,23.580153,-70.740456,-186,-310,228
18660,continuous_motion,-0.065918,0.873535,0.153320,43.751,-2.793893,42.328243,-67.274811,-186,-310,228
18680,continuous_motion,-0.110107,0.854492,0.110596,43.756,-13.801527,58.770992,-62.473282,-205,-275,230
18701,continuous_motion,-0.142822,0.908447,0.055908,43.754,-37.152672,65.786263,-51.916031,-205,-275,230
18720,continuous_motion,-0.218994,0.902832,0.053955,43.730,-66.274811,67.022903,-42.068703,-205,-275,230
18740,continuous_motion,-0.245605,0.867920,0.091064,43.745,-81.122139,71.977097,-36.793892,-199,-235,254
18760,continuous_motion,-0.207520,0.831299,0.107178,43.742,-79.916031,79.465652,-33.641220,-199,-235,254
18780,continuous_motion,-0.239502,0.843994,0.059082,43.724,-74.259544,85.137405,-25.442749,-199,-235,254
18800,continuous_motion,-0.291992,0.856201,0.055420,43.754,-73.832062,82.465652,-14.862596,-199,-194,289
18820,continuous_motion,-0.243896,0.852539,0.084473,43.786,-71.488548,77.091606,-5.450382,-176,-194,289
18840,continuous_motion,-0.240723,0.873779,0.124756,43.736,-57.503819,79.557251,-0.580153,-176,-194,289
18860,continuous_motion,-0.199951,0.972168,0.141846,43.754,-51.839695,81.480919,-0.312977,-176,-194,289
18880,continuous_motion,-0.243896,0.968262,0.150635,43.754,-58.129772,81.412216,-1.984733,-154,-158,315
18900,continuous_motion,-0.222656,0.946045,0.156982,43.733,-60.732826,81.381676,-3.290076,-154,-158,315
18920,continuous_motion,-0.182617,0.957275,0.187500,43.733,-66.763359,79.519081,-0.778626,-154,-158,315
18940,continuous_motion,-0.184570,0.961914,0.227783,43.759,-67.748093,82.755722,0.374046,-131,-121,334
18960,continuous_motion,-0.185059,0.951172,0.232910,43.733,-72.702293,85.351143,3.022901,-131,-121,334
18980,continuous_motion,-0.196533,0.975586,0.261719,43.742,-80.954201,86.030533,8.229008,-131,-121,334
19000,continuous_motion,-0.221924,1.088379,0.321045,43.762,-99.465652,92.412216,8.511451,-131,-121,334
19020,continuous_motion,-0.250977,1.072754,0.354248,43.748,-126.167938,99.625954,4.916030,-96,-82,354
19040,continuous_motion,-0.227539,0.969482,0.352051,43.751,-153.511444,107.671753,6.557252,-96,-82,354
19060,continuous_motion,-0.211670,0.872070,0.315918,43.762,-159.702286,112.732826,14.412213,-96,-82,354
19081,continuous_motion,-0.282959,0.883301,0.289795,43.748,-146.900757,113.854965,21.404581,-33,-29,374
19100,continuous_motion,-0.355957,0.866455,0.343750,43.718,-139.503815,107.000000,23.419847,-33,-29,374
19120,continuous_motion,-0.360352,0.802979,0.372803,43.736,-135.488556,101.610687,24.236641,-33,-29,374
19140,continuous_motion,-0.318848,0.694824,0.389160,43.745,-128.267181,95.076332,30.679390,27,20,375
19160,continuous_motion,-0.314697,0.681885,0.406982,43.768,-107.473282,87.755722,39.946564,27,20,375
19180,continuous_motion,-0.367920,0.719971,0.446045,43.709,-94.206108,78.717560,45.564884,27,20,375
19200,continuous_motion,-0.363281,0.679443,0.518799,43.745,-83.206108,70.717560,48.160305,27,20,375
19220,continuous_motion,-0.313721,0.638916,0.520020,43.748,-71.557251,67.030533,53.374046,63,60,367
19240,continuous_motion,-0.249023,0.726074,0.555664,43.774,-69.564888,62.083969,62.480915,63,60,367
19260,continuous_motion,-0.383301,0.778320,0.557129,43.748,-73.221375,57.595421,65.412216,63,60,367
19280,continuous_motion,-0.366455,0.691650,0.588135,43.754,-82.251907,47.702290,62.832062,79,90,357
19300,continuous_motion,-0.260986,0.594727,0.637451,43.751,-74.839691,48.007633,66.725189,79,90,357
19320,continuous_motion,-0.201660,0.700928,0.634766,43.736,-69.473282,49.923664,76.465652,79,90,357
19340,continuous_motion,-0.311768,0.780273,0.651367,43.762,-75.442749,46.786259,79.938934,88,114,345
19361,continuous_motion,-0.320557,0.740967,0.686523,43.762,-90.587784,41.885498,76.114502,88,114,345
19380,continuous_motion,-0.223877,0.650635,0.705322,43.718,-95.656487,42.358780,76.427483,88,114,345
19401,continuous_motion,-0.128662,0.674561,0.719238,43.751,-91.267174,44.435116,82.099236,88,114,345
19420,continuous_motion,-0.287109,0.742920,0.660156,43.730,-83.916031,45.404579,82.755722,99,137,331
19441,continuous_motion,-0.351807,0.747314,0.665283,43.765,-92.824425,33.526718,77.061066,99,137,331
19460,continuous_motion,-0.288086,0.595947,0.706787,43.712,-102.320610,22.480917,72.824425,99,137,331
19480,continuous_motion,-0.107178,0.573486,0.682861,43.765,-97.053436,17.396946,76.152672,109,153,318
19500,continuous_motion,-0.120605,0.602783,0.760498,43.765,-90.083969,14.709924,83.954201,109,153,318
19520,continuous_motion,-0.258789,0.636475,0.770264,43.733,-78.702293,10.564885,78.641220,109,153,318
19540,continuous_motion,-0.185791,0.633545,0.771240,43.718,-76.259544,2.244275,67.641220,113,164,311
19560,continuous_motion,-0.130615,0.540039,0.842529,43.745,-75.053436,-5.106870,61.244274,113,164,311
19580,continuous_motion,-0.040527,0.536621,0.880371,43.756,-57.603054,-3.114504,57.671757,113,164,311
19600,continuous_motion,-0.156006,0.586426,0.837158,43.751,-41.458015,3.083969,54.366413,113,164,311
19620,continuous_motion,-0.179443,0.587158,0.827393,43.751,-41.221375,-3.541985,47.503819,113,167,307
19640,continuous_motion,-0.149902,0.560059,0.844238,43.759,-41.099236,-9.496183,39.068703,113,167,307
19660,continuous_motion,-0.138428,0.543701,0.839600,43.727,-39.480915,-13.022901,31.595419,113,167,307
19680,continuous_motion,-0.067383,0.552490,0.942139,43.748,-31.839695,-12.458015,29.221375,113,168,307
19700,continuous_motion,-0.144287,0.566406,0.888184,43.739,-30.061069,-5.877862,25.419847,113,168,307
19720,continuous_motion,-0.120605,0.517578,0.912598,43.730,-35.328243,-7.488550,21.198473,113,168,307
19740,continuous_motion,-0.093018,0.493408,0.887207,43.762,-36.618320,-7.488550,19.625954,116,168,307
19760,continuous_motion,0.022217,0.527588,0.902832,43.756,-35.793892,-7.694656,22.236641,116,168,307
19780,continuous_motion,-0.011475,0.620117,0.968994,43.727,-32.091602,-2.984733,20.923664,116,168,307
19801,continuous_motion,-0.029785,0.608887,1.006348,43.754,-30.015266,-0.442748,11.167939,116,168,307
19820,continuous_motion,-0.040039,0.532959,0.965088,43.745,-25.381680,7.229008,1.679389,121,169,306
19840,continuous_motion,-0.078613,0.463379,0.865967,43.762,-27.870230,8.511451,0.480916,121,169,306
19860,continuous_motion,-0.113281,0.417969,0.830078,43.771,-30.480917,3.931298,3.007634,121,169,306
19880,continuous_motion,-0.116455,0.356689,0.885986,43.742,-27.694656,0.015267,5.366412,131,174,302
19900,continuous_motion,-0.109375,0.319824,0.917969,43.754,-25.167938,2.389313,10.526717,131,174,302
19920,continuous_motion,-0.084229,0.305664,0.915283,43.759,-27.259542,4.450382,18.809160,131,174,302
19940,continuous_motion,-0.070801,0.492676,0.978027,43.771,-35.541985,1.908397,25.732824,131,174,302
19960,continuous_motion,-0.099609,0.479492,0.975342,43.765,-38.519085,0.129771,21.541985,137,175,301
19980,continuous_motion,-0.132568,0.411377,1.016113,43.762,-43.106869,-1.389313,15.977099,137,175,301
20001,continuous_motion,-0.093018,0.332520,1.020752,43.771,-44.870228,2.236641,11.305344,137,175,301
20020,continuous_motion,-0.064453,0.339111,0.973877,43.709,-43.877861,7.977099,11.351145,149,178,299
20040,continuous_motion,-0.139648,0.279297,0.940186,43.751,-49.465649,8.854961,13.091603,149,178,299
20060,continuous_motion,-0.093262,0.270508,0.987305,43.736,-50.343510,9.404580,11.167939,149,178,299
20080,continuous_motion,-0.043945,0.305908,1.022705,43.736,-47.809162,17.206106,7.732824,162,184,292
20100,continuous_motion,-0.070557,0.306885,0.980713,43.759,-48.236641,25.091602,7.015267,162,184,292
20120,continuous_motion,-0.142090,0.213867,0.980225,43.724,-52.511452,23.374046,6.748092,162,184,292
20140,continuous_motion,-0.260498,0.158203,1.045654,43.745,-52.198475,17.038168,5.175572,162,184,292
20160,continuous_motion,-0.111572,0.153564,1.043945,43.762,-53.702290,9.175572,-3.801527,179,194,285
20180,continuous_motion,-0.099365,0.193848,1.011963,43.777,-49.992367,14.015267,-5.526718,179,194,285
20201,continuous_motion,-0.106445,0.078613,1.031250,43.727,-34.557251,21.419847,-6.374046,179,194,285
20220,continuous_motion,-0.092285,0.136475,1.064941,43.730,-18.030535,31.534351,-1.190840,196,200,274
20240,continuous_motion,-0.171875,0.135010,1.000977,43.736,-14.488549,38.702290,-5.000000,196,200,274
20260,continuous_motion,-0.227051,0.143066,0.981201,43.774,-14.381680,28.160305,-2.282443,196,200,274
20280,continuous_motion,-0.195068,0.181641,1.019531,43.745,-14.160305,12.679389,-2.335878,201,211,261
20300,continuous_motion,-0.184814,0.166504,1.031738,43.765,-14.877863,5.007634,-1.961832,201,211,261
20320,continuous_motion,-0.135986,0.161865,1.062500,43.721,-16.251909,7.061069,-3.854962,201,211,261
20340,continuous_motion,-0.156250,0.151367,1.021973,43.777,-17.908398,16.419847,-6.442748,201,211,261
20360,continuous_motion,-0.228516,0.087402,0.968994,43.780,-16.763359,22.725191,-5.900764,207,214,255
20381,continuous_motion,-0.219482,0.074951,1.011963,43.762,-4.152672,13.572519,-1.671756,207,214,255
20400,continuous_motion,-0.240967,0.115479,1.028320,43.742,3.801527,2.358779,-3.091603,207,214,255
20420,continuous_motion,-0.246826,0.125732,0.993896,43.759,0.549618,-6.786260,-3.351145,212,218,253
20440,continuous_motion,-0.183594,0.138184,1.052490,43.733,-2.183206,-12.564885,-2.564885,212,218,253
20460,continuous_motion,-0.153809,0.111084,1.052490,43.765,-6.328244,-2.740458,0.648855,212,218,253
20480,continuous_motion,-0.179199,0.090576,1.024658,43.754,-4.801527,13.656488,7.412214,210,218,254
20500,continuous_motion,-0.220459,0.065186,0.992920,43.756,5.007634,19.893129,13.091603,210,218,254
20520,continuous_motion,-0.242676,0.104248,1.002197,43.748,12.992367,20.335878,17.755726,210,218,254
20540,continuous_motion,-0.262695,0.144287,0.961670,43.745,14.702291,18.862595,18.480917,210,218,254
20560,continuous_motion,-0.298340,0.179932,0.964600,43.771,6.450382,17.503817,17.923664,201,230,248
20580,continuous_motion,-0.329102,0.170166,0.970947,43.727,-5.351145,12.213740,15.740458,201,230,248
20600,continuous_motion,-0.292969,0.152832,0.972168,43.756,-12.366412,3.351145,12.961832,201,230,248
20620,continuous_motion,-0.311768,0.113037,0.978760,43.762,-13.427481,-4.519084,11.267176,197,236,246
20640,continuous_motion,-0.308350,0.095459,0.956055,43.730,-9.038168,-11.519084,9.687023,197,236,246
20660,continuous_motion,-0.270996,0.076416,0.992676,43.727,-4.809160,-15.358779,8.564885,197,236,246
20680,continuous_motion,-0.241943,0.092285,0.991699,43.739,0.030534,-13.648855,4.419847,197,235,252
20700,continuous_motion,-0.242676,0.132568,1.006104,43.786,4.816794,-11.603053,-2.717557,197,235,252
20720,continuous_motion,-0.255859,0.095703,1.001221,43.751,0.587786,-12.809160,-6.213740,197,235,252
20740,continuous_motion,-0.249756,0.101563,1.011230,43.748,-0.809160,-19.122137,-7.015267,197,235,252
20760,continuous_motion,-0.185791,0.092529,1.009033,43.751,1.114504,-21.236641,-10.503817,201,233,260
20780,continuous_motion,-0.176514,0.106934,0.989990,43.754,6.778626,-19.801527,-15.396947,201,233,260
20800,continuous_motion,-0.162109,0.139893,1.030029,43.730,11.312977,-13.335877,-22.458015,201,233,260
20820,continuous_motion,-0.126221,0.088135,1.019775,43.706,10.786260,-5.740458,-20.122137,209,227,269
20840,continuous_motion,-0.101074,0.075928,1.027832,43.733,15.916031,4.076336,-8.427481,209,227,269
20860,continuous_motion,-0.059570,0.075439,1.055908,43.756,29.763359,21.068703,6.786260,209,227,269
20880,continuous_motion,-0.107666,0.146484,1.012695,43.724,36.396946,42.038166,16.916031,209,237,270
20900,continuous_motion,-0.137939,0.187988,0.986572,43.756,36.580154,57.038166,24.954199,206,237,270
20920,continuous_motion,-0.174805,0.217773,0.958252,43.748,30.732824,60.274811,33.366413,206,237,270
20940,continuous_motion,-0.212891,0.229248,0.987061,43.742,24.488550,55.900764,36.381680,206,237,270
20960,continuous_motion,-0.279297,0.245850,0.893066,43.777,15.419847,46.870228,37.519085,186,260,253
20980,continuous_motion,-0.266357,0.269287,0.962402,43.739,11.374045,34.328243,38.229008,186,260,253
21000,continuous_motion,-0.305176,0.275879,0.942383,43.762,5.564886,23.114504,35.633587,186,260,253
21020,continuous_motion,-0.283936,0.232178,0.937744,43.751,5.221374,17.366413,31.770992,166,277,241
21040,continuous_motion,-0.234863,0.228271,0.983643,43.756,7.221374,18.854961,31.274809,166,277,241
21060,continuous_motion,-0.228271,0.212646,0.957520,43.762,13.427481,24.595419,31.000000,166,277,241
21080,continuous_motion,-0.201904,0.265869,0.970703,43.768,19.343512,29.931297,33.251907,166,277,241
21100,continuous_motion,-0.214111,0.293701,0.948242,43.751,18.954199,33.244274,32.900764,151,290,234
21120,continuous_motion,-0.223389,0.283447,0.942871,43.774,16.664122,34.458015,30.305344,151,290,234
21140,continuous_motion,-0.248779,0.290283,0.927246,43.780,14.167939,31.274809,30.587786,151,290,234
21160,continuous_motion,-0.254883,0.292725,0.945557,43.783,12.778625,26.519083,33.198475,130,302,221
21180,continuous_motion,-0.253174,0.283691,0.929199,43.745,13.236641,24.427481,32.435116,130,302,221
21200,continuous_motion,-0.237305,0.248047,0.937988,43.768,24.290077,27.625954,27.015266,130,302,221
21220,continuous_motion,-0.258057,0.273926,0.918457,43.724,42.083969,35.290077,22.969465,110,311,208
21240,continuous_motion,-0.300049,0.332275,0.861084,43.771,44.877861,36.801525,22.732824,110,311,208
21260,continuous_motion,-0.307617,0.344238,0.879150,43.762,38.106869,29.900763,23.984734,110,311,208
21280,continuous_motion,-0.303955,0.327881,0.855225,43.759,35.351147,23.832062,24.877863,110,311,208
21300,continuous_motion,-0.309326,0.270020,0.865967,43.742,42.053436,25.511450,24.068703,88,321,192
21320,continuous_motion,-0.353760,0.321045,0.791016,43.762,47.442749,29.648855,22.503817,88,321,192
21340,continuous_motion,-0.365723,0.403809,0.828613,43.742,46.564884,27.129770,22.396946,88,321,192
21360,continuous_motion,-0.332275,0.416016,0.825928,43.756,43.595421,27.114504,17.786259,66,329,178
21380,continuous_motion,-0.363281,0.431396,0.825684,43.780,40.022900,28.854961,15.816793,66,329,178
21400,continuous_motion,-0.371582,0.453857,0.809326,43.748,31.198473,22.923664,20.923664,66,329,178
21420,continuous_motion,-0.355713,0.473389,0.799072,43.736,23.236641,12.396947,29.992367,49,336,164
21440,continuous_motion,-0.310303,0.498779,0.836182,43.739,23.198473,7.167939,34.679390,49,336,164
21461,continuous_motion,-0.337402,0.535889,0.818604,43.765,23.076336,12.671756,32.183205,49,336,164
21480,continuous_motion,-0.330078,0.569580,0.782227,43.754,15.068703,12.351145,30.435114,49,336,164
21501,continuous_motion,-0.302734,0.537598,0.793213,43.724,4.534351,13.114504,34.419846,28,337,155
21520,continuous_motion,-0.280273,0.472412,0.794189,43.748,9.984733,22.259542,39.572517,28,337,155
21541,continuous_motion,-0.290771,0.485352,0.800049,43.756,24.053434,38.061069,43.595421,28,337,155
21560,continuous_motion,-0.329590,0.522217,0.779297,43.768,31.061069,52.870228,43.343510,3,341,140
21581,continuous_motion,-0.400635,0.557861,0.729980,43.745,28.091602,56.175571,37.213741,3,341,140
21600,continuous_motion,-0.436768,0.593018,0.714600,43.742,16.335878,42.786259,30.053434,3,341,140
21621,continuous_motion,-0.399414,0.553955,0.752197,43.780,-0.175573,27.854961,25.885496,-21,347,112
21640,continuous_motion,-0.373291,0.491699,0.772461,43.736,-11.618320,20.022902,27.603054,-21,347,112
21661,continuous_motion,-0.334961,0.468262,0.785645,43.771,-10.465649,19.938931,26.435114,-21,347,112
21680,continuous_motion,-0.306885,0.487305,0.788818,43.751,-7.160306,25.916031,24.877863,-21,347,112
21700,continuous_motion,-0.319580,0.501221,0.756592,43.759,-7.061069,33.618320,23.839695,-34,349,98
21720,continuous_motion,-0.328613,0.530762,0.758057,43.756,-9.389313,43.061069,23.022902,-34,349,98
21740,continuous_motion,-0.353271,0.532959,0.741455,43.754,-11.984733,50.809162,23.923664,-34,349,98
21760,continuous_motion,-0.377197,0.553711,0.711182,43.730,-14.305344,53.198475,24.725191,-49,353,73
21780,continuous_motion,-0.363770,0.587402,0.735596,43.759,-16.389313,52.160305,23.732824,-49,353,73
21800,continuous_motion,-0.434326,0.596680,0.702637,43.762,-21.312977,55.625954,18.297710,-49,353,73
21820,continuous_motion,-0.451904,0.605713,0.742188,43.730,-32.946564,59.106869,13.541985,-61,355,44
21840,continuous_motion,-0.474854,0.506836,0.789307,43.768,-40.557251,67.045799,9.068703,-61,355,44
21860,continuous_motion,-0.506348,0.394287,0.839600,43.762,-30.801527,69.404579,6.664122,-61,355,44
21880,continuous_motion,-0.566406,0.413086,0.809326,43.745,-1.374046,61.984734,-0.343511,-61,355,44
21900,continuous_motion,-0.571777,0.499512,0.781250,43.768,11.091603,47.603054,-9.335877,-64,356,6
21920,continuous_motion,-0.590088,0.575928,0.741699,43.754,3.786260,26.572519,-23.450382,-64,356,6
21940,continuous_motion,-0.559814,0.534912,0.745361,43.739,-12.297709,5.404580,-32.893131,-64,356,6
21960,continuous_motion,-0.488037,0.449951,0.810547,43.777,-13.977099,-3.297710,-30.343512,-51,358,-8
21980,continuous_motion,-0.490234,0.452881,0.802734,43.754,-3.137405,2.328244,-23.351145,-51,358,-8
22000,continuous_motion,-0.505371,0.533936,0.766602,43.745,2.740458,4.786260,-22.305344,-51,358,-8
22020,continuous_motion,-0.471191,0.498779,0.772217,43.736,-0.465649,13.992367,-29.671755,-51,358,-8
22040,continuous_motion,-0.461426,0.452148,0.768311,43.786,6.496183,34.259541,-25.717558,-38,361,-12
22060,continuous_motion,-0.514648,0.479248,0.736328,43.754,18.396946,51.190838,-16.778625,-38,361,-12
22080,continuous_motion,-0.575195,0.520996,0.650146,43.754,21.229008,59.038166,-16.145039,-38,361,-12
22100,continuous_motion,-0.566162,0.524658,0.626953,43.745,19.671755,59.213741,-16.496183,-25,362,-41
22120,continuous_motion,-0.603760,0.542236,0.605957,43.748,19.404581,53.916031,-11.435115,-25,362,-41
22140,continuous_motion,-0.612549,0.590820,0.551758,43.739,13.763359,44.717556,-8.114504,-25,362,-41
22160,continuous_motion,-0.609619,0.563477,0.560791,43.751,4.282443,35.297710,1.549618,-20,360,-72
22180,continuous_motion,-0.630371,0.536621,0.565186,43.751,-2.259542,24.412214,13.572519,-20,360,-72
22200,continuous_motion,-0.661621,0.535400,0.593262,43.739,-7.175572,13.251908,15.465649,-20,360,-72
22220,continuous_motion,-0.634033,0.540039,0.600586,43.745,-15.251908,7.687023,11.175572,-20,360,-72
22240,continuous_motion,-0.605957,0.511230,0.628906,43.751,-20.687023,8.916031,9.755725,-26,354,-81
22260,continuous_motion,-0.580566,0.483887,0.651855,43.771,-19.015266,13.175572,9.961832,-26,354,-81
22280,continuous_motion,-0.553955,0.452148,0.671875,43.751,-12.267176,24.206106,8.961832,-26,354,-81
22300,continuous_motion,-0.618896,0.463623,0.654785,43.698,-3.404580,36.221375,4.763359,-35,347,-93
22320,continuous_motion,-0.670654,0.495605,0.609375,43.748,-0.862595,36.847328,-2.236641,-35,347,-93
22340,continuous_motion,-0.819824,0.606689,0.587891,43.748,-2.885496,31.206106,-3.648855,-35,347,-93
22360,continuous_motion,-0.787109,0.390381,0.673828,43.780,-21.732824,-14.488549,3.687023,-36,341,-107
22380,continuous_motion,-0.610596,0.439941,0.616455,43.748,-4.396946,-11.580153,12.549619,-36,341,-107
22400,continuous_motion,-0.584473,0.492676,0.597656,43.762,1.717557,-1.717557,17.480917,-36,341,-107
22420,continuous_motion,-0.591553,0.512695,0.584473,43.745,0.389313,5.816794,18.709923,-36,341,-107
22440,continuous_motion,-0.657227,0.538818,0.586426,43.771,-7.847328,8.267176,11.770992,-44,338,-104
22460,continuous_motion,-0.626465,0.466064,0.644043,43.736,-16.488550,0.190840,4.114504,-44,338,-104
22480,continuous_motion,-0.651123,0.449463,0.649902,43.751,-9.427481,-0.526718,6.793893,-44,338,-104
22500,continuous_motion,-0.625000,0.464844,0.668701,43.748,-3.519084,1.450382,7.702290,-49,333,-102
22520,continuous_motion,-0.631348,0.484375,0.679199,43.748,-2.114504,7.465649,9.099236,-49,333,-102
22540,continuous_motion,-0.602783,0.467285,0.687012,43.762,-0.732824,14.236641,11.641221,-49,333,-102
22560,continuous_motion,-0.618164,0.491943,0.673340,43.759,2.793893,19.664122,12.351145,-54,334,-108
22580,continuous_motion,-0.601318,0.515625,0.656006,43.771,6.374046,22.190840,11.954199,-54,334,-108
22600,continuous_motion,-0.609131,0.541992,0.611572,43.751,6.923664,27.816793,9.396947,-54,334,-108
22620,continuous_motion,-0.601074,0.545166,0.581543,43.762,3.274809,30.793894,10.885496,-54,334,-108
22640,continuous_motion,-0.618652,0.510254,0.581787,43.768,2.129771,30.977098,10.435115,-59,332,-122
22660,continuous_motion,-0.659180,0.522217,0.595703,43.762,6.870229,30.419847,9.122137,-59,332,-122
22680,continuous_motion,-0.632080,0.535645,0.577881,43.762,10.572519,30.412214,7.595420,-59,332,-122
22700,continuous_motion,-0.630615,0.560059,0.564209,43.762,10.938931,32.389313,6.114504,-61,332,-139
22720,continuous_motion,-0.650635,0.522949,0.553223,43.774,10.778625,34.488548,4.702290,-61,332,-139
22741,continuous_motion,-0.683838,0.506348,0.541992,43.777,16.183207,33.267174,4.656488,-61,332,-139
22760,continuous_motion,-0.682861,0.523193,0.513184,43.754,23.786259,30.274809,3.458015,-62,333,-161
22780,continuous_motion,-0.661377,0.584229,0.487305,43.765,26.610687,28.274809,2.106870,-62,333,-161
22800,continuous_motion,-0.645752,0.587646,0.487061,43.742,22.519083,28.900763,0.259542,-62,333,-161
22820,continuous_motion,-0.677490,0.584717,0.462891,43.774,15.633588,31.572519,0.396947,-62,333,-161
22840,continuous_motion,-0.707520,0.531738,0.450684,43.774,13.549619,31.145039,0.809160,-58,335,-179
22860,continuous_motion,-0.718750,0.521973,0.462402,43.759,16.396946,29.274809,2.122137,-58,335,-179
22880,continuous_motion,-0.717773,0.525879,0.433350,43.748,23.145039,25.427481,2.977099,-58,335,-179
22900,continuous_motion,-0.708740,0.572021,0.396484,43.759,28.893129,20.931297,2.045802,-55,336,-197
22920,continuous_motion,-0.690186,0.632080,0.400391,43.730,25.091602,20.007633,1.106870,-55,336,-197
22940,continuous_motion,-0.690430,0.631104,0.388916,43.777,15.099236,22.816793,0.877863,-55,336,-197
22960,continuous_motion,-0.727051,0.555420,0.373535,43.765,7.801527,23.282442,2.145038,-52,339,-210
22980,continuous_motion,-0.736084,0.537842,0.394043,43.777,7.900764,21.198473,4.297710,-52,339,-210
23000,continuous_motion,-0.732422,0.547119,0.395264,43.727,13.473283,17.900763,5.671756,-52,339,-210
23020,continuous_motion,-0.718506,0.580322,0.379639,43.748,18.122137,15.206107,5.725191,-52,339,-210
23040,continuous_motion,-0.717285,0.602539,0.357666,43.733,19.160305,13.419847,5.076336,-50,339,-222
23060,continuous_motion,-0.723389,0.626465,0.323486,43.762,16.748091,11.671756,4.687023,-50,339,-222
23080,continuous_motion,-0.739990,0.626221,0.287598,43.759,11.847328,8.450381,4.671756,-50,339,-222
23100,continuous_motion,-0.748535,0.631592,0.267822,43.756,5.992366,4.488550,5.167939,-48,341,-228
23120,continuous_motion,-0.735596,0.660645,0.251709,43.756,-2.893130,-0.603053,5.450382,-48,341,-228
23140,continuous_motion,-0.739014,0.654297,0.235107,43.748,-13.068703,-5.129771,5.259542,-48,341,-228
23160,continuous_motion,-0.735840,0.679199,0.248047,43.742,-25.381680,-10.824428,5.206107,-48,341,-228
23180,continuous_motion,-0.718994,0.673340,0.262207,43.762,-36.175571,-16.038168,3.603053,-52,337,-221
23200,continuous_motion,-0.732910,0.627441,0.273682,43.780,-45.022900,-22.419847,1.702290,-52,337,-221
23220,continuous_motion,-0.721436,0.602783,0.306641,43.768,-48.893131,-31.160305,0.396947,-52,337,-221
23240,continuous_motion,-0.718750,0.575439,0.349609,43.768,-53.129772,-36.992367,0.106870,-65,332,-202
23260,continuous_motion,-0.700195,0.539307,0.406494,43.751,-56.061069,-41.954197,1.633588,-65,332,-202
23280,continuous_motion,-0.681152,0.498291,0.458740,43.765,-58.152672,-44.183205,4.160306,-65,332,-202
23300,continuous_motion,-0.680664,0.503662,0.493408,43.739,-55.679390,-46.717556,6.312977,-80,325,-169
23320,continuous_motion,-0.659180,0.501709,0.521729,43.754,-48.122139,-51.152672,5.664122,-80,325,-169
23340,continuous_motion,-0.627930,0.529785,0.563721,43.795,-42.564884,-53.587788,4.618320,-80,325,-169
23361,continuous_motion,-0.600098,0.533447,0.609131,43.756,-40.732826,-52.396946,3.419847,-80,325,-169
23380,continuous_motion,-0.567871,0.537109,0.656006,43.765,-40.381680,-47.763359,1.748092,-87,318,-129
23401,continuous_motion,-0.561279,0.508057,0.678223,43.756,-40.381680,-41.625954,-0.694656,-87,318,-129
23420,continuous_motion,-0.579102,0.503662,0.695068,43.777,-37.580154,-36.717556,-2.305344,-87,318,-129
23441,continuous_motion,-0.576904,0.485840,0.706787,43.768,-34.389313,-32.488548,-3.305344,-92,314,-99
23460,continuous_motion,-0.568359,0.467529,0.709473,43.783,-31.221375,-28.152672,-4.045802,-92,314,-99
23481,continuous_motion,-0.573486,0.463867,0.717041,43.721,-28.106871,-24.740458,-4.427481,-92,314,-99
23500,continuous_motion,-0.567627,0.455811,0.708984,43.777,-26.473282,-21.122137,-3.503817,-92,309,-78
23521,continuous_motion,-0.576172,0.447266,0.713867,43.762,-24.549618,-18.083969,-2.931298,-92,309,-78
23540,continuous_motion,-0.573242,0.443359,0.713135,43.759,-21.809160,-16.564886,-2.610687,-92,309,-78
23561,continuous_motion,-0.561768,0.446533,0.719238,43.771,-20.000000,-14.641221,-1.969466,-92,309,-78
23580,continuous_motion,-0.566650,0.451416,0.716309,43.774,-18.259542,-13.717557,-2.129771,-92,308,-63
23601,continuous_motion,-0.564941,0.456787,0.701172,43.736,-18.175573,-13.290076,-2.839695,-92,308,-63
23620,continuous_motion,-0.571533,0.453613,0.693848,43.777,-20.404581,-12.572519,-2.694656,-92,308,-63
23641,continuous_motion,-0.563232,0.442871,0.699463,43.768,-23.328245,-12.717557,-2.160305,-91,304,-51
23660,continuous_motion,-0.568604,0.441650,0.699951,43.762,-24.885496,-13.717557,-2.358779,-91,304,-51
23681,continuous_motion,-0.563232,0.432617,0.707031,43.771,-25.603054,-15.351145,-3.053435,-91,304,-51
23700,continuous_motion,-0.560547,0.418457,0.709961,43.759,-27.328245,-16.465649,-2.832061,-90,302,-37
23721,continuous_motion,-0.546387,0.406982,0.733643,43.756,-29.755726,-17.045801,-2.404580,-90,302,-37
23740,continuous_motion,-0.541260,0.393555,0.760254,43.762,-31.190840,-16.740458,-1.694656,-90,302,-37
23761,continuous_motion,-0.534668,0.376953,0.779785,43.762,-30.297710,-16.145039,-1.641221,-90,302,-37
23780,continuous_motion,-0.531494,0.368408,0.790039,43.783,-27.519083,-15.511451,-2.175573,-89,298,-22
23801,continuous_motion,-0.524414,0.359863,0.803711,43.786,-24.648855,-14.480916,-2.580153,-89,298,-22
23820,continuous_motion,-0.522705,0.360840,0.807373,43.786,-21.755726,-13.358779,-2.893130,-89,298,-22
23841,continuous_motion,-0.524170,0.357910,0.798096,43.754,-19.465649,-12.664123,-3.419847,-87,294,-9
23860,continuous_motion,-0.519287,0.353271,0.787598,43.759,-19.221375,-11.587787,-3.389313,-87,294,-9
23881,continuous_motion,-0.523438,0.346680,0.801758,43.771,-19.946566,-10.961832,-3.213740,-87,294,-9
23900,continuous_motion,-0.516846,0.334717,0.810547,43.795,-20.854961,-10.038168,-2.129771,-84,292,5
23921,continuous_motion,-0.519287,0.323975,0.810547,43.756,-20.465649,-9.435115,-1.496183,-84,292,5
23940,continuous_motion,-0.520508,0.297607,0.832275,43.780,-19.412214,-8.969465,-1.091603,-84,292,5
23961,continuous_motion,-0.493164,0.297119,0.874268,43.754,-14.656488,-7.770992,-0.549618,-84,292,5
23980,continuous_motion,-0.494385,0.290039,0.882080,43.751,-10.839695,-4.572519,0.221374,-81,290,12
24001,continuous_motion,-0.496826,0.290039,0.866699,43.745,-6.007634,-1.122137,0.839695,-81,290,12
24020,continuous_motion,-0.493896,0.306152,0.863037,43.754,-0.587786,0.305344,0.938931,-81,290,12
24040,continuous_motion,-0.493652,0.320068,0.849609,43.771,2.038168,2.801527,0.916031,-82,289,12
24060,continuous_motion,-0.496338,0.320068,0.843750,43.765,2.595420,5.175572,1.137405,-82,289,12
24080,continuous_motion,-0.508545,0.301514,0.833252,43.762,3.618321,7.106870,1.580153,-82,289,12
24100,continuous_motion,-0.509766,0.296387,0.848145,43.795,6.625954,8.549619,2.137405,-82,289,12
24120,continuous_motion,-0.506836,0.298096,0.852539,43.768,11.297709,9.496183,2.625954,-84,288,9
24140,continuous_motion,-0.503418,0.301758,0.868408,43.762,15.641221,11.641221,3.076336,-84,288,9
24160,continuous_motion,-0.505615,0.296631,0.875732,43.765,21.183207,14.564885,3.832061,-84,288,9
24180,continuous_motion,-0.498291,0.310059,0.873291,43.742,28.312977,17.129770,3.809160,-86,291,-1
24200,continuous_motion,-0.507324,0.321289,0.853027,43.751,35.053436,20.114504,3.534351,-86,291,-1
24220,continuous_motion,-0.518311,0.331055,0.838379,43.751,40.977100,23.137405,3.534351,-86,291,-1
24240,continuous_motion,-0.519043,0.341797,0.823730,43.765,45.450382,26.725191,4.412214,-90,296,-21
24260,continuous_motion,-0.527588,0.359863,0.801514,43.768,49.526718,29.496183,4.916030,-90,296,-21
24280,continuous_motion,-0.537354,0.379395,0.771240,43.771,54.694656,31.083969,4.809160,-90,296,-21
24300,continuous_motion,-0.546387,0.403809,0.751221,43.777,57.091602,33.015266,4.916030,-90,296,-21
24320,continuous_motion,-0.552979,0.430664,0.717529,43.774,57.534351,34.725189,4.824428,-94,304,-48
24340,continuous_motion,-0.559814,0.448486,0.684082,43.771,56.427483,35.366413,5.152672,-94,304,-48
24361,continuous_motion,-0.567871,0.480713,0.649658,43.765,51.694656,36.839695,6.175572,-94,304,-48
24380,continuous_motion,-0.573486,0.494629,0.631592,43.762,46.564884,37.641220,6.603054,-94,310,-80
24400,continuous_motion,-0.595947,0.502441,0.616211,43.756,43.465649,36.740459,6.167939,-94,310,-80
24420,continuous_motion,-0.600586,0.507324,0.602295,43.748,41.717556,35.091602,5.648855,-94,310,-80
24440,continuous_motion,-0.601563,0.520020,0.587891,43.759,41.022900,33.038166,4.603054,-93,315,-106
24460,continuous_motion,-0.614990,0.520264,0.581543,43.780,41.091602,30.916031,3.450382,-93,315,-106
24480,continuous_motion,-0.621582,0.526367,0.577881,43.759,41.778625,29.083969,2.839695,-93,315,-106
24500,continuous_motion,-0.623535,0.533447,0.560547,43.774,43.068703,27.374046,2.137405,-93,315,-106
24520,continuous_motion,-0.621826,0.542725,0.553711,43.742,44.190838,26.412214,1.923664,-88,320,-130
24540,continuous_motion,-0.624023,0.550049,0.544189,43.759,45.190838,25.885496,1.435114,-88,320,-130
24560,continuous_motion,-0.635010,0.569092,0.520996,43.768,46.007633,25.442749,0.923664,-88,320,-130
24580,continuous_motion,-0.635498,0.587646,0.495117,43.777,45.847328,24.969465,0.312977,-82,325,-152
24600,continuous_motion,-0.639893,0.603516,0.475586,43.783,44.236641,24.442749,-0.763359,-82,325,-152
24620,continuous_motion,-0.645264,0.614014,0.463135,43.774,39.435116,24.694656,-1.244275,-82,325,-152
24640,continuous_motion,-0.652344,0.607910,0.451660,43.777,34.702290,25.114504,-1.183206,-73,331,-172
24660,continuous_motion,-0.672607,0.595215,0.438965,43.756,32.091602,23.725191,-0.664122,-73,331,-172
24680,continuous_motion,-0.672363,0.594971,0.430664,43.756,30.931297,22.198473,0.274809,-73,331,-172
24700,continuous_motion,-0.667969,0.620605,0.412842,43.765,30.404581,19.732824,0.236641,-73,331,-172
24720,continuous_motion,-0.676514,0.631592,0.395264,43.759,29.091602,17.786259,-0.122137,-67,333,-188
24740,continuous_motion,-0.675537,0.638184,0.385498,43.777,25.877863,15.679389,-0.358779,-67,333,-188
24760,continuous_motion,-0.675049,0.635498,0.376465,43.765,21.473282,14.648855,-0.137405,-67,333,-188
24780,continuous_motion,-0.686523,0.630859,0.370605,43.768,18.480917,12.801527,0.404580,-61,336,-201
24800,continuous_motion,-0.690918,0.646973,0.354248,43.762,18.320610,9.328244,-0.160305,-61,336,-201
24820,continuous_motion,-0.677002,0.672119,0.327148,43.759,15.656488,6.312977,-1.343511,-61,336,-201
24840,continuous_motion,-0.685303,0.680664,0.326660,43.759,9.450381,4.091603,-2.083969,-55,338,-205
24860,continuous_motion,-0.682617,0.661865,0.330322,43.762,0.572519,2.740458,-1.412214,-55,338,-205
24880,continuous_motion,-0.700684,0.648682,0.317871,43.765,-4.679389,0.030534,-1.381679,-55,338,-205
24900,continuous_motion,-0.692139,0.654297,0.329590,43.756,-9.427481,-4.198473,-1.335878,-55,338,-205
24920,continuous_motion,-0.692871,0.663574,0.325684,43.777,-15.244275,-7.305344,-1.038168,-56,339,-204
24941,continuous_motion,-0.687744,0.655518,0.335938,43.739,-21.526718,-10.610687,-1.251908,-56,339,-204
24960,continuous_motion,-0.688232,0.658691,0.330811,43.762,-28.114504,-14.053435,-1.198473,-56,339,-204
24981,continuous_motion,-0.688477,0.666504,0.320801,43.777,-34.152672,-18.610687,-2.648855,-63,336,-196
25000,continuous_motion,-0.685059,0.634521,0.337891,43.739,-42.045803,-22.969465,-3.274809,-63,336,-196
25021,continuous_motion,-0.674072,0.633301,0.358887,43.789,-52.106869,-26.198473,-1.786260,-63,336,-196
25040,continuous_motion,-0.669678,0.623291,0.370361,43.748,-61.900764,-29.465649,-1.717557,-63,331,-172
25061,continuous_motion,-0.671631,0.573975,0.422119,43.777,-70.618324,-32.183205,-0.908397,-73,331,-172
25080,continuous_motion,-0.655273,0.537109,0.479492,43.748,-75.847328,-34.076336,1.022901,-73,331,-172
25101,continuous_motion,-0.633057,0.505127,0.548096,43.783,-74.793892,-35.908398,1.557252,-73,331,-172
25120,continuous_motion,-0.624023,0.484375,0.594971,43.774,-68.419846,-37.160305,0.832061,-87,321,-141
25141,continuous_motion,-0.604980,0.465820,0.661377,43.777,-58.458015,-37.862595,-0.549618,-87,321,-141
25160,continuous_motion,-0.586914,0.444092,0.709961,43.756,-47.015266,-35.435116,-1.297710,-87,321,-141
25181,continuous_motion,-0.573242,0.454102,0.740234,43.783,-33.801525,-31.824427,-2.801527,-94,313,-111
25200,continuous_motion,-0.566650,0.468262,0.749023,43.786,-22.778625,-26.702290,-4.419847,-94,313,-111
25221,continuous_motion,-0.571533,0.475098,0.727295,43.754,-15.740458,-21.251909,-5.167939,-94,313,-111
25240,continuous_motion,-0.582031,0.483398,0.696289,43.754,-13.015267,-16.381680,-5.061069,-94,313,-111
25261,continuous_motion,-0.585205,0.499023,0.650391,43.780,-14.419847,-13.213740,-4.221374,-94,313,-93
25280,continuous_motion,-0.594971,0.512695,0.635010,43.739,-20.656488,-11.160305,-2.717557,-94,313,-93
25301,continuous_motion,-0.597412,0.493896,0.621338,43.774,-31.656488,-8.404580,-0.045802,-94,313,-93
25320,continuous_motion,-0.604248,0.480469,0.626709,43.786,-40.030533,-7.778626,2.061069,-95,309,-82
25340,continuous_motion,-0.596436,0.472900,0.634033,43.789,-43.022900,-10.687023,2.236641,-95,309,-82
25360,continuous_motion,-0.592529,0.458008,0.650146,43.780,-44.709923,-13.167939,1.198473,-95,309,-82
25380,continuous_motion,-0.583496,0.429932,0.687256,43.756,-44.122139,-16.450382,-0.022901,-98,304,-65
25400,continuous_motion,-0.567871,0.420410,0.710693,43.795,-42.175571,-18.167938,-0.885496,-98,304,-65
25420,continuous_motion,-0.563965,0.405273,0.719238,43.783,-38.839695,-19.603054,-2.320611,-98,304,-65
25440,continuous_motion,-0.560791,0.401855,0.739258,43.745,-36.022900,-20.877863,-3.633588,-98,304,-65
25460,continuous_motion,-0.549805,0.389893,0.760986,43.762,-35.900764,-20.038168,-3.847328,-98,297,-44
25480,continuous_motion,-0.546631,0.365234,0.775879,43.783,-34.648853,-18.496183,-3.786260,-98,297,-44
25500,continuous_motion,-0.533447,0.345459,0.823975,43.783,-31.862595,-17.053434,-3.206107,-98,297,-44
25520,continuous_motion,-0.528809,0.326416,0.841309,43.756,-29.381680,-12.274809,-1.419847,-95,294,-27
25540,continuous_motion,-0.538330,0.320068,0.845703,43.754,-22.290077,-9.106871,-1.076336,-95,294,-27
25560,continuous_motion,-0.515625,0.314941,0.860352,43.745,-14.183207,-6.106870,-1.068702,-95,294,-27
25580,continuous_motion,-0.525635,0.312256,0.867676,43.768,-7.068702,-2.282443,-0.839695,-95,291,-16
25600,continuous_motion,-0.524902,0.304932,0.871582,43.777,0.038168,1.938931,-0.152672,-95,291,-16
25620,continuous_motion,-0.520996,0.314209,0.867432,43.754,6.908397,6.389313,0.351145,-95,291,-16
25640,continuous_motion,-0.533447,0.298096,0.859863,43.771,14.427481,11.061069,0.832061,-95,291,-16
25660,continuous_motion,-0.538086,0.314941,0.846680,43.765,25.091602,12.786260,0.862595,-95,291,-21
25680,continuous_motion,-0.529541,0.334229,0.832031,43.759,34.267174,14.900764,0.442748,-95,291,-21
25700,continuous_motion,-0.524414,0.333008,0.868408,43.748,38.961834,20.633587,0.763359,-95,291,-21
25720,continuous_motion,-0.562744,0.306152,0.836914,43.768,49.045803,25.282442,0.923664,-97,297,-40
25740,continuous_motion,-0.549561,0.343994,0.820068,43.792,64.198471,25.244274,0.488550,-97,297,-40
25760,continuous_motion,-0.537109,0.391357,0.766113,43.798,73.221375,28.725191,-0.320611,-97,297,-40
25780,continuous_motion,-0.557861,0.425781,0.725342,43.780,77.541985,31.587786,-1.267176,-95,306,-69
25800,continuous_motion,-0.560791,0.469727,0.664307,43.762,74.854965,35.274811,-1.229008,-95,306,-69
25820,continuous_motion,-0.582275,0.500244,0.598389,43.774,63.587788,41.633587,0.022901,-95,306,-69
25840,continuous_motion,-0.614990,0.510986,0.566406,43.765,54.412212,42.335876,1.038168,-95,306,-69
25860,continuous_motion,-0.629395,0.511230,0.551025,43.789,48.129772,40.351147,1.908397,-90,315,-104
25880,continuous_motion,-0.633789,0.512207,0.546631,43.774,42.465649,38.160305,3.625954,-90,315,-104
25900,continuous_motion,-0.645264,0.536865,0.519775,43.780,39.351147,34.572517,3.931298,-90,315,-104
25920,continuous_motion,-0.634521,0.558350,0.531738,43.759,36.076336,31.083969,3.290076,-88,321,-132
25940,continuous_motion,-0.630127,0.562256,0.528320,43.745,30.267176,30.335878,3.145038,-88,321,-132
25960,continuous_motion,-0.643555,0.566406,0.510010,43.759,25.862595,29.687023,2.549618,-88,321,-132
25980,continuous_motion,-0.651855,0.556885,0.506592,43.759,24.580153,27.045801,1.381679,-84,323,-152
26000,continuous_motion,-0.652100,0.564697,0.529053,43.768,24.007633,25.496183,0.381679,-84,323,-152
26020,continuous_motion,-0.643311,0.555176,0.536377,43.771,23.557251,25.725191,-0.305344,-84,323,-152
26040,continuous_motion,-0.656494,0.554199,0.519775,43.774,23.061069,27.412214,-0.076336,-84,323,-152
26060,continuous_motion,-0.665039,0.546631,0.499023,43.806,23.175573,28.725191,0.374046,-79,325,-169
26080,continuous_motion,-0.691895,0.526611,0.458252,43.768,28.236641,26.198473,0.145038,-79,325,-169
26101,continuous_motion,-0.672852,0.540039,0.508301,43.759,34.687023,22.938931,0.412214,-79,325,-169
26120,continuous_motion,-0.693115,0.540771,0.475342,43.774,38.427483,23.152672,1.000000,-77,329,-190
26141,continuous_motion,-0.681396,0.560059,0.463135,43.780,42.053436,22.595419,2.343511,-77,329,-190
26160,continuous_motion,-0.671387,0.592041,0.437256,43.765,42.580154,23.603054,3.251908,-77,329,-190
26180,continuous_motion,-0.671875,0.621582,0.428467,43.783,41.671757,24.839695,2.641221,-77,329,-190
26200,continuous_motion,-0.672607,0.628418,0.393311,43.777,38.839695,26.748091,1.931298,-66,333,-208
26220,continuous_motion,-0.678467,0.631836,0.377197,43.795,35.656490,27.435114,0.885496,-66,333,-208
26240,continuous_motion,-0.697021,0.622070,0.334229,43.774,32.572517,27.274809,0.511450,-66,333,-208
26260,continuous_motion,-0.716797,0.622803,0.301025,43.742,30.198473,25.053434,0.885496,-56,337,-226
26280,continuous_motion,-0.694336,0.654541,0.310547,43.780,26.549618,22.083969,1.068702,-56,337,-226
26300,continuous_motion,-0.702881,0.670166,0.294678,43.754,21.045801,21.335878,0.847328,-56,337,-226
26320,continuous_motion,-0.722412,0.641357,0.273193,43.774,16.557251,19.587786,-0.038168,-50,340,-241
26340,continuous_motion,-0.735596,0.629883,0.272217,43.754,14.984733,15.954199,0.015267,-50,340,-241
26361,continuous_motion,-0.732910,0.619873,0.257813,43.751,14.832061,11.229008,0.610687,-50,340,-241
26380,continuous_motion,-0.718506,0.645508,0.267578,43.768,14.152672,7.732824,1.290076,-50,340,-241
26400,continuous_motion,-0.727783,0.642090,0.257324,43.721,13.335877,4.465649,1.152672,-44,341,-248
26420,continuous_motion,-0.717773,0.672363,0.226807,43.762,12.351145,-0.519084,0.114504,-44,341,-248
26440,continuous_motion,-0.710938,0.708740,0.212402,43.768,8.068703,-5.152672,-1.847328,-44,341,-248
26460,continuous_motion,-0.722656,0.693604,0.206543,43.777,-2.099237,-8.274809,-3.236641,-40,343,-248
26480,continuous_motion,-0.735596,0.657227,0.217529,43.759,-13.030535,-10.458015,-1.923664,-40,343,-248
26500,continuous_motion,-0.725098,0.668457,0.240723,43.798,-22.526718,-14.099236,0.076336,-40,343,-248
26520,continuous_motion,-0.721436,0.654541,0.260254,43.774,-28.618320,-17.473282,0.251908,-46,342,-242
26540,continuous_motion,-0.712158,0.643555,0.300781,43.751,-32.671757,-20.839695,0.152672,-46,342,-242
26560,continuous_motion,-0.708008,0.618896,0.333496,43.783,-35.465649,-21.870230,0.916031,-46,342,-242
26580,continuous_motion,-0.694824,0.623291,0.352051,43.771,-34.442749,-24.106871,0.648855,-46,342,-242
26600,continuous_motion,-0.682617,0.622314,0.378662,43.771,-34.145039,-24.824427,-0.389313,-58,337,-224
26620,continuous_motion,-0.670410,0.619141,0.404053,43.783,-34.664124,-24.312977,-1.343511,-58,337,-224
26640,continuous_motion,-0.680176,0.607422,0.419678,43.739,-35.526718,-22.870230,-1.786260,-58,337,-224
26660,continuous_motion,-0.688965,0.585205,0.424805,43.751,-34.725189,-23.145039,-1.984733,-66,334,-203
26680,continuous_motion,-0.689453,0.566162,0.433105,43.751,-31.908398,-24.465649,-2.061069,-66,334,-203
26700,continuous_motion,-0.683594,0.561279,0.455811,43.756,-27.572519,-26.770992,-1.564886,-66,334,-203
26720,continuous_motion,-0.678955,0.576904,0.455566,43.739,-26.824427,-26.488550,-0.534351,-72,331,-186
26740,continuous_motion,-0.675049,0.576904,0.497070,43.780,-25.923664,-27.450382,0.122137,-72,331,-186
26760,continuous_motion,-0.663818,0.580078,0.494141,43.771,-25.656488,-27.038168,0.526718,-72,331,-186
26780,continuous_motion,-0.646240,0.579590,0.506836,43.768,-26.061069,-26.396946,-0.221374,-72,331,-186
26800,continuous_motion,-0.649902,0.561035,0.492920,43.762,-25.748091,-26.236641,-0.824428,-78,328,-167
26820,continuous_motion,-0.657471,0.555664,0.496094,43.762,-22.847328,-28.900763,-1.702290,-78,328,-167
26840,continuous_motion,-0.635254,0.573730,0.518311,43.798,-21.969465,-32.160305,-2.213740,-78,328,-167
26860,continuous_motion,-0.618164,0.589111,0.542236,43.795,-28.633587,-30.129770,-1.343511,-81,326,-145
26880,continuous_motion,-0.622070,0.556396,0.549072,43.783,-37.389313,-25.465649,-0.541985,-81,326,-145
26900,continuous_motion,-0.635742,0.529541,0.553223,43.759,-39.244274,-25.244274,-0.580153,-81,326,-145
26920,continuous_motion,-0.630615,0.506592,0.582520,43.771,-36.992367,-27.603054,-1.007634,-86,320,-125
26940,continuous_motion,-0.620605,0.510986,0.601563,43.783,-35.687023,-27.946566,-0.381679,-86,320,-125
26960,continuous_motion,-0.602295,0.520508,0.610107,43.783,-34.465649,-29.106871,-0.618321,-86,320,-125
26980,continuous_motion,-0.593018,0.523926,0.617676,43.756,-36.145039,-28.106871,-0.908397,-86,320,-125
27001,continuous_motion,-0.591064,0.517334,0.610352,43.780,-38.206108,-27.954199,-1.740458,-90,316,-99
27020,continuous_motion,-0.600830,0.497803,0.604736,43.754,-40.725189,-29.374046,-2.267176,-90,316,-99
27040,continuous_motion,-0.587158,0.477539,0.648193,43.759,-44.893131,-29.427481,-1.068702,-90,316,-99
27060,continuous_motion,-0.573975,0.466064,0.678711,43.765,-49.847328,-27.534351,0.450382,-93,310,-77
27080,continuous_motion,-0.563721,0.439453,0.700195,43.774,-50.992367,-26.396946,0.763359,-93,310,-77
27100,continuous_motion,-0.555908,0.434326,0.716064,43.780,-48.778625,-26.564886,0.244275,-93,310,-77
27120,continuous_motion,-0.550049,0.421875,0.744873,43.759,-46.106869,-26.656488,-0.755725,-93,310,-77
27140,continuous_motion,-0.536133,0.393066,0.778809,43.762,-45.450382,-23.709923,-0.236641,-94,302,-50
27160,continuous_motion,-0.533691,0.382080,0.805908,43.789,-42.541985,-19.877863,0.251908,-94,302,-50
27180,continuous_motion,-0.521484,0.358643,0.828613,43.768,-35.244274,-17.465649,-0.580153,-94,302,-50
27200,continuous_motion,-0.537598,0.338379,0.820068,43.806,-26.458015,-15.687023,-1.122137,-93,297,-29
27220,continuous_motion,-0.535889,0.342285,0.817871,43.795,-16.763359,-15.320611,-1.442748,-93,297,-29
27240,continuous_motion,-0.521484,0.350830,0.818359,43.798,-9.755725,-14.725191,-1.267176,-93,297,-29
27260,continuous_motion,-0.520020,0.366211,0.813232,43.774,-5.305344,-13.114504,-0.992366,-93,295,-18
27280,continuous_motion,-0.522217,0.363037,0.806885,43.780,-2.251908,-11.793893,-0.648855,-93,295,-18
27300,continuous_motion,-0.526123,0.351807,0.807617,43.789,1.122137,-10.725191,0.022901,-93,295,-18
27320,continuous_motion,-0.522949,0.364502,0.791260,43.783,5.702290,-11.022901,0.076336,-93,295,-18
27341,continuous_motion,-0.513672,0.390381,0.781982,43.801,8.427481,-11.740458,-0.091603,-93,293,-11
27360,continuous_motion,-0.507080,0.408936,0.781494,43.765,7.137404,-11.244275,0.114504,-93,293,-11
27380,continuous_motion,-0.502686,0.403320,0.759766,43.777,3.083969,-9.854961,0.274809,-93,293,-11
27400,continuous_motion,-0.512451,0.404541,0.764160,43.771,1.595420,-11.045801,-0.480916,-91,293,-5
27420,continuous_motion,-0.520752,0.400391,0.749268,43.783,0.770992,-13.076336,-1.236641,-91,293,-5
27440,continuous_motion,-0.508301,0.403809,0.761963,43.777,-1.419847,-15.977099,-0.740458,-91,293,-5
27460,continuous_motion,-0.483887,0.413330,0.788330,43.789,-7.534351,-15.389313,0.274809,-90,291,4
27480,continuous_motion,-0.478760,0.390869,0.810547,43.774,-13.984733,-12.458015,1.473282,-90,291,4
27500,continuous_motion,-0.462402,0.393311,0.846436,43.771,-16.381680,-9.351145,1.259542,-90,291,4
27520,continuous_motion,-0.467529,0.375488,0.848633,43.756,-15.770992,-6.122138,0.458015,-90,291,4
27540,continuous_motion,-0.476807,0.349854,0.859619,43.762,-12.778625,-3.908397,-0.259542,-88,289,12
27560,continuous_motion,-0.479004,0.331055,0.855469,43.768,-6.793893,-3.061069,-0.564886,-88,289,12
27580,continuous_motion,-0.481445,0.341553,0.848389,43.768,-0.755725,-2.671756,-0.519084,-88,289,12
27600,continuous_motion,-0.474121,0.362549,0.838623,43.765,2.450382,-1.427481,0.045802,-88,290,16
27620,continuous_motion,-0.481689,0.368408,0.816895,43.762,2.984733,-0.244275,0.068702,-88,290,16
27640,continuous_motion,-0.485596,0.373779,0.815186,43.751,3.251908,-0.442748,-0.053435,-88,290,16
27660,continuous_motion,-0.483887,0.373779,0.801270,43.798,2.824427,-0.725191,0.152672,-88,289,16
27680,continuous_motion,-0.475098,0.383301,0.815918,43.789,1.572519,-0.610687,0.282443,-88,289,16
27700,continuous_motion,-0.475342,0.384277,0.810791,43.780,-0.076336,-0.473282,0.122137,-88,289,16
27720,continuous_motion,-0.475830,0.379395,0.823975,43.777,-2.114504,0.236641,0.175573,-88,289,16
27740,continuous_motion,-0.475098,0.365967,0.827393,43.786,-2.267176,1.030534,0.251908,-88,288,17
27760,continuous_motion,-0.479492,0.351807,0.843262,43.792,-0.740458,1.610687,0.145038,-88,288,17
27780,continuous_motion,-0.464844,0.357666,0.860107,43.768,1.541985,3.183206,0.648855,-88,288,17
27800,continuous_motion,-0.468262,0.347900,0.857666,43.774,5.122138,5.328244,0.427481,-88,288,16
27820,continuous_motion,-0.476563,0.350830,0.841797,43.801,9.603053,6.328244,0.198473,-88,288,16
27840,continuous_motion,-0.476807,0.365234,0.844238,43.798,13.137404,7.412214,0.030534,-88,288,16
27860,continuous_motion,-0.471680,0.374756,0.840332,43.804,13.702291,9.748092,0.442748,-89,291,11
27880,continuous_motion,-0.480225,0.381592,0.822510,43.774,14.488549,11.702291,0.519084,-89,291,11
27900,continuous_motion,-0.485107,0.387451,0.809814,43.774,16.129770,12.099236,-0.007634,-89,291,11
27920,continuous_motion,-0.483398,0.389404,0.807373,43.812,16.847328,12.740458,-0.297710,-89,291,11
27940,continuous_motion,-0.488770,0.394287,0.808105,43.786,16.793894,14.374045,-0.206107,-92,292,0
27961,continuous_motion,-0.490967,0.381836,0.818848,43.777,19.465649,15.328244,-0.732824,-92,292,0
27980,continuous_motion,-0.519287,0.372314,0.783203,43.774,26.106871,14.748092,-1.793893,-92,292,0
28001,continuous_motion,-0.502197,0.410156,0.788574,43.806,32.580154,11.740458,-2.595420,-93,296,-14
28020,continuous_motion,-0.492920,0.436279,0.781494,43.774,29.511450,15.061069,-1.641221,-93,296,-14
28041,continuous_motion,-0.497559,0.446777,0.778809,43.801,25.854961,18.351145,-0.923664,-93,296,-14
28060,continuous_motion,-0.501221,0.442139,0.765381,43.795,23.503817,21.045801,-1.213740,-92,301,-28
28081,continuous_motion,-0.516113,0.447754,0.747070,43.798,23.770992,22.480917,-1.908397,-92,301,-28
28100,continuous_motion,-0.521729,0.453369,0.737061,43.812,24.740458,22.480917,-2.908397,-92,301,-28
28121,continuous_motion,-0.523926,0.476563,0.723389,43.809,23.717558,23.389313,-3.625954,-92,301,-28
28140,continuous_motion,-0.525879,0.477539,0.730469,43.786,19.335878,26.229008,-3.832061,-91,305,-44
28161,continuous_motion,-0.555908,0.450928,0.713867,43.806,16.236641,28.832062,-3.343511,-91,305,-44
28180,continuous_motion,-0.584961,0.427734,0.691895,43.792,19.007633,27.267176,-3.030534,-91,305,-44
28201,continuous_motion,-0.593262,0.431152,0.681396,43.812,25.366413,22.809160,-2.297710,-91,309,-63
28220,continuous_motion,-0.584229,0.441650,0.676758,43.809,30.106871,19.374046,-1.183206,-91,309,-63
28241,continuous_motion,-0.565674,0.484131,0.679932,43.777,31.618320,18.366413,-0.358779,-91,309,-63
28260,continuous_motion,-0.558105,0.503662,0.677490,43.815,29.389313,20.335878,-0.267176,-91,309,-63
28281,continuous_motion,-0.583008,0.495605,0.644775,43.789,27.755726,22.274809,-0.954198,-88,313,-79
28300,continuous_motion,-0.597168,0.490479,0.632080,43.804,29.671755,20.358778,-1.648855,-88,313,-79
28321,continuous_motion,-0.598633,0.498535,0.619873,43.795,30.664122,18.641222,-1.129771,-88,313,-79
28340,continuous_motion,-0.597900,0.515137,0.616455,43.806,30.419847,17.465649,-0.648855,-85,318,-95
28361,continuous_motion,-0.602295,0.530029,0.606201,43.768,29.122137,17.083969,-0.595420,-85,318,-95
28380,continuous_motion,-0.591797,0.548340,0.607178,43.792,27.236641,17.061069,-1.022901,-85,318,-95
28401,continuous_motion,-0.605957,0.541748,0.597168,43.795,25.000000,17.465649,-1.564886,-82,323,-109
28420,continuous_motion,-0.615723,0.542236,0.584229,43.783,22.587786,17.847328,-1.297710,-82,323,-109
28440,continuous_motion,-0.618896,0.535156,0.578613,43.786,22.198473,17.038168,-1.244275,-82,323,-109
28460,continuous_motion,-0.615234,0.545166,0.566895,43.786,22.534351,15.854961,-1.312977,-82,323,-109
28480,continuous_motion,-0.623047,0.543701,0.556885,43.783,22.519083,14.282443,-1.061069,-79,325,-122
28500,continuous_motion,-0.614502,0.556885,0.570313,43.806,21.236641,14.435115,-0.496183,-79,325,-122
28520,continuous_motion,-0.635254,0.540283,0.550781,43.780,20.862595,14.671756,0.137405,-79,325,-122
28540,continuous_motion,-0.640869,0.540527,0.557617,43.786,23.923664,12.938931,0.145038,-77,329,-132
28560,continuous_motion,-0.626465,0.555420,0.551025,43.792,26.755726,11.923664,0.335878,-77,329,-132
28580,continuous_motion,-0.627441,0.565674,0.539795,43.780,28.603054,11.610687,0.389313,-77,329,-132
28600,continuous_motion,-0.632324,0.576172,0.521729,43.798,29.977098,11.351145,0.160305,-70,332,-143
28620,continuous_motion,-0.632324,0.584473,0.517822,43.789,29.511450,11.625955,0.335878,-70,332,-143
28640,continuous_motion,-0.637939,0.588379,0.505371,43.798,28.473282,12.099236,0.748092,-70,332,-143
28660,continuous_motion,-0.648193,0.579590,0.505615,43.765,28.297710,11.984733,0.916031,-70,332,-143
28680,continuous_motion,-0.652588,0.577637,0.502686,43.801,29.977098,11.106871,1.091603,-65,335,-153
28700,continuous_motion,-0.640381,0.585938,0.483154,43.801,32.625954,10.320611,1.267176,-65,335,-153
28721,continuous_motion,-0.643066,0.610596,0.472656,43.774,34.404579,9.610687,0.992366,-65,335,-153
28740,continuous_motion,-0.643311,0.618652,0.446777,43.780,33.984734,9.312977,0.854962,-58,340,-162
28760,continuous_motion,-0.646484,0.620605,0.444092,43.789,32.320610,9.000000,1.129771,-58,340,-162
28780,continuous_motion,-0.655029,0.606445,0.438965,43.780,32.335876,7.748092,1.870229,-58,340,-162
28800,continuous_motion,-0.651611,0.629639,0.421875,43.795,33.717556,6.290076,1.824428,-53,342,-171
28820,continuous_motion,-0.645996,0.654053,0.402832,43.789,33.893131,4.671756,1.389313,-53,342,-171
28840,continuous_motion,-0.687012,0.642822,0.340088,43.789,32.725189,2.236641,0.580153,-53,342,-171
28860,continuous_motion,-0.650879,0.668457,0.366455,43.771,32.335876,-3.816794,0.061069,-53,342,-171
28880,continuous_motion,-0.646484,0.689697,0.385742,43.792,26.816793,-4.633588,0.603053,-44,346,-173
28900,continuous_motion,-0.656250,0.695557,0.337891,43.780,19.351145,-4.954198,0.839695,-44,346,-173
28920,continuous_motion,-0.670654,0.685303,0.316650,43.786,11.984733,-7.648855,1.312977,-44,346,-173
28940,continuous_motion,-0.667236,0.680908,0.328857,43.792,6.091603,-11.908397,2.000000,-42,348,-173
28960,continuous_motion,-0.673828,0.685303,0.311768,43.751,1.190840,-17.511450,2.503817,-42,348,-173
28980,continuous_motion,-0.622803,0.712646,0.390381,43.771,-8.351145,-19.015266,4.221374,-42,348,-173
29000,continuous_motion,-0.606445,0.705078,0.409668,43.795,-20.816793,-14.824428,5.083970,-43,346,-162
29020,continuous_motion,-0.630859,0.681152,0.391357,43.789,-27.419847,-13.458015,4.427481,-43,346,-162
29040,continuous_motion,-0.627930,0.684082,0.385254,43.792,-29.175573,-16.694656,3.122137,-43,346,-162
29060,continuous_motion,-0.601074,0.680176,0.446045,43.792,-34.435116,-17.404581,2.541985,-43,346,-162
29080,continuous_motion,-0.612793,0.653320,0.452637,43.780,-41.076336,-14.870229,2.824427,-51,344,-148
29100,continuous_motion,-0.625000,0.631592,0.458496,43.771,-43.229008,-15.603053,2.931298,-51,344,-148
29120,continuous_motion,-0.615479,0.619629,0.476074,43.780,-43.167938,-17.511450,2.839695,-51,344,-148
29140,continuous_motion,-0.637207,0.623779,0.463623,43.786,-43.480915,-19.244274,3.053435,-61,338,-135
29160,continuous_motion,-0.585205,0.600098,0.538330,43.777,-46.213741,-18.358778,3.641221,-61,338,-135
29180,continuous_motion,-0.593994,0.603760,0.533936,43.804,-47.290077,-16.671755,4.343512,-61,338,-135
29200,continuous_motion,-0.595703,0.584473,0.527344,43.768,-43.312977,-19.076336,3.145038,-61,338,-135
29220,continuous_motion,-0.583496,0.593018,0.553711,43.795,-40.519085,-21.381680,2.290076,-71,330,-117
29240,continuous_motion,-0.566895,0.586914,0.602539,43.789,-42.290077,-20.129770,2.480916,-71,330,-117
29260,continuous_motion,-0.573242,0.559814,0.613281,43.804,-45.167938,-15.938931,3.358779,-71,330,-117
29280,continuous_motion,-0.575195,0.531738,0.624268,43.777,-40.908398,-16.458015,2.847328,-78,326,-99
29300,continuous_motion,-0.566895,0.542969,0.628174,43.801,-34.801525,-18.343512,1.595420,-78,326,-99
29320,continuous_motion,-0.560547,0.560547,0.619873,43.804,-33.511452,-18.282442,1.236641,-78,326,-99
29340,continuous_motion,-0.552490,0.545654,0.638428,43.762,-35.404579,-17.641222,1.381679,-84,320,-83
29360,continuous_motion,-0.549316,0.537109,0.659912,43.789,-39.709923,-14.824428,2.839695,-84,320,-83
29380,continuous_motion,-0.555420,0.514160,0.665527,43.771,-40.969467,-12.984733,3.374046,-84,320,-83
29400,continuous_motion,-0.546875,0.501709,0.682617,43.798,-38.694656,-13.167939,3.442748,-84,320,-83
29420,continuous_motion,-0.543457,0.491699,0.695801,43.789,-35.984734,-12.969465,3.656489,-88,315,-67
29440,continuous_motion,-0.537598,0.492188,0.710449,43.783,-33.244274,-12.396947,3.198473,-88,315,-67
29461,continuous_motion,-0.537109,0.486816,0.722412,43.789,-29.145039,-11.709924,2.389313,-88,315,-67
29480,continuous_motion,-0.527344,0.493408,0.720459,43.795,-26.274809,-11.839695,1.580153,-91,309,-52
29501,continuous_motion,-0.531738,0.483154,0.716064,43.812,-25.000000,-11.618320,0.687023,-91,309,-52
29520,continuous_motion,-0.520752,0.474121,0.736328,43.801,-25.511450,-9.541985,1.091603,-91,309,-52
29540,continuous_motion,-0.520020,0.448730,0.752686,43.759,-22.145039,-9.145039,0.717557,-93,305,-41
29560,continuous_motion,-0.516846,0.446533,0.765625,43.777,-17.534351,-8.687023,0.167939,-93,305,-41
29581,continuous_motion,-0.523926,0.447998,0.756348,43.804,-12.007633,-8.404580,-0.656489,-93,305,-41
29600,continuous_motion,-0.515381,0.458496,0.750244,43.777,-7.511450,-8.748092,-0.984733,-93,305,-41
29620,continuous_motion,-0.523682,0.456055,0.731689,43.798,-5.053435,-8.931297,-1.435114,-91,303,-33
29640,continuous_motion,-0.512939,0.460205,0.733887,43.801,-4.038168,-9.618320,-1.549618,-91,303,-33
29660,continuous_motion,-0.523193,0.464355,0.720947,43.765,-5.229008,-9.839695,-0.977099,-91,303,-33
29680,continuous_motion,-0.514404,0.474121,0.717529,43.801,-7.870229,-10.412213,-0.374046,-91,302,-27
29700,continuous_motion,-0.520264,0.473389,0.700684,43.795,-11.236641,-11.534351,-0.358779,-91,302,-27
29720,continuous_motion,-0.518066,0.463623,0.704346,43.780,-13.122137,-14.374045,-0.725191,-91,302,-27
29741,continuous_motion,-0.504150,0.460205,0.736084,43.765,-16.854961,-17.358778,-0.458015,-91,299,-16
29760,continuous_motion,-0.507080,0.461182,0.765137,43.786,-21.312977,-16.038168,0.404580,-91,299,-16
29781,continuous_motion,-0.490479,0.438965,0.773926,43.792,-24.755726,-14.206107,1.770992,-91,299,-16
29800,continuous_motion,-0.488281,0.422363,0.769775,43.806,-24.122137,-14.946565,1.221374,-91,299,-16
29821,continuous_motion,-0.469482,0.421387,0.805908,43.789,-22.885496,-14.511451,1.045802,-90,296,-2
29840,continuous_motion,-0.466309,0.400879,0.825195,43.777,-20.633587,-13.229008,-0.022901,-90,296,-2
29860,continuous_motion,-0.478027,0.385010,0.832275,43.801,-14.908397,-13.076336,-0.770992,-90,296,-2
29880,continuous_motion,-0.466064,0.394043,0.823975,43.795,-10.076336,-13.106871,-1.099237,-88,292,10
29900,continuous_motion,-0.462646,0.403564,0.828613,43.798,-7.290076,-11.755725,-1.412214,-88,292,10
29920,continuous_motion,-0.458252,0.394531,0.824951,43.792,-5.763359,-10.374045,-1.335878,-88,292,10
29940,continuous_motion,-0.457520,0.398438,0.832764,43.821,-4.114504,-9.404580,-1.290076,-87,291,17
29960,continuous_motion,-0.451172,0.405762,0.830811,43.795,-4.419847,-7.603054,-0.770992,-87,291,17
29980,continuous_motion,-0.453369,0.400391,0.827881,43.798,-5.312977,-5.755725,-0.473282,-87,291,17
30000,continuous_motion,-0.451660,0.396973,0.836182,43.783,-6.541985,-3.793893,0.335878,-87,291,17
30020,continuous_motion,-0.451172,0.396729,0.827148,43.786,-8.351145,-1.374046,1.045802,-86,289,23
30040,continuous_motion,-0.460449,0.390625,0.811523,43.777,-8.213740,-1.381679,1.366412,-86,289,23
30060,continuous_motion,-0.452881,0.394531,0.814697,43.804,-8.076336,-1.687023,1.725191,-86,289,23
30080,continuous_motion,-0.452637,0.396729,0.811279,43.783,-8.702291,-2.694656,1.603053,-87,288,26
30101,continuous_motion,-0.452393,0.395264,0.810059,43.780,-9.198473,-3.412214,1.129771,-87,288,26
30120,continuous_motion,-0.447998,0.392822,0.823975,43.774,-8.786260,-3.900763,0.343511,-87,288,26
30141,continuous_motion,-0.451904,0.382568,0.825684,43.783,-7.587786,-4.839694,-0.358779,-85,287,31
30160,continuous_motion,-0.446045,0.384766,0.827148,43.795,-5.977099,-6.152672,-1.145038,-85,287,31
30181,continuous_motion,-0.442139,0.391113,0.832275,43.762,-5.580153,-6.725191,-1.580153,-85,287,31
30200,continuous_motion,-0.439697,0.381836,0.824463,43.795,-6.549618,-6.816794,-1.809160,-85,287,31
30221,continuous_motion,-0.434570,0.381836,0.835693,43.780,-8.320611,-6.229008,-1.580153,-83,287,36
30240,continuous_motion,-0.443848,0.365723,0.847656,43.786,-9.450381,-5.404580,-1.198473,-83,287,36
30261,continuous_motion,-0.433350,0.354492,0.851318,43.815,-8.374045,-5.076336,-0.618321,-83,287,36
30280,continuous_motion,-0.424316,0.357422,0.866699,43.809,-6.564886,-4.603054,-0.564886,-82,285,42
30301,continuous_motion,-0.425781,0.365234,0.868164,43.815,-5.267176,-3.145038,-0.473282,-82,285,42
30320,continuous_motion,-0.427002,0.353271,0.873779,43.762,-4.244275,-1.404580,-0.587786,-82,285,42
30341,continuous_motion,-0.428711,0.347900,0.875732,43.792,-1.816794,-0.053435,-0.580153,-82,285,42
30360,continuous_motion,-0.424072,0.351807,0.874268,43.815,0.618321,1.290076,-0.442748,-81,283,44
30380,continuous_motion,-0.424561,0.356445,0.875488,43.812,2.099237,2.908397,-0.282443,-81,283,44
30400,continuous_motion,-0.427490,0.361084,0.871826,43.824,3.068702,4.641222,0.129771,-81,283,44
30420,continuous_motion,-0.426514,0.354492,0.876953,43.783,3.740458,6.832061,0.206107,-80,283,42
30440,continuous_motion,-0.421143,0.372559,0.875488,43.783,4.587786,9.335877,0.083969,-80,283,42
30460,continuous_motion,-0.426758,0.373535,0.879150,43.780,4.717557,12.320611,-0.541985,-80,283,42
30480,continuous_motion,-0.443848,0.361328,0.857910,43.786,5.404580,14.534351,-0.908397,-82,285,37
30500,continuous_motion,-0.455566,0.354492,0.840576,43.798,8.076336,14.503817,-1.083969,-82,285,37
30521,continuous_motion,-0.456055,0.361084,0.824707,43.821,10.396947,13.717557,-0.793893,-82,285,37
30540,continuous_motion,-0.467285,0.380371,0.810547,43.786,9.717557,13.984733,0.160305,-82,285,37
30560,continuous_motion,-0.448730,0.388428,0.813965,43.786,7.587786,14.206107,1.000000,-84,287,27
30580,continuous_motion,-0.467529,0.379395,0.811279,43.771,5.786260,14.427481,0.938931,-84,287,27
30600,continuous_motion,-0.471924,0.383789,0.799561,43.789,7.030534,12.809160,0.587786,-84,287,27
30620,continuous_motion,-0.478760,0.386230,0.800781,43.824,9.076336,10.725191,-0.282443,-85,290,18
30640,continuous_motion,-0.471436,0.392090,0.811279,43.801,9.809160,9.694656,-0.946565,-85,290,18
30660,continuous_motion,-0.455078,0.403809,0.815918,43.792,8.015267,10.557252,-1.068702,-85,290,18
30680,continuous_motion,-0.469238,0.390869,0.817627,43.806,6.351145,12.412213,-1.450382,-86,293,12
30700,continuous_motion,-0.487549,0.371826,0.812744,43.765,8.068703,12.335877,-1.778626,-86,293,12
30720,continuous_motion,-0.487793,0.378418,0.808105,43.830,11.702291,11.549619,-1.916031,-86,293,12
30740,continuous_motion,-0.483154,0.384277,0.823486,43.789,14.793893,11.473283,-1.862595,-86,293,12
30760,continuous_motion,-0.475586,0.399658,0.829102,43.786,15.839695,13.442748,-1.671756,-87,294,4
30780,continuous_motion,-0.473145,0.408691,0.824463,43.798,16.748091,16.351145,-2.083969,-87,294,4
30800,continuous_motion,-0.490234,0.399902,0.806396,43.792,18.503817,18.274809,-2.679389,-87,294,4
30820,continuous_motion,-0.499023,0.399414,0.789063,43.804,21.633587,18.709923,-2.931298,-88,298,-10
30840,continuous_motion,-0.501465,0.415527,0.786865,43.774,23.366413,19.374046,-2.801527,-88,298,-10
30860,continuous_motion,-0.506592,0.425537,0.776611,43.815,23.038168,21.267176,-2.893130,-88,298,-10
30880,continuous_motion,-0.518555,0.419922,0.761719,43.801,22.870230,23.114504,-2.488550,-87,302,-24
30900,continuous_motion,-0.528564,0.430908,0.751709,43.827,24.671755,23.183207,-2.618321,-87,302,-24
30920,continuous_motion,-0.529297,0.448730,0.743896,43.780,26.122137,22.740458,-2.709924,-87,302,-24
30940,continuous_motion,-0.536621,0.448730,0.720703,43.748,25.236641,23.030535,-2.450382,-87,302,-24
30960,continuous_motion,-0.546143,0.455566,0.704102,43.812,23.725191,23.022902,-2.335878,-86,306,-40
30980,continuous_motion,-0.556641,0.466797,0.687988,43.795,22.381680,22.603054,-2.137405,-86,306,-40
31000,continuous_motion,-0.574219,0.469238,0.664307,43.795,21.488550,20.412214,-1.931298,-86,306,-40
31020,continuous_motion,-0.580078,0.483398,0.644287,43.774,19.664122,17.503817,-1.778626,-86,312,-58
31040,continuous_motion,-0.576416,0.488525,0.649170,43.795,15.923664,14.908397,-0.931298,-86,312,-58
31060,continuous_motion,-0.570313,0.495605,0.653076,43.809,10.206107,14.442748,0.083969,-86,312,-58
31080,continuous_motion,-0.581299,0.493652,0.657959,43.789,6.664122,13.328244,0.206107,-86,313,-67
31100,continuous_motion,-0.578857,0.481934,0.663330,43.798,5.221374,11.595420,-0.007634,-86,313,-67
31120,continuous_motion,-0.574951,0.481689,0.669434,43.762,4.656488,10.748092,0.244275,-86,313,-67
31140,continuous_motion,-0.582275,0.468506,0.677979,43.809,5.312977,10.312977,0.427481,-86,313,-67
31160,continuous_motion,-0.581299,0.470215,0.681641,43.798,7.473282,9.740458,0.633588,-86,314,-75
31180,continuous_motion,-0.582031,0.484131,0.676025,43.777,9.167939,9.862596,1.053435,-86,314,-75
31200,continuous_motion,-0.581787,0.480469,0.668457,43.792,10.297709,9.923664,1.091603,-86,314,-75
31220,continuous_motion,-0.579834,0.480713,0.672852,43.777,12.167939,9.847328,1.312977,-85,316,-83
31240,continuous_motion,-0.582764,0.488281,0.674805,43.801,13.251908,10.549619,1.824428,-85,316,-83
31260,continuous_motion,-0.583008,0.489746,0.660889,43.795,14.000000,11.427481,2.305344,-85,316,-83
31280,continuous_motion,-0.583740,0.501709,0.657471,43.771,13.450381,12.534351,2.740458,-85,317,-88
31300,continuous_motion,-0.593750,0.499268,0.644531,43.789,13.358779,13.190840,2.740458,-85,317,-88
31320,continuous_motion,-0.590576,0.499756,0.652832,43.786,13.824428,13.503817,3.221374,-85,317,-88
31340,continuous_motion,-0.592285,0.503174,0.645752,43.801,15.969465,13.427481,2.885496,-85,317,-88
31360,continuous_motion,-0.595947,0.508545,0.643311,43.786,18.259542,13.297709,2.412214,-84,320,-99
31380,continuous_motion,-0.597412,0.510254,0.628174,43.780,21.045801,12.870229,2.053435,-84,320,-99
31400,continuous_motion,-0.600830,0.518799,0.622559,43.804,22.702290,12.732824,2.099237,-84,320,-99
31421,continuous_motion,-0.603271,0.532227,0.610596,43.806,23.412214,13.190840,2.083969,-84,321,-109
31440,continuous_motion,-0.609375,0.537598,0.599121,43.798,24.351145,13.129771,1.709924,-84,321,-109
31461,continuous_motion,-0.608643,0.550537,0.578125,43.792,24.946566,12.297709,1.091603,-84,321,-109
31480,continuous_motion,-0.607666,0.558594,0.578857,43.783,23.801527,12.099236,1.000000,-84,321,-109
31500,continuous_motion,-0.613525,0.560547,0.572754,43.783,21.091602,12.526717,1.061069,-81,323,-118
31520,continuous_motion,-0.620361,0.562256,0.555176,43.777,19.900763,11.786260,0.946565,-81,323,-118
31540,continuous_motion,-0.618652,0.570557,0.554932,43.765,19.564886,10.709924,0.687023,-81,323,-118
31560,continuous_motion,-0.618408,0.565430,0.557861,43.786,18.916031,10.022901,0.381679,-79,327,-128
31580,continuous_motion,-0.622559,0.564697,0.545898,43.774,18.694656,9.381680,0.312977,-79,327,-128
31600,continuous_motion,-0.619873,0.578613,0.542969,43.786,17.763359,9.000000,0.404580,-79,327,-128
31620,continuous_motion,-0.624512,0.587646,0.534668,43.795,16.564886,8.740458,0.343511,-75,330,-134
31640,continuous_motion,-0.621582,0.587891,0.531494,43.768,15.068703,8.519084,0.045802,-75,330,-134
31660,continuous_motion,-0.623047,0.589600,0.524170,43.774,13.648855,8.167939,0.137405,-75,330,-134
31680,continuous_motion,-0.630859,0.589844,0.523438,43.798,12.312977,7.816794,0.122137,-75,330,-134
31700,continuous_motion,-0.630127,0.586914,0.517090,43.783,11.893129,6.946565,-0.038168,-74,330,-143
31721,continuous_motion,-0.635986,0.587158,0.518799,43.804,11.312977,6.603054,0.129771,-74,330,-143
31740,continuous_motion,-0.622803,0.583740,0.524902,43.771,10.702291,6.580153,0.503817,-74,330,-143
31760,continuous_motion,-0.635498,0.589844,0.514648,43.786,10.946565,6.244275,0.793893,-73,332,-147
31780,continuous_motion,-0.630371,0.600342,0.509521,43.798,11.160305,5.900764,0.893130,-73,332,-147
31800,continuous_motion,-0.631348,0.607422,0.493408,43.777,10.702291,5.732824,0.534351,-73,332,-147
31820,continuous_motion,-0.634766,0.612305,0.487061,43.795,9.305344,5.213740,0.022901,-69,333,-151
31840,continuous_motion,-0.647217,0.609375,0.468994,43.783,8.000000,3.664122,-0.557252,-69,333,-151
31860,continuous_motion,-0.641602,0.624512,0.466309,43.777,4.992366,2.000000,-0.587786,-69,333,-151
31880,continuous_motion,-0.640137,0.619873,0.458984,43.777,0.801527,0.770992,-0.618321,-69,333,-151
31900,continuous_motion,-0.645264,0.614746,0.455078,43.795,-3.190840,-1.419847,-0.290076,-69,334,-152
31920,continuous_motion,-0.645996,0.610840,0.458496,43.798,-6.259542,-3.748092,-0.290076,-69,334,-152
31940,continuous_motion,-0.643555,0.622803,0.451660,43.798,-9.412213,-6.450382,-0.458015,-69,334,-152
31960,continuous_motion,-0.629883,0.633545,0.468262,43.789,-14.381680,-8.809160,-0.847328,-71,332,-149
31980,continuous_motion,-0.631836,0.615967,0.474854,43.768,-21.099237,-9.641221,-0.893130,-71,332,-149
32000,continuous_motion,-0.629395,0.593750,0.488525,43.812,-26.312977,-10.732824,-0.603053,-71,332,-149
32020,continuous_motion,-0.633545,0.578613,0.500488,43.786,-28.236641,-12.717557,-0.335878,-76,329,-139
32040,continuous_motion,-0.637695,0.592529,0.479248,43.795,-28.221375,-16.358778,-0.931298,-76,329,-139
32060,continuous_motion,-0.640381,0.598389,0.470215,43.789,-27.954199,-24.709923,-2.320611,-76,329,-139
32080,continuous_motion,-0.615967,0.584229,0.509033,43.809,-39.206108,-25.274809,-0.297710,-76,329,-139
32100,continuous_motion,-0.628662,0.526611,0.557617,43.801,-49.015266,-24.381680,3.312977,-79,326,-120
32120,continuous_motion,-0.626465,0.492676,0.580078,43.798,-47.183205,-27.045801,4.748092,-79,326,-120
32140,continuous_motion,-0.618896,0.484131,0.606201,43.798,-37.465649,-32.419846,4.007634,-79,326,-120
32160,continuous_motion,-0.562012,0.513184,0.668701,43.801,-28.603054,-36.381680,2.725191,-87,319,-96
32180,continuous_motion,-0.554932,0.537842,0.656250,43.789,-25.778625,-35.091602,1.793893,-87,319,-96
32200,continuous_motion,-0.519287,0.557129,0.710938,43.765,-28.603054,-31.435114,0.931298,-87,319,-96
32220,continuous_motion,-0.529541,0.530518,0.693359,43.827,-35.572517,-23.083969,0.717557,-89,315,-73
32240,continuous_motion,-0.560303,0.481201,0.684570,43.780,-36.396946,-20.435114,0.206107,-89,315,-73
32261,continuous_motion,-0.564453,0.468750,0.677002,43.777,-33.809162,-21.145039,0.725191,-89,315,-73
32280,continuous_motion,-0.552734,0.467285,0.696777,43.780,-32.572517,-22.068703,1.969466,-89,315,-73
32301,continuous_motion,-0.525146,0.489990,0.726563,43.795,-34.099236,-20.190840,2.946565,-92,308,-55
32320,continuous_motion,-0.518799,0.478027,0.740723,43.806,-35.740459,-17.137405,2.519084,-92,308,-55
32341,continuous_motion,-0.531250,0.454590,0.727051,43.786,-34.770992,-16.015266,1.770992,-92,308,-55
32360,continuous_motion,-0.533203,0.444092,0.725586,43.804,-31.938931,-17.694656,1.160305,-91,304,-36
32381,continuous_motion,-0.528564,0.446045,0.730713,43.783,-31.442749,-18.442749,1.839695,-91,304,-36
32400,continuous_motion,-0.513184,0.446045,0.733398,43.789,-32.984734,-19.061069,2.167939,-91,304,-36
32421,continuous_motion,-0.511475,0.432861,0.744629,43.795,-33.152672,-20.076336,1.503817,-91,304,-36
32440,continuous_motion,-0.497070,0.413574,0.778809,43.818,-33.251907,-20.274809,1.343511,-93,298,-18
32461,continuous_motion,-0.492920,0.403809,0.794922,43.839,-34.206108,-18.755726,1.862595,-93,298,-18
32480,continuous_motion,-0.492920,0.401123,0.799805,43.806,-34.312977,-17.671755,2.671756,-93,298,-18
32501,continuous_motion,-0.458008,0.401367,0.835449,43.818,-34.534351,-15.488549,2.816794,-92,293,0
32520,continuous_motion,-0.467773,0.380859,0.851074,43.780,-33.763359,-11.519084,2.183206,-92,293,0
32541,continuous_motion,-0.474854,0.347168,0.864258,43.804,-27.770992,-9.893129,0.931298,-92,293,0
32560,continuous_motion,-0.467041,0.335938,0.885498,43.812,-19.251909,-8.564885,0.099237,-92,288,13
32580,continuous_motion,-0.465820,0.341797,0.873779,43.815,-12.603053,-5.763359,-0.061069,-92,288,13
32600,continuous_motion,-0.460205,0.342529,0.874756,43.756,-7.389313,-3.297710,0.106870,-92,288,13
32620,continuous_motion,-0.455078,0.354248,0.877930,43.809,-3.465649,-0.274809,-0.221374,-92,288,13
32640,continuous_motion,-0.464355,0.347168,0.872314,43.792,0.702290,2.396947,-0.671756,-89,288,19
32660,continuous_motion,-0.462158,0.363525,0.857910,43.815,4.145038,4.534351,-1.038168,-89,288,19
32680,continuous_motion,-0.469238,0.366699,0.848633,43.786,5.045802,7.198473,-1.160305,-89,288,19
32700,continuous_motion,-0.468994,0.367920,0.842285,43.815,4.725191,9.587787,-1.106870,-91,288,15
32720,continuous_motion,-0.474854,0.364258,0.840332,43.812,5.282443,11.351145,-1.137405,-91,288,15
32740,continuous_motion,-0.477295,0.355469,0.845215,43.798,7.778626,12.564885,-1.580153,-91,288,15
32760,continuous_motion,-0.497070,0.336914,0.819580,43.818,13.435115,12.312977,-2.236641,-91,289,7
32780,continuous_motion,-0.499756,0.347656,0.810791,43.815,20.618320,9.442748,-2.374046,-91,289,7
32800,continuous_motion,-0.473877,0.379395,0.844727,43.812,22.480917,10.687023,-1.190840,-91,289,7
32820,continuous_motion,-0.477539,0.385254,0.849854,43.777,20.786259,16.129770,-0.312977,-91,289,7
32840,continuous_motion,-0.499023,0.371582,0.825928,43.783,23.427481,19.580153,-0.740458,-92,294,-3
32860,continuous_motion,-0.501465,0.381836,0.806641,43.777,30.167938,19.549618,-1.984733,-92,294,-3
32880,continuous_motion,-0.499512,0.394043,0.806641,43.789,34.221375,20.557251,-2.770992,-92,294,-3
32900,continuous_motion,-0.528809,0.396240,0.756104,43.804,36.312977,21.099237,-2.320611,-92,298,-21
32920,continuous_motion,-0.524414,0.425537,0.738281,43.806,36.503819,20.916031,-1.320611,-92,298,-21
32940,continuous_motion,-0.533447,0.453857,0.713867,43.786,35.320610,20.648855,-1.274809,-92,298,-21
32960,continuous_motion,-0.539307,0.456299,0.706299,43.809,32.984734,19.328245,-1.572519,-93,303,-40
32980,continuous_motion,-0.535889,0.470215,0.705811,43.821,28.755726,19.458015,-1.198473,-93,303,-40
33000,continuous_motion,-0.535889,0.478271,0.713623,43.806,24.541985,20.587786,-1.198473,-93,303,-40
33020,continuous_motion,-0.560059,0.468262,0.692139,43.801,22.572519,20.603054,-1.435114,-93,303,-40
33040,continuous_motion,-0.556641,0.470703,0.698730,43.818,22.244274,19.442749,-1.412214,-92,308,-55
33060,continuous_motion,-0.562500,0.462402,0.690186,43.795,22.030535,19.435114,-1.213740,-92,308,-55
33080,continuous_motion,-0.570068,0.462158,0.685303,43.804,24.122137,18.404581,-0.870229,-92,308,-55
33100,continuous_motion,-0.569824,0.463379,0.693604,43.827,26.419847,17.603054,-0.549618,-90,312,-71
33120,continuous_motion,-0.585205,0.477539,0.677246,43.777,29.374046,16.755726,-0.206107,-90,312,-71
33140,continuous_motion,-0.573975,0.505371,0.657227,43.795,30.786259,16.091602,0.198473,-90,312,-71
33160,continuous_motion,-0.579102,0.506836,0.637207,43.798,30.343512,15.755725,-0.091603,-88,314,-84
33180,continuous_motion,-0.586670,0.510254,0.640137,43.795,30.007633,14.702291,0.007634,-88,314,-84
33200,continuous_motion,-0.590820,0.520264,0.609375,43.812,29.290077,14.557252,0.114504,-88,314,-84
33220,continuous_motion,-0.586670,0.541260,0.599121,43.836,28.183207,12.931297,-0.091603,-88,314,-84
33240,continuous_motion,-0.594971,0.551514,0.589844,43.821,23.725191,13.007633,0.496183,-86,319,-97
33260,continuous_motion,-0.601807,0.556152,0.590332,43.818,18.587786,12.900764,1.106870,-86,319,-97
33280,continuous_motion,-0.591797,0.554199,0.592773,43.798,14.793893,12.534351,1.198473,-86,319,-97
33301,continuous_motion,-0.593262,0.556641,0.599609,43.798,11.755725,12.549619,0.748092,-84,322,-107
33320,continuous_motion,-0.601318,0.546631,0.597900,43.792,10.450381,13.076336,0.297710,-84,322,-107
33340,continuous_motion,-0.603027,0.542725,0.591309,43.798,10.312977,12.641221,0.465649,-84,322,-107
33360,continuous_motion,-0.604492,0.545166,0.588379,43.798,10.618320,12.450381,0.916031,-84,322,-107
33380,continuous_motion,-0.606689,0.546631,0.591553,43.771,11.511451,11.961832,0.717557,-83,322,-113
33400,continuous_motion,-0.604492,0.547852,0.599609,43.836,12.641221,11.824428,0.740458,-83,322,-113
33420,continuous_motion,-0.613281,0.557373,0.577148,43.812,13.603053,12.091603,0.900763,-83,322,-113
33440,continuous_motion,-0.603760,0.553955,0.589355,43.809,13.450381,12.580153,1.580153,-82,325,-123
33460,continuous_motion,-0.606689,0.586182,0.559326,43.783,10.938931,14.633588,2.786260,-82,325,-123
33480,continuous_motion,-0.613281,0.583984,0.542725,43.792,9.938931,14.053435,1.732824,-82,325,-123
33500,continuous_motion,-0.624268,0.578857,0.542480,43.798,8.679389,13.656488,1.282443,-82,326,-131
33520,continuous_motion,-0.624512,0.559570,0.544434,43.821,8.603053,12.717557,1.030534,-82,326,-131
33540,continuous_motion,-0.633545,0.543457,0.552002,43.812,11.038168,11.038168,1.251908,-82,326,-131
33560,continuous_motion,-0.634277,0.550293,0.544189,43.827,15.549619,9.145039,1.671756,-82,326,-131
33580,continuous_motion,-0.612305,0.567627,0.564209,43.818,19.145039,8.412213,1.374046,-80,327,-138
33600,continuous_motion,-0.609131,0.578369,0.557617,43.815,21.251909,9.473283,0.969466,-80,327,-138
33620,continuous_motion,-0.615234,0.576172,0.567139,43.798,23.083969,11.236641,0.519084,-80,327,-138
33640,continuous_motion,-0.621094,0.578369,0.547607,43.783,26.389313,12.839695,0.099237,-77,330,-148
33660,continuous_motion,-0.618652,0.577637,0.543945,43.809,29.648855,14.007633,0.229008,-77,330,-148
33680,continuous_motion,-0.618652,0.584717,0.535645,43.798,31.694656,15.702291,0.351145,-77,330,-148
33700,continuous_motion,-0.626953,0.583252,0.522461,43.798,34.305344,17.290077,0.549618,-70,333,-160
33720,continuous_motion,-0.649170,0.583496,0.487305,43.821,37.648853,18.290077,0.618321,-70,333,-160
33740,continuous_motion,-0.647217,0.605225,0.468018,43.827,42.022900,16.954199,0.580153,-70,333,-160
33760,continuous_motion,-0.642090,0.613037,0.448242,43.786,43.885498,17.129770,1.236641,-70,333,-160
33780,continuous_motion,-0.651123,0.625488,0.425293,43.806,46.190838,16.358778,1.381679,-62,338,-172
33800,continuous_motion,-0.627197,0.647461,0.445801,43.806,46.335876,16.328245,1.045802,-62,338,-172
33820,continuous_motion,-0.642334,0.659424,0.382568,43.839,45.488548,16.954199,0.587786,-62,338,-172
33840,continuous_motion,-0.647461,0.684814,0.351074,43.821,43.687023,16.015266,-0.488550,-50,342,-188
33860,continuous_motion,-0.651855,0.701416,0.322510,43.783,38.404579,14.709924,-1.435114,-50,342,-188
33880,continuous_motion,-0.662598,0.714600,0.292969,43.804,30.709923,13.343512,-2.396947,-50,342,-188
33900,continuous_motion,-0.667969,0.728516,0.274170,43.809,22.213741,10.282443,-3.183206,-41,347,-200
33920,continuous_motion,-0.671143,0.720947,0.265625,43.777,10.725191,8.519084,-3.129771,-41,347,-200
33940,continuous_motion,-0.694580,0.709961,0.245117,43.830,-0.007634,5.534351,-2.664122,-41,347,-200
33960,continuous_motion,-0.692627,0.712891,0.239014,43.783,-8.862596,0.251908,-2.274809,-41,347,-200
33980,continuous_motion,-0.679932,0.724365,0.248291,43.821,-18.801527,-4.740458,-1.900763,-39,348,-199
34000,continuous_motion,-0.684082,0.680664,0.284180,43.815,-32.816795,-7.106870,-0.503817,-39,348,-199
34020,continuous_motion,-0.701660,0.643799,0.298096,43.812,-37.824429,-11.595420,0.717557,-39,348,-199
34040,continuous_motion,-0.683105,0.651123,0.333740,43.786,-37.778625,-18.251909,1.328244,-48,344,-191
34060,continuous_motion,-0.669678,0.648193,0.370117,43.827,-39.229008,-21.954199,1.122137,-48,344,-191
34080,continuous_motion,-0.666260,0.642090,0.367676,43.824,-40.793892,-24.496183,1.129771,-48,344,-191
34100,continuous_motion,-0.643311,0.666016,0.439941,43.824,-40.335876,-28.557251,0.320611,-59,338,-174
34120,continuous_motion,-0.645020,0.617432,0.465088,43.801,-41.213741,-29.687023,0.473282,-59,338,-174
34140,continuous_motion,-0.632324,0.591309,0.498047,43.809,-41.977100,-27.152672,1.732824,-59,338,-174
34160,continuous_motion,-0.631836,0.587158,0.521484,43.795,-38.053436,-26.419847,1.870229,-59,338,-174
34180,continuous_motion,-0.603027,0.602783,0.531738,43.806,-33.381680,-26.290077,1.419847,-69,334,-152
34200,continuous_motion,-0.576904,0.610107,0.561279,43.804,-32.244274,-22.832062,0.587786,-69,334,-152
34220,continuous_motion,-0.604492,0.582031,0.562500,43.809,-32.595421,-17.969465,0.022901,-69,334,-152
34240,continuous_motion,-0.623291,0.546875,0.559814,43.812,-28.358778,-17.068703,-0.061069,-75,330,-135
34260,continuous_motion,-0.623047,0.548096,0.547363,43.783,-20.076336,-19.748091,-0.351145,-75,330,-135
34280,continuous_motion,-0.612305,0.564209,0.555664,43.833,-14.015267,-22.465649,-0.099237,-75,330,-135
34300,continuous_motion,-0.608154,0.583252,0.551514,43.798,-12.053435,-23.763359,0.183206,-75,330,-135
34320,continuous_motion,-0.592041,0.593750,0.569580,43.792,-13.946565,-23.664122,0.694656,-77,328,-120
34340,continuous_motion,-0.594482,0.591797,0.555664,43.815,-18.320610,-21.916031,1.404580,-77,328,-120
34361,continuous_motion,-0.596436,0.579102,0.543457,43.827,-20.427481,-23.854961,1.145038,-77,328,-120
34380,continuous_motion,-0.576904,0.561035,0.588135,43.812,-21.824427,-25.877863,1.519084,-79,325,-106
34400,continuous_motion,-0.591553,0.555664,0.580811,43.824,-23.458015,-26.015266,2.977099,-79,325,-106
34420,continuous_motion,-0.573242,0.571289,0.591064,43.821,-23.534351,-28.671755,3.442748,-79,325,-106
34440,continuous_motion,-0.537354,0.586670,0.613037,43.821,-27.305344,-29.221375,3.221374,-84,322,-86
34460,continuous_motion,-0.530518,0.575195,0.657471,43.806,-34.358780,-25.549618,3.381679,-84,322,-86
34480,continuous_motion,-0.544678,0.546143,0.650635,43.812,-39.496181,-22.854961,3.572519,-84,322,-86
34500,continuous_motion,-0.546143,0.535645,0.629150,43.774,-41.450382,-22.916031,3.549618,-84,322,-86
34520,continuous_motion,-0.543701,0.521484,0.639648,43.830,-41.282444,-25.404581,2.603053,-88,316,-64
34540,continuous_motion,-0.534912,0.510254,0.676270,43.812,-41.442749,-28.244274,2.251908,-88,316,-64
34560,continuous_motion,-0.486572,0.498535,0.755371,43.827,-45.854961,-24.709923,4.022901,-88,316,-64
34580,continuous_motion,-0.503906,0.476318,0.750977,43.804,-46.786259,-19.610687,4.312977,-91,308,-42
34600,continuous_motion,-0.509766,0.467529,0.735840,43.812,-40.396946,-20.610687,2.351145,-91,308,-42
34620,continuous_motion,-0.487793,0.477783,0.752930,43.812,-35.778625,-21.740458,0.496183,-91,308,-42
34640,continuous_motion,-0.489014,0.467041,0.758301,43.833,-36.312977,-20.167938,0.236641,-93,301,-22
34660,continuous_motion,-0.489746,0.448242,0.748779,43.821,-38.709923,-18.030535,0.893130,-93,301,-22
34680,continuous_motion,-0.494385,0.442139,0.754150,43.836,-40.183205,-17.801527,1.610687,-93,301,-22
34700,continuous_motion,-0.487549,0.422363,0.764648,43.795,-41.618320,-17.893129,2.221374,-93,301,-22
34720,continuous_motion,-0.483887,0.405029,0.798340,43.836,-41.480915,-18.625954,2.740458,-91,295,-1
34740,continuous_motion,-0.460205,0.391113,0.839111,43.824,-39.770992,-17.114504,3.534351,-91,295,-1
34760,continuous_motion,-0.449707,0.373047,0.851563,43.806,-35.206108,-15.419847,2.809160,-91,295,-1
34780,continuous_motion,-0.446289,0.370361,0.863037,43.824,-27.541985,-14.725191,1.320611,-90,291,16
34800,continuous_motion,-0.454346,0.368896,0.848877,43.768,-21.167938,-14.511451,-0.068702,-90,291,16
34821,continuous_motion,-0.435547,0.374756,0.859131,43.806,-17.992367,-12.076336,-0.305344,-90,291,16
34840,continuous_motion,-0.443848,0.362549,0.848145,43.792,-16.908398,-10.167939,-0.458015,-88,286,28
34860,continuous_motion,-0.445313,0.365234,0.854736,43.798,-16.061069,-8.496183,0.305344,-88,286,28
34880,continuous_motion,-0.444336,0.362549,0.849854,43.821,-14.404580,-7.267176,0.541985,-88,286,28
34900,continuous_motion,-0.441650,0.355713,0.842041,43.804,-12.702291,-7.351145,0.435114,-88,286,28
34920,continuous_motion,-0.436768,0.357910,0.855957,43.801,-11.702291,-6.824428,0.496183,-86,284,37
34940,continuous_motion,-0.438477,0.350342,0.873291,43.854,-10.213740,-6.274809,0.213740,-86,284,37
34960,continuous_motion,-0.419922,0.350098,0.900146,43.824,-8.282443,-4.328244,0.206107,-86,284,37
34980,continuous_motion,-0.413818,0.333008,0.915283,43.845,-5.022901,-1.305344,-0.198473,-86,282,42
35000,continuous_motion,-0.424805,0.321533,0.904785,43.836,2.091603,1.099237,-1.290076,-86,282,42
35020,continuous_motion,-0.425537,0.332520,0.893799,43.801,8.030535,2.641221,-1.679389,-86,282,42
35040,continuous_motion,-0.433105,0.349854,0.867188,43.815,10.839695,4.717557,-1.450382,-85,284,40
35060,continuous_motion,-0.433838,0.357666,0.858643,43.804,10.671756,6.740458,-0.694656,-85,284,40
35080,continuous_motion,-0.441650,0.357178,0.849609,43.818,10.305344,7.916030,-0.068702,-85,284,40
35100,continuous_motion,-0.443359,0.369385,0.843750,43.798,10.251908,8.335877,0.137405,-85,284,40
35121,continuous_motion,-0.443604,0.372559,0.828369,43.809,10.442748,8.511451,-0.030534,-87,285,34
35140,continuous_motion,-0.436035,0.385498,0.853760,43.804,10.114504,9.213740,-0.496183,-87,285,34
35160,continuous_motion,-0.421387,0.389160,0.861328,43.821,9.198473,11.473283,-1.229008,-87,285,34
35180,continuous_motion,-0.416992,0.395020,0.895508,43.795,9.030535,15.801527,-2.557252,-88,287,26
35200,continuous_motion,-0.449951,0.361084,0.849121,43.833,11.587787,19.725191,-4.221374,-88,287,26
35220,continuous_motion,-0.484619,0.342041,0.818604,43.839,18.549618,18.236641,-5.000000,-88,287,26
35240,continuous_motion,-0.473145,0.366211,0.824219,43.815,22.419847,17.480917,-3.946565,-87,290,14
35260,continuous_motion,-0.468262,0.382813,0.834229,43.809,23.648855,19.007633,-2.748092,-87,290,14
35280,continuous_motion,-0.479492,0.373535,0.819824,43.780,25.580153,20.671755,-2.297710,-87,290,14
35300,continuous_motion,-0.503418,0.381592,0.771973,43.795,30.908398,18.847328,-2.511450,-87,290,14
35320,continuous_motion,-0.490723,0.404053,0.784668,43.812,34.793892,16.030535,-3.374046,-89,295,-2
35340,continuous_motion,-0.497070,0.425293,0.778564,43.848,33.236641,16.984734,-2.717557,-89,295,-2
35360,continuous_motion,-0.485107,0.445557,0.787842,43.780,30.671755,18.786259,-1.847328,-89,295,-2
35380,continuous_motion,-0.482422,0.442627,0.796143,43.804,29.656488,22.038168,-2.343511,-90,299,-18
35400,continuous_motion,-0.517578,0.428467,0.749756,43.833,33.312977,22.412214,-4.145038,-90,299,-18
35420,continuous_motion,-0.535156,0.437744,0.730469,43.806,37.748093,19.916031,-4.786260,-90,299,-18
35440,continuous_motion,-0.520996,0.465576,0.728271,43.809,36.534351,20.450382,-3.465649,-90,299,-18
35460,continuous_motion,-0.517090,0.489014,0.719482,43.804,33.007633,22.320610,-2.519084,-88,306,-36
35480,continuous_motion,-0.521240,0.497314,0.725586,43.804,29.656488,24.847328,-2.458015,-88,306,-36
35500,continuous_motion,-0.526855,0.493896,0.716064,43.786,27.809160,26.893129,-2.832061,-88,306,-36
35520,continuous_motion,-0.552002,0.479492,0.685791,43.812,27.687023,27.938931,-3.022901,-87,313,-56
35541,continuous_motion,-0.560791,0.486084,0.667969,43.804,28.335878,27.068703,-2.450382,-87,313,-56
35560,continuous_motion,-0.577393,0.490723,0.643066,43.798,29.572519,24.763359,-2.129771,-87,313,-56
35580,continuous_motion,-0.580078,0.499512,0.622314,43.815,29.839695,22.534351,-1.427481,-85,317,-75
35600,continuous_motion,-0.585693,0.504639,0.626953,43.783,29.770992,20.145039,-0.419847,-85,317,-75
35620,continuous_motion,-0.584961,0.518066,0.622559,43.815,30.236641,17.748091,0.358779,-85,317,-75
35640,continuous_motion,-0.576904,0.537598,0.614746,43.815,28.977098,16.656488,0.618321,-85,317,-75
35660,continuous_motion,-0.573486,0.561768,0.606445,43.818,25.923664,16.396946,0.480916,-82,322,-89
35680,continuous_motion,-0.580811,0.557373,0.594238,43.818,22.931297,16.267176,-0.160305,-82,322,-89
35700,continuous_motion,-0.594238,0.551025,0.590332,43.804,20.916031,15.778625,-0.229008,-82,322,-89
35720,continuous_motion,-0.595459,0.549072,0.588867,43.815,20.366413,14.465649,-0.366412,-79,324,-102
35740,continuous_motion,-0.599365,0.556641,0.581055,43.804,20.259542,12.931297,-0.427481,-79,324,-102
35760,continuous_motion,-0.603760,0.557861,0.564697,43.809,20.389313,11.549619,-0.114504,-79,324,-102
35780,continuous_motion,-0.602539,0.570557,0.565674,43.771,19.847328,10.007633,0.091603,-76,329,-112
35800,continuous_motion,-0.596436,0.582275,0.553467,43.792,18.183207,8.946565,-0.038168,-76,329,-112
35820,continuous_motion,-0.605469,0.583496,0.554932,43.795,15.564885,8.488549,-0.076336,-76,329,-112
35841,continuous_motion,-0.605713,0.575195,0.567383,43.804,13.389313,8.259542,0.442748,-76,329,-112
35860,continuous_motion,-0.605713,0.570801,0.566895,43.812,13.381680,8.221375,0.450382,-74,330,-118
35880,continuous_motion,-0.614014,0.576904,0.559326,43.804,14.946565,7.687023,0.290076,-74,330,-118
35900,continuous_motion,-0.606201,0.590088,0.548340,43.768,16.435114,6.419847,-0.183206,-74,330,-118
35920,continuous_motion,-0.609375,0.593506,0.530762,43.795,15.076336,6.221374,-0.358779,-72,332,-125
35940,continuous_motion,-0.624023,0.590332,0.516113,43.812,13.984733,5.022901,-0.519084,-72,332,-125
35960,continuous_motion,-0.623535,0.595459,0.501709,43.827,13.137404,2.335878,-0.458015,-72,332,-125
35980,continuous_motion,-0.638672,0.595459,0.484375,43.809,11.488549,-1.267176,0.236641,-69,333,-127
36000,continuous_motion,-0.629395,0.605225,0.471191,43.824,9.511451,-5.893130,0.564886,-69,333,-127
36020,continuous_motion,-0.653320,0.593018,0.447998,43.801,8.038168,-12.297709,0.244275,-69,333,-127
36040,continuous_motion,-0.615967,0.621338,0.478760,43.827,6.580153,-18.564886,0.473282,-69,333,-127
36060,continuous_motion,-0.617920,0.638916,0.469971,43.824,0.061069,-21.717558,0.793893,-68,334,-122
36080,continuous_motion,-0.595947,0.652344,0.489258,43.809,-9.503817,-23.458015,1.793893,-68,334,-122
36100,continuous_motion,-0.575928,0.648438,0.521729,43.801,-23.877863,-21.022902,3.427481,-68,334,-122
36120,continuous_motion,-0.592041,0.625244,0.523193,43.783,-35.549618,-19.251909,3.961832,-72,332,-107
36140,continuous_motion,-0.585693,0.607666,0.531250,43.827,-41.274811,-21.564886,3.305344,-72,332,-107
36160,continuous_motion,-0.584473,0.598145,0.538330,43.809,-46.076336,-24.648855,2.702290,-72,332,-107
36180,continuous_motion,-0.550537,0.593994,0.593506,43.806,-54.068703,-25.152672,3.282443,-78,324,-86
36200,continuous_motion,-0.539307,0.541504,0.662842,43.818,-64.534348,-19.564886,5.015267,-78,324,-86
36220,continuous_motion,-0.562988,0.489746,0.669434,43.824,-62.839695,-18.030535,4.908397,-78,324,-86
36240,continuous_motion,-0.542969,0.482910,0.698486,43.818,-50.969467,-21.656488,2.908397,-78,324,-86
36260,continuous_motion,-0.532471,0.502686,0.719971,43.812,-42.534351,-22.969465,0.770992,-85,316,-64
36280,continuous_motion,-0.497559,0.489990,0.765137,43.783,-40.809162,-19.045801,0.374046,-85,316,-64
36300,continuous_motion,-0.524414,0.465088,0.760986,43.836,-39.793892,-13.389313,0.946565,-85,316,-64
36320,continuous_motion,-0.520020,0.443604,0.758545,43.812,-32.251907,-12.381680,0.213740,-89,310,-47
36340,continuous_motion,-0.514893,0.469971,0.748779,43.798,-25.931297,-11.931297,-0.114504,-89,310,-47
36360,continuous_motion,-0.522705,0.464600,0.732666,43.830,-23.450382,-10.389313,-0.267176,-89,310,-47
36380,continuous_motion,-0.526855,0.461914,0.726807,43.774,-23.809160,-9.312977,0.183206,-89,310,-47
36400,continuous_motion,-0.525879,0.460449,0.722900,43.804,-25.648855,-8.732824,1.343511,-88,307,-35
36420,continuous_motion,-0.529541,0.465820,0.701172,43.824,-28.671755,-8.709924,2.366412,-88,307,-35
36440,continuous_motion,-0.528320,0.460693,0.712891,43.798,-31.832062,-11.175572,2.687023,-88,307,-35
36460,continuous_motion,-0.516113,0.458008,0.712402,43.830,-35.534351,-12.320611,2.900763,-89,302,-24
36480,continuous_motion,-0.506104,0.452393,0.731934,43.804,-39.343510,-14.106871,2.541985,-89,302,-24
36500,continuous_motion,-0.498047,0.424805,0.756592,43.821,-42.854961,-14.274809,2.389313,-89,302,-24
36520,continuous_motion,-0.499023,0.404053,0.774414,43.804,-44.305344,-14.717557,2.160305,-91,295,-6
36540,continuous_motion,-0.487061,0.387695,0.795410,43.818,-44.480915,-14.916031,1.946565,-91,295,-6
36560,continuous_motion,-0.475830,0.369873,0.837646,43.812,-44.328243,-13.824428,1.786260,-91,295,-6
36580,continuous_motion,-0.486816,0.330566,0.834229,43.815,-40.152672,-12.992367,1.488550,-91,295,-6
36600,continuous_motion,-0.469971,0.327148,0.870850,43.809,-31.961832,-13.679389,0.900763,-88,291,13
36620,continuous_motion,-0.461426,0.328369,0.878662,43.815,-25.824427,-12.000000,0.328244,-88,291,13
36641,continuous_motion,-0.465576,0.323242,0.865967,43.804,-20.641222,-10.396947,-0.030534,-88,291,13
36660,continuous_motion,-0.466309,0.329590,0.875000,43.786,-16.015266,-9.122137,-0.335878,-86,285,26
36680,continuous_motion,-0.461426,0.319336,0.876465,43.821,-13.007633,-6.977099,-0.007634,-86,285,26
36700,continuous_motion,-0.455078,0.322021,0.878174,43.818,-10.625955,-4.709924,0.458015,-86,285,26
36720,continuous_motion,-0.461426,0.313477,0.868896,43.815,-8.145039,-2.770992,0.396947,-85,283,31
36740,continuous_motion,-0.461426,0.311768,0.878418,43.783,-2.244275,-2.885496,-0.450382,-85,283,31
36760,continuous_motion,-0.451416,0.325928,0.879883,43.824,0.755725,-1.129771,-0.366412,-85,283,31
36780,continuous_motion,-0.453857,0.333496,0.865723,43.804,1.122137,1.244275,-0.160305,-85,283,31
36800,continuous_motion,-0.456787,0.330078,0.859863,43.836,0.923664,3.137405,0.007634,-84,284,33
36820,continuous_motion,-0.458008,0.327393,0.866211,43.804,1.190840,4.587786,-0.038168,-84,284,33
36840,continuous_motion,-0.459229,0.324463,0.866455,43.812,2.167939,6.175572,0.335878,-84,284,33
36860,continuous_motion,-0.454346,0.325684,0.882324,43.830,4.320611,7.190840,-0.091603,-84,283,30
36881,continuous_motion,-0.457275,0.320557,0.882080,43.792,6.725191,9.717557,-0.083969,-84,283,30
36900,continuous_motion,-0.452637,0.322754,0.889648,43.804,10.458015,11.839695,-0.603053,-84,283,30
36920,continuous_motion,-0.447510,0.323486,0.901367,43.818,13.938931,15.832061,-0.725191,-86,285,23
36940,continuous_motion,-0.447266,0.327637,0.912842,43.824,18.656488,20.320610,-1.251908,-86,285,23
36960,continuous_motion,-0.474854,0.306885,0.878906,43.801,25.740458,23.839695,-2.343511,-86,285,23
36980,continuous_motion,-0.503174,0.308350,0.838623,43.780,34.725189,24.022902,-2.526718,-86,285,23
37001,continuous_motion,-0.490234,0.343994,0.834473,43.801,40.381680,24.549618,-1.564886,-89,290,6
37020,continuous_motion,-0.498047,0.364746,0.812012,43.801,41.793892,26.961832,-1.114504,-89,290,6
37040,continuous_motion,-0.513916,0.372314,0.794922,43.806,43.725189,28.580153,-0.984733,-89,290,6
37060,continuous_motion,-0.533447,0.380859,0.740479,43.801,47.442749,27.725191,-1.183206,-91,297,-18
37080,continuous_motion,-0.530518,0.407227,0.734131,43.786,50.435116,24.114504,-1.328244,-91,297,-18
37100,continuous_motion,-0.528809,0.450928,0.718994,43.798,47.458015,24.282442,-0.427481,-91,297,-18
37120,continuous_motion,-0.539307,0.459717,0.708496,43.804,42.572517,25.152672,-0.450382,-91,305,-42
37140,continuous_motion,-0.545166,0.458496,0.695068,43.801,38.923664,25.564886,-0.648855,-91,305,-42
37160,continuous_motion,-0.567139,0.462158,0.661621,43.830,38.335876,23.129770,-1.129771,-91,305,-42
37180,continuous_motion,-0.574707,0.475586,0.647461,43.798,37.793892,19.534351,-1.221374,-91,305,-42
37200,continuous_motion,-0.562500,0.498779,0.656494,43.780,33.687023,17.679390,-0.389313,-89,311,-63
37220,continuous_motion,-0.573242,0.509766,0.640869,43.777,28.496183,17.007633,-0.091603,-89,311,-63
37240,continuous_motion,-0.575928,0.512207,0.645264,43.792,24.633587,15.419847,-0.152672,-89,311,-63
37260,continuous_motion,-0.582764,0.508301,0.630127,43.815,21.702290,13.412213,-0.702290,-89,314,-77
37280,continuous_motion,-0.582275,0.515625,0.625488,43.798,18.580153,12.160305,-0.290076,-89,314,-77
37301,continuous_motion,-0.583740,0.517334,0.634033,43.804,16.007633,10.282443,-0.206107,-89,314,-77
37320,continuous_motion,-0.583008,0.514404,0.632324,43.821,13.732824,9.541985,-0.083969,-86,317,-85
37340,continuous_motion,-0.584229,0.511230,0.644043,43.836,12.984733,9.244275,-0.030534,-86,317,-85
37360,continuous_motion,-0.592773,0.516357,0.629150,43.815,14.022901,7.473282,-0.427481,-86,317,-85
37380,continuous_motion,-0.581299,0.522949,0.636963,43.812,13.374045,7.000000,-0.030534,-86,317,-85
37401,continuous_motion,-0.583252,0.523438,0.630127,43.789,12.045801,7.396946,-0.106870,-85,320,-92
37420,continuous_motion,-0.595459,0.521729,0.635498,43.801,12.282443,7.007634,-0.343511,-85,320,-92
37440,continuous_motion,-0.598389,0.520508,0.619141,43.824,12.885496,6.389313,-0.129771,-85,320,-92
37460,continuous_motion,-0.591309,0.545898,0.613770,43.777,12.000000,5.877862,-0.030534,-84,321,-98
37480,continuous_motion,-0.592041,0.553955,0.602783,43.806,9.267176,5.580153,-0.198473,-84,321,-98
37500,continuous_motion,-0.601563,0.549805,0.583740,43.789,6.015267,4.610687,-0.343511,-84,321,-98
37520,continuous_motion,-0.603760,0.543457,0.581787,43.804,3.557252,2.511450,-0.229008,-84,321,-98
37540,continuous_motion,-0.609863,0.543213,0.575928,43.798,0.190840,0.038168,0.175573,-83,321,-100
37560,continuous_motion,-0.609863,0.550293,0.560059,43.824,-3.603053,-2.870229,0.656489,-83,321,-100
37580,continuous_motion,-0.615723,0.551025,0.547119,43.804,-7.541985,-6.625954,0.977099,-83,321,-100
37600,continuous_motion,-0.614502,0.547363,0.547363,43.824,-13.755725,-10.480916,1.824428,-84,321,-97
37620,continuous_motion,-0.599121,0.566895,0.562256,43.818,-21.099237,-13.732824,3.396947,-84,321,-97
37640,continuous_motion,-0.578857,0.541504,0.597168,43.812,-28.900763,-15.183207,3.404580,-84,321,-97
37660,continuous_motion,-0.589844,0.513184,0.624756,43.806,-30.748091,-17.557251,2.572519,-88,318,-84
37680,continuous_motion,-0.581787,0.498047,0.638184,43.821,-29.496183,-20.687023,2.297710,-88,318,-84
37700,continuous_motion,-0.542236,0.508057,0.700439,43.801,-29.099237,-21.068703,2.328244,-88,318,-84
37720,continuous_motion,-0.533203,0.494141,0.721191,43.830,-30.000000,-17.374046,1.786260,-88,318,-84
37740,continuous_motion,-0.546387,0.472412,0.717773,43.827,-26.412214,-15.824428,0.312977,-90,312,-66
37760,continuous_motion,-0.546631,0.451416,0.739746,43.777,-19.885496,-15.679389,-1.137405,-90,312,-66
37780,continuous_motion,-0.551514,0.451904,0.731201,43.812,-14.465649,-15.694656,-1.068702,-90,312,-66
37800,continuous_motion,-0.532715,0.459229,0.745117,43.839,-12.083969,-14.358779,0.183206,-90,310,-52
37820,continuous_motion,-0.525635,0.474121,0.745117,43.818,-12.145039,-11.564885,1.160305,-90,310,-52
37840,continuous_motion,-0.538574,0.465088,0.718262,43.827,-11.396947,-9.732824,0.832061,-90,310,-52
37860,continuous_motion,-0.543945,0.464355,0.700928,43.806,-10.160305,-10.511451,0.450382,-90,306,-43
37880,continuous_motion,-0.541992,0.471680,0.696289,43.815,-10.328244,-12.335877,0.694656,-90,306,-43
37900,continuous_motion,-0.521484,0.480713,0.724365,43.833,-13.992367,-12.236641,1.374046,-90,306,-43
37920,continuous_motion,-0.518799,0.483398,0.715820,43.815,-19.847328,-10.091603,2.305344,-90,306,-43
37940,continuous_motion,-0.522705,0.462891,0.723877,43.821,-22.961832,-9.809160,1.847328,-92,303,-36
37961,continuous_motion,-0.536377,0.428955,0.736328,43.839,-22.816793,-11.404580,1.557252,-92,303,-36
37980,continuous_motion,-0.528564,0.420898,0.749023,43.821,-20.167938,-13.770992,1.862595,-92,303,-36
38001,continuous_motion,-0.508057,0.423584,0.771729,43.833,-18.206106,-14.503817,2.832061,-92,300,-22
38020,continuous_motion,-0.491699,0.434326,0.785156,43.815,-16.992367,-13.595420,2.709924,-92,300,-22
38040,continuous_motion,-0.487305,0.430176,0.793945,43.821,-15.412213,-12.190840,1.534351,-92,300,-22
38060,continuous_motion,-0.485840,0.430176,0.804199,43.833,-13.984733,-10.702291,0.305344,-94,297,-12
38080,continuous_motion,-0.503174,0.408936,0.779541,43.818,-11.900764,-10.000000,-0.595420,-94,297,-12
38100,continuous_motion,-0.499023,0.407471,0.781250,43.786,-8.358779,-11.366412,-0.977099,-94,297,-12
38120,continuous_motion,-0.494385,0.406982,0.787842,43.839,-6.694656,-11.893129,-0.541985,-94,297,-12
38140,continuous_motion,-0.494385,0.404785,0.782715,43.830,-5.297710,-12.709924,-0.335878,-92,296,-4
38160,continuous_motion,-0.481934,0.422607,0.787354,43.833,-4.519084,-13.358779,-0.175573,-92,296,-4
38180,continuous_motion,-0.476563,0.420166,0.792236,43.806,-5.122138,-13.083969,-0.572519,-92,296,-4
38200,continuous_motion,-0.468018,0.420410,0.807617,43.801,-6.022901,-12.633588,-0.954198,-91,293,7
38220,continuous_motion,-0.465088,0.413574,0.806152,43.833,-6.618320,-11.633588,-0.839695,-91,293,7
38240,continuous_motion,-0.462891,0.410400,0.812988,43.818,-7.488550,-10.358779,-0.961832,-91,293,7
38260,continuous_motion,-0.464844,0.401611,0.805176,43.833,-7.893130,-10.099236,-1.213740,-89,291,14
38280,continuous_motion,-0.466553,0.405518,0.819092,43.812,-7.961832,-10.198473,-0.839695,-89,291,14
38300,continuous_motion,-0.446533,0.392334,0.825684,43.830,-8.061069,-8.007633,-0.183206,-89,291,14
38320,continuous_motion,-0.447754,0.399658,0.821045,43.815,-8.641221,-6.114504,0.160305,-89,291,14
38340,continuous_motion,-0.458496,0.392090,0.831055,43.821,-8.053435,-5.442748,-0.259542,-86,289,20
38360,continuous_motion,-0.453857,0.394043,0.834229,43.836,-7.717557,-5.038168,-0.152672,-86,289,20
38380,continuous_motion,-0.443115,0.396240,0.842285,43.827,-9.511451,-2.893130,0.541985,-86,289,20
38400,continuous_motion,-0.447266,0.396973,0.841797,43.854,-11.557252,-0.305344,1.099237,-86,288,25
38420,continuous_motion,-0.451904,0.372559,0.838623,43.824,-10.305344,0.206107,0.511450,-86,288,25
38440,continuous_motion,-0.450684,0.365234,0.850098,43.812,-7.877862,0.603053,0.641221,-86,288,25
38460,continuous_motion,-0.471924,0.346680,0.825684,43.845,-2.839695,-0.832061,0.282443,-86,287,27
38480,continuous_motion,-0.455811,0.374756,0.828369,43.815,1.893130,-3.244275,0.412214,-88,287,27
38500,continuous_motion,-0.447510,0.392334,0.815918,43.836,2.374046,-3.458015,0.251908,-88,287,27
38520,continuous_motion,-0.447754,0.398438,0.808838,43.836,0.389313,-3.549618,0.091603,-88,287,27
38540,continuous_motion,-0.453857,0.396240,0.810059,43.848,-2.229008,-4.236641,-0.106870,-86,287,30
38560,continuous_motion,-0.452393,0.388184,0.808350,43.795,-4.908397,-5.206107,-0.030534,-86,287,30
38581,continuous_motion,-0.449707,0.383789,0.822021,43.824,-6.969466,-6.129771,0.343511,-86,287,30
38600,continuous_motion,-0.449219,0.379639,0.820068,43.809,-7.679389,-7.335878,-0.015267,-85,286,33
38620,continuous_motion,-0.431641,0.391357,0.828125,43.821,-7.717557,-8.671756,-0.396947,-85,286,33
38640,continuous_motion,-0.415771,0.393066,0.860596,43.824,-10.625955,-6.587786,-0.458015,-85,286,33
38660,continuous_motion,-0.420898,0.371582,0.863770,43.833,-12.877863,-3.625954,-0.954198,-85,286,33
38680,continuous_motion,-0.431885,0.341797,0.871826,43.839,-11.038168,-2.412214,-1.259542,-83,283,40
38700,continuous_motion,-0.437012,0.335938,0.869141,43.833,-7.465649,-2.908397,-1.213740,-83,283,40
38720,continuous_motion,-0.443604,0.353271,0.869629,43.842,-4.000000,-2.389313,-0.946565,-83,283,40
38740,continuous_motion,-0.424072,0.348633,0.862549,43.839,-1.961832,-1.274809,-0.190840,-83,283,45
38760,continuous_motion,-0.422363,0.357910,0.868652,43.845,-2.610687,0.549618,0.473282,-83,283,45
38780,continuous_motion,-0.429199,0.347900,0.858887,43.821,-2.229008,1.152672,0.221374,-83,283,45
38801,continuous_motion,-0.435059,0.351563,0.854980,43.851,-0.106870,0.664122,-0.083969,-83,282,44
38820,continuous_motion,-0.427002,0.363037,0.848389,43.815,0.969466,0.717557,-0.259542,-83,282,44
38840,continuous_motion,-0.435791,0.365479,0.837891,43.830,0.603053,0.770992,-0.656489,-83,282,44
38860,continuous_motion,-0.431641,0.360107,0.848145,43.833,-1.351145,1.290076,-0.541985,-83,282,44
38880,continuous_motion,-0.431885,0.349854,0.849609,43.839,-1.534351,1.190840,-0.748092,-82,282,45
38900,continuous_motion,-0.432129,0.352783,0.855225,43.827,-0.572519,0.870229,-0.511450,-82,282,45
38920,continuous_motion,-0.436279,0.353027,0.849854,43.818,1.366412,0.152672,-1.076336,-82,282,45
38940,continuous_motion,-0.435547,0.363281,0.840332,43.827,2.908397,-0.709924,-1.358779,-82,283,44
38960,continuous_motion,-0.431396,0.360352,0.839111,43.848,2.694656,-1.312977,-1.396947,-82,283,44
38980,continuous_motion,-0.433838,0.359619,0.844482,43.827,0.946565,-1.236641,-0.877863,-82,283,44
39000,continuous_motion,-0.436523,0.354248,0.839111,43.792,-0.480916,-1.129771,-0.396947,-81,283,46
39020,continuous_motion,-0.427490,0.354492,0.851318,43.809,-0.534351,-1.343511,-0.160305,-81,283,46
39040,continuous_motion,-0.430908,0.356445,0.848877,43.818,0.404580,-1.832061,-0.488550,-81,283,46
39060,continuous_motion,-0.417236,0.356445,0.858643,43.821,1.190840,-2.015267,-0.587786,-81,283,46
39080,continuous_motion,-0.411133,0.363037,0.883545,43.827,0.152672,0.030534,-0.496183,-81,283,46
39100,continuous_motion,-0.423828,0.343262,0.877441,43.801,0.183206,2.114504,-0.473282,-81,283,46
39120,continuous_motion,-0.430176,0.336670,0.867920,43.833,3.496183,2.183206,-0.625954,-81,283,46
39140,continuous_motion,-0.416748,0.350098,0.873535,43.815,4.900764,3.351145,-0.328244,-81,283,46
39160,continuous_motion,-0.423584,0.356201,0.879639,43.839,5.595420,5.625954,-0.076336,-81,283,46
39180,continuous_motion,-0.420898,0.355713,0.881348,43.836,7.099236,7.274809,-0.297710,-81,283,46
39201,continuous_motion,-0.434082,0.347900,0.861084,43.845,10.022901,8.328244,-0.961832,-83,284,43
39220,continuous_motion,-0.439941,0.358154,0.840576,43.809,12.557252,7.885496,-1.175573,-83,284,43
39240,continuous_motion,-0.442383,0.364502,0.831055,43.833,13.595420,6.977099,-1.091603,-83,284,43
39260,continuous_motion,-0.446777,0.377930,0.821289,43.842,13.374045,6.404580,-0.732824,-83,284,43
39280,continuous_motion,-0.445068,0.386963,0.811523,43.827,13.877863,4.870229,-0.885496,-83,286,35
39300,continuous_motion,-0.447998,0.386963,0.801758,43.845,12.412213,3.656489,-1.045802,-83,286,35
39320,continuous_motion,-0.452148,0.396240,0.804443,43.809,9.687023,3.206107,-0.717557,-83,286,35
39340,continuous_motion,-0.444824,0.390625,0.812988,43.818,6.992366,2.633588,-0.503817,-84,287,31
39360,continuous_motion,-0.444336,0.393555,0.823242,43.818,5.480916,1.954198,-0.389313,-84,287,31
39380,continuous_motion,-0.438965,0.396484,0.836670,43.809,3.687023,2.396947,-0.442748,-84,287,31
39400,continuous_motion,-0.438721,0.388184,0.839600,43.827,2.786260,3.580153,-0.503817,-85,288,30
39420,continuous_motion,-0.443604,0.378662,0.850830,43.830,4.450382,4.381680,-0.587786,-85,288,30
39440,continuous_motion,-0.449219,0.371094,0.842529,43.833,7.908397,4.381680,-0.946565,-85,288,30
39460,continuous_motion,-0.442871,0.389160,0.840332,43.815,12.007633,4.030534,-1.297710,-85,288,30
39480,continuous_motion,-0.446533,0.398926,0.831299,43.821,13.007633,4.511450,-1.229008,-85,290,27
39500,continuous_motion,-0.446777,0.405273,0.817627,43.815,12.290076,5.679389,-0.916031,-85,290,27
39520,continuous_motion,-0.457764,0.404297,0.806641,43.845,12.099236,5.664122,-0.877863,-85,290,27
39540,continuous_motion,-0.450439,0.419189,0.804688,43.845,11.877863,4.877862,-1.137405,-87,291,21
39560,continuous_motion,-0.459229,0.422363,0.790283,43.833,9.458015,4.893130,-0.877863,-87,291,21
39580,continuous_motion,-0.458496,0.427490,0.790283,43.833,6.854962,4.694656,-0.793893,-87,291,21
39600,continuous_motion,-0.458252,0.427246,0.792969,43.798,4.656488,4.312977,-0.763359,-87,291,21
39621,continuous_motion,-0.462891,0.427490,0.791504,43.836,2.610687,3.801527,-0.748092,-86,292,17
39640,continuous_motion,-0.457764,0.424072,0.791260,43.830,0.114504,4.061069,-0.389313,-86,292,17
39660,continuous_motion,-0.451660,0.418945,0.810303,43.809,-1.389313,4.358778,-0.282443,-86,292,17
39680,continuous_motion,-0.442383,0.413330,0.841064,43.824,-1.923664,6.526718,-0.335878,-86,293,16
39700,continuous_motion,-0.440430,0.405029,0.858398,43.812,-0.160305,9.038168,-0.618321,-86,293,16
39720,continuous_motion,-0.456787,0.388672,0.840332,43.833,4.572519,11.526717,-1.328244,-86,293,16
39740,continuous_motion,-0.465576,0.383545,0.845215,43.839,9.977099,12.709924,-1.541985,-87,293,10
39760,continuous_motion,-0.473877,0.391846,0.825195,43.821,15.366412,13.778625,-1.129771,-87,293,10
39780,continuous_motion,-0.476074,0.409912,0.804199,43.821,19.854961,13.541985,-1.000000,-87,293,10
39800,continuous_motion,-0.481689,0.426514,0.784668,43.806,21.847328,13.534351,-0.549618,-87,293,10
39820,continuous_motion,-0.485107,0.446289,0.762939,43.824,22.526718,12.564885,-0.870229,-87,299,0
39840,continuous_motion,-0.487061,0.453613,0.750000,43.856,21.000000,11.190840,-1.083969,-87,299,0
39860,continuous_motion,-0.495361,0.471436,0.732422,43.833,17.526718,10.450381,-1.007634,-87,299,0
39880,continuous_motion,-0.489990,0.472656,0.729980,43.833,13.427481,9.709924,-1.015267,-86,301,-9
39901,continuous_motion,-0.491455,0.480225,0.737549,43.833,8.801527,9.488549,-1.076336,-86,301,-9
39920,continuous_motion,-0.492188,0.479004,0.738037,43.824,4.709924,9.603053,-1.511450,-86,301,-9
39940,continuous_motion,-0.498291,0.470459,0.745117,43.815,1.343511,9.374045,-2.030534,-88,303,-16
39960,continuous_motion,-0.498291,0.454590,0.760254,43.815,-0.625954,9.320611,-1.969466,-88,303,-16
39980,continuous_motion,-0.499268,0.452393,0.758057,43.839,-0.717557,9.687023,-2.190840,-88,303,-16
40000,continuous_motion,-0.504395,0.444092,0.766846,43.818,0.465649,9.900764,-2.442748,-88,303,-16
40020,continuous_motion,-0.506104,0.443848,0.770752,43.830,2.106870,10.625955,-2.618321,-87,305,-21
40040,continuous_motion,-0.512207,0.435791,0.767334,43.827,5.305344,10.809160,-2.732824,-87,305,-21
40060,continuous_motion,-0.526367,0.428467,0.754150,43.827,8.717557,10.442748,-2.229008,-87,305,-21
40080,continuous_motion,-0.519775,0.443359,0.755615,43.836,11.893129,9.778625,-1.740458,-87,307,-27
40100,continuous_motion,-0.512695,0.464111,0.743652,43.804,13.114504,10.038168,-1.488550,-87,307,-27
40120,continuous_motion,-0.515625,0.464355,0.745605,43.845,12.908397,11.106871,-1.557252,-87,307,-27
40140,continuous_motion,-0.525879,0.461426,0.720215,43.795,12.580153,11.618320,-1.580153,-85,309,-35
40160,continuous_motion,-0.530762,0.467041,0.713867,43.821,12.725191,10.961832,-1.435114,-85,309,-35
40180,continuous_motion,-0.527100,0.487305,0.710693,43.815,11.419847,10.763359,-0.969466,-85,309,-35
40200,continuous_motion,-0.530762,0.493408,0.703369,43.845,8.603053,11.259542,-1.198473,-85,309,-35
40220,continuous_motion,-0.545654,0.482910,0.688477,43.848,6.625954,10.702291,-1.366412,-85,310,-42
40240,continuous_motion,-0.536865,0.484863,0.692383,43.839,5.045802,9.083969,-1.396947,-85,310,-42
40260,continuous_motion,-0.543457,0.476318,0.702881,43.845,3.824427,8.404580,-1.351145,-85,310,-42
40281,continuous_motion,-0.536865,0.481445,0.713867,43.824,2.839695,8.656488,-0.854962,-85,312,-49
40300,continuous_motion,-0.542480,0.465332,0.722412,43.827,4.061069,9.091603,-0.984733,-85,312,-49
40321,continuous_motion,-0.543701,0.454834,0.726074,43.827,7.870229,8.824428,-1.152672,-85,312,-49
40340,continuous_motion,-0.546631,0.461426,0.729492,43.833,11.679389,8.992367,-1.297710,-86,313,-54
40360,continuous_motion,-0.550781,0.468018,0.720459,43.830,14.961832,9.236641,-1.312977,-86,313,-54
40380,continuous_motion,-0.551758,0.480469,0.707520,43.812,16.549618,9.893129,-0.618321,-86,313,-54
40400,continuous_motion,-0.547119,0.486572,0.705566,43.812,17.312977,10.984733,-0.419847,-86,313,-54
40420,continuous_motion,-0.548584,0.492432,0.697510,43.848,18.251909,11.938931,-0.412214,-82,315,-62
40440,continuous_motion,-0.561523,0.492188,0.687744,43.809,19.595419,12.480916,-0.641221,-82,315,-62
40460,continuous_motion,-0.561035,0.505615,0.673584,43.845,21.083969,12.488549,-0.900763,-82,315,-62
40480,continuous_motion,-0.562744,0.509766,0.672119,43.848,21.427481,12.793893,-0.725191,-82,318,-73
40500,continuous_motion,-0.570557,0.511963,0.662598,43.801,21.122137,12.885496,-0.694656,-82,318,-73
40520,continuous_motion,-0.570557,0.514404,0.650635,43.804,21.702290,12.541985,-0.740458,-82,318,-73
40540,continuous_motion,-0.575928,0.522705,0.637207,43.812,22.580153,11.816793,-0.503817,-82,323,-83
40560,continuous_motion,-0.574219,0.534912,0.623779,43.842,22.351145,11.221375,-0.687023,-79,323,-83
40580,continuous_motion,-0.577637,0.540039,0.611572,43.836,20.961832,10.282443,-0.748092,-79,323,-83
40600,continuous_motion,-0.578613,0.541504,0.616211,43.859,18.786259,10.007633,-0.610687,-79,323,-83
40620,continuous_motion,-0.585205,0.545654,0.608887,43.809,17.267176,9.717557,-0.419847,-77,326,-90
40640,continuous_motion,-0.584229,0.546631,0.609375,43.795,17.190840,8.656488,-0.709924,-77,326,-90
40660,continuous_motion,-0.584473,0.549561,0.597900,43.812,16.709923,7.908397,-0.671756,-77,326,-90
40680,continuous_motion,-0.592285,0.548584,0.593994,43.839,16.473282,6.885496,-0.465649,-75,327,-98
40700,continuous_motion,-0.593262,0.553223,0.591553,43.812,17.061069,5.625954,-0.603053,-75,327,-98
40720,continuous_motion,-0.580811,0.554443,0.614990,43.842,16.641222,5.725191,-0.366412,-75,327,-98
40741,continuous_motion,-0.586670,0.549072,0.611572,43.795,17.381680,6.557252,-0.526718,-75,327,-98
40760,continuous_motion,-0.587646,0.554199,0.603271,43.801,20.083969,6.717557,-0.572519,-72,329,-103
40780,continuous_motion,-0.587646,0.563232,0.601074,43.804,22.885496,6.190840,-0.923664,-72,329,-103
40800,continuous_motion,-0.588623,0.576172,0.585205,43.818,22.877863,6.984733,-0.816794,-72,329,-103
40820,continuous_motion,-0.594971,0.574463,0.576172,43.806,22.496183,7.938931,-0.343511,-69,333,-111
40840,continuous_motion,-0.600586,0.580566,0.570313,43.833,23.045801,7.885496,-0.297710,-69,333,-111
40860,continuous_motion,-0.598877,0.587646,0.552246,43.798,23.396946,7.671756,-0.305344,-69,333,-111
40880,continuous_motion,-0.600342,0.597900,0.549316,43.809,23.229008,7.152672,-0.458015,-66,334,-117
40900,continuous_motion,-0.595459,0.596924,0.553467,43.815,22.038168,7.244275,-0.396947,-66,334,-117
40920,continuous_motion,-0.604004,0.587891,0.542480,43.815,21.908398,7.526718,-0.358779,-66,334,-117
40940,continuous_motion,-0.604736,0.589111,0.553711,43.821,23.778625,6.847328,-0.297710,-66,334,-117
40960,continuous_motion,-0.602539,0.586670,0.550293,43.801,26.648855,7.122138,-0.458015,-62,338,-123
40980,continuous_motion,-0.607666,0.590576,0.530273,43.821,30.618320,7.267176,-0.717557,-62,338,-123
41000,continuous_motion,-0.602539,0.616211,0.532227,43.824,34.671757,6.603054,-1.160305,-62,338,-123
41020,continuous_motion,-0.589844,0.631348,0.506592,43.818,34.374046,8.396947,-0.916031,-56,342,-131
41040,continuous_motion,-0.595703,0.645264,0.494141,43.836,32.671757,10.335877,-1.267176,-56,342,-131
41060,continuous_motion,-0.602783,0.652344,0.482178,43.812,30.427481,11.725191,-1.152672,-56,342,-131
41080,continuous_motion,-0.610840,0.652588,0.455566,43.801,27.862595,12.244275,-1.610687,-50,345,-140
41100,continuous_motion,-0.616455,0.666748,0.427979,43.812,25.854961,10.587787,-1.816794,-50,345,-140
41120,continuous_motion,-0.619629,0.684082,0.411621,43.821,20.977098,9.870229,-1.908397,-50,345,-140
41140,continuous_motion,-0.626465,0.678711,0.405518,43.830,13.755725,9.549619,-1.801527,-50,345,-140
41161,continuous_motion,-0.640625,0.661865,0.413086,43.798,8.427481,8.320611,-1.366412,-44,348,-146
41180,continuous_motion,-0.635010,0.660156,0.416748,43.830,5.236641,6.221374,-0.595420,-44,348,-146
41200,continuous_motion,-0.623291,0.661621,0.425781,43.821,2.839695,4.854962,0.053435,-44,348,-146
41220,continuous_motion,-0.623535,0.650879,0.441162,43.833,1.862595,3.877863,0.236641,-43,349,-152
41240,continuous_motion,-0.626221,0.646484,0.442871,43.818,3.595420,2.732824,-0.045802,-43,349,-152
41260,continuous_motion,-0.621582,0.655762,0.441650,43.812,5.419847,1.854962,-0.404580,-43,349,-152
41280,continuous_motion,-0.620850,0.673096,0.426270,43.818,5.000000,1.740458,-0.717557,-42,348,-153
41300,continuous_motion,-0.619873,0.683105,0.413574,43.836,1.412214,1.740458,-1.190840,-42,348,-153
41320,continuous_motion,-0.637695,0.671875,0.399902,43.821,-3.328244,1.175573,-0.954198,-42,348,-153
41340,continuous_motion,-0.644043,0.662354,0.401367,43.830,-7.458015,-0.816794,-0.038168,-42,348,-153
41360,continuous_motion,-0.636719,0.666504,0.397705,43.792,-11.061069,-2.931298,1.022901,-41,348,-149
41381,continuous_motion,-0.631104,0.658203,0.412354,43.821,-15.007633,-4.786260,1.526718,-41,348,-149
41400,continuous_motion,-0.624756,0.651123,0.426270,43.824,-17.893129,-6.709924,1.954198,-41,348,-149
41420,continuous_motion,-0.627686,0.646729,0.448975,43.806,-19.076336,-8.549619,2.076336,-47,347,-146
41440,continuous_motion,-0.617188,0.657959,0.445801,43.815,-18.870230,-11.320611,1.473282,-47,347,-146
41460,continuous_motion,-0.617188,0.663086,0.433838,43.827,-21.244274,-12.328244,1.099237,-47,347,-146
41480,continuous_motion,-0.603271,0.656006,0.465332,43.839,-27.496183,-11.893129,1.038168,-53,344,-136
41500,continuous_motion,-0.619141,0.635010,0.461426,43.798,-32.435116,-11.320611,1.809160,-53,344,-136
41520,continuous_motion,-0.618164,0.612305,0.469482,43.818,-33.160305,-13.358779,2.076336,-53,344,-136
41540,continuous_motion,-0.607422,0.620605,0.483398,43.830,-32.648853,-15.961832,2.061069,-53,344,-136
41560,continuous_motion,-0.586670,0.634766,0.511963,43.812,-34.480915,-17.732824,1.832061,-59,340,-124
41580,continuous_motion,-0.582031,0.621826,0.530762,43.833,-40.923664,-15.541985,2.206107,-59,340,-124
41600,continuous_motion,-0.591553,0.603516,0.552734,43.812,-44.832062,-13.732824,2.290076,-59,340,-124
41620,continuous_motion,-0.593018,0.585938,0.547852,43.848,-43.167938,-15.160305,1.030534,-67,335,-110
41640,continuous_motion,-0.594238,0.566895,0.562500,43.830,-39.404579,-18.450382,-0.229008,-67,335,-110
41660,continuous_motion,-0.579346,0.558350,0.603516,43.830,-38.213741,-19.480917,-0.114504,-67,335,-110
41680,continuous_motion,-0.574951,0.541016,0.615479,43.818,-38.145039,-17.916031,0.900763,-67,335,-110
41700,continuous_motion,-0.574219,0.533691,0.631348,43.795,-34.534351,-18.732824,1.183206,-72,328,-94
41720,continuous_motion,-0.553467,0.548340,0.653564,43.818,-32.610687,-17.625954,1.541985,-72,328,-94
41740,continuous_motion,-0.555420,0.542725,0.648926,43.830,-31.519083,-16.015266,0.725191,-72,328,-94
41760,continuous_motion,-0.550293,0.542480,0.648193,43.774,-31.259542,-15.190840,0.389313,-77,324,-79
41780,continuous_motion,-0.546143,0.524902,0.688232,43.809,-34.366413,-12.061069,1.511450,-77,324,-79
41800,continuous_motion,-0.555908,0.499512,0.687500,43.848,-34.068703,-9.343512,2.083969,-77,324,-79
41820,continuous_motion,-0.552246,0.495605,0.679199,43.854,-27.954199,-10.862596,1.320611,-80,319,-66
41840,continuous_motion,-0.544678,0.505371,0.686523,43.830,-23.358778,-12.221375,0.564886,-80,319,-66
41860,continuous_motion,-0.544189,0.507324,0.682617,43.804,-22.671755,-12.206107,0.343511,-80,319,-66
41880,continuous_motion,-0.541016,0.506104,0.686523,43.824,-23.938931,-11.221375,0.961832,-80,319,-66
41900,continuous_motion,-0.535889,0.499268,0.687256,43.833,-24.297710,-11.816793,0.931298,-80,316,-54
41921,continuous_motion,-0.531494,0.502686,0.697998,43.821,-25.343512,-11.847328,0.694656,-80,316,-54
41940,continuous_motion,-0.535645,0.493896,0.684814,43.824,-26.541985,-12.572519,0.412214,-80,316,-54
41960,continuous_motion,-0.534912,0.481934,0.693604,43.842,-28.748091,-13.381680,0.603053,-83,313,-41
41980,continuous_motion,-0.527100,0.477539,0.698486,43.818,-31.709923,-14.076336,1.274809,-83,313,-41
42000,continuous_motion,-0.524414,0.469238,0.718018,43.818,-33.877861,-15.015267,1.343511,-83,313,-41
42020,continuous_motion,-0.523438,0.458740,0.731689,43.839,-35.183205,-15.519084,1.419847,-84,307,-27
42040,continuous_motion,-0.502930,0.455811,0.735840,43.815,-35.984734,-16.259542,0.900763,-84,307,-27
42060,continuous_motion,-0.496826,0.444824,0.757813,43.827,-36.870228,-16.885496,-0.152672,-84,307,-27
42080,continuous_motion,-0.505127,0.421875,0.756836,43.812,-36.923664,-17.213741,-1.305344,-84,307,-27
42100,continuous_motion,-0.507324,0.402588,0.761719,43.824,-35.748093,-18.763359,-1.572519,-83,302,-8
42120,continuous_motion,-0.491699,0.400879,0.780518,43.821,-36.068703,-19.770992,-1.259542,-83,302,-8
42140,continuous_motion,-0.488037,0.388184,0.792236,43.824,-37.404579,-19.488550,-0.770992,-83,302,-8
42160,continuous_motion,-0.470215,0.377441,0.834961,43.824,-38.000000,-17.977098,-0.145038,-81,294,9
42180,continuous_motion,-0.465332,0.344727,0.852051,43.812,-36.931297,-15.793893,0.114504,-81,294,9
42200,continuous_motion,-0.460938,0.332764,0.885498,43.812,-31.664122,-13.435115,-0.045802,-81,294,9
42220,continuous_motion,-0.454834,0.318359,0.915527,43.833,-23.900763,-10.122137,-0.587786,-78,289,24
42240,continuous_motion,-0.446289,0.311279,0.913818,43.839,-15.755725,-7.061069,-1.297710,-78,289,24
42260,continuous_motion,-0.451660,0.304199,0.914063,43.833,-7.458015,-3.282443,-1.137405,-78,289,24
42280,continuous_motion,-0.448242,0.314453,0.901123,43.854,-0.709924,0.000000,-0.679389,-78,289,24
42300,continuous_motion,-0.452148,0.328125,0.879883,43.818,3.809160,3.763359,-0.106870,-77,287,31
42320,continuous_motion,-0.461182,0.333008,0.868164,43.859,6.221374,6.526718,0.343511,-77,287,31
42341,continuous_motion,-0.460938,0.339600,0.856934,43.812,8.679389,7.755725,0.564886,-77,287,31
42360,continuous_motion,-0.468506,0.344238,0.840088,43.821,10.129771,9.022901,0.541985,-77,289,25
42380,continuous_motion,-0.469971,0.348633,0.830566,43.801,12.137404,9.549619,0.297710,-77,289,25
42400,continuous_motion,-0.468750,0.354004,0.854004,43.812,14.412213,9.885496,-0.106870,-77,289,25
42420,continuous_motion,-0.474121,0.361084,0.833008,43.824,16.198473,10.847328,-0.549618,-79,292,17
42440,continuous_motion,-0.479492,0.352783,0.834229,43.812,18.175573,11.167939,-0.717557,-79,292,17
42460,continuous_motion,-0.481689,0.360352,0.833496,43.821,20.244274,11.816793,-0.618321,-79,292,17
42480,continuous_motion,-0.483887,0.361084,0.828125,43.827,22.633587,12.625955,-0.809160,-79,292,17
42500,continuous_motion,-0.486084,0.381836,0.817383,43.804,25.259542,13.206107,-0.885496,-80,295,8
42520,continuous_motion,-0.490234,0.390137,0.807129,43.818,26.366413,14.229008,-1.000000,-80,295,8
42540,continuous_motion,-0.490967,0.398193,0.797607,43.801,26.175573,15.396947,-0.893130,-80,295,8
42560,continuous_motion,-0.489502,0.412842,0.781738,43.815,24.053434,19.083969,-0.511450,-82,300,-7
42580,continuous_motion,-0.518799,0.399658,0.761719,43.833,25.534351,18.801527,-0.908397,-82,300,-7
42600,continuous_motion,-0.512695,0.415771,0.758789,43.818,27.984734,16.740458,-1.236641,-82,300,-7
42620,continuous_motion,-0.510986,0.432617,0.762451,43.809,27.015266,17.404581,-0.908397,-82,300,-7
42640,continuous_motion,-0.516357,0.428467,0.763428,43.830,26.557251,18.381680,-0.587786,-83,305,-22
42660,continuous_motion,-0.518799,0.426270,0.765625,43.827,28.045801,18.908398,-0.572519,-83,305,-22
42680,continuous_motion,-0.520996,0.427979,0.774902,43.818,31.374046,19.816793,-0.900763,-83,305,-22
42700,continuous_motion,-0.527100,0.426514,0.781982,43.845,34.923664,21.732824,-0.824428,-82,309,-37
42720,continuous_motion,-0.531006,0.426758,0.764893,43.812,40.969467,23.167938,-1.175573,-82,309,-37
42740,continuous_motion,-0.540527,0.437988,0.748779,43.839,47.870228,24.152672,-1.473282,-82,309,-37
42760,continuous_motion,-0.539795,0.459229,0.723145,43.780,53.290077,25.564886,-1.488550,-81,316,-57
42780,continuous_motion,-0.544189,0.478271,0.707031,43.821,56.435116,28.114504,-1.351145,-81,316,-57
42800,continuous_motion,-0.561279,0.501465,0.649902,43.806,58.862595,29.198473,-1.664122,-81,316,-57
42820,continuous_motion,-0.570557,0.519775,0.625000,43.783,60.404579,28.450382,-2.106870,-81,316,-57
42840,continuous_motion,-0.573730,0.540527,0.597168,43.804,59.404579,28.122137,-2.061069,-75,325,-84
42860,continuous_motion,-0.589355,0.556641,0.566406,43.824,56.946564,27.183207,-1.748092,-75,325,-84
42880,continuous_motion,-0.593018,0.576904,0.549561,43.815,52.274811,26.213741,-1.259542,-75,325,-84
42900,continuous_motion,-0.592285,0.599121,0.532959,43.777,47.167938,25.778625,-1.183206,-67,334,-105
42920,continuous_motion,-0.612793,0.593262,0.507324,43.806,42.580154,23.992367,-1.458015,-67,334,-105
42940,continuous_motion,-0.623047,0.599854,0.498535,43.824,39.595421,20.633587,-1.809160,-67,334,-105
42960,continuous_motion,-0.623047,0.614258,0.478027,43.809,34.396946,18.656488,-1.358779,-61,339,-124
42980,continuous_motion,-0.629883,0.619629,0.471680,43.821,30.916031,16.175573,-1.290076,-61,339,-124
43000,continuous_motion,-0.620850,0.632568,0.468506,43.812,26.511450,13.053435,-1.198473,-61,339,-124
43020,continuous_motion,-0.627197,0.617676,0.466064,43.830,21.748091,12.160305,-0.748092,-61,339,-124
43040,continuous_motion,-0.630615,0.612549,0.473145,43.809,20.000000,9.633588,-0.488550,-55,342,-135
43060,continuous_motion,-0.616455,0.615723,0.495117,43.842,19.419847,8.106871,-0.083969,-55,342,-135
43081,continuous_motion,-0.623047,0.613281,0.491211,43.821,20.694656,6.916030,0.007634,-55,342,-135
43100,continuous_motion,-0.616699,0.623047,0.502686,43.812,22.045801,6.549618,-0.267176,-50,345,-142
43120,continuous_motion,-0.613037,0.623291,0.510010,43.818,22.526718,7.328244,-0.167939,-50,345,-142
43140,continuous_motion,-0.620605,0.614990,0.492676,43.821,23.633587,8.633588,-0.076336,-50,345,-142
43160,continuous_motion,-0.613770,0.617432,0.493164,43.833,26.625954,9.251908,-0.328244,-46,347,-147
43180,continuous_motion,-0.618896,0.625977,0.474854,43.830,29.916031,9.450381,-0.534351,-46,347,-147
43200,continuous_motion,-0.625488,0.654785,0.454102,43.830,32.083969,9.977099,-1.198473,-46,347,-147
43220,continuous_motion,-0.632568,0.665039,0.416016,43.824,31.549618,10.076336,-2.000000,-46,347,-147
43240,continuous_motion,-0.635254,0.683838,0.394287,43.836,27.877863,9.977099,-2.312977,-39,351,-154
43260,continuous_motion,-0.634766,0.699707,0.353271,43.809,21.938931,9.381680,-2.496183,-39,351,-154
43280,continuous_motion,-0.645264,0.715332,0.329102,43.821,13.190840,7.190840,-2.671756,-39,351,-154
43300,continuous_motion,-0.660156,0.714844,0.306396,43.821,2.740458,4.870229,-2.427481,-34,353,-161
43320,continuous_motion,-0.673828,0.687744,0.308838,43.830,-9.221375,1.259542,-1.335878,-34,353,-161
43340,continuous_motion,-0.670166,0.683594,0.313477,43.809,-17.969465,-3.396947,0.213740,-34,353,-161
43360,continuous_motion,-0.669189,0.672607,0.343018,43.809,-25.213741,-9.656488,1.160305,-37,352,-157
43380,continuous_motion,-0.650146,0.656982,0.357178,43.833,-31.595419,-14.412213,2.229008,-37,352,-157
43400,continuous_motion,-0.648438,0.642334,0.390869,43.842,-36.694656,-17.358778,3.129771,-37,352,-157
43420,continuous_motion,-0.627930,0.635254,0.398926,43.824,-37.374046,-21.908398,3.061069,-37,352,-157
43440,continuous_motion,-0.628906,0.656006,0.404297,43.821,-39.244274,-25.633587,2.450382,-46,347,-145
43460,continuous_motion,-0.592041,0.679932,0.449463,43.821,-46.145039,-27.206106,1.938931,-46,347,-145
43480,continuous_motion,-0.602295,0.637451,0.476074,43.842,-57.213741,-24.259542,1.885496,-46,347,-145
43500,continuous_motion,-0.624268,0.586670,0.479004,43.836,-61.183205,-25.374046,2.045802,-56,340,-125
43520,continuous_motion,-0.629150,0.570313,0.474609,43.815,-59.587788,-31.038168,1.770992,-56,340,-125
43540,continuous_motion,-0.616211,0.573486,0.486572,43.839,-59.274811,-38.000000,2.381679,-56,340,-125
43560,continuous_motion,-0.578125,0.575684,0.529541,43.833,-66.312981,-39.816795,4.267176,-67,332,-97
43580,continuous_motion,-0.568359,0.523682,0.591309,43.815,-73.106873,-38.534351,5.992366,-67,332,-97
43600,continuous_motion,-0.559570,0.500244,0.650635,43.821,-72.229004,-39.068703,6.625954,-67,332,-97
43620,continuous_motion,-0.530029,0.498291,0.688477,43.830,-67.030533,-38.923664,5.893130,-67,332,-97
43641,continuous_motion,-0.508545,0.495605,0.725098,43.815,-61.732826,-37.862595,4.442748,-76,322,-64
43660,continuous_motion,-0.476318,0.489258,0.796631,43.827,-59.923664,-32.022900,3.335878,-76,322,-64
43681,continuous_motion,-0.486084,0.448486,0.834961,43.824,-56.893131,-23.251909,2.374046,-76,322,-64
43700,continuous_motion,-0.498291,0.404541,0.826416,43.842,-44.893131,-18.305344,0.587786,-79,313,-36
43720,continuous_motion,-0.495605,0.397217,0.840332,43.821,-29.374046,-16.664122,-1.290076,-79,313,-36
43740,continuous_motion,-0.490967,0.427734,0.827637,43.804,-17.213741,-12.954199,-2.038168,-79,313,-36
43760,continuous_motion,-0.491455,0.437988,0.804199,43.827,-12.603053,-8.145039,-1.412214,-79,313,-36
43780,continuous_motion,-0.495117,0.451172,0.773682,43.812,-12.778625,-3.954198,-0.213740,-79,307,-24
43800,continuous_motion,-0.515381,0.449951,0.754639,43.824,-14.206107,-1.328244,0.541985,-79,307,-24
43820,continuous_motion,-0.514160,0.459717,0.729736,43.833,-15.297709,-1.267176,1.091603,-79,307,-24
43840,continuous_motion,-0.516602,0.465576,0.718018,43.815,-17.664122,-2.534351,1.022901,-80,305,-20
43860,continuous_motion,-0.513428,0.459961,0.724854,43.842,-21.938931,-3.427481,1.137405,-80,305,-20
43880,continuous_motion,-0.505859,0.456787,0.728027,43.818,-26.221375,-4.519084,1.404580,-80,305,-20
43900,continuous_motion,-0.509277,0.445557,0.742676,43.824,-29.244274,-6.633588,0.763359,-82,303,-11
43920,continuous_motion,-0.516357,0.425537,0.740234,43.836,-31.480917,-8.190840,0.381679,-82,303,-11
43940,continuous_motion,-0.514160,0.404785,0.756836,43.821,-31.725191,-10.717557,0.160305,-82,303,-11
43960,continuous_motion,-0.491455,0.404785,0.785889,43.804,-33.274811,-11.396947,0.488550,-82,303,-11
43980,continuous_motion,-0.485352,0.388184,0.794189,43.827,-35.442749,-9.984733,0.709924,-81,297,0
44000,continuous_motion,-0.491699,0.363037,0.812500,43.824,-34.511452,-9.526717,0.786260,-81,297,0
44020,continuous_motion,-0.478271,0.376709,0.800049,43.830,-31.236641,-10.297709,-0.053435,-81,297,0
44040,continuous_motion,-0.488281,0.349854,0.817627,43.845,-30.152672,-11.732824,-0.694656,-77,293,15
44060,continuous_motion,-0.495361,0.341064,0.841553,43.818,-29.374046,-10.893129,-0.160305,-77,293,15
44080,continuous_motion,-0.468018,0.321045,0.866211,43.818,-25.900763,-10.198473,0.038168,-77,293,15
44100,continuous_motion,-0.457764,0.307861,0.887207,43.815,-19.824427,-9.251908,-0.442748,-75,288,28
44120,continuous_motion,-0.462891,0.313721,0.885742,43.824,-13.099236,-7.648855,-1.404580,-75,288,28
44140,continuous_motion,-0.452881,0.320313,0.880859,43.839,-8.427481,-5.618320,-1.656489,-75,288,28
44160,continuous_motion,-0.447754,0.308105,0.863281,43.815,-7.694656,-3.519084,-1.595420,-75,288,28
44180,continuous_motion,-0.476563,0.310059,0.865479,43.836,-6.374046,-1.824428,-1.419847,-73,287,32
44200,continuous_motion,-0.474854,0.301758,0.866455,43.842,-4.396946,0.267176,0.007634,-73,287,32
44220,continuous_motion,-0.472412,0.322266,0.837646,43.818,-2.442748,0.877863,0.679389,-73,287,32
44240,continuous_motion,-0.465576,0.339844,0.825195,43.821,-1.297710,-0.358779,0.297710,-73,285,33
44260,continuous_motion,-0.464600,0.345215,0.820801,43.812,-5.145038,-0.396947,0.541985,-73,285,33
44280,continuous_motion,-0.475098,0.329834,0.818604,43.839,-9.030535,-0.610687,0.564886,-73,285,33
44300,continuous_motion,-0.468994,0.325439,0.835449,43.830,-10.351145,-1.335878,0.305344,-73,285,35
44320,continuous_motion,-0.462891,0.292969,0.872803,43.815,-8.763359,-2.366412,-0.175573,-73,285,35
44340,continuous_motion,-0.450195,0.291748,0.895752,43.827,-3.770992,-2.045802,-0.480916,-73,285,35
44360,continuous_motion,-0.446533,0.312744,0.874756,43.848,0.702290,-0.580153,-0.969466,-73,285,35
44380,continuous_motion,-0.454346,0.316162,0.859131,43.827,0.748092,1.267176,-1.022901,-72,284,38
44400,continuous_motion,-0.462891,0.311523,0.852539,43.833,-0.748092,2.435115,-0.534351,-72,284,38
44420,continuous_motion,-0.465820,0.301025,0.863770,43.842,-0.145038,2.778626,-0.061069,-72,284,38
44440,continuous_motion,-0.460205,0.313721,0.860352,43.851,0.916031,3.564885,0.251908,-71,283,38
44460,continuous_motion,-0.458984,0.314453,0.852783,43.833,1.229008,4.091603,0.061069,-71,283,38
44480,continuous_motion,-0.461914,0.316406,0.851318,43.809,1.610687,4.358778,-0.267176,-71,283,38
44500,continuous_motion,-0.465576,0.306396,0.862305,43.845,1.793893,4.541985,-0.030534,-72,283,36
44520,continuous_motion,-0.456543,0.312744,0.877686,43.815,2.167939,5.694656,0.229008,-72,283,36
44540,continuous_motion,-0.450928,0.302490,0.888428,43.845,2.305344,8.793893,0.938931,-72,283,36
44560,continuous_motion,-0.452393,0.276855,0.918457,43.804,5.114504,12.664123,1.030534,-72,283,36
44580,continuous_motion,-0.452148,0.283936,0.916504,43.836,12.740458,15.030535,0.358779,-73,285,31
44600,continuous_motion,-0.472412,0.286133,0.895508,43.815,22.625954,16.809160,-1.015267,-73,285,31
44620,continuous_motion,-0.436768,0.326172,0.936279,43.815,27.740458,19.893129,-1.045802,-73,285,31
44640,continuous_motion,-0.475098,0.330322,0.841553,43.859,26.564886,27.435114,-0.381679,-77,291,16
44660,continuous_motion,-0.473877,0.345703,0.857178,43.806,28.328245,29.374046,-0.801527,-77,291,16
44680,continuous_motion,-0.468750,0.359863,0.868652,43.801,27.770992,35.106869,-0.938931,-77,291,16
44700,continuous_motion,-0.495605,0.352051,0.853271,43.827,26.068703,41.847328,-0.664122,-77,291,16
44720,continuous_motion,-0.513428,0.343506,0.809082,43.836,29.343512,44.633587,-0.679389,-80,297,-8
44740,continuous_motion,-0.527588,0.347412,0.789795,43.815,33.206108,44.954197,-0.488550,-80,297,-8
44760,continuous_motion,-0.540283,0.362793,0.759766,43.824,34.099236,47.221375,0.564886,-80,297,-8
44780,continuous_motion,-0.569580,0.366943,0.727539,43.798,35.083969,48.076336,1.061069,-83,305,-39
44800,continuous_motion,-0.605469,0.358643,0.681641,43.827,38.267174,45.274811,2.022901,-83,305,-39
44820,continuous_motion,-0.602783,0.367920,0.685547,43.827,42.183205,41.862595,3.488550,-83,305,-39
44840,continuous_motion,-0.632568,0.380127,0.637207,43.809,48.870228,35.793892,4.213740,-84,312,-72
44860,continuous_motion,-0.615967,0.434082,0.636230,43.833,54.526718,28.763359,4.610687,-84,312,-72
44881,continuous_motion,-0.602539,0.491211,0.630371,43.842,51.480915,27.549618,4.557252,-84,312,-72
44900,continuous_motion,-0.604492,0.512695,0.598389,43.842,42.206108,29.167938,4.977099,-84,312,-72
44920,continuous_motion,-0.614990,0.529053,0.574463,43.815,32.801525,29.412214,5.244275,-82,319,-97
44940,continuous_motion,-0.621094,0.525879,0.559570,43.833,25.793894,26.931297,3.656489,-82,319,-97
44960,continuous_motion,-0.644043,0.509521,0.557617,43.824,21.511450,23.549618,2.633588,-82,319,-97
44980,continuous_motion,-0.655273,0.515869,0.541016,43.839,19.366413,18.473282,1.664122,-81,322,-115
45000,continuous_motion,-0.643066,0.534912,0.551758,43.804,14.587787,15.541985,1.564886,-81,322,-115
45020,continuous_motion,-0.641113,0.545654,0.552002,43.827,7.114504,14.305344,1.083969,-81,322,-115
45040,continuous_motion,-0.646484,0.525635,0.547119,43.812,2.320611,12.167939,0.236641,-81,325,-124
45060,continuous_motion,-0.648682,0.524902,0.552979,43.833,-0.496183,9.198473,-0.580153,-81,325,-124
45080,continuous_motion,-0.642090,0.515869,0.570557,43.836,-2.961832,7.236641,-1.221374,-81,325,-124
45100,continuous_motion,-0.640381,0.495605,0.610840,43.824,-6.007634,7.977099,-0.862595,-81,325,-124
45120,continuous_motion,-0.635498,0.475830,0.630615,43.809,-4.572519,9.160305,-0.435114,-82,324,-128
45140,continuous_motion,-0.634277,0.467529,0.647461,43.798,0.259542,10.763359,-0.748092,-82,324,-128
45160,continuous_motion,-0.638916,0.468750,0.643799,43.830,6.335878,12.412213,-1.297710,-82,324,-128
45180,continuous_motion,-0.641602,0.469482,0.650391,43.827,11.106871,14.923664,-1.282443,-82,324,-135
45200,continuous_motion,-0.655029,0.478516,0.609863,43.806,16.099237,16.748091,-1.061069,-82,324,-135
45220,continuous_motion,-0.644287,0.508057,0.608643,43.806,18.648855,18.396946,-1.030534,-82,324,-135
45240,continuous_motion,-0.649170,0.500488,0.599609,43.809,17.145039,22.526718,-0.458015,-79,327,-145
45260,continuous_motion,-0.660645,0.487305,0.587891,43.809,19.045801,24.351145,-0.450382,-79,327,-145
45280,continuous_motion,-0.678955,0.485840,0.553955,43.824,23.412214,25.236641,-0.129771,-79,327,-145
45300,continuous_motion,-0.664795,0.525391,0.549316,43.830,26.793894,24.244274,-0.259542,-79,327,-145
45320,continuous_motion,-0.668457,0.532959,0.541992,43.836,22.458015,28.053434,0.740458,-75,331,-163
45341,continuous_motion,-0.692383,0.523193,0.500732,43.806,19.404581,30.282442,1.488550,-75,331,-163
45360,continuous_motion,-0.699951,0.526855,0.482910,43.821,20.343512,28.374046,1.404580,-75,331,-163
45380,continuous_motion,-0.704346,0.539063,0.447998,43.818,20.541985,25.648855,1.244275,-73,333,-183
45400,continuous_motion,-0.721924,0.546143,0.420166,43.836,20.664122,21.465649,0.473282,-73,333,-183
45420,continuous_motion,-0.718018,0.571289,0.402100,43.809,18.664122,17.083969,0.557252,-73,333,-183
45440,continuous_motion,-0.724121,0.578613,0.376221,43.815,12.557252,12.770992,0.488550,-69,334,-193
45460,continuous_motion,-0.732666,0.573242,0.371094,43.821,5.961832,8.549619,0.381679,-69,334,-193
45480,continuous_motion,-0.751953,0.562256,0.363281,43.812,2.603053,1.832061,0.068702,-69,334,-193
45500,continuous_motion,-0.740723,0.571045,0.371338,43.812,-0.725191,-5.106870,0.450382,-69,334,-193
45520,continuous_motion,-0.730957,0.593506,0.366699,43.830,-7.450382,-10.236641,0.916031,-69,335,-197
45540,continuous_motion,-0.720459,0.593994,0.380127,43.821,-15.938931,-14.229008,0.740458,-69,335,-197
45560,continuous_motion,-0.710205,0.573486,0.416504,43.812,-25.786259,-17.732824,0.717557,-69,335,-197
45580,continuous_motion,-0.715820,0.547119,0.424561,43.824,-30.595419,-20.587786,0.595420,-74,332,-185
45600,continuous_motion,-0.694336,0.531494,0.477539,43.827,-31.404581,-24.893129,-0.259542,-74,332,-185
45620,continuous_motion,-0.671875,0.525635,0.522217,43.809,-33.213741,-25.519083,0.160305,-74,332,-185
45640,continuous_motion,-0.660400,0.527100,0.562988,43.804,-34.977100,-23.877863,0.290076,-79,328,-164
45660,continuous_motion,-0.651855,0.497314,0.586426,43.842,-35.114502,-20.839695,-0.236641,-79,328,-164
45680,continuous_motion,-0.650879,0.492676,0.603027,43.827,-33.022900,-17.946566,-0.908397,-79,328,-164
45700,continuous_motion,-0.659180,0.462158,0.622559,43.836,-28.885496,-15.244275,-1.274809,-79,328,-164
45720,continuous_motion,-0.663574,0.452637,0.625000,43.804,-21.870230,-13.755725,-0.992366,-85,323,-149
45740,continuous_motion,-0.649658,0.481445,0.613770,43.830,-15.175572,-13.091603,-1.053435,-85,323,-149
45760,continuous_motion,-0.647705,0.497803,0.596680,43.804,-13.656488,-11.251908,-1.519084,-85,323,-149
45780,continuous_motion,-0.643311,0.525391,0.571777,43.818,-17.152672,-9.412213,-1.633588,-88,320,-139
45800,continuous_motion,-0.666748,0.493408,0.568848,43.842,-22.610687,-7.847328,-2.625954,-88,320,-139
45820,continuous_motion,-0.680908,0.470703,0.565430,43.812,-22.519083,-10.564885,-3.106870,-88,320,-139
45840,continuous_motion,-0.670166,0.474609,0.562012,43.824,-21.480917,-14.839695,-3.404580,-88,320,-139
45860,continuous_motion,-0.653076,0.483887,0.566650,43.833,-24.992367,-17.007633,-3.022901,-87,318,-126
45880,continuous_motion,-0.650635,0.476563,0.587891,43.827,-33.015266,-16.854961,-1.877863,-87,318,-126
45900,continuous_motion,-0.661621,0.450684,0.602295,43.836,-37.854961,-17.251909,-1.206107,-87,318,-126
45920,continuous_motion,-0.675781,0.459229,0.583740,43.821,-41.877861,-24.282442,-3.885496,-91,314,-109
45940,continuous_motion,-0.595215,0.426514,0.602295,43.824,-53.923664,-35.977100,-12.183207,-91,314,-109
45961,continuous_motion,-0.559570,0.315186,0.684082,43.809,-54.015266,-37.900764,-24.229008,-91,314,-109
45980,continuous_motion,-0.630127,0.349854,0.748291,43.871,-43.229008,-35.572517,-25.106871,-88,314,-82
46001,continuous_motion,-0.600830,0.329834,0.772217,43.818,-31.717558,-37.015266,-19.083969,-88,314,-82
46020,continuous_motion,-0.574463,0.344727,0.799072,43.798,-22.465649,-31.748091,-15.465649,-88,314,-82
46040,continuous_motion,-0.580078,0.366699,0.798584,43.804,-15.832061,-29.106871,-12.022901,-88,314,-82
46060,continuous_motion,-0.589844,0.377930,0.800049,43.827,-13.175572,-32.106869,-10.099236,-82,313,-59
46080,continuous_motion,-0.598877,0.354736,0.811768,43.809,-12.824428,-34.969467,-9.946565,-82,313,-59
46100,continuous_motion,-0.599121,0.330078,0.813477,43.836,-12.404580,-36.305344,-8.511451,-82,313,-59
46120,continuous_motion,-0.592773,0.326416,0.805420,43.848,-10.221375,-39.175571,-4.664122,-77,316,-38
46140,continuous_motion,-0.594971,0.332764,0.793701,43.815,-9.496183,-42.625954,-1.679389,-77,316,-38
46160,continuous_motion,-0.561768,0.323730,0.795166,43.824,-9.167939,-46.175571,-0.946565,-77,316,-38
46180,continuous_motion,-0.536377,0.320801,0.803467,43.824,-8.687023,-46.908398,-0.679389,-76,318,-13
46200,continuous_motion,-0.516602,0.310547,0.809326,43.812,-5.427481,-42.679390,-1.274809,-76,318,-13
46220,continuous_motion,-0.518311,0.340088,0.795166,43.798,-3.938931,-36.396946,-1.312977,-76,318,-13
46240,continuous_motion,-0.524658,0.354980,0.774170,43.821,-6.412214,-37.603054,-0.755725,-76,318,-13
46260,continuous_motion,-0.517822,0.352783,0.789063,43.848,-11.900764,-43.908398,-1.564886,-76,318,11
46280,continuous_motion,-0.500000,0.332520,0.811279,43.856,-14.916031,-47.793892,-3.809160,-76,318,11
46300,continuous_motion,-0.496338,0.317627,0.824951,43.827,-16.343512,-49.656490,-6.030534,-76,318,11
46320,continuous_motion,-0.471680,0.316162,0.846680,43.818,-17.824427,-51.312977,-5.396946,-73,318,39
46340,continuous_motion,-0.440918,0.307617,0.866455,43.804,-17.564886,-52.190838,-3.496183,-73,318,39
46360,continuous_motion,-0.418701,0.294189,0.875977,43.851,-15.931297,-53.580154,-4.244275,-73,318,39
46380,continuous_motion,-0.397461,0.277100,0.905273,43.842,-13.618320,-55.022900,-8.595420,-67,312,70
46400,continuous_motion,-0.367432,0.254883,0.925049,43.824,-12.267176,-54.320610,-12.687023,-67,312,70
46420,continuous_motion,-0.327637,0.244629,0.951660,43.839,-9.198473,-48.786259,-12.870229,-67,312,70
46440,continuous_motion,-0.310303,0.252197,0.957031,43.795,-4.694656,-41.748093,-9.687023,-67,312,70
46460,continuous_motion,-0.318115,0.272461,0.954834,43.848,-1.015267,-34.091602,-6.755725,-59,308,99
46480,continuous_motion,-0.325439,0.279541,0.946289,43.806,0.038168,-31.687023,-6.595420,-59,308,99
46501,continuous_motion,-0.332275,0.272705,0.949707,43.792,-0.007634,-32.541985,-8.793893,-59,308,99
46520,continuous_motion,-0.323730,0.291260,0.952881,43.804,0.167939,-33.450382,-11.366412,-56,307,115
46540,continuous_motion,-0.329590,0.317871,0.952148,43.827,0.267176,-35.083969,-13.305344,-56,307,115
46560,continuous_motion,-0.340332,0.332520,0.935547,43.827,-4.580153,-45.152672,-12.465649,-56,307,115
46580,continuous_motion,-0.330078,0.312256,0.954834,43.839,-10.068703,-58.877861,-10.358779,-49,302,140
46600,continuous_motion,-0.283936,0.285645,0.967773,43.815,-12.656488,-72.404579,-10.083969,-49,302,140
46620,continuous_motion,-0.234863,0.274902,0.969482,43.777,-12.870229,-80.519081,-11.083969,-49,302,140
46640,continuous_motion,-0.196777,0.284424,0.963867,43.801,-17.732824,-87.778625,-11.496183,-49,302,140
46660,continuous_motion,-0.149414,0.256348,0.976318,43.801,-24.671755,-94.114502,-11.534351,-39,288,182
46680,continuous_motion,-0.082031,0.221436,1.027100,43.845,-27.251909,-93.870232,-12.396947,-39,288,182
46700,continuous_motion,-0.057617,0.198975,1.033936,43.818,-24.229008,-86.824425,-16.458015,-39,288,182
46720,continuous_motion,-0.039063,0.176758,1.033203,43.812,-22.068703,-79.389313,-21.664122,-27,266,226
46740,continuous_motion,-0.039063,0.180664,1.019043,43.830,-21.312977,-71.679390,-25.854961,-27,266,226
46760,continuous_motion,-0.032959,0.164551,1.008057,43.827,-23.030535,-73.030533,-27.458015,-27,266,226
46780,continuous_motion,-0.009277,0.162598,0.994873,43.804,-23.259542,-79.595421,-27.900763,-27,266,226
46800,continuous_motion,-0.002197,0.159424,0.979736,43.806,-26.038168,-90.053436,-29.488550,-9,245,264
46820,continuous_motion,0.044189,0.151855,0.957275,43.827,-29.854961,-99.267174,-31.145039,-9,245,264
46840,continuous_motion,0.102539,0.135742,0.974121,43.804,-32.229008,-105.893127,-29.854961,-9,245,264
46860,continuous_motion,0.137207,0.141357,0.932129,43.821,-33.129772,-108.465652,-24.954199,14,214,305
46880,continuous_motion,0.194824,0.094971,0.976563,43.818,-33.702290,-108.076332,-21.541985,14,214,305
46900,continuous_motion,0.200684,0.088867,0.950928,43.827,-28.984734,-98.885498,-18.496183,14,214,305
46921,continuous_motion,0.240234,0.104736,0.936768,43.856,-25.389313,-93.221375,-13.473283,34,173,341
46940,continuous_motion,0.290283,0.097412,0.955322,43.815,-26.610687,-87.450378,-10.328244,34,173,341
46960,continuous_motion,0.307617,0.080566,0.966309,43.812,-29.770992,-75.717560,-9.946565,34,173,341
46980,continuous_motion,0.291260,0.065430,0.939209,43.827,-29.351145,-64.732826,-10.816793,34,173,341
47000,continuous_motion,0.308838,0.065674,0.927002,43.801,-31.572519,-63.839695,-9.969465,50,139,367
47020,continuous_motion,0.352051,0.051758,0.974365,43.815,-32.442749,-62.984734,-9.412213,50,139,367
47040,continuous_motion,0.347900,0.055420,0.974365,43.789,-29.312977,-56.793892,-10.687023,50,139,367
47060,continuous_motion,0.318604,0.035400,0.940674,43.818,-27.854961,-55.106869,-14.083969,67,111,386
47081,continuous_motion,0.355469,0.050049,0.908691,43.824,-29.175573,-60.465649,-15.702291,67,111,386
47100,continuous_motion,0.402344,0.034180,0.929688,43.827,-33.717556,-66.114502,-16.137405,67,111,386
47120,continuous_motion,0.412842,-0.009521,0.918213,43.836,-31.763359,-64.816795,-15.603053,87,82,404
47141,continuous_motion,0.453857,0.001221,0.927490,43.827,-22.717558,-65.183205,-13.763359,87,82,404
47160,continuous_motion,0.475830,0.021484,0.895020,43.839,-18.389313,-64.984734,-11.603053,87,82,404
47180,continuous_motion,0.498291,0.026123,0.897705,43.827,-20.244274,-62.160305,-10.969465,87,82,404
47200,continuous_motion,0.525879,0.004883,0.886230,43.833,-24.374046,-59.305344,-11.534351,101,48,416
47220,continuous_motion,0.571289,-0.017334,0.909180,43.818,-23.091602,-53.755726,-11.297709,101,48,416
47240,continuous_motion,0.587891,-0.036621,0.884033,43.818,-15.175572,-46.259541,-9.519084,101,48,416
47260,continuous_motion,0.607178,-0.028809,0.881836,43.836,-9.007633,-37.709923,-7.458015,114,19,426
47280,continuous_motion,0.620361,-0.013428,0.878174,43.824,-7.793893,-29.206106,-1.610687,114,19,426
47300,continuous_motion,0.623779,-0.013916,0.862549,43.836,-7.404580,-24.885496,1.755725,114,19,426
47320,continuous_motion,0.615723,-0.007324,0.848877,43.830,-6.877862,-22.793894,-1.083969,122,5,435
47340,continuous_motion,0.625000,-0.028076,0.825928,43.833,-8.954199,-23.198473,-7.793893,122,5,435
47360,continuous_motion,0.635986,-0.017822,0.831543,43.821,-9.435115,-26.213741,-12.725191,122,5,435
47380,continuous_motion,0.643799,-0.028809,0.764404,43.804,-9.259542,-26.022902,-9.679389,122,5,435
47400,continuous_motion,0.691650,-0.048828,0.820557,43.827,-11.839695,-30.320610,-5.679389,131,-11,440
47420,continuous_motion,0.736572,-0.088623,0.785400,43.836,-6.603054,-30.877863,-4.389313,131,-11,440
47440,continuous_motion,0.720947,-0.068604,0.778809,43.818,0.557252,-28.351145,-8.908397,131,-11,440
47460,continuous_motion,0.728271,-0.021729,0.779053,43.827,0.603053,-26.870230,-13.816793,139,-32,445
47480,continuous_motion,0.733398,-0.019287,0.809814,43.830,-4.129771,-18.824427,-21.114504,139,-32,445
47500,continuous_motion,0.716064,-0.037842,0.810303,43.845,-0.183206,-6.511450,-31.992367,139,-32,445
47521,continuous_motion,0.686768,-0.021484,0.803711,43.815,9.022901,7.519084,-41.709923,147,-46,450
47540,continuous_motion,0.694824,0.023682,0.824219,43.854,14.015267,17.908398,-46.038166,147,-46,450
47560,continuous_motion,0.671631,0.038330,0.826416,43.815,13.656488,28.198473,-44.328243,147,-46,450
47580,continuous_motion,0.652344,0.065674,0.842529,43.848,16.015266,38.259541,-42.358780,147,-46,450
47600,continuous_motion,0.612549,0.094971,0.847900,43.812,17.977098,47.564884,-40.244274,149,-42,448
47620,continuous_motion,0.583252,0.119385,0.869873,43.845,17.129770,56.488548,-38.862595,149,-42,448
47641,continuous_motion,0.544189,0.076904,0.871094,43.839,15.702291,66.152672,-37.083969,149,-42,448
47660,continuous_motion,0.527100,0.089600,0.879639,43.821,22.427481,74.183205,-34.580154,146,-16,442
47680,continuous_motion,0.508545,0.119629,0.870605,43.833,29.030535,82.083969,-32.977100,146,-16,442
47700,continuous_motion,0.479980,0.156982,0.882568,43.818,27.000000,87.297707,-31.564886,146,-16,442
47720,continuous_motion,0.452393,0.165283,0.901855,43.830,20.740458,91.755722,-28.465649,139,24,429
47740,continuous_motion,0.414551,0.147461,0.895264,43.806,14.366412,93.541985,-21.587786,139,24,429
47760,continuous_motion,0.388916,0.193115,0.889404,43.827,11.977099,93.954201,-12.763359,139,24,429
47781,continuous_motion,0.347412,0.221436,0.870605,43.824,9.534351,91.259544,-7.328244,139,24,429
47800,continuous_motion,0.327148,0.175781,0.853271,43.795,11.022901,83.732826,-4.358778,135,70,412
47821,continuous_motion,0.312988,0.167480,0.878418,43.798,13.847328,73.458015,-0.312977,135,70,412
47840,continuous_motion,0.289551,0.169922,0.871338,43.809,16.190840,68.099236,-0.152672,135,70,412
47860,continuous_motion,0.307373,0.170898,0.884277,43.801,18.343512,66.885498,-1.480916,128,104,397
47880,continuous_motion,0.294678,0.193359,0.908203,43.777,18.450382,72.480919,-3.076336,128,104,397
47900,continuous_motion,0.264160,0.186523,0.942139,43.830,16.740458,83.076332,-6.572519,128,104,397
47920,continuous_motion,0.203369,0.167725,0.932861,43.809,16.877863,90.198471,-7.450382,128,104,397
47940,continuous_motion,0.134033,0.172852,0.912354,43.830,25.251909,86.106873,-8.305344,119,139,375
47960,continuous_motion,0.107910,0.226318,0.946777,43.815,31.580153,77.969467,-10.198473,119,139,375
47980,continuous_motion,0.109619,0.251221,0.984863,43.812,26.511450,72.335876,-10.083969,119,139,375
48000,continuous_motion,0.055664,0.221436,0.970459,43.812,19.366413,68.488548,-10.511451,109,172,353
48020,continuous_motion,0.036377,0.211426,0.981201,43.812,23.419847,60.297710,-10.648855,109,172,353
48041,continuous_motion,0.050293,0.250488,1.012451,43.806,27.358778,55.427483,-10.152672,109,172,353
48060,continuous_motion,0.040283,0.266357,1.023926,43.830,27.167938,58.442749,-10.839695,103,197,333
48080,continuous_motion,0.020996,0.261963,1.029297,43.806,27.786259,64.175575,-11.839695,103,197,333
48100,continuous_motion,0.011475,0.236084,1.014648,43.795,33.984734,68.381676,-10.572519,103,197,333
48120,continuous_motion,-0.008301,0.275635,1.016846,43.786,41.603054,72.183205,-8.206107,103,197,333
48140,continuous_motion,-0.037842,0.295654,0.999756,43.809,44.366413,76.213737,-8.610687,90,222,307
48160,continuous_motion,-0.072998,0.304932,0.957764,43.804,46.198475,79.694656,-10.030535,90,222,307
48180,continuous_motion,-0.092773,0.321533,0.942383,43.804,45.679390,81.503815,-7.511450,90,222,307
48200,continuous_motion,-0.105225,0.335205,0.942139,43.824,46.274811,82.442749,-4.244275,75,248,273
48221,continuous_motion,-0.153076,0.341797,0.903809,43.833,50.122139,85.992363,-3.717557,75,248,273
48240,continuous_motion,-0.215820,0.377441,0.866211,43.804,52.748093,87.381676,-6.030534,75,248,273
48260,continuous_motion,-0.276123,0.403076,0.875732,43.821,52.801525,85.145035,-5.007634,58,271,231
48280,continuous_motion,-0.351563,0.465820,0.865479,43.795,51.832062,84.503815,6.839694,58,271,231
48300,continuous_motion,-0.423096,0.508057,0.818359,43.812,47.938931,79.297707,13.839695,58,271,231
48320,continuous_motion,-0.427246,0.532715,0.813232,43.806,38.450382,61.938931,12.854961,58,271,231
48340,continuous_motion,-0.408936,0.527588,0.803467,43.830,25.419847,45.480915,5.641222,38,289,195
48360,continuous_motion,-0.384521,0.484619,0.798096,43.821,15.816793,34.076336,-2.450382,38,289,195
48380,continuous_motion,-0.366943,0.471436,0.822266,43.809,11.633588,28.351145,-5.480916,38,289,195
48400,continuous_motion,-0.361572,0.505615,0.831055,43.842,7.412214,26.419847,-8.236641,34,296,176
48420,continuous_motion,-0.324951,0.522217,0.854248,43.824,2.053435,28.335878,-9.534351,34,296,176
48440,continuous_motion,-0.322754,0.535400,0.842773,43.824,-6.557252,34.068703,-12.030535,34,296,176
48460,continuous_motion,-0.345459,0.483398,0.866455,43.809,-14.702291,37.519085,-17.946566,39,300,163
48480,continuous_motion,-0.368896,0.413330,0.859131,43.795,-12.229008,41.770992,-18.938931,39,300,163
48501,continuous_motion,-0.373779,0.396484,0.805664,43.809,-1.114504,44.083969,-17.190840,39,300,163
48520,continuous_motion,-0.409912,0.445068,0.827881,43.804,7.671756,42.793892,-16.083969,39,300,163
48540,continuous_motion,-0.439697,0.452393,0.808838,43.821,11.076336,42.030533,-18.862595,46,307,144
48560,continuous_motion,-0.410645,0.449219,0.802246,43.786,17.656488,43.984734,-19.343512,46,307,144
48580,continuous_motion,-0.476074,0.446289,0.744629,43.815,19.725191,45.923664,-23.374046,46,307,144
48600,continuous_motion,-0.512939,0.474854,0.771973,43.809,18.977098,32.778625,-23.381680,52,314,121
48620,continuous_motion,-0.534912,0.479004,0.741211,43.795,16.740458,25.290077,-20.809160,52,314,121
48640,continuous_motion,-0.508057,0.499512,0.738770,43.815,14.961832,21.145039,-20.175573,52,314,121
48660,continuous_motion,-0.508057,0.494141,0.732666,43.830,5.877862,14.755725,-19.763359,59,316,110
48680,continuous_motion,-0.490723,0.463623,0.730469,43.812,-2.152672,7.145038,-16.412214,59,316,110
48700,continuous_motion,-0.467041,0.427490,0.741699,43.795,-2.244275,3.343511,-14.595420,59,316,110
48720,continuous_motion,-0.441406,0.424072,0.737305,43.821,-0.801527,1.664122,-14.000000,59,316,110
48740,continuous_motion,-0.461182,0.485840,0.747070,43.821,-0.671756,0.419847,-13.152672,66,316,108
48760,continuous_motion,-0.490234,0.476074,0.745117,43.818,-11.175572,-8.763359,-10.519084,66,316,108
48780,continuous_motion,-0.476563,0.436768,0.735840,43.804,-18.343512,-17.030535,-7.610687,66,316,108
48800,continuous_motion,-0.465576,0.423584,0.782227,43.798,-22.206106,-20.236641,-4.763359,74,314,115
48820,continuous_motion,-0.417725,0.455322,0.863281,43.815,-20.725191,-11.847328,-4.770992,74,314,115
48840,continuous_motion,-0.348877,0.475098,0.953857,43.833,-21.572519,3.633588,-12.496183,74,314,115
48860,continuous_motion,-0.406982,0.436768,0.899414,43.812,-30.114504,20.480917,-15.748092,74,314,115
48880,continuous_motion,-0.403320,0.399658,0.791260,43.821,-46.053436,31.770992,-14.534351,80,312,117
48900,continuous_motion,-0.551514,0.351074,0.711182,43.815,-55.725189,32.969467,-8.541985,80,312,117
48920,continuous_motion,-0.526367,0.306885,0.710693,43.795,-55.603054,19.648855,-4.770992,80,312,117
48940,continuous_motion,-0.518066,0.293457,0.739014,43.798,-44.664124,6.908397,-0.786260,90,314,106
48960,continuous_motion,-0.546875,0.302734,0.724121,43.827,-29.725191,-3.038168,1.885496,90,314,106
48980,continuous_motion,-0.558594,0.293213,0.717285,43.824,-13.893129,-15.183207,0.870229,90,314,106
49000,continuous_motion,-0.542480,0.311035,0.750000,43.795,-5.465649,-26.595419,2.900763,94,309,112
49020,continuous_motion,-0.505615,0.333496,0.799561,43.798,-6.992366,-33.473282,5.519084,94,309,112
49041,continuous_motion,-0.506592,0.339111,0.821289,43.809,-11.664123,-34.908398,6.312977,94,309,112
49060,continuous_motion,-0.471924,0.335449,0.834229,43.801,-18.587786,-33.778625,6.969466,94,309,112
49081,continuous_motion,-0.452393,0.308105,0.846436,43.809,-23.213741,-30.893129,6.687023,94,302,127
49100,continuous_motion,-0.443604,0.281250,0.862549,43.804,-24.916031,-29.167938,8.381680,94,302,127
49120,continuous_motion,-0.439941,0.280273,0.885010,43.801,-25.145039,-29.503817,11.656488,94,302,127
49140,continuous_motion,-0.443604,0.268555,0.878906,43.812,-20.870230,-29.809160,13.129771,95,295,142
49160,continuous_motion,-0.444092,0.275879,0.866699,43.824,-15.007633,-33.572517,14.893129,95,295,142
49180,continuous_motion,-0.422607,0.288086,0.880371,43.780,-4.793893,-40.297710,14.908397,95,295,142
49200,continuous_motion,-0.399414,0.306885,0.890869,43.815,10.038168,-43.732826,11.488549,88,284,159
49220,continuous_motion,-0.390869,0.334961,0.897461,43.789,20.213741,-46.786259,8.244275,88,284,159
49240,continuous_motion,-0.352295,0.327881,0.915771,43.842,22.770992,-48.717556,6.229008,88,284,159
49260,continuous_motion,-0.330078,0.333740,0.920654,43.848,19.732824,-47.816795,7.297710,88,284,159
49280,continuous_motion,-0.326904,0.364502,0.918701,43.812,15.374045,-45.992367,9.267176,83,272,181
49300,continuous_motion,-0.304199,0.378174,0.933350,43.812,14.114504,-45.045803,7.603054,83,272,181
49320,continuous_motion,-0.276367,0.365234,0.907959,43.821,14.473283,-44.763359,5.977099,83,272,181
49340,continuous_motion,-0.270020,0.357910,0.887451,43.809,15.793893,-46.221375,4.938931,78,259,200
49360,continuous_motion,-0.294678,0.365479,0.870605,43.812,17.396946,-52.389313,5.244275,78,259,200
49380,continuous_motion,-0.263672,0.354248,0.888672,43.809,20.793894,-60.732826,6.717557,78,259,200
49400,continuous_motion,-0.226563,0.339600,0.908691,43.821,25.435114,-65.389313,8.152672,71,242,224
49420,continuous_motion,-0.204102,0.336670,0.906982,43.815,29.312977,-67.351143,11.343512,71,242,224
49440,continuous_motion,-0.171143,0.362549,0.891846,43.806,28.419847,-68.351143,16.351145,71,242,224
49460,continuous_motion,-0.170654,0.410400,0.895752,43.786,21.702290,-67.183205,20.312977,71,242,224
49480,continuous_motion,-0.125732,0.422119,0.920898,43.809,12.022901,-66.374046,22.145039,62,220,250
49500,continuous_motion,-0.094238,0.402344,0.910156,43.806,6.496183,-63.664124,21.580153,62,220,250
49520,continuous_motion,-0.076172,0.372559,0.904297,43.809,4.648855,-58.167938,21.801527,62,220,250
49540,continuous_motion,-0.051270,0.390869,0.898438,43.806,5.175572,-54.007633,23.106871,55,198,274
49560,continuous_motion,-0.068604,0.437012,0.893555,43.783,3.618321,-51.435116,22.183207,55,198,274
49580,continuous_motion,-0.062012,0.433350,0.875000,43.821,-5.030534,-52.824429,19.740458,55,198,274
49600,continuous_motion,-0.029297,0.394531,0.895020,43.827,-11.106871,-57.366413,18.251909,52,176,292
49620,continuous_motion,0.000732,0.373779,0.929443,43.830,-5.137404,-58.389313,18.312977,52,176,292
49640,continuous_motion,0.009766,0.400635,0.947998,43.818,3.870229,-56.534351,14.671756,52,176,292
49660,continuous_motion,0.026367,0.412842,0.961182,43.818,8.519084,-54.656490,10.000000,52,176,292
49680,continuous_motion,0.036133,0.414063,0.952148,43.818,9.992367,-54.778625,5.465649,52,154,310
49700,continuous_motion,0.056885,0.413330,0.953857,43.812,10.389313,-55.580154,2.946565,52,154,310
49720,continuous_motion,0.085205,0.401855,0.958496,43.795,10.748092,-56.137405,2.709924,52,154,310
49741,continuous_motion,0.114746,0.399414,0.950195,43.809,14.648855,-57.106869,4.083970,50,131,327
49760,continuous_motion,0.154541,0.405762,0.963135,43.809,17.961832,-59.167938,4.938931,50,131,327
49780,continuous_motion,0.195801,0.404785,0.956787,43.804,21.236641,-59.129772,6.526718,50,131,327
49800,continuous_motion,0.210449,0.414063,0.947266,43.818,18.900763,-59.595421,11.648855,42,107,340
49820,continuous_motion,0.224365,0.434570,0.911621,43.806,17.755726,-60.908398,17.740458,42,107,340
49840,continuous_motion,0.265381,0.451904,0.938232,43.821,23.091602,-61.931297,19.282442,42,107,340
49860,continuous_motion,0.280518,0.496094,0.907227,43.795,27.236641,-60.152672,18.267176,42,107,340
49880,continuous_motion,0.294189,0.502686,0.876221,43.827,26.503817,-58.167938,14.030535,33,77,353
49900,continuous_motion,0.311768,0.499756,0.861084,43.827,24.679390,-55.793892,10.740458,33,77,353
49920,continuous_motion,0.325928,0.545166,0.879150,43.804,22.725191,-51.496181,7.511450,33,77,353
49940,continuous_motion,0.335693,0.543457,0.867188,43.815,16.870230,-42.709923,1.534351,22,52,363
49960,continuous_motion,0.335449,0.506592,0.838379,43.804,9.000000,-38.435116,-2.213740,22,52,363
49981,continuous_motion,0.354004,0.488281,0.822266,43.836,6.328244,-36.038166,-4.534351,22,52,363
50000,continuous_motion,0.347412,0.474121,0.793457,43.842,6.374046,-34.748093,-7.145038,22,52,363
50020,continuous_motion,0.338623,0.458984,0.763428,43.827,7.519084,-38.587788,-7.633588,23,33,372
50040,continuous_motion,0.346436,0.462646,0.763916,43.809,9.938931,-45.961834,-6.564886,23,33,372
50060,continuous_motion,0.372314,0.495117,0.778320,43.806,11.694656,-50.099236,-5.557252,23,33,372
50080,continuous_motion,0.395752,0.504639,0.801270,43.804,10.114504,-50.900764,-5.671756,21,13,381
50100,continuous_motion,0.401855,0.498047,0.776855,43.801,7.244275,-50.900764,-6.007634,21,13,381
50120,continuous_motion,0.399170,0.485596,0.776855,43.806,6.106870,-52.549618,-6.496183,21,13,381
50140,continuous_motion,0.431885,0.500732,0.812256,43.821,7.374046,-50.938931,-7.068702,23,-13,390
50160,continuous_motion,0.449219,0.517578,0.833740,43.818,5.091603,-43.541985,-6.473282,23,-13,390
50180,continuous_motion,0.461426,0.518066,0.847412,43.809,-0.122137,-34.198475,-5.931298,23,-13,390
50200,continuous_motion,0.461670,0.529785,0.859375,43.815,-6.152672,-20.801527,-6.290076,23,-13,390
50220,continuous_motion,0.477539,0.523926,0.881348,43.830,-12.259542,-4.923664,-7.122138,26,-31,398
50240,continuous_motion,0.457031,0.517578,0.878418,43.845,-21.763359,13.366412,-8.068703,26,-31,398
50260,continuous_motion,0.456055,0.494141,0.897705,43.795,-30.854961,29.603054,-7.374046,26,-31,398
50280,continuous_motion,0.440430,0.486572,0.924561,43.804,-40.213741,49.755726,-5.801527,40,-22,399
50300,continuous_motion,0.421143,0.455322,0.919922,43.830,-46.969467,67.580154,-4.374046,40,-22,399
50320,continuous_motion,0.376953,0.422363,0.902832,43.809,-51.595421,82.114502,-1.633588,40,-22,399
50340,continuous_motion,0.366943,0.384766,0.892822,43.833,-52.763359,89.404579,1.557252,63,14,394
50360,continuous_motion,0.340820,0.377930,0.885010,43.815,-50.129772,92.312981,5.770992,63,14,394
50380,continuous_motion,0.318359,0.399170,0.902344,43.812,-47.603054,92.633591,7.786260,63,14,394
50400,continuous_motion,0.293213,0.398926,0.905762,43.798,-46.572517,94.045799,8.145039,63,14,394
50420,continuous_motion,0.265137,0.387695,0.899170,43.827,-45.526718,92.160309,7.274809,83,59,378
50441,continuous_motion,0.260010,0.375244,0.925537,43.833,-39.664124,89.519081,6.854962,83,59,378
50460,continuous_motion,0.234863,0.386719,0.923828,43.795,-33.053436,87.854965,5.702290,83,59,378
50480,continuous_motion,0.206055,0.391602,0.912354,43.815,-31.625954,84.045799,4.213740,96,100,356
50500,continuous_motion,0.160400,0.386963,0.913818,43.804,-31.488550,78.763359,2.000000,96,100,356
50520,continuous_motion,0.120850,0.382568,0.925781,43.795,-27.442749,73.106873,-1.793893,96,100,356
50540,continuous_motion,0.087158,0.342773,0.899414,43.789,-14.755725,65.068703,-7.816794,105,131,336
50560,continuous_motion,0.096680,0.320313,0.900879,43.809,0.564886,56.496181,-11.633588,105,131,336
50581,continuous_motion,0.087402,0.328369,0.878174,43.818,5.519084,47.984734,-12.396947,105,131,336
50600,continuous_motion,0.059814,0.340576,0.860840,43.833,0.351145,42.687023,-10.099236,105,131,336
50620,continuous_motion,0.041016,0.350098,0.845947,43.827,-8.412213,34.427483,-9.839695,108,151,322
50640,continuous_motion,0.038818,0.333984,0.887451,43.809,-16.603054,24.351145,-10.099236,108,151,322
50660,continuous_motion,0.041748,0.330078,0.949707,43.792,-18.267176,16.885496,-8.946565,108,151,322
50680,continuous_motion,0.041260,0.349365,1.012207,43.806,-14.656488,16.152672,-12.671756,116,161,316
50700,continuous_motion,0.040527,0.336182,1.016357,43.818,-13.839695,18.908398,-16.595419,116,161,316
50720,continuous_motion,0.037354,0.328613,1.043701,43.812,-18.198473,23.610687,-18.564886,116,161,316
50740,continuous_motion,0.018311,0.326660,1.092773,43.818,-23.748091,29.885496,-18.335878,128,171,310
50760,continuous_motion,-0.013184,0.342773,1.113037,43.812,-26.312977,41.412212,-21.160305,128,171,310
50780,continuous_motion,-0.028320,0.308594,1.101563,43.815,-30.770992,55.396946,-27.641222,128,171,310
50800,continuous_motion,-0.048096,0.259521,1.086914,43.827,-35.160305,65.908394,-30.793894,128,171,310
50820,continuous_motion,-0.078369,0.242432,1.077148,43.809,-36.824429,75.770996,-31.015266,147,192,292
50840,continuous_motion,-0.106689,0.226563,1.056396,43.854,-39.854961,89.564888,-31.977098,147,192,292
50860,continuous_motion,-0.129395,0.169434,1.003418,43.815,-49.030533,98.511452,-30.274809,147,192,292
50880,continuous_motion,-0.172852,0.130859,0.968750,43.801,-57.381680,100.167938,-22.175573,170,222,258
50900,continuous_motion,-0.206787,0.139893,0.935791,43.833,-59.473282,98.190842,-12.328244,170,222,258
50920,continuous_motion,-0.258789,0.169922,0.925049,43.827,-56.671757,96.488548,-9.267176,170,222,258
50940,continuous_motion,-0.305420,0.154297,0.872314,43.801,-53.671757,89.450378,-16.450382,170,248,258
50960,continuous_motion,-0.333740,0.110107,0.836670,43.806,-50.083969,75.259544,-21.183207,190,248,216
50980,continuous_motion,-0.367188,0.015137,0.844482,43.804,-42.755726,55.824429,-21.664122,190,248,216
51000,continuous_motion,-0.383789,-0.018311,0.847900,43.806,-27.793894,38.206108,-8.618320,190,248,216
51021,continuous_motion,-0.389648,0.012695,0.861084,43.809,-12.610687,23.022902,-4.274809,205,261,189
51040,continuous_motion,-0.369873,0.009277,0.890137,43.801,-5.687023,9.320611,-0.236641,205,261,189
51060,continuous_motion,-0.364014,0.024170,0.907715,43.798,-0.450382,-0.358779,5.687023,205,261,189
51081,continuous_motion,-0.362061,0.078613,0.945801,43.815,4.000000,-6.175572,7.908397,201,262,183
51100,continuous_motion,-0.357422,0.115967,0.963623,43.804,4.778626,-4.687023,4.572519,201,262,183
51120,continuous_motion,-0.363770,0.112793,0.955566,43.806,1.305344,-2.389313,0.198473,201,262,183
51140,continuous_motion,-0.351807,0.084473,0.959473,43.806,-3.679389,-2.221374,-0.312977,201,262,183
51160,continuous_motion,-0.350342,0.091064,0.974609,43.806,-6.778626,-1.748092,1.465649,199,260,183
51180,continuous_motion,-0.359863,0.108887,0.982910,43.815,-6.977099,0.213740,0.603053,199,260,183
51200,continuous_motion,-0.369141,0.092041,0.958984,43.792,-6.511450,1.557252,-2.740458,199,260,183
51220,continuous_motion,-0.362061,0.048340,0.941895,43.804,-6.977099,-1.595420,-2.251908,196,260,183
51241,continuous_motion,-0.362793,0.062744,0.970947,43.809,-4.419847,-5.824428,0.007634,196,260,183
51260,continuous_motion,-0.351807,0.088135,1.002930,43.801,-1.267176,-5.900764,-0.633588,196,260,183
51280,continuous_motion,-0.348145,0.082764,0.989014,43.804,-0.183206,-2.198473,-3.786260,196,260,182
51300,continuous_motion,-0.352051,0.043457,0.960449,43.801,0.595420,-1.618321,-5.954198,196,260,182
51320,continuous_motion,-0.344727,0.054932,0.976318,43.818,5.282443,-2.908397,-3.664122,196,260,182
51340,continuous_motion,-0.339111,0.087891,0.989502,43.789,10.503817,-1.274809,-3.786260,196,260,182
51360,continuous_motion,-0.344238,0.098145,0.960693,43.806,12.312977,2.335878,-7.740458,194,258,183
51380,continuous_motion,-0.356934,0.073486,0.907471,43.798,12.732824,0.580153,-11.396947,194,258,183
51400,continuous_motion,-0.346680,0.085205,0.917236,43.812,18.175573,-5.984733,-12.549619,194,258,183
51420,continuous_motion,-0.344727,0.112793,0.928955,43.827,22.206106,-9.717557,-15.419847,191,259,187
51440,continuous_motion,-0.354736,0.097168,0.879883,43.812,24.687023,-11.610687,-19.977098,191,259,187
51460,continuous_motion,-0.366455,0.092529,0.827393,43.806,31.885496,-20.221375,-26.122137,191,259,187
51480,continuous_motion,-0.353516,0.081787,0.839355,43.830,39.068703,-36.198475,-28.190840,193,250,197
51500,continuous_motion,-0.316650,0.079834,0.875732,43.830,46.198475,-47.343510,-25.580153,193,250,197
51520,continuous_motion,-0.299561,0.078369,0.906250,43.824,50.427483,-52.580154,-22.229008,193,250,197
51540,continuous_motion,0.373535,0.617920,1.911133,43.818,7.213740,-16.725191,-8.580153,193,250,197
51560,continuous_motion,-0.245605,0.180420,0.778564,43.809,-22.038168,27.862595,-16.832062,194,240,217
51581,continuous_motion,-0.218018,0.114502,0.963623,43.804,-8.229008,20.000000,-19.167938,194,240,217
51600,continuous_motion,-0.282959,0.068604,0.911865,43.839,-6.404580,11.564885,-13.832061,194,240,217
51620,continuous_motion,-0.356689,-0.016602,0.825195,43.818,-15.114504,3.351145,-6.274809,204,242,207
51640,continuous_motion,-0.307617,-0.029785,0.834961,43.827,-6.053435,-9.908397,-1.725191,204,242,207
51660,continuous_motion,-0.267090,0.072266,1.001221,43.815,0.320611,-12.473283,0.763359,204,242,207
51680,continuous_motion,-0.281982,0.095215,0.913818,43.812,10.267176,-15.328244,4.183206,205,240,212
51700,continuous_motion,-0.191162,0.215576,1.017578,43.821,12.923664,-16.335878,2.129771,205,240,212
51720,continuous_motion,-0.226563,0.183594,1.009521,43.804,2.167939,-8.015267,-2.000000,205,240,212
51740,continuous_motion,-0.255371,0.076660,1.012695,43.830,3.167939,-5.435114,0.381679,205,240,212
51760,continuous_motion,-0.225586,0.114258,1.032471,43.821,11.297709,-3.404580,8.114504,206,235,217
51780,continuous_motion,-0.212402,0.146484,1.017578,43.818,11.007633,1.916031,8.511451,206,235,217
51800,continuous_motion,-0.277100,0.153320,0.961914,43.809,7.412214,6.786260,14.770992,206,235,217
51820,continuous_motion,-0.230713,0.131104,1.022217,43.786,3.900763,0.625954,17.007633,200,236,216
51840,continuous_motion,-0.288330,0.178955,0.991211,43.827,3.274809,5.694656,16.297710,200,236,216
51860,continuous_motion,-0.307617,0.177002,0.984863,43.795,-1.282443,3.877863,11.748092,200,236,216
51880,continuous_motion,-0.292480,0.174072,1.002930,43.786,-5.480916,0.503817,7.122138,195,236,215
51900,continuous_motion,-0.283691,0.146484,1.023682,43.809,-5.847328,0.671756,7.099236,195,236,215
51920,continuous_motion,-0.285889,0.138184,1.031250,43.792,-3.160305,2.106870,7.229008,195,236,215
51940,continuous_motion,-0.271729,0.127686,1.028076,43.824,-5.580153,0.358779,6.480916,195,236,215
51960,continuous_motion,-0.252930,0.113037,1.046875,43.795,-6.465649,1.778626,6.664122,194,238,215
51980,continuous_motion,-0.257324,0.077637,1.050049,43.821,-4.488550,7.541985,6.893130,194,238,215
52000,continuous_motion,-0.260010,0.105225,1.043213,43.801,0.656489,17.519083,7.190840,194,238,215
52020,continuous_motion,-0.271240,0.129639,1.015381,43.795,2.312977,25.183207,6.656488,192,241,210
52040,continuous_motion,-0.284912,0.130127,0.980225,43.836,2.893130,29.061069,5.908397,192,241,210
52060,continuous_motion,-0.291504,0.114014,0.963623,43.824,5.335878,30.122137,5.847328,192,241,210
52080,continuous_motion,-0.307861,0.118408,0.963867,43.798,10.473283,32.801525,4.587786,192,241,210
52100,continuous_motion,-0.356934,0.141113,0.919922,43.792,14.694656,31.809160,2.435115,186,252,199
52120,continuous_motion,-0.368164,0.168213,0.891846,43.792,13.824428,24.519083,1.396947,186,252,199
52140,continuous_motion,-0.368652,0.172607,0.887207,43.806,11.847328,18.244274,1.038168,186,252,199
52160,continuous_motion,-0.396484,0.183105,0.892090,43.839,10.809160,10.389313,0.931298,181,257,192
52180,continuous_motion,-0.336426,0.160889,0.916748,43.783,8.038168,-1.740458,-0.412214,181,257,192
52200,continuous_motion,-0.330322,0.182373,0.923340,43.815,9.396947,-3.106870,-0.824428,181,257,192
52220,continuous_motion,-0.315674,0.185059,0.924561,43.795,7.503817,-6.297710,-1.167939,178,258,192
52240,continuous_motion,-0.281006,0.172363,0.949463,43.824,5.526718,-4.083970,-0.862595,178,258,192
52261,continuous_motion,-0.298828,0.174561,0.955078,43.801,5.259542,4.740458,-1.305344,178,258,192
52280,continuous_motion,-0.333496,0.188721,0.943115,43.780,3.251908,4.664122,-0.442748,178,258,192
52301,continuous_motion,-0.327881,0.178955,0.943115,43.827,1.396947,-3.603053,1.358779,178,256,194
52320,continuous_motion,-0.327637,0.184082,0.937256,43.798,2.122137,-12.984733,3.755725,178,256,194
52340,continuous_motion,-0.318848,0.190186,0.946777,43.795,-0.198473,-25.793894,7.839694,178,256,194
52360,continuous_motion,-0.325195,0.181152,0.945801,43.833,-3.335878,-36.000000,11.625955,176,253,201
52380,continuous_motion,-0.304443,0.193848,0.951904,43.801,-6.129771,-46.977100,15.763359,176,253,201
52400,continuous_motion,-0.214844,0.166748,0.979980,43.827,-5.603054,-52.656490,20.038168,176,253,201
52420,continuous_motion,-0.115479,0.118896,1.032227,43.801,-1.519084,-54.450382,26.984734,168,242,219
52440,continuous_motion,-0.198975,0.199707,1.047363,43.804,4.732824,-49.618320,30.160305,168,242,219
52460,continuous_motion,-0.205322,0.200928,1.018311,43.830,10.679389,-45.458015,28.854961,168,242,219
52480,continuous_motion,-0.191650,0.179443,1.025391,43.821,14.167939,-44.152672,31.129770,168,242,219
52500,continuous_motion,-0.154785,0.180664,1.003418,43.821,17.366413,-41.458015,33.786259,154,231,239
52520,continuous_motion,-0.150879,0.215576,0.980957,43.827,18.274809,-41.145039,33.618320,154,231,239
52540,continuous_motion,-0.106689,0.222168,0.984619,43.806,13.145039,-42.473282,32.587788,154,231,239
52560,continuous_motion,-0.143066,0.229248,0.933105,43.786,12.641221,-40.374046,32.633587,136,218,255
52580,continuous_motion,-0.085693,0.303955,0.959473,43.792,16.328245,-48.267174,30.282442,136,218,255
52600,continuous_motion,-0.071289,0.263916,0.946533,43.792,8.900764,-47.076336,32.870228,136,218,255
52620,continuous_motion,-0.135010,0.205322,0.886963,43.801,13.534351,-47.000000,22.519083,121,204,272
52640,continuous_motion,-0.136230,0.165771,0.876709,43.804,28.564886,-58.717556,13.618320,121,204,272
52660,continuous_motion,-0.093262,0.290527,0.881836,43.798,47.992367,-69.160309,9.862596,121,204,272
52680,continuous_motion,-0.033936,0.395752,0.916748,43.798,63.022900,-79.664124,-5.442748,121,204,272
52700,continuous_motion,0.035645,0.400391,0.918945,43.801,62.641220,-84.938934,-17.923664,105,178,298
52720,continuous_motion,0.106934,0.339111,0.949951,43.815,51.068703,-83.969467,-21.442749,105,178,298
52740,continuous_motion,0.130127,0.314209,0.906738,43.771,43.068703,-86.435112,-15.526717,105,178,298
52760,continuous_motion,0.165527,0.339111,0.899414,43.806,42.381680,-90.022903,-8.236641,95,143,324
52781,continuous_motion,0.199219,0.391846,0.936523,43.801,40.396946,-88.511452,-6.122138,95,143,324
52800,continuous_motion,0.211182,0.408936,0.927734,43.789,34.312977,-84.862595,-7.305344,95,143,324
52821,continuous_motion,0.248291,0.421387,0.955078,43.818,30.106871,-80.343513,-9.068703,86,106,347
52840,continuous_motion,0.263428,0.437744,0.942383,43.812,29.893129,-73.969467,-12.793893,86,106,347
52860,continuous_motion,0.283447,0.464355,0.961426,43.821,28.755726,-66.748093,-18.992367,86,106,347
52880,continuous_motion,0.295654,0.459229,0.959473,43.821,24.274809,-59.809162,-23.206106,86,106,347
52900,continuous_motion,0.309082,0.430908,0.950684,43.798,20.396946,-53.541985,-25.274809,84,75,363
52920,continuous_motion,0.310303,0.445801,0.944092,43.812,17.152672,-48.099236,-24.145039,84,75,363
52940,continuous_motion,0.319092,0.453613,0.944092,43.806,12.213740,-41.908398,-21.717558,84,75,363
52960,continuous_motion,0.307861,0.436279,0.906738,43.839,8.366412,-35.419846,-20.198473,87,53,377
52980,continuous_motion,0.253174,0.452393,0.844727,43.812,10.122137,-37.099236,-19.931297,87,53,377
53000,continuous_motion,0.248047,0.420410,0.823975,43.824,21.351145,-48.198475,-22.977098,87,53,377
53020,continuous_motion,0.287842,0.434082,0.796875,43.806,38.870228,-57.206108,-25.587786,87,53,377
53040,continuous_motion,0.331055,0.468750,0.782471,43.804,46.541985,-64.259544,-24.770992,87,28,391
53060,continuous_motion,0.381836,0.501221,0.804443,43.789,41.061069,-65.076332,-19.465649,87,28,391
53080,continuous_motion,0.408691,0.560059,0.827393,43.815,27.564886,-58.137405,-15.198473,87,28,391
53100,continuous_motion,0.432861,0.587158,0.849854,43.771,11.404580,-46.801525,-15.503817,75,-5,407
53120,continuous_motion,0.415527,0.565186,0.819092,43.789,-3.877863,-33.687023,-17.938931,75,-5,407
53140,continuous_motion,0.399658,0.532227,0.774658,43.827,-9.145039,-30.648855,-20.534351,75,-5,407
53160,continuous_motion,0.400146,0.524658,0.782715,43.806,-5.152672,-32.969467,-24.687023,82,-28,420
53180,continuous_motion,0.430176,0.530762,0.802734,43.815,-1.992366,-35.549618,-27.282442,82,-28,420
53200,continuous_motion,0.426270,0.553467,0.824219,43.804,-2.824427,-35.656490,-29.335878,82,-28,420
53220,continuous_motion,0.413818,0.548096,0.812500,43.830,-4.732824,-35.206108,-32.793892,82,-28,420
53240,continuous_motion,0.420654,0.549072,0.825928,43.809,-6.099236,-34.099236,-35.679390,90,-55,434
53260,continuous_motion,0.404053,0.536865,0.824219,43.789,-6.793893,-30.511450,-37.816795,90,-55,434
53280,continuous_motion,0.367188,0.508301,0.761719,43.821,-2.633588,-34.541985,-39.824429,90,-55,434
53300,continuous_motion,0.375000,0.491455,0.755371,43.795,4.870229,-43.572517,-37.519085,97,-86,441
53321,continuous_motion,0.406494,0.523926,0.786133,43.789,11.091603,-51.061069,-31.717558,97,-86,441
53340,continuous_motion,0.449219,0.575439,0.805664,43.821,11.664123,-49.236641,-26.717558,97,-86,441
53361,continuous_motion,0.420410,0.617920,0.735840,43.812,9.664123,-42.671757,-24.045801,92,-121,442
53380,continuous_motion,0.398682,0.617676,0.656494,43.780,10.702291,-48.015266,-27.549618,92,-121,442
53400,continuous_motion,0.417969,0.602295,0.663086,43.833,14.687023,-58.839695,-33.022900,92,-121,442
53420,continuous_motion,0.441895,0.587402,0.694336,43.830,17.282442,-66.206108,-37.274811,92,-121,442
53440,continuous_motion,0.455811,0.572998,0.681641,43.815,16.297710,-67.320610,-37.320610,82,-161,438
53460,continuous_motion,0.476563,0.554688,0.687988,43.815,14.114504,-65.442749,-34.099236,82,-161,438
53480,continuous_motion,0.483887,0.580322,0.696045,43.804,10.984733,-60.000000,-30.603054,82,-161,438
53500,continuous_motion,0.486572,0.598633,0.682861,43.827,5.358778,-51.198475,-28.496183,70,-202,431
53520,continuous_motion,0.470215,0.581055,0.653564,43.818,0.442748,-45.862595,-27.664122,70,-202,431
53540,continuous_motion,0.479736,0.575928,0.643311,43.801,-2.572519,-42.755726,-24.969465,70,-202,431
53560,continuous_motion,0.482910,0.587891,0.637207,43.804,-3.908397,-39.534351,-22.969465,68,-231,420
53580,continuous_motion,0.460449,0.585938,0.581543,43.806,-4.137404,-38.938931,-21.396946,68,-231,420
53600,continuous_motion,0.459717,0.584961,0.575439,43.836,-2.007634,-42.549618,-19.740458,68,-231,420
53620,continuous_motion,0.486084,0.605957,0.583496,43.812,-0.015267,-44.862595,-16.954199,68,-231,420
53640,continuous_motion,0.511230,0.608154,0.615967,43.812,-0.366412,-45.000000,-14.450381,66,-256,408
53660,continuous_motion,0.510254,0.620361,0.580322,43.845,-1.229008,-44.702290,-12.847328,66,-256,408
53680,continuous_motion,0.529541,0.626221,0.592529,43.821,-3.755725,-44.083969,-12.083969,66,-256,408
53701,continuous_motion,0.531494,0.632324,0.581299,43.804,-6.809160,-41.687023,-11.725191,66,-280,392
53720,continuous_motion,0.530762,0.624512,0.579102,43.795,-8.946565,-38.603054,-10.587787,66,-280,392
53741,continuous_motion,0.556885,0.599609,0.577393,43.824,-11.549619,-35.480915,-8.488549,66,-280,392
53760,continuous_motion,0.568115,0.613770,0.616211,43.804,-15.221375,-28.183207,-4.923664,71,-299,379
53780,continuous_motion,0.579590,0.612305,0.622803,43.818,-19.427481,-18.633587,-2.427481,71,-299,379
53800,continuous_motion,0.558105,0.604980,0.593750,43.833,-22.290077,-10.526717,-0.389313,71,-299,379
53820,continuous_motion,0.553711,0.595947,0.580811,43.806,-21.526718,-9.839695,0.221374,71,-299,379
53840,continuous_motion,0.563721,0.607178,0.598389,43.809,-19.725191,-11.984733,-0.099237,83,-305,369
53860,continuous_motion,0.559814,0.622070,0.581299,43.839,-19.618320,-13.099236,-0.229008,83,-305,369
53880,continuous_motion,0.543457,0.619141,0.564453,43.812,-15.816793,-18.603054,-2.702290,83,-305,369
53900,continuous_motion,0.538086,0.632324,0.569092,43.804,-9.343512,-25.740458,-6.091603,95,-310,359
53920,continuous_motion,0.531982,0.637695,0.596436,43.818,-5.557252,-29.923664,-10.740458,95,-310,359
53940,continuous_motion,0.529785,0.626709,0.593994,43.798,-4.984733,-30.801527,-14.519084,95,-310,359
53960,continuous_motion,0.535889,0.594971,0.608887,43.809,-5.419847,-30.198473,-16.633587,97,-319,349
53980,continuous_motion,0.562012,0.556641,0.623047,43.833,-5.916030,-26.343512,-14.183207,97,-319,349
54000,continuous_motion,0.573242,0.568115,0.649902,43.812,-7.961832,-19.190840,-7.893130,97,-319,349
54020,continuous_motion,0.571777,0.606445,0.663818,43.839,-13.458015,-9.099236,-2.007634,97,-319,349
54040,continuous_motion,0.572998,0.627197,0.674805,43.809,-19.480917,2.893130,0.862595,104,-326,340
54060,continuous_motion,0.561768,0.632813,0.676758,43.824,-25.015266,14.854961,1.061069,104,-326,340
54081,continuous_motion,0.568359,0.626709,0.699219,43.789,-30.587786,27.893129,0.847328,104,-326,340
54100,continuous_motion,0.566406,0.611816,0.719482,43.824,-36.770992,41.633587,1.175573,116,-314,342
54120,continuous_motion,0.573975,0.594971,0.751221,43.830,-42.511452,54.969467,3.015267,116,-314,342
54140,continuous_motion,0.576904,0.615967,0.800537,43.809,-49.694656,73.000000,5.343512,116,-314,342
54160,continuous_motion,0.554199,0.584473,0.791504,43.801,-58.160305,93.961830,5.954198,116,-314,342
54180,continuous_motion,0.520264,0.544922,0.770264,43.815,-62.946564,107.488548,8.396947,139,-282,357
54201,continuous_motion,0.488037,0.537598,0.759766,43.833,-64.977097,114.694656,12.160305,139,-282,357
54220,continuous_motion,0.471436,0.545410,0.787109,43.824,-68.351143,118.908394,14.297709,139,-282,357
54240,continuous_motion,0.457275,0.522949,0.800049,43.804,-73.832062,123.007637,15.526717,171,-226,373
54261,continuous_motion,0.410889,0.498535,0.815186,43.815,-77.786263,125.854965,15.839695,171,-226,373
54280,continuous_motion,0.358154,0.468994,0.820557,43.827,-80.030533,125.687019,15.610687,171,-226,373
54300,continuous_motion,0.285156,0.451904,0.793457,43.821,-79.229004,124.198471,14.328244,208,-160,377
54320,continuous_motion,0.244873,0.386475,0.776123,43.801,-73.213737,113.557251,11.374045,208,-160,377
54340,continuous_motion,0.217529,0.341797,0.811279,43.824,-57.351147,95.541985,8.893129,208,-160,377
54360,continuous_motion,0.219238,0.351318,0.843262,43.815,-44.572517,80.709923,9.206107,208,-160,377
54380,continuous_motion,0.195557,0.379150,0.869629,43.806,-37.511452,70.458015,7.022901,238,-110,371
54400,continuous_motion,0.189453,0.370605,0.889404,43.827,-35.847328,61.717556,5.229008,238,-110,371
54420,continuous_motion,0.180664,0.349365,0.897461,43.824,-36.557251,53.282444,3.580153,238,-110,371
54440,continuous_motion,0.167969,0.323730,0.910400,43.818,-36.832062,44.900764,2.816794,253,-82,365
54461,continuous_motion,0.171631,0.306641,0.964600,43.809,-33.778625,38.267174,1.938931,253,-82,365
54480,continuous_motion,0.171143,0.305664,0.997314,43.821,-30.244274,36.824429,0.053435,253,-82,365
54500,continuous_motion,0.153809,0.304443,1.010986,43.833,-28.480917,40.770992,-1.778626,267,-64,356
54520,continuous_motion,0.159180,0.299316,1.045410,43.809,-32.603054,47.358780,-3.274809,267,-64,356
54540,continuous_motion,0.148438,0.273438,1.056885,43.812,-41.183205,55.847328,-2.419847,267,-64,356
54560,continuous_motion,0.123535,0.252441,1.064941,43.801,-49.610687,65.694656,-1.030534,267,-64,356
54580,continuous_motion,0.095703,0.208984,1.058838,43.801,-54.083969,76.106873,0.786260,284,-39,344
54600,continuous_motion,0.064941,0.171387,1.051758,43.833,-55.389313,85.007637,3.549618,284,-39,344
54620,continuous_motion,0.012939,0.170410,1.005859,43.812,-57.511452,91.175575,7.870229,284,-39,344
54640,continuous_motion,-0.027100,0.149658,0.990234,43.806,-58.916031,92.229004,11.358779,307,0,322
54661,continuous_motion,-0.080322,0.129395,0.971436,43.812,-56.290077,88.633591,12.450381,307,0,322
54680,continuous_motion,-0.113770,0.113525,0.962646,43.821,-49.152672,82.381676,12.824428,307,0,322
54700,continuous_motion,-0.109131,0.123535,0.984619,43.836,-41.244274,77.221375,12.786260,323,39,295
54720,continuous_motion,-0.127686,0.140625,0.995605,43.836,-38.473282,75.129768,11.641221,323,39,295
54740,continuous_motion,-0.137451,0.117432,1.002686,43.839,-40.396946,74.206108,7.511450,323,39,295
54760,continuous_motion,-0.164551,0.110107,1.006104,43.806,-45.954197,76.480919,6.053435,323,39,295
54780,continuous_motion,-0.211914,0.099609,0.989746,43.824,-50.557251,79.580154,4.022901,335,70,269
54800,continuous_motion,-0.216797,0.117188,1.032715,43.836,-56.511452,78.503815,-5.748092,335,70,269
54820,continuous_motion,-0.258057,0.037598,1.001465,43.833,-59.435116,80.625954,-5.145038,335,70,269
54840,continuous_motion,-0.306152,-0.034424,1.011719,43.836,-53.389313,79.908394,-7.190840,353,95,235
54860,continuous_motion,-0.330811,-0.055664,1.015869,43.798,-46.541985,80.969467,-1.885496,353,95,235
54880,continuous_motion,-0.360107,-0.046875,1.006592,43.809,-41.969467,83.824425,0.083969,353,95,235
54900,continuous_motion,-0.386475,-0.049561,0.979492,43.827,-39.335876,85.496185,0.297710,364,119,197
54920,continuous_motion,-0.420410,-0.082520,0.929932,43.830,-38.572517,83.267174,0.419847,364,119,197
54940,continuous_motion,-0.470215,-0.107178,0.882080,43.836,-33.358780,75.732826,1.167939,364,119,197
54960,continuous_motion,-0.488037,-0.107910,0.856689,43.836,-24.488550,64.145035,1.580153,364,119,197
54980,continuous_motion,-0.508789,-0.091064,0.834473,43.824,-15.015267,50.984734,0.152672,371,139,166
55000,continuous_motion,-0.527588,-0.087646,0.813477,43.798,-6.763359,37.702290,-3.007634,371,139,166
55020,continuous_motion,-0.518799,-0.101563,0.812012,43.806,-1.656489,24.122137,-5.839694,371,139,166
55040,continuous_motion,-0.517578,-0.103271,0.825439,43.801,2.465649,13.374045,-7.267176,373,146,154
55061,continuous_motion,-0.500000,-0.119873,0.858398,43.798,4.351145,6.916030,-7.274809,373,146,154
55080,continuous_motion,-0.489990,-0.105713,0.876709,43.836,3.343511,7.145038,-5.809160,373,146,154
55100,continuous_motion,-0.467529,-0.105713,0.925293,43.786,-4.221374,14.389313,-3.694656,373,146,154
55120,continuous_motion,-0.462891,-0.103516,0.941406,43.789,-16.832062,28.106871,-0.366412,375,144,151
55140,continuous_motion,-0.463623,-0.112549,0.935547,43.798,-29.938931,45.740459,2.656489,375,144,151
55160,continuous_motion,-0.501221,-0.097656,0.906250,43.804,-38.137405,67.061066,4.061069,375,144,151
55180,continuous_motion,-0.556885,-0.086670,0.819336,43.809,-45.870228,87.305344,2.068702,378,156,125
55200,continuous_motion,-0.582275,-0.132813,0.722412,43.801,-58.816795,97.221375,3.450382,378,156,125
55220,continuous_motion,-0.664307,-0.177490,0.629150,43.806,-68.335876,93.312981,7.847328,378,156,125
55241,continuous_motion,-0.754150,-0.246094,0.558594,43.848,-60.496181,71.465652,11.175572,386,171,77
55260,continuous_motion,-0.788086,-0.285400,0.526855,43.815,-35.419846,38.358780,12.274809,386,171,77
55281,continuous_motion,-0.781982,-0.248535,0.568359,43.827,-0.954198,-3.557252,12.877863,386,171,77
55300,continuous_motion,-0.734863,-0.188721,0.635254,43.806,22.442749,-34.984734,10.274809,386,171,77
55320,continuous_motion,-0.687500,-0.157227,0.698242,43.821,34.641220,-57.320610,7.519084,383,176,74
55340,continuous_motion,-0.638428,-0.130615,0.760742,43.804,39.969467,-72.122139,5.458015,383,176,74
55360,continuous_motion,-0.593506,-0.126221,0.808350,43.821,43.045803,-81.007637,3.625954,383,176,74
55380,continuous_motion,-0.561768,-0.113037,0.811768,43.798,44.595421,-86.030533,2.862595,377,170,113
55400,continuous_motion,-0.530273,-0.095947,0.818115,43.792,43.893131,-92.748093,2.984733,377,170,113
55420,continuous_motion,-0.486816,-0.102539,0.847412,43.798,42.557251,-99.923668,3.503817,377,170,113
55440,continuous_motion,-0.428467,-0.121582,0.878662,43.839,43.648853,-106.015266,6.473282,369,153,164
55460,continuous_motion,-0.372314,-0.093750,0.894043,43.774,49.038166,-108.793892,10.961832,369,153,164
55480,continuous_motion,-0.334229,-0.042969,0.922852,43.821,53.488548,-110.916031,13.625955,369,153,164
55500,continuous_motion,-0.278320,0.007568,0.966797,43.809,50.786259,-109.007637,14.099236,369,153,164
55521,continuous_motion,-0.234131,0.062744,1.004395,43.839,43.633587,-97.854965,13.786260,358,131,216
55540,continuous_motion,-0.219238,0.107178,0.991699,43.812,35.557251,-82.664124,11.038168,358,131,216
55560,continuous_motion,-0.200439,0.106934,0.967285,43.801,21.946566,-67.977097,5.870229,358,131,216
55580,continuous_motion,-0.203125,0.102051,0.944336,43.801,11.801527,-56.824429,4.335878,346,108,249
55601,continuous_motion,-0.212891,0.066162,0.895752,43.789,3.374046,-53.511452,2.595420,346,108,249
55620,continuous_motion,-0.187256,0.017334,0.876465,43.789,2.908397,-59.900764,2.854962,346,108,249
55640,continuous_motion,-0.208740,0.040771,0.867920,43.792,13.740458,-73.213737,1.022901,345,84,267
55661,continuous_motion,-0.185547,0.059814,0.901611,43.821,30.038168,-89.160309,-7.053435,345,84,267
55680,continuous_motion,-0.133789,0.060303,0.944580,43.806,39.381680,-102.290077,-11.305344,345,84,267
55700,continuous_motion,-0.072266,0.083984,1.035889,43.821,42.114502,-107.923668,-11.419847,345,84,267
55720,continuous_motion,-0.004639,0.079346,1.093018,43.830,38.549618,-106.290077,-9.786260,334,38,300
55740,continuous_motion,0.051270,0.079834,1.137939,43.818,35.160305,-100.099236,-5.343512,334,38,300
55760,continuous_motion,0.076172,0.100586,1.155518,43.818,34.961834,-91.114502,-3.259542,334,38,300
55780,continuous_motion,0.095215,0.115723,1.138184,43.818,34.908398,-81.198471,-2.763359,321,-11,321
55800,continuous_motion,0.115967,0.126465,1.112549,43.792,31.977098,-76.251907,-1.916031,321,-11,321
55820,continuous_motion,0.140869,0.129150,1.101318,43.824,31.419847,-74.648857,-1.335878,321,-11,321
55840,continuous_motion,0.164551,0.157715,1.098877,43.824,33.412212,-72.526718,-2.755725,308,-46,332
55860,continuous_motion,0.180420,0.153320,1.069336,43.804,34.992367,-70.557251,-3.076336,308,-46,332
55880,continuous_motion,0.180908,0.147949,0.996094,43.792,38.671757,-71.000000,-2.900763,308,-46,332
55900,continuous_motion,0.197510,0.158691,0.985107,43.827,40.541985,-76.572517,0.312977,308,-46,332
55921,continuous_motion,0.217041,0.193848,0.981201,43.821,39.259541,-80.671753,3.000000,294,-75,340
55940,continuous_motion,0.232910,0.188477,0.957764,43.851,36.809162,-81.748093,3.633588,294,-75,340
55960,continuous_motion,0.245850,0.161377,0.910889,43.836,35.633587,-83.427483,9.297709,294,-75,340
55980,continuous_motion,0.319092,0.142090,0.893311,43.830,34.053436,-88.328247,20.847328,280,-106,346
56000,continuous_motion,0.331055,0.220215,0.926758,43.839,29.206106,-90.145035,27.312977,280,-106,346
56020,continuous_motion,0.320313,0.252441,0.887451,43.795,18.061069,-87.641220,24.564886,280,-106,346
56040,continuous_motion,0.316162,0.235840,0.835938,43.812,10.687023,-88.809158,21.793894,280,-136,346
56060,continuous_motion,0.363281,0.216309,0.808105,43.809,16.114504,-97.366409,19.030535,272,-136,346
56080,continuous_motion,0.388672,0.318604,0.855713,43.806,26.351145,-102.290077,8.778625,272,-136,346
56100,continuous_motion,0.450195,0.375000,0.876221,43.806,32.984734,-102.954201,-9.068703,272,-136,346
56120,continuous_motion,0.499023,0.352783,0.857178,43.792,38.335876,-102.290077,-24.381680,261,-177,340
56140,continuous_motion,0.537354,0.370361,0.843018,43.812,42.763359,-102.076332,-35.778625,261,-177,340
56160,continuous_motion,0.608887,0.376221,0.864014,43.806,43.984734,-94.000000,-42.519085,261,-177,340
56180,continuous_motion,0.629883,0.349854,0.861572,43.824,37.832062,-83.603050,-42.870228,241,-226,335
56200,continuous_motion,0.627197,0.353516,0.834717,43.806,26.000000,-71.068703,-40.335876,241,-226,335
56220,continuous_motion,0.634766,0.341309,0.859619,43.798,16.114504,-60.519085,-36.244274,241,-226,335
56241,continuous_motion,0.612305,0.322266,0.792725,43.821,13.717557,-50.137405,-32.244274,241,-226,335
56260,continuous_motion,0.614014,0.333984,0.752197,43.809,17.053434,-47.274811,-29.198473,230,-256,327
56281,continuous_motion,0.631592,0.366943,0.755859,43.815,16.106871,-43.923664,-26.450382,230,-256,327
56300,continuous_motion,0.631104,0.391357,0.728027,43.786,7.900764,-38.717556,-23.961832,230,-256,327
56320,continuous_motion,0.657715,0.340332,0.740723,43.856,-1.687023,-33.427483,-22.816793,220,-275,321
56340,continuous_motion,0.587891,0.366699,0.711670,43.815,-0.992366,-29.740458,-20.045801,220,-275,321
56360,continuous_motion,0.581787,0.339600,0.703369,43.830,7.824428,-29.893129,-18.931297,220,-275,321
56380,continuous_motion,0.612549,0.369873,0.713623,43.795,19.473282,-29.938931,-15.511451,216,-289,317
56400,continuous_motion,0.649414,0.389893,0.723633,43.848,20.900763,-26.389313,-11.564885,216,-289,317
56420,continuous_motion,0.672852,0.398438,0.720947,43.789,13.893129,-16.419847,-4.282443,216,-289,317
56440,continuous_motion,0.654541,0.380127,0.674072,43.806,6.587786,-7.770992,3.427481,216,-289,317
56460,continuous_motion,0.636230,0.387451,0.653809,43.827,5.633588,-5.374046,8.938931,210,-296,313
56480,continuous_motion,0.637207,0.424805,0.658203,43.818,10.007633,-6.244275,11.328244,210,-296,313
56500,continuous_motion,0.648926,0.448730,0.664063,43.792,11.503817,-5.061069,9.679389,210,-296,313
56520,continuous_motion,0.663574,0.438477,0.674561,43.827,8.847328,-2.854962,7.015267,208,-297,312
56540,continuous_motion,0.651123,0.438477,0.656738,43.833,5.114504,1.122137,4.824428,208,-297,312
56560,continuous_motion,0.670898,0.419678,0.666504,43.809,2.328244,5.763359,3.625954,208,-297,312
56580,continuous_motion,0.679443,0.433105,0.718018,43.789,-2.045802,14.305344,3.603053,207,-296,313
56600,continuous_motion,0.695557,0.431885,0.742676,43.836,-10.969465,28.374046,4.610687,207,-296,313
56620,continuous_motion,0.723633,0.413330,0.800293,43.821,-25.206106,47.862595,7.305344,207,-296,313
56640,continuous_motion,0.733887,0.375977,0.847900,43.842,-36.564884,68.931297,11.778625,207,-296,313
56660,continuous_motion,0.754395,0.368408,0.914795,43.812,-48.160305,97.190842,19.137405,218,-276,319
56680,continuous_motion,0.721436,0.365479,0.906738,43.815,-58.595421,124.832062,24.679390,218,-276,319
56701,continuous_motion,0.689941,0.321533,0.885010,43.830,-65.648857,147.702286,29.129770,218,-276,319
56720,continuous_motion,0.635010,0.308105,0.880371,43.854,-67.213737,161.534348,33.618320,246,-219,332
56740,continuous_motion,0.589844,0.311035,0.878906,43.821,-67.274811,170.251907,36.000000,246,-219,332
56760,continuous_motion,0.531250,0.338135,0.877930,43.821,-66.267174,175.839691,36.893131,246,-219,332
56780,continuous_motion,0.455078,0.346680,0.877197,43.809,-62.786259,177.816788,30.007633,276,-136,338
56800,continuous_motion,0.385498,0.315674,0.894287,43.842,-55.213741,174.923660,19.358778,276,-136,338
56820,continuous_motion,0.320801,0.282959,0.883545,43.824,-47.465649,168.557251,10.465649,276,-136,338
56840,continuous_motion,0.240479,0.252930,0.871826,43.798,-42.984734,159.465652,3.770992,276,-136,338
56860,continuous_motion,0.171143,0.229980,0.876221,43.801,-43.007633,149.061066,-0.450382,295,-55,328
56880,continuous_motion,0.108643,0.180420,0.875488,43.833,-43.916031,137.824432,-3.320611,295,-55,328
56900,continuous_motion,0.035156,0.128662,0.886963,43.824,-41.290077,121.549622,-3.610687,295,-55,328
56920,continuous_motion,0.009766,0.091797,0.932861,43.827,-33.534351,106.793892,-2.450382,313,2,307
56940,continuous_motion,-0.003662,0.096436,0.970215,43.815,-25.473282,99.641220,-0.564886,313,2,307
56960,continuous_motion,-0.012695,0.110107,0.997803,43.824,-27.206106,99.274811,1.770992,313,2,307
56980,continuous_motion,-0.045410,0.090332,0.981934,43.809,-38.366413,101.099236,5.648855,323,42,286
57001,continuous_motion,-0.103516,0.078369,0.977295,43.792,-48.061069,99.351143,11.053435,323,42,286
57020,continuous_motion,-0.146240,0.083496,0.996582,43.812,-49.335876,96.732826,13.801527,323,42,286
57040,continuous_motion,-0.166504,0.110596,1.002197,43.833,-44.908398,97.679390,12.763359,323,42,286
57061,continuous_motion,-0.218262,0.101563,0.966309,43.795,-44.458015,98.229004,9.122137,336,81,254
57080,continuous_motion,-0.231689,0.040283,0.941895,43.845,-47.458015,91.755722,9.893129,336,81,254
57100,continuous_motion,-0.255127,0.050781,0.957520,43.827,-45.000000,85.488548,10.389313,336,81,254
57120,continuous_motion,-0.299805,0.095215,0.943115,43.839,-39.297710,84.045799,6.145038,347,110,222
57140,continuous_motion,-0.324219,0.070801,0.892334,43.827,-36.007633,80.969467,-4.534351,347,110,222
57160,continuous_motion,-0.328857,0.010254,0.860596,43.818,-31.694656,68.832062,-11.610687,347,110,222
57180,continuous_motion,-0.347168,-0.013916,0.875244,43.801,-23.068703,51.908398,-14.450381,347,127,196
57200,continuous_motion,-0.378418,0.013672,0.878174,43.795,-14.519084,38.908398,-18.267176,356,127,196
57220,continuous_motion,-0.382568,-0.019043,0.866943,43.809,-10.725191,26.809160,-21.755726,356,127,196
57240,continuous_motion,-0.380615,-0.033691,0.879150,43.839,-7.595420,15.251908,-23.328245,356,127,196
57260,continuous_motion,-0.368164,-0.046387,0.926514,43.830,-4.740458,7.244275,-23.938931,364,126,188
57280,continuous_motion,-0.349854,-0.052979,0.944580,43.780,-3.633588,6.641222,-23.297710,364,126,188
57301,continuous_motion,-0.348389,-0.076172,0.944092,43.824,-5.923664,8.083969,-21.786259,364,126,188
57320,continuous_motion,-0.367676,-0.103027,0.944824,43.833,-9.022901,8.748092,-17.480917,370,119,184
57340,continuous_motion,-0.368652,-0.096680,0.967773,43.821,-9.870229,8.816793,-14.557252,370,119,184
57360,continuous_motion,-0.346436,-0.085938,1.004639,43.809,-11.671756,15.809160,-13.480916,370,119,184
57380,continuous_motion,-0.349121,-0.102295,1.002441,43.809,-16.839695,25.351145,-12.847328,370,119,184
57400,continuous_motion,-0.371582,-0.135742,0.967285,43.821,-20.694656,31.328245,-11.206107,375,116,178
57420,continuous_motion,-0.394043,-0.144775,0.943604,43.792,-20.290077,31.755726,-7.335878,375,116,178
57440,continuous_motion,-0.409912,-0.129639,0.933594,43.783,-18.053434,30.916031,-5.534351,375,116,178
57460,continuous_motion,-0.437256,-0.112549,0.902588,43.804,-13.435115,27.954199,-8.801527,381,119,165
57480,continuous_motion,-0.454590,-0.124023,0.875732,43.812,-8.641221,21.511450,-13.465649,381,119,165
57500,continuous_motion,-0.461426,-0.156006,0.877441,43.824,-0.343511,10.816793,-18.038168,381,119,165
57520,continuous_motion,-0.457275,-0.177246,0.881592,43.830,11.083969,-0.160305,-19.549618,385,115,161
57540,continuous_motion,-0.432861,-0.186768,0.884766,43.789,19.328245,-10.458015,-17.022902,385,115,161
57560,continuous_motion,-0.436523,-0.166016,0.883789,43.789,24.969465,-19.419847,-13.496183,385,115,161
57580,continuous_motion,-0.438965,-0.147217,0.876953,43.836,30.229008,-29.511450,-10.557252,385,115,161
57600,continuous_motion,-0.430908,-0.145264,0.876221,43.833,39.129772,-40.343510,-8.213740,384,103,175
57620,continuous_motion,-0.424316,-0.146729,0.820801,43.812,50.503819,-54.488548,-4.671756,384,103,175
57640,continuous_motion,-0.376953,-0.123535,0.859131,43.812,64.198471,-70.931297,1.870229,384,103,175
57660,continuous_motion,-0.319092,-0.068115,0.890381,43.821,73.625954,-85.053436,7.931298,374,87,211
57680,continuous_motion,-0.272217,-0.051270,0.891113,43.836,76.610687,-95.572517,14.152672,374,87,211
57700,continuous_motion,-0.226318,-0.045898,0.895996,43.830,80.290077,-105.480919,21.427481,374,87,211
57720,continuous_motion,-0.145752,0.074463,0.964355,43.818,84.145035,-114.679390,25.961832,347,57,260
57740,continuous_motion,-0.109619,0.201904,1.018799,43.839,81.885498,-112.053436,22.778625,347,57,260
57760,continuous_motion,-0.105469,0.242676,0.993164,43.789,80.145035,-106.381676,12.206107,347,57,260
57780,continuous_motion,-0.065674,0.232422,0.974121,43.848,79.870232,-104.938934,2.396947,347,57,260
57800,continuous_motion,-0.010742,0.223145,0.979736,43.809,76.053436,-102.343513,-1.328244,317,17,301
57820,continuous_motion,-0.015137,0.262939,0.992920,43.804,67.717560,-98.038170,-4.236641,317,17,301
57840,continuous_motion,0.000244,0.222412,0.998535,43.830,57.229008,-92.572517,-8.702291,317,17,301
57860,continuous_motion,0.029297,0.177246,1.014893,43.801,50.664124,-89.213737,-7.190840,292,-29,327
57880,continuous_motion,0.035400,0.174316,0.989014,43.812,52.259541,-88.335876,-3.816794,292,-29,327
57901,continuous_motion,0.067871,0.197754,0.950439,43.801,58.793892,-91.152672,-0.045802,292,-29,327
57920,continuous_motion,0.124756,0.263916,0.987061,43.821,61.519085,-93.625954,2.152672,270,-73,340
57940,continuous_motion,0.189697,0.335205,1.007324,43.804,52.480915,-89.442749,1.778626,270,-73,340
57960,continuous_motion,0.199463,0.370850,0.987549,43.824,30.832062,-79.435112,0.992366,270,-73,340
57980,continuous_motion,0.201904,0.337646,0.977539,43.804,9.709924,-74.694656,2.007634,270,-73,340
58000,continuous_motion,0.215332,0.302002,1.005859,43.827,7.816794,-74.175575,-0.435114,255,-112,345
58020,continuous_motion,0.236816,0.310059,1.015137,43.804,24.748091,-73.618324,-5.916030,255,-112,345
58040,continuous_motion,0.282227,0.325928,1.030273,43.792,39.122139,-72.396950,-10.480916,255,-112,345
58060,continuous_motion,0.316406,0.327148,1.013672,43.798,42.274811,-67.511452,-10.801527,246,-147,344
58080,continuous_motion,0.326904,0.355469,1.005371,43.821,38.519085,-59.610687,-7.473282,246,-147,344
58100,continuous_motion,0.339355,0.383057,0.989014,43.795,32.977100,-50.854961,-5.564886,246,-147,344
58120,continuous_motion,0.335205,0.392334,0.960938,43.833,27.335878,-40.786259,-4.290076,231,-172,345
58140,continuous_motion,0.314941,0.419434,0.952148,43.836,26.068703,-33.358780,-3.816794,231,-172,345
58160,continuous_motion,0.327881,0.404053,0.895752,43.804,27.954199,-29.832062,-6.244275,231,-172,345
58180,continuous_motion,0.341064,0.393555,0.868896,43.798,30.763359,-29.625954,-7.641222,231,-172,345
58201,continuous_motion,0.352295,0.408691,0.844971,43.798,29.427481,-31.236641,-5.961832,219,-186,347
58220,continuous_motion,0.362061,0.416504,0.839844,43.801,27.534351,-33.442749,-5.320611,219,-186,347
58241,continuous_motion,0.371094,0.446289,0.843262,43.815,28.458015,-35.259541,-6.183206,219,-186,347
58260,continuous_motion,0.379395,0.463867,0.817383,43.806,28.221375,-36.129772,-8.175572,207,-202,347
58280,continuous_motion,0.404297,0.446533,0.823730,43.809,28.832062,-36.488548,-9.839695,207,-202,347
58300,continuous_motion,0.422363,0.469482,0.841797,43.809,27.610687,-34.183205,-8.625955,207,-202,347
58320,continuous_motion,0.426514,0.474365,0.830078,43.806,23.832062,-28.755726,-7.832061,207,-202,347
58340,continuous_motion,0.430420,0.468994,0.792236,43.789,18.625954,-25.213741,-5.419847,194,-219,346
58360,continuous_motion,0.427734,0.488525,0.762695,43.806,16.725191,-26.847328,-3.511450,194,-219,346
58380,continuous_motion,0.428955,0.506348,0.753662,43.815,16.694656,-29.778625,-4.732824,194,-219,346
58400,continuous_motion,0.445068,0.484375,0.731445,43.806,15.648855,-32.061069,-5.221374,187,-230,346
58420,continuous_motion,0.426514,0.473633,0.663818,43.827,17.076336,-39.305344,-3.312977,187,-230,346
58440,continuous_motion,0.446289,0.487549,0.665527,43.848,24.931297,-54.587788,-1.900763,187,-230,346
58460,continuous_motion,0.506836,0.535156,0.719727,43.818,30.885496,-62.465649,-0.870229,178,-251,340
58480,continuous_motion,0.551758,0.566650,0.755615,43.824,27.877863,-59.824429,-0.969466,178,-251,340
58500,continuous_motion,0.560303,0.570801,0.766357,43.809,19.244274,-50.488548,-2.442748,178,-251,340
58520,continuous_motion,0.574951,0.560547,0.768311,43.812,10.534351,-37.709923,-3.450382,178,-251,340
58540,continuous_motion,0.571045,0.550049,0.758545,43.827,6.282443,-27.229008,-5.030534,169,-270,335
58561,continuous_motion,0.573242,0.532227,0.750732,43.833,5.580153,-17.961832,-7.923664,169,-270,335
58580,continuous_motion,0.558594,0.517334,0.710205,43.804,4.328244,-11.862596,-9.335877,169,-270,335
58600,continuous_motion,0.537598,0.497559,0.671143,43.824,3.480916,-10.839695,-9.503817,168,-276,333
58620,continuous_motion,0.532227,0.492432,0.657715,43.809,5.167939,-14.564885,-8.343512,168,-276,333
58640,continuous_motion,0.530518,0.515381,0.655762,43.836,7.893130,-17.160305,-6.984733,168,-276,333
58660,continuous_motion,0.536377,0.533447,0.658691,43.818,7.488550,-18.641222,-5.442748,165,-280,332
58680,continuous_motion,0.534668,0.531494,0.644287,43.821,4.763359,-18.412214,-3.503817,165,-280,332
58700,continuous_motion,0.524170,0.520020,0.637451,43.806,2.473282,-17.648855,-0.862595,165,-280,332
58720,continuous_motion,0.550537,0.495850,0.669189,43.806,1.687023,-16.778625,2.786260,165,-280,332
58740,continuous_motion,0.564453,0.522949,0.684570,43.809,-3.503817,-12.190840,8.335877,166,-284,331
58760,continuous_motion,0.568848,0.548096,0.684082,43.848,-15.870229,-2.603053,14.641221,166,-284,331
58780,continuous_motion,0.557861,0.529785,0.687744,43.806,-26.633587,4.198473,16.717558,166,-284,331
58800,continuous_motion,0.536865,0.516357,0.656006,43.809,-24.267176,4.885496,14.931297,177,-282,331
58820,continuous_motion,0.527344,0.500000,0.671631,43.812,-13.770992,-0.503817,10.595420,177,-282,331
58840,continuous_motion,0.564209,0.493896,0.720947,43.806,-5.229008,-4.419847,6.587786,177,-282,331
58860,continuous_motion,0.629150,0.520996,0.833252,43.815,-8.847328,5.137404,6.450382,185,-279,330
58880,continuous_motion,0.638184,0.539063,0.898438,43.801,-25.816793,28.526718,8.610687,185,-279,330
58900,continuous_motion,0.602295,0.490723,0.902344,43.815,-42.992367,59.664124,10.641221,185,-279,330
58920,continuous_motion,0.568604,0.457275,0.893311,43.809,-46.572517,81.923668,12.847328,185,-279,330
58941,continuous_motion,0.552490,0.465332,0.893555,43.824,-44.389313,101.877861,14.206107,201,-252,336
58960,continuous_motion,0.521484,0.482666,0.854248,43.827,-48.511452,118.198471,14.671756,201,-252,336
58980,continuous_motion,0.458984,0.456787,0.834473,43.833,-55.022900,126.923668,15.282443,201,-252,336
59001,continuous_motion,0.419922,0.414307,0.833984,43.818,-54.702290,128.618317,16.961832,226,-199,349
59020,continuous_motion,0.381104,0.427979,0.843018,43.824,-45.687023,124.274811,16.580153,226,-199,349
59040,continuous_motion,0.350830,0.452881,0.849609,43.818,-33.083969,116.625954,11.312977,226,-199,349
59061,continuous_motion,0.308105,0.465820,0.849365,43.827,-20.358778,106.916031,1.396947,242,-141,353
59080,continuous_motion,0.339844,0.399170,0.886475,43.827,-15.977099,97.740456,-4.595420,242,-141,353
59100,continuous_motion,0.316406,0.375732,0.917480,43.830,-20.755726,93.687019,-2.351145,242,-141,353
59120,continuous_motion,0.277588,0.376465,0.955811,43.830,-28.083969,94.770996,1.526718,242,-141,353
59140,continuous_motion,0.247803,0.362549,0.973633,43.806,-32.549618,98.045799,2.572519,252,-97,355
59160,continuous_motion,0.192627,0.362061,0.964355,43.804,-33.290077,101.572517,2.290076,252,-97,355
59180,continuous_motion,0.177002,0.331299,0.981201,43.795,-32.137405,102.679390,1.274809,252,-97,355
59200,continuous_motion,0.149902,0.313232,0.990234,43.815,-33.610687,106.984734,2.778626,266,-47,346
59220,continuous_motion,0.115234,0.305664,1.010498,43.818,-40.221375,114.923668,5.816794,266,-47,346
59240,continuous_motion,0.044922,0.278320,0.947266,43.804,-47.328243,121.381676,9.450381,266,-47,346
59260,continuous_motion,-0.033447,0.242676,0.920166,43.824,-47.015266,118.274811,12.083969,266,-47,346
59280,continuous_motion,-0.089600,0.220215,0.890625,43.812,-36.061069,105.870232,12.702291,283,6,328
59300,continuous_motion,-0.112793,0.205078,0.932129,43.830,-20.900763,93.824425,11.625955,283,6,328
59320,continuous_motion,-0.140137,0.202148,0.917969,43.809,-8.839695,84.099236,11.534351,283,6,328
59340,continuous_motion,-0.164063,0.197998,0.895996,43.833,-4.618320,73.274811,12.740458,290,51,310
59360,continuous_motion,-0.152100,0.210205,0.934326,43.804,-7.106870,63.099236,14.961832,290,51,310
59380,continuous_motion,-0.193848,0.268311,0.954590,43.818,-12.458015,57.786259,15.206107,290,51,310
59400,continuous_motion,-0.196777,0.261230,0.975586,43.821,-16.000000,57.343510,11.419847,289,79,297
59420,continuous_motion,-0.194336,0.248779,0.985107,43.815,-19.213741,62.442749,9.229008,289,79,297
59440,continuous_motion,-0.184814,0.242920,0.986084,43.818,-26.580153,67.526718,9.083969,289,79,297
59460,continuous_motion,-0.213867,0.248535,0.982666,43.806,-36.427483,73.419846,9.251908,289,79,297
59480,continuous_motion,-0.247314,0.227051,0.945068,43.792,-42.587788,79.099236,7.992366,297,106,279
59500,continuous_motion,-0.295654,0.205566,0.912842,43.821,-43.717556,83.374046,5.687023,297,106,279
59520,continuous_motion,-0.326172,0.176025,0.863770,43.783,-41.656490,82.755722,3.656489,297,106,279
59540,continuous_motion,-0.380859,0.149414,0.823975,43.774,-37.511452,77.709923,2.893130,309,136,248
59560,continuous_motion,-0.419189,0.132813,0.810547,43.824,-31.083969,68.641220,1.893130,309,136,248
59580,continuous_motion,-0.443115,0.134766,0.822021,43.818,-27.465649,58.305344,0.801527,309,136,248
59600,continuous_motion,-0.441162,0.112549,0.850830,43.801,-26.549618,48.465649,0.687023,315,156,221
59620,continuous_motion,-0.438477,0.092529,0.868164,43.809,-27.183207,41.641220,3.793893,315,156,221
59640,continuous_motion,-0.435791,0.099854,0.893799,43.812,-30.122137,37.916031,7.519084,315,156,221
59660,continuous_motion,-0.441650,0.119385,0.909668,43.836,-32.549618,37.114502,9.404580,315,156,221
59680,continuous_motion,-0.443604,0.123779,0.941406,43.821,-33.328243,37.839695,9.435115,321,169,205
59700,continuous_motion,-0.448730,0.104004,0.949463,43.821,-30.572519,38.541985,6.229008,321,169,205
59720,continuous_motion,-0.435303,0.104004,0.955322,43.795,-25.709923,40.702290,3.656489,321,169,205
59740,continuous_motion,-0.433594,0.116455,0.963867,43.804,-25.931297,46.961834,1.908397,325,181,188
59760,continuous_motion,-0.434082,0.095947,0.955566,43.827,-32.969467,56.557251,0.297710,325,181,188
59780,continuous_motion,-0.460205,0.056885,0.907471,43.821,-43.450382,63.526718,1.625954,325,181,188
59800,continuous_motion,-0.500244,0.025879,0.861572,43.798,-48.366413,64.305344,3.824427,331,196,159
59820,continuous_motion,-0.544922,0.004883,0.802979,43.771,-42.358780,60.496181,5.030534,331,196,159
59840,continuous_motion,-0.551514,-0.007813,0.794434,43.821,-31.610687,51.885498,6.183206,331,196,159
59860,continuous_motion,-0.572021,0.006836,0.772217,43.812,-22.648855,41.145039,7.801527,331,196,159
59880,continuous_motion,-0.601807,0.022217,0.743408,43.812,-15.083969,27.793894,7.190840,335,206,133
59900,continuous_motion,-0.606689,0.025635,0.715576,43.827,-5.923664,10.740458,3.900763,335,206,133
59920,continuous_motion,-0.616455,0.022461,0.687744,43.833,2.374046,-9.809160,0.442748,335,206,133
59940,continuous_motion,-0.621582,0.023926,0.678955,43.818,11.893129,-32.442749,-2.305344,334,210,133
59960,continuous_motion,-0.613281,0.016357,0.692871,43.833,23.832062,-57.290077,-4.503817,334,210,133
59981,continuous_motion,-0.539063,0.020508,0.779053,43.786,34.862595,-77.702293,-4.809160,334,210,133
60000,continuous_motion,-0.484375,0.031982,0.861328,43.818,37.969467,-86.992363,-3.305344,331,196,167
60020,continuous_motion,-0.445068,0.034424,0.914063,43.830,36.618320,-87.534348,-0.366412,331,196,167
60040,continuous_motion,-0.415527,0.030518,0.932129,43.801,33.183205,-84.793892,4.114504,331,196,167
60060,continuous_motion,-0.383545,0.055176,0.966309,43.786,30.732824,-81.778625,7.351145,331,196,167
60080,continuous_motion,-0.364990,0.067383,0.965088,43.818,29.488550,-78.122139,8.068703,323,174,209
60100,continuous_motion,-0.346680,0.074219,0.938721,43.804,29.847328,-78.015266,7.832061,323,174,209
60120,continuous_motion,-0.346191,0.082520,0.874023,43.830,35.274811,-86.282440,7.038168,323,174,209
60140,continuous_motion,-0.311279,0.137695,0.909668,43.818,46.519085,-100.022903,3.335878,311,151,246
60160,continuous_motion,-0.258789,0.157471,0.959473,43.798,54.351147,-108.244278,-1.824428,311,151,246
60180,continuous_motion,-0.222656,0.165527,0.963867,43.786,56.763359,-111.076332,-4.557252,311,151,246
60200,continuous_motion,-0.175537,0.180176,0.981201,43.818,55.908398,-111.519081,-4.076336,296,111,290
60220,continuous_motion,-0.134277,0.212402,1.022461,43.845,51.671757,-107.381676,-4.419847,296,111,290
60240,continuous_motion,-0.091064,0.236572,1.087646,43.809,46.534351,-96.656487,-5.961832,296,111,290
60260,continuous_motion,-0.061768,0.244873,1.112549,43.806,39.206108,-79.412216,-6.832061,296,111,290
60280,continuous_motion,-0.045166,0.234619,1.081787,43.818,29.030535,-61.954197,-5.603054,282,69,322
60300,continuous_motion,-0.045166,0.225098,1.046143,43.839,19.251909,-49.847328,-3.106870,282,69,322
60320,continuous_motion,-0.050781,0.222168,1.018555,43.818,15.541985,-43.946564,-2.145038,282,69,322
60340,continuous_motion,-0.045898,0.219482,0.992920,43.801,16.358778,-42.694656,-1.290076,273,46,334
60361,continuous_motion,-0.040039,0.221191,0.955078,43.783,21.045801,-46.206108,-0.305344,273,46,334
60380,continuous_motion,-0.032715,0.251465,0.948242,43.804,25.801527,-52.145039,0.687023,273,46,334
60400,continuous_motion,-0.018799,0.282227,0.935303,43.818,29.030535,-60.076336,-0.328244,273,46,334
60421,continuous_motion,0.006592,0.295898,0.923340,43.824,31.625954,-68.458015,-2.343511,266,21,347
60440,continuous_motion,0.001465,0.303711,0.911621,43.833,35.832062,-77.832062,-4.732824,266,21,347
60460,continuous_motion,0.053223,0.307861,0.945557,43.815,42.854961,-88.511452,-7.343512,266,21,347
60480,continuous_motion,0.089111,0.343994,0.978271,43.804,48.557251,-92.015266,-9.297709,252,-18,364
60500,continuous_motion,0.125732,0.361328,0.959717,43.830,49.458015,-90.770996,-11.129771,252,-18,364
60520,continuous_motion,0.165283,0.344971,0.966064,43.815,46.648853,-88.282440,-10.419847,252,-18,364
60540,continuous_motion,0.167480,0.354736,0.932617,43.818,43.938931,-88.374046,-8.404580,231,-66,375
60560,continuous_motion,0.197266,0.344482,0.920166,43.806,45.190838,-90.000000,-7.320611,231,-66,375
60580,continuous_motion,0.243408,0.362305,0.930664,43.818,49.167938,-91.282440,-4.152672,231,-66,375
60600,continuous_motion,0.267822,0.384033,0.932861,43.821,51.366413,-91.862595,-2.312977,231,-66,375
60620,continuous_motion,0.311279,0.387695,0.916260,43.824,51.832062,-90.030533,-0.167939,210,-115,383
60640,continuous_motion,0.352783,0.436523,0.904297,43.818,50.404579,-86.580154,2.702290,210,-115,383
60660,continuous_motion,0.406494,0.494873,0.960693,43.821,44.053436,-76.068703,2.519084,210,-115,383
60680,continuous_motion,0.423096,0.500488,0.938721,43.827,33.847328,-60.442749,1.267176,190,-159,384
60701,continuous_motion,0.424561,0.489990,0.894775,43.806,25.366413,-44.305344,1.427481,190,-159,384
60720,continuous_motion,0.417969,0.495850,0.860352,43.827,22.053434,-35.335876,1.870229,190,-159,384
60741,continuous_motion,0.408447,0.519775,0.816895,43.821,21.167938,-31.473282,0.000000,178,-180,384
60760,continuous_motion,0.402832,0.541016,0.784912,43.801,18.419847,-30.885496,-2.541985,178,-180,384
60780,continuous_motion,0.404785,0.515137,0.737061,43.786,17.061069,-33.786259,-6.335878,178,-180,384
60800,continuous_motion,0.402588,0.511963,0.722412,43.830,18.458015,-40.465649,-7.885496,178,-180,384
60820,continuous_motion,0.434326,0.504639,0.715088,43.839,21.030535,-49.022900,-8.030535,168,-197,380
60840,continuous_motion,0.427246,0.530029,0.694824,43.812,24.236641,-56.931297,-8.603053,168,-197,380
60860,continuous_motion,0.470459,0.531738,0.722412,43.818,27.206106,-62.977100,-10.755725,168,-197,380
60880,continuous_motion,0.477295,0.550537,0.693604,43.815,28.717558,-65.366409,-11.877863,158,-226,375
60900,continuous_motion,0.493896,0.556152,0.673096,43.818,28.480917,-67.145035,-12.923664,158,-226,375
60920,continuous_motion,0.512695,0.578857,0.679199,43.815,27.870230,-66.068703,-14.000000,158,-226,375
60940,continuous_motion,0.547119,0.591309,0.715332,43.795,22.335878,-58.824429,-13.702291,144,-257,364
60960,continuous_motion,0.556641,0.599121,0.721436,43.804,11.290076,-45.152672,-12.664123,144,-257,364
60980,continuous_motion,0.560303,0.582764,0.713867,43.812,2.137405,-31.992367,-12.229008,144,-257,364
61000,continuous_motion,0.556396,0.573242,0.708252,43.789,-5.541985,-19.145039,-11.381680,144,-257,364
61020,continuous_motion,0.549316,0.555908,0.699463,43.801,-10.496183,-8.656488,-10.595420,142,-271,358
61040,continuous_motion,0.518066,0.552490,0.682373,43.821,-12.442748,-1.854962,-9.770992,142,-271,358
61060,continuous_motion,0.505371,0.544434,0.666260,43.839,-12.122137,0.625954,-9.274809,142,-271,358
61080,continuous_motion,0.499756,0.540771,0.653809,43.809,-11.091603,-0.007634,-7.763359,146,-272,354
61100,continuous_motion,0.501221,0.553955,0.675781,43.830,-10.282443,-1.900763,-6.694656,146,-272,354
61121,continuous_motion,0.500488,0.547607,0.680664,43.812,-9.793893,-2.259542,-6.511450,146,-272,354
61140,continuous_motion,0.511963,0.521240,0.699951,43.804,-9.045801,-1.374046,-5.183206,152,-272,353
61160,continuous_motion,0.519043,0.536133,0.726807,43.812,-9.137404,2.946565,-1.290076,152,-272,353
61180,continuous_motion,0.519043,0.554688,0.752197,43.818,-11.465649,9.366412,1.152672,152,-272,353
61200,continuous_motion,0.541016,0.571533,0.806396,43.827,-16.984734,21.984734,2.862595,152,-272,353
61220,continuous_motion,0.542725,0.577148,0.845703,43.809,-29.503817,43.847328,4.564886,158,-266,354
61240,continuous_motion,0.548828,0.552246,0.867432,43.833,-45.076336,68.282440,7.183206,158,-266,354
61260,continuous_motion,0.550049,0.508789,0.880127,43.815,-60.206108,96.030533,12.580153,158,-266,354
61280,continuous_motion,0.513428,0.510010,0.856934,43.815,-71.916031,118.870232,17.763359,182,-228,361
61300,continuous_motion,0.445801,0.492188,0.830322,43.848,-76.557251,132.259537,19.419847,182,-228,361
61320,continuous_motion,0.431396,0.463623,0.867432,43.845,-72.992363,137.175568,18.419847,182,-228,361
61340,continuous_motion,0.420410,0.480957,0.910645,43.795,-70.366409,143.740463,17.412214,182,-159,370
61360,continuous_motion,0.377441,0.472900,0.903564,43.804,-76.496185,150.007629,15.534351,216,-159,370
61380,continuous_motion,0.306152,0.446777,0.915527,43.801,-83.320610,152.854965,12.694656,216,-159,370
61400,continuous_motion,0.238770,0.408691,0.901123,43.821,-85.709923,150.587784,8.755725,216,-159,370
61420,continuous_motion,0.203857,0.347656,0.904541,43.824,-81.175575,143.824432,5.641222,252,-83,360
61440,continuous_motion,0.162354,0.325684,0.921387,43.839,-75.335876,136.793900,4.534351,252,-83,360
61461,continuous_motion,0.109375,0.294678,0.945068,43.842,-70.923668,129.854965,2.122137,252,-83,360
61480,continuous_motion,0.051758,0.260742,0.949951,43.845,-66.580154,125.236641,0.862595,284,-18,336
61500,continuous_motion,0.020264,0.220947,0.955322,43.830,-61.770992,119.816795,0.885496,284,-18,336
61520,continuous_motion,-0.010986,0.194580,0.973877,43.809,-54.778625,114.366409,1.206107,284,-18,336
61540,continuous_motion,-0.052002,0.204590,0.994629,43.809,-48.641220,111.793892,1.335878,284,-18,336
61560,continuous_motion,-0.092041,0.203857,0.991699,43.804,-47.893131,113.167938,0.152672,305,34,308
61580,continuous_motion,-0.131836,0.183594,0.948486,43.842,-51.641220,112.969467,-1.175573,305,34,308
61600,continuous_motion,-0.158447,0.150635,0.955322,43.804,-55.564884,111.091606,0.396947,305,34,308
61620,continuous_motion,-0.187744,0.149414,0.953125,43.812,-56.839695,110.969467,2.603053,323,78,274
61640,continuous_motion,-0.238037,0.149658,0.942139,43.806,-58.343510,113.763359,1.893130,323,78,274
61660,continuous_motion,-0.280029,0.130371,0.916748,43.795,-62.824429,114.511452,-0.511450,323,78,274
61680,continuous_motion,-0.339111,0.066650,0.875000,43.798,-67.267174,111.404579,-1.580153,342,116,230
61700,continuous_motion,-0.355957,0.004883,0.857910,43.836,-64.870232,104.091606,2.175573,342,116,230
61720,continuous_motion,-0.387207,0.030029,0.834961,43.839,-56.312977,98.335876,6.984733,342,116,230
61740,continuous_motion,-0.450439,0.040771,0.830078,43.801,-59.290077,92.427483,4.908397,342,116,230
61760,continuous_motion,-0.466309,-0.013672,0.813721,43.812,-59.251907,82.969467,3.221374,356,145,185
61780,continuous_motion,-0.493652,-0.044678,0.819580,43.821,-52.221375,68.557251,3.580153,356,145,185
61800,continuous_motion,-0.517090,-0.037109,0.851563,43.806,-42.152672,57.335876,1.564886,356,145,185
61820,continuous_motion,-0.520020,-0.024902,0.846436,43.804,-34.954197,53.839695,-2.679389,363,159,150
61840,continuous_motion,-0.531250,-0.039551,0.865723,43.830,-36.511452,52.954197,-7.183206,363,159,150
61860,continuous_motion,-0.551514,-0.079834,0.869385,43.809,-42.030533,51.160305,-8.793893,363,159,150
61880,continuous_motion,-0.565186,-0.120361,0.879395,43.801,-40.259541,49.419846,-9.137404,371,165,122
61900,continuous_motion,-0.578125,-0.119873,0.858398,43.830,-34.068703,50.923664,-9.778625,371,165,122
61920,continuous_motion,-0.588623,-0.125977,0.821289,43.812,-33.900764,52.961834,-10.511451,371,165,122
61940,continuous_motion,-0.619141,-0.148926,0.776855,43.830,-40.969467,51.030533,-10.854961,371,165,122
61960,continuous_motion,-0.645752,-0.216064,0.741455,43.777,-42.244274,45.580154,-8.740458,379,168,96
61981,continuous_motion,-0.672119,-0.212646,0.713135,43.815,-32.473282,39.961834,-5.786260,379,168,96
62000,continuous_motion,-0.687988,-0.197021,0.696289,43.792,-23.847328,32.022900,-3.603053,379,168,96
62021,continuous_motion,-0.673584,-0.199951,0.702637,43.795,-20.809160,22.702290,-1.229008,384,171,74
62040,continuous_motion,-0.681152,-0.213867,0.707520,43.801,-17.694656,14.343512,0.580153,384,171,74
62060,continuous_motion,-0.677246,-0.214111,0.726318,43.830,-12.221375,6.786260,2.610687,384,171,74
62080,continuous_motion,-0.662109,-0.216553,0.756592,43.804,-7.366412,-0.229008,4.076336,384,173,69
62100,continuous_motion,-0.644043,-0.217041,0.767822,43.833,-3.267176,-4.419847,6.618320,384,173,69
62120,continuous_motion,-0.624268,-0.189209,0.796387,43.818,-0.404580,-5.709924,9.572519,384,173,69
62140,continuous_motion,-0.615967,-0.158691,0.819580,43.815,-0.763359,-2.335878,10.038168,384,173,69
62160,continuous_motion,-0.604492,-0.166016,0.838135,43.821,-4.229008,5.297710,7.603054,384,175,75
62180,continuous_motion,-0.589844,-0.188965,0.828369,43.821,-7.412214,12.786260,6.519084,384,175,75
62200,continuous_motion,-0.577881,-0.239014,0.798096,43.839,-7.458015,20.946566,6.954198,384,175,75
62220,continuous_motion,-0.577393,-0.245605,0.781982,43.792,-2.770992,29.442749,8.167939,381,179,69
62240,continuous_motion,-0.576172,-0.250488,0.760010,43.812,3.618321,45.419846,8.564885,381,179,69
62260,continuous_motion,-0.649902,-0.158447,0.669434,43.815,5.839694,59.709923,7.938931,381,179,69
62280,continuous_motion,-0.742920,-0.154541,0.590088,43.798,-4.328244,57.381680,7.496183,380,186,55
62300,continuous_motion,-0.799072,-0.198730,0.556885,43.827,-5.244275,38.267174,10.068703,380,186,55
62320,continuous_motion,-0.772949,-0.224854,0.573486,43.809,6.045802,14.931297,13.374045,380,186,55
62340,continuous_motion,-0.820801,-0.170654,0.566162,43.818,21.343512,-11.664123,14.946565,380,186,55
62360,continuous_motion,-0.833252,-0.151611,0.583740,43.821,41.259541,-48.885498,10.160305,379,190,57
62380,continuous_motion,-0.745117,-0.145020,0.680176,43.801,65.900764,-85.335876,6.190840,379,190,57
62400,continuous_motion,-0.660400,-0.083984,0.785156,43.818,85.625954,-107.916031,3.236641,379,190,57
62420,continuous_motion,-0.575439,-0.044189,0.834961,43.809,91.847328,-117.801529,3.053435,371,183,116
62440,continuous_motion,-0.524902,-0.030762,0.842285,43.812,90.564888,-122.526718,6.709924,371,183,116
62460,continuous_motion,-0.484375,0.026611,0.872070,43.824,88.381676,-125.061066,10.320611,371,183,116
62480,continuous_motion,-0.427734,0.054688,0.916016,43.845,84.091606,-122.694656,11.595420,371,183,116
62500,continuous_motion,-0.379150,0.062744,0.927246,43.827,80.206108,-114.381676,12.038168,354,162,187
62520,continuous_motion,-0.367920,0.087158,0.919922,43.821,77.343513,-105.717560,11.488549,354,162,187
62540,continuous_motion,-0.348877,0.122070,0.905518,43.806,75.068703,-101.770996,10.213740,354,162,187
62560,continuous_motion,-0.313232,0.159668,0.936523,43.812,71.687019,-99.702293,7.198473,334,136,244
62580,continuous_motion,-0.277588,0.180420,0.941162,43.836,65.114502,-95.427483,5.083970,334,136,244
62600,continuous_motion,-0.251221,0.180908,0.931641,43.789,58.244274,-92.312981,4.335878,334,136,244
62620,continuous_motion,-0.242432,0.190674,0.892334,43.833,55.923664,-94.839691,4.938931,313,102,287
62640,continuous_motion,-0.210205,0.212158,0.911377,43.815,58.198475,-101.450378,4.778626,313,102,287
62660,continuous_motion,-0.175049,0.255127,0.968018,43.809,60.656490,-105.587784,2.038168,313,102,287
62680,continuous_motion,-0.131836,0.256104,0.977051,43.818,61.007633,-104.641220,-2.206107,313,102,287
62700,continuous_motion,-0.087158,0.265625,0.977783,43.836,59.114502,-103.145035,-4.519084,291,60,323
62720,continuous_motion,-0.043213,0.296875,1.000000,43.795,56.541985,-99.603050,-6.145038,291,60,323
62740,continuous_motion,-0.014160,0.343750,1.038818,43.833,52.435116,-91.480919,-11.259542,291,60,323
62760,continuous_motion,0.011963,0.365967,1.047363,43.798,43.977100,-80.374046,-20.312977,270,14,348
62780,continuous_motion,-0.013916,0.377686,1.024414,43.801,34.419846,-65.916031,-30.496183,270,14,348
62800,continuous_motion,-0.001709,0.292725,1.006348,43.804,25.312977,-56.274811,-36.053436,270,14,348
62820,continuous_motion,0.031250,0.284424,1.049316,43.827,22.053434,-46.839695,-33.045803,262,-22,355
62840,continuous_motion,0.036621,0.310059,1.049316,43.815,18.305344,-33.511452,-29.862595,262,-22,355
62860,continuous_motion,0.032715,0.290527,1.036377,43.827,10.595420,-20.709923,-23.862595,262,-22,355
62880,continuous_motion,0.000977,0.264160,0.994141,43.804,2.297710,-14.106871,-13.450381,262,-22,355
62900,continuous_motion,0.003906,0.267090,0.996582,43.833,0.312977,-13.404580,-2.580153,260,-37,354
62920,continuous_motion,-0.009766,0.318115,0.996826,43.830,0.862595,-14.015267,3.549618,260,-37,354
62940,continuous_motion,-0.024414,0.327881,0.971436,43.833,1.694656,-16.267176,4.732824,260,-37,354
62960,continuous_motion,-0.008789,0.311279,0.958984,43.809,4.992366,-23.221375,3.351145,260,-40,351
62980,continuous_motion,0.014404,0.306396,0.967041,43.821,9.259542,-29.618320,1.977099,260,-40,351
63000,continuous_motion,0.061279,0.285645,0.956055,43.833,10.931297,-31.366413,1.259542,260,-40,351
63021,continuous_motion,0.068848,0.317871,0.955322,43.815,6.816794,-26.351145,4.595420,258,-50,352
63040,continuous_motion,0.008301,0.370850,0.945068,43.795,-3.511450,-20.961832,5.389313,258,-50,352
63060,continuous_motion,0.010010,0.349121,0.947754,43.818,-10.954199,-20.030535,4.549618,258,-50,352
63080,continuous_motion,0.043457,0.313965,0.939697,43.830,-7.282443,-19.106871,2.832061,258,-50,352
63100,continuous_motion,0.049805,0.296875,0.938232,43.806,-0.236641,-21.076336,1.969466,260,-57,350
63120,continuous_motion,0.053467,0.304688,0.911133,43.789,7.938931,-24.916031,-0.374046,260,-57,350
63140,continuous_motion,0.059326,0.306152,0.885254,43.809,13.450381,-33.572517,0.343511,260,-57,350
63160,continuous_motion,0.088135,0.332520,0.912109,43.848,18.465649,-44.748093,4.000000,260,-70,352
63180,continuous_motion,0.113770,0.373047,0.928223,43.812,22.358778,-53.137405,3.648855,260,-70,352
63200,continuous_motion,0.134277,0.392090,0.919678,43.795,26.908398,-59.740459,-0.137405,260,-70,352
63220,continuous_motion,0.161133,0.391357,0.934570,43.792,31.648855,-65.679390,-3.343511,248,-97,354
63240,continuous_motion,0.195068,0.401611,0.964355,43.806,35.679390,-68.236641,-5.694656,248,-97,354
63260,continuous_motion,0.240234,0.396240,0.968262,43.801,36.824429,-66.656487,-7.374046,248,-97,354
63280,continuous_motion,0.270508,0.417236,0.976807,43.827,33.427483,-59.748093,-6.595420,248,-97,354
63300,continuous_motion,0.276855,0.433594,0.980713,43.821,23.992367,-51.511452,-6.687023,233,-127,358
63320,continuous_motion,0.288086,0.419678,0.995117,43.842,13.061069,-41.931297,-8.427481,233,-127,358
63340,continuous_motion,0.299316,0.383545,0.991211,43.824,7.099236,-31.671755,-7.213740,233,-127,358
63360,continuous_motion,0.297363,0.380127,0.972900,43.836,7.480916,-22.366413,-5.022901,229,-147,357
63380,continuous_motion,0.295898,0.387695,0.933838,43.812,9.893129,-15.664123,-2.274809,229,-147,357
63400,continuous_motion,0.293945,0.393555,0.899414,43.806,12.969465,-12.229008,-0.152672,229,-147,357
63420,continuous_motion,0.280273,0.418457,0.874268,43.804,15.847328,-10.114504,1.839695,229,-153,357
63440,continuous_motion,0.274902,0.437012,0.840576,43.836,16.221375,-11.503817,3.977099,224,-153,358
63460,continuous_motion,0.265381,0.459229,0.825928,43.833,17.671755,-15.320611,5.312977,224,-153,358
63480,continuous_motion,0.265869,0.470459,0.822266,43.821,18.198473,-19.251909,6.259542,224,-153,358
63501,continuous_motion,0.284180,0.488770,0.829102,43.821,17.793894,-22.167938,7.328244,217,-159,360
63520,continuous_motion,0.299072,0.495605,0.839600,43.842,17.404581,-23.977098,7.358778,217,-159,360
63540,continuous_motion,0.307861,0.506348,0.847656,43.821,17.847328,-23.755726,4.870229,217,-159,360
63560,continuous_motion,0.323486,0.524902,0.888184,43.827,16.236641,-20.198473,1.809160,210,-171,359
63580,continuous_motion,0.350830,0.534424,0.920898,43.830,7.801527,-9.374045,-0.473282,210,-171,359
63600,continuous_motion,0.364990,0.531982,0.958008,43.815,-6.648855,9.870229,-2.167939,210,-171,359
63620,continuous_motion,0.350342,0.497559,0.961182,43.821,-23.366413,33.160305,-2.992366,210,-171,359
63640,continuous_motion,0.364990,0.462646,0.981201,43.818,-41.984734,56.839695,0.335878,212,-167,360
63660,continuous_motion,0.376709,0.462158,1.028320,43.809,-62.564884,83.404579,7.068702,212,-167,360
63680,continuous_motion,0.372070,0.444092,1.028564,43.833,-85.854965,114.625954,13.129771,212,-167,360
63700,continuous_motion,0.290283,0.443115,0.982422,43.801,-106.496185,140.534348,18.572519,240,-124,354
63721,continuous_motion,0.209229,0.404053,0.903809,43.833,-120.137405,152.618317,21.480917,240,-124,354
63740,continuous_motion,0.155029,0.347900,0.893799,43.827,-120.618324,149.450378,22.427481,240,-124,354
63760,continuous_motion,0.089600,0.280029,0.877930,43.809,-106.473282,141.702286,16.328245,287,-51,329
63780,continuous_motion,0.034180,0.234863,0.893311,43.821,-84.297707,125.641220,7.137404,287,-51,329
63800,continuous_motion,0.007080,0.216797,0.937500,43.806,-66.526718,109.274811,0.534351,287,-51,329
63820,continuous_motion,-0.021484,0.203857,0.959717,43.821,-60.610687,99.496185,-2.961832,287,-51,329
63840,continuous_motion,-0.040771,0.174805,0.975098,43.827,-62.061069,91.755722,-4.870229,316,-3,302
63860,continuous_motion,-0.078613,0.127441,0.973145,43.809,-62.755726,85.679390,-5.595420,316,-3,302
63880,continuous_motion,-0.123047,0.097412,0.982910,43.839,-59.274811,79.870232,-6.282443,316,-3,302
63900,continuous_motion,-0.121338,0.062012,0.998291,43.809,-53.679390,74.206108,-5.595420,339,28,275
63920,continuous_motion,-0.167480,0.074707,1.031006,43.839,-49.190838,70.412216,-4.954198,339,28,275
63940,continuous_motion,-0.168701,0.049805,1.044189,43.815,-45.908398,69.519081,-7.076336,339,28,275
63960,continuous_motion,-0.188965,0.056396,1.062744,43.833,-44.557251,72.770996,-7.687023,352,51,248
63980,continuous_motion,-0.224609,0.062500,1.048340,43.806,-48.633587,82.137405,-8.557252,352,51,248
64000,continuous_motion,-0.252686,0.044922,1.002441,43.836,-54.229008,90.183205,-8.839695,352,51,248
64020,continuous_motion,-0.277832,0.004395,0.967285,43.818,-59.114502,93.977097,-10.030535,352,51,248
64040,continuous_motion,-0.324951,-0.008789,0.973389,43.804,-61.954197,97.030533,-13.580153,370,77,214
64060,continuous_motion,-0.367676,-0.070801,0.941895,43.824,-67.603050,100.755722,-14.236641,370,77,214
64080,continuous_motion,-0.410645,-0.143799,0.883301,43.818,-71.587784,100.328247,-10.305344,370,77,214
64100,continuous_motion,-0.445557,-0.216797,0.839600,43.806,-72.458015,92.435112,-0.473282,387,100,168
64120,continuous_motion,-0.477783,-0.218262,0.847168,43.830,-66.526718,80.442749,7.938931,387,100,168
64140,continuous_motion,-0.510986,-0.202637,0.856934,43.818,-57.068703,70.450378,12.580153,387,100,168
64160,continuous_motion,-0.544434,-0.205566,0.830566,43.836,-48.167938,61.778625,13.587787,396,119,130
64180,continuous_motion,-0.549072,-0.223145,0.832520,43.824,-40.343510,50.595421,14.603053,396,119,130
64200,continuous_motion,-0.555420,-0.229980,0.831787,43.821,-34.091602,41.526718,16.870230,396,119,130
64220,continuous_motion,-0.549561,-0.209473,0.850586,43.821,-27.526718,36.152672,18.938931,396,119,130
64240,continuous_motion,-0.553223,-0.191162,0.839355,43.815,-25.351145,35.908398,20.213741,397,133,108
64260,continuous_motion,-0.559570,-0.199463,0.813965,43.804,-27.793894,36.450382,22.541985,397,133,108
64280,continuous_motion,-0.575195,-0.201416,0.810547,43.836,-29.183207,35.809162,25.786259,397,133,108
64300,continuous_motion,-0.576416,-0.184326,0.813232,43.818,-30.564886,37.335876,28.656488,393,148,88
64320,continuous_motion,-0.584717,-0.186768,0.804443,43.818,-34.427483,40.534351,30.351145,393,148,88
64340,continuous_motion,-0.610352,-0.189453,0.764404,43.839,-38.625954,43.465649,31.824427,393,148,88
64360,continuous_motion,-0.625977,-0.207520,0.751709,43.809,-42.244274,43.465649,32.938931,387,166,67
64381,continuous_motion,-0.631104,-0.199951,0.765869,43.824,-42.503819,44.503819,32.648853,387,166,67
64400,continuous_motion,-0.638184,-0.176758,0.755371,43.812,-41.946564,49.587788,30.458015,387,166,67
64420,continuous_motion,-0.664795,-0.199707,0.712891,43.827,-43.175571,52.053436,28.183207,387,166,67
64440,continuous_motion,-0.665771,-0.222656,0.697998,43.806,-41.427483,47.908398,28.007633,381,182,39
64460,continuous_motion,-0.689209,-0.201416,0.689941,43.792,-33.007633,42.335876,26.541985,381,182,39
64480,continuous_motion,-0.692139,-0.171875,0.696533,43.842,-25.221375,37.198475,21.709923,381,182,39
64500,continuous_motion,-0.699219,-0.173340,0.676025,43.824,-22.534351,33.358780,17.519083,376,194,18
64520,continuous_motion,-0.712158,-0.203857,0.663330,43.804,-21.404581,26.488550,14.587787,376,194,18
64540,continuous_motion,-0.720459,-0.220215,0.669922,43.836,-16.152672,19.488550,13.053435,376,194,18
64560,continuous_motion,-0.716064,-0.211914,0.690674,43.827,-9.809160,15.969465,11.114504,376,194,18
64580,continuous_motion,-0.708740,-0.211182,0.682861,43.804,-9.496183,16.473282,10.290076,372,198,8
64600,continuous_motion,-0.707520,-0.227051,0.683594,43.821,-14.099236,18.656488,10.648855,372,198,8
64620,continuous_motion,-0.705322,-0.241943,0.688477,43.809,-18.282442,22.381680,12.045801,372,198,8
64640,continuous_motion,-0.697754,-0.233154,0.706787,43.789,-21.099237,31.267176,13.786260,370,207,-1
64660,continuous_motion,-0.701660,-0.215576,0.677490,43.818,-26.679390,42.458015,14.740458,370,207,-1
64680,continuous_motion,-0.719971,-0.248291,0.677490,43.809,-37.732826,49.870228,16.419847,370,207,-1
64700,continuous_motion,-0.750488,-0.263916,0.584473,43.818,-40.931297,52.801525,18.038168,364,213,-28
64720,continuous_motion,-0.765625,-0.270752,0.557861,43.806,-34.549618,50.702290,18.702290,364,213,-28
64740,continuous_motion,-0.804932,-0.221191,0.518066,43.812,-25.305344,45.847328,17.595419,364,213,-28
64760,continuous_motion,-0.860596,-0.197021,0.477783,43.812,-17.236641,34.717556,15.419847,364,213,-28
64780,continuous_motion,-0.843994,-0.235840,0.439453,43.806,-9.984733,17.106871,11.580153,356,217,-51
64800,continuous_motion,-0.832764,-0.236816,0.474609,43.824,-0.259542,-0.229008,11.488549,356,217,-51
64820,continuous_motion,-0.830322,-0.222412,0.471436,43.842,8.236641,-12.717557,12.732824,356,217,-51
64840,continuous_motion,-0.837158,-0.205322,0.475830,43.854,15.793893,-25.671755,13.977099,352,223,-50
64860,continuous_motion,-0.822754,-0.187256,0.490967,43.839,23.473282,-41.389313,12.870229,352,223,-50
64881,continuous_motion,-0.820557,-0.156006,0.522217,43.836,31.213741,-55.603054,8.106871,352,223,-50
64900,continuous_motion,-0.788574,-0.134766,0.580322,43.806,36.152672,-63.297710,-0.312977,352,229,-23
64921,continuous_motion,-0.753906,-0.162109,0.603271,43.818,36.145039,-64.465652,-7.381680,352,229,-23
64940,continuous_motion,-0.735352,-0.194336,0.611816,43.827,33.450382,-64.992363,-8.519084,352,229,-23
64960,continuous_motion,-0.709717,-0.200195,0.651367,43.827,29.824427,-66.366409,-5.541985,352,229,-23
64980,continuous_motion,-0.709229,-0.192627,0.671387,43.839,32.557251,-67.625954,-3.206107,355,230,15
65000,continuous_motion,-0.711182,-0.188965,0.654053,43.804,40.809162,-72.190842,-3.038168,355,230,15
65020,continuous_motion,-0.691162,-0.182129,0.624268,43.824,52.320610,-85.083969,-0.862595,355,230,15
65040,continuous_motion,-0.642578,-0.147461,0.639893,43.827,61.358780,-103.961830,2.229008,355,226,59
65060,continuous_motion,-0.572510,-0.078857,0.719971,43.795,69.312981,-122.618324,4.259542,355,226,59
65080,continuous_motion,-0.541504,-0.019531,0.763184,43.824,75.671753,-132.595413,0.908397,355,226,59
65100,continuous_motion,-0.517578,-0.005615,0.773926,43.827,82.977097,-141.786255,-5.167939,350,209,132
65120,continuous_motion,-0.453125,-0.008789,0.768555,43.827,97.053436,-157.229004,-11.213740,350,209,132
65140,continuous_motion,-0.383301,0.041016,0.836914,43.821,109.274811,-170.977097,-14.519084,350,209,132
65160,continuous_motion,-0.316162,0.099854,0.897705,43.827,113.824425,-175.549622,-17.251909,350,209,132
65180,continuous_motion,-0.249023,0.143555,0.946045,43.821,106.709923,-170.870224,-18.389313,336,165,223
65200,continuous_motion,-0.202881,0.133789,0.974365,43.815,93.877861,-164.748093,-17.366413,336,165,223
65220,continuous_motion,-0.169189,0.160400,1.017578,43.801,84.625954,-155.862595,-18.419847,336,165,223
65240,continuous_motion,-0.125000,0.162109,1.053223,43.809,77.503815,-145.145035,-19.206106,316,102,297
65260,continuous_motion,-0.064209,0.139404,1.063232,43.801,72.770996,-134.244278,-17.053434,316,102,297
65280,continuous_motion,-0.027832,0.135742,1.053711,43.801,70.969467,-125.328247,-11.816793,316,102,297
65300,continuous_motion,-0.008545,0.178223,1.048828,43.827,70.145035,-119.946564,-7.114504,293,39,344
65320,continuous_motion,0.036133,0.219971,1.065674,43.809,67.709923,-114.267174,-4.290076,293,39,344
65340,continuous_motion,0.092773,0.254150,1.128662,43.818,62.213741,-104.290077,-1.832061,293,39,344
65360,continuous_motion,0.126709,0.270752,1.135986,43.809,56.274811,-87.656487,0.847328,293,39,344
65380,continuous_motion,0.151855,0.294189,1.111328,43.801,49.167938,-70.030533,3.954198,268,-13,372
65400,continuous_motion,0.162598,0.318115,1.112305,43.812,41.381680,-56.648853,4.687023,268,-13,372
65420,continuous_motion,0.198486,0.340088,1.123047,43.806,32.137405,-40.793892,4.083970,268,-13,372
65440,continuous_motion,0.201172,0.336182,1.089111,43.833,24.786259,-25.419847,4.068702,250,-37,380
65460,continuous_motion,0.187012,0.337891,1.021484,43.804,22.229008,-15.244275,4.206107,250,-37,380
65480,continuous_motion,0.164063,0.345459,0.957275,43.821,24.534351,-12.847328,3.396947,250,-37,380
65500,continuous_motion,0.135742,0.351807,0.915039,43.848,29.511450,-17.587786,-0.557252,250,-39,380
65520,continuous_motion,0.114014,0.348389,0.853027,43.818,35.580154,-26.885496,-4.152672,237,-39,382
65540,continuous_motion,0.103516,0.324219,0.819580,43.833,42.694656,-41.381680,-5.618320,237,-39,382
65560,continuous_motion,0.122803,0.316162,0.807861,43.827,53.687023,-56.145039,-4.160306,237,-39,382
65580,continuous_motion,0.166748,0.348389,0.828125,43.809,60.748093,-63.740459,0.541985,217,-58,387
65600,continuous_motion,0.183838,0.406738,0.821045,43.809,59.213741,-65.946564,6.145038,217,-58,387
65620,continuous_motion,0.190186,0.453613,0.830322,43.804,49.778625,-67.549622,6.984733,217,-58,387
65640,continuous_motion,0.227539,0.458496,0.851318,43.801,40.244274,-67.038170,6.343512,192,-90,393
65660,continuous_motion,0.240479,0.457275,0.826660,43.818,34.488548,-64.793892,4.893130,192,-90,393
65680,continuous_motion,0.256836,0.488281,0.831787,43.854,33.190838,-63.671757,2.786260,192,-90,393
65700,continuous_motion,0.315430,0.527100,0.849854,43.804,30.694656,-60.251907,1.374046,192,-90,393
65720,continuous_motion,0.307861,0.531494,0.836182,43.818,28.045801,-55.557251,-3.213740,177,-122,393
65740,continuous_motion,0.311279,0.543457,0.812012,43.806,27.061069,-51.351147,-8.587787,177,-122,393
65760,continuous_motion,0.354004,0.520264,0.797363,43.827,25.328245,-51.885498,-14.251908,177,-122,393
65780,continuous_motion,0.361328,0.500977,0.781006,43.833,23.702290,-51.183205,-15.290076,164,-152,391
65800,continuous_motion,0.360596,0.505127,0.764893,43.824,23.091602,-53.122139,-15.916031,164,-152,391
65820,continuous_motion,0.379883,0.488525,0.763184,43.833,24.587786,-57.076336,-15.351145,164,-152,391
65840,continuous_motion,0.429199,0.494141,0.779053,43.783,27.595419,-59.946564,-12.572519,154,-184,385
65860,continuous_motion,0.458984,0.541260,0.807373,43.818,27.351145,-55.870228,-8.511451,154,-184,385
65880,continuous_motion,0.472656,0.566406,0.799561,43.812,21.809160,-47.305344,-6.717557,154,-184,385
65900,continuous_motion,0.476563,0.570068,0.798096,43.815,16.358778,-39.496181,-6.419847,154,-184,385
65920,continuous_motion,0.479736,0.571777,0.773438,43.824,12.068703,-31.717558,-6.145038,144,-210,378
65940,continuous_motion,0.492676,0.561768,0.756104,43.821,9.152672,-25.717558,-4.358778,144,-210,378
65960,continuous_motion,0.478760,0.558594,0.694824,43.815,9.541985,-24.030535,-3.053435,144,-210,378
65980,continuous_motion,0.498047,0.559814,0.680664,43.818,13.595420,-26.160305,-2.190840,139,-221,372
66000,continuous_motion,0.531006,0.585205,0.692383,43.812,14.916031,-26.671755,0.229008,139,-221,372
66020,continuous_motion,0.539307,0.609131,0.688965,43.824,11.770992,-22.732824,1.381679,139,-221,372
66040,continuous_motion,0.551270,0.623535,0.710449,43.821,6.877862,-16.877863,1.465649,135,-230,367
66061,continuous_motion,0.568848,0.635254,0.714111,43.812,-0.961832,-6.290076,0.992366,135,-230,367
66080,continuous_motion,0.559082,0.665039,0.708008,43.786,-9.984733,4.923664,-1.610687,135,-230,367
66100,continuous_motion,0.526611,0.674316,0.706299,43.833,-23.167938,14.984733,-7.435114,135,-230,367
66120,continuous_motion,0.494385,0.643066,0.742188,43.812,-34.664124,23.396946,-14.564885,140,-222,368
66140,continuous_motion,0.487305,0.619873,0.825195,43.842,-44.854961,34.419846,-21.236641,140,-222,368
66160,continuous_motion,0.484619,0.576904,0.907471,43.842,-59.793892,54.198475,-24.389313,140,-222,368
66180,continuous_motion,0.441895,0.518311,0.915771,43.833,-76.740456,79.007637,-24.351145,161,-197,368
66200,continuous_motion,0.372803,0.437256,0.867432,43.786,-85.175575,97.557251,-20.885496,161,-197,368
66220,continuous_motion,0.339355,0.380127,0.879395,43.836,-78.793892,103.450378,-15.587787,161,-197,368
66240,continuous_motion,0.337402,0.406982,0.913818,43.804,-69.694656,108.274811,-8.282443,198,-147,369
66260,continuous_motion,0.305176,0.437744,0.921875,43.821,-73.083969,114.595421,-3.480916,198,-147,369
66280,continuous_motion,0.251953,0.429443,0.915527,43.806,-82.076332,120.091606,0.954198,198,-147,369
66300,continuous_motion,0.172119,0.416992,0.888672,43.839,-83.641220,120.625954,3.251908,198,-147,369
66320,continuous_motion,0.135986,0.367188,0.887451,43.804,-75.458015,114.038170,1.839695,234,-86,361
66340,continuous_motion,0.122803,0.354736,0.913574,43.789,-63.213741,103.984734,0.404580,234,-86,361
66360,continuous_motion,0.115479,0.345215,0.944824,43.801,-57.396946,97.786263,0.954198,234,-86,361
66380,continuous_motion,0.077637,0.344727,0.949219,43.824,-57.091602,95.000000,1.305344,261,-36,343
66400,continuous_motion,0.035156,0.317139,0.953857,43.830,-54.053436,90.038170,-0.305344,261,-36,343
66420,continuous_motion,0.064209,0.287354,1.007813,43.827,-48.732826,87.167938,-1.213740,261,-36,343
66440,continuous_motion,0.061035,0.280029,1.037109,43.836,-47.778625,91.351143,0.923664,281,4,326
66460,continuous_motion,0.015625,0.289795,1.008301,43.795,-50.458015,96.816795,2.183206,281,4,326
66480,continuous_motion,-0.016113,0.257324,1.008789,43.792,-51.839695,97.595421,0.587786,281,4,326
66500,continuous_motion,-0.032715,0.255371,1.023193,43.818,-50.534351,96.496185,-0.282443,281,4,326
66520,continuous_motion,-0.058594,0.242920,1.034912,43.842,-50.854961,96.847328,-1.549618,301,45,301
66540,continuous_motion,-0.096680,0.226318,1.028564,43.812,-51.893131,98.816795,-2.396947,301,45,301
66560,continuous_motion,-0.115723,0.195068,1.037842,43.806,-52.351147,101.419846,-3.946565,301,45,301
66580,continuous_motion,-0.160156,0.173096,1.023926,43.812,-52.282444,104.740456,-5.015267,320,84,267
66600,continuous_motion,-0.210205,0.160889,0.983398,43.812,-48.900764,104.702293,-5.954198,320,84,267
66620,continuous_motion,-0.260742,0.144043,0.946533,43.815,-44.458015,101.679390,-8.702291,320,84,267
66640,continuous_motion,-0.366455,0.100342,0.872559,43.845,-37.427483,92.709923,-12.488549,320,84,267
66660,continuous_motion,-0.392578,0.044922,0.825195,43.812,-24.709923,73.122139,-10.175572,335,118,231
66680,continuous_motion,-0.391357,0.054688,0.880859,43.827,-12.396947,54.641220,-8.801527,335,118,231
66700,continuous_motion,-0.397461,0.050293,0.908203,43.848,-5.236641,41.664124,-8.793893,335,118,231
66720,continuous_motion,-0.415527,0.028809,0.903320,43.833,-0.419847,31.007633,-7.900764,343,130,212
66740,continuous_motion,-0.457520,0.026367,0.879883,43.836,6.610687,21.152672,-6.877862,343,130,212
66760,continuous_motion,-0.443359,0.051514,0.938232,43.818,15.106871,11.717557,-5.839694,343,130,212
66780,continuous_motion,-0.400879,0.073242,1.000977,43.815,16.198473,11.732824,-5.366412,343,134,208
66800,continuous_motion,-0.419678,0.073730,1.005615,43.812,12.725191,17.610687,-6.122138,343,134,208
66820,continuous_motion,-0.442383,0.049561,0.994385,43.827,10.564885,20.030535,-6.305344,343,134,208
66840,continuous_motion,-0.441895,0.029541,0.993408,43.804,16.786259,18.709923,-5.435114,343,134,208
66860,continuous_motion,-0.424561,0.044922,1.007813,43.798,24.877863,19.458015,-3.129771,341,141,208
66880,continuous_motion,-0.417480,0.070068,0.996338,43.812,27.320610,22.236641,-0.587786,341,141,208
66900,continuous_motion,-0.439697,0.064453,0.949707,43.848,28.366413,23.435114,1.984733,341,141,208
66920,continuous_motion,-0.438232,0.074219,0.939209,43.827,31.000000,22.404581,5.534351,336,146,209
66940,continuous_motion,-0.447021,0.128662,0.930176,43.833,32.687023,22.061069,8.213740,336,146,209
66960,continuous_motion,-0.464844,0.157959,0.900879,43.824,32.587788,22.595419,8.954199,336,146,209
66980,continuous_motion,-0.489502,0.160889,0.845459,43.833,30.557251,19.916031,9.404580,327,154,212
67000,continuous_motion,-0.487793,0.176514,0.855957,43.839,34.038166,12.977099,9.870229,327,154,212
67020,continuous_motion,-0.494873,0.210938,0.864258,43.842,39.625954,6.763359,8.664123,327,154,212
67040,continuous_motion,-0.483887,0.214111,0.831299,43.824,43.343510,-1.099237,7.877862,327,154,212
67060,continuous_motion,-0.479736,0.221924,0.827637,43.815,47.045803,-11.229008,8.206107,316,158,221
67080,continuous_motion,-0.467285,0.269287,0.818604,43.806,53.977100,-25.022902,6.832061,316,158,221
67100,continuous_motion,-0.424561,0.314697,0.869141,43.821,59.305344,-34.763359,2.297710,316,158,221
67120,continuous_motion,-0.377930,0.328125,0.904053,43.815,58.068703,-39.618320,-3.969466,299,152,243
67140,continuous_motion,-0.355225,0.331055,0.922852,43.827,55.129772,-38.541985,-7.122138,299,152,243
67160,continuous_motion,-0.316895,0.324463,0.981445,43.824,54.679390,-31.335878,-8.969465,299,152,243
67180,continuous_motion,-0.321289,0.371826,0.920898,43.833,50.343510,-20.732824,-10.450381,287,137,264
67200,continuous_motion,-0.334229,0.366211,0.918457,43.836,42.114502,-9.977099,-12.282443,287,137,264
67220,continuous_motion,-0.303467,0.327637,0.762207,43.812,36.305344,-3.106870,-13.503817,287,137,264
67240,continuous_motion,-0.376465,0.314941,0.870361,43.821,33.389313,-1.175573,-13.083969,287,137,264
67260,continuous_motion,-0.389648,0.351074,0.814209,43.818,36.618320,-2.908397,-14.450381,281,132,276
67280,continuous_motion,-0.400391,0.364014,0.810791,43.806,36.954197,-7.244275,-16.450382,281,132,276
67300,continuous_motion,-0.397949,0.383789,0.810547,43.839,33.305344,-9.503817,-19.580153,281,132,276
67321,continuous_motion,-0.413086,0.364258,0.789795,43.806,28.801527,-10.824428,-23.106871,276,123,283
67340,continuous_motion,-0.414307,0.343018,0.794922,43.833,27.534351,-14.122137,-23.473282,276,123,283
67360,continuous_motion,-0.410156,0.360596,0.822510,43.848,27.389313,-16.572519,-22.885496,276,123,283
67380,continuous_motion,-0.415527,0.388428,0.871826,43.830,27.404581,-15.908397,-23.022902,275,112,295
67400,continuous_motion,-0.425537,0.371582,0.854492,43.839,23.671755,-13.137404,-23.923664,275,112,295
67420,continuous_motion,-0.432129,0.337891,0.850830,43.812,20.068703,-11.496183,-21.748091,275,112,295
67440,continuous_motion,-0.427979,0.336182,0.876465,43.818,21.557251,-11.778625,-17.480917,275,112,295
67460,continuous_motion,-0.433838,0.371582,0.842041,43.812,24.984734,-11.931297,-15.198473,274,102,302
67480,continuous_motion,-0.410645,0.420166,0.901367,43.818,27.083969,-9.984733,-14.778625,274,102,302
67500,continuous_motion,-0.393311,0.428467,0.893311,43.827,27.633587,-7.755725,-14.938931,274,102,302
67520,continuous_motion,-0.384033,0.449951,0.883301,43.824,28.282442,-6.480916,-16.282442,268,92,307
67540,continuous_motion,-0.387207,0.474609,0.850830,43.801,26.587786,-5.473282,-19.137405,268,92,307
67560,continuous_motion,-0.398193,0.460449,0.801025,43.827,23.221375,-5.137404,-21.320610,268,92,307
67580,continuous_motion,-0.404053,0.436768,0.767578,43.804,21.000000,-8.106871,-22.595419,268,92,307
67600,continuous_motion,-0.421387,0.442383,0.739258,43.824,24.267176,-12.786260,-23.564886,265,84,319
67620,continuous_motion,-0.414551,0.441895,0.719727,43.839,29.328245,-19.816793,-24.229008,265,84,319
67640,continuous_motion,-0.409424,0.441895,0.696777,43.836,30.137405,-26.618320,-24.305344,265,84,319
67660,continuous_motion,-0.420898,0.440186,0.682617,43.801,30.129770,-34.664124,-23.267176,262,69,326
67680,continuous_motion,-0.419434,0.452881,0.697021,43.830,32.969467,-42.114502,-23.351145,262,69,326
67700,continuous_motion,-0.393799,0.479492,0.721680,43.818,34.343510,-47.541985,-24.030535,262,69,326
67720,continuous_motion,-0.378662,0.487061,0.744385,43.806,32.809162,-48.702290,-26.366413,254,44,339
67740,continuous_motion,-0.392090,0.488770,0.734619,43.836,29.122137,-48.618320,-30.793894,254,44,339
67760,continuous_motion,-0.383789,0.460449,0.721924,43.809,27.122137,-51.045803,-35.190838,254,44,339
67780,continuous_motion,-0.362793,0.429932,0.735107,43.836,25.679390,-53.870228,-36.030533,254,44,339
67800,continuous_motion,-0.331543,0.391846,0.748535,43.821,25.030535,-55.160305,-33.740459,249,13,351
67820,continuous_motion,-0.305664,0.381836,0.735107,43.815,26.946566,-55.473282,-28.152672,249,13,351
67840,continuous_motion,-0.294434,0.399658,0.704102,43.827,30.847328,-58.335876,-21.106871,249,13,351
67861,continuous_motion,-0.262451,0.441406,0.720459,43.812,34.022900,-60.847328,-16.045801,244,-18,365
67880,continuous_motion,-0.253662,0.476807,0.675293,43.827,31.519083,-62.282444,-13.442748,244,-18,365
67901,continuous_motion,-0.280029,0.465088,0.586426,43.818,28.015266,-70.526718,-12.427481,244,-18,365
67920,continuous_motion,-0.262207,0.491455,0.601807,43.798,33.534351,-89.167938,-12.969465,231,-55,373
67941,continuous_motion,-0.192627,0.547363,0.695801,43.836,31.480917,-98.458015,-16.114504,231,-55,373
67960,continuous_motion,-0.159668,0.524658,0.760986,43.824,17.801527,-96.755722,-18.725191,231,-55,373
67980,continuous_motion,-0.149414,0.455811,0.769287,43.818,8.030535,-93.412216,-16.885496,231,-55,373
68000,continuous_motion,-0.113037,0.433838,0.782715,43.809,5.885496,-91.221375,-9.923664,223,-105,380
68020,continuous_motion,-0.095703,0.481934,0.827637,43.815,5.725191,-89.198471,-4.893130,223,-105,380
68040,continuous_motion,-0.050537,0.506592,0.884766,43.821,-1.694656,-83.404579,-2.816794,223,-105,380
68060,continuous_motion,-0.069092,0.436035,0.827881,43.842,-7.603054,-81.274811,-1.099237,223,-148,379
68081,continuous_motion,-0.072510,0.399902,0.778809,43.818,3.091603,-92.450378,2.961832,223,-148,379
68100,continuous_motion,0.006836,0.475098,0.861328,43.839,17.519083,-104.839691,7.297710,223,-148,379
68120,continuous_motion,0.071289,0.532227,0.923828,43.833,19.770992,-104.374046,8.854961,219,-194,373
68140,continuous_motion,0.091553,0.526855,0.909180,43.824,15.618320,-97.435112,8.931297,219,-194,373
68160,continuous_motion,0.113037,0.504150,0.897461,43.842,14.679389,-91.801529,10.748092,219,-194,373
68180,continuous_motion,0.164551,0.548584,0.940430,43.827,12.374045,-82.671753,13.244275,219,-194,373
68200,continuous_motion,0.211426,0.547852,0.962402,43.821,1.610687,-67.641220,13.809160,216,-235,363
68220,continuous_motion,0.213135,0.506592,0.915039,43.801,-8.595420,-55.198475,16.335878,216,-235,363
68240,continuous_motion,0.198730,0.477783,0.857178,43.842,-6.770992,-51.717556,20.610687,216,-235,363
68260,continuous_motion,0.216309,0.530273,0.871338,43.783,4.335878,-54.595421,23.053434,219,-260,353
68280,continuous_motion,0.250488,0.575439,0.888428,43.830,9.244275,-55.412212,21.770992,219,-260,353
68300,continuous_motion,0.250488,0.586914,0.874268,43.821,7.564886,-53.740459,19.435114,219,-260,353
68321,continuous_motion,0.281006,0.479736,0.940918,43.798,8.702291,-55.450382,18.267176,218,-281,345
68340,continuous_motion,0.281738,0.590088,0.846680,43.830,12.770992,-57.297710,19.916031,218,-281,345
68360,continuous_motion,0.340088,0.643799,0.886230,43.812,11.473283,-54.198475,19.076336,218,-281,345
68380,continuous_motion,0.354248,0.638916,0.930176,43.824,6.664122,-46.488548,14.923664,218,-281,345
68400,continuous_motion,0.365723,0.623535,0.909668,43.827,5.824428,-40.381680,12.679389,218,-300,338
68420,continuous_motion,0.421631,0.632080,0.864746,43.801,4.786260,-34.206108,10.755725,218,-300,338
68440,continuous_motion,0.439209,0.625977,0.897949,43.818,2.167939,-26.687023,9.748092,218,-300,338
68460,continuous_motion,0.400635,0.589844,0.830811,43.801,-2.465649,-18.839695,8.717557,219,-312,330
68480,continuous_motion,0.354248,0.573486,0.751221,43.812,-1.778626,-18.870230,8.801527,219,-312,330
68500,continuous_motion,0.390625,0.558594,0.791260,43.812,2.908397,-21.297710,8.648855,219,-312,330
68520,continuous_motion,0.378174,0.573975,0.806885,43.833,5.351145,-19.137405,7.412214,220,-320,326
68540,continuous_motion,0.386475,0.557617,0.818604,43.833,6.122138,-14.404580,6.030534,220,-320,326
68561,continuous_motion,0.407227,0.534668,0.813965,43.809,4.099236,-8.389313,8.137404,220,-320,326
68580,continuous_motion,0.413818,0.550293,0.821533,43.821,-0.022901,-1.732824,10.770992,220,-320,326
68600,continuous_motion,0.415039,0.559570,0.806152,43.801,-8.381680,7.725191,12.099236,221,-322,324
68620,continuous_motion,0.402100,0.520020,0.760498,43.818,-13.450381,11.007633,11.931297,221,-322,324
68640,continuous_motion,0.395996,0.503418,0.733154,43.824,-8.305344,5.908397,12.557252,221,-322,324
68660,continuous_motion,0.421875,0.530273,0.755371,43.804,-0.549618,-2.412214,12.732824,226,-315,325
68680,continuous_motion,0.448242,0.557129,0.798828,43.815,2.068702,-7.129771,10.770992,226,-315,325
68700,continuous_motion,0.465576,0.569580,0.814453,43.830,-0.061069,-6.656488,8.213740,226,-315,325
68720,continuous_motion,0.513916,0.583984,0.872559,43.806,-2.671756,-2.992366,4.816794,226,-315,325
68740,continuous_motion,0.529053,0.494873,0.742432,43.809,-21.740458,22.770992,-2.366412,229,-316,324
68760,continuous_motion,0.464844,0.504883,0.852051,43.812,-19.770992,34.580154,-3.083969,229,-316,324
68780,continuous_motion,0.399414,0.519043,0.794678,43.830,-21.625954,40.213741,-1.061069,229,-316,324
68800,continuous_motion,0.319336,0.516113,0.704590,43.827,-19.664122,35.129772,-0.916031,237,-304,327
68820,continuous_motion,0.272461,0.475342,0.645508,43.812,-9.679389,17.381680,-2.778626,237,-304,327
68840,continuous_motion,0.271484,0.463135,0.645996,43.830,5.839694,-7.061069,-3.305344,237,-304,327
68860,continuous_motion,0.316406,0.491455,0.705322,43.824,16.549618,-26.725191,-1.297710,237,-303,327
68880,continuous_motion,0.429199,0.574951,0.871826,43.809,15.061069,-31.862595,0.793893,237,-303,327
68900,continuous_motion,0.357178,0.315430,0.602539,43.804,-12.351145,5.603054,-5.786260,237,-303,327
68920,continuous_motion,0.359619,0.452637,0.744141,43.815,0.770992,3.648855,-1.618321,237,-303,327
68940,continuous_motion,0.374268,0.541016,0.813721,43.815,4.687023,2.877863,-0.213740,236,-308,326
68960,continuous_motion,0.369141,0.515869,0.783447,43.812,4.885496,1.442748,-0.244275,236,-308,326
68980,continuous_motion,0.370605,0.511719,0.801025,43.818,5.923664,-0.778626,-0.175573,236,-308,326
69000,continuous_motion,0.387451,0.518555,0.802734,43.821,7.519084,-1.312977,0.145038,233,-308,327
69020,continuous_motion,0.377441,0.523682,0.788818,43.812,9.175572,-1.687023,-0.022901,233,-308,327
69040,continuous_motion,0.386475,0.544189,0.778809,43.836,8.435115,-3.030534,-0.778626,233,-308,327
69060,continuous_motion,0.377686,0.523682,0.778320,43.818,7.534351,-5.251908,-1.816794,228,-308,326
69080,continuous_motion,0.387451,0.527344,0.796387,43.801,8.503817,-6.106870,-1.427481,228,-308,326
69100,continuous_motion,0.385742,0.513428,0.788330,43.786,11.335877,-5.381680,-0.587786,228,-308,326
69120,continuous_motion,0.380371,0.541504,0.777588,43.804,13.786260,-6.129771,-0.312977,228,-308,326
69140,continuous_motion,0.372803,0.542725,0.776611,43.830,14.038168,-10.061069,-1.541985,224,-311,326
69160,continuous_motion,0.364014,0.534668,0.788330,43.795,14.022901,-15.732824,-3.206107,224,-311,326
69180,continuous_motion,0.381104,0.514160,0.815674,43.812,17.839695,-20.274809,-2.648855,224,-311,326
69200,continuous_motion,0.392334,0.510254,0.810791,43.815,25.236641,-21.419847,-0.809160,218,-320,325
69220,continuous_motion,0.395752,0.532227,0.777832,43.809,33.198475,-22.740458,0.595420,218,-320,325
69240,continuous_motion,0.397461,0.552979,0.757568,43.830,37.870228,-25.534351,0.427481,218,-320,325
69260,continuous_motion,0.402588,0.559326,0.749756,43.821,41.091602,-30.931297,-0.496183,203,-330,323
69280,continuous_motion,0.429688,0.558350,0.744141,43.824,46.435116,-32.236641,0.396947,203,-330,323
69300,continuous_motion,0.427734,0.575684,0.709717,43.777,51.083969,-33.396946,1.419847,203,-330,323
69320,continuous_motion,0.442871,0.610596,0.672607,43.815,54.076336,-34.022900,2.206107,203,-330,323
69341,continuous_motion,0.430176,0.652100,0.615723,43.827,53.022900,-35.351147,2.152672,181,-346,319
69360,continuous_motion,0.457275,0.645996,0.615234,43.783,50.000000,-38.122139,2.152672,181,-346,319
69380,continuous_motion,0.475098,0.666748,0.591553,43.827,48.282444,-37.564884,3.068702,181,-346,319
69400,continuous_motion,0.490967,0.687256,0.552490,43.827,45.526718,-34.938931,4.519084,161,-360,313
69420,continuous_motion,0.487549,0.702881,0.522949,43.795,40.587788,-31.969465,5.503817,161,-360,313
69440,continuous_motion,0.508545,0.708252,0.527832,43.792,34.809162,-29.480917,5.961832,161,-360,313
69460,continuous_motion,0.533691,0.698975,0.531738,43.801,31.297710,-26.381680,6.687023,161,-372,313
69480,continuous_motion,0.542236,0.688965,0.536377,43.836,28.664122,-21.167938,8.076336,146,-372,307
69500,continuous_motion,0.545410,0.699951,0.505127,43.827,26.832062,-16.442749,8.900764,146,-372,307
69520,continuous_motion,0.550293,0.713379,0.488525,43.809,23.305344,-12.519084,9.038168,146,-372,307
69540,continuous_motion,0.541748,0.730225,0.480713,43.812,19.145039,-9.015267,8.282443,138,-378,301
69560,continuous_motion,0.557373,0.727295,0.466309,43.806,12.358779,-7.076336,6.694656,138,-378,301
69580,continuous_motion,0.557129,0.723877,0.458740,43.815,6.419847,-5.358778,4.885496,138,-378,301
69600,continuous_motion,0.562012,0.722656,0.463623,43.806,0.893130,-2.442748,3.435115,135,-381,300
69620,continuous_motion,0.572021,0.696777,0.475098,43.806,-3.061069,0.618321,2.732824,135,-381,300
69640,continuous_motion,0.568604,0.715820,0.480957,43.827,-6.847328,5.022901,1.175573,135,-381,300
69660,continuous_motion,0.568115,0.717041,0.486084,43.801,-11.381680,7.366412,-0.664122,135,-381,300
69680,continuous_motion,0.540527,0.722900,0.484131,43.824,-16.015266,10.335877,-2.145038,138,-380,301
69700,continuous_motion,0.542969,0.705566,0.496338,43.795,-20.694656,10.954199,-3.091603,138,-380,301
69720,continuous_motion,0.533936,0.682617,0.580322,43.801,-21.564886,12.603053,-3.106870,138,-380,301
69740,continuous_motion,0.531006,0.640381,0.591797,43.783,-17.786259,14.801527,-3.198473,145,-376,303
69760,continuous_motion,0.525879,0.635498,0.606934,43.818,-11.213740,15.099236,-3.786260,145,-376,303
69780,continuous_motion,0.499268,0.678223,0.584717,43.804,-4.236641,14.541985,-4.083970,145,-376,303
69801,continuous_motion,0.517578,0.642578,0.572754,43.839,-1.946565,10.076336,-4.778626,148,-370,306
69820,continuous_motion,0.489502,0.664551,0.574463,43.812,2.618321,8.335877,-4.435114,148,-370,306
69840,continuous_motion,0.503906,0.649902,0.614258,43.833,6.916030,6.167939,-3.328244,148,-370,306
69860,continuous_motion,0.510010,0.649902,0.608398,43.789,10.977099,4.167939,-1.664122,148,-370,306
69880,continuous_motion,0.484131,0.672119,0.579346,43.798,14.137404,2.320611,0.083969,146,-370,308
69900,continuous_motion,0.489502,0.675049,0.560059,43.806,17.519083,1.671756,2.015267,146,-370,308
69921,continuous_motion,0.497314,0.676514,0.556396,43.815,18.709923,-0.770992,3.267176,146,-370,308
69940,continuous_motion,0.467041,0.728271,0.518555,43.789,20.625954,-0.236641,4.908397,139,-368,308
69960,continuous_motion,0.531494,0.697021,0.500488,43.812,19.625954,-0.221374,4.305344,139,-368,308
69980,continuous_motion,0.564941,0.732422,0.470703,43.801,15.213740,1.610687,5.190840,139,-368,308
70000,continuous_motion,0.557129,0.753418,0.466064,43.851,7.595420,4.374046,3.839695,133,-367,308
70020,continuous_motion,0.552979,0.748535,0.455566,43.827,-1.862595,8.488549,1.305344,133,-367,308
70040,continuous_motion,0.575684,0.724365,0.477783,43.818,-9.381680,13.335877,-0.167939,133,-367,308
70060,continuous_motion,0.553223,0.714111,0.498291,43.795,-16.465649,16.893129,-3.687023,133,-367,308
70080,continuous_motion,0.548340,0.706543,0.510498,43.818,-20.267176,21.305344,-5.320611,135,-363,312
70100,continuous_motion,0.523438,0.695313,0.541992,43.798,-23.045801,24.648855,-6.931298,135,-363,312
70120,continuous_motion,0.522217,0.694336,0.535156,43.806,-24.893129,28.450382,-7.931298,135,-363,312
70140,continuous_motion,0.504883,0.704102,0.534668,43.795,-27.755726,31.396946,-9.603053,144,-355,319
70160,continuous_motion,0.495117,0.714600,0.527100,43.792,-33.213741,33.679390,-11.503817,144,-355,319
70180,continuous_motion,0.472900,0.703613,0.537842,43.812,-41.854961,34.152672,-13.274809,144,-355,319
70200,continuous_motion,0.470459,0.708984,0.557373,43.809,-48.030533,37.961834,-13.862596,158,-342,323
70220,continuous_motion,0.442139,0.691406,0.562988,43.798,-57.122139,38.549618,-14.763359,158,-342,323
70240,continuous_motion,0.444092,0.645264,0.618408,43.830,-63.923664,39.435116,-15.061069,158,-342,323
70260,continuous_motion,0.437744,0.618408,0.655518,43.827,-66.503815,42.259541,-14.389313,158,-342,323
70280,continuous_motion,0.434814,0.598877,0.678467,43.809,-66.267174,48.213741,-12.603053,182,-326,331
70301,continuous_motion,0.405029,0.602539,0.695801,43.815,-66.816795,53.541985,-11.740458,182,-326,331
70320,continuous_motion,0.366211,0.584229,0.712891,43.815,-69.175575,54.534351,-12.129771,182,-326,331
70341,continuous_motion,0.384033,0.555420,0.722656,43.774,-70.885498,55.419846,-12.129771,210,-306,335
70360,continuous_motion,0.348389,0.546387,0.756592,43.827,-71.763359,58.381680,-11.328244,210,-306,335
70380,continuous_motion,0.299561,0.536377,0.763428,43.792,-74.595421,58.259541,-12.343512,210,-306,335
70400,continuous_motion,0.258545,0.491943,0.815430,43.833,-77.641220,53.091602,-13.496183,241,-284,334
70420,continuous_motion,0.257568,0.434326,0.876221,43.833,-76.221375,47.305344,-13.770992,241,-284,334
70440,continuous_motion,0.242188,0.406250,0.924805,43.818,-69.000000,45.244274,-12.183207,241,-284,334
70460,continuous_motion,0.225830,0.397705,0.929688,43.792,-59.458015,44.587788,-9.480916,241,-284,334
70480,continuous_motion,0.200195,0.385498,0.940674,43.806,-52.137405,40.045803,-8.954199,269,-268,332
70500,continuous_motion,0.194336,0.362061,0.971191,43.842,-44.541985,35.000000,-7.793893,269,-268,332
70520,continuous_motion,0.199463,0.339355,0.989014,43.795,-33.946564,31.564886,-5.755725,269,-268,332
70540,continuous_motion,0.175049,0.349854,1.004395,43.815,-22.564886,30.381680,-3.404580,286,-255,329
70560,continuous_motion,0.157715,0.370850,0.968994,43.804,-15.648855,27.351145,-2.839695,286,-255,329
70580,continuous_motion,0.178467,0.371338,0.952148,43.818,-12.022901,23.610687,-2.374046,286,-255,329
70600,continuous_motion,0.198730,0.372803,0.949463,43.818,-9.129771,21.725191,-1.809160,286,-246,329
70620,continuous_motion,0.191650,0.388916,0.916992,43.798,-6.564886,23.496183,-1.030534,292,-246,329
70640,continuous_motion,0.179932,0.406250,0.909668,43.815,-8.450381,23.854961,-1.679389,292,-246,329
70660,continuous_motion,0.180176,0.401367,0.916504,43.845,-12.282443,23.671755,-2.366412,292,-246,329
70680,continuous_motion,0.171387,0.391357,0.913574,43.795,-15.251908,24.938931,-2.854962,296,-235,329
70700,continuous_motion,0.158691,0.389648,0.926025,43.815,-17.816793,26.045801,-2.854962,296,-235,329
70720,continuous_motion,0.156250,0.376465,0.920410,43.815,-20.007633,27.015266,-2.984733,296,-235,329
70740,continuous_motion,0.137451,0.376221,0.927246,43.818,-22.954199,26.916031,-3.809160,302,-226,328
70760,continuous_motion,0.126465,0.352783,0.954102,43.830,-24.916031,26.549618,-3.931298,302,-226,328
70780,continuous_motion,0.115967,0.354248,0.937500,43.792,-24.877863,27.442749,-3.358779,302,-226,328
70800,continuous_motion,0.095703,0.350098,0.929932,43.824,-28.015266,25.671755,-4.053435,302,-226,328
70820,continuous_motion,0.123047,0.324463,0.954102,43.812,-31.519083,21.206106,-6.076336,313,-217,324
70840,continuous_motion,0.105713,0.297852,0.965332,43.815,-30.748091,19.389313,-6.206107,313,-217,324
70860,continuous_motion,0.084229,0.289795,0.987793,43.830,-27.580153,19.404581,-4.801527,313,-217,324
70880,continuous_motion,0.083008,0.300537,0.981445,43.795,-25.419847,19.320610,-3.351145,326,-209,319
70900,continuous_motion,0.055176,0.259521,0.979248,43.818,-24.786259,16.809160,-2.702290,326,-209,319
70920,continuous_motion,0.046631,0.256592,1.018066,43.792,-21.900763,13.671756,-1.496183,326,-209,319
70940,continuous_motion,0.033203,0.227295,1.037109,43.806,-16.007633,10.251908,0.458015,334,-203,315
70960,continuous_motion,0.031982,0.216064,1.049316,43.824,-7.267176,7.030534,2.709924,334,-203,315
70980,continuous_motion,0.043701,0.227539,1.039063,43.821,-0.412214,2.587786,3.832061,334,-203,315
71000,continuous_motion,0.042236,0.233887,1.041260,43.833,4.717557,-2.267176,4.099236,334,-203,315
71021,continuous_motion,0.055908,0.244873,1.021729,43.824,10.290076,-5.007634,3.793893,339,-203,316
71040,continuous_motion,0.061035,0.251953,1.019531,43.839,15.030535,-6.167939,4.297710,339,-203,316
71060,continuous_motion,0.072998,0.252441,1.011963,43.830,19.709923,-6.984733,4.465649,339,-203,316
71080,continuous_motion,0.062988,0.278320,0.992432,43.798,22.748091,-8.587787,3.793893,330,-205,318
71100,continuous_motion,0.060303,0.276855,1.001465,43.792,23.709923,-13.763359,1.396947,330,-205,318
71120,continuous_motion,0.059570,0.268799,1.013428,43.809,27.114504,-19.022902,0.358779,330,-205,318
71140,continuous_motion,0.065918,0.275635,1.008789,43.812,33.587788,-21.503817,1.748092,319,-211,324
71160,continuous_motion,0.074707,0.306885,0.963379,43.830,38.557251,-24.885496,2.633588,319,-211,324
71180,continuous_motion,0.083008,0.325928,0.956055,43.806,40.320610,-29.396946,2.412214,319,-211,324
71200,continuous_motion,0.099609,0.328125,0.981445,43.809,42.587788,-34.091602,3.167939,319,-211,324
71220,continuous_motion,0.111572,0.333496,0.977051,43.821,47.473282,-36.877861,4.893130,303,-223,330
71240,continuous_motion,0.118896,0.359131,0.963379,43.798,52.122139,-38.824429,6.801527,303,-223,330
71261,continuous_motion,0.143799,0.392090,0.933838,43.827,55.885498,-40.229008,9.083969,303,-223,330
71280,continuous_motion,0.159424,0.434570,0.898926,43.809,56.190838,-40.320610,11.404580,282,-238,334
71300,continuous_motion,0.174561,0.465332,0.858154,43.812,51.801525,-42.549618,11.412213,282,-238,334
71320,continuous_motion,0.206543,0.465576,0.862305,43.795,45.709923,-45.603054,10.343512,282,-238,334
71340,continuous_motion,0.236572,0.462646,0.872070,43.798,42.992367,-45.740459,10.167939,260,-255,338
71360,continuous_motion,0.260498,0.469238,0.839355,43.827,43.137405,-42.854961,10.854961,260,-255,338
71380,continuous_motion,0.275635,0.504639,0.842529,43.812,42.297710,-39.816795,10.183207,260,-255,338
71400,continuous_motion,0.285156,0.507568,0.823242,43.795,39.572517,-38.129772,8.648855,260,-255,338
71420,continuous_motion,0.312744,0.497803,0.821045,43.818,37.900764,-35.946564,7.618320,244,-273,339
71440,continuous_motion,0.317871,0.518311,0.824951,43.842,37.458015,-32.480915,6.679389,244,-273,339
71461,continuous_motion,0.331787,0.526367,0.801270,43.818,36.328243,-29.274809,5.694656,244,-273,339
71480,continuous_motion,0.339355,0.538330,0.792236,43.795,35.343510,-25.717558,5.061069,228,-285,338
71500,continuous_motion,0.344238,0.567627,0.762695,43.804,33.419846,-21.496183,4.801527,228,-285,338
71520,continuous_motion,0.347412,0.591553,0.741211,43.804,29.435114,-17.038168,4.419847,228,-285,338
71540,continuous_motion,0.375732,0.604248,0.758057,43.824,22.183207,-15.251908,2.412214,228,-285,338
71560,continuous_motion,0.361084,0.578857,0.746826,43.809,15.732824,-12.458015,0.778626,216,-293,338
71580,continuous_motion,0.361328,0.583008,0.730957,43.824,11.954199,-8.190840,-0.106870,216,-293,338
71600,continuous_motion,0.356689,0.592529,0.750000,43.830,8.977099,-5.007634,-1.290076,216,-293,338
71620,continuous_motion,0.359131,0.582520,0.759521,43.836,5.946565,-3.679389,-2.954198,211,-299,338
71640,continuous_motion,0.352051,0.569580,0.775391,43.839,4.832061,-2.480916,-3.526718,211,-299,338
71660,continuous_motion,0.346680,0.562744,0.777344,43.821,5.977099,-0.183206,-3.412214,211,-299,338
71680,continuous_motion,0.350342,0.583984,0.767090,43.824,7.297710,2.419847,-3.030534,207,-300,337
71700,continuous_motion,0.339111,0.594482,0.747803,43.827,5.786260,3.175573,-3.297710,207,-300,337
71720,continuous_motion,0.337891,0.598633,0.753174,43.809,2.458015,2.847328,-3.572519,207,-300,337
71740,continuous_motion,0.340332,0.593994,0.751221,43.824,0.343511,4.114504,-2.893130,207,-300,337
71760,continuous_motion,0.338623,0.594971,0.745850,43.833,-1.870229,5.770992,-2.114504,206,-299,339
71780,continuous_motion,0.342773,0.597168,0.750977,43.827,-3.725191,7.824428,-1.251908,206,-299,339
71800,continuous_motion,0.335205,0.601318,0.743652,43.809,-6.557252,9.625955,-0.938931,206,-299,339
71820,continuous_motion,0.326416,0.600830,0.745117,43.833,-9.748092,10.778625,-1.022901,206,-297,338
71841,continuous_motion,0.328857,0.583984,0.756348,43.789,-13.282443,10.824428,-1.679389,206,-297,338
71860,continuous_motion,0.332275,0.566895,0.781982,43.827,-14.297709,11.656488,-1.832061,206,-297,338
71880,continuous_motion,0.326660,0.560547,0.791016,43.812,-13.786260,12.740458,-1.969466,212,-292,339
71900,continuous_motion,0.311035,0.560547,0.795410,43.839,-14.030535,12.244275,-2.725191,212,-292,339
71920,continuous_motion,0.302002,0.560547,0.804443,43.818,-13.526717,11.137404,-3.183206,212,-292,339
71940,continuous_motion,0.295410,0.545166,0.825439,43.818,-12.038168,9.595420,-3.236641,212,-292,339
71960,continuous_motion,0.293945,0.535156,0.823486,43.786,-9.213740,8.870229,-2.580153,219,-288,341
71980,continuous_motion,0.300781,0.532227,0.828857,43.780,-5.717557,9.000000,-1.687023,219,-288,341
72000,continuous_motion,0.312012,0.541504,0.818604,43.815,-2.801527,10.664123,-1.106870,219,-288,341
72020,continuous_motion,0.317871,0.552490,0.792480,43.830,-1.267176,14.335877,-0.580153,222,-284,340
72040,continuous_motion,0.313965,0.577881,0.775391,43.795,-3.625954,17.114504,-1.465649,222,-284,340
72060,continuous_motion,0.317627,0.590332,0.758545,43.824,-9.404580,20.129770,-2.671756,222,-284,340
72080,continuous_motion,0.311279,0.585205,0.750977,43.815,-16.450382,23.519083,-3.458015,224,-277,343
72100,continuous_motion,0.286377,0.600342,0.748535,43.818,-25.267176,26.946566,-5.038168,224,-277,343
72120,continuous_motion,0.279053,0.569824,0.769775,43.836,-34.488548,26.885496,-6.977099,224,-277,343
72140,continuous_motion,0.255859,0.540771,0.802002,43.786,-41.938931,26.809160,-8.320611,224,-277,343
72160,continuous_motion,0.231689,0.508545,0.842529,43.815,-45.068703,26.374046,-8.809160,238,-267,344
72180,continuous_motion,0.222656,0.459229,0.890381,43.848,-44.664124,24.435114,-8.847328,238,-267,344
72200,continuous_motion,0.218018,0.428223,0.925049,43.812,-39.374046,23.488550,-8.076336,238,-267,344
72220,continuous_motion,0.208496,0.428711,0.925293,43.809,-30.778625,23.381680,-6.282443,256,-258,339
72240,continuous_motion,0.197754,0.435059,0.917725,43.827,-24.824427,22.152672,-5.664122,256,-258,339
72260,continuous_motion,0.187988,0.448242,0.907227,43.806,-22.541985,18.763359,-5.977099,256,-258,339
72280,continuous_motion,0.197021,0.430420,0.912842,43.830,-20.564886,16.381680,-5.763359,265,-251,338
72300,continuous_motion,0.189697,0.453613,0.905762,43.801,-18.648855,16.458015,-4.534351,265,-251,338
72320,continuous_motion,0.187744,0.476074,0.860596,43.824,-20.053434,17.526718,-3.312977,265,-251,338
72340,continuous_motion,0.177979,0.483643,0.851074,43.806,-27.946566,15.687023,-3.900763,265,-251,338
72360,continuous_motion,0.166748,0.469238,0.859131,43.792,-36.641220,13.450381,-4.412214,275,-245,336
72381,continuous_motion,0.167480,0.435059,0.873779,43.795,-43.984734,13.068703,-3.160305,275,-245,336
72400,continuous_motion,0.163086,0.416016,0.881592,43.821,-49.206108,14.259542,-1.297710,275,-245,336
72421,continuous_motion,0.173584,0.365723,0.939453,43.815,-52.351147,14.534351,-1.625954,294,-239,328
72440,continuous_motion,0.155029,0.324951,0.975098,43.792,-50.396946,15.145039,-1.175573,294,-239,328
72461,continuous_motion,0.157715,0.294678,1.005615,43.824,-44.404579,15.198473,-0.290076,294,-239,328
72480,continuous_motion,0.149902,0.273438,1.016602,43.851,-35.519085,15.167939,-0.267176,313,-234,318
72500,continuous_motion,0.138672,0.263428,1.038086,43.827,-26.641222,13.389313,-1.152672,313,-234,318
72520,continuous_motion,0.139893,0.252930,1.028809,43.798,-16.381680,11.267176,-2.229008,313,-234,318
72540,continuous_motion,0.129150,0.274170,1.012451,43.818,-8.450381,9.297709,-2.900763,313,-234,318
72560,continuous_motion,0.131592,0.290771,0.986084,43.806,-2.885496,7.687023,-3.473282,320,-230,317
72580,continuous_motion,0.126465,0.303955,0.983887,43.812,-0.580153,6.015267,-3.885496,320,-230,317
72600,continuous_motion,0.127441,0.306396,0.968506,43.827,0.274809,4.152672,-3.969466,320,-230,317
72620,continuous_motion,0.126953,0.309570,0.971191,43.821,0.427481,3.893130,-3.152672,320,-230,316
72640,continuous_motion,0.129150,0.324951,0.970947,43.815,0.343511,4.000000,-2.122137,320,-230,316
72660,continuous_motion,0.132568,0.316406,0.959229,43.824,-0.587786,4.328244,-1.740458,320,-230,316
72680,continuous_motion,0.120605,0.316162,0.957031,43.824,-1.755725,4.328244,-1.450382,320,-230,316
72700,continuous_motion,0.131348,0.311523,0.970215,43.824,-2.496183,4.137404,-0.984733,322,-230,318
72720,continuous_motion,0.130371,0.313232,0.967041,43.812,-2.572519,5.022901,-0.183206,322,-230,318
72741,continuous_motion,0.129395,0.311768,0.961426,43.833,-2.969466,4.847328,0.137405,322,-230,318
72760,continuous_motion,0.121338,0.312744,0.970703,43.830,-3.458015,4.709924,-0.267176,322,-228,315
72780,continuous_motion,0.118652,0.303467,0.969482,43.798,-3.381679,4.404580,-0.419847,322,-228,315
72800,continuous_motion,0.124512,0.300293,0.971191,43.830,-2.885496,4.450382,-0.206107,322,-228,315
72820,continuous_motion,0.120361,0.304199,0.965088,43.809,-2.274809,4.236641,-0.259542,323,-226,315
72840,continuous_motion,0.115967,0.302002,0.977295,43.821,-2.206107,3.221374,-0.679389,323,-226,315
72860,continuous_motion,0.114746,0.296631,0.986084,43.818,-1.656489,2.687023,-0.847328,323,-226,315
72880,continuous_motion,0.113770,0.294922,0.981934,43.812,-0.083969,1.809160,-0.343511,323,-226,315
72900,continuous_motion,0.116211,0.293213,0.984863,43.804,1.702290,1.702290,0.236641,326,-225,318
72920,continuous_motion,0.111084,0.304199,0.973145,43.818,2.778626,1.541985,0.870229,326,-225,318
72940,continuous_motion,0.118408,0.308838,0.972900,43.818,2.625954,1.007634,0.885496,326,-225,318
72961,continuous_motion,0.122559,0.311035,0.968262,43.795,2.312977,1.374046,1.175573,325,-224,316
72980,continuous_motion,0.123047,0.307861,0.971436,43.792,1.870229,1.229008,1.114504,325,-224,316
73001,continuous_motion,0.125244,0.311768,0.970703,43.792,1.595420,1.320611,1.076336,325,-224,316
73020,continuous_motion,0.117188,0.310547,0.966553,43.818,1.221374,1.763359,0.877863,323,-223,318
73040,continuous_motion,0.125488,0.311035,0.965332,43.815,0.671756,1.854962,0.694656,323,-223,318
73060,continuous_motion,0.126953,0.303955,0.962158,43.827,-0.045802,2.236641,0.129771,323,-223,318
73080,continuous_motion,0.120850,0.305664,0.971436,43.839,-0.297710,2.152672,-0.236641,323,-223,318
73100,continuous_motion,0.120605,0.306396,0.972656,43.809,-0.160305,2.908397,-0.251908,323,-223,317
73120,continuous_motion,0.117188,0.311279,0.966797,43.821,0.343511,3.145038,-0.488550,323,-223,317
73140,continuous_motion,0.123535,0.308105,0.968750,43.818,-0.030534,3.053435,-0.832061,323,-223,317
73160,continuous_motion,0.117920,0.301514,0.963135,43.830,-0.450382,2.854962,-1.404580,323,-222,317
73180,continuous_motion,0.113770,0.297852,0.976807,43.804,0.091603,3.206107,-1.305344,323,-222,317
73200,continuous_motion,0.119629,0.304688,0.969971,43.809,0.725191,3.832061,-0.847328,323,-222,317
73220,continuous_motion,0.114502,0.309082,0.968262,43.824,0.221374,4.206107,-1.099237,322,-223,317
73240,continuous_motion,0.107666,0.324707,0.960205,43.821,-0.671756,3.893130,-1.160305,322,-223,317
73260,continuous_motion,0.108398,0.309570,0.971924,43.824,-2.274809,3.595420,-1.183206,322,-223,317
73280,continuous_motion,0.110840,0.299072,0.977295,43.812,-2.328244,4.083970,-0.748092,322,-223,317
73300,continuous_motion,0.109375,0.305176,0.969971,43.824,-1.961832,4.809160,0.015267,323,-222,318
73320,continuous_motion,0.101807,0.308105,0.971680,43.806,-2.106870,4.618320,0.015267,323,-222,318
73340,continuous_motion,0.103516,0.308838,0.977783,43.818,-2.175573,4.183206,0.587786,323,-222,318
73360,continuous_motion,0.103760,0.298828,0.970459,43.809,-2.221374,3.687023,0.458015,325,-221,317
73380,continuous_motion,0.105469,0.296143,0.981689,43.824,-1.610687,3.030534,0.343511,325,-221,317
73400,continuous_motion,0.102539,0.289795,0.987305,43.821,-0.572519,3.015267,0.343511,325,-221,317
73420,continuous_motion,0.102539,0.296875,0.977051,43.815,0.419847,2.694656,0.396947,325,-220,316
73440,continuous_motion,0.106445,0.300049,0.977783,43.809,0.351145,2.916031,0.709924,325,-220,316
73461,continuous_motion,0.092041,0.302979,0.960205,43.830,-0.007634,2.832061,0.854962,325,-220,316
73480,continuous_motion,0.099854,0.306152,0.976563,43.836,-0.885496,1.732824,0.694656,325,-220,316
73500,continuous_motion,0.095703,0.295898,0.978027,43.833,-0.870229,1.564886,0.832061,325,-217,316
73521,continuous_motion,0.104248,0.294922,0.979004,43.830,-0.175573,1.496183,1.435114,325,-217,316
73540,continuous_motion,0.105957,0.303955,0.979492,43.809,0.664122,2.320611,2.053435,325,-217,316
73560,continuous_motion,0.101563,0.302002,0.973389,43.821,0.763359,2.969466,1.969466,325,-217,316
73580,continuous_motion,0.110352,0.305908,0.979004,43.827,0.427481,2.618321,1.503817,325,-217,316
73600,continuous_motion,0.101318,0.294189,0.968994,43.809,0.480916,2.793893,1.221374,325,-217,316
73620,continuous_motion,0.107666,0.306641,0.981445,43.815,0.374046,2.480916,0.770992,325,-216,316
73640,continuous_motion,0.105469,0.295898,0.968994,43.783,0.091603,2.610687,0.038168,325,-216,319
73660,continuous_motion,0.100830,0.305176,0.975586,43.795,0.053435,2.618321,-0.236641,325,-216,319
73680,continuous_motion,0.099609,0.297119,0.972656,43.795,-0.427481,2.832061,-0.648855,325,-216,319
73700,continuous_motion,0.097412,0.291992,0.972412,43.818,-0.404580,2.198473,-0.862595,325,-216,318
73720,continuous_motion,0.101074,0.297607,0.984375,43.818,0.045802,2.198473,-0.816794,325,-216,318
73740,continuous_motion,0.093506,0.300293,0.975098,43.809,0.557252,2.229008,-0.625954,325,-216,318
73760,continuous_motion,0.093750,0.298096,0.987061,43.821,0.549618,1.213740,-0.786260,326,-215,317
73780,continuous_motion,0.093994,0.295654,0.978516,43.798,1.259542,1.290076,-0.564886,326,-215,317
73800,continuous_motion,0.094971,0.300537,0.984619,43.780,1.908397,1.419847,0.015267,326,-215,317
73820,continuous_motion,0.098145,0.305908,0.969482,43.836,1.809160,1.541985,0.015267,326,-215,317
73841,continuous_motion,0.090576,0.303467,0.975342,43.815,1.022901,0.580153,-0.137405,324,-215,318
73860,continuous_motion,0.094238,0.301270,0.980225,43.809,0.900763,-0.320611,-0.282443,324,-215,318
73880,continuous_motion,0.094238,0.292480,0.981934,43.833,1.694656,-0.961832,-0.183206,324,-215,318
73900,continuous_motion,0.098633,0.292725,0.990234,43.827,3.320611,-0.763359,0.312977,325,-216,319
73920,continuous_motion,0.094482,0.298340,0.977539,43.824,4.778626,-1.198473,-0.038168,325,-216,319
73940,continuous_motion,0.091309,0.301025,0.978760,43.830,5.320611,-2.923664,-0.702290,325,-216,319
73960,continuous_motion,0.092041,0.295166,0.987793,43.824,6.083970,-4.938931,-1.335878,323,-217,319
73980,continuous_motion,0.092773,0.294434,0.992676,43.833,7.938931,-6.564886,-1.290076,323,-217,319
74000,continuous_motion,0.100342,0.302002,0.989746,43.809,10.122137,-7.687023,-1.091603,323,-217,319
74020,continuous_motion,0.101074,0.303711,0.981445,43.815,12.320611,-8.664123,-0.893130,323,-217,319
74040,continuous_motion,0.105469,0.316895,0.972412,43.827,14.129771,-9.488549,-0.381679,318,-221,321
74060,continuous_motion,0.100830,0.323730,0.971191,43.798,15.022901,-10.732824,-0.282443,318,-221,321
74080,continuous_motion,0.108154,0.339111,0.968994,43.818,15.007633,-12.297709,-0.167939,318,-221,321
74100,continuous_motion,0.113770,0.340576,0.958496,43.845,14.519084,-13.465649,0.656489,312,-226,322
74120,continuous_motion,0.115967,0.346191,0.954590,43.809,13.641221,-14.557252,1.473282,312,-226,322
74140,continuous_motion,0.119141,0.343994,0.958252,43.801,12.694656,-16.488550,1.908397,312,-226,322
74160,continuous_motion,0.129883,0.332764,0.973633,43.839,12.946565,-18.885496,1.832061,308,-232,324
74181,continuous_motion,0.138428,0.324951,0.975098,43.818,16.419847,-20.648855,2.137405,308,-232,324
74200,continuous_motion,0.154053,0.331299,0.976074,43.824,20.435114,-21.694656,2.396947,308,-232,324
74220,continuous_motion,0.152832,0.341064,0.961426,43.821,24.450382,-22.519083,2.114504,308,-232,324
74240,continuous_motion,0.163330,0.352783,0.954346,43.815,27.740458,-23.374046,1.801527,298,-241,325
74260,continuous_motion,0.174561,0.367676,0.942627,43.815,30.503817,-24.007633,1.511450,298,-241,325
74280,continuous_motion,0.188965,0.381836,0.932373,43.804,32.404579,-24.427481,1.572519,298,-241,325
74300,continuous_motion,0.195313,0.396729,0.926025,43.812,33.610687,-24.297710,1.748092,286,-250,328
74320,continuous_motion,0.196777,0.414551,0.903809,43.815,33.839695,-24.641222,1.900763,286,-250,328
74340,continuous_motion,0.214111,0.417725,0.904297,43.801,34.450382,-24.038168,2.297710,286,-250,328
74360,continuous_motion,0.218994,0.431641,0.894531,43.806,35.427483,-22.954199,2.732824,272,-262,332
74380,continuous_motion,0.232422,0.434082,0.895996,43.821,36.702290,-21.748091,3.305344,272,-262,332
74400,continuous_motion,0.242188,0.447510,0.885254,43.833,38.534351,-19.694656,4.068702,272,-262,332
74420,continuous_motion,0.250732,0.462646,0.872070,43.815,40.114502,-17.320610,5.206107,272,-262,332
74440,continuous_motion,0.258057,0.481201,0.862549,43.839,40.648853,-15.549619,5.435114,256,-270,334
74460,continuous_motion,0.254395,0.495361,0.839111,43.824,39.618320,-15.335877,4.702290,256,-270,334
74480,continuous_motion,0.257080,0.505127,0.834473,43.818,37.610687,-16.954199,3.061069,256,-270,334
74500,continuous_motion,0.271484,0.511230,0.837402,43.815,36.549618,-17.328245,2.022901,238,-276,338
74521,continuous_motion,0.275879,0.531738,0.821777,43.806,36.068703,-16.419847,1.633588,238,-276,338
74540,continuous_motion,0.273193,0.551758,0.787354,43.821,33.786259,-16.877863,0.374046,238,-276,338
74560,continuous_motion,0.276367,0.561768,0.798584,43.795,29.969465,-18.832062,-1.015267,238,-276,338
74580,continuous_motion,0.291504,0.564453,0.782715,43.815,26.312977,-19.717558,-1.770992,223,-284,341
74600,continuous_motion,0.304688,0.566406,0.793457,43.830,23.687023,-18.099237,-1.870229,223,-284,341
74620,continuous_motion,0.325439,0.576904,0.783936,43.806,21.572519,-14.328244,-0.778626,223,-284,341
74640,continuous_motion,0.325195,0.583008,0.760742,43.824,19.419847,-9.274809,0.190840,211,-291,341
74660,continuous_motion,0.331055,0.602783,0.737549,43.839,17.030535,-1.923664,2.152672,211,-291,341
74680,continuous_motion,0.313477,0.599609,0.760498,43.824,12.946565,3.458015,3.908397,211,-291,341
74700,continuous_motion,0.325928,0.596680,0.760498,43.792,9.625955,9.099236,5.770992,205,-292,342
74720,continuous_motion,0.311523,0.603271,0.757080,43.830,7.083970,13.030535,6.587786,205,-292,342
74740,continuous_motion,0.270752,0.623779,0.751953,43.839,1.977099,12.068703,5.832061,205,-292,342
74760,continuous_motion,0.261963,0.596924,0.775146,43.839,-3.740458,5.618320,3.984733,205,-292,342
74780,continuous_motion,0.281738,0.567139,0.806152,43.827,-5.358778,-0.312977,3.160305,205,-286,344
74800,continuous_motion,0.273926,0.561523,0.821045,43.815,-2.977099,-3.664122,2.793893,205,-286,344
74820,continuous_motion,0.249268,0.555908,0.822510,43.845,-0.480916,-11.641221,0.564886,205,-286,344
74840,continuous_motion,0.254639,0.521484,0.858887,43.812,3.549618,-22.183207,-2.000000,208,-288,345
74861,continuous_motion,0.280518,0.499512,0.875488,43.795,14.236641,-30.427481,-2.519084,208,-288,345
74880,continuous_motion,0.301758,0.517090,0.852783,43.824,26.541985,-33.442749,-1.015267,208,-288,345
74901,continuous_motion,0.325195,0.551514,0.806396,43.806,37.648853,-33.580154,0.938931,198,-303,338
74920,continuous_motion,0.335205,0.601318,0.741455,43.830,42.503819,-32.267174,2.885496,198,-303,338
74940,continuous_motion,0.345703,0.637695,0.703613,43.827,41.770992,-31.343512,4.076336,198,-303,338
74960,continuous_motion,0.356689,0.651367,0.668457,43.824,36.312977,-31.137405,4.541985,198,-303,338
74980,continuous_motion,0.369385,0.666016,0.666504,43.815,30.870230,-29.786259,5.335878,181,-316,336
75000,continuous_motion,0.396729,0.666260,0.659180,43.833,25.465649,-26.648855,6.389313,181,-316,336
75020,continuous_motion,0.417480,0.671631,0.651611,43.801,20.389313,-23.274809,6.320611,181,-316,336
75040,continuous_motion,0.408447,0.705811,0.610840,43.824,13.061069,-20.167938,4.732824,172,-327,332
75060,continuous_motion,0.398438,0.664063,0.658936,43.815,5.603054,-20.396946,2.778626,172,-327,332
75080,continuous_motion,0.426025,0.638184,0.684814,43.842,3.557252,-17.778625,2.290076,172,-327,332
75100,continuous_motion,0.441895,0.621582,0.705566,43.798,6.267176,-13.122137,2.488550,169,-335,327
75120,continuous_motion,0.416016,0.652588,0.666016,43.824,9.465649,-8.748092,1.580153,169,-335,327
75140,continuous_motion,0.386475,0.656006,0.672363,43.824,6.809160,-13.832061,-2.312977,169,-335,327
75160,continuous_motion,0.378174,0.608643,0.719727,43.804,8.709924,-19.900763,-3.007634,169,-335,327
75180,continuous_motion,0.393311,0.585205,0.738281,43.815,17.458015,-22.381680,-1.236641,166,-342,325
75200,continuous_motion,0.396729,0.596924,0.720215,43.830,30.656488,-20.809160,3.450382,166,-342,325
75220,continuous_motion,0.417236,0.633301,0.669434,43.848,39.931297,-18.549618,7.580153,166,-342,325
75240,continuous_motion,0.432129,0.686279,0.616699,43.824,44.419846,-15.122137,11.396947,154,-349,320
75260,continuous_motion,0.451172,0.720459,0.553711,43.824,41.763359,-12.312977,13.702291,154,-349,320
75280,continuous_motion,0.458984,0.746826,0.534668,43.815,33.824429,-10.282443,14.404580,154,-349,320
75300,continuous_motion,0.474365,0.757324,0.531738,43.818,23.877863,-8.251908,14.167939,140,-354,319
75321,continuous_motion,0.489258,0.741455,0.547363,43.801,14.938931,-5.488550,13.122137,140,-354,319
75340,continuous_motion,0.505615,0.739258,0.534424,43.786,7.458015,-2.145038,11.190840,140,-354,319
75360,continuous_motion,0.497070,0.730957,0.552002,43.854,0.534351,0.885496,8.572519,140,-354,319
75380,continuous_motion,0.507080,0.721436,0.538818,43.821,-5.503817,4.297710,5.221374,140,-355,319
75400,continuous_motion,0.517090,0.749023,0.595215,43.806,-9.442748,8.236641,2.206107,140,-355,319
75420,continuous_motion,0.553467,0.688232,0.537354,43.836,-12.114504,13.152672,-0.709924,140,-355,319
75440,continuous_motion,0.465088,0.714844,0.583008,43.821,-15.664123,16.358778,-4.419847,146,-351,321
75460,continuous_motion,0.490234,0.701660,0.573486,43.809,-20.862595,17.778625,-8.145039,146,-351,321
75480,continuous_motion,0.465332,0.686035,0.586914,43.833,-24.587786,18.862595,-11.381680,146,-351,321
75500,continuous_motion,0.455078,0.679932,0.611328,43.848,-26.824427,19.984734,-13.702291,153,-344,324
75520,continuous_motion,0.439697,0.672607,0.625000,43.845,-27.213741,21.488550,-14.534351,153,-344,324
75540,continuous_motion,0.432373,0.659180,0.635742,43.806,-27.198473,23.343512,-14.183207,153,-344,324
75560,continuous_motion,0.424072,0.669678,0.639160,43.821,-26.847328,25.450382,-13.381680,153,-344,324
75580,continuous_motion,0.385986,0.670898,0.637451,43.824,-28.641222,25.709923,-13.030535,162,-336,327
75601,continuous_motion,0.379395,0.657715,0.656250,43.851,-31.061069,23.809160,-12.541985,162,-336,327
75620,continuous_motion,0.376953,0.634277,0.693604,43.809,-30.854961,22.847328,-10.877863,162,-336,327
75640,continuous_motion,0.376221,0.630859,0.711670,43.824,-28.633587,23.427481,-9.129771,172,-326,331
75660,continuous_motion,0.363281,0.626221,0.713379,43.821,-26.595419,22.549618,-8.358779,172,-326,331
75680,continuous_motion,0.357666,0.619385,0.723633,43.824,-24.893129,20.847328,-7.503817,172,-326,331
75700,continuous_motion,0.356201,0.606445,0.732910,43.845,-22.122137,20.229008,-6.511450,172,-326,331
75720,continuous_motion,0.357910,0.617188,0.733154,43.821,-19.648855,20.725191,-5.480916,182,-321,334
75740,continuous_motion,0.337158,0.622070,0.731934,43.833,-19.748091,19.160305,-5.625954,182,-321,334
75760,continuous_motion,0.335938,0.610840,0.737549,43.848,-20.381680,17.366413,-5.442748,182,-321,334
75780,continuous_motion,0.333740,0.595459,0.750732,43.821,-19.419847,17.473282,-4.511450,190,-313,335
75800,continuous_motion,0.332764,0.599854,0.753662,43.798,-17.351145,18.580153,-2.885496,190,-313,335
75820,continuous_motion,0.319824,0.609131,0.750488,43.821,-17.396946,17.961832,-2.885496,190,-313,335
75840,continuous_motion,0.313965,0.598145,0.751709,43.836,-18.480917,16.366413,-2.992366,196,-306,338
75860,continuous_motion,0.320068,0.582275,0.772949,43.821,-18.618320,15.435115,-2.732824,196,-306,338
75880,continuous_motion,0.331787,0.575439,0.778564,43.854,-16.603054,17.114504,-1.916031,196,-306,338
75900,continuous_motion,0.318359,0.588379,0.771240,43.821,-16.229008,18.213741,-2.114504,196,-306,338
75920,continuous_motion,0.308350,0.589600,0.769043,43.824,-18.122137,17.969465,-2.618321,206,-299,340
75940,continuous_motion,0.314941,0.576416,0.779541,43.818,-19.908398,18.244274,-3.160305,206,-299,340
75960,continuous_motion,0.318359,0.566895,0.786865,43.833,-20.297710,20.488550,-3.114504,206,-299,340
75980,continuous_motion,0.300293,0.579590,0.765381,43.856,-21.969465,22.702290,-3.992366,213,-292,340
76000,continuous_motion,0.294434,0.581299,0.774414,43.806,-26.259542,22.648855,-5.793893,213,-292,340
76020,continuous_motion,0.285156,0.561523,0.793457,43.836,-30.404581,22.343512,-7.114504,213,-292,340
76040,continuous_motion,0.289551,0.541992,0.808594,43.812,-32.381680,23.717558,-7.389313,224,-283,341
76060,continuous_motion,0.267090,0.552002,0.799316,43.818,-33.725189,26.763359,-7.694656,224,-283,341
76080,continuous_motion,0.246582,0.536621,0.820068,43.836,-37.435116,26.480917,-9.045801,224,-283,341
76100,continuous_motion,0.238525,0.507813,0.843750,43.824,-39.740459,25.786259,-9.564885,224,-283,341
76120,continuous_motion,0.234619,0.479248,0.871094,43.821,-39.366413,26.541985,-8.404580,241,-274,339
76141,continuous_motion,0.226318,0.487305,0.851563,43.833,-36.740459,30.755726,-6.374046,241,-274,339
76160,continuous_motion,0.189453,0.485107,0.864014,43.801,-38.175571,29.076336,-7.213740,241,-274,339
76181,continuous_motion,0.181396,0.445557,0.907715,43.827,-38.633587,24.923664,-7.946565,256,-263,339
76200,continuous_motion,0.171143,0.415527,0.937744,43.851,-35.068703,22.297710,-6.572519,256,-263,339
76220,continuous_motion,0.176270,0.398193,0.958496,43.812,-27.564886,21.297710,-4.557252,256,-263,339
76240,continuous_motion,0.154785,0.384277,0.959961,43.812,-20.801527,18.305344,-3.954198,269,-255,334
76260,continuous_motion,0.149170,0.396484,0.968506,43.848,-13.274809,14.564885,-2.862595,269,-255,334
76280,continuous_motion,0.149902,0.403809,0.949951,43.842,-6.755725,11.251908,-1.366412,269,-255,334
76300,continuous_motion,0.162109,0.415283,0.940430,43.842,-2.068702,8.343512,0.312977,269,-255,334
76320,continuous_motion,0.160400,0.425293,0.920166,43.830,0.366412,6.854962,1.312977,272,-250,335
76340,continuous_motion,0.159424,0.442627,0.894043,43.806,0.167939,5.458015,1.679389,272,-250,335
76360,continuous_motion,0.167969,0.445557,0.906006,43.824,-2.099237,3.633588,1.564886,272,-250,335
76380,continuous_motion,0.176758,0.440186,0.896729,43.830,-4.152672,3.816794,1.885496,275,-248,336
76400,continuous_motion,0.189697,0.446777,0.890625,43.842,-6.274809,6.244275,2.328244,275,-248,336
76420,continuous_motion,0.186523,0.446777,0.881104,43.845,-10.610687,7.809160,0.870229,275,-248,336
76440,continuous_motion,0.183838,0.443848,0.884277,43.839,-14.717557,9.847328,-0.534351,277,-246,336
76460,continuous_motion,0.175049,0.441895,0.893799,43.789,-19.534351,10.786260,-1.992366,277,-246,336
76480,continuous_motion,0.178955,0.421875,0.891113,43.827,-23.870230,13.175572,-2.931298,277,-246,336
76500,continuous_motion,0.165039,0.439209,0.883545,43.821,-27.442749,15.358779,-4.091603,277,-246,336
76520,continuous_motion,0.145752,0.419678,0.893555,43.812,-34.763359,14.229008,-6.503817,287,-240,331
76540,continuous_motion,0.134277,0.374023,0.940674,43.833,-39.076336,13.137404,-7.702290,287,-240,331
76560,continuous_motion,0.140869,0.324951,0.991699,43.824,-36.893131,13.641221,-6.778626,287,-240,331
76580,continuous_motion,0.123047,0.337158,0.982178,43.827,-30.870230,15.244275,-5.152672,303,-237,325
76600,continuous_motion,0.112061,0.325684,0.976563,43.809,-27.793894,13.328244,-4.778626,303,-237,325
76620,continuous_motion,0.110352,0.313232,0.993408,43.809,-24.312977,11.366412,-4.633588,303,-237,325
76640,continuous_motion,0.102051,0.307373,0.990967,43.809,-20.267176,9.694656,-3.839695,313,-233,321
76660,continuous_motion,0.091553,0.294678,1.004639,43.818,-16.648855,7.656488,-3.045802,313,-233,321
76680,continuous_motion,0.101074,0.280518,1.018311,43.848,-11.541985,5.061069,-2.519084,313,-233,321
76700,continuous_motion,0.100586,0.270508,1.033203,43.806,-4.221374,2.709924,-1.916031,313,-233,321
76720,continuous_motion,0.093750,0.285889,1.015381,43.812,2.931298,1.251908,-0.839695,317,-233,318
76740,continuous_motion,0.099609,0.298096,1.006348,43.839,8.549619,-0.877863,-0.160305,317,-233,318
76760,continuous_motion,0.103516,0.300781,0.999268,43.830,11.465649,-2.954198,0.000000,317,-233,318
76780,continuous_motion,0.101563,0.321045,0.970703,43.824,13.312977,-4.824428,0.068702,313,-233,319
76800,continuous_motion,0.100098,0.324219,0.974121,43.845,14.847328,-7.305344,0.145038,313,-233,319
76820,continuous_motion,0.105469,0.320557,0.978760,43.818,16.694656,-8.832061,0.832061,313,-233,319
76840,continuous_motion,0.109863,0.326660,0.975830,43.848,19.465649,-9.793893,1.816794,313,-233,319
76860,continuous_motion,0.113770,0.338379,0.975342,43.821,21.824427,-11.534351,2.183206,307,-237,323
76880,continuous_motion,0.118652,0.350342,0.949951,43.824,23.526718,-14.137404,2.473282,307,-237,323
76900,continuous_motion,0.120605,0.370850,0.957764,43.809,24.099237,-16.702290,2.587786,307,-237,323
76921,continuous_motion,0.128418,0.370117,0.945313,43.824,23.305344,-20.916031,1.786260,298,-243,327
76940,continuous_motion,0.137695,0.365967,0.959961,43.812,24.206106,-23.954199,1.625954,298,-243,327
76961,continuous_motion,0.153809,0.366455,0.960449,43.806,27.290077,-24.992367,2.610687,298,-243,327
76980,continuous_motion,0.159668,0.383789,0.940430,43.833,30.389313,-25.526718,3.450382,286,-253,328
77000,continuous_motion,0.177246,0.395264,0.930908,43.824,32.870228,-25.625954,4.091603,286,-253,328
77020,continuous_motion,0.186768,0.406494,0.921387,43.842,34.755726,-25.206106,4.809160,286,-253,328
77040,continuous_motion,0.203369,0.418945,0.910645,43.818,36.473282,-24.038168,5.526718,286,-253,328
77060,continuous_motion,0.201416,0.445801,0.896484,43.804,36.610687,-23.969465,5.503817,273,-263,331
77080,continuous_motion,0.206787,0.453369,0.890869,43.827,35.534351,-24.984734,5.167939,273,-263,331
77100,continuous_motion,0.221436,0.450684,0.887207,43.824,35.496181,-25.687023,5.328244,273,-263,331
77121,continuous_motion,0.224854,0.461914,0.884277,43.824,36.656490,-25.656488,6.114504,259,-273,334
77140,continuous_motion,0.225098,0.472656,0.872314,43.821,37.732826,-26.839695,6.221374,259,-273,334
77160,continuous_motion,0.233154,0.466553,0.883789,43.833,39.259541,-29.099237,6.473282,259,-273,334
77180,continuous_motion,0.253418,0.475830,0.871582,43.839,43.122139,-29.755726,7.885496,241,-283,336
77200,continuous_motion,0.269287,0.488037,0.862061,43.806,47.167938,-29.007633,9.435115,241,-283,336
77220,continuous_motion,0.281250,0.515137,0.830811,43.824,50.603054,-27.381680,11.114504,241,-283,336
77240,continuous_motion,0.291992,0.539795,0.807373,43.842,51.068703,-26.725191,11.526717,241,-283,336
77260,continuous_motion,0.300781,0.572998,0.773438,43.839,48.816795,-26.442749,11.297709,222,-294,336
77280,continuous_motion,0.312500,0.589111,0.756592,43.836,44.854961,-26.862595,10.824428,222,-294,336
77300,continuous_motion,0.318848,0.607910,0.713623,43.815,39.725189,-26.061069,10.366412,222,-294,336
77320,continuous_motion,0.341553,0.606445,0.743164,43.830,35.488548,-25.045801,9.709924,204,-305,336
77340,continuous_motion,0.362549,0.622314,0.710205,43.839,30.625954,-23.366413,8.877863,204,-305,336
77360,continuous_motion,0.347168,0.622803,0.713135,43.824,26.083969,-22.923664,7.709924,204,-305,336
77380,continuous_motion,0.370605,0.610352,0.724854,43.830,22.534351,-21.885496,7.267176,192,-315,335
77400,continuous_motion,0.377441,0.613037,0.712646,43.836,20.687023,-20.282442,6.564886,192,-315,335
77420,continuous_motion,0.376953,0.618164,0.721191,43.806,19.320610,-19.488550,5.961832,192,-315,335
77440,continuous_motion,0.374023,0.618896,0.705811,43.812,17.984734,-19.290077,5.274809,192,-315,335
77460,continuous_motion,0.375732,0.625977,0.706055,43.848,16.824427,-19.954199,4.404580,186,-322,332
77480,continuous_motion,0.378662,0.617432,0.717041,43.818,16.045801,-22.160305,3.190840,186,-322,332
77501,continuous_motion,0.379883,0.608887,0.715332,43.833,16.587786,-23.786259,2.625954,186,-322,332
77520,continuous_motion,0.387451,0.622803,0.704834,43.821,18.167938,-24.961832,2.366412,179,-331,327
77541,continuous_motion,0.395508,0.621826,0.709229,43.821,19.916031,-26.480917,2.610687,179,-331,327
77560,continuous_motion,0.395508,0.615234,0.699951,43.824,22.633587,-27.793894,3.152672,179,-331,327
77580,continuous_motion,0.413818,0.612549,0.702637,43.842,27.656488,-27.167938,4.900764,179,-331,327
77600,continuous_motion,0.418701,0.628662,0.672119,43.836,33.465649,-24.877863,7.236641,170,-342,322
77620,continuous_motion,0.426270,0.657471,0.636963,43.830,35.633587,-23.885496,8.259542,170,-342,322
77640,continuous_motion,0.443359,0.677979,0.606934,43.851,34.717556,-23.748091,8.984733,170,-342,322
77660,continuous_motion,0.445068,0.690674,0.617676,43.833,32.419846,-23.496183,9.297709,158,-351,319
77680,continuous_motion,0.461182,0.685547,0.588135,43.821,29.389313,-23.030535,9.374045,158,-351,319
77700,continuous_motion,0.489990,0.679443,0.562500,43.842,28.664122,-19.809160,9.740458,158,-351,319
77720,continuous_motion,0.501465,0.696045,0.571045,43.821,28.877863,-14.641221,10.793893,148,-360,312
77740,continuous_motion,0.489746,0.734131,0.517090,43.827,24.908398,-10.503817,9.648855,148,-360,312
77760,continuous_motion,0.494873,0.735596,0.518799,43.827,16.694656,-10.183207,7.526718,148,-360,312
77780,continuous_motion,0.506592,0.726563,0.526123,43.824,8.908397,-9.236641,5.488550,148,-360,312
77800,continuous_motion,0.511719,0.712646,0.541260,43.833,3.824427,-6.709924,3.977099,142,-363,312
77820,continuous_motion,0.517822,0.696533,0.545166,43.806,0.709924,-3.931298,2.412214,142,-363,312
77840,continuous_motion,0.504150,0.697510,0.556152,43.824,-1.519084,-2.083969,0.519084,142,-363,312
77860,continuous_motion,0.499512,0.689209,0.563232,43.842,-2.007634,-0.816794,-0.870229,142,-365,311
77881,continuous_motion,0.498291,0.672607,0.583252,43.821,-1.030534,0.167939,-1.603053,142,-365,311
77900,continuous_motion,0.501465,0.673340,0.576172,43.856,1.770992,2.786260,-1.053435,142,-365,311
77920,continuous_motion,0.505859,0.696289,0.554199,43.839,3.366412,5.396946,-0.580153,141,-365,310
77940,continuous_motion,0.484863,0.730713,0.518555,43.824,-0.251908,7.007634,-0.824428,141,-365,310
77960,continuous_motion,0.487549,0.730713,0.524170,43.812,-6.854962,7.305344,-0.572519,141,-365,310
77980,continuous_motion,0.500977,0.715576,0.530518,43.839,-12.648855,9.572519,0.015267,141,-365,310
78000,continuous_motion,0.506104,0.699219,0.547852,43.812,-16.900763,14.091603,0.832061,143,-363,312
78020,continuous_motion,0.508545,0.702881,0.542969,43.827,-19.908398,20.488550,1.679389,143,-363,312
78040,continuous_motion,0.493652,0.713867,0.540039,43.845,-25.145039,25.236641,1.206107,143,-363,312
78060,continuous_motion,0.485840,0.698975,0.561035,43.801,-31.832062,27.473282,-0.106870,154,-355,318
78080,continuous_motion,0.479248,0.673828,0.587891,43.836,-37.221375,29.625954,-1.213740,154,-355,318
78100,continuous_motion,0.476563,0.656250,0.605957,43.833,-39.702290,33.175571,-1.328244,154,-355,318
78120,continuous_motion,0.458252,0.645996,0.627441,43.845,-41.641220,35.290077,-2.671756,170,-342,322
78140,continuous_motion,0.442383,0.633301,0.644775,43.804,-43.297710,35.809162,-4.106870,170,-342,322
78160,continuous_motion,0.434326,0.616211,0.680664,43.851,-43.916031,36.251907,-4.725191,170,-342,322
78180,continuous_motion,0.427246,0.611084,0.690674,43.818,-42.900764,37.923664,-4.381680,170,-342,322
78200,continuous_motion,0.402344,0.612793,0.682617,43.848,-44.251907,37.496181,-5.274809,188,-328,327
78221,continuous_motion,0.386230,0.600342,0.701172,43.821,-47.083969,35.687023,-5.687023,188,-328,327
78240,continuous_motion,0.389160,0.575439,0.736572,43.830,-48.091602,35.259541,-5.305344,188,-328,327
78261,continuous_motion,0.367432,0.567139,0.741211,43.836,-46.992367,36.816795,-4.656488,208,-315,330
78280,continuous_motion,0.367432,0.543945,0.771973,43.809,-46.618320,36.068703,-4.572519,208,-315,330
78300,continuous_motion,0.362061,0.532471,0.789551,43.804,-44.190838,37.106869,-3.801527,208,-315,330
78320,continuous_motion,0.347168,0.529053,0.780273,43.851,-42.679390,38.114502,-3.801527,228,-298,331
78340,continuous_motion,0.321777,0.531250,0.791260,43.839,-43.381680,36.038166,-5.007634,228,-298,331
78360,continuous_motion,0.321777,0.498047,0.833252,43.854,-44.305344,32.557251,-6.374046,228,-298,331
78380,continuous_motion,0.315918,0.471924,0.851318,43.812,-41.778625,31.633587,-6.450382,228,-298,331
78400,continuous_motion,0.303955,0.460938,0.861328,43.830,-37.435116,31.847328,-5.923664,245,-286,332
78420,continuous_motion,0.294922,0.463867,0.869629,43.812,-33.938931,31.496183,-5.732824,245,-286,332
78440,continuous_motion,0.283447,0.466064,0.856201,43.856,-32.259541,30.610687,-5.900764,245,-286,332
78460,continuous_motion,0.285400,0.458740,0.868408,43.792,-31.114504,30.351145,-5.702290,258,-274,330
78480,continuous_motion,0.274170,0.475830,0.848877,43.839,-31.114504,32.335876,-4.854962,258,-274,330
78500,continuous_motion,0.251709,0.475830,0.831543,43.812,-36.076336,31.328245,-6.465649,258,-274,330
78520,continuous_motion,0.243164,0.447021,0.871094,43.809,-41.511452,28.076336,-8.297709,274,-263,330
78541,continuous_motion,0.240723,0.404053,0.914063,43.851,-43.702290,25.992367,-8.679389,274,-263,330
78560,continuous_motion,0.239990,0.385498,0.927246,43.830,-41.076336,27.259542,-7.290076,274,-263,330
78581,continuous_motion,0.221436,0.377686,0.933594,43.818,-37.740459,28.618320,-7.053435,274,-263,330
78600,continuous_motion,0.214600,0.376221,0.947266,43.821,-35.167938,28.519083,-6.694656,291,-253,326
78620,continuous_motion,0.195557,0.367676,0.933350,43.812,-33.664124,27.473282,-6.770992,291,-253,326
78640,continuous_motion,0.184570,0.361816,0.932617,43.856,-32.190838,27.099237,-6.229008,291,-253,326
78660,continuous_motion,0.172363,0.351563,0.946289,43.809,-32.625954,24.496183,-6.572519,303,-243,321
78680,continuous_motion,0.165527,0.329834,0.968262,43.827,-31.946566,22.412214,-6.297710,303,-243,321
78700,continuous_motion,0.163574,0.320801,0.968994,43.833,-29.122137,21.877863,-5.167939,303,-243,321
78720,continuous_motion,0.153564,0.325439,0.964844,43.836,-27.419847,20.770992,-4.610687,303,-243,321
78740,continuous_motion,0.143311,0.313965,0.964844,43.848,-27.450382,18.061069,-4.748092,316,-237,315
78760,continuous_motion,0.140625,0.291992,0.972656,43.854,-26.519083,16.435114,-4.167939,316,-237,315
78780,continuous_motion,0.146484,0.292969,0.973389,43.851,-24.473282,16.618320,-2.572519,316,-237,315
78800,continuous_motion,0.134277,0.312500,0.950928,43.833,-24.038168,17.587786,-1.824428,327,-232,313
78820,continuous_motion,0.127441,0.295654,0.956055,43.824,-27.603054,15.160305,-3.335878,327,-232,313
78840,continuous_motion,0.111084,0.266602,0.992676,43.845,-29.603054,11.938931,-4.259542,327,-232,313
78860,continuous_motion,0.118896,0.242920,1.013916,43.830,-27.618320,10.587787,-3.229008,337,-226,306
78880,continuous_motion,0.123779,0.238037,1.006104,43.824,-22.503817,11.564885,-1.038168,337,-226,306
78900,continuous_motion,0.103760,0.241455,1.002441,43.827,-20.732824,10.351145,-1.465649,337,-226,306
78920,continuous_motion,0.123047,0.227295,0.995850,43.833,-18.328245,8.305344,-2.068702,337,-226,306
78940,continuous_motion,0.095459,0.208984,1.029785,43.845,-14.305344,6.641222,-1.641221,345,-223,300
78961,continuous_motion,0.104980,0.202148,1.034424,43.821,-8.267176,5.053435,-0.893130,345,-223,300
78980,continuous_motion,0.103027,0.198975,1.036621,43.821,-2.977099,3.076336,-0.587786,345,-223,300
79000,continuous_motion,0.098633,0.204102,1.020996,43.859,2.465649,1.190840,-0.328244,350,-222,299
79020,continuous_motion,0.096680,0.214111,1.020752,43.845,6.946565,-1.458015,0.122137,350,-222,299
79040,continuous_motion,0.099609,0.215088,1.017578,43.806,10.320611,-4.618320,0.122137,350,-222,299
79060,continuous_motion,0.098877,0.220459,1.021973,43.851,14.091603,-7.992366,0.496183,345,-223,302
79080,continuous_motion,0.100098,0.218750,1.024170,43.848,18.320610,-11.290076,0.770992,345,-223,302
79100,continuous_motion,0.107422,0.223877,1.023926,43.833,22.824427,-14.305344,1.061069,345,-223,302
79120,continuous_motion,0.117676,0.234619,1.014160,43.830,28.305344,-16.877863,1.458015,345,-223,302
79140,continuous_motion,0.125000,0.254150,1.005371,43.830,32.648853,-19.236641,1.885496,337,-230,304
79160,continuous_motion,0.135498,0.270508,0.991455,43.856,36.145039,-21.175573,2.312977,337,-230,304
79180,continuous_motion,0.146973,0.287109,0.971191,43.806,38.030533,-22.893129,2.343511,337,-230,304
79201,continuous_motion,0.157471,0.310059,0.957764,43.848,38.458015,-24.519083,2.259542,322,-238,312
79220,continuous_motion,0.166260,0.331055,0.941162,43.833,37.572517,-25.511450,1.832061,322,-238,312
79240,continuous_motion,0.182373,0.346191,0.931152,43.830,35.946564,-26.145039,1.358779,322,-238,312
79260,continuous_motion,0.191406,0.345459,0.929199,43.815,34.099236,-26.763359,0.679389,308,-250,317
79280,continuous_motion,0.192383,0.356445,0.917236,43.827,33.396946,-26.725191,0.335878,308,-250,317
79300,continuous_motion,0.206543,0.358398,0.938232,43.821,33.671757,-27.099237,0.404580,308,-250,317
79320,continuous_motion,0.217285,0.355713,0.944580,43.859,35.458015,-26.732824,0.854962,308,-250,317
79340,continuous_motion,0.223389,0.365234,0.945313,43.830,38.969467,-25.908398,1.839695,293,-259,321
79360,continuous_motion,0.225098,0.387207,0.922119,43.833,42.198475,-24.396946,3.625954,293,-259,321
79380,continuous_motion,0.242920,0.406738,0.906006,43.856,44.824429,-22.885496,5.603054,293,-259,321
79400,continuous_motion,0.241211,0.422607,0.883789,43.833,45.946564,-20.954199,7.603054,277,-270,326
79420,continuous_motion,0.264160,0.452393,0.874023,43.836,45.122139,-18.847328,9.351145,277,-270,326
79440,continuous_motion,0.267578,0.477051,0.836426,43.812,42.396946,-17.221375,10.290076,277,-270,326
79460,continuous_motion,0.276611,0.498047,0.820313,43.798,36.748093,-17.488550,9.343512,259,-276,330
79480,continuous_motion,0.281006,0.506592,0.828369,43.818,31.083969,-19.000000,7.625954,259,-276,330
79500,continuous_motion,0.286865,0.493408,0.838135,43.821,27.045801,-20.435114,6.167939,259,-276,330
79520,continuous_motion,0.297363,0.491943,0.838379,43.830,25.519083,-20.167938,5.511450,259,-276,330
79540,continuous_motion,0.303955,0.493408,0.823975,43.809,24.557251,-20.526718,4.595420,248,-283,334
79560,continuous_motion,0.301025,0.498291,0.836426,43.842,24.442749,-21.984734,3.511450,248,-283,334
79581,continuous_motion,0.305420,0.489258,0.818359,43.854,25.381680,-22.427481,3.190840,248,-283,334
79600,continuous_motion,0.316162,0.497070,0.827148,43.842,27.977098,-22.267176,3.572519,236,-292,331
79621,continuous_motion,0.322510,0.513672,0.830566,43.818,30.061069,-22.893129,3.541985,236,-292,331
79640,continuous_motion,0.327881,0.511230,0.818848,43.836,32.213741,-24.206106,3.450382,236,-292,331
79660,continuous_motion,0.335449,0.523926,0.818604,43.865,34.977100,-24.450382,4.175572,236,-292,331
79680,continuous_motion,0.337891,0.547119,0.783691,43.818,37.068703,-24.450382,5.045802,224,-302,332
79700,continuous_motion,0.349365,0.554932,0.772705,43.818,37.786259,-25.931297,5.137404,224,-302,332
79720,continuous_motion,0.362549,0.565918,0.754150,43.812,38.251907,-26.206106,5.801527,224,-302,332
79740,continuous_motion,0.386230,0.583008,0.763184,43.815,38.801525,-25.519083,6.435114,210,-312,332
79760,continuous_motion,0.387939,0.594727,0.704590,43.815,39.160305,-21.435114,8.320611,210,-312,332
79780,continuous_motion,0.399902,0.611328,0.683838,43.824,37.671757,-17.809160,9.427481,210,-312,332
79800,continuous_motion,0.424072,0.648438,0.666260,43.833,33.267174,-13.717557,9.824428,194,-320,330
79820,continuous_motion,0.405762,0.674316,0.623779,43.806,23.786259,-12.572519,8.427481,194,-320,330
79840,continuous_motion,0.416016,0.670410,0.654785,43.827,13.343512,-13.374045,6.946565,194,-320,330
79861,continuous_motion,0.426758,0.628906,0.682617,43.830,6.709924,-12.519084,6.175572,194,-320,330
79880,continuous_motion,0.432861,0.621582,0.687500,43.836,4.480916,-9.648855,6.083970,188,-325,329
79900,continuous_motion,0.430664,0.616699,0.685303,43.821,4.297710,-7.396946,5.587786,188,-325,329
79920,continuous_motion,0.437744,0.602051,0.706055,43.830,4.496183,-6.732824,4.412214,188,-325,329
79940,continuous_motion,0.439697,0.600342,0.709229,43.848,6.473282,-5.267176,4.030534,187,-328,327
79960,continuous_motion,0.440430,0.614502,0.683838,43.851,8.564885,-3.038168,3.488550,187,-328,327
79980,continuous_motion,0.445801,0.620850,0.680176,43.830,8.633588,-1.687023,2.610687,187,-328,327
80000,continuous_motion,0.440674,0.638916,0.664063,43.836,6.862596,0.213740,1.732824,185,-329,329
80020,continuous_motion,0.441650,0.642822,0.646973,43.818,3.167939,1.763359,0.496183,185,-329,329
80040,continuous_motion,0.439941,0.645752,0.662109,43.836,-1.358779,2.984733,-0.374046,185,-329,329
80060,continuous_motion,0.445313,0.635254,0.658447,43.821,-4.671756,5.053435,-0.954198,185,-329,329
80080,continuous_motion,0.442627,0.628174,0.668701,43.818,-7.183206,7.335878,-1.450382,186,-329,329
80100,continuous_motion,0.435547,0.622314,0.679443,43.827,-9.152672,9.167939,-2.007634,186,-329,329
80120,continuous_motion,0.428955,0.614014,0.701416,43.845,-10.099236,10.206107,-2.694656,186,-329,329
80140,continuous_motion,0.424316,0.608887,0.700195,43.815,-9.763359,11.427481,-3.122137,188,-325,330
80160,continuous_motion,0.421631,0.614014,0.697510,43.845,-9.709924,11.137404,-3.870229,188,-325,330
80180,continuous_motion,0.413086,0.600098,0.713623,43.809,-9.404580,10.885496,-4.503817,188,-325,330
80200,continuous_motion,0.406982,0.601563,0.716797,43.833,-8.328244,10.610687,-4.549618,191,-321,330
80220,continuous_motion,0.400879,0.600830,0.717285,43.839,-7.229008,9.946565,-4.320611,191,-321,330
80240,continuous_motion,0.395752,0.599121,0.719238,43.851,-6.259542,9.595420,-3.916031,191,-321,330
80260,continuous_motion,0.388428,0.601807,0.723389,43.839,-5.572519,8.633588,-3.564885,191,-321,330
80280,continuous_motion,0.392090,0.602539,0.724854,43.804,-5.236641,8.015267,-2.977099,194,-317,331
80300,continuous_motion,0.389404,0.600830,0.728271,43.824,-4.236641,8.045801,-2.267176,194,-317,331
80320,continuous_motion,0.396729,0.602783,0.721924,43.839,-3.648855,8.900764,-1.267176,194,-317,331
80340,continuous_motion,0.389893,0.604980,0.713135,43.836,-4.526718,9.381680,-0.984733,195,-316,334
80360,continuous_motion,0.388916,0.607178,0.717773,43.842,-6.320611,9.564885,-1.167939,195,-316,334
80380,continuous_motion,0.391846,0.601563,0.713379,43.818,-7.877862,10.030535,-1.343511,195,-316,334
80400,continuous_motion,0.393311,0.594727,0.722168,43.827,-9.061069,11.221375,-1.541985,198,-312,334
80420,continuous_motion,0.402832,0.598145,0.719238,43.851,-10.122137,13.931297,-1.648855,198,-312,334
80440,continuous_motion,0.403809,0.615967,0.704590,43.836,-12.274809,18.206106,-2.137405,198,-312,334
80460,continuous_motion,0.387451,0.617676,0.700684,43.842,-18.496183,19.671755,-4.282443,198,-312,334
80480,continuous_motion,0.377197,0.598145,0.724854,43.854,-24.038168,20.786259,-5.908397,204,-304,336
80500,continuous_motion,0.376953,0.572021,0.754883,43.812,-26.709923,22.488550,-6.854962,204,-304,336
80520,continuous_motion,0.365967,0.583008,0.744629,43.824,-26.519083,27.183207,-6.648855,204,-304,336
80540,continuous_motion,0.344482,0.591553,0.739990,43.848,-31.015266,27.396946,-8.832061,215,-296,337
80560,continuous_motion,0.336182,0.567383,0.770264,43.836,-35.633587,26.549618,-10.305344,215,-296,337
80581,continuous_motion,0.320068,0.540527,0.796143,43.824,-37.450382,27.000000,-10.450381,215,-296,337
80600,continuous_motion,0.315918,0.521729,0.802002,43.827,-36.610687,28.908398,-9.503817,215,-285,340
80621,continuous_motion,0.289795,0.515869,0.819336,43.827,-36.259541,28.541985,-9.366412,230,-285,340
80640,continuous_motion,0.278564,0.511963,0.836670,43.833,-35.992367,27.114504,-9.335877,230,-285,340
80660,continuous_motion,0.271973,0.487549,0.852783,43.845,-35.244274,25.244274,-8.564885,230,-285,340
80680,continuous_motion,0.264893,0.471191,0.880127,43.812,-32.687023,23.992367,-7.450382,243,-276,337
80700,continuous_motion,0.252197,0.467041,0.883545,43.815,-28.992367,22.664122,-6.389313,243,-276,337
80720,continuous_motion,0.238281,0.463135,0.888184,43.809,-25.748091,19.908398,-5.877862,243,-276,337
80740,continuous_motion,0.245605,0.448975,0.889893,43.862,-22.236641,17.206106,-4.549618,255,-269,336
80760,continuous_motion,0.227783,0.453857,0.894775,43.839,-19.083969,15.267176,-3.503817,255,-269,336
80780,continuous_motion,0.236328,0.451904,0.890869,43.824,-16.694656,13.748092,-2.259542,255,-269,336
80800,continuous_motion,0.244141,0.454834,0.887451,43.821,-14.541985,13.832061,-0.801527,255,-269,336
80820,continuous_motion,0.258057,0.470703,0.869141,43.815,-14.152672,16.053434,0.847328,263,-265,336
80840,continuous_motion,0.237549,0.507324,0.825684,43.833,-18.190840,19.000000,1.007634,263,-265,336
80860,continuous_motion,0.240967,0.478760,0.845703,43.833,-27.183207,17.435114,-1.251908,263,-265,336
80880,continuous_motion,0.236084,0.439453,0.883301,43.842,-32.564884,17.015266,-2.923664,271,-257,333
80900,continuous_motion,0.234131,0.402100,0.922363,43.821,-32.648853,18.534351,-3.091603,271,-257,333
80920,continuous_motion,0.221680,0.389160,0.920166,43.821,-29.946566,20.770992,-2.748092,271,-257,333
80940,continuous_motion,0.193848,0.389160,0.922852,43.812,-28.137405,20.183207,-3.923664,286,-248,330
80960,continuous_motion,0.188965,0.371338,0.948975,43.821,-25.694656,18.122137,-5.106870,286,-248,330
80980,continuous_motion,0.180420,0.359619,0.965088,43.842,-21.305344,16.320610,-5.083970,286,-248,330
81000,continuous_motion,0.172852,0.354980,0.964600,43.845,-15.961832,14.809160,-3.954198,286,-248,330
81020,continuous_motion,0.166016,0.363525,0.971436,43.845,-12.045801,13.099236,-3.145038,293,-244,329
81040,continuous_motion,0.165039,0.363770,0.959717,43.862,-8.419847,11.167939,-2.244275,293,-244,329
81060,continuous_motion,0.159668,0.367188,0.953857,43.827,-6.030534,10.076336,-1.297710,293,-244,329
81080,continuous_motion,0.165039,0.380127,0.940674,43.845,-5.099236,8.664123,-0.259542,298,-239,326
81100,continuous_motion,0.163330,0.384277,0.944580,43.856,-5.763359,7.694656,0.435114,298,-239,326
81120,continuous_motion,0.171875,0.373291,0.931396,43.836,-6.755725,7.106870,0.961832,298,-239,326
81140,continuous_motion,0.174316,0.369873,0.936035,43.839,-7.030534,7.000000,1.137405,300,-236,327
81161,continuous_motion,0.173584,0.360352,0.947266,43.815,-7.206107,7.160306,0.839695,300,-236,327
81180,continuous_motion,0.168701,0.359375,0.946533,43.839,-7.587786,6.900764,0.297710,300,-236,327
81201,continuous_motion,0.167480,0.354980,0.944092,43.839,-7.297710,7.328244,-0.167939,300,-236,327
81220,continuous_motion,0.169922,0.355957,0.945557,43.824,-7.007634,7.824428,-0.732824,305,-233,327
81240,continuous_motion,0.161621,0.354980,0.952393,43.827,-6.984733,8.106871,-1.595420,305,-233,327
81260,continuous_motion,0.158203,0.354004,0.947021,43.842,-7.259542,8.198473,-2.274809,305,-233,327
81280,continuous_motion,0.156738,0.349365,0.954102,43.833,-7.572519,7.908397,-2.916031,307,-231,324
81300,continuous_motion,0.151123,0.339111,0.964111,43.824,-7.274809,7.519084,-2.816794,307,-231,324
81320,continuous_motion,0.144775,0.338379,0.960205,43.845,-5.778626,7.595420,-2.427481,307,-231,324
81340,continuous_motion,0.137451,0.342041,0.956055,43.809,-4.900764,7.183206,-2.045802,309,-229,324
81360,continuous_motion,0.135742,0.338867,0.958984,43.821,-4.580153,6.137404,-1.809160,309,-229,324
81380,continuous_motion,0.133301,0.338135,0.957764,43.806,-4.427481,4.931298,-1.618321,309,-229,324
81401,continuous_motion,0.131348,0.329590,0.968262,43.845,-3.755725,3.564885,-1.312977,309,-229,324
81420,continuous_motion,0.135742,0.331299,0.974854,43.830,-2.244275,2.587786,-0.916031,311,-229,324
81440,continuous_motion,0.137207,0.330322,0.971191,43.833,-0.244275,2.061069,-0.374046,311,-229,324
81460,continuous_motion,0.133057,0.332031,0.974121,43.798,1.465649,1.061069,-0.229008,311,-229,324
81480,continuous_motion,0.134277,0.333984,0.962158,43.836,2.213740,-0.259542,-0.129771,312,-228,323
81500,continuous_motion,0.139404,0.337646,0.955811,43.842,2.595420,-0.916031,0.259542,312,-228,323
81520,continuous_motion,0.138916,0.341797,0.953369,43.818,2.687023,-1.763359,0.427481,312,-228,323
81540,continuous_motion,0.141602,0.339844,0.961426,43.839,3.114504,-2.160305,0.664122,309,-229,323
81560,continuous_motion,0.141602,0.341309,0.954834,43.798,3.572519,-2.572519,0.992366,309,-229,323
81580,continuous_motion,0.146484,0.344727,0.958496,43.830,3.801527,-2.770992,1.419847,309,-229,323
81600,continuous_motion,0.141357,0.345459,0.953857,43.824,3.671756,-3.213740,1.366412,309,-229,323
81620,continuous_motion,0.147461,0.343262,0.949463,43.836,3.610687,-3.694656,1.229008,309,-230,324
81640,continuous_motion,0.148682,0.343018,0.949707,43.804,3.664122,-4.145038,0.977099,309,-230,324
81660,continuous_motion,0.150879,0.337891,0.966064,43.848,4.068702,-4.977099,0.870229,309,-230,324
81680,continuous_motion,0.151855,0.344482,0.960938,43.824,4.984733,-5.259542,0.732824,307,-231,323
81700,continuous_motion,0.158447,0.351074,0.949707,43.821,5.740458,-6.030534,0.549618,307,-231,323
81720,continuous_motion,0.152588,0.349121,0.959473,43.865,6.160306,-7.290076,0.366412,307,-231,323
81740,continuous_motion,0.155273,0.349609,0.951172,43.815,6.717557,-8.465649,0.061069,307,-231,323
81760,continuous_motion,0.155029,0.353271,0.955322,43.827,7.427481,-10.343512,-0.068702,305,-236,325
81780,continuous_motion,0.163086,0.345703,0.964844,43.839,8.824428,-11.992367,-0.091603,305,-236,325
81800,continuous_motion,0.154785,0.343750,0.967041,43.830,11.572519,-13.557252,0.923664,305,-236,325
81820,continuous_motion,0.157471,0.343750,0.966309,43.824,15.160305,-15.229008,2.419847,302,-239,324
81840,continuous_motion,0.156494,0.356689,0.961426,43.830,18.801527,-17.244274,4.000000,302,-239,324
81860,continuous_motion,0.167969,0.361816,0.952881,43.836,21.816793,-20.358778,4.908397,302,-239,324
81880,continuous_motion,0.177979,0.365967,0.942627,43.839,24.297710,-22.877863,6.099236,292,-248,326
81900,continuous_motion,0.194824,0.386230,0.932861,43.833,26.541985,-24.862595,6.702290,292,-248,326
81920,continuous_motion,0.208008,0.385742,0.925293,43.833,27.931297,-26.969465,6.267176,292,-248,326
81940,continuous_motion,0.231445,0.398926,0.934326,43.856,29.793894,-28.725191,5.534351,292,-248,326
81960,continuous_motion,0.246826,0.395264,0.920898,43.821,31.977098,-29.809160,4.809160,282,-256,329
81980,continuous_motion,0.253906,0.405762,0.896729,43.839,35.061069,-29.335878,4.335878,282,-256,329
82000,continuous_motion,0.266357,0.431641,0.886719,43.833,36.931297,-28.549618,3.648855,282,-256,329
82020,continuous_motion,0.271240,0.452393,0.869629,43.839,37.206108,-28.725191,2.503817,268,-269,330
82040,continuous_motion,0.282227,0.460938,0.857910,43.827,36.694656,-28.900763,1.381679,268,-269,330
82060,continuous_motion,0.291504,0.466309,0.856689,43.842,37.007633,-28.145039,1.076336,268,-269,330
82080,continuous_motion,0.297363,0.484375,0.836182,43.830,37.183205,-27.007633,1.267176,253,-282,331
82100,continuous_motion,0.293457,0.509277,0.800537,43.827,36.251907,-25.725191,1.679389,253,-282,331
82120,continuous_motion,0.309814,0.523682,0.813965,43.818,33.534351,-25.618320,1.473282,253,-282,331
82141,continuous_motion,0.316650,0.519531,0.815430,43.830,30.763359,-25.496183,1.709924,253,-282,331
82160,continuous_motion,0.326660,0.534424,0.808350,43.809,29.221375,-24.343512,2.564885,238,-293,332
82180,continuous_motion,0.335938,0.533203,0.788086,43.824,28.244274,-22.694656,3.473282,238,-293,332
82200,continuous_motion,0.347412,0.544189,0.781006,43.842,26.053434,-22.282442,3.351145,238,-293,332
82220,continuous_motion,0.353516,0.543701,0.801025,43.801,24.534351,-22.091602,3.587786,226,-301,331
82240,continuous_motion,0.358154,0.552734,0.781982,43.842,24.244274,-20.923664,3.961832,226,-301,331
82260,continuous_motion,0.353027,0.555908,0.771484,43.833,23.511450,-20.679390,4.259542,226,-301,331
82280,continuous_motion,0.366943,0.561035,0.772705,43.842,22.664122,-20.908398,3.938931,216,-311,329
82300,continuous_motion,0.375977,0.549072,0.768311,43.812,23.152672,-21.137405,3.984733,216,-311,329
82320,continuous_motion,0.380127,0.561279,0.764893,43.827,24.801527,-20.305344,4.267176,216,-311,329
82340,continuous_motion,0.387207,0.557861,0.759766,43.815,26.854961,-19.732824,4.656488,216,-311,329
82360,continuous_motion,0.393555,0.567383,0.746582,43.818,29.862595,-17.946566,5.541985,207,-320,329
82380,continuous_motion,0.394287,0.584229,0.734131,43.842,31.603054,-16.595419,6.053435,207,-320,329
82400,continuous_motion,0.406006,0.599609,0.711914,43.827,31.419847,-16.900763,5.694656,207,-320,329
82420,continuous_motion,0.406250,0.608154,0.705566,43.818,30.358778,-16.969465,5.633588,194,-326,326
82440,continuous_motion,0.408691,0.622070,0.686035,43.839,28.618320,-17.099237,5.519084,194,-326,326
82460,continuous_motion,0.414063,0.619629,0.671631,43.830,26.526718,-17.198473,5.167939,194,-326,326
82480,continuous_motion,0.439941,0.627197,0.687500,43.848,25.297710,-16.259542,5.404580,183,-333,325
82500,continuous_motion,0.452881,0.635010,0.656982,43.821,23.854961,-13.496183,5.664122,183,-333,325
82521,continuous_motion,0.455322,0.656494,0.642334,43.851,20.717558,-10.877863,5.244275,183,-333,325
82540,continuous_motion,0.459961,0.662598,0.610840,43.842,15.618320,-8.587787,4.473282,183,-333,325
82561,continuous_motion,0.476318,0.669189,0.618164,43.856,10.022901,-4.587786,4.045802,177,-338,325
82580,continuous_motion,0.468750,0.681396,0.604980,43.836,4.679389,0.427481,3.259542,177,-338,325
82600,continuous_motion,0.468018,0.685547,0.612793,43.806,-2.603053,5.312977,1.435114,177,-338,325
82620,continuous_motion,0.474609,0.677002,0.605957,43.833,-10.748092,8.603053,-0.862595,176,-336,325
82640,continuous_motion,0.485107,0.657471,0.629883,43.821,-17.389313,11.870229,-2.908397,176,-336,325
82660,continuous_motion,0.471191,0.643799,0.643799,43.827,-21.511450,16.083969,-4.152672,176,-336,325
82680,continuous_motion,0.468506,0.638672,0.664795,43.812,-25.244274,19.167938,-6.099236,176,-336,325
82700,continuous_motion,0.450684,0.618896,0.673340,43.833,-27.809160,21.335878,-7.580153,184,-331,326
82720,continuous_motion,0.431885,0.625244,0.683594,43.854,-28.786259,23.076336,-8.755725,184,-331,326
82740,continuous_motion,0.414795,0.599609,0.704102,43.839,-28.854961,24.534351,-9.519084,184,-331,326
82760,continuous_motion,0.412598,0.583740,0.726074,43.839,-27.801527,26.015266,-9.297709,195,-324,329
82780,continuous_motion,0.390381,0.597900,0.721924,43.812,-26.877863,27.984734,-8.763359,195,-324,329
82801,continuous_motion,0.373779,0.605713,0.716553,43.845,-29.091602,27.793894,-9.015267,195,-324,329
82820,continuous_motion,0.364990,0.581299,0.739990,43.815,-31.610687,26.053434,-9.343512,206,-314,331
82840,continuous_motion,0.359131,0.556641,0.766113,43.821,-31.282442,25.442749,-8.931297,206,-314,331
82860,continuous_motion,0.359375,0.556641,0.783936,43.845,-27.778625,26.885496,-6.931298,206,-314,331
82880,continuous_motion,0.343262,0.558838,0.774658,43.845,-26.290077,27.229008,-5.916030,206,-314,331
82900,continuous_motion,0.330566,0.559082,0.772217,43.809,-27.083969,26.488550,-6.129771,216,-304,334
82920,continuous_motion,0.328857,0.540527,0.790283,43.839,-28.083969,25.007633,-6.427481,216,-304,334
82940,continuous_motion,0.328613,0.529541,0.818604,43.830,-27.007633,25.297710,-5.717557,216,-304,334
82960,continuous_motion,0.316650,0.532227,0.802734,43.848,-25.679390,26.183207,-4.885496,228,-294,335
82980,continuous_motion,0.300537,0.527832,0.812012,43.842,-26.091602,25.267176,-5.259542,228,-294,335
83000,continuous_motion,0.302490,0.507080,0.836182,43.818,-25.977098,24.618320,-5.259542,228,-294,335
83020,continuous_motion,0.299805,0.500977,0.842285,43.839,-24.099237,25.526718,-4.190840,239,-284,335
83040,continuous_motion,0.278564,0.514648,0.819580,43.812,-23.786259,26.450382,-3.755725,239,-284,335
83060,continuous_motion,0.279053,0.506592,0.833984,43.827,-25.503817,26.167938,-3.648855,239,-284,335
83080,continuous_motion,0.264404,0.500000,0.844238,43.836,-27.526718,25.503817,-3.748092,239,-284,335
83100,continuous_motion,0.261963,0.483154,0.855225,43.827,-28.618320,25.122137,-3.076336,250,-275,337
83120,continuous_motion,0.257080,0.481445,0.856445,43.848,-29.114504,25.595419,-2.694656,250,-275,337
83140,continuous_motion,0.241455,0.463379,0.864990,43.833,-30.305344,24.595419,-3.183206,250,-275,337
83160,continuous_motion,0.234863,0.447021,0.891846,43.830,-30.267176,23.259542,-3.465649,261,-264,335
83180,continuous_motion,0.226807,0.427002,0.902344,43.824,-28.343512,22.526718,-3.007634,261,-264,335
83200,continuous_motion,0.224609,0.429932,0.901855,43.824,-25.618320,22.770992,-2.473282,261,-264,335
83220,continuous_motion,0.219238,0.419434,0.905029,43.836,-24.572519,21.946566,-2.847328,273,-256,334
83240,continuous_motion,0.216553,0.409912,0.918701,43.815,-22.862595,21.961832,-2.946565,273,-256,334
83260,continuous_motion,0.205811,0.415283,0.911865,43.845,-20.885496,22.534351,-3.129771,273,-256,334
83280,continuous_motion,0.203857,0.409668,0.912842,43.845,-20.030535,22.885496,-3.282443,273,-256,334
83300,continuous_motion,0.200195,0.396973,0.919434,43.821,-19.969465,22.862595,-4.129771,284,-246,331
83320,continuous_motion,0.192139,0.385010,0.941650,43.842,-18.412214,23.473282,-4.961832,284,-246,331
83340,continuous_motion,0.172607,0.386963,0.937012,43.818,-15.664123,24.114504,-5.022901,284,-246,331
83360,continuous_motion,0.157471,0.386475,0.946045,43.859,-14.465649,22.664122,-5.496183,291,-239,330
83381,continuous_motion,0.155029,0.382324,0.940430,43.839,-13.725191,21.335878,-5.236641,291,-239,330
83400,continuous_motion,0.140381,0.385742,0.931641,43.836,-13.480916,20.458015,-4.732824,291,-239,330
83420,continuous_motion,0.130127,0.391357,0.937012,43.830,-14.816793,18.511450,-4.312977,295,-232,330
83440,continuous_motion,0.126465,0.379395,0.950928,43.839,-16.213741,15.893129,-3.763359,295,-232,330
83460,continuous_motion,0.121338,0.372314,0.951904,43.848,-16.442749,13.931297,-2.870229,295,-232,330
83480,continuous_motion,0.122070,0.361328,0.959961,43.851,-16.541985,11.954199,-2.526718,295,-232,330
83500,continuous_motion,0.119385,0.345459,0.963379,43.842,-15.969465,9.450381,-2.129771,302,-226,328
83520,continuous_motion,0.108154,0.340576,0.972168,43.839,-13.786260,8.053435,-1.473282,302,-226,328
83540,continuous_motion,0.125732,0.341064,0.968750,43.827,-11.824428,7.122138,-1.007634,302,-226,328
83560,continuous_motion,0.118652,0.344971,0.955322,43.830,-10.374045,6.671756,-1.175573,309,-224,325
83580,continuous_motion,0.119385,0.346680,0.962402,43.842,-10.824428,5.183206,-1.702290,309,-224,325
83600,continuous_motion,0.125732,0.326904,0.972412,43.848,-10.786260,4.206107,-1.725191,309,-224,325
83620,continuous_motion,0.123291,0.333740,0.964844,43.839,-9.801527,4.122138,-1.572519,309,-223,325
83640,continuous_motion,0.118896,0.329102,0.956055,43.839,-9.259542,3.511450,-2.038168,313,-223,325
83660,continuous_motion,0.116943,0.319580,0.970215,43.839,-9.725191,1.618321,-3.083969,313,-223,325
83680,continuous_motion,0.112305,0.301514,0.999512,43.801,-7.664122,-0.671756,-3.595420,313,-223,325
83700,continuous_motion,0.103760,0.287109,1.005371,43.833,-2.954198,-1.824428,-2.419847,316,-224,320
83720,continuous_motion,0.108398,0.298828,1.000977,43.833,2.572519,-3.419847,-1.587786,316,-224,320
83740,continuous_motion,0.110840,0.303711,0.989990,43.833,6.480916,-5.732824,-1.465649,316,-224,320
83760,continuous_motion,0.105225,0.317627,0.993896,43.842,9.770992,-8.564885,-1.312977,313,-227,321
83780,continuous_motion,0.104492,0.317627,0.977539,43.818,11.900764,-11.198473,-0.748092,313,-227,321
83800,continuous_motion,0.111328,0.320313,0.980225,43.865,14.396947,-13.793893,0.290076,313,-227,321
83820,continuous_motion,0.119873,0.336914,0.965576,43.836,16.480917,-15.877863,1.145038,313,-227,321
83841,continuous_motion,0.131592,0.341309,0.961670,43.830,17.580153,-17.900763,1.389313,309,-232,324
83860,continuous_motion,0.142334,0.354980,0.949707,43.880,18.000000,-19.854961,1.778626,309,-232,324
83880,continuous_motion,0.143555,0.366455,0.940186,43.833,17.893129,-21.450382,1.900763,309,-232,324
83900,continuous_motion,0.158691,0.371094,0.931152,43.836,17.229008,-22.610687,1.954198,301,-240,324
83920,continuous_motion,0.169678,0.382568,0.920898,43.804,15.496183,-23.221375,1.786260,301,-240,324
83940,continuous_motion,0.192383,0.386475,0.918457,43.842,12.595420,-23.702290,1.511450,301,-240,324
83960,continuous_motion,0.207031,0.400146,0.908447,43.836,8.946565,-23.091602,1.274809,296,-249,323
83980,continuous_motion,0.215576,0.401855,0.895508,43.836,4.725191,-21.083969,0.839695,296,-249,323
84000,continuous_motion,0.226074,0.402832,0.891846,43.836,1.748092,-17.366413,0.961832,296,-249,323
84020,continuous_motion,0.233887,0.393555,0.906738,43.856,-2.305344,-12.396947,1.007634,296,-249,323
84040,continuous_motion,0.228760,0.382324,0.899658,43.815,-6.763359,-6.335878,1.938931,296,-258,321
84060,continuous_motion,0.243652,0.369385,0.882324,43.833,-12.145039,1.458015,3.725191,296,-258,321
84080,continuous_motion,0.254883,0.361084,0.920410,43.827,-14.709924,9.671756,5.496183,296,-258,321
84100,continuous_motion,0.239502,0.406982,0.909668,43.839,-15.877863,16.022902,5.175572,300,-255,319
84120,continuous_motion,0.294434,0.456299,0.911133,43.815,-16.954199,14.343512,1.038168,300,-255,319
84140,continuous_motion,0.205566,0.386230,0.983154,43.839,-17.435114,9.564885,-4.580153,300,-255,319
84160,continuous_motion,0.187500,0.316162,0.972168,43.851,-17.015266,6.519084,-4.625954,308,-251,316
84180,continuous_motion,0.172607,0.300049,0.994873,43.827,-12.480916,2.557252,-5.374046,308,-251,316
84200,continuous_motion,0.175049,0.280762,1.014893,43.833,-5.419847,-1.167939,-5.511450,308,-251,316
84220,continuous_motion,0.179688,0.273193,1.029297,43.833,6.099236,-3.839695,-3.931298,308,-251,316
84240,continuous_motion,0.169434,0.300293,0.986572,43.862,16.122137,-5.366412,-1.961832,310,-252,315
84260,continuous_motion,0.167969,0.335938,0.959717,43.821,21.061069,-9.732824,-1.083969,310,-252,315
84280,continuous_motion,0.164307,0.351563,0.952393,43.836,23.366413,-14.671756,-0.458015,310,-252,315
84300,continuous_motion,0.171387,0.349854,0.958496,43.818,25.305344,-19.145039,0.977099,301,-258,318
84320,continuous_motion,0.186279,0.361328,0.949707,43.836,28.381680,-22.580153,3.190840,301,-258,318
84340,continuous_motion,0.196533,0.368652,0.936523,43.804,31.190840,-25.099237,4.984733,301,-258,318
84360,continuous_motion,0.209229,0.380127,0.935059,43.839,33.091602,-28.435114,6.068702,290,-267,321
84380,continuous_motion,0.220947,0.384521,0.927734,43.827,35.358780,-31.954199,6.648855,290,-267,321
84400,continuous_motion,0.232422,0.388672,0.917725,43.824,38.702290,-34.740459,7.267176,290,-267,321
84421,continuous_motion,0.260010,0.401611,0.915283,43.827,42.763359,-36.396946,8.381680,290,-267,321
84440,continuous_motion,0.270264,0.409424,0.903320,43.809,46.351147,-38.320610,8.465649,274,-280,322
84460,continuous_motion,0.288574,0.430664,0.878418,43.833,50.068703,-39.274811,9.328244,274,-280,322
84480,continuous_motion,0.310547,0.460693,0.842529,43.821,53.229008,-37.694656,10.213740,274,-280,322
84500,continuous_motion,0.334229,0.507324,0.808350,43.833,52.297710,-36.282444,10.618320,254,-294,324
84520,continuous_motion,0.337158,0.534912,0.764160,43.824,45.366413,-36.786259,9.374045,254,-294,324
84540,continuous_motion,0.339844,0.525635,0.750732,43.827,37.129772,-39.259541,6.496183,254,-294,324
84560,continuous_motion,0.380859,0.508789,0.791260,43.809,33.877861,-38.297710,5.618320,237,-307,324
84580,continuous_motion,0.392578,0.512939,0.793701,43.836,34.954197,-33.832062,6.206107,237,-307,324
84600,continuous_motion,0.399902,0.540039,0.765625,43.865,34.740459,-30.732824,5.809160,237,-307,324
84620,continuous_motion,0.396729,0.550781,0.748047,43.833,31.656488,-29.519083,4.274809,237,-307,324
84640,continuous_motion,0.413086,0.548340,0.737793,43.815,29.366413,-28.099237,3.366412,226,-321,321
84660,continuous_motion,0.423828,0.558838,0.740967,43.842,28.603054,-25.190840,2.931298,226,-321,321
84680,continuous_motion,0.436523,0.570557,0.720459,43.848,27.427481,-22.206106,3.015267,226,-321,321
84700,continuous_motion,0.432129,0.598633,0.681152,43.839,24.778625,-18.984734,2.778626,213,-331,319
84720,continuous_motion,0.429688,0.612549,0.692871,43.865,19.534351,-17.519083,1.977099,213,-331,319
84740,continuous_motion,0.432373,0.595947,0.704834,43.839,13.610687,-17.839695,0.587786,213,-331,319
84760,continuous_motion,0.451660,0.561523,0.713135,43.859,12.206107,-16.068703,0.190840,213,-340,317
84780,continuous_motion,0.465576,0.568848,0.717285,43.830,15.053435,-11.580153,1.259542,205,-340,317
84801,continuous_motion,0.459961,0.591309,0.700684,43.848,16.946566,-5.938931,1.832061,205,-340,317
84820,continuous_motion,0.478760,0.610107,0.674316,43.821,15.603053,-1.511450,1.625954,205,-340,317
84840,continuous_motion,0.451904,0.631104,0.647949,43.862,10.267176,0.206107,0.091603,199,-340,315
84860,continuous_motion,0.458740,0.627686,0.663330,43.827,3.503817,1.053435,-1.458015,199,-340,315
84880,continuous_motion,0.456055,0.620361,0.669189,43.842,-1.954198,2.580153,-2.580153,199,-340,315
84900,continuous_motion,0.460449,0.602783,0.687744,43.842,-5.694656,4.366412,-3.259542,198,-341,315
84920,continuous_motion,0.446777,0.596680,0.700195,43.815,-7.572519,5.541985,-3.954198,198,-341,315
84940,continuous_motion,0.450195,0.593262,0.688965,43.842,-7.786260,8.167939,-3.984733,198,-341,315
84960,continuous_motion,0.446289,0.600830,0.693604,43.856,-8.862596,10.198473,-4.396946,198,-341,315
84980,continuous_motion,0.452637,0.605713,0.679932,43.821,-11.725191,12.725191,-5.404580,201,-339,318
85000,continuous_motion,0.464111,0.614014,0.674072,43.842,-14.908397,17.480917,-5.572519,201,-339,318
85020,continuous_motion,0.460693,0.624512,0.656982,43.851,-21.053434,24.725191,-6.450382,201,-339,318
85040,continuous_motion,0.437988,0.637695,0.640869,43.842,-29.618320,30.564886,-7.015267,207,-333,319
85061,continuous_motion,0.428223,0.624023,0.664063,43.827,-41.885498,33.717556,-9.022901,207,-333,319
85080,continuous_motion,0.421875,0.587891,0.703613,43.833,-50.374046,37.900764,-9.908397,207,-333,319
85101,continuous_motion,0.392090,0.561523,0.725098,43.830,-57.358780,42.450382,-10.435115,225,-319,323
85120,continuous_motion,0.367188,0.541260,0.759521,43.854,-62.213741,45.198475,-10.526717,225,-319,323
85140,continuous_motion,0.344482,0.507813,0.797119,43.836,-65.671753,46.664124,-10.229008,225,-319,323
85160,continuous_motion,0.321777,0.486572,0.815674,43.839,-67.213737,47.564884,-9.458015,225,-319,323
85180,continuous_motion,0.313232,0.449219,0.851074,43.821,-67.503815,46.007633,-9.458015,251,-303,322
85200,continuous_motion,0.276367,0.307617,0.877197,43.824,-69.389313,45.801525,-6.862596,251,-303,322
85220,continuous_motion,0.253418,0.350830,0.933838,43.848,-71.679390,47.122139,-0.358779,251,-303,322
85240,continuous_motion,0.231201,0.330322,0.998535,43.865,-75.061066,51.267174,0.839695,280,-283,317
85260,continuous_motion,0.260254,0.317871,1.078369,43.827,-77.007637,59.129772,0.885496,280,-283,317
85280,continuous_motion,0.272461,0.333252,1.154541,43.836,-77.053436,73.946564,0.770992,280,-283,317
85300,continuous_motion,0.261719,0.347656,1.162354,43.827,-78.213737,89.931297,-2.702290,311,-257,312
85320,continuous_motion,0.229004,0.307129,1.145264,43.830,-85.816795,105.740456,-4.488550,311,-257,312
85340,continuous_motion,0.159912,0.272217,1.093506,43.856,-92.290077,113.312981,-2.557252,311,-257,312
85361,continuous_motion,0.120605,0.279053,1.072754,43.845,-90.335876,113.351143,-1.396947,311,-257,312
85380,continuous_motion,0.054688,0.260498,1.050293,43.818,-83.007637,110.595421,-7.709924,346,-213,302
85400,continuous_motion,0.024658,0.187500,1.059814,43.809,-76.106873,105.435112,-13.885496,346,-213,302
85420,continuous_motion,-0.019775,0.125732,0.997070,43.839,-68.938934,96.656487,-17.312977,346,-213,302
85440,continuous_motion,-0.081299,0.060547,1.009033,43.815,-61.717556,88.068703,-17.198473,370,-179,288
85460,continuous_motion,-0.111328,-0.004883,1.008301,43.848,-59.267174,81.351143,-10.320611,370,-179,288
85480,continuous_motion,-0.149658,0.004639,0.991943,43.836,-57.007633,75.580154,-0.755725,370,-179,288
85500,continuous_motion,-0.154053,-0.022949,1.030518,43.833,-56.267174,72.618324,4.389313,392,-150,273
85520,continuous_motion,-0.188965,-0.039307,1.032959,43.833,-53.557251,74.793892,7.748092,392,-150,273
85540,continuous_motion,-0.181152,-0.091797,1.007568,43.839,-51.687023,76.633591,17.122137,392,-150,273
85560,continuous_motion,-0.184082,-0.087158,1.002686,43.830,-47.114502,76.725189,32.824429,392,-150,273
85580,continuous_motion,-0.198486,-0.008545,1.008789,43.815,-44.572517,78.374046,40.244274,407,-116,258
85600,continuous_motion,-0.236816,0.023926,0.974609,43.833,-48.847328,83.778625,38.038166,407,-116,258
85620,continuous_motion,-0.289795,-0.012207,0.886719,43.827,-52.030533,83.198471,34.877861,407,-116,258
85640,continuous_motion,-0.324951,-0.029785,0.873047,43.818,-49.496181,73.938934,37.549618,418,-73,238
85661,continuous_motion,-0.341064,-0.003906,0.861816,43.818,-43.274811,62.030533,38.122139,418,-73,238
85680,continuous_motion,-0.388916,0.015137,0.809082,43.862,-38.206108,51.259541,33.763359,418,-73,238
85700,continuous_motion,-0.392822,-0.017578,0.784180,43.830,-34.305344,34.580154,29.541985,418,-42,238
85721,continuous_motion,-0.360107,-0.062988,0.846924,43.862,-26.656488,13.106871,26.343512,424,-42,223
85740,continuous_motion,-0.385010,-0.000977,0.932129,43.833,-19.801527,0.305344,21.931297,424,-42,223
85760,continuous_motion,-0.367432,-0.021240,0.962402,43.859,-11.770992,-2.335878,12.259542,424,-42,223
85780,continuous_motion,-0.378662,-0.027588,0.980225,43.845,-8.351145,0.770992,6.267176,427,-31,215
85800,continuous_motion,-0.339355,-0.073975,1.018311,43.827,-14.900764,5.595420,9.564885,427,-31,215
85820,continuous_motion,-0.321533,-0.061523,1.065186,43.830,-22.877863,17.931297,16.648855,427,-31,215
85840,continuous_motion,-0.316895,-0.050537,1.085693,43.833,-31.793894,37.862595,19.984734,429,-22,207
85860,continuous_motion,-0.350342,-0.070068,1.030762,43.824,-43.687023,61.526718,20.358778,429,-22,207
85880,continuous_motion,-0.387695,-0.108154,0.965820,43.845,-54.045803,73.412216,24.923664,429,-22,207
85900,continuous_motion,-0.420654,-0.133057,0.904541,43.830,-56.564884,75.496185,32.068703,429,-22,207
85920,continuous_motion,-0.432861,-0.097656,0.918213,43.830,-51.000000,73.992363,35.045803,436,6,181
85940,continuous_motion,-0.481445,-0.071777,0.859863,43.856,-45.564884,73.938934,29.458015,436,6,181
85960,continuous_motion,-0.520264,-0.109863,0.764893,43.854,-38.931297,63.221375,23.587786,436,6,181
85980,continuous_motion,-0.531982,-0.116211,0.773193,43.833,-28.862595,45.045803,21.992367,439,33,154
86001,continuous_motion,-0.522705,-0.091553,0.804443,43.830,-19.404581,30.236641,18.450382,439,33,154
86020,continuous_motion,-0.531006,-0.085938,0.809570,43.827,-14.854961,24.305344,11.839695,439,33,154
86040,continuous_motion,-0.570557,-0.119141,0.774902,43.842,-8.503817,19.328245,3.076336,438,47,142
86060,continuous_motion,-0.575439,-0.143311,0.754883,43.839,-1.977099,11.870229,-2.022901,438,47,142
86080,continuous_motion,-0.579834,-0.156982,0.760742,43.842,-0.465649,6.854962,-4.954198,438,47,142
86100,continuous_motion,-0.633789,-0.205078,0.711914,43.815,1.122137,2.251908,-7.427481,438,47,142
86120,continuous_motion,-0.637207,-0.241455,0.686768,43.827,8.442748,-9.656488,-7.290076,440,45,141
86140,continuous_motion,-0.610840,-0.224365,0.762451,43.862,13.297709,-24.053434,-3.916031,440,45,141
86160,continuous_motion,-0.588379,-0.207031,0.830322,43.851,17.000000,-30.618320,-0.618321,440,45,141
86181,continuous_motion,-0.568115,-0.207764,0.853271,43.859,22.343512,-29.564886,1.381679,436,41,151
86200,continuous_motion,-0.567139,-0.175537,0.836670,43.833,28.320610,-26.496183,1.580153,436,41,151
86221,continuous_motion,-0.520264,-0.178711,0.846191,43.830,25.877863,-29.213741,4.274809,436,41,151
86240,continuous_motion,-0.490723,-0.166748,0.878662,43.821,24.114504,-35.099236,10.122137,429,35,167
86260,continuous_motion,-0.476563,-0.114258,0.911865,43.842,31.656488,-40.038166,10.862596,429,35,167
86280,continuous_motion,-0.515381,-0.043945,0.883057,43.851,48.183205,-44.549618,2.297710,429,35,167
86300,continuous_motion,-0.486328,-0.061523,0.876465,43.839,61.900764,-53.526718,-4.152672,429,35,167
86320,continuous_motion,-0.431641,-0.032471,0.928955,43.824,69.572517,-60.641220,-1.038168,417,25,194
86340,continuous_motion,-0.395752,-0.011230,0.967773,43.818,69.412216,-61.778625,4.061069,417,25,194
86360,continuous_motion,-0.340088,0.038574,1.027588,43.821,65.740456,-55.114502,6.816794,417,25,194
86380,continuous_motion,-0.295654,0.053467,1.052979,43.839,54.488548,-43.595421,9.748092,398,8,226
86400,continuous_motion,-0.303711,0.036865,1.023682,43.824,43.167938,-34.519085,14.190840,398,8,226
86420,continuous_motion,-0.327148,0.032471,0.964844,43.842,41.351147,-32.251907,19.374046,398,8,226
86440,continuous_motion,-0.333252,0.062988,0.931396,43.836,47.458015,-37.175571,20.977098,381,1,249
86460,continuous_motion,-0.335938,0.095703,0.915283,43.809,55.389313,-45.351147,18.694656,381,1,249
86480,continuous_motion,-0.311768,0.100586,0.931396,43.842,61.839695,-54.175571,15.992367,381,1,249
86500,continuous_motion,-0.267334,0.133301,0.972900,43.827,64.412216,-57.022900,15.580153,381,1,249
86520,continuous_motion,-0.254150,0.159424,0.991211,43.812,60.076336,-52.442749,15.068703,358,-11,277
86540,continuous_motion,-0.247559,0.169922,0.989502,43.833,54.916031,-46.229008,13.274809,358,-11,277
86560,continuous_motion,-0.228027,0.166016,0.980713,43.851,49.603054,-40.267174,15.213740,358,-11,277
86580,continuous_motion,-0.224609,0.200684,0.988281,43.839,45.534351,-34.022900,18.374046,337,-25,298
86600,continuous_motion,-0.209229,0.225586,0.991455,43.833,39.770992,-26.618320,19.832062,337,-25,298
86620,continuous_motion,-0.187744,0.232910,0.977783,43.856,33.175571,-20.068703,21.358778,337,-25,298
86640,continuous_motion,-0.197998,0.250244,0.940186,43.815,29.923664,-16.068703,23.427481,319,-28,311
86661,continuous_motion,-0.215576,0.280518,0.913574,43.827,29.641222,-18.427481,21.167938,319,-28,311
86680,continuous_motion,-0.201416,0.275146,0.914551,43.842,31.442749,-24.213741,16.160305,319,-28,311
86701,continuous_motion,-0.162354,0.284180,0.942139,43.854,34.374046,-28.022902,12.587787,319,-28,311
86720,continuous_motion,-0.128906,0.302002,0.968506,43.812,34.099236,-26.458015,11.770992,305,-35,324
86741,continuous_motion,-0.125488,0.330811,0.955078,43.830,33.450382,-23.931297,10.793893,305,-35,324
86760,continuous_motion,-0.110107,0.340576,0.944336,43.827,31.045801,-22.076336,9.442748,305,-35,324
86780,continuous_motion,-0.144043,0.344238,0.907227,43.854,31.160305,-25.984734,5.648855,290,-42,335
86800,continuous_motion,-0.114258,0.337646,0.932617,43.818,36.427483,-33.961834,1.801527,290,-42,335
86820,continuous_motion,-0.069336,0.363281,0.990967,43.833,38.847328,-34.969467,2.893130,290,-42,335
86840,continuous_motion,-0.073730,0.380371,0.984375,43.809,36.175571,-28.496183,3.198473,290,-42,335
86860,continuous_motion,-0.079590,0.394531,0.955078,43.845,33.641220,-23.877863,3.076336,274,-59,345
86880,continuous_motion,-0.081543,0.404785,0.952637,43.824,28.847328,-21.679390,3.458015,274,-59,345
86900,continuous_motion,-0.092285,0.392090,0.937500,43.833,25.496183,-23.007633,3.923664,274,-59,345
86920,continuous_motion,-0.094971,0.383789,0.931885,43.818,29.954199,-27.343512,3.465649,260,-69,352
86940,continuous_motion,-0.067871,0.400635,0.946289,43.815,36.503819,-30.450382,3.709924,260,-69,352
86960,continuous_motion,-0.051270,0.417725,0.939453,43.818,38.893131,-29.900763,5.038168,260,-69,352
86980,continuous_motion,-0.056641,0.434570,0.916748,43.827,40.885498,-32.526718,5.351145,245,-82,362
87000,continuous_motion,-0.041260,0.456055,0.922119,43.780,44.450382,-35.648853,4.633588,245,-82,362
87020,continuous_motion,-0.022949,0.464111,0.922852,43.836,46.259541,-35.541985,4.824428,245,-82,362
87040,continuous_motion,-0.016113,0.464600,0.897217,43.842,45.679390,-33.580154,7.053435,245,-82,362
87060,continuous_motion,-0.004639,0.486084,0.900391,43.824,41.610687,-32.091602,8.809160,223,-99,369
87080,continuous_motion,0.015381,0.515625,0.941162,43.801,36.816795,-28.076336,8.053435,223,-99,369
87100,continuous_motion,0.000244,0.470947,0.848633,43.821,31.893129,-22.732824,7.725191,223,-99,369
87121,continuous_motion,-0.015381,0.536865,0.684082,43.833,43.435116,-38.748093,8.992367,205,-110,373
87140,continuous_motion,0.080566,0.601563,0.800537,43.842,47.442749,-52.687023,5.152672,205,-110,373
87160,continuous_motion,0.117676,0.585693,0.873291,43.815,38.167938,-49.587788,2.618321,205,-110,373
87181,continuous_motion,0.123291,0.578857,0.896484,43.845,26.587786,-35.358780,2.946565,186,-133,378
87200,continuous_motion,0.094238,0.577393,0.875488,43.821,15.633588,-23.320610,3.015267,186,-133,378
87220,continuous_motion,0.057373,0.551514,0.781982,43.818,10.053435,-18.671755,1.412214,186,-133,378
87240,continuous_motion,0.054443,0.524902,0.783447,43.821,14.580153,-29.427481,-0.083969,186,-133,378
87260,continuous_motion,0.122314,0.545654,0.867676,43.812,20.000000,-33.190838,0.832061,179,-145,380
87280,continuous_motion,0.145996,0.591797,0.839111,43.824,23.167938,-27.664122,3.290076,179,-145,380
87300,continuous_motion,0.175781,0.623047,0.835938,43.830,24.053434,-21.687023,4.175572,179,-145,380
87320,continuous_motion,0.136230,0.617920,0.781982,43.830,16.923664,-16.335878,5.641222,168,-159,379
87340,continuous_motion,0.130127,0.600342,0.815430,43.833,11.358779,-16.114504,5.305344,168,-159,379
87360,continuous_motion,0.151367,0.587646,0.835205,43.789,6.229008,-10.549619,8.083969,168,-159,379
87380,continuous_motion,0.157715,0.607422,0.802490,43.839,1.755725,-1.633588,11.022901,164,-164,380
87400,continuous_motion,0.129883,0.616699,0.780762,43.809,-3.221374,1.007634,10.954199,164,-164,380
87420,continuous_motion,0.131592,0.596924,0.811035,43.815,-7.816794,-0.053435,7.580153,164,-164,380
87440,continuous_motion,0.154541,0.587402,0.825439,43.830,-8.816793,3.900763,6.114504,164,-164,380
87460,continuous_motion,0.186523,0.608887,0.853760,43.815,-11.160305,12.664123,6.404580,168,-163,381
87480,continuous_motion,0.203125,0.644287,0.849121,43.821,-20.259542,27.198473,6.748092,168,-163,381
87500,continuous_motion,0.189941,0.643311,0.836426,43.830,-34.778625,42.259541,6.366412,168,-163,381
87520,continuous_motion,0.154297,0.609619,0.826660,43.818,-45.786259,53.213741,6.282443,180,-148,378
87540,continuous_motion,0.139893,0.579834,0.833496,43.809,-52.206108,61.618320,7.045802,180,-148,378
87560,continuous_motion,0.113037,0.564209,0.795166,43.824,-60.091602,66.885498,8.839695,180,-148,378
87580,continuous_motion,0.073975,0.563477,0.798340,43.836,-63.335876,63.358780,7.564886,206,-116,374
87600,continuous_motion,0.094971,0.584717,0.854736,43.827,-61.022900,59.916031,4.877862,206,-116,374
87620,continuous_motion,0.078125,0.555908,0.862549,43.845,-59.519085,59.671757,0.900763,206,-116,374
87640,continuous_motion,0.064697,0.485352,0.910400,43.821,-62.068703,63.381680,-0.564886,206,-116,374
87660,continuous_motion,0.024902,0.430420,0.909668,43.830,-71.977097,72.618324,4.541985,237,-87,365
87680,continuous_motion,-0.021729,0.415039,0.884521,43.801,-81.816795,81.786263,10.030535,237,-87,365
87700,continuous_motion,-0.067627,0.398438,0.856689,43.824,-90.389313,87.412216,13.312977,237,-87,365
87721,continuous_motion,-0.125488,0.356689,0.857910,43.821,-98.221375,85.519081,10.534351,272,-48,344
87740,continuous_motion,-0.145264,0.272461,0.857910,43.812,-98.312981,77.435112,7.335878,272,-48,344
87760,continuous_motion,-0.169434,0.209473,0.913086,43.824,-91.816795,65.687019,4.694656,272,-48,344
87780,continuous_motion,-0.165283,0.162354,0.976807,43.859,-83.221375,57.549618,5.580153,272,-48,344
87800,continuous_motion,-0.167236,0.172852,1.010498,43.836,-74.633591,55.183205,7.549618,311,-17,316
87820,continuous_motion,-0.176758,0.201416,1.053955,43.830,-70.702293,55.732826,5.381680,311,-17,316
87840,continuous_motion,-0.187500,0.181641,1.043945,43.836,-69.068703,57.679390,1.992366,311,-17,316
87860,continuous_motion,-0.196777,0.148682,1.062012,43.845,-68.000000,61.129772,0.221374,337,6,290
87880,continuous_motion,-0.223877,0.114258,1.065674,43.833,-66.167938,63.824429,-0.954198,337,6,290
87900,continuous_motion,-0.234131,0.083008,1.063965,43.851,-60.648853,66.267174,-0.229008,337,6,290
87920,continuous_motion,-0.244873,0.086670,1.067383,43.830,-57.496181,70.977097,1.755725,357,29,257
87941,continuous_motion,-0.285156,0.093994,1.034668,43.833,-57.076336,77.702293,2.778626,357,29,257
87960,continuous_motion,-0.301758,0.060791,0.985596,43.827,-60.412212,81.969467,1.885496,357,29,257
87980,continuous_motion,-0.380371,0.016846,0.977539,43.839,-62.038166,83.358780,1.671756,357,29,257
88001,continuous_motion,-0.444336,-0.030762,0.940674,43.809,-61.351147,82.694656,3.938931,375,57,226
88020,continuous_motion,-0.464355,-0.045410,0.931885,43.839,-58.519085,82.687019,6.236641,375,57,226
88040,continuous_motion,-0.470215,-0.058594,0.891602,43.827,-55.328243,82.442749,5.671756,375,57,226
88060,continuous_motion,-0.524658,-0.076172,0.851807,43.833,-48.793892,76.618324,5.106870,390,82,188
88080,continuous_motion,-0.528320,-0.072266,0.861328,43.824,-41.679390,65.809158,6.312977,390,82,188
88100,continuous_motion,-0.523682,-0.057129,0.867676,43.842,-36.328243,56.717556,6.938931,390,82,188
88120,continuous_motion,-0.536865,-0.051758,0.881104,43.836,-32.129772,50.732826,4.351145,394,98,160
88140,continuous_motion,-0.542969,-0.088623,0.864990,43.854,-24.496183,45.358780,1.427481,394,98,160
88160,continuous_motion,-0.548828,-0.097656,0.865723,43.798,-15.389313,40.770992,1.412214,394,98,160
88180,continuous_motion,-0.542236,-0.077393,0.854492,43.806,-9.366412,36.801525,2.145038,394,98,160
88200,continuous_motion,-0.561768,-0.060303,0.832031,43.824,-7.183206,33.793892,0.450382,397,108,143
88220,continuous_motion,-0.567627,-0.075439,0.830811,43.830,-6.618320,31.633587,-2.061069,397,108,143
88240,continuous_motion,-0.564209,-0.090576,0.823975,43.839,-6.992366,31.931297,-2.687023,397,108,143
88260,continuous_motion,-0.576416,-0.086670,0.816406,43.856,-9.312977,33.732826,-1.740458,399,114,131
88280,continuous_motion,-0.575684,-0.081787,0.827881,43.854,-14.282443,38.022900,-2.022901,399,114,131
88300,continuous_motion,-0.618408,-0.087402,0.808594,43.830,-21.625954,44.824429,-3.198473,399,114,131
88320,continuous_motion,-0.641113,-0.145752,0.788330,43.821,-26.175573,48.564884,-2.000000,404,121,113
88340,continuous_motion,-0.641357,-0.114746,0.818604,43.815,-22.511450,50.603054,0.083969,404,121,113
88360,continuous_motion,-0.642090,-0.101074,0.804688,43.830,-20.305344,57.816795,-0.526718,404,121,113
88380,continuous_motion,-0.678467,-0.105957,0.735840,43.839,-19.938931,60.709923,-1.984733,404,121,113
88400,continuous_motion,-0.703125,-0.134766,0.718262,43.824,-18.893129,54.106869,-1.572519,406,128,91
88420,continuous_motion,-0.712891,-0.140137,0.713135,43.836,-14.801527,44.923664,0.068702,406,128,91
88441,continuous_motion,-0.715332,-0.136719,0.717285,43.818,-8.404580,36.519085,1.702290,406,128,91
88460,continuous_motion,-0.695557,-0.129639,0.756348,43.806,-1.312977,29.977098,3.274809,407,134,74
88480,continuous_motion,-0.690674,-0.107178,0.750977,43.806,0.419847,29.885496,4.335878,407,134,74
88500,continuous_motion,-0.697021,-0.103027,0.727539,43.786,-0.740458,32.114502,3.328244,407,134,74
88520,continuous_motion,-0.714111,-0.103027,0.705811,43.833,0.076336,34.007633,0.122137,406,138,65
88540,continuous_motion,-0.742188,-0.135010,0.658691,43.821,2.099237,32.893131,-3.984733,406,138,65
88560,continuous_motion,-0.771484,-0.159668,0.607666,43.836,5.076336,26.740458,-5.656488,406,138,65
88580,continuous_motion,-0.822266,-0.197021,0.554199,43.804,12.961832,12.694656,-6.984733,406,138,65
88600,continuous_motion,-0.813477,-0.216797,0.534180,43.798,26.618320,-9.076336,-5.137404,408,139,61
88620,continuous_motion,-0.797607,-0.169434,0.548584,43.856,38.137405,-32.694656,-2.694656,408,139,61
88640,continuous_motion,-0.767578,-0.119873,0.579102,43.824,46.061069,-51.244274,-3.900763,408,139,61
88661,continuous_motion,-0.732422,-0.122070,0.627930,43.812,52.122139,-64.969467,-6.954198,406,133,84
88680,continuous_motion,-0.689697,-0.106689,0.695068,43.815,59.816795,-72.465652,-8.480916,406,133,84
88701,continuous_motion,-0.647949,-0.083740,0.747559,43.801,63.541985,-73.702293,-7.503817,406,133,84
88720,continuous_motion,-0.609375,-0.052246,0.784668,43.836,59.603054,-68.984734,-4.732824,401,119,127
88740,continuous_motion,-0.595459,-0.020264,0.813232,43.830,49.083969,-61.603054,-1.366412,401,119,127
88761,continuous_motion,-0.595215,-0.017090,0.840088,43.812,38.030533,-53.854961,0.236641,401,119,127
88780,continuous_motion,-0.578613,-0.037598,0.835205,43.818,35.946564,-46.992367,-0.122137,401,119,127
88800,continuous_motion,-0.586182,-0.020752,0.820068,43.804,38.366413,-43.206108,1.045802,394,108,156
88821,continuous_motion,-0.584229,0.009766,0.797363,43.806,40.503819,-43.931297,1.564886,394,108,156
88840,continuous_motion,-0.600586,0.019287,0.757813,43.789,44.061069,-49.793892,0.190840,394,108,156
88860,continuous_motion,-0.572510,0.022461,0.784668,43.821,51.183205,-60.664124,-2.305344,385,98,180
88880,continuous_motion,-0.545410,0.031738,0.807861,43.827,59.274811,-69.091606,-4.045802,385,98,180
88900,continuous_motion,-0.529053,0.052979,0.807129,43.824,69.236641,-76.824425,-5.816794,385,98,180
88920,continuous_motion,-0.493408,0.074951,0.824951,43.830,77.358780,-85.198471,-6.755725,385,98,180
88940,continuous_motion,-0.451416,0.116211,0.876953,43.789,77.847328,-89.312981,-6.694656,372,74,219
88960,continuous_motion,-0.418701,0.143066,0.927002,43.780,70.603050,-88.290077,-5.748092,372,74,219
88980,continuous_motion,-0.377441,0.144531,0.956787,43.821,64.961830,-82.625954,-4.366412,372,74,219
89000,continuous_motion,-0.351318,0.177490,0.974609,43.830,60.183205,-74.786263,-3.381679,352,45,259
89020,continuous_motion,-0.333984,0.193604,0.971924,43.821,54.717556,-64.122139,-3.274809,352,45,259
89040,continuous_motion,-0.330322,0.199951,0.940918,43.827,48.297710,-56.824429,-2.175573,352,45,259
89060,continuous_motion,-0.320068,0.222900,0.920654,43.854,44.572517,-53.358780,-1.572519,336,23,284
89080,continuous_motion,-0.325195,0.245850,0.904785,43.818,41.564884,-53.931297,-2.893130,336,23,284
89100,continuous_motion,-0.304443,0.240479,0.911377,43.806,40.335876,-56.656490,-5.854962,336,23,284
89120,continuous_motion,-0.290771,0.235840,0.903809,43.827,43.076336,-60.580154,-7.694656,336,23,284
89140,continuous_motion,-0.270020,0.260498,0.923096,43.804,49.206108,-66.083969,-10.549619,321,-3,304
89160,continuous_motion,-0.230957,0.284668,0.963379,43.821,51.106869,-67.351143,-13.145039,321,-3,304
89180,continuous_motion,-0.215088,0.279541,0.972168,43.801,45.114502,-65.244278,-14.061069,321,-3,304
89200,continuous_motion,-0.191650,0.260254,0.996094,43.848,41.503819,-62.671757,-12.938931,305,-33,320
89220,continuous_motion,-0.176514,0.274902,1.008057,43.824,39.770992,-58.961834,-11.427481,305,-33,320
89240,continuous_motion,-0.180420,0.277344,1.019531,43.824,37.389313,-56.893131,-12.183207,305,-33,320
89260,continuous_motion,-0.156006,0.247803,1.028076,43.862,39.786259,-57.832062,-13.603053,292,-62,333
89281,continuous_motion,-0.177002,0.255127,1.011475,43.827,49.511452,-61.618320,-13.351145,292,-62,333
89300,continuous_motion,-0.132568,0.247314,1.009277,43.815,64.450378,-67.213737,-11.213740,292,-62,333
89321,continuous_motion,-0.104004,0.304688,0.987305,43.833,77.297707,-72.442749,-5.526718,292,-62,333
89340,continuous_motion,-0.054443,0.376709,0.990967,43.809,82.900764,-74.389313,-1.419847,267,-95,349
89360,continuous_motion,-0.048584,0.423340,0.941406,43.821,80.954201,-76.946564,0.534351,267,-95,349
89380,continuous_motion,-0.031494,0.487061,0.948975,43.801,84.396950,-82.893127,-1.122137,267,-95,349
89400,continuous_motion,0.065674,0.544434,1.011719,43.833,87.198471,-78.961830,-3.374046,228,-134,363
89420,continuous_motion,0.123047,0.604980,1.048340,43.827,76.977097,-60.748093,-5.152672,228,-134,363
89440,continuous_motion,0.098633,0.615967,0.998291,43.827,53.633587,-38.931297,-6.236641,228,-134,363
89460,continuous_motion,0.085693,0.590088,0.955566,43.809,35.442749,-24.213741,-8.442748,199,-160,370
89481,continuous_motion,0.111816,0.560303,0.951172,43.815,19.618320,-8.488549,-6.435114,199,-160,370
89500,continuous_motion,0.115479,0.581787,0.941650,43.824,6.862596,8.427481,-3.305344,199,-160,370
89520,continuous_motion,0.099609,0.556885,0.901123,43.833,-7.961832,24.404581,-1.541985,199,-160,370
89540,continuous_motion,0.052002,0.508545,0.849365,43.842,-13.954199,30.664122,1.694656,195,-158,374
89560,continuous_motion,0.060303,0.507324,0.838623,43.839,-12.557252,30.038168,6.534351,195,-158,374
89580,continuous_motion,0.074219,0.541748,0.863281,43.806,-15.145039,32.282444,12.290076,195,-158,374
89600,continuous_motion,0.069824,0.591797,0.903564,43.851,-20.877863,40.709923,14.465649,200,-143,374
89620,continuous_motion,0.093750,0.605713,0.938721,43.821,-32.984734,57.282444,14.908397,200,-143,374
89640,continuous_motion,0.116699,0.610107,0.962646,43.842,-51.519085,81.763359,16.694656,200,-143,374
89660,continuous_motion,0.062256,0.589111,0.906250,43.827,-71.083969,105.862595,17.709923,221,-104,370
89680,continuous_motion,-0.025391,0.522705,0.782227,43.836,-82.793892,115.641220,18.290077,221,-104,370
89700,continuous_motion,-0.126465,0.448975,0.684570,43.856,-80.129768,105.167938,18.572519,221,-104,370
89720,continuous_motion,-0.214600,0.393066,0.652344,43.812,-61.832062,74.778625,16.580153,221,-104,370
89740,continuous_motion,-0.229004,0.409668,0.734131,43.818,-32.824429,39.473282,8.862596,253,-55,356
89760,continuous_motion,-0.152344,0.422363,0.885498,43.836,-16.450382,19.175573,1.732824,253,-55,356
89780,continuous_motion,-0.096436,0.419434,0.988770,43.780,-19.702290,20.778625,-0.877863,253,-55,356
89801,continuous_motion,-0.061035,0.386230,1.033936,43.821,-32.297710,37.244274,2.366412,263,-42,349
89820,continuous_motion,-0.074463,0.397461,1.045410,43.833,-46.732826,58.694656,8.900764,263,-42,349
89840,continuous_motion,-0.113281,0.399658,1.005127,43.848,-64.496185,83.343513,14.702291,263,-42,349
89860,continuous_motion,-0.170410,0.374756,0.949463,43.827,-74.419846,97.671753,16.916031,263,-42,349
89880,continuous_motion,-0.222900,0.340576,0.891602,43.827,-76.610687,103.496185,16.480917,285,-7,330
89900,continuous_motion,-0.271240,0.331543,0.861572,43.821,-75.061066,101.870232,16.687023,285,-7,330
89920,continuous_motion,-0.311768,0.331787,0.820068,43.795,-74.519081,96.969467,15.282443,285,-7,330
89940,continuous_motion,-0.378174,0.304199,0.790039,43.827,-71.503815,86.251907,11.259542,312,39,298
89960,continuous_motion,-0.416016,0.251221,0.797607,43.824,-60.083969,70.511452,5.061069,312,39,298
89980,continuous_motion,-0.431396,0.182373,0.786133,43.830,-42.183205,53.160305,0.442748,312,39,298
90000,continuous_motion,-0.451172,0.179932,0.795166,43.827,-23.809160,35.297710,-1.366412,329,64,274
90020,continuous_motion,-0.416992,0.187744,0.845215,43.827,-13.244275,22.564886,-1.007634,329,64,274
90040,continuous_motion,-0.389893,0.205322,0.901855,43.827,-14.114504,19.152672,-0.198473,329,64,274
90060,continuous_motion,-0.368164,0.209473,0.950928,43.842,-21.053434,23.832062,0.320611,329,64,274
90080,continuous_motion,-0.358887,0.203125,0.970947,43.804,-29.290077,33.603054,0.992366,335,71,267
90100,continuous_motion,-0.356934,0.202881,0.979980,43.821,-37.030533,45.442749,2.129771,335,71,267
90120,continuous_motion,-0.371582,0.209717,0.974365,43.798,-45.664124,57.938931,2.877863,335,71,267
90140,continuous_motion,-0.402100,0.213867,0.963623,43.818,-55.106869,68.885498,1.946565,345,88,244
90160,continuous_motion,-0.421631,0.183350,0.951172,43.827,-61.580154,77.641220,-0.931298,345,88,244
90180,continuous_motion,-0.451660,0.152344,0.909912,43.824,-62.564884,83.564888,-3.763359,345,88,244
90200,continuous_motion,-0.503174,0.139160,0.865234,43.804,-60.725189,86.534348,-4.328244,363,111,207
90220,continuous_motion,-0.553711,0.120605,0.838379,43.848,-59.000000,83.114502,-6.305344,363,111,207
90240,continuous_motion,-0.581787,0.082031,0.821045,43.795,-52.938931,76.320610,-8.335877,363,111,207
90260,continuous_motion,-0.595703,0.057129,0.807129,43.824,-45.030533,69.893127,-10.641221,363,111,207
90280,continuous_motion,-0.620117,0.018066,0.778320,43.812,-36.488548,63.961834,-12.038168,379,127,169
90300,continuous_motion,-0.645996,-0.000244,0.754639,43.827,-29.053434,57.076336,-11.412213,379,127,169
90320,continuous_motion,-0.635498,-0.018311,0.760498,43.806,-25.129770,53.412212,-9.969465,379,127,169
90340,continuous_motion,-0.636719,-0.029541,0.752197,43.836,-23.511450,52.793892,-8.167939,387,134,141
90360,continuous_motion,-0.660645,-0.034424,0.735840,43.818,-22.404581,54.427483,-6.625954,387,134,141
90380,continuous_motion,-0.678711,-0.027832,0.729248,43.812,-22.221375,56.366413,-5.717557,387,134,141
90400,continuous_motion,-0.691162,-0.013184,0.724609,43.839,-24.564886,58.824429,-5.938931,392,142,118
90420,continuous_motion,-0.715820,-0.010742,0.710938,43.824,-28.045801,62.114502,-7.679389,392,142,118
90440,continuous_motion,-0.745850,-0.029541,0.695068,43.830,-28.389313,63.358780,-10.725191,392,142,118
90460,continuous_motion,-0.758057,-0.061035,0.670410,43.792,-25.358778,61.488548,-13.732824,392,142,118
90480,continuous_motion,-0.793213,-0.083984,0.643799,43.804,-18.709923,57.061069,-16.763359,399,148,91
90500,continuous_motion,-0.831055,-0.111572,0.608643,43.845,-11.145039,49.244274,-18.549618,399,148,91
90520,continuous_motion,-0.853027,-0.141602,0.593994,43.818,-3.450382,38.549618,-18.167938,399,148,91
90540,continuous_motion,-0.851563,-0.172363,0.574951,43.836,7.435114,24.717558,-13.229008,406,145,73
90560,continuous_motion,-0.869141,-0.150879,0.550049,43.821,17.145039,11.061069,-8.015267,406,145,73
90580,continuous_motion,-0.884033,-0.115967,0.529297,43.821,24.633587,-5.488550,-3.679389,406,145,73
90600,continuous_motion,-0.886719,-0.104248,0.540039,43.827,31.000000,-22.274809,-1.572519,406,143,81
90620,continuous_motion,-0.843018,-0.096680,0.576416,43.833,40.473282,-37.732826,-0.526718,406,143,81
90640,continuous_motion,-0.817871,-0.068359,0.602295,43.827,47.267174,-46.977100,-0.091603,406,143,81
90660,continuous_motion,-0.781982,-0.050049,0.641113,43.809,50.076336,-52.832062,0.641221,406,143,81
90680,continuous_motion,-0.744629,-0.046143,0.679443,43.818,49.229008,-54.183205,2.114504,402,135,112
90700,continuous_motion,-0.729980,-0.031982,0.694580,43.804,46.480915,-52.587788,4.801527,402,135,112
90720,continuous_motion,-0.720703,-0.013672,0.692139,43.833,43.053436,-50.740459,7.519084,402,135,112
90740,continuous_motion,-0.710693,-0.016846,0.697021,43.821,41.618320,-52.061069,8.480916,393,129,142
90760,continuous_motion,-0.733887,-0.033936,0.645996,43.815,49.664124,-59.000000,8.877863,393,129,142
90780,continuous_motion,-0.742920,-0.038086,0.582275,43.833,68.000000,-76.679390,8.809160,393,129,142
90800,continuous_motion,-0.688232,0.032959,0.625244,43.830,91.511452,-101.473282,9.587787,393,114,186
90820,continuous_motion,-0.622070,0.104980,0.687988,43.789,101.129768,-117.038170,9.022901,378,114,186
90840,continuous_motion,-0.548340,0.157959,0.781982,43.818,102.259544,-120.793892,8.122137,378,114,186
90860,continuous_motion,-0.484619,0.197510,0.860596,43.821,96.305344,-112.259544,7.610687,378,114,186
90880,continuous_motion,-0.461426,0.235352,0.876465,43.851,84.641220,-97.328247,7.358778,349,83,245
90900,continuous_motion,-0.467285,0.255615,0.859131,43.824,72.496185,-85.900764,6.007634,349,83,245
90920,continuous_motion,-0.467773,0.259766,0.850342,43.856,62.885498,-79.305344,2.961832,349,83,245
90940,continuous_motion,-0.445801,0.221924,0.829834,43.833,58.992367,-76.870232,2.763359,327,56,282
90960,continuous_motion,-0.432617,0.230713,0.829834,43.809,59.946564,-78.381676,5.229008,327,56,282
90980,continuous_motion,-0.393799,0.269043,0.853760,43.824,59.343510,-79.458015,8.832061,327,56,282
91000,continuous_motion,-0.346924,0.304199,0.872314,43.798,51.839695,-77.633591,14.229008,327,56,282
91020,continuous_motion,-0.328857,0.341797,0.895508,43.818,44.274811,-74.603050,16.610687,305,26,312
91040,continuous_motion,-0.285889,0.371338,0.933838,43.821,38.343510,-68.458015,15.755725,305,26,312
91060,continuous_motion,-0.231201,0.401123,0.989502,43.839,31.099237,-56.442749,13.236641,305,26,312
91080,continuous_motion,-0.218018,0.409424,0.995361,43.821,19.488550,-39.488548,10.992367,286,3,329
91100,continuous_motion,-0.232666,0.380127,0.957031,43.801,9.946565,-27.152672,7.633588,286,3,329
91120,continuous_motion,-0.235596,0.363525,0.935059,43.806,7.534351,-21.786259,5.473282,286,3,329
91140,continuous_motion,-0.240967,0.374512,0.942139,43.795,7.885496,-20.183207,4.854962,281,-8,334
91160,continuous_motion,-0.238525,0.361084,0.928711,43.851,9.244275,-19.748091,4.580153,281,-8,334
91180,continuous_motion,-0.241699,0.369629,0.923096,43.824,11.801527,-20.961832,4.664122,281,-8,334
91201,continuous_motion,-0.236328,0.382813,0.917480,43.815,13.549619,-23.618320,5.030534,281,-8,334
91220,continuous_motion,-0.243408,0.394531,0.898193,43.839,15.595420,-27.267176,3.312977,276,-18,341
91241,continuous_motion,-0.224365,0.396729,0.935059,43.824,18.083969,-29.473282,1.839695,276,-18,341
91260,continuous_motion,-0.194824,0.395020,0.964355,43.818,17.809160,-27.923664,1.480916,276,-18,341
91280,continuous_motion,-0.174072,0.403564,0.987549,43.818,15.633588,-22.053434,1.625954,269,-31,345
91300,continuous_motion,-0.149170,0.416016,1.011963,43.815,10.435115,-12.496183,2.603053,269,-31,345
91320,continuous_motion,-0.142822,0.413818,1.010254,43.795,2.274809,-0.099237,4.030534,269,-31,345
91340,continuous_motion,-0.156006,0.407227,0.992676,43.806,-5.564886,11.106871,5.145038,264,-32,348
91361,continuous_motion,-0.164307,0.404541,0.977539,43.798,-10.167939,20.030535,5.870229,264,-32,348
91380,continuous_motion,-0.183594,0.400391,0.941650,43.783,-12.748092,25.419847,6.267176,264,-32,348
91400,continuous_motion,-0.208496,0.398682,0.908447,43.786,-12.641221,26.374046,5.839694,264,-32,348
91420,continuous_motion,-0.229492,0.396729,0.885010,43.798,-11.351145,24.167938,4.290076,269,-21,343
91440,continuous_motion,-0.243896,0.388428,0.860352,43.821,-8.847328,18.824427,2.305344,269,-21,343
91460,continuous_motion,-0.248535,0.372559,0.867188,43.806,-4.847328,10.343512,1.076336,269,-21,343
91480,continuous_motion,-0.247803,0.386230,0.871582,43.804,-1.290076,3.198473,-0.343511,273,-13,339
91500,continuous_motion,-0.234863,0.379883,0.888672,43.795,1.702290,-2.007634,-1.923664,273,-13,339
91520,continuous_motion,-0.221680,0.386963,0.917969,43.821,2.778626,-3.885496,-1.625954,273,-13,339
91540,continuous_motion,-0.214355,0.392822,0.943359,43.786,0.473282,-2.251908,-1.198473,273,-14,341
91560,continuous_motion,-0.198242,0.387451,0.953125,43.768,-4.190840,1.694656,-0.816794,273,-14,341
91580,continuous_motion,-0.206543,0.381592,0.952881,43.827,-7.816794,6.251908,-0.251908,273,-14,341
91600,continuous_motion,-0.210449,0.364746,0.942871,43.812,-8.709924,10.106871,0.145038,273,-14,341
91620,continuous_motion,-0.224365,0.362549,0.925049,43.818,-8.404580,11.893129,0.511450,275,-12,338
91640,continuous_motion,-0.238281,0.360352,0.907227,43.827,-6.450382,10.312977,0.778626,275,-12,338
91660,continuous_motion,-0.245850,0.352539,0.898438,43.818,-1.870229,5.954198,0.511450,275,-12,338
91680,continuous_motion,-0.248047,0.364502,0.897461,43.795,2.641221,0.183206,-0.572519,277,-9,337
91700,continuous_motion,-0.244385,0.384521,0.901611,43.842,6.564886,-4.251908,-1.748092,277,-9,337
91720,continuous_motion,-0.242676,0.385010,0.907471,43.789,7.534351,-6.839694,-3.282443,277,-9,337
91740,continuous_motion,-0.250488,0.371582,0.895264,43.801,8.870229,-9.541985,-4.106870,275,-12,339
91760,continuous_motion,-0.249268,0.364014,0.889893,43.801,11.916031,-14.381680,-3.885496,275,-12,339
91781,continuous_motion,-0.254639,0.371338,0.881592,43.804,16.305344,-20.282442,-3.412214,275,-12,339
91800,continuous_motion,-0.241943,0.375977,0.860596,43.821,21.274809,-28.068703,-3.351145,275,-12,339
91820,continuous_motion,-0.259521,0.380371,0.823242,43.801,28.770992,-39.923664,-4.328244,269,-23,344
91840,continuous_motion,-0.254395,0.375732,0.798340,43.783,39.847328,-57.282444,-6.297710,269,-23,344
91860,continuous_motion,-0.199951,0.396240,0.818115,43.812,51.251907,-72.755722,-6.297710,269,-23,344
91880,continuous_motion,-0.139404,0.430176,0.871582,43.818,55.099236,-80.351143,-4.297710,249,-54,357
91900,continuous_motion,-0.088135,0.463135,0.906006,43.812,52.603054,-79.236641,-1.534351,249,-54,357
91920,continuous_motion,-0.057617,0.486572,0.931641,43.827,44.190838,-71.458015,0.022901,249,-54,357
91940,continuous_motion,-0.047607,0.493164,0.931152,43.789,35.396946,-61.816795,1.068702,249,-54,357
91960,continuous_motion,-0.021484,0.502686,0.937744,43.783,28.519083,-51.694656,1.549618,229,-89,369
91980,continuous_motion,-0.009521,0.512695,0.934814,43.812,21.870230,-40.809162,1.763359,229,-89,369
92000,continuous_motion,-0.014648,0.524902,0.925781,43.792,15.274809,-30.519083,1.053435,229,-89,369
92020,continuous_motion,-0.010498,0.509033,0.901367,43.812,7.770992,-22.419847,1.328244,220,-109,372
92040,continuous_motion,-0.010498,0.503418,0.894043,43.812,3.083969,-18.045801,2.480916,220,-109,372
92060,continuous_motion,-0.020264,0.513916,0.882080,43.815,1.335878,-15.877863,3.503817,220,-109,372
92080,continuous_motion,-0.013916,0.514648,0.881104,43.795,0.870229,-15.709924,2.648855,219,-117,372
92100,continuous_motion,-0.009033,0.513184,0.864014,43.812,1.366412,-17.969465,1.290076,219,-117,372
92120,continuous_motion,-0.011230,0.510254,0.867676,43.809,4.450382,-21.458015,-0.755725,219,-117,372
92140,continuous_motion,0.006348,0.519775,0.877441,43.818,7.740458,-24.015266,-2.015267,219,-117,372
92160,continuous_motion,0.020020,0.511719,0.875000,43.821,8.916031,-25.129770,-1.938931,217,-129,372
92180,continuous_motion,0.025146,0.508545,0.872314,43.780,9.122137,-26.419847,-1.839695,217,-129,372
92200,continuous_motion,0.029053,0.508301,0.873047,43.798,12.083969,-29.015266,-1.648855,217,-129,372
92221,continuous_motion,0.046387,0.525391,0.882080,43.806,15.694656,-30.343512,-2.778626,210,-141,370
92240,continuous_motion,0.053223,0.530029,0.868408,43.804,17.893129,-30.068703,-3.435115,210,-141,370
92260,continuous_motion,0.057373,0.520264,0.858398,43.786,18.267176,-29.908398,-2.473282,210,-141,370
92281,continuous_motion,0.068115,0.540283,0.853760,43.795,19.648855,-30.778625,-0.282443,204,-158,372
92300,continuous_motion,0.104492,0.567139,0.900146,43.809,17.458015,-28.122137,0.854962,204,-158,372
92320,continuous_motion,0.109375,0.583008,0.905762,43.798,11.045801,-21.389313,0.458015,204,-158,372
92340,continuous_motion,0.114014,0.568115,0.883301,43.812,6.473282,-16.748091,-0.297710,204,-158,372
92360,continuous_motion,0.131836,0.569580,0.909180,43.809,3.755725,-13.274809,-0.526718,199,-169,374
92380,continuous_motion,0.141113,0.585693,0.924561,43.821,-1.290076,-5.946565,-1.305344,199,-169,374
92400,continuous_motion,0.135010,0.565186,0.926270,43.809,-6.755725,2.793893,-1.557252,199,-169,374
92420,continuous_motion,0.131104,0.558838,0.927490,43.818,-11.503817,11.374045,-0.251908,198,-172,369
92440,continuous_motion,0.134033,0.568115,0.938721,43.795,-17.450382,20.809160,1.396947,198,-172,369
92460,continuous_motion,0.123047,0.569580,0.941895,43.833,-26.145039,33.183205,1.938931,198,-172,369
92480,continuous_motion,0.101074,0.546875,0.933350,43.815,-32.541985,43.541985,2.351145,211,-158,369
92501,continuous_motion,0.062012,0.524170,0.891113,43.806,-36.076336,50.954197,3.152672,211,-158,369
92520,continuous_motion,0.030762,0.496094,0.867188,43.854,-35.748093,51.175571,4.068702,211,-158,369
92540,continuous_motion,-0.001709,0.482910,0.852783,43.821,-32.351147,46.091602,3.824427,211,-158,369
92561,continuous_motion,-0.036865,0.457764,0.820068,43.821,-23.870230,34.503819,1.984733,227,-134,367
92580,continuous_motion,-0.045410,0.441406,0.822998,43.806,-13.580153,20.877863,0.587786,227,-134,367
92600,continuous_motion,-0.032471,0.450195,0.834961,43.789,-4.564886,7.068702,0.526718,227,-134,367
92620,continuous_motion,-0.021240,0.467529,0.866943,43.795,1.725191,-2.847328,-0.114504,231,-125,365
92640,continuous_motion,0.006592,0.473389,0.916748,43.806,3.229008,-6.824428,-0.809160,231,-125,365
92660,continuous_motion,0.025879,0.476563,0.942383,43.839,1.541985,-3.717557,-0.129771,231,-125,365
92680,continuous_motion,0.028076,0.478271,0.943115,43.818,-1.381679,2.167939,1.572519,231,-128,364
92700,continuous_motion,0.036377,0.481445,0.933594,43.806,-5.381680,8.885496,3.396947,231,-128,364
92720,continuous_motion,0.031982,0.491699,0.929932,43.792,-8.664123,13.595420,4.442748,231,-128,364
92740,continuous_motion,0.012695,0.475342,0.906738,43.812,-10.931297,17.183207,4.473282,231,-128,364
92760,continuous_motion,-0.001221,0.477295,0.885254,43.815,-10.900764,17.106871,4.274809,234,-122,366
92780,continuous_motion,-0.008057,0.475830,0.875488,43.792,-9.221375,13.885496,3.473282,234,-122,366
92801,continuous_motion,-0.012451,0.473877,0.877686,43.804,-5.916030,8.786260,1.969466,234,-122,366
92820,continuous_motion,-0.010010,0.476563,0.882813,43.806,-3.099237,4.137404,-0.167939,239,-115,362
92840,continuous_motion,-0.006348,0.473145,0.893311,43.812,-1.221374,0.458015,-2.061069,239,-115,362
92861,continuous_motion,-0.003174,0.469971,0.904053,43.806,-0.809160,-1.389313,-3.244275,239,-115,362
92880,continuous_motion,0.003418,0.466553,0.917725,43.806,-1.977099,-0.847328,-2.931298,239,-115,362
92900,continuous_motion,-0.000732,0.465820,0.927979,43.839,-4.847328,1.519084,-2.404580,239,-116,362
92920,continuous_motion,-0.001221,0.461670,0.930908,43.806,-6.717557,4.312977,-2.038168,239,-116,362
92940,continuous_motion,-0.008301,0.446777,0.922607,43.839,-7.343512,6.595420,-1.458015,239,-116,362
92960,continuous_motion,-0.013184,0.455078,0.927979,43.804,-6.389313,7.328244,-0.992366,242,-115,361
92980,continuous_motion,-0.015381,0.447266,0.919922,43.821,-6.748092,7.526718,-0.763359,242,-115,361
93000,continuous_motion,-0.025146,0.442383,0.918213,43.815,-5.992366,7.236641,-0.526718,242,-115,361
93020,continuous_motion,-0.028564,0.445313,0.911865,43.806,-5.000000,6.068702,-0.534351,245,-112,360
93040,continuous_motion,-0.038574,0.437744,0.906494,43.833,-3.557252,3.832061,-1.007634,245,-112,360
93060,continuous_motion,-0.032227,0.427734,0.907715,43.812,-1.633588,0.465649,-1.122137,245,-112,360
93080,continuous_motion,-0.022461,0.438477,0.920166,43.818,0.221374,-1.541985,-0.534351,245,-112,360
93100,continuous_motion,-0.015381,0.447266,0.934326,43.821,0.236641,-1.335878,-0.923664,246,-112,361
93121,continuous_motion,-0.019775,0.446533,0.939453,43.821,-1.091603,0.427481,-1.015267,246,-112,361
93140,continuous_motion,-0.018311,0.433594,0.930908,43.854,-2.122137,2.137405,-0.396947,246,-112,361
93160,continuous_motion,-0.019775,0.442871,0.928711,43.801,-2.709924,3.702290,0.725191,247,-110,359
93180,continuous_motion,-0.017090,0.449219,0.940186,43.827,-3.755725,5.122138,1.549618,247,-110,359
93200,continuous_motion,-0.020508,0.447510,0.935303,43.815,-4.694656,7.175572,1.427481,247,-110,359
93220,continuous_motion,-0.027100,0.440430,0.919434,43.801,-4.290076,7.793893,0.916031,249,-109,358
93240,continuous_motion,-0.033691,0.428955,0.916504,43.830,-3.671756,7.160306,0.648855,249,-109,358
93260,continuous_motion,-0.039795,0.428467,0.909424,43.821,-2.908397,5.427481,1.045802,249,-109,358
93280,continuous_motion,-0.036133,0.427246,0.909668,43.839,-1.557252,3.030534,1.419847,249,-109,358
93300,continuous_motion,-0.036377,0.436279,0.917725,43.809,-0.068702,1.122137,1.099237,251,-107,359
93320,continuous_motion,-0.024902,0.431152,0.920410,43.806,0.862595,-0.267176,0.725191,251,-107,359
93340,continuous_motion,-0.026367,0.439697,0.917480,43.809,1.145038,-0.129771,0.893130,251,-107,359
93360,continuous_motion,-0.022217,0.439453,0.922119,43.833,0.183206,0.366412,1.305344,249,-106,357
93381,continuous_motion,-0.026855,0.438232,0.921143,43.795,-1.229008,1.053435,1.473282,249,-106,357
93400,continuous_motion,-0.026611,0.437012,0.919434,43.821,-1.618321,1.198473,1.770992,249,-106,357
93420,continuous_motion,-0.026855,0.437256,0.922363,43.809,-0.900763,0.801527,1.183206,250,-107,357
93441,continuous_motion,-0.023193,0.433838,0.928223,43.821,-0.251908,0.572519,0.412214,250,-107,357
93460,continuous_motion,-0.021240,0.437012,0.921875,43.818,0.022901,0.595420,0.496183,250,-107,357
93480,continuous_motion,-0.020264,0.438232,0.931885,43.821,-0.343511,0.519084,0.534351,250,-107,357
93500,continuous_motion,-0.020996,0.432861,0.930664,43.836,-0.656489,0.793893,0.442748,252,-107,359
93520,continuous_motion,-0.024902,0.431641,0.926025,43.836,-0.541985,1.427481,0.580153,252,-107,359
93540,continuous_motion,-0.025391,0.436768,0.921387,43.812,-0.450382,1.099237,0.175573,252,-107,359
93560,continuous_motion,-0.026611,0.433838,0.917480,43.818,-0.114504,0.541985,-0.068702,251,-107,358
93580,continuous_motion,-0.019287,0.438477,0.933838,43.821,-0.267176,0.190840,-0.335878,251,-107,358
93600,continuous_motion,-0.021484,0.436768,0.928955,43.842,-0.076336,0.366412,-0.885496,251,-107,358
93620,continuous_motion,-0.020508,0.431885,0.928223,43.792,0.000000,0.549618,-0.671756,252,-107,357
93640,continuous_motion,-0.025146,0.427979,0.925049,43.815,-0.122137,0.687023,-0.114504,252,-107,357
93660,continuous_motion,-0.027344,0.435059,0.925293,43.777,-0.381679,0.671756,0.137405,252,-107,357
93680,continuous_motion,-0.029053,0.431641,0.926514,43.839,-0.320611,0.702290,0.000000,252,-107,357
93701,continuous_motion,-0.021973,0.436279,0.929443,43.798,-0.198473,0.931298,0.007634,252,-107,358
93720,continuous_motion,-0.019043,0.438965,0.926025,43.818,-1.290076,2.030534,0.244275,252,-107,358
93740,continuous_motion,-0.028076,0.441162,0.930908,43.836,-2.679389,3.656489,-0.129771,252,-107,358
93761,continuous_motion,-0.024170,0.424561,0.923096,43.795,-3.244275,4.900764,-0.053435,252,-106,357
93780,continuous_motion,-0.028076,0.425781,0.920410,43.806,-2.847328,5.320611,0.290076,252,-106,357
93800,continuous_motion,-0.032471,0.428711,0.917480,43.789,-3.610687,5.320611,0.091603,252,-106,357
93820,continuous_motion,-0.034912,0.429932,0.913574,43.804,-4.740458,5.282443,-0.091603,252,-106,357
93840,continuous_motion,-0.035889,0.426025,0.924805,43.830,-5.465649,4.618320,-0.083969,253,-105,358
93860,continuous_motion,-0.035400,0.422607,0.922119,43.827,-4.557252,4.206107,0.038168,253,-105,358
93880,continuous_motion,-0.040039,0.427490,0.919189,43.812,-3.328244,3.412214,0.045802,253,-105,358
93900,continuous_motion,-0.035889,0.425049,0.915283,43.804,-2.633588,1.824428,0.374046,257,-103,355
93920,continuous_motion,-0.041504,0.427002,0.924072,43.818,-1.908397,0.381679,-0.083969,257,-103,355
93940,continuous_motion,-0.035400,0.427734,0.920410,43.827,-1.770992,-0.534351,-0.740458,257,-103,355
93960,continuous_motion,-0.032715,0.426270,0.931396,43.806,-1.984733,-0.435114,-1.412214,256,-104,355
93980,continuous_motion,-0.031006,0.422607,0.934570,43.824,-2.679389,0.610687,-1.580153,256,-104,355
94000,continuous_motion,-0.031738,0.420410,0.941650,43.848,-3.969466,2.297710,-1.473282,256,-104,355
94020,continuous_motion,-0.033203,0.413818,0.944824,43.795,-5.656488,4.671756,-1.160305,256,-104,355
94040,continuous_motion,-0.031006,0.415283,0.947754,43.801,-7.732824,7.267176,-1.343511,260,-103,356
94060,continuous_motion,-0.019043,0.429932,0.951416,43.809,-9.381680,11.038168,-1.137405,260,-103,356
94081,continuous_motion,-0.023193,0.440918,0.965332,43.804,-14.473283,16.725191,-2.419847,260,-103,356
94100,continuous_motion,-0.026367,0.419922,0.955566,43.815,-20.419847,21.748091,-3.000000,263,-98,351
94120,continuous_motion,-0.029785,0.410156,0.964111,43.801,-24.854961,25.190840,-2.389313,263,-98,351
94140,continuous_motion,-0.028809,0.426514,0.992920,43.795,-26.870230,29.435114,-2.938931,263,-98,351
94160,continuous_motion,-0.038818,0.409180,0.998047,43.804,-30.145039,35.114502,-4.824428,276,-86,345
94180,continuous_motion,-0.045654,0.386475,0.994629,43.818,-32.748093,39.320610,-5.595420,276,-86,345
94200,continuous_motion,-0.058105,0.393555,0.994873,43.812,-35.175571,44.435116,-5.717557,276,-86,345
94220,continuous_motion,-0.084717,0.407471,1.007813,43.806,-38.061069,49.519085,-7.641222,276,-86,345
94240,continuous_motion,-0.033936,0.429443,1.068848,43.798,-46.648853,63.083969,-10.297709,290,-68,336
94260,continuous_motion,-0.052979,0.439453,1.075928,43.836,-70.335876,88.801529,-11.435115,290,-68,336
94280,continuous_motion,-0.096436,0.384033,1.010742,43.818,-91.793892,112.885498,-13.572519,290,-68,336
94300,continuous_motion,-0.198975,0.329590,0.931885,43.812,-102.160309,126.114502,-18.587786,322,-31,311
94320,continuous_motion,-0.256348,0.277832,0.939941,43.812,-106.503815,132.083969,-25.160305,322,-31,311
94340,continuous_motion,-0.301270,0.179443,0.896973,43.830,-112.038170,137.557251,-28.793894,322,-31,311
94360,continuous_motion,-0.358398,0.074463,0.889648,43.809,-110.763359,136.687027,-25.969465,366,14,263
94381,continuous_motion,-0.392578,0.039551,0.900146,43.824,-106.748093,135.893127,-20.534351,366,14,263
94400,continuous_motion,-0.459717,0.029297,0.860352,43.806,-103.015266,138.167938,-15.541985,366,14,263
94420,continuous_motion,-0.534912,-0.041504,0.779297,43.798,-99.770996,134.251907,-12.763359,366,14,263
94440,continuous_motion,-0.568359,-0.075195,0.719727,43.862,-89.244278,120.961830,-7.519084,399,50,204
94460,continuous_motion,-0.629395,-0.085205,0.708252,43.833,-73.595421,104.251907,-3.244275,399,50,204
94480,continuous_motion,-0.637695,-0.107422,0.689453,43.842,-60.137405,87.427483,-2.809160,399,50,204
94500,continuous_motion,-0.653320,-0.105713,0.735596,43.812,-49.068703,73.580154,-3.702290,415,74,160
94520,continuous_motion,-0.669922,-0.114746,0.721680,43.830,-37.824429,60.129772,-4.167939,415,74,160
94540,continuous_motion,-0.676270,-0.110840,0.726563,43.836,-31.595419,48.740459,-3.923664,415,74,160
94560,continuous_motion,-0.671875,-0.112793,0.727295,43.777,-27.961832,41.190838,-3.709924,424,83,136
94580,continuous_motion,-0.685059,-0.125977,0.722412,43.827,-23.763359,35.969467,-3.648855,424,83,136
94600,continuous_motion,-0.672119,-0.128906,0.738770,43.818,-19.702290,33.122139,-2.732824,424,83,136
94620,continuous_motion,-0.679443,-0.113037,0.736572,43.812,-21.320610,33.236641,-1.091603,424,83,136
94640,continuous_motion,-0.696777,-0.119629,0.741943,43.830,-25.885496,35.305344,-0.946565,428,88,118
94660,continuous_motion,-0.713135,-0.146484,0.717285,43.792,-27.732824,37.854961,-1.511450,428,88,118
94680,continuous_motion,-0.757813,-0.169678,0.664551,43.809,-26.076336,37.229008,-0.862595,428,88,118
94700,continuous_motion,-0.820313,-0.212891,0.580078,43.842,-20.977098,27.748091,1.015267,432,94,99
94720,continuous_motion,-0.861816,-0.269043,0.529053,43.812,-4.702290,3.740458,3.152672,432,94,99
94740,continuous_motion,-0.838379,-0.239746,0.561523,43.827,19.832062,-25.274809,6.183206,432,94,99
94760,continuous_motion,-0.801514,-0.191895,0.610840,43.804,37.748093,-48.946564,7.068702,431,94,109
94780,continuous_motion,-0.758545,-0.157959,0.650391,43.827,49.427483,-64.992363,6.534351,431,94,109
94800,continuous_motion,-0.734619,-0.139160,0.688721,43.801,57.732826,-76.641220,5.870229,431,94,109
94820,continuous_motion,-0.685547,-0.114990,0.784180,43.798,63.641220,-80.564888,6.977099,431,94,109
94840,continuous_motion,-0.637207,-0.126953,0.813477,43.812,61.870228,-78.091606,10.633588,418,82,149
94860,continuous_motion,-0.646240,-0.135986,0.752441,43.806,61.412212,-79.122139,14.038168,418,82,149
94880,continuous_motion,-0.633789,-0.104248,0.753418,43.789,68.603050,-87.068703,17.664122,418,82,149
94900,continuous_motion,-0.586670,-0.062744,0.783447,43.806,74.488548,-95.694656,21.183207,400,69,191
94921,continuous_motion,-0.515625,-0.032471,0.831543,43.801,77.381676,-100.496185,24.083969,400,69,191
94940,continuous_motion,-0.464844,0.025146,0.875977,43.809,77.145035,-97.809158,25.984734,400,69,191
94960,continuous_motion,-0.417480,0.074219,0.924561,43.815,72.068703,-88.282440,27.969465,400,69,191
94980,continuous_motion,-0.381104,0.109619,0.943848,43.789,63.404579,-74.267174,30.702290,374,49,237
95000,continuous_motion,-0.377441,0.136963,0.932617,43.762,52.068703,-60.595421,33.809162,374,49,237
95020,continuous_motion,-0.366699,0.177002,0.921143,43.809,40.267174,-50.145039,35.305344,374,49,237
95040,continuous_motion,-0.387207,0.185547,0.897949,43.809,32.389313,-45.152672,34.068703,351,39,266
95060,continuous_motion,-0.390137,0.174805,0.869141,43.815,32.656490,-46.740459,31.709923,351,39,266
95080,continuous_motion,-0.369873,0.194824,0.875732,43.786,38.595421,-53.221375,30.061069,351,39,266
95100,continuous_motion,-0.333496,0.224365,0.917969,43.827,41.832062,-57.541985,30.160305,333,30,285
95120,continuous_motion,-0.311035,0.245361,0.933838,43.806,41.992367,-58.877861,28.793894,333,30,285
95140,continuous_motion,-0.287598,0.272217,0.947266,43.815,43.312977,-59.557251,27.854961,333,30,285
95160,continuous_motion,-0.247070,0.288330,0.962402,43.818,43.656490,-58.977100,27.595419,333,30,285
95180,continuous_motion,-0.218262,0.325195,0.992188,43.801,40.557251,-55.259541,27.496183,310,14,308
95200,continuous_motion,-0.187744,0.350830,1.015625,43.783,35.908398,-47.374046,26.664122,310,14,308
95220,continuous_motion,-0.172363,0.362305,1.028564,43.821,29.106871,-36.763359,23.564886,310,14,308
95240,continuous_motion,-0.176758,0.344238,1.009033,43.824,23.801527,-27.160305,20.061069,293,1,322
95260,continuous_motion,-0.162842,0.334229,0.996582,43.836,21.519083,-20.290077,18.954199,293,1,322
95280,continuous_motion,-0.157715,0.343506,0.991943,43.804,17.969465,-13.809160,19.641222,293,1,322
95300,continuous_motion,-0.177734,0.352539,0.981934,43.830,13.381680,-8.435115,19.061069,282,-1,328
95320,continuous_motion,-0.197266,0.324707,0.937012,43.821,12.083969,-5.977099,18.282442,282,-1,328
95340,continuous_motion,-0.193359,0.321289,0.927246,43.783,14.572519,-8.068703,18.305344,282,-1,328
95360,continuous_motion,-0.184814,0.326172,0.926270,43.824,16.221375,-11.076336,18.969465,282,-1,328
95380,continuous_motion,-0.194580,0.358643,0.916016,43.815,18.076336,-12.526717,18.984734,272,-2,334
95400,continuous_motion,-0.199219,0.361816,0.916504,43.789,19.900763,-14.694656,17.190840,272,-2,334
95420,continuous_motion,-0.179932,0.344482,0.930176,43.806,20.450382,-16.122137,15.992367,272,-2,334
95441,continuous_motion,-0.165283,0.346924,0.958740,43.806,19.534351,-14.625955,16.992367,262,-5,342
95460,continuous_motion,-0.169434,0.352051,0.957031,43.824,16.251909,-10.587787,18.488550,262,-5,342
95481,continuous_motion,-0.173828,0.355713,0.947754,43.792,12.603053,-5.778626,21.396946,262,-5,342
95500,continuous_motion,-0.159424,0.362061,0.946045,43.795,9.412213,-2.251908,24.717558,253,-3,343
95520,continuous_motion,-0.166504,0.366455,0.920898,43.809,5.763359,0.786260,28.671755,253,-3,343
95540,continuous_motion,-0.185791,0.369385,0.900635,43.845,5.824428,-1.083969,31.763359,253,-3,343
95560,continuous_motion,-0.150146,0.358887,0.891357,43.804,9.053435,-6.061069,34.221375,253,-3,343
95580,continuous_motion,-0.104980,0.372559,0.912842,43.798,13.442748,-9.335877,39.229008,244,1,347
95600,continuous_motion,-0.079834,0.412109,0.919922,43.798,14.221375,-10.114504,42.076336,244,1,347
95620,continuous_motion,-0.066162,0.463135,0.935303,43.809,11.725191,-8.938931,41.839695,244,1,347
95640,continuous_motion,-0.025391,0.468262,0.957275,43.809,4.320611,-4.351145,39.244274,230,5,351
95660,continuous_motion,-0.041016,0.447021,0.907471,43.812,-1.816794,-1.244275,36.893131,230,5,351
95680,continuous_motion,-0.065674,0.417480,0.874756,43.815,2.427481,-7.206107,34.572517,230,5,351
95700,continuous_motion,-0.036865,0.432129,0.891113,43.809,13.854961,-16.770992,33.290077,219,8,353
95720,continuous_motion,-0.016602,0.473633,0.912354,43.827,21.809160,-22.396946,30.885496,219,8,353
95740,continuous_motion,-0.003174,0.472412,0.915283,43.795,23.641222,-23.870230,29.290077,219,8,353
95760,continuous_motion,0.029053,0.472656,0.929199,43.801,23.183207,-23.885496,30.152672,219,8,353
95781,continuous_motion,0.064941,0.515869,0.942871,43.792,20.465649,-21.198473,31.351145,204,2,360
95800,continuous_motion,0.055664,0.555908,0.962402,43.789,14.625955,-12.679389,28.244274,204,2,360
95820,continuous_motion,0.020996,0.533203,0.916748,43.845,7.809160,-7.053435,23.732824,204,2,360
95841,continuous_motion,0.005615,0.465820,0.883789,43.777,7.435114,-8.801527,20.114504,193,1,363
95860,continuous_motion,0.020508,0.449951,0.896484,43.809,10.564885,-13.160305,21.320610,193,1,363
95880,continuous_motion,0.035156,0.455078,0.911133,43.827,13.076336,-14.122137,22.458015,193,1,363
95900,continuous_motion,0.032227,0.473877,0.886719,43.821,14.396947,-14.122137,23.068703,193,1,363
95920,continuous_motion,0.086182,0.486084,0.905273,43.809,14.374045,-15.671756,25.137405,185,-3,367
95940,continuous_motion,0.154785,0.571533,0.911377,43.789,14.480916,-15.183207,24.312977,185,-3,367
95960,continuous_motion,0.192139,0.631836,0.924072,43.792,20.221375,-14.244275,12.740458,185,-3,367
95980,continuous_motion,0.124512,0.585938,0.846924,43.792,23.404581,-15.053435,-0.564886,172,-5,369
96000,continuous_motion,0.092285,0.545654,0.931885,43.783,28.511450,-21.435114,-11.541985,172,-5,369
96020,continuous_motion,0.123535,0.518066,0.948242,43.830,16.114504,-10.419847,-8.671756,172,-5,369
96040,continuous_motion,0.163330,0.508789,0.777832,43.821,1.870229,4.938931,-2.625954,161,-10,370
96060,continuous_motion,0.080078,0.511963,0.834473,43.818,14.541985,1.022901,-4.167939,161,-10,370
96080,continuous_motion,0.047119,0.424316,0.808838,43.798,17.396946,-6.030534,-0.687023,161,-10,370
96100,continuous_motion,0.055908,0.510742,0.817627,43.818,15.656488,-14.770992,6.900764,161,-10,370
96120,continuous_motion,0.080322,0.539307,0.873779,43.815,15.274809,-19.816793,6.145038,156,-13,374
96140,continuous_motion,0.101074,0.547119,0.890381,43.792,16.839695,-17.656488,4.931298,156,-13,374
96160,continuous_motion,0.100586,0.559814,0.865234,43.777,18.198473,-12.786260,4.450382,156,-13,374
96180,continuous_motion,0.096680,0.548096,0.862061,43.821,18.694656,-8.587787,7.290076,145,-18,376
96200,continuous_motion,0.138672,0.532715,0.851807,43.786,17.877863,-3.564885,9.175572,145,-18,376
96220,continuous_motion,0.115723,0.580811,0.813965,43.818,15.564885,-0.938931,5.801527,145,-18,376
96240,continuous_motion,0.027588,0.623779,0.838135,43.830,6.549618,-6.091603,8.969465,133,-17,375
96261,continuous_motion,0.027100,0.613525,0.801025,43.818,-5.519084,-12.992367,11.267176,133,-17,375
96280,continuous_motion,0.035156,0.578857,0.767578,43.821,-12.557252,-18.809160,11.236641,133,-17,375
96300,continuous_motion,0.146484,0.554688,0.872559,43.812,-18.045801,-24.603054,15.412213,133,-17,375
96321,continuous_motion,0.172607,0.511719,0.874023,43.824,-18.083969,-14.900764,20.511450,136,-24,377
96340,continuous_motion,0.169922,0.494873,0.870605,43.818,-7.900764,-5.648855,23.702290,136,-24,377
96361,continuous_motion,0.098633,0.607422,0.901123,43.783,0.877863,-1.053435,27.183207,136,-24,377
96380,continuous_motion,0.126221,0.598145,0.884277,43.795,-7.083970,-11.106871,26.625954,134,-23,379
96400,continuous_motion,0.134521,0.580566,0.878418,43.824,-16.114504,-18.954199,24.885496,134,-23,379
96420,continuous_motion,0.180664,0.539551,0.905273,43.795,-18.473282,-24.816793,21.664122,134,-23,379
96440,continuous_motion,0.211426,0.513672,0.900146,43.806,-17.610687,-22.564886,21.404581,137,-27,380
96460,continuous_motion,0.211670,0.472168,0.889648,43.798,-15.114504,-16.213741,21.045801,137,-27,380
96480,continuous_motion,0.225342,0.455811,0.886963,43.821,-8.122137,-11.893129,20.328245,137,-27,380
96500,continuous_motion,0.249268,0.475342,0.885742,43.801,0.045802,-5.374046,16.297710,137,-27,380
96520,continuous_motion,0.232422,0.505615,0.856201,43.827,0.786260,0.236641,10.328244,137,-29,383
96541,continuous_motion,0.243652,0.479736,0.837891,43.812,-2.564885,0.816794,3.312977,137,-29,383
96560,continuous_motion,0.261475,0.489014,0.841309,43.809,-5.274809,3.641221,1.679389,137,-29,383
96580,continuous_motion,0.277588,0.491211,0.835449,43.804,-7.778626,10.473283,1.595420,135,-23,384
96600,continuous_motion,0.287598,0.484131,0.830811,43.806,-9.503817,22.511450,0.664122,135,-23,384
96620,continuous_motion,0.229248,0.487549,0.819824,43.824,-8.641221,30.908398,-0.877863,135,-23,384
96640,continuous_motion,0.207764,0.519531,0.819092,43.798,-12.473283,36.412212,-5.435114,140,-9,382
96660,continuous_motion,0.181396,0.478271,0.820557,43.815,-16.587786,33.824429,-4.992366,140,-9,382
96680,continuous_motion,0.183594,0.458496,0.843994,43.806,-17.793894,30.412214,-1.343511,140,-9,382
96700,continuous_motion,0.176270,0.457764,0.854736,43.815,-16.030535,32.839695,-0.259542,140,-9,382
96720,continuous_motion,0.178955,0.468994,0.852783,43.804,-14.900764,36.137405,-1.076336,146,8,378
96740,continuous_motion,0.177002,0.490234,0.888428,43.824,-16.832062,41.900764,-2.778626,146,8,378
96760,continuous_motion,0.126221,0.421875,0.850098,43.798,-16.992367,43.709923,-2.587786,146,8,378
96780,continuous_motion,0.126465,0.428223,0.857910,43.774,-13.328244,41.519085,0.961832,152,29,371
96800,continuous_motion,0.138184,0.466797,0.857666,43.806,-15.694656,43.694656,3.083969,152,29,371
96820,continuous_motion,0.137695,0.510742,0.878906,43.798,-24.053434,50.152672,0.496183,152,29,371
96840,continuous_motion,0.097412,0.454102,0.874756,43.789,-30.114504,49.351147,-1.503817,152,53,366
96860,continuous_motion,0.064453,0.447510,0.909912,43.830,-34.427483,42.610687,-0.145038,163,53,366
96880,continuous_motion,0.046387,0.407715,0.914551,43.809,-37.358780,35.267174,0.480916,163,53,366
96900,continuous_motion,0.057861,0.374756,0.941650,43.812,-36.519085,30.572519,3.022901,163,53,366
96920,continuous_motion,0.049805,0.358398,0.980957,43.798,-32.992367,33.770992,4.083970,180,70,356
96940,continuous_motion,0.024658,0.344971,0.981689,43.821,-28.664122,39.610687,2.900763,180,70,356
96960,continuous_motion,0.019775,0.336426,0.980225,43.804,-22.358778,41.053436,2.404580,180,70,356
96980,continuous_motion,0.000732,0.334229,0.977539,43.824,-16.480917,40.465649,1.961832,190,89,345
97000,continuous_motion,-0.025879,0.322510,0.966553,43.827,-11.732824,37.236641,0.648855,190,89,345
97020,continuous_motion,-0.026855,0.332275,0.960449,43.789,-8.351145,32.519085,-2.381679,190,89,345
97040,continuous_motion,-0.003174,0.356934,0.959717,43.812,-7.183206,32.488548,-4.419847,190,89,345
97061,continuous_motion,-0.024902,0.351074,0.952393,43.806,-8.893129,34.526718,-5.282443,195,103,338
97080,continuous_motion,-0.052002,0.332031,0.949707,43.804,-11.320611,34.351147,-5.366412,195,103,338
97100,continuous_motion,-0.059814,0.312012,0.929199,43.809,-11.923664,31.549618,-1.206107,195,103,338
97120,continuous_motion,-0.050537,0.337646,0.932861,43.809,-14.358779,29.442749,2.000000,199,118,328
97140,continuous_motion,-0.066406,0.340332,0.942871,43.809,-20.038168,27.984734,1.633588,199,118,328
97160,continuous_motion,-0.082764,0.308350,0.943604,43.815,-22.854961,26.610687,-1.160305,199,118,328
97180,continuous_motion,-0.093262,0.317871,0.937988,43.801,-24.068703,24.427481,-3.320611,208,128,317
97200,continuous_motion,-0.093506,0.307617,0.933350,43.806,-26.175573,23.129770,-9.045801,208,128,317
97220,continuous_motion,-0.088867,0.302734,0.948242,43.827,-27.267176,23.969465,-13.687023,208,128,317
97240,continuous_motion,-0.088379,0.285889,0.973389,43.812,-27.549618,27.618320,-15.564885,208,128,317
97260,continuous_motion,-0.103516,0.249512,0.999512,43.809,-25.519083,31.557251,-14.610687,221,138,308
97280,continuous_motion,-0.124756,0.244141,0.983643,43.818,-19.030535,35.175571,-13.022901,221,138,308
97300,continuous_motion,-0.157959,0.244141,0.971436,43.804,-12.732824,35.198475,-13.534351,221,138,308
97320,continuous_motion,-0.179199,0.253906,0.975098,43.824,-10.061069,33.251907,-14.717557,232,147,293
97341,continuous_motion,-0.209717,0.260742,0.979736,43.812,-13.145039,29.709923,-15.496183,232,147,293
97360,continuous_motion,-0.230469,0.253906,0.968506,43.806,-15.595420,22.931297,-15.656488,232,147,293
97380,continuous_motion,-0.238525,0.224121,0.978027,43.809,-15.351145,14.610687,-14.305344,242,152,285
97400,continuous_motion,-0.229980,0.238770,0.971191,43.839,-15.778625,5.603054,-11.824428,242,152,285
97420,continuous_motion,-0.218018,0.231689,0.989502,43.809,-17.022902,0.564886,-11.786260,242,152,285
97440,continuous_motion,-0.213379,0.218750,0.998047,43.815,-16.992367,0.435114,-12.618320,242,152,285
97460,continuous_motion,-0.208984,0.210693,1.003174,43.845,-14.160305,1.061069,-11.908397,249,151,280
97480,continuous_motion,-0.213867,0.201660,0.997559,43.812,-10.625955,0.564886,-8.870229,249,151,280
97500,continuous_motion,-0.204102,0.208984,0.997559,43.827,-6.877862,1.030534,-6.274809,249,151,280
97520,continuous_motion,-0.208252,0.224365,0.997803,43.812,-4.366412,2.488550,-5.488550,255,148,275
97540,continuous_motion,-0.215820,0.217041,0.995850,43.839,-1.656489,3.152672,-5.832061,255,148,275
97560,continuous_motion,-0.209717,0.213623,0.988281,43.818,0.022901,3.839695,-4.229008,255,148,275
97580,continuous_motion,-0.210693,0.220947,0.983154,43.804,0.328244,5.015267,-2.129771,256,149,274
97600,continuous_motion,-0.205078,0.227783,0.966553,43.818,-3.374046,3.519084,1.748092,256,149,274
97620,continuous_motion,-0.173584,0.232910,0.974365,43.824,-11.419847,0.687023,5.816794,256,149,274
97641,continuous_motion,-0.185303,0.211914,0.961426,43.815,-22.786259,-2.267176,7.244275,256,149,274
97660,continuous_motion,-0.173584,0.200439,0.959473,43.812,-28.450382,-9.709924,5.244275,257,150,270
97680,continuous_motion,-0.138184,0.221680,0.998291,43.821,-31.519083,-9.656488,-0.038168,257,150,270
97700,continuous_motion,-0.150146,0.182373,1.025146,43.848,-32.900764,-1.419847,-8.778625,257,150,270
97720,continuous_motion,-0.172607,0.141113,1.041504,43.806,-26.015266,5.404580,-11.923664,266,144,263
97740,continuous_motion,-0.178467,0.131104,1.050781,43.801,-14.793893,10.587787,-11.748092,266,144,263
97760,continuous_motion,-0.192627,0.146484,1.044189,43.759,-4.877862,14.923664,-10.587787,266,144,263
97780,continuous_motion,-0.196289,0.163818,1.038330,43.812,2.374046,19.511450,-11.641221,271,144,256
97800,continuous_motion,-0.209473,0.168945,1.032471,43.815,7.145038,23.603054,-14.435115,271,144,256
97820,continuous_motion,-0.223145,0.175293,0.997803,43.812,11.312977,23.625954,-16.442749,271,144,256
97840,continuous_motion,-0.231934,0.191895,0.972412,43.818,12.664123,20.007633,-17.068703,271,144,256
97860,continuous_motion,-0.256348,0.198242,0.961914,43.851,7.687023,15.114504,-17.122137,272,145,251
97880,continuous_motion,-0.244141,0.176270,0.962158,43.804,1.183206,9.633588,-15.511451,272,145,251
97900,continuous_motion,-0.230469,0.165039,0.951416,43.804,-1.480916,5.717557,-13.129771,272,145,251
97920,continuous_motion,-0.222900,0.164307,0.946533,43.809,-2.435115,5.312977,-12.603053,274,141,248
97940,continuous_motion,-0.233643,0.169189,0.953857,43.815,-5.137404,8.427481,-15.648855,274,141,248
97960,continuous_motion,-0.257813,0.136475,0.954590,43.824,-6.633588,10.000000,-18.832062,274,141,248
97980,continuous_motion,-0.267090,0.118408,0.954590,43.845,-5.862596,8.679389,-17.893129,274,141,248
98000,continuous_motion,-0.275391,0.117676,0.956543,43.842,-4.770992,8.290076,-17.022902,282,135,245
98020,continuous_motion,-0.282471,0.125488,0.962646,43.815,-5.099236,8.732824,-17.320610,282,135,245
98040,continuous_motion,-0.288330,0.122070,0.964844,43.798,-6.274809,9.442748,-17.267176,282,135,245
98061,continuous_motion,-0.299805,0.113037,0.966064,43.824,-7.038168,8.877863,-16.305344,288,129,240
98080,continuous_motion,-0.310791,0.114258,0.965820,43.830,-8.725191,7.335878,-15.358779,288,129,240
98101,continuous_motion,-0.305176,0.109375,0.979980,43.833,-9.610687,6.282443,-15.190840,288,129,240
98120,continuous_motion,-0.309570,0.104004,0.967285,43.804,-7.572519,5.564886,-15.129771,296,125,237
98141,continuous_motion,-0.301270,0.119629,0.973877,43.839,-5.648855,4.618320,-13.473283,296,125,237
98160,continuous_motion,-0.296631,0.128418,0.977783,43.821,-8.274809,7.129771,-12.335877,296,125,237
98180,continuous_motion,-0.298096,0.108643,0.984375,43.792,-10.618320,12.480916,-11.374045,296,125,237
98200,continuous_motion,-0.314453,0.097412,0.979980,43.824,-8.122137,14.786260,-11.396947,304,119,232
98220,continuous_motion,-0.310547,0.102783,0.977051,43.821,-4.320611,15.320611,-11.450381,304,119,232
98240,continuous_motion,-0.320801,0.094482,0.974609,43.836,-5.816794,15.916031,-10.587787,304,119,232
98260,continuous_motion,-0.322754,0.094238,0.974121,43.824,-7.053435,16.389313,-10.580153,310,118,226
98280,continuous_motion,-0.323730,0.081299,0.963623,43.848,-5.458015,13.809160,-11.587787,310,118,226
98300,continuous_motion,-0.318604,0.089844,0.970215,43.824,-5.511450,10.702291,-13.045801,310,118,226
98320,continuous_motion,-0.330811,0.087158,0.980957,43.833,-9.358779,8.664123,-15.488549,317,115,223
98340,continuous_motion,-0.336914,0.051270,0.985107,43.818,-11.038168,6.083970,-17.259542,317,115,223
98360,continuous_motion,-0.329346,0.035645,0.991943,43.806,-6.061069,1.961832,-15.717557,317,115,223
98380,continuous_motion,-0.328125,0.051025,0.980713,43.801,-2.389313,-0.564886,-14.076336,317,115,223
98400,continuous_motion,-0.333984,0.051758,0.998047,43.809,-2.244275,-1.900763,-13.244275,324,109,219
98420,continuous_motion,-0.344971,0.052002,1.002197,43.801,-2.106870,-3.396947,-13.458015,324,109,219
98440,continuous_motion,-0.359619,0.049072,0.996582,43.833,0.366412,-9.480916,-13.343512,324,109,219
98460,continuous_motion,-0.361572,0.062256,0.985840,43.806,1.977099,-18.106871,-12.389313,327,100,220
98480,continuous_motion,-0.356934,0.061279,0.994873,43.815,0.427481,-25.793894,-10.633588,327,100,220
98500,continuous_motion,-0.346436,0.064209,1.000977,43.806,-2.099237,-33.045803,-6.900764,327,100,220
98521,continuous_motion,-0.331787,0.055908,1.007080,43.804,-1.847328,-40.465649,-3.648855,329,88,229
98540,continuous_motion,-0.325195,0.059326,1.001953,43.806,-1.167939,-46.633587,-1.954198,329,88,229
98560,continuous_motion,-0.302734,0.050293,1.001221,43.830,-1.068702,-51.854961,-1.473282,329,88,229
98581,continuous_motion,-0.277588,0.045898,1.016357,43.804,-0.709924,-55.458015,0.038168,329,88,229
98600,continuous_motion,-0.255615,0.039551,0.998535,43.783,0.076336,-58.129772,1.137405,330,70,240
98620,continuous_motion,-0.220947,0.031494,1.005371,43.815,3.916031,-59.664124,2.015267,330,70,240
98640,continuous_motion,-0.194824,0.034668,1.003174,43.824,6.992366,-58.664124,2.801527,330,70,240
98660,continuous_motion,-0.171143,0.036133,1.005371,43.827,9.122137,-57.053436,2.977099,327,53,252
98680,continuous_motion,-0.138428,0.031494,1.010986,43.836,12.625955,-55.305344,3.122137,327,53,252
98700,continuous_motion,-0.118896,0.044434,1.008789,43.795,17.954199,-52.877861,2.480916,327,53,252
98720,continuous_motion,-0.104980,0.072510,1.000244,43.824,20.503817,-50.633587,-1.381679,322,35,269
98740,continuous_motion,-0.105713,0.086426,1.004639,43.824,21.312977,-51.946564,-4.114504,322,35,269
98760,continuous_motion,-0.086670,0.072266,1.000000,43.801,21.419847,-57.198475,-4.480916,322,35,269
98780,continuous_motion,-0.051758,0.091797,1.000732,43.801,20.435114,-62.236641,-3.519084,322,35,269
98800,continuous_motion,-0.025879,0.130615,1.017822,43.830,18.160305,-65.732826,-5.534351,314,14,284
98820,continuous_motion,-0.021973,0.121338,1.008301,43.854,11.610687,-67.206108,-11.916031,314,14,284
98840,continuous_motion,-0.001953,0.093506,1.005371,43.809,8.793893,-69.854965,-14.244275,314,14,284
98860,continuous_motion,0.010742,0.095215,0.982178,43.804,9.916031,-73.274811,-13.862596,312,-15,296
98880,continuous_motion,0.046875,0.099365,0.991211,43.818,9.374045,-74.152672,-16.259542,312,-15,296
98900,continuous_motion,0.069824,0.101318,0.970215,43.848,1.267176,-70.763359,-17.106871,312,-15,296
98920,continuous_motion,0.105469,0.108643,0.979004,43.859,-5.648855,-67.954201,-18.404581,312,-47,296
98940,continuous_motion,0.141357,0.102783,0.973389,43.804,-9.954199,-65.709923,-20.587786,312,-47,304
98960,continuous_motion,0.164063,0.057129,0.962646,43.815,-8.236641,-65.480919,-19.557251,312,-47,304
98980,continuous_motion,0.211182,0.086426,0.986572,43.812,-6.000000,-63.763359,-16.877863,312,-47,304
99001,continuous_motion,0.243896,0.106201,1.010010,43.833,-9.961832,-55.022900,-16.450382,317,-76,304
99020,continuous_motion,0.229248,0.093994,0.985107,43.815,-9.282443,-49.717556,-18.786259,317,-76,304
99040,continuous_motion,0.249268,0.101074,0.984131,43.812,-6.206107,-51.954197,-20.236641,317,-76,304
99060,continuous_motion,0.282959,0.135742,1.000977,43.804,-8.832061,-51.000000,-21.412214,320,-102,303
99080,continuous_motion,0.292480,0.118652,1.002930,43.818,-12.877863,-47.916031,-22.648855,320,-102,303
99100,continuous_motion,0.306885,0.110352,0.995850,43.839,-12.641221,-45.938931,-21.923664,320,-102,303
99120,continuous_motion,0.305908,0.096680,0.973389,43.845,-13.099236,-45.702290,-20.824427,320,-102,303
99141,continuous_motion,0.307861,0.112549,0.964355,43.851,-13.167939,-48.122139,-19.458015,325,-126,299
99160,continuous_motion,0.348145,0.131592,0.961914,43.842,-16.465649,-47.870228,-20.190840,325,-126,299
99180,continuous_motion,0.377930,0.129639,0.962891,43.812,-21.198473,-42.832062,-21.580153,325,-126,299
99200,continuous_motion,0.409424,0.098877,0.972412,43.827,-23.305344,-33.038166,-19.587786,332,-150,292
99220,continuous_motion,0.413086,0.055664,0.967529,43.821,-20.267176,-20.572519,-15.022901,332,-150,292
99240,continuous_motion,0.421387,0.052979,0.968506,43.836,-11.282443,-3.458015,-9.396947,332,-150,292
99260,continuous_motion,0.424072,0.055420,0.955322,43.833,-4.251908,17.557251,-2.465649,338,-159,287
99280,continuous_motion,0.434814,0.073242,0.958740,43.824,-0.778626,42.366413,2.992366,338,-159,287
99300,continuous_motion,0.398193,0.079834,0.966553,43.833,2.091603,72.297707,8.328244,338,-159,287
99320,continuous_motion,0.333740,0.051514,0.975342,43.806,5.396946,98.633591,8.435115,338,-159,287
99340,continuous_motion,0.281006,0.030029,0.952637,43.809,5.862596,115.916031,9.793893,338,-135,288
99361,continuous_motion,0.250000,0.090820,0.897949,43.815,4.969466,129.923660,12.320611,338,-135,288
99380,continuous_motion,0.247559,0.193359,1.039795,43.821,1.328244,144.175568,9.282443,338,-135,288
99400,continuous_motion,0.038818,0.044434,0.907959,43.830,-10.977099,149.389313,4.938931,338,-86,289
99420,continuous_motion,-0.062256,0.035889,0.931152,43.830,-9.694656,125.709923,3.083969,338,-86,289
99440,continuous_motion,-0.049561,0.087891,0.910645,43.818,-14.992367,94.419846,2.992366,338,-86,289
99460,continuous_motion,0.014404,0.133057,0.997070,43.815,-27.671755,78.152672,2.877863,346,-47,278
99480,continuous_motion,-0.031006,0.042725,1.000000,43.815,-41.389313,78.442749,3.122137,346,-47,278
99500,continuous_motion,-0.078369,-0.006348,1.017334,43.798,-43.083969,78.083969,6.870229,346,-47,278
99520,continuous_motion,-0.112793,-0.058105,0.984863,43.801,-32.106869,68.870232,12.068703,346,-47,278
99540,continuous_motion,-0.081055,-0.046875,1.014893,43.815,-21.274809,64.160309,17.969465,359,-21,261
99560,continuous_motion,-0.067139,-0.014893,1.064209,43.786,-15.847328,76.503815,19.832062,359,-21,261
99580,continuous_motion,-0.145508,-0.044922,1.015625,43.798,-15.458015,92.839691,18.381680,359,-21,261
99600,continuous_motion,-0.183350,-0.022949,1.010742,43.836,-10.076336,90.977097,17.908398,364,11,245
99620,continuous_motion,-0.245850,-0.045166,0.947754,43.821,-6.175572,80.229004,15.221375,364,11,245
99640,continuous_motion,-0.263184,-0.016846,0.985107,43.830,-1.954198,68.564888,10.389313,364,11,245
99660,continuous_motion,-0.260498,-0.047852,0.987793,43.801,-3.404580,60.557251,8.984733,366,36,234
99680,continuous_motion,-0.229736,-0.064941,0.988281,43.804,-4.328244,55.320610,14.343512,366,36,234
99700,continuous_motion,-0.233643,-0.048340,0.977051,43.815,0.335878,57.503819,17.893129,366,36,234
99720,continuous_motion,-0.265381,-0.013916,0.936279,43.801,5.045802,61.251907,16.625954,366,36,234
99741,continuous_motion,-0.311279,0.017090,0.932129,43.798,-1.465649,63.045803,10.450381,364,59,224
99760,continuous_motion,-0.345703,0.016113,0.926270,43.809,-12.854961,61.099236,2.618321,364,59,224
99780,continuous_motion,-0.347656,-0.002441,0.927490,43.801,-18.206106,54.045803,-3.564885,364,59,224
99801,continuous_motion,-0.348877,-0.004639,0.964600,43.818,-20.099237,50.229008,-6.305344,368,75,208
99820,continuous_motion,-0.388184,-0.041504,0.970703,43.830,-24.358778,51.519085,-7.183206,368,75,208
99840,continuous_motion,-0.415039,-0.062744,0.990967,43.801,-24.198473,50.267174,-7.206107,368,75,208
99860,continuous_motion,-0.439697,-0.087158,0.971680,43.792,-17.595419,45.122139,-6.893130,376,83,191
99880,continuous_motion,-0.429199,-0.093750,0.967285,43.792,-5.748092,37.076336,-4.244275,376,83,191
99900,continuous_motion,-0.419434,-0.065674,0.975098,43.812,2.603053,34.732826,-1.824428,376,83,191
99920,continuous_motion,-0.431885,-0.075439,0.959961,43.801,4.503817,37.557251,0.206107,376,83,191
99940,continuous_motion,-0.448975,-0.066895,0.916992,43.821,7.648855,35.862595,2.000000,379,92,184
99960,continuous_motion,-0.483398,-0.064941,0.874023,43.801,9.282443,25.961832,3.419847,379,92,184
99981,continuous_motion,-0.494141,-0.059570,0.885010,43.821,5.977099,13.786260,3.328244,379,92,184
100000,continuous_motion,-0.472656,-0.058838,0.887207,43.795,0.038168,5.618320,1.198473,376,95,181
100020,continuous_motion,-0.461670,-0.030762,0.882568,43.824,-2.786260,0.236641,-3.931298,376,95,181
100040,continuous_motion,-0.461670,-0.037354,0.896973,43.809,-4.564886,-5.137404,-8.137404,376,95,181
100060,continuous_motion,-0.479980,-0.049316,0.909668,43.859,-7.946565,-7.312977,-11.282443,376,95,181
100080,continuous_motion,-0.497070,-0.058838,0.919922,43.801,-10.404580,-8.603053,-14.114504,377,90,181
100100,continuous_motion,-0.496094,-0.067871,0.921875,43.801,-8.396947,-11.022901,-15.068703,377,90,181
100120,continuous_motion,-0.491943,-0.065674,0.923340,43.780,-2.801527,-14.320611,-13.633588,377,90,181
100140,continuous_motion,-0.490723,-0.070313,0.925049,43.795,0.778626,-15.412213,-11.000000,383,82,180
100160,continuous_motion,-0.509521,-0.070557,0.931885,43.786,1.213740,-15.435115,-7.190840,383,82,180
100180,continuous_motion,-0.518799,-0.061523,0.910156,43.821,0.061069,-19.977098,-3.152672,383,82,180
100200,continuous_motion,-0.502197,-0.045654,0.908447,43.806,-0.351145,-29.862595,0.183206,383,74,183
100220,continuous_motion,-0.454346,-0.038330,0.915283,43.830,-1.450382,-36.030533,1.396947,383,74,183
100240,continuous_motion,-0.439209,-0.047607,0.934082,43.806,-4.068702,-35.496181,0.793893,383,74,183
100260,continuous_motion,-0.413574,-0.074463,0.932861,43.818,-6.679389,-33.160305,2.106870,383,74,183
100280,continuous_motion,-0.401611,-0.078613,0.936035,43.789,-3.694656,-34.267174,5.488550,382,66,189
100300,continuous_motion,-0.382080,-0.072510,0.944580,43.839,1.923664,-35.358780,7.435114,382,66,189
100320,continuous_motion,-0.365723,-0.065674,0.953613,43.806,6.496183,-33.068703,6.251908,382,66,189
100340,continuous_motion,-0.361328,-0.073242,0.947998,43.815,7.961832,-30.877863,6.473282,380,61,198
100360,continuous_motion,-0.363770,-0.064453,0.944824,43.815,7.824428,-32.610687,7.824428,380,61,198
100380,continuous_motion,-0.338379,-0.067871,0.948242,43.812,9.274809,-37.236641,7.572519,380,61,198
100400,continuous_motion,-0.330811,-0.052002,0.975098,43.804,11.755725,-39.725189,6.190840,374,55,206
100420,continuous_motion,-0.308350,-0.083008,0.995361,43.789,14.541985,-38.801525,3.809160,374,55,206
100440,continuous_motion,-0.290039,-0.088623,0.993896,43.801,19.000000,-38.068703,9.664123,374,55,206
100460,continuous_motion,-0.278564,-0.055664,0.989502,43.821,21.984734,-38.938931,15.106871,374,55,206
100481,continuous_motion,-0.252197,-0.016113,0.983643,43.795,23.664122,-39.374046,15.534351,368,49,220
100500,continuous_motion,-0.248291,0.024414,1.010986,43.833,21.900763,-36.580154,10.419847,368,49,220
100520,continuous_motion,-0.244629,0.003174,0.993408,43.795,18.381680,-33.381680,3.396947,368,49,220
100540,continuous_motion,-0.237305,-0.041504,1.000732,43.809,17.984734,-34.748093,3.526718,359,41,232
100560,continuous_motion,-0.216553,-0.026611,1.003906,43.821,23.503817,-39.480915,8.198473,359,41,232
100580,continuous_motion,-0.205566,0.032227,1.019531,43.780,30.732824,-40.870228,6.061069,359,41,232
100600,continuous_motion,-0.186279,0.049805,1.010498,43.836,32.351147,-37.351147,-1.190840,347,31,248
100620,continuous_motion,-0.167236,0.023682,1.004639,43.809,31.526718,-34.206108,-1.755725,347,31,248
100640,continuous_motion,-0.174561,0.034424,1.027100,43.789,30.458015,-32.610687,3.076336,347,31,248
100660,continuous_motion,-0.191650,0.049316,1.039063,43.806,29.893129,-32.832062,4.755725,347,31,248
100680,continuous_motion,-0.186768,0.062500,1.025146,43.780,32.137405,-37.877861,3.267176,336,21,261
100700,continuous_motion,-0.160156,0.080322,1.010986,43.774,33.633587,-44.587788,0.824428,336,21,261
100720,continuous_motion,-0.133789,0.122559,1.014160,43.783,30.847328,-48.656490,-2.702290,336,21,261
100740,continuous_motion,-0.103027,0.118164,1.017822,43.804,23.870230,-47.946564,-7.709924,322,6,276
100760,continuous_motion,-0.092529,0.081543,1.004639,43.798,22.366413,-49.587788,-9.931297,322,6,276
100780,continuous_motion,-0.062012,0.076904,0.978027,43.809,26.366413,-54.755726,-6.984733,322,6,276
100800,continuous_motion,-0.022949,0.129395,0.971924,43.804,27.946566,-55.847328,-4.503817,312,-14,289
100820,continuous_motion,0.006836,0.170898,0.986572,43.804,22.106871,-50.198475,-5.816794,312,-14,289
100840,continuous_motion,0.029785,0.164307,0.989014,43.801,14.618320,-41.366413,-9.534351,312,-14,289
100860,continuous_motion,0.020996,0.138428,0.983154,43.801,12.221375,-34.954197,-11.702291,312,-14,289
100880,continuous_motion,0.005615,0.149170,0.975342,43.821,15.702291,-34.923664,-12.366412,305,-33,298
100900,continuous_motion,0.021973,0.170410,0.980713,43.806,14.977099,-37.732826,-12.549619,305,-33,298
100920,continuous_motion,0.026367,0.192627,0.982910,43.804,9.580153,-38.938931,-13.679389,305,-33,298
100940,continuous_motion,0.046143,0.172363,1.011230,43.815,4.984733,-43.053436,-13.129771,301,-50,302
100961,continuous_motion,0.036621,0.159424,0.996338,43.815,3.206107,-49.427483,-10.916031,301,-50,302
100980,continuous_motion,0.044189,0.168945,0.986328,43.818,3.465649,-58.251907,-8.725191,301,-50,302
101000,continuous_motion,0.073242,0.168457,0.979980,43.801,1.854962,-69.305344,-6.053435,301,-50,302
101020,continuous_motion,0.116455,0.198975,1.011719,43.806,-5.908397,-78.519081,-2.732824,299,-75,306
101040,continuous_motion,0.161133,0.192383,1.037109,43.806,-11.450381,-83.290077,-2.763359,299,-75,306
101060,continuous_motion,0.216797,0.166992,1.061523,43.812,-6.000000,-84.603050,-3.854962,299,-75,306
101080,continuous_motion,0.249268,0.166504,1.053955,43.818,-1.015267,-77.458015,-3.984733,303,-106,307
101100,continuous_motion,0.264648,0.150635,1.030518,43.812,4.610687,-68.633591,-3.038168,303,-106,307
101120,continuous_motion,0.297607,0.154785,1.034180,43.809,11.740458,-57.412212,-2.824427,303,-106,307
101140,continuous_motion,0.326172,0.164307,1.011475,43.812,19.145039,-41.343510,-4.251908,298,-131,310
101160,continuous_motion,0.318604,0.185547,0.978027,43.806,23.198473,-24.984734,-5.435114,298,-131,310
101180,continuous_motion,0.311523,0.200684,0.951660,43.777,22.549618,-14.045801,-7.129771,298,-131,310
101200,continuous_motion,0.319580,0.215820,0.927490,43.815,17.396946,-5.870229,-6.900764,298,-131,310
101220,continuous_motion,0.331787,0.230225,0.910889,43.801,10.320611,2.305344,-4.977099,289,-139,314
101240,continuous_motion,0.343506,0.248535,0.927734,43.801,0.450382,15.847328,-2.984733,289,-139,314
101260,continuous_motion,0.298584,0.200439,0.896973,43.806,-8.007633,31.465649,-2.656489,289,-139,314
101280,continuous_motion,0.258057,0.169678,0.883789,43.815,-8.244275,39.877861,-2.007634,289,-134,317
101300,continuous_motion,0.252197,0.179688,0.890625,43.806,-6.908397,44.335876,-1.145038,289,-134,317
101320,continuous_motion,0.262451,0.186035,0.896484,43.824,-8.419847,51.587788,0.282443,289,-134,317
101340,continuous_motion,0.244385,0.193359,0.918213,43.824,-14.206107,62.893131,0.412214,295,-115,314
101360,continuous_motion,0.200684,0.208496,0.941650,43.804,-21.656488,73.778625,-1.351145,295,-115,314
101380,continuous_motion,0.127686,0.149658,0.899170,43.821,-27.908398,75.832062,-4.297710,295,-115,314
101400,continuous_motion,0.094482,0.135010,0.910645,43.795,-28.221375,65.389313,-4.419847,295,-115,314
101420,continuous_motion,0.109863,0.154297,0.930176,43.827,-29.870230,55.435116,-4.732824,307,-90,306
101440,continuous_motion,0.118408,0.178711,0.992920,43.821,-40.664124,56.442749,-4.954198,307,-90,306
101460,continuous_motion,0.077881,0.113281,0.993164,43.798,-46.854961,57.061069,-4.977099,307,-90,306
101480,continuous_motion,0.057617,0.088623,1.012939,43.780,-45.641220,54.893131,-4.183206,325,-73,294
101501,continuous_motion,0.050049,0.052979,1.006348,43.801,-40.763359,51.007633,-2.122137,325,-73,294
101520,continuous_motion,0.034180,0.057129,1.037354,43.839,-36.900764,50.908398,-1.030534,325,-73,294
101540,continuous_motion,0.010010,0.038330,1.043701,43.833,-33.083969,51.725189,-2.251908,342,-58,278
101560,continuous_motion,0.000488,0.030029,1.030518,43.812,-29.541985,49.862595,-1.328244,342,-58,278
101580,continuous_motion,-0.004883,0.048096,1.040771,43.789,-30.183207,48.801525,-1.519084,342,-58,278
101600,continuous_motion,-0.038330,0.023438,1.035156,43.804,-34.076336,50.717556,-4.465649,342,-58,278
101620,continuous_motion,-0.069580,-0.011719,1.049805,43.821,-33.541985,50.045803,-6.679389,354,-42,263
101640,continuous_motion,-0.090332,-0.026611,1.038086,43.821,-28.839695,45.366413,-6.198473,354,-42,263
101660,continuous_motion,-0.098389,-0.017090,1.040771,43.804,-25.290077,40.633587,-4.022901,354,-42,263
101680,continuous_motion,-0.110840,-0.009277,1.058594,43.824,-24.618320,38.671757,-4.229008,366,-31,249
101700,continuous_motion,-0.132568,-0.042725,1.042236,43.795,-22.412214,34.381680,-4.351145,366,-31,249
101720,continuous_motion,-0.138184,-0.048584,1.038330,43.809,-18.450382,29.641222,-5.396946,366,-31,249
101740,continuous_motion,-0.125732,-0.048828,1.030518,43.821,-14.893129,26.343512,-6.427481,373,-23,240
101760,continuous_motion,-0.127686,-0.048340,1.025635,43.839,-11.717557,26.328245,-6.610687,373,-23,240
101780,continuous_motion,-0.129639,-0.043701,1.033203,43.827,-10.832061,29.396946,-6.755725,373,-23,240
101800,continuous_motion,-0.149170,-0.041992,1.032227,43.806,-11.946565,33.526718,-6.534351,373,-23,240
101820,continuous_motion,-0.170654,-0.049561,1.022217,43.827,-12.496183,35.473282,-6.167939,378,-19,233
101840,continuous_motion,-0.183838,-0.042236,1.006836,43.809,-9.503817,33.236641,-4.076336,378,-19,233
101860,continuous_motion,-0.197754,-0.040039,1.010498,43.786,-10.335877,31.129770,-0.969466,378,-19,233
101880,continuous_motion,-0.218506,-0.035889,0.996094,43.801,-14.480916,29.549618,1.213740,383,-9,225
101900,continuous_motion,-0.222900,-0.059570,0.981934,43.774,-17.717558,26.274809,3.824427,383,-9,225
101920,continuous_motion,-0.214355,-0.059082,0.968262,43.777,-19.496183,21.801527,6.687023,383,-9,225
101940,continuous_motion,-0.224365,-0.047119,0.963623,43.845,-26.358778,20.396946,7.778626,389,-2,215
101960,continuous_motion,-0.239746,-0.064209,0.958496,43.809,-37.106869,20.587786,6.160306,389,-2,215
101980,continuous_motion,-0.236328,-0.086426,0.963135,43.809,-44.786259,19.702290,4.328244,389,-2,215
102001,continuous_motion,-0.229248,-0.110107,0.968262,43.833,-48.267174,17.618320,3.938931,389,-2,215
102020,continuous_motion,-0.241699,-0.137695,0.968750,43.801,-51.900764,19.389313,2.305344,401,7,199
102040,continuous_motion,-0.235596,-0.202148,0.987061,43.821,-54.312977,24.755726,1.068702,401,7,199
102060,continuous_motion,-0.228516,-0.232422,1.010254,43.812,-45.740459,30.526718,3.145038,401,7,199
102080,continuous_motion,-0.243652,-0.224121,1.007568,43.818,-33.290077,34.778625,3.465649,413,13,174
102100,continuous_motion,-0.264160,-0.225098,1.001709,43.806,-22.076336,39.061069,0.389313,413,13,174
102120,continuous_motion,-0.290039,-0.217285,0.992188,43.827,-16.931297,41.679390,-2.984733,413,13,174
102140,continuous_motion,-0.317139,-0.209717,0.979492,43.809,-17.732824,41.320610,-6.213740,413,13,174
102160,continuous_motion,-0.328369,-0.215088,0.965820,43.821,-19.450382,35.625954,-7.908397,419,20,162
102180,continuous_motion,-0.336914,-0.223877,0.966797,43.809,-21.152672,26.206106,-6.961832,419,20,162
102200,continuous_motion,-0.342773,-0.239746,0.968262,43.815,-20.595419,18.519083,-5.770992,419,20,162
102220,continuous_motion,-0.346924,-0.247070,1.007324,43.821,-20.061069,14.549619,-6.526718,424,23,150
102240,continuous_motion,-0.348877,-0.267822,1.013184,43.842,-17.106871,15.099236,-8.335877,424,23,150
102260,continuous_motion,-0.353760,-0.270508,1.011475,43.827,-7.786260,12.709924,-7.763359,424,23,150
102280,continuous_motion,-0.352051,-0.271973,0.980469,43.815,1.450382,8.664123,-6.320611,426,22,142
102300,continuous_motion,-0.366211,-0.260010,0.974609,43.854,7.038168,7.229008,-5.427481,426,22,142
102320,continuous_motion,-0.367676,-0.245850,0.958984,43.812,9.335877,6.450382,-5.664122,426,22,142
102340,continuous_motion,-0.370605,-0.228516,0.925049,43.818,11.458015,1.137405,-5.396946,426,22,142
102360,continuous_motion,-0.363525,-0.215576,0.912354,43.795,11.984733,-6.778626,-4.061069,426,21,145
102380,continuous_motion,-0.357178,-0.219971,0.903076,43.827,9.305344,-11.450381,-2.694656,426,21,145
102400,continuous_motion,-0.349609,-0.218506,0.894043,43.795,6.206107,-13.396947,-1.312977,426,21,145
102420,continuous_motion,-0.338867,-0.214844,0.884277,43.804,4.954198,-16.427481,0.038168,422,18,149
102440,continuous_motion,-0.333496,-0.204834,0.877686,43.815,3.938931,-20.541985,0.595420,422,18,149
102460,continuous_motion,-0.322021,-0.212402,0.885498,43.801,1.595420,-22.496183,0.519084,422,18,149
102480,continuous_motion,-0.318604,-0.215332,0.906250,43.798,-1.564886,-22.190840,1.450382,422,14,154
102500,continuous_motion,-0.323486,-0.233154,0.911133,43.795,-2.938931,-22.244274,1.396947,422,14,154
102520,continuous_motion,-0.308838,-0.229248,0.915039,43.804,-0.045802,-24.664122,2.931298,422,14,154
102540,continuous_motion,-0.307861,-0.224365,0.932129,43.818,1.061069,-25.725191,4.167939,422,14,154
102560,continuous_motion,-0.301270,-0.240967,0.934814,43.806,0.267176,-25.832062,5.473282,422,10,158
102580,continuous_motion,-0.296387,-0.225586,0.940430,43.789,0.816794,-26.938931,7.389313,422,10,158
102600,continuous_motion,-0.291748,-0.224609,0.942139,43.821,1.229008,-30.442749,8.274809,422,10,158
102620,continuous_motion,-0.277588,-0.221680,0.970947,43.821,-0.381679,-33.114502,8.343512,422,8,163
102640,continuous_motion,-0.269531,-0.236816,0.974854,43.801,-1.694656,-33.969467,8.419847,422,8,163
102660,continuous_motion,-0.248779,-0.247559,0.983643,43.818,2.801527,-36.809162,8.534351,422,8,163
102680,continuous_motion,-0.222900,-0.240723,0.992432,43.789,9.244275,-38.755726,8.664123,420,5,170
102700,continuous_motion,-0.193359,-0.244629,0.991211,43.798,14.488549,-37.923664,8.625955,420,5,170
102720,continuous_motion,-0.176514,-0.229004,0.986816,43.798,17.854961,-34.763359,9.129771,420,5,170
102740,continuous_motion,-0.159424,-0.223877,0.974609,43.812,20.503817,-30.427481,8.229008,420,5,170
102760,continuous_motion,-0.140625,-0.216309,0.959473,43.798,24.511450,-27.534351,7.702290,415,0,182
102780,continuous_motion,-0.133789,-0.191650,0.964111,43.774,26.213741,-24.282442,6.748092,415,0,182
102800,continuous_motion,-0.136230,-0.170654,0.960938,43.818,25.129770,-20.290077,2.236641,415,0,182
102820,continuous_motion,-0.152344,-0.167725,0.950439,43.795,22.961832,-16.763359,-4.366412,408,-4,194
102840,continuous_motion,-0.160156,-0.182373,0.974121,43.786,21.992367,-16.045801,-6.251908,408,-4,194
102860,continuous_motion,-0.161865,-0.155029,0.968994,43.818,19.938931,-20.572519,-2.503817,408,-4,194
102880,continuous_motion,-0.153320,-0.124268,0.976074,43.836,13.709924,-27.946566,0.251908,403,-9,202
102900,continuous_motion,-0.151611,-0.125977,0.976807,43.798,6.671756,-34.480915,1.541985,403,-9,202
102920,continuous_motion,-0.132080,-0.125000,1.001221,43.804,2.000000,-40.923664,0.000000,403,-9,202
102940,continuous_motion,-0.104980,-0.126953,1.005127,43.833,1.068702,-45.038166,-3.053435,403,-9,202
102960,continuous_motion,-0.066650,-0.141602,1.015137,43.815,2.801527,-45.847328,-3.793893,403,-21,209
102980,continuous_motion,-0.038330,-0.144775,1.044189,43.801,7.251908,-41.801525,-2.396947,403,-21,209
103001,continuous_motion,-0.021484,-0.154785,1.068604,43.809,10.824428,-31.870230,0.290076,403,-21,209
103020,continuous_motion,-0.006348,-0.174072,1.069580,43.792,16.488550,-21.450382,3.442748,400,-32,214
103040,continuous_motion,-0.010986,-0.153076,1.052246,43.821,25.961832,-10.366412,6.534351,400,-32,214
103060,continuous_motion,-0.030762,-0.136230,1.053711,43.806,32.450382,-1.801527,6.679389,400,-32,214
103080,continuous_motion,-0.050049,-0.116455,1.043701,43.824,33.694656,2.297710,5.244275,400,-32,214
103100,continuous_motion,-0.045898,-0.135986,1.027100,43.783,34.351147,2.229008,5.145038,392,-31,227
103120,continuous_motion,-0.048340,-0.107666,1.028564,43.812,37.152672,0.969466,4.870229,392,-31,227
103140,continuous_motion,-0.055176,-0.054688,1.034912,43.804,34.519085,-0.679389,2.167939,392,-31,227
103160,continuous_motion,-0.061768,-0.068604,1.028320,43.809,27.648855,-3.946565,-2.648855,380,-29,239
103180,continuous_motion,-0.049072,-0.095459,1.029785,43.815,27.450382,-8.061069,-7.450382,380,-29,239
103200,continuous_motion,-0.020996,-0.074707,1.042480,43.806,35.931297,-9.702291,-11.534351,380,-29,239
103220,continuous_motion,-0.008789,-0.040283,1.040527,43.786,43.664124,-7.748092,-12.435115,368,-34,250
103240,continuous_motion,-0.005859,-0.006348,1.024902,43.809,48.251907,-5.809160,-12.610687,368,-34,250
103260,continuous_motion,-0.017578,0.018066,1.016113,43.786,50.824429,-9.335877,-12.213740,368,-34,250
103280,continuous_motion,-0.033447,0.048584,0.979980,43.786,55.717556,-17.351145,-13.877863,368,-34,250
103300,continuous_motion,-0.021484,0.091797,0.989014,43.780,55.580154,-27.656488,-15.511451,353,-42,267
103320,continuous_motion,-0.000488,0.109131,0.989746,43.809,42.564884,-34.679390,-13.389313,353,-42,267
103340,continuous_motion,0.027832,0.110596,1.020996,43.818,29.183207,-36.450382,-9.358779,353,-42,267
103360,continuous_motion,0.031982,0.083008,1.026367,43.762,24.908398,-37.396946,-5.312977,338,-58,281
103381,continuous_motion,0.053711,0.088623,1.019531,43.792,31.022902,-36.358780,-2.725191,338,-58,281
103400,continuous_motion,0.079346,0.127441,1.012939,43.830,33.961834,-31.954199,0.137405,338,-58,281
103420,continuous_motion,0.091553,0.158203,1.003418,43.806,29.442749,-25.633587,3.480916,326,-69,291
103440,continuous_motion,0.100586,0.186523,0.996826,43.804,20.610687,-19.511450,5.259542,326,-69,291
103460,continuous_motion,0.106445,0.192627,0.983887,43.815,9.053435,-13.122137,4.725191,326,-69,291
103480,continuous_motion,0.106445,0.183838,0.963379,43.798,-1.396947,-8.557252,4.106870,326,-69,291
103500,continuous_motion,0.122314,0.180908,0.970703,43.789,-11.770992,-0.854962,5.412214,323,-74,298
103520,continuous_motion,0.109375,0.158447,0.959717,43.798,-21.412214,8.931297,6.687023,323,-74,298
103540,continuous_motion,0.090576,0.131592,0.941650,43.818,-27.877863,16.427481,7.824428,323,-74,298
103560,continuous_motion,0.104248,0.135254,0.918701,43.786,-34.274811,23.900763,9.641221,332,-68,291
103580,continuous_motion,0.092773,0.132568,0.997070,43.780,-45.007633,40.992367,10.236641,332,-68,291
103600,continuous_motion,0.024414,-0.034668,0.944824,43.818,-44.145039,52.015266,11.496183,332,-68,291
103620,continuous_motion,0.021973,-0.018799,0.980469,43.824,-30.511450,51.824429,15.473283,349,-51,277
103640,continuous_motion,0.001709,0.020752,0.948242,43.809,-20.671755,49.190838,15.351145,349,-51,277
103660,continuous_motion,0.006104,0.043213,0.969482,43.818,-24.877863,49.969467,12.786260,349,-51,277
103680,continuous_motion,0.017578,0.092285,1.055908,43.827,-41.656490,57.251907,9.595420,349,-51,277
103701,continuous_motion,-0.071045,-0.026611,1.009766,43.821,-58.198475,59.725189,5.282443,363,-31,265
103720,continuous_motion,-0.110596,-0.085449,1.016357,43.809,-54.519085,46.801525,2.244275,363,-31,265
103740,continuous_motion,-0.095947,-0.089600,1.036377,43.792,-43.923664,29.687023,-0.160305,363,-31,265
103760,continuous_motion,-0.085938,-0.077881,1.063721,43.780,-39.381680,21.183207,-4.435114,381,-19,243
103780,continuous_motion,-0.089844,-0.080566,1.083740,43.824,-40.450382,18.946566,-11.015267,381,-19,243
103800,continuous_motion,-0.074219,-0.105957,1.100342,43.812,-39.923664,18.648855,-15.381680,381,-19,243
103820,continuous_motion,-0.068604,-0.141357,1.099609,43.821,-36.038166,19.152672,-14.717557,394,-18,227
103840,continuous_motion,-0.068115,-0.124756,1.099609,43.827,-29.297710,23.175573,-11.763359,394,-18,227
103860,continuous_motion,-0.084473,-0.137939,1.101563,43.801,-25.068703,30.167938,-10.458015,394,-18,227
103880,continuous_motion,-0.109619,-0.130615,1.087891,43.798,-21.503817,36.946564,-8.015267,394,-18,227
103900,continuous_motion,-0.152100,-0.133301,1.054443,43.815,-15.847328,37.679390,-5.755725,404,-15,212
103920,continuous_motion,-0.191162,-0.114990,1.022949,43.812,-10.984733,31.732824,-5.473282,404,-15,212
103940,continuous_motion,-0.208984,-0.111816,1.033447,43.812,-10.832061,24.244274,-8.122137,404,-15,212
103960,continuous_motion,-0.226074,-0.103271,1.018799,43.815,-12.893129,14.458015,-9.061069,406,-10,204
103980,continuous_motion,-0.226074,-0.128174,0.988037,43.830,-16.007633,1.351145,-10.068703,406,-10,204
104000,continuous_motion,-0.210449,-0.112305,0.984375,43.795,-19.374046,-8.496183,-10.465649,406,-10,204
104020,continuous_motion,-0.174805,-0.143555,1.009033,43.812,-24.717558,-12.396947,-11.145039,406,-16,199
104040,continuous_motion,-0.150879,-0.160400,1.010742,43.821,-25.625954,-9.870229,-9.938931,411,-16,199
104060,continuous_motion,-0.137695,-0.191895,0.989990,43.824,-20.816793,-5.534351,-5.251908,411,-16,199
104080,continuous_motion,-0.124023,-0.192383,0.989990,43.815,-16.038168,-0.053435,-0.022901,411,-16,199
104100,continuous_motion,-0.145264,-0.199707,0.986328,43.806,-14.648855,8.610687,3.503817,417,-17,190
104120,continuous_motion,-0.150391,-0.218262,0.983643,43.804,-12.328244,14.198473,4.854962,417,-17,190
104140,continuous_motion,-0.164307,-0.187988,0.967285,43.795,-7.946565,14.870229,6.786260,417,-17,190
104160,continuous_motion,-0.181396,-0.181396,0.971680,43.821,-8.068703,12.816793,5.351145,418,-11,185
104180,continuous_motion,-0.176270,-0.197754,0.966797,43.812,-12.870229,10.473283,3.251908,418,-11,185
104200,continuous_motion,-0.174072,-0.202637,0.964844,43.824,-15.625955,7.450382,2.610687,418,-11,185
104220,continuous_motion,-0.168457,-0.203125,0.961914,43.821,-16.717558,4.259542,1.404580,418,-11,185
104240,continuous_motion,-0.162598,-0.208740,0.969238,43.771,-20.122137,4.587786,1.022901,421,-8,179
104260,continuous_motion,-0.175293,-0.229736,0.978271,43.815,-26.290077,9.442748,0.755725,421,-8,179
104280,continuous_motion,-0.170898,-0.256104,0.978760,43.842,-26.801527,12.534351,1.664122,421,-8,179
104300,continuous_motion,-0.157471,-0.261475,0.989014,43.815,-19.969465,13.664123,2.938931,426,-5,169
104320,continuous_motion,-0.171631,-0.270264,0.989990,43.795,-13.114504,18.366413,3.312977,426,-5,169
104340,continuous_motion,-0.185547,-0.253418,1.000000,43.815,-6.763359,25.396946,1.396947,426,-5,169
104360,continuous_motion,-0.204590,-0.245605,0.982178,43.801,1.244275,29.511450,-2.671756,428,0,163
104380,continuous_motion,-0.224609,-0.228271,0.960693,43.809,7.572519,26.961832,-4.053435,428,0,163
104400,continuous_motion,-0.239990,-0.218506,0.957764,43.842,7.480916,22.702290,-3.328244,428,0,163
104420,continuous_motion,-0.259277,-0.217041,0.949463,43.830,3.595420,18.465649,-0.572519,428,0,163
104440,continuous_motion,-0.263916,-0.229248,0.933105,43.821,1.778626,10.404580,3.000000,427,5,163
104460,continuous_motion,-0.254639,-0.226563,0.940674,43.809,1.534351,-0.633588,8.603053,427,5,163
104480,continuous_motion,-0.246582,-0.232910,0.948486,43.851,-0.282443,-8.862596,11.465649,427,5,163
104501,continuous_motion,-0.228760,-0.236572,0.953613,43.809,-2.816794,-12.885496,11.122137,426,7,164
104520,continuous_motion,-0.219971,-0.238281,0.948486,43.804,-2.809160,-17.038168,9.175572,426,7,164
104541,continuous_motion,-0.204834,-0.238037,0.955322,43.842,-2.198473,-20.427481,6.572519,426,7,164
104560,continuous_motion,-0.190186,-0.239746,0.956299,43.812,-2.175573,-22.580153,4.984733,427,7,167
104581,continuous_motion,-0.179199,-0.227295,0.958252,43.827,-2.679389,-21.984734,2.893130,427,7,167
104600,continuous_motion,-0.168213,-0.250732,0.955811,43.827,-4.000000,-18.099237,0.328244,427,7,167
104620,continuous_motion,-0.171875,-0.252441,0.959717,43.812,-3.702290,-14.099236,0.206107,427,7,167
104640,continuous_motion,-0.175049,-0.260254,0.967041,43.804,0.198473,-11.931297,0.908397,428,5,167
104660,continuous_motion,-0.181396,-0.256104,0.966797,43.815,3.145038,-12.145039,1.656489,428,5,167
104680,continuous_motion,-0.196533,-0.246826,0.972412,43.821,4.618320,-14.290076,2.870229,428,5,167
104700,continuous_motion,-0.193848,-0.240234,0.978760,43.801,4.641222,-17.465649,3.709924,426,3,170
104720,continuous_motion,-0.196289,-0.240234,0.973633,43.798,4.694656,-23.671755,5.190840,426,3,170
104740,continuous_motion,-0.171875,-0.238525,0.974609,43.812,6.458015,-31.038168,6.816794,426,3,170
104760,continuous_motion,-0.140381,-0.237793,0.999512,43.818,8.259542,-34.381680,8.061069,426,0,176
104780,continuous_motion,-0.120605,-0.236084,1.009521,43.818,8.854961,-31.854961,8.022901,426,0,176
104800,continuous_motion,-0.109619,-0.261963,0.997803,43.827,13.099236,-27.931297,6.816794,426,0,176
104820,continuous_motion,-0.096191,-0.257080,1.010986,43.824,21.076336,-24.694656,6.793893,426,0,176
104840,continuous_motion,-0.081787,-0.220947,1.015625,43.789,27.320610,-21.877863,7.190840,422,-4,188
104860,continuous_motion,-0.092285,-0.212646,1.011230,43.812,26.282442,-18.740458,6.412214,422,-4,188
104880,continuous_motion,-0.085449,-0.203369,1.012695,43.798,24.114504,-18.099237,4.519084,422,-4,188
104900,continuous_motion,-0.073242,-0.211914,1.009277,43.815,25.297710,-20.725191,3.931298,414,-7,198
104920,continuous_motion,-0.061523,-0.166748,1.019287,43.780,28.267176,-21.152672,1.648855,414,-7,198
104940,continuous_motion,-0.076660,-0.165527,1.007324,43.809,25.732824,-19.274809,-1.992366,414,-7,198
104960,continuous_motion,-0.067627,-0.154785,1.024658,43.798,21.488550,-17.793894,-3.335878,407,-13,210
104980,continuous_motion,-0.072266,-0.175537,1.016602,43.821,24.053434,-19.900763,-2.091603,407,-13,210
105000,continuous_motion,-0.058350,-0.135010,1.025879,43.821,31.206106,-23.267176,-0.435114,407,-13,210
105020,continuous_motion,-0.057861,-0.104736,0.997559,43.851,31.480917,-23.977098,0.152672,407,-13,210
105040,continuous_motion,-0.046143,-0.080566,1.000000,43.836,26.366413,-23.465649,-0.068702,399,-21,224
105060,continuous_motion,-0.037109,-0.074463,0.997070,43.806,20.488550,-23.809160,0.076336,399,-21,224
105080,continuous_motion,-0.037109,-0.093018,0.984375,43.839,17.809160,-26.351145,1.404580,399,-21,224
105100,continuous_motion,-0.017334,-0.087402,0.999756,43.830,17.847328,-29.770992,4.549618,391,-28,233
105120,continuous_motion,-0.005615,-0.064453,1.000000,43.815,16.053434,-30.038168,5.572519,391,-28,233
105140,continuous_motion,0.020752,-0.058350,1.009033,43.836,16.717558,-27.091602,2.175573,391,-28,233
105160,continuous_motion,0.043701,-0.049805,0.983887,43.812,20.870230,-21.236641,-1.877863,391,-28,233
105180,continuous_motion,0.032227,-0.045166,0.956787,43.801,26.923664,-13.938931,-5.000000,387,-34,243
105200,continuous_motion,0.028564,-0.038818,0.955811,43.801,25.564886,-7.595420,-2.572519,387,-34,243
105220,continuous_motion,0.044189,-0.022705,0.968262,43.812,18.160305,-3.534351,4.198473,387,-34,243
105240,continuous_motion,0.049561,-0.034912,0.987549,43.830,11.618320,-1.885496,12.290076,382,-39,253
105260,continuous_motion,0.027588,-0.018799,0.982422,43.824,8.610687,-0.305344,15.145039,382,-39,253
105280,continuous_motion,0.017334,-0.012695,0.967773,43.830,2.099237,-1.206107,12.274809,382,-39,253
105300,continuous_motion,0.018066,-0.009766,0.994385,43.806,-9.244275,-4.458015,8.671756,381,-35,254
105320,continuous_motion,0.023682,-0.055664,1.016846,43.830,-18.198473,-9.870229,5.870229,381,-35,254
105340,continuous_motion,0.048340,-0.095947,1.044922,43.824,-19.183207,-13.396947,4.305344,381,-35,254
105360,continuous_motion,0.064697,-0.099609,1.063965,43.801,-12.526717,-13.557252,1.824428,381,-35,254
105380,continuous_motion,0.060059,-0.096191,1.067383,43.801,-6.580153,-11.114504,-1.503817,388,-39,250
105400,continuous_motion,0.062012,-0.113037,1.066650,43.798,3.412214,-11.587787,-5.000000,388,-39,250
105420,continuous_motion,0.052246,-0.114014,1.081543,43.809,14.778625,-11.366412,-8.053435,388,-39,250
105440,continuous_motion,0.032715,-0.100586,1.086670,43.821,29.053434,-10.526717,-12.938931,389,-47,253
105460,continuous_motion,0.033691,-0.078369,1.077881,43.795,40.832062,-9.221375,-17.687023,389,-47,253
105480,continuous_motion,0.043457,-0.060547,1.083008,43.812,46.702290,-7.099236,-19.412214,389,-47,253
105500,continuous_motion,0.046875,-0.041748,1.090332,43.806,49.572517,-3.259542,-17.755726,376,-57,267
105521,continuous_motion,0.041016,-0.019775,1.089111,43.809,51.877861,1.488550,-15.862596,376,-57,267
105540,continuous_motion,0.052490,-0.006348,1.082764,43.839,47.007633,3.923664,-11.030535,376,-57,267
105560,continuous_motion,0.052246,-0.007813,1.064453,43.821,43.816795,-0.648855,-2.824427,376,-57,267
105580,continuous_motion,0.057617,0.025391,1.071045,43.806,45.236641,-6.374046,0.549618,362,-60,285
105600,continuous_motion,0.082764,0.061279,1.069092,43.824,46.198475,-9.572519,-1.618321,362,-60,285
105620,continuous_motion,0.094482,0.083496,1.042725,43.833,43.763359,-11.129771,-4.625954,362,-60,285
105640,continuous_motion,0.103760,0.099121,1.046387,43.827,40.290077,-14.389313,-5.671756,342,-62,299
105660,continuous_motion,0.115479,0.090820,1.043213,43.839,36.832062,-15.992367,-4.702290,342,-62,299
105680,continuous_motion,0.119141,0.102051,1.037842,43.827,36.404579,-16.862595,-3.122137,342,-62,299
105700,continuous_motion,0.119873,0.139648,1.030762,43.815,37.099236,-17.572519,-3.870229,328,-69,311
105720,continuous_motion,0.124023,0.168701,1.015381,43.801,34.824429,-18.183207,-5.473282,328,-69,311
105740,continuous_motion,0.117920,0.174072,0.995605,43.804,31.595419,-20.969465,-6.977099,328,-69,311
105760,continuous_motion,0.132813,0.174805,1.002930,43.836,32.251907,-23.641222,-8.702291,328,-69,311
105780,continuous_motion,0.143555,0.193115,0.998779,43.827,34.572517,-24.503817,-8.786260,314,-78,322
105800,continuous_motion,0.142578,0.217041,1.001709,43.833,35.083969,-22.015266,-10.244275,314,-78,322
105821,continuous_motion,0.083496,0.205078,0.955078,43.830,35.717556,-23.427481,-14.473283,314,-78,322
105840,continuous_motion,0.094238,0.236816,0.945801,43.836,37.625954,-33.580154,-17.633587,296,-88,330
105860,continuous_motion,0.125000,0.281982,0.957764,43.824,35.007633,-40.145039,-20.587786,296,-88,330
105880,continuous_motion,0.143066,0.255615,0.938721,43.798,29.274809,-42.083969,-22.534351,296,-88,330
105900,continuous_motion,0.170654,0.233154,0.963379,43.804,26.900763,-44.442749,-19.335878,284,-109,338
105921,continuous_motion,0.188721,0.246338,0.963135,43.821,30.030535,-46.404579,-13.015267,284,-109,338
105940,continuous_motion,0.227051,0.270020,0.977295,43.839,33.045803,-47.664124,-6.877862,284,-109,338
105960,continuous_motion,0.236084,0.275635,0.946289,43.830,32.244274,-46.160305,-2.557252,284,-109,338
105980,continuous_motion,0.261475,0.306885,0.958740,43.818,33.564884,-44.717556,-0.625954,268,-128,348
106000,continuous_motion,0.286621,0.312256,0.947510,43.789,31.748091,-41.160305,0.427481,268,-128,348
106020,continuous_motion,0.303467,0.315186,0.926758,43.824,31.061069,-37.717556,2.511450,268,-128,348
106040,continuous_motion,0.323486,0.339600,0.937012,43.812,31.893129,-33.007633,3.190840,251,-144,352
106060,continuous_motion,0.334961,0.361328,0.925537,43.842,31.709923,-24.816793,2.503817,251,-144,352
106080,continuous_motion,0.331543,0.366211,0.899414,43.836,31.274809,-18.755726,0.969466,251,-144,352
106100,continuous_motion,0.333252,0.368164,0.883545,43.833,29.877863,-15.526717,0.167939,251,-151,361
106120,continuous_motion,0.342285,0.383301,0.885254,43.836,28.015266,-13.496183,0.106870,237,-151,361
106140,continuous_motion,0.368164,0.388916,0.866211,43.833,26.694656,-9.977099,0.236641,237,-151,361
106160,continuous_motion,0.371094,0.412842,0.870605,43.845,25.015266,-4.916030,-0.030534,237,-151,361
106181,continuous_motion,0.349365,0.401855,0.856201,43.818,20.465649,2.267176,-1.381679,225,-153,364
106200,continuous_motion,0.340576,0.404297,0.854004,43.818,17.862595,2.870229,-0.679389,225,-153,364
106220,continuous_motion,0.324951,0.406494,0.843018,43.848,15.099236,0.961832,-0.480916,225,-153,364
106240,continuous_motion,0.326904,0.428955,0.829346,43.824,11.641221,-1.908397,-1.633588,215,-151,365
106260,continuous_motion,0.338135,0.443359,0.860107,43.833,6.923664,-3.061069,-2.687023,215,-151,365
106280,continuous_motion,0.325195,0.410156,0.843018,43.821,0.633588,-1.213740,-3.442748,215,-151,365
106300,continuous_motion,0.309326,0.385742,0.848877,43.798,1.068702,-3.625954,-1.946565,215,-151,365
106320,continuous_motion,0.325684,0.401611,0.851807,43.848,4.916030,-7.419847,-0.404580,214,-153,368
106340,continuous_motion,0.342041,0.435059,0.870850,43.789,5.587786,-6.801527,-1.106870,214,-153,368
106360,continuous_motion,0.340820,0.444580,0.864258,43.827,2.564885,-2.335878,-4.435114,214,-153,368
106380,continuous_motion,0.327148,0.414795,0.845703,43.818,-0.221374,-1.580153,-6.015267,211,-155,368
106400,continuous_motion,0.328369,0.456055,0.871094,43.821,-4.351145,-3.335878,-7.572519,211,-155,368
106420,continuous_motion,0.332520,0.436768,0.899414,43.804,-9.206107,0.725191,-14.114504,211,-155,368
106440,continuous_motion,0.331299,0.373779,0.919922,43.851,-5.625954,8.267176,-19.000000,213,-157,367
106460,continuous_motion,0.322021,0.384521,0.943115,43.827,5.045802,17.488550,-20.580153,213,-157,367
106481,continuous_motion,0.305664,0.402100,0.924316,43.824,14.458015,23.687023,-21.282442,213,-157,367
106500,continuous_motion,0.286377,0.436768,0.902588,43.815,19.000000,24.343512,-20.534351,213,-157,367
106521,continuous_motion,0.278809,0.454102,0.870117,43.801,17.694656,18.961832,-18.862595,207,-150,368
106540,continuous_motion,0.279541,0.467773,0.878174,43.812,13.251908,11.992367,-17.381680,207,-150,368
106560,continuous_motion,0.282471,0.452393,0.887207,43.836,10.557252,8.198473,-17.259542,207,-150,368
106580,continuous_motion,0.283691,0.431885,0.874268,43.839,12.549619,7.862596,-15.595420,198,-146,371
106600,continuous_motion,0.277344,0.449219,0.851563,43.806,15.305344,7.969466,-11.786260,198,-146,371
106620,continuous_motion,0.280273,0.492920,0.831543,43.836,13.152672,6.435114,-9.541985,198,-146,371
106640,continuous_motion,0.305908,0.513672,0.812988,43.812,5.679389,6.633588,-8.167939,192,-144,372
106660,continuous_motion,0.339111,0.550293,0.841553,43.821,-5.381680,12.717557,-5.748092,192,-144,372
106680,continuous_motion,0.296631,0.512939,0.811279,43.839,-19.847328,23.244274,-2.595420,192,-144,372
106700,continuous_motion,0.263916,0.527344,0.777832,43.815,-36.778625,27.412214,1.740458,192,-144,372
106720,continuous_motion,0.277588,0.546387,0.832764,43.836,-58.770992,31.122137,2.557252,199,-134,370
106740,continuous_motion,0.266846,0.419922,0.841064,43.827,-58.877861,35.137405,0.061069,199,-134,370
106760,continuous_motion,0.276123,0.391113,0.914307,43.818,-54.633587,50.549618,3.625954,199,-134,370
106780,continuous_motion,0.212646,0.343994,0.884521,43.809,-52.061069,65.610687,8.297709,228,-117,363
106800,continuous_motion,0.168701,0.324707,0.892578,43.804,-44.396946,69.152672,10.732824,228,-117,363
106820,continuous_motion,0.152832,0.319336,0.863037,43.833,-30.984734,65.587784,7.916030,228,-117,363
106840,continuous_motion,0.197754,0.403564,0.991943,43.833,-32.557251,71.465652,2.206107,245,-88,355
106860,continuous_motion,0.093750,0.279541,0.894775,43.815,-36.717556,74.458015,-0.961832,245,-88,355
106880,continuous_motion,0.088135,0.272217,0.928467,43.824,-33.122139,66.465652,-1.145038,245,-88,355
106900,continuous_motion,0.099121,0.316895,0.894287,43.789,-33.396946,60.297710,-1.496183,245,-88,355
106920,continuous_motion,0.149414,0.405518,1.056885,43.842,-42.450382,64.610687,-3.450382,262,-61,344
106940,continuous_motion,0.037109,0.235596,0.930176,43.798,-58.618320,75.603050,-5.633588,262,-61,344
106960,continuous_motion,0.005371,0.211670,0.961670,43.818,-54.091602,72.488548,-6.167939,262,-61,344
106980,continuous_motion,-0.021484,0.195557,0.910645,43.821,-44.259541,68.175575,-7.908397,285,-37,327
107000,continuous_motion,-0.004395,0.236572,0.918213,43.815,-34.595421,66.748093,-11.351145,285,-37,327
107020,continuous_motion,-0.005859,0.271973,1.028320,43.815,-44.030533,81.908394,-15.465649,285,-37,327
107040,continuous_motion,-0.079346,0.129883,1.008057,43.833,-46.374046,89.946564,-10.885496,306,-13,308
107060,continuous_motion,-0.170410,0.085449,0.940430,43.818,-36.786259,88.083969,-2.068702,306,-13,308
107080,continuous_motion,-0.231934,0.143555,0.926025,43.827,-18.137405,73.335876,0.282443,306,-13,308
107100,continuous_motion,-0.229736,0.235840,0.939453,43.851,-14.809160,58.038166,-5.290076,306,-13,308
107120,continuous_motion,-0.243164,0.262451,0.937744,43.827,-29.778625,44.816795,-10.671756,316,8,293
107140,continuous_motion,-0.258545,0.211670,0.964355,43.827,-53.786259,34.358780,-13.190840,316,8,293
107160,continuous_motion,-0.278076,0.091064,0.978027,43.833,-68.190842,21.832062,-9.824428,316,8,293
107180,continuous_motion,-0.308350,0.080811,0.977051,43.839,-65.190842,6.755725,-4.488550,340,13,273
107200,continuous_motion,-0.268555,0.099854,1.036377,43.848,-59.709923,-4.770992,-2.725191,340,13,273
107220,continuous_motion,-0.264404,0.080322,0.999268,43.806,-60.549618,-12.381680,-2.374046,340,13,273
107241,continuous_motion,-0.214600,0.066650,1.032715,43.839,-57.465649,-18.290077,-4.244275,340,13,273
107260,continuous_motion,-0.192139,0.038330,1.019043,43.815,-55.610687,-17.946566,-6.908397,362,5,257
107280,continuous_motion,-0.193848,0.002686,1.060303,43.851,-53.740459,-11.274809,-10.030535,362,5,257
107300,continuous_motion,-0.184570,-0.051758,1.057861,43.809,-49.725189,-1.419847,-12.793893,362,5,257
107320,continuous_motion,-0.179932,-0.072998,1.048584,43.809,-41.709923,7.419847,-9.816793,383,-4,239
107340,continuous_motion,-0.198975,-0.059570,1.043457,43.795,-34.068703,12.122137,-5.282443,383,-4,239
107360,continuous_motion,-0.227051,-0.087646,1.035156,43.795,-33.877861,17.389313,-3.786260,383,-4,239
107380,continuous_motion,-0.233154,-0.099609,1.041748,43.839,-33.099236,20.969465,-3.381679,396,-4,224
107400,continuous_motion,-0.239746,-0.108398,1.015869,43.821,-27.709923,19.687023,-3.160305,396,-4,224
107420,continuous_motion,-0.252197,-0.076172,0.998047,43.789,-22.473282,11.763359,-3.694656,396,-4,224
107440,continuous_motion,-0.270264,-0.094482,0.996094,43.839,-25.687023,6.290076,-8.511451,396,-4,224
107460,continuous_motion,-0.234375,-0.115479,1.000000,43.830,-31.648855,5.748092,-12.748092,405,-4,214
107480,continuous_motion,-0.223145,-0.141846,0.987305,43.824,-31.610687,8.038168,-13.221375,405,-4,214
107500,continuous_motion,-0.224365,-0.146973,0.984863,43.821,-28.786259,7.480916,-11.305344,405,-4,214
107520,continuous_motion,-0.232666,-0.179688,0.988037,43.827,-28.801527,10.068703,-9.229008,415,-8,199
107540,continuous_motion,-0.224365,-0.194824,0.992188,43.812,-28.229008,16.526718,-6.870229,415,-8,199
107560,continuous_motion,-0.229980,-0.212402,0.983398,43.845,-20.900763,24.893129,-5.244275,415,-8,199
107580,continuous_motion,-0.235596,-0.215332,0.987305,43.815,-11.633588,30.885496,-4.183206,421,-6,188
107601,continuous_motion,-0.271484,-0.205566,0.986328,43.842,-6.671756,37.519085,-3.702290,421,-6,188
107620,continuous_motion,-0.304688,-0.200684,0.972168,43.798,-5.709924,39.847328,-3.312977,421,-6,188
107641,continuous_motion,-0.330322,-0.184570,0.953857,43.845,-5.564886,33.709923,-2.526718,421,-6,188
107660,continuous_motion,-0.326416,-0.160889,0.945557,43.801,-5.801527,24.053434,-3.106870,423,0,181
107680,continuous_motion,-0.342285,-0.154053,0.952637,43.830,-10.740458,16.541985,-6.633588,423,0,181
107700,continuous_motion,-0.338867,-0.176514,0.976563,43.830,-17.091602,13.458015,-10.320611,423,0,181
107720,continuous_motion,-0.330078,-0.201416,0.970459,43.815,-17.824427,9.572519,-11.030535,426,1,171
107740,continuous_motion,-0.312500,-0.213379,0.955566,43.833,-13.320611,6.709924,-9.480916,426,1,171
107760,continuous_motion,-0.304199,-0.211182,0.964111,43.827,-8.366412,7.259542,-5.778626,426,1,171
107780,continuous_motion,-0.319580,-0.216797,0.962646,43.818,-7.732824,11.664123,-3.809160,429,-1,165
107800,continuous_motion,-0.322021,-0.223877,0.955078,43.815,-6.832061,14.709924,-2.877863,429,-1,165
107820,continuous_motion,-0.336426,-0.210938,0.938232,43.833,-3.152672,12.183207,-1.251908,429,-1,165
107840,continuous_motion,-0.346924,-0.197266,0.927002,43.845,-1.587786,7.526718,-1.679389,429,-1,165
107860,continuous_motion,-0.363525,-0.201904,0.942871,43.833,-6.267176,3.458015,-3.977099,431,-1,164
107880,continuous_motion,-0.359131,-0.219727,0.940186,43.815,-9.938931,-0.946565,-5.106870,431,-1,164
107900,continuous_motion,-0.353516,-0.215332,0.933105,43.806,-9.839695,-8.633588,-4.236641,431,-1,164
107920,continuous_motion,-0.344238,-0.226807,0.946045,43.812,-11.198473,-13.328244,-2.854962,433,-4,158
107940,continuous_motion,-0.333496,-0.231445,0.953369,43.827,-14.717557,-14.740458,-1.664122,433,-4,158
107960,continuous_motion,-0.330078,-0.230469,0.959473,43.801,-15.404580,-15.244275,-0.809160,433,-4,158
107980,continuous_motion,-0.326416,-0.243408,0.952881,43.792,-12.503817,-17.893129,0.160305,436,-7,154
108000,continuous_motion,-0.321045,-0.253906,0.937012,43.839,-10.374045,-21.916031,3.030534,436,-7,154
108020,continuous_motion,-0.325684,-0.227783,0.954590,43.801,-12.251908,-26.740458,5.007634,436,-7,154
108040,continuous_motion,-0.315186,-0.246094,0.958252,43.798,-16.305344,-30.450382,4.816794,436,-7,154
108060,continuous_motion,-0.288330,-0.275635,0.952881,43.798,-16.854961,-34.671757,8.412213,438,-11,153
108080,continuous_motion,-0.268799,-0.291260,0.967285,43.806,-13.595420,-38.458015,14.129771,438,-11,153
108100,continuous_motion,-0.250977,-0.279297,0.978516,43.789,-11.854961,-39.007633,18.618320,438,-11,153
108120,continuous_motion,-0.219971,-0.280762,0.991211,43.836,-9.450381,-36.106869,19.610687,438,-10,152
108140,continuous_motion,-0.203125,-0.286621,1.002441,43.824,-2.862595,-31.282442,20.450382,438,-10,152
108160,continuous_motion,-0.199463,-0.276123,0.990479,43.809,3.770992,-27.763359,20.198473,438,-10,152
108180,continuous_motion,-0.194092,-0.256592,0.985352,43.809,9.389313,-23.969465,17.633587,438,-7,152
108200,continuous_motion,-0.187988,-0.248535,0.988281,43.818,12.740458,-20.862595,15.625955,435,-7,158
108220,continuous_motion,-0.191406,-0.241211,0.972168,43.824,14.740458,-17.916031,13.061069,435,-7,158
108240,continuous_motion,-0.196045,-0.233643,0.966064,43.821,16.702290,-18.061069,11.152672,435,-7,158
108260,continuous_motion,-0.188721,-0.227539,0.970215,43.818,20.030535,-20.007633,7.740458,429,-4,166
108280,continuous_motion,-0.195313,-0.215332,0.993896,43.792,24.450382,-21.083969,3.778626,429,-4,166
108300,continuous_motion,-0.196533,-0.255371,0.988770,43.818,32.290077,-22.992367,1.541985,429,-4,166
108320,continuous_motion,-0.170410,-0.246338,1.009766,43.821,41.793892,-24.435114,9.145039,421,-8,182
108341,continuous_motion,-0.163330,-0.213379,0.998047,43.783,45.908398,-24.022902,19.832062,421,-8,182
108360,continuous_motion,-0.165039,-0.154785,0.983154,43.798,47.320610,-25.305344,26.389313,421,-8,182
108381,continuous_motion,-0.171143,-0.117676,0.980469,43.818,44.961834,-29.053434,25.870230,421,-8,182
108400,continuous_motion,-0.163086,-0.092041,0.977539,43.815,38.854961,-33.045803,21.496183,406,-5,203
108420,continuous_motion,-0.139893,-0.088379,0.997070,43.815,30.977098,-36.679390,15.488549,406,-5,203
108440,continuous_motion,-0.121338,-0.117188,1.009521,43.786,25.893129,-38.305344,12.931297,406,-5,203
108460,continuous_motion,-0.085693,-0.134521,1.020752,43.809,27.007633,-37.366413,13.557252,395,-8,220
108480,continuous_motion,-0.069336,-0.113281,1.023682,43.818,30.374046,-32.328243,15.290076,395,-8,220
108500,continuous_motion,-0.065674,-0.089111,1.025635,43.818,33.992367,-28.351145,13.709924,395,-8,220
108520,continuous_motion,-0.068604,-0.058838,1.018799,43.824,36.572517,-26.862595,9.198473,383,-10,237
108540,continuous_motion,-0.060547,-0.044678,1.003418,43.801,35.610687,-25.412214,2.404580,383,-10,237
108560,continuous_motion,-0.038086,-0.037842,1.004150,43.809,33.145039,-24.251909,-1.419847,383,-10,237
108580,continuous_motion,-0.035400,-0.013184,1.011230,43.804,29.328245,-23.656488,-3.076336,383,-10,237
108600,continuous_motion,-0.041260,-0.038818,1.010986,43.792,24.908398,-23.229008,-3.908397,372,-18,251
108620,continuous_motion,-0.017334,-0.036377,1.023193,43.783,25.343512,-22.900763,-2.862595,372,-18,251
108640,continuous_motion,-0.012695,-0.026367,1.019287,43.821,28.190840,-20.732824,-1.251908,372,-18,251
108660,continuous_motion,-0.004883,0.003906,1.013428,43.795,30.839695,-17.992367,-0.145038,362,-25,262
108680,continuous_motion,0.002686,0.023682,1.021729,43.789,30.473282,-14.908397,-0.282443,362,-25,262
108700,continuous_motion,0.000732,0.018311,1.019287,43.806,30.862595,-12.206107,-0.221374,362,-25,262
108720,continuous_motion,-0.003662,0.031006,1.013428,43.809,33.404579,-12.450381,0.091603,351,-30,274
108740,continuous_motion,-0.002930,0.051758,0.994629,43.777,36.114502,-17.908398,-0.442748,351,-30,274
108760,continuous_motion,0.011475,0.081787,1.012451,43.798,35.137405,-22.770992,-3.160305,351,-30,274
108781,continuous_motion,0.023682,0.099365,1.019531,43.824,31.786259,-23.564886,-7.595420,351,-30,274
108800,continuous_motion,0.021484,0.073975,1.019775,43.815,29.335878,-23.045801,-10.366412,337,-37,287
108820,continuous_motion,0.029785,0.064941,1.007568,43.795,33.664124,-28.740458,-9.083969,337,-37,287
108840,continuous_motion,0.054688,0.105957,1.013184,43.812,38.038166,-32.366413,-7.923664,337,-37,287
108860,continuous_motion,0.083252,0.151367,1.008789,43.804,37.320610,-28.954199,-10.496183,325,-51,298
108880,continuous_motion,0.087646,0.177979,1.021973,43.809,34.633587,-22.961832,-14.221375,325,-51,298
108900,continuous_motion,0.082520,0.152344,1.020020,43.801,30.175573,-17.900763,-16.580153,325,-51,298
108920,continuous_motion,0.049561,0.107666,0.984863,43.836,29.022902,-19.358778,-15.580153,312,-63,308
108940,continuous_motion,0.063477,0.133789,0.975830,43.815,34.091602,-29.167938,-13.427481,312,-63,308
108960,continuous_motion,0.101074,0.195313,0.975098,43.780,36.625954,-34.938931,-15.908397,312,-63,308
108980,continuous_motion,0.149414,0.237305,0.999512,43.798,30.274809,-31.290077,-20.877863,312,-63,308
109000,continuous_motion,0.169434,0.218018,1.012451,43.801,21.183207,-21.923664,-23.595419,299,-78,318
109020,continuous_motion,0.160400,0.161133,0.989014,43.812,21.320610,-15.664123,-20.664122,299,-78,318
109040,continuous_motion,0.147461,0.197266,0.982666,43.806,27.503817,-13.297709,-17.625954,299,-78,318
109060,continuous_motion,0.152344,0.254150,0.983398,43.792,28.961832,-11.381680,-20.381680,291,-90,325
109080,continuous_motion,0.157959,0.259277,0.975342,43.801,23.679390,-8.190840,-25.229008,291,-90,325
109100,continuous_motion,0.162598,0.263672,0.988525,43.801,17.664122,-6.740458,-25.076336,291,-90,325
109120,continuous_motion,0.128418,0.217041,0.973145,43.827,14.030535,-6.816794,-22.770992,281,-98,329
109140,continuous_motion,0.124268,0.221436,0.964355,43.812,19.229008,-13.458015,-20.854961,281,-98,329
109160,continuous_motion,0.145020,0.264160,0.973145,43.824,22.175573,-18.786259,-19.839695,281,-98,329
109180,continuous_motion,0.175293,0.299805,0.983398,43.804,18.656488,-18.122137,-19.908398,281,-98,329
109200,continuous_motion,0.185547,0.287354,0.974365,43.818,14.251908,-15.015267,-19.709923,272,-110,332
109220,continuous_motion,0.187744,0.274902,0.973877,43.827,13.847328,-12.251908,-16.725191,272,-110,332
109240,continuous_motion,0.189453,0.284180,0.995361,43.804,15.160305,-8.488549,-11.809160,272,-110,332
109260,continuous_motion,0.164063,0.269287,0.962158,43.786,18.961832,-4.618320,-7.343512,265,-118,335
109280,continuous_motion,0.150146,0.299072,0.960693,43.821,24.099237,-4.473282,-3.290076,265,-118,335
109300,continuous_motion,0.160156,0.359375,0.940430,43.839,22.885496,-6.022901,-1.732824,265,-118,335
109320,continuous_motion,0.172852,0.386963,0.941650,43.801,12.664123,-5.190840,-2.625954,265,-118,335
109340,continuous_motion,0.162842,0.360352,0.943604,43.804,3.694656,-5.022901,-3.832061,255,-121,338
109360,continuous_motion,0.157959,0.319336,0.934326,43.798,1.633588,-6.244275,-3.519084,255,-121,338
109380,continuous_motion,0.169922,0.322266,0.927002,43.804,2.618321,-7.564886,-1.015267,255,-121,338
109400,continuous_motion,0.197754,0.349609,0.943359,43.833,2.702290,-5.000000,1.114504,252,-124,336
109420,continuous_motion,0.203369,0.361816,0.947510,43.804,0.290076,1.366412,1.022901,252,-124,336
109441,continuous_motion,0.185303,0.363037,0.935059,43.792,-5.969466,9.832061,-0.007634,252,-124,336
109460,continuous_motion,0.172607,0.367432,0.913574,43.818,-13.679389,12.396947,0.687023,253,-123,335
109480,continuous_motion,0.165771,0.365479,0.932861,43.789,-27.038168,15.465649,0.877863,253,-123,335
109500,continuous_motion,0.170166,0.362793,0.970215,43.780,-36.259541,21.458015,-1.389313,253,-123,335
109520,continuous_motion,0.145264,0.278809,0.943848,43.801,-44.015266,30.419847,-2.015267,253,-123,335
109540,continuous_motion,0.118652,0.238037,0.965576,43.824,-42.786259,36.137405,0.358779,269,-116,329
109560,continuous_motion,0.096191,0.200439,0.978516,43.804,-37.366413,39.404579,5.114504,269,-116,329
109580,continuous_motion,0.094727,0.231201,0.984619,43.804,-34.007633,41.610687,12.068703,269,-116,329
109600,continuous_motion,0.066162,0.218018,0.972168,43.812,-29.778625,39.320610,15.091603,287,-100,320
109620,continuous_motion,0.046143,0.214600,0.964844,43.809,-25.732824,30.358778,15.595420,287,-100,320
109641,continuous_motion,0.056641,0.226807,0.988525,43.839,-28.274809,22.183207,12.671756,287,-100,320
109660,continuous_motion,0.074219,0.209717,0.992920,43.798,-31.312977,16.755726,8.503817,299,-86,314
109680,continuous_motion,0.083740,0.183350,1.008301,43.824,-32.801525,15.534351,6.748092,299,-86,314
109700,continuous_motion,0.084961,0.154297,1.011719,43.818,-31.503817,17.076336,6.381680,299,-86,314
109720,continuous_motion,0.107666,0.166260,1.020264,43.815,-25.725191,18.816793,7.839694,299,-86,314
109740,continuous_motion,0.088623,0.166016,1.016846,43.812,-25.694656,24.687023,7.435114,312,-79,305
109761,continuous_motion,0.058594,0.147217,1.000488,43.833,-24.358778,27.160305,5.022901,312,-79,305
109780,continuous_motion,0.059326,0.147461,0.989258,43.830,-22.480917,27.076336,2.595420,312,-79,305
109800,continuous_motion,0.082520,0.154785,0.989258,43.786,-23.839695,30.007633,2.282443,323,-68,299
109820,continuous_motion,0.104980,0.200684,1.015381,43.806,-31.946566,41.229008,2.625954,323,-68,299
109840,continuous_motion,0.073975,0.139893,0.981201,43.786,-45.534351,58.961834,2.587786,323,-68,299
109861,continuous_motion,0.039795,0.067139,0.959961,43.821,-48.480915,68.770996,6.587786,338,-50,284
109880,continuous_motion,0.010254,0.042236,0.953857,43.789,-50.671757,78.656487,10.709924,338,-50,284
109900,continuous_motion,-0.032471,0.035645,0.946533,43.839,-52.183205,87.419846,9.832061,338,-50,284
109920,continuous_motion,-0.088135,0.002930,0.950684,43.821,-52.702290,90.496185,4.229008,338,-50,284
109940,continuous_motion,-0.140381,-0.001221,0.943115,43.783,-51.045803,85.022903,-3.694656,357,-22,259
109960,continuous_motion,-0.206299,-0.047119,0.920410,43.792,-50.564884,71.610687,-13.641221,357,-22,259
109980,continuous_motion,-0.240967,-0.078857,0.958252,43.824,-49.206108,55.297710,-20.961832,357,-22,259
110000,continuous_motion,-0.244385,-0.053711,1.008545,43.815,-51.328243,41.832062,-30.152672,376,-9,235
110020,continuous_motion,-0.246338,-0.081299,1.001953,43.783,-52.862595,32.709923,-37.595421,376,-9,235
110040,continuous_motion,-0.234863,-0.087402,1.036621,43.806,-52.351147,25.572519,-38.564884,376,-9,235
110060,continuous_motion,-0.229248,-0.117432,1.069580,43.798,-52.274811,26.969465,-35.450382,397,-18,211
110080,continuous_motion,-0.256592,-0.149902,1.064697,43.809,-47.160305,31.053434,-30.473282,397,-18,211
110101,continuous_motion,-0.260742,-0.179199,1.043457,43.786,-34.038166,30.969465,-23.480917,397,-18,211
110120,continuous_motion,-0.269775,-0.135498,1.031006,43.801,-21.900763,28.732824,-16.793894,397,-18,211
110141,continuous_motion,-0.300049,-0.122314,1.044434,43.806,-20.473282,30.236641,-16.167938,409,-21,194
110160,continuous_motion,-0.325439,-0.144531,1.016357,43.804,-21.312977,33.175571,-18.732824,409,-21,194
110180,continuous_motion,-0.331543,-0.172607,0.999268,43.806,-16.000000,29.122137,-17.786259,409,-21,194
110200,continuous_motion,-0.331299,-0.157715,1.000244,43.806,-8.893129,21.091602,-12.778625,416,-22,183
110220,continuous_motion,-0.340088,-0.138184,0.998291,43.836,-9.007633,17.778625,-9.824428,416,-22,183
110240,continuous_motion,-0.352295,-0.155029,0.983643,43.792,-11.877863,15.206107,-8.229008,416,-22,183
110260,continuous_motion,-0.352783,-0.149414,0.971924,43.815,-12.740458,7.763359,-4.839694,416,-22,183
110280,continuous_motion,-0.355469,-0.153564,0.961670,43.827,-13.877863,-2.404580,-0.755725,421,-24,176
110300,continuous_motion,-0.339111,-0.168701,0.979980,43.804,-17.496183,-8.152672,1.381679,421,-24,176
110320,continuous_motion,-0.329834,-0.185547,0.981201,43.833,-18.206106,-12.068703,4.274809,421,-24,176
110340,continuous_motion,-0.325439,-0.190918,0.976563,43.812,-15.450381,-16.244274,7.045802,424,-24,171
110360,continuous_motion,-0.304443,-0.201172,0.964355,43.818,-12.786260,-21.526718,10.358779,424,-24,171
110380,continuous_motion,-0.290039,-0.197510,0.964844,43.809,-12.030535,-23.007633,13.358779,424,-24,171
110400,continuous_motion,-0.283447,-0.204834,0.965332,43.815,-14.053435,-22.977098,14.366412,425,-22,168
110420,continuous_motion,-0.273682,-0.207031,0.964844,43.856,-14.595420,-23.251909,15.221375,425,-22,168
110440,continuous_motion,-0.261230,-0.204834,0.956299,43.804,-13.053435,-25.091602,15.503817,425,-22,168
110460,continuous_motion,-0.247314,-0.202637,0.949463,43.795,-14.427481,-26.061069,16.366413,425,-22,168
110480,continuous_motion,-0.239014,-0.186523,0.929199,43.806,-19.419847,-26.396946,17.267176,427,-20,167
110500,continuous_motion,-0.247803,-0.194092,0.907471,43.818,-30.213741,-29.396946,18.435114,427,-20,167
110520,continuous_motion,-0.239258,-0.254150,0.894531,43.812,-40.320610,-37.427483,22.083969,427,-20,167
110540,continuous_motion,-0.210449,-0.230713,0.902344,43.809,-42.488548,-45.320610,24.496183,434,-17,159
110560,continuous_motion,-0.170898,-0.258057,0.925537,43.804,-43.030533,-48.885498,23.114504,434,-17,159
110580,continuous_motion,-0.141357,-0.287354,0.949951,43.798,-43.297710,-45.648853,22.458015,434,-17,159
110600,continuous_motion,-0.110840,-0.325195,0.979492,43.804,-41.977100,-35.656490,22.450382,441,-14,146
110620,continuous_motion,-0.102539,-0.360352,0.995850,43.809,-36.328243,-21.290077,22.748091,441,-14,146
110640,continuous_motion,-0.115723,-0.373535,0.997559,43.809,-26.442749,-5.778626,21.061069,441,-14,146
110660,continuous_motion,-0.134766,-0.375244,0.992920,43.821,-13.839695,4.083970,18.969465,441,-14,146
110680,continuous_motion,-0.143066,-0.362061,0.990479,43.795,-2.603053,8.870229,17.305344,444,-7,137
110700,continuous_motion,-0.163818,-0.339111,0.978516,43.848,5.267176,12.595420,12.503817,444,-7,137
110720,continuous_motion,-0.187256,-0.324951,0.961426,43.854,6.229008,14.015267,7.190840,444,-7,137
110740,continuous_motion,-0.204834,-0.326416,0.947266,43.798,3.137405,11.251908,4.267176,445,1,138
110761,continuous_motion,-0.218018,-0.329102,0.940674,43.824,0.900763,5.290076,2.145038,445,1,138
110780,continuous_motion,-0.206543,-0.332520,0.934570,43.818,0.465649,-0.725191,1.343511,445,1,138
110801,continuous_motion,-0.181396,-0.324951,0.942139,43.786,-0.679389,-4.503817,1.717557,444,2,138
110820,continuous_motion,-0.175537,-0.316650,0.952148,43.815,-2.190840,-4.221374,1.297710,444,2,138
110841,continuous_motion,-0.170166,-0.320313,0.947021,43.815,-2.687023,-2.984733,0.839695,444,2,138
110860,continuous_motion,-0.161377,-0.321045,0.949951,43.795,-1.122137,-2.152672,0.061069,444,2,138
110880,continuous_motion,-0.163330,-0.316895,0.948975,43.806,0.442748,-1.854962,-0.206107,444,0,137
110900,continuous_motion,-0.163086,-0.311523,0.950684,43.806,0.625954,-1.038168,0.106870,444,0,137
110920,continuous_motion,-0.170166,-0.314697,0.953613,43.812,-0.549618,0.312977,0.633588,444,0,137
110940,continuous_motion,-0.172852,-0.317627,0.956055,43.801,-1.160305,-0.251908,0.664122,444,2,137
110960,continuous_motion,-0.177490,-0.321777,0.960938,43.809,-0.160305,-2.534351,0.580153,444,2,137
110980,continuous_motion,-0.172363,-0.319824,0.966309,43.812,0.923664,-4.580153,-0.145038,444,2,137
111000,continuous_motion,-0.177246,-0.321533,0.977295,43.801,0.091603,-4.832061,-0.442748,446,0,137
111020,continuous_motion,-0.184570,-0.314209,0.985107,43.815,-1.297710,-5.389313,-1.022901,446,0,137
111040,continuous_motion,-0.176025,-0.329834,0.980957,43.824,0.557252,-8.610687,-2.473282,446,0,137
111061,continuous_motion,-0.160889,-0.331787,0.976074,43.824,5.167939,-12.961832,-0.908397,446,0,137
111080,continuous_motion,-0.153076,-0.320801,0.987793,43.804,7.328244,-13.419847,0.175573,445,-2,139
111101,continuous_motion,-0.143799,-0.311035,0.992188,43.818,7.763359,-12.610687,1.274809,445,-2,139
111120,continuous_motion,-0.150635,-0.302979,0.979980,43.812,7.572519,-12.732824,1.595420,445,-2,139
111140,continuous_motion,-0.145508,-0.298584,0.970947,43.839,5.992366,-15.358779,2.000000,443,-6,144
111160,continuous_motion,-0.134521,-0.303955,0.979736,43.786,2.679389,-17.526718,1.938931,443,-6,144
111180,continuous_motion,-0.115967,-0.304443,0.980225,43.804,0.656489,-16.099237,0.137405,443,-6,144
111200,continuous_motion,-0.104248,-0.319092,0.981445,43.795,1.167939,-12.549619,-2.305344,442,-7,148
111220,continuous_motion,-0.105957,-0.328613,0.975098,43.804,3.488550,-8.183207,-4.335878,442,-7,148
111240,continuous_motion,-0.107178,-0.322021,0.972900,43.830,5.404580,-3.839695,-4.572519,442,-7,148
111260,continuous_motion,-0.116455,-0.313232,0.976074,43.789,5.740458,-1.007634,-4.221374,442,-7,148
111280,continuous_motion,-0.119873,-0.313965,0.978271,43.821,6.122138,0.152672,-4.030534,441,-10,149
111300,continuous_motion,-0.122559,-0.307617,0.978516,43.780,7.641222,-0.312977,-4.824428,441,-10,149
111320,continuous_motion,-0.127441,-0.294678,0.986816,43.833,8.190840,-1.259542,-6.694656,441,-10,149
111340,continuous_motion,-0.123047,-0.302490,0.978516,43.809,8.435115,-3.312977,-8.740458,441,-12,153
111360,continuous_motion,-0.121338,-0.293701,0.977295,43.818,9.061069,-6.618320,-7.824428,441,-12,153
111381,continuous_motion,-0.131104,-0.289307,0.980225,43.798,9.152672,-9.961832,-7.038168,441,-12,153
111400,continuous_motion,-0.117676,-0.283203,0.969971,43.768,9.137404,-13.190840,-5.946565,441,-12,153
111420,continuous_motion,-0.110107,-0.273438,0.974365,43.804,11.190840,-17.641222,-5.717557,438,-18,158
111440,continuous_motion,-0.094238,-0.272949,0.967529,43.792,15.473283,-21.809160,-7.152672,438,-18,158
111460,continuous_motion,-0.086914,-0.260010,0.973877,43.804,18.580153,-23.488550,-8.015267,438,-18,158
111480,continuous_motion,-0.092285,-0.255859,0.979492,43.792,23.053434,-25.389313,-10.946565,437,-26,167
111500,continuous_motion,-0.067139,-0.252441,1.000000,43.795,29.083969,-29.916031,-11.572519,437,-26,167
111520,continuous_motion,-0.046631,-0.280762,0.996338,43.804,38.236641,-33.557251,-10.984733,437,-26,167
111540,continuous_motion,-0.030762,-0.250977,1.008789,43.806,52.053436,-34.625954,-10.412213,431,-37,181
111560,continuous_motion,-0.020752,-0.164307,1.018555,43.818,54.977100,-29.137405,-10.511451,431,-37,181
111580,continuous_motion,-0.032959,-0.193604,0.994629,43.804,53.190838,-27.152672,-12.557252,431,-37,181
111600,continuous_motion,-0.019287,-0.170654,1.007813,43.827,62.381680,-33.946564,-13.755725,431,-37,181
111620,continuous_motion,-0.015137,-0.164063,1.008789,43.771,71.374046,-36.091602,-17.435114,418,-50,209
111640,continuous_motion,0.023193,-0.142822,1.031250,43.783,76.564888,-34.015266,-19.557251,418,-50,209
111660,continuous_motion,0.023682,-0.143066,1.032715,43.798,79.343513,-24.312977,-22.389313,418,-50,209
111680,continuous_motion,0.034180,-0.129883,1.060303,43.830,86.541985,-15.099236,-23.251909,397,-68,238
111700,continuous_motion,0.022461,-0.116211,1.044434,43.786,93.389313,-7.190840,-20.312977,397,-68,238
111721,continuous_motion,-0.014160,-0.071777,1.015137,43.806,98.648857,-5.877862,-14.854961,397,-68,238
111740,continuous_motion,-0.008301,0.013916,0.993164,43.795,99.038170,-11.083969,-11.748092,366,-79,270
111760,continuous_motion,0.013916,0.104004,1.016602,43.795,86.778625,-10.938931,-12.480916,366,-79,270
111780,continuous_motion,0.020264,0.134033,0.979736,43.809,65.145035,-9.267176,-13.931297,366,-79,270
111800,continuous_motion,0.028564,0.114258,0.968018,43.789,48.106869,-16.206106,-10.709924,366,-79,270
111820,continuous_motion,0.046143,0.127197,0.970703,43.809,37.564884,-23.068703,-4.213740,340,-88,291
111840,continuous_motion,0.061279,0.139893,0.975830,43.804,30.496183,-26.603054,-0.992366,340,-88,291
111860,continuous_motion,0.090088,0.185059,0.985840,43.801,22.297710,-25.641222,-0.809160,340,-88,291
111880,continuous_motion,0.101807,0.152100,0.994141,43.809,17.732824,-23.572519,-1.251908,326,-96,299
111900,continuous_motion,0.101807,0.130615,0.996094,43.786,19.305344,-21.358778,0.511450,326,-96,299
111920,continuous_motion,0.113037,0.123047,0.999268,43.818,28.702290,-18.931297,0.763359,326,-96,299
111940,continuous_motion,0.121582,0.154053,1.003906,43.777,39.396946,-15.145039,-1.068702,316,-105,307
111960,continuous_motion,0.130615,0.208496,0.995605,43.792,44.603054,-8.900764,-3.305344,316,-105,307
111980,continuous_motion,0.128418,0.203857,0.966309,43.804,44.343510,-6.465649,-3.343511,316,-105,307
112000,continuous_motion,0.126221,0.243896,0.960449,43.798,43.473282,-7.580153,-2.229008,316,-105,307
112020,continuous_motion,0.134521,0.277588,0.973145,43.812,39.908398,-7.221374,-4.412214,298,-108,318
112040,continuous_motion,0.135742,0.285645,0.959229,43.804,34.595421,-6.259542,-5.526718,298,-108,318
112060,continuous_motion,0.130371,0.288818,0.949219,43.792,28.015266,-7.351145,-4.251908,298,-108,318
112080,continuous_motion,0.158447,0.309814,0.938721,43.806,19.114504,-8.877863,-1.465649,283,-112,326
112100,continuous_motion,0.189697,0.334717,0.960938,43.812,9.503817,-5.213740,-0.381679,283,-112,326
112121,continuous_motion,0.177734,0.328857,0.933594,43.792,-1.793893,2.343511,-0.229008,283,-112,326
112140,continuous_motion,0.158203,0.292969,0.937744,43.806,-10.770992,8.381680,-0.396947,283,-112,327
112160,continuous_motion,0.125977,0.264404,0.915039,43.789,-13.389313,11.091603,-0.832061,283,-112,327
112180,continuous_motion,0.144531,0.264404,0.906494,43.792,-13.755725,12.221375,-0.564886,283,-112,327
112200,continuous_motion,0.184326,0.343994,0.972656,43.809,-19.709923,19.412214,0.503817,283,-112,327
112220,continuous_motion,0.129639,0.273438,0.917480,43.801,-36.717556,33.832062,-1.664122,288,-106,322
112240,continuous_motion,0.102051,0.232666,0.915039,43.789,-43.251907,35.541985,-0.519084,288,-106,322
112260,continuous_motion,0.076172,0.206787,0.919678,43.801,-47.984734,36.763359,0.068702,288,-106,322
112280,continuous_motion,0.072998,0.223145,0.957520,43.801,-50.106869,37.442749,-1.465649,309,-94,311
112301,continuous_motion,0.027344,0.202881,0.966553,43.786,-56.992367,39.366413,-5.900764,309,-94,311
112320,continuous_motion,-0.019287,0.131836,0.954834,43.818,-55.946564,36.175571,-10.862596,309,-94,311
112340,continuous_motion,-0.002930,0.114014,0.966553,43.806,-48.702290,27.748091,-10.732824,309,-94,311
112361,continuous_motion,0.031982,0.136475,0.971436,43.786,-41.717556,24.511450,-8.137404,334,-84,298
112380,continuous_motion,0.049561,0.127686,1.026123,43.815,-43.832062,33.984734,-3.969466,334,-84,298
112400,continuous_motion,-0.004150,0.047119,0.974854,43.824,-45.870228,41.854961,4.312977,334,-84,298
112420,continuous_motion,-0.036621,0.061523,0.981201,43.792,-42.015266,34.664124,15.251908,351,-72,283
112440,continuous_motion,-0.039063,0.080811,0.982178,43.798,-44.984734,22.725191,22.106871,351,-72,283
112460,continuous_motion,-0.002930,0.095215,1.014648,43.818,-50.114502,15.732824,21.732824,351,-72,283
112480,continuous_motion,0.009766,0.048584,1.035645,43.809,-59.732826,18.984734,18.832062,369,-58,268
112500,continuous_motion,-0.019531,-0.007568,1.026611,43.798,-66.908394,25.305344,17.312977,369,-58,268
112520,continuous_motion,-0.028564,-0.068115,1.039795,43.806,-63.694656,24.450382,16.801527,369,-58,268
112540,continuous_motion,-0.010010,-0.080078,1.061523,43.812,-53.366413,24.198473,15.534351,369,-58,268
112560,continuous_motion,0.015625,-0.105469,1.069580,43.783,-47.343510,30.519083,14.152672,391,-45,248
112580,continuous_motion,-0.012695,-0.092529,1.114990,43.801,-47.893131,44.435116,12.251908,391,-45,248
112600,continuous_motion,-0.077637,-0.188232,1.044922,43.818,-44.236641,47.190838,8.404580,391,-45,248
112620,continuous_motion,-0.090576,-0.180908,1.054199,43.818,-28.312977,37.335876,5.938931,404,-30,226
112640,continuous_motion,-0.091064,-0.149414,1.068359,43.801,-20.213741,32.137405,-1.465649,404,-30,226
112660,continuous_motion,-0.088135,-0.128174,1.054443,43.809,-21.969465,34.587788,-10.732824,404,-30,226
112680,continuous_motion,-0.093750,-0.159668,1.036621,43.815,-27.709923,38.259541,-14.748092,412,-23,213
112700,continuous_motion,-0.120361,-0.179688,1.042969,43.827,-29.206106,38.793892,-12.442748,412,-23,213
112720,continuous_motion,-0.151367,-0.178711,1.038818,43.809,-25.954199,37.786259,-11.549619,412,-23,213
112740,continuous_motion,-0.193359,-0.188965,1.031250,43.821,-18.679390,31.854961,-13.908397,412,-23,213
112760,continuous_motion,-0.210205,-0.178711,1.010254,43.774,-11.984733,23.030535,-15.809160,420,-20,199
112780,continuous_motion,-0.203369,-0.161865,1.014404,43.801,-10.977099,16.778625,-14.633588,420,-20,199
112800,continuous_motion,-0.214355,-0.147705,1.029785,43.768,-14.839695,12.946565,-12.908397,420,-20,199
112820,continuous_motion,-0.227051,-0.157227,1.019531,43.774,-21.587786,10.137404,-11.725191,424,-22,189
112841,continuous_motion,-0.239014,-0.195557,1.015625,43.806,-25.274809,5.465649,-10.351145,424,-22,189
112860,continuous_motion,-0.218262,-0.209717,1.019531,43.809,-21.824427,1.030534,-8.595420,424,-22,189
112881,continuous_motion,-0.217773,-0.204590,1.016846,43.801,-15.076336,-1.587786,-6.572519,429,-27,178
112900,continuous_motion,-0.215332,-0.199463,1.018311,43.812,-12.992367,-0.145038,-5.648855,429,-27,178
112921,continuous_motion,-0.209229,-0.220459,1.005859,43.821,-15.000000,3.603053,-2.778626,429,-27,178
112940,continuous_motion,-0.212646,-0.227295,0.982666,43.798,-13.916031,5.404580,2.061069,429,-27,178
112960,continuous_motion,-0.205566,-0.218506,0.992920,43.789,-9.778625,4.076336,4.923664,432,-26,174
112980,continuous_motion,-0.209717,-0.221924,0.981934,43.798,-8.862596,6.000000,5.206107,432,-26,174
113000,continuous_motion,-0.205322,-0.211670,0.958984,43.824,-9.213740,7.122138,4.381680,432,-26,174
113020,continuous_motion,-0.200195,-0.198242,0.952148,43.792,-10.862596,6.893130,3.167939,432,-22,170
113040,continuous_motion,-0.217285,-0.221436,0.924316,43.809,-14.633588,6.015267,2.160305,432,-22,170
113060,continuous_motion,-0.213135,-0.242676,0.927490,43.812,-23.152672,6.824428,2.496183,432,-22,170
113080,continuous_motion,-0.206543,-0.220215,0.928711,43.806,-32.351147,11.160305,0.748092,436,-18,159
113100,continuous_motion,-0.178223,-0.247803,0.923096,43.812,-34.984734,14.229008,-3.984733,436,-18,159
113120,continuous_motion,-0.175537,-0.242432,0.958984,43.830,-35.671757,19.496183,-3.946565,436,-18,159
113140,continuous_motion,-0.193115,-0.289795,0.988281,43.809,-42.358780,29.557251,-2.824427,436,-18,159
113160,continuous_motion,-0.202393,-0.337158,0.998047,43.798,-39.099236,35.732826,-0.152672,442,-15,140
113180,continuous_motion,-0.235596,-0.363525,0.973633,43.818,-22.503817,34.083969,3.625954,442,-15,140
113200,continuous_motion,-0.245605,-0.338379,0.963867,43.786,-2.992366,28.221375,3.847328,442,-15,140
113220,continuous_motion,-0.258545,-0.283936,0.952393,43.786,9.465649,24.877863,1.007634,444,-7,130
113240,continuous_motion,-0.281738,-0.266113,0.952393,43.821,6.435114,23.648855,-2.496183,444,-7,130
113260,continuous_motion,-0.304688,-0.283447,0.924072,43.809,-1.061069,16.015266,-3.083969,444,-7,130
113280,continuous_motion,-0.312256,-0.288330,0.917480,43.833,-0.694656,2.129771,0.206107,444,-7,130
113300,continuous_motion,-0.288818,-0.298584,0.922363,43.804,4.274809,-14.236641,3.305344,444,-7,129
113320,continuous_motion,-0.250732,-0.291260,0.927246,43.801,6.786260,-21.786259,6.358778,444,-7,129
113340,continuous_motion,-0.228271,-0.281494,0.943604,43.824,6.877862,-21.000000,7.389313,444,-7,129
113360,continuous_motion,-0.206787,-0.287109,0.963379,43.830,9.282443,-15.450381,7.458015,443,-7,135
113380,continuous_motion,-0.204590,-0.291016,0.968750,43.804,16.312977,-8.557252,6.916030,443,-7,135
113400,continuous_motion,-0.223633,-0.288818,0.977539,43.839,22.427481,-3.068702,6.259542,443,-7,135
113420,continuous_motion,-0.241699,-0.263428,0.987305,43.809,27.183207,1.511450,3.961832,437,-6,143
113440,continuous_motion,-0.241211,-0.273926,0.983887,43.801,30.908398,3.244275,2.709924,437,-6,143
113460,continuous_motion,-0.272705,-0.246094,0.967773,43.798,31.427481,1.419847,3.648855,437,-6,143
113480,continuous_motion,-0.286621,-0.234131,0.965820,43.789,27.328245,-4.022901,2.511450,437,-6,143
113500,continuous_motion,-0.279785,-0.235107,0.966064,43.801,21.748091,-11.862596,1.763359,432,-5,158
113520,continuous_motion,-0.266846,-0.228516,0.965576,43.801,20.961832,-17.396946,-0.419847,432,-5,158
113541,continuous_motion,-0.241699,-0.227295,0.984375,43.809,21.251909,-17.839695,-3.038168,432,-5,158
113560,continuous_motion,-0.227539,-0.231934,1.003662,43.830,22.893129,-14.824428,-3.687023,426,-9,168
113581,continuous_motion,-0.220947,-0.214111,1.003906,43.806,28.786259,-11.778625,-3.984733,426,-9,168
113600,continuous_motion,-0.216553,-0.197021,1.001221,43.792,34.786259,-10.290076,-3.458015,426,-9,168
113621,continuous_motion,-0.213867,-0.168701,1.016357,43.795,38.503819,-10.068703,-3.656489,418,-14,180
113640,continuous_motion,-0.217285,-0.158936,1.003174,43.783,41.458015,-9.641221,-5.167939,418,-14,180
113660,continuous_motion,-0.211670,-0.139648,1.004395,43.795,42.458015,-10.984733,-4.916030,418,-14,180
113680,continuous_motion,-0.218018,-0.132324,0.988525,43.786,40.893131,-16.671755,-2.931298,418,-14,180
113700,continuous_motion,-0.202148,-0.134521,0.991943,43.801,39.572517,-24.412214,0.625954,409,-20,200
113720,continuous_motion,-0.194580,-0.112061,0.997070,43.827,38.183205,-32.190838,4.709924,409,-20,200
113740,continuous_motion,-0.187256,-0.085449,0.995117,43.815,35.007633,-38.137405,5.053435,409,-20,200
113760,continuous_motion,-0.159912,-0.090820,0.987305,43.774,32.450382,-43.091602,1.343511,398,-27,216
113780,continuous_motion,-0.130371,-0.097412,1.000244,43.818,31.366413,-44.854961,-0.854962,398,-27,216
113801,continuous_motion,-0.130127,-0.103760,1.025146,43.789,29.893129,-41.641220,-1.442748,398,-27,216
113820,continuous_motion,-0.122070,-0.101074,1.022217,43.792,31.572519,-38.526718,-1.618321,389,-41,231
113840,continuous_motion,-0.108154,-0.073486,1.024902,43.780,36.106869,-36.198475,-2.229008,389,-41,231
113860,continuous_motion,-0.094727,-0.053955,1.024170,43.806,38.450382,-34.167938,-2.549618,389,-41,231
113880,continuous_motion,-0.085938,-0.034180,1.030029,43.783,37.564884,-30.274809,-2.770992,389,-41,231
113901,continuous_motion,-0.081055,-0.000488,1.037598,43.804,35.816795,-25.076336,-3.694656,376,-51,248
113920,continuous_motion,-0.078857,0.004883,1.030518,43.821,35.610687,-19.923664,-5.198473,376,-51,248
113940,continuous_motion,-0.069336,0.009521,1.034912,43.801,35.236641,-14.625955,-5.061069,376,-51,248
113960,continuous_motion,-0.066650,0.022461,1.025879,43.780,35.709923,-9.900764,-3.091603,363,-59,259
113980,continuous_motion,-0.060547,0.051025,1.033447,43.818,35.603054,-4.106870,-1.755725,363,-59,259
114000,continuous_motion,-0.060547,0.078613,1.045654,43.759,31.946566,2.503817,-0.908397,363,-59,259
114020,continuous_motion,-0.074463,0.060547,1.037598,43.780,28.496183,7.893130,1.114504,350,-59,269
114040,continuous_motion,-0.105469,0.062012,1.005615,43.777,30.664122,6.145038,4.389313,350,-59,269
114060,continuous_motion,-0.102783,0.091553,0.980713,43.792,31.625954,-3.450382,7.603054,350,-59,269
114080,continuous_motion,-0.096924,0.142090,0.986328,43.786,24.267176,-12.167939,7.229008,350,-59,269
114100,continuous_motion,-0.059326,0.127197,1.011475,43.783,14.679389,-15.030535,2.259542,340,-59,281
114120,continuous_motion,-0.037354,0.116211,1.004639,43.789,12.809160,-12.564885,-1.610687,340,-59,281
114140,continuous_motion,-0.027100,0.118652,1.009766,43.777,12.954199,-9.816793,-2.557252,340,-59,281
114160,continuous_motion,-0.020996,0.108154,1.016357,43.795,13.282443,-5.511450,-0.534351,333,-62,285
114180,continuous_motion,-0.016602,0.097168,1.018066,43.762,14.465649,-0.633588,2.824427,333,-62,285
114201,continuous_motion,-0.010010,0.107666,1.011719,43.789,16.381680,4.916030,5.893130,333,-62,285
114220,continuous_motion,-0.014404,0.122314,1.030273,43.801,15.015267,11.236641,6.709924,326,-57,293
114240,continuous_motion,-0.034180,0.114258,1.016113,43.801,12.335877,18.877863,4.404580,326,-57,293
114260,continuous_motion,-0.059814,0.108398,1.016113,43.786,14.442748,25.175573,-0.664122,326,-57,293
114280,continuous_motion,-0.073975,0.118164,0.992920,43.804,17.137405,28.526718,-2.618321,326,-57,293
114300,continuous_motion,-0.079590,0.129639,0.969238,43.792,16.450382,23.564886,1.389313,318,-47,296
114320,continuous_motion,-0.060791,0.202881,0.989746,43.812,13.274809,14.625955,6.801527,318,-47,296
114340,continuous_motion,-0.048096,0.237305,1.007080,43.768,7.473282,8.458015,5.267176,318,-47,296
114360,continuous_motion,-0.049072,0.221436,0.994873,43.771,2.465649,3.625954,1.954198,315,-40,298
114380,continuous_motion,-0.043213,0.192139,1.001221,43.786,-0.618321,-2.007634,3.229008,315,-40,298
114400,continuous_motion,-0.024414,0.186768,1.026611,43.780,-1.450382,-4.335878,7.618320,315,-40,298
114420,continuous_motion,-0.005371,0.201416,1.044434,43.786,0.839695,-1.870229,8.816793,315,-40,298
114440,continuous_motion,0.014648,0.215576,1.053711,43.768,6.022901,5.022901,5.687023,315,-37,300
114461,continuous_motion,-0.012695,0.174561,1.032959,43.801,13.129771,12.053435,4.251908,315,-37,300
114480,continuous_motion,-0.029297,0.151855,1.004639,43.801,19.458015,12.908397,8.251908,315,-37,300
114500,continuous_motion,-0.043701,0.169678,0.995361,43.783,23.740458,11.427481,12.381680,309,-32,302
114520,continuous_motion,-0.065674,0.176270,0.990479,43.780,23.992367,13.595420,9.007633,309,-32,302
114540,continuous_motion,-0.094727,0.180908,0.970459,43.780,22.740458,16.236641,1.709924,309,-32,302
114560,continuous_motion,-0.116455,0.168945,0.941406,43.812,18.564886,12.984733,-1.152672,301,-25,308
114580,continuous_motion,-0.117188,0.156494,0.928467,43.795,11.633588,5.374046,0.572519,301,-25,308
114600,continuous_motion,-0.099609,0.138184,0.901855,43.801,8.160305,-0.274809,2.137405,301,-25,308
114620,continuous_motion,-0.076904,0.141602,0.926270,43.798,10.000000,1.152672,2.129771,301,-25,308
114640,continuous_motion,-0.074219,0.165771,0.925537,43.792,8.366412,10.740458,-2.526718,297,-21,312
114660,continuous_motion,-0.067871,0.154297,0.919678,43.768,5.984733,20.946566,-5.099236,297,-21,312
114680,continuous_motion,-0.069580,0.169434,0.911377,43.798,6.259542,29.633587,-4.328244,297,-21,312
114700,continuous_motion,-0.086914,0.193115,0.920654,43.798,8.564885,38.053436,-3.503817,295,-16,311
114720,continuous_motion,-0.095215,0.243652,0.956543,43.771,8.251908,45.595421,-2.374046,295,-16,311
114740,continuous_motion,-0.107178,0.243408,0.965576,43.792,5.221374,53.129772,-1.557252,295,-16,311
114760,continuous_motion,-0.121094,0.233887,0.992188,43.792,6.152672,60.541985,2.755725,293,0,307
114780,continuous_motion,-0.253418,0.185059,0.953857,43.812,11.374045,66.709923,5.099236,293,0,307
114800,continuous_motion,-0.322021,0.246094,0.991943,43.777,24.145039,57.496181,10.587787,293,0,307
114820,continuous_motion,-0.342041,0.304932,1.016357,43.806,27.572519,39.603054,11.610687,293,0,307
114841,continuous_motion,-0.307129,0.312012,1.010254,43.792,17.114504,22.885496,9.908397,286,21,305
114860,continuous_motion,-0.256836,0.302979,0.984375,43.792,5.687023,16.091602,7.503817,286,21,305
114881,continuous_motion,-0.220459,0.277344,0.978516,43.812,-1.282443,19.732824,4.412214,286,21,305
114900,continuous_motion,-0.195801,0.236572,0.963867,43.795,-2.068702,27.618320,2.221374,284,30,304
114920,continuous_motion,-0.163818,0.188477,0.946045,43.801,1.106870,38.580154,2.549618,284,30,304
114940,continuous_motion,-0.159912,0.216309,0.939453,43.780,9.534351,52.015266,1.000000,284,30,304
114960,continuous_motion,-0.203125,0.235840,0.942383,43.854,14.519084,64.053436,-7.984733,285,47,300
114980,continuous_motion,-0.288818,0.240723,0.941406,43.801,14.015267,70.251907,-15.129771,285,47,300
115000,continuous_motion,-0.334961,0.239258,0.933105,43.821,11.633588,66.832062,-7.854962,285,47,300
115020,continuous_motion,-0.433350,0.322266,0.913818,43.801,5.946565,59.183205,3.740458,285,47,300
115040,continuous_motion,-0.479004,0.354736,0.885010,43.789,-6.267176,47.885498,3.717557,282,66,290
115060,continuous_motion,-0.495117,0.342285,0.854248,43.792,-18.419847,29.404581,2.152672,282,66,290
115080,continuous_motion,-0.494385,0.319336,0.864014,43.806,-29.267176,10.274809,-0.534351,282,66,290
115100,continuous_motion,-0.458496,0.299072,0.873291,43.798,-35.206108,-6.793893,-1.938931,290,73,282
115120,continuous_motion,-0.417725,0.272461,0.865234,43.780,-36.145039,-18.801527,-0.167939,290,73,282
115140,continuous_motion,-0.359375,0.248291,0.889893,43.789,-34.748093,-31.305344,2.534351,290,73,282
115160,continuous_motion,-0.204102,0.170654,0.958740,43.798,-34.816795,-31.496183,6.427481,304,67,280
115180,continuous_motion,-0.221924,0.143066,0.969727,43.812,-26.076336,-5.564886,9.908397,304,67,280
115200,continuous_motion,-0.317383,0.181641,1.001953,43.806,-20.145039,7.351145,6.954198,304,67,280
115220,continuous_motion,-0.351074,0.172363,1.015137,43.795,-14.938931,17.106871,4.045802,304,67,280
115240,continuous_motion,-0.345215,0.119629,0.966064,43.801,-2.000000,26.885496,1.236641,311,70,274
115260,continuous_motion,-0.379639,0.155518,0.961670,43.821,7.557252,28.511450,1.534351,311,70,274
115280,continuous_motion,-0.411133,0.219727,0.937744,43.783,3.862595,22.839695,0.709924,311,70,274
115300,continuous_motion,-0.364258,0.315430,0.962402,43.795,-10.931297,18.267176,0.839695,310,78,269
115320,continuous_motion,-0.395752,0.245850,0.891846,43.780,-26.129770,13.374045,2.480916,310,78,269
115340,continuous_motion,-0.418213,0.166504,0.875977,43.792,-37.175571,11.564885,5.656488,310,78,269
115360,continuous_motion,-0.385010,0.144531,0.925293,43.804,-37.206108,10.129771,6.595420,310,78,269
115380,continuous_motion,-0.382813,0.140869,0.949951,43.818,-29.641222,14.465649,3.213740,321,81,260
115400,continuous_motion,-0.398926,0.104980,0.928711,43.804,-15.702291,20.236641,-0.648855,321,81,260
115420,continuous_motion,-0.386719,0.081299,0.931152,43.818,-0.351145,23.854961,-0.412214,321,81,260
115440,continuous_motion,-0.372803,0.070313,0.955566,43.795,10.358779,27.885496,0.854962,326,87,251
115460,continuous_motion,-0.441162,0.122559,0.959473,43.798,18.587786,32.061069,4.618320,326,87,251
115480,continuous_motion,-0.518066,0.197754,0.933594,43.780,21.335878,29.625954,4.160306,326,87,251
115500,continuous_motion,-0.514648,0.222412,0.887451,43.830,17.694656,22.198473,0.862595,320,97,250
115520,continuous_motion,-0.438232,0.194092,0.885986,43.809,9.557252,15.687023,-7.236641,320,97,250
115540,continuous_motion,-0.429932,0.208252,0.910156,43.783,5.694656,17.160305,-9.000000,320,97,250
115560,continuous_motion,-0.465576,0.197266,0.888428,43.777,4.770992,23.793894,-5.625954,320,99,250
115580,continuous_motion,-0.512695,0.192383,0.858643,43.798,7.801527,27.229008,-3.916031,320,99,249
115600,continuous_motion,-0.502930,0.194092,0.858887,43.795,8.618320,24.801527,-2.305344,320,99,249
115620,continuous_motion,-0.531738,0.149902,0.811279,43.818,9.320611,20.458015,-4.007634,320,99,249
115640,continuous_motion,-0.497559,0.164795,0.861328,43.786,15.427481,16.503817,-2.175573,319,103,244
115660,continuous_motion,-0.472168,0.185059,0.861816,43.798,17.312977,14.778625,3.748092,319,103,244
115680,continuous_motion,-0.509766,0.232666,0.890869,43.786,12.160305,12.022901,7.244275,319,103,244
115700,continuous_motion,-0.551270,0.179932,0.826904,43.809,5.900764,7.564886,5.503817,314,107,245
115720,continuous_motion,-0.506104,0.203857,0.871094,43.809,5.480916,1.954198,11.129771,314,107,245
115740,continuous_motion,-0.510254,0.196777,0.855469,43.768,2.954198,2.290076,14.664123,314,107,245
115760,continuous_motion,-0.502686,0.209961,0.871826,43.786,4.961832,2.282443,15.946565,314,107,245
115780,continuous_motion,-0.504150,0.216797,0.875977,43.777,5.526718,5.106870,14.908397,309,112,245
115800,continuous_motion,-0.508545,0.219971,0.879150,43.795,5.496183,9.328244,10.549619,309,112,245
115820,continuous_motion,-0.484131,0.224854,0.896729,43.815,6.564886,16.564886,8.603053,309,112,245
115840,continuous_motion,-0.527100,0.271973,0.872314,43.804,8.351145,27.335878,6.488550,304,118,244
115860,continuous_motion,-0.549072,0.259277,0.819092,43.795,-7.038168,15.778625,-1.992366,304,118,244
115880,continuous_motion,-0.468018,0.332520,0.912109,43.789,-15.328244,15.198473,2.679389,304,118,244
115900,continuous_motion,-0.483887,0.312988,0.894531,43.789,-30.755726,20.099237,-2.198473,307,123,239
115921,continuous_motion,-0.507568,0.192627,0.831055,43.771,-40.580154,26.358778,-4.824428,307,123,239
115940,continuous_motion,-0.505615,0.168945,0.847168,43.786,-39.534351,31.412214,-2.404580,307,123,239
115961,continuous_motion,-0.493896,0.184326,0.902100,43.774,-39.671757,37.816795,0.977099,307,123,239
115980,continuous_motion,-0.531982,0.133301,0.865967,43.809,-39.083969,42.496181,0.137405,320,133,218
116000,continuous_motion,-0.555420,0.131836,0.822998,43.789,-30.564886,42.564884,0.824428,320,133,218
116020,continuous_motion,-0.525146,0.188477,0.843018,43.780,-26.503817,42.732826,1.862595,320,133,218
116040,continuous_motion,-0.601807,0.207520,0.868164,43.789,-33.717556,44.038166,-1.251908,329,144,197
116060,continuous_motion,-0.623291,0.134766,0.760254,43.780,-35.145039,40.839695,-3.877863,329,144,197
116080,continuous_motion,-0.606689,0.132080,0.786133,43.789,-30.351145,38.106869,-4.045802,329,144,197
116100,continuous_motion,-0.622070,0.149902,0.777100,43.804,-27.061069,37.648853,-5.916030,339,153,178
116120,continuous_motion,-0.660156,0.149902,0.768311,43.806,-26.053434,34.931297,-8.832061,339,153,178
116140,continuous_motion,-0.622070,0.106934,0.761963,43.804,-23.068703,30.343512,-8.984733,339,153,178
116160,continuous_motion,-0.622559,0.101318,0.740723,43.783,-13.992367,27.763359,-9.503817,339,153,178
116180,continuous_motion,-0.647705,0.122803,0.706543,43.789,-3.015267,24.427481,-12.870229,348,157,162
116200,continuous_motion,-0.651855,0.134766,0.727539,43.786,6.748092,19.022902,-18.885496,348,157,162
116220,continuous_motion,-0.634277,0.093506,0.726563,43.798,13.809160,17.679390,-23.175573,348,157,162
116240,continuous_motion,-0.649902,0.091553,0.709717,43.783,19.809160,16.832062,-24.496183,353,156,157
116260,continuous_motion,-0.672119,0.097168,0.694336,43.804,20.946566,12.916031,-24.587786,353,156,157
116280,continuous_motion,-0.695801,0.081787,0.705322,43.801,21.083969,7.687023,-26.541985,353,156,157
116300,continuous_motion,-0.681641,0.056396,0.702637,43.795,26.458015,2.732824,-27.854961,353,150,157
116320,continuous_motion,-0.669678,0.071533,0.699219,43.792,34.748093,1.045802,-30.152672,359,150,162
116340,continuous_motion,-0.690918,0.093506,0.712891,43.751,35.839695,-1.099237,-31.007633,359,150,162
116360,continuous_motion,-0.709717,0.087646,0.729248,43.804,36.335876,-6.908397,-33.022900,359,150,162
116380,continuous_motion,-0.666992,0.073975,0.810059,43.809,41.648853,-8.412213,-35.312977,362,137,173
116400,continuous_motion,-0.634033,0.096191,0.841553,43.786,42.763359,2.770992,-36.389313,362,137,173
116420,continuous_motion,-0.634033,0.179688,0.845703,43.798,30.519083,13.068703,-35.045803,362,137,173
116440,continuous_motion,-0.632568,0.214355,0.838867,43.801,8.099236,23.099237,-36.312977,366,128,180
116460,continuous_motion,-0.632568,0.221436,0.835693,43.798,-9.709924,34.122139,-41.564884,366,128,180
116480,continuous_motion,-0.636230,0.207764,0.797119,43.821,-23.145039,48.297710,-49.694656,366,128,180
116500,continuous_motion,-0.639648,0.168213,0.738525,43.768,-35.404579,59.534351,-55.129772,366,128,180
116520,continuous_motion,-0.663330,0.118652,0.690186,43.762,-48.183205,66.954201,-57.290077,386,123,161
116540,continuous_motion,-0.681641,0.047852,0.666504,43.789,-58.923664,71.473282,-58.045803,386,123,161
116560,continuous_motion,-0.737061,-0.021240,0.617432,43.806,-69.587784,76.740456,-59.145039,386,123,161
116580,continuous_motion,-0.707520,-0.123535,0.614014,43.824,-69.885498,81.916031,-55.519085,412,113,115
116600,continuous_motion,-0.751221,-0.175049,0.557861,43.804,-69.183205,88.145035,-50.305344,412,113,115
116620,continuous_motion,-0.796631,-0.205322,0.507568,43.768,-69.984734,89.122139,-44.083969,412,113,115
116640,continuous_motion,-0.829834,-0.232422,0.450439,43.789,-69.526718,84.717560,-39.862595,434,106,64
116660,continuous_motion,-0.874268,-0.268311,0.399658,43.795,-63.290077,78.595421,-38.809162,434,106,64
116680,continuous_motion,-0.875244,-0.296875,0.380127,43.798,-54.435116,70.717560,-35.801525,434,106,64
116700,continuous_motion,-0.893555,-0.315430,0.353271,43.792,-46.557251,62.366413,-30.396946,434,106,64
116720,continuous_motion,-0.907227,-0.333740,0.343262,43.786,-40.381680,52.648853,-24.366413,447,96,21
116740,continuous_motion,-0.918213,-0.359863,0.336914,43.809,-32.824429,43.793892,-19.450382,447,96,21
116760,continuous_motion,-0.907471,-0.375000,0.336426,43.777,-20.687023,34.801525,-13.603053,447,96,21
116780,continuous_motion,-0.909912,-0.353760,0.327881,43.783,-11.793893,28.076336,-7.923664,452,90,-4
116800,continuous_motion,-0.934814,-0.343262,0.299805,43.777,-6.229008,20.381680,-2.984733,452,90,-4
116820,continuous_motion,-0.949463,-0.367188,0.263428,43.795,3.274809,9.717557,-0.091603,452,90,-4
116840,continuous_motion,-0.945801,-0.394775,0.255615,43.780,22.618320,-6.305344,4.786260,452,88,-4
116860,continuous_motion,-0.936279,-0.380859,0.252197,43.801,42.328243,-22.793894,10.824428,452,88,-4
116881,continuous_motion,-0.925781,-0.330078,0.289307,43.798,59.740459,-40.427483,18.183207,452,88,-4
116900,continuous_motion,-0.890625,-0.302490,0.347412,43.815,70.748093,-54.206108,23.328245,452,88,-4
116921,continuous_motion,-0.876465,-0.228760,0.409180,43.801,78.328247,-61.190838,27.877863,447,94,27
116940,continuous_motion,-0.851318,-0.179199,0.461670,43.786,76.358780,-63.519085,29.541985,447,94,27
116960,continuous_motion,-0.825439,-0.140381,0.525391,43.792,69.748093,-60.022900,30.190840,447,94,27
116980,continuous_motion,-0.816895,-0.090332,0.555420,43.771,58.549618,-51.740459,29.664122,436,101,75
117000,continuous_motion,-0.812988,-0.077148,0.565430,43.768,43.931297,-43.213741,27.580153,436,101,75
117020,continuous_motion,-0.816895,-0.076660,0.526123,43.806,34.801525,-39.000000,26.129770,436,101,75
117040,continuous_motion,-0.831299,-0.068359,0.508545,43.780,31.633587,-40.870228,24.244274,424,106,104
117060,continuous_motion,-0.801270,-0.082764,0.528320,43.821,34.473282,-45.534351,21.862595,424,106,104
117080,continuous_motion,-0.780518,-0.078125,0.539307,43.809,40.908398,-47.496181,21.229008,424,106,104
117100,continuous_motion,-0.770508,-0.057617,0.551025,43.780,46.000000,-50.351147,21.656488,424,106,104
117120,continuous_motion,-0.775635,-0.025391,0.551025,43.792,49.511452,-54.442749,22.038168,414,108,131
117140,continuous_motion,-0.766846,-0.003662,0.549561,43.804,50.679390,-60.045803,21.633587,414,108,131
117160,continuous_motion,-0.753418,-0.002930,0.565186,43.795,51.984734,-66.969467,21.213741,414,108,131
117181,continuous_motion,-0.726318,0.006348,0.610107,43.777,56.603054,-74.198471,20.923664,398,102,167
117200,continuous_motion,-0.682617,0.030273,0.691162,43.818,59.870228,-75.503815,21.786259,398,102,167
117220,continuous_motion,-0.652588,0.062500,0.730957,43.777,58.702290,-70.557251,22.877863,398,102,167
117240,continuous_motion,-0.653320,0.095459,0.739990,43.809,52.000000,-64.320610,22.977098,398,92,205
117260,continuous_motion,-0.657227,0.127930,0.727051,43.804,43.870228,-61.366413,21.290077,379,92,205
117280,continuous_motion,-0.645996,0.129883,0.750977,43.804,38.541985,-61.679390,19.122137,379,92,205
117300,continuous_motion,-0.612549,0.126953,0.778076,43.786,36.435116,-60.137405,17.633587,379,92,205
117320,continuous_motion,-0.603271,0.131592,0.786865,43.774,34.793892,-58.572517,17.511450,363,81,231
117340,continuous_motion,-0.578857,0.129883,0.789551,43.786,35.122139,-59.595421,19.335878,363,81,231
117360,continuous_motion,-0.559326,0.145996,0.795166,43.795,37.648853,-61.488548,21.305344,363,81,231
117380,continuous_motion,-0.559326,0.168701,0.792725,43.809,39.893131,-63.992367,22.679390,347,68,257
117400,continuous_motion,-0.547607,0.173828,0.791504,43.801,43.274811,-68.244278,22.946566,347,68,257
117420,continuous_motion,-0.525879,0.181396,0.796387,43.768,50.610687,-74.358780,23.358778,347,68,257
117440,continuous_motion,-0.485840,0.192627,0.807861,43.795,58.961834,-79.412216,24.282442,347,68,257
117460,continuous_motion,-0.460693,0.215576,0.809814,43.792,66.954201,-83.427483,26.404581,325,47,287
117480,continuous_motion,-0.438721,0.239746,0.807129,43.795,71.526718,-88.893127,29.603054,325,47,287
117501,continuous_motion,-0.398193,0.269775,0.819092,43.812,76.290077,-94.786263,33.832062,325,47,287
117520,continuous_motion,-0.360352,0.311279,0.840576,43.801,82.343513,-98.938934,37.045803,293,18,318
117541,continuous_motion,-0.332764,0.344238,0.844971,43.824,87.587784,-101.778625,38.664124,293,18,318
117560,continuous_motion,-0.276855,0.380371,0.868652,43.795,91.259544,-105.832062,41.809162,293,18,318
117580,continuous_motion,-0.216309,0.444092,0.922119,43.801,90.381676,-103.312981,45.221375,249,-20,350
117601,continuous_motion,-0.183594,0.497070,0.933105,43.818,83.946564,-94.877861,45.832062,249,-20,350
117620,continuous_motion,-0.140869,0.539063,0.940186,43.815,75.015266,-86.190842,45.938931,249,-20,350
117640,continuous_motion,-0.099121,0.581299,0.954834,43.818,65.511452,-76.213737,45.320610,249,-20,350
117660,continuous_motion,-0.081299,0.603027,0.939209,43.783,56.160305,-63.190838,41.633587,211,-57,372
117680,continuous_motion,-0.062500,0.624023,0.903809,43.795,49.702290,-53.557251,37.099236,211,-57,372
117700,continuous_motion,-0.051025,0.652344,0.892822,43.771,43.709923,-47.877861,32.465649,211,-57,372
117720,continuous_motion,-0.031250,0.663330,0.876465,43.780,36.175571,-41.282444,26.320610,186,-79,379
117740,continuous_motion,-0.027832,0.666016,0.852295,43.815,30.045801,-35.099236,20.465649,186,-79,379
117760,continuous_motion,-0.018066,0.659424,0.835449,43.792,24.213741,-32.068703,15.702291,186,-79,379
117780,continuous_motion,-0.020020,0.647949,0.820557,43.792,18.763359,-30.503817,10.801527,172,-97,382
117800,continuous_motion,-0.028076,0.630127,0.807373,43.780,14.977099,-30.152672,6.633588,172,-97,382
117820,continuous_motion,-0.009277,0.600342,0.826172,43.809,11.610687,-31.511450,4.732824,172,-97,382
117840,continuous_motion,0.023926,0.571045,0.849854,43.804,9.465649,-29.450382,6.687023,172,-97,382
117860,continuous_motion,0.052734,0.595215,0.887207,43.801,7.351145,-20.740458,10.893129,167,-111,384
117880,continuous_motion,0.061035,0.630371,0.900879,43.765,1.633588,-10.381680,12.511451,167,-111,384
117900,continuous_motion,0.065674,0.677002,0.921631,43.792,-11.099236,1.870229,12.770992,167,-111,384
117920,continuous_motion,0.053955,0.699951,0.916016,43.765,-26.312977,17.259542,10.213740,168,-114,384
117940,continuous_motion,0.048096,0.717041,0.921875,43.789,-39.946564,32.282444,4.824428,168,-114,384
117961,continuous_motion,0.056152,0.709473,0.917969,43.786,-55.458015,47.061069,-1.610687,168,-114,384
117980,continuous_motion,0.040283,0.692627,0.916748,43.792,-71.633591,59.465649,-8.366412,191,-95,377
118000,continuous_motion,0.051514,0.640381,0.930420,43.789,-86.580154,70.900764,-13.190840,191,-95,377
118020,continuous_motion,0.019531,0.610596,0.932861,43.801,-94.694656,82.557251,-17.648855,191,-95,377
118040,continuous_motion,-0.034668,0.576172,0.911377,43.789,-97.282440,90.732826,-24.419847,191,-95,377
118060,continuous_motion,-0.085693,0.536865,0.875977,43.792,-96.427483,94.312981,-31.786259,234,-57,361
118080,continuous_motion,-0.109863,0.472900,0.903809,43.809,-95.664124,91.992363,-37.175571,234,-57,361
118100,continuous_motion,-0.165771,0.431152,0.897949,43.783,-94.564888,89.984734,-40.969467,234,-57,361
118120,continuous_motion,-0.203369,0.368408,0.917236,43.783,-92.015266,88.374046,-44.992367,280,-20,335
118140,continuous_motion,-0.236816,0.322754,0.937012,43.798,-87.770996,88.473282,-47.091602,280,-20,335
118160,continuous_motion,-0.280518,0.252686,0.920654,43.789,-85.274811,87.206108,-47.541985,280,-20,335
118180,continuous_motion,-0.304199,0.191650,0.920166,43.777,-81.664124,85.916031,-43.137405,320,7,304
118200,continuous_motion,-0.347412,0.169189,0.926758,43.798,-78.160309,85.091606,-35.984734,320,7,304
118220,continuous_motion,-0.385010,0.144531,0.911133,43.783,-77.832062,84.038170,-30.358778,320,7,304
118240,continuous_motion,-0.427246,0.113037,0.891846,43.777,-75.335876,81.954201,-25.977098,320,7,304
118260,continuous_motion,-0.487061,0.082031,0.862549,43.804,-66.847328,77.129768,-23.511450,353,30,267
118280,continuous_motion,-0.507813,0.053467,0.840576,43.774,-54.916031,69.541985,-22.480917,353,30,267
118300,continuous_motion,-0.526123,0.022949,0.824707,43.786,-42.603054,60.931297,-20.763359,353,30,267
118320,continuous_motion,-0.539551,0.020508,0.819580,43.780,-30.267176,51.259541,-17.717558,374,46,238
118340,continuous_motion,-0.532471,0.024414,0.836914,43.783,-22.816793,43.526718,-14.343512,374,46,238
118360,continuous_motion,-0.532227,0.036377,0.848877,43.833,-20.351145,41.564884,-11.419847,374,46,238
118380,continuous_motion,-0.562012,0.028564,0.823730,43.795,-18.396946,40.282444,-9.862596,374,55,226
118400,continuous_motion,-0.562012,0.007813,0.819336,43.786,-14.618320,38.320610,-6.793893,383,55,226
118420,continuous_motion,-0.541504,0.033691,0.867432,43.780,-13.496183,37.954197,-4.030534,383,55,226
118440,continuous_motion,-0.548340,0.035400,0.875732,43.783,-22.106871,43.793892,-2.412214,383,55,226
118460,continuous_motion,-0.580566,0.010010,0.833008,43.804,-29.870230,49.664124,-0.465649,389,65,209
118480,continuous_motion,-0.603760,0.028809,0.790771,43.792,-29.061069,51.114502,0.114504,389,65,209
118500,continuous_motion,-0.634521,0.072510,0.750488,43.780,-28.526718,48.839695,-3.442748,389,65,209
118520,continuous_motion,-0.645020,0.034180,0.718750,43.792,-29.770992,43.541985,-8.969465,397,78,189
118541,continuous_motion,-0.661865,-0.044678,0.621338,43.806,-24.908398,32.541985,-12.687023,397,78,189
118560,continuous_motion,-0.678955,-0.046143,0.592041,43.783,-13.351145,15.167939,-11.633588,397,78,189
118580,continuous_motion,-0.719971,-0.001465,0.609619,43.783,1.335878,-6.870229,-15.786260,397,78,189
118601,continuous_motion,-0.628906,-0.091553,0.662598,43.795,16.335878,-24.610687,-13.870229,403,78,181
118620,continuous_motion,-0.590332,-0.100830,0.725342,43.806,26.969465,-34.282444,-6.152672,403,78,181
118640,continuous_motion,-0.577637,-0.021240,0.791016,43.777,26.709923,-36.305344,3.419847,403,78,181
118660,continuous_motion,-0.575684,0.031982,0.867432,43.792,17.725191,-32.335876,6.274809,398,68,194
118680,continuous_motion,-0.556396,0.044678,0.918701,43.759,11.465649,-23.709923,3.595420,398,68,194
118700,continuous_motion,-0.553467,0.035889,0.931396,43.786,2.763359,-10.946565,-1.053435,398,68,194
118720,continuous_motion,-0.555664,-0.000244,0.908691,43.783,-4.335878,-0.679389,-3.564885,397,63,202
118740,continuous_motion,-0.580811,-0.010986,0.880859,43.768,-6.251908,4.045802,-3.465649,397,63,202
118760,continuous_motion,-0.507813,-0.111084,0.886230,43.795,-1.778626,3.244275,0.900763,397,63,202
118780,continuous_motion,-0.587158,-0.042480,0.858643,43.777,4.068702,3.916031,11.587787,397,63,202
118800,continuous_motion,-0.619629,0.037842,0.846436,43.795,7.694656,2.854962,12.664123,398,64,201
118820,continuous_motion,-0.611084,0.068115,0.854492,43.818,9.022901,2.465649,7.488550,398,64,201
118840,continuous_motion,-0.608887,0.086426,0.843750,43.780,8.938931,3.091603,1.122137,398,64,201
118860,continuous_motion,-0.597168,0.077148,0.834961,43.789,4.076336,3.206107,-3.625954,396,67,203
118880,continuous_motion,-0.604980,0.038330,0.805176,43.806,0.839695,1.511450,-6.007634,396,67,203
118900,continuous_motion,-0.628174,-0.016357,0.744385,43.768,9.671756,-4.587786,-7.419847,396,67,203
118920,continuous_motion,-0.628906,-0.051025,0.700195,43.789,26.175573,-16.977098,-6.572519,392,64,205
118940,continuous_motion,-0.626465,-0.067871,0.676025,43.786,44.839695,-35.312977,-2.160305,392,64,205
118960,continuous_motion,-0.585693,-0.043213,0.718750,43.809,63.091602,-53.625954,5.198473,392,64,205
118980,continuous_motion,-0.581055,0.009521,0.745850,43.792,74.488548,-64.137405,10.503817,392,64,205
119000,continuous_motion,-0.527588,0.067627,0.817139,43.777,79.557251,-69.778625,13.267176,378,50,236
119021,continuous_motion,-0.514404,0.119385,0.864258,43.783,77.641220,-66.862595,14.564885,378,50,236
119040,continuous_motion,-0.476807,0.141357,0.889893,43.774,69.839691,-63.381680,15.351145,378,50,236
119060,continuous_motion,-0.456055,0.144043,0.910645,43.768,61.793892,-56.992367,16.832062,351,31,271
119080,continuous_motion,-0.439697,0.161621,0.915527,43.789,56.488548,-52.213741,19.801527,351,31,271
119100,continuous_motion,-0.440186,0.181641,0.903564,43.798,52.946564,-50.106869,22.725191,351,31,271
119120,continuous_motion,-0.411621,0.198730,0.904297,43.792,53.083969,-50.519085,25.183207,328,16,298
119140,continuous_motion,-0.404297,0.224121,0.867920,43.780,58.908398,-51.221375,25.984734,328,16,298
119160,continuous_motion,-0.393066,0.227051,0.839844,43.774,66.938934,-56.572517,27.473282,328,16,298
119180,continuous_motion,-0.353516,0.276611,0.849854,43.801,72.351143,-63.801525,31.534351,328,16,298
119200,continuous_motion,-0.325684,0.335938,0.858887,43.801,74.450378,-70.076332,35.396946,298,-1,324
119220,continuous_motion,-0.312988,0.343994,0.842285,43.818,75.664124,-75.473282,35.862595,298,-1,324
119240,continuous_motion,-0.219482,0.368164,0.892578,43.786,81.351143,-76.610687,38.854961,298,-1,324
119260,continuous_motion,-0.218994,0.466553,0.887695,43.765,85.977097,-71.778625,39.236641,261,-26,347
119280,continuous_motion,-0.198975,0.543457,0.883789,43.765,81.091606,-66.801529,34.061069,261,-26,347
119300,continuous_motion,-0.178955,0.546631,0.858398,43.798,72.435112,-64.427483,28.419847,261,-26,347
119320,continuous_motion,-0.124756,0.551270,0.888672,43.771,65.534348,-62.236641,24.366413,224,-54,367
119340,continuous_motion,-0.105469,0.566162,0.910645,43.771,59.427483,-54.122139,21.717558,224,-54,367
119360,continuous_motion,-0.088867,0.542236,0.875000,43.783,51.236641,-45.267174,21.488550,224,-54,367
119380,continuous_motion,-0.086426,0.551270,0.852783,43.795,44.244274,-39.900764,24.229008,224,-54,367
119400,continuous_motion,-0.089355,0.596680,0.822998,43.786,38.419846,-38.083969,26.137405,197,-74,378
119420,continuous_motion,-0.075195,0.594238,0.826660,43.792,35.969467,-38.091602,22.488550,197,-74,378
119440,continuous_motion,-0.070068,0.585693,0.799561,43.774,37.580154,-39.114502,19.404581,197,-74,378
119460,continuous_motion,-0.064697,0.588379,0.801270,43.786,41.083969,-43.190838,18.412214,178,-92,381
119480,continuous_motion,-0.040527,0.630615,0.831299,43.830,43.000000,-45.297710,17.213741,178,-92,381
119500,continuous_motion,-0.011230,0.672119,0.865234,43.789,38.511452,-41.343510,15.442748,178,-92,381
119520,continuous_motion,-0.006104,0.693604,0.857910,43.786,28.320610,-33.091602,11.198473,178,-92,381
119540,continuous_motion,0.013672,0.642090,0.846191,43.809,12.931297,-25.374046,7.045802,161,-111,385
119560,continuous_motion,0.030273,0.590576,0.847900,43.806,8.236641,-18.748091,7.015267,161,-111,385
119580,continuous_motion,0.031982,0.614014,0.825684,43.789,11.175572,-12.473283,7.442748,161,-111,385
119600,continuous_motion,0.029297,0.642090,0.789795,43.759,10.977099,-11.015267,7.099236,155,-122,384
119620,continuous_motion,0.038330,0.645020,0.778564,43.783,10.000000,-12.832061,6.396946,155,-122,384
119640,continuous_motion,0.036865,0.648193,0.771240,43.801,11.824428,-14.908397,6.038168,155,-122,384
119660,continuous_motion,0.050781,0.669678,0.777100,43.801,15.137404,-18.511450,4.610687,150,-130,385
119680,continuous_motion,0.050049,0.702393,0.802734,43.792,15.671756,-19.564886,1.465649,150,-130,385
119700,continuous_motion,0.068115,0.693359,0.817139,43.777,10.916031,-17.786259,-1.541985,150,-130,385
119720,continuous_motion,0.092285,0.686523,0.846680,43.792,5.541985,-13.000000,-2.687023,150,-130,385
119740,continuous_motion,0.111084,0.704590,0.881836,43.801,-0.503817,-3.244275,-3.877863,146,-139,386
119760,continuous_motion,0.104248,0.729736,0.868164,43.795,-8.671756,9.206107,-6.877862,146,-139,386
119780,continuous_motion,0.105957,0.732666,0.861572,43.777,-21.816793,22.091602,-10.061069,146,-139,386
119800,continuous_motion,0.094238,0.723145,0.860352,43.804,-38.290077,34.687023,-11.946565,151,-132,384
119820,continuous_motion,0.086670,0.719727,0.868652,43.795,-51.732826,47.343510,-14.526717,151,-132,384
119840,continuous_motion,0.063232,0.736816,0.867920,43.759,-65.381676,62.068703,-19.687023,151,-132,384
119860,continuous_motion,0.020508,0.757813,0.853271,43.786,-81.099236,73.916031,-27.396946,179,-106,382
119880,continuous_motion,-0.020264,0.746826,0.843018,43.798,-97.870232,82.251907,-42.213741,179,-106,382
119900,continuous_motion,-0.049072,0.623291,0.841064,43.795,-110.259544,88.816795,-56.625954,179,-106,382
119920,continuous_motion,-0.078369,0.467285,0.806152,43.765,-114.572517,92.603050,-60.687023,179,-106,382
119941,continuous_motion,-0.149170,0.334229,0.782471,43.789,-110.435112,88.992363,-54.603054,231,-69,366
119960,continuous_motion,-0.210449,0.259033,0.797363,43.824,-97.969467,76.610687,-42.664124,231,-69,366
119980,continuous_motion,-0.270996,0.270020,0.806396,43.815,-79.984734,62.259541,-32.679390,231,-69,366
