# sample_hz,50
# duration_s,120
# sda_gpio,21
# scl_gpio,22
t_ms,ax_g,ay_g,az_g,temp_c,gx_dps,gy_dps,gz_dps
0,-0.065186,0.009521,1.015869,43.871,0.305344,1.053435,-0.160305
20,-0.057373,0.010254,1.021973,43.859,0.335878,1.015267,-0.083969
40,-0.059082,0.010498,1.019043,43.871,0.213740,0.862595,-0.152672
60,-0.065430,0.007813,1.022217,43.889,0.183206,0.992366,-0.137405
80,-0.062256,0.009766,1.025879,43.865,0.320611,0.923664,-0.198473
100,-0.063721,0.011963,1.020264,43.886,0.167939,0.961832,-0.282443
120,-0.063721,0.007568,1.024170,43.883,0.190840,0.908397,-0.007634
140,-0.062012,0.003906,1.016846,43.883,0.229008,1.099237,-0.030534
160,-0.063477,0.006836,1.023682,43.883,0.251908,0.977099,-0.038168
180,-0.064453,0.008301,1.024414,43.892,0.259542,1.038168,-0.114504
200,-0.065186,0.011963,1.024414,43.854,0.160305,1.137405,-0.091603
220,-0.059082,0.011963,1.025635,43.871,0.167939,0.961832,-0.114504
240,-0.062500,0.005371,1.022705,43.845,0.274809,0.977099,-0.221374
260,-0.066162,0.010254,1.024902,43.886,0.244275,0.916031,-0.221374
280,-0.062744,0.007568,1.025146,43.862,0.267176,0.961832,-0.122137
300,-0.064453,0.004883,1.019287,43.880,0.061069,0.961832,-0.091603
321,-0.068115,0.007568,1.024414,43.862,0.366412,0.961832,-0.099237
340,-0.064453,0.007080,1.027100,43.856,0.198473,0.908397,-0.061069
360,-0.062744,0.008057,1.019043,43.865,0.305344,0.931298,-0.045802
380,-0.067139,0.010010,1.026367,43.842,0.343511,0.954198,-0.282443
400,-0.065430,0.005371,1.019287,43.854,0.190840,1.007634,-0.114504
420,-0.062256,0.010010,1.024170,43.892,0.267176,0.854962,-0.091603
440,-0.065918,0.007813,1.020508,43.883,0.206107,0.946565,-0.129771
460,-0.063965,0.009277,1.022949,43.886,0.213740,0.862595,-0.129771
480,-0.062744,0.007813,1.026855,43.868,0.167939,1.022901,-0.160305
500,-0.069092,0.006836,1.021240,43.833,0.190840,0.908397,-0.160305
520,-0.062256,0.010498,1.021484,43.865,0.297710,0.946565,-0.053435
540,-0.065430,0.010010,1.024902,43.880,0.190840,0.946565,-0.160305
560,-0.064697,0.007813,1.018799,43.856,0.145038,0.954198,-0.145038
580,-0.067627,0.010742,1.018799,43.868,0.236641,1.038168,-0.122137
600,-0.066162,0.007324,1.023193,43.886,0.229008,1.000000,-0.167939
620,-0.063965,0.008789,1.013916,43.880,0.206107,0.870229,-0.106870
640,-0.063477,0.010254,1.024658,43.868,0.190840,1.030534,-0.114504
660,-0.062256,0.011230,1.023926,43.883,0.282443,0.977099,-0.175573
680,-0.060547,0.009277,1.018555,43.865,0.290076,1.015267,0.022901
701,-0.067383,0.007080,1.025879,43.877,0.160305,1.045802,-0.137405
720,-0.061279,0.006348,1.019287,43.856,0.152672,1.045802,-0.045802
740,-0.068359,0.009766,1.021973,43.848,0.282443,1.038168,0.022901
760,-0.062988,0.009521,1.020264,43.883,0.259542,1.045802,-0.129771
780,-0.064941,0.005127,1.023682,43.856,0.190840,1.068702,-0.183206
800,-0.061768,0.003174,1.028076,43.839,0.183206,1.061069,-0.122137
820,-0.062012,0.008545,1.019287,43.883,0.358779,0.916031,-0.106870
840,-0.061768,0.007568,1.021484,43.865,0.167939,0.969466,-0.114504
860,-0.065674,0.010254,1.029297,43.877,0.351145,1.000000,-0.152672
880,-0.061523,0.010986,1.021729,43.851,0.274809,0.961832,-0.083969
900,-0.067383,0.010010,1.019043,43.827,0.259542,1.038168,-0.091603
920,-0.069824,0.011230,1.024170,43.862,0.160305,1.030534,-0.183206
940,-0.067383,0.008789,1.024658,43.886,0.251908,1.007634,-0.213740
960,-0.065186,0.006592,1.022217,43.880,0.267176,1.076336,-0.076336
980,-0.064941,0.007813,1.019287,43.859,0.259542,0.931298,-0.083969
1000,-0.064453,0.007080,1.033447,43.874,0.221374,1.068702,0.000000
1020,-0.066650,0.010254,1.024902,43.854,0.183206,1.045802,-0.175573
1040,-0.064209,0.009766,1.025635,43.877,0.320611,0.938931,-0.083969
1060,-0.063232,0.011719,1.018799,43.845,0.190840,0.992366,-0.099237
1081,-0.064209,0.014648,1.022705,43.874,0.236641,0.961832,-0.129771
1100,-0.062744,0.005615,1.018066,43.859,0.183206,1.038168,-0.259542
1120,-0.066650,0.009521,1.016113,43.862,0.145038,0.931298,-0.129771
1140,-0.066895,0.006104,1.023193,43.898,0.091603,1.038168,-0.198473
1160,-0.064209,0.008301,1.026855,43.848,0.343511,0.946565,-0.076336
1180,-0.062744,0.009521,1.017578,43.886,0.305344,0.984733,-0.137405
1200,-0.069092,0.007324,1.019775,43.862,0.351145,0.992366,-0.198473
1220,-0.065430,0.005859,1.027832,43.856,0.213740,1.007634,-0.099237
1240,-0.062256,0.010986,1.017334,43.877,0.267176,0.824428,-0.190840
1260,-0.064697,0.008789,1.017090,43.868,0.198473,0.984733,-0.122137
1280,-0.063477,0.011963,1.030273,43.859,0.137405,0.938931,-0.068702
1300,-0.066895,0.008789,1.028320,43.865,0.175573,1.022901,-0.076336
1320,-0.062012,0.010742,1.021973,43.880,0.229008,1.038168,-0.183206
1340,-0.060059,0.001709,1.022461,43.865,0.198473,0.977099,-0.183206
1360,-0.059570,0.009277,1.022949,43.889,0.251908,0.893130,-0.145038
1380,-0.073486,0.008789,1.036621,43.877,0.221374,0.938931,-0.099237
1400,-0.060791,0.002930,1.030273,43.848,0.251908,1.015267,-0.114504
1420,-0.059326,0.009033,1.019775,43.886,0.175573,0.984733,-0.030534
1441,-0.055420,0.016602,0.999512,43.856,0.244275,0.885496,0.030534
1460,-0.059082,0.011475,1.015869,43.895,0.236641,1.000000,-0.022901
1480,-0.069092,0.008545,1.016602,43.880,0.259542,0.923664,-0.022901
1500,-0.056152,0.003418,1.010986,43.868,0.190840,0.908397,-0.297710
1520,-0.066406,0.009521,1.022217,43.865,0.183206,0.931298,-0.206107
1540,-0.063721,0.010010,1.028076,43.862,0.251908,0.992366,-0.145038
1560,-0.062988,0.012695,1.027588,43.874,0.244275,0.862595,-0.083969
1580,-0.062012,0.011475,1.024170,43.845,0.137405,1.045802,-0.229008
1600,-0.062988,0.010498,1.023438,43.892,0.137405,0.946565,0.015267
1620,-0.065674,0.006104,1.031738,43.851,0.236641,0.977099,-0.137405
1640,-0.068359,0.007813,1.022461,43.892,0.145038,1.053435,-0.053435
1660,-0.063721,0.012695,1.030029,43.859,0.282443,0.916031,-0.175573
1680,-0.059814,0.005371,1.020752,43.851,0.137405,0.969466,-0.053435
1700,-0.067871,0.011963,1.026367,43.880,0.328244,1.068702,-0.114504
1720,-0.060547,0.015137,1.018311,43.871,0.152672,0.992366,-0.114504
1740,-0.056885,0.010254,1.031982,43.854,0.335878,0.839695,-0.053435
1760,-0.066406,0.010986,1.008545,43.874,0.229008,1.106870,-0.160305
1780,-0.070801,0.002686,1.024414,43.877,0.160305,1.091603,-0.167939
1801,-0.064697,0.008301,1.021973,43.901,0.236641,1.038168,-0.190840
1820,-0.056885,0.003662,1.023926,43.892,0.206107,0.954198,-0.045802
1840,-0.062500,0.009521,1.017334,43.898,0.167939,0.977099,-0.083969
1860,-0.062744,0.005127,1.024414,43.865,0.183206,0.931298,-0.122137
1880,-0.067871,0.002686,1.026367,43.883,0.221374,0.946565,-0.106870
1900,-0.068848,0.008789,1.015625,43.883,0.229008,1.038168,-0.053435
1920,-0.065918,0.010498,1.021973,43.877,0.221374,0.916031,-0.167939
1940,-0.063965,0.006592,1.017334,43.862,0.320611,1.007634,-0.114504
1960,-0.079834,0.030273,1.016357,43.854,0.274809,0.984733,-0.015267
1980,-0.057861,0.004883,1.025879,43.886,0.145038,0.809160,-0.175573
2000,-0.066162,0.011719,1.009033,43.886,0.236641,0.908397,-0.236641
2020,-0.065674,0.008545,1.018066,43.842,0.244275,1.061069,-0.167939
2040,-0.060303,0.006348,1.031494,43.871,0.229008,0.992366,-0.091603
2060,-0.062500,0.005371,1.024414,43.886,0.290076,0.961832,-0.221374
2080,-0.070557,0.010986,1.019775,43.871,0.152672,1.007634,-0.045802
2100,-0.059814,0.011719,1.021729,43.883,0.335878,0.923664,-0.152672
2120,-0.058594,0.008545,1.026367,43.892,0.206107,0.931298,-0.137405
2140,-0.064209,0.007813,1.027344,43.854,0.122137,0.946565,-0.091603
2160,-0.057861,0.006348,1.023193,43.883,0.198473,1.091603,-0.183206
2180,-0.064453,0.015381,1.022461,43.856,0.198473,1.068702,-0.106870
2200,-0.067139,0.009766,1.025146,43.889,0.137405,1.000000,-0.114504
2220,-0.091064,0.006348,1.036865,43.874,0.091603,1.022901,-0.122137
2240,-0.074707,0.005371,1.032959,43.859,0.129771,1.122137,-0.106870
2260,-0.068848,0.017578,1.027588,43.892,0.351145,1.007634,-0.083969
2280,-0.071533,0.010742,1.019775,43.868,0.221374,1.122137,-0.145038
2300,-0.071533,0.001465,1.033691,43.848,0.213740,1.061069,-0.083969
2320,-0.058105,0.017334,1.024658,43.848,0.259542,0.992366,-0.152672
2340,-0.066162,0.005859,1.025635,43.851,0.190840,0.908397,-0.099237
2360,-0.063477,0.010498,1.023438,43.868,0.259542,0.923664,-0.297710
2380,-0.077881,0.005371,1.043457,43.904,0.213740,1.061069,-0.099237
2400,-0.060547,0.004883,1.021973,43.854,0.251908,1.091603,-0.091603
2421,-0.063721,0.009277,1.021729,43.871,0.190840,0.961832,-0.137405
2440,-0.065186,0.020508,1.023926,43.854,0.206107,0.977099,-0.061069
2460,-0.055664,0.011719,1.022217,43.886,0.251908,1.045802,-0.259542
2480,-0.062500,0.014160,1.020264,43.886,0.167939,1.007634,-0.129771
2500,-0.069580,0.016357,1.035889,43.865,0.175573,1.000000,-0.183206
2520,-0.061279,0.011963,1.022949,43.862,0.129771,1.198473,-0.175573
2540,-0.070313,0.005371,1.018311,43.877,0.145038,0.954198,-0.129771
2560,-0.067139,0.009033,1.017822,43.909,0.290076,0.954198,-0.053435
2580,-0.062988,0.008301,1.026367,43.859,0.183206,0.984733,-0.106870
2600,-0.059814,0.006348,1.022217,43.859,0.198473,0.954198,-0.129771
2620,-0.059814,0.011475,1.019287,43.871,0.259542,0.893130,-0.099237
2640,-0.055420,0.008545,1.025635,43.892,0.251908,1.015267,-0.122137
2660,-0.066406,0.010254,1.019043,43.880,0.328244,0.977099,-0.022901
2680,-0.068359,0.014648,1.030273,43.865,0.183206,0.946565,-0.198473
2700,-0.065918,0.010986,1.018555,43.898,0.213740,1.022901,-0.106870
2720,-0.063232,0.010498,1.014404,43.862,0.274809,0.885496,-0.030534
2740,-0.060303,0.011475,1.012939,43.859,0.221374,0.862595,-0.167939
2760,-0.067139,0.009033,1.027832,43.898,0.221374,0.900763,-0.099237
2781,-0.063721,0.005859,1.027344,43.877,0.145038,1.038168,-0.091603
2800,-0.064209,0.013672,1.016602,43.883,0.145038,0.977099,-0.122137
2820,-0.068848,0.003906,1.022949,43.859,0.221374,1.083969,-0.129771
2840,-0.068604,0.005127,1.010986,43.848,0.198473,0.931298,-0.213740
2860,-0.056885,0.012695,1.022949,43.862,0.213740,0.908397,-0.022901
2880,-0.063477,0.005371,1.028809,43.898,0.206107,0.885496,-0.114504
2900,-0.062012,0.007568,1.026123,43.862,0.175573,1.007634,-0.099237
2920,-0.061035,0.006592,1.025879,43.871,0.251908,1.076336,-0.206107
2940,-0.066162,0.006836,1.028564,43.874,0.290076,0.977099,-0.015267
2960,-0.063232,0.006592,1.022949,43.868,0.305344,0.938931,-0.160305
2980,-0.045166,-0.021484,1.016113,43.862,0.106870,0.900763,-0.160305
3000,-0.072754,0.006836,1.028564,43.871,0.290076,1.000000,-0.091603
3020,-0.066650,-0.000732,1.044678,43.862,0.297710,1.106870,-0.061069
3040,-0.049561,0.016357,1.022217,43.874,0.198473,0.816794,-0.122137
3060,-0.067139,0.011230,1.015625,43.871,0.160305,0.954198,-0.198473
3080,-0.063232,0.006104,1.027588,43.874,0.251908,1.083969,0.030534
3100,-0.065186,0.012207,1.024902,43.865,0.381679,1.007634,0.114504
3120,-0.063721,0.008301,1.023193,43.827,0.221374,1.053435,-0.221374
3141,-0.060059,0.006104,1.030518,43.889,0.137405,0.969466,-0.076336
3160,-0.060303,0.003906,1.024658,43.859,0.175573,0.984733,-0.106870
3180,-0.068604,0.016113,1.024902,43.874,0.267176,1.106870,-0.152672
3200,-0.070557,0.011963,1.024170,43.856,0.198473,0.961832,-0.061069
3220,-0.062256,0.006104,1.029785,43.883,0.190840,0.984733,-0.015267
3240,-0.068848,0.004639,1.024902,43.862,0.091603,1.000000,-0.152672
3260,-0.070557,0.012695,1.022461,43.868,0.145038,0.916031,-0.122137
3280,-0.064209,0.000244,1.036377,43.865,0.343511,0.961832,-0.190840
3300,-0.063721,0.010254,1.031250,43.836,0.213740,0.923664,-0.145038
3320,-0.064941,0.009277,1.024170,43.868,0.114504,0.908397,-0.122137
3340,-0.063721,0.001953,1.020752,43.859,0.312977,1.122137,-0.053435
3360,-0.061279,0.012695,1.021484,43.842,0.374046,1.015267,-0.015267
3380,-0.059814,0.011719,1.027832,43.856,0.183206,0.961832,-0.221374
3400,-0.058838,0.008057,1.020020,43.880,0.076336,0.832061,-0.198473
3420,-0.064697,0.008545,1.028320,43.892,0.274809,0.816794,0.000000
3440,-0.068115,0.014160,1.026855,43.862,0.297710,0.870229,-0.183206
3460,-0.061035,0.009277,1.024414,43.859,0.183206,0.931298,-0.129771
3480,-0.064697,0.004883,1.023682,43.851,0.374046,0.938931,-0.038168
3501,-0.070068,0.013428,1.027832,43.877,0.251908,0.977099,-0.145038
3520,-0.076660,0.012451,1.034668,43.880,0.122137,0.938931,-0.183206
3540,-0.060791,-0.005371,1.025146,43.877,0.259542,0.984733,-0.068702
3560,-0.083252,0.004395,1.025391,43.865,0.312977,1.038168,-0.099237
3580,-0.074463,0.017334,1.011230,43.842,0.183206,1.068702,-0.167939
3600,-0.071533,0.002197,1.015381,43.889,0.236641,1.015267,-0.328244
3620,-0.061768,0.003906,1.022949,43.854,0.381679,0.893130,-0.122137
3640,-0.062012,0.013672,1.030762,43.874,0.160305,0.931298,-0.030534
3660,-0.059082,0.007080,1.029053,43.854,0.167939,0.893130,-0.083969
3680,-0.058105,0.000000,1.020752,43.880,0.358779,1.068702,-0.076336
3700,-0.071289,0.012939,1.023193,43.877,0.328244,1.045802,-0.053435
3720,-0.069092,0.014160,1.023438,43.898,0.083969,1.007634,-0.190840
3740,-0.062256,0.009521,1.018311,43.892,0.175573,1.007634,-0.160305
3760,-0.068604,0.005859,1.019043,43.851,0.190840,0.931298,-0.106870
3780,-0.058594,-0.005127,1.020752,43.862,0.167939,1.015267,-0.053435
3800,-0.067139,0.015137,1.021729,43.877,0.282443,1.099237,-0.106870
3820,-0.071777,0.003174,1.013428,43.874,0.175573,0.931298,-0.137405
3840,-0.064941,0.010986,1.018311,43.877,0.244275,0.908397,-0.068702
3861,-0.053955,0.011230,1.019775,43.862,0.129771,1.053435,-0.083969
3880,-0.060059,0.009033,1.021240,43.874,0.251908,1.007634,-0.183206
3900,-0.062500,0.006104,1.019775,43.871,0.244275,0.969466,-0.106870
3920,-0.067627,0.005859,1.020752,43.877,0.221374,0.961832,-0.122137
3940,-0.058350,0.006104,1.028076,43.862,0.229008,0.977099,-0.297710
3960,-0.064697,0.005127,1.021484,43.871,0.175573,0.977099,-0.099237
3980,-0.065186,0.010498,1.023926,43.868,0.122137,0.992366,-0.145038
4000,-0.062744,0.006836,1.020752,43.886,0.251908,0.961832,-0.175573
4020,-0.064209,0.008545,1.026855,43.874,0.328244,0.961832,-0.145038
4040,-0.062500,0.006104,1.020752,43.892,0.320611,1.015267,-0.229008
4060,-0.064941,0.010254,1.026123,43.845,0.160305,1.038168,-0.038168
4080,-0.062988,0.004639,1.024658,43.868,0.198473,0.908397,-0.251908
4100,-0.065186,0.006104,1.023682,43.859,0.305344,1.099237,-0.167939
4120,-0.066895,0.009766,1.023926,43.859,0.152672,0.992366,-0.152672
4140,-0.067383,0.007324,1.017578,43.883,0.190840,0.977099,-0.160305
4160,-0.059082,0.009521,1.009033,43.871,0.198473,0.969466,-0.129771
4180,-0.057861,0.010742,1.021973,43.862,0.274809,0.984733,-0.122137
4200,-0.059814,0.010742,1.019531,43.851,0.236641,0.786260,-0.083969
4221,-0.064209,0.009033,1.025391,43.851,0.190840,1.106870,-0.206107
4240,-0.064941,0.009766,1.019043,43.877,0.190840,1.068702,-0.076336
4260,-0.061279,0.006104,1.021973,43.868,0.129771,1.091603,-0.190840
4280,-0.065186,0.007813,1.026855,43.833,0.229008,0.984733,-0.183206
4300,-0.063232,0.009277,1.026611,43.877,0.259542,0.954198,-0.198473
4320,-0.062012,0.010498,1.026611,43.854,0.183206,0.954198,-0.183206
4340,-0.063232,0.007568,1.018311,43.862,0.251908,1.106870,-0.083969
4360,-0.064209,0.006592,1.023193,43.880,0.160305,0.992366,-0.221374
4380,-0.066650,0.009521,1.020264,43.889,0.206107,0.923664,-0.061069
4400,-0.063477,0.007324,1.028320,43.871,0.251908,1.022901,-0.122137
4420,-0.061768,0.006348,1.023926,43.859,0.190840,1.045802,-0.167939
4440,-0.062256,0.012939,1.021240,43.862,0.145038,1.030534,-0.137405
4460,-0.063477,0.009766,1.018555,43.865,0.160305,0.961832,-0.038168
4480,-0.065918,0.010986,1.019531,43.886,0.343511,0.969466,-0.091603
4500,-0.066895,0.009766,1.018799,43.904,0.236641,1.007634,-0.137405
4520,-0.064209,0.007324,1.028076,43.904,0.221374,0.839695,-0.190840
4540,-0.066895,0.007324,1.030029,43.883,0.236641,0.870229,-0.145038
4560,-0.065674,0.011230,1.025146,43.871,0.236641,0.954198,-0.114504
4580,-0.063477,0.007568,1.022217,43.851,0.160305,0.923664,-0.175573
4600,-0.071045,0.009033,1.029297,43.886,0.152672,1.038168,-0.206107
4620,-0.064209,0.010742,1.023926,43.842,0.122137,0.969466,-0.015267
4640,-0.060059,0.009277,1.024658,43.889,0.274809,1.022901,-0.183206
4660,-0.066162,0.010498,1.031006,43.877,0.152672,0.839695,-0.175573
4680,-0.064941,0.005371,1.026367,43.862,0.175573,0.931298,-0.083969
4701,-0.065674,0.010742,1.022461,43.871,0.305344,1.030534,-0.083969
4720,-0.063965,0.009766,1.025391,43.871,0.152672,0.923664,-0.129771
4740,-0.064697,0.011719,1.021484,43.874,0.312977,0.877863,-0.053435
4760,-0.066406,0.008057,1.020752,43.848,0.236641,0.946565,-0.114504
4780,-0.062744,0.008057,1.028076,43.880,0.274809,0.969466,-0.190840
4800,-0.064209,0.009033,1.024170,43.854,0.229008,1.000000,-0.076336
4820,-0.065674,0.008545,1.014648,43.877,0.160305,1.000000,-0.122137
4840,-0.065186,0.010986,1.015381,43.883,0.236641,0.946565,-0.114504
4860,-0.067383,0.006836,1.021484,43.871,0.244275,0.984733,-0.114504
4880,-0.063477,0.006836,1.024902,43.868,0.183206,0.984733,-0.091603
4900,-0.061523,0.005371,1.023438,43.874,0.206107,0.923664,-0.022901
4920,-0.065186,0.006592,1.026855,43.874,0.305344,0.969466,-0.175573
4940,-0.059326,0.007080,1.025635,43.877,0.213740,0.969466,-0.152672
4960,-0.063232,0.010010,1.020020,43.886,0.206107,1.022901,-0.061069
4980,-0.066162,0.006104,1.020996,43.862,0.152672,0.969466,-0.083969
5000,-0.062256,0.005371,1.024902,43.877,0.183206,1.038168,-0.122137
5020,-0.064453,0.004883,1.019287,43.871,0.251908,0.938931,-0.091603
5040,-0.060059,0.007568,1.026855,43.868,0.221374,1.053435,-0.076336
5060,-0.064697,0.011475,1.021240,43.877,0.267176,0.961832,-0.129771
5081,-0.062500,0.007080,1.018799,43.874,0.145038,1.030534,-0.083969
5101,-0.063232,0.010986,1.020996,43.865,0.290076,1.015267,-0.114504
5120,-0.062012,0.007080,1.017578,43.859,0.305344,0.977099,-0.183206
5140,-0.063232,0.011230,1.025391,43.848,0.183206,1.114504,-0.175573
5160,-0.060303,0.009521,1.021973,43.880,0.236641,1.000000,-0.083969
5180,-0.064209,0.013672,1.023682,43.877,0.190840,0.954198,-0.236641
5200,-0.064697,0.009277,1.025635,43.856,0.259542,1.038168,-0.106870
5220,-0.061035,0.009766,1.022217,43.830,0.236641,0.954198,-0.236641
5240,-0.070313,0.009033,1.018799,43.874,0.198473,0.977099,-0.122137
5260,-0.065430,0.009277,1.020264,43.871,0.152672,1.015267,-0.175573
5280,-0.068604,0.010010,1.020020,43.889,0.427481,1.015267,-0.236641
5300,-0.065430,0.009766,1.029297,43.851,0.160305,0.984733,-0.206107
5320,-0.062988,0.007813,1.017578,43.848,0.198473,0.977099,-0.083969
5340,-0.065430,0.010254,1.022217,43.868,0.282443,1.015267,-0.190840
5360,-0.062988,0.004883,1.022217,43.898,0.221374,0.977099,-0.076336
5380,-0.065674,0.004639,1.023682,43.859,0.167939,0.977099,-0.183206
5400,-0.063721,0.010498,1.020508,43.877,0.297710,0.992366,-0.206107
5420,-0.066406,0.009766,1.025391,43.865,0.183206,0.854962,-0.122137
5441,-0.065186,0.006592,1.022949,43.877,0.183206,1.053435,-0.221374
5460,-0.061035,0.007568,1.022217,43.839,0.251908,0.839695,-0.183206
5480,-0.065918,0.008057,1.021729,43.877,0.137405,0.923664,-0.137405
5500,-0.070557,0.007080,1.024170,43.851,0.251908,1.038168,-0.076336
5520,-0.062012,0.007568,1.024658,43.859,0.221374,0.977099,-0.091603
5540,-0.062744,0.005859,1.025146,43.886,0.099237,1.015267,-0.183206
5560,-0.064453,0.009766,1.025879,43.859,0.145038,0.923664,0.007634
5580,-0.065918,0.010010,1.020264,43.862,0.251908,0.954198,-0.160305
5600,-0.066406,0.007080,1.017090,43.874,0.167939,0.908397,-0.068702
5620,-0.065186,0.007324,1.025879,43.856,0.305344,0.900763,-0.137405
5640,-0.060547,0.007568,1.031494,43.851,0.221374,1.152672,-0.221374
5660,-0.061279,0.009277,1.021973,43.877,0.175573,1.106870,-0.190840
5680,-0.065430,0.010498,1.024170,43.889,0.251908,0.984733,-0.099237
5700,-0.064941,0.011475,1.024658,43.883,0.229008,1.007634,-0.114504
5720,-0.065918,0.008057,1.025391,43.856,0.236641,1.007634,-0.175573
5740,-0.062744,0.009277,1.023682,43.892,0.244275,0.877863,-0.114504
5760,-0.066162,0.008301,1.021973,43.862,0.221374,0.977099,-0.152672
5780,-0.062988,0.009766,1.023682,43.862,0.274809,0.938931,-0.076336
5800,-0.066650,0.008545,1.022217,43.868,0.221374,0.946565,-0.122137
5821,-0.068115,0.007080,1.026123,43.862,0.145038,0.938931,-0.091603
5840,-0.062744,0.007324,1.023682,43.856,0.244275,0.938931,-0.206107
5860,-0.066406,0.008301,1.017578,43.856,0.244275,0.961832,-0.152672
5880,-0.062256,0.008545,1.021240,43.877,0.229008,0.969466,-0.099237
5900,-0.067139,0.011475,1.023926,43.871,0.251908,0.969466,-0.206107
5920,-0.065186,0.010742,1.026123,43.848,0.175573,0.916031,-0.183206
5940,-0.063477,0.013428,1.026611,43.862,0.190840,0.984733,-0.061069
5960,-0.064209,0.010254,1.023926,43.859,0.343511,1.038168,-0.122137
5980,-0.062744,0.010498,1.028076,43.892,0.282443,0.923664,-0.068702
6000,-0.067871,0.009277,1.027832,43.871,0.198473,0.992366,-0.015267
6020,-0.065918,0.011475,1.022461,43.874,0.274809,0.961832,-0.152672
6040,-0.062500,0.006348,1.018311,43.848,0.213740,1.106870,-0.137405
6060,-0.067383,0.006104,1.026855,43.862,0.213740,0.916031,-0.114504
6080,-0.064941,0.007080,1.023193,43.871,0.267176,1.015267,-0.083969
6100,-0.062012,0.008789,1.027344,43.842,0.198473,0.984733,-0.122137
6120,-0.060303,0.007080,1.016602,43.892,0.137405,1.015267,-0.206107
6140,-0.068604,0.006592,1.023193,43.854,0.229008,0.870229,-0.137405
6160,-0.066406,0.007324,1.023926,43.880,0.244275,1.083969,-0.106870
6181,-0.062988,0.010498,1.028809,43.856,0.137405,0.938931,-0.114504
6200,-0.066162,0.010254,1.023193,43.886,0.259542,0.977099,-0.091603
6220,-0.068115,0.011719,1.028076,43.880,0.152672,1.022901,-0.114504
6240,-0.062256,0.010498,1.027344,43.865,0.198473,0.992366,-0.106870
6260,-0.062744,0.010254,1.027344,43.862,0.175573,1.000000,-0.190840
6280,-0.064209,0.010498,1.028809,43.883,0.244275,0.931298,-0.160305
6300,-0.063965,0.008789,1.026611,43.868,0.221374,1.007634,-0.175573
6320,-0.060303,0.007813,1.025391,43.877,0.274809,0.885496,-0.106870
6340,-0.065186,0.008789,1.022705,43.871,0.267176,0.847328,-0.137405
6360,-0.062012,0.008545,1.029297,43.862,0.183206,1.045802,-0.099237
6380,-0.066162,0.009033,1.021973,43.859,0.236641,1.022901,-0.122137
6400,-0.063477,0.014160,1.026123,43.868,0.244275,0.931298,0.007634
6420,-0.062012,0.010254,1.026123,43.874,0.213740,0.977099,-0.068702
6440,-0.062256,0.011230,1.022705,43.883,0.175573,0.862595,-0.129771
6460,-0.064209,0.009521,1.030762,43.851,0.167939,1.030534,-0.152672
6480,-0.063721,0.007813,1.021973,43.886,0.305344,1.022901,-0.175573
6500,-0.062012,0.010742,1.031494,43.856,0.190840,0.893130,-0.221374
6521,-0.065674,0.005615,1.016602,43.874,0.198473,0.916031,-0.229008
6540,-0.064209,0.009277,1.023193,43.886,0.206107,0.900763,-0.106870
6560,-0.066406,0.012207,1.024414,43.868,0.244275,1.000000,-0.175573
6580,-0.063477,0.012695,1.029053,43.889,0.312977,1.015267,-0.114504
6600,-0.063232,0.006348,1.021973,43.874,0.244275,0.870229,-0.122137
6620,-0.064453,0.007080,1.025146,43.883,0.175573,0.969466,-0.213740
6640,-0.065430,0.008301,1.022949,43.868,0.213740,1.015267,-0.175573
6660,-0.068115,0.006104,1.019287,43.898,0.229008,1.007634,-0.175573
6680,-0.062500,0.009766,1.016357,43.865,0.175573,1.091603,-0.030534
6700,-0.067383,0.011230,1.024902,43.854,0.244275,0.961832,-0.145038
6720,-0.067627,0.008789,1.020264,43.854,0.236641,1.061069,-0.137405
6740,-0.064941,0.008789,1.026611,43.859,0.122137,1.030534,-0.183206
6760,-0.061768,0.010254,1.022949,43.871,0.244275,0.931298,-0.091603
6780,-0.066162,0.009521,1.029297,43.883,0.259542,1.022901,-0.068702
6800,-0.061035,0.006592,1.024170,43.868,0.152672,0.916031,-0.083969
6820,-0.062256,0.008057,1.022217,43.848,0.137405,1.015267,-0.129771
6840,-0.061279,0.009521,1.023926,43.895,0.244275,0.977099,-0.061069
6860,-0.062500,0.009033,1.021484,43.856,0.290076,0.938931,-0.083969
6881,-0.061523,0.010010,1.027588,43.874,0.282443,1.053435,-0.114504
6900,-0.060791,0.009766,1.024658,43.868,0.137405,0.946565,-0.229008
6920,-0.063965,0.008545,1.026855,43.865,0.221374,0.916031,-0.152672
6940,-0.062500,0.012939,1.019287,43.865,0.267176,0.992366,-0.114504
6960,-0.065918,0.008301,1.023682,43.886,0.167939,1.106870,-0.145038
6980,-0.059570,0.006592,1.021729,43.839,0.167939,1.091603,-0.122137
7000,-0.063721,0.008789,1.027100,43.862,0.206107,1.007634,-0.106870
7021,-0.061279,0.006592,1.023193,43.862,0.106870,1.083969,-0.122137
7040,-0.065186,0.007813,1.027100,43.851,0.206107,0.786260,-0.152672
7060,-0.061523,0.008789,1.021729,43.883,0.190840,1.061069,-0.145038
7080,-0.064941,0.007813,1.020264,43.865,0.152672,1.053435,-0.091603
7100,-0.063477,0.008545,1.023193,43.883,0.282443,0.977099,-0.045802
7120,-0.065186,0.008057,1.020752,43.874,0.259542,1.091603,-0.152672
7140,-0.061768,0.008789,1.027588,43.880,0.305344,0.984733,-0.061069
7160,-0.068848,0.008789,1.026367,43.880,0.137405,1.076336,-0.137405
7180,-0.064697,0.014648,1.022949,43.854,0.274809,0.954198,-0.152672
7200,-0.065186,0.010010,1.025391,43.856,0.259542,0.977099,-0.244275
7220,-0.060547,0.007568,1.022217,43.851,0.274809,0.992366,-0.152672
7240,-0.058350,0.008057,1.025391,43.877,0.221374,1.030534,-0.152672
7260,-0.067139,0.013428,1.022705,43.877,0.213740,0.984733,-0.099237
7280,-0.063477,0.007813,1.023193,43.856,0.129771,1.038168,-0.167939
7300,-0.063232,0.010254,1.022949,43.889,0.282443,0.923664,-0.198473
7320,-0.061523,0.010254,1.024414,43.871,0.282443,0.854962,-0.038168
7340,-0.061279,0.012207,1.023926,43.862,0.183206,0.877863,-0.076336
7360,-0.065430,0.006348,1.026123,43.874,0.229008,1.114504,-0.122137
7381,-0.067139,0.010742,1.020020,43.868,0.198473,0.931298,-0.129771
7401,-0.064453,0.007813,1.027344,43.871,0.251908,0.954198,0.030534
7420,-0.061035,0.013672,1.020752,43.871,0.297710,0.977099,-0.045802
7440,-0.062744,0.009521,1.024170,43.854,0.175573,0.916031,-0.160305
7460,-0.062988,0.008301,1.018799,43.880,0.335878,0.969466,-0.083969
7480,-0.063232,0.009521,1.025146,43.880,0.152672,0.862595,-0.083969
7500,-0.067627,0.010010,1.026123,43.868,0.244275,1.038168,-0.038168
7520,-0.070313,0.005859,1.027344,43.889,0.190840,1.045802,-0.061069
7540,-0.048828,0.010742,1.010742,43.865,0.099237,1.129771,-0.122137
7560,-0.061768,0.009521,1.026367,43.856,0.213740,1.007634,-0.106870
7580,-0.066895,0.012695,1.024658,43.865,0.274809,1.022901,-0.099237
7600,-0.060791,0.012695,1.022461,43.854,0.190840,1.007634,-0.167939
7620,-0.063477,0.007813,1.019531,43.868,0.229008,0.961832,-0.053435
7640,-0.065674,0.010010,1.022949,43.883,0.122137,1.000000,-0.175573
7660,-0.063477,0.006836,1.021240,43.877,0.099237,0.938931,-0.068702
7680,-0.064453,0.004883,1.022461,43.856,0.183206,1.000000,-0.030534
7700,-0.058350,0.011963,1.017578,43.877,0.267176,1.015267,0.000000
7720,-0.065674,0.009277,1.027588,43.848,0.190840,1.030534,-0.083969
7740,-0.063965,0.011719,1.027588,43.851,0.244275,1.099237,-0.122137
7761,-0.060547,0.010254,1.025146,43.859,0.305344,0.916031,-0.083969
7780,-0.056152,0.006348,1.026611,43.854,0.145038,0.900763,-0.190840
7800,-0.060059,0.006592,1.014648,43.874,0.190840,0.961832,-0.053435
7820,-0.068604,0.016846,1.025879,43.871,0.259542,0.946565,-0.183206
7840,-0.062988,0.011963,1.023926,43.892,0.167939,0.931298,-0.160305
7860,-0.057373,0.000488,1.029053,43.880,0.290076,1.038168,-0.099237
7880,-0.060791,0.008545,1.021729,43.880,0.236641,0.870229,-0.167939
7900,-0.057861,0.014160,1.021973,43.865,0.206107,0.893130,-0.145038
7920,-0.064697,0.006104,1.029053,43.856,0.297710,0.877863,-0.175573
7940,-0.065186,0.006836,1.023193,43.859,0.221374,0.946565,-0.091603
7960,-0.065918,0.003418,1.021484,43.851,0.099237,1.061069,-0.106870
7980,-0.061035,0.012939,1.028564,43.886,0.251908,1.106870,-0.091603
8000,-0.062744,0.009277,1.025635,43.874,0.145038,0.938931,-0.213740
8020,-0.071533,0.007813,1.024414,43.856,0.335878,1.183206,-0.221374
8040,-0.065674,0.012939,1.023193,43.868,0.282443,0.870229,-0.167939
8060,-0.058350,0.009766,1.019287,43.886,0.221374,0.847328,-0.106870
8080,-0.055664,0.005127,1.023926,43.859,0.229008,0.885496,-0.213740
8100,-0.059814,0.002930,1.023438,43.854,0.198473,1.000000,-0.137405
8121,-0.069580,0.008545,1.019287,43.874,0.213740,1.061069,-0.190840
8141,-0.066895,0.011475,1.020508,43.895,0.374046,0.992366,-0.106870
8160,-0.061035,0.010742,1.017578,43.877,0.206107,1.038168,-0.129771
8180,-0.061279,0.008301,1.020996,43.862,0.229008,0.900763,-0.229008
8200,-0.065186,0.007568,1.021240,43.883,0.267176,1.007634,-0.152672
8220,-0.062012,0.011475,1.027588,43.856,0.328244,1.061069,-0.274809
8240,-0.065674,0.012695,1.021729,43.868,0.251908,1.175573,-0.129771
8260,-0.062744,0.009033,1.028564,43.877,0.114504,0.969466,-0.122137
8280,-0.060791,0.009521,1.027100,43.883,0.236641,1.030534,-0.114504
8300,-0.060547,0.010498,1.025879,43.889,0.351145,0.923664,-0.152672
8320,-0.063965,0.009521,1.019775,43.845,0.328244,1.007634,-0.076336
8340,-0.063965,0.006104,1.020508,43.883,0.297710,1.045802,-0.061069
8360,-0.063721,0.008545,1.026123,43.874,0.206107,0.954198,-0.061069
8380,-0.065674,0.011475,1.020996,43.883,0.221374,1.129771,-0.160305
8400,-0.065674,0.010254,1.027100,43.889,0.274809,1.022901,-0.099237
8420,-0.059082,0.010498,1.020508,43.880,0.274809,1.045802,-0.167939
8440,-0.063721,0.013184,1.025146,43.880,0.335878,0.801527,-0.129771
8460,-0.067871,0.013428,1.020264,43.877,0.267176,1.022901,-0.106870
8481,-0.060303,0.005127,1.027832,43.874,0.259542,1.091603,-0.198473
8500,-0.065186,0.009521,1.022705,43.862,0.236641,0.984733,-0.122137
8520,-0.064453,0.007568,1.023926,43.862,0.244275,1.022901,-0.129771
8540,-0.068359,0.010742,1.026367,43.877,0.206107,0.946565,-0.129771
8560,-0.062012,0.010986,1.025146,43.895,0.206107,0.946565,-0.236641
8580,-0.058350,0.006104,1.022217,43.859,0.129771,0.946565,-0.076336
8600,-0.064941,0.010498,1.020752,43.880,0.244275,0.977099,-0.122137
8620,-0.064209,0.010254,1.026855,43.889,0.190840,0.992366,-0.114504
8640,-0.066406,0.006836,1.021973,43.877,0.213740,1.038168,-0.091603
8660,-0.065186,0.008545,1.026123,43.865,0.251908,1.061069,-0.076336
8680,-0.077881,0.027832,1.008789,43.889,0.206107,1.061069,-0.114504
8700,-0.021240,0.016357,1.008301,43.871,-0.206107,0.213740,-0.328244
8720,-0.011230,0.016357,1.042236,43.862,0.496183,0.129771,-0.320611
8740,-0.018799,0.023438,1.046143,43.883,0.290076,0.473282,-0.206107
8760,-0.026367,0.020508,1.023926,43.854,0.290076,0.755725,-0.198473
8780,-0.048584,0.010986,1.024902,43.859,0.213740,0.770992,-0.137405
8800,-0.064209,0.007568,1.029053,43.880,0.236641,1.000000,-0.068702
8820,-0.062988,0.011230,1.024414,43.859,0.282443,1.129771,-0.038168
8841,-0.063477,0.008301,1.017578,43.874,0.206107,0.885496,-0.091603
8860,-0.067627,0.006348,1.020752,43.877,0.129771,0.885496,-0.221374
8880,-0.069336,0.006836,1.019043,43.871,0.137405,0.938931,-0.160305
8900,-0.063721,0.013672,1.021484,43.906,0.190840,1.007634,-0.114504
8920,-0.065918,0.009521,1.022461,43.859,0.259542,0.923664,-0.137405
8940,-0.064209,0.004395,1.032227,43.874,0.167939,0.938931,-0.091603
8960,-0.065186,0.004395,1.028320,43.862,0.190840,0.992366,-0.137405
8980,-0.064209,0.010986,1.021973,43.898,0.145038,1.068702,-0.106870
9000,-0.063721,0.010986,1.024414,43.880,0.412214,1.007634,-0.160305
9020,-0.063477,0.007080,1.023438,43.883,0.183206,0.938931,-0.106870
9040,-0.059570,0.008057,1.021973,43.868,0.091603,0.931298,-0.122137
9060,-0.062988,0.010986,1.023438,43.871,0.274809,1.007634,-0.152672
9080,-0.063477,0.007813,1.022705,43.871,0.274809,1.030534,-0.053435
9100,-0.064941,0.009766,1.025146,43.877,0.221374,0.938931,-0.038168
9120,-0.064697,0.007813,1.027832,43.848,0.213740,1.183206,-0.175573
9140,-0.063965,0.010254,1.026611,43.854,0.190840,0.862595,-0.076336
9160,-0.066650,0.008057,1.027100,43.868,0.175573,0.961832,-0.152672
9180,-0.061768,0.005371,1.018311,43.868,0.190840,0.885496,-0.160305
9201,-0.062500,0.005127,1.026367,43.848,0.267176,1.076336,-0.145038
9220,-0.060791,0.014648,1.023438,43.871,0.274809,0.923664,-0.137405
9240,-0.064453,0.010986,1.021240,43.877,0.229008,0.977099,-0.137405
9260,-0.060547,0.011230,1.025146,43.874,0.244275,0.900763,-0.076336
9280,-0.063721,0.011475,1.024902,43.874,0.167939,1.045802,-0.122137
9300,-0.059814,0.010742,1.022949,43.874,0.114504,1.091603,-0.183206
9320,-0.059570,0.007080,1.021973,43.889,0.236641,0.969466,-0.175573
9340,-0.063477,0.011719,1.016602,43.865,0.267176,1.030534,-0.083969
9360,-0.066162,0.007568,1.019043,43.880,0.236641,1.000000,0.007634
9380,-0.063477,0.010254,1.015137,43.851,0.175573,0.870229,-0.015267
9400,-0.064453,0.009277,1.027100,43.868,0.190840,0.992366,-0.106870
9420,-0.065674,0.010986,1.020020,43.895,0.244275,0.961832,-0.053435
9440,-0.063965,0.011963,1.018555,43.859,0.167939,1.022901,-0.076336
9460,-0.061768,0.012939,1.023438,43.874,0.274809,0.877863,-0.167939
9480,-0.060791,0.008057,1.022949,43.874,0.198473,0.992366,-0.114504
9500,-0.061035,0.010498,1.025635,43.865,0.274809,1.007634,-0.183206
9520,-0.060303,0.011230,1.027588,43.868,0.290076,1.015267,-0.183206
9540,-0.061523,0.009277,1.025391,43.845,0.167939,1.000000,-0.122137
9560,-0.082275,0.011963,1.040771,43.877,0.274809,0.969466,-0.190840
9580,-0.067627,0.006592,1.027344,43.868,0.221374,0.977099,-0.190840
9600,-0.058105,0.004395,1.021973,43.877,0.213740,0.870229,-0.145038
9620,-0.066406,0.007324,1.027100,43.865,0.305344,1.015267,-0.122137
9640,-0.061523,0.012207,1.028564,43.865,0.297710,0.908397,-0.122137
9660,-0.050537,0.009033,1.006348,43.854,0.198473,0.916031,-0.221374
9681,-0.065918,0.009033,1.023438,43.880,0.160305,0.992366,-0.038168
9700,-0.064941,0.004150,1.023438,43.856,0.290076,0.862595,-0.083969
9720,-0.065918,0.015137,1.020996,43.865,0.183206,0.984733,-0.137405
9740,-0.061768,0.010986,1.021484,43.842,0.167939,1.022901,-0.076336
9760,-0.064209,0.008057,1.028320,43.851,0.312977,0.961832,-0.167939
9780,-0.063721,0.008545,1.019043,43.856,0.152672,1.007634,-0.198473
9800,-0.062744,0.007568,1.026855,43.851,0.221374,0.992366,-0.083969
9820,-0.067627,0.010498,1.023682,43.871,0.198473,0.992366,-0.137405
9840,-0.061523,0.006592,1.025635,43.848,0.175573,1.007634,-0.160305
9860,-0.065186,0.008057,1.022705,43.856,0.213740,0.824428,-0.083969
9880,-0.065674,0.011963,1.022217,43.856,0.312977,0.969466,-0.122137
9900,-0.065186,0.011230,1.029297,43.862,0.320611,0.885496,-0.129771
9920,-0.062988,0.004639,1.025635,43.895,0.320611,1.000000,-0.152672
9940,-0.063477,0.006592,1.019531,43.889,0.106870,1.083969,-0.099237
9960,-0.061523,0.002197,1.022705,43.883,0.076336,0.870229,-0.114504
9980,-0.064453,0.011719,1.026123,43.845,0.244275,0.984733,-0.137405
10000,-0.063965,0.009766,1.020752,43.880,0.259542,0.931298,-0.213740
10020,-0.063477,0.008545,1.025879,43.886,0.206107,0.916031,-0.122137
10040,-0.062012,0.009766,1.020752,43.898,0.221374,0.931298,-0.129771
10061,-0.063477,0.009033,1.027100,43.862,0.236641,0.931298,-0.137405
10081,-0.065674,0.007080,1.026855,43.874,0.129771,0.969466,-0.129771
10100,-0.067383,0.009277,1.019775,43.880,0.274809,1.045802,-0.129771
10120,-0.062744,0.007324,1.021973,43.877,0.190840,0.938931,-0.259542
10140,-0.064697,0.009521,1.028076,43.865,0.198473,1.000000,-0.053435
10160,-0.064453,0.009766,1.021484,43.892,0.213740,0.969466,-0.007634
10180,-0.061035,0.010010,1.024658,43.874,0.290076,0.961832,-0.152672
10200,-0.062012,0.007080,1.022461,43.898,0.236641,1.007634,-0.114504
10220,-0.063965,0.002930,1.016357,43.848,0.297710,0.961832,-0.213740
10240,-0.060547,0.011719,1.022461,43.871,0.190840,1.022901,-0.114504
10260,-0.056396,0.015625,1.013428,43.898,0.213740,1.061069,-0.099237
10280,-0.063477,0.014893,1.030273,43.874,0.183206,0.977099,-0.061069
10300,-0.065430,0.013672,1.004883,43.859,0.160305,1.015267,-0.106870
10320,-0.063232,0.009277,1.016846,43.880,0.251908,0.977099,-0.190840
10340,-0.061279,0.008057,1.030273,43.871,0.061069,1.251908,-0.175573
10360,-0.062744,0.009766,1.020752,43.845,0.290076,0.969466,-0.137405
10380,-0.062012,0.003174,1.016846,43.883,0.251908,1.076336,-0.167939
10400,-0.060059,0.011963,1.024902,43.877,0.190840,1.022901,-0.076336
10420,-0.064697,0.005615,1.020508,43.880,0.175573,1.076336,-0.183206
10441,-0.064209,0.007813,1.028076,43.871,0.274809,1.114504,-0.106870
10460,-0.059326,0.008789,1.027100,43.845,0.183206,1.007634,-0.206107
10480,-0.067139,0.010010,1.024414,43.871,0.198473,0.931298,-0.183206
10500,-0.059082,0.011963,1.022217,43.862,0.106870,1.038168,-0.335878
10520,-0.062744,0.007080,1.029297,43.874,0.206107,1.007634,-0.145038
10540,-0.066162,0.010498,1.025391,43.877,0.137405,0.984733,0.015267
10560,-0.071777,0.018799,1.033691,43.895,0.183206,1.083969,-0.061069
10580,-0.057861,0.005859,1.021729,43.862,0.198473,0.961832,-0.099237
10600,-0.062012,0.005127,1.023438,43.889,0.229008,0.961832,-0.236641
10620,-0.065674,0.007324,1.030029,43.859,0.343511,1.076336,-0.122137
10640,-0.062988,0.008789,1.020264,43.892,0.305344,0.977099,-0.045802
10660,-0.063721,0.009033,1.019287,43.848,0.183206,1.129771,-0.106870
10680,-0.056885,0.004639,1.023682,43.856,0.206107,0.992366,-0.145038
10700,-0.065186,0.011719,1.017090,43.868,0.351145,0.900763,-0.076336
10720,-0.066650,0.010742,1.019531,43.877,0.251908,0.938931,-0.190840
10740,-0.065918,0.006592,1.029053,43.851,0.167939,1.022901,-0.076336
10760,-0.062012,0.010254,1.027344,43.871,0.206107,0.938931,0.038168
10780,-0.064209,0.010498,1.025391,43.874,0.297710,1.000000,-0.297710
10801,-0.070313,0.011230,1.020264,43.848,0.160305,0.946565,-0.167939
10820,-0.065674,0.007568,1.023193,43.859,0.190840,1.000000,-0.076336
10840,-0.065674,0.010010,1.023438,43.871,0.213740,0.938931,-0.076336
10860,-0.071289,0.008789,1.032471,43.839,0.206107,0.992366,-0.152672
10880,-0.067139,0.007813,1.021484,43.877,0.190840,0.992366,-0.099237
10900,-0.066406,0.005127,1.026123,43.874,0.106870,0.961832,-0.160305
10920,-0.063721,0.010010,1.018311,43.842,0.320611,0.984733,-0.152672
10940,-0.064209,0.007568,1.021484,43.871,0.259542,1.030534,-0.061069
10960,-0.065674,0.008057,1.022217,43.854,0.152672,1.091603,-0.175573
10980,-0.063721,0.009033,1.025635,43.871,0.198473,0.885496,-0.137405
11000,-0.061035,0.008301,1.027100,43.868,0.259542,1.030534,-0.137405
11020,-0.066895,0.005859,1.023193,43.824,0.190840,0.992366,-0.061069
11040,-0.057617,0.009521,1.028809,43.877,0.236641,0.870229,-0.167939
11060,-0.074463,0.013428,1.019531,43.877,0.167939,1.000000,-0.122137
11080,-0.065918,0.014893,1.024658,43.871,0.236641,1.045802,-0.198473
11100,-0.064209,0.010498,1.023682,43.898,0.251908,0.977099,-0.061069
11120,-0.060059,0.010254,1.022949,43.868,0.335878,1.091603,-0.114504
11140,-0.057861,0.009277,1.018799,43.895,0.251908,0.992366,-0.137405
11161,-0.063477,0.008789,1.018311,43.877,0.152672,1.038168,-0.167939
11180,-0.065186,0.010498,1.020264,43.845,0.328244,0.923664,-0.083969
11200,-0.068604,0.009033,1.023682,43.886,0.236641,1.015267,-0.122137
11220,-0.062012,0.009766,1.023193,43.848,0.083969,0.969466,-0.129771
11240,-0.062500,0.011963,1.025879,43.868,0.167939,0.824428,-0.213740
11260,-0.064941,0.006592,1.026123,43.868,0.175573,1.106870,-0.236641
11280,-0.059570,0.011963,1.023682,43.889,0.282443,1.007634,-0.083969
11300,-0.067627,0.010498,1.026123,43.871,0.267176,0.977099,-0.198473
11320,-0.060791,0.010498,1.019531,43.871,0.175573,0.984733,-0.213740
11340,-0.060791,0.008301,1.023438,43.883,0.259542,0.854962,-0.030534
11360,-0.062012,0.005615,1.022217,43.892,0.274809,0.954198,-0.022901
11380,-0.062256,0.009277,1.026123,43.871,0.183206,0.992366,-0.152672
11400,-0.067383,0.011230,1.016602,43.868,0.167939,1.007634,-0.038168
11420,-0.062744,0.006348,1.023926,43.880,0.190840,0.977099,-0.137405
11440,-0.064697,0.006104,1.025879,43.889,0.259542,0.954198,-0.259542
11460,-0.064209,0.010254,1.024902,43.862,0.213740,1.068702,-0.122137
11480,-0.063721,0.005615,1.023926,43.889,0.335878,0.977099,-0.114504
11500,-0.065430,0.009521,1.016846,43.912,0.229008,0.992366,-0.122137
11521,-0.061523,0.010498,1.022217,43.889,0.152672,1.030534,-0.244275
11540,-0.064209,0.008545,1.021240,43.868,0.190840,1.045802,-0.137405
11560,-0.063232,0.008301,1.022217,43.874,0.229008,0.900763,-0.122137
11580,-0.058105,0.008057,1.028076,43.865,0.122137,0.977099,-0.099237
11600,-0.065430,0.011475,1.024170,43.868,0.259542,0.923664,-0.022901
11620,-0.067627,0.009033,1.021973,43.880,0.244275,0.847328,-0.038168
11640,-0.063965,0.008545,1.021240,43.877,0.236641,0.969466,-0.137405
11660,-0.060303,0.010986,1.025146,43.868,0.229008,0.961832,-0.045802
11680,-0.063477,0.006836,1.018311,43.865,0.236641,0.877863,-0.152672
11700,-0.062256,0.010254,1.022949,43.871,0.145038,1.007634,-0.160305
11720,-0.064209,-0.010498,1.047607,43.862,0.183206,0.984733,-0.099237
11740,-0.062988,0.012451,1.019775,43.895,0.343511,1.045802,0.045802
11760,-0.071289,0.012207,1.027344,43.848,0.282443,0.961832,-0.137405
11780,-0.070801,0.009521,1.023926,43.892,0.282443,1.015267,-0.099237
11800,-0.066406,0.016113,1.023926,43.883,0.206107,0.954198,-0.152672
11820,-0.060303,-0.004639,1.038330,43.865,0.259542,0.916031,-0.106870
11840,-0.061768,0.003662,1.022949,43.862,0.358779,0.786260,-0.015267
11860,-0.065674,0.008789,1.025879,43.874,0.328244,0.824428,-0.061069
11880,-0.065430,0.011475,1.022705,43.865,0.213740,0.954198,-0.122137
11900,-0.062988,0.007080,1.018311,43.868,0.290076,0.961832,-0.053435
11920,-0.059814,0.012207,1.025879,43.859,0.229008,1.152672,-0.083969
11940,-0.052979,0.017334,1.036377,43.886,0.091603,0.969466,-0.206107
11960,-0.063965,-0.003662,1.021484,43.865,-0.022901,1.137405,-0.122137
11980,-0.060303,-0.000977,1.013916,43.874,0.221374,0.923664,-0.167939
12000,-0.063721,0.020020,1.033691,43.871,0.335878,0.908397,-0.160305
12021,-0.066162,0.006592,1.025879,43.868,0.198473,0.954198,-0.160305
12041,-0.064697,0.005615,1.020264,43.871,0.274809,1.038168,-0.099237
12060,-0.065674,0.013916,1.022949,43.871,0.167939,0.938931,-0.099237
12080,-0.066895,0.002197,1.018555,43.889,0.061069,0.946565,-0.213740
12100,-0.062500,0.007324,1.016113,43.877,0.190840,1.030534,-0.167939
12120,-0.067139,0.012451,1.022949,43.865,0.175573,0.969466,-0.030534
12140,-0.064453,0.011230,1.022949,43.877,0.160305,1.015267,-0.206107
12160,-0.064697,0.008545,1.024902,43.901,0.206107,0.984733,-0.030534
12180,-0.065674,0.010010,1.021973,43.868,0.251908,1.007634,-0.160305
12200,-0.063232,0.002197,1.025635,43.883,0.129771,1.114504,-0.221374
12220,-0.055176,0.019775,0.993408,43.895,0.022901,0.969466,-0.229008
12240,-0.062744,0.010986,1.016602,43.848,0.282443,1.053435,-0.175573
12260,-0.066650,0.010498,1.020508,43.895,0.267176,0.877863,-0.160305
12280,-0.067139,0.011719,1.023926,43.859,0.312977,0.946565,-0.190840
12300,-0.064209,0.012451,1.028076,43.909,0.213740,0.908397,-0.083969
12320,-0.060059,0.010742,1.033936,43.871,0.183206,0.946565,-0.259542
12340,-0.063721,0.003174,1.027100,43.868,0.183206,0.938931,0.045802
12360,-0.063721,0.005371,1.026611,43.883,0.351145,0.977099,-0.183206
12380,-0.062256,0.009521,1.029541,43.842,0.282443,1.022901,-0.152672
12400,-0.053223,0.010254,1.017334,43.862,0.167939,0.931298,-0.267176
12421,-0.066406,0.008057,1.022217,43.883,0.183206,1.015267,-0.152672
12440,-0.073975,0.008301,1.020508,43.848,0.206107,0.938931,-0.076336
12460,-0.060791,0.003418,1.014404,43.862,0.213740,0.977099,-0.137405
12480,-0.056885,0.001709,1.023682,43.871,0.259542,0.862595,-0.267176
12500,-0.062744,0.011475,1.019775,43.865,0.274809,1.045802,-0.053435
12520,-0.068604,0.013184,1.013428,43.865,0.175573,1.000000,-0.083969
12540,-0.065186,0.013916,1.026855,43.859,0.290076,0.938931,-0.091603
12560,-0.066406,0.003906,1.025146,43.871,0.343511,0.938931,-0.083969
12580,-0.064941,0.010986,1.021484,43.854,0.213740,0.908397,-0.106870
12600,-0.064697,0.006836,1.029785,43.871,0.183206,1.068702,-0.061069
12620,-0.066406,0.011475,1.017578,43.859,0.221374,0.862595,-0.167939
12640,-0.061768,0.006592,1.020508,43.862,0.297710,0.900763,-0.122137
12660,-0.062256,0.001221,1.028076,43.912,0.206107,0.984733,-0.106870
12680,-0.066406,0.007080,1.025146,43.883,0.129771,0.984733,-0.106870
12700,-0.064209,0.007324,1.017090,43.877,0.251908,1.137405,-0.106870
12720,-0.066406,0.006104,1.024658,43.874,0.244275,0.954198,-0.198473
12740,-0.062744,0.008789,1.020020,43.889,0.175573,0.984733,-0.091603
12760,-0.062744,0.003906,1.024170,43.859,0.236641,0.923664,-0.106870
12781,-0.065430,0.010742,1.022949,43.865,0.274809,1.015267,-0.183206
12800,-0.062500,0.006592,1.016846,43.865,0.137405,0.992366,-0.129771
12820,-0.062988,0.008057,1.024658,43.868,0.335878,0.923664,-0.053435
12840,-0.067139,0.012695,1.028320,43.848,0.213740,0.938931,-0.175573
12860,-0.066895,0.010498,1.014893,43.839,0.236641,1.038168,-0.099237
12880,-0.062500,0.009277,1.024902,43.839,0.274809,0.946565,-0.083969
12900,-0.060303,0.008789,1.023193,43.856,0.312977,1.007634,-0.091603
12920,-0.065674,0.009766,1.025391,43.865,0.236641,0.938931,-0.145038
12940,-0.062744,0.008789,1.026123,43.871,0.290076,1.022901,-0.015267
12960,-0.062744,0.003906,1.025391,43.874,0.267176,0.984733,-0.221374
12980,-0.066895,0.010010,1.024902,43.865,0.259542,0.938931,-0.091603
13000,-0.063721,0.011475,1.017334,43.856,0.244275,1.022901,-0.122137
13020,-0.066895,0.010010,1.015381,43.868,0.312977,0.961832,-0.129771
13040,-0.067383,0.015869,1.016602,43.856,0.198473,0.946565,-0.114504
13060,-0.064209,0.009521,1.011475,43.874,0.312977,1.083969,-0.045802
13080,-0.066406,0.007080,1.028320,43.845,0.267176,1.007634,-0.038168
13100,-0.068359,0.024902,0.996582,43.874,0.145038,1.114504,-0.160305
13120,-0.059814,0.007080,1.028320,43.856,0.198473,1.038168,-0.053435
13141,-0.066406,0.013184,1.020508,43.862,0.274809,0.977099,-0.206107
13160,-0.066895,0.011475,1.028320,43.856,0.236641,0.969466,-0.068702
13180,-0.068604,0.006592,1.023926,43.854,0.152672,1.022901,-0.091603
13200,-0.063721,0.014160,1.013916,43.848,0.251908,1.038168,-0.091603
13220,-0.066406,0.014160,1.027832,43.877,0.259542,0.969466,-0.091603
13240,-0.064453,0.017090,1.025879,43.854,0.198473,1.015267,0.015267
13260,-0.067139,0.008789,1.020020,43.865,0.366412,0.862595,-0.083969
13280,-0.061768,0.008301,1.025146,43.871,0.229008,0.900763,-0.175573
13300,-0.050537,0.010010,1.004150,43.865,0.137405,0.969466,-0.114504
13320,-0.063721,0.003174,1.027832,43.898,0.122137,0.908397,-0.213740
13340,-0.071045,0.014404,1.020996,43.848,0.091603,1.114504,-0.221374
13360,-0.061523,0.026367,1.017090,43.859,0.251908,1.152672,-0.160305
13380,-0.061523,0.008545,1.028809,43.889,0.213740,0.961832,-0.236641
13400,-0.061523,0.010742,1.022949,43.874,0.290076,1.114504,-0.122137
13420,-0.065674,0.009766,1.019775,43.862,0.236641,0.793893,-0.045802
13440,-0.062744,0.011475,1.019287,43.856,0.206107,0.931298,-0.152672
13460,-0.061279,0.005371,1.019531,43.865,0.305344,1.000000,-0.061069
13480,-0.067139,0.014160,1.020264,43.859,0.167939,0.984733,-0.053435
13501,-0.066406,0.012695,1.023926,43.854,0.221374,0.961832,-0.106870
13520,-0.062500,0.004395,1.020264,43.880,0.160305,0.946565,-0.129771
13540,-0.066406,0.011475,1.026123,43.880,0.251908,1.038168,-0.083969
13560,-0.064697,0.006592,1.025391,43.865,0.251908,0.946565,-0.068702
13580,-0.064941,0.009766,1.021973,43.874,0.175573,1.000000,-0.251908
13600,-0.064697,0.006836,1.024170,43.839,0.206107,0.862595,-0.236641
13620,-0.062500,0.008057,1.023193,43.854,0.137405,0.839695,-0.236641
13640,-0.060791,0.012939,1.021973,43.845,0.106870,0.946565,-0.175573
13660,-0.064941,0.009033,1.025391,43.868,0.175573,1.145038,-0.129771
13680,-0.066162,0.010010,1.022949,43.854,0.229008,1.015267,-0.206107
13700,-0.058350,0.006348,1.024902,43.865,0.259542,1.000000,-0.122137
13720,-0.061279,0.012695,1.021973,43.865,0.267176,1.152672,-0.068702
13740,-0.064697,0.012207,1.024658,43.859,0.175573,1.068702,-0.152672
13760,-0.065186,0.011230,1.023682,43.871,0.320611,0.992366,-0.213740
13780,-0.065186,0.009277,1.026367,43.848,0.282443,1.022901,-0.213740
13800,-0.060059,0.009033,1.028076,43.877,0.175573,0.931298,-0.152672
13820,-0.060547,0.005859,1.023682,43.859,0.312977,1.022901,-0.198473
13840,-0.066650,0.010254,1.020752,43.845,0.213740,0.877863,-0.152672
13861,-0.062256,0.007324,1.021240,43.839,0.282443,0.938931,-0.129771
13880,-0.062744,0.008057,1.024170,43.874,0.305344,1.015267,-0.068702
13900,-0.057617,0.008301,1.024170,43.862,0.267176,1.015267,0.000000
13920,-0.063477,0.008301,1.029785,43.868,0.206107,1.076336,-0.099237
13940,-0.083740,0.013916,1.035889,43.865,0.198473,1.007634,-0.152672
13960,-0.060303,0.008301,1.024658,43.862,0.244275,0.938931,-0.083969
13980,-0.065186,0.005615,1.025146,43.868,0.190840,0.969466,-0.106870
14000,-0.064453,0.011963,1.024902,43.871,0.137405,0.931298,-0.038168
14020,-0.062012,0.006592,1.020020,43.880,0.297710,0.977099,-0.045802
14040,-0.063477,0.011475,1.028564,43.868,0.221374,1.061069,-0.183206
14060,-0.065918,0.006104,1.022217,43.880,0.206107,0.946565,-0.167939
14080,-0.064209,0.000244,1.026611,43.865,0.114504,1.007634,-0.015267
14100,-0.063965,0.010498,1.019043,43.859,0.175573,0.984733,-0.061069
14120,-0.066650,0.009277,1.025635,43.859,0.244275,1.038168,-0.183206
14140,-0.065674,0.006836,1.016602,43.859,0.221374,1.114504,-0.206107
14160,-0.070557,0.003906,1.026123,43.842,0.175573,0.992366,-0.137405
14180,-0.065674,0.008789,1.025391,43.848,0.152672,1.099237,-0.137405
14200,-0.059814,0.008301,1.021729,43.859,0.274809,0.870229,-0.022901
14220,-0.061768,0.012451,1.031250,43.848,0.259542,0.893130,-0.137405
14240,-0.065186,0.010498,1.020264,43.892,0.236641,0.832061,-0.167939
14260,-0.067871,0.008545,1.025146,43.856,0.328244,1.129771,-0.206107
14280,-0.063721,0.011963,1.024658,43.854,0.221374,1.022901,-0.190840
14300,-0.064453,0.011230,1.022705,43.851,0.175573,0.938931,-0.145038
14320,-0.062256,0.007813,1.018799,43.895,0.183206,0.984733,-0.099237
14340,-0.062744,0.008789,1.023438,43.842,0.267176,0.931298,-0.076336
14360,-0.062988,0.011963,1.019775,43.859,0.259542,0.977099,-0.183206
14381,-0.063477,0.008057,1.022949,43.880,0.083969,0.954198,-0.076336
14400,-0.062988,0.006592,1.023438,43.839,0.297710,0.938931,-0.099237
14420,-0.061768,0.013916,1.024902,43.880,0.236641,1.114504,-0.175573
14440,-0.063965,0.010986,1.019287,43.868,0.076336,0.931298,-0.015267
14460,-0.062012,0.006348,1.023193,43.898,0.145038,0.946565,-0.129771
14480,-0.065674,0.007324,1.020996,43.877,0.076336,0.961832,-0.251908
14500,-0.065918,0.013672,1.021729,43.883,0.305344,0.984733,-0.167939
14520,-0.067627,0.011719,1.021240,43.839,0.175573,1.091603,-0.038168
14540,-0.061523,0.006104,1.020996,43.877,0.198473,0.992366,-0.167939
14560,-0.063477,0.008057,1.023193,43.874,0.190840,1.091603,-0.190840
14580,-0.063232,0.011963,1.023193,43.883,0.244275,0.984733,-0.152672
14600,-0.064697,0.008789,1.020752,43.880,0.282443,1.061069,-0.022901
14620,-0.065674,0.005615,1.023193,43.880,0.229008,1.000000,-0.145038
14640,-0.062988,0.008789,1.022461,43.886,0.244275,0.984733,-0.106870
14660,-0.064697,0.007568,1.024414,43.877,0.206107,0.862595,-0.099237
14680,-0.063721,0.006348,1.019775,43.839,0.259542,1.030534,-0.106870
14700,-0.058594,0.008789,1.017334,43.862,0.267176,0.946565,-0.145038
14720,-0.062256,0.008789,1.026123,43.874,0.320611,0.862595,0.015267
14740,-0.064941,0.009521,1.018066,43.859,0.305344,0.877863,-0.213740
14761,-0.065674,0.013672,1.025635,43.851,0.267176,0.969466,-0.145038
14780,-0.059326,0.007080,1.026367,43.874,0.198473,0.908397,-0.099237
14800,-0.067383,0.010742,1.020996,43.895,0.297710,0.946565,-0.145038
14820,-0.062256,0.006836,1.025635,43.880,0.312977,1.007634,-0.091603
14840,-0.063965,0.007324,1.024902,43.856,0.305344,0.938931,-0.167939
14860,-0.063232,0.011719,1.020020,43.854,0.229008,0.854962,-0.106870
14880,-0.059326,0.007324,1.019775,43.898,0.274809,0.893130,-0.091603
14900,-0.060059,0.008545,1.024902,43.865,0.221374,0.916031,-0.129771
14920,-0.062744,0.016602,1.027588,43.871,0.282443,0.931298,-0.099237
14940,-0.062988,0.011475,1.025146,43.859,0.213740,0.885496,-0.137405
14960,-0.063965,0.006592,1.025879,43.883,0.229008,1.030534,-0.053435
14980,-0.061523,0.005371,1.021484,43.862,0.183206,1.061069,-0.106870
15000,-0.063232,0.009766,1.028809,43.895,0.229008,1.022901,-0.198473
15020,-0.061523,0.011719,1.020020,43.854,0.152672,1.099237,-0.198473
15040,-0.065186,0.012939,1.022217,43.883,0.221374,1.007634,-0.068702
15060,-0.062744,0.006592,1.020508,43.880,0.267176,0.992366,-0.068702
15080,-0.065674,0.005127,1.024658,43.874,0.183206,1.015267,-0.190840
15100,-0.055420,0.009766,1.016113,43.901,0.183206,0.916031,-0.267176
15120,-0.063965,0.011963,1.023926,43.859,0.328244,0.969466,-0.091603
15141,-0.065674,0.005615,1.022461,43.865,0.167939,0.992366,-0.045802
15160,-0.062988,0.009033,1.022461,43.865,0.061069,1.007634,-0.068702
15180,-0.063965,0.010742,1.026855,43.868,0.290076,0.923664,-0.152672
15200,-0.065430,0.013184,1.019287,43.868,0.290076,0.900763,-0.167939
15220,-0.063965,0.008789,1.021729,43.848,0.145038,0.992366,-0.076336
15240,-0.067383,0.008545,1.025146,43.862,0.175573,1.015267,-0.114504
15260,-0.063477,0.006104,1.022217,43.868,0.206107,1.007634,-0.145038
15280,-0.065674,0.009766,1.021484,43.871,0.236641,1.106870,-0.167939
15300,-0.070801,0.016357,1.005615,43.877,0.274809,0.885496,-0.160305
15320,-0.077881,0.012695,1.051514,43.871,0.175573,0.923664,-0.145038
15340,-0.061035,0.012939,1.029785,43.868,0.251908,0.946565,-0.137405
15360,-0.065918,0.009277,1.025879,43.865,0.305344,0.916031,-0.122137
15380,-0.069092,0.013184,1.022949,43.862,0.244275,0.923664,-0.122137
15400,-0.059814,0.009277,1.020264,43.874,0.206107,0.900763,-0.145038
15420,-0.060547,0.007324,1.022461,43.868,0.221374,1.038168,-0.137405
15440,-0.066406,0.011963,1.026123,43.856,0.267176,0.992366,-0.114504
15460,-0.068604,0.012207,1.022705,43.874,0.030534,1.007634,-0.198473
15480,-0.043213,-0.009766,0.995850,43.862,0.129771,0.961832,-0.122137
15501,-0.070313,-0.004150,1.027100,43.836,0.152672,1.206107,-0.122137
15520,-0.067139,0.002441,0.996094,43.871,0.213740,0.938931,-0.007634
15540,-0.063965,0.004639,1.024658,43.862,0.160305,0.946565,-0.167939
15560,-0.063477,0.009033,1.025879,43.851,0.305344,1.000000,-0.229008
15580,-0.067871,0.009033,1.018799,43.868,0.160305,0.946565,-0.167939
15600,-0.064209,0.011963,1.022461,43.883,0.251908,1.068702,-0.175573
15620,-0.062256,0.008545,1.026611,43.865,0.167939,0.854962,-0.244275
15640,-0.063721,0.006836,1.020264,43.848,0.297710,0.938931,-0.083969
15660,-0.067139,0.017090,1.021240,43.871,0.244275,0.954198,-0.106870
15680,-0.068115,0.006348,1.039063,43.895,0.145038,0.908397,-0.114504
15700,-0.059326,0.004150,1.027100,43.859,0.213740,1.015267,-0.145038
15720,-0.067627,0.013916,1.020264,43.898,0.320611,0.870229,-0.145038
15740,-0.067383,0.008057,1.033447,43.868,0.282443,0.931298,-0.129771
15760,-0.062500,0.010986,1.020264,43.842,0.198473,1.015267,-0.114504
15780,-0.066162,0.007568,1.022217,43.877,0.267176,0.893130,-0.068702
15800,-0.070557,0.012451,1.021973,43.877,0.229008,0.931298,-0.106870
15820,-0.067383,0.012939,1.025391,43.871,0.137405,1.068702,-0.091603
15840,-0.061768,0.002930,1.027344,43.854,0.351145,0.992366,-0.175573
15861,-0.065186,0.013184,1.021729,43.856,0.167939,1.022901,-0.099237
15880,-0.069824,0.007324,1.035156,43.868,0.106870,1.007634,-0.053435
15900,-0.060547,0.003662,1.016846,43.856,0.114504,0.984733,-0.213740
15920,-0.051025,0.022217,0.993164,43.856,0.221374,0.923664,-0.083969
15940,-0.058350,0.017090,1.023438,43.862,0.251908,1.122137,-0.022901
15960,-0.067627,0.006104,1.020264,43.854,0.290076,1.038168,-0.190840
15980,-0.067627,0.005615,1.022217,43.848,0.251908,1.160305,-0.167939
16000,-0.058838,0.010010,1.022949,43.862,0.251908,1.000000,-0.122137
16020,-0.065918,0.010742,1.019775,43.859,0.259542,0.908397,-0.106870
16040,-0.062500,0.008789,1.020508,43.868,0.152672,0.977099,-0.190840
16060,-0.065186,0.008789,1.023926,43.848,0.251908,1.000000,-0.175573
16080,-0.065674,0.012939,1.021484,43.871,0.259542,1.015267,-0.152672
16100,-0.064453,0.009033,1.021240,43.874,0.045802,0.916031,-0.152672
16120,-0.062500,0.004883,1.020508,43.871,0.190840,0.969466,-0.160305
16140,-0.072021,0.008301,1.024170,43.859,0.274809,1.030534,-0.068702
16160,-0.070801,0.014160,1.023682,43.865,0.251908,0.885496,-0.137405
16180,-0.063232,0.009766,1.022949,43.839,0.160305,1.007634,-0.183206
16200,-0.062744,0.006592,1.018555,43.851,0.083969,0.946565,-0.213740
16220,-0.064453,0.011963,1.026367,43.874,0.290076,0.908397,-0.106870
16241,-0.065186,0.010742,1.019775,43.877,0.091603,0.977099,-0.106870
16260,-0.065186,0.007813,1.020996,43.862,0.190840,0.954198,-0.114504
16280,-0.063965,0.013428,1.021729,43.848,0.244275,0.961832,-0.244275
16300,-0.064941,0.012451,1.022461,43.854,0.160305,0.938931,-0.122137
16320,-0.063477,0.006104,1.020996,43.856,0.274809,1.045802,-0.099237
16340,-0.059082,0.007080,1.017334,43.874,0.244275,1.000000,-0.106870
16360,-0.066162,0.013672,1.014893,43.856,0.236641,0.931298,-0.213740
16380,-0.059814,0.011963,1.030518,43.833,0.229008,1.007634,-0.160305
16400,-0.063965,0.006104,1.015137,43.845,0.328244,0.923664,-0.122137
16420,-0.074463,0.015869,1.027832,43.856,0.366412,0.961832,-0.076336
16440,-0.070557,0.012695,1.018066,43.868,0.198473,1.068702,-0.053435
16460,-0.062500,0.009766,1.027100,43.874,0.244275,0.870229,-0.122137
16480,-0.062500,0.006104,1.031738,43.868,0.297710,0.946565,-0.099237
16500,-0.064941,0.008057,1.028076,43.862,0.167939,0.992366,-0.198473
16520,-0.063965,0.008545,1.020996,43.868,0.167939,0.893130,-0.137405
16540,-0.065674,0.010010,1.016357,43.827,0.282443,1.038168,-0.221374
16560,-0.059326,0.010010,1.020996,43.851,0.160305,1.007634,-0.183206
16580,-0.066650,0.008545,1.022461,43.886,0.152672,0.877863,-0.175573
16601,-0.064453,0.003906,1.025635,43.871,0.213740,1.076336,-0.229008
16620,-0.064697,0.007324,1.023193,43.851,0.297710,0.969466,-0.038168
16640,-0.066162,0.011719,1.025146,43.851,0.198473,0.946565,-0.083969
16660,-0.062744,0.009033,1.013916,43.851,0.290076,0.893130,-0.167939
16680,-0.065674,0.010254,1.020996,43.877,0.229008,1.007634,-0.160305
16700,-0.062500,0.008301,1.016846,43.842,0.206107,0.954198,-0.091603
16720,-0.067139,0.006104,1.020264,43.862,0.229008,0.961832,-0.167939
16741,-0.069092,0.008057,1.026855,43.836,0.198473,1.030534,0.000000
16760,-0.065186,0.009766,1.016357,43.895,0.282443,0.923664,-0.099237
16780,-0.062744,0.007568,1.028809,43.871,0.221374,1.083969,-0.053435
16800,-0.062744,0.008057,1.026367,43.871,0.320611,0.832061,-0.122137
16820,-0.063232,0.006348,1.021973,43.865,0.274809,0.969466,-0.076336
16840,-0.064697,0.009033,1.020264,43.851,0.335878,1.099237,-0.045802
16860,-0.064697,0.009033,1.024658,43.862,0.175573,0.969466,-0.129771
16880,-0.069580,0.012207,1.023926,43.865,0.167939,1.022901,-0.114504
16900,-0.064697,0.007568,1.017090,43.865,0.229008,1.038168,-0.190840
16920,-0.063477,0.010010,1.021973,43.856,0.297710,0.977099,-0.213740
16940,-0.059814,0.010742,1.024902,43.862,0.229008,0.824428,-0.099237
16960,-0.063232,0.013184,1.024414,43.865,0.137405,0.938931,-0.206107
16980,-0.066650,0.008545,1.020996,43.862,0.274809,0.992366,-0.045802
17000,-0.068115,0.011230,1.026123,43.859,0.152672,0.969466,-0.106870
17020,-0.057129,0.009033,1.026367,43.842,0.175573,0.977099,-0.038168
17040,-0.054932,0.017090,1.026855,43.865,0.236641,0.923664,-0.114504
17060,-0.067383,0.005371,1.023682,43.862,0.305344,0.992366,-0.106870
17080,-0.064209,0.007080,1.021240,43.868,0.312977,0.977099,-0.129771
17101,-0.063232,0.008301,1.022461,43.871,0.152672,1.000000,-0.206107
17121,-0.066406,0.004395,1.018799,43.871,0.274809,0.870229,-0.198473
17140,-0.058594,0.010498,1.022949,43.856,0.198473,0.870229,-0.175573
17160,-0.064453,0.008789,1.015381,43.856,0.221374,0.893130,-0.083969
17180,-0.066162,0.010742,1.027588,43.874,0.251908,1.038168,-0.045802
17200,-0.066162,0.011719,1.021729,43.877,0.290076,0.977099,-0.152672
17220,-0.068604,0.000977,1.028076,43.851,0.206107,0.946565,-0.183206
17240,-0.062256,0.008057,1.025391,43.830,0.328244,0.992366,-0.145038
17260,-0.063477,0.013428,1.021729,43.854,0.290076,0.954198,-0.061069
17280,-0.061279,0.009766,1.023438,43.854,0.129771,1.045802,-0.091603
17300,-0.065186,0.005859,1.018311,43.842,0.259542,0.923664,-0.022901
17320,-0.057373,0.009766,1.020020,43.862,0.183206,0.916031,-0.053435
17340,-0.063721,0.010498,1.026611,43.862,0.175573,0.961832,-0.053435
17360,-0.062744,0.005615,1.020264,43.874,0.137405,0.977099,-0.145038
17380,-0.059570,0.007813,1.024414,43.854,0.297710,0.885496,-0.137405
17400,-0.068115,0.007080,1.021484,43.848,0.259542,1.022901,0.007634
17420,-0.064209,0.013428,1.024902,43.880,0.267176,1.022901,-0.083969
17440,-0.060547,0.007324,1.018555,43.865,0.213740,0.961832,-0.038168
17460,-0.062988,0.009277,1.017578,43.845,0.183206,1.076336,-0.152672
17480,-0.059570,0.009033,1.020020,43.856,0.274809,0.954198,-0.038168
17501,-0.062256,0.006348,1.023438,43.874,0.259542,0.984733,-0.045802
17520,-0.060303,0.007324,1.027100,43.886,0.160305,0.908397,-0.152672
17540,-0.062256,0.008301,1.015137,43.859,0.145038,1.053435,-0.129771
17560,-0.062744,0.009766,1.024170,43.880,0.175573,1.045802,-0.083969
17580,-0.067139,0.010498,1.025879,43.865,0.099237,1.053435,-0.099237
17600,-0.062500,0.007813,1.018066,43.865,0.160305,1.045802,-0.022901
17620,-0.062500,0.014160,1.013184,43.859,0.251908,1.038168,-0.175573
17640,-0.066895,0.013184,1.027344,43.865,0.343511,1.000000,-0.045802
17660,-0.079590,-0.001221,1.023682,43.842,0.045802,1.145038,-0.099237
17680,-0.081787,0.004395,1.011719,43.851,0.358779,1.320611,-0.068702
17700,-0.067627,0.020264,1.019775,43.862,0.320611,1.015267,0.045802
17720,-0.061035,0.007324,1.023193,43.874,0.297710,0.854962,-0.106870
17740,-0.065186,0.004639,1.018555,43.851,0.297710,0.916031,-0.221374
17760,-0.056885,0.013916,1.024414,43.842,0.335878,0.923664,-0.061069
17780,-0.068359,0.013428,1.028564,43.856,0.175573,0.938931,-0.099237
17800,-0.066650,0.002197,1.025146,43.862,0.091603,1.022901,-0.152672
17820,-0.063232,0.006836,1.025391,43.865,0.343511,0.954198,-0.106870
17840,-0.062500,0.012695,1.021240,43.827,0.343511,1.038168,-0.152672
17861,-0.062500,0.008789,1.019287,43.854,0.190840,1.007634,-0.007634
17880,-0.063965,0.008545,1.023926,43.868,0.206107,0.984733,-0.175573
17900,-0.066895,0.006592,1.031982,43.880,0.145038,0.984733,-0.038168
17920,-0.060303,0.014160,1.020264,43.854,0.282443,0.961832,-0.160305
17940,-0.066162,0.010986,1.023193,43.842,0.167939,0.992366,-0.145038
17960,-0.064453,0.003174,1.020752,43.848,0.198473,1.045802,-0.129771
17980,-0.066895,0.007080,1.026611,43.851,0.152672,1.015267,-0.083969
18000,-0.060303,0.013672,1.020020,43.880,0.244275,0.938931,-0.114504
18020,-0.065186,0.008545,1.027100,43.877,0.229008,1.022901,-0.083969
18040,-0.064697,0.013184,1.022461,43.854,0.129771,1.045802,-0.083969
18060,-0.061035,0.010742,1.020264,43.874,0.435114,1.022901,-0.091603
18080,-0.060547,0.008789,1.028564,43.868,0.175573,1.114504,-0.167939
18100,-0.069092,0.010986,1.020508,43.859,0.259542,1.045802,-0.190840
18120,-0.062500,0.008545,1.020996,43.824,0.229008,0.770992,-0.183206
18140,-0.064209,0.007324,1.024658,43.877,0.259542,0.946565,-0.251908
18160,-0.064209,0.009766,1.027588,43.854,0.229008,0.908397,-0.183206
18180,-0.061279,0.007813,1.023438,43.862,0.274809,1.053435,0.007634
18200,-0.061523,0.013184,1.024658,43.848,0.236641,0.916031,-0.106870
18221,-0.062988,0.010498,1.024658,43.883,0.213740,0.923664,-0.175573
18241,-0.060791,0.008545,1.027344,43.880,0.137405,0.992366,-0.183206
18260,-0.066406,0.010498,1.027832,43.862,0.137405,1.000000,-0.145038
18280,-0.064209,0.008301,1.022949,43.865,0.290076,1.038168,-0.137405
18300,-0.064209,0.009277,1.025391,43.851,0.267176,0.908397,-0.175573
18320,-0.062256,0.007080,1.022217,43.854,0.297710,0.954198,-0.198473
18340,-0.062744,0.008301,1.021484,43.868,0.129771,0.946565,-0.160305
18360,-0.064697,0.011719,1.019531,43.856,0.229008,1.000000,-0.061069
18380,-0.068115,0.010742,1.024170,43.883,0.244275,0.969466,-0.106870
18400,-0.067139,0.008545,1.024414,43.848,0.236641,1.007634,-0.091603
18420,-0.063721,0.008789,1.025391,43.851,0.244275,1.091603,-0.206107
18440,-0.061279,0.012695,1.024902,43.859,0.274809,0.908397,-0.236641
18460,-0.062500,0.008057,1.028076,43.862,0.206107,0.908397,0.007634
18480,-0.064453,0.010986,1.027588,43.839,0.244275,0.908397,-0.106870
18500,-0.063232,0.009521,1.026611,43.856,0.251908,0.954198,-0.083969
18520,-0.068848,0.007324,1.027588,43.889,0.221374,0.900763,-0.053435
18540,-0.064697,0.011475,1.018311,43.851,0.190840,1.053435,-0.053435
18560,-0.061035,0.006592,1.025635,43.842,0.305344,0.862595,-0.183206
18581,-0.063721,0.009033,1.031494,43.892,0.274809,0.969466,-0.145038
18601,-0.061279,0.007813,1.021973,43.856,0.297710,1.007634,-0.022901
18620,-0.062256,0.008545,1.022217,43.862,0.167939,1.038168,-0.106870
18640,-0.064209,0.009033,1.023193,43.871,0.122137,0.923664,-0.030534
18660,-0.064453,0.010010,1.025635,43.845,0.221374,1.038168,-0.091603
18680,-0.064697,0.004883,1.028564,43.880,0.305344,1.068702,-0.152672
18700,-0.067871,0.010010,1.020508,43.868,0.175573,0.984733,-0.274809
18720,-0.063965,0.011475,1.027588,43.851,0.290076,0.916031,-0.030534
18740,-0.063965,0.011719,1.025635,43.859,0.206107,0.900763,-0.190840
18760,-0.064209,0.011230,1.024902,43.836,0.320611,1.099237,0.007634
18780,-0.064209,0.010254,1.020752,43.886,0.229008,1.053435,-0.236641
18800,-0.065186,0.006104,1.026611,43.856,0.213740,1.045802,-0.061069
18820,-0.066650,0.010742,1.028809,43.854,0.244275,0.969466,-0.091603
18840,-0.064941,0.007813,1.027344,43.865,0.190840,0.946565,-0.091603
18860,-0.063232,0.007324,1.018066,43.868,0.213740,1.083969,-0.267176
18880,-0.062256,0.010254,1.023193,43.851,0.236641,0.946565,-0.206107
18900,-0.062012,0.007324,1.020752,43.868,0.183206,1.045802,-0.076336
18920,-0.065674,0.009277,1.020264,43.856,0.206107,1.068702,-0.137405
18940,-0.060059,0.011963,1.021240,43.868,0.274809,1.083969,-0.152672
18961,-0.063721,0.012939,1.022461,43.859,0.190840,1.038168,-0.175573
18980,-0.063721,0.008057,1.018555,43.856,0.114504,0.946565,-0.229008
19000,-0.065674,0.008301,1.021729,43.880,0.183206,0.961832,-0.053435
19020,-0.063965,0.013428,1.021240,43.854,0.137405,0.984733,-0.122137
19040,-0.064453,0.009277,1.021973,43.848,0.160305,1.030534,-0.068702
19060,-0.062012,0.007568,1.020996,43.880,0.297710,0.984733,-0.175573
19081,-0.072510,0.009033,1.022217,43.856,0.229008,0.977099,-0.122137
19101,-0.067871,0.007813,1.028076,43.877,0.190840,0.977099,-0.183206
19120,-0.061035,0.008301,1.030029,43.877,0.221374,1.091603,-0.091603
19140,-0.063721,0.009277,1.022949,43.856,0.244275,0.839695,-0.083969
19160,-0.061035,0.010010,1.021973,43.865,0.274809,0.977099,-0.114504
19180,-0.062256,0.009033,1.021240,43.883,0.183206,1.038168,-0.175573
19200,-0.064941,0.008545,1.022949,43.859,0.244275,1.068702,-0.129771
19220,-0.065918,0.011719,1.026367,43.848,0.152672,0.877863,-0.053435
19240,-0.064941,0.008545,1.027344,43.868,0.183206,0.946565,0.038168
19260,-0.061768,0.011963,1.029541,43.865,0.274809,0.954198,-0.122137
19280,-0.067383,0.009766,1.023438,43.865,0.114504,0.824428,-0.053435
19300,-0.064453,0.009277,1.025391,43.854,0.282443,0.938931,-0.221374
19320,-0.062988,0.010010,1.026611,43.854,0.183206,1.198473,-0.061069
19340,-0.057861,0.011719,1.019531,43.856,0.290076,1.099237,-0.099237
19360,-0.065674,0.010498,1.025635,43.865,0.221374,1.038168,-0.206107
19380,-0.068848,0.010742,1.024170,43.865,0.198473,1.106870,-0.267176
19400,-0.064453,0.011719,1.021973,43.842,0.305344,0.893130,-0.038168
19420,-0.063477,0.010742,1.025391,43.886,0.198473,0.984733,-0.030534
19440,-0.061035,0.008789,1.022949,43.845,0.229008,0.923664,-0.007634
19461,-0.063477,0.010010,1.024414,43.865,0.236641,1.061069,-0.122137
19480,-0.063232,0.008301,1.020508,43.848,0.129771,1.007634,-0.038168
19500,-0.060059,0.009033,1.016602,43.854,0.267176,0.961832,0.022901
19520,-0.063721,0.009521,1.024170,43.854,0.175573,1.099237,-0.114504
19540,-0.065918,0.008545,1.023682,43.859,0.129771,1.030534,-0.129771
19560,-0.059326,0.004150,1.020020,43.877,0.175573,1.038168,-0.099237
19580,-0.062012,0.011719,1.022217,43.877,0.244275,0.839695,-0.175573
19600,-0.063232,0.008789,1.021973,43.871,0.145038,0.961832,-0.198473
19620,-0.062256,0.006592,1.020020,43.874,0.236641,1.091603,-0.083969
19640,-0.062012,0.009277,1.020752,43.836,0.175573,0.954198,-0.137405
19660,-0.064941,0.010742,1.019531,43.859,0.206107,0.885496,-0.160305
19680,-0.066650,0.005371,1.020508,43.859,0.145038,0.961832,-0.129771
19700,-0.062500,0.008057,1.025146,43.874,0.175573,1.076336,-0.221374
19720,-0.064209,0.010986,1.018311,43.845,0.274809,0.893130,-0.129771
19740,-0.063232,0.005127,1.023926,43.862,0.160305,0.984733,-0.167939
19760,-0.064453,0.008545,1.022949,43.868,0.221374,0.969466,-0.244275
19780,-0.062988,0.010010,1.019043,43.871,0.206107,0.923664,-0.045802
19800,-0.061523,0.010986,1.019775,43.854,0.274809,0.969466,-0.076336
19820,-0.062500,0.009521,1.017334,43.856,0.221374,1.053435,-0.167939
19840,-0.062012,0.011719,1.022705,43.859,0.267176,0.923664,-0.152672
19860,-0.063232,0.011719,1.020996,43.865,0.167939,0.938931,-0.122137
19880,-0.062012,0.009277,1.021729,43.865,0.213740,1.000000,-0.137405
19900,-0.067139,0.009033,1.025146,43.856,0.160305,0.954198,-0.053435
19920,-0.063232,0.010254,1.025146,43.874,0.244275,1.038168,-0.114504
19940,-0.063232,0.011230,1.024414,43.856,0.229008,1.198473,-0.221374
19960,-0.059570,0.012207,1.021973,43.865,0.221374,1.000000,-0.106870
19980,-0.063965,0.011719,1.026855,43.856,0.251908,1.030534,-0.122137
20000,-0.060547,0.015137,1.018311,43.865,0.198473,1.030534,-0.167939
20020,-0.067627,0.010254,1.027832,43.871,0.229008,0.885496,-0.137405
20040,-0.067627,0.009277,1.022949,43.836,0.259542,1.038168,-0.007634
20060,-0.062256,0.009033,1.020752,43.862,0.229008,0.961832,-0.083969
20080,-0.064453,0.004395,1.029297,43.856,0.297710,0.839695,-0.068702
20100,-0.062012,0.009521,1.022705,43.862,0.213740,0.969466,-0.083969
20120,-0.061279,0.010010,1.021729,43.856,0.198473,0.969466,-0.167939
20140,-0.064209,0.010742,1.016113,43.842,0.259542,1.076336,-0.206107
20160,-0.065674,0.006592,1.022217,43.856,0.198473,1.145038,-0.152672
20180,-0.059082,0.010498,1.025146,43.874,0.267176,1.038168,-0.099237
20201,-0.067139,0.007813,1.017090,43.865,0.244275,1.022901,-0.122137
20220,-0.062256,0.009277,1.024414,43.871,0.137405,0.977099,-0.213740
20240,-0.064209,0.007080,1.020508,43.859,0.320611,0.908397,-0.137405
20260,-0.064941,0.011719,1.019775,43.874,0.221374,0.877863,-0.152672
20280,-0.060303,0.011963,1.027588,43.851,0.312977,0.931298,-0.122137
20300,-0.064453,0.010254,1.023438,43.874,0.236641,0.885496,-0.137405
20320,-0.065430,0.008057,1.025635,43.871,0.267176,0.969466,-0.106870
20340,-0.063232,0.008301,1.028809,43.845,0.160305,1.061069,-0.167939
20360,-0.068115,0.016113,1.019775,43.871,0.206107,1.045802,-0.091603
20380,-0.064941,0.010010,1.025146,43.836,0.236641,0.908397,-0.030534
20400,-0.064209,0.008789,1.024170,43.877,0.290076,1.022901,-0.083969
20420,-0.063721,0.007813,1.021973,43.871,0.251908,1.038168,-0.175573
20440,-0.064941,0.012451,1.020264,43.859,0.198473,0.931298,-0.297710
20460,-0.063232,0.010010,1.020996,43.845,0.297710,0.977099,-0.076336
20480,-0.063721,0.010986,1.025879,43.862,0.190840,0.923664,-0.175573
20500,-0.064209,0.010986,1.020752,43.859,0.274809,0.954198,-0.152672
20520,-0.064209,0.015381,1.021729,43.856,0.328244,0.893130,-0.167939
20540,-0.061279,0.007080,1.025391,43.859,0.305344,1.106870,-0.137405
20561,-0.061035,0.011475,1.022705,43.830,0.236641,0.954198,-0.213740
20580,-0.064453,0.009033,1.018066,43.874,0.351145,0.961832,-0.045802
20600,-0.065674,0.011475,1.020996,43.836,0.145038,1.083969,-0.213740
20620,-0.064453,0.010254,1.025391,43.854,0.312977,0.992366,-0.053435
20640,-0.064209,0.010010,1.025635,43.836,0.244275,1.076336,-0.129771
20660,-0.062744,0.010498,1.018066,43.862,0.213740,1.045802,-0.068702
20680,-0.062988,0.007813,1.025146,43.848,0.251908,0.977099,-0.068702
20700,-0.064941,0.006836,1.020752,43.877,0.290076,0.809160,-0.045802
20720,-0.063232,0.006836,1.020020,43.848,0.274809,0.870229,-0.091603
20740,-0.061523,0.010742,1.020752,43.859,0.221374,0.984733,-0.030534
20760,-0.065674,0.009521,1.018311,43.845,0.137405,1.030534,-0.198473
20780,-0.060791,0.006836,1.022705,43.874,0.236641,0.923664,-0.099237
20800,-0.067871,0.009521,1.028564,43.880,0.167939,1.091603,-0.129771
20820,-0.063232,0.009277,1.020508,43.868,0.259542,1.015267,-0.152672
20840,-0.061523,0.009033,1.019775,43.862,0.236641,0.954198,-0.122137
20860,-0.065430,0.008545,1.020996,43.848,0.290076,0.961832,-0.022901
20880,-0.065430,0.010254,1.021729,43.854,0.160305,0.992366,-0.068702
20900,-0.065430,0.007080,1.030029,43.856,0.267176,0.954198,-0.022901
20921,-0.063477,0.009033,1.021973,43.836,0.259542,0.977099,-0.061069
20940,-0.064453,0.010010,1.021973,43.880,0.190840,1.053435,-0.038168
20960,-0.065186,0.010010,1.025635,43.871,0.221374,0.900763,-0.122137
20980,-0.066650,0.011230,1.028809,43.845,0.213740,0.954198,-0.068702
21000,-0.062256,0.007813,1.020996,43.880,0.198473,0.992366,-0.152672
21020,-0.063477,0.012695,1.020264,43.848,0.274809,0.900763,-0.053435
21040,-0.062988,0.006836,1.024902,43.830,0.106870,1.083969,-0.152672
21060,-0.067139,0.010254,1.024902,43.868,0.137405,1.061069,-0.137405
21080,-0.063965,0.013428,1.024658,43.868,0.152672,0.946565,-0.106870
21100,-0.068848,0.008301,1.020264,43.854,0.236641,0.931298,-0.083969
21120,-0.065918,0.010498,1.026611,43.874,0.244275,0.961832,-0.038168
21140,-0.065918,0.010254,1.017578,43.842,0.236641,1.038168,-0.206107
21160,-0.063477,0.005127,1.022461,43.862,0.297710,0.946565,-0.137405
21180,-0.064209,0.006348,1.027832,43.856,0.183206,1.000000,-0.137405
21200,-0.061768,0.012207,1.021729,43.851,0.206107,1.007634,-0.190840
21220,-0.063477,0.007813,1.022217,43.889,0.221374,1.007634,-0.091603
21240,-0.063232,0.009277,1.024414,43.856,0.290076,1.007634,-0.137405
21260,-0.069092,0.007324,1.024658,43.851,0.145038,1.000000,-0.083969
21281,-0.063965,0.003906,1.025146,43.889,0.190840,0.984733,-0.122137
21300,-0.063232,0.009033,1.023926,43.848,0.282443,1.015267,-0.099237
21320,-0.065430,0.007813,1.025879,43.827,0.198473,0.954198,-0.152672
21340,-0.066406,0.009033,1.022705,43.892,0.152672,1.030534,-0.206107
21360,-0.062988,0.005859,1.027344,43.871,0.221374,0.992366,0.007634
21380,-0.063965,0.008301,1.027100,43.842,0.244275,1.038168,-0.106870
21400,-0.063965,0.010254,1.022705,43.862,0.259542,0.931298,-0.114504
21420,-0.063965,0.010010,1.023438,43.824,0.183206,0.992366,-0.129771
21440,-0.060547,0.010010,1.021729,43.824,0.320611,1.061069,-0.091603
21460,-0.065918,0.008545,1.024414,43.874,0.213740,1.022901,-0.152672
21480,-0.062012,0.009766,1.023926,43.827,0.175573,0.961832,-0.091603
21500,-0.063721,0.010986,1.023926,43.883,0.221374,0.900763,-0.190840
21520,-0.061523,0.008545,1.024902,43.854,0.251908,0.946565,-0.175573
21540,-0.063965,0.011963,1.029785,43.859,0.290076,0.900763,-0.053435
21560,-0.063965,0.009521,1.025146,43.868,0.190840,1.114504,-0.129771
21580,-0.068115,0.010010,1.014648,43.868,0.229008,0.954198,-0.122137
21600,-0.064941,0.005127,1.020264,43.865,0.160305,1.030534,-0.137405
21620,-0.060059,0.006104,1.021729,43.874,0.236641,1.000000,-0.106870
21640,-0.066406,0.015381,1.029785,43.854,0.328244,1.061069,-0.083969
21660,-0.062012,0.008057,1.016602,43.859,0.160305,0.885496,-0.183206
21680,-0.064453,0.007080,1.024658,43.845,0.114504,1.114504,-0.091603
21700,-0.069824,0.004639,1.024414,43.833,0.343511,1.000000,-0.129771
21720,-0.064941,0.010010,1.024414,43.871,0.137405,1.000000,-0.122137
21740,-0.065186,0.009033,1.034668,43.845,0.213740,0.946565,-0.152672
21760,-0.061768,0.009277,1.024414,43.874,0.282443,0.854962,-0.213740
21781,-0.062500,0.010498,1.025879,43.880,0.236641,1.000000,-0.167939
21800,-0.063232,0.014648,1.023682,43.854,0.305344,1.000000,0.045802
21820,-0.063232,0.007324,1.024902,43.856,0.244275,0.969466,-0.152672
21840,-0.066650,0.008789,1.023438,43.874,0.160305,1.030534,-0.038168
21860,-0.065186,0.009033,1.021240,43.874,0.175573,0.877863,-0.206107
21880,-0.061279,0.010498,1.018066,43.883,0.175573,1.045802,-0.190840
21900,-0.064697,0.013672,1.025879,43.862,0.290076,1.015267,-0.175573
21920,-0.062012,0.008789,1.023926,43.877,0.206107,0.984733,-0.259542
21940,-0.062500,0.012451,1.020264,43.848,0.221374,0.992366,-0.213740
21960,-0.065918,0.010254,1.021484,43.848,0.160305,0.984733,-0.083969
21980,-0.062744,0.011719,1.023193,43.874,0.145038,1.015267,-0.160305
22000,-0.059326,0.009521,1.025635,43.871,0.366412,1.007634,-0.137405
22020,-0.061523,0.009277,1.025146,43.845,0.175573,0.977099,-0.167939
22040,-0.061523,0.007813,1.028320,43.871,0.213740,0.992366,-0.038168
22060,-0.063721,0.009766,1.016357,43.874,0.167939,1.106870,-0.167939
22080,-0.064941,0.012695,1.025879,43.868,0.229008,1.000000,-0.053435
22100,-0.062988,0.011719,1.022461,43.833,0.213740,1.000000,-0.083969
22120,-0.063477,0.006836,1.019775,43.862,0.229008,1.106870,-0.007634
22140,-0.064453,0.011230,1.022705,43.880,0.244275,1.038168,-0.007634
22161,-0.063232,0.008057,1.020508,43.848,0.213740,1.045802,-0.160305
22180,-0.060791,0.006348,1.020264,43.862,0.068702,0.977099,0.000000
22200,-0.064941,0.006836,1.025879,43.862,0.221374,0.885496,-0.076336
22220,-0.062500,0.010742,1.015869,43.856,0.229008,0.954198,-0.206107
22240,-0.064209,0.006592,1.023682,43.862,0.175573,0.931298,-0.076336
22260,-0.057861,0.008545,1.023193,43.856,0.221374,1.022901,-0.175573
22280,-0.066162,0.006836,1.020996,43.842,0.175573,0.908397,-0.022901
22300,-0.060547,0.011963,1.027100,43.851,0.358779,0.961832,-0.015267
22320,-0.063965,0.006348,1.021729,43.859,0.244275,0.938931,-0.122137
22340,-0.067871,0.011963,1.022217,43.889,0.221374,0.839695,-0.213740
22360,-0.066162,0.007568,1.023193,43.877,0.160305,0.946565,-0.122137
22380,-0.065674,0.010010,1.022949,43.880,0.259542,0.900763,-0.129771
22400,-0.065430,0.009766,1.027344,43.865,0.236641,1.022901,-0.167939
22420,-0.065918,0.010254,1.022461,43.856,0.145038,0.992366,-0.167939
22440,-0.067871,0.009033,1.021973,43.856,0.251908,0.832061,-0.076336
22460,-0.063721,0.007568,1.020264,43.868,0.167939,1.076336,-0.160305
22480,-0.068359,0.006348,1.024414,43.871,0.114504,1.091603,-0.114504
22500,-0.063232,0.007568,1.023438,43.895,0.190840,0.961832,-0.061069
22521,-0.064941,0.011475,1.022705,43.889,0.099237,1.175573,-0.007634
22540,-0.064941,0.010254,1.026611,43.833,0.145038,1.007634,-0.129771
22560,-0.063721,0.013672,1.022705,43.871,0.236641,1.038168,-0.076336
22580,-0.061035,0.006348,1.022705,43.856,0.236641,0.961832,-0.122137
22600,-0.065430,0.008789,1.024658,43.833,0.282443,1.015267,-0.083969
22620,-0.063477,0.007813,1.026611,43.836,0.206107,1.053435,-0.106870
22640,-0.064941,0.009766,1.026611,43.842,0.221374,0.969466,-0.122137
22660,-0.064697,0.004639,1.018311,43.871,0.244275,0.870229,-0.022901
22680,-0.065918,0.010986,1.021973,43.842,0.267176,0.931298,-0.068702
22700,-0.063477,0.009766,1.017822,43.851,0.160305,0.969466,-0.030534
22720,-0.063721,0.010742,1.017578,43.862,0.328244,0.954198,-0.083969
22740,-0.064941,0.010498,1.017822,43.856,0.251908,0.946565,-0.122137
22760,-0.059570,0.009766,1.020020,43.859,0.244275,1.022901,-0.114504
22780,-0.061279,0.005615,1.022705,43.859,0.160305,1.145038,-0.137405
22800,-0.065674,0.010498,1.024414,43.845,0.236641,1.015267,-0.106870
22820,-0.064209,0.010498,1.015625,43.889,0.198473,1.083969,-0.076336
22840,-0.059814,0.008301,1.023193,43.880,0.160305,1.030534,-0.038168
22860,-0.063965,0.006836,1.029297,43.871,0.335878,1.045802,-0.053435
22880,-0.066650,0.008057,1.023682,43.862,0.229008,1.000000,-0.129771
22901,-0.063232,0.010254,1.022461,43.862,0.251908,0.938931,-0.091603
22920,-0.068359,0.005615,1.028076,43.862,0.259542,0.977099,-0.106870
22940,-0.064209,0.006104,1.024170,43.865,0.175573,0.885496,-0.229008
22960,-0.061035,0.007080,1.027832,43.856,0.206107,1.076336,-0.190840
22980,-0.063477,0.009277,1.022217,43.856,0.320611,0.984733,-0.076336
23000,-0.065430,0.010254,1.024658,43.839,0.244275,0.954198,-0.122137
23020,-0.063965,0.007324,1.023193,43.854,0.236641,1.068702,-0.045802
23040,-0.065430,0.007813,1.024902,43.901,0.221374,1.068702,-0.038168
23060,-0.060791,0.008057,1.024658,43.851,0.221374,1.015267,-0.083969
23080,-0.062256,0.010498,1.025635,43.856,0.145038,1.015267,-0.091603
23100,-0.059326,0.011719,1.021484,43.877,0.274809,0.908397,-0.083969
23120,-0.059570,0.008057,1.025391,43.883,0.229008,0.847328,-0.091603
23140,-0.063965,0.006348,1.024414,43.904,0.167939,1.045802,-0.183206
23160,-0.063721,0.007813,1.018799,43.851,0.183206,0.954198,-0.045802
23180,-0.065430,0.008545,1.025635,43.851,0.267176,1.022901,-0.221374
23200,-0.057861,0.010498,1.019531,43.845,0.320611,1.015267,-0.129771
23220,-0.055420,0.012939,1.026123,43.836,0.183206,1.068702,-0.030534
23240,-0.064697,0.011719,1.015381,43.836,0.198473,1.007634,-0.145038
23261,-0.066406,0.013428,1.023926,43.851,0.190840,1.007634,-0.045802
23281,-0.067627,0.006104,1.030518,43.839,0.175573,0.946565,-0.045802
23300,-0.068604,0.007813,1.020996,43.851,0.274809,0.954198,-0.061069
23320,-0.064209,0.009766,1.020996,43.859,0.251908,0.839695,-0.137405
23340,-0.062988,0.010742,1.019287,43.856,0.175573,0.908397,-0.160305
23360,-0.062744,0.007080,1.025391,43.854,0.259542,0.938931,-0.053435
23380,-0.066162,0.010010,1.024170,43.851,0.175573,0.969466,0.015267
23400,-0.063232,0.007324,1.021240,43.874,0.122137,1.145038,-0.190840
23420,-0.062744,0.008057,1.026855,43.871,0.236641,0.923664,-0.076336
23440,-0.065186,0.009033,1.023193,43.868,0.167939,1.061069,-0.152672
23460,-0.065674,0.009766,1.025146,43.868,0.229008,0.992366,-0.122137
23480,-0.061768,0.009521,1.026367,43.865,0.152672,0.938931,-0.099237
23500,-0.065186,0.011230,1.025879,43.886,0.183206,1.022901,-0.045802
23520,-0.065674,0.008301,1.021973,43.868,0.206107,0.938931,-0.045802
23540,-0.062256,0.010254,1.023682,43.839,0.183206,0.923664,-0.152672
23560,-0.063965,0.010498,1.024414,43.874,0.190840,0.977099,-0.061069
23580,-0.068604,0.009277,1.026855,43.901,0.183206,1.076336,-0.030534
23600,-0.068604,0.009521,1.022949,43.859,0.251908,0.916031,-0.137405
23620,-0.066895,0.010986,1.029785,43.877,0.251908,1.007634,-0.251908
23641,-0.061035,0.009277,1.019531,43.851,0.175573,0.877863,-0.083969
23660,-0.063232,0.009033,1.019775,43.859,0.320611,1.000000,-0.129771
23680,-0.066895,0.011963,1.020264,43.874,0.290076,0.938931,-0.137405
23700,-0.064209,0.010498,1.021973,43.868,0.343511,0.984733,-0.145038
23720,-0.065186,0.010986,1.029785,43.851,0.152672,1.022901,-0.183206
23740,-0.063232,0.014893,1.023193,43.856,0.167939,1.038168,-0.091603
23760,-0.064453,0.010010,1.020752,43.862,0.389313,0.954198,-0.175573
23780,-0.063721,0.011230,1.019043,43.859,0.160305,1.015267,-0.145038
23800,-0.065918,0.011719,1.017822,43.854,0.297710,1.045802,-0.183206
23820,-0.062500,0.008301,1.025146,43.874,0.198473,1.015267,-0.053435
23840,-0.063965,0.005371,1.027588,43.845,0.282443,0.984733,-0.083969
23860,-0.063965,0.007324,1.023193,43.868,0.198473,0.946565,-0.145038
23880,-0.066406,0.009766,1.020996,43.862,0.145038,0.870229,-0.038168
23900,-0.064941,0.011719,1.021729,43.845,0.236641,0.984733,-0.137405
23920,-0.063232,0.011963,1.024658,43.889,0.236641,0.938931,-0.007634
23940,-0.062988,0.008301,1.014160,43.889,0.282443,1.022901,-0.083969
23960,-0.064209,0.013428,1.024658,43.865,0.206107,1.106870,-0.129771
23980,-0.062256,0.005615,1.021973,43.848,0.297710,0.916031,-0.229008
24000,-0.063965,0.009521,1.025879,43.874,0.229008,0.908397,-0.114504
24020,-0.065674,0.008301,1.022705,43.874,0.206107,1.045802,-0.190840
24040,-0.064209,0.011230,1.023193,43.865,0.251908,1.030534,-0.099237
24060,-0.058105,0.009766,1.019043,43.874,0.320611,0.977099,-0.091603
24080,-0.063477,0.009521,1.028564,43.868,0.183206,1.122137,-0.183206
24100,-0.064697,0.008545,1.026855,43.862,0.229008,0.862595,-0.137405
24120,-0.061523,0.000977,1.020752,43.851,0.198473,0.954198,-0.183206
24141,-0.068848,0.010742,1.029541,43.854,0.213740,1.015267,-0.045802
24160,-0.064697,0.006348,1.020996,43.877,0.206107,0.992366,-0.129771
24180,-0.060303,0.009277,1.026123,43.877,0.175573,1.137405,-0.099237
24200,-0.064941,0.004883,1.026123,43.874,0.251908,0.885496,-0.152672
24220,-0.064941,0.008301,1.027832,43.889,0.251908,0.938931,-0.114504
24240,-0.066406,0.011475,1.027588,43.868,0.244275,0.923664,-0.114504
24260,-0.061523,0.009521,1.024902,43.854,0.190840,0.992366,-0.053435
24280,-0.063721,0.008789,1.024902,43.859,0.251908,0.984733,-0.213740
24300,-0.059814,0.011963,1.022949,43.862,0.244275,1.061069,-0.175573
24320,-0.059570,0.010498,1.025391,43.859,0.274809,0.969466,-0.083969
24340,-0.064697,0.008057,1.024902,43.854,0.152672,0.870229,-0.183206
24360,-0.060303,0.004883,1.024170,43.865,0.290076,0.961832,-0.236641
24380,-0.062500,0.009277,1.024170,43.862,0.152672,1.007634,-0.229008
24400,-0.065918,0.008301,1.023682,43.862,0.190840,0.992366,-0.221374
24420,-0.064697,0.010498,1.023926,43.848,0.251908,0.984733,-0.259542
24440,-0.064453,0.006592,1.023926,43.856,0.251908,1.022901,-0.167939
24460,-0.063965,0.007324,1.026367,43.874,0.282443,1.083969,-0.106870
24480,-0.062988,0.010986,1.021729,43.883,0.190840,0.977099,-0.022901
24500,-0.064453,0.006104,1.023926,43.877,0.282443,1.007634,-0.145038
24521,-0.064209,0.008301,1.024902,43.862,0.190840,1.045802,-0.137405
24540,-0.065186,0.010742,1.026367,43.845,0.198473,1.022901,-0.068702
24560,-0.062988,0.011230,1.025635,43.854,0.290076,1.000000,-0.083969
24580,-0.063232,0.009277,1.017578,43.862,0.229008,0.870229,-0.015267
24600,-0.064209,0.009277,1.024414,43.859,0.213740,1.038168,-0.259542
24620,-0.060303,0.009521,1.022217,43.865,0.213740,1.045802,-0.145038
24640,-0.062012,0.008789,1.021729,43.877,0.229008,0.931298,-0.099237
24660,-0.063965,0.006836,1.020996,43.871,0.236641,1.045802,-0.076336
24680,-0.067383,0.010498,1.026123,43.898,0.251908,1.038168,-0.061069
24700,-0.066162,0.010742,1.020020,43.854,0.259542,0.969466,-0.106870
24720,-0.064941,0.007568,1.023682,43.877,0.282443,1.015267,-0.099237
24740,-0.062988,0.004883,1.023926,43.859,0.236641,0.946565,-0.251908
24760,-0.065674,0.010498,1.024902,43.877,0.213740,0.992366,-0.145038
24780,-0.064453,0.007813,1.020996,43.854,0.236641,1.015267,-0.099237
24800,-0.064453,0.011963,1.022217,43.842,0.114504,1.122137,-0.137405
24820,-0.061768,0.010498,1.026123,43.845,0.335878,0.900763,-0.038168
24840,-0.066162,0.009277,1.018799,43.859,0.229008,0.984733,-0.076336
24860,-0.066162,0.015625,1.020264,43.880,0.312977,0.778626,0.000000
24881,-0.065918,0.009033,1.019043,43.880,0.251908,0.969466,-0.251908
24900,-0.062500,0.007568,1.028564,43.883,0.221374,0.900763,-0.083969
24920,-0.062988,0.008301,1.027588,43.871,0.183206,0.916031,0.000000
24940,-0.063965,0.011963,1.017334,43.868,0.183206,0.961832,-0.137405
24960,-0.062256,0.005615,1.024902,43.877,0.229008,1.015267,-0.198473
24980,-0.061768,0.010254,1.021484,43.862,0.305344,0.847328,-0.137405
25000,-0.067627,0.008301,1.023926,43.854,0.190840,0.877863,-0.076336
25020,-0.060303,0.009033,1.018066,43.851,0.251908,0.954198,-0.221374
25040,-0.063477,0.011963,1.020508,43.868,0.244275,0.893130,-0.244275
25060,-0.063477,0.006836,1.019531,43.865,0.297710,1.076336,-0.106870
25080,-0.063232,0.006836,1.018066,43.883,0.229008,1.015267,-0.038168
25100,-0.063965,0.010498,1.018311,43.868,0.206107,1.068702,-0.068702
25120,-0.063477,0.010010,1.014893,43.874,0.152672,1.030534,-0.183206
25140,-0.066162,0.008301,1.020508,43.868,0.305344,1.015267,-0.152672
25160,-0.062012,0.010010,1.022461,43.854,0.229008,0.946565,0.015267
25180,-0.061035,0.010254,1.019043,43.862,0.236641,1.038168,-0.137405
25200,-0.064209,0.007080,1.021484,43.854,0.145038,1.038168,-0.068702
25220,-0.065186,0.011719,1.022461,43.845,0.206107,0.977099,-0.045802
25241,-0.063232,0.010498,1.023682,43.898,0.312977,0.824428,-0.053435
25260,-0.062012,0.012939,1.021973,43.868,0.114504,1.091603,-0.198473
25280,-0.063477,0.009521,1.022217,43.851,0.229008,1.015267,-0.167939
25300,-0.068604,0.009766,1.023193,43.842,0.198473,1.015267,-0.091603
25320,-0.064209,0.007813,1.028809,43.868,0.251908,0.908397,-0.076336
25340,-0.062744,0.010498,1.020508,43.865,0.274809,0.946565,-0.068702
25360,-0.062256,0.011963,1.025635,43.854,0.229008,0.893130,-0.091603
25380,-0.062500,0.009766,1.028564,43.842,0.221374,0.954198,-0.083969
25400,-0.063477,0.007080,1.025146,43.889,0.198473,1.106870,-0.213740
25420,-0.065918,0.005615,1.013672,43.862,0.297710,1.007634,-0.175573
25440,-0.062500,0.008057,1.025879,43.874,0.290076,0.992366,-0.198473
25460,-0.068115,0.011230,1.021729,43.851,0.259542,0.961832,-0.038168
25480,-0.065918,0.008057,1.026855,43.854,0.297710,0.923664,-0.129771
25500,-0.064453,0.009033,1.022705,43.880,0.213740,0.954198,-0.038168
25520,-0.060303,0.010498,1.012451,43.836,0.221374,0.992366,-0.129771
25540,-0.061768,0.007080,1.026611,43.859,0.229008,1.015267,-0.175573
25560,-0.065674,0.008057,1.016602,43.865,0.206107,0.938931,-0.061069
25580,-0.066895,0.010010,1.029541,43.836,0.206107,0.961832,-0.145038
25601,-0.067871,0.007080,1.020752,43.856,0.175573,1.068702,-0.061069
25620,-0.062500,0.007568,1.022949,43.862,0.206107,1.000000,-0.083969
25640,-0.064209,0.008545,1.020996,43.883,0.206107,0.938931,-0.106870
25660,-0.068115,0.010742,1.022461,43.865,0.259542,0.946565,-0.068702
25680,-0.064697,0.007568,1.030029,43.842,0.221374,1.091603,-0.198473
25700,-0.061279,0.007568,1.026611,43.874,0.259542,1.030534,-0.061069
25720,-0.064453,0.008545,1.024902,43.842,0.244275,1.053435,-0.122137
25740,-0.066162,0.012451,1.024902,43.865,0.175573,0.992366,-0.099237
25760,-0.066650,0.006836,1.029785,43.848,0.160305,0.961832,-0.106870
25780,-0.063477,0.008789,1.025879,43.833,0.305344,0.969466,-0.068702
25800,-0.068115,0.007813,1.023438,43.845,0.267176,1.030534,-0.091603
25820,-0.063965,0.008057,1.015381,43.862,0.251908,0.832061,-0.167939
25840,-0.066406,0.006348,1.021484,43.865,0.290076,0.885496,-0.083969
25860,-0.066895,0.009766,1.024170,43.856,0.251908,1.007634,-0.030534
25880,-0.067139,0.010742,1.021973,43.868,0.198473,0.992366,-0.167939
25900,-0.065430,0.008789,1.021484,43.874,0.229008,0.992366,-0.183206
25920,-0.062256,0.009521,1.020996,43.889,0.312977,1.099237,-0.152672
25940,-0.067627,0.010254,1.032471,43.868,0.229008,0.854962,-0.198473
25960,-0.062744,0.007813,1.020264,43.877,0.160305,0.977099,-0.068702
25981,-0.065674,0.004395,1.026611,43.868,0.244275,1.030534,-0.137405
26000,-0.062256,0.010742,1.020996,43.862,0.190840,0.847328,-0.045802
26020,-0.065430,0.012939,1.025146,43.865,0.137405,1.030534,-0.129771
26040,-0.063477,0.008545,1.024170,43.862,0.198473,0.977099,-0.175573
26060,-0.062500,0.006592,1.016846,43.880,0.198473,1.000000,-0.106870
26080,-0.063965,0.010254,1.023682,43.865,0.190840,0.923664,-0.152672
26100,-0.063232,0.007813,1.025635,43.845,0.213740,0.954198,-0.190840
26120,-0.064209,0.008789,1.021973,43.839,0.183206,1.000000,-0.099237
26140,-0.066162,0.010010,1.023926,43.859,0.129771,0.954198,-0.175573
26160,-0.064453,0.006104,1.021973,43.859,0.198473,0.931298,-0.083969
26180,-0.061523,0.007568,1.031006,43.848,0.274809,0.885496,-0.068702
26200,-0.062256,0.015137,1.021973,43.871,0.198473,1.106870,-0.015267
26220,-0.064453,0.008789,1.020264,43.874,0.229008,1.076336,-0.061069
26240,-0.063965,0.008545,1.025391,43.851,0.297710,0.931298,-0.175573
26260,-0.063965,0.007813,1.023438,43.851,0.236641,0.938931,-0.198473
26280,-0.062744,0.008301,1.024414,43.842,0.320611,1.030534,-0.129771
26300,-0.067383,0.010498,1.018799,43.871,0.183206,0.977099,-0.145038
26320,-0.064941,0.010254,1.023682,43.854,0.175573,1.038168,-0.068702
26340,-0.066895,0.011963,1.027344,43.898,0.175573,0.916031,-0.076336
26361,-0.060791,0.007813,1.019043,43.874,0.213740,1.022901,-0.061069
26380,-0.062500,0.009277,1.021240,43.854,0.221374,0.977099,-0.152672
26400,-0.065674,0.008301,1.017822,43.865,0.274809,0.954198,-0.038168
26420,-0.063965,0.008301,1.023193,43.862,0.145038,1.015267,-0.160305
26440,-0.059082,0.010986,1.023926,43.871,0.244275,1.038168,-0.106870
26460,-0.067383,0.008789,1.021484,43.859,0.267176,1.030534,-0.129771
26480,-0.062988,0.007813,1.020996,43.874,0.244275,1.076336,-0.083969
26501,-0.065186,0.010742,1.020508,43.874,0.167939,0.961832,-0.122137
26520,-0.061768,0.010742,1.025879,43.892,0.137405,0.916031,-0.190840
26540,-0.062744,0.005859,1.022949,43.868,0.259542,1.045802,-0.083969
26560,-0.061768,0.011963,1.022705,43.868,0.213740,0.984733,-0.122137
26580,-0.065186,0.009521,1.035156,43.868,0.160305,1.007634,-0.122137
26600,-0.063965,0.008789,1.021484,43.868,0.282443,1.015267,-0.160305
26620,-0.064453,0.012695,1.021729,43.877,0.229008,1.007634,-0.145038
26640,-0.065674,0.011230,1.022461,43.883,0.167939,1.114504,-0.068702
26660,-0.064453,0.009277,1.022217,43.842,0.320611,1.007634,-0.213740
26680,-0.061768,0.007568,1.026855,43.854,0.229008,1.015267,-0.160305
26700,-0.058594,0.010254,1.022217,43.856,0.236641,1.015267,-0.160305
26720,-0.067383,0.011230,1.025635,43.856,0.282443,0.992366,-0.145038
26740,-0.064941,0.008057,1.021973,43.848,0.320611,1.053435,-0.030534
26760,-0.066650,0.008057,1.023193,43.886,0.297710,0.923664,-0.076336
26780,-0.065918,0.009521,1.025635,43.856,0.312977,1.030534,-0.022901
26800,-0.064453,0.007080,1.021484,43.862,0.290076,0.877863,-0.106870
26820,-0.061035,0.010254,1.027344,43.833,0.267176,1.015267,-0.175573
26840,-0.061768,0.007324,1.020996,43.856,0.312977,0.984733,-0.221374
26861,-0.064941,0.008789,1.018799,43.871,0.274809,1.000000,-0.045802
26881,-0.064209,0.008545,1.023926,43.859,0.274809,1.022901,-0.152672
26900,-0.064453,0.010498,1.029053,43.877,0.221374,1.022901,-0.167939
26920,-0.067139,0.005371,1.023682,43.845,0.198473,1.007634,-0.091603
26940,-0.064209,0.007568,1.024414,43.877,0.312977,1.129771,-0.099237
26960,-0.063721,0.005615,1.017090,43.868,0.267176,0.992366,-0.083969
26980,-0.062744,0.010010,1.024902,43.848,0.297710,0.961832,-0.106870
27000,-0.064453,0.011475,1.023193,43.851,0.229008,1.022901,-0.206107
27020,-0.062988,0.007080,1.023682,43.892,0.175573,1.053435,-0.137405
27040,-0.064941,0.008545,1.024658,43.859,0.290076,0.877863,-0.068702
27060,-0.065430,0.009033,1.024902,43.862,0.282443,0.954198,-0.190840
27080,-0.066162,0.006592,1.022949,43.874,0.305344,0.893130,-0.167939
27100,-0.062744,0.006836,1.021729,43.856,0.236641,0.916031,-0.213740
27120,-0.063721,0.008301,1.031006,43.868,0.152672,1.045802,-0.167939
27140,-0.066162,0.008789,1.025879,43.851,0.206107,0.992366,-0.145038
27160,-0.064697,0.004883,1.029785,43.854,0.297710,0.992366,-0.053435
27180,-0.062256,0.006348,1.026123,43.877,0.160305,1.030534,-0.015267
27200,-0.062744,0.007324,1.022949,43.862,0.290076,1.076336,-0.251908
27220,-0.063965,0.009277,1.022461,43.874,0.259542,0.984733,-0.083969
27241,-0.064209,0.008057,1.024414,43.865,0.160305,0.969466,-0.145038
27260,-0.067383,0.005859,1.026123,43.854,0.305344,1.030534,-0.183206
27280,-0.062744,0.010742,1.024414,43.859,0.190840,1.007634,-0.083969
27300,-0.065186,0.008789,1.024658,43.862,0.183206,1.038168,-0.213740
27320,-0.064209,0.011719,1.019775,43.856,0.320611,1.015267,-0.068702
27340,-0.063232,0.010742,1.021973,43.856,0.122137,1.114504,-0.160305
27360,-0.068604,0.010254,1.020508,43.851,0.167939,1.015267,-0.167939
27380,-0.063965,0.008789,1.024902,43.865,0.320611,1.045802,-0.122137
27400,-0.063721,0.010742,1.025879,43.836,0.267176,0.923664,-0.137405
27420,-0.065674,0.006348,1.020264,43.871,0.206107,0.969466,-0.122137
27440,-0.067627,0.009521,1.019775,43.862,0.297710,0.839695,-0.152672
27460,-0.063721,0.008057,1.019775,43.854,0.305344,0.885496,-0.099237
27480,-0.064941,0.009033,1.020752,43.848,0.297710,0.938931,-0.206107
27500,-0.063477,0.009277,1.027344,43.889,0.206107,1.022901,-0.221374
27520,-0.065186,0.008057,1.026367,43.856,0.137405,0.908397,-0.137405
27540,-0.066162,0.014893,1.028564,43.862,0.221374,1.038168,-0.114504
27560,-0.061035,0.007813,1.015869,43.848,0.229008,0.916031,-0.183206
27580,-0.062500,0.008545,1.020752,43.868,0.190840,1.137405,-0.122137
27601,-0.062256,0.010986,1.028564,43.856,0.183206,1.083969,-0.122137
27620,-0.062500,0.008789,1.019043,43.854,0.236641,1.045802,-0.083969
27640,-0.065674,0.008057,1.028076,43.862,0.229008,1.038168,-0.038168
27660,-0.063232,0.009277,1.026611,43.848,0.244275,1.015267,-0.091603
27680,-0.064453,0.007813,1.020264,43.848,0.236641,0.877863,-0.061069
27700,-0.062256,0.010742,1.026855,43.862,0.305344,0.877863,-0.099237
27720,-0.059570,0.011230,1.023438,43.854,0.229008,0.984733,-0.129771
27740,-0.067383,0.004639,1.026367,43.848,0.290076,0.893130,-0.106870
27760,-0.064941,0.005371,1.018799,43.880,0.305344,0.984733,-0.076336
27780,-0.064209,0.009033,1.025146,43.886,0.297710,0.900763,-0.114504
27800,-0.063232,0.009521,1.022949,43.833,0.290076,1.030534,-0.083969
27820,-0.062012,0.011719,1.024902,43.874,0.229008,0.931298,-0.160305
27840,-0.062500,0.010986,1.020996,43.883,0.152672,1.190840,-0.213740
27860,-0.063965,0.010254,1.021484,43.874,0.251908,1.000000,-0.190840
27880,-0.063721,0.008057,1.025635,43.883,0.229008,1.015267,-0.068702
27900,-0.068115,0.010010,1.028320,43.859,0.244275,1.038168,-0.038168
27920,-0.066406,0.008789,1.020020,43.871,0.244275,1.000000,-0.137405
27940,-0.064697,0.007813,1.022705,43.880,0.145038,1.076336,-0.183206
27961,-0.063721,0.007568,1.022461,43.865,0.267176,0.992366,-0.190840
27980,-0.066162,0.009033,1.020996,43.868,0.229008,1.045802,-0.152672
28000,-0.060547,0.008301,1.021729,43.827,0.351145,0.969466,-0.129771
28020,-0.066406,0.010498,1.019287,43.865,0.282443,0.923664,-0.015267
28040,-0.068848,0.011719,1.025391,43.848,0.267176,0.931298,-0.038168
28060,-0.064697,0.008789,1.028809,43.862,0.244275,0.885496,-0.045802
28080,-0.058838,0.008057,1.028320,43.862,0.290076,0.946565,-0.106870
28100,-0.060791,0.008789,1.026611,43.845,0.282443,1.068702,-0.045802
28120,-0.064941,0.009033,1.027100,43.845,0.259542,0.938931,-0.068702
28140,-0.064697,0.009033,1.030762,43.848,0.106870,0.862595,0.022901
28160,-0.063965,0.003906,1.026611,43.836,0.282443,0.938931,-0.167939
28180,-0.063477,0.010498,1.029541,43.865,0.267176,0.961832,-0.190840
28200,-0.065430,0.007568,1.029785,43.859,0.221374,1.083969,-0.122137
28220,-0.064453,0.011719,1.022949,43.880,0.236641,0.908397,-0.175573
28240,-0.063477,0.006348,1.022705,43.877,0.122137,0.984733,-0.183206
28260,-0.065186,0.006592,1.023193,43.842,0.244275,0.984733,-0.106870
28280,-0.058350,0.010254,1.020996,43.851,0.221374,1.000000,-0.122137
28300,-0.066895,0.009521,1.021973,43.865,0.236641,1.000000,-0.221374
28320,-0.058350,0.010742,1.021729,43.862,0.259542,0.984733,-0.152672
28341,-0.064941,0.008545,1.025391,43.901,0.221374,0.946565,-0.083969
28360,-0.064941,0.013184,1.019043,43.862,0.236641,1.000000,0.000000
28380,-0.066650,0.011475,1.024170,43.854,0.259542,1.015267,-0.106870
28400,-0.061279,0.009033,1.024414,43.871,0.175573,1.000000,-0.122137
28420,-0.062256,0.007080,1.032227,43.833,0.221374,0.916031,-0.076336
28440,-0.062988,0.006348,1.023438,43.868,0.297710,0.832061,-0.198473
28460,-0.066895,0.008789,1.022217,43.880,0.290076,0.893130,-0.137405
28480,-0.063232,0.010742,1.031006,43.895,0.305344,1.022901,-0.045802
28500,-0.063477,0.004883,1.022705,43.862,0.213740,1.129771,-0.038168
28520,-0.066162,0.010742,1.027588,43.862,0.129771,1.061069,-0.160305
28540,-0.060547,0.012451,1.025391,43.842,0.267176,0.809160,-0.244275
28560,-0.061768,0.010742,1.025146,43.868,0.213740,1.099237,-0.022901
28580,-0.061523,0.013428,1.018555,43.883,0.206107,1.198473,-0.114504
28600,-0.064697,0.009766,1.021484,43.874,0.175573,1.000000,-0.221374
28620,-0.062012,0.009277,1.025146,43.865,0.282443,0.954198,-0.251908
28640,-0.065430,0.010254,1.025879,43.856,0.290076,1.000000,-0.122137
28660,-0.063477,0.007813,1.027100,43.859,0.267176,0.862595,-0.145038
28681,-0.065186,0.010010,1.019775,43.871,0.221374,1.022901,-0.068702
28700,-0.064453,0.010010,1.028809,43.868,0.198473,0.946565,-0.022901
28720,-0.064697,0.010498,1.022705,43.880,0.229008,0.862595,-0.122137
28740,-0.063477,0.010498,1.025391,43.877,0.251908,0.916031,-0.061069
28760,-0.064453,0.009521,1.026367,43.862,0.213740,0.839695,-0.022901
28780,-0.063232,0.009766,1.027344,43.868,0.282443,1.145038,-0.099237
28800,-0.061768,0.007813,1.021240,43.854,0.229008,0.977099,-0.053435
28821,-0.063232,0.010498,1.021240,43.895,0.160305,0.954198,-0.145038
28840,-0.063477,0.010498,1.025391,43.862,0.259542,0.946565,-0.167939
28860,-0.066162,0.009277,1.025635,43.854,0.381679,1.038168,-0.167939
28880,-0.063965,0.008545,1.030029,43.851,0.290076,1.000000,-0.213740
28900,-0.066650,0.010254,1.025391,43.836,0.236641,0.946565,-0.152672
28920,-0.068604,0.008057,1.022949,43.839,0.221374,1.068702,-0.183206
28940,-0.063965,0.009277,1.022461,43.871,0.221374,1.053435,-0.259542
28960,-0.067139,0.010010,1.024170,43.848,0.213740,1.015267,-0.030534
28980,-0.066406,0.008301,1.022217,43.839,0.175573,0.938931,-0.061069
29000,-0.066406,0.010010,1.027100,43.848,0.167939,1.106870,-0.152672
29020,-0.065674,0.008789,1.027588,43.871,0.198473,1.061069,-0.297710
29040,-0.064453,0.003418,1.024658,43.889,0.267176,1.007634,-0.167939
29060,-0.066650,0.005127,1.015625,43.839,0.198473,0.931298,0.000000
29080,-0.066162,0.008301,1.022949,43.889,0.221374,1.022901,-0.206107
29100,-0.063232,0.010498,1.023682,43.868,0.328244,0.984733,-0.137405
29120,-0.060547,0.008301,1.016602,43.859,0.251908,1.053435,-0.045802
29140,-0.066162,0.006104,1.018311,43.871,0.229008,1.030534,-0.106870
29160,-0.063477,0.012451,1.019775,43.865,0.206107,0.893130,-0.076336
29181,-0.068848,0.010498,1.018799,43.871,0.274809,0.893130,-0.190840
29201,-0.064453,0.009033,1.022705,43.856,0.297710,1.015267,-0.137405
29220,-0.064697,0.007568,1.023438,43.877,0.236641,0.977099,-0.145038
29240,-0.067627,0.005615,1.032227,43.877,0.305344,1.015267,-0.106870
29260,-0.060547,0.010986,1.026367,43.877,0.267176,1.076336,-0.145038
29280,-0.064209,0.012695,1.026855,43.883,0.282443,0.893130,-0.145038
29300,-0.063721,0.005371,1.029541,43.883,0.305344,0.984733,-0.190840
29320,-0.064453,0.007813,1.016846,43.883,0.099237,1.106870,-0.106870
29340,-0.061279,0.011230,1.017822,43.827,0.190840,0.984733,-0.244275
29360,-0.061768,0.010498,1.019531,43.859,0.244275,0.992366,-0.099237
29380,-0.065186,0.009277,1.015869,43.845,0.251908,1.038168,0.015267
29400,-0.062988,0.011719,1.019775,43.827,0.297710,0.938931,-0.175573
29420,-0.065674,0.012695,1.022949,43.836,0.198473,0.961832,-0.198473
29440,-0.058838,0.009033,1.021973,43.839,0.183206,1.000000,-0.076336
29460,-0.069336,0.012695,1.024902,43.883,0.267176,0.816794,-0.099237
29480,-0.065918,0.008057,1.023682,43.851,0.206107,0.954198,-0.076336
29500,-0.067139,0.005371,1.023926,43.880,0.244275,1.083969,-0.091603
29520,-0.066895,0.010742,1.024658,43.883,0.251908,1.053435,-0.137405
29540,-0.066162,0.009277,1.019531,43.871,0.183206,0.862595,-0.175573
29561,-0.064941,0.010742,1.021240,43.865,0.259542,1.045802,-0.083969
29580,-0.063477,0.007568,1.022217,43.883,0.183206,1.061069,-0.190840
29600,-0.064453,0.010986,1.018555,43.848,0.229008,1.061069,-0.175573
29620,-0.063965,0.008545,1.022461,43.848,0.244275,1.129771,-0.183206
29640,-0.064697,0.011230,1.020020,43.856,0.160305,0.984733,0.007634
29660,-0.064941,0.006348,1.026123,43.862,0.198473,0.984733,-0.053435
29680,-0.062012,0.009521,1.015381,43.856,0.236641,1.015267,-0.076336
29700,-0.062744,0.010986,1.022217,43.859,0.229008,0.916031,0.007634
29720,-0.066406,0.009277,1.027832,43.892,0.213740,1.099237,-0.083969
29740,-0.063232,0.011475,1.022461,43.865,0.259542,0.938931,-0.175573
29760,-0.063721,0.006348,1.022461,43.848,0.236641,0.923664,-0.083969
29780,-0.063965,0.008545,1.021484,43.845,0.251908,1.015267,-0.114504
29800,-0.062744,0.006104,1.027100,43.868,0.221374,0.969466,-0.206107
29820,-0.067383,0.012207,1.023193,43.854,0.244275,1.022901,-0.068702
29840,-0.066162,0.011963,1.021973,43.865,0.183206,1.053435,-0.221374
29860,-0.067383,0.005371,1.021484,43.877,0.213740,1.122137,-0.106870
29880,-0.063477,0.007568,1.022705,43.886,0.267176,1.038168,-0.152672
29900,-0.065430,0.008301,1.025146,43.892,0.137405,1.000000,-0.183206
29921,-0.064941,0.007568,1.023926,43.865,0.152672,1.038168,-0.167939
29940,-0.061035,0.009521,1.027344,43.880,0.236641,1.007634,-0.160305
29960,-0.061768,0.011475,1.023926,43.854,0.274809,1.022901,-0.091603
29980,-0.066650,0.010742,1.022705,43.865,0.145038,0.900763,-0.015267
30000,-0.064209,0.008057,1.021729,43.889,0.282443,1.083969,-0.083969
30020,-0.063721,0.007813,1.021240,43.865,0.160305,1.022901,-0.167939
30040,-0.067383,0.010986,1.018066,43.877,0.206107,0.908397,-0.053435
30060,-0.062500,0.011719,1.023926,43.854,0.274809,0.854962,-0.129771
30080,-0.066162,0.007813,1.021484,43.871,0.251908,0.984733,-0.198473
30100,-0.061279,0.008545,1.027100,43.892,0.290076,0.984733,-0.068702
30120,-0.064209,0.005859,1.024902,43.859,0.229008,0.954198,-0.145038
30140,-0.066406,0.008789,1.021729,43.851,0.244275,0.885496,-0.106870
30160,-0.064941,0.011963,1.021729,43.865,0.251908,1.007634,-0.251908
30180,-0.062744,0.008301,1.026855,43.886,0.259542,0.992366,-0.198473
30200,-0.058594,0.007568,1.020508,43.859,0.251908,1.022901,-0.122137
30220,-0.063721,0.010254,1.032471,43.877,0.312977,0.862595,-0.244275
30240,-0.061523,0.008789,1.023682,43.874,0.251908,0.931298,-0.083969
30260,-0.065430,0.010010,1.030029,43.892,0.206107,1.015267,-0.137405
30280,-0.063232,0.008057,1.024414,43.895,0.229008,0.938931,-0.045802
30301,-0.062012,0.007813,1.021484,43.874,0.251908,0.893130,-0.083969
30320,-0.063721,0.007324,1.027344,43.889,0.190840,0.923664,-0.137405
30340,-0.062012,0.006348,1.025391,43.862,0.251908,0.854962,-0.183206
30360,-0.064209,0.010986,1.025879,43.912,0.175573,1.068702,-0.076336
30380,-0.061768,0.012207,1.020996,43.859,0.213740,0.954198,-0.083969
30400,-0.062012,0.013672,1.025146,43.898,0.274809,0.954198,-0.160305
30420,-0.062012,0.010010,1.020020,43.874,0.229008,0.977099,-0.053435
30440,-0.064941,0.008789,1.025391,43.886,0.305344,1.000000,-0.251908
30460,-0.059814,0.010986,1.021973,43.865,0.236641,0.862595,-0.091603
30480,-0.063721,0.010742,1.026367,43.836,0.229008,0.908397,-0.122137
30500,-0.065918,0.013428,1.020020,43.851,0.190840,0.969466,-0.122137
30520,-0.066162,0.013428,1.030518,43.877,0.213740,0.954198,-0.122137
30540,-0.063721,0.014404,1.023682,43.839,0.167939,1.015267,-0.076336
30560,-0.066162,0.010742,1.024170,43.868,0.267176,0.908397,-0.068702
30580,-0.063477,0.011230,1.026611,43.851,0.083969,1.068702,-0.198473
30600,-0.063477,0.012695,1.024902,43.871,0.290076,0.954198,-0.129771
30620,-0.067627,0.009033,1.022461,43.883,0.160305,0.923664,-0.106870
30641,-0.068848,0.009766,1.022705,43.865,0.229008,0.954198,-0.206107
30661,-0.062500,0.010254,1.029053,43.865,0.297710,0.923664,-0.091603
30680,-0.068848,0.008301,1.018555,43.895,0.236641,0.984733,-0.167939
30700,-0.069824,0.010986,1.024414,43.862,0.259542,1.022901,-0.236641
30720,-0.063965,0.008301,1.026123,43.859,0.282443,1.015267,0.038168
30740,-0.064209,0.009033,1.028564,43.862,0.236641,0.931298,-0.152672
30760,-0.061523,0.010986,1.016113,43.859,0.229008,0.946565,-0.198473
30780,-0.065918,0.007813,1.023926,43.862,0.259542,0.916031,-0.076336
30800,-0.063721,0.013184,1.024414,43.868,0.167939,0.862595,-0.068702
30820,-0.062988,0.006836,1.019043,43.845,0.190840,0.977099,-0.022901
30840,-0.066162,0.010498,1.025879,43.851,0.259542,0.992366,-0.198473
30860,-0.060791,0.010498,1.024902,43.871,0.259542,0.992366,-0.091603
30880,-0.066895,0.007813,1.026123,43.859,0.244275,1.045802,-0.190840
30900,-0.062744,0.010498,1.022217,43.883,0.213740,0.908397,-0.160305
30920,-0.059570,0.009766,1.022217,43.868,0.351145,0.977099,0.000000
30940,-0.063477,0.011719,1.025391,43.856,0.259542,0.977099,-0.053435
30960,-0.063477,0.006348,1.015381,43.883,0.190840,0.992366,-0.122137
30980,-0.063965,0.011230,1.026855,43.871,0.221374,0.916031,-0.122137
31000,-0.062256,0.010254,1.024658,43.880,0.251908,0.893130,-0.160305
31021,-0.066162,0.012207,1.019775,43.848,0.206107,1.007634,-0.190840
31040,-0.061279,0.009766,1.028076,43.877,0.129771,1.068702,-0.183206
31060,-0.065430,0.009277,1.020508,43.833,0.244275,0.923664,-0.129771
31080,-0.067871,0.008057,1.021973,43.874,0.122137,1.030534,-0.122137
31100,-0.064697,0.008057,1.020264,43.868,0.160305,0.931298,-0.122137
31120,-0.060059,0.010254,1.021240,43.833,0.312977,0.900763,-0.076336
31140,-0.066895,0.008789,1.020752,43.865,0.251908,0.992366,-0.061069
31160,-0.067383,0.007568,1.022461,43.868,0.221374,1.030534,-0.206107
31180,-0.060791,0.010010,1.021729,43.868,0.221374,1.022901,-0.022901
31200,-0.062744,0.010010,1.018799,43.883,0.213740,1.068702,-0.175573
31220,-0.063477,0.009521,1.023438,43.842,0.251908,1.000000,-0.221374
31240,-0.063965,0.006104,1.024170,43.871,0.290076,0.931298,-0.145038
31260,-0.065186,0.009277,1.021973,43.871,0.152672,1.061069,-0.114504
31280,-0.062256,0.009521,1.025391,43.848,0.251908,1.038168,-0.129771
31300,-0.062744,0.009521,1.024414,43.854,0.167939,0.900763,-0.099237
31320,-0.060547,0.009277,1.025146,43.883,0.190840,0.969466,-0.213740
31340,-0.063721,0.013428,1.030518,43.839,0.343511,0.969466,-0.129771
31360,-0.064697,0.009766,1.017090,43.877,0.206107,0.931298,-0.122137
31380,-0.065918,0.011719,1.026123,43.871,0.267176,0.954198,-0.114504
31400,-0.060303,0.011230,1.019531,43.883,0.152672,1.007634,-0.251908
31420,-0.067139,0.007813,1.021729,43.898,0.221374,0.893130,-0.091603
31440,-0.059326,0.008057,1.024902,43.856,0.152672,1.114504,-0.114504
31460,-0.065430,0.007568,1.020264,43.851,0.183206,1.015267,-0.061069
31480,-0.063721,0.009766,1.023438,43.868,0.198473,1.053435,-0.099237
31501,-0.063477,0.010498,1.021484,43.865,0.221374,0.946565,-0.099237
31521,-0.064453,0.007324,1.023926,43.862,0.251908,0.961832,-0.160305
31540,-0.066895,0.010254,1.020264,43.859,0.183206,0.847328,-0.183206
31560,-0.061279,0.007080,1.023193,43.880,0.251908,0.954198,-0.129771
31580,-0.062500,0.011475,1.023193,43.880,0.251908,1.068702,-0.213740
31600,-0.062744,0.011963,1.019287,43.889,0.183206,0.931298,-0.038168
31620,-0.062988,0.010254,1.020508,43.886,0.229008,0.862595,-0.183206
31640,-0.067871,0.006348,1.023193,43.865,0.221374,1.000000,-0.129771
31660,-0.065186,0.005859,1.021973,43.848,0.190840,1.015267,-0.122137
31680,-0.064697,0.012695,1.020996,43.871,0.267176,1.022901,-0.183206
31700,-0.062256,0.008545,1.031494,43.851,0.114504,1.030534,-0.206107
31720,-0.063965,0.006104,1.024170,43.836,0.221374,0.969466,-0.106870
31740,-0.065918,0.013184,1.025146,43.854,0.244275,0.969466,-0.076336
31760,-0.067139,0.007568,1.022461,43.895,0.183206,0.992366,-0.206107
31780,-0.062744,0.007568,1.024902,43.865,0.236641,0.969466,-0.122137
31800,-0.065430,0.011475,1.021240,43.854,0.229008,1.076336,-0.137405
31820,-0.064209,0.007324,1.017090,43.856,0.236641,1.045802,-0.137405
31840,-0.059570,0.008057,1.021240,43.886,0.183206,1.053435,-0.160305
31860,-0.064453,0.009521,1.023438,43.868,0.183206,1.045802,-0.114504
31881,-0.062744,0.005859,1.028809,43.862,0.236641,1.061069,-0.129771
31900,-0.062988,0.011719,1.025146,43.854,0.236641,1.053435,-0.091603
31920,-0.062988,0.007813,1.018066,43.865,0.244275,1.076336,-0.328244
31940,-0.063721,0.008789,1.024414,43.833,0.213740,0.954198,-0.183206
31960,-0.065918,0.015381,1.015381,43.871,0.206107,1.030534,-0.015267
31980,-0.063477,0.008789,1.023926,43.868,0.236641,0.908397,0.015267
32000,-0.062988,0.006836,1.020508,43.859,0.175573,0.854962,-0.198473
32020,-0.065918,0.010742,1.020264,43.862,0.221374,1.038168,-0.030534
32040,-0.068115,0.005127,1.030029,43.862,0.259542,1.045802,-0.045802
32060,-0.063721,0.008545,1.023926,43.839,0.290076,1.015267,-0.061069
32080,-0.062744,0.010498,1.021484,43.889,0.274809,0.916031,-0.099237
32100,-0.062500,0.007568,1.021729,43.854,0.221374,0.984733,-0.114504
32120,-0.063721,0.009521,1.022705,43.839,0.244275,0.961832,-0.175573
32140,-0.063477,0.009766,1.021484,43.862,0.167939,1.030534,-0.167939
32160,-0.064453,0.008301,1.023438,43.883,0.251908,0.900763,-0.160305
32180,-0.063721,0.010742,1.027100,43.868,0.236641,1.022901,-0.145038
32200,-0.062988,0.007813,1.019775,43.877,0.251908,1.106870,-0.274809
32220,-0.065674,0.013428,1.024414,43.865,0.183206,0.992366,-0.183206
32241,-0.064697,0.010010,1.022949,43.877,0.274809,0.923664,-0.076336
32260,-0.062256,0.008057,1.028564,43.868,0.259542,0.969466,-0.053435
32280,-0.062744,0.003418,1.020508,43.880,0.251908,1.015267,-0.122137
32300,-0.068359,0.009033,1.020996,43.871,0.213740,1.045802,-0.068702
32320,-0.061279,0.008301,1.025635,43.859,0.251908,0.992366,-0.221374
32340,-0.063477,0.010742,1.021973,43.871,0.160305,1.068702,-0.213740
32360,-0.064941,0.009033,1.030518,43.880,0.175573,0.900763,-0.106870
32380,-0.063721,0.008301,1.025879,43.877,0.190840,0.954198,-0.083969
32400,-0.065186,0.007568,1.019531,43.856,0.244275,1.061069,-0.129771
32420,-0.062744,0.006836,1.026611,43.868,0.244275,1.045802,-0.152672
32440,-0.064209,0.008545,1.020020,43.895,0.229008,0.908397,-0.068702
32460,-0.062988,0.007080,1.021729,43.871,0.229008,0.923664,-0.030534
32480,-0.060059,0.007813,1.022461,43.886,0.244275,1.061069,-0.122137
32500,-0.065918,0.010742,1.021484,43.909,0.236641,1.015267,-0.183206
32520,-0.060791,0.010498,1.027832,43.880,0.160305,0.946565,-0.122137
32540,-0.062500,0.009521,1.028076,43.865,0.129771,0.977099,-0.183206
32560,-0.066406,0.012939,1.026123,43.874,0.236641,1.091603,-0.122137
32580,-0.063477,0.007813,1.025391,43.892,0.206107,1.076336,-0.137405
32601,-0.063721,0.008789,1.020508,43.865,0.274809,0.900763,-0.129771
32620,-0.065186,0.006836,1.020264,43.883,0.251908,1.007634,-0.038168
32640,-0.071533,0.011963,1.017822,43.856,0.122137,1.129771,-0.137405
32660,-0.065674,0.012451,1.020996,43.851,0.229008,0.977099,-0.221374
32680,-0.068115,0.008545,1.020996,43.839,0.122137,0.984733,-0.190840
32700,-0.063477,0.008789,1.018555,43.865,0.152672,1.000000,-0.099237
32720,-0.066162,0.008057,1.025635,43.874,0.183206,0.992366,-0.053435
32740,-0.067139,0.009766,1.019531,43.856,0.198473,0.870229,-0.145038
32760,-0.061768,0.008545,1.023193,43.892,0.221374,0.984733,-0.045802
32780,-0.061035,0.008545,1.027100,43.859,0.160305,0.961832,-0.198473
32800,-0.061279,0.010742,1.027344,43.854,0.236641,0.977099,-0.244275
32820,-0.064453,0.009766,1.024414,43.874,0.305344,1.045802,-0.076336
32840,-0.061523,0.007568,1.023926,43.898,0.290076,0.870229,-0.122137
32860,-0.064941,0.013428,1.028809,43.859,0.366412,1.015267,-0.206107
32880,-0.061035,0.011230,1.025146,43.856,0.282443,1.045802,-0.091603
32900,-0.064941,0.010742,1.020752,43.883,0.198473,0.877863,-0.145038
32920,-0.066162,0.008057,1.022949,43.868,0.137405,0.938931,-0.053435
32940,-0.062744,0.010498,1.022949,43.886,0.206107,0.938931,-0.160305
32961,-0.066406,0.009277,1.018799,43.871,0.198473,1.114504,-0.221374
32980,-0.060791,0.012939,1.019775,43.883,0.259542,1.007634,0.022901
33000,-0.066406,0.009766,1.020264,43.877,0.251908,1.030534,-0.152672
33020,-0.061523,0.010254,1.021973,43.889,0.198473,0.977099,-0.022901
33040,-0.065186,0.009277,1.022461,43.883,0.183206,1.022901,-0.083969
33060,-0.058838,0.010010,1.023438,43.862,0.244275,0.984733,-0.244275
33080,-0.063965,0.001953,1.024170,43.874,0.129771,0.877863,-0.129771
33100,-0.063477,0.008545,1.024170,43.868,0.213740,1.000000,-0.129771
33120,-0.066162,0.010010,1.026611,43.889,0.267176,1.007634,-0.114504
33140,-0.069092,0.008301,1.029785,43.886,0.297710,0.961832,-0.198473
33160,-0.061768,0.005371,1.023438,43.883,0.145038,1.030534,-0.129771
33180,-0.062256,0.010986,1.020264,43.880,0.175573,1.106870,-0.137405
33200,-0.065186,0.009277,1.028320,43.865,0.236641,0.908397,-0.145038
33220,-0.063721,0.012695,1.025635,43.874,0.206107,0.923664,-0.137405
33240,-0.062744,0.003418,1.020996,43.877,0.244275,0.946565,-0.076336
33260,-0.062012,0.012207,1.022461,43.874,0.221374,1.000000,0.061069
33280,-0.064697,0.008301,1.026611,43.868,0.282443,0.900763,-0.137405
33300,-0.064209,0.005859,1.020508,43.895,0.190840,1.015267,-0.145038
33321,-0.066650,0.009521,1.030762,43.862,0.167939,0.885496,-0.137405
33340,-0.064209,0.010986,1.018799,43.877,0.259542,1.007634,-0.221374
33360,-0.062744,0.005859,1.022217,43.915,0.190840,1.083969,-0.236641
33380,-0.067139,0.005371,1.020264,43.871,0.175573,1.030534,0.015267
33400,-0.062988,0.009277,1.022705,43.859,0.053435,0.977099,-0.114504
33420,-0.060547,0.009277,1.021484,43.877,0.335878,0.847328,-0.145038
33440,-0.061768,0.011475,1.022217,43.854,0.267176,0.984733,-0.099237
33460,-0.065430,0.009033,1.021484,43.892,0.229008,0.984733,-0.083969
33480,-0.063965,0.011230,1.020020,43.874,0.297710,0.893130,-0.099237
33500,-0.067383,0.012939,1.027588,43.877,0.267176,1.007634,-0.137405
33520,-0.061523,0.007324,1.023193,43.877,0.061069,1.083969,-0.167939
33540,-0.064941,0.008057,1.021240,43.883,0.290076,1.000000,-0.091603
33560,-0.060547,0.009766,1.026367,43.880,0.229008,0.908397,-0.015267
33580,-0.062500,0.009033,1.022461,43.880,0.274809,1.068702,-0.229008
33600,-0.066406,0.007324,1.026367,43.886,0.137405,1.122137,-0.068702
33620,-0.064941,0.013672,1.024902,43.877,0.244275,0.938931,-0.122137
33640,-0.065430,0.005615,1.023438,43.868,0.229008,0.977099,-0.145038
33660,-0.065674,0.008057,1.022461,43.883,0.167939,0.961832,-0.061069
33680,-0.066895,0.010010,1.023438,43.862,0.221374,1.007634,0.000000
33700,-0.062744,0.011475,1.022705,43.880,0.236641,1.007634,-0.122137
33720,-0.066895,0.010742,1.020752,43.883,0.091603,1.038168,-0.106870
33740,-0.062988,0.010010,1.024170,43.865,0.206107,0.885496,-0.068702
33760,-0.062256,0.005371,1.025146,43.871,0.229008,0.969466,-0.190840
33780,-0.063477,0.011230,1.028564,43.892,0.244275,1.114504,-0.167939
33800,-0.065430,0.012695,1.020264,43.868,0.244275,0.992366,-0.137405
33821,-0.064453,0.008789,1.024658,43.892,0.221374,0.900763,-0.190840
33841,-0.064209,0.007813,1.026367,43.859,0.259542,1.015267,-0.167939
33860,-0.063232,0.009521,1.023438,43.880,0.244275,0.992366,-0.221374
33880,-0.062012,0.010010,1.025391,43.859,0.175573,0.900763,-0.274809
33900,-0.065674,0.012207,1.021973,43.868,0.297710,0.977099,-0.167939
33920,-0.063232,0.008057,1.018311,43.862,0.076336,1.007634,0.007634
33940,-0.064697,0.011719,1.027588,43.862,0.351145,0.923664,-0.129771
33960,-0.062256,0.010010,1.028076,43.895,0.267176,0.977099,-0.091603
33980,-0.064209,0.009521,1.028076,43.865,0.213740,0.885496,-0.045802
34000,-0.069092,0.005615,1.022949,43.889,0.183206,0.893130,-0.152672
34020,-0.062500,0.010254,1.023193,43.862,0.061069,1.022901,-0.206107
34040,-0.061768,0.008545,1.028809,43.889,0.229008,1.106870,-0.022901
34060,-0.064453,0.014160,1.020752,43.918,0.229008,1.022901,-0.137405
34080,-0.063721,0.009277,1.024658,43.868,0.274809,0.961832,-0.213740
34100,-0.065674,0.007813,1.024902,43.895,0.236641,1.038168,-0.022901
34120,-0.063721,0.008301,1.025879,43.874,0.290076,0.977099,-0.038168
34140,-0.067383,0.005371,1.028320,43.874,0.259542,1.045802,-0.122137
34160,-0.063721,0.005371,1.022705,43.874,0.206107,1.030534,-0.030534
34180,-0.063721,0.009033,1.022949,43.865,0.145038,0.984733,-0.160305
34200,-0.063477,0.006104,1.024902,43.868,0.206107,1.015267,-0.091603
34221,-0.065186,0.009277,1.022949,43.862,0.198473,0.946565,0.007634
34240,-0.067871,0.003906,1.025879,43.898,0.236641,0.824428,-0.122137
34260,-0.064697,0.009766,1.021240,43.865,0.267176,0.931298,-0.129771
34280,-0.065430,0.008789,1.027100,43.877,0.145038,0.931298,-0.061069
34300,-0.070313,0.006592,1.019531,43.874,0.206107,1.045802,-0.137405
34320,-0.062988,0.010254,1.026367,43.859,0.167939,1.083969,-0.099237
34340,-0.068848,0.007080,1.020996,43.886,0.206107,0.862595,-0.175573
34360,-0.066650,0.012207,1.025391,43.880,0.229008,0.946565,-0.198473
34380,-0.063721,0.006348,1.022949,43.901,0.320611,0.992366,-0.236641
34400,-0.064453,0.012451,1.027344,43.883,0.213740,0.961832,-0.106870
34420,-0.060547,0.009033,1.022705,43.889,0.290076,0.877863,-0.145038
34440,-0.060059,0.009033,1.019287,43.877,0.221374,1.053435,-0.030534
34460,-0.066650,0.010498,1.019287,43.889,0.129771,1.015267,-0.259542
34480,-0.061035,0.007324,1.022461,43.883,0.297710,1.022901,-0.091603
34500,-0.060547,0.012695,1.020996,43.877,0.236641,0.969466,-0.129771
34520,-0.063721,0.008789,1.025879,43.898,0.221374,1.000000,-0.152672
34540,-0.061523,0.005371,1.022949,43.839,0.206107,0.984733,-0.175573
34560,-0.060303,0.004883,1.027100,43.862,0.190840,1.007634,-0.229008
34581,-0.066650,0.009277,1.019775,43.877,0.259542,1.076336,-0.175573
34600,-0.060791,0.010498,1.021973,43.856,0.229008,1.083969,-0.145038
34620,-0.066895,0.008301,1.021973,43.877,0.175573,1.022901,0.015267
34640,-0.062256,0.009766,1.023438,43.904,0.274809,0.938931,-0.198473
34660,-0.061523,0.007080,1.025879,43.862,0.167939,0.992366,-0.167939
34680,-0.064209,0.009766,1.024902,43.889,0.259542,1.015267,-0.053435
34700,-0.064697,0.006836,1.023438,43.874,0.259542,1.114504,-0.152672
34720,-0.064209,0.011719,1.025391,43.886,0.236641,1.022901,-0.122137
34740,-0.065430,0.008789,1.018066,43.874,0.236641,0.931298,-0.152672
34760,-0.067383,0.012695,1.021484,43.880,0.251908,1.000000,-0.183206
34780,-0.064697,0.008301,1.018799,43.868,0.175573,1.000000,-0.099237
34800,-0.067871,0.010254,1.019531,43.874,0.106870,1.015267,-0.152672
34820,-0.069336,0.008057,1.020996,43.874,0.221374,1.068702,-0.068702
34840,-0.067383,0.009033,1.025146,43.868,0.206107,0.961832,0.000000
34860,-0.063477,0.011230,1.022949,43.868,0.274809,0.923664,-0.137405
34880,-0.062500,0.008301,1.024414,43.880,0.244275,1.053435,-0.221374
34900,-0.064941,0.009033,1.023682,43.871,0.259542,0.977099,-0.152672
34920,-0.060303,0.006836,1.026367,43.868,0.236641,1.022901,-0.145038
34941,-0.062744,0.011475,1.025635,43.880,0.190840,1.015267,-0.137405
34960,-0.062012,0.007080,1.021484,43.877,0.213740,1.000000,-0.114504
34980,-0.064941,0.011230,1.026611,43.880,0.236641,0.801527,-0.022901
35000,-0.061523,0.011230,1.020996,43.898,0.221374,1.045802,-0.145038
35020,-0.061523,0.010498,1.026611,43.877,0.167939,1.000000,-0.099237
35040,-0.064453,0.008301,1.023193,43.898,0.137405,0.969466,-0.175573
35060,-0.064453,0.011475,1.023438,43.874,0.213740,1.091603,-0.122137
35080,-0.062012,0.013184,1.020020,43.880,0.267176,1.045802,0.053435
35100,-0.062256,0.012451,1.023438,43.898,0.282443,0.923664,-0.221374
35120,-0.063477,0.010498,1.022461,43.883,0.099237,1.015267,-0.061069
35140,-0.064209,0.007080,1.023926,43.883,0.297710,0.923664,-0.145038
35160,-0.062988,0.009521,1.025635,43.904,0.221374,1.000000,-0.099237
35180,-0.066162,0.010498,1.023193,43.868,0.244275,1.083969,-0.007634
35200,-0.060547,0.010742,1.021973,43.865,0.274809,0.961832,-0.106870
35220,-0.067139,0.008789,1.024902,43.886,0.259542,0.992366,-0.076336
35240,-0.065674,0.012939,1.025146,43.868,0.167939,0.938931,-0.160305
35260,-0.065430,0.009766,1.020996,43.868,0.122137,1.007634,-0.145038
35280,-0.064697,0.007813,1.028076,43.883,0.213740,1.045802,-0.236641
35301,-0.062744,0.008301,1.027344,43.868,0.267176,1.061069,0.000000
35320,-0.064941,0.009277,1.019043,43.892,0.236641,1.030534,-0.083969
35340,-0.064209,0.010986,1.024414,43.880,0.290076,1.145038,-0.030534
35360,-0.061279,0.006836,1.026367,43.883,0.274809,0.954198,-0.122137
35380,-0.062012,0.004883,1.025146,43.883,0.274809,1.068702,-0.152672
35400,-0.060547,0.007568,1.024902,43.892,0.244275,0.938931,-0.213740
35420,-0.064941,0.008545,1.022461,43.877,0.267176,0.824428,-0.267176
35440,-0.063965,0.010498,1.025635,43.859,0.183206,1.000000,-0.114504
35460,-0.062744,0.009521,1.021973,43.895,0.290076,1.022901,-0.099237
35480,-0.064209,0.010498,1.020752,43.874,0.267176,1.068702,-0.274809
35500,-0.063232,0.011230,1.024658,43.883,0.282443,0.885496,-0.152672
35520,-0.065674,0.009033,1.021729,43.868,0.244275,0.839695,-0.083969
35540,-0.065186,0.005127,1.020996,43.883,0.175573,0.984733,-0.122137
35560,-0.064697,0.009521,1.027344,43.883,0.221374,1.045802,-0.221374
35580,-0.064941,0.009277,1.024170,43.874,0.267176,0.984733,-0.160305
35600,-0.064453,0.010498,1.025635,43.880,0.251908,1.015267,-0.083969
35620,-0.064941,0.010742,1.027100,43.871,0.213740,0.946565,-0.175573
35640,-0.064209,0.009277,1.022705,43.874,0.274809,1.030534,-0.175573
35661,-0.062012,0.008301,1.026367,43.877,0.229008,1.022901,-0.152672
35680,-0.065674,0.007813,1.019775,43.889,0.206107,1.114504,-0.175573
35700,-0.063232,0.012207,1.030273,43.883,0.297710,0.900763,-0.183206
35720,-0.065186,0.008057,1.025146,43.862,0.175573,0.992366,-0.198473
35740,-0.068115,0.006592,1.027100,43.892,0.312977,0.793893,-0.099237
35760,-0.065674,0.009033,1.022217,43.886,0.320611,0.893130,-0.030534
35780,-0.064697,0.007080,1.026367,43.874,0.221374,1.022901,-0.068702
35800,-0.063721,0.009277,1.020020,43.877,0.099237,0.908397,-0.076336
35820,-0.069092,0.010010,1.024658,43.918,0.175573,0.916031,-0.122137
35840,-0.059326,0.007080,1.025635,43.889,0.206107,1.091603,-0.152672
35860,-0.061768,0.009766,1.022949,43.886,0.137405,1.053435,-0.129771
35880,-0.064941,0.007080,1.020264,43.892,0.175573,0.938931,-0.160305
35900,-0.069580,0.009277,1.024170,43.886,0.190840,1.015267,-0.167939
35920,-0.064697,0.012695,1.022705,43.862,0.198473,0.954198,-0.175573
35940,-0.064941,0.011475,1.019043,43.883,0.244275,0.931298,-0.175573
35960,-0.063232,0.008789,1.018555,43.883,0.236641,1.106870,-0.030534
35980,-0.066650,0.013184,1.024414,43.880,0.274809,0.877863,-0.122137
36000,-0.059814,0.010498,1.022705,43.865,0.305344,0.946565,-0.145038
36021,-0.059570,0.009766,1.021484,43.901,0.167939,1.061069,-0.129771
36040,-0.065674,0.011963,1.025146,43.859,0.137405,1.000000,-0.083969
36060,-0.067139,0.008057,1.026123,43.871,0.160305,1.000000,-0.068702
36080,-0.062744,0.010254,1.021729,43.889,0.290076,0.908397,-0.122137
36100,-0.062744,0.010742,1.023926,43.883,0.175573,0.961832,-0.183206
36120,-0.061035,0.010254,1.020996,43.895,0.251908,0.908397,-0.038168
36140,-0.065186,0.009766,1.024170,43.906,0.206107,0.885496,-0.129771
36160,-0.067871,0.004639,1.022705,43.851,0.221374,0.900763,-0.083969
36181,-0.064697,0.007080,1.021484,43.865,0.229008,1.000000,-0.160305
36200,-0.063232,0.007324,1.022461,43.880,0.198473,1.145038,-0.114504
36220,-0.063232,0.009766,1.022461,43.877,0.305344,0.893130,0.015267
36240,-0.063721,0.011719,1.019775,43.883,0.221374,1.061069,-0.251908
36260,-0.065186,0.009033,1.026123,43.883,0.221374,0.900763,-0.083969
36280,-0.060303,0.009277,1.023193,43.862,0.152672,1.068702,-0.190840
36300,-0.064209,0.007813,1.027344,43.880,0.160305,0.954198,-0.114504
36320,-0.065186,0.012207,1.023438,43.886,0.229008,0.984733,-0.083969
36340,-0.062988,0.010986,1.022949,43.877,0.190840,1.015267,-0.083969
36360,-0.068359,0.006592,1.021240,43.871,0.137405,1.236641,-0.076336
36380,-0.064209,0.007324,1.025879,43.856,0.229008,0.992366,-0.091603
36400,-0.068604,0.007324,1.022461,43.883,0.229008,1.038168,-0.053435
36420,-0.065430,0.013184,1.019043,43.889,0.221374,0.885496,-0.053435
36440,-0.062256,0.009521,1.021729,43.892,0.198473,0.862595,-0.106870
36460,-0.065674,0.009766,1.031494,43.874,0.160305,1.000000,-0.160305
36480,-0.064941,0.009521,1.022949,43.901,0.183206,1.114504,-0.221374
36500,-0.063721,0.008301,1.026123,43.874,0.320611,0.900763,-0.045802
36520,-0.062012,0.010010,1.020996,43.901,0.198473,0.961832,-0.160305
36541,-0.062500,0.005615,1.020508,43.883,0.160305,0.969466,-0.099237
36561,-0.062988,0.007080,1.027588,43.880,0.236641,0.954198,-0.145038
36580,-0.059326,0.011475,1.022217,43.898,0.213740,1.114504,-0.053435
36600,-0.062988,0.009277,1.028564,43.854,0.175573,1.068702,-0.152672
36620,-0.062500,0.013916,1.023682,43.889,0.175573,0.954198,-0.099237
36640,-0.061768,0.006836,1.022705,43.871,0.167939,0.984733,-0.137405
36660,-0.064697,0.011475,1.029053,43.909,0.160305,0.992366,-0.137405
36680,-0.063477,0.006836,1.020996,43.924,0.190840,0.916031,-0.160305
36700,-0.063477,0.008057,1.022705,43.898,0.152672,1.076336,-0.129771
36720,-0.065430,0.008545,1.025391,43.868,0.305344,0.984733,-0.091603
36740,-0.062500,0.010986,1.023926,43.883,0.244275,0.969466,-0.076336
36760,-0.066895,0.008057,1.026855,43.865,0.259542,0.946565,-0.030534
36780,-0.066406,0.011719,1.018311,43.868,0.198473,0.977099,-0.137405
36800,-0.066162,0.009277,1.028076,43.886,0.267176,1.000000,-0.129771
36820,-0.065918,0.010254,1.027344,43.865,0.282443,0.984733,-0.114504
36840,-0.062988,0.012207,1.020264,43.868,0.129771,0.908397,-0.076336
36860,-0.066162,0.008789,1.024658,43.883,0.251908,0.954198,-0.206107
36880,-0.063477,0.006592,1.020264,43.901,0.152672,1.015267,-0.145038
36900,-0.068359,0.007813,1.022705,43.889,0.122137,0.961832,-0.160305
36921,-0.060791,0.010986,1.022705,43.904,0.183206,0.984733,-0.091603
36940,-0.059814,0.007568,1.022217,43.892,0.244275,0.916031,-0.167939
36960,-0.063232,0.005615,1.021484,43.883,0.175573,0.984733,-0.030534
36980,-0.063477,0.009033,1.023438,43.874,0.213740,1.053435,-0.053435
37000,-0.063721,0.013916,1.026367,43.901,0.282443,0.931298,-0.122137
37020,-0.059570,0.009033,1.025879,43.889,0.145038,0.954198,-0.221374
37040,-0.062988,0.007813,1.026367,43.833,0.175573,0.900763,-0.083969
37060,-0.063721,0.009277,1.028809,43.874,0.251908,1.076336,-0.061069
37080,-0.067627,0.008789,1.023438,43.889,0.221374,0.954198,-0.061069
37100,-0.063965,0.009033,1.028809,43.895,0.236641,0.916031,-0.160305
37120,-0.063477,0.008545,1.022949,43.895,0.221374,0.954198,-0.083969
37140,-0.066406,0.011230,1.023682,43.862,0.152672,0.969466,-0.160305
37160,-0.064697,0.006836,1.021973,43.898,0.274809,0.916031,-0.190840
37180,-0.063965,0.010254,1.016846,43.898,0.129771,0.992366,-0.229008
37200,-0.064697,0.010498,1.033691,43.886,0.213740,0.969466,-0.106870
37220,-0.061523,0.007324,1.028076,43.889,0.244275,1.015267,-0.061069
37240,-0.063965,0.006836,1.020264,43.889,0.236641,0.969466,-0.114504
37260,-0.064697,0.010498,1.020996,43.889,0.320611,0.801527,-0.106870
37280,-0.064941,0.012207,1.017822,43.906,0.267176,0.923664,-0.160305
37301,-0.066650,0.007080,1.021973,43.909,0.129771,1.000000,-0.259542
37320,-0.067383,0.010742,1.022705,43.848,0.290076,0.778626,-0.053435
37340,-0.064453,0.006104,1.028564,43.892,0.290076,0.977099,-0.099237
37360,-0.064453,0.011719,1.017334,43.865,0.145038,1.045802,-0.045802
37380,-0.062256,0.010254,1.022217,43.886,0.213740,0.969466,-0.114504
37400,-0.065430,0.008057,1.026367,43.889,0.290076,0.916031,-0.053435
37420,-0.066650,0.007813,1.025635,43.880,0.167939,1.114504,-0.091603
37440,-0.063721,0.009277,1.029541,43.883,0.175573,1.091603,-0.160305
37460,-0.065430,0.010742,1.021729,43.883,0.152672,1.007634,-0.160305
37480,-0.061768,0.007080,1.024170,43.895,0.251908,0.961832,-0.106870
37500,-0.066162,0.009277,1.030029,43.871,0.267176,0.954198,-0.137405
37520,-0.064209,0.011475,1.027100,43.889,0.183206,0.854962,-0.167939
37540,-0.063965,0.009277,1.028076,43.877,0.236641,0.870229,-0.045802
37560,-0.066162,0.008545,1.026123,43.868,0.251908,0.992366,-0.129771
37580,-0.066162,0.011230,1.024902,43.892,0.145038,1.022901,-0.076336
37600,-0.064697,0.005371,1.019531,43.886,0.206107,0.931298,-0.083969
37620,-0.059570,0.008545,1.023193,43.880,0.213740,1.015267,-0.053435
37640,-0.063721,0.009521,1.024414,43.898,0.198473,0.954198,-0.061069
37661,-0.067139,0.012451,1.022949,43.901,0.251908,1.053435,-0.106870
37680,-0.059570,0.008301,1.022461,43.889,0.251908,0.954198,-0.038168
37700,-0.064453,0.010010,1.024414,43.895,0.160305,1.122137,-0.114504
37720,-0.064453,0.008057,1.017578,43.877,0.213740,0.938931,-0.099237
37740,-0.059082,0.004395,1.022461,43.889,0.267176,1.015267,-0.152672
37760,-0.070313,0.014404,1.024658,43.895,0.389313,1.015267,-0.175573
37780,-0.062012,0.009033,1.022461,43.898,0.259542,0.877863,-0.038168
37800,-0.065430,0.009277,1.025635,43.871,0.282443,0.946565,-0.061069
37820,-0.063965,0.007568,1.026367,43.901,0.183206,1.061069,-0.190840
37840,-0.062500,0.011230,1.026611,43.895,0.236641,1.030534,-0.076336
37860,-0.066650,0.011475,1.023926,43.880,0.221374,0.969466,-0.114504
37880,-0.061523,0.012207,1.021973,43.898,0.282443,0.916031,-0.030534
37900,-0.065674,0.009766,1.026611,43.877,0.236641,0.954198,-0.160305
37920,-0.063965,0.012451,1.022217,43.877,0.229008,0.946565,-0.129771
37940,-0.062988,0.010742,1.025635,43.874,0.167939,0.984733,-0.061069
37960,-0.061768,0.011230,1.026855,43.871,0.213740,0.809160,-0.122137
37980,-0.064941,0.010986,1.028076,43.898,0.221374,0.954198,-0.190840
38000,-0.065918,0.007324,1.018555,43.871,0.213740,0.992366,-0.076336
38021,-0.062256,0.010498,1.015381,43.868,0.137405,1.038168,-0.061069
38040,-0.064697,0.006348,1.024902,43.904,0.221374,0.984733,-0.244275
38060,-0.060547,0.008545,1.019043,43.889,0.175573,1.015267,-0.099237
38080,-0.061523,0.009033,1.028320,43.898,0.152672,1.061069,-0.190840
38100,-0.064941,0.009277,1.021973,43.909,0.221374,1.030534,-0.106870
38120,-0.063477,0.009277,1.021240,43.883,0.229008,1.015267,-0.145038
38140,-0.066162,0.010254,1.019775,43.874,0.167939,1.099237,-0.122137
38160,-0.063232,0.011475,1.025391,43.883,0.244275,0.916031,-0.045802
38180,-0.063721,0.008301,1.031006,43.880,0.259542,1.053435,-0.076336
38200,-0.064453,0.008301,1.021973,43.877,0.267176,1.038168,-0.206107
38220,-0.066162,0.008545,1.021729,43.892,0.274809,0.969466,-0.053435
38240,-0.063965,0.011719,1.019775,43.862,0.305344,0.916031,-0.114504
38260,-0.059814,0.009033,1.021729,43.895,0.198473,1.038168,-0.106870
38280,-0.067627,0.010010,1.015869,43.880,0.206107,1.183206,-0.145038
38300,-0.064453,0.007080,1.024658,43.886,0.152672,0.893130,-0.022901
38320,-0.063477,0.009277,1.017822,43.874,0.206107,0.931298,-0.038168
38340,-0.064453,0.007080,1.017090,43.877,0.351145,1.000000,-0.137405
38360,-0.059570,0.011963,1.019531,43.877,0.183206,0.969466,-0.221374
38381,-0.063477,0.007568,1.025879,43.877,0.152672,1.000000,-0.145038
38401,-0.065186,0.008057,1.014893,43.901,0.206107,0.923664,-0.198473
38420,-0.064697,0.006592,1.022461,43.901,0.206107,1.030534,-0.183206
38440,-0.063721,0.006104,1.025146,43.889,0.198473,0.977099,-0.099237
38460,-0.065430,0.008545,1.027100,43.877,0.160305,0.961832,-0.038168
38480,-0.061035,0.012207,1.016357,43.877,0.160305,0.961832,-0.122137
38500,-0.065186,0.010742,1.021484,43.877,0.183206,1.007634,0.022901
38520,-0.063477,0.011230,1.029297,43.883,0.244275,0.816794,-0.114504
38540,-0.064697,0.009033,1.025879,43.877,0.221374,1.022901,-0.236641
38560,-0.067139,0.009521,1.023193,43.912,0.190840,0.961832,-0.099237
38580,-0.062988,0.007080,1.025391,43.880,0.259542,0.893130,-0.091603
38600,-0.061279,0.007568,1.018066,43.880,0.305344,0.839695,-0.076336
38620,-0.065674,0.010010,1.020020,43.877,0.244275,1.007634,-0.129771
38640,-0.063721,0.009033,1.030273,43.886,0.183206,0.908397,-0.030534
38660,-0.062988,0.010254,1.019287,43.877,0.183206,1.022901,-0.091603
38680,-0.066406,0.007080,1.022705,43.898,0.305344,0.977099,-0.091603
38700,-0.062988,0.009277,1.022949,43.859,0.274809,1.053435,-0.068702
38720,-0.063965,0.006104,1.022461,43.871,0.206107,0.931298,-0.091603
38740,-0.062744,0.009766,1.026611,43.880,0.198473,0.977099,-0.045802
38760,-0.063477,0.012207,1.022705,43.886,0.160305,0.946565,-0.068702
38780,-0.065186,0.008301,1.021484,43.880,0.236641,0.969466,-0.206107
38800,-0.062256,0.006104,1.022949,43.877,0.160305,0.885496,-0.213740
38820,-0.064453,0.007813,1.018799,43.883,0.213740,0.877863,-0.038168
38840,-0.066162,0.010742,1.025391,43.868,0.351145,0.854962,-0.145038
38860,-0.060791,0.006348,1.021484,43.886,0.152672,1.045802,-0.068702
38880,-0.060547,0.007568,1.022705,43.901,0.213740,1.022901,-0.068702
38901,-0.065674,0.007324,1.020264,43.880,0.274809,0.938931,-0.091603
38920,-0.061035,0.010254,1.018311,43.898,0.167939,0.946565,-0.183206
38940,-0.063721,0.011719,1.027100,43.883,0.282443,0.938931,-0.061069
38960,-0.061035,0.004639,1.028809,43.877,0.335878,0.900763,-0.175573
38980,-0.066406,0.011475,1.022461,43.865,0.320611,0.992366,-0.129771
39000,-0.064453,0.010986,1.022949,43.862,0.274809,0.854962,-0.106870
39020,-0.061523,0.010498,1.025391,43.895,0.251908,0.992366,-0.099237
39040,-0.064453,0.008301,1.028564,43.892,0.244275,1.022901,-0.061069
39060,-0.068115,0.008789,1.019043,43.892,0.297710,0.977099,-0.198473
39080,-0.064941,0.008789,1.025146,43.871,0.190840,1.000000,-0.083969
39100,-0.063965,0.007568,1.024658,43.883,0.198473,0.969466,-0.198473
39120,-0.062988,0.009277,1.027588,43.877,0.160305,1.137405,-0.083969
39140,-0.060791,0.010010,1.023438,43.906,0.183206,0.854962,-0.068702
39160,-0.067383,0.012207,1.019531,43.868,0.251908,1.015267,-0.259542
39180,-0.060791,0.007080,1.030273,43.892,0.190840,0.946565,-0.213740
39200,-0.068848,0.012207,1.025391,43.886,0.251908,1.038168,-0.091603
39220,-0.063721,0.010010,1.023193,43.856,0.213740,1.045802,-0.190840
39240,-0.061523,0.009521,1.026123,43.877,0.221374,1.106870,-0.091603
39260,-0.060791,0.011475,1.022461,43.848,0.129771,0.931298,-0.122137
39281,-0.064697,0.010010,1.022217,43.865,0.236641,0.946565,-0.145038
39300,-0.066406,0.009521,1.029541,43.906,0.244275,0.969466,-0.053435
39320,-0.064209,0.007568,1.024170,43.871,0.305344,1.160305,-0.129771
39340,-0.066162,0.011475,1.020264,43.895,0.160305,0.961832,-0.083969
39360,-0.065430,0.005371,1.031250,43.892,0.183206,0.992366,-0.076336
39380,-0.068115,0.008545,1.031006,43.886,0.251908,0.923664,-0.198473
39400,-0.060791,0.010742,1.016357,43.898,0.190840,0.954198,-0.198473
39420,-0.059570,0.010986,1.026367,43.906,0.221374,1.045802,-0.099237
39440,-0.061279,0.009521,1.022217,43.880,0.251908,1.061069,-0.175573
39460,-0.067383,0.011963,1.024902,43.874,0.190840,0.923664,-0.114504
39480,-0.064697,0.008301,1.024414,43.883,0.213740,0.923664,-0.129771
39500,-0.060791,0.004883,1.022949,43.883,0.198473,0.954198,-0.068702
39520,-0.062012,0.013428,1.027344,43.871,0.206107,1.030534,-0.244275
39540,-0.060059,0.010742,1.021240,43.877,0.206107,1.015267,-0.198473
39560,-0.065918,0.009521,1.021973,43.892,0.175573,0.954198,-0.091603
39580,-0.058350,0.009521,1.024170,43.880,0.244275,0.916031,-0.053435
39600,-0.064941,0.008545,1.025146,43.886,0.213740,1.000000,-0.167939
39620,-0.066162,0.009277,1.024414,43.868,0.221374,0.984733,-0.213740
39641,-0.067383,0.006592,1.018311,43.871,0.290076,0.969466,-0.068702
39660,-0.062988,0.009766,1.020996,43.892,0.190840,0.992366,-0.068702
39680,-0.065674,0.008545,1.024170,43.877,0.274809,0.977099,-0.129771
39700,-0.063477,0.009033,1.019775,43.901,0.183206,1.038168,-0.137405
39720,-0.060791,0.008545,1.024414,43.886,0.229008,0.984733,-0.114504
39740,-0.065674,0.003906,1.014160,43.921,0.190840,0.938931,-0.167939
39760,-0.063232,0.009766,1.027588,43.909,0.152672,1.000000,-0.083969
39780,-0.059326,0.008789,1.026367,43.880,0.312977,1.030534,-0.038168
39800,-0.064941,0.008789,1.020264,43.862,0.229008,1.076336,-0.190840
39820,-0.066406,0.009277,1.026367,43.889,0.167939,1.000000,-0.175573
39840,-0.067627,0.008301,1.022461,43.898,0.183206,1.000000,-0.007634
39860,-0.062012,0.003418,1.027344,43.901,0.190840,1.007634,-0.129771
39880,-0.062988,0.009766,1.026123,43.886,0.213740,1.114504,-0.183206
39900,-0.062744,0.010986,1.013184,43.865,0.198473,1.038168,-0.106870
39920,-0.064209,0.007080,1.012695,43.874,0.190840,0.877863,-0.213740
39940,-0.060059,0.010010,1.020020,43.868,0.160305,1.022901,-0.129771
39960,-0.068848,0.008057,1.024170,43.895,0.198473,1.045802,-0.053435
39980,-0.061768,0.010742,1.022461,43.868,0.137405,1.030534,-0.175573
40001,-0.065186,0.007324,1.019043,43.898,0.183206,0.961832,-0.106870
40020,-0.061035,0.007324,1.017822,43.883,0.236641,1.000000,0.022901
40040,-0.061279,0.011475,1.024414,43.886,0.221374,0.870229,-0.160305
40060,-0.064209,0.009033,1.019043,43.883,0.229008,0.977099,-0.137405
40080,-0.061035,0.008057,1.024658,43.868,0.183206,1.053435,-0.206107
40100,-0.061035,0.010010,1.022217,43.898,0.251908,0.984733,-0.015267
40120,-0.064453,0.003662,1.021973,43.842,0.274809,0.778626,0.022901
40140,-0.065430,0.007568,1.028320,43.874,0.213740,1.000000,-0.190840
40160,-0.063477,0.006592,1.025635,43.895,0.312977,0.893130,-0.145038
40180,-0.062500,0.010010,1.023438,43.915,0.229008,0.961832,-0.145038
40200,-0.060059,0.007813,1.031494,43.895,0.297710,0.946565,-0.129771
40220,-0.065186,0.011963,1.020752,43.868,0.358779,0.946565,-0.122137
40240,-0.062744,0.010010,1.021973,43.889,0.183206,0.969466,-0.114504
40260,-0.063965,0.007813,1.019043,43.883,0.122137,0.992366,-0.129771
40280,-0.062988,0.009277,1.024170,43.892,0.190840,0.992366,-0.229008
40300,-0.063232,0.008545,1.018799,43.871,0.236641,1.091603,-0.099237
40320,-0.060059,0.006104,1.025146,43.883,0.251908,1.022901,-0.030534
40340,-0.058838,0.010498,1.019775,43.877,0.152672,1.145038,-0.236641
40361,-0.062988,0.009033,1.017090,43.868,0.152672,1.038168,-0.145038
40380,-0.062744,0.010010,1.022705,43.883,0.213740,0.916031,-0.160305
40400,-0.066162,0.006592,1.020508,43.886,0.251908,1.129771,-0.190840
40420,-0.058838,0.007568,1.020752,43.868,0.312977,0.961832,-0.152672
40440,-0.062988,0.009766,1.023682,43.915,0.190840,1.122137,-0.206107
40460,-0.065674,0.005127,1.025391,43.874,0.251908,0.923664,-0.152672
40480,-0.063477,0.008057,1.021484,43.886,0.305344,1.022901,-0.038168
40500,-0.064209,0.007324,1.023926,43.892,0.229008,0.984733,-0.190840
40520,-0.062988,0.006348,1.020264,43.895,0.213740,0.984733,-0.030534
40540,-0.064941,0.005371,1.026855,43.912,0.236641,0.954198,-0.190840
40560,-0.065674,0.009033,1.019775,43.886,0.152672,0.946565,-0.175573
40580,-0.065186,0.010986,1.024658,43.871,0.122137,1.007634,-0.190840
40600,-0.063477,0.002930,1.019531,43.889,0.267176,1.022901,-0.030534
40620,-0.067383,0.009766,1.018311,43.895,0.259542,0.885496,-0.137405
40640,-0.066895,0.009521,1.025879,43.892,0.190840,0.992366,-0.076336
40660,-0.060547,0.006348,1.026611,43.874,0.221374,1.068702,-0.175573
40680,-0.063721,0.011719,1.019043,43.877,0.175573,1.030534,-0.145038
40700,-0.063721,0.008545,1.022705,43.895,0.236641,1.000000,-0.152672
40720,-0.061279,0.007813,1.025146,43.868,0.267176,1.061069,-0.114504
40741,-0.064453,0.009033,1.016602,43.918,0.183206,0.992366,-0.213740
40760,-0.060791,0.007324,1.022949,43.904,0.137405,1.038168,-0.206107
40780,-0.065918,0.005859,1.025146,43.904,0.229008,1.083969,-0.122137
40800,-0.066162,0.005859,1.022217,43.895,0.229008,0.946565,-0.221374
40820,-0.068604,0.009033,1.026367,43.886,0.221374,0.946565,-0.160305
40840,-0.064209,0.013184,1.027832,43.883,0.206107,0.885496,-0.167939
40860,-0.065674,0.007813,1.024658,43.898,0.221374,0.893130,-0.175573
40880,-0.064941,0.010010,1.026367,43.886,0.221374,0.900763,-0.061069
40900,-0.064453,0.007568,1.021240,43.901,0.244275,1.007634,-0.137405
40920,-0.061035,0.007568,1.025635,43.909,0.251908,1.007634,-0.183206
40940,-0.064453,0.009766,1.021484,43.877,0.267176,0.923664,-0.145038
40960,-0.062988,0.006592,1.019287,43.892,0.244275,0.916031,-0.175573
40980,-0.058350,0.008301,1.021484,43.886,0.251908,0.900763,-0.145038
41000,-0.060547,0.011230,1.028320,43.895,0.320611,0.969466,-0.206107
41020,-0.062500,0.009033,1.027832,43.904,0.152672,1.038168,-0.152672
41040,-0.063477,0.008545,1.020508,43.874,0.274809,0.938931,-0.183206
41060,-0.064453,0.007080,1.022705,43.871,0.221374,0.954198,-0.221374
41080,-0.065674,0.009521,1.031982,43.889,0.206107,0.954198,-0.122137
41100,-0.063477,0.009277,1.026367,43.898,0.244275,1.122137,-0.137405
41120,-0.067139,0.007324,1.024902,43.886,0.099237,1.007634,-0.053435
41140,-0.062500,0.007568,1.028809,43.906,0.259542,1.015267,-0.198473
41160,-0.062012,0.010742,1.022705,43.883,0.129771,1.022901,-0.167939
41180,-0.067871,0.009766,1.023926,43.889,0.160305,1.091603,-0.152672
41200,-0.062012,0.011475,1.026367,43.877,0.190840,1.099237,-0.290076
41221,-0.063232,0.010986,1.024902,43.895,0.206107,1.030534,-0.053435
41241,-0.065430,0.008789,1.018066,43.880,0.236641,0.977099,-0.213740
41260,-0.070801,0.008545,1.019775,43.901,0.175573,0.984733,-0.167939
41280,-0.066650,0.008545,1.027588,43.886,0.198473,1.068702,-0.152672
41300,-0.062744,0.005371,1.025146,43.886,0.137405,1.007634,-0.114504
41320,-0.064209,0.014404,1.027588,43.874,0.244275,1.030534,-0.091603
41340,-0.059326,0.006104,1.021973,43.862,0.175573,1.022901,-0.122137
41360,-0.061035,0.009766,1.017334,43.898,0.290076,0.954198,-0.076336
41380,-0.061523,0.011719,1.030029,43.886,0.229008,1.022901,-0.068702
41400,-0.063477,0.010498,1.024414,43.874,0.259542,0.824428,-0.206107
41420,-0.069580,0.006836,1.019531,43.892,0.229008,0.931298,-0.038168
41440,-0.062012,0.008545,1.020020,43.868,0.190840,1.022901,-0.122137
41460,-0.063232,0.008057,1.023193,43.895,0.305344,0.984733,-0.015267
41480,-0.062744,0.009766,1.025635,43.898,0.190840,1.053435,-0.030534
41500,-0.060791,0.010010,1.021484,43.892,0.312977,1.053435,-0.152672
41520,-0.064941,0.010498,1.029541,43.874,0.244275,0.977099,-0.099237
41540,-0.062256,0.005615,1.021240,43.880,0.259542,0.961832,-0.213740
41560,-0.059814,0.011719,1.021240,43.912,0.221374,0.862595,-0.114504
41580,-0.061279,0.011963,1.026611,43.886,0.122137,0.992366,-0.091603
41600,-0.064697,0.006104,1.020264,43.880,0.206107,0.992366,-0.099237
41621,-0.061768,0.007568,1.020264,43.868,0.183206,0.961832,-0.106870
41640,-0.065674,0.010254,1.026855,43.898,0.259542,1.015267,-0.091603
41660,-0.065186,0.008057,1.029541,43.901,0.221374,1.038168,-0.137405
41680,-0.064697,0.012939,1.024902,43.895,0.221374,1.045802,-0.175573
41700,-0.063965,0.009033,1.023193,43.898,0.183206,0.908397,-0.129771
41720,-0.059570,0.006836,1.016113,43.883,0.175573,0.847328,-0.038168
41740,-0.062988,0.007813,1.019287,43.886,0.236641,0.923664,-0.190840
41760,-0.062988,0.011719,1.024170,43.859,0.213740,0.923664,-0.076336
41780,-0.061523,0.011475,1.023193,43.880,0.145038,1.000000,-0.099237
41800,-0.065430,0.009277,1.025391,43.880,0.282443,1.030534,-0.106870
41820,-0.066162,0.005859,1.022461,43.909,0.206107,0.870229,-0.083969
41840,-0.064941,0.007568,1.024658,43.904,0.099237,1.022901,-0.053435
41860,-0.060303,0.007080,1.023926,43.886,0.267176,0.870229,-0.145038
41880,-0.067627,0.009277,1.020508,43.889,0.251908,0.770992,-0.152672
41900,-0.065186,0.009277,1.032959,43.877,0.167939,1.038168,-0.122137
41920,-0.064453,0.007813,1.027588,43.868,0.229008,0.916031,-0.145038
41940,-0.061523,0.007080,1.025879,43.904,0.190840,1.038168,-0.167939
41960,-0.063477,0.010254,1.019531,43.898,0.274809,0.893130,-0.198473
41981,-0.065918,0.009521,1.022949,43.874,0.244275,0.938931,-0.137405
42000,-0.059082,0.001221,1.022461,43.895,0.312977,1.045802,-0.229008
42020,-0.064941,0.013184,1.021240,43.886,0.236641,1.038168,-0.053435
42040,-0.061768,0.006348,1.023438,43.915,0.198473,0.916031,-0.229008
42060,-0.062256,0.008789,1.020752,43.889,0.206107,1.007634,-0.145038
42080,-0.063477,0.010254,1.025879,43.874,0.160305,0.992366,-0.099237
42100,-0.064453,0.010010,1.020996,43.895,0.091603,0.832061,-0.122137
42120,-0.063721,0.011230,1.021973,43.859,0.251908,0.969466,-0.122137
42140,-0.065430,0.006836,1.025879,43.886,0.183206,0.954198,-0.152672
42160,-0.061523,0.009766,1.024658,43.904,0.152672,1.030534,-0.129771
42180,-0.062256,0.008545,1.028320,43.883,0.183206,1.038168,-0.129771
42200,-0.066895,0.006104,1.026123,43.901,0.251908,1.022901,-0.167939
42220,-0.065674,0.008545,1.021973,43.921,0.267176,0.977099,0.076336
42240,-0.063965,0.009277,1.026855,43.865,0.145038,0.900763,-0.129771
42260,-0.062500,0.008057,1.029297,43.874,0.229008,0.938931,-0.190840
42280,-0.062256,0.008545,1.022217,43.883,0.183206,1.007634,-0.183206
42300,-0.064941,0.008301,1.023438,43.883,0.137405,0.977099,-0.061069
42320,-0.068848,0.008545,1.025879,43.877,0.267176,1.015267,-0.137405
42341,-0.062988,0.006592,1.019531,43.898,0.198473,1.076336,-0.137405
42361,-0.067871,0.010986,1.017822,43.862,0.267176,0.854962,-0.091603
42380,-0.060303,0.009277,1.028076,43.877,0.167939,1.030534,-0.068702
42400,-0.063721,0.009277,1.025879,43.886,0.267176,0.916031,-0.122137
42420,-0.064209,0.005859,1.020752,43.886,0.190840,1.076336,-0.129771
42440,-0.063965,0.010498,1.025391,43.898,0.236641,0.916031,-0.076336
42460,-0.062744,0.007813,1.020752,43.880,0.160305,0.938931,-0.091603
42480,-0.063232,0.009766,1.022705,43.889,0.183206,1.061069,-0.221374
42500,-0.064209,0.014893,1.027344,43.898,0.137405,0.931298,-0.175573
42520,-0.060303,0.006836,1.022705,43.883,0.221374,0.908397,-0.122137
42540,-0.064941,0.011230,1.023682,43.898,0.229008,1.007634,-0.099237
42560,-0.063965,0.008301,1.026123,43.854,0.221374,1.022901,-0.167939
42580,-0.062744,0.007568,1.027832,43.877,0.229008,0.992366,-0.175573
42600,-0.064209,0.009521,1.022705,43.906,0.122137,1.038168,-0.015267
42620,-0.061768,0.004639,1.026611,43.895,0.251908,0.954198,-0.091603
42640,-0.066406,0.011475,1.019287,43.880,0.190840,1.000000,-0.099237
42660,-0.064209,0.010010,1.025879,43.892,0.167939,1.061069,-0.083969
42680,-0.062012,0.008789,1.018066,43.871,0.229008,1.091603,-0.229008
42700,-0.062500,0.009277,1.024658,43.906,0.213740,1.083969,-0.160305
42721,-0.062744,0.010010,1.017334,43.880,0.145038,0.977099,-0.091603
42740,-0.065430,0.008301,1.025635,43.883,0.213740,0.984733,-0.114504
42760,-0.061523,0.007813,1.025635,43.880,0.259542,1.000000,-0.099237
42780,-0.061768,0.009033,1.021729,43.877,0.297710,1.022901,-0.038168
42800,-0.063477,0.008545,1.012207,43.892,0.190840,1.099237,-0.076336
42820,-0.064209,0.011230,1.019531,43.874,0.282443,0.961832,-0.106870
42840,-0.064453,0.008057,1.027588,43.886,0.183206,0.992366,-0.091603
42860,-0.064941,0.008057,1.031738,43.874,0.229008,0.992366,-0.083969
42880,-0.063232,0.008789,1.023682,43.904,0.267176,1.015267,-0.045802
42900,-0.066895,0.010254,1.022949,43.859,0.190840,0.992366,-0.152672
42920,-0.062988,0.012939,1.019043,43.865,0.251908,0.847328,-0.175573
42940,-0.062256,0.011963,1.022217,43.865,0.320611,0.977099,-0.236641
42960,-0.064209,0.005127,1.023682,43.898,0.251908,0.923664,-0.206107
42980,-0.060059,0.009033,1.024414,43.868,0.175573,1.022901,-0.129771
43000,-0.061768,0.006836,1.020996,43.895,0.198473,0.854962,-0.152672
43020,-0.064941,0.016846,1.025879,43.892,0.137405,1.152672,-0.213740
43040,-0.061768,0.013428,1.025391,43.868,0.274809,0.992366,-0.083969
43060,-0.061035,0.004883,1.024902,43.892,0.160305,0.938931,-0.129771
43081,-0.061523,0.009521,1.021484,43.883,0.145038,1.061069,-0.183206
43100,-0.063965,0.007813,1.023438,43.856,0.274809,0.992366,-0.122137
43120,-0.063232,0.006592,1.021240,43.898,0.213740,1.076336,-0.206107
43140,-0.064697,0.010986,1.020264,43.862,0.236641,0.946565,-0.145038
43160,-0.065918,0.008789,1.024658,43.892,0.198473,1.000000,-0.038168
43180,-0.063721,0.012207,1.029053,43.892,0.206107,1.068702,-0.091603
43200,-0.060059,0.007324,1.020264,43.915,0.198473,1.015267,-0.129771
43220,-0.063965,0.012695,1.025391,43.892,0.244275,1.007634,-0.145038
43240,-0.059570,0.007813,1.025879,43.895,0.198473,1.030534,0.045802
43260,-0.064453,0.010742,1.029541,43.889,0.145038,0.969466,-0.083969
43280,-0.062744,0.008301,1.022949,43.901,0.206107,0.969466,-0.213740
43300,-0.064209,0.011230,1.022461,43.892,0.274809,0.992366,0.045802
43320,-0.062744,0.009521,1.023926,43.874,0.236641,0.885496,-0.229008
43340,-0.060791,0.006836,1.022217,43.883,0.213740,1.007634,-0.145038
43360,-0.066406,0.011230,1.018066,43.904,0.305344,1.038168,-0.137405
43380,-0.063477,0.009521,1.024170,43.895,0.229008,0.938931,-0.167939
43400,-0.061279,0.009766,1.018799,43.856,0.229008,0.916031,-0.091603
43420,-0.064697,0.011963,1.024902,43.859,0.198473,0.984733,-0.152672
43440,-0.063232,0.006348,1.020996,43.871,0.206107,0.923664,-0.083969
43460,-0.062500,0.007080,1.021240,43.877,0.229008,0.847328,-0.045802
43480,-0.064209,0.009766,1.020020,43.874,0.099237,0.961832,-0.137405
43500,-0.062500,0.010986,1.018555,43.880,0.221374,1.022901,-0.175573
43520,-0.061035,0.010498,1.021240,43.886,0.206107,1.053435,-0.198473
43540,-0.064697,0.009033,1.029053,43.880,0.297710,1.053435,-0.007634
43560,-0.067383,0.009521,1.020752,43.889,0.274809,0.946565,-0.091603
43580,-0.061523,0.011963,1.021973,43.880,0.251908,1.091603,-0.175573
43601,-0.061279,0.010498,1.027344,43.871,0.213740,1.000000,-0.053435
43620,-0.063477,0.009766,1.027588,43.862,0.175573,0.984733,-0.076336
43640,-0.064941,0.012695,1.023193,43.880,0.236641,0.946565,-0.198473
43660,-0.066162,0.012695,1.032227,43.898,0.183206,0.977099,-0.190840
43680,-0.062256,0.006592,1.028320,43.898,0.198473,1.030534,-0.068702
43700,-0.060303,0.009033,1.023438,43.886,0.213740,1.030534,-0.198473
43720,-0.063721,0.013916,1.021240,43.898,0.312977,0.961832,-0.122137
43740,-0.065674,0.006104,1.024414,43.904,0.213740,0.847328,-0.076336
43760,-0.061768,0.011719,1.020020,43.886,0.236641,0.954198,0.015267
43780,-0.067627,0.011719,1.019043,43.877,0.175573,1.030534,-0.190840
43800,-0.063965,0.009033,1.022705,43.906,0.099237,1.091603,-0.114504
43820,-0.061768,0.008301,1.026611,43.886,0.236641,1.083969,-0.183206
43840,-0.063477,0.013428,1.021729,43.871,0.175573,1.076336,-0.076336
43860,-0.065674,0.012695,1.020020,43.877,0.198473,1.045802,-0.099237
43880,-0.059326,0.011719,1.021973,43.886,0.267176,1.038168,-0.091603
43900,-0.063232,0.009277,1.031982,43.880,0.259542,1.022901,-0.061069
43920,-0.064697,0.009033,1.017578,43.880,0.167939,1.045802,-0.045802
43940,-0.062012,0.008301,1.029053,43.871,0.259542,0.954198,-0.175573
43960,-0.067139,0.012451,1.029297,43.904,0.282443,0.984733,-0.114504
43981,-0.061279,0.009766,1.025146,43.877,0.190840,1.038168,-0.129771
44000,-0.062744,0.007813,1.026123,43.895,0.213740,1.038168,0.000000
44020,-0.059814,0.010254,1.017334,43.898,0.183206,1.068702,-0.152672
44040,-0.065186,0.007813,1.020020,43.865,0.114504,0.977099,-0.198473
44060,-0.063721,0.009033,1.021484,43.883,0.251908,0.931298,-0.061069
44080,-0.063232,0.013428,1.017822,43.906,0.229008,0.977099,-0.061069
44100,-0.060791,0.010742,1.026611,43.880,0.160305,1.030534,-0.198473
44120,-0.060547,0.007568,1.023438,43.901,0.160305,1.015267,-0.152672
44140,-0.064209,0.007080,1.017822,43.892,0.190840,0.931298,-0.160305
44160,-0.063232,0.013916,1.017334,43.904,0.167939,1.007634,-0.213740
44180,-0.066650,0.008789,1.026855,43.883,0.145038,1.007634,-0.152672
44200,-0.065430,0.005859,1.022217,43.895,0.297710,1.030534,-0.091603
44220,-0.066406,0.008301,1.024902,43.889,0.190840,0.900763,-0.114504
44240,-0.061279,0.007568,1.026855,43.886,0.267176,1.030534,-0.076336
44260,-0.064941,0.010010,1.026855,43.886,0.183206,0.961832,-0.175573
44280,-0.066162,0.006348,1.021240,43.874,0.206107,1.053435,-0.106870
44300,-0.059326,0.009033,1.023193,43.871,0.221374,0.938931,-0.137405
44320,-0.065918,0.007324,1.023682,43.865,0.213740,0.954198,-0.091603
44341,-0.064209,0.009521,1.029541,43.868,0.152672,0.984733,-0.137405
44360,-0.064453,0.007324,1.021484,43.892,0.305344,1.015267,-0.015267
44380,-0.062012,0.007568,1.024414,43.912,0.282443,0.992366,-0.106870
44400,-0.063477,0.009033,1.025879,43.898,0.259542,0.984733,-0.145038
44420,-0.065674,0.006592,1.027588,43.874,0.267176,0.977099,-0.183206
44440,-0.064941,0.005859,1.025879,43.886,0.244275,1.000000,-0.038168
44460,-0.060059,0.010254,1.024658,43.877,0.229008,1.015267,-0.213740
44480,-0.062500,0.011719,1.021973,43.874,0.183206,0.992366,-0.068702
44500,-0.068604,0.007568,1.019531,43.904,0.206107,1.000000,-0.137405
44520,-0.065674,0.012207,1.017578,43.868,0.206107,1.030534,-0.022901
44540,-0.066406,0.011719,1.025635,43.856,0.175573,0.938931,-0.290076
44560,-0.062988,0.010986,1.022949,43.895,0.198473,1.000000,-0.114504
44580,-0.064941,0.007568,1.026611,43.874,0.190840,0.900763,-0.083969
44600,-0.063965,0.010010,1.030029,43.886,0.290076,1.053435,-0.083969
44620,-0.064453,0.005859,1.016602,43.892,-0.099237,1.083969,-0.129771
44640,-0.066895,0.004883,1.025146,43.877,0.076336,0.923664,-0.198473
44660,-0.045410,0.017334,1.052246,43.904,1.343511,-1.022901,-0.045802
44680,-0.056885,0.002930,1.035645,43.868,-0.618321,0.664122,-0.236641
44701,-0.066406,0.010498,1.020020,43.874,-0.061069,0.938931,0.000000
44720,-0.064453,0.004150,1.021729,43.895,0.267176,0.946565,-0.213740
44740,-0.060059,0.013672,1.027344,43.889,0.198473,1.137405,-0.083969
44760,0.002930,-0.098633,1.146484,43.892,-6.061069,-4.412214,-0.488550
44780,-0.093018,0.017334,1.053223,43.877,1.312977,0.778626,0.000000
44800,-0.077881,0.021240,1.022705,43.874,1.068702,1.687023,0.007634
44820,-0.076660,0.012207,1.023926,43.880,0.748092,1.267176,-0.015267
44840,-0.066895,0.002930,1.024414,43.859,-0.068702,0.870229,-0.175573
44860,-0.056641,0.007324,1.022705,43.871,0.305344,0.816794,-0.122137
44880,-0.060791,0.011230,1.022217,43.898,0.389313,0.893130,-0.099237
44900,-0.062500,0.010742,1.025635,43.886,0.251908,0.969466,-0.183206
44920,-0.066406,0.003662,1.025391,43.883,0.267176,1.030534,-0.022901
44940,-0.064697,0.003906,1.027344,43.874,0.167939,0.946565,-0.106870
44960,-0.061523,0.011475,1.029541,43.892,0.236641,0.961832,-0.244275
44980,-0.069336,0.005371,1.022217,43.889,0.213740,0.923664,-0.114504
45000,-0.065186,0.004150,1.023438,43.906,0.259542,1.045802,-0.076336
45020,-0.062988,0.006348,1.028320,43.895,0.137405,1.015267,-0.274809
45040,-0.067139,0.006348,1.028809,43.895,0.083969,0.961832,-0.114504
45061,-0.062012,0.006104,1.024902,43.877,0.152672,0.992366,-0.137405
45080,-0.062500,0.006104,1.027832,43.895,0.290076,1.022901,-0.175573
45100,-0.062988,0.010254,1.025635,43.918,0.244275,0.938931,-0.198473
45120,-0.060059,0.009766,1.021484,43.874,0.106870,0.793893,-0.167939
45140,-0.066895,0.010986,1.021240,43.880,0.244275,0.946565,-0.137405
45160,-0.067139,0.008545,1.025146,43.889,0.190840,0.977099,-0.198473
45180,-0.063477,0.009277,1.020020,43.895,0.175573,0.854962,-0.221374
45200,-0.064941,0.006104,1.023438,43.883,0.251908,1.053435,-0.076336
45220,-0.063965,0.010254,1.020752,43.892,0.106870,1.015267,-0.198473
45240,-0.064697,0.007813,1.019287,43.889,0.106870,1.099237,-0.206107
45260,-0.064941,0.003174,1.023438,43.871,0.259542,1.022901,-0.167939
45280,-0.060547,0.008789,1.024658,43.901,0.221374,0.984733,-0.114504
45300,-0.058350,0.009033,1.023193,43.871,0.183206,0.938931,-0.175573
45320,-0.062256,0.007813,1.020020,43.886,0.244275,0.908397,-0.190840
45340,-0.063232,0.008545,1.024414,43.886,0.122137,1.106870,-0.167939
45360,-0.067139,0.006592,1.022705,43.895,0.160305,1.015267,-0.106870
45380,-0.064941,0.011719,1.019043,43.874,0.183206,0.977099,-0.045802
45400,-0.047363,0.004395,1.021973,43.895,0.000000,0.923664,-0.053435
45421,-0.062500,0.005371,1.028564,43.895,0.106870,0.938931,-0.213740
45440,-0.064209,0.009521,1.027100,43.877,0.282443,0.938931,-0.145038
45460,-0.063232,0.012207,1.027588,43.883,0.335878,1.061069,-0.106870
45480,-0.060059,0.007324,1.023926,43.877,0.312977,1.030534,-0.190840
45500,-0.063965,0.010742,1.019287,43.924,0.427481,0.824428,-0.015267
45520,-0.062988,0.012695,1.019287,43.874,0.297710,1.007634,-0.175573
45540,-0.064209,0.006104,1.024902,43.883,0.213740,1.030534,-0.244275
45560,-0.062500,0.006836,1.020020,43.898,0.229008,1.015267,-0.213740
45580,-0.065186,0.002930,1.027344,43.895,0.259542,0.969466,-0.145038
45600,-0.064697,0.008545,1.020264,43.883,0.259542,0.977099,-0.175573
45620,-0.065918,0.006592,1.028076,43.886,0.244275,0.931298,0.015267
45640,-0.060059,0.006104,1.021240,43.874,0.274809,1.022901,-0.152672
45660,-0.063721,0.011963,1.017334,43.898,0.290076,0.893130,-0.175573
45680,-0.062012,0.011475,1.022461,43.877,0.167939,0.954198,-0.068702
45700,-0.065430,0.007813,1.024658,43.848,0.122137,1.083969,-0.274809
45720,-0.061768,0.012939,1.020508,43.880,0.244275,0.900763,-0.106870
45740,-0.062988,0.008057,1.019775,43.865,0.206107,0.847328,-0.152672
45760,-0.062988,0.008789,1.018799,43.912,-0.152672,0.961832,-0.297710
45781,-0.060059,0.009033,1.014404,43.909,0.297710,0.984733,-0.183206
45800,-0.066162,0.013184,1.022949,43.880,0.114504,1.061069,-0.190840
45820,-0.062012,0.010986,1.019043,43.886,0.259542,0.992366,-0.007634
45840,-0.060791,0.004639,1.024902,43.865,0.229008,0.816794,-0.068702
45860,-0.064453,0.008545,1.027832,43.889,0.335878,0.984733,-0.053435
45880,-0.062988,0.009766,1.021240,43.851,0.206107,1.015267,-0.061069
45900,-0.063965,0.009033,1.020752,43.883,0.175573,0.969466,-0.244275
45921,-0.053467,0.001709,0.991211,43.880,0.068702,1.190840,4.412214
45940,-0.066406,0.009277,1.010986,43.901,0.366412,0.946565,0.603053
45960,-0.073975,0.013916,1.021484,43.883,0.213740,1.114504,0.030534
45980,-0.059082,0.014893,1.033447,43.874,0.916031,1.198473,-0.198473
46000,-0.057861,0.007568,1.022949,43.906,0.022901,0.954198,-0.145038
46020,-0.067627,0.007568,1.014648,43.877,0.183206,1.152672,-0.236641
46040,-0.065918,0.011719,1.030029,43.886,0.290076,1.053435,-0.053435
46060,-0.061768,0.013916,1.028076,43.898,0.160305,0.931298,-0.015267
46080,-0.063721,0.012451,1.024414,43.892,0.152672,0.885496,-0.160305
46100,-0.060303,0.010986,1.021729,43.859,0.183206,0.908397,-0.221374
46120,-0.067139,0.014893,1.023682,43.871,0.267176,1.022901,-0.053435
46140,-0.063965,0.005859,1.023682,43.880,0.229008,1.000000,-0.099237
46160,-0.062744,0.007568,1.031494,43.871,0.236641,1.083969,-0.145038
46180,-0.059570,0.010498,1.021484,43.883,0.290076,0.984733,-0.015267
46200,-0.059570,0.010742,1.023926,43.880,0.091603,0.969466,-0.152672
46220,-0.064941,0.012451,1.029785,43.886,0.290076,1.091603,-0.206107
46240,-0.062988,0.011230,1.030518,43.901,0.282443,0.908397,-0.175573
46260,-0.063721,0.010254,1.023682,43.895,0.236641,0.992366,-0.160305
46281,-0.064941,0.013672,1.020996,43.880,0.213740,0.954198,-0.106870
46300,-0.061035,0.008301,1.022949,43.883,0.175573,0.969466,-0.221374
46320,-0.060059,0.007080,1.028076,43.898,0.206107,0.954198,-0.129771
46340,-0.067139,0.009033,1.023682,43.906,0.183206,0.900763,-0.160305
46360,-0.064941,0.009521,1.019287,43.901,0.221374,1.152672,-0.137405
46380,-0.063232,0.009521,1.021729,43.868,0.267176,1.007634,-0.122137
46400,-0.065918,0.013428,1.024170,43.915,0.229008,1.045802,-0.145038
46420,-0.064941,0.009033,1.026611,43.859,0.267176,0.992366,-0.137405
46440,-0.056885,0.010010,1.021240,43.883,0.259542,0.893130,-0.091603
46460,-0.060303,0.007568,1.026367,43.883,0.122137,1.000000,-0.206107
46480,-0.064941,0.009521,1.020752,43.883,0.236641,0.954198,-0.099237
46500,-0.063721,0.011230,1.019531,43.892,0.290076,1.045802,-0.160305
46520,-0.060547,0.006592,1.022949,43.898,0.145038,0.954198,-0.122137
46540,-0.063477,0.010254,1.023193,43.865,0.129771,1.038168,-0.129771
46560,-0.063232,0.009277,1.021729,43.901,0.236641,0.809160,-0.068702
46580,-0.064209,0.006104,1.017578,43.859,0.083969,0.984733,-0.068702
46600,-0.064697,0.010742,1.025146,43.892,0.198473,1.068702,-0.160305
46620,-0.066895,0.011475,1.021484,43.874,0.251908,0.923664,-0.175573
46640,-0.065430,0.005371,1.023193,43.880,0.145038,0.969466,-0.106870
46661,-0.065186,0.005371,1.020508,43.904,0.213740,0.946565,-0.083969
46680,-0.063721,0.016113,1.025879,43.906,0.259542,0.954198,-0.106870
46700,-0.062256,0.007568,1.018555,43.871,0.167939,1.038168,-0.083969
46720,-0.062256,0.006348,1.021973,43.904,0.267176,0.885496,-0.091603
46740,-0.063477,0.009766,1.020264,43.901,0.206107,0.916031,-0.206107
46760,-0.063965,0.008301,1.024658,43.880,0.282443,1.076336,-0.167939
46780,-0.063721,0.009766,1.022705,43.895,0.236641,0.946565,-0.083969
46800,-0.063965,0.009033,1.023926,43.856,0.129771,0.839695,-0.183206
46820,-0.063232,0.008545,1.022461,43.880,0.251908,1.053435,-0.183206
46840,-0.063477,0.008545,1.018066,43.874,0.198473,0.954198,-0.152672
46860,-0.062744,0.010254,1.025146,43.868,0.129771,1.038168,-0.030534
46880,-0.065186,0.009521,1.024414,43.877,0.206107,0.984733,-0.137405
46900,-0.062988,0.006592,1.022705,43.859,0.221374,0.931298,-0.160305
46920,-0.060547,0.010254,1.024658,43.880,0.206107,0.984733,-0.038168
46940,-0.063477,0.009277,1.019775,43.901,0.175573,1.053435,-0.175573
46960,-0.060303,0.011230,1.020264,43.889,0.274809,1.145038,-0.190840
46980,-0.062012,0.009033,1.025146,43.856,0.259542,0.954198,-0.030534
47000,-0.062012,0.010498,1.027344,43.898,0.236641,1.000000,-0.122137
47021,-0.062012,0.008301,1.021484,43.871,0.236641,0.992366,-0.053435
47040,-0.061035,0.017090,1.021240,43.892,0.267176,0.900763,-0.122137
47060,-0.065186,0.007813,1.018066,43.892,0.213740,0.900763,-0.152672
47080,-0.061523,0.011719,1.022217,43.862,0.167939,0.908397,-0.175573
47100,-0.065918,0.008301,1.021729,43.871,0.183206,0.961832,-0.007634
47120,-0.062988,0.010498,1.019043,43.886,0.183206,0.954198,-0.106870
47140,-0.062500,0.009033,1.025879,43.892,0.251908,1.007634,-0.160305
47160,-0.059570,0.012695,1.021240,43.895,0.206107,0.954198,-0.190840
47180,-0.063965,0.010254,1.015869,43.862,0.236641,0.923664,-0.007634
47200,-0.062500,0.008545,1.025879,43.909,0.145038,1.068702,-0.068702
47220,-0.064941,0.008789,1.025635,43.892,0.175573,1.167939,-0.083969
47240,-0.062988,0.011230,1.016846,43.883,0.282443,0.916031,-0.022901
47260,-0.063721,0.005859,1.023193,43.909,0.213740,0.992366,-0.160305
47280,-0.063477,0.012451,1.025391,43.889,0.267176,1.099237,-0.137405
47300,-0.064941,0.009766,1.021973,43.915,0.129771,1.045802,-0.099237
47320,-0.065918,0.010986,1.030518,43.868,0.251908,0.984733,-0.091603
47340,-0.063477,0.012451,1.024902,43.854,0.229008,1.099237,-0.122137
47360,-0.062500,0.009033,1.018066,43.930,0.290076,0.992366,-0.099237
47381,-0.064941,0.009277,1.020264,43.909,0.267176,1.030534,-0.091603
47401,-0.064941,0.013916,1.022949,43.904,0.213740,1.076336,-0.137405
47420,-0.063477,0.009521,1.019775,43.871,0.282443,0.938931,-0.091603
47440,-0.066162,0.009033,1.024170,43.877,0.175573,1.038168,-0.038168
47460,-0.067383,0.008789,1.020752,43.901,0.290076,0.969466,-0.137405
47480,-0.063721,0.011230,1.024414,43.886,0.221374,1.045802,-0.083969
47500,-0.061768,0.010254,1.022949,43.901,0.213740,1.030534,-0.030534
47520,-0.062500,0.006836,1.023682,43.886,0.221374,0.969466,-0.190840
47540,-0.061768,0.005859,1.030762,43.880,0.229008,0.885496,-0.083969
47560,-0.061279,0.009033,1.025635,43.883,0.129771,1.022901,-0.061069
47580,-0.061279,0.010254,1.025635,43.901,0.312977,1.000000,-0.160305
47600,-0.068359,0.008057,1.030518,43.918,0.297710,0.862595,-0.015267
47620,-0.066406,0.005859,1.019287,43.895,0.267176,1.038168,-0.122137
47640,-0.061035,0.008789,1.024414,43.886,0.236641,0.900763,-0.007634
47660,-0.061523,0.002686,1.019287,43.892,0.152672,1.076336,-0.015267
47680,-0.063232,0.008789,1.028076,43.898,0.259542,1.053435,-0.129771
47700,-0.066406,0.014893,1.025879,43.892,0.122137,0.977099,-0.030534
47720,-0.065918,0.004883,1.024658,43.871,0.236641,1.076336,-0.038168
47740,-0.062012,0.008789,1.021973,43.877,0.183206,1.030534,-0.152672
47761,-0.065186,0.013184,1.025391,43.868,0.122137,0.992366,-0.091603
47780,-0.062744,0.009521,1.025391,43.862,0.221374,0.916031,-0.167939
47800,-0.061035,0.007080,1.020020,43.892,0.251908,0.992366,-0.198473
47820,-0.063965,0.010986,1.026123,43.883,0.244275,1.015267,-0.137405
47840,-0.060547,0.008301,1.020752,43.901,0.274809,0.961832,-0.152672
47860,-0.065674,0.008057,1.022217,43.915,0.145038,0.954198,-0.045802
47880,-0.062500,0.011475,1.026123,43.883,0.244275,1.045802,-0.129771
47900,-0.067139,0.006592,1.026123,43.892,0.244275,0.984733,-0.183206
47920,-0.064697,0.007324,1.029785,43.901,0.198473,1.007634,-0.213740
47940,-0.064941,0.005859,1.023926,43.921,0.206107,1.030534,-0.183206
47960,-0.061523,0.011230,1.021484,43.880,0.206107,0.900763,-0.160305
47980,-0.065430,0.009766,1.027344,43.874,0.221374,0.877863,-0.083969
48000,-0.064697,0.011230,1.021240,43.898,0.244275,0.877863,-0.083969
48020,-0.062744,0.004150,1.022705,43.895,0.267176,0.946565,-0.038168
48040,-0.063965,0.014160,1.022217,43.880,0.236641,1.000000,-0.061069
48060,-0.064941,0.012207,1.019775,43.921,0.297710,0.931298,-0.152672
48080,-0.060547,0.005859,1.022705,43.877,0.259542,0.969466,-0.137405
48100,-0.062012,0.010742,1.022949,43.901,0.206107,1.000000,-0.122137
48121,-0.063232,0.014893,1.022705,43.904,0.282443,0.832061,-0.068702
48140,-0.063232,0.008057,1.024414,43.883,0.190840,0.984733,-0.152672
48160,-0.063477,0.009033,1.023682,43.912,0.221374,0.969466,-0.030534
48180,-0.064209,0.009277,1.022461,43.883,0.229008,1.000000,-0.106870
48200,-0.064941,0.011719,1.027832,43.921,0.190840,1.099237,-0.221374
48220,-0.063721,0.006836,1.024658,43.862,0.206107,0.923664,-0.030534
48240,-0.062012,0.009277,1.018799,43.892,0.259542,1.038168,-0.091603
48260,-0.064209,0.009277,1.024902,43.865,0.274809,0.969466,-0.167939
48280,-0.064453,0.008545,1.023926,43.892,0.183206,1.076336,-0.099237
48300,-0.066650,0.007324,1.026855,43.889,0.160305,1.038168,-0.167939
48320,-0.060059,0.008789,1.013916,43.886,0.198473,1.076336,-0.129771
48340,-0.064209,0.009521,1.026123,43.895,0.244275,0.992366,-0.114504
48360,-0.069824,0.009033,1.019531,43.901,0.152672,1.061069,-0.083969
48380,-0.061279,0.010742,1.028320,43.877,0.183206,1.015267,-0.137405
48400,-0.065186,0.003662,1.023438,43.877,0.206107,1.068702,-0.183206
48420,-0.061035,0.011230,1.024902,43.889,0.328244,0.938931,-0.122137
48440,-0.062012,0.005371,1.026367,43.856,0.259542,1.022901,-0.129771
48460,-0.062012,0.008057,1.019775,43.865,0.183206,1.114504,-0.114504
48480,-0.063721,0.010498,1.023438,43.868,0.198473,0.984733,-0.190840
48500,-0.061523,0.014160,1.021484,43.892,0.335878,0.961832,-0.030534
48520,-0.061035,0.008301,1.023926,43.886,0.229008,0.908397,-0.091603
48540,-0.066650,0.008057,1.023682,43.898,0.229008,1.000000,-0.160305
48560,-0.062744,0.009521,1.029785,43.889,0.145038,0.992366,-0.190840
48580,-0.063721,0.009033,1.023193,43.898,0.267176,0.885496,-0.068702
48600,-0.067871,0.010498,1.024414,43.865,0.114504,1.000000,-0.129771
48621,-0.061279,0.008301,1.022217,43.883,0.251908,0.938931,-0.076336
48640,-0.061523,0.010742,1.022949,43.895,0.229008,1.061069,-0.190840
48660,-0.064697,0.011963,1.020020,43.886,0.267176,0.984733,-0.106870
48680,-0.065674,0.008545,1.024658,43.892,0.251908,0.992366,-0.167939
48700,-0.061279,0.007813,1.025879,43.859,0.198473,1.122137,-0.083969
48720,-0.068848,0.008545,1.023682,43.865,0.305344,1.083969,-0.167939
48740,-0.060059,0.009766,1.027100,43.898,0.167939,0.908397,-0.297710
48760,-0.064209,0.007813,1.028076,43.889,0.267176,0.969466,-0.106870
48780,-0.062500,0.006836,1.022949,43.877,0.190840,1.015267,-0.183206
48800,-0.067871,0.009521,1.027100,43.883,0.244275,1.022901,-0.083969
48820,-0.064209,0.005859,1.022461,43.889,0.236641,0.931298,-0.122137
48840,-0.063232,0.007813,1.026367,43.904,0.251908,1.083969,-0.114504
48860,-0.062500,0.009521,1.021484,43.898,0.198473,1.015267,-0.137405
48880,-0.060791,0.008057,1.021484,43.898,0.229008,0.992366,-0.045802
48900,-0.068115,0.005371,1.022949,43.883,0.160305,0.893130,-0.267176
48920,-0.062988,0.010010,1.028809,43.901,0.328244,0.931298,-0.167939
48940,-0.063232,0.011475,1.022949,43.889,0.290076,0.961832,-0.061069
48960,-0.063721,0.007080,1.023926,43.883,0.190840,1.076336,-0.267176
48980,-0.065186,0.006836,1.022217,43.871,0.206107,1.053435,-0.053435
49000,-0.065186,0.009521,1.024902,43.886,0.167939,1.000000,-0.175573
49021,-0.062500,0.011963,1.024658,43.904,0.198473,1.038168,-0.167939
49040,-0.063721,0.006836,1.024658,43.862,0.274809,0.946565,0.022901
49060,-0.066895,0.012207,1.017334,43.918,0.213740,1.030534,-0.045802
49080,-0.062256,0.011475,1.025879,43.889,0.251908,1.076336,-0.106870
49100,-0.062012,0.010498,1.026855,43.874,0.122137,1.022901,-0.129771
49120,-0.062500,0.009277,1.019775,43.865,0.290076,0.961832,-0.038168
49140,-0.065918,0.011230,1.024414,43.895,0.251908,0.931298,-0.129771
49160,-0.063232,0.013428,1.029785,43.877,0.236641,0.969466,-0.114504
49180,-0.061523,0.009033,1.023926,43.877,0.236641,0.992366,-0.122137
49200,-0.060791,0.005615,1.023682,43.851,0.213740,0.992366,-0.145038
49220,-0.064697,0.012939,1.025635,43.889,0.221374,1.091603,-0.061069
49240,-0.061523,0.009521,1.021240,43.898,0.167939,1.045802,-0.167939
49260,-0.064209,0.006592,1.024902,43.868,0.282443,0.893130,-0.206107
49280,-0.061035,0.003906,1.019043,43.892,0.274809,1.091603,-0.160305
49300,-0.066650,0.012939,1.025879,43.895,0.183206,1.000000,-0.068702
49320,-0.061035,0.014648,1.026611,43.883,0.175573,0.916031,-0.175573
49340,-0.060791,0.004883,1.022705,43.901,0.282443,0.954198,-0.145038
49361,-0.066162,0.002686,1.017090,43.871,0.198473,1.045802,-0.175573
49380,-0.064209,0.010742,1.029053,43.883,0.297710,1.045802,-0.145038
49400,-0.070068,0.014404,1.021729,43.883,0.122137,0.900763,-0.114504
49420,-0.063721,0.006104,1.026855,43.877,0.122137,0.916031,-0.206107
49440,-0.061279,0.001465,1.018311,43.886,0.114504,1.022901,-0.114504
49460,-0.068115,0.014160,1.025391,43.883,0.229008,1.000000,-0.160305
49480,-0.063232,0.017822,1.023438,43.889,0.190840,0.954198,-0.190840
49500,-0.064453,0.004883,1.023682,43.889,0.145038,0.992366,-0.167939
49520,-0.062256,0.003174,1.022949,43.874,0.160305,0.992366,-0.221374
49540,-0.062744,0.010498,1.022217,43.892,0.320611,1.007634,-0.091603
49560,-0.067627,0.015869,1.021729,43.898,0.129771,0.984733,-0.099237
49580,-0.062988,0.011230,1.020264,43.901,0.106870,0.992366,-0.175573
49600,-0.062500,0.003906,1.024902,43.880,0.091603,1.022901,-0.083969
49620,-0.057129,-0.001465,1.023193,43.909,0.251908,0.938931,-0.053435
49640,-0.064209,0.013916,1.020752,43.851,0.129771,1.068702,-0.068702
49660,-0.058838,0.015625,1.026123,43.877,0.091603,1.007634,-0.076336
49680,-0.063721,0.008057,1.023926,43.892,0.305344,0.938931,-0.312977
49700,-0.064941,0.001953,1.021484,43.886,0.335878,1.015267,-0.175573
49721,-0.062744,0.010254,1.023193,43.895,0.167939,1.030534,-0.106870
49740,-0.068604,0.011230,1.024414,43.883,0.167939,0.969466,-0.053435
49760,-0.062744,0.013672,1.025879,43.880,0.160305,0.961832,-0.160305
49780,-0.062012,0.010254,1.025879,43.898,0.229008,0.916031,-0.198473
49800,-0.059082,0.001953,1.020508,43.862,0.267176,1.000000,-0.198473
49820,-0.066650,0.010254,1.019043,43.871,0.114504,1.015267,-0.145038
49840,-0.067627,0.013916,1.025635,43.898,0.229008,0.954198,-0.099237
49860,-0.061768,0.010010,1.016846,43.883,0.229008,1.045802,-0.328244
49880,-0.062256,0.000732,1.023682,43.871,0.198473,0.954198,-0.274809
49900,-0.056152,0.005615,1.026367,43.871,0.335878,1.114504,-0.137405
49920,-0.065918,0.012939,1.019775,43.877,0.167939,1.068702,-0.122137
49940,-0.066650,0.019287,1.019775,43.865,0.122137,0.954198,-0.251908
49960,-0.065674,0.007568,1.023193,43.889,0.198473,1.091603,-0.206107
49980,-0.059326,0.006592,1.026611,43.883,0.335878,1.160305,-0.190840
50000,-0.060059,0.004639,1.026123,43.892,0.198473,1.053435,-0.068702
50020,-0.065430,0.009277,1.020508,43.883,0.183206,1.053435,-0.099237
50040,-0.068604,0.012207,1.025391,43.892,0.175573,1.076336,-0.007634
50060,-0.064941,0.009277,1.021729,43.883,0.213740,0.908397,-0.183206
50081,-0.060791,0.003662,1.025391,43.877,0.091603,0.900763,-0.160305
50100,-0.062988,0.005371,1.024170,43.895,0.236641,1.000000,-0.061069
50120,-0.065186,0.018311,1.025146,43.892,0.198473,1.000000,-0.190840
50140,-0.064209,0.006836,1.018555,43.886,0.267176,1.068702,-0.061069
50160,-0.066406,0.000732,1.025635,43.871,0.198473,1.129771,-0.022901
50180,-0.063477,0.009521,1.014404,43.889,0.175573,1.076336,-0.129771
50200,-0.069824,0.015381,1.019775,43.880,0.068702,1.022901,-0.038168
50220,-0.061523,0.009766,1.017822,43.909,0.305344,0.877863,-0.045802
50240,-0.063477,0.006592,1.020020,43.889,0.206107,1.038168,-0.183206
50260,-0.063232,0.011963,1.023193,43.883,0.221374,0.954198,-0.099237
50280,-0.062988,0.011719,1.028320,43.889,0.206107,1.007634,-0.099237
50300,-0.065674,0.007324,1.027344,43.898,0.167939,0.931298,-0.038168
50320,-0.065918,0.006348,1.025635,43.892,0.206107,0.984733,-0.053435
50340,-0.063477,0.009766,1.022461,43.904,0.167939,1.007634,-0.282443
50360,-0.065186,0.008789,1.018799,43.898,0.206107,0.954198,-0.145038
50380,-0.065674,0.006836,1.027588,43.871,0.229008,1.022901,-0.251908
50400,-0.067383,0.011963,1.028076,43.874,0.251908,0.938931,-0.114504
50420,-0.059082,0.008789,1.020752,43.859,0.251908,1.038168,-0.015267
50440,-0.064697,0.011475,1.030762,43.877,0.167939,1.022901,-0.114504
50461,-0.062744,0.012939,1.024170,43.868,0.198473,0.938931,0.076336
50480,-0.065430,0.010010,1.023438,43.892,0.213740,0.969466,-0.091603
50500,-0.066650,0.008545,1.019043,43.880,0.282443,0.908397,-0.091603
50520,-0.067871,0.008301,1.024658,43.865,0.251908,1.007634,-0.190840
50540,-0.065186,0.005859,1.025146,43.865,0.229008,0.923664,-0.030534
50560,-0.061035,0.007568,1.023682,43.877,0.167939,1.076336,-0.091603
50580,-0.060059,0.007080,1.024170,43.880,0.198473,0.984733,-0.129771
50600,-0.062012,0.012451,1.026855,43.880,0.152672,1.022901,-0.229008
50620,-0.066406,0.009033,1.026855,43.892,0.175573,0.938931,-0.129771
50640,-0.064209,0.011719,1.024658,43.859,0.251908,1.091603,0.000000
50660,-0.067383,0.008057,1.021729,43.892,0.198473,0.984733,-0.099237
50680,-0.058105,0.010742,1.026123,43.904,0.167939,0.854962,-0.190840
50700,-0.063721,0.012451,1.021973,43.851,0.274809,0.900763,-0.099237
50720,-0.063477,0.011475,1.026855,43.877,0.221374,1.122137,-0.099237
50740,-0.062988,0.009277,1.026855,43.901,0.312977,1.068702,-0.175573
50760,-0.062988,0.010010,1.024658,43.883,0.229008,1.015267,-0.251908
50780,-0.059814,0.006836,1.020752,43.892,0.335878,0.877863,-0.038168
50800,-0.059814,0.008301,1.017090,43.883,0.099237,0.992366,-0.221374
50820,-0.065186,0.010498,1.017578,43.889,0.229008,0.885496,-0.053435
50840,-0.063721,0.010986,1.021484,43.892,0.229008,0.877863,-0.099237
50860,-0.067871,0.008545,1.020508,43.862,0.244275,0.992366,-0.091603
50880,-0.060303,0.007324,1.027588,43.877,0.221374,0.931298,-0.122137
50900,-0.063232,0.007568,1.023193,43.901,0.244275,0.984733,-0.213740
50920,-0.060059,0.009521,1.021973,43.886,0.213740,1.030534,-0.137405
50940,-0.064941,0.010254,1.029785,43.868,0.244275,0.992366,-0.167939
50961,-0.060303,0.010742,1.021973,43.892,0.251908,0.992366,-0.152672
50980,-0.063477,0.008545,1.024658,43.898,0.190840,1.015267,-0.129771
51000,-0.060791,0.011230,1.023926,43.877,0.267176,1.038168,-0.129771
51020,-0.064453,0.007568,1.029785,43.895,0.229008,1.015267,-0.076336
51040,-0.061768,0.006104,1.026123,43.889,0.137405,1.038168,0.038168
51060,-0.065674,0.011230,1.017822,43.892,0.160305,0.984733,-0.167939
51080,-0.063232,0.007324,1.021729,43.904,0.190840,1.015267,-0.083969
51100,-0.063965,0.012451,1.024658,43.856,0.236641,1.068702,-0.122137
51120,-0.063721,0.013428,1.021973,43.886,0.267176,0.984733,-0.137405
51140,-0.062744,0.006592,1.027344,43.892,0.213740,0.908397,-0.129771
51160,-0.061279,0.009277,1.025635,43.877,0.160305,1.000000,-0.053435
51180,-0.062256,0.007324,1.019287,43.868,0.305344,0.977099,-0.206107
51200,-0.062500,0.008545,1.020508,43.880,0.259542,0.931298,-0.106870
51220,-0.064209,0.011230,1.022461,43.889,0.137405,1.053435,-0.175573
51240,-0.062256,0.010254,1.022705,43.886,0.290076,0.877863,-0.183206
51260,-0.066162,0.009521,1.022705,43.874,0.267176,0.961832,-0.145038
51280,-0.065674,0.011475,1.021729,43.886,0.244275,0.984733,-0.183206
51300,-0.068359,0.008057,1.018555,43.883,0.152672,1.167939,-0.213740
51320,-0.060791,0.008057,1.025391,43.901,0.251908,1.114504,-0.053435
51341,-0.060303,0.007813,1.027100,43.904,0.229008,1.030534,-0.122137
51360,-0.062744,0.006348,1.022949,43.886,0.259542,0.923664,-0.068702
51380,-0.063965,0.007568,1.020752,43.880,0.206107,1.022901,-0.106870
51400,-0.063232,0.011230,1.018311,43.886,0.267176,1.122137,-0.038168
51420,-0.064941,0.005615,1.023682,43.886,0.381679,0.992366,-0.122137
51440,-0.062744,0.011719,1.019043,43.862,0.145038,0.961832,-0.083969
51460,-0.063477,0.008057,1.017578,43.871,0.251908,0.847328,-0.160305
51480,-0.064209,0.008301,1.028809,43.856,0.236641,1.038168,-0.152672
51500,-0.060791,0.006348,1.021729,43.889,0.244275,0.862595,-0.122137
51520,-0.064453,0.012207,1.023193,43.886,0.229008,0.839695,-0.198473
51540,-0.062500,0.012207,1.021240,43.904,0.198473,0.870229,-0.152672
51560,-0.061768,0.010498,1.028564,43.874,0.175573,0.916031,-0.167939
51580,-0.064209,0.009521,1.015625,43.868,0.290076,1.076336,-0.183206
51600,-0.064941,0.003906,1.021973,43.883,0.229008,1.000000,-0.129771
51620,-0.058105,0.011475,1.024414,43.856,0.274809,0.954198,-0.106870
51640,-0.063965,0.015381,1.020264,43.877,0.305344,0.961832,-0.145038
51660,-0.062012,0.005859,1.023438,43.880,0.366412,1.007634,-0.221374
51680,-0.062988,0.006104,1.029541,43.880,0.328244,0.977099,-0.160305
51701,-0.059814,0.009521,1.026855,43.865,0.236641,0.992366,-0.076336
51720,-0.063477,0.008789,1.019287,43.892,0.236641,0.916031,-0.160305
51740,-0.061523,0.004639,1.028564,43.904,0.244275,0.893130,-0.106870
51760,-0.063721,0.012451,1.023926,43.886,0.198473,0.916031,-0.183206
51780,-0.066650,0.011475,1.019775,43.877,0.137405,0.984733,-0.152672
51800,-0.061523,0.010010,1.027832,43.904,0.175573,0.969466,-0.145038
51820,-0.061279,0.011719,1.017822,43.859,0.328244,0.923664,-0.068702
51840,-0.062988,0.008789,1.018555,43.868,0.427481,1.106870,-0.190840
51860,-0.064453,0.005615,1.023193,43.886,0.007634,0.961832,-0.183206
51880,-0.067139,0.008301,1.026123,43.880,0.167939,0.870229,-0.083969
51900,-0.063965,0.011230,1.023438,43.880,0.198473,0.885496,-0.160305
51920,-0.062744,0.014160,1.026367,43.865,0.190840,0.992366,-0.236641
51940,-0.060547,0.008301,1.027344,43.874,0.358779,1.030534,-0.229008
51960,-0.065918,0.004639,1.018555,43.868,0.419847,0.908397,-0.083969
51980,-0.062256,0.007568,1.022705,43.901,0.366412,0.870229,-0.022901
52000,-0.064941,0.012939,1.023926,43.886,0.282443,0.916031,-0.114504
52020,-0.063477,0.007813,1.021973,43.906,0.366412,1.030534,-0.091603
52040,-0.064697,0.007568,1.020020,43.880,0.335878,0.961832,-0.122137
52061,-0.067871,0.010498,1.020020,43.898,0.229008,0.977099,-0.106870
52080,-0.066162,0.006836,1.023682,43.883,0.206107,0.916031,-0.137405
52100,-0.061035,0.014160,1.017578,43.824,0.221374,0.954198,-0.137405
52120,-0.065674,0.004639,1.023438,43.865,0.229008,0.854962,-0.106870
52140,-0.063965,0.012695,1.023193,43.895,0.190840,1.045802,-0.083969
52160,-0.064453,0.007568,1.015625,43.892,0.221374,1.015267,-0.206107
52180,-0.063721,0.010010,1.025879,43.886,0.335878,0.977099,-0.175573
52200,-0.062744,0.004395,1.029297,43.901,0.175573,0.931298,-0.022901
52220,-0.066406,0.013184,1.028076,43.892,0.213740,1.038168,-0.167939
52240,-0.063721,0.011475,1.027832,43.909,0.175573,1.053435,-0.045802
52260,-0.064453,0.006592,1.016113,43.898,0.183206,1.015267,-0.160305
52280,-0.064453,0.007568,1.022705,43.898,0.259542,0.923664,-0.175573
52300,-0.062500,0.010742,1.027832,43.901,0.282443,1.053435,-0.183206
52320,-0.065186,0.009277,1.020264,43.883,0.145038,0.992366,-0.076336
52340,-0.063721,0.007324,1.026367,43.877,0.198473,0.977099,-0.114504
52360,-0.064453,0.004883,1.023926,43.898,0.206107,1.068702,-0.015267
52380,-0.067871,0.011230,1.026611,43.856,0.190840,0.908397,-0.236641
52400,-0.061523,0.010254,1.016357,43.921,0.160305,1.038168,-0.229008
52421,-0.061523,0.009033,1.024902,43.859,0.328244,0.984733,-0.183206
52440,-0.063477,0.007568,1.022461,43.895,0.236641,1.030534,-0.053435
52460,-0.063477,0.009277,1.023682,43.877,0.282443,0.900763,-0.190840
52480,-0.056885,0.007324,1.025879,43.883,0.167939,0.977099,-0.091603
52500,-0.063477,0.010254,1.023926,43.856,0.236641,0.992366,-0.229008
52520,-0.065918,0.009277,1.026367,43.874,0.083969,1.015267,-0.053435
52540,-0.062988,0.004883,1.021729,43.868,0.274809,1.022901,-0.122137
52560,-0.062988,0.015381,1.024170,43.883,0.274809,1.022901,-0.236641
52580,-0.062500,0.010254,1.021729,43.868,0.274809,0.969466,-0.106870
52600,-0.063721,0.008057,1.026367,43.886,0.206107,0.961832,-0.251908
52620,-0.061523,0.009766,1.023438,43.865,0.244275,1.175573,-0.183206
52640,-0.067383,0.011230,1.022217,43.892,0.236641,0.992366,-0.038168
52660,-0.063721,0.011719,1.024414,43.868,0.175573,1.038168,-0.198473
52680,-0.068359,0.010986,1.021484,43.859,0.160305,1.007634,-0.259542
52700,-0.065430,0.010742,1.020996,43.895,0.297710,0.969466,-0.053435
52720,-0.066895,0.006836,1.024902,43.856,0.183206,0.870229,-0.152672
52740,-0.068848,0.010498,1.028076,43.895,0.267176,1.030534,-0.106870
52760,-0.063477,0.010254,1.025391,43.883,0.198473,0.832061,-0.114504
52781,-0.071533,0.015381,1.027344,43.880,0.236641,0.961832,-0.137405
52800,-0.061035,0.011963,1.024902,43.889,0.198473,0.900763,-0.145038
52820,-0.060059,0.011475,1.019775,43.868,0.167939,0.877863,-0.076336
52840,-0.065186,0.007080,1.020508,43.871,0.229008,1.129771,-0.160305
52860,-0.064941,0.007813,1.026611,43.868,0.183206,0.977099,-0.190840
52880,-0.061523,0.009277,1.030518,43.877,0.221374,1.007634,-0.259542
52900,-0.057129,0.005859,1.020508,43.877,0.236641,1.068702,-0.206107
52920,-0.065186,0.011963,1.026367,43.851,0.183206,1.015267,0.022901
52940,-0.062988,0.005615,1.023438,43.877,0.183206,0.992366,-0.198473
52960,-0.066162,0.007568,1.025879,43.889,0.236641,1.038168,-0.229008
52980,-0.065674,0.006836,1.021484,43.868,0.129771,0.885496,-0.091603
53000,-0.059814,0.009277,1.024658,43.909,0.259542,0.954198,-0.129771
53020,-0.062256,0.009766,1.017822,43.877,0.229008,1.007634,-0.160305
53040,-0.063721,0.012207,1.024170,43.874,0.175573,1.045802,-0.122137
53060,-0.063477,0.007813,1.025879,43.862,0.244275,1.038168,-0.045802
53080,-0.060303,0.011230,1.024658,43.865,0.244275,0.984733,-0.122137
53100,-0.063721,0.008545,1.025635,43.886,0.229008,0.954198,-0.099237
53120,-0.059326,0.005615,1.022217,43.871,0.236641,0.885496,-0.114504
53140,-0.063477,0.010254,1.024414,43.871,0.267176,0.977099,-0.114504
53160,-0.062012,0.008545,1.021240,43.892,0.221374,0.839695,-0.122137
53180,-0.061768,0.011230,1.025391,43.898,0.198473,0.908397,-0.083969
53200,-0.063477,0.010986,1.023682,43.871,0.152672,0.801527,-0.045802
53220,-0.063721,0.010986,1.023926,43.892,0.244275,0.854962,-0.076336
53240,-0.067627,0.012695,1.022217,43.886,0.229008,0.992366,-0.175573
53260,-0.060547,0.010742,1.018311,43.892,0.206107,1.022901,-0.076336
53281,-0.067871,0.007324,1.027100,43.901,0.267176,1.099237,-0.068702
53300,-0.062500,0.011719,1.025635,43.918,0.305344,0.946565,-0.206107
53320,-0.063477,0.010254,1.022217,43.895,0.137405,0.961832,0.000000
53340,-0.065430,0.008545,1.024414,43.898,0.343511,0.938931,-0.099237
53360,-0.061279,0.011963,1.025391,43.862,0.137405,1.091603,-0.129771
53380,-0.062012,0.010254,1.022949,43.868,0.221374,1.038168,-0.106870
53400,-0.061768,0.009766,1.021729,43.880,0.236641,0.946565,-0.091603
53420,-0.066650,0.010498,1.027588,43.880,0.190840,1.061069,-0.076336
53440,-0.062988,0.008301,1.023438,43.862,0.259542,1.068702,-0.213740
53460,-0.063477,0.009033,1.022949,43.871,0.259542,0.847328,-0.083969
53480,-0.069092,0.017578,1.025146,43.883,0.175573,0.992366,-0.106870
53500,-0.063232,0.009277,1.017578,43.862,0.152672,0.900763,-0.160305
53520,-0.061279,0.012939,1.017334,43.859,0.137405,1.045802,-0.213740
53540,-0.061523,0.009521,1.021729,43.901,0.076336,0.969466,-0.122137
53560,-0.062744,0.007813,1.029053,43.877,0.152672,0.916031,-0.106870
53580,-0.062256,0.009521,1.011963,43.889,0.290076,0.938931,-0.114504
53600,-0.062988,0.006836,1.031738,43.874,0.244275,0.893130,-0.122137
53620,-0.063721,0.006836,1.022461,43.871,0.106870,0.938931,-0.122137
53640,-0.057129,0.005615,1.020508,43.898,0.221374,1.038168,-0.106870
53661,-0.063721,0.008301,1.025635,43.915,0.305344,1.053435,-0.183206
53680,-0.063965,0.007080,1.016602,43.868,0.229008,1.083969,-0.198473
53700,-0.065430,0.010986,1.022705,43.871,0.091603,1.091603,-0.106870
53720,-0.059326,0.008545,1.024170,43.883,0.091603,0.893130,-0.038168
53740,-0.065918,0.008789,1.029541,43.898,0.267176,0.809160,-0.114504
53760,-0.062988,0.010254,1.016602,43.921,0.274809,0.946565,-0.137405
53780,-0.062744,0.010010,1.023926,43.889,0.183206,0.992366,-0.167939
53800,-0.062988,0.007080,1.028076,43.889,0.229008,0.900763,-0.137405
53820,-0.061523,0.010742,1.024414,43.871,0.244275,0.977099,-0.122137
53840,-0.066895,0.013184,1.022705,43.886,0.229008,1.076336,-0.083969
53860,-0.062256,0.008057,1.021484,43.868,0.251908,0.923664,-0.129771
53880,-0.063721,0.007324,1.019531,43.895,0.282443,0.984733,-0.053435
53900,-0.066650,0.008789,1.016602,43.874,0.198473,0.938931,-0.045802
53920,-0.065430,0.006836,1.024658,43.901,0.137405,1.083969,-0.099237
53940,-0.061035,0.011475,1.024170,43.880,0.175573,1.007634,-0.053435
53960,-0.061035,0.010498,1.025146,43.862,0.175573,1.076336,-0.190840
53980,-0.065186,0.008545,1.025879,43.880,0.251908,1.000000,-0.206107
54000,-0.061768,0.007813,1.021973,43.901,0.221374,0.893130,-0.129771
54021,-0.062744,0.010254,1.025146,43.883,0.236641,0.992366,-0.206107
54040,-0.064941,0.008789,1.025635,43.877,0.213740,0.984733,-0.114504
54060,-0.059082,0.012451,1.023193,43.874,0.221374,0.977099,-0.114504
54080,-0.066162,0.007080,1.024414,43.871,0.183206,0.931298,-0.106870
54100,-0.066406,0.009521,1.023926,43.865,0.290076,0.977099,-0.129771
54120,-0.067383,0.009033,1.026855,43.839,0.206107,0.969466,-0.145038
54140,-0.058594,0.007568,1.019531,43.848,0.297710,0.839695,-0.053435
54160,-0.064209,0.013428,1.019287,43.856,0.267176,1.061069,-0.175573
54180,-0.065674,0.014160,1.029053,43.886,0.198473,1.022901,-0.106870
54200,-0.064209,0.008301,1.023926,43.871,0.213740,1.015267,-0.152672
54220,-0.063477,0.007813,1.020996,43.859,0.183206,0.908397,-0.022901
54240,-0.062256,0.011230,1.023926,43.871,0.206107,1.022901,-0.129771
54260,-0.066650,0.015137,1.022949,43.883,0.259542,1.099237,-0.061069
54280,-0.052734,0.011475,1.017822,43.859,0.251908,1.030534,-0.122137
54300,-0.048584,0.012939,1.016357,43.874,0.244275,0.992366,-0.099237
54320,-0.056885,0.009766,1.018311,43.889,0.167939,1.106870,-0.068702
54340,-0.060059,0.008301,1.025391,43.871,0.251908,0.870229,-0.198473
54360,-0.060791,0.011475,1.024170,43.874,0.251908,0.954198,-0.145038
54381,-0.064941,0.008057,1.020020,43.892,0.206107,0.893130,-0.152672
54400,-0.064697,0.008545,1.021973,43.871,0.305344,1.007634,-0.129771
54420,-0.064453,0.009521,1.021973,43.883,0.190840,1.083969,-0.083969
54440,-0.062012,0.006104,1.019531,43.874,0.122137,0.992366,-0.167939
54460,-0.064697,0.009521,1.021973,43.868,0.137405,0.824428,-0.267176
54480,-0.066650,0.012451,1.024658,43.886,0.145038,0.923664,-0.206107
54500,-0.063477,0.009521,1.019043,43.859,0.106870,0.900763,-0.145038
54520,-0.065186,0.008789,1.023438,43.856,0.312977,0.938931,-0.129771
54540,-0.066406,0.008057,1.028809,43.874,0.221374,0.969466,-0.030534
54560,-0.061523,0.006348,1.029541,43.892,0.198473,1.114504,0.030534
54580,-0.062256,0.011230,1.030029,43.889,0.236641,1.106870,-0.137405
54600,-0.061768,-0.000732,1.018555,43.901,0.221374,0.992366,-0.183206
54620,-0.066162,0.003418,1.022217,43.874,0.076336,1.007634,-0.022901
54640,-0.063721,0.010986,1.023926,43.906,0.022901,0.992366,-0.160305
54660,-0.059326,0.009277,1.024658,43.851,0.038168,1.068702,-0.045802
54680,-0.059570,0.009277,1.024414,43.854,0.229008,0.908397,-0.083969
54700,-0.061768,0.011475,1.024170,43.865,0.167939,0.938931,-0.129771
54720,-0.064209,0.007324,1.022461,43.880,0.152672,1.015267,-0.083969
54740,-0.062988,0.010254,1.024414,43.895,0.282443,1.030534,-0.160305
54761,-0.063477,0.010742,1.020264,43.874,0.229008,1.022901,-0.122137
54780,-0.067139,0.008301,1.021973,43.883,0.236641,0.885496,-0.122137
54800,-0.062988,0.007324,1.022705,43.886,0.259542,0.832061,-0.114504
54820,-0.064209,0.009033,1.022705,43.892,0.267176,0.862595,-0.145038
54840,-0.066650,0.010742,1.023682,43.889,0.236641,0.992366,-0.106870
54860,-0.064941,0.010742,1.017578,43.898,0.229008,1.007634,-0.160305
54880,-0.063232,0.008789,1.030518,43.865,0.274809,0.870229,-0.129771
54900,-0.067139,0.010498,1.018555,43.874,0.167939,0.969466,-0.099237
54920,-0.064697,0.010254,1.019775,43.877,0.145038,1.068702,-0.007634
54940,-0.061523,0.008545,1.023438,43.868,0.221374,0.854962,-0.045802
54960,-0.064697,0.012451,1.023926,43.865,0.259542,1.015267,-0.083969
54980,-0.065674,0.015137,1.028809,43.851,0.160305,1.045802,-0.221374
55000,-0.063965,0.011475,1.023926,43.868,0.145038,1.183206,-0.053435
55020,-0.061523,0.006348,1.025635,43.865,0.221374,0.870229,-0.045802
55040,-0.066650,0.006836,1.023926,43.865,0.160305,0.946565,-0.183206
55060,-0.066650,0.013916,1.023438,43.874,0.267176,0.961832,-0.091603
55080,-0.066895,0.010986,1.024902,43.889,0.320611,0.938931,-0.229008
55100,-0.062500,0.009521,1.019287,43.880,0.305344,1.053435,-0.099237
55121,-0.065186,0.011719,1.025146,43.898,0.251908,1.114504,-0.015267
55140,-0.063965,0.010254,1.023193,43.889,0.198473,0.938931,-0.137405
55160,-0.058350,0.010498,1.024658,43.865,0.480916,0.946565,-0.229008
55180,-0.059814,0.008057,1.021729,43.889,0.236641,1.015267,-0.152672
55200,-0.057861,0.008545,1.028809,43.868,0.244275,1.007634,-0.122137
55220,-0.067627,0.011963,1.026611,43.912,0.229008,0.969466,-0.022901
55240,-0.063721,0.011475,1.028809,43.892,0.335878,0.984733,-0.099237
55260,-0.062744,0.009521,1.020508,43.880,0.282443,0.893130,-0.175573
55280,-0.062744,0.009521,1.028564,43.909,0.290076,1.030534,-0.198473
55300,-0.061279,0.006836,1.027832,43.898,0.290076,0.992366,-0.145038
55320,-0.061035,0.010498,1.020264,43.883,0.206107,0.946565,-0.122137
55340,-0.063965,0.010498,1.020752,43.859,0.244275,1.038168,-0.175573
55360,-0.062744,0.010498,1.020996,43.892,0.351145,1.038168,-0.183206
55380,-0.065918,0.008789,1.026611,43.880,0.297710,0.977099,-0.160305
55400,-0.064209,0.005371,1.023926,43.877,0.351145,0.961832,-0.175573
55420,-0.065430,0.013184,1.027832,43.889,0.206107,0.946565,-0.061069
55440,-0.062500,0.008545,1.030029,43.901,0.320611,0.931298,-0.083969
55460,-0.062500,0.005127,1.019775,43.871,0.335878,1.122137,-0.068702
55481,-0.062256,0.006592,1.021729,43.854,0.198473,0.954198,0.000000
55500,-0.062988,0.010010,1.023438,43.877,0.167939,1.053435,-0.106870
55520,-0.064209,0.008545,1.030029,43.871,0.282443,0.969466,-0.129771
55540,-0.062012,0.012695,1.020996,43.862,0.251908,0.984733,-0.038168
55560,-0.063232,0.009277,1.027344,43.883,0.244275,1.083969,-0.129771
55580,-0.063477,0.006836,1.028320,43.895,0.229008,0.938931,-0.206107
55601,-0.065918,0.011230,1.024414,43.898,0.290076,1.091603,-0.106870
55620,-0.062256,0.007568,1.025391,43.854,0.290076,0.961832,-0.206107
55640,-0.064209,0.008057,1.023438,43.868,0.137405,0.977099,-0.175573
55660,-0.064209,0.011230,1.023438,43.874,0.167939,0.870229,-0.099237
55680,-0.065430,0.006836,1.026855,43.859,0.259542,1.030534,-0.122137
55700,-0.060059,0.009766,1.025879,43.874,0.274809,1.000000,-0.137405
55720,-0.064697,0.009033,1.024658,43.851,0.282443,1.045802,-0.068702
55740,-0.066406,0.010254,1.024902,43.880,0.175573,1.091603,-0.099237
55760,-0.062012,0.005371,1.026367,43.862,0.251908,0.984733,-0.038168
55780,-0.065674,0.005615,1.024170,43.862,0.137405,1.045802,-0.061069
55800,-0.072510,0.010010,1.030029,43.859,0.259542,0.969466,-0.183206
55820,-0.067627,0.010254,1.022949,43.865,0.183206,1.099237,-0.122137
55840,-0.066895,0.009277,1.028564,43.865,0.213740,1.000000,-0.030534
55860,-0.062988,0.006836,1.021729,43.871,0.274809,1.045802,-0.152672
55880,-0.061279,0.007568,1.019531,43.856,0.251908,1.000000,-0.152672
55900,-0.065430,0.010010,1.026123,43.895,0.297710,0.870229,-0.129771
55920,-0.062012,0.013672,1.030762,43.868,0.198473,1.007634,-0.083969
55940,-0.061279,0.008789,1.022461,43.889,0.122137,1.015267,-0.076336
55960,-0.061768,0.010742,1.021973,43.886,0.244275,0.954198,-0.145038
55981,-0.066162,0.010010,1.018311,43.871,0.274809,0.992366,-0.129771
56000,-0.066895,0.010498,1.027832,43.874,0.145038,1.160305,-0.175573
56020,-0.066162,0.008789,1.021240,43.877,0.190840,0.969466,0.022901
56040,-0.063477,0.010010,1.022461,43.874,0.198473,1.022901,-0.129771
56060,-0.065186,0.010498,1.021973,43.892,0.137405,0.984733,-0.190840
56080,-0.064453,0.005127,1.019043,43.883,0.190840,1.022901,-0.015267
56100,-0.072266,0.015625,1.028320,43.868,0.259542,1.175573,-0.167939
56120,-0.060791,0.007080,1.022217,43.859,0.221374,0.977099,-0.068702
56140,-0.063232,0.007324,1.028076,43.892,0.106870,0.961832,-0.183206
56160,-0.064209,0.015869,1.020508,43.877,0.000000,0.961832,-0.175573
56180,-0.060791,0.016113,1.025879,43.865,0.259542,0.954198,-0.007634
56200,-0.065186,0.007080,1.023926,43.865,0.160305,1.129771,-0.206107
56220,-0.062744,0.011719,1.022461,43.871,0.221374,0.954198,-0.068702
56240,-0.061035,0.010254,1.023193,43.868,0.251908,1.015267,-0.068702
56260,-0.056641,0.009033,1.018311,43.874,0.061069,1.099237,-0.190840
56280,-0.061523,0.008057,1.018799,43.877,0.068702,0.854962,-0.129771
56300,-0.066162,0.009033,1.027100,43.848,0.221374,0.954198,-0.045802
56320,-0.064697,0.012207,1.021240,43.862,0.251908,1.007634,-0.099237
56340,-0.061768,0.009277,1.025879,43.865,0.282443,1.068702,-0.183206
56361,-0.058838,0.002441,1.021973,43.865,0.198473,1.022901,-0.198473
56380,-0.062256,0.005127,1.022705,43.854,0.221374,0.923664,-0.038168
56400,-0.074463,0.015381,1.042236,43.883,0.312977,0.824428,-0.122137
56420,-0.058838,-0.001221,1.018311,43.862,0.221374,1.015267,-0.198473
56440,-0.056885,0.009033,1.018066,43.845,0.076336,0.946565,-0.183206
56460,-0.067139,0.009521,1.019775,43.868,0.213740,1.038168,-0.091603
56480,-0.068604,0.010498,1.023682,43.895,0.137405,1.022901,-0.114504
56500,-0.062012,0.004395,1.035156,43.862,0.183206,0.969466,-0.160305
56520,-0.061279,0.002930,1.019775,43.889,0.152672,0.961832,-0.099237
56540,-0.063232,0.010742,1.024902,43.874,0.274809,0.954198,-0.099237
56560,-0.064453,0.011719,1.022705,43.886,0.259542,0.916031,-0.022901
56580,-0.067383,0.006348,1.030029,43.886,0.183206,0.977099,-0.129771
56600,-0.064941,0.012695,1.025146,43.839,0.198473,1.114504,-0.183206
56620,-0.062012,0.005371,1.020752,43.880,0.374046,0.954198,-0.122137
56640,-0.055664,0.006836,1.015869,43.842,0.236641,1.007634,-0.129771
56660,-0.060059,0.016113,1.027344,43.898,0.206107,0.832061,-0.053435
56680,-0.070557,0.010986,1.025635,43.883,0.137405,0.916031,-0.030534
56700,-0.065186,0.010498,1.020264,43.874,0.305344,1.198473,-0.076336
56721,-0.059814,0.009521,1.021973,43.886,0.190840,0.870229,-0.190840
56740,-0.064453,0.009033,1.022217,43.871,0.190840,0.992366,-0.206107
56760,-0.060059,0.004395,1.021973,43.877,0.190840,0.969466,-0.068702
56780,-0.067139,0.009521,1.019287,43.868,0.251908,1.030534,-0.206107
56800,-0.065918,0.011230,1.019043,43.868,0.274809,1.007634,-0.099237
56820,-0.094727,-0.003906,1.052979,43.895,0.358779,0.893130,-0.167939
56840,-0.062500,0.009277,1.013184,43.865,0.206107,0.763359,-0.122137
56860,-0.069336,0.007324,1.008545,43.842,0.213740,1.045802,-0.236641
56880,-0.058838,0.005371,1.025146,43.880,0.251908,1.137405,-0.007634
56900,-0.061035,0.010986,1.019043,43.859,0.213740,0.977099,-0.053435
56920,-0.061279,0.004150,1.024414,43.862,-0.061069,1.038168,-0.267176
56940,-0.065918,0.011230,1.024658,43.901,0.236641,1.022901,-0.213740
56960,-0.063965,0.009277,1.021973,43.859,0.328244,1.129771,-0.083969
56980,-0.063232,0.003662,1.026367,43.904,0.160305,0.969466,-0.030534
57000,-0.063232,0.008545,1.027100,43.854,0.274809,0.870229,-0.137405
57020,-0.059814,0.011963,1.023438,43.898,0.267176,0.938931,-0.091603
57040,-0.082031,0.023193,1.038086,43.868,0.221374,1.030534,-0.061069
57060,-0.080811,-0.000488,1.018799,43.886,0.312977,1.007634,-0.152672
57080,-0.071045,0.008301,1.038818,43.862,0.381679,1.007634,-0.145038
57101,-0.069824,0.008789,1.040283,43.886,0.206107,0.916031,-0.099237
57120,-0.063721,0.006836,1.023438,43.895,0.167939,1.076336,-0.190840
57140,-0.060303,0.006104,1.022461,43.871,0.190840,0.977099,-0.190840
57160,-0.060791,0.012939,1.024170,43.883,0.206107,0.809160,-0.137405
57180,-0.065186,0.016357,1.022705,43.883,0.175573,0.908397,-0.122137
57200,-0.060547,0.005615,1.026855,43.877,0.129771,1.068702,-0.152672
57220,-0.060547,0.008301,1.018799,43.892,0.328244,1.099237,-0.206107
57240,-0.067871,0.013428,1.028564,43.871,0.206107,0.946565,-0.083969
57260,-0.064209,0.011475,1.027832,43.883,0.083969,0.961832,-0.061069
57280,-0.060791,0.007080,1.030518,43.883,0.045802,0.877863,-0.160305
57300,-0.058350,0.007568,1.026123,43.874,0.030534,0.969466,-0.083969
57320,-0.061279,0.011230,1.019775,43.871,0.236641,0.984733,-0.083969
57340,-0.061523,0.004883,1.024658,43.865,0.267176,0.916031,-0.145038
57360,-0.063965,0.008789,1.026367,43.889,0.213740,0.938931,-0.045802
57380,-0.065186,0.013184,1.024902,43.895,0.297710,0.992366,-0.106870
57400,-0.065430,0.008301,1.020996,43.886,0.442748,1.030534,-0.167939
57420,-0.063965,0.008301,1.021973,43.889,0.267176,1.106870,-0.190840
57440,-0.062988,0.008057,1.018555,43.865,0.312977,0.961832,-0.083969
57460,-0.059082,0.009277,1.023682,43.886,0.351145,0.916031,-0.129771
57481,-0.062256,0.003906,1.024170,43.874,0.251908,1.000000,-0.122137
57500,-0.065918,0.012939,1.021729,43.886,0.328244,0.931298,-0.076336
57520,-0.066895,0.007813,1.029785,43.877,0.251908,1.175573,-0.114504
57540,-0.059814,0.009766,1.019531,43.895,0.152672,1.045802,-0.190840
57560,-0.058838,0.002686,1.023682,43.851,0.229008,0.938931,-0.152672
57580,-0.062500,0.007813,1.030029,43.865,0.137405,1.045802,-0.038168
57600,-0.066650,0.013916,1.024902,43.886,0.198473,0.977099,-0.007634
57620,-0.064453,0.012939,1.022705,43.877,0.122137,0.931298,-0.106870
57640,-0.059570,0.003906,1.019043,43.874,0.320611,0.839695,-0.244275
57660,-0.063721,0.012207,1.041016,43.859,0.732824,1.396947,-0.076336
57680,-0.066162,0.010498,1.017578,43.868,0.297710,0.992366,-0.099237
57700,-0.060547,0.003662,1.021973,43.880,0.290076,1.022901,-0.152672
57720,-0.067139,0.012695,1.022949,43.865,0.282443,1.076336,-0.038168
57740,-0.059082,0.013916,1.020752,43.848,0.183206,0.877863,-0.122137
57760,-0.063477,0.007568,1.030518,43.880,0.221374,0.923664,-0.145038
57780,-0.068604,0.004395,1.022461,43.880,0.274809,1.114504,-0.099237
57800,-0.068848,0.022217,1.015625,43.874,0.236641,1.091603,-0.183206
57820,-0.066162,0.006592,1.025146,43.871,0.183206,0.992366,-0.175573
57841,-0.068848,0.006592,1.025635,43.883,0.198473,1.007634,-0.061069
57860,-0.067871,0.013672,1.025879,43.848,0.259542,1.030534,-0.213740
57880,-0.059082,0.004150,1.026123,43.889,0.290076,0.900763,-0.076336
57900,-0.061523,0.006348,1.023926,43.886,0.198473,0.816794,-0.068702
57920,-0.067627,0.010254,1.026367,43.886,0.267176,1.061069,-0.068702
57940,-0.062500,0.010742,1.028809,43.871,0.297710,1.091603,-0.137405
57960,-0.085938,0.006592,1.021973,43.856,0.229008,1.175573,-0.145038
57980,-0.068604,0.013184,1.019287,43.859,0.320611,1.129771,-0.068702
58000,-0.051758,0.015625,1.019775,43.886,0.183206,1.022901,-0.083969
58020,-0.054932,0.018799,1.038330,43.895,0.114504,0.824428,-0.175573
58040,-0.067627,0.005859,1.035400,43.889,0.015267,0.824428,-0.083969
58060,-0.084229,0.013672,1.022949,43.906,0.190840,1.183206,-0.145038
58080,-0.065918,0.014648,1.016846,43.859,0.374046,1.137405,-0.045802
58100,-0.051270,0.004883,1.024170,43.865,0.045802,0.992366,-0.267176
58120,-0.064453,0.010986,1.023438,43.886,0.114504,1.000000,-0.251908
58140,-0.068848,0.015625,1.026855,43.868,0.221374,0.961832,-0.244275
58160,-0.058594,0.010010,1.028564,43.871,0.396947,1.030534,-0.114504
58180,-0.063477,0.003418,1.018066,43.854,0.381679,0.992366,-0.068702
58200,-0.030762,0.002930,1.031494,43.871,0.320611,0.824428,-0.122137
58220,-0.062500,0.014648,1.011230,43.859,-0.015267,0.900763,-0.129771
58240,-0.062988,0.010254,1.015869,43.868,0.312977,1.038168,-0.068702
58260,-0.063965,0.015625,1.023926,43.842,0.320611,0.931298,-0.022901
58280,-0.066406,0.008057,1.017334,43.883,0.152672,0.877863,-0.160305
58300,-0.067383,0.007813,1.025146,43.845,0.053435,1.007634,-0.114504
58320,-0.062500,0.008057,1.030762,43.883,0.206107,0.938931,-0.114504
58341,-0.065186,0.009766,1.023926,43.848,0.328244,1.000000,0.038168
58360,-0.061279,0.005859,1.022461,43.854,0.145038,1.022901,-0.236641
58380,-0.062744,0.011230,1.025635,43.862,0.145038,1.015267,-0.167939
58400,-0.065186,0.011719,1.038818,43.874,0.374046,0.938931,-0.206107
58420,-0.068848,0.005615,1.030273,43.880,0.137405,0.961832,-0.160305
58440,-0.061768,0.012207,1.013916,43.868,0.274809,1.099237,-0.114504
58460,-0.046143,0.010986,1.016602,43.895,0.122137,0.778626,-0.259542
58480,-0.056396,0.007080,1.029053,43.862,-0.038168,0.824428,-0.221374
58500,-0.076904,0.012695,1.030029,43.854,0.251908,1.061069,-0.106870
58520,-0.065918,0.018311,1.018311,43.836,0.488550,1.053435,-0.106870
58540,-0.061523,0.008789,1.023926,43.868,0.236641,0.984733,-0.099237
58560,-0.066162,0.005859,1.017822,43.871,0.061069,1.000000,-0.167939
58580,-0.065918,0.010010,1.029541,43.862,0.259542,0.977099,-0.083969
58600,-0.060791,0.013672,1.024658,43.883,0.244275,1.083969,-0.122137
58620,-0.064941,0.008301,1.024658,43.865,0.320611,0.954198,-0.083969
58640,-0.060547,0.006104,1.029297,43.877,0.229008,1.053435,-0.137405
58660,-0.053955,0.008789,1.002197,43.886,0.236641,1.213740,-0.190840
58680,-0.054932,0.006592,1.023926,43.859,0.167939,0.900763,-0.099237
58700,-0.066406,0.013672,1.007568,43.851,0.267176,0.992366,-0.114504
58721,-0.069092,0.014404,1.024902,43.871,0.374046,1.038168,-0.236641
58740,-0.055664,0.006104,1.017578,43.862,0.167939,1.000000,-0.213740
58760,-0.059570,0.011963,1.021973,43.880,0.251908,0.969466,-0.160305
58780,-0.065674,0.011475,1.026855,43.871,0.091603,1.045802,-0.114504
58800,-0.068359,0.009766,1.024170,43.856,0.167939,1.022901,-0.076336
58820,-0.062988,0.009277,1.025635,43.859,0.351145,1.045802,-0.083969
58840,-0.060303,0.006592,1.023438,43.851,0.167939,0.954198,-0.167939
58860,-0.063721,0.009033,1.026123,43.854,0.213740,1.068702,-0.022901
58880,-0.062988,0.012207,1.021240,43.871,0.229008,0.977099,-0.175573
58900,-0.062012,0.011719,1.020752,43.868,0.274809,0.916031,-0.244275
58920,-0.061523,0.011230,1.025879,43.871,0.305344,0.992366,-0.030534
58940,-0.063477,0.007080,1.020996,43.871,0.167939,0.984733,-0.076336
58960,-0.063965,0.005615,1.022461,43.868,0.183206,1.000000,-0.152672
58980,-0.062256,0.010742,1.024902,43.845,0.221374,0.908397,-0.083969
59000,-0.064453,0.008057,1.024414,43.874,0.312977,1.030534,-0.122137
59020,-0.065186,0.009277,1.019043,43.874,0.282443,0.961832,-0.167939
59040,-0.065918,0.009766,1.021973,43.856,0.183206,0.900763,-0.160305
59060,-0.065674,0.007080,1.023926,43.889,0.282443,1.015267,-0.114504
59081,-0.066406,0.010742,1.024414,43.839,0.114504,0.923664,-0.198473
59100,-0.060791,0.010742,1.023926,43.862,0.229008,1.160305,-0.114504
59120,-0.062256,0.008057,1.025146,43.883,0.251908,0.893130,-0.137405
59140,-0.062256,0.008301,1.024902,43.877,0.183206,0.885496,-0.106870
59160,-0.065918,0.007324,1.023682,43.871,0.129771,0.916031,-0.068702
59180,-0.062500,0.012695,1.021729,43.868,0.221374,1.000000,-0.061069
59200,-0.064941,0.008301,1.024902,43.886,0.290076,1.007634,-0.053435
59220,-0.061768,0.009766,1.020508,43.862,0.129771,1.076336,-0.061069
59240,-0.065186,0.008789,1.020996,43.859,0.198473,1.045802,-0.190840
59260,-0.062988,0.007813,1.023682,43.862,0.213740,0.908397,-0.076336
59280,-0.064209,0.007568,1.024902,43.880,0.297710,0.908397,-0.015267
59300,-0.063477,0.009521,1.019287,43.883,0.122137,1.007634,-0.114504
59320,-0.063477,0.014160,1.023438,43.856,0.221374,0.954198,-0.114504
59340,-0.065186,0.008545,1.021484,43.883,0.137405,0.992366,-0.114504
59360,-0.063965,0.009033,1.025879,43.889,0.221374,0.908397,-0.137405
59380,-0.064453,0.009277,1.025146,43.851,0.259542,0.854962,-0.068702
59400,-0.062012,0.007568,1.026855,43.877,0.221374,0.900763,0.007634
59420,-0.065186,0.014160,1.029297,43.868,0.274809,0.977099,-0.190840
59440,-0.058350,0.004883,1.020020,43.851,0.198473,0.923664,-0.106870
59461,-0.063232,0.012451,1.023438,43.874,0.229008,0.992366,-0.083969
59480,-0.064209,0.008057,1.019043,43.862,0.167939,0.977099,-0.137405
59500,-0.061768,0.012451,1.020752,43.877,0.167939,1.045802,-0.061069
59520,-0.062744,0.011230,1.020264,43.851,0.297710,0.961832,-0.152672
59540,-0.062744,0.004883,1.027344,43.877,0.328244,0.938931,-0.190840
59560,-0.061523,0.008057,1.024414,43.859,0.175573,1.030534,-0.061069
59580,-0.063965,0.010742,1.030273,43.868,0.183206,1.106870,-0.068702
59600,-0.065430,0.011719,1.025879,43.862,0.068702,0.984733,-0.137405
59620,-0.066162,0.010010,1.020020,43.898,0.206107,0.908397,-0.175573
59640,-0.064209,0.012939,1.023682,43.874,0.213740,0.877863,-0.122137
59660,-0.063965,0.004395,1.020996,43.859,0.183206,0.969466,-0.167939
59680,-0.062500,0.010254,1.027344,43.851,0.206107,0.877863,-0.175573
59700,-0.059570,0.007568,1.030518,43.874,0.305344,1.045802,-0.083969
59720,-0.064941,0.010742,1.029053,43.848,0.221374,0.938931,-0.137405
59740,-0.063965,0.009277,1.022949,43.877,0.129771,0.977099,-0.068702
59760,-0.063477,0.008545,1.020996,43.904,0.137405,0.969466,-0.160305
59780,-0.062988,0.009766,1.023193,43.874,0.167939,0.977099,-0.114504
59800,-0.060547,0.011963,1.018555,43.868,0.167939,0.946565,-0.198473
59821,-0.065674,0.007813,1.020996,43.874,0.213740,0.885496,-0.122137
59840,-0.069336,0.010254,1.026855,43.842,0.183206,0.977099,-0.061069
59860,-0.064209,0.010742,1.029053,43.904,0.236641,1.015267,-0.083969
59880,-0.065674,0.010986,1.020996,43.848,0.282443,0.908397,-0.068702
59900,-0.062988,0.007568,1.026611,43.868,0.236641,0.961832,-0.229008
59920,-0.063721,0.012207,1.024902,43.865,0.282443,1.068702,-0.190840
59940,-0.062744,0.012695,1.024414,43.874,0.213740,0.992366,-0.091603
59960,-0.062988,0.009766,1.023682,43.880,0.183206,1.022901,-0.068702
59980,-0.065186,0.009033,1.031494,43.889,0.236641,0.923664,-0.015267
60000,-0.067871,0.009766,1.026611,43.859,0.290076,0.977099,-0.160305
60020,-0.062744,0.008545,1.022461,43.851,0.244275,0.916031,-0.145038
60040,-0.060303,0.010010,1.022461,43.851,0.305344,1.068702,-0.190840
60060,-0.061768,0.007568,1.025635,43.859,0.213740,0.877863,-0.190840
60080,-0.064941,0.006592,1.021973,43.854,0.152672,0.977099,-0.167939
60100,-0.060791,0.008057,1.025391,43.865,0.213740,1.038168,-0.122137
60120,-0.064941,0.005615,1.023193,43.842,0.091603,0.938931,-0.152672
60140,-0.064209,0.013428,1.021729,43.874,0.190840,1.122137,-0.145038
60160,-0.059570,0.009521,1.022461,43.848,0.236641,0.961832,-0.198473
60181,-0.069824,0.007568,1.024658,43.865,0.236641,1.030534,-0.175573
60200,-0.062256,0.011230,1.023193,43.868,0.122137,1.030534,-0.076336
60220,-0.064941,0.012695,1.018555,43.898,0.229008,0.969466,-0.129771
60240,-0.063477,0.008789,1.024902,43.865,0.274809,0.946565,-0.274809
60260,-0.066162,0.009033,1.021484,43.833,0.221374,1.045802,-0.068702
60280,-0.062500,0.004150,1.021973,43.892,0.045802,0.908397,-0.175573
60300,-0.064697,0.011475,1.017578,43.877,0.175573,0.954198,-0.022901
60320,-0.060791,0.009766,1.030518,43.851,0.137405,1.007634,-0.213740
60340,-0.058594,0.009033,1.023193,43.859,0.183206,1.053435,-0.213740
60360,-0.061523,0.003906,1.024658,43.871,0.183206,0.984733,0.022901
60380,-0.062012,0.008301,1.012939,43.871,0.206107,0.992366,-0.083969
60400,-0.063232,0.010742,1.020996,43.854,0.251908,1.022901,-0.045802
60420,-0.066406,0.009766,1.018799,43.865,0.206107,1.083969,-0.106870
60440,-0.065674,0.009277,1.023438,43.871,0.351145,1.015267,-0.030534
60460,-0.067383,0.011230,1.024170,43.839,0.267176,1.038168,-0.274809
60480,-0.067383,0.010254,1.027100,43.865,0.267176,0.954198,-0.183206
60500,-0.062744,0.008789,1.019287,43.845,0.236641,1.038168,-0.015267
60520,-0.065674,0.010254,1.031738,43.848,0.206107,0.862595,-0.221374
60540,-0.063477,0.010986,1.021973,43.859,0.167939,1.099237,-0.114504
60560,-0.064209,0.009521,1.023193,43.868,0.137405,1.053435,-0.152672
60580,-0.065430,0.005859,1.022217,43.874,0.236641,1.007634,-0.129771
60600,-0.061768,0.010986,1.023682,43.848,0.251908,0.923664,-0.083969
60620,-0.065186,0.011963,1.026367,43.871,0.221374,0.908397,-0.106870
60640,-0.063477,0.010254,1.026855,43.871,0.152672,0.923664,-0.122137
60660,-0.063965,0.010254,1.019531,43.904,0.213740,1.038168,-0.160305
60681,-0.065918,0.008545,1.021729,43.862,0.335878,0.809160,-0.091603
60700,-0.065918,0.010010,1.028076,43.868,0.259542,0.977099,-0.129771
60720,-0.058105,0.016357,1.024414,43.845,0.206107,1.038168,-0.183206
60740,-0.064697,0.007324,1.020996,43.883,0.236641,0.893130,-0.160305
60760,-0.064453,0.011230,1.020996,43.845,0.137405,0.992366,-0.030534
60780,-0.063965,0.009521,1.022705,43.845,0.129771,0.984733,-0.106870
60800,-0.058838,0.010010,1.015869,43.862,0.213740,0.900763,-0.076336
60820,-0.064209,0.007568,1.020020,43.842,0.229008,1.053435,-0.122137
60840,-0.066162,0.012207,1.021484,43.871,0.274809,0.946565,-0.091603
60860,-0.062988,0.013672,1.023682,43.868,0.274809,1.007634,-0.030534
60880,-0.062256,0.009277,1.023926,43.868,0.305344,0.946565,-0.152672
60900,-0.064453,0.012451,1.024902,43.845,0.244275,0.870229,-0.129771
60920,-0.063965,0.009766,1.020508,43.883,0.190840,1.083969,-0.145038
60940,-0.068359,0.010254,1.016602,43.848,0.175573,1.022901,-0.122137
60960,-0.063232,0.006348,1.017578,43.883,0.175573,0.893130,-0.122137
60980,-0.062012,0.010742,1.030029,43.874,0.221374,1.137405,-0.160305
61000,-0.065674,0.008545,1.030273,43.839,0.320611,0.977099,-0.114504
61020,-0.066406,0.009766,1.021240,43.862,0.183206,1.030534,-0.175573
61041,-0.060303,0.006836,1.023193,43.862,0.244275,0.946565,-0.145038
61061,-0.064453,0.007813,1.013916,43.865,0.259542,0.992366,-0.183206
61080,-0.063232,0.010498,1.019775,43.892,0.267176,1.061069,-0.106870
61100,-0.058838,0.009277,1.021240,43.845,0.122137,1.015267,-0.061069
61120,-0.063232,0.009766,1.022217,43.859,0.259542,0.916031,-0.152672
61140,-0.065918,0.007813,1.029541,43.877,0.175573,0.977099,-0.061069
61160,-0.061035,0.006348,1.026123,43.874,0.221374,0.984733,-0.083969
61180,-0.068359,0.007324,1.028076,43.889,0.183206,0.931298,-0.129771
61200,-0.062256,0.013428,1.024658,43.859,0.320611,0.885496,-0.099237
61220,-0.063965,0.016113,1.025146,43.848,0.290076,0.961832,-0.175573
61240,-0.065430,0.006592,1.031006,43.886,0.297710,0.977099,-0.122137
61260,-0.065674,0.006592,1.022705,43.856,0.251908,0.992366,-0.022901
61280,-0.062256,0.012207,1.022705,43.883,0.320611,1.030534,-0.083969
61300,-0.064209,0.007568,1.028320,43.880,0.167939,0.946565,-0.038168
61320,-0.047852,0.004395,1.015869,43.895,0.206107,1.000000,-0.175573
61340,-0.074707,0.008301,1.026855,43.871,0.229008,0.916031,-0.099237
61360,-0.063965,0.008789,1.021484,43.862,0.259542,0.893130,-0.015267
61380,-0.062744,0.006348,1.020752,43.868,0.236641,0.984733,-0.091603
61400,-0.060547,0.012451,1.021484,43.862,0.213740,1.007634,-0.114504
61421,-0.068359,0.008789,1.030029,43.898,0.229008,1.038168,-0.167939
61440,-0.061035,0.006592,1.027832,43.865,0.244275,1.122137,-0.007634
61460,-0.062012,0.011475,1.023682,43.877,0.206107,0.931298,-0.137405
61480,-0.060059,0.006348,1.020996,43.877,0.221374,0.893130,-0.175573
61500,-0.062500,0.011719,1.023926,43.862,0.198473,0.839695,-0.061069
61520,-0.064453,0.009033,1.028320,43.865,0.198473,1.000000,-0.183206
61540,-0.063721,0.007568,1.025635,43.856,0.236641,1.000000,-0.114504
61560,-0.061035,0.010742,1.028809,43.877,0.290076,0.938931,-0.145038
61580,-0.067383,0.011230,1.023682,43.880,0.366412,0.969466,-0.137405
61600,-0.064209,0.008545,1.022705,43.845,0.267176,0.931298,-0.099237
61620,-0.062988,0.008545,1.023193,43.839,0.267176,0.908397,-0.114504
61640,-0.064453,0.007080,1.020264,43.856,0.244275,0.954198,-0.091603
61660,-0.062988,0.011230,1.025391,43.889,0.198473,0.977099,-0.129771
61680,-0.066650,0.008057,1.024170,43.865,0.167939,0.977099,-0.007634
61700,-0.063232,0.008789,1.020752,43.865,0.305344,1.000000,-0.152672
61720,-0.065186,0.003906,1.022461,43.862,0.167939,1.000000,-0.038168
61740,-0.063477,0.012207,1.023926,43.859,0.244275,1.061069,-0.198473
61760,-0.064941,0.007080,1.020752,43.868,0.198473,0.839695,-0.145038
61781,-0.064697,0.011719,1.025146,43.868,0.129771,1.053435,-0.083969
61800,-0.062012,0.011963,1.030518,43.862,0.129771,1.022901,-0.221374
61820,-0.065674,0.008301,1.020508,43.871,0.106870,1.000000,-0.282443
61840,-0.064697,0.010742,1.028076,43.865,0.206107,1.045802,-0.183206
61860,-0.062988,0.009521,1.025391,43.862,0.282443,1.015267,-0.106870
61880,-0.065430,0.012939,1.018555,43.854,0.251908,1.022901,-0.160305
61900,-0.065186,0.009033,1.019287,43.868,0.213740,1.145038,-0.183206
61920,-0.064209,0.009521,1.021729,43.865,0.221374,0.977099,-0.213740
61940,-0.062988,0.007324,1.024902,43.889,0.267176,0.916031,-0.137405
61960,-0.064941,0.008789,1.027344,43.856,0.175573,1.015267,-0.206107
61980,-0.062988,0.008789,1.024414,43.859,0.274809,0.923664,-0.129771
62000,-0.065430,0.012695,1.023193,43.856,0.175573,1.045802,-0.015267
62020,-0.070557,0.007813,1.020020,43.880,0.167939,1.083969,-0.099237
62040,-0.067627,0.010986,1.021484,43.865,0.137405,0.923664,-0.137405
62060,-0.063721,0.011963,1.021729,43.862,0.236641,0.969466,-0.114504
62080,-0.066650,0.010986,1.019531,43.854,0.206107,0.984733,-0.206107
62100,-0.067871,0.014893,1.024658,43.851,0.198473,1.000000,-0.129771
62120,-0.063232,0.009033,1.022705,43.871,0.221374,1.022901,-0.091603
62141,-0.064453,0.009521,1.023926,43.859,0.152672,1.007634,-0.167939
62160,-0.062256,0.009766,1.022705,43.871,0.152672,0.984733,-0.183206
62180,-0.063965,0.006104,1.023438,43.868,0.152672,1.015267,-0.206107
62200,-0.061768,0.008301,1.018311,43.909,0.175573,0.870229,-0.053435
62220,-0.057861,0.009277,1.023438,43.865,0.328244,1.045802,-0.038168
62240,-0.064697,0.013916,1.024170,43.856,0.259542,1.030534,-0.068702
62260,-0.064209,0.007813,1.023438,43.886,0.198473,0.954198,-0.106870
62280,-0.062256,0.004395,1.025635,43.856,0.274809,1.000000,-0.068702
62300,-0.065186,0.018799,1.020752,43.862,0.213740,0.977099,0.015267
62320,-0.067383,0.007813,1.024170,43.854,0.038168,0.977099,-0.030534
62340,-0.060303,0.003418,1.030518,43.845,0.190840,0.893130,-0.099237
62360,-0.061035,0.007324,1.021484,43.854,0.274809,1.045802,-0.160305
62380,-0.061768,0.010254,1.023682,43.842,0.229008,1.129771,-0.091603
62400,-0.064209,0.009277,1.025391,43.889,0.206107,0.847328,-0.160305
62420,-0.059814,0.010742,1.022949,43.851,0.282443,0.809160,-0.068702
62440,-0.061768,0.007080,1.024170,43.856,0.175573,1.030534,-0.167939
62460,-0.067139,0.011963,1.023926,43.862,0.290076,0.908397,-0.145038
62480,-0.063721,0.011963,1.016846,43.889,0.167939,0.977099,-0.038168
62501,-0.064453,0.011230,1.027344,43.868,0.267176,0.938931,-0.198473
62520,-0.063477,0.007813,1.024170,43.859,0.206107,1.083969,-0.221374
62540,-0.062988,0.008545,1.022217,43.827,0.251908,0.954198,-0.190840
62560,-0.063477,0.010010,1.021973,43.851,0.198473,1.061069,-0.068702
62580,-0.063965,0.011963,1.024658,43.862,0.213740,1.038168,-0.114504
62600,-0.063477,0.010010,1.022705,43.839,0.236641,0.954198,-0.129771
62620,-0.065674,0.007080,1.021240,43.851,0.320611,0.977099,-0.068702
62640,-0.069336,0.010010,1.029053,43.862,0.122137,0.931298,-0.083969
62660,-0.061768,0.006836,1.024170,43.868,0.206107,0.984733,-0.007634
62680,-0.067627,0.008789,1.018066,43.865,0.213740,1.076336,-0.076336
62700,-0.064209,0.008545,1.019775,43.868,0.167939,1.083969,-0.038168
62720,-0.062500,0.014160,1.021973,43.848,0.267176,0.977099,-0.114504
62740,-0.060059,0.007080,1.026855,43.854,0.198473,0.961832,-0.099237
62760,-0.067627,0.008057,1.021484,43.854,0.183206,0.977099,-0.122137
62780,-0.066162,0.009521,1.021484,43.865,0.137405,1.068702,-0.053435
62800,-0.068848,0.009033,1.022217,43.842,0.221374,0.877863,-0.137405
62820,-0.065918,0.013184,1.020752,43.871,0.221374,0.984733,-0.229008
62840,-0.066406,0.013428,1.021973,43.892,0.267176,1.000000,-0.076336
62860,-0.061768,0.006348,1.018311,43.862,0.221374,0.916031,-0.099237
62880,-0.064697,0.010742,1.024170,43.862,0.213740,0.961832,-0.145038
62900,-0.062012,0.008301,1.020020,43.865,0.305344,1.061069,-0.015267
62920,-0.061035,0.008057,1.017578,43.880,0.213740,0.969466,-0.114504
62940,-0.065674,0.012207,1.024658,43.851,0.236641,1.030534,-0.022901
62960,-0.057861,0.010010,1.020020,43.880,0.198473,0.900763,-0.145038
62980,-0.062744,0.010254,1.021240,43.892,0.167939,0.946565,-0.099237
63000,-0.065918,0.009521,1.022461,43.833,0.183206,1.030534,-0.175573
63021,-0.063721,0.012207,1.023438,43.883,0.236641,1.045802,-0.229008
63040,-0.063721,0.011230,1.026611,43.877,0.229008,0.847328,-0.167939
63060,-0.063232,0.009277,1.019287,43.862,0.198473,0.977099,-0.198473
63080,-0.063721,0.008545,1.024170,43.836,0.282443,0.908397,-0.183206
63100,-0.067627,0.010254,1.024658,43.868,0.213740,1.061069,-0.122137
63120,-0.064453,0.005371,1.027344,43.851,0.175573,1.038168,-0.152672
63140,-0.063232,0.010254,1.022949,43.871,0.267176,1.076336,-0.045802
63160,-0.064209,0.008301,1.019531,43.868,0.213740,0.931298,-0.213740
63180,-0.064453,0.014160,1.023926,43.859,0.198473,1.000000,-0.045802
63200,-0.063477,0.009277,1.020508,43.848,0.229008,1.015267,-0.015267
63220,-0.067139,0.010498,1.016113,43.862,0.236641,0.977099,-0.038168
63240,-0.063965,0.009033,1.021973,43.839,0.206107,1.068702,-0.160305
63260,-0.065430,0.010010,1.018066,43.856,0.137405,0.931298,-0.129771
63280,-0.063721,0.010742,1.018799,43.854,0.282443,1.068702,-0.145038
63300,-0.060791,0.013184,1.026367,43.854,0.259542,0.946565,-0.076336
63320,-0.062012,0.010254,1.020752,43.859,0.160305,0.954198,-0.236641
63340,-0.064941,0.006104,1.021240,43.862,0.221374,0.938931,-0.175573
63360,-0.062500,0.008057,1.024414,43.848,0.328244,0.824428,-0.145038
63381,-0.063477,0.009277,1.022217,43.862,0.229008,0.908397,-0.152672
63400,-0.065674,0.010986,1.020752,43.865,0.251908,1.000000,-0.076336
63420,-0.064453,0.010010,1.025635,43.877,0.282443,0.977099,-0.091603
63440,-0.057373,0.007568,1.028076,43.862,0.167939,0.931298,-0.106870
63460,-0.064209,0.005859,1.026611,43.877,0.175573,1.076336,0.000000
63480,-0.063232,0.009766,1.024902,43.827,0.183206,1.015267,-0.167939
63500,-0.066162,0.002441,1.024658,43.859,0.282443,1.015267,-0.045802
63520,-0.057617,0.010010,1.026855,43.865,0.206107,0.847328,-0.114504
63540,-0.061768,0.009033,1.029541,43.842,0.053435,0.900763,-0.114504
63560,-0.063721,0.011230,1.026855,43.877,0.282443,0.946565,-0.038168
63580,-0.059326,0.012939,1.020752,43.848,0.129771,1.068702,-0.061069
63600,-0.062500,0.012939,1.019775,43.865,0.145038,0.961832,-0.106870
63620,-0.059082,0.007080,1.025635,43.836,0.137405,0.900763,-0.068702
63640,-0.063477,0.012695,1.023438,43.851,0.267176,0.877863,-0.183206
63660,-0.063232,0.010010,1.018799,43.874,0.114504,0.938931,-0.083969
63680,-0.064209,0.006592,1.021729,43.862,0.221374,0.992366,-0.099237
63700,-0.059814,0.011719,1.024170,43.868,0.190840,0.832061,-0.221374
63720,-0.060547,0.011719,1.021240,43.842,0.251908,1.030534,-0.145038
63741,-0.063965,0.007324,1.025635,43.880,0.160305,0.977099,-0.206107
63760,-0.063477,0.007080,1.025879,43.856,0.152672,1.015267,-0.152672
63780,-0.066406,0.011719,1.018066,43.842,0.251908,1.061069,-0.145038
63800,-0.065918,0.010742,1.026611,43.862,0.229008,0.931298,-0.129771
63820,-0.063721,0.012451,1.022705,43.880,0.145038,0.862595,-0.106870
63840,-0.060547,0.009521,1.026367,43.874,0.190840,1.091603,-0.099237
63860,-0.065186,0.010498,1.031738,43.859,0.167939,0.893130,-0.038168
63880,-0.064697,0.008301,1.026123,43.845,0.244275,1.007634,0.000000
63900,-0.065918,0.006104,1.018311,43.833,0.251908,1.061069,-0.145038
63920,-0.062988,0.004639,1.024902,43.865,0.274809,1.106870,-0.190840
63940,-0.063232,0.015137,1.022217,43.836,0.236641,0.961832,-0.038168
63960,-0.065186,0.010010,1.024658,43.871,0.236641,1.007634,-0.229008
63980,-0.059082,0.005615,1.022461,43.851,0.244275,0.931298,-0.129771
64000,-0.060059,0.011475,1.020752,43.868,0.221374,0.954198,-0.229008
64020,-0.060547,0.008789,1.024170,43.848,0.221374,1.000000,-0.053435
64040,-0.067871,0.010986,1.023682,43.886,0.152672,0.923664,-0.053435
64060,-0.062988,0.002930,1.028076,43.874,0.229008,1.045802,-0.053435
64080,-0.062988,0.005127,1.020020,43.839,0.297710,0.954198,-0.022901
64101,-0.066162,0.013916,1.018799,43.871,0.137405,0.916031,-0.091603
64120,-0.063477,0.011719,1.023926,43.842,0.122137,0.946565,-0.137405
64140,-0.059082,0.008545,1.026855,43.856,0.175573,0.946565,-0.007634
64160,-0.057861,0.010986,1.022217,43.877,0.183206,0.931298,-0.106870
64180,-0.064697,0.010010,1.020264,43.851,0.175573,0.961832,-0.114504
64200,-0.068359,0.010742,1.025879,43.851,0.274809,0.839695,-0.122137
64220,-0.061523,0.007324,1.029541,43.851,0.274809,0.885496,-0.114504
64240,-0.063721,0.006836,1.026611,43.856,0.198473,0.908397,-0.160305
64260,-0.062256,0.014160,1.028076,43.859,0.305344,0.946565,-0.183206
64280,-0.062012,0.010986,1.020996,43.868,0.244275,0.969466,-0.145038
64300,-0.063477,0.006592,1.025391,43.862,0.274809,1.022901,-0.152672
64320,-0.065918,0.008301,1.025146,43.865,0.297710,1.083969,-0.122137
64340,-0.063232,0.009033,1.020264,43.845,0.114504,0.870229,-0.167939
64360,-0.064209,0.008545,1.021240,43.851,0.290076,0.938931,-0.106870
64380,-0.064209,0.007568,1.022461,43.859,0.267176,1.091603,-0.106870
64400,-0.061035,0.010254,1.021973,43.833,0.213740,0.931298,-0.175573
64420,-0.062500,0.010254,1.021729,43.859,0.183206,0.900763,-0.152672
64440,-0.065674,0.010010,1.026855,43.842,0.122137,0.954198,-0.183206
64461,-0.061035,0.011230,1.020996,43.868,0.274809,1.053435,-0.122137
64480,-0.063232,0.017090,1.026123,43.848,0.145038,1.030534,-0.091603
64500,-0.063965,0.007324,1.023193,43.886,0.175573,1.038168,-0.183206
64520,-0.061768,0.012939,1.033936,43.865,0.251908,0.885496,-0.068702
64540,-0.063965,0.009766,1.022949,43.865,0.160305,1.015267,-0.213740
64560,-0.065918,0.013916,1.026367,43.848,0.267176,1.061069,-0.175573
64580,-0.060547,0.010742,1.027344,43.862,0.229008,0.977099,-0.099237
64600,-0.062988,0.005859,1.017822,43.871,0.206107,0.885496,-0.099237
64620,-0.063965,0.012207,1.025146,43.859,0.267176,1.022901,-0.122137
64640,-0.065430,0.012939,1.021484,43.848,0.221374,0.893130,-0.106870
64660,-0.065430,0.009766,1.022949,43.848,0.312977,0.923664,-0.045802
64680,-0.061523,0.010010,1.017578,43.845,0.244275,0.969466,-0.068702
64700,-0.066406,0.008545,1.020752,43.859,0.274809,0.946565,-0.076336
64720,-0.060547,0.009033,1.027100,43.868,0.259542,0.916031,-0.137405
64740,-0.065430,0.010742,1.024414,43.874,0.251908,0.923664,-0.053435
64760,-0.065674,0.008301,1.022217,43.874,0.244275,1.122137,-0.129771
64780,-0.063721,0.007080,1.018311,43.842,0.244275,0.916031,-0.061069
64800,-0.066162,0.010010,1.021973,43.883,0.122137,1.076336,-0.152672
64821,-0.065186,0.007080,1.020752,43.839,0.152672,0.900763,-0.198473
64840,-0.057129,0.013428,1.030762,43.842,0.145038,0.824428,-0.083969
64860,-0.065430,0.010010,1.026123,43.868,0.290076,1.007634,-0.160305
64880,-0.069092,0.009521,1.020752,43.851,0.206107,1.015267,-0.274809
64900,-0.065674,0.007813,1.022705,43.842,0.297710,0.977099,-0.091603
64920,-0.062256,0.007324,1.026367,43.856,0.229008,1.083969,-0.068702
64940,-0.063721,0.011230,1.030762,43.836,0.229008,1.076336,-0.106870
64960,-0.062500,0.010498,1.025146,43.877,0.282443,1.022901,-0.175573
64980,-0.064209,0.011230,1.024170,43.877,0.213740,1.015267,-0.076336
65000,-0.066895,0.010986,1.026611,43.868,0.229008,0.862595,-0.167939
65020,-0.061035,0.010986,1.021729,43.839,0.259542,1.076336,-0.190840
65040,-0.068359,0.006592,1.022705,43.848,0.244275,1.015267,-0.091603
65060,-0.068115,0.008545,1.022461,43.859,0.175573,0.900763,-0.167939
65080,-0.064209,0.007568,1.020752,43.854,0.122137,0.992366,-0.145038
65100,-0.064209,0.010742,1.028564,43.839,0.198473,1.099237,-0.167939
65120,-0.064453,0.009766,1.014160,43.856,0.213740,0.900763,-0.007634
65140,-0.065674,0.008301,1.019531,43.842,0.267176,0.946565,-0.106870
65160,-0.062744,0.009033,1.022949,43.865,0.167939,1.000000,-0.160305
65181,-0.061523,0.007568,1.024658,43.839,0.251908,0.954198,-0.053435
65200,-0.063232,0.008545,1.028320,43.848,0.183206,0.893130,-0.076336
65220,-0.063965,0.006836,1.021729,43.868,0.267176,0.946565,-0.091603
65240,-0.066650,0.010986,1.023926,43.842,0.274809,0.961832,-0.061069
65260,-0.061768,0.011963,1.024902,43.833,0.198473,0.992366,-0.145038
65280,-0.061279,0.012207,1.022705,43.839,0.251908,0.877863,-0.152672
65300,-0.062012,0.008789,1.022949,43.856,0.282443,1.022901,-0.076336
65320,-0.063721,0.010498,1.022217,43.856,0.236641,1.053435,-0.160305
65340,-0.065186,0.008301,1.020752,43.898,0.175573,0.961832,-0.145038
65360,-0.062988,0.008545,1.017334,43.862,0.282443,0.977099,-0.190840
65380,-0.065430,0.004639,1.025391,43.842,0.236641,0.946565,-0.022901
65400,-0.060547,0.010742,1.021729,43.856,0.221374,0.954198,-0.152672
65420,-0.063232,0.011475,1.022461,43.842,0.152672,1.045802,-0.022901
65440,-0.060059,0.009033,1.022705,43.845,0.267176,1.076336,-0.206107
65460,-0.060547,0.009277,1.015625,43.839,0.206107,1.061069,-0.160305
65480,-0.064453,0.011230,1.025879,43.880,0.259542,0.961832,-0.137405
65500,-0.064453,0.011475,1.025146,43.839,0.290076,0.946565,-0.145038
65520,-0.064697,0.012451,1.024414,43.871,0.236641,0.961832,-0.183206
65540,-0.063232,0.010254,1.022217,43.854,0.282443,0.992366,-0.083969
65560,-0.063232,0.010254,1.023193,43.848,0.236641,1.083969,-0.145038
65580,-0.062256,0.010498,1.021484,43.818,0.229008,0.938931,-0.114504
65600,-0.068359,0.010742,1.022705,43.848,0.206107,1.007634,-0.114504
65620,-0.064209,0.009277,1.019775,43.859,0.297710,0.946565,-0.183206
65640,-0.064697,0.003174,1.028320,43.862,0.267176,0.847328,-0.068702
65661,-0.059814,0.012207,1.020508,43.859,0.312977,0.938931,-0.129771
65681,-0.063232,0.010254,1.026855,43.868,0.221374,1.007634,-0.251908
65700,-0.066162,0.010254,1.020508,43.845,0.290076,1.053435,-0.160305
65720,-0.062744,0.012939,1.027832,43.877,0.297710,1.022901,-0.045802
65740,-0.061523,0.007080,1.018311,43.815,0.251908,0.992366,-0.114504
65760,-0.065674,0.008057,1.027588,43.877,0.206107,1.137405,-0.129771
65780,-0.065430,0.006592,1.026367,43.836,0.236641,0.893130,-0.045802
65800,-0.060547,0.004639,1.027588,43.839,0.137405,1.000000,-0.206107
65820,-0.064941,0.006104,1.021729,43.848,0.267176,1.030534,-0.076336
65840,-0.065186,0.005371,1.014648,43.833,0.190840,0.923664,-0.114504
65860,-0.062012,0.009033,1.017578,43.854,0.282443,0.923664,-0.206107
65880,-0.063477,0.013672,1.018799,43.824,0.259542,0.977099,-0.099237
65900,-0.063721,0.011475,1.019043,43.848,0.251908,1.030534,-0.106870
65920,-0.062744,0.004395,1.022217,43.859,0.099237,1.045802,-0.106870
65940,-0.066406,0.012939,1.028564,43.856,0.221374,1.022901,-0.015267
65960,-0.060303,0.008789,1.022461,43.833,0.152672,1.022901,-0.145038
65980,-0.064697,0.009277,1.020020,43.856,0.198473,0.961832,-0.061069
66000,-0.062744,0.007324,1.022949,43.856,0.229008,1.000000,-0.099237
66020,-0.061523,0.006836,1.020996,43.854,0.267176,0.969466,-0.053435
66041,-0.060059,0.007324,1.025879,43.859,0.312977,1.000000,-0.152672
66060,-0.060059,0.008057,1.024658,43.854,0.167939,0.923664,-0.091603
66080,-0.065918,0.010986,1.030029,43.848,0.305344,0.938931,-0.106870
66100,-0.065186,0.012207,1.021240,43.859,0.297710,1.137405,-0.145038
66120,-0.066162,0.010742,1.023682,43.880,0.259542,0.961832,-0.221374
66140,-0.064209,0.008301,1.018311,43.865,0.206107,0.961832,-0.129771
66160,-0.062988,0.010010,1.022461,43.842,0.297710,0.946565,-0.167939
66180,-0.063477,0.010254,1.024658,43.830,0.236641,0.992366,-0.229008
66200,-0.060303,0.007568,1.015381,43.862,0.267176,1.053435,-0.083969
66220,-0.063232,0.009766,1.020752,43.842,0.244275,0.977099,-0.068702
66240,-0.063232,0.014160,1.028564,43.839,0.167939,1.022901,-0.045802
66260,-0.064453,0.008301,1.021484,43.877,0.137405,0.961832,-0.106870
66280,-0.059326,0.009033,1.027832,43.865,0.160305,0.900763,-0.137405
66300,-0.058594,0.005127,1.025391,43.859,0.221374,0.877863,-0.053435
66320,-0.058594,0.011475,1.022461,43.839,0.251908,0.885496,-0.190840
66340,-0.062744,0.012695,1.020752,43.877,0.137405,0.984733,-0.106870
66360,-0.061279,0.009766,1.024658,43.851,0.129771,0.916031,-0.160305
66380,-0.061768,0.005615,1.024170,43.845,0.175573,0.946565,-0.091603
66401,-0.065918,0.010498,1.019531,43.856,0.099237,1.015267,-0.175573
66420,-0.064453,0.009277,1.030762,43.856,0.259542,1.030534,-0.129771
66440,-0.060791,0.010254,1.025146,43.856,0.175573,1.030534,-0.091603
66460,-0.066406,0.009277,1.027344,43.877,0.213740,1.083969,-0.053435
66480,-0.066162,0.008301,1.025391,43.868,0.221374,0.923664,-0.167939
66500,-0.064697,0.011230,1.023438,43.833,0.183206,0.969466,-0.022901
66520,-0.063232,0.005859,1.022949,43.842,0.183206,1.015267,-0.083969
66540,-0.068115,0.006348,1.021973,43.859,0.206107,0.923664,-0.091603
66560,-0.066162,0.010010,1.022949,43.877,0.114504,1.053435,-0.099237
66580,-0.062988,0.010742,1.022461,43.842,0.244275,0.984733,-0.152672
66600,-0.063232,0.014160,1.023926,43.874,0.236641,0.954198,-0.099237
66620,-0.062500,0.004639,1.029053,43.836,0.106870,1.015267,-0.152672
66640,-0.061035,0.009766,1.019775,43.883,0.244275,0.969466,-0.083969
66660,-0.062012,0.014648,1.022217,43.868,0.282443,1.045802,-0.099237
66680,-0.063232,0.007080,1.028076,43.824,0.152672,1.160305,-0.114504
66700,-0.067627,0.013184,1.016846,43.886,0.267176,0.938931,-0.145038
66720,-0.062500,0.008057,1.027344,43.848,0.221374,0.946565,-0.114504
66740,-0.065430,0.013184,1.023926,43.842,0.274809,0.946565,-0.167939
66761,-0.064453,0.010986,1.029053,43.868,0.259542,0.916031,-0.206107
66780,-0.061279,0.010010,1.021973,43.865,0.374046,0.969466,-0.183206
66800,-0.064453,0.009521,1.020508,43.830,0.183206,0.984733,0.000000
66820,-0.064209,0.011719,1.023438,43.865,0.145038,1.045802,-0.099237
66840,-0.063965,0.008789,1.023193,43.877,0.137405,1.160305,-0.251908
66860,-0.062988,0.009766,1.025146,43.877,0.190840,1.083969,-0.160305
66880,-0.060059,0.010742,1.023438,43.856,0.259542,0.961832,-0.099237
66900,-0.068848,0.007080,1.024902,43.886,0.190840,1.091603,-0.083969
66920,-0.063477,0.005371,1.021240,43.883,0.221374,0.885496,-0.213740
66940,-0.063721,0.010498,1.027100,43.862,0.190840,1.061069,-0.129771
66960,-0.061768,0.009033,1.025391,43.859,0.099237,1.000000,-0.106870
66980,-0.064697,0.011475,1.022705,43.848,0.251908,1.015267,-0.114504
67000,-0.063232,0.007813,1.024658,43.842,0.167939,0.961832,-0.137405
67020,-0.064209,0.008545,1.020996,43.851,0.229008,1.007634,-0.076336
67040,-0.059814,0.011475,1.024658,43.868,0.259542,1.015267,-0.114504
67060,-0.062500,0.013184,1.027100,43.842,0.190840,0.984733,-0.129771
67080,-0.066406,0.004883,1.019775,43.839,0.206107,1.083969,-0.145038
67100,-0.065918,0.004150,1.025635,43.862,0.198473,1.015267,-0.167939
67121,-0.060547,0.010010,1.025391,43.833,0.198473,0.977099,-0.106870
67140,-0.064697,0.009766,1.025879,43.854,0.251908,0.931298,-0.076336
67160,-0.063721,0.008545,1.019775,43.868,0.198473,1.045802,-0.167939
67180,-0.065186,0.010010,1.023193,43.854,0.183206,0.870229,-0.061069
67200,-0.067383,0.015869,1.019531,43.865,0.167939,0.984733,-0.106870
67220,-0.060059,0.008545,1.023926,43.865,0.175573,1.030534,-0.167939
67240,-0.064697,0.007568,1.020752,43.836,0.229008,0.908397,-0.152672
67260,-0.064209,0.011230,1.026123,43.859,0.251908,1.022901,-0.122137
67280,-0.065430,0.010742,1.025635,43.874,0.244275,1.038168,-0.175573
67300,-0.063721,0.007568,1.021973,43.865,0.198473,1.076336,-0.145038
67320,-0.062012,0.005859,1.022217,43.871,0.175573,1.030534,-0.061069
67340,-0.065918,0.010498,1.020996,43.845,0.290076,1.061069,-0.030534
67360,-0.064941,0.007324,1.020996,43.848,0.236641,1.030534,-0.076336
67380,-0.064941,0.010010,1.022217,43.859,0.137405,0.992366,-0.045802
67400,-0.061768,0.006836,1.022461,43.859,0.381679,1.000000,-0.045802
67420,-0.064697,0.010986,1.027100,43.818,0.297710,0.946565,-0.137405
67440,-0.064697,0.007568,1.023438,43.856,0.259542,1.038168,-0.076336
67460,-0.061768,0.008789,1.021729,43.859,0.251908,0.923664,-0.152672
67480,-0.064209,0.007568,1.018311,43.859,0.251908,0.984733,-0.122137
67501,-0.068848,0.013916,1.022461,43.868,0.145038,0.984733,-0.175573
67520,-0.065186,0.006104,1.026611,43.845,0.076336,0.992366,-0.183206
67540,-0.063965,0.009277,1.027344,43.865,0.145038,1.030534,-0.167939
67560,-0.066895,0.007568,1.031250,43.851,0.244275,0.900763,-0.045802
67580,-0.063477,0.009033,1.027588,43.877,0.274809,0.969466,-0.129771
67600,-0.064209,0.007568,1.023926,43.880,0.221374,1.030534,-0.145038
67620,-0.064697,0.008789,1.023682,43.865,0.145038,0.969466,-0.015267
67640,-0.062744,0.011963,1.024902,43.880,0.236641,0.946565,-0.122137
67660,-0.064941,0.010254,1.028076,43.868,0.267176,0.984733,-0.053435
67680,-0.062012,0.009521,1.027588,43.880,0.290076,1.007634,-0.099237
67700,-0.059082,0.010498,1.018311,43.889,0.381679,1.007634,-0.083969
67720,-0.064697,0.007080,1.023438,43.877,0.305344,0.961832,-0.251908
67740,-0.061523,0.008301,1.024170,43.871,0.213740,1.091603,-0.145038
67760,-0.063965,0.006104,1.025879,43.868,0.152672,1.114504,-0.122137
67780,-0.063721,0.013184,1.026611,43.871,0.305344,0.984733,-0.099237
67800,-0.062988,0.004150,1.022705,43.851,0.229008,0.916031,-0.129771
67820,-0.061768,0.010742,1.028809,43.874,0.229008,0.923664,-0.083969
67840,-0.062500,0.010010,1.024170,43.854,0.221374,0.946565,-0.122137
67860,-0.063232,0.011475,1.021484,43.874,0.259542,1.022901,-0.145038
67880,-0.062256,0.009766,1.023926,43.877,0.213740,0.908397,-0.129771
67900,-0.066895,0.008301,1.024170,43.856,0.190840,1.015267,-0.190840
67920,-0.063232,0.008301,1.026855,43.868,0.229008,0.870229,-0.022901
67940,-0.062988,0.012939,1.026123,43.848,0.167939,1.045802,-0.206107
67960,-0.059570,0.009521,1.026367,43.874,0.229008,1.007634,-0.015267
67980,-0.067383,0.007813,1.024902,43.854,0.229008,0.908397,-0.137405
68001,-0.060303,0.007324,1.025146,43.874,0.312977,0.954198,-0.076336
68020,-0.063477,0.011963,1.019531,43.854,0.175573,0.854962,-0.244275
68040,-0.061768,0.009521,1.023926,43.856,0.221374,0.908397,-0.145038
68060,-0.062012,0.006592,1.025879,43.883,0.167939,0.992366,-0.137405
68080,-0.066162,0.010010,1.018555,43.868,0.160305,1.083969,-0.129771
68100,-0.064697,0.011963,1.025635,43.880,0.145038,1.000000,-0.061069
68120,-0.067383,0.010254,1.021240,43.868,0.213740,1.114504,-0.145038
68140,-0.068115,0.007080,1.024414,43.889,0.274809,1.061069,-0.106870
68160,-0.057861,0.007568,1.024170,43.880,0.114504,0.931298,-0.198473
68180,-0.067139,0.007813,1.027344,43.865,0.137405,0.954198,-0.183206
68200,-0.063965,0.010742,1.019043,43.845,0.183206,0.961832,-0.038168
68220,-0.066895,0.009277,1.022217,43.833,0.259542,1.045802,-0.114504
68240,-0.061035,0.011230,1.022949,43.845,0.183206,1.076336,-0.114504
68260,-0.064209,0.008789,1.026855,43.877,0.175573,1.000000,-0.122137
68280,-0.064697,0.010498,1.024414,43.901,0.213740,0.931298,-0.099237
68300,-0.063477,0.012207,1.021484,43.886,0.114504,0.946565,-0.053435
68320,-0.063477,0.012695,1.025635,43.859,0.183206,0.885496,-0.183206
68340,-0.059814,0.007080,1.017822,43.877,0.183206,1.022901,-0.175573
68360,-0.062012,0.006592,1.025879,43.871,0.190840,0.946565,-0.083969
68381,-0.060791,0.010010,1.030273,43.880,0.221374,0.885496,-0.190840
68400,-0.065430,0.010254,1.027588,43.854,0.251908,0.938931,-0.038168
68420,-0.061768,0.010254,1.022705,43.862,0.145038,1.007634,-0.061069
68440,-0.065186,0.009766,1.025879,43.868,0.198473,0.984733,-0.129771
68460,-0.064453,0.006836,1.025391,43.868,0.274809,0.946565,-0.015267
68480,-0.065674,0.010986,1.027344,43.862,0.160305,0.916031,-0.122137
68500,-0.066406,0.009521,1.020264,43.854,0.229008,1.083969,-0.145038
68520,-0.065674,0.011719,1.018066,43.874,0.213740,0.992366,-0.038168
68540,-0.062744,0.007813,1.022461,43.886,0.167939,1.000000,-0.251908
68560,-0.062988,0.008057,1.025635,43.883,0.244275,0.885496,-0.145038
68580,-0.060547,0.013916,1.022461,43.851,0.274809,1.015267,-0.167939
68600,-0.062500,0.012451,1.020996,43.851,0.236641,1.000000,-0.190840
68620,-0.062256,0.010254,1.021973,43.886,0.183206,1.038168,-0.091603
68640,-0.063477,0.009766,1.026611,43.854,0.251908,0.992366,-0.091603
68660,-0.065430,0.009766,1.025635,43.854,0.167939,1.152672,-0.045802
68680,-0.067627,0.009521,1.024658,43.871,0.122137,0.977099,-0.229008
68700,-0.067139,0.007813,1.022217,43.871,0.229008,1.038168,-0.083969
68720,-0.060791,0.007324,1.020996,43.871,0.175573,1.030534,-0.076336
68741,-0.062500,0.005859,1.016846,43.886,0.282443,1.137405,-0.022901
68760,-0.062744,0.012695,1.017822,43.845,0.229008,1.038168,-0.129771
68780,-0.062744,0.005859,1.025391,43.856,0.236641,0.961832,-0.160305
68800,-0.063721,0.006836,1.029541,43.848,0.198473,0.984733,-0.175573
68820,-0.062744,0.005859,1.026611,43.874,0.251908,0.992366,-0.152672
68840,-0.063232,0.008301,1.025879,43.886,0.267176,0.992366,-0.145038
68860,-0.061035,0.011230,1.023926,43.874,0.328244,1.030534,-0.167939
68880,-0.061035,0.008301,1.020264,43.877,0.236641,1.061069,-0.083969
68900,-0.062744,0.012207,1.021240,43.859,0.244275,0.908397,-0.007634
68920,-0.060791,0.014648,1.020996,43.871,0.160305,1.045802,-0.175573
68940,-0.064453,0.006104,1.017090,43.865,0.267176,0.992366,-0.198473
68960,-0.065430,0.007568,1.030273,43.865,0.229008,0.938931,-0.076336
68980,-0.064941,0.012207,1.019287,43.889,0.175573,0.992366,-0.129771
69000,-0.061768,0.008057,1.026367,43.865,0.122137,1.015267,-0.122137
69020,-0.061523,0.012451,1.020020,43.865,0.236641,0.931298,-0.129771
69040,-0.062744,0.011475,1.021973,43.854,0.290076,1.007634,-0.129771
69060,-0.064941,0.012207,1.021484,43.859,0.282443,1.038168,-0.137405
69080,-0.060303,0.008057,1.020020,43.892,0.160305,1.022901,-0.091603
69101,-0.064209,0.006836,1.020996,43.862,0.206107,0.977099,-0.091603
69120,-0.062744,0.011719,1.020020,43.856,0.244275,0.977099,-0.175573
69140,-0.062012,0.009033,1.022705,43.851,0.282443,1.030534,-0.175573
69160,-0.064209,0.008545,1.020264,43.865,0.236641,0.893130,-0.129771
69180,-0.063965,0.010254,1.022705,43.877,0.190840,0.931298,-0.137405
69200,-0.061279,0.010742,1.023682,43.868,0.152672,1.022901,-0.183206
69220,-0.066406,0.010986,1.022705,43.859,0.091603,1.076336,-0.099237
69240,-0.058594,0.012451,1.029541,43.859,0.114504,1.007634,-0.106870
69260,-0.062988,0.008057,1.021729,43.854,0.213740,0.938931,-0.068702
69280,-0.062500,0.007813,1.018555,43.859,0.175573,0.839695,-0.114504
69300,-0.065430,0.010986,1.020752,43.883,0.297710,1.038168,-0.068702
69320,-0.065674,0.008301,1.026123,43.868,0.320611,0.938931,-0.160305
69340,-0.060547,0.009033,1.018311,43.871,0.267176,0.954198,-0.099237
69360,-0.064209,0.007080,1.023926,43.836,0.206107,1.007634,-0.015267
69380,-0.062256,0.010986,1.033203,43.859,0.190840,0.946565,-0.229008
69400,-0.063477,0.011230,1.026367,43.871,0.274809,0.977099,-0.137405
69420,-0.061523,0.009521,1.023926,43.865,0.190840,1.038168,-0.137405
69440,-0.065186,0.007324,1.019775,43.859,0.137405,1.030534,-0.122137
69461,-0.061279,0.007813,1.016846,43.868,0.274809,0.977099,-0.137405
69480,-0.064697,0.009521,1.020020,43.892,0.251908,0.954198,-0.145038
69500,-0.064209,0.008057,1.023926,43.880,0.236641,0.877863,-0.114504
69520,-0.062012,0.006836,1.025391,43.874,0.183206,1.076336,-0.152672
69540,-0.063965,0.007813,1.025879,43.845,0.244275,0.984733,-0.152672
69560,-0.061035,0.009766,1.019043,43.845,0.198473,0.931298,-0.022901
69580,-0.067627,0.009766,1.021484,43.877,0.213740,1.061069,-0.122137
69600,-0.061279,0.009277,1.022217,43.883,0.160305,0.931298,-0.160305
69620,-0.064453,0.011230,1.020508,43.865,0.206107,0.977099,-0.167939
69640,-0.067139,0.011963,1.022217,43.848,0.183206,0.946565,-0.015267
69660,-0.063232,0.008789,1.020020,43.865,0.427481,0.900763,-0.137405
69680,-0.065186,0.009033,1.027100,43.877,0.190840,1.129771,-0.145038
69700,-0.065674,0.005371,1.019775,43.865,0.206107,1.000000,-0.190840
69720,-0.060791,0.004883,1.025146,43.865,0.137405,1.022901,-0.259542
69740,-0.060059,0.009277,1.024902,43.865,0.335878,1.000000,-0.106870
69760,-0.065674,0.007813,1.020508,43.859,0.236641,0.992366,-0.061069
69780,-0.064453,0.009033,1.025635,43.871,0.190840,0.946565,-0.045802
69800,-0.062012,0.005615,1.021973,43.877,0.221374,0.931298,-0.129771
69821,-0.063232,0.002686,1.022705,43.839,0.198473,1.007634,-0.137405
69841,-0.067871,0.010498,1.023682,43.871,0.251908,1.015267,-0.106870
69860,-0.063721,0.010498,1.024902,43.865,0.259542,0.992366,-0.091603
69880,-0.064453,0.007813,1.027832,43.862,0.183206,0.946565,-0.106870
69900,-0.062988,0.008545,1.022217,43.854,0.244275,0.954198,-0.122137
69920,-0.066406,0.008545,1.025391,43.862,0.221374,0.984733,-0.297710
69940,-0.064697,0.009521,1.026367,43.871,0.190840,1.076336,-0.099237
69960,-0.063721,0.010010,1.021484,43.868,0.160305,1.045802,-0.221374
69980,-0.064697,0.010254,1.022217,43.865,0.335878,0.816794,-0.068702
70000,-0.059570,0.007813,1.018311,43.871,0.236641,0.885496,-0.099237
70020,-0.061035,0.010498,1.027344,43.874,0.206107,0.961832,-0.152672
70040,-0.059570,0.006836,1.030518,43.892,0.145038,1.129771,-0.053435
70060,-0.064209,0.009277,1.020996,43.898,0.175573,0.984733,-0.114504
70080,-0.064941,0.009766,1.022705,43.868,0.183206,0.862595,-0.114504
70100,-0.065186,0.007568,1.019531,43.862,0.175573,0.893130,-0.091603
70120,-0.066895,0.008789,1.019531,43.883,0.221374,0.908397,-0.206107
70140,-0.058350,0.011475,1.024170,43.854,0.259542,0.793893,-0.022901
70160,-0.064453,0.005859,1.030029,43.886,0.213740,1.053435,-0.152672
70180,-0.062988,0.006836,1.026611,43.895,0.206107,0.900763,-0.229008
70200,-0.064453,0.010498,1.023926,43.868,0.320611,0.992366,-0.091603
70220,-0.061523,0.013428,1.022705,43.874,0.213740,0.900763,-0.137405
70240,-0.062012,0.010986,1.024902,43.856,0.213740,0.969466,-0.091603
70260,-0.063965,0.010742,1.018311,43.880,0.229008,0.992366,-0.129771
70280,-0.059082,0.010010,1.024414,43.883,0.251908,0.893130,-0.114504
70300,-0.062256,0.012451,1.026367,43.874,0.282443,0.931298,-0.068702
70320,-0.067139,0.007568,1.021729,43.848,0.221374,0.977099,-0.129771
70341,-0.066406,0.011719,1.021240,43.865,0.259542,1.083969,-0.175573
70360,-0.062500,0.010010,1.017578,43.874,0.305344,0.992366,-0.129771
70380,-0.062012,0.009033,1.025879,43.880,0.206107,1.099237,-0.152672
70400,-0.064697,0.007080,1.022461,43.877,0.290076,1.114504,-0.175573
70420,-0.064697,0.009521,1.020996,43.851,0.221374,0.877863,-0.007634
70440,-0.063965,0.015625,1.022705,43.859,0.297710,0.832061,-0.076336
70460,-0.063721,0.006348,1.026367,43.883,0.099237,0.984733,-0.145038
70480,-0.062500,0.012451,1.022949,43.862,0.160305,0.793893,-0.106870
70500,-0.059082,0.009033,1.023682,43.865,0.221374,0.977099,-0.099237
70520,-0.063721,0.014160,1.024170,43.862,0.213740,0.893130,-0.213740
70540,-0.068115,0.011475,1.021484,43.889,0.175573,0.923664,-0.167939
70560,-0.062988,0.012939,1.024658,43.862,0.221374,1.007634,-0.022901
70580,-0.063477,0.011719,1.024902,43.859,0.305344,0.984733,-0.083969
70600,-0.065674,0.009521,1.023193,43.868,0.129771,1.022901,-0.190840
70620,-0.064209,0.010498,1.018555,43.871,0.267176,1.106870,-0.167939
70640,-0.065918,0.008057,1.022705,43.874,0.198473,0.938931,-0.137405
70660,-0.067627,0.007324,1.025146,43.865,0.404580,0.893130,-0.061069
70680,-0.064209,0.009521,1.018799,43.865,0.274809,0.893130,0.015267
70701,-0.062988,0.005371,1.022705,43.848,0.236641,0.923664,-0.114504
70721,-0.064209,0.008789,1.015381,43.862,0.206107,1.068702,-0.076336
70740,-0.062500,0.005859,1.023682,43.871,0.145038,1.045802,-0.183206
70760,-0.061523,0.008789,1.026123,43.862,0.183206,1.015267,-0.213740
70780,-0.059082,0.009521,1.024414,43.856,0.274809,0.916031,-0.091603
70800,-0.067139,0.005859,1.024902,43.874,0.221374,1.007634,-0.091603
70820,-0.065186,0.008545,1.027588,43.859,0.229008,1.076336,-0.114504
70840,-0.060059,0.009033,1.023438,43.874,0.114504,0.923664,-0.183206
70860,-0.067871,0.007324,1.024658,43.862,0.206107,0.946565,-0.045802
70880,-0.064453,0.009766,1.021973,43.833,0.206107,1.007634,-0.114504
70900,-0.065674,0.006836,1.024414,43.868,0.297710,0.961832,-0.137405
70920,-0.062744,0.007080,1.017578,43.883,0.267176,1.045802,-0.160305
70940,-0.063965,0.007324,1.028809,43.871,0.213740,0.778626,-0.099237
70960,-0.063965,0.009766,1.023926,43.865,0.251908,1.000000,-0.038168
70980,-0.062256,0.006104,1.026611,43.871,0.206107,1.022901,-0.129771
71000,-0.060303,0.008789,1.022949,43.848,0.229008,0.923664,-0.244275
71020,-0.067871,0.009766,1.019287,43.851,0.274809,0.969466,-0.099237
71040,-0.064209,0.008301,1.027100,43.871,0.152672,1.053435,-0.045802
71060,-0.062988,0.006592,1.027588,43.895,0.198473,0.854962,-0.229008
71081,-0.063721,0.010498,1.020752,43.856,0.229008,0.877863,-0.007634
71100,-0.063721,0.010254,1.023193,43.865,0.236641,0.946565,-0.122137
71120,-0.063721,0.006348,1.022949,43.859,0.198473,0.992366,-0.198473
71140,-0.060791,0.009277,1.021973,43.877,0.244275,0.931298,-0.083969
71160,-0.064453,0.005127,1.027832,43.862,0.274809,1.000000,-0.145038
71180,-0.064209,0.006836,1.021240,43.865,0.198473,1.083969,-0.137405
71200,-0.062744,0.014404,1.017334,43.836,0.251908,0.938931,-0.129771
71220,-0.060791,0.012207,1.030518,43.845,0.236641,0.763359,-0.137405
71240,-0.062500,0.009766,1.024414,43.865,0.145038,1.015267,-0.129771
71260,-0.062500,0.010254,1.023193,43.868,0.145038,1.022901,-0.068702
71280,-0.066895,0.008301,1.026855,43.859,0.190840,1.091603,-0.129771
71300,-0.061523,0.009277,1.020752,43.874,0.106870,0.923664,-0.137405
71320,-0.063965,0.007324,1.029053,43.862,0.190840,0.984733,-0.206107
71340,-0.065918,0.006836,1.022461,43.856,0.236641,0.961832,-0.106870
71360,-0.063477,0.008789,1.026367,43.874,0.190840,0.977099,-0.083969
71380,-0.063232,0.014160,1.023682,43.865,0.251908,1.038168,-0.221374
71400,-0.064209,0.006836,1.024414,43.854,0.206107,0.900763,-0.145038
71420,-0.061279,0.010742,1.025146,43.845,0.213740,0.893130,-0.122137
71441,-0.066162,0.007080,1.023438,43.877,0.282443,0.969466,-0.129771
71460,-0.065674,0.011719,1.032715,43.868,0.244275,0.954198,-0.145038
71480,-0.062500,0.006836,1.024414,43.877,0.183206,1.091603,-0.053435
71500,-0.060303,0.010986,1.016846,43.892,0.190840,1.000000,-0.114504
71520,-0.065674,0.011963,1.020752,43.851,0.145038,1.053435,-0.091603
71540,-0.062988,0.010986,1.020996,43.851,0.259542,1.030534,-0.160305
71560,-0.063477,0.011719,1.024658,43.874,0.229008,0.908397,-0.106870
71580,-0.066162,0.008057,1.020020,43.868,0.137405,0.923664,-0.053435
71600,-0.063232,0.013916,1.021240,43.859,0.290076,0.969466,-0.099237
71620,-0.060059,0.010254,1.023438,43.862,0.099237,0.916031,-0.145038
71640,-0.063477,0.007324,1.022949,43.871,0.114504,0.992366,-0.122137
71660,-0.060059,0.010010,1.023193,43.859,0.251908,1.007634,-0.206107
71680,-0.062500,0.011719,1.022461,43.862,0.129771,0.961832,-0.114504
71700,-0.062256,0.008789,1.025391,43.868,0.274809,0.839695,-0.106870
71720,-0.067871,0.009277,1.027100,43.851,0.206107,0.931298,-0.152672
71740,-0.062988,0.010742,1.023926,43.880,0.213740,0.992366,-0.114504
71760,-0.069336,0.008789,1.023193,43.859,0.183206,0.885496,-0.175573
71780,-0.064453,0.009033,1.027588,43.851,0.259542,1.022901,-0.183206
71801,-0.066162,0.011475,1.023193,43.856,0.198473,1.022901,-0.053435
71820,-0.061768,0.010254,1.020020,43.851,0.267176,0.900763,-0.137405
71840,-0.063965,0.011963,1.024414,43.836,0.167939,0.900763,-0.053435
71860,-0.064697,0.007813,1.022705,43.851,0.236641,1.053435,-0.091603
71880,-0.063232,0.009033,1.021484,43.868,0.175573,0.992366,-0.068702
71900,-0.062744,0.010254,1.020508,43.848,0.152672,1.091603,-0.068702
71920,-0.063721,0.012451,1.022949,43.845,0.282443,1.022901,-0.167939
71940,-0.062500,0.012695,1.026611,43.854,0.259542,0.984733,-0.045802
71960,-0.065918,0.008789,1.023926,43.862,0.137405,1.076336,-0.229008
71980,-0.061768,0.012939,1.027588,43.874,0.198473,0.916031,-0.122137
72000,-0.062988,0.007568,1.023926,43.851,0.290076,1.091603,-0.244275
72020,-0.061768,0.008301,1.019531,43.886,0.251908,1.038168,-0.183206
72040,-0.063965,0.011475,1.020264,43.865,0.190840,1.053435,-0.145038
72060,-0.062012,0.008545,1.024658,43.871,0.175573,1.000000,-0.175573
72080,-0.063965,0.009033,1.022949,43.854,0.198473,0.954198,-0.221374
72100,-0.061279,0.010986,1.020752,43.862,0.221374,0.984733,-0.114504
72120,-0.065186,0.008789,1.020996,43.856,0.190840,1.015267,-0.068702
72140,-0.062012,0.012939,1.022949,43.865,0.145038,0.984733,-0.145038
72161,-0.061035,0.011719,1.022705,43.845,0.244275,0.900763,-0.183206
72180,-0.064941,0.011719,1.025391,43.842,0.236641,1.091603,-0.190840
72200,-0.066162,0.008301,1.022705,43.856,0.312977,1.000000,-0.160305
72220,-0.061035,0.004883,1.023438,43.877,0.175573,1.030534,-0.152672
72240,-0.063477,0.006348,1.028320,43.851,0.328244,0.992366,-0.068702
72260,-0.064697,0.013428,1.025879,43.877,0.129771,0.931298,-0.145038
72280,-0.065430,0.009521,1.030518,43.859,0.175573,0.916031,-0.045802
72300,-0.061035,0.011230,1.019775,43.868,0.206107,0.946565,-0.068702
72320,-0.064697,0.010254,1.020996,43.880,0.198473,1.022901,-0.183206
72340,-0.063232,0.009277,1.019775,43.859,0.221374,0.969466,-0.167939
72360,-0.066895,0.013184,1.020264,43.868,0.175573,0.977099,-0.175573
72380,-0.059082,0.013184,1.024902,43.854,0.221374,1.007634,-0.053435
72400,-0.064453,0.006836,1.026123,43.856,0.198473,1.030534,-0.106870
72420,-0.060791,0.010986,1.021240,43.874,0.244275,1.030534,-0.022901
72440,-0.062744,0.006836,1.020996,43.868,0.221374,1.000000,-0.053435
72460,-0.059326,0.007813,1.022705,43.851,0.145038,1.000000,-0.137405
72480,-0.066406,0.010254,1.023682,43.874,0.274809,0.992366,-0.190840
72501,-0.062012,0.008301,1.024170,43.868,0.244275,0.900763,-0.038168
72520,-0.062744,0.007324,1.023193,43.868,0.145038,0.900763,-0.068702
72540,-0.062256,0.009277,1.017822,43.859,0.259542,0.984733,-0.137405
72560,-0.063232,0.010742,1.020264,43.877,0.221374,1.015267,0.038168
72580,-0.064209,0.005615,1.021973,43.845,0.221374,1.045802,-0.122137
72600,-0.062012,0.005615,1.018799,43.889,0.198473,0.954198,-0.213740
72621,-0.064209,0.008545,1.021729,43.854,0.213740,1.022901,-0.122137
72641,-0.066406,0.008545,1.021973,43.868,0.152672,1.045802,-0.091603
72660,-0.063965,0.006348,1.021973,43.865,0.167939,1.053435,-0.229008
72680,-0.063965,0.009033,1.024658,43.839,0.236641,0.923664,-0.297710
72700,-0.065918,0.010498,1.021240,43.862,0.190840,0.961832,-0.145038
72720,-0.061768,0.008057,1.028564,43.865,0.183206,1.076336,-0.175573
72740,-0.067627,0.009521,1.020264,43.877,0.221374,0.984733,-0.122137
72760,-0.063721,0.012695,1.026855,43.865,0.160305,0.900763,-0.183206
72780,-0.062988,0.013428,1.023926,43.862,0.190840,1.045802,-0.083969
72800,-0.063477,0.007324,1.024414,43.839,0.190840,1.045802,-0.106870
72820,-0.062500,0.010010,1.020264,43.868,0.244275,1.083969,-0.145038
72840,-0.062256,0.013428,1.022705,43.868,0.167939,0.992366,-0.076336
72860,-0.062744,0.011963,1.025635,43.877,0.312977,0.977099,-0.076336
72880,-0.066406,0.009033,1.021729,43.851,0.259542,0.931298,-0.068702
72900,-0.058838,0.008789,1.027344,43.871,0.221374,1.007634,-0.061069
72920,-0.061768,0.008057,1.022949,43.856,0.167939,0.954198,-0.152672
72940,-0.062012,0.009277,1.022949,43.865,0.236641,0.916031,-0.099237
72960,-0.062744,0.009033,1.023193,43.854,0.244275,0.877863,-0.114504
72980,-0.062500,0.009277,1.021973,43.856,0.297710,0.946565,-0.160305
73000,-0.062500,0.010742,1.022461,43.845,0.213740,1.053435,-0.099237
73021,-0.065918,0.010742,1.028320,43.856,0.083969,0.931298,-0.076336
73040,-0.062988,0.012207,1.016113,43.865,0.160305,0.938931,-0.061069
73060,-0.064941,0.008057,1.019287,43.865,0.213740,0.946565,-0.122137
73080,-0.063477,0.004639,1.020508,43.848,0.183206,0.946565,-0.076336
73100,-0.061035,0.009766,1.024414,43.868,0.320611,1.076336,-0.137405
73120,-0.056641,0.006348,1.021973,43.880,0.236641,0.938931,-0.160305
73140,-0.066650,0.009766,1.028320,43.871,0.236641,0.923664,-0.099237
73160,-0.063965,0.005859,1.023926,43.883,0.213740,0.900763,-0.106870
73180,-0.059814,0.009033,1.025879,43.851,0.190840,1.000000,-0.221374
73200,-0.065186,0.011963,1.030273,43.848,0.160305,0.977099,-0.206107
73220,-0.064697,0.007813,1.024658,43.862,0.160305,0.992366,-0.167939
73240,-0.068359,0.010254,1.023193,43.854,0.213740,0.938931,-0.213740
73260,-0.061523,0.013428,1.024170,43.851,0.183206,1.045802,-0.099237
73280,-0.063721,0.010254,1.029785,43.856,0.320611,0.908397,-0.129771
73300,-0.059082,0.008057,1.020264,43.842,0.198473,0.885496,-0.122137
73320,-0.064453,0.011475,1.021240,43.871,0.267176,0.954198,-0.114504
73340,-0.057861,0.008545,1.021484,43.848,0.175573,0.984733,-0.061069
73360,-0.058594,0.010254,1.023438,43.821,0.335878,1.068702,-0.206107
73380,-0.065186,0.009521,1.027344,43.854,0.221374,0.961832,-0.015267
73401,-0.057617,0.010254,1.029053,43.839,0.206107,0.931298,-0.114504
73420,-0.062988,0.008057,1.024658,43.859,0.244275,1.000000,-0.129771
73440,-0.063721,0.011963,1.024414,43.854,0.236641,1.045802,-0.183206
73460,-0.061768,0.009521,1.019531,43.848,0.274809,1.045802,-0.145038
73480,-0.066406,0.012207,1.028564,43.874,0.198473,0.992366,-0.015267
73500,-0.060303,0.005859,1.019531,43.862,0.053435,0.961832,-0.061069
73520,-0.062012,0.011963,1.020020,43.854,0.122137,0.946565,-0.053435
73540,-0.063721,0.011475,1.023438,43.883,0.198473,1.152672,-0.145038
73560,-0.061523,0.003906,1.026855,43.868,0.267176,1.022901,-0.076336
73580,-0.062744,0.009521,1.020996,43.880,0.290076,0.992366,-0.083969
73600,-0.065186,0.008789,1.019531,43.865,0.267176,1.045802,-0.053435
73620,-0.061768,0.008545,1.021240,43.833,0.206107,1.022901,-0.206107
73640,-0.063721,0.009521,1.027344,43.868,0.175573,1.099237,-0.152672
73660,-0.066895,0.008789,1.021973,43.851,0.190840,1.061069,0.015267
73680,-0.061523,0.011475,1.021729,43.833,0.259542,1.045802,-0.236641
73700,-0.065674,0.008057,1.025879,43.865,0.145038,1.030534,-0.175573
73720,-0.062012,0.008057,1.025391,43.859,0.167939,1.022901,-0.076336
73740,-0.064941,0.014160,1.026611,43.874,0.167939,0.946565,-0.190840
73761,-0.062012,0.008057,1.018066,43.854,0.229008,1.045802,-0.244275
73780,-0.065430,0.008789,1.023438,43.868,0.183206,0.908397,-0.106870
73800,-0.062744,0.006348,1.025879,43.862,0.213740,1.106870,-0.091603
73820,-0.067627,0.005615,1.023193,43.839,0.160305,1.000000,-0.190840
73840,-0.064453,0.009033,1.026855,43.859,0.183206,1.000000,-0.106870
73860,-0.059082,0.011230,1.030273,43.836,0.183206,0.938931,-0.061069
73880,-0.067627,0.011230,1.024414,43.877,0.213740,1.000000,-0.137405
73900,-0.063965,0.010254,1.020508,43.862,0.320611,0.832061,-0.068702
73920,-0.065430,0.011475,1.023682,43.851,0.129771,1.061069,-0.221374
73940,-0.060059,0.007568,1.020508,43.880,0.198473,1.038168,-0.083969
73960,-0.062256,0.004395,1.022949,43.883,0.198473,1.045802,-0.114504
73980,-0.062256,0.010254,1.023193,43.851,0.190840,0.809160,-0.137405
74000,-0.060303,0.013184,1.019775,43.868,0.274809,0.931298,-0.160305
74020,-0.063965,0.010742,1.022949,43.842,0.282443,1.015267,-0.152672
74040,-0.063477,0.007080,1.025146,43.883,0.183206,1.015267,-0.091603
74060,-0.064697,0.010986,1.028076,43.862,0.229008,0.969466,-0.091603
74080,-0.062988,0.009033,1.025635,43.848,0.206107,1.015267,-0.076336
74100,-0.063965,0.010742,1.023682,43.871,0.236641,0.900763,-0.083969
74121,-0.058594,0.012451,1.026855,43.824,0.267176,0.954198,-0.076336
74140,-0.068115,0.010498,1.025879,43.865,0.274809,1.000000,-0.183206
74160,-0.057861,0.005371,1.020020,43.856,0.145038,1.038168,-0.282443
74180,-0.062256,0.010742,1.019531,43.848,0.229008,0.923664,-0.114504
74200,-0.060791,0.012695,1.028076,43.848,0.244275,0.984733,-0.152672
74220,-0.061035,0.011230,1.019287,43.845,0.312977,0.862595,-0.061069
74240,-0.060791,0.010742,1.022217,43.880,0.267176,1.038168,-0.145038
74260,-0.064453,0.006592,1.020264,43.845,0.213740,0.969466,-0.129771
74280,-0.062988,0.009521,1.020752,43.874,0.335878,1.015267,-0.053435
74300,-0.064209,0.010010,1.030273,43.868,0.160305,0.954198,-0.244275
74320,-0.064209,0.008301,1.025879,43.854,0.160305,1.045802,-0.282443
74340,-0.066162,0.012695,1.019775,43.856,0.251908,1.022901,-0.091603
74360,-0.059814,0.013184,1.028076,43.845,0.206107,1.053435,0.053435
74380,-0.060303,0.005371,1.021729,43.874,0.221374,1.022901,-0.007634
74400,-0.062988,0.010498,1.022705,43.862,0.122137,1.045802,-0.206107
74420,-0.064941,0.009033,1.023682,43.851,0.129771,1.038168,-0.106870
74440,-0.064453,0.010010,1.013916,43.880,0.167939,0.908397,-0.190840
74461,-0.061035,0.008789,1.021973,43.856,0.282443,1.000000,-0.167939
74481,-0.064209,0.010986,1.025879,43.865,0.167939,1.053435,-0.015267
74500,-0.061523,0.010254,1.021484,43.845,0.221374,0.969466,-0.083969
74520,-0.063477,0.008301,1.026855,43.859,0.213740,0.931298,-0.083969
74540,-0.066162,0.011963,1.021240,43.851,0.267176,1.045802,-0.076336
74560,-0.063477,0.011230,1.028809,43.865,0.229008,1.007634,-0.091603
74580,-0.063721,0.009766,1.022217,43.868,0.251908,0.923664,-0.114504
74600,-0.066895,0.004883,1.022949,43.848,0.183206,1.061069,-0.229008
74620,-0.061768,0.010254,1.018555,43.868,0.259542,1.030534,-0.099237
74640,-0.061523,0.006348,1.025146,43.856,0.183206,0.931298,-0.114504
74660,-0.063721,0.012451,1.024658,43.845,0.183206,1.099237,-0.129771
74680,-0.063721,0.011230,1.023926,43.856,0.274809,0.984733,-0.076336
74700,-0.062256,0.009521,1.023193,43.874,0.267176,0.923664,-0.175573
74720,-0.062744,0.009033,1.020752,43.862,0.167939,1.015267,-0.175573
74740,-0.065918,0.006348,1.022461,43.871,0.236641,0.839695,-0.152672
74760,-0.063232,0.009277,1.021484,43.871,0.290076,1.122137,-0.007634
74780,-0.062500,0.010498,1.021240,43.827,0.274809,0.870229,-0.091603
74800,-0.063721,0.006836,1.019287,43.848,0.175573,0.954198,-0.099237
74820,-0.062256,0.009277,1.024658,43.845,0.229008,0.992366,-0.030534
74841,-0.063965,0.009277,1.023193,43.880,0.259542,1.038168,-0.145038
74860,-0.061523,0.007568,1.027832,43.859,0.198473,1.007634,-0.099237
74880,-0.059570,0.010010,1.020264,43.851,0.221374,1.000000,0.000000
74900,-0.061035,0.009277,1.025635,43.874,0.129771,1.053435,-0.122137
74920,-0.061768,0.010010,1.019531,43.854,0.236641,1.000000,-0.122137
74940,-0.062744,0.007568,1.026855,43.845,0.106870,1.083969,-0.045802
74960,-0.060303,0.005615,1.019287,43.862,0.206107,0.992366,-0.198473
74980,-0.065186,0.013672,1.031738,43.856,0.282443,0.984733,-0.122137
75000,-0.062500,0.007568,1.021240,43.854,0.160305,1.030534,-0.175573
75020,-0.059814,0.009277,1.024170,43.856,0.229008,1.053435,-0.129771
75040,-0.064453,0.012451,1.024170,43.854,0.282443,0.847328,-0.137405
75060,-0.065918,0.006836,1.027100,43.842,0.198473,1.000000,-0.022901
75080,-0.062256,0.009521,1.026123,43.856,0.221374,0.992366,-0.137405
75100,-0.063232,0.011475,1.022461,43.836,0.183206,1.091603,-0.167939
75120,-0.059814,0.010254,1.023438,43.856,0.145038,0.832061,-0.068702
75140,-0.062500,0.010742,1.022949,43.871,0.206107,1.022901,-0.190840
75160,-0.060547,0.008545,1.021484,43.856,0.305344,0.900763,-0.259542
75180,-0.063232,0.011719,1.020752,43.859,0.282443,1.053435,-0.091603
75200,-0.060059,0.009033,1.030273,43.842,0.267176,0.984733,-0.137405
75220,-0.064697,0.013916,1.025391,43.868,0.129771,1.099237,-0.045802
75240,-0.063232,0.011475,1.020996,43.862,0.335878,0.961832,-0.175573
75260,-0.064209,0.010254,1.030518,43.851,0.229008,0.992366,-0.099237
75280,-0.065430,0.009521,1.027100,43.848,0.259542,1.091603,-0.183206
75300,-0.062500,0.010986,1.032471,43.854,0.198473,1.030534,-0.053435
75321,-0.062500,0.008301,1.021240,43.862,0.190840,0.961832,-0.106870
75340,-0.064453,0.009033,1.027100,43.868,0.297710,0.946565,-0.106870
75360,-0.064697,0.007080,1.023438,43.883,0.160305,0.977099,-0.167939
75380,-0.059814,0.005859,1.023682,43.839,0.267176,0.916031,-0.076336
75400,-0.060059,0.009277,1.029785,43.851,0.221374,1.007634,-0.167939
75420,-0.061768,0.013428,1.021729,43.842,0.282443,1.038168,-0.099237
75440,-0.061768,0.010010,1.021973,43.854,0.312977,0.954198,-0.091603
75460,-0.059570,0.010498,1.022461,43.848,0.221374,0.992366,-0.099237
75480,-0.059326,0.010742,1.015625,43.865,0.259542,1.022901,-0.167939
75500,-0.065918,0.010742,1.023438,43.862,0.244275,0.954198,-0.152672
75520,-0.063232,0.008545,1.019043,43.859,0.137405,0.961832,-0.137405
75540,-0.062256,0.008545,1.022949,43.839,0.267176,1.053435,-0.129771
75560,-0.060791,0.011475,1.024170,43.886,0.305344,0.992366,-0.099237
75580,-0.063965,0.010010,1.021240,43.839,0.099237,0.938931,-0.167939
75600,-0.062744,0.009521,1.027100,43.845,0.190840,0.977099,-0.183206
75620,-0.064697,0.015137,1.028564,43.862,0.137405,1.007634,-0.137405
75640,-0.063477,0.011719,1.021484,43.865,0.251908,0.969466,-0.076336
75660,-0.067139,0.007813,1.024658,43.874,0.229008,1.030534,-0.152672
75680,-0.060059,0.009277,1.022461,43.871,0.206107,1.091603,-0.145038
75701,-0.065186,0.004150,1.023438,43.868,0.213740,0.992366,-0.099237
75721,-0.066406,0.011230,1.015137,43.842,0.221374,0.931298,-0.251908
75740,-0.068359,0.013916,1.023193,43.865,0.343511,0.908397,-0.145038
75760,-0.064697,0.009277,1.018311,43.868,0.213740,1.068702,-0.045802
75780,-0.063965,0.006348,1.024658,43.865,0.267176,1.053435,-0.183206
75800,-0.061523,0.007568,1.025391,43.842,0.290076,0.931298,-0.015267
75820,-0.062500,0.013428,1.016113,43.854,0.267176,0.870229,-0.167939
75840,-0.061768,0.010498,1.023193,43.839,0.229008,0.893130,-0.129771
75860,-0.060791,0.010742,1.022705,43.856,0.206107,0.961832,-0.030534
75880,-0.064697,0.013916,1.020264,43.856,0.190840,1.061069,-0.053435
75900,-0.060547,0.006348,1.030029,43.883,0.236641,0.938931,-0.198473
75920,-0.066162,0.004639,1.025146,43.868,0.183206,1.015267,-0.190840
75940,-0.064453,0.007324,1.025391,43.871,0.206107,0.931298,-0.076336
75960,-0.063965,0.005371,1.016113,43.824,0.251908,0.923664,-0.114504
75980,-0.059570,0.007080,1.022705,43.865,0.206107,0.893130,-0.221374
76000,-0.064453,0.008789,1.019775,43.854,0.229008,0.923664,-0.129771
76020,-0.059570,0.011230,1.023193,43.862,0.297710,0.992366,-0.267176
76040,-0.062744,0.014893,1.022949,43.845,0.190840,1.061069,-0.152672
76061,-0.064941,0.008057,1.024414,43.862,0.236641,0.984733,-0.145038
76081,-0.063477,0.010986,1.025146,43.862,0.183206,0.961832,-0.091603
76100,-0.065674,0.007813,1.023438,43.836,0.152672,1.022901,-0.183206
76120,-0.063721,0.011719,1.025391,43.848,0.267176,1.000000,0.015267
76140,-0.058105,0.012207,1.022217,43.868,0.145038,1.068702,-0.221374
76160,-0.062012,0.010010,1.019287,43.859,0.244275,0.870229,-0.274809
76180,-0.063477,0.005615,1.020020,43.815,0.198473,1.206107,-0.145038
76200,-0.063965,0.010254,1.018555,43.868,0.221374,1.053435,-0.083969
76220,-0.063965,0.007813,1.021729,43.862,0.251908,0.938931,-0.106870
76240,-0.060791,0.005371,1.028320,43.868,0.183206,0.954198,-0.198473
76260,-0.061768,0.011230,1.020264,43.865,0.351145,1.000000,-0.167939
76280,-0.063721,0.007324,1.027832,43.842,0.374046,0.923664,-0.106870
76300,-0.062500,0.006836,1.022949,43.868,0.206107,0.992366,-0.091603
76320,-0.061035,0.010986,1.023438,43.845,0.282443,0.954198,-0.061069
76340,-0.056152,0.007813,1.023438,43.862,0.183206,1.000000,0.022901
76360,-0.060547,0.010742,1.019775,43.877,0.183206,0.977099,-0.091603
76380,-0.059082,0.010742,1.021484,43.845,0.236641,1.053435,-0.190840
76400,-0.057373,0.009521,1.023682,43.836,0.290076,1.045802,-0.145038
76421,-0.061768,0.010010,1.022949,43.839,0.267176,0.961832,-0.183206
76440,-0.064941,0.009033,1.026855,43.851,0.206107,0.923664,0.007634
76460,-0.067627,0.008057,1.023193,43.839,0.213740,1.076336,-0.145038
76480,-0.061279,0.014160,1.017334,43.842,0.267176,1.091603,-0.076336
76500,-0.060547,0.008057,1.019043,43.845,0.244275,0.992366,-0.076336
76520,-0.062012,0.011719,1.024170,43.845,0.221374,0.984733,-0.129771
76540,-0.064941,0.010498,1.029785,43.848,0.236641,0.832061,-0.213740
76560,-0.060791,0.009521,1.026123,43.845,0.290076,0.946565,-0.061069
76580,-0.066162,0.006592,1.022949,43.880,0.213740,1.000000,-0.076336
76600,-0.065186,0.011230,1.021240,43.862,0.114504,0.954198,-0.129771
76620,-0.063232,0.010498,1.023438,43.848,0.175573,0.885496,-0.167939
76640,-0.065674,0.009766,1.028076,43.859,0.236641,0.877863,-0.114504
76660,-0.067627,0.009277,1.019531,43.848,0.229008,0.900763,-0.167939
76680,-0.063965,0.008057,1.022461,43.845,0.274809,0.885496,-0.099237
76700,-0.062500,0.004883,1.028320,43.862,0.229008,0.900763,-0.099237
76720,-0.060547,0.006348,1.029297,43.854,0.244275,0.893130,-0.114504
76740,-0.061768,0.010254,1.021240,43.848,0.213740,0.923664,-0.244275
76760,-0.060791,0.010986,1.026123,43.851,0.206107,0.992366,-0.129771
76781,-0.061523,0.009033,1.015869,43.859,0.145038,1.061069,-0.152672
76800,-0.065186,0.008545,1.022949,43.839,0.190840,1.030534,-0.099237
76820,-0.063477,0.011475,1.025879,43.871,0.175573,0.984733,-0.175573
76840,-0.066162,0.012695,1.020508,43.851,0.305344,0.916031,-0.083969
76860,-0.062744,0.005127,1.016846,43.848,0.221374,0.877863,-0.015267
76880,-0.063721,0.010986,1.029053,43.854,0.137405,1.099237,-0.183206
76900,-0.063965,0.011475,1.028076,43.851,0.290076,1.038168,0.007634
76920,-0.062988,0.009277,1.021973,43.839,0.160305,1.038168,-0.122137
76940,-0.060547,0.009033,1.021484,43.868,0.290076,0.946565,-0.167939
76960,-0.063965,0.010986,1.020264,43.862,0.213740,0.908397,-0.167939
76980,-0.066406,0.013184,1.020020,43.848,0.259542,0.931298,-0.160305
77000,-0.062500,0.013184,1.021240,43.871,0.244275,0.984733,-0.145038
77020,-0.064209,0.010010,1.021484,43.856,0.213740,0.969466,-0.091603
77040,-0.061523,0.009277,1.022217,43.856,0.251908,0.977099,-0.129771
77060,-0.065186,0.013428,1.022705,43.856,0.221374,1.015267,-0.145038
77080,-0.061768,0.008057,1.024414,43.845,0.229008,0.992366,-0.091603
77100,-0.063477,0.009766,1.028320,43.871,0.236641,0.969466,-0.106870
77120,-0.059326,0.011230,1.026611,43.854,0.251908,1.015267,-0.236641
77141,-0.062256,0.009033,1.024170,43.845,0.175573,0.931298,-0.175573
77160,-0.061279,0.006348,1.018799,43.854,0.190840,0.931298,-0.122137
77180,-0.062012,0.007568,1.023193,43.836,0.297710,1.015267,-0.083969
77200,-0.065674,0.011230,1.021973,43.848,0.267176,0.923664,-0.106870
77220,-0.064697,0.010986,1.022949,43.856,0.206107,0.969466,-0.076336
77240,-0.061279,0.009766,1.021729,43.854,0.221374,1.030534,-0.198473
77260,-0.061768,0.007813,1.017822,43.845,0.229008,1.007634,-0.076336
77280,-0.064209,0.011230,1.024414,43.856,0.152672,0.969466,-0.114504
77300,-0.063721,0.007568,1.027344,43.836,0.312977,1.007634,-0.129771
77320,-0.063721,0.010498,1.020996,43.848,0.267176,0.946565,-0.160305
77340,-0.061523,0.010986,1.020752,43.845,0.114504,0.954198,-0.068702
77360,-0.066162,0.010254,1.023926,43.827,0.251908,0.954198,-0.183206
77380,-0.063477,0.009766,1.029053,43.856,0.183206,0.938931,-0.152672
77400,-0.065186,0.009521,1.023682,43.839,0.259542,0.984733,-0.122137
77420,-0.062744,0.011719,1.020996,43.842,0.167939,0.832061,-0.114504
77440,-0.062500,0.007813,1.019531,43.842,0.190840,0.893130,-0.175573
77460,-0.061279,0.005371,1.024414,43.839,0.198473,1.114504,-0.091603
77480,-0.063965,0.010498,1.020020,43.856,0.221374,1.083969,-0.152672
77500,-0.063965,0.010254,1.025146,43.856,0.236641,1.007634,-0.015267
77520,-0.058105,0.012451,1.024414,43.845,0.129771,1.129771,-0.251908
77540,-0.059570,0.009277,1.018555,43.830,0.183206,1.022901,-0.183206
77560,-0.062012,0.011963,1.029053,43.859,0.305344,0.946565,-0.114504
77580,-0.062256,0.010742,1.026367,43.856,0.251908,0.916031,-0.114504
77600,-0.065186,0.008545,1.020264,43.824,0.152672,0.938931,-0.183206
77620,-0.065674,0.010986,1.027344,43.824,0.206107,1.038168,-0.076336
77641,-0.061768,0.010986,1.016602,43.833,0.190840,1.015267,-0.137405
77660,-0.065918,0.012451,1.019531,43.871,0.152672,0.938931,-0.114504
77680,-0.062256,0.014648,1.016357,43.827,0.267176,0.862595,-0.167939
77700,-0.064453,0.010254,1.024170,43.871,0.213740,0.954198,-0.213740
77720,-0.061523,0.012207,1.021240,43.839,0.175573,1.083969,-0.160305
77740,-0.065430,0.011719,1.023438,43.848,0.206107,0.992366,-0.114504
77760,-0.063232,0.010010,1.017334,43.854,0.244275,0.969466,-0.137405
77780,-0.064941,0.008789,1.027344,43.859,0.229008,1.038168,-0.068702
77800,-0.068359,0.010498,1.018799,43.868,0.137405,1.022901,-0.183206
77820,-0.061279,0.004883,1.022217,43.862,0.267176,0.961832,-0.083969
77840,-0.062988,0.011963,1.021729,43.854,0.251908,0.954198,-0.190840
77860,-0.062012,0.010010,1.024658,43.868,0.297710,0.969466,-0.129771
77880,-0.060303,0.011230,1.023682,43.856,0.244275,1.022901,-0.099237
77900,-0.062988,0.009766,1.030029,43.862,0.213740,0.908397,-0.038168
77920,-0.060547,0.009766,1.020752,43.856,0.229008,0.893130,-0.183206
77940,-0.062012,0.009277,1.022705,43.851,0.221374,1.068702,-0.152672
77960,-0.064697,0.013428,1.026611,43.836,0.251908,0.977099,-0.083969
77980,-0.068359,0.008789,1.017822,43.859,0.206107,1.068702,-0.099237
78000,-0.062012,0.010010,1.022461,43.874,0.259542,0.984733,-0.137405
78021,-0.062988,0.009277,1.019287,43.833,0.236641,0.954198,-0.198473
78040,-0.065186,0.010742,1.024170,43.856,0.374046,0.900763,-0.167939
78060,-0.063232,0.008789,1.032715,43.859,0.290076,0.862595,-0.106870
78080,-0.059326,0.010986,1.020264,43.827,0.175573,1.038168,-0.236641
78100,-0.062988,0.010010,1.020996,43.845,0.244275,1.045802,-0.175573
78120,-0.065674,0.007080,1.023926,43.880,0.213740,1.061069,-0.259542
78140,-0.065674,0.010010,1.020264,43.877,0.259542,0.931298,-0.167939
78160,-0.062500,0.009766,1.024658,43.859,0.251908,0.977099,-0.007634
78180,-0.062500,0.005615,1.027344,43.868,0.083969,1.076336,-0.114504
78200,-0.062012,0.010254,1.024902,43.851,0.229008,0.916031,-0.045802
78220,-0.064941,0.013184,1.021484,43.839,0.290076,0.977099,0.030534
78240,-0.062500,0.008789,1.026611,43.856,0.167939,0.992366,-0.167939
78260,-0.060791,0.010986,1.016602,43.868,0.152672,0.938931,-0.106870
78280,-0.063232,0.010742,1.022949,43.836,0.213740,1.083969,-0.137405
78300,-0.066162,0.011475,1.027832,43.865,0.198473,1.015267,-0.099237
78320,-0.063232,0.008545,1.027100,43.851,0.343511,0.793893,-0.038168
78340,-0.062988,0.009033,1.024414,43.851,0.183206,1.099237,-0.091603
78360,-0.063232,0.011719,1.015137,43.839,0.152672,0.961832,-0.053435
78381,-0.063477,0.009766,1.019531,43.854,0.236641,0.946565,-0.091603
78400,-0.063965,0.006348,1.025146,43.856,0.183206,1.099237,-0.045802
78420,-0.062256,0.007813,1.023926,43.880,0.236641,1.076336,-0.114504
78440,-0.061523,0.010742,1.017822,43.845,0.175573,1.114504,-0.137405
78460,-0.062988,0.007813,1.019775,43.842,0.251908,0.847328,-0.160305
78480,-0.064453,0.008057,1.028809,43.871,0.282443,1.114504,-0.068702
78500,-0.062256,0.008545,1.020996,43.856,0.236641,0.984733,-0.091603
78520,-0.065674,0.007568,1.025879,43.854,0.213740,1.099237,-0.053435
78540,-0.062012,0.006104,1.022217,43.833,0.206107,1.091603,-0.145038
78560,-0.065430,0.010010,1.024902,43.839,0.251908,0.877863,-0.076336
78580,-0.063232,0.008301,1.026611,43.868,0.267176,0.954198,-0.229008
78600,-0.062256,0.010986,1.024902,43.821,0.251908,0.992366,-0.068702
78620,-0.066406,0.007813,1.024658,43.836,0.297710,0.977099,-0.030534
78640,-0.061279,0.007324,1.025391,43.845,0.251908,0.809160,-0.106870
78660,-0.064941,0.008789,1.028809,43.862,0.236641,0.977099,-0.091603
78680,-0.062500,0.010010,1.022705,43.856,0.290076,1.083969,-0.106870
78700,-0.062012,0.008057,1.029297,43.854,0.274809,0.946565,-0.160305
78720,-0.071045,0.002441,1.016602,43.859,0.206107,1.236641,-0.145038
78741,-0.055664,0.005371,1.017822,43.865,0.183206,0.900763,-0.167939
78760,-0.052979,0.013184,1.027100,43.845,0.251908,0.793893,-0.175573
78780,-0.064941,0.008057,1.022949,43.845,0.114504,0.946565,-0.175573
78800,-0.063477,0.011963,1.026123,43.854,0.236641,1.045802,-0.122137
78820,-0.064941,0.009277,1.022461,43.854,0.282443,0.992366,-0.122137
78840,-0.063721,0.007080,1.021973,43.848,0.183206,0.969466,-0.160305
78860,-0.060547,0.010010,1.021484,43.842,0.221374,1.083969,-0.259542
78880,-0.064209,0.010742,1.023926,43.836,0.282443,1.053435,-0.145038
78900,-0.058350,0.007080,1.026123,43.836,0.198473,0.923664,-0.053435
78920,-0.060303,0.010010,1.023438,43.851,0.274809,1.015267,-0.106870
78940,-0.067139,0.009277,1.027588,43.851,0.206107,1.076336,-0.038168
78960,-0.062988,0.005615,1.025635,43.854,0.206107,0.992366,-0.190840
78980,-0.060059,0.007568,1.020752,43.848,0.221374,0.916031,-0.137405
79000,-0.065918,0.007324,1.030273,43.848,0.297710,0.847328,-0.061069
79020,-0.059814,0.009033,1.022705,43.856,0.190840,0.992366,-0.045802
79040,-0.066650,0.006836,1.022217,43.859,0.229008,0.984733,-0.175573
79060,-0.061768,0.010254,1.026367,43.839,0.312977,0.885496,-0.091603
79080,-0.066650,0.010010,1.024170,43.854,0.190840,0.961832,-0.122137
79101,-0.064941,0.008545,1.024170,43.877,0.198473,0.984733,-0.221374
79120,-0.060059,0.006836,1.023193,43.856,0.221374,0.832061,-0.114504
79140,-0.073486,0.008301,1.028320,43.848,0.312977,1.007634,0.007634
79160,-0.061279,0.007813,1.020020,43.845,0.198473,0.992366,-0.114504
79180,-0.061279,0.009766,1.032959,43.848,0.229008,0.916031,-0.129771
79200,-0.066406,0.009766,1.026123,43.839,0.160305,0.969466,-0.267176
79220,-0.062988,0.011230,1.026367,43.856,0.206107,1.038168,-0.045802
79240,-0.060059,0.011719,1.022461,43.839,0.206107,0.900763,-0.053435
79260,-0.060547,0.009033,1.022461,43.854,0.183206,0.946565,-0.106870
79280,-0.061279,0.010742,1.027344,43.836,0.221374,0.969466,-0.160305
79300,-0.063477,0.010742,1.021973,43.862,0.259542,0.908397,-0.099237
79320,-0.065918,0.011963,1.025879,43.812,0.297710,1.091603,-0.106870
79340,-0.064453,0.011230,1.025635,43.877,0.152672,0.908397,-0.236641
79360,-0.065186,0.006836,1.020264,43.851,0.267176,1.022901,-0.106870
79380,-0.063721,0.012207,1.026611,43.833,0.251908,0.893130,-0.068702
79400,-0.066406,0.008545,1.022949,43.836,0.297710,1.137405,-0.129771
79420,-0.063477,0.008789,1.021729,43.833,0.297710,0.992366,-0.160305
79440,-0.059326,0.007568,1.026611,43.830,0.282443,0.877863,-0.122137
79461,-0.063232,0.012695,1.022949,43.839,0.190840,1.076336,-0.053435
79480,-0.066650,0.010254,1.019531,43.848,0.267176,0.961832,-0.122137
79500,-0.065674,0.007813,1.026855,43.842,0.175573,1.106870,-0.114504
79520,-0.064941,0.009521,1.025146,43.845,0.145038,1.038168,-0.114504
79540,-0.061279,0.010986,1.025879,43.865,0.190840,0.969466,-0.099237
79560,-0.061035,0.012207,1.033447,43.874,0.236641,1.022901,-0.152672
79580,-0.061523,0.010498,1.023926,43.859,0.190840,0.946565,-0.221374
79600,-0.061768,0.011963,1.027832,43.836,0.175573,1.045802,-0.129771
79620,-0.064453,0.010742,1.020508,43.830,0.167939,1.015267,-0.137405
79640,-0.063477,0.007813,1.026855,43.821,0.229008,1.038168,-0.167939
79660,-0.069824,0.010254,1.029053,43.868,0.251908,1.007634,-0.091603
79680,-0.062744,0.010498,1.024902,43.830,0.251908,1.000000,-0.175573
79700,-0.067139,0.013916,1.031006,43.859,0.251908,1.053435,-0.068702
79720,-0.066162,0.010986,1.020020,43.830,0.259542,0.916031,-0.091603
79740,-0.063477,0.008789,1.016846,43.868,0.290076,0.870229,-0.106870
79760,-0.062256,0.009766,1.024902,43.865,0.198473,0.893130,-0.145038
79780,-0.057861,0.010010,1.022949,43.833,0.167939,1.015267,-0.068702
79800,-0.063477,0.007813,1.026123,43.842,0.290076,0.839695,-0.091603
79821,-0.065918,0.011475,1.023682,43.856,0.244275,0.961832,-0.053435
79840,-0.066650,0.010986,1.024658,43.836,0.152672,1.152672,-0.114504
79860,-0.066162,0.011475,1.032959,43.851,0.229008,1.099237,-0.175573
79880,-0.060791,0.011230,1.022461,43.848,0.175573,0.969466,-0.083969
79900,-0.061768,0.010498,1.027100,43.848,0.213740,1.061069,-0.122137
79920,-0.062744,0.007568,1.027100,43.851,0.206107,1.038168,-0.015267
79941,-0.063965,0.014160,1.028076,43.836,0.274809,1.030534,-0.167939
79960,-0.067871,0.009033,1.021240,43.856,0.213740,0.885496,-0.190840
79980,-0.068604,0.011963,1.027832,43.859,0.229008,0.938931,-0.160305
80000,-0.064941,0.010742,1.020264,43.845,0.175573,0.992366,-0.206107
80020,-0.064209,0.006592,1.021973,43.848,0.206107,1.007634,-0.091603
80040,-0.064209,0.007568,1.023193,43.854,0.167939,1.045802,-0.114504
80060,-0.068848,0.011963,1.021973,43.859,0.152672,1.137405,-0.267176
80080,-0.064697,0.007813,1.024170,43.833,0.198473,1.038168,-0.183206
80100,-0.062988,0.007324,1.021973,43.851,0.160305,0.954198,-0.152672
80120,-0.060547,0.011475,1.027832,43.862,0.213740,0.908397,-0.145038
80140,-0.062988,0.008545,1.017822,43.874,0.282443,0.847328,-0.076336
80160,-0.065186,0.008789,1.024902,43.842,0.175573,1.091603,-0.114504
80180,-0.065186,0.010254,1.025879,43.839,0.274809,1.068702,-0.076336
80200,-0.060791,0.010498,1.022461,43.839,0.106870,1.106870,-0.122137
80220,-0.065186,0.006348,1.022217,43.865,0.213740,0.992366,-0.282443
80240,-0.070068,0.008301,1.018799,43.856,0.145038,1.038168,-0.206107
80260,-0.065918,0.011475,1.018555,43.821,0.259542,0.961832,-0.106870
80280,-0.067139,0.011963,1.020020,43.833,0.320611,1.068702,-0.114504
80301,-0.059082,0.008301,1.027832,43.824,0.206107,0.961832,-0.145038
80321,-0.060303,0.010254,1.019531,43.862,0.167939,1.007634,-0.091603
80340,-0.066895,0.011963,1.025391,43.848,0.206107,0.992366,-0.129771
80360,-0.061035,0.006836,1.027100,43.865,0.137405,1.114504,-0.198473
80380,-0.062012,0.004395,1.023438,43.851,0.229008,0.809160,-0.053435
80400,-0.060547,0.006104,1.028076,43.839,0.282443,1.015267,-0.190840
80420,-0.064941,0.005859,1.017578,43.845,0.213740,0.969466,-0.022901
80440,-0.062500,0.003906,1.022705,43.842,0.305344,1.030534,-0.122137
80460,-0.064941,0.009766,1.023682,43.854,0.213740,1.000000,-0.145038
80480,-0.062744,0.011230,1.022949,43.827,0.129771,0.992366,-0.145038
80500,-0.063965,0.007568,1.021240,43.839,0.267176,0.984733,-0.099237
80520,-0.065674,0.011719,1.020264,43.836,0.213740,0.923664,-0.061069
80540,-0.063477,0.010742,1.019043,43.856,0.175573,1.053435,-0.229008
80560,-0.067383,0.010254,1.022949,43.830,0.175573,0.992366,-0.068702
80580,-0.064209,0.012207,1.023926,43.868,0.221374,0.969466,0.007634
80600,-0.063232,0.011719,1.026367,43.856,0.198473,0.877863,-0.114504
80620,-0.065430,0.006836,1.021729,43.848,0.183206,0.946565,-0.015267
80640,-0.059814,0.011475,1.021484,43.859,0.229008,1.053435,-0.137405
80660,-0.065918,0.009766,1.023926,43.848,0.221374,0.954198,-0.213740
80681,-0.062500,0.010254,1.013428,43.833,0.145038,0.961832,-0.145038
80700,-0.066406,0.007813,1.023438,43.851,0.244275,1.030534,-0.076336
80720,-0.060791,0.009766,1.016602,43.833,0.320611,0.961832,-0.076336
80740,-0.061768,0.009521,1.021484,43.830,0.183206,0.984733,-0.160305
80760,-0.064453,0.008545,1.020996,43.845,0.312977,0.885496,-0.061069
80780,-0.062744,0.010010,1.022217,43.839,0.183206,1.038168,-0.175573
80800,-0.066162,0.013428,1.026123,43.854,0.267176,0.992366,-0.022901
80820,-0.063232,0.008057,1.019043,43.848,0.328244,0.900763,-0.068702
80840,-0.064453,0.007324,1.021729,43.851,0.122137,1.068702,-0.061069
80860,-0.061768,0.008545,1.024902,43.839,0.206107,0.946565,-0.129771
80880,-0.062744,0.012207,1.029785,43.854,0.175573,1.038168,-0.183206
80900,-0.062988,0.008057,1.024414,43.824,0.236641,0.938931,-0.152672
80920,-0.060791,0.007568,1.026367,43.880,0.122137,1.076336,-0.152672
80940,-0.060303,0.008545,1.021729,43.859,0.236641,0.977099,-0.068702
80960,-0.062744,0.006104,1.029297,43.856,0.206107,1.022901,-0.183206
80980,-0.063965,0.007324,1.021729,43.827,0.221374,0.938931,-0.015267
81000,-0.062012,0.012207,1.021729,43.842,0.328244,0.992366,-0.061069
81020,-0.064697,0.017578,1.021240,43.868,0.282443,0.961832,0.038168
81040,-0.061279,0.007568,1.029297,43.851,0.236641,0.862595,-0.198473
81061,-0.062744,0.004639,1.024658,43.830,0.274809,1.099237,-0.129771
81080,-0.065186,0.006592,1.018555,43.821,0.213740,1.053435,-0.068702
81100,-0.062500,0.011719,1.019287,43.824,0.343511,0.969466,-0.114504
81120,-0.062500,0.009277,1.024658,43.836,0.282443,0.961832,-0.076336
81140,-0.059814,0.010010,1.023438,43.859,0.152672,0.961832,-0.114504
81160,-0.059814,0.009766,1.025635,43.830,0.236641,0.923664,-0.076336
81180,-0.060303,0.007568,1.025635,43.877,0.183206,1.053435,-0.114504
81200,-0.065674,0.007080,1.022217,43.839,0.221374,0.923664,-0.114504
81220,-0.070313,0.008789,1.022461,43.821,0.267176,1.022901,-0.190840
81240,-0.062012,0.008301,1.015869,43.836,0.236641,1.038168,-0.129771
81260,-0.059082,0.010986,1.021240,43.851,0.244275,1.045802,-0.053435
81280,-0.065674,0.007813,1.028809,43.859,0.167939,1.007634,-0.015267
81300,-0.065186,0.011963,1.025391,43.854,0.106870,0.923664,-0.190840
81320,-0.065430,0.014648,1.027100,43.854,0.229008,0.900763,-0.206107
81340,-0.067139,0.012695,1.019043,43.886,0.305344,1.022901,-0.106870
81360,-0.064941,0.009766,1.024658,43.842,0.206107,0.977099,-0.190840
81380,-0.065918,0.009033,1.019531,43.804,0.236641,1.015267,-0.106870
81401,-0.061768,0.007813,1.026855,43.839,0.236641,1.076336,-0.053435
81421,-0.060547,0.007813,1.024414,43.839,0.267176,0.916031,-0.137405
81440,-0.059326,0.013184,1.019531,43.848,0.190840,0.916031,-0.229008
81460,-0.063965,0.004395,1.020508,43.859,0.213740,0.923664,-0.114504
81480,-0.063232,0.009277,1.018555,43.839,0.213740,1.106870,-0.167939
81500,-0.063477,0.009277,1.025391,43.801,0.198473,0.984733,-0.183206
81520,-0.063232,0.009766,1.023682,43.839,0.236641,1.000000,-0.145038
81540,-0.062500,0.011475,1.018799,43.848,0.259542,0.923664,-0.190840
81560,-0.062500,0.010010,1.024414,43.830,0.145038,1.022901,-0.053435
81580,-0.060059,0.009033,1.027832,43.877,0.175573,0.916031,-0.221374
81600,-0.060791,0.014404,1.021729,43.848,0.251908,0.954198,-0.083969
81620,-0.065674,0.005615,1.021973,43.848,0.198473,0.961832,-0.152672
81640,-0.063965,0.006836,1.029541,43.836,0.236641,1.045802,-0.061069
81660,-0.062012,0.008545,1.020264,43.830,0.236641,1.053435,-0.137405
81680,-0.067383,0.010254,1.025635,43.854,0.160305,1.068702,-0.152672
81700,-0.064453,0.009033,1.020508,43.830,0.206107,0.992366,-0.305344
81720,-0.060059,0.010254,1.027588,43.845,0.221374,1.015267,-0.122137
81740,-0.061035,0.009033,1.019287,43.815,0.206107,1.053435,-0.083969
81761,-0.062500,0.009277,1.025635,43.827,0.206107,0.900763,-0.106870
81780,-0.063232,0.004639,1.027100,43.836,0.198473,0.961832,-0.038168
81800,-0.066162,0.012207,1.023438,43.848,0.274809,0.977099,-0.076336
81820,-0.060059,0.012695,1.026367,43.865,0.312977,1.007634,-0.015267
81840,-0.061279,0.007080,1.021484,43.851,0.213740,1.038168,-0.099237
81860,-0.064697,0.008789,1.023193,43.821,0.160305,0.938931,-0.091603
81880,-0.066162,0.010498,1.031982,43.839,0.267176,1.015267,-0.030534
81900,-0.064697,0.007324,1.021484,43.851,0.229008,1.091603,-0.221374
81920,-0.067383,0.009277,1.020996,43.842,0.267176,0.938931,-0.137405
81940,-0.065186,0.010742,1.024414,43.821,0.122137,0.877863,-0.053435
81960,-0.066895,0.006592,1.026855,43.839,0.267176,0.977099,-0.099237
81980,-0.062500,0.010010,1.020996,43.854,0.198473,1.030534,-0.129771
82000,-0.061523,0.011475,1.026611,43.839,0.167939,1.122137,-0.343511
82020,-0.063232,0.007813,1.017822,43.845,0.137405,1.152672,-0.114504
82040,-0.061035,0.011719,1.019775,43.833,0.221374,0.954198,-0.045802
82060,-0.062500,0.011719,1.025879,43.842,0.198473,1.022901,-0.061069
82080,-0.060791,0.009521,1.022949,43.839,0.259542,0.977099,-0.160305
82100,-0.062988,0.008545,1.024902,43.845,0.290076,0.854962,-0.137405
82120,-0.060791,0.005127,1.024902,43.842,0.267176,0.969466,-0.137405
82141,-0.063232,0.013916,1.025635,43.839,0.274809,0.938931,-0.068702
82160,-0.062500,0.010254,1.028320,43.833,0.137405,1.053435,-0.244275
82180,-0.062988,0.007568,1.024658,43.854,0.175573,1.022901,-0.099237
82200,-0.061523,0.009521,1.025635,43.856,0.305344,0.961832,-0.053435
82220,-0.069336,0.007568,1.022461,43.833,0.183206,1.007634,-0.160305
82240,-0.065430,0.010010,1.023193,43.842,0.190840,0.992366,-0.076336
82260,-0.065430,0.009766,1.026123,43.833,0.145038,0.961832,-0.083969
82280,-0.061279,0.009766,1.026367,43.836,0.229008,0.832061,-0.236641
82300,-0.061523,0.012695,1.024414,43.833,0.251908,1.007634,-0.045802
82320,-0.062256,0.009033,1.023682,43.815,0.312977,0.854962,-0.076336
82340,-0.066406,0.009033,1.018311,43.851,0.244275,0.938931,-0.122137
82360,-0.065674,0.011475,1.023438,43.845,0.244275,0.931298,-0.183206
82380,-0.062988,0.010498,1.029541,43.845,0.282443,1.000000,-0.076336
82400,-0.063721,0.008057,1.023926,43.845,0.152672,1.000000,-0.190840
82420,-0.060059,0.010010,1.020508,43.868,0.183206,0.954198,-0.152672
82440,-0.065674,0.008789,1.029785,43.833,0.145038,0.877863,-0.190840
82460,-0.062012,0.007813,1.023926,43.830,0.221374,0.877863,-0.137405
82480,-0.064941,0.008545,1.029541,43.859,0.251908,0.961832,-0.061069
82500,-0.062500,0.009521,1.025146,43.842,0.282443,0.992366,-0.053435
82520,-0.058594,0.009521,1.028564,43.845,0.129771,1.152672,-0.091603
82540,-0.060303,0.004150,1.019531,43.842,0.251908,1.053435,-0.106870
82560,-0.066162,0.008301,1.024170,43.830,0.244275,0.977099,-0.236641
82580,-0.060303,0.011963,1.026855,43.833,0.145038,1.000000,-0.083969
82600,-0.063477,0.010986,1.023438,43.836,0.229008,0.786260,-0.038168
82620,-0.061768,0.008789,1.020752,43.824,0.282443,0.885496,-0.061069
82641,-0.062744,0.008301,1.025635,43.856,0.167939,1.022901,-0.129771
82660,-0.062988,0.011719,1.021973,43.845,0.190840,1.053435,-0.122137
82680,-0.062012,0.006104,1.026611,43.830,0.175573,0.946565,-0.244275
82700,-0.059570,0.008545,1.024170,43.827,0.167939,0.893130,-0.198473
82720,-0.063232,0.009033,1.027100,43.806,0.290076,0.977099,-0.183206
82740,-0.060059,0.008057,1.021729,43.804,0.213740,0.931298,-0.137405
82760,-0.059570,0.010254,1.026611,43.839,0.206107,1.030534,-0.106870
82780,-0.066650,0.007080,1.025635,43.839,0.282443,0.893130,-0.137405
82800,-0.065186,0.010010,1.023926,43.845,0.229008,0.877863,-0.229008
82820,-0.062256,0.010742,1.013184,43.851,0.236641,0.923664,-0.129771
82840,-0.060303,0.010498,1.018311,43.812,0.190840,0.969466,-0.190840
82860,-0.062744,0.007324,1.025879,43.836,0.244275,0.969466,-0.145038
82880,-0.062012,0.011230,1.024170,43.854,0.167939,0.839695,-0.053435
82900,-0.064697,0.010742,1.022461,43.833,0.221374,1.015267,-0.053435
82920,-0.063965,0.009521,1.023438,43.854,0.183206,0.938931,-0.229008
82940,-0.062256,0.009033,1.015625,43.809,0.274809,1.030534,-0.061069
82960,-0.063477,0.010010,1.022705,43.845,0.290076,1.000000,-0.175573
82980,-0.057373,0.010254,1.025391,43.845,0.358779,0.961832,-0.099237
83000,-0.063232,0.011475,1.025879,43.833,0.290076,0.938931,-0.114504
83021,-0.064697,0.004150,1.028320,43.804,0.198473,1.015267,-0.038168
83040,-0.062500,0.009033,1.023926,43.842,0.229008,0.961832,-0.106870
83060,-0.060791,0.010254,1.020264,43.854,0.259542,0.992366,-0.160305
83080,-0.061279,0.010498,1.022705,43.804,0.213740,1.000000,-0.198473
83100,-0.061523,0.010498,1.024658,43.830,0.206107,0.870229,-0.137405
83120,-0.063232,0.009521,1.023682,43.842,0.229008,0.916031,-0.114504
83140,-0.062988,0.010254,1.018066,43.862,0.297710,0.870229,-0.038168
83160,-0.058838,0.008301,1.023926,43.845,0.244275,1.007634,-0.022901
83180,-0.064697,0.008789,1.023193,43.824,0.160305,1.053435,-0.099237
83200,-0.059814,0.007080,1.025391,43.836,0.251908,1.068702,-0.206107
83220,-0.062256,0.009521,1.023438,43.801,0.198473,1.007634,-0.022901
83240,-0.069336,0.014648,1.026123,43.848,0.282443,1.022901,-0.061069
83260,-0.061768,0.003662,1.025391,43.827,0.175573,0.885496,-0.167939
83280,-0.061523,0.011719,1.024170,43.812,0.282443,0.938931,-0.091603
83300,-0.063721,0.009033,1.030029,43.821,0.213740,0.954198,-0.190840
83320,-0.063721,0.011475,1.031006,43.830,0.122137,0.877863,-0.022901
83340,-0.061523,0.009766,1.019531,43.842,0.312977,0.992366,-0.251908
83360,-0.063477,0.010254,1.026367,43.848,0.358779,1.015267,-0.129771
83380,-0.061768,0.008301,1.028564,43.848,0.160305,0.954198,-0.183206
83401,-0.062012,0.007324,1.022949,43.824,0.221374,1.030534,-0.152672
83420,-0.063232,0.011719,1.018066,43.833,0.213740,1.053435,-0.167939
83440,-0.062500,0.007080,1.019775,43.821,0.206107,0.977099,-0.213740
83460,-0.063721,0.007324,1.022461,43.842,0.152672,0.938931,-0.083969
83480,-0.059814,0.011475,1.020264,43.845,0.198473,0.916031,-0.145038
83500,-0.061523,0.007813,1.023193,43.842,0.213740,0.969466,-0.183206
83520,-0.058594,0.008301,1.022949,43.839,0.335878,1.137405,-0.198473
83540,-0.061035,0.005859,1.019287,43.812,0.221374,0.946565,-0.045802
83560,-0.064697,0.005859,1.021973,43.836,0.305344,0.893130,-0.015267
83580,-0.061035,0.010010,1.019775,43.833,0.206107,0.984733,-0.083969
83600,-0.062744,0.009766,1.015381,43.815,0.206107,0.908397,-0.091603
83620,-0.061523,0.007813,1.023438,43.824,0.244275,0.984733,-0.137405
83640,-0.062744,0.005615,1.021973,43.842,0.244275,0.961832,-0.213740
83660,-0.063965,0.013672,1.023682,43.815,0.244275,1.129771,-0.068702
83680,-0.065674,0.012207,1.025146,43.848,0.244275,0.900763,-0.129771
83700,-0.059570,0.012207,1.022217,43.833,0.206107,1.099237,-0.229008
83720,-0.064209,0.005127,1.022949,43.848,0.213740,0.954198,-0.152672
83740,-0.060303,0.007813,1.026123,43.821,0.175573,1.007634,-0.038168
83761,-0.062744,0.009521,1.026367,43.833,0.206107,0.923664,-0.167939
83780,-0.064453,0.007813,1.023682,43.859,0.183206,0.900763,-0.106870
83800,-0.062012,0.010742,1.024414,43.815,0.312977,0.992366,-0.206107
83820,-0.062500,0.006104,1.023926,43.842,0.175573,1.114504,-0.183206
83840,-0.060547,0.010254,1.019287,43.824,0.229008,0.801527,-0.175573
83860,-0.062500,0.011230,1.019531,43.824,0.236641,0.969466,-0.083969
83880,-0.062988,0.005615,1.025146,43.830,0.190840,0.916031,-0.114504
83900,-0.061035,0.010010,1.028076,43.851,0.290076,1.099237,-0.145038
83920,-0.065918,0.010010,1.024170,43.830,0.251908,0.832061,-0.137405
83940,-0.063232,0.010254,1.031738,43.812,0.190840,0.900763,-0.038168
83960,-0.065918,0.009521,1.019775,43.824,0.244275,0.938931,-0.114504
83980,-0.062012,0.008545,1.023438,43.821,0.290076,1.068702,-0.076336
84000,-0.063965,0.006348,1.028809,43.815,0.251908,0.885496,-0.213740
84020,-0.065674,0.011230,1.027588,43.845,0.145038,0.893130,-0.175573
84040,-0.062256,0.010742,1.024170,43.815,0.198473,0.969466,-0.236641
84060,-0.065430,0.009766,1.023682,43.830,0.229008,0.900763,-0.106870
84080,-0.058838,0.009766,1.022705,43.821,0.236641,0.984733,-0.114504
84101,-0.062744,0.008789,1.027588,43.827,0.259542,1.068702,-0.091603
84121,-0.064453,0.009521,1.023438,43.836,0.244275,0.961832,-0.068702
84140,-0.063721,0.009766,1.021240,43.836,0.129771,0.954198,-0.175573
84160,-0.066406,0.004395,1.027344,43.848,0.267176,0.931298,-0.099237
84180,-0.065674,0.008789,1.023682,43.845,0.251908,0.954198,-0.106870
84200,-0.066650,0.006104,1.026123,43.839,0.190840,1.053435,-0.160305
84220,-0.062500,0.008057,1.028320,43.830,0.244275,1.000000,-0.206107
84240,-0.062744,0.010010,1.021240,43.842,0.244275,1.061069,-0.167939
84260,-0.063965,0.009766,1.024170,43.851,0.282443,0.984733,-0.160305
84280,-0.063965,0.007568,1.026855,43.848,0.274809,1.000000,-0.175573
84300,-0.065186,0.011230,1.020508,43.821,0.175573,1.045802,-0.099237
84320,-0.063965,0.005859,1.023682,43.854,0.198473,0.954198,-0.175573
84340,-0.061279,0.009033,1.030518,43.839,0.145038,0.977099,-0.175573
84360,-0.061279,0.011719,1.020752,43.845,0.221374,0.839695,-0.091603
84380,-0.063721,0.009033,1.021973,43.804,0.229008,1.061069,-0.167939
84400,-0.059082,0.007080,1.022461,43.830,0.251908,0.961832,-0.160305
84420,-0.062256,0.009766,1.021240,43.830,0.236641,0.992366,-0.175573
84440,-0.062012,0.009277,1.021973,43.839,0.305344,0.977099,-0.213740
84460,-0.065186,0.012451,1.023193,43.854,0.183206,0.862595,-0.137405
84481,-0.062500,0.007813,1.021729,43.836,0.206107,1.038168,-0.091603
84500,-0.063477,0.006592,1.020508,43.824,0.213740,0.931298,-0.244275
84520,-0.067871,0.009766,1.022217,43.839,0.221374,1.068702,-0.183206
84540,-0.066895,0.007568,1.021973,43.830,0.122137,1.007634,-0.091603
84560,-0.066650,0.006104,1.023682,43.833,0.167939,1.053435,-0.152672
84580,-0.062500,0.011719,1.020996,43.830,0.305344,0.954198,-0.175573
84600,-0.058105,0.012207,1.024414,43.836,0.106870,0.977099,-0.068702
84620,-0.059814,0.007324,1.019775,43.839,0.213740,0.946565,-0.213740
84640,-0.067383,0.009033,1.017090,43.839,0.221374,1.076336,-0.137405
84660,-0.060791,0.008789,1.025635,43.830,0.274809,0.954198,-0.213740
84680,-0.062744,0.007813,1.030029,43.804,0.335878,0.977099,-0.068702
84700,-0.062500,0.009033,1.024414,43.856,0.206107,0.954198,-0.091603
84720,-0.064697,0.006592,1.020508,43.845,0.251908,0.931298,-0.099237
84740,-0.063477,0.009277,1.021973,43.812,0.221374,0.938931,-0.175573
84760,-0.062744,0.007813,1.022705,43.845,0.229008,1.068702,-0.129771
84780,-0.064209,0.009277,1.027100,43.830,0.190840,0.923664,-0.244275
84800,-0.060059,0.010498,1.019287,43.836,0.259542,0.862595,-0.038168
84820,-0.060791,0.010254,1.027344,43.827,0.244275,0.977099,-0.251908
84840,-0.064697,0.007813,1.026123,43.854,0.175573,1.038168,-0.114504
84860,-0.061035,0.010498,1.019287,43.827,0.183206,0.992366,-0.083969
84880,-0.065674,0.010010,1.029541,43.827,0.297710,0.908397,-0.129771
84900,-0.062744,0.006592,1.017822,43.851,0.190840,1.091603,-0.091603
84920,-0.064697,0.007568,1.020996,43.839,0.221374,0.870229,-0.122137
84940,-0.066895,0.011719,1.019531,43.818,0.175573,1.030534,-0.061069
84960,-0.063721,0.009521,1.026123,43.827,0.290076,0.931298,-0.053435
84981,-0.062744,0.007568,1.023926,43.845,0.198473,0.916031,-0.068702
85001,-0.065430,0.008545,1.023682,43.824,0.190840,0.961832,-0.091603
85020,-0.066162,0.009521,1.023926,43.842,0.206107,1.053435,-0.106870
85040,-0.061279,0.008057,1.022949,43.859,0.114504,1.061069,-0.137405
85060,-0.066895,0.010742,1.024414,43.883,0.152672,1.114504,-0.129771
85080,-0.062256,0.010010,1.030762,43.854,0.267176,1.038168,-0.198473
85100,-0.063721,0.010742,1.026367,43.845,0.282443,0.931298,-0.091603
85120,-0.068359,0.008301,1.020020,43.836,0.244275,0.969466,-0.106870
85140,-0.064453,0.009033,1.020508,43.836,0.282443,1.259542,-0.106870
85160,-0.061035,0.010986,1.024414,43.815,0.236641,0.923664,-0.091603
85180,-0.063721,0.009766,1.021729,43.845,0.267176,1.053435,-0.038168
85200,-0.062988,0.009277,1.021729,43.804,0.267176,0.870229,-0.122137
85220,-0.066895,0.009766,1.024658,43.830,0.221374,0.961832,-0.076336
85240,-0.066162,0.008057,1.027588,43.868,0.351145,0.923664,-0.099237
85260,-0.063232,0.009033,1.024170,43.851,0.167939,0.900763,-0.236641
85280,-0.067139,0.012451,1.019775,43.839,0.099237,0.931298,0.000000
85300,-0.063477,0.005127,1.028320,43.833,0.282443,0.984733,-0.068702
85320,-0.066895,0.013184,1.026367,43.833,0.305344,0.916031,-0.083969
85340,-0.061523,0.010254,1.017822,43.845,0.221374,1.053435,-0.190840
85361,-0.062988,0.009521,1.020508,43.806,0.206107,0.916031,-0.053435
85381,-0.067139,0.003174,1.024658,43.848,0.213740,1.030534,-0.129771
85400,-0.062256,0.008545,1.025635,43.830,0.229008,1.022901,-0.122137
85420,-0.062256,0.010254,1.024902,43.821,0.244275,0.992366,-0.175573
85440,-0.063477,0.009277,1.021240,43.839,0.198473,1.022901,-0.091603
85460,-0.066162,0.007813,1.021729,43.848,0.282443,0.984733,-0.122137
85480,-0.053711,0.010010,1.023682,43.859,0.236641,0.893130,-0.106870
85500,-0.065430,0.009766,1.019531,43.836,0.114504,0.969466,-0.114504
85520,-0.065918,0.010498,1.023926,43.827,0.282443,0.969466,-0.083969
85540,-0.063965,0.010010,1.023438,43.865,0.221374,0.877863,-0.129771
85560,-0.062012,0.005859,1.029053,43.806,0.160305,1.000000,-0.175573
85580,-0.063965,0.009766,1.023438,43.842,0.244275,0.893130,-0.183206
85600,-0.063477,0.008545,1.019775,43.845,0.236641,1.022901,-0.106870
85620,-0.062744,0.007568,1.018555,43.842,0.244275,0.916031,-0.175573
85640,-0.061279,0.010742,1.024658,43.839,0.190840,1.030534,-0.183206
85660,-0.063232,0.011719,1.021240,43.842,0.213740,0.931298,-0.106870
85680,-0.064697,0.007568,1.022461,43.830,0.229008,0.916031,-0.122137
85700,-0.063232,0.009033,1.026611,43.818,0.213740,0.992366,-0.053435
85721,-0.063965,0.009521,1.027100,43.848,0.152672,0.961832,-0.251908
85741,-0.061279,0.005371,1.021973,43.842,0.244275,0.946565,-0.061069
85760,-0.067139,0.012451,1.024658,43.833,0.190840,1.007634,-0.030534
85780,-0.059814,0.016357,1.017822,43.836,0.190840,1.030534,-0.221374
85800,-0.068359,0.011475,1.025879,43.836,0.206107,0.977099,-0.183206
85820,-0.065674,0.011230,1.016846,43.845,0.259542,1.061069,-0.045802
85840,-0.066895,0.006592,1.021240,43.809,0.198473,1.099237,-0.045802
85860,-0.063232,0.008789,1.021484,43.839,0.229008,1.038168,-0.175573
85880,-0.062500,0.009033,1.022949,43.839,0.229008,0.954198,-0.015267
85900,-0.063477,0.010742,1.028564,43.839,0.259542,1.053435,-0.091603
85920,-0.063477,0.016113,1.022705,43.845,0.244275,0.969466,-0.099237
85940,-0.062988,0.008789,1.023682,43.856,0.190840,0.969466,-0.145038
85960,-0.062500,0.010498,1.018066,43.827,0.259542,1.030534,-0.030534
85980,-0.058594,0.008789,1.018066,43.859,0.244275,0.984733,-0.076336
86000,-0.063477,0.008789,1.021729,43.812,0.160305,0.977099,-0.175573
86020,-0.063232,0.012207,1.023438,43.821,0.213740,0.961832,-0.137405
86040,-0.059326,0.006836,1.017334,43.848,0.167939,1.099237,-0.083969
86060,-0.058350,0.015625,1.018799,43.839,0.206107,1.038168,-0.190840
86080,-0.062500,0.006104,1.020752,43.824,0.236641,0.938931,-0.137405
86101,-0.065674,0.007324,1.018311,43.833,0.190840,1.015267,-0.175573
86120,-0.063232,0.011230,1.026123,43.856,0.213740,0.961832,-0.083969
86140,-0.066650,0.012451,1.023682,43.836,0.221374,1.114504,-0.045802
86160,-0.062988,0.011230,1.025635,43.851,0.175573,1.152672,-0.083969
86180,-0.063721,0.012695,1.015869,43.868,0.221374,0.969466,-0.106870
86200,-0.065186,0.012451,1.029541,43.839,0.152672,1.091603,-0.106870
86220,-0.068848,0.009521,1.022705,43.830,0.213740,1.015267,-0.152672
86240,-0.061768,0.008789,1.027344,43.827,0.236641,0.908397,-0.175573
86260,-0.057861,0.006836,1.023438,43.854,0.175573,0.847328,-0.106870
86280,-0.065186,0.007568,1.021484,43.871,0.244275,0.877863,-0.206107
86300,-0.065186,0.012451,1.025879,43.833,0.236641,1.022901,-0.129771
86320,-0.064941,0.009766,1.022949,43.856,0.175573,0.961832,-0.137405
86340,-0.066162,0.005371,1.025391,43.848,0.259542,0.984733,-0.167939
86360,-0.067139,0.011963,1.022217,43.839,0.213740,0.992366,-0.114504
86380,-0.063965,0.009521,1.026855,43.815,0.183206,0.992366,-0.122137
86400,-0.061279,0.013672,1.019531,43.836,0.251908,0.946565,-0.175573
86420,-0.061279,0.009277,1.020020,43.856,0.213740,1.053435,-0.068702
86440,-0.065918,0.007324,1.026855,43.833,0.190840,1.152672,-0.175573
86461,-0.062988,0.005127,1.023926,43.833,0.183206,0.977099,-0.229008
86480,-0.062744,0.007813,1.018555,43.833,0.244275,1.053435,-0.152672
86500,-0.062500,0.009277,1.019775,43.821,0.221374,0.938931,-0.160305
86520,-0.063721,0.008057,1.022461,43.842,0.351145,0.969466,-0.106870
86540,-0.062500,0.010498,1.024902,43.842,0.251908,0.977099,-0.312977
86560,-0.062988,0.008545,1.020752,43.839,0.213740,0.938931,-0.198473
86580,-0.066650,0.010986,1.025391,43.854,0.236641,0.832061,-0.091603
86600,-0.063477,0.012207,1.013672,43.806,0.236641,0.977099,-0.091603
86620,-0.066406,0.009033,1.022949,43.821,0.198473,0.969466,-0.083969
86640,-0.063721,0.011719,1.017578,43.827,0.297710,0.961832,-0.167939
86660,-0.062988,0.008057,1.026855,43.815,0.290076,0.801527,-0.053435
86680,-0.066895,0.010742,1.026611,43.845,0.259542,1.122137,-0.106870
86700,-0.062012,0.010254,1.025879,43.824,0.122137,1.045802,-0.083969
86720,-0.060791,0.008545,1.024414,43.833,0.259542,0.984733,-0.091603
86740,-0.067627,0.011719,1.024414,43.830,0.251908,0.916031,-0.068702
86760,-0.063721,0.009033,1.025146,43.830,0.198473,1.053435,-0.099237
86780,-0.065674,0.008057,1.026611,43.806,0.282443,0.900763,-0.053435
86800,-0.061523,0.010742,1.021240,43.830,0.267176,1.007634,-0.221374
86821,-0.063232,0.010986,1.016846,43.854,0.190840,1.030534,-0.145038
86840,-0.062500,0.004395,1.026367,43.833,0.229008,1.061069,-0.198473
86860,-0.062744,0.008545,1.025391,43.848,0.229008,1.030534,-0.213740
86880,-0.063232,0.008057,1.020264,43.842,0.190840,0.961832,-0.106870
86900,-0.058838,0.012207,1.025146,43.824,0.244275,1.068702,-0.099237
86920,-0.064209,0.010498,1.022461,43.812,0.175573,1.083969,-0.160305
86940,-0.062256,0.010498,1.022217,43.836,0.167939,1.083969,-0.145038
86960,-0.065430,0.010742,1.021484,43.845,0.183206,0.992366,-0.137405
86980,-0.063721,0.008301,1.026855,43.845,0.145038,0.992366,-0.114504
87000,-0.061279,0.006104,1.024658,43.839,0.206107,1.099237,-0.076336
87020,-0.061279,0.010986,1.025879,43.845,0.312977,0.938931,-0.114504
87040,-0.063721,0.008057,1.016846,43.818,0.198473,1.083969,-0.251908
87060,-0.063477,0.010986,1.025635,43.839,0.236641,1.083969,-0.076336
87080,-0.064941,0.006836,1.023438,43.845,0.290076,0.877863,-0.114504
87100,-0.063965,0.009766,1.029053,43.824,0.213740,0.923664,-0.145038
87120,-0.064941,0.008789,1.029053,43.859,0.259542,0.938931,-0.213740
87140,-0.065918,0.009766,1.024414,43.845,0.282443,0.954198,-0.213740
87160,-0.064453,0.009766,1.024170,43.845,0.206107,0.977099,-0.122137
87181,-0.065674,0.008545,1.022705,43.821,0.213740,0.954198,-0.099237
87201,-0.060791,0.011475,1.021729,43.856,0.236641,1.015267,-0.267176
87220,-0.064209,0.009521,1.015869,43.812,0.213740,0.984733,-0.045802
87240,-0.065186,0.010742,1.020996,43.842,0.259542,0.938931,-0.290076
87260,-0.060547,0.010986,1.018555,43.833,0.198473,1.000000,-0.137405
87280,-0.063232,0.012939,1.020020,43.851,0.244275,0.938931,-0.099237
87300,-0.060303,0.010742,1.017578,43.865,0.175573,1.007634,-0.137405
87321,-0.064453,0.012207,1.023438,43.827,0.198473,1.038168,-0.198473
87340,-0.060791,0.007324,1.021240,43.830,0.183206,1.083969,-0.114504
87360,-0.061035,0.009033,1.020020,43.856,0.320611,0.900763,-0.091603
87380,-0.061523,0.010010,1.025635,43.830,0.305344,1.076336,-0.045802
87400,-0.063477,0.010010,1.025146,43.836,0.129771,1.022901,-0.122137
87420,-0.067627,0.010986,1.025146,43.833,0.183206,1.022901,-0.122137
87440,-0.064453,0.009033,1.018311,43.821,0.221374,1.000000,-0.175573
87460,-0.064941,0.010010,1.017822,43.845,0.213740,0.931298,-0.137405
87480,-0.062012,0.010986,1.024902,43.839,0.267176,0.847328,-0.137405
87500,-0.064209,0.010498,1.029297,43.830,0.236641,0.946565,-0.061069
87520,-0.063232,0.011230,1.023926,43.833,0.152672,1.022901,-0.137405
87540,-0.059570,0.012207,1.024658,43.848,0.183206,0.908397,-0.099237
87560,-0.064697,0.009521,1.023926,43.824,0.244275,0.916031,-0.183206
87580,-0.065674,0.010010,1.020264,43.824,0.274809,0.977099,-0.137405
87600,-0.062012,0.010498,1.022949,43.862,0.305344,0.900763,-0.106870
87620,-0.066406,0.012939,1.025146,43.845,0.274809,1.000000,-0.038168
87640,-0.062256,0.013184,1.018799,43.836,0.267176,0.931298,-0.068702
87661,-0.062744,0.012451,1.021240,43.824,0.160305,0.969466,-0.137405
87681,-0.062988,0.008545,1.026123,43.856,0.335878,0.854962,-0.053435
87700,-0.062256,0.008789,1.023926,43.836,0.236641,0.900763,-0.190840
87720,-0.061768,0.014893,1.021729,43.851,0.129771,0.969466,-0.061069
87740,-0.064941,0.010010,1.019531,43.854,0.145038,0.977099,-0.221374
87760,-0.064209,0.010498,1.027100,43.812,0.259542,1.000000,-0.061069
87780,-0.057373,0.009033,1.027344,43.854,0.160305,1.022901,-0.106870
87800,-0.064453,0.008545,1.024902,43.842,0.229008,0.977099,-0.106870
87820,-0.059326,0.011230,1.025879,43.824,0.221374,0.916031,-0.099237
87840,-0.063965,0.007813,1.021240,43.830,0.145038,0.916031,-0.167939
87860,-0.063477,0.009033,1.025391,43.839,0.083969,0.954198,-0.122137
87880,-0.069336,0.010498,1.021729,43.833,0.160305,0.977099,-0.122137
87900,-0.062012,0.008057,1.026367,43.848,0.229008,0.893130,-0.129771
87920,-0.060059,0.005371,1.023193,43.818,0.167939,0.961832,-0.198473
87940,-0.065186,0.007813,1.018066,43.836,0.290076,0.961832,-0.076336
87960,-0.064941,0.012695,1.028809,43.830,0.259542,1.061069,-0.053435
87980,-0.061768,0.009766,1.019043,43.827,0.297710,0.977099,-0.167939
88000,-0.064209,0.004883,1.021973,43.836,0.213740,1.007634,-0.282443
88020,-0.062988,0.008789,1.026123,43.830,0.190840,1.068702,-0.190840
88041,-0.062744,0.010742,1.019775,43.833,0.267176,0.885496,-0.175573
88061,-0.063477,0.011230,1.021973,43.818,0.167939,1.007634,-0.129771
88080,-0.062988,0.008545,1.021240,43.839,0.190840,1.045802,-0.145038
88100,-0.062500,0.012939,1.020020,43.851,0.251908,0.900763,-0.137405
88120,-0.063721,0.012939,1.022949,43.836,0.145038,1.022901,-0.213740
88140,-0.062500,0.009521,1.022705,43.854,0.167939,1.030534,-0.229008
88160,-0.063965,0.010742,1.023682,43.818,0.145038,0.938931,-0.137405
88180,-0.064697,0.010010,1.024658,43.830,0.213740,1.076336,-0.122137
88200,-0.068848,0.013916,1.021484,43.830,0.167939,0.893130,-0.106870
88220,-0.063721,0.008301,1.024658,43.856,0.190840,1.030534,-0.145038
88240,-0.064209,0.013916,1.020264,43.818,0.267176,0.916031,-0.045802
88260,-0.060547,0.009766,1.016846,43.851,0.274809,1.022901,-0.145038
88280,-0.062744,0.010498,1.019531,43.845,0.183206,0.969466,-0.190840
88300,-0.062256,0.010742,1.024170,43.856,0.190840,0.885496,-0.198473
88320,-0.063721,0.013672,1.026611,43.854,0.206107,0.900763,-0.045802
88340,-0.064453,0.010986,1.030518,43.798,0.251908,0.992366,-0.175573
88360,-0.062500,0.010986,1.016846,43.821,0.213740,0.969466,-0.106870
88380,-0.064209,0.010010,1.023438,43.801,0.274809,0.961832,-0.007634
88401,-0.061035,0.009521,1.024170,43.851,0.282443,1.099237,-0.167939
88420,-0.061523,0.011719,1.026855,43.812,0.396947,0.877863,0.007634
88440,-0.063232,0.009033,1.021484,43.845,0.244275,1.068702,-0.145038
88460,-0.066895,0.005615,1.024414,43.833,0.206107,1.122137,-0.175573
88480,-0.064453,0.009277,1.022461,43.821,0.251908,1.045802,-0.076336
88500,-0.061279,0.007813,1.030518,43.830,0.282443,1.015267,-0.083969
88520,-0.060303,0.011475,1.022949,43.854,0.190840,1.015267,-0.282443
88540,-0.061768,0.009766,1.021240,43.833,0.190840,0.931298,-0.122137
88560,-0.058838,0.007813,1.026367,43.836,0.244275,0.916031,-0.061069
88580,-0.063232,0.006836,1.029053,43.839,0.236641,1.038168,-0.099237
88600,-0.060303,0.008057,1.019775,43.836,0.114504,0.984733,-0.122137
88620,-0.061768,0.009033,1.022217,43.839,0.290076,1.007634,-0.145038
88640,-0.061035,0.011230,1.029785,43.842,0.282443,0.916031,-0.061069
88660,-0.064209,0.006104,1.024658,43.839,0.190840,1.000000,-0.053435
88680,-0.064209,0.008057,1.024658,43.824,0.213740,0.847328,-0.129771
88700,-0.064697,0.008301,1.023193,43.851,0.274809,0.992366,-0.091603
88720,-0.068359,0.011230,1.021240,43.827,0.183206,1.137405,-0.267176
88740,-0.067383,0.012207,1.022461,43.836,0.236641,1.038168,-0.213740
88761,-0.062988,0.011475,1.021729,43.824,0.213740,1.053435,-0.076336
88780,-0.060059,0.010986,1.025635,43.827,0.244275,1.030534,-0.129771
88800,-0.061279,0.009277,1.020508,43.830,0.343511,0.961832,0.000000
88820,-0.063721,0.010010,1.020752,43.815,0.297710,0.992366,-0.045802
88840,-0.062256,0.010742,1.023926,43.862,0.190840,1.068702,-0.114504
88860,-0.063721,0.007568,1.022705,43.859,0.236641,1.000000,-0.251908
88880,-0.064697,0.007568,1.020752,43.836,0.244275,0.954198,-0.091603
88900,-0.061279,0.010742,1.024170,43.809,0.274809,1.022901,-0.099237
88920,-0.062256,0.008545,1.023193,43.824,0.290076,0.977099,-0.198473
88940,-0.063721,0.009766,1.018799,43.833,0.244275,1.061069,-0.175573
88960,-0.063477,0.006104,1.024902,43.842,0.190840,1.007634,-0.167939
88980,-0.063721,0.006836,1.024902,43.845,0.267176,0.923664,-0.091603
89000,-0.063965,0.010498,1.026611,43.842,0.183206,0.946565,-0.129771
89020,-0.060791,0.010986,1.019775,43.836,0.167939,0.984733,-0.206107
89040,-0.059814,0.010742,1.018555,43.812,0.282443,1.000000,-0.099237
89060,-0.065674,0.009277,1.016113,43.818,0.137405,0.900763,-0.076336
89080,-0.060791,0.011963,1.020508,43.836,0.175573,1.015267,-0.175573
89100,-0.064209,0.006348,1.022217,43.836,0.267176,1.015267,-0.160305
89121,-0.061768,0.004639,1.030762,43.815,0.274809,0.992366,-0.175573
89140,-0.064209,0.008545,1.025879,43.859,0.175573,1.083969,-0.083969
89160,-0.062988,0.012939,1.032959,43.830,0.267176,0.977099,-0.160305
89180,-0.063232,0.007324,1.023926,43.833,0.267176,0.923664,-0.091603
89200,-0.064697,0.010010,1.019043,43.833,0.221374,1.007634,-0.267176
89220,-0.062256,0.007568,1.025879,43.851,0.160305,1.007634,-0.190840
89240,-0.063965,0.003174,1.019287,43.839,0.236641,0.969466,-0.167939
89260,-0.061768,0.008301,1.025635,43.842,0.274809,1.015267,-0.167939
89280,-0.064941,0.008301,1.026367,43.859,0.221374,0.969466,-0.229008
89300,-0.060791,0.008057,1.027588,43.842,0.183206,1.045802,-0.145038
89320,-0.064209,0.008545,1.016846,43.821,0.198473,0.992366,-0.114504
89340,-0.061768,0.006836,1.021729,43.842,0.229008,1.015267,-0.045802
89360,-0.062500,0.006836,1.018066,43.848,0.267176,0.969466,-0.038168
89380,-0.067139,0.007568,1.024658,43.824,0.282443,1.022901,-0.099237
89400,-0.062988,0.008301,1.027100,43.845,0.236641,1.022901,-0.007634
89420,-0.063232,0.009277,1.020752,43.824,0.183206,1.015267,-0.145038
89440,-0.063721,0.008057,1.023926,43.839,0.244275,1.022901,-0.106870
89460,-0.067383,0.008301,1.024170,43.842,0.320611,0.977099,-0.160305
89480,-0.063721,0.008789,1.024902,43.839,0.305344,0.801527,-0.167939
89501,-0.067383,0.008789,1.021240,43.812,0.190840,1.068702,-0.091603
89520,-0.065430,0.006836,1.021240,43.830,0.152672,1.015267,-0.167939
89540,-0.064941,0.007568,1.021484,43.848,0.290076,0.984733,-0.145038
89560,-0.062012,0.010254,1.020508,43.824,0.114504,0.916031,-0.290076
89580,-0.060547,0.007324,1.021973,43.830,0.229008,0.854962,-0.114504
89600,-0.062012,0.012695,1.026611,43.839,0.305344,0.946565,-0.114504
89620,-0.063721,0.012695,1.020752,43.812,0.206107,0.923664,-0.160305
89640,-0.062012,0.008057,1.029297,43.830,0.320611,0.984733,-0.152672
89660,-0.061768,0.006836,1.024902,43.827,0.244275,0.938931,-0.068702
89680,-0.066162,0.005127,1.021240,43.836,0.175573,0.984733,-0.145038
89700,-0.064941,0.004150,1.027588,43.833,0.251908,0.908397,-0.114504
89720,-0.066162,0.007080,1.026367,43.859,0.206107,1.030534,-0.053435
89740,-0.061768,0.006836,1.027832,43.804,0.236641,0.954198,-0.122137
89760,-0.061279,0.010498,1.019775,43.809,0.229008,1.000000,-0.152672
89780,-0.065186,0.009521,1.019531,43.848,0.236641,0.954198,-0.160305
89800,-0.063965,0.006836,1.014160,43.833,0.190840,1.053435,-0.068702
89820,-0.063232,0.012207,1.019287,43.821,0.259542,1.022901,-0.297710
89840,-0.064941,0.015381,1.023926,43.827,0.244275,0.923664,-0.152672
89860,-0.066162,0.007813,1.023193,43.833,0.206107,1.038168,-0.190840
89880,-0.062744,0.006836,1.024170,43.854,0.267176,0.938931,-0.175573
89900,-0.066162,0.009766,1.020996,43.827,0.251908,0.961832,-0.145038
89920,-0.061523,0.010742,1.023193,43.833,0.229008,0.908397,-0.129771
89940,-0.058838,0.008057,1.023193,43.798,0.221374,0.946565,-0.198473
89960,-0.063477,0.011475,1.023438,43.821,0.229008,0.954198,-0.160305
89980,-0.062256,0.009277,1.022461,43.848,0.160305,0.992366,-0.099237
90001,-0.062256,0.008545,1.016602,43.862,0.267176,0.900763,-0.152672
90020,-0.062744,0.009766,1.022217,43.830,0.152672,0.992366,-0.114504
90040,-0.061768,0.014648,1.020020,43.830,0.190840,0.984733,-0.099237
90060,-0.065674,0.003662,1.022949,43.827,0.290076,1.091603,-0.259542
90080,-0.061768,0.009521,1.024414,43.842,0.213740,0.977099,-0.099237
90100,-0.060547,0.012695,1.024658,43.827,0.206107,0.977099,-0.145038
90120,-0.063477,0.010742,1.016602,43.833,0.190840,0.961832,-0.160305
90140,-0.066162,0.010986,1.029297,43.827,0.236641,0.961832,-0.091603
90160,-0.060303,0.010010,1.027832,43.839,0.297710,1.000000,-0.137405
90180,-0.063965,0.012451,1.025391,43.854,0.221374,1.061069,-0.015267
90200,-0.059326,0.007324,1.024170,43.839,0.259542,1.015267,-0.190840
90220,-0.060547,0.007568,1.021484,43.842,0.167939,1.083969,-0.167939
90240,-0.065918,0.006836,1.023193,43.836,0.152672,0.946565,-0.152672
90260,-0.060303,0.007813,1.024658,43.854,0.183206,1.076336,-0.190840
90280,-0.059570,0.007324,1.022217,43.836,0.229008,0.900763,-0.114504
90300,-0.049805,0.008057,1.011719,43.877,0.305344,0.984733,-0.068702
90320,-0.058838,0.011719,1.023193,43.851,0.213740,1.122137,-0.122137
90340,-0.062500,0.009521,1.017578,43.830,0.282443,0.938931,-0.206107
90360,-0.063477,0.010986,1.019531,43.830,0.198473,0.954198,-0.160305
90381,-0.060547,0.008789,1.021484,43.836,0.167939,1.068702,-0.083969
90400,-0.062012,0.007080,1.022461,43.839,0.114504,1.022901,-0.167939
90420,-0.063721,0.008057,1.019287,43.815,0.213740,1.076336,-0.244275
90440,-0.065674,0.009766,1.017822,43.827,0.251908,0.893130,-0.160305
90460,-0.062744,0.009277,1.021484,43.827,0.236641,0.870229,-0.083969
90480,-0.063965,0.009521,1.026367,43.833,0.274809,0.900763,-0.045802
90500,-0.063232,0.011719,1.020996,43.839,0.229008,0.877863,-0.114504
90520,-0.062988,0.009521,1.022461,43.845,0.206107,0.969466,-0.221374
90540,-0.061279,0.009766,1.022705,43.830,0.267176,0.954198,-0.015267
90560,-0.063477,0.010742,1.021973,43.833,0.122137,1.091603,-0.091603
90580,-0.062500,0.010254,1.023926,43.809,0.221374,1.152672,-0.106870
90600,-0.060059,0.013184,1.019287,43.833,0.114504,0.893130,-0.114504
90620,-0.062012,0.007324,1.023438,43.827,0.221374,0.969466,-0.198473
90640,-0.061279,0.009277,1.024414,43.833,0.167939,0.893130,-0.022901
90660,-0.063477,0.008057,1.021729,43.845,0.198473,0.946565,-0.068702
90680,-0.063477,0.008789,1.020996,43.845,0.213740,1.061069,-0.129771
90700,-0.062988,0.004883,1.022217,43.821,0.167939,1.045802,-0.160305
90720,-0.064453,0.008057,1.023438,43.815,0.122137,1.007634,-0.053435
90741,-0.061523,0.009766,1.026611,43.821,0.183206,0.961832,-0.083969
90760,-0.065918,0.007324,1.023438,43.812,0.213740,0.900763,-0.183206
90780,-0.066406,0.010010,1.017578,43.848,0.221374,1.007634,-0.137405
90800,-0.064941,0.008301,1.023193,43.818,0.427481,1.030534,-0.106870
90820,-0.063477,0.006592,1.020264,43.824,0.335878,1.083969,-0.122137
90840,-0.067871,0.010498,1.023926,43.845,0.206107,0.893130,-0.160305
90860,-0.064941,0.011230,1.030518,43.851,0.343511,0.938931,-0.190840
90880,-0.062256,0.005859,1.021973,43.809,0.267176,0.961832,-0.114504
90900,-0.060791,0.008545,1.024170,43.845,0.244275,0.839695,-0.229008
90920,-0.064697,0.010010,1.024658,43.783,0.229008,1.022901,-0.061069
90940,-0.066406,0.007324,1.022949,43.842,0.183206,1.129771,-0.106870
90960,-0.061279,0.010742,1.029053,43.854,0.290076,0.923664,-0.160305
90980,-0.066650,0.006836,1.022461,43.842,0.312977,1.007634,-0.091603
91000,-0.061523,0.005615,1.018311,43.842,0.320611,1.022901,-0.076336
91020,-0.065430,0.008301,1.025391,43.845,0.358779,0.900763,-0.030534
91040,-0.065430,0.008789,1.023193,43.839,0.290076,1.106870,-0.160305
91060,-0.063721,0.008545,1.023193,43.809,0.290076,1.083969,-0.206107
91080,-0.062988,0.009033,1.023438,43.818,0.244275,0.893130,-0.114504
91101,-0.064941,0.008301,1.024170,43.821,0.221374,0.893130,-0.145038
91120,-0.061523,0.007568,1.022217,43.804,0.236641,0.984733,-0.053435
91140,-0.058594,0.009277,1.018311,43.815,0.198473,0.923664,-0.129771
91160,-0.066895,0.006348,1.022217,43.836,0.259542,1.022901,-0.167939
91180,-0.067139,0.009521,1.024170,43.830,0.236641,0.984733,-0.175573
91200,-0.062500,0.011719,1.018066,43.830,0.251908,0.969466,-0.076336
91220,-0.067627,0.011475,1.024414,43.830,0.190840,1.061069,-0.152672
91240,-0.061768,0.010010,1.026123,43.848,0.229008,1.053435,-0.190840
91260,-0.063232,0.010254,1.019287,43.830,0.320611,1.038168,-0.106870
91280,-0.065918,0.009766,1.026855,43.830,0.274809,0.969466,-0.145038
91300,-0.060059,0.009766,1.026855,43.795,0.259542,1.000000,-0.068702
91320,-0.064697,0.006836,1.022217,43.812,0.251908,1.038168,-0.206107
91340,-0.064697,0.008057,1.021729,43.827,0.328244,1.083969,-0.129771
91360,-0.061279,0.010254,1.030029,43.845,0.198473,1.068702,-0.091603
91380,-0.061768,0.006592,1.021240,43.851,0.190840,1.076336,-0.083969
91400,-0.062012,0.010986,1.024414,43.839,0.206107,1.045802,-0.175573
91420,-0.062744,0.010254,1.019531,43.839,0.221374,1.129771,-0.076336
91440,-0.057861,0.009521,1.024170,43.836,0.343511,0.992366,-0.206107
91461,-0.061279,0.010742,1.025879,43.854,0.343511,0.908397,-0.061069
91480,-0.061523,0.012207,1.019775,43.845,0.229008,1.022901,-0.221374
91500,-0.063477,0.011475,1.017090,43.842,0.160305,1.083969,-0.137405
91520,-0.058105,0.009277,1.026367,43.839,0.236641,1.068702,-0.145038
91540,-0.063477,0.007324,1.026367,43.815,0.206107,1.007634,-0.045802
91560,-0.062500,0.009033,1.026123,43.812,0.221374,1.091603,-0.145038
91580,-0.062256,0.012695,1.024658,43.839,0.206107,0.854962,-0.061069
91600,-0.067139,0.005371,1.022461,43.836,0.221374,0.923664,-0.152672
91620,-0.061523,0.009766,1.023193,43.839,0.343511,0.908397,-0.106870
91640,-0.065918,0.005615,1.020996,43.815,0.244275,1.038168,-0.114504
91660,-0.064941,0.010254,1.017090,43.836,0.198473,1.129771,-0.167939
91680,-0.059326,0.008545,1.018799,43.842,0.236641,0.946565,-0.198473
91700,-0.060547,0.011719,1.029053,43.851,0.190840,0.870229,-0.183206
91720,-0.062744,0.008789,1.025635,43.792,0.229008,1.053435,-0.152672
91740,-0.058105,0.007568,1.021729,43.848,0.251908,0.977099,-0.038168
91760,-0.065430,0.010986,1.023193,43.839,0.122137,0.984733,-0.129771
91780,-0.062012,0.014404,1.022217,43.830,0.175573,0.977099,-0.267176
91800,-0.062012,0.009521,1.022949,43.824,0.160305,0.992366,-0.160305
91821,-0.062256,0.007324,1.021240,43.848,0.290076,1.030534,-0.091603
91840,-0.058838,0.011475,1.023926,43.830,0.259542,0.923664,-0.175573
91860,-0.061768,0.008057,1.022705,43.827,0.122137,1.000000,-0.198473
91880,-0.061279,0.008789,1.031494,43.809,0.274809,1.030534,-0.213740
91900,-0.066162,0.005371,1.025879,43.830,0.160305,1.038168,-0.068702
91920,-0.062012,0.010010,1.029541,43.836,0.137405,0.977099,-0.175573
91940,-0.066895,0.007080,1.029541,43.836,0.244275,1.091603,-0.083969
91960,-0.061768,0.010010,1.025635,43.824,0.183206,1.053435,-0.137405
91980,-0.062500,0.008789,1.021484,43.830,0.175573,1.038168,-0.229008
92000,-0.062012,0.009521,1.027100,43.804,0.129771,1.000000,-0.152672
92020,-0.061035,0.010742,1.027100,43.839,0.244275,0.877863,-0.114504
92040,-0.066162,0.010498,1.018066,43.842,0.160305,0.870229,-0.152672
92060,-0.058105,0.007568,1.020264,43.833,0.251908,0.969466,-0.267176
92080,-0.063477,0.014893,1.018311,43.809,0.145038,0.931298,-0.129771
92100,-0.063965,0.010010,1.020020,43.801,0.175573,0.938931,-0.122137
92120,-0.063477,0.010742,1.023438,43.815,0.129771,0.946565,-0.206107
92140,-0.064697,0.008057,1.023193,43.806,0.221374,0.946565,-0.091603
92160,-0.064941,0.009033,1.028809,43.815,0.145038,1.114504,-0.129771
92180,-0.063965,0.014160,1.022217,43.845,0.160305,0.900763,-0.213740
92200,-0.058838,0.011719,1.027100,43.833,0.190840,0.969466,-0.175573
92220,-0.065186,0.010986,1.025879,43.830,0.206107,0.969466,-0.045802
92240,-0.062988,0.007813,1.028320,43.827,0.229008,0.877863,-0.083969
92260,-0.064209,0.006592,1.019287,43.839,0.213740,1.022901,-0.129771
92280,-0.063232,0.005371,1.017822,43.821,0.198473,0.961832,-0.076336
92300,-0.060791,0.010742,1.024658,43.845,0.267176,0.946565,-0.335878
92321,-0.064209,0.004883,1.022461,43.821,0.190840,0.893130,-0.045802
92340,-0.064941,0.005859,1.022705,43.824,0.282443,0.961832,-0.274809
92360,-0.064209,0.008545,1.022705,43.842,0.198473,0.984733,-0.190840
92380,-0.066895,0.009033,1.027588,43.845,0.305344,1.114504,-0.083969
92400,-0.065918,0.005371,1.023682,43.836,0.167939,0.946565,-0.061069
92420,-0.060547,0.003174,1.020752,43.809,0.175573,1.053435,-0.076336
92440,-0.061523,0.015625,1.024902,43.845,0.312977,0.893130,-0.122137
92460,-0.063232,0.010742,1.024658,43.815,0.236641,0.938931,-0.145038
92480,-0.065430,0.005615,1.023193,43.809,0.114504,1.000000,-0.229008
92500,-0.061768,0.029297,0.995605,43.806,0.381679,0.954198,-0.190840
92520,-0.065918,0.012695,1.022461,43.833,0.389313,1.015267,-0.053435
92540,-0.067139,0.006836,1.010986,43.836,0.167939,1.061069,-0.175573
92560,-0.064941,0.010498,1.020752,43.812,0.236641,0.954198,-0.022901
92580,-0.063232,0.010986,1.024414,43.824,0.190840,1.038168,-0.175573
92600,-0.063965,0.006104,1.025146,43.827,0.244275,0.893130,-0.076336
92620,-0.059570,0.007568,1.020996,43.827,0.244275,1.022901,-0.106870
92640,-0.065674,0.014404,1.022949,43.783,0.221374,0.954198,-0.183206
92660,-0.062256,0.013184,1.022217,43.824,0.244275,0.946565,-0.236641
92680,-0.060547,0.004639,1.021240,43.836,0.213740,1.045802,-0.122137
92701,-0.062500,0.005615,1.021729,43.827,0.305344,0.992366,-0.137405
92720,-0.061523,0.014648,1.018555,43.821,0.282443,0.900763,-0.137405
92740,-0.071289,0.010254,1.032715,43.815,0.068702,0.984733,-0.221374
92760,-0.063232,0.002197,1.024170,43.833,0.190840,1.022901,-0.091603
92780,-0.062988,0.007568,1.026123,43.842,0.236641,1.007634,-0.137405
92800,-0.060547,0.013672,1.025146,43.806,0.251908,0.938931,-0.206107
92820,-0.064209,0.011719,1.020996,43.824,0.145038,0.984733,0.000000
92840,-0.062012,0.010498,1.018311,43.862,0.320611,0.877863,-0.137405
92860,-0.068115,0.008789,1.017578,43.815,0.290076,1.022901,-0.183206
92880,-0.065430,0.014648,1.022217,43.815,0.213740,0.923664,-0.206107
92900,-0.062744,0.011719,1.020752,43.830,0.198473,1.007634,-0.129771
92920,-0.063965,0.006836,1.018555,43.839,0.267176,0.961832,-0.061069
92940,-0.068359,0.009277,1.019043,43.827,0.213740,1.045802,-0.038168
92960,-0.060303,0.008545,1.022949,43.845,0.206107,0.885496,-0.076336
92980,-0.063477,0.008057,1.016602,43.809,0.137405,1.091603,-0.282443
93000,-0.060547,0.012451,1.024414,43.839,0.267176,1.007634,-0.053435
93020,-0.066162,0.010986,1.022705,43.806,0.282443,0.954198,-0.206107
93040,-0.061768,0.008057,1.017090,43.821,0.297710,0.923664,-0.083969
93061,-0.062256,0.009521,1.022705,43.830,0.290076,0.893130,-0.175573
93080,-0.060303,0.009033,1.024902,43.851,0.229008,0.931298,-0.137405
93100,-0.061035,0.010010,1.020996,43.848,0.251908,1.045802,-0.198473
93120,-0.064941,0.009033,1.024658,43.845,0.175573,0.862595,-0.152672
93140,-0.064453,0.002930,1.024658,43.839,0.229008,1.015267,-0.030534
93160,-0.063721,0.009521,1.024414,43.809,0.114504,1.145038,-0.221374
93180,-0.064453,0.015137,1.024414,43.839,0.213740,1.076336,-0.083969
93200,-0.063477,0.013184,1.023438,43.836,0.106870,1.007634,-0.122137
93220,-0.063477,0.009033,1.019531,43.821,0.259542,1.038168,-0.190840
93240,-0.064209,0.010010,1.024414,43.845,0.175573,0.954198,-0.206107
93260,-0.065186,0.009033,1.025879,43.839,0.251908,0.969466,-0.175573
93280,-0.059570,0.004883,1.020264,43.818,0.076336,1.030534,-0.167939
93300,-0.056152,0.011230,1.019775,43.842,0.198473,1.022901,-0.145038
93320,-0.063965,0.009033,1.031006,43.824,0.229008,0.954198,-0.114504
93340,-0.064209,0.012695,1.016113,43.833,0.259542,0.923664,-0.053435
93360,-0.064453,0.012451,1.026123,43.806,0.305344,1.099237,-0.099237
93380,-0.063477,0.001953,1.020264,43.804,0.229008,1.091603,-0.160305
93400,-0.063965,0.007080,1.031250,43.818,0.229008,1.160305,-0.213740
93421,-0.063721,0.009766,1.027344,43.827,0.198473,0.931298,-0.022901
93440,-0.059082,0.010742,1.026123,43.812,0.221374,0.969466,-0.167939
93460,-0.065918,0.012695,1.029541,43.824,0.221374,1.015267,-0.007634
93480,-0.063477,0.008789,1.027100,43.871,0.328244,0.961832,-0.091603
93500,-0.067627,0.011475,1.021729,43.815,0.198473,0.961832,-0.221374
93520,-0.060791,0.000977,1.024658,43.839,0.175573,1.061069,-0.183206
93540,-0.065430,0.015137,1.021484,43.830,0.335878,0.893130,-0.061069
93560,-0.060791,0.011230,1.017090,43.830,0.198473,0.954198,-0.083969
93580,-0.059814,0.010254,1.030762,43.830,0.236641,1.000000,-0.213740
93600,-0.059082,0.008789,1.025391,43.833,0.282443,1.038168,-0.122137
93620,-0.064209,0.011475,1.021729,43.848,0.160305,0.885496,-0.122137
93640,-0.060303,0.008545,1.026123,43.815,0.152672,0.984733,-0.068702
93660,-0.065186,0.007324,1.016357,43.845,0.183206,1.045802,-0.175573
93680,-0.061523,0.009277,1.020508,43.804,0.160305,1.099237,-0.190840
93700,-0.064453,0.010742,1.025391,43.815,0.320611,0.923664,-0.160305
93720,-0.063232,0.008301,1.024414,43.842,0.274809,1.061069,-0.122137
93740,-0.066162,0.007324,1.020020,43.827,0.297710,0.946565,-0.099237
93760,-0.065430,0.009766,1.026123,43.827,0.129771,0.923664,-0.099237
93781,-0.063965,0.007080,1.024658,43.824,0.175573,0.992366,-0.053435
93800,-0.064697,0.010986,1.029053,43.801,0.221374,1.015267,-0.076336
93820,-0.062012,0.011475,1.022217,43.824,0.274809,1.015267,-0.129771
93840,-0.060791,0.010010,1.029541,43.836,0.229008,0.931298,-0.129771
93860,-0.064453,0.007568,1.025879,43.812,0.167939,0.916031,-0.198473
93880,-0.065430,0.011475,1.016357,43.845,0.122137,0.969466,-0.145038
93900,-0.064209,0.014648,1.020752,43.809,0.213740,1.030534,-0.129771
93920,-0.059570,0.009033,1.027344,43.836,0.206107,0.908397,-0.083969
93940,-0.061035,0.010742,1.026123,43.812,0.236641,1.076336,-0.137405
93960,-0.061768,0.010254,1.024414,43.818,0.282443,0.938931,-0.213740
93980,-0.065674,0.009277,1.029053,43.798,0.229008,1.038168,-0.015267
94000,-0.063477,0.012451,1.021729,43.815,0.259542,0.900763,-0.106870
94020,-0.064209,0.009766,1.019531,43.821,0.122137,1.099237,-0.206107
94040,-0.064941,0.009766,1.019043,43.827,0.213740,0.984733,-0.045802
94060,-0.065430,0.010010,1.023193,43.812,0.167939,1.099237,-0.145038
94080,-0.061523,0.008301,1.014648,43.812,0.259542,1.061069,-0.106870
94100,-0.064209,0.007568,1.020508,43.812,0.290076,1.000000,-0.099237
94120,-0.061279,0.008301,1.017822,43.821,0.167939,1.038168,-0.145038
94141,-0.063477,0.009033,1.020996,43.845,0.137405,1.030534,-0.106870
94160,-0.062744,0.008301,1.021240,43.818,0.290076,0.969466,-0.167939
94180,-0.064209,0.010010,1.027588,43.818,0.190840,1.061069,-0.221374
94200,-0.063232,0.008057,1.018555,43.804,0.183206,1.000000,-0.122137
94220,-0.063477,0.010498,1.022949,43.839,0.190840,0.900763,-0.068702
94240,-0.065430,0.011475,1.023926,43.836,0.229008,1.175573,-0.061069
94260,-0.064941,0.009277,1.019531,43.833,0.236641,1.022901,-0.183206
94280,-0.064697,0.010010,1.026367,43.821,0.244275,1.091603,-0.053435
94300,-0.065430,0.010010,1.019043,43.827,0.267176,0.946565,-0.022901
94320,-0.062500,0.012207,1.029785,43.824,0.129771,0.984733,-0.213740
94340,-0.062744,0.007080,1.022705,43.821,0.236641,1.129771,-0.137405
94360,-0.063965,0.006592,1.023193,43.824,0.259542,0.984733,-0.091603
94380,-0.065186,0.011475,1.020508,43.824,0.145038,0.954198,-0.129771
94400,-0.068604,0.000244,1.039063,43.836,0.236641,1.007634,-0.053435
94420,-0.062500,0.012695,1.023193,43.827,0.236641,0.893130,-0.007634
94440,-0.063477,0.012695,1.015869,43.815,0.335878,0.916031,-0.114504
94460,-0.057861,0.009033,1.014404,43.812,0.297710,0.954198,-0.122137
94480,-0.063965,0.007324,1.014893,43.804,0.198473,0.931298,-0.175573
94501,-0.065674,0.010010,1.012939,43.821,0.167939,0.885496,-0.251908
94520,-0.064453,0.008057,1.015381,43.824,0.236641,1.068702,-0.114504
94540,-0.063721,0.007813,1.018311,43.792,0.312977,1.137405,-0.053435
94560,-0.062256,0.006836,1.023682,43.821,0.213740,0.992366,-0.030534
94580,-0.060059,0.009521,1.018066,43.818,0.137405,0.938931,-0.190840
94600,-0.064209,0.007324,1.018311,43.806,0.068702,0.938931,-0.175573
94620,-0.060547,0.010010,1.023438,43.809,0.183206,1.022901,-0.022901
94641,-0.063232,0.009766,1.026855,43.789,0.229008,0.961832,-0.038168
94660,-0.064697,0.004883,1.024658,43.839,0.221374,1.137405,-0.198473
94680,-0.063721,0.008789,1.026123,43.827,0.198473,1.015267,-0.022901
94700,-0.059570,0.006592,1.017822,43.804,0.106870,0.946565,-0.145038
94720,-0.069824,0.011230,1.026611,43.839,0.236641,1.137405,-0.175573
94740,-0.060547,0.004395,1.022949,43.821,0.236641,1.053435,-0.061069
94760,-0.060303,0.010986,1.024170,43.827,0.251908,1.000000,0.068702
94780,-0.058838,0.001953,1.019531,43.801,0.244275,0.923664,-0.145038
94800,-0.064453,0.007813,1.019775,43.812,0.083969,1.038168,-0.061069
94820,-0.064453,0.010254,1.032715,43.812,0.251908,0.969466,-0.175573
94840,-0.061523,0.012939,1.020752,43.836,0.389313,1.122137,-0.076336
94860,-0.065674,0.008301,1.025391,43.801,0.183206,1.015267,-0.122137
94880,-0.060547,0.004883,1.024902,43.830,0.274809,0.900763,-0.076336
94900,-0.061768,0.004150,1.020752,43.809,0.175573,0.877863,-0.122137
94920,-0.062988,0.008301,1.025879,43.804,0.351145,1.022901,-0.183206
94940,-0.061523,0.007324,1.024902,43.848,0.206107,1.068702,-0.206107
94960,-0.067871,0.004883,1.024414,43.809,0.198473,0.969466,-0.061069
94980,-0.062500,0.010498,1.021729,43.821,0.290076,1.076336,-0.183206
95000,-0.056641,0.009277,1.023438,43.798,0.183206,1.053435,-0.129771
95021,-0.066650,0.009033,1.020264,43.821,0.206107,0.900763,-0.015267
95040,-0.061035,0.011475,1.020508,43.809,0.221374,0.977099,-0.145038
95060,-0.057373,0.009521,1.027832,43.812,0.206107,1.015267,-0.076336
95080,-0.061279,0.011719,1.020264,43.824,0.244275,1.038168,-0.129771
95100,-0.062012,0.010010,1.021973,43.836,0.297710,0.969466,-0.015267
95120,-0.067871,0.007568,1.024170,43.839,0.114504,0.977099,-0.038168
95140,-0.062012,0.009766,1.018066,43.836,0.267176,0.969466,-0.076336
95160,-0.065674,0.006592,1.019043,43.848,0.221374,0.984733,-0.198473
95180,-0.059326,0.008789,1.018555,43.812,0.267176,1.038168,-0.236641
95200,-0.063721,0.007813,1.026611,43.821,0.290076,1.045802,-0.129771
95220,-0.062256,0.011230,1.023193,43.827,0.221374,0.961832,-0.145038
95240,-0.061523,0.011719,1.023682,43.789,0.244275,1.045802,-0.145038
95260,-0.060303,0.012451,1.019287,43.815,0.274809,0.969466,-0.183206
95280,-0.065674,0.012939,1.019287,43.812,0.274809,0.854962,-0.190840
95300,-0.061035,0.009033,1.025879,43.812,0.259542,1.007634,-0.236641
95320,-0.063477,0.011475,1.028564,43.842,0.213740,0.916031,-0.061069
95340,-0.059814,0.007813,1.021729,43.804,0.183206,0.946565,-0.038168
95360,-0.064453,0.012695,1.020996,43.801,0.229008,0.969466,0.015267
95381,-0.060059,0.011230,1.022705,43.812,0.259542,1.045802,-0.106870
95400,-0.066406,0.014404,1.023193,43.821,0.236641,0.984733,-0.167939
95420,-0.065674,0.011475,1.026123,43.827,0.198473,1.053435,-0.160305
95440,-0.067139,0.009521,1.022461,43.824,0.229008,1.145038,-0.145038
95460,-0.062744,0.011475,1.027344,43.824,0.068702,0.885496,-0.175573
95480,-0.067383,0.005859,1.023193,43.848,0.259542,1.022901,-0.137405
95500,-0.067383,0.012451,1.022705,43.833,0.229008,1.007634,-0.175573
95520,-0.062744,0.010742,1.020752,43.827,0.213740,0.916031,-0.152672
95540,-0.065674,0.006348,1.024658,43.830,0.206107,1.099237,-0.137405
95560,-0.063721,0.010742,1.019531,43.827,0.221374,0.961832,-0.160305
95580,-0.065918,0.009766,1.025391,43.836,0.213740,0.923664,-0.206107
95600,-0.060547,0.012207,1.024902,43.812,0.152672,1.229008,-0.122137
95620,-0.061768,0.010010,1.022217,43.827,0.236641,0.908397,-0.129771
95640,-0.064697,0.005859,1.024902,43.842,0.335878,0.992366,-0.061069
95660,-0.062256,0.008789,1.023926,43.848,0.251908,0.992366,-0.206107
95680,-0.066162,0.008789,1.021240,43.836,0.236641,0.916031,-0.038168
95700,-0.067139,0.009277,1.025391,43.830,0.175573,1.076336,0.015267
95720,-0.063965,0.009521,1.018555,43.824,0.152672,1.053435,-0.030534
95741,-0.058838,0.009033,1.022705,43.827,0.206107,1.007634,-0.083969
95760,-0.059814,0.008057,1.025635,43.845,0.198473,0.977099,-0.244275
95780,-0.058350,0.007813,1.020996,43.851,0.274809,0.961832,-0.145038
95800,-0.068848,0.012695,1.017334,43.815,0.244275,0.984733,-0.190840
95820,-0.062012,0.010010,1.022217,43.818,0.137405,1.137405,-0.244275
95840,-0.065186,0.009033,1.018066,43.821,0.229008,1.038168,-0.221374
95860,-0.062744,0.007324,1.018066,43.839,0.259542,1.099237,-0.229008
95880,-0.062988,0.009277,1.021973,43.812,0.320611,1.038168,-0.152672
95900,-0.067627,0.010254,1.024902,43.854,0.206107,0.977099,-0.175573
95920,-0.065430,0.010742,1.024414,43.839,0.259542,0.946565,-0.152672
95940,-0.061035,0.008789,1.028809,43.821,0.213740,0.938931,-0.022901
95960,-0.066406,0.012207,1.022217,43.824,0.282443,0.908397,-0.076336
95980,-0.068359,0.010742,1.022949,43.845,0.259542,0.961832,-0.167939
96000,-0.065430,0.009766,1.023438,43.856,0.175573,0.893130,-0.083969
96020,-0.066406,0.006104,1.019531,43.827,0.206107,0.885496,-0.076336
96040,-0.067871,0.007080,1.022461,43.812,0.328244,0.931298,-0.091603
96060,-0.062988,0.009033,1.020264,43.824,0.221374,1.007634,0.038168
96080,-0.064453,0.009521,1.020508,43.862,0.259542,0.984733,-0.137405
96101,-0.070068,0.004395,1.020020,43.821,0.244275,1.000000,-0.106870
96120,-0.070557,0.017090,1.024902,43.827,0.160305,1.083969,-0.129771
96140,-0.059082,0.001221,1.028320,43.824,0.061069,0.923664,-0.190840
96160,-0.056885,0.003662,1.024658,43.824,0.221374,0.778626,-0.175573
96180,-0.067627,0.017578,1.025879,43.792,0.282443,1.083969,0.152672
96200,-0.071045,0.018311,1.020752,43.839,0.190840,0.992366,-0.152672
96220,-0.056152,0.002197,1.025879,43.845,0.229008,0.893130,-0.251908
96240,-0.059326,0.004150,1.031982,43.821,0.305344,0.992366,-0.190840
96260,-0.072021,0.018066,1.017578,43.845,0.190840,1.083969,-0.061069
96280,-0.071289,0.014160,1.020264,43.833,0.160305,1.022901,-0.175573
96300,-0.057861,0.001709,1.017090,43.836,0.152672,0.954198,-0.183206
96320,-0.061768,0.005615,1.024902,43.812,0.244275,0.938931,-0.167939
96340,-0.066162,0.017578,1.025391,43.830,0.251908,1.015267,-0.061069
96360,-0.067871,0.006592,1.025391,43.827,0.229008,1.038168,-0.236641
96380,-0.063477,0.001221,1.026367,43.809,0.427481,0.969466,-0.076336
96400,-0.062744,0.010010,1.025391,43.824,0.167939,1.061069,-0.045802
96420,-0.064941,0.009277,1.025879,43.824,0.114504,1.030534,-0.083969
96440,-0.060547,0.008545,1.022949,43.833,0.282443,0.816794,-0.099237
96461,-0.059326,0.010986,1.022949,43.836,0.335878,1.083969,0.030534
96480,-0.065186,0.009766,1.028320,43.801,0.305344,0.969466,-0.106870
96500,-0.061523,0.010986,1.029053,43.827,0.251908,0.885496,-0.045802
96520,-0.065674,0.009521,1.025635,43.792,0.175573,1.114504,-0.106870
96540,-0.060303,0.009766,1.026855,43.798,0.259542,0.877863,-0.061069
96560,-0.069824,0.011475,1.021484,43.821,0.267176,1.061069,-0.030534
96580,-0.063965,0.010010,1.021484,43.836,0.236641,0.946565,-0.122137
96600,-0.062256,0.012207,1.021729,43.818,0.106870,0.977099,-0.122137
96620,-0.060791,0.010254,1.024170,43.827,0.236641,0.977099,-0.137405
96640,-0.064453,0.011719,1.027588,43.809,0.152672,1.038168,-0.083969
96660,-0.061279,0.008301,1.019043,43.830,0.274809,1.076336,0.000000
96680,-0.060303,0.011475,1.022217,43.851,0.251908,0.862595,-0.068702
96700,-0.062500,0.009277,1.020996,43.804,0.259542,1.053435,-0.099237
96720,-0.062744,0.013428,1.023682,43.833,0.236641,0.946565,-0.206107
96740,-0.063721,0.012451,1.022461,43.821,0.282443,0.992366,-0.045802
96760,-0.061035,0.010986,1.025391,43.827,0.213740,1.030534,-0.129771
96780,-0.058594,0.014160,1.015137,43.824,0.282443,0.893130,-0.137405
96800,-0.061279,0.010254,1.028076,43.812,0.175573,1.007634,-0.160305
96821,-0.062500,0.010010,1.022949,43.839,0.190840,1.015267,-0.045802
96840,-0.062500,0.007568,1.021484,43.833,0.190840,1.007634,-0.282443
96860,-0.064941,0.010254,1.028809,43.812,0.083969,0.969466,-0.183206
96880,-0.067383,0.009766,1.024414,43.842,0.267176,0.923664,-0.099237
96900,-0.064453,0.009766,1.024658,43.851,0.198473,0.961832,-0.160305
96920,-0.069092,0.007568,1.022949,43.833,0.259542,1.167939,-0.221374
96941,-0.064941,0.003662,1.022949,43.821,0.229008,1.022901,-0.022901
96961,-0.063232,0.010254,1.018799,43.845,0.290076,0.992366,-0.083969
96980,-0.067871,0.011719,1.024658,43.806,0.221374,1.000000,-0.145038
97000,-0.066162,0.014648,1.026855,43.806,0.229008,1.068702,-0.167939
97020,-0.060547,0.007813,1.016846,43.839,0.274809,1.007634,-0.167939
97040,-0.061523,0.004883,1.026855,43.818,0.175573,1.007634,-0.152672
97060,-0.063965,0.013184,1.020752,43.839,0.305344,0.847328,-0.038168
97080,-0.062988,0.010010,1.020264,43.818,0.213740,0.977099,-0.145038
97100,-0.062256,-0.000488,1.020508,43.839,0.045802,1.015267,-0.129771
97120,-0.068848,0.011719,1.024658,43.824,0.290076,1.022901,-0.053435
97140,-0.064941,0.016846,1.024414,43.839,0.129771,1.076336,-0.175573
97160,-0.059570,0.002686,1.020020,43.821,0.183206,1.061069,-0.145038
97180,-0.061523,0.003662,1.024902,43.824,0.251908,1.053435,-0.167939
97200,-0.070313,0.020508,1.025635,43.804,0.320611,1.183206,-0.152672
97220,-0.065918,0.008301,1.020752,43.804,0.175573,0.992366,-0.099237
97240,-0.055176,0.002686,1.016602,43.801,0.343511,1.030534,-0.175573
97260,-0.065186,0.009521,1.023438,43.798,0.160305,1.030534,-0.099237
97280,-0.065430,0.015381,1.019043,43.842,0.145038,0.923664,-0.091603
97300,-0.061279,0.011475,1.025146,43.827,0.251908,1.038168,-0.030534
97321,-0.063232,0.008789,1.024658,43.801,0.229008,1.152672,-0.053435
97340,-0.063232,0.008057,1.020264,43.818,0.152672,0.954198,-0.106870
97360,-0.066650,0.008545,1.021484,43.830,0.251908,0.877863,-0.183206
97380,-0.062012,0.007568,1.028320,43.830,0.351145,1.068702,-0.099237
97400,-0.066406,0.010254,1.022461,43.804,0.236641,0.984733,-0.022901
97420,-0.064209,0.010254,1.018799,43.809,0.267176,1.045802,-0.160305
97440,-0.062500,0.010010,1.027588,43.795,0.251908,0.992366,-0.213740
97460,-0.060547,0.008057,1.022949,43.815,0.229008,1.015267,-0.083969
97480,-0.064209,0.012207,1.019287,43.812,0.274809,1.137405,-0.091603
97500,-0.065186,0.011230,1.024902,43.821,0.213740,1.122137,-0.045802
97520,-0.062744,0.008545,1.025146,43.830,0.229008,0.961832,-0.206107
97540,-0.063721,0.005371,1.024658,43.824,0.244275,1.000000,-0.022901
97560,-0.066650,0.010010,1.020264,43.833,0.236641,1.076336,-0.183206
97580,-0.064209,0.012939,1.021729,43.833,0.282443,0.931298,-0.068702
97600,-0.064697,0.009766,1.022705,43.833,0.175573,1.007634,-0.045802
97620,-0.067383,0.010010,1.024902,43.824,0.190840,0.900763,0.007634
97640,-0.062988,0.007324,1.019287,43.833,0.183206,1.091603,-0.167939
97660,-0.062744,0.009277,1.020752,43.821,0.213740,0.931298,-0.251908
97680,-0.064453,0.008789,1.029053,43.818,0.190840,1.083969,-0.160305
97701,-0.053223,0.009521,1.024902,43.804,0.244275,1.015267,-0.145038
97720,-0.063965,0.005859,1.023926,43.845,0.167939,1.091603,-0.122137
97740,-0.067871,0.014648,1.025391,43.818,0.167939,1.038168,-0.061069
97760,-0.058350,0.010254,1.021484,43.798,0.167939,1.038168,-0.091603
97780,-0.059082,0.008789,1.020752,43.815,0.152672,0.961832,-0.167939
97800,-0.062012,0.006836,1.020508,43.830,0.183206,0.992366,-0.183206
97820,-0.061523,0.011230,1.020996,43.804,0.122137,1.114504,-0.099237
97840,-0.062988,0.007813,1.024170,43.821,0.175573,0.992366,-0.122137
97860,-0.063965,0.009277,1.020508,43.809,0.305344,1.000000,-0.106870
97880,-0.065430,0.012207,1.021484,43.833,0.229008,0.908397,-0.175573
97900,-0.063232,0.008789,1.031494,43.818,0.244275,0.946565,-0.053435
97920,-0.065918,0.011719,1.022461,43.845,0.206107,0.977099,-0.160305
97940,-0.064209,0.008545,1.025879,43.833,0.213740,0.923664,-0.145038
97960,-0.061035,0.008789,1.019775,43.821,0.114504,0.946565,-0.038168
97980,-0.063477,0.013184,1.016357,43.827,0.274809,1.045802,-0.114504
98000,-0.063965,0.008545,1.018555,43.812,0.236641,0.977099,-0.114504
98020,-0.062500,0.010498,1.018555,43.821,0.175573,1.000000,-0.122137
98040,-0.067627,0.010498,1.022217,43.809,0.328244,1.000000,-0.114504
98061,-0.059570,0.010254,1.018555,43.812,0.175573,1.038168,-0.083969
98080,-0.059570,0.012695,1.021484,43.824,0.274809,0.755725,-0.160305
98100,-0.059814,0.004639,1.028564,43.833,0.221374,0.946565,-0.083969
98120,-0.061523,0.003906,1.021729,43.833,0.274809,0.938931,-0.129771
98140,-0.060059,0.009766,1.023193,43.845,0.267176,1.076336,-0.045802
98160,-0.066895,0.015869,1.026123,43.842,0.236641,0.961832,-0.106870
98180,-0.066406,0.010010,1.024414,43.821,0.312977,1.038168,-0.076336
98200,-0.062744,0.007324,1.027100,43.818,0.274809,0.946565,-0.106870
98220,-0.059326,0.009521,1.023193,43.827,0.244275,0.824428,-0.091603
98240,-0.063721,0.011475,1.026123,43.824,0.152672,1.015267,-0.061069
98260,-0.062744,0.009033,1.024658,43.851,0.267176,1.030534,-0.221374
98280,-0.066895,0.010254,1.029541,43.818,0.312977,1.061069,-0.068702
98300,-0.064453,0.010010,1.018311,43.833,0.213740,0.908397,-0.229008
98320,-0.062500,0.007568,1.025391,43.801,0.190840,1.160305,-0.106870
98340,-0.063965,0.005615,1.016846,43.833,0.190840,1.038168,-0.190840
98360,-0.064941,0.013428,1.020264,43.848,0.244275,0.893130,-0.152672
98380,-0.062012,0.006592,1.027100,43.824,0.129771,1.022901,-0.099237
98400,-0.061523,0.008301,1.026611,43.792,0.213740,1.038168,-0.160305
98421,-0.067383,0.005615,1.024902,43.836,0.145038,0.931298,-0.122137
98440,-0.064697,0.009521,1.023193,43.836,0.152672,1.053435,-0.167939
98460,-0.064209,0.010254,1.025635,43.839,0.259542,0.839695,-0.083969
98480,-0.063232,0.009521,1.026611,43.851,0.198473,0.870229,-0.175573
98500,-0.065918,0.008789,1.019043,43.821,0.076336,0.984733,-0.137405
98520,-0.064697,0.010010,1.020996,43.821,0.152672,0.984733,0.000000
98540,-0.065674,0.007813,1.025146,43.821,0.145038,0.900763,-0.167939
98560,-0.064941,0.008301,1.018311,43.812,0.190840,1.061069,-0.190840
98580,-0.064697,0.009521,1.029053,43.815,0.259542,0.938931,-0.083969
98600,-0.067139,0.011475,1.022705,43.830,0.251908,0.961832,-0.061069
98620,-0.061523,0.002686,1.023438,43.804,0.221374,1.007634,-0.152672
98640,-0.056152,0.009033,1.026123,43.833,0.213740,1.038168,-0.145038
98660,-0.064697,0.010986,1.020752,43.818,0.259542,0.900763,-0.129771
98680,-0.062256,0.010986,1.026367,43.806,0.305344,0.938931,-0.213740
98700,-0.064697,0.008545,1.020752,43.839,0.206107,0.961832,-0.053435
98720,-0.067383,0.010986,1.018311,43.815,0.290076,1.000000,-0.167939
98740,-0.063965,0.010986,1.023438,43.848,0.259542,1.015267,-0.099237
98760,-0.062744,0.009766,1.022217,43.833,0.351145,1.068702,-0.160305
98781,-0.063477,0.012695,1.019775,43.801,0.320611,0.992366,-0.160305
98800,-0.067383,0.006348,1.017822,43.848,0.221374,0.916031,-0.068702
98820,-0.064697,0.010742,1.017334,43.830,0.198473,0.916031,-0.167939
98840,-0.061768,0.006348,1.032715,43.827,0.274809,1.007634,-0.213740
98860,-0.062988,0.009521,1.024170,43.824,0.129771,1.038168,-0.114504
98880,-0.064209,0.010742,1.022949,43.804,0.274809,1.000000,-0.022901
98900,-0.062988,0.010498,1.024170,43.812,0.183206,0.977099,-0.106870
98920,-0.067627,0.008789,1.025879,43.798,0.145038,0.877863,-0.137405
98940,-0.061035,0.008545,1.029785,43.806,0.183206,1.007634,-0.030534
98960,-0.060059,0.008057,1.025391,43.830,0.175573,1.038168,-0.198473
98980,-0.062256,0.012207,1.022705,43.815,0.320611,0.862595,-0.206107
99000,-0.061768,0.008789,1.023438,43.836,0.251908,1.061069,-0.114504
99020,-0.064453,0.011475,1.022461,43.798,0.297710,0.954198,-0.152672
99040,-0.062988,0.012695,1.027344,43.809,0.305344,0.992366,-0.015267
99060,-0.059814,0.013428,1.023438,43.830,0.251908,0.984733,-0.114504
99080,-0.060303,0.006104,1.027588,43.812,0.251908,1.091603,-0.152672
99100,-0.066650,0.008545,1.026855,43.824,0.160305,0.954198,-0.175573
99120,-0.065918,0.012207,1.023193,43.824,0.320611,0.984733,-0.183206
99141,-0.062012,0.004639,1.023438,43.830,0.259542,1.030534,-0.045802
99160,-0.064209,0.010986,1.028809,43.827,0.244275,0.893130,-0.068702
99180,-0.064453,0.012695,1.016357,43.842,0.312977,1.160305,0.061069
99200,-0.063477,0.008545,1.022949,43.815,0.198473,0.969466,-0.068702
99220,-0.061768,0.007568,1.019287,43.827,0.167939,0.885496,-0.030534
99240,-0.065186,0.010986,1.017334,43.806,0.297710,1.083969,-0.167939
99260,-0.063477,0.012939,1.014160,43.851,0.137405,1.038168,-0.038168
99280,-0.066406,0.006348,1.022217,43.833,0.152672,1.022901,-0.175573
99300,-0.075439,0.007568,1.023682,43.833,0.251908,0.839695,-0.083969
99320,-0.078857,0.007813,1.027588,43.815,0.335878,0.916031,-0.129771
99340,-0.066406,0.006348,1.026611,43.771,0.274809,1.030534,-0.068702
99360,-0.067383,0.009521,1.026855,43.848,0.267176,0.885496,-0.053435
99380,-0.065674,0.010498,1.022705,43.812,0.229008,0.923664,0.007634
99400,-0.067383,0.008301,1.022705,43.809,0.374046,0.893130,-0.015267
99420,-0.047852,0.013184,1.005615,43.801,0.229008,1.099237,-0.007634
99440,-0.063232,0.008057,1.023193,43.815,0.183206,0.877863,-0.145038
99460,-0.066650,0.008545,1.023438,43.801,0.312977,0.977099,-0.129771
99480,-0.061523,0.010742,1.021484,43.818,0.297710,1.061069,-0.167939
99500,-0.062500,0.013672,1.028320,43.839,0.221374,0.954198,-0.083969
99520,-0.067383,0.011230,1.019287,43.818,0.190840,1.015267,-0.152672
99540,-0.061768,0.008545,1.024902,43.827,0.106870,0.961832,-0.106870
99560,-0.062012,0.011230,1.020996,43.827,0.007634,1.007634,-0.221374
99580,-0.063721,0.011963,1.026611,43.806,0.091603,0.916031,0.000000
99600,-0.062256,0.006348,1.022217,43.839,0.061069,0.992366,-0.183206
99620,-0.067627,0.008301,1.020996,43.818,0.038168,1.007634,-0.137405
99640,-0.064941,0.010254,1.017578,43.786,0.183206,0.931298,-0.015267
99661,-0.062500,0.009033,1.027344,43.812,0.167939,1.068702,-0.122137
99680,-0.063965,0.010498,1.020020,43.792,0.213740,0.946565,-0.038168
99700,-0.066650,0.011230,1.020752,43.848,0.290076,0.954198,-0.038168
99720,-0.058594,0.007080,1.021484,43.792,0.236641,0.885496,-0.091603
99740,-0.067871,0.014648,1.019287,43.789,0.236641,1.007634,-0.160305
99760,-0.064941,0.009033,1.026367,43.806,0.175573,1.000000,-0.167939
99780,-0.066650,0.007324,1.018799,43.824,0.236641,1.114504,-0.206107
99800,-0.058838,0.006592,1.011963,43.818,0.251908,0.854962,-0.206107
99820,-0.058105,0.010742,1.024414,43.804,0.244275,1.053435,-0.160305
99840,-0.062988,0.009033,1.017822,43.789,0.274809,0.839695,0.076336
99860,-0.063965,0.007568,1.019775,43.821,0.236641,0.946565,-0.030534
99880,-0.061279,0.009766,1.016846,43.801,0.282443,0.946565,-0.160305
99900,-0.062988,0.008301,1.020508,43.809,0.106870,0.923664,-0.160305
99920,-0.066650,0.009766,1.025391,43.786,0.427481,1.030534,-0.122137
99940,-0.066406,0.008789,1.021729,43.839,0.312977,1.083969,-0.030534
99960,-0.064453,0.008545,1.025146,43.804,0.259542,0.954198,-0.114504
99980,-0.064941,0.009521,1.019531,43.812,0.328244,0.961832,-0.099237
100000,-0.070068,0.011963,1.020996,43.798,0.198473,1.007634,-0.175573
100020,-0.066406,0.007324,1.024414,43.801,0.183206,1.045802,-0.022901
100041,-0.062500,0.007813,1.029541,43.798,0.236641,1.038168,-0.167939
100060,-0.063965,0.009033,1.022461,43.783,0.160305,1.000000,-0.137405
100080,-0.064941,0.010742,1.023926,43.806,0.183206,1.015267,-0.129771
100100,-0.063721,0.012207,1.024658,43.806,0.221374,1.000000,-0.145038
100120,-0.062744,0.010986,1.023438,43.809,0.320611,0.946565,-0.175573
100140,-0.064209,0.008301,1.018555,43.827,0.221374,0.961832,-0.221374
100160,-0.061523,0.011963,1.032471,43.789,0.305344,1.022901,-0.229008
100180,-0.064453,0.009766,1.020020,43.818,0.183206,1.038168,-0.068702
100200,-0.064941,0.007080,1.024902,43.798,0.190840,0.946565,-0.236641
100220,-0.062500,0.010742,1.024170,43.809,0.152672,0.984733,-0.183206
100240,-0.062744,0.010010,1.026123,43.804,0.129771,1.160305,-0.160305
100260,-0.064209,0.006592,1.025146,43.815,0.221374,1.015267,-0.061069
100280,-0.062988,0.006836,1.028320,43.754,0.244275,0.992366,-0.229008
100300,-0.067139,0.010498,1.021240,43.815,0.267176,1.114504,-0.061069
100320,-0.062988,0.007568,1.028320,43.804,0.137405,0.977099,-0.152672
100340,-0.065918,0.007813,1.021729,43.821,0.297710,0.946565,-0.137405
100360,-0.061279,0.010986,1.017822,43.824,0.221374,1.045802,-0.244275
100380,-0.060059,0.006592,1.024414,43.842,0.206107,1.007634,-0.167939
100400,-0.063232,0.003418,1.026367,43.815,0.167939,0.992366,-0.183206
100421,-0.062744,0.007813,1.024658,43.804,0.183206,1.007634,-0.099237
100440,-0.065918,0.008057,1.022705,43.824,0.068702,1.106870,-0.366412
100460,-0.062744,0.009766,1.025879,43.845,0.206107,0.946565,-0.114504
100480,-0.067139,0.012207,1.023438,43.809,0.335878,1.114504,-0.076336
100500,-0.064697,0.010742,1.028320,43.806,0.312977,0.885496,-0.213740
100520,-0.064209,0.003662,1.021484,43.809,0.198473,0.954198,-0.145038
100540,-0.066162,0.013672,1.027344,43.798,0.160305,1.061069,-0.114504
100560,-0.062012,0.010498,1.026855,43.815,0.335878,1.015267,-0.068702
100580,-0.064697,0.009277,1.017578,43.809,0.274809,0.984733,-0.045802
100600,-0.062500,0.007568,1.024902,43.824,0.221374,1.053435,-0.152672
100620,-0.062012,0.009766,1.020752,43.801,0.351145,1.030534,-0.083969
100640,-0.065918,0.012695,1.022705,43.806,0.137405,0.984733,-0.022901
100660,-0.061768,0.011963,1.023438,43.795,0.152672,1.030534,-0.045802
100680,-0.060791,0.008301,1.016602,43.798,0.145038,1.061069,-0.030534
100700,-0.062988,0.005127,1.026367,43.818,0.305344,1.061069,-0.015267
100720,-0.063965,0.011963,1.018799,43.827,0.160305,1.091603,-0.114504
100740,-0.063477,0.011230,1.027100,43.809,0.160305,1.022901,-0.183206
100760,-0.065430,0.007324,1.024170,43.804,0.297710,0.946565,-0.175573
100780,-0.060059,0.007080,1.023438,43.818,0.213740,0.931298,-0.061069
100801,-0.063477,0.008301,1.020996,43.806,0.213740,0.916031,0.030534
100820,-0.065186,0.010498,1.022705,43.824,0.160305,0.893130,-0.198473
100840,-0.062988,0.010010,1.019531,43.836,0.236641,1.000000,-0.175573
100860,-0.067627,0.010742,1.028076,43.827,0.122137,0.992366,-0.137405
100880,-0.062012,0.014160,1.026367,43.809,0.213740,1.045802,-0.129771
100900,-0.061523,0.008789,1.021484,43.801,0.213740,1.099237,-0.175573
100920,-0.063721,0.009033,1.023193,43.809,0.335878,1.099237,-0.007634
100940,-0.062012,0.010498,1.022461,43.824,0.244275,0.923664,-0.068702
100960,-0.062500,0.010010,1.031250,43.821,0.236641,0.931298,0.007634
100980,-0.069580,0.012695,1.023438,43.821,0.190840,1.007634,-0.114504
101000,-0.068359,0.010254,1.019287,43.809,0.221374,0.954198,-0.061069
101020,-0.063232,0.009033,1.021973,43.804,0.167939,0.946565,-0.068702
101040,-0.066895,0.009766,1.022217,43.821,0.198473,0.900763,-0.099237
101060,-0.062500,0.011230,1.025635,43.789,0.343511,0.984733,-0.175573
101080,-0.060791,0.011230,1.022461,43.812,0.259542,0.931298,-0.152672
101100,-0.066406,0.008789,1.025391,43.804,0.198473,0.954198,-0.083969
101120,-0.067139,0.010498,1.028564,43.815,0.259542,0.908397,-0.114504
101140,-0.062988,0.013916,1.020752,43.833,0.244275,0.992366,-0.091603
101160,-0.066162,0.010742,1.021973,43.821,0.213740,1.099237,-0.137405
101181,-0.062500,0.009766,1.028320,43.812,0.221374,1.076336,-0.137405
101200,-0.062256,0.008057,1.028076,43.804,0.244275,0.961832,-0.206107
101220,-0.061279,0.010498,1.020508,43.804,0.259542,1.076336,-0.007634
101240,-0.064697,0.008545,1.021484,43.809,0.152672,1.007634,-0.152672
101260,-0.066895,0.004150,1.021240,43.827,0.251908,0.916031,-0.129771
101280,-0.059814,0.008301,1.025879,43.824,0.328244,0.961832,-0.167939
101300,-0.061279,0.011230,1.020996,43.830,0.175573,1.038168,-0.175573
101320,-0.064453,0.013184,1.023682,43.795,0.213740,1.000000,-0.137405
101340,-0.062256,0.007568,1.019287,43.815,0.213740,1.038168,-0.251908
101360,-0.061523,0.007324,1.018066,43.809,0.221374,0.954198,-0.091603
101380,-0.064697,0.006836,1.026611,43.818,0.106870,0.977099,-0.068702
101400,-0.061768,0.006836,1.025146,43.812,0.190840,0.893130,-0.129771
101420,-0.060547,0.008301,1.021973,43.798,0.152672,1.000000,-0.061069
101440,-0.063232,0.010254,1.021973,43.830,0.244275,0.916031,-0.068702
101460,-0.062988,0.008301,1.022949,43.821,0.206107,1.030534,-0.053435
101480,-0.062988,0.009033,1.023682,43.824,0.190840,0.946565,-0.152672
101500,-0.060791,0.013184,1.021973,43.833,0.137405,1.007634,-0.106870
101520,-0.061035,0.007324,1.015137,43.848,0.236641,1.015267,-0.129771
101540,-0.061523,0.007080,1.023682,43.815,0.190840,0.854962,-0.145038
101561,-0.063232,0.009033,1.019775,43.818,0.312977,1.045802,0.000000
101580,-0.066162,0.009277,1.023682,43.830,0.206107,0.916031,-0.206107
101600,-0.062500,0.006836,1.019775,43.801,0.175573,1.030534,-0.221374
101620,-0.064209,0.010254,1.022949,43.836,0.129771,0.969466,-0.137405
101640,-0.066406,0.010742,1.024658,43.821,0.236641,1.015267,-0.122137
101660,-0.065918,0.005615,1.019287,43.815,0.198473,0.870229,-0.106870
101680,-0.057861,0.010010,1.025879,43.795,0.244275,0.893130,-0.206107
101700,-0.064453,0.005127,1.025879,43.801,0.259542,1.061069,-0.091603
101720,-0.063232,0.013184,1.020264,43.774,0.129771,1.076336,-0.251908
101740,-0.063965,0.009277,1.022461,43.845,0.305344,0.923664,-0.152672
101760,-0.065186,0.009521,1.026367,43.809,0.244275,0.984733,-0.083969
101780,-0.063965,0.012695,1.022949,43.821,0.259542,0.877863,-0.236641
101800,-0.066162,0.008057,1.016602,43.798,0.282443,1.007634,-0.091603
101820,-0.062744,0.010254,1.023438,43.824,0.160305,0.877863,-0.045802
101840,-0.065918,0.010498,1.019043,43.827,0.290076,0.977099,-0.061069
101860,-0.063721,0.010986,1.020508,43.806,0.206107,1.022901,-0.083969
101880,-0.064697,0.006104,1.020264,43.833,0.122137,0.984733,-0.175573
101900,-0.065674,0.008545,1.022217,43.818,0.251908,1.122137,-0.236641
101920,-0.061523,0.011475,1.030273,43.839,0.198473,0.977099,-0.137405
101940,-0.064209,0.008789,1.023193,43.833,0.137405,1.076336,-0.167939
101960,-0.061768,0.010010,1.019531,43.824,0.221374,1.122137,-0.167939
101980,-0.064941,0.008301,1.020508,43.812,0.312977,1.053435,-0.145038
102000,-0.065918,0.009521,1.026123,43.830,0.297710,0.984733,-0.221374
102020,-0.061768,0.008057,1.023682,43.848,0.297710,0.847328,-0.106870
102040,-0.061768,0.009277,1.023682,43.827,0.244275,1.068702,-0.045802
102060,-0.061523,0.009521,1.020264,43.851,0.152672,1.022901,-0.137405
102081,-0.061768,0.010742,1.024170,43.806,0.198473,1.053435,-0.129771
102100,-0.065186,0.011719,1.027344,43.812,0.152672,1.022901,-0.091603
102120,-0.064453,0.009521,1.026367,43.801,0.244275,0.916031,-0.213740
102140,-0.061768,0.004883,1.023682,43.833,0.160305,0.870229,-0.259542
102160,-0.064453,0.007080,1.020508,43.809,0.297710,0.923664,-0.213740
102180,-0.066650,0.007324,1.028564,43.812,0.282443,0.908397,-0.145038
102200,-0.062012,0.006104,1.022461,43.818,0.114504,1.015267,-0.175573
102220,-0.064697,0.008057,1.028076,43.809,0.122137,1.106870,-0.137405
102240,-0.061279,0.014648,1.021973,43.815,0.145038,0.992366,-0.229008
102260,-0.062744,0.007324,1.019531,43.845,0.190840,0.992366,-0.198473
102280,-0.064941,0.009033,1.023438,43.806,0.259542,1.045802,-0.122137
102300,-0.059814,0.010742,1.028809,43.839,0.175573,1.015267,-0.167939
102320,-0.065186,0.009277,1.031738,43.809,0.320611,0.984733,-0.099237
102340,-0.063232,0.009277,1.026123,43.818,0.198473,0.847328,-0.167939
102360,-0.062744,0.005615,1.027100,43.824,0.114504,0.969466,-0.015267
102380,-0.062500,0.011475,1.023193,43.830,0.198473,0.954198,-0.114504
102400,-0.064453,0.008057,1.025635,43.845,0.244275,0.908397,-0.076336
102420,-0.062256,0.007568,1.022949,43.809,0.099237,0.969466,-0.091603
102440,-0.062500,0.010254,1.025146,43.818,0.282443,0.938931,-0.167939
102460,-0.062988,0.011475,1.020264,43.795,0.206107,0.984733,-0.183206
102481,-0.057129,0.007813,1.018311,43.827,0.259542,0.870229,-0.091603
102501,-0.064209,0.008057,1.020508,43.774,0.198473,0.969466,-0.053435
102520,-0.063721,0.006836,1.024902,43.824,0.183206,0.961832,-0.068702
102540,-0.067139,0.011963,1.020752,43.815,0.229008,1.000000,-0.076336
102560,-0.057373,0.009521,1.022461,43.821,0.213740,1.083969,-0.129771
102580,-0.064697,0.009766,1.026611,43.818,0.305344,0.954198,-0.129771
102600,-0.062500,0.008057,1.024414,43.836,0.190840,1.122137,-0.160305
102620,-0.063232,0.005371,1.024170,43.798,0.221374,0.969466,-0.068702
102640,-0.065430,0.014404,1.022461,43.851,0.259542,1.007634,0.053435
102660,-0.062012,0.013428,1.020996,43.804,0.183206,1.007634,0.076336
102680,-0.061279,0.007568,1.018066,43.812,0.129771,1.038168,-0.206107
102700,-0.056641,0.011230,1.021729,43.839,0.251908,1.015267,-0.274809
102720,-0.063477,0.010498,1.021484,43.812,0.343511,0.908397,-0.015267
102740,-0.063965,0.012939,1.024170,43.827,0.251908,0.870229,-0.083969
102760,-0.067627,0.010498,1.026123,43.812,0.190840,1.015267,-0.053435
102780,-0.062500,0.008301,1.021240,43.818,0.229008,0.885496,-0.221374
102800,-0.067627,0.011719,1.022949,43.812,0.221374,0.992366,-0.114504
102820,-0.069092,0.012451,1.022461,43.824,0.251908,0.954198,-0.129771
102840,-0.060303,0.008789,1.025635,43.806,0.076336,0.954198,-0.053435
102860,-0.065430,0.005371,1.022949,43.824,0.244275,0.984733,-0.091603
102881,-0.063965,0.008057,1.029297,43.798,0.183206,0.961832,-0.206107
102900,-0.061523,0.005371,1.019531,43.818,0.183206,0.984733,-0.129771
102920,-0.066650,0.011230,1.022705,43.795,0.221374,0.961832,-0.167939
102940,-0.063232,0.007080,1.025146,43.815,0.221374,0.992366,-0.106870
102960,-0.064697,0.009277,1.021729,43.815,0.229008,0.923664,-0.137405
102980,-0.059326,0.011230,1.020020,43.824,0.167939,0.946565,-0.114504
103000,-0.061523,0.007080,1.018799,43.801,0.221374,1.068702,-0.152672
103020,-0.066650,0.011719,1.020752,43.830,0.229008,0.916031,-0.114504
103040,-0.064697,0.010986,1.032227,43.806,0.175573,1.030534,-0.099237
103060,-0.063477,0.008789,1.021729,43.856,0.282443,0.847328,-0.038168
103080,-0.059326,0.009521,1.026123,43.839,0.229008,0.900763,-0.045802
103100,-0.062988,0.011963,1.020508,43.809,0.213740,1.007634,-0.152672
103120,-0.061768,0.010254,1.023193,43.830,0.206107,1.099237,-0.061069
103140,-0.058350,0.010742,1.027100,43.824,0.374046,0.977099,-0.083969
103160,-0.062988,0.006592,1.024658,43.824,0.076336,1.114504,-0.167939
103180,-0.062012,0.009277,1.021484,43.789,0.297710,0.900763,-0.129771
103200,-0.062256,0.008789,1.029785,43.812,0.213740,1.000000,-0.053435
103220,-0.059082,0.010498,1.027344,43.812,0.213740,0.954198,-0.114504
103240,-0.064209,0.011230,1.028320,43.815,0.167939,0.954198,-0.229008
103261,-0.065430,0.005615,1.025146,43.815,0.198473,1.000000,-0.106870
103280,-0.064209,0.009766,1.022461,43.818,0.198473,1.038168,-0.083969
103300,-0.062012,0.011719,1.024414,43.809,0.190840,1.045802,-0.259542
103320,-0.063232,0.008301,1.018311,43.795,0.198473,0.992366,-0.114504
103340,-0.061523,0.007080,1.028076,43.833,0.221374,0.931298,-0.229008
103360,-0.063232,0.009277,1.022705,43.812,0.229008,1.022901,-0.160305
103380,-0.064453,0.008789,1.020020,43.821,0.175573,0.923664,-0.129771
103400,-0.058350,0.010498,1.021240,43.798,0.244275,0.877863,-0.175573
103420,-0.064209,0.008301,1.031006,43.824,0.175573,1.114504,-0.129771
103440,-0.062744,0.003418,1.025146,43.812,0.244275,0.992366,-0.183206
103460,-0.066162,0.009277,1.023193,43.812,0.251908,1.030534,-0.106870
103480,-0.065430,0.010254,1.020752,43.827,0.259542,0.893130,-0.167939
103500,-0.066406,0.008789,1.030762,43.798,0.274809,1.053435,-0.083969
103520,-0.063965,0.006592,1.024170,43.806,0.198473,1.053435,-0.083969
103540,-0.062256,0.010498,1.027588,43.812,0.259542,1.030534,-0.221374
103560,-0.060303,0.009766,1.021484,43.804,0.274809,1.076336,-0.068702
103580,-0.058838,0.008789,1.023682,43.792,0.229008,0.954198,-0.183206
103600,-0.061279,0.010498,1.024414,43.815,0.213740,1.045802,-0.152672
103621,-0.064453,0.010010,1.023926,43.812,0.129771,1.053435,-0.160305
103641,-0.062012,0.011963,1.027100,43.809,0.236641,0.885496,-0.160305
103660,-0.063477,0.010254,1.017334,43.818,0.206107,1.068702,-0.106870
103680,-0.068115,0.009277,1.025879,43.786,0.236641,1.068702,-0.267176
103700,-0.062012,0.010010,1.021484,43.824,0.213740,1.053435,-0.122137
103720,-0.063232,0.007080,1.025391,43.801,0.274809,0.900763,-0.122137
103740,-0.064209,0.009521,1.021729,43.806,0.198473,0.984733,-0.091603
103760,-0.063232,0.007080,1.018555,43.821,0.198473,1.045802,-0.114504
103780,-0.062744,0.005859,1.026611,43.836,0.213740,0.992366,-0.190840
103800,-0.066162,0.008545,1.025635,43.812,0.221374,0.992366,-0.137405
103820,-0.068115,0.010742,1.022705,43.768,0.114504,1.053435,-0.229008
103840,-0.064941,0.010742,1.020996,43.812,0.251908,0.977099,-0.099237
103860,-0.062500,0.008545,1.020996,43.830,0.145038,1.000000,-0.106870
103880,-0.063965,0.008057,1.019775,43.821,0.251908,0.877863,-0.083969
103900,-0.067139,0.012939,1.029541,43.804,0.290076,0.992366,-0.160305
103920,-0.064209,0.011230,1.023193,43.815,0.221374,0.969466,-0.190840
103940,-0.060791,0.010742,1.018066,43.824,0.198473,1.129771,-0.129771
103960,-0.063232,0.010986,1.025391,43.801,0.183206,0.961832,-0.076336
103980,-0.064453,0.010986,1.025635,43.795,0.183206,1.053435,-0.160305
104001,-0.060303,0.007813,1.020020,43.804,0.175573,0.938931,-0.221374
104020,-0.060547,0.009521,1.026611,43.821,0.190840,0.946565,-0.114504
104040,-0.066406,0.009521,1.020996,43.804,0.274809,0.961832,-0.076336
104060,-0.062988,0.010986,1.023193,43.792,0.267176,0.923664,-0.114504
104080,-0.063232,0.011230,1.021484,43.795,0.206107,0.900763,-0.137405
104100,-0.066650,0.004150,1.023682,43.786,0.213740,1.106870,-0.145038
104120,-0.058350,0.011719,1.019287,43.824,0.183206,0.938931,-0.061069
104140,-0.062256,0.014404,1.021484,43.824,0.190840,0.870229,-0.167939
104160,-0.060547,0.009766,1.029053,43.833,0.198473,1.038168,-0.106870
104180,-0.063965,0.010254,1.024414,43.815,0.175573,1.015267,-0.244275
104200,-0.062012,0.010254,1.024414,43.818,0.251908,0.954198,-0.038168
104220,-0.062012,0.006836,1.021240,43.815,0.259542,0.969466,-0.083969
104240,-0.063721,0.010254,1.021729,43.839,0.236641,0.908397,-0.167939
104260,-0.065186,0.008301,1.021973,43.804,0.259542,1.038168,-0.183206
104280,-0.061768,0.010254,1.022705,43.801,0.274809,1.007634,-0.030534
104300,-0.063965,0.008057,1.024658,43.804,0.305344,0.954198,-0.106870
104320,-0.066162,0.009277,1.024658,43.792,0.129771,0.969466,-0.038168
104340,-0.058594,0.008301,1.022217,43.792,0.274809,1.030534,-0.091603
104360,-0.066650,0.011230,1.029785,43.795,0.229008,0.885496,-0.122137
104380,-0.063721,0.010742,1.022949,43.812,0.190840,0.885496,-0.160305
104400,-0.067627,0.007568,1.026123,43.798,0.244275,0.946565,-0.145038
104420,-0.065918,0.010254,1.016113,43.798,0.206107,0.961832,-0.099237
104440,-0.066162,0.009033,1.026855,43.798,0.236641,1.007634,-0.099237
104460,-0.062012,0.008301,1.025391,43.804,0.213740,0.969466,-0.091603
104480,-0.063965,0.004883,1.020996,43.809,0.160305,0.992366,-0.122137
104500,-0.064209,0.009033,1.023438,43.824,0.175573,0.946565,-0.221374
104520,-0.064453,0.010010,1.027100,43.815,0.221374,1.106870,-0.137405
104541,-0.063721,0.006104,1.020020,43.818,0.175573,0.984733,-0.106870
104560,-0.064697,0.009521,1.023438,43.827,0.183206,1.000000,-0.190840
104580,-0.065430,0.008057,1.025879,43.806,0.213740,1.038168,-0.198473
104600,-0.062744,0.010742,1.022705,43.809,0.366412,1.053435,-0.129771
104620,-0.062500,0.007080,1.022705,43.798,0.206107,1.061069,-0.160305
104640,-0.064941,0.010742,1.020508,43.809,0.229008,1.000000,-0.083969
104660,-0.062256,0.011475,1.016602,43.812,0.267176,1.022901,-0.099237
104680,-0.062012,0.006592,1.025146,43.833,0.320611,1.083969,-0.083969
104700,-0.064941,0.009766,1.026611,43.801,0.236641,0.969466,-0.076336
104720,-0.061279,0.012451,1.025146,43.821,0.251908,0.854962,-0.076336
104740,-0.060791,0.012451,1.027100,43.836,0.244275,1.114504,-0.183206
104760,-0.062500,0.005127,1.025146,43.818,0.244275,0.984733,-0.076336
104780,-0.067627,0.007813,1.027100,43.809,0.274809,0.923664,-0.175573
104800,-0.061768,0.010498,1.016846,43.792,0.282443,0.977099,-0.175573
104820,-0.063721,0.009521,1.022461,43.786,0.229008,0.984733,-0.114504
104840,-0.064209,0.008789,1.026611,43.827,0.305344,1.068702,-0.015267
104860,-0.062012,0.011230,1.020020,43.801,0.236641,0.885496,-0.045802
104880,-0.059814,0.006104,1.017822,43.839,0.160305,0.977099,-0.022901
104900,-0.062744,0.005371,1.022217,43.830,0.236641,0.984733,-0.099237
104920,-0.063721,0.010498,1.025879,43.824,0.183206,0.854962,-0.160305
104941,-0.064453,0.011475,1.021973,43.809,0.251908,1.015267,-0.106870
104960,-0.059326,0.010498,1.026855,43.789,0.198473,1.030534,-0.145038
104980,-0.065918,0.009277,1.024902,43.786,0.190840,1.030534,-0.175573
105000,-0.066650,0.008301,1.020996,43.809,0.206107,1.022901,-0.122137
105020,-0.062012,0.007324,1.020264,43.812,0.167939,1.091603,-0.137405
105040,-0.059814,0.007568,1.027832,43.777,0.206107,0.931298,-0.083969
105060,-0.062256,0.005371,1.025635,43.839,0.213740,1.076336,-0.145038
105080,-0.063232,0.009521,1.027100,43.804,0.190840,0.900763,-0.183206
105100,-0.063965,0.008301,1.025146,43.801,0.213740,1.007634,-0.213740
105120,-0.062500,0.007080,1.018555,43.798,0.274809,1.076336,-0.129771
105140,-0.064941,0.009277,1.025635,43.792,0.267176,0.923664,-0.190840
105160,-0.063477,0.007813,1.029053,43.809,0.145038,0.870229,-0.022901
105180,-0.061768,0.005615,1.027100,43.812,0.145038,0.900763,-0.129771
105200,-0.062500,0.008789,1.023926,43.806,0.229008,1.061069,-0.213740
105220,-0.065674,0.007568,1.023193,43.824,0.167939,1.000000,-0.251908
105240,-0.060547,0.011230,1.025391,43.812,0.152672,0.984733,-0.160305
105260,-0.062500,0.009033,1.024902,43.812,0.198473,1.030534,-0.030534
105280,-0.062500,0.008057,1.023926,43.809,0.244275,0.977099,-0.122137
105300,-0.064453,0.010254,1.024414,43.804,0.183206,1.000000,-0.061069
105321,-0.063721,0.006592,1.022461,43.806,0.221374,0.923664,0.022901
105340,-0.062988,0.005615,1.016357,43.792,0.244275,0.900763,-0.122137
105360,-0.065430,0.009277,1.025879,43.798,0.221374,1.007634,-0.114504
105380,-0.062256,0.008301,1.024414,43.809,0.183206,0.946565,-0.099237
105400,-0.065674,0.011719,1.025635,43.809,0.145038,1.061069,-0.091603
105420,-0.066162,0.009521,1.027100,43.815,0.251908,0.854962,-0.106870
105440,-0.062988,0.008545,1.018555,43.815,0.160305,1.076336,-0.137405
105460,-0.065430,0.004395,1.029297,43.795,0.152672,1.007634,-0.236641
105480,-0.068359,0.011719,1.017578,43.809,0.183206,0.992366,-0.114504
105500,-0.062012,0.009033,1.020996,43.821,0.305344,0.961832,-0.068702
105520,-0.063721,0.008545,1.021729,43.792,0.259542,0.900763,-0.114504
105540,-0.065918,0.009033,1.021240,43.830,0.190840,1.007634,-0.190840
105560,-0.065430,0.007813,1.031250,43.798,0.282443,0.885496,-0.145038
105580,-0.061768,0.007568,1.021484,43.818,0.175573,0.877863,-0.091603
105600,-0.070068,0.010986,1.021240,43.798,0.236641,0.969466,-0.152672
105620,-0.062012,0.010010,1.021484,43.821,0.244275,1.000000,-0.236641
105640,-0.062744,0.010986,1.022705,43.827,0.190840,0.938931,-0.145038
105660,-0.063965,0.010254,1.024414,43.812,0.244275,1.015267,-0.167939
105680,-0.063232,0.012939,1.025146,43.804,0.282443,0.931298,-0.122137
105701,-0.063232,0.009277,1.024414,43.795,0.190840,1.030534,-0.068702
105720,-0.064697,0.007568,1.023438,43.821,0.305344,0.961832,-0.129771
105740,-0.065674,0.009033,1.025391,43.801,0.282443,0.984733,-0.206107
105760,-0.064453,0.004395,1.025146,43.815,0.267176,1.068702,-0.099237
105780,-0.061279,0.008301,1.024170,43.812,0.297710,0.877863,-0.068702
105800,-0.061523,0.008545,1.019043,43.812,0.244275,1.000000,-0.091603
105820,-0.062500,0.009033,1.021729,43.792,0.229008,1.045802,-0.106870
105840,-0.061768,0.010010,1.021484,43.777,0.221374,0.916031,-0.129771
105860,-0.061279,0.009033,1.029297,43.809,0.259542,0.961832,-0.083969
105880,-0.063477,0.007080,1.029297,43.792,0.175573,1.083969,-0.106870
105900,-0.061035,0.011230,1.024414,43.809,0.206107,0.961832,-0.129771
105920,-0.064941,0.009521,1.026855,43.809,0.244275,0.908397,-0.045802
105940,-0.060303,0.011475,1.028076,43.818,0.145038,1.000000,-0.106870
105960,-0.063965,0.011963,1.021240,43.804,0.229008,1.030534,0.015267
105980,-0.063477,0.010742,1.024902,43.801,0.221374,1.015267,-0.122137
106000,-0.061279,0.008545,1.030273,43.777,0.297710,0.885496,-0.007634
106020,-0.060791,0.007813,1.017578,43.842,0.244275,1.053435,-0.137405
106040,-0.065186,0.006348,1.022705,43.786,0.236641,1.015267,-0.099237
106060,-0.069336,0.010498,1.022461,43.818,0.198473,1.015267,-0.053435
106081,-0.064941,0.008789,1.019531,43.804,0.267176,1.015267,-0.053435
106100,-0.064697,0.009033,1.027344,43.798,0.244275,1.068702,-0.137405
106120,-0.061035,0.005859,1.021484,43.786,0.259542,1.022901,-0.106870
106140,-0.063232,0.009521,1.022705,43.830,0.114504,0.977099,-0.137405
106160,-0.063721,0.008789,1.024902,43.812,0.152672,1.022901,-0.145038
106180,-0.062256,0.010498,1.023926,43.780,0.206107,0.961832,-0.007634
106200,-0.061523,0.011230,1.024902,43.795,0.251908,1.030534,-0.122137
106220,-0.064697,0.010498,1.023926,43.848,0.274809,0.977099,-0.190840
106240,-0.061768,0.007080,1.024170,43.830,0.259542,0.977099,-0.152672
106260,-0.062744,0.010986,1.024170,43.801,0.221374,1.007634,-0.106870
106280,-0.067139,0.007324,1.026123,43.795,0.282443,0.984733,-0.061069
106300,-0.063477,0.009033,1.027100,43.818,0.206107,0.992366,-0.137405
106320,-0.063477,0.010254,1.019287,43.815,0.328244,0.938931,-0.053435
106340,-0.063721,0.010986,1.023438,43.795,0.335878,0.954198,-0.145038
106360,-0.062744,0.009277,1.017822,43.798,0.198473,0.893130,-0.198473
106380,-0.063721,0.010254,1.021729,43.824,0.183206,0.961832,-0.137405
106400,-0.062988,0.010254,1.022461,43.821,0.267176,0.839695,-0.053435
106420,-0.060791,0.002930,1.026611,43.804,0.244275,0.938931,-0.076336
106440,-0.064209,0.011475,1.033447,43.806,0.213740,1.000000,-0.076336
106461,-0.065674,0.012939,1.023926,43.824,0.213740,0.931298,-0.145038
106480,-0.057861,0.008057,1.024658,43.812,0.290076,1.022901,-0.221374
106500,-0.064453,0.007813,1.023193,43.818,0.259542,0.954198,-0.038168
106520,-0.066650,0.012695,1.023438,43.804,0.251908,1.007634,-0.091603
106540,-0.069092,0.012451,1.028076,43.815,0.160305,0.977099,-0.091603
106560,-0.061279,0.005859,1.020752,43.809,0.129771,0.954198,-0.038168
106580,-0.060303,0.004883,1.022949,43.827,0.137405,0.938931,-0.122137
106600,-0.064697,0.015381,1.025146,43.815,0.259542,0.946565,-0.152672
106620,-0.062988,0.011719,1.022217,43.792,0.061069,1.000000,-0.061069
106640,-0.061768,0.008301,1.022461,43.806,0.282443,0.938931,-0.152672
106660,-0.062256,0.010986,1.025146,43.786,0.320611,1.076336,-0.160305
106680,-0.066162,0.015381,1.028809,43.818,0.160305,1.145038,-0.076336
106700,-0.064941,0.009766,1.020996,43.795,0.114504,1.030534,-0.152672
106720,-0.066162,0.011719,1.022461,43.809,0.236641,0.984733,-0.114504
106740,-0.058838,0.007813,1.025635,43.801,0.190840,0.923664,0.007634
106760,-0.064941,0.010254,1.019531,43.804,0.175573,0.931298,-0.175573
106780,-0.066406,0.009521,1.030029,43.821,0.312977,0.954198,-0.061069
106800,-0.060303,0.013184,1.022949,43.789,0.129771,1.045802,-0.229008
106820,-0.059082,0.009277,1.022705,43.804,0.221374,0.877863,-0.251908
106840,-0.064941,0.002686,1.022461,43.812,0.198473,1.137405,-0.061069
106860,-0.061035,0.010742,1.026367,43.806,0.282443,0.908397,-0.022901
106880,-0.068848,0.013672,1.023926,43.815,0.145038,0.931298,-0.114504
106900,-0.064941,0.008789,1.023438,43.795,0.267176,0.900763,-0.152672
106920,-0.061035,0.007568,1.020508,43.771,0.206107,1.000000,-0.167939
106940,-0.064941,0.011475,1.022705,43.795,0.244275,0.992366,-0.145038
106960,-0.062988,0.008789,1.027100,43.842,0.229008,0.954198,-0.129771
106981,-0.062988,0.005859,1.025879,43.795,0.244275,0.839695,-0.083969
107001,-0.064453,0.005615,1.023193,43.815,0.290076,0.923664,-0.114504
107020,-0.064209,0.009766,1.028809,43.821,0.259542,0.977099,-0.068702
107040,-0.064453,0.010742,1.020508,43.809,0.282443,0.984733,-0.106870
107060,-0.066895,0.014160,1.021484,43.774,0.213740,1.015267,-0.129771
107080,-0.061279,0.009521,1.024902,43.801,0.190840,0.954198,-0.076336
107100,-0.061523,0.009521,1.018066,43.806,0.145038,0.969466,-0.213740
107120,-0.062256,0.006592,1.023438,43.798,0.229008,1.053435,-0.160305
107140,-0.066650,0.009277,1.024902,43.777,0.251908,1.053435,-0.114504
107160,-0.061768,0.013916,1.023438,43.809,0.129771,1.000000,-0.152672
107180,-0.060547,0.008057,1.017334,43.824,0.198473,0.969466,-0.114504
107200,-0.068359,0.010498,1.025635,43.798,0.251908,1.000000,-0.129771
107220,-0.065430,0.010742,1.029541,43.812,0.274809,0.984733,-0.145038
107240,-0.068604,0.010986,1.021973,43.804,0.251908,1.022901,-0.175573
107260,-0.062988,0.006104,1.031738,43.815,0.198473,1.152672,-0.183206
107280,-0.059082,0.005371,1.020020,43.789,0.175573,0.885496,-0.167939
107300,-0.064941,0.010498,1.026367,43.809,0.213740,1.038168,0.007634
107320,-0.063721,0.012451,1.020264,43.809,0.190840,1.022901,-0.206107
107340,-0.066162,0.008789,1.021729,43.809,0.152672,1.061069,-0.122137
107360,-0.064941,0.012207,1.025146,43.777,0.312977,0.854962,-0.190840
107381,-0.063477,0.006592,1.026123,43.801,0.259542,1.015267,-0.030534
107400,-0.067627,0.010498,1.026123,43.812,0.213740,1.053435,-0.106870
107420,-0.067383,0.010742,1.026367,43.815,0.236641,0.961832,-0.152672
107440,-0.061768,0.010254,1.023193,43.786,0.259542,0.839695,-0.175573
107460,-0.062988,0.007813,1.022949,43.836,0.305344,1.022901,-0.198473
107480,-0.062744,0.011719,1.021484,43.801,0.335878,0.961832,-0.038168
107500,-0.065918,0.008545,1.027832,43.827,0.297710,0.931298,-0.099237
107520,-0.059814,0.011719,1.023193,43.806,0.236641,0.870229,-0.183206
107540,-0.065186,0.005859,1.025635,43.818,0.183206,1.000000,-0.282443
107560,-0.065430,0.008789,1.026123,43.821,0.213740,0.984733,-0.083969
107580,-0.065430,0.009033,1.030029,43.789,0.183206,1.007634,-0.053435
107600,-0.062012,0.012939,1.017090,43.774,0.137405,0.885496,-0.206107
107620,-0.062988,0.005127,1.020020,43.818,0.274809,0.938931,-0.045802
107640,-0.063232,0.008057,1.030029,43.804,0.381679,1.030534,-0.122137
107660,-0.062988,0.006836,1.023682,43.815,0.213740,1.053435,-0.091603
107680,-0.063965,0.009033,1.023926,43.804,0.236641,1.076336,-0.099237
107700,-0.064697,0.008789,1.021973,43.777,0.213740,1.030534,-0.175573
107720,-0.065430,0.008789,1.025146,43.815,0.267176,0.954198,-0.053435
107740,-0.066162,0.011475,1.020020,43.824,0.251908,0.954198,-0.099237
107761,-0.062988,0.011475,1.020752,43.818,0.190840,0.969466,-0.190840
107780,-0.061035,0.007813,1.022217,43.824,0.167939,1.007634,0.000000
107800,-0.062988,0.011475,1.024414,43.771,0.183206,0.931298,-0.076336
107820,-0.068604,0.006836,1.021484,43.812,0.290076,0.931298,-0.083969
107840,-0.061768,0.009766,1.026367,43.789,0.305344,0.938931,-0.290076
107860,-0.066406,0.009766,1.026367,43.809,0.290076,0.931298,-0.145038
107880,-0.065674,0.009277,1.023682,43.851,0.145038,1.000000,-0.198473
107900,-0.059570,0.010498,1.026123,43.809,0.328244,0.969466,-0.114504
107920,-0.064941,0.011963,1.032471,43.806,0.328244,0.931298,-0.160305
107940,-0.060791,0.006104,1.027588,43.821,0.213740,1.053435,-0.274809
107960,-0.064697,0.009521,1.023438,43.798,0.137405,0.961832,-0.106870
107980,-0.063477,0.009521,1.019287,43.809,0.259542,0.847328,-0.190840
108000,-0.059814,0.007568,1.027832,43.827,0.244275,1.022901,-0.175573
108020,-0.062744,0.012207,1.018066,43.812,0.236641,1.091603,-0.175573
108040,-0.061035,0.008789,1.027100,43.801,0.160305,0.946565,-0.091603
108060,-0.063965,0.009033,1.020264,43.780,0.137405,0.862595,-0.137405
108080,-0.062744,0.009277,1.020996,43.792,0.267176,0.938931,-0.091603
108100,-0.061523,0.004883,1.024170,43.806,0.251908,0.954198,-0.229008
108120,-0.062744,0.011230,1.019043,43.783,0.152672,0.954198,-0.045802
108141,-0.058838,0.006836,1.023438,43.792,0.229008,1.015267,-0.122137
108161,-0.061523,0.008545,1.028320,43.804,0.297710,1.045802,-0.030534
108180,-0.060547,0.010986,1.022949,43.795,0.290076,0.816794,-0.099237
108200,-0.059326,0.006592,1.017334,43.792,0.221374,0.938931,-0.221374
108220,-0.063477,0.006592,1.026367,43.833,0.206107,1.000000,-0.145038
108240,-0.064697,0.012451,1.016846,43.815,0.152672,0.916031,-0.091603
108260,-0.061523,0.011719,1.022949,43.789,0.290076,0.923664,-0.160305
108280,-0.062988,0.013916,1.028564,43.836,0.206107,0.961832,-0.343511
108300,-0.062988,0.012207,1.016602,43.789,0.083969,1.007634,-0.236641
108320,-0.064209,0.006104,1.024658,43.804,0.122137,1.030534,-0.114504
108340,-0.060059,0.010010,1.024170,43.812,0.190840,0.916031,-0.160305
108360,-0.060303,0.008057,1.016357,43.792,0.305344,0.870229,-0.114504
108380,-0.061035,0.009277,1.029785,43.798,0.236641,1.045802,-0.045802
108400,-0.064697,0.006348,1.025635,43.798,0.244275,0.893130,-0.099237
108420,-0.067383,0.009277,1.026367,43.795,0.236641,0.992366,-0.137405
108440,-0.060791,0.010986,1.023682,43.798,0.183206,1.137405,-0.198473
108460,-0.065918,0.010742,1.025635,43.795,0.335878,0.923664,-0.083969
108480,-0.063965,0.010254,1.026123,43.801,0.213740,1.000000,0.015267
108500,-0.063477,0.010010,1.024170,43.809,0.282443,0.931298,-0.061069
108521,-0.060791,0.011963,1.028076,43.795,0.267176,1.053435,-0.083969
108541,-0.061279,0.011475,1.023438,43.836,0.129771,1.000000,-0.068702
108560,-0.061523,0.010742,1.028076,43.804,0.190840,1.007634,-0.160305
108580,-0.062500,0.009277,1.023926,43.792,0.297710,0.992366,-0.129771
108600,-0.066162,0.007080,1.022217,43.804,0.183206,1.061069,-0.236641
108620,-0.062012,0.008789,1.023682,43.815,0.251908,1.022901,-0.305344
108640,-0.065918,0.007324,1.021240,43.780,0.183206,1.053435,-0.076336
108660,-0.066162,0.008301,1.027100,43.809,0.267176,0.923664,-0.137405
108680,-0.057373,0.006836,1.020752,43.801,0.267176,0.923664,-0.068702
108700,-0.066650,0.011719,1.026367,43.842,0.221374,0.938931,-0.175573
108720,-0.064453,0.010498,1.027588,43.818,0.312977,0.885496,-0.053435
108740,-0.064209,0.010742,1.023682,43.821,0.236641,1.053435,-0.183206
108760,-0.062012,0.004883,1.023193,43.792,0.274809,0.992366,-0.053435
108780,-0.064697,0.010010,1.016602,43.789,0.198473,0.877863,-0.236641
108800,-0.062744,0.009766,1.027344,43.806,0.282443,1.076336,-0.114504
108820,-0.065918,0.009277,1.025635,43.830,0.251908,0.984733,-0.137405
108840,-0.064209,0.009033,1.022217,43.801,0.290076,0.954198,0.000000
108860,-0.063477,0.013428,1.016113,43.818,0.221374,1.091603,-0.160305
108880,-0.060547,0.010498,1.026123,43.795,0.312977,0.893130,-0.068702
108901,-0.062500,0.008057,1.020752,43.809,0.351145,0.923664,-0.137405
108920,-0.060791,0.008789,1.020752,43.806,0.267176,0.900763,-0.122137
108940,-0.063965,0.013672,1.024170,43.812,0.175573,1.114504,-0.099237
108960,-0.064697,0.006836,1.020264,43.809,0.221374,0.916031,-0.030534
108980,-0.059326,0.014893,1.025391,43.827,0.129771,1.053435,-0.122137
109000,-0.061523,0.009521,1.030518,43.824,0.183206,0.977099,-0.061069
109020,-0.064453,0.005859,1.017090,43.786,0.244275,0.870229,-0.038168
109040,-0.064209,0.011230,1.019531,43.786,0.213740,0.946565,-0.129771
109060,-0.062500,0.009766,1.032227,43.827,0.190840,1.022901,-0.099237
109080,-0.066162,0.008057,1.022705,43.848,0.229008,0.923664,-0.106870
109100,-0.063721,0.007813,1.022461,43.821,0.198473,0.908397,-0.038168
109120,-0.061523,0.009277,1.020752,43.848,0.198473,0.954198,-0.175573
109140,-0.063965,0.005371,1.019287,43.804,0.305344,0.923664,-0.221374
109160,-0.066895,0.008545,1.024658,43.809,0.229008,0.984733,-0.198473
109180,-0.063721,0.012207,1.023926,43.833,0.282443,0.984733,-0.175573
109200,-0.064697,0.014404,1.022949,43.806,0.145038,0.954198,-0.129771
109220,-0.067627,0.009033,1.020752,43.836,0.221374,0.885496,-0.091603
109240,-0.060547,0.007324,1.024414,43.818,0.305344,0.938931,-0.190840
109260,-0.061523,0.006104,1.023193,43.798,0.229008,1.122137,-0.022901
109280,-0.067627,0.004639,1.025879,43.809,0.198473,0.992366,-0.068702
109300,-0.061035,0.011475,1.024414,43.827,0.198473,0.938931,-0.137405
109320,-0.061279,0.011475,1.025391,43.795,0.198473,1.007634,-0.145038
109340,-0.064697,0.010986,1.023438,43.815,0.236641,1.007634,-0.137405
109360,-0.061279,0.005615,1.022217,43.809,0.175573,1.091603,-0.137405
109380,-0.059814,0.009033,1.021973,43.795,0.129771,1.129771,-0.083969
109400,-0.060059,0.007324,1.026123,43.806,0.282443,0.931298,-0.106870
109420,-0.061279,0.012695,1.020752,43.804,0.290076,1.000000,-0.183206
109440,-0.063721,0.008057,1.028076,43.777,0.175573,1.000000,-0.083969
109461,-0.059570,0.012451,1.028076,43.806,0.244275,0.954198,-0.091603
109480,-0.062988,0.006836,1.020508,43.765,0.229008,0.908397,-0.152672
109500,-0.060547,0.009033,1.029785,43.795,0.351145,1.068702,-0.145038
109520,-0.059814,0.010742,1.025391,43.806,0.221374,1.015267,-0.122137
109540,-0.061523,0.010010,1.022949,43.812,0.267176,0.809160,-0.175573
109560,-0.065918,0.010986,1.027344,43.801,0.290076,0.900763,-0.083969
109580,-0.062012,0.007080,1.024414,43.801,0.152672,0.854962,-0.198473
109600,-0.058105,0.008789,1.027100,43.804,0.183206,0.946565,-0.045802
109620,-0.065674,0.011719,1.020996,43.786,0.206107,0.969466,-0.045802
109640,-0.064453,0.009766,1.027832,43.809,0.190840,0.931298,-0.106870
109660,-0.062256,0.009277,1.025146,43.806,0.229008,1.015267,-0.129771
109680,-0.062012,0.010010,1.023926,43.792,0.145038,1.030534,-0.244275
109700,-0.062988,0.010498,1.023682,43.815,0.152672,0.977099,-0.114504
109720,-0.063477,0.010742,1.023438,43.815,0.175573,0.977099,-0.022901
109740,-0.062744,0.015625,1.027588,43.827,0.183206,1.000000,-0.183206
109760,-0.062256,0.005615,1.016602,43.809,0.236641,0.931298,-0.145038
109780,-0.062012,0.008545,1.028320,43.798,0.190840,0.961832,-0.137405
109800,-0.063721,0.007324,1.024658,43.792,0.290076,1.015267,-0.160305
109820,-0.065430,0.011230,1.019775,43.830,0.206107,1.076336,-0.175573
109841,-0.062988,0.009521,1.026123,43.809,0.213740,0.992366,-0.099237
109860,-0.063477,0.012451,1.021240,43.833,0.259542,0.961832,-0.030534
109880,-0.063477,0.008057,1.023682,43.821,0.160305,0.977099,-0.145038
109900,-0.061035,0.009033,1.027832,43.806,0.190840,1.038168,0.007634
109920,-0.061279,0.009277,1.024658,43.795,0.206107,0.969466,-0.145038
109940,-0.062744,0.012695,1.025879,43.809,0.236641,0.992366,-0.007634
109960,-0.062500,0.006836,1.024414,43.830,0.244275,0.916031,-0.022901
109980,-0.061523,0.013184,1.021973,43.801,0.282443,1.106870,-0.068702
110000,-0.060059,0.012207,1.021729,43.827,0.221374,1.106870,-0.175573
110020,-0.065186,0.009277,1.023682,43.815,0.290076,0.977099,-0.083969
110040,-0.062500,0.008301,1.022949,43.783,0.198473,0.908397,-0.190840
110060,-0.064453,0.007813,1.020508,43.809,0.206107,1.015267,-0.114504
110080,-0.064697,0.007568,1.027832,43.804,0.274809,0.923664,-0.106870
110100,-0.062744,0.011963,1.024170,43.783,0.145038,1.000000,-0.167939
110120,-0.062256,0.010254,1.021240,43.789,0.267176,0.961832,-0.083969
110140,-0.063232,0.011963,1.026855,43.783,0.221374,0.854962,-0.221374
110160,-0.064697,0.010742,1.025635,43.809,0.190840,1.076336,-0.160305
110180,-0.065430,0.006104,1.024658,43.789,0.183206,1.053435,-0.213740
110200,-0.067139,0.011230,1.022461,43.824,0.312977,0.946565,-0.137405
110221,-0.065918,0.011475,1.016357,43.815,0.129771,1.099237,-0.213740
110241,-0.064697,0.011719,1.026855,43.792,0.312977,0.847328,-0.045802
110260,-0.066406,0.009521,1.017822,43.765,0.267176,0.900763,-0.076336
110280,-0.065430,0.011475,1.025146,43.798,0.343511,0.908397,-0.045802
110300,-0.062012,0.011230,1.026611,43.786,0.221374,0.946565,-0.175573
110320,-0.063721,0.010254,1.020264,43.815,0.236641,0.992366,-0.137405
110340,-0.062744,0.006592,1.024902,43.809,0.221374,1.122137,-0.190840
110360,-0.065186,0.011475,1.020508,43.809,0.206107,1.015267,-0.038168
110380,-0.063477,0.007324,1.025146,43.812,0.259542,0.916031,-0.145038
110400,-0.063965,0.011475,1.025635,43.786,0.297710,0.992366,-0.183206
110420,-0.062500,0.011719,1.019043,43.824,0.213740,1.030534,-0.091603
110440,-0.067627,0.007568,1.020020,43.804,0.229008,0.885496,-0.022901
110460,-0.060547,0.007324,1.021484,43.821,0.229008,1.007634,-0.160305
110480,-0.066650,0.009277,1.030518,43.801,0.312977,0.900763,-0.083969
110500,-0.062988,0.007568,1.019775,43.827,0.206107,1.030534,-0.122137
110520,-0.064453,0.010010,1.020020,43.815,0.244275,0.969466,-0.083969
110540,-0.058105,0.008301,1.020020,43.812,0.267176,0.992366,-0.076336
110560,-0.062988,0.011963,1.020264,43.827,0.236641,0.992366,-0.160305
110580,-0.064941,0.009277,1.031494,43.789,0.152672,0.969466,-0.083969
110600,-0.062988,0.009521,1.026123,43.812,0.282443,0.977099,-0.083969
110621,-0.064941,0.011719,1.022705,43.771,0.236641,0.938931,-0.068702
110640,-0.064697,0.010498,1.023682,43.806,0.122137,0.938931,-0.061069
110660,-0.062744,0.006836,1.028320,43.821,0.145038,0.954198,-0.175573
110680,-0.062988,0.012451,1.023682,43.824,0.251908,1.045802,-0.267176
110700,-0.061279,0.009033,1.028564,43.818,0.229008,1.068702,-0.160305
110720,-0.063721,0.013428,1.024902,43.809,0.312977,1.030534,-0.137405
110740,-0.063232,0.012451,1.020508,43.783,0.274809,0.969466,-0.106870
110760,-0.063965,0.008057,1.024902,43.815,0.229008,0.893130,-0.297710
110780,-0.062012,0.011719,1.028564,43.821,0.129771,1.015267,-0.061069
110800,-0.066895,0.009521,1.027344,43.830,0.320611,1.061069,-0.106870
110820,-0.062500,0.008789,1.029541,43.777,0.160305,0.946565,-0.114504
110840,-0.064453,0.009033,1.030029,43.806,0.152672,0.900763,-0.137405
110860,-0.064697,0.011475,1.029541,43.806,0.244275,1.022901,-0.160305
110880,-0.057861,0.004639,1.019775,43.801,0.206107,1.083969,-0.167939
110900,-0.061768,0.010986,1.020508,43.815,0.236641,1.083969,-0.099237
110920,-0.062012,0.007324,1.018555,43.780,0.297710,0.984733,-0.282443
110940,-0.060059,0.009033,1.028564,43.815,0.198473,0.977099,-0.076336
110960,-0.066162,0.009521,1.026123,43.774,0.137405,1.038168,-0.183206
110980,-0.067627,0.008301,1.025391,43.801,0.190840,0.893130,-0.183206
111001,-0.062256,0.012451,1.023682,43.827,0.167939,1.053435,-0.114504
111020,-0.062012,0.006592,1.022705,43.789,0.267176,0.961832,-0.068702
111040,-0.061279,0.007080,1.024170,43.818,0.267176,0.977099,-0.068702
111060,-0.065674,0.008057,1.018799,43.801,0.282443,0.923664,-0.175573
111080,-0.063232,0.008789,1.024658,43.821,0.236641,0.916031,-0.244275
111100,-0.065918,0.011719,1.023438,43.812,0.290076,0.931298,-0.137405
111120,-0.060547,0.010986,1.020752,43.792,0.267176,0.992366,0.000000
111140,-0.065430,0.010498,1.025635,43.786,0.198473,1.007634,-0.076336
111160,-0.065430,0.008545,1.019287,43.789,0.282443,0.931298,-0.106870
111180,-0.061035,0.012939,1.024902,43.786,0.190840,0.961832,-0.175573
111200,-0.069092,0.009033,1.028809,43.804,0.259542,0.984733,-0.137405
111220,-0.060791,0.006592,1.022217,43.815,0.160305,1.091603,-0.122137
111240,-0.061523,0.009277,1.029785,43.789,0.267176,0.977099,-0.175573
111260,-0.063965,0.010986,1.028809,43.806,0.229008,0.854962,-0.099237
111280,-0.061768,0.010742,1.026123,43.777,0.106870,1.030534,-0.190840
111300,-0.058838,0.009033,1.022461,43.786,0.198473,1.030534,-0.251908
111320,-0.065674,0.005859,1.020752,43.809,0.229008,1.022901,-0.167939
111340,-0.061035,0.010010,1.024414,43.812,0.297710,0.938931,-0.175573
111360,-0.063477,0.011475,1.021729,43.792,0.152672,0.900763,-0.137405
111381,-0.060059,0.007568,1.023193,43.809,0.152672,1.076336,-0.175573
111400,-0.061768,0.013672,1.025146,43.842,0.137405,1.007634,-0.137405
111420,-0.058350,0.006592,1.020264,43.821,0.274809,0.862595,-0.152672
111440,-0.066406,0.010986,1.028076,43.809,0.183206,1.007634,-0.183206
111460,-0.065674,0.011230,1.026855,43.827,0.068702,1.007634,-0.068702
111480,-0.060059,0.012207,1.024902,43.809,0.206107,0.854962,-0.106870
111500,-0.063232,0.011475,1.022949,43.809,0.244275,1.152672,0.007634
111520,-0.062744,0.013916,1.020508,43.809,0.229008,1.015267,-0.175573
111540,-0.063721,0.012207,1.031250,43.833,0.213740,0.900763,-0.038168
111560,-0.063965,0.011963,1.031738,43.804,0.236641,1.038168,-0.129771
111580,-0.062500,0.010010,1.027344,43.815,0.160305,1.000000,-0.076336
111600,-0.062988,0.015381,1.029053,43.789,0.167939,0.984733,-0.137405
111620,-0.063477,0.009277,1.030273,43.786,0.251908,1.038168,-0.206107
111640,-0.063477,0.011963,1.017334,43.789,0.259542,0.938931,-0.068702
111660,-0.065674,0.009521,1.018066,43.804,0.236641,0.992366,-0.106870
111680,-0.063477,0.007080,1.023682,43.783,0.282443,0.946565,-0.106870
111700,-0.062988,0.011719,1.022461,43.812,0.206107,1.083969,-0.106870
111720,-0.064453,0.007568,1.022949,43.806,0.290076,1.083969,-0.030534
111740,-0.060791,0.008301,1.026367,43.801,0.229008,0.908397,-0.038168
111760,-0.067383,0.010742,1.024414,43.809,0.282443,0.992366,-0.137405
111780,-0.065430,0.008545,1.027100,43.821,0.122137,1.000000,-0.198473
111800,-0.063721,0.006348,1.029541,43.824,0.221374,1.076336,-0.137405
111820,-0.062988,0.009766,1.017822,43.827,0.198473,1.061069,-0.160305
111840,-0.059814,0.009521,1.027344,43.795,0.282443,0.984733,-0.091603
111860,-0.064697,0.008057,1.020752,43.795,0.381679,1.030534,-0.290076
111880,-0.067871,0.007813,1.024170,43.804,0.175573,1.076336,-0.076336
111901,-0.062988,0.016113,1.017578,43.789,0.198473,0.923664,-0.183206
111920,-0.063477,0.007813,1.022705,43.786,0.091603,1.038168,-0.175573
111940,-0.063721,0.009033,1.017822,43.795,0.183206,1.106870,-0.137405
111960,-0.065186,0.013916,1.023682,43.795,0.183206,1.015267,-0.137405
111980,-0.062744,0.010986,1.031494,43.809,0.213740,0.900763,-0.106870
112000,-0.062500,0.009766,1.019531,43.798,0.267176,0.992366,-0.137405
112020,-0.064453,0.008545,1.026123,43.821,0.290076,1.061069,-0.053435
112040,-0.063477,0.011475,1.025146,43.827,0.206107,1.045802,-0.160305
112060,-0.066895,0.008301,1.021729,43.824,0.152672,1.030534,-0.221374
112080,-0.063965,0.006592,1.029297,43.789,0.244275,0.969466,-0.091603
112100,-0.060303,0.013672,1.022217,43.812,0.259542,0.977099,-0.152672
112120,-0.061279,0.007080,1.020996,43.818,0.175573,1.137405,-0.167939
112140,-0.062988,0.012207,1.020996,43.795,0.206107,1.114504,-0.137405
112160,-0.066162,0.011475,1.020264,43.804,0.343511,0.931298,-0.137405
112180,-0.062256,0.006592,1.022949,43.821,0.312977,0.885496,-0.114504
112200,-0.065186,0.007813,1.018311,43.824,0.244275,0.824428,-0.076336
112220,-0.063721,0.006836,1.021729,43.827,0.198473,0.969466,-0.221374
112240,-0.062500,0.009521,1.022461,43.815,0.206107,0.938931,-0.030534
112260,-0.060547,0.007568,1.023438,43.815,0.221374,0.809160,-0.099237
112280,-0.062256,0.007813,1.022217,43.795,0.267176,1.007634,-0.114504
112301,-0.065430,0.008545,1.026123,43.783,0.167939,1.038168,-0.099237
112320,-0.059326,0.007813,1.028809,43.824,0.129771,0.984733,-0.259542
112340,-0.061768,0.011719,1.022705,43.780,0.229008,0.984733,-0.083969
112360,-0.066406,0.010498,1.020020,43.798,0.221374,1.083969,-0.106870
112380,-0.062744,0.009766,1.027832,43.821,0.274809,0.992366,-0.213740
112400,-0.062744,0.012451,1.026367,43.833,0.259542,1.045802,-0.282443
112420,-0.061768,0.010254,1.024414,43.836,0.290076,0.984733,-0.061069
112440,-0.059570,0.013184,1.028809,43.821,0.145038,1.122137,-0.068702
112460,-0.065186,0.008545,1.025879,43.809,0.160305,0.984733,-0.229008
112480,-0.063232,0.007813,1.030029,43.798,0.267176,0.931298,-0.137405
112500,-0.062744,0.010010,1.024658,43.795,0.190840,0.931298,-0.068702
112520,-0.059814,0.011719,1.016113,43.792,0.206107,1.015267,-0.167939
112540,-0.062744,0.010742,1.020752,43.824,0.221374,0.961832,-0.198473
112560,-0.063232,0.006348,1.019287,43.809,0.274809,0.923664,0.007634
112580,-0.062256,0.010498,1.023682,43.806,0.175573,0.969466,-0.061069
112600,-0.062012,0.010498,1.030029,43.821,0.297710,1.061069,-0.015267
112620,-0.065674,0.010742,1.021973,43.827,0.236641,0.954198,-0.099237
112640,-0.061768,0.006104,1.020996,43.806,0.221374,0.992366,-0.190840
112660,-0.062744,0.012695,1.023193,43.812,0.175573,1.000000,-0.129771
112681,-0.059326,0.010986,1.022949,43.798,0.229008,0.908397,-0.083969
112700,-0.063965,0.007080,1.028076,43.798,0.236641,1.015267,-0.114504
112720,-0.062256,0.007080,1.022217,43.801,0.229008,1.038168,-0.091603
112740,-0.064941,0.010010,1.024902,43.833,0.259542,0.961832,-0.137405
112760,-0.057861,0.010254,1.019775,43.812,0.259542,0.916031,0.007634
112780,-0.059814,0.009766,1.020996,43.818,0.282443,1.038168,-0.175573
112800,-0.062256,0.008545,1.028320,43.806,0.213740,1.007634,-0.183206
112820,-0.060791,0.003418,1.021240,43.806,0.206107,0.908397,-0.190840
112840,-0.063477,0.008789,1.024902,43.795,0.297710,0.969466,-0.091603
112860,-0.063477,0.011963,1.024414,43.824,0.145038,0.984733,-0.007634
112880,-0.064697,0.008789,1.017090,43.830,0.190840,0.984733,-0.091603
112900,-0.059814,0.009033,1.014404,43.815,0.259542,1.007634,-0.091603
112920,-0.063477,0.011963,1.026367,43.804,0.312977,1.000000,-0.083969
112940,-0.062744,0.010742,1.020020,43.806,0.145038,1.000000,-0.129771
112960,-0.065430,0.006836,1.020020,43.821,0.244275,0.946565,-0.167939
112980,-0.064941,0.008057,1.026855,43.830,0.312977,1.061069,-0.053435
113000,-0.060059,0.005127,1.026611,43.801,0.175573,1.000000,-0.114504
113020,-0.061279,0.009277,1.022217,43.809,0.297710,0.977099,-0.129771
113040,-0.060791,0.008789,1.023682,43.833,0.244275,0.885496,-0.099237
113061,-0.064209,0.011963,1.024414,43.809,0.213740,1.068702,-0.099237
113081,-0.061279,0.011475,1.026855,43.795,0.183206,0.954198,-0.106870
113100,-0.064453,0.005371,1.019775,43.818,0.160305,0.946565,-0.053435
113120,-0.066406,0.008545,1.019775,43.812,0.206107,1.045802,-0.244275
113140,-0.068848,0.010010,1.022217,43.798,0.236641,0.916031,-0.183206
113160,-0.061279,0.010254,1.032227,43.801,0.221374,1.091603,-0.160305
113180,-0.061523,0.009766,1.024658,43.833,0.251908,0.870229,-0.076336
113200,-0.063721,0.010742,1.028320,43.806,0.229008,1.038168,-0.145038
113220,-0.061035,0.011230,1.020264,43.821,0.312977,1.106870,-0.137405
113240,-0.060059,0.009277,1.019531,43.824,0.190840,1.000000,-0.091603
113260,-0.064697,0.010498,1.022705,43.845,0.213740,1.000000,-0.137405
113280,-0.065430,0.011963,1.022705,43.839,0.251908,1.114504,-0.206107
113300,-0.065918,0.010010,1.028320,43.809,0.282443,0.961832,-0.091603
113320,-0.062500,0.009521,1.025391,43.815,0.213740,1.091603,-0.129771
113340,-0.063477,0.009277,1.025879,43.798,0.190840,0.992366,-0.145038
113360,-0.063232,0.008789,1.026123,43.842,0.290076,0.847328,-0.160305
113380,-0.065430,0.012207,1.022949,43.792,0.229008,0.969466,-0.122137
113400,-0.060791,0.009766,1.021973,43.815,0.190840,0.954198,-0.221374
113420,-0.061768,0.008301,1.023926,43.804,0.267176,1.045802,-0.137405
113441,-0.065674,0.010986,1.022461,43.798,0.190840,0.908397,-0.022901
113460,-0.062012,0.011963,1.020020,43.824,0.152672,0.961832,-0.152672
113480,-0.063232,0.010254,1.022461,43.830,0.320611,1.038168,-0.106870
113500,-0.065186,0.004883,1.026855,43.812,0.259542,0.938931,-0.129771
113520,-0.063232,0.013428,1.022217,43.815,0.190840,0.984733,-0.244275
113540,-0.063721,0.007324,1.022461,43.804,0.282443,0.992366,-0.106870
113560,-0.066162,0.006836,1.021240,43.806,0.198473,0.961832,-0.145038
113580,-0.063721,0.010986,1.021973,43.798,0.114504,1.137405,-0.114504
113600,-0.061768,0.010254,1.020996,43.818,0.213740,0.847328,-0.167939
113620,-0.061768,0.008057,1.024658,43.801,0.198473,1.007634,-0.114504
113640,-0.064941,0.010010,1.022217,43.833,0.175573,0.984733,-0.091603
113660,-0.064697,0.009033,1.024170,43.815,0.236641,0.832061,-0.122137
113680,-0.068359,0.009033,1.026611,43.804,0.175573,1.000000,-0.053435
113700,-0.062012,0.009521,1.015869,43.801,0.297710,0.992366,-0.160305
113720,-0.059814,0.011230,1.026855,43.830,0.229008,0.946565,-0.022901
113740,-0.058594,0.010254,1.025391,43.789,0.251908,0.984733,-0.229008
113760,-0.061768,0.010010,1.020996,43.809,0.366412,0.931298,-0.152672
113780,-0.067627,0.007568,1.022217,43.801,0.122137,0.954198,-0.137405
113800,-0.064941,0.011475,1.022949,43.812,0.213740,0.954198,-0.137405
113821,-0.061523,0.004395,1.020752,43.798,0.206107,1.015267,-0.145038
113840,-0.065674,0.008545,1.017822,43.795,0.213740,0.954198,-0.106870
113860,-0.063477,0.010498,1.024170,43.812,0.068702,0.992366,-0.167939
113880,-0.061279,0.006348,1.027100,43.830,0.167939,1.007634,-0.175573
113900,-0.064697,0.011230,1.027344,43.809,0.274809,1.030534,-0.106870
113920,-0.064697,0.008301,1.020508,43.821,0.259542,0.954198,-0.175573
113940,-0.063965,0.005859,1.024658,43.806,0.213740,0.885496,-0.152672
113961,-0.061523,0.015381,1.029785,43.821,0.251908,0.923664,-0.038168
113980,-0.059814,0.008789,1.020020,43.792,0.236641,0.977099,-0.114504
114000,-0.062256,0.008301,1.026611,43.806,0.167939,0.946565,-0.183206
114020,-0.065186,0.007813,1.028076,43.833,0.244275,1.007634,-0.099237
114040,-0.063721,0.011963,1.028076,43.801,0.305344,1.061069,-0.091603
114060,-0.065674,0.015137,1.022705,43.804,0.229008,0.984733,-0.099237
114080,-0.069092,0.008545,1.021240,43.830,0.152672,0.946565,-0.022901
114100,-0.063232,0.008545,1.023682,43.801,0.229008,1.053435,-0.175573
114120,-0.058350,0.012939,1.024902,43.818,0.213740,0.977099,-0.106870
114140,-0.066162,0.008789,1.026123,43.821,0.183206,1.015267,-0.061069
114160,-0.063232,0.013672,1.019043,43.815,0.282443,1.000000,-0.083969
114180,-0.060547,0.010498,1.020752,43.827,0.229008,1.106870,-0.061069
114200,-0.060791,0.005127,1.017090,43.845,0.251908,1.091603,-0.137405
114220,-0.061523,0.008789,1.020996,43.851,0.229008,0.938931,-0.076336
114240,-0.060791,0.008301,1.026367,43.806,0.183206,0.984733,-0.022901
114260,-0.058594,0.009033,1.018555,43.812,0.160305,0.946565,-0.129771
114280,-0.067139,0.007080,1.022949,43.806,0.076336,0.923664,-0.068702
114300,-0.066650,0.005371,1.025391,43.798,0.183206,0.908397,-0.236641
114320,-0.066406,0.009033,1.025146,43.836,0.305344,0.900763,-0.068702
114340,-0.063477,0.008545,1.024658,43.798,0.335878,0.938931,-0.091603
114360,-0.065430,0.008057,1.027832,43.801,0.221374,0.916031,-0.145038
114381,-0.057861,0.010254,1.026367,43.804,0.106870,1.015267,-0.282443
114400,-0.064941,0.007080,1.022217,43.824,0.244275,1.015267,-0.167939
114420,-0.060547,0.009521,1.023682,43.824,0.328244,0.969466,-0.244275
114440,-0.059082,0.007324,1.024170,43.833,0.251908,0.946565,-0.091603
114460,-0.066650,0.008789,1.024658,43.798,0.206107,1.030534,-0.083969
114480,-0.061035,0.009521,1.020752,43.812,0.198473,0.992366,-0.152672
114500,-0.061523,0.007813,1.017334,43.845,0.183206,0.938931,-0.183206
114520,-0.064453,0.012207,1.022949,43.839,0.175573,0.900763,-0.114504
114540,-0.062256,0.007080,1.028076,43.824,0.167939,1.007634,-0.114504
114560,-0.061035,0.012451,1.022461,43.806,0.274809,0.893130,-0.213740
114580,-0.067139,0.012207,1.027832,43.806,0.305344,0.923664,-0.053435
114600,-0.067139,0.010498,1.017578,43.795,0.175573,1.007634,-0.099237
114620,-0.064209,0.006104,1.024170,43.845,0.305344,0.977099,-0.030534
114640,-0.060059,0.006592,1.022705,43.824,0.213740,0.984733,-0.160305
114660,-0.066406,0.009277,1.023438,43.806,0.167939,0.946565,-0.137405
114680,-0.065430,0.011230,1.019775,43.783,0.183206,1.091603,-0.137405
114700,-0.063721,0.007813,1.026855,43.848,0.160305,0.946565,-0.068702
114720,-0.060791,0.012207,1.025635,43.786,0.229008,0.961832,-0.183206
114740,-0.063965,0.008789,1.024170,43.792,0.190840,0.908397,-0.099237
114760,-0.063965,0.007568,1.028809,43.821,0.198473,0.893130,-0.167939
114781,-0.064697,0.005859,1.019287,43.812,0.167939,0.977099,-0.129771
114800,-0.065430,0.010010,1.018799,43.833,0.282443,0.984733,-0.076336
114820,-0.064453,0.009766,1.023438,43.812,0.236641,1.000000,-0.083969
114840,-0.062500,0.011230,1.023438,43.801,0.229008,1.030534,-0.106870
114860,-0.064209,0.007324,1.024414,43.801,0.221374,1.000000,-0.206107
114880,-0.063477,0.009521,1.021484,43.821,0.198473,0.946565,-0.091603
114900,-0.062744,0.012207,1.016602,43.818,0.167939,0.900763,-0.038168
114920,-0.062988,0.011230,1.020508,43.821,0.236641,1.007634,-0.076336
114940,-0.066162,0.007080,1.017090,43.815,0.221374,0.938931,0.000000
114960,-0.068359,0.010498,1.024170,43.833,0.251908,0.992366,-0.137405
114980,-0.063232,0.010498,1.022461,43.842,0.229008,1.053435,-0.122137
115000,-0.064697,0.013428,1.026611,43.824,0.312977,1.015267,-0.030534
115020,-0.063232,0.008789,1.018066,43.830,0.213740,1.083969,-0.114504
115040,-0.063477,0.009521,1.024414,43.812,0.221374,1.015267,-0.099237
115060,-0.065186,0.009277,1.023926,43.818,0.244275,0.832061,-0.236641
115080,-0.063477,0.008545,1.020020,43.818,0.221374,0.938931,-0.259542
115100,-0.063721,0.008789,1.025391,43.836,0.267176,0.961832,-0.106870
115120,-0.069092,0.010010,1.021484,43.827,0.267176,1.061069,-0.076336
115140,-0.066406,0.007324,1.021973,43.815,0.175573,0.931298,-0.030534
115161,-0.059570,0.013672,1.020264,43.818,0.213740,0.954198,-0.221374
115180,-0.064697,0.010498,1.020752,43.795,0.183206,0.854962,-0.061069
115200,-0.062012,0.009766,1.018066,43.806,0.183206,1.007634,-0.061069
115220,-0.063965,0.010742,1.019043,43.809,0.213740,0.969466,-0.129771
115240,-0.063965,0.010010,1.022705,43.798,0.274809,1.015267,-0.022901
115260,-0.061035,0.010010,1.027100,43.827,0.175573,0.832061,-0.129771
115280,-0.063477,0.006104,1.020508,43.818,0.213740,0.946565,-0.129771
115300,-0.064209,0.009033,1.024902,43.851,0.198473,0.900763,-0.106870
115320,-0.065186,0.010254,1.024170,43.818,0.274809,0.992366,-0.167939
115340,-0.060791,0.010498,1.022949,43.801,0.167939,1.000000,-0.114504
115360,-0.062500,0.010254,1.020996,43.809,0.213740,0.923664,-0.213740
115380,-0.064941,0.009521,1.030518,43.851,0.274809,0.908397,-0.106870
115400,-0.068115,0.014893,1.028564,43.830,0.129771,0.969466,-0.175573
115420,-0.065674,0.011475,1.023926,43.833,0.229008,0.931298,-0.183206
115440,-0.068359,0.009033,1.023682,43.845,0.244275,1.091603,-0.099237
115460,-0.062744,0.010010,1.034668,43.812,0.236641,0.839695,-0.083969
115480,-0.063965,0.011475,1.022217,43.801,0.267176,0.969466,-0.091603
115500,-0.062500,0.008301,1.022217,43.821,0.229008,0.908397,-0.160305
115520,-0.062012,0.011963,1.021484,43.833,0.183206,1.114504,-0.114504
115541,-0.064453,0.011963,1.022461,43.815,0.145038,0.961832,-0.114504
115560,-0.066406,0.006592,1.025879,43.812,0.137405,0.961832,-0.152672
115580,-0.062500,0.010986,1.020020,43.818,0.229008,0.847328,-0.190840
115600,-0.068115,0.007324,1.023193,43.839,0.267176,0.908397,-0.122137
115620,-0.064453,0.011719,1.025391,43.815,0.106870,1.106870,-0.145038
115640,-0.066406,0.010742,1.027344,43.818,0.213740,0.984733,-0.030534
115660,-0.058838,0.010986,1.020020,43.827,0.282443,1.053435,-0.167939
115680,-0.062256,0.006592,1.022949,43.827,0.198473,0.954198,-0.076336
115700,-0.064697,0.008545,1.022949,43.845,0.297710,1.000000,-0.259542
115720,-0.061279,0.010742,1.025146,43.833,0.160305,1.053435,-0.114504
115740,-0.066162,0.006104,1.021973,43.809,0.206107,0.839695,-0.129771
115760,-0.061768,0.007080,1.021484,43.798,0.244275,0.946565,-0.198473
115780,-0.063232,0.008301,1.025391,43.798,0.259542,0.977099,-0.114504
115800,-0.063477,0.009521,1.024902,43.827,0.206107,1.007634,-0.198473
115820,-0.063232,0.008545,1.020996,43.830,0.229008,0.984733,-0.038168
115840,-0.064697,0.010498,1.024414,43.812,0.129771,1.022901,-0.175573
115860,-0.063721,0.010254,1.022461,43.789,0.206107,1.000000,-0.106870
115880,-0.064453,0.010010,1.025879,43.833,0.175573,1.030534,-0.145038
115901,-0.061035,0.011719,1.024170,43.821,0.099237,0.931298,-0.137405
115920,-0.066895,0.012939,1.029541,43.824,0.213740,1.083969,-0.091603
115940,-0.065430,0.008545,1.026611,43.798,0.152672,0.992366,-0.114504
115960,-0.060791,0.010986,1.024658,43.839,0.129771,0.946565,-0.083969
115980,-0.070068,0.006592,1.022705,43.821,0.152672,0.900763,-0.099237
116000,-0.060059,0.009033,1.020264,43.827,0.206107,0.946565,-0.236641
116020,-0.066162,0.008301,1.028076,43.836,0.244275,0.793893,-0.160305
116040,-0.066406,0.011230,1.021973,43.801,0.206107,1.129771,-0.167939
116060,-0.063232,0.010742,1.024414,43.815,0.160305,0.938931,-0.137405
116080,-0.064209,0.007324,1.026123,43.798,0.190840,0.992366,-0.152672
116100,-0.065430,0.010254,1.022461,43.830,0.267176,1.106870,-0.190840
116120,-0.063232,0.008545,1.022461,43.821,0.267176,1.015267,-0.236641
116140,-0.064941,0.012207,1.027588,43.798,0.160305,0.816794,-0.106870
116160,-0.063477,0.011719,1.024414,43.809,0.221374,0.961832,-0.167939
116180,-0.064697,0.012207,1.024658,43.812,0.145038,1.015267,-0.076336
116200,-0.063477,0.011475,1.018799,43.815,0.183206,1.053435,-0.083969
116220,-0.064697,0.010742,1.027344,43.818,0.167939,0.923664,-0.145038
116240,-0.066162,0.012451,1.028076,43.818,0.213740,0.984733,-0.099237
116260,-0.064209,0.011475,1.026367,43.804,0.213740,0.900763,-0.061069
116281,-0.062500,0.014160,1.026367,43.806,0.091603,0.931298,-0.190840
116300,-0.063477,0.009277,1.027588,43.804,0.229008,0.977099,-0.145038
116320,-0.066162,0.008301,1.022217,43.821,0.190840,1.053435,-0.152672
116340,-0.062744,0.010742,1.024414,43.848,0.290076,0.916031,-0.145038
116360,-0.066162,0.009521,1.022949,43.809,0.251908,0.854962,-0.167939
116380,-0.064209,0.010010,1.021729,43.833,0.221374,0.931298,-0.213740
116401,-0.062988,0.011230,1.016113,43.848,0.236641,1.122137,-0.160305
116421,-0.062988,0.013672,1.029785,43.792,0.221374,1.000000,-0.122137
116440,-0.064697,0.010498,1.021729,43.809,0.221374,1.083969,-0.091603
116460,-0.060547,0.009033,1.029297,43.815,0.190840,0.900763,-0.251908
116480,-0.066162,0.008057,1.027100,43.812,0.229008,0.862595,-0.198473
116500,-0.065674,0.008545,1.020264,43.833,0.259542,0.954198,-0.145038
116520,-0.065430,0.008789,1.025879,43.830,0.160305,0.931298,-0.083969
116540,-0.060791,0.009033,1.025635,43.830,0.160305,1.053435,-0.213740
116560,-0.060303,0.012451,1.024170,43.804,0.297710,1.015267,-0.190840
116580,-0.066895,0.011230,1.027832,43.801,0.221374,1.068702,-0.175573
116600,-0.058594,0.008789,1.024658,43.798,0.244275,0.870229,-0.076336
116620,-0.065430,0.009766,1.025635,43.824,0.312977,0.969466,-0.152672
116640,-0.059082,0.010010,1.021240,43.809,0.267176,0.916031,-0.083969
116660,-0.063477,0.007080,1.017334,43.809,0.251908,1.007634,-0.114504
116680,-0.059326,0.005859,1.019775,43.815,0.190840,0.969466,-0.183206
116700,-0.059082,0.008545,1.018066,43.848,0.297710,1.015267,-0.129771
116720,-0.064453,0.008301,1.032471,43.804,0.328244,0.885496,-0.183206
116740,-0.063477,0.015137,1.021729,43.818,0.122137,0.992366,-0.190840
116760,-0.056885,0.004639,1.025391,43.809,0.305344,0.969466,-0.106870
116780,-0.062988,0.007324,1.022705,43.789,0.175573,0.931298,-0.114504
116800,-0.060059,0.010742,1.024170,43.815,0.267176,0.961832,-0.114504
116821,-0.061768,0.009521,1.024414,43.801,0.129771,1.061069,-0.099237
116840,-0.062256,0.007324,1.019531,43.827,0.244275,1.015267,-0.206107
116860,-0.065186,0.011719,1.022217,43.830,0.290076,1.030534,-0.076336
116880,-0.064209,0.012207,1.019775,43.818,0.221374,0.961832,-0.045802
116900,-0.062012,0.011230,1.024170,43.827,0.221374,0.908397,-0.160305
116920,-0.065430,0.006592,1.022705,43.812,0.183206,1.000000,-0.114504
116940,-0.066162,0.013916,1.016846,43.809,0.198473,0.977099,-0.190840
116960,-0.063477,0.011963,1.024170,43.845,0.229008,1.022901,-0.083969
116980,-0.061279,0.012451,1.020508,43.792,0.259542,1.083969,-0.167939
117000,-0.063721,0.006104,1.024658,43.830,0.259542,0.862595,-0.022901
117020,-0.063965,0.013184,1.020752,43.809,0.251908,0.977099,-0.160305
117040,-0.059570,0.010986,1.028320,43.827,0.206107,1.015267,-0.183206
117060,-0.065674,0.009277,1.015381,43.809,0.190840,0.992366,-0.022901
117080,-0.064209,0.012207,1.027588,43.795,0.259542,1.122137,-0.145038
117100,-0.064209,0.012939,1.027588,43.806,0.160305,1.000000,-0.160305
117120,-0.060791,0.008057,1.023926,43.821,0.160305,1.030534,-0.091603
117140,-0.065186,0.010498,1.021484,43.818,0.213740,1.007634,-0.106870
117160,-0.066650,0.010986,1.020752,43.818,0.175573,0.877863,-0.091603
117180,-0.064209,0.009033,1.023682,43.812,0.229008,0.954198,-0.137405
117201,-0.065430,0.010742,1.022461,43.839,0.206107,1.038168,-0.114504
117220,-0.065918,0.007813,1.025879,43.845,0.137405,1.007634,-0.038168
117240,-0.057129,0.010498,1.026855,43.821,0.312977,0.954198,-0.091603
117260,-0.058105,0.007568,1.018311,43.815,0.167939,0.931298,-0.099237
117280,-0.062988,0.009033,1.023193,43.833,0.328244,0.977099,-0.106870
117300,-0.064453,0.009766,1.020508,43.842,0.267176,0.931298,-0.099237
117320,-0.058105,0.007324,1.023682,43.815,0.198473,1.038168,-0.206107
117340,-0.060547,0.008789,1.024902,43.824,0.213740,0.938931,-0.129771
117360,-0.063232,0.012695,1.025879,43.818,0.213740,0.984733,-0.145038
117380,-0.059814,0.008545,1.024658,43.801,0.114504,1.068702,-0.122137
117400,-0.061523,0.006592,1.023193,43.818,0.152672,1.122137,-0.183206
117420,-0.060791,0.009277,1.024170,43.836,0.229008,0.969466,0.053435
117440,-0.063721,0.009033,1.030518,43.806,0.274809,1.007634,-0.114504
117460,-0.060791,0.010986,1.020508,43.809,0.290076,1.022901,-0.053435
117480,-0.061523,0.010742,1.022217,43.827,0.251908,0.916031,-0.145038
117500,-0.061768,0.006836,1.020752,43.815,0.236641,1.000000,-0.160305
117520,-0.062012,0.010010,1.021729,43.786,0.183206,1.068702,-0.190840
117540,-0.067627,0.010498,1.025879,43.842,0.206107,1.061069,-0.030534
117560,-0.063965,0.009766,1.022217,43.824,0.251908,1.061069,-0.198473
117581,-0.061523,0.006836,1.026855,43.824,0.206107,1.007634,-0.106870
117600,-0.062500,0.006836,1.021484,43.824,0.221374,0.969466,-0.122137
117620,-0.060547,0.010742,1.019287,43.833,0.190840,1.022901,-0.167939
117640,-0.060303,0.011475,1.026123,43.812,0.259542,1.022901,-0.167939
117660,-0.064453,0.012451,1.024658,43.821,0.343511,1.053435,-0.167939
117680,-0.061523,0.012207,1.018066,43.804,0.236641,0.923664,-0.129771
117700,-0.061523,0.010254,1.029297,43.812,0.251908,0.893130,-0.076336
117720,-0.062500,0.010986,1.023438,43.839,0.251908,1.007634,-0.122137
117740,-0.066162,0.012451,1.024414,43.845,0.290076,0.992366,-0.076336
117760,-0.064941,0.008545,1.025146,43.795,0.251908,0.923664,-0.061069
117780,-0.062500,0.011230,1.029541,43.809,0.282443,1.076336,-0.190840
117800,-0.065186,0.011475,1.023926,43.789,0.267176,0.893130,-0.213740
117820,-0.065674,0.010254,1.024170,43.795,0.129771,1.030534,-0.083969
117840,-0.062012,0.005371,1.024658,43.818,0.152672,0.946565,-0.145038
117860,-0.064209,0.010498,1.025635,43.830,0.236641,0.893130,-0.175573
117880,-0.062012,0.010498,1.026123,43.815,0.259542,0.885496,-0.099237
117900,-0.064453,0.010254,1.018311,43.815,0.259542,1.022901,-0.091603
117920,-0.063232,0.006104,1.022217,43.804,0.236641,0.969466,-0.099237
117941,-0.061768,0.006836,1.021484,43.824,0.229008,0.992366,-0.221374
117961,-0.056885,0.007080,1.011963,43.865,0.221374,0.992366,-0.122137
117980,-0.057861,0.010498,1.020996,43.836,0.236641,0.946565,-0.129771
118000,-0.065430,0.015381,1.023438,43.809,0.221374,0.916031,-0.076336
118020,-0.059570,0.007568,1.019287,43.827,0.297710,0.870229,-0.152672
118040,-0.063477,0.004883,1.021729,43.809,0.137405,1.038168,-0.129771
118060,-0.059082,0.011230,1.028809,43.827,0.152672,0.916031,-0.190840
118080,-0.062012,0.013428,1.019531,43.830,0.167939,1.030534,-0.160305
118100,-0.062988,0.005859,1.020508,43.821,0.229008,0.916031,-0.206107
118120,-0.058838,0.005859,1.022705,43.815,0.290076,0.824428,-0.091603
118140,-0.063965,0.009521,1.026123,43.833,0.183206,0.977099,-0.045802
118160,-0.064209,0.013428,1.030029,43.830,0.274809,1.007634,-0.122137
118180,-0.061523,0.011475,1.020996,43.818,0.267176,1.045802,-0.183206
118200,-0.061523,0.006836,1.028076,43.809,0.206107,1.022901,-0.244275
118220,-0.058594,0.010742,1.020508,43.786,0.297710,1.053435,-0.068702
118240,-0.065674,0.011230,1.019287,43.815,0.244275,0.992366,-0.045802
118260,-0.063965,0.005127,1.020752,43.798,0.198473,0.961832,-0.167939
118280,-0.065186,0.011963,1.023193,43.818,0.190840,1.106870,-0.190840
118300,-0.067383,0.006592,1.020996,43.806,0.282443,1.038168,-0.099237
118320,-0.062012,0.010010,1.022217,43.836,0.282443,0.984733,-0.190840
118341,-0.064209,0.011719,1.022949,43.818,0.282443,0.923664,-0.137405
118360,-0.061523,0.009033,1.021973,43.827,0.267176,0.900763,-0.015267
118380,-0.062500,0.007568,1.025391,43.809,0.152672,0.870229,-0.015267
118400,-0.063721,0.008301,1.017578,43.798,0.282443,0.847328,-0.022901
118420,-0.061035,0.007568,1.019531,43.801,0.221374,1.061069,-0.160305
118440,-0.062744,0.007324,1.020508,43.809,0.221374,0.885496,-0.015267
118460,-0.060303,0.008057,1.017822,43.821,0.175573,1.129771,-0.022901
118480,-0.067627,0.010254,1.021973,43.859,0.290076,0.977099,-0.068702
118500,-0.062500,0.010254,1.022949,43.815,0.267176,1.061069,-0.137405
118520,-0.060303,0.007568,1.021240,43.806,0.282443,0.961832,-0.022901
118540,-0.064209,0.007324,1.020752,43.818,0.343511,1.007634,0.053435
118560,-0.064941,0.009033,1.021973,43.818,0.267176,0.908397,-0.106870
118580,-0.062988,0.008545,1.022461,43.827,0.190840,1.015267,-0.099237
118600,-0.065674,0.012207,1.021973,43.830,0.297710,0.877863,-0.167939
118620,-0.063232,0.007324,1.022217,43.792,0.190840,1.083969,-0.106870
118640,-0.065430,0.003906,1.024658,43.836,0.305344,0.916031,-0.091603
118660,-0.062988,0.008301,1.021240,43.821,0.244275,1.007634,-0.175573
118680,-0.065674,0.011719,1.028076,43.833,0.274809,1.030534,-0.152672
118700,-0.060303,0.011230,1.025391,43.818,0.206107,1.061069,-0.099237
118721,-0.061523,0.011719,1.021729,43.827,0.290076,0.969466,-0.053435
118740,-0.064697,0.014648,1.022949,43.777,0.282443,0.916031,-0.045802
118760,-0.062744,0.010010,1.018311,43.836,0.198473,0.870229,-0.122137
118780,-0.062744,0.012451,1.025146,43.804,0.251908,0.931298,-0.244275
118800,-0.060791,0.007568,1.026855,43.848,0.312977,0.992366,-0.045802
118820,-0.065674,0.012695,1.023438,43.833,0.206107,0.916031,-0.152672
118840,-0.062988,0.011475,1.024170,43.774,0.259542,0.862595,-0.106870
118861,-0.063477,0.010498,1.021240,43.804,0.114504,1.061069,-0.038168
118880,-0.065430,0.007568,1.022217,43.806,0.274809,1.061069,-0.236641
118900,-0.061279,0.011475,1.029785,43.812,0.206107,1.022901,-0.251908
118920,-0.062500,0.004150,1.031250,43.833,0.259542,1.030534,-0.122137
118940,-0.063721,0.008301,1.027588,43.806,0.251908,0.977099,0.045802
118960,-0.062744,0.011230,1.024902,43.806,0.328244,0.916031,-0.038168
118980,-0.063721,0.011963,1.018799,43.809,0.251908,1.091603,-0.099237
119000,-0.060059,0.009521,1.024658,43.801,0.160305,1.076336,-0.137405
119020,-0.066650,0.007080,1.024658,43.830,0.229008,0.984733,-0.061069
119040,-0.053223,0.010742,1.017334,43.812,0.305344,1.000000,-0.114504
119060,-0.063232,0.010742,1.017334,43.830,0.282443,1.030534,-0.152672
119080,-0.063721,0.009766,1.027832,43.821,0.145038,0.847328,-0.061069
119100,-0.070557,0.014160,1.026123,43.818,0.229008,0.992366,-0.221374
119120,-0.062012,0.009766,1.024658,43.809,0.236641,0.938931,-0.068702
119140,-0.065918,0.011230,1.022705,43.812,0.221374,1.053435,-0.068702
119160,-0.064209,0.009766,1.026367,43.830,0.236641,0.908397,-0.106870
119180,-0.063477,0.007080,1.020264,43.821,0.320611,0.893130,-0.114504
119200,-0.063721,0.012207,1.026367,43.815,0.190840,0.908397,-0.114504
119220,-0.061768,0.010010,1.020752,43.836,0.305344,0.961832,-0.137405
119240,-0.070801,0.015869,1.021973,43.792,0.221374,0.931298,-0.206107
119261,-0.059814,0.008545,1.020020,43.798,0.251908,0.969466,-0.206107
119280,-0.064209,0.009521,1.019531,43.812,0.198473,0.992366,-0.083969
119300,-0.062500,0.011719,1.024902,43.801,0.198473,0.969466,-0.106870
119320,-0.064697,0.006836,1.021484,43.824,0.083969,1.000000,-0.290076
119340,-0.063965,0.010010,1.022949,43.798,0.206107,1.007634,-0.114504
119360,-0.061279,0.012207,1.018066,43.830,0.229008,0.877863,-0.129771
119380,-0.062500,0.007568,1.025391,43.839,0.297710,0.984733,-0.183206
119400,-0.062012,0.009521,1.029053,43.795,0.152672,0.969466,-0.167939
119420,-0.061768,0.011475,1.025146,43.812,0.312977,1.061069,-0.175573
119440,-0.060547,0.010498,1.021973,43.809,0.152672,1.000000,-0.175573
119460,-0.064697,0.006348,1.019043,43.818,0.213740,1.068702,-0.122137
119480,-0.062012,0.010010,1.018066,43.815,0.122137,1.007634,-0.206107
119500,-0.061768,0.008301,1.027344,43.836,0.122137,1.053435,-0.206107
119520,-0.058594,0.008789,1.022217,43.798,0.282443,0.946565,-0.106870
119540,-0.062500,0.009277,1.024902,43.771,0.122137,0.992366,-0.183206
119560,-0.060303,0.008789,1.024170,43.804,0.290076,1.068702,-0.030534
119580,-0.059326,0.008789,1.024414,43.827,0.183206,1.000000,-0.045802
119600,-0.066406,0.008789,1.020752,43.792,0.290076,0.938931,-0.145038
119620,-0.062988,0.005859,1.017090,43.801,0.259542,0.946565,-0.053435
119641,-0.063965,0.009521,1.026367,43.806,0.206107,0.847328,-0.068702
119660,-0.062988,0.012939,1.025879,43.839,0.160305,0.954198,-0.145038
119680,-0.062988,0.010986,1.027832,43.818,0.297710,0.977099,-0.160305
119700,-0.065674,0.014160,1.021973,43.827,0.198473,0.977099,-0.053435
119720,-0.064209,0.007080,1.020996,43.804,0.206107,0.961832,-0.213740
119740,-0.060791,0.010010,1.020264,43.792,0.167939,0.992366,-0.206107
119760,-0.063965,0.008301,1.021484,43.812,0.198473,0.870229,-0.145038
119780,-0.061523,0.014648,1.024414,43.809,0.221374,0.977099,-0.091603
119800,-0.062256,0.008057,1.027100,43.783,0.206107,0.931298,-0.267176
119820,-0.062988,0.010986,1.025879,43.809,0.274809,0.954198,-0.076336
119840,-0.067627,0.011719,1.014160,43.821,0.137405,1.053435,-0.106870
119860,-0.059326,0.007568,1.021729,43.806,0.152672,0.954198,-0.152672
119880,-0.062012,0.004395,1.024170,43.804,0.290076,0.908397,-0.045802
119900,-0.064941,0.009766,1.022949,43.792,0.267176,1.076336,-0.167939
119920,-0.062256,0.009277,1.017334,43.783,0.183206,1.068702,-0.160305
119940,-0.062500,0.009766,1.023926,43.815,0.282443,0.954198,-0.145038
119960,-0.063721,0.011230,1.016602,43.801,0.244275,1.152672,-0.183206
119980,-0.064453,0.008789,1.020996,43.804,0.167939,1.053435,-0.183206
