# experiment,gps_baro_fusion
# chip_id,0x58
# p0_pa,100253.609
# baro_hz,5
# alpha,0.980
t_ms,temp_c,pressure_pa,baro_alt_m,gps_valid,gps_utc,lat,lon,gps_alt_m,satellites,hdop,speed_knots,course_deg,fused_alt_m
237,31.690,100253.250,0.0291,0,,,,,0,-1.00,-1.000,-1.00,0.0291
286,31.690,100254.984,-0.1163,0,,,,,0,-1.00,-1.000,-1.00,0.0291
402,31.690,100255.031,-0.1215,0,,,,,0,-1.00,-1.000,-1.00,0.0291
602,31.700,100256.070,-0.2061,0,,,,,0,-1.00,-1.000,-1.00,0.0291
802,31.700,100257.453,-0.3224,0,,,,,0,-1.00,-1.000,-1.00,0.0291
1032,31.710,100258.250,-0.3911,0,,,,,0,-1.00,-1.000,-1.00,0.0291
1212,31.720,100260.281,-0.5602,0,,,,,0,-1.00,-1.000,-1.00,0.0291
1412,31.740,100258.125,-0.3805,0,,,,,0,-1.00,-1.000,-1.00,0.0291
1612,31.750,100257.477,-0.3276,0,,,,,0,-1.00,-1.000,-1.00,0.0291
1812,31.750,100256.250,-0.2220,0,,,,,0,-1.00,-1.000,-1.00,0.0291
2032,31.770,100259.266,-0.4756,0,,,,,0,-1.00,-1.000,-1.00,0.0291
2202,31.770,100258.422,-0.4069,0,,,,,0,-1.00,-1.000,-1.00,0.0291
2402,31.790,100257.625,-0.3382,0,,,,,0,-1.00,-1.000,-1.00,0.0291
2602,31.790,100259.750,-0.5179,0,,,,,0,-1.00,-1.000,-1.00,0.0291
2802,31.810,100257.922,-0.3646,0,,,,,0,-1.00,-1.000,-1.00,0.0291
3034,31.820,100255.891,-0.1902,0,,,,,0,-1.00,-1.000,-1.00,0.0291
3202,31.830,100259.477,-0.4915,0,,,,,0,-1.00,-1.000,-1.00,0.0291
3402,31.840,100259.875,-0.5285,0,,,,,0,-1.00,-1.000,-1.00,0.0291
3602,31.850,100259.656,-0.5073,0,,,,,0,-1.00,-1.000,-1.00,0.0291
3802,31.870,100260.219,-0.5549,0,,,,,0,-1.00,-1.000,-1.00,0.0291
4033,31.870,100261.406,-0.6553,0,,,,,0,-1.00,-1.000,-1.00,0.0291
4212,31.880,100260.188,-0.5549,0,,,,,0,-1.00,-1.000,-1.00,0.0291
4412,31.890,100259.000,-0.4545,0,,,,,0,-1.00,-1.000,-1.00,0.0291
4612,31.890,100261.281,-0.6447,0,,,,,0,-1.00,-1.000,-1.00,0.0291
4812,31.900,100259.219,-0.4703,0,,,,,0,-1.00,-1.000,-1.00,0.0291
5034,31.910,100261.352,-0.6500,0,,,,,0,-1.00,-1.000,-1.00,0.0291
5202,31.910,100259.938,-0.5337,0,,,,,0,-1.00,-1.000,-1.00,0.0291
5412,31.900,100258.438,-0.4069,0,,,,,0,-1.00,-1.000,-1.00,0.0291
5612,31.890,100258.109,-0.3805,0,,,,,0,-1.00,-1.000,-1.00,0.0291
5812,31.880,100257.375,-0.3171,0,,,,,0,-1.00,-1.000,-1.00,0.0291
6034,31.880,100259.063,-0.4598,0,,,,,0,-1.00,-1.000,-1.00,0.0291
6202,31.880,100256.438,-0.2378,0,,,,,0,-1.00,-1.000,-1.00,0.0291
6402,31.890,100258.813,-0.4386,0,,,,,0,-1.00,-1.000,-1.00,0.0291
6602,31.890,100260.063,-0.5443,0,,,,,0,-1.00,-1.000,-1.00,0.0291
6802,31.890,100258.422,-0.4069,0,,,,,0,-1.00,-1.000,-1.00,0.0291
7033,31.890,100258.469,-0.4069,0,,,,,0,-1.00,-1.000,-1.00,0.0291
7212,31.890,100253.359,0.0211,0,,,,,0,-1.00,-1.000,-1.00,0.0291
7412,31.890,100251.039,0.2167,0,,,,,0,-1.00,-1.000,-1.00,0.0291
7612,31.880,100244.414,0.7742,0,,,,,0,-1.00,-1.000,-1.00,0.0291
7812,31.890,100246.273,0.6183,0,,,,,0,-1.00,-1.000,-1.00,0.0291
8033,31.910,100247.953,0.4756,0,,,,,0,-1.00,-1.000,-1.00,0.0291
8212,31.910,100247.906,0.4809,0,,,,,0,-1.00,-1.000,-1.00,0.0291
8412,31.920,100248.641,0.4175,0,,,,,0,-1.00,-1.000,-1.00,0.0291
8612,31.920,100254.953,-0.1110,0,,,,,0,-1.00,-1.000,-1.00,0.0291
8812,31.910,100258.852,-0.4439,0,,,,,0,-1.00,-1.000,-1.00,0.0291
9034,31.910,100259.922,-0.5285,0,,,,,0,-1.00,-1.000,-1.00,0.0291
9212,31.910,100260.992,-0.6236,0,,,,,0,-1.00,-1.000,-1.00,0.0291
9412,31.890,100257.344,-0.3118,0,,,,,0,-1.00,-1.000,-1.00,0.0291
9612,31.890,100258.344,-0.3963,0,,,,,0,-1.00,-1.000,-1.00,0.0291
9812,31.890,100257.703,-0.3435,0,,,,,0,-1.00,-1.000,-1.00,0.0291
10034,31.890,100258.898,-0.4439,0,,,,,0,-1.00,-1.000,-1.00,0.0291
10212,31.890,100256.672,-0.2589,0,,,,,0,-1.00,-1.000,-1.00,0.0291
10402,31.890,100258.516,-0.4122,0,,,,,0,-1.00,-1.000,-1.00,0.0291
10602,31.880,100262.016,-0.7081,0,,,,,0,-1.00,-1.000,-1.00,0.0291
10802,31.880,100261.031,-0.6236,0,,,,,0,-1.00,-1.000,-1.00,0.0291
11033,31.890,100259.359,-0.4862,0,,,,,0,-1.00,-1.000,-1.00,0.0291
11212,31.890,100261.047,-0.6236,0,,,,,0,-1.00,-1.000,-1.00,0.0291
11412,31.900,100270.445,-1.4163,0,,,,,0,-1.00,-1.000,-1.00,0.0291
11612,31.900,100268.500,-1.2524,0,,,,,0,-1.00,-1.000,-1.00,0.0291
11812,31.910,100268.164,-1.2260,0,,,,,0,-1.00,-1.000,-1.00,0.0291
12035,31.910,100269.469,-1.3370,0,,,,,0,-1.00,-1.000,-1.00,0.0291
12212,31.910,100267.375,-1.1573,0,,,,,0,-1.00,-1.000,-1.00,0.0291
12412,31.920,100268.109,-1.2207,0,,,,,0,-1.00,-1.000,-1.00,0.0291
12612,31.930,100269.875,-1.3687,0,,,,,0,-1.00,-1.000,-1.00,0.0291
12812,31.940,100270.250,-1.4004,0,,,,,0,-1.00,-1.000,-1.00,0.0291
13035,31.950,100268.875,-1.2841,0,,,,,0,-1.00,-1.000,-1.00,0.0291
13212,31.950,100268.305,-1.2366,0,,,,,0,-1.00,-1.000,-1.00,0.0291
13412,31.960,100270.461,-1.4163,0,,,,,0,-1.00,-1.000,-1.00,0.0291
13612,31.950,100269.320,-1.3211,0,,,,,0,-1.00,-1.000,-1.00,0.0291
13812,31.940,100269.813,-1.3634,0,,,,,0,-1.00,-1.000,-1.00,0.0291
14036,31.930,100271.766,-1.5272,0,,,,,0,-1.00,-1.000,-1.00,0.0291
14202,31.930,100269.203,-1.3106,0,,,,,0,-1.00,-1.000,-1.00,0.0291
14402,31.930,100270.461,-1.4163,0,,,,,0,-1.00,-1.000,-1.00,0.0291
14602,31.920,100271.500,-1.5061,0,,,,,0,-1.00,-1.000,-1.00,0.0291
14802,31.930,100270.102,-1.3898,0,,,,,0,-1.00,-1.000,-1.00,0.0291
15035,31.920,100272.516,-1.5906,0,,,,,0,-1.00,-1.000,-1.00,0.0291
15212,31.910,100269.297,-1.3211,0,,,,,0,-1.00,-1.000,-1.00,0.0291
15402,31.920,100270.086,-1.3846,0,,,,,0,-1.00,-1.000,-1.00,0.0291
15602,31.920,100272.406,-1.5801,0,,,,,0,-1.00,-1.000,-1.00,0.0291
15802,31.920,100271.148,-1.4744,0,,,,,0,-1.00,-1.000,-1.00,0.0291
16035,31.940,100270.117,-1.3898,0,,,,,0,-1.00,-1.000,-1.00,0.0291
16202,31.930,100270.516,-1.4215,0,,,,,0,-1.00,-1.000,-1.00,0.0291
16402,31.910,100269.766,-1.3581,0,,,,,0,-1.00,-1.000,-1.00,0.0291
16602,31.910,100270.773,-1.4427,0,,,,,0,-1.00,-1.000,-1.00,0.0291
16802,31.910,100269.344,-1.3264,0,,,,,0,-1.00,-1.000,-1.00,0.0291
17036,31.920,100270.016,-1.3793,0,,,,,0,-1.00,-1.000,-1.00,0.0291
17212,31.930,100270.461,-1.4163,0,,,,,0,-1.00,-1.000,-1.00,0.0291
17412,31.930,100269.391,-1.3264,0,,,,,0,-1.00,-1.000,-1.00,0.0291
17612,31.930,100269.344,-1.3264,0,,,,,0,-1.00,-1.000,-1.00,0.0291
17812,31.940,100269.539,-1.3423,0,,,,,0,-1.00,-1.000,-1.00,0.0291
18034,31.960,100271.000,-1.4638,0,,,,,0,-1.00,-1.000,-1.00,0.0291
18202,31.960,100265.320,-0.9829,0,,,,,0,-1.00,-1.000,-1.00,0.0291
18402,31.960,100267.344,-1.1573,0,,,,,0,-1.00,-1.000,-1.00,0.0291
18602,31.940,100268.977,-1.2947,0,,,,,0,-1.00,-1.000,-1.00,0.0291
18802,31.940,100269.102,-1.3053,0,,,,,0,-1.00,-1.000,-1.00,0.0291
19034,31.930,100269.680,-1.3528,0,,,,,0,-1.00,-1.000,-1.00,0.0291
19202,31.940,100268.383,-1.2419,0,,,,,0,-1.00,-1.000,-1.00,0.0291
19402,31.940,100267.258,-1.1467,0,,,,,0,-1.00,-1.000,-1.00,0.0291
19602,31.950,100270.570,-1.4268,0,,,,,0,-1.00,-1.000,-1.00,0.0291
19802,31.960,100269.516,-1.3370,0,,,,,0,-1.00,-1.000,-1.00,0.0291
20033,31.950,100266.258,-1.0622,0,,,,,0,-1.00,-1.000,-1.00,0.0291
20202,31.950,100267.711,-1.1890,0,,,,,0,-1.00,-1.000,-1.00,0.0291
20412,31.950,100268.484,-1.2524,0,,,,,0,-1.00,-1.000,-1.00,0.0291
20612,31.950,100269.320,-1.3211,0,,,,,0,-1.00,-1.000,-1.00,0.0291
20812,31.940,100266.008,-1.0411,0,,,,,0,-1.00,-1.000,-1.00,0.0291
21034,31.940,100271.688,-1.5219,0,,,,,0,-1.00,-1.000,-1.00,0.0291
21202,31.940,100266.117,-1.0516,0,,,,,0,-1.00,-1.000,-1.00,0.0291
21402,31.950,100269.422,-1.3317,0,,,,,0,-1.00,-1.000,-1.00,0.0291
21602,31.940,100267.609,-1.1785,0,,,,,0,-1.00,-1.000,-1.00,0.0291
21802,31.940,100265.344,-0.9882,0,,,,,0,-1.00,-1.000,-1.00,0.0291
22033,31.930,100267.531,-1.1732,0,,,,,0,-1.00,-1.000,-1.00,0.0291
22212,31.910,100264.523,-0.9195,0,,,,,0,-1.00,-1.000,-1.00,0.0291
22412,31.910,100269.109,-1.3053,0,,,,,0,-1.00,-1.000,-1.00,0.0291
22612,31.910,100269.109,-1.3053,0,,,,,0,-1.00,-1.000,-1.00,0.0291
22812,31.900,100269.688,-1.3528,0,,,,,0,-1.00,-1.000,-1.00,0.0291
23033,31.900,100268.328,-1.2366,0,,,,,0,-1.00,-1.000,-1.00,0.0291
23202,31.900,100269.578,-1.3423,0,,,,,0,-1.00,-1.000,-1.00,0.0291
23402,31.900,100269.750,-1.3581,0,,,,,0,-1.00,-1.000,-1.00,0.0291
23602,31.880,100269.125,-1.3053,0,,,,,0,-1.00,-1.000,-1.00,0.0291
23802,31.880,100269.602,-1.3476,0,,,,,0,-1.00,-1.000,-1.00,0.0291
24007,31.880,100269.781,-1.3581,0,,,,,0,-1.00,-1.000,-1.00,0.0291
24212,31.890,100269.320,-1.3211,0,,,,,0,-1.00,-1.000,-1.00,0.0291
24408,31.900,100267.250,-1.1467,0,,,,,0,-1.00,-1.000,-1.00,0.0291
24612,31.910,100266.609,-1.0939,0,,,,,0,-1.00,-1.000,-1.00,0.0291
24812,31.910,100266.609,-1.0939,0,,,,,0,-1.00,-1.000,-1.00,0.0291
25012,31.920,100264.375,-0.9037,0,,,,,0,-1.00,-1.000,-1.00,0.0291
25212,31.930,100267.531,-1.1732,0,,,,,0,-1.00,-1.000,-1.00,0.0291
25418,31.940,100264.984,-0.9565,0,,,,,0,-1.00,-1.000,-1.00,0.0291
25602,31.940,100269.219,-1.3159,0,,,,,0,-1.00,-1.000,-1.00,0.0291
25802,31.940,100265.703,-1.0199,0,,,,,0,-1.00,-1.000,-1.00,0.0291
26002,31.940,100263.625,-0.8402,0,,,,,0,-1.00,-1.000,-1.00,0.0291
26202,31.940,100266.328,-1.0675,0,,,,,0,-1.00,-1.000,-1.00,0.0291
26409,31.940,100265.070,-0.9618,0,,,,,0,-1.00,-1.000,-1.00,0.0291
26612,31.950,100265.547,-1.0041,0,,,,,0,-1.00,-1.000,-1.00,0.0291
26812,31.950,100266.695,-1.0992,0,,,,,0,-1.00,-1.000,-1.00,0.0291
27012,31.960,100266.273,-1.0675,0,,,,,0,-1.00,-1.000,-1.00,0.0291
27212,31.960,100267.602,-1.1785,0,,,,,0,-1.00,-1.000,-1.00,0.0291
27408,31.950,100263.297,-0.8138,0,,,,,0,-1.00,-1.000,-1.00,0.0291
27612,31.970,100267.148,-1.1415,0,,,,,0,-1.00,-1.000,-1.00,0.0291
27812,31.970,100264.109,-0.8825,0,,,,,0,-1.00,-1.000,-1.00,0.0291
28012,31.980,100263.766,-0.8561,0,,,,,0,-1.00,-1.000,-1.00,0.0291
28212,31.980,100266.148,-1.0569,0,,,,,0,-1.00,-1.000,-1.00,0.0291
28418,31.990,100264.078,-0.8825,0,,,,,0,-1.00,-1.000,-1.00,0.0291
28612,31.990,100265.984,-1.0411,0,,,,,0,-1.00,-1.000,-1.00,0.0291
28812,32.010,100266.078,-1.0463,0,,,,,0,-1.00,-1.000,-1.00,0.0291
29012,32.020,100264.391,-0.9089,0,,,,,0,-1.00,-1.000,-1.00,0.0291
29212,32.030,100265.703,-1.0199,0,,,,,0,-1.00,-1.000,-1.00,0.0291
29410,32.040,100263.609,-0.8402,0,,,,,0,-1.00,-1.000,-1.00,0.0291
29612,32.060,100264.711,-0.9354,0,,,,,0,-1.00,-1.000,-1.00,0.0291
29812,32.070,100265.406,-0.9935,0,,,,,0,-1.00,-1.000,-1.00,0.0291
30012,32.080,100264.344,-0.9037,0,,,,,0,-1.00,-1.000,-1.00,0.0291
30212,32.100,100263.219,-0.8085,0,,,,,0,-1.00,-1.000,-1.00,0.0291
30423,32.100,100262.273,-0.7293,0,,,,,0,-1.00,-1.000,-1.00,0.0291
30612,32.110,100266.539,-1.0886,0,,,,,0,-1.00,-1.000,-1.00,0.0291
30812,32.130,100266.219,-1.0622,0,,,,,0,-1.00,-1.000,-1.00,0.0291
31012,32.130,100265.672,-1.0146,0,,,,,0,-1.00,-1.000,-1.00,0.0291
31212,32.150,100265.352,-0.9882,0,,,,,0,-1.00,-1.000,-1.00,0.0291
31423,32.140,100264.047,-0.8772,0,,,,,0,-1.00,-1.000,-1.00,0.0291
31612,32.160,100268.305,-1.2366,0,,,,,0,-1.00,-1.000,-1.00,0.0291
31812,32.150,100266.203,-1.0622,0,,,,,0,-1.00,-1.000,-1.00,0.0291
32012,32.170,100269.094,-1.3053,0,,,,,0,-1.00,-1.000,-1.00,0.0291
32212,32.180,100269.328,-1.3211,0,,,,,0,-1.00,-1.000,-1.00,0.0291
32414,32.180,100266.469,-1.0833,0,,,,,0,-1.00,-1.000,-1.00,0.0291
32602,32.190,100265.430,-0.9935,0,,,,,0,-1.00,-1.000,-1.00,0.0291
32802,32.200,100266.281,-1.0675,0,,,,,0,-1.00,-1.000,-1.00,0.0291
33002,32.210,100267.727,-1.1890,0,,,,,0,-1.00,-1.000,-1.00,0.0291
33202,32.210,100266.766,-1.1098,0,,,,,0,-1.00,-1.000,-1.00,0.0291
33415,32.220,100265.469,-0.9988,0,,,,,0,-1.00,-1.000,-1.00,0.0291
33602,32.220,100269.484,-1.3370,0,,,,,0,-1.00,-1.000,-1.00,0.0291
33802,32.230,100266.859,-1.1150,0,,,,,0,-1.00,-1.000,-1.00,0.0291
34002,32.230,100267.750,-1.1890,0,,,,,0,-1.00,-1.000,-1.00,0.0291
34202,32.230,100263.875,-0.8614,0,,,,,0,-1.00,-1.000,-1.00,0.0291
34438,32.240,100264.016,-0.8772,0,,,,,0,-1.00,-1.000,-1.00,0.0291
34615,32.240,100266.000,-1.0411,0,,,,,0,-1.00,-1.000,-1.00,0.0291
34812,32.250,100267.781,-1.1943,0,,,,,0,-1.00,-1.000,-1.00,0.0291
35012,32.240,100265.523,-1.0041,0,,,,,0,-1.00,-1.000,-1.00,0.0291
35202,32.240,100263.969,-0.8720,0,,,,,0,-1.00,-1.000,-1.00,0.0291
35415,32.240,100265.938,-1.0358,0,,,,,0,-1.00,-1.000,-1.00,0.0291
35602,32.240,100265.523,-1.0041,0,,,,,0,-1.00,-1.000,-1.00,0.0291
35802,32.240,100266.656,-1.0992,0,,,,,0,-1.00,-1.000,-1.00,0.0291
36002,32.250,100267.781,-1.1943,0,,,,,0,-1.00,-1.000,-1.00,0.0291
36202,32.250,100264.641,-0.9301,0,,,,,0,-1.00,-1.000,-1.00,0.0291
36424,32.250,100265.797,-1.0252,0,,,,,0,-1.00,-1.000,-1.00,0.0291
36612,32.250,100265.094,-0.9671,0,,,,,0,-1.00,-1.000,-1.00,0.0291
36802,32.240,100263.203,-0.8085,0,,,,,0,-1.00,-1.000,-1.00,0.0291
37002,32.250,100266.969,-1.1256,0,,,,,0,-1.00,-1.000,-1.00,0.0291
37202,32.260,100265.492,-0.9988,0,,,,,0,-1.00,-1.000,-1.00,0.0291
37415,32.270,100265.227,-0.9776,0,,,,,0,-1.00,-1.000,-1.00,0.0291
37602,32.270,100265.641,-1.0146,0,,,,,0,-1.00,-1.000,-1.00,0.0291
37802,32.280,100264.453,-0.9142,0,,,,,0,-1.00,-1.000,-1.00,0.0291
38002,32.280,100262.969,-0.7874,0,,,,,0,-1.00,-1.000,-1.00,0.0291
38202,32.290,100264.547,-0.9195,0,,,,,0,-1.00,-1.000,-1.00,0.0291
38415,32.300,100268.359,-1.2419,0,,,,,0,-1.00,-1.000,-1.00,0.0291
38602,32.320,100265.906,-1.0358,0,,,,,0,-1.00,-1.000,-1.00,0.0291
38802,32.330,100269.445,-1.3317,0,,,,,0,-1.00,-1.000,-1.00,0.0291
39002,32.330,100266.563,-1.0886,0,,,,,0,-1.00,-1.000,-1.00,0.0291
39202,32.330,100266.625,-1.0939,0,,,,,0,-1.00,-1.000,-1.00,0.0291
39423,32.350,100266.352,-1.0728,0,,,,,0,-1.00,-1.000,-1.00,0.0291
39612,32.340,100263.859,-0.8614,0,,,,,0,-1.00,-1.000,-1.00,0.0291
39812,32.350,100266.969,-1.1256,0,,,,,0,-1.00,-1.000,-1.00,0.0291
40012,32.350,100265.539,-1.0041,0,,,,,0,-1.00,-1.000,-1.00,0.0291
40212,32.350,100263.930,-0.8667,0,,,,,0,-1.00,-1.000,-1.00,0.0291
40426,32.360,100264.602,-0.9248,0,,,,,0,-1.00,-1.000,-1.00,0.0291
40603,32.360,100266.086,-1.0516,0,,,,,0,-1.00,-1.000,-1.00,0.0291
40802,32.380,100265.047,-0.9618,0,,,,,0,-1.00,-1.000,-1.00,0.0291
41002,32.380,100265.828,-1.0252,0,,,,,0,-1.00,-1.000,-1.00,0.0291
41202,32.380,100264.266,-0.8984,0,,,,,0,-1.00,-1.000,-1.00,0.0291
41415,32.390,100262.922,-0.7821,0,,,,,0,-1.00,-1.000,-1.00,0.0291
41602,32.390,100266.547,-1.0886,0,,,,,0,-1.00,-1.000,-1.00,0.0291
41802,32.390,100266.547,-1.0886,0,,,,,0,-1.00,-1.000,-1.00,0.0291
42002,32.390,100267.680,-1.1837,0,,,,,0,-1.00,-1.000,-1.00,0.0291
42202,32.390,100266.094,-1.0516,0,,,,,0,-1.00,-1.000,-1.00,0.0291
42414,32.410,100266.063,-1.0463,0,,,,,0,-1.00,-1.000,-1.00,0.0291
42602,32.420,100265.719,-1.0199,0,,,,,0,-1.00,-1.000,-1.00,0.0291
42802,32.420,100264.344,-0.9037,0,,,,,0,-1.00,-1.000,-1.00,0.0291
43002,32.430,100265.914,-1.0358,0,,,,,0,-1.00,-1.000,-1.00,0.0291
43202,32.430,100266.625,-1.0939,0,,,,,0,-1.00,-1.000,-1.00,0.0291
43414,32.460,100268.344,-1.2419,0,,,,,0,-1.00,-1.000,-1.00,0.0291
43602,32.450,100266.297,-1.0675,0,,,,,0,-1.00,-1.000,-1.00,0.0291
43802,32.460,100269.547,-1.3423,0,,,,,0,-1.00,-1.000,-1.00,0.0291
44002,32.470,100267.930,-1.2049,0,,,,,0,-1.00,-1.000,-1.00,0.0291
44202,32.490,100267.664,-1.1837,0,,,,,0,-1.00,-1.000,-1.00,0.0291
44414,32.490,100266.828,-1.1098,0,,,,,0,-1.00,-1.000,-1.00,0.0291
44602,32.490,100268.695,-1.2683,0,,,,,0,-1.00,-1.000,-1.00,0.0291
44802,32.470,100267.461,-1.1679,0,,,,,0,-1.00,-1.000,-1.00,0.0291
45002,32.430,100268.180,-1.2260,0,,,,,0,-1.00,-1.000,-1.00,0.0291
45202,32.400,100268.438,-1.2472,0,,,,,0,-1.00,-1.000,-1.00,0.0291
45423,32.390,100265.422,-0.9935,0,,,,,0,-1.00,-1.000,-1.00,0.0291
45612,32.370,100264.438,-0.9089,0,,,,,0,-1.00,-1.000,-1.00,0.0291
45812,32.360,100265.078,-0.9671,0,,,,,0,-1.00,-1.000,-1.00,0.0291
46012,32.360,100264.906,-0.9512,0,,,,,0,-1.00,-1.000,-1.00,0.0291
46212,32.340,100266.422,-1.0780,0,,,,,0,-1.00,-1.000,-1.00,0.0291
46420,32.330,100266.383,-1.0728,0,,,,,0,-1.00,-1.000,-1.00,0.0291
46606,32.320,100264.578,-0.9248,0,,,,,0,-1.00,-1.000,-1.00,0.0291
46802,32.310,100264.516,-0.9195,0,,,,,0,-1.00,-1.000,-1.00,0.0291
47002,32.310,100264.445,-0.9142,0,,,,,0,-1.00,-1.000,-1.00,0.0291
47202,32.320,100264.578,-0.9248,0,,,,,0,-1.00,-1.000,-1.00,0.0291
47414,32.330,100264.625,-0.9248,0,,,,,0,-1.00,-1.000,-1.00,0.0291
47602,32.350,100264.406,-0.9089,0,,,,,0,-1.00,-1.000,-1.00,0.0291
47802,32.350,100268.047,-1.2154,0,,,,,0,-1.00,-1.000,-1.00,0.0291
48002,32.350,100264.922,-0.9512,0,,,,,0,-1.00,-1.000,-1.00,0.0291
48202,32.350,100261.961,-0.7028,0,,,,,0,-1.00,-1.000,-1.00,0.0291
48414,32.360,100266.984,-1.1256,0,,,,,0,-1.00,-1.000,-1.00,0.0291
48602,32.360,100265.977,-1.0411,0,,,,,0,-1.00,-1.000,-1.00,0.0291
48802,32.350,100264.828,-0.9459,0,,,,,0,-1.00,-1.000,-1.00,0.0291
49002,32.360,100264.344,-0.9037,0,,,,,0,-1.00,-1.000,-1.00,0.0291
49212,32.360,100268.281,-1.2366,0,,,,,0,-1.00,-1.000,-1.00,0.0291
49415,32.360,100265.422,-0.9935,0,,,,,0,-1.00,-1.000,-1.00,0.0291
49602,32.360,100266.391,-1.0728,0,,,,,0,-1.00,-1.000,-1.00,0.0291
49802,32.370,100265.789,-1.0252,0,,,,,0,-1.00,-1.000,-1.00,0.0291
50002,32.370,100261.578,-0.6711,0,,,,,0,-1.00,-1.000,-1.00,0.0291
50202,32.380,100266.297,-1.0675,0,,,,,0,-1.00,-1.000,-1.00,0.0291
50414,32.390,100265.063,-0.9618,0,,,,,0,-1.00,-1.000,-1.00,0.0291
50602,32.390,100264.844,-0.9459,0,,,,,0,-1.00,-1.000,-1.00,0.0291
50802,32.390,100262.438,-0.7451,0,,,,,0,-1.00,-1.000,-1.00,0.0291
51002,32.390,100264.820,-0.9406,0,,,,,0,-1.00,-1.000,-1.00,0.0291
51202,32.390,100264.313,-0.9037,0,,,,,0,-1.00,-1.000,-1.00,0.0291
51414,32.390,100266.969,-1.1256,0,,,,,0,-1.00,-1.000,-1.00,0.0291
51602,32.390,100266.313,-1.0675,0,,,,,0,-1.00,-1.000,-1.00,0.0291
51802,32.380,100262.547,-0.7504,0,,,,,0,-1.00,-1.000,-1.00,0.0291
52002,32.370,100267.117,-1.1362,0,,,,,0,-1.00,-1.000,-1.00,0.0291
52202,32.370,100261.695,-0.6817,0,,,,,0,-1.00,-1.000,-1.00,0.0291
52426,32.380,100265.945,-1.0358,0,,,,,0,-1.00,-1.000,-1.00,0.0291
52603,32.370,100265.859,-1.0305,0,,,,,0,-1.00,-1.000,-1.00,0.0291
52802,32.370,100264.359,-0.9037,0,,,,,0,-1.00,-1.000,-1.00,0.0291
53002,32.370,100264.141,-0.8878,0,,,,,0,-1.00,-1.000,-1.00,0.0291
53202,32.390,100263.516,-0.8350,0,,,,,0,-1.00,-1.000,-1.00,0.0291
53415,32.400,100264.141,-0.8878,0,,,,,0,-1.00,-1.000,-1.00,0.0291
53602,32.410,100265.227,-0.9776,0,,,,,0,-1.00,-1.000,-1.00,0.0291
53802,32.420,100265.359,-0.9882,0,,,,,0,-1.00,-1.000,-1.00,0.0291
54002,32.420,100266.969,-1.1256,0,,,,,0,-1.00,-1.000,-1.00,0.0291
54202,32.430,100264.766,-0.9406,0,,,,,0,-1.00,-1.000,-1.00,0.0291
54414,32.440,100267.281,-1.1520,0,,,,,0,-1.00,-1.000,-1.00,0.0291
54602,32.440,100269.563,-1.3423,0,,,,,0,-1.00,-1.000,-1.00,0.0291
54802,32.430,100265.469,-0.9988,0,,,,,0,-1.00,-1.000,-1.00,0.0291
55002,32.420,100267.203,-1.1415,0,,,,,0,-1.00,-1.000,-1.00,0.0291
55202,32.430,100265.195,-0.9724,0,,,,,0,-1.00,-1.000,-1.00,0.0291
55405,32.430,100265.914,-1.0358,0,,,,,0,-1.00,-1.000,-1.00,0.0291
55612,32.430,100261.750,-0.6870,0,,,,,0,-1.00,-1.000,-1.00,0.0291
55812,32.450,100268.203,-1.2260,0,,,,,0,-1.00,-1.000,-1.00,0.0291
56012,32.450,100267.719,-1.1890,0,,,,,0,-1.00,-1.000,-1.00,0.0291
56212,32.460,100268.836,-1.2789,0,,,,,0,-1.00,-1.000,-1.00,0.0291
56407,32.480,100268.266,-1.2313,0,,,,,0,-1.00,-1.000,-1.00,0.0291
56612,32.480,100266.000,-1.0411,0,,,,,0,-1.00,-1.000,-1.00,0.0291
56812,32.490,100266.234,-1.0622,0,,,,,0,-1.00,-1.000,-1.00,0.0291
57012,32.490,100267.203,-1.1415,0,,,,,0,-1.00,-1.000,-1.00,0.0291
57212,32.490,100264.883,-0.9459,0,,,,,0,-1.00,-1.000,-1.00,0.0291
57407,32.500,100266.328,-1.0675,0,,,,,0,-1.00,-1.000,-1.00,0.0291
57612,32.500,100263.820,-0.8614,0,,,,,0,-1.00,-1.000,-1.00,0.0291
57812,32.510,100269.016,-1.2947,0,,,,,0,-1.00,-1.000,-1.00,0.0291
58012,32.510,100265.742,-1.0199,0,,,,,0,-1.00,-1.000,-1.00,0.0291
58212,32.510,100266.336,-1.0728,0,,,,,0,-1.00,-1.000,-1.00,0.0291
58425,32.520,100265.641,-1.0146,0,,,,,0,-1.00,-1.000,-1.00,0.0291
58603,32.520,100262.719,-0.7663,0,,,,,0,-1.00,-1.000,-1.00,0.0291
58802,32.540,100264.297,-0.8984,0,,,,,0,-1.00,-1.000,-1.00,0.0291
59002,32.550,100264.031,-0.8772,0,,,,,0,-1.00,-1.000,-1.00,0.0291
59202,32.560,100268.906,-1.2894,0,,,,,0,-1.00,-1.000,-1.00,0.0291
59406,32.570,100266.516,-1.0886,0,,,,,0,-1.00,-1.000,-1.00,0.0291
59612,32.580,100264.375,-0.9037,0,,,,,0,-1.00,-1.000,-1.00,0.0291
59812,32.590,100267.688,-1.1837,0,,,,,0,-1.00,-1.000,-1.00,0.0291
60012,32.600,100265.016,-0.9618,0,,,,,0,-1.00,-1.000,-1.00,0.0291
60212,32.600,100267.641,-1.1785,0,,,,,0,-1.00,-1.000,-1.00,0.0291
60414,32.610,100268.781,-1.2736,0,,,,,0,-1.00,-1.000,-1.00,0.0291
60602,32.620,100267.609,-1.1785,0,,,,,0,-1.00,-1.000,-1.00,0.0291
60802,32.620,100267.391,-1.1573,0,,,,,0,-1.00,-1.000,-1.00,0.0291
61002,32.640,100270.047,-1.3846,0,,,,,0,-1.00,-1.000,-1.00,0.0291
61202,32.650,100266.578,-1.0886,0,,,,,0,-1.00,-1.000,-1.00,0.0291
61415,32.650,100267.422,-1.1626,0,,,,,0,-1.00,-1.000,-1.00,0.0291
61612,32.670,100266.797,-1.1098,0,,,,,0,-1.00,-1.000,-1.00,0.0291
61812,32.670,100265.328,-0.9882,0,,,,,0,-1.00,-1.000,-1.00,0.0291
62012,32.680,100264.984,-0.9565,0,,,,,0,-1.00,-1.000,-1.00,0.0291
62212,32.680,100264.750,-0.9354,0,,,,,0,-1.00,-1.000,-1.00,0.0291
62414,32.690,100265.422,-0.9935,0,,,,,0,-1.00,-1.000,-1.00,0.0291
62602,32.700,100266.477,-1.0833,0,,,,,0,-1.00,-1.000,-1.00,0.0291
62802,32.690,100266.602,-1.0939,0,,,,,0,-1.00,-1.000,-1.00,0.0291
63002,32.700,100265.898,-1.0358,0,,,,,0,-1.00,-1.000,-1.00,0.0291
63202,32.700,100265.719,-1.0199,0,,,,,0,-1.00,-1.000,-1.00,0.0291
63424,32.710,100264.250,-0.8931,0,,,,,0,-1.00,-1.000,-1.00,0.0291
63612,32.710,100263.219,-0.8085,0,,,,,0,-1.00,-1.000,-1.00,0.0291
63812,32.720,100260.859,-0.6130,0,,,,,0,-1.00,-1.000,-1.00,0.0291
64012,32.730,100264.648,-0.9301,0,,,,,0,-1.00,-1.000,-1.00,0.0291
64212,32.740,100262.453,-0.7451,0,,,,,0,-1.00,-1.000,-1.00,0.0291
64436,32.750,100263.281,-0.8138,0,,,,,0,-1.00,-1.000,-1.00,0.0291
64601,32.750,100262.750,-0.7715,0,,,,,0,-1.00,-1.000,-1.00,0.0291
64802,32.750,100262.750,-0.7715,0,,,,,0,-1.00,-1.000,-1.00,0.0291
65002,32.750,100261.016,-0.6236,0,,,,,0,-1.00,-1.000,-1.00,0.0291
65202,32.760,100262.961,-0.7874,0,,,,,0,-1.00,-1.000,-1.00,0.0291
65424,32.770,100263.688,-0.8455,0,,,,,0,-1.00,-1.000,-1.00,0.0291
65602,32.780,100264.656,-0.9301,0,,,,,0,-1.00,-1.000,-1.00,0.0291
65802,32.790,100265.406,-0.9935,0,,,,,0,-1.00,-1.000,-1.00,0.0291
66002,32.790,100264.727,-0.9354,0,,,,,0,-1.00,-1.000,-1.00,0.0291
66202,32.800,100261.984,-0.7028,0,,,,,0,-1.00,-1.000,-1.00,0.0291
66424,32.810,100263.938,-0.8667,0,,,,,0,-1.00,-1.000,-1.00,0.0291
66612,32.820,100262.797,-0.7715,0,,,,,0,-1.00,-1.000,-1.00,0.0291
66812,32.810,100262.688,-0.7663,0,,,,,0,-1.00,-1.000,-1.00,0.0291
67012,32.830,100262.266,-0.7293,0,,,,,0,-1.00,-1.000,-1.00,0.0291
67212,32.850,100262.313,-0.7346,0,,,,,0,-1.00,-1.000,-1.00,0.0291
67425,32.860,100263.836,-0.8614,0,,,,,0,-1.00,-1.000,-1.00,0.0291
67612,32.870,100265.734,-1.0199,0,,,,,0,-1.00,-1.000,-1.00,0.0291
67812,32.890,100263.555,-0.8350,0,,,,,0,-1.00,-1.000,-1.00,0.0291
68012,32.900,100264.102,-0.8825,0,,,,,0,-1.00,-1.000,-1.00,0.0291
68212,32.910,100263.039,-0.7927,0,,,,,0,-1.00,-1.000,-1.00,0.0291
68423,32.920,100268.555,-1.2577,0,,,,,0,-1.00,-1.000,-1.00,0.0291
68612,32.930,100265.109,-0.9671,0,,,,,0,-1.00,-1.000,-1.00,0.0291
68812,32.940,100265.141,-0.9724,0,,,,,0,-1.00,-1.000,-1.00,0.0291
69012,32.960,100264.547,-0.9195,0,,,,,0,-1.00,-1.000,-1.00,0.0291
69212,32.980,100267.016,-1.1309,0,,,,,0,-1.00,-1.000,-1.00,0.0291
69423,32.980,100261.828,-0.6923,0,,,,,0,-1.00,-1.000,-1.00,0.0291
69612,32.990,100263.063,-0.7980,0,,,,,0,-1.00,-1.000,-1.00,0.0291
69812,33.010,100264.750,-0.9354,0,,,,,0,-1.00,-1.000,-1.00,0.0291
70012,33.020,100261.734,-0.6817,0,,,,,0,-1.00,-1.000,-1.00,0.0291
70212,33.030,100264.906,-0.9512,0,,,,,0,-1.00,-1.000,-1.00,0.0291
70426,33.050,100263.500,-0.8350,0,,,,,0,-1.00,-1.000,-1.00,0.0291
70603,33.060,100264.547,-0.9195,0,,,,,0,-1.00,-1.000,-1.00,0.0291
70802,33.070,100262.297,-0.7293,0,,,,,0,-1.00,-1.000,-1.00,0.0291
71002,33.070,100264.531,-0.9195,0,,,,,0,-1.00,-1.000,-1.00,0.0291
71202,33.090,100263.039,-0.7927,0,,,,,0,-1.00,-1.000,-1.00,0.0291
71415,33.090,100261.453,-0.6606,0,,,,,0,-1.00,-1.000,-1.00,0.0291
71602,33.090,100260.734,-0.5972,0,,,,,0,-1.00,-1.000,-1.00,0.0291
71802,33.090,100261.813,-0.6923,0,,,,,0,-1.00,-1.000,-1.00,0.0291
72002,33.100,100264.078,-0.8825,0,,,,,0,-1.00,-1.000,-1.00,0.0291
72202,33.110,100264.813,-0.9406,0,,,,,0,-1.00,-1.000,-1.00,0.0291
72413,33.120,100262.500,-0.7504,0,,,,,0,-1.00,-1.000,-1.00,0.0291
72602,33.130,100263.813,-0.8614,0,,,,,0,-1.00,-1.000,-1.00,0.0291
72802,33.140,100266.516,-1.0886,0,,,,,0,-1.00,-1.000,-1.00,0.0291
73002,33.150,100265.750,-1.0199,0,,,,,0,-1.00,-1.000,-1.00,0.0291
73202,33.150,100262.172,-0.7187,0,,,,,0,-1.00,-1.000,-1.00,0.0291
73415,33.170,100266.094,-1.0516,0,,,,,0,-1.00,-1.000,-1.00,0.0291
73602,33.170,100264.594,-0.9248,0,,,,,0,-1.00,-1.000,-1.00,0.0291
73802,33.170,100266.563,-1.0886,0,,,,,0,-1.00,-1.000,-1.00,0.0291
74002,33.170,100262.336,-0.7346,0,,,,,0,-1.00,-1.000,-1.00,0.0291
74202,33.160,100266.969,-1.1256,0,,,,,0,-1.00,-1.000,-1.00,0.0291
74413,33.160,100263.281,-0.8138,0,,,,,0,-1.00,-1.000,-1.00,0.0291
74602,33.160,100265.422,-0.9935,0,,,,,0,-1.00,-1.000,-1.00,0.0291
74802,33.160,100267.547,-1.1732,0,,,,,0,-1.00,-1.000,-1.00,0.0291
75002,33.150,100264.164,-0.8878,0,,,,,0,-1.00,-1.000,-1.00,0.0291
75202,33.140,100263.906,-0.8667,0,,,,,0,-1.00,-1.000,-1.00,0.0291
75417,33.140,100265.031,-0.9618,0,,,,,0,-1.00,-1.000,-1.00,0.0291
75602,33.130,100266.680,-1.0992,0,,,,,0,-1.00,-1.000,-1.00,0.0291
75802,33.120,100262.859,-0.7768,0,,,,,0,-1.00,-1.000,-1.00,0.0291
76002,33.100,100261.750,-0.6870,0,,,,,0,-1.00,-1.000,-1.00,0.0291
76202,33.100,100267.117,-1.1362,0,,,,,0,-1.00,-1.000,-1.00,0.0291
76423,33.100,100262.711,-0.7663,0,,,,,0,-1.00,-1.000,-1.00,0.0291
76609,33.110,100265.945,-1.0358,0,,,,,0,-1.00,-1.000,-1.00,0.0291
76812,33.110,100263.563,-0.8402,0,,,,,0,-1.00,-1.000,-1.00,0.0291
77012,33.120,100262.500,-0.7504,0,,,,,0,-1.00,-1.000,-1.00,0.0291
77212,33.120,100265.109,-0.9671,0,,,,,0,-1.00,-1.000,-1.00,0.0291
77413,33.120,100264.398,-0.9089,0,,,,,0,-1.00,-1.000,-1.00,0.0291
77602,33.120,100264.164,-0.8878,0,,,,,0,-1.00,-1.000,-1.00,0.0291
77802,33.130,100266.805,-1.1098,0,,,,,0,-1.00,-1.000,-1.00,0.0291
78002,33.140,100267.711,-1.1890,0,,,,,0,-1.00,-1.000,-1.00,0.0291
78202,33.140,100263.375,-0.8191,0,,,,,0,-1.00,-1.000,-1.00,0.0291
78414,33.160,100268.531,-1.2577,0,,,,,0,-1.00,-1.000,-1.00,0.0291
78602,33.180,100266.156,-1.0569,0,,,,,0,-1.00,-1.000,-1.00,0.0291
78802,33.190,100268.750,-1.2736,0,,,,,0,-1.00,-1.000,-1.00,0.0291
79002,33.190,100262.133,-0.7187,0,,,,,0,-1.00,-1.000,-1.00,0.0291
79202,33.210,100263.805,-0.8561,0,,,,,0,-1.00,-1.000,-1.00,0.0291
79421,33.220,100268.297,-1.2366,0,,,,,0,-1.00,-1.000,-1.00,0.0291
79612,33.220,100266.141,-1.0569,0,,,,,0,-1.00,-1.000,-1.00,0.0291
79812,33.210,100262.508,-0.7504,0,,,,,0,-1.00,-1.000,-1.00,0.0291
80012,33.220,100263.125,-0.7980,0,,,,,0,-1.00,-1.000,-1.00,0.0291
80212,33.220,100263.000,-0.7927,0,,,,,0,-1.00,-1.000,-1.00,0.0291
80423,33.220,100261.313,-0.6500,0,,,,,0,-1.00,-1.000,-1.00,0.0291
80602,33.220,100263.656,-0.8455,0,,,,,0,-1.00,-1.000,-1.00,0.0291
80802,33.230,100265.797,-1.0252,0,,,,,0,-1.00,-1.000,-1.00,0.0291
81002,33.220,100263.891,-0.8667,0,,,,,0,-1.00,-1.000,-1.00,0.0291
81202,33.230,100263.781,-0.8561,0,,,,,0,-1.00,-1.000,-1.00,0.0291
81432,33.240,100263.195,-0.8085,0,,,,,0,-1.00,-1.000,-1.00,0.0291
81602,33.250,100265.203,-0.9776,0,,,,,0,-1.00,-1.000,-1.00,0.0291
81802,33.240,100262.359,-0.7346,0,,,,,0,-1.00,-1.000,-1.00,0.0291
82002,33.240,100262.961,-0.7874,0,,,,,0,-1.00,-1.000,-1.00,0.0291
82202,33.240,100263.734,-0.8508,0,,,,,0,-1.00,-1.000,-1.00,0.0291
82428,33.240,100265.469,-0.9988,0,,,,,0,-1.00,-1.000,-1.00,0.0291
82614,33.240,100265.938,-1.0358,0,,,,,0,-1.00,-1.000,-1.00,0.0291
82812,33.250,100263.922,-0.8667,0,,,,,0,-1.00,-1.000,-1.00,0.0291
83012,33.260,100268.711,-1.2736,0,,,,,0,-1.00,-1.000,-1.00,0.0291
83212,33.260,100266.859,-1.1150,0,,,,,0,-1.00,-1.000,-1.00,0.0291
83416,33.240,100264.148,-0.8878,0,,,,,0,-1.00,-1.000,-1.00,0.0291
83602,33.240,100262.961,-0.7874,0,,,,,0,-1.00,-1.000,-1.00,0.0291
83802,33.230,100265.516,-1.0041,0,,,,,0,-1.00,-1.000,-1.00,0.0291
84002,33.220,100265.383,-0.9882,0,,,,,0,-1.00,-1.000,-1.00,0.0291
84202,33.240,100262.531,-0.7504,0,,,,,0,-1.00,-1.000,-1.00,0.0291
84423,33.250,100267.172,-1.1415,0,,,,,0,-1.00,-1.000,-1.00,0.0291
84612,33.250,100266.070,-1.0463,0,,,,,0,-1.00,-1.000,-1.00,0.0291
84812,33.250,100262.313,-0.7346,0,,,,,0,-1.00,-1.000,-1.00,0.0291
85012,33.260,100266.688,-1.0992,0,,,,,0,-1.00,-1.000,-1.00,0.0291
85212,33.270,100266.875,-1.1150,0,,,,,0,-1.00,-1.000,-1.00,0.0291
85415,33.270,100264.141,-0.8878,0,,,,,0,-1.00,-1.000,-1.00,0.0291
85612,33.290,100264.516,-0.9195,0,,,,,0,-1.00,-1.000,-1.00,0.0291
85812,33.290,100260.828,-0.6077,0,,,,,0,-1.00,-1.000,-1.00,0.0291
86012,33.310,100261.867,-0.6923,0,,,,,0,-1.00,-1.000,-1.00,0.0291
86212,33.320,100266.102,-1.0516,0,,,,,0,-1.00,-1.000,-1.00,0.0291
86415,33.330,100267.250,-1.1467,0,,,,,0,-1.00,-1.000,-1.00,0.0291
86602,33.340,100267.445,-1.1626,0,,,,,0,-1.00,-1.000,-1.00,0.0291
86802,33.330,100266.109,-1.0516,0,,,,,0,-1.00,-1.000,-1.00,0.0291
87002,33.330,100266.188,-1.0569,0,,,,,0,-1.00,-1.000,-1.00,0.0291
87202,33.330,100266.828,-1.1098,0,,,,,0,-1.00,-1.000,-1.00,0.0291
87424,33.330,100268.109,-1.2207,0,,,,,0,-1.00,-1.000,-1.00,0.0291
87612,33.340,100264.938,-0.9512,0,,,,,0,-1.00,-1.000,-1.00,0.0291
87812,33.330,100267.570,-1.1732,0,,,,,0,-1.00,-1.000,-1.00,0.0291
88012,33.340,100268.875,-1.2841,0,,,,,0,-1.00,-1.000,-1.00,0.0291
88212,33.320,100266.641,-1.0939,0,,,,,0,-1.00,-1.000,-1.00,0.0291
88425,33.320,100264.258,-0.8984,0,,,,,0,-1.00,-1.000,-1.00,0.0291
88603,33.320,100263.359,-0.8191,0,,,,,0,-1.00,-1.000,-1.00,0.0291
88802,33.310,100266.328,-1.0675,0,,,,,0,-1.00,-1.000,-1.00,0.0291
89002,33.330,100266.188,-1.0569,0,,,,,0,-1.00,-1.000,-1.00,0.0291
89202,33.320,100263.664,-0.8455,0,,,,,0,-1.00,-1.000,-1.00,0.0291
89415,33.320,100265.156,-0.9724,0,,,,,0,-1.00,-1.000,-1.00,0.0291
89602,33.330,100266.898,-1.1203,0,,,,,0,-1.00,-1.000,-1.00,0.0291
89802,33.330,100265.422,-0.9935,0,,,,,0,-1.00,-1.000,-1.00,0.0291
90002,33.340,100263.688,-0.8455,0,,,,,0,-1.00,-1.000,-1.00,0.0291
90202,33.340,100265.469,-0.9988,0,,,,,0,-1.00,-1.000,-1.00,0.0291
90415,33.330,100263.500,-0.8350,0,,,,,0,-1.00,-1.000,-1.00,0.0291
90612,33.340,100265.609,-1.0093,0,,,,,0,-1.00,-1.000,-1.00,0.0291
90812,33.340,100262.031,-0.7081,0,,,,,0,-1.00,-1.000,-1.00,0.0291
91012,33.350,100262.391,-0.7398,0,,,,,0,-1.00,-1.000,-1.00,0.0291
91212,33.370,100265.320,-0.9829,0,,,,,0,-1.00,-1.000,-1.00,0.0291
91415,33.370,100265.344,-0.9882,0,,,,,0,-1.00,-1.000,-1.00,0.0291
91602,33.360,100259.172,-0.4650,0,,,,,0,-1.00,-1.000,-1.00,0.0291
91802,33.370,100266.469,-1.0833,0,,,,,0,-1.00,-1.000,-1.00,0.0291
92002,33.370,100263.305,-0.8138,0,,,,,0,-1.00,-1.000,-1.00,0.0291
92202,33.380,100265.125,-0.9671,0,,,,,0,-1.00,-1.000,-1.00,0.0291
92423,33.380,100262.953,-0.7874,0,,,,,0,-1.00,-1.000,-1.00,0.0291
92612,33.400,100266.031,-1.0463,0,,,,,0,-1.00,-1.000,-1.00,0.0291
92812,33.400,100264.531,-0.9195,0,,,,,0,-1.00,-1.000,-1.00,0.0291
93012,33.400,100263.453,-0.8297,0,,,,,0,-1.00,-1.000,-1.00,0.0291
93212,33.410,100264.203,-0.8931,0,,,,,0,-1.00,-1.000,-1.00,0.0291
93423,33.410,100263.484,-0.8297,0,,,,,0,-1.00,-1.000,-1.00,0.0291
93612,33.430,100265.703,-1.0199,0,,,,,0,-1.00,-1.000,-1.00,0.0291
93812,33.430,100264.813,-0.9406,0,,,,,0,-1.00,-1.000,-1.00,0.0291
94012,33.440,100264.945,-0.9565,0,,,,,0,-1.00,-1.000,-1.00,0.0291
94212,33.450,100266.281,-1.0675,0,,,,,0,-1.00,-1.000,-1.00,0.0291
94426,33.450,100264.008,-0.8772,0,,,,,0,-1.00,-1.000,-1.00,0.0291
94604,33.450,100265.078,-0.9671,0,,,,,0,-1.00,-1.000,-1.00,0.0291
94802,33.460,100265.211,-0.9776,0,,,,,0,-1.00,-1.000,-1.00,0.0291
95002,33.470,100265.297,-0.9829,0,,,,,0,-1.00,-1.000,-1.00,0.0291
95202,33.480,100265.969,-1.0411,0,,,,,0,-1.00,-1.000,-1.00,0.0291
95606,33.480,100264.109,-0.8825,0,,,,,0,-1.00,-1.000,-1.00,0.0291
95690,33.500,100264.141,-0.8878,0,,,,,0,-1.00,-1.000,-1.00,0.0291
95812,33.490,100266.266,-1.0675,0,,,,,0,-1.00,-1.000,-1.00,0.0291
96012,33.510,100266.703,-1.1045,0,,,,,0,-1.00,-1.000,-1.00,0.0291
96212,33.510,100266.430,-1.0780,0,,,,,0,-1.00,-1.000,-1.00,0.0291
96415,33.530,100265.313,-0.9829,0,,,,,0,-1.00,-1.000,-1.00,0.0291
96602,33.530,100265.906,-1.0358,0,,,,,0,-1.00,-1.000,-1.00,0.0291
96802,33.530,100265.367,-0.9882,0,,,,,0,-1.00,-1.000,-1.00,0.0291
97002,33.530,100266.086,-1.0516,0,,,,,0,-1.00,-1.000,-1.00,0.0291
97202,33.550,100264.203,-0.8931,0,,,,,0,-1.00,-1.000,-1.00,0.0291
97414,33.560,100265.906,-1.0358,0,,,,,0,-1.00,-1.000,-1.00,0.0291
97602,33.570,100267.891,-1.1996,0,,,,,0,-1.00,-1.000,-1.00,0.0291
97802,33.580,100264.258,-0.8984,0,,,,,0,-1.00,-1.000,-1.00,0.0291
98002,33.580,100263.063,-0.7980,0,,,,,0,-1.00,-1.000,-1.00,0.0291
98202,33.600,100263.328,-0.8191,0,,,,,0,-1.00,-1.000,-1.00,0.0291
98414,33.610,100267.500,-1.1679,0,,,,,0,-1.00,-1.000,-1.00,0.0291
98602,33.620,100267.180,-1.1415,0,,,,,0,-1.00,-1.000,-1.00,0.0291
98812,33.620,100264.953,-0.9565,0,,,,,0,-1.00,-1.000,-1.00,0.0291
99012,33.610,100266.094,-1.0516,0,,,,,0,-1.00,-1.000,-1.00,0.0291
99212,33.630,100264.063,-0.8825,0,,,,,0,-1.00,-1.000,-1.00,0.0291
99422,33.630,100264.086,-0.8825,0,,,,,0,-1.00,-1.000,-1.00,0.0291
99612,33.640,100266.836,-1.1150,0,,,,,0,-1.00,-1.000,-1.00,0.0291
99812,33.640,100262.609,-0.7557,0,,,,,0,-1.00,-1.000,-1.00,0.0291
100012,33.640,100265.641,-1.0146,0,,,,,0,-1.00,-1.000,-1.00,0.0291
100212,33.650,100263.922,-0.8667,0,,,,,0,-1.00,-1.000,-1.00,0.0291
100428,33.660,100265.797,-1.0252,0,,,,,0,-1.00,-1.000,-1.00,0.0291
100604,33.660,100267.055,-1.1309,0,,,,,0,-1.00,-1.000,-1.00,0.0291
100802,33.670,100267.469,-1.1679,0,,,,,0,-1.00,-1.000,-1.00,0.0291
101002,33.670,100265.492,-0.9988,0,,,,,0,-1.00,-1.000,-1.00,0.0291
101202,33.680,100268.625,-1.2630,0,,,,,0,-1.00,-1.000,-1.00,0.0291
101414,33.690,100263.969,-0.8720,0,,,,,0,-1.00,-1.000,-1.00,0.0291
101602,33.700,100266.258,-1.0622,0,,,,,0,-1.00,-1.000,-1.00,0.0291
101802,33.710,100267.453,-1.1626,0,,,,,0,-1.00,-1.000,-1.00,0.0291
102002,33.740,100269.813,-1.3634,0,,,,,0,-1.00,-1.000,-1.00,0.0291
102202,33.750,100268.211,-1.2313,0,,,,,0,-1.00,-1.000,-1.00,0.0291
102415,33.760,100270.266,-1.4004,0,,,,,0,-1.00,-1.000,-1.00,0.0291
102602,33.770,100267.227,-1.1467,0,,,,,0,-1.00,-1.000,-1.00,0.0291
102802,33.780,100269.742,-1.3581,0,,,,,0,-1.00,-1.000,-1.00,0.0291
103002,33.780,100268.000,-1.2102,0,,,,,0,-1.00,-1.000,-1.00,0.0291
103202,33.790,100269.570,-1.3423,0,,,,,0,-1.00,-1.000,-1.00,0.0291
103414,33.800,100274.266,-1.7386,0,,,,,0,-1.00,-1.000,-1.00,0.0291
103602,33.820,100272.047,-1.5537,0,,,,,0,-1.00,-1.000,-1.00,0.0291
103802,33.810,100268.711,-1.2736,0,,,,,0,-1.00,-1.000,-1.00,0.0291
104002,33.820,100269.250,-1.3159,0,,,,,0,-1.00,-1.000,-1.00,0.0291
104202,33.820,100268.844,-1.2841,0,,,,,0,-1.00,-1.000,-1.00,0.0291
104414,33.810,100266.609,-1.0939,0,,,,,0,-1.00,-1.000,-1.00,0.0291
104602,33.800,100267.625,-1.1785,0,,,,,0,-1.00,-1.000,-1.00,0.0291
104802,33.820,100267.688,-1.1837,0,,,,,0,-1.00,-1.000,-1.00,0.0291
105002,33.810,100267.992,-1.2102,0,,,,,0,-1.00,-1.000,-1.00,0.0291
105202,33.820,100269.375,-1.3264,0,,,,,0,-1.00,-1.000,-1.00,0.0291
105405,33.830,100265.727,-1.0199,0,,,,,0,-1.00,-1.000,-1.00,0.0291
105612,33.840,100269.703,-1.3528,0,,,,,0,-1.00,-1.000,-1.00,0.0291
105812,33.850,100269.633,-1.3476,0,,,,,0,-1.00,-1.000,-1.00,0.0291
106012,33.850,100263.844,-0.8614,0,,,,,0,-1.00,-1.000,-1.00,0.0291
106212,33.850,100267.734,-1.1890,0,,,,,0,-1.00,-1.000,-1.00,0.0291
106426,33.840,100271.242,-1.4850,0,,,,,0,-1.00,-1.000,-1.00,0.0291
106612,33.830,100268.234,-1.2313,0,,,,,0,-1.00,-1.000,-1.00,0.0291
106812,33.830,100268.078,-1.2154,0,,,,,0,-1.00,-1.000,-1.00,0.0291
107012,33.820,100270.094,-1.3846,0,,,,,0,-1.00,-1.000,-1.00,0.0291
107212,33.810,100268.758,-1.2736,0,,,,,0,-1.00,-1.000,-1.00,0.0291
107406,33.810,100267.328,-1.1520,0,,,,,0,-1.00,-1.000,-1.00,0.0291
107612,33.810,100269.555,-1.3423,0,,,,,0,-1.00,-1.000,-1.00,0.0291
107812,33.810,100269.297,-1.3211,0,,,,,0,-1.00,-1.000,-1.00,0.0291
108012,33.800,100266.914,-1.1203,0,,,,,0,-1.00,-1.000,-1.00,0.0291
108212,33.810,100268.094,-1.2207,0,,,,,0,-1.00,-1.000,-1.00,0.0291
108414,33.820,100268.281,-1.2366,0,,,,,0,-1.00,-1.000,-1.00,0.0291
108602,33.830,100268.063,-1.2154,0,,,,,0,-1.00,-1.000,-1.00,0.0291
108802,33.820,100269.484,-1.3370,0,,,,,0,-1.00,-1.000,-1.00,0.0291
109002,33.820,100268.227,-1.2313,0,,,,,0,-1.00,-1.000,-1.00,0.0291
109202,33.810,100268.297,-1.2366,0,,,,,0,-1.00,-1.000,-1.00,0.0291
109414,33.810,100267.938,-1.2049,0,,,,,0,-1.00,-1.000,-1.00,0.0291
109602,33.810,100268.758,-1.2736,0,,,,,0,-1.00,-1.000,-1.00,0.0291
109802,33.800,100269.219,-1.3159,0,,,,,0,-1.00,-1.000,-1.00,0.0291
110002,33.790,100267.547,-1.1732,0,,,,,0,-1.00,-1.000,-1.00,0.0291
110202,33.790,100266.367,-1.0728,0,,,,,0,-1.00,-1.000,-1.00,0.0291
110406,33.800,100268.883,-1.2841,0,,,,,0,-1.00,-1.000,-1.00,0.0291
110612,33.820,100266.258,-1.0622,0,,,,,0,-1.00,-1.000,-1.00,0.0291
110812,33.820,100269.438,-1.3317,0,,,,,0,-1.00,-1.000,-1.00,0.0291
111002,33.840,100269.109,-1.3053,0,,,,,0,-1.00,-1.000,-1.00,0.0291
111202,33.840,100265.688,-1.0146,0,,,,,0,-1.00,-1.000,-1.00,0.0291
111422,33.850,100265.891,-1.0358,0,,,,,0,-1.00,-1.000,-1.00,0.0291
111612,33.850,100269.297,-1.3211,0,,,,,0,-1.00,-1.000,-1.00,0.0291
111812,33.860,100268.281,-1.2366,0,,,,,0,-1.00,-1.000,-1.00,0.0291
112012,33.850,100269.992,-1.3793,0,,,,,0,-1.00,-1.000,-1.00,0.0291
112212,33.860,100268.328,-1.2366,0,,,,,0,-1.00,-1.000,-1.00,0.0291
112427,33.850,100267.125,-1.1362,0,,,,,0,-1.00,-1.000,-1.00,0.0291
112604,33.860,100270.922,-1.4585,0,,,,,0,-1.00,-1.000,-1.00,0.0291
112802,33.870,100269.422,-1.3317,0,,,,,0,-1.00,-1.000,-1.00,0.0291
113002,33.870,100266.930,-1.1203,0,,,,,0,-1.00,-1.000,-1.00,0.0291
113202,33.880,100263.703,-0.8508,0,,,,,0,-1.00,-1.000,-1.00,0.0291
113415,33.880,100265.266,-0.9829,0,,,,,0,-1.00,-1.000,-1.00,0.0291
113602,33.890,100269.859,-1.3687,0,,,,,0,-1.00,-1.000,-1.00,0.0291
113802,33.890,100264.609,-0.9248,0,,,,,0,-1.00,-1.000,-1.00,0.0291
114002,33.880,100264.969,-0.9565,0,,,,,0,-1.00,-1.000,-1.00,0.0291
114202,33.880,100264.531,-0.9195,0,,,,,0,-1.00,-1.000,-1.00,0.0291
114424,33.880,100267.594,-1.1785,0,,,,,0,-1.00,-1.000,-1.00,0.0291
114612,33.890,100261.875,-0.6976,0,,,,,0,-1.00,-1.000,-1.00,0.0291
114812,33.890,100265.563,-1.0041,0,,,,,0,-1.00,-1.000,-1.00,0.0291
115012,33.900,100267.188,-1.1415,0,,,,,0,-1.00,-1.000,-1.00,0.0291
115212,33.910,100266.008,-1.0411,0,,,,,0,-1.00,-1.000,-1.00,0.0291
115414,33.920,100265.594,-1.0093,0,,,,,0,-1.00,-1.000,-1.00,0.0291
115602,33.930,100266.914,-1.1203,0,,,,,0,-1.00,-1.000,-1.00,0.0291
115812,33.920,100264.883,-0.9459,0,,,,,0,-1.00,-1.000,-1.00,0.0291
116012,33.910,100264.516,-0.9195,0,,,,,0,-1.00,-1.000,-1.00,0.0291
116212,33.910,100267.492,-1.1679,0,,,,,0,-1.00,-1.000,-1.00,0.0291
116405,33.910,100266.594,-1.0939,0,,,,,0,-1.00,-1.000,-1.00,0.0291
116612,33.910,100263.141,-0.8033,0,,,,,0,-1.00,-1.000,-1.00,0.0291
116812,33.910,100269.055,-1.3000,0,,,,,0,-1.00,-1.000,-1.00,0.0291
117012,33.890,100270.047,-1.3846,0,,,,,0,-1.00,-1.000,-1.00,0.0291
117212,33.890,100268.656,-1.2683,0,,,,,0,-1.00,-1.000,-1.00,0.0291
117405,33.880,100267.594,-1.1785,0,,,,,0,-1.00,-1.000,-1.00,0.0291
117612,33.870,100268.906,-1.2894,0,,,,,0,-1.00,-1.000,-1.00,0.0291
117812,33.870,100267.266,-1.1520,0,,,,,0,-1.00,-1.000,-1.00,0.0291
118012,33.870,100269.547,-1.3423,0,,,,,0,-1.00,-1.000,-1.00,0.0291
118212,33.870,100268.906,-1.2894,0,,,,,0,-1.00,-1.000,-1.00,0.0291
118426,33.870,100271.688,-1.5219,0,,,,,0,-1.00,-1.000,-1.00,0.0291
118612,33.860,100269.672,-1.3528,0,,,,,0,-1.00,-1.000,-1.00,0.0291
118812,33.870,100271.281,-1.4850,0,,,,,0,-1.00,-1.000,-1.00,0.0291
119012,33.880,100269.266,-1.3159,0,,,,,0,-1.00,-1.000,-1.00,0.0291
119212,33.890,100272.445,-1.5854,0,,,,,0,-1.00,-1.000,-1.00,0.0291
119405,33.880,100271.516,-1.5061,0,,,,,0,-1.00,-1.000,-1.00,0.0291
119612,33.850,100266.969,-1.1256,0,,,,,0,-1.00,-1.000,-1.00,0.0291
119812,33.870,100270.438,-1.4163,0,,,,,0,-1.00,-1.000,-1.00,0.0291
120012,33.870,100269.422,-1.3317,0,,,,,0,-1.00,-1.000,-1.00,0.0291
120212,33.870,100269.617,-1.3476,0,,,,,0,-1.00,-1.000,-1.00,0.0291
120414,33.870,100266.211,-1.0622,0,,,,,0,-1.00,-1.000,-1.00,0.0291
120602,33.870,100270.438,-1.4163,0,,,,,0,-1.00,-1.000,-1.00,0.0291
120812,33.860,100270.563,-1.4268,0,,,,,0,-1.00,-1.000,-1.00,0.0291
121012,33.850,100272.703,-1.6065,0,,,,,0,-1.00,-1.000,-1.00,0.0291
121212,33.850,100269.094,-1.3053,0,,,,,0,-1.00,-1.000,-1.00,0.0291
121423,33.860,100272.094,-1.5537,0,,,,,0,-1.00,-1.000,-1.00,0.0291
121612,33.850,100268.984,-1.2947,0,,,,,0,-1.00,-1.000,-1.00,0.0291
121812,33.840,100268.859,-1.2841,0,,,,,0,-1.00,-1.000,-1.00,0.0291
122012,33.850,100271.016,-1.4638,0,,,,,0,-1.00,-1.000,-1.00,0.0291
122212,33.860,100269.000,-1.2947,0,,,,,0,-1.00,-1.000,-1.00,0.0291
122422,33.850,100271.430,-1.5008,0,,,,,0,-1.00,-1.000,-1.00,0.0291
122612,33.850,100272.094,-1.5537,0,,,,,0,-1.00,-1.000,-1.00,0.0291
122812,33.850,100271.430,-1.5008,0,,,,,0,-1.00,-1.000,-1.00,0.0291
123012,33.840,100270.523,-1.4215,0,,,,,0,-1.00,-1.000,-1.00,0.0291
123202,33.840,100268.625,-1.2630,0,,,,,0,-1.00,-1.000,-1.00,0.0291
123431,33.840,100266.656,-1.0992,0,,,,,0,-1.00,-1.000,-1.00,0.0291
123612,33.840,100269.469,-1.3370,0,,,,,0,-1.00,-1.000,-1.00,0.0291
123812,33.830,100270.031,-1.3793,0,,,,,0,-1.00,-1.000,-1.00,0.0291
124012,33.830,100271.234,-1.4850,0,,,,,0,-1.00,-1.000,-1.00,0.0291
124212,33.830,100269.266,-1.3159,0,,,,,0,-1.00,-1.000,-1.00,0.0291
124426,33.840,100270.172,-1.3951,0,,,,,0,-1.00,-1.000,-1.00,0.0291
124620,33.830,100268.797,-1.2789,0,,,,,0,-1.00,-1.000,-1.00,0.0291
124802,33.820,100267.867,-1.1996,0,,,,,0,-1.00,-1.000,-1.00,0.0291
125002,33.800,100266.914,-1.1203,0,,,,,0,-1.00,-1.000,-1.00,0.0291
125202,33.790,100267.719,-1.1890,0,,,,,0,-1.00,-1.000,-1.00,0.0291
125431,33.730,100264.391,-0.9089,0,,,,,0,-1.00,-1.000,-1.00,0.0291
125602,33.700,100265.906,-1.0358,0,,,,,0,-1.00,-1.000,-1.00,0.0291
125802,33.680,100265.922,-1.0358,0,,,,,0,-1.00,-1.000,-1.00,0.0291
126002,33.660,100265.234,-0.9776,0,,,,,0,-1.00,-1.000,-1.00,0.0291
126202,33.640,100262.961,-0.7874,0,,,,,0,-1.00,-1.000,-1.00,0.0291
126430,33.610,100263.406,-0.8244,0,,,,,0,-1.00,-1.000,-1.00,0.0291
126612,33.600,100265.656,-1.0146,0,,,,,0,-1.00,-1.000,-1.00,0.0291
126812,33.580,100264.695,-0.9354,0,,,,,0,-1.00,-1.000,-1.00,0.0291
127012,33.560,100266.320,-1.0675,0,,,,,0,-1.00,-1.000,-1.00,0.0291
127212,33.540,100266.047,-1.0463,0,,,,,0,-1.00,-1.000,-1.00,0.0291
127429,33.510,100264.438,-0.9089,0,,,,,0,-1.00,-1.000,-1.00,0.0291
127612,33.490,100263.703,-0.8508,0,,,,,0,-1.00,-1.000,-1.00,0.0291
127812,33.470,100264.047,-0.8772,0,,,,,0,-1.00,-1.000,-1.00,0.0291
128012,33.440,100262.109,-0.7134,0,,,,,0,-1.00,-1.000,-1.00,0.0291
128212,33.430,100264.648,-0.9301,0,,,,,0,-1.00,-1.000,-1.00,0.0291
128429,33.400,100266.211,-1.0622,0,,,,,0,-1.00,-1.000,-1.00,0.0291
128612,33.390,100261.953,-0.7028,0,,,,,0,-1.00,-1.000,-1.00,0.0291
128812,33.390,100263.750,-0.8561,0,,,,,0,-1.00,-1.000,-1.00,0.0291
129012,33.390,100263.266,-0.8138,0,,,,,0,-1.00,-1.000,-1.00,0.0291
129212,33.400,100265.313,-0.9829,0,,,,,0,-1.00,-1.000,-1.00,0.0291
129430,33.400,100263.703,-0.8508,0,,,,,0,-1.00,-1.000,-1.00,0.0291
129612,33.400,100263.836,-0.8614,0,,,,,0,-1.00,-1.000,-1.00,0.0291
129812,33.410,100261.078,-0.6289,0,,,,,0,-1.00,-1.000,-1.00,0.0291
130012,33.430,100266.781,-1.1098,0,,,,,0,-1.00,-1.000,-1.00,0.0291
130212,33.420,100266.109,-1.0516,0,,,,,0,-1.00,-1.000,-1.00,0.0291
130420,33.430,100263.273,-0.8138,0,,,,,0,-1.00,-1.000,-1.00,0.0291
130614,33.430,100263.273,-0.8138,0,,,,,0,-1.00,-1.000,-1.00,0.0291
130812,33.440,100265.859,-1.0305,0,,,,,0,-1.00,-1.000,-1.00,0.0291
131012,33.440,100264.000,-0.8720,0,,,,,0,-1.00,-1.000,-1.00,0.0291
131212,33.430,100265.234,-0.9776,0,,,,,0,-1.00,-1.000,-1.00,0.0291
131430,33.430,100264.766,-0.9406,0,,,,,0,-1.00,-1.000,-1.00,0.0291
131612,33.430,100266.266,-1.0675,0,,,,,0,-1.00,-1.000,-1.00,0.0291
131812,33.430,100266.953,-1.1256,0,,,,,0,-1.00,-1.000,-1.00,0.0291
132012,33.420,100265.867,-1.0305,0,,,,,0,-1.00,-1.000,-1.00,0.0291
132212,33.390,100267.234,-1.1467,0,,,,,0,-1.00,-1.000,-1.00,0.0291
132431,33.340,100264.984,-0.9565,0,,,,,0,-1.00,-1.000,-1.00,0.0291
132612,33.330,100262.953,-0.7874,0,,,,,0,-1.00,-1.000,-1.00,0.0291
132812,33.300,100265.547,-1.0041,0,,,,,0,-1.00,-1.000,-1.00,0.0291
133012,33.280,100263.359,-0.8191,0,,,,,0,-1.00,-1.000,-1.00,0.0291
133212,33.270,100264.961,-0.9565,0,,,,,0,-1.00,-1.000,-1.00,0.0291
133430,33.270,100264.961,-0.9565,0,,,,,0,-1.00,-1.000,-1.00,0.0291
133612,33.260,100263.875,-0.8614,0,,,,,0,-1.00,-1.000,-1.00,0.0291
133812,33.250,100263.156,-0.8033,0,,,,,0,-1.00,-1.000,-1.00,0.0291
134012,33.250,100262.492,-0.7451,0,,,,,0,-1.00,-1.000,-1.00,0.0291
134212,33.250,100265.242,-0.9776,0,,,,,0,-1.00,-1.000,-1.00,0.0291
134430,33.230,100265.750,-1.0199,0,,,,,0,-1.00,-1.000,-1.00,0.0291
134612,33.220,100265.859,-1.0305,0,,,,,0,-1.00,-1.000,-1.00,0.0291
134812,33.210,100262.992,-0.7874,0,,,,,0,-1.00,-1.000,-1.00,0.0291
135012,33.210,100262.508,-0.7504,0,,,,,0,-1.00,-1.000,-1.00,0.0291
135212,33.220,100261.328,-0.6500,0,,,,,0,-1.00,-1.000,-1.00,0.0291
135430,33.230,100263.250,-0.8138,0,,,,,0,-1.00,-1.000,-1.00,0.0291
135602,33.250,100263.406,-0.8244,0,,,,,0,-1.00,-1.000,-1.00,0.0291
135802,33.250,100263.203,-0.8085,0,,,,,0,-1.00,-1.000,-1.00,0.0291
136002,33.250,100263.281,-0.8138,0,,,,,0,-1.00,-1.000,-1.00,0.0291
136202,33.240,100264.633,-0.9248,0,,,,,0,-1.00,-1.000,-1.00,0.0291
136419,33.240,100265.055,-0.9618,0,,,,,0,-1.00,-1.000,-1.00,0.0291
136613,33.240,100263.195,-0.8085,0,,,,,0,-1.00,-1.000,-1.00,0.0291
136812,33.250,100265.016,-0.9618,0,,,,,0,-1.00,-1.000,-1.00,0.0291
137012,33.260,100261.906,-0.6976,0,,,,,0,-1.00,-1.000,-1.00,0.0291
137212,33.270,100261.500,-0.6659,0,,,,,0,-1.00,-1.000,-1.00,0.0291
137431,33.270,100262.453,-0.7451,0,,,,,0,-1.00,-1.000,-1.00,0.0291
137602,33.270,100266.656,-1.0992,0,,,,,0,-1.00,-1.000,-1.00,0.0291
137802,33.280,100264.516,-0.9195,0,,,,,0,-1.00,-1.000,-1.00,0.0291
138002,33.280,100264.813,-0.9406,0,,,,,0,-1.00,-1.000,-1.00,0.0291
138202,33.280,100262.125,-0.7187,0,,,,,0,-1.00,-1.000,-1.00,0.0291
138431,33.300,100266.438,-1.0780,0,,,,,0,-1.00,-1.000,-1.00,0.0291
138612,33.300,100263.758,-0.8561,0,,,,,0,-1.00,-1.000,-1.00,0.0291
138812,33.310,100266.813,-1.1098,0,,,,,0,-1.00,-1.000,-1.00,0.0291
139012,33.320,100267.250,-1.1467,0,,,,,0,-1.00,-1.000,-1.00,0.0291
139212,33.320,100264.203,-0.8931,0,,,,,0,-1.00,-1.000,-1.00,0.0291
139430,33.320,100266.125,-1.0516,0,,,,,0,-1.00,-1.000,-1.00,0.0291
139612,33.320,100264.844,-0.9459,0,,,,,0,-1.00,-1.000,-1.00,0.0291
139812,33.330,100265.828,-1.0252,0,,,,,0,-1.00,-1.000,-1.00,0.0291
140012,33.340,100263.922,-0.8667,0,,,,,0,-1.00,-1.000,-1.00,0.0291
140212,33.350,100264.945,-0.9565,0,,,,,0,-1.00,-1.000,-1.00,0.0291
140430,33.350,100264.188,-0.8878,0,,,,,0,-1.00,-1.000,-1.00,0.0291
140612,33.350,100265.266,-0.9829,0,,,,,0,-1.00,-1.000,-1.00,0.0291
140802,33.360,100267.422,-1.1626,0,,,,,0,-1.00,-1.000,-1.00,0.0291
141002,33.370,100268.086,-1.2154,0,,,,,0,-1.00,-1.000,-1.00,0.0291
141202,33.380,100266.906,-1.1203,0,,,,,0,-1.00,-1.000,-1.00,0.0291
141430,33.380,100265.531,-1.0041,0,,,,,0,-1.00,-1.000,-1.00,0.0291
141612,33.390,100266.031,-1.0463,0,,,,,0,-1.00,-1.000,-1.00,0.0291
141812,33.380,100264.203,-0.8931,0,,,,,0,-1.00,-1.000,-1.00,0.0291
142012,33.380,100265.227,-0.9776,0,,,,,0,-1.00,-1.000,-1.00,0.0291
142212,33.380,100268.281,-1.2366,0,,,,,0,-1.00,-1.000,-1.00,0.0291
142419,33.380,100267.266,-1.1520,0,,,,,0,-1.00,-1.000,-1.00,0.0291
142613,33.360,100268.734,-1.2736,0,,,,,0,-1.00,-1.000,-1.00,0.0291
142812,33.360,100268.438,-1.2472,0,,,,,0,-1.00,-1.000,-1.00,0.0291
143012,33.350,100267.047,-1.1309,0,,,,,0,-1.00,-1.000,-1.00,0.0291
143212,33.350,100266.641,-1.0939,0,,,,,0,-1.00,-1.000,-1.00,0.0291
143431,33.340,100263.742,-0.8508,0,,,,,0,-1.00,-1.000,-1.00,0.0291
143602,33.330,100265.234,-0.9776,0,,,,,0,-1.00,-1.000,-1.00,0.0291
143802,33.320,100264.516,-0.9195,0,,,,,0,-1.00,-1.000,-1.00,0.0291
144002,33.320,100265.281,-0.9829,0,,,,,0,-1.00,-1.000,-1.00,0.0291
144202,33.320,100265.047,-0.9618,0,,,,,0,-1.00,-1.000,-1.00,0.0291
144431,33.310,100260.242,-0.5602,0,,,,,0,-1.00,-1.000,-1.00,0.0291
144612,33.310,100261.563,-0.6711,0,,,,,0,-1.00,-1.000,-1.00,0.0291
144812,33.310,100264.734,-0.9354,0,,,,,0,-1.00,-1.000,-1.00,0.0291
145012,33.310,100264.539,-0.9195,0,,,,,0,-1.00,-1.000,-1.00,0.0291
145212,33.310,100262.688,-0.7663,0,,,,,0,-1.00,-1.000,-1.00,0.0291
145430,33.320,100265.867,-1.0305,0,,,,,0,-1.00,-1.000,-1.00,0.0291
145612,33.320,100267.125,-1.1362,0,,,,,0,-1.00,-1.000,-1.00,0.0291
145812,33.320,100267.844,-1.1996,0,,,,,0,-1.00,-1.000,-1.00,0.0291
146012,33.300,100266.188,-1.0569,0,,,,,0,-1.00,-1.000,-1.00,0.0291
146212,33.300,100266.188,-1.0569,0,,,,,0,-1.00,-1.000,-1.00,0.0291
146432,33.300,100265.672,-1.0146,0,,,,,0,-1.00,-1.000,-1.00,0.0291
146602,33.300,100268.875,-1.2841,0,,,,,0,-1.00,-1.000,-1.00,0.0291
146802,33.290,100265.234,-0.9776,0,,,,,0,-1.00,-1.000,-1.00,0.0291
147002,33.290,100268.102,-1.2207,0,,,,,0,-1.00,-1.000,-1.00,0.0291
147202,33.300,100266.922,-1.1203,0,,,,,0,-1.00,-1.000,-1.00,0.0291
147429,33.300,100265.367,-0.9882,0,,,,,0,-1.00,-1.000,-1.00,0.0291
147602,33.300,100265.141,-0.9724,0,,,,,0,-1.00,-1.000,-1.00,0.0291
147802,33.290,100268.453,-1.2472,0,,,,,0,-1.00,-1.000,-1.00,0.0291
148002,33.270,100262.758,-0.7715,0,,,,,0,-1.00,-1.000,-1.00,0.0291
148202,33.270,100265.078,-0.9671,0,,,,,0,-1.00,-1.000,-1.00,0.0291
148424,33.280,100264.375,-0.9037,0,,,,,0,-1.00,-1.000,-1.00,0.0291
148610,33.280,100267.422,-1.1626,0,,,,,0,-1.00,-1.000,-1.00,0.0291
148812,33.270,100262.039,-0.7081,0,,,,,0,-1.00,-1.000,-1.00,0.0291
149012,33.280,100264.078,-0.8825,0,,,,,0,-1.00,-1.000,-1.00,0.0291
149212,33.280,100265.703,-1.0199,0,,,,,0,-1.00,-1.000,-1.00,0.0291
149424,33.280,100263.922,-0.8667,0,,,,,0,-1.00,-1.000,-1.00,0.0291
149612,33.280,100264.328,-0.9037,0,,,,,0,-1.00,-1.000,-1.00,0.0291
149812,33.300,100265.852,-1.0305,0,,,,,0,-1.00,-1.000,-1.00,0.0291
150012,33.300,100265.313,-0.9829,0,,,,,0,-1.00,-1.000,-1.00,0.0291
150212,33.310,100265.625,-1.0093,0,,,,,0,-1.00,-1.000,-1.00,0.0291
150421,33.310,100264.906,-0.9512,0,,,,,0,-1.00,-1.000,-1.00,0.0291
150602,33.310,100265.625,-1.0093,0,,,,,0,-1.00,-1.000,-1.00,0.0291
150802,33.310,100265.328,-0.9882,0,,,,,0,-1.00,-1.000,-1.00,0.0291
151002,33.310,100267.172,-1.1415,0,,,,,0,-1.00,-1.000,-1.00,0.0291
151202,33.300,100265.672,-1.0146,0,,,,,0,-1.00,-1.000,-1.00,0.0291
151412,33.300,100265.828,-1.0252,0,,,,,0,-1.00,-1.000,-1.00,0.0291
151602,33.280,100266.125,-1.0516,0,,,,,0,-1.00,-1.000,-1.00,0.0291
151802,33.280,100267.141,-1.1362,0,,,,,0,-1.00,-1.000,-1.00,0.0291
152002,33.270,100265.859,-1.0305,0,,,,,0,-1.00,-1.000,-1.00,0.0291
152202,33.290,100267.430,-1.1626,0,,,,,0,-1.00,-1.000,-1.00,0.0291
152431,33.280,100265.328,-0.9882,0,,,,,0,-1.00,-1.000,-1.00,0.0291
152612,33.290,100264.109,-0.8825,0,,,,,0,-1.00,-1.000,-1.00,0.0291
152812,33.300,100266.750,-1.1045,0,,,,,0,-1.00,-1.000,-1.00,0.0291
153012,33.300,100264.297,-0.8984,0,,,,,0,-1.00,-1.000,-1.00,0.0291
153212,33.310,100266.523,-1.0886,0,,,,,0,-1.00,-1.000,-1.00,0.0291
153431,33.330,100266.719,-1.1045,0,,,,,0,-1.00,-1.000,-1.00,0.0291
153612,33.330,100265.398,-0.9935,0,,,,,0,-1.00,-1.000,-1.00,0.0291
153812,33.340,100265.297,-0.9829,0,,,,,0,-1.00,-1.000,-1.00,0.0291
154012,33.340,100266.094,-1.0516,0,,,,,0,-1.00,-1.000,-1.00,0.0291
154212,33.350,100269.328,-1.3211,0,,,,,0,-1.00,-1.000,-1.00,0.0291
154432,33.340,100265.469,-0.9988,0,,,,,0,-1.00,-1.000,-1.00,0.0291
154626,33.340,100266.266,-1.0675,0,,,,,0,-1.00,-1.000,-1.00,0.0291
154802,33.340,100265.789,-1.0252,0,,,,,0,-1.00,-1.000,-1.00,0.0291
155002,33.350,100269.500,-1.3370,0,,,,,0,-1.00,-1.000,-1.00,0.0291
155202,33.360,100266.055,-1.0463,0,,,,,0,-1.00,-1.000,-1.00,0.0291
155423,33.370,100266.039,-1.0463,0,,,,,0,-1.00,-1.000,-1.00,0.0291
155612,33.370,100266.703,-1.1045,0,,,,,0,-1.00,-1.000,-1.00,0.0291
155802,33.390,100268.766,-1.2736,0,,,,,0,-1.00,-1.000,-1.00,0.0291
156002,33.380,100265.281,-0.9829,0,,,,,0,-1.00,-1.000,-1.00,0.0291
156202,33.390,100265.547,-1.0041,0,,,,,0,-1.00,-1.000,-1.00,0.0291
156425,33.390,100264.953,-0.9565,0,,,,,0,-1.00,-1.000,-1.00,0.0291
156612,33.370,100265.813,-1.0252,0,,,,,0,-1.00,-1.000,-1.00,0.0291
156812,33.370,100268.984,-1.2947,0,,,,,0,-1.00,-1.000,-1.00,0.0291
157012,33.360,100269.328,-1.3211,0,,,,,0,-1.00,-1.000,-1.00,0.0291
157212,33.340,100266.781,-1.1098,0,,,,,0,-1.00,-1.000,-1.00,0.0291
157421,33.340,100268.875,-1.2841,0,,,,,0,-1.00,-1.000,-1.00,0.0291
157602,33.320,100267.891,-1.1996,0,,,,,0,-1.00,-1.000,-1.00,0.0291
157802,33.310,100268.297,-1.2366,0,,,,,0,-1.00,-1.000,-1.00,0.0291
158002,33.310,100269.391,-1.3264,0,,,,,0,-1.00,-1.000,-1.00,0.0291
158202,33.310,100267.828,-1.1943,0,,,,,0,-1.00,-1.000,-1.00,0.0291
158422,33.310,100269.859,-1.3687,0,,,,,0,-1.00,-1.000,-1.00,0.0291
158612,33.300,100265.602,-1.0093,0,,,,,0,-1.00,-1.000,-1.00,0.0291
158812,33.300,100266.719,-1.1045,0,,,,,0,-1.00,-1.000,-1.00,0.0291
159012,33.270,100268.547,-1.2577,0,,,,,0,-1.00,-1.000,-1.00,0.0291
159212,33.260,100268.586,-1.2577,0,,,,,0,-1.00,-1.000,-1.00,0.0291
159433,33.270,100267.469,-1.1679,0,,,,,0,-1.00,-1.000,-1.00,0.0291
159602,33.280,100267.953,-1.2049,0,,,,,0,-1.00,-1.000,-1.00,0.0291
159802,33.260,100266.266,-1.0675,0,,,,,0,-1.00,-1.000,-1.00,0.0291
160002,33.250,100265.063,-0.9618,0,,,,,0,-1.00,-1.000,-1.00,0.0291
160202,33.240,100266.234,-1.0622,0,,,,,0,-1.00,-1.000,-1.00,0.0291
160429,33.220,100263.766,-0.8561,0,,,,,0,-1.00,-1.000,-1.00,0.0291
160628,33.230,100264.266,-0.8984,0,,,,,0,-1.00,-1.000,-1.00,0.0291
160812,33.230,100265.258,-0.9829,0,,,,,0,-1.00,-1.000,-1.00,0.0291
161012,33.230,100265.641,-1.0146,0,,,,,0,-1.00,-1.000,-1.00,0.0291
161212,33.230,100263.594,-0.8402,0,,,,,0,-1.00,-1.000,-1.00,0.0291
161432,33.240,100265.414,-0.9935,0,,,,,0,-1.00,-1.000,-1.00,0.0291
161602,33.240,100264.938,-0.9512,0,,,,,0,-1.00,-1.000,-1.00,0.0291
161802,33.240,100265.047,-0.9618,0,,,,,0,-1.00,-1.000,-1.00,0.0291
162002,33.250,100266.789,-1.1098,0,,,,,0,-1.00,-1.000,-1.00,0.0291
162202,33.250,100265.781,-1.0252,0,,,,,0,-1.00,-1.000,-1.00,0.0291
162431,33.250,100267.031,-1.1309,0,,,,,0,-1.00,-1.000,-1.00,0.0291
162612,33.240,100266.828,-1.1098,0,,,,,0,-1.00,-1.000,-1.00,0.0291
162812,33.240,100265.883,-1.0305,0,,,,,0,-1.00,-1.000,-1.00,0.0291
163012,33.250,100265.836,-1.0305,0,,,,,0,-1.00,-1.000,-1.00,0.0291
163212,33.240,100266.719,-1.1045,0,,,,,0,-1.00,-1.000,-1.00,0.0291
163423,33.230,100263.492,-0.8297,0,,,,,0,-1.00,-1.000,-1.00,0.0291
163612,33.230,100266.109,-1.0516,0,,,,,0,-1.00,-1.000,-1.00,0.0291
163812,33.230,100263.953,-0.8720,0,,,,,0,-1.00,-1.000,-1.00,0.0291
164012,33.270,100268.484,-1.2524,0,,,,,0,-1.00,-1.000,-1.00,0.0291
164212,33.260,100266.438,-1.0780,0,,,,,0,-1.00,-1.000,-1.00,0.0291
164424,33.270,100262.938,-0.7874,0,,,,,0,-1.00,-1.000,-1.00,0.0291
164612,33.270,100265.141,-0.9724,0,,,,,0,-1.00,-1.000,-1.00,0.0291
164812,33.270,100264.781,-0.9406,0,,,,,0,-1.00,-1.000,-1.00,0.0291
165012,33.270,100264.063,-0.8825,0,,,,,0,-1.00,-1.000,-1.00,0.0291
165212,33.270,100262.094,-0.7134,0,,,,,0,-1.00,-1.000,-1.00,0.0291
165425,33.260,100263.391,-0.8244,0,,,,,0,-1.00,-1.000,-1.00,0.0291
165612,33.230,100261.039,-0.6236,0,,,,,0,-1.00,-1.000,-1.00,0.0291
165802,33.200,100262.547,-0.7504,0,,,,,0,-1.00,-1.000,-1.00,0.0291
166002,33.190,100263.484,-0.8297,0,,,,,0,-1.00,-1.000,-1.00,0.0291
166202,33.160,100261.953,-0.7028,0,,,,,0,-1.00,-1.000,-1.00,0.0291
166427,33.160,100265.719,-1.0199,0,,,,,0,-1.00,-1.000,-1.00,0.0291
166612,33.160,100264.344,-0.9037,0,,,,,0,-1.00,-1.000,-1.00,0.0291
166812,33.150,100263.859,-0.8614,0,,,,,0,-1.00,-1.000,-1.00,0.0291
167012,33.140,100262.750,-0.7715,0,,,,,0,-1.00,-1.000,-1.00,0.0291
167212,33.130,100261.078,-0.6289,0,,,,,0,-1.00,-1.000,-1.00,0.0291
167424,33.110,100261.648,-0.6764,0,,,,,0,-1.00,-1.000,-1.00,0.0291
167612,33.110,100263.203,-0.8085,0,,,,,0,-1.00,-1.000,-1.00,0.0291
167812,33.090,100264.961,-0.9565,0,,,,,0,-1.00,-1.000,-1.00,0.0291
168012,33.080,100263.641,-0.8455,0,,,,,0,-1.00,-1.000,-1.00,0.0291
168212,33.080,100265.672,-1.0146,0,,,,,0,-1.00,-1.000,-1.00,0.0291
168431,33.090,100263.953,-0.8720,0,,,,,0,-1.00,-1.000,-1.00,0.0291
168602,33.090,100262.641,-0.7610,0,,,,,0,-1.00,-1.000,-1.00,0.0291
168802,33.110,100266.539,-1.0886,0,,,,,0,-1.00,-1.000,-1.00,0.0291
169002,33.110,100265.766,-1.0252,0,,,,,0,-1.00,-1.000,-1.00,0.0291
169202,33.100,100261.875,-0.6976,0,,,,,0,-1.00,-1.000,-1.00,0.0291
169436,33.110,100265.844,-1.0305,0,,,,,0,-1.00,-1.000,-1.00,0.0291
169602,33.120,100266.844,-1.1150,0,,,,,0,-1.00,-1.000,-1.00,0.0291
169802,33.120,100263.344,-0.8191,0,,,,,0,-1.00,-1.000,-1.00,0.0291
170002,33.130,100264.609,-0.9248,0,,,,,0,-1.00,-1.000,-1.00,0.0291
170202,33.140,100264.484,-0.9142,0,,,,,0,-1.00,-1.000,-1.00,0.0291
170431,33.150,100266.906,-1.1203,0,,,,,0,-1.00,-1.000,-1.00,0.0291
170612,33.150,100265.891,-1.0358,0,,,,,0,-1.00,-1.000,-1.00,0.0291
170812,33.160,100265.961,-1.0411,0,,,,,0,-1.00,-1.000,-1.00,0.0291
171012,33.170,100268.234,-1.2313,0,,,,,0,-1.00,-1.000,-1.00,0.0291
171212,33.170,100262.500,-0.7504,0,,,,,0,-1.00,-1.000,-1.00,0.0291
171433,33.180,100265.883,-1.0305,0,,,,,0,-1.00,-1.000,-1.00,0.0291
171602,33.200,100269.344,-1.3264,0,,,,,0,-1.00,-1.000,-1.00,0.0291
171802,33.200,100264.469,-0.9142,0,,,,,0,-1.00,-1.000,-1.00,0.0291
172012,33.200,100265.906,-1.0358,0,,,,,0,-1.00,-1.000,-1.00,0.0291
172212,33.220,100264.172,-0.8878,0,,,,,0,-1.00,-1.000,-1.00,0.0291
172419,33.220,100265.328,-0.9882,0,,,,,0,-1.00,-1.000,-1.00,0.0291
172613,33.230,100262.570,-0.7557,0,,,,,0,-1.00,-1.000,-1.00,0.0291
172812,33.250,100265.602,-1.0093,0,,,,,0,-1.00,-1.000,-1.00,0.0291
173012,33.250,100265.922,-1.0358,0,,,,,0,-1.00,-1.000,-1.00,0.0291
173212,33.250,100265.563,-1.0041,0,,,,,0,-1.00,-1.000,-1.00,0.0291
173430,33.260,100266.688,-1.0992,0,,,,,0,-1.00,-1.000,-1.00,0.0291
173602,33.250,100261.898,-0.6976,0,,,,,0,-1.00,-1.000,-1.00,0.0291
173802,33.250,100267.391,-1.1573,0,,,,,0,-1.00,-1.000,-1.00,0.0291
174002,33.230,100266.828,-1.1098,0,,,,,0,-1.00,-1.000,-1.00,0.0291
174202,33.230,100265.258,-0.9829,0,,,,,0,-1.00,-1.000,-1.00,0.0291
174432,33.210,100266.031,-1.0463,0,,,,,0,-1.00,-1.000,-1.00,0.0291
174602,33.210,100266.086,-1.0516,0,,,,,0,-1.00,-1.000,-1.00,0.0291
174802,33.200,100265.047,-0.9618,0,,,,,0,-1.00,-1.000,-1.00,0.0291
175002,33.170,100266.563,-1.0886,0,,,,,0,-1.00,-1.000,-1.00,0.0291
175202,33.140,100267.250,-1.1467,0,,,,,0,-1.00,-1.000,-1.00,0.0291
175431,33.120,100263.570,-0.8402,0,,,,,0,-1.00,-1.000,-1.00,0.0291
175612,33.100,100261.922,-0.6976,0,,,,,0,-1.00,-1.000,-1.00,0.0291
175802,33.090,100263.398,-0.8244,0,,,,,0,-1.00,-1.000,-1.00,0.0291
176002,33.060,100263.320,-0.8191,0,,,,,0,-1.00,-1.000,-1.00,0.0291
176202,33.040,100261.164,-0.6341,0,,,,,0,-1.00,-1.000,-1.00,0.0291
176431,33.020,100259.641,-0.5073,0,,,,,0,-1.00,-1.000,-1.00,0.0291
176602,33.030,100265.781,-1.0252,0,,,,,0,-1.00,-1.000,-1.00,0.0291
176802,33.040,100264.563,-0.9195,0,,,,,0,-1.00,-1.000,-1.00,0.0291
177002,33.050,100261.711,-0.6817,0,,,,,0,-1.00,-1.000,-1.00,0.0291
177202,33.060,100265.984,-1.0411,0,,,,,0,-1.00,-1.000,-1.00,0.0291
177431,33.070,100264.859,-0.9459,0,,,,,0,-1.00,-1.000,-1.00,0.0291
177612,33.080,100265.484,-0.9988,0,,,,,0,-1.00,-1.000,-1.00,0.0291
177812,33.090,100265.266,-0.9829,0,,,,,0,-1.00,-1.000,-1.00,0.0291
178012,33.090,100263.953,-0.8720,0,,,,,0,-1.00,-1.000,-1.00,0.0291
178212,33.090,100267.000,-1.1256,0,,,,,0,-1.00,-1.000,-1.00,0.0291
178427,33.080,100264.180,-0.8878,0,,,,,0,-1.00,-1.000,-1.00,0.0291
178626,33.060,100265.469,-0.9988,0,,,,,0,-1.00,-1.000,-1.00,0.0291
178812,33.040,100263.547,-0.8350,0,,,,,0,-1.00,-1.000,-1.00,0.0291
179012,33.030,100265.664,-1.0146,0,,,,,0,-1.00,-1.000,-1.00,0.0291
179212,33.020,100263.219,-0.8085,0,,,,,0,-1.00,-1.000,-1.00,0.0291
179432,33.030,100265.734,-1.0199,0,,,,,0,-1.00,-1.000,-1.00,0.0291
179602,33.030,100262.578,-0.7557,0,,,,,0,-1.00,-1.000,-1.00,0.0291
179802,33.030,100262.938,-0.7874,0,,,,,0,-1.00,-1.000,-1.00,0.0291
180002,33.030,100264.367,-0.9037,0,,,,,0,-1.00,-1.000,-1.00,0.0291
180202,33.030,100263.688,-0.8455,0,,,,,0,-1.00,-1.000,-1.00,0.0291
180435,33.030,100263.953,-0.8720,0,,,,,0,-1.00,-1.000,-1.00,0.0291
180602,33.040,100265.461,-0.9988,0,,,,,0,-1.00,-1.000,-1.00,0.0291
180802,33.060,100263.516,-0.8350,0,,,,,0,-1.00,-1.000,-1.00,0.0291
181012,33.050,100263.141,-0.8033,0,,,,,0,-1.00,-1.000,-1.00,0.0291
181212,33.040,100264.734,-0.9354,0,,,,,0,-1.00,-1.000,-1.00,0.0291
181433,33.050,100266.016,-1.0463,0,,,,,0,-1.00,-1.000,-1.00,0.0291
181602,33.040,100264.391,-0.9089,0,,,,,0,-1.00,-1.000,-1.00,0.0291
181802,33.040,100263.836,-0.8614,0,,,,,0,-1.00,-1.000,-1.00,0.0291
182002,33.040,100262.063,-0.7134,0,,,,,0,-1.00,-1.000,-1.00,0.0291
182202,33.050,100261.711,-0.6817,0,,,,,0,-1.00,-1.000,-1.00,0.0291
182433,33.040,100263.141,-0.8033,0,,,,,0,-1.00,-1.000,-1.00,0.0291
182602,33.030,100267.227,-1.1467,0,,,,,0,-1.00,-1.000,-1.00,0.0291
182802,33.020,100266.727,-1.1045,0,,,,,0,-1.00,-1.000,-1.00,0.0291
183002,33.010,100267.789,-1.1943,0,,,,,0,-1.00,-1.000,-1.00,0.0291
183202,33.000,100263.359,-0.8191,0,,,,,0,-1.00,-1.000,-1.00,0.0291
183432,33.000,100263.180,-0.8033,0,,,,,0,-1.00,-1.000,-1.00,0.0291
183602,33.010,100264.156,-0.8878,0,,,,,0,-1.00,-1.000,-1.00,0.0291
183802,33.010,100262.297,-0.7293,0,,,,,0,-1.00,-1.000,-1.00,0.0291
184002,33.010,100263.570,-0.8402,0,,,,,0,-1.00,-1.000,-1.00,0.0291
184212,33.020,100260.469,-0.5760,0,,,,,0,-1.00,-1.000,-1.00,0.0291
184427,33.030,100261.547,-0.6659,0,,,,,0,-1.00,-1.000,-1.00,0.0291
184621,33.040,100261.164,-0.6341,0,,,,,0,-1.00,-1.000,-1.00,0.0291
184802,33.040,100259.969,-0.5337,0,,,,,0,-1.00,-1.000,-1.00,0.0291
185002,33.050,100261.172,-0.6341,0,,,,,0,-1.00,-1.000,-1.00,0.0291
185202,33.050,100261.172,-0.6341,0,,,,,0,-1.00,-1.000,-1.00,0.0291
185431,33.060,100261.367,-0.6553,0,,,,,0,-1.00,-1.000,-1.00,0.0291
185602,33.060,100261.328,-0.6500,0,,,,,0,-1.00,-1.000,-1.00,0.0291
185802,33.070,100262.125,-0.7187,0,,,,,0,-1.00,-1.000,-1.00,0.0291
186002,33.060,100261.242,-0.6447,0,,,,,0,-1.00,-1.000,-1.00,0.0291
186202,33.050,100262.539,-0.7504,0,,,,,0,-1.00,-1.000,-1.00,0.0291
186432,33.070,100262.656,-0.7610,0,,,,,0,-1.00,-1.000,-1.00,0.0291
186602,33.060,100260.641,-0.5919,0,,,,,0,-1.00,-1.000,-1.00,0.0291
186802,33.070,100262.563,-0.7557,0,,,,,0,-1.00,-1.000,-1.00,0.0291
187002,33.080,100260.953,-0.6183,0,,,,,0,-1.00,-1.000,-1.00,0.0291
187202,33.090,100262.859,-0.7768,0,,,,,0,-1.00,-1.000,-1.00,0.0291
187430,33.090,100263.297,-0.8138,0,,,,,0,-1.00,-1.000,-1.00,0.0291
187612,33.100,100261.578,-0.6711,0,,,,,0,-1.00,-1.000,-1.00,0.0291
187812,33.100,100260.031,-0.5390,0,,,,,0,-1.00,-1.000,-1.00,0.0291
188012,33.110,100264.453,-0.9142,0,,,,,0,-1.00,-1.000,-1.00,0.0291
188212,33.110,100261.469,-0.6606,0,,,,,0,-1.00,-1.000,-1.00,0.0291
188431,33.120,100264.938,-0.9512,0,,,,,0,-1.00,-1.000,-1.00,0.0291
188612,33.120,100263.344,-0.8191,0,,,,,0,-1.00,-1.000,-1.00,0.0291
188812,33.140,100264.313,-0.9037,0,,,,,0,-1.00,-1.000,-1.00,0.0291
189012,33.160,100262.922,-0.7821,0,,,,,0,-1.00,-1.000,-1.00,0.0291
189212,33.160,100263.563,-0.8402,0,,,,,0,-1.00,-1.000,-1.00,0.0291
189430,33.170,100262.680,-0.7610,0,,,,,0,-1.00,-1.000,-1.00,0.0291
189602,33.180,100267.898,-1.2049,0,,,,,0,-1.00,-1.000,-1.00,0.0291
189802,33.180,100267.180,-1.1415,0,,,,,0,-1.00,-1.000,-1.00,0.0291
190002,33.140,100264.625,-0.9248,0,,,,,0,-1.00,-1.000,-1.00,0.0291
190202,33.120,100265.594,-1.0093,0,,,,,0,-1.00,-1.000,-1.00,0.0291
190420,33.110,100264.773,-0.9406,0,,,,,0,-1.00,-1.000,-1.00,0.0291
190614,33.100,100263.609,-0.8402,0,,,,,0,-1.00,-1.000,-1.00,0.0291
190812,33.090,100266.461,-1.0833,0,,,,,0,-1.00,-1.000,-1.00,0.0291
191002,33.070,100263.094,-0.7980,0,,,,,0,-1.00,-1.000,-1.00,0.0291
191202,33.050,100264.531,-0.9195,0,,,,,0,-1.00,-1.000,-1.00,0.0291
191430,33.060,100263.563,-0.8402,0,,,,,0,-1.00,-1.000,-1.00,0.0291
191612,33.070,100265.172,-0.9724,0,,,,,0,-1.00,-1.000,-1.00,0.0291
191812,33.070,100263.430,-0.8244,0,,,,,0,-1.00,-1.000,-1.00,0.0291
192012,33.070,100262.203,-0.7240,0,,,,,0,-1.00,-1.000,-1.00,0.0291
192212,33.060,100263.680,-0.8455,0,,,,,0,-1.00,-1.000,-1.00,0.0291
192430,33.040,100263.063,-0.7980,0,,,,,0,-1.00,-1.000,-1.00,0.0291
192602,33.050,100263.734,-0.8508,0,,,,,0,-1.00,-1.000,-1.00,0.0291
192802,33.030,100261.984,-0.7028,0,,,,,0,-1.00,-1.000,-1.00,0.0291
193002,33.030,100264.945,-0.9565,0,,,,,0,-1.00,-1.000,-1.00,0.0291
193202,33.020,100265.063,-0.9618,0,,,,,0,-1.00,-1.000,-1.00,0.0291
193432,33.020,100265.188,-0.9724,0,,,,,0,-1.00,-1.000,-1.00,0.0291
193602,33.030,100263.000,-0.7927,0,,,,,0,-1.00,-1.000,-1.00,0.0291
193802,33.040,100262.938,-0.7874,0,,,,,0,-1.00,-1.000,-1.00,0.0291
194002,33.050,100264.531,-0.9195,0,,,,,0,-1.00,-1.000,-1.00,0.0291
194202,33.060,100263.297,-0.8138,0,,,,,0,-1.00,-1.000,-1.00,0.0291
194434,33.070,100264.148,-0.8878,0,,,,,0,-1.00,-1.000,-1.00,0.0291
194602,33.060,100261.367,-0.6553,0,,,,,0,-1.00,-1.000,-1.00,0.0291
194802,33.060,100263.320,-0.8191,0,,,,,0,-1.00,-1.000,-1.00,0.0291
195002,33.060,100264.031,-0.8772,0,,,,,0,-1.00,-1.000,-1.00,0.0291
195202,33.060,100260.609,-0.5919,0,,,,,0,-1.00,-1.000,-1.00,0.0291
195425,33.060,100262.078,-0.7134,0,,,,,0,-1.00,-1.000,-1.00,0.0291
195612,33.050,100265.047,-0.9618,0,,,,,0,-1.00,-1.000,-1.00,0.0291
195812,33.040,100264.016,-0.8772,0,,,,,0,-1.00,-1.000,-1.00,0.0291
196012,33.040,100261.328,-0.6500,0,,,,,0,-1.00,-1.000,-1.00,0.0291
196212,33.040,100262.703,-0.7663,0,,,,,0,-1.00,-1.000,-1.00,0.0291
196430,33.040,100265.266,-0.9829,0,,,,,0,-1.00,-1.000,-1.00,0.0291
196615,33.040,100262.531,-0.7504,0,,,,,0,-1.00,-1.000,-1.00,0.0291
196812,33.050,100262.430,-0.7398,0,,,,,0,-1.00,-1.000,-1.00,0.0291
197012,33.040,100261.688,-0.6817,0,,,,,0,-1.00,-1.000,-1.00,0.0291
197212,33.060,100263.328,-0.8191,0,,,,,0,-1.00,-1.000,-1.00,0.0291
197427,33.060,100264.219,-0.8931,0,,,,,0,-1.00,-1.000,-1.00,0.0291
197612,33.070,100261.406,-0.6553,0,,,,,0,-1.00,-1.000,-1.00,0.0291
197812,33.080,100263.406,-0.8244,0,,,,,0,-1.00,-1.000,-1.00,0.0291
198012,33.080,100263.945,-0.8720,0,,,,,0,-1.00,-1.000,-1.00,0.0291
198212,33.080,100264.055,-0.8772,0,,,,,0,-1.00,-1.000,-1.00,0.0291
198421,33.090,100266.156,-1.0569,0,,,,,0,-1.00,-1.000,-1.00,0.0291
198602,33.100,100262.484,-0.7451,0,,,,,0,-1.00,-1.000,-1.00,0.0291
198802,33.100,100265.328,-0.9882,0,,,,,0,-1.00,-1.000,-1.00,0.0291
199002,33.090,100265.266,-0.9829,0,,,,,0,-1.00,-1.000,-1.00,0.0291
199202,33.100,100262.836,-0.7768,0,,,,,0,-1.00,-1.000,-1.00,0.0291
199423,33.100,100265.328,-0.9882,0,,,,,0,-1.00,-1.000,-1.00,0.0291
199612,33.100,100263.070,-0.7980,0,,,,,0,-1.00,-1.000,-1.00,0.0291
199812,33.090,100265.625,-1.0093,0,,,,,0,-1.00,-1.000,-1.00,0.0291
200012,33.070,100265.125,-0.9671,0,,,,,0,-1.00,-1.000,-1.00,0.0291
200212,33.060,100263.656,-0.8455,0,,,,,0,-1.00,-1.000,-1.00,0.0291
200423,33.060,100263.516,-0.8350,0,,,,,0,-1.00,-1.000,-1.00,0.0291
200612,33.060,100261.242,-0.6447,0,,,,,0,-1.00,-1.000,-1.00,0.0291
200812,33.060,100262.625,-0.7557,0,,,,,0,-1.00,-1.000,-1.00,0.0291
201012,33.050,100263.258,-0.8138,0,,,,,0,-1.00,-1.000,-1.00,0.0291
201212,33.070,100265.344,-0.9882,0,,,,,0,-1.00,-1.000,-1.00,0.0291
201423,33.060,100263.922,-0.8667,0,,,,,0,-1.00,-1.000,-1.00,0.0291
201612,33.060,100266.438,-1.0780,0,,,,,0,-1.00,-1.000,-1.00,0.0291
201812,33.070,100264.703,-0.9354,0,,,,,0,-1.00,-1.000,-1.00,0.0291
202012,33.080,100263.875,-0.8614,0,,,,,0,-1.00,-1.000,-1.00,0.0291
202212,33.080,100264.000,-0.8720,0,,,,,0,-1.00,-1.000,-1.00,0.0291
202427,33.070,100264.625,-0.9248,0,,,,,0,-1.00,-1.000,-1.00,0.0291
202613,33.070,100265.047,-0.9618,0,,,,,0,-1.00,-1.000,-1.00,0.0291
202812,33.060,100262.938,-0.7874,0,,,,,0,-1.00,-1.000,-1.00,0.0291
203012,33.060,100261.172,-0.6341,0,,,,,0,-1.00,-1.000,-1.00,0.0291
203212,33.070,100260.109,-0.5496,0,,,,,0,-1.00,-1.000,-1.00,0.0291
203423,33.080,100265.133,-0.9671,0,,,,,0,-1.00,-1.000,-1.00,0.0291
203612,33.090,100263.578,-0.8402,0,,,,,0,-1.00,-1.000,-1.00,0.0291
203812,33.090,100264.828,-0.9459,0,,,,,0,-1.00,-1.000,-1.00,0.0291
204012,33.090,100265.742,-1.0199,0,,,,,0,-1.00,-1.000,-1.00,0.0291
204212,33.110,100264.641,-0.9301,0,,,,,0,-1.00,-1.000,-1.00,0.0291
204423,33.120,100266.078,-1.0463,0,,,,,0,-1.00,-1.000,-1.00,0.0291
204612,33.110,100266.203,-1.0622,0,,,,,0,-1.00,-1.000,-1.00,0.0291
204812,33.120,100267.469,-1.1679,0,,,,,0,-1.00,-1.000,-1.00,0.0291
205012,33.130,100266.938,-1.1203,0,,,,,0,-1.00,-1.000,-1.00,0.0291
205212,33.130,100268.672,-1.2683,0,,,,,0,-1.00,-1.000,-1.00,0.0291
205422,33.120,100265.313,-0.9829,0,,,,,0,-1.00,-1.000,-1.00,0.0291
205612,33.140,100266.891,-1.1150,0,,,,,0,-1.00,-1.000,-1.00,0.0291
205812,33.140,100266.867,-1.1150,0,,,,,0,-1.00,-1.000,-1.00,0.0291
206002,33.130,100266.172,-1.0569,0,,,,,0,-1.00,-1.000,-1.00,0.0291
206202,33.120,100266.570,-1.0886,0,,,,,0,-1.00,-1.000,-1.00,0.0291
206431,33.120,100269.234,-1.3159,0,,,,,0,-1.00,-1.000,-1.00,0.0291
206612,33.110,100267.078,-1.1309,0,,,,,0,-1.00,-1.000,-1.00,0.0291
206812,33.090,100264.188,-0.8878,0,,,,,0,-1.00,-1.000,-1.00,0.0291
207012,33.100,100263.016,-0.7927,0,,,,,0,-1.00,-1.000,-1.00,0.0291
207212,33.100,100265.164,-0.9724,0,,,,,0,-1.00,-1.000,-1.00,0.0291
207423,33.110,100265.641,-1.0146,0,,,,,0,-1.00,-1.000,-1.00,0.0291
207612,33.110,100266.539,-1.0886,0,,,,,0,-1.00,-1.000,-1.00,0.0291
207812,33.100,100266.422,-1.0780,0,,,,,0,-1.00,-1.000,-1.00,0.0291
208012,33.080,100266.688,-1.0992,0,,,,,0,-1.00,-1.000,-1.00,0.0291
208212,33.090,100266.266,-1.0675,0,,,,,0,-1.00,-1.000,-1.00,0.0291
208440,33.090,100264.844,-0.9459,0,,,,,0,-1.00,-1.000,-1.00,0.0291
208623,33.090,100267.516,-1.1679,0,,,,,0,-1.00,-1.000,-1.00,0.0291
208802,33.090,100266.797,-1.1098,0,,,,,0,-1.00,-1.000,-1.00,0.0291
209002,33.090,100268.047,-1.2154,0,,,,,0,-1.00,-1.000,-1.00,0.0291
209202,33.090,100268.000,-1.2102,0,,,,,0,-1.00,-1.000,-1.00,0.0291
209423,33.100,100266.891,-1.1150,0,,,,,0,-1.00,-1.000,-1.00,0.0291
209612,33.110,100268.039,-1.2154,0,,,,,0,-1.00,-1.000,-1.00,0.0291
209812,33.090,100267.109,-1.1362,0,,,,,0,-1.00,-1.000,-1.00,0.0291
210012,33.090,100269.500,-1.3370,0,,,,,0,-1.00,-1.000,-1.00,0.0291
210212,33.100,100267.313,-1.1520,0,,,,,0,-1.00,-1.000,-1.00,0.0291
210423,33.080,100267.219,-1.1467,0,,,,,0,-1.00,-1.000,-1.00,0.0291
210612,33.070,100267.016,-1.1309,0,,,,,0,-1.00,-1.000,-1.00,0.0291
210812,33.060,100267.438,-1.1626,0,,,,,0,-1.00,-1.000,-1.00,0.0291
211002,33.060,100266.516,-1.0886,0,,,,,0,-1.00,-1.000,-1.00,0.0291
211202,33.040,100266.953,-1.1256,0,,,,,0,-1.00,-1.000,-1.00,0.0291
211423,33.030,100266.563,-1.0886,0,,,,,0,-1.00,-1.000,-1.00,0.0291
211612,33.030,100266.563,-1.0886,0,,,,,0,-1.00,-1.000,-1.00,0.0291
211812,33.020,100265.313,-0.9829,0,,,,,0,-1.00,-1.000,-1.00,0.0291
212012,33.020,100266.484,-1.0833,0,,,,,0,-1.00,-1.000,-1.00,0.0291
212212,33.020,100263.500,-0.8350,0,,,,,0,-1.00,-1.000,-1.00,0.0291
212423,33.030,100267.273,-1.1520,0,,,,,0,-1.00,-1.000,-1.00,0.0291
212612,33.030,100267.531,-1.1732,0,,,,,0,-1.00,-1.000,-1.00,0.0291
212812,33.030,100265.922,-1.0358,0,,,,,0,-1.00,-1.000,-1.00,0.0291
213012,33.040,100269.156,-1.3106,0,,,,,0,-1.00,-1.000,-1.00,0.0291
213212,33.040,100264.555,-0.9195,0,,,,,0,-1.00,-1.000,-1.00,0.0291
213422,33.050,100266.656,-1.0992,0,,,,,0,-1.00,-1.000,-1.00,0.0291
213612,33.060,100266.008,-1.0411,0,,,,,0,-1.00,-1.000,-1.00,0.0291
213812,33.080,100267.281,-1.1520,0,,,,,0,-1.00,-1.000,-1.00,0.0291
214012,33.090,100267.773,-1.1890,0,,,,,0,-1.00,-1.000,-1.00,0.0291
214212,33.110,100268.625,-1.2630,0,,,,,0,-1.00,-1.000,-1.00,0.0291
214426,33.120,100267.203,-1.1415,0,,,,,0,-1.00,-1.000,-1.00,0.0291
214611,33.130,100265.430,-0.9935,0,,,,,0,-1.00,-1.000,-1.00,0.0291
214812,33.140,100266.813,-1.1098,0,,,,,0,-1.00,-1.000,-1.00,0.0291
215012,33.140,100266.000,-1.0411,0,,,,,0,-1.00,-1.000,-1.00,0.0291
215212,33.150,100270.969,-1.4585,0,,,,,0,-1.00,-1.000,-1.00,0.0291
215437,33.160,100267.273,-1.1520,0,,,,,0,-1.00,-1.000,-1.00,0.0291
215612,33.170,100269.484,-1.3370,0,,,,,0,-1.00,-1.000,-1.00,0.0291
215812,33.180,100269.258,-1.3159,0,,,,,0,-1.00,-1.000,-1.00,0.0291
216002,33.190,100269.828,-1.3634,0,,,,,0,-1.00,-1.000,-1.00,0.0291
216202,33.210,100268.102,-1.2207,0,,,,,0,-1.00,-1.000,-1.00,0.0291
216424,33.230,100266.156,-1.0569,0,,,,,0,-1.00,-1.000,-1.00,0.0291
216612,33.230,100269.219,-1.3159,0,,,,,0,-1.00,-1.000,-1.00,0.0291
216812,33.240,100270.359,-1.4110,0,,,,,0,-1.00,-1.000,-1.00,0.0291
217012,33.240,100270.063,-1.3846,0,,,,,0,-1.00,-1.000,-1.00,0.0291
217212,33.250,100268.422,-1.2472,0,,,,,0,-1.00,-1.000,-1.00,0.0291
217423,33.260,100271.477,-1.5008,0,,,,,0,-1.00,-1.000,-1.00,0.0291
217612,33.270,100270.688,-1.4374,0,,,,,0,-1.00,-1.000,-1.00,0.0291
217812,33.270,100267.844,-1.1996,0,,,,,0,-1.00,-1.000,-1.00,0.0291
218012,33.280,100268.398,-1.2419,0,,,,,0,-1.00,-1.000,-1.00,0.0291
218212,33.290,100270.016,-1.3793,0,,,,,0,-1.00,-1.000,-1.00,0.0291
218424,33.290,100270.195,-1.3951,0,,,,,0,-1.00,-1.000,-1.00,0.0291
218612,33.290,100273.297,-1.6541,0,,,,,0,-1.00,-1.000,-1.00,0.0291
218812,33.290,100269.758,-1.3581,0,,,,,0,-1.00,-1.000,-1.00,0.0291
219012,33.300,100271.375,-1.4955,0,,,,,0,-1.00,-1.000,-1.00,0.0291
219212,33.300,100270.383,-1.4110,0,,,,,0,-1.00,-1.000,-1.00,0.0291
219423,33.320,100270.883,-1.4533,0,,,,,0,-1.00,-1.000,-1.00,0.0291
219612,33.330,100271.250,-1.4850,0,,,,,0,-1.00,-1.000,-1.00,0.0291
219812,33.330,100270.531,-1.4215,0,,,,,0,-1.00,-1.000,-1.00,0.0291
220012,33.330,100267.211,-1.1467,0,,,,,0,-1.00,-1.000,-1.00,0.0291
220212,33.330,100270.359,-1.4110,0,,,,,0,-1.00,-1.000,-1.00,0.0291
220425,33.320,100269.750,-1.3581,0,,,,,0,-1.00,-1.000,-1.00,0.0291
220611,33.310,100268.727,-1.2736,0,,,,,0,-1.00,-1.000,-1.00,0.0291
220802,33.290,100268.938,-1.2894,0,,,,,0,-1.00,-1.000,-1.00,0.0291
221012,33.290,100268.859,-1.2841,0,,,,,0,-1.00,-1.000,-1.00,0.0291
221212,33.290,100267.969,-1.2102,0,,,,,0,-1.00,-1.000,-1.00,0.0291
221433,33.290,100264.922,-0.9512,0,,,,,0,-1.00,-1.000,-1.00,0.0291
221602,33.290,100266.563,-1.0886,0,,,,,0,-1.00,-1.000,-1.00,0.0291
221802,33.280,100268.094,-1.2207,0,,,,,0,-1.00,-1.000,-1.00,0.0291
222002,33.290,100268.500,-1.2524,0,,,,,0,-1.00,-1.000,-1.00,0.0291
222202,33.290,100269.602,-1.3476,0,,,,,0,-1.00,-1.000,-1.00,0.0291
222432,33.290,100268.500,-1.2524,0,,,,,0,-1.00,-1.000,-1.00,0.0291
222602,33.290,100265.484,-0.9988,0,,,,,0,-1.00,-1.000,-1.00,0.0291
222802,33.260,100267.688,-1.1837,0,,,,,0,-1.00,-1.000,-1.00,0.0291
223002,33.250,100269.547,-1.3423,0,,,,,0,-1.00,-1.000,-1.00,0.0291
223202,33.230,100266.406,-1.0780,0,,,,,0,-1.00,-1.000,-1.00,0.0291
223431,33.220,100267.531,-1.1732,0,,,,,0,-1.00,-1.000,-1.00,0.0291
223612,33.220,100266.938,-1.1203,0,,,,,0,-1.00,-1.000,-1.00,0.0291
223812,33.220,100267.891,-1.1996,0,,,,,0,-1.00,-1.000,-1.00,0.0291
224012,33.220,100268.547,-1.2577,0,,,,,0,-1.00,-1.000,-1.00,0.0291
224212,33.220,100268.250,-1.2313,0,,,,,0,-1.00,-1.000,-1.00,0.0291
224431,33.220,100273.258,-1.6541,0,,,,,0,-1.00,-1.000,-1.00,0.0291
224612,33.220,100270.109,-1.3898,0,,,,,0,-1.00,-1.000,-1.00,0.0291
224812,33.210,100268.820,-1.2789,0,,,,,0,-1.00,-1.000,-1.00,0.0291
225012,33.180,100268.359,-1.2419,0,,,,,0,-1.00,-1.000,-1.00,0.0291
225212,33.180,100267.492,-1.1679,0,,,,,0,-1.00,-1.000,-1.00,0.0291
225432,33.180,100268.797,-1.2789,0,,,,,0,-1.00,-1.000,-1.00,0.0291
225602,33.180,100269.500,-1.3370,0,,,,,0,-1.00,-1.000,-1.00,0.0291
225802,33.180,100268.719,-1.2736,0,,,,,0,-1.00,-1.000,-1.00,0.0291
226002,33.190,100269.813,-1.3634,0,,,,,0,-1.00,-1.000,-1.00,0.0291
226202,33.200,100268.227,-1.2313,0,,,,,0,-1.00,-1.000,-1.00,0.0291
226437,33.200,100268.156,-1.2260,0,,,,,0,-1.00,-1.000,-1.00,0.0291
226601,33.200,100269.938,-1.3740,0,,,,,0,-1.00,-1.000,-1.00,0.0291
226812,33.200,100266.844,-1.1150,0,,,,,0,-1.00,-1.000,-1.00,0.0291
227012,33.200,100267.922,-1.2049,0,,,,,0,-1.00,-1.000,-1.00,0.0291
227212,33.190,100271.438,-1.5008,0,,,,,0,-1.00,-1.000,-1.00,0.0291
227430,33.170,100268.406,-1.2472,0,,,,,0,-1.00,-1.000,-1.00,0.0291
227612,33.170,100268.781,-1.2736,0,,,,,0,-1.00,-1.000,-1.00,0.0291
227812,33.170,100268.359,-1.2419,0,,,,,0,-1.00,-1.000,-1.00,0.0291
228012,33.170,100266.977,-1.1256,0,,,,,0,-1.00,-1.000,-1.00,0.0291
228212,33.200,100269.531,-1.3370,0,,,,,0,-1.00,-1.000,-1.00,0.0291
228431,33.190,100271.617,-1.5167,0,,,,,0,-1.00,-1.000,-1.00,0.0291
228612,33.200,100274.180,-1.7280,0,,,,,0,-1.00,-1.000,-1.00,0.0291
228812,33.190,100268.039,-1.2154,0,,,,,0,-1.00,-1.000,-1.00,0.0291
229012,33.200,100268.859,-1.2841,0,,,,,0,-1.00,-1.000,-1.00,0.0291
229212,33.190,100271.266,-1.4850,0,,,,,0,-1.00,-1.000,-1.00,0.0291
229430,33.200,100269.406,-1.3317,0,,,,,0,-1.00,-1.000,-1.00,0.0291
229612,33.190,100268.016,-1.2102,0,,,,,0,-1.00,-1.000,-1.00,0.0291
229812,33.200,100267.922,-1.2049,0,,,,,0,-1.00,-1.000,-1.00,0.0291
230012,33.190,100269.219,-1.3159,0,,,,,0,-1.00,-1.000,-1.00,0.0291
230212,33.180,100268.000,-1.2102,0,,,,,0,-1.00,-1.000,-1.00,0.0291
230431,33.170,100269.070,-1.3000,0,,,,,0,-1.00,-1.000,-1.00,0.0291
230612,33.170,100268.945,-1.2894,0,,,,,0,-1.00,-1.000,-1.00,0.0291
230812,33.180,100268.250,-1.2313,0,,,,,0,-1.00,-1.000,-1.00,0.0291
231002,33.180,100268.797,-1.2789,0,,,,,0,-1.00,-1.000,-1.00,0.0291
231202,33.200,100269.938,-1.3740,0,,,,,0,-1.00,-1.000,-1.00,0.0291
231430,33.200,100269.758,-1.3581,0,,,,,0,-1.00,-1.000,-1.00,0.0291
231612,33.200,100268.406,-1.2472,0,,,,,0,-1.00,-1.000,-1.00,0.0291
231812,33.200,100269.172,-1.3106,0,,,,,0,-1.00,-1.000,-1.00,0.0291
232012,33.190,100267.859,-1.1996,0,,,,,0,-1.00,-1.000,-1.00,0.0291
232212,33.180,100266.953,-1.1256,0,,,,,0,-1.00,-1.000,-1.00,0.0291
232425,33.180,100268.742,-1.2736,0,,,,,0,-1.00,-1.000,-1.00,0.0291
232619,33.180,100268.719,-1.2736,0,,,,,0,-1.00,-1.000,-1.00,0.0291
232802,33.170,100266.266,-1.0675,0,,,,,0,-1.00,-1.000,-1.00,0.0291
233002,33.170,100268.422,-1.2472,0,,,,,0,-1.00,-1.000,-1.00,0.0291
233202,33.160,100270.063,-1.3846,0,,,,,0,-1.00,-1.000,-1.00,0.0291
233430,33.150,100267.266,-1.1520,0,,,,,0,-1.00,-1.000,-1.00,0.0291
233602,33.140,100270.039,-1.3846,0,,,,,0,-1.00,-1.000,-1.00,0.0291
233802,33.130,100267.422,-1.1626,0,,,,,0,-1.00,-1.000,-1.00,0.0291
234002,33.130,100270.703,-1.4374,0,,,,,0,-1.00,-1.000,-1.00,0.0291
234202,33.130,100267.750,-1.1890,0,,,,,0,-1.00,-1.000,-1.00,0.0291
234432,33.110,100268.688,-1.2683,0,,,,,0,-1.00,-1.000,-1.00,0.0291
234602,33.100,100266.656,-1.0992,0,,,,,0,-1.00,-1.000,-1.00,0.0291
234802,33.090,100265.359,-0.9882,0,,,,,0,-1.00,-1.000,-1.00,0.0291
235002,33.080,100267.758,-1.1890,0,,,,,0,-1.00,-1.000,-1.00,0.0291
235202,33.060,100264.750,-0.9354,0,,,,,0,-1.00,-1.000,-1.00,0.0291
235431,33.040,100265.570,-1.0041,0,,,,,0,-1.00,-1.000,-1.00,0.0291
235612,33.040,100266.164,-1.0569,0,,,,,0,-1.00,-1.000,-1.00,0.0291
235812,33.060,100266.914,-1.1203,0,,,,,0,-1.00,-1.000,-1.00,0.0291
236002,33.070,100268.344,-1.2419,0,,,,,0,-1.00,-1.000,-1.00,0.0291
236202,33.080,100270.086,-1.3846,0,,,,,0,-1.00,-1.000,-1.00,0.0291
236431,33.090,100266.617,-1.0939,0,,,,,0,-1.00,-1.000,-1.00,0.0291
236602,33.090,100269.664,-1.3528,0,,,,,0,-1.00,-1.000,-1.00,0.0291
236802,33.090,100266.617,-1.0939,0,,,,,0,-1.00,-1.000,-1.00,0.0291
237002,33.090,100263.703,-0.8508,0,,,,,0,-1.00,-1.000,-1.00,0.0291
237202,33.090,100264.781,-0.9406,0,,,,,0,-1.00,-1.000,-1.00,0.0291
237430,33.120,100266.969,-1.1256,0,,,,,0,-1.00,-1.000,-1.00,0.0291
237602,33.130,100266.531,-1.0886,0,,,,,0,-1.00,-1.000,-1.00,0.0291
237802,33.140,100264.188,-0.8878,0,,,,,0,-1.00,-1.000,-1.00,0.0291
238002,33.140,100265.695,-1.0146,0,,,,,0,-1.00,-1.000,-1.00,0.0291
238202,33.140,100265.438,-0.9935,0,,,,,0,-1.00,-1.000,-1.00,0.0291
238427,33.140,100264.188,-0.8878,0,,,,,0,-1.00,-1.000,-1.00,0.0291
238618,33.150,100265.930,-1.0358,0,,,,,0,-1.00,-1.000,-1.00,0.0291
238802,33.140,100264.922,-0.9512,0,,,,,0,-1.00,-1.000,-1.00,0.0291
239002,33.150,100266.844,-1.1150,0,,,,,0,-1.00,-1.000,-1.00,0.0291
239202,33.140,100263.375,-0.8191,0,,,,,0,-1.00,-1.000,-1.00,0.0291
239432,33.130,100264.438,-0.9089,0,,,,,0,-1.00,-1.000,-1.00,0.0291
239612,33.130,100263.094,-0.7980,0,,,,,0,-1.00,-1.000,-1.00,0.0291
239812,33.130,100264.836,-0.9459,0,,,,,0,-1.00,-1.000,-1.00,0.0291
240012,33.130,100265.375,-0.9882,0,,,,,0,-1.00,-1.000,-1.00,0.0291
240212,33.130,100265.250,-0.9776,0,,,,,0,-1.00,-1.000,-1.00,0.0291
240430,33.120,100264.422,-0.9089,0,,,,,0,-1.00,-1.000,-1.00,0.0291
240612,33.120,100264.648,-0.9301,0,,,,,0,-1.00,-1.000,-1.00,0.0291
240812,33.110,100266.609,-1.0939,0,,,,,0,-1.00,-1.000,-1.00,0.0291
241012,33.090,100266.391,-1.0728,0,,,,,0,-1.00,-1.000,-1.00,0.0291
241202,33.090,100263.828,-0.8614,0,,,,,0,-1.00,-1.000,-1.00,0.0291
241431,33.090,100264.188,-0.8878,0,,,,,0,-1.00,-1.000,-1.00,0.0291
241612,33.090,100269.500,-1.3370,0,,,,,0,-1.00,-1.000,-1.00,0.0291
241812,33.100,100263.016,-0.7927,0,,,,,0,-1.00,-1.000,-1.00,0.0291
242012,33.100,100268.016,-1.2102,0,,,,,0,-1.00,-1.000,-1.00,0.0291
242212,33.100,100270.000,-1.3793,0,,,,,0,-1.00,-1.000,-1.00,0.0291
242430,33.090,100265.086,-0.9671,0,,,,,0,-1.00,-1.000,-1.00,0.0291
242612,33.090,100263.344,-0.8191,0,,,,,0,-1.00,-1.000,-1.00,0.0291
242812,33.100,100264.141,-0.8878,0,,,,,0,-1.00,-1.000,-1.00,0.0291
243012,33.110,100266.305,-1.0675,0,,,,,0,-1.00,-1.000,-1.00,0.0291
243212,33.100,100266.406,-1.0780,0,,,,,0,-1.00,-1.000,-1.00,0.0291
243429,33.110,100264.156,-0.8878,0,,,,,0,-1.00,-1.000,-1.00,0.0291
243602,33.120,100264.469,-0.9142,0,,,,,0,-1.00,-1.000,-1.00,0.0291
243802,33.130,100264.125,-0.8825,0,,,,,0,-1.00,-1.000,-1.00,0.0291
244002,33.140,100264.719,-0.9354,0,,,,,0,-1.00,-1.000,-1.00,0.0291
244202,33.150,100267.547,-1.1732,0,,,,,0,-1.00,-1.000,-1.00,0.0291
244431,33.140,100263.313,-0.8191,0,,,,,0,-1.00,-1.000,-1.00,0.0291
244639,33.140,100263.648,-0.8455,0,,,,,0,-1.00,-1.000,-1.00,0.0291
244802,33.140,100264.484,-0.9142,0,,,,,0,-1.00,-1.000,-1.00,0.0291
245002,33.140,100266.359,-1.0728,0,,,,,0,-1.00,-1.000,-1.00,0.0291
245212,33.140,100266.766,-1.1098,0,,,,,0,-1.00,-1.000,-1.00,0.0291
245430,33.150,100266.547,-1.0886,0,,,,,0,-1.00,-1.000,-1.00,0.0291
245602,33.170,100265.969,-1.0411,0,,,,,0,-1.00,-1.000,-1.00,0.0291
245802,33.180,100265.563,-1.0041,0,,,,,0,-1.00,-1.000,-1.00,0.0291
246002,33.180,100265.500,-0.9988,0,,,,,0,-1.00,-1.000,-1.00,0.0291
246202,33.190,100264.859,-0.9459,0,,,,,0,-1.00,-1.000,-1.00,0.0291
246430,33.170,100261.375,-0.6553,0,,,,,0,-1.00,-1.000,-1.00,0.0291
246612,33.180,100266.641,-1.0939,0,,,,,0,-1.00,-1.000,-1.00,0.0291
246812,33.180,100265.445,-0.9935,0,,,,,0,-1.00,-1.000,-1.00,0.0291
247012,33.180,100265.563,-1.0041,0,,,,,0,-1.00,-1.000,-1.00,0.0291
247212,33.180,100267.539,-1.1732,0,,,,,0,-1.00,-1.000,-1.00,0.0291
247430,33.180,100269.102,-1.3053,0,,,,,0,-1.00,-1.000,-1.00,0.0291
247612,33.190,100268.750,-1.2736,0,,,,,0,-1.00,-1.000,-1.00,0.0291
247812,33.180,100268.188,-1.2260,0,,,,,0,-1.00,-1.000,-1.00,0.0291
248012,33.180,100267.953,-1.2049,0,,,,,0,-1.00,-1.000,-1.00,0.0291
248212,33.180,100267.180,-1.1415,0,,,,,0,-1.00,-1.000,-1.00,0.0291
248430,33.190,100266.891,-1.1150,0,,,,,0,-1.00,-1.000,-1.00,0.0291
248612,33.200,100265.641,-1.0146,0,,,,,0,-1.00,-1.000,-1.00,0.0291
248812,33.210,100268.594,-1.2630,0,,,,,0,-1.00,-1.000,-1.00,0.0291
249012,33.210,100266.750,-1.1045,0,,,,,0,-1.00,-1.000,-1.00,0.0291
249212,33.220,100267.531,-1.1732,0,,,,,0,-1.00,-1.000,-1.00,0.0291
249430,33.220,100265.203,-0.9776,0,,,,,0,-1.00,-1.000,-1.00,0.0291
249602,33.220,100267.398,-1.1626,0,,,,,0,-1.00,-1.000,-1.00,0.0291
249802,33.220,100264.375,-0.9037,0,,,,,0,-1.00,-1.000,-1.00,0.0291
250002,33.230,100265.078,-0.9671,0,,,,,0,-1.00,-1.000,-1.00,0.0291
250202,33.240,100266.109,-1.0516,0,,,,,0,-1.00,-1.000,-1.00,0.0291
250418,33.250,100266.320,-1.0675,0,,,,,0,-1.00,-1.000,-1.00,0.0291
250609,33.230,100265.211,-0.9776,0,,,,,0,-1.00,-1.000,-1.00,0.0291
250812,33.230,100263.906,-0.8667,0,,,,,0,-1.00,-1.000,-1.00,0.0291
251012,33.230,100268.078,-1.2154,0,,,,,0,-1.00,-1.000,-1.00,0.0291
251202,33.220,100264.734,-0.9354,0,,,,,0,-1.00,-1.000,-1.00,0.0291
251429,33.220,100262.563,-0.7557,0,,,,,0,-1.00,-1.000,-1.00,0.0291
251612,33.220,100264.000,-0.8720,0,,,,,0,-1.00,-1.000,-1.00,0.0291
251812,33.210,100263.094,-0.7980,0,,,,,0,-1.00,-1.000,-1.00,0.0291
252012,33.190,100266.047,-1.0463,0,,,,,0,-1.00,-1.000,-1.00,0.0291
252212,33.180,100266.234,-1.0622,0,,,,,0,-1.00,-1.000,-1.00,0.0291
252431,33.180,100267.313,-1.1520,0,,,,,0,-1.00,-1.000,-1.00,0.0291
252612,33.170,100268.594,-1.2630,0,,,,,0,-1.00,-1.000,-1.00,0.0291
252812,33.140,100265.336,-0.9882,0,,,,,0,-1.00,-1.000,-1.00,0.0291
253012,33.130,100264.914,-0.9512,0,,,,,0,-1.00,-1.000,-1.00,0.0291
253212,33.120,100264.578,-0.9248,0,,,,,0,-1.00,-1.000,-1.00,0.0291
253429,33.110,100263.742,-0.8508,0,,,,,0,-1.00,-1.000,-1.00,0.0291
253602,33.090,100262.453,-0.7451,0,,,,,0,-1.00,-1.000,-1.00,0.0291
253802,33.090,100263.398,-0.8244,0,,,,,0,-1.00,-1.000,-1.00,0.0291
254002,33.100,100267.133,-1.1362,0,,,,,0,-1.00,-1.000,-1.00,0.0291
254202,33.100,100264.445,-0.9142,0,,,,,0,-1.00,-1.000,-1.00,0.0291
254431,33.110,100265.172,-0.9724,0,,,,,0,-1.00,-1.000,-1.00,0.0291
254602,33.110,100263.922,-0.8667,0,,,,,0,-1.00,-1.000,-1.00,0.0291
254802,33.110,100264.750,-0.9354,0,,,,,0,-1.00,-1.000,-1.00,0.0291
255002,33.120,100264.758,-0.9406,0,,,,,0,-1.00,-1.000,-1.00,0.0291
255202,33.120,100265.852,-1.0305,0,,,,,0,-1.00,-1.000,-1.00,0.0291
255431,33.110,100265.945,-1.0358,0,,,,,0,-1.00,-1.000,-1.00,0.0291
255612,33.110,100266.898,-1.1203,0,,,,,0,-1.00,-1.000,-1.00,0.0291
255812,33.100,100264.688,-0.9301,0,,,,,0,-1.00,-1.000,-1.00,0.0291
256012,33.110,100263.922,-0.8667,0,,,,,0,-1.00,-1.000,-1.00,0.0291
256212,33.120,100265.906,-1.0358,0,,,,,0,-1.00,-1.000,-1.00,0.0291
256425,33.140,100266.641,-1.0939,0,,,,,0,-1.00,-1.000,-1.00,0.0291
256616,33.140,100265.438,-0.9935,0,,,,,0,-1.00,-1.000,-1.00,0.0291
256802,33.140,100263.594,-0.8402,0,,,,,0,-1.00,-1.000,-1.00,0.0291
257002,33.140,100265.156,-0.9724,0,,,,,0,-1.00,-1.000,-1.00,0.0291
257202,33.150,100262.961,-0.7874,0,,,,,0,-1.00,-1.000,-1.00,0.0291
257431,33.170,100265.734,-1.0199,0,,,,,0,-1.00,-1.000,-1.00,0.0291
257602,33.170,100264.484,-0.9142,0,,,,,0,-1.00,-1.000,-1.00,0.0291
257802,33.180,100267.313,-1.1520,0,,,,,0,-1.00,-1.000,-1.00,0.0291
258002,33.190,100265.398,-0.9935,0,,,,,0,-1.00,-1.000,-1.00,0.0291
258202,33.190,100266.969,-1.1256,0,,,,,0,-1.00,-1.000,-1.00,0.0291
258430,33.190,100266.047,-1.0463,0,,,,,0,-1.00,-1.000,-1.00,0.0291
258602,33.190,100266.578,-1.0886,0,,,,,0,-1.00,-1.000,-1.00,0.0291
258802,33.200,100262.188,-0.7240,0,,,,,0,-1.00,-1.000,-1.00,0.0291
259002,33.220,100263.180,-0.8033,0,,,,,0,-1.00,-1.000,-1.00,0.0291
259202,33.230,100263.008,-0.7927,0,,,,,0,-1.00,-1.000,-1.00,0.0291
259431,33.240,100262.297,-0.7293,0,,,,,0,-1.00,-1.000,-1.00,0.0291
259602,33.260,100264.180,-0.8878,0,,,,,0,-1.00,-1.000,-1.00,0.0291
259802,33.260,100263.391,-0.8244,0,,,,,0,-1.00,-1.000,-1.00,0.0291
260002,33.260,100263.750,-0.8561,0,,,,,0,-1.00,-1.000,-1.00,0.0291
260202,33.260,100263.594,-0.8402,0,,,,,0,-1.00,-1.000,-1.00,0.0291
260431,33.280,100264.203,-0.8931,0,,,,,0,-1.00,-1.000,-1.00,0.0291
260612,33.270,100264.859,-0.9459,0,,,,,0,-1.00,-1.000,-1.00,0.0291
260812,33.260,100266.688,-1.0992,0,,,,,0,-1.00,-1.000,-1.00,0.0291
261012,33.250,100265.563,-1.0041,0,,,,,0,-1.00,-1.000,-1.00,0.0291
261202,33.240,100263.625,-0.8402,0,,,,,0,-1.00,-1.000,-1.00,0.0291
261431,33.230,100264.719,-0.9354,0,,,,,0,-1.00,-1.000,-1.00,0.0291
261602,33.220,100263.891,-0.8667,0,,,,,0,-1.00,-1.000,-1.00,0.0291
261802,33.220,100262.406,-0.7398,0,,,,,0,-1.00,-1.000,-1.00,0.0291
262002,33.210,100263.219,-0.8085,0,,,,,0,-1.00,-1.000,-1.00,0.0291
262202,33.220,100265.969,-1.0411,0,,,,,0,-1.00,-1.000,-1.00,0.0291
262432,33.230,100262.031,-0.7081,0,,,,,0,-1.00,-1.000,-1.00,0.0291
262623,33.230,100261.578,-0.6711,0,,,,,0,-1.00,-1.000,-1.00,0.0291
262812,33.240,100262.656,-0.7610,0,,,,,0,-1.00,-1.000,-1.00,0.0291
263012,33.250,100262.969,-0.7874,0,,,,,0,-1.00,-1.000,-1.00,0.0291
263212,33.260,100261.906,-0.6976,0,,,,,0,-1.00,-1.000,-1.00,0.0291
263431,33.260,100260.117,-0.5496,0,,,,,0,-1.00,-1.000,-1.00,0.0291
263602,33.270,100265.313,-0.9829,0,,,,,0,-1.00,-1.000,-1.00,0.0291
263802,33.270,100262.891,-0.7821,0,,,,,0,-1.00,-1.000,-1.00,0.0291
264002,33.280,100266.406,-1.0780,0,,,,,0,-1.00,-1.000,-1.00,0.0291
264202,33.270,100261.453,-0.6606,0,,,,,0,-1.00,-1.000,-1.00,0.0291
264431,33.290,100262.781,-0.7715,0,,,,,0,-1.00,-1.000,-1.00,0.0291
264602,33.290,100263.313,-0.8191,0,,,,,0,-1.00,-1.000,-1.00,0.0291
264802,33.300,100263.680,-0.8455,0,,,,,0,-1.00,-1.000,-1.00,0.0291
265002,33.290,100262.141,-0.7187,0,,,,,0,-1.00,-1.000,-1.00,0.0291
265202,33.280,100262.898,-0.7821,0,,,,,0,-1.00,-1.000,-1.00,0.0291
265431,33.290,100264.945,-0.9565,0,,,,,0,-1.00,-1.000,-1.00,0.0291
265612,33.280,100263.258,-0.8138,0,,,,,0,-1.00,-1.000,-1.00,0.0291
265812,33.290,100264.281,-0.8984,0,,,,,0,-1.00,-1.000,-1.00,0.0291
266012,33.300,100263.859,-0.8614,0,,,,,0,-1.00,-1.000,-1.00,0.0291
266212,33.320,100265.281,-0.9829,0,,,,,0,-1.00,-1.000,-1.00,0.0291
266430,33.320,100263.844,-0.8614,0,,,,,0,-1.00,-1.000,-1.00,0.0291
266602,33.320,100263.906,-0.8667,0,,,,,0,-1.00,-1.000,-1.00,0.0291
266802,33.320,100265.563,-1.0041,0,,,,,0,-1.00,-1.000,-1.00,0.0291
267002,33.330,100262.359,-0.7346,0,,,,,0,-1.00,-1.000,-1.00,0.0291
267202,33.330,100263.016,-0.7927,0,,,,,0,-1.00,-1.000,-1.00,0.0291
267430,33.330,100262.422,-0.7398,0,,,,,0,-1.00,-1.000,-1.00,0.0291
267602,33.320,100261.469,-0.6606,0,,,,,0,-1.00,-1.000,-1.00,0.0291
267802,33.310,100260.602,-0.5866,0,,,,,0,-1.00,-1.000,-1.00,0.0291
268002,33.320,100262.234,-0.7240,0,,,,,0,-1.00,-1.000,-1.00,0.0291
268202,33.310,100263.297,-0.8138,0,,,,,0,-1.00,-1.000,-1.00,0.0291
268426,33.310,100262.516,-0.7504,0,,,,,0,-1.00,-1.000,-1.00,0.0291
268617,33.300,100265.906,-1.0358,0,,,,,0,-1.00,-1.000,-1.00,0.0291
268802,33.280,100264.156,-0.8878,0,,,,,0,-1.00,-1.000,-1.00,0.0291
269002,33.250,100262.383,-0.7398,0,,,,,0,-1.00,-1.000,-1.00,0.0291
269202,33.220,100264.531,-0.9195,0,,,,,0,-1.00,-1.000,-1.00,0.0291
269430,33.180,100263.117,-0.7980,0,,,,,0,-1.00,-1.000,-1.00,0.0291
269602,33.160,100262.797,-0.7715,0,,,,,0,-1.00,-1.000,-1.00,0.0291
269802,33.150,100262.305,-0.7346,0,,,,,0,-1.00,-1.000,-1.00,0.0291
270002,33.160,100263.641,-0.8455,0,,,,,0,-1.00,-1.000,-1.00,0.0291
270202,33.140,100263.953,-0.8720,0,,,,,0,-1.00,-1.000,-1.00,0.0291
270431,33.140,100264.672,-0.9301,0,,,,,0,-1.00,-1.000,-1.00,0.0291
270602,33.130,100265.188,-0.9724,0,,,,,0,-1.00,-1.000,-1.00,0.0291
270802,33.110,100261.188,-0.6394,0,,,,,0,-1.00,-1.000,-1.00,0.0291
271002,33.110,100262.133,-0.7187,0,,,,,0,-1.00,-1.000,-1.00,0.0291
271212,33.090,100264.188,-0.8878,0,,,,,0,-1.00,-1.000,-1.00,0.0291
271431,33.070,100260.156,-0.5496,0,,,,,0,-1.00,-1.000,-1.00,0.0291
271602,33.060,100260.469,-0.5760,0,,,,,0,-1.00,-1.000,-1.00,0.0291
271802,33.050,100260.641,-0.5919,0,,,,,0,-1.00,-1.000,-1.00,0.0291
272002,33.040,100262.063,-0.7134,0,,,,,0,-1.00,-1.000,-1.00,0.0291
272202,33.040,100260.859,-0.6130,0,,,,,0,-1.00,-1.000,-1.00,0.0291
272432,33.040,100262.063,-0.7134,0,,,,,0,-1.00,-1.000,-1.00,0.0291
272602,33.030,100261.563,-0.6711,0,,,,,0,-1.00,-1.000,-1.00,0.0291
272802,33.010,100263.852,-0.8614,0,,,,,0,-1.00,-1.000,-1.00,0.0291
273002,32.980,100260.219,-0.5549,0,,,,,0,-1.00,-1.000,-1.00,0.0291
273202,32.970,100261.719,-0.6817,0,,,,,0,-1.00,-1.000,-1.00,0.0291
273431,32.950,100260.781,-0.6024,0,,,,,0,-1.00,-1.000,-1.00,0.0291
273602,32.940,100262.102,-0.7134,0,,,,,0,-1.00,-1.000,-1.00,0.0291
273802,32.960,100261.266,-0.6447,0,,,,,0,-1.00,-1.000,-1.00,0.0291
274002,32.970,100263.250,-0.8138,0,,,,,0,-1.00,-1.000,-1.00,0.0291
274202,32.970,100261.359,-0.6500,0,,,,,0,-1.00,-1.000,-1.00,0.0291
274437,32.980,100263.266,-0.8138,0,,,,,0,-1.00,-1.000,-1.00,0.0291
274602,32.980,100262.859,-0.7768,0,,,,,0,-1.00,-1.000,-1.00,0.0291
274802,32.970,100263.094,-0.7980,0,,,,,0,-1.00,-1.000,-1.00,0.0291
275002,32.970,100264.281,-0.8984,0,,,,,0,-1.00,-1.000,-1.00,0.0291
275202,32.950,100262.328,-0.7346,0,,,,,0,-1.00,-1.000,-1.00,0.0291
275431,32.920,100265.867,-1.0305,0,,,,,0,-1.00,-1.000,-1.00,0.0291
275612,32.910,100264.781,-0.9406,0,,,,,0,-1.00,-1.000,-1.00,0.0291
275812,32.900,100264.484,-0.9142,0,,,,,0,-1.00,-1.000,-1.00,0.0291
276012,32.900,100264.453,-0.9142,0,,,,,0,-1.00,-1.000,-1.00,0.0291
276202,32.880,100262.188,-0.7240,0,,,,,0,-1.00,-1.000,-1.00,0.0291
276432,32.870,100265.859,-1.0305,0,,,,,0,-1.00,-1.000,-1.00,0.0291
276602,32.850,100266.555,-1.0886,0,,,,,0,-1.00,-1.000,-1.00,0.0291
276802,32.840,100264.922,-0.9512,0,,,,,0,-1.00,-1.000,-1.00,0.0291
277002,32.840,100265.500,-0.9988,0,,,,,0,-1.00,-1.000,-1.00,0.0291
277202,32.830,100263.523,-0.8350,0,,,,,0,-1.00,-1.000,-1.00,0.0291
277430,32.830,100264.313,-0.9037,0,,,,,0,-1.00,-1.000,-1.00,0.0291
277612,32.840,100262.484,-0.7451,0,,,,,0,-1.00,-1.000,-1.00,0.0291
277812,32.840,100265.680,-1.0146,0,,,,,0,-1.00,-1.000,-1.00,0.0291
278012,32.840,100265.453,-0.9988,0,,,,,0,-1.00,-1.000,-1.00,0.0291
278212,32.830,100264.266,-0.8984,0,,,,,0,-1.00,-1.000,-1.00,0.0291
278430,32.820,100262.617,-0.7557,0,,,,,0,-1.00,-1.000,-1.00,0.0291
278602,32.810,100261.047,-0.6236,0,,,,,0,-1.00,-1.000,-1.00,0.0291
278802,32.810,100266.953,-1.1256,0,,,,,0,-1.00,-1.000,-1.00,0.0291
279002,32.790,100261.984,-0.7028,0,,,,,0,-1.00,-1.000,-1.00,0.0291
279202,32.790,100266.039,-1.0463,0,,,,,0,-1.00,-1.000,-1.00,0.0291
279432,32.780,100265.313,-0.9829,0,,,,,0,-1.00,-1.000,-1.00,0.0291
279602,32.780,100263.398,-0.8244,0,,,,,0,-1.00,-1.000,-1.00,0.0291
279802,32.770,100261.656,-0.6764,0,,,,,0,-1.00,-1.000,-1.00,0.0291
280002,32.770,100262.438,-0.7451,0,,,,,0,-1.00,-1.000,-1.00,0.0291
280202,32.770,100264.563,-0.9195,0,,,,,0,-1.00,-1.000,-1.00,0.0291
280427,32.760,100263.469,-0.8297,0,,,,,0,-1.00,-1.000,-1.00,0.0291
280618,32.760,100263.016,-0.7927,0,,,,,0,-1.00,-1.000,-1.00,0.0291
280802,32.750,100262.344,-0.7346,0,,,,,0,-1.00,-1.000,-1.00,0.0291
281002,32.750,100264.258,-0.8984,0,,,,,0,-1.00,-1.000,-1.00,0.0291
281202,32.750,100265.430,-0.9935,0,,,,,0,-1.00,-1.000,-1.00,0.0291
281432,32.740,100263.172,-0.8033,0,,,,,0,-1.00,-1.000,-1.00,0.0291
281602,32.730,100263.797,-0.8561,0,,,,,0,-1.00,-1.000,-1.00,0.0291
281812,32.710,100266.750,-1.1045,0,,,,,0,-1.00,-1.000,-1.00,0.0291
282012,32.700,100264.688,-0.9301,0,,,,,0,-1.00,-1.000,-1.00,0.0291
282212,32.700,100265.789,-1.0252,0,,,,,0,-1.00,-1.000,-1.00,0.0291
282431,32.700,100263.813,-0.8614,0,,,,,0,-1.00,-1.000,-1.00,0.0291
282602,32.690,100263.273,-0.8138,0,,,,,0,-1.00,-1.000,-1.00,0.0291
282802,32.700,100267.273,-1.1520,0,,,,,0,-1.00,-1.000,-1.00,0.0291
283002,32.710,100265.797,-1.0252,0,,,,,0,-1.00,-1.000,-1.00,0.0291
283202,32.710,100264.781,-0.9406,0,,,,,0,-1.00,-1.000,-1.00,0.0291
283432,32.720,100267.906,-1.2049,0,,,,,0,-1.00,-1.000,-1.00,0.0291
283602,32.720,100267.117,-1.1362,0,,,,,0,-1.00,-1.000,-1.00,0.0291
283802,32.740,100264.531,-0.9195,0,,,,,0,-1.00,-1.000,-1.00,0.0291
284002,32.750,100260.063,-0.5443,0,,,,,0,-1.00,-1.000,-1.00,0.0291
284202,32.730,100263.039,-0.7927,0,,,,,0,-1.00,-1.000,-1.00,0.0291
284430,32.730,100268.203,-1.2260,0,,,,,0,-1.00,-1.000,-1.00,0.0291
284602,32.740,100264.836,-0.9459,0,,,,,0,-1.00,-1.000,-1.00,0.0291
284802,32.750,100261.930,-0.6976,0,,,,,0,-1.00,-1.000,-1.00,0.0291
285002,32.760,100264.625,-0.9248,0,,,,,0,-1.00,-1.000,-1.00,0.0291
285202,32.770,100263.844,-0.8614,0,,,,,0,-1.00,-1.000,-1.00,0.0291
285430,32.790,100266.273,-1.0675,0,,,,,0,-1.00,-1.000,-1.00,0.0291
285602,32.790,100263.438,-0.8244,0,,,,,0,-1.00,-1.000,-1.00,0.0291
285802,32.790,100266.391,-1.0728,0,,,,,0,-1.00,-1.000,-1.00,0.0291
286002,32.800,100263.313,-0.8191,0,,,,,0,-1.00,-1.000,-1.00,0.0291
286212,32.790,100264.422,-0.9089,0,,,,,0,-1.00,-1.000,-1.00,0.0291
286418,32.770,100263.688,-0.8455,0,,,,,0,-1.00,-1.000,-1.00,0.0291
286609,32.770,100265.633,-1.0093,0,,,,,0,-1.00,-1.000,-1.00,0.0291
286812,32.760,100266.953,-1.1256,0,,,,,0,-1.00,-1.000,-1.00,0.0291
287012,32.770,100265.984,-1.0411,0,,,,,0,-1.00,-1.000,-1.00,0.0291
287212,32.760,100264.547,-0.9195,0,,,,,0,-1.00,-1.000,-1.00,0.0291
287430,32.740,100262.875,-0.7768,0,,,,,0,-1.00,-1.000,-1.00,0.0291
287602,32.750,100263.008,-0.7927,0,,,,,0,-1.00,-1.000,-1.00,0.0291
287802,32.750,100260.555,-0.5866,0,,,,,0,-1.00,-1.000,-1.00,0.0291
288002,32.750,100265.516,-1.0041,0,,,,,0,-1.00,-1.000,-1.00,0.0291
288202,32.750,100265.844,-1.0305,0,,,,,0,-1.00,-1.000,-1.00,0.0291
288431,32.760,100263.469,-0.8297,0,,,,,0,-1.00,-1.000,-1.00,0.0291
288602,32.770,100263.664,-0.8455,0,,,,,0,-1.00,-1.000,-1.00,0.0291
288802,32.770,100264.102,-0.8825,0,,,,,0,-1.00,-1.000,-1.00,0.0291
289002,32.770,100267.141,-1.1362,0,,,,,0,-1.00,-1.000,-1.00,0.0291
289202,32.780,100267.047,-1.1309,0,,,,,0,-1.00,-1.000,-1.00,0.0291
289431,32.780,100264.898,-0.9512,0,,,,,0,-1.00,-1.000,-1.00,0.0291
289602,32.760,100261.047,-0.6236,0,,,,,0,-1.00,-1.000,-1.00,0.0291
289802,32.760,100264.570,-0.9195,0,,,,,0,-1.00,-1.000,-1.00,0.0291
290002,32.740,100262.156,-0.7187,0,,,,,0,-1.00,-1.000,-1.00,0.0291
290202,32.750,100265.250,-0.9776,0,,,,,0,-1.00,-1.000,-1.00,0.0291
290432,32.750,100263.242,-0.8085,0,,,,,0,-1.00,-1.000,-1.00,0.0291
290602,32.780,100263.820,-0.8614,0,,,,,0,-1.00,-1.000,-1.00,0.0291
290802,32.790,100262.516,-0.7504,0,,,,,0,-1.00,-1.000,-1.00,0.0291
291002,32.790,100264.305,-0.8984,0,,,,,0,-1.00,-1.000,-1.00,0.0291
291212,32.800,100265.328,-0.9882,0,,,,,0,-1.00,-1.000,-1.00,0.0291
291431,32.810,100263.734,-0.8508,0,,,,,0,-1.00,-1.000,-1.00,0.0291
291602,32.810,100263.047,-0.7927,0,,,,,0,-1.00,-1.000,-1.00,0.0291
291802,32.810,100262.203,-0.7240,0,,,,,0,-1.00,-1.000,-1.00,0.0291
292002,32.830,100265.391,-0.9935,0,,,,,0,-1.00,-1.000,-1.00,0.0291
292202,32.840,100261.563,-0.6711,0,,,,,0,-1.00,-1.000,-1.00,0.0291
292428,32.850,100264.406,-0.9089,0,,,,,0,-1.00,-1.000,-1.00,0.0291
292619,32.860,100263.039,-0.7927,0,,,,,0,-1.00,-1.000,-1.00,0.0291
292802,32.860,100260.055,-0.5443,0,,,,,0,-1.00,-1.000,-1.00,0.0291
293002,32.880,100261.633,-0.6764,0,,,,,0,-1.00,-1.000,-1.00,0.0291
293202,32.900,100263.750,-0.8561,0,,,,,0,-1.00,-1.000,-1.00,0.0291
293431,32.910,100261.992,-0.7028,0,,,,,0,-1.00,-1.000,-1.00,0.0291
293602,32.920,100263.609,-0.8402,0,,,,,0,-1.00,-1.000,-1.00,0.0291
293802,32.920,100260.563,-0.5866,0,,,,,0,-1.00,-1.000,-1.00,0.0291
294002,32.930,100264.750,-0.9354,0,,,,,0,-1.00,-1.000,-1.00,0.0291
294202,32.920,100259.906,-0.5285,0,,,,,0,-1.00,-1.000,-1.00,0.0291
294431,32.930,100263.438,-0.8244,0,,,,,0,-1.00,-1.000,-1.00,0.0291
294602,32.950,100263.586,-0.8402,0,,,,,0,-1.00,-1.000,-1.00,0.0291
294802,32.960,100264.016,-0.8772,0,,,,,0,-1.00,-1.000,-1.00,0.0291
295002,32.970,100264.344,-0.9037,0,,,,,0,-1.00,-1.000,-1.00,0.0291
295202,32.980,100259.938,-0.5337,0,,,,,0,-1.00,-1.000,-1.00,0.0291
295431,32.980,100262.750,-0.7715,0,,,,,0,-1.00,-1.000,-1.00,0.0291
295602,33.000,100263.969,-0.8720,0,,,,,0,-1.00,-1.000,-1.00,0.0291
295802,33.010,100265.281,-0.9829,0,,,,,0,-1.00,-1.000,-1.00,0.0291
296002,33.010,100266.609,-1.0939,0,,,,,0,-1.00,-1.000,-1.00,0.0291
296202,33.020,100263.266,-0.8138,0,,,,,0,-1.00,-1.000,-1.00,0.0291
296431,33.020,100264.219,-0.8931,0,,,,,0,-1.00,-1.000,-1.00,0.0291
296602,33.020,100263.578,-0.8402,0,,,,,0,-1.00,-1.000,-1.00,0.0291
296802,33.030,100264.172,-0.8878,0,,,,,0,-1.00,-1.000,-1.00,0.0291
297002,33.030,100266.766,-1.1098,0,,,,,0,-1.00,-1.000,-1.00,0.0291
297202,33.030,100263.000,-0.7927,0,,,,,0,-1.00,-1.000,-1.00,0.0291
297431,33.030,100262.156,-0.7187,0,,,,,0,-1.00,-1.000,-1.00,0.0291
297602,33.050,100265.656,-1.0146,0,,,,,0,-1.00,-1.000,-1.00,0.0291
297802,33.050,100261.891,-0.6976,0,,,,,0,-1.00,-1.000,-1.00,0.0291
298002,33.040,100266.523,-1.0886,0,,,,,0,-1.00,-1.000,-1.00,0.0291
298202,33.040,100267.953,-1.2049,0,,,,,0,-1.00,-1.000,-1.00,0.0291
298438,33.040,100266.000,-1.0411,0,,,,,0,-1.00,-1.000,-1.00,0.0291
298602,33.040,100264.031,-0.8772,0,,,,,0,-1.00,-1.000,-1.00,0.0291
298812,33.040,100264.438,-0.9089,0,,,,,0,-1.00,-1.000,-1.00,0.0291
299012,33.030,100263.828,-0.8614,0,,,,,0,-1.00,-1.000,-1.00,0.0291
299212,33.040,100263.844,-0.8614,0,,,,,0,-1.00,-1.000,-1.00,0.0291
299431,33.050,100267.797,-1.1943,0,,,,,0,-1.00,-1.000,-1.00,0.0291
299602,33.060,100265.648,-1.0146,0,,,,,0,-1.00,-1.000,-1.00,0.0291
299802,33.080,100266.859,-1.1150,0,,,,,0,-1.00,-1.000,-1.00,0.0291
300002,33.080,100265.484,-0.9988,0,,,,,0,-1.00,-1.000,-1.00,0.0291
300202,33.080,100267.578,-1.1732,0,,,,,0,-1.00,-1.000,-1.00,0.0291
300431,33.080,100268.047,-1.2154,0,,,,,0,-1.00,-1.000,-1.00,0.0291
300612,33.080,100271.469,-1.5008,0,,,,,0,-1.00,-1.000,-1.00,0.0291
300812,33.080,100267.172,-1.1415,0,,,,,0,-1.00,-1.000,-1.00,0.0291
301012,33.080,100269.852,-1.3687,0,,,,,0,-1.00,-1.000,-1.00,0.0291
301202,33.070,100267.094,-1.1362,0,,,,,0,-1.00,-1.000,-1.00,0.0291
301429,33.060,100265.805,-1.0252,0,,,,,0,-1.00,-1.000,-1.00,0.0291
301602,33.060,100267.148,-1.1415,0,,,,,0,-1.00,-1.000,-1.00,0.0291
301802,33.060,100266.734,-1.1045,0,,,,,0,-1.00,-1.000,-1.00,0.0291
302002,33.050,100267.734,-1.1890,0,,,,,0,-1.00,-1.000,-1.00,0.0291
302202,33.050,100268.086,-1.2154,0,,,,,0,-1.00,-1.000,-1.00,0.0291
302430,33.030,100266.766,-1.1098,0,,,,,0,-1.00,-1.000,-1.00,0.0291
302602,33.020,100266.547,-1.0886,0,,,,,0,-1.00,-1.000,-1.00,0.0291
302802,32.990,100262.992,-0.7874,0,,,,,0,-1.00,-1.000,-1.00,0.0291
303002,32.980,100267.578,-1.1732,0,,,,,0,-1.00,-1.000,-1.00,0.0291
303202,32.970,100266.141,-1.0569,0,,,,,0,-1.00,-1.000,-1.00,0.0291
303431,32.940,100266.141,-1.0569,0,,,,,0,-1.00,-1.000,-1.00,0.0291
303612,32.920,100263.609,-0.8402,0,,,,,0,-1.00,-1.000,-1.00,0.0291
303812,32.900,100266.563,-1.0886,0,,,,,0,-1.00,-1.000,-1.00,0.0291
304012,32.890,100265.836,-1.0305,0,,,,,0,-1.00,-1.000,-1.00,0.0291
304212,32.890,100269.102,-1.3053,0,,,,,0,-1.00,-1.000,-1.00,0.0291
304421,32.870,100264.539,-0.9195,0,,,,,0,-1.00,-1.000,-1.00,0.0291
304620,32.860,100264.891,-0.9512,0,,,,,0,-1.00,-1.000,-1.00,0.0291
304802,32.860,100265.086,-0.9671,0,,,,,0,-1.00,-1.000,-1.00,0.0291
305002,32.850,100267.375,-1.1573,0,,,,,0,-1.00,-1.000,-1.00,0.0291
305202,32.840,100266.656,-1.0992,0,,,,,0,-1.00,-1.000,-1.00,0.0291
305433,32.840,100265.680,-1.0146,0,,,,,0,-1.00,-1.000,-1.00,0.0291
305602,32.820,100269.016,-1.2947,0,,,,,0,-1.00,-1.000,-1.00,0.0291
305802,32.840,100268.000,-1.2102,0,,,,,0,-1.00,-1.000,-1.00,0.0291
306002,32.840,100263.844,-0.8614,0,,,,,0,-1.00,-1.000,-1.00,0.0291
306202,32.860,100265.547,-1.0041,0,,,,,0,-1.00,-1.000,-1.00,0.0291
306430,32.880,100264.266,-0.8984,0,,,,,0,-1.00,-1.000,-1.00,0.0291
306602,32.900,100264.813,-0.9406,0,,,,,0,-1.00,-1.000,-1.00,0.0291
306802,32.890,100266.109,-1.0516,0,,,,,0,-1.00,-1.000,-1.00,0.0291
307002,32.900,100266.508,-1.0833,0,,,,,0,-1.00,-1.000,-1.00,0.0291
307202,32.910,100264.727,-0.9354,0,,,,,0,-1.00,-1.000,-1.00,0.0291
307430,32.920,100266.656,-1.0992,0,,,,,0,-1.00,-1.000,-1.00,0.0291
307602,32.920,100265.813,-1.0252,0,,,,,0,-1.00,-1.000,-1.00,0.0291
307802,32.940,100264.703,-0.9354,0,,,,,0,-1.00,-1.000,-1.00,0.0291
308002,32.950,100267.578,-1.1732,0,,,,,0,-1.00,-1.000,-1.00,0.0291
308202,32.960,100266.781,-1.1098,0,,,,,0,-1.00,-1.000,-1.00,0.0291
308431,32.980,100266.508,-1.0833,0,,,,,0,-1.00,-1.000,-1.00,0.0291
308602,32.990,100266.336,-1.0728,0,,,,,0,-1.00,-1.000,-1.00,0.0291
308802,32.990,100265.500,-0.9988,0,,,,,0,-1.00,-1.000,-1.00,0.0291
309002,33.010,100266.297,-1.0675,0,,,,,0,-1.00,-1.000,-1.00,0.0291
309202,33.000,100265.352,-0.9882,0,,,,,0,-1.00,-1.000,-1.00,0.0291
309430,33.020,100264.883,-0.9459,0,,,,,0,-1.00,-1.000,-1.00,0.0291
309602,33.010,100266.414,-1.0780,0,,,,,0,-1.00,-1.000,-1.00,0.0291
309802,33.020,100267.344,-1.1573,0,,,,,0,-1.00,-1.000,-1.00,0.0291
310002,33.030,100266.375,-1.0728,0,,,,,0,-1.00,-1.000,-1.00,0.0291
310202,33.040,100267.125,-1.1362,0,,,,,0,-1.00,-1.000,-1.00,0.0291
310428,33.050,100264.039,-0.8772,0,,,,,0,-1.00,-1.000,-1.00,0.0291
310628,33.050,100265.469,-0.9988,0,,,,,0,-1.00,-1.000,-1.00,0.0291
310812,33.060,100265.125,-0.9671,0,,,,,0,-1.00,-1.000,-1.00,0.0291
311012,33.060,100270.367,-1.4110,0,,,,,0,-1.00,-1.000,-1.00,0.0291
311212,33.050,100266.297,-1.0675,0,,,,,0,-1.00,-1.000,-1.00,0.0291
311429,33.060,100268.344,-1.2419,0,,,,,0,-1.00,-1.000,-1.00,0.0291
311602,33.060,100269.828,-1.3634,0,,,,,0,-1.00,-1.000,-1.00,0.0291
311802,33.050,100266.859,-1.1150,0,,,,,0,-1.00,-1.000,-1.00,0.0291
312002,33.070,100269.156,-1.3106,0,,,,,0,-1.00,-1.000,-1.00,0.0291
312202,33.080,100267.148,-1.1415,0,,,,,0,-1.00,-1.000,-1.00,0.0291
312428,33.090,100267.875,-1.1996,0,,,,,0,-1.00,-1.000,-1.00,0.0291
312602,33.100,100269.820,-1.3634,0,,,,,0,-1.00,-1.000,-1.00,0.0291
312802,33.110,100267.320,-1.1520,0,,,,,0,-1.00,-1.000,-1.00,0.0291
313002,33.120,100269.656,-1.3528,0,,,,,0,-1.00,-1.000,-1.00,0.0291
313202,33.120,100269.438,-1.3317,0,,,,,0,-1.00,-1.000,-1.00,0.0291
313429,33.140,100270.094,-1.3846,0,,,,,0,-1.00,-1.000,-1.00,0.0291
313602,33.140,100267.711,-1.1890,0,,,,,0,-1.00,-1.000,-1.00,0.0291
313802,33.150,100267.547,-1.1732,0,,,,,0,-1.00,-1.000,-1.00,0.0291
314002,33.150,100270.047,-1.3846,0,,,,,0,-1.00,-1.000,-1.00,0.0291
314202,33.130,100270.164,-1.3951,0,,,,,0,-1.00,-1.000,-1.00,0.0291
314429,33.120,100269.969,-1.3793,0,,,,,0,-1.00,-1.000,-1.00,0.0291
314602,33.100,100270.172,-1.3951,0,,,,,0,-1.00,-1.000,-1.00,0.0291
314802,33.070,100268.109,-1.2207,0,,,,,0,-1.00,-1.000,-1.00,0.0291
315002,33.060,100267.813,-1.1943,0,,,,,0,-1.00,-1.000,-1.00,0.0291
315202,33.040,100265.984,-1.0411,0,,,,,0,-1.00,-1.000,-1.00,0.0291
315429,33.040,100269.398,-1.3264,0,,,,,0,-1.00,-1.000,-1.00,0.0291
315602,33.020,100270.430,-1.4163,0,,,,,0,-1.00,-1.000,-1.00,0.0291
315802,33.010,100266.484,-1.0833,0,,,,,0,-1.00,-1.000,-1.00,0.0291
316002,33.000,100271.891,-1.5378,0,,,,,0,-1.00,-1.000,-1.00,0.0291
316202,32.990,100270.688,-1.4374,0,,,,,0,-1.00,-1.000,-1.00,0.0291
316420,32.990,100269.609,-1.3476,0,,,,,0,-1.00,-1.000,-1.00,0.0291
316610,32.990,100266.281,-1.0675,0,,,,,0,-1.00,-1.000,-1.00,0.0291
316812,32.990,100269.859,-1.3687,0,,,,,0,-1.00,-1.000,-1.00,0.0291
317012,32.990,100269.688,-1.3528,0,,,,,0,-1.00,-1.000,-1.00,0.0291
317212,32.990,100268.781,-1.2736,0,,,,,0,-1.00,-1.000,-1.00,0.0291
317431,33.000,100267.828,-1.1943,0,,,,,0,-1.00,-1.000,-1.00,0.0291
317602,33.010,100264.203,-0.8931,0,,,,,0,-1.00,-1.000,-1.00,0.0291
317802,33.010,100265.156,-0.9724,0,,,,,0,-1.00,-1.000,-1.00,0.0291
318002,33.020,100270.383,-1.4110,0,,,,,0,-1.00,-1.000,-1.00,0.0291
318202,33.030,100268.883,-1.2841,0,,,,,0,-1.00,-1.000,-1.00,0.0291
318430,33.040,100266.359,-1.0728,0,,,,,0,-1.00,-1.000,-1.00,0.0291
318602,33.050,100266.016,-1.0463,0,,,,,0,-1.00,-1.000,-1.00,0.0291
318802,33.040,100265.930,-1.0358,0,,,,,0,-1.00,-1.000,-1.00,0.0291
319002,33.030,100264.188,-0.8878,0,,,,,0,-1.00,-1.000,-1.00,0.0291
319202,33.040,100264.977,-0.9565,0,,,,,0,-1.00,-1.000,-1.00,0.0291
319429,33.040,100265.266,-0.9829,0,,,,,0,-1.00,-1.000,-1.00,0.0291
319602,33.050,100266.117,-1.0516,0,,,,,0,-1.00,-1.000,-1.00,0.0291
319802,33.070,100265.063,-0.9618,0,,,,,0,-1.00,-1.000,-1.00,0.0291
320002,33.090,100265.563,-1.0041,0,,,,,0,-1.00,-1.000,-1.00,0.0291
320202,33.100,100269.641,-1.3476,0,,,,,0,-1.00,-1.000,-1.00,0.0291
320429,33.100,100268.617,-1.2630,0,,,,,0,-1.00,-1.000,-1.00,0.0291
320602,33.110,100269.219,-1.3159,0,,,,,0,-1.00,-1.000,-1.00,0.0291
320802,33.120,100265.781,-1.0252,0,,,,,0,-1.00,-1.000,-1.00,0.0291
321002,33.130,100268.828,-1.2789,0,,,,,0,-1.00,-1.000,-1.00,0.0291
321202,33.130,100268.367,-1.2419,0,,,,,0,-1.00,-1.000,-1.00,0.0291
321428,33.130,100268.367,-1.2419,0,,,,,0,-1.00,-1.000,-1.00,0.0291
321602,33.140,100268.859,-1.2841,0,,,,,0,-1.00,-1.000,-1.00,0.0291
321802,33.150,100266.313,-1.0675,0,,,,,0,-1.00,-1.000,-1.00,0.0291
322002,33.170,100269.016,-1.2947,0,,,,,0,-1.00,-1.000,-1.00,0.0291
322202,33.180,100268.031,-1.2154,0,,,,,0,-1.00,-1.000,-1.00,0.0291
322418,33.190,100269.469,-1.3370,0,,,,,0,-1.00,-1.000,-1.00,0.0291
322609,33.210,100270.078,-1.3846,0,,,,,0,-1.00,-1.000,-1.00,0.0291
322812,33.210,100270.508,-1.4215,0,,,,,0,-1.00,-1.000,-1.00,0.0291
323012,33.220,100267.578,-1.1732,0,,,,,0,-1.00,-1.000,-1.00,0.0291
323212,33.210,100268.898,-1.2841,0,,,,,0,-1.00,-1.000,-1.00,0.0291
323429,33.210,100267.469,-1.1679,0,,,,,0,-1.00,-1.000,-1.00,0.0291
323602,33.200,100268.172,-1.2260,0,,,,,0,-1.00,-1.000,-1.00,0.0291
323802,33.200,100268.625,-1.2630,0,,,,,0,-1.00,-1.000,-1.00,0.0291
324002,33.190,100266.250,-1.0622,0,,,,,0,-1.00,-1.000,-1.00,0.0291
324202,33.190,100268.938,-1.2894,0,,,,,0,-1.00,-1.000,-1.00,0.0291
324430,33.190,100267.242,-1.1467,0,,,,,0,-1.00,-1.000,-1.00,0.0291
324602,33.190,100269.828,-1.3634,0,,,,,0,-1.00,-1.000,-1.00,0.0291
324802,33.200,100270.500,-1.4215,0,,,,,0,-1.00,-1.000,-1.00,0.0291
325002,33.200,100268.227,-1.2313,0,,,,,0,-1.00,-1.000,-1.00,0.0291
325202,33.180,100266.039,-1.0463,0,,,,,0,-1.00,-1.000,-1.00,0.0291
325430,33.170,100267.641,-1.1785,0,,,,,0,-1.00,-1.000,-1.00,0.0291
325602,33.160,100264.586,-0.9248,0,,,,,0,-1.00,-1.000,-1.00,0.0291
325802,33.160,100263.750,-0.8561,0,,,,,0,-1.00,-1.000,-1.00,0.0291
326002,33.160,100267.148,-1.1415,0,,,,,0,-1.00,-1.000,-1.00,0.0291
326202,33.170,100268.711,-1.2736,0,,,,,0,-1.00,-1.000,-1.00,0.0291
326430,33.180,100265.266,-0.9829,0,,,,,0,-1.00,-1.000,-1.00,0.0291
326612,33.180,100267.953,-1.2049,0,,,,,0,-1.00,-1.000,-1.00,0.0291
326812,33.180,100265.141,-0.9724,0,,,,,0,-1.00,-1.000,-1.00,0.0291
327012,33.170,100271.633,-1.5167,0,,,,,0,-1.00,-1.000,-1.00,0.0291
327212,33.160,100266.914,-1.1203,0,,,,,0,-1.00,-1.000,-1.00,0.0291
327429,33.160,100265.781,-1.0252,0,,,,,0,-1.00,-1.000,-1.00,0.0291
327602,33.160,100266.016,-1.0463,0,,,,,0,-1.00,-1.000,-1.00,0.0291
327802,33.140,100265.875,-1.0305,0,,,,,0,-1.00,-1.000,-1.00,0.0291
328002,33.120,100267.109,-1.1362,0,,,,,0,-1.00,-1.000,-1.00,0.0291
328202,33.100,100265.156,-0.9724,0,,,,,0,-1.00,-1.000,-1.00,0.0291
328418,33.090,100264.469,-0.9142,0,,,,,0,-1.00,-1.000,-1.00,0.0291
328609,33.090,100263.039,-0.7927,0,,,,,0,-1.00,-1.000,-1.00,0.0291
328812,33.080,100265.711,-1.0199,0,,,,,0,-1.00,-1.000,-1.00,0.0291
329012,33.060,100265.484,-0.9988,0,,,,,0,-1.00,-1.000,-1.00,0.0291
329212,33.040,100264.500,-0.9142,0,,,,,0,-1.00,-1.000,-1.00,0.0291
329431,33.030,100263.828,-0.8614,0,,,,,0,-1.00,-1.000,-1.00,0.0291
329602,33.040,100266.344,-1.0728,0,,,,,0,-1.00,-1.000,-1.00,0.0291
329802,33.030,100267.047,-1.1309,0,,,,,0,-1.00,-1.000,-1.00,0.0291
330002,33.020,100267.703,-1.1837,0,,,,,0,-1.00,-1.000,-1.00,0.0291
330202,33.020,100265.469,-0.9988,0,,,,,0,-1.00,-1.000,-1.00,0.0291
330430,33.000,100266.344,-1.0728,0,,,,,0,-1.00,-1.000,-1.00,0.0291
330602,32.980,100268.109,-1.2207,0,,,,,0,-1.00,-1.000,-1.00,0.0291
330802,32.970,100265.578,-1.0041,0,,,,,0,-1.00,-1.000,-1.00,0.0291
331002,32.970,100269.156,-1.3106,0,,,,,0,-1.00,-1.000,-1.00,0.0291
331202,32.980,100266.508,-1.0833,0,,,,,0,-1.00,-1.000,-1.00,0.0291
331430,32.980,100267.047,-1.1309,0,,,,,0,-1.00,-1.000,-1.00,0.0291
331602,32.980,100268.531,-1.2577,0,,,,,0,-1.00,-1.000,-1.00,0.0291
331802,32.970,100266.016,-1.0463,0,,,,,0,-1.00,-1.000,-1.00,0.0291
332002,32.980,100265.609,-1.0093,0,,,,,0,-1.00,-1.000,-1.00,0.0291
332202,32.970,100264.641,-0.9301,0,,,,,0,-1.00,-1.000,-1.00,0.0291
332429,32.970,100264.328,-0.9037,0,,,,,0,-1.00,-1.000,-1.00,0.0291
332602,32.960,100265.266,-0.9829,0,,,,,0,-1.00,-1.000,-1.00,0.0291
332802,32.950,100264.891,-0.9512,0,,,,,0,-1.00,-1.000,-1.00,0.0291
333002,32.950,100265.250,-0.9776,0,,,,,0,-1.00,-1.000,-1.00,0.0291
333202,32.920,100264.969,-0.9565,0,,,,,0,-1.00,-1.000,-1.00,0.0291
333430,32.890,100263.430,-0.8244,0,,,,,0,-1.00,-1.000,-1.00,0.0291
333602,32.880,100263.781,-0.8561,0,,,,,0,-1.00,-1.000,-1.00,0.0291
333802,32.860,100262.563,-0.7557,0,,,,,0,-1.00,-1.000,-1.00,0.0291
334002,32.850,100262.672,-0.7610,0,,,,,0,-1.00,-1.000,-1.00,0.0291
334202,32.850,100263.859,-0.8614,0,,,,,0,-1.00,-1.000,-1.00,0.0291
334425,32.850,100264.930,-0.9512,0,,,,,0,-1.00,-1.000,-1.00,0.0291
334616,32.860,100266.492,-1.0833,0,,,,,0,-1.00,-1.000,-1.00,0.0291
334802,32.860,100265.086,-0.9671,0,,,,,0,-1.00,-1.000,-1.00,0.0291
335002,32.870,100263.352,-0.8191,0,,,,,0,-1.00,-1.000,-1.00,0.0291
335202,32.870,100264.180,-0.8878,0,,,,,0,-1.00,-1.000,-1.00,0.0291
335430,32.880,100265.750,-1.0199,0,,,,,0,-1.00,-1.000,-1.00,0.0291
335602,32.890,100264.688,-0.9301,0,,,,,0,-1.00,-1.000,-1.00,0.0291
335802,32.900,100266.273,-1.0675,0,,,,,0,-1.00,-1.000,-1.00,0.0291
336002,32.910,100263.828,-0.8614,0,,,,,0,-1.00,-1.000,-1.00,0.0291
336202,32.930,100265.711,-1.0199,0,,,,,0,-1.00,-1.000,-1.00,0.0291
336430,32.930,100263.500,-0.8350,0,,,,,0,-1.00,-1.000,-1.00,0.0291
336602,32.940,100265.477,-0.9988,0,,,,,0,-1.00,-1.000,-1.00,0.0291
336802,32.950,100266.094,-1.0516,0,,,,,0,-1.00,-1.000,-1.00,0.0291
337002,32.950,100265.328,-0.9882,0,,,,,0,-1.00,-1.000,-1.00,0.0291
337202,32.970,100266.492,-1.0833,0,,,,,0,-1.00,-1.000,-1.00,0.0291
337431,32.970,100264.406,-0.9089,0,,,,,0,-1.00,-1.000,-1.00,0.0291
337602,32.990,100263.594,-0.8402,0,,,,,0,-1.00,-1.000,-1.00,0.0291
337802,32.990,100265.016,-0.9618,0,,,,,0,-1.00,-1.000,-1.00,0.0291
338002,33.000,100265.039,-0.9618,0,,,,,0,-1.00,-1.000,-1.00,0.0291
338202,32.980,100265.719,-1.0199,0,,,,,0,-1.00,-1.000,-1.00,0.0291
338431,32.990,100265.391,-0.9935,0,,,,,0,-1.00,-1.000,-1.00,0.0291
338602,33.000,100265.453,-0.9988,0,,,,,0,-1.00,-1.000,-1.00,0.0291
338802,33.010,100266.000,-1.0411,0,,,,,0,-1.00,-1.000,-1.00,0.0291
339002,33.020,100266.547,-1.0886,0,,,,,0,-1.00,-1.000,-1.00,0.0291
339202,33.030,100264.250,-0.8931,0,,,,,0,-1.00,-1.000,-1.00,0.0291
339431,33.010,100264.828,-0.9459,0,,,,,0,-1.00,-1.000,-1.00,0.0291
339602,33.020,100265.313,-0.9829,0,,,,,0,-1.00,-1.000,-1.00,0.0291
339802,33.020,100265.234,-0.9776,0,,,,,0,-1.00,-1.000,-1.00,0.0291
340002,33.020,100263.578,-0.8402,0,,,,,0,-1.00,-1.000,-1.00,0.0291
340202,33.020,100265.063,-0.9618,0,,,,,0,-1.00,-1.000,-1.00,0.0291
340419,33.010,100267.328,-1.1520,0,,,,,0,-1.00,-1.000,-1.00,0.0291
340610,33.000,100265.633,-1.0093,0,,,,,0,-1.00,-1.000,-1.00,0.0291
340812,32.980,100264.688,-0.9301,0,,,,,0,-1.00,-1.000,-1.00,0.0291
341012,32.970,100262.078,-0.7134,0,,,,,0,-1.00,-1.000,-1.00,0.0291
341212,32.950,100263.359,-0.8191,0,,,,,0,-1.00,-1.000,-1.00,0.0291
341431,32.940,100266.727,-1.1045,0,,,,,0,-1.00,-1.000,-1.00,0.0291
341602,32.940,100263.758,-0.8561,0,,,,,0,-1.00,-1.000,-1.00,0.0291
341802,32.930,100264.594,-0.9248,0,,,,,0,-1.00,-1.000,-1.00,0.0291
342002,32.940,100265.547,-1.0041,0,,,,,0,-1.00,-1.000,-1.00,0.0291
342202,32.930,100267.250,-1.1467,0,,,,,0,-1.00,-1.000,-1.00,0.0291
342430,32.940,100263.891,-0.8667,0,,,,,0,-1.00,-1.000,-1.00,0.0291
342602,32.940,100267.828,-1.1943,0,,,,,0,-1.00,-1.000,-1.00,0.0291
342802,32.950,100268.422,-1.2472,0,,,,,0,-1.00,-1.000,-1.00,0.0291
343012,32.940,100265.141,-0.9724,0,,,,,0,-1.00,-1.000,-1.00,0.0291
343212,32.940,100264.938,-0.9512,0,,,,,0,-1.00,-1.000,-1.00,0.0291
343431,32.940,100263.867,-0.8614,0,,,,,0,-1.00,-1.000,-1.00,0.0291
343612,32.940,100265.477,-0.9988,0,,,,,0,-1.00,-1.000,-1.00,0.0291
343812,32.930,100265.133,-0.9671,0,,,,,0,-1.00,-1.000,-1.00,0.0291
344012,32.900,100267.281,-1.1520,0,,,,,0,-1.00,-1.000,-1.00,0.0291
344212,32.880,100263.984,-0.8720,0,,,,,0,-1.00,-1.000,-1.00,0.0291
344431,32.880,100265.328,-0.9882,0,,,,,0,-1.00,-1.000,-1.00,0.0291
344602,32.880,100266.641,-1.0939,0,,,,,0,-1.00,-1.000,-1.00,0.0291
344802,32.890,100266.297,-1.0675,0,,,,,0,-1.00,-1.000,-1.00,0.0291
345002,32.900,100266.094,-1.0516,0,,,,,0,-1.00,-1.000,-1.00,0.0291
345202,32.890,100263.156,-0.8033,0,,,,,0,-1.00,-1.000,-1.00,0.0291
345431,32.890,100265.938,-1.0358,0,,,,,0,-1.00,-1.000,-1.00,0.0291
345612,32.890,100266.109,-1.0516,0,,,,,0,-1.00,-1.000,-1.00,0.0291
345812,32.890,100265.578,-1.0041,0,,,,,0,-1.00,-1.000,-1.00,0.0291
346012,32.880,100266.188,-1.0569,0,,,,,0,-1.00,-1.000,-1.00,0.0291
346212,32.880,100266.359,-1.0728,0,,,,,0,-1.00,-1.000,-1.00,0.0291
346420,32.880,100266.102,-1.0516,0,,,,,0,-1.00,-1.000,-1.00,0.0291
346613,32.850,100265.891,-1.0358,0,,,,,0,-1.00,-1.000,-1.00,0.0291
346812,32.830,100269.094,-1.3053,0,,,,,0,-1.00,-1.000,-1.00,0.0291
347012,32.800,100266.664,-1.0992,0,,,,,0,-1.00,-1.000,-1.00,0.0291
347212,32.800,100266.125,-1.0516,0,,,,,0,-1.00,-1.000,-1.00,0.0291
347423,32.800,100267.375,-1.1573,0,,,,,0,-1.00,-1.000,-1.00,0.0291
347612,32.790,100264.547,-0.9195,0,,,,,0,-1.00,-1.000,-1.00,0.0291
347812,32.770,100264.734,-0.9354,0,,,,,0,-1.00,-1.000,-1.00,0.0291
348012,32.760,100270.766,-1.4427,0,,,,,0,-1.00,-1.000,-1.00,0.0291
348212,32.740,100263.766,-0.8561,0,,,,,0,-1.00,-1.000,-1.00,0.0291
348431,32.760,100265.078,-0.9671,0,,,,,0,-1.00,-1.000,-1.00,0.0291
348612,32.750,100262.109,-0.7134,0,,,,,0,-1.00,-1.000,-1.00,0.0291
348812,32.740,100259.109,-0.4650,0,,,,,0,-1.00,-1.000,-1.00,0.0291
349012,32.750,100265.563,-1.0041,0,,,,,0,-1.00,-1.000,-1.00,0.0291
349212,32.750,100261.984,-0.7028,0,,,,,0,-1.00,-1.000,-1.00,0.0291
349432,32.750,100266.641,-1.0939,0,,,,,0,-1.00,-1.000,-1.00,0.0291
349602,32.750,100266.461,-1.0833,0,,,,,0,-1.00,-1.000,-1.00,0.0291
349802,32.750,100266.859,-1.1150,0,,,,,0,-1.00,-1.000,-1.00,0.0291
350002,32.750,100267.281,-1.1520,0,,,,,0,-1.00,-1.000,-1.00,0.0291
350202,32.740,100266.031,-1.0463,0,,,,,0,-1.00,-1.000,-1.00,0.0291
350431,32.750,100262.984,-0.7874,0,,,,,0,-1.00,-1.000,-1.00,0.0291
350602,32.760,100263.555,-0.8350,0,,,,,0,-1.00,-1.000,-1.00,0.0291
350802,32.780,100265.188,-0.9724,0,,,,,0,-1.00,-1.000,-1.00,0.0291
351002,32.780,100259.047,-0.4598,0,,,,,0,-1.00,-1.000,-1.00,0.0291
351202,32.780,100261.125,-0.6341,0,,,,,0,-1.00,-1.000,-1.00,0.0291
351431,32.770,100262.258,-0.7293,0,,,,,0,-1.00,-1.000,-1.00,0.0291
351612,32.750,100264.844,-0.9459,0,,,,,0,-1.00,-1.000,-1.00,0.0291
351812,32.750,100268.344,-1.2419,0,,,,,0,-1.00,-1.000,-1.00,0.0291
352012,32.730,100265.188,-0.9724,0,,,,,0,-1.00,-1.000,-1.00,0.0291
352212,32.740,100270.664,-1.4374,0,,,,,0,-1.00,-1.000,-1.00,0.0291
352427,32.740,100265.680,-1.0146,0,,,,,0,-1.00,-1.000,-1.00,0.0291
352621,32.740,100265.914,-1.0358,0,,,,,0,-1.00,-1.000,-1.00,0.0291
352802,32.750,100265.867,-1.0305,0,,,,,0,-1.00,-1.000,-1.00,0.0291
353002,32.740,100264.484,-0.9142,0,,,,,0,-1.00,-1.000,-1.00,0.0291
353202,32.730,100264.469,-0.9142,0,,,,,0,-1.00,-1.000,-1.00,0.0291
353429,32.720,100266.781,-1.1098,0,,,,,0,-1.00,-1.000,-1.00,0.0291
353612,32.720,100268.016,-1.2102,0,,,,,0,-1.00,-1.000,-1.00,0.0291
353812,32.710,100268.000,-1.2102,0,,,,,0,-1.00,-1.000,-1.00,0.0291
354012,32.710,100266.992,-1.1256,0,,,,,0,-1.00,-1.000,-1.00,0.0291
354212,32.710,100267.469,-1.1679,0,,,,,0,-1.00,-1.000,-1.00,0.0291
354429,32.710,100267.766,-1.1890,0,,,,,0,-1.00,-1.000,-1.00,0.0291
354612,32.700,100267.156,-1.1415,0,,,,,0,-1.00,-1.000,-1.00,0.0291
354812,32.700,100269.781,-1.3581,0,,,,,0,-1.00,-1.000,-1.00,0.0291
355002,32.690,100267.852,-1.1996,0,,,,,0,-1.00,-1.000,-1.00,0.0291
355202,32.690,100269.469,-1.3370,0,,,,,0,-1.00,-1.000,-1.00,0.0291
355431,32.700,100269.898,-1.3687,0,,,,,0,-1.00,-1.000,-1.00,0.0291
355612,32.700,100267.938,-1.2049,0,,,,,0,-1.00,-1.000,-1.00,0.0291
355812,32.710,100266.516,-1.0886,0,,,,,0,-1.00,-1.000,-1.00,0.0291
356012,32.710,100269.375,-1.3264,0,,,,,0,-1.00,-1.000,-1.00,0.0291
356212,32.710,100271.219,-1.4797,0,,,,,0,-1.00,-1.000,-1.00,0.0291
356430,32.710,100269.078,-1.3000,0,,,,,0,-1.00,-1.000,-1.00,0.0291
356612,32.710,100270.094,-1.3846,0,,,,,0,-1.00,-1.000,-1.00,0.0291
356812,32.710,100268.359,-1.2419,0,,,,,0,-1.00,-1.000,-1.00,0.0291
357012,32.720,100269.508,-1.3370,0,,,,,0,-1.00,-1.000,-1.00,0.0291
357212,32.720,100270.875,-1.4533,0,,,,,0,-1.00,-1.000,-1.00,0.0291
357431,32.730,100268.500,-1.2524,0,,,,,0,-1.00,-1.000,-1.00,0.0291
357612,32.730,100269.344,-1.3264,0,,,,,0,-1.00,-1.000,-1.00,0.0291
357812,32.730,100267.914,-1.2049,0,,,,,0,-1.00,-1.000,-1.00,0.0291
358012,32.730,100269.992,-1.3793,0,,,,,0,-1.00,-1.000,-1.00,0.0291
358212,32.740,100268.359,-1.2419,0,,,,,0,-1.00,-1.000,-1.00,0.0291
358426,32.750,100270.977,-1.4585,0,,,,,0,-1.00,-1.000,-1.00,0.0291
358620,32.750,100269.859,-1.3687,0,,,,,0,-1.00,-1.000,-1.00,0.0291
358802,32.760,100264.750,-0.9354,0,,,,,0,-1.00,-1.000,-1.00,0.0291
359002,32.780,100266.617,-1.0939,0,,,,,0,-1.00,-1.000,-1.00,0.0291
359202,32.790,100265.734,-1.0199,0,,,,,0,-1.00,-1.000,-1.00,0.0291
359429,32.810,100264.391,-0.9089,0,,,,,0,-1.00,-1.000,-1.00,0.0291
359602,32.810,100266.672,-1.0992,0,,,,,0,-1.00,-1.000,-1.00,0.0291
359802,32.830,100268.078,-1.2154,0,,,,,0,-1.00,-1.000,-1.00,0.0291
360002,32.840,100267.727,-1.1890,0,,,,,0,-1.00,-1.000,-1.00,0.0291
360202,32.850,100266.359,-1.0728,0,,,,,0,-1.00,-1.000,-1.00,0.0291
360423,32.860,100265.805,-1.0252,0,,,,,0,-1.00,-1.000,-1.00,0.0291
360612,32.890,100268.203,-1.2260,0,,,,,0,-1.00,-1.000,-1.00,0.0291
360812,32.890,100268.344,-1.2419,0,,,,,0,-1.00,-1.000,-1.00,0.0291
361012,32.910,100266.109,-1.0516,0,,,,,0,-1.00,-1.000,-1.00,0.0291
361212,32.920,100268.016,-1.2102,0,,,,,0,-1.00,-1.000,-1.00,0.0291
361423,32.930,100266.391,-1.0728,0,,,,,0,-1.00,-1.000,-1.00,0.0291
361612,32.940,100265.547,-1.0041,0,,,,,0,-1.00,-1.000,-1.00,0.0291
361812,32.950,100266.344,-1.0728,0,,,,,0,-1.00,-1.000,-1.00,0.0291
362012,32.970,100265.953,-1.0411,0,,,,,0,-1.00,-1.000,-1.00,0.0291
362212,32.970,100265.117,-0.9671,0,,,,,0,-1.00,-1.000,-1.00,0.0291
362431,32.980,100262.625,-0.7557,0,,,,,0,-1.00,-1.000,-1.00,0.0291
362612,33.000,100267.547,-1.1732,0,,,,,0,-1.00,-1.000,-1.00,0.0291
362812,33.000,100265.156,-0.9724,0,,,,,0,-1.00,-1.000,-1.00,0.0291
363012,33.010,100265.547,-1.0041,0,,,,,0,-1.00,-1.000,-1.00,0.0291
363212,33.020,100264.781,-0.9406,0,,,,,0,-1.00,-1.000,-1.00,0.0291
363430,33.030,100264.313,-0.9037,0,,,,,0,-1.00,-1.000,-1.00,0.0291
363612,33.040,100262.953,-0.7874,0,,,,,0,-1.00,-1.000,-1.00,0.0291
363812,33.050,100266.141,-1.0569,0,,,,,0,-1.00,-1.000,-1.00,0.0291
364012,33.060,100262.047,-0.7081,0,,,,,0,-1.00,-1.000,-1.00,0.0291
364212,33.070,100266.734,-1.1045,0,,,,,0,-1.00,-1.000,-1.00,0.0291
364425,33.090,100264.500,-0.9142,0,,,,,0,-1.00,-1.000,-1.00,0.0291
364619,33.090,100266.578,-1.0886,0,,,,,0,-1.00,-1.000,-1.00,0.0291
364802,33.110,100263.563,-0.8402,0,,,,,0,-1.00,-1.000,-1.00,0.0291
365002,33.120,100265.469,-0.9988,0,,,,,0,-1.00,-1.000,-1.00,0.0291
365202,33.130,100266.266,-1.0675,0,,,,,0,-1.00,-1.000,-1.00,0.0291
365431,33.130,100261.922,-0.6976,0,,,,,0,-1.00,-1.000,-1.00,0.0291
365612,33.150,100265.930,-1.0358,0,,,,,0,-1.00,-1.000,-1.00,0.0291
365812,33.140,100268.328,-1.2366,0,,,,,0,-1.00,-1.000,-1.00,0.0291
366012,33.140,100265.922,-1.0358,0,,,,,0,-1.00,-1.000,-1.00,0.0291
366212,33.130,100265.859,-1.0305,0,,,,,0,-1.00,-1.000,-1.00,0.0291
366432,33.140,100265.031,-0.9618,0,,,,,0,-1.00,-1.000,-1.00,0.0291
366602,33.130,100265.508,-1.0041,0,,,,,0,-1.00,-1.000,-1.00,0.0291
366802,33.150,100268.250,-1.2313,0,,,,,0,-1.00,-1.000,-1.00,0.0291
367002,33.150,100267.719,-1.1890,0,,,,,0,-1.00,-1.000,-1.00,0.0291
367202,33.150,100267.547,-1.1732,0,,,,,0,-1.00,-1.000,-1.00,0.0291
367429,33.140,100268.500,-1.2524,0,,,,,0,-1.00,-1.000,-1.00,0.0291
367612,33.130,100266.859,-1.1150,0,,,,,0,-1.00,-1.000,-1.00,0.0291
367812,33.140,100270.094,-1.3846,0,,,,,0,-1.00,-1.000,-1.00,0.0291
368012,33.140,100269.453,-1.3317,0,,,,,0,-1.00,-1.000,-1.00,0.0291
368212,33.150,100266.422,-1.0780,0,,,,,0,-1.00,-1.000,-1.00,0.0291
368430,33.160,100269.516,-1.3370,0,,,,,0,-1.00,-1.000,-1.00,0.0291
368602,33.170,100268.297,-1.2366,0,,,,,0,-1.00,-1.000,-1.00,0.0291
368802,33.170,100270.563,-1.4268,0,,,,,0,-1.00,-1.000,-1.00,0.0291
369002,33.180,100268.609,-1.2630,0,,,,,0,-1.00,-1.000,-1.00,0.0291
369202,33.180,100268.742,-1.2736,0,,,,,0,-1.00,-1.000,-1.00,0.0291
369432,33.180,100268.031,-1.2154,0,,,,,0,-1.00,-1.000,-1.00,0.0291
369602,33.200,100267.203,-1.1415,0,,,,,0,-1.00,-1.000,-1.00,0.0291
369802,33.200,100266.000,-1.0411,0,,,,,0,-1.00,-1.000,-1.00,0.0291
370002,33.220,100269.984,-1.3793,0,,,,,0,-1.00,-1.000,-1.00,0.0291
370202,33.220,100268.188,-1.2260,0,,,,,0,-1.00,-1.000,-1.00,0.0291
370428,33.230,100268.734,-1.2736,0,,,,,0,-1.00,-1.000,-1.00,0.0291
370622,33.240,100270.969,-1.4585,0,,,,,0,-1.00,-1.000,-1.00,0.0291
370802,33.240,100270.953,-1.4585,0,,,,,0,-1.00,-1.000,-1.00,0.0291
371002,33.240,100270.180,-1.3951,0,,,,,0,-1.00,-1.000,-1.00,0.0291
371202,33.250,100269.594,-1.3423,0,,,,,0,-1.00,-1.000,-1.00,0.0291
371429,33.260,100267.719,-1.1890,0,,,,,0,-1.00,-1.000,-1.00,0.0291
371602,33.270,100272.422,-1.5854,0,,,,,0,-1.00,-1.000,-1.00,0.0291
371802,33.270,100271.430,-1.5008,0,,,,,0,-1.00,-1.000,-1.00,0.0291
372002,33.280,100267.297,-1.1520,0,,,,,0,-1.00,-1.000,-1.00,0.0291
372202,33.290,100265.898,-1.0358,0,,,,,0,-1.00,-1.000,-1.00,0.0291
372431,33.290,100267.094,-1.1362,0,,,,,0,-1.00,-1.000,-1.00,0.0291
372612,33.300,100269.313,-1.3211,0,,,,,0,-1.00,-1.000,-1.00,0.0291
372812,33.310,100269.016,-1.2947,0,,,,,0,-1.00,-1.000,-1.00,0.0291
373012,33.320,100269.391,-1.3264,0,,,,,0,-1.00,-1.000,-1.00,0.0291
373212,33.320,100269.500,-1.3370,0,,,,,0,-1.00,-1.000,-1.00,0.0291
373431,33.330,100270.438,-1.4163,0,,,,,0,-1.00,-1.000,-1.00,0.0291
373612,33.330,100270.797,-1.4480,0,,,,,0,-1.00,-1.000,-1.00,0.0291
373812,33.350,100268.578,-1.2577,0,,,,,0,-1.00,-1.000,-1.00,0.0291
374012,33.350,100269.016,-1.2947,0,,,,,0,-1.00,-1.000,-1.00,0.0291
374212,33.360,100268.250,-1.2313,0,,,,,0,-1.00,-1.000,-1.00,0.0291
374432,33.370,100266.578,-1.0886,0,,,,,0,-1.00,-1.000,-1.00,0.0291
374602,33.390,100267.813,-1.1943,0,,,,,0,-1.00,-1.000,-1.00,0.0291
374802,33.390,100268.102,-1.2207,0,,,,,0,-1.00,-1.000,-1.00,0.0291
375002,33.390,100266.031,-1.0463,0,,,,,0,-1.00,-1.000,-1.00,0.0291
375202,33.400,100268.422,-1.2472,0,,,,,0,-1.00,-1.000,-1.00,0.0291
375432,33.410,100267.609,-1.1785,0,,,,,0,-1.00,-1.000,-1.00,0.0291
375602,33.430,100270.125,-1.3898,0,,,,,0,-1.00,-1.000,-1.00,0.0291
375802,33.430,100272.875,-1.6224,0,,,,,0,-1.00,-1.000,-1.00,0.0291
376002,33.430,100267.266,-1.1520,0,,,,,0,-1.00,-1.000,-1.00,0.0291
376202,33.450,100270.039,-1.3846,0,,,,,0,-1.00,-1.000,-1.00,0.0291
376418,33.440,100270.211,-1.3951,0,,,,,0,-1.00,-1.000,-1.00,0.0291
376612,33.450,100270.688,-1.4374,0,,,,,0,-1.00,-1.000,-1.00,0.0291
376812,33.450,100270.266,-1.4004,0,,,,,0,-1.00,-1.000,-1.00,0.0291
377012,33.460,100271.359,-1.4955,0,,,,,0,-1.00,-1.000,-1.00,0.0291
377212,33.460,100271.375,-1.4955,0,,,,,0,-1.00,-1.000,-1.00,0.0291
377431,33.470,100270.188,-1.3951,0,,,,,0,-1.00,-1.000,-1.00,0.0291
377612,33.490,100269.375,-1.3264,0,,,,,0,-1.00,-1.000,-1.00,0.0291
377812,33.490,100266.484,-1.0833,0,,,,,0,-1.00,-1.000,-1.00,0.0291
378012,33.490,100270.688,-1.4374,0,,,,,0,-1.00,-1.000,-1.00,0.0291
378212,33.490,100273.203,-1.6488,0,,,,,0,-1.00,-1.000,-1.00,0.0291
378431,33.490,100268.664,-1.2683,0,,,,,0,-1.00,-1.000,-1.00,0.0291
378612,33.500,100271.055,-1.4691,0,,,,,0,-1.00,-1.000,-1.00,0.0291
378812,33.510,100272.750,-1.6118,0,,,,,0,-1.00,-1.000,-1.00,0.0291
379012,33.520,100274.063,-1.7228,0,,,,,0,-1.00,-1.000,-1.00,0.0291
379212,33.510,100270.344,-1.4057,0,,,,,0,-1.00,-1.000,-1.00,0.0291
379432,33.510,100267.859,-1.1996,0,,,,,0,-1.00,-1.000,-1.00,0.0291
379612,33.530,100269.719,-1.3581,0,,,,,0,-1.00,-1.000,-1.00,0.0291
379812,33.530,100268.641,-1.2630,0,,,,,0,-1.00,-1.000,-1.00,0.0291
380012,33.530,100269.078,-1.3000,0,,,,,0,-1.00,-1.000,-1.00,0.0291
380212,33.540,100269.242,-1.3159,0,,,,,0,-1.00,-1.000,-1.00,0.0291
380431,33.540,100271.750,-1.5272,0,,,,,0,-1.00,-1.000,-1.00,0.0291
380602,33.540,100269.266,-1.3159,0,,,,,0,-1.00,-1.000,-1.00,0.0291
380802,33.550,100269.156,-1.3106,0,,,,,0,-1.00,-1.000,-1.00,0.0291
381002,33.560,100268.594,-1.2630,0,,,,,0,-1.00,-1.000,-1.00,0.0291
381202,33.560,100268.359,-1.2419,0,,,,,0,-1.00,-1.000,-1.00,0.0291
381430,33.560,100267.164,-1.1415,0,,,,,0,-1.00,-1.000,-1.00,0.0291
381612,33.560,100271.469,-1.5008,0,,,,,0,-1.00,-1.000,-1.00,0.0291
381812,33.570,100268.727,-1.2736,0,,,,,0,-1.00,-1.000,-1.00,0.0291
382012,33.570,100268.906,-1.2894,0,,,,,0,-1.00,-1.000,-1.00,0.0291
382212,33.580,100269.219,-1.3159,0,,,,,0,-1.00,-1.000,-1.00,0.0291
382427,33.590,100271.375,-1.4955,0,,,,,0,-1.00,-1.000,-1.00,0.0291
382621,33.580,100269.984,-1.3793,0,,,,,0,-1.00,-1.000,-1.00,0.0291
382802,33.580,100272.906,-1.6224,0,,,,,0,-1.00,-1.000,-1.00,0.0291
383002,33.570,100269.570,-1.3423,0,,,,,0,-1.00,-1.000,-1.00,0.0291
383202,33.580,100274.414,-1.7492,0,,,,,0,-1.00,-1.000,-1.00,0.0291
383429,33.570,100270.109,-1.3898,0,,,,,0,-1.00,-1.000,-1.00,0.0291
383602,33.560,100269.906,-1.3740,0,,,,,0,-1.00,-1.000,-1.00,0.0291
383802,33.560,100270.086,-1.3846,0,,,,,0,-1.00,-1.000,-1.00,0.0291
384002,33.560,100270.453,-1.4163,0,,,,,0,-1.00,-1.000,-1.00,0.0291
384202,33.560,100273.250,-1.6541,0,,,,,0,-1.00,-1.000,-1.00,0.0291
384429,33.560,100270.266,-1.4004,0,,,,,0,-1.00,-1.000,-1.00,0.0291
384612,33.570,100272.438,-1.5854,0,,,,,0,-1.00,-1.000,-1.00,0.0291
384812,33.570,100272.547,-1.5959,0,,,,,0,-1.00,-1.000,-1.00,0.0291
385012,33.570,100271.773,-1.5272,0,,,,,0,-1.00,-1.000,-1.00,0.0291
385212,33.570,100269.805,-1.3634,0,,,,,0,-1.00,-1.000,-1.00,0.0291
385429,33.580,100267.734,-1.1890,0,,,,,0,-1.00,-1.000,-1.00,0.0291
385612,33.580,100272.578,-1.5959,0,,,,,0,-1.00,-1.000,-1.00,0.0291
385812,33.600,100274.430,-1.7492,0,,,,,0,-1.00,-1.000,-1.00,0.0291
386012,33.600,100271.258,-1.4850,0,,,,,0,-1.00,-1.000,-1.00,0.0291
386212,33.600,100267.859,-1.1996,0,,,,,0,-1.00,-1.000,-1.00,0.0291
386431,33.600,100271.820,-1.5325,0,,,,,0,-1.00,-1.000,-1.00,0.0291
386612,33.610,100270.320,-1.4057,0,,,,,0,-1.00,-1.000,-1.00,0.0291
386812,33.610,100269.836,-1.3634,0,,,,,0,-1.00,-1.000,-1.00,0.0291
387012,33.610,100270.906,-1.4533,0,,,,,0,-1.00,-1.000,-1.00,0.0291
387212,33.610,100272.367,-1.5801,0,,,,,0,-1.00,-1.000,-1.00,0.0291
387431,33.610,100271.625,-1.5167,0,,,,,0,-1.00,-1.000,-1.00,0.0291
387612,33.610,100272.242,-1.5695,0,,,,,0,-1.00,-1.000,-1.00,0.0291
387812,33.620,100272.117,-1.5589,0,,,,,0,-1.00,-1.000,-1.00,0.0291
388012,33.620,100273.688,-1.6911,0,,,,,0,-1.00,-1.000,-1.00,0.0291
388212,33.620,100272.250,-1.5695,0,,,,,0,-1.00,-1.000,-1.00,0.0291
388418,33.610,100269.477,-1.3370,0,,,,,0,-1.00,-1.000,-1.00,0.0291
388618,33.600,100269.672,-1.3528,0,,,,,0,-1.00,-1.000,-1.00,0.0291
388802,33.590,100270.414,-1.4163,0,,,,,0,-1.00,-1.000,-1.00,0.0291
389002,33.570,100270.750,-1.4427,0,,,,,0,-1.00,-1.000,-1.00,0.0291
389202,33.570,100271.953,-1.5431,0,,,,,0,-1.00,-1.000,-1.00,0.0291
389431,33.570,100271.547,-1.5114,0,,,,,0,-1.00,-1.000,-1.00,0.0291
389612,33.560,100275.766,-1.8654,0,,,,,0,-1.00,-1.000,-1.00,0.0291
389812,33.540,100269.500,-1.3370,0,,,,,0,-1.00,-1.000,-1.00,0.0291
390012,33.530,100270.125,-1.3898,0,,,,,0,-1.00,-1.000,-1.00,0.0291
390212,33.530,100267.875,-1.1996,0,,,,,0,-1.00,-1.000,-1.00,0.0291
390422,33.530,100271.820,-1.5325,0,,,,,0,-1.00,-1.000,-1.00,0.0291
390612,33.530,100268.594,-1.2630,0,,,,,0,-1.00,-1.000,-1.00,0.0291
390812,33.540,100270.875,-1.4533,0,,,,,0,-1.00,-1.000,-1.00,0.0291
391012,33.540,100269.805,-1.3634,0,,,,,0,-1.00,-1.000,-1.00,0.0291
391212,33.530,100270.031,-1.3793,0,,,,,0,-1.00,-1.000,-1.00,0.0291
391429,33.540,100269.906,-1.3740,0,,,,,0,-1.00,-1.000,-1.00,0.0291
391612,33.540,100269.359,-1.3264,0,,,,,0,-1.00,-1.000,-1.00,0.0291
391812,33.510,100269.828,-1.3634,0,,,,,0,-1.00,-1.000,-1.00,0.0291
392012,33.510,100268.219,-1.2313,0,,,,,0,-1.00,-1.000,-1.00,0.0291
392212,33.510,100269.453,-1.3317,0,,,,,0,-1.00,-1.000,-1.00,0.0291
392413,33.510,100269.828,-1.3634,0,,,,,0,-1.00,-1.000,-1.00,0.0291
392602,33.510,100271.625,-1.5167,0,,,,,0,-1.00,-1.000,-1.00,0.0291
392802,33.510,100271.781,-1.5272,0,,,,,0,-1.00,-1.000,-1.00,0.0291
393002,33.520,100270.250,-1.4004,0,,,,,0,-1.00,-1.000,-1.00,0.0291
393202,33.520,100271.094,-1.4691,0,,,,,0,-1.00,-1.000,-1.00,0.0291
393412,33.520,100268.281,-1.2366,0,,,,,0,-1.00,-1.000,-1.00,0.0291
393602,33.520,100271.555,-1.5114,0,,,,,0,-1.00,-1.000,-1.00,0.0291
393802,33.510,100271.445,-1.5008,0,,,,,0,-1.00,-1.000,-1.00,0.0291
394002,33.500,100269.875,-1.3687,0,,,,,0,-1.00,-1.000,-1.00,0.0291
394202,33.500,100268.969,-1.2947,0,,,,,0,-1.00,-1.000,-1.00,0.0291
394434,33.500,100268.969,-1.2947,0,,,,,0,-1.00,-1.000,-1.00,0.0291
394619,33.490,100270.867,-1.4533,0,,,,,0,-1.00,-1.000,-1.00,0.0291
394802,33.480,100269.250,-1.3159,0,,,,,0,-1.00,-1.000,-1.00,0.0291
395002,33.490,100269.000,-1.2947,0,,,,,0,-1.00,-1.000,-1.00,0.0291
395202,33.480,100269.906,-1.3740,0,,,,,0,-1.00,-1.000,-1.00,0.0291
395421,33.470,100269.109,-1.3053,0,,,,,0,-1.00,-1.000,-1.00,0.0291
395612,33.470,100268.680,-1.2683,0,,,,,0,-1.00,-1.000,-1.00,0.0291
395812,33.460,100269.867,-1.3687,0,,,,,0,-1.00,-1.000,-1.00,0.0291
396012,33.460,100266.641,-1.0939,0,,,,,0,-1.00,-1.000,-1.00,0.0291
396212,33.450,100268.203,-1.2260,0,,,,,0,-1.00,-1.000,-1.00,0.0291
396414,33.450,100268.969,-1.2947,0,,,,,0,-1.00,-1.000,-1.00,0.0291
396612,33.440,100267.813,-1.1943,0,,,,,0,-1.00,-1.000,-1.00,0.0291
396812,33.440,100269.727,-1.3581,0,,,,,0,-1.00,-1.000,-1.00,0.0291
397012,33.430,100270.539,-1.4268,0,,,,,0,-1.00,-1.000,-1.00,0.0291
397212,33.420,100268.250,-1.2313,0,,,,,0,-1.00,-1.000,-1.00,0.0291
397423,33.410,100267.375,-1.1573,0,,,,,0,-1.00,-1.000,-1.00,0.0291
397612,33.420,100268.438,-1.2472,0,,,,,0,-1.00,-1.000,-1.00,0.0291
397812,33.430,100271.453,-1.5008,0,,,,,0,-1.00,-1.000,-1.00,0.0291
398012,33.420,100268.734,-1.2736,0,,,,,0,-1.00,-1.000,-1.00,0.0291
398212,33.410,100268.961,-1.2947,0,,,,,0,-1.00,-1.000,-1.00,0.0291
398414,33.410,100267.531,-1.1732,0,,,,,0,-1.00,-1.000,-1.00,0.0291
398602,33.410,100268.781,-1.2736,0,,,,,0,-1.00,-1.000,-1.00,0.0291
398802,33.400,100267.063,-1.1309,0,,,,,0,-1.00,-1.000,-1.00,0.0291
399002,33.400,100269.008,-1.2947,0,,,,,0,-1.00,-1.000,-1.00,0.0291
399202,33.400,100267.953,-1.2049,0,,,,,0,-1.00,-1.000,-1.00,0.0291
399413,33.400,100265.273,-0.9829,0,,,,,0,-1.00,-1.000,-1.00,0.0291
399602,33.410,100268.688,-1.2683,0,,,,,0,-1.00,-1.000,-1.00,0.0291
399802,33.410,100265.406,-0.9935,0,,,,,0,-1.00,-1.000,-1.00,0.0291
400002,33.420,100267.609,-1.1785,0,,,,,0,-1.00,-1.000,-1.00,0.0291
400202,33.420,100268.969,-1.2947,0,,,,,0,-1.00,-1.000,-1.00,0.0291
400427,33.430,100269.641,-1.3476,0,,,,,0,-1.00,-1.000,-1.00,0.0291
400613,33.440,100269.547,-1.3423,0,,,,,0,-1.00,-1.000,-1.00,0.0291
400812,33.440,100269.266,-1.3159,0,,,,,0,-1.00,-1.000,-1.00,0.0291
401012,33.450,100270.625,-1.4321,0,,,,,0,-1.00,-1.000,-1.00,0.0291
401212,33.460,100268.438,-1.2472,0,,,,,0,-1.00,-1.000,-1.00,0.0291
401422,33.460,100268.750,-1.2736,0,,,,,0,-1.00,-1.000,-1.00,0.0291
401602,33.460,100269.742,-1.3581,0,,,,,0,-1.00,-1.000,-1.00,0.0291
401802,33.470,100269.422,-1.3317,0,,,,,0,-1.00,-1.000,-1.00,0.0291
402002,33.470,100269.656,-1.3528,0,,,,,0,-1.00,-1.000,-1.00,0.0291
402202,33.490,100271.703,-1.5219,0,,,,,0,-1.00,-1.000,-1.00,0.0291
402423,33.490,100271.641,-1.5167,0,,,,,0,-1.00,-1.000,-1.00,0.0291
402612,33.500,100269.500,-1.3370,0,,,,,0,-1.00,-1.000,-1.00,0.0291
402812,33.510,100271.133,-1.4744,0,,,,,0,-1.00,-1.000,-1.00,0.0291
403012,33.510,100270.773,-1.4427,0,,,,,0,-1.00,-1.000,-1.00,0.0291
403212,33.510,100273.234,-1.6488,0,,,,,0,-1.00,-1.000,-1.00,0.0291
403406,33.510,100271.781,-1.5272,0,,,,,0,-1.00,-1.000,-1.00,0.0291
403612,33.510,100270.648,-1.4321,0,,,,,0,-1.00,-1.000,-1.00,0.0291
403802,33.520,100268.813,-1.2789,0,,,,,0,-1.00,-1.000,-1.00,0.0291
404002,33.520,100269.844,-1.3634,0,,,,,0,-1.00,-1.000,-1.00,0.0291
404202,33.530,100270.508,-1.4215,0,,,,,0,-1.00,-1.000,-1.00,0.0291
404406,33.530,100271.688,-1.5219,0,,,,,0,-1.00,-1.000,-1.00,0.0291
404612,33.540,100270.672,-1.4374,0,,,,,0,-1.00,-1.000,-1.00,0.0291
404812,33.540,100268.367,-1.2419,0,,,,,0,-1.00,-1.000,-1.00,0.0291
405012,33.550,100268.922,-1.2894,0,,,,,0,-1.00,-1.000,-1.00,0.0291
405212,33.560,100270.203,-1.3951,0,,,,,0,-1.00,-1.000,-1.00,0.0291
405407,33.560,100269.188,-1.3106,0,,,,,0,-1.00,-1.000,-1.00,0.0291
405612,33.570,100270.109,-1.3898,0,,,,,0,-1.00,-1.000,-1.00,0.0291
405812,33.570,100269.016,-1.2947,0,,,,,0,-1.00,-1.000,-1.00,0.0291
406012,33.580,100272.086,-1.5537,0,,,,,0,-1.00,-1.000,-1.00,0.0291
406212,33.580,100271.602,-1.5114,0,,,,,0,-1.00,-1.000,-1.00,0.0291
406420,33.580,100269.813,-1.3634,0,,,,,0,-1.00,-1.000,-1.00,0.0291
406612,33.570,100272.063,-1.5537,0,,,,,0,-1.00,-1.000,-1.00,0.0291
406812,33.580,100272.734,-1.6065,0,,,,,0,-1.00,-1.000,-1.00,0.0291
407012,33.580,100269.578,-1.3423,0,,,,,0,-1.00,-1.000,-1.00,0.0291
407212,33.570,100270.984,-1.4638,0,,,,,0,-1.00,-1.000,-1.00,0.0291
407405,33.570,100271.469,-1.5008,0,,,,,0,-1.00,-1.000,-1.00,0.0291
407612,33.580,100270.047,-1.3846,0,,,,,0,-1.00,-1.000,-1.00,0.0291
407812,33.590,100270.969,-1.4585,0,,,,,0,-1.00,-1.000,-1.00,0.0291
408012,33.580,100270.938,-1.4585,0,,,,,0,-1.00,-1.000,-1.00,0.0291
408212,33.570,100271.719,-1.5219,0,,,,,0,-1.00,-1.000,-1.00,0.0291
408426,33.560,100269.383,-1.3264,0,,,,,0,-1.00,-1.000,-1.00,0.0291
408602,33.540,100270.039,-1.3846,0,,,,,0,-1.00,-1.000,-1.00,0.0291
408802,33.540,100273.797,-1.6963,0,,,,,0,-1.00,-1.000,-1.00,0.0291
409002,33.520,100271.984,-1.5484,0,,,,,0,-1.00,-1.000,-1.00,0.0291
409202,33.510,100269.219,-1.3159,0,,,,,0,-1.00,-1.000,-1.00,0.0291
409406,33.510,100271.984,-1.5484,0,,,,,0,-1.00,-1.000,-1.00,0.0291
409612,33.520,100269.703,-1.3528,0,,,,,0,-1.00,-1.000,-1.00,0.0291
409812,33.520,100270.656,-1.4321,0,,,,,0,-1.00,-1.000,-1.00,0.0291
410012,33.520,100269.406,-1.3317,0,,,,,0,-1.00,-1.000,-1.00,0.0291
410212,33.500,100270.586,-1.4268,0,,,,,0,-1.00,-1.000,-1.00,0.0291
410427,33.500,100270.227,-1.3951,0,,,,,0,-1.00,-1.000,-1.00,0.0291
410602,33.490,100269.719,-1.3581,0,,,,,0,-1.00,-1.000,-1.00,0.0291
410802,33.490,100270.867,-1.4533,0,,,,,0,-1.00,-1.000,-1.00,0.0291
411002,33.490,100271.500,-1.5061,0,,,,,0,-1.00,-1.000,-1.00,0.0291
411202,33.480,100269.375,-1.3264,0,,,,,0,-1.00,-1.000,-1.00,0.0291
411716,33.480,100269.125,-1.3053,0,,,,,0,-1.00,-1.000,-1.00,0.0291
411796,33.480,100270.203,-1.3951,0,,,,,0,-1.00,-1.000,-1.00,0.0291
411812,33.480,100270.203,-1.3951,0,,,,,0,-1.00,-1.000,-1.00,0.0291
412012,33.490,100268.125,-1.2207,0,,,,,0,-1.00,-1.000,-1.00,0.0291
412212,33.500,100268.242,-1.2313,0,,,,,0,-1.00,-1.000,-1.00,0.0291
412426,33.500,100269.266,-1.3159,0,,,,,0,-1.00,-1.000,-1.00,0.0291
412602,33.500,100266.984,-1.1256,0,,,,,0,-1.00,-1.000,-1.00,0.0291
412802,33.520,100269.703,-1.3528,0,,,,,0,-1.00,-1.000,-1.00,0.0291
413002,33.520,100268.094,-1.2207,0,,,,,0,-1.00,-1.000,-1.00,0.0291
413202,33.520,100269.766,-1.3581,0,,,,,0,-1.00,-1.000,-1.00,0.0291
413404,33.530,100270.609,-1.4321,0,,,,,0,-1.00,-1.000,-1.00,0.0291
413612,33.530,100269.766,-1.3581,0,,,,,0,-1.00,-1.000,-1.00,0.0291
413812,33.530,100272.305,-1.5748,0,,,,,0,-1.00,-1.000,-1.00,0.0291
414012,33.530,100272.453,-1.5854,0,,,,,0,-1.00,-1.000,-1.00,0.0291
414212,33.530,100270.563,-1.4268,0,,,,,0,-1.00,-1.000,-1.00,0.0291
414412,33.530,100269.844,-1.3634,0,,,,,0,-1.00,-1.000,-1.00,0.0291
414602,33.530,100268.719,-1.2736,0,,,,,0,-1.00,-1.000,-1.00,0.0291
414802,33.540,100271.211,-1.4797,0,,,,,0,-1.00,-1.000,-1.00,0.0291
415002,33.550,100269.938,-1.3740,0,,,,,0,-1.00,-1.000,-1.00,0.0291
415202,33.550,100269.219,-1.3159,0,,,,,0,-1.00,-1.000,-1.00,0.0291
415414,33.560,100271.703,-1.5219,0,,,,,0,-1.00,-1.000,-1.00,0.0291
415602,33.570,100269.195,-1.3106,0,,,,,0,-1.00,-1.000,-1.00,0.0291
415802,33.570,100270.266,-1.4004,0,,,,,0,-1.00,-1.000,-1.00,0.0291
416002,33.570,100266.891,-1.1150,0,,,,,0,-1.00,-1.000,-1.00,0.0291
416212,33.570,100271.594,-1.5114,0,,,,,0,-1.00,-1.000,-1.00,0.0291
416404,33.570,100271.063,-1.4691,0,,,,,0,-1.00,-1.000,-1.00,0.0291
416612,33.560,100269.906,-1.3740,0,,,,,0,-1.00,-1.000,-1.00,0.0291
416802,33.570,100271.594,-1.5114,0,,,,,0,-1.00,-1.000,-1.00,0.0291
417002,33.570,100271.648,-1.5167,0,,,,,0,-1.00,-1.000,-1.00,0.0291
417202,33.580,100269.578,-1.3423,0,,,,,0,-1.00,-1.000,-1.00,0.0291
417404,33.590,100269.875,-1.3687,0,,,,,0,-1.00,-1.000,-1.00,0.0291
417612,33.610,100273.188,-1.6488,0,,,,,0,-1.00,-1.000,-1.00,0.0291
417812,33.610,100270.219,-1.3951,0,,,,,0,-1.00,-1.000,-1.00,0.0291
418012,33.630,100270.000,-1.3793,0,,,,,0,-1.00,-1.000,-1.00,0.0291
418212,33.630,100272.438,-1.5854,0,,,,,0,-1.00,-1.000,-1.00,0.0291
418418,33.630,100270.828,-1.4480,0,,,,,0,-1.00,-1.000,-1.00,0.0291
418612,33.630,100270.469,-1.4163,0,,,,,0,-1.00,-1.000,-1.00,0.0291
418812,33.640,100270.656,-1.4321,0,,,,,0,-1.00,-1.000,-1.00,0.0291
419012,33.640,100268.859,-1.2841,0,,,,,0,-1.00,-1.000,-1.00,0.0291
419212,33.640,100270.125,-1.3898,0,,,,,0,-1.00,-1.000,-1.00,0.0291
419404,33.640,100272.984,-1.6276,0,,,,,0,-1.00,-1.000,-1.00,0.0291
419612,33.650,100271.219,-1.4797,0,,,,,0,-1.00,-1.000,-1.00,0.0291
419812,33.650,100269.555,-1.3423,0,,,,,0,-1.00,-1.000,-1.00,0.0291
420012,33.640,100269.219,-1.3159,0,,,,,0,-1.00,-1.000,-1.00,0.0291
420212,33.640,100272.031,-1.5484,0,,,,,0,-1.00,-1.000,-1.00,0.0291
420404,33.630,100269.617,-1.3476,0,,,,,0,-1.00,-1.000,-1.00,0.0291
420612,33.620,100270.531,-1.4215,0,,,,,0,-1.00,-1.000,-1.00,0.0291
420812,33.610,100271.883,-1.5378,0,,,,,0,-1.00,-1.000,-1.00,0.0291
421012,33.610,100272.516,-1.5906,0,,,,,0,-1.00,-1.000,-1.00,0.0291
421212,33.620,100269.625,-1.3476,0,,,,,0,-1.00,-1.000,-1.00,0.0291
421421,33.630,100271.078,-1.4691,0,,,,,0,-1.00,-1.000,-1.00,0.0291
421602,33.630,100269.641,-1.3476,0,,,,,0,-1.00,-1.000,-1.00,0.0291
421802,33.620,100270.813,-1.4480,0,,,,,0,-1.00,-1.000,-1.00,0.0291
422002,33.620,100271.398,-1.4955,0,,,,,0,-1.00,-1.000,-1.00,0.0291
422202,33.610,100269.680,-1.3528,0,,,,,0,-1.00,-1.000,-1.00,0.0291
422431,33.620,100274.469,-1.7545,0,,,,,0,-1.00,-1.000,-1.00,0.0291
422612,33.610,100275.234,-1.8179,0,,,,,0,-1.00,-1.000,-1.00,0.0291
422812,33.620,100270.328,-1.4057,0,,,,,0,-1.00,-1.000,-1.00,0.0291
423012,33.600,100273.125,-1.6435,0,,,,,0,-1.00,-1.000,-1.00,0.0291
423212,33.590,100273.047,-1.6329,0,,,,,0,-1.00,-1.000,-1.00,0.0291
423414,33.580,100272.195,-1.5642,0,,,,,0,-1.00,-1.000,-1.00,0.0291
423602,33.570,100269.195,-1.3106,0,,,,,0,-1.00,-1.000,-1.00,0.0291
423802,33.560,100271.281,-1.4850,0,,,,,0,-1.00,-1.000,-1.00,0.0291
424002,33.570,100271.188,-1.4797,0,,,,,0,-1.00,-1.000,-1.00,0.0291
424202,33.560,100270.797,-1.4480,0,,,,,0,-1.00,-1.000,-1.00,0.0291
424425,33.560,100271.703,-1.5219,0,,,,,0,-1.00,-1.000,-1.00,0.0291
424612,33.570,100271.594,-1.5114,0,,,,,0,-1.00,-1.000,-1.00,0.0291
424812,33.580,100273.391,-1.6646,0,,,,,0,-1.00,-1.000,-1.00,0.0291
425012,33.580,100270.344,-1.4057,0,,,,,0,-1.00,-1.000,-1.00,0.0291
425212,33.570,100272.727,-1.6065,0,,,,,0,-1.00,-1.000,-1.00,0.0291
425407,33.560,100271.641,-1.5167,0,,,,,0,-1.00,-1.000,-1.00,0.0291
425612,33.570,100269.750,-1.3581,0,,,,,0,-1.00,-1.000,-1.00,0.0291
425812,33.560,100270.156,-1.3951,0,,,,,0,-1.00,-1.000,-1.00,0.0291
426012,33.550,100270.578,-1.4268,0,,,,,0,-1.00,-1.000,-1.00,0.0291
426212,33.540,100271.750,-1.5272,0,,,,,0,-1.00,-1.000,-1.00,0.0291
426407,33.530,100271.328,-1.4902,0,,,,,0,-1.00,-1.000,-1.00,0.0291
426612,33.530,100271.742,-1.5272,0,,,,,0,-1.00,-1.000,-1.00,0.0291
426812,33.530,100273.609,-1.6805,0,,,,,0,-1.00,-1.000,-1.00,0.0291
427012,33.530,100269.078,-1.3000,0,,,,,0,-1.00,-1.000,-1.00,0.0291
427212,33.540,100270.672,-1.4374,0,,,,,0,-1.00,-1.000,-1.00,0.0291
427404,33.530,100270.328,-1.4057,0,,,,,0,-1.00,-1.000,-1.00,0.0291
427612,33.530,100270.438,-1.4163,0,,,,,0,-1.00,-1.000,-1.00,0.0291
427812,33.520,100268.383,-1.2419,0,,,,,0,-1.00,-1.000,-1.00,0.0291
428012,33.510,100272.266,-1.5695,0,,,,,0,-1.00,-1.000,-1.00,0.0291
428212,33.510,100269.391,-1.3264,0,,,,,0,-1.00,-1.000,-1.00,0.0291
428414,33.520,100273.219,-1.6488,0,,,,,0,-1.00,-1.000,-1.00,0.0291
428602,33.530,100270.203,-1.3951,0,,,,,0,-1.00,-1.000,-1.00,0.0291
428802,33.540,100272.000,-1.5484,0,,,,,0,-1.00,-1.000,-1.00,0.0291
429002,33.540,100271.109,-1.4744,0,,,,,0,-1.00,-1.000,-1.00,0.0291
429202,33.540,100271.063,-1.4691,0,,,,,0,-1.00,-1.000,-1.00,0.0291
429413,33.550,100274.109,-1.7228,0,,,,,0,-1.00,-1.000,-1.00,0.0291
429602,33.560,100271.711,-1.5219,0,,,,,0,-1.00,-1.000,-1.00,0.0291
429802,33.570,100269.750,-1.3581,0,,,,,0,-1.00,-1.000,-1.00,0.0291
430002,33.570,100272.961,-1.6276,0,,,,,0,-1.00,-1.000,-1.00,0.0291
430202,33.570,100271.188,-1.4797,0,,,,,0,-1.00,-1.000,-1.00,0.0291
430418,33.560,100269.547,-1.3423,0,,,,,0,-1.00,-1.000,-1.00,0.0291
430612,33.570,100271.523,-1.5061,0,,,,,0,-1.00,-1.000,-1.00,0.0291
430812,33.580,100270.297,-1.4057,0,,,,,0,-1.00,-1.000,-1.00,0.0291
431012,33.580,100271.906,-1.5378,0,,,,,0,-1.00,-1.000,-1.00,0.0291
431212,33.590,100272.383,-1.5801,0,,,,,0,-1.00,-1.000,-1.00,0.0291
431414,33.590,100271.078,-1.4691,0,,,,,0,-1.00,-1.000,-1.00,0.0291
431602,33.590,100274.203,-1.7333,0,,,,,0,-1.00,-1.000,-1.00,0.0291
431812,33.600,100271.617,-1.5167,0,,,,,0,-1.00,-1.000,-1.00,0.0291
432012,33.610,100276.719,-1.9447,0,,,,,0,-1.00,-1.000,-1.00,0.0291
432212,33.620,100271.422,-1.5008,0,,,,,0,-1.00,-1.000,-1.00,0.0291
432422,33.610,100271.703,-1.5219,0,,,,,0,-1.00,-1.000,-1.00,0.0291
432612,33.620,100272.906,-1.6224,0,,,,,0,-1.00,-1.000,-1.00,0.0291
432812,33.620,100273.219,-1.6488,0,,,,,0,-1.00,-1.000,-1.00,0.0291
433012,33.620,100274.219,-1.7333,0,,,,,0,-1.00,-1.000,-1.00,0.0291
433212,33.630,100275.422,-1.8337,0,,,,,0,-1.00,-1.000,-1.00,0.0291
433415,33.650,100272.469,-1.5854,0,,,,,0,-1.00,-1.000,-1.00,0.0291
433602,33.640,100270.422,-1.4163,0,,,,,0,-1.00,-1.000,-1.00,0.0291
433802,33.650,100274.188,-1.7333,0,,,,,0,-1.00,-1.000,-1.00,0.0291
434002,33.660,100272.117,-1.5589,0,,,,,0,-1.00,-1.000,-1.00,0.0291
434202,33.670,100271.313,-1.4902,0,,,,,0,-1.00,-1.000,-1.00,0.0291
434414,33.680,100271.648,-1.5167,0,,,,,0,-1.00,-1.000,-1.00,0.0291
434602,33.680,100275.234,-1.8179,0,,,,,0,-1.00,-1.000,-1.00,0.0291
434802,33.680,100272.188,-1.5642,0,,,,,0,-1.00,-1.000,-1.00,0.0291
435002,33.680,100272.625,-1.6012,0,,,,,0,-1.00,-1.000,-1.00,0.0291
435202,33.690,100271.906,-1.5378,0,,,,,0,-1.00,-1.000,-1.00,0.0291
435415,33.720,100276.789,-1.9500,0,,,,,0,-1.00,-1.000,-1.00,0.0291
435602,33.720,100275.672,-1.8549,0,,,,,0,-1.00,-1.000,-1.00,0.0291
435802,33.720,100271.188,-1.4797,0,,,,,0,-1.00,-1.000,-1.00,0.0291
436002,33.730,100273.141,-1.6435,0,,,,,0,-1.00,-1.000,-1.00,0.0291
436202,33.740,100276.703,-1.9447,0,,,,,0,-1.00,-1.000,-1.00,0.0291
436427,33.740,100275.266,-1.8232,0,,,,,0,-1.00,-1.000,-1.00,0.0291
436612,33.740,100276.219,-1.9024,0,,,,,0,-1.00,-1.000,-1.00,0.0291
436802,33.740,100272.141,-1.5589,0,,,,,0,-1.00,-1.000,-1.00,0.0291
437002,33.740,100276.500,-1.9236,0,,,,,0,-1.00,-1.000,-1.00,0.0291
437227,33.740,100276.758,-1.9500,0,,,,,0,-1.00,-1.000,-1.00,0.0291
437405,33.740,100274.195,-1.7333,0,,,,,0,-1.00,-1.000,-1.00,0.0291
437602,33.720,100272.266,-1.5695,0,,,,,0,-1.00,-1.000,-1.00,0.0291
437802,33.720,100273.492,-1.6752,0,,,,,0,-1.00,-1.000,-1.00,0.0291
438002,33.700,100273.359,-1.6646,0,,,,,0,-1.00,-1.000,-1.00,0.0291
438227,33.700,100273.891,-1.7069,0,,,,,0,-1.00,-1.000,-1.00,0.0291
438413,33.700,100271.813,-1.5325,0,,,,,0,-1.00,-1.000,-1.00,0.0291
438612,33.700,100273.250,-1.6541,0,,,,,0,-1.00,-1.000,-1.00,0.0291
438812,33.700,100273.609,-1.6805,0,,,,,0,-1.00,-1.000,-1.00,0.0291
439012,33.690,100272.516,-1.5906,0,,,,,0,-1.00,-1.000,-1.00,0.0291
439228,33.680,100274.180,-1.7280,0,,,,,0,-1.00,-1.000,-1.00,0.0291
439413,33.680,100273.469,-1.6699,0,,,,,0,-1.00,-1.000,-1.00,0.0291
439612,33.670,100272.375,-1.5801,0,,,,,0,-1.00,-1.000,-1.00,0.0291
439812,33.660,100272.969,-1.6276,0,,,,,0,-1.00,-1.000,-1.00,0.0291
440012,33.650,100269.836,-1.3634,0,,,,,0,-1.00,-1.000,-1.00,0.0291
440227,33.650,100274.578,-1.7650,0,,,,,0,-1.00,-1.000,-1.00,0.0291
440413,33.650,100272.578,-1.5959,0,,,,,0,-1.00,-1.000,-1.00,0.0291
440602,33.660,100273.547,-1.6752,0,,,,,0,-1.00,-1.000,-1.00,0.0291
440802,33.650,100270.734,-1.4427,0,,,,,0,-1.00,-1.000,-1.00,0.0291
441002,33.660,100272.047,-1.5537,0,,,,,0,-1.00,-1.000,-1.00,0.0291
441227,33.660,100270.453,-1.4163,0,,,,,0,-1.00,-1.000,-1.00,0.0291
441421,33.660,100275.836,-1.8707,0,,,,,0,-1.00,-1.000,-1.00,0.0291
441602,33.670,100275.531,-1.8443,0,,,,,0,-1.00,-1.000,-1.00,0.0291
441812,33.670,100273.438,-1.6699,0,,,,,0,-1.00,-1.000,-1.00,0.0291
442012,33.680,100271.727,-1.5219,0,,,,,0,-1.00,-1.000,-1.00,0.0291
442212,33.680,100271.906,-1.5378,0,,,,,0,-1.00,-1.000,-1.00,0.0291
442406,33.690,100272.156,-1.5589,0,,,,,0,-1.00,-1.000,-1.00,0.0291
442602,33.690,100273.289,-1.6541,0,,,,,0,-1.00,-1.000,-1.00,0.0291
442802,33.680,100273.281,-1.6541,0,,,,,0,-1.00,-1.000,-1.00,0.0291
443002,33.690,100273.578,-1.6805,0,,,,,0,-1.00,-1.000,-1.00,0.0291
443225,33.680,100271.547,-1.5114,0,,,,,0,-1.00,-1.000,-1.00,0.0291
443411,33.670,100273.813,-1.7016,0,,,,,0,-1.00,-1.000,-1.00,0.0291
443612,33.660,100273.016,-1.6329,0,,,,,0,-1.00,-1.000,-1.00,0.0291
443812,33.630,100272.688,-1.6065,0,,,,,0,-1.00,-1.000,-1.00,0.0291
444012,33.600,100272.891,-1.6224,0,,,,,0,-1.00,-1.000,-1.00,0.0291
444233,33.580,100273.109,-1.6435,0,,,,,0,-1.00,-1.000,-1.00,0.0291
444427,33.580,100271.500,-1.5061,0,,,,,0,-1.00,-1.000,-1.00,0.0291
444612,33.580,100275.133,-1.8126,0,,,,,0,-1.00,-1.000,-1.00,0.0291
444812,33.560,100270.797,-1.4480,0,,,,,0,-1.00,-1.000,-1.00,0.0291
445012,33.550,100272.016,-1.5484,0,,,,,0,-1.00,-1.000,-1.00,0.0291
445233,33.540,100270.313,-1.4057,0,,,,,0,-1.00,-1.000,-1.00,0.0291
445419,33.520,100273.422,-1.6646,0,,,,,0,-1.00,-1.000,-1.00,0.0291
445602,33.510,100274.234,-1.7333,0,,,,,0,-1.00,-1.000,-1.00,0.0291
445802,33.480,100271.813,-1.5325,0,,,,,0,-1.00,-1.000,-1.00,0.0291
446002,33.460,100273.094,-1.6382,0,,,,,0,-1.00,-1.000,-1.00,0.0291
446228,33.420,100273.031,-1.6329,0,,,,,0,-1.00,-1.000,-1.00,0.0291
446414,33.400,100267.523,-1.1679,0,,,,,0,-1.00,-1.000,-1.00,0.0291
446612,33.380,100270.422,-1.4163,0,,,,,0,-1.00,-1.000,-1.00,0.0291
446802,33.370,100269.344,-1.3264,0,,,,,0,-1.00,-1.000,-1.00,0.0291
447002,33.370,100269.469,-1.3370,0,,,,,0,-1.00,-1.000,-1.00,0.0291
447231,33.360,100271.844,-1.5325,0,,,,,0,-1.00,-1.000,-1.00,0.0291
447425,33.350,100272.008,-1.5484,0,,,,,0,-1.00,-1.000,-1.00,0.0291
447602,33.340,100269.492,-1.3370,0,,,,,0,-1.00,-1.000,-1.00,0.0291
447802,33.330,100270.438,-1.4163,0,,,,,0,-1.00,-1.000,-1.00,0.0291
448002,33.320,100270.422,-1.4163,0,,,,,0,-1.00,-1.000,-1.00,0.0291
448202,33.300,100269.234,-1.3159,0,,,,,0,-1.00,-1.000,-1.00,0.0291
448403,33.280,100268.625,-1.2630,0,,,,,0,-1.00,-1.000,-1.00,0.0291
448603,33.280,100267.375,-1.1573,0,,,,,0,-1.00,-1.000,-1.00,0.0291
448802,33.270,100269.461,-1.3317,0,,,,,0,-1.00,-1.000,-1.00,0.0291
449002,33.270,100268.258,-1.2313,0,,,,,0,-1.00,-1.000,-1.00,0.0291
449233,33.270,100269.563,-1.3423,0,,,,,0,-1.00,-1.000,-1.00,0.0291
449424,33.250,100269.141,-1.3053,0,,,,,0,-1.00,-1.000,-1.00,0.0291
449612,33.230,100270.531,-1.4215,0,,,,,0,-1.00,-1.000,-1.00,0.0291
449812,33.230,100273.930,-1.7069,0,,,,,0,-1.00,-1.000,-1.00,0.0291
450012,33.220,100273.148,-1.6435,0,,,,,0,-1.00,-1.000,-1.00,0.0291
450232,33.200,100271.750,-1.5272,0,,,,,0,-1.00,-1.000,-1.00,0.0291
450448,33.180,100272.016,-1.5484,0,,,,,0,-1.00,-1.000,-1.00,0.0291
450612,33.180,100269.563,-1.3423,0,,,,,0,-1.00,-1.000,-1.00,0.0291
450812,33.170,100271.750,-1.5272,0,,,,,0,-1.00,-1.000,-1.00,0.0291
451012,33.170,100269.195,-1.3106,0,,,,,0,-1.00,-1.000,-1.00,0.0291
451233,33.150,100267.898,-1.2049,0,,,,,0,-1.00,-1.000,-1.00,0.0291
451432,33.130,100272.766,-1.6118,0,,,,,0,-1.00,-1.000,-1.00,0.0291
451602,33.120,100271.203,-1.4797,0,,,,,0,-1.00,-1.000,-1.00,0.0291
451802,33.110,100268.984,-1.2947,0,,,,,0,-1.00,-1.000,-1.00,0.0291
452002,33.100,100268.797,-1.2789,0,,,,,0,-1.00,-1.000,-1.00,0.0291
452233,33.090,100267.055,-1.1309,0,,,,,0,-1.00,-1.000,-1.00,0.0291
452427,33.090,100268.844,-1.2841,0,,,,,0,-1.00,-1.000,-1.00,0.0291
452602,33.090,100271.766,-1.5272,0,,,,,0,-1.00,-1.000,-1.00,0.0291
452812,33.090,100268.406,-1.2472,0,,,,,0,-1.00,-1.000,-1.00,0.0291
453012,33.090,100269.125,-1.3053,0,,,,,0,-1.00,-1.000,-1.00,0.0291
453231,33.060,100269.203,-1.3106,0,,,,,0,-1.00,-1.000,-1.00,0.0291
453422,33.040,100268.672,-1.2683,0,,,,,0,-1.00,-1.000,-1.00,0.0291
453612,33.030,100267.352,-1.1573,0,,,,,0,-1.00,-1.000,-1.00,0.0291
453812,33.030,100272.188,-1.5642,0,,,,,0,-1.00,-1.000,-1.00,0.0291
454012,33.030,100270.813,-1.4480,0,,,,,0,-1.00,-1.000,-1.00,0.0291
454212,33.020,100267.977,-1.2102,0,,,,,0,-1.00,-1.000,-1.00,0.0291
454404,33.020,100272.477,-1.5854,0,,,,,0,-1.00,-1.000,-1.00,0.0291
454602,33.010,100269.477,-1.3370,0,,,,,0,-1.00,-1.000,-1.00,0.0291
454802,33.000,100273.766,-1.6963,0,,,,,0,-1.00,-1.000,-1.00,0.0291
455002,33.010,100268.813,-1.2789,0,,,,,0,-1.00,-1.000,-1.00,0.0291
455230,32.990,100270.922,-1.4585,0,,,,,0,-1.00,-1.000,-1.00,0.0291
455416,32.970,100269.234,-1.3159,0,,,,,0,-1.00,-1.000,-1.00,0.0291
455612,32.960,100268.508,-1.2524,0,,,,,0,-1.00,-1.000,-1.00,0.0291
455812,32.950,100273.438,-1.6699,0,,,,,0,-1.00,-1.000,-1.00,0.0291
456012,32.930,100272.211,-1.5642,0,,,,,0,-1.00,-1.000,-1.00,0.0291
456230,32.920,100270.766,-1.4427,0,,,,,0,-1.00,-1.000,-1.00,0.0291
456415,32.910,100271.266,-1.4850,0,,,,,0,-1.00,-1.000,-1.00,0.0291
456612,32.890,100272.203,-1.5642,0,,,,,0,-1.00,-1.000,-1.00,0.0291
456802,32.880,100273.344,-1.6593,0,,,,,0,-1.00,-1.000,-1.00,0.0291
457002,32.870,100268.469,-1.2524,0,,,,,0,-1.00,-1.000,-1.00,0.0291
457230,32.860,100274.031,-1.7175,0,,,,,0,-1.00,-1.000,-1.00,0.0291
457416,32.870,100271.281,-1.4850,0,,,,,0,-1.00,-1.000,-1.00,0.0291
457612,32.880,100271.109,-1.4744,0,,,,,0,-1.00,-1.000,-1.00,0.0291
457812,32.870,100273.148,-1.6435,0,,,,,0,-1.00,-1.000,-1.00,0.0291
458012,32.860,100270.992,-1.4638,0,,,,,0,-1.00,-1.000,-1.00,0.0291
458230,32.860,100268.352,-1.2419,0,,,,,0,-1.00,-1.000,-1.00,0.0291
458424,32.860,100271.813,-1.5325,0,,,,,0,-1.00,-1.000,-1.00,0.0291
458602,32.850,100268.750,-1.2736,0,,,,,0,-1.00,-1.000,-1.00,0.0291
458802,32.840,100269.930,-1.3740,0,,,,,0,-1.00,-1.000,-1.00,0.0291
459002,32.830,100271.750,-1.5272,0,,,,,0,-1.00,-1.000,-1.00,0.0291
459230,32.830,100272.641,-1.6012,0,,,,,0,-1.00,-1.000,-1.00,0.0291
459424,32.810,100272.039,-1.5484,0,,,,,0,-1.00,-1.000,-1.00,0.0291
459602,32.810,100272.328,-1.5748,0,,,,,0,-1.00,-1.000,-1.00,0.0291
459802,32.800,100273.641,-1.6858,0,,,,,0,-1.00,-1.000,-1.00,0.0291
460002,32.800,100273.203,-1.6488,0,,,,,0,-1.00,-1.000,-1.00,0.0291
460202,32.790,100272.125,-1.5589,0,,,,,0,-1.00,-1.000,-1.00,0.0291
460403,32.770,100275.117,-1.8126,0,,,,,0,-1.00,-1.000,-1.00,0.0291
460612,32.750,100270.219,-1.3951,0,,,,,0,-1.00,-1.000,-1.00,0.0291
460812,32.760,100269.406,-1.3317,0,,,,,0,-1.00,-1.000,-1.00,0.0291
461012,32.750,100272.484,-1.5854,0,,,,,0,-1.00,-1.000,-1.00,0.0291
461230,32.740,100271.813,-1.5325,0,,,,,0,-1.00,-1.000,-1.00,0.0291
461420,32.730,100275.000,-1.8020,0,,,,,0,-1.00,-1.000,-1.00,0.0291
461602,32.720,100271.297,-1.4902,0,,,,,0,-1.00,-1.000,-1.00,0.0291
461802,32.720,100274.156,-1.7280,0,,,,,0,-1.00,-1.000,-1.00,0.0291
462002,32.720,100271.609,-1.5167,0,,,,,0,-1.00,-1.000,-1.00,0.0291
462230,32.720,100270.875,-1.4533,0,,,,,0,-1.00,-1.000,-1.00,0.0291
462424,32.730,100269.656,-1.3528,0,,,,,0,-1.00,-1.000,-1.00,0.0291
462602,32.740,100271.375,-1.4955,0,,,,,0,-1.00,-1.000,-1.00,0.0291
462802,32.740,100271.938,-1.5431,0,,,,,0,-1.00,-1.000,-1.00,0.0291
463002,32.750,100273.180,-1.6488,0,,,,,0,-1.00,-1.000,-1.00,0.0291
463229,32.740,100274.500,-1.7598,0,,,,,0,-1.00,-1.000,-1.00,0.0291
463414,32.740,100270.922,-1.4585,0,,,,,0,-1.00,-1.000,-1.00,0.0291
463612,32.760,100273.391,-1.6646,0,,,,,0,-1.00,-1.000,-1.00,0.0291
463812,32.770,100272.211,-1.5642,0,,,,,0,-1.00,-1.000,-1.00,0.0291
464012,32.780,100275.148,-1.8126,0,,,,,0,-1.00,-1.000,-1.00,0.0291
464229,32.770,100276.563,-1.9341,0,,,,,0,-1.00,-1.000,-1.00,0.0291
464415,32.770,100274.961,-1.7967,0,,,,,0,-1.00,-1.000,-1.00,0.0291
464612,32.760,100270.117,-1.3898,0,,,,,0,-1.00,-1.000,-1.00,0.0291
464812,32.760,100271.422,-1.5008,0,,,,,0,-1.00,-1.000,-1.00,0.0291
465002,32.760,100273.875,-1.7069,0,,,,,0,-1.00,-1.000,-1.00,0.0291
465229,32.760,100270.813,-1.4480,0,,,,,0,-1.00,-1.000,-1.00,0.0291
465423,32.750,100272.000,-1.5484,0,,,,,0,-1.00,-1.000,-1.00,0.0291
465602,32.750,100271.570,-1.5114,0,,,,,0,-1.00,-1.000,-1.00,0.0291
465802,32.750,100272.125,-1.5589,0,,,,,0,-1.00,-1.000,-1.00,0.0291
466002,32.750,100270.852,-1.4533,0,,,,,0,-1.00,-1.000,-1.00,0.0291
466202,32.740,100270.969,-1.4585,0,,,,,0,-1.00,-1.000,-1.00,0.0291
466410,32.740,100273.375,-1.6646,0,,,,,0,-1.00,-1.000,-1.00,0.0291
466612,32.740,100271.688,-1.5219,0,,,,,0,-1.00,-1.000,-1.00,0.0291
466812,32.730,100271.094,-1.4691,0,,,,,0,-1.00,-1.000,-1.00,0.0291
467012,32.720,100273.328,-1.6593,0,,,,,0,-1.00,-1.000,-1.00,0.0291
467229,32.720,100269.086,-1.3000,0,,,,,0,-1.00,-1.000,-1.00,0.0291
467415,32.730,100271.008,-1.4638,0,,,,,0,-1.00,-1.000,-1.00,0.0291
467612,32.710,100273.781,-1.6963,0,,,,,0,-1.00,-1.000,-1.00,0.0291
467812,32.710,100270.391,-1.4110,0,,,,,0,-1.00,-1.000,-1.00,0.0291
468012,32.700,100273.766,-1.6963,0,,,,,0,-1.00,-1.000,-1.00,0.0291
468228,32.700,100271.805,-1.5325,0,,,,,0,-1.00,-1.000,-1.00,0.0291
468422,32.710,100272.000,-1.5484,0,,,,,0,-1.00,-1.000,-1.00,0.0291
468602,32.700,100272.109,-1.5589,0,,,,,0,-1.00,-1.000,-1.00,0.0291
468802,32.710,100272.297,-1.5748,0,,,,,0,-1.00,-1.000,-1.00,0.0291
469002,32.700,100271.328,-1.4902,0,,,,,0,-1.00,-1.000,-1.00,0.0291
469228,32.710,100275.578,-1.8496,0,,,,,0,-1.00,-1.000,-1.00,0.0291
469414,32.700,100271.516,-1.5061,0,,,,,0,-1.00,-1.000,-1.00,0.0291
469612,32.700,100274.172,-1.7280,0,,,,,0,-1.00,-1.000,-1.00,0.0291
469812,32.700,100275.453,-1.8390,0,,,,,0,-1.00,-1.000,-1.00,0.0291
470012,32.700,100271.563,-1.5114,0,,,,,0,-1.00,-1.000,-1.00,0.0291
470229,32.710,100274.266,-1.7386,0,,,,,0,-1.00,-1.000,-1.00,0.0291
470415,32.730,100275.531,-1.8443,0,,,,,0,-1.00,-1.000,-1.00,0.0291
470612,32.740,100273.609,-1.6805,0,,,,,0,-1.00,-1.000,-1.00,0.0291
470812,32.760,100274.750,-1.7809,0,,,,,0,-1.00,-1.000,-1.00,0.0291
471012,32.760,100272.781,-1.6118,0,,,,,0,-1.00,-1.000,-1.00,0.0291
471229,32.740,100268.188,-1.2260,0,,,,,0,-1.00,-1.000,-1.00,0.0291
471423,32.740,100272.453,-1.5854,0,,,,,0,-1.00,-1.000,-1.00,0.0291
471602,32.740,100272.578,-1.5959,0,,,,,0,-1.00,-1.000,-1.00,0.0291
471802,32.730,100270.703,-1.4374,0,,,,,0,-1.00,-1.000,-1.00,0.0291
472002,32.750,100271.031,-1.4638,0,,,,,0,-1.00,-1.000,-1.00,0.0291
472202,32.760,100274.047,-1.7175,0,,,,,0,-1.00,-1.000,-1.00,0.0291
472411,32.760,100270.477,-1.4163,0,,,,,0,-1.00,-1.000,-1.00,0.0291
472612,32.770,100272.609,-1.6012,0,,,,,0,-1.00,-1.000,-1.00,0.0291
472812,32.750,100269.500,-1.3370,0,,,,,0,-1.00,-1.000,-1.00,0.0291
473012,32.750,100270.219,-1.3951,0,,,,,0,-1.00,-1.000,-1.00,0.0291
473228,32.750,100270.141,-1.3898,0,,,,,0,-1.00,-1.000,-1.00,0.0291
473414,32.750,100269.602,-1.3476,0,,,,,0,-1.00,-1.000,-1.00,0.0291
473612,32.740,100270.484,-1.4215,0,,,,,0,-1.00,-1.000,-1.00,0.0291
473812,32.730,100273.281,-1.6541,0,,,,,0,-1.00,-1.000,-1.00,0.0291
474012,32.730,100273.461,-1.6699,0,,,,,0,-1.00,-1.000,-1.00,0.0291
474228,32.720,100273.047,-1.6329,0,,,,,0,-1.00,-1.000,-1.00,0.0291
474414,32.730,100275.297,-1.8232,0,,,,,0,-1.00,-1.000,-1.00,0.0291
474612,32.720,100272.195,-1.5642,0,,,,,0,-1.00,-1.000,-1.00,0.0291
474812,32.720,100270.516,-1.4215,0,,,,,0,-1.00,-1.000,-1.00,0.0291
475012,32.740,100272.891,-1.6224,0,,,,,0,-1.00,-1.000,-1.00,0.0291
475229,32.740,100270.742,-1.4427,0,,,,,0,-1.00,-1.000,-1.00,0.0291
475406,32.740,100270.563,-1.4268,0,,,,,0,-1.00,-1.000,-1.00,0.0291
475612,32.760,100269.938,-1.3740,0,,,,,0,-1.00,-1.000,-1.00,0.0291
475812,32.770,100273.227,-1.6488,0,,,,,0,-1.00,-1.000,-1.00,0.0291
476012,32.780,100272.398,-1.5801,0,,,,,0,-1.00,-1.000,-1.00,0.0291
476230,32.790,100275.063,-1.8073,0,,,,,0,-1.00,-1.000,-1.00,0.0291
476407,32.800,100275.766,-1.8654,0,,,,,0,-1.00,-1.000,-1.00,0.0291
476602,32.800,100272.188,-1.5642,0,,,,,0,-1.00,-1.000,-1.00,0.0291
476812,32.800,100273.922,-1.7069,0,,,,,0,-1.00,-1.000,-1.00,0.0291
477012,32.820,100274.141,-1.7280,0,,,,,0,-1.00,-1.000,-1.00,0.0291
477228,32.820,100272.867,-1.6224,0,,,,,0,-1.00,-1.000,-1.00,0.0291
477406,32.810,100269.641,-1.3476,0,,,,,0,-1.00,-1.000,-1.00,0.0291
477602,32.820,100270.672,-1.4374,0,,,,,0,-1.00,-1.000,-1.00,0.0291
477802,32.820,100271.023,-1.4638,0,,,,,0,-1.00,-1.000,-1.00,0.0291
478002,32.830,100269.922,-1.3740,0,,,,,0,-1.00,-1.000,-1.00,0.0291
478202,32.830,100268.734,-1.2736,0,,,,,0,-1.00,-1.000,-1.00,0.0291
478411,32.840,100269.820,-1.3634,0,,,,,0,-1.00,-1.000,-1.00,0.0291
478602,32.850,100272.641,-1.6012,0,,,,,0,-1.00,-1.000,-1.00,0.0291
478802,32.850,100272.805,-1.6171,0,,,,,0,-1.00,-1.000,-1.00,0.0291
479002,32.860,100268.945,-1.2894,0,,,,,0,-1.00,-1.000,-1.00,0.0291
479230,32.870,100274.266,-1.7386,0,,,,,0,-1.00,-1.000,-1.00,0.0291
479415,32.860,100273.141,-1.6435,0,,,,,0,-1.00,-1.000,-1.00,0.0291
479612,32.870,100274.680,-1.7703,0,,,,,0,-1.00,-1.000,-1.00,0.0291
479812,32.870,100274.047,-1.7175,0,,,,,0,-1.00,-1.000,-1.00,0.0291
480012,32.870,100271.047,-1.4691,0,,,,,0,-1.00,-1.000,-1.00,0.0291
480229,32.870,100271.547,-1.5114,0,,,,,0,-1.00,-1.000,-1.00,0.0291
480407,32.890,100272.914,-1.6224,0,,,,,0,-1.00,-1.000,-1.00,0.0291
480612,32.890,100274.344,-1.7439,0,,,,,0,-1.00,-1.000,-1.00,0.0291
480812,32.900,100275.906,-1.8760,0,,,,,0,-1.00,-1.000,-1.00,0.0291
481012,32.900,100271.703,-1.5219,0,,,,,0,-1.00,-1.000,-1.00,0.0291
481229,32.890,100273.625,-1.6858,0,,,,,0,-1.00,-1.000,-1.00,0.0291
481406,32.880,100272.570,-1.5959,0,,,,,0,-1.00,-1.000,-1.00,0.0291
481622,32.860,100270.734,-1.4427,0,,,,,0,-1.00,-1.000,-1.00,0.0291
481812,32.860,100273.359,-1.6646,0,,,,,0,-1.00,-1.000,-1.00,0.0291
482012,32.860,100274.375,-1.7492,0,,,,,0,-1.00,-1.000,-1.00,0.0291
482231,32.850,100274.234,-1.7333,0,,,,,0,-1.00,-1.000,-1.00,0.0291
482408,32.840,100273.938,-1.7122,0,,,,,0,-1.00,-1.000,-1.00,0.0291
482612,32.820,100276.531,-1.9289,0,,,,,0,-1.00,-1.000,-1.00,0.0291
482812,32.830,100277.656,-2.0240,0,,,,,0,-1.00,-1.000,-1.00,0.0291
483012,32.830,100272.133,-1.5589,0,,,,,0,-1.00,-1.000,-1.00,0.0291
483230,32.840,100272.203,-1.5642,0,,,,,0,-1.00,-1.000,-1.00,0.0291
483416,32.850,100273.891,-1.7069,0,,,,,0,-1.00,-1.000,-1.00,0.0291
483612,32.840,100273.813,-1.7016,0,,,,,0,-1.00,-1.000,-1.00,0.0291
483812,32.800,100273.109,-1.6435,0,,,,,0,-1.00,-1.000,-1.00,0.0291
484012,32.810,100274.367,-1.7492,0,,,,,0,-1.00,-1.000,-1.00,0.0291
484212,32.820,100273.531,-1.6752,0,,,,,0,-1.00,-1.000,-1.00,0.0291
484409,32.810,100271.859,-1.5378,0,,,,,0,-1.00,-1.000,-1.00,0.0291
484612,32.820,100271.258,-1.4850,0,,,,,0,-1.00,-1.000,-1.00,0.0291
484812,32.820,100275.141,-1.8126,0,,,,,0,-1.00,-1.000,-1.00,0.0291
485012,32.810,100279.297,-2.1614,0,,,,,0,-1.00,-1.000,-1.00,0.0291
485232,32.810,100276.203,-1.9024,0,,,,,0,-1.00,-1.000,-1.00,0.0291
485417,32.810,100275.750,-1.8654,0,,,,,0,-1.00,-1.000,-1.00,0.0291
485602,32.810,100274.109,-1.7228,0,,,,,0,-1.00,-1.000,-1.00,0.0291
485802,32.820,100273.609,-1.6805,0,,,,,0,-1.00,-1.000,-1.00,0.0291
486002,32.840,100275.516,-1.8443,0,,,,,0,-1.00,-1.000,-1.00,0.0291
486233,32.840,100275.875,-1.8707,0,,,,,0,-1.00,-1.000,-1.00,0.0291
486410,32.830,100271.891,-1.5378,0,,,,,0,-1.00,-1.000,-1.00,0.0291
486612,32.840,100276.078,-1.8919,0,,,,,0,-1.00,-1.000,-1.00,0.0291
486812,32.840,100273.195,-1.6488,0,,,,,0,-1.00,-1.000,-1.00,0.0291
487012,32.840,100271.586,-1.5114,0,,,,,0,-1.00,-1.000,-1.00,0.0291
487229,32.830,100273.625,-1.6858,0,,,,,0,-1.00,-1.000,-1.00,0.0291
487406,32.830,100274.922,-1.7915,0,,,,,0,-1.00,-1.000,-1.00,0.0291
487602,32.810,100277.047,-1.9711,0,,,,,0,-1.00,-1.000,-1.00,0.0291
487802,32.810,100275.844,-1.8707,0,,,,,0,-1.00,-1.000,-1.00,0.0291
488002,32.800,100278.750,-2.1138,0,,,,,0,-1.00,-1.000,-1.00,0.0291
488229,32.800,100274.875,-1.7915,0,,,,,0,-1.00,-1.000,-1.00,0.0291
488415,32.810,100274.906,-1.7915,0,,,,,0,-1.00,-1.000,-1.00,0.0291
488612,32.810,100272.445,-1.5854,0,,,,,0,-1.00,-1.000,-1.00,0.0291
488812,32.800,100272.250,-1.5695,0,,,,,0,-1.00,-1.000,-1.00,0.0291
489012,32.800,100273.859,-1.7016,0,,,,,0,-1.00,-1.000,-1.00,0.0291
489230,32.790,100274.680,-1.7703,0,,,,,0,-1.00,-1.000,-1.00,0.0291
489416,32.790,100274.797,-1.7809,0,,,,,0,-1.00,-1.000,-1.00,0.0291
489612,32.790,100272.242,-1.5695,0,,,,,0,-1.00,-1.000,-1.00,0.0291
489812,32.770,100272.688,-1.6065,0,,,,,0,-1.00,-1.000,-1.00,0.0291
490012,32.760,100274.406,-1.7492,0,,,,,0,-1.00,-1.000,-1.00,0.0291
490212,32.750,100270.141,-1.3898,0,,,,,0,-1.00,-1.000,-1.00,0.0291
490418,32.750,100273.797,-1.6963,0,,,,,0,-1.00,-1.000,-1.00,0.0291
490602,32.760,100273.313,-1.6593,0,,,,,0,-1.00,-1.000,-1.00,0.0291
490802,32.760,100273.625,-1.6858,0,,,,,0,-1.00,-1.000,-1.00,0.0291
491002,32.760,100273.813,-1.7016,0,,,,,0,-1.00,-1.000,-1.00,0.0291
491232,32.760,100271.609,-1.5167,0,,,,,0,-1.00,-1.000,-1.00,0.0291
491423,32.750,100274.156,-1.7280,0,,,,,0,-1.00,-1.000,-1.00,0.0291
491612,32.740,100274.672,-1.7703,0,,,,,0,-1.00,-1.000,-1.00,0.0291
491812,32.740,100271.016,-1.4638,0,,,,,0,-1.00,-1.000,-1.00,0.0291
492002,32.740,100273.469,-1.6699,0,,,,,0,-1.00,-1.000,-1.00,0.0291
492230,32.730,100274.000,-1.7175,0,,,,,0,-1.00,-1.000,-1.00,0.0291
492407,32.720,100274.516,-1.7598,0,,,,,0,-1.00,-1.000,-1.00,0.0291
492612,32.710,100273.313,-1.6593,0,,,,,0,-1.00,-1.000,-1.00,0.0291
492812,32.710,100273.602,-1.6805,0,,,,,0,-1.00,-1.000,-1.00,0.0291
493012,32.720,100277.797,-2.0346,0,,,,,0,-1.00,-1.000,-1.00,0.0291
493229,32.720,100274.984,-1.7967,0,,,,,0,-1.00,-1.000,-1.00,0.0291
493407,32.730,100274.125,-1.7280,0,,,,,0,-1.00,-1.000,-1.00,0.0291
493602,32.750,100276.398,-1.9183,0,,,,,0,-1.00,-1.000,-1.00,0.0291
493802,32.750,100274.633,-1.7703,0,,,,,0,-1.00,-1.000,-1.00,0.0291
494002,32.760,100272.680,-1.6065,0,,,,,0,-1.00,-1.000,-1.00,0.0291
494235,32.760,100272.984,-1.6276,0,,,,,0,-1.00,-1.000,-1.00,0.0291
494412,32.750,100275.266,-1.8232,0,,,,,0,-1.00,-1.000,-1.00,0.0291
494612,32.740,100275.930,-1.8760,0,,,,,0,-1.00,-1.000,-1.00,0.0291
494812,32.740,100274.953,-1.7967,0,,,,,0,-1.00,-1.000,-1.00,0.0291
495012,32.730,100275.359,-1.8285,0,,,,,0,-1.00,-1.000,-1.00,0.0291
495234,32.720,100272.609,-1.6012,0,,,,,0,-1.00,-1.000,-1.00,0.0291
495411,32.720,100275.172,-1.8126,0,,,,,0,-1.00,-1.000,-1.00,0.0291
495612,32.710,100273.727,-1.6911,0,,,,,0,-1.00,-1.000,-1.00,0.0291
495812,32.700,100274.422,-1.7492,0,,,,,0,-1.00,-1.000,-1.00,0.0291
496012,32.690,100274.180,-1.7280,0,,,,,0,-1.00,-1.000,-1.00,0.0291
496212,32.690,100273.641,-1.6858,0,,,,,0,-1.00,-1.000,-1.00,0.0291
496410,32.700,100274.969,-1.7967,0,,,,,0,-1.00,-1.000,-1.00,0.0291
496602,32.710,100274.438,-1.7545,0,,,,,0,-1.00,-1.000,-1.00,0.0291
496802,32.710,100275.750,-1.8654,0,,,,,0,-1.00,-1.000,-1.00,0.0291
497012,32.720,100273.859,-1.7016,0,,,,,0,-1.00,-1.000,-1.00,0.0291
497230,32.730,100273.813,-1.7016,0,,,,,0,-1.00,-1.000,-1.00,0.0291
497415,32.740,100274.188,-1.7333,0,,,,,0,-1.00,-1.000,-1.00,0.0291
497612,32.750,100274.906,-1.7915,0,,,,,0,-1.00,-1.000,-1.00,0.0291
497812,32.760,100275.109,-1.8073,0,,,,,0,-1.00,-1.000,-1.00,0.0291
498012,32.750,100275.328,-1.8285,0,,,,,0,-1.00,-1.000,-1.00,0.0291
498230,32.750,100273.258,-1.6541,0,,,,,0,-1.00,-1.000,-1.00,0.0291
498407,32.760,100273.672,-1.6858,0,,,,,0,-1.00,-1.000,-1.00,0.0291
498612,32.770,100276.031,-1.8866,0,,,,,0,-1.00,-1.000,-1.00,0.0291
498812,32.780,100274.313,-1.7439,0,,,,,0,-1.00,-1.000,-1.00,0.0291
499012,32.790,100273.969,-1.7122,0,,,,,0,-1.00,-1.000,-1.00,0.0291
499233,32.790,100275.930,-1.8760,0,,,,,0,-1.00,-1.000,-1.00,0.0291
499419,32.790,100274.797,-1.7809,0,,,,,0,-1.00,-1.000,-1.00,0.0291
499602,32.790,100276.141,-1.8972,0,,,,,0,-1.00,-1.000,-1.00,0.0291
499802,32.790,100272.375,-1.5801,0,,,,,0,-1.00,-1.000,-1.00,0.0291
500002,32.800,100275.938,-1.8760,0,,,,,0,-1.00,-1.000,-1.00,0.0291
500234,32.810,100273.930,-1.7069,0,,,,,0,-1.00,-1.000,-1.00,0.0291
500420,32.810,100271.859,-1.5378,0,,,,,0,-1.00,-1.000,-1.00,0.0291
500602,32.820,100270.563,-1.4268,0,,,,,0,-1.00,-1.000,-1.00,0.0291
500802,32.830,100270.516,-1.4215,0,,,,,0,-1.00,-1.000,-1.00,0.0291
501002,32.830,100271.828,-1.5325,0,,,,,0,-1.00,-1.000,-1.00,0.0291
501234,32.830,100274.391,-1.7492,0,,,,,0,-1.00,-1.000,-1.00,0.0291
501419,32.830,100272.469,-1.5854,0,,,,,0,-1.00,-1.000,-1.00,0.0291
501612,32.830,100275.867,-1.8707,0,,,,,0,-1.00,-1.000,-1.00,0.0291
501812,32.830,100274.391,-1.7492,0,,,,,0,-1.00,-1.000,-1.00,0.0291
502012,32.840,100272.203,-1.5642,0,,,,,0,-1.00,-1.000,-1.00,0.0291
502212,32.860,100270.969,-1.4585,0,,,,,0,-1.00,-1.000,-1.00,0.0291
502415,32.870,100271.227,-1.4797,0,,,,,0,-1.00,-1.000,-1.00,0.0291
502602,32.870,100275.398,-1.8337,0,,,,,0,-1.00,-1.000,-1.00,0.0291
502802,32.880,100272.844,-1.6171,0,,,,,0,-1.00,-1.000,-1.00,0.0291
503002,32.880,100273.438,-1.6699,0,,,,,0,-1.00,-1.000,-1.00,0.0291
503232,32.880,100270.219,-1.3951,0,,,,,0,-1.00,-1.000,-1.00,0.0291
503418,32.880,100273.281,-1.6541,0,,,,,0,-1.00,-1.000,-1.00,0.0291
503602,32.880,100273.703,-1.6911,0,,,,,0,-1.00,-1.000,-1.00,0.0291
503802,32.880,100274.281,-1.7386,0,,,,,0,-1.00,-1.000,-1.00,0.0291
504002,32.880,100270.961,-1.4585,0,,,,,0,-1.00,-1.000,-1.00,0.0291
504228,32.880,100271.320,-1.4902,0,,,,,0,-1.00,-1.000,-1.00,0.0291
504405,32.890,100273.172,-1.6435,0,,,,,0,-1.00,-1.000,-1.00,0.0291
504602,32.900,100272.180,-1.5642,0,,,,,0,-1.00,-1.000,-1.00,0.0291
504802,32.900,100273.000,-1.6329,0,,,,,0,-1.00,-1.000,-1.00,0.0291
505002,32.910,100269.328,-1.3211,0,,,,,0,-1.00,-1.000,-1.00,0.0291
505230,32.910,100273.375,-1.6646,0,,,,,0,-1.00,-1.000,-1.00,0.0291
505407,32.920,100270.594,-1.4268,0,,,,,0,-1.00,-1.000,-1.00,0.0291
505602,32.920,100272.859,-1.6224,0,,,,,0,-1.00,-1.000,-1.00,0.0291
505802,32.930,100273.406,-1.6646,0,,,,,0,-1.00,-1.000,-1.00,0.0291
506002,32.920,100271.719,-1.5219,0,,,,,0,-1.00,-1.000,-1.00,0.0291
506233,32.930,100274.719,-1.7756,0,,,,,0,-1.00,-1.000,-1.00,0.0291
506419,32.930,100272.641,-1.6012,0,,,,,0,-1.00,-1.000,-1.00,0.0291
506602,32.940,100273.063,-1.6382,0,,,,,0,-1.00,-1.000,-1.00,0.0291
506802,32.940,100271.227,-1.4797,0,,,,,0,-1.00,-1.000,-1.00,0.0291
507012,32.940,100271.203,-1.4797,0,,,,,0,-1.00,-1.000,-1.00,0.0291
507233,32.960,100271.906,-1.5378,0,,,,,0,-1.00,-1.000,-1.00,0.0291
507410,32.970,100274.523,-1.7598,0,,,,,0,-1.00,-1.000,-1.00,0.0291
507612,32.970,100272.758,-1.6118,0,,,,,0,-1.00,-1.000,-1.00,0.0291
507812,32.980,100273.359,-1.6646,0,,,,,0,-1.00,-1.000,-1.00,0.0291
508012,32.980,100273.773,-1.6963,0,,,,,0,-1.00,-1.000,-1.00,0.0291
508212,32.990,100272.836,-1.6171,0,,,,,0,-1.00,-1.000,-1.00,0.0291
508418,33.000,100273.766,-1.6963,0,,,,,0,-1.00,-1.000,-1.00,0.0291
508612,33.010,100274.234,-1.7333,0,,,,,0,-1.00,-1.000,-1.00,0.0291
508812,33.020,100274.266,-1.7386,0,,,,,0,-1.00,-1.000,-1.00,0.0291
509012,33.020,100276.289,-1.9077,0,,,,,0,-1.00,-1.000,-1.00,0.0291
509233,33.030,100276.063,-1.8919,0,,,,,0,-1.00,-1.000,-1.00,0.0291
509410,33.040,100271.242,-1.4850,0,,,,,0,-1.00,-1.000,-1.00,0.0291
509612,33.050,100273.047,-1.6329,0,,,,,0,-1.00,-1.000,-1.00,0.0291
509812,33.060,100273.531,-1.6752,0,,,,,0,-1.00,-1.000,-1.00,0.0291
510012,33.060,100268.344,-1.2419,0,,,,,0,-1.00,-1.000,-1.00,0.0291
510233,33.080,100272.531,-1.5906,0,,,,,0,-1.00,-1.000,-1.00,0.0291
510410,33.080,100271.938,-1.5431,0,,,,,0,-1.00,-1.000,-1.00,0.0291
510612,33.090,100273.906,-1.7069,0,,,,,0,-1.00,-1.000,-1.00,0.0291
510812,33.100,100274.281,-1.7386,0,,,,,0,-1.00,-1.000,-1.00,0.0291
511012,33.110,100270.781,-1.4427,0,,,,,0,-1.00,-1.000,-1.00,0.0291
511235,33.110,100272.695,-1.6065,0,,,,,0,-1.00,-1.000,-1.00,0.0291
511404,33.110,100274.125,-1.7280,0,,,,,0,-1.00,-1.000,-1.00,0.0291
511602,33.110,100271.492,-1.5061,0,,,,,0,-1.00,-1.000,-1.00,0.0291
511802,33.110,100272.805,-1.6171,0,,,,,0,-1.00,-1.000,-1.00,0.0291
512012,33.120,100273.656,-1.6858,0,,,,,0,-1.00,-1.000,-1.00,0.0291
512234,33.140,100274.594,-1.7650,0,,,,,0,-1.00,-1.000,-1.00,0.0291
512411,33.140,100273.133,-1.6435,0,,,,,0,-1.00,-1.000,-1.00,0.0291
512612,33.130,100273.742,-1.6963,0,,,,,0,-1.00,-1.000,-1.00,0.0291
512812,33.130,100273.305,-1.6593,0,,,,,0,-1.00,-1.000,-1.00,0.0291
513012,33.140,100270.750,-1.4427,0,,,,,0,-1.00,-1.000,-1.00,0.0291
513228,33.140,100274.281,-1.7386,0,,,,,0,-1.00,-1.000,-1.00,0.0291
513412,33.150,100269.711,-1.3528,0,,,,,0,-1.00,-1.000,-1.00,0.0291
513612,33.160,100273.180,-1.6488,0,,,,,0,-1.00,-1.000,-1.00,0.0291
513802,33.170,100273.906,-1.7069,0,,,,,0,-1.00,-1.000,-1.00,0.0291
514002,33.180,100272.859,-1.6224,0,,,,,0,-1.00,-1.000,-1.00,0.0291
514202,33.180,100272.781,-1.6118,0,,,,,0,-1.00,-1.000,-1.00,0.0291
514409,33.180,100271.297,-1.4902,0,,,,,0,-1.00,-1.000,-1.00,0.0291
514612,33.190,100272.922,-1.6276,0,,,,,0,-1.00,-1.000,-1.00,0.0291
514812,33.180,100271.250,-1.4850,0,,,,,0,-1.00,-1.000,-1.00,0.0291
515012,33.190,100275.484,-1.8390,0,,,,,0,-1.00,-1.000,-1.00,0.0291
515229,33.190,100276.500,-1.9236,0,,,,,0,-1.00,-1.000,-1.00,0.0291
515412,33.190,100269.813,-1.3634,0,,,,,0,-1.00,-1.000,-1.00,0.0291
515612,33.200,100274.141,-1.7280,0,,,,,0,-1.00,-1.000,-1.00,0.0291
515812,33.210,100273.297,-1.6541,0,,,,,0,-1.00,-1.000,-1.00,0.0291
516012,33.210,100271.641,-1.5167,0,,,,,0,-1.00,-1.000,-1.00,0.0291
516229,33.220,100273.203,-1.6488,0,,,,,0,-1.00,-1.000,-1.00,0.0291
516412,33.220,100272.547,-1.5959,0,,,,,0,-1.00,-1.000,-1.00,0.0291
516612,33.230,100271.656,-1.5167,0,,,,,0,-1.00,-1.000,-1.00,0.0291
516812,33.230,100272.375,-1.5801,0,,,,,0,-1.00,-1.000,-1.00,0.0291
517012,33.230,100271.344,-1.4902,0,,,,,0,-1.00,-1.000,-1.00,0.0291
517229,33.230,100271.961,-1.5431,0,,,,,0,-1.00,-1.000,-1.00,0.0291
517412,33.230,100273.492,-1.6752,0,,,,,0,-1.00,-1.000,-1.00,0.0291
517612,33.220,100273.328,-1.6593,0,,,,,0,-1.00,-1.000,-1.00,0.0291
517812,33.230,100273.672,-1.6858,0,,,,,0,-1.00,-1.000,-1.00,0.0291
518012,33.230,100273.141,-1.6435,0,,,,,0,-1.00,-1.000,-1.00,0.0291
518228,33.220,100274.641,-1.7703,0,,,,,0,-1.00,-1.000,-1.00,0.0291
518412,33.220,100272.359,-1.5801,0,,,,,0,-1.00,-1.000,-1.00,0.0291
518612,33.230,100275.664,-1.8549,0,,,,,0,-1.00,-1.000,-1.00,0.0291
518812,33.240,100275.070,-1.8073,0,,,,,0,-1.00,-1.000,-1.00,0.0291
519012,33.240,100272.203,-1.5642,0,,,,,0,-1.00,-1.000,-1.00,0.0291
519228,33.250,100276.164,-1.8972,0,,,,,0,-1.00,-1.000,-1.00,0.0291
519412,33.250,100272.227,-1.5642,0,,,,,0,-1.00,-1.000,-1.00,0.0291
519612,33.260,100273.906,-1.7069,0,,,,,0,-1.00,-1.000,-1.00,0.0291
519812,33.260,100271.344,-1.4902,0,,,,,0,-1.00,-1.000,-1.00,0.0291
520012,33.270,100273.375,-1.6646,0,,,,,0,-1.00,-1.000,-1.00,0.0291
520212,33.280,100272.672,-1.6065,0,,,,,0,-1.00,-1.000,-1.00,0.0291
520409,33.280,100275.016,-1.8020,0,,,,,0,-1.00,-1.000,-1.00,0.0291
520612,33.290,100274.672,-1.7703,0,,,,,0,-1.00,-1.000,-1.00,0.0291
520812,33.290,100273.234,-1.6488,0,,,,,0,-1.00,-1.000,-1.00,0.0291
521012,33.310,100272.250,-1.5695,0,,,,,0,-1.00,-1.000,-1.00,0.0291
521229,33.310,100276.547,-1.9289,0,,,,,0,-1.00,-1.000,-1.00,0.0291
521412,33.310,100275.047,-1.8020,0,,,,,0,-1.00,-1.000,-1.00,0.0291
521612,33.320,100271.953,-1.5431,0,,,,,0,-1.00,-1.000,-1.00,0.0291
521812,33.320,100271.719,-1.5219,0,,,,,0,-1.00,-1.000,-1.00,0.0291
522012,33.330,100272.734,-1.6065,0,,,,,0,-1.00,-1.000,-1.00,0.0291
522230,33.340,100273.891,-1.7069,0,,,,,0,-1.00,-1.000,-1.00,0.0291
522407,33.330,100273.992,-1.7175,0,,,,,0,-1.00,-1.000,-1.00,0.0291
522602,33.340,100274.250,-1.7386,0,,,,,0,-1.00,-1.000,-1.00,0.0291
522802,33.340,100271.383,-1.4955,0,,,,,0,-1.00,-1.000,-1.00,0.0291
523002,33.350,100271.266,-1.4850,0,,,,,0,-1.00,-1.000,-1.00,0.0291
523229,33.350,100274.672,-1.7703,0,,,,,0,-1.00,-1.000,-1.00,0.0291
523412,33.340,100274.500,-1.7598,0,,,,,0,-1.00,-1.000,-1.00,0.0291
523612,33.340,100272.813,-1.6171,0,,,,,0,-1.00,-1.000,-1.00,0.0291
523812,33.330,100273.477,-1.6699,0,,,,,0,-1.00,-1.000,-1.00,0.0291
524012,33.350,100271.219,-1.4797,0,,,,,0,-1.00,-1.000,-1.00,0.0291
524229,33.350,100273.719,-1.6911,0,,,,,0,-1.00,-1.000,-1.00,0.0291
524412,33.340,100275.203,-1.8179,0,,,,,0,-1.00,-1.000,-1.00,0.0291
524612,33.340,100274.250,-1.7386,0,,,,,0,-1.00,-1.000,-1.00,0.0291
524812,33.330,100276.563,-1.9341,0,,,,,0,-1.00,-1.000,-1.00,0.0291
525012,33.330,100275.141,-1.8126,0,,,,,0,-1.00,-1.000,-1.00,0.0291
525229,33.320,100276.313,-1.9130,0,,,,,0,-1.00,-1.000,-1.00,0.0291
525415,33.320,100274.547,-1.7598,0,,,,,0,-1.00,-1.000,-1.00,0.0291
525612,33.320,100274.047,-1.7175,0,,,,,0,-1.00,-1.000,-1.00,0.0291
525812,33.310,100272.953,-1.6276,0,,,,,0,-1.00,-1.000,-1.00,0.0291
526002,33.310,100272.414,-1.5801,0,,,,,0,-1.00,-1.000,-1.00,0.0291
526202,33.320,100269.625,-1.3476,0,,,,,0,-1.00,-1.000,-1.00,0.0291
526411,33.320,100274.188,-1.7333,0,,,,,0,-1.00,-1.000,-1.00,0.0291
526611,33.320,100275.000,-1.8020,0,,,,,0,-1.00,-1.000,-1.00,0.0291
526812,33.310,100271.875,-1.5378,0,,,,,0,-1.00,-1.000,-1.00,0.0291
527002,33.310,100273.969,-1.7122,0,,,,,0,-1.00,-1.000,-1.00,0.0291
527229,33.300,100272.656,-1.6012,0,,,,,0,-1.00,-1.000,-1.00,0.0291
527423,33.300,100272.836,-1.6171,0,,,,,0,-1.00,-1.000,-1.00,0.0291
527602,33.300,100273.891,-1.7069,0,,,,,0,-1.00,-1.000,-1.00,0.0291
527802,33.290,100271.727,-1.5219,0,,,,,0,-1.00,-1.000,-1.00,0.0291
528002,33.290,100275.484,-1.8390,0,,,,,0,-1.00,-1.000,-1.00,0.0291
528229,33.280,100273.594,-1.6805,0,,,,,0,-1.00,-1.000,-1.00,0.0291
528407,33.280,100274.891,-1.7915,0,,,,,0,-1.00,-1.000,-1.00,0.0291
528612,33.290,100273.656,-1.6858,0,,,,,0,-1.00,-1.000,-1.00,0.0291
528812,33.310,100272.781,-1.6118,0,,,,,0,-1.00,-1.000,-1.00,0.0291
529012,33.310,100277.672,-2.0240,0,,,,,0,-1.00,-1.000,-1.00,0.0291
529229,33.310,100273.688,-1.6911,0,,,,,0,-1.00,-1.000,-1.00,0.0291
529412,33.300,100274.242,-1.7333,0,,,,,0,-1.00,-1.000,-1.00,0.0291
529612,33.300,100274.242,-1.7333,0,,,,,0,-1.00,-1.000,-1.00,0.0291
529812,33.300,100274.422,-1.7492,0,,,,,0,-1.00,-1.000,-1.00,0.0291
530012,33.300,100275.500,-1.8443,0,,,,,0,-1.00,-1.000,-1.00,0.0291
530230,33.290,100275.688,-1.8549,0,,,,,0,-1.00,-1.000,-1.00,0.0291
530407,33.280,100272.336,-1.5748,0,,,,,0,-1.00,-1.000,-1.00,0.0291
530612,33.290,100271.219,-1.4797,0,,,,,0,-1.00,-1.000,-1.00,0.0291
530812,33.290,100272.750,-1.6118,0,,,,,0,-1.00,-1.000,-1.00,0.0291
531012,33.290,100268.859,-1.2841,0,,,,,0,-1.00,-1.000,-1.00,0.0291
531229,33.290,100275.086,-1.8073,0,,,,,0,-1.00,-1.000,-1.00,0.0291
531412,33.280,100272.516,-1.5906,0,,,,,0,-1.00,-1.000,-1.00,0.0291
531612,33.280,100271.852,-1.5325,0,,,,,0,-1.00,-1.000,-1.00,0.0291
531812,33.280,100271.953,-1.5431,0,,,,,0,-1.00,-1.000,-1.00,0.0291
532002,33.280,100274.719,-1.7756,0,,,,,0,-1.00,-1.000,-1.00,0.0291
532202,33.280,100273.867,-1.7069,0,,,,,0,-1.00,-1.000,-1.00,0.0291
532402,33.270,100273.039,-1.6329,0,,,,,0,-1.00,-1.000,-1.00,0.0291
532602,33.280,100274.766,-1.7809,0,,,,,0,-1.00,-1.000,-1.00,0.0291
532802,33.280,100271.719,-1.5219,0,,,,,0,-1.00,-1.000,-1.00,0.0291
533002,33.270,100274.469,-1.7545,0,,,,,0,-1.00,-1.000,-1.00,0.0291
533228,33.270,100273.633,-1.6858,0,,,,,0,-1.00,-1.000,-1.00,0.0291
533412,33.280,100272.438,-1.5854,0,,,,,0,-1.00,-1.000,-1.00,0.0291
533612,33.280,100274.281,-1.7386,0,,,,,0,-1.00,-1.000,-1.00,0.0291
533812,33.270,100274.172,-1.7280,0,,,,,0,-1.00,-1.000,-1.00,0.0291
534012,33.280,100270.828,-1.4480,0,,,,,0,-1.00,-1.000,-1.00,0.0291
534229,33.270,100269.820,-1.3634,0,,,,,0,-1.00,-1.000,-1.00,0.0291
534412,33.270,100272.563,-1.5959,0,,,,,0,-1.00,-1.000,-1.00,0.0291
534612,33.280,100272.078,-1.5537,0,,,,,0,-1.00,-1.000,-1.00,0.0291
534812,33.280,100272.250,-1.5695,0,,,,,0,-1.00,-1.000,-1.00,0.0291
535012,33.260,100270.563,-1.4268,0,,,,,0,-1.00,-1.000,-1.00,0.0291
535229,33.250,100268.938,-1.2894,0,,,,,0,-1.00,-1.000,-1.00,0.0291
535412,33.260,100272.773,-1.6118,0,,,,,0,-1.00,-1.000,-1.00,0.0291
535612,33.260,100274.141,-1.7280,0,,,,,0,-1.00,-1.000,-1.00,0.0291
535812,33.260,100272.109,-1.5589,0,,,,,0,-1.00,-1.000,-1.00,0.0291
536012,33.260,100271.578,-1.5114,0,,,,,0,-1.00,-1.000,-1.00,0.0291
536229,33.270,100275.164,-1.8126,0,,,,,0,-1.00,-1.000,-1.00,0.0291
536412,33.270,100271.172,-1.4797,0,,,,,0,-1.00,-1.000,-1.00,0.0291
536612,33.270,100270.508,-1.4215,0,,,,,0,-1.00,-1.000,-1.00,0.0291
536812,33.280,100272.078,-1.5537,0,,,,,0,-1.00,-1.000,-1.00,0.0291
537012,33.280,100273.766,-1.6963,0,,,,,0,-1.00,-1.000,-1.00,0.0291
537231,33.280,100272.609,-1.6012,0,,,,,0,-1.00,-1.000,-1.00,0.0291
537400,33.280,100272.516,-1.5906,0,,,,,0,-1.00,-1.000,-1.00,0.0291
537602,33.290,100273.344,-1.6593,0,,,,,0,-1.00,-1.000,-1.00,0.0291
537802,33.290,100272.938,-1.6276,0,,,,,0,-1.00,-1.000,-1.00,0.0291
538002,33.290,100270.500,-1.4215,0,,,,,0,-1.00,-1.000,-1.00,0.0291
538202,33.280,100272.695,-1.6065,0,,,,,0,-1.00,-1.000,-1.00,0.0291
538411,33.270,100272.859,-1.6224,0,,,,,0,-1.00,-1.000,-1.00,0.0291
538602,33.260,100271.094,-1.4691,0,,,,,0,-1.00,-1.000,-1.00,0.0291
538802,33.260,100271.344,-1.4902,0,,,,,0,-1.00,-1.000,-1.00,0.0291
539002,33.250,100270.031,-1.3793,0,,,,,0,-1.00,-1.000,-1.00,0.0291
539229,33.260,100272.188,-1.5642,0,,,,,0,-1.00,-1.000,-1.00,0.0291
539406,33.260,100273.625,-1.6858,0,,,,,0,-1.00,-1.000,-1.00,0.0291
539602,33.260,100273.445,-1.6699,0,,,,,0,-1.00,-1.000,-1.00,0.0291
539802,33.260,100272.289,-1.5695,0,,,,,0,-1.00,-1.000,-1.00,0.0291
540002,33.260,100273.906,-1.7069,0,,,,,0,-1.00,-1.000,-1.00,0.0291
540230,33.250,100270.031,-1.3793,0,,,,,0,-1.00,-1.000,-1.00,0.0291
540412,33.260,100273.602,-1.6805,0,,,,,0,-1.00,-1.000,-1.00,0.0291
540612,33.250,100271.391,-1.4955,0,,,,,0,-1.00,-1.000,-1.00,0.0291
540812,33.240,100271.914,-1.5431,0,,,,,0,-1.00,-1.000,-1.00,0.0291
541012,33.250,100272.047,-1.5537,0,,,,,0,-1.00,-1.000,-1.00,0.0291
541228,33.240,100272.383,-1.5801,0,,,,,0,-1.00,-1.000,-1.00,0.0291
541412,33.240,100272.383,-1.5801,0,,,,,0,-1.00,-1.000,-1.00,0.0291
541612,33.240,100271.203,-1.4797,0,,,,,0,-1.00,-1.000,-1.00,0.0291
541812,33.240,100272.219,-1.5642,0,,,,,0,-1.00,-1.000,-1.00,0.0291
542002,33.240,100272.031,-1.5484,0,,,,,0,-1.00,-1.000,-1.00,0.0291
542230,33.240,100272.578,-1.5959,0,,,,,0,-1.00,-1.000,-1.00,0.0291
542407,33.240,100272.148,-1.5589,0,,,,,0,-1.00,-1.000,-1.00,0.0291
542612,33.240,100273.281,-1.6541,0,,,,,0,-1.00,-1.000,-1.00,0.0291
542812,33.240,100273.453,-1.6699,0,,,,,0,-1.00,-1.000,-1.00,0.0291
543012,33.250,100270.258,-1.4004,0,,,,,0,-1.00,-1.000,-1.00,0.0291
543230,33.240,100273.102,-1.6382,0,,,,,0,-1.00,-1.000,-1.00,0.0291
543412,33.230,100272.906,-1.6224,0,,,,,0,-1.00,-1.000,-1.00,0.0291
543612,33.230,100271.188,-1.4797,0,,,,,0,-1.00,-1.000,-1.00,0.0291
543812,33.230,100268.969,-1.2947,0,,,,,0,-1.00,-1.000,-1.00,0.0291
544012,33.230,100269.281,-1.3159,0,,,,,0,-1.00,-1.000,-1.00,0.0291
544212,33.240,100270.891,-1.4533,0,,,,,0,-1.00,-1.000,-1.00,0.0291
544415,33.250,100272.766,-1.6118,0,,,,,0,-1.00,-1.000,-1.00,0.0291
544602,33.250,100273.594,-1.6805,0,,,,,0,-1.00,-1.000,-1.00,0.0291
544802,33.250,100272.047,-1.5537,0,,,,,0,-1.00,-1.000,-1.00,0.0291
545002,33.250,100272.344,-1.5748,0,,,,,0,-1.00,-1.000,-1.00,0.0291
545230,33.260,100268.117,-1.2207,0,,,,,0,-1.00,-1.000,-1.00,0.0291
545415,33.270,100270.531,-1.4215,0,,,,,0,-1.00,-1.000,-1.00,0.0291
545612,33.270,100273.813,-1.7016,0,,,,,0,-1.00,-1.000,-1.00,0.0291
545812,33.270,100271.047,-1.4691,0,,,,,0,-1.00,-1.000,-1.00,0.0291
546012,33.270,100272.914,-1.6224,0,,,,,0,-1.00,-1.000,-1.00,0.0291
546230,33.280,100273.641,-1.6858,0,,,,,0,-1.00,-1.000,-1.00,0.0291
546415,33.280,100269.570,-1.3423,0,,,,,0,-1.00,-1.000,-1.00,0.0291
546612,33.280,100271.188,-1.4797,0,,,,,0,-1.00,-1.000,-1.00,0.0291
546812,33.280,100268.188,-1.2260,0,,,,,0,-1.00,-1.000,-1.00,0.0291
547012,33.270,100273.859,-1.7016,0,,,,,0,-1.00,-1.000,-1.00,0.0291
547230,33.260,100272.016,-1.5484,0,,,,,0,-1.00,-1.000,-1.00,0.0291
547407,33.260,100271.625,-1.5167,0,,,,,0,-1.00,-1.000,-1.00,0.0291
547612,33.270,100272.859,-1.6224,0,,,,,0,-1.00,-1.000,-1.00,0.0291
547812,33.270,100274.172,-1.7280,0,,,,,0,-1.00,-1.000,-1.00,0.0291
548012,33.270,100271.711,-1.5219,0,,,,,0,-1.00,-1.000,-1.00,0.0291
548230,33.270,100270.156,-1.3951,0,,,,,0,-1.00,-1.000,-1.00,0.0291
548415,33.260,100271.703,-1.5219,0,,,,,0,-1.00,-1.000,-1.00,0.0291
548612,33.230,100271.656,-1.5167,0,,,,,0,-1.00,-1.000,-1.00,0.0291
548812,33.220,100270.469,-1.4163,0,,,,,0,-1.00,-1.000,-1.00,0.0291
549012,33.210,100271.203,-1.4797,0,,,,,0,-1.00,-1.000,-1.00,0.0291
549230,33.180,100270.891,-1.4533,0,,,,,0,-1.00,-1.000,-1.00,0.0291
549407,33.170,100269.859,-1.3687,0,,,,,0,-1.00,-1.000,-1.00,0.0291
549612,33.170,100271.109,-1.4744,0,,,,,0,-1.00,-1.000,-1.00,0.0291
549812,33.160,100270.234,-1.4004,0,,,,,0,-1.00,-1.000,-1.00,0.0291
550012,33.160,100271.125,-1.4744,0,,,,,0,-1.00,-1.000,-1.00,0.0291
550212,33.150,100270.070,-1.3846,0,,,,,0,-1.00,-1.000,-1.00,0.0291
550411,33.140,100269.992,-1.3793,0,,,,,0,-1.00,-1.000,-1.00,0.0291
550606,33.140,100271.367,-1.4955,0,,,,,0,-1.00,-1.000,-1.00,0.0291
550812,33.140,100270.813,-1.4480,0,,,,,0,-1.00,-1.000,-1.00,0.0291
551012,33.150,100271.125,-1.4744,0,,,,,0,-1.00,-1.000,-1.00,0.0291
551232,33.150,100269.406,-1.3317,0,,,,,0,-1.00,-1.000,-1.00,0.0291
551440,33.150,100272.195,-1.5642,0,,,,,0,-1.00,-1.000,-1.00,0.0291
551602,33.140,100276.000,-1.8866,0,,,,,0,-1.00,-1.000,-1.00,0.0291
551802,33.130,100271.102,-1.4744,0,,,,,0,-1.00,-1.000,-1.00,0.0291
552002,33.130,100270.797,-1.4480,0,,,,,0,-1.00,-1.000,-1.00,0.0291
552231,33.130,100270.703,-1.4374,0,,,,,0,-1.00,-1.000,-1.00,0.0291
552431,33.130,100268.781,-1.2736,0,,,,,0,-1.00,-1.000,-1.00,0.0291
552612,33.130,100270.703,-1.4374,0,,,,,0,-1.00,-1.000,-1.00,0.0291
552812,33.140,100273.031,-1.6329,0,,,,,0,-1.00,-1.000,-1.00,0.0291
553012,33.140,100268.656,-1.2683,0,,,,,0,-1.00,-1.000,-1.00,0.0291
553232,33.150,100272.625,-1.6012,0,,,,,0,-1.00,-1.000,-1.00,0.0291
553431,33.150,100268.391,-1.2419,0,,,,,0,-1.00,-1.000,-1.00,0.0291
553602,33.150,100271.688,-1.5219,0,,,,,0,-1.00,-1.000,-1.00,0.0291
553802,33.140,100268.375,-1.2419,0,,,,,0,-1.00,-1.000,-1.00,0.0291
554002,33.160,100271.484,-1.5061,0,,,,,0,-1.00,-1.000,-1.00,0.0291
554229,33.160,100272.383,-1.5801,0,,,,,0,-1.00,-1.000,-1.00,0.0291
554415,33.160,100271.328,-1.4902,0,,,,,0,-1.00,-1.000,-1.00,0.0291
554612,33.140,100270.984,-1.4638,0,,,,,0,-1.00,-1.000,-1.00,0.0291
554812,33.150,100272.906,-1.6224,0,,,,,0,-1.00,-1.000,-1.00,0.0291
555012,33.150,100271.078,-1.4691,0,,,,,0,-1.00,-1.000,-1.00,0.0291
555230,33.150,100270.891,-1.4533,0,,,,,0,-1.00,-1.000,-1.00,0.0291
555431,33.160,100273.359,-1.6646,0,,,,,0,-1.00,-1.000,-1.00,0.0291
555612,33.160,100273.281,-1.6541,0,,,,,0,-1.00,-1.000,-1.00,0.0291
555812,33.160,100271.805,-1.5325,0,,,,,0,-1.00,-1.000,-1.00,0.0291
556012,33.160,100271.984,-1.5484,0,,,,,0,-1.00,-1.000,-1.00,0.0291
556212,33.170,100271.813,-1.5325,0,,,,,0,-1.00,-1.000,-1.00,0.0291
556411,33.180,100273.016,-1.6329,0,,,,,0,-1.00,-1.000,-1.00,0.0291
556611,33.190,100272.375,-1.5801,0,,,,,0,-1.00,-1.000,-1.00,0.0291
556812,33.190,100271.266,-1.4850,0,,,,,0,-1.00,-1.000,-1.00,0.0291
557012,33.200,100271.391,-1.4955,0,,,,,0,-1.00,-1.000,-1.00,0.0291
557230,33.200,100269.961,-1.3740,0,,,,,0,-1.00,-1.000,-1.00,0.0291
557429,33.210,100270.797,-1.4480,0,,,,,0,-1.00,-1.000,-1.00,0.0291
557612,33.210,100267.922,-1.2049,0,,,,,0,-1.00,-1.000,-1.00,0.0291
557812,33.220,100273.563,-1.6805,0,,,,,0,-1.00,-1.000,-1.00,0.0291
558012,33.230,100271.727,-1.5219,0,,,,,0,-1.00,-1.000,-1.00,0.0291
558229,33.230,100269.734,-1.3581,0,,,,,0,-1.00,-1.000,-1.00,0.0291
558420,33.220,100267.172,-1.1415,0,,,,,0,-1.00,-1.000,-1.00,0.0291
558602,33.240,100272.750,-1.6118,0,,,,,0,-1.00,-1.000,-1.00,0.0291
558802,33.230,100270.625,-1.4321,0,,,,,0,-1.00,-1.000,-1.00,0.0291
559002,33.240,100270.484,-1.4215,0,,,,,0,-1.00,-1.000,-1.00,0.0291
559230,33.240,100270.891,-1.4533,0,,,,,0,-1.00,-1.000,-1.00,0.0291
559420,33.250,100269.359,-1.3264,0,,,,,0,-1.00,-1.000,-1.00,0.0291
559602,33.250,100269.547,-1.3423,0,,,,,0,-1.00,-1.000,-1.00,0.0291
559802,33.260,100272.414,-1.5801,0,,,,,0,-1.00,-1.000,-1.00,0.0291
560002,33.250,100270.906,-1.4533,0,,,,,0,-1.00,-1.000,-1.00,0.0291
560229,33.260,100271.516,-1.5061,0,,,,,0,-1.00,-1.000,-1.00,0.0291
560419,33.260,100270.141,-1.3898,0,,,,,0,-1.00,-1.000,-1.00,0.0291
560602,33.260,100271.984,-1.5484,0,,,,,0,-1.00,-1.000,-1.00,0.0291
560802,33.270,100272.422,-1.5854,0,,,,,0,-1.00,-1.000,-1.00,0.0291
561002,33.250,100270.367,-1.4110,0,,,,,0,-1.00,-1.000,-1.00,0.0291
561229,33.250,100270.008,-1.3793,0,,,,,0,-1.00,-1.000,-1.00,0.0291
561406,33.260,100273.313,-1.6593,0,,,,,0,-1.00,-1.000,-1.00,0.0291
561602,33.250,100269.422,-1.3317,0,,,,,0,-1.00,-1.000,-1.00,0.0291
561802,33.250,100269.188,-1.3106,0,,,,,0,-1.00,-1.000,-1.00,0.0291
562002,33.240,100270.125,-1.3898,0,,,,,0,-1.00,-1.000,-1.00,0.0291
562202,33.250,100267.930,-1.2049,0,,,,,0,-1.00,-1.000,-1.00,0.0291
562414,33.260,100270.094,-1.3846,0,,,,,0,-1.00,-1.000,-1.00,0.0291
562602,33.260,100268.766,-1.2736,0,,,,,0,-1.00,-1.000,-1.00,0.0291
562802,33.270,100270.508,-1.4215,0,,,,,0,-1.00,-1.000,-1.00,0.0291
563002,33.270,100272.328,-1.5748,0,,,,,0,-1.00,-1.000,-1.00,0.0291
563229,33.270,100269.969,-1.3793,0,,,,,0,-1.00,-1.000,-1.00,0.0291
563414,33.260,100269.195,-1.3106,0,,,,,0,-1.00,-1.000,-1.00,0.0291
563612,33.260,100270.938,-1.4585,0,,,,,0,-1.00,-1.000,-1.00,0.0291
563812,33.280,100271.422,-1.5008,0,,,,,0,-1.00,-1.000,-1.00,0.0291
564012,33.290,100271.578,-1.5114,0,,,,,0,-1.00,-1.000,-1.00,0.0291
564230,33.290,100272.875,-1.6224,0,,,,,0,-1.00,-1.000,-1.00,0.0291
564407,33.290,100271.266,-1.4850,0,,,,,0,-1.00,-1.000,-1.00,0.0291
564602,33.300,100270.383,-1.4110,0,,,,,0,-1.00,-1.000,-1.00,0.0291
564802,33.300,100271.563,-1.5114,0,,,,,0,-1.00,-1.000,-1.00,0.0291
565002,33.300,100270.203,-1.3951,0,,,,,0,-1.00,-1.000,-1.00,0.0291
565229,33.310,100271.766,-1.5272,0,,,,,0,-1.00,-1.000,-1.00,0.0291
565406,33.310,100271.594,-1.5114,0,,,,,0,-1.00,-1.000,-1.00,0.0291
565612,33.310,100270.516,-1.4215,0,,,,,0,-1.00,-1.000,-1.00,0.0291
565812,33.300,100267.516,-1.1679,0,,,,,0,-1.00,-1.000,-1.00,0.0291
566012,33.310,100271.406,-1.4955,0,,,,,0,-1.00,-1.000,-1.00,0.0291
566230,33.320,100271.008,-1.4638,0,,,,,0,-1.00,-1.000,-1.00,0.0291
566407,33.320,100270.961,-1.4585,0,,,,,0,-1.00,-1.000,-1.00,0.0291
566602,33.320,100272.578,-1.5959,0,,,,,0,-1.00,-1.000,-1.00,0.0291
566802,33.330,100271.734,-1.5272,0,,,,,0,-1.00,-1.000,-1.00,0.0291
567002,33.320,100271.422,-1.5008,0,,,,,0,-1.00,-1.000,-1.00,0.0291
567235,33.320,100269.859,-1.3687,0,,,,,0,-1.00,-1.000,-1.00,0.0291
567412,33.330,100268.922,-1.2894,0,,,,,0,-1.00,-1.000,-1.00,0.0291
567612,33.340,100267.086,-1.1362,0,,,,,0,-1.00,-1.000,-1.00,0.0291
567812,33.350,100270.500,-1.4215,0,,,,,0,-1.00,-1.000,-1.00,0.0291
568012,33.340,100268.953,-1.2894,0,,,,,0,-1.00,-1.000,-1.00,0.0291
568212,33.350,100271.938,-1.5431,0,,,,,0,-1.00,-1.000,-1.00,0.0291
568411,33.350,100270.859,-1.4533,0,,,,,0,-1.00,-1.000,-1.00,0.0291
568602,33.340,100268.469,-1.2524,0,,,,,0,-1.00,-1.000,-1.00,0.0291
568802,33.350,100268.938,-1.2894,0,,,,,0,-1.00,-1.000,-1.00,0.0291
569002,33.350,100270.094,-1.3846,0,,,,,0,-1.00,-1.000,-1.00,0.0291
569229,33.360,100271.609,-1.5167,0,,,,,0,-1.00,-1.000,-1.00,0.0291
569407,33.360,100270.586,-1.4268,0,,,,,0,-1.00,-1.000,-1.00,0.0291
569602,33.350,100271.109,-1.4744,0,,,,,0,-1.00,-1.000,-1.00,0.0291
569802,33.350,100270.906,-1.4533,0,,,,,0,-1.00,-1.000,-1.00,0.0291
570002,33.360,100271.297,-1.4902,0,,,,,0,-1.00,-1.000,-1.00,0.0291
570229,33.360,100271.484,-1.5061,0,,,,,0,-1.00,-1.000,-1.00,0.0291
570406,33.360,100267.898,-1.2049,0,,,,,0,-1.00,-1.000,-1.00,0.0291
570612,33.360,100271.961,-1.5431,0,,,,,0,-1.00,-1.000,-1.00,0.0291
570812,33.360,100271.063,-1.4691,0,,,,,0,-1.00,-1.000,-1.00,0.0291
571012,33.350,100268.969,-1.2947,0,,,,,0,-1.00,-1.000,-1.00,0.0291
571233,33.340,100272.055,-1.5537,0,,,,,0,-1.00,-1.000,-1.00,0.0291
571411,33.340,100271.258,-1.4850,0,,,,,0,-1.00,-1.000,-1.00,0.0291
571612,33.320,100273.641,-1.6858,0,,,,,0,-1.00,-1.000,-1.00,0.0291
571812,33.330,100272.625,-1.6012,0,,,,,0,-1.00,-1.000,-1.00,0.0291
572012,33.320,100271.141,-1.4744,0,,,,,0,-1.00,-1.000,-1.00,0.0291
572229,33.320,100270.398,-1.4110,0,,,,,0,-1.00,-1.000,-1.00,0.0291
572407,33.310,100271.359,-1.4955,0,,,,,0,-1.00,-1.000,-1.00,0.0291
572602,33.300,100271.563,-1.5114,0,,,,,0,-1.00,-1.000,-1.00,0.0291
572802,33.290,100271.016,-1.4638,0,,,,,0,-1.00,-1.000,-1.00,0.0291
573002,33.290,100274.438,-1.7545,0,,,,,0,-1.00,-1.000,-1.00,0.0291
573232,33.270,100272.969,-1.6276,0,,,,,0,-1.00,-1.000,-1.00,0.0291
573409,33.270,100271.227,-1.4797,0,,,,,0,-1.00,-1.000,-1.00,0.0291
573612,33.270,100271.656,-1.5167,0,,,,,0,-1.00,-1.000,-1.00,0.0291
573812,33.280,100271.133,-1.4744,0,,,,,0,-1.00,-1.000,-1.00,0.0291
574012,33.280,100272.211,-1.5642,0,,,,,0,-1.00,-1.000,-1.00,0.0291
574212,33.280,100269.641,-1.3476,0,,,,,0,-1.00,-1.000,-1.00,0.0291
574413,33.290,100269.477,-1.3370,0,,,,,0,-1.00,-1.000,-1.00,0.0291
574602,33.290,100269.000,-1.2947,0,,,,,0,-1.00,-1.000,-1.00,0.0291
574802,33.290,100270.195,-1.3951,0,,,,,0,-1.00,-1.000,-1.00,0.0291
575002,33.300,100271.734,-1.5272,0,,,,,0,-1.00,-1.000,-1.00,0.0291
575231,33.290,100270.430,-1.4163,0,,,,,0,-1.00,-1.000,-1.00,0.0291
575408,33.300,100274.063,-1.7228,0,,,,,0,-1.00,-1.000,-1.00,0.0291
575612,33.290,100271.578,-1.5114,0,,,,,0,-1.00,-1.000,-1.00,0.0291
575812,33.260,100267.180,-1.1415,0,,,,,0,-1.00,-1.000,-1.00,0.0291
576012,33.280,100272.391,-1.5801,0,,,,,0,-1.00,-1.000,-1.00,0.0291
576230,33.270,100270.633,-1.4321,0,,,,,0,-1.00,-1.000,-1.00,0.0291
576407,33.260,100268.297,-1.2366,0,,,,,0,-1.00,-1.000,-1.00,0.0291
576612,33.260,100267.453,-1.1626,0,,,,,0,-1.00,-1.000,-1.00,0.0291
576812,33.260,100270.859,-1.4533,0,,,,,0,-1.00,-1.000,-1.00,0.0291
577012,33.270,100268.359,-1.2419,0,,,,,0,-1.00,-1.000,-1.00,0.0291
577232,33.280,100273.031,-1.6329,0,,,,,0,-1.00,-1.000,-1.00,0.0291
577417,33.280,100270.641,-1.4321,0,,,,,0,-1.00,-1.000,-1.00,0.0291
577602,33.270,100270.000,-1.3793,0,,,,,0,-1.00,-1.000,-1.00,0.0291
577802,33.280,100271.719,-1.5219,0,,,,,0,-1.00,-1.000,-1.00,0.0291
578002,33.270,100271.844,-1.5325,0,,,,,0,-1.00,-1.000,-1.00,0.0291
578229,33.270,100271.656,-1.5167,0,,,,,0,-1.00,-1.000,-1.00,0.0291
578406,33.270,100268.313,-1.2366,0,,,,,0,-1.00,-1.000,-1.00,0.0291
578612,33.270,100272.070,-1.5537,0,,,,,0,-1.00,-1.000,-1.00,0.0291
578812,33.270,100270.766,-1.4427,0,,,,,0,-1.00,-1.000,-1.00,0.0291
579012,33.270,100271.125,-1.4744,0,,,,,0,-1.00,-1.000,-1.00,0.0291
579229,33.280,100270.828,-1.4480,0,,,,,0,-1.00,-1.000,-1.00,0.0291
579407,33.280,100270.703,-1.4374,0,,,,,0,-1.00,-1.000,-1.00,0.0291
579602,33.270,100272.016,-1.5484,0,,,,,0,-1.00,-1.000,-1.00,0.0291
579802,33.280,100269.445,-1.3317,0,,,,,0,-1.00,-1.000,-1.00,0.0291
580002,33.290,100270.500,-1.4215,0,,,,,0,-1.00,-1.000,-1.00,0.0291
580202,33.290,100272.086,-1.5537,0,,,,,0,-1.00,-1.000,-1.00,0.0291
580403,33.280,100269.805,-1.3634,0,,,,,0,-1.00,-1.000,-1.00,0.0291
580602,33.280,100268.219,-1.2313,0,,,,,0,-1.00,-1.000,-1.00,0.0291
580802,33.270,100269.516,-1.3370,0,,,,,0,-1.00,-1.000,-1.00,0.0291
581002,33.280,100271.539,-1.5061,0,,,,,0,-1.00,-1.000,-1.00,0.0291
581232,33.270,100270.766,-1.4427,0,,,,,0,-1.00,-1.000,-1.00,0.0291
581417,33.280,100269.570,-1.3423,0,,,,,0,-1.00,-1.000,-1.00,0.0291
581602,33.280,100272.250,-1.5695,0,,,,,0,-1.00,-1.000,-1.00,0.0291
581802,33.270,100271.172,-1.4797,0,,,,,0,-1.00,-1.000,-1.00,0.0291
582002,33.260,100268.586,-1.2577,0,,,,,0,-1.00,-1.000,-1.00,0.0291
582230,33.260,100269.500,-1.3370,0,,,,,0,-1.00,-1.000,-1.00,0.0291
582407,33.260,100267.875,-1.1996,0,,,,,0,-1.00,-1.000,-1.00,0.0291
582612,33.260,100267.813,-1.1943,0,,,,,0,-1.00,-1.000,-1.00,0.0291
582812,33.260,100267.719,-1.1890,0,,,,,0,-1.00,-1.000,-1.00,0.0291
583012,33.270,100268.547,-1.2577,0,,,,,0,-1.00,-1.000,-1.00,0.0291
583229,33.280,100269.930,-1.3740,0,,,,,0,-1.00,-1.000,-1.00,0.0291
583415,33.270,100272.914,-1.6224,0,,,,,0,-1.00,-1.000,-1.00,0.0291
583612,33.280,100272.672,-1.6065,0,,,,,0,-1.00,-1.000,-1.00,0.0291
583812,33.270,100270.594,-1.4268,0,,,,,0,-1.00,-1.000,-1.00,0.0291
584012,33.270,100268.977,-1.2947,0,,,,,0,-1.00,-1.000,-1.00,0.0291
584232,33.280,100267.422,-1.1626,0,,,,,0,-1.00,-1.000,-1.00,0.0291
584410,33.290,100268.148,-1.2260,0,,,,,0,-1.00,-1.000,-1.00,0.0291
584612,33.290,100269.063,-1.3000,0,,,,,0,-1.00,-1.000,-1.00,0.0291
584812,33.300,100270.023,-1.3793,0,,,,,0,-1.00,-1.000,-1.00,0.0291
585012,33.300,100271.688,-1.5219,0,,,,,0,-1.00,-1.000,-1.00,0.0291
585238,33.300,100268.289,-1.2366,0,,,,,0,-1.00,-1.000,-1.00,0.0291
585415,33.320,100271.953,-1.5431,0,,,,,0,-1.00,-1.000,-1.00,0.0291
585612,33.310,100269.906,-1.3740,0,,,,,0,-1.00,-1.000,-1.00,0.0291
585812,33.320,100269.266,-1.3159,0,,,,,0,-1.00,-1.000,-1.00,0.0291
586012,33.330,100271.969,-1.5431,0,,,,,0,-1.00,-1.000,-1.00,0.0291
586212,33.340,100271.383,-1.4955,0,,,,,0,-1.00,-1.000,-1.00,0.0291
586412,33.330,100269.875,-1.3687,0,,,,,0,-1.00,-1.000,-1.00,0.0291
586607,33.340,100270.844,-1.4480,0,,,,,0,-1.00,-1.000,-1.00,0.0291
586812,33.330,100268.383,-1.2419,0,,,,,0,-1.00,-1.000,-1.00,0.0291
587002,33.340,100268.828,-1.2789,0,,,,,0,-1.00,-1.000,-1.00,0.0291
587233,33.350,100271.031,-1.4638,0,,,,,0,-1.00,-1.000,-1.00,0.0291
587411,33.360,100269.797,-1.3634,0,,,,,0,-1.00,-1.000,-1.00,0.0291
587612,33.360,100269.250,-1.3159,0,,,,,0,-1.00,-1.000,-1.00,0.0291
587812,33.360,100269.797,-1.3634,0,,,,,0,-1.00,-1.000,-1.00,0.0291
588012,33.360,100272.477,-1.5854,0,,,,,0,-1.00,-1.000,-1.00,0.0291
588233,33.360,100268.375,-1.2419,0,,,,,0,-1.00,-1.000,-1.00,0.0291
588411,33.370,100269.797,-1.3634,0,,,,,0,-1.00,-1.000,-1.00,0.0291
588612,33.370,100272.328,-1.5748,0,,,,,0,-1.00,-1.000,-1.00,0.0291
588812,33.370,100269.281,-1.3159,0,,,,,0,-1.00,-1.000,-1.00,0.0291
589012,33.380,100271.563,-1.5114,0,,,,,0,-1.00,-1.000,-1.00,0.0291
589235,33.380,100270.188,-1.3951,0,,,,,0,-1.00,-1.000,-1.00,0.0291
589412,33.390,100273.367,-1.6646,0,,,,,0,-1.00,-1.000,-1.00,0.0291
589612,33.390,100270.273,-1.4004,0,,,,,0,-1.00,-1.000,-1.00,0.0291
589812,33.400,100270.469,-1.4163,0,,,,,0,-1.00,-1.000,-1.00,0.0291
590012,33.400,100269.211,-1.3106,0,,,,,0,-1.00,-1.000,-1.00,0.0291
590230,33.410,100270.578,-1.4268,0,,,,,0,-1.00,-1.000,-1.00,0.0291
590407,33.410,100269.680,-1.3528,0,,,,,0,-1.00,-1.000,-1.00,0.0291
590602,33.420,100269.227,-1.3159,0,,,,,0,-1.00,-1.000,-1.00,0.0291
590802,33.430,100269.484,-1.3370,0,,,,,0,-1.00,-1.000,-1.00,0.0291
591002,33.430,100270.438,-1.4163,0,,,,,0,-1.00,-1.000,-1.00,0.0291
591230,33.430,100273.055,-1.6382,0,,,,,0,-1.00,-1.000,-1.00,0.0291
591407,33.440,100269.133,-1.3053,0,,,,,0,-1.00,-1.000,-1.00,0.0291
591612,33.430,100271.148,-1.4744,0,,,,,0,-1.00,-1.000,-1.00,0.0291
591812,33.430,100272.461,-1.5854,0,,,,,0,-1.00,-1.000,-1.00,0.0291
592012,33.440,100270.570,-1.4268,0,,,,,0,-1.00,-1.000,-1.00,0.0291
592262,33.440,100270.625,-1.4321,0,,,,,0,-1.00,-1.000,-1.00,0.0291
592420,33.440,100269.984,-1.3793,0,,,,,0,-1.00,-1.000,-1.00,0.0291
592612,33.450,100271.109,-1.4744,0,,,,,0,-1.00,-1.000,-1.00,0.0291
592812,33.460,100270.945,-1.4585,0,,,,,0,-1.00,-1.000,-1.00,0.0291
593012,33.460,100271.180,-1.4797,0,,,,,0,-1.00,-1.000,-1.00,0.0291
593229,33.450,100269.797,-1.3634,0,,,,,0,-1.00,-1.000,-1.00,0.0291
593407,33.450,100271.250,-1.4850,0,,,,,0,-1.00,-1.000,-1.00,0.0291
593602,33.450,100272.500,-1.5906,0,,,,,0,-1.00,-1.000,-1.00,0.0291
593802,33.450,100272.367,-1.5801,0,,,,,0,-1.00,-1.000,-1.00,0.0291
594002,33.450,100272.188,-1.5642,0,,,,,0,-1.00,-1.000,-1.00,0.0291
594229,33.450,100272.727,-1.6065,0,,,,,0,-1.00,-1.000,-1.00,0.0291
594407,33.440,100273.898,-1.7069,0,,,,,0,-1.00,-1.000,-1.00,0.0291
594612,33.440,100272.180,-1.5642,0,,,,,0,-1.00,-1.000,-1.00,0.0291
594812,33.450,100273.141,-1.6435,0,,,,,0,-1.00,-1.000,-1.00,0.0291
595012,33.440,100272.672,-1.6065,0,,,,,0,-1.00,-1.000,-1.00,0.0291
595229,33.440,100271.469,-1.5008,0,,,,,0,-1.00,-1.000,-1.00,0.0291
595407,33.450,100270.391,-1.4110,0,,,,,0,-1.00,-1.000,-1.00,0.0291
595602,33.440,100271.750,-1.5272,0,,,,,0,-1.00,-1.000,-1.00,0.0291
595802,33.440,100270.922,-1.4585,0,,,,,0,-1.00,-1.000,-1.00,0.0291
596002,33.430,100271.742,-1.5272,0,,,,,0,-1.00,-1.000,-1.00,0.0291
596229,33.420,100272.984,-1.6276,0,,,,,0,-1.00,-1.000,-1.00,0.0291
596407,33.410,100271.727,-1.5219,0,,,,,0,-1.00,-1.000,-1.00,0.0291
596602,33.410,100269.516,-1.3370,0,,,,,0,-1.00,-1.000,-1.00,0.0291
596802,33.410,100269.445,-1.3317,0,,,,,0,-1.00,-1.000,-1.00,0.0291
597002,33.410,100269.625,-1.3476,0,,,,,0,-1.00,-1.000,-1.00,0.0291
597229,33.410,100272.570,-1.5959,0,,,,,0,-1.00,-1.000,-1.00,0.0291
597407,33.430,100273.578,-1.6805,0,,,,,0,-1.00,-1.000,-1.00,0.0291
597612,33.420,100270.969,-1.4585,0,,,,,0,-1.00,-1.000,-1.00,0.0291
597812,33.420,100269.711,-1.3528,0,,,,,0,-1.00,-1.000,-1.00,0.0291
598012,33.420,100270.172,-1.3951,0,,,,,0,-1.00,-1.000,-1.00,0.0291
598212,33.420,100269.984,-1.3793,0,,,,,0,-1.00,-1.000,-1.00,0.0291
598403,33.430,100271.438,-1.5008,0,,,,,0,-1.00,-1.000,-1.00,0.0291
598612,33.420,100273.164,-1.6435,0,,,,,0,-1.00,-1.000,-1.00,0.0291
598812,33.430,100268.406,-1.2472,0,,,,,0,-1.00,-1.000,-1.00,0.0291
599012,33.430,100271.633,-1.5167,0,,,,,0,-1.00,-1.000,-1.00,0.0291
599230,33.420,100271.375,-1.4955,0,,,,,0,-1.00,-1.000,-1.00,0.0291
599415,33.420,100271.141,-1.4744,0,,,,,0,-1.00,-1.000,-1.00,0.0291
599612,33.420,100269.945,-1.3740,0,,,,,0,-1.00,-1.000,-1.00,0.0291
599812,33.430,100270.180,-1.3951,0,,,,,0,-1.00,-1.000,-1.00,0.0291
600012,33.430,100268.641,-1.2630,0,,,,,0,-1.00,-1.000,-1.00,0.0291
600229,33.440,100270.750,-1.4427,0,,,,,0,-1.00,-1.000,-1.00,0.0291
600406,33.440,100270.570,-1.4268,0,,,,,0,-1.00,-1.000,-1.00,0.0291
600612,33.430,100269.234,-1.3159,0,,,,,0,-1.00,-1.000,-1.00,0.0291
600812,33.430,100271.438,-1.5008,0,,,,,0,-1.00,-1.000,-1.00,0.0291
601012,33.440,100272.406,-1.5801,0,,,,,0,-1.00,-1.000,-1.00,0.0291
601231,33.440,100270.805,-1.4480,0,,,,,0,-1.00,-1.000,-1.00,0.0291
601407,33.430,100270.438,-1.4163,0,,,,,0,-1.00,-1.000,-1.00,0.0291
601602,33.430,100274.016,-1.7175,0,,,,,0,-1.00,-1.000,-1.00,0.0291
601802,33.430,100269.594,-1.3423,0,,,,,0,-1.00,-1.000,-1.00,0.0291
602002,33.430,100273.953,-1.7122,0,,,,,0,-1.00,-1.000,-1.00,0.0291
602229,33.440,100274.383,-1.7492,0,,,,,0,-1.00,-1.000,-1.00,0.0291
602407,33.430,100270.359,-1.4110,0,,,,,0,-1.00,-1.000,-1.00,0.0291
602612,33.430,100268.563,-1.2577,0,,,,,0,-1.00,-1.000,-1.00,0.0291
602812,33.420,100270.305,-1.4057,0,,,,,0,-1.00,-1.000,-1.00,0.0291
603012,33.420,100272.219,-1.5642,0,,,,,0,-1.00,-1.000,-1.00,0.0291
603229,33.410,100268.094,-1.2207,0,,,,,0,-1.00,-1.000,-1.00,0.0291
603406,33.410,100267.531,-1.1732,0,,,,,0,-1.00,-1.000,-1.00,0.0291
603602,33.420,100267.922,-1.2049,0,,,,,0,-1.00,-1.000,-1.00,0.0291
603802,33.440,100272.531,-1.5906,0,,,,,0,-1.00,-1.000,-1.00,0.0291
604002,33.430,100271.977,-1.5431,0,,,,,0,-1.00,-1.000,-1.00,0.0291
604202,33.430,100271.977,-1.5431,0,,,,,0,-1.00,-1.000,-1.00,0.0291
604410,33.420,100269.688,-1.3528,0,,,,,0,-1.00,-1.000,-1.00,0.0291
604602,33.410,100271.828,-1.5325,0,,,,,0,-1.00,-1.000,-1.00,0.0291
604802,33.410,100268.906,-1.2894,0,,,,,0,-1.00,-1.000,-1.00,0.0291
605002,33.400,100270.031,-1.3793,0,,,,,0,-1.00,-1.000,-1.00,0.0291
605229,33.400,100270.508,-1.4215,0,,,,,0,-1.00,-1.000,-1.00,0.0291
605415,33.390,100268.484,-1.2524,0,,,,,0,-1.00,-1.000,-1.00,0.0291
605612,33.380,100269.406,-1.3317,0,,,,,0,-1.00,-1.000,-1.00,0.0291
605812,33.380,100270.008,-1.3793,0,,,,,0,-1.00,-1.000,-1.00,0.0291
606012,33.380,100268.813,-1.2789,0,,,,,0,-1.00,-1.000,-1.00,0.0291
606229,33.370,100269.977,-1.3793,0,,,,,0,-1.00,-1.000,-1.00,0.0291
606415,33.370,100270.359,-1.4110,0,,,,,0,-1.00,-1.000,-1.00,0.0291
606612,33.370,100270.469,-1.4163,0,,,,,0,-1.00,-1.000,-1.00,0.0291
606812,33.370,100270.641,-1.4321,0,,,,,0,-1.00,-1.000,-1.00,0.0291
607012,33.370,100269.219,-1.3159,0,,,,,0,-1.00,-1.000,-1.00,0.0291
607230,33.360,100269.281,-1.3159,0,,,,,0,-1.00,-1.000,-1.00,0.0291
607407,33.360,100269.031,-1.2947,0,,,,,0,-1.00,-1.000,-1.00,0.0291
607612,33.360,100269.609,-1.3476,0,,,,,0,-1.00,-1.000,-1.00,0.0291
607812,33.350,100267.508,-1.1679,0,,,,,0,-1.00,-1.000,-1.00,0.0291
608012,33.350,100267.586,-1.1732,0,,,,,0,-1.00,-1.000,-1.00,0.0291
608233,33.360,100267.820,-1.1943,0,,,,,0,-1.00,-1.000,-1.00,0.0291
608410,33.360,100268.375,-1.2419,0,,,,,0,-1.00,-1.000,-1.00,0.0291
608612,33.360,100267.281,-1.1520,0,,,,,0,-1.00,-1.000,-1.00,0.0291
608812,33.350,100266.922,-1.1203,0,,,,,0,-1.00,-1.000,-1.00,0.0291
609012,33.350,100267.156,-1.1415,0,,,,,0,-1.00,-1.000,-1.00,0.0291
609229,33.340,100267.164,-1.1415,0,,,,,0,-1.00,-1.000,-1.00,0.0291
609414,33.350,100269.734,-1.3581,0,,,,,0,-1.00,-1.000,-1.00,0.0291
609612,33.350,100269.016,-1.2947,0,,,,,0,-1.00,-1.000,-1.00,0.0291
609812,33.360,100269.969,-1.3793,0,,,,,0,-1.00,-1.000,-1.00,0.0291
610012,33.360,100267.844,-1.1996,0,,,,,0,-1.00,-1.000,-1.00,0.0291
610212,33.360,100270.531,-1.4215,0,,,,,0,-1.00,-1.000,-1.00,0.0291
610411,33.350,100269.063,-1.3000,0,,,,,0,-1.00,-1.000,-1.00,0.0291
610612,33.350,100267.688,-1.1837,0,,,,,0,-1.00,-1.000,-1.00,0.0291
610812,33.350,100270.734,-1.4427,0,,,,,0,-1.00,-1.000,-1.00,0.0291
611012,33.360,100271.961,-1.5431,0,,,,,0,-1.00,-1.000,-1.00,0.0291
611235,33.360,100270.227,-1.3951,0,,,,,0,-1.00,-1.000,-1.00,0.0291
611420,33.370,100269.078,-1.3000,0,,,,,0,-1.00,-1.000,-1.00,0.0291
611602,33.360,100270.047,-1.3846,0,,,,,0,-1.00,-1.000,-1.00,0.0291
611802,33.370,100266.578,-1.0886,0,,,,,0,-1.00,-1.000,-1.00,0.0291
612012,33.370,100273.047,-1.6329,0,,,,,0,-1.00,-1.000,-1.00,0.0291
612231,33.360,100271.359,-1.4955,0,,,,,0,-1.00,-1.000,-1.00,0.0291
612421,33.360,100269.563,-1.3423,0,,,,,0,-1.00,-1.000,-1.00,0.0291
612612,33.360,100268.672,-1.2683,0,,,,,0,-1.00,-1.000,-1.00,0.0291
612812,33.370,100269.219,-1.3159,0,,,,,0,-1.00,-1.000,-1.00,0.0291
613012,33.380,100268.875,-1.2841,0,,,,,0,-1.00,-1.000,-1.00,0.0291
613231,33.380,100270.367,-1.4110,0,,,,,0,-1.00,-1.000,-1.00,0.0291
613439,33.390,100266.313,-1.0675,0,,,,,0,-1.00,-1.000,-1.00,0.0291
613602,33.390,100269.180,-1.3106,0,,,,,0,-1.00,-1.000,-1.00,0.0291
613802,33.400,100267.875,-1.1996,0,,,,,0,-1.00,-1.000,-1.00,0.0291
614002,33.400,100270.266,-1.4004,0,,,,,0,-1.00,-1.000,-1.00,0.0291
614231,33.400,100269.719,-1.3581,0,,,,,0,-1.00,-1.000,-1.00,0.0291
614448,33.400,100268.422,-1.2472,0,,,,,0,-1.00,-1.000,-1.00,0.0291
614612,33.390,100267.406,-1.1626,0,,,,,0,-1.00,-1.000,-1.00,0.0291
614812,33.400,100268.422,-1.2472,0,,,,,0,-1.00,-1.000,-1.00,0.0291
615012,33.380,100268.328,-1.2366,0,,,,,0,-1.00,-1.000,-1.00,0.0291
615229,33.380,100270.063,-1.3846,0,,,,,0,-1.00,-1.000,-1.00,0.0291
615420,33.370,100267.672,-1.1837,0,,,,,0,-1.00,-1.000,-1.00,0.0291
615602,33.360,100268.023,-1.2102,0,,,,,0,-1.00,-1.000,-1.00,0.0291
615802,33.360,100269.797,-1.3634,0,,,,,0,-1.00,-1.000,-1.00,0.0291
616002,33.350,100269.563,-1.3423,0,,,,,0,-1.00,-1.000,-1.00,0.0291
616202,33.360,100267.820,-1.1943,0,,,,,0,-1.00,-1.000,-1.00,0.0291
616414,33.350,100267.891,-1.1996,0,,,,,0,-1.00,-1.000,-1.00,0.0291
616612,33.340,100269.008,-1.2947,0,,,,,0,-1.00,-1.000,-1.00,0.0291
616812,33.350,100269.836,-1.3634,0,,,,,0,-1.00,-1.000,-1.00,0.0291
617012,33.350,100266.258,-1.0622,0,,,,,0,-1.00,-1.000,-1.00,0.0291
617229,33.360,100269.250,-1.3159,0,,,,,0,-1.00,-1.000,-1.00,0.0291
617406,33.350,100268.969,-1.2947,0,,,,,0,-1.00,-1.000,-1.00,0.0291
617602,33.360,100269.453,-1.3317,0,,,,,0,-1.00,-1.000,-1.00,0.0291
617802,33.360,100270.406,-1.4110,0,,,,,0,-1.00,-1.000,-1.00,0.0291
618002,33.360,100268.250,-1.2313,0,,,,,0,-1.00,-1.000,-1.00,0.0291
618233,33.380,100270.906,-1.4533,0,,,,,0,-1.00,-1.000,-1.00,0.0291
618410,33.370,100270.109,-1.3898,0,,,,,0,-1.00,-1.000,-1.00,0.0291
618612,33.350,100265.438,-0.9935,0,,,,,0,-1.00,-1.000,-1.00,0.0291
618812,33.350,100270.555,-1.4268,0,,,,,0,-1.00,-1.000,-1.00,0.0291
619012,33.340,100268.953,-1.2894,0,,,,,0,-1.00,-1.000,-1.00,0.0291
619233,33.330,100271.688,-1.5219,0,,,,,0,-1.00,-1.000,-1.00,0.0291
619410,33.330,100268.508,-1.2524,0,,,,,0,-1.00,-1.000,-1.00,0.0291
619612,33.320,100268.813,-1.2789,0,,,,,0,-1.00,-1.000,-1.00,0.0291
619812,33.320,100270.422,-1.4163,0,,,,,0,-1.00,-1.000,-1.00,0.0291
620012,33.320,100269.453,-1.3317,0,,,,,0,-1.00,-1.000,-1.00,0.0291
620233,33.320,100270.344,-1.4057,0,,,,,0,-1.00,-1.000,-1.00,0.0291
620418,33.300,100268.109,-1.2207,0,,,,,0,-1.00,-1.000,-1.00,0.0291
620602,33.280,100267.195,-1.1415,0,,,,,0,-1.00,-1.000,-1.00,0.0291
620802,33.280,100267.836,-1.1943,0,,,,,0,-1.00,-1.000,-1.00,0.0291
621002,33.270,100269.336,-1.3211,0,,,,,0,-1.00,-1.000,-1.00,0.0291
621229,33.290,100269.758,-1.3581,0,,,,,0,-1.00,-1.000,-1.00,0.0291
621415,33.280,100272.031,-1.5484,0,,,,,0,-1.00,-1.000,-1.00,0.0291
621612,33.280,100269.984,-1.3793,0,,,,,0,-1.00,-1.000,-1.00,0.0291
621812,33.260,100268.078,-1.2154,0,,,,,0,-1.00,-1.000,-1.00,0.0291
622012,33.260,100271.297,-1.4902,0,,,,,0,-1.00,-1.000,-1.00,0.0291
622212,33.260,100270.734,-1.4427,0,,,,,0,-1.00,-1.000,-1.00,0.0291
622410,33.250,100269.828,-1.3634,0,,,,,0,-1.00,-1.000,-1.00,0.0291
622602,33.240,100270.719,-1.4374,0,,,,,0,-1.00,-1.000,-1.00,0.0291
622802,33.240,100269.891,-1.3687,0,,,,,0,-1.00,-1.000,-1.00,0.0291
623002,33.230,100266.867,-1.1150,0,,,,,0,-1.00,-1.000,-1.00,0.0291
623228,33.230,100269.047,-1.3000,0,,,,,0,-1.00,-1.000,-1.00,0.0291
623414,33.230,100267.430,-1.1626,0,,,,,0,-1.00,-1.000,-1.00,0.0291
623612,33.220,100269.445,-1.3317,0,,,,,0,-1.00,-1.000,-1.00,0.0291
623812,33.230,100267.406,-1.1626,0,,,,,0,-1.00,-1.000,-1.00,0.0291
624012,33.220,100266.641,-1.0939,0,,,,,0,-1.00,-1.000,-1.00,0.0291
624233,33.230,100268.125,-1.2207,0,,,,,0,-1.00,-1.000,-1.00,0.0291
624427,33.220,100268.727,-1.2736,0,,,,,0,-1.00,-1.000,-1.00,0.0291
624612,33.220,100271.109,-1.4744,0,,,,,0,-1.00,-1.000,-1.00,0.0291
624812,33.220,100269.211,-1.3106,0,,,,,0,-1.00,-1.000,-1.00,0.0291
625012,33.230,100269.219,-1.3159,0,,,,,0,-1.00,-1.000,-1.00,0.0291
625229,33.230,100269.555,-1.3423,0,,,,,0,-1.00,-1.000,-1.00,0.0291
625429,33.230,100270.984,-1.4638,0,,,,,0,-1.00,-1.000,-1.00,0.0291
625612,33.230,100268.844,-1.2841,0,,,,,0,-1.00,-1.000,-1.00,0.0291
625812,33.240,100272.750,-1.6118,0,,,,,0,-1.00,-1.000,-1.00,0.0291
626012,33.230,100270.586,-1.4268,0,,,,,0,-1.00,-1.000,-1.00,0.0291
626229,33.230,100269.508,-1.3370,0,,,,,0,-1.00,-1.000,-1.00,0.0291
626420,33.230,100269.094,-1.3053,0,,,,,0,-1.00,-1.000,-1.00,0.0291
626602,33.240,100268.641,-1.2630,0,,,,,0,-1.00,-1.000,-1.00,0.0291
626802,33.230,100266.047,-1.0463,0,,,,,0,-1.00,-1.000,-1.00,0.0291
627002,33.240,100270.594,-1.4268,0,,,,,0,-1.00,-1.000,-1.00,0.0291
627228,33.250,100269.859,-1.3687,0,,,,,0,-1.00,-1.000,-1.00,0.0291
627419,33.250,100267.813,-1.1943,0,,,,,0,-1.00,-1.000,-1.00,0.0291
627602,33.260,100269.664,-1.3528,0,,,,,0,-1.00,-1.000,-1.00,0.0291
627802,33.270,100270.813,-1.4480,0,,,,,0,-1.00,-1.000,-1.00,0.0291
628002,33.270,100270.273,-1.4004,0,,,,,0,-1.00,-1.000,-1.00,0.0291
628202,33.270,100269.461,-1.3317,0,,,,,0,-1.00,-1.000,-1.00,0.0291
628414,33.270,100271.656,-1.5167,0,,,,,0,-1.00,-1.000,-1.00,0.0291
628614,33.270,100271.430,-1.5008,0,,,,,0,-1.00,-1.000,-1.00,0.0291
628812,33.270,100269.797,-1.3634,0,,,,,0,-1.00,-1.000,-1.00,0.0291
629012,33.270,100267.289,-1.1520,0,,,,,0,-1.00,-1.000,-1.00,0.0291
629229,33.270,100270.453,-1.4163,0,,,,,0,-1.00,-1.000,-1.00,0.0291
629414,33.270,100269.734,-1.3581,0,,,,,0,-1.00,-1.000,-1.00,0.0291
629612,33.270,100272.203,-1.5642,0,,,,,0,-1.00,-1.000,-1.00,0.0291
629812,33.270,100268.617,-1.2630,0,,,,,0,-1.00,-1.000,-1.00,0.0291
630012,33.280,100272.672,-1.6065,0,,,,,0,-1.00,-1.000,-1.00,0.0291
630229,33.280,100271.953,-1.5431,0,,,,,0,-1.00,-1.000,-1.00,0.0291
630406,33.280,100267.320,-1.1520,0,,,,,0,-1.00,-1.000,-1.00,0.0291
630602,33.290,100267.969,-1.2102,0,,,,,0,-1.00,-1.000,-1.00,0.0291
630802,33.290,100272.938,-1.6276,0,,,,,0,-1.00,-1.000,-1.00,0.0291
631002,33.290,100269.891,-1.3687,0,,,,,0,-1.00,-1.000,-1.00,0.0291
631229,33.290,100269.477,-1.3370,0,,,,,0,-1.00,-1.000,-1.00,0.0291
631406,33.290,100269.836,-1.3634,0,,,,,0,-1.00,-1.000,-1.00,0.0291
631602,33.300,100268.773,-1.2736,0,,,,,0,-1.00,-1.000,-1.00,0.0291
631802,33.300,100268.234,-1.2313,0,,,,,0,-1.00,-1.000,-1.00,0.0291
632002,33.310,100271.594,-1.5114,0,,,,,0,-1.00,-1.000,-1.00,0.0291
632229,33.300,100271.094,-1.4691,0,,,,,0,-1.00,-1.000,-1.00,0.0291
632414,33.310,100269.922,-1.3740,0,,,,,0,-1.00,-1.000,-1.00,0.0291
632612,33.310,100270.102,-1.3898,0,,,,,0,-1.00,-1.000,-1.00,0.0291
632812,33.320,100271.242,-1.4850,0,,,,,0,-1.00,-1.000,-1.00,0.0291
633012,33.320,100267.000,-1.1256,0,,,,,0,-1.00,-1.000,-1.00,0.0291
633229,33.320,100270.961,-1.4585,0,,,,,0,-1.00,-1.000,-1.00,0.0291
633406,33.320,100268.914,-1.2894,0,,,,,0,-1.00,-1.000,-1.00,0.0291
633602,33.310,100270.094,-1.3846,0,,,,,0,-1.00,-1.000,-1.00,0.0291
633802,33.310,100268.008,-1.2102,0,,,,,0,-1.00,-1.000,-1.00,0.0291
634002,33.300,100269.547,-1.3423,0,,,,,0,-1.00,-1.000,-1.00,0.0291
634202,33.320,100268.680,-1.2683,0,,,,,0,-1.00,-1.000,-1.00,0.0291
634411,33.310,100270.875,-1.4533,0,,,,,0,-1.00,-1.000,-1.00,0.0291
634612,33.310,100269.141,-1.3053,0,,,,,0,-1.00,-1.000,-1.00,0.0291
634812,33.310,100269.797,-1.3634,0,,,,,0,-1.00,-1.000,-1.00,0.0291
635012,33.310,100269.797,-1.3634,0,,,,,0,-1.00,-1.000,-1.00,0.0291
635229,33.310,100266.813,-1.1098,0,,,,,0,-1.00,-1.000,-1.00,0.0291
635406,33.310,100270.750,-1.4427,0,,,,,0,-1.00,-1.000,-1.00,0.0291
635612,33.320,100269.578,-1.3423,0,,,,,0,-1.00,-1.000,-1.00,0.0291
635802,33.310,100269.438,-1.3317,0,,,,,0,-1.00,-1.000,-1.00,0.0291
636002,33.310,100269.313,-1.3211,0,,,,,0,-1.00,-1.000,-1.00,0.0291
636229,33.310,100269.625,-1.3476,0,,,,,0,-1.00,-1.000,-1.00,0.0291
636406,33.310,100271.953,-1.5431,0,,,,,0,-1.00,-1.000,-1.00,0.0291
636612,33.290,100272.398,-1.5801,0,,,,,0,-1.00,-1.000,-1.00,0.0291
636812,33.290,100271.813,-1.5325,0,,,,,0,-1.00,-1.000,-1.00,0.0291
637012,33.290,100271.266,-1.4850,0,,,,,0,-1.00,-1.000,-1.00,0.0291
637229,33.290,100268.047,-1.2154,0,,,,,0,-1.00,-1.000,-1.00,0.0291
637406,33.300,100268.875,-1.2841,0,,,,,0,-1.00,-1.000,-1.00,0.0291
637612,33.300,100268.953,-1.2894,0,,,,,0,-1.00,-1.000,-1.00,0.0291
637812,33.300,100267.938,-1.2049,0,,,,,0,-1.00,-1.000,-1.00,0.0291
638012,33.310,100269.203,-1.3106,0,,,,,0,-1.00,-1.000,-1.00,0.0291
638228,33.320,100269.938,-1.3740,0,,,,,0,-1.00,-1.000,-1.00,0.0291
638406,33.320,100268.281,-1.2366,0,,,,,0,-1.00,-1.000,-1.00,0.0291
638602,33.320,100269.266,-1.3159,0,,,,,0,-1.00,-1.000,-1.00,0.0291
638802,33.320,100268.500,-1.2524,0,,,,,0,-1.00,-1.000,-1.00,0.0291
639002,33.330,100266.898,-1.1203,0,,,,,0,-1.00,-1.000,-1.00,0.0291
639229,33.330,100267.211,-1.1467,0,,,,,0,-1.00,-1.000,-1.00,0.0291
639406,33.340,100269.766,-1.3581,0,,,,,0,-1.00,-1.000,-1.00,0.0291
639612,33.330,100267.750,-1.1890,0,,,,,0,-1.00,-1.000,-1.00,0.0291
639812,33.340,100265.531,-1.0041,0,,,,,0,-1.00,-1.000,-1.00,0.0291
640012,33.350,100271.750,-1.5272,0,,,,,0,-1.00,-1.000,-1.00,0.0291
640212,33.340,100266.266,-1.0675,0,,,,,0,-1.00,-1.000,-1.00,0.0291
640404,33.360,100267.820,-1.1943,0,,,,,0,-1.00,-1.000,-1.00,0.0291
640612,33.360,100269.453,-1.3317,0,,,,,0,-1.00,-1.000,-1.00,0.0291
640812,33.360,100268.563,-1.2577,0,,,,,0,-1.00,-1.000,-1.00,0.0291
641012,33.370,100268.008,-1.2102,0,,,,,0,-1.00,-1.000,-1.00,0.0291
641235,33.370,100268.930,-1.2894,0,,,,,0,-1.00,-1.000,-1.00,0.0291
641442,33.370,100266.297,-1.0675,0,,,,,0,-1.00,-1.000,-1.00,0.0291
641612,33.380,100268.344,-1.2419,0,,,,,0,-1.00,-1.000,-1.00,0.0291
641812,33.380,100269.578,-1.3423,0,,,,,0,-1.00,-1.000,-1.00,0.0291
642012,33.380,100264.688,-0.9301,0,,,,,0,-1.00,-1.000,-1.00,0.0291
642230,33.380,100267.609,-1.1785,0,,,,,0,-1.00,-1.000,-1.00,0.0291
642430,33.380,100267.078,-1.1309,0,,,,,0,-1.00,-1.000,-1.00,0.0291
642612,33.380,100268.156,-1.2260,0,,,,,0,-1.00,-1.000,-1.00,0.0291
642812,33.380,100265.352,-0.9882,0,,,,,0,-1.00,-1.000,-1.00,0.0291
643012,33.380,100266.719,-1.1045,0,,,,,0,-1.00,-1.000,-1.00,0.0291
643232,33.380,100267.438,-1.1626,0,,,,,0,-1.00,-1.000,-1.00,0.0291
643418,33.380,100269.469,-1.3370,0,,,,,0,-1.00,-1.000,-1.00,0.0291
643602,33.370,100267.141,-1.1362,0,,,,,0,-1.00,-1.000,-1.00,0.0291
643802,33.370,100267.852,-1.1996,0,,,,,0,-1.00,-1.000,-1.00,0.0291
644002,33.370,100268.984,-1.2947,0,,,,,0,-1.00,-1.000,-1.00,0.0291
644229,33.380,100267.859,-1.1996,0,,,,,0,-1.00,-1.000,-1.00,0.0291
644414,33.380,100267.094,-1.1362,0,,,,,0,-1.00,-1.000,-1.00,0.0291
644612,33.370,100268.625,-1.2630,0,,,,,0,-1.00,-1.000,-1.00,0.0291
644812,33.370,100266.594,-1.0939,0,,,,,0,-1.00,-1.000,-1.00,0.0291
645012,33.370,100267.547,-1.1732,0,,,,,0,-1.00,-1.000,-1.00,0.0291
645228,33.370,100268.188,-1.2260,0,,,,,0,-1.00,-1.000,-1.00,0.0291
645405,33.370,100265.680,-1.0146,0,,,,,0,-1.00,-1.000,-1.00,0.0291
645602,33.360,100266.703,-1.1045,0,,,,,0,-1.00,-1.000,-1.00,0.0291
645802,33.360,100265.031,-0.9618,0,,,,,0,-1.00,-1.000,-1.00,0.0291
646002,33.350,100264.359,-0.9037,0,,,,,0,-1.00,-1.000,-1.00,0.0291
646202,33.360,100265.141,-0.9724,0,,,,,0,-1.00,-1.000,-1.00,0.0291
646404,33.360,100269.797,-1.3634,0,,,,,0,-1.00,-1.000,-1.00,0.0291
646602,33.350,100268.844,-1.2841,0,,,,,0,-1.00,-1.000,-1.00,0.0291
646802,33.350,100263.875,-0.8614,0,,,,,0,-1.00,-1.000,-1.00,0.0291
647002,33.350,100267.453,-1.1626,0,,,,,0,-1.00,-1.000,-1.00,0.0291
647229,33.360,100268.180,-1.2260,0,,,,,0,-1.00,-1.000,-1.00,0.0291
647407,33.340,100265.789,-1.0252,0,,,,,0,-1.00,-1.000,-1.00,0.0291
647612,33.350,100270.094,-1.3846,0,,,,,0,-1.00,-1.000,-1.00,0.0291
647812,33.350,100266.078,-1.0463,0,,,,,0,-1.00,-1.000,-1.00,0.0291
648012,33.350,100265.359,-0.9882,0,,,,,0,-1.00,-1.000,-1.00,0.0291
648229,33.350,100264.227,-0.8931,0,,,,,0,-1.00,-1.000,-1.00,0.0291
648406,33.350,100267.531,-1.1732,0,,,,,0,-1.00,-1.000,-1.00,0.0291
648602,33.350,100267.156,-1.1415,0,,,,,0,-1.00,-1.000,-1.00,0.0291
648802,33.350,100269.063,-1.3000,0,,,,,0,-1.00,-1.000,-1.00,0.0291
649002,33.340,100266.727,-1.1045,0,,,,,0,-1.00,-1.000,-1.00,0.0291
649229,33.340,100265.656,-1.0146,0,,,,,0,-1.00,-1.000,-1.00,0.0291
649415,33.340,100265.531,-1.0041,0,,,,,0,-1.00,-1.000,-1.00,0.0291
649612,33.340,100268.578,-1.2577,0,,,,,0,-1.00,-1.000,-1.00,0.0291
649812,33.340,100268.234,-1.2313,0,,,,,0,-1.00,-1.000,-1.00,0.0291
650012,33.340,100267.344,-1.1573,0,,,,,0,-1.00,-1.000,-1.00,0.0291
650229,33.340,100266.188,-1.0569,0,,,,,0,-1.00,-1.000,-1.00,0.0291
650423,33.340,100268.516,-1.2524,0,,,,,0,-1.00,-1.000,-1.00,0.0291
650602,33.340,100266.547,-1.0886,0,,,,,0,-1.00,-1.000,-1.00,0.0291
650802,33.330,100266.672,-1.0992,0,,,,,0,-1.00,-1.000,-1.00,0.0291
651002,33.340,100266.688,-1.0992,0,,,,,0,-1.00,-1.000,-1.00,0.0291
651228,33.330,100265.781,-1.0252,0,,,,,0,-1.00,-1.000,-1.00,0.0291
651419,33.330,100266.109,-1.0516,0,,,,,0,-1.00,-1.000,-1.00,0.0291
651602,33.330,100269.516,-1.3370,0,,,,,0,-1.00,-1.000,-1.00,0.0291
651802,33.320,100266.641,-1.0939,0,,,,,0,-1.00,-1.000,-1.00,0.0291
652002,33.320,100264.141,-0.8878,0,,,,,0,-1.00,-1.000,-1.00,0.0291
652202,33.330,100268.742,-1.2736,0,,,,,0,-1.00,-1.000,-1.00,0.0291
652410,33.330,100267.609,-1.1785,0,,,,,0,-1.00,-1.000,-1.00,0.0291
652602,33.320,100267.375,-1.1573,0,,,,,0,-1.00,-1.000,-1.00,0.0291
652802,33.330,100267.609,-1.1785,0,,,,,0,-1.00,-1.000,-1.00,0.0291
653002,33.330,100270.297,-1.4057,0,,,,,0,-1.00,-1.000,-1.00,0.0291
653233,33.330,100268.281,-1.2366,0,,,,,0,-1.00,-1.000,-1.00,0.0291
653441,33.340,100266.984,-1.1256,0,,,,,0,-1.00,-1.000,-1.00,0.0291
653602,33.340,100264.453,-0.9142,0,,,,,0,-1.00,-1.000,-1.00,0.0291
653802,33.340,100264.406,-0.9089,0,,,,,0,-1.00,-1.000,-1.00,0.0291
654002,33.350,100266.969,-1.1256,0,,,,,0,-1.00,-1.000,-1.00,0.0291
654232,33.350,100266.328,-1.0675,0,,,,,0,-1.00,-1.000,-1.00,0.0291
654409,33.360,100268.250,-1.2313,0,,,,,0,-1.00,-1.000,-1.00,0.0291
654612,33.360,100267.781,-1.1943,0,,,,,0,-1.00,-1.000,-1.00,0.0291
654812,33.360,100268.484,-1.2524,0,,,,,0,-1.00,-1.000,-1.00,0.0291
655012,33.360,100267.234,-1.1467,0,,,,,0,-1.00,-1.000,-1.00,0.0291
655228,33.360,100265.211,-0.9776,0,,,,,0,-1.00,-1.000,-1.00,0.0291
655405,33.370,100263.891,-0.8667,0,,,,,0,-1.00,-1.000,-1.00,0.0291
655602,33.370,100262.406,-0.7398,0,,,,,0,-1.00,-1.000,-1.00,0.0291
655802,33.380,100265.531,-1.0041,0,,,,,0,-1.00,-1.000,-1.00,0.0291
656002,33.380,100267.625,-1.1785,0,,,,,0,-1.00,-1.000,-1.00,0.0291
656227,33.380,100265.891,-1.0358,0,,,,,0,-1.00,-1.000,-1.00,0.0291
656415,33.380,100266.539,-1.0886,0,,,,,0,-1.00,-1.000,-1.00,0.0291
656612,33.380,100266.305,-1.0675,0,,,,,0,-1.00,-1.000,-1.00,0.0291
656812,33.380,100267.688,-1.1837,0,,,,,0,-1.00,-1.000,-1.00,0.0291
657012,33.380,100269.883,-1.3687,0,,,,,0,-1.00,-1.000,-1.00,0.0291
657228,33.380,100266.250,-1.0622,0,,,,,0,-1.00,-1.000,-1.00,0.0291
657414,33.390,100268.945,-1.2894,0,,,,,0,-1.00,-1.000,-1.00,0.0291
657612,33.380,100268.281,-1.2366,0,,,,,0,-1.00,-1.000,-1.00,0.0291
657812,33.380,100267.250,-1.1467,0,,,,,0,-1.00,-1.000,-1.00,0.0291
658012,33.380,100266.359,-1.0728,0,,,,,0,-1.00,-1.000,-1.00,0.0291
658212,33.380,100267.500,-1.1679,0,,,,,0,-1.00,-1.000,-1.00,0.0291
658413,33.370,100270.109,-1.3898,0,,,,,0,-1.00,-1.000,-1.00,0.0291
658602,33.360,100267.719,-1.1890,0,,,,,0,-1.00,-1.000,-1.00,0.0291
658802,33.360,100266.922,-1.1203,0,,,,,0,-1.00,-1.000,-1.00,0.0291
659002,33.350,100267.711,-1.1890,0,,,,,0,-1.00,-1.000,-1.00,0.0291
659229,33.340,100267.984,-1.2102,0,,,,,0,-1.00,-1.000,-1.00,0.0291
659407,33.330,100268.078,-1.2154,0,,,,,0,-1.00,-1.000,-1.00,0.0291
659602,33.330,100271.016,-1.4638,0,,,,,0,-1.00,-1.000,-1.00,0.0291
659802,33.320,100267.023,-1.1309,0,,,,,0,-1.00,-1.000,-1.00,0.0291
660002,33.330,100268.383,-1.2419,0,,,,,0,-1.00,-1.000,-1.00,0.0291
660232,33.330,100267.797,-1.1943,0,,,,,0,-1.00,-1.000,-1.00,0.0291
660409,33.330,100268.328,-1.2366,0,,,,,0,-1.00,-1.000,-1.00,0.0291
660612,33.320,100266.586,-1.0939,0,,,,,0,-1.00,-1.000,-1.00,0.0291
660812,33.320,100268.789,-1.2789,0,,,,,0,-1.00,-1.000,-1.00,0.0291
661012,33.320,100266.281,-1.0675,0,,,,,0,-1.00,-1.000,-1.00,0.0291
661231,33.320,100268.250,-1.2313,0,,,,,0,-1.00,-1.000,-1.00,0.0291
661422,33.320,100267.719,-1.1890,0,,,,,0,-1.00,-1.000,-1.00,0.0291
661612,33.320,100270.523,-1.4215,0,,,,,0,-1.00,-1.000,-1.00,0.0291
661812,33.320,100265.453,-0.9988,0,,,,,0,-1.00,-1.000,-1.00,0.0291
662012,33.310,100270.102,-1.3898,0,,,,,0,-1.00,-1.000,-1.00,0.0291
662232,33.300,100269.000,-1.2947,0,,,,,0,-1.00,-1.000,-1.00,0.0291
662426,33.310,100267.953,-1.2049,0,,,,,0,-1.00,-1.000,-1.00,0.0291
662602,33.300,100268.289,-1.2366,0,,,,,0,-1.00,-1.000,-1.00,0.0291
662802,33.310,100271.516,-1.5061,0,,,,,0,-1.00,-1.000,-1.00,0.0291
663002,33.310,100265.984,-1.0411,0,,,,,0,-1.00,-1.000,-1.00,0.0291
663229,33.310,100271.234,-1.4850,0,,,,,0,-1.00,-1.000,-1.00,0.0291
663423,33.300,100268.594,-1.2630,0,,,,,0,-1.00,-1.000,-1.00,0.0291
663602,33.300,100264.531,-0.9195,0,,,,,0,-1.00,-1.000,-1.00,0.0291
663802,33.310,100269.078,-1.3000,0,,,,,0,-1.00,-1.000,-1.00,0.0291
664002,33.300,100267.219,-1.1467,0,,,,,0,-1.00,-1.000,-1.00,0.0291
664202,33.310,100270.820,-1.4480,0,,,,,0,-1.00,-1.000,-1.00,0.0291
664404,33.310,100268.008,-1.2102,0,,,,,0,-1.00,-1.000,-1.00,0.0291
664612,33.300,100265.242,-0.9776,0,,,,,0,-1.00,-1.000,-1.00,0.0291
664812,33.300,100267.578,-1.1732,0,,,,,0,-1.00,-1.000,-1.00,0.0291
665012,33.310,100267.594,-1.1785,0,,,,,0,-1.00,-1.000,-1.00,0.0291
665232,33.310,100266.750,-1.1045,0,,,,,0,-1.00,-1.000,-1.00,0.0291
665426,33.310,100267.531,-1.1732,0,,,,,0,-1.00,-1.000,-1.00,0.0291
665612,33.310,100268.961,-1.2947,0,,,,,0,-1.00,-1.000,-1.00,0.0291
665812,33.310,100266.219,-1.0622,0,,,,,0,-1.00,-1.000,-1.00,0.0291
666012,33.310,100270.453,-1.4163,0,,,,,0,-1.00,-1.000,-1.00,0.0291
666230,33.310,100270.102,-1.3898,0,,,,,0,-1.00,-1.000,-1.00,0.0291
666424,33.310,100269.438,-1.3317,0,,,,,0,-1.00,-1.000,-1.00,0.0291
666602,33.300,100270.617,-1.4321,0,,,,,0,-1.00,-1.000,-1.00,0.0291
666802,33.300,100269.766,-1.3581,0,,,,,0,-1.00,-1.000,-1.00,0.0291
667002,33.300,100264.398,-0.9089,0,,,,,0,-1.00,-1.000,-1.00,0.0291
667229,33.290,100268.406,-1.2472,0,,,,,0,-1.00,-1.000,-1.00,0.0291
667423,33.290,100266.078,-1.0463,0,,,,,0,-1.00,-1.000,-1.00,0.0291
667602,33.300,100267.281,-1.1520,0,,,,,0,-1.00,-1.000,-1.00,0.0291
667802,33.300,100268.594,-1.2630,0,,,,,0,-1.00,-1.000,-1.00,0.0291
668002,33.290,100264.586,-0.9248,0,,,,,0,-1.00,-1.000,-1.00,0.0291
668229,33.280,100267.500,-1.1679,0,,,,,0,-1.00,-1.000,-1.00,0.0291
668406,33.280,100267.734,-1.1890,0,,,,,0,-1.00,-1.000,-1.00,0.0291
668602,33.280,100269.930,-1.3740,0,,,,,0,-1.00,-1.000,-1.00,0.0291
668802,33.280,100269.086,-1.3000,0,,,,,0,-1.00,-1.000,-1.00,0.0291
669002,33.260,100265.742,-1.0199,0,,,,,0,-1.00,-1.000,-1.00,0.0291
669229,33.260,100265.563,-1.0041,0,,,,,0,-1.00,-1.000,-1.00,0.0291
669407,33.270,100264.961,-0.9565,0,,,,,0,-1.00,-1.000,-1.00,0.0291
669602,33.260,100265.359,-0.9882,0,,,,,0,-1.00,-1.000,-1.00,0.0291
669802,33.260,100265.742,-1.0199,0,,,,,0,-1.00,-1.000,-1.00,0.0291
670002,33.270,100267.289,-1.1520,0,,,,,0,-1.00,-1.000,-1.00,0.0291
670202,33.270,100266.750,-1.1045,0,,,,,0,-1.00,-1.000,-1.00,0.0291
670417,33.270,100268.031,-1.2154,0,,,,,0,-1.00,-1.000,-1.00,0.0291
670612,33.280,100266.344,-1.0728,0,,,,,0,-1.00,-1.000,-1.00,0.0291
670812,33.280,100265.813,-1.0252,0,,,,,0,-1.00,-1.000,-1.00,0.0291
671012,33.280,100266.297,-1.0675,0,,,,,0,-1.00,-1.000,-1.00,0.0291
671228,33.290,100266.172,-1.0569,0,,,,,0,-1.00,-1.000,-1.00,0.0291
671405,33.280,100266.836,-1.1150,0,,,,,0,-1.00,-1.000,-1.00,0.0291
671602,33.280,100268.750,-1.2736,0,,,,,0,-1.00,-1.000,-1.00,0.0291
671802,33.270,100263.891,-0.8667,0,,,,,0,-1.00,-1.000,-1.00,0.0291
672002,33.270,100267.125,-1.1362,0,,,,,0,-1.00,-1.000,-1.00,0.0291
672228,33.270,100265.875,-1.0305,0,,,,,0,-1.00,-1.000,-1.00,0.0291
672406,33.270,100266.695,-1.0992,0,,,,,0,-1.00,-1.000,-1.00,0.0291
672602,33.260,100264.141,-0.8878,0,,,,,0,-1.00,-1.000,-1.00,0.0291
672802,33.260,100266.969,-1.1256,0,,,,,0,-1.00,-1.000,-1.00,0.0291
673002,33.260,100265.258,-0.9829,0,,,,,0,-1.00,-1.000,-1.00,0.0291
673228,33.260,100268.406,-1.2472,0,,,,,0,-1.00,-1.000,-1.00,0.0291
673414,33.250,100265.891,-1.0358,0,,,,,0,-1.00,-1.000,-1.00,0.0291
673612,33.260,100264.719,-0.9354,0,,,,,0,-1.00,-1.000,-1.00,0.0291
673812,33.250,100265.961,-1.0411,0,,,,,0,-1.00,-1.000,-1.00,0.0291
674012,33.240,100265.406,-0.9935,0,,,,,0,-1.00,-1.000,-1.00,0.0291
674228,33.250,100268.750,-1.2736,0,,,,,0,-1.00,-1.000,-1.00,0.0291
674406,33.250,100268.961,-1.2947,0,,,,,0,-1.00,-1.000,-1.00,0.0291
674602,33.240,100265.344,-0.9882,0,,,,,0,-1.00,-1.000,-1.00,0.0291
674802,33.250,100266.141,-1.0569,0,,,,,0,-1.00,-1.000,-1.00,0.0291
675002,33.240,100267.266,-1.1520,0,,,,,0,-1.00,-1.000,-1.00,0.0291
675230,33.230,100261.039,-0.6236,0,,,,,0,-1.00,-1.000,-1.00,0.0291
675407,33.240,100267.672,-1.1837,0,,,,,0,-1.00,-1.000,-1.00,0.0291
675602,33.240,100263.445,-0.8297,0,,,,,0,-1.00,-1.000,-1.00,0.0291
675802,33.240,100266.063,-1.0463,0,,,,,0,-1.00,-1.000,-1.00,0.0291
676002,33.230,100264.141,-0.8878,0,,,,,0,-1.00,-1.000,-1.00,0.0291
676202,33.230,100266.289,-1.0675,0,,,,,0,-1.00,-1.000,-1.00,0.0291
676410,33.230,100264.797,-0.9406,0,,,,,0,-1.00,-1.000,-1.00,0.0291
676612,33.230,100264.852,-0.9459,0,,,,,0,-1.00,-1.000,-1.00,0.0291
676812,33.230,100266.469,-1.0833,0,,,,,0,-1.00,-1.000,-1.00,0.0291
677012,33.230,100266.047,-1.0463,0,,,,,0,-1.00,-1.000,-1.00,0.0291
677229,33.220,100266.641,-1.0939,0,,,,,0,-1.00,-1.000,-1.00,0.0291
677414,33.220,100264.172,-0.8878,0,,,,,0,-1.00,-1.000,-1.00,0.0291
677612,33.220,100262.586,-0.7557,0,,,,,0,-1.00,-1.000,-1.00,0.0291
677812,33.220,100266.891,-1.1150,0,,,,,0,-1.00,-1.000,-1.00,0.0291
678012,33.210,100265.906,-1.0358,0,,,,,0,-1.00,-1.000,-1.00,0.0291
678228,33.210,100265.734,-1.0199,0,,,,,0,-1.00,-1.000,-1.00,0.0291
678405,33.230,100266.867,-1.1150,0,,,,,0,-1.00,-1.000,-1.00,0.0291
678602,33.230,100266.711,-1.1045,0,,,,,0,-1.00,-1.000,-1.00,0.0291
678802,33.230,100267.898,-1.2049,0,,,,,0,-1.00,-1.000,-1.00,0.0291
679002,33.230,100266.328,-1.0675,0,,,,,0,-1.00,-1.000,-1.00,0.0291
679229,33.230,100267.227,-1.1467,0,,,,,0,-1.00,-1.000,-1.00,0.0291
679415,33.220,100266.891,-1.1150,0,,,,,0,-1.00,-1.000,-1.00,0.0291
679612,33.220,100266.992,-1.1256,0,,,,,0,-1.00,-1.000,-1.00,0.0291
679812,33.210,100267.344,-1.1573,0,,,,,0,-1.00,-1.000,-1.00,0.0291
680012,33.210,100263.219,-0.8085,0,,,,,0,-1.00,-1.000,-1.00,0.0291
680229,33.220,100268.313,-1.2366,0,,,,,0,-1.00,-1.000,-1.00,0.0291
680406,33.220,100264.734,-0.9354,0,,,,,0,-1.00,-1.000,-1.00,0.0291
680602,33.220,100264.672,-0.9301,0,,,,,0,-1.00,-1.000,-1.00,0.0291
680802,33.220,100266.172,-1.0569,0,,,,,0,-1.00,-1.000,-1.00,0.0291
681002,33.220,100266.531,-1.0886,0,,,,,0,-1.00,-1.000,-1.00,0.0291
681229,33.210,100263.047,-0.7927,0,,,,,0,-1.00,-1.000,-1.00,0.0291
681414,33.210,100263.344,-0.8191,0,,,,,0,-1.00,-1.000,-1.00,0.0291
681612,33.210,100263.141,-0.8033,0,,,,,0,-1.00,-1.000,-1.00,0.0291
681812,33.210,100265.672,-1.0146,0,,,,,0,-1.00,-1.000,-1.00,0.0291
682012,33.200,100261.961,-0.7028,0,,,,,0,-1.00,-1.000,-1.00,0.0291
682212,33.200,100267.250,-1.1467,0,,,,,0,-1.00,-1.000,-1.00,0.0291
682414,33.200,100265.766,-1.0252,0,,,,,0,-1.00,-1.000,-1.00,0.0291
682612,33.190,100262.492,-0.7451,0,,,,,0,-1.00,-1.000,-1.00,0.0291
682812,33.200,100265.820,-1.0252,0,,,,,0,-1.00,-1.000,-1.00,0.0291
683012,33.190,100264.813,-0.9406,0,,,,,0,-1.00,-1.000,-1.00,0.0291
683229,33.190,100266.047,-1.0463,0,,,,,0,-1.00,-1.000,-1.00,0.0291
683423,33.190,100265.281,-0.9829,0,,,,,0,-1.00,-1.000,-1.00,0.0291
683602,33.180,100264.016,-0.8772,0,,,,,0,-1.00,-1.000,-1.00,0.0291
683802,33.180,100263.555,-0.8350,0,,,,,0,-1.00,-1.000,-1.00,0.0291
684002,33.190,100264.500,-0.9142,0,,,,,0,-1.00,-1.000,-1.00,0.0291
684229,33.190,100264.438,-0.9089,0,,,,,0,-1.00,-1.000,-1.00,0.0291
684415,33.180,100265.523,-1.0041,0,,,,,0,-1.00,-1.000,-1.00,0.0291
684612,33.190,100263.609,-0.8402,0,,,,,0,-1.00,-1.000,-1.00,0.0291
684812,33.170,100263.164,-0.8033,0,,,,,0,-1.00,-1.000,-1.00,0.0291
685012,33.170,100267.453,-1.1626,0,,,,,0,-1.00,-1.000,-1.00,0.0291
685229,33.160,100262.742,-0.7663,0,,,,,0,-1.00,-1.000,-1.00,0.0291
685423,33.160,100266.117,-1.0516,0,,,,,0,-1.00,-1.000,-1.00,0.0291
685602,33.150,100264.758,-0.9406,0,,,,,0,-1.00,-1.000,-1.00,0.0291
685802,33.150,100264.453,-0.9142,0,,,,,0,-1.00,-1.000,-1.00,0.0291
686002,33.140,100264.563,-0.9195,0,,,,,0,-1.00,-1.000,-1.00,0.0291
686229,33.140,100265.797,-1.0252,0,,,,,0,-1.00,-1.000,-1.00,0.0291
686415,33.130,100265.148,-0.9724,0,,,,,0,-1.00,-1.000,-1.00,0.0291
686612,33.140,100266.359,-1.0728,0,,,,,0,-1.00,-1.000,-1.00,0.0291
686812,33.150,100266.359,-1.0728,0,,,,,0,-1.00,-1.000,-1.00,0.0291
687012,33.150,100263.500,-0.8350,0,,,,,0,-1.00,-1.000,-1.00,0.0291
687229,33.150,100266.008,-1.0411,0,,,,,0,-1.00,-1.000,-1.00,0.0291
687414,33.160,100267.016,-1.1309,0,,,,,0,-1.00,-1.000,-1.00,0.0291
687602,33.160,100265.766,-1.0252,0,,,,,0,-1.00,-1.000,-1.00,0.0291
687802,33.160,100266.320,-1.0675,0,,,,,0,-1.00,-1.000,-1.00,0.0291
688002,33.150,100266.547,-1.0886,0,,,,,0,-1.00,-1.000,-1.00,0.0291
688202,33.140,100264.563,-0.9195,0,,,,,0,-1.00,-1.000,-1.00,0.0291
688403,33.150,100267.438,-1.1626,0,,,,,0,-1.00,-1.000,-1.00,0.0291
688602,33.140,100266.172,-1.0569,0,,,,,0,-1.00,-1.000,-1.00,0.0291
688802,33.130,100266.141,-1.0569,0,,,,,0,-1.00,-1.000,-1.00,0.0291
689002,33.120,100262.992,-0.7874,0,,,,,0,-1.00,-1.000,-1.00,0.0291
689229,33.130,100264.711,-0.9354,0,,,,,0,-1.00,-1.000,-1.00,0.0291
689415,33.130,100265.859,-1.0305,0,,,,,0,-1.00,-1.000,-1.00,0.0291
689612,33.130,100263.891,-0.8667,0,,,,,0,-1.00,-1.000,-1.00,0.0291
689812,33.120,100264.578,-0.9248,0,,,,,0,-1.00,-1.000,-1.00,0.0291
690012,33.130,100265.906,-1.0358,0,,,,,0,-1.00,-1.000,-1.00,0.0291
690228,33.120,100264.422,-0.9089,0,,,,,0,-1.00,-1.000,-1.00,0.0291
690414,33.120,100264.289,-0.8984,0,,,,,0,-1.00,-1.000,-1.00,0.0291
690612,33.110,100263.742,-0.8508,0,,,,,0,-1.00,-1.000,-1.00,0.0291
690812,33.110,100261.953,-0.7028,0,,,,,0,-1.00,-1.000,-1.00,0.0291
691012,33.120,100264.883,-0.9459,0,,,,,0,-1.00,-1.000,-1.00,0.0291
691228,33.130,100262.945,-0.7874,0,,,,,0,-1.00,-1.000,-1.00,0.0291
691406,33.140,100264.672,-0.9301,0,,,,,0,-1.00,-1.000,-1.00,0.0291
691612,33.140,100264.977,-0.9565,0,,,,,0,-1.00,-1.000,-1.00,0.0291
691812,33.140,100261.883,-0.6976,0,,,,,0,-1.00,-1.000,-1.00,0.0291
692012,33.140,100264.563,-0.9195,0,,,,,0,-1.00,-1.000,-1.00,0.0291
692231,33.160,100266.117,-1.0516,0,,,,,0,-1.00,-1.000,-1.00,0.0291
692408,33.150,100264.453,-0.9142,0,,,,,0,-1.00,-1.000,-1.00,0.0291
692602,33.150,100266.672,-1.0992,0,,,,,0,-1.00,-1.000,-1.00,0.0291
692802,33.130,100264.000,-0.8720,0,,,,,0,-1.00,-1.000,-1.00,0.0291
693002,33.110,100263.156,-0.8033,0,,,,,0,-1.00,-1.000,-1.00,0.0291
693231,33.110,100261.289,-0.6447,0,,,,,0,-1.00,-1.000,-1.00,0.0291
693417,33.110,100264.453,-0.9142,0,,,,,0,-1.00,-1.000,-1.00,0.0291
693612,33.100,100261.406,-0.6553,0,,,,,0,-1.00,-1.000,-1.00,0.0291
693812,33.100,100264.805,-0.9406,0,,,,,0,-1.00,-1.000,-1.00,0.0291
694012,33.100,100264.141,-0.8878,0,,,,,0,-1.00,-1.000,-1.00,0.0291
694212,33.090,100261.922,-0.6976,0,,,,,0,-1.00,-1.000,-1.00,0.0291
694419,33.090,100263.531,-0.8350,0,,,,,0,-1.00,-1.000,-1.00,0.0291
694602,33.090,100267.289,-1.1520,0,,,,,0,-1.00,-1.000,-1.00,0.0291
694802,33.080,100263.922,-0.8667,0,,,,,0,-1.00,-1.000,-1.00,0.0291
695002,33.060,100264.461,-0.9142,0,,,,,0,-1.00,-1.000,-1.00,0.0291
695229,33.040,100262.469,-0.7451,0,,,,,0,-1.00,-1.000,-1.00,0.0291
695407,33.040,100263.906,-0.8667,0,,,,,0,-1.00,-1.000,-1.00,0.0291
695612,33.040,100264.672,-0.9301,0,,,,,0,-1.00,-1.000,-1.00,0.0291
695812,33.040,100262.242,-0.7240,0,,,,,0,-1.00,-1.000,-1.00,0.0291
696012,33.030,100263.180,-0.8033,0,,,,,0,-1.00,-1.000,-1.00,0.0291
696228,33.020,100264.781,-0.9406,0,,,,,0,-1.00,-1.000,-1.00,0.0291
696406,33.000,100262.711,-0.7663,0,,,,,0,-1.00,-1.000,-1.00,0.0291
696602,32.980,100264.875,-0.9459,0,,,,,0,-1.00,-1.000,-1.00,0.0291
696802,32.960,100267.609,-1.1785,0,,,,,0,-1.00,-1.000,-1.00,0.0291
697002,32.960,100263.547,-0.8350,0,,,,,0,-1.00,-1.000,-1.00,0.0291
697228,32.970,100265.477,-0.9988,0,,,,,0,-1.00,-1.000,-1.00,0.0291
697405,32.980,100262.797,-0.7715,0,,,,,0,-1.00,-1.000,-1.00,0.0291
697612,32.990,100264.313,-0.9037,0,,,,,0,-1.00,-1.000,-1.00,0.0291
697812,32.980,100263.391,-0.8244,0,,,,,0,-1.00,-1.000,-1.00,0.0291
698012,32.990,100267.000,-1.1256,0,,,,,0,-1.00,-1.000,-1.00,0.0291
698227,32.990,100268.359,-1.2419,0,,,,,0,-1.00,-1.000,-1.00,0.0291
698405,32.990,100266.695,-1.0992,0,,,,,0,-1.00,-1.000,-1.00,0.0291
698602,32.990,100265.266,-0.9829,0,,,,,0,-1.00,-1.000,-1.00,0.0291
698802,32.980,100263.578,-0.8402,0,,,,,0,-1.00,-1.000,-1.00,0.0291
699002,32.980,100264.539,-0.9195,0,,,,,0,-1.00,-1.000,-1.00,0.0291
699228,32.980,100266.023,-1.0463,0,,,,,0,-1.00,-1.000,-1.00,0.0291
699405,32.980,100264.234,-0.8931,0,,,,,0,-1.00,-1.000,-1.00,0.0291
699602,32.980,100266.563,-1.0886,0,,,,,0,-1.00,-1.000,-1.00,0.0291
699802,32.990,100265.563,-1.0041,0,,,,,0,-1.00,-1.000,-1.00,0.0291
700002,32.990,100264.375,-0.9037,0,,,,,0,-1.00,-1.000,-1.00,0.0291
700202,33.000,100264.734,-0.9354,0,,,,,0,-1.00,-1.000,-1.00,0.0291
700414,32.990,100263.117,-0.7980,0,,,,,0,-1.00,-1.000,-1.00,0.0291
700602,32.990,100265.563,-1.0041,0,,,,,0,-1.00,-1.000,-1.00,0.0291
700802,32.990,100264.781,-0.9406,0,,,,,0,-1.00,-1.000,-1.00,0.0291
701002,32.990,100263.344,-0.8191,0,,,,,0,-1.00,-1.000,-1.00,0.0291
701233,33.010,100264.328,-0.9037,0,,,,,0,-1.00,-1.000,-1.00,0.0291
701410,33.010,100265.719,-1.0199,0,,,,,0,-1.00,-1.000,-1.00,0.0291
701612,33.010,100266.797,-1.1098,0,,,,,0,-1.00,-1.000,-1.00,0.0291
701812,33.010,100267.313,-1.1520,0,,,,,0,-1.00,-1.000,-1.00,0.0291
702012,33.010,100265.102,-0.9671,0,,,,,0,-1.00,-1.000,-1.00,0.0291
702233,33.000,100261.391,-0.6553,0,,,,,0,-1.00,-1.000,-1.00,0.0291
702411,33.000,100262.531,-0.7504,0,,,,,0,-1.00,-1.000,-1.00,0.0291
702602,33.000,100264.859,-0.9459,0,,,,,0,-1.00,-1.000,-1.00,0.0291
702802,32.990,100262.992,-0.7874,0,,,,,0,-1.00,-1.000,-1.00,0.0291
703002,33.000,100265.328,-0.9882,0,,,,,0,-1.00,-1.000,-1.00,0.0291
703232,33.010,100265.102,-0.9671,0,,,,,0,-1.00,-1.000,-1.00,0.0291
703418,33.010,100265.766,-1.0252,0,,,,,0,-1.00,-1.000,-1.00,0.0291
703602,33.000,100263.383,-0.8244,0,,,,,0,-1.00,-1.000,-1.00,0.0291
703802,32.990,100259.359,-0.4862,0,,,,,0,-1.00,-1.000,-1.00,0.0291
704002,32.980,100266.609,-1.0939,0,,,,,0,-1.00,-1.000,-1.00,0.0291
704228,32.970,100262.891,-0.7821,0,,,,,0,-1.00,-1.000,-1.00,0.0291
704405,32.960,100265.203,-0.9776,0,,,,,0,-1.00,-1.000,-1.00,0.0291
704602,32.950,100265.016,-0.9618,0,,,,,0,-1.00,-1.000,-1.00,0.0291
704802,32.940,100267.570,-1.1732,0,,,,,0,-1.00,-1.000,-1.00,0.0291
705002,32.930,100267.250,-1.1467,0,,,,,0,-1.00,-1.000,-1.00,0.0291
705228,32.910,100263.172,-0.8033,0,,,,,0,-1.00,-1.000,-1.00,0.0291
705414,32.900,100265.844,-1.0305,0,,,,,0,-1.00,-1.000,-1.00,0.0291
705612,32.890,100266.195,-1.0569,0,,,,,0,-1.00,-1.000,-1.00,0.0291
705812,32.890,100266.672,-1.0992,0,,,,,0,-1.00,-1.000,-1.00,0.0291
706012,32.880,100265.234,-0.9776,0,,,,,0,-1.00,-1.000,-1.00,0.0291
706212,32.870,100265.641,-1.0146,0,,,,,0,-1.00,-1.000,-1.00,0.0291
706402,32.860,100265.906,-1.0358,0,,,,,0,-1.00,-1.000,-1.00,0.0291
706612,32.850,100266.070,-1.0463,0,,,,,0,-1.00,-1.000,-1.00,0.0291
706812,32.860,100267.875,-1.1996,0,,,,,0,-1.00,-1.000,-1.00,0.0291
707012,32.860,100266.164,-1.0569,0,,,,,0,-1.00,-1.000,-1.00,0.0291
707228,32.870,100268.000,-1.2102,0,,,,,0,-1.00,-1.000,-1.00,0.0291
707405,32.850,100263.672,-0.8455,0,,,,,0,-1.00,-1.000,-1.00,0.0291
707612,32.860,100266.266,-1.0675,0,,,,,0,-1.00,-1.000,-1.00,0.0291
707812,32.850,100267.438,-1.1626,0,,,,,0,-1.00,-1.000,-1.00,0.0291
708012,32.840,100264.383,-0.9037,0,,,,,0,-1.00,-1.000,-1.00,0.0291
708229,32.850,100265.531,-1.0041,0,,,,,0,-1.00,-1.000,-1.00,0.0291
708423,32.850,100266.305,-1.0675,0,,,,,0,-1.00,-1.000,-1.00,0.0291
708602,32.850,100263.672,-0.8455,0,,,,,0,-1.00,-1.000,-1.00,0.0291
708802,32.850,100266.898,-1.1203,0,,,,,0,-1.00,-1.000,-1.00,0.0291
709012,32.860,100266.266,-1.0675,0,,,,,0,-1.00,-1.000,-1.00,0.0291
709229,32.860,100265.063,-0.9618,0,,,,,0,-1.00,-1.000,-1.00,0.0291
709445,32.850,100265.711,-1.0199,0,,,,,0,-1.00,-1.000,-1.00,0.0291
709602,32.850,100268.813,-1.2789,0,,,,,0,-1.00,-1.000,-1.00,0.0291
709802,32.840,100265.141,-0.9724,0,,,,,0,-1.00,-1.000,-1.00,0.0291
710002,32.830,100266.945,-1.1203,0,,,,,0,-1.00,-1.000,-1.00,0.0291
710228,32.810,100264.656,-0.9301,0,,,,,0,-1.00,-1.000,-1.00,0.0291
710445,32.810,100264.031,-0.8772,0,,,,,0,-1.00,-1.000,-1.00,0.0291
710602,32.790,100263.438,-0.8244,0,,,,,0,-1.00,-1.000,-1.00,0.0291
710802,32.790,100263.766,-0.8561,0,,,,,0,-1.00,-1.000,-1.00,0.0291
711002,32.790,100268.547,-1.2577,0,,,,,0,-1.00,-1.000,-1.00,0.0291
711231,32.790,100266.578,-1.0886,0,,,,,0,-1.00,-1.000,-1.00,0.0291
711422,32.790,100266.391,-1.0728,0,,,,,0,-1.00,-1.000,-1.00,0.0291
711612,32.790,100266.828,-1.1098,0,,,,,0,-1.00,-1.000,-1.00,0.0291
711812,32.800,100268.195,-1.2260,0,,,,,0,-1.00,-1.000,-1.00,0.0291
712012,32.810,100267.250,-1.1467,0,,,,,0,-1.00,-1.000,-1.00,0.0291
712212,32.800,100266.172,-1.0569,0,,,,,0,-1.00,-1.000,-1.00,0.0291
712413,32.790,100263.438,-0.8244,0,,,,,0,-1.00,-1.000,-1.00,0.0291
712602,32.790,100264.547,-0.9195,0,,,,,0,-1.00,-1.000,-1.00,0.0291
712802,32.790,100265.914,-1.0358,0,,,,,0,-1.00,-1.000,-1.00,0.0291
713002,32.790,100266.984,-1.1256,0,,,,,0,-1.00,-1.000,-1.00,0.0291
713229,32.780,100264.828,-0.9459,0,,,,,0,-1.00,-1.000,-1.00,0.0291
713423,32.770,100262.594,-0.7557,0,,,,,0,-1.00,-1.000,-1.00,0.0291
713602,32.770,100264.641,-0.9301,0,,,,,0,-1.00,-1.000,-1.00,0.0291
713802,32.770,100266.664,-1.0992,0,,,,,0,-1.00,-1.000,-1.00,0.0291
714002,32.760,100264.500,-0.9142,0,,,,,0,-1.00,-1.000,-1.00,0.0291
714229,32.770,100262.797,-0.7715,0,,,,,0,-1.00,-1.000,-1.00,0.0291
714423,32.770,100263.688,-0.8455,0,,,,,0,-1.00,-1.000,-1.00,0.0291
714602,32.770,100265.984,-1.0411,0,,,,,0,-1.00,-1.000,-1.00,0.0291
714802,32.760,100264.805,-0.9406,0,,,,,0,-1.00,-1.000,-1.00,0.0291
715002,32.760,100267.719,-1.1890,0,,,,,0,-1.00,-1.000,-1.00,0.0291
715227,32.760,100263.859,-0.8614,0,,,,,0,-1.00,-1.000,-1.00,0.0291
715413,32.750,100264.438,-0.9089,0,,,,,0,-1.00,-1.000,-1.00,0.0291
715612,32.760,100266.695,-1.0992,0,,,,,0,-1.00,-1.000,-1.00,0.0291
715812,32.760,100267.055,-1.1309,0,,,,,0,-1.00,-1.000,-1.00,0.0291
716012,32.760,100265.617,-1.0093,0,,,,,0,-1.00,-1.000,-1.00,0.0291
716227,32.750,100266.023,-1.0463,0,,,,,0,-1.00,-1.000,-1.00,0.0291
716404,32.760,100266.898,-1.1203,0,,,,,0,-1.00,-1.000,-1.00,0.0291
716602,32.760,100266.234,-1.0622,0,,,,,0,-1.00,-1.000,-1.00,0.0291
716802,32.750,100271.336,-1.4902,0,,,,,0,-1.00,-1.000,-1.00,0.0291
717002,32.740,100265.141,-0.9724,0,,,,,0,-1.00,-1.000,-1.00,0.0291
717228,32.730,100269.992,-1.3793,0,,,,,0,-1.00,-1.000,-1.00,0.0291
717405,32.720,100268.750,-1.2736,0,,,,,0,-1.00,-1.000,-1.00,0.0291
717602,32.720,100267.469,-1.1679,0,,,,,0,-1.00,-1.000,-1.00,0.0291
717802,32.720,100266.109,-1.0516,0,,,,,0,-1.00,-1.000,-1.00,0.0291
718002,32.710,100266.930,-1.1203,0,,,,,0,-1.00,-1.000,-1.00,0.0291
718202,32.710,100265.734,-1.0199,0,,,,,0,-1.00,-1.000,-1.00,0.0291
718410,32.720,100267.422,-1.1626,0,,,,,0,-1.00,-1.000,-1.00,0.0291
718602,32.710,100265.547,-1.0041,0,,,,,0,-1.00,-1.000,-1.00,0.0291
718802,32.720,100264.813,-0.9406,0,,,,,0,-1.00,-1.000,-1.00,0.0291
719002,32.730,100268.859,-1.2841,0,,,,,0,-1.00,-1.000,-1.00,0.0291
719229,32.710,100266.266,-1.0675,0,,,,,0,-1.00,-1.000,-1.00,0.0291
719407,32.720,100268.078,-1.2154,0,,,,,0,-1.00,-1.000,-1.00,0.0291
719612,32.710,100269.078,-1.3000,0,,,,,0,-1.00,-1.000,-1.00,0.0291
719812,32.720,100266.297,-1.0675,0,,,,,0,-1.00,-1.000,-1.00,0.0291
720012,32.710,100268.773,-1.2736,0,,,,,0,-1.00,-1.000,-1.00,0.0291
720230,32.730,100270.422,-1.4163,0,,,,,0,-1.00,-1.000,-1.00,0.0291
720447,32.730,100269.344,-1.3264,0,,,,,0,-1.00,-1.000,-1.00,0.0291
720612,32.730,100264.156,-0.8878,0,,,,,0,-1.00,-1.000,-1.00,0.0291
720812,32.730,100266.125,-1.0516,0,,,,,0,-1.00,-1.000,-1.00,0.0291
721012,32.730,100265.344,-0.9882,0,,,,,0,-1.00,-1.000,-1.00,0.0291
721233,32.730,100269.516,-1.3370,0,,,,,0,-1.00,-1.000,-1.00,0.0291
721449,32.730,100268.406,-1.2472,0,,,,,0,-1.00,-1.000,-1.00,0.0291
721612,32.750,100268.297,-1.2366,0,,,,,0,-1.00,-1.000,-1.00,0.0291
721812,32.740,100267.523,-1.1679,0,,,,,0,-1.00,-1.000,-1.00,0.0291
722012,32.750,100270.578,-1.4268,0,,,,,0,-1.00,-1.000,-1.00,0.0291
722232,32.760,100267.594,-1.1785,0,,,,,0,-1.00,-1.000,-1.00,0.0291
722448,32.760,100267.234,-1.1467,0,,,,,0,-1.00,-1.000,-1.00,0.0291
722612,32.750,100263.547,-0.8350,0,,,,,0,-1.00,-1.000,-1.00,0.0291
722812,32.750,100264.773,-0.9406,0,,,,,0,-1.00,-1.000,-1.00,0.0291
723012,32.750,100267.453,-1.1626,0,,,,,0,-1.00,-1.000,-1.00,0.0291
723228,32.750,100264.000,-0.8720,0,,,,,0,-1.00,-1.000,-1.00,0.0291
723444,32.750,100267.000,-1.1256,0,,,,,0,-1.00,-1.000,-1.00,0.0291
723612,32.760,100267.016,-1.1309,0,,,,,0,-1.00,-1.000,-1.00,0.0291
723812,32.760,100264.984,-0.9565,0,,,,,0,-1.00,-1.000,-1.00,0.0291
724012,32.760,100266.656,-1.0992,0,,,,,0,-1.00,-1.000,-1.00,0.0291
724212,32.770,100266.070,-1.0463,0,,,,,0,-1.00,-1.000,-1.00,0.0291
724409,32.780,100265.844,-1.0305,0,,,,,0,-1.00,-1.000,-1.00,0.0291
724609,32.790,100269.375,-1.3264,0,,,,,0,-1.00,-1.000,-1.00,0.0291
724812,32.780,100268.406,-1.2472,0,,,,,0,-1.00,-1.000,-1.00,0.0291
725012,32.780,100266.859,-1.1150,0,,,,,0,-1.00,-1.000,-1.00,0.0291
725228,32.790,100268.977,-1.2947,0,,,,,0,-1.00,-1.000,-1.00,0.0291
725405,32.790,100269.313,-1.3211,0,,,,,0,-1.00,-1.000,-1.00,0.0291
725602,32.790,100267.906,-1.2049,0,,,,,0,-1.00,-1.000,-1.00,0.0291
725802,32.800,100269.031,-1.2947,0,,,,,0,-1.00,-1.000,-1.00,0.0291
726002,32.800,100269.930,-1.3740,0,,,,,0,-1.00,-1.000,-1.00,0.0291
726228,32.800,100268.195,-1.2260,0,,,,,0,-1.00,-1.000,-1.00,0.0291
726406,32.780,100265.422,-0.9935,0,,,,,0,-1.00,-1.000,-1.00,0.0291
726602,32.790,100266.469,-1.0833,0,,,,,0,-1.00,-1.000,-1.00,0.0291
726802,32.790,100263.711,-0.8508,0,,,,,0,-1.00,-1.000,-1.00,0.0291
727002,32.800,100265.031,-0.9618,0,,,,,0,-1.00,-1.000,-1.00,0.0291
727228,32.800,100264.875,-0.9459,0,,,,,0,-1.00,-1.000,-1.00,0.0291
727726,32.820,100262.078,-0.7134,0,,,,,0,-1.00,-1.000,-1.00,0.0291
727792,32.820,100265.531,-1.0041,0,,,,,0,-1.00,-1.000,-1.00,0.0291
727812,32.820,100265.531,-1.0041,0,,,,,0,-1.00,-1.000,-1.00,0.0291
728012,32.810,100264.703,-0.9354,0,,,,,0,-1.00,-1.000,-1.00,0.0291
728229,32.810,100264.656,-0.9301,0,,,,,0,-1.00,-1.000,-1.00,0.0291
728406,32.820,100265.531,-1.0041,0,,,,,0,-1.00,-1.000,-1.00,0.0291
728602,32.810,100263.672,-0.8455,0,,,,,0,-1.00,-1.000,-1.00,0.0291
728802,32.810,100270.000,-1.3793,0,,,,,0,-1.00,-1.000,-1.00,0.0291
729002,32.800,100263.625,-0.8402,0,,,,,0,-1.00,-1.000,-1.00,0.0291
729228,32.800,100264.695,-0.9354,0,,,,,0,-1.00,-1.000,-1.00,0.0291
729413,32.800,100261.398,-0.6553,0,,,,,0,-1.00,-1.000,-1.00,0.0291
729612,32.810,100265.703,-1.0199,0,,,,,0,-1.00,-1.000,-1.00,0.0291
729812,32.810,100264.805,-0.9406,0,,,,,0,-1.00,-1.000,-1.00,0.0291
730012,32.810,100269.664,-1.3528,0,,,,,0,-1.00,-1.000,-1.00,0.0291
730212,32.800,100265.766,-1.0252,0,,,,,0,-1.00,-1.000,-1.00,0.0291
730410,32.810,100263.734,-0.8508,0,,,,,0,-1.00,-1.000,-1.00,0.0291
730602,32.800,100264.516,-0.9195,0,,,,,0,-1.00,-1.000,-1.00,0.0291
730802,32.810,100265.602,-1.0093,0,,,,,0,-1.00,-1.000,-1.00,0.0291
731002,32.820,100266.984,-1.1256,0,,,,,0,-1.00,-1.000,-1.00,0.0291
731227,32.820,100264.578,-0.9248,0,,,,,0,-1.00,-1.000,-1.00,0.0291
731405,32.820,100265.203,-0.9776,0,,,,,0,-1.00,-1.000,-1.00,0.0291
731602,32.810,100268.281,-1.2366,0,,,,,0,-1.00,-1.000,-1.00,0.0291
731802,32.810,100265.953,-1.0411,0,,,,,0,-1.00,-1.000,-1.00,0.0291
732002,32.810,100266.438,-1.0780,0,,,,,0,-1.00,-1.000,-1.00,0.0291
732228,32.820,100265.023,-0.9618,0,,,,,0,-1.00,-1.000,-1.00,0.0291
732405,32.820,100267.500,-1.1679,0,,,,,0,-1.00,-1.000,-1.00,0.0291
732612,32.830,100266.031,-1.0463,0,,,,,0,-1.00,-1.000,-1.00,0.0291
732812,32.830,100266.227,-1.0622,0,,,,,0,-1.00,-1.000,-1.00,0.0291
733012,32.830,100267.094,-1.1362,0,,,,,0,-1.00,-1.000,-1.00,0.0291
733228,32.830,100268.195,-1.2260,0,,,,,0,-1.00,-1.000,-1.00,0.0291
733405,32.830,100267.453,-1.1626,0,,,,,0,-1.00,-1.000,-1.00,0.0291
733602,32.820,100266.781,-1.1098,0,,,,,0,-1.00,-1.000,-1.00,0.0291
733802,32.820,100267.938,-1.2049,0,,,,,0,-1.00,-1.000,-1.00,0.0291
734002,32.830,100270.320,-1.4057,0,,,,,0,-1.00,-1.000,-1.00,0.0291
734231,32.820,100265.172,-0.9724,0,,,,,0,-1.00,-1.000,-1.00,0.0291
734408,32.820,100267.758,-1.1890,0,,,,,0,-1.00,-1.000,-1.00,0.0291
734612,32.810,100269.484,-1.3370,0,,,,,0,-1.00,-1.000,-1.00,0.0291
734812,32.820,100265.172,-0.9724,0,,,,,0,-1.00,-1.000,-1.00,0.0291
735012,32.820,100265.258,-0.9829,0,,,,,0,-1.00,-1.000,-1.00,0.0291
735229,32.830,100267.281,-1.1520,0,,,,,0,-1.00,-1.000,-1.00,0.0291
735415,32.820,100263.922,-0.8667,0,,,,,0,-1.00,-1.000,-1.00,0.0291
735612,32.820,100265.352,-0.9882,0,,,,,0,-1.00,-1.000,-1.00,0.0291
735812,32.820,100267.047,-1.1309,0,,,,,0,-1.00,-1.000,-1.00,0.0291
736012,32.820,100265.891,-1.0358,0,,,,,0,-1.00,-1.000,-1.00,0.0291
736212,32.820,100265.914,-1.0358,0,,,,,0,-1.00,-1.000,-1.00,0.0291
736400,32.820,100263.641,-0.8455,0,,,,,0,-1.00,-1.000,-1.00,0.0291
736612,32.820,100265.000,-0.9565,0,,,,,0,-1.00,-1.000,-1.00,0.0291
736812,32.820,100265.969,-1.0411,0,,,,,0,-1.00,-1.000,-1.00,0.0291
737012,32.830,100266.391,-1.0728,0,,,,,0,-1.00,-1.000,-1.00,0.0291
737228,32.830,100268.195,-1.2260,0,,,,,0,-1.00,-1.000,-1.00,0.0291
737414,32.820,100264.641,-0.9301,0,,,,,0,-1.00,-1.000,-1.00,0.0291
737602,32.830,100268.789,-1.2789,0,,,,,0,-1.00,-1.000,-1.00,0.0291
737812,32.830,100264.266,-0.8984,0,,,,,0,-1.00,-1.000,-1.00,0.0291
738012,32.830,100265.156,-0.9724,0,,,,,0,-1.00,-1.000,-1.00,0.0291
738228,32.830,100269.063,-1.3000,0,,,,,0,-1.00,-1.000,-1.00,0.0291
738413,32.820,100266.508,-1.0833,0,,,,,0,-1.00,-1.000,-1.00,0.0291
738612,32.820,100264.281,-0.8984,0,,,,,0,-1.00,-1.000,-1.00,0.0291
738812,32.820,100265.000,-0.9565,0,,,,,0,-1.00,-1.000,-1.00,0.0291
739012,32.830,100269.961,-1.3740,0,,,,,0,-1.00,-1.000,-1.00,0.0291
739228,32.820,100267.805,-1.1943,0,,,,,0,-1.00,-1.000,-1.00,0.0291
739422,32.810,100266.797,-1.1098,0,,,,,0,-1.00,-1.000,-1.00,0.0291
739602,32.810,100263.633,-0.8455,0,,,,,0,-1.00,-1.000,-1.00,0.0291
739802,32.820,100264.180,-0.8878,0,,,,,0,-1.00,-1.000,-1.00,0.0291
740002,32.810,100266.313,-1.0675,0,,,,,0,-1.00,-1.000,-1.00,0.0291
740227,32.830,100267.594,-1.1785,0,,,,,0,-1.00,-1.000,-1.00,0.0291
740405,32.820,100263.828,-0.8614,0,,,,,0,-1.00,-1.000,-1.00,0.0291
740602,32.830,100267.453,-1.1626,0,,,,,0,-1.00,-1.000,-1.00,0.0291
740802,32.830,100265.328,-0.9882,0,,,,,0,-1.00,-1.000,-1.00,0.0291
741002,32.830,100267.297,-1.1520,0,,,,,0,-1.00,-1.000,-1.00,0.0291
741228,32.830,100265.211,-0.9776,0,,,,,0,-1.00,-1.000,-1.00,0.0291
741414,32.830,100263.422,-0.8244,0,,,,,0,-1.00,-1.000,-1.00,0.0291
741612,32.830,100264.797,-0.9406,0,,,,,0,-1.00,-1.000,-1.00,0.0291
741812,32.840,100268.719,-1.2736,0,,,,,0,-1.00,-1.000,-1.00,0.0291
742012,32.840,100265.680,-1.0146,0,,,,,0,-1.00,-1.000,-1.00,0.0291
742212,32.840,100268.977,-1.2947,0,,,,,0,-1.00,-1.000,-1.00,0.0291
742413,32.840,100267.422,-1.1626,0,,,,,0,-1.00,-1.000,-1.00,0.0291
742612,32.840,100263.734,-0.8508,0,,,,,0,-1.00,-1.000,-1.00,0.0291
742812,32.850,100266.484,-1.0833,0,,,,,0,-1.00,-1.000,-1.00,0.0291
743012,32.850,100267.500,-1.1679,0,,,,,0,-1.00,-1.000,-1.00,0.0291
743228,32.850,100267.203,-1.1415,0,,,,,0,-1.00,-1.000,-1.00,0.0291
743414,32.860,100265.719,-1.0199,0,,,,,0,-1.00,-1.000,-1.00,0.0291
743612,32.860,100267.750,-1.1890,0,,,,,0,-1.00,-1.000,-1.00,0.0291
743812,32.860,100266.672,-1.0992,0,,,,,0,-1.00,-1.000,-1.00,0.0291
744012,32.860,100265.672,-1.0146,0,,,,,0,-1.00,-1.000,-1.00,0.0291
744228,32.860,100267.453,-1.1626,0,,,,,0,-1.00,-1.000,-1.00,0.0291
744422,32.860,100267.875,-1.1996,0,,,,,0,-1.00,-1.000,-1.00,0.0291
744602,32.860,100267.031,-1.1309,0,,,,,0,-1.00,-1.000,-1.00,0.0291
744802,32.860,100266.977,-1.1256,0,,,,,0,-1.00,-1.000,-1.00,0.0291
745002,32.860,100269.180,-1.3106,0,,,,,0,-1.00,-1.000,-1.00,0.0291
745227,32.860,100266.852,-1.1150,0,,,,,0,-1.00,-1.000,-1.00,0.0291
745404,32.860,100266.617,-1.0939,0,,,,,0,-1.00,-1.000,-1.00,0.0291
745602,32.850,100267.094,-1.1362,0,,,,,0,-1.00,-1.000,-1.00,0.0291
745802,32.850,100268.578,-1.2577,0,,,,,0,-1.00,-1.000,-1.00,0.0291
746002,32.850,100267.148,-1.1415,0,,,,,0,-1.00,-1.000,-1.00,0.0291
746227,32.830,100265.984,-1.0411,0,,,,,0,-1.00,-1.000,-1.00,0.0291
746413,32.840,100266.750,-1.1045,0,,,,,0,-1.00,-1.000,-1.00,0.0291
746612,32.830,100267.633,-1.1785,0,,,,,0,-1.00,-1.000,-1.00,0.0291
746812,32.830,100267.125,-1.1362,0,,,,,0,-1.00,-1.000,-1.00,0.0291
747012,32.820,100264.281,-0.8984,0,,,,,0,-1.00,-1.000,-1.00,0.0291
747227,32.810,100267.391,-1.1573,0,,,,,0,-1.00,-1.000,-1.00,0.0291
747413,32.810,100264.266,-0.8984,0,,,,,0,-1.00,-1.000,-1.00,0.0291
747612,32.810,100264.750,-0.9354,0,,,,,0,-1.00,-1.000,-1.00,0.0291
747802,32.810,100266.359,-1.0728,0,,,,,0,-1.00,-1.000,-1.00,0.0291
748002,32.800,100263.008,-0.7927,0,,,,,0,-1.00,-1.000,-1.00,0.0291
748202,32.810,100268.156,-1.2260,0,,,,,0,-1.00,-1.000,-1.00,0.0291
748412,32.800,100262.703,-0.7663,0,,,,,0,-1.00,-1.000,-1.00,0.0291
748620,32.800,100265.391,-0.9935,0,,,,,0,-1.00,-1.000,-1.00,0.0291
748802,32.800,100268.969,-1.2947,0,,,,,0,-1.00,-1.000,-1.00,0.0291
749002,32.800,100267.477,-1.1679,0,,,,,0,-1.00,-1.000,-1.00,0.0291
749227,32.790,100267.172,-1.1415,0,,,,,0,-1.00,-1.000,-1.00,0.0291
749427,32.790,100267.547,-1.1732,0,,,,,0,-1.00,-1.000,-1.00,0.0291
749612,32.790,100269.516,-1.3370,0,,,,,0,-1.00,-1.000,-1.00,0.0291
749812,32.790,100268.000,-1.2102,0,,,,,0,-1.00,-1.000,-1.00,0.0291
750012,32.790,100264.250,-0.8931,0,,,,,0,-1.00,-1.000,-1.00,0.0291
750227,32.800,100268.859,-1.2841,0,,,,,0,-1.00,-1.000,-1.00,0.0291
750421,32.790,100268.719,-1.2736,0,,,,,0,-1.00,-1.000,-1.00,0.0291
750602,32.790,100266.219,-1.0622,0,,,,,0,-1.00,-1.000,-1.00,0.0291
750802,32.790,100269.023,-1.2947,0,,,,,0,-1.00,-1.000,-1.00,0.0291
751002,32.790,100266.875,-1.1150,0,,,,,0,-1.00,-1.000,-1.00,0.0291
751228,32.770,100262.969,-0.7874,0,,,,,0,-1.00,-1.000,-1.00,0.0291
751427,32.770,100264.578,-0.9248,0,,,,,0,-1.00,-1.000,-1.00,0.0291
751612,32.770,100265.711,-1.0199,0,,,,,0,-1.00,-1.000,-1.00,0.0291
751812,32.770,100265.172,-0.9724,0,,,,,0,-1.00,-1.000,-1.00,0.0291
752012,32.770,100266.891,-1.1150,0,,,,,0,-1.00,-1.000,-1.00,0.0291
752228,32.760,100264.930,-0.9512,0,,,,,0,-1.00,-1.000,-1.00,0.0291
752427,32.760,100265.578,-1.0041,0,,,,,0,-1.00,-1.000,-1.00,0.0291
752612,32.750,100266.813,-1.1098,0,,,,,0,-1.00,-1.000,-1.00,0.0291
752812,32.760,100268.977,-1.2947,0,,,,,0,-1.00,-1.000,-1.00,0.0291
753012,32.760,100266.000,-1.0411,0,,,,,0,-1.00,-1.000,-1.00,0.0291
753227,32.750,100265.313,-0.9829,0,,,,,0,-1.00,-1.000,-1.00,0.0291
753404,32.760,100265.977,-1.0411,0,,,,,0,-1.00,-1.000,-1.00,0.0291
753602,32.750,100264.258,-0.8984,0,,,,,0,-1.00,-1.000,-1.00,0.0291
753802,32.750,100267.836,-1.1943,0,,,,,0,-1.00,-1.000,-1.00,0.0291
754002,32.740,100265.016,-0.9618,0,,,,,0,-1.00,-1.000,-1.00,0.0291
754202,32.730,100267.969,-1.2102,0,,,,,0,-1.00,-1.000,-1.00,0.0291
754412,32.730,100267.078,-1.1309,0,,,,,0,-1.00,-1.000,-1.00,0.0291
754602,32.720,100265.859,-1.0305,0,,,,,0,-1.00,-1.000,-1.00,0.0291
754802,32.730,100268.094,-1.2207,0,,,,,0,-1.00,-1.000,-1.00,0.0291
755002,32.720,100266.656,-1.0992,0,,,,,0,-1.00,-1.000,-1.00,0.0291
755232,32.710,100266.992,-1.1256,0,,,,,0,-1.00,-1.000,-1.00,0.0291
755448,32.700,100268.406,-1.2472,0,,,,,0,-1.00,-1.000,-1.00,0.0291
755612,32.700,100267.984,-1.2102,0,,,,,0,-1.00,-1.000,-1.00,0.0291
755812,32.680,100269.313,-1.3211,0,,,,,0,-1.00,-1.000,-1.00,0.0291
756012,32.660,100268.531,-1.2577,0,,,,,0,-1.00,-1.000,-1.00,0.0291
756232,32.650,100270.766,-1.4427,0,,,,,0,-1.00,-1.000,-1.00,0.0291
756448,32.630,100268.938,-1.2894,0,,,,,0,-1.00,-1.000,-1.00,0.0291
756602,32.620,100268.383,-1.2419,0,,,,,0,-1.00,-1.000,-1.00,0.0291
756802,32.600,100268.305,-1.2366,0,,,,,0,-1.00,-1.000,-1.00,0.0291
757002,32.590,100267.039,-1.1309,0,,,,,0,-1.00,-1.000,-1.00,0.0291
757229,32.580,100268.211,-1.2313,0,,,,,0,-1.00,-1.000,-1.00,0.0291
757446,32.570,100265.078,-0.9671,0,,,,,0,-1.00,-1.000,-1.00,0.0291
757602,32.560,100267.109,-1.1362,0,,,,,0,-1.00,-1.000,-1.00,0.0291
757812,32.550,100267.664,-1.1837,0,,,,,0,-1.00,-1.000,-1.00,0.0291
758012,32.540,100264.430,-0.9089,0,,,,,0,-1.00,-1.000,-1.00,0.0291
758228,32.550,100266.891,-1.1150,0,,,,,0,-1.00,-1.000,-1.00,0.0291
758436,32.550,100267.070,-1.1309,0,,,,,0,-1.00,-1.000,-1.00,0.0291
758602,32.550,100267.172,-1.1415,0,,,,,0,-1.00,-1.000,-1.00,0.0291
758802,32.540,100265.016,-0.9618,0,,,,,0,-1.00,-1.000,-1.00,0.0291
759002,32.530,100266.664,-1.0992,0,,,,,0,-1.00,-1.000,-1.00,0.0291
759228,32.520,100268.375,-1.2419,0,,,,,0,-1.00,-1.000,-1.00,0.0291
759427,32.520,100269.094,-1.3053,0,,,,,0,-1.00,-1.000,-1.00,0.0291
759612,32.500,100263.227,-0.8085,0,,,,,0,-1.00,-1.000,-1.00,0.0291
759812,32.490,100268.969,-1.2947,0,,,,,0,-1.00,-1.000,-1.00,0.0291
760012,32.500,100267.938,-1.2049,0,,,,,0,-1.00,-1.000,-1.00,0.0291
760212,32.500,100269.828,-1.3634,0,,,,,0,-1.00,-1.000,-1.00,0.0291
760412,32.490,100264.859,-0.9459,0,,,,,0,-1.00,-1.000,-1.00,0.0291
760620,32.490,100266.672,-1.0992,0,,,,,0,-1.00,-1.000,-1.00,0.0291
760802,32.480,100267.375,-1.1573,0,,,,,0,-1.00,-1.000,-1.00,0.0291
761002,32.480,100268.008,-1.2102,0,,,,,0,-1.00,-1.000,-1.00,0.0291
761231,32.460,100265.969,-1.0411,0,,,,,0,-1.00,-1.000,-1.00,0.0291
761447,32.450,100267.078,-1.1309,0,,,,,0,-1.00,-1.000,-1.00,0.0291
761612,32.430,100264.219,-0.8931,0,,,,,0,-1.00,-1.000,-1.00,0.0291
761812,32.430,100265.297,-0.9829,0,,,,,0,-1.00,-1.000,-1.00,0.0291
762012,32.430,100265.859,-1.0305,0,,,,,0,-1.00,-1.000,-1.00,0.0291
762230,32.430,100264.406,-0.9089,0,,,,,0,-1.00,-1.000,-1.00,0.0291
762421,32.420,100266.000,-1.0411,0,,,,,0,-1.00,-1.000,-1.00,0.0291
762612,32.420,100267.203,-1.1415,0,,,,,0,-1.00,-1.000,-1.00,0.0291
762802,32.410,100267.016,-1.1309,0,,,,,0,-1.00,-1.000,-1.00,0.0291
763002,32.410,100268.000,-1.2102,0,,,,,0,-1.00,-1.000,-1.00,0.0291
763228,32.410,100266.578,-1.0886,0,,,,,0,-1.00,-1.000,-1.00,0.0291
763414,32.410,100264.914,-0.9512,0,,,,,0,-1.00,-1.000,-1.00,0.0291
763612,32.410,100267.469,-1.1679,0,,,,,0,-1.00,-1.000,-1.00,0.0291
763812,32.420,100270.828,-1.4480,0,,,,,0,-1.00,-1.000,-1.00,0.0291
764012,32.410,100268.000,-1.2102,0,,,,,0,-1.00,-1.000,-1.00,0.0291
764228,32.410,100266.242,-1.0622,0,,,,,0,-1.00,-1.000,-1.00,0.0291
764413,32.400,100264.656,-0.9301,0,,,,,0,-1.00,-1.000,-1.00,0.0291
764612,32.400,100265.484,-0.9988,0,,,,,0,-1.00,-1.000,-1.00,0.0291
764812,32.390,100265.563,-1.0041,0,,,,,0,-1.00,-1.000,-1.00,0.0291
765012,32.380,100264.984,-0.9565,0,,,,,0,-1.00,-1.000,-1.00,0.0291
765228,32.380,100266.063,-1.0463,0,,,,,0,-1.00,-1.000,-1.00,0.0291
765422,32.370,100265.789,-1.0252,0,,,,,0,-1.00,-1.000,-1.00,0.0291
765602,32.370,100264.922,-0.9512,0,,,,,0,-1.00,-1.000,-1.00,0.0291
765802,32.360,100265.313,-0.9829,0,,,,,0,-1.00,-1.000,-1.00,0.0291
766002,32.360,100268.531,-1.2577,0,,,,,0,-1.00,-1.000,-1.00,0.0291
766202,32.350,100267.328,-1.1520,0,,,,,0,-1.00,-1.000,-1.00,0.0291
766401,32.350,100265.219,-0.9776,0,,,,,0,-1.00,-1.000,-1.00,0.0291
766612,32.340,100267.609,-1.1785,0,,,,,0,-1.00,-1.000,-1.00,0.0291
766812,32.340,100269.922,-1.3740,0,,,,,0,-1.00,-1.000,-1.00,0.0291
767012,32.330,100268.828,-1.2789,0,,,,,0,-1.00,-1.000,-1.00,0.0291
767228,32.340,100269.406,-1.3317,0,,,,,0,-1.00,-1.000,-1.00,0.0291
767405,32.340,100265.922,-1.0358,0,,,,,0,-1.00,-1.000,-1.00,0.0291
767602,32.330,100268.531,-1.2577,0,,,,,0,-1.00,-1.000,-1.00,0.0291
767812,32.330,100265.250,-0.9776,0,,,,,0,-1.00,-1.000,-1.00,0.0291
768012,32.320,100268.719,-1.2736,0,,,,,0,-1.00,-1.000,-1.00,0.0291
768232,32.330,100266.984,-1.1256,0,,,,,0,-1.00,-1.000,-1.00,0.0291
768409,32.330,100266.813,-1.1098,0,,,,,0,-1.00,-1.000,-1.00,0.0291
768612,32.330,100264.656,-0.9301,0,,,,,0,-1.00,-1.000,-1.00,0.0291
768812,32.320,100263.352,-0.8191,0,,,,,0,-1.00,-1.000,-1.00,0.0291
769012,32.320,100266.391,-1.0728,0,,,,,0,-1.00,-1.000,-1.00,0.0291
769228,32.330,100267.523,-1.1679,0,,,,,0,-1.00,-1.000,-1.00,0.0291
769413,32.320,100263.578,-0.8402,0,,,,,0,-1.00,-1.000,-1.00,0.0291
769612,32.320,100267.031,-1.1309,0,,,,,0,-1.00,-1.000,-1.00,0.0291
769812,32.320,100265.656,-1.0146,0,,,,,0,-1.00,-1.000,-1.00,0.0291
770002,32.320,100266.391,-1.0728,0,,,,,0,-1.00,-1.000,-1.00,0.0291
770228,32.330,100267.344,-1.1573,0,,,,,0,-1.00,-1.000,-1.00,0.0291
770406,32.330,100266.328,-1.0675,0,,,,,0,-1.00,-1.000,-1.00,0.0291
770602,32.340,100268.250,-1.2313,0,,,,,0,-1.00,-1.000,-1.00,0.0291
770802,32.330,100265.328,-0.9882,0,,,,,0,-1.00,-1.000,-1.00,0.0291
771002,32.340,100267.141,-1.1362,0,,,,,0,-1.00,-1.000,-1.00,0.0291
771228,32.340,100267.078,-1.1309,0,,,,,0,-1.00,-1.000,-1.00,0.0291
771422,32.350,100266.828,-1.1098,0,,,,,0,-1.00,-1.000,-1.00,0.0291
771602,32.350,100268.266,-1.2313,0,,,,,0,-1.00,-1.000,-1.00,0.0291
771802,32.350,100263.258,-0.8138,0,,,,,0,-1.00,-1.000,-1.00,0.0291
772002,32.360,100266.750,-1.1045,0,,,,,0,-1.00,-1.000,-1.00,0.0291
772202,32.370,100264.922,-0.9512,0,,,,,0,-1.00,-1.000,-1.00,0.0291
772409,32.380,100265.766,-1.0252,0,,,,,0,-1.00,-1.000,-1.00,0.0291
772612,32.380,100267.547,-1.1732,0,,,,,0,-1.00,-1.000,-1.00,0.0291
772812,32.390,100268.461,-1.2524,0,,,,,0,-1.00,-1.000,-1.00,0.0291
773012,32.390,100266.672,-1.0992,0,,,,,0,-1.00,-1.000,-1.00,0.0291
773228,32.400,100266.328,-1.0675,0,,,,,0,-1.00,-1.000,-1.00,0.0291
773405,32.400,100264.953,-0.9565,0,,,,,0,-1.00,-1.000,-1.00,0.0291
773602,32.400,100266.617,-1.0939,0,,,,,0,-1.00,-1.000,-1.00,0.0291
773802,32.400,100266.289,-1.0675,0,,,,,0,-1.00,-1.000,-1.00,0.0291
774002,32.410,100268.211,-1.2313,0,,,,,0,-1.00,-1.000,-1.00,0.0291
774228,32.410,100262.641,-0.7610,0,,,,,0,-1.00,-1.000,-1.00,0.0291
774405,32.410,100263.836,-0.8614,0,,,,,0,-1.00,-1.000,-1.00,0.0291
774602,32.400,100265.672,-1.0146,0,,,,,0,-1.00,-1.000,-1.00,0.0291
774802,32.400,100265.844,-1.0305,0,,,,,0,-1.00,-1.000,-1.00,0.0291
775002,32.410,100263.836,-0.8614,0,,,,,0,-1.00,-1.000,-1.00,0.0291
775227,32.420,100266.711,-1.1045,0,,,,,0,-1.00,-1.000,-1.00,0.0291
775413,32.420,100264.703,-0.9354,0,,,,,0,-1.00,-1.000,-1.00,0.0291
775612,32.440,100267.117,-1.1362,0,,,,,0,-1.00,-1.000,-1.00,0.0291
775812,32.440,100266.922,-1.1203,0,,,,,0,-1.00,-1.000,-1.00,0.0291
776012,32.440,100263.953,-0.8720,0,,,,,0,-1.00,-1.000,-1.00,0.0291
776227,32.450,100267.602,-1.1785,0,,,,,0,-1.00,-1.000,-1.00,0.0291
776405,32.450,100266.656,-1.0992,0,,,,,0,-1.00,-1.000,-1.00,0.0291
776602,32.460,100266.734,-1.1045,0,,,,,0,-1.00,-1.000,-1.00,0.0291
776802,32.460,100267.148,-1.1415,0,,,,,0,-1.00,-1.000,-1.00,0.0291
777002,32.460,100268.625,-1.2630,0,,,,,0,-1.00,-1.000,-1.00,0.0291
777228,32.460,100262.758,-0.7715,0,,,,,0,-1.00,-1.000,-1.00,0.0291
777419,32.470,100263.766,-0.8561,0,,,,,0,-1.00,-1.000,-1.00,0.0291
777602,32.480,100266.219,-1.0622,0,,,,,0,-1.00,-1.000,-1.00,0.0291
777812,32.480,100262.781,-0.7715,0,,,,,0,-1.00,-1.000,-1.00,0.0291
778012,32.490,100266.234,-1.0622,0,,,,,0,-1.00,-1.000,-1.00,0.0291
778212,32.490,100267.188,-1.1415,0,,,,,0,-1.00,-1.000,-1.00,0.0291
778410,32.490,100263.453,-0.8297,0,,,,,0,-1.00,-1.000,-1.00,0.0291
778610,32.490,100266.469,-1.0833,0,,,,,0,-1.00,-1.000,-1.00,0.0291
778812,32.490,100263.188,-0.8033,0,,,,,0,-1.00,-1.000,-1.00,0.0291
779012,32.490,100265.234,-0.9776,0,,,,,0,-1.00,-1.000,-1.00,0.0291
779228,32.490,100264.766,-0.9406,0,,,,,0,-1.00,-1.000,-1.00,0.0291
779419,32.490,100266.109,-1.0516,0,,,,,0,-1.00,-1.000,-1.00,0.0291
779602,32.500,100265.000,-0.9565,0,,,,,0,-1.00,-1.000,-1.00,0.0291
779802,32.490,100267.031,-1.1309,0,,,,,0,-1.00,-1.000,-1.00,0.0291
780002,32.500,100265.078,-0.9671,0,,,,,0,-1.00,-1.000,-1.00,0.0291
780228,32.500,100263.281,-0.8138,0,,,,,0,-1.00,-1.000,-1.00,0.0291
780422,32.500,100267.281,-1.1520,0,,,,,0,-1.00,-1.000,-1.00,0.0291
780602,32.490,100265.828,-1.0252,0,,,,,0,-1.00,-1.000,-1.00,0.0291
780802,32.480,100268.859,-1.2841,0,,,,,0,-1.00,-1.000,-1.00,0.0291
781002,32.490,100268.438,-1.2472,0,,,,,0,-1.00,-1.000,-1.00,0.0291
781227,32.480,100269.039,-1.3000,0,,,,,0,-1.00,-1.000,-1.00,0.0291
781413,32.490,100268.281,-1.2366,0,,,,,0,-1.00,-1.000,-1.00,0.0291
781612,32.500,100271.453,-1.5008,0,,,,,0,-1.00,-1.000,-1.00,0.0291
781812,32.490,100266.906,-1.1203,0,,,,,0,-1.00,-1.000,-1.00,0.0291
782012,32.480,100267.555,-1.1732,0,,,,,0,-1.00,-1.000,-1.00,0.0291
782232,32.480,100264.516,-0.9195,0,,,,,0,-1.00,-1.000,-1.00,0.0291
782409,32.480,100264.438,-0.9089,0,,,,,0,-1.00,-1.000,-1.00,0.0291
782612,32.480,100270.594,-1.4268,0,,,,,0,-1.00,-1.000,-1.00,0.0291
782812,32.490,100269.266,-1.3159,0,,,,,0,-1.00,-1.000,-1.00,0.0291
783012,32.480,100267.789,-1.1943,0,,,,,0,-1.00,-1.000,-1.00,0.0291
783227,32.490,100267.359,-1.1573,0,,,,,0,-1.00,-1.000,-1.00,0.0291
783405,32.480,100267.789,-1.1943,0,,,,,0,-1.00,-1.000,-1.00,0.0291
783602,32.480,100266.641,-1.0939,0,,,,,0,-1.00,-1.000,-1.00,0.0291
783802,32.480,100268.719,-1.2736,0,,,,,0,-1.00,-1.000,-1.00,0.0291
784002,32.470,100268.672,-1.2683,0,,,,,0,-1.00,-1.000,-1.00,0.0291
784202,32.460,100269.727,-1.3581,0,,,,,0,-1.00,-1.000,-1.00,0.0291
784408,32.450,100269.930,-1.3740,0,,,,,0,-1.00,-1.000,-1.00,0.0291
784602,32.440,100268.305,-1.2366,0,,,,,0,-1.00,-1.000,-1.00,0.0291
784802,32.430,100263.227,-0.8085,0,,,,,0,-1.00,-1.000,-1.00,0.0291
785002,32.440,100264.055,-0.8772,0,,,,,0,-1.00,-1.000,-1.00,0.0291
785227,32.430,100266.688,-1.0992,0,,,,,0,-1.00,-1.000,-1.00,0.0291
785413,32.450,100265.289,-0.9829,0,,,,,0,-1.00,-1.000,-1.00,0.0291
785612,32.430,100266.391,-1.0728,0,,,,,0,-1.00,-1.000,-1.00,0.0291
785812,32.420,100266.359,-1.0728,0,,,,,0,-1.00,-1.000,-1.00,0.0291
786012,32.410,100267.594,-1.1785,0,,,,,0,-1.00,-1.000,-1.00,0.0291
786228,32.410,100265.625,-1.0093,0,,,,,0,-1.00,-1.000,-1.00,0.0291
786405,32.390,100267.328,-1.1520,0,,,,,0,-1.00,-1.000,-1.00,0.0291
786602,32.380,100266.180,-1.0569,0,,,,,0,-1.00,-1.000,-1.00,0.0291
786802,32.380,100265.109,-0.9671,0,,,,,0,-1.00,-1.000,-1.00,0.0291
787002,32.370,100263.781,-0.8561,0,,,,,0,-1.00,-1.000,-1.00,0.0291
787227,32.360,100266.688,-1.0992,0,,,,,0,-1.00,-1.000,-1.00,0.0291
787404,32.360,100263.805,-0.8561,0,,,,,0,-1.00,-1.000,-1.00,0.0291
787602,32.350,100263.313,-0.8191,0,,,,,0,-1.00,-1.000,-1.00,0.0291
787812,32.360,100262.734,-0.7663,0,,,,,0,-1.00,-1.000,-1.00,0.0291
788012,32.340,100264.906,-0.9512,0,,,,,0,-1.00,-1.000,-1.00,0.0291
788230,32.320,100264.961,-0.9565,0,,,,,0,-1.00,-1.000,-1.00,0.0291
788429,32.320,100266.797,-1.1098,0,,,,,0,-1.00,-1.000,-1.00,0.0291
788612,32.300,100262.891,-0.7821,0,,,,,0,-1.00,-1.000,-1.00,0.0291
788812,32.280,100265.242,-0.9776,0,,,,,0,-1.00,-1.000,-1.00,0.0291
789012,32.280,100268.734,-1.2736,0,,,,,0,-1.00,-1.000,-1.00,0.0291
789229,32.260,100265.273,-0.9829,0,,,,,0,-1.00,-1.000,-1.00,0.0291
789420,32.260,100264.656,-0.9301,0,,,,,0,-1.00,-1.000,-1.00,0.0291
789602,32.270,100268.547,-1.2577,0,,,,,0,-1.00,-1.000,-1.00,0.0291
789802,32.250,100263.094,-0.7980,0,,,,,0,-1.00,-1.000,-1.00,0.0291
790002,32.250,100263.570,-0.8402,0,,,,,0,-1.00,-1.000,-1.00,0.0291
790202,32.240,100264.508,-0.9195,0,,,,,0,-1.00,-1.000,-1.00,0.0291
790409,32.230,100268.422,-1.2472,0,,,,,0,-1.00,-1.000,-1.00,0.0291
790602,32.230,100265.969,-1.0411,0,,,,,0,-1.00,-1.000,-1.00,0.0291
790802,32.210,100264.641,-0.9301,0,,,,,0,-1.00,-1.000,-1.00,0.0291
791002,32.210,100266.438,-1.0780,0,,,,,0,-1.00,-1.000,-1.00,0.0291
791228,32.230,100267.398,-1.1626,0,,,,,0,-1.00,-1.000,-1.00,0.0291
791414,32.220,100264.477,-0.9142,0,,,,,0,-1.00,-1.000,-1.00,0.0291
791612,32.230,100265.664,-1.0146,0,,,,,0,-1.00,-1.000,-1.00,0.0291
791812,32.230,100266.047,-1.0463,0,,,,,0,-1.00,-1.000,-1.00,0.0291
792012,32.240,100268.922,-1.2894,0,,,,,0,-1.00,-1.000,-1.00,0.0291
792228,32.230,100264.055,-0.8772,0,,,,,0,-1.00,-1.000,-1.00,0.0291
792405,32.240,100265.797,-1.0252,0,,,,,0,-1.00,-1.000,-1.00,0.0291
792602,32.230,100265.742,-1.0199,0,,,,,0,-1.00,-1.000,-1.00,0.0291
792802,32.230,100266.992,-1.1256,0,,,,,0,-1.00,-1.000,-1.00,0.0291
793002,32.230,100266.766,-1.1098,0,,,,,0,-1.00,-1.000,-1.00,0.0291
793227,32.230,100267.352,-1.1573,0,,,,,0,-1.00,-1.000,-1.00,0.0291
793405,32.240,100267.078,-1.1309,0,,,,,0,-1.00,-1.000,-1.00,0.0291
793602,32.240,100265.266,-0.9829,0,,,,,0,-1.00,-1.000,-1.00,0.0291
793802,32.230,100265.859,-1.0305,0,,,,,0,-1.00,-1.000,-1.00,0.0291
794002,32.220,100263.625,-0.8402,0,,,,,0,-1.00,-1.000,-1.00,0.0291
794228,32.220,100265.063,-0.9618,0,,,,,0,-1.00,-1.000,-1.00,0.0291
794414,32.210,100265.094,-0.9671,0,,,,,0,-1.00,-1.000,-1.00,0.0291
794612,32.210,100266.656,-1.0992,0,,,,,0,-1.00,-1.000,-1.00,0.0291
794812,32.210,100267.063,-1.1309,0,,,,,0,-1.00,-1.000,-1.00,0.0291
795012,32.210,100267.422,-1.1626,0,,,,,0,-1.00,-1.000,-1.00,0.0291
795227,32.210,100268.750,-1.2736,0,,,,,0,-1.00,-1.000,-1.00,0.0291
795404,32.210,100265.719,-1.0199,0,,,,,0,-1.00,-1.000,-1.00,0.0291
795602,32.220,100267.258,-1.1467,0,,,,,0,-1.00,-1.000,-1.00,0.0291
795802,32.210,100265.875,-1.0305,0,,,,,0,-1.00,-1.000,-1.00,0.0291
796002,32.190,100266.609,-1.0939,0,,,,,0,-1.00,-1.000,-1.00,0.0291
796202,32.200,100268.781,-1.2736,0,,,,,0,-1.00,-1.000,-1.00,0.0291
796409,32.210,100267.125,-1.1362,0,,,,,0,-1.00,-1.000,-1.00,0.0291
796602,32.210,100266.172,-1.0569,0,,,,,0,-1.00,-1.000,-1.00,0.0291
796802,32.200,100267.172,-1.1415,0,,,,,0,-1.00,-1.000,-1.00,0.0291
797002,32.200,100266.820,-1.1098,0,,,,,0,-1.00,-1.000,-1.00,0.0291
797227,32.200,100267.234,-1.1467,0,,,,,0,-1.00,-1.000,-1.00,0.0291
797405,32.190,100265.719,-1.0199,0,,,,,0,-1.00,-1.000,-1.00,0.0291
797602,32.190,100270.367,-1.4110,0,,,,,0,-1.00,-1.000,-1.00,0.0291
797802,32.190,100270.547,-1.4268,0,,,,,0,-1.00,-1.000,-1.00,0.0291
798012,32.190,100267.398,-1.1626,0,,,,,0,-1.00,-1.000,-1.00,0.0291
798232,32.170,100265.203,-0.9776,0,,,,,0,-1.00,-1.000,-1.00,0.0291
798410,32.170,100269.188,-1.3106,0,,,,,0,-1.00,-1.000,-1.00,0.0291
798612,32.170,100266.508,-1.0833,0,,,,,0,-1.00,-1.000,-1.00,0.0291
798812,32.170,100270.203,-1.3951,0,,,,,0,-1.00,-1.000,-1.00,0.0291
799012,32.160,100266.516,-1.0886,0,,,,,0,-1.00,-1.000,-1.00,0.0291
799230,32.170,100266.273,-1.0675,0,,,,,0,-1.00,-1.000,-1.00,0.0291
799408,32.160,100266.078,-1.0463,0,,,,,0,-1.00,-1.000,-1.00,0.0291
799612,32.150,100266.359,-1.0728,0,,,,,0,-1.00,-1.000,-1.00,0.0291
799812,32.130,100266.516,-1.0886,0,,,,,0,-1.00,-1.000,-1.00,0.0291
800012,32.130,100266.453,-1.0833,0,,,,,0,-1.00,-1.000,-1.00,0.0291
800233,32.130,100263.828,-0.8614,0,,,,,0,-1.00,-1.000,-1.00,0.0291
800433,32.130,100265.672,-1.0146,0,,,,,0,-1.00,-1.000,-1.00,0.0291
800602,32.120,100263.328,-0.8191,0,,,,,0,-1.00,-1.000,-1.00,0.0291
800802,32.130,100264.906,-0.9512,0,,,,,0,-1.00,-1.000,-1.00,0.0291
801002,32.130,100266.453,-1.0833,0,,,,,0,-1.00,-1.000,-1.00,0.0291
801236,32.120,100264.445,-0.9142,0,,,,,0,-1.00,-1.000,-1.00,0.0291
801400,32.110,100263.852,-0.8614,0,,,,,0,-1.00,-1.000,-1.00,0.0291
801602,32.110,100265.820,-1.0252,0,,,,,0,-1.00,-1.000,-1.00,0.0291
801802,32.130,100265.734,-1.0199,0,,,,,0,-1.00,-1.000,-1.00,0.0291
802002,32.130,100266.391,-1.0728,0,,,,,0,-1.00,-1.000,-1.00,0.0291
802202,32.140,100264.266,-0.8984,0,,,,,0,-1.00,-1.000,-1.00,0.0291
802402,32.140,100265.297,-0.9829,0,,,,,0,-1.00,-1.000,-1.00,0.0291
802602,32.140,100264.797,-0.9406,0,,,,,0,-1.00,-1.000,-1.00,0.0291
802802,32.130,100266.031,-1.0463,0,,,,,0,-1.00,-1.000,-1.00,0.0291
803002,32.140,100269.375,-1.3264,0,,,,,0,-1.00,-1.000,-1.00,0.0291
803229,32.140,100267.234,-1.1467,0,,,,,0,-1.00,-1.000,-1.00,0.0291
803436,32.130,100266.273,-1.0675,0,,,,,0,-1.00,-1.000,-1.00,0.0291
803602,32.140,100268.156,-1.2260,0,,,,,0,-1.00,-1.000,-1.00,0.0291
803802,32.150,100269.461,-1.3317,0,,,,,0,-1.00,-1.000,-1.00,0.0291
804002,32.150,100268.344,-1.2419,0,,,,,0,-1.00,-1.000,-1.00,0.0291
804227,32.150,100264.234,-0.8931,0,,,,,0,-1.00,-1.000,-1.00,0.0291
804418,32.160,100265.242,-0.9776,0,,,,,0,-1.00,-1.000,-1.00,0.0291
804602,32.170,100266.859,-1.1150,0,,,,,0,-1.00,-1.000,-1.00,0.0291
804802,32.160,100266.141,-1.0569,0,,,,,0,-1.00,-1.000,-1.00,0.0291
805002,32.160,100266.078,-1.0463,0,,,,,0,-1.00,-1.000,-1.00,0.0291
805227,32.160,100265.594,-1.0093,0,,,,,0,-1.00,-1.000,-1.00,0.0291
805418,32.160,100265.141,-0.9724,0,,,,,0,-1.00,-1.000,-1.00,0.0291
805602,32.170,100266.711,-1.1045,0,,,,,0,-1.00,-1.000,-1.00,0.0291
805802,32.170,100267.305,-1.1520,0,,,,,0,-1.00,-1.000,-1.00,0.0291
806002,32.180,100271.016,-1.4638,0,,,,,0,-1.00,-1.000,-1.00,0.0291
806227,32.180,100268.156,-1.2260,0,,,,,0,-1.00,-1.000,-1.00,0.0291
806418,32.180,100269.641,-1.3476,0,,,,,0,-1.00,-1.000,-1.00,0.0291
806612,32.190,100266.125,-1.0516,0,,,,,0,-1.00,-1.000,-1.00,0.0291
806812,32.200,100266.813,-1.1098,0,,,,,0,-1.00,-1.000,-1.00,0.0291
807012,32.200,100267.703,-1.1837,0,,,,,0,-1.00,-1.000,-1.00,0.0291
807228,32.210,100268.617,-1.2630,0,,,,,0,-1.00,-1.000,-1.00,0.0291
807427,32.210,100267.063,-1.1309,0,,,,,0,-1.00,-1.000,-1.00,0.0291
807612,32.210,100264.289,-0.8984,0,,,,,0,-1.00,-1.000,-1.00,0.0291
807812,32.210,100267.484,-1.1679,0,,,,,0,-1.00,-1.000,-1.00,0.0291
808012,32.210,100265.875,-1.0305,0,,,,,0,-1.00,-1.000,-1.00,0.0291
808212,32.220,100269.172,-1.3106,0,,,,,0,-1.00,-1.000,-1.00,0.0291
808402,32.210,100267.125,-1.1362,0,,,,,0,-1.00,-1.000,-1.00,0.0291
808610,32.210,100269.445,-1.3317,0,,,,,0,-1.00,-1.000,-1.00,0.0291
808812,32.220,100267.344,-1.1573,0,,,,,0,-1.00,-1.000,-1.00,0.0291
809012,32.220,100267.109,-1.1362,0,,,,,0,-1.00,-1.000,-1.00,0.0291
809228,32.230,100267.625,-1.1785,0,,,,,0,-1.00,-1.000,-1.00,0.0291
809422,32.230,100267.398,-1.1626,0,,,,,0,-1.00,-1.000,-1.00,0.0291
809602,32.230,100267.219,-1.1467,0,,,,,0,-1.00,-1.000,-1.00,0.0291
809802,32.220,100269.484,-1.3370,0,,,,,0,-1.00,-1.000,-1.00,0.0291
810002,32.220,100266.805,-1.1098,0,,,,,0,-1.00,-1.000,-1.00,0.0291
810227,32.230,100265.609,-1.0093,0,,,,,0,-1.00,-1.000,-1.00,0.0291
810421,32.230,100266.992,-1.1256,0,,,,,0,-1.00,-1.000,-1.00,0.0291
810602,32.240,100267.313,-1.1520,0,,,,,0,-1.00,-1.000,-1.00,0.0291
810802,32.240,100265.344,-0.9882,0,,,,,0,-1.00,-1.000,-1.00,0.0291
811002,32.250,100266.430,-1.0780,0,,,,,0,-1.00,-1.000,-1.00,0.0291
811228,32.250,100267.227,-1.1467,0,,,,,0,-1.00,-1.000,-1.00,0.0291
811413,32.250,100265.594,-1.0093,0,,,,,0,-1.00,-1.000,-1.00,0.0291
811612,32.270,100267.828,-1.1943,0,,,,,0,-1.00,-1.000,-1.00,0.0291
811812,32.260,100264.891,-0.9512,0,,,,,0,-1.00,-1.000,-1.00,0.0291
812012,32.270,100266.898,-1.1203,0,,,,,0,-1.00,-1.000,-1.00,0.0291
812227,32.280,100269.984,-1.3793,0,,,,,0,-1.00,-1.000,-1.00,0.0291
812413,32.280,100268.609,-1.2630,0,,,,,0,-1.00,-1.000,-1.00,0.0291
812612,32.280,100268.078,-1.2154,0,,,,,0,-1.00,-1.000,-1.00,0.0291
812812,32.280,100270.344,-1.4057,0,,,,,0,-1.00,-1.000,-1.00,0.0291
813002,32.280,100268.516,-1.2524,0,,,,,0,-1.00,-1.000,-1.00,0.0291
813228,32.280,100269.000,-1.2947,0,,,,,0,-1.00,-1.000,-1.00,0.0291
813436,32.290,100270.188,-1.3951,0,,,,,0,-1.00,-1.000,-1.00,0.0291
813602,32.290,100269.313,-1.3211,0,,,,,0,-1.00,-1.000,-1.00,0.0291
813802,32.290,100268.469,-1.2524,0,,,,,0,-1.00,-1.000,-1.00,0.0291
814002,32.280,100269.414,-1.3317,0,,,,,0,-1.00,-1.000,-1.00,0.0291
814202,32.290,100270.617,-1.4321,0,,,,,0,-1.00,-1.000,-1.00,0.0291
814409,32.290,100268.063,-1.2154,0,,,,,0,-1.00,-1.000,-1.00,0.0291
814617,32.290,100266.453,-1.0833,0,,,,,0,-1.00,-1.000,-1.00,0.0291
814802,32.290,100269.367,-1.3264,0,,,,,0,-1.00,-1.000,-1.00,0.0291
815002,32.290,100268.469,-1.2524,0,,,,,0,-1.00,-1.000,-1.00,0.0291
815228,32.290,100267.453,-1.1626,0,,,,,0,-1.00,-1.000,-1.00,0.0291
815419,32.290,100269.188,-1.3106,0,,,,,0,-1.00,-1.000,-1.00,0.0291
815602,32.300,100266.977,-1.1256,0,,,,,0,-1.00,-1.000,-1.00,0.0291
815802,32.300,100268.719,-1.2736,0,,,,,0,-1.00,-1.000,-1.00,0.0291
816002,32.300,100269.203,-1.3106,0,,,,,0,-1.00,-1.000,-1.00,0.0291
816228,32.310,100268.391,-1.2419,0,,,,,0,-1.00,-1.000,-1.00,0.0291
816419,32.310,100268.086,-1.2154,0,,,,,0,-1.00,-1.000,-1.00,0.0291
816602,32.310,100267.734,-1.1890,0,,,,,0,-1.00,-1.000,-1.00,0.0291
816802,32.320,100267.328,-1.1520,0,,,,,0,-1.00,-1.000,-1.00,0.0291
817002,32.320,100268.516,-1.2524,0,,,,,0,-1.00,-1.000,-1.00,0.0291
817227,32.320,100268.898,-1.2841,0,,,,,0,-1.00,-1.000,-1.00,0.0291
817421,32.320,100265.828,-1.0252,0,,,,,0,-1.00,-1.000,-1.00,0.0291
817602,32.330,100269.984,-1.3793,0,,,,,0,-1.00,-1.000,-1.00,0.0291
817802,32.330,100265.078,-0.9671,0,,,,,0,-1.00,-1.000,-1.00,0.0291
818002,32.340,100265.086,-0.9671,0,,,,,0,-1.00,-1.000,-1.00,0.0291
818228,32.340,100266.102,-1.0516,0,,,,,0,-1.00,-1.000,-1.00,0.0291
818422,32.340,100268.313,-1.2366,0,,,,,0,-1.00,-1.000,-1.00,0.0291
818602,32.350,100267.016,-1.1309,0,,,,,0,-1.00,-1.000,-1.00,0.0291
818812,32.340,100266.906,-1.1203,0,,,,,0,-1.00,-1.000,-1.00,0.0291
819012,32.320,100271.047,-1.4691,0,,,,,0,-1.00,-1.000,-1.00,0.0291
819228,32.310,100267.969,-1.2102,0,,,,,0,-1.00,-1.000,-1.00,0.0291
819422,32.300,100267.773,-1.1890,0,,,,,0,-1.00,-1.000,-1.00,0.0291
819602,32.290,100269.602,-1.3476,0,,,,,0,-1.00,-1.000,-1.00,0.0291
819802,32.290,100268.781,-1.2736,0,,,,,0,-1.00,-1.000,-1.00,0.0291
820002,32.270,100269.164,-1.3106,0,,,,,0,-1.00,-1.000,-1.00,0.0291
820202,32.260,100269.305,-1.3211,0,,,,,0,-1.00,-1.000,-1.00,0.0291
820409,32.240,100266.063,-1.0463,0,,,,,0,-1.00,-1.000,-1.00,0.0291
820612,32.230,100268.070,-1.2154,0,,,,,0,-1.00,-1.000,-1.00,0.0291
820812,32.230,100268.172,-1.2260,0,,,,,0,-1.00,-1.000,-1.00,0.0291
821012,32.220,100266.984,-1.1256,0,,,,,0,-1.00,-1.000,-1.00,0.0291
821227,32.220,100269.703,-1.3528,0,,,,,0,-1.00,-1.000,-1.00,0.0291
821421,32.210,100266.078,-1.0463,0,,,,,0,-1.00,-1.000,-1.00,0.0291
821602,32.210,100267.484,-1.1679,0,,,,,0,-1.00,-1.000,-1.00,0.0291
821802,32.210,100268.617,-1.2630,0,,,,,0,-1.00,-1.000,-1.00,0.0291
822002,32.210,100265.813,-1.0252,0,,,,,0,-1.00,-1.000,-1.00,0.0291
822228,32.200,100268.234,-1.2313,0,,,,,0,-1.00,-1.000,-1.00,0.0291
822413,32.210,100271.180,-1.4797,0,,,,,0,-1.00,-1.000,-1.00,0.0291
822612,32.200,100265.914,-1.0358,0,,,,,0,-1.00,-1.000,-1.00,0.0291
822812,32.210,100269.156,-1.3106,0,,,,,0,-1.00,-1.000,-1.00,0.0291
823002,32.220,100268.813,-1.2789,0,,,,,0,-1.00,-1.000,-1.00,0.0291
823228,32.230,100269.359,-1.3264,0,,,,,0,-1.00,-1.000,-1.00,0.0291
823414,32.220,100268.766,-1.2736,0,,,,,0,-1.00,-1.000,-1.00,0.0291
823612,32.210,100266.250,-1.0622,0,,,,,0,-1.00,-1.000,-1.00,0.0291
823812,32.200,100265.914,-1.0358,0,,,,,0,-1.00,-1.000,-1.00,0.0291
824012,32.210,100265.992,-1.0411,0,,,,,0,-1.00,-1.000,-1.00,0.0291
824228,32.200,100262.938,-0.7874,0,,,,,0,-1.00,-1.000,-1.00,0.0291
824422,32.200,100266.930,-1.1203,0,,,,,0,-1.00,-1.000,-1.00,0.0291
824602,32.200,100265.563,-1.0041,0,,,,,0,-1.00,-1.000,-1.00,0.0291
824802,32.200,100266.336,-1.0728,0,,,,,0,-1.00,-1.000,-1.00,0.0291
825002,32.200,100265.984,-1.0411,0,,,,,0,-1.00,-1.000,-1.00,0.0291
825228,32.190,100269.000,-1.2947,0,,,,,0,-1.00,-1.000,-1.00,0.0291
825413,32.190,100271.148,-1.4744,0,,,,,0,-1.00,-1.000,-1.00,0.0291
825612,32.180,100263.602,-0.8402,0,,,,,0,-1.00,-1.000,-1.00,0.0291
825812,32.170,100265.641,-1.0146,0,,,,,0,-1.00,-1.000,-1.00,0.0291
826012,32.170,100264.750,-0.9354,0,,,,,0,-1.00,-1.000,-1.00,0.0291
826212,32.190,100268.984,-1.2947,0,,,,,0,-1.00,-1.000,-1.00,0.0291
826409,32.180,100265.391,-0.9935,0,,,,,0,-1.00,-1.000,-1.00,0.0291
826612,32.180,100266.828,-1.1098,0,,,,,0,-1.00,-1.000,-1.00,0.0291
826812,32.190,100268.984,-1.2947,0,,,,,0,-1.00,-1.000,-1.00,0.0291
827012,32.180,100267.898,-1.2049,0,,,,,0,-1.00,-1.000,-1.00,0.0291
827228,32.180,100268.813,-1.2789,0,,,,,0,-1.00,-1.000,-1.00,0.0291
827421,32.180,100267.617,-1.1785,0,,,,,0,-1.00,-1.000,-1.00,0.0291
827602,32.190,100266.688,-1.0992,0,,,,,0,-1.00,-1.000,-1.00,0.0291
827802,32.190,100269.063,-1.3000,0,,,,,0,-1.00,-1.000,-1.00,0.0291
828012,32.200,100266.750,-1.1045,0,,,,,0,-1.00,-1.000,-1.00,0.0291
828230,32.200,100269.609,-1.3476,0,,,,,0,-1.00,-1.000,-1.00,0.0291
828424,32.210,100268.266,-1.2313,0,,,,,0,-1.00,-1.000,-1.00,0.0291
828602,32.210,100266.078,-1.0463,0,,,,,0,-1.00,-1.000,-1.00,0.0291
828802,32.210,100267.148,-1.1415,0,,,,,0,-1.00,-1.000,-1.00,0.0291
829002,32.230,100267.094,-1.1362,0,,,,,0,-1.00,-1.000,-1.00,0.0291
829228,32.230,100270.156,-1.3951,0,,,,,0,-1.00,-1.000,-1.00,0.0291
829446,32.240,100269.398,-1.3264,0,,,,,0,-1.00,-1.000,-1.00,0.0291
829612,32.240,100266.516,-1.0886,0,,,,,0,-1.00,-1.000,-1.00,0.0291
829812,32.230,100266.992,-1.1256,0,,,,,0,-1.00,-1.000,-1.00,0.0291
830012,32.240,100268.484,-1.2524,0,,,,,0,-1.00,-1.000,-1.00,0.0291
830230,32.240,100267.359,-1.1573,0,,,,,0,-1.00,-1.000,-1.00,0.0291
830446,32.240,100267.609,-1.1785,0,,,,,0,-1.00,-1.000,-1.00,0.0291
830602,32.250,100269.922,-1.3740,0,,,,,0,-1.00,-1.000,-1.00,0.0291
830802,32.240,100266.539,-1.0886,0,,,,,0,-1.00,-1.000,-1.00,0.0291
831002,32.250,100268.492,-1.2524,0,,,,,0,-1.00,-1.000,-1.00,0.0291
831229,32.260,100267.461,-1.1679,0,,,,,0,-1.00,-1.000,-1.00,0.0291
831445,32.270,100268.906,-1.2894,0,,,,,0,-1.00,-1.000,-1.00,0.0291
831602,32.260,100268.945,-1.2894,0,,,,,0,-1.00,-1.000,-1.00,0.0291
831802,32.260,100268.891,-1.2841,0,,,,,0,-1.00,-1.000,-1.00,0.0291
832002,32.260,100266.797,-1.1098,0,,,,,0,-1.00,-1.000,-1.00,0.0291
832202,32.260,100266.797,-1.1098,0,,,,,0,-1.00,-1.000,-1.00,0.0291
832410,32.270,100269.672,-1.3528,0,,,,,0,-1.00,-1.000,-1.00,0.0291
832607,32.270,100271.281,-1.4850,0,,,,,0,-1.00,-1.000,-1.00,0.0291
832812,32.270,100269.078,-1.3000,0,,,,,0,-1.00,-1.000,-1.00,0.0291
833002,32.260,100265.422,-0.9935,0,,,,,0,-1.00,-1.000,-1.00,0.0291
833230,32.270,100267.016,-1.1309,0,,,,,0,-1.00,-1.000,-1.00,0.0291
833446,32.280,100267.984,-1.2102,0,,,,,0,-1.00,-1.000,-1.00,0.0291
833612,32.280,100267.211,-1.1467,0,,,,,0,-1.00,-1.000,-1.00,0.0291
833812,32.290,100268.398,-1.2419,0,,,,,0,-1.00,-1.000,-1.00,0.0291
834012,32.300,100269.305,-1.3211,0,,,,,0,-1.00,-1.000,-1.00,0.0291
834228,32.300,100270.633,-1.4321,0,,,,,0,-1.00,-1.000,-1.00,0.0291
834419,32.290,100263.953,-0.8720,0,,,,,0,-1.00,-1.000,-1.00,0.0291
834602,32.310,100266.953,-1.1256,0,,,,,0,-1.00,-1.000,-1.00,0.0291
834802,32.300,100266.078,-1.0463,0,,,,,0,-1.00,-1.000,-1.00,0.0291
835002,32.300,100267.516,-1.1679,0,,,,,0,-1.00,-1.000,-1.00,0.0291
835228,32.300,100267.688,-1.1837,0,,,,,0,-1.00,-1.000,-1.00,0.0291
835422,32.300,100266.078,-1.0463,0,,,,,0,-1.00,-1.000,-1.00,0.0291
835602,32.300,100263.938,-0.8667,0,,,,,0,-1.00,-1.000,-1.00,0.0291
835802,32.300,100267.000,-1.1256,0,,,,,0,-1.00,-1.000,-1.00,0.0291
836002,32.300,100267.359,-1.1573,0,,,,,0,-1.00,-1.000,-1.00,0.0291
836232,32.310,100267.305,-1.1520,0,,,,,0,-1.00,-1.000,-1.00,0.0291
836426,32.310,100268.141,-1.2207,0,,,,,0,-1.00,-1.000,-1.00,0.0291
836602,32.330,100270.734,-1.4427,0,,,,,0,-1.00,-1.000,-1.00,0.0291
836802,32.330,100266.273,-1.0675,0,,,,,0,-1.00,-1.000,-1.00,0.0291
837002,32.330,100266.813,-1.1098,0,,,,,0,-1.00,-1.000,-1.00,0.0291
837232,32.330,100268.883,-1.2841,0,,,,,0,-1.00,-1.000,-1.00,0.0291
837418,32.330,100265.078,-0.9671,0,,,,,0,-1.00,-1.000,-1.00,0.0291
837602,32.320,100267.469,-1.1679,0,,,,,0,-1.00,-1.000,-1.00,0.0291
837802,32.320,100268.188,-1.2260,0,,,,,0,-1.00,-1.000,-1.00,0.0291
838002,32.330,100268.883,-1.2841,0,,,,,0,-1.00,-1.000,-1.00,0.0291
838202,32.330,100270.438,-1.4163,0,,,,,0,-1.00,-1.000,-1.00,0.0291
838401,32.340,100270.219,-1.3951,0,,,,,0,-1.00,-1.000,-1.00,0.0291
838602,32.340,100267.969,-1.2102,0,,,,,0,-1.00,-1.000,-1.00,0.0291
838802,32.350,100272.328,-1.5748,0,,,,,0,-1.00,-1.000,-1.00,0.0291
839002,32.360,100268.477,-1.2524,0,,,,,0,-1.00,-1.000,-1.00,0.0291
839231,32.360,100268.180,-1.2260,0,,,,,0,-1.00,-1.000,-1.00,0.0291
839417,32.370,100268.109,-1.2207,0,,,,,0,-1.00,-1.000,-1.00,0.0291
839612,32.370,100270.797,-1.4480,0,,,,,0,-1.00,-1.000,-1.00,0.0291
839812,32.370,100270.281,-1.4004,0,,,,,0,-1.00,-1.000,-1.00,0.0291
840012,32.360,100268.055,-1.2154,0,,,,,0,-1.00,-1.000,-1.00,0.0291
840232,32.370,100267.219,-1.1467,0,,,,,0,-1.00,-1.000,-1.00,0.0291
840409,32.360,100269.250,-1.3159,0,,,,,0,-1.00,-1.000,-1.00,0.0291
840612,32.350,100266.609,-1.0939,0,,,,,0,-1.00,-1.000,-1.00,0.0291
840812,32.350,100268.047,-1.2154,0,,,,,0,-1.00,-1.000,-1.00,0.0291
841012,32.350,100266.609,-1.0939,0,,,,,0,-1.00,-1.000,-1.00,0.0291
841232,32.360,100268.281,-1.2366,0,,,,,0,-1.00,-1.000,-1.00,0.0291
841409,32.360,100268.297,-1.2366,0,,,,,0,-1.00,-1.000,-1.00,0.0291
841612,32.360,100267.461,-1.1679,0,,,,,0,-1.00,-1.000,-1.00,0.0291
841812,32.370,100265.609,-1.0093,0,,,,,0,-1.00,-1.000,-1.00,0.0291
842012,32.370,100266.703,-1.1045,0,,,,,0,-1.00,-1.000,-1.00,0.0291
842232,32.370,100269.141,-1.3053,0,,,,,0,-1.00,-1.000,-1.00,0.0291
842409,32.380,100267.969,-1.2102,0,,,,,0,-1.00,-1.000,-1.00,0.0291
842612,32.390,100270.430,-1.4163,0,,,,,0,-1.00,-1.000,-1.00,0.0291
842812,32.390,100268.109,-1.2207,0,,,,,0,-1.00,-1.000,-1.00,0.0291
843012,32.400,100271.219,-1.4797,0,,,,,0,-1.00,-1.000,-1.00,0.0291
843232,32.390,100267.172,-1.1415,0,,,,,0,-1.00,-1.000,-1.00,0.0291
843409,32.390,100267.859,-1.1996,0,,,,,0,-1.00,-1.000,-1.00,0.0291
843612,32.390,100272.508,-1.5906,0,,,,,0,-1.00,-1.000,-1.00,0.0291
843812,32.380,100266.828,-1.1098,0,,,,,0,-1.00,-1.000,-1.00,0.0291
844012,32.390,100266.094,-1.0516,0,,,,,0,-1.00,-1.000,-1.00,0.0291
844212,32.400,100267.102,-1.1362,0,,,,,0,-1.00,-1.000,-1.00,0.0291
844408,32.400,100269.961,-1.3740,0,,,,,0,-1.00,-1.000,-1.00,0.0291
844602,32.390,100266.016,-1.0463,0,,,,,0,-1.00,-1.000,-1.00,0.0291
844802,32.380,100266.063,-1.0463,0,,,,,0,-1.00,-1.000,-1.00,0.0291
845002,32.370,100266.281,-1.0675,0,,,,,0,-1.00,-1.000,-1.00,0.0291
845227,32.380,100267.016,-1.1309,0,,,,,0,-1.00,-1.000,-1.00,0.0291
845412,32.380,100268.500,-1.2524,0,,,,,0,-1.00,-1.000,-1.00,0.0291
845612,32.380,100268.969,-1.2947,0,,,,,0,-1.00,-1.000,-1.00,0.0291
845812,32.380,100264.984,-0.9565,0,,,,,0,-1.00,-1.000,-1.00,0.0291
846012,32.390,100267.445,-1.1626,0,,,,,0,-1.00,-1.000,-1.00,0.0291
846228,32.390,100270.188,-1.3951,0,,,,,0,-1.00,-1.000,-1.00,0.0291
846405,32.380,100269.219,-1.3159,0,,,,,0,-1.00,-1.000,-1.00,0.0291
846602,32.370,100271.000,-1.4638,0,,,,,0,-1.00,-1.000,-1.00,0.0291
846802,32.350,100265.813,-1.0252,0,,,,,0,-1.00,-1.000,-1.00,0.0291
847002,32.350,100267.781,-1.1943,0,,,,,0,-1.00,-1.000,-1.00,0.0291
847228,32.340,100267.359,-1.1573,0,,,,,0,-1.00,-1.000,-1.00,0.0291
847405,32.330,100267.938,-1.2049,0,,,,,0,-1.00,-1.000,-1.00,0.0291
847602,32.320,100269.406,-1.3317,0,,,,,0,-1.00,-1.000,-1.00,0.0291
847802,32.320,100268.516,-1.2524,0,,,,,0,-1.00,-1.000,-1.00,0.0291
848012,32.310,100268.203,-1.2260,0,,,,,0,-1.00,-1.000,-1.00,0.0291
848228,32.310,100269.820,-1.3634,0,,,,,0,-1.00,-1.000,-1.00,0.0291
848414,32.300,100270.750,-1.4427,0,,,,,0,-1.00,-1.000,-1.00,0.0291
848612,32.290,100270.078,-1.3846,0,,,,,0,-1.00,-1.000,-1.00,0.0291
848812,32.280,100269.688,-1.3528,0,,,,,0,-1.00,-1.000,-1.00,0.0291
849012,32.270,100269.875,-1.3687,0,,,,,0,-1.00,-1.000,-1.00,0.0291
849227,32.270,100267.656,-1.1837,0,,,,,0,-1.00,-1.000,-1.00,0.0291
849413,32.270,100269.977,-1.3793,0,,,,,0,-1.00,-1.000,-1.00,0.0291
849612,32.260,100265.781,-1.0252,0,,,,,0,-1.00,-1.000,-1.00,0.0291
849812,32.260,100268.484,-1.2524,0,,,,,0,-1.00,-1.000,-1.00,0.0291
850012,32.260,100271.094,-1.4691,0,,,,,0,-1.00,-1.000,-1.00,0.0291
850212,32.250,100268.625,-1.2630,0,,,,,0,-1.00,-1.000,-1.00,0.0291
850402,32.250,100271.844,-1.5325,0,,,,,0,-1.00,-1.000,-1.00,0.0291
850602,32.250,100268.281,-1.2366,0,,,,,0,-1.00,-1.000,-1.00,0.0291
850802,32.250,100267.500,-1.1679,0,,,,,0,-1.00,-1.000,-1.00,0.0291
851002,32.250,100270.086,-1.3846,0,,,,,0,-1.00,-1.000,-1.00,0.0291
851227,32.250,100268.523,-1.2524,0,,,,,0,-1.00,-1.000,-1.00,0.0291
851412,32.250,100267.781,-1.1943,0,,,,,0,-1.00,-1.000,-1.00,0.0291
851612,32.220,100267.164,-1.1415,0,,,,,0,-1.00,-1.000,-1.00,0.0291
851812,32.220,100268.719,-1.2736,0,,,,,0,-1.00,-1.000,-1.00,0.0291
852012,32.200,100268.125,-1.2207,0,,,,,0,-1.00,-1.000,-1.00,0.0291
852228,32.180,100267.734,-1.1890,0,,,,,0,-1.00,-1.000,-1.00,0.0291
852413,32.170,100269.805,-1.3634,0,,,,,0,-1.00,-1.000,-1.00,0.0291
852612,32.150,100268.625,-1.2630,0,,,,,0,-1.00,-1.000,-1.00,0.0291
852812,32.120,100268.875,-1.2841,0,,,,,0,-1.00,-1.000,-1.00,0.0291
853002,32.100,100268.672,-1.2683,0,,,,,0,-1.00,-1.000,-1.00,0.0291
853227,32.090,100267.703,-1.1837,0,,,,,0,-1.00,-1.000,-1.00,0.0291
853412,32.080,100266.234,-1.0622,0,,,,,0,-1.00,-1.000,-1.00,0.0291
853612,32.060,100262.922,-0.7821,0,,,,,0,-1.00,-1.000,-1.00,0.0291
853812,32.040,100265.219,-0.9776,0,,,,,0,-1.00,-1.000,-1.00,0.0291
854012,32.030,100268.313,-1.2366,0,,,,,0,-1.00,-1.000,-1.00,0.0291
854228,32.010,100266.141,-1.0569,0,,,,,0,-1.00,-1.000,-1.00,0.0291
854413,32.000,100266.422,-1.0780,0,,,,,0,-1.00,-1.000,-1.00,0.0291
854612,31.990,100267.953,-1.2049,0,,,,,0,-1.00,-1.000,-1.00,0.0291
854812,31.980,100267.852,-1.1996,0,,,,,0,-1.00,-1.000,-1.00,0.0291
855012,31.960,100264.484,-0.9142,0,,,,,0,-1.00,-1.000,-1.00,0.0291
855228,31.960,100265.578,-1.0041,0,,,,,0,-1.00,-1.000,-1.00,0.0291
855422,31.950,100266.102,-1.0516,0,,,,,0,-1.00,-1.000,-1.00,0.0291
855602,31.940,100265.406,-0.9935,0,,,,,0,-1.00,-1.000,-1.00,0.0291
855802,31.940,100268.508,-1.2524,0,,,,,0,-1.00,-1.000,-1.00,0.0291
856002,31.930,100264.922,-0.9512,0,,,,,0,-1.00,-1.000,-1.00,0.0291
856202,31.930,100268.016,-1.2102,0,,,,,0,-1.00,-1.000,-1.00,0.0291
856403,31.920,100267.047,-1.1309,0,,,,,0,-1.00,-1.000,-1.00,0.0291
856602,31.910,100268.047,-1.2154,0,,,,,0,-1.00,-1.000,-1.00,0.0291
856802,31.900,100268.500,-1.2524,0,,,,,0,-1.00,-1.000,-1.00,0.0291
857002,31.890,100268.523,-1.2524,0,,,,,0,-1.00,-1.000,-1.00,0.0291
857227,31.880,100265.828,-1.0252,0,,,,,0,-1.00,-1.000,-1.00,0.0291
857421,31.880,100266.391,-1.0728,0,,,,,0,-1.00,-1.000,-1.00,0.0291
857602,31.880,100267.797,-1.1943,0,,,,,0,-1.00,-1.000,-1.00,0.0291
857802,31.870,100266.430,-1.0780,0,,,,,0,-1.00,-1.000,-1.00,0.0291
858012,31.880,100267.156,-1.1415,0,,,,,0,-1.00,-1.000,-1.00,0.0291
858228,31.880,100268.328,-1.2366,0,,,,,0,-1.00,-1.000,-1.00,0.0291
858413,31.860,100265.523,-1.0041,0,,,,,0,-1.00,-1.000,-1.00,0.0291
858612,31.860,100265.797,-1.0252,0,,,,,0,-1.00,-1.000,-1.00,0.0291
858812,31.840,100269.039,-1.3000,0,,,,,0,-1.00,-1.000,-1.00,0.0291
859012,31.830,100270.492,-1.4215,0,,,,,0,-1.00,-1.000,-1.00,0.0291
859228,31.800,100270.023,-1.3793,0,,,,,0,-1.00,-1.000,-1.00,0.0291
859413,31.780,100267.906,-1.2049,0,,,,,0,-1.00,-1.000,-1.00,0.0291
859612,31.780,100269.203,-1.3106,0,,,,,0,-1.00,-1.000,-1.00,0.0291
859812,31.770,100268.547,-1.2577,0,,,,,0,-1.00,-1.000,-1.00,0.0291
860012,31.760,100267.516,-1.1679,0,,,,,0,-1.00,-1.000,-1.00,0.0291
860227,31.750,100267.859,-1.1996,0,,,,,0,-1.00,-1.000,-1.00,0.0291
860413,31.760,100269.523,-1.3370,0,,,,,0,-1.00,-1.000,-1.00,0.0291
860612,31.740,100267.766,-1.1890,0,,,,,0,-1.00,-1.000,-1.00,0.0291
860812,31.720,100264.984,-0.9565,0,,,,,0,-1.00,-1.000,-1.00,0.0291
861012,31.710,100267.469,-1.1679,0,,,,,0,-1.00,-1.000,-1.00,0.0291
861228,31.700,100269.008,-1.2947,0,,,,,0,-1.00,-1.000,-1.00,0.0291
861413,31.710,100271.266,-1.4850,0,,,,,0,-1.00,-1.000,-1.00,0.0291
861612,31.690,100273.453,-1.6699,0,,,,,0,-1.00,-1.000,-1.00,0.0291
861812,31.680,100267.750,-1.1890,0,,,,,0,-1.00,-1.000,-1.00,0.0291
862012,31.670,100270.242,-1.4004,0,,,,,0,-1.00,-1.000,-1.00,0.0291
862212,31.680,100269.430,-1.3317,0,,,,,0,-1.00,-1.000,-1.00,0.0291
862401,31.670,100265.234,-0.9776,0,,,,,0,-1.00,-1.000,-1.00,0.0291
862602,31.680,100266.750,-1.1045,0,,,,,0,-1.00,-1.000,-1.00,0.0291
862802,31.670,100266.875,-1.1150,0,,,,,0,-1.00,-1.000,-1.00,0.0291
863012,31.670,100267.406,-1.1626,0,,,,,0,-1.00,-1.000,-1.00,0.0291
863228,31.670,100265.984,-1.0411,0,,,,,0,-1.00,-1.000,-1.00,0.0291
863413,31.680,100271.453,-1.5008,0,,,,,0,-1.00,-1.000,-1.00,0.0291
863612,31.680,100270.820,-1.4480,0,,,,,0,-1.00,-1.000,-1.00,0.0291
863812,31.680,100266.391,-1.0728,0,,,,,0,-1.00,-1.000,-1.00,0.0291
864012,31.680,100267.344,-1.1573,0,,,,,0,-1.00,-1.000,-1.00,0.0291
864228,31.680,100268.852,-1.2841,0,,,,,0,-1.00,-1.000,-1.00,0.0291
864414,31.690,100264.500,-0.9142,0,,,,,0,-1.00,-1.000,-1.00,0.0291
864612,31.700,100268.172,-1.2260,0,,,,,0,-1.00,-1.000,-1.00,0.0291
864812,31.700,100265.438,-0.9935,0,,,,,0,-1.00,-1.000,-1.00,0.0291
865012,31.700,100265.672,-1.0146,0,,,,,0,-1.00,-1.000,-1.00,0.0291
865227,31.710,100267.828,-1.1943,0,,,,,0,-1.00,-1.000,-1.00,0.0291
865413,31.710,100264.438,-0.9089,0,,,,,0,-1.00,-1.000,-1.00,0.0291
865612,31.720,100264.813,-0.9406,0,,,,,0,-1.00,-1.000,-1.00,0.0291
865812,31.730,100267.211,-1.1467,0,,,,,0,-1.00,-1.000,-1.00,0.0291
866012,31.740,100268.953,-1.2894,0,,,,,0,-1.00,-1.000,-1.00,0.0291
866232,31.730,100266.734,-1.1045,0,,,,,0,-1.00,-1.000,-1.00,0.0291
866417,31.740,100266.336,-1.0728,0,,,,,0,-1.00,-1.000,-1.00,0.0291
866602,31.740,100266.281,-1.0675,0,,,,,0,-1.00,-1.000,-1.00,0.0291
866802,31.730,100266.734,-1.1045,0,,,,,0,-1.00,-1.000,-1.00,0.0291
867002,31.720,100270.297,-1.4057,0,,,,,0,-1.00,-1.000,-1.00,0.0291
867228,31.700,100266.781,-1.1098,0,,,,,0,-1.00,-1.000,-1.00,0.0291
867415,31.680,100266.172,-1.0569,0,,,,,0,-1.00,-1.000,-1.00,0.0291
867612,31.680,100265.609,-1.0093,0,,,,,0,-1.00,-1.000,-1.00,0.0291
867812,31.670,100270.422,-1.4163,0,,,,,0,-1.00,-1.000,-1.00,0.0291
868012,31.670,100268.578,-1.2577,0,,,,,0,-1.00,-1.000,-1.00,0.0291
868212,31.670,100268.453,-1.2472,0,,,,,0,-1.00,-1.000,-1.00,0.0291
868408,31.670,100266.375,-1.0728,0,,,,,0,-1.00,-1.000,-1.00,0.0291
868612,31.650,100270.625,-1.4321,0,,,,,0,-1.00,-1.000,-1.00,0.0291
868812,31.640,100268.469,-1.2524,0,,,,,0,-1.00,-1.000,-1.00,0.0291
869012,31.630,100270.000,-1.3793,0,,,,,0,-1.00,-1.000,-1.00,0.0291
869228,31.630,100272.680,-1.6065,0,,,,,0,-1.00,-1.000,-1.00,0.0291
869413,31.620,100269.063,-1.3000,0,,,,,0,-1.00,-1.000,-1.00,0.0291
869612,31.610,100270.063,-1.3846,0,,,,,0,-1.00,-1.000,-1.00,0.0291
869812,31.600,100268.750,-1.2736,0,,,,,0,-1.00,-1.000,-1.00,0.0291
870012,31.600,100270.406,-1.4110,0,,,,,0,-1.00,-1.000,-1.00,0.0291
870227,31.590,100273.602,-1.6805,0,,,,,0,-1.00,-1.000,-1.00,0.0291
870413,31.590,100273.844,-1.7016,0,,,,,0,-1.00,-1.000,-1.00,0.0291
870612,31.580,100271.375,-1.4955,0,,,,,0,-1.00,-1.000,-1.00,0.0291
870812,31.570,100272.844,-1.6171,0,,,,,0,-1.00,-1.000,-1.00,0.0291
871012,31.570,100269.672,-1.3528,0,,,,,0,-1.00,-1.000,-1.00,0.0291
871228,31.570,100269.672,-1.3528,0,,,,,0,-1.00,-1.000,-1.00,0.0291
871414,31.560,100268.586,-1.2577,0,,,,,0,-1.00,-1.000,-1.00,0.0291
871612,31.570,100270.563,-1.4268,0,,,,,0,-1.00,-1.000,-1.00,0.0291
871812,31.570,100269.703,-1.3528,0,,,,,0,-1.00,-1.000,-1.00,0.0291
872012,31.570,100269.391,-1.3264,0,,,,,0,-1.00,-1.000,-1.00,0.0291
872228,31.580,100270.609,-1.4321,0,,,,,0,-1.00,-1.000,-1.00,0.0291
872413,31.590,100272.875,-1.6224,0,,,,,0,-1.00,-1.000,-1.00,0.0291
872612,31.590,100270.266,-1.4004,0,,,,,0,-1.00,-1.000,-1.00,0.0291
872812,31.590,100272.344,-1.5748,0,,,,,0,-1.00,-1.000,-1.00,0.0291
873012,31.600,100269.328,-1.3211,0,,,,,0,-1.00,-1.000,-1.00,0.0291
873228,31.610,100271.016,-1.4638,0,,,,,0,-1.00,-1.000,-1.00,0.0291
873413,31.610,100275.914,-1.8760,0,,,,,0,-1.00,-1.000,-1.00,0.0291
873612,31.630,100270.273,-1.4004,0,,,,,0,-1.00,-1.000,-1.00,0.0291
873812,31.630,100271.883,-1.5378,0,,,,,0,-1.00,-1.000,-1.00,0.0291
874012,31.630,100267.320,-1.1520,0,,,,,0,-1.00,-1.000,-1.00,0.0291
874212,31.620,100267.539,-1.1732,0,,,,,0,-1.00,-1.000,-1.00,0.0291
874409,31.610,100268.094,-1.2207,0,,,,,0,-1.00,-1.000,-1.00,0.0291
874612,31.580,100268.344,-1.2419,0,,,,,0,-1.00,-1.000,-1.00,0.0291
874812,31.560,100265.453,-0.9988,0,,,,,0,-1.00,-1.000,-1.00,0.0291
875012,31.550,100269.422,-1.3317,0,,,,,0,-1.00,-1.000,-1.00,0.0291
875227,31.550,100269.063,-1.3000,0,,,,,0,-1.00,-1.000,-1.00,0.0291
875413,31.560,100270.625,-1.4321,0,,,,,0,-1.00,-1.000,-1.00,0.0291
875612,31.560,100267.953,-1.2049,0,,,,,0,-1.00,-1.000,-1.00,0.0291
875812,31.550,100269.422,-1.3317,0,,,,,0,-1.00,-1.000,-1.00,0.0291
876012,31.550,100267.406,-1.1626,0,,,,,0,-1.00,-1.000,-1.00,0.0291
876228,31.560,100272.336,-1.5748,0,,,,,0,-1.00,-1.000,-1.00,0.0291
876413,31.560,100270.016,-1.3793,0,,,,,0,-1.00,-1.000,-1.00,0.0291
876612,31.560,100270.547,-1.4268,0,,,,,0,-1.00,-1.000,-1.00,0.0291
876812,31.560,100273.313,-1.6593,0,,,,,0,-1.00,-1.000,-1.00,0.0291
877012,31.560,100271.172,-1.4797,0,,,,,0,-1.00,-1.000,-1.00,0.0291
877227,31.540,100271.234,-1.4850,0,,,,,0,-1.00,-1.000,-1.00,0.0291
877413,31.520,100269.797,-1.3634,0,,,,,0,-1.00,-1.000,-1.00,0.0291
877612,31.510,100269.125,-1.3053,0,,,,,0,-1.00,-1.000,-1.00,0.0291
877812,31.520,100269.531,-1.3370,0,,,,,0,-1.00,-1.000,-1.00,0.0291
878012,31.530,100272.039,-1.5484,0,,,,,0,-1.00,-1.000,-1.00,0.0291
878231,31.540,100271.906,-1.5378,0,,,,,0,-1.00,-1.000,-1.00,0.0291
878417,31.540,100269.984,-1.3793,0,,,,,0,-1.00,-1.000,-1.00,0.0291
878602,31.540,100272.086,-1.5537,0,,,,,0,-1.00,-1.000,-1.00,0.0291
878802,31.530,100271.813,-1.5325,0,,,,,0,-1.00,-1.000,-1.00,0.0291
879002,31.520,100270.063,-1.3846,0,,,,,0,-1.00,-1.000,-1.00,0.0291
879227,31.500,100268.328,-1.2366,0,,,,,0,-1.00,-1.000,-1.00,0.0291
879413,31.490,100267.281,-1.1520,0,,,,,0,-1.00,-1.000,-1.00,0.0291
879612,31.490,100267.633,-1.1785,0,,,,,0,-1.00,-1.000,-1.00,0.0291
879812,31.490,100269.773,-1.3581,0,,,,,0,-1.00,-1.000,-1.00,0.0291
880012,31.480,100264.781,-0.9406,0,,,,,0,-1.00,-1.000,-1.00,0.0291
880212,31.470,100266.609,-1.0939,0,,,,,0,-1.00,-1.000,-1.00,0.0291
880403,31.470,100266.406,-1.0780,0,,,,,0,-1.00,-1.000,-1.00,0.0291
880602,31.480,100269.172,-1.3106,0,,,,,0,-1.00,-1.000,-1.00,0.0291
880802,31.460,100269.453,-1.3317,0,,,,,0,-1.00,-1.000,-1.00,0.0291
881002,31.470,100270.875,-1.4533,0,,,,,0,-1.00,-1.000,-1.00,0.0291
881226,31.460,100269.609,-1.3476,0,,,,,0,-1.00,-1.000,-1.00,0.0291
881412,31.450,100267.266,-1.1520,0,,,,,0,-1.00,-1.000,-1.00,0.0291
881612,31.460,100271.094,-1.4691,0,,,,,0,-1.00,-1.000,-1.00,0.0291
881812,31.450,100270.367,-1.4110,0,,,,,0,-1.00,-1.000,-1.00,0.0291
882012,31.430,100266.281,-1.0675,0,,,,,0,-1.00,-1.000,-1.00,0.0291
882227,31.420,100266.117,-1.0516,0,,,,,0,-1.00,-1.000,-1.00,0.0291
882413,31.420,100267.750,-1.1890,0,,,,,0,-1.00,-1.000,-1.00,0.0291
882612,31.420,100268.289,-1.2366,0,,,,,0,-1.00,-1.000,-1.00,0.0291
882812,31.420,100266.594,-1.0939,0,,,,,0,-1.00,-1.000,-1.00,0.0291
883012,31.420,100267.016,-1.1309,0,,,,,0,-1.00,-1.000,-1.00,0.0291
883227,31.420,100264.938,-0.9512,0,,,,,0,-1.00,-1.000,-1.00,0.0291
883412,31.420,100266.359,-1.0728,0,,,,,0,-1.00,-1.000,-1.00,0.0291
883612,31.410,100267.781,-1.1943,0,,,,,0,-1.00,-1.000,-1.00,0.0291
883812,31.390,100265.477,-0.9988,0,,,,,0,-1.00,-1.000,-1.00,0.0291
884012,31.380,100265.078,-0.9671,0,,,,,0,-1.00,-1.000,-1.00,0.0291
884227,31.370,100264.531,-0.9195,0,,,,,0,-1.00,-1.000,-1.00,0.0291
884413,31.370,100266.570,-1.0886,0,,,,,0,-1.00,-1.000,-1.00,0.0291
884612,31.380,100266.859,-1.1150,0,,,,,0,-1.00,-1.000,-1.00,0.0291
884812,31.370,100268.711,-1.2736,0,,,,,0,-1.00,-1.000,-1.00,0.0291
885012,31.370,100268.625,-1.2630,0,,,,,0,-1.00,-1.000,-1.00,0.0291
885228,31.340,100265.297,-0.9829,0,,,,,0,-1.00,-1.000,-1.00,0.0291
885413,31.330,100265.164,-0.9724,0,,,,,0,-1.00,-1.000,-1.00,0.0291
885612,31.330,100265.641,-1.0146,0,,,,,0,-1.00,-1.000,-1.00,0.0291
885812,31.320,100267.234,-1.1467,0,,,,,0,-1.00,-1.000,-1.00,0.0291
886012,31.310,100262.984,-0.7874,0,,,,,0,-1.00,-1.000,-1.00,0.0291
886212,31.310,100269.156,-1.3106,0,,,,,0,-1.00,-1.000,-1.00,0.0291
886418,31.310,100267.547,-1.1732,0,,,,,0,-1.00,-1.000,-1.00,0.0291
886602,31.300,100263.500,-0.8350,0,,,,,0,-1.00,-1.000,-1.00,0.0291
886802,31.300,100266.453,-1.0833,0,,,,,0,-1.00,-1.000,-1.00,0.0291
887002,31.300,100266.281,-1.0675,0,,,,,0,-1.00,-1.000,-1.00,0.0291
887227,31.290,100267.742,-1.1890,0,,,,,0,-1.00,-1.000,-1.00,0.0291
887413,31.290,100266.344,-1.0728,0,,,,,0,-1.00,-1.000,-1.00,0.0291
887612,31.300,100266.758,-1.1045,0,,,,,0,-1.00,-1.000,-1.00,0.0291
887812,31.300,100266.484,-1.0833,0,,,,,0,-1.00,-1.000,-1.00,0.0291
888012,31.290,100266.875,-1.1150,0,,,,,0,-1.00,-1.000,-1.00,0.0291
888228,31.300,100266.641,-1.0939,0,,,,,0,-1.00,-1.000,-1.00,0.0291
888413,31.280,100267.219,-1.1467,0,,,,,0,-1.00,-1.000,-1.00,0.0291
888612,31.270,100266.703,-1.1045,0,,,,,0,-1.00,-1.000,-1.00,0.0291
888812,31.270,100266.172,-1.0569,0,,,,,0,-1.00,-1.000,-1.00,0.0291
889012,31.250,100265.945,-1.0358,0,,,,,0,-1.00,-1.000,-1.00,0.0291
889227,31.240,100261.945,-0.7028,0,,,,,0,-1.00,-1.000,-1.00,0.0291
889413,31.240,100267.750,-1.1890,0,,,,,0,-1.00,-1.000,-1.00,0.0291
889612,31.220,100264.438,-0.9089,0,,,,,0,-1.00,-1.000,-1.00,0.0291
889812,31.220,100264.977,-0.9565,0,,,,,0,-1.00,-1.000,-1.00,0.0291
890012,31.220,100265.281,-0.9829,0,,,,,0,-1.00,-1.000,-1.00,0.0291
890227,31.220,100264.828,-0.9459,0,,,,,0,-1.00,-1.000,-1.00,0.0291
890413,31.220,100266.578,-1.0886,0,,,,,0,-1.00,-1.000,-1.00,0.0291
890612,31.210,100267.047,-1.1309,0,,,,,0,-1.00,-1.000,-1.00,0.0291
890812,31.200,100266.906,-1.1203,0,,,,,0,-1.00,-1.000,-1.00,0.0291
891012,31.200,100264.469,-0.9142,0,,,,,0,-1.00,-1.000,-1.00,0.0291
891228,31.180,100263.891,-0.8667,0,,,,,0,-1.00,-1.000,-1.00,0.0291
891413,31.180,100265.391,-0.9935,0,,,,,0,-1.00,-1.000,-1.00,0.0291
891612,31.160,100264.133,-0.8878,0,,,,,0,-1.00,-1.000,-1.00,0.0291
891812,31.160,100265.641,-1.0146,0,,,,,0,-1.00,-1.000,-1.00,0.0291
892002,31.150,100262.945,-0.7874,0,,,,,0,-1.00,-1.000,-1.00,0.0291
892202,31.150,100264.906,-0.9512,0,,,,,0,-1.00,-1.000,-1.00,0.0291
892409,31.160,100265.328,-0.9882,0,,,,,0,-1.00,-1.000,-1.00,0.0291
892602,31.170,100262.484,-0.7451,0,,,,,0,-1.00,-1.000,-1.00,0.0291
892802,31.170,100264.406,-0.9089,0,,,,,0,-1.00,-1.000,-1.00,0.0291
893002,31.180,100263.656,-0.8455,0,,,,,0,-1.00,-1.000,-1.00,0.0291
893231,31.190,100265.453,-0.9988,0,,,,,0,-1.00,-1.000,-1.00,0.0291
893417,31.190,100265.156,-0.9724,0,,,,,0,-1.00,-1.000,-1.00,0.0291
893602,31.190,100263.266,-0.8138,0,,,,,0,-1.00,-1.000,-1.00,0.0291
893802,31.180,100264.844,-0.9459,0,,,,,0,-1.00,-1.000,-1.00,0.0291
894002,31.170,100265.578,-1.0041,0,,,,,0,-1.00,-1.000,-1.00,0.0291
894227,31.150,100262.867,-0.7768,0,,,,,0,-1.00,-1.000,-1.00,0.0291
894413,31.140,100263.859,-0.8614,0,,,,,0,-1.00,-1.000,-1.00,0.0291
894612,31.140,100263.461,-0.8297,0,,,,,0,-1.00,-1.000,-1.00,0.0291
894812,31.130,100261.102,-0.6289,0,,,,,0,-1.00,-1.000,-1.00,0.0291
895012,31.120,100264.172,-0.8878,0,,,,,0,-1.00,-1.000,-1.00,0.0291
895227,31.110,100263.742,-0.8508,0,,,,,0,-1.00,-1.000,-1.00,0.0291
895413,31.110,100264.281,-0.8984,0,,,,,0,-1.00,-1.000,-1.00,0.0291
895612,31.110,100264.578,-0.9248,0,,,,,0,-1.00,-1.000,-1.00,0.0291
895812,31.110,100262.492,-0.7451,0,,,,,0,-1.00,-1.000,-1.00,0.0291
896012,31.100,100260.664,-0.5919,0,,,,,0,-1.00,-1.000,-1.00,0.0291
896227,31.100,100262.469,-0.7451,0,,,,,0,-1.00,-1.000,-1.00,0.0291
896412,31.090,100261.000,-0.6236,0,,,,,0,-1.00,-1.000,-1.00,0.0291
896612,31.100,100264.172,-0.8878,0,,,,,0,-1.00,-1.000,-1.00,0.0291
896812,31.080,100264.984,-0.9565,0,,,,,0,-1.00,-1.000,-1.00,0.0291
897012,31.080,100265.031,-0.9618,0,,,,,0,-1.00,-1.000,-1.00,0.0291
897233,31.060,100261.719,-0.6817,0,,,,,0,-1.00,-1.000,-1.00,0.0291
897419,31.060,100262.313,-0.7346,0,,,,,0,-1.00,-1.000,-1.00,0.0291
897602,31.060,100264.391,-0.9089,0,,,,,0,-1.00,-1.000,-1.00,0.0291
897802,31.060,100263.008,-0.7927,0,,,,,0,-1.00,-1.000,-1.00,0.0291
898002,31.060,100266.125,-1.0516,0,,,,,0,-1.00,-1.000,-1.00,0.0291
898212,31.060,100261.609,-0.6711,0,,,,,0,-1.00,-1.000,-1.00,0.0291
898409,31.050,100260.625,-0.5919,0,,,,,0,-1.00,-1.000,-1.00,0.0291
898612,31.050,100260.625,-0.5919,0,,,,,0,-1.00,-1.000,-1.00,0.0291
898812,31.040,100262.156,-0.7187,0,,,,,0,-1.00,-1.000,-1.00,0.0291
899012,31.030,100258.016,-0.3699,0,,,,,0,-1.00,-1.000,-1.00,0.0291
899228,31.030,100260.922,-0.6130,0,,,,,0,-1.00,-1.000,-1.00,0.0291
899413,31.030,100259.203,-0.4703,0,,,,,0,-1.00,-1.000,-1.00,0.0291
899612,31.030,100263.594,-0.8402,0,,,,,0,-1.00,-1.000,-1.00,0.0291
899812,31.030,100262.414,-0.7398,0,,,,,0,-1.00,-1.000,-1.00,0.0291
900012,31.020,100263.219,-0.8085,0,,,,,0,-1.00,-1.000,-1.00,0.0291
# finished,samples,4501,gps_lines,5632,gps_valid_updates,0
