# ESP32 GPS offline logger
# log_path,/gps_logs/gps_nmea_0001.txt
# gps_uart_id,2
# gps_rx_pin,16
# gps_tx_pin,17
# gps_baudrate,9600
# start_led_on_s,3
# start_led_off_s,1
# capture_duration_s,1200
# format,elapsed_ms,nmea_sentence
250,$GPRMC,132402.00,A,2601.83141,N,11911.58242,E,0.041,,290626,,,A*70
374,$GPVTG,,T,,M,0.041,N,0.076,K,A*27
378,$GPGGA,132402.00,2601.83141,N,11911.58242,E,1,08,1.10,18.4,M,10.0,M,,*64
450,$GPGSA,A,3,03,31,26,25,29,28,16,32,,,,,2.05,1.10,1.73*05
509,$GPGSV,3,1,11,03,22,306,41,10,13,177,,16,35,223,26,25,16,041,31*7B
583,$GPGSV,3,2,11,26,63,250,31,27,01,193,,28,51,019,37,29,28,076,23*70
697,$GPGSV,3,3,11,31,50,330,39,32,64,113,28,42,52,139,30*47
711,$GPGLL,2601.83141,N,11911.58242,E,132402.00,A,A*65
1260,$GPRMC,132403.00,A,2601.83148,N,11911.58242,E,0.019,,290626,,,A*75
1336,$GPVTG,,T,,M,0.019,N,0.035,K,A*2D
1373,$GPGGA,132403.00,2601.83148,N,11911.58242,E,1,08,1.10,18.4,M,10.0,M,,*6C
1500,$GPGSA,A,3,03,31,26,25,29,28,16,32,,,,,2.05,1.10,1.73*05
1509,$GPGSV,3,1,11,03,22,306,41,10,13,177,,16,35,223,26,25,16,041,31*7B
1581,$GPGSV,3,2,11,26,63,250,31,27,01,193,,28,51,019,37,29,28,076,23*70
1651,$GPGSV,3,3,11,31,50,330,39,32,64,113,28,42,52,139,30*47
1713,$GPGLL,2601.83148,N,11911.58242,E,132403.00,A,A*6D
2210,$GPRMC,132404.00,A,2601.83154,N,11911.58240,E,0.089,,290626,,,A*74
2335,$GPVTG,,T,,M,0.089,N,0.165,K,A*20
2370,$GPGGA,132404.00,2601.83154,N,11911.58240,E,1,08,1.10,18.4,M,10.0,M,,*64
2449,$GPGSA,A,3,03,31,26,25,29,28,16,32,,,,,2.05,1.10,1.73*05
2510,$GPGSV,3,1,11,03,22,306,42,10,13,177,,16,35,223,26,25,16,041,31*78
2636,$GPGSV,3,2,11,26,63,250,31,27,01,193,,28,51,019,37,29,28,076,22*71
2650,$GPGSV,3,3,11,31,50,330,39,32,64,113,28,42,52,139,30*47
2710,$GPGLL,2601.83154,N,11911.58240,E,132404.00,A,A*65
3260,$GPRMC,132405.00,A,2601.83163,N,11911.58240,E,0.019,,290626,,,A*78
3337,$GPVTG,,T,,M,0.019,N,0.034,K,A*2C
3428,$GPGGA,132405.00,2601.83163,N,11911.58240,E,1,08,1.10,18.4,M,10.0,M,,*61
3449,$GPGSA,A,3,03,31,26,25,29,28,16,32,,,,,2.05,1.10,1.73*05
3508,$GPGSV,3,1,11,03,22,306,42,10,13,177,,16,35,223,27,25,16,041,31*79
3580,$GPGSV,3,2,11,26,63,250,31,27,01,193,,28,51,019,37,29,28,076,21*72
3653,$GPGSV,3,3,11,31,50,330,39,32,64,113,28,42,52,139,30*47
3772,$GPGLL,2601.83163,N,11911.58240,E,132405.00,A,A*60
4170,$GPRMC,132406.00,A,2601.83171,N,11911.58241,E,0.132,,290626,,,A*71
4335,$GPVTG,,T,,M,0.132,N,0.245,K,A*20
4371,$GPGGA,132406.00,2601.83171,N,11911.58241,E,1,08,1.10,18.5,M,10.0,M,,*61
4451,$GPGSA,A,3,03,31,26,25,29,28,16,32,,,,,2.05,1.10,1.73*05
4583,$GPGSV,3,1,11,03,22,306,42,10,13,177,,16,35,223,27,25,16,041,31*79
4589,$GPGSV,3,2,11,26,63,250,31,27,01,193,,28,51,019,37,29,28,076,21*72
4650,$GPGSV,3,3,11,31,50,330,39,32,64,113,29,42,52,139,30*46
4710,$GPGLL,2601.83171,N,11911.58241,E,132406.00,A,A*61
5260,$GPRMC,132407.00,A,2601.83178,N,11911.58242,E,0.161,,290626,,,A*7C
5406,$GPVTG,,T,,M,0.161,N,0.299,K,A*27
5410,$GPGGA,132407.00,2601.83178,N,11911.58242,E,1,08,1.10,18.5,M,10.0,M,,*6A
5448,$GPGSA,A,3,03,31,26,25,29,28,16,32,,,,,2.05,1.10,1.73*05
5507,$GPGSV,3,1,11,03,22,306,42,10,13,177,,16,35,223,27,25,16,041,31*79
5581,$GPGSV,3,2,11,26,63,250,32,27,01,193,,28,51,019,37,29,28,076,20*70
5730,$GPGSV,3,3,11,31,50,330,39,32,64,113,29,42,52,139,30*46
5735,$GPGLL,2601.83178,N,11911.58242,E,132407.00,A,A*6A
6260,$GPRMC,132408.00,A,2601.83189,N,11911.58240,E,0.073,,290626,,,A*7D
6335,$GPVTG,,T,,M,0.073,N,0.135,K,A*20
6372,$GPGGA,132408.00,2601.83189,N,11911.58240,E,1,08,1.10,18.7,M,10.0,M,,*6B
6532,$GPGSA,A,3,03,31,26,25,29,28,16,32,,,,,2.05,1.10,1.73*05
6537,$GPGSV,3,1,11,03,22,306,42,10,13,177,,16,35,223,27,25,16,041,31*79
6580,$GPGSV,3,2,11,26,63,250,32,27,01,193,,28,51,019,37,29,28,076,19*7A
6650,$GPGSV,3,3,11,31,50,330,39,32,64,113,29,42,52,139,30*46
6712,$GPGLL,2601.83189,N,11911.58240,E,132408.00,A,A*69
7240,$GPRMC,132409.00,A,2601.83198,N,11911.58238,E,0.093,,290626,,,A*7D
7335,$GPVTG,,T,,M,0.093,N,0.172,K,A*2D
7370,$GPGGA,132409.00,2601.83198,N,11911.58238,E,1,08,1.10,18.8,M,10.0,M,,*6A
7449,$GPGSA,A,3,03,31,26,25,29,28,16,32,,,,,2.05,1.10,1.73*05
7510,$GPGSV,3,1,11,03,22,306,42,10,13,177,,16,35,223,26,25,16,041,30*79
7707,$GPGSV,3,2,11,26,63,250,32,27,01,193,,28,51,019,36,29,28,076,19*7B
7712,$GPGSV,3,3,11,31,50,330,39,32,64,113,29,42,52,139,30*46
7724,$GPGLL,2601.83198,N,11911.58238,E,132409.00,A,A*67
8260,$GPRMC,132410.00,A,2601.83210,N,11911.58236,E,0.068,,290626,,,A*7C
8337,$GPVTG,,T,,M,0.068,N,0.126,K,A*28
8414,$GPGGA,132410.00,2601.83210,N,11911.58236,E,1,08,1.10,19.0,M,10.0,M,,*66
8450,$GPGSA,A,3,03,31,26,25,29,28,16,32,,,,,2.05,1.10,1.73*05
8508,$GPGSV,3,1,11,03,22,306,42,10,13,177,,16,35,223,26,25,16,041,30*79
8581,$GPGSV,3,2,11,26,63,250,32,27,01,193,,28,51,019,36,29,28,076,19*7B
8653,$GPGSV,3,3,11,31,50,330,39,32,64,113,28,42,52,139,30*47
8760,$GPGLL,2601.83210,N,11911.58236,E,132410.00,A,A*62
9260,$GPRMC,132411.00,A,2601.83222,N,11911.58235,E,0.104,,290626,,,A*74
9336,$GPVTG,,T,,M,0.104,N,0.193,K,A*2D
9371,$GPGGA,132411.00,2601.83222,N,11911.58235,E,1,08,1.10,19.1,M,10.0,M,,*64
9452,$GPGSA,A,3,03,31,26,25,29,28,16,32,,,,,2.05,1.10,1.73*05
9560,$GPGSV,3,1,11,03,22,306,42,10,13,177,,16,35,223,26,25,16,041,31*78
9581,$GPGSV,3,2,11,26,63,250,32,27,01,193,,28,51,019,36,29,28,076,18*7A
9651,$GPGSV,3,3,11,31,50,330,39,32,64,113,28,42,52,139,30*47
9711,$GPGLL,2601.83222,N,11911.58235,E,132411.00,A,A*61
# status,10 s,nmea,80,fix,20,utc,132411.00,mode,2
10213,$GPRMC,132412.00,A,2601.83233,N,11911.58233,E,0.057,,290626,,,A*76
10393,$GPVTG,,T,,M,0.057,N,0.105,K,A*25
10398,$GPGGA,132412.00,2601.83233,N,11911.58233,E,1,08,1.10,19.3,M,10.0,M,,*63
10449,$GPGSA,A,3,03,31,26,25,29,28,16,32,,,,,2.05,1.10,1.73*05
10510,$GPGSV,3,1,11,03,22,306,42,10,13,177,,16,35,223,26,25,16,041,31*78
10582,$GPGSV,3,2,11,26,63,250,33,27,01,193,,28,51,019,36,29,28,076,18*7B
10707,$GPGSV,3,3,11,31,50,330,39,32,64,113,28,42,52,139,30*47
10712,$GPGLL,2601.83233,N,11911.58233,E,132412.00,A,A*64
11260,$GPRMC,132413.00,A,2601.83242,N,11911.58234,E,0.044,,290626,,,A*74
11335,$GPVTG,,T,,M,0.044,N,0.081,K,A*2A
11374,$GPGGA,132413.00,2601.83242,N,11911.58234,E,1,08,1.10,19.5,M,10.0,M,,*65
11509,$GPGSA,A,3,03,31,26,25,29,28,16,32,,,,,2.05,1.10,1.73*05
11523,$GPGSV,3,1,11,03,22,306,42,10,13,177,,16,35,223,26,25,16,041,30*79
11580,$GPGSV,3,2,11,26,63,250,32,27,01,193,,28,51,019,36,29,28,076,17*75
11652,$GPGSV,3,3,11,31,50,330,38,32,64,113,28,42,52,139,30*46
11712,$GPGLL,2601.83242,N,11911.58234,E,132413.00,A,A*64
12220,$GPRMC,132414.00,A,2601.83248,N,11911.58236,E,0.018,,290626,,,A*72
12334,$GPVTG,,T,,M,0.018,N,0.034,K,A*2D
12371,$GPGGA,132414.00,2601.83248,N,11911.58236,E,1,08,1.10,19.6,M,10.0,M,,*69
12448,$GPGSA,A,3,03,31,26,25,29,28,16,32,,,,,2.05,1.10,1.73*05
12511,$GPGSV,3,1,11,03,22,306,42,10,13,177,,16,35,223,26,25,16,041,30*79
12655,$GPGSV,3,2,11,26,63,250,32,27,01,193,,28,51,019,36,29,28,076,17*75
12661,$GPGSV,3,3,11,31,50,330,38,32,64,113,28,42,52,139,30*46
12709,$GPGLL,2601.83248,N,11911.58236,E,132414.00,A,A*6B
13260,$GPRMC,132415.00,A,2601.83254,N,11911.58239,E,0.087,,290626,,,A*77
13337,$GPVTG,,T,,M,0.087,N,0.162,K,A*29
13447,$GPGGA,132415.00,2601.83254,N,11911.58239,E,1,08,1.10,19.7,M,10.0,M,,*6B
13452,$GPGSA,A,3,03,31,26,25,29,28,16,32,,,,,2.05,1.10,1.73*05
13510,$GPGSV,3,1,11,03,22,306,42,10,13,177,,16,35,223,25,25,16,041,31*7B
13582,$GPGSV,3,2,11,26,63,250,32,27,01,193,,28,51,019,36,29,28,076,17*75
13654,$GPGSV,3,3,11,31,50,330,38,32,64,113,28,42,52,139,29*4E
13790,$GPGLL,2601.83254,N,11911.58239,E,132415.00,A,A*68
14190,$GPRMC,132416.00,A,2601.83263,N,11911.58240,E,0.151,,290626,,,A*74
14335,$GPVTG,,T,,M,0.151,N,0.279,K,A*2A
14370,$GPGGA,132416.00,2601.83263,N,11911.58240,E,1,08,1.10,20.0,M,10.0,M,,*6F
14450,$GPGSA,A,3,03,31,26,25,29,28,16,32,,,,,2.05,1.10,1.73*05
14593,$GPGSV,3,1,11,03,22,306,43,10,13,177,,16,35,223,25,25,16,041,31*7A
14598,$GPGSV,3,2,11,26,63,250,33,27,01,193,,28,51,019,36,29,28,076,19*7A
14651,$GPGSV,3,3,11,31,50,330,39,32,64,113,27,42,52,139,30*48
14710,$GPGLL,2601.83263,N,11911.58240,E,132416.00,A,A*61
15260,$GPRMC,132417.00,A,2601.83273,N,11911.58241,E,0.046,,290626,,,A*72
15416,$GPVTG,,T,,M,0.046,N,0.085,K,A*2C
15420,$GPGGA,132417.00,2601.83273,N,11911.58241,E,1,08,1.10,20.1,M,10.0,M,,*6F
15448,$GPGSA,A,3,03,31,26,25,29,28,16,32,,,,,2.05,1.10,1.73*05
15540,$GPGSV,3,1,11,03,22,306,43,10,13,177,,16,35,223,26,25,16,041,31*79
15583,$GPGSV,3,2,11,26,63,250,33,27,01,193,,28,51,019,36,29,28,076,19*7A
15684,$GPGSV,3,3,11,31,50,330,39,32,64,113,27,42,52,139,30*48
15710,$GPGLL,2601.83273,N,11911.58241,E,132417.00,A,A*60
16260,$GPRMC,132418.00,A,2601.83278,N,11911.58243,E,0.102,,290626,,,A*75
16335,$GPVTG,,T,,M,0.102,N,0.188,K,A*21
16372,$GPGGA,132418.00,2601.83278,N,11911.58243,E,1,08,1.10,20.3,M,10.0,M,,*6B
16497,$GPGSA,A,3,03,31,26,25,29,28,16,32,,,,,2.05,1.10,1.73*05
16508,$GPGSV,3,1,11,03,22,306,43,10,13,177,,16,35,223,26,25,16,041,31*79
16580,$GPGSV,3,2,11,26,63,250,33,27,01,193,,28,51,019,36,29,28,076,19*7A
16650,$GPGSV,3,3,11,31,50,330,39,32,64,113,27,42,52,139,30*48
16712,$GPGLL,2601.83278,N,11911.58243,E,132418.00,A,A*66
17200,$GPRMC,132419.00,A,2601.83281,N,11911.58247,E,0.065,,290626,,,A*76
17338,$GPVTG,,T,,M,0.065,N,0.121,K,A*22
17373,$GPGGA,132419.00,2601.83281,N,11911.58247,E,1,08,1.10,20.4,M,10.0,M,,*6F
17452,$GPGSA,A,3,03,31,26,25,29,28,16,32,,,,,2.05,1.10,1.73*05
17513,$GPGSV,3,1,11,03,22,306,43,10,13,177,,16,35,223,25,25,16,041,32*79
17633,$GPGSV,3,2,11,26,63,250,33,27,01,193,,28,51,019,37,29,28,076,18*7A
17653,$GPGSV,3,3,11,31,50,330,39,32,64,113,27,42,52,139,30*48
17713,$GPGLL,2601.83281,N,11911.58247,E,132419.00,A,A*65
18260,$GPRMC,132420.00,A,2601.83283,N,11911.58251,E,0.062,,290626,,,A*7E
18339,$GPVTG,,T,,M,0.062,N,0.116,K,A*21
18424,$GPGGA,132420.00,2601.83283,N,11911.58251,E,1,08,1.10,20.5,M,10.0,M,,*61
18450,$GPGSA,A,3,03,31,26,25,29,28,16,32,,,,,2.05,1.10,1.73*05
18509,$GPGSV,3,1,11,03,22,306,44,10,13,177,,16,35,223,25,25,16,041,31*7D
18581,$GPGSV,3,2,11,26,63,250,33,27,01,193,,28,51,019,36,29,28,076,19*7A
18653,$GPGSV,3,3,11,31,50,330,39,32,64,113,27,42,52,139,30*48
18768,$GPGLL,2601.83283,N,11911.58251,E,132420.00,A,A*6A
19170,$GPRMC,132421.00,A,2601.83282,N,11911.58256,E,0.044,,290626,,,A*7D
19336,$GPVTG,,T,,M,0.044,N,0.082,K,A*29
19371,$GPGGA,132421.00,2601.83282,N,11911.58256,E,1,08,1.10,20.7,M,10.0,M,,*64
19452,$GPGSA,A,3,03,31,26,25,29,28,16,32,,,,,2.05,1.10,1.73*05
19571,$GPGSV,3,1,11,03,22,306,43,10,13,177,,16,35,223,25,25,16,041,31*7A
19584,$GPGSV,3,2,11,26,63,250,33,27,01,193,,28,51,019,36,29,28,076,18*7B
19651,$GPGSV,3,3,11,31,50,330,39,32,64,113,27,42,52,139,30*48
19711,$GPGLL,2601.83282,N,11911.58256,E,132421.00,A,A*6D
# status,20 s,nmea,160,fix,40,utc,132421.00,mode,2
20233,$GPRMC,132422.00,A,2601.83282,N,11911.58260,E,0.076,,290626,,,A*7A
20413,$GPVTG,,T,,M,0.076,N,0.140,K,A*27
20418,$GPGGA,132422.00,2601.83282,N,11911.58260,E,1,08,1.10,20.9,M,10.0,M,,*6C
20448,$GPGSA,A,3,03,31,26,25,29,28,16,32,,,,,2.05,1.10,1.73*05
20509,$GPGSV,3,1,11,03,22,306,43,10,13,177,,16,35,223,24,25,16,041,31*7B
20581,$GPGSV,3,2,11,26,63,250,33,27,01,193,,28,51,019,36,29,28,076,19*7A
20727,$GPGSV,3,3,11,31,50,330,39,32,64,113,27,42,52,139,30*48
20731,$GPGLL,2601.83282,N,11911.58260,E,132422.00,A,A*6B
21260,$GPRMC,132423.00,A,2601.83284,N,11911.58263,E,0.079,,290626,,,A*71
21334,$GPVTG,,T,,M,0.079,N,0.146,K,A*2E
21373,$GPGGA,132423.00,2601.83284,N,11911.58263,E,1,08,1.10,21.0,M,10.0,M,,*60
21529,$GPGSA,A,3,03,31,26,25,29,28,16,32,,,,,2.05,1.10,1.73*05
21534,$GPGSV,3,1,11,03,22,306,43,10,13,177,,16,35,223,24,25,16,041,31*7B
21580,$GPGSV,3,2,11,26,63,250,32,27,01,193,,28,51,019,35,29,28,076,19*78
21651,$GPGSV,3,3,11,31,50,330,39,32,64,113,27,42,52,139,30*48
21711,$GPGLL,2601.83284,N,11911.58263,E,132423.00,A,A*6F
22240,$GPRMC,132424.00,A,2601.83280,N,11911.58270,E,0.053,,290626,,,A*78
22336,$GPVTG,,T,,M,0.053,N,0.099,K,A*25
22373,$GPGGA,132424.00,2601.83280,N,11911.58270,E,1,08,1.10,21.1,M,10.0,M,,*60
22450,$GPGSA,A,3,03,31,26,25,29,28,16,32,,,,,2.05,1.10,1.73*05
22513,$GPGSV,3,1,11,03,22,306,43,10,13,177,,16,35,223,24,25,16,041,31*7B
22665,$GPGSV,3,2,11,26,63,250,32,27,01,193,,28,51,019,35,29,28,076,19*78
22673,$GPGSV,3,3,11,31,50,330,39,32,64,113,27,42,52,139,30*48
22712,$GPGLL,2601.83280,N,11911.58270,E,132424.00,A,A*6E
23260,$GPRMC,132425.00,A,2601.83280,N,11911.58276,E,0.074,,290626,,,A*7A
23382,$GPVTG,,T,,M,0.074,N,0.137,K,A*25
23422,$GPGGA,132425.00,2601.83280,N,11911.58276,E,1,08,1.10,21.2,M,10.0,M,,*64
23448,$GPGSA,A,3,03,31,26,25,29,28,16,32,,,,,2.05,1.10,1.73*05
23509,$GPGSV,3,1,11,03,22,306,43,10,13,177,,16,35,223,24,25,16,041,31*7B
23581,$GPGSV,3,2,11,26,63,250,32,27,01,193,,28,51,019,35,29,28,076,19*78
23652,$GPGSV,3,3,11,31,50,330,39,32,64,113,27,42,52,139,29*40
23756,$GPGLL,2601.83280,N,11911.58276,E,132425.00,A,A*69
24260,$GPRMC,132426.00,A,2601.83281,N,11911.58281,E,0.035,,290626,,,A*75
24335,$GPVTG,,T,,M,0.035,N,0.065,K,A*26
24370,$GPGGA,132426.00,2601.83281,N,11911.58281,E,1,08,1.10,21.4,M,10.0,M,,*68
24451,$GPGSA,A,3,03,31,26,25,29,28,16,32,,,,,2.05,1.10,1.73*05
24548,$GPGSV,3,1,11,03,22,306,43,10,13,177,,16,35,223,24,25,16,041,31*7B
24580,$GPGSV,3,2,11,26,63,250,32,27,01,193,,28,51,019,35,29,28,076,19*78
24650,$GPGSV,3,3,11,31,50,330,39,32,64,113,27,42,52,139,30*48
24710,$GPGLL,2601.83281,N,11911.58281,E,132426.00,A,A*63
25260,$GPRMC,132427.00,A,2601.83277,N,11911.58288,E,0.124,,290626,,,A*75
25381,$GPVTG,,T,,M,0.124,N,0.230,K,A*25
25384,$GPGGA,132427.00,2601.83277,N,11911.58288,E,1,08,1.10,21.5,M,10.0,M,,*68
25449,$GPGSA,A,3,03,31,26,25,29,28,16,32,,,,,2.05,1.10,1.73*05
25508,$GPGSV,3,1,11,03,22,306,43,10,13,177,,16,35,223,24,25,16,041,31*7B
25582,$GPGSV,3,2,11,26,63,250,32,27,01,193,,28,51,019,35,29,28,076,20*72
25704,$GPGSV,3,3,11,31,50,330,39,32,64,113,27,42,52,139,30*48
25710,$GPGLL,2601.83277,N,11911.58288,E,132427.00,A,A*62
26260,$GPRMC,132428.00,A,2601.83273,N,11911.58296,E,0.055,,290626,,,A*76
26335,$GPVTG,,T,,M,0.055,N,0.103,K,A*21
26373,$GPGGA,132428.00,2601.83273,N,11911.58296,E,1,08,1.10,21.5,M,10.0,M,,*6C
26507,$GPGSA,A,3,03,31,26,25,29,28,16,32,,,,,2.05,1.10,1.73*05
26511,$GPGSV,3,1,11,03,22,306,44,10,13,177,,16,35,223,23,25,16,041,31*7B
26580,$GPGSV,3,2,11,26,63,250,32,27,01,193,,28,51,019,35,29,28,076,20*72
26650,$GPGSV,3,3,11,31,50,330,40,32,64,113,27,42,52,139,30*46
26712,$GPGLL,2601.83273,N,11911.58296,E,132428.00,A,A*66
27210,$GPRMC,132429.00,A,2601.83267,N,11911.58302,E,0.076,,290626,,,A*7F
27336,$GPVTG,,T,,M,0.076,N,0.140,K,A*27
27371,$GPGGA,132429.00,2601.83267,N,11911.58302,E,1,08,1.10,21.6,M,10.0,M,,*67
27452,$GPGSA,A,3,03,31,26,25,29,28,16,32,,,,,2.05,1.10,1.73*05
27511,$GPGSV,3,1,11,03,22,306,44,10,13,177,,16,35,223,23,25,16,041,31*7B
27643,$GPGSV,3,2,11,26,63,250,32,27,01,193,,28,51,019,34,29,28,076,19*79
27651,$GPGSV,3,3,11,31,50,330,39,32,64,113,27,42,52,139,30*48
27711,$GPGLL,2601.83267,N,11911.58302,E,132429.00,A,A*6E
28260,$GPRMC,132430.00,A,2601.83265,N,11911.58309,E,0.007,,290626,,,A*78
28338,$GPVTG,,T,,M,0.007,N,0.013,K,A*26
28444,$GPGGA,132430.00,2601.83265,N,11911.58309,E,1,08,1.10,21.7,M,10.0,M,,*67
28450,$GPGSA,A,3,03,31,26,25,29,28,16,32,,,,,2.05,1.10,1.73*05
28509,$GPGSV,3,1,11,03,22,306,44,10,13,177,,16,35,223,22,25,16,041,31*7A
28581,$GPGSV,3,2,11,26,63,250,32,27,01,193,,28,51,019,34,29,28,076,19*79
28653,$GPGSV,3,3,11,31,50,330,39,32,64,113,27,42,52,139,30*48
28788,$GPGLL,2601.83265,N,11911.58309,E,132430.00,A,A*6F
29190,$GPRMC,132431.00,A,2601.83256,N,11911.58318,E,0.125,,290626,,,A*78
29340,$GPVTG,,T,,M,0.125,N,0.232,K,A*26
29376,$GPGGA,132431.00,2601.83256,N,11911.58318,E,1,08,1.10,21.7,M,10.0,M,,*66
29456,$GPGSA,A,3,03,31,26,25,29,28,16,32,,,,,2.05,1.10,1.73*05
29590,$GPGSV,3,1,11,03,22,306,44,10,13,177,,16,35,223,23,25,16,041,31*7B
29596,$GPGSV,3,2,11,26,63,250,32,27,01,193,,28,51,019,34,29,28,076,19*79
29655,$GPGSV,3,3,11,31,50,330,40,32,64,113,27,42,52,139,30*46
29715,$GPGLL,2601.83256,N,11911.58318,E,132431.00,A,A*6E
# status,30 s,nmea,240,fix,60,utc,132431.00,mode,2
30253,$GPRMC,132432.00,A,2601.83249,N,11911.58325,E,0.075,,290626,,,A*7F
30423,$GPVTG,,T,,M,0.075,N,0.139,K,A*2A
30428,$GPGGA,132432.00,2601.83249,N,11911.58325,E,1,08,1.10,21.7,M,10.0,M,,*65
30449,$GPGSA,A,3,03,31,26,25,29,28,16,32,,,,,2.05,1.10,1.73*05
30510,$GPGSV,3,1,11,03,22,306,43,10,13,177,,16,35,223,22,25,16,041,30*7C
30582,$GPGSV,3,2,11,26,63,250,31,27,01,193,,28,51,019,33,29,28,076,18*7C
30737,$GPGSV,3,3,11,31,50,330,39,32,64,113,27,42,52,139,29*40
30742,$GPGLL,2601.83249,N,11911.58325,E,132432.00,A,A*6D
31200,$GPRMC,132433.00,A,2601.83241,N,11911.58332,E,0.037,,290626,,,A*76
31336,$GPVTG,,T,,M,0.037,N,0.069,K,A*28
31373,$GPGGA,132433.00,2601.83241,N,11911.58332,E,1,08,1.10,21.6,M,10.0,M,,*6B
31494,$GPGSA,A,3,03,31,26,25,29,28,16,32,,,,,2.05,1.10,1.73*05
31510,$GPGSV,3,1,11,03,22,306,43,10,13,177,,16,35,223,22,25,16,041,31*7D
31581,$GPGSV,3,2,11,26,63,250,31,27,01,193,,28,51,019,33,29,28,076,18*7C
31651,$GPGSV,3,3,11,31,50,330,40,32,64,113,27,42,52,139,29*4E
31714,$GPGLL,2601.83241,N,11911.58332,E,132433.00,A,A*62
32210,$GPRMC,132434.00,A,2601.83237,N,11911.58340,E,0.121,,290626,,,A*73
32335,$GPVTG,,T,,M,0.121,N,0.224,K,A*25
32371,$GPGGA,132434.00,2601.83237,N,11911.58340,E,1,08,1.10,21.6,M,10.0,M,,*68
32449,$GPGSA,A,3,03,31,26,25,29,28,16,32,,,,,2.05,1.10,1.73*05
32510,$GPGSV,3,1,11,03,22,306,43,10,13,177,,16,35,223,22,25,16,041,30*7C
32631,$GPGSV,3,2,11,26,63,250,31,27,01,193,,28,51,019,34,29,28,076,17*74
32650,$GPGSV,3,3,11,31,50,330,40,32,64,113,27,42,52,139,30*46
32710,$GPGLL,2601.83237,N,11911.58340,E,132434.00,A,A*61
33260,$GPRMC,132435.00,A,2601.83227,N,11911.58349,E,0.087,,290626,,,A*77
33339,$GPVTG,,T,,M,0.087,N,0.161,K,A*2A
33422,$GPGGA,132435.00,2601.83227,N,11911.58349,E,1,08,1.10,21.5,M,10.0,M,,*62
33451,$GPGSA,A,3,03,31,26,25,29,28,16,32,,,,,2.05,1.10,1.73*05
33510,$GPGSV,3,1,11,03,22,306,43,10,13,177,,16,35,223,21,25,16,041,30*7F
33583,$GPGSV,3,2,11,26,63,250,31,27,01,193,,28,51,019,34,29,28,076,17*74
33654,$GPGSV,3,3,11,31,50,330,40,32,64,113,27,42,52,139,30*46
33756,$GPGLL,2601.83227,N,11911.58349,E,132435.00,A,A*68
34260,$GPRMC,132436.00,A,2601.83217,N,11911.58359,E,0.094,,290626,,,A*74
34335,$GPVTG,,T,,M,0.094,N,0.174,K,A*2C
34371,$GPGGA,132436.00,2601.83217,N,11911.58359,E,1,08,1.10,21.3,M,10.0,M,,*65
34451,$GPGSA,A,3,03,31,26,25,29,28,16,32,,,,,2.06,1.10,1.73*06
34558,$GPGSV,3,1,11,03,22,306,44,10,13,177,,16,35,223,22,25,16,041,30*7B
34581,$GPGSV,3,2,11,26,63,250,31,27,01,193,,28,51,019,34,29,28,076,18*7B
34650,$GPGSV,3,3,11,31,50,330,40,32,64,113,27,42,52,139,30*46
34710,$GPGLL,2601.83217,N,11911.58359,E,132436.00,A,A*69
35260,$GPRMC,132437.00,A,2601.83205,N,11911.58372,E,0.125,,290626,,,A*74
35401,$GPVTG,,T,,M,0.125,N,0.231,K,A*25
35404,$GPGGA,132437.00,2601.83205,N,11911.58372,E,1,08,1.11,21.1,M,10.0,M,,*6D
35451,$GPGSA,A,3,03,31,26,25,29,28,16,32,,,,,2.06,1.11,1.73*07
35510,$GPGSV,3,1,11,03,22,306,44,10,13,177,,16,35,223,23,25,16,041,31*7B
35584,$GPGSV,3,2,11,26,63,250,31,27,01,193,,28,51,019,35,29,28,076,18*7A
35724,$GPGSV,3,3,11,31,50,330,41,32,64,113,27,42,52,139,30*47
35729,$GPGLL,2601.83205,N,11911.58372,E,132437.00,A,A*62
36260,$GPRMC,132438.00,A,2601.83191,N,11911.58385,E,0.083,,290626,,,A*70
36336,$GPVTG,,T,,M,0.083,N,0.154,K,A*28
36373,$GPGGA,132438.00,2601.83191,N,11911.58385,E,1,08,1.11,20.9,M,10.0,M,,*6D
36527,$GPGSA,A,3,03,31,26,25,29,28,16,32,,,,,2.06,1.11,1.73*07
36532,$GPGSV,3,1,11,03,22,306,44,10,13,177,,16,35,223,23,25,16,041,31*7B
36581,$GPGSV,3,2,11,26,63,250,30,27,01,193,,28,51,019,35,29,28,076,18*7B
36651,$GPGSV,3,3,11,31,50,330,41,32,64,113,27,42,52,139,31*46
36712,$GPGLL,2601.83191,N,11911.58385,E,132438.00,A,A*6B
37230,$GPRMC,132439.00,A,2601.83183,N,11911.58397,E,0.035,,290626,,,A*7C
37336,$GPVTG,,T,,M,0.035,N,0.065,K,A*26
37371,$GPGGA,132439.00,2601.83183,N,11911.58397,E,1,08,1.11,20.8,M,10.0,M,,*6D
37450,$GPGSA,A,3,03,31,26,25,29,28,16,32,,,,,2.06,1.11,1.73*07
37651,$GPGSV,3,1,11,03,22,306,44,10,13,177,,16,35,223,24,25,16,041,30*7D
37733,$GPGSV,3,2,11,26,63,250,30,27,01,193,,28,51,019,35,29,28,076,18*7B
37737,$GPGSV,3,3,11,31,50,330,41,32,64,113,27,42,52,139,30*47
37743,$GPGLL,2601.83183,N,11911.58397,E,132439.00,A,A*6A
38260,$GPRMC,132440.00,A,2601.83173,N,11911.58407,E,0.104,,290626,,,A*70
38337,$GPVTG,,T,,M,0.104,N,0.193,K,A*2D
38454,$GPGGA,132440.00,2601.83173,N,11911.58407,E,1,08,1.11,20.7,M,10.0,M,,*6D
38460,$GPGSA,A,3,03,31,26,25,29,28,16,32,,,,,2.06,1.11,1.73*07
38508,$GPGSV,3,1,11,03,22,306,44,10,13,177,,16,35,223,24,25,16,041,30*7D
38580,$GPGSV,3,2,11,26,63,250,29,27,01,193,,28,51,019,35,29,28,076,18*73
38692,$GPGSV,3,3,11,31,50,330,41,32,64,113,27,42,52,139,30*47
38747,$GPGLL,2601.83173,N,11911.58407,E,132440.00,A,A*65
39260,$GPRMC,132441.00,A,2601.83163,N,11911.58423,E,0.173,,290626,,,A*76
39336,$GPVTG,,T,,M,0.173,N,0.321,K,A*26
39373,$GPGGA,132441.00,2601.83163,N,11911.58423,E,1,08,1.11,20.4,M,10.0,M,,*68
39453,$GPGSA,A,3,03,31,26,25,29,28,16,32,,,,,2.06,1.11,1.73*07
39555,$GPGSV,3,1,11,03,22,306,44,10,13,177,,16,35,223,24,25,16,041,30*7D
39582,$GPGSV,3,2,11,26,63,250,29,27,01,193,,28,51,019,35,29,28,076,18*73
39653,$GPGSV,3,3,11,31,50,330,41,32,64,113,26,42,52,139,30*46
39711,$GPGLL,2601.83163,N,11911.58423,E,132441.00,A,A*63
# status,40 s,nmea,320,fix,80,utc,132441.00,mode,2
40317,$GPRMC,132442.00,A,2601.83151,N,11911.58435,E,0.069,,290626,,,A*79
40388,$GPVTG,,T,,M,0.069,N,0.127,K,A*28
40392,$GPGGA,132442.00,2601.83151,N,11911.58435,E,1,08,1.11,20.2,M,10.0,M,,*6B
40450,$GPGSA,A,3,03,31,26,25,29,28,16,32,,,,,2.06,1.11,1.73*07
40511,$GPGSV,3,1,11,03,22,306,44,10,13,177,,16,35,223,24,25,16,041,29*75
40584,$GPGSV,3,2,11,26,63,250,29,27,01,193,,28,51,019,35,29,28,076,18*73
40702,$GPGSV,3,3,11,31,50,330,41,32,64,113,26,42,52,139,30*46
40712,$GPGLL,2601.83151,N,11911.58435,E,132442.00,A,A*66
41260,$GPRMC,132443.00,A,2601.83138,N,11911.58448,E,0.036,,290626,,,A*77
41338,$GPVTG,,T,,M,0.036,N,0.067,K,A*27
41376,$GPGGA,132443.00,2601.83138,N,11911.58448,E,1,08,1.11,19.9,M,10.0,M,,*6E
41505,$GPGSA,A,3,03,31,26,25,29,28,16,32,,,,,2.06,1.11,1.73*07
41511,$GPGSV,3,1,11,03,22,306,44,10,13,177,,16,35,223,24,25,16,041,29*75
41584,$GPGSV,3,2,11,26,63,250,29,27,01,193,,28,51,019,36,29,28,076,16*7E
41653,$GPGSV,3,3,11,31,50,330,41,32,64,113,26,42,52,139,30*46
41715,$GPGLL,2601.83138,N,11911.58448,E,132443.00,A,A*62
42210,$GPRMC,132444.00,A,2601.83127,N,11911.58458,E,0.209,,290626,,,A*71
42337,$GPVTG,,T,,M,0.209,N,0.388,K,A*2B
42372,$GPGGA,132444.00,2601.83127,N,11911.58458,E,1,08,1.11,19.7,M,10.0,M,,*68
42451,$GPGSA,A,3,03,31,26,25,29,28,16,32,,,,,2.06,1.11,1.73*07
42512,$GPGSV,3,1,11,03,22,306,44,10,13,177,,16,35,223,24,25,16,041,29*75
42641,$GPGSV,3,2,11,26,63,250,28,27,01,193,,28,51,019,36,29,28,076,16*7F
42652,$GPGSV,3,3,11,31,50,330,41,32,64,113,26,42,52,139,30*46
42712,$GPGLL,2601.83127,N,11911.58458,E,132444.00,A,A*6A
43260,$GPRMC,132445.00,A,2601.83115,N,11911.58472,E,0.184,,290626,,,A*7F
43339,$GPVTG,,T,,M,0.184,N,0.341,K,A*28
43432,$GPGGA,132445.00,2601.83115,N,11911.58472,E,1,08,1.11,19.5,M,10.0,M,,*62
43451,$GPGSA,A,3,03,31,26,25,29,28,16,32,,,,,2.06,1.11,1.73*07
43510,$GPGSV,3,1,11,03,22,306,44,10,13,177,,16,35,223,25,25,16,041,28*75
43582,$GPGSV,3,2,11,26,63,250,29,27,01,193,,28,51,019,36,29,28,076,15*7D
43654,$GPGSV,3,3,11,31,50,330,41,32,64,113,26,42,52,139,30*46
43786,$GPGLL,2601.83115,N,11911.58472,E,132445.00,A,A*62
44180,$GPRMC,132446.00,A,2601.83098,N,11911.58486,E,0.059,,290626,,,A*72
44338,$GPVTG,,T,,M,0.059,N,0.110,K,A*2F
44373,$GPGGA,132446.00,2601.83098,N,11911.58486,E,1,08,1.11,19.3,M,10.0,M,,*68
44454,$GPGSA,A,3,03,31,26,25,29,28,16,32,,,,,2.06,1.11,1.73*07
44588,$GPGSV,3,1,11,03,22,306,44,10,13,177,,16,35,223,25,25,16,041,27*7A
44594,$GPGSV,3,2,11,26,63,250,28,27,01,193,,28,51,019,36,29,28,076,14*7D
44653,$GPGSV,3,3,11,31,50,330,41,32,64,113,26,42,52,139,30*46
44713,$GPGLL,2601.83098,N,11911.58486,E,132446.00,A,A*6E
45260,$GPRMC,132447.00,A,2601.83097,N,11911.58496,E,0.145,,290626,,,A*71
45421,$GPVTG,,T,,M,0.145,N,0.268,K,A*2F
45424,$GPGGA,132447.00,2601.83097,N,11911.58496,E,1,08,1.11,19.1,M,10.0,M,,*65
45453,$GPGSA,A,3,03,31,26,25,29,28,16,32,,,,,2.06,1.11,1.73*07
45512,$GPGSV,3,1,11,03,22,306,44,10,13,177,,16,35,223,25,25,16,041,27*7A
45587,$GPGSV,3,2,11,26,63,250,28,27,01,193,,28,51,019,36,29,28,076,12*7B
45734,$GPGSV,3,3,11,31,50,330,41,32,64,113,26,42,52,139,30*46
45740,$GPGLL,2601.83097,N,11911.58496,E,132447.00,A,A*61
46260,$GPRMC,132448.00,A,2601.83089,N,11911.58508,E,0.057,,290626,,,A*75
46336,$GPVTG,,T,,M,0.057,N,0.106,K,A*26
46374,$GPGGA,132448.00,2601.83089,N,11911.58508,E,1,08,1.11,18.8,M,10.0,M,,*6B
46537,$GPGSA,A,3,03,31,26,25,29,28,16,32,,,,,2.06,1.11,1.73*07
46541,$GPGSV,3,1,11,03,22,306,44,10,13,177,,16,35,223,25,25,16,041,27*7A
46619,$GPGSV,3,2,11,26,63,250,28,27,01,193,,28,51,019,36,29,28,076,10*79
46652,$GPGSV,3,3,11,31,50,330,41,32,64,113,26,42,52,139,30*46
46712,$GPGLL,2601.83089,N,11911.58508,E,132448.00,A,A*67
47200,$GPRMC,132449.00,A,2601.83072,N,11911.58521,E,0.149,,290626,,,A*75
47334,$GPVTG,,T,,M,0.149,N,0.275,K,A*2F
47369,$GPGGA,132449.00,2601.83072,N,11911.58521,E,1,07,1.24,18.4,M,10.0,M,,*60
47448,$GPGSA,A,3,03,31,26,25,28,16,32,,,,,,2.21,1.24,1.83*00
47507,$GPGSV,3,1,11,03,22,306,44,10,13,177,,16,35,223,25,25,16,041,27*7A
47617,$GPGSV,3,2,11,26,63,250,28,27,01,193,,28,51,019,36,29,28,076,09*71
47648,$GPGSV,3,3,11,31,50,330,41,32,64,113,26,42,52,139,30*46
47706,$GPGLL,2601.83072,N,11911.58521,E,132449.00,A,A*69
48160,$GPRMC,132450.00,A,2601.83065,N,11911.58533,E,0.168,,290626,,,A*7B
48333,$GPVTG,,T,,M,0.168,N,0.310,K,A*2E
48419,$GPGGA,132450.00,2601.83065,N,11911.58533,E,1,07,1.24,18.2,M,10.0,M,,*6B
48446,$GPGSA,A,3,03,31,26,25,28,16,32,,,,,,2.21,1.24,1.83*00
48503,$GPGSV,3,1,11,03,22,306,44,10,12,177,,16,35,223,25,25,16,041,27*7B
48575,$GPGSV,3,2,11,26,63,250,28,27,01,193,,28,51,019,36,29,28,076,09*71
48648,$GPGSV,3,3,11,31,50,330,41,32,64,113,27,42,52,139,30*47
48763,$GPGLL,2601.83065,N,11911.58533,E,132450.00,A,A*64
49260,$GPRMC,132451.00,A,2601.83052,N,11911.58547,E,0.158,,290626,,,A*7E
49334,$GPVTG,,T,,M,0.158,N,0.292,K,A*26
49370,$GPGGA,132451.00,2601.83052,N,11911.58547,E,1,07,1.24,17.8,M,10.0,M,,*68
49451,$GPGSA,A,3,03,31,26,25,28,16,32,,,,,,2.21,1.24,1.83*00
49556,$GPGSV,3,1,11,03,22,306,43,10,12,177,,16,35,223,24,25,16,041,27*7D
49577,$GPGSV,3,2,11,26,63,250,27,27,01,193,,28,51,019,36,29,28,076,08*7F
49649,$GPGSV,3,3,11,31,50,330,41,32,64,113,27,42,52,139,30*47
49707,$GPGLL,2601.83052,N,11911.58547,E,132451.00,A,A*62
# status,50 s,nmea,400,fix,100,utc,132451.00,mode,2
50318,$GPRMC,132452.00,A,2601.83050,N,11911.58560,E,0.081,,290626,,,A*7F
50389,$GPVTG,,T,,M,0.081,N,0.149,K,A*26
50394,$GPGGA,132452.00,2601.83050,N,11911.58560,E,1,07,1.24,17.4,M,10.0,M,,*60
50448,$GPGSA,A,3,03,31,26,25,28,16,32,,,,,,2.21,1.24,1.83*00
50505,$GPGSV,3,1,11,03,22,306,43,10,12,177,,16,35,223,24,25,16,041,26*7C
50579,$GPGSV,3,2,11,26,63,250,27,27,01,193,,28,51,019,37,29,28,076,08*7E
50702,$GPGSV,3,3,11,31,50,330,41,32,64,113,27,42,52,139,30*47
50714,$GPGLL,2601.83050,N,11911.58560,E,132452.00,A,A*66
51250,$GPRMC,132453.00,A,2601.83050,N,11911.58574,E,0.147,,290626,,,A*70
51335,$GPVTG,,T,,M,0.147,N,0.272,K,A*26
51372,$GPGGA,132453.00,2601.83050,N,11911.58574,E,1,07,1.24,17.0,M,10.0,M,,*60
51515,$GPGSA,A,3,03,31,26,25,28,16,32,,,,,,2.21,1.24,1.83*00
51518,$GPGSV,3,1,11,03,22,306,43,10,12,177,,16,35,223,25,25,16,041,26*7D
51578,$GPGSV,3,2,11,26,63,250,27,27,01,193,,28,51,019,37,29,28,076,08*7E
51648,$GPGSV,3,3,11,31,50,330,41,32,64,113,27,42,52,139,30*47
51709,$GPGLL,2601.83050,N,11911.58574,E,132453.00,A,A*62
52220,$GPRMC,132454.00,A,2601.83045,N,11911.58588,E,0.172,,290626,,,A*76
52334,$GPVTG,,T,,M,0.172,N,0.318,K,A*2D
52369,$GPGGA,132454.00,2601.83045,N,11911.58588,E,1,07,1.24,16.6,M,10.0,M,,*67
52448,$GPGSA,A,3,03,31,26,25,28,16,32,,,,,,2.21,1.24,1.83*00
52507,$GPGSV,3,1,11,03,22,306,43,10,12,177,,16,35,223,24,25,16,041,26*7C
52651,$GPGSV,3,2,11,26,63,250,27,27,01,193,,28,51,019,37,29,28,076,08*7E
52655,$GPGSV,3,3,11,31,50,330,41,32,64,113,27,42,52,139,30*47
52707,$GPGLL,2601.83045,N,11911.58588,E,132454.00,A,A*62
53250,$GPRMC,132455.00,A,2601.83039,N,11911.58602,E,0.096,,290626,,,A*76
53336,$GPVTG,,T,,M,0.096,N,0.178,K,A*22
53452,$GPGGA,132455.00,2601.83039,N,11911.58602,E,1,07,1.24,16.1,M,10.0,M,,*6B
53458,$GPGSA,A,3,03,31,26,25,28,16,32,,,,,,2.21,1.24,1.83*00
53505,$GPGSV,3,1,11,03,22,306,43,10,12,177,,16,35,223,25,25,16,041,25*7E
53577,$GPGSV,3,2,11,26,63,250,27,27,01,193,,28,51,019,37,29,28,076,08*7E
53649,$GPGSV,3,3,11,31,50,330,41,32,64,113,27,42,52,139,30*47
53786,$GPGLL,2601.83039,N,11911.58602,E,132455.00,A,A*69
54180,$GPRMC,132456.00,A,2601.83034,N,11911.58615,E,0.104,,290626,,,A*74
54332,$GPVTG,,T,,M,0.104,N,0.193,K,A*2D
54367,$GPGGA,132456.00,2601.83034,N,11911.58615,E,1,07,1.24,15.7,M,10.0,M,,*66
54492,$GPGSA,A,3,03,31,26,25,28,16,32,,,,,,2.21,1.24,1.83*00
54541,$GPGSV,3,1,11,03,22,306,43,10,12,177,,16,35,223,24,25,16,041,26*7C
54575,$GPGSV,3,2,11,26,63,250,27,27,01,193,,28,51,019,37,29,28,076,*76
54644,$GPGSV,3,3,11,31,50,330,41,32,64,113,27,42,52,139,30*47
54703,$GPGLL,2601.83034,N,11911.58615,E,132456.00,A,A*61
55250,$GPRMC,132457.00,A,2601.83031,N,11911.58628,E,0.143,,290626,,,A*7D
55375,$GPVTG,,T,,M,0.143,N,0.266,K,A*27
55378,$GPGGA,132457.00,2601.83031,N,11911.58628,E,1,07,1.24,15.3,M,10.0,M,,*68
55447,$GPGSA,A,3,03,31,26,25,28,16,32,,,,,,2.21,1.24,1.83*00
55504,$GPGSV,3,1,11,03,22,306,43,10,12,177,,16,35,223,24,25,16,041,26*7C
55578,$GPGSV,3,2,11,26,63,250,27,27,01,193,23,28,51,019,37,29,28,076,*77
55699,$GPGSV,3,3,11,31,50,330,41,32,64,113,27,42,52,139,30*47
55706,$GPGLL,2601.83031,N,11911.58628,E,132457.00,A,A*6B
56250,$GPRMC,132458.00,A,2601.83023,N,11911.58642,E,0.285,,290626,,,A*74
56333,$GPVTG,,T,,M,0.285,N,0.527,K,A*2C
56370,$GPGGA,132458.00,2601.83023,N,11911.58642,E,1,07,1.24,14.8,M,10.0,M,,*62
56501,$GPGSA,A,3,03,31,26,25,28,16,32,,,,,,2.21,1.24,1.83*00
56505,$GPGSV,3,1,11,03,22,306,43,10,12,177,,16,35,223,24,25,16,041,26*7C
56576,$GPGSV,3,2,11,26,63,250,27,27,01,193,,28,51,019,37,29,28,076,*76
56644,$GPGSV,3,3,11,31,50,330,41,32,64,113,27,42,52,139,30*47
56706,$GPGLL,2601.83023,N,11911.58642,E,132458.00,A,A*6B
57210,$GPRMC,132459.00,A,2601.83018,N,11911.58654,E,0.105,,290626,,,A*71
57338,$GPVTG,,T,,M,0.105,N,0.194,K,A*2B
57373,$GPGGA,132459.00,2601.83018,N,11911.58654,E,1,07,1.24,14.4,M,10.0,M,,*60
57452,$GPGSA,A,3,03,31,26,25,28,16,32,,,,,,2.21,1.24,1.83*00
57511,$GPGSV,3,1,11,03,22,306,43,10,12,177,,16,35,223,24,25,16,041,26*7C
57637,$GPGSV,3,2,11,26,63,250,27,27,01,193,,28,51,019,37,29,28,076,*76
57649,$GPGSV,3,3,11,31,50,330,41,32,64,113,27,42,52,139,30*47
57709,$GPGLL,2601.83018,N,11911.58654,E,132459.00,A,A*65
58260,$GPRMC,132500.00,A,2601.83017,N,11911.58664,E,0.211,,290626,,,A*76
58339,$GPVTG,,T,,M,0.211,N,0.391,K,A*2A
58429,$GPGGA,132500.00,2601.83017,N,11911.58664,E,1,07,1.24,14.0,M,10.0,M,,*65
58451,$GPGSA,A,3,03,31,26,25,28,16,32,,,,,,2.21,1.24,1.83*00
58508,$GPGSV,3,1,11,03,22,306,43,10,12,177,,16,35,223,24,25,16,041,27*7D
58581,$GPGSV,3,2,11,26,63,250,27,27,01,193,,28,51,019,37,29,28,076,*76
58650,$GPGSV,3,3,11,31,50,330,41,32,64,113,26,42,52,139,30*46
58763,$GPGLL,2601.83017,N,11911.58664,E,132500.00,A,A*64
59160,$GPRMC,132501.00,A,2601.83015,N,11911.58674,E,0.239,,290626,,,A*7E
59333,$GPVTG,,T,,M,0.239,N,0.442,K,A*29
59368,$GPGGA,132501.00,2601.83015,N,11911.58674,E,1,07,1.24,13.5,M,10.0,M,,*65
59449,$GPGSA,A,3,03,31,26,25,28,16,32,,,,,,2.21,1.24,1.83*00
59574,$GPGSV,3,1,11,03,22,306,43,10,12,177,,16,35,223,24,25,16,041,27*7D
59580,$GPGSV,3,2,11,26,63,250,27,27,01,193,,28,51,019,37,29,28,076,*76
59645,$GPGSV,3,3,11,31,50,330,41,32,64,113,26,42,52,139,30*46
59703,$GPGLL,2601.83015,N,11911.58674,E,132501.00,A,A*66
60250,$GPRMC,132502.00,A,2601.83007,N,11911.58688,E,0.060,,290626,,,A*73
# status,60 s,nmea,481,fix,121,utc,132502.00,mode,2
60411,$GPVTG,,T,,M,0.060,N,0.111,K,A*24
60489,$GPGGA,132502.00,2601.83007,N,11911.58688,E,1,08,1.24,12.9,M,10.0,M,,*64
60493,$GPGSA,A,3,03,31,26,25,29,28,16,32,,,,,2.21,1.24,1.83*0B
60509,$GPGSV,3,1,11,03,22,306,42,10,12,177,,16,35,223,23,25,16,041,28*74
60582,$GPGSV,3,2,11,26,63,250,27,27,01,193,,28,51,019,37,29,28,076,17*70
60732,$GPGSV,3,3,11,31,50,330,41,32,64,113,26,42,52,139,30*46
60736,$GPGLL,2601.83007,N,11911.58688,E,132502.00,A,A*65
61260,$GPRMC,132503.00,A,2601.82998,N,11911.58702,E,0.108,,290626,,,A*70
61335,$GPVTG,,T,,M,0.108,N,0.201,K,A*29
61374,$GPGGA,132503.00,2601.82998,N,11911.58702,E,1,08,1.24,12.3,M,10.0,M,,*62
61524,$GPGSA,A,3,03,31,26,25,29,28,16,32,,,,,2.21,1.24,1.83*0B
61529,$GPGSV,3,1,11,03,22,306,42,10,12,177,,16,35,223,23,25,16,041,27*7B
61580,$GPGSV,3,2,11,26,63,250,27,27,01,193,,28,51,019,37,29,28,076,14*73
61652,$GPGSV,3,3,11,31,50,330,41,32,64,113,25,42,52,139,30*45
61712,$GPGLL,2601.82998,N,11911.58702,E,132503.00,A,A*69
62240,$GPRMC,132504.00,A,2601.82991,N,11911.58717,E,0.307,,290626,,,A*77
62372,$GPVTG,,T,,M,0.307,N,0.569,K,A*2D
62375,$GPGGA,132504.00,2601.82991,N,11911.58717,E,1,08,1.24,11.7,M,10.0,M,,*6F
62448,$GPGSA,A,3,03,31,26,25,29,28,16,32,,,,,2.21,1.24,1.83*0B
62509,$GPGSV,3,1,11,03,22,306,42,10,12,177,,16,35,223,23,25,16,041,28*74
62625,$GPGSV,3,2,11,26,63,250,27,27,01,193,,28,51,019,37,29,28,076,10*77
62649,$GPGSV,3,3,11,31,50,330,41,32,64,113,25,42,52,139,30*45
62709,$GPGLL,2601.82991,N,11911.58717,E,132504.00,A,A*63
63160,$GPRMC,132505.00,A,2601.82987,N,11911.58727,E,0.304,,290626,,,A*71
63335,$GPVTG,,T,,M,0.304,N,0.563,K,A*24
63416,$GPGGA,132505.00,2601.82987,N,11911.58727,E,1,08,1.24,11.3,M,10.0,M,,*6E
63447,$GPGSA,A,3,03,31,26,25,29,28,16,32,,,,,2.21,1.24,1.83*0B
63506,$GPGSV,3,1,11,03,22,306,42,10,12,177,,16,35,223,24,25,16,041,28*73
63579,$GPGSV,3,2,11,26,63,250,27,27,01,193,,28,51,019,37,29,28,076,11*76
63650,$GPGSV,3,3,11,31,50,330,41,32,64,113,25,42,52,139,30*45
63762,$GPGLL,2601.82987,N,11911.58727,E,132505.00,A,A*66
64160,$GPRMC,132506.00,A,2601.82978,N,11911.58735,E,0.024,,290626,,,A*70
64333,$GPVTG,,T,,M,0.024,N,0.045,K,A*24
64368,$GPGGA,132506.00,2601.82978,N,11911.58735,E,1,08,1.24,10.9,M,10.0,M,,*65
64449,$GPGSA,A,3,03,31,26,25,29,28,16,32,,,,,2.21,1.24,1.83*0B
64563,$GPGSV,3,1,11,03,22,306,42,10,12,177,,16,35,223,23,25,16,041,29*75
64578,$GPGSV,3,2,11,26,64,251,27,27,01,193,,28,51,019,37,29,28,076,12*73
64648,$GPGSV,3,3,11,31,50,330,41,32,64,113,24,42,52,139,30*44
64708,$GPGLL,2601.82978,N,11911.58735,E,132506.00,A,A*66
65260,$GPRMC,132507.00,A,2601.82969,N,11911.58747,E,0.075,,290626,,,A*70
65395,$GPVTG,,T,,M,0.075,N,0.139,K,A*2A
65399,$GPGGA,132507.00,2601.82969,N,11911.58747,E,1,08,1.11,10.4,M,10.0,M,,*6A
65449,$GPGSA,A,3,03,31,26,25,29,28,16,32,,,,,2.06,1.11,1.73*07
65508,$GPGSV,3,1,11,03,22,306,42,10,12,177,,16,35,223,22,25,16,041,29*74
65582,$GPGSV,3,2,11,26,64,251,27,27,01,193,,28,51,019,37,29,28,076,14*75
65709,$GPGSV,3,3,11,31,50,330,41,32,64,113,23,42,52,139,30*43
65724,$GPGLL,2601.82969,N,11911.58747,E,132507.00,A,A*62
66260,$GPRMC,132508.00,A,2601.82954,N,11911.58761,E,0.128,,290626,,,A*7C
66335,$GPVTG,,T,,M,0.128,N,0.237,K,A*2E
66372,$GPGGA,132508.00,2601.82954,N,11911.58761,E,1,08,1.11,9.9,M,10.0,M,,*5A
66512,$GPGSA,A,3,03,31,26,25,29,28,16,32,,,,,2.06,1.11,1.73*07
66516,$GPGSV,3,1,11,03,22,306,42,10,12,177,,16,35,223,22,25,16,041,29*74
66579,$GPGSV,3,2,11,26,64,251,27,27,01,193,,28,51,020,38,29,28,076,16*72
66649,$GPGSV,3,3,11,31,50,330,41,32,64,113,23,42,52,139,30*43
66711,$GPGLL,2601.82954,N,11911.58761,E,132508.00,A,A*67
67230,$GPRMC,132509.00,A,2601.82937,N,11911.58772,E,0.077,,290626,,,A*71
67336,$GPVTG,,T,,M,0.077,N,0.142,K,A*24
67371,$GPGGA,132509.00,2601.82937,N,11911.58772,E,1,08,1.11,9.4,M,10.0,M,,*51
67449,$GPGSA,A,3,03,31,26,25,29,28,16,32,,,,,2.06,1.11,1.73*07
67510,$GPGSV,3,1,11,03,22,306,42,10,12,177,,16,35,223,22,25,16,041,29*74
67647,$GPGSV,3,2,11,26,64,251,27,27,01,193,,28,51,020,38,29,28,076,17*73
67653,$GPGSV,3,3,11,31,50,330,41,32,64,113,23,42,52,139,30*43
67709,$GPGLL,2601.82937,N,11911.58772,E,132509.00,A,A*61
68260,$GPRMC,132510.00,A,2601.82914,N,11911.58780,E,0.236,,290626,,,A*72
68338,$GPVTG,,T,,M,0.236,N,0.438,K,A*2B
68449,$GPGGA,132510.00,2601.82914,N,11911.58780,E,1,08,1.11,9.0,M,10.0,M,,*51
68455,$GPGSA,A,3,03,31,26,25,29,28,16,32,,,,,2.06,1.11,1.73*07
68508,$GPGSV,3,1,11,03,22,306,42,10,12,177,,16,35,223,21,25,16,041,29*77
68581,$GPGSV,3,2,11,26,64,251,27,27,01,193,,28,51,020,38,29,28,076,18*7C
68653,$GPGSV,3,3,11,31,50,330,41,32,64,113,23,42,52,139,30*43
68793,$GPGLL,2601.82914,N,11911.58780,E,132510.00,A,A*65
69190,$GPRMC,132511.00,A,2601.82900,N,11911.58779,E,0.382,,290626,,,A*7E
69335,$GPVTG,,T,,M,0.382,N,0.708,K,A*25
69371,$GPGGA,132511.00,2601.82900,N,11911.58779,E,1,08,1.11,9.0,M,10.0,M,,*53
69451,$GPGSA,A,3,03,31,26,25,29,28,16,32,,,,,2.06,1.11,1.73*07
69595,$GPGSV,3,1,11,03,22,306,42,10,12,177,,16,35,223,22,25,16,041,30*7C
69601,$GPGSV,3,2,11,26,64,251,27,27,01,193,,28,51,020,38,29,28,076,17*73
69651,$GPGSV,3,3,11,31,50,331,41,32,64,113,23,42,52,139,30*42
69709,$GPGLL,2601.82900,N,11911.58779,E,132511.00,A,A*67
70200,$GPRMC,132512.00,A,2601.82895,N,11911.58779,E,0.392,,290626,,,A*71
70370,$GPVTG,,T,,M,0.392,N,0.726,K,A*28
# status,70 s,nmea,562,fix,141,utc,132512.00,mode,2
70383,$GPGGA,132512.00,2601.82895,N,11911.58779,E,1,08,1.11,8.9,M,10.0,M,,*55
70494,$GPGSA,A,3,03,31,26,25,29,28,16,32,,,,,2.06,1.11,1.73*07
70508,$GPGSV,3,1,11,03,22,306,42,10,12,177,,16,35,223,21,25,16,041,30*7F
70581,$GPGSV,3,2,11,26,64,251,27,27,01,193,,28,51,020,38,29,28,076,17*73
70696,$GPGSV,3,3,11,31,50,331,41,32,64,114,23,42,52,139,30*45
70709,$GPGLL,2601.82895,N,11911.58779,E,132512.00,A,A*69
71260,$GPRMC,132513.00,A,2601.82886,N,11911.58779,E,0.190,,290626,,,A*72
71335,$GPVTG,,T,,M,0.190,N,0.352,K,A*2F
71373,$GPGGA,132513.00,2601.82886,N,11911.58779,E,1,08,1.11,8.7,M,10.0,M,,*58
71499,$GPGSA,A,3,03,31,26,25,29,28,16,32,,,,,2.06,1.11,1.73*07
71507,$GPGSV,3,1,11,03,22,306,42,10,12,177,,16,35,223,21,25,16,041,30*7F
71580,$GPGSV,3,2,11,26,64,251,28,27,01,193,,28,51,020,38,29,28,076,18*73
71649,$GPGSV,3,3,11,31,50,331,41,32,64,114,24,42,52,139,30*42
71711,$GPGLL,2601.82886,N,11911.58779,E,132513.00,A,A*6A
72210,$GPRMC,132514.00,A,2601.82880,N,11911.58779,E,0.170,,290626,,,A*7D
72335,$GPVTG,,T,,M,0.170,N,0.315,K,A*22
72370,$GPGGA,132514.00,2601.82880,N,11911.58779,E,1,08,1.11,8.5,M,10.0,M,,*5B
72448,$GPGSA,A,3,03,31,26,25,29,28,16,32,,,,,2.06,1.11,1.73*07
72509,$GPGSV,3,1,11,03,22,306,42,10,12,177,,16,35,223,21,25,16,041,30*7F
72635,$GPGSV,3,2,11,26,64,251,28,27,01,193,,28,51,020,38,29,28,076,19*72
72649,$GPGSV,3,3,11,31,50,331,41,32,64,114,23,42,52,139,30*45
72709,$GPGLL,2601.82880,N,11911.58779,E,132514.00,A,A*6B
73260,$GPRMC,132515.00,A,2601.82862,N,11911.58778,E,0.391,,290626,,,A*7C
73339,$GPVTG,,T,,M,0.391,N,0.724,K,A*29
73427,$GPGGA,132515.00,2601.82862,N,11911.58778,E,1,08,1.11,8.4,M,10.0,M,,*56
73449,$GPGSA,A,3,03,31,26,25,29,28,16,32,,,,,2.06,1.11,1.73*07
73508,$GPGSV,3,1,11,03,22,306,42,10,12,177,,16,35,223,20,25,16,041,30*7E
73580,$GPGSV,3,2,11,26,64,251,28,27,01,193,,28,51,020,38,29,28,076,20*78
73652,$GPGSV,3,3,11,31,50,331,41,32,64,114,23,42,52,139,30*45
73770,$GPGLL,2601.82862,N,11911.58778,E,132515.00,A,A*67
74170,$GPRMC,132516.00,A,2601.82856,N,11911.58774,E,0.394,,290626,,,A*71
74335,$GPVTG,,T,,M,0.394,N,0.730,K,A*29
74370,$GPGGA,132516.00,2601.82856,N,11911.58774,E,1,08,1.11,8.2,M,10.0,M,,*58
74449,$GPGSA,A,3,03,31,26,25,29,28,16,32,,,,,2.06,1.11,1.73*07
74573,$GPGSV,3,1,11,03,22,306,42,10,12,177,,16,35,223,20,25,16,041,31*7F
74584,$GPGSV,3,2,11,26,64,251,28,27,01,193,,28,51,020,38,29,28,076,20*78
74649,$GPGSV,3,3,11,31,50,331,41,32,64,114,24,42,52,139,30*42
74709,$GPGLL,2601.82856,N,11911.58774,E,132516.00,A,A*6F
75200,$GPRMC,132517.00,A,2601.82850,N,11911.58769,E,0.200,,290626,,,A*76
75415,$GPVTG,,T,,M,0.200,N,0.371,K,A*24
75418,$GPGGA,132517.00,2601.82850,N,11911.58769,E,1,08,1.11,8.1,M,10.0,M,,*50
75449,$GPGSA,A,3,03,31,26,25,29,28,16,32,,,,,2.06,1.11,1.73*07
75508,$GPGSV,3,1,11,03,22,306,41,10,12,177,,16,35,223,20,25,16,041,30*7D
75582,$GPGSV,3,2,11,26,64,251,29,27,01,193,,28,51,020,38,29,28,076,20*79
75729,$GPGSV,3,3,11,31,50,331,41,32,64,114,25,42,52,139,30*43
75734,$GPGLL,2601.82850,N,11911.58769,E,132517.00,A,A*64
76260,$GPRMC,132518.00,A,2601.82858,N,11911.58761,E,0.126,,290626,,,A*7E
76335,$GPVTG,,T,,M,0.126,N,0.233,K,A*24
76372,$GPGGA,132518.00,2601.82858,N,11911.58761,E,1,08,1.11,8.0,M,10.0,M,,*5E
76531,$GPGSA,A,3,03,31,26,25,29,28,16,32,,,,,2.06,1.11,1.73*07
76535,$GPGSV,3,1,11,03,22,306,41,10,12,177,,16,35,223,20,25,16,041,30*7D
76579,$GPGSV,3,2,11,26,64,251,29,27,01,193,,28,51,020,38,29,28,076,21*78
76649,$GPGSV,3,3,11,31,50,331,41,32,64,114,25,42,52,139,30*43
76711,$GPGLL,2601.82858,N,11911.58761,E,132518.00,A,A*6B
77240,$GPRMC,132519.00,A,2601.82864,N,11911.58750,E,0.181,,290626,,,A*7F
77337,$GPVTG,,T,,M,0.181,N,0.335,K,A*2E
77373,$GPGGA,132519.00,2601.82864,N,11911.58750,E,1,08,1.11,8.1,M,10.0,M,,*53
77450,$GPGSA,A,3,03,31,26,25,29,28,16,32,,,,,2.06,1.11,1.73*07
77511,$GPGSV,3,1,11,03,22,306,41,10,12,177,,16,35,223,20,25,16,041,30*7D
77667,$GPGSV,3,2,11,26,64,251,29,27,01,193,,28,51,020,38,29,28,076,21*78
77727,$GPGSV,3,3,11,31,50,331,41,32,64,114,25,42,52,139,30*43
77731,$GPGLL,2601.82864,N,11911.58750,E,132519.00,A,A*67
78260,$GPRMC,132520.00,A,2601.82875,N,11911.58738,E,0.036,,290626,,,A*76
78336,$GPVTG,,T,,M,0.036,N,0.067,K,A*27
78413,$GPGGA,132520.00,2601.82875,N,11911.58738,E,1,08,1.11,8.2,M,10.0,M,,*54
78448,$GPGSA,A,3,03,31,26,25,29,28,16,32,,,,,2.06,1.11,1.73*07
78507,$GPGSV,3,1,11,03,22,306,41,10,12,177,,16,35,223,19,25,16,041,31*76
78579,$GPGSV,3,2,11,26,64,251,29,27,01,193,,28,51,020,39,29,28,076,22*7A
78652,$GPGSV,3,3,11,31,50,331,41,32,64,114,25,42,52,139,30*43
78757,$GPGLL,2601.82875,N,11911.58738,E,132520.00,A,A*63
79260,$GPRMC,132521.00,A,2601.82877,N,11911.58729,E,0.075,,290626,,,A*72
79335,$GPVTG,,T,,M,0.075,N,0.140,K,A*24
79371,$GPGGA,132521.00,2601.82877,N,11911.58729,E,1,08,1.11,8.2,M,10.0,M,,*57
79451,$GPGSA,A,3,03,31,26,25,29,28,16,32,,,,,2.06,1.11,1.73*07
79560,$GPGSV,3,1,11,03,22,306,41,10,12,177,,16,35,223,19,25,16,041,31*76
79579,$GPGSV,3,2,11,26,64,251,30,27,01,193,,28,51,020,39,29,28,076,22*72
79651,$GPGSV,3,3,11,31,50,331,41,32,64,114,25,42,52,139,30*43
79709,$GPGLL,2601.82877,N,11911.58729,E,132521.00,A,A*60
80260,$GPRMC,132522.00,A,2601.82897,N,11911.58718,E,0.119,,290626,,,A*76
80382,$GPVTG,,T,,M,0.119,N,0.221,K,A*2B
# status,80 s,nmea,642,fix,161,utc,132522.00,mode,2
80389,$GPGGA,132522.00,2601.82897,N,11911.58718,E,1,08,1.11,8.2,M,10.0,M,,*58
80505,$GPGSA,A,3,03,31,26,25,29,28,16,32,,,,,2.06,1.11,1.73*07
80509,$GPGSV,3,1,11,03,22,306,41,10,12,177,,16,35,223,19,25,16,041,30*77
80583,$GPGSV,3,2,11,26,64,251,30,27,01,193,,28,51,020,39,29,28,076,23*73
80706,$GPGSV,3,3,11,31,50,331,41,32,64,114,25,42,52,139,30*43
80712,$GPGLL,2601.82897,N,11911.58718,E,132522.00,A,A*6F
81260,$GPRMC,132523.00,A,2601.82922,N,11911.58707,E,0.032,,290626,,,A*7E
81337,$GPVTG,,T,,M,0.032,N,0.059,K,A*2E
81374,$GPGGA,132523.00,2601.82922,N,11911.58707,E,1,08,1.11,8.2,M,10.0,M,,*58
81509,$GPGSA,A,3,03,31,26,25,29,28,16,32,,,,,2.06,1.11,1.73*07
81514,$GPGSV,3,1,11,03,22,306,41,10,12,177,,16,35,223,19,25,16,041,30*77
81581,$GPGSV,3,2,11,26,64,251,31,27,01,193,,28,51,020,39,29,28,076,23*72
81651,$GPGSV,3,3,11,31,50,331,41,32,64,114,25,42,52,139,30*43
81713,$GPGLL,2601.82922,N,11911.58707,E,132523.00,A,A*6F
82220,$GPRMC,132524.00,A,2601.82945,N,11911.58695,E,0.075,,290626,,,A*71
82338,$GPVTG,,T,,M,0.075,N,0.139,K,A*2A
82373,$GPGGA,132524.00,2601.82945,N,11911.58695,E,1,08,1.11,8.3,M,10.0,M,,*55
82452,$GPGSA,A,3,03,31,26,25,29,28,16,32,,,,,2.06,1.11,1.73*07
82512,$GPGSV,3,1,11,03,22,306,41,10,12,177,,16,35,223,19,25,16,041,30*77
82655,$GPGSV,3,2,11,26,64,251,31,27,01,193,,28,51,020,39,29,28,076,24*75
82660,$GPGSV,3,3,11,31,50,331,41,32,64,114,26,42,52,139,30*40
82712,$GPGLL,2601.82945,N,11911.58695,E,132524.00,A,A*63
83260,$GPRMC,132525.00,A,2601.82972,N,11911.58676,E,0.048,,290626,,,A*77
83338,$GPVTG,,T,,M,0.048,N,0.088,K,A*2F
83446,$GPGGA,132525.00,2601.82972,N,11911.58676,E,1,08,1.11,8.4,M,10.0,M,,*5A
83452,$GPGSA,A,3,03,31,26,25,29,28,16,32,,,,,2.06,1.11,1.73*07
83508,$GPGSV,3,1,11,03,22,306,41,10,12,177,,16,35,223,20,25,16,041,31*7C
83580,$GPGSV,3,2,11,26,64,251,31,27,01,193,,28,51,020,39,29,28,076,24*75
83652,$GPGSV,3,3,11,31,50,331,41,32,64,114,26,42,52,139,30*40
83790,$GPGLL,2601.82972,N,11911.58676,E,132525.00,A,A*6B
84190,$GPRMC,132526.00,A,2601.82993,N,11911.58663,E,0.021,,290626,,,A*70
84335,$GPVTG,,T,,M,0.021,N,0.039,K,A*2A
84370,$GPGGA,132526.00,2601.82993,N,11911.58663,E,1,08,1.11,8.4,M,10.0,M,,*52
84450,$GPGSA,A,3,03,31,26,25,29,28,16,32,,,,,2.06,1.11,1.73*07
84592,$GPGSV,3,1,11,03,22,306,41,10,12,177,,16,35,223,20,25,16,041,31*7C
84598,$GPGSV,3,2,11,26,64,251,32,27,01,193,,28,51,020,39,29,28,076,24*76
84649,$GPGSV,3,3,11,31,50,331,41,32,64,114,26,42,52,139,30*40
84709,$GPGLL,2601.82993,N,11911.58663,E,132526.00,A,A*63
85260,$GPRMC,132527.00,A,2601.83006,N,11911.58648,E,0.057,,290626,,,A*7D
85425,$GPVTG,,T,,M,0.057,N,0.106,K,A*26
85429,$GPGGA,132527.00,2601.83006,N,11911.58648,E,1,08,1.11,8.4,M,10.0,M,,*5E
85449,$GPGSA,A,3,03,31,26,25,29,28,16,32,,,,,2.06,1.11,1.73*07
85508,$GPGSV,3,1,11,03,22,306,42,10,12,177,,16,35,223,20,25,16,041,31*7F
85632,$GPGSV,3,2,11,26,64,251,32,27,01,193,,28,51,020,39,29,28,076,24*76
85687,$GPGSV,3,3,11,31,50,331,41,32,64,114,26,42,52,139,30*40
85710,$GPGLL,2601.83006,N,11911.58648,E,132527.00,A,A*6F
86260,$GPRMC,132528.00,A,2601.83014,N,11911.58638,E,0.103,,290626,,,A*76
86335,$GPVTG,,T,,M,0.103,N,0.190,K,A*29
86372,$GPGGA,132528.00,2601.83014,N,11911.58638,E,1,08,1.11,8.3,M,10.0,M,,*52
86496,$GPGSA,A,3,03,31,26,25,29,28,16,32,,,,,2.06,1.11,1.73*07
86507,$GPGSV,3,1,11,03,22,306,42,10,12,177,,16,35,223,20,25,16,041,31*7F
86579,$GPGSV,3,2,11,26,64,251,32,27,01,193,,28,51,020,40,29,28,076,23*7F
86650,$GPGSV,3,3,11,31,50,331,41,32,64,114,26,42,52,139,30*40
86711,$GPGLL,2601.83014,N,11911.58638,E,132528.00,A,A*64
87200,$GPRMC,132529.00,A,2601.83022,N,11911.58630,E,0.174,,290626,,,A*7A
87335,$GPVTG,,T,,M,0.174,N,0.322,K,A*22
87371,$GPGGA,132529.00,2601.83022,N,11911.58630,E,1,08,1.11,8.2,M,10.0,M,,*5F
87448,$GPGSA,A,3,03,31,26,25,29,28,16,32,,,,,2.06,1.11,1.74*00
87509,$GPGSV,3,1,11,03,22,306,41,10,12,177,,16,35,223,20,25,16,041,30*7D
87632,$GPGSV,3,2,11,26,64,251,32,27,01,193,,28,51,020,40,29,28,076,23*7F
87650,$GPGSV,3,3,11,31,50,331,41,32,64,114,25,42,52,139,30*43
87708,$GPGLL,2601.83022,N,11911.58630,E,132529.00,A,A*68
88260,$GPRMC,132530.00,A,2601.83025,N,11911.58623,E,0.083,,290626,,,A*7E
88338,$GPVTG,,T,,M,0.083,N,0.154,K,A*28
88423,$GPGGA,132530.00,2601.83025,N,11911.58623,E,1,08,1.11,8.0,M,10.0,M,,*50
88449,$GPGSA,A,3,03,31,26,25,29,28,16,32,,,,,2.06,1.11,1.74*00
88508,$GPGSV,3,1,11,03,22,306,41,10,12,177,,16,35,223,19,25,16,041,31*76
88580,$GPGSV,3,2,11,26,64,251,32,27,01,193,,28,51,020,40,29,28,076,23*7F
88653,$GPGSV,3,3,11,31,50,331,41,32,64,114,24,42,52,139,30*42
88767,$GPGLL,2601.83025,N,11911.58623,E,132530.00,A,A*65
89170,$GPRMC,132531.00,A,2601.83032,N,11911.58617,E,0.036,,290626,,,A*70
89340,$GPVTG,,T,,M,0.036,N,0.067,K,A*27
89376,$GPGGA,132531.00,2601.83032,N,11911.58617,E,1,08,1.11,7.9,M,10.0,M,,*56
89456,$GPGSA,A,3,03,31,26,25,29,28,16,32,,,,,2.06,1.11,1.74*00
89570,$GPGSV,3,1,11,03,22,306,41,10,12,177,,16,35,223,19,25,16,041,31*76
89584,$GPGSV,3,2,11,26,64,251,32,27,01,193,,28,51,020,40,29,28,076,23*7F
89656,$GPGSV,3,3,11,31,50,331,41,32,64,114,24,42,52,139,30*42
89714,$GPGLL,2601.83032,N,11911.58617,E,132531.00,A,A*65
90170,$GPRMC,132532.00,A,2601.83042,N,11911.58609,E,0.076,,290626,,,A*7F
90393,$GPVTG,,T,,M,0.076,N,0.141,K,A*26
# status,90 s,nmea,722,fix,181,utc,132532.00,mode,2
90403,$GPGGA,132532.00,2601.83042,N,11911.58609,E,1,08,1.11,7.8,M,10.0,M,,*5C
90524,$GPGSA,A,3,03,31,26,25,29,28,16,32,,,,,2.06,1.11,1.74*00
90529,$GPGSV,3,1,11,03,22,306,41,10,12,177,,16,35,223,19,25,16,041,30*77
90581,$GPGSV,3,2,11,26,64,251,32,27,01,193,,28,51,020,40,29,28,076,23*7F
90726,$GPGSV,3,3,11,31,50,331,41,32,64,114,22,42,52,139,30*44
90731,$GPGLL,2601.83042,N,11911.58609,E,132532.00,A,A*6E
91260,$GPRMC,132533.00,A,2601.83055,N,11911.58600,E,0.045,,290626,,,A*71
91336,$GPVTG,,T,,M,0.045,N,0.082,K,A*28
91374,$GPGGA,132533.00,2601.83055,N,11911.58600,E,1,08,1.11,7.8,M,10.0,M,,*52
91529,$GPGSA,A,3,03,31,26,25,29,28,16,32,,,,,2.06,1.11,1.74*00
91535,$GPGSV,3,1,11,03,22,306,41,10,12,177,,16,35,223,18,25,16,041,30*76
91581,$GPGSV,3,2,11,26,64,251,33,27,01,193,,28,51,020,40,29,28,076,22*7F
91650,$GPGSV,3,3,11,31,50,331,41,32,64,114,22,42,52,139,30*44
91712,$GPGLL,2601.83055,N,11911.58600,E,132533.00,A,A*60
92240,$GPRMC,132534.00,A,2601.83061,N,11911.58594,E,0.055,,290626,,,A*7E
92335,$GPVTG,,T,,M,0.055,N,0.102,K,A*20
92370,$GPGGA,132534.00,2601.83061,N,11911.58594,E,1,08,1.11,7.7,M,10.0,M,,*53
92448,$GPGSA,A,3,03,31,26,25,29,28,16,32,,,,,2.06,1.11,1.74*00
92509,$GPGSV,3,1,11,03,22,306,41,10,12,177,,16,35,223,19,25,16,041,30*77
92665,$GPGSV,3,2,11,26,64,251,33,27,01,193,,28,51,020,40,29,28,076,22*7F
92670,$GPGSV,3,3,11,31,50,331,41,32,64,114,22,42,52,139,30*44
92709,$GPGLL,2601.83061,N,11911.58594,E,132534.00,A,A*6E
93260,$GPRMC,132535.00,A,2601.83065,N,11911.58590,E,0.082,,290626,,,A*75
93340,$GPVTG,,T,,M,0.082,N,0.153,K,A*2E
93467,$GPGGA,132535.00,2601.83065,N,11911.58590,E,1,08,1.11,7.5,M,10.0,M,,*50
93508,$GPGSA,A,3,03,31,26,25,29,28,16,32,,,,,2.06,1.11,1.74*00
93512,$GPGSV,3,1,11,03,22,306,41,10,12,177,,16,35,223,19,25,16,041,29*7F
93582,$GPGSV,3,2,11,26,64,251,33,27,01,193,,28,51,020,40,29,28,076,22*7F
93654,$GPGSV,3,3,11,31,50,331,41,32,64,114,22,42,52,139,30*44
93765,$GPGLL,2601.83065,N,11911.58590,E,132535.00,A,A*6F
94260,$GPRMC,132536.00,A,2601.83073,N,11911.58587,E,0.048,,290626,,,A*71
94335,$GPVTG,,T,,M,0.048,N,0.088,K,A*2F
94371,$GPGGA,132536.00,2601.83073,N,11911.58587,E,1,08,1.11,7.3,M,10.0,M,,*54
94450,$GPGSA,A,3,03,31,26,25,29,28,16,32,,,,,2.06,1.11,1.74*00
94557,$GPGSV,3,1,11,03,22,306,41,10,12,177,,16,35,223,19,25,16,041,30*77
94580,$GPGSV,3,2,11,26,64,251,33,27,01,193,,28,51,020,40,29,28,076,22*7F
94649,$GPGSV,3,3,11,31,50,331,41,32,64,114,22,42,52,139,30*44
94709,$GPGLL,2601.83073,N,11911.58587,E,132536.00,A,A*6D
95260,$GPRMC,132537.00,A,2601.83087,N,11911.58582,E,0.067,,290626,,,A*73
95380,$GPVTG,,T,,M,0.067,N,0.124,K,A*25
95383,$GPGGA,132537.00,2601.83087,N,11911.58582,E,1,08,1.11,7.2,M,10.0,M,,*5A
95448,$GPGSA,A,3,03,31,26,25,29,28,16,32,,,,,2.06,1.11,1.74*00
95507,$GPGSV,3,1,11,03,22,306,41,10,12,177,,16,35,223,19,25,16,041,30*77
95582,$GPGSV,3,2,11,26,64,251,33,27,01,193,,28,51,020,40,29,28,076,22*7F
95703,$GPGSV,3,3,11,31,50,331,41,32,64,114,22,42,52,139,30*44
95709,$GPGLL,2601.83087,N,11911.58582,E,132537.00,A,A*62
96260,$GPRMC,132538.00,A,2601.83095,N,11911.58578,E,0.090,,290626,,,A*72
96335,$GPVTG,,T,,M,0.090,N,0.166,K,A*2B
96373,$GPGGA,132538.00,2601.83095,N,11911.58578,E,1,08,1.11,7.2,M,10.0,M,,*53
96506,$GPGSA,A,3,03,31,26,25,29,28,16,32,,,,,2.06,1.11,1.74*00
96510,$GPGSV,3,1,11,03,22,306,41,10,12,177,,16,35,223,20,25,16,041,29*75
96579,$GPGSV,3,2,11,26,64,251,33,27,01,193,,28,51,020,40,29,28,076,22*7F
96650,$GPGSV,3,3,11,31,50,331,41,32,64,114,23,42,52,139,30*45
96710,$GPGLL,2601.83095,N,11911.58578,E,132538.00,A,A*6B
97210,$GPRMC,132539.00,A,2601.83098,N,11911.58575,E,0.019,,290626,,,A*72
97336,$GPVTG,,T,,M,0.019,N,0.036,K,A*2E
97371,$GPGGA,132539.00,2601.83098,N,11911.58575,E,1,08,1.11,7.1,M,10.0,M,,*51
97449,$GPGSA,A,3,03,31,26,25,29,28,16,32,,,,,2.06,1.11,1.74*00
97510,$GPGSV,3,1,11,03,22,306,40,10,12,177,,16,35,223,19,25,16,041,29*7E
97632,$GPGSV,3,2,11,26,64,251,32,27,01,193,,28,51,020,39,29,28,076,22*70
97651,$GPGSV,3,3,11,31,50,331,40,32,64,114,22,42,52,139,29*4D
97709,$GPGLL,2601.83098,N,11911.58575,E,132539.00,A,A*6A
98260,$GPRMC,132540.00,A,2601.83109,N,11911.58570,E,0.105,,290626,,,A*7C
98337,$GPVTG,,T,,M,0.105,N,0.194,K,A*2B
98443,$GPGGA,132540.00,2601.83109,N,11911.58570,E,1,08,1.11,7.0,M,10.0,M,,*52
98449,$GPGSA,A,3,03,31,26,25,29,28,16,32,,,,,2.06,1.11,1.74*00
98509,$GPGSV,3,1,11,03,22,306,41,10,12,177,,16,35,223,19,25,16,041,29*7F
98579,$GPGSV,3,2,11,26,64,251,33,27,01,193,,28,51,020,40,29,28,076,23*7E
98653,$GPGSV,3,3,11,31,50,331,41,32,64,114,22,42,52,139,30*44
98787,$GPGLL,2601.83109,N,11911.58570,E,132540.00,A,A*68
99190,$GPRMC,132541.00,A,2601.83118,N,11911.58564,E,0.032,,290626,,,A*7D
99334,$GPVTG,,T,,M,0.032,N,0.059,K,A*2E
99370,$GPGGA,132541.00,2601.83118,N,11911.58564,E,1,08,1.11,7.0,M,10.0,M,,*56
99450,$GPGSA,A,3,03,31,26,25,29,28,16,32,,,,,2.06,1.11,1.74*00
99580,$GPGSV,3,1,11,03,22,306,41,10,12,177,,16,35,223,18,25,16,041,29*7E
99585,$GPGSV,3,2,11,26,64,251,33,27,01,193,,28,51,020,40,29,28,076,22*7F
99650,$GPGSV,3,3,11,31,50,331,41,32,64,114,22,42,52,139,30*44
99708,$GPGLL,2601.83118,N,11911.58564,E,132541.00,A,A*6C
100260,$GPRMC,132542.00,A,2601.83120,N,11911.58558,E,0.043,,290626,,,A*7C
100422,$GPVTG,,T,,M,0.043,N,0.079,K,A*2A
# status,100 s,nmea,802,fix,201,utc,132542.00,mode,2
100430,$GPGGA,132542.00,2601.83120,N,11911.58558,E,1,08,1.11,6.9,M,10.0,M,,*59
100535,$GPGSA,A,3,03,31,26,25,29,28,16,32,,,,,2.06,1.11,1.74*00
100539,$GPGSV,3,1,11,03,22,306,41,10,12,177,,16,35,223,18,25,16,041,29*7E
100583,$GPGSV,3,2,11,26,64,251,32,27,01,193,,28,51,020,40,29,28,076,23*7F
100736,$GPGSV,3,3,11,31,50,331,41,32,64,114,22,42,52,139,30*44
100742,$GPGLL,2601.83120,N,11911.58558,E,132542.00,A,A*6B
101260,$GPRMC,132543.00,A,2601.83125,N,11911.58551,E,0.094,,290626,,,A*7B
101373,$GPVTG,,T,,M,0.094,N,0.174,K,A*2C
101382,$GPGGA,132543.00,2601.83125,N,11911.58551,E,1,08,1.11,6.8,M,10.0,M,,*55
101493,$GPGSA,A,3,03,31,26,25,29,28,16,32,,,,,2.06,1.11,1.74*00
101509,$GPGSV,3,1,11,03,22,306,41,10,12,177,,16,35,223,18,25,16,041,29*7E
101582,$GPGSV,3,2,11,26,64,251,33,27,01,193,,28,51,020,40,29,28,076,23*7E
101651,$GPGSV,3,3,11,31,50,331,41,32,64,114,22,42,52,139,30*44
101713,$GPGLL,2601.83125,N,11911.58551,E,132543.00,A,A*66
102210,$GPRMC,132544.00,A,2601.83133,N,11911.58543,E,0.195,,290626,,,A*78
102335,$GPVTG,,T,,M,0.195,N,0.361,K,A*2A
102371,$GPGGA,132544.00,2601.83133,N,11911.58543,E,1,08,1.11,6.9,M,10.0,M,,*57
102448,$GPGSA,A,3,03,31,26,25,29,28,16,32,,,,,2.06,1.11,1.74*00
102509,$GPGSV,3,1,11,03,22,306,42,10,12,177,,16,35,223,18,25,16,041,30*75
102629,$GPGSV,3,2,11,26,64,251,33,27,01,193,,28,51,020,41,29,28,076,23*7F
102649,$GPGSV,3,3,11,31,50,331,41,32,64,114,22,42,52,139,30*44
102709,$GPGLL,2601.83133,N,11911.58543,E,132544.00,A,A*65
103260,$GPRMC,132545.00,A,2601.83140,N,11911.58535,E,0.124,,290626,,,A*76
103338,$GPVTG,,T,,M,0.124,N,0.230,K,A*25
103421,$GPGGA,132545.00,2601.83140,N,11911.58535,E,1,08,1.11,6.9,M,10.0,M,,*53
103449,$GPGSA,A,3,03,31,26,25,29,28,16,32,,,,,2.06,1.11,1.74*00
103508,$GPGSV,3,1,11,03,22,306,42,10,12,177,,16,35,223,19,25,16,041,30*74
103580,$GPGSV,3,2,11,26,64,251,33,27,01,193,,28,51,020,41,29,28,076,23*7F
103653,$GPGSV,3,3,11,31,50,331,41,32,64,114,22,42,52,139,31*45
103765,$GPGLL,2601.83140,N,11911.58535,E,132545.00,A,A*61
104170,$GPRMC,132546.00,A,2601.83144,N,11911.58527,E,0.071,,290626,,,A*73
104334,$GPVTG,,T,,M,0.071,N,0.131,K,A*26
104370,$GPGGA,132546.00,2601.83144,N,11911.58527,E,1,08,1.11,6.9,M,10.0,M,,*57
104450,$GPGSA,A,3,03,31,26,25,29,28,16,32,,,,,2.06,1.11,1.74*00
104568,$GPGSV,3,1,11,03,22,306,42,10,12,177,,16,35,223,19,25,16,041,30*74
104578,$GPGSV,3,2,11,26,64,251,33,27,01,193,,28,51,020,41,29,28,076,23*7F
104650,$GPGSV,3,3,11,31,50,331,41,32,64,114,22,42,52,139,31*45
104708,$GPGLL,2601.83144,N,11911.58527,E,132546.00,A,A*65
105260,$GPRMC,132547.00,A,2601.83149,N,11911.58520,E,0.050,,290626,,,A*7B
105402,$GPVTG,,T,,M,0.050,N,0.092,K,A*2D
105413,$GPGGA,132547.00,2601.83149,N,11911.58520,E,1,08,1.11,7.0,M,10.0,M,,*54
105448,$GPGSA,A,3,03,31,26,25,29,28,16,32,,,,,2.06,1.11,1.74*00
105509,$GPGSV,3,1,11,03,22,306,42,10,12,177,,16,35,223,19,25,16,041,30*74
105581,$GPGSV,3,2,11,26,64,251,33,27,01,193,,28,51,020,41,29,28,076,23*7F
105724,$GPGSV,3,3,11,31,50,331,41,32,64,114,22,42,52,139,31*45
105728,$GPGLL,2601.83149,N,11911.58520,E,132547.00,A,A*6E
106260,$GPRMC,132548.00,A,2601.83154,N,11911.58512,E,0.200,,290626,,,A*7E
106335,$GPVTG,,T,,M,0.200,N,0.371,K,A*24
106374,$GPGGA,132548.00,2601.83154,N,11911.58512,E,1,08,1.11,7.1,M,10.0,M,,*57
106516,$GPGSA,A,3,03,31,26,25,29,28,16,32,,,,,2.06,1.11,1.74*00
106521,$GPGSV,3,1,11,03,22,306,42,10,12,177,,16,35,223,19,25,16,041,30*74
106579,$GPGSV,3,2,11,26,64,251,34,27,01,193,,28,51,020,41,29,28,076,23*78
106651,$GPGSV,3,3,11,31,50,331,41,32,64,114,21,42,52,139,30*47
106711,$GPGLL,2601.83154,N,11911.58512,E,132548.00,A,A*6C
107230,$GPRMC,132549.00,A,2601.83159,N,11911.58507,E,0.245,,290626,,,A*77
107335,$GPVTG,,T,,M,0.245,N,0.454,K,A*25
107372,$GPGGA,132549.00,2601.83159,N,11911.58507,E,1,08,1.11,7.2,M,10.0,M,,*5C
107448,$GPGSA,A,3,03,31,26,25,29,28,16,32,,,,,2.06,1.11,1.74*00
107511,$GPGSV,3,1,11,03,22,306,42,10,12,177,,16,35,223,18,25,16,041,30*75
107653,$GPGSV,3,2,11,26,64,251,34,27,01,193,,28,51,020,40,29,28,076,23*79
107657,$GPGSV,3,3,11,31,50,331,41,32,64,114,21,42,52,139,30*47
107710,$GPGLL,2601.83159,N,11911.58507,E,132549.00,A,A*64
108260,$GPRMC,132550.00,A,2601.83161,N,11911.58504,E,0.061,,290626,,,A*73
108337,$GPVTG,,T,,M,0.061,N,0.112,K,A*26
108444,$GPGGA,132550.00,2601.83161,N,11911.58504,E,1,08,1.11,7.2,M,10.0,M,,*5C
108450,$GPGSA,A,3,03,31,26,25,29,28,16,32,,,,,2.06,1.11,1.74*00
108507,$GPGSV,3,1,11,03,22,306,42,10,12,177,,16,35,223,18,25,16,041,30*75
108579,$GPGSV,3,2,11,26,64,251,34,27,01,193,,28,51,020,40,29,28,076,22*78
108651,$GPGSV,3,3,11,31,50,331,41,32,64,114,21,42,52,139,30*47
108823,$GPGLL,2601.83161,N,11911.58504,E,132550.00,A,A*64
109220,$GPRMC,132551.00,A,2601.83163,N,11911.58500,E,0.082,,290626,,,A*79
109335,$GPVTG,,T,,M,0.082,N,0.152,K,A*2F
109371,$GPGGA,132551.00,2601.83163,N,11911.58500,E,1,08,1.11,7.3,M,10.0,M,,*5A
109450,$GPGSA,A,3,03,31,26,25,29,28,16,32,,,,,2.06,1.11,1.74*00
109555,$GPGSV,3,1,11,03,22,306,42,10,12,177,,16,35,223,18,25,16,041,30*75
109580,$GPGSV,3,2,11,26,64,251,34,27,01,193,,28,51,020,40,29,28,076,22*78
109651,$GPGSV,3,3,11,31,50,331,41,32,64,114,21,42,52,139,30*47
109709,$GPGLL,2601.83163,N,11911.58500,E,132551.00,A,A*63
110260,$GPRMC,132552.00,A,2601.83165,N,11911.58498,E,0.099,,290626,,,A*76
110387,$GPVTG,,T,,M,0.099,N,0.183,K,A*29
110391,$GPGGA,132552.00,2601.83165,N,11911.58498,E,1,08,1.11,7.3,M,10.0,M,,*5F
110450,$GPGSA,A,3,03,31,26,25,29,28,16,32,,,,,2.06,1.11,1.74*00
# status,110 s,nmea,884,fix,222,utc,132552.00,mode,2
110512,$GPGSV,3,1,11,03,22,306,42,10,12,177,,16,35,223,19,25,16,041,30*74
110633,$GPGSV,3,2,11,26,64,251,34,27,01,193,,28,51,020,40,29,28,076,22*78
110702,$GPGSV,3,3,11,31,50,331,41,32,64,114,21,42,52,139,31*46
110710,$GPGLL,2601.83165,N,11911.58498,E,132552.00,A,A*66
111260,$GPRMC,132553.00,A,2601.83167,N,11911.58497,E,0.113,,290626,,,A*79
111336,$GPVTG,,T,,M,0.113,N,0.210,K,A*23
111375,$GPGGA,132553.00,2601.83167,N,11911.58497,E,1,08,1.11,7.4,M,10.0,M,,*54
111504,$GPGSA,A,3,03,31,26,25,29,28,16,32,,,,,2.06,1.11,1.74*00
111510,$GPGSV,3,1,11,03,22,306,42,10,12,177,,16,35,223,19,25,16,041,30*74
111580,$GPGSV,3,2,11,26,64,251,33,27,01,193,,28,51,020,39,29,28,076,22*71
111652,$GPGSV,3,3,11,31,50,331,40,32,64,114,21,42,52,139,30*46
111713,$GPGLL,2601.83167,N,11911.58497,E,132553.00,A,A*6A
112210,$GPRMC,132554.00,A,2601.83167,N,11911.58498,E,0.062,,290626,,,A*76
112336,$GPVTG,,T,,M,0.062,N,0.114,K,A*23
112371,$GPGGA,132554.00,2601.83167,N,11911.58498,E,1,08,1.11,7.4,M,10.0,M,,*5C
112447,$GPGSA,A,3,03,31,26,25,29,28,16,32,,,,,2.06,1.11,1.74*00
112651,$GPGSV,3,1,11,03,22,305,42,10,12,177,,16,35,223,18,25,16,041,30*76
112721,$GPGSV,3,2,11,26,64,251,33,27,01,193,,28,51,020,39,29,28,076,22*71
112726,$GPGSV,3,3,11,31,50,331,41,32,64,114,21,42,52,139,30*47
112734,$GPGLL,2601.83167,N,11911.58498,E,132554.00,A,A*62
113260,$GPRMC,132555.00,A,2601.83182,N,11911.58495,E,0.021,,290626,,,A*76
113339,$GPVTG,,T,,M,0.021,N,0.039,K,A*2A
113432,$GPGGA,132555.00,2601.83182,N,11911.58495,E,1,08,1.11,7.5,M,10.0,M,,*5A
113451,$GPGSA,A,3,03,31,26,25,29,28,16,32,,,,,2.06,1.11,1.74*00
113510,$GPGSV,3,1,11,03,22,305,42,10,12,177,,16,35,223,17,25,16,041,30*79
113582,$GPGSV,3,2,11,26,64,251,33,27,01,193,,28,51,020,39,29,28,076,22*71
113654,$GPGSV,3,3,11,31,50,331,41,32,64,114,21,42,52,139,30*47
113786,$GPGLL,2601.83182,N,11911.58495,E,132555.00,A,A*65
114180,$GPRMC,132556.00,A,2601.83188,N,11911.58497,E,0.023,,290626,,,A*7F
114336,$GPVTG,,T,,M,0.023,N,0.043,K,A*25
114371,$GPGGA,132556.00,2601.83188,N,11911.58497,E,1,08,1.11,7.6,M,10.0,M,,*52
114452,$GPGSA,A,3,03,31,26,25,29,28,16,32,,,,,2.06,1.11,1.74*00
114578,$GPGSV,3,1,11,03,22,305,42,10,12,177,,16,35,223,17,25,16,041,30*79
114584,$GPGSV,3,2,11,26,64,251,33,27,01,193,,28,51,020,39,29,28,076,22*71
114650,$GPGSV,3,3,11,31,50,331,41,32,64,114,21,42,52,139,29*4F
114710,$GPGLL,2601.83188,N,11911.58497,E,132556.00,A,A*6E
115260,$GPRMC,132557.00,A,2601.83195,N,11911.58499,E,0.020,,290626,,,A*7F
115411,$GPVTG,,T,,M,0.020,N,0.037,K,A*25
115414,$GPGGA,132557.00,2601.83195,N,11911.58499,E,1,08,1.11,7.6,M,10.0,M,,*51
115450,$GPGSA,A,3,03,31,26,25,29,28,16,32,,,,,2.06,1.11,1.74*00
115509,$GPGSV,3,1,11,03,22,305,42,10,12,177,,16,35,223,17,25,16,041,31*78
115583,$GPGSV,3,2,11,26,64,251,33,27,01,193,,28,51,020,39,29,28,076,21*72
115724,$GPGSV,3,3,11,31,50,331,41,32,64,114,21,42,52,139,30*47
115729,$GPGLL,2601.83195,N,11911.58499,E,132557.00,A,A*6D
116260,$GPRMC,132558.00,A,2601.83209,N,11911.58497,E,0.150,,290626,,,A*7E
116337,$GPVTG,,T,,M,0.150,N,0.278,K,A*2A
116374,$GPGGA,132558.00,2601.83209,N,11911.58497,E,1,08,1.11,7.8,M,10.0,M,,*58
116527,$GPGSA,A,3,03,31,26,25,29,28,16,32,,,,,2.06,1.11,1.74*00
116531,$GPGSV,3,1,11,03,22,305,42,10,12,177,,16,35,223,16,25,16,041,30*78
116616,$GPGSV,3,2,11,26,64,251,33,27,01,193,,28,51,020,39,29,28,076,21*72
116652,$GPGSV,3,3,11,31,50,331,41,32,64,114,21,42,52,139,29*4F
116712,$GPGLL,2601.83209,N,11911.58497,E,132558.00,A,A*6A
117210,$GPRMC,132559.00,A,2601.83228,N,11911.58493,E,0.126,,290626,,,A*79
117341,$GPVTG,,T,,M,0.126,N,0.234,K,A*23
117377,$GPGGA,132559.00,2601.83228,N,11911.58493,E,1,08,1.11,8.0,M,10.0,M,,*59
117455,$GPGSA,A,3,03,31,26,25,29,28,16,32,,,,,2.06,1.11,1.74*00
117516,$GPGSV,3,1,11,03,22,305,42,10,12,177,,16,35,223,15,25,16,041,30*7B
117637,$GPGSV,3,2,11,26,64,251,34,27,01,193,,28,51,020,38,29,28,076,20*75
117657,$GPGSV,3,3,11,31,50,331,41,32,64,114,21,42,52,139,29*4F
117714,$GPGLL,2601.83228,N,11911.58493,E,132559.00,A,A*6C
118260,$GPRMC,132600.00,A,2601.83241,N,11911.58490,E,0.104,,290626,,,A*7A
118342,$GPVTG,,T,,M,0.104,N,0.193,K,A*2D
118430,$GPGGA,132600.00,2601.83241,N,11911.58490,E,1,08,1.11,8.1,M,10.0,M,,*5B
118453,$GPGSA,A,3,03,31,26,25,29,28,16,32,,,,,2.06,1.11,1.74*00
118514,$GPGSV,3,1,11,03,22,305,42,10,12,177,,16,35,223,15,25,16,041,30*7B
118584,$GPGSV,3,2,11,26,64,251,34,27,01,193,,28,51,020,38,29,28,076,20*75
118658,$GPGSV,3,3,11,31,50,331,41,32,64,114,20,42,52,139,30*46
118773,$GPGLL,2601.83241,N,11911.58490,E,132600.00,A,A*6F
119170,$GPRMC,132601.00,A,2601.83250,N,11911.58492,E,0.189,,290626,,,A*7C
119335,$GPVTG,,T,,M,0.189,N,0.350,K,A*25
119372,$GPGGA,132601.00,2601.83250,N,11911.58492,E,1,08,1.11,8.2,M,10.0,M,,*5B
119450,$GPGSA,A,3,03,31,26,25,29,28,16,32,,,,,2.06,1.11,1.74*00
119566,$GPGSV,3,1,11,03,22,305,42,10,12,177,,16,35,223,16,25,16,041,31*79
119579,$GPGSV,3,2,11,26,64,251,33,27,01,193,,28,51,020,38,29,28,076,20*72
119651,$GPGSV,3,3,11,31,50,331,41,32,64,114,20,42,52,139,29*4E
119709,$GPGLL,2601.83250,N,11911.58492,E,132601.00,A,A*6C
120260,$GPRMC,132602.00,A,2601.83256,N,11911.58495,E,0.203,,290626,,,A*7F
120399,$GPVTG,,T,,M,0.203,N,0.376,K,A*20
120402,$GPGGA,132602.00,2601.83256,N,11911.58495,E,1,08,1.11,8.2,M,10.0,M,,*59
120448,$GPGSA,A,3,03,31,26,25,29,28,16,32,,,,,2.06,1.11,1.74*00
120509,$GPGSV,3,1,11,03,22,305,42,10,12,177,,16,35,223,16,25,16,041,31*79
# status,120 s,nmea,965,fix,242,utc,132602.00,mode,2
120661,$GPGSV,3,2,11,26,64,251,33,27,01,193,,28,51,020,38,29,28,076,20*72
120733,$GPGSV,3,3,11,31,50,331,41,32,64,114,19,42,52,139,30*4C
120737,$GPGLL,2601.83256,N,11911.58495,E,132602.00,A,A*6E
121260,$GPRMC,132603.00,A,2601.83267,N,11911.58499,E,0.204,,290626,,,A*77
121337,$GPVTG,,T,,M,0.204,N,0.378,K,A*29
121375,$GPGGA,132603.00,2601.83267,N,11911.58499,E,1,08,1.11,8.3,M,10.0,M,,*57
121525,$GPGSA,A,3,03,31,26,25,29,28,16,32,,,,,2.06,1.11,1.74*00
121529,$GPGSV,3,1,11,03,22,305,43,10,12,177,,16,35,223,16,25,16,041,32*7B
121581,$GPGSV,3,2,11,26,64,251,33,27,01,193,,28,51,020,38,29,28,076,20*72
121652,$GPGSV,3,3,11,31,50,331,41,32,64,114,18,42,52,139,30*4D
121712,$GPGLL,2601.83267,N,11911.58499,E,132603.00,A,A*61
122230,$GPRMC,132604.00,A,2601.83276,N,11911.58502,E,0.049,,290626,,,A*78
122336,$GPVTG,,T,,M,0.049,N,0.090,K,A*27
122372,$GPGGA,132604.00,2601.83276,N,11911.58502,E,1,08,1.11,8.4,M,10.0,M,,*54
122450,$GPGSA,A,3,03,31,26,25,29,28,16,32,,,,,2.06,1.11,1.74*00
122512,$GPGSV,3,1,11,03,22,305,43,10,12,177,,16,35,223,16,25,16,041,31*78
122651,$GPGSV,3,2,11,26,64,251,34,27,01,193,,28,51,020,38,29,28,076,20*75
122657,$GPGSV,3,3,11,31,50,331,41,32,64,114,17,42,52,139,30*42
122710,$GPGLL,2601.83276,N,11911.58502,E,132604.00,A,A*65
123260,$GPRMC,132605.00,A,2601.83281,N,11911.58503,E,0.041,,290626,,,A*78
123337,$GPVTG,,T,,M,0.041,N,0.076,K,A*27
123453,$GPGGA,132605.00,2601.83281,N,11911.58503,E,1,08,1.24,8.5,M,10.0,M,,*5B
123458,$GPGSA,A,3,03,31,26,25,29,28,16,32,,,,,2.21,1.24,1.82*0A
123510,$GPGSV,3,1,11,03,22,305,43,10,12,177,,16,35,223,15,25,16,041,32*78
123579,$GPGSV,3,2,11,26,64,251,33,27,01,193,,28,51,020,38,29,28,076,19*78
123653,$GPGSV,3,3,11,31,50,331,41,32,64,114,16,42,52,139,30*43
123796,$GPGLL,2601.83281,N,11911.58503,E,132605.00,A,A*6D
124200,$GPRMC,132606.00,A,2601.83290,N,11911.58505,E,0.064,,290626,,,A*7A
124334,$GPVTG,,T,,M,0.064,N,0.118,K,A*29
124401,$GPGGA,132606.00,2601.83290,N,11911.58505,E,1,08,1.24,8.6,M,10.0,M,,*5D
124449,$GPGSA,A,3,03,31,26,25,29,28,16,32,,,,,2.21,1.24,1.82*0A
124543,$GPGSV,3,1,11,03,22,305,43,10,12,177,,16,35,223,16,25,16,041,32*7B
124580,$GPGSV,3,2,11,26,64,251,33,27,01,193,,28,51,020,38,29,28,076,19*78
124649,$GPGSV,3,3,11,31,50,331,41,32,64,114,16,42,52,139,30*43
124709,$GPGLL,2601.83290,N,11911.58505,E,132606.00,A,A*68
125260,$GPRMC,132607.00,A,2601.83297,N,11911.58507,E,0.116,,290626,,,A*7A
125376,$GPVTG,,T,,M,0.116,N,0.216,K,A*20
125380,$GPGGA,132607.00,2601.83297,N,11911.58507,E,1,08,1.24,8.8,M,10.0,M,,*57
125447,$GPGSA,A,3,03,31,26,25,29,28,16,32,,,,,2.21,1.24,1.82*0A
125506,$GPGSV,3,1,11,03,22,305,43,10,12,177,,16,36,224,16,25,16,041,32*7F
125580,$GPGSV,3,2,11,26,64,251,34,27,01,193,,28,51,020,38,29,28,076,19*7F
125700,$GPGSV,3,3,11,31,50,331,41,32,64,114,16,42,52,139,30*43
125708,$GPGLL,2601.83297,N,11911.58507,E,132607.00,A,A*6C
126260,$GPRMC,132608.00,A,2601.83300,N,11911.58510,E,0.049,,290626,,,A*77
126335,$GPVTG,,T,,M,0.049,N,0.090,K,A*27
126373,$GPGGA,132608.00,2601.83300,N,11911.58510,E,1,08,1.24,8.9,M,10.0,M,,*50
126502,$GPGSA,A,3,03,31,26,25,29,28,16,32,,,,,2.21,1.24,1.82*0A
126507,$GPGSV,3,1,11,03,22,305,43,10,12,177,,16,36,224,16,25,16,041,32*7F
126579,$GPGSV,3,2,11,26,64,251,34,27,01,193,,28,51,020,38,29,28,076,20*75
126649,$GPGSV,3,3,11,31,50,331,41,32,64,114,15,42,52,139,30*40
126711,$GPGLL,2601.83300,N,11911.58510,E,132608.00,A,A*6A
127210,$GPRMC,132609.00,A,2601.83303,N,11911.58513,E,0.145,,290626,,,A*7B
127336,$GPVTG,,T,,M,0.145,N,0.269,K,A*2E
127371,$GPGGA,132609.00,2601.83303,N,11911.58513,E,1,08,1.24,9.0,M,10.0,M,,*59
127449,$GPGSA,A,3,03,31,26,25,29,28,16,32,,,,,2.21,1.24,1.82*0A
127510,$GPGSV,3,1,11,03,22,305,43,10,12,177,,16,36,224,17,25,16,041,32*7E
127639,$GPGSV,3,2,11,26,64,251,34,27,01,193,,28,51,020,38,29,28,076,20*75
127651,$GPGSV,3,3,11,31,50,331,41,32,64,114,13,42,52,139,30*46
127708,$GPGLL,2601.83303,N,11911.58513,E,132609.00,A,A*6B
128260,$GPRMC,132610.00,A,2601.83307,N,11911.58516,E,0.039,,290626,,,A*78
128337,$GPVTG,,T,,M,0.039,N,0.072,K,A*2C
128430,$GPGGA,132610.00,2601.83307,N,11911.58516,E,1,08,1.24,9.2,M,10.0,M,,*52
128448,$GPGSA,A,3,03,31,26,25,29,28,16,32,,,,,2.21,1.24,1.82*0A
128507,$GPGSV,3,1,11,03,22,305,43,10,12,177,,16,36,224,18,25,16,041,33*70
128579,$GPGSV,3,2,11,26,64,251,33,27,01,193,,28,51,020,38,29,28,076,19*78
128652,$GPGSV,3,3,11,31,50,331,41,32,64,114,12,42,52,139,30*47
128784,$GPGLL,2601.83307,N,11911.58516,E,132610.00,A,A*62
129180,$GPRMC,132611.00,A,2601.83319,N,11911.58517,E,0.279,,290626,,,A*71
129335,$GPVTG,,T,,M,0.279,N,0.517,K,A*2C
129371,$GPGGA,132611.00,2601.83319,N,11911.58517,E,1,08,1.24,9.4,M,10.0,M,,*5B
129451,$GPGSA,A,3,03,31,26,25,29,28,16,32,,,,,2.21,1.24,1.82*0A
129586,$GPGSV,3,1,11,03,22,305,43,10,12,177,,16,36,224,19,25,16,041,33*71
129591,$GPGSV,3,2,11,26,64,251,34,27,01,193,,28,51,020,39,29,28,076,20*74
129651,$GPGSV,3,3,11,31,50,331,42,32,64,114,11,42,52,139,30*47
129709,$GPGLL,2601.83319,N,11911.58517,E,132611.00,A,A*6D
130260,$GPRMC,132612.00,A,2601.83326,N,11911.58519,E,0.084,,290626,,,A*70
130419,$GPVTG,,T,,M,0.084,N,0.156,K,A*2D
130423,$GPGGA,132612.00,2601.83326,N,11911.58519,E,1,07,1.20,9.6,M,10.0,M,,*53
130446,$GPGSA,A,3,03,31,26,25,29,28,16,,,,,,2.25,1.20,1.91*09
130505,$GPGSV,3,1,11,03,22,305,43,10,12,177,,16,36,224,19,25,16,041,33*71
130577,$GPGSV,3,2,11,26,64,251,33,27,01,193,,28,51,020,38,29,28,076,20*72
# status,130 s,nmea,1046,fix,262,utc,132612.00,mode,2
130736,$GPGSV,3,3,11,31,50,331,41,32,64,114,09,42,52,139,30*4D
130823,$GPGLL,2601.83326,N,11911.58519,E,132612.00,A,A*6C
131220,$GPRMC,132613.00,A,2601.83328,N,11911.58520,E,0.109,,290626,,,A*71
131334,$GPVTG,,T,,M,0.109,N,0.202,K,A*2B
131372,$GPGGA,132613.00,2601.83328,N,11911.58520,E,1,07,1.20,9.8,M,10.0,M,,*58
131526,$GPGSA,A,3,03,31,26,25,29,28,16,,,,,,2.25,1.20,1.91*09
131530,$GPGSV,3,1,11,03,22,305,43,10,12,177,,16,36,224,19,25,16,041,33*71
131577,$GPGSV,3,2,11,26,64,251,33,27,01,193,,28,51,020,38,29,28,076,20*72
131646,$GPGSV,3,3,11,31,50,331,41,32,64,114,08,42,52,139,30*4C
131742,$GPGLL,2601.83328,N,11911.58520,E,132613.00,A,A*69
132190,$GPRMC,132614.00,A,2601.83325,N,11911.58524,E,0.207,,290626,,,A*72
132333,$GPVTG,,T,,M,0.207,N,0.383,K,A*2E
132369,$GPGGA,132614.00,2601.83325,N,11911.58524,E,1,07,1.20,9.9,M,10.0,M,,*57
132446,$GPGSA,A,3,03,31,26,25,29,28,16,,,,,,2.25,1.20,1.91*09
132505,$GPGSV,3,1,11,03,22,305,43,10,12,177,,16,36,224,19,25,16,041,33*71
132618,$GPGSV,3,2,11,26,64,251,33,27,01,193,,28,51,020,38,29,28,076,20*72
132645,$GPGSV,3,3,11,31,50,331,42,32,64,114,,42,52,139,30*47
132703,$GPGLL,2601.83325,N,11911.58524,E,132614.00,A,A*67
133250,$GPRMC,132615.00,A,2601.83322,N,11911.58530,E,0.043,,290626,,,A*73
133336,$GPVTG,,T,,M,0.043,N,0.080,K,A*2C
133408,$GPGGA,132615.00,2601.83322,N,11911.58530,E,1,07,1.20,9.9,M,10.0,M,,*54
133447,$GPGSA,A,3,03,31,26,25,29,28,16,,,,,,2.25,1.20,1.91*09
133504,$GPGSV,3,1,11,03,22,305,43,10,12,177,,16,36,224,19,25,16,041,33*71
133576,$GPGSV,3,2,11,26,64,251,33,27,01,193,,28,51,020,39,29,28,076,21*72
133649,$GPGSV,3,3,11,31,50,331,42,32,64,114,,42,52,139,30*47
133751,$GPGLL,2601.83322,N,11911.58530,E,132615.00,A,A*64
134250,$GPRMC,132616.00,A,2601.83313,N,11911.58535,E,0.084,,290626,,,A*7C
134332,$GPVTG,,T,,M,0.084,N,0.155,K,A*2E
134368,$GPGGA,132616.00,2601.83313,N,11911.58535,E,1,07,1.20,9.9,M,10.0,M,,*50
134448,$GPGSA,A,3,03,31,26,25,29,28,16,,,,,,2.25,1.20,1.91*09
134554,$GPGSV,3,1,11,03,22,305,43,10,12,177,,16,36,224,18,25,15,041,33*73
134574,$GPGSV,3,2,11,26,64,251,33,27,01,193,,28,51,020,39,29,28,076,21*72
134646,$GPGSV,3,3,11,31,50,331,42,32,64,114,,42,52,139,30*47
134701,$GPGLL,2601.83313,N,11911.58535,E,132616.00,A,A*60
135250,$GPRMC,132617.00,A,2601.83313,N,11911.58537,E,0.107,,290626,,,A*75
135387,$GPVTG,,T,,M,0.107,N,0.198,K,A*25
135390,$GPGGA,132617.00,2601.83313,N,11911.58537,E,1,08,1.20,10.0,M,10.0,M,,*6D
135448,$GPGSA,A,3,03,31,26,25,29,28,16,32,,,,,2.25,1.20,1.91*08
135508,$GPGSV,3,1,11,03,22,305,43,10,12,177,,16,36,224,19,25,15,041,33*72
135580,$GPGSV,3,2,11,26,64,252,33,27,01,193,,28,51,020,39,29,28,076,21*71
135711,$GPGSV,3,3,11,31,50,331,42,32,64,114,14,42,52,139,30*42
135715,$GPGLL,2601.83313,N,11911.58537,E,132617.00,A,A*63
136160,$GPRMC,132618.00,A,2601.83309,N,11911.58537,E,0.163,,290626,,,A*73
136332,$GPVTG,,T,,M,0.163,N,0.302,K,A*26
136372,$GPGGA,132618.00,2601.83309,N,11911.58537,E,1,08,1.20,10.1,M,10.0,M,,*68
136513,$GPGSA,A,3,03,31,26,25,29,28,16,32,,,,,2.25,1.20,1.91*08
136523,$GPGSV,3,1,11,03,22,305,43,10,12,177,,16,36,224,18,25,15,041,33*73
136578,$GPGSV,3,2,11,26,64,252,33,27,01,193,,28,51,020,39,29,28,076,21*71
136649,$GPGSV,3,3,11,31,50,331,42,32,64,114,15,42,52,139,30*43
136710,$GPGLL,2601.83309,N,11911.58537,E,132618.00,A,A*67
137230,$GPRMC,132619.00,A,2601.83308,N,11911.58537,E,0.052,,290626,,,A*70
137335,$GPVTG,,T,,M,0.052,N,0.097,K,A*2A
137374,$GPGGA,132619.00,2601.83308,N,11911.58537,E,1,08,1.20,10.1,M,10.0,M,,*68
137449,$GPGSA,A,3,03,31,26,25,29,28,16,32,,,,,2.25,1.20,1.91*08
137512,$GPGSV,3,1,11,03,22,305,43,10,12,177,,16,36,224,18,25,15,041,33*73
137658,$GPGSV,3,2,11,26,64,252,33,27,01,193,,28,50,021,39,29,28,076,21*71
137664,$GPGSV,3,3,11,31,50,331,42,32,64,114,16,42,52,139,30*40
137711,$GPGLL,2601.83308,N,11911.58537,E,132619.00,A,A*67
138260,$GPRMC,132620.00,A,2601.83308,N,11911.58536,E,0.145,,290626,,,A*7C
138337,$GPVTG,,T,,M,0.145,N,0.269,K,A*2E
138471,$GPGGA,132620.00,2601.83308,N,11911.58536,E,1,08,1.12,10.2,M,10.0,M,,*61
138476,$GPGSA,A,3,03,31,26,25,29,28,16,32,,,,,2.06,1.12,1.74*03
138510,$GPGSV,3,1,11,03,22,305,43,10,12,177,,16,36,224,18,25,15,041,34*74
138581,$GPGSV,3,2,11,26,64,252,33,27,01,193,,28,50,021,39,29,28,075,22*71
138653,$GPGSV,3,3,11,31,50,331,42,32,64,114,17,42,52,139,30*41
138795,$GPGLL,2601.83308,N,11911.58536,E,132620.00,A,A*6C
139190,$GPRMC,132621.00,A,2601.83302,N,11911.58534,E,0.078,,290626,,,A*7A
139337,$GPVTG,,T,,M,0.078,N,0.145,K,A*2C
139372,$GPGGA,132621.00,2601.83302,N,11911.58534,E,1,08,1.12,10.3,M,10.0,M,,*69
139453,$GPGSA,A,3,03,31,26,25,29,28,16,32,,,,,2.06,1.12,1.74*03
139597,$GPGSV,3,1,11,03,22,305,43,10,12,177,,16,36,224,19,25,15,041,34*75
139639,$GPGSV,3,2,11,26,64,252,33,27,01,193,,28,50,021,39,29,28,075,22*71
139652,$GPGSV,3,3,11,31,50,331,42,32,64,114,17,42,52,139,30*41
139712,$GPGLL,2601.83302,N,11911.58534,E,132621.00,A,A*65
140260,$GPRMC,132622.00,A,2601.83289,N,11911.58536,E,0.237,,290626,,,A*70
140374,$GPVTG,,T,,M,0.237,N,0.439,K,A*2B
140377,$GPGGA,132622.00,2601.83289,N,11911.58536,E,1,08,1.12,10.3,M,10.0,M,,*6A
140450,$GPGSA,A,3,03,31,26,25,29,28,16,32,,,,,2.06,1.12,1.74*03
140508,$GPGSV,3,1,11,03,22,305,43,10,12,177,,16,36,224,19,25,15,041,34*75
140583,$GPGSV,3,2,11,26,64,252,33,27,01,193,,28,50,021,39,29,28,075,22*71
# status,140 s,nmea,1126,fix,282,utc,132622.00,mode,2
140701,$GPGSV,3,3,11,31,50,332,42,32,64,114,16,42,52,139,30*43
140748,$GPGLL,2601.83289,N,11911.58536,E,132622.00,A,A*66
141260,$GPRMC,132623.00,A,2601.83283,N,11911.58537,E,0.233,,290626,,,A*7E
141335,$GPVTG,,T,,M,0.233,N,0.431,K,A*27
141374,$GPGGA,132623.00,2601.83283,N,11911.58537,E,1,08,1.12,10.3,M,10.0,M,,*60
141491,$GPGSA,A,3,03,31,26,25,29,28,16,32,,,,,2.06,1.12,1.74*03
141510,$GPGSV,3,1,11,03,22,305,43,10,12,177,,16,36,224,19,25,15,041,34*75
141580,$GPGSV,3,2,11,26,64,252,33,27,01,193,,28,50,021,40,29,28,075,22*7F
141653,$GPGSV,3,3,11,31,50,332,42,32,63,115,16,42,52,139,30*45
141712,$GPGLL,2601.83283,N,11911.58537,E,132623.00,A,A*6C
142210,$GPRMC,132624.00,A,2601.83274,N,11911.58537,E,0.133,,290626,,,A*72
142337,$GPVTG,,T,,M,0.133,N,0.246,K,A*22
142372,$GPGGA,132624.00,2601.83274,N,11911.58537,E,1,08,1.12,10.2,M,10.0,M,,*6E
142450,$GPGSA,A,3,03,31,26,25,29,28,16,32,,,,,2.06,1.12,1.74*03
142513,$GPGSV,3,1,11,03,22,305,43,10,12,177,,16,36,224,20,25,15,041,34*7F
142637,$GPGSV,3,2,11,26,64,252,33,27,01,193,,28,50,021,40,29,28,075,22*7F
142652,$GPGSV,3,3,11,31,50,332,42,32,63,115,16,42,52,139,30*45
142712,$GPGLL,2601.83274,N,11911.58537,E,132624.00,A,A*63
143260,$GPRMC,132625.00,A,2601.83266,N,11911.58537,E,0.085,,290626,,,A*7C
143337,$GPVTG,,T,,M,0.085,N,0.158,K,A*22
143429,$GPGGA,132625.00,2601.83266,N,11911.58537,E,1,08,1.12,10.2,M,10.0,M,,*6C
143450,$GPGSA,A,3,03,31,26,25,29,28,16,32,,,,,2.06,1.12,1.74*03
143509,$GPGSV,3,1,11,03,22,305,42,10,12,177,,16,36,224,20,25,15,041,34*7E
143581,$GPGSV,3,2,11,26,64,252,33,27,01,193,,28,50,021,40,29,28,075,21*7C
143653,$GPGSV,3,3,11,31,50,332,42,32,63,115,17,42,52,139,30*44
143773,$GPGLL,2601.83266,N,11911.58537,E,132625.00,A,A*61
144170,$GPRMC,132626.00,A,2601.83263,N,11911.58533,E,0.143,,290626,,,A*75
144335,$GPVTG,,T,,M,0.143,N,0.266,K,A*27
144370,$GPGGA,132626.00,2601.83263,N,11911.58533,E,1,08,1.12,10.2,M,10.0,M,,*6E
144450,$GPGSA,A,3,03,31,26,25,29,28,16,32,,,,,2.06,1.12,1.74*03
144584,$GPGSV,3,1,11,03,22,305,42,10,12,177,,16,36,224,20,25,15,041,34*7E
144590,$GPGSV,3,2,11,26,64,252,33,27,01,193,,28,50,021,40,29,28,075,21*7C
144650,$GPGSV,3,3,11,31,50,332,42,32,63,115,17,42,52,139,30*44
144709,$GPGLL,2601.83263,N,11911.58533,E,132626.00,A,A*63
145260,$GPRMC,132627.00,A,2601.83261,N,11911.58529,E,0.154,,290626,,,A*7B
145417,$GPVTG,,T,,M,0.154,N,0.285,K,A*2C
145421,$GPGGA,132627.00,2601.83261,N,11911.58529,E,1,08,1.12,10.2,M,10.0,M,,*66
145449,$GPGSA,A,3,03,31,26,25,29,28,16,32,,,,,2.06,1.12,1.74*03
145508,$GPGSV,3,1,11,03,22,305,42,10,12,177,,16,36,224,20,25,15,041,34*7E
145582,$GPGSV,3,2,11,26,64,252,33,27,01,193,,28,50,021,40,29,28,075,21*7C
145732,$GPGSV,3,3,11,31,50,332,42,32,63,115,17,42,52,139,30*44
145736,$GPGLL,2601.83261,N,11911.58529,E,132627.00,A,A*6B
146260,$GPRMC,132628.00,A,2601.83262,N,11911.58523,E,0.100,,290626,,,A*7C
146335,$GPVTG,,T,,M,0.100,N,0.185,K,A*2E
146373,$GPGGA,132628.00,2601.83262,N,11911.58523,E,1,08,1.12,10.3,M,10.0,M,,*61
146535,$GPGSA,A,3,03,31,26,25,29,28,16,32,,,,,2.07,1.12,1.74*02
146539,$GPGSV,3,1,11,03,22,305,42,10,12,177,,16,36,224,20,25,15,041,34*7E
146581,$GPGSV,3,2,11,26,64,252,32,27,01,193,,28,50,021,40,29,28,075,20*7C
146652,$GPGSV,3,3,11,31,50,332,42,32,63,115,17,42,52,139,30*44
146711,$GPGLL,2601.83262,N,11911.58523,E,132628.00,A,A*6D
147240,$GPRMC,132629.00,A,2601.83261,N,11911.58519,E,0.173,,290626,,,A*73
147335,$GPVTG,,T,,M,0.173,N,0.321,K,A*26
147371,$GPGGA,132629.00,2601.83261,N,11911.58519,E,1,08,1.12,10.3,M,10.0,M,,*6A
147488,$GPGSA,A,3,03,31,26,25,29,28,16,32,,,,,2.07,1.12,1.74*02
147512,$GPGSV,3,1,11,03,22,305,42,10,12,177,,16,36,224,20,25,15,041,34*7E
147624,$GPGSV,3,2,11,26,64,252,33,27,01,193,,28,50,021,40,29,28,075,19*77
147652,$GPGSV,3,3,11,31,50,332,42,32,63,115,18,42,52,139,30*4B
147710,$GPGLL,2601.83261,N,11911.58519,E,132629.00,A,A*66
148260,$GPRMC,132630.00,A,2601.83262,N,11911.58516,E,0.026,,290626,,,A*76
148336,$GPVTG,,T,,M,0.026,N,0.049,K,A*2A
148416,$GPGGA,132630.00,2601.83262,N,11911.58516,E,1,08,1.12,10.3,M,10.0,M,,*6E
148448,$GPGSA,A,3,03,31,26,25,29,28,16,32,,,,,2.07,1.12,1.74*02
148509,$GPGSV,3,1,11,03,22,305,42,10,12,177,,16,36,224,20,25,15,041,33*79
148579,$GPGSV,3,2,11,26,64,252,32,27,01,193,,28,50,021,40,29,28,075,19*76
148653,$GPGSV,3,3,11,31,50,332,42,32,63,115,19,42,52,139,30*4A
148749,$GPGLL,2601.83262,N,11911.58516,E,132630.00,A,A*62
149260,$GPRMC,132631.00,A,2601.83264,N,11911.58511,E,0.048,,290626,,,A*7E
149338,$GPVTG,,T,,M,0.048,N,0.088,K,A*2F
149375,$GPGGA,132631.00,2601.83264,N,11911.58511,E,1,08,1.12,10.3,M,10.0,M,,*6E
149454,$GPGSA,A,3,03,31,26,25,29,28,16,32,,,,,2.07,1.12,1.74*02
149562,$GPGSV,3,1,11,03,22,305,42,10,12,177,,16,36,224,20,25,15,041,34*7E
149583,$GPGSV,3,2,11,26,64,252,32,27,01,193,,28,50,021,40,29,28,075,19*76
149655,$GPGSV,3,3,11,31,50,332,42,32,63,115,19,42,52,139,30*4A
149714,$GPGLL,2601.83264,N,11911.58511,E,132631.00,A,A*62
150260,$GPRMC,132632.00,A,2601.83264,N,11911.58508,E,0.043,,290626,,,A*7E
150385,$GPVTG,,T,,M,0.043,N,0.080,K,A*2C
150389,$GPGGA,132632.00,2601.83264,N,11911.58508,E,1,08,1.12,10.2,M,10.0,M,,*64
150449,$GPGSA,A,3,03,31,26,25,29,28,16,32,,,,,2.07,1.12,1.74*02
150508,$GPGSV,3,1,11,03,22,305,42,10,12,177,,16,36,224,21,25,15,041,33*78
150721,$GPGSV,3,2,11,26,64,252,32,27,01,193,,28,50,021,40,29,28,075,19*76
# status,150 s,nmea,1206,fix,302,utc,132632.00,mode,2
150793,$GPGSV,3,3,11,31,50,332,42,32,63,115,19,42,52,139,30*4A
150860,$GPGLL,2601.83264,N,11911.58508,E,132632.00,A,A*69
151170,$GPRMC,132633.00,A,2601.83264,N,11911.58505,E,0.112,,290626,,,A*77
151335,$GPVTG,,T,,M,0.112,N,0.208,K,A*2B
151373,$GPGGA,132633.00,2601.83264,N,11911.58505,E,1,08,1.12,10.2,M,10.0,M,,*68
151512,$GPGSA,A,3,03,31,26,25,29,28,16,32,,,,,2.07,1.12,1.74*02
151523,$GPGSV,3,1,11,03,22,305,42,10,12,177,,16,36,224,21,25,15,041,34*7F
151580,$GPGSV,3,2,11,26,64,252,33,27,01,193,,28,50,021,40,29,28,075,19*77
151652,$GPGSV,3,3,11,31,50,332,42,32,63,115,20,42,52,139,30*40
151712,$GPGLL,2601.83264,N,11911.58505,E,132633.00,A,A*65
152230,$GPRMC,132634.00,A,2601.83263,N,11911.58504,E,0.235,,290626,,,A*70
152335,$GPVTG,,T,,M,0.235,N,0.435,K,A*25
152372,$GPGGA,132634.00,2601.83263,N,11911.58504,E,1,08,1.12,10.1,M,10.0,M,,*6A
152449,$GPGSA,A,3,03,31,26,25,29,28,16,32,,,,,2.07,1.12,1.74*02
152512,$GPGSV,3,1,11,03,22,305,42,10,12,177,,16,36,224,21,25,15,041,34*7F
152657,$GPGSV,3,2,11,26,64,252,33,27,01,193,,28,50,021,40,29,28,075,20*7D
152663,$GPGSV,3,3,11,31,50,332,42,32,63,115,20,42,52,139,31*41
152710,$GPGLL,2601.83263,N,11911.58504,E,132634.00,A,A*64
153260,$GPRMC,132635.00,A,2601.83259,N,11911.58504,E,0.034,,290626,,,A*7B
153339,$GPVTG,,T,,M,0.034,N,0.062,K,A*20
153460,$GPGGA,132635.00,2601.83259,N,11911.58504,E,1,08,1.12,10.0,M,10.0,M,,*63
153464,$GPGSA,A,3,03,31,26,25,29,28,16,32,,,,,2.07,1.12,1.74*02
153512,$GPGSV,3,1,11,03,22,305,42,10,12,177,,16,36,224,21,25,15,041,34*7F
153582,$GPGSV,3,2,11,26,64,252,32,27,01,193,,28,50,021,40,29,28,075,20*7C
153656,$GPGSV,3,3,11,31,50,332,42,32,63,115,21,42,52,139,30*41
153793,$GPGLL,2601.83259,N,11911.58504,E,132635.00,A,A*6C
154190,$GPRMC,132636.00,A,2601.83261,N,11911.58499,E,0.006,,290626,,,A*77
154332,$GPVTG,,T,,M,0.006,N,0.011,K,A*25
154369,$GPGGA,132636.00,2601.83261,N,11911.58499,E,1,08,1.24,10.1,M,10.0,M,,*6A
154448,$GPGSA,A,3,03,31,26,25,29,28,16,32,,,,,2.21,1.24,1.82*0A
154586,$GPGSV,3,1,11,03,22,305,42,10,12,177,,16,36,224,21,25,15,041,34*7F
154592,$GPGSV,3,2,11,26,64,252,32,27,01,193,,28,50,021,40,29,28,075,20*7C
154648,$GPGSV,3,3,11,31,50,332,42,32,63,115,22,42,52,139,30*42
154739,$GPGLL,2601.83261,N,11911.58499,E,132636.00,A,A*61
155260,$GPRMC,132637.00,A,2601.83256,N,11911.58499,E,0.133,,290626,,,A*75
155373,$GPVTG,,T,,M,0.133,N,0.247,K,A*23
155376,$GPGGA,132637.00,2601.83256,N,11911.58499,E,1,08,1.12,10.1,M,10.0,M,,*6A
155450,$GPGSA,A,3,03,31,26,25,29,28,16,32,,,,,2.07,1.12,1.74*02
155511,$GPGSV,3,1,11,03,22,305,42,10,12,177,,16,36,224,22,25,15,041,34*7C
155583,$GPGSV,3,2,11,26,64,252,32,27,01,193,,28,50,021,40,29,28,075,21*7D
155686,$GPGSV,3,3,11,31,50,332,42,32,63,115,22,42,52,139,30*42
155711,$GPGLL,2601.83256,N,11911.58499,E,132637.00,A,A*64
156260,$GPRMC,132638.00,A,2601.83259,N,11911.58496,E,0.250,,290626,,,A*7C
156335,$GPVTG,,T,,M,0.250,N,0.464,K,A*22
156373,$GPGGA,132638.00,2601.83259,N,11911.58496,E,1,08,1.12,10.1,M,10.0,M,,*65
156499,$GPGSA,A,3,03,31,26,25,29,28,16,32,,,,,2.07,1.12,1.74*02
156508,$GPGSV,3,1,11,03,22,305,42,10,12,177,,16,36,224,22,25,15,041,34*7C
156581,$GPGSV,3,2,11,26,64,252,31,27,01,193,,28,50,021,40,29,28,075,21*7E
156650,$GPGSV,3,3,11,31,50,332,42,32,63,115,23,42,52,139,30*43
156712,$GPGLL,2601.83259,N,11911.58496,E,132638.00,A,A*6B
157210,$GPRMC,132639.00,A,2601.83262,N,11911.58495,E,0.019,,290626,,,A*79
157335,$GPVTG,,T,,M,0.019,N,0.035,K,A*2D
157370,$GPGGA,132639.00,2601.83262,N,11911.58495,E,1,08,1.12,10.1,M,10.0,M,,*6F
157449,$GPGSA,A,3,03,31,26,25,29,28,16,32,,,,,2.07,1.12,1.74*02
157510,$GPGSV,3,1,11,03,22,305,42,10,12,177,,16,36,224,21,25,15,041,34*7F
157625,$GPGSV,3,2,11,26,64,252,31,27,01,193,,28,50,021,40,29,28,075,21*7E
157651,$GPGSV,3,3,11,31,50,332,42,32,63,115,23,42,52,139,30*43
157709,$GPGLL,2601.83262,N,11911.58495,E,132639.00,A,A*61
158260,$GPRMC,132640.00,A,2601.83250,N,11911.58496,E,0.315,,290626,,,A*7A
158336,$GPVTG,,T,,M,0.315,N,0.583,K,A*2A
158427,$GPGGA,132640.00,2601.83250,N,11911.58496,E,1,08,1.12,10.0,M,10.0,M,,*62
158449,$GPGSA,A,3,03,31,26,25,29,28,16,32,,,,,2.07,1.12,1.74*02
158509,$GPGSV,3,1,11,03,22,305,42,10,12,177,,16,36,224,21,25,15,041,34*7F
158579,$GPGSV,3,2,11,26,64,252,31,27,01,193,,28,50,021,40,29,28,075,21*7E
158652,$GPGSV,3,3,11,31,50,332,42,32,63,115,23,42,52,139,30*43
158761,$GPGLL,2601.83250,N,11911.58496,E,132640.00,A,A*6D
159170,$GPRMC,132641.00,A,2601.83246,N,11911.58497,E,0.182,,290626,,,A*71
159335,$GPVTG,,T,,M,0.182,N,0.336,K,A*2E
159372,$GPGGA,132641.00,2601.83246,N,11911.58497,E,1,08,1.12,10.1,M,10.0,M,,*64
159451,$GPGSA,A,3,03,31,26,25,29,28,16,32,,,,,2.07,1.12,1.74*02
159583,$GPGSV,3,1,11,03,22,305,42,10,12,177,,16,36,224,22,25,15,041,34*7C
159588,$GPGSV,3,2,11,26,64,252,31,27,01,193,,28,50,021,39,29,28,075,22*73
159652,$GPGSV,3,3,11,31,50,332,42,32,63,115,23,42,52,139,30*43
159711,$GPGLL,2601.83246,N,11911.58497,E,132641.00,A,A*6A
160260,$GPRMC,132642.00,A,2601.83247,N,11911.58495,E,0.065,,290626,,,A*79
160405,$GPVTG,,T,,M,0.065,N,0.121,K,A*22
160410,$GPGGA,132642.00,2601.83247,N,11911.58495,E,1,08,1.12,10.1,M,10.0,M,,*64
160448,$GPGSA,A,3,03,31,26,25,29,28,16,32,,,,,2.07,1.12,1.74*02
160509,$GPGSV,3,1,11,03,22,305,42,10,12,177,,16,36,224,22,25,15,041,34*7C
160581,$GPGSV,3,2,11,26,64,252,31,27,01,193,,28,50,021,39,29,28,075,22*73
160730,$GPGSV,3,3,11,31,50,332,42,32,63,115,25,42,52,139,30*45
# status,160 s,nmea,1287,fix,322,utc,132642.00,mode,2
160737,$GPGLL,2601.83247,N,11911.58495,E,132642.00,A,A*6A
161240,$GPRMC,132643.00,A,2601.83243,N,11911.58495,E,0.114,,290626,,,A*7B
161338,$GPVTG,,T,,M,0.114,N,0.211,K,A*25
161375,$GPGGA,132643.00,2601.83243,N,11911.58495,E,1,08,1.12,10.2,M,10.0,M,,*62
161532,$GPGSA,A,3,03,31,26,25,29,28,16,32,,,,,2.07,1.12,1.74*02
161537,$GPGSV,3,1,11,03,22,305,42,10,12,177,,16,36,224,22,25,15,041,34*7C
161583,$GPGSV,3,2,11,26,64,252,31,27,01,193,,28,50,021,39,29,28,075,22*73
161653,$GPGSV,3,3,11,31,50,332,42,32,63,115,25,42,52,139,30*45
161714,$GPGLL,2601.83243,N,11911.58495,E,132643.00,A,A*6F
162240,$GPRMC,132644.00,A,2601.83239,N,11911.58494,E,0.227,,290626,,,A*73
162335,$GPVTG,,T,,M,0.227,N,0.421,K,A*23
162370,$GPGGA,132644.00,2601.83239,N,11911.58494,E,1,08,1.12,10.3,M,10.0,M,,*68
162449,$GPGSA,A,3,03,31,26,25,29,28,16,32,,,,,2.07,1.12,1.74*02
162510,$GPGSV,3,1,11,03,22,305,42,10,12,177,,16,36,224,21,25,15,041,34*7F
162699,$GPGSV,3,2,11,26,64,252,31,27,01,193,,28,50,021,39,29,28,075,23*72
162714,$GPGSV,3,3,11,31,50,332,42,32,63,115,25,42,52,139,30*45
162718,$GPGLL,2601.83239,N,11911.58494,E,132644.00,A,A*64
163260,$GPRMC,132645.00,A,2601.83240,N,11911.58493,E,0.101,,290626,,,A*7C
163336,$GPVTG,,T,,M,0.101,N,0.186,K,A*2C
163414,$GPGGA,132645.00,2601.83240,N,11911.58493,E,1,08,1.12,10.4,M,10.0,M,,*67
163449,$GPGSA,A,3,03,31,26,25,29,28,16,32,,,,,2.07,1.12,1.74*02
163509,$GPGSV,3,1,11,03,22,305,42,10,12,177,,16,36,224,21,25,15,041,34*7F
163579,$GPGSV,3,2,11,26,64,252,31,27,01,193,,28,50,021,39,29,28,075,23*72
163653,$GPGSV,3,3,11,31,50,332,42,32,63,115,25,42,52,139,30*45
163748,$GPGLL,2601.83240,N,11911.58493,E,132645.00,A,A*6C
164260,$GPRMC,132646.00,A,2601.83240,N,11911.58494,E,0.058,,290626,,,A*75
164333,$GPVTG,,T,,M,0.058,N,0.108,K,A*27
164371,$GPGGA,132646.00,2601.83240,N,11911.58494,E,1,08,1.12,10.6,M,10.0,M,,*61
164449,$GPGSA,A,3,03,31,26,25,29,28,16,32,,,,,2.07,1.12,1.74*02
164553,$GPGSV,3,1,11,03,22,305,42,10,12,177,,16,36,224,20,25,15,041,34*7E
164579,$GPGSV,3,2,11,26,64,252,31,27,01,193,,28,50,021,39,29,28,075,23*72
164650,$GPGSV,3,3,11,31,50,332,42,32,63,115,25,42,52,139,30*45
164708,$GPGLL,2601.83240,N,11911.58494,E,132646.00,A,A*68
165260,$GPRMC,132647.00,A,2601.83245,N,11911.58494,E,0.165,,290626,,,A*7E
165383,$GPVTG,,T,,M,0.165,N,0.306,K,A*24
165388,$GPGGA,132647.00,2601.83245,N,11911.58494,E,1,08,1.12,10.8,M,10.0,M,,*6B
165448,$GPGSA,A,3,03,31,26,25,29,28,16,32,,,,,2.07,1.12,1.74*02
165509,$GPGSV,3,1,11,03,22,305,42,10,12,177,,16,36,224,20,25,15,041,34*7E
165581,$GPGSV,3,2,11,26,64,252,31,27,01,193,,28,50,021,39,29,28,075,22*73
165708,$GPGSV,3,3,11,31,50,332,42,32,63,115,25,42,52,139,30*45
165713,$GPGLL,2601.83245,N,11911.58494,E,132647.00,A,A*6C
166260,$GPRMC,132648.00,A,2601.83246,N,11911.58492,E,0.005,,290626,,,A*73
166335,$GPVTG,,T,,M,0.005,N,0.009,K,A*2F
166372,$GPGGA,132648.00,2601.83246,N,11911.58492,E,1,08,1.12,10.9,M,10.0,M,,*60
166500,$GPGSA,A,3,03,31,26,25,29,28,16,32,,,,,2.07,1.12,1.74*02
166513,$GPGSV,3,1,11,03,22,305,42,10,12,177,,16,36,224,20,25,15,041,34*7E
166580,$GPGSV,3,2,11,26,64,252,31,27,01,193,,28,50,021,39,29,28,075,22*73
166650,$GPGSV,3,3,11,31,50,332,42,32,63,115,26,42,52,139,30*46
166711,$GPGLL,2601.83246,N,11911.58492,E,132648.00,A,A*66
167220,$GPRMC,132649.00,A,2601.83239,N,11911.58493,E,0.101,,290626,,,A*7E
167335,$GPVTG,,T,,M,0.101,N,0.188,K,A*22
167370,$GPGGA,132649.00,2601.83239,N,11911.58493,E,1,08,1.12,11.0,M,10.0,M,,*60
167449,$GPGSA,A,3,03,31,26,25,29,28,16,32,,,,,2.07,1.12,1.74*02
167510,$GPGSV,3,1,11,03,22,305,42,10,12,177,,16,36,224,20,25,15,041,34*7E
167656,$GPGSV,3,2,11,26,64,252,31,27,01,193,,28,50,021,39,29,28,075,22*73
167661,$GPGSV,3,3,11,31,50,332,42,32,63,115,25,42,52,139,30*45
167710,$GPGLL,2601.83239,N,11911.58493,E,132649.00,A,A*6E
168260,$GPRMC,132650.00,A,2601.83236,N,11911.58491,E,0.061,,290626,,,A*7C
168337,$GPVTG,,T,,M,0.061,N,0.112,K,A*26
168448,$GPGGA,132650.00,2601.83236,N,11911.58491,E,1,08,1.12,11.1,M,10.0,M,,*64
168453,$GPGSA,A,3,03,31,26,25,29,28,16,32,,,,,2.07,1.12,1.74*02
168508,$GPGSV,3,1,11,03,22,305,42,10,12,177,,16,36,224,19,25,15,041,35*75
168580,$GPGSV,3,2,11,26,64,252,31,27,01,193,,28,50,021,39,29,28,075,22*73
168652,$GPGSV,3,3,11,31,50,332,42,32,63,115,25,42,52,139,30*45
168781,$GPGLL,2601.83236,N,11911.58491,E,132650.00,A,A*6B
169180,$GPRMC,132651.00,A,2601.83232,N,11911.58491,E,0.076,,290626,,,A*7F
169336,$GPVTG,,T,,M,0.076,N,0.141,K,A*26
169371,$GPGGA,132651.00,2601.83232,N,11911.58491,E,1,08,1.12,11.3,M,10.0,M,,*63
169451,$GPGSA,A,3,03,31,26,25,29,28,16,32,,,,,2.07,1.12,1.74*02
169594,$GPGSV,3,1,11,03,22,305,42,10,12,177,,16,36,224,19,25,15,041,35*75
169599,$GPGSV,3,2,11,26,64,252,31,27,01,193,,28,50,021,39,29,28,075,22*73
169652,$GPGSV,3,3,11,31,50,332,42,32,63,115,25,42,52,139,30*45
169709,$GPGLL,2601.83232,N,11911.58491,E,132651.00,A,A*6E
170260,$GPRMC,132652.00,A,2601.83228,N,11911.58490,E,0.010,,290626,,,A*76
170416,$GPVTG,,T,,M,0.010,N,0.018,K,A*2B
170420,$GPGGA,132652.00,2601.83228,N,11911.58490,E,1,08,1.12,11.4,M,10.0,M,,*6D
170486,$GPGSA,A,3,03,31,26,25,29,28,16,32,,,,,2.07,1.12,1.74*02
170509,$GPGSV,3,1,11,03,22,305,42,10,12,177,,16,36,224,18,25,15,041,35*74
170581,$GPGSV,3,2,11,26,64,252,31,27,01,193,,28,50,021,39,29,28,075,22*73
170695,$GPGSV,3,3,11,31,50,332,42,32,63,115,25,42,52,139,30*45
170708,$GPGLL,2601.83228,N,11911.58490,E,132652.00,A,A*67
# status,170 s,nmea,1368,fix,342,utc,132652.00,mode,2
171260,$GPRMC,132653.00,A,2601.83225,N,11911.58488,E,0.076,,290626,,,A*73
171386,$GPVTG,,T,,M,0.076,N,0.141,K,A*26
171392,$GPGGA,132653.00,2601.83225,N,11911.58488,E,1,08,1.12,11.6,M,10.0,M,,*6A
171488,$GPGSA,A,3,03,31,26,25,29,28,16,32,,,,,2.07,1.12,1.74*02
171509,$GPGSV,3,1,11,03,22,305,42,10,12,177,,16,36,224,18,25,15,041,35*74
171581,$GPGSV,3,2,11,26,64,252,31,27,01,193,,28,50,021,39,29,28,075,22*73
171651,$GPGSV,3,3,11,31,50,332,42,32,63,115,25,42,52,139,30*45
171713,$GPGLL,2601.83225,N,11911.58488,E,132653.00,A,A*62
172210,$GPRMC,132654.00,A,2601.83218,N,11911.58488,E,0.088,,290626,,,A*7B
172335,$GPVTG,,T,,M,0.088,N,0.163,K,A*27
172370,$GPGGA,132654.00,2601.83218,N,11911.58488,E,1,08,1.12,11.7,M,10.0,M,,*62
172449,$GPGSA,A,3,03,31,26,25,29,28,16,32,,,,,2.07,1.12,1.74*02
172510,$GPGSV,3,1,11,03,22,305,42,10,12,177,,16,36,224,19,25,15,041,35*75
172634,$GPGSV,3,2,11,26,64,252,31,27,01,193,,28,50,021,39,29,28,075,22*73
172650,$GPGSV,3,3,11,31,50,332,42,32,63,115,25,42,52,139,30*45
172709,$GPGLL,2601.83218,N,11911.58488,E,132654.00,A,A*6B
173260,$GPRMC,132655.00,A,2601.83212,N,11911.58488,E,0.058,,290626,,,A*7D
173337,$GPVTG,,T,,M,0.058,N,0.107,K,A*28
173416,$GPGGA,132655.00,2601.83212,N,11911.58488,E,1,08,1.12,11.8,M,10.0,M,,*66
173449,$GPGSA,A,3,03,31,26,25,29,28,16,32,,,,,2.07,1.12,1.74*02
173508,$GPGSV,3,1,11,03,22,305,42,10,12,177,,16,36,224,18,25,15,041,35*74
173582,$GPGSV,3,2,11,26,64,252,32,27,01,193,,28,50,021,39,29,28,075,22*70
173652,$GPGSV,3,3,11,31,50,332,42,32,63,115,25,42,52,139,30*45
173769,$GPGLL,2601.83212,N,11911.58488,E,132655.00,A,A*60
174170,$GPRMC,132656.00,A,2601.83211,N,11911.58486,E,0.058,,290626,,,A*73
174333,$GPVTG,,T,,M,0.058,N,0.107,K,A*28
174368,$GPGGA,132656.00,2601.83211,N,11911.58486,E,1,08,1.25,12.1,M,10.0,M,,*66
174449,$GPGSA,A,3,03,31,26,25,29,28,16,32,,,,,2.21,1.25,1.82*0B
174562,$GPGSV,3,1,11,03,22,305,42,10,12,177,,16,36,224,17,25,15,041,35*7B
174578,$GPGSV,3,2,11,26,64,252,32,27,01,193,,28,50,021,39,29,28,075,22*70
174649,$GPGSV,3,3,11,31,50,332,42,32,63,115,25,42,52,139,30*45
174707,$GPGLL,2601.83211,N,11911.58486,E,132656.00,A,A*6E
175260,$GPRMC,132657.00,A,2601.83206,N,11911.58486,E,0.020,,290626,,,A*7B
175404,$GPVTG,,T,,M,0.020,N,0.037,K,A*25
175407,$GPGGA,132657.00,2601.83206,N,11911.58486,E,1,08,1.12,12.3,M,10.0,M,,*67
175449,$GPGSA,A,3,03,31,26,25,29,28,16,32,,,,,2.07,1.12,1.74*02
175509,$GPGSV,3,1,11,03,22,305,42,10,12,177,,16,36,224,17,25,15,041,35*7B
175581,$GPGSV,3,2,11,26,64,252,32,27,01,193,,28,50,021,39,29,28,075,22*70
175718,$GPGSV,3,3,11,31,50,332,42,32,63,115,25,42,52,139,30*45
175722,$GPGLL,2601.83206,N,11911.58486,E,132657.00,A,A*69
176260,$GPRMC,132658.00,A,2601.83204,N,11911.58482,E,0.081,,290626,,,A*79
176333,$GPVTG,,T,,M,0.081,N,0.150,K,A*2E
176372,$GPGGA,132658.00,2601.83204,N,11911.58482,E,1,08,1.12,12.6,M,10.0,M,,*6B
176520,$GPGSA,A,3,03,31,26,25,29,28,16,32,,,,,2.07,1.12,1.74*02
176526,$GPGSV,3,1,11,03,22,305,43,10,12,177,,16,36,224,17,25,15,041,36*79
176578,$GPGSV,3,2,11,26,64,252,32,27,01,193,,28,50,021,39,29,28,075,21*73
176650,$GPGSV,3,3,11,31,50,332,42,32,63,115,24,42,52,139,30*44
176710,$GPGLL,2601.83204,N,11911.58482,E,132658.00,A,A*60
177240,$GPRMC,132659.00,A,2601.83203,N,11911.58478,E,0.044,,290626,,,A*73
177337,$GPVTG,,T,,M,0.044,N,0.082,K,A*29
177374,$GPGGA,132659.00,2601.83203,N,11911.58478,E,1,08,1.25,12.9,M,10.0,M,,*63
177451,$GPGSA,A,3,03,31,26,25,29,28,16,32,,,,,2.21,1.25,1.82*0B
177514,$GPGSV,3,1,11,03,22,305,43,10,12,177,,16,36,224,16,25,15,041,36*78
177667,$GPGSV,3,2,11,26,64,252,32,27,01,193,,28,50,021,39,29,28,075,21*73
177672,$GPGSV,3,3,11,31,50,332,42,32,63,115,25,42,52,139,30*45
177712,$GPGLL,2601.83203,N,11911.58478,E,132659.00,A,A*63
178200,$GPRMC,132700.00,A,2601.83200,N,11911.58473,E,0.098,,290626,,,A*77
178340,$GPVTG,,T,,M,0.098,N,0.182,K,A*29
178415,$GPGGA,132700.00,2601.83200,N,11911.58473,E,1,08,1.25,13.2,M,10.0,M,,*6C
178451,$GPGSA,A,3,03,31,26,25,29,28,16,32,,,,,2.21,1.25,1.82*0B
178512,$GPGSV,3,1,11,03,22,305,43,10,12,177,,16,36,224,16,25,15,041,36*78
178583,$GPGSV,3,2,11,26,64,252,33,27,01,193,,28,50,021,39,29,28,075,21*72
178655,$GPGSV,3,3,11,31,50,332,42,32,63,115,25,42,52,139,30*45
178757,$GPGLL,2601.83200,N,11911.58473,E,132700.00,A,A*66
179260,$GPRMC,132701.00,A,2601.83200,N,11911.58468,E,0.031,,290626,,,A*7F
179334,$GPVTG,,T,,M,0.031,N,0.057,K,A*23
179369,$GPGGA,132701.00,2601.83200,N,11911.58468,E,1,08,1.25,13.6,M,10.0,M,,*63
179449,$GPGSA,A,3,03,31,26,25,29,28,16,32,,,,,2.21,1.25,1.82*0B
179559,$GPGSV,3,1,11,03,22,305,43,10,12,177,,16,36,224,15,25,15,041,36*7B
179579,$GPGSV,3,2,11,26,64,252,33,27,01,193,,28,50,021,39,29,28,075,21*72
179649,$GPGSV,3,3,11,31,50,332,42,32,63,115,25,42,52,139,30*45
179709,$GPGLL,2601.83200,N,11911.58468,E,132701.00,A,A*6D
180160,$GPRMC,132702.00,A,2601.83199,N,11911.58462,E,0.129,,290626,,,A*7D
180382,$GPVTG,,T,,M,0.129,N,0.239,K,A*21
180385,$GPGGA,132702.00,2601.83199,N,11911.58462,E,1,08,1.25,13.9,M,10.0,M,,*66
180445,$GPGSA,A,3,03,31,26,25,29,28,16,32,,,,,2.21,1.25,1.82*0B
180504,$GPGSV,3,1,11,03,22,305,43,10,12,177,,16,36,224,15,25,15,041,36*7B
180578,$GPGSV,3,2,11,26,64,252,33,27,01,193,,28,50,021,39,29,28,075,21*72
180695,$GPGSV,3,3,11,31,50,332,42,32,63,115,25,42,52,139,30*45
180706,$GPGLL,2601.83199,N,11911.58462,E,132702.00,A,A*67
# status,180 s,nmea,1448,fix,362,utc,132702.00,mode,2
181250,$GPRMC,132703.00,A,2601.83197,N,11911.58456,E,0.147,,290626,,,A*7D
181387,$GPVTG,,T,,M,0.147,N,0.272,K,A*26
181402,$GPGGA,132703.00,2601.83197,N,11911.58456,E,1,08,1.25,14.2,M,10.0,M,,*62
181499,$GPGSA,A,3,03,31,26,25,29,28,16,32,,,,,2.21,1.25,1.82*0B
181509,$GPGSV,3,1,11,03,22,305,43,10,12,177,,16,36,224,16,25,15,041,36*78
181580,$GPGSV,3,2,11,26,64,252,33,27,01,193,,28,50,021,39,29,28,075,21*72
181651,$GPGSV,3,3,11,31,50,332,42,32,63,115,25,42,52,139,30*45
181711,$GPGLL,2601.83197,N,11911.58456,E,132703.00,A,A*6F
182220,$GPRMC,132704.00,A,2601.83199,N,11911.58448,E,0.014,,290626,,,A*7C
182334,$GPVTG,,T,,M,0.014,N,0.026,K,A*22
182371,$GPGGA,132704.00,2601.83199,N,11911.58448,E,1,08,1.25,14.7,M,10.0,M,,*61
182448,$GPGSA,A,3,03,31,26,25,29,28,16,32,,,,,2.21,1.25,1.82*0B
182511,$GPGSV,3,1,11,03,22,305,43,10,12,177,,16,36,224,17,25,15,041,37*78
182644,$GPGSV,3,2,11,26,64,252,33,27,01,193,,28,50,021,39,29,28,075,21*72
182652,$GPGSV,3,3,11,31,50,332,42,32,63,115,25,42,52,139,30*45
182710,$GPGLL,2601.83199,N,11911.58448,E,132704.00,A,A*69
183260,$GPRMC,132705.00,A,2601.83201,N,11911.58441,E,0.092,,290626,,,A*78
183336,$GPVTG,,T,,M,0.092,N,0.170,K,A*2E
183446,$GPGGA,132705.00,2601.83201,N,11911.58441,E,1,08,1.25,15.1,M,10.0,M,,*6C
183452,$GPGSA,A,3,03,31,26,25,29,28,16,32,,,,,2.21,1.25,1.82*0B
183507,$GPGSV,3,1,11,03,23,305,43,10,12,177,,16,36,224,17,25,15,041,37*79
183579,$GPGSV,3,2,11,26,64,252,33,27,01,193,,28,50,021,39,29,28,075,21*72
183651,$GPGSV,3,3,11,31,50,332,42,32,63,115,25,42,52,139,30*45
183780,$GPGLL,2601.83201,N,11911.58441,E,132705.00,A,A*63
184180,$GPRMC,132706.00,A,2601.83209,N,11911.58432,E,0.053,,290626,,,A*7A
184334,$GPVTG,,T,,M,0.053,N,0.098,K,A*24
184370,$GPGGA,132706.00,2601.83209,N,11911.58432,E,1,08,1.25,15.5,M,10.0,M,,*67
184450,$GPGSA,A,3,03,31,26,25,29,28,16,32,,,,,2.21,1.25,1.82*0B
184582,$GPGSV,3,1,11,03,23,305,43,10,12,177,,16,36,224,18,25,15,041,37*76
184588,$GPGSV,3,2,11,26,64,252,33,27,01,193,,28,50,021,39,29,28,075,22*71
184649,$GPGSV,3,3,11,31,50,332,42,32,63,115,25,42,52,139,30*45
184709,$GPGLL,2601.83209,N,11911.58432,E,132706.00,A,A*6C
185260,$GPRMC,132707.00,A,2601.83215,N,11911.58424,E,0.065,,290626,,,A*74
185415,$GPVTG,,T,,M,0.065,N,0.121,K,A*22
185419,$GPGGA,132707.00,2601.83215,N,11911.58424,E,1,08,1.25,15.9,M,10.0,M,,*60
185449,$GPGSA,A,3,03,31,26,25,29,28,16,32,,,,,2.21,1.25,1.82*0B
185508,$GPGSV,3,1,11,03,23,305,43,10,12,177,,16,36,224,18,25,15,041,37*76
185622,$GPGSV,3,2,11,26,64,252,33,27,01,193,,28,50,021,39,29,28,075,22*71
185684,$GPGSV,3,3,11,31,50,332,42,32,63,115,25,42,52,139,30*45
185709,$GPGLL,2601.83215,N,11911.58424,E,132707.00,A,A*67
186260,$GPRMC,132708.00,A,2601.83218,N,11911.58416,E,0.086,,290626,,,A*7A
186334,$GPVTG,,T,,M,0.086,N,0.158,K,A*21
186372,$GPGGA,132708.00,2601.83218,N,11911.58416,E,1,08,1.25,16.4,M,10.0,M,,*6D
186496,$GPGSA,A,3,03,31,26,25,29,28,16,32,,,,,2.21,1.25,1.82*0B
186509,$GPGSV,3,1,11,03,23,305,43,10,12,177,,16,36,224,17,25,15,041,37*79
186579,$GPGSV,3,2,11,26,64,252,33,27,01,193,,28,50,021,39,29,28,075,22*71
186651,$GPGSV,3,3,11,31,50,332,42,32,63,115,25,42,52,139,30*45
186711,$GPGLL,2601.83218,N,11911.58416,E,132708.00,A,A*64
187200,$GPRMC,132709.00,A,2601.83220,N,11911.58410,E,0.101,,290626,,,A*78
187335,$GPVTG,,T,,M,0.101,N,0.187,K,A*2D
187372,$GPGGA,132709.00,2601.83220,N,11911.58410,E,1,08,1.25,16.7,M,10.0,M,,*62
187450,$GPGSA,A,3,03,31,26,25,29,28,16,32,,,,,2.21,1.25,1.82*0B
187511,$GPGSV,3,1,11,03,23,305,43,10,12,177,,16,36,224,18,25,15,041,37*76
187622,$GPGSV,3,2,11,26,64,252,33,27,01,193,,28,50,021,39,29,28,075,23*70
187652,$GPGSV,3,3,11,31,50,332,42,32,63,115,25,42,52,139,30*45
187710,$GPGLL,2601.83220,N,11911.58410,E,132709.00,A,A*68
188260,$GPRMC,132710.00,A,2601.83223,N,11911.58403,E,0.065,,290626,,,A*72
188481,$GPVTG,,T,,M,0.065,N,0.120,K,A*23
188534,$GPGGA,132710.00,2601.83223,N,11911.58403,E,1,08,1.12,17.1,M,10.0,M,,*68
188539,$GPGSA,A,3,03,31,26,25,29,28,16,32,,,,,2.07,1.12,1.74*02
188553,$GPGSV,3,1,11,03,23,305,43,10,12,177,,16,36,224,18,25,15,041,37*76
188578,$GPGSV,3,2,11,26,64,252,33,27,01,193,,28,50,021,39,29,28,075,23*70
188652,$GPGSV,3,3,11,31,50,332,42,32,63,115,25,42,52,139,30*45
188767,$GPGLL,2601.83223,N,11911.58403,E,132710.00,A,A*61
189170,$GPRMC,132711.00,A,2601.83221,N,11911.58397,E,0.134,,290626,,,A*7E
189336,$GPVTG,,T,,M,0.134,N,0.248,K,A*2B
189373,$GPGGA,132711.00,2601.83221,N,11911.58397,E,1,08,1.12,17.4,M,10.0,M,,*64
189452,$GPGSA,A,3,03,31,26,25,29,28,16,32,,,,,2.07,1.12,1.74*02
189570,$GPGSV,3,1,11,03,23,305,43,10,12,177,,16,36,224,18,25,15,041,37*76
189581,$GPGSV,3,2,11,26,64,252,33,27,01,193,,28,50,021,39,29,28,075,24*77
189653,$GPGSV,3,3,11,31,50,332,42,32,63,115,25,42,52,139,30*45
189712,$GPGLL,2601.83221,N,11911.58397,E,132711.00,A,A*68
190260,$GPRMC,132712.00,A,2601.83216,N,11911.58390,E,0.177,,290626,,,A*79
190403,$GPVTG,,T,,M,0.177,N,0.327,K,A*24
190406,$GPGGA,132712.00,2601.83216,N,11911.58390,E,1,08,1.12,17.6,M,10.0,M,,*66
190449,$GPGSA,A,3,03,31,26,25,29,28,16,32,,,,,2.07,1.12,1.74*02
190508,$GPGSV,3,1,11,03,23,305,43,10,11,177,,16,36,224,18,25,15,041,37*75
190582,$GPGSV,3,2,11,26,64,252,33,27,01,193,,28,50,021,39,29,28,075,24*77
190716,$GPGSV,3,3,11,31,50,332,42,32,63,115,25,42,52,139,30*45
190722,$GPGLL,2601.83216,N,11911.58390,E,132712.00,A,A*68
# status,190 s,nmea,1528,fix,382,utc,132712.00,mode,2
191260,$GPRMC,132713.00,A,2601.83214,N,11911.58382,E,0.017,,290626,,,A*7E
191408,$GPVTG,,T,,M,0.017,N,0.032,K,A*24
191413,$GPGGA,132713.00,2601.83214,N,11911.58382,E,1,08,1.12,17.9,M,10.0,M,,*69
191519,$GPGSA,A,3,03,31,26,25,29,28,16,32,,,,,2.07,1.12,1.74*02
191524,$GPGSV,3,1,11,03,23,305,43,10,11,177,,16,36,224,19,25,15,041,37*74
191581,$GPGSV,3,2,11,26,64,252,33,27,01,193,,28,50,021,40,29,28,075,25*78
191655,$GPGSV,3,3,11,31,50,332,42,32,63,115,25,42,52,139,30*45
191713,$GPGLL,2601.83214,N,11911.58382,E,132713.00,A,A*68
192240,$GPRMC,132714.00,A,2601.83213,N,11911.58375,E,0.036,,290626,,,A*75
192335,$GPVTG,,T,,M,0.036,N,0.066,K,A*26
192372,$GPGGA,132714.00,2601.83213,N,11911.58375,E,1,08,1.12,18.3,M,10.0,M,,*64
192449,$GPGSA,A,3,03,31,26,25,29,28,16,32,,,,,2.07,1.12,1.74*02
192512,$GPGSV,3,1,11,03,23,305,43,10,11,177,,16,36,224,19,25,15,041,38*7B
192665,$GPGSV,3,2,11,26,64,252,33,27,01,193,,28,50,021,40,29,28,075,25*78
192671,$GPGSV,3,3,11,31,50,332,42,32,63,115,25,42,52,139,30*45
192710,$GPGLL,2601.83213,N,11911.58375,E,132714.00,A,A*60
193260,$GPRMC,132715.00,A,2601.83216,N,11911.58366,E,0.025,,290626,,,A*71
193338,$GPVTG,,T,,M,0.025,N,0.046,K,A*26
193488,$GPGGA,132715.00,2601.83216,N,11911.58366,E,1,08,1.12,18.8,M,10.0,M,,*69
193493,$GPGSA,A,3,03,31,26,25,29,28,16,32,,,,,2.07,1.12,1.74*02
193511,$GPGSV,3,1,11,03,23,305,43,10,11,177,,16,36,224,18,25,15,041,38*7A
193581,$GPGSV,3,2,11,26,64,252,33,27,01,193,,28,50,021,40,29,28,075,26*7B
193655,$GPGSV,3,3,11,31,50,332,42,32,63,115,25,42,52,139,30*45
193756,$GPGLL,2601.83216,N,11911.58366,E,132715.00,A,A*66
194260,$GPRMC,132716.00,A,2601.83217,N,11911.58358,E,0.032,,290626,,,A*78
194336,$GPVTG,,T,,M,0.032,N,0.059,K,A*2E
194371,$GPGGA,132716.00,2601.83217,N,11911.58358,E,1,08,1.12,19.2,M,10.0,M,,*6D
194451,$GPGSA,A,3,03,31,26,25,29,28,16,32,,,,,2.07,1.12,1.74*02
194558,$GPGSV,3,1,11,03,23,305,43,10,11,177,,16,36,224,19,25,15,041,38*7B
194581,$GPGSV,3,2,11,26,64,252,33,27,01,193,,28,50,021,40,29,28,075,26*7B
194651,$GPGSV,3,3,11,31,50,332,42,32,63,115,25,42,52,139,30*45
194711,$GPGLL,2601.83217,N,11911.58358,E,132716.00,A,A*69
195260,$GPRMC,132717.00,A,2601.83213,N,11911.58352,E,0.046,,290626,,,A*74
195381,$GPVTG,,T,,M,0.046,N,0.086,K,A*2F
195384,$GPGGA,132717.00,2601.83213,N,11911.58352,E,1,08,1.12,19.5,M,10.0,M,,*65
195452,$GPGSA,A,3,03,31,26,25,29,28,16,32,,,,,2.07,1.12,1.74*02
195511,$GPGSV,3,1,11,03,23,305,42,10,11,177,,16,36,224,18,25,15,041,37*74
195585,$GPGSV,3,2,11,26,64,252,32,27,01,193,,28,50,021,39,29,28,075,26*74
195704,$GPGSV,3,3,11,31,50,332,41,32,63,115,25,42,52,139,29*4E
195713,$GPGLL,2601.83213,N,11911.58352,E,132717.00,A,A*66
196160,$GPRMC,132718.00,A,2601.83213,N,11911.58346,E,0.107,,290626,,,A*7A
196333,$GPVTG,,T,,M,0.107,N,0.199,K,A*24
196370,$GPGGA,132718.00,2601.83213,N,11911.58346,E,1,08,1.12,19.8,M,10.0,M,,*62
196499,$GPGSA,A,3,03,31,26,25,29,28,16,32,,,,,2.07,1.12,1.74*02
196506,$GPGSV,3,1,11,03,23,305,43,10,11,177,,16,36,224,19,25,15,041,37*74
196578,$GPGSV,3,2,11,26,64,252,32,27,01,193,,28,50,021,39,29,28,075,26*74
196648,$GPGSV,3,3,11,31,50,332,42,32,63,115,26,42,52,139,30*46
196710,$GPGLL,2601.83213,N,11911.58346,E,132718.00,A,A*6C
197210,$GPRMC,132719.00,A,2601.83211,N,11911.58340,E,0.086,,290626,,,A*77
197339,$GPVTG,,T,,M,0.086,N,0.159,K,A*20
197374,$GPGGA,132719.00,2601.83211,N,11911.58340,E,1,08,1.12,20.1,M,10.0,M,,*64
197453,$GPGSA,A,3,03,31,26,25,29,28,16,32,,,,,2.07,1.12,1.74*02
197514,$GPGSV,3,1,11,03,23,305,42,10,11,177,,16,36,224,19,25,15,041,37*75
197643,$GPGSV,3,2,11,26,64,252,32,27,01,193,,28,50,021,39,29,28,075,26*74
197655,$GPGSV,3,3,11,31,50,332,42,32,63,115,26,42,52,139,30*46
197713,$GPGLL,2601.83211,N,11911.58340,E,132719.00,A,A*69
198260,$GPRMC,132720.00,A,2601.83217,N,11911.58332,E,0.128,,290626,,,A*7B
198338,$GPVTG,,T,,M,0.128,N,0.238,K,A*21
198444,$GPGGA,132720.00,2601.83217,N,11911.58332,E,1,08,1.12,20.5,M,10.0,M,,*69
198450,$GPGSA,A,3,03,31,26,25,29,28,16,32,,,,,2.07,1.12,1.74*02
198509,$GPGSV,3,1,11,03,23,305,43,10,11,177,,16,36,224,19,25,15,041,38*7B
198582,$GPGSV,3,2,11,26,64,252,33,27,01,193,,28,50,021,40,29,28,075,27*7A
198654,$GPGSV,3,3,11,31,50,332,43,32,63,115,26,42,52,139,30*47
198778,$GPGLL,2601.83217,N,11911.58332,E,132720.00,A,A*60
199180,$GPRMC,132721.00,A,2601.83212,N,11911.58325,E,0.048,,290626,,,A*7E
199336,$GPVTG,,T,,M,0.048,N,0.089,K,A*2E
199372,$GPGGA,132721.00,2601.83212,N,11911.58325,E,1,08,1.12,20.8,M,10.0,M,,*66
199453,$GPGSA,A,3,03,31,26,25,29,28,16,32,,,,,2.07,1.12,1.74*02
199581,$GPGSV,3,1,11,03,23,305,43,10,11,177,,16,36,224,19,25,15,041,38*7B
199586,$GPGSV,3,2,11,26,64,252,33,27,01,193,,28,50,021,40,29,28,075,27*7A
199653,$GPGSV,3,3,11,31,50,332,43,32,63,115,27,42,52,139,30*46
199711,$GPGLL,2601.83212,N,11911.58325,E,132721.00,A,A*62
200260,$GPRMC,132722.00,A,2601.83212,N,11911.58316,E,0.202,,290626,,,A*71
200413,$GPVTG,,T,,M,0.202,N,0.374,K,A*23
200418,$GPGGA,132722.00,2601.83212,N,11911.58316,E,1,08,1.12,21.2,M,10.0,M,,*6E
200449,$GPGSA,A,3,03,31,26,25,29,28,16,32,,,,,2.07,1.12,1.74*02
200510,$GPGSV,3,1,11,03,23,305,43,10,11,177,,16,36,224,20,25,15,041,38*71
200582,$GPGSV,3,2,11,26,64,252,33,27,01,193,,28,50,021,40,29,28,075,27*7A
200727,$GPGSV,3,3,11,31,50,332,43,32,63,115,27,42,52,139,30*46
200733,$GPGLL,2601.83212,N,11911.58316,E,132722.00,A,A*61
# status,200 s,nmea,1608,fix,402,utc,132722.00,mode,2
201190,$GPRMC,132723.00,A,2601.83211,N,11911.58309,E,0.140,,290626,,,A*78
201373,$GPVTG,,T,,M,0.140,N,0.259,K,A*28
201378,$GPGGA,132723.00,2601.83211,N,11911.58309,E,1,08,1.12,21.5,M,10.0,M,,*65
201495,$GPGSA,A,3,03,31,26,25,29,28,16,32,,,,,2.07,1.12,1.74*02
201511,$GPGSV,3,1,11,03,23,305,43,10,11,177,,16,36,224,21,25,15,041,38*70
201583,$GPGSV,3,2,11,26,64,252,33,27,01,193,,28,50,021,40,29,28,075,28*75
201654,$GPGSV,3,3,11,31,50,332,43,32,63,115,27,42,52,139,30*46
201714,$GPGLL,2601.83211,N,11911.58309,E,132723.00,A,A*6D
202200,$GPRMC,132724.00,A,2601.83216,N,11911.58300,E,0.261,,290626,,,A*71
202339,$GPVTG,,T,,M,0.261,N,0.484,K,A*2E
202374,$GPGGA,132724.00,2601.83216,N,11911.58300,E,1,08,1.12,21.9,M,10.0,M,,*60
202453,$GPGSA,A,3,03,31,26,25,29,28,16,32,,,,,2.07,1.12,1.74*02
202514,$GPGSV,3,1,11,03,23,305,43,10,11,177,,16,36,224,21,25,15,041,38*70
202631,$GPGSV,3,2,11,26,64,252,33,27,01,193,,28,50,021,40,29,28,075,28*75
202655,$GPGSV,3,3,11,31,50,332,43,32,63,115,27,42,52,139,30*46
202713,$GPGLL,2601.83216,N,11911.58300,E,132724.00,A,A*64
203260,$GPRMC,132725.00,A,2601.83224,N,11911.58291,E,0.313,,290626,,,A*7C
203338,$GPVTG,,T,,M,0.313,N,0.579,K,A*29
203422,$GPGGA,132725.00,2601.83224,N,11911.58291,E,1,08,1.12,22.3,M,10.0,M,,*60
203451,$GPGSA,A,3,03,31,26,25,29,28,16,32,,,,,2.07,1.12,1.74*02
203511,$GPGSV,3,1,11,03,23,305,43,10,11,177,,16,36,224,21,25,15,041,38*70
203581,$GPGSV,3,2,11,26,64,252,33,27,01,193,,28,50,021,40,29,28,075,28*75
203655,$GPGSV,3,3,11,31,50,332,43,32,63,115,27,42,52,139,30*46
203766,$GPGLL,2601.83224,N,11911.58291,E,132725.00,A,A*6D
204170,$GPRMC,132726.00,A,2601.83218,N,11911.58284,E,0.112,,290626,,,A*77
204333,$GPVTG,,T,,M,0.112,N,0.208,K,A*2B
204370,$GPGGA,132726.00,2601.83218,N,11911.58284,E,1,08,1.12,22.5,M,10.0,M,,*6E
204449,$GPGSA,A,3,03,31,26,25,29,28,16,32,,,,,2.07,1.12,1.74*02
204559,$GPGSV,3,1,11,03,23,305,43,10,11,177,,16,36,224,21,25,15,041,38*70
204578,$GPGSV,3,2,11,26,64,252,33,27,01,193,,28,50,021,40,29,28,075,28*75
204650,$GPGSV,3,3,11,31,50,332,43,32,63,115,27,42,52,139,30*46
204708,$GPGLL,2601.83218,N,11911.58284,E,132726.00,A,A*65
205260,$GPRMC,132727.00,A,2601.83218,N,11911.58275,E,0.298,,290626,,,A*79
205391,$GPVTG,,T,,M,0.298,N,0.552,K,A*22
205403,$GPGGA,132727.00,2601.83218,N,11911.58275,E,1,08,1.12,22.9,M,10.0,M,,*6D
205449,$GPGSA,A,3,03,31,26,25,29,28,16,32,,,,,2.07,1.12,1.74*02
205512,$GPGSV,3,1,11,03,23,305,42,10,11,177,,16,36,224,21,25,15,041,38*71
205583,$GPGSV,3,2,11,26,64,252,33,27,01,193,,28,50,021,40,29,28,075,28*75
205725,$GPGSV,3,3,11,31,50,332,43,32,63,115,27,42,52,139,30*46
205730,$GPGLL,2601.83218,N,11911.58275,E,132727.00,A,A*6A
206260,$GPRMC,132728.00,A,2601.83220,N,11911.58267,E,0.171,,290626,,,A*7A
206335,$GPVTG,,T,,M,0.171,N,0.316,K,A*20
206372,$GPGGA,132728.00,2601.83220,N,11911.58267,E,1,08,1.12,23.2,M,10.0,M,,*60
206527,$GPGSA,A,3,03,31,26,25,29,28,16,32,,,,,2.07,1.12,1.74*02
206532,$GPGSV,3,1,11,03,23,305,42,10,11,177,,16,36,224,21,25,15,041,38*71
206580,$GPGSV,3,2,11,26,65,253,33,27,01,193,,28,50,021,40,29,28,075,28*75
206650,$GPGSV,3,3,11,31,50,332,43,32,63,115,27,42,52,139,30*46
206711,$GPGLL,2601.83220,N,11911.58267,E,132728.00,A,A*6D
207240,$GPRMC,132729.00,A,2601.83223,N,11911.58259,E,0.115,,290626,,,A*77
207335,$GPVTG,,T,,M,0.115,N,0.213,K,A*26
207370,$GPGGA,132729.00,2601.83223,N,11911.58259,E,1,08,1.12,23.5,M,10.0,M,,*68
207449,$GPGSA,A,3,03,31,26,25,29,28,16,32,,,,,2.07,1.12,1.74*02
207510,$GPGSV,3,1,11,03,23,305,42,10,11,177,,16,36,224,21,25,15,041,38*71
207654,$GPGSV,3,2,11,26,65,253,33,27,02,193,,28,50,021,40,29,28,075,28*76
207659,$GPGSV,3,3,11,31,50,332,43,32,63,115,27,42,52,139,30*46
207710,$GPGLL,2601.83223,N,11911.58259,E,132729.00,A,A*62
208260,$GPRMC,132730.00,A,2601.83223,N,11911.58253,E,0.129,,290626,,,A*7A
208337,$GPVTG,,T,,M,0.129,N,0.239,K,A*21
208456,$GPGGA,132730.00,2601.83223,N,11911.58253,E,1,08,1.12,23.8,M,10.0,M,,*67
208461,$GPGSA,A,3,03,31,26,25,29,28,16,32,,,,,2.07,1.12,1.74*02
208508,$GPGSV,3,1,11,03,23,305,42,10,11,177,,16,36,224,21,25,15,041,38*71
208610,$GPGSV,3,2,11,26,65,253,32,27,02,193,,28,50,022,40,29,28,075,28*74
208652,$GPGSV,3,3,11,31,50,332,43,32,63,115,26,42,52,139,30*47
208753,$GPGLL,2601.83223,N,11911.58253,E,132730.00,A,A*60
209260,$GPRMC,132731.00,A,2601.83221,N,11911.58247,E,0.082,,290626,,,A*7C
209341,$GPVTG,,T,,M,0.082,N,0.152,K,A*2F
209376,$GPGGA,132731.00,2601.83221,N,11911.58247,E,1,08,1.12,24.1,M,10.0,M,,*6F
209457,$GPGSA,A,3,03,31,26,25,29,28,16,32,,,,,2.07,1.12,1.74*02
209556,$GPGSV,3,1,11,03,23,305,42,10,11,177,,16,36,224,21,25,15,041,38*71
209586,$GPGSV,3,2,11,26,65,253,32,27,02,193,,28,50,022,40,29,28,075,28*74
209657,$GPGSV,3,3,11,31,50,332,44,32,63,115,26,42,52,139,30*40
209715,$GPGLL,2601.83221,N,11911.58247,E,132731.00,A,A*66
210170,$GPRMC,132732.00,A,2601.83218,N,11911.58241,E,0.092,,290626,,,A*72
210379,$GPVTG,,T,,M,0.092,N,0.171,K,A*2F
210382,$GPGGA,132732.00,2601.83218,N,11911.58241,E,1,08,1.12,24.3,M,10.0,M,,*62
210450,$GPGSA,A,3,03,31,26,25,29,28,16,32,,,,,2.07,1.12,1.74*02
210510,$GPGSV,3,1,11,03,23,305,42,10,11,177,,16,36,224,21,25,15,041,38*71
210582,$GPGSV,3,2,11,26,65,253,33,27,02,193,,28,50,022,40,29,28,075,28*75
210703,$GPGSV,3,3,11,31,50,332,44,32,63,115,27,42,52,139,30*41
210710,$GPGLL,2601.83218,N,11911.58241,E,132732.00,A,A*69
# status,210 s,nmea,1688,fix,422,utc,132732.00,mode,2
211260,$GPRMC,132733.00,A,2601.83216,N,11911.58237,E,0.024,,290626,,,A*71
211384,$GPVTG,,T,,M,0.024,N,0.044,K,A*25
211390,$GPGGA,132733.00,2601.83216,N,11911.58237,E,1,08,1.12,24.6,M,10.0,M,,*69
211506,$GPGSA,A,3,03,31,26,25,29,28,16,32,,,,,2.07,1.12,1.74*02
211510,$GPGSV,3,1,11,03,23,305,42,10,11,177,,16,36,224,21,25,15,041,38*71
211581,$GPGSV,3,2,11,26,65,253,33,27,02,193,,28,50,022,40,29,28,075,28*75
211651,$GPGSV,3,3,11,31,50,333,44,32,63,115,27,42,52,139,30*40
211713,$GPGLL,2601.83216,N,11911.58237,E,132733.00,A,A*67
212210,$GPRMC,132734.00,A,2601.83210,N,11911.58232,E,0.045,,290626,,,A*72
212335,$GPVTG,,T,,M,0.045,N,0.084,K,A*2E
212370,$GPGGA,132734.00,2601.83210,N,11911.58232,E,1,08,1.12,24.7,M,10.0,M,,*6C
212449,$GPGSA,A,3,03,31,26,25,29,28,16,32,,,,,2.07,1.12,1.74*02
212510,$GPGSV,3,1,11,03,23,305,41,10,11,177,,16,36,224,21,25,15,041,38*72
212642,$GPGSV,3,2,11,26,65,253,33,27,02,193,,28,50,022,40,29,28,075,28*75
212650,$GPGSV,3,3,11,31,50,333,44,32,63,116,27,42,52,139,30*43
212710,$GPGLL,2601.83210,N,11911.58232,E,132734.00,A,A*63
213260,$GPRMC,132735.00,A,2601.83202,N,11911.58227,E,0.044,,290626,,,A*75
213339,$GPVTG,,T,,M,0.044,N,0.081,K,A*2A
213453,$GPGGA,132735.00,2601.83202,N,11911.58227,E,1,08,1.12,24.8,M,10.0,M,,*65
213459,$GPGSA,A,3,03,31,26,25,29,28,16,32,,,,,2.07,1.12,1.74*02
213510,$GPGSV,3,1,11,03,23,305,41,10,11,177,,16,36,224,21,25,15,041,38*72
213582,$GPGSV,3,2,11,26,65,253,33,27,02,193,,28,50,022,39,29,28,075,27*74
213654,$GPGSV,3,3,11,31,50,333,44,32,63,116,28,42,52,139,30*4C
213787,$GPGLL,2601.83202,N,11911.58227,E,132735.00,A,A*65
214190,$GPRMC,132736.00,A,2601.83195,N,11911.58223,E,0.125,,290626,,,A*79
214334,$GPVTG,,T,,M,0.125,N,0.232,K,A*26
214370,$GPGGA,132736.00,2601.83195,N,11911.58223,E,1,08,1.12,24.9,M,10.0,M,,*6E
214450,$GPGSA,A,3,03,31,26,25,29,28,16,32,,,,,2.07,1.12,1.74*02
214589,$GPGSV,3,1,11,03,23,305,41,10,11,177,,16,36,224,21,25,15,041,38*72
214596,$GPGSV,3,2,11,26,65,253,32,27,02,193,,28,50,022,39,29,28,075,27*75
214651,$GPGSV,3,3,11,31,50,333,44,32,63,116,28,42,52,139,30*4C
214708,$GPGLL,2601.83195,N,11911.58223,E,132736.00,A,A*6F
215260,$GPRMC,132737.00,A,2601.83185,N,11911.58221,E,0.071,,290626,,,A*7B
215422,$GPVTG,,T,,M,0.071,N,0.132,K,A*25
215425,$GPGGA,132737.00,2601.83185,N,11911.58221,E,1,08,1.12,24.9,M,10.0,M,,*6C
215449,$GPGSA,A,3,03,31,26,25,29,28,16,32,,,,,2.07,1.12,1.74*02
215509,$GPGSV,3,1,11,03,23,305,41,10,11,177,,16,36,224,21,25,15,041,37*7D
215581,$GPGSV,3,2,11,26,65,253,33,27,02,193,,28,50,022,39,29,28,075,28*7B
215736,$GPGSV,3,3,11,31,50,333,44,32,63,116,28,42,52,139,30*4C
215740,$GPGLL,2601.83185,N,11911.58221,E,132737.00,A,A*6D
216260,$GPRMC,132738.00,A,2601.83177,N,11911.58219,E,0.042,,290626,,,A*72
216333,$GPVTG,,T,,M,0.042,N,0.078,K,A*2A
216412,$GPGGA,132738.00,2601.83177,N,11911.58219,E,1,08,1.12,24.9,M,10.0,M,,*65
216480,$GPGSA,A,3,03,31,26,25,29,28,16,32,,,,,2.07,1.12,1.74*02
216508,$GPGSV,3,1,11,03,23,305,41,10,11,177,,16,36,224,21,25,15,041,37*7D
216578,$GPGSV,3,2,11,26,65,253,33,27,02,193,,28,50,022,39,29,28,075,27*74
216650,$GPGSV,3,3,11,31,50,333,44,32,63,116,28,42,52,139,30*4C
216710,$GPGLL,2601.83177,N,11911.58219,E,132738.00,A,A*64
217200,$GPRMC,132739.00,A,2601.83168,N,11911.58217,E,0.137,,290626,,,A*70
217334,$GPVTG,,T,,M,0.137,N,0.254,K,A*25
217372,$GPGGA,132739.00,2601.83168,N,11911.58217,E,1,08,1.12,24.9,M,10.0,M,,*64
217448,$GPGSA,A,3,03,31,26,25,29,28,16,32,,,,,2.07,1.12,1.74*02
217511,$GPGSV,3,1,11,03,23,305,41,10,11,177,,16,36,224,20,25,15,041,37*7C
217629,$GPGSV,3,2,11,26,65,253,32,27,02,193,,28,50,022,39,29,28,075,27*75
217651,$GPGSV,3,3,11,31,50,333,44,32,63,116,28,42,52,139,30*4C
217710,$GPGLL,2601.83168,N,11911.58217,E,132739.00,A,A*65
218260,$GPRMC,132740.00,A,2601.83166,N,11911.58214,E,0.363,,290626,,,A*70
218337,$GPVTG,,T,,M,0.363,N,0.673,K,A*27
218411,$GPGGA,132740.00,2601.83166,N,11911.58214,E,1,08,1.12,24.9,M,10.0,M,,*67
218449,$GPGSA,A,3,03,31,26,25,29,28,16,32,,,,,2.07,1.12,1.74*02
218508,$GPGSV,3,1,11,03,23,305,40,10,11,177,,16,36,224,20,25,15,041,37*7D
218580,$GPGSV,3,2,11,26,65,253,32,27,02,193,,28,50,022,39,29,28,075,27*75
218652,$GPGSV,3,3,11,31,50,333,44,32,63,116,28,42,52,139,30*4C
218765,$GPGLL,2601.83166,N,11911.58214,E,132740.00,A,A*66
219260,$GPRMC,132741.00,A,2601.83162,N,11911.58211,E,0.242,,290626,,,A*72
219336,$GPVTG,,T,,M,0.242,N,0.449,K,A*2E
219372,$GPGGA,132741.00,2601.83162,N,11911.58211,E,1,08,1.12,24.9,M,10.0,M,,*67
219451,$GPGSA,A,3,03,31,26,25,29,28,16,32,,,,,2.07,1.12,1.74*02
219567,$GPGSV,3,1,11,03,23,305,40,10,11,177,,16,36,224,20,25,15,041,37*7D
219581,$GPGSV,3,2,11,26,65,253,32,27,02,193,,28,50,022,39,29,28,075,27*75
219651,$GPGSV,3,3,11,31,50,333,44,32,63,116,28,42,52,139,30*4C
219711,$GPGLL,2601.83162,N,11911.58211,E,132741.00,A,A*66
220260,$GPRMC,132742.00,A,2601.83160,N,11911.58208,E,0.226,,290626,,,A*79
220390,$GPVTG,,T,,M,0.226,N,0.419,K,A*29
220393,$GPGGA,132742.00,2601.83160,N,11911.58208,E,1,08,1.12,24.9,M,10.0,M,,*6E
220449,$GPGSA,A,3,03,31,26,25,29,28,16,32,,,,,2.07,1.12,1.74*02
220508,$GPGSV,3,1,11,03,23,305,40,10,11,177,,16,36,224,20,25,15,041,36*7C
220582,$GPGSV,3,2,11,26,65,253,32,27,02,193,,28,50,022,39,29,28,075,27*75
220703,$GPGSV,3,3,11,31,50,333,44,32,63,116,29,42,52,139,30*4D
220714,$GPGLL,2601.83160,N,11911.58208,E,132742.00,A,A*6F
# status,220 s,nmea,1768,fix,442,utc,132742.00,mode,2
221260,$GPRMC,132743.00,A,2601.83153,N,11911.58205,E,0.136,,290626,,,A*77
221414,$GPVTG,,T,,M,0.136,N,0.253,K,A*23
221420,$GPGGA,132743.00,2601.83153,N,11911.58205,E,1,08,1.12,24.9,M,10.0,M,,*62
221526,$GPGSA,A,3,03,31,26,25,29,28,16,32,,,,,2.07,1.12,1.74*02
221531,$GPGSV,3,1,11,03,23,305,40,10,11,177,,16,36,224,19,25,15,041,36*76
221580,$GPGSV,3,2,11,26,65,253,32,27,02,193,,28,50,022,39,29,28,075,26*74
221652,$GPGSV,3,3,11,31,50,333,44,32,63,116,29,42,52,139,30*4D
221712,$GPGLL,2601.83153,N,11911.58205,E,132743.00,A,A*63
222240,$GPRMC,132744.00,A,2601.83150,N,11911.58202,E,0.244,,290626,,,A*72
222335,$GPVTG,,T,,M,0.244,N,0.452,K,A*22
222370,$GPGGA,132744.00,2601.83150,N,11911.58202,E,1,08,1.12,24.8,M,10.0,M,,*60
222447,$GPGSA,A,3,03,31,26,25,29,28,16,32,,,,,2.07,1.12,1.74*02
222510,$GPGSV,3,1,11,03,23,305,39,10,11,177,,16,36,224,19,25,15,041,36*78
222663,$GPGSV,3,2,11,26,65,253,32,27,02,193,,28,50,022,39,29,28,075,26*74
222667,$GPGSV,3,3,11,31,50,333,44,32,63,116,29,42,52,139,30*4D
222709,$GPGLL,2601.83150,N,11911.58202,E,132744.00,A,A*60
223260,$GPRMC,132745.00,A,2601.83145,N,11911.58200,E,0.181,,290626,,,A*7F
223337,$GPVTG,,T,,M,0.181,N,0.336,K,A*2D
223454,$GPGGA,132745.00,2601.83145,N,11911.58200,E,1,08,1.12,24.7,M,10.0,M,,*68
223460,$GPGSA,A,3,03,31,26,25,29,28,16,32,,,,,2.07,1.12,1.74*02
223508,$GPGSV,3,1,11,03,23,305,39,10,11,177,,16,36,224,18,25,15,041,35*7A
223580,$GPGSV,3,2,11,26,65,253,32,27,02,193,,28,50,022,39,29,28,075,26*74
223653,$GPGSV,3,3,11,31,50,333,44,32,63,116,29,42,52,139,30*4D
223832,$GPGLL,2601.83145,N,11911.58200,E,132745.00,A,A*67
224230,$GPRMC,132746.00,A,2601.83139,N,11911.58198,E,0.070,,290626,,,A*7A
224334,$GPVTG,,T,,M,0.070,N,0.130,K,A*26
224369,$GPGGA,132746.00,2601.83139,N,11911.58198,E,1,08,1.12,24.6,M,10.0,M,,*63
224450,$GPGSA,A,3,03,31,26,25,29,28,16,32,,,,,2.07,1.12,1.74*02
224545,$GPGSV,3,1,11,03,23,305,39,10,11,177,,16,36,224,17,25,15,041,35*75
224580,$GPGSV,3,2,11,26,65,253,32,27,02,193,,28,50,022,39,29,28,075,26*74
224649,$GPGSV,3,3,11,31,50,333,44,32,63,116,29,42,52,139,30*4D
224709,$GPGLL,2601.83139,N,11911.58198,E,132746.00,A,A*6D
225260,$GPRMC,132747.00,A,2601.83138,N,11911.58195,E,0.002,,290626,,,A*72
225377,$GPVTG,,T,,M,0.002,N,0.004,K,A*25
225381,$GPGGA,132747.00,2601.83138,N,11911.58195,E,1,08,1.12,24.6,M,10.0,M,,*6E
225449,$GPGSA,A,3,03,31,26,25,29,28,16,32,,,,,2.07,1.12,1.74*02
225508,$GPGSV,3,1,11,03,23,305,39,10,11,177,,16,36,224,17,25,15,041,35*75
225721,$GPGSV,3,2,11,26,65,253,32,27,02,193,,28,50,022,39,29,28,075,26*74
225771,$GPGSV,3,3,11,31,50,333,44,32,63,116,29,42,52,139,30*4D
225776,$GPGLL,2601.83138,N,11911.58195,E,132747.00,A,A*60
226170,$GPRMC,132748.00,A,2601.83129,N,11911.58195,E,0.018,,290626,,,A*76
226335,$GPVTG,,T,,M,0.018,N,0.033,K,A*2A
226372,$GPGGA,132748.00,2601.83129,N,11911.58195,E,1,08,1.12,24.5,M,10.0,M,,*62
226494,$GPGSA,A,3,03,31,26,25,29,28,16,32,,,,,2.07,1.12,1.74*02
226508,$GPGSV,3,1,11,03,23,305,39,10,11,177,,16,36,224,16,25,15,041,35*74
226580,$GPGSV,3,2,11,26,65,253,32,27,02,193,,28,50,022,39,29,28,075,25*77
226651,$GPGSV,3,3,11,31,50,333,44,32,63,116,29,42,52,139,30*4D
226711,$GPGLL,2601.83129,N,11911.58195,E,132748.00,A,A*6F
227210,$GPRMC,132749.00,A,2601.83126,N,11911.58194,E,0.117,,290626,,,A*77
227334,$GPVTG,,T,,M,0.117,N,0.217,K,A*20
227371,$GPGGA,132749.00,2601.83126,N,11911.58194,E,1,08,1.12,24.3,M,10.0,M,,*6B
227450,$GPGSA,A,3,03,31,26,25,29,28,16,32,,,,,2.07,1.12,1.74*02
227511,$GPGSV,3,1,11,03,23,305,39,10,11,177,,16,36,224,14,25,15,041,34*77
227630,$GPGSV,3,2,11,26,65,253,31,27,02,193,,28,50,022,39,29,28,075,25*74
227652,$GPGSV,3,3,11,31,50,333,44,32,63,116,29,42,52,139,30*4D
227709,$GPGLL,2601.83126,N,11911.58194,E,132749.00,A,A*60
228260,$GPRMC,132750.00,A,2601.83125,N,11911.58194,E,0.061,,290626,,,A*7C
228335,$GPVTG,,T,,M,0.061,N,0.113,K,A*27
228422,$GPGGA,132750.00,2601.83125,N,11911.58194,E,1,08,1.12,24.2,M,10.0,M,,*61
228449,$GPGSA,A,3,03,31,26,25,29,28,16,32,,,,,2.07,1.12,1.74*02
228508,$GPGSV,3,1,11,03,23,305,39,10,11,177,,16,36,224,13,25,15,041,34*70
228578,$GPGSV,3,2,11,26,65,253,31,27,02,193,,28,50,022,39,29,28,075,25*74
228652,$GPGSV,3,3,11,31,50,333,44,32,63,116,29,42,52,139,30*4D
228775,$GPGLL,2601.83125,N,11911.58194,E,132750.00,A,A*6B
229170,$GPRMC,132751.00,A,2601.83123,N,11911.58193,E,0.099,,290626,,,A*7B
229334,$GPVTG,,T,,M,0.099,N,0.184,K,A*2E
229371,$GPGGA,132751.00,2601.83123,N,11911.58193,E,1,08,1.12,24.1,M,10.0,M,,*62
229450,$GPGSA,A,3,03,31,26,25,29,28,16,32,,,,,2.07,1.12,1.74*02
229578,$GPGSV,3,1,11,03,23,305,39,10,11,177,,16,36,224,13,25,15,041,34*70
229582,$GPGSV,3,2,11,26,65,253,31,27,02,193,,28,50,022,39,29,28,075,25*74
229651,$GPGSV,3,3,11,31,50,333,43,32,63,116,30,42,52,139,30*42
229710,$GPGLL,2601.83123,N,11911.58193,E,132751.00,A,A*6B
230260,$GPRMC,132752.00,A,2601.83118,N,11911.58192,E,0.103,,290626,,,A*73
230420,$GPVTG,,T,,M,0.103,N,0.190,K,A*29
230424,$GPGGA,132752.00,2601.83118,N,11911.58192,E,1,08,1.12,23.9,M,10.0,M,,*67
230448,$GPGSA,A,3,03,31,26,25,29,28,16,32,,,,,2.07,1.12,1.74*02
230509,$GPGSV,3,1,11,03,23,305,39,10,11,177,,16,36,224,13,25,15,041,33*77
230582,$GPGSV,3,2,11,26,65,253,31,27,02,193,,28,50,022,39,29,28,075,24*75
230734,$GPGSV,3,3,11,31,50,333,43,32,63,116,30,42,52,139,30*42
230739,$GPGLL,2601.83118,N,11911.58192,E,132752.00,A,A*61
# status,230 s,nmea,1848,fix,462,utc,132752.00,mode,2
231260,$GPRMC,132753.00,A,2601.83118,N,11911.58191,E,0.161,,290626,,,A*75
231415,$GPVTG,,T,,M,0.161,N,0.298,K,A*26
231421,$GPGGA,132753.00,2601.83118,N,11911.58191,E,1,08,1.13,23.7,M,10.0,M,,*6A
231537,$GPGSA,A,3,03,31,26,25,29,28,16,32,,,,,2.07,1.13,1.74*03
231578,$GPGSV,3,1,11,03,23,305,39,10,11,177,,16,36,224,13,25,15,041,33*77
231582,$GPGSV,3,2,11,26,65,253,31,27,02,193,,28,50,022,39,29,28,075,24*75
231652,$GPGSV,3,3,11,31,50,333,43,32,63,116,30,42,52,139,30*42
231712,$GPGLL,2601.83118,N,11911.58191,E,132753.00,A,A*63
232200,$GPRMC,132754.00,A,2601.83118,N,11911.58188,E,0.244,,290626,,,A*7E
232334,$GPVTG,,T,,M,0.244,N,0.452,K,A*22
232371,$GPGGA,132754.00,2601.83118,N,11911.58188,E,1,08,1.13,23.6,M,10.0,M,,*64
232448,$GPGSA,A,3,03,31,26,25,29,28,16,32,,,,,2.07,1.13,1.74*03
232511,$GPGSV,3,1,11,03,23,305,39,10,11,177,,16,36,224,13,25,15,041,33*77
232627,$GPGSV,3,2,11,26,65,253,31,27,02,193,,28,50,022,39,29,28,075,23*72
232653,$GPGSV,3,3,11,31,50,333,43,32,63,116,30,42,52,139,30*42
232709,$GPGLL,2601.83118,N,11911.58188,E,132754.00,A,A*6C
233260,$GPRMC,132755.00,A,2601.83117,N,11911.58186,E,0.013,,290626,,,A*7E
233337,$GPVTG,,T,,M,0.013,N,0.024,K,A*27
233420,$GPGGA,132755.00,2601.83117,N,11911.58186,E,1,08,1.13,23.4,M,10.0,M,,*66
233449,$GPGSA,A,3,03,31,26,25,29,28,16,32,,,,,2.07,1.13,1.74*03
233510,$GPGSV,3,1,11,03,23,305,39,10,11,177,,16,36,224,12,25,15,041,33*76
233580,$GPGSV,3,2,11,26,65,253,31,27,02,193,,28,50,022,39,29,28,075,23*72
233653,$GPGSV,3,3,11,31,50,333,43,32,63,116,30,42,52,139,30*42
233753,$GPGLL,2601.83117,N,11911.58186,E,132755.00,A,A*6C
234160,$GPRMC,132756.00,A,2601.83116,N,11911.58187,E,0.062,,290626,,,A*7B
234332,$GPVTG,,T,,M,0.062,N,0.115,K,A*22
234367,$GPGGA,132756.00,2601.83116,N,11911.58187,E,1,07,1.65,23.2,M,10.0,M,,*6D
234447,$GPGSA,A,3,03,31,26,25,29,28,32,,,,,,2.71,1.65,2.16*03
234556,$GPGSV,3,1,11,03,23,305,39,10,11,177,,16,36,224,09,25,15,041,32*7D
234575,$GPGSV,3,2,11,26,65,253,31,27,02,193,,28,50,022,39,29,28,075,23*72
234645,$GPGSV,3,3,11,31,50,333,43,32,63,116,30,42,52,139,30*42
234704,$GPGLL,2601.83116,N,11911.58187,E,132756.00,A,A*6F
235250,$GPRMC,132757.00,A,2601.83114,N,11911.58189,E,0.064,,290626,,,A*70
235389,$GPVTG,,T,,M,0.064,N,0.119,K,A*28
235392,$GPGGA,132757.00,2601.83114,N,11911.58189,E,1,08,1.13,22.9,M,10.0,M,,*64
235449,$GPGSA,A,3,03,31,26,25,29,28,16,32,,,,,2.07,1.13,1.74*03
235508,$GPGSV,3,1,11,03,23,305,39,10,11,177,,16,36,224,10,25,15,041,32*75
235582,$GPGSV,3,2,11,26,65,253,31,27,02,193,,28,50,022,39,29,28,075,23*72
235712,$GPGSV,3,3,11,31,50,333,43,32,63,116,30,42,52,139,30*42
235724,$GPGLL,2601.83114,N,11911.58189,E,132757.00,A,A*62
236160,$GPRMC,132758.00,A,2601.83111,N,11911.58192,E,0.046,,290626,,,A*70
236331,$GPVTG,,T,,M,0.046,N,0.085,K,A*2C
236369,$GPGGA,132758.00,2601.83111,N,11911.58192,E,1,07,1.65,22.7,M,10.0,M,,*64
236514,$GPGSA,A,3,03,31,26,25,29,28,32,,,,,,2.71,1.65,2.16*03
236518,$GPGSV,3,1,11,03,23,305,39,10,11,177,,16,36,224,09,25,15,041,31*7E
236574,$GPGSV,3,2,11,26,65,253,31,27,02,193,,28,50,022,39,29,28,075,23*72
236644,$GPGSV,3,3,11,31,50,333,43,32,63,116,30,42,52,139,30*42
236706,$GPGLL,2601.83111,N,11911.58192,E,132758.00,A,A*62
237220,$GPRMC,132759.00,A,2601.83112,N,11911.58193,E,0.093,,290626,,,A*7B
237336,$GPVTG,,T,,M,0.093,N,0.172,K,A*2D
237371,$GPGGA,132759.00,2601.83112,N,11911.58193,E,1,07,1.65,22.5,M,10.0,M,,*65
237450,$GPGSA,A,3,03,31,26,25,29,28,32,,,,,,2.71,1.65,2.16*03
237510,$GPGSV,3,1,11,03,23,305,39,10,11,177,,16,36,224,08,25,15,041,31*7F
237651,$GPGSV,3,2,11,26,65,253,31,27,02,193,,28,50,022,39,29,28,075,23*72
237655,$GPGSV,3,3,11,31,50,333,43,32,63,116,30,42,52,139,30*42
237709,$GPGLL,2601.83112,N,11911.58193,E,132759.00,A,A*61
238260,$GPRMC,132800.00,A,2601.83109,N,11911.58196,E,0.034,,290626,,,A*7A
238337,$GPVTG,,T,,M,0.034,N,0.063,K,A*21
238452,$GPGGA,132800.00,2601.83109,N,11911.58196,E,1,07,1.65,22.2,M,10.0,M,,*6E
238458,$GPGSA,A,3,03,31,26,25,29,28,32,,,,,,2.71,1.65,2.16*03
238506,$GPGSV,3,1,11,03,23,305,39,10,11,177,,16,36,224,08,25,15,041,31*7F
238579,$GPGSV,3,2,11,26,65,253,30,27,02,193,,28,50,022,39,29,28,075,22*72
238651,$GPGSV,3,3,11,31,50,333,43,32,63,116,31,42,52,139,30*43
238786,$GPGLL,2601.83109,N,11911.58196,E,132800.00,A,A*6D
239190,$GPRMC,132801.00,A,2601.83113,N,11911.58197,E,0.284,,290626,,,A*78
239332,$GPVTG,,T,,M,0.284,N,0.526,K,A*2C
239368,$GPGGA,132801.00,2601.83113,N,11911.58197,E,1,07,1.65,22.0,M,10.0,M,,*67
239492,$GPGSA,A,3,03,31,26,25,29,28,32,,,,,,2.71,1.65,2.16*03
239553,$GPGSV,3,1,11,03,23,305,40,10,11,177,,16,36,224,08,25,15,041,30*70
239575,$GPGSV,3,2,11,26,65,253,31,27,02,193,,28,50,022,39,29,28,075,22*73
239647,$GPGSV,3,3,11,31,50,333,43,32,63,116,31,42,52,139,30*43
239705,$GPGLL,2601.83113,N,11911.58197,E,132801.00,A,A*66
240160,$GPRMC,132802.00,A,2601.83105,N,11911.58199,E,0.253,,290626,,,A*78
240375,$GPVTG,,T,,M,0.253,N,0.469,K,A*2C
240380,$GPGGA,132802.00,2601.83105,N,11911.58199,E,1,07,1.65,21.8,M,10.0,M,,*66
240445,$GPGSA,A,3,03,31,26,25,29,28,32,,,,,,2.71,1.65,2.15*00
240504,$GPGSV,3,1,11,03,23,305,40,10,11,177,,16,36,224,,25,15,041,30*78
240574,$GPGSV,3,2,11,26,65,253,31,27,02,193,,28,50,022,39,29,28,075,22*73
240689,$GPGSV,3,3,11,31,50,333,43,32,63,116,31,42,52,139,30*43
240702,$GPGLL,2601.83105,N,11911.58199,E,132802.00,A,A*6C
# status,241 s,nmea,1928,fix,482,utc,132802.00,mode,2
241250,$GPRMC,132803.00,A,2601.83104,N,11911.58201,E,0.162,,290626,,,A*7B
241381,$GPVTG,,T,,M,0.162,N,0.299,K,A*24
241386,$GPGGA,132803.00,2601.83104,N,11911.58201,E,1,07,1.65,21.7,M,10.0,M,,*6B
241492,$GPGSA,A,3,03,31,26,25,29,28,32,,,,,,2.71,1.65,2.15*00
241503,$GPGSV,3,1,11,03,23,305,40,10,11,177,,16,36,224,,25,15,041,30*78
241574,$GPGSV,3,2,11,26,65,253,30,27,02,193,,28,50,022,39,29,28,075,22*72
241643,$GPGSV,3,3,11,31,50,333,43,32,63,116,31,42,52,139,30*43
241705,$GPGLL,2601.83104,N,11911.58201,E,132803.00,A,A*6E
242200,$GPRMC,132804.00,A,2601.83107,N,11911.58202,E,0.105,,290626,,,A*7D
242333,$GPVTG,,T,,M,0.105,N,0.195,K,A*2A
242368,$GPGGA,132804.00,2601.83107,N,11911.58202,E,1,07,1.65,21.6,M,10.0,M,,*6D
242447,$GPGSA,A,3,03,31,26,25,29,28,32,,,,,,2.71,1.65,2.15*00
242506,$GPGSV,3,1,11,03,23,305,40,10,11,177,,16,36,224,,25,15,041,29*70
242629,$GPGSV,3,2,11,26,65,253,30,27,02,193,,28,50,022,39,29,28,075,21*71
242644,$GPGSV,3,3,11,31,50,333,43,32,63,116,31,42,52,139,30*43
242703,$GPGLL,2601.83107,N,11911.58202,E,132804.00,A,A*69
243250,$GPRMC,132805.00,A,2601.83111,N,11911.58205,E,0.107,,290626,,,A*7E
243334,$GPVTG,,T,,M,0.107,N,0.198,K,A*25
243420,$GPGGA,132805.00,2601.83111,N,11911.58205,E,1,07,1.65,21.4,M,10.0,M,,*6E
243446,$GPGSA,A,3,03,31,26,25,29,28,32,,,,,,2.71,1.65,2.15*00
243503,$GPGSV,3,1,11,03,23,305,40,10,11,177,,16,36,224,,25,15,041,29*70
243573,$GPGSV,3,2,11,26,65,253,31,27,02,193,,28,50,022,39,29,28,075,21*70
243645,$GPGSV,3,3,11,31,50,333,43,32,63,116,31,42,52,139,30*43
243773,$GPGLL,2601.83111,N,11911.58205,E,132805.00,A,A*68
244170,$GPRMC,132806.00,A,2601.83115,N,11911.58210,E,0.189,,290626,,,A*7B
244332,$GPVTG,,T,,M,0.189,N,0.349,K,A*2D
244367,$GPGGA,132806.00,2601.83115,N,11911.58210,E,1,07,1.65,21.3,M,10.0,M,,*6A
244447,$GPGSA,A,3,03,31,26,25,29,28,32,,,,,,2.71,1.65,2.15*00
244576,$GPGSV,3,1,11,03,23,305,40,10,11,177,,16,36,224,,25,15,041,29*70
244581,$GPGSV,3,2,11,26,65,253,30,27,02,193,,28,50,022,39,29,28,075,22*72
244644,$GPGSV,3,3,11,31,50,333,43,32,63,116,31,42,52,139,30*43
244701,$GPGLL,2601.83115,N,11911.58210,E,132806.00,A,A*6B
245250,$GPRMC,132807.00,A,2601.83122,N,11911.58217,E,0.201,,290626,,,A*7A
245409,$GPVTG,,T,,M,0.201,N,0.373,K,A*27
245412,$GPGGA,132807.00,2601.83122,N,11911.58217,E,1,07,1.65,21.2,M,10.0,M,,*69
245446,$GPGSA,A,3,03,31,26,25,29,28,32,,,,,,2.71,1.65,2.15*00
245504,$GPGSV,3,1,11,03,23,305,40,10,11,177,,16,36,224,,25,15,041,28*71
245574,$GPGSV,3,2,11,26,65,253,30,27,02,193,,28,50,022,39,29,28,075,21*71
245723,$GPGSV,3,3,11,31,50,333,43,32,63,116,31,42,52,139,30*43
245727,$GPGLL,2601.83122,N,11911.58217,E,132807.00,A,A*69
246250,$GPRMC,132808.00,A,2601.83128,N,11911.58225,E,0.077,,290626,,,A*7D
246330,$GPVTG,,T,,M,0.077,N,0.143,K,A*25
246370,$GPGGA,132808.00,2601.83128,N,11911.58225,E,1,07,1.65,20.9,M,10.0,M,,*67
246525,$GPGSA,A,3,03,31,26,25,29,28,32,,,,,,2.71,1.65,2.15*00
246530,$GPGSV,3,1,11,03,23,305,41,10,11,177,,16,36,224,,25,15,041,28*70
246573,$GPGSV,3,2,11,26,65,253,30,27,02,193,,28,50,022,39,29,28,075,20*70
246643,$GPGSV,3,3,11,31,50,333,43,32,63,116,31,42,52,139,30*43
246703,$GPGLL,2601.83128,N,11911.58225,E,132808.00,A,A*6D
247180,$GPRMC,132809.00,A,2601.83134,N,11911.58228,E,0.103,,290626,,,A*7E
247331,$GPVTG,,T,,M,0.103,N,0.191,K,A*28
247368,$GPGGA,132809.00,2601.83134,N,11911.58228,E,1,07,1.65,20.9,M,10.0,M,,*66
247445,$GPGSA,A,3,03,31,26,25,29,28,32,,,,,,2.71,1.65,2.15*00
247506,$GPGSV,3,1,11,03,23,305,40,10,11,177,,16,36,224,,25,15,041,27*7E
247615,$GPGSV,3,2,11,26,65,253,30,27,02,193,,28,50,022,38,29,28,075,20*71
247644,$GPGSV,3,3,11,31,50,333,42,32,63,116,30,42,52,139,29*4B
247703,$GPGLL,2601.83134,N,11911.58228,E,132809.00,A,A*6C
248250,$GPRMC,132810.00,A,2601.83138,N,11911.58236,E,0.132,,290626,,,A*77
248334,$GPVTG,,T,,M,0.132,N,0.245,K,A*20
248418,$GPGGA,132810.00,2601.83138,N,11911.58236,E,1,07,1.65,20.7,M,10.0,M,,*63
248447,$GPGSA,A,3,03,31,26,25,29,28,32,,,,,,2.71,1.65,2.15*00
248503,$GPGSV,3,1,11,03,23,305,41,10,11,177,,16,36,224,,25,15,041,27*7F
248573,$GPGSV,3,2,11,26,65,253,30,27,02,193,,28,50,022,39,29,28,075,21*71
248645,$GPGSV,3,3,11,31,50,333,42,32,63,116,30,42,52,139,30*43
248751,$GPGLL,2601.83138,N,11911.58236,E,132810.00,A,A*67
249250,$GPRMC,132811.00,A,2601.83144,N,11911.58244,E,0.073,,290626,,,A*7C
249333,$GPVTG,,T,,M,0.073,N,0.135,K,A*20
249368,$GPGGA,132811.00,2601.83144,N,11911.58244,E,1,07,1.65,20.6,M,10.0,M,,*6D
249448,$GPGSA,A,3,03,31,26,25,29,28,32,,,,,,2.71,1.65,2.15*00
249564,$GPGSV,3,1,11,03,23,305,41,10,11,177,,16,36,224,,25,15,041,27*7F
249574,$GPGSV,3,2,11,26,65,253,30,27,02,193,,28,50,022,38,29,28,075,21*70
249643,$GPGSV,3,3,11,31,50,333,42,32,63,116,29,42,52,139,29*43
249703,$GPGLL,2601.83144,N,11911.58244,E,132811.00,A,A*68
250250,$GPRMC,132812.00,A,2601.83152,N,11911.58251,E,0.173,,290626,,,A*7D
250386,$GPVTG,,T,,M,0.173,N,0.320,K,A*27
250390,$GPGGA,132812.00,2601.83152,N,11911.58251,E,1,07,1.65,20.5,M,10.0,M,,*6E
250446,$GPGSA,A,3,03,31,26,25,29,28,32,,,,,,2.71,1.65,2.15*00
250502,$GPGSV,3,1,11,03,23,305,42,10,11,177,,16,36,224,,25,15,041,27*7C
250574,$GPGSV,3,2,11,26,65,253,30,27,02,193,,28,50,022,40,29,28,075,21*7F
250700,$GPGSV,3,3,11,31,50,333,42,32,63,116,29,42,52,139,29*43
250714,$GPGLL,2601.83152,N,11911.58251,E,132812.00,A,A*68
# status,251 s,nmea,2008,fix,502,utc,132812.00,mode,2
251250,$GPRMC,132813.00,A,2601.83162,N,11911.58260,E,0.072,,290626,,,A*7D
251391,$GPVTG,,T,,M,0.072,N,0.133,K,A*27
251406,$GPGGA,132813.00,2601.83162,N,11911.58260,E,1,07,1.65,20.5,M,10.0,M,,*6E
251503,$GPGSA,A,3,03,31,26,25,29,28,32,,,,,,2.71,1.65,2.15*00
251513,$GPGSV,3,1,11,03,23,305,42,10,11,177,,16,36,224,,25,15,041,27*7C
251572,$GPGSV,3,2,11,26,65,253,30,27,02,193,,28,50,022,39,29,28,075,21*71
251644,$GPGSV,3,3,11,31,50,333,42,32,63,116,30,42,52,139,30*43
251704,$GPGLL,2601.83162,N,11911.58260,E,132813.00,A,A*68
252220,$GPRMC,132814.00,A,2601.83175,N,11911.58266,E,0.120,,290626,,,A*7C
252333,$GPVTG,,T,,M,0.120,N,0.221,K,A*21
252370,$GPGGA,132814.00,2601.83175,N,11911.58266,E,1,07,1.65,20.5,M,10.0,M,,*69
252447,$GPGSA,A,3,03,31,26,25,29,28,32,,,,,,2.71,1.65,2.15*00
252507,$GPGSV,3,1,11,03,23,305,42,10,11,177,,16,36,224,,25,15,041,27*7C
252648,$GPGSV,3,2,11,26,65,253,30,27,02,193,,28,50,022,39,29,28,075,21*71
252654,$GPGSV,3,3,11,31,50,333,42,32,63,116,30,42,52,139,30*43
252703,$GPGLL,2601.83175,N,11911.58266,E,132814.00,A,A*6F
253250,$GPRMC,132815.00,A,2601.83183,N,11911.58273,E,0.160,,290626,,,A*74
253336,$GPVTG,,T,,M,0.160,N,0.297,K,A*28
253451,$GPGGA,132815.00,2601.83183,N,11911.58273,E,1,07,1.65,20.4,M,10.0,M,,*64
253455,$GPGSA,A,3,03,31,26,25,29,28,32,,,,,,2.71,1.65,2.15*00
253507,$GPGSV,3,1,11,03,23,305,42,10,11,177,,16,36,224,06,25,15,041,27*7A
253577,$GPGSV,3,2,11,26,65,253,30,27,02,193,,28,50,022,39,29,28,075,21*71
253651,$GPGSV,3,3,11,31,50,333,42,32,63,116,30,42,52,139,30*43
253784,$GPGLL,2601.83183,N,11911.58273,E,132815.00,A,A*63
254180,$GPRMC,132816.00,A,2601.83192,N,11911.58278,E,0.099,,290626,,,A*7B
254332,$GPVTG,,T,,M,0.099,N,0.184,K,A*2E
254367,$GPGGA,132816.00,2601.83192,N,11911.58278,E,1,07,1.65,20.4,M,10.0,M,,*6C
254448,$GPGSA,A,3,03,31,26,25,29,28,32,,,,,,2.71,1.65,2.15*00
254587,$GPGSV,3,1,11,03,23,304,42,10,11,177,,16,36,224,08,25,15,041,27*75
254626,$GPGSV,3,2,11,26,65,253,29,27,02,193,,28,50,022,39,29,28,075,21*79
254645,$GPGSV,3,3,11,31,50,333,42,32,63,116,29,42,52,139,30*4B
254705,$GPGLL,2601.83192,N,11911.58278,E,132816.00,A,A*6B
255250,$GPRMC,132817.00,A,2601.83208,N,11911.58282,E,0.114,,290626,,,A*7B
255374,$GPVTG,,T,,M,0.114,N,0.212,K,A*26
255377,$GPGGA,132817.00,2601.83208,N,11911.58282,E,1,08,1.65,20.6,M,10.0,M,,*65
255449,$GPGSA,A,3,03,31,26,25,29,28,16,32,,,,,2.71,1.65,2.15*07
255508,$GPGSV,3,1,11,03,23,304,42,10,11,177,,16,36,224,13,25,15,041,27*7F
255582,$GPGSV,3,2,11,26,65,253,29,27,02,193,,28,50,022,40,29,28,075,21*77
255699,$GPGSV,3,3,11,31,50,333,42,32,63,116,29,42,52,139,30*4B
255710,$GPGLL,2601.83208,N,11911.58282,E,132817.00,A,A*6F
256260,$GPRMC,132818.00,A,2601.83224,N,11911.58286,E,0.093,,290626,,,A*70
256334,$GPVTG,,T,,M,0.093,N,0.172,K,A*2D
256371,$GPGGA,132818.00,2601.83224,N,11911.58286,E,1,08,1.65,20.7,M,10.0,M,,*61
256490,$GPGSA,A,3,03,31,26,25,29,28,16,32,,,,,2.71,1.65,2.15*07
256507,$GPGSV,3,1,11,03,23,304,42,10,11,177,,16,36,224,12,25,15,041,27*7E
256579,$GPGSV,3,2,11,26,65,253,29,27,02,193,,28,50,022,40,29,28,075,20*76
256649,$GPGSV,3,3,11,31,50,333,42,32,63,116,29,42,52,139,30*4B
256711,$GPGLL,2601.83224,N,11911.58286,E,132818.00,A,A*6A
257210,$GPRMC,132819.00,A,2601.83240,N,11911.58287,E,0.330,,290626,,,A*78
257337,$GPVTG,,T,,M,0.330,N,0.611,K,A*25
257372,$GPGGA,132819.00,2601.83240,N,11911.58287,E,1,08,1.65,20.9,M,10.0,M,,*6D
257451,$GPGSA,A,3,03,31,26,25,29,28,16,32,,,,,2.71,1.65,2.15*07
257512,$GPGSV,3,1,11,03,23,304,42,10,11,177,,16,36,224,13,25,15,041,27*7F
257636,$GPGSV,3,2,11,26,65,253,29,27,02,193,,28,50,022,40,29,28,075,21*77
257653,$GPGSV,3,3,11,31,50,333,42,32,63,116,30,42,52,139,30*43
257711,$GPGLL,2601.83240,N,11911.58287,E,132819.00,A,A*68
258260,$GPRMC,132820.00,A,2601.83257,N,11911.58287,E,0.401,,290626,,,A*71
258337,$GPVTG,,T,,M,0.401,N,0.743,K,A*26
258428,$GPGGA,132820.00,2601.83257,N,11911.58287,E,1,08,1.65,21.1,M,10.0,M,,*68
258450,$GPGSA,A,3,03,31,26,25,29,28,16,32,,,,,2.71,1.65,2.15*07
258510,$GPGSV,3,1,11,03,23,304,42,10,11,177,,16,36,224,13,25,15,041,27*7F
258580,$GPGSV,3,2,11,26,65,253,29,27,02,193,,28,50,022,40,29,28,075,21*77
258654,$GPGSV,3,3,11,31,50,333,42,32,63,116,29,42,52,139,30*4B
258772,$GPGLL,2601.83257,N,11911.58287,E,132820.00,A,A*64
259180,$GPRMC,132821.00,A,2601.83271,N,11911.58289,E,0.181,,290626,,,A*77
259334,$GPVTG,,T,,M,0.181,N,0.335,K,A*2E
259371,$GPGGA,132821.00,2601.83271,N,11911.58289,E,1,08,1.65,21.2,M,10.0,M,,*60
259450,$GPGSA,A,3,03,31,26,25,29,28,16,32,,,,,2.71,1.65,2.15*07
259584,$GPGSV,3,1,11,03,23,304,44,10,11,177,,16,36,224,14,25,15,041,27*7E
259589,$GPGSV,3,2,11,26,65,253,29,27,02,193,,28,50,022,40,29,28,075,20*76
259651,$GPGSV,3,3,11,31,50,333,43,32,63,116,30,42,52,139,30*42
259709,$GPGLL,2601.83271,N,11911.58289,E,132821.00,A,A*6F
260260,$GPRMC,132822.00,A,2601.83284,N,11911.58290,E,0.148,,290626,,,A*73
260406,$GPVTG,,T,,M,0.148,N,0.275,K,A*2E
260411,$GPGGA,132822.00,2601.83284,N,11911.58290,E,1,08,1.65,21.4,M,10.0,M,,*67
260449,$GPGSA,A,3,03,31,26,25,29,28,16,32,,,,,2.71,1.65,2.15*07
260508,$GPGSV,3,1,11,03,23,304,43,10,11,177,,16,36,224,16,25,15,041,28*74
260581,$GPGSV,3,2,11,26,65,253,29,27,02,193,,28,50,022,41,29,28,075,21*76
260721,$GPGSV,3,3,11,31,50,333,43,32,63,116,30,42,52,139,31*43
260725,$GPGLL,2601.83284,N,11911.58290,E,132822.00,A,A*6E
# status,261 s,nmea,2088,fix,522,utc,132822.00,mode,2
261260,$GPRMC,132823.00,A,2601.83300,N,11911.58291,E,0.413,,290626,,,A*75
261412,$GPVTG,,T,,M,0.413,N,0.765,K,A*21
261417,$GPGGA,132823.00,2601.83300,N,11911.58291,E,1,08,1.65,21.5,M,10.0,M,,*6B
261524,$GPGSA,A,3,03,31,26,25,29,28,16,32,,,,,2.71,1.65,2.15*07
261528,$GPGSV,3,1,11,03,23,304,43,10,11,177,,16,36,224,16,25,15,041,28*74
261580,$GPGSV,3,2,11,26,65,253,29,27,02,193,,28,50,022,40,29,28,075,20*76
261649,$GPGSV,3,3,11,31,50,333,43,32,63,116,29,42,52,139,30*4A
261711,$GPGLL,2601.83300,N,11911.58291,E,132823.00,A,A*63
262240,$GPRMC,132824.00,A,2601.83314,N,11911.58296,E,0.620,,290626,,,A*72
262337,$GPVTG,,T,,M,0.620,N,1.148,K,A*2B
262372,$GPGGA,132824.00,2601.83314,N,11911.58296,E,1,08,1.65,21.4,M,10.0,M,,*6F
262484,$GPGSA,A,3,03,31,26,25,29,28,16,32,,,,,2.71,1.65,2.15*07
262512,$GPGSV,3,1,11,03,23,304,43,10,11,177,,16,36,224,15,25,15,041,28*77
262624,$GPGSV,3,2,11,26,65,253,29,27,02,193,,28,50,022,40,29,28,075,20*76
262653,$GPGSV,3,3,11,31,50,333,43,32,63,116,29,42,52,139,30*4A
262711,$GPGLL,2601.83314,N,11911.58296,E,132824.00,A,A*66
263260,$GPRMC,132825.00,A,2601.83324,N,11911.58304,E,0.442,,290626,,,A*7C
263481,$GPVTG,,T,,M,0.442,N,0.818,K,A*20
263526,$GPGGA,132825.00,2601.83324,N,11911.58304,E,1,08,1.65,21.2,M,10.0,M,,*61
263531,$GPGSA,A,3,03,31,26,25,29,28,16,32,,,,,2.71,1.65,2.15*07
263536,$GPGSV,3,1,11,03,23,304,43,10,11,177,,16,36,224,16,25,15,041,28*74
263580,$GPGSV,3,2,11,26,65,253,29,27,02,193,,28,50,022,40,29,28,075,20*76
263654,$GPGSV,3,3,11,31,50,333,43,32,63,116,29,42,52,139,30*4A
263759,$GPGLL,2601.83324,N,11911.58304,E,132825.00,A,A*6E
264260,$GPRMC,132826.00,A,2601.83327,N,11911.58314,E,0.026,,290626,,,A*7B
264334,$GPVTG,,T,,M,0.026,N,0.048,K,A*2B
264371,$GPGGA,132826.00,2601.83327,N,11911.58314,E,1,08,1.65,20.9,M,10.0,M,,*6A
264450,$GPGSA,A,3,03,31,26,25,29,28,16,32,,,,,2.71,1.65,2.15*07
264562,$GPGSV,3,1,11,03,23,304,43,10,11,177,,16,36,224,17,25,15,041,28*75
264579,$GPGSV,3,2,11,26,65,253,29,27,02,193,,28,50,022,40,29,28,075,19*7C
264651,$GPGSV,3,3,11,31,50,333,43,32,63,116,29,42,52,139,30*4A
264710,$GPGLL,2601.83327,N,11911.58314,E,132826.00,A,A*6F
265260,$GPRMC,132827.00,A,2601.83331,N,11911.58321,E,0.063,,290626,,,A*7A
265384,$GPVTG,,T,,M,0.063,N,0.116,K,A*20
265389,$GPGGA,132827.00,2601.83331,N,11911.58321,E,1,08,1.65,20.6,M,10.0,M,,*65
265448,$GPGSA,A,3,03,31,26,25,29,28,16,32,,,,,2.71,1.65,2.15*07
265509,$GPGSV,3,1,11,03,23,304,43,10,11,177,,16,36,224,18,25,15,041,28*7A
265582,$GPGSV,3,2,11,26,65,253,29,27,02,193,,28,50,022,40,29,28,075,19*7C
265698,$GPGSV,3,3,11,31,50,333,43,32,63,116,29,42,52,139,30*4A
265710,$GPGLL,2601.83331,N,11911.58321,E,132827.00,A,A*6F
266260,$GPRMC,132828.00,A,2601.83329,N,11911.58326,E,0.087,,290626,,,A*71
266335,$GPVTG,,T,,M,0.087,N,0.162,K,A*29
266372,$GPGGA,132828.00,2601.83329,N,11911.58326,E,1,08,1.65,20.4,M,10.0,M,,*66
266511,$GPGSA,A,3,03,31,26,25,29,28,16,32,,,,,2.71,1.65,2.15*07
266515,$GPGSV,3,1,11,03,23,304,43,10,11,177,,16,36,224,19,25,15,041,27*74
266580,$GPGSV,3,2,11,26,65,253,29,27,02,193,,28,50,022,40,29,28,075,19*7C
266650,$GPGSV,3,3,11,31,50,333,43,32,63,116,29,42,52,139,30*4A
266711,$GPGLL,2601.83329,N,11911.58326,E,132828.00,A,A*6E
267230,$GPRMC,132829.00,A,2601.83331,N,11911.58328,E,0.092,,290626,,,A*73
267334,$GPVTG,,T,,M,0.092,N,0.169,K,A*26
267370,$GPGGA,132829.00,2601.83331,N,11911.58328,E,1,08,1.65,20.2,M,10.0,M,,*66
267448,$GPGSA,A,3,03,31,26,25,29,28,16,32,,,,,2.71,1.65,2.15*07
267509,$GPGSV,3,1,11,03,23,304,43,10,11,177,,16,37,225,19,25,15,041,27*74
267647,$GPGSV,3,2,11,26,65,253,29,27,02,193,,28,50,022,40,29,28,075,18*7D
267652,$GPGSV,3,3,11,31,50,333,43,32,63,116,28,42,52,139,30*4B
267709,$GPGLL,2601.83331,N,11911.58328,E,132829.00,A,A*68
268260,$GPRMC,132830.00,A,2601.83331,N,11911.58330,E,0.309,,290626,,,A*73
268337,$GPVTG,,T,,M,0.309,N,0.572,K,A*29
268439,$GPGGA,132830.00,2601.83331,N,11911.58330,E,1,08,1.65,20.1,M,10.0,M,,*64
268449,$GPGSA,A,3,03,31,26,25,29,28,16,32,,,,,2.71,1.65,2.15*07
268508,$GPGSV,3,1,11,03,23,304,43,10,11,177,,16,37,225,19,25,15,041,28*7B
268580,$GPGSV,3,2,11,26,65,253,29,27,02,193,,28,50,022,40,29,28,075,17*72
268652,$GPGSV,3,3,11,31,50,333,43,32,63,116,28,42,52,139,30*4B
268782,$GPGLL,2601.83331,N,11911.58330,E,132830.00,A,A*69
269180,$GPRMC,132831.00,A,2601.83334,N,11911.58335,E,0.190,,290626,,,A*70
269339,$GPVTG,,T,,M,0.190,N,0.351,K,A*2C
269374,$GPGGA,132831.00,2601.83334,N,11911.58335,E,1,08,1.65,19.8,M,10.0,M,,*66
269455,$GPGSA,A,3,03,31,26,25,29,28,16,32,,,,,2.71,1.65,2.15*07
269596,$GPGSV,3,1,11,03,23,304,43,10,11,177,,16,37,225,19,25,15,041,28*7B
269602,$GPGSV,3,2,11,26,65,253,29,27,02,193,,28,50,022,40,29,28,075,17*72
269655,$GPGSV,3,3,11,31,50,333,43,32,63,116,28,42,52,139,30*4B
269713,$GPGLL,2601.83334,N,11911.58335,E,132831.00,A,A*68
270260,$GPRMC,132832.00,A,2601.83333,N,11911.58341,E,0.039,,290626,,,A*75
270364,$GPVTG,,T,,M,0.039,N,0.072,K,A*2C
270370,$GPGGA,132832.00,2601.83333,N,11911.58341,E,1,08,1.65,19.6,M,10.0,M,,*6F
270449,$GPGSA,A,3,03,31,26,25,29,28,16,32,,,,,2.71,1.65,2.15*07
270509,$GPGSV,3,1,11,03,23,304,43,10,11,177,,16,37,225,19,25,15,041,28*7B
270581,$GPGSV,3,2,11,26,65,253,28,27,02,193,,28,50,022,40,29,28,075,16*72
270686,$GPGSV,3,3,11,31,50,333,43,32,63,116,27,42,52,139,30*44
270709,$GPGLL,2601.83333,N,11911.58341,E,132832.00,A,A*6F
# status,271 s,nmea,2168,fix,542,utc,132832.00,mode,2
271260,$GPRMC,132833.00,A,2601.83336,N,11911.58344,E,0.092,,290626,,,A*75
271377,$GPVTG,,T,,M,0.092,N,0.170,K,A*2E
271383,$GPGGA,132833.00,2601.83336,N,11911.58344,E,1,08,1.65,19.3,M,10.0,M,,*6B
271489,$GPGSA,A,3,03,31,26,25,29,28,16,32,,,,,2.71,1.65,2.15*07
271508,$GPGSV,3,1,11,03,23,304,43,10,11,177,,16,37,225,19,25,15,041,28*7B
271581,$GPGSV,3,2,11,26,65,253,29,27,02,193,,28,50,022,40,29,28,075,15*70
271650,$GPGSV,3,3,11,31,50,333,43,32,63,116,27,42,52,139,30*44
271712,$GPGLL,2601.83336,N,11911.58344,E,132833.00,A,A*6E
272210,$GPRMC,132834.00,A,2601.83338,N,11911.58349,E,0.183,,290626,,,A*70
272334,$GPVTG,,T,,M,0.183,N,0.339,K,A*20
272369,$GPGGA,132834.00,2601.83338,N,11911.58349,E,1,08,1.65,19.1,M,10.0,M,,*6D
272448,$GPGSA,A,3,03,31,26,25,29,28,16,32,,,,,2.71,1.65,2.15*07
272509,$GPGSV,3,1,11,03,23,304,43,10,11,177,,16,37,225,19,25,15,041,28*7B
272625,$GPGSV,3,2,11,26,65,253,29,27,02,193,,28,50,022,40,29,28,075,13*76
272649,$GPGSV,3,3,11,31,50,333,43,32,63,116,26,42,52,139,30*45
272709,$GPGLL,2601.83338,N,11911.58349,E,132834.00,A,A*6A
273260,$GPRMC,132835.00,A,2601.83336,N,11911.58354,E,0.362,,290626,,,A*7E
273339,$GPVTG,,T,,M,0.362,N,0.670,K,A*25
273427,$GPGGA,132835.00,2601.83336,N,11911.58354,E,1,08,1.65,18.8,M,10.0,M,,*66
273451,$GPGSA,A,3,03,31,26,25,29,28,16,32,,,,,2.71,1.65,2.15*07
273510,$GPGSV,3,1,11,03,23,304,42,10,11,177,,16,37,225,19,25,15,041,28*7A
273582,$GPGSV,3,2,11,26,65,253,28,27,02,193,,28,50,022,40,29,28,075,11*75
273655,$GPGSV,3,3,11,31,50,333,43,32,63,116,26,42,52,139,30*45
273771,$GPGLL,2601.83336,N,11911.58354,E,132835.00,A,A*69
274170,$GPRMC,132836.00,A,2601.83331,N,11911.58364,E,0.474,,290626,,,A*79
274335,$GPVTG,,T,,M,0.474,N,0.879,K,A*22
274370,$GPGGA,132836.00,2601.83331,N,11911.58364,E,1,08,1.65,18.4,M,10.0,M,,*6D
274451,$GPGSA,A,3,03,31,26,25,29,28,16,32,,,,,2.71,1.65,2.15*07
274563,$GPGSV,3,1,11,03,23,304,42,10,11,177,,16,37,225,18,25,15,041,28*7B
274580,$GPGSV,3,2,11,26,65,253,28,27,02,193,,28,50,022,40,29,28,075,11*75
274651,$GPGSV,3,3,11,31,50,333,43,32,63,116,26,42,52,139,30*45
274708,$GPGLL,2601.83331,N,11911.58364,E,132836.00,A,A*6E
275260,$GPRMC,132837.00,A,2601.83324,N,11911.58371,E,0.529,,290626,,,A*71
275425,$GPVTG,,T,,M,0.529,N,0.979,K,A*2A
275429,$GPGGA,132837.00,2601.83324,N,11911.58371,E,1,07,1.25,18.0,M,10.0,M,,*63
275448,$GPGSA,A,3,03,31,26,25,28,16,32,,,,,,2.21,1.25,1.82*00
275506,$GPGSV,3,1,11,03,23,304,42,10,11,177,,16,37,225,20,25,15,041,28*70
275578,$GPGSV,3,2,11,26,65,253,28,27,02,193,,28,50,022,40,29,28,075,09*7C
275719,$GPGSV,3,3,11,31,50,333,43,32,63,116,25,42,52,139,30*46
275723,$GPGLL,2601.83324,N,11911.58371,E,132837.00,A,A*6F
276160,$GPRMC,132838.00,A,2601.83335,N,11911.58374,E,0.185,,290626,,,A*79
276330,$GPVTG,,T,,M,0.185,N,0.342,K,A*2A
276370,$GPGGA,132838.00,2601.83335,N,11911.58374,E,1,07,1.25,17.8,M,10.0,M,,*6E
276521,$GPGSA,A,3,03,31,26,25,28,16,32,,,,,,2.21,1.25,1.82*00
276527,$GPGSV,3,1,11,03,23,304,42,10,11,177,,16,37,225,19,25,14,041,28*7B
276574,$GPGSV,3,2,11,26,65,253,28,27,02,193,,28,50,022,40,29,28,075,08*7D
276645,$GPGSV,3,3,11,31,50,333,43,32,63,116,25,42,52,139,30*46
276706,$GPGLL,2601.83335,N,11911.58374,E,132838.00,A,A*65
277230,$GPRMC,132839.00,A,2601.83336,N,11911.58377,E,0.423,,290626,,,A*71
277331,$GPVTG,,T,,M,0.423,N,0.784,K,A*2D
277368,$GPGGA,132839.00,2601.83336,N,11911.58377,E,1,07,1.25,17.5,M,10.0,M,,*62
277445,$GPGSA,A,3,03,31,26,25,28,16,32,,,,,,2.21,1.25,1.82*00
277506,$GPGSV,3,1,11,03,23,304,42,10,11,177,,16,37,225,19,25,14,041,28*7B
277658,$GPGSV,3,2,11,26,65,255,28,27,02,193,,28,50,022,40,29,28,075,08*7B
277706,$GPGSV,3,3,11,31,50,333,43,32,63,116,25,42,52,139,30*46
277714,$GPGLL,2601.83336,N,11911.58377,E,132839.00,A,A*64
278250,$GPRMC,132840.00,A,2601.83331,N,11911.58377,E,0.465,,290626,,,A*7A
278334,$GPVTG,,T,,M,0.465,N,0.862,K,A*28
278404,$GPGGA,132840.00,2601.83331,N,11911.58377,E,1,07,1.25,17.3,M,10.0,M,,*6D
278446,$GPGSA,A,3,03,31,26,25,28,16,32,,,,,,2.21,1.25,1.82*00
278503,$GPGSV,3,1,11,03,23,304,42,10,11,177,,16,37,225,20,25,14,041,28*71
278577,$GPGSV,3,2,11,26,65,255,28,27,02,193,,28,50,022,40,29,28,075,08*7B
278647,$GPGSV,3,3,11,31,50,333,43,32,63,116,24,42,52,139,30*47
278748,$GPGLL,2601.83331,N,11911.58377,E,132840.00,A,A*6D
279250,$GPRMC,132841.00,A,2601.83318,N,11911.58380,E,0.394,,290626,,,A*71
279333,$GPVTG,,T,,M,0.394,N,0.729,K,A*21
279368,$GPGGA,132841.00,2601.83318,N,11911.58380,E,1,07,1.25,17.0,M,10.0,M,,*6C
279449,$GPGSA,A,3,03,31,26,25,28,16,32,,,,,,2.21,1.25,1.82*00
279550,$GPGSV,3,1,11,03,23,304,42,10,11,177,,16,37,225,20,25,14,041,28*71
279576,$GPGSV,3,2,11,26,65,255,27,27,02,193,,28,50,022,40,29,28,075,08*74
279646,$GPGSV,3,3,11,31,50,333,43,32,63,116,24,42,52,139,30*47
279706,$GPGLL,2601.83318,N,11911.58380,E,132841.00,A,A*6F
280160,$GPRMC,132842.00,A,2601.83314,N,11911.58382,E,0.252,,290626,,,A*77
280383,$GPVTG,,T,,M,0.252,N,0.467,K,A*23
280386,$GPGGA,132842.00,2601.83314,N,11911.58382,E,1,07,1.25,16.8,M,10.0,M,,*68
280446,$GPGSA,A,3,03,31,26,25,28,16,32,,,,,,2.21,1.25,1.82*00
280503,$GPGSV,3,1,11,03,23,304,41,10,11,177,,16,37,225,20,25,14,041,28*72
280577,$GPGSV,3,2,11,26,65,255,27,27,02,193,,28,50,022,40,29,28,074,08*75
280697,$GPGSV,3,3,11,31,50,333,43,32,63,116,23,42,52,139,30*40
280714,$GPGLL,2601.83314,N,11911.58382,E,132842.00,A,A*62
# status,281 s,nmea,2248,fix,562,utc,132842.00,mode,2
281254,$GPRMC,132843.00,A,2601.83309,N,11911.58386,E,0.556,,290626,,,A*7D
281388,$GPVTG,,T,,M,0.556,N,1.030,K,A*27
281402,$GPGGA,132843.00,2601.83309,N,11911.58386,E,1,07,1.25,16.6,M,10.0,M,,*6F
281500,$GPGSA,A,3,03,31,26,25,28,16,32,,,,,,2.21,1.25,1.82*00
281513,$GPGSV,3,1,11,03,23,304,41,10,11,177,,16,37,225,21,25,14,041,28*73
281577,$GPGSV,3,2,11,26,65,255,27,27,02,193,,28,50,022,40,29,28,074,08*75
281649,$GPGSV,3,3,11,31,50,333,43,32,63,116,22,42,52,139,30*41
281709,$GPGLL,2601.83309,N,11911.58386,E,132843.00,A,A*6B
282220,$GPRMC,132844.00,A,2601.83315,N,11911.58389,E,0.378,,290626,,,A*72
282332,$GPVTG,,T,,M,0.378,N,0.699,K,A*29
282369,$GPGGA,132844.00,2601.83315,N,11911.58389,E,1,08,1.25,16.3,M,10.0,M,,*60
282446,$GPGSA,A,3,03,31,26,25,29,28,16,32,,,,,2.21,1.25,1.82*0B
282509,$GPGSV,3,1,11,03,23,304,41,10,11,177,,16,37,225,21,25,14,041,28*73
282645,$GPGSV,3,2,11,26,65,255,27,27,02,193,,28,50,022,40,29,28,074,08*75
282651,$GPGSV,3,3,11,31,50,333,43,32,63,116,21,42,52,139,30*42
282708,$GPGLL,2601.83315,N,11911.58389,E,132844.00,A,A*6E
283260,$GPRMC,132845.00,A,2601.83329,N,11911.58390,E,0.111,,290626,,,A*79
283336,$GPVTG,,T,,M,0.111,N,0.206,K,A*26
283449,$GPGGA,132845.00,2601.83329,N,11911.58390,E,1,08,1.25,16.1,M,10.0,M,,*64
283455,$GPGSA,A,3,03,31,26,25,29,28,16,32,,,,,2.21,1.25,1.82*0B
283508,$GPGSV,3,1,11,03,23,304,41,10,11,177,,16,37,225,21,25,14,041,28*73
283580,$GPGSV,3,2,11,26,65,255,27,27,02,193,,28,50,022,40,29,28,074,08*75
283652,$GPGSV,3,3,11,31,50,333,43,32,62,117,21,42,52,139,30*42
283781,$GPGLL,2601.83329,N,11911.58390,E,132845.00,A,A*68
284180,$GPRMC,132846.00,A,2601.83310,N,11911.58395,E,0.181,,290626,,,A*7C
284333,$GPVTG,,T,,M,0.181,N,0.335,K,A*2E
284369,$GPGGA,132846.00,2601.83310,N,11911.58395,E,1,08,1.65,15.9,M,10.0,M,,*67
284449,$GPGSA,A,3,03,31,26,25,29,28,16,32,,,,,2.71,1.65,2.15*07
284583,$GPGSV,3,1,11,03,23,304,41,10,11,177,,16,37,225,21,25,14,041,28*73
284589,$GPGSV,3,2,11,26,65,255,27,27,02,193,,28,50,022,40,29,28,074,08*75
284648,$GPGSV,3,3,11,31,50,333,43,32,62,117,21,42,52,139,30*42
284708,$GPGLL,2601.83310,N,11911.58395,E,132846.00,A,A*64
285260,$GPRMC,132847.00,A,2601.83308,N,11911.58396,E,0.018,,290626,,,A*76
285416,$GPVTG,,T,,M,0.018,N,0.033,K,A*2A
285420,$GPGGA,132847.00,2601.83308,N,11911.58396,E,1,08,1.65,15.6,M,10.0,M,,*63
285482,$GPGSA,A,3,03,31,26,25,29,28,16,32,,,,,2.71,1.65,2.15*07
285507,$GPGSV,3,1,11,03,23,304,40,10,11,177,,16,37,225,21,25,14,041,28*72
285581,$GPGSV,3,2,11,26,65,255,27,27,02,193,,28,50,022,40,29,28,074,08*75
285684,$GPGSV,3,3,11,31,50,333,43,32,62,117,21,42,52,139,30*42
285709,$GPGLL,2601.83308,N,11911.58396,E,132847.00,A,A*6F
286160,$GPRMC,132848.00,A,2601.83301,N,11911.58399,E,0.259,,290626,,,A*78
286333,$GPVTG,,T,,M,0.259,N,0.480,K,A*21
286371,$GPGGA,132848.00,2601.83301,N,11911.58399,E,1,08,1.65,15.4,M,10.0,M,,*68
286487,$GPGSA,A,3,03,31,26,25,29,28,16,32,,,,,2.71,1.65,2.15*07
286506,$GPGSV,3,1,11,03,23,304,40,10,11,177,,16,37,225,21,25,14,041,27*7D
286578,$GPGSV,3,2,11,26,65,255,27,27,02,193,,28,50,022,40,29,28,074,08*75
286649,$GPGSV,3,3,11,31,50,333,43,32,62,117,21,42,52,139,30*42
286709,$GPGLL,2601.83301,N,11911.58399,E,132848.00,A,A*66
287190,$GPRMC,132849.00,A,2601.83300,N,11911.58402,E,0.196,,290626,,,A*7D
287332,$GPVTG,,T,,M,0.196,N,0.363,K,A*2B
287369,$GPGGA,132849.00,2601.83300,N,11911.58402,E,1,08,1.65,15.2,M,10.0,M,,*6B
287447,$GPGSA,A,3,03,31,26,25,29,28,16,32,,,,,2.71,1.65,2.15*07
287509,$GPGSV,3,1,11,03,23,304,40,10,11,177,,16,37,225,21,25,14,041,27*7D
287623,$GPGSV,3,2,11,26,65,255,27,27,02,193,,28,50,022,40,29,28,074,08*75
287651,$GPGSV,3,3,11,31,50,333,43,32,62,117,20,42,52,139,30*43
287707,$GPGLL,2601.83300,N,11911.58402,E,132849.00,A,A*63
288260,$GPRMC,132850.00,A,2601.83291,N,11911.58408,E,0.123,,290626,,,A*78
288335,$GPVTG,,T,,M,0.123,N,0.227,K,A*24
288425,$GPGGA,132850.00,2601.83291,N,11911.58408,E,1,08,1.65,14.9,M,10.0,M,,*6A
288447,$GPGSA,A,3,03,31,26,25,29,28,16,32,,,,,2.71,1.65,2.15*07
288508,$GPGSV,3,1,11,03,23,304,40,10,11,177,,16,37,225,22,25,14,041,27*7E
288578,$GPGSV,3,2,11,26,65,255,27,27,02,193,,28,50,022,39,29,28,074,13*71
288651,$GPGSV,3,3,11,31,50,333,43,32,62,117,20,42,52,139,30*43
288759,$GPGLL,2601.83291,N,11911.58408,E,132850.00,A,A*68
289170,$GPRMC,132851.00,A,2601.83295,N,11911.58411,E,0.092,,290626,,,A*7E
289333,$GPVTG,,T,,M,0.092,N,0.170,K,A*2E
289371,$GPGGA,132851.00,2601.83295,N,11911.58411,E,1,08,1.13,14.7,M,10.0,M,,*68
289450,$GPGSA,A,3,03,31,26,25,29,28,16,32,,,,,2.08,1.13,1.74*0C
289561,$GPGSV,3,1,11,03,23,304,40,10,11,177,,16,37,225,21,25,14,041,27*7D
289579,$GPGSV,3,2,11,26,65,255,26,27,02,193,,28,50,022,39,29,28,074,13*70
289651,$GPGSV,3,3,11,31,50,333,43,32,62,117,20,42,52,139,30*43
289708,$GPGLL,2601.83295,N,11911.58411,E,132851.00,A,A*65
290260,$GPRMC,132852.00,A,2601.83283,N,11911.58419,E,0.404,,290626,,,A*79
290403,$GPVTG,,T,,M,0.404,N,0.748,K,A*28
290407,$GPGGA,132852.00,2601.83283,N,11911.58419,E,1,08,1.13,14.4,M,10.0,M,,*67
290447,$GPGSA,A,3,03,31,26,25,29,28,16,32,,,,,2.08,1.13,1.74*0C
290508,$GPGSV,3,1,11,03,23,304,40,10,11,177,,16,37,225,21,25,14,041,27*7D
290580,$GPGSV,3,2,11,26,65,255,26,27,02,193,,28,50,022,39,29,28,074,13*70
290717,$GPGSV,3,3,11,31,50,333,43,32,62,117,20,42,52,139,30*43
290723,$GPGLL,2601.83283,N,11911.58419,E,132852.00,A,A*69
# status,291 s,nmea,2328,fix,582,utc,132852.00,mode,2
291263,$GPRMC,132853.00,A,2601.83275,N,11911.58424,E,0.411,,290626,,,A*7B
291409,$GPVTG,,T,,M,0.411,N,0.762,K,A*24
291414,$GPGGA,132853.00,2601.83275,N,11911.58424,E,1,08,1.13,14.2,M,10.0,M,,*67
291520,$GPGSA,A,3,03,31,26,25,29,28,16,32,,,,,2.08,1.13,1.74*0C
291524,$GPGSV,3,1,11,03,23,304,39,10,11,177,,16,37,225,21,25,14,041,27*73
291579,$GPGSV,3,2,11,26,65,255,26,27,02,193,,28,50,022,39,29,28,074,13*70
291650,$GPGSV,3,3,11,31,50,333,43,32,62,117,19,42,52,139,30*49
291710,$GPGLL,2601.83275,N,11911.58424,E,132853.00,A,A*6F
292240,$GPRMC,132854.00,A,2601.83282,N,11911.58428,E,0.095,,290626,,,A*70
292333,$GPVTG,,T,,M,0.095,N,0.177,K,A*2E
292369,$GPGGA,132854.00,2601.83282,N,11911.58428,E,1,08,1.13,13.9,M,10.0,M,,*68
292450,$GPGSA,A,3,03,31,26,25,29,28,16,32,,,,,2.08,1.13,1.74*0C
292510,$GPGSV,3,1,11,03,23,304,39,10,11,177,,16,37,225,22,25,14,041,27*70
292656,$GPGSV,3,2,11,26,65,255,26,27,02,193,,28,50,022,39,29,28,074,13*70
292662,$GPGSV,3,3,11,31,50,333,43,32,62,117,19,42,52,139,30*49
292708,$GPGLL,2601.83282,N,11911.58428,E,132854.00,A,A*6C
293190,$GPRMC,132855.00,A,2601.83282,N,11911.58432,E,0.347,,290626,,,A*76
293336,$GPVTG,,T,,M,0.347,N,0.642,K,A*23
293413,$GPGGA,132855.00,2601.83282,N,11911.58432,E,1,08,1.13,13.7,M,10.0,M,,*6C
293448,$GPGSA,A,3,03,31,26,25,29,28,16,32,,,,,2.08,1.13,1.74*0C
293509,$GPGSV,3,1,11,03,23,304,39,10,11,177,,16,37,225,21,25,14,041,27*73
293579,$GPGSV,3,2,11,26,65,255,26,27,02,193,,28,50,022,39,29,28,074,13*70
293652,$GPGSV,3,3,11,31,50,333,43,32,62,117,20,42,52,139,30*43
293756,$GPGLL,2601.83282,N,11911.58432,E,132855.00,A,A*66
294260,$GPRMC,132856.00,A,2601.83281,N,11911.58436,E,0.830,,290626,,,A*79
294333,$GPVTG,,T,,M,0.830,N,1.537,K,A*28
294371,$GPGGA,132856.00,2601.83281,N,11911.58436,E,1,08,1.13,13.4,M,10.0,M,,*6B
294450,$GPGSA,A,3,03,31,26,25,29,28,16,32,,,,,2.08,1.13,1.74*0C
294549,$GPGSV,3,1,11,03,23,304,39,10,11,177,,16,37,225,21,25,14,041,26*72
294579,$GPGSV,3,2,11,26,65,255,26,27,02,193,,28,50,022,39,29,28,074,16*75
294650,$GPGSV,3,3,11,31,50,333,43,32,62,117,20,42,52,139,30*43
294709,$GPGLL,2601.83281,N,11911.58436,E,132856.00,A,A*62
295260,$GPRMC,132857.00,A,2601.83275,N,11911.58439,E,0.892,,290626,,,A*74
295382,$GPVTG,,T,,M,0.892,N,1.651,K,A*23
295385,$GPGGA,132857.00,2601.83275,N,11911.58439,E,1,08,1.13,13.1,M,10.0,M,,*6B
295449,$GPGSA,A,3,03,31,26,25,29,28,16,32,,,,,2.08,1.13,1.74*0C
295508,$GPGSV,3,1,11,03,23,304,39,10,11,177,,16,37,225,21,25,14,041,26*72
295582,$GPGSV,3,2,11,26,65,255,26,27,02,193,,28,50,022,38,29,28,074,12*70
295695,$GPGSV,3,3,11,31,50,333,43,32,62,117,21,42,52,139,30*42
295710,$GPGLL,2601.83275,N,11911.58439,E,132857.00,A,A*67
296160,$GPRMC,132858.00,A,2601.83275,N,11911.58441,E,1.017,,290626,,,A*70
296333,$GPVTG,,T,,M,1.017,N,1.883,K,A*26
296371,$GPGGA,132858.00,2601.83275,N,11911.58441,E,1,08,1.13,12.7,M,10.0,M,,*6C
296498,$GPGSA,A,3,03,31,26,25,29,28,16,32,,,,,2.08,1.13,1.74*0C
296506,$GPGSV,3,1,11,03,23,304,39,10,11,177,,16,37,225,21,25,14,041,26*72
296579,$GPGSV,3,2,11,26,65,255,25,27,02,193,,28,50,022,38,29,28,074,18*79
296648,$GPGSV,3,3,11,31,50,333,43,32,62,117,21,42,52,139,30*42
296712,$GPGLL,2601.83275,N,11911.58441,E,132858.00,A,A*67
297220,$GPRMC,132859.00,A,2601.83268,N,11911.58442,E,1.325,353.07,290626,,,A*60
297344,$GPVTG,353.07,T,,M,1.325,N,2.454,K,A*3D
297386,$GPGGA,132859.00,2601.83268,N,11911.58442,E,1,08,1.13,12.5,M,10.0,M,,*60
297464,$GPGSA,A,3,03,31,26,25,29,28,16,32,,,,,2.08,1.13,1.74*0C
297526,$GPGSV,3,1,11,03,23,304,38,10,11,177,,16,37,225,21,25,14,041,26*73
297664,$GPGSV,3,2,11,26,65,255,26,27,02,193,,28,50,022,38,29,28,074,21*70
297670,$GPGSV,3,3,11,31,50,333,43,32,62,117,22,42,52,139,30*41
297724,$GPGLL,2601.83268,N,11911.58442,E,132859.00,A,A*69
298170,$GPRMC,132900.00,A,2601.83268,N,11911.58448,E,1.726,352.22,290626,,,A*66
298346,$GPVTG,352.22,T,,M,1.726,N,3.196,K,A*36
298455,$GPGGA,132900.00,2601.83268,N,11911.58448,E,1,08,1.13,12.2,M,10.0,M,,*60
298464,$GPGSA,A,3,03,31,26,25,29,28,16,32,,,,,2.08,1.13,1.74*0C
298524,$GPGSV,3,1,11,03,23,304,38,10,11,177,,16,37,225,21,25,14,041,26*73
298595,$GPGSV,3,2,11,26,65,255,26,27,02,193,,28,50,022,38,29,28,074,21*70
298668,$GPGSV,3,3,11,31,50,333,43,32,62,117,22,42,52,139,30*41
298799,$GPGLL,2601.83268,N,11911.58448,E,132900.00,A,A*6E
299200,$GPRMC,132901.00,A,2601.83258,N,11911.58453,E,1.374,350.41,290626,,,A*6A
299339,$GPVTG,350.41,T,,M,1.374,N,2.545,K,A*39
299383,$GPGGA,132901.00,2601.83258,N,11911.58453,E,1,08,1.13,11.9,M,10.0,M,,*60
299462,$GPGSA,A,3,03,31,26,25,29,28,16,32,,,,,2.08,1.13,1.74*0C
299602,$GPGSV,3,1,11,03,23,304,38,10,11,177,,16,37,225,21,25,14,041,25*70
299607,$GPGSV,3,2,11,26,65,255,26,27,02,193,,28,50,022,38,29,28,074,22*73
299663,$GPGSV,3,3,11,31,50,333,43,32,62,117,22,42,52,139,30*41
299721,$GPGLL,2601.83258,N,11911.58453,E,132901.00,A,A*66
300170,$GPRMC,132902.00,A,2601.83251,N,11911.58457,E,1.314,349.42,290626,,,A*69
300425,$GPVTG,349.42,T,,M,1.314,N,2.433,K,A*34
300429,$GPGGA,132902.00,2601.83251,N,11911.58457,E,1,08,1.13,11.6,M,10.0,M,,*61
300460,$GPGSA,A,3,03,31,26,25,29,28,16,32,,,,,2.08,1.13,1.74*0C
300519,$GPGSV,3,1,11,03,23,304,38,10,11,177,,16,37,225,21,25,14,041,25*70
300632,$GPGSV,3,2,11,26,65,255,26,27,02,193,,28,50,022,38,29,28,074,22*73
300694,$GPGSV,3,3,11,31,50,333,43,32,62,117,22,42,52,139,30*41
300721,$GPGLL,2601.83251,N,11911.58457,E,132902.00,A,A*68
301170,$GPRMC,132903.00,A,2601.83240,N,11911.58460,E,1.310,348.18,290626,,,A*66
# status,301 s,nmea,2409,fix,603,utc,132903.00,mode,2
301491,$GPVTG,348.18,T,,M,1.310,N,2.427,K,A*3B
301537,$GPGGA,132903.00,2601.83240,N,11911.58460,E,1,08,1.13,11.4,M,10.0,M,,*66
301586,$GPGSA,A,3,03,31,26,25,29,28,16,32,,,,,2.08,1.13,1.74*0C
301593,$GPGSV,3,1,11,03,23,304,38,10,11,177,,16,37,225,21,25,14,041,25*70
301597,$GPGSV,3,2,11,26,65,255,26,27,02,193,,28,50,022,38,29,28,074,22*73
301664,$GPGSV,3,3,11,31,50,333,43,32,62,117,23,42,52,139,30*40
301724,$GPGLL,2601.83240,N,11911.58460,E,132903.00,A,A*6D
302210,$GPRMC,132904.00,A,2601.83210,N,11911.58465,E,1.005,,290626,,,A*7E
302334,$GPVTG,,T,,M,1.005,N,1.861,K,A*29
302371,$GPGGA,132904.00,2601.83210,N,11911.58465,E,1,08,1.13,11.2,M,10.0,M,,*67
302448,$GPGSA,A,3,03,31,26,25,29,28,16,32,,,,,2.08,1.13,1.74*0C
302511,$GPGSV,3,1,11,03,23,304,37,10,11,177,,16,37,225,20,25,14,041,24*7F
302632,$GPGSV,3,2,11,26,65,255,26,27,02,193,,28,50,022,38,29,28,074,22*73
302651,$GPGSV,3,3,11,31,50,333,43,32,62,117,23,42,52,139,30*40
302709,$GPGLL,2601.83210,N,11911.58465,E,132904.00,A,A*6A
303260,$GPRMC,132905.00,A,2601.83192,N,11911.58473,E,0.878,,290626,,,A*72
303336,$GPVTG,,T,,M,0.878,N,1.625,K,A*24
303424,$GPGGA,132905.00,2601.83192,N,11911.58473,E,1,08,1.13,10.8,M,10.0,M,,*63
303448,$GPGSA,A,3,03,31,26,25,29,28,16,32,,,,,2.08,1.13,1.74*0C
303509,$GPGSV,3,1,11,03,23,304,37,10,11,177,,16,37,225,21,25,14,041,24*7E
303580,$GPGSV,3,2,11,26,65,255,25,27,02,193,,28,50,022,39,29,28,074,22*71
303652,$GPGSV,3,3,11,31,50,333,43,32,62,117,24,42,52,139,30*47
303758,$GPGLL,2601.83192,N,11911.58473,E,132905.00,A,A*65
304260,$GPRMC,132906.00,A,2601.83184,N,11911.58480,E,0.726,,290626,,,A*7E
304334,$GPVTG,,T,,M,0.726,N,1.345,K,A*23
304370,$GPGGA,132906.00,2601.83184,N,11911.58480,E,1,08,1.13,10.5,M,10.0,M,,*66
304450,$GPGSA,A,3,03,31,26,25,29,28,16,32,,,,,2.08,1.13,1.74*0C
304560,$GPGSV,3,1,11,03,23,304,37,10,11,177,,16,37,225,20,25,14,041,23*78
304580,$GPGSV,3,2,11,26,65,255,25,27,02,193,,28,50,022,39,29,28,074,23*70
304649,$GPGSV,3,3,11,31,50,333,43,32,62,117,24,42,52,139,30*47
304709,$GPGLL,2601.83184,N,11911.58480,E,132906.00,A,A*6D
305260,$GPRMC,132907.00,A,2601.83179,N,11911.58482,E,0.694,,290626,,,A*77
305403,$GPVTG,,T,,M,0.694,N,1.285,K,A*26
305406,$GPGGA,132907.00,2601.83179,N,11911.58482,E,1,08,1.13,10.3,M,10.0,M,,*61
305449,$GPGSA,A,3,03,31,26,25,29,28,16,32,,,,,2.08,1.13,1.74*0C
305508,$GPGSV,3,1,11,03,23,304,37,10,11,177,,16,37,225,20,25,14,041,23*78
305582,$GPGSV,3,2,11,26,65,255,25,27,02,193,,28,50,022,39,29,28,074,23*70
305726,$GPGSV,3,3,11,31,50,333,43,32,62,117,24,42,52,139,30*47
305733,$GPGLL,2601.83179,N,11911.58482,E,132907.00,A,A*6C
306260,$GPRMC,132908.00,A,2601.83171,N,11911.58481,E,0.720,,290626,,,A*7D
306334,$GPVTG,,T,,M,0.720,N,1.334,K,A*23
306371,$GPGGA,132908.00,2601.83171,N,11911.58481,E,1,08,1.13,10.1,M,10.0,M,,*67
306529,$GPGSA,A,3,03,31,26,25,29,28,16,32,,,,,2.08,1.13,1.74*0C
306533,$GPGSV,3,1,11,03,23,304,37,10,11,177,,16,37,225,20,25,14,041,22*79
306579,$GPGSV,3,2,11,26,65,255,25,27,02,193,,28,50,022,39,29,28,074,23*70
306649,$GPGSV,3,3,11,31,50,333,43,32,62,117,24,42,52,139,30*47
306711,$GPGLL,2601.83171,N,11911.58481,E,132908.00,A,A*68
307240,$GPRMC,132909.00,A,2601.83161,N,11911.58487,E,0.651,,290626,,,A*7C
307332,$GPVTG,,T,,M,0.651,N,1.206,K,A*24
307367,$GPGGA,132909.00,2601.83161,N,11911.58487,E,1,07,1.17,9.7,M,10.0,M,,*54
307445,$GPGSA,A,3,03,31,26,29,28,16,32,,,,,,2.41,1.17,2.11*02
307504,$GPGSV,3,1,11,03,23,304,37,10,11,177,,16,37,225,21,25,14,041,*78
307655,$GPGSV,3,2,11,26,65,255,25,27,02,193,,28,50,022,39,29,28,074,23*70
307661,$GPGSV,3,3,11,31,50,333,43,32,62,117,25,42,52,139,30*46
307701,$GPGLL,2601.83161,N,11911.58487,E,132909.00,A,A*6E
308250,$GPRMC,132910.00,A,2601.83152,N,11911.58486,E,0.352,,290626,,,A*73
308332,$GPVTG,,T,,M,0.352,N,0.653,K,A*27
308447,$GPGGA,132910.00,2601.83152,N,11911.58486,E,1,07,1.17,9.4,M,10.0,M,,*5E
308483,$GPGSA,A,3,03,31,26,29,28,16,32,,,,,,2.41,1.17,2.11*02
308502,$GPGSV,3,1,11,03,23,304,37,10,11,177,,16,37,225,21,25,14,041,*78
308570,$GPGSV,3,2,11,26,65,255,25,27,02,193,,28,50,022,39,29,28,074,23*70
308644,$GPGSV,3,3,11,31,50,333,43,32,62,117,25,42,52,139,30*46
308745,$GPGLL,2601.83152,N,11911.58486,E,132910.00,A,A*67
309250,$GPRMC,132911.00,A,2601.83139,N,11911.58490,E,0.115,,290626,,,A*79
309330,$GPVTG,,T,,M,0.115,N,0.214,K,A*21
309368,$GPGGA,132911.00,2601.83139,N,11911.58490,E,1,07,1.17,8.9,M,10.0,M,,*59
309445,$GPGSA,A,3,03,31,26,29,28,16,32,,,,,,2.41,1.17,2.11*02
309548,$GPGSV,3,1,11,03,23,304,36,10,11,177,,16,37,225,22,25,14,041,*7A
309571,$GPGSV,3,2,11,26,65,255,26,27,02,193,,28,50,022,39,29,28,074,23*73
309642,$GPGSV,3,3,11,31,50,333,43,32,62,117,25,42,52,139,30*46
309700,$GPGLL,2601.83139,N,11911.58490,E,132911.00,A,A*6C
310250,$GPRMC,132912.00,A,2601.83128,N,11911.58491,E,0.164,,290626,,,A*7D
310380,$GPVTG,,T,,M,0.164,N,0.304,K,A*27
310384,$GPGGA,132912.00,2601.83128,N,11911.58491,E,1,08,1.17,8.6,M,10.0,M,,*5B
310445,$GPGSA,A,3,03,31,26,25,29,28,16,32,,,,,2.41,1.17,2.11*05
310506,$GPGSV,3,1,11,03,23,304,36,10,11,177,,16,37,225,22,25,14,041,22*7A
310580,$GPGSV,3,2,11,26,65,255,25,27,02,193,,28,50,022,39,29,28,074,24*77
310694,$GPGSV,3,3,11,31,50,333,43,32,62,117,25,42,52,139,30*46
310706,$GPGLL,2601.83128,N,11911.58491,E,132912.00,A,A*6E
311160,$GPRMC,132913.00,A,2601.83106,N,11911.58491,E,0.266,,290626,,,A*71
311333,$GPVTG,,T,,M,0.266,N,0.492,K,A*2E
# status,311 s,nmea,2490,fix,623,utc,132913.00,mode,2
311426,$GPGGA,132913.00,2601.83106,N,11911.58491,E,1,08,1.17,8.3,M,10.0,M,,*53
311497,$GPGSA,A,3,03,31,26,25,29,28,16,32,,,,,2.41,1.17,2.11*05
311505,$GPGSV,3,1,11,03,23,304,36,10,11,177,,16,37,225,21,25,14,041,23*78
311577,$GPGSV,3,2,11,26,65,255,25,27,02,193,,28,50,022,39,29,28,074,24*77
311648,$GPGSV,3,3,11,31,50,333,43,32,62,117,26,42,52,139,30*45
311708,$GPGLL,2601.83106,N,11911.58491,E,132913.00,A,A*63
312210,$GPRMC,132914.00,A,2601.83099,N,11911.58491,E,0.070,,290626,,,A*74
312332,$GPVTG,,T,,M,0.070,N,0.130,K,A*26
312367,$GPGGA,132914.00,2601.83099,N,11911.58491,E,1,08,1.17,7.8,M,10.0,M,,*57
312445,$GPGSA,A,3,03,31,26,25,29,28,16,32,,,,,2.41,1.17,2.11*05
312506,$GPGSV,3,1,11,03,23,304,37,10,11,177,,16,37,225,22,25,14,041,23*7A
312633,$GPGSV,3,2,11,26,65,255,25,27,02,193,,28,50,022,40,29,28,074,24*79
312647,$GPGSV,3,3,11,31,50,333,43,32,62,117,25,42,52,139,30*46
312705,$GPGLL,2601.83099,N,11911.58491,E,132914.00,A,A*63
313250,$GPRMC,132915.00,A,2601.83096,N,11911.58489,E,0.102,,290626,,,A*77
313333,$GPVTG,,T,,M,0.102,N,0.189,K,A*20
313444,$GPGGA,132915.00,2601.83096,N,11911.58489,E,1,07,1.17,7.5,M,10.0,M,,*52
313450,$GPGSA,A,3,03,31,26,29,28,16,32,,,,,,2.41,1.17,2.11*02
313503,$GPGSV,3,1,11,03,23,304,37,10,11,177,,16,37,225,22,25,14,041,*7B
313571,$GPGSV,3,2,11,26,65,255,25,27,02,193,,28,50,022,39,29,28,074,25*76
313644,$GPGSV,3,3,11,31,50,333,43,32,62,117,26,42,52,139,30*45
313778,$GPGLL,2601.83096,N,11911.58489,E,132915.00,A,A*64
314180,$GPRMC,132916.00,A,2601.83099,N,11911.58490,E,0.184,,290626,,,A*7D
314330,$GPVTG,,T,,M,0.184,N,0.341,K,A*28
314368,$GPGGA,132916.00,2601.83099,N,11911.58490,E,1,07,1.17,7.0,M,10.0,M,,*53
314446,$GPGSA,A,3,03,31,26,29,28,16,32,,,,,,2.41,1.17,2.11*02
314581,$GPGSV,3,1,11,03,23,304,37,10,11,177,,16,37,225,23,25,14,041,*7A
314586,$GPGSV,3,2,11,26,65,255,25,27,02,193,,28,50,022,39,29,28,074,25*76
314642,$GPGSV,3,3,11,31,50,333,43,32,62,117,26,42,52,139,30*45
314700,$GPGLL,2601.83099,N,11911.58490,E,132916.00,A,A*60
315250,$GPRMC,132917.00,A,2601.83100,N,11911.58491,E,0.450,,290626,,,A*70
315415,$GPVTG,,T,,M,0.450,N,0.833,K,A*2A
315419,$GPGGA,132917.00,2601.83100,N,11911.58491,E,1,07,1.17,6.5,M,10.0,M,,*56
315443,$GPGSA,A,3,03,31,26,29,28,16,32,,,,,,2.42,1.17,2.11*01
315502,$GPGSV,3,1,11,03,23,304,37,10,11,177,,16,37,225,23,25,14,041,*7A
315573,$GPGSV,3,2,11,26,65,255,25,27,02,193,,28,50,022,40,29,28,074,25*78
315727,$GPGSV,3,3,11,31,50,333,44,32,62,117,26,42,52,139,30*42
315732,$GPGLL,2601.83100,N,11911.58491,E,132917.00,A,A*61
316180,$GPRMC,132918.00,A,2601.83109,N,11911.58492,E,0.328,,290626,,,A*7D
316329,$GPVTG,,T,,M,0.328,N,0.608,K,A*24
316368,$GPGGA,132918.00,2601.83109,N,11911.58492,E,1,07,1.17,6.0,M,10.0,M,,*56
316484,$GPGSA,A,3,03,31,26,29,28,16,32,,,,,,2.42,1.17,2.11*01
316501,$GPGSV,3,1,11,03,23,304,37,10,11,177,,16,37,225,24,25,14,041,*7D
316569,$GPGSV,3,2,11,26,65,255,25,27,02,193,,28,50,022,39,29,28,074,25*76
316641,$GPGSV,3,3,11,31,50,333,44,32,62,117,26,42,52,139,30*42
316701,$GPGLL,2601.83109,N,11911.58492,E,132918.00,A,A*64
317190,$GPRMC,132919.00,A,2601.83110,N,11911.58492,E,0.028,,290626,,,A*77
317333,$GPVTG,,T,,M,0.028,N,0.051,K,A*2D
317368,$GPGGA,132919.00,2601.83110,N,11911.58492,E,1,07,1.17,5.5,M,10.0,M,,*59
317445,$GPGSA,A,3,03,31,26,29,28,16,32,,,,,,2.42,1.17,2.11*01
317506,$GPGSV,3,1,11,03,23,304,37,10,11,177,,16,37,225,24,25,14,041,*7D
317621,$GPGSV,3,2,11,26,65,255,25,27,02,193,,28,50,022,39,29,28,074,26*75
317643,$GPGSV,3,3,11,31,50,333,44,32,62,117,26,42,52,139,30*42
317703,$GPGLL,2601.83110,N,11911.58492,E,132919.00,A,A*6D
318250,$GPRMC,132920.00,A,2601.83117,N,11911.58495,E,0.059,,290626,,,A*7B
318333,$GPVTG,,T,,M,0.059,N,0.110,K,A*2F
318412,$GPGGA,132920.00,2601.83117,N,11911.58495,E,1,07,1.17,4.9,M,10.0,M,,*5E
318444,$GPGSA,A,3,03,31,26,29,28,16,32,,,,,,2.42,1.17,2.11*01
318501,$GPGSV,3,1,11,03,23,304,37,10,11,177,,16,37,225,24,25,14,041,*7D
318571,$GPGSV,3,2,11,26,65,255,25,27,02,193,,28,50,022,39,29,28,074,26*75
318643,$GPGSV,3,3,11,31,50,333,44,32,62,117,25,42,52,139,30*41
318746,$GPGLL,2601.83117,N,11911.58495,E,132920.00,A,A*67
319250,$GPRMC,132921.00,A,2601.83118,N,11911.58500,E,0.145,,290626,,,A*74
319332,$GPVTG,,T,,M,0.145,N,0.269,K,A*2E
319367,$GPGGA,132921.00,2601.83118,N,11911.58500,E,1,07,1.17,4.4,M,10.0,M,,*50
319447,$GPGSA,A,3,03,31,26,29,28,16,32,,,,,,2.42,1.17,2.11*01
319558,$GPGSV,3,1,11,03,23,304,37,10,11,177,,16,37,225,24,25,14,041,*7D
319572,$GPGSV,3,2,11,26,65,255,25,27,02,193,,28,50,022,39,29,28,074,27*74
319643,$GPGSV,3,3,11,31,50,333,44,32,62,117,25,42,52,139,30*41
319702,$GPGLL,2601.83118,N,11911.58500,E,132921.00,A,A*64
320250,$GPRMC,132922.00,A,2601.83118,N,11911.58504,E,0.097,,290626,,,A*7D
320391,$GPVTG,,T,,M,0.097,N,0.179,K,A*22
320394,$GPGGA,132922.00,2601.83118,N,11911.58504,E,1,07,1.17,3.8,M,10.0,M,,*5C
320444,$GPGSA,A,3,03,31,26,29,28,16,32,,,,,,2.42,1.17,2.11*01
320501,$GPGSV,3,1,11,03,23,304,37,10,11,177,,16,37,225,23,25,14,041,*7A
320573,$GPGSV,3,2,11,26,65,255,25,27,02,193,,28,50,022,39,29,28,074,27*74
320714,$GPGSV,3,3,11,31,50,333,44,32,62,117,25,42,52,139,30*41
320719,$GPGLL,2601.83118,N,11911.58504,E,132922.00,A,A*63
321250,$GPRMC,132923.00,A,2601.83119,N,11911.58507,E,0.277,,290626,,,A*72
321331,$GPVTG,,T,,M,0.277,N,0.513,K,A*26
321369,$GPGGA,132923.00,2601.83119,N,11911.58507,E,1,07,1.17,3.3,M,10.0,M,,*54
# status,321 s,nmea,2571,fix,644,utc,132923.00,mode,2
321520,$GPGSA,A,3,03,31,26,29,28,16,32,,,,,,2.42,1.17,2.11*01
321597,$GPGSV,3,1,11,03,23,304,37,10,11,177,,16,37,225,24,25,14,041,*7D
321602,$GPGSV,3,2,11,26,65,255,26,27,02,193,,28,50,022,39,29,28,074,27*77
321642,$GPGSV,3,3,11,31,50,333,44,32,62,117,25,42,52,139,30*41
321702,$GPGLL,2601.83119,N,11911.58507,E,132923.00,A,A*60
322220,$GPRMC,132924.00,A,2601.83127,N,11911.58510,E,0.164,,290626,,,A*7F
322332,$GPVTG,,T,,M,0.164,N,0.303,K,A*20
322370,$GPGGA,132924.00,2601.83127,N,11911.58510,E,1,07,1.17,2.8,M,10.0,M,,*52
322445,$GPGSA,A,3,03,31,26,29,28,16,32,,,,,,2.42,1.17,2.11*01
322506,$GPGSV,3,1,11,03,23,304,37,10,11,177,,16,37,225,25,25,14,041,*7C
322653,$GPGSV,3,2,11,26,65,255,25,27,02,193,,28,50,022,39,29,28,074,27*74
322659,$GPGSV,3,3,11,31,50,333,44,32,62,117,25,42,52,139,30*41
322702,$GPGLL,2601.83127,N,11911.58510,E,132924.00,A,A*6C
323250,$GPRMC,132925.00,A,2601.83127,N,11911.58512,E,0.082,,290626,,,A*75
323335,$GPVTG,,T,,M,0.082,N,0.152,K,A*2F
323445,$GPGGA,132925.00,2601.83127,N,11911.58512,E,1,07,1.17,2.4,M,10.0,M,,*5D
323450,$GPGSA,A,3,03,31,26,29,28,16,32,,,,,,2.42,1.17,2.11*01
323504,$GPGSV,3,1,11,03,23,304,38,10,11,177,,16,37,225,25,25,14,041,*73
323573,$GPGSV,3,2,11,26,65,255,25,27,02,193,,28,50,022,39,29,28,074,28*7B
323682,$GPGSV,3,3,11,31,50,333,44,32,62,117,26,42,52,139,30*42
323743,$GPGLL,2601.83127,N,11911.58512,E,132925.00,A,A*6F
324250,$GPRMC,132926.00,A,2601.83131,N,11911.58516,E,0.081,,290626,,,A*76
324333,$GPVTG,,T,,M,0.081,N,0.151,K,A*2F
324368,$GPGGA,132926.00,2601.83131,N,11911.58516,E,1,07,1.17,1.9,M,10.0,M,,*53
324449,$GPGSA,A,3,03,31,26,29,28,16,32,,,,,,2.42,1.17,2.11*01
324546,$GPGSV,3,1,11,03,23,304,38,10,11,177,,16,37,225,25,25,14,041,*73
324573,$GPGSV,3,2,11,26,65,255,25,27,02,193,,28,50,022,39,29,28,074,28*7B
324643,$GPGSV,3,3,11,31,50,333,44,32,62,117,26,42,52,139,30*42
324703,$GPGLL,2601.83131,N,11911.58516,E,132926.00,A,A*6F
325250,$GPRMC,132927.00,A,2601.83137,N,11911.58522,E,0.027,,290626,,,A*7A
325378,$GPVTG,,T,,M,0.027,N,0.049,K,A*2B
325382,$GPGGA,132927.00,2601.83137,N,11911.58522,E,1,07,1.17,1.5,M,10.0,M,,*5F
325445,$GPGSA,A,3,03,31,26,29,28,16,32,,,,,,2.42,1.17,2.11*01
325502,$GPGSV,3,1,11,03,23,303,38,10,11,177,,16,37,225,25,25,14,041,*74
325574,$GPGSV,3,2,11,26,65,255,25,27,02,193,,28,50,022,39,29,28,074,28*7B
325692,$GPGSV,3,3,11,31,50,333,44,32,62,117,26,42,52,139,30*42
325702,$GPGLL,2601.83137,N,11911.58522,E,132927.00,A,A*6F
326250,$GPRMC,132928.00,A,2601.83141,N,11911.58527,E,0.204,,290626,,,A*72
326332,$GPVTG,,T,,M,0.204,N,0.379,K,A*28
326369,$GPGGA,132928.00,2601.83141,N,11911.58527,E,1,07,1.17,1.1,M,10.0,M,,*50
326495,$GPGSA,A,3,03,31,26,29,28,16,32,,,,,,2.42,1.17,2.11*01
326502,$GPGSV,3,1,11,03,23,303,38,10,11,177,,16,37,225,25,25,14,041,*74
326572,$GPGSV,3,2,11,26,65,255,25,27,02,193,,28,50,022,39,29,28,074,28*7B
326642,$GPGSV,3,3,11,31,50,333,44,32,62,117,26,42,52,139,30*42
326703,$GPGLL,2601.83141,N,11911.58527,E,132928.00,A,A*64
327200,$GPRMC,132929.00,A,2601.83151,N,11911.58533,E,0.285,,290626,,,A*7E
327333,$GPVTG,,T,,M,0.285,N,0.527,K,A*2C
327368,$GPGGA,132929.00,2601.83151,N,11911.58533,E,1,07,1.17,0.8,M,10.0,M,,*5D
327446,$GPGSA,A,3,03,31,26,29,28,16,32,,,,,,2.42,1.17,2.11*01
327505,$GPGSV,3,1,11,03,23,303,38,10,11,177,,16,37,225,25,25,14,041,*74
327631,$GPGSV,3,2,11,26,65,255,25,27,02,193,,28,50,022,39,29,28,074,28*7B
327643,$GPGSV,3,3,11,31,50,333,44,32,62,117,26,42,52,139,30*42
327703,$GPGLL,2601.83151,N,11911.58533,E,132929.00,A,A*61
328250,$GPRMC,132930.00,A,2601.83157,N,11911.58537,E,0.214,,290626,,,A*7C
328335,$GPVTG,,T,,M,0.214,N,0.397,K,A*29
328432,$GPGGA,132930.00,2601.83157,N,11911.58537,E,1,07,1.17,0.7,M,10.0,M,,*58
328447,$GPGSA,A,3,03,31,26,29,28,16,32,,,,,,2.42,1.17,2.11*01
328503,$GPGSV,3,1,11,03,23,303,38,10,11,177,,16,37,225,25,25,14,041,*74
328574,$GPGSV,3,2,11,26,65,255,24,27,02,193,,28,50,022,39,29,28,074,28*7A
328646,$GPGSV,3,3,11,31,50,333,44,32,62,117,26,42,52,139,30*42
328777,$GPGLL,2601.83157,N,11911.58537,E,132930.00,A,A*6B
329180,$GPRMC,132931.00,A,2601.83166,N,11911.58542,E,0.213,,290626,,,A*7A
329337,$GPVTG,,T,,M,0.213,N,0.395,K,A*2C
329372,$GPGGA,132931.00,2601.83166,N,11911.58542,E,1,07,1.17,0.5,M,10.0,M,,*5B
329452,$GPGSA,A,3,03,31,26,29,28,16,32,,,,,,2.42,1.17,2.11*01
329578,$GPGSV,3,1,11,03,23,303,38,10,11,177,,16,37,225,25,25,14,041,*74
329584,$GPGSV,3,2,11,26,65,255,24,27,02,193,,28,50,022,39,29,28,074,29*7B
329648,$GPGSV,3,3,11,31,50,333,44,32,62,117,26,42,52,139,30*42
329706,$GPGLL,2601.83166,N,11911.58542,E,132931.00,A,A*6A
330160,$GPRMC,132932.00,A,2601.83176,N,11911.58548,E,0.449,,290626,,,A*7B
330411,$GPVTG,,T,,M,0.449,N,0.832,K,A*23
330414,$GPGGA,132932.00,2601.83176,N,11911.58548,E,1,07,1.17,0.3,M,10.0,M,,*55
330445,$GPGSA,A,3,03,31,26,29,28,16,32,,,,,,2.42,1.17,2.11*01
330503,$GPGSV,3,1,11,03,23,303,39,10,11,177,,16,37,225,25,25,14,041,*75
330573,$GPGSV,3,2,11,26,65,255,24,27,02,193,,28,50,022,39,29,28,074,29*7B
330725,$GPGSV,3,3,11,31,50,333,44,32,62,117,25,42,52,139,30*41
330729,$GPGLL,2601.83176,N,11911.58548,E,132932.00,A,A*62
331250,$GPRMC,132933.00,A,2601.83184,N,11911.58557,E,0.386,,290626,,,A*7D
331332,$GPVTG,,T,,M,0.386,N,0.715,K,A*2D
331371,$GPGGA,132933.00,2601.83184,N,11911.58557,E,1,07,1.17,0.1,M,10.0,M,,*55
# status,331 s,nmea,2651,fix,664,utc,132933.00,mode,2
331572,$GPGSA,A,3,03,31,26,29,28,16,32,,,,,,2.42,1.17,2.11*01
331608,$GPGSV,3,1,11,03,23,303,39,10,11,177,,16,37,225,25,25,14,041,*75
331624,$GPGSV,3,2,11,26,65,255,24,27,02,193,,28,50,022,39,29,28,074,29*7B
331643,$GPGSV,3,3,11,31,50,333,44,32,62,117,25,42,52,139,30*41
331704,$GPGLL,2601.83184,N,11911.58557,E,132933.00,A,A*60
332190,$GPRMC,132934.00,A,2601.83189,N,11911.58562,E,0.133,,290626,,,A*7D
332332,$GPVTG,,T,,M,0.133,N,0.247,K,A*23
332367,$GPGGA,132934.00,2601.83189,N,11911.58562,E,1,07,1.17,0.1,M,10.0,M,,*59
332445,$GPGSA,A,3,03,31,26,29,28,16,32,,,,,,2.42,1.17,2.11*01
332504,$GPGSV,3,1,11,03,23,303,39,10,10,176,,16,37,225,25,25,14,041,*75
332618,$GPGSV,3,2,11,26,65,255,23,27,02,193,,28,50,022,39,29,28,074,29*7C
332642,$GPGSV,3,3,11,31,50,333,44,32,62,117,26,42,52,139,30*42
332702,$GPGLL,2601.83189,N,11911.58562,E,132934.00,A,A*6C
333250,$GPRMC,132935.00,A,2601.83189,N,11911.58563,E,0.171,,290626,,,A*7B
333337,$GPVTG,,T,,M,0.171,N,0.316,K,A*20
333410,$GPGGA,132935.00,2601.83189,N,11911.58563,E,1,07,1.17,0.2,M,10.0,M,,*5A
333448,$GPGSA,A,3,03,31,26,29,28,16,32,,,,,,2.42,1.17,2.12*02
333505,$GPGSV,3,1,11,03,23,303,39,10,10,176,,16,37,225,25,25,14,041,*75
333577,$GPGSV,3,2,11,26,65,255,23,27,02,193,,28,50,022,39,29,28,074,30*74
333647,$GPGSV,3,3,11,31,50,333,44,32,62,117,26,42,52,139,30*42
333754,$GPGLL,2601.83189,N,11911.58563,E,132935.00,A,A*6C
334250,$GPRMC,132936.00,A,2601.83200,N,11911.58567,E,0.308,,290626,,,A*72
334333,$GPVTG,,T,,M,0.308,N,0.571,K,A*2B
334368,$GPGGA,132936.00,2601.83200,N,11911.58567,E,1,07,1.17,0.2,M,10.0,M,,*5F
334448,$GPGSA,A,3,03,31,26,29,28,16,32,,,,,,2.42,1.17,2.12*02
334556,$GPGSV,3,1,11,03,23,303,39,10,10,176,,16,37,225,25,25,14,041,*75
334573,$GPGSV,3,2,11,26,65,255,23,27,02,193,,28,50,022,39,29,28,074,30*74
334643,$GPGSV,3,3,11,31,50,333,44,32,62,117,26,42,52,139,30*42
334703,$GPGLL,2601.83200,N,11911.58567,E,132936.00,A,A*69
335250,$GPRMC,132937.00,A,2601.83207,N,11911.58565,E,0.036,,290626,,,A*78
335389,$GPVTG,,T,,M,0.036,N,0.067,K,A*27
335392,$GPGGA,132937.00,2601.83207,N,11911.58565,E,1,07,1.17,0.4,M,10.0,M,,*5D
335446,$GPGSA,A,3,03,31,26,29,28,16,32,,,,,,2.42,1.17,2.12*02
335503,$GPGSV,3,1,11,03,23,303,39,10,10,176,,16,37,225,25,25,14,041,*75
335576,$GPGSV,3,2,11,26,65,255,22,27,02,193,,28,50,022,39,29,28,074,30*75
335703,$GPGSV,3,3,11,31,50,333,44,32,62,117,26,42,52,139,30*42
335707,$GPGLL,2601.83207,N,11911.58565,E,132937.00,A,A*6D
336250,$GPRMC,132938.00,A,2601.83211,N,11911.58564,E,0.087,,290626,,,A*7B
336331,$GPVTG,,T,,M,0.087,N,0.162,K,A*29
336369,$GPGGA,132938.00,2601.83211,N,11911.58564,E,1,07,1.17,0.7,M,10.0,M,,*57
336515,$GPGSA,A,3,03,31,26,29,28,16,32,,,,,,2.42,1.17,2.12*02
336520,$GPGSV,3,1,11,03,23,303,39,10,10,176,,16,37,225,25,25,14,041,*75
336571,$GPGSV,3,2,11,26,65,255,22,27,02,193,,28,50,022,39,29,28,074,30*75
336643,$GPGSV,3,3,11,31,50,333,43,32,62,117,26,42,52,139,30*45
336703,$GPGLL,2601.83211,N,11911.58564,E,132938.00,A,A*64
337220,$GPRMC,132939.00,A,2601.83217,N,11911.58565,E,0.344,,290626,,,A*71
337333,$GPVTG,,T,,M,0.344,N,0.637,K,A*22
337370,$GPGGA,132939.00,2601.83217,N,11911.58565,E,1,07,1.17,0.9,M,10.0,M,,*5F
337446,$GPGSA,A,3,03,31,26,29,28,16,32,,,,,,2.42,1.17,2.12*02
337506,$GPGSV,3,1,11,03,23,303,39,10,10,176,,16,37,225,25,25,14,041,*75
337651,$GPGSV,3,2,11,26,65,255,21,27,02,193,,28,50,022,39,29,28,074,30*76
337657,$GPGSV,3,3,11,31,50,333,43,32,62,117,26,42,52,139,30*45
337703,$GPGLL,2601.83217,N,11911.58565,E,132939.00,A,A*62
338250,$GPRMC,132940.00,A,2601.83220,N,11911.58563,E,0.398,,290626,,,A*7C
338333,$GPVTG,,T,,M,0.398,N,0.737,K,A*22
338453,$GPGGA,132940.00,2601.83220,N,11911.58563,E,1,07,1.17,1.2,M,10.0,M,,*59
338458,$GPGSA,A,3,03,31,26,29,28,16,32,,,,,,2.42,1.17,2.12*02
338503,$GPGSV,3,1,11,03,23,303,39,10,10,176,,16,37,225,25,25,14,041,*75
338571,$GPGSV,3,2,11,26,65,255,20,27,02,193,,28,50,022,39,29,28,074,31*76
338781,$GPGSV,3,3,11,31,50,333,43,32,62,117,26,42,52,139,30*45
338866,$GPGLL,2601.83220,N,11911.58563,E,132940.00,A,A*6E
339170,$GPRMC,132941.00,A,2601.83227,N,11911.58560,E,0.082,,290626,,,A*71
339332,$GPVTG,,T,,M,0.082,N,0.153,K,A*2E
339402,$GPGGA,132941.00,2601.83227,N,11911.58560,E,1,07,1.17,1.5,M,10.0,M,,*5B
339447,$GPGSA,A,3,03,31,26,29,28,16,32,,,,,,2.42,1.17,2.12*02
339543,$GPGSV,3,1,11,03,23,303,39,10,10,176,,16,37,225,25,25,14,041,*75
339572,$GPGSV,3,2,11,26,65,255,20,27,02,193,,28,50,022,39,29,28,074,31*76
339644,$GPGSV,3,3,11,31,50,333,43,32,62,117,26,42,52,139,30*45
339703,$GPGLL,2601.83227,N,11911.58560,E,132941.00,A,A*6B
340250,$GPRMC,132942.00,A,2601.83228,N,11911.58557,E,0.176,,290626,,,A*73
340366,$GPVTG,,T,,M,0.176,N,0.327,K,A*25
340370,$GPGGA,132942.00,2601.83228,N,11911.58557,E,1,07,1.17,1.8,M,10.0,M,,*5E
340444,$GPGSA,A,3,03,31,26,29,28,16,32,,,,,,2.42,1.17,2.12*02
340503,$GPGSV,3,1,11,03,23,303,39,10,10,176,,16,37,225,25,25,14,041,*75
340574,$GPGSV,3,2,11,26,65,255,20,27,02,193,,28,50,022,39,29,28,074,31*76
340690,$GPGSV,3,3,11,31,50,333,43,32,62,117,26,42,52,139,30*45
340702,$GPGLL,2601.83228,N,11911.58557,E,132942.00,A,A*63
341250,$GPRMC,132943.00,A,2601.83236,N,11911.58554,E,0.073,,290626,,,A*7A
341335,$GPVTG,,T,,M,0.073,N,0.136,K,A*23
341372,$GPGGA,132943.00,2601.83236,N,11911.58554,E,1,07,1.17,2.1,M,10.0,M,,*59
# status,341 s,nmea,2731,fix,684,utc,132943.00,mode,2
341495,$GPGSA,A,3,03,31,26,29,28,16,32,,,,,,2.42,1.17,2.12*02
341563,$GPGSV,3,1,11,03,23,303,39,10,10,176,,16,37,225,25,25,14,041,*75
341575,$GPGSV,3,2,11,26,65,255,20,27,02,193,,28,50,022,39,29,28,074,31*76
341646,$GPGSV,3,3,11,31,50,333,43,32,62,117,26,42,52,139,30*45
341706,$GPGLL,2601.83236,N,11911.58554,E,132943.00,A,A*6E
342200,$GPRMC,132944.00,A,2601.83243,N,11911.58552,E,0.185,,290626,,,A*71
342332,$GPVTG,,T,,M,0.185,N,0.343,K,A*2B
342368,$GPGGA,132944.00,2601.83243,N,11911.58552,E,1,07,1.17,2.4,M,10.0,M,,*5F
342446,$GPGSA,A,3,03,31,26,29,28,16,32,,,,,,2.42,1.17,2.12*02
342505,$GPGSV,3,1,11,03,23,303,39,10,10,176,,16,37,225,25,25,14,041,*75
342629,$GPGSV,3,2,11,26,65,255,19,27,02,193,,28,50,022,39,29,28,074,31*7C
342645,$GPGSV,3,3,11,31,50,333,43,32,62,117,26,42,52,139,30*45
342701,$GPGLL,2601.83243,N,11911.58552,E,132944.00,A,A*6D
343250,$GPRMC,132945.00,A,2601.83248,N,11911.58548,E,0.070,,290626,,,A*7B
343335,$GPVTG,,T,,M,0.070,N,0.130,K,A*26
343421,$GPGGA,132945.00,2601.83248,N,11911.58548,E,1,07,1.17,2.8,M,10.0,M,,*52
343445,$GPGSA,A,3,03,31,26,29,28,16,32,,,,,,2.42,1.17,2.12*02
343504,$GPGSV,3,1,11,03,23,303,39,10,10,176,,16,37,225,24,25,14,041,*74
343573,$GPGSV,3,2,11,26,65,255,18,27,02,193,,28,50,022,39,29,28,074,31*7D
343646,$GPGSV,3,3,11,31,50,333,42,32,62,117,25,42,52,139,30*47
343774,$GPGLL,2601.83248,N,11911.58548,E,132945.00,A,A*6C
344170,$GPRMC,132946.00,A,2601.83254,N,11911.58546,E,0.041,,290626,,,A*79
344332,$GPVTG,,T,,M,0.041,N,0.077,K,A*26
344369,$GPGGA,132946.00,2601.83254,N,11911.58546,E,1,07,1.17,3.1,M,10.0,M,,*5A
344447,$GPGSA,A,3,03,31,26,29,28,16,32,,,,,,2.42,1.17,2.12*02
344576,$GPGSV,3,1,11,03,23,303,39,10,10,176,,16,37,225,24,25,14,041,*74
344581,$GPGSV,3,2,11,26,65,255,17,27,02,193,,28,50,022,38,29,28,074,31*73
344644,$GPGSV,3,3,11,31,50,333,42,32,62,117,25,42,52,139,29*4F
344701,$GPGLL,2601.83254,N,11911.58546,E,132946.00,A,A*6C
345250,$GPRMC,132947.00,A,2601.83258,N,11911.58547,E,0.052,,290626,,,A*77
345409,$GPVTG,,T,,M,0.052,N,0.097,K,A*2A
345413,$GPGGA,132947.00,2601.83258,N,11911.58547,E,1,07,1.17,3.3,M,10.0,M,,*54
345445,$GPGSA,A,3,03,31,26,29,28,16,32,,,,,,2.42,1.17,2.12*02
345504,$GPGSV,3,1,11,03,23,303,39,10,10,176,,16,37,225,24,25,14,041,*74
345575,$GPGSV,3,2,11,26,65,255,17,27,02,193,,28,50,022,38,29,28,074,31*73
345723,$GPGSV,3,3,11,31,50,333,42,32,62,117,25,42,52,139,30*47
345727,$GPGLL,2601.83258,N,11911.58547,E,132947.00,A,A*60
346250,$GPRMC,132948.00,A,2601.83257,N,11911.58547,E,0.076,,290626,,,A*71
346332,$GPVTG,,T,,M,0.076,N,0.140,K,A*27
346372,$GPGGA,132948.00,2601.83257,N,11911.58547,E,1,07,1.17,3.5,M,10.0,M,,*52
346525,$GPGSA,A,3,03,31,26,29,28,16,32,,,,,,2.42,1.17,2.12*02
346530,$GPGSV,3,1,11,03,23,303,39,10,10,176,,16,37,225,24,25,14,041,*74
346572,$GPGSV,3,2,11,26,65,255,16,27,02,193,,28,50,022,38,29,28,074,31*72
346644,$GPGSV,3,3,11,31,50,333,42,32,62,117,24,42,52,139,30*46
346742,$GPGLL,2601.83257,N,11911.58547,E,132948.00,A,A*60
347190,$GPRMC,132949.00,A,2601.83264,N,11911.58548,E,0.043,,290626,,,A*79
347333,$GPVTG,,T,,M,0.043,N,0.079,K,A*2A
347368,$GPGGA,132949.00,2601.83264,N,11911.58548,E,1,07,1.18,3.8,M,10.0,M,,*5E
347446,$GPGSA,A,3,03,31,26,29,28,16,32,,,,,,2.42,1.18,2.12*0D
347506,$GPGSV,3,1,11,03,23,303,39,10,10,176,,16,37,225,24,25,14,041,*74
347616,$GPGSV,3,2,11,26,65,255,14,27,02,193,,28,50,022,38,29,28,074,31*70
347643,$GPGSV,3,3,11,31,50,333,42,32,62,117,25,42,52,139,29*4F
347702,$GPGLL,2601.83264,N,11911.58548,E,132949.00,A,A*6E
348250,$GPRMC,132950.00,A,2601.83270,N,11911.58547,E,0.339,,290626,,,A*75
348333,$GPVTG,,T,,M,0.339,N,0.629,K,A*27
348408,$GPGGA,132950.00,2601.83270,N,11911.58547,E,1,07,1.18,4.2,M,10.0,M,,*51
348445,$GPGSA,A,3,03,31,26,29,28,16,32,,,,,,2.42,1.18,2.12*0D
348501,$GPGSV,3,1,11,03,23,303,39,10,10,176,,16,37,225,24,25,14,041,*74
348572,$GPGSV,3,2,11,26,65,256,15,27,02,193,,28,50,022,38,29,28,074,32*71
348643,$GPGSV,3,3,11,31,50,333,43,32,62,117,25,42,52,139,30*46
348751,$GPGLL,2601.83270,N,11911.58547,E,132950.00,A,A*6C
349250,$GPRMC,132951.00,A,2601.83275,N,11911.58545,E,0.377,,290626,,,A*79
349332,$GPVTG,,T,,M,0.377,N,0.699,K,A*26
349367,$GPGGA,132951.00,2601.83275,N,11911.58545,E,1,07,1.18,4.6,M,10.0,M,,*53
349447,$GPGSA,A,3,03,31,26,29,28,16,32,,,,,,2.42,1.18,2.12*0D
349554,$GPGSV,3,1,11,03,23,303,40,10,10,176,,16,37,225,25,25,14,041,*7B
349572,$GPGSV,3,2,11,26,65,256,15,27,02,193,,28,50,022,39,29,28,074,32*70
349642,$GPGSV,3,3,11,31,50,333,43,32,62,117,25,42,52,139,30*46
349702,$GPGLL,2601.83275,N,11911.58545,E,132951.00,A,A*6A
350250,$GPRMC,132952.00,A,2601.83284,N,11911.58543,E,0.045,,290626,,,A*70
350387,$GPVTG,,T,,M,0.045,N,0.083,K,A*29
350390,$GPGGA,132952.00,2601.83284,N,11911.58543,E,1,07,1.18,4.9,M,10.0,M,,*57
350445,$GPGSA,A,3,03,31,26,29,28,16,32,,,,,,2.42,1.18,2.12*0D
350502,$GPGSV,3,1,11,03,23,303,40,10,10,176,,16,37,225,25,25,14,041,*7B
350574,$GPGSV,3,2,11,26,65,256,15,27,02,193,,28,50,023,38,29,28,074,33*71
350700,$GPGSV,3,3,11,31,50,333,43,32,62,117,25,42,52,139,31*47
350713,$GPGLL,2601.83284,N,11911.58543,E,132952.00,A,A*61
351250,$GPRMC,132953.00,A,2601.83298,N,11911.58542,E,0.089,,290626,,,A*7D
351332,$GPVTG,,T,,M,0.089,N,0.165,K,A*20
351370,$GPGGA,132953.00,2601.83298,N,11911.58542,E,1,07,1.18,5.2,M,10.0,M,,*50
351503,$GPGSA,A,3,03,31,26,29,28,16,32,,,,,,2.42,1.18,2.12*0D
# status,351 s,nmea,2812,fix,704,utc,132953.00,mode,2
351513,$GPGSV,3,1,11,03,23,303,40,10,10,176,,16,37,225,26,25,14,041,*78
351634,$GPGSV,3,2,11,26,65,256,16,27,02,193,,28,50,023,38,29,28,073,33*75
351643,$GPGSV,3,3,11,31,50,333,43,32,62,117,25,42,52,139,31*47
351703,$GPGLL,2601.83298,N,11911.58542,E,132953.00,A,A*6C
352230,$GPRMC,132954.00,A,2601.83312,N,11911.58541,E,0.033,,290626,,,A*7B
352332,$GPVTG,,T,,M,0.033,N,0.061,K,A*24
352369,$GPGGA,132954.00,2601.83312,N,11911.58541,E,1,07,1.18,5.5,M,10.0,M,,*50
352445,$GPGSA,A,3,03,31,26,29,28,16,32,,,,,,2.42,1.18,2.12*0D
352505,$GPGSV,3,1,11,03,23,303,40,10,10,176,,16,37,225,26,25,14,041,*78
352649,$GPGSV,3,2,11,26,65,256,15,27,02,193,,28,50,023,38,29,28,073,33*76
352654,$GPGSV,3,3,11,31,50,333,43,32,62,117,25,42,52,139,30*46
352703,$GPGLL,2601.83312,N,11911.58541,E,132954.00,A,A*6B
353250,$GPRMC,132955.00,A,2601.83324,N,11911.58540,E,0.228,,290626,,,A*76
353335,$GPVTG,,T,,M,0.228,N,0.423,K,A*2E
353451,$GPGGA,132955.00,2601.83324,N,11911.58540,E,1,07,1.18,6.0,M,10.0,M,,*53
353455,$GPGSA,A,3,03,31,26,29,28,16,32,,,,,,2.42,1.18,2.12*0D
353504,$GPGSV,3,1,11,03,23,303,40,10,10,176,,16,37,225,26,25,14,041,*78
353573,$GPGSV,3,2,11,26,65,256,14,27,02,193,,28,50,023,38,29,28,073,33*77
353645,$GPGSV,3,3,11,31,50,334,43,32,62,117,25,42,52,139,30*41
353774,$GPGLL,2601.83324,N,11911.58540,E,132955.00,A,A*6E
354170,$GPRMC,132956.00,A,2601.83337,N,11911.58540,E,0.168,,290626,,,A*70
354332,$GPVTG,,T,,M,0.168,N,0.311,K,A*2F
354367,$GPGGA,132956.00,2601.83337,N,11911.58540,E,1,07,1.18,6.3,M,10.0,M,,*51
354447,$GPGSA,A,3,03,31,26,29,28,16,32,,,,,,2.42,1.18,2.12*0D
354587,$GPGSV,3,1,11,03,23,303,39,10,10,176,,16,37,225,26,25,14,041,*76
354623,$GPGSV,3,2,11,26,65,256,13,27,02,193,,28,50,023,38,29,28,073,33*70
354642,$GPGSV,3,3,11,31,50,334,43,32,62,118,24,42,52,139,30*4F
354702,$GPGLL,2601.83337,N,11911.58540,E,132956.00,A,A*6F
