t_ms,initialized,gps_fix,satellites,hdop,gps_lat,gps_lon,gps_alt_m,est_lat,est_lon,est_alt_m,e_m,n_m,u_m,ve_mps,vn_mps,vu_mps,roll_deg,pitch_deg,yaw_deg,innov_xy_m,sigma_e_m,sigma_n_m,imu_hz,gps_updates,gps_rejects,nmea_count
2205503,0,0,0,99.0,0.0,0.0,0.0,0.0,0.0,0.0,0.0,0.0,0.0,0.0,0.0,0.0,4.72,-2.62,-59.84,0.0,0.0,0.0,0.0,0,0,0
2205703,0,0,0,99.0,0.0,0.0,0.0,0.0,0.0,0.0,0.0,0.0,0.0,0.0,0.0,0.0,4.73,-2.6,-59.91,0.0,0.0,0.0,0.0,0,0,0
2205903,0,0,0,99.0,0.0,0.0,0.0,0.0,0.0,0.0,0.0,0.0,0.0,0.0,0.0,0.0,4.75,-2.59,-59.99,0.0,0.0,0.0,0.0,0,0,2
2206103,0,0,0,99.99,0.0,0.0,0.0,0.0,0.0,0.0,0.0,0.0,0.0,0.0,0.0,0.0,4.74,-2.57,-60.02,0.0,0.0,0.0,0.0,0,0,6
2206303,0,0,0,99.99,0.0,0.0,0.0,0.0,0.0,0.0,0.0,0.0,0.0,0.0,0.0,0.0,4.77,-2.55,-60.03,0.0,0.0,0.0,101.0,0,0,6
2206503,0,0,0,99.99,0.0,0.0,0.0,0.0,0.0,0.0,0.0,0.0,0.0,0.0,0.0,0.0,4.79,-2.54,-60.06,0.0,0.0,0.0,101.0,0,0,6
2206703,0,0,0,99.99,0.0,0.0,0.0,0.0,0.0,0.0,0.0,0.0,0.0,0.0,0.0,0.0,4.8,-2.55,-60.12,0.0,0.0,0.0,101.0,0,0,6
2206903,0,0,0,99.99,0.0,0.0,0.0,0.0,0.0,0.0,0.0,0.0,0.0,0.0,0.0,0.0,4.82,-2.53,-60.14,0.0,0.0,0.0,101.0,0,0,8
2207103,0,0,0,99.99,0.0,0.0,0.0,0.0,0.0,0.0,0.0,0.0,0.0,0.0,0.0,0.0,4.81,-2.52,-60.17,0.0,0.0,0.0,101.0,0,0,12
2207303,0,0,0,99.99,0.0,0.0,0.0,0.0,0.0,0.0,0.0,0.0,0.0,0.0,0.0,0.0,4.83,-2.52,-60.18,0.0,0.0,0.0,100.0,0,0,12
2207504,0,0,0,99.99,0.0,0.0,0.0,0.0,0.0,0.0,0.0,0.0,0.0,0.0,0.0,0.0,4.83,-2.52,-60.19,0.0,0.0,0.0,100.0,0,0,12
2207713,0,0,0,99.99,0.0,0.0,0.0,0.0,0.0,0.0,0.0,0.0,0.0,0.0,0.0,0.0,4.86,-2.52,-60.18,0.0,0.0,0.0,100.0,0,0,12
2207914,0,0,0,99.99,0.0,0.0,0.0,0.0,0.0,0.0,0.0,0.0,0.0,0.0,0.0,0.0,4.87,-2.51,-60.21,0.0,0.0,0.0,100.0,0,0,15
2208123,0,0,0,99.99,0.0,0.0,0.0,0.0,0.0,0.0,0.0,0.0,0.0,0.0,0.0,0.0,4.87,-2.52,-60.25,0.0,0.0,0.0,100.0,0,0,18
2208323,0,0,0,99.99,0.0,0.0,0.0,0.0,0.0,0.0,0.0,0.0,0.0,0.0,0.0,0.0,4.88,-2.55,-60.22,0.0,0.0,0.0,100.0,0,0,18
2208523,0,0,0,99.99,0.0,0.0,0.0,0.0,0.0,0.0,0.0,0.0,0.0,0.0,0.0,0.0,4.87,-2.55,-60.23,0.0,0.0,0.0,100.0,0,0,18
2208723,0,0,0,99.99,0.0,0.0,0.0,0.0,0.0,0.0,0.0,0.0,0.0,0.0,0.0,0.0,4.88,-2.53,-60.24,0.0,0.0,0.0,100.0,0,0,18
2208923,0,0,0,99.99,0.0,0.0,0.0,0.0,0.0,0.0,0.0,0.0,0.0,0.0,0.0,0.0,4.89,-2.55,-60.24,0.0,0.0,0.0,100.0,0,0,21
2209123,0,0,0,99.99,0.0,0.0,0.0,0.0,0.0,0.0,0.0,0.0,0.0,0.0,0.0,0.0,4.9,-2.56,-60.24,0.0,0.0,0.0,100.0,0,0,24
2209323,0,0,0,99.99,0.0,0.0,0.0,0.0,0.0,0.0,0.0,0.0,0.0,0.0,0.0,0.0,4.9,-2.55,-60.22,0.0,0.0,0.0,100.0,0,0,24
2209523,0,0,0,99.99,0.0,0.0,0.0,0.0,0.0,0.0,0.0,0.0,0.0,0.0,0.0,0.0,4.89,-2.53,-60.19,0.0,0.0,0.0,100.0,0,0,24
2209724,0,0,0,99.99,0.0,0.0,0.0,0.0,0.0,0.0,0.0,0.0,0.0,0.0,0.0,0.0,4.91,-2.52,-60.21,0.0,0.0,0.0,100.0,0,0,24
2209934,0,0,0,99.99,0.0,0.0,0.0,0.0,0.0,0.0,0.0,0.0,0.0,0.0,0.0,0.0,4.92,-2.52,-60.22,0.0,0.0,0.0,100.0,0,0,24
2210143,0,0,0,99.99,0.0,0.0,0.0,0.0,0.0,0.0,0.0,0.0,0.0,0.0,0.0,0.0,4.93,-2.52,-60.23,0.0,0.0,0.0,100.0,0,0,29
2210343,0,0,0,99.99,0.0,0.0,0.0,0.0,0.0,0.0,0.0,0.0,0.0,0.0,0.0,0.0,4.92,-2.52,-60.23,0.0,0.0,0.0,100.0,0,0,30
2210543,0,0,0,99.99,0.0,0.0,0.0,0.0,0.0,0.0,0.0,0.0,0.0,0.0,0.0,0.0,4.94,-2.51,-60.2,0.0,0.0,0.0,100.0,0,0,30
2210743,0,0,0,99.99,0.0,0.0,0.0,0.0,0.0,0.0,0.0,0.0,0.0,0.0,0.0,0.0,4.95,-2.54,-60.23,0.0,0.0,0.0,100.0,0,0,30
2210943,0,0,0,99.99,0.0,0.0,0.0,0.0,0.0,0.0,0.0,0.0,0.0,0.0,0.0,0.0,4.95,-2.54,-60.23,0.0,0.0,0.0,100.0,0,0,33
2211143,0,0,0,99.99,0.0,0.0,0.0,0.0,0.0,0.0,0.0,0.0,0.0,0.0,0.0,0.0,4.94,-2.53,-60.23,0.0,0.0,0.0,100.0,0,0,36
2211343,0,0,0,99.99,0.0,0.0,0.0,0.0,0.0,0.0,0.0,0.0,0.0,0.0,0.0,0.0,4.93,-2.53,-60.23,0.0,0.0,0.0,99.9,0,0,36
2211543,0,0,0,99.99,0.0,0.0,0.0,0.0,0.0,0.0,0.0,0.0,0.0,0.0,0.0,0.0,4.94,-2.53,-60.26,0.0,0.0,0.0,99.9,0,0,36
2211743,0,0,0,99.99,0.0,0.0,0.0,0.0,0.0,0.0,0.0,0.0,0.0,0.0,0.0,0.0,4.94,-2.53,-60.28,0.0,0.0,0.0,99.9,0,0,36
2211944,0,0,0,99.99,0.0,0.0,0.0,0.0,0.0,0.0,0.0,0.0,0.0,0.0,0.0,0.0,4.94,-2.53,-60.3,0.0,0.0,0.0,99.9,0,0,39
2212153,0,0,0,99.99,0.0,0.0,0.0,0.0,0.0,0.0,0.0,0.0,0.0,0.0,0.0,0.0,4.93,-2.53,-60.32,0.0,0.0,0.0,99.9,0,0,42
2212353,0,0,0,99.99,0.0,0.0,0.0,0.0,0.0,0.0,0.0,0.0,0.0,0.0,0.0,0.0,4.94,-2.52,-60.32,0.0,0.0,0.0,100.1,0,0,42
2212553,0,0,0,99.99,0.0,0.0,0.0,0.0,0.0,0.0,0.0,0.0,0.0,0.0,0.0,0.0,4.95,-2.52,-60.3,0.0,0.0,0.0,100.1,0,0,42
2212753,0,0,0,99.99,0.0,0.0,0.0,0.0,0.0,0.0,0.0,0.0,0.0,0.0,0.0,0.0,4.96,-2.53,-60.31,0.0,0.0,0.0,100.1,0,0,42
2212954,0,0,0,99.99,0.0,0.0,0.0,0.0,0.0,0.0,0.0,0.0,0.0,0.0,0.0,0.0,4.95,-2.52,-60.32,0.0,0.0,0.0,100.1,0,0,45
2213163,0,0,0,99.99,0.0,0.0,0.0,0.0,0.0,0.0,0.0,0.0,0.0,0.0,0.0,0.0,4.95,-2.52,-60.31,0.0,0.0,0.0,100.1,0,0,48
2213363,0,0,0,99.99,0.0,0.0,0.0,0.0,0.0,0.0,0.0,0.0,0.0,0.0,0.0,0.0,4.94,-2.52,-60.33,0.0,0.0,0.0,100.0,0,0,48
2213563,0,0,0,99.99,0.0,0.0,0.0,0.0,0.0,0.0,0.0,0.0,0.0,0.0,0.0,0.0,4.95,-2.52,-60.34,0.0,0.0,0.0,100.0,0,0,48
2213763,0,0,0,99.99,0.0,0.0,0.0,0.0,0.0,0.0,0.0,0.0,0.0,0.0,0.0,0.0,4.95,-2.52,-60.29,0.0,0.0,0.0,100.0,0,0,48
2213963,0,0,0,99.99,0.0,0.0,0.0,0.0,0.0,0.0,0.0,0.0,0.0,0.0,0.0,0.0,4.94,-2.5,-60.28,0.0,0.0,0.0,100.0,0,0,52
2214163,0,0,0,99.99,0.0,0.0,0.0,0.0,0.0,0.0,0.0,0.0,0.0,0.0,0.0,0.0,4.94,-2.51,-60.26,0.0,0.0,0.0,100.0,0,0,54
2214363,0,0,0,99.99,0.0,0.0,0.0,0.0,0.0,0.0,0.0,0.0,0.0,0.0,0.0,0.0,4.93,-2.5,-60.27,0.0,0.0,0.0,100.0,0,0,54
2214563,0,0,0,99.99,0.0,0.0,0.0,0.0,0.0,0.0,0.0,0.0,0.0,0.0,0.0,0.0,4.94,-2.51,-60.29,0.0,0.0,0.0,100.0,0,0,54
2214763,0,0,0,99.99,0.0,0.0,0.0,0.0,0.0,0.0,0.0,0.0,0.0,0.0,0.0,0.0,4.93,-2.52,-60.25,0.0,0.0,0.0,100.0,0,0,54
2214963,0,0,0,99.99,0.0,0.0,0.0,0.0,0.0,0.0,0.0,0.0,0.0,0.0,0.0,0.0,4.93,-2.52,-60.25,0.0,0.0,0.0,100.0,0,0,58
2215163,0,0,0,99.99,0.0,0.0,0.0,0.0,0.0,0.0,0.0,0.0,0.0,0.0,0.0,0.0,4.94,-2.51,-60.27,0.0,0.0,0.0,100.0,0,0,60
2215364,0,0,0,99.99,0.0,0.0,0.0,0.0,0.0,0.0,0.0,0.0,0.0,0.0,0.0,0.0,4.92,-2.5,-60.27,0.0,0.0,0.0,100.0,0,0,60
2215573,0,0,0,99.99,0.0,0.0,0.0,0.0,0.0,0.0,0.0,0.0,0.0,0.0,0.0,0.0,4.91,-2.49,-60.25,0.0,0.0,0.0,100.0,0,0,60
2215773,0,0,0,99.99,0.0,0.0,0.0,0.0,0.0,0.0,0.0,0.0,0.0,0.0,0.0,0.0,4.91,-2.49,-60.27,0.0,0.0,0.0,100.0,0,0,60
2215973,0,0,0,99.99,0.0,0.0,0.0,0.0,0.0,0.0,0.0,0.0,0.0,0.0,0.0,0.0,4.91,-2.49,-60.26,0.0,0.0,0.0,100.0,0,0,60
2216173,0,0,0,99.99,0.0,0.0,0.0,0.0,0.0,0.0,0.0,0.0,0.0,0.0,0.0,0.0,4.91,-2.49,-60.28,0.0,0.0,0.0,100.0,0,0,66
2216373,0,0,0,99.99,0.0,0.0,0.0,0.0,0.0,0.0,0.0,0.0,0.0,0.0,0.0,0.0,4.89,-2.47,-60.26,0.0,0.0,0.0,99.9,0,0,66
2216573,0,0,0,99.99,0.0,0.0,0.0,0.0,0.0,0.0,0.0,0.0,0.0,0.0,0.0,0.0,4.89,-2.46,-60.16,0.0,0.0,0.0,99.9,0,0,66
2216773,0,0,0,99.99,0.0,0.0,0.0,0.0,0.0,0.0,0.0,0.0,0.0,0.0,0.0,0.0,4.9,-2.45,-60.05,0.0,0.0,0.0,99.9,0,0,66
2216973,0,0,0,99.99,0.0,0.0,0.0,0.0,0.0,0.0,0.0,0.0,0.0,0.0,0.0,0.0,4.91,-2.45,-60.0,0.0,0.0,0.0,99.9,0,0,70
2217173,0,0,0,99.99,0.0,0.0,0.0,0.0,0.0,0.0,0.0,0.0,0.0,0.0,0.0,0.0,4.91,-2.46,-59.93,0.0,0.0,0.0,99.9,0,0,72
2217373,0,0,0,99.99,0.0,0.0,0.0,0.0,0.0,0.0,0.0,0.0,0.0,0.0,0.0,0.0,4.94,-2.45,-59.87,0.0,0.0,0.0,100.1,0,0,72
2217573,0,0,0,99.99,0.0,0.0,0.0,0.0,0.0,0.0,0.0,0.0,0.0,0.0,0.0,0.0,4.93,-2.46,-59.85,0.0,0.0,0.0,100.1,0,0,72
2217773,0,0,0,99.99,0.0,0.0,0.0,0.0,0.0,0.0,0.0,0.0,0.0,0.0,0.0,0.0,4.93,-2.47,-59.82,0.0,0.0,0.0,100.1,0,0,72
2217973,0,0,0,99.99,0.0,0.0,0.0,0.0,0.0,0.0,0.0,0.0,0.0,0.0,0.0,0.0,4.9,-2.5,-59.8,0.0,0.0,0.0,100.1,0,0,76
2218173,0,0,0,99.99,0.0,0.0,0.0,0.0,0.0,0.0,0.0,0.0,0.0,0.0,0.0,0.0,4.86,-2.57,-59.77,0.0,0.0,0.0,100.1,0,0,78
2218373,0,0,0,99.99,0.0,0.0,0.0,0.0,0.0,0.0,0.0,0.0,0.0,0.0,0.0,0.0,4.41,-3.0,-60.32,0.0,0.0,0.0,100.0,0,0,78
2218574,0,0,0,99.99,0.0,0.0,0.0,0.0,0.0,0.0,0.0,0.0,0.0,0.0,0.0,0.0,4.79,0.95,-58.85,0.0,0.0,0.0,100.0,0,0,78
2218783,0,0,0,99.99,0.0,0.0,0.0,0.0,0.0,0.0,0.0,0.0,0.0,0.0,0.0,0.0,4.2,-1.31,-57.69,0.0,0.0,0.0,100.0,0,0,78
2218983,0,0,0,99.99,0.0,0.0,0.0,0.0,0.0,0.0,0.0,0.0,0.0,0.0,0.0,0.0,4.08,-4.22,-56.31,0.0,0.0,0.0,100.0,0,0,83
2219183,0,0,0,99.99,0.0,0.0,0.0,0.0,0.0,0.0,0.0,0.0,0.0,0.0,0.0,0.0,6.93,-8.19,-53.2,0.0,0.0,0.0,100.0,0,0,84
2219383,0,0,0,99.99,0.0,0.0,0.0,0.0,0.0,0.0,0.0,0.0,0.0,0.0,0.0,0.0,4.56,-7.09,-50.55,0.0,0.0,0.0,100.0,0,0,84
2219583,0,0,0,99.99,0.0,0.0,0.0,0.0,0.0,0.0,0.0,0.0,0.0,0.0,0.0,0.0,3.07,-4.3,-49.62,0.0,0.0,0.0,100.0,0,0,84
2219783,0,0,0,99.99,0.0,0.0,0.0,0.0,0.0,0.0,0.0,0.0,0.0,0.0,0.0,0.0,3.68,-2.99,-50.74,0.0,0.0,0.0,100.0,0,0,84
2219983,0,0,0,99.99,0.0,0.0,0.0,0.0,0.0,0.0,0.0,0.0,0.0,0.0,0.0,0.0,2.5,-3.99,-52.59,0.0,0.0,0.0,100.0,0,0,88
2220183,0,0,0,99.99,0.0,0.0,0.0,0.0,0.0,0.0,0.0,0.0,0.0,0.0,0.0,0.0,1.23,-4.24,-54.19,0.0,0.0,0.0,100.0,0,0,90
2220383,0,0,0,99.99,0.0,0.0,0.0,0.0,0.0,0.0,0.0,0.0,0.0,0.0,0.0,0.0,0.06,-4.8,-55.61,0.0,0.0,0.0,99.9,0,0,90
2220583,0,0,0,99.99,0.0,0.0,0.0,0.0,0.0,0.0,0.0,0.0,0.0,0.0,0.0,0.0,2.24,-3.55,-57.5,0.0,0.0,0.0,99.9,0,0,90
2220783,0,0,0,99.99,0.0,0.0,0.0,0.0,0.0,0.0,0.0,0.0,0.0,0.0,0.0,0.0,2.52,-3.45,-58.1,0.0,0.0,0.0,99.9,0,0,90
2220983,0,0,0,99.99,0.0,0.0,0.0,0.0,0.0,0.0,0.0,0.0,0.0,0.0,0.0,0.0,0.88,-3.82,-58.65,0.0,0.0,0.0,99.9,0,0,94
2221183,0,0,0,99.99,0.0,0.0,0.0,0.0,0.0,0.0,0.0,0.0,0.0,0.0,0.0,0.0,1.03,-3.48,-58.48,0.0,0.0,0.0,99.9,0,0,96
2221383,0,0,0,99.99,0.0,0.0,0.0,0.0,0.0,0.0,0.0,0.0,0.0,0.0,0.0,0.0,1.39,-2.63,-58.58,0.0,0.0,0.0,100.1,0,0,96
2221584,0,0,0,99.99,0.0,0.0,0.0,0.0,0.0,0.0,0.0,0.0,0.0,0.0,0.0,0.0,0.29,-3.2,-58.84,0.0,0.0,0.0,100.1,0,0,96
2221793,0,0,0,99.99,0.0,0.0,0.0,0.0,0.0,0.0,0.0,0.0,0.0,0.0,0.0,0.0,0.3,-5.64,-59.12,0.0,0.0,0.0,100.1,0,0,96
2221993,0,0,0,99.99,0.0,0.0,0.0,0.0,0.0,0.0,0.0,0.0,0.0,0.0,0.0,0.0,0.33,-1.9,-58.58,0.0,0.0,0.0,100.1,0,0,96
2222193,0,0,0,99.99,0.0,0.0,0.0,0.0,0.0,0.0,0.0,0.0,0.0,0.0,0.0,0.0,-0.99,-3.65,-58.14,0.0,0.0,0.0,100.1,0,0,102
2222393,0,0,0,99.99,0.0,0.0,0.0,0.0,0.0,0.0,0.0,0.0,0.0,0.0,0.0,0.0,-1.49,-3.5,-57.62,0.0,0.0,0.0,100.0,0,0,102
2222593,0,0,0,99.99,0.0,0.0,0.0,0.0,0.0,0.0,0.0,0.0,0.0,0.0,0.0,0.0,-1.56,-3.45,-57.32,0.0,0.0,0.0,100.0,0,0,102
2222793,0,0,0,99.99,0.0,0.0,0.0,0.0,0.0,0.0,0.0,0.0,0.0,0.0,0.0,0.0,-1.41,-3.38,-57.04,0.0,0.0,0.0,100.0,0,0,102
2222993,0,0,0,99.99,0.0,0.0,0.0,0.0,0.0,0.0,0.0,0.0,0.0,0.0,0.0,0.0,-1.32,-3.27,-57.03,0.0,0.0,0.0,100.0,0,0,107
2223193,0,0,0,99.99,0.0,0.0,0.0,0.0,0.0,0.0,0.0,0.0,0.0,0.0,0.0,0.0,-0.96,-3.29,-57.06,0.0,0.0,0.0,100.0,0,0,108
2223393,0,0,0,99.99,0.0,0.0,0.0,0.0,0.0,0.0,0.0,0.0,0.0,0.0,0.0,0.0,1.75,-2.11,-57.07,0.0,0.0,0.0,100.0,0,0,108
2223593,0,0,0,99.99,0.0,0.0,0.0,0.0,0.0,0.0,0.0,0.0,0.0,0.0,0.0,0.0,1.97,-2.05,-57.01,0.0,0.0,0.0,100.0,0,0,108
2223793,0,0,0,99.99,0.0,0.0,0.0,0.0,0.0,0.0,0.0,0.0,0.0,0.0,0.0,0.0,2.11,-2.05,-57.01,0.0,0.0,0.0,100.0,0,0,108
2223993,0,0,0,99.99,0.0,0.0,0.0,0.0,0.0,0.0,0.0,0.0,0.0,0.0,0.0,0.0,2.19,-2.06,-56.97,0.0,0.0,0.0,100.0,0,0,113
2224193,0,0,0,99.99,0.0,0.0,0.0,0.0,0.0,0.0,0.0,0.0,0.0,0.0,0.0,0.0,2.24,-2.07,-56.98,0.0,0.0,0.0,100.0,0,0,114
2224393,0,0,0,99.99,0.0,0.0,0.0,0.0,0.0,0.0,0.0,0.0,0.0,0.0,0.0,0.0,2.28,-2.08,-56.96,0.0,0.0,0.0,100.0,0,0,114
2224593,0,0,0,99.99,0.0,0.0,0.0,0.0,0.0,0.0,0.0,0.0,0.0,0.0,0.0,0.0,2.33,-2.08,-56.95,0.0,0.0,0.0,100.0,0,0,114
2224793,0,0,0,99.99,0.0,0.0,0.0,0.0,0.0,0.0,0.0,0.0,0.0,0.0,0.0,0.0,2.35,-2.08,-56.94,0.0,0.0,0.0,100.0,0,0,114
2224993,0,0,0,99.99,0.0,0.0,0.0,0.0,0.0,0.0,0.0,0.0,0.0,0.0,0.0,0.0,2.37,-2.09,-56.96,0.0,0.0,0.0,100.0,0,0,119
2225193,0,0,0,99.99,0.0,0.0,0.0,0.0,0.0,0.0,0.0,0.0,0.0,0.0,0.0,0.0,2.41,-2.1,-56.98,0.0,0.0,0.0,100.0,0,0,120
2225393,0,0,0,99.99,0.0,0.0,0.0,0.0,0.0,0.0,0.0,0.0,0.0,0.0,0.0,0.0,2.42,-2.1,-56.98,0.0,0.0,0.0,100.0,0,0,120
2225593,0,0,0,99.99,0.0,0.0,0.0,0.0,0.0,0.0,0.0,0.0,0.0,0.0,0.0,0.0,2.43,-2.08,-56.96,0.0,0.0,0.0,100.0,0,0,120
2225793,0,0,0,99.99,0.0,0.0,0.0,0.0,0.0,0.0,0.0,0.0,0.0,0.0,0.0,0.0,2.46,-2.07,-56.95,0.0,0.0,0.0,100.0,0,0,120
2225993,0,0,0,99.99,0.0,0.0,0.0,0.0,0.0,0.0,0.0,0.0,0.0,0.0,0.0,0.0,2.48,-2.1,-56.89,0.0,0.0,0.0,100.0,0,0,125
2226193,0,0,0,99.99,0.0,0.0,0.0,0.0,0.0,0.0,0.0,0.0,0.0,0.0,0.0,0.0,2.55,-2.02,-56.58,0.0,0.0,0.0,100.0,0,0,126
2226393,0,0,0,99.99,0.0,0.0,0.0,0.0,0.0,0.0,0.0,0.0,0.0,0.0,0.0,0.0,2.6,-1.94,-56.22,0.0,0.0,0.0,100.0,0,0,126
2226593,0,0,0,99.99,0.0,0.0,0.0,0.0,0.0,0.0,0.0,0.0,0.0,0.0,0.0,0.0,0.39,-2.81,-56.95,0.0,0.0,0.0,100.0,0,0,126
2226793,0,0,0,99.99,0.0,0.0,0.0,0.0,0.0,0.0,0.0,0.0,0.0,0.0,0.0,0.0,2.15,-1.92,-56.15,0.0,0.0,0.0,100.0,0,0,126
2226993,0,0,0,99.99,0.0,0.0,0.0,0.0,0.0,0.0,0.0,0.0,0.0,0.0,0.0,0.0,2.46,-1.75,-55.68,0.0,0.0,0.0,100.0,0,0,131
2227193,0,0,0,99.99,0.0,0.0,0.0,0.0,0.0,0.0,0.0,0.0,0.0,0.0,0.0,0.0,2.47,-1.77,-55.31,0.0,0.0,0.0,100.0,0,0,132
2227393,0,0,0,99.99,0.0,0.0,0.0,0.0,0.0,0.0,0.0,0.0,0.0,0.0,0.0,0.0,2.49,-1.76,-55.01,0.0,0.0,0.0,99.9,0,0,132
2227593,0,0,0,99.99,0.0,0.0,0.0,0.0,0.0,0.0,0.0,0.0,0.0,0.0,0.0,0.0,2.45,-1.82,-54.82,0.0,0.0,0.0,99.9,0,0,132
2227793,0,0,0,99.99,0.0,0.0,0.0,0.0,0.0,0.0,0.0,0.0,0.0,0.0,0.0,0.0,2.41,-1.9,-54.78,0.0,0.0,0.0,99.9,0,0,132
2227993,0,0,0,99.99,0.0,0.0,0.0,0.0,0.0,0.0,0.0,0.0,0.0,0.0,0.0,0.0,2.35,-1.96,-54.75,0.0,0.0,0.0,99.9,0,0,132
2228193,0,0,0,99.99,0.0,0.0,0.0,0.0,0.0,0.0,0.0,0.0,0.0,0.0,0.0,0.0,2.34,-2.0,-54.72,0.0,0.0,0.0,99.9,0,0,138
2228393,0,0,0,99.99,0.0,0.0,0.0,0.0,0.0,0.0,0.0,0.0,0.0,0.0,0.0,0.0,2.31,-2.03,-54.66,0.0,0.0,0.0,100.1,0,0,138
2228593,0,0,0,99.99,0.0,0.0,0.0,0.0,0.0,0.0,0.0,0.0,0.0,0.0,0.0,0.0,2.29,-2.07,-54.65,0.0,0.0,0.0,100.1,0,0,138
2228793,0,0,0,99.99,0.0,0.0,0.0,0.0,0.0,0.0,0.0,0.0,0.0,0.0,0.0,0.0,2.26,-2.09,-54.64,0.0,0.0,0.0,100.1,0,0,138
2228997,0,0,0,99.99,0.0,0.0,0.0,0.0,0.0,0.0,0.0,0.0,0.0,0.0,0.0,0.0,2.25,-2.12,-54.64,0.0,0.0,0.0,100.1,0,0,143
2229203,0,0,0,99.99,0.0,0.0,0.0,0.0,0.0,0.0,0.0,0.0,0.0,0.0,0.0,0.0,2.25,-2.13,-54.6,0.0,0.0,0.0,100.1,0,0,144
2229403,0,0,0,99.99,0.0,0.0,0.0,0.0,0.0,0.0,0.0,0.0,0.0,0.0,0.0,0.0,2.24,-2.14,-54.54,0.0,0.0,0.0,100.0,0,0,144
2229603,0,0,0,99.99,0.0,0.0,0.0,0.0,0.0,0.0,0.0,0.0,0.0,0.0,0.0,0.0,2.23,-2.14,-54.52,0.0,0.0,0.0,100.0,0,0,144
2229803,0,0,0,99.99,0.0,0.0,0.0,0.0,0.0,0.0,0.0,0.0,0.0,0.0,0.0,0.0,2.23,-2.15,-54.53,0.0,0.0,0.0,100.0,0,0,144
2230003,0,0,0,99.99,0.0,0.0,0.0,0.0,0.0,0.0,0.0,0.0,0.0,0.0,0.0,0.0,2.22,-2.17,-54.53,0.0,0.0,0.0,100.0,0,0,149
2230203,0,0,0,99.99,0.0,0.0,0.0,0.0,0.0,0.0,0.0,0.0,0.0,0.0,0.0,0.0,2.22,-2.18,-54.5,0.0,0.0,0.0,100.0,0,0,150
2230403,0,0,0,99.99,0.0,0.0,0.0,0.0,0.0,0.0,0.0,0.0,0.0,0.0,0.0,0.0,2.22,-2.19,-54.49,0.0,0.0,0.0,100.0,0,0,150
2230603,0,0,0,99.99,0.0,0.0,0.0,0.0,0.0,0.0,0.0,0.0,0.0,0.0,0.0,0.0,2.22,-2.2,-54.5,0.0,0.0,0.0,100.0,0,0,150
2230803,0,0,0,99.99,0.0,0.0,0.0,0.0,0.0,0.0,0.0,0.0,0.0,0.0,0.0,0.0,2.22,-2.2,-54.49,0.0,0.0,0.0,100.0,0,0,150
2231003,0,0,0,99.99,0.0,0.0,0.0,0.0,0.0,0.0,0.0,0.0,0.0,0.0,0.0,0.0,2.21,-2.2,-54.52,0.0,0.0,0.0,100.0,0,0,155
2231204,0,0,0,99.99,0.0,0.0,0.0,0.0,0.0,0.0,0.0,0.0,0.0,0.0,0.0,0.0,2.21,-2.2,-54.53,0.0,0.0,0.0,100.0,0,0,156
2231413,0,0,0,99.99,0.0,0.0,0.0,0.0,0.0,0.0,0.0,0.0,0.0,0.0,0.0,0.0,2.27,-2.15,-54.55,0.0,0.0,0.0,100.0,0,0,156
2231613,0,0,0,99.99,0.0,0.0,0.0,0.0,0.0,0.0,0.0,0.0,0.0,0.0,0.0,0.0,2.28,-2.22,-54.54,0.0,0.0,0.0,100.0,0,0,156
2231813,0,0,0,99.99,0.0,0.0,0.0,0.0,0.0,0.0,0.0,0.0,0.0,0.0,0.0,0.0,2.26,-2.22,-54.53,0.0,0.0,0.0,100.0,0,0,156
2232013,0,0,0,99.99,0.0,0.0,0.0,0.0,0.0,0.0,0.0,0.0,0.0,0.0,0.0,0.0,2.26,-2.21,-54.51,0.0,0.0,0.0,100.0,0,0,162
2232213,0,0,0,99.99,0.0,0.0,0.0,0.0,0.0,0.0,0.0,0.0,0.0,0.0,0.0,0.0,2.26,-2.2,-54.49,0.0,0.0,0.0,100.0,0,0,162
2232413,0,0,0,99.99,0.0,0.0,0.0,0.0,0.0,0.0,0.0,0.0,0.0,0.0,0.0,0.0,2.27,-2.2,-54.48,0.0,0.0,0.0,100.0,0,0,162
2232613,0,0,0,99.99,0.0,0.0,0.0,0.0,0.0,0.0,0.0,0.0,0.0,0.0,0.0,0.0,2.28,-2.19,-54.49,0.0,0.0,0.0,100.0,0,0,162
2232813,0,0,0,99.99,0.0,0.0,0.0,0.0,0.0,0.0,0.0,0.0,0.0,0.0,0.0,0.0,2.26,-2.21,-54.5,0.0,0.0,0.0,100.0,0,0,162
2233013,0,0,0,99.99,0.0,0.0,0.0,0.0,0.0,0.0,0.0,0.0,0.0,0.0,0.0,0.0,2.27,-2.21,-54.5,0.0,0.0,0.0,100.0,0,0,168
2233213,0,0,0,99.99,0.0,0.0,0.0,0.0,0.0,0.0,0.0,0.0,0.0,0.0,0.0,0.0,2.28,-2.21,-54.48,0.0,0.0,0.0,100.0,0,0,168
2233414,0,0,0,99.99,0.0,0.0,0.0,0.0,0.0,0.0,0.0,0.0,0.0,0.0,0.0,0.0,2.28,-2.21,-54.49,0.0,0.0,0.0,100.0,0,0,168
2233623,0,0,0,99.99,0.0,0.0,0.0,0.0,0.0,0.0,0.0,0.0,0.0,0.0,0.0,0.0,2.28,-2.21,-54.51,0.0,0.0,0.0,100.0,0,0,168
2233823,0,0,0,99.99,0.0,0.0,0.0,0.0,0.0,0.0,0.0,0.0,0.0,0.0,0.0,0.0,2.3,-2.2,-54.51,0.0,0.0,0.0,100.0,0,0,168
2234023,0,0,0,99.99,0.0,0.0,0.0,0.0,0.0,0.0,0.0,0.0,0.0,0.0,0.0,0.0,2.31,-2.21,-54.49,0.0,0.0,0.0,100.0,0,0,169
2234223,0,0,0,99.99,0.0,0.0,0.0,0.0,0.0,0.0,0.0,0.0,0.0,0.0,0.0,0.0,2.3,-2.2,-54.48,0.0,0.0,0.0,100.0,0,0,174
2234423,0,0,0,99.99,0.0,0.0,0.0,0.0,0.0,0.0,0.0,0.0,0.0,0.0,0.0,0.0,2.31,-2.2,-54.48,0.0,0.0,0.0,100.0,0,0,174
2234623,0,0,0,99.99,0.0,0.0,0.0,0.0,0.0,0.0,0.0,0.0,0.0,0.0,0.0,0.0,2.29,-2.19,-54.46,0.0,0.0,0.0,100.0,0,0,174
2234823,0,0,0,99.99,0.0,0.0,0.0,0.0,0.0,0.0,0.0,0.0,0.0,0.0,0.0,0.0,2.31,-2.2,-54.46,0.0,0.0,0.0,100.0,0,0,174
2235023,0,0,0,99.99,0.0,0.0,0.0,0.0,0.0,0.0,0.0,0.0,0.0,0.0,0.0,0.0,2.31,-2.2,-54.46,0.0,0.0,0.0,100.0,0,0,180
2235223,0,0,0,99.99,0.0,0.0,0.0,0.0,0.0,0.0,0.0,0.0,0.0,0.0,0.0,0.0,2.31,-2.21,-54.47,0.0,0.0,0.0,100.0,0,0,180
2235423,0,0,0,99.99,0.0,0.0,0.0,0.0,0.0,0.0,0.0,0.0,0.0,0.0,0.0,0.0,2.3,-2.21,-54.5,0.0,0.0,0.0,100.0,0,0,180
2235623,0,0,0,99.99,0.0,0.0,0.0,0.0,0.0,0.0,0.0,0.0,0.0,0.0,0.0,0.0,2.3,-2.22,-54.49,0.0,0.0,0.0,100.0,0,0,180
2235823,0,0,0,99.99,0.0,0.0,0.0,0.0,0.0,0.0,0.0,0.0,0.0,0.0,0.0,0.0,2.31,-2.22,-54.49,0.0,0.0,0.0,100.0,0,0,180
2236026,0,0,0,99.99,0.0,0.0,0.0,0.0,0.0,0.0,0.0,0.0,0.0,0.0,0.0,0.0,2.3,-2.23,-54.53,0.0,0.0,0.0,100.0,0,0,186
2236233,0,0,0,99.99,0.0,0.0,0.0,0.0,0.0,0.0,0.0,0.0,0.0,0.0,0.0,0.0,2.3,-2.22,-54.53,0.0,0.0,0.0,100.0,0,0,186
2236433,0,0,0,99.99,0.0,0.0,0.0,0.0,0.0,0.0,0.0,0.0,0.0,0.0,0.0,0.0,2.29,-2.19,-54.51,0.0,0.0,0.0,100.0,0,0,186
2236634,0,0,0,99.99,0.0,0.0,0.0,0.0,0.0,0.0,0.0,0.0,0.0,0.0,0.0,0.0,2.3,-2.19,-54.48,0.0,0.0,0.0,100.0,0,0,186
2236843,0,0,0,99.99,0.0,0.0,0.0,0.0,0.0,0.0,0.0,0.0,0.0,0.0,0.0,0.0,2.28,-2.19,-54.47,0.0,0.0,0.0,100.0,0,0,187
2237043,0,0,0,99.99,0.0,0.0,0.0,0.0,0.0,0.0,0.0,0.0,0.0,0.0,0.0,0.0,0.81,-2.29,-54.61,0.0,0.0,0.0,100.0,0,0,192
2237243,0,0,0,99.99,0.0,0.0,0.0,0.0,0.0,0.0,0.0,0.0,0.0,0.0,0.0,0.0,5.14,0.37,-56.13,0.0,0.0,0.0,100.0,0,0,192
2237443,0,0,0,99.99,0.0,0.0,0.0,0.0,0.0,0.0,0.0,0.0,0.0,0.0,0.0,0.0,-6.36,18.57,-57.66,0.0,0.0,0.0,100.0,0,0,192
2237643,0,0,0,99.99,0.0,0.0,0.0,0.0,0.0,0.0,0.0,0.0,0.0,0.0,0.0,0.0,-20.2,31.23,-62.56,0.0,0.0,0.0,100.0,0,0,192
2237843,0,0,0,99.99,0.0,0.0,0.0,0.0,0.0,0.0,0.0,0.0,0.0,0.0,0.0,0.0,-17.95,30.54,-58.51,0.0,0.0,0.0,100.0,0,0,192
2238043,0,0,0,99.99,0.0,0.0,0.0,0.0,0.0,0.0,0.0,0.0,0.0,0.0,0.0,0.0,-16.99,23.32,-56.81,0.0,0.0,0.0,100.0,0,0,198
2238243,0,0,0,99.99,0.0,0.0,0.0,0.0,0.0,0.0,0.0,0.0,0.0,0.0,0.0,0.0,-12.06,9.95,-51.12,0.0,0.0,0.0,100.0,0,0,198
2238443,0,0,0,99.99,0.0,0.0,0.0,0.0,0.0,0.0,0.0,0.0,0.0,0.0,0.0,0.0,-8.21,0.92,-45.15,0.0,0.0,0.0,100.0,0,0,198
2238643,0,0,0,99.99,0.0,0.0,0.0,0.0,0.0,0.0,0.0,0.0,0.0,0.0,0.0,0.0,-4.58,-1.94,-37.44,0.0,0.0,0.0,100.0,0,0,198
2238843,0,0,0,99.99,0.0,0.0,0.0,0.0,0.0,0.0,0.0,0.0,0.0,0.0,0.0,0.0,0.08,-2.6,-39.73,0.0,0.0,0.0,100.0,0,0,198
2239043,0,0,0,99.99,0.0,0.0,0.0,0.0,0.0,0.0,0.0,0.0,0.0,0.0,0.0,0.0,-0.69,-1.89,-49.19,0.0,0.0,0.0,100.0,0,0,204
2239243,0,0,0,99.99,0.0,0.0,0.0,0.0,0.0,0.0,0.0,0.0,0.0,0.0,0.0,0.0,-1.03,-1.84,-49.47,0.0,0.0,0.0,100.0,0,0,204
2239443,0,0,0,99.99,0.0,0.0,0.0,0.0,0.0,0.0,0.0,0.0,0.0,0.0,0.0,0.0,-1.09,-2.0,-49.87,0.0,0.0,0.0,100.0,0,0,204
2239643,0,0,0,99.99,0.0,0.0,0.0,0.0,0.0,0.0,0.0,0.0,0.0,0.0,0.0,0.0,-1.17,-2.14,-50.05,0.0,0.0,0.0,100.0,0,0,204
2239843,0,0,0,99.99,0.0,0.0,0.0,0.0,0.0,0.0,0.0,0.0,0.0,0.0,0.0,0.0,-0.02,-1.94,-50.58,0.0,0.0,0.0,100.0,0,0,204
2240043,0,0,0,99.99,0.0,0.0,0.0,0.0,0.0,0.0,0.0,0.0,0.0,0.0,0.0,0.0,0.37,-2.34,-50.95,0.0,0.0,0.0,100.0,0,0,206
2240243,0,0,0,99.99,0.0,0.0,0.0,0.0,0.0,0.0,0.0,0.0,0.0,0.0,0.0,0.0,1.03,-2.63,-53.15,0.0,0.0,0.0,100.0,0,0,210
2240443,0,0,0,99.99,0.0,0.0,0.0,0.0,0.0,0.0,0.0,0.0,0.0,0.0,0.0,0.0,-0.26,-2.96,-50.53,0.0,0.0,0.0,100.0,0,0,210
2240643,0,0,0,99.99,0.0,0.0,0.0,0.0,0.0,0.0,0.0,0.0,0.0,0.0,0.0,0.0,-0.43,-3.18,-47.32,0.0,0.0,0.0,100.0,0,0,210
2240843,0,0,0,99.99,0.0,0.0,0.0,0.0,0.0,0.0,0.0,0.0,0.0,0.0,0.0,0.0,-0.98,-3.66,-44.79,0.0,0.0,0.0,100.0,0,0,210
2241043,0,0,0,99.99,0.0,0.0,0.0,0.0,0.0,0.0,0.0,0.0,0.0,0.0,0.0,0.0,-1.36,-3.42,-37.12,0.0,0.0,0.0,100.0,0,0,216
2241243,0,0,0,99.99,0.0,0.0,0.0,0.0,0.0,0.0,0.0,0.0,0.0,0.0,0.0,0.0,-0.62,-2.81,-39.38,0.0,0.0,0.0,100.0,0,0,216
2241443,0,0,0,99.99,0.0,0.0,0.0,0.0,0.0,0.0,0.0,0.0,0.0,0.0,0.0,0.0,-0.22,-2.43,-43.05,0.0,0.0,0.0,100.0,0,0,216
2241643,0,0,0,99.99,0.0,0.0,0.0,0.0,0.0,0.0,0.0,0.0,0.0,0.0,0.0,0.0,0.04,-1.91,-47.58,0.0,0.0,0.0,100.0,0,0,216
2241844,0,0,0,99.99,0.0,0.0,0.0,0.0,0.0,0.0,0.0,0.0,0.0,0.0,0.0,0.0,0.08,-1.98,-49.44,0.0,0.0,0.0,100.0,0,0,217
2242053,0,0,0,99.99,0.0,0.0,0.0,0.0,0.0,0.0,0.0,0.0,0.0,0.0,0.0,0.0,0.09,-1.96,-49.87,0.0,0.0,0.0,100.0,0,0,222
2242253,0,0,0,99.99,0.0,0.0,0.0,0.0,0.0,0.0,0.0,0.0,0.0,0.0,0.0,0.0,0.03,14.29,-48.65,0.0,0.0,0.0,100.0,0,0,222
2242453,0,0,0,99.99,0.0,0.0,0.0,0.0,0.0,0.0,0.0,0.0,0.0,0.0,0.0,0.0,2.64,58.23,-49.33,0.0,0.0,0.0,100.0,0,0,222
2242653,0,0,0,99.99,0.0,0.0,0.0,0.0,0.0,0.0,0.0,0.0,0.0,0.0,0.0,0.0,7.43,67.25,-54.8,0.0,0.0,0.0,100.0,0,0,222
2242853,0,0,0,99.99,0.0,0.0,0.0,0.0,0.0,0.0,0.0,0.0,0.0,0.0,0.0,0.0,4.7,49.96,-67.68,0.0,0.0,0.0,100.0,0,0,223
2243053,0,0,0,99.99,0.0,0.0,0.0,0.0,0.0,0.0,0.0,0.0,0.0,0.0,0.0,0.0,-2.28,-0.55,-73.45,0.0,0.0,0.0,100.0,0,0,228
2243254,0,0,0,99.99,0.0,0.0,0.0,0.0,0.0,0.0,0.0,0.0,0.0,0.0,0.0,0.0,2.62,-6.12,-72.22,0.0,0.0,0.0,100.0,0,0,228
2243463,0,0,0,99.99,0.0,0.0,0.0,0.0,0.0,0.0,0.0,0.0,0.0,0.0,0.0,0.0,1.76,-5.41,-70.66,0.0,0.0,0.0,100.0,0,0,228
2243663,0,0,0,99.99,0.0,0.0,0.0,0.0,0.0,0.0,0.0,0.0,0.0,0.0,0.0,0.0,0.95,-4.96,-70.32,0.0,0.0,0.0,100.0,0,0,228
2243863,0,0,0,99.99,0.0,0.0,0.0,0.0,0.0,0.0,0.0,0.0,0.0,0.0,0.0,0.0,0.74,-4.84,-68.57,0.0,0.0,0.0,100.0,0,0,230
2244063,0,0,0,99.99,0.0,0.0,0.0,0.0,0.0,0.0,0.0,0.0,0.0,0.0,0.0,0.0,0.57,-4.69,-67.13,0.0,0.0,0.0,100.0,0,0,234
2244263,0,0,0,99.99,0.0,0.0,0.0,0.0,0.0,0.0,0.0,0.0,0.0,0.0,0.0,0.0,0.47,-4.53,-66.0,0.0,0.0,0.0,100.0,0,0,234
2244463,0,0,0,99.99,0.0,0.0,0.0,0.0,0.0,0.0,0.0,0.0,0.0,0.0,0.0,0.0,0.4,-4.38,-65.06,0.0,0.0,0.0,100.0,0,0,234
2244663,0,0,0,99.99,0.0,0.0,0.0,0.0,0.0,0.0,0.0,0.0,0.0,0.0,0.0,0.0,0.35,-4.22,-64.28,0.0,0.0,0.0,100.0,0,0,234
2244863,0,0,0,99.99,0.0,0.0,0.0,0.0,0.0,0.0,0.0,0.0,0.0,0.0,0.0,0.0,0.34,-4.07,-63.7,0.0,0.0,0.0,100.0,0,0,235
2245063,0,0,0,99.99,0.0,0.0,0.0,0.0,0.0,0.0,0.0,0.0,0.0,0.0,0.0,0.0,0.33,-3.93,-63.21,0.0,0.0,0.0,100.0,0,0,240
2245263,0,0,0,99.99,0.0,0.0,0.0,0.0,0.0,0.0,0.0,0.0,0.0,0.0,0.0,0.0,0.33,-3.82,-62.82,0.0,0.0,0.0,100.0,0,0,240
2245463,0,0,0,99.99,0.0,0.0,0.0,0.0,0.0,0.0,0.0,0.0,0.0,0.0,0.0,0.0,0.33,-3.71,-62.48,0.0,0.0,0.0,100.0,0,0,240
2245663,0,0,0,99.99,0.0,0.0,0.0,0.0,0.0,0.0,0.0,0.0,0.0,0.0,0.0,0.0,0.35,-3.6,-62.23,0.0,0.0,0.0,100.0,0,0,240
2245863,0,0,0,99.99,0.0,0.0,0.0,0.0,0.0,0.0,0.0,0.0,0.0,0.0,0.0,0.0,0.37,-3.51,-62.04,0.0,0.0,0.0,100.0,0,0,240
2246063,0,0,0,99.99,0.0,0.0,0.0,0.0,0.0,0.0,0.0,0.0,0.0,0.0,0.0,0.0,0.37,-3.45,-61.85,0.0,0.0,0.0,100.0,0,0,243
2246263,0,0,0,99.99,0.0,0.0,0.0,0.0,0.0,0.0,0.0,0.0,0.0,0.0,0.0,0.0,0.38,-3.38,-61.72,0.0,0.0,0.0,100.0,0,0,246
2246463,0,0,0,99.99,0.0,0.0,0.0,0.0,0.0,0.0,0.0,0.0,0.0,0.0,0.0,0.0,0.39,-3.34,-61.6,0.0,0.0,0.0,100.0,0,0,246
2246663,0,0,0,99.99,0.0,0.0,0.0,0.0,0.0,0.0,0.0,0.0,0.0,0.0,0.0,0.0,0.39,-3.32,-61.49,0.0,0.0,0.0,100.0,0,0,246
2246863,0,0,0,99.99,0.0,0.0,0.0,0.0,0.0,0.0,0.0,0.0,0.0,0.0,0.0,0.0,0.39,-3.28,-61.42,0.0,0.0,0.0,100.0,0,0,247
2247063,0,0,0,99.99,0.0,0.0,0.0,0.0,0.0,0.0,0.0,0.0,0.0,0.0,0.0,0.0,0.39,-3.26,-61.34,0.0,0.0,0.0,100.0,0,0,252
2247263,0,0,0,99.99,0.0,0.0,0.0,0.0,0.0,0.0,0.0,0.0,0.0,0.0,0.0,0.0,0.4,-3.23,-61.26,0.0,0.0,0.0,100.0,0,0,252
2247463,0,0,0,99.99,0.0,0.0,0.0,0.0,0.0,0.0,0.0,0.0,0.0,0.0,0.0,0.0,0.41,-3.2,-61.23,0.0,0.0,0.0,100.0,0,0,252
2247663,0,0,0,99.99,0.0,0.0,0.0,0.0,0.0,0.0,0.0,0.0,0.0,0.0,0.0,0.0,0.41,-3.17,-61.2,0.0,0.0,0.0,100.0,0,0,252
2247863,0,0,0,99.99,0.0,0.0,0.0,0.0,0.0,0.0,0.0,0.0,0.0,0.0,0.0,0.0,0.42,-3.16,-61.17,0.0,0.0,0.0,100.0,0,0,253
2248063,0,0,0,99.99,0.0,0.0,0.0,0.0,0.0,0.0,0.0,0.0,0.0,0.0,0.0,0.0,0.43,-3.13,-61.17,0.0,0.0,0.0,100.0,0,0,258
2248263,0,0,0,99.99,0.0,0.0,0.0,0.0,0.0,0.0,0.0,0.0,0.0,0.0,0.0,0.0,0.43,-3.11,-61.15,0.0,0.0,0.0,100.0,0,0,258
2248463,0,0,0,99.99,0.0,0.0,0.0,0.0,0.0,0.0,0.0,0.0,0.0,0.0,0.0,0.0,0.45,-3.12,-61.14,0.0,0.0,0.0,100.0,0,0,258
2248663,0,0,0,99.99,0.0,0.0,0.0,0.0,0.0,0.0,0.0,0.0,0.0,0.0,0.0,0.0,0.45,-3.12,-61.14,0.0,0.0,0.0,100.0,0,0,258
2248863,0,0,0,99.99,0.0,0.0,0.0,0.0,0.0,0.0,0.0,0.0,0.0,0.0,0.0,0.0,0.43,-3.13,-61.17,0.0,0.0,0.0,100.0,0,0,259
2249063,0,0,0,99.99,0.0,0.0,0.0,0.0,0.0,0.0,0.0,0.0,0.0,0.0,0.0,0.0,0.47,-3.11,-61.22,0.0,0.0,0.0,100.0,0,0,264
2249263,0,0,0,99.99,0.0,0.0,0.0,0.0,0.0,0.0,0.0,0.0,0.0,0.0,0.0,0.0,0.49,-3.11,-61.27,0.0,0.0,0.0,100.0,0,0,264
2249463,0,0,0,99.99,0.0,0.0,0.0,0.0,0.0,0.0,0.0,0.0,0.0,0.0,0.0,0.0,0.5,-3.1,-61.29,0.0,0.0,0.0,100.0,0,0,264
2249663,0,0,0,99.99,0.0,0.0,0.0,0.0,0.0,0.0,0.0,0.0,0.0,0.0,0.0,0.0,0.49,-3.08,-61.3,0.0,0.0,0.0,100.0,0,0,264
2249863,0,0,0,99.99,0.0,0.0,0.0,0.0,0.0,0.0,0.0,0.0,0.0,0.0,0.0,0.0,0.48,-3.08,-61.29,0.0,0.0,0.0,100.0,0,0,265
2250063,0,0,0,99.99,0.0,0.0,0.0,0.0,0.0,0.0,0.0,0.0,0.0,0.0,0.0,0.0,0.49,-3.11,-61.25,0.0,0.0,0.0,100.0,0,0,270
2250263,0,0,0,99.99,0.0,0.0,0.0,0.0,0.0,0.0,0.0,0.0,0.0,0.0,0.0,0.0,0.51,-3.12,-61.24,0.0,0.0,0.0,100.0,0,0,270
2250463,0,0,0,99.99,0.0,0.0,0.0,0.0,0.0,0.0,0.0,0.0,0.0,0.0,0.0,0.0,0.5,-3.11,-61.23,0.0,0.0,0.0,100.0,0,0,270
2250663,0,0,0,99.99,0.0,0.0,0.0,0.0,0.0,0.0,0.0,0.0,0.0,0.0,0.0,0.0,0.5,-3.13,-61.22,0.0,0.0,0.0,100.0,0,0,270
2250864,0,0,0,99.99,0.0,0.0,0.0,0.0,0.0,0.0,0.0,0.0,0.0,0.0,0.0,0.0,0.51,-3.13,-61.2,0.0,0.0,0.0,100.0,0,0,272
2251073,0,0,0,99.99,0.0,0.0,0.0,0.0,0.0,0.0,0.0,0.0,0.0,0.0,0.0,0.0,0.49,-3.15,-61.15,0.0,0.0,0.0,100.0,0,0,276
2251273,0,0,0,99.99,0.0,0.0,0.0,0.0,0.0,0.0,0.0,0.0,0.0,0.0,0.0,0.0,0.5,-3.14,-61.12,0.0,0.0,0.0,100.0,0,0,276
2251473,0,0,0,99.99,0.0,0.0,0.0,0.0,0.0,0.0,0.0,0.0,0.0,0.0,0.0,0.0,0.51,-3.14,-61.12,0.0,0.0,0.0,100.0,0,0,276
2251673,0,0,0,99.99,0.0,0.0,0.0,0.0,0.0,0.0,0.0,0.0,0.0,0.0,0.0,0.0,0.51,-3.14,-61.13,0.0,0.0,0.0,100.0,0,0,276
2251873,0,0,0,99.99,0.0,0.0,0.0,0.0,0.0,0.0,0.0,0.0,0.0,0.0,0.0,0.0,0.51,-3.13,-61.13,0.0,0.0,0.0,100.0,0,0,276
2252074,0,0,0,99.99,0.0,0.0,0.0,0.0,0.0,0.0,0.0,0.0,0.0,0.0,0.0,0.0,0.5,-3.14,-61.13,0.0,0.0,0.0,100.0,0,0,279
2252283,0,0,0,99.99,0.0,0.0,0.0,0.0,0.0,0.0,0.0,0.0,0.0,0.0,0.0,0.0,0.51,-3.14,-61.14,0.0,0.0,0.0,100.0,0,0,282
2252484,0,0,0,99.99,0.0,0.0,0.0,0.0,0.0,0.0,0.0,0.0,0.0,0.0,0.0,0.0,0.51,-3.14,-61.13,0.0,0.0,0.0,100.0,0,0,282
2252693,0,0,0,99.99,0.0,0.0,0.0,0.0,0.0,0.0,0.0,0.0,0.0,0.0,0.0,0.0,0.5,-3.13,-61.13,0.0,0.0,0.0,100.0,0,0,282
2252893,0,0,0,99.99,0.0,0.0,0.0,0.0,0.0,0.0,0.0,0.0,0.0,0.0,0.0,0.0,0.5,-3.13,-61.14,0.0,0.0,0.0,100.0,0,0,284
2253093,0,0,0,99.99,0.0,0.0,0.0,0.0,0.0,0.0,0.0,0.0,0.0,0.0,0.0,0.0,0.48,-3.12,-61.13,0.0,0.0,0.0,100.0,0,0,288
2253293,0,0,0,99.99,0.0,0.0,0.0,0.0,0.0,0.0,0.0,0.0,0.0,0.0,0.0,0.0,0.49,-3.13,-61.12,0.0,0.0,0.0,100.0,0,0,288
2253493,0,0,0,99.99,0.0,0.0,0.0,0.0,0.0,0.0,0.0,0.0,0.0,0.0,0.0,0.0,0.47,-3.12,-61.09,0.0,0.0,0.0,100.0,0,0,288
2253693,0,0,0,99.99,0.0,0.0,0.0,0.0,0.0,0.0,0.0,0.0,0.0,0.0,0.0,0.0,0.47,-3.12,-61.05,0.0,0.0,0.0,100.0,0,0,288
2253893,0,0,0,99.99,0.0,0.0,0.0,0.0,0.0,0.0,0.0,0.0,0.0,0.0,0.0,0.0,0.46,-3.11,-61.07,0.0,0.0,0.0,100.0,0,0,290
2254093,0,0,0,99.99,0.0,0.0,0.0,0.0,0.0,0.0,0.0,0.0,0.0,0.0,0.0,0.0,0.47,-3.11,-61.08,0.0,0.0,0.0,100.0,0,0,294
2254293,0,0,0,99.99,0.0,0.0,0.0,0.0,0.0,0.0,0.0,0.0,0.0,0.0,0.0,0.0,0.47,-3.12,-61.05,0.0,0.0,0.0,100.0,0,0,294
2254493,0,0,0,99.99,0.0,0.0,0.0,0.0,0.0,0.0,0.0,0.0,0.0,0.0,0.0,0.0,0.46,-3.11,-61.06,0.0,0.0,0.0,100.0,0,0,294
2254693,0,0,0,99.99,0.0,0.0,0.0,0.0,0.0,0.0,0.0,0.0,0.0,0.0,0.0,0.0,0.46,-3.11,-61.08,0.0,0.0,0.0,100.0,0,0,294
2254893,0,0,0,99.99,0.0,0.0,0.0,0.0,0.0,0.0,0.0,0.0,0.0,0.0,0.0,0.0,0.46,-3.1,-61.08,0.0,0.0,0.0,100.0,0,0,296
2255093,0,0,0,99.99,0.0,0.0,0.0,0.0,0.0,0.0,0.0,0.0,0.0,0.0,0.0,0.0,0.47,-3.1,-61.09,0.0,0.0,0.0,100.0,0,0,300
2255293,0,0,0,99.99,0.0,0.0,0.0,0.0,0.0,0.0,0.0,0.0,0.0,0.0,0.0,0.0,0.47,-3.11,-61.12,0.0,0.0,0.0,100.0,0,0,300
2255493,0,0,0,99.99,0.0,0.0,0.0,0.0,0.0,0.0,0.0,0.0,0.0,0.0,0.0,0.0,0.46,-3.11,-61.12,0.0,0.0,0.0,100.0,0,0,300
2255693,0,0,0,99.99,0.0,0.0,0.0,0.0,0.0,0.0,0.0,0.0,0.0,0.0,0.0,0.0,0.47,-3.1,-61.12,0.0,0.0,0.0,100.0,0,0,300
2255893,0,0,0,99.99,0.0,0.0,0.0,0.0,0.0,0.0,0.0,0.0,0.0,0.0,0.0,0.0,0.45,-3.1,-61.07,0.0,0.0,0.0,100.0,0,0,302
2256094,0,0,0,99.99,0.0,0.0,0.0,0.0,0.0,0.0,0.0,0.0,0.0,0.0,0.0,0.0,0.45,-3.1,-61.08,0.0,0.0,0.0,100.0,0,0,306
2256304,0,0,0,99.99,0.0,0.0,0.0,0.0,0.0,0.0,0.0,0.0,0.0,0.0,0.0,0.0,0.46,-3.1,-61.09,0.0,0.0,0.0,100.0,0,0,306
2256513,0,0,0,99.99,0.0,0.0,0.0,0.0,0.0,0.0,0.0,0.0,0.0,0.0,0.0,0.0,0.46,-3.11,-61.09,0.0,0.0,0.0,100.0,0,0,306
2256713,0,0,0,99.99,0.0,0.0,0.0,0.0,0.0,0.0,0.0,0.0,0.0,0.0,0.0,0.0,0.45,-3.11,-61.08,0.0,0.0,0.0,100.0,0,0,306
2256913,0,0,0,99.99,0.0,0.0,0.0,0.0,0.0,0.0,0.0,0.0,0.0,0.0,0.0,0.0,0.45,-3.11,-61.08,0.0,0.0,0.0,100.0,0,0,309
2257113,0,0,0,99.99,0.0,0.0,0.0,0.0,0.0,0.0,0.0,0.0,0.0,0.0,0.0,0.0,0.45,-3.12,-61.06,0.0,0.0,0.0,100.0,0,0,312
2257313,0,0,0,99.99,0.0,0.0,0.0,0.0,0.0,0.0,0.0,0.0,0.0,0.0,0.0,0.0,0.44,-3.11,-61.06,0.0,0.0,0.0,100.0,0,0,312
2257513,0,0,0,99.99,0.0,0.0,0.0,0.0,0.0,0.0,0.0,0.0,0.0,0.0,0.0,0.0,0.45,-3.09,-61.08,0.0,0.0,0.0,100.0,0,0,312
2257713,0,0,0,99.99,0.0,0.0,0.0,0.0,0.0,0.0,0.0,0.0,0.0,0.0,0.0,0.0,0.45,-3.11,-61.04,0.0,0.0,0.0,100.0,0,0,312
2257913,0,0,0,99.99,0.0,0.0,0.0,0.0,0.0,0.0,0.0,0.0,0.0,0.0,0.0,0.0,0.46,-3.11,-61.05,0.0,0.0,0.0,100.0,0,0,312
2258113,0,0,0,99.99,0.0,0.0,0.0,0.0,0.0,0.0,0.0,0.0,0.0,0.0,0.0,0.0,0.46,-3.12,-61.02,0.0,0.0,0.0,100.0,0,0,315
2258313,0,0,0,99.99,0.0,0.0,0.0,0.0,0.0,0.0,0.0,0.0,0.0,0.0,0.0,0.0,0.45,-3.13,-61.03,0.0,0.0,0.0,100.0,0,0,318
2258513,0,0,0,99.99,0.0,0.0,0.0,0.0,0.0,0.0,0.0,0.0,0.0,0.0,0.0,0.0,0.46,-3.13,-61.01,0.0,0.0,0.0,100.0,0,0,318
2258713,0,0,0,99.99,0.0,0.0,0.0,0.0,0.0,0.0,0.0,0.0,0.0,0.0,0.0,0.0,0.46,-3.12,-61.01,0.0,0.0,0.0,100.0,0,0,318
2258913,0,0,0,99.99,0.0,0.0,0.0,0.0,0.0,0.0,0.0,0.0,0.0,0.0,0.0,0.0,0.47,-3.11,-61.04,0.0,0.0,0.0,100.0,0,0,321
2259113,0,0,0,99.99,0.0,0.0,0.0,0.0,0.0,0.0,0.0,0.0,0.0,0.0,0.0,0.0,0.46,-3.1,-61.06,0.0,0.0,0.0,100.0,0,0,324
2259313,0,0,0,99.99,0.0,0.0,0.0,0.0,0.0,0.0,0.0,0.0,0.0,0.0,0.0,0.0,0.46,-3.1,-61.04,0.0,0.0,0.0,100.0,0,0,324
2259513,0,0,0,99.99,0.0,0.0,0.0,0.0,0.0,0.0,0.0,0.0,0.0,0.0,0.0,0.0,0.46,-3.11,-61.01,0.0,0.0,0.0,99.9,0,0,324
2259713,0,0,0,99.99,0.0,0.0,0.0,0.0,0.0,0.0,0.0,0.0,0.0,0.0,0.0,0.0,0.46,-3.11,-61.04,0.0,0.0,0.0,99.9,0,0,324
2259913,0,0,0,99.99,0.0,0.0,0.0,0.0,0.0,0.0,0.0,0.0,0.0,0.0,0.0,0.0,0.46,-3.09,-61.04,0.0,0.0,0.0,99.9,0,0,327
2260113,0,0,0,99.99,0.0,0.0,0.0,0.0,0.0,0.0,0.0,0.0,0.0,0.0,0.0,0.0,0.45,-3.1,-61.02,0.0,0.0,0.0,99.9,0,0,330
2260313,0,0,0,99.99,0.0,0.0,0.0,0.0,0.0,0.0,0.0,0.0,0.0,0.0,0.0,0.0,0.46,-3.1,-61.02,0.0,0.0,0.0,99.9,0,0,330
2260513,0,0,0,99.99,0.0,0.0,0.0,0.0,0.0,0.0,0.0,0.0,0.0,0.0,0.0,0.0,0.45,-3.11,-61.03,0.0,0.0,0.0,100.1,0,0,330
2260713,0,0,0,99.99,0.0,0.0,0.0,0.0,0.0,0.0,0.0,0.0,0.0,0.0,0.0,0.0,0.44,-3.1,-61.02,0.0,0.0,0.0,100.1,0,0,330
2260913,0,0,0,99.99,0.0,0.0,0.0,0.0,0.0,0.0,0.0,0.0,0.0,0.0,0.0,0.0,0.44,-3.11,-61.0,0.0,0.0,0.0,100.1,0,0,333
2261113,0,0,0,99.99,0.0,0.0,0.0,0.0,0.0,0.0,0.0,0.0,0.0,0.0,0.0,0.0,0.44,-3.1,-61.01,0.0,0.0,0.0,100.1,0,0,336
2261313,0,0,0,99.99,0.0,0.0,0.0,0.0,0.0,0.0,0.0,0.0,0.0,0.0,0.0,0.0,0.45,-3.09,-61.04,0.0,0.0,0.0,100.1,0,0,336
2261513,0,0,0,99.99,0.0,0.0,0.0,0.0,0.0,0.0,0.0,0.0,0.0,0.0,0.0,0.0,0.45,-3.1,-61.05,0.0,0.0,0.0,100.0,0,0,336
2261713,0,0,0,99.99,0.0,0.0,0.0,0.0,0.0,0.0,0.0,0.0,0.0,0.0,0.0,0.0,0.46,-3.11,-61.06,0.0,0.0,0.0,100.0,0,0,336
2261913,0,0,0,99.99,0.0,0.0,0.0,0.0,0.0,0.0,0.0,0.0,0.0,0.0,0.0,0.0,0.46,-3.12,-61.08,0.0,0.0,0.0,100.0,0,0,339
2262113,0,0,0,99.99,0.0,0.0,0.0,0.0,0.0,0.0,0.0,0.0,0.0,0.0,0.0,0.0,0.46,-3.12,-61.06,0.0,0.0,0.0,100.0,0,0,342
2262313,0,0,0,99.99,0.0,0.0,0.0,0.0,0.0,0.0,0.0,0.0,0.0,0.0,0.0,0.0,0.45,-3.11,-61.06,0.0,0.0,0.0,100.0,0,0,342
2262513,0,0,0,99.99,0.0,0.0,0.0,0.0,0.0,0.0,0.0,0.0,0.0,0.0,0.0,0.0,0.45,-3.11,-61.06,0.0,0.0,0.0,100.0,0,0,342
2262713,0,0,0,99.99,0.0,0.0,0.0,0.0,0.0,0.0,0.0,0.0,0.0,0.0,0.0,0.0,0.44,-3.11,-61.05,0.0,0.0,0.0,100.0,0,0,342
2262913,0,0,0,99.99,0.0,0.0,0.0,0.0,0.0,0.0,0.0,0.0,0.0,0.0,0.0,0.0,0.44,-3.11,-61.02,0.0,0.0,0.0,100.0,0,0,345
2263113,0,0,0,99.99,0.0,0.0,0.0,0.0,0.0,0.0,0.0,0.0,0.0,0.0,0.0,0.0,0.44,-3.13,-61.02,0.0,0.0,0.0,100.0,0,0,348
2263313,0,0,0,99.99,0.0,0.0,0.0,0.0,0.0,0.0,0.0,0.0,0.0,0.0,0.0,0.0,0.45,-3.12,-61.04,0.0,0.0,0.0,100.0,0,0,348
2263514,0,0,0,99.99,0.0,0.0,0.0,0.0,0.0,0.0,0.0,0.0,0.0,0.0,0.0,0.0,0.45,-3.12,-61.01,0.0,0.0,0.0,99.9,0,0,348
2263723,0,0,0,99.99,0.0,0.0,0.0,0.0,0.0,0.0,0.0,0.0,0.0,0.0,0.0,0.0,0.44,-3.11,-61.01,0.0,0.0,0.0,99.9,0,0,348
2263923,0,0,0,99.99,0.0,0.0,0.0,0.0,0.0,0.0,0.0,0.0,0.0,0.0,0.0,0.0,0.44,-3.1,-60.98,0.0,0.0,0.0,99.9,0,0,348
2264123,0,0,0,99.99,0.0,0.0,0.0,0.0,0.0,0.0,0.0,0.0,0.0,0.0,0.0,0.0,0.43,-3.1,-60.97,0.0,0.0,0.0,99.9,0,0,352
2264323,0,0,0,99.99,0.0,0.0,0.0,0.0,0.0,0.0,0.0,0.0,0.0,0.0,0.0,0.0,0.44,-3.09,-60.98,0.0,0.0,0.0,99.9,0,0,354
2264523,0,0,0,99.99,0.0,0.0,0.0,0.0,0.0,0.0,0.0,0.0,0.0,0.0,0.0,0.0,0.44,-3.11,-60.98,0.0,0.0,0.0,100.1,0,0,354
2264723,0,0,0,99.99,0.0,0.0,0.0,0.0,0.0,0.0,0.0,0.0,0.0,0.0,0.0,0.0,0.44,-3.1,-60.97,0.0,0.0,0.0,100.1,0,0,354
2264923,0,0,0,99.99,0.0,0.0,0.0,0.0,0.0,0.0,0.0,0.0,0.0,0.0,0.0,0.0,0.44,-3.1,-60.98,0.0,0.0,0.0,100.1,0,0,357
2265123,0,0,0,99.99,0.0,0.0,0.0,0.0,0.0,0.0,0.0,0.0,0.0,0.0,0.0,0.0,0.44,-3.11,-60.98,0.0,0.0,0.0,100.1,0,0,360
2265323,0,0,0,99.99,0.0,0.0,0.0,0.0,0.0,0.0,0.0,0.0,0.0,0.0,0.0,0.0,0.44,-3.12,-60.97,0.0,0.0,0.0,100.1,0,0,360
2265523,0,0,0,99.99,0.0,0.0,0.0,0.0,0.0,0.0,0.0,0.0,0.0,0.0,0.0,0.0,0.44,-3.11,-60.95,0.0,0.0,0.0,100.0,0,0,360
2265723,0,0,0,99.99,0.0,0.0,0.0,0.0,0.0,0.0,0.0,0.0,0.0,0.0,0.0,0.0,0.43,-3.1,-60.97,0.0,0.0,0.0,100.0,0,0,360
2265923,0,0,0,99.99,0.0,0.0,0.0,0.0,0.0,0.0,0.0,0.0,0.0,0.0,0.0,0.0,0.43,-3.1,-60.97,0.0,0.0,0.0,100.0,0,0,363
2266123,0,0,0,99.99,0.0,0.0,0.0,0.0,0.0,0.0,0.0,0.0,0.0,0.0,0.0,0.0,0.44,-3.09,-60.98,0.0,0.0,0.0,100.0,0,0,366
2266323,0,0,0,99.99,0.0,0.0,0.0,0.0,0.0,0.0,0.0,0.0,0.0,0.0,0.0,0.0,0.44,-3.1,-61.0,0.0,0.0,0.0,100.0,0,0,366
2266523,0,0,0,99.99,0.0,0.0,0.0,0.0,0.0,0.0,0.0,0.0,0.0,0.0,0.0,0.0,0.44,-3.11,-60.97,0.0,0.0,0.0,100.0,0,0,366
2266723,0,0,0,99.99,0.0,0.0,0.0,0.0,0.0,0.0,0.0,0.0,0.0,0.0,0.0,0.0,0.44,-3.11,-60.97,0.0,0.0,0.0,100.0,0,0,366
2266923,0,0,0,99.99,0.0,0.0,0.0,0.0,0.0,0.0,0.0,0.0,0.0,0.0,0.0,0.0,0.44,-3.1,-61.02,0.0,0.0,0.0,100.0,0,0,369
2267123,0,0,0,99.99,0.0,0.0,0.0,0.0,0.0,0.0,0.0,0.0,0.0,0.0,0.0,0.0,0.45,-3.1,-61.0,0.0,0.0,0.0,100.0,0,0,372
2267323,0,0,0,99.99,0.0,0.0,0.0,0.0,0.0,0.0,0.0,0.0,0.0,0.0,0.0,0.0,0.45,-3.12,-61.0,0.0,0.0,0.0,100.0,0,0,372
2267523,0,0,0,99.99,0.0,0.0,0.0,0.0,0.0,0.0,0.0,0.0,0.0,0.0,0.0,0.0,0.44,-3.11,-60.99,0.0,0.0,0.0,100.0,0,0,372
2267723,0,0,0,99.99,0.0,0.0,0.0,0.0,0.0,0.0,0.0,0.0,0.0,0.0,0.0,0.0,0.44,-3.13,-60.94,0.0,0.0,0.0,100.0,0,0,372
2267923,0,0,0,99.99,0.0,0.0,0.0,0.0,0.0,0.0,0.0,0.0,0.0,0.0,0.0,0.0,0.43,-3.13,-60.96,0.0,0.0,0.0,100.0,0,0,375
2268123,0,0,0,99.99,0.0,0.0,0.0,0.0,0.0,0.0,0.0,0.0,0.0,0.0,0.0,0.0,0.44,-3.13,-60.99,0.0,0.0,0.0,100.0,0,0,378
2268323,0,0,0,99.99,0.0,0.0,0.0,0.0,0.0,0.0,0.0,0.0,0.0,0.0,0.0,0.0,0.44,-3.11,-60.99,0.0,0.0,0.0,100.0,0,0,378
2268523,0,0,0,99.99,0.0,0.0,0.0,0.0,0.0,0.0,0.0,0.0,0.0,0.0,0.0,0.0,0.42,-3.12,-60.98,0.0,0.0,0.0,100.0,0,0,378
2268723,0,0,0,99.99,0.0,0.0,0.0,0.0,0.0,0.0,0.0,0.0,0.0,0.0,0.0,0.0,0.42,-3.12,-60.97,0.0,0.0,0.0,100.0,0,0,378
2268923,0,0,0,99.99,0.0,0.0,0.0,0.0,0.0,0.0,0.0,0.0,0.0,0.0,0.0,0.0,0.42,-3.1,-60.99,0.0,0.0,0.0,100.0,0,0,381
2269123,0,0,0,99.99,0.0,0.0,0.0,0.0,0.0,0.0,0.0,0.0,0.0,0.0,0.0,0.0,0.42,-3.11,-60.98,0.0,0.0,0.0,100.0,0,0,384
2269323,0,0,0,99.99,0.0,0.0,0.0,0.0,0.0,0.0,0.0,0.0,0.0,0.0,0.0,0.0,0.42,-3.11,-60.96,0.0,0.0,0.0,100.0,0,0,384
2269523,0,0,0,99.99,0.0,0.0,0.0,0.0,0.0,0.0,0.0,0.0,0.0,0.0,0.0,0.0,0.41,-3.1,-60.94,0.0,0.0,0.0,99.9,0,0,384
2269723,0,0,0,99.99,0.0,0.0,0.0,0.0,0.0,0.0,0.0,0.0,0.0,0.0,0.0,0.0,0.41,-3.09,-60.94,0.0,0.0,0.0,99.9,0,0,384
2269923,0,0,0,99.99,0.0,0.0,0.0,0.0,0.0,0.0,0.0,0.0,0.0,0.0,0.0,0.0,0.42,-3.09,-60.94,0.0,0.0,0.0,99.9,0,0,384
2270123,0,0,0,99.99,0.0,0.0,0.0,0.0,0.0,0.0,0.0,0.0,0.0,0.0,0.0,0.0,0.41,-3.1,-60.96,0.0,0.0,0.0,99.9,0,0,388
2270323,0,0,0,99.99,0.0,0.0,0.0,0.0,0.0,0.0,0.0,0.0,0.0,0.0,0.0,0.0,0.43,-3.12,-60.96,0.0,0.0,0.0,99.9,0,0,390
2270523,0,0,0,99.99,0.0,0.0,0.0,0.0,0.0,0.0,0.0,0.0,0.0,0.0,0.0,0.0,0.42,-3.12,-60.98,0.0,0.0,0.0,100.1,0,0,390
2270723,0,0,0,99.99,0.0,0.0,0.0,0.0,0.0,0.0,0.0,0.0,0.0,0.0,0.0,0.0,0.43,-3.14,-61.0,0.0,0.0,0.0,100.1,0,0,390
2270923,0,0,0,99.99,0.0,0.0,0.0,0.0,0.0,0.0,0.0,0.0,0.0,0.0,0.0,0.0,0.44,-3.06,-60.99,0.0,0.0,0.0,100.1,0,0,393
2271123,0,0,0,99.99,0.0,0.0,0.0,0.0,0.0,0.0,0.0,0.0,0.0,0.0,0.0,0.0,0.45,-3.01,-61.0,0.0,0.0,0.0,100.1,0,0,396
2271323,0,0,0,99.99,0.0,0.0,0.0,0.0,0.0,0.0,0.0,0.0,0.0,0.0,0.0,0.0,0.68,-3.0,-61.18,0.0,0.0,0.0,100.1,0,0,396
2271523,0,0,0,99.99,0.0,0.0,0.0,0.0,0.0,0.0,0.0,0.0,0.0,0.0,0.0,0.0,0.66,-2.97,-61.02,0.0,0.0,0.0,100.0,0,0,396
2271723,0,0,0,99.99,0.0,0.0,0.0,0.0,0.0,0.0,0.0,0.0,0.0,0.0,0.0,0.0,1.79,-2.17,-61.3,0.0,0.0,0.0,100.0,0,0,396
2271924,0,0,0,99.99,0.0,0.0,0.0,0.0,0.0,0.0,0.0,0.0,0.0,0.0,0.0,0.0,2.48,1.43,-61.29,0.0,0.0,0.0,100.0,0,0,399
2272133,0,0,0,99.99,0.0,0.0,0.0,0.0,0.0,0.0,0.0,0.0,0.0,0.0,0.0,0.0,2.72,4.74,-61.29,0.0,0.0,0.0,100.0,0,0,402
2272333,0,0,0,99.99,0.0,0.0,0.0,0.0,0.0,0.0,0.0,0.0,0.0,0.0,0.0,0.0,3.17,7.61,-61.51,0.0,0.0,0.0,100.0,0,0,402
2272533,0,0,0,99.99,0.0,0.0,0.0,0.0,0.0,0.0,0.0,0.0,0.0,0.0,0.0,0.0,3.23,9.56,-61.65,0.0,0.0,0.0,100.0,0,0,402
2272733,0,0,0,99.99,0.0,0.0,0.0,0.0,0.0,0.0,0.0,0.0,0.0,0.0,0.0,0.0,3.35,11.73,-62.07,0.0,0.0,0.0,100.0,0,0,402
2272933,0,0,0,99.99,0.0,0.0,0.0,0.0,0.0,0.0,0.0,0.0,0.0,0.0,0.0,0.0,3.49,13.02,-62.41,0.0,0.0,0.0,100.0,0,0,405
2273133,0,0,0,99.99,0.0,0.0,0.0,0.0,0.0,0.0,0.0,0.0,0.0,0.0,0.0,0.0,3.72,14.84,-62.53,0.0,0.0,0.0,100.0,0,0,408
2273333,0,0,0,99.99,0.0,0.0,0.0,0.0,0.0,0.0,0.0,0.0,0.0,0.0,0.0,0.0,3.85,16.12,-63.37,0.0,0.0,0.0,100.0,0,0,408
2273533,0,0,0,99.99,0.0,0.0,0.0,0.0,0.0,0.0,0.0,0.0,0.0,0.0,0.0,0.0,4.03,17.65,-63.91,0.0,0.0,0.0,100.0,0,0,408
2273733,0,0,0,99.99,0.0,0.0,0.0,0.0,0.0,0.0,0.0,0.0,0.0,0.0,0.0,0.0,4.25,19.41,-64.75,0.0,0.0,0.0,100.0,0,0,408
2273933,0,0,0,99.99,0.0,0.0,0.0,0.0,0.0,0.0,0.0,0.0,0.0,0.0,0.0,0.0,4.33,20.03,-65.71,0.0,0.0,0.0,100.0,0,0,411
2274133,0,0,0,99.99,0.0,0.0,0.0,0.0,0.0,0.0,0.0,0.0,0.0,0.0,0.0,0.0,4.42,20.8,-66.44,0.0,0.0,0.0,100.0,0,0,414
2274334,0,0,0,99.99,0.0,0.0,0.0,0.0,0.0,0.0,0.0,0.0,0.0,0.0,0.0,0.0,4.47,21.45,-67.13,0.0,0.0,0.0,100.0,0,0,414
2274543,0,0,0,99.99,0.0,0.0,0.0,0.0,0.0,0.0,0.0,0.0,0.0,0.0,0.0,0.0,4.6,21.81,-67.72,0.0,0.0,0.0,100.0,0,0,414
2274744,0,0,0,99.99,0.0,0.0,0.0,0.0,0.0,0.0,0.0,0.0,0.0,0.0,0.0,0.0,4.72,22.23,-68.47,0.0,0.0,0.0,100.0,0,0,414
2274953,0,0,0,99.99,0.0,0.0,0.0,0.0,0.0,0.0,0.0,0.0,0.0,0.0,0.0,0.0,4.84,24.29,-68.66,0.0,0.0,0.0,100.0,0,0,417
2275153,0,0,0,99.99,0.0,0.0,0.0,0.0,0.0,0.0,0.0,0.0,0.0,0.0,0.0,0.0,4.92,24.74,-69.53,0.0,0.0,0.0,100.0,0,0,420
2275353,0,0,0,99.99,0.0,0.0,0.0,0.0,0.0,0.0,0.0,0.0,0.0,0.0,0.0,0.0,4.98,25.01,-69.98,0.0,0.0,0.0,100.0,0,0,420
2275553,0,0,0,99.99,0.0,0.0,0.0,0.0,0.0,0.0,0.0,0.0,0.0,0.0,0.0,0.0,5.16,26.73,-70.08,0.0,0.0,0.0,100.0,0,0,420
2275753,0,0,0,99.99,0.0,0.0,0.0,0.0,0.0,0.0,0.0,0.0,0.0,0.0,0.0,0.0,5.21,26.83,-71.12,0.0,0.0,0.0,100.0,0,0,420
2275953,0,0,0,99.99,0.0,0.0,0.0,0.0,0.0,0.0,0.0,0.0,0.0,0.0,0.0,0.0,5.24,26.09,-71.84,0.0,0.0,0.0,100.0,0,0,420
2276153,0,0,0,99.99,0.0,0.0,0.0,0.0,0.0,0.0,0.0,0.0,0.0,0.0,0.0,0.0,5.24,25.86,-72.32,0.0,0.0,0.0,100.0,0,0,425
2276353,0,0,0,99.99,0.0,0.0,0.0,0.0,0.0,0.0,0.0,0.0,0.0,0.0,0.0,0.0,5.3,25.91,-72.46,0.0,0.0,0.0,100.0,0,0,426
2276553,0,0,0,99.99,0.0,0.0,0.0,0.0,0.0,0.0,0.0,0.0,0.0,0.0,0.0,0.0,5.36,26.0,-72.56,0.0,0.0,0.0,100.0,0,0,426
2276753,0,0,0,99.99,0.0,0.0,0.0,0.0,0.0,0.0,0.0,0.0,0.0,0.0,0.0,0.0,5.38,26.05,-72.67,0.0,0.0,0.0,100.0,0,0,426
2276953,0,0,0,99.99,0.0,0.0,0.0,0.0,0.0,0.0,0.0,0.0,0.0,0.0,0.0,0.0,5.42,25.96,-72.75,0.0,0.0,0.0,100.0,0,0,429
2277153,0,0,0,99.99,0.0,0.0,0.0,0.0,0.0,0.0,0.0,0.0,0.0,0.0,0.0,0.0,5.42,25.96,-72.79,0.0,0.0,0.0,100.0,0,0,432
2277353,0,0,0,99.99,0.0,0.0,0.0,0.0,0.0,0.0,0.0,0.0,0.0,0.0,0.0,0.0,5.41,25.76,-72.83,0.0,0.0,0.0,100.0,0,0,432
2277553,0,0,0,99.99,0.0,0.0,0.0,0.0,0.0,0.0,0.0,0.0,0.0,0.0,0.0,0.0,5.43,25.88,-72.79,0.0,0.0,0.0,100.0,0,0,432
2277753,0,0,0,99.99,0.0,0.0,0.0,0.0,0.0,0.0,0.0,0.0,0.0,0.0,0.0,0.0,5.44,25.91,-72.81,0.0,0.0,0.0,100.0,0,0,432
2277953,0,0,0,99.99,0.0,0.0,0.0,0.0,0.0,0.0,0.0,0.0,0.0,0.0,0.0,0.0,5.46,25.96,-72.78,0.0,0.0,0.0,100.0,0,0,435
2278153,0,0,0,99.99,0.0,0.0,0.0,0.0,0.0,0.0,0.0,0.0,0.0,0.0,0.0,0.0,5.46,25.93,-72.82,0.0,0.0,0.0,100.0,0,0,438
2278353,0,0,0,99.99,0.0,0.0,0.0,0.0,0.0,0.0,0.0,0.0,0.0,0.0,0.0,0.0,5.49,25.94,-72.81,0.0,0.0,0.0,100.0,0,0,438
2278553,0,0,0,99.99,0.0,0.0,0.0,0.0,0.0,0.0,0.0,0.0,0.0,0.0,0.0,0.0,5.5,25.87,-72.81,0.0,0.0,0.0,100.0,0,0,438
2278753,0,0,0,99.99,0.0,0.0,0.0,0.0,0.0,0.0,0.0,0.0,0.0,0.0,0.0,0.0,5.49,25.85,-72.78,0.0,0.0,0.0,100.0,0,0,438
2278953,0,0,0,99.99,0.0,0.0,0.0,0.0,0.0,0.0,0.0,0.0,0.0,0.0,0.0,0.0,5.46,25.86,-72.79,0.0,0.0,0.0,100.0,0,0,441
2279153,0,0,0,99.99,0.0,0.0,0.0,0.0,0.0,0.0,0.0,0.0,0.0,0.0,0.0,0.0,5.49,25.94,-72.76,0.0,0.0,0.0,100.0,0,0,444
2279353,0,0,0,99.99,0.0,0.0,0.0,0.0,0.0,0.0,0.0,0.0,0.0,0.0,0.0,0.0,5.48,25.99,-72.75,0.0,0.0,0.0,100.0,0,0,444
2279553,0,0,0,99.99,0.0,0.0,0.0,0.0,0.0,0.0,0.0,0.0,0.0,0.0,0.0,0.0,5.46,25.8,-72.76,0.0,0.0,0.0,100.0,0,0,444
2279753,0,0,0,99.99,0.0,0.0,0.0,0.0,0.0,0.0,0.0,0.0,0.0,0.0,0.0,0.0,5.46,25.77,-72.72,0.0,0.0,0.0,100.0,0,0,444
2279953,0,0,0,99.99,0.0,0.0,0.0,0.0,0.0,0.0,0.0,0.0,0.0,0.0,0.0,0.0,5.45,25.74,-72.68,0.0,0.0,0.0,100.0,0,0,447
2280153,0,0,0,99.99,0.0,0.0,0.0,0.0,0.0,0.0,0.0,0.0,0.0,0.0,0.0,0.0,5.45,25.77,-72.62,0.0,0.0,0.0,100.0,0,0,450
2280353,0,0,0,99.99,0.0,0.0,0.0,0.0,0.0,0.0,0.0,0.0,0.0,0.0,0.0,0.0,5.44,25.9,-72.61,0.0,0.0,0.0,100.0,0,0,450
2280553,0,0,0,99.99,0.0,0.0,0.0,0.0,0.0,0.0,0.0,0.0,0.0,0.0,0.0,0.0,5.46,25.92,-72.62,0.0,0.0,0.0,100.0,0,0,450
2280753,0,0,0,99.99,0.0,0.0,0.0,0.0,0.0,0.0,0.0,0.0,0.0,0.0,0.0,0.0,5.5,26.04,-72.54,0.0,0.0,0.0,100.0,0,0,450
2280953,0,0,0,99.99,0.0,0.0,0.0,0.0,0.0,0.0,0.0,0.0,0.0,0.0,0.0,0.0,5.5,25.88,-72.6,0.0,0.0,0.0,100.0,0,0,453
2281153,0,0,0,99.99,0.0,0.0,0.0,0.0,0.0,0.0,0.0,0.0,0.0,0.0,0.0,0.0,5.5,26.04,-72.57,0.0,0.0,0.0,100.0,0,0,456
2281353,0,0,0,99.99,0.0,0.0,0.0,0.0,0.0,0.0,0.0,0.0,0.0,0.0,0.0,0.0,5.5,26.06,-72.6,0.0,0.0,0.0,100.0,0,0,456
2281553,0,0,0,99.99,0.0,0.0,0.0,0.0,0.0,0.0,0.0,0.0,0.0,0.0,0.0,0.0,5.51,26.29,-72.57,0.0,0.0,0.0,100.0,0,0,456
2281753,0,0,0,99.99,0.0,0.0,0.0,0.0,0.0,0.0,0.0,0.0,0.0,0.0,0.0,0.0,5.54,26.64,-72.64,0.0,0.0,0.0,100.0,0,0,456
2281953,0,0,0,99.99,0.0,0.0,0.0,0.0,0.0,0.0,0.0,0.0,0.0,0.0,0.0,0.0,5.54,26.84,-72.74,0.0,0.0,0.0,100.0,0,0,456
2282153,0,0,0,99.99,0.0,0.0,0.0,0.0,0.0,0.0,0.0,0.0,0.0,0.0,0.0,0.0,5.55,27.76,-72.8,0.0,0.0,0.0,100.0,0,0,461
2282354,0,0,0,99.99,0.0,0.0,0.0,0.0,0.0,0.0,0.0,0.0,0.0,0.0,0.0,0.0,5.7,30.42,-72.79,0.0,0.0,0.0,100.0,0,0,462
2282563,0,0,0,99.99,0.0,0.0,0.0,0.0,0.0,0.0,0.0,0.0,0.0,0.0,0.0,0.0,5.78,32.51,-73.78,0.0,0.0,0.0,100.0,0,0,462
2282764,0,0,0,99.99,0.0,0.0,0.0,0.0,0.0,0.0,0.0,0.0,0.0,0.0,0.0,0.0,5.87,33.34,-74.52,0.0,0.0,0.0,100.0,0,0,462
2282973,0,0,0,99.99,0.0,0.0,0.0,0.0,0.0,0.0,0.0,0.0,0.0,0.0,0.0,0.0,5.97,34.04,-75.28,0.0,0.0,0.0,100.0,0,0,466
2283173,0,0,0,99.99,0.0,0.0,0.0,0.0,0.0,0.0,0.0,0.0,0.0,0.0,0.0,0.0,6.03,34.34,-76.07,0.0,0.0,0.0,100.0,0,0,468
2283374,0,0,0,99.99,0.0,0.0,0.0,0.0,0.0,0.0,0.0,0.0,0.0,0.0,0.0,0.0,6.13,34.5,-76.65,0.0,0.0,0.0,99.9,0,0,468
2283583,0,0,0,99.99,0.0,0.0,0.0,0.0,0.0,0.0,0.0,0.0,0.0,0.0,0.0,0.0,6.13,34.54,-77.32,0.0,0.0,0.0,99.9,0,0,468
2283783,0,0,0,99.99,0.0,0.0,0.0,0.0,0.0,0.0,0.0,0.0,0.0,0.0,0.0,0.0,6.18,34.81,-77.94,0.0,0.0,0.0,99.9,0,0,468
2283983,0,0,0,99.99,0.0,0.0,0.0,0.0,0.0,0.0,0.0,0.0,0.0,0.0,0.0,0.0,6.26,35.28,-78.42,0.0,0.0,0.0,99.9,0,0,473
2284183,0,0,0,99.99,0.0,0.0,0.0,0.0,0.0,0.0,0.0,0.0,0.0,0.0,0.0,0.0,6.33,35.79,-78.93,0.0,0.0,0.0,99.9,0,0,474
2284383,0,0,0,99.99,0.0,0.0,0.0,0.0,0.0,0.0,0.0,0.0,0.0,0.0,0.0,0.0,6.39,35.98,-79.1,0.0,0.0,0.0,100.1,0,0,474
2284583,0,0,0,99.99,0.0,0.0,0.0,0.0,0.0,0.0,0.0,0.0,0.0,0.0,0.0,0.0,6.46,36.29,-79.33,0.0,0.0,0.0,100.1,0,0,474
2284783,0,0,0,99.99,0.0,0.0,0.0,0.0,0.0,0.0,0.0,0.0,0.0,0.0,0.0,0.0,6.59,36.73,-79.41,0.0,0.0,0.0,100.1,0,0,474
2284983,0,0,0,99.99,0.0,0.0,0.0,0.0,0.0,0.0,0.0,0.0,0.0,0.0,0.0,0.0,6.63,36.96,-79.7,0.0,0.0,0.0,100.1,0,0,478
2285183,0,0,0,99.99,0.0,0.0,0.0,0.0,0.0,0.0,0.0,0.0,0.0,0.0,0.0,0.0,6.67,37.3,-80.08,0.0,0.0,0.0,100.1,0,0,480
2285383,0,0,0,99.99,0.0,0.0,0.0,0.0,0.0,0.0,0.0,0.0,0.0,0.0,0.0,0.0,6.71,37.75,-80.5,0.0,0.0,0.0,100.0,0,0,480
2285583,0,0,0,99.99,0.0,0.0,0.0,0.0,0.0,0.0,0.0,0.0,0.0,0.0,0.0,0.0,6.82,38.39,-80.63,0.0,0.0,0.0,100.0,0,0,480
2285783,0,0,0,99.99,0.0,0.0,0.0,0.0,0.0,0.0,0.0,0.0,0.0,0.0,0.0,0.0,6.96,39.35,-80.93,0.0,0.0,0.0,100.0,0,0,480
2285984,0,0,0,99.99,0.0,0.0,0.0,0.0,0.0,0.0,0.0,0.0,0.0,0.0,0.0,0.0,7.04,39.83,-81.43,0.0,0.0,0.0,100.0,0,0,484
2286193,0,0,0,99.99,0.0,0.0,0.0,0.0,0.0,0.0,0.0,0.0,0.0,0.0,0.0,0.0,7.19,40.64,-81.9,0.0,0.0,0.0,100.0,0,0,486
2286393,0,0,0,99.99,0.0,0.0,0.0,0.0,0.0,0.0,0.0,0.0,0.0,0.0,0.0,0.0,7.23,40.94,-82.49,0.0,0.0,0.0,100.0,0,0,486
2286593,0,0,0,99.99,0.0,0.0,0.0,0.0,0.0,0.0,0.0,0.0,0.0,0.0,0.0,0.0,7.36,41.59,-83.03,0.0,0.0,0.0,100.0,0,0,486
2286793,0,0,0,99.99,0.0,0.0,0.0,0.0,0.0,0.0,0.0,0.0,0.0,0.0,0.0,0.0,7.46,41.97,-83.52,0.0,0.0,0.0,100.0,0,0,486
2286993,0,0,0,99.99,0.0,0.0,0.0,0.0,0.0,0.0,0.0,0.0,0.0,0.0,0.0,0.0,7.61,42.61,-84.01,0.0,0.0,0.0,100.0,0,0,491
2287193,0,0,0,99.99,0.0,0.0,0.0,0.0,0.0,0.0,0.0,0.0,0.0,0.0,0.0,0.0,7.65,42.89,-84.64,0.0,0.0,0.0,100.0,0,0,492
2287393,0,0,0,99.99,0.0,0.0,0.0,0.0,0.0,0.0,0.0,0.0,0.0,0.0,0.0,0.0,7.74,43.31,-85.06,0.0,0.0,0.0,100.0,0,0,492
2287593,0,0,0,99.99,0.0,0.0,0.0,0.0,0.0,0.0,0.0,0.0,0.0,0.0,0.0,0.0,7.8,43.42,-85.43,0.0,0.0,0.0,100.0,0,0,492
2287793,0,0,0,99.99,0.0,0.0,0.0,0.0,0.0,0.0,0.0,0.0,0.0,0.0,0.0,0.0,7.87,43.42,-85.75,0.0,0.0,0.0,100.0,0,0,492
2287993,0,0,0,99.99,0.0,0.0,0.0,0.0,0.0,0.0,0.0,0.0,0.0,0.0,0.0,0.0,7.92,43.51,-86.03,0.0,0.0,0.0,100.0,0,0,492
2288193,0,0,0,99.99,0.0,0.0,0.0,0.0,0.0,0.0,0.0,0.0,0.0,0.0,0.0,0.0,7.96,43.55,-86.28,0.0,0.0,0.0,100.0,0,0,498
2288393,0,0,0,99.99,0.0,0.0,0.0,0.0,0.0,0.0,0.0,0.0,0.0,0.0,0.0,0.0,8.03,43.61,-86.43,0.0,0.0,0.0,100.0,0,0,498
2288593,0,0,0,99.99,0.0,0.0,0.0,0.0,0.0,0.0,0.0,0.0,0.0,0.0,0.0,0.0,8.07,43.66,-86.55,0.0,0.0,0.0,100.0,0,0,498
2288794,0,0,0,99.99,0.0,0.0,0.0,0.0,0.0,0.0,0.0,0.0,0.0,0.0,0.0,0.0,8.04,43.16,-86.48,0.0,0.0,0.0,100.0,0,0,498
2288994,0,0,0,99.99,0.0,0.0,0.0,0.0,0.0,0.0,0.0,0.0,0.0,0.0,0.0,0.0,7.89,42.13,-86.59,0.0,0.0,0.0,100.0,0,0,503
2289203,0,0,0,99.99,0.0,0.0,0.0,0.0,0.0,0.0,0.0,0.0,0.0,0.0,0.0,0.0,7.58,39.45,-86.67,0.0,0.0,0.0,100.0,0,0,504
2289403,0,0,0,99.99,0.0,0.0,0.0,0.0,0.0,0.0,0.0,0.0,0.0,0.0,0.0,0.0,7.12,37.57,-86.52,0.0,0.0,0.0,100.0,0,0,504
2289603,0,0,0,99.99,0.0,0.0,0.0,0.0,0.0,0.0,0.0,0.0,0.0,0.0,0.0,0.0,6.85,34.23,-85.97,0.0,0.0,0.0,100.0,0,0,504
2289803,0,0,0,99.99,0.0,0.0,0.0,0.0,0.0,0.0,0.0,0.0,0.0,0.0,0.0,0.0,6.42,29.69,-84.98,0.0,0.0,0.0,100.0,0,0,504
2290003,0,0,0,99.99,0.0,0.0,0.0,0.0,0.0,0.0,0.0,0.0,0.0,0.0,0.0,0.0,5.89,24.68,-83.65,0.0,0.0,0.0,100.0,0,0,509
2290203,0,0,0,99.99,0.0,0.0,0.0,0.0,0.0,0.0,0.0,0.0,0.0,0.0,0.0,0.0,5.46,20.38,-81.72,0.0,0.0,0.0,100.0,0,0,510
2290403,0,0,0,99.99,0.0,0.0,0.0,0.0,0.0,0.0,0.0,0.0,0.0,0.0,0.0,0.0,5.02,15.85,-79.09,0.0,0.0,0.0,100.0,0,0,510
2290603,0,0,0,99.99,0.0,0.0,0.0,0.0,0.0,0.0,0.0,0.0,0.0,0.0,0.0,0.0,4.58,10.83,-76.49,0.0,0.0,0.0,100.0,0,0,510
2290803,0,0,0,99.99,0.0,0.0,0.0,0.0,0.0,0.0,0.0,0.0,0.0,0.0,0.0,0.0,3.89,4.22,-73.54,0.0,0.0,0.0,100.0,0,0,510
2291003,0,0,0,99.99,0.0,0.0,0.0,0.0,0.0,0.0,0.0,0.0,0.0,0.0,0.0,0.0,3.34,-2.26,-70.62,0.0,0.0,0.0,100.0,0,0,515
2291203,0,0,0,99.99,0.0,0.0,0.0,0.0,0.0,0.0,0.0,0.0,0.0,0.0,0.0,0.0,2.71,-3.22,-67.56,0.0,0.0,0.0,100.0,0,0,516
2291403,0,0,0,99.99,0.0,0.0,0.0,0.0,0.0,0.0,0.0,0.0,0.0,0.0,0.0,0.0,2.41,-3.72,-65.05,0.0,0.0,0.0,100.0,0,0,516
2291603,0,0,0,99.99,0.0,0.0,0.0,0.0,0.0,0.0,0.0,0.0,0.0,0.0,0.0,0.0,2.18,-3.83,-63.07,0.0,0.0,0.0,100.0,0,0,516
2291803,0,0,0,99.99,0.0,0.0,0.0,0.0,0.0,0.0,0.0,0.0,0.0,0.0,0.0,0.0,2.27,-3.3,-61.45,0.0,0.0,0.0,100.0,0,0,516
2292003,0,0,0,99.99,0.0,0.0,0.0,0.0,0.0,0.0,0.0,0.0,0.0,0.0,0.0,0.0,2.07,-3.55,-60.3,0.0,0.0,0.0,100.0,0,0,521
2292203,0,0,0,99.99,0.0,0.0,0.0,0.0,0.0,0.0,0.0,0.0,0.0,0.0,0.0,0.0,1.91,-3.68,-59.3,0.0,0.0,0.0,100.0,0,0,522
2292403,0,0,0,99.99,0.0,0.0,0.0,0.0,0.0,0.0,0.0,0.0,0.0,0.0,0.0,0.0,1.86,-3.51,-58.41,0.0,0.0,0.0,100.0,0,0,522
2292604,0,0,0,99.99,0.0,0.0,0.0,0.0,0.0,0.0,0.0,0.0,0.0,0.0,0.0,0.0,1.71,-3.36,-57.88,0.0,0.0,0.0,100.0,0,0,522
2292813,0,0,0,99.99,0.0,0.0,0.0,0.0,0.0,0.0,0.0,0.0,0.0,0.0,0.0,0.0,1.6,-3.48,-57.42,0.0,0.0,0.0,100.0,0,0,522
2293013,0,0,0,99.99,0.0,0.0,0.0,0.0,0.0,0.0,0.0,0.0,0.0,0.0,0.0,0.0,1.12,-3.95,-57.36,0.0,0.0,0.0,100.0,0,0,528
2293213,0,0,0,99.99,0.0,0.0,0.0,0.0,0.0,0.0,0.0,0.0,0.0,0.0,0.0,0.0,1.09,-3.95,-56.81,0.0,0.0,0.0,100.0,0,0,528
2293413,0,0,0,99.99,0.0,0.0,0.0,0.0,0.0,0.0,0.0,0.0,0.0,0.0,0.0,0.0,1.1,-3.97,-56.22,0.0,0.0,0.0,100.0,0,0,528
2293613,0,0,0,99.99,0.0,0.0,0.0,0.0,0.0,0.0,0.0,0.0,0.0,0.0,0.0,0.0,1.1,-3.93,-55.72,0.0,0.0,0.0,100.0,0,0,528
2293813,0,0,0,99.99,0.0,0.0,0.0,0.0,0.0,0.0,0.0,0.0,0.0,0.0,0.0,0.0,1.11,-3.84,-55.21,0.0,0.0,0.0,100.0,0,0,528
2294013,0,0,0,99.99,0.0,0.0,0.0,0.0,0.0,0.0,0.0,0.0,0.0,0.0,0.0,0.0,1.45,-3.08,-54.95,0.0,0.0,0.0,100.0,0,0,529
2294213,0,0,0,99.99,0.0,0.0,0.0,0.0,0.0,0.0,0.0,0.0,0.0,0.0,0.0,0.0,1.08,-3.35,-54.76,0.0,0.0,0.0,100.0,0,0,534
2294413,0,0,0,99.99,0.0,0.0,0.0,0.0,0.0,0.0,0.0,0.0,0.0,0.0,0.0,0.0,1.0,-3.75,-54.73,0.0,0.0,0.0,100.0,0,0,534
2294613,0,0,0,99.99,0.0,0.0,0.0,0.0,0.0,0.0,0.0,0.0,0.0,0.0,0.0,0.0,1.06,-3.81,-54.32,0.0,0.0,0.0,100.0,0,0,534
2294813,0,0,0,99.99,0.0,0.0,0.0,0.0,0.0,0.0,0.0,0.0,0.0,0.0,0.0,0.0,1.13,-3.56,-54.38,0.0,0.0,0.0,100.0,0,0,534
2295013,0,0,0,99.99,0.0,0.0,0.0,0.0,0.0,0.0,0.0,0.0,0.0,0.0,0.0,0.0,1.48,-3.43,-54.43,0.0,0.0,0.0,100.0,0,0,540
2295213,0,0,0,99.99,0.0,0.0,0.0,0.0,0.0,0.0,0.0,0.0,0.0,0.0,0.0,0.0,1.03,-3.96,-54.44,0.0,0.0,0.0,100.0,0,0,540
2295413,0,0,0,99.99,0.0,0.0,0.0,0.0,0.0,0.0,0.0,0.0,0.0,0.0,0.0,0.0,1.16,-3.96,-54.48,0.0,0.0,0.0,100.0,0,0,540
2295614,0,0,0,99.99,0.0,0.0,0.0,0.0,0.0,0.0,0.0,0.0,0.0,0.0,0.0,0.0,1.21,-3.94,-54.46,0.0,0.0,0.0,100.0,0,0,540
2295823,0,0,0,99.99,0.0,0.0,0.0,0.0,0.0,0.0,0.0,0.0,0.0,0.0,0.0,0.0,1.13,-3.78,-54.48,0.0,0.0,0.0,100.0,0,0,540
2296023,0,0,0,99.99,0.0,0.0,0.0,0.0,0.0,0.0,0.0,0.0,0.0,0.0,0.0,0.0,0.92,-3.58,-54.54,0.0,0.0,0.0,100.0,0,0,546
2296223,0,0,0,99.99,0.0,0.0,0.0,0.0,0.0,0.0,0.0,0.0,0.0,0.0,0.0,0.0,0.92,-3.51,-54.48,0.0,0.0,0.0,100.0,0,0,546
2296423,0,0,0,99.99,0.0,0.0,0.0,0.0,0.0,0.0,0.0,0.0,0.0,0.0,0.0,0.0,0.84,-3.18,-54.45,0.0,0.0,0.0,100.0,0,0,546
2296623,0,0,0,99.99,0.0,0.0,0.0,0.0,0.0,0.0,0.0,0.0,0.0,0.0,0.0,0.0,0.81,-3.3,-54.43,0.0,0.0,0.0,100.0,0,0,546
2296823,0,0,0,99.99,0.0,0.0,0.0,0.0,0.0,0.0,0.0,0.0,0.0,0.0,0.0,0.0,0.88,-3.49,-55.01,0.0,0.0,0.0,100.0,0,0,546
2297023,0,0,0,99.99,0.0,0.0,0.0,0.0,0.0,0.0,0.0,0.0,0.0,0.0,0.0,0.0,1.12,-3.5,-54.83,0.0,0.0,0.0,100.0,0,0,552
2297223,0,0,0,99.99,0.0,0.0,0.0,0.0,0.0,0.0,0.0,0.0,0.0,0.0,0.0,0.0,0.93,-2.69,-54.18,0.0,0.0,0.0,100.0,0,0,552
2297423,0,0,0,99.99,0.0,0.0,0.0,0.0,0.0,0.0,0.0,0.0,0.0,0.0,0.0,0.0,0.82,-3.21,-53.95,0.0,0.0,0.0,100.0,0,0,552
2297623,0,0,0,99.99,0.0,0.0,0.0,0.0,0.0,0.0,0.0,0.0,0.0,0.0,0.0,0.0,1.11,-3.34,-53.9,0.0,0.0,0.0,100.0,0,0,552
2297823,0,0,0,99.99,0.0,0.0,0.0,0.0,0.0,0.0,0.0,0.0,0.0,0.0,0.0,0.0,0.49,-2.75,-54.15,0.0,0.0,0.0,100.0,0,0,552
2298023,0,0,0,99.99,0.0,0.0,0.0,0.0,0.0,0.0,0.0,0.0,0.0,0.0,0.0,0.0,-1.01,-3.02,-54.63,0.0,0.0,0.0,100.0,0,0,558
2298223,0,0,0,99.99,0.0,0.0,0.0,0.0,0.0,0.0,0.0,0.0,0.0,0.0,0.0,0.0,-4.17,-5.8,-53.16,0.0,0.0,0.0,100.0,0,0,558
2298423,0,0,0,99.99,0.0,0.0,0.0,0.0,0.0,0.0,0.0,0.0,0.0,0.0,0.0,0.0,-9.11,-8.62,-51.01,0.0,0.0,0.0,100.0,0,0,558
2298623,0,0,0,99.99,0.0,0.0,0.0,0.0,0.0,0.0,0.0,0.0,0.0,0.0,0.0,0.0,-12.27,-9.63,-49.59,0.0,0.0,0.0,100.0,0,0,558
2298823,0,0,0,99.99,0.0,0.0,0.0,0.0,0.0,0.0,0.0,0.0,0.0,0.0,0.0,0.0,-13.13,-9.93,-47.91,0.0,0.0,0.0,100.0,0,0,558
2299023,0,0,0,99.99,0.0,0.0,0.0,0.0,0.0,0.0,0.0,0.0,0.0,0.0,0.0,0.0,-13.28,-9.96,-46.44,0.0,0.0,0.0,100.0,0,0,564
2299223,0,0,0,99.99,0.0,0.0,0.0,0.0,0.0,0.0,0.0,0.0,0.0,0.0,0.0,0.0,-13.12,-9.53,-45.23,0.0,0.0,0.0,100.0,0,0,564
2299424,0,0,0,99.99,0.0,0.0,0.0,0.0,0.0,0.0,0.0,0.0,0.0,0.0,0.0,0.0,-12.89,-9.26,-44.28,0.0,0.0,0.0,100.0,0,0,564
2299633,0,0,0,99.99,0.0,0.0,0.0,0.0,0.0,0.0,0.0,0.0,0.0,0.0,0.0,0.0,-12.54,-8.39,-43.62,0.0,0.0,0.0,100.0,0,0,564
2299833,0,0,0,99.99,0.0,0.0,0.0,0.0,0.0,0.0,0.0,0.0,0.0,0.0,0.0,0.0,-6.31,-2.71,-43.64,0.0,0.0,0.0,100.0,0,0,564
2300033,0,0,0,99.99,0.0,0.0,0.0,0.0,0.0,0.0,0.0,0.0,0.0,0.0,0.0,0.0,0.27,-2.05,-44.43,0.0,0.0,0.0,100.0,0,0,566
2300233,0,0,0,99.99,0.0,0.0,0.0,0.0,0.0,0.0,0.0,0.0,0.0,0.0,0.0,0.0,0.55,-2.0,-46.85,0.0,0.0,0.0,100.0,0,0,570
2300433,0,0,0,99.99,0.0,0.0,0.0,0.0,0.0,0.0,0.0,0.0,0.0,0.0,0.0,0.0,0.72,-2.08,-48.9,0.0,0.0,0.0,99.9,0,0,570
2300633,0,0,0,99.99,0.0,0.0,0.0,0.0,0.0,0.0,0.0,0.0,0.0,0.0,0.0,0.0,0.75,-2.08,-50.2,0.0,0.0,0.0,99.9,0,0,570
2300833,0,0,0,99.99,0.0,0.0,0.0,0.0,0.0,0.0,0.0,0.0,0.0,0.0,0.0,0.0,0.71,-2.23,-50.91,0.0,0.0,0.0,99.9,0,0,570
2301033,0,0,0,99.99,0.0,0.0,0.0,0.0,0.0,0.0,0.0,0.0,0.0,0.0,0.0,0.0,0.72,-2.16,-51.55,0.0,0.0,0.0,99.9,0,0,576
2301233,0,0,0,99.99,0.0,0.0,0.0,0.0,0.0,0.0,0.0,0.0,0.0,0.0,0.0,0.0,0.87,-2.33,-52.59,0.0,0.0,0.0,99.9,0,0,576
2301433,0,0,0,99.99,0.0,0.0,0.0,0.0,0.0,0.0,0.0,0.0,0.0,0.0,0.0,0.0,1.82,-2.59,-53.57,0.0,0.0,0.0,100.1,0,0,576
2301633,0,0,0,99.99,0.0,0.0,0.0,0.0,0.0,0.0,0.0,0.0,0.0,0.0,0.0,0.0,2.53,-15.92,-53.45,0.0,0.0,0.0,100.1,0,0,576
2301833,0,0,0,99.99,0.0,0.0,0.0,0.0,0.0,0.0,0.0,0.0,0.0,0.0,0.0,0.0,1.32,-23.48,-53.78,0.0,0.0,0.0,100.1,0,0,576
2302033,0,0,0,99.99,0.0,0.0,0.0,0.0,0.0,0.0,0.0,0.0,0.0,0.0,0.0,0.0,-0.64,-39.52,-51.64,0.0,0.0,0.0,100.1,0,0,582
2302233,0,0,0,99.99,0.0,0.0,0.0,0.0,0.0,0.0,0.0,0.0,0.0,0.0,0.0,0.0,-1.9,-49.62,-49.02,0.0,0.0,0.0,100.1,0,0,582
2302433,0,0,0,99.99,0.0,0.0,0.0,0.0,0.0,0.0,0.0,0.0,0.0,0.0,0.0,0.0,-1.89,-53.83,-48.48,0.0,0.0,0.0,100.0,0,0,582
2302633,0,0,0,99.99,0.0,0.0,0.0,0.0,0.0,0.0,0.0,0.0,0.0,0.0,0.0,0.0,-3.04,-57.13,-47.86,0.0,0.0,0.0,100.0,0,0,582
2302833,0,0,0,99.99,0.0,0.0,0.0,0.0,0.0,0.0,0.0,0.0,0.0,0.0,0.0,0.0,-6.75,-60.83,-44.24,0.0,0.0,0.0,100.0,0,0,582
2303033,0,0,0,99.99,0.0,0.0,0.0,0.0,0.0,0.0,0.0,0.0,0.0,0.0,0.0,0.0,-18.3,-66.87,-36.61,0.0,0.0,0.0,100.0,0,0,588
2303233,0,0,0,99.99,0.0,0.0,0.0,0.0,0.0,0.0,0.0,0.0,0.0,0.0,0.0,0.0,-28.28,-68.23,-27.25,0.0,0.0,0.0,100.0,0,0,588
2303433,0,0,0,99.99,0.0,0.0,0.0,0.0,0.0,0.0,0.0,0.0,0.0,0.0,0.0,0.0,-31.99,-66.98,-23.83,0.0,0.0,0.0,100.0,0,0,588
2303633,0,0,0,99.99,0.0,0.0,0.0,0.0,0.0,0.0,0.0,0.0,0.0,0.0,0.0,0.0,-34.3,-66.62,-21.55,0.0,0.0,0.0,100.0,0,0,588
2303833,0,0,0,99.99,0.0,0.0,0.0,0.0,0.0,0.0,0.0,0.0,0.0,0.0,0.0,0.0,-42.92,-68.27,-12.04,0.0,0.0,0.0,100.0,0,0,588
2304033,0,0,0,99.99,0.0,0.0,0.0,0.0,0.0,0.0,0.0,0.0,0.0,0.0,0.0,0.0,-39.37,-66.4,-15.69,0.0,0.0,0.0,100.0,0,0,594
2304233,0,0,0,99.99,0.0,0.0,0.0,0.0,0.0,0.0,0.0,0.0,0.0,0.0,0.0,0.0,-34.19,-64.26,-20.64,0.0,0.0,0.0,100.0,0,0,594
2304433,0,0,0,99.99,0.0,0.0,0.0,0.0,0.0,0.0,0.0,0.0,0.0,0.0,0.0,0.0,-30.35,-62.73,-24.35,0.0,0.0,0.0,100.0,0,0,594
2304634,0,0,0,99.99,0.0,0.0,0.0,0.0,0.0,0.0,0.0,0.0,0.0,0.0,0.0,0.0,-27.24,-61.98,-27.08,0.0,0.0,0.0,100.0,0,0,594
2304843,0,0,0,99.99,0.0,0.0,0.0,0.0,0.0,0.0,0.0,0.0,0.0,0.0,0.0,0.0,-25.55,-61.99,-28.64,0.0,0.0,0.0,100.0,0,0,595
2305043,0,0,0,99.99,0.0,0.0,0.0,0.0,0.0,0.0,0.0,0.0,0.0,0.0,0.0,0.0,-24.67,-62.12,-29.54,0.0,0.0,0.0,100.0,0,0,600
2305243,0,0,0,99.99,0.0,0.0,0.0,0.0,0.0,0.0,0.0,0.0,0.0,0.0,0.0,0.0,-28.21,-64.84,-25.93,0.0,0.0,0.0,100.0,0,0,600
2305443,0,0,0,99.99,0.0,0.0,0.0,0.0,0.0,0.0,0.0,0.0,0.0,0.0,0.0,0.0,-51.24,-69.61,-5.01,0.0,0.0,0.0,100.0,0,0,600
2305643,0,0,0,99.99,0.0,0.0,0.0,0.0,0.0,0.0,0.0,0.0,0.0,0.0,0.0,0.0,-68.09,-68.75,13.54,0.0,0.0,0.0,100.0,0,0,600
2305843,0,0,0,99.99,0.0,0.0,0.0,0.0,0.0,0.0,0.0,0.0,0.0,0.0,0.0,0.0,-74.31,-66.32,20.51,0.0,0.0,0.0,100.0,0,0,600
2306044,0,0,0,99.99,0.0,0.0,0.0,0.0,0.0,0.0,0.0,0.0,0.0,0.0,0.0,0.0,-76.45,-65.85,18.77,0.0,0.0,0.0,100.0,0,0,602
2306253,0,0,0,99.99,0.0,0.0,0.0,0.0,0.0,0.0,0.0,0.0,0.0,0.0,0.0,0.0,-79.54,-66.87,22.99,0.0,0.0,0.0,100.0,0,0,606
2306453,0,0,0,99.99,0.0,0.0,0.0,0.0,0.0,0.0,0.0,0.0,0.0,0.0,0.0,0.0,-80.76,-66.54,24.02,0.0,0.0,0.0,100.0,0,0,606
2306653,0,0,0,99.99,0.0,0.0,0.0,0.0,0.0,0.0,0.0,0.0,0.0,0.0,0.0,0.0,-85.19,-66.09,27.32,0.0,0.0,0.0,100.0,0,0,606
2306853,0,0,0,99.99,0.0,0.0,0.0,0.0,0.0,0.0,0.0,0.0,0.0,0.0,0.0,0.0,-79.65,-66.0,21.9,0.0,0.0,0.0,100.0,0,0,607
2307053,0,0,0,99.99,0.0,0.0,0.0,0.0,0.0,0.0,0.0,0.0,0.0,0.0,0.0,0.0,-74.8,-65.53,17.44,0.0,0.0,0.0,100.0,0,0,612
2307253,0,0,0,99.99,0.0,0.0,0.0,0.0,0.0,0.0,0.0,0.0,0.0,0.0,0.0,0.0,-69.89,-65.16,13.01,0.0,0.0,0.0,100.0,0,0,612
2307453,0,0,0,99.99,0.0,0.0,0.0,0.0,0.0,0.0,0.0,0.0,0.0,0.0,0.0,0.0,-68.5,-65.11,11.61,0.0,0.0,0.0,100.0,0,0,612
2307653,0,0,0,99.99,0.0,0.0,0.0,0.0,0.0,0.0,0.0,0.0,0.0,0.0,0.0,0.0,-69.58,-65.41,12.48,0.0,0.0,0.0,100.0,0,0,612
2307853,0,0,0,99.99,0.0,0.0,0.0,0.0,0.0,0.0,0.0,0.0,0.0,0.0,0.0,0.0,-65.14,-65.14,7.76,0.0,0.0,0.0,100.0,0,0,613
2308053,0,0,0,99.99,0.0,0.0,0.0,0.0,0.0,0.0,0.0,0.0,0.0,0.0,0.0,0.0,-59.37,-64.66,2.87,0.0,0.0,0.0,100.0,0,0,618
2308253,0,0,0,99.99,0.0,0.0,0.0,0.0,0.0,0.0,0.0,0.0,0.0,0.0,0.0,0.0,-54.82,-64.01,-0.9,0.0,0.0,0.0,100.0,0,0,618
2308453,0,0,0,99.99,0.0,0.0,0.0,0.0,0.0,0.0,0.0,0.0,0.0,0.0,0.0,0.0,-39.67,-60.8,-13.79,0.0,0.0,0.0,99.9,0,0,618
2308653,0,0,0,99.99,0.0,0.0,0.0,0.0,0.0,0.0,0.0,0.0,0.0,0.0,0.0,0.0,-36.48,-59.38,-16.8,0.0,0.0,0.0,99.9,0,0,618
2308853,0,0,0,99.99,0.0,0.0,0.0,0.0,0.0,0.0,0.0,0.0,0.0,0.0,0.0,0.0,-32.31,-57.28,-21.26,0.0,0.0,0.0,99.9,0,0,619
2309053,0,0,0,99.99,0.0,0.0,0.0,0.0,0.0,0.0,0.0,0.0,0.0,0.0,0.0,0.0,-23.67,-50.69,-30.89,0.0,0.0,0.0,99.9,0,0,624
2309253,0,0,0,99.99,0.0,0.0,0.0,0.0,0.0,0.0,0.0,0.0,0.0,0.0,0.0,0.0,-17.57,-46.36,-36.0,0.0,0.0,0.0,99.9,0,0,624
2309453,0,0,0,99.99,0.0,0.0,0.0,0.0,0.0,0.0,0.0,0.0,0.0,0.0,0.0,0.0,-12.06,-36.19,-41.52,0.0,0.0,0.0,100.1,0,0,624
2309654,0,0,0,99.99,0.0,0.0,0.0,0.0,0.0,0.0,0.0,0.0,0.0,0.0,0.0,0.0,-9.92,-29.51,-44.8,0.0,0.0,0.0,100.1,0,0,624
2309863,0,0,0,99.99,0.0,0.0,0.0,0.0,0.0,0.0,0.0,0.0,0.0,0.0,0.0,0.0,-9.67,-21.42,-47.38,0.0,0.0,0.0,100.1,0,0,626
2310063,0,0,0,99.99,0.0,0.0,0.0,0.0,0.0,0.0,0.0,0.0,0.0,0.0,0.0,0.0,-6.74,-18.74,-48.94,0.0,0.0,0.0,100.1,0,0,630
2310263,0,0,0,99.99,0.0,0.0,0.0,0.0,0.0,0.0,0.0,0.0,0.0,0.0,0.0,0.0,-5.59,-19.8,-49.96,0.0,0.0,0.0,100.1,0,0,630
2310463,0,0,0,99.99,0.0,0.0,0.0,0.0,0.0,0.0,0.0,0.0,0.0,0.0,0.0,0.0,-4.01,-22.76,-50.78,0.0,0.0,0.0,100.0,0,0,630
2310663,0,0,0,99.99,0.0,0.0,0.0,0.0,0.0,0.0,0.0,0.0,0.0,0.0,0.0,0.0,-2.63,-37.09,-49.9,0.0,0.0,0.0,100.0,0,0,630
2310863,0,0,0,99.99,0.0,0.0,0.0,0.0,0.0,0.0,0.0,0.0,0.0,0.0,0.0,0.0,-7.94,-59.37,-44.37,0.0,0.0,0.0,100.0,0,0,632
2311063,0,0,0,99.99,0.0,0.0,0.0,0.0,0.0,0.0,0.0,0.0,0.0,0.0,0.0,0.0,-23.96,-66.75,-27.56,0.0,0.0,0.0,100.0,0,0,636
2311263,0,0,0,99.99,0.0,0.0,0.0,0.0,0.0,0.0,0.0,0.0,0.0,0.0,0.0,0.0,-31.39,-65.42,-21.24,0.0,0.0,0.0,100.0,0,0,636
2311463,0,0,0,99.99,0.0,0.0,0.0,0.0,0.0,0.0,0.0,0.0,0.0,0.0,0.0,0.0,-30.49,-63.17,-22.26,0.0,0.0,0.0,100.0,0,0,636
2311663,0,0,0,99.99,0.0,0.0,0.0,0.0,0.0,0.0,0.0,0.0,0.0,0.0,0.0,0.0,-31.36,-62.48,-21.45,0.0,0.0,0.0,100.0,0,0,636
2311863,0,0,0,99.99,0.0,0.0,0.0,0.0,0.0,0.0,0.0,0.0,0.0,0.0,0.0,0.0,-29.89,-61.12,-23.19,0.0,0.0,0.0,100.0,0,0,636
2312063,0,0,0,99.99,0.0,0.0,0.0,0.0,0.0,0.0,0.0,0.0,0.0,0.0,0.0,0.0,-27.21,-59.67,-25.91,0.0,0.0,0.0,100.0,0,0,639
2312264,0,0,0,99.99,0.0,0.0,0.0,0.0,0.0,0.0,0.0,0.0,0.0,0.0,0.0,0.0,-17.93,-52.65,-35.64,0.0,0.0,0.0,100.0,0,0,642
2312473,0,0,0,99.99,0.0,0.0,0.0,0.0,0.0,0.0,0.0,0.0,0.0,0.0,0.0,0.0,-10.56,-43.41,-43.94,0.0,0.0,0.0,100.0,0,0,642
2312673,0,0,0,99.99,0.0,0.0,0.0,0.0,0.0,0.0,0.0,0.0,0.0,0.0,0.0,0.0,-7.37,-37.08,-47.37,0.0,0.0,0.0,100.0,0,0,642
2312874,0,0,0,99.99,0.0,0.0,0.0,0.0,0.0,0.0,0.0,0.0,0.0,0.0,0.0,0.0,-5.23,-30.98,-50.06,0.0,0.0,0.0,100.0,0,0,644
2313083,0,0,0,99.99,0.0,0.0,0.0,0.0,0.0,0.0,0.0,0.0,0.0,0.0,0.0,0.0,-3.78,-25.69,-52.16,0.0,0.0,0.0,100.0,0,0,648
2313283,0,0,0,99.99,0.0,0.0,0.0,0.0,0.0,0.0,0.0,0.0,0.0,0.0,0.0,0.0,-1.14,-19.66,-53.65,0.0,0.0,0.0,100.0,0,0,648
2313483,0,0,0,99.99,0.0,0.0,0.0,0.0,0.0,0.0,0.0,0.0,0.0,0.0,0.0,0.0,-0.48,-20.04,-54.22,0.0,0.0,0.0,100.0,0,0,648
2313683,0,0,0,99.99,0.0,0.0,0.0,0.0,0.0,0.0,0.0,0.0,0.0,0.0,0.0,0.0,-0.57,-24.26,-54.74,0.0,0.0,0.0,100.0,0,0,648
2313883,0,0,0,99.99,0.0,0.0,0.0,0.0,0.0,0.0,0.0,0.0,0.0,0.0,0.0,0.0,-1.76,-42.15,-53.63,0.0,0.0,0.0,100.0,0,0,650
2314083,0,0,0,99.99,0.0,0.0,0.0,0.0,0.0,0.0,0.0,0.0,0.0,0.0,0.0,0.0,-3.15,-55.07,-50.42,0.0,0.0,0.0,100.0,0,0,654
2314283,0,0,0,99.99,0.0,0.0,0.0,0.0,0.0,0.0,0.0,0.0,0.0,0.0,0.0,0.0,-9.28,-63.45,-44.67,0.0,0.0,0.0,100.0,0,0,654
2314484,0,0,0,99.99,0.0,0.0,0.0,0.0,0.0,0.0,0.0,0.0,0.0,0.0,0.0,0.0,-32.02,-71.5,-22.54,0.0,0.0,0.0,100.0,0,0,654
2314693,0,0,0,99.99,0.0,0.0,0.0,0.0,0.0,0.0,0.0,0.0,0.0,0.0,0.0,0.0,-29.61,-65.53,-24.4,0.0,0.0,0.0,100.0,0,0,654
2314894,0,0,0,99.99,0.0,0.0,0.0,0.0,0.0,0.0,0.0,0.0,0.0,0.0,0.0,0.0,-15.71,-49.15,-42.83,0.0,0.0,0.0,100.0,0,0,656
2315103,0,0,0,99.99,0.0,0.0,0.0,0.0,0.0,0.0,0.0,0.0,0.0,0.0,0.0,0.0,-10.18,-28.7,-50.14,0.0,0.0,0.0,100.0,0,0,660
2315303,0,0,0,99.99,0.0,0.0,0.0,0.0,0.0,0.0,0.0,0.0,0.0,0.0,0.0,0.0,-7.57,-17.51,-52.29,0.0,0.0,0.0,100.0,0,0,660
2315503,0,0,0,99.99,0.0,0.0,0.0,0.0,0.0,0.0,0.0,0.0,0.0,0.0,0.0,0.0,-9.19,-11.65,-51.3,0.0,0.0,0.0,100.0,0,0,660
2315703,0,0,0,99.99,0.0,0.0,0.0,0.0,0.0,0.0,0.0,0.0,0.0,0.0,0.0,0.0,-4.16,-6.87,-48.85,0.0,0.0,0.0,100.0,0,0,660
2315903,0,0,0,99.99,0.0,0.0,0.0,0.0,0.0,0.0,0.0,0.0,0.0,0.0,0.0,0.0,-3.02,-3.39,-48.32,0.0,0.0,0.0,100.0,0,0,662
2316103,0,0,0,99.99,0.0,0.0,0.0,0.0,0.0,0.0,0.0,0.0,0.0,0.0,0.0,0.0,-2.49,-3.16,-47.65,0.0,0.0,0.0,100.0,0,0,666
2316303,0,0,0,99.99,0.0,0.0,0.0,0.0,0.0,0.0,0.0,0.0,0.0,0.0,0.0,0.0,-1.6,-3.33,-47.02,0.0,0.0,0.0,100.0,0,0,666
2316503,0,0,0,99.99,0.0,0.0,0.0,0.0,0.0,0.0,0.0,0.0,0.0,0.0,0.0,0.0,-1.05,-3.45,-46.6,0.0,0.0,0.0,100.0,0,0,666
2316703,0,0,0,99.99,0.0,0.0,0.0,0.0,0.0,0.0,0.0,0.0,0.0,0.0,0.0,0.0,-0.78,-3.52,-46.11,0.0,0.0,0.0,100.0,0,0,666
2316903,0,0,0,99.99,0.0,0.0,0.0,0.0,0.0,0.0,0.0,0.0,0.0,0.0,0.0,0.0,-0.45,-3.61,-45.53,0.0,0.0,0.0,100.0,0,0,668
2317103,0,0,0,99.99,0.0,0.0,0.0,0.0,0.0,0.0,0.0,0.0,0.0,0.0,0.0,0.0,-0.14,-3.65,-44.81,0.0,0.0,0.0,100.0,0,0,672
2317303,0,0,0,99.99,0.0,0.0,0.0,0.0,0.0,0.0,0.0,0.0,0.0,0.0,0.0,0.0,0.08,-3.68,-44.18,0.0,0.0,0.0,100.0,0,0,672
2317503,0,0,0,99.99,0.0,0.0,0.0,0.0,0.0,0.0,0.0,0.0,0.0,0.0,0.0,0.0,0.27,-3.69,-43.63,0.0,0.0,0.0,100.0,0,0,672
2317703,0,0,0,99.99,0.0,0.0,0.0,0.0,0.0,0.0,0.0,0.0,0.0,0.0,0.0,0.0,0.45,-3.69,-43.18,0.0,0.0,0.0,100.0,0,0,672
2317903,0,0,0,99.99,0.0,0.0,0.0,0.0,0.0,0.0,0.0,0.0,0.0,0.0,0.0,0.0,0.58,-3.67,-42.8,0.0,0.0,0.0,100.0,0,0,672
2318103,0,0,0,99.99,0.0,0.0,0.0,0.0,0.0,0.0,0.0,0.0,0.0,0.0,0.0,0.0,-0.05,-3.65,-42.5,0.0,0.0,0.0,100.0,0,0,675
2318304,0,0,0,99.99,0.0,0.0,0.0,0.0,0.0,0.0,0.0,0.0,0.0,0.0,0.0,0.0,-0.42,-3.49,-42.11,0.0,0.0,0.0,100.0,0,0,678
2318513,0,0,0,99.99,0.0,0.0,0.0,0.0,0.0,0.0,0.0,0.0,0.0,0.0,0.0,0.0,-0.62,-3.37,-41.79,0.0,0.0,0.0,100.0,0,0,678
2318713,0,0,0,99.99,0.0,0.0,0.0,0.0,0.0,0.0,0.0,0.0,0.0,0.0,0.0,0.0,-0.31,-3.39,-41.54,0.0,0.0,0.0,100.0,0,0,678
2318913,0,0,0,99.99,0.0,0.0,0.0,0.0,0.0,0.0,0.0,0.0,0.0,0.0,0.0,0.0,0.64,-3.6,-41.44,0.0,0.0,0.0,100.0,0,0,681
2319114,0,0,0,99.99,0.0,0.0,0.0,0.0,0.0,0.0,0.0,0.0,0.0,0.0,0.0,0.0,0.5,-3.55,-41.34,0.0,0.0,0.0,100.0,0,0,684
2319323,0,0,0,99.99,0.0,0.0,0.0,0.0,0.0,0.0,0.0,0.0,0.0,0.0,0.0,0.0,-0.26,-3.36,-41.15,0.0,0.0,0.0,100.0,0,0,684
2319523,0,0,0,99.99,0.0,0.0,0.0,0.0,0.0,0.0,0.0,0.0,0.0,0.0,0.0,0.0,-1.57,-3.32,-40.95,0.0,0.0,0.0,100.0,0,0,684
2319723,0,0,0,99.99,0.0,0.0,0.0,0.0,0.0,0.0,0.0,0.0,0.0,0.0,0.0,0.0,-1.66,-3.22,-40.75,0.0,0.0,0.0,100.0,0,0,684
2319923,0,0,0,99.99,0.0,0.0,0.0,0.0,0.0,0.0,0.0,0.0,0.0,0.0,0.0,0.0,-0.45,-3.19,-40.58,0.0,0.0,0.0,100.0,0,0,687
2320123,0,0,0,99.99,0.0,0.0,0.0,0.0,0.0,0.0,0.0,0.0,0.0,0.0,0.0,0.0,-0.08,-3.2,-40.62,0.0,0.0,0.0,100.0,0,0,690
2320323,0,0,0,99.99,0.0,0.0,0.0,0.0,0.0,0.0,0.0,0.0,0.0,0.0,0.0,0.0,-0.01,-3.1,-40.68,0.0,0.0,0.0,100.0,0,0,690
2320523,0,0,0,99.99,0.0,0.0,0.0,0.0,0.0,0.0,0.0,0.0,0.0,0.0,0.0,0.0,0.48,-2.88,-40.76,0.0,0.0,0.0,100.0,0,0,690
2320723,0,0,0,99.99,0.0,0.0,0.0,0.0,0.0,0.0,0.0,0.0,0.0,0.0,0.0,0.0,0.99,-3.14,-40.92,0.0,0.0,0.0,100.0,0,0,690
2320923,0,0,0,99.99,0.0,0.0,0.0,0.0,0.0,0.0,0.0,0.0,0.0,0.0,0.0,0.0,1.27,-3.08,-40.92,0.0,0.0,0.0,100.0,0,0,693
2321123,0,0,0,99.99,0.0,0.0,0.0,0.0,0.0,0.0,0.0,0.0,0.0,0.0,0.0,0.0,0.9,-3.13,-40.95,0.0,0.0,0.0,100.0,0,0,696
2321323,0,0,0,99.99,0.0,0.0,0.0,0.0,0.0,0.0,0.0,0.0,0.0,0.0,0.0,0.0,0.77,-3.1,-41.04,0.0,0.0,0.0,100.0,0,0,696
2321523,0,0,0,99.99,0.0,0.0,0.0,0.0,0.0,0.0,0.0,0.0,0.0,0.0,0.0,0.0,0.83,-3.09,-41.06,0.0,0.0,0.0,100.0,0,0,696
2321724,0,0,0,99.99,0.0,0.0,0.0,0.0,0.0,0.0,0.0,0.0,0.0,0.0,0.0,0.0,0.88,-3.09,-41.1,0.0,0.0,0.0,100.0,0,0,696
2321933,0,0,0,99.99,0.0,0.0,0.0,0.0,0.0,0.0,0.0,0.0,0.0,0.0,0.0,0.0,1.0,-2.96,-41.2,0.0,0.0,0.0,100.0,0,0,699
2322133,0,0,0,99.99,0.0,0.0,0.0,0.0,0.0,0.0,0.0,0.0,0.0,0.0,0.0,0.0,1.12,-2.99,-41.21,0.0,0.0,0.0,100.0,0,0,702
2322333,0,0,0,99.99,0.0,0.0,0.0,0.0,0.0,0.0,0.0,0.0,0.0,0.0,0.0,0.0,1.21,-2.98,-41.2,0.0,0.0,0.0,100.0,0,0,702
2322533,0,0,0,99.99,0.0,0.0,0.0,0.0,0.0,0.0,0.0,0.0,0.0,0.0,0.0,0.0,1.2,-3.03,-41.16,0.0,0.0,0.0,100.0,0,0,702
2322733,0,0,0,99.99,0.0,0.0,0.0,0.0,0.0,0.0,0.0,0.0,0.0,0.0,0.0,0.0,1.09,-3.2,-41.39,0.0,0.0,0.0,100.0,0,0,702
2322933,0,0,0,99.99,0.0,0.0,0.0,0.0,0.0,0.0,0.0,0.0,0.0,0.0,0.0,0.0,1.27,-3.42,-41.31,0.0,0.0,0.0,100.0,0,0,705
2323133,0,0,0,99.99,0.0,0.0,0.0,0.0,0.0,0.0,0.0,0.0,0.0,0.0,0.0,0.0,1.04,-3.6,-41.24,0.0,0.0,0.0,100.0,0,0,708
2323333,0,0,0,99.99,0.0,0.0,0.0,0.0,0.0,0.0,0.0,0.0,0.0,0.0,0.0,0.0,1.56,-3.03,-41.23,0.0,0.0,0.0,100.0,0,0,708
2323533,0,0,0,99.99,0.0,0.0,0.0,0.0,0.0,0.0,0.0,0.0,0.0,0.0,0.0,0.0,1.62,-2.99,-41.19,0.0,0.0,0.0,100.0,0,0,708
2323733,0,0,0,99.99,0.0,0.0,0.0,0.0,0.0,0.0,0.0,0.0,0.0,0.0,0.0,0.0,1.77,-2.94,-41.12,0.0,0.0,0.0,100.0,0,0,708
2323933,0,0,0,99.99,0.0,0.0,0.0,0.0,0.0,0.0,0.0,0.0,0.0,0.0,0.0,0.0,1.65,-3.06,-41.11,0.0,0.0,0.0,100.0,0,0,708
2324133,0,0,0,99.99,0.0,0.0,0.0,0.0,0.0,0.0,0.0,0.0,0.0,0.0,0.0,0.0,1.6,-3.02,-41.05,0.0,0.0,0.0,100.0,0,0,712
2324333,0,0,0,99.99,0.0,0.0,0.0,0.0,0.0,0.0,0.0,0.0,0.0,0.0,0.0,0.0,1.65,-3.22,-41.04,0.0,0.0,0.0,100.0,0,0,714
2324533,0,0,0,99.99,0.0,0.0,0.0,0.0,0.0,0.0,0.0,0.0,0.0,0.0,0.0,0.0,1.76,-2.71,-40.93,0.0,0.0,0.0,100.0,0,0,714
2324733,0,0,0,99.99,0.0,0.0,0.0,0.0,0.0,0.0,0.0,0.0,0.0,0.0,0.0,0.0,1.69,-2.94,-40.78,0.0,0.0,0.0,100.0,0,0,714
2324933,0,0,0,99.99,0.0,0.0,0.0,0.0,0.0,0.0,0.0,0.0,0.0,0.0,0.0,0.0,1.46,-3.12,-40.71,0.0,0.0,0.0,100.0,0,0,717
2325133,0,0,0,99.99,0.0,0.0,0.0,0.0,0.0,0.0,0.0,0.0,0.0,0.0,0.0,0.0,0.8,-3.32,-40.93,0.0,0.0,0.0,100.0,0,0,720
2325333,0,0,0,99.99,0.0,0.0,0.0,0.0,0.0,0.0,0.0,0.0,0.0,0.0,0.0,0.0,1.03,-3.4,-40.84,0.0,0.0,0.0,100.0,0,0,720
2325533,0,0,0,99.99,0.0,0.0,0.0,0.0,0.0,0.0,0.0,0.0,0.0,0.0,0.0,0.0,0.86,-3.42,-40.82,0.0,0.0,0.0,100.0,0,0,720
2325733,0,0,0,99.99,0.0,0.0,0.0,0.0,0.0,0.0,0.0,0.0,0.0,0.0,0.0,0.0,0.95,-3.37,-40.8,0.0,0.0,0.0,100.0,0,0,720
2325933,0,0,0,99.99,0.0,0.0,0.0,0.0,0.0,0.0,0.0,0.0,0.0,0.0,0.0,0.0,0.92,-3.42,-40.7,0.0,0.0,0.0,100.0,0,0,723
2326133,0,0,0,99.99,0.0,0.0,0.0,0.0,0.0,0.0,0.0,0.0,0.0,0.0,0.0,0.0,0.87,-3.39,-40.67,0.0,0.0,0.0,100.0,0,0,726
2326333,0,0,0,99.99,0.0,0.0,0.0,0.0,0.0,0.0,0.0,0.0,0.0,0.0,0.0,0.0,0.67,-3.39,-40.64,0.0,0.0,0.0,100.0,0,0,726
2326533,0,0,0,99.99,0.0,0.0,0.0,0.0,0.0,0.0,0.0,0.0,0.0,0.0,0.0,0.0,0.62,-3.29,-40.6,0.0,0.0,0.0,99.9,0,0,726
2326733,0,0,0,99.99,0.0,0.0,0.0,0.0,0.0,0.0,0.0,0.0,0.0,0.0,0.0,0.0,0.81,-3.32,-40.58,0.0,0.0,0.0,99.9,0,0,726
2326933,0,0,0,99.99,0.0,0.0,0.0,0.0,0.0,0.0,0.0,0.0,0.0,0.0,0.0,0.0,0.71,-3.28,-40.57,0.0,0.0,0.0,99.9,0,0,729
2327133,0,0,0,99.99,0.0,0.0,0.0,0.0,0.0,0.0,0.0,0.0,0.0,0.0,0.0,0.0,0.83,-3.33,-40.54,0.0,0.0,0.0,99.9,0,0,732
2327333,0,0,0,99.99,0.0,0.0,0.0,0.0,0.0,0.0,0.0,0.0,0.0,0.0,0.0,0.0,0.81,-3.32,-40.5,0.0,0.0,0.0,99.9,0,0,732
2327533,0,0,0,99.99,0.0,0.0,0.0,0.0,0.0,0.0,0.0,0.0,0.0,0.0,0.0,0.0,0.72,-3.32,-40.54,0.0,0.0,0.0,100.1,0,0,732
2327733,0,0,0,99.99,0.0,0.0,0.0,0.0,0.0,0.0,0.0,0.0,0.0,0.0,0.0,0.0,0.65,-3.32,-40.53,0.0,0.0,0.0,100.1,0,0,732
2327933,0,0,0,99.99,0.0,0.0,0.0,0.0,0.0,0.0,0.0,0.0,0.0,0.0,0.0,0.0,0.7,-3.32,-40.49,0.0,0.0,0.0,100.1,0,0,735
2328133,0,0,0,99.99,0.0,0.0,0.0,0.0,0.0,0.0,0.0,0.0,0.0,0.0,0.0,0.0,0.76,-3.35,-40.48,0.0,0.0,0.0,100.1,0,0,738
2328333,0,0,0,99.99,0.0,0.0,0.0,0.0,0.0,0.0,0.0,0.0,0.0,0.0,0.0,0.0,0.7,-3.29,-40.47,0.0,0.0,0.0,100.1,0,0,738
2328533,0,0,0,99.99,0.0,0.0,0.0,0.0,0.0,0.0,0.0,0.0,0.0,0.0,0.0,0.0,0.7,-3.26,-40.47,0.0,0.0,0.0,100.0,0,0,738
2328734,0,0,0,99.99,0.0,0.0,0.0,0.0,0.0,0.0,0.0,0.0,0.0,0.0,0.0,0.0,0.6,-3.19,-40.32,0.0,0.0,0.0,100.0,0,0,738
2328943,0,0,0,99.99,0.0,0.0,0.0,0.0,0.0,0.0,0.0,0.0,0.0,0.0,0.0,0.0,0.42,-3.06,-40.23,0.0,0.0,0.0,100.0,0,0,741
2329143,0,0,0,99.99,0.0,0.0,0.0,0.0,0.0,0.0,0.0,0.0,0.0,0.0,0.0,0.0,0.43,-3.03,-40.57,0.0,0.0,0.0,100.0,0,0,744
2329343,0,0,0,99.99,0.0,0.0,0.0,0.0,0.0,0.0,0.0,0.0,0.0,0.0,0.0,0.0,0.5,-2.98,-41.05,0.0,0.0,0.0,100.0,0,0,744
2329543,0,0,0,99.99,0.0,0.0,0.0,0.0,0.0,0.0,0.0,0.0,0.0,0.0,0.0,0.0,0.72,-3.12,-41.4,0.0,0.0,0.0,100.0,0,0,744
2329743,0,0,0,99.99,0.0,0.0,0.0,0.0,0.0,0.0,0.0,0.0,0.0,0.0,0.0,0.0,0.99,-3.24,-41.8,0.0,0.0,0.0,100.0,0,0,744
2329943,0,0,0,99.99,0.0,0.0,0.0,0.0,0.0,0.0,0.0,0.0,0.0,0.0,0.0,0.0,1.02,-3.21,-42.18,0.0,0.0,0.0,100.0,0,0,744
2330143,0,0,0,99.99,0.0,0.0,0.0,0.0,0.0,0.0,0.0,0.0,0.0,0.0,0.0,0.0,1.09,-3.24,-42.44,0.0,0.0,0.0,100.0,0,0,749
2330343,0,0,0,99.99,0.0,0.0,0.0,0.0,0.0,0.0,0.0,0.0,0.0,0.0,0.0,0.0,0.89,-2.91,-42.51,0.0,0.0,0.0,100.0,0,0,750
2330543,0,0,0,99.99,0.0,0.0,0.0,0.0,0.0,0.0,0.0,0.0,0.0,0.0,0.0,0.0,1.03,-2.82,-42.83,0.0,0.0,0.0,100.0,0,0,750
2330744,0,0,0,99.99,0.0,0.0,0.0,0.0,0.0,0.0,0.0,0.0,0.0,0.0,0.0,0.0,1.39,-2.66,-43.32,0.0,0.0,0.0,100.0,0,0,750
2330944,0,0,0,99.99,0.0,0.0,0.0,0.0,0.0,0.0,0.0,0.0,0.0,0.0,0.0,0.0,1.54,-2.52,-43.66,0.0,0.0,0.0,100.0,0,0,753
2331153,0,0,0,99.99,0.0,0.0,0.0,0.0,0.0,0.0,0.0,0.0,0.0,0.0,0.0,0.0,1.74,-2.44,-43.97,0.0,0.0,0.0,100.0,0,0,756
2331353,0,0,0,99.99,0.0,0.0,0.0,0.0,0.0,0.0,0.0,0.0,0.0,0.0,0.0,0.0,1.71,-1.84,-44.01,0.0,0.0,0.0,100.0,0,0,756
2331553,0,0,0,99.99,0.0,0.0,0.0,0.0,0.0,0.0,0.0,0.0,0.0,0.0,0.0,0.0,1.67,-1.62,-44.11,0.0,0.0,0.0,100.0,0,0,756
2331753,0,0,0,99.99,0.0,0.0,0.0,0.0,0.0,0.0,0.0,0.0,0.0,0.0,0.0,0.0,1.45,-1.85,-44.0,0.0,0.0,0.0,100.0,0,0,756
2331953,0,0,0,99.99,0.0,0.0,0.0,0.0,0.0,0.0,0.0,0.0,0.0,0.0,0.0,0.0,0.57,-1.95,-43.66,0.0,0.0,0.0,100.0,0,0,759
2332153,0,0,0,99.99,0.0,0.0,0.0,0.0,0.0,0.0,0.0,0.0,0.0,0.0,0.0,0.0,0.15,-3.04,-43.8,0.0,0.0,0.0,100.0,0,0,762
2332353,0,0,0,99.99,0.0,0.0,0.0,0.0,0.0,0.0,0.0,0.0,0.0,0.0,0.0,0.0,0.45,-3.18,-43.79,0.0,0.0,0.0,100.0,0,0,762
2332553,0,0,0,99.99,0.0,0.0,0.0,0.0,0.0,0.0,0.0,0.0,0.0,0.0,0.0,0.0,0.54,-3.17,-43.82,0.0,0.0,0.0,100.0,0,0,762
2332753,0,0,0,99.99,0.0,0.0,0.0,0.0,0.0,0.0,0.0,0.0,0.0,0.0,0.0,0.0,0.62,-3.17,-43.91,0.0,0.0,0.0,100.0,0,0,762
2332953,0,0,0,99.99,0.0,0.0,0.0,0.0,0.0,0.0,0.0,0.0,0.0,0.0,0.0,0.0,0.59,-3.16,-43.98,0.0,0.0,0.0,100.0,0,0,765
2333153,0,0,0,99.99,0.0,0.0,0.0,0.0,0.0,0.0,0.0,0.0,0.0,0.0,0.0,0.0,0.57,-3.17,-44.04,0.0,0.0,0.0,100.0,0,0,768
2333353,0,0,0,99.99,0.0,0.0,0.0,0.0,0.0,0.0,0.0,0.0,0.0,0.0,0.0,0.0,0.57,-3.17,-44.13,0.0,0.0,0.0,100.0,0,0,768
2333553,0,0,0,99.99,0.0,0.0,0.0,0.0,0.0,0.0,0.0,0.0,0.0,0.0,0.0,0.0,0.56,-3.16,-44.18,0.0,0.0,0.0,100.0,0,0,768
2333753,0,0,0,99.99,0.0,0.0,0.0,0.0,0.0,0.0,0.0,0.0,0.0,0.0,0.0,0.0,0.57,-3.16,-44.22,0.0,0.0,0.0,100.0,0,0,768
2333954,0,0,0,99.99,0.0,0.0,0.0,0.0,0.0,0.0,0.0,0.0,0.0,0.0,0.0,0.0,0.56,-3.16,-44.24,0.0,0.0,0.0,100.0,0,0,772
2334163,0,0,0,99.99,0.0,0.0,0.0,0.0,0.0,0.0,0.0,0.0,0.0,0.0,0.0,0.0,0.56,-3.16,-44.28,0.0,0.0,0.0,100.0,0,0,774
2334363,0,0,0,99.99,0.0,0.0,0.0,0.0,0.0,0.0,0.0,0.0,0.0,0.0,0.0,0.0,0.55,-3.17,-44.31,0.0,0.0,0.0,100.0,0,0,774
2334563,0,0,0,99.99,0.0,0.0,0.0,0.0,0.0,0.0,0.0,0.0,0.0,0.0,0.0,0.0,0.54,-3.17,-44.36,0.0,0.0,0.0,100.0,0,0,774
2334763,0,0,0,99.99,0.0,0.0,0.0,0.0,0.0,0.0,0.0,0.0,0.0,0.0,0.0,0.0,0.55,-3.2,-44.37,0.0,0.0,0.0,100.0,0,0,774
2334963,0,0,0,99.99,0.0,0.0,0.0,0.0,0.0,0.0,0.0,0.0,0.0,0.0,0.0,0.0,0.66,-3.26,-44.41,0.0,0.0,0.0,100.0,0,0,778
2335163,0,0,0,99.99,0.0,0.0,0.0,0.0,0.0,0.0,0.0,0.0,0.0,0.0,0.0,0.0,0.59,-3.22,-44.44,0.0,0.0,0.0,100.0,0,0,780
2335363,0,0,0,99.99,0.0,0.0,0.0,0.0,0.0,0.0,0.0,0.0,0.0,0.0,0.0,0.0,0.54,-3.22,-44.38,0.0,0.0,0.0,100.0,0,0,780
2335563,0,0,0,99.99,0.0,0.0,0.0,0.0,0.0,0.0,0.0,0.0,0.0,0.0,0.0,0.0,0.54,-3.2,-44.37,0.0,0.0,0.0,100.0,0,0,780
2335763,0,0,0,99.99,0.0,0.0,0.0,0.0,0.0,0.0,0.0,0.0,0.0,0.0,0.0,0.0,0.54,-3.19,-44.38,0.0,0.0,0.0,100.0,0,0,780
2335963,0,0,0,99.99,0.0,0.0,0.0,0.0,0.0,0.0,0.0,0.0,0.0,0.0,0.0,0.0,0.54,-3.19,-44.36,0.0,0.0,0.0,100.0,0,0,780
2336163,0,0,0,99.99,0.0,0.0,0.0,0.0,0.0,0.0,0.0,0.0,0.0,0.0,0.0,0.0,0.56,-3.18,-44.32,0.0,0.0,0.0,100.0,0,0,785
2336363,0,0,0,99.99,0.0,0.0,0.0,0.0,0.0,0.0,0.0,0.0,0.0,0.0,0.0,0.0,0.55,-3.2,-44.3,0.0,0.0,0.0,100.0,0,0,786
2336563,0,0,0,99.99,0.0,0.0,0.0,0.0,0.0,0.0,0.0,0.0,0.0,0.0,0.0,0.0,0.54,-3.19,-44.31,0.0,0.0,0.0,100.0,0,0,786
2336763,0,0,0,99.99,0.0,0.0,0.0,0.0,0.0,0.0,0.0,0.0,0.0,0.0,0.0,0.0,0.54,-3.18,-44.3,0.0,0.0,0.0,100.0,0,0,786
2336963,0,0,0,99.99,0.0,0.0,0.0,0.0,0.0,0.0,0.0,0.0,0.0,0.0,0.0,0.0,0.52,-3.18,-44.33,0.0,0.0,0.0,100.0,0,0,790
2337163,0,0,0,99.99,0.0,0.0,0.0,0.0,0.0,0.0,0.0,0.0,0.0,0.0,0.0,0.0,0.5,-3.2,-44.32,0.0,0.0,0.0,100.0,0,0,792
2337363,0,0,0,99.99,0.0,0.0,0.0,0.0,0.0,0.0,0.0,0.0,0.0,0.0,0.0,0.0,0.5,-3.19,-44.31,0.0,0.0,0.0,100.0,0,0,792
2337563,0,0,0,99.99,0.0,0.0,0.0,0.0,0.0,0.0,0.0,0.0,0.0,0.0,0.0,0.0,0.51,-3.18,-44.32,0.0,0.0,0.0,100.0,0,0,792
2337763,0,0,0,99.99,0.0,0.0,0.0,0.0,0.0,0.0,0.0,0.0,0.0,0.0,0.0,0.0,0.51,-3.17,-44.34,0.0,0.0,0.0,100.0,0,0,792
2337963,0,0,0,99.99,0.0,0.0,0.0,0.0,0.0,0.0,0.0,0.0,0.0,0.0,0.0,0.0,0.5,-3.17,-44.35,0.0,0.0,0.0,100.0,0,0,796
2338164,0,0,0,99.99,0.0,0.0,0.0,0.0,0.0,0.0,0.0,0.0,0.0,0.0,0.0,0.0,0.5,-3.17,-44.37,0.0,0.0,0.0,100.0,0,0,798
2338373,0,0,0,99.99,0.0,0.0,0.0,0.0,0.0,0.0,0.0,0.0,0.0,0.0,0.0,0.0,0.5,-3.17,-44.41,0.0,0.0,0.0,100.0,0,0,798
2338573,0,0,0,99.99,0.0,0.0,0.0,0.0,0.0,0.0,0.0,0.0,0.0,0.0,0.0,0.0,0.5,-3.17,-44.46,0.0,0.0,0.0,100.0,0,0,798
2338773,0,0,0,99.99,0.0,0.0,0.0,0.0,0.0,0.0,0.0,0.0,0.0,0.0,0.0,0.0,0.5,-3.18,-44.47,0.0,0.0,0.0,100.0,0,0,798
2338973,0,0,0,99.99,0.0,0.0,0.0,0.0,0.0,0.0,0.0,0.0,0.0,0.0,0.0,0.0,0.49,-3.18,-44.48,0.0,0.0,0.0,100.0,0,0,802
2339173,0,0,0,99.99,0.0,0.0,0.0,0.0,0.0,0.0,0.0,0.0,0.0,0.0,0.0,0.0,0.49,-3.18,-44.49,0.0,0.0,0.0,100.0,0,0,804
2339373,0,0,0,99.99,0.0,0.0,0.0,0.0,0.0,0.0,0.0,0.0,0.0,0.0,0.0,0.0,0.5,-3.18,-44.48,0.0,0.0,0.0,100.0,0,0,804
2339573,0,0,0,99.99,0.0,0.0,0.0,0.0,0.0,0.0,0.0,0.0,0.0,0.0,0.0,0.0,0.49,-3.19,-44.46,0.0,0.0,0.0,100.0,0,0,804
2339774,0,0,0,99.99,0.0,0.0,0.0,0.0,0.0,0.0,0.0,0.0,0.0,0.0,0.0,0.0,0.49,-3.18,-44.46,0.0,0.0,0.0,100.0,0,0,804
2339983,0,0,0,99.99,0.0,0.0,0.0,0.0,0.0,0.0,0.0,0.0,0.0,0.0,0.0,0.0,0.49,-3.18,-44.43,0.0,0.0,0.0,100.0,0,0,809
2340183,0,0,0,99.99,0.0,0.0,0.0,0.0,0.0,0.0,0.0,0.0,0.0,0.0,0.0,0.0,0.48,-3.18,-44.4,0.0,0.0,0.0,100.0,0,0,810
2340383,0,0,0,99.99,0.0,0.0,0.0,0.0,0.0,0.0,0.0,0.0,0.0,0.0,0.0,0.0,0.47,-3.17,-44.38,0.0,0.0,0.0,100.0,0,0,810
2340583,0,0,0,99.99,0.0,0.0,0.0,0.0,0.0,0.0,0.0,0.0,0.0,0.0,0.0,0.0,0.48,-3.21,-44.36,0.0,0.0,0.0,100.0,0,0,810
2340783,0,0,0,99.99,0.0,0.0,0.0,0.0,0.0,0.0,0.0,0.0,0.0,0.0,0.0,0.0,0.47,-3.18,-44.36,0.0,0.0,0.0,100.0,0,0,810
2340984,0,0,0,99.99,0.0,0.0,0.0,0.0,0.0,0.0,0.0,0.0,0.0,0.0,0.0,0.0,0.43,-3.14,-44.34,0.0,0.0,0.0,100.0,0,0,815
2341193,0,0,0,99.99,0.0,0.0,0.0,0.0,0.0,0.0,0.0,0.0,0.0,0.0,0.0,0.0,0.42,-3.13,-44.37,0.0,0.0,0.0,100.0,0,0,816
2341393,0,0,0,99.99,0.0,0.0,0.0,0.0,0.0,0.0,0.0,0.0,0.0,0.0,0.0,0.0,0.42,-3.1,-44.46,0.0,0.0,0.0,100.0,0,0,816
2341593,0,0,0,99.99,0.0,0.0,0.0,0.0,0.0,0.0,0.0,0.0,0.0,0.0,0.0,0.0,1.33,-3.59,-45.34,0.0,0.0,0.0,100.0,0,0,816
2341793,0,0,0,99.99,0.0,0.0,0.0,0.0,0.0,0.0,0.0,0.0,0.0,0.0,0.0,0.0,1.17,-3.57,-44.98,0.0,0.0,0.0,100.0,0,0,816
2341993,0,0,0,99.99,0.0,0.0,0.0,0.0,0.0,0.0,0.0,0.0,0.0,0.0,0.0,0.0,1.12,-3.55,-44.72,0.0,0.0,0.0,100.0,0,0,816
2342194,0,0,0,99.99,0.0,0.0,0.0,0.0,0.0,0.0,0.0,0.0,0.0,0.0,0.0,0.0,1.12,-3.53,-44.53,0.0,0.0,0.0,100.0,0,0,822
2342404,0,0,0,99.99,0.0,0.0,0.0,0.0,0.0,0.0,0.0,0.0,0.0,0.0,0.0,0.0,1.12,-3.53,-44.39,0.0,0.0,0.0,100.0,0,0,822
2342613,0,0,0,99.99,0.0,0.0,0.0,0.0,0.0,0.0,0.0,0.0,0.0,0.0,0.0,0.0,1.12,-3.49,-44.26,0.0,0.0,0.0,100.0,0,0,822
2342813,0,0,0,99.99,0.0,0.0,0.0,0.0,0.0,0.0,0.0,0.0,0.0,0.0,0.0,0.0,1.12,-3.47,-44.19,0.0,0.0,0.0,100.0,0,0,822
2343013,0,0,0,99.99,0.0,0.0,0.0,0.0,0.0,0.0,0.0,0.0,0.0,0.0,0.0,0.0,1.12,-3.45,-44.12,0.0,0.0,0.0,100.0,0,0,828
2343213,0,0,0,99.99,0.0,0.0,0.0,0.0,0.0,0.0,0.0,0.0,0.0,0.0,0.0,0.0,1.12,-3.45,-44.05,0.0,0.0,0.0,100.0,0,0,828
2343413,0,0,0,99.99,0.0,0.0,0.0,0.0,0.0,0.0,0.0,0.0,0.0,0.0,0.0,0.0,1.12,-3.47,-44.01,0.0,0.0,0.0,100.0,0,0,828
2343613,0,0,0,99.99,0.0,0.0,0.0,0.0,0.0,0.0,0.0,0.0,0.0,0.0,0.0,0.0,1.11,-3.47,-43.98,0.0,0.0,0.0,100.0,0,0,828
2343813,0,0,0,99.99,0.0,0.0,0.0,0.0,0.0,0.0,0.0,0.0,0.0,0.0,0.0,0.0,1.1,-3.45,-43.98,0.0,0.0,0.0,100.0,0,0,828
2344013,0,0,0,99.99,0.0,0.0,0.0,0.0,0.0,0.0,0.0,0.0,0.0,0.0,0.0,0.0,1.11,-3.44,-43.94,0.0,0.0,0.0,100.0,0,0,834
2344213,0,0,0,99.99,0.0,0.0,0.0,0.0,0.0,0.0,0.0,0.0,0.0,0.0,0.0,0.0,1.1,-3.41,-43.91,0.0,0.0,0.0,100.0,0,0,834
2344413,0,0,0,99.99,0.0,0.0,0.0,0.0,0.0,0.0,0.0,0.0,0.0,0.0,0.0,0.0,1.1,-3.4,-43.88,0.0,0.0,0.0,100.0,0,0,834
2344613,0,0,0,99.99,0.0,0.0,0.0,0.0,0.0,0.0,0.0,0.0,0.0,0.0,0.0,0.0,1.12,-3.4,-43.88,0.0,0.0,0.0,100.0,0,0,834
2344813,0,0,0,99.99,0.0,0.0,0.0,0.0,0.0,0.0,0.0,0.0,0.0,0.0,0.0,0.0,1.14,-3.4,-43.86,0.0,0.0,0.0,100.0,0,0,834
2345013,0,0,0,99.99,0.0,0.0,0.0,0.0,0.0,0.0,0.0,0.0,0.0,0.0,0.0,0.0,1.15,-3.4,-43.88,0.0,0.0,0.0,100.0,0,0,840
2345213,0,0,0,99.99,0.0,0.0,0.0,0.0,0.0,0.0,0.0,0.0,0.0,0.0,0.0,0.0,1.14,-3.4,-43.87,0.0,0.0,0.0,100.0,0,0,840
2345413,0,0,0,99.99,0.0,0.0,0.0,0.0,0.0,0.0,0.0,0.0,0.0,0.0,0.0,0.0,1.14,-3.42,-43.87,0.0,0.0,0.0,100.0,0,0,840
2345613,0,0,0,99.99,0.0,0.0,0.0,0.0,0.0,0.0,0.0,0.0,0.0,0.0,0.0,0.0,1.14,-3.41,-43.85,0.0,0.0,0.0,100.0,0,0,840
2345813,0,0,0,99.99,0.0,0.0,0.0,0.0,0.0,0.0,0.0,0.0,0.0,0.0,0.0,0.0,1.13,-3.41,-43.87,0.0,0.0,0.0,100.0,0,0,840
2346013,0,0,0,99.99,0.0,0.0,0.0,0.0,0.0,0.0,0.0,0.0,0.0,0.0,0.0,0.0,1.12,-3.41,-43.87,0.0,0.0,0.0,100.0,0,0,846
2346213,0,0,0,99.99,0.0,0.0,0.0,0.0,0.0,0.0,0.0,0.0,0.0,0.0,0.0,0.0,1.13,-3.4,-43.86,0.0,0.0,0.0,100.0,0,0,846
2346414,0,0,0,99.99,0.0,0.0,0.0,0.0,0.0,0.0,0.0,0.0,0.0,0.0,0.0,0.0,1.12,-3.41,-43.88,0.0,0.0,0.0,99.9,0,0,846
2346623,0,0,0,99.99,0.0,0.0,0.0,0.0,0.0,0.0,0.0,0.0,0.0,0.0,0.0,0.0,1.13,-3.41,-43.91,0.0,0.0,0.0,99.9,0,0,846
2346823,0,0,0,99.99,0.0,0.0,0.0,0.0,0.0,0.0,0.0,0.0,0.0,0.0,0.0,0.0,1.14,-3.4,-43.93,0.0,0.0,0.0,99.9,0,0,846
2347023,0,0,0,99.99,0.0,0.0,0.0,0.0,0.0,0.0,0.0,0.0,0.0,0.0,0.0,0.0,1.14,-3.41,-43.9,0.0,0.0,0.0,99.9,0,0,852
2347223,0,0,0,99.99,0.0,0.0,0.0,0.0,0.0,0.0,0.0,0.0,0.0,0.0,0.0,0.0,1.15,-3.4,-43.89,0.0,0.0,0.0,99.9,0,0,852
2347423,0,0,0,99.99,0.0,0.0,0.0,0.0,0.0,0.0,0.0,0.0,0.0,0.0,0.0,0.0,1.15,-3.4,-43.86,0.0,0.0,0.0,100.1,0,0,852
2347623,0,0,0,99.99,0.0,0.0,0.0,0.0,0.0,0.0,0.0,0.0,0.0,0.0,0.0,0.0,1.14,-3.41,-43.88,0.0,0.0,0.0,100.1,0,0,852
2347823,0,0,0,99.99,0.0,0.0,0.0,0.0,0.0,0.0,0.0,0.0,0.0,0.0,0.0,0.0,1.13,-3.41,-43.85,0.0,0.0,0.0,100.1,0,0,852
2348023,0,0,0,99.99,0.0,0.0,0.0,0.0,0.0,0.0,0.0,0.0,0.0,0.0,0.0,0.0,1.13,-3.42,-43.84,0.0,0.0,0.0,100.1,0,0,854
2348223,0,0,0,99.99,0.0,0.0,0.0,0.0,0.0,0.0,0.0,0.0,0.0,0.0,0.0,0.0,1.11,-3.4,-43.84,0.0,0.0,0.0,100.1,0,0,858
2348423,0,0,0,99.99,0.0,0.0,0.0,0.0,0.0,0.0,0.0,0.0,0.0,0.0,0.0,0.0,1.12,-3.4,-43.83,0.0,0.0,0.0,100.0,0,0,858
2348623,0,0,0,99.99,0.0,0.0,0.0,0.0,0.0,0.0,0.0,0.0,0.0,0.0,0.0,0.0,1.11,-3.38,-43.82,0.0,0.0,0.0,100.0,0,0,858
2348823,0,0,0,99.99,0.0,0.0,0.0,0.0,0.0,0.0,0.0,0.0,0.0,0.0,0.0,0.0,1.1,-3.39,-43.77,0.0,0.0,0.0,100.0,0,0,858
2349023,0,0,0,99.99,0.0,0.0,0.0,0.0,0.0,0.0,0.0,0.0,0.0,0.0,0.0,0.0,1.11,-3.39,-43.8,0.0,0.0,0.0,100.0,0,0,864
2349223,0,0,0,99.99,0.0,0.0,0.0,0.0,0.0,0.0,0.0,0.0,0.0,0.0,0.0,0.0,1.13,-3.38,-43.81,0.0,0.0,0.0,100.0,0,0,864
2349423,0,0,0,99.99,0.0,0.0,0.0,0.0,0.0,0.0,0.0,0.0,0.0,0.0,0.0,0.0,1.13,-3.39,-43.81,0.0,0.0,0.0,100.0,0,0,864
2349623,0,0,0,99.99,0.0,0.0,0.0,0.0,0.0,0.0,0.0,0.0,0.0,0.0,0.0,0.0,1.13,-3.4,-43.8,0.0,0.0,0.0,100.0,0,0,864
2349823,0,0,0,99.99,0.0,0.0,0.0,0.0,0.0,0.0,0.0,0.0,0.0,0.0,0.0,0.0,1.14,-3.39,-43.81,0.0,0.0,0.0,100.0,0,0,864
2350023,0,0,0,99.99,0.0,0.0,0.0,0.0,0.0,0.0,0.0,0.0,0.0,0.0,0.0,0.0,1.15,-3.39,-43.82,0.0,0.0,0.0,100.0,0,0,870
2350223,0,0,0,99.99,0.0,0.0,0.0,0.0,0.0,0.0,0.0,0.0,0.0,0.0,0.0,0.0,1.14,-3.38,-43.84,0.0,0.0,0.0,100.0,0,0,870
2350423,0,0,0,99.99,0.0,0.0,0.0,0.0,0.0,0.0,0.0,0.0,0.0,0.0,0.0,0.0,1.15,-3.38,-43.85,0.0,0.0,0.0,100.0,0,0,870
2350623,0,0,0,99.99,0.0,0.0,0.0,0.0,0.0,0.0,0.0,0.0,0.0,0.0,0.0,0.0,1.13,-3.38,-43.88,0.0,0.0,0.0,100.0,0,0,870
2350823,0,0,0,99.99,0.0,0.0,0.0,0.0,0.0,0.0,0.0,0.0,0.0,0.0,0.0,0.0,1.13,-3.36,-43.88,0.0,0.0,0.0,100.0,0,0,870
2351023,0,0,0,99.99,0.0,0.0,0.0,0.0,0.0,0.0,0.0,0.0,0.0,0.0,0.0,0.0,1.12,-3.38,-43.88,0.0,0.0,0.0,100.0,0,0,876
2351223,0,0,0,99.99,0.0,0.0,0.0,0.0,0.0,0.0,0.0,0.0,0.0,0.0,0.0,0.0,1.11,-3.36,-43.88,0.0,0.0,0.0,100.0,0,0,876
2351423,0,0,0,99.99,0.0,0.0,0.0,0.0,0.0,0.0,0.0,0.0,0.0,0.0,0.0,0.0,1.1,-3.37,-43.86,0.0,0.0,0.0,100.0,0,0,876
2351623,0,0,0,99.99,0.0,0.0,0.0,0.0,0.0,0.0,0.0,0.0,0.0,0.0,0.0,0.0,1.09,-3.37,-43.83,0.0,0.0,0.0,100.0,0,0,876
2351823,0,0,0,99.99,0.0,0.0,0.0,0.0,0.0,0.0,0.0,0.0,0.0,0.0,0.0,0.0,1.08,-3.35,-43.84,0.0,0.0,0.0,100.0,0,0,876
2352023,0,0,0,99.99,0.0,0.0,0.0,0.0,0.0,0.0,0.0,0.0,0.0,0.0,0.0,0.0,1.09,-3.38,-43.85,0.0,0.0,0.0,100.0,0,0,882
2352223,0,0,0,99.99,0.0,0.0,0.0,0.0,0.0,0.0,0.0,0.0,0.0,0.0,0.0,0.0,1.09,-3.38,-43.87,0.0,0.0,0.0,100.0,0,0,882
2352423,0,0,0,99.99,0.0,0.0,0.0,0.0,0.0,0.0,0.0,0.0,0.0,0.0,0.0,0.0,1.1,-3.38,-43.89,0.0,0.0,0.0,100.0,0,0,882
2352623,0,0,0,99.99,0.0,0.0,0.0,0.0,0.0,0.0,0.0,0.0,0.0,0.0,0.0,0.0,1.09,-3.38,-43.9,0.0,0.0,0.0,100.0,0,0,882
2352823,0,0,0,99.99,0.0,0.0,0.0,0.0,0.0,0.0,0.0,0.0,0.0,0.0,0.0,0.0,1.08,-3.38,-43.9,0.0,0.0,0.0,100.0,0,0,882
2353023,0,0,0,99.99,0.0,0.0,0.0,0.0,0.0,0.0,0.0,0.0,0.0,0.0,0.0,0.0,1.07,-3.38,-43.88,0.0,0.0,0.0,100.0,0,0,888
2353223,0,0,0,99.99,0.0,0.0,0.0,0.0,0.0,0.0,0.0,0.0,0.0,0.0,0.0,0.0,1.1,-3.38,-43.87,0.0,0.0,0.0,100.0,0,0,888
2353423,0,0,0,99.99,0.0,0.0,0.0,0.0,0.0,0.0,0.0,0.0,0.0,0.0,0.0,0.0,1.09,-3.39,-43.87,0.0,0.0,0.0,100.0,0,0,888
2353623,0,0,0,99.99,0.0,0.0,0.0,0.0,0.0,0.0,0.0,0.0,0.0,0.0,0.0,0.0,1.08,-3.39,-43.87,0.0,0.0,0.0,100.0,0,0,888
2353823,0,0,0,99.99,0.0,0.0,0.0,0.0,0.0,0.0,0.0,0.0,0.0,0.0,0.0,0.0,1.09,-3.39,-43.84,0.0,0.0,0.0,100.0,0,0,888
2354023,0,0,0,99.99,0.0,0.0,0.0,0.0,0.0,0.0,0.0,0.0,0.0,0.0,0.0,0.0,1.09,-3.39,-43.83,0.0,0.0,0.0,100.0,0,0,890
2354223,0,0,0,99.99,0.0,0.0,0.0,0.0,0.0,0.0,0.0,0.0,0.0,0.0,0.0,0.0,1.1,-3.41,-43.85,0.0,0.0,0.0,100.0,0,0,894
2354423,0,0,0,99.99,0.0,0.0,0.0,0.0,0.0,0.0,0.0,0.0,0.0,0.0,0.0,0.0,1.1,-3.42,-43.86,0.0,0.0,0.0,100.0,0,0,894
2354623,0,0,0,99.99,0.0,0.0,0.0,0.0,0.0,0.0,0.0,0.0,0.0,0.0,0.0,0.0,1.09,-3.41,-43.83,0.0,0.0,0.0,100.0,0,0,894
2354823,0,0,0,99.99,0.0,0.0,0.0,0.0,0.0,0.0,0.0,0.0,0.0,0.0,0.0,0.0,1.08,-3.4,-43.83,0.0,0.0,0.0,100.0,0,0,894
2355026,0,0,0,99.99,0.0,0.0,0.0,0.0,0.0,0.0,0.0,0.0,0.0,0.0,0.0,0.0,1.08,-3.42,-43.84,0.0,0.0,0.0,100.0,0,0,900
2355233,0,0,0,99.99,0.0,0.0,0.0,0.0,0.0,0.0,0.0,0.0,0.0,0.0,0.0,0.0,1.08,-3.42,-43.85,0.0,0.0,0.0,100.0,0,0,900
2355433,0,0,0,99.99,0.0,0.0,0.0,0.0,0.0,0.0,0.0,0.0,0.0,0.0,0.0,0.0,1.09,-3.41,-43.87,0.0,0.0,0.0,100.0,0,0,900
2355633,0,0,0,99.99,0.0,0.0,0.0,0.0,0.0,0.0,0.0,0.0,0.0,0.0,0.0,0.0,1.09,-3.42,-43.86,0.0,0.0,0.0,100.0,0,0,900
2355833,0,0,0,99.99,0.0,0.0,0.0,0.0,0.0,0.0,0.0,0.0,0.0,0.0,0.0,0.0,1.09,-3.42,-43.84,0.0,0.0,0.0,100.0,0,0,900
2356033,0,0,0,99.99,0.0,0.0,0.0,0.0,0.0,0.0,0.0,0.0,0.0,0.0,0.0,0.0,1.08,-3.43,-43.83,0.0,0.0,0.0,100.0,0,0,906
2356233,0,0,0,99.99,0.0,0.0,0.0,0.0,0.0,0.0,0.0,0.0,0.0,0.0,0.0,0.0,1.09,-3.41,-43.86,0.0,0.0,0.0,100.0,0,0,906
2356433,0,0,0,99.99,0.0,0.0,0.0,0.0,0.0,0.0,0.0,0.0,0.0,0.0,0.0,0.0,1.1,-3.41,-43.87,0.0,0.0,0.0,100.0,0,0,906
2356633,0,0,0,99.99,0.0,0.0,0.0,0.0,0.0,0.0,0.0,0.0,0.0,0.0,0.0,0.0,1.1,-3.41,-43.86,0.0,0.0,0.0,100.0,0,0,906
2356833,0,0,0,99.99,0.0,0.0,0.0,0.0,0.0,0.0,0.0,0.0,0.0,0.0,0.0,0.0,1.09,-3.42,-43.85,0.0,0.0,0.0,100.0,0,0,906
2357033,0,0,0,99.99,0.0,0.0,0.0,0.0,0.0,0.0,0.0,0.0,0.0,0.0,0.0,0.0,1.09,-3.41,-43.86,0.0,0.0,0.0,100.0,0,0,912
2357233,0,0,0,99.99,0.0,0.0,0.0,0.0,0.0,0.0,0.0,0.0,0.0,0.0,0.0,0.0,1.09,-3.41,-43.85,0.0,0.0,0.0,100.0,0,0,912
2357434,0,0,0,99.99,0.0,0.0,0.0,0.0,0.0,0.0,0.0,0.0,0.0,0.0,0.0,0.0,1.1,-3.39,-43.87,0.0,0.0,0.0,100.0,0,0,912
2357643,0,0,0,99.99,0.0,0.0,0.0,0.0,0.0,0.0,0.0,0.0,0.0,0.0,0.0,0.0,1.1,-3.39,-43.87,0.0,0.0,0.0,100.0,0,0,912
2357843,0,0,0,99.99,0.0,0.0,0.0,0.0,0.0,0.0,0.0,0.0,0.0,0.0,0.0,0.0,1.09,-3.41,-43.87,0.0,0.0,0.0,100.0,0,0,913
2358043,0,0,0,99.99,0.0,0.0,0.0,0.0,0.0,0.0,0.0,0.0,0.0,0.0,0.0,0.0,1.1,-3.39,-43.88,0.0,0.0,0.0,100.0,0,0,918
2358243,0,0,0,99.99,0.0,0.0,0.0,0.0,0.0,0.0,0.0,0.0,0.0,0.0,0.0,0.0,1.09,-3.39,-43.88,0.0,0.0,0.0,100.0,0,0,918
2358443,0,0,0,99.99,0.0,0.0,0.0,0.0,0.0,0.0,0.0,0.0,0.0,0.0,0.0,0.0,1.07,-3.4,-43.85,0.0,0.0,0.0,100.0,0,0,918
2358643,0,0,0,99.99,0.0,0.0,0.0,0.0,0.0,0.0,0.0,0.0,0.0,0.0,0.0,0.0,1.07,-3.4,-43.84,0.0,0.0,0.0,100.0,0,0,918
2358843,0,0,0,99.99,0.0,0.0,0.0,0.0,0.0,0.0,0.0,0.0,0.0,0.0,0.0,0.0,1.07,-3.39,-43.86,0.0,0.0,0.0,100.0,0,0,919
2359043,0,0,0,99.99,0.0,0.0,0.0,0.0,0.0,0.0,0.0,0.0,0.0,0.0,0.0,0.0,1.07,-3.4,-43.85,0.0,0.0,0.0,100.0,0,0,924
2359243,0,0,0,99.99,0.0,0.0,0.0,0.0,0.0,0.0,0.0,0.0,0.0,0.0,0.0,0.0,1.06,-3.4,-43.84,0.0,0.0,0.0,100.0,0,0,924
2359443,0,0,0,99.99,0.0,0.0,0.0,0.0,0.0,0.0,0.0,0.0,0.0,0.0,0.0,0.0,1.06,-3.39,-43.83,0.0,0.0,0.0,100.0,0,0,924
2359643,0,0,0,99.99,0.0,0.0,0.0,0.0,0.0,0.0,0.0,0.0,0.0,0.0,0.0,0.0,1.06,-3.39,-43.84,0.0,0.0,0.0,100.0,0,0,924
2359843,0,0,0,99.99,0.0,0.0,0.0,0.0,0.0,0.0,0.0,0.0,0.0,0.0,0.0,0.0,1.06,-3.39,-43.82,0.0,0.0,0.0,100.0,0,0,924
2360043,0,0,0,99.99,0.0,0.0,0.0,0.0,0.0,0.0,0.0,0.0,0.0,0.0,0.0,0.0,1.06,-3.41,-43.86,0.0,0.0,0.0,100.0,0,0,926
2360243,0,0,0,99.99,0.0,0.0,0.0,0.0,0.0,0.0,0.0,0.0,0.0,0.0,0.0,0.0,1.06,-3.42,-43.85,0.0,0.0,0.0,100.0,0,0,930
2360443,0,0,0,99.99,0.0,0.0,0.0,0.0,0.0,0.0,0.0,0.0,0.0,0.0,0.0,0.0,1.07,-3.42,-43.86,0.0,0.0,0.0,100.0,0,0,930
2360643,0,0,0,99.99,0.0,0.0,0.0,0.0,0.0,0.0,0.0,0.0,0.0,0.0,0.0,0.0,1.06,-3.42,-43.85,0.0,0.0,0.0,100.0,0,0,930
2360843,0,0,0,99.99,0.0,0.0,0.0,0.0,0.0,0.0,0.0,0.0,0.0,0.0,0.0,0.0,1.06,-3.41,-43.83,0.0,0.0,0.0,100.0,0,0,931
2361043,0,0,0,99.99,0.0,0.0,0.0,0.0,0.0,0.0,0.0,0.0,0.0,0.0,0.0,0.0,1.07,-3.41,-43.82,0.0,0.0,0.0,100.0,0,0,936
2361243,0,0,0,99.99,0.0,0.0,0.0,0.0,0.0,0.0,0.0,0.0,0.0,0.0,0.0,0.0,1.07,-3.4,-43.83,0.0,0.0,0.0,100.0,0,0,936
2361443,0,0,0,99.99,0.0,0.0,0.0,0.0,0.0,0.0,0.0,0.0,0.0,0.0,0.0,0.0,1.06,-3.42,-43.83,0.0,0.0,0.0,100.0,0,0,936
2361643,0,0,0,99.99,0.0,0.0,0.0,0.0,0.0,0.0,0.0,0.0,0.0,0.0,0.0,0.0,1.06,-3.42,-43.81,0.0,0.0,0.0,100.0,0,0,936
2361843,0,0,0,99.99,0.0,0.0,0.0,0.0,0.0,0.0,0.0,0.0,0.0,0.0,0.0,0.0,1.06,-3.4,-43.84,0.0,0.0,0.0,100.0,0,0,936
2362043,0,0,0,99.99,0.0,0.0,0.0,0.0,0.0,0.0,0.0,0.0,0.0,0.0,0.0,0.0,1.06,-3.38,-43.85,0.0,0.0,0.0,100.0,0,0,942
2362243,0,0,0,99.99,0.0,0.0,0.0,0.0,0.0,0.0,0.0,0.0,0.0,0.0,0.0,0.0,1.06,-3.39,-43.86,0.0,0.0,0.0,100.0,0,0,942
2362443,0,0,0,99.99,0.0,0.0,0.0,0.0,0.0,0.0,0.0,0.0,0.0,0.0,0.0,0.0,1.06,-3.39,-43.84,0.0,0.0,0.0,100.0,0,0,942
2362643,0,0,0,99.99,0.0,0.0,0.0,0.0,0.0,0.0,0.0,0.0,0.0,0.0,0.0,0.0,1.06,-3.39,-43.83,0.0,0.0,0.0,100.0,0,0,942
2362843,0,0,0,99.99,0.0,0.0,0.0,0.0,0.0,0.0,0.0,0.0,0.0,0.0,0.0,0.0,1.05,-3.4,-43.89,0.0,0.0,0.0,100.0,0,0,942
2363044,0,0,0,99.99,0.0,0.0,0.0,0.0,0.0,0.0,0.0,0.0,0.0,0.0,0.0,0.0,1.06,-3.39,-43.89,0.0,0.0,0.0,100.0,0,0,948
2363253,0,0,0,99.99,0.0,0.0,0.0,0.0,0.0,0.0,0.0,0.0,0.0,0.0,0.0,0.0,1.06,-3.39,-43.86,0.0,0.0,0.0,100.0,0,0,948
2363453,0,0,0,99.99,0.0,0.0,0.0,0.0,0.0,0.0,0.0,0.0,0.0,0.0,0.0,0.0,1.07,-3.4,-43.88,0.0,0.0,0.0,100.0,0,0,948
2363653,0,0,0,99.99,0.0,0.0,0.0,0.0,0.0,0.0,0.0,0.0,0.0,0.0,0.0,0.0,1.06,-3.4,-43.87,0.0,0.0,0.0,100.0,0,0,948
2363853,0,0,0,99.99,0.0,0.0,0.0,0.0,0.0,0.0,0.0,0.0,0.0,0.0,0.0,0.0,1.07,-3.41,-43.88,0.0,0.0,0.0,100.0,0,0,949
2364053,0,0,0,99.99,0.0,0.0,0.0,0.0,0.0,0.0,0.0,0.0,0.0,0.0,0.0,0.0,1.05,-3.41,-43.85,0.0,0.0,0.0,100.0,0,0,954
2364253,0,0,0,99.99,0.0,0.0,0.0,0.0,0.0,0.0,0.0,0.0,0.0,0.0,0.0,0.0,1.06,-3.42,-43.87,0.0,0.0,0.0,100.0,0,0,954
2364453,0,0,0,99.99,0.0,0.0,0.0,0.0,0.0,0.0,0.0,0.0,0.0,0.0,0.0,0.0,1.05,-3.41,-43.89,0.0,0.0,0.0,100.0,0,0,954
2364653,0,0,0,99.99,0.0,0.0,0.0,0.0,0.0,0.0,0.0,0.0,0.0,0.0,0.0,0.0,1.04,-3.4,-43.88,0.0,0.0,0.0,100.0,0,0,954
2364853,0,0,0,99.99,0.0,0.0,0.0,0.0,0.0,0.0,0.0,0.0,0.0,0.0,0.0,0.0,1.03,-3.37,-43.88,0.0,0.0,0.0,100.0,0,0,955
2365053,0,0,0,99.99,0.0,0.0,0.0,0.0,0.0,0.0,0.0,0.0,0.0,0.0,0.0,0.0,1.02,-3.37,-43.84,0.0,0.0,0.0,100.0,0,0,960
2365253,0,0,0,99.99,0.0,0.0,0.0,0.0,0.0,0.0,0.0,0.0,0.0,0.0,0.0,0.0,1.03,-3.38,-43.85,0.0,0.0,0.0,100.0,0,0,960
2365453,0,0,0,99.99,0.0,0.0,0.0,0.0,0.0,0.0,0.0,0.0,0.0,0.0,0.0,0.0,1.03,-3.39,-43.84,0.0,0.0,0.0,100.0,0,0,960
2365653,0,0,0,99.99,0.0,0.0,0.0,0.0,0.0,0.0,0.0,0.0,0.0,0.0,0.0,0.0,1.03,-3.4,-43.86,0.0,0.0,0.0,100.0,0,0,960
2365853,0,0,0,99.99,0.0,0.0,0.0,0.0,0.0,0.0,0.0,0.0,0.0,0.0,0.0,0.0,1.03,-3.4,-43.85,0.0,0.0,0.0,100.0,0,0,960
2366053,0,0,0,99.99,0.0,0.0,0.0,0.0,0.0,0.0,0.0,0.0,0.0,0.0,0.0,0.0,1.05,-3.37,-43.86,0.0,0.0,0.0,100.0,0,0,962
2366253,0,0,0,99.99,0.0,0.0,0.0,0.0,0.0,0.0,0.0,0.0,0.0,0.0,0.0,0.0,1.06,-3.38,-43.85,0.0,0.0,0.0,100.0,0,0,966
2366453,0,0,0,99.99,0.0,0.0,0.0,0.0,0.0,0.0,0.0,0.0,0.0,0.0,0.0,0.0,1.05,-3.4,-43.87,0.0,0.0,0.0,100.0,0,0,966
2366653,0,0,0,99.99,0.0,0.0,0.0,0.0,0.0,0.0,0.0,0.0,0.0,0.0,0.0,0.0,1.07,-3.41,-43.87,0.0,0.0,0.0,100.0,0,0,966
2366853,0,0,0,99.99,0.0,0.0,0.0,0.0,0.0,0.0,0.0,0.0,0.0,0.0,0.0,0.0,1.06,-3.41,-43.89,0.0,0.0,0.0,100.0,0,0,967
2367053,0,0,0,99.99,0.0,0.0,0.0,0.0,0.0,0.0,0.0,0.0,0.0,0.0,0.0,0.0,1.06,-3.41,-43.89,0.0,0.0,0.0,100.0,0,0,972
2367253,0,0,0,99.99,0.0,0.0,0.0,0.0,0.0,0.0,0.0,0.0,0.0,0.0,0.0,0.0,1.05,-3.42,-43.89,0.0,0.0,0.0,100.0,0,0,972
2367453,0,0,0,99.99,0.0,0.0,0.0,0.0,0.0,0.0,0.0,0.0,0.0,0.0,0.0,0.0,1.03,-3.42,-43.88,0.0,0.0,0.0,100.0,0,0,972
2367653,0,0,0,99.99,0.0,0.0,0.0,0.0,0.0,0.0,0.0,0.0,0.0,0.0,0.0,0.0,1.04,-3.42,-43.88,0.0,0.0,0.0,100.0,0,0,972
2367853,0,0,0,99.99,0.0,0.0,0.0,0.0,0.0,0.0,0.0,0.0,0.0,0.0,0.0,0.0,1.03,-3.42,-43.85,0.0,0.0,0.0,100.0,0,0,973
2368053,0,0,0,99.99,0.0,0.0,0.0,0.0,0.0,0.0,0.0,0.0,0.0,0.0,0.0,0.0,1.04,-3.41,-43.86,0.0,0.0,0.0,100.0,0,0,978
2368253,0,0,0,99.99,0.0,0.0,0.0,0.0,0.0,0.0,0.0,0.0,0.0,0.0,0.0,0.0,1.04,-3.41,-43.89,0.0,0.0,0.0,100.0,0,0,978
2368453,0,0,0,99.99,0.0,0.0,0.0,0.0,0.0,0.0,0.0,0.0,0.0,0.0,0.0,0.0,1.05,-3.41,-43.85,0.0,0.0,0.0,100.0,0,0,978
2368653,0,0,0,99.99,0.0,0.0,0.0,0.0,0.0,0.0,0.0,0.0,0.0,0.0,0.0,0.0,1.04,-3.41,-43.88,0.0,0.0,0.0,100.0,0,0,978
2368853,0,0,0,99.99,0.0,0.0,0.0,0.0,0.0,0.0,0.0,0.0,0.0,0.0,0.0,0.0,1.05,-3.4,-43.88,0.0,0.0,0.0,100.0,0,0,979
2369053,0,0,0,99.99,0.0,0.0,0.0,0.0,0.0,0.0,0.0,0.0,0.0,0.0,0.0,0.0,1.05,-3.41,-43.87,0.0,0.0,0.0,100.0,0,0,984
2369253,0,0,0,99.99,0.0,0.0,0.0,0.0,0.0,0.0,0.0,0.0,0.0,0.0,0.0,0.0,1.05,-3.39,-43.88,0.0,0.0,0.0,100.0,0,0,984
2369453,0,0,0,99.99,0.0,0.0,0.0,0.0,0.0,0.0,0.0,0.0,0.0,0.0,0.0,0.0,1.05,-3.4,-43.9,0.0,0.0,0.0,100.0,0,0,984
2369653,0,0,0,99.99,0.0,0.0,0.0,0.0,0.0,0.0,0.0,0.0,0.0,0.0,0.0,0.0,1.05,-3.41,-43.88,0.0,0.0,0.0,100.0,0,0,984
2369854,0,0,0,99.99,0.0,0.0,0.0,0.0,0.0,0.0,0.0,0.0,0.0,0.0,0.0,0.0,1.04,-3.4,-43.89,0.0,0.0,0.0,100.0,0,0,985
2370063,0,0,0,99.99,0.0,0.0,0.0,0.0,0.0,0.0,0.0,0.0,0.0,0.0,0.0,0.0,1.04,-3.4,-43.88,0.0,0.0,0.0,100.0,0,0,990
2370263,0,0,0,99.99,0.0,0.0,0.0,0.0,0.0,0.0,0.0,0.0,0.0,0.0,0.0,0.0,1.04,-3.4,-43.88,0.0,0.0,0.0,100.0,0,0,990
2370463,0,0,0,99.99,0.0,0.0,0.0,0.0,0.0,0.0,0.0,0.0,0.0,0.0,0.0,0.0,1.04,-3.4,-43.9,0.0,0.0,0.0,100.0,0,0,990
2370663,0,0,0,99.99,0.0,0.0,0.0,0.0,0.0,0.0,0.0,0.0,0.0,0.0,0.0,0.0,1.04,-3.42,-43.87,0.0,0.0,0.0,100.0,0,0,990
2370863,0,0,0,99.99,0.0,0.0,0.0,0.0,0.0,0.0,0.0,0.0,0.0,0.0,0.0,0.0,1.03,-3.41,-43.88,0.0,0.0,0.0,100.0,0,0,992
2371063,0,0,0,99.99,0.0,0.0,0.0,0.0,0.0,0.0,0.0,0.0,0.0,0.0,0.0,0.0,1.03,-3.4,-43.88,0.0,0.0,0.0,100.0,0,0,996
2371263,0,0,0,99.99,0.0,0.0,0.0,0.0,0.0,0.0,0.0,0.0,0.0,0.0,0.0,0.0,1.03,-3.38,-43.87,0.0,0.0,0.0,100.0,0,0,996
2371463,0,0,0,99.99,0.0,0.0,0.0,0.0,0.0,0.0,0.0,0.0,0.0,0.0,0.0,0.0,1.02,-3.4,-43.88,0.0,0.0,0.0,100.0,0,0,996
2371663,0,0,0,99.99,0.0,0.0,0.0,0.0,0.0,0.0,0.0,0.0,0.0,0.0,0.0,0.0,1.02,-3.4,-43.9,0.0,0.0,0.0,100.0,0,0,996
2371863,0,0,0,99.99,0.0,0.0,0.0,0.0,0.0,0.0,0.0,0.0,0.0,0.0,0.0,0.0,1.02,-3.4,-43.88,0.0,0.0,0.0,100.0,0,0,996
2372063,0,0,0,99.99,0.0,0.0,0.0,0.0,0.0,0.0,0.0,0.0,0.0,0.0,0.0,0.0,1.03,-3.4,-43.87,0.0,0.0,0.0,100.0,0,0,998
2372263,0,0,0,99.99,0.0,0.0,0.0,0.0,0.0,0.0,0.0,0.0,0.0,0.0,0.0,0.0,1.03,-3.42,-43.91,0.0,0.0,0.0,100.0,0,0,1002
2372463,0,0,0,99.99,0.0,0.0,0.0,0.0,0.0,0.0,0.0,0.0,0.0,0.0,0.0,0.0,1.03,-3.41,-43.9,0.0,0.0,0.0,100.0,0,0,1002
2372663,0,0,0,99.99,0.0,0.0,0.0,0.0,0.0,0.0,0.0,0.0,0.0,0.0,0.0,0.0,1.01,-3.42,-43.91,0.0,0.0,0.0,100.0,0,0,1002
2372863,0,0,0,99.99,0.0,0.0,0.0,0.0,0.0,0.0,0.0,0.0,0.0,0.0,0.0,0.0,1.02,-3.41,-43.93,0.0,0.0,0.0,100.0,0,0,1003
2373063,0,0,0,99.99,0.0,0.0,0.0,0.0,0.0,0.0,0.0,0.0,0.0,0.0,0.0,0.0,1.01,-3.43,-43.93,0.0,0.0,0.0,100.0,0,0,1008
2373263,0,0,0,99.99,0.0,0.0,0.0,0.0,0.0,0.0,0.0,0.0,0.0,0.0,0.0,0.0,1.02,-3.41,-43.94,0.0,0.0,0.0,100.0,0,0,1008
2373463,0,0,0,99.99,0.0,0.0,0.0,0.0,0.0,0.0,0.0,0.0,0.0,0.0,0.0,0.0,1.02,-3.43,-43.94,0.0,0.0,0.0,100.0,0,0,1008
2373663,0,0,0,99.99,0.0,0.0,0.0,0.0,0.0,0.0,0.0,0.0,0.0,0.0,0.0,0.0,1.03,-3.41,-43.95,0.0,0.0,0.0,100.0,0,0,1008
2373863,0,0,0,99.99,0.0,0.0,0.0,0.0,0.0,0.0,0.0,0.0,0.0,0.0,0.0,0.0,1.03,-3.4,-43.95,0.0,0.0,0.0,100.0,0,0,1009
2374063,0,0,0,99.99,0.0,0.0,0.0,0.0,0.0,0.0,0.0,0.0,0.0,0.0,0.0,0.0,1.03,-3.41,-43.95,0.0,0.0,0.0,100.0,0,0,1014
2374263,0,0,0,99.99,0.0,0.0,0.0,0.0,0.0,0.0,0.0,0.0,0.0,0.0,0.0,0.0,1.03,-3.41,-43.94,0.0,0.0,0.0,100.0,0,0,1014
2374463,0,0,0,99.99,0.0,0.0,0.0,0.0,0.0,0.0,0.0,0.0,0.0,0.0,0.0,0.0,1.03,-3.4,-43.91,0.0,0.0,0.0,100.0,0,0,1014
2374663,0,0,0,99.99,0.0,0.0,0.0,0.0,0.0,0.0,0.0,0.0,0.0,0.0,0.0,0.0,1.03,-3.42,-43.92,0.0,0.0,0.0,100.0,0,0,1014
2374863,0,0,0,99.99,0.0,0.0,0.0,0.0,0.0,0.0,0.0,0.0,0.0,0.0,0.0,0.0,1.02,-3.41,-43.93,0.0,0.0,0.0,100.0,0,0,1016
2375063,0,0,0,99.99,0.0,0.0,0.0,0.0,0.0,0.0,0.0,0.0,0.0,0.0,0.0,0.0,1.01,-3.44,-43.93,0.0,0.0,0.0,100.0,0,0,1020
2375263,0,0,0,99.99,0.0,0.0,0.0,0.0,0.0,0.0,0.0,0.0,0.0,0.0,0.0,0.0,1.0,-3.44,-43.92,0.0,0.0,0.0,100.0,0,0,1020
2375463,0,0,0,99.99,0.0,0.0,0.0,0.0,0.0,0.0,0.0,0.0,0.0,0.0,0.0,0.0,1.0,-3.46,-43.91,0.0,0.0,0.0,100.0,0,0,1020
2375663,0,0,0,99.99,0.0,0.0,0.0,0.0,0.0,0.0,0.0,0.0,0.0,0.0,0.0,0.0,0.99,-3.45,-43.89,0.0,0.0,0.0,100.0,0,0,1020
2375863,0,0,0,99.99,0.0,0.0,0.0,0.0,0.0,0.0,0.0,0.0,0.0,0.0,0.0,0.0,1.0,-3.44,-43.86,0.0,0.0,0.0,100.0,0,0,1022
2376063,0,0,0,99.99,0.0,0.0,0.0,0.0,0.0,0.0,0.0,0.0,0.0,0.0,0.0,0.0,0.99,-3.42,-43.86,0.0,0.0,0.0,100.0,0,0,1026
2376263,0,0,0,99.99,0.0,0.0,0.0,0.0,0.0,0.0,0.0,0.0,0.0,0.0,0.0,0.0,0.98,-3.42,-43.85,0.0,0.0,0.0,100.0,0,0,1026
2376463,0,0,0,99.99,0.0,0.0,0.0,0.0,0.0,0.0,0.0,0.0,0.0,0.0,0.0,0.0,0.98,-3.42,-43.84,0.0,0.0,0.0,99.9,0,0,1026
2376663,0,0,0,99.99,0.0,0.0,0.0,0.0,0.0,0.0,0.0,0.0,0.0,0.0,0.0,0.0,0.98,-3.41,-43.83,0.0,0.0,0.0,99.9,0,0,1026
2376863,0,0,0,99.99,0.0,0.0,0.0,0.0,0.0,0.0,0.0,0.0,0.0,0.0,0.0,0.0,0.98,-3.42,-43.83,0.0,0.0,0.0,99.9,0,0,1028
2377063,0,0,0,99.99,0.0,0.0,0.0,0.0,0.0,0.0,0.0,0.0,0.0,0.0,0.0,0.0,0.98,-3.42,-43.8,0.0,0.0,0.0,99.9,0,0,1032
2377263,0,0,0,99.99,0.0,0.0,0.0,0.0,0.0,0.0,0.0,0.0,0.0,0.0,0.0,0.0,0.98,-3.42,-43.81,0.0,0.0,0.0,99.9,0,0,1032
2377463,0,0,0,99.99,0.0,0.0,0.0,0.0,0.0,0.0,0.0,0.0,0.0,0.0,0.0,0.0,0.99,-3.41,-43.86,0.0,0.0,0.0,100.1,0,0,1032
2377663,0,0,0,99.99,0.0,0.0,0.0,0.0,0.0,0.0,0.0,0.0,0.0,0.0,0.0,0.0,0.98,-3.41,-43.88,0.0,0.0,0.0,100.1,0,0,1032
2377864,0,0,0,99.99,0.0,0.0,0.0,0.0,0.0,0.0,0.0,0.0,0.0,0.0,0.0,0.0,0.99,-3.41,-43.89,0.0,0.0,0.0,100.1,0,0,1032
2378073,0,0,0,99.99,0.0,0.0,0.0,0.0,0.0,0.0,0.0,0.0,0.0,0.0,0.0,0.0,0.99,-3.41,-43.9,0.0,0.0,0.0,100.1,0,0,1035
2378273,0,0,0,99.99,0.0,0.0,0.0,0.0,0.0,0.0,0.0,0.0,0.0,0.0,0.0,0.0,0.99,-3.39,-43.9,0.0,0.0,0.0,100.1,0,0,1038
2378473,0,0,0,99.99,0.0,0.0,0.0,0.0,0.0,0.0,0.0,0.0,0.0,0.0,0.0,0.0,0.98,-3.41,-43.88,0.0,0.0,0.0,100.0,0,0,1038
2378673,0,0,0,99.99,0.0,0.0,0.0,0.0,0.0,0.0,0.0,0.0,0.0,0.0,0.0,0.0,0.98,-3.42,-43.85,0.0,0.0,0.0,100.0,0,0,1038
2378873,0,0,0,99.99,0.0,0.0,0.0,0.0,0.0,0.0,0.0,0.0,0.0,0.0,0.0,0.0,0.96,-3.38,-43.87,0.0,0.0,0.0,100.0,0,0,1040
2379073,0,0,0,99.99,0.0,0.0,0.0,0.0,0.0,0.0,0.0,0.0,0.0,0.0,0.0,0.0,0.97,-3.37,-43.89,0.0,0.0,0.0,100.0,0,0,1044
2379273,0,0,0,99.99,0.0,0.0,0.0,0.0,0.0,0.0,0.0,0.0,0.0,0.0,0.0,0.0,0.97,-3.41,-43.89,0.0,0.0,0.0,100.0,0,0,1044
2379473,0,0,0,99.99,0.0,0.0,0.0,0.0,0.0,0.0,0.0,0.0,0.0,0.0,0.0,0.0,0.97,-3.41,-43.9,0.0,0.0,0.0,100.0,0,0,1044
2379673,0,0,0,99.99,0.0,0.0,0.0,0.0,0.0,0.0,0.0,0.0,0.0,0.0,0.0,0.0,0.98,-3.4,-43.93,0.0,0.0,0.0,100.0,0,0,1044
2379873,0,0,0,99.99,0.0,0.0,0.0,0.0,0.0,0.0,0.0,0.0,0.0,0.0,0.0,0.0,0.98,-3.41,-43.9,0.0,0.0,0.0,100.0,0,0,1046
2380073,0,0,0,99.99,0.0,0.0,0.0,0.0,0.0,0.0,0.0,0.0,0.0,0.0,0.0,0.0,0.99,-3.42,-43.9,0.0,0.0,0.0,100.0,0,0,1050
2380273,0,0,0,99.99,0.0,0.0,0.0,0.0,0.0,0.0,0.0,0.0,0.0,0.0,0.0,0.0,0.99,-3.43,-43.92,0.0,0.0,0.0,100.0,0,0,1050
2380473,0,0,0,99.99,0.0,0.0,0.0,0.0,0.0,0.0,0.0,0.0,0.0,0.0,0.0,0.0,0.97,-3.41,-43.92,0.0,0.0,0.0,100.0,0,0,1050
2380673,0,0,0,99.99,0.0,0.0,0.0,0.0,0.0,0.0,0.0,0.0,0.0,0.0,0.0,0.0,0.96,-3.44,-43.92,0.0,0.0,0.0,100.0,0,0,1050
2380873,0,0,0,99.99,0.0,0.0,0.0,0.0,0.0,0.0,0.0,0.0,0.0,0.0,0.0,0.0,0.96,-3.42,-43.9,0.0,0.0,0.0,100.0,0,0,1052
2381073,0,0,0,99.99,0.0,0.0,0.0,0.0,0.0,0.0,0.0,0.0,0.0,0.0,0.0,0.0,0.98,-3.41,-43.91,0.0,0.0,0.0,100.0,0,0,1056
2381273,0,0,0,99.99,0.0,0.0,0.0,0.0,0.0,0.0,0.0,0.0,0.0,0.0,0.0,0.0,0.98,-3.42,-43.94,0.0,0.0,0.0,100.0,0,0,1056
2381473,0,0,0,99.99,0.0,0.0,0.0,0.0,0.0,0.0,0.0,0.0,0.0,0.0,0.0,0.0,0.97,-3.38,-43.91,0.0,0.0,0.0,100.0,0,0,1056
2381673,0,0,0,99.99,0.0,0.0,0.0,0.0,0.0,0.0,0.0,0.0,0.0,0.0,0.0,0.0,0.98,-3.38,-43.94,0.0,0.0,0.0,100.0,0,0,1056
2381873,0,0,0,99.99,0.0,0.0,0.0,0.0,0.0,0.0,0.0,0.0,0.0,0.0,0.0,0.0,0.97,-3.39,-43.96,0.0,0.0,0.0,100.0,0,0,1058
2382073,0,0,0,99.99,0.0,0.0,0.0,0.0,0.0,0.0,0.0,0.0,0.0,0.0,0.0,0.0,0.97,-3.4,-43.92,0.0,0.0,0.0,100.0,0,0,1062
2382273,0,0,0,99.99,0.0,0.0,0.0,0.0,0.0,0.0,0.0,0.0,0.0,0.0,0.0,0.0,0.97,-3.39,-43.94,0.0,0.0,0.0,100.0,0,0,1062
2382473,0,0,0,99.99,0.0,0.0,0.0,0.0,0.0,0.0,0.0,0.0,0.0,0.0,0.0,0.0,0.97,-3.41,-43.89,0.0,0.0,0.0,100.0,0,0,1062
2382673,0,0,0,99.99,0.0,0.0,0.0,0.0,0.0,0.0,0.0,0.0,0.0,0.0,0.0,0.0,0.97,-3.4,-43.89,0.0,0.0,0.0,100.0,0,0,1062
2382873,0,0,0,99.99,0.0,0.0,0.0,0.0,0.0,0.0,0.0,0.0,0.0,0.0,0.0,0.0,0.97,-3.4,-43.91,0.0,0.0,0.0,100.0,0,0,1064
2383073,0,0,0,99.99,0.0,0.0,0.0,0.0,0.0,0.0,0.0,0.0,0.0,0.0,0.0,0.0,0.97,-3.4,-43.93,0.0,0.0,0.0,100.0,0,0,1068
2383273,0,0,0,99.99,0.0,0.0,0.0,0.0,0.0,0.0,0.0,0.0,0.0,0.0,0.0,0.0,0.97,-3.41,-43.92,0.0,0.0,0.0,100.0,0,0,1068
2383473,0,0,0,99.99,0.0,0.0,0.0,0.0,0.0,0.0,0.0,0.0,0.0,0.0,0.0,0.0,0.97,-3.42,-43.88,0.0,0.0,0.0,99.9,0,0,1068
2383673,0,0,0,99.99,0.0,0.0,0.0,0.0,0.0,0.0,0.0,0.0,0.0,0.0,0.0,0.0,0.97,-3.41,-43.86,0.0,0.0,0.0,99.9,0,0,1068
2383873,0,0,0,99.99,0.0,0.0,0.0,0.0,0.0,0.0,0.0,0.0,0.0,0.0,0.0,0.0,0.98,-3.42,-43.86,0.0,0.0,0.0,99.9,0,0,1068
2384073,0,0,0,99.99,0.0,0.0,0.0,0.0,0.0,0.0,0.0,0.0,0.0,0.0,0.0,0.0,0.98,-3.42,-43.86,0.0,0.0,0.0,99.9,0,0,1071
2384273,0,0,0,99.99,0.0,0.0,0.0,0.0,0.0,0.0,0.0,0.0,0.0,0.0,0.0,0.0,0.97,-3.41,-43.86,0.0,0.0,0.0,99.9,0,0,1074
2384473,0,0,0,99.99,0.0,0.0,0.0,0.0,0.0,0.0,0.0,0.0,0.0,0.0,0.0,0.0,0.96,-3.4,-43.85,0.0,0.0,0.0,100.1,0,0,1074
2384673,0,0,0,99.99,0.0,0.0,0.0,0.0,0.0,0.0,0.0,0.0,0.0,0.0,0.0,0.0,0.96,-3.42,-43.86,0.0,0.0,0.0,100.1,0,0,1074
2384873,0,0,0,99.99,0.0,0.0,0.0,0.0,0.0,0.0,0.0,0.0,0.0,0.0,0.0,0.0,0.96,-3.42,-43.84,0.0,0.0,0.0,100.1,0,0,1076
2385073,0,0,0,99.99,0.0,0.0,0.0,0.0,0.0,0.0,0.0,0.0,0.0,0.0,0.0,0.0,0.96,-3.4,-43.85,0.0,0.0,0.0,100.1,0,0,1080
2385273,0,0,0,99.99,0.0,0.0,0.0,0.0,0.0,0.0,0.0,0.0,0.0,0.0,0.0,0.0,0.95,-3.42,-43.83,0.0,0.0,0.0,100.1,0,0,1080
2385473,0,0,0,99.99,0.0,0.0,0.0,0.0,0.0,0.0,0.0,0.0,0.0,0.0,0.0,0.0,0.94,-3.39,-43.83,0.0,0.0,0.0,100.0,0,0,1080
2385673,0,0,0,99.99,0.0,0.0,0.0,0.0,0.0,0.0,0.0,0.0,0.0,0.0,0.0,0.0,0.95,-3.41,-43.87,0.0,0.0,0.0,100.0,0,0,1080
2385873,0,0,0,99.99,0.0,0.0,0.0,0.0,0.0,0.0,0.0,0.0,0.0,0.0,0.0,0.0,0.96,-3.41,-43.91,0.0,0.0,0.0,100.0,0,0,1082
2386073,0,0,0,99.99,0.0,0.0,0.0,0.0,0.0,0.0,0.0,0.0,0.0,0.0,0.0,0.0,0.97,-3.4,-43.9,0.0,0.0,0.0,100.0,0,0,1086
2386273,0,0,0,99.99,0.0,0.0,0.0,0.0,0.0,0.0,0.0,0.0,0.0,0.0,0.0,0.0,0.97,-3.4,-43.9,0.0,0.0,0.0,100.0,0,0,1086
2386473,0,0,0,99.99,0.0,0.0,0.0,0.0,0.0,0.0,0.0,0.0,0.0,0.0,0.0,0.0,0.98,-3.39,-43.89,0.0,0.0,0.0,100.0,0,0,1086
2386673,0,0,0,99.99,0.0,0.0,0.0,0.0,0.0,0.0,0.0,0.0,0.0,0.0,0.0,0.0,0.97,-3.39,-43.87,0.0,0.0,0.0,100.0,0,0,1086
2386873,0,0,0,99.99,0.0,0.0,0.0,0.0,0.0,0.0,0.0,0.0,0.0,0.0,0.0,0.0,0.96,-3.39,-43.88,0.0,0.0,0.0,100.0,0,0,1088
2387073,0,0,0,99.99,0.0,0.0,0.0,0.0,0.0,0.0,0.0,0.0,0.0,0.0,0.0,0.0,0.97,-3.4,-43.9,0.0,0.0,0.0,100.0,0,0,1092
2387273,0,0,0,99.99,0.0,0.0,0.0,0.0,0.0,0.0,0.0,0.0,0.0,0.0,0.0,0.0,0.98,-3.38,-43.88,0.0,0.0,0.0,100.0,0,0,1092
2387473,0,0,0,99.99,0.0,0.0,0.0,0.0,0.0,0.0,0.0,0.0,0.0,0.0,0.0,0.0,0.96,-3.37,-43.87,0.0,0.0,0.0,100.0,0,0,1092
2387673,0,0,0,99.99,0.0,0.0,0.0,0.0,0.0,0.0,0.0,0.0,0.0,0.0,0.0,0.0,0.98,-3.37,-43.91,0.0,0.0,0.0,100.0,0,0,1092
2387873,0,0,0,99.99,0.0,0.0,0.0,0.0,0.0,0.0,0.0,0.0,0.0,0.0,0.0,0.0,0.96,-3.36,-43.92,0.0,0.0,0.0,100.0,0,0,1094
2388073,0,0,0,99.99,0.0,0.0,0.0,0.0,0.0,0.0,0.0,0.0,0.0,0.0,0.0,0.0,0.96,-3.37,-43.91,0.0,0.0,0.0,100.0,0,0,1098
2388273,0,0,0,99.99,0.0,0.0,0.0,0.0,0.0,0.0,0.0,0.0,0.0,0.0,0.0,0.0,0.96,-3.38,-43.92,0.0,0.0,0.0,100.0,0,0,1098
2388473,0,0,0,99.99,0.0,0.0,0.0,0.0,0.0,0.0,0.0,0.0,0.0,0.0,0.0,0.0,0.96,-3.38,-43.93,0.0,0.0,0.0,100.0,0,0,1098
2388673,0,0,0,99.99,0.0,0.0,0.0,0.0,0.0,0.0,0.0,0.0,0.0,0.0,0.0,0.0,0.95,-3.39,-43.92,0.0,0.0,0.0,100.0,0,0,1098
2388873,0,0,0,99.99,0.0,0.0,0.0,0.0,0.0,0.0,0.0,0.0,0.0,0.0,0.0,0.0,0.95,-3.38,-43.92,0.0,0.0,0.0,100.0,0,0,1100
2389073,0,0,0,99.99,0.0,0.0,0.0,0.0,0.0,0.0,0.0,0.0,0.0,0.0,0.0,0.0,0.95,-3.37,-43.91,0.0,0.0,0.0,100.0,0,0,1104
2389273,0,0,0,99.99,0.0,0.0,0.0,0.0,0.0,0.0,0.0,0.0,0.0,0.0,0.0,0.0,0.95,-3.38,-43.93,0.0,0.0,0.0,100.0,0,0,1104
2389473,0,0,0,99.99,0.0,0.0,0.0,0.0,0.0,0.0,0.0,0.0,0.0,0.0,0.0,0.0,0.94,-3.39,-43.92,0.0,0.0,0.0,100.0,0,0,1104
2389673,0,0,0,99.99,0.0,0.0,0.0,0.0,0.0,0.0,0.0,0.0,0.0,0.0,0.0,0.0,0.94,-3.41,-43.9,0.0,0.0,0.0,100.0,0,0,1104
2389873,0,0,0,99.99,0.0,0.0,0.0,0.0,0.0,0.0,0.0,0.0,0.0,0.0,0.0,0.0,0.94,-3.4,-43.91,0.0,0.0,0.0,100.0,0,0,1104
2390073,0,0,0,99.99,0.0,0.0,0.0,0.0,0.0,0.0,0.0,0.0,0.0,0.0,0.0,0.0,0.95,-3.43,-43.92,0.0,0.0,0.0,100.0,0,0,1107
2390273,0,0,0,99.99,0.0,0.0,0.0,0.0,0.0,0.0,0.0,0.0,0.0,0.0,0.0,0.0,0.96,-3.41,-43.89,0.0,0.0,0.0,100.0,0,0,1110
2390473,0,0,0,99.99,0.0,0.0,0.0,0.0,0.0,0.0,0.0,0.0,0.0,0.0,0.0,0.0,0.97,-3.41,-43.9,0.0,0.0,0.0,100.0,0,0,1110
2390673,0,0,0,99.99,0.0,0.0,0.0,0.0,0.0,0.0,0.0,0.0,0.0,0.0,0.0,0.0,0.97,-3.4,-43.86,0.0,0.0,0.0,100.0,0,0,1110
2390873,0,0,0,99.99,0.0,0.0,0.0,0.0,0.0,0.0,0.0,0.0,0.0,0.0,0.0,0.0,0.97,-3.41,-43.85,0.0,0.0,0.0,100.0,0,0,1112
2391073,0,0,0,99.99,0.0,0.0,0.0,0.0,0.0,0.0,0.0,0.0,0.0,0.0,0.0,0.0,0.95,-3.42,-43.86,0.0,0.0,0.0,100.0,0,0,1116
2391273,0,0,0,99.99,0.0,0.0,0.0,0.0,0.0,0.0,0.0,0.0,0.0,0.0,0.0,0.0,0.95,-3.42,-43.87,0.0,0.0,0.0,100.0,0,0,1116
2391473,0,0,0,99.99,0.0,0.0,0.0,0.0,0.0,0.0,0.0,0.0,0.0,0.0,0.0,0.0,0.95,-3.41,-43.89,0.0,0.0,0.0,100.0,0,0,1116
2391673,0,0,0,99.99,0.0,0.0,0.0,0.0,0.0,0.0,0.0,0.0,0.0,0.0,0.0,0.0,0.97,-3.41,-43.91,0.0,0.0,0.0,100.0,0,0,1116
2391873,0,0,0,99.99,0.0,0.0,0.0,0.0,0.0,0.0,0.0,0.0,0.0,0.0,0.0,0.0,0.96,-3.42,-43.88,0.0,0.0,0.0,100.0,0,0,1118
2392074,0,0,0,99.99,0.0,0.0,0.0,0.0,0.0,0.0,0.0,0.0,0.0,0.0,0.0,0.0,0.97,-3.42,-43.88,0.0,0.0,0.0,100.0,0,0,1122
2392283,0,0,0,99.99,0.0,0.0,0.0,0.0,0.0,0.0,0.0,0.0,0.0,0.0,0.0,0.0,0.98,-3.42,-43.87,0.0,0.0,0.0,100.0,0,0,1122
2392483,0,0,0,99.99,0.0,0.0,0.0,0.0,0.0,0.0,0.0,0.0,0.0,0.0,0.0,0.0,0.99,-3.42,-43.88,0.0,0.0,0.0,100.0,0,0,1122
2392683,0,0,0,99.99,0.0,0.0,0.0,0.0,0.0,0.0,0.0,0.0,0.0,0.0,0.0,0.0,0.96,-3.4,-43.88,0.0,0.0,0.0,100.0,0,0,1122
2392883,0,0,0,99.99,0.0,0.0,0.0,0.0,0.0,0.0,0.0,0.0,0.0,0.0,0.0,0.0,0.97,-3.4,-43.9,0.0,0.0,0.0,100.0,0,0,1124
2393084,0,0,0,99.99,0.0,0.0,0.0,0.0,0.0,0.0,0.0,0.0,0.0,0.0,0.0,0.0,0.97,-3.41,-43.9,0.0,0.0,0.0,100.0,0,0,1128
2393293,0,0,0,99.99,0.0,0.0,0.0,0.0,0.0,0.0,0.0,0.0,0.0,0.0,0.0,0.0,0.97,-3.4,-43.9,0.0,0.0,0.0,100.0,0,0,1128
2393493,0,0,0,99.99,0.0,0.0,0.0,0.0,0.0,0.0,0.0,0.0,0.0,0.0,0.0,0.0,0.97,-3.4,-43.9,0.0,0.0,0.0,100.0,0,0,1128
2393693,0,0,0,99.99,0.0,0.0,0.0,0.0,0.0,0.0,0.0,0.0,0.0,0.0,0.0,0.0,0.98,-3.41,-43.9,0.0,0.0,0.0,100.0,0,0,1128
2393893,0,0,0,99.99,0.0,0.0,0.0,0.0,0.0,0.0,0.0,0.0,0.0,0.0,0.0,0.0,0.97,-3.42,-43.92,0.0,0.0,0.0,100.0,0,0,1130
2394093,0,0,0,99.99,0.0,0.0,0.0,0.0,0.0,0.0,0.0,0.0,0.0,0.0,0.0,0.0,0.98,-3.41,-43.91,0.0,0.0,0.0,100.0,0,0,1134
2394293,0,0,0,99.99,0.0,0.0,0.0,0.0,0.0,0.0,0.0,0.0,0.0,0.0,0.0,0.0,0.98,-3.42,-43.89,0.0,0.0,0.0,100.0,0,0,1134
2394493,0,0,0,99.99,0.0,0.0,0.0,0.0,0.0,0.0,0.0,0.0,0.0,0.0,0.0,0.0,0.97,-3.42,-43.88,0.0,0.0,0.0,100.0,0,0,1134
2394693,0,0,0,99.99,0.0,0.0,0.0,0.0,0.0,0.0,0.0,0.0,0.0,0.0,0.0,0.0,0.96,-3.42,-43.87,0.0,0.0,0.0,100.0,0,0,1134
2394893,0,0,0,99.99,0.0,0.0,0.0,0.0,0.0,0.0,0.0,0.0,0.0,0.0,0.0,0.0,0.96,-3.42,-43.88,0.0,0.0,0.0,100.0,0,0,1136
2395093,0,0,0,99.99,0.0,0.0,0.0,0.0,0.0,0.0,0.0,0.0,0.0,0.0,0.0,0.0,0.97,-3.42,-43.88,0.0,0.0,0.0,100.0,0,0,1140
2395293,0,0,0,99.99,0.0,0.0,0.0,0.0,0.0,0.0,0.0,0.0,0.0,0.0,0.0,0.0,0.97,-3.4,-43.88,0.0,0.0,0.0,100.0,0,0,1140
2395494,0,0,0,99.99,0.0,0.0,0.0,0.0,0.0,0.0,0.0,0.0,0.0,0.0,0.0,0.0,0.98,-3.4,-43.86,0.0,0.0,0.0,100.0,0,0,1140
2395703,0,0,0,99.99,0.0,0.0,0.0,0.0,0.0,0.0,0.0,0.0,0.0,0.0,0.0,0.0,0.98,-3.4,-43.87,0.0,0.0,0.0,100.0,0,0,1140
2395903,0,0,0,99.99,0.0,0.0,0.0,0.0,0.0,0.0,0.0,0.0,0.0,0.0,0.0,0.0,0.96,-3.41,-43.88,0.0,0.0,0.0,100.0,0,0,1140
2396103,0,0,0,99.99,0.0,0.0,0.0,0.0,0.0,0.0,0.0,0.0,0.0,0.0,0.0,0.0,0.96,-3.41,-43.89,0.0,0.0,0.0,100.0,0,0,1143
2396304,0,0,0,99.99,0.0,0.0,0.0,0.0,0.0,0.0,0.0,0.0,0.0,0.0,0.0,0.0,0.96,-3.41,-43.89,0.0,0.0,0.0,100.0,0,0,1146
2396513,0,0,0,99.99,0.0,0.0,0.0,0.0,0.0,0.0,0.0,0.0,0.0,0.0,0.0,0.0,0.96,-3.42,-43.89,0.0,0.0,0.0,100.0,0,0,1146
2396713,0,0,0,99.99,0.0,0.0,0.0,0.0,0.0,0.0,0.0,0.0,0.0,0.0,0.0,0.0,0.94,-3.42,-43.88,0.0,0.0,0.0,100.0,0,0,1146
2396913,0,0,0,99.99,0.0,0.0,0.0,0.0,0.0,0.0,0.0,0.0,0.0,0.0,0.0,0.0,0.93,-3.44,-43.87,0.0,0.0,0.0,100.0,0,0,1149
2397113,0,0,0,99.99,0.0,0.0,0.0,0.0,0.0,0.0,0.0,0.0,0.0,0.0,0.0,0.0,0.95,-3.46,-43.89,0.0,0.0,0.0,100.0,0,0,1152
2397313,0,0,0,99.99,0.0,0.0,0.0,0.0,0.0,0.0,0.0,0.0,0.0,0.0,0.0,0.0,0.95,-3.45,-43.92,0.0,0.0,0.0,100.0,0,0,1152
2397513,0,0,0,99.99,0.0,0.0,0.0,0.0,0.0,0.0,0.0,0.0,0.0,0.0,0.0,0.0,0.94,-3.44,-43.9,0.0,0.0,0.0,100.0,0,0,1152
2397713,0,0,0,99.99,0.0,0.0,0.0,0.0,0.0,0.0,0.0,0.0,0.0,0.0,0.0,0.0,0.94,-3.43,-43.89,0.0,0.0,0.0,100.0,0,0,1152
2397913,0,0,0,99.99,0.0,0.0,0.0,0.0,0.0,0.0,0.0,0.0,0.0,0.0,0.0,0.0,0.97,-3.44,-43.88,0.0,0.0,0.0,100.0,0,0,1155
2398113,0,0,0,99.99,0.0,0.0,0.0,0.0,0.0,0.0,0.0,0.0,0.0,0.0,0.0,0.0,0.96,-3.42,-43.89,0.0,0.0,0.0,100.0,0,0,1158
2398313,0,0,0,99.99,0.0,0.0,0.0,0.0,0.0,0.0,0.0,0.0,0.0,0.0,0.0,0.0,0.96,-3.41,-43.87,0.0,0.0,0.0,100.0,0,0,1158
2398513,0,0,0,99.99,0.0,0.0,0.0,0.0,0.0,0.0,0.0,0.0,0.0,0.0,0.0,0.0,0.94,-3.4,-43.86,0.0,0.0,0.0,100.0,0,0,1158
2398713,0,0,0,99.99,0.0,0.0,0.0,0.0,0.0,0.0,0.0,0.0,0.0,0.0,0.0,0.0,0.94,-3.4,-43.9,0.0,0.0,0.0,100.0,0,0,1158
2398913,0,0,0,99.99,0.0,0.0,0.0,0.0,0.0,0.0,0.0,0.0,0.0,0.0,0.0,0.0,0.95,-3.4,-43.92,0.0,0.0,0.0,100.0,0,0,1161
2399113,0,0,0,99.99,0.0,0.0,0.0,0.0,0.0,0.0,0.0,0.0,0.0,0.0,0.0,0.0,0.96,-3.41,-43.94,0.0,0.0,0.0,100.0,0,0,1164
2399313,0,0,0,99.99,0.0,0.0,0.0,0.0,0.0,0.0,0.0,0.0,0.0,0.0,0.0,0.0,0.97,-3.41,-43.93,0.0,0.0,0.0,100.0,0,0,1164
2399513,0,0,0,99.99,0.0,0.0,0.0,0.0,0.0,0.0,0.0,0.0,0.0,0.0,0.0,0.0,0.96,-3.42,-43.88,0.0,0.0,0.0,100.0,0,0,1164
2399713,0,0,0,99.99,0.0,0.0,0.0,0.0,0.0,0.0,0.0,0.0,0.0,0.0,0.0,0.0,0.96,-3.41,-43.9,0.0,0.0,0.0,100.0,0,0,1164
2399913,0,0,0,99.99,0.0,0.0,0.0,0.0,0.0,0.0,0.0,0.0,0.0,0.0,0.0,0.0,0.95,-3.41,-43.88,0.0,0.0,0.0,100.0,0,0,1167
2400113,0,0,0,99.99,0.0,0.0,0.0,0.0,0.0,0.0,0.0,0.0,0.0,0.0,0.0,0.0,0.95,-3.41,-43.88,0.0,0.0,0.0,100.0,0,0,1170
2400313,0,0,0,99.99,0.0,0.0,0.0,0.0,0.0,0.0,0.0,0.0,0.0,0.0,0.0,0.0,0.95,-3.4,-43.87,0.0,0.0,0.0,100.0,0,0,1170
2400513,0,0,0,99.99,0.0,0.0,0.0,0.0,0.0,0.0,0.0,0.0,0.0,0.0,0.0,0.0,0.94,-3.4,-43.89,0.0,0.0,0.0,100.0,0,0,1170
2400713,0,0,0,99.99,0.0,0.0,0.0,0.0,0.0,0.0,0.0,0.0,0.0,0.0,0.0,0.0,0.94,-3.4,-43.89,0.0,0.0,0.0,100.0,0,0,1170
2400913,0,0,0,99.99,0.0,0.0,0.0,0.0,0.0,0.0,0.0,0.0,0.0,0.0,0.0,0.0,0.91,-3.39,-43.89,0.0,0.0,0.0,100.0,0,0,1173
2401113,0,0,0,99.99,0.0,0.0,0.0,0.0,0.0,0.0,0.0,0.0,0.0,0.0,0.0,0.0,0.91,-3.39,-43.87,0.0,0.0,0.0,100.0,0,0,1176
2401314,0,0,0,99.99,0.0,0.0,0.0,0.0,0.0,0.0,0.0,0.0,0.0,0.0,0.0,0.0,0.91,-3.39,-43.89,0.0,0.0,0.0,100.0,0,0,1176
2401523,0,0,0,99.99,0.0,0.0,0.0,0.0,0.0,0.0,0.0,0.0,0.0,0.0,0.0,0.0,0.92,-3.41,-43.88,0.0,0.0,0.0,100.0,0,0,1176
2401723,0,0,0,99.99,0.0,0.0,0.0,0.0,0.0,0.0,0.0,0.0,0.0,0.0,0.0,0.0,0.92,-3.41,-43.87,0.0,0.0,0.0,100.0,0,0,1176
2401923,0,0,0,99.99,0.0,0.0,0.0,0.0,0.0,0.0,0.0,0.0,0.0,0.0,0.0,0.0,0.9,-3.41,-43.85,0.0,0.0,0.0,100.0,0,0,1176
2402123,0,0,0,99.99,0.0,0.0,0.0,0.0,0.0,0.0,0.0,0.0,0.0,0.0,0.0,0.0,0.92,-3.42,-43.89,0.0,0.0,0.0,100.0,0,0,1179
2402323,0,0,0,99.99,0.0,0.0,0.0,0.0,0.0,0.0,0.0,0.0,0.0,0.0,0.0,0.0,0.92,-3.39,-43.92,0.0,0.0,0.0,100.0,0,0,1182
2402523,0,0,0,99.99,0.0,0.0,0.0,0.0,0.0,0.0,0.0,0.0,0.0,0.0,0.0,0.0,0.91,-3.39,-43.89,0.0,0.0,0.0,100.0,0,0,1182
2402723,0,0,0,99.99,0.0,0.0,0.0,0.0,0.0,0.0,0.0,0.0,0.0,0.0,0.0,0.0,0.91,-3.41,-43.88,0.0,0.0,0.0,100.0,0,0,1182
2402923,0,0,0,99.99,0.0,0.0,0.0,0.0,0.0,0.0,0.0,0.0,0.0,0.0,0.0,0.0,0.96,-3.43,-43.86,0.0,0.0,0.0,100.0,0,0,1185
2403123,0,0,0,99.99,0.0,0.0,0.0,0.0,0.0,0.0,0.0,0.0,0.0,0.0,0.0,0.0,0.95,-3.44,-43.86,0.0,0.0,0.0,100.0,0,0,1188
2403324,0,0,0,99.99,0.0,0.0,0.0,0.0,0.0,0.0,0.0,0.0,0.0,0.0,0.0,0.0,0.96,-3.41,-43.87,0.0,0.0,0.0,100.0,0,0,1188
2403533,0,0,0,99.99,0.0,0.0,0.0,0.0,0.0,0.0,0.0,0.0,0.0,0.0,0.0,0.0,0.94,-3.4,-43.89,0.0,0.0,0.0,100.0,0,0,1188
2403733,0,0,0,99.99,0.0,0.0,0.0,0.0,0.0,0.0,0.0,0.0,0.0,0.0,0.0,0.0,0.94,-3.39,-43.86,0.0,0.0,0.0,100.0,0,0,1188
2403933,0,0,0,99.99,0.0,0.0,0.0,0.0,0.0,0.0,0.0,0.0,0.0,0.0,0.0,0.0,0.92,-3.38,-43.86,0.0,0.0,0.0,100.0,0,0,1191
2404133,0,0,0,99.99,0.0,0.0,0.0,0.0,0.0,0.0,0.0,0.0,0.0,0.0,0.0,0.0,0.93,-3.38,-43.9,0.0,0.0,0.0,100.0,0,0,1194
2404333,0,0,0,99.99,0.0,0.0,0.0,0.0,0.0,0.0,0.0,0.0,0.0,0.0,0.0,0.0,0.94,-3.37,-43.92,0.0,0.0,0.0,100.0,0,0,1194
2404533,0,0,0,99.99,0.0,0.0,0.0,0.0,0.0,0.0,0.0,0.0,0.0,0.0,0.0,0.0,0.94,-3.37,-43.94,0.0,0.0,0.0,100.0,0,0,1194
2404733,0,0,0,99.99,0.0,0.0,0.0,0.0,0.0,0.0,0.0,0.0,0.0,0.0,0.0,0.0,0.94,-3.37,-43.95,0.0,0.0,0.0,100.0,0,0,1194
2404933,0,0,0,99.99,0.0,0.0,0.0,0.0,0.0,0.0,0.0,0.0,0.0,0.0,0.0,0.0,0.93,-3.38,-43.95,0.0,0.0,0.0,100.0,0,0,1197
2405133,0,0,0,99.99,0.0,0.0,0.0,0.0,0.0,0.0,0.0,0.0,0.0,0.0,0.0,0.0,0.95,-3.37,-43.94,0.0,0.0,0.0,100.0,0,0,1200
2405333,0,0,0,99.99,0.0,0.0,0.0,0.0,0.0,0.0,0.0,0.0,0.0,0.0,0.0,0.0,0.95,-3.38,-43.93,0.0,0.0,0.0,100.0,0,0,1200
2405533,0,0,0,99.99,0.0,0.0,0.0,0.0,0.0,0.0,0.0,0.0,0.0,0.0,0.0,0.0,0.93,-3.38,-43.92,0.0,0.0,0.0,100.0,0,0,1200
2405733,0,0,0,99.99,0.0,0.0,0.0,0.0,0.0,0.0,0.0,0.0,0.0,0.0,0.0,0.0,0.93,-3.37,-43.93,0.0,0.0,0.0,100.0,0,0,1200
2405933,0,0,0,99.99,0.0,0.0,0.0,0.0,0.0,0.0,0.0,0.0,0.0,0.0,0.0,0.0,0.92,-3.36,-43.92,0.0,0.0,0.0,100.0,0,0,1203
2406133,0,0,0,99.99,0.0,0.0,0.0,0.0,0.0,0.0,0.0,0.0,0.0,0.0,0.0,0.0,0.91,-3.35,-43.9,0.0,0.0,0.0,100.0,0,0,1206
2406333,0,0,0,99.99,0.0,0.0,0.0,0.0,0.0,0.0,0.0,0.0,0.0,0.0,0.0,0.0,0.92,-3.37,-43.87,0.0,0.0,0.0,100.0,0,0,1206
2406533,0,0,0,99.99,0.0,0.0,0.0,0.0,0.0,0.0,0.0,0.0,0.0,0.0,0.0,0.0,0.9,-3.37,-43.85,0.0,0.0,0.0,100.0,0,0,1206
2406733,0,0,0,99.99,0.0,0.0,0.0,0.0,0.0,0.0,0.0,0.0,0.0,0.0,0.0,0.0,0.91,-3.37,-43.83,0.0,0.0,0.0,100.0,0,0,1206
2406933,0,0,0,99.99,0.0,0.0,0.0,0.0,0.0,0.0,0.0,0.0,0.0,0.0,0.0,0.0,0.89,-3.37,-43.8,0.0,0.0,0.0,100.0,0,0,1209
2407133,0,0,0,99.99,0.0,0.0,0.0,0.0,0.0,0.0,0.0,0.0,0.0,0.0,0.0,0.0,0.88,-3.38,-43.78,0.0,0.0,0.0,100.0,0,0,1212
2407333,0,0,0,99.99,0.0,0.0,0.0,0.0,0.0,0.0,0.0,0.0,0.0,0.0,0.0,0.0,0.87,-3.43,-43.79,0.0,0.0,0.0,100.0,0,0,1212
2407533,0,0,0,99.99,0.0,0.0,0.0,0.0,0.0,0.0,0.0,0.0,0.0,0.0,0.0,0.0,0.93,-3.45,-43.79,0.0,0.0,0.0,100.0,0,0,1212
2407733,0,0,0,99.99,0.0,0.0,0.0,0.0,0.0,0.0,0.0,0.0,0.0,0.0,0.0,0.0,0.96,-3.46,-43.79,0.0,0.0,0.0,100.0,0,0,1212
2407933,0,0,0,99.99,0.0,0.0,0.0,0.0,0.0,0.0,0.0,0.0,0.0,0.0,0.0,0.0,0.98,-3.46,-43.77,0.0,0.0,0.0,100.0,0,0,1212
2408133,0,0,0,99.99,0.0,0.0,0.0,0.0,0.0,0.0,0.0,0.0,0.0,0.0,0.0,0.0,0.99,-3.48,-43.77,0.0,0.0,0.0,100.0,0,0,1216
2408333,0,0,0,99.99,0.0,0.0,0.0,0.0,0.0,0.0,0.0,0.0,0.0,0.0,0.0,0.0,0.99,-3.48,-43.75,0.0,0.0,0.0,100.0,0,0,1218
2408533,0,0,0,99.99,0.0,0.0,0.0,0.0,0.0,0.0,0.0,0.0,0.0,0.0,0.0,0.0,1.0,-3.48,-43.74,0.0,0.0,0.0,100.0,0,0,1218
2408733,0,0,0,99.99,0.0,0.0,0.0,0.0,0.0,0.0,0.0,0.0,0.0,0.0,0.0,0.0,1.01,-3.47,-43.74,0.0,0.0,0.0,100.0,0,0,1218
2408933,0,0,0,99.99,0.0,0.0,0.0,0.0,0.0,0.0,0.0,0.0,0.0,0.0,0.0,0.0,1.03,-3.47,-43.75,0.0,0.0,0.0,100.0,0,0,1221
2409133,0,0,0,99.99,0.0,0.0,0.0,0.0,0.0,0.0,0.0,0.0,0.0,0.0,0.0,0.0,1.03,-3.48,-43.77,0.0,0.0,0.0,100.0,0,0,1224
2409333,0,0,0,99.99,0.0,0.0,0.0,0.0,0.0,0.0,0.0,0.0,0.0,0.0,0.0,0.0,1.03,-3.49,-43.75,0.0,0.0,0.0,100.0,0,0,1224
2409533,0,0,0,99.99,0.0,0.0,0.0,0.0,0.0,0.0,0.0,0.0,0.0,0.0,0.0,0.0,1.02,-3.51,-43.74,0.0,0.0,0.0,100.0,0,0,1224
2409733,0,0,0,99.99,0.0,0.0,0.0,0.0,0.0,0.0,0.0,0.0,0.0,0.0,0.0,0.0,1.02,-3.5,-43.76,0.0,0.0,0.0,100.0,0,0,1224
2409933,0,0,0,99.99,0.0,0.0,0.0,0.0,0.0,0.0,0.0,0.0,0.0,0.0,0.0,0.0,1.03,-3.5,-43.76,0.0,0.0,0.0,100.0,0,0,1227
2410134,0,0,0,99.99,0.0,0.0,0.0,0.0,0.0,0.0,0.0,0.0,0.0,0.0,0.0,0.0,1.02,-3.51,-43.75,0.0,0.0,0.0,100.0,0,0,1230
2410344,0,0,0,99.99,0.0,0.0,0.0,0.0,0.0,0.0,0.0,0.0,0.0,0.0,0.0,0.0,1.03,-3.51,-43.74,0.0,0.0,0.0,100.0,0,0,1230
2410553,0,0,0,99.99,0.0,0.0,0.0,0.0,0.0,0.0,0.0,0.0,0.0,0.0,0.0,0.0,1.03,-3.52,-43.73,0.0,0.0,0.0,100.0,0,0,1230
2410753,0,0,0,99.99,0.0,0.0,0.0,0.0,0.0,0.0,0.0,0.0,0.0,0.0,0.0,0.0,1.03,-3.51,-43.75,0.0,0.0,0.0,100.0,0,0,1230
2410953,0,0,0,99.99,0.0,0.0,0.0,0.0,0.0,0.0,0.0,0.0,0.0,0.0,0.0,0.0,1.02,-3.51,-43.76,0.0,0.0,0.0,100.0,0,0,1233
2411153,0,0,0,99.99,0.0,0.0,0.0,0.0,0.0,0.0,0.0,0.0,0.0,0.0,0.0,0.0,1.03,-3.5,-43.79,0.0,0.0,0.0,100.0,0,0,1236
2411354,0,0,0,99.99,0.0,0.0,0.0,0.0,0.0,0.0,0.0,0.0,0.0,0.0,0.0,0.0,1.04,-3.51,-43.78,0.0,0.0,0.0,100.0,0,0,1236
2411563,0,0,0,99.99,0.0,0.0,0.0,0.0,0.0,0.0,0.0,0.0,0.0,0.0,0.0,0.0,1.04,-3.51,-43.79,0.0,0.0,0.0,100.0,0,0,1236
2411763,0,0,0,99.99,0.0,0.0,0.0,0.0,0.0,0.0,0.0,0.0,0.0,0.0,0.0,0.0,1.05,-3.52,-43.82,0.0,0.0,0.0,100.0,0,0,1236
2411963,0,0,0,99.99,0.0,0.0,0.0,0.0,0.0,0.0,0.0,0.0,0.0,0.0,0.0,0.0,1.04,-3.52,-43.82,0.0,0.0,0.0,100.0,0,0,1240
2412163,0,0,0,99.99,0.0,0.0,0.0,0.0,0.0,0.0,0.0,0.0,0.0,0.0,0.0,0.0,1.04,-3.52,-43.79,0.0,0.0,0.0,100.0,0,0,1242
2412363,0,0,0,99.99,0.0,0.0,0.0,0.0,0.0,0.0,0.0,0.0,0.0,0.0,0.0,0.0,1.03,-3.51,-43.8,0.0,0.0,0.0,100.0,0,0,1242
2412563,0,0,0,99.99,0.0,0.0,0.0,0.0,0.0,0.0,0.0,0.0,0.0,0.0,0.0,0.0,1.03,-3.52,-43.8,0.0,0.0,0.0,100.0,0,0,1242
2412764,0,0,0,99.99,0.0,0.0,0.0,0.0,0.0,0.0,0.0,0.0,0.0,0.0,0.0,0.0,1.03,-3.51,-43.77,0.0,0.0,0.0,100.0,0,0,1242
2412973,0,0,0,99.99,0.0,0.0,0.0,0.0,0.0,0.0,0.0,0.0,0.0,0.0,0.0,0.0,1.02,-3.52,-43.77,0.0,0.0,0.0,100.0,0,0,1246
2413173,0,0,0,99.99,0.0,0.0,0.0,0.0,0.0,0.0,0.0,0.0,0.0,0.0,0.0,0.0,1.02,-3.53,-43.78,0.0,0.0,0.0,100.0,0,0,1248
2413373,0,0,0,99.99,0.0,0.0,0.0,0.0,0.0,0.0,0.0,0.0,0.0,0.0,0.0,0.0,1.01,-3.53,-43.75,0.0,0.0,0.0,100.0,0,0,1248
2413573,0,0,0,99.99,0.0,0.0,0.0,0.0,0.0,0.0,0.0,0.0,0.0,0.0,0.0,0.0,1.02,-3.53,-43.72,0.0,0.0,0.0,100.0,0,0,1248
2413773,0,0,0,99.99,0.0,0.0,0.0,0.0,0.0,0.0,0.0,0.0,0.0,0.0,0.0,0.0,1.02,-3.53,-43.74,0.0,0.0,0.0,100.0,0,0,1248
2413973,0,0,0,99.99,0.0,0.0,0.0,0.0,0.0,0.0,0.0,0.0,0.0,0.0,0.0,0.0,1.02,-3.53,-43.75,0.0,0.0,0.0,100.0,0,0,1248
2414174,0,0,0,99.99,0.0,0.0,0.0,0.0,0.0,0.0,0.0,0.0,0.0,0.0,0.0,0.0,1.02,-3.53,-43.76,0.0,0.0,0.0,100.0,0,0,1254
2414383,0,0,0,99.99,0.0,0.0,0.0,0.0,0.0,0.0,0.0,0.0,0.0,0.0,0.0,0.0,1.04,-3.51,-43.76,0.0,0.0,0.0,100.0,0,0,1254
2414583,0,0,0,99.99,0.0,0.0,0.0,0.0,0.0,0.0,0.0,0.0,0.0,0.0,0.0,0.0,1.03,-3.51,-43.75,0.0,0.0,0.0,100.0,0,0,1254
2414783,0,0,0,99.99,0.0,0.0,0.0,0.0,0.0,0.0,0.0,0.0,0.0,0.0,0.0,0.0,1.04,-3.49,-43.76,0.0,0.0,0.0,100.0,0,0,1254
2414983,0,0,0,99.99,0.0,0.0,0.0,0.0,0.0,0.0,0.0,0.0,0.0,0.0,0.0,0.0,1.04,-3.5,-43.75,0.0,0.0,0.0,100.0,0,0,1259
2415183,0,0,0,99.99,0.0,0.0,0.0,0.0,0.0,0.0,0.0,0.0,0.0,0.0,0.0,0.0,1.05,-3.52,-43.76,0.0,0.0,0.0,100.0,0,0,1260
2415383,0,0,0,99.99,0.0,0.0,0.0,0.0,0.0,0.0,0.0,0.0,0.0,0.0,0.0,0.0,1.05,-3.52,-43.8,0.0,0.0,0.0,100.0,0,0,1260
2415583,0,0,0,99.99,0.0,0.0,0.0,0.0,0.0,0.0,0.0,0.0,0.0,0.0,0.0,0.0,1.06,-3.51,-43.85,0.0,0.0,0.0,100.0,0,0,1260
2415783,0,0,0,99.99,0.0,0.0,0.0,0.0,0.0,0.0,0.0,0.0,0.0,0.0,0.0,0.0,1.05,-3.52,-43.82,0.0,0.0,0.0,100.0,0,0,1260
2415984,0,0,0,99.99,0.0,0.0,0.0,0.0,0.0,0.0,0.0,0.0,0.0,0.0,0.0,0.0,1.04,-3.51,-43.78,0.0,0.0,0.0,100.0,0,0,1265
2416193,0,0,0,99.99,0.0,0.0,0.0,0.0,0.0,0.0,0.0,0.0,0.0,0.0,0.0,0.0,1.03,-3.51,-43.8,0.0,0.0,0.0,100.0,0,0,1266
2416394,0,0,0,99.99,0.0,0.0,0.0,0.0,0.0,0.0,0.0,0.0,0.0,0.0,0.0,0.0,1.03,-3.5,-43.82,0.0,0.0,0.0,100.0,0,0,1266
2416603,0,0,0,99.99,0.0,0.0,0.0,0.0,0.0,0.0,0.0,0.0,0.0,0.0,0.0,0.0,1.03,-3.51,-43.84,0.0,0.0,0.0,100.0,0,0,1266
2416803,0,0,0,99.99,0.0,0.0,0.0,0.0,0.0,0.0,0.0,0.0,0.0,0.0,0.0,0.0,1.03,-3.49,-43.83,0.0,0.0,0.0,100.0,0,0,1266
2417003,0,0,0,99.99,0.0,0.0,0.0,0.0,0.0,0.0,0.0,0.0,0.0,0.0,0.0,0.0,1.03,-3.5,-43.83,0.0,0.0,0.0,100.0,0,0,1271
2417203,0,0,0,99.99,0.0,0.0,0.0,0.0,0.0,0.0,0.0,0.0,0.0,0.0,0.0,0.0,1.01,-3.49,-43.84,0.0,0.0,0.0,100.0,0,0,1272
2417403,0,0,0,99.99,0.0,0.0,0.0,0.0,0.0,0.0,0.0,0.0,0.0,0.0,0.0,0.0,1.02,-3.5,-43.85,0.0,0.0,0.0,100.0,0,0,1272
2417603,0,0,0,99.99,0.0,0.0,0.0,0.0,0.0,0.0,0.0,0.0,0.0,0.0,0.0,0.0,1.01,-3.5,-43.8,0.0,0.0,0.0,100.0,0,0,1272
2417803,0,0,0,99.99,0.0,0.0,0.0,0.0,0.0,0.0,0.0,0.0,0.0,0.0,0.0,0.0,1.01,-3.49,-43.83,0.0,0.0,0.0,100.0,0,0,1272
2418003,0,0,0,99.99,0.0,0.0,0.0,0.0,0.0,0.0,0.0,0.0,0.0,0.0,0.0,0.0,1.01,-3.49,-43.81,0.0,0.0,0.0,100.0,0,0,1277
2418203,0,0,0,99.99,0.0,0.0,0.0,0.0,0.0,0.0,0.0,0.0,0.0,0.0,0.0,0.0,1.0,-3.49,-43.8,0.0,0.0,0.0,100.0,0,0,1278
2418403,0,0,0,99.99,0.0,0.0,0.0,0.0,0.0,0.0,0.0,0.0,0.0,0.0,0.0,0.0,1.0,-3.48,-43.79,0.0,0.0,0.0,100.0,0,0,1278
2418603,0,0,0,99.99,0.0,0.0,0.0,0.0,0.0,0.0,0.0,0.0,0.0,0.0,0.0,0.0,1.0,-3.48,-43.81,0.0,0.0,0.0,100.0,0,0,1278
2418803,0,0,0,99.99,0.0,0.0,0.0,0.0,0.0,0.0,0.0,0.0,0.0,0.0,0.0,0.0,1.0,-3.5,-43.79,0.0,0.0,0.0,100.0,0,0,1278
2419003,0,0,0,99.99,0.0,0.0,0.0,0.0,0.0,0.0,0.0,0.0,0.0,0.0,0.0,0.0,1.0,-3.49,-43.79,0.0,0.0,0.0,100.0,0,0,1283
2419203,0,0,0,99.99,0.0,0.0,0.0,0.0,0.0,0.0,0.0,0.0,0.0,0.0,0.0,0.0,1.01,-3.5,-43.76,0.0,0.0,0.0,100.0,0,0,1284
2419403,0,0,0,99.99,0.0,0.0,0.0,0.0,0.0,0.0,0.0,0.0,0.0,0.0,0.0,0.0,1.02,-3.5,-43.76,0.0,0.0,0.0,100.0,0,0,1284
2419604,0,0,0,99.99,0.0,0.0,0.0,0.0,0.0,0.0,0.0,0.0,0.0,0.0,0.0,0.0,1.01,-3.51,-43.74,0.0,0.0,0.0,100.0,0,0,1284
2419813,0,0,0,99.99,0.0,0.0,0.0,0.0,0.0,0.0,0.0,0.0,0.0,0.0,0.0,0.0,1.01,-3.5,-43.75,0.0,0.0,0.0,100.0,0,0,1284
2420013,0,0,0,99.99,0.0,0.0,0.0,0.0,0.0,0.0,0.0,0.0,0.0,0.0,0.0,0.0,1.01,-3.51,-43.74,0.0,0.0,0.0,100.0,0,0,1285
2420213,0,0,0,99.99,0.0,0.0,0.0,0.0,0.0,0.0,0.0,0.0,0.0,0.0,0.0,0.0,1.01,-3.52,-43.74,0.0,0.0,0.0,100.0,0,0,1290
2420413,0,0,0,99.99,0.0,0.0,0.0,0.0,0.0,0.0,0.0,0.0,0.0,0.0,0.0,0.0,1.02,-3.53,-43.72,0.0,0.0,0.0,100.0,0,0,1290
2420613,0,0,0,99.99,0.0,0.0,0.0,0.0,0.0,0.0,0.0,0.0,0.0,0.0,0.0,0.0,1.02,-3.55,-43.68,0.0,0.0,0.0,100.0,0,0,1290
2420813,0,0,0,99.99,0.0,0.0,0.0,0.0,0.0,0.0,0.0,0.0,0.0,0.0,0.0,0.0,1.02,-3.54,-43.7,0.0,0.0,0.0,100.0,0,0,1290
2421013,0,0,0,99.99,0.0,0.0,0.0,0.0,0.0,0.0,0.0,0.0,0.0,0.0,0.0,0.0,1.02,-3.53,-43.72,0.0,0.0,0.0,100.0,0,0,1296
2421213,0,0,0,99.99,0.0,0.0,0.0,0.0,0.0,0.0,0.0,0.0,0.0,0.0,0.0,0.0,1.03,-3.53,-43.74,0.0,0.0,0.0,100.0,0,0,1296
2421413,0,0,0,99.99,0.0,0.0,0.0,0.0,0.0,0.0,0.0,0.0,0.0,0.0,0.0,0.0,1.02,-3.53,-43.73,0.0,0.0,0.0,100.0,0,0,1296
2421613,0,0,0,99.99,0.0,0.0,0.0,0.0,0.0,0.0,0.0,0.0,0.0,0.0,0.0,0.0,1.01,-3.52,-43.74,0.0,0.0,0.0,100.0,0,0,1296
2421813,0,0,0,99.99,0.0,0.0,0.0,0.0,0.0,0.0,0.0,0.0,0.0,0.0,0.0,0.0,1.01,-3.51,-43.77,0.0,0.0,0.0,100.0,0,0,1296
2422013,0,0,0,99.99,0.0,0.0,0.0,0.0,0.0,0.0,0.0,0.0,0.0,0.0,0.0,0.0,1.02,-3.51,-43.75,0.0,0.0,0.0,100.0,0,0,1302
2422213,0,0,0,99.99,0.0,0.0,0.0,0.0,0.0,0.0,0.0,0.0,0.0,0.0,0.0,0.0,1.01,-3.5,-43.77,0.0,0.0,0.0,100.0,0,0,1302
2422413,0,0,0,99.99,0.0,0.0,0.0,0.0,0.0,0.0,0.0,0.0,0.0,0.0,0.0,0.0,1.02,-3.51,-43.76,0.0,0.0,0.0,100.0,0,0,1302
2422613,0,0,0,99.99,0.0,0.0,0.0,0.0,0.0,0.0,0.0,0.0,0.0,0.0,0.0,0.0,1.02,-3.51,-43.77,0.0,0.0,0.0,100.0,0,0,1302
2422813,0,0,0,99.99,0.0,0.0,0.0,0.0,0.0,0.0,0.0,0.0,0.0,0.0,0.0,0.0,1.04,-3.5,-43.78,0.0,0.0,0.0,100.0,0,0,1302
2423014,0,0,0,99.99,0.0,0.0,0.0,0.0,0.0,0.0,0.0,0.0,0.0,0.0,0.0,0.0,1.01,-3.52,-43.75,0.0,0.0,0.0,100.0,0,0,1308
2423214,0,0,0,99.99,0.0,0.0,0.0,0.0,0.0,0.0,0.0,0.0,0.0,0.0,0.0,0.0,1.01,-3.52,-43.76,0.0,0.0,0.0,100.0,0,0,1308
2423423,0,0,0,99.99,0.0,0.0,0.0,0.0,0.0,0.0,0.0,0.0,0.0,0.0,0.0,0.0,1.0,-3.52,-43.78,0.0,0.0,0.0,100.0,0,0,1308
2423623,0,0,0,99.99,0.0,0.0,0.0,0.0,0.0,0.0,0.0,0.0,0.0,0.0,0.0,0.0,1.0,-3.53,-43.76,0.0,0.0,0.0,100.0,0,0,1308
2423823,0,0,0,99.99,0.0,0.0,0.0,0.0,0.0,0.0,0.0,0.0,0.0,0.0,0.0,0.0,1.02,-3.54,-43.75,0.0,0.0,0.0,100.0,0,0,1308
2424023,0,0,0,99.99,0.0,0.0,0.0,0.0,0.0,0.0,0.0,0.0,0.0,0.0,0.0,0.0,1.03,-3.55,-43.78,0.0,0.0,0.0,100.0,0,0,1314
2424223,0,0,0,99.99,0.0,0.0,0.0,0.0,0.0,0.0,0.0,0.0,0.0,0.0,0.0,0.0,1.03,-3.55,-43.79,0.0,0.0,0.0,100.0,0,0,1314
2424423,0,0,0,99.99,0.0,0.0,0.0,0.0,0.0,0.0,0.0,0.0,0.0,0.0,0.0,0.0,1.04,-3.54,-43.79,0.0,0.0,0.0,100.0,0,0,1314
2424623,0,0,0,99.99,0.0,0.0,0.0,0.0,0.0,0.0,0.0,0.0,0.0,0.0,0.0,0.0,1.03,-3.53,-43.77,0.0,0.0,0.0,100.0,0,0,1314
2424823,0,0,0,99.99,0.0,0.0,0.0,0.0,0.0,0.0,0.0,0.0,0.0,0.0,0.0,0.0,1.04,-3.53,-43.73,0.0,0.0,0.0,100.0,0,0,1314
2425023,0,0,0,99.99,0.0,0.0,0.0,0.0,0.0,0.0,0.0,0.0,0.0,0.0,0.0,0.0,1.04,-3.52,-43.74,0.0,0.0,0.0,100.0,0,0,1320
2425223,0,0,0,99.99,0.0,0.0,0.0,0.0,0.0,0.0,0.0,0.0,0.0,0.0,0.0,0.0,1.07,-3.53,-43.74,0.0,0.0,0.0,100.0,0,0,1320
2425423,0,0,0,99.99,0.0,0.0,0.0,0.0,0.0,0.0,0.0,0.0,0.0,0.0,0.0,0.0,1.05,-3.51,-43.77,0.0,0.0,0.0,100.0,0,0,1320
2425623,0,0,0,99.99,0.0,0.0,0.0,0.0,0.0,0.0,0.0,0.0,0.0,0.0,0.0,0.0,1.05,-3.51,-43.79,0.0,0.0,0.0,100.0,0,0,1320
2425823,0,0,0,99.99,0.0,0.0,0.0,0.0,0.0,0.0,0.0,0.0,0.0,0.0,0.0,0.0,1.04,-3.5,-43.79,0.0,0.0,0.0,100.0,0,0,1320
2426023,0,0,0,99.99,0.0,0.0,0.0,0.0,0.0,0.0,0.0,0.0,0.0,0.0,0.0,0.0,1.03,-3.5,-43.78,0.0,0.0,0.0,100.0,0,0,1322
2426223,0,0,0,99.99,0.0,0.0,0.0,0.0,0.0,0.0,0.0,0.0,0.0,0.0,0.0,0.0,1.01,-3.51,-43.8,0.0,0.0,0.0,100.0,0,0,1326
2426423,0,0,0,99.99,0.0,0.0,0.0,0.0,0.0,0.0,0.0,0.0,0.0,0.0,0.0,0.0,1.01,-3.51,-43.77,0.0,0.0,0.0,100.0,0,0,1326
2426623,0,0,0,99.99,0.0,0.0,0.0,0.0,0.0,0.0,0.0,0.0,0.0,0.0,0.0,0.0,0.99,-3.51,-43.72,0.0,0.0,0.0,100.0,0,0,1326
2426823,0,0,0,99.99,0.0,0.0,0.0,0.0,0.0,0.0,0.0,0.0,0.0,0.0,0.0,0.0,1.0,-3.51,-43.73,0.0,0.0,0.0,100.0,0,0,1326
2427023,0,0,0,99.99,0.0,0.0,0.0,0.0,0.0,0.0,0.0,0.0,0.0,0.0,0.0,0.0,1.0,-3.5,-43.74,0.0,0.0,0.0,100.0,0,0,1332
2427223,0,0,0,99.99,0.0,0.0,0.0,0.0,0.0,0.0,0.0,0.0,0.0,0.0,0.0,0.0,1.0,-3.5,-43.78,0.0,0.0,0.0,100.0,0,0,1332
2427423,0,0,0,99.99,0.0,0.0,0.0,0.0,0.0,0.0,0.0,0.0,0.0,0.0,0.0,0.0,0.99,-3.5,-43.76,0.0,0.0,0.0,100.0,0,0,1332
2427624,0,0,0,99.99,0.0,0.0,0.0,0.0,0.0,0.0,0.0,0.0,0.0,0.0,0.0,0.0,0.99,-3.49,-43.78,0.0,0.0,0.0,100.0,0,0,1332
2427833,0,0,0,99.99,0.0,0.0,0.0,0.0,0.0,0.0,0.0,0.0,0.0,0.0,0.0,0.0,1.0,-3.51,-43.79,0.0,0.0,0.0,100.0,0,0,1332
2428033,0,0,0,99.99,0.0,0.0,0.0,0.0,0.0,0.0,0.0,0.0,0.0,0.0,0.0,0.0,1.0,-3.51,-43.76,0.0,0.0,0.0,100.0,0,0,1338
2428233,0,0,0,99.99,0.0,0.0,0.0,0.0,0.0,0.0,0.0,0.0,0.0,0.0,0.0,0.0,1.01,-3.51,-43.74,0.0,0.0,0.0,100.0,0,0,1338
2428433,0,0,0,99.99,0.0,0.0,0.0,0.0,0.0,0.0,0.0,0.0,0.0,0.0,0.0,0.0,1.01,-3.51,-43.76,0.0,0.0,0.0,100.0,0,0,1338
2428633,0,0,0,99.99,0.0,0.0,0.0,0.0,0.0,0.0,0.0,0.0,0.0,0.0,0.0,0.0,1.02,-3.51,-43.74,0.0,0.0,0.0,100.0,0,0,1338
2428834,0,0,0,99.99,0.0,0.0,0.0,0.0,0.0,0.0,0.0,0.0,0.0,0.0,0.0,0.0,1.01,-3.51,-43.75,0.0,0.0,0.0,100.0,0,0,1338
2429034,0,0,0,99.99,0.0,0.0,0.0,0.0,0.0,0.0,0.0,0.0,0.0,0.0,0.0,0.0,1.01,-3.51,-43.76,0.0,0.0,0.0,100.0,0,0,1344
2429243,0,0,0,99.99,0.0,0.0,0.0,0.0,0.0,0.0,0.0,0.0,0.0,0.0,0.0,0.0,1.01,-3.51,-43.76,0.0,0.0,0.0,100.0,0,0,1344
2429443,0,0,0,99.99,0.0,0.0,0.0,0.0,0.0,0.0,0.0,0.0,0.0,0.0,0.0,0.0,1.01,-3.51,-43.76,0.0,0.0,0.0,100.0,0,0,1344
2429643,0,0,0,99.99,0.0,0.0,0.0,0.0,0.0,0.0,0.0,0.0,0.0,0.0,0.0,0.0,1.0,-3.51,-43.73,0.0,0.0,0.0,100.0,0,0,1344
2429843,0,0,0,99.99,0.0,0.0,0.0,0.0,0.0,0.0,0.0,0.0,0.0,0.0,0.0,0.0,0.99,-3.49,-43.73,0.0,0.0,0.0,100.0,0,0,1345
2430043,0,0,0,99.99,0.0,0.0,0.0,0.0,0.0,0.0,0.0,0.0,0.0,0.0,0.0,0.0,0.99,-3.5,-43.72,0.0,0.0,0.0,100.0,0,0,1350
2430243,0,0,0,99.99,0.0,0.0,0.0,0.0,0.0,0.0,0.0,0.0,0.0,0.0,0.0,0.0,0.99,-3.5,-43.7,0.0,0.0,0.0,100.0,0,0,1350
2430443,0,0,0,99.99,0.0,0.0,0.0,0.0,0.0,0.0,0.0,0.0,0.0,0.0,0.0,0.0,1.0,-3.49,-43.75,0.0,0.0,0.0,100.0,0,0,1350
2430643,0,0,0,99.99,0.0,0.0,0.0,0.0,0.0,0.0,0.0,0.0,0.0,0.0,0.0,0.0,1.01,-3.49,-43.76,0.0,0.0,0.0,100.0,0,0,1350
2430843,0,0,0,99.99,0.0,0.0,0.0,0.0,0.0,0.0,0.0,0.0,0.0,0.0,0.0,0.0,1.0,-3.49,-43.78,0.0,0.0,0.0,100.0,0,0,1351
2431043,0,0,0,99.99,0.0,0.0,0.0,0.0,0.0,0.0,0.0,0.0,0.0,0.0,0.0,0.0,0.99,-3.5,-43.76,0.0,0.0,0.0,100.0,0,0,1356
2431243,0,0,0,99.99,0.0,0.0,0.0,0.0,0.0,0.0,0.0,0.0,0.0,0.0,0.0,0.0,1.0,-3.51,-43.75,0.0,0.0,0.0,100.0,0,0,1356
2431443,0,0,0,99.99,0.0,0.0,0.0,0.0,0.0,0.0,0.0,0.0,0.0,0.0,0.0,0.0,1.01,-3.51,-43.76,0.0,0.0,0.0,100.0,0,0,1356
2431643,0,0,0,99.99,0.0,0.0,0.0,0.0,0.0,0.0,0.0,0.0,0.0,0.0,0.0,0.0,1.01,-3.5,-43.76,0.0,0.0,0.0,100.0,0,0,1356
2431843,0,0,0,99.99,0.0,0.0,0.0,0.0,0.0,0.0,0.0,0.0,0.0,0.0,0.0,0.0,1.02,-3.51,-43.75,0.0,0.0,0.0,100.0,0,0,1356
2432043,0,0,0,99.99,0.0,0.0,0.0,0.0,0.0,0.0,0.0,0.0,0.0,0.0,0.0,0.0,1.01,-3.5,-43.75,0.0,0.0,0.0,100.0,0,0,1358
2432243,0,0,0,99.99,0.0,0.0,0.0,0.0,0.0,0.0,0.0,0.0,0.0,0.0,0.0,0.0,1.01,-3.52,-43.76,0.0,0.0,0.0,100.0,0,0,1362
2432443,0,0,0,99.99,0.0,0.0,0.0,0.0,0.0,0.0,0.0,0.0,0.0,0.0,0.0,0.0,1.01,-3.52,-43.76,0.0,0.0,0.0,100.0,0,0,1362
2432643,0,0,0,99.99,0.0,0.0,0.0,0.0,0.0,0.0,0.0,0.0,0.0,0.0,0.0,0.0,1.02,-3.52,-43.79,0.0,0.0,0.0,100.0,0,0,1362
2432843,0,0,0,99.99,0.0,0.0,0.0,0.0,0.0,0.0,0.0,0.0,0.0,0.0,0.0,0.0,1.01,-3.53,-43.81,0.0,0.0,0.0,100.0,0,0,1363
2433043,0,0,0,99.99,0.0,0.0,0.0,0.0,0.0,0.0,0.0,0.0,0.0,0.0,0.0,0.0,1.0,-3.53,-43.84,0.0,0.0,0.0,100.0,0,0,1368
2433243,0,0,0,99.99,0.0,0.0,0.0,0.0,0.0,0.0,0.0,0.0,0.0,0.0,0.0,0.0,1.0,-3.52,-43.85,0.0,0.0,0.0,100.0,0,0,1368
2433443,0,0,0,99.99,0.0,0.0,0.0,0.0,0.0,0.0,0.0,0.0,0.0,0.0,0.0,0.0,1.0,-3.51,-43.85,0.0,0.0,0.0,100.0,0,0,1368
2433643,0,0,0,99.99,0.0,0.0,0.0,0.0,0.0,0.0,0.0,0.0,0.0,0.0,0.0,0.0,0.98,-3.51,-43.85,0.0,0.0,0.0,100.0,0,0,1368
2433843,0,0,0,99.99,0.0,0.0,0.0,0.0,0.0,0.0,0.0,0.0,0.0,0.0,0.0,0.0,0.97,-3.51,-43.85,0.0,0.0,0.0,100.0,0,0,1369
2434043,0,0,0,99.99,0.0,0.0,0.0,0.0,0.0,0.0,0.0,0.0,0.0,0.0,0.0,0.0,0.97,-3.51,-43.84,0.0,0.0,0.0,100.0,0,0,1374
2434243,0,0,0,99.99,0.0,0.0,0.0,0.0,0.0,0.0,0.0,0.0,0.0,0.0,0.0,0.0,0.98,-3.51,-43.82,0.0,0.0,0.0,100.0,0,0,1374
2434443,0,0,0,99.99,0.0,0.0,0.0,0.0,0.0,0.0,0.0,0.0,0.0,0.0,0.0,0.0,0.97,-3.51,-43.83,0.0,0.0,0.0,100.0,0,0,1374
2434643,0,0,0,99.99,0.0,0.0,0.0,0.0,0.0,0.0,0.0,0.0,0.0,0.0,0.0,0.0,0.98,-3.51,-43.84,0.0,0.0,0.0,100.0,0,0,1374
2434843,0,0,0,99.99,0.0,0.0,0.0,0.0,0.0,0.0,0.0,0.0,0.0,0.0,0.0,0.0,0.98,-3.51,-43.83,0.0,0.0,0.0,100.0,0,0,1375
2435043,0,0,0,99.99,0.0,0.0,0.0,0.0,0.0,0.0,0.0,0.0,0.0,0.0,0.0,0.0,0.99,-3.51,-43.85,0.0,0.0,0.0,100.0,0,0,1380
2435243,0,0,0,99.99,0.0,0.0,0.0,0.0,0.0,0.0,0.0,0.0,0.0,0.0,0.0,0.0,1.0,-3.51,-43.86,0.0,0.0,0.0,100.0,0,0,1380
2435443,0,0,0,99.99,0.0,0.0,0.0,0.0,0.0,0.0,0.0,0.0,0.0,0.0,0.0,0.0,1.0,-3.51,-43.85,0.0,0.0,0.0,100.0,0,0,1380
2435643,0,0,0,99.99,0.0,0.0,0.0,0.0,0.0,0.0,0.0,0.0,0.0,0.0,0.0,0.0,0.99,-3.51,-43.8,0.0,0.0,0.0,100.0,0,0,1380
2435844,0,0,0,99.99,0.0,0.0,0.0,0.0,0.0,0.0,0.0,0.0,0.0,0.0,0.0,0.0,1.0,-3.5,-43.81,0.0,0.0,0.0,100.0,0,0,1381
2436053,0,0,0,99.99,0.0,0.0,0.0,0.0,0.0,0.0,0.0,0.0,0.0,0.0,0.0,0.0,1.0,-3.51,-43.82,0.0,0.0,0.0,100.0,0,0,1386
2436253,0,0,0,99.99,0.0,0.0,0.0,0.0,0.0,0.0,0.0,0.0,0.0,0.0,0.0,0.0,1.0,-3.51,-43.82,0.0,0.0,0.0,100.0,0,0,1386
2436454,0,0,0,99.99,0.0,0.0,0.0,0.0,0.0,0.0,0.0,0.0,0.0,0.0,0.0,0.0,0.99,-3.51,-43.8,0.0,0.0,0.0,100.0,0,0,1386
2436663,0,0,0,99.99,0.0,0.0,0.0,0.0,0.0,0.0,0.0,0.0,0.0,0.0,0.0,0.0,0.98,-3.51,-43.83,0.0,0.0,0.0,100.0,0,0,1386
2436863,0,0,0,99.99,0.0,0.0,0.0,0.0,0.0,0.0,0.0,0.0,0.0,0.0,0.0,0.0,0.98,-3.51,-43.83,0.0,0.0,0.0,100.0,0,0,1387
2437063,0,0,0,99.99,0.0,0.0,0.0,0.0,0.0,0.0,0.0,0.0,0.0,0.0,0.0,0.0,0.98,-3.53,-43.81,0.0,0.0,0.0,100.0,0,0,1392
2437263,0,0,0,99.99,0.0,0.0,0.0,0.0,0.0,0.0,0.0,0.0,0.0,0.0,0.0,0.0,0.99,-3.53,-43.8,0.0,0.0,0.0,100.0,0,0,1392
2437463,0,0,0,99.99,0.0,0.0,0.0,0.0,0.0,0.0,0.0,0.0,0.0,0.0,0.0,0.0,1.0,-3.52,-43.82,0.0,0.0,0.0,100.0,0,0,1392
2437663,0,0,0,99.99,0.0,0.0,0.0,0.0,0.0,0.0,0.0,0.0,0.0,0.0,0.0,0.0,1.0,-3.52,-43.82,0.0,0.0,0.0,100.0,0,0,1392
2437863,0,0,0,99.99,0.0,0.0,0.0,0.0,0.0,0.0,0.0,0.0,0.0,0.0,0.0,0.0,1.0,-3.52,-43.8,0.0,0.0,0.0,100.0,0,0,1392
2438063,0,0,0,99.99,0.0,0.0,0.0,0.0,0.0,0.0,0.0,0.0,0.0,0.0,0.0,0.0,0.99,-3.52,-43.8,0.0,0.0,0.0,100.0,0,0,1394
2438263,0,0,0,99.99,0.0,0.0,0.0,0.0,0.0,0.0,0.0,0.0,0.0,0.0,0.0,0.0,0.99,-3.51,-43.77,0.0,0.0,0.0,100.0,0,0,1398
2438463,0,0,0,99.99,0.0,0.0,0.0,0.0,0.0,0.0,0.0,0.0,0.0,0.0,0.0,0.0,0.99,-3.52,-43.75,0.0,0.0,0.0,99.9,0,0,1398
2438663,0,0,0,99.99,0.0,0.0,0.0,0.0,0.0,0.0,0.0,0.0,0.0,0.0,0.0,0.0,0.98,-3.5,-43.74,0.0,0.0,0.0,99.9,0,0,1398
2438863,0,0,0,99.99,0.0,0.0,0.0,0.0,0.0,0.0,0.0,0.0,0.0,0.0,0.0,0.0,0.98,-3.49,-43.73,0.0,0.0,0.0,99.9,0,0,1399
2439063,0,0,0,99.99,0.0,0.0,0.0,0.0,0.0,0.0,0.0,0.0,0.0,0.0,0.0,0.0,0.98,-3.5,-43.76,0.0,0.0,0.0,99.9,0,0,1404
2439263,0,0,0,99.99,0.0,0.0,0.0,0.0,0.0,0.0,0.0,0.0,0.0,0.0,0.0,0.0,0.99,-3.5,-43.81,0.0,0.0,0.0,99.9,0,0,1404
2439463,0,0,0,99.99,0.0,0.0,0.0,0.0,0.0,0.0,0.0,0.0,0.0,0.0,0.0,0.0,0.99,-3.5,-43.77,0.0,0.0,0.0,100.1,0,0,1404
2439663,0,0,0,99.99,0.0,0.0,0.0,0.0,0.0,0.0,0.0,0.0,0.0,0.0,0.0,0.0,0.99,-3.5,-43.8,0.0,0.0,0.0,100.1,0,0,1404
2439863,0,0,0,99.99,0.0,0.0,0.0,0.0,0.0,0.0,0.0,0.0,0.0,0.0,0.0,0.0,1.0,-3.5,-43.78,0.0,0.0,0.0,100.1,0,0,1405
2440063,0,0,0,99.99,0.0,0.0,0.0,0.0,0.0,0.0,0.0,0.0,0.0,0.0,0.0,0.0,1.0,-3.5,-43.79,0.0,0.0,0.0,100.1,0,0,1410
2440263,0,0,0,99.99,0.0,0.0,0.0,0.0,0.0,0.0,0.0,0.0,0.0,0.0,0.0,0.0,0.99,-3.51,-43.78,0.0,0.0,0.0,100.1,0,0,1410
2440463,0,0,0,99.99,0.0,0.0,0.0,0.0,0.0,0.0,0.0,0.0,0.0,0.0,0.0,0.0,0.99,-3.49,-43.8,0.0,0.0,0.0,100.0,0,0,1410
2440663,0,0,0,99.99,0.0,0.0,0.0,0.0,0.0,0.0,0.0,0.0,0.0,0.0,0.0,0.0,1.0,-3.49,-43.82,0.0,0.0,0.0,100.0,0,0,1410
2440863,0,0,0,99.99,0.0,0.0,0.0,0.0,0.0,0.0,0.0,0.0,0.0,0.0,0.0,0.0,1.0,-3.5,-43.8,0.0,0.0,0.0,100.0,0,0,1411
2441063,0,0,0,99.99,0.0,0.0,0.0,0.0,0.0,0.0,0.0,0.0,0.0,0.0,0.0,0.0,1.01,-3.5,-43.81,0.0,0.0,0.0,100.0,0,0,1416
2441263,0,0,0,99.99,0.0,0.0,0.0,0.0,0.0,0.0,0.0,0.0,0.0,0.0,0.0,0.0,1.01,-3.5,-43.79,0.0,0.0,0.0,100.0,0,0,1416
2441463,0,0,0,99.99,0.0,0.0,0.0,0.0,0.0,0.0,0.0,0.0,0.0,0.0,0.0,0.0,1.0,-3.49,-43.78,0.0,0.0,0.0,100.0,0,0,1416
2441663,0,0,0,99.99,0.0,0.0,0.0,0.0,0.0,0.0,0.0,0.0,0.0,0.0,0.0,0.0,1.01,-3.49,-43.8,0.0,0.0,0.0,100.0,0,0,1416
2441863,0,0,0,99.99,0.0,0.0,0.0,0.0,0.0,0.0,0.0,0.0,0.0,0.0,0.0,0.0,1.0,-3.5,-43.8,0.0,0.0,0.0,100.0,0,0,1417
2442063,0,0,0,99.99,0.0,0.0,0.0,0.0,0.0,0.0,0.0,0.0,0.0,0.0,0.0,0.0,1.0,-3.5,-43.78,0.0,0.0,0.0,100.0,0,0,1422
2442263,0,0,0,99.99,0.0,0.0,0.0,0.0,0.0,0.0,0.0,0.0,0.0,0.0,0.0,0.0,1.0,-3.51,-43.79,0.0,0.0,0.0,100.0,0,0,1422
2442463,0,0,0,99.99,0.0,0.0,0.0,0.0,0.0,0.0,0.0,0.0,0.0,0.0,0.0,0.0,1.0,-3.52,-43.75,0.0,0.0,0.0,100.0,0,0,1422
2442663,0,0,0,99.99,0.0,0.0,0.0,0.0,0.0,0.0,0.0,0.0,0.0,0.0,0.0,0.0,1.0,-3.52,-43.75,0.0,0.0,0.0,100.0,0,0,1422
2442864,0,0,0,99.99,0.0,0.0,0.0,0.0,0.0,0.0,0.0,0.0,0.0,0.0,0.0,0.0,0.99,-3.52,-43.78,0.0,0.0,0.0,100.0,0,0,1424
2443074,0,0,0,99.99,0.0,0.0,0.0,0.0,0.0,0.0,0.0,0.0,0.0,0.0,0.0,0.0,0.99,-3.5,-43.82,0.0,0.0,0.0,100.0,0,0,1428
2443283,0,0,0,99.99,0.0,0.0,0.0,0.0,0.0,0.0,0.0,0.0,0.0,0.0,0.0,0.0,0.98,-3.51,-43.82,0.0,0.0,0.0,100.0,0,0,1428
2443483,0,0,0,99.99,0.0,0.0,0.0,0.0,0.0,0.0,0.0,0.0,0.0,0.0,0.0,0.0,0.98,-3.51,-43.8,0.0,0.0,0.0,100.0,0,0,1428
2443683,0,0,0,99.99,0.0,0.0,0.0,0.0,0.0,0.0,0.0,0.0,0.0,0.0,0.0,0.0,0.99,-3.5,-43.78,0.0,0.0,0.0,100.0,0,0,1428
2443883,0,0,0,99.99,0.0,0.0,0.0,0.0,0.0,0.0,0.0,0.0,0.0,0.0,0.0,0.0,0.99,-3.5,-43.79,0.0,0.0,0.0,100.0,0,0,1428
2444083,0,0,0,99.99,0.0,0.0,0.0,0.0,0.0,0.0,0.0,0.0,0.0,0.0,0.0,0.0,0.99,-3.51,-43.78,0.0,0.0,0.0,100.0,0,0,1431
2444283,0,0,0,99.99,0.0,0.0,0.0,0.0,0.0,0.0,0.0,0.0,0.0,0.0,0.0,0.0,0.97,-3.51,-43.75,0.0,0.0,0.0,100.0,0,0,1434
2444483,0,0,0,99.99,0.0,0.0,0.0,0.0,0.0,0.0,0.0,0.0,0.0,0.0,0.0,0.0,0.97,-3.51,-43.75,0.0,0.0,0.0,99.9,0,0,1434
2444683,0,0,0,99.99,0.0,0.0,0.0,0.0,0.0,0.0,0.0,0.0,0.0,0.0,0.0,0.0,0.97,-3.51,-43.74,0.0,0.0,0.0,99.9,0,0,1434
2444883,0,0,0,99.99,0.0,0.0,0.0,0.0,0.0,0.0,0.0,0.0,0.0,0.0,0.0,0.0,0.96,-3.5,-43.74,0.0,0.0,0.0,99.9,0,0,1436
2445083,0,0,0,99.99,0.0,0.0,0.0,0.0,0.0,0.0,0.0,0.0,0.0,0.0,0.0,0.0,0.96,-3.5,-43.75,0.0,0.0,0.0,99.9,0,0,1440
2445283,0,0,0,99.99,0.0,0.0,0.0,0.0,0.0,0.0,0.0,0.0,0.0,0.0,0.0,0.0,0.97,-3.49,-43.76,0.0,0.0,0.0,99.9,0,0,1440
2445483,0,0,0,99.99,0.0,0.0,0.0,0.0,0.0,0.0,0.0,0.0,0.0,0.0,0.0,0.0,0.97,-3.48,-43.78,0.0,0.0,0.0,100.1,0,0,1440
2445683,0,0,0,99.99,0.0,0.0,0.0,0.0,0.0,0.0,0.0,0.0,0.0,0.0,0.0,0.0,0.96,-3.48,-43.79,0.0,0.0,0.0,100.1,0,0,1440
2445883,0,0,0,99.99,0.0,0.0,0.0,0.0,0.0,0.0,0.0,0.0,0.0,0.0,0.0,0.0,0.97,-3.5,-43.78,0.0,0.0,0.0,100.1,0,0,1442
2446083,0,0,0,99.99,0.0,0.0,0.0,0.0,0.0,0.0,0.0,0.0,0.0,0.0,0.0,0.0,0.98,-3.5,-43.75,0.0,0.0,0.0,100.1,0,0,1446
2446283,0,0,0,99.99,0.0,0.0,0.0,0.0,0.0,0.0,0.0,0.0,0.0,0.0,0.0,0.0,0.99,-3.5,-43.77,0.0,0.0,0.0,100.1,0,0,1446
2446483,0,0,0,99.99,0.0,0.0,0.0,0.0,0.0,0.0,0.0,0.0,0.0,0.0,0.0,0.0,1.0,-3.5,-43.77,0.0,0.0,0.0,100.0,0,0,1446
2446683,0,0,0,99.99,0.0,0.0,0.0,0.0,0.0,0.0,0.0,0.0,0.0,0.0,0.0,0.0,0.99,-3.5,-43.76,0.0,0.0,0.0,100.0,0,0,1446
2446883,0,0,0,99.99,0.0,0.0,0.0,0.0,0.0,0.0,0.0,0.0,0.0,0.0,0.0,0.0,0.99,-3.51,-43.79,0.0,0.0,0.0,100.0,0,0,1448
2447083,0,0,0,99.99,0.0,0.0,0.0,0.0,0.0,0.0,0.0,0.0,0.0,0.0,0.0,0.0,1.0,-3.5,-43.78,0.0,0.0,0.0,100.0,0,0,1452
2447283,0,0,0,99.99,0.0,0.0,0.0,0.0,0.0,0.0,0.0,0.0,0.0,0.0,0.0,0.0,0.99,-3.5,-43.79,0.0,0.0,0.0,100.0,0,0,1452
2447483,0,0,0,99.99,0.0,0.0,0.0,0.0,0.0,0.0,0.0,0.0,0.0,0.0,0.0,0.0,1.0,-3.51,-43.8,0.0,0.0,0.0,100.0,0,0,1452
2447683,0,0,0,99.99,0.0,0.0,0.0,0.0,0.0,0.0,0.0,0.0,0.0,0.0,0.0,0.0,1.01,-3.5,-43.81,0.0,0.0,0.0,100.0,0,0,1452
2447883,0,0,0,99.99,0.0,0.0,0.0,0.0,0.0,0.0,0.0,0.0,0.0,0.0,0.0,0.0,1.01,-3.49,-43.82,0.0,0.0,0.0,100.0,0,0,1454
2448083,0,0,0,99.99,0.0,0.0,0.0,0.0,0.0,0.0,0.0,0.0,0.0,0.0,0.0,0.0,1.01,-3.5,-43.77,0.0,0.0,0.0,100.0,0,0,1458
2448283,0,0,0,99.99,0.0,0.0,0.0,0.0,0.0,0.0,0.0,0.0,0.0,0.0,0.0,0.0,1.0,-3.5,-43.76,0.0,0.0,0.0,100.0,0,0,1458
2448483,0,0,0,99.99,0.0,0.0,0.0,0.0,0.0,0.0,0.0,0.0,0.0,0.0,0.0,0.0,0.99,-3.5,-43.77,0.0,0.0,0.0,100.0,0,0,1458
2448683,0,0,0,99.99,0.0,0.0,0.0,0.0,0.0,0.0,0.0,0.0,0.0,0.0,0.0,0.0,0.99,-3.5,-43.78,0.0,0.0,0.0,100.0,0,0,1458
2448883,0,0,0,99.99,0.0,0.0,0.0,0.0,0.0,0.0,0.0,0.0,0.0,0.0,0.0,0.0,0.99,-3.5,-43.78,0.0,0.0,0.0,100.0,0,0,1460
2449083,0,0,0,99.99,0.0,0.0,0.0,0.0,0.0,0.0,0.0,0.0,0.0,0.0,0.0,0.0,0.99,-3.5,-43.8,0.0,0.0,0.0,100.0,0,0,1464
2449283,0,0,0,99.99,0.0,0.0,0.0,0.0,0.0,0.0,0.0,0.0,0.0,0.0,0.0,0.0,0.99,-3.5,-43.82,0.0,0.0,0.0,100.0,0,0,1464
2449483,0,0,0,99.99,0.0,0.0,0.0,0.0,0.0,0.0,0.0,0.0,0.0,0.0,0.0,0.0,0.99,-3.51,-43.8,0.0,0.0,0.0,100.0,0,0,1464
2449683,0,0,0,99.99,0.0,0.0,0.0,0.0,0.0,0.0,0.0,0.0,0.0,0.0,0.0,0.0,0.99,-3.52,-43.79,0.0,0.0,0.0,100.0,0,0,1464
2449883,0,0,0,99.99,0.0,0.0,0.0,0.0,0.0,0.0,0.0,0.0,0.0,0.0,0.0,0.0,0.99,-3.52,-43.8,0.0,0.0,0.0,100.0,0,0,1464
2450083,0,0,0,99.99,0.0,0.0,0.0,0.0,0.0,0.0,0.0,0.0,0.0,0.0,0.0,0.0,0.99,-3.52,-43.78,0.0,0.0,0.0,100.0,0,0,1467
2450283,0,0,0,99.99,0.0,0.0,0.0,0.0,0.0,0.0,0.0,0.0,0.0,0.0,0.0,0.0,1.0,-3.52,-43.79,0.0,0.0,0.0,100.0,0,0,1470
2450483,0,0,0,99.99,0.0,0.0,0.0,0.0,0.0,0.0,0.0,0.0,0.0,0.0,0.0,0.0,0.99,-3.52,-43.78,0.0,0.0,0.0,100.0,0,0,1470
2450684,0,0,0,99.99,0.0,0.0,0.0,0.0,0.0,0.0,0.0,0.0,0.0,0.0,0.0,0.0,1.0,-3.51,-43.81,0.0,0.0,0.0,100.0,0,0,1470
2450893,0,0,0,99.99,0.0,0.0,0.0,0.0,0.0,0.0,0.0,0.0,0.0,0.0,0.0,0.0,0.98,-3.5,-43.78,0.0,0.0,0.0,100.0,0,0,1472
2451093,0,0,0,99.99,0.0,0.0,0.0,0.0,0.0,0.0,0.0,0.0,0.0,0.0,0.0,0.0,0.98,-3.51,-43.77,0.0,0.0,0.0,100.0,0,0,1476
2451293,0,0,0,99.99,0.0,0.0,0.0,0.0,0.0,0.0,0.0,0.0,0.0,0.0,0.0,0.0,0.98,-3.49,-43.77,0.0,0.0,0.0,100.0,0,0,1476
2451493,0,0,0,99.99,0.0,0.0,0.0,0.0,0.0,0.0,0.0,0.0,0.0,0.0,0.0,0.0,0.98,-3.5,-43.78,0.0,0.0,0.0,100.0,0,0,1476
2451693,0,0,0,99.99,0.0,0.0,0.0,0.0,0.0,0.0,0.0,0.0,0.0,0.0,0.0,0.0,0.98,-3.51,-43.77,0.0,0.0,0.0,100.0,0,0,1476
2451893,0,0,0,99.99,0.0,0.0,0.0,0.0,0.0,0.0,0.0,0.0,0.0,0.0,0.0,0.0,0.98,-3.5,-43.78,0.0,0.0,0.0,100.0,0,0,1478
2452093,0,0,0,99.99,0.0,0.0,0.0,0.0,0.0,0.0,0.0,0.0,0.0,0.0,0.0,0.0,0.98,-3.5,-43.77,0.0,0.0,0.0,100.0,0,0,1482
2452293,0,0,0,99.99,0.0,0.0,0.0,0.0,0.0,0.0,0.0,0.0,0.0,0.0,0.0,0.0,0.99,-3.49,-43.79,0.0,0.0,0.0,100.0,0,0,1482
2452493,0,0,0,99.99,0.0,0.0,0.0,0.0,0.0,0.0,0.0,0.0,0.0,0.0,0.0,0.0,1.0,-3.49,-43.79,0.0,0.0,0.0,100.0,0,0,1482
2452693,0,0,0,99.99,0.0,0.0,0.0,0.0,0.0,0.0,0.0,0.0,0.0,0.0,0.0,0.0,0.99,-3.49,-43.77,0.0,0.0,0.0,100.0,0,0,1482
2452893,0,0,0,99.99,0.0,0.0,0.0,0.0,0.0,0.0,0.0,0.0,0.0,0.0,0.0,0.0,0.98,-3.49,-43.76,0.0,0.0,0.0,100.0,0,0,1484
2453093,0,0,0,99.99,0.0,0.0,0.0,0.0,0.0,0.0,0.0,0.0,0.0,0.0,0.0,0.0,0.98,-3.48,-43.78,0.0,0.0,0.0,100.0,0,0,1488
2453293,0,0,0,99.99,0.0,0.0,0.0,0.0,0.0,0.0,0.0,0.0,0.0,0.0,0.0,0.0,0.99,-3.49,-43.78,0.0,0.0,0.0,100.0,0,0,1488
2453493,0,0,0,99.99,0.0,0.0,0.0,0.0,0.0,0.0,0.0,0.0,0.0,0.0,0.0,0.0,0.99,-3.5,-43.78,0.0,0.0,0.0,100.0,0,0,1488
2453693,0,0,0,99.99,0.0,0.0,0.0,0.0,0.0,0.0,0.0,0.0,0.0,0.0,0.0,0.0,0.99,-3.5,-43.79,0.0,0.0,0.0,100.0,0,0,1488
2453893,0,0,0,99.99,0.0,0.0,0.0,0.0,0.0,0.0,0.0,0.0,0.0,0.0,0.0,0.0,1.0,-3.5,-43.81,0.0,0.0,0.0,100.0,0,0,1490
2454093,0,0,0,99.99,0.0,0.0,0.0,0.0,0.0,0.0,0.0,0.0,0.0,0.0,0.0,0.0,0.99,-3.5,-43.85,0.0,0.0,0.0,100.0,0,0,1494
2454293,0,0,0,99.99,0.0,0.0,0.0,0.0,0.0,0.0,0.0,0.0,0.0,0.0,0.0,0.0,0.97,-3.48,-43.85,0.0,0.0,0.0,100.0,0,0,1494
2454494,0,0,0,99.99,0.0,0.0,0.0,0.0,0.0,0.0,0.0,0.0,0.0,0.0,0.0,0.0,0.96,-3.49,-43.84,0.0,0.0,0.0,100.0,0,0,1494
2454703,0,0,0,99.99,0.0,0.0,0.0,0.0,0.0,0.0,0.0,0.0,0.0,0.0,0.0,0.0,0.95,-3.49,-43.82,0.0,0.0,0.0,100.0,0,0,1494
2454903,0,0,0,99.99,0.0,0.0,0.0,0.0,0.0,0.0,0.0,0.0,0.0,0.0,0.0,0.0,0.94,-3.48,-43.81,0.0,0.0,0.0,100.0,0,0,1496
2455103,0,0,0,99.99,0.0,0.0,0.0,0.0,0.0,0.0,0.0,0.0,0.0,0.0,0.0,0.0,0.93,-3.48,-43.83,0.0,0.0,0.0,100.0,0,0,1500
2455304,0,0,0,99.99,0.0,0.0,0.0,0.0,0.0,0.0,0.0,0.0,0.0,0.0,0.0,0.0,0.93,-3.48,-43.85,0.0,0.0,0.0,100.0,0,0,1500
2455513,0,0,0,99.99,0.0,0.0,0.0,0.0,0.0,0.0,0.0,0.0,0.0,0.0,0.0,0.0,0.94,-3.48,-43.86,0.0,0.0,0.0,100.0,0,0,1500
2455714,0,0,0,99.99,0.0,0.0,0.0,0.0,0.0,0.0,0.0,0.0,0.0,0.0,0.0,0.0,0.94,-3.5,-43.82,0.0,0.0,0.0,100.0,0,0,1500
2455923,0,0,0,99.99,0.0,0.0,0.0,0.0,0.0,0.0,0.0,0.0,0.0,0.0,0.0,0.0,0.94,-3.51,-43.78,0.0,0.0,0.0,100.0,0,0,1500
2456123,0,0,0,99.99,0.0,0.0,0.0,0.0,0.0,0.0,0.0,0.0,0.0,0.0,0.0,0.0,0.95,-3.51,-43.78,0.0,0.0,0.0,100.0,0,0,1504
2456323,0,0,0,99.99,0.0,0.0,0.0,0.0,0.0,0.0,0.0,0.0,0.0,0.0,0.0,0.0,0.94,-3.5,-43.82,0.0,0.0,0.0,100.0,0,0,1506
2456523,0,0,0,99.99,0.0,0.0,0.0,0.0,0.0,0.0,0.0,0.0,0.0,0.0,0.0,0.0,0.95,-3.51,-43.87,0.0,0.0,0.0,100.0,0,0,1506
2456723,0,0,0,99.99,0.0,0.0,0.0,0.0,0.0,0.0,0.0,0.0,0.0,0.0,0.0,0.0,0.94,-3.51,-43.84,0.0,0.0,0.0,100.0,0,0,1506
2456928,0,0,0,99.99,0.0,0.0,0.0,0.0,0.0,0.0,0.0,0.0,0.0,0.0,0.0,0.0,0.95,-3.51,-43.85,0.0,0.0,0.0,100.0,0,0,1509
2457134,0,0,0,99.99,0.0,0.0,0.0,0.0,0.0,0.0,0.0,0.0,0.0,0.0,0.0,0.0,0.95,-3.5,-43.86,0.0,0.0,0.0,100.0,0,0,1512
2457343,0,0,0,99.99,0.0,0.0,0.0,0.0,0.0,0.0,0.0,0.0,0.0,0.0,0.0,0.0,0.95,-3.51,-43.82,0.0,0.0,0.0,100.0,0,0,1512
2457544,0,0,0,99.99,0.0,0.0,0.0,0.0,0.0,0.0,0.0,0.0,0.0,0.0,0.0,0.0,0.95,-3.51,-43.8,0.0,0.0,0.0,100.0,0,0,1512
2457754,0,0,0,99.99,0.0,0.0,0.0,0.0,0.0,0.0,0.0,0.0,0.0,0.0,0.0,0.0,0.95,-3.51,-43.81,0.0,0.0,0.0,100.0,0,0,1512
2457963,0,0,0,99.99,0.0,0.0,0.0,0.0,0.0,0.0,0.0,0.0,0.0,0.0,0.0,0.0,0.95,-3.51,-43.81,0.0,0.0,0.0,100.0,0,0,1516
2458163,0,0,0,99.99,0.0,0.0,0.0,0.0,0.0,0.0,0.0,0.0,0.0,0.0,0.0,0.0,0.94,-3.51,-43.8,0.0,0.0,0.0,100.0,0,0,1518
2458363,0,0,0,99.99,0.0,0.0,0.0,0.0,0.0,0.0,0.0,0.0,0.0,0.0,0.0,0.0,0.95,-3.5,-43.78,0.0,0.0,0.0,100.0,0,0,1518
2458563,0,0,0,99.99,0.0,0.0,0.0,0.0,0.0,0.0,0.0,0.0,0.0,0.0,0.0,0.0,0.96,-3.5,-43.77,0.0,0.0,0.0,100.0,0,0,1518
2458763,0,0,0,99.99,0.0,0.0,0.0,0.0,0.0,0.0,0.0,0.0,0.0,0.0,0.0,0.0,0.96,-3.5,-43.79,0.0,0.0,0.0,100.0,0,0,1518
2458963,0,0,0,99.99,0.0,0.0,0.0,0.0,0.0,0.0,0.0,0.0,0.0,0.0,0.0,0.0,0.96,-3.49,-43.83,0.0,0.0,0.0,100.0,0,0,1522
2459163,0,0,0,99.99,0.0,0.0,0.0,0.0,0.0,0.0,0.0,0.0,0.0,0.0,0.0,0.0,0.97,-3.5,-43.84,0.0,0.0,0.0,100.0,0,0,1524
2459364,0,0,0,99.99,0.0,0.0,0.0,0.0,0.0,0.0,0.0,0.0,0.0,0.0,0.0,0.0,0.97,-3.49,-43.85,0.0,0.0,0.0,100.0,0,0,1524
2459573,0,0,0,99.99,0.0,0.0,0.0,0.0,0.0,0.0,0.0,0.0,0.0,0.0,0.0,0.0,0.95,-3.5,-43.82,0.0,0.0,0.0,100.0,0,0,1524
2459773,0,0,0,99.99,0.0,0.0,0.0,0.0,0.0,0.0,0.0,0.0,0.0,0.0,0.0,0.0,0.95,-3.5,-43.82,0.0,0.0,0.0,100.0,0,0,1524
2459974,0,0,0,99.99,0.0,0.0,0.0,0.0,0.0,0.0,0.0,0.0,0.0,0.0,0.0,0.0,0.95,-3.49,-43.84,0.0,0.0,0.0,100.0,0,0,1528
2460174,0,0,0,99.99,0.0,0.0,0.0,0.0,0.0,0.0,0.0,0.0,0.0,0.0,0.0,0.0,0.95,-3.49,-43.83,0.0,0.0,0.0,100.0,0,0,1530
2460383,0,0,0,99.99,0.0,0.0,0.0,0.0,0.0,0.0,0.0,0.0,0.0,0.0,0.0,0.0,0.96,-3.49,-43.84,0.0,0.0,0.0,100.0,0,0,1530
2460583,0,0,0,99.99,0.0,0.0,0.0,0.0,0.0,0.0,0.0,0.0,0.0,0.0,0.0,0.0,0.96,-3.49,-43.86,0.0,0.0,0.0,100.0,0,0,1530
2460783,0,0,0,99.99,0.0,0.0,0.0,0.0,0.0,0.0,0.0,0.0,0.0,0.0,0.0,0.0,0.96,-3.5,-43.86,0.0,0.0,0.0,100.0,0,0,1530
2460983,0,0,0,99.99,0.0,0.0,0.0,0.0,0.0,0.0,0.0,0.0,0.0,0.0,0.0,0.0,0.98,-3.5,-43.89,0.0,0.0,0.0,100.0,0,0,1535
2461183,0,0,0,99.99,0.0,0.0,0.0,0.0,0.0,0.0,0.0,0.0,0.0,0.0,0.0,0.0,0.97,-3.52,-43.85,0.0,0.0,0.0,100.0,0,0,1536
2461383,0,0,0,99.99,0.0,0.0,0.0,0.0,0.0,0.0,0.0,0.0,0.0,0.0,0.0,0.0,0.97,-3.51,-43.84,0.0,0.0,0.0,100.0,0,0,1536
2461583,0,0,0,99.99,0.0,0.0,0.0,0.0,0.0,0.0,0.0,0.0,0.0,0.0,0.0,0.0,0.96,-3.52,-43.83,0.0,0.0,0.0,99.9,0,0,1536
2461783,0,0,0,99.99,0.0,0.0,0.0,0.0,0.0,0.0,0.0,0.0,0.0,0.0,0.0,0.0,0.96,-3.51,-43.84,0.0,0.0,0.0,99.9,0,0,1536
2461983,0,0,0,99.99,0.0,0.0,0.0,0.0,0.0,0.0,0.0,0.0,0.0,0.0,0.0,0.0,0.96,-3.51,-43.83,0.0,0.0,0.0,99.9,0,0,1536
2462183,0,0,0,99.99,0.0,0.0,0.0,0.0,0.0,0.0,0.0,0.0,0.0,0.0,0.0,0.0,0.97,-3.52,-43.82,0.0,0.0,0.0,99.9,0,0,1541
2462383,0,0,0,99.99,0.0,0.0,0.0,0.0,0.0,0.0,0.0,0.0,0.0,0.0,0.0,0.0,0.97,-3.52,-43.83,0.0,0.0,0.0,99.9,0,0,1542
2462583,0,0,0,99.99,0.0,0.0,0.0,0.0,0.0,0.0,0.0,0.0,0.0,0.0,0.0,0.0,0.95,-3.53,-43.8,0.0,0.0,0.0,100.1,0,0,1542
2462783,0,0,0,99.99,0.0,0.0,0.0,0.0,0.0,0.0,0.0,0.0,0.0,0.0,0.0,0.0,0.94,-3.52,-43.79,0.0,0.0,0.0,100.1,0,0,1542
2462983,0,0,0,99.99,0.0,0.0,0.0,0.0,0.0,0.0,0.0,0.0,0.0,0.0,0.0,0.0,0.95,-3.52,-43.79,0.0,0.0,0.0,100.1,0,0,1546
2463183,0,0,0,99.99,0.0,0.0,0.0,0.0,0.0,0.0,0.0,0.0,0.0,0.0,0.0,0.0,0.96,-3.51,-43.8,0.0,0.0,0.0,100.1,0,0,1548
2463383,0,0,0,99.99,0.0,0.0,0.0,0.0,0.0,0.0,0.0,0.0,0.0,0.0,0.0,0.0,0.95,-3.51,-43.79,0.0,0.0,0.0,100.1,0,0,1548
2463583,0,0,0,99.99,0.0,0.0,0.0,0.0,0.0,0.0,0.0,0.0,0.0,0.0,0.0,0.0,0.96,-3.5,-43.81,0.0,0.0,0.0,99.9,0,0,1548
2463783,0,0,0,99.99,0.0,0.0,0.0,0.0,0.0,0.0,0.0,0.0,0.0,0.0,0.0,0.0,0.96,-3.49,-43.82,0.0,0.0,0.0,99.9,0,0,1548
2463983,0,0,0,99.99,0.0,0.0,0.0,0.0,0.0,0.0,0.0,0.0,0.0,0.0,0.0,0.0,0.97,-3.49,-43.83,0.0,0.0,0.0,99.9,0,0,1553
2464183,0,0,0,99.99,0.0,0.0,0.0,0.0,0.0,0.0,0.0,0.0,0.0,0.0,0.0,0.0,0.97,-3.48,-43.83,0.0,0.0,0.0,99.9,0,0,1554
2464383,0,0,0,99.99,0.0,0.0,0.0,0.0,0.0,0.0,0.0,0.0,0.0,0.0,0.0,0.0,0.95,-3.49,-43.81,0.0,0.0,0.0,99.9,0,0,1554
2464583,0,0,0,99.99,0.0,0.0,0.0,0.0,0.0,0.0,0.0,0.0,0.0,0.0,0.0,0.0,0.96,-3.49,-43.79,0.0,0.0,0.0,100.1,0,0,1554
2464784,0,0,0,99.99,0.0,0.0,0.0,0.0,0.0,0.0,0.0,0.0,0.0,0.0,0.0,0.0,0.97,-3.49,-43.82,0.0,0.0,0.0,100.1,0,0,1554
2464993,0,0,0,99.99,0.0,0.0,0.0,0.0,0.0,0.0,0.0,0.0,0.0,0.0,0.0,0.0,0.98,-3.5,-43.85,0.0,0.0,0.0,100.1,0,0,1559
2465193,0,0,0,99.99,0.0,0.0,0.0,0.0,0.0,0.0,0.0,0.0,0.0,0.0,0.0,0.0,0.97,-3.5,-43.85,0.0,0.0,0.0,100.1,0,0,1560
2465394,0,0,0,99.99,0.0,0.0,0.0,0.0,0.0,0.0,0.0,0.0,0.0,0.0,0.0,0.0,0.97,-3.49,-43.85,0.0,0.0,0.0,100.1,0,0,1560
2465603,0,0,0,99.99,0.0,0.0,0.0,0.0,0.0,0.0,0.0,0.0,0.0,0.0,0.0,0.0,0.95,-3.49,-43.83,0.0,0.0,0.0,100.0,0,0,1560
2465803,0,0,0,99.99,0.0,0.0,0.0,0.0,0.0,0.0,0.0,0.0,0.0,0.0,0.0,0.0,0.95,-3.5,-43.85,0.0,0.0,0.0,100.0,0,0,1560
2466003,0,0,0,99.99,0.0,0.0,0.0,0.0,0.0,0.0,0.0,0.0,0.0,0.0,0.0,0.0,0.95,-3.5,-43.86,0.0,0.0,0.0,100.0,0,0,1565
2466203,0,0,0,99.99,0.0,0.0,0.0,0.0,0.0,0.0,0.0,0.0,0.0,0.0,0.0,0.0,0.95,-3.5,-43.86,0.0,0.0,0.0,100.0,0,0,1566
2466403,0,0,0,99.99,0.0,0.0,0.0,0.0,0.0,0.0,0.0,0.0,0.0,0.0,0.0,0.0,0.95,-3.49,-43.86,0.0,0.0,0.0,100.0,0,0,1566
2466603,0,0,0,99.99,0.0,0.0,0.0,0.0,0.0,0.0,0.0,0.0,0.0,0.0,0.0,0.0,0.95,-3.49,-43.86,0.0,0.0,0.0,100.0,0,0,1566
2466803,0,0,0,99.99,0.0,0.0,0.0,0.0,0.0,0.0,0.0,0.0,0.0,0.0,0.0,0.0,0.94,-3.48,-43.87,0.0,0.0,0.0,100.0,0,0,1566
2467003,0,0,0,99.99,0.0,0.0,0.0,0.0,0.0,0.0,0.0,0.0,0.0,0.0,0.0,0.0,0.95,-3.49,-43.85,0.0,0.0,0.0,100.0,0,0,1571
2467203,0,0,0,99.99,0.0,0.0,0.0,0.0,0.0,0.0,0.0,0.0,0.0,0.0,0.0,0.0,0.95,-3.49,-43.86,0.0,0.0,0.0,100.0,0,0,1572
2467403,0,0,0,99.99,0.0,0.0,0.0,0.0,0.0,0.0,0.0,0.0,0.0,0.0,0.0,0.0,0.95,-3.48,-43.85,0.0,0.0,0.0,100.0,0,0,1572
2467603,0,0,0,99.99,0.0,0.0,0.0,0.0,0.0,0.0,0.0,0.0,0.0,0.0,0.0,0.0,0.95,-3.48,-43.87,0.0,0.0,0.0,100.0,0,0,1572
2467803,0,0,0,99.99,0.0,0.0,0.0,0.0,0.0,0.0,0.0,0.0,0.0,0.0,0.0,0.0,0.96,-3.49,-43.86,0.0,0.0,0.0,100.0,0,0,1572
2468003,0,0,0,99.99,0.0,0.0,0.0,0.0,0.0,0.0,0.0,0.0,0.0,0.0,0.0,0.0,0.96,-3.5,-43.85,0.0,0.0,0.0,100.0,0,0,1573
2468203,0,0,0,99.99,0.0,0.0,0.0,0.0,0.0,0.0,0.0,0.0,0.0,0.0,0.0,0.0,0.96,-3.5,-43.83,0.0,0.0,0.0,100.0,0,0,1578
2468403,0,0,0,99.99,0.0,0.0,0.0,0.0,0.0,0.0,0.0,0.0,0.0,0.0,0.0,0.0,0.98,-3.51,-43.82,0.0,0.0,0.0,100.0,0,0,1578
2468603,0,0,0,99.99,0.0,0.0,0.0,0.0,0.0,0.0,0.0,0.0,0.0,0.0,0.0,0.0,0.98,-3.5,-43.8,0.0,0.0,0.0,100.0,0,0,1578
2468804,0,0,0,99.99,0.0,0.0,0.0,0.0,0.0,0.0,0.0,0.0,0.0,0.0,0.0,0.0,0.99,-3.51,-43.82,0.0,0.0,0.0,100.0,0,0,1578
2469013,0,0,0,99.99,0.0,0.0,0.0,0.0,0.0,0.0,0.0,0.0,0.0,0.0,0.0,0.0,0.99,-3.49,-43.86,0.0,0.0,0.0,100.0,0,0,1584
2469213,0,0,0,99.99,0.0,0.0,0.0,0.0,0.0,0.0,0.0,0.0,0.0,0.0,0.0,0.0,0.98,-3.48,-43.84,0.0,0.0,0.0,100.0,0,0,1584
2469413,0,0,0,99.99,0.0,0.0,0.0,0.0,0.0,0.0,0.0,0.0,0.0,0.0,0.0,0.0,0.96,-3.49,-43.81,0.0,0.0,0.0,100.0,0,0,1584
2469613,0,0,0,99.99,0.0,0.0,0.0,0.0,0.0,0.0,0.0,0.0,0.0,0.0,0.0,0.0,0.94,-3.5,-43.83,0.0,0.0,0.0,100.0,0,0,1584
2469813,0,0,0,99.99,0.0,0.0,0.0,0.0,0.0,0.0,0.0,0.0,0.0,0.0,0.0,0.0,0.95,-3.5,-43.84,0.0,0.0,0.0,100.0,0,0,1584
2470013,0,0,0,99.99,0.0,0.0,0.0,0.0,0.0,0.0,0.0,0.0,0.0,0.0,0.0,0.0,0.96,-3.5,-43.84,0.0,0.0,0.0,100.0,0,0,1590
2470213,0,0,0,99.99,0.0,0.0,0.0,0.0,0.0,0.0,0.0,0.0,0.0,0.0,0.0,0.0,0.96,-3.49,-43.86,0.0,0.0,0.0,100.0,0,0,1590
2470413,0,0,0,99.99,0.0,0.0,0.0,0.0,0.0,0.0,0.0,0.0,0.0,0.0,0.0,0.0,0.96,-3.49,-43.82,0.0,0.0,0.0,100.0,0,0,1590
2470613,0,0,0,99.99,0.0,0.0,0.0,0.0,0.0,0.0,0.0,0.0,0.0,0.0,0.0,0.0,0.97,-3.5,-43.81,0.0,0.0,0.0,100.0,0,0,1590
2470813,0,0,0,99.99,0.0,0.0,0.0,0.0,0.0,0.0,0.0,0.0,0.0,0.0,0.0,0.0,0.97,-3.5,-43.78,0.0,0.0,0.0,100.0,0,0,1590
2471013,0,0,0,99.99,0.0,0.0,0.0,0.0,0.0,0.0,0.0,0.0,0.0,0.0,0.0,0.0,0.97,-3.51,-43.8,0.0,0.0,0.0,100.0,0,0,1596
2471213,0,0,0,99.99,0.0,0.0,0.0,0.0,0.0,0.0,0.0,0.0,0.0,0.0,0.0,0.0,0.98,-3.51,-43.81,0.0,0.0,0.0,100.0,0,0,1596
2471413,0,0,0,99.99,0.0,0.0,0.0,0.0,0.0,0.0,0.0,0.0,0.0,0.0,0.0,0.0,0.97,-3.51,-43.81,0.0,0.0,0.0,100.0,0,0,1596
2471613,0,0,0,99.99,0.0,0.0,0.0,0.0,0.0,0.0,0.0,0.0,0.0,0.0,0.0,0.0,0.96,-3.51,-43.79,0.0,0.0,0.0,100.0,0,0,1596
2471813,0,0,0,99.99,0.0,0.0,0.0,0.0,0.0,0.0,0.0,0.0,0.0,0.0,0.0,0.0,0.96,-3.51,-43.82,0.0,0.0,0.0,100.0,0,0,1596
2472013,0,0,0,99.99,0.0,0.0,0.0,0.0,0.0,0.0,0.0,0.0,0.0,0.0,0.0,0.0,0.96,-3.51,-43.84,0.0,0.0,0.0,100.0,0,0,1602
2472213,0,0,0,99.99,0.0,0.0,0.0,0.0,0.0,0.0,0.0,0.0,0.0,0.0,0.0,0.0,0.96,-3.5,-43.85,0.0,0.0,0.0,100.0,0,0,1602
2472413,0,0,0,99.99,0.0,0.0,0.0,0.0,0.0,0.0,0.0,0.0,0.0,0.0,0.0,0.0,0.96,-3.51,-43.85,0.0,0.0,0.0,100.0,0,0,1602
2472613,0,0,0,99.99,0.0,0.0,0.0,0.0,0.0,0.0,0.0,0.0,0.0,0.0,0.0,0.0,0.95,-3.51,-43.87,0.0,0.0,0.0,99.9,0,0,1602
2472813,0,0,0,99.99,0.0,0.0,0.0,0.0,0.0,0.0,0.0,0.0,0.0,0.0,0.0,0.0,0.96,-3.52,-43.85,0.0,0.0,0.0,99.9,0,0,1602
2473013,0,0,0,99.99,0.0,0.0,0.0,0.0,0.0,0.0,0.0,0.0,0.0,0.0,0.0,0.0,0.95,-3.52,-43.84,0.0,0.0,0.0,99.9,0,0,1608
2473213,0,0,0,99.99,0.0,0.0,0.0,0.0,0.0,0.0,0.0,0.0,0.0,0.0,0.0,0.0,0.95,-3.52,-43.85,0.0,0.0,0.0,99.9,0,0,1608
2473414,0,0,0,99.99,0.0,0.0,0.0,0.0,0.0,0.0,0.0,0.0,0.0,0.0,0.0,0.0,0.95,-3.51,-43.83,0.0,0.0,0.0,99.9,0,0,1608
2473623,0,0,0,99.99,0.0,0.0,0.0,0.0,0.0,0.0,0.0,0.0,0.0,0.0,0.0,0.0,0.95,-3.5,-43.87,0.0,0.0,0.0,100.1,0,0,1608
2473823,0,0,0,99.99,0.0,0.0,0.0,0.0,0.0,0.0,0.0,0.0,0.0,0.0,0.0,0.0,0.95,-3.5,-43.88,0.0,0.0,0.0,100.1,0,0,1608
2474023,0,0,0,99.99,0.0,0.0,0.0,0.0,0.0,0.0,0.0,0.0,0.0,0.0,0.0,0.0,0.95,-3.5,-43.84,0.0,0.0,0.0,100.1,0,0,1610
2474223,0,0,0,99.99,0.0,0.0,0.0,0.0,0.0,0.0,0.0,0.0,0.0,0.0,0.0,0.0,0.95,-3.49,-43.84,0.0,0.0,0.0,100.1,0,0,1614
2474423,0,0,0,99.99,0.0,0.0,0.0,0.0,0.0,0.0,0.0,0.0,0.0,0.0,0.0,0.0,0.94,-3.5,-43.85,0.0,0.0,0.0,100.1,0,0,1614
2474623,0,0,0,99.99,0.0,0.0,0.0,0.0,0.0,0.0,0.0,0.0,0.0,0.0,0.0,0.0,0.94,-3.51,-43.83,0.0,0.0,0.0,100.0,0,0,1614
2474823,0,0,0,99.99,0.0,0.0,0.0,0.0,0.0,0.0,0.0,0.0,0.0,0.0,0.0,0.0,0.94,-3.51,-43.83,0.0,0.0,0.0,100.0,0,0,1614
2475023,0,0,0,99.99,0.0,0.0,0.0,0.0,0.0,0.0,0.0,0.0,0.0,0.0,0.0,0.0,0.95,-3.5,-43.85,0.0,0.0,0.0,100.0,0,0,1620
2475223,0,0,0,99.99,0.0,0.0,0.0,0.0,0.0,0.0,0.0,0.0,0.0,0.0,0.0,0.0,0.94,-3.5,-43.85,0.0,0.0,0.0,100.0,0,0,1620
2475423,0,0,0,99.99,0.0,0.0,0.0,0.0,0.0,0.0,0.0,0.0,0.0,0.0,0.0,0.0,0.96,-3.5,-43.86,0.0,0.0,0.0,100.0,0,0,1620
2475623,0,0,0,99.99,0.0,0.0,0.0,0.0,0.0,0.0,0.0,0.0,0.0,0.0,0.0,0.0,0.96,-3.51,-43.85,0.0,0.0,0.0,100.0,0,0,1620
2475823,0,0,0,99.99,0.0,0.0,0.0,0.0,0.0,0.0,0.0,0.0,0.0,0.0,0.0,0.0,0.97,-3.51,-43.85,0.0,0.0,0.0,100.0,0,0,1620
2476023,0,0,0,99.99,0.0,0.0,0.0,0.0,0.0,0.0,0.0,0.0,0.0,0.0,0.0,0.0,0.96,-3.51,-43.84,0.0,0.0,0.0,100.0,0,0,1626
2476223,0,0,0,99.99,0.0,0.0,0.0,0.0,0.0,0.0,0.0,0.0,0.0,0.0,0.0,0.0,0.95,-3.5,-43.83,0.0,0.0,0.0,100.0,0,0,1626
2476423,0,0,0,99.99,0.0,0.0,0.0,0.0,0.0,0.0,0.0,0.0,0.0,0.0,0.0,0.0,0.95,-3.51,-43.81,0.0,0.0,0.0,100.0,0,0,1626
2476623,0,0,0,99.99,0.0,0.0,0.0,0.0,0.0,0.0,0.0,0.0,0.0,0.0,0.0,0.0,0.94,-3.51,-43.82,0.0,0.0,0.0,100.0,0,0,1626
2476823,0,0,0,99.99,0.0,0.0,0.0,0.0,0.0,0.0,0.0,0.0,0.0,0.0,0.0,0.0,0.94,-3.51,-43.77,0.0,0.0,0.0,100.0,0,0,1626
2477023,0,0,0,99.99,0.0,0.0,0.0,0.0,0.0,0.0,0.0,0.0,0.0,0.0,0.0,0.0,0.94,-3.5,-43.75,0.0,0.0,0.0,100.0,0,0,1632
2477223,0,0,0,99.99,0.0,0.0,0.0,0.0,0.0,0.0,0.0,0.0,0.0,0.0,0.0,0.0,0.95,-3.48,-43.78,0.0,0.0,0.0,100.0,0,0,1632
2477423,0,0,0,99.99,0.0,0.0,0.0,0.0,0.0,0.0,0.0,0.0,0.0,0.0,0.0,0.0,0.95,-3.48,-43.79,0.0,0.0,0.0,100.0,0,0,1632
2477623,0,0,0,99.99,0.0,0.0,0.0,0.0,0.0,0.0,0.0,0.0,0.0,0.0,0.0,0.0,0.96,-3.49,-43.81,0.0,0.0,0.0,100.0,0,0,1632
2477823,0,0,0,99.99,0.0,0.0,0.0,0.0,0.0,0.0,0.0,0.0,0.0,0.0,0.0,0.0,0.94,-3.5,-43.82,0.0,0.0,0.0,100.0,0,0,1632
2478023,0,0,0,99.99,0.0,0.0,0.0,0.0,0.0,0.0,0.0,0.0,0.0,0.0,0.0,0.0,0.95,-3.49,-43.84,0.0,0.0,0.0,100.0,0,0,1638
2478223,0,0,0,99.99,0.0,0.0,0.0,0.0,0.0,0.0,0.0,0.0,0.0,0.0,0.0,0.0,0.95,-3.5,-43.84,0.0,0.0,0.0,100.0,0,0,1638
2478423,0,0,0,99.99,0.0,0.0,0.0,0.0,0.0,0.0,0.0,0.0,0.0,0.0,0.0,0.0,0.95,-3.5,-43.82,0.0,0.0,0.0,100.0,0,0,1638
2478623,0,0,0,99.99,0.0,0.0,0.0,0.0,0.0,0.0,0.0,0.0,0.0,0.0,0.0,0.0,0.95,-3.49,-43.82,0.0,0.0,0.0,100.0,0,0,1638
2478823,0,0,0,99.99,0.0,0.0,0.0,0.0,0.0,0.0,0.0,0.0,0.0,0.0,0.0,0.0,0.94,-3.5,-43.8,0.0,0.0,0.0,100.0,0,0,1638
2479023,0,0,0,99.99,0.0,0.0,0.0,0.0,0.0,0.0,0.0,0.0,0.0,0.0,0.0,0.0,0.94,-3.5,-43.82,0.0,0.0,0.0,100.0,0,0,1644
2479223,0,0,0,99.99,0.0,0.0,0.0,0.0,0.0,0.0,0.0,0.0,0.0,0.0,0.0,0.0,0.93,-3.51,-43.8,0.0,0.0,0.0,100.0,0,0,1644
2479423,0,0,0,99.99,0.0,0.0,0.0,0.0,0.0,0.0,0.0,0.0,0.0,0.0,0.0,0.0,0.93,-3.51,-43.82,0.0,0.0,0.0,100.0,0,0,1644
2479624,0,0,0,99.99,0.0,0.0,0.0,0.0,0.0,0.0,0.0,0.0,0.0,0.0,0.0,0.0,0.94,-3.51,-43.81,0.0,0.0,0.0,100.0,0,0,1644
2479824,0,0,0,99.99,0.0,0.0,0.0,0.0,0.0,0.0,0.0,0.0,0.0,0.0,0.0,0.0,0.94,-3.52,-43.82,0.0,0.0,0.0,100.0,0,0,1644
2480033,0,0,0,99.99,0.0,0.0,0.0,0.0,0.0,0.0,0.0,0.0,0.0,0.0,0.0,0.0,0.94,-3.52,-43.79,0.0,0.0,0.0,100.0,0,0,1646
2480233,0,0,0,99.99,0.0,0.0,0.0,0.0,0.0,0.0,0.0,0.0,0.0,0.0,0.0,0.0,0.94,-3.51,-43.81,0.0,0.0,0.0,100.0,0,0,1650
2480433,0,0,0,99.99,0.0,0.0,0.0,0.0,0.0,0.0,0.0,0.0,0.0,0.0,0.0,0.0,0.95,-3.5,-43.78,0.0,0.0,0.0,100.0,0,0,1650
2480633,0,0,0,99.99,0.0,0.0,0.0,0.0,0.0,0.0,0.0,0.0,0.0,0.0,0.0,0.0,0.95,-3.5,-43.79,0.0,0.0,0.0,100.0,0,0,1650
2480833,0,0,0,99.99,0.0,0.0,0.0,0.0,0.0,0.0,0.0,0.0,0.0,0.0,0.0,0.0,0.94,-3.51,-43.79,0.0,0.0,0.0,100.0,0,0,1650
2481033,0,0,0,99.99,0.0,0.0,0.0,0.0,0.0,0.0,0.0,0.0,0.0,0.0,0.0,0.0,0.94,-3.5,-43.82,0.0,0.0,0.0,100.0,0,0,1656
2481233,0,0,0,99.99,0.0,0.0,0.0,0.0,0.0,0.0,0.0,0.0,0.0,0.0,0.0,0.0,0.95,-3.5,-43.83,0.0,0.0,0.0,100.0,0,0,1656
2481433,0,0,0,99.99,0.0,0.0,0.0,0.0,0.0,0.0,0.0,0.0,0.0,0.0,0.0,0.0,0.96,-3.5,-43.83,0.0,0.0,0.0,100.0,0,0,1656
2481633,0,0,0,99.99,0.0,0.0,0.0,0.0,0.0,0.0,0.0,0.0,0.0,0.0,0.0,0.0,0.95,-3.49,-43.87,0.0,0.0,0.0,100.0,0,0,1656
2481833,0,0,0,99.99,0.0,0.0,0.0,0.0,0.0,0.0,0.0,0.0,0.0,0.0,0.0,0.0,0.95,-3.49,-43.88,0.0,0.0,0.0,100.0,0,0,1656
2482033,0,0,0,99.99,0.0,0.0,0.0,0.0,0.0,0.0,0.0,0.0,0.0,0.0,0.0,0.0,0.95,-3.47,-43.87,0.0,0.0,0.0,100.0,0,0,1662
2482234,0,0,0,99.99,0.0,0.0,0.0,0.0,0.0,0.0,0.0,0.0,0.0,0.0,0.0,0.0,0.94,-3.47,-43.87,0.0,0.0,0.0,100.0,0,0,1662
2482443,0,0,0,99.99,0.0,0.0,0.0,0.0,0.0,0.0,0.0,0.0,0.0,0.0,0.0,0.0,0.94,-3.47,-43.88,0.0,0.0,0.0,100.0,0,0,1662
2482643,0,0,0,99.99,0.0,0.0,0.0,0.0,0.0,0.0,0.0,0.0,0.0,0.0,0.0,0.0,0.94,-3.49,-43.86,0.0,0.0,0.0,100.0,0,0,1662
2482843,0,0,0,99.99,0.0,0.0,0.0,0.0,0.0,0.0,0.0,0.0,0.0,0.0,0.0,0.0,0.94,-3.49,-43.84,0.0,0.0,0.0,100.0,0,0,1663
2483043,0,0,0,99.99,0.0,0.0,0.0,0.0,0.0,0.0,0.0,0.0,0.0,0.0,0.0,0.0,0.95,-3.49,-43.85,0.0,0.0,0.0,100.0,0,0,1668
2483243,0,0,0,99.99,0.0,0.0,0.0,0.0,0.0,0.0,0.0,0.0,0.0,0.0,0.0,0.0,0.94,-3.48,-43.84,0.0,0.0,0.0,100.0,0,0,1668
2483444,0,0,0,99.99,0.0,0.0,0.0,0.0,0.0,0.0,0.0,0.0,0.0,0.0,0.0,0.0,0.95,-3.48,-43.83,0.0,0.0,0.0,100.0,0,0,1668
2483653,0,0,0,99.99,0.0,0.0,0.0,0.0,0.0,0.0,0.0,0.0,0.0,0.0,0.0,0.0,0.95,-3.48,-43.84,0.0,0.0,0.0,100.0,0,0,1668
2483853,0,0,0,99.99,0.0,0.0,0.0,0.0,0.0,0.0,0.0,0.0,0.0,0.0,0.0,0.0,0.95,-3.5,-43.85,0.0,0.0,0.0,100.0,0,0,1669
2484053,0,0,0,99.99,0.0,0.0,0.0,0.0,0.0,0.0,0.0,0.0,0.0,0.0,0.0,0.0,0.95,-3.49,-43.86,0.0,0.0,0.0,100.0,0,0,1674
2484253,0,0,0,99.99,0.0,0.0,0.0,0.0,0.0,0.0,0.0,0.0,0.0,0.0,0.0,0.0,0.95,-3.49,-43.84,0.0,0.0,0.0,100.0,0,0,1674
2484453,0,0,0,99.99,0.0,0.0,0.0,0.0,0.0,0.0,0.0,0.0,0.0,0.0,0.0,0.0,0.95,-3.49,-43.87,0.0,0.0,0.0,100.0,0,0,1674
2484653,0,0,0,99.99,0.0,0.0,0.0,0.0,0.0,0.0,0.0,0.0,0.0,0.0,0.0,0.0,0.95,-3.48,-43.91,0.0,0.0,0.0,100.0,0,0,1674
2484853,0,0,0,99.99,0.0,0.0,0.0,0.0,0.0,0.0,0.0,0.0,0.0,0.0,0.0,0.0,0.95,-3.48,-43.91,0.0,0.0,0.0,100.0,0,0,1675
2485053,0,0,0,99.99,0.0,0.0,0.0,0.0,0.0,0.0,0.0,0.0,0.0,0.0,0.0,0.0,0.93,-3.5,-43.88,0.0,0.0,0.0,100.0,0,0,1680
2485253,0,0,0,99.99,0.0,0.0,0.0,0.0,0.0,0.0,0.0,0.0,0.0,0.0,0.0,0.0,0.93,-3.5,-43.89,0.0,0.0,0.0,100.0,0,0,1680
2485453,0,0,0,99.99,0.0,0.0,0.0,0.0,0.0,0.0,0.0,0.0,0.0,0.0,0.0,0.0,0.93,-3.49,-43.86,0.0,0.0,0.0,100.0,0,0,1680
2485653,0,0,0,99.99,0.0,0.0,0.0,0.0,0.0,0.0,0.0,0.0,0.0,0.0,0.0,0.0,0.94,-3.48,-43.87,0.0,0.0,0.0,100.0,0,0,1680
2485853,0,0,0,99.99,0.0,0.0,0.0,0.0,0.0,0.0,0.0,0.0,0.0,0.0,0.0,0.0,0.94,-3.49,-43.87,0.0,0.0,0.0,100.0,0,0,1680
2486053,0,0,0,99.99,0.0,0.0,0.0,0.0,0.0,0.0,0.0,0.0,0.0,0.0,0.0,0.0,0.93,-3.48,-43.85,0.0,0.0,0.0,100.0,0,0,1682
2486253,0,0,0,99.99,0.0,0.0,0.0,0.0,0.0,0.0,0.0,0.0,0.0,0.0,0.0,0.0,0.94,-3.48,-43.86,0.0,0.0,0.0,100.0,0,0,1686
2486453,0,0,0,99.99,0.0,0.0,0.0,0.0,0.0,0.0,0.0,0.0,0.0,0.0,0.0,0.0,0.95,-3.48,-43.83,0.0,0.0,0.0,100.0,0,0,1686
2486654,0,0,0,99.99,0.0,0.0,0.0,0.0,0.0,0.0,0.0,0.0,0.0,0.0,0.0,0.0,0.96,-3.49,-43.82,0.0,0.0,0.0,100.0,0,0,1686
2486864,0,0,0,99.99,0.0,0.0,0.0,0.0,0.0,0.0,0.0,0.0,0.0,0.0,0.0,0.0,0.97,-3.51,-43.81,0.0,0.0,0.0,100.0,0,0,1688
2487073,0,0,0,99.99,0.0,0.0,0.0,0.0,0.0,0.0,0.0,0.0,0.0,0.0,0.0,0.0,0.96,-3.5,-43.82,0.0,0.0,0.0,100.0,0,0,1692
2487273,0,0,0,99.99,0.0,0.0,0.0,0.0,0.0,0.0,0.0,0.0,0.0,0.0,0.0,0.0,0.97,-3.5,-43.82,0.0,0.0,0.0,100.0,0,0,1692
2487473,0,0,0,99.99,0.0,0.0,0.0,0.0,0.0,0.0,0.0,0.0,0.0,0.0,0.0,0.0,0.95,-3.51,-43.82,0.0,0.0,0.0,100.0,0,0,1692
2487673,0,0,0,99.99,0.0,0.0,0.0,0.0,0.0,0.0,0.0,0.0,0.0,0.0,0.0,0.0,0.94,-3.51,-43.82,0.0,0.0,0.0,100.0,0,0,1692
2487873,0,0,0,99.99,0.0,0.0,0.0,0.0,0.0,0.0,0.0,0.0,0.0,0.0,0.0,0.0,0.94,-3.51,-43.81,0.0,0.0,0.0,100.0,0,0,1694
2488073,0,0,0,99.99,0.0,0.0,0.0,0.0,0.0,0.0,0.0,0.0,0.0,0.0,0.0,0.0,0.94,-3.49,-43.83,0.0,0.0,0.0,100.0,0,0,1698
2488273,0,0,0,99.99,0.0,0.0,0.0,0.0,0.0,0.0,0.0,0.0,0.0,0.0,0.0,0.0,0.94,-3.49,-43.84,0.0,0.0,0.0,100.0,0,0,1698
2488473,0,0,0,99.99,0.0,0.0,0.0,0.0,0.0,0.0,0.0,0.0,0.0,0.0,0.0,0.0,0.96,-3.5,-43.84,0.0,0.0,0.0,100.0,0,0,1698
2488673,0,0,0,99.99,0.0,0.0,0.0,0.0,0.0,0.0,0.0,0.0,0.0,0.0,0.0,0.0,0.96,-3.5,-43.84,0.0,0.0,0.0,100.0,0,0,1698
2488873,0,0,0,99.99,0.0,0.0,0.0,0.0,0.0,0.0,0.0,0.0,0.0,0.0,0.0,0.0,0.95,-3.51,-43.83,0.0,0.0,0.0,100.0,0,0,1700
2489073,0,0,0,99.99,0.0,0.0,0.0,0.0,0.0,0.0,0.0,0.0,0.0,0.0,0.0,0.0,0.95,-3.52,-43.84,0.0,0.0,0.0,100.0,0,0,1704
2489273,0,0,0,99.99,0.0,0.0,0.0,0.0,0.0,0.0,0.0,0.0,0.0,0.0,0.0,0.0,0.95,-3.51,-43.86,0.0,0.0,0.0,100.0,0,0,1704
2489473,0,0,0,99.99,0.0,0.0,0.0,0.0,0.0,0.0,0.0,0.0,0.0,0.0,0.0,0.0,0.96,-3.52,-43.87,0.0,0.0,0.0,100.0,0,0,1704
2489673,0,0,0,99.99,0.0,0.0,0.0,0.0,0.0,0.0,0.0,0.0,0.0,0.0,0.0,0.0,0.95,-3.51,-43.87,0.0,0.0,0.0,100.0,0,0,1704
2489873,0,0,0,99.99,0.0,0.0,0.0,0.0,0.0,0.0,0.0,0.0,0.0,0.0,0.0,0.0,0.95,-3.52,-43.85,0.0,0.0,0.0,100.0,0,0,1706
2490073,0,0,0,99.99,0.0,0.0,0.0,0.0,0.0,0.0,0.0,0.0,0.0,0.0,0.0,0.0,0.95,-3.52,-43.82,0.0,0.0,0.0,100.0,0,0,1710
2490273,0,0,0,99.99,0.0,0.0,0.0,0.0,0.0,0.0,0.0,0.0,0.0,0.0,0.0,0.0,0.96,-3.52,-43.82,0.0,0.0,0.0,100.0,0,0,1710
2490473,0,0,0,99.99,0.0,0.0,0.0,0.0,0.0,0.0,0.0,0.0,0.0,0.0,0.0,0.0,0.95,-3.51,-43.81,0.0,0.0,0.0,100.0,0,0,1710
2490673,0,0,0,99.99,0.0,0.0,0.0,0.0,0.0,0.0,0.0,0.0,0.0,0.0,0.0,0.0,0.95,-3.52,-43.83,0.0,0.0,0.0,100.0,0,0,1710
2490873,0,0,0,99.99,0.0,0.0,0.0,0.0,0.0,0.0,0.0,0.0,0.0,0.0,0.0,0.0,0.97,-3.52,-43.88,0.0,0.0,0.0,100.0,0,0,1712
2491073,0,0,0,99.99,0.0,0.0,0.0,0.0,0.0,0.0,0.0,0.0,0.0,0.0,0.0,0.0,0.95,-3.53,-43.88,0.0,0.0,0.0,100.0,0,0,1716
2491273,0,0,0,99.99,0.0,0.0,0.0,0.0,0.0,0.0,0.0,0.0,0.0,0.0,0.0,0.0,0.94,-3.52,-43.85,0.0,0.0,0.0,100.0,0,0,1716
2491473,0,0,0,99.99,0.0,0.0,0.0,0.0,0.0,0.0,0.0,0.0,0.0,0.0,0.0,0.0,0.93,-3.52,-43.85,0.0,0.0,0.0,100.0,0,0,1716
2491673,0,0,0,99.99,0.0,0.0,0.0,0.0,0.0,0.0,0.0,0.0,0.0,0.0,0.0,0.0,0.93,-3.51,-43.85,0.0,0.0,0.0,100.0,0,0,1716
2491873,0,0,0,99.99,0.0,0.0,0.0,0.0,0.0,0.0,0.0,0.0,0.0,0.0,0.0,0.0,0.93,-3.52,-43.82,0.0,0.0,0.0,100.0,0,0,1716
2492073,0,0,0,99.99,0.0,0.0,0.0,0.0,0.0,0.0,0.0,0.0,0.0,0.0,0.0,0.0,0.93,-3.53,-43.78,0.0,0.0,0.0,100.0,0,0,1719
2492273,0,0,0,99.99,0.0,0.0,0.0,0.0,0.0,0.0,0.0,0.0,0.0,0.0,0.0,0.0,0.94,-3.53,-43.82,0.0,0.0,0.0,100.0,0,0,1722
2492473,0,0,0,99.99,0.0,0.0,0.0,0.0,0.0,0.0,0.0,0.0,0.0,0.0,0.0,0.0,0.94,-3.52,-43.84,0.0,0.0,0.0,100.0,0,0,1722
2492673,0,0,0,99.99,0.0,0.0,0.0,0.0,0.0,0.0,0.0,0.0,0.0,0.0,0.0,0.0,0.94,-3.54,-43.83,0.0,0.0,0.0,100.0,0,0,1722
2492873,0,0,0,99.99,0.0,0.0,0.0,0.0,0.0,0.0,0.0,0.0,0.0,0.0,0.0,0.0,0.94,-3.53,-43.8,0.0,0.0,0.0,100.0,0,0,1724
2493073,0,0,0,99.99,0.0,0.0,0.0,0.0,0.0,0.0,0.0,0.0,0.0,0.0,0.0,0.0,0.94,-3.53,-43.81,0.0,0.0,0.0,100.0,0,0,1728
2493273,0,0,0,99.99,0.0,0.0,0.0,0.0,0.0,0.0,0.0,0.0,0.0,0.0,0.0,0.0,0.95,-3.52,-43.82,0.0,0.0,0.0,100.0,0,0,1728
2493473,0,0,0,99.99,0.0,0.0,0.0,0.0,0.0,0.0,0.0,0.0,0.0,0.0,0.0,0.0,0.95,-3.52,-43.81,0.0,0.0,0.0,100.0,0,0,1728
2493673,0,0,0,99.99,0.0,0.0,0.0,0.0,0.0,0.0,0.0,0.0,0.0,0.0,0.0,0.0,0.95,-3.53,-43.79,0.0,0.0,0.0,100.0,0,0,1728
2493873,0,0,0,99.99,0.0,0.0,0.0,0.0,0.0,0.0,0.0,0.0,0.0,0.0,0.0,0.0,0.97,-3.52,-43.76,0.0,0.0,0.0,100.0,0,0,1730
2494073,0,0,0,99.99,0.0,0.0,0.0,0.0,0.0,0.0,0.0,0.0,0.0,0.0,0.0,0.0,0.96,-3.51,-43.78,0.0,0.0,0.0,100.0,0,0,1734
2494273,0,0,0,99.99,0.0,0.0,0.0,0.0,0.0,0.0,0.0,0.0,0.0,0.0,0.0,0.0,0.98,-3.52,-43.77,0.0,0.0,0.0,100.0,0,0,1734
2494473,0,0,0,99.99,0.0,0.0,0.0,0.0,0.0,0.0,0.0,0.0,0.0,0.0,0.0,0.0,0.98,-3.52,-43.76,0.0,0.0,0.0,100.0,0,0,1734
2494673,0,0,0,99.99,0.0,0.0,0.0,0.0,0.0,0.0,0.0,0.0,0.0,0.0,0.0,0.0,0.98,-3.51,-43.78,0.0,0.0,0.0,100.0,0,0,1734
2494873,0,0,0,99.99,0.0,0.0,0.0,0.0,0.0,0.0,0.0,0.0,0.0,0.0,0.0,0.0,0.98,-3.52,-43.75,0.0,0.0,0.0,100.0,0,0,1736
2495073,0,0,0,99.99,0.0,0.0,0.0,0.0,0.0,0.0,0.0,0.0,0.0,0.0,0.0,0.0,0.97,-3.52,-43.75,0.0,0.0,0.0,100.0,0,0,1740
2495273,0,0,0,99.99,0.0,0.0,0.0,0.0,0.0,0.0,0.0,0.0,0.0,0.0,0.0,0.0,0.98,-3.51,-43.76,0.0,0.0,0.0,100.0,0,0,1740
2495473,0,0,0,99.99,0.0,0.0,0.0,0.0,0.0,0.0,0.0,0.0,0.0,0.0,0.0,0.0,0.98,-3.52,-43.78,0.0,0.0,0.0,100.0,0,0,1740
2495673,0,0,0,99.99,0.0,0.0,0.0,0.0,0.0,0.0,0.0,0.0,0.0,0.0,0.0,0.0,0.99,-3.54,-43.8,0.0,0.0,0.0,100.0,0,0,1740
2495876,0,0,0,99.99,0.0,0.0,0.0,0.0,0.0,0.0,0.0,0.0,0.0,0.0,0.0,0.0,0.98,-3.54,-43.81,0.0,0.0,0.0,100.0,0,0,1742
2496083,0,0,0,99.99,0.0,0.0,0.0,0.0,0.0,0.0,0.0,0.0,0.0,0.0,0.0,0.0,0.98,-3.53,-43.79,0.0,0.0,0.0,100.0,0,0,1746
2496283,0,0,0,99.99,0.0,0.0,0.0,0.0,0.0,0.0,0.0,0.0,0.0,0.0,0.0,0.0,0.97,-3.52,-43.8,0.0,0.0,0.0,100.0,0,0,1746
2496483,0,0,0,99.99,0.0,0.0,0.0,0.0,0.0,0.0,0.0,0.0,0.0,0.0,0.0,0.0,0.97,-3.52,-43.78,0.0,0.0,0.0,100.0,0,0,1746
2496683,0,0,0,99.99,0.0,0.0,0.0,0.0,0.0,0.0,0.0,0.0,0.0,0.0,0.0,0.0,0.97,-3.49,-43.81,0.0,0.0,0.0,100.0,0,0,1746
2496883,0,0,0,99.99,0.0,0.0,0.0,0.0,0.0,0.0,0.0,0.0,0.0,0.0,0.0,0.0,0.98,-3.5,-43.81,0.0,0.0,0.0,100.0,0,0,1748
2497083,0,0,0,99.99,0.0,0.0,0.0,0.0,0.0,0.0,0.0,0.0,0.0,0.0,0.0,0.0,0.98,-3.5,-43.82,0.0,0.0,0.0,100.0,0,0,1752
2497283,0,0,0,99.99,0.0,0.0,0.0,0.0,0.0,0.0,0.0,0.0,0.0,0.0,0.0,0.0,0.98,-3.51,-43.82,0.0,0.0,0.0,100.0,0,0,1752
2497483,0,0,0,99.99,0.0,0.0,0.0,0.0,0.0,0.0,0.0,0.0,0.0,0.0,0.0,0.0,0.97,-3.5,-43.8,0.0,0.0,0.0,100.0,0,0,1752
2497683,0,0,0,99.99,0.0,0.0,0.0,0.0,0.0,0.0,0.0,0.0,0.0,0.0,0.0,0.0,0.97,-3.5,-43.79,0.0,0.0,0.0,100.0,0,0,1752
2497883,0,0,0,99.99,0.0,0.0,0.0,0.0,0.0,0.0,0.0,0.0,0.0,0.0,0.0,0.0,0.97,-3.5,-43.81,0.0,0.0,0.0,100.0,0,0,1752
2498083,0,0,0,99.99,0.0,0.0,0.0,0.0,0.0,0.0,0.0,0.0,0.0,0.0,0.0,0.0,0.97,-3.5,-43.81,0.0,0.0,0.0,100.0,0,0,1755
2498283,0,0,0,99.99,0.0,0.0,0.0,0.0,0.0,0.0,0.0,0.0,0.0,0.0,0.0,0.0,0.97,-3.5,-43.8,0.0,0.0,0.0,100.0,0,0,1758
2498483,0,0,0,99.99,0.0,0.0,0.0,0.0,0.0,0.0,0.0,0.0,0.0,0.0,0.0,0.0,0.96,-3.51,-43.81,0.0,0.0,0.0,100.0,0,0,1758
2498683,0,0,0,99.99,0.0,0.0,0.0,0.0,0.0,0.0,0.0,0.0,0.0,0.0,0.0,0.0,0.96,-3.52,-43.8,0.0,0.0,0.0,100.0,0,0,1758
2498883,0,0,0,99.99,0.0,0.0,0.0,0.0,0.0,0.0,0.0,0.0,0.0,0.0,0.0,0.0,0.96,-3.52,-43.8,0.0,0.0,0.0,100.0,0,0,1760
2499083,0,0,0,99.99,0.0,0.0,0.0,0.0,0.0,0.0,0.0,0.0,0.0,0.0,0.0,0.0,0.96,-3.5,-43.79,0.0,0.0,0.0,100.0,0,0,1764
2499283,0,0,0,99.99,0.0,0.0,0.0,0.0,0.0,0.0,0.0,0.0,0.0,0.0,0.0,0.0,0.96,-3.52,-43.83,0.0,0.0,0.0,100.0,0,0,1764
2499483,0,0,0,99.99,0.0,0.0,0.0,0.0,0.0,0.0,0.0,0.0,0.0,0.0,0.0,0.0,0.95,-3.52,-43.8,0.0,0.0,0.0,100.0,0,0,1764
2499683,0,0,0,99.99,0.0,0.0,0.0,0.0,0.0,0.0,0.0,0.0,0.0,0.0,0.0,0.0,0.96,-3.52,-43.8,0.0,0.0,0.0,100.0,0,0,1764
2499883,0,0,0,99.99,0.0,0.0,0.0,0.0,0.0,0.0,0.0,0.0,0.0,0.0,0.0,0.0,0.97,-3.52,-43.84,0.0,0.0,0.0,100.0,0,0,1766
2500083,0,0,0,99.99,0.0,0.0,0.0,0.0,0.0,0.0,0.0,0.0,0.0,0.0,0.0,0.0,0.96,-3.52,-43.8,0.0,0.0,0.0,100.0,0,0,1770
2500283,0,0,0,99.99,0.0,0.0,0.0,0.0,0.0,0.0,0.0,0.0,0.0,0.0,0.0,0.0,0.97,-3.53,-43.78,0.0,0.0,0.0,100.0,0,0,1770
2500483,0,0,0,99.99,0.0,0.0,0.0,0.0,0.0,0.0,0.0,0.0,0.0,0.0,0.0,0.0,0.98,-3.54,-43.81,0.0,0.0,0.0,100.0,0,0,1770
2500683,0,0,0,99.99,0.0,0.0,0.0,0.0,0.0,0.0,0.0,0.0,0.0,0.0,0.0,0.0,0.96,-3.55,-43.81,0.0,0.0,0.0,100.0,0,0,1770
2500883,0,0,0,99.99,0.0,0.0,0.0,0.0,0.0,0.0,0.0,0.0,0.0,0.0,0.0,0.0,0.98,-3.56,-43.79,0.0,0.0,0.0,100.0,0,0,1772
2501083,0,0,0,99.99,0.0,0.0,0.0,0.0,0.0,0.0,0.0,0.0,0.0,0.0,0.0,0.0,0.99,-3.57,-43.8,0.0,0.0,0.0,100.0,0,0,1776
2501283,0,0,0,99.99,0.0,0.0,0.0,0.0,0.0,0.0,0.0,0.0,0.0,0.0,0.0,0.0,0.98,-3.56,-43.79,0.0,0.0,0.0,100.0,0,0,1776
2501483,0,0,0,99.99,0.0,0.0,0.0,0.0,0.0,0.0,0.0,0.0,0.0,0.0,0.0,0.0,0.98,-3.55,-43.8,0.0,0.0,0.0,100.0,0,0,1776
2501683,0,0,0,99.99,0.0,0.0,0.0,0.0,0.0,0.0,0.0,0.0,0.0,0.0,0.0,0.0,0.98,-3.54,-43.81,0.0,0.0,0.0,100.0,0,0,1776
2501883,0,0,0,99.99,0.0,0.0,0.0,0.0,0.0,0.0,0.0,0.0,0.0,0.0,0.0,0.0,0.98,-3.54,-43.79,0.0,0.0,0.0,100.0,0,0,1778
2502083,0,0,0,99.99,0.0,0.0,0.0,0.0,0.0,0.0,0.0,0.0,0.0,0.0,0.0,0.0,0.99,-3.53,-43.82,0.0,0.0,0.0,100.0,0,0,1782
2502283,0,0,0,99.99,0.0,0.0,0.0,0.0,0.0,0.0,0.0,0.0,0.0,0.0,0.0,0.0,0.99,-3.54,-43.82,0.0,0.0,0.0,100.0,0,0,1782
2502483,0,0,0,99.99,0.0,0.0,0.0,0.0,0.0,0.0,0.0,0.0,0.0,0.0,0.0,0.0,0.98,-3.54,-43.8,0.0,0.0,0.0,100.0,0,0,1782
2502683,0,0,0,99.99,0.0,0.0,0.0,0.0,0.0,0.0,0.0,0.0,0.0,0.0,0.0,0.0,0.98,-3.54,-43.79,0.0,0.0,0.0,100.0,0,0,1782
2502884,0,0,0,99.99,0.0,0.0,0.0,0.0,0.0,0.0,0.0,0.0,0.0,0.0,0.0,0.0,0.99,-3.55,-43.8,0.0,0.0,0.0,100.0,0,0,1784
2503093,0,0,0,99.99,0.0,0.0,0.0,0.0,0.0,0.0,0.0,0.0,0.0,0.0,0.0,0.0,0.98,-3.54,-43.81,0.0,0.0,0.0,100.0,0,0,1788
2503293,0,0,0,99.99,0.0,0.0,0.0,0.0,0.0,0.0,0.0,0.0,0.0,0.0,0.0,0.0,0.97,-3.55,-43.8,0.0,0.0,0.0,100.0,0,0,1788
2503493,0,0,0,99.99,0.0,0.0,0.0,0.0,0.0,0.0,0.0,0.0,0.0,0.0,0.0,0.0,0.97,-3.55,-43.78,0.0,0.0,0.0,100.0,0,0,1788
2503693,0,0,0,99.99,0.0,0.0,0.0,0.0,0.0,0.0,0.0,0.0,0.0,0.0,0.0,0.0,0.96,-3.54,-43.79,0.0,0.0,0.0,100.0,0,0,1788
2503893,0,0,0,99.99,0.0,0.0,0.0,0.0,0.0,0.0,0.0,0.0,0.0,0.0,0.0,0.0,0.97,-3.53,-43.79,0.0,0.0,0.0,100.0,0,0,1788
2504093,0,0,0,99.99,0.0,0.0,0.0,0.0,0.0,0.0,0.0,0.0,0.0,0.0,0.0,0.0,0.97,-3.53,-43.75,0.0,0.0,0.0,100.0,0,0,1791
2504293,0,0,0,99.99,0.0,0.0,0.0,0.0,0.0,0.0,0.0,0.0,0.0,0.0,0.0,0.0,0.97,-3.52,-43.76,0.0,0.0,0.0,100.0,0,0,1794
2504493,0,0,0,99.99,0.0,0.0,0.0,0.0,0.0,0.0,0.0,0.0,0.0,0.0,0.0,0.0,0.97,-3.52,-43.79,0.0,0.0,0.0,100.0,0,0,1794
2504693,0,0,0,99.99,0.0,0.0,0.0,0.0,0.0,0.0,0.0,0.0,0.0,0.0,0.0,0.0,0.97,-3.52,-43.77,0.0,0.0,0.0,100.0,0,0,1794
2504893,0,0,0,99.99,0.0,0.0,0.0,0.0,0.0,0.0,0.0,0.0,0.0,0.0,0.0,0.0,0.98,-3.52,-43.8,0.0,0.0,0.0,100.0,0,0,1796
2505093,0,0,0,99.99,0.0,0.0,0.0,0.0,0.0,0.0,0.0,0.0,0.0,0.0,0.0,0.0,0.97,-3.53,-43.8,0.0,0.0,0.0,100.0,0,0,1800
2505294,0,0,0,99.99,0.0,0.0,0.0,0.0,0.0,0.0,0.0,0.0,0.0,0.0,0.0,0.0,0.96,-3.52,-43.79,0.0,0.0,0.0,100.0,0,0,1800
2505503,0,0,0,99.99,0.0,0.0,0.0,0.0,0.0,0.0,0.0,0.0,0.0,0.0,0.0,0.0,0.96,-3.52,-43.78,0.0,0.0,0.0,100.0,0,0,1800
2505703,0,0,0,99.99,0.0,0.0,0.0,0.0,0.0,0.0,0.0,0.0,0.0,0.0,0.0,0.0,0.97,-3.53,-43.78,0.0,0.0,0.0,100.0,0,0,1800
2505903,0,0,0,99.99,0.0,0.0,0.0,0.0,0.0,0.0,0.0,0.0,0.0,0.0,0.0,0.0,0.98,-3.52,-43.79,0.0,0.0,0.0,100.0,0,0,1802
2506103,0,0,0,99.99,0.0,0.0,0.0,0.0,0.0,0.0,0.0,0.0,0.0,0.0,0.0,0.0,0.98,-3.52,-43.76,0.0,0.0,0.0,100.0,0,0,1806
2506303,0,0,0,99.99,0.0,0.0,0.0,0.0,0.0,0.0,0.0,0.0,0.0,0.0,0.0,0.0,0.97,-3.52,-43.72,0.0,0.0,0.0,100.0,0,0,1806
2506503,0,0,0,99.99,0.0,0.0,0.0,0.0,0.0,0.0,0.0,0.0,0.0,0.0,0.0,0.0,0.98,-3.53,-43.74,0.0,0.0,0.0,100.0,0,0,1806
2506703,0,0,0,99.99,0.0,0.0,0.0,0.0,0.0,0.0,0.0,0.0,0.0,0.0,0.0,0.0,0.97,-3.53,-43.77,0.0,0.0,0.0,100.0,0,0,1806
2506903,0,0,0,99.99,0.0,0.0,0.0,0.0,0.0,0.0,0.0,0.0,0.0,0.0,0.0,0.0,0.97,-3.52,-43.78,0.0,0.0,0.0,100.0,0,0,1808
2507103,0,0,0,99.99,0.0,0.0,0.0,0.0,0.0,0.0,0.0,0.0,0.0,0.0,0.0,0.0,0.98,-3.53,-43.78,0.0,0.0,0.0,100.0,0,0,1812
2507303,0,0,0,99.99,0.0,0.0,0.0,0.0,0.0,0.0,0.0,0.0,0.0,0.0,0.0,0.0,0.99,-3.53,-43.81,0.0,0.0,0.0,100.0,0,0,1812
2507503,0,0,0,99.99,0.0,0.0,0.0,0.0,0.0,0.0,0.0,0.0,0.0,0.0,0.0,0.0,0.99,-3.54,-43.78,0.0,0.0,0.0,100.0,0,0,1812
2507703,0,0,0,99.99,0.0,0.0,0.0,0.0,0.0,0.0,0.0,0.0,0.0,0.0,0.0,0.0,0.99,-3.53,-43.78,0.0,0.0,0.0,100.0,0,0,1812
2507903,0,0,0,99.99,0.0,0.0,0.0,0.0,0.0,0.0,0.0,0.0,0.0,0.0,0.0,0.0,0.99,-3.54,-43.78,0.0,0.0,0.0,100.0,0,0,1814
2508103,0,0,0,99.99,0.0,0.0,0.0,0.0,0.0,0.0,0.0,0.0,0.0,0.0,0.0,0.0,0.98,-3.54,-43.8,0.0,0.0,0.0,100.0,0,0,1818
2508303,0,0,0,99.99,0.0,0.0,0.0,0.0,0.0,0.0,0.0,0.0,0.0,0.0,0.0,0.0,0.99,-3.55,-43.81,0.0,0.0,0.0,100.0,0,0,1818
2508503,0,0,0,99.99,0.0,0.0,0.0,0.0,0.0,0.0,0.0,0.0,0.0,0.0,0.0,0.0,1.0,-3.55,-43.84,0.0,0.0,0.0,100.0,0,0,1818
2508704,0,0,0,99.99,0.0,0.0,0.0,0.0,0.0,0.0,0.0,0.0,0.0,0.0,0.0,0.0,0.98,-3.55,-43.81,0.0,0.0,0.0,100.0,0,0,1818
2508913,0,0,0,99.99,0.0,0.0,0.0,0.0,0.0,0.0,0.0,0.0,0.0,0.0,0.0,0.0,0.99,-3.54,-43.84,0.0,0.0,0.0,100.0,0,0,1821
2509113,0,0,0,99.99,0.0,0.0,0.0,0.0,0.0,0.0,0.0,0.0,0.0,0.0,0.0,0.0,0.99,-3.54,-43.83,0.0,0.0,0.0,100.0,0,0,1824
2509313,0,0,0,99.99,0.0,0.0,0.0,0.0,0.0,0.0,0.0,0.0,0.0,0.0,0.0,0.0,1.0,-3.54,-43.86,0.0,0.0,0.0,100.0,0,0,1824
2509513,0,0,0,99.99,0.0,0.0,0.0,0.0,0.0,0.0,0.0,0.0,0.0,0.0,0.0,0.0,1.0,-3.54,-43.84,0.0,0.0,0.0,100.0,0,0,1824
2509713,0,0,0,99.99,0.0,0.0,0.0,0.0,0.0,0.0,0.0,0.0,0.0,0.0,0.0,0.0,0.99,-3.53,-43.84,0.0,0.0,0.0,100.0,0,0,1824
2509913,0,0,0,99.99,0.0,0.0,0.0,0.0,0.0,0.0,0.0,0.0,0.0,0.0,0.0,0.0,0.99,-3.53,-43.84,0.0,0.0,0.0,100.0,0,0,1824
2510113,0,0,0,99.99,0.0,0.0,0.0,0.0,0.0,0.0,0.0,0.0,0.0,0.0,0.0,0.0,0.98,-3.54,-43.8,0.0,0.0,0.0,100.0,0,0,1827
2510313,0,0,0,99.99,0.0,0.0,0.0,0.0,0.0,0.0,0.0,0.0,0.0,0.0,0.0,0.0,0.98,-3.52,-43.8,0.0,0.0,0.0,100.0,0,0,1830
2510513,0,0,0,99.99,0.0,0.0,0.0,0.0,0.0,0.0,0.0,0.0,0.0,0.0,0.0,0.0,0.98,-3.52,-43.81,0.0,0.0,0.0,100.0,0,0,1830
2510713,0,0,0,99.99,0.0,0.0,0.0,0.0,0.0,0.0,0.0,0.0,0.0,0.0,0.0,0.0,0.98,-3.52,-43.79,0.0,0.0,0.0,100.0,0,0,1830
2510913,0,0,0,99.99,0.0,0.0,0.0,0.0,0.0,0.0,0.0,0.0,0.0,0.0,0.0,0.0,0.99,-3.53,-43.78,0.0,0.0,0.0,100.0,0,0,1833
2511113,0,0,0,99.99,0.0,0.0,0.0,0.0,0.0,0.0,0.0,0.0,0.0,0.0,0.0,0.0,0.98,-3.54,-43.74,0.0,0.0,0.0,100.0,0,0,1836
2511313,0,0,0,99.99,0.0,0.0,0.0,0.0,0.0,0.0,0.0,0.0,0.0,0.0,0.0,0.0,0.98,-3.53,-43.76,0.0,0.0,0.0,100.0,0,0,1836
2511513,0,0,0,99.99,0.0,0.0,0.0,0.0,0.0,0.0,0.0,0.0,0.0,0.0,0.0,0.0,0.99,-3.54,-43.74,0.0,0.0,0.0,100.0,0,0,1836
2511713,0,0,0,99.99,0.0,0.0,0.0,0.0,0.0,0.0,0.0,0.0,0.0,0.0,0.0,0.0,0.98,-3.53,-43.76,0.0,0.0,0.0,100.0,0,0,1836
2511913,0,0,0,99.99,0.0,0.0,0.0,0.0,0.0,0.0,0.0,0.0,0.0,0.0,0.0,0.0,0.98,-3.52,-43.75,0.0,0.0,0.0,100.0,0,0,1839
2512113,0,0,0,99.99,0.0,0.0,0.0,0.0,0.0,0.0,0.0,0.0,0.0,0.0,0.0,0.0,0.98,-3.52,-43.78,0.0,0.0,0.0,100.0,0,0,1842
2512313,0,0,0,99.99,0.0,0.0,0.0,0.0,0.0,0.0,0.0,0.0,0.0,0.0,0.0,0.0,0.97,-3.54,-43.75,0.0,0.0,0.0,100.0,0,0,1842
2512513,0,0,0,99.99,0.0,0.0,0.0,0.0,0.0,0.0,0.0,0.0,0.0,0.0,0.0,0.0,0.97,-3.52,-43.77,0.0,0.0,0.0,100.0,0,0,1842
2512713,0,0,0,99.99,0.0,0.0,0.0,0.0,0.0,0.0,0.0,0.0,0.0,0.0,0.0,0.0,0.98,-3.52,-43.79,0.0,0.0,0.0,100.0,0,0,1842
2512913,0,0,0,99.99,0.0,0.0,0.0,0.0,0.0,0.0,0.0,0.0,0.0,0.0,0.0,0.0,0.99,-3.52,-43.79,0.0,0.0,0.0,100.0,0,0,1845
2513114,0,0,0,99.99,0.0,0.0,0.0,0.0,0.0,0.0,0.0,0.0,0.0,0.0,0.0,0.0,0.99,-3.52,-43.79,0.0,0.0,0.0,100.0,0,0,1848
2513323,0,0,0,99.99,0.0,0.0,0.0,0.0,0.0,0.0,0.0,0.0,0.0,0.0,0.0,0.0,1.0,-3.53,-43.77,0.0,0.0,0.0,100.0,0,0,1848
2513523,0,0,0,99.99,0.0,0.0,0.0,0.0,0.0,0.0,0.0,0.0,0.0,0.0,0.0,0.0,0.99,-3.53,-43.77,0.0,0.0,0.0,100.0,0,0,1848
2513723,0,0,0,99.99,0.0,0.0,0.0,0.0,0.0,0.0,0.0,0.0,0.0,0.0,0.0,0.0,1.0,-3.52,-43.82,0.0,0.0,0.0,100.0,0,0,1848
2513923,0,0,0,99.99,0.0,0.0,0.0,0.0,0.0,0.0,0.0,0.0,0.0,0.0,0.0,0.0,0.99,-3.52,-43.87,0.0,0.0,0.0,100.0,0,0,1851
2514123,0,0,0,99.99,0.0,0.0,0.0,0.0,0.0,0.0,0.0,0.0,0.0,0.0,0.0,0.0,0.98,-3.53,-43.86,0.0,0.0,0.0,100.0,0,0,1854
2514323,0,0,0,99.99,0.0,0.0,0.0,0.0,0.0,0.0,0.0,0.0,0.0,0.0,0.0,0.0,0.97,-3.53,-43.84,0.0,0.0,0.0,100.0,0,0,1854
2514524,0,0,0,99.99,0.0,0.0,0.0,0.0,0.0,0.0,0.0,0.0,0.0,0.0,0.0,0.0,0.97,-3.55,-43.84,0.0,0.0,0.0,100.0,0,0,1854
2514733,0,0,0,99.99,0.0,0.0,0.0,0.0,0.0,0.0,0.0,0.0,0.0,0.0,0.0,0.0,0.97,-3.54,-43.85,0.0,0.0,0.0,100.0,0,0,1854
2514933,0,0,0,99.99,0.0,0.0,0.0,0.0,0.0,0.0,0.0,0.0,0.0,0.0,0.0,0.0,0.97,-3.55,-43.84,0.0,0.0,0.0,100.0,0,0,1857
2515133,0,0,0,99.99,0.0,0.0,0.0,0.0,0.0,0.0,0.0,0.0,0.0,0.0,0.0,0.0,0.97,-3.55,-43.87,0.0,0.0,0.0,100.0,0,0,1860
2515334,0,0,0,99.99,0.0,0.0,0.0,0.0,0.0,0.0,0.0,0.0,0.0,0.0,0.0,0.0,0.98,-3.55,-43.89,0.0,0.0,0.0,100.0,0,0,1860
2515543,0,0,0,99.99,0.0,0.0,0.0,0.0,0.0,0.0,0.0,0.0,0.0,0.0,0.0,0.0,0.97,-3.54,-43.87,0.0,0.0,0.0,100.0,0,0,1860
2515743,0,0,0,99.99,0.0,0.0,0.0,0.0,0.0,0.0,0.0,0.0,0.0,0.0,0.0,0.0,0.96,-3.55,-43.88,0.0,0.0,0.0,100.0,0,0,1860
2515943,0,0,0,99.99,0.0,0.0,0.0,0.0,0.0,0.0,0.0,0.0,0.0,0.0,0.0,0.0,0.96,-3.55,-43.88,0.0,0.0,0.0,100.0,0,0,1860
2516143,0,0,0,99.99,0.0,0.0,0.0,0.0,0.0,0.0,0.0,0.0,0.0,0.0,0.0,0.0,0.97,-3.53,-43.91,0.0,0.0,0.0,100.0,0,0,1865
2516343,0,0,0,99.99,0.0,0.0,0.0,0.0,0.0,0.0,0.0,0.0,0.0,0.0,0.0,0.0,0.97,-3.53,-43.87,0.0,0.0,0.0,100.0,0,0,1866
2516543,0,0,0,99.99,0.0,0.0,0.0,0.0,0.0,0.0,0.0,0.0,0.0,0.0,0.0,0.0,0.97,-3.55,-43.85,0.0,0.0,0.0,100.0,0,0,1866
2516743,0,0,0,99.99,0.0,0.0,0.0,0.0,0.0,0.0,0.0,0.0,0.0,0.0,0.0,0.0,0.97,-3.55,-43.84,0.0,0.0,0.0,100.0,0,0,1866
2516943,0,0,0,99.99,0.0,0.0,0.0,0.0,0.0,0.0,0.0,0.0,0.0,0.0,0.0,0.0,0.97,-3.56,-43.85,0.0,0.0,0.0,100.0,0,0,1869
2517143,0,0,0,99.99,0.0,0.0,0.0,0.0,0.0,0.0,0.0,0.0,0.0,0.0,0.0,0.0,0.98,-3.55,-43.85,0.0,0.0,0.0,100.0,0,0,1872
2517343,0,0,0,99.99,0.0,0.0,0.0,0.0,0.0,0.0,0.0,0.0,0.0,0.0,0.0,0.0,0.97,-3.56,-43.84,0.0,0.0,0.0,100.0,0,0,1872
2517543,0,0,0,99.99,0.0,0.0,0.0,0.0,0.0,0.0,0.0,0.0,0.0,0.0,0.0,0.0,0.98,-3.55,-43.86,0.0,0.0,0.0,100.0,0,0,1872
2517743,0,0,0,99.99,0.0,0.0,0.0,0.0,0.0,0.0,0.0,0.0,0.0,0.0,0.0,0.0,0.98,-3.55,-43.87,0.0,0.0,0.0,100.0,0,0,1872
2517944,0,0,0,99.99,0.0,0.0,0.0,0.0,0.0,0.0,0.0,0.0,0.0,0.0,0.0,0.0,0.99,-3.56,-43.87,0.0,0.0,0.0,100.0,0,0,1875
2518153,0,0,0,99.99,0.0,0.0,0.0,0.0,0.0,0.0,0.0,0.0,0.0,0.0,0.0,0.0,0.98,-3.57,-43.86,0.0,0.0,0.0,100.0,0,0,1878
2518353,0,0,0,99.99,0.0,0.0,0.0,0.0,0.0,0.0,0.0,0.0,0.0,0.0,0.0,0.0,0.97,-3.56,-43.86,0.0,0.0,0.0,100.0,0,0,1878
2518553,0,0,0,99.99,0.0,0.0,0.0,0.0,0.0,0.0,0.0,0.0,0.0,0.0,0.0,0.0,0.97,-3.55,-43.86,0.0,0.0,0.0,100.0,0,0,1878
2518753,0,0,0,99.99,0.0,0.0,0.0,0.0,0.0,0.0,0.0,0.0,0.0,0.0,0.0,0.0,0.97,-3.55,-43.87,0.0,0.0,0.0,100.0,0,0,1878
2518953,0,0,0,99.99,0.0,0.0,0.0,0.0,0.0,0.0,0.0,0.0,0.0,0.0,0.0,0.0,0.98,-3.55,-43.89,0.0,0.0,0.0,100.0,0,0,1882
2519153,0,0,0,99.99,0.0,0.0,0.0,0.0,0.0,0.0,0.0,0.0,0.0,0.0,0.0,0.0,0.98,-3.55,-43.91,0.0,0.0,0.0,100.0,0,0,1884
2519353,0,0,0,99.99,0.0,0.0,0.0,0.0,0.0,0.0,0.0,0.0,0.0,0.0,0.0,0.0,0.96,-3.55,-43.88,0.0,0.0,0.0,100.0,0,0,1884
2519553,0,0,0,99.99,0.0,0.0,0.0,0.0,0.0,0.0,0.0,0.0,0.0,0.0,0.0,0.0,0.96,-3.55,-43.86,0.0,0.0,0.0,100.0,0,0,1884
2519753,0,0,0,99.99,0.0,0.0,0.0,0.0,0.0,0.0,0.0,0.0,0.0,0.0,0.0,0.0,0.96,-3.56,-43.82,0.0,0.0,0.0,100.0,0,0,1884
2519953,0,0,0,99.99,0.0,0.0,0.0,0.0,0.0,0.0,0.0,0.0,0.0,0.0,0.0,0.0,0.97,-3.55,-43.82,0.0,0.0,0.0,100.0,0,0,1888
2520153,0,0,0,99.99,0.0,0.0,0.0,0.0,0.0,0.0,0.0,0.0,0.0,0.0,0.0,0.0,0.97,-3.54,-43.82,0.0,0.0,0.0,100.0,0,0,1890
2520353,0,0,0,99.99,0.0,0.0,0.0,0.0,0.0,0.0,0.0,0.0,0.0,0.0,0.0,0.0,0.97,-3.54,-43.81,0.0,0.0,0.0,100.0,0,0,1890
2520553,0,0,0,99.99,0.0,0.0,0.0,0.0,0.0,0.0,0.0,0.0,0.0,0.0,0.0,0.0,0.98,-3.54,-43.82,0.0,0.0,0.0,100.0,0,0,1890
2520753,0,0,0,99.99,0.0,0.0,0.0,0.0,0.0,0.0,0.0,0.0,0.0,0.0,0.0,0.0,0.98,-3.52,-43.82,0.0,0.0,0.0,100.0,0,0,1890
2520953,0,0,0,99.99,0.0,0.0,0.0,0.0,0.0,0.0,0.0,0.0,0.0,0.0,0.0,0.0,0.97,-3.52,-43.84,0.0,0.0,0.0,100.0,0,0,1893
2521153,0,0,0,99.99,0.0,0.0,0.0,0.0,0.0,0.0,0.0,0.0,0.0,0.0,0.0,0.0,0.98,-3.52,-43.87,0.0,0.0,0.0,100.0,0,0,1896
2521353,0,0,0,99.99,0.0,0.0,0.0,0.0,0.0,0.0,0.0,0.0,0.0,0.0,0.0,0.0,0.97,-3.52,-43.87,0.0,0.0,0.0,100.0,0,0,1896
2521553,0,0,0,99.99,0.0,0.0,0.0,0.0,0.0,0.0,0.0,0.0,0.0,0.0,0.0,0.0,0.98,-3.52,-43.85,0.0,0.0,0.0,100.0,0,0,1896
2521753,0,0,0,99.99,0.0,0.0,0.0,0.0,0.0,0.0,0.0,0.0,0.0,0.0,0.0,0.0,0.99,-3.53,-43.83,0.0,0.0,0.0,100.0,0,0,1896
2521953,0,0,0,99.99,0.0,0.0,0.0,0.0,0.0,0.0,0.0,0.0,0.0,0.0,0.0,0.0,1.0,-3.53,-43.86,0.0,0.0,0.0,100.0,0,0,1896
2522153,0,0,0,99.99,0.0,0.0,0.0,0.0,0.0,0.0,0.0,0.0,0.0,0.0,0.0,0.0,0.99,-3.53,-43.86,0.0,0.0,0.0,100.0,0,0,1901
2522353,0,0,0,99.99,0.0,0.0,0.0,0.0,0.0,0.0,0.0,0.0,0.0,0.0,0.0,0.0,1.0,-3.51,-43.86,0.0,0.0,0.0,100.0,0,0,1902
2522553,0,0,0,99.99,0.0,0.0,0.0,0.0,0.0,0.0,0.0,0.0,0.0,0.0,0.0,0.0,0.99,-3.51,-43.84,0.0,0.0,0.0,100.0,0,0,1902
2522753,0,0,0,99.99,0.0,0.0,0.0,0.0,0.0,0.0,0.0,0.0,0.0,0.0,0.0,0.0,0.98,-3.53,-43.84,0.0,0.0,0.0,100.0,0,0,1902
2522953,0,0,0,99.99,0.0,0.0,0.0,0.0,0.0,0.0,0.0,0.0,0.0,0.0,0.0,0.0,0.98,-3.54,-43.83,0.0,0.0,0.0,100.0,0,0,1906
2523153,0,0,0,99.99,0.0,0.0,0.0,0.0,0.0,0.0,0.0,0.0,0.0,0.0,0.0,0.0,0.98,-3.53,-43.79,0.0,0.0,0.0,100.0,0,0,1908
2523354,0,0,0,99.99,0.0,0.0,0.0,0.0,0.0,0.0,0.0,0.0,0.0,0.0,0.0,0.0,0.97,-3.54,-43.79,0.0,0.0,0.0,100.0,0,0,1908
2523563,0,0,0,99.99,0.0,0.0,0.0,0.0,0.0,0.0,0.0,0.0,0.0,0.0,0.0,0.0,0.96,-3.56,-43.79,0.0,0.0,0.0,100.0,0,0,1908
2523763,0,0,0,99.99,0.0,0.0,0.0,0.0,0.0,0.0,0.0,0.0,0.0,0.0,0.0,0.0,0.96,-3.56,-43.77,0.0,0.0,0.0,100.0,0,0,1908
2523963,0,0,0,99.99,0.0,0.0,0.0,0.0,0.0,0.0,0.0,0.0,0.0,0.0,0.0,0.0,0.96,-3.56,-43.76,0.0,0.0,0.0,100.0,0,0,1912
2524163,0,0,0,99.99,0.0,0.0,0.0,0.0,0.0,0.0,0.0,0.0,0.0,0.0,0.0,0.0,0.96,-3.54,-43.74,0.0,0.0,0.0,100.0,0,0,1914
2524363,0,0,0,99.99,0.0,0.0,0.0,0.0,0.0,0.0,0.0,0.0,0.0,0.0,0.0,0.0,0.97,-3.54,-43.77,0.0,0.0,0.0,100.0,0,0,1914
2524563,0,0,0,99.99,0.0,0.0,0.0,0.0,0.0,0.0,0.0,0.0,0.0,0.0,0.0,0.0,0.97,-3.54,-43.75,0.0,0.0,0.0,100.0,0,0,1914
2524763,0,0,0,99.99,0.0,0.0,0.0,0.0,0.0,0.0,0.0,0.0,0.0,0.0,0.0,0.0,0.97,-3.54,-43.76,0.0,0.0,0.0,100.0,0,0,1914
2524963,0,0,0,99.99,0.0,0.0,0.0,0.0,0.0,0.0,0.0,0.0,0.0,0.0,0.0,0.0,0.98,-3.54,-43.79,0.0,0.0,0.0,100.0,0,0,1918
2525163,0,0,0,99.99,0.0,0.0,0.0,0.0,0.0,0.0,0.0,0.0,0.0,0.0,0.0,0.0,0.97,-3.54,-43.78,0.0,0.0,0.0,100.0,0,0,1920
2525363,0,0,0,99.99,0.0,0.0,0.0,0.0,0.0,0.0,0.0,0.0,0.0,0.0,0.0,0.0,0.98,-3.54,-43.78,0.0,0.0,0.0,100.0,0,0,1920
2525563,0,0,0,99.99,0.0,0.0,0.0,0.0,0.0,0.0,0.0,0.0,0.0,0.0,0.0,0.0,0.97,-3.54,-43.78,0.0,0.0,0.0,100.0,0,0,1920
2525763,0,0,0,99.99,0.0,0.0,0.0,0.0,0.0,0.0,0.0,0.0,0.0,0.0,0.0,0.0,0.96,-3.52,-43.77,0.0,0.0,0.0,100.0,0,0,1920
2525964,0,0,0,99.99,0.0,0.0,0.0,0.0,0.0,0.0,0.0,0.0,0.0,0.0,0.0,0.0,0.97,-3.53,-43.81,0.0,0.0,0.0,100.0,0,0,1924
2526173,0,0,0,99.99,0.0,0.0,0.0,0.0,0.0,0.0,0.0,0.0,0.0,0.0,0.0,0.0,0.96,-3.54,-43.81,0.0,0.0,0.0,100.0,0,0,1926
2526373,0,0,0,99.99,0.0,0.0,0.0,0.0,0.0,0.0,0.0,0.0,0.0,0.0,0.0,0.0,0.97,-3.53,-43.79,0.0,0.0,0.0,100.0,0,0,1926
2526573,0,0,0,99.99,0.0,0.0,0.0,0.0,0.0,0.0,0.0,0.0,0.0,0.0,0.0,0.0,0.97,-3.53,-43.77,0.0,0.0,0.0,100.0,0,0,1926
2526773,0,0,0,99.99,0.0,0.0,0.0,0.0,0.0,0.0,0.0,0.0,0.0,0.0,0.0,0.0,0.97,-3.54,-43.75,0.0,0.0,0.0,100.0,0,0,1926
2526973,0,0,0,99.99,0.0,0.0,0.0,0.0,0.0,0.0,0.0,0.0,0.0,0.0,0.0,0.0,0.97,-3.54,-43.76,0.0,0.0,0.0,100.0,0,0,1930
2527173,0,0,0,99.99,0.0,0.0,0.0,0.0,0.0,0.0,0.0,0.0,0.0,0.0,0.0,0.0,0.98,-3.56,-43.76,0.0,0.0,0.0,100.0,0,0,1932
2527373,0,0,0,99.99,0.0,0.0,0.0,0.0,0.0,0.0,0.0,0.0,0.0,0.0,0.0,0.0,0.98,-3.56,-43.76,0.0,0.0,0.0,100.0,0,0,1932
2527573,0,0,0,99.99,0.0,0.0,0.0,0.0,0.0,0.0,0.0,0.0,0.0,0.0,0.0,0.0,0.92,-3.5,-43.81,0.0,0.0,0.0,100.0,0,0,1932
2527773,0,0,0,99.99,0.0,0.0,0.0,0.0,0.0,0.0,0.0,0.0,0.0,0.0,0.0,0.0,0.87,-3.43,-43.8,0.0,0.0,0.0,100.0,0,0,1932
2527973,0,0,0,99.99,0.0,0.0,0.0,0.0,0.0,0.0,0.0,0.0,0.0,0.0,0.0,0.0,0.8,-3.4,-43.85,0.0,0.0,0.0,100.0,0,0,1932
2528173,0,0,0,99.99,0.0,0.0,0.0,0.0,0.0,0.0,0.0,0.0,0.0,0.0,0.0,0.0,0.78,-3.4,-43.9,0.0,0.0,0.0,100.0,0,0,1938
2528373,0,0,0,99.99,0.0,0.0,0.0,0.0,0.0,0.0,0.0,0.0,0.0,0.0,0.0,0.0,0.79,-3.4,-43.92,0.0,0.0,0.0,100.0,0,0,1938
2528573,0,0,0,99.99,0.0,0.0,0.0,0.0,0.0,0.0,0.0,0.0,0.0,0.0,0.0,0.0,0.95,-3.48,-43.93,0.0,0.0,0.0,100.0,0,0,1938
2528773,0,0,0,99.99,0.0,0.0,0.0,0.0,0.0,0.0,0.0,0.0,0.0,0.0,0.0,0.0,0.91,-3.46,-43.93,0.0,0.0,0.0,100.0,0,0,1938
2528973,0,0,0,99.99,0.0,0.0,0.0,0.0,0.0,0.0,0.0,0.0,0.0,0.0,0.0,0.0,0.88,-3.46,-43.9,0.0,0.0,0.0,100.0,0,0,1942
2529173,0,0,0,99.99,0.0,0.0,0.0,0.0,0.0,0.0,0.0,0.0,0.0,0.0,0.0,0.0,0.87,-3.43,-43.89,0.0,0.0,0.0,100.0,0,0,1944
2529373,0,0,0,99.99,0.0,0.0,0.0,0.0,0.0,0.0,0.0,0.0,0.0,0.0,0.0,0.0,0.84,-3.42,-43.84,0.0,0.0,0.0,100.0,0,0,1944
2529573,0,0,0,99.99,0.0,0.0,0.0,0.0,0.0,0.0,0.0,0.0,0.0,0.0,0.0,0.0,0.84,-3.42,-43.87,0.0,0.0,0.0,99.9,0,0,1944
2529773,0,0,0,99.99,0.0,0.0,0.0,0.0,0.0,0.0,0.0,0.0,0.0,0.0,0.0,0.0,0.82,-3.4,-43.91,0.0,0.0,0.0,99.9,0,0,1944
2529973,0,0,0,99.99,0.0,0.0,0.0,0.0,0.0,0.0,0.0,0.0,0.0,0.0,0.0,0.0,0.81,-3.41,-43.89,0.0,0.0,0.0,99.9,0,0,1948
2530173,0,0,0,99.99,0.0,0.0,0.0,0.0,0.0,0.0,0.0,0.0,0.0,0.0,0.0,0.0,0.82,-3.4,-43.87,0.0,0.0,0.0,99.9,0,0,1950
2530373,0,0,0,99.99,0.0,0.0,0.0,0.0,0.0,0.0,0.0,0.0,0.0,0.0,0.0,0.0,0.8,-3.41,-43.84,0.0,0.0,0.0,99.9,0,0,1950
2530573,0,0,0,99.99,0.0,0.0,0.0,0.0,0.0,0.0,0.0,0.0,0.0,0.0,0.0,0.0,0.79,-3.41,-43.87,0.0,0.0,0.0,100.1,0,0,1950
2530773,0,0,0,99.99,0.0,0.0,0.0,0.0,0.0,0.0,0.0,0.0,0.0,0.0,0.0,0.0,0.79,-3.39,-43.87,0.0,0.0,0.0,100.1,0,0,1950
2530973,0,0,0,99.99,0.0,0.0,0.0,0.0,0.0,0.0,0.0,0.0,0.0,0.0,0.0,0.0,0.8,-3.39,-43.9,0.0,0.0,0.0,100.1,0,0,1954
2531173,0,0,0,99.99,0.0,0.0,0.0,0.0,0.0,0.0,0.0,0.0,0.0,0.0,0.0,0.0,0.8,-3.38,-43.9,0.0,0.0,0.0,100.1,0,0,1956
2531373,0,0,0,99.99,0.0,0.0,0.0,0.0,0.0,0.0,0.0,0.0,0.0,0.0,0.0,0.0,0.79,-3.39,-43.85,0.0,0.0,0.0,100.1,0,0,1956
2531573,0,0,0,99.99,0.0,0.0,0.0,0.0,0.0,0.0,0.0,0.0,0.0,0.0,0.0,0.0,0.79,-3.38,-43.85,0.0,0.0,0.0,100.0,0,0,1956
2531774,0,0,0,99.99,0.0,0.0,0.0,0.0,0.0,0.0,0.0,0.0,0.0,0.0,0.0,0.0,0.8,-3.38,-43.87,0.0,0.0,0.0,100.0,0,0,1956
2531983,0,0,0,99.99,0.0,0.0,0.0,0.0,0.0,0.0,0.0,0.0,0.0,0.0,0.0,0.0,0.8,-3.38,-43.89,0.0,0.0,0.0,100.0,0,0,1961
2532183,0,0,0,99.99,0.0,0.0,0.0,0.0,0.0,0.0,0.0,0.0,0.0,0.0,0.0,0.0,0.8,-3.37,-43.91,0.0,0.0,0.0,100.0,0,0,1962
2532383,0,0,0,99.99,0.0,0.0,0.0,0.0,0.0,0.0,0.0,0.0,0.0,0.0,0.0,0.0,0.81,-3.38,-43.88,0.0,0.0,0.0,100.0,0,0,1962
2532583,0,0,0,99.99,0.0,0.0,0.0,0.0,0.0,0.0,0.0,0.0,0.0,0.0,0.0,0.0,0.8,-3.4,-43.87,0.0,0.0,0.0,100.0,0,0,1962
2532783,0,0,0,99.99,0.0,0.0,0.0,0.0,0.0,0.0,0.0,0.0,0.0,0.0,0.0,0.0,0.79,-3.4,-43.85,0.0,0.0,0.0,100.0,0,0,1962
2532984,0,0,0,99.99,0.0,0.0,0.0,0.0,0.0,0.0,0.0,0.0,0.0,0.0,0.0,0.0,0.8,-3.4,-43.84,0.0,0.0,0.0,100.0,0,0,1967
2533193,0,0,0,99.99,0.0,0.0,0.0,0.0,0.0,0.0,0.0,0.0,0.0,0.0,0.0,0.0,0.81,-3.39,-43.88,0.0,0.0,0.0,100.0,0,0,1968
2533393,0,0,0,99.99,0.0,0.0,0.0,0.0,0.0,0.0,0.0,0.0,0.0,0.0,0.0,0.0,0.81,-3.39,-43.89,0.0,0.0,0.0,100.0,0,0,1968
2533593,0,0,0,99.99,0.0,0.0,0.0,0.0,0.0,0.0,0.0,0.0,0.0,0.0,0.0,0.0,0.8,-3.4,-43.87,0.0,0.0,0.0,100.0,0,0,1968
2533793,0,0,0,99.99,0.0,0.0,0.0,0.0,0.0,0.0,0.0,0.0,0.0,0.0,0.0,0.0,0.78,-3.4,-43.85,0.0,0.0,0.0,100.0,0,0,1968
2533993,0,0,0,99.99,0.0,0.0,0.0,0.0,0.0,0.0,0.0,0.0,0.0,0.0,0.0,0.0,0.79,-3.4,-43.85,0.0,0.0,0.0,100.0,0,0,1968
2534193,0,0,0,99.99,0.0,0.0,0.0,0.0,0.0,0.0,0.0,0.0,0.0,0.0,0.0,0.0,0.79,-3.4,-43.83,0.0,0.0,0.0,100.0,0,0,1974
2534393,0,0,0,99.99,0.0,0.0,0.0,0.0,0.0,0.0,0.0,0.0,0.0,0.0,0.0,0.0,0.78,-3.39,-43.82,0.0,0.0,0.0,100.0,0,0,1974
2534593,0,0,0,99.99,0.0,0.0,0.0,0.0,0.0,0.0,0.0,0.0,0.0,0.0,0.0,0.0,0.79,-3.4,-43.8,0.0,0.0,0.0,100.0,0,0,1974
2534793,0,0,0,99.99,0.0,0.0,0.0,0.0,0.0,0.0,0.0,0.0,0.0,0.0,0.0,0.0,0.79,-3.4,-43.81,0.0,0.0,0.0,100.0,0,0,1974
2534994,0,0,0,99.99,0.0,0.0,0.0,0.0,0.0,0.0,0.0,0.0,0.0,0.0,0.0,0.0,0.78,-3.4,-43.81,0.0,0.0,0.0,100.0,0,0,1979
2535203,0,0,0,99.99,0.0,0.0,0.0,0.0,0.0,0.0,0.0,0.0,0.0,0.0,0.0,0.0,0.79,-3.39,-43.83,0.0,0.0,0.0,100.0,0,0,1980
2535403,0,0,0,99.99,0.0,0.0,0.0,0.0,0.0,0.0,0.0,0.0,0.0,0.0,0.0,0.0,0.78,-3.39,-43.84,0.0,0.0,0.0,100.0,0,0,1980
2535603,0,0,0,99.99,0.0,0.0,0.0,0.0,0.0,0.0,0.0,0.0,0.0,0.0,0.0,0.0,0.78,-3.4,-43.87,0.0,0.0,0.0,100.0,0,0,1980
2535803,0,0,0,99.99,0.0,0.0,0.0,0.0,0.0,0.0,0.0,0.0,0.0,0.0,0.0,0.0,0.77,-3.4,-43.87,0.0,0.0,0.0,100.0,0,0,1980
2536003,0,0,0,99.99,0.0,0.0,0.0,0.0,0.0,0.0,0.0,0.0,0.0,0.0,0.0,0.0,0.77,-3.4,-43.86,0.0,0.0,0.0,100.0,0,0,1985
2536203,0,0,0,99.99,0.0,0.0,0.0,0.0,0.0,0.0,0.0,0.0,0.0,0.0,0.0,0.0,0.77,-3.4,-43.84,0.0,0.0,0.0,100.0,0,0,1986
2536403,0,0,0,99.99,0.0,0.0,0.0,0.0,0.0,0.0,0.0,0.0,0.0,0.0,0.0,0.0,0.77,-3.4,-43.85,0.0,0.0,0.0,100.0,0,0,1986
2536603,0,0,0,99.99,0.0,0.0,0.0,0.0,0.0,0.0,0.0,0.0,0.0,0.0,0.0,0.0,0.77,-3.4,-43.88,0.0,0.0,0.0,100.0,0,0,1986
2536803,0,0,0,99.99,0.0,0.0,0.0,0.0,0.0,0.0,0.0,0.0,0.0,0.0,0.0,0.0,0.77,-3.4,-43.88,0.0,0.0,0.0,100.0,0,0,1986
2537003,0,0,0,99.99,0.0,0.0,0.0,0.0,0.0,0.0,0.0,0.0,0.0,0.0,0.0,0.0,0.77,-3.41,-43.87,0.0,0.0,0.0,100.0,0,0,1991
2537203,0,0,0,99.99,0.0,0.0,0.0,0.0,0.0,0.0,0.0,0.0,0.0,0.0,0.0,0.0,0.76,-3.39,-43.9,0.0,0.0,0.0,100.0,0,0,1992
2537403,0,0,0,99.99,0.0,0.0,0.0,0.0,0.0,0.0,0.0,0.0,0.0,0.0,0.0,0.0,0.75,-3.39,-43.89,0.0,0.0,0.0,100.0,0,0,1992
2537603,0,0,0,99.99,0.0,0.0,0.0,0.0,0.0,0.0,0.0,0.0,0.0,0.0,0.0,0.0,0.75,-3.39,-43.87,0.0,0.0,0.0,100.0,0,0,1992
2537803,0,0,0,99.99,0.0,0.0,0.0,0.0,0.0,0.0,0.0,0.0,0.0,0.0,0.0,0.0,0.76,-3.38,-43.86,0.0,0.0,0.0,100.0,0,0,1992
2538003,0,0,0,99.99,0.0,0.0,0.0,0.0,0.0,0.0,0.0,0.0,0.0,0.0,0.0,0.0,0.77,-3.38,-43.85,0.0,0.0,0.0,100.0,0,0,1997
2538203,0,0,0,99.99,0.0,0.0,0.0,0.0,0.0,0.0,0.0,0.0,0.0,0.0,0.0,0.0,0.77,-3.37,-43.87,0.0,0.0,0.0,100.0,0,0,1998
2538403,0,0,0,99.99,0.0,0.0,0.0,0.0,0.0,0.0,0.0,0.0,0.0,0.0,0.0,0.0,0.76,-3.36,-43.84,0.0,0.0,0.0,100.0,0,0,1998
2538603,0,0,0,99.99,0.0,0.0,0.0,0.0,0.0,0.0,0.0,0.0,0.0,0.0,0.0,0.0,0.76,-3.36,-43.84,0.0,0.0,0.0,100.0,0,0,1998
2538803,0,0,0,99.99,0.0,0.0,0.0,0.0,0.0,0.0,0.0,0.0,0.0,0.0,0.0,0.0,0.77,-3.36,-43.84,0.0,0.0,0.0,100.0,0,0,1998
2539003,0,0,0,99.99,0.0,0.0,0.0,0.0,0.0,0.0,0.0,0.0,0.0,0.0,0.0,0.0,0.78,-3.36,-43.87,0.0,0.0,0.0,100.0,0,0,2003
2539203,0,0,0,99.99,0.0,0.0,0.0,0.0,0.0,0.0,0.0,0.0,0.0,0.0,0.0,0.0,0.78,-3.37,-43.86,0.0,0.0,0.0,100.0,0,0,2004
2539403,0,0,0,99.99,0.0,0.0,0.0,0.0,0.0,0.0,0.0,0.0,0.0,0.0,0.0,0.0,0.78,-3.38,-43.86,0.0,0.0,0.0,100.0,0,0,2004
2539603,0,0,0,99.99,0.0,0.0,0.0,0.0,0.0,0.0,0.0,0.0,0.0,0.0,0.0,0.0,0.78,-3.38,-43.86,0.0,0.0,0.0,100.0,0,0,2004
2539803,0,0,0,99.99,0.0,0.0,0.0,0.0,0.0,0.0,0.0,0.0,0.0,0.0,0.0,0.0,0.78,-3.39,-43.88,0.0,0.0,0.0,100.0,0,0,2004
2540003,0,0,0,99.99,0.0,0.0,0.0,0.0,0.0,0.0,0.0,0.0,0.0,0.0,0.0,0.0,0.8,-3.38,-43.91,0.0,0.0,0.0,100.0,0,0,2005
2540203,0,0,0,99.99,0.0,0.0,0.0,0.0,0.0,0.0,0.0,0.0,0.0,0.0,0.0,0.0,0.81,-3.38,-43.9,0.0,0.0,0.0,100.0,0,0,2010
2540403,0,0,0,99.99,0.0,0.0,0.0,0.0,0.0,0.0,0.0,0.0,0.0,0.0,0.0,0.0,0.81,-3.39,-43.89,0.0,0.0,0.0,100.0,0,0,2010
2540603,0,0,0,99.99,0.0,0.0,0.0,0.0,0.0,0.0,0.0,0.0,0.0,0.0,0.0,0.0,0.77,-3.39,-43.87,0.0,0.0,0.0,100.0,0,0,2010
2540803,0,0,0,99.99,0.0,0.0,0.0,0.0,0.0,0.0,0.0,0.0,0.0,0.0,0.0,0.0,0.75,-3.38,-43.86,0.0,0.0,0.0,100.0,0,0,2010
2541003,0,0,0,99.99,0.0,0.0,0.0,0.0,0.0,0.0,0.0,0.0,0.0,0.0,0.0,0.0,0.75,-3.38,-43.87,0.0,0.0,0.0,100.0,0,0,2015
2541203,0,0,0,99.99,0.0,0.0,0.0,0.0,0.0,0.0,0.0,0.0,0.0,0.0,0.0,0.0,0.76,-3.38,-43.88,0.0,0.0,0.0,100.0,0,0,2016
2541403,0,0,0,99.99,0.0,0.0,0.0,0.0,0.0,0.0,0.0,0.0,0.0,0.0,0.0,0.0,0.76,-3.38,-43.9,0.0,0.0,0.0,100.0,0,0,2016
2541603,0,0,0,99.99,0.0,0.0,0.0,0.0,0.0,0.0,0.0,0.0,0.0,0.0,0.0,0.0,0.76,-3.39,-43.91,0.0,0.0,0.0,100.0,0,0,2016
2541803,0,0,0,99.99,0.0,0.0,0.0,0.0,0.0,0.0,0.0,0.0,0.0,0.0,0.0,0.0,0.76,-3.39,-43.9,0.0,0.0,0.0,100.0,0,0,2016
2542003,0,0,0,99.99,0.0,0.0,0.0,0.0,0.0,0.0,0.0,0.0,0.0,0.0,0.0,0.0,0.74,-3.39,-43.87,0.0,0.0,0.0,100.0,0,0,2021
2542203,0,0,0,99.99,0.0,0.0,0.0,0.0,0.0,0.0,0.0,0.0,0.0,0.0,0.0,0.0,0.75,-3.39,-43.85,0.0,0.0,0.0,100.0,0,0,2022
2542403,0,0,0,99.99,0.0,0.0,0.0,0.0,0.0,0.0,0.0,0.0,0.0,0.0,0.0,0.0,0.74,-3.39,-43.84,0.0,0.0,0.0,100.0,0,0,2022
2542603,0,0,0,99.99,0.0,0.0,0.0,0.0,0.0,0.0,0.0,0.0,0.0,0.0,0.0,0.0,0.74,-3.39,-43.83,0.0,0.0,0.0,100.0,0,0,2022
2542803,0,0,0,99.99,0.0,0.0,0.0,0.0,0.0,0.0,0.0,0.0,0.0,0.0,0.0,0.0,0.75,-3.4,-43.81,0.0,0.0,0.0,100.0,0,0,2022
2543003,0,0,0,99.99,0.0,0.0,0.0,0.0,0.0,0.0,0.0,0.0,0.0,0.0,0.0,0.0,0.75,-3.39,-43.84,0.0,0.0,0.0,100.0,0,0,2027
2543203,0,0,0,99.99,0.0,0.0,0.0,0.0,0.0,0.0,0.0,0.0,0.0,0.0,0.0,0.0,0.75,-3.39,-43.82,0.0,0.0,0.0,100.0,0,0,2028
2543403,0,0,0,99.99,0.0,0.0,0.0,0.0,0.0,0.0,0.0,0.0,0.0,0.0,0.0,0.0,0.76,-3.38,-43.81,0.0,0.0,0.0,100.0,0,0,2028
2543603,0,0,0,99.99,0.0,0.0,0.0,0.0,0.0,0.0,0.0,0.0,0.0,0.0,0.0,0.0,0.75,-3.38,-43.84,0.0,0.0,0.0,100.0,0,0,2028
2543803,0,0,0,99.99,0.0,0.0,0.0,0.0,0.0,0.0,0.0,0.0,0.0,0.0,0.0,0.0,0.76,-3.38,-43.87,0.0,0.0,0.0,100.0,0,0,2028
2544003,0,0,0,99.99,0.0,0.0,0.0,0.0,0.0,0.0,0.0,0.0,0.0,0.0,0.0,0.0,0.76,-3.39,-43.87,0.0,0.0,0.0,100.0,0,0,2033
2544203,0,0,0,99.99,0.0,0.0,0.0,0.0,0.0,0.0,0.0,0.0,0.0,0.0,0.0,0.0,0.76,-3.39,-43.86,0.0,0.0,0.0,100.0,0,0,2034
2544404,0,0,0,99.99,0.0,0.0,0.0,0.0,0.0,0.0,0.0,0.0,0.0,0.0,0.0,0.0,0.76,-3.39,-43.85,0.0,0.0,0.0,100.0,0,0,2034
2544613,0,0,0,99.99,0.0,0.0,0.0,0.0,0.0,0.0,0.0,0.0,0.0,0.0,0.0,0.0,0.76,-3.39,-43.87,0.0,0.0,0.0,100.0,0,0,2034
2544813,0,0,0,99.99,0.0,0.0,0.0,0.0,0.0,0.0,0.0,0.0,0.0,0.0,0.0,0.0,0.76,-3.4,-43.89,0.0,0.0,0.0,100.0,0,0,2034
2545013,0,0,0,99.99,0.0,0.0,0.0,0.0,0.0,0.0,0.0,0.0,0.0,0.0,0.0,0.0,0.76,-3.39,-43.87,0.0,0.0,0.0,100.0,0,0,2040
2545213,0,0,0,99.99,0.0,0.0,0.0,0.0,0.0,0.0,0.0,0.0,0.0,0.0,0.0,0.0,0.75,-3.39,-43.85,0.0,0.0,0.0,100.0,0,0,2040
2545413,0,0,0,99.99,0.0,0.0,0.0,0.0,0.0,0.0,0.0,0.0,0.0,0.0,0.0,0.0,0.75,-3.39,-43.86,0.0,0.0,0.0,100.0,0,0,2040
2545613,0,0,0,99.99,0.0,0.0,0.0,0.0,0.0,0.0,0.0,0.0,0.0,0.0,0.0,0.0,0.75,-3.38,-43.86,0.0,0.0,0.0,100.0,0,0,2040
2545813,0,0,0,99.99,0.0,0.0,0.0,0.0,0.0,0.0,0.0,0.0,0.0,0.0,0.0,0.0,0.76,-3.38,-43.86,0.0,0.0,0.0,100.0,0,0,2040
2546013,0,0,0,99.99,0.0,0.0,0.0,0.0,0.0,0.0,0.0,0.0,0.0,0.0,0.0,0.0,0.75,-3.38,-43.83,0.0,0.0,0.0,100.0,0,0,2041
2546213,0,0,0,99.99,0.0,0.0,0.0,0.0,0.0,0.0,0.0,0.0,0.0,0.0,0.0,0.0,0.77,-3.37,-43.85,0.0,0.0,0.0,100.0,0,0,2046
2546413,0,0,0,99.99,0.0,0.0,0.0,0.0,0.0,0.0,0.0,0.0,0.0,0.0,0.0,0.0,0.77,-3.38,-43.84,0.0,0.0,0.0,100.0,0,0,2046
2546613,0,0,0,99.99,0.0,0.0,0.0,0.0,0.0,0.0,0.0,0.0,0.0,0.0,0.0,0.0,0.77,-3.39,-43.84,0.0,0.0,0.0,100.0,0,0,2046
2546813,0,0,0,99.99,0.0,0.0,0.0,0.0,0.0,0.0,0.0,0.0,0.0,0.0,0.0,0.0,0.76,-3.4,-43.85,0.0,0.0,0.0,100.0,0,0,2046
2547013,0,0,0,99.99,0.0,0.0,0.0,0.0,0.0,0.0,0.0,0.0,0.0,0.0,0.0,0.0,0.76,-3.39,-43.88,0.0,0.0,0.0,100.0,0,0,2052
2547213,0,0,0,99.99,0.0,0.0,0.0,0.0,0.0,0.0,0.0,0.0,0.0,0.0,0.0,0.0,0.77,-3.4,-43.86,0.0,0.0,0.0,100.0,0,0,2052
2547413,0,0,0,99.99,0.0,0.0,0.0,0.0,0.0,0.0,0.0,0.0,0.0,0.0,0.0,0.0,0.77,-3.41,-43.86,0.0,0.0,0.0,100.0,0,0,2052
2547613,0,0,0,99.99,0.0,0.0,0.0,0.0,0.0,0.0,0.0,0.0,0.0,0.0,0.0,0.0,0.78,-3.4,-43.86,0.0,0.0,0.0,100.0,0,0,2052
2547813,0,0,0,99.99,0.0,0.0,0.0,0.0,0.0,0.0,0.0,0.0,0.0,0.0,0.0,0.0,0.77,-3.41,-43.87,0.0,0.0,0.0,100.0,0,0,2052
2548013,0,0,0,99.99,0.0,0.0,0.0,0.0,0.0,0.0,0.0,0.0,0.0,0.0,0.0,0.0,0.77,-3.4,-43.85,0.0,0.0,0.0,100.0,0,0,2058
2548213,0,0,0,99.99,0.0,0.0,0.0,0.0,0.0,0.0,0.0,0.0,0.0,0.0,0.0,0.0,0.76,-3.41,-43.84,0.0,0.0,0.0,100.0,0,0,2058
2548413,0,0,0,99.99,0.0,0.0,0.0,0.0,0.0,0.0,0.0,0.0,0.0,0.0,0.0,0.0,0.76,-3.4,-43.82,0.0,0.0,0.0,100.0,0,0,2058
2548613,0,0,0,99.99,0.0,0.0,0.0,0.0,0.0,0.0,0.0,0.0,0.0,0.0,0.0,0.0,0.75,-3.39,-43.82,0.0,0.0,0.0,100.0,0,0,2058
2548813,0,0,0,99.99,0.0,0.0,0.0,0.0,0.0,0.0,0.0,0.0,0.0,0.0,0.0,0.0,0.75,-3.38,-43.83,0.0,0.0,0.0,100.0,0,0,2058
2549013,0,0,0,99.99,0.0,0.0,0.0,0.0,0.0,0.0,0.0,0.0,0.0,0.0,0.0,0.0,0.76,-3.39,-43.86,0.0,0.0,0.0,100.0,0,0,2064
2549213,0,0,0,99.99,0.0,0.0,0.0,0.0,0.0,0.0,0.0,0.0,0.0,0.0,0.0,0.0,0.77,-3.39,-43.86,0.0,0.0,0.0,100.0,0,0,2064
2549413,0,0,0,99.99,0.0,0.0,0.0,0.0,0.0,0.0,0.0,0.0,0.0,0.0,0.0,0.0,0.78,-3.39,-43.9,0.0,0.0,0.0,100.0,0,0,2064
2549614,0,0,0,99.99,0.0,0.0,0.0,0.0,0.0,0.0,0.0,0.0,0.0,0.0,0.0,0.0,0.79,-3.39,-43.91,0.0,0.0,0.0,100.0,0,0,2064
2549823,0,0,0,99.99,0.0,0.0,0.0,0.0,0.0,0.0,0.0,0.0,0.0,0.0,0.0,0.0,0.77,-3.38,-43.86,0.0,0.0,0.0,100.0,0,0,2064
2550024,0,0,0,99.99,0.0,0.0,0.0,0.0,0.0,0.0,0.0,0.0,0.0,0.0,0.0,0.0,0.79,-3.38,-43.87,0.0,0.0,0.0,100.0,0,0,2070
2550233,0,0,0,99.99,0.0,0.0,0.0,0.0,0.0,0.0,0.0,0.0,0.0,0.0,0.0,0.0,0.8,-3.39,-43.85,0.0,0.0,0.0,100.0,0,0,2070
2550433,0,0,0,99.99,0.0,0.0,0.0,0.0,0.0,0.0,0.0,0.0,0.0,0.0,0.0,0.0,0.8,-3.38,-43.86,0.0,0.0,0.0,100.0,0,0,2070
2550633,0,0,0,99.99,0.0,0.0,0.0,0.0,0.0,0.0,0.0,0.0,0.0,0.0,0.0,0.0,0.79,-3.37,-43.86,0.0,0.0,0.0,100.0,0,0,2070
2550834,0,0,0,99.99,0.0,0.0,0.0,0.0,0.0,0.0,0.0,0.0,0.0,0.0,0.0,0.0,0.8,-3.37,-43.87,0.0,0.0,0.0,100.0,0,0,2070
2551043,0,0,0,99.99,0.0,0.0,0.0,0.0,0.0,0.0,0.0,0.0,0.0,0.0,0.0,0.0,0.8,-3.37,-43.87,0.0,0.0,0.0,100.0,0,0,2076
2551243,0,0,0,99.99,0.0,0.0,0.0,0.0,0.0,0.0,0.0,0.0,0.0,0.0,0.0,0.0,0.8,-3.38,-43.87,0.0,0.0,0.0,100.0,0,0,2076
2551443,0,0,0,99.99,0.0,0.0,0.0,0.0,0.0,0.0,0.0,0.0,0.0,0.0,0.0,0.0,0.8,-3.38,-43.88,0.0,0.0,0.0,100.0,0,0,2076
2551643,0,0,0,99.99,0.0,0.0,0.0,0.0,0.0,0.0,0.0,0.0,0.0,0.0,0.0,0.0,0.79,-3.38,-43.87,0.0,0.0,0.0,100.0,0,0,2076
2551843,0,0,0,99.99,0.0,0.0,0.0,0.0,0.0,0.0,0.0,0.0,0.0,0.0,0.0,0.0,0.79,-3.39,-43.88,0.0,0.0,0.0,100.0,0,0,2076
2552043,0,0,0,99.99,0.0,0.0,0.0,0.0,0.0,0.0,0.0,0.0,0.0,0.0,0.0,0.0,0.78,-3.39,-43.86,0.0,0.0,0.0,100.0,0,0,2078
2552243,0,0,0,99.99,0.0,0.0,0.0,0.0,0.0,0.0,0.0,0.0,0.0,0.0,0.0,0.0,0.79,-3.4,-43.86,0.0,0.0,0.0,100.0,0,0,2082
2552443,0,0,0,99.99,0.0,0.0,0.0,0.0,0.0,0.0,0.0,0.0,0.0,0.0,0.0,0.0,0.79,-3.4,-43.89,0.0,0.0,0.0,100.0,0,0,2082
2552643,0,0,0,99.99,0.0,0.0,0.0,0.0,0.0,0.0,0.0,0.0,0.0,0.0,0.0,0.0,0.79,-3.4,-43.88,0.0,0.0,0.0,100.0,0,0,2082
2552843,0,0,0,99.99,0.0,0.0,0.0,0.0,0.0,0.0,0.0,0.0,0.0,0.0,0.0,0.0,0.79,-3.4,-43.92,0.0,0.0,0.0,100.0,0,0,2083
2553043,0,0,0,99.99,0.0,0.0,0.0,0.0,0.0,0.0,0.0,0.0,0.0,0.0,0.0,0.0,0.79,-3.39,-43.92,0.0,0.0,0.0,100.0,0,0,2088
2553243,0,0,0,99.99,0.0,0.0,0.0,0.0,0.0,0.0,0.0,0.0,0.0,0.0,0.0,0.0,0.78,-3.4,-43.92,0.0,0.0,0.0,100.0,0,0,2088
2553443,0,0,0,99.99,0.0,0.0,0.0,0.0,0.0,0.0,0.0,0.0,0.0,0.0,0.0,0.0,0.78,-3.4,-43.88,0.0,0.0,0.0,100.0,0,0,2088
2553643,0,0,0,99.99,0.0,0.0,0.0,0.0,0.0,0.0,0.0,0.0,0.0,0.0,0.0,0.0,0.79,-3.39,-43.89,0.0,0.0,0.0,100.0,0,0,2088
2553843,0,0,0,99.99,0.0,0.0,0.0,0.0,0.0,0.0,0.0,0.0,0.0,0.0,0.0,0.0,0.79,-3.39,-43.88,0.0,0.0,0.0,100.0,0,0,2089
2554043,0,0,0,99.99,0.0,0.0,0.0,0.0,0.0,0.0,0.0,0.0,0.0,0.0,0.0,0.0,0.8,-3.39,-43.88,0.0,0.0,0.0,100.0,0,0,2094
2554243,0,0,0,99.99,0.0,0.0,0.0,0.0,0.0,0.0,0.0,0.0,0.0,0.0,0.0,0.0,0.8,-3.39,-43.86,0.0,0.0,0.0,100.0,0,0,2094
2554443,0,0,0,99.99,0.0,0.0,0.0,0.0,0.0,0.0,0.0,0.0,0.0,0.0,0.0,0.0,0.79,-3.38,-43.84,0.0,0.0,0.0,100.0,0,0,2094
2554643,0,0,0,99.99,0.0,0.0,0.0,0.0,0.0,0.0,0.0,0.0,0.0,0.0,0.0,0.0,0.8,-3.38,-43.85,0.0,0.0,0.0,100.0,0,0,2094
2554843,0,0,0,99.99,0.0,0.0,0.0,0.0,0.0,0.0,0.0,0.0,0.0,0.0,0.0,0.0,0.8,-3.39,-43.87,0.0,0.0,0.0,100.0,0,0,2095
2555043,0,0,0,99.99,0.0,0.0,0.0,0.0,0.0,0.0,0.0,0.0,0.0,0.0,0.0,0.0,0.8,-3.38,-43.9,0.0,0.0,0.0,100.0,0,0,2100
2555243,0,0,0,99.99,0.0,0.0,0.0,0.0,0.0,0.0,0.0,0.0,0.0,0.0,0.0,0.0,0.79,-3.37,-43.88,0.0,0.0,0.0,100.0,0,0,2100
2555443,0,0,0,99.99,0.0,0.0,0.0,0.0,0.0,0.0,0.0,0.0,0.0,0.0,0.0,0.0,0.77,-3.38,-43.88,0.0,0.0,0.0,100.0,0,0,2100
2555643,0,0,0,99.99,0.0,0.0,0.0,0.0,0.0,0.0,0.0,0.0,0.0,0.0,0.0,0.0,0.76,-3.38,-43.87,0.0,0.0,0.0,100.0,0,0,2100
2555843,0,0,0,99.99,0.0,0.0,0.0,0.0,0.0,0.0,0.0,0.0,0.0,0.0,0.0,0.0,0.76,-3.4,-43.86,0.0,0.0,0.0,100.0,0,0,2101
2556044,0,0,0,99.99,0.0,0.0,0.0,0.0,0.0,0.0,0.0,0.0,0.0,0.0,0.0,0.0,0.76,-3.39,-43.86,0.0,0.0,0.0,100.0,0,0,2106
2556253,0,0,0,99.99,0.0,0.0,0.0,0.0,0.0,0.0,0.0,0.0,0.0,0.0,0.0,0.0,0.76,-3.38,-43.86,0.0,0.0,0.0,100.0,0,0,2106
2556453,0,0,0,99.99,0.0,0.0,0.0,0.0,0.0,0.0,0.0,0.0,0.0,0.0,0.0,0.0,0.77,-3.38,-43.88,0.0,0.0,0.0,100.0,0,0,2106
2556653,0,0,0,99.99,0.0,0.0,0.0,0.0,0.0,0.0,0.0,0.0,0.0,0.0,0.0,0.0,0.77,-3.37,-43.86,0.0,0.0,0.0,100.0,0,0,2106
2556853,0,0,0,99.99,0.0,0.0,0.0,0.0,0.0,0.0,0.0,0.0,0.0,0.0,0.0,0.0,0.77,-3.37,-43.89,0.0,0.0,0.0,100.0,0,0,2107
2557053,0,0,0,99.99,0.0,0.0,0.0,0.0,0.0,0.0,0.0,0.0,0.0,0.0,0.0,0.0,0.76,-3.38,-43.86,0.0,0.0,0.0,100.0,0,0,2112
2557253,0,0,0,99.99,0.0,0.0,0.0,0.0,0.0,0.0,0.0,0.0,0.0,0.0,0.0,0.0,0.77,-3.39,-43.86,0.0,0.0,0.0,100.0,0,0,2112
2557453,0,0,0,99.99,0.0,0.0,0.0,0.0,0.0,0.0,0.0,0.0,0.0,0.0,0.0,0.0,0.76,-3.4,-43.83,0.0,0.0,0.0,100.0,0,0,2112
2557653,0,0,0,99.99,0.0,0.0,0.0,0.0,0.0,0.0,0.0,0.0,0.0,0.0,0.0,0.0,0.76,-3.39,-43.87,0.0,0.0,0.0,99.9,0,0,2112
2557853,0,0,0,99.99,0.0,0.0,0.0,0.0,0.0,0.0,0.0,0.0,0.0,0.0,0.0,0.0,0.76,-3.38,-43.87,0.0,0.0,0.0,99.9,0,0,2112
2558053,0,0,0,99.99,0.0,0.0,0.0,0.0,0.0,0.0,0.0,0.0,0.0,0.0,0.0,0.0,0.76,-3.38,-43.88,0.0,0.0,0.0,99.9,0,0,2114
2558253,0,0,0,99.99,0.0,0.0,0.0,0.0,0.0,0.0,0.0,0.0,0.0,0.0,0.0,0.0,0.77,-3.38,-43.88,0.0,0.0,0.0,99.9,0,0,2118
2558453,0,0,0,99.99,0.0,0.0,0.0,0.0,0.0,0.0,0.0,0.0,0.0,0.0,0.0,0.0,0.77,-3.39,-43.86,0.0,0.0,0.0,99.9,0,0,2118
2558653,0,0,0,99.99,0.0,0.0,0.0,0.0,0.0,0.0,0.0,0.0,0.0,0.0,0.0,0.0,0.77,-3.38,-43.86,0.0,0.0,0.0,100.1,0,0,2118
2558853,0,0,0,99.99,0.0,0.0,0.0,0.0,0.0,0.0,0.0,0.0,0.0,0.0,0.0,0.0,0.77,-3.37,-43.86,0.0,0.0,0.0,100.1,0,0,2119
2559053,0,0,0,99.99,0.0,0.0,0.0,0.0,0.0,0.0,0.0,0.0,0.0,0.0,0.0,0.0,0.75,-3.38,-43.85,0.0,0.0,0.0,100.1,0,0,2124
2559253,0,0,0,99.99,0.0,0.0,0.0,0.0,0.0,0.0,0.0,0.0,0.0,0.0,0.0,0.0,0.75,-3.38,-43.84,0.0,0.0,0.0,100.1,0,0,2124
2559453,0,0,0,99.99,0.0,0.0,0.0,0.0,0.0,0.0,0.0,0.0,0.0,0.0,0.0,0.0,0.76,-3.38,-43.87,0.0,0.0,0.0,100.1,0,0,2124
2559653,0,0,0,99.99,0.0,0.0,0.0,0.0,0.0,0.0,0.0,0.0,0.0,0.0,0.0,0.0,0.76,-3.38,-43.87,0.0,0.0,0.0,100.0,0,0,2124
2559853,0,0,0,99.99,0.0,0.0,0.0,0.0,0.0,0.0,0.0,0.0,0.0,0.0,0.0,0.0,0.76,-3.38,-43.84,0.0,0.0,0.0,100.0,0,0,2125
2560053,0,0,0,99.99,0.0,0.0,0.0,0.0,0.0,0.0,0.0,0.0,0.0,0.0,0.0,0.0,0.77,-3.38,-43.88,0.0,0.0,0.0,100.0,0,0,2130
2560253,0,0,0,99.99,0.0,0.0,0.0,0.0,0.0,0.0,0.0,0.0,0.0,0.0,0.0,0.0,0.77,-3.38,-43.86,0.0,0.0,0.0,100.0,0,0,2130
2560453,0,0,0,99.99,0.0,0.0,0.0,0.0,0.0,0.0,0.0,0.0,0.0,0.0,0.0,0.0,0.77,-3.39,-43.88,0.0,0.0,0.0,100.0,0,0,2130
2560653,0,0,0,99.99,0.0,0.0,0.0,0.0,0.0,0.0,0.0,0.0,0.0,0.0,0.0,0.0,0.78,-3.38,-43.9,0.0,0.0,0.0,100.0,0,0,2130
2560853,0,0,0,99.99,0.0,0.0,0.0,0.0,0.0,0.0,0.0,0.0,0.0,0.0,0.0,0.0,0.79,-3.39,-43.88,0.0,0.0,0.0,100.0,0,0,2131
2561053,0,0,0,99.99,0.0,0.0,0.0,0.0,0.0,0.0,0.0,0.0,0.0,0.0,0.0,0.0,0.79,-3.39,-43.88,0.0,0.0,0.0,100.0,0,0,2136
2561253,0,0,0,99.99,0.0,0.0,0.0,0.0,0.0,0.0,0.0,0.0,0.0,0.0,0.0,0.0,0.78,-3.39,-43.85,0.0,0.0,0.0,100.0,0,0,2136
2561453,0,0,0,99.99,0.0,0.0,0.0,0.0,0.0,0.0,0.0,0.0,0.0,0.0,0.0,0.0,0.79,-3.39,-43.89,0.0,0.0,0.0,100.0,0,0,2136
2561653,0,0,0,99.99,0.0,0.0,0.0,0.0,0.0,0.0,0.0,0.0,0.0,0.0,0.0,0.0,0.79,-3.39,-43.87,0.0,0.0,0.0,100.0,0,0,2136
2561853,0,0,0,99.99,0.0,0.0,0.0,0.0,0.0,0.0,0.0,0.0,0.0,0.0,0.0,0.0,0.79,-3.39,-43.81,0.0,0.0,0.0,100.0,0,0,2137
2562053,0,0,0,99.99,0.0,0.0,0.0,0.0,0.0,0.0,0.0,0.0,0.0,0.0,0.0,0.0,0.79,-3.39,-43.82,0.0,0.0,0.0,100.0,0,0,2142
2562253,0,0,0,99.99,0.0,0.0,0.0,0.0,0.0,0.0,0.0,0.0,0.0,0.0,0.0,0.0,0.79,-3.38,-43.84,0.0,0.0,0.0,100.0,0,0,2142
2562453,0,0,0,99.99,0.0,0.0,0.0,0.0,0.0,0.0,0.0,0.0,0.0,0.0,0.0,0.0,0.79,-3.38,-43.84,0.0,0.0,0.0,100.0,0,0,2142
2562653,0,0,0,99.99,0.0,0.0,0.0,0.0,0.0,0.0,0.0,0.0,0.0,0.0,0.0,0.0,0.79,-3.39,-43.84,0.0,0.0,0.0,100.0,0,0,2142
2562853,0,0,0,99.99,0.0,0.0,0.0,0.0,0.0,0.0,0.0,0.0,0.0,0.0,0.0,0.0,0.79,-3.38,-43.85,0.0,0.0,0.0,100.0,0,0,2143
2563054,0,0,0,99.99,0.0,0.0,0.0,0.0,0.0,0.0,0.0,0.0,0.0,0.0,0.0,0.0,0.79,-3.39,-43.83,0.0,0.0,0.0,100.0,0,0,2148
2563264,0,0,0,99.99,0.0,0.0,0.0,0.0,0.0,0.0,0.0,0.0,0.0,0.0,0.0,0.0,0.79,-3.38,-43.85,0.0,0.0,0.0,100.0,0,0,2148
2563473,0,0,0,99.99,0.0,0.0,0.0,0.0,0.0,0.0,0.0,0.0,0.0,0.0,0.0,0.0,0.78,-3.38,-43.83,0.0,0.0,0.0,100.0,0,0,2148
2563673,0,0,0,99.99,0.0,0.0,0.0,0.0,0.0,0.0,0.0,0.0,0.0,0.0,0.0,0.0,0.79,-3.38,-43.81,0.0,0.0,0.0,100.0,0,0,2148
2563873,0,0,0,99.99,0.0,0.0,0.0,0.0,0.0,0.0,0.0,0.0,0.0,0.0,0.0,0.0,0.79,-3.39,-43.84,0.0,0.0,0.0,100.0,0,0,2148
2564073,0,0,0,99.99,0.0,0.0,0.0,0.0,0.0,0.0,0.0,0.0,0.0,0.0,0.0,0.0,0.79,-3.38,-43.84,0.0,0.0,0.0,100.0,0,0,2151
2564273,0,0,0,99.99,0.0,0.0,0.0,0.0,0.0,0.0,0.0,0.0,0.0,0.0,0.0,0.0,0.79,-3.36,-43.86,0.0,0.0,0.0,100.0,0,0,2154
2564473,0,0,0,99.99,0.0,0.0,0.0,0.0,0.0,0.0,0.0,0.0,0.0,0.0,0.0,0.0,0.79,-3.38,-43.84,0.0,0.0,0.0,100.0,0,0,2154
2564673,0,0,0,99.99,0.0,0.0,0.0,0.0,0.0,0.0,0.0,0.0,0.0,0.0,0.0,0.0,0.79,-3.37,-43.87,0.0,0.0,0.0,100.0,0,0,2154
2564873,0,0,0,99.99,0.0,0.0,0.0,0.0,0.0,0.0,0.0,0.0,0.0,0.0,0.0,0.0,0.79,-3.37,-43.86,0.0,0.0,0.0,100.0,0,0,2156
2565073,0,0,0,99.99,0.0,0.0,0.0,0.0,0.0,0.0,0.0,0.0,0.0,0.0,0.0,0.0,0.79,-3.37,-43.84,0.0,0.0,0.0,100.0,0,0,2160
2565273,0,0,0,99.99,0.0,0.0,0.0,0.0,0.0,0.0,0.0,0.0,0.0,0.0,0.0,0.0,0.78,-3.37,-43.85,0.0,0.0,0.0,100.0,0,0,2160
2565473,0,0,0,99.99,0.0,0.0,0.0,0.0,0.0,0.0,0.0,0.0,0.0,0.0,0.0,0.0,0.79,-3.37,-43.88,0.0,0.0,0.0,100.0,0,0,2160
2565673,0,0,0,99.99,0.0,0.0,0.0,0.0,0.0,0.0,0.0,0.0,0.0,0.0,0.0,0.0,0.78,-3.36,-43.87,0.0,0.0,0.0,99.9,0,0,2160
2565873,0,0,0,99.99,0.0,0.0,0.0,0.0,0.0,0.0,0.0,0.0,0.0,0.0,0.0,0.0,0.78,-3.35,-43.87,0.0,0.0,0.0,99.9,0,0,2162
2566073,0,0,0,99.99,0.0,0.0,0.0,0.0,0.0,0.0,0.0,0.0,0.0,0.0,0.0,0.0,0.77,-3.35,-43.88,0.0,0.0,0.0,99.9,0,0,2166
2566273,0,0,0,99.99,0.0,0.0,0.0,0.0,0.0,0.0,0.0,0.0,0.0,0.0,0.0,0.0,0.77,-3.37,-43.86,0.0,0.0,0.0,99.9,0,0,2166
2566473,0,0,0,99.99,0.0,0.0,0.0,0.0,0.0,0.0,0.0,0.0,0.0,0.0,0.0,0.0,0.77,-3.37,-43.83,0.0,0.0,0.0,99.9,0,0,2166
2566673,0,0,0,99.99,0.0,0.0,0.0,0.0,0.0,0.0,0.0,0.0,0.0,0.0,0.0,0.0,0.78,-3.36,-43.89,0.0,0.0,0.0,100.1,0,0,2166
2566873,0,0,0,99.99,0.0,0.0,0.0,0.0,0.0,0.0,0.0,0.0,0.0,0.0,0.0,0.0,0.77,-3.36,-43.9,0.0,0.0,0.0,100.1,0,0,2168
2567073,0,0,0,99.99,0.0,0.0,0.0,0.0,0.0,0.0,0.0,0.0,0.0,0.0,0.0,0.0,0.78,-3.37,-43.9,0.0,0.0,0.0,100.1,0,0,2172
2567273,0,0,0,99.99,0.0,0.0,0.0,0.0,0.0,0.0,0.0,0.0,0.0,0.0,0.0,0.0,0.76,-3.38,-43.88,0.0,0.0,0.0,100.1,0,0,2172
2567473,0,0,0,99.99,0.0,0.0,0.0,0.0,0.0,0.0,0.0,0.0,0.0,0.0,0.0,0.0,0.77,-3.37,-43.86,0.0,0.0,0.0,100.1,0,0,2172
2567673,0,0,0,99.99,0.0,0.0,0.0,0.0,0.0,0.0,0.0,0.0,0.0,0.0,0.0,0.0,0.76,-3.38,-43.86,0.0,0.0,0.0,100.0,0,0,2172
2567873,0,0,0,99.99,0.0,0.0,0.0,0.0,0.0,0.0,0.0,0.0,0.0,0.0,0.0,0.0,0.77,-3.39,-43.85,0.0,0.0,0.0,100.0,0,0,2174
2568073,0,0,0,99.99,0.0,0.0,0.0,0.0,0.0,0.0,0.0,0.0,0.0,0.0,0.0,0.0,0.77,-3.38,-43.85,0.0,0.0,0.0,100.0,0,0,2178
2568273,0,0,0,99.99,0.0,0.0,0.0,0.0,0.0,0.0,0.0,0.0,0.0,0.0,0.0,0.0,0.77,-3.38,-43.88,0.0,0.0,0.0,100.0,0,0,2178
2568473,0,0,0,99.99,0.0,0.0,0.0,0.0,0.0,0.0,0.0,0.0,0.0,0.0,0.0,0.0,0.77,-3.39,-43.88,0.0,0.0,0.0,100.0,0,0,2178
2568673,0,0,0,99.99,0.0,0.0,0.0,0.0,0.0,0.0,0.0,0.0,0.0,0.0,0.0,0.0,0.78,-3.39,-43.88,0.0,0.0,0.0,100.0,0,0,2178
2568873,0,0,0,99.99,0.0,0.0,0.0,0.0,0.0,0.0,0.0,0.0,0.0,0.0,0.0,0.0,0.78,-3.37,-43.88,0.0,0.0,0.0,100.0,0,0,2180
2569073,0,0,0,99.99,0.0,0.0,0.0,0.0,0.0,0.0,0.0,0.0,0.0,0.0,0.0,0.0,0.79,-3.37,-43.88,0.0,0.0,0.0,100.0,0,0,2184
2569273,0,0,0,99.99,0.0,0.0,0.0,0.0,0.0,0.0,0.0,0.0,0.0,0.0,0.0,0.0,0.79,-3.37,-43.87,0.0,0.0,0.0,100.0,0,0,2184
2569473,0,0,0,99.99,0.0,0.0,0.0,0.0,0.0,0.0,0.0,0.0,0.0,0.0,0.0,0.0,0.78,-3.38,-43.85,0.0,0.0,0.0,100.0,0,0,2184
2569673,0,0,0,99.99,0.0,0.0,0.0,0.0,0.0,0.0,0.0,0.0,0.0,0.0,0.0,0.0,0.78,-3.39,-43.88,0.0,0.0,0.0,100.0,0,0,2184
2569874,0,0,0,99.99,0.0,0.0,0.0,0.0,0.0,0.0,0.0,0.0,0.0,0.0,0.0,0.0,0.78,-3.4,-43.86,0.0,0.0,0.0,100.0,0,0,2184
2570083,0,0,0,99.99,0.0,0.0,0.0,0.0,0.0,0.0,0.0,0.0,0.0,0.0,0.0,0.0,0.78,-3.39,-43.85,0.0,0.0,0.0,100.0,0,0,2187
2570283,0,0,0,99.99,0.0,0.0,0.0,0.0,0.0,0.0,0.0,0.0,0.0,0.0,0.0,0.0,0.78,-3.38,-43.83,0.0,0.0,0.0,100.0,0,0,2190
2570483,0,0,0,99.99,0.0,0.0,0.0,0.0,0.0,0.0,0.0,0.0,0.0,0.0,0.0,0.0,0.78,-3.38,-43.85,0.0,0.0,0.0,100.0,0,0,2190
2570683,0,0,0,99.99,0.0,0.0,0.0,0.0,0.0,0.0,0.0,0.0,0.0,0.0,0.0,0.0,0.78,-3.37,-43.89,0.0,0.0,0.0,100.0,0,0,2190
2570883,0,0,0,99.99,0.0,0.0,0.0,0.0,0.0,0.0,0.0,0.0,0.0,0.0,0.0,0.0,0.78,-3.38,-43.86,0.0,0.0,0.0,100.0,0,0,2192
2571083,0,0,0,99.99,0.0,0.0,0.0,0.0,0.0,0.0,0.0,0.0,0.0,0.0,0.0,0.0,0.78,-3.38,-43.87,0.0,0.0,0.0,100.0,0,0,2196
2571283,0,0,0,99.99,0.0,0.0,0.0,0.0,0.0,0.0,0.0,0.0,0.0,0.0,0.0,0.0,0.78,-3.38,-43.85,0.0,0.0,0.0,100.0,0,0,2196
2571483,0,0,0,99.99,0.0,0.0,0.0,0.0,0.0,0.0,0.0,0.0,0.0,0.0,0.0,0.0,0.79,-3.39,-43.85,0.0,0.0,0.0,100.0,0,0,2196
2571683,0,0,0,99.99,0.0,0.0,0.0,0.0,0.0,0.0,0.0,0.0,0.0,0.0,0.0,0.0,0.79,-3.39,-43.87,0.0,0.0,0.0,100.0,0,0,2196
2571883,0,0,0,99.99,0.0,0.0,0.0,0.0,0.0,0.0,0.0,0.0,0.0,0.0,0.0,0.0,0.79,-3.39,-43.89,0.0,0.0,0.0,100.0,0,0,2198
2572083,0,0,0,99.99,0.0,0.0,0.0,0.0,0.0,0.0,0.0,0.0,0.0,0.0,0.0,0.0,0.78,-3.39,-43.86,0.0,0.0,0.0,100.0,0,0,2202
2572283,0,0,0,99.99,0.0,0.0,0.0,0.0,0.0,0.0,0.0,0.0,0.0,0.0,0.0,0.0,0.78,-3.38,-43.87,0.0,0.0,0.0,100.0,0,0,2202
2572483,0,0,0,99.99,0.0,0.0,0.0,0.0,0.0,0.0,0.0,0.0,0.0,0.0,0.0,0.0,0.78,-3.37,-43.85,0.0,0.0,0.0,100.0,0,0,2202
2572683,0,0,0,99.99,0.0,0.0,0.0,0.0,0.0,0.0,0.0,0.0,0.0,0.0,0.0,0.0,0.79,-3.37,-43.86,0.0,0.0,0.0,100.0,0,0,2202
2572883,0,0,0,99.99,0.0,0.0,0.0,0.0,0.0,0.0,0.0,0.0,0.0,0.0,0.0,0.0,0.79,-3.38,-43.86,0.0,0.0,0.0,100.0,0,0,2204
2573083,0,0,0,99.99,0.0,0.0,0.0,0.0,0.0,0.0,0.0,0.0,0.0,0.0,0.0,0.0,0.8,-3.38,-43.87,0.0,0.0,0.0,100.0,0,0,2208
2573283,0,0,0,99.99,0.0,0.0,0.0,0.0,0.0,0.0,0.0,0.0,0.0,0.0,0.0,0.0,0.79,-3.37,-43.89,0.0,0.0,0.0,100.0,0,0,2208
2573483,0,0,0,99.99,0.0,0.0,0.0,0.0,0.0,0.0,0.0,0.0,0.0,0.0,0.0,0.0,0.79,-3.37,-43.9,0.0,0.0,0.0,100.0,0,0,2208
2573683,0,0,0,99.99,0.0,0.0,0.0,0.0,0.0,0.0,0.0,0.0,0.0,0.0,0.0,0.0,0.79,-3.38,-43.89,0.0,0.0,0.0,100.0,0,0,2208
2573883,0,0,0,99.99,0.0,0.0,0.0,0.0,0.0,0.0,0.0,0.0,0.0,0.0,0.0,0.0,0.79,-3.38,-43.91,0.0,0.0,0.0,100.0,0,0,2210
2574083,0,0,0,99.99,0.0,0.0,0.0,0.0,0.0,0.0,0.0,0.0,0.0,0.0,0.0,0.0,0.8,-3.38,-43.9,0.0,0.0,0.0,100.0,0,0,2214
2574283,0,0,0,99.99,0.0,0.0,0.0,0.0,0.0,0.0,0.0,0.0,0.0,0.0,0.0,0.0,0.79,-3.37,-43.89,0.0,0.0,0.0,100.0,0,0,2214
2574484,0,0,0,99.99,0.0,0.0,0.0,0.0,0.0,0.0,0.0,0.0,0.0,0.0,0.0,0.0,0.78,-3.37,-43.86,0.0,0.0,0.0,100.0,0,0,2214
2574693,0,0,0,99.99,0.0,0.0,0.0,0.0,0.0,0.0,0.0,0.0,0.0,0.0,0.0,0.0,0.77,-3.38,-43.87,0.0,0.0,0.0,100.0,0,0,2214
2574893,0,0,0,99.99,0.0,0.0,0.0,0.0,0.0,0.0,0.0,0.0,0.0,0.0,0.0,0.0,0.77,-3.39,-43.86,0.0,0.0,0.0,100.0,0,0,2216
2575093,0,0,0,99.99,0.0,0.0,0.0,0.0,0.0,0.0,0.0,0.0,0.0,0.0,0.0,0.0,0.77,-3.4,-43.83,0.0,0.0,0.0,100.0,0,0,2220
2575293,0,0,0,99.99,0.0,0.0,0.0,0.0,0.0,0.0,0.0,0.0,0.0,0.0,0.0,0.0,0.77,-3.41,-43.84,0.0,0.0,0.0,100.0,0,0,2220
2575493,0,0,0,99.99,0.0,0.0,0.0,0.0,0.0,0.0,0.0,0.0,0.0,0.0,0.0,0.0,0.78,-3.41,-43.87,0.0,0.0,0.0,100.0,0,0,2220
2575693,0,0,0,99.99,0.0,0.0,0.0,0.0,0.0,0.0,0.0,0.0,0.0,0.0,0.0,0.0,0.77,-3.4,-43.89,0.0,0.0,0.0,100.0,0,0,2220
2575893,0,0,0,99.99,0.0,0.0,0.0,0.0,0.0,0.0,0.0,0.0,0.0,0.0,0.0,0.0,0.77,-3.4,-43.9,0.0,0.0,0.0,100.0,0,0,2220
2576093,0,0,0,99.99,0.0,0.0,0.0,0.0,0.0,0.0,0.0,0.0,0.0,0.0,0.0,0.0,0.76,-3.4,-43.86,0.0,0.0,0.0,100.0,0,0,2223
2576293,0,0,0,99.99,0.0,0.0,0.0,0.0,0.0,0.0,0.0,0.0,0.0,0.0,0.0,0.0,0.76,-3.4,-43.88,0.0,0.0,0.0,100.0,0,0,2226
2576493,0,0,0,99.99,0.0,0.0,0.0,0.0,0.0,0.0,0.0,0.0,0.0,0.0,0.0,0.0,0.75,-3.4,-43.86,0.0,0.0,0.0,100.0,0,0,2226
2576693,0,0,0,99.99,0.0,0.0,0.0,0.0,0.0,0.0,0.0,0.0,0.0,0.0,0.0,0.0,0.75,-3.4,-43.87,0.0,0.0,0.0,100.0,0,0,2226
2576893,0,0,0,99.99,0.0,0.0,0.0,0.0,0.0,0.0,0.0,0.0,0.0,0.0,0.0,0.0,0.77,-3.4,-43.86,0.0,0.0,0.0,100.0,0,0,2228
2577093,0,0,0,99.99,0.0,0.0,0.0,0.0,0.0,0.0,0.0,0.0,0.0,0.0,0.0,0.0,0.78,-3.39,-43.86,0.0,0.0,0.0,100.0,0,0,2232
2577293,0,0,0,99.99,0.0,0.0,0.0,0.0,0.0,0.0,0.0,0.0,0.0,0.0,0.0,0.0,0.78,-3.41,-43.86,0.0,0.0,0.0,100.0,0,0,2232
2577493,0,0,0,99.99,0.0,0.0,0.0,0.0,0.0,0.0,0.0,0.0,0.0,0.0,0.0,0.0,0.78,-3.39,-43.87,0.0,0.0,0.0,100.0,0,0,2232
2577693,0,0,0,99.99,0.0,0.0,0.0,0.0,0.0,0.0,0.0,0.0,0.0,0.0,0.0,0.0,0.78,-3.38,-43.9,0.0,0.0,0.0,100.0,0,0,2232
2577893,0,0,0,99.99,0.0,0.0,0.0,0.0,0.0,0.0,0.0,0.0,0.0,0.0,0.0,0.0,0.77,-3.38,-43.86,0.0,0.0,0.0,100.0,0,0,2234
2578094,0,0,0,99.99,0.0,0.0,0.0,0.0,0.0,0.0,0.0,0.0,0.0,0.0,0.0,0.0,0.77,-3.38,-43.86,0.0,0.0,0.0,100.0,0,0,2238
2578303,0,0,0,99.99,0.0,0.0,0.0,0.0,0.0,0.0,0.0,0.0,0.0,0.0,0.0,0.0,0.76,-3.38,-43.87,0.0,0.0,0.0,100.0,0,0,2238
2578503,0,0,0,99.99,0.0,0.0,0.0,0.0,0.0,0.0,0.0,0.0,0.0,0.0,0.0,0.0,0.77,-3.38,-43.88,0.0,0.0,0.0,100.0,0,0,2238
2578703,0,0,0,99.99,0.0,0.0,0.0,0.0,0.0,0.0,0.0,0.0,0.0,0.0,0.0,0.0,0.77,-3.38,-43.87,0.0,0.0,0.0,100.0,0,0,2238
2578903,0,0,0,99.99,0.0,0.0,0.0,0.0,0.0,0.0,0.0,0.0,0.0,0.0,0.0,0.0,0.78,-3.38,-43.88,0.0,0.0,0.0,100.0,0,0,2240
2579103,0,0,0,99.99,0.0,0.0,0.0,0.0,0.0,0.0,0.0,0.0,0.0,0.0,0.0,0.0,0.78,-3.38,-43.87,0.0,0.0,0.0,100.0,0,0,2244
2579303,0,0,0,99.99,0.0,0.0,0.0,0.0,0.0,0.0,0.0,0.0,0.0,0.0,0.0,0.0,0.76,-3.38,-43.87,0.0,0.0,0.0,100.0,0,0,2244
2579503,0,0,0,99.99,0.0,0.0,0.0,0.0,0.0,0.0,0.0,0.0,0.0,0.0,0.0,0.0,0.75,-3.38,-43.87,0.0,0.0,0.0,100.0,0,0,2244
2579703,0,0,0,99.99,0.0,0.0,0.0,0.0,0.0,0.0,0.0,0.0,0.0,0.0,0.0,0.0,0.75,-3.38,-43.89,0.0,0.0,0.0,100.0,0,0,2244
2579903,0,0,0,99.99,0.0,0.0,0.0,0.0,0.0,0.0,0.0,0.0,0.0,0.0,0.0,0.0,0.75,-3.38,-43.9,0.0,0.0,0.0,100.0,0,0,2246
2580103,0,0,0,99.99,0.0,0.0,0.0,0.0,0.0,0.0,0.0,0.0,0.0,0.0,0.0,0.0,0.75,-3.38,-43.91,0.0,0.0,0.0,100.0,0,0,2250
2580303,0,0,0,99.99,0.0,0.0,0.0,0.0,0.0,0.0,0.0,0.0,0.0,0.0,0.0,0.0,0.75,-3.39,-43.9,0.0,0.0,0.0,100.0,0,0,2250
2580503,0,0,0,99.99,0.0,0.0,0.0,0.0,0.0,0.0,0.0,0.0,0.0,0.0,0.0,0.0,0.76,-3.39,-43.9,0.0,0.0,0.0,100.0,0,0,2250
2580703,0,0,0,99.99,0.0,0.0,0.0,0.0,0.0,0.0,0.0,0.0,0.0,0.0,0.0,0.0,0.77,-3.37,-43.9,0.0,0.0,0.0,100.0,0,0,2250
2580903,0,0,0,99.99,0.0,0.0,0.0,0.0,0.0,0.0,0.0,0.0,0.0,0.0,0.0,0.0,0.77,-3.38,-43.89,0.0,0.0,0.0,100.0,0,0,2252
2581103,0,0,0,99.99,0.0,0.0,0.0,0.0,0.0,0.0,0.0,0.0,0.0,0.0,0.0,0.0,0.77,-3.38,-43.89,0.0,0.0,0.0,100.0,0,0,2256
2581303,0,0,0,99.99,0.0,0.0,0.0,0.0,0.0,0.0,0.0,0.0,0.0,0.0,0.0,0.0,0.77,-3.38,-43.88,0.0,0.0,0.0,100.0,0,0,2256
2581503,0,0,0,99.99,0.0,0.0,0.0,0.0,0.0,0.0,0.0,0.0,0.0,0.0,0.0,0.0,0.76,-3.39,-43.84,0.0,0.0,0.0,100.0,0,0,2256
2581703,0,0,0,99.99,0.0,0.0,0.0,0.0,0.0,0.0,0.0,0.0,0.0,0.0,0.0,0.0,0.77,-3.39,-43.84,0.0,0.0,0.0,100.0,0,0,2256
2581903,0,0,0,99.99,0.0,0.0,0.0,0.0,0.0,0.0,0.0,0.0,0.0,0.0,0.0,0.0,0.76,-3.39,-43.82,0.0,0.0,0.0,100.0,0,0,2256
2582103,0,0,0,99.99,0.0,0.0,0.0,0.0,0.0,0.0,0.0,0.0,0.0,0.0,0.0,0.0,0.76,-3.4,-43.81,0.0,0.0,0.0,100.0,0,0,2259
2582303,0,0,0,99.99,0.0,0.0,0.0,0.0,0.0,0.0,0.0,0.0,0.0,0.0,0.0,0.0,0.77,-3.39,-43.84,0.0,0.0,0.0,100.0,0,0,2262
2582503,0,0,0,99.99,0.0,0.0,0.0,0.0,0.0,0.0,0.0,0.0,0.0,0.0,0.0,0.0,0.77,-3.39,-43.86,0.0,0.0,0.0,100.0,0,0,2262
2582703,0,0,0,99.99,0.0,0.0,0.0,0.0,0.0,0.0,0.0,0.0,0.0,0.0,0.0,0.0,0.77,-3.39,-43.85,0.0,0.0,0.0,100.0,0,0,2262
2582903,0,0,0,99.99,0.0,0.0,0.0,0.0,0.0,0.0,0.0,0.0,0.0,0.0,0.0,0.0,0.77,-3.38,-43.87,0.0,0.0,0.0,100.0,0,0,2264
2583103,0,0,0,99.99,0.0,0.0,0.0,0.0,0.0,0.0,0.0,0.0,0.0,0.0,0.0,0.0,0.76,-3.39,-43.85,0.0,0.0,0.0,100.0,0,0,2268
2583303,0,0,0,99.99,0.0,0.0,0.0,0.0,0.0,0.0,0.0,0.0,0.0,0.0,0.0,0.0,0.76,-3.39,-43.85,0.0,0.0,0.0,100.0,0,0,2268
2583503,0,0,0,99.99,0.0,0.0,0.0,0.0,0.0,0.0,0.0,0.0,0.0,0.0,0.0,0.0,0.76,-3.4,-43.86,0.0,0.0,0.0,100.0,0,0,2268
2583703,0,0,0,99.99,0.0,0.0,0.0,0.0,0.0,0.0,0.0,0.0,0.0,0.0,0.0,0.0,0.75,-3.41,-43.84,0.0,0.0,0.0,100.0,0,0,2268
2583903,0,0,0,99.99,0.0,0.0,0.0,0.0,0.0,0.0,0.0,0.0,0.0,0.0,0.0,0.0,0.76,-3.4,-43.87,0.0,0.0,0.0,100.0,0,0,2270
2584103,0,0,0,99.99,0.0,0.0,0.0,0.0,0.0,0.0,0.0,0.0,0.0,0.0,0.0,0.0,0.77,-3.39,-43.89,0.0,0.0,0.0,100.0,0,0,2274
2584303,0,0,0,99.99,0.0,0.0,0.0,0.0,0.0,0.0,0.0,0.0,0.0,0.0,0.0,0.0,0.76,-3.38,-43.91,0.0,0.0,0.0,100.0,0,0,2274
2584503,0,0,0,99.99,0.0,0.0,0.0,0.0,0.0,0.0,0.0,0.0,0.0,0.0,0.0,0.0,0.76,-3.39,-43.93,0.0,0.0,0.0,100.0,0,0,2274
2584703,0,0,0,99.99,0.0,0.0,0.0,0.0,0.0,0.0,0.0,0.0,0.0,0.0,0.0,0.0,0.76,-3.4,-43.93,0.0,0.0,0.0,99.9,0,0,2274
2584903,0,0,0,99.99,0.0,0.0,0.0,0.0,0.0,0.0,0.0,0.0,0.0,0.0,0.0,0.0,0.75,-3.4,-43.91,0.0,0.0,0.0,99.9,0,0,2276
2585103,0,0,0,99.99,0.0,0.0,0.0,0.0,0.0,0.0,0.0,0.0,0.0,0.0,0.0,0.0,0.76,-3.39,-43.9,0.0,0.0,0.0,99.9,0,0,2280
2585303,0,0,0,99.99,0.0,0.0,0.0,0.0,0.0,0.0,0.0,0.0,0.0,0.0,0.0,0.0,0.76,-3.39,-43.9,0.0,0.0,0.0,99.9,0,0,2280
2585503,0,0,0,99.99,0.0,0.0,0.0,0.0,0.0,0.0,0.0,0.0,0.0,0.0,0.0,0.0,0.78,-3.38,-43.91,0.0,0.0,0.0,99.9,0,0,2280
2585704,0,0,0,99.99,0.0,0.0,0.0,0.0,0.0,0.0,0.0,0.0,0.0,0.0,0.0,0.0,0.78,-3.39,-43.92,0.0,0.0,0.0,100.1,0,0,2280
2585913,0,0,0,99.99,0.0,0.0,0.0,0.0,0.0,0.0,0.0,0.0,0.0,0.0,0.0,0.0,0.78,-3.4,-43.91,0.0,0.0,0.0,100.1,0,0,2283
2586113,0,0,0,99.99,0.0,0.0,0.0,0.0,0.0,0.0,0.0,0.0,0.0,0.0,0.0,0.0,0.78,-3.41,-43.9,0.0,0.0,0.0,100.1,0,0,2286
2586313,0,0,0,99.99,0.0,0.0,0.0,0.0,0.0,0.0,0.0,0.0,0.0,0.0,0.0,0.0,0.77,-3.4,-43.91,0.0,0.0,0.0,100.1,0,0,2286
2586513,0,0,0,99.99,0.0,0.0,0.0,0.0,0.0,0.0,0.0,0.0,0.0,0.0,0.0,0.0,0.77,-3.39,-43.87,0.0,0.0,0.0,100.1,0,0,2286
2586713,0,0,0,99.99,0.0,0.0,0.0,0.0,0.0,0.0,0.0,0.0,0.0,0.0,0.0,0.0,0.76,-3.4,-43.88,0.0,0.0,0.0,100.0,0,0,2286
2586914,0,0,0,99.99,0.0,0.0,0.0,0.0,0.0,0.0,0.0,0.0,0.0,0.0,0.0,0.0,0.76,-3.39,-43.89,0.0,0.0,0.0,100.0,0,0,2289
2587123,0,0,0,99.99,0.0,0.0,0.0,0.0,0.0,0.0,0.0,0.0,0.0,0.0,0.0,0.0,0.76,-3.39,-43.88,0.0,0.0,0.0,100.0,0,0,2292
2587323,0,0,0,99.99,0.0,0.0,0.0,0.0,0.0,0.0,0.0,0.0,0.0,0.0,0.0,0.0,0.77,-3.38,-43.86,0.0,0.0,0.0,100.0,0,0,2292
2587523,0,0,0,99.99,0.0,0.0,0.0,0.0,0.0,0.0,0.0,0.0,0.0,0.0,0.0,0.0,0.78,-3.39,-43.89,0.0,0.0,0.0,100.0,0,0,2292
2587723,0,0,0,99.99,0.0,0.0,0.0,0.0,0.0,0.0,0.0,0.0,0.0,0.0,0.0,0.0,0.79,-3.39,-43.91,0.0,0.0,0.0,100.0,0,0,2292
2587923,0,0,0,99.99,0.0,0.0,0.0,0.0,0.0,0.0,0.0,0.0,0.0,0.0,0.0,0.0,0.79,-3.38,-43.92,0.0,0.0,0.0,100.0,0,0,2292
2588123,0,0,0,99.99,0.0,0.0,0.0,0.0,0.0,0.0,0.0,0.0,0.0,0.0,0.0,0.0,0.78,-3.38,-43.88,0.0,0.0,0.0,100.0,0,0,2296
2588323,0,0,0,99.99,0.0,0.0,0.0,0.0,0.0,0.0,0.0,0.0,0.0,0.0,0.0,0.0,0.79,-3.4,-43.88,0.0,0.0,0.0,100.0,0,0,2298
2588523,0,0,0,99.99,0.0,0.0,0.0,0.0,0.0,0.0,0.0,0.0,0.0,0.0,0.0,0.0,0.79,-3.41,-43.87,0.0,0.0,0.0,100.0,0,0,2298
2588723,0,0,0,99.99,0.0,0.0,0.0,0.0,0.0,0.0,0.0,0.0,0.0,0.0,0.0,0.0,0.78,-3.39,-43.86,0.0,0.0,0.0,100.0,0,0,2298
2588923,0,0,0,99.99,0.0,0.0,0.0,0.0,0.0,0.0,0.0,0.0,0.0,0.0,0.0,0.0,0.78,-3.38,-43.85,0.0,0.0,0.0,100.0,0,0,2301
2589123,0,0,0,99.99,0.0,0.0,0.0,0.0,0.0,0.0,0.0,0.0,0.0,0.0,0.0,0.0,0.77,-3.38,-43.83,0.0,0.0,0.0,100.0,0,0,2304
2589323,0,0,0,99.99,0.0,0.0,0.0,0.0,0.0,0.0,0.0,0.0,0.0,0.0,0.0,0.0,0.77,-3.38,-43.85,0.0,0.0,0.0,100.0,0,0,2304
2589523,0,0,0,99.99,0.0,0.0,0.0,0.0,0.0,0.0,0.0,0.0,0.0,0.0,0.0,0.0,0.76,-3.38,-43.85,0.0,0.0,0.0,100.0,0,0,2304
2589723,0,0,0,99.99,0.0,0.0,0.0,0.0,0.0,0.0,0.0,0.0,0.0,0.0,0.0,0.0,0.76,-3.37,-43.87,0.0,0.0,0.0,100.0,0,0,2304
2589923,0,0,0,99.99,0.0,0.0,0.0,0.0,0.0,0.0,0.0,0.0,0.0,0.0,0.0,0.0,0.77,-3.37,-43.88,0.0,0.0,0.0,100.0,0,0,2307
2590123,0,0,0,99.99,0.0,0.0,0.0,0.0,0.0,0.0,0.0,0.0,0.0,0.0,0.0,0.0,0.76,-3.37,-43.83,0.0,0.0,0.0,100.0,0,0,2310
2590323,0,0,0,99.99,0.0,0.0,0.0,0.0,0.0,0.0,0.0,0.0,0.0,0.0,0.0,0.0,0.75,-3.37,-43.82,0.0,0.0,0.0,100.0,0,0,2310
2590523,0,0,0,99.99,0.0,0.0,0.0,0.0,0.0,0.0,0.0,0.0,0.0,0.0,0.0,0.0,0.75,-3.37,-43.82,0.0,0.0,0.0,100.0,0,0,2310
2590723,0,0,0,99.99,0.0,0.0,0.0,0.0,0.0,0.0,0.0,0.0,0.0,0.0,0.0,0.0,0.76,-3.37,-43.84,0.0,0.0,0.0,100.0,0,0,2310
2590923,0,0,0,99.99,0.0,0.0,0.0,0.0,0.0,0.0,0.0,0.0,0.0,0.0,0.0,0.0,0.77,-3.38,-43.85,0.0,0.0,0.0,100.0,0,0,2313
2591123,0,0,0,99.99,0.0,0.0,0.0,0.0,0.0,0.0,0.0,0.0,0.0,0.0,0.0,0.0,0.77,-3.38,-43.86,0.0,0.0,0.0,100.0,0,0,2316
2591323,0,0,0,99.99,0.0,0.0,0.0,0.0,0.0,0.0,0.0,0.0,0.0,0.0,0.0,0.0,0.76,-3.38,-43.87,0.0,0.0,0.0,100.0,0,0,2316
2591523,0,0,0,99.99,0.0,0.0,0.0,0.0,0.0,0.0,0.0,0.0,0.0,0.0,0.0,0.0,0.76,-3.38,-43.86,0.0,0.0,0.0,100.0,0,0,2316
2591723,0,0,0,99.99,0.0,0.0,0.0,0.0,0.0,0.0,0.0,0.0,0.0,0.0,0.0,0.0,0.76,-3.38,-43.84,0.0,0.0,0.0,100.0,0,0,2316
2591923,0,0,0,99.99,0.0,0.0,0.0,0.0,0.0,0.0,0.0,0.0,0.0,0.0,0.0,0.0,0.76,-3.38,-43.86,0.0,0.0,0.0,100.0,0,0,2319
2592123,0,0,0,99.99,0.0,0.0,0.0,0.0,0.0,0.0,0.0,0.0,0.0,0.0,0.0,0.0,0.77,-3.38,-43.86,0.0,0.0,0.0,100.0,0,0,2322
2592323,0,0,0,99.99,0.0,0.0,0.0,0.0,0.0,0.0,0.0,0.0,0.0,0.0,0.0,0.0,0.76,-3.37,-43.85,0.0,0.0,0.0,100.0,0,0,2322
2592523,0,0,0,99.99,0.0,0.0,0.0,0.0,0.0,0.0,0.0,0.0,0.0,0.0,0.0,0.0,0.77,-3.38,-43.85,0.0,0.0,0.0,100.0,0,0,2322
2592723,0,0,0,99.99,0.0,0.0,0.0,0.0,0.0,0.0,0.0,0.0,0.0,0.0,0.0,0.0,0.76,-3.37,-43.85,0.0,0.0,0.0,100.0,0,0,2322
2592923,0,0,0,99.99,0.0,0.0,0.0,0.0,0.0,0.0,0.0,0.0,0.0,0.0,0.0,0.0,0.76,-3.39,-43.87,0.0,0.0,0.0,100.0,0,0,2325
2593124,0,0,0,99.99,0.0,0.0,0.0,0.0,0.0,0.0,0.0,0.0,0.0,0.0,0.0,0.0,0.76,-3.39,-43.86,0.0,0.0,0.0,100.0,0,0,2328
2593333,0,0,0,99.99,0.0,0.0,0.0,0.0,0.0,0.0,0.0,0.0,0.0,0.0,0.0,0.0,0.76,-3.38,-43.88,0.0,0.0,0.0,100.0,0,0,2328
2593533,0,0,0,99.99,0.0,0.0,0.0,0.0,0.0,0.0,0.0,0.0,0.0,0.0,0.0,0.0,0.76,-3.39,-43.86,0.0,0.0,0.0,100.0,0,0,2328
2593733,0,0,0,99.99,0.0,0.0,0.0,0.0,0.0,0.0,0.0,0.0,0.0,0.0,0.0,0.0,0.77,-3.38,-43.86,0.0,0.0,0.0,100.0,0,0,2328
2593933,0,0,0,99.99,0.0,0.0,0.0,0.0,0.0,0.0,0.0,0.0,0.0,0.0,0.0,0.0,0.77,-3.39,-43.86,0.0,0.0,0.0,100.0,0,0,2328
2594133,0,0,0,99.99,0.0,0.0,0.0,0.0,0.0,0.0,0.0,0.0,0.0,0.0,0.0,0.0,0.77,-3.39,-43.84,0.0,0.0,0.0,100.0,0,0,2332
2594333,0,0,0,99.99,0.0,0.0,0.0,0.0,0.0,0.0,0.0,0.0,0.0,0.0,0.0,0.0,0.78,-3.39,-43.85,0.0,0.0,0.0,100.0,0,0,2334
2594533,0,0,0,99.99,0.0,0.0,0.0,0.0,0.0,0.0,0.0,0.0,0.0,0.0,0.0,0.0,0.78,-3.39,-43.88,0.0,0.0,0.0,100.0,0,0,2334
2594733,0,0,0,99.99,0.0,0.0,0.0,0.0,0.0,0.0,0.0,0.0,0.0,0.0,0.0,0.0,0.76,-3.38,-43.89,0.0,0.0,0.0,100.0,0,0,2334
2594933,0,0,0,99.99,0.0,0.0,0.0,0.0,0.0,0.0,0.0,0.0,0.0,0.0,0.0,0.0,0.76,-3.37,-43.89,0.0,0.0,0.0,100.0,0,0,2337
2595133,0,0,0,99.99,0.0,0.0,0.0,0.0,0.0,0.0,0.0,0.0,0.0,0.0,0.0,0.0,0.76,-3.38,-43.89,0.0,0.0,0.0,100.0,0,0,2340
2595333,0,0,0,99.99,0.0,0.0,0.0,0.0,0.0,0.0,0.0,0.0,0.0,0.0,0.0,0.0,0.76,-3.38,-43.89,0.0,0.0,0.0,100.0,0,0,2340
2595533,0,0,0,99.99,0.0,0.0,0.0,0.0,0.0,0.0,0.0,0.0,0.0,0.0,0.0,0.0,0.77,-3.39,-43.87,0.0,0.0,0.0,100.0,0,0,2340
2595733,0,0,0,99.99,0.0,0.0,0.0,0.0,0.0,0.0,0.0,0.0,0.0,0.0,0.0,0.0,0.76,-3.38,-43.86,0.0,0.0,0.0,100.0,0,0,2340
2595933,0,0,0,99.99,0.0,0.0,0.0,0.0,0.0,0.0,0.0,0.0,0.0,0.0,0.0,0.0,0.75,-3.38,-43.86,0.0,0.0,0.0,100.0,0,0,2343
2596133,0,0,0,99.99,0.0,0.0,0.0,0.0,0.0,0.0,0.0,0.0,0.0,0.0,0.0,0.0,0.75,-3.36,-43.87,0.0,0.0,0.0,100.0,0,0,2346
2596333,0,0,0,99.99,0.0,0.0,0.0,0.0,0.0,0.0,0.0,0.0,0.0,0.0,0.0,0.0,0.76,-3.36,-43.88,0.0,0.0,0.0,100.0,0,0,2346
2596533,0,0,0,99.99,0.0,0.0,0.0,0.0,0.0,0.0,0.0,0.0,0.0,0.0,0.0,0.0,0.77,-3.37,-43.9,0.0,0.0,0.0,100.0,0,0,2346
2596733,0,0,0,99.99,0.0,0.0,0.0,0.0,0.0,0.0,0.0,0.0,0.0,0.0,0.0,0.0,0.77,-3.37,-43.89,0.0,0.0,0.0,100.0,0,0,2346
2596933,0,0,0,99.99,0.0,0.0,0.0,0.0,0.0,0.0,0.0,0.0,0.0,0.0,0.0,0.0,0.76,-3.36,-43.89,0.0,0.0,0.0,100.0,0,0,2349
2597133,0,0,0,99.99,0.0,0.0,0.0,0.0,0.0,0.0,0.0,0.0,0.0,0.0,0.0,0.0,0.76,-3.36,-43.91,0.0,0.0,0.0,100.0,0,0,2352
2597333,0,0,0,99.99,0.0,0.0,0.0,0.0,0.0,0.0,0.0,0.0,0.0,0.0,0.0,0.0,0.76,-3.37,-43.92,0.0,0.0,0.0,100.0,0,0,2352
2597533,0,0,0,99.99,0.0,0.0,0.0,0.0,0.0,0.0,0.0,0.0,0.0,0.0,0.0,0.0,0.77,-3.38,-43.91,0.0,0.0,0.0,100.0,0,0,2352
2597733,0,0,0,99.99,0.0,0.0,0.0,0.0,0.0,0.0,0.0,0.0,0.0,0.0,0.0,0.0,0.76,-3.38,-43.86,0.0,0.0,0.0,100.0,0,0,2352
2597933,0,0,0,99.99,0.0,0.0,0.0,0.0,0.0,0.0,0.0,0.0,0.0,0.0,0.0,0.0,0.77,-3.38,-43.82,0.0,0.0,0.0,100.0,0,0,2355
2598133,0,0,0,99.99,0.0,0.0,0.0,0.0,0.0,0.0,0.0,0.0,0.0,0.0,0.0,0.0,0.78,-3.38,-43.85,0.0,0.0,0.0,100.0,0,0,2358
2598333,0,0,0,99.99,0.0,0.0,0.0,0.0,0.0,0.0,0.0,0.0,0.0,0.0,0.0,0.0,0.79,-3.38,-43.86,0.0,0.0,0.0,100.0,0,0,2358
2598533,0,0,0,99.99,0.0,0.0,0.0,0.0,0.0,0.0,0.0,0.0,0.0,0.0,0.0,0.0,0.78,-3.38,-43.89,0.0,0.0,0.0,100.0,0,0,2358
2598733,0,0,0,99.99,0.0,0.0,0.0,0.0,0.0,0.0,0.0,0.0,0.0,0.0,0.0,0.0,0.78,-3.38,-43.87,0.0,0.0,0.0,100.0,0,0,2358
2598933,0,0,0,99.99,0.0,0.0,0.0,0.0,0.0,0.0,0.0,0.0,0.0,0.0,0.0,0.0,0.78,-3.38,-43.88,0.0,0.0,0.0,100.0,0,0,2361
2599133,0,0,0,99.99,0.0,0.0,0.0,0.0,0.0,0.0,0.0,0.0,0.0,0.0,0.0,0.0,0.77,-3.37,-43.87,0.0,0.0,0.0,100.0,0,0,2364
2599333,0,0,0,99.99,0.0,0.0,0.0,0.0,0.0,0.0,0.0,0.0,0.0,0.0,0.0,0.0,0.76,-3.38,-43.86,0.0,0.0,0.0,100.0,0,0,2364
2599533,0,0,0,99.99,0.0,0.0,0.0,0.0,0.0,0.0,0.0,0.0,0.0,0.0,0.0,0.0,0.75,-3.38,-43.84,0.0,0.0,0.0,100.0,0,0,2364
2599733,0,0,0,99.99,0.0,0.0,0.0,0.0,0.0,0.0,0.0,0.0,0.0,0.0,0.0,0.0,0.77,-3.37,-43.87,0.0,0.0,0.0,100.0,0,0,2364
2599933,0,0,0,99.99,0.0,0.0,0.0,0.0,0.0,0.0,0.0,0.0,0.0,0.0,0.0,0.0,0.77,-3.38,-43.88,0.0,0.0,0.0,100.0,0,0,2364
2600133,0,0,0,99.99,0.0,0.0,0.0,0.0,0.0,0.0,0.0,0.0,0.0,0.0,0.0,0.0,0.77,-3.39,-43.89,0.0,0.0,0.0,100.0,0,0,2368
2600333,0,0,0,99.99,0.0,0.0,0.0,0.0,0.0,0.0,0.0,0.0,0.0,0.0,0.0,0.0,0.77,-3.39,-43.9,0.0,0.0,0.0,100.0,0,0,2370
2600533,0,0,0,99.99,0.0,0.0,0.0,0.0,0.0,0.0,0.0,0.0,0.0,0.0,0.0,0.0,0.77,-3.39,-43.87,0.0,0.0,0.0,100.0,0,0,2370
2600733,0,0,0,99.99,0.0,0.0,0.0,0.0,0.0,0.0,0.0,0.0,0.0,0.0,0.0,0.0,0.77,-3.41,-43.9,0.0,0.0,0.0,100.0,0,0,2370
2600933,0,0,0,99.99,0.0,0.0,0.0,0.0,0.0,0.0,0.0,0.0,0.0,0.0,0.0,0.0,0.76,-3.4,-43.86,0.0,0.0,0.0,100.0,0,0,2373
2601133,0,0,0,99.99,0.0,0.0,0.0,0.0,0.0,0.0,0.0,0.0,0.0,0.0,0.0,0.0,0.76,-3.4,-43.83,0.0,0.0,0.0,100.0,0,0,2376
2601333,0,0,0,99.99,0.0,0.0,0.0,0.0,0.0,0.0,0.0,0.0,0.0,0.0,0.0,0.0,0.76,-3.4,-43.82,0.0,0.0,0.0,100.0,0,0,2376
2601533,0,0,0,99.99,0.0,0.0,0.0,0.0,0.0,0.0,0.0,0.0,0.0,0.0,0.0,0.0,0.76,-3.39,-43.85,0.0,0.0,0.0,100.0,0,0,2376
2601733,0,0,0,99.99,0.0,0.0,0.0,0.0,0.0,0.0,0.0,0.0,0.0,0.0,0.0,0.0,0.75,-3.4,-43.82,0.0,0.0,0.0,100.0,0,0,2376
2601933,0,0,0,99.99,0.0,0.0,0.0,0.0,0.0,0.0,0.0,0.0,0.0,0.0,0.0,0.0,0.75,-3.4,-43.82,0.0,0.0,0.0,100.0,0,0,2379
2602133,0,0,0,99.99,0.0,0.0,0.0,0.0,0.0,0.0,0.0,0.0,0.0,0.0,0.0,0.0,0.77,-3.39,-43.86,0.0,0.0,0.0,100.0,0,0,2382
2602333,0,0,0,99.99,0.0,0.0,0.0,0.0,0.0,0.0,0.0,0.0,0.0,0.0,0.0,0.0,0.76,-3.38,-43.88,0.0,0.0,0.0,100.0,0,0,2382
2602533,0,0,0,99.99,0.0,0.0,0.0,0.0,0.0,0.0,0.0,0.0,0.0,0.0,0.0,0.0,0.76,-3.38,-43.87,0.0,0.0,0.0,100.0,0,0,2382
2602733,0,0,0,99.99,0.0,0.0,0.0,0.0,0.0,0.0,0.0,0.0,0.0,0.0,0.0,0.0,0.76,-3.39,-43.87,0.0,0.0,0.0,100.0,0,0,2382
2602933,0,0,0,99.99,0.0,0.0,0.0,0.0,0.0,0.0,0.0,0.0,0.0,0.0,0.0,0.0,0.76,-3.39,-43.86,0.0,0.0,0.0,100.0,0,0,2385
2603133,0,0,0,99.99,0.0,0.0,0.0,0.0,0.0,0.0,0.0,0.0,0.0,0.0,0.0,0.0,0.77,-3.4,-43.84,0.0,0.0,0.0,100.0,0,0,2388
2603333,0,0,0,99.99,0.0,0.0,0.0,0.0,0.0,0.0,0.0,0.0,0.0,0.0,0.0,0.0,0.77,-3.4,-43.83,0.0,0.0,0.0,100.0,0,0,2388
2603533,0,0,0,99.99,0.0,0.0,0.0,0.0,0.0,0.0,0.0,0.0,0.0,0.0,0.0,0.0,0.78,-3.39,-43.83,0.0,0.0,0.0,100.0,0,0,2388
2603733,0,0,0,99.99,0.0,0.0,0.0,0.0,0.0,0.0,0.0,0.0,0.0,0.0,0.0,0.0,0.78,-3.39,-43.81,0.0,0.0,0.0,100.0,0,0,2388
2603934,0,0,0,99.99,0.0,0.0,0.0,0.0,0.0,0.0,0.0,0.0,0.0,0.0,0.0,0.0,0.77,-3.38,-43.81,0.0,0.0,0.0,100.0,0,0,2391
2604143,0,0,0,99.99,0.0,0.0,0.0,0.0,0.0,0.0,0.0,0.0,0.0,0.0,0.0,0.0,0.77,-3.38,-43.82,0.0,0.0,0.0,100.0,0,0,2394
2604343,0,0,0,99.99,0.0,0.0,0.0,0.0,0.0,0.0,0.0,0.0,0.0,0.0,0.0,0.0,0.77,-3.37,-43.84,0.0,0.0,0.0,100.0,0,0,2394
2604543,0,0,0,99.99,0.0,0.0,0.0,0.0,0.0,0.0,0.0,0.0,0.0,0.0,0.0,0.0,0.77,-3.38,-43.86,0.0,0.0,0.0,100.0,0,0,2394
2604743,0,0,0,99.99,0.0,0.0,0.0,0.0,0.0,0.0,0.0,0.0,0.0,0.0,0.0,0.0,0.77,-3.39,-43.86,0.0,0.0,0.0,100.0,0,0,2394
2604944,0,0,0,99.99,0.0,0.0,0.0,0.0,0.0,0.0,0.0,0.0,0.0,0.0,0.0,0.0,0.77,-3.39,-43.87,0.0,0.0,0.0,100.0,0,0,2397
2605153,0,0,0,99.99,0.0,0.0,0.0,0.0,0.0,0.0,0.0,0.0,0.0,0.0,0.0,0.0,0.77,-3.39,-43.9,0.0,0.0,0.0,100.0,0,0,2400
2605353,0,0,0,99.99,0.0,0.0,0.0,0.0,0.0,0.0,0.0,0.0,0.0,0.0,0.0,0.0,0.77,-3.39,-43.88,0.0,0.0,0.0,100.0,0,0,2400
2605553,0,0,0,99.99,0.0,0.0,0.0,0.0,0.0,0.0,0.0,0.0,0.0,0.0,0.0,0.0,0.76,-3.4,-43.86,0.0,0.0,0.0,100.0,0,0,2400
2605753,0,0,0,99.99,0.0,0.0,0.0,0.0,0.0,0.0,0.0,0.0,0.0,0.0,0.0,0.0,0.76,-3.4,-43.86,0.0,0.0,0.0,100.0,0,0,2400
2605953,0,0,0,99.99,0.0,0.0,0.0,0.0,0.0,0.0,0.0,0.0,0.0,0.0,0.0,0.0,0.76,-3.4,-43.83,0.0,0.0,0.0,100.0,0,0,2400
2606153,0,0,0,99.99,0.0,0.0,0.0,0.0,0.0,0.0,0.0,0.0,0.0,0.0,0.0,0.0,0.77,-3.4,-43.83,0.0,0.0,0.0,100.0,0,0,2405
2606353,0,0,0,99.99,0.0,0.0,0.0,0.0,0.0,0.0,0.0,0.0,0.0,0.0,0.0,0.0,0.77,-3.39,-43.86,0.0,0.0,0.0,100.0,0,0,2406
2606553,0,0,0,99.99,0.0,0.0,0.0,0.0,0.0,0.0,0.0,0.0,0.0,0.0,0.0,0.0,0.77,-3.4,-43.88,0.0,0.0,0.0,99.9,0,0,2406
2606753,0,0,0,99.99,0.0,0.0,0.0,0.0,0.0,0.0,0.0,0.0,0.0,0.0,0.0,0.0,0.76,-3.4,-43.82,0.0,0.0,0.0,99.9,0,0,2406
2606953,0,0,0,99.99,0.0,0.0,0.0,0.0,0.0,0.0,0.0,0.0,0.0,0.0,0.0,0.0,0.75,-3.4,-43.8,0.0,0.0,0.0,99.9,0,0,2410
2607153,0,0,0,99.99,0.0,0.0,0.0,0.0,0.0,0.0,0.0,0.0,0.0,0.0,0.0,0.0,0.77,-3.41,-43.84,0.0,0.0,0.0,99.9,0,0,2412
2607353,0,0,0,99.99,0.0,0.0,0.0,0.0,0.0,0.0,0.0,0.0,0.0,0.0,0.0,0.0,0.77,-3.41,-43.85,0.0,0.0,0.0,99.9,0,0,2412
2607553,0,0,0,99.99,0.0,0.0,0.0,0.0,0.0,0.0,0.0,0.0,0.0,0.0,0.0,0.0,0.77,-3.41,-43.86,0.0,0.0,0.0,100.1,0,0,2412
2607753,0,0,0,99.99,0.0,0.0,0.0,0.0,0.0,0.0,0.0,0.0,0.0,0.0,0.0,0.0,0.77,-3.41,-43.86,0.0,0.0,0.0,100.1,0,0,2412
2607953,0,0,0,99.99,0.0,0.0,0.0,0.0,0.0,0.0,0.0,0.0,0.0,0.0,0.0,0.0,0.77,-3.4,-43.86,0.0,0.0,0.0,100.1,0,0,2415
2608153,0,0,0,99.99,0.0,0.0,0.0,0.0,0.0,0.0,0.0,0.0,0.0,0.0,0.0,0.0,0.78,-3.4,-43.88,0.0,0.0,0.0,100.1,0,0,2418
2608353,0,0,0,99.99,0.0,0.0,0.0,0.0,0.0,0.0,0.0,0.0,0.0,0.0,0.0,0.0,0.76,-3.4,-43.87,0.0,0.0,0.0,100.1,0,0,2418
2608553,0,0,0,99.99,0.0,0.0,0.0,0.0,0.0,0.0,0.0,0.0,0.0,0.0,0.0,0.0,0.76,-3.4,-43.86,0.0,0.0,0.0,100.0,0,0,2418
2608753,0,0,0,99.99,0.0,0.0,0.0,0.0,0.0,0.0,0.0,0.0,0.0,0.0,0.0,0.0,0.77,-3.4,-43.88,0.0,0.0,0.0,100.0,0,0,2418
2608953,0,0,0,99.99,0.0,0.0,0.0,0.0,0.0,0.0,0.0,0.0,0.0,0.0,0.0,0.0,0.77,-3.39,-43.88,0.0,0.0,0.0,100.0,0,0,2421
2609153,0,0,0,99.99,0.0,0.0,0.0,0.0,0.0,0.0,0.0,0.0,0.0,0.0,0.0,0.0,0.79,-3.39,-43.88,0.0,0.0,0.0,100.0,0,0,2424
2609353,0,0,0,99.99,0.0,0.0,0.0,0.0,0.0,0.0,0.0,0.0,0.0,0.0,0.0,0.0,0.78,-3.4,-43.88,0.0,0.0,0.0,100.0,0,0,2424
2609553,0,0,0,99.99,0.0,0.0,0.0,0.0,0.0,0.0,0.0,0.0,0.0,0.0,0.0,0.0,0.78,-3.4,-43.88,0.0,0.0,0.0,100.0,0,0,2424
2609753,0,0,0,99.99,0.0,0.0,0.0,0.0,0.0,0.0,0.0,0.0,0.0,0.0,0.0,0.0,0.78,-3.4,-43.9,0.0,0.0,0.0,100.0,0,0,2424
2609953,0,0,0,99.99,0.0,0.0,0.0,0.0,0.0,0.0,0.0,0.0,0.0,0.0,0.0,0.0,0.76,-3.41,-43.86,0.0,0.0,0.0,100.0,0,0,2428
2610153,0,0,0,99.99,0.0,0.0,0.0,0.0,0.0,0.0,0.0,0.0,0.0,0.0,0.0,0.0,0.75,-3.4,-43.87,0.0,0.0,0.0,100.0,0,0,2430
2610353,0,0,0,99.99,0.0,0.0,0.0,0.0,0.0,0.0,0.0,0.0,0.0,0.0,0.0,0.0,0.75,-3.4,-43.87,0.0,0.0,0.0,100.0,0,0,2430
2610553,0,0,0,99.99,0.0,0.0,0.0,0.0,0.0,0.0,0.0,0.0,0.0,0.0,0.0,0.0,0.75,-3.4,-43.87,0.0,0.0,0.0,100.0,0,0,2430
2610753,0,0,0,99.99,0.0,0.0,0.0,0.0,0.0,0.0,0.0,0.0,0.0,0.0,0.0,0.0,0.76,-3.4,-43.88,0.0,0.0,0.0,100.0,0,0,2430
2610953,0,0,0,99.99,0.0,0.0,0.0,0.0,0.0,0.0,0.0,0.0,0.0,0.0,0.0,0.0,0.76,-3.4,-43.87,0.0,0.0,0.0,100.0,0,0,2433
2611153,0,0,0,99.99,0.0,0.0,0.0,0.0,0.0,0.0,0.0,0.0,0.0,0.0,0.0,0.0,0.76,-3.4,-43.88,0.0,0.0,0.0,100.0,0,0,2436
2611353,0,0,0,99.99,0.0,0.0,0.0,0.0,0.0,0.0,0.0,0.0,0.0,0.0,0.0,0.0,0.75,-3.4,-43.88,0.0,0.0,0.0,100.0,0,0,2436
2611554,0,0,0,99.99,0.0,0.0,0.0,0.0,0.0,0.0,0.0,0.0,0.0,0.0,0.0,0.0,0.75,-3.39,-43.89,0.0,0.0,0.0,100.0,0,0,2436
2611763,0,0,0,99.99,0.0,0.0,0.0,0.0,0.0,0.0,0.0,0.0,0.0,0.0,0.0,0.0,0.75,-3.39,-43.88,0.0,0.0,0.0,100.0,0,0,2436
2611963,0,0,0,99.99,0.0,0.0,0.0,0.0,0.0,0.0,0.0,0.0,0.0,0.0,0.0,0.0,0.76,-3.4,-43.86,0.0,0.0,0.0,100.0,0,0,2436
2612163,0,0,0,99.99,0.0,0.0,0.0,0.0,0.0,0.0,0.0,0.0,0.0,0.0,0.0,0.0,0.76,-3.4,-43.84,0.0,0.0,0.0,100.0,0,0,2441
2612363,0,0,0,99.99,0.0,0.0,0.0,0.0,0.0,0.0,0.0,0.0,0.0,0.0,0.0,0.0,0.77,-3.39,-43.86,0.0,0.0,0.0,100.0,0,0,2442
2612563,0,0,0,99.99,0.0,0.0,0.0,0.0,0.0,0.0,0.0,0.0,0.0,0.0,0.0,0.0,0.77,-3.41,-43.86,0.0,0.0,0.0,100.0,0,0,2442
2612763,0,0,0,99.99,0.0,0.0,0.0,0.0,0.0,0.0,0.0,0.0,0.0,0.0,0.0,0.0,0.78,-3.41,-43.86,0.0,0.0,0.0,100.0,0,0,2442
2612963,0,0,0,99.99,0.0,0.0,0.0,0.0,0.0,0.0,0.0,0.0,0.0,0.0,0.0,0.0,0.77,-3.39,-43.86,0.0,0.0,0.0,100.0,0,0,2446
2613163,0,0,0,99.99,0.0,0.0,0.0,0.0,0.0,0.0,0.0,0.0,0.0,0.0,0.0,0.0,0.76,-3.39,-43.87,0.0,0.0,0.0,100.0,0,0,2448
2613363,0,0,0,99.99,0.0,0.0,0.0,0.0,0.0,0.0,0.0,0.0,0.0,0.0,0.0,0.0,0.76,-3.4,-43.86,0.0,0.0,0.0,100.0,0,0,2448
2613563,0,0,0,99.99,0.0,0.0,0.0,0.0,0.0,0.0,0.0,0.0,0.0,0.0,0.0,0.0,0.75,-3.4,-43.86,0.0,0.0,0.0,100.0,0,0,2448
2613763,0,0,0,99.99,0.0,0.0,0.0,0.0,0.0,0.0,0.0,0.0,0.0,0.0,0.0,0.0,0.77,-3.4,-43.86,0.0,0.0,0.0,100.0,0,0,2448
2613963,0,0,0,99.99,0.0,0.0,0.0,0.0,0.0,0.0,0.0,0.0,0.0,0.0,0.0,0.0,0.77,-3.4,-43.87,0.0,0.0,0.0,100.0,0,0,2452
2614163,0,0,0,99.99,0.0,0.0,0.0,0.0,0.0,0.0,0.0,0.0,0.0,0.0,0.0,0.0,0.77,-3.39,-43.89,0.0,0.0,0.0,100.0,0,0,2454
2614363,0,0,0,99.99,0.0,0.0,0.0,0.0,0.0,0.0,0.0,0.0,0.0,0.0,0.0,0.0,0.76,-3.39,-43.83,0.0,0.0,0.0,100.0,0,0,2454
2614563,0,0,0,99.99,0.0,0.0,0.0,0.0,0.0,0.0,0.0,0.0,0.0,0.0,0.0,0.0,0.76,-3.4,-43.85,0.0,0.0,0.0,100.0,0,0,2454
2614763,0,0,0,99.99,0.0,0.0,0.0,0.0,0.0,0.0,0.0,0.0,0.0,0.0,0.0,0.0,0.76,-3.4,-43.84,0.0,0.0,0.0,100.0,0,0,2454
2614963,0,0,0,99.99,0.0,0.0,0.0,0.0,0.0,0.0,0.0,0.0,0.0,0.0,0.0,0.0,0.76,-3.4,-43.83,0.0,0.0,0.0,100.0,0,0,2458
2615163,0,0,0,99.99,0.0,0.0,0.0,0.0,0.0,0.0,0.0,0.0,0.0,0.0,0.0,0.0,0.77,-3.4,-43.82,0.0,0.0,0.0,100.0,0,0,2460
2615364,0,0,0,99.99,0.0,0.0,0.0,0.0,0.0,0.0,0.0,0.0,0.0,0.0,0.0,0.0,0.76,-3.41,-43.8,0.0,0.0,0.0,100.0,0,0,2460
2615573,0,0,0,99.99,0.0,0.0,0.0,0.0,0.0,0.0,0.0,0.0,0.0,0.0,0.0,0.0,0.77,-3.4,-43.81,0.0,0.0,0.0,100.0,0,0,2460
2615773,0,0,0,99.99,0.0,0.0,0.0,0.0,0.0,0.0,0.0,0.0,0.0,0.0,0.0,0.0,0.77,-3.4,-43.82,0.0,0.0,0.0,100.0,0,0,2460
2615973,0,0,0,99.99,0.0,0.0,0.0,0.0,0.0,0.0,0.0,0.0,0.0,0.0,0.0,0.0,0.79,-3.4,-43.81,0.0,0.0,0.0,100.0,0,0,2464
2616173,0,0,0,99.99,0.0,0.0,0.0,0.0,0.0,0.0,0.0,0.0,0.0,0.0,0.0,0.0,0.78,-3.39,-43.83,0.0,0.0,0.0,100.0,0,0,2466
2616373,0,0,0,99.99,0.0,0.0,0.0,0.0,0.0,0.0,0.0,0.0,0.0,0.0,0.0,0.0,0.78,-3.4,-43.85,0.0,0.0,0.0,100.0,0,0,2466
2616573,0,0,0,99.99,0.0,0.0,0.0,0.0,0.0,0.0,0.0,0.0,0.0,0.0,0.0,0.0,0.77,-3.39,-43.87,0.0,0.0,0.0,100.0,0,0,2466
2616773,0,0,0,99.99,0.0,0.0,0.0,0.0,0.0,0.0,0.0,0.0,0.0,0.0,0.0,0.0,0.77,-3.39,-43.84,0.0,0.0,0.0,100.0,0,0,2466
2616974,0,0,0,99.99,0.0,0.0,0.0,0.0,0.0,0.0,0.0,0.0,0.0,0.0,0.0,0.0,0.77,-3.38,-43.86,0.0,0.0,0.0,100.0,0,0,2470
2617183,0,0,0,99.99,0.0,0.0,0.0,0.0,0.0,0.0,0.0,0.0,0.0,0.0,0.0,0.0,0.76,-3.38,-43.86,0.0,0.0,0.0,100.0,0,0,2472
2617383,0,0,0,99.99,0.0,0.0,0.0,0.0,0.0,0.0,0.0,0.0,0.0,0.0,0.0,0.0,0.75,-3.37,-43.86,0.0,0.0,0.0,100.0,0,0,2472
2617583,0,0,0,99.99,0.0,0.0,0.0,0.0,0.0,0.0,0.0,0.0,0.0,0.0,0.0,0.0,0.75,-3.38,-43.85,0.0,0.0,0.0,100.0,0,0,2472
2617783,0,0,0,99.99,0.0,0.0,0.0,0.0,0.0,0.0,0.0,0.0,0.0,0.0,0.0,0.0,0.76,-3.38,-43.85,0.0,0.0,0.0,100.0,0,0,2472
2617983,0,0,0,99.99,0.0,0.0,0.0,0.0,0.0,0.0,0.0,0.0,0.0,0.0,0.0,0.0,0.75,-3.39,-43.86,0.0,0.0,0.0,100.0,0,0,2472
2618183,0,0,0,99.99,0.0,0.0,0.0,0.0,0.0,0.0,0.0,0.0,0.0,0.0,0.0,0.0,0.77,-3.4,-43.86,0.0,0.0,0.0,100.0,0,0,2478
2618383,0,0,0,99.99,0.0,0.0,0.0,0.0,0.0,0.0,0.0,0.0,0.0,0.0,0.0,0.0,0.77,-3.4,-43.85,0.0,0.0,0.0,100.0,0,0,2478
2618583,0,0,0,99.99,0.0,0.0,0.0,0.0,0.0,0.0,0.0,0.0,0.0,0.0,0.0,0.0,0.77,-3.39,-43.86,0.0,0.0,0.0,100.0,0,0,2478
2618784,0,0,0,99.99,0.0,0.0,0.0,0.0,0.0,0.0,0.0,0.0,0.0,0.0,0.0,0.0,0.75,-3.4,-43.84,0.0,0.0,0.0,100.0,0,0,2478
2618997,0,0,0,99.99,0.0,0.0,0.0,0.0,0.0,0.0,0.0,0.0,0.0,0.0,0.0,0.0,0.75,-3.41,-43.84,0.0,0.0,0.0,100.0,0,0,2483
2619203,0,0,0,99.99,0.0,0.0,0.0,0.0,0.0,0.0,0.0,0.0,0.0,0.0,0.0,0.0,0.77,-3.39,-43.86,0.0,0.0,0.0,100.0,0,0,2484
2619403,0,0,0,99.99,0.0,0.0,0.0,0.0,0.0,0.0,0.0,0.0,0.0,0.0,0.0,0.0,0.76,-3.4,-43.85,0.0,0.0,0.0,100.0,0,0,2484
2619603,0,0,0,99.99,0.0,0.0,0.0,0.0,0.0,0.0,0.0,0.0,0.0,0.0,0.0,0.0,0.76,-3.39,-43.87,0.0,0.0,0.0,100.0,0,0,2484
2619803,0,0,0,99.99,0.0,0.0,0.0,0.0,0.0,0.0,0.0,0.0,0.0,0.0,0.0,0.0,0.77,-3.39,-43.88,0.0,0.0,0.0,100.0,0,0,2484
2620003,0,0,0,99.99,0.0,0.0,0.0,0.0,0.0,0.0,0.0,0.0,0.0,0.0,0.0,0.0,0.77,-3.4,-43.86,0.0,0.0,0.0,100.0,0,0,2489
2620203,0,0,0,99.99,0.0,0.0,0.0,0.0,0.0,0.0,0.0,0.0,0.0,0.0,0.0,0.0,0.77,-3.41,-43.86,0.0,0.0,0.0,100.0,0,0,2490
2620403,0,0,0,99.99,0.0,0.0,0.0,0.0,0.0,0.0,0.0,0.0,0.0,0.0,0.0,0.0,0.77,-3.41,-43.86,0.0,0.0,0.0,100.0,0,0,2490
2620603,0,0,0,99.99,0.0,0.0,0.0,0.0,0.0,0.0,0.0,0.0,0.0,0.0,0.0,0.0,0.77,-3.41,-43.82,0.0,0.0,0.0,100.0,0,0,2490
2620803,0,0,0,99.99,0.0,0.0,0.0,0.0,0.0,0.0,0.0,0.0,0.0,0.0,0.0,0.0,0.76,-3.4,-43.84,0.0,0.0,0.0,100.0,0,0,2490
2621003,0,0,0,99.99,0.0,0.0,0.0,0.0,0.0,0.0,0.0,0.0,0.0,0.0,0.0,0.0,0.75,-3.4,-43.86,0.0,0.0,0.0,100.0,0,0,2495
2621203,0,0,0,99.99,0.0,0.0,0.0,0.0,0.0,0.0,0.0,0.0,0.0,0.0,0.0,0.0,0.75,-3.41,-43.86,0.0,0.0,0.0,100.0,0,0,2496
2621403,0,0,0,99.99,0.0,0.0,0.0,0.0,0.0,0.0,0.0,0.0,0.0,0.0,0.0,0.0,0.75,-3.42,-43.82,0.0,0.0,0.0,100.0,0,0,2496
2621603,0,0,0,99.99,0.0,0.0,0.0,0.0,0.0,0.0,0.0,0.0,0.0,0.0,0.0,0.0,0.76,-3.41,-43.84,0.0,0.0,0.0,100.0,0,0,2496
2621803,0,0,0,99.99,0.0,0.0,0.0,0.0,0.0,0.0,0.0,0.0,0.0,0.0,0.0,0.0,0.77,-3.42,-43.84,0.0,0.0,0.0,100.0,0,0,2496
2622003,0,0,0,99.99,0.0,0.0,0.0,0.0,0.0,0.0,0.0,0.0,0.0,0.0,0.0,0.0,0.78,-3.42,-43.84,0.0,0.0,0.0,100.0,0,0,2501
2622203,0,0,0,99.99,0.0,0.0,0.0,0.0,0.0,0.0,0.0,0.0,0.0,0.0,0.0,0.0,0.77,-3.43,-43.84,0.0,0.0,0.0,100.0,0,0,2502
2622403,0,0,0,99.99,0.0,0.0,0.0,0.0,0.0,0.0,0.0,0.0,0.0,0.0,0.0,0.0,0.77,-3.43,-43.82,0.0,0.0,0.0,100.0,0,0,2502
2622603,0,0,0,99.99,0.0,0.0,0.0,0.0,0.0,0.0,0.0,0.0,0.0,0.0,0.0,0.0,0.77,-3.42,-43.8,0.0,0.0,0.0,100.0,0,0,2502
2622803,0,0,0,99.99,0.0,0.0,0.0,0.0,0.0,0.0,0.0,0.0,0.0,0.0,0.0,0.0,0.77,-3.4,-43.78,0.0,0.0,0.0,100.0,0,0,2502
2623003,0,0,0,99.99,0.0,0.0,0.0,0.0,0.0,0.0,0.0,0.0,0.0,0.0,0.0,0.0,0.78,-3.4,-43.8,0.0,0.0,0.0,100.0,0,0,2507
2623203,0,0,0,99.99,0.0,0.0,0.0,0.0,0.0,0.0,0.0,0.0,0.0,0.0,0.0,0.0,0.78,-3.41,-43.81,0.0,0.0,0.0,100.0,0,0,2508
2623403,0,0,0,99.99,0.0,0.0,0.0,0.0,0.0,0.0,0.0,0.0,0.0,0.0,0.0,0.0,0.79,-3.41,-43.85,0.0,0.0,0.0,100.0,0,0,2508
2623603,0,0,0,99.99,0.0,0.0,0.0,0.0,0.0,0.0,0.0,0.0,0.0,0.0,0.0,0.0,0.78,-3.41,-43.82,0.0,0.0,0.0,100.0,0,0,2508
2623803,0,0,0,99.99,0.0,0.0,0.0,0.0,0.0,0.0,0.0,0.0,0.0,0.0,0.0,0.0,0.78,-3.42,-43.79,0.0,0.0,0.0,100.0,0,0,2508
2624003,0,0,0,99.99,0.0,0.0,0.0,0.0,0.0,0.0,0.0,0.0,0.0,0.0,0.0,0.0,0.77,-3.42,-43.79,0.0,0.0,0.0,100.0,0,0,2509
2624203,0,0,0,99.99,0.0,0.0,0.0,0.0,0.0,0.0,0.0,0.0,0.0,0.0,0.0,0.0,0.75,-3.42,-43.79,0.0,0.0,0.0,100.0,0,0,2514
2624403,0,0,0,99.99,0.0,0.0,0.0,0.0,0.0,0.0,0.0,0.0,0.0,0.0,0.0,0.0,0.75,-3.41,-43.81,0.0,0.0,0.0,100.0,0,0,2514
2624603,0,0,0,99.99,0.0,0.0,0.0,0.0,0.0,0.0,0.0,0.0,0.0,0.0,0.0,0.0,0.76,-3.41,-43.81,0.0,0.0,0.0,100.0,0,0,2514
2624803,0,0,0,99.99,0.0,0.0,0.0,0.0,0.0,0.0,0.0,0.0,0.0,0.0,0.0,0.0,0.75,-3.41,-43.79,0.0,0.0,0.0,100.0,0,0,2514
2625003,0,0,0,99.99,0.0,0.0,0.0,0.0,0.0,0.0,0.0,0.0,0.0,0.0,0.0,0.0,0.77,-3.39,-43.81,0.0,0.0,0.0,100.0,0,0,2519
2625203,0,0,0,99.99,0.0,0.0,0.0,0.0,0.0,0.0,0.0,0.0,0.0,0.0,0.0,0.0,0.77,-3.4,-43.82,0.0,0.0,0.0,100.0,0,0,2520
2625403,0,0,0,99.99,0.0,0.0,0.0,0.0,0.0,0.0,0.0,0.0,0.0,0.0,0.0,0.0,0.76,-3.39,-43.8,0.0,0.0,0.0,100.0,0,0,2520
2625603,0,0,0,99.99,0.0,0.0,0.0,0.0,0.0,0.0,0.0,0.0,0.0,0.0,0.0,0.0,0.76,-3.38,-43.84,0.0,0.0,0.0,100.0,0,0,2520
2625803,0,0,0,99.99,0.0,0.0,0.0,0.0,0.0,0.0,0.0,0.0,0.0,0.0,0.0,0.0,0.76,-3.38,-43.84,0.0,0.0,0.0,100.0,0,0,2520
2626003,0,0,0,99.99,0.0,0.0,0.0,0.0,0.0,0.0,0.0,0.0,0.0,0.0,0.0,0.0,0.76,-3.38,-43.85,0.0,0.0,0.0,100.0,0,0,2525
2626203,0,0,0,99.99,0.0,0.0,0.0,0.0,0.0,0.0,0.0,0.0,0.0,0.0,0.0,0.0,0.76,-3.39,-43.83,0.0,0.0,0.0,100.0,0,0,2526
2626403,0,0,0,99.99,0.0,0.0,0.0,0.0,0.0,0.0,0.0,0.0,0.0,0.0,0.0,0.0,0.76,-3.4,-43.81,0.0,0.0,0.0,100.0,0,0,2526
2626603,0,0,0,99.99,0.0,0.0,0.0,0.0,0.0,0.0,0.0,0.0,0.0,0.0,0.0,0.0,0.77,-3.41,-43.82,0.0,0.0,0.0,100.0,0,0,2526
2626804,0,0,0,99.99,0.0,0.0,0.0,0.0,0.0,0.0,0.0,0.0,0.0,0.0,0.0,0.0,0.78,-3.39,-43.83,0.0,0.0,0.0,100.0,0,0,2526
2627013,0,0,0,99.99,0.0,0.0,0.0,0.0,0.0,0.0,0.0,0.0,0.0,0.0,0.0,0.0,0.77,-3.4,-43.82,0.0,0.0,0.0,100.0,0,0,2532
2627213,0,0,0,99.99,0.0,0.0,0.0,0.0,0.0,0.0,0.0,0.0,0.0,0.0,0.0,0.0,0.78,-3.39,-43.82,0.0,0.0,0.0,100.0,0,0,2532
2627413,0,0,0,99.99,0.0,0.0,0.0,0.0,0.0,0.0,0.0,0.0,0.0,0.0,0.0,0.0,0.77,-3.39,-43.83,0.0,0.0,0.0,100.0,0,0,2532
2627613,0,0,0,99.99,0.0,0.0,0.0,0.0,0.0,0.0,0.0,0.0,0.0,0.0,0.0,0.0,0.77,-3.41,-43.81,0.0,0.0,0.0,100.0,0,0,2532
2627813,0,0,0,99.99,0.0,0.0,0.0,0.0,0.0,0.0,0.0,0.0,0.0,0.0,0.0,0.0,0.77,-3.4,-43.82,0.0,0.0,0.0,100.0,0,0,2532
2628013,0,0,0,99.99,0.0,0.0,0.0,0.0,0.0,0.0,0.0,0.0,0.0,0.0,0.0,0.0,0.78,-3.41,-43.82,0.0,0.0,0.0,100.0,0,0,2537
2628213,0,0,0,99.99,0.0,0.0,0.0,0.0,0.0,0.0,0.0,0.0,0.0,0.0,0.0,0.0,0.78,-3.41,-43.83,0.0,0.0,0.0,100.0,0,0,2538
2628413,0,0,0,99.99,0.0,0.0,0.0,0.0,0.0,0.0,0.0,0.0,0.0,0.0,0.0,0.0,0.77,-3.41,-43.81,0.0,0.0,0.0,100.0,0,0,2538
2628613,0,0,0,99.99,0.0,0.0,0.0,0.0,0.0,0.0,0.0,0.0,0.0,0.0,0.0,0.0,0.76,-3.42,-43.79,0.0,0.0,0.0,100.0,0,0,2538
2628813,0,0,0,99.99,0.0,0.0,0.0,0.0,0.0,0.0,0.0,0.0,0.0,0.0,0.0,0.0,0.76,-3.42,-43.8,0.0,0.0,0.0,100.0,0,0,2538
2629013,0,0,0,99.99,0.0,0.0,0.0,0.0,0.0,0.0,0.0,0.0,0.0,0.0,0.0,0.0,0.76,-3.42,-43.84,0.0,0.0,0.0,100.0,0,0,2544
2629213,0,0,0,99.99,0.0,0.0,0.0,0.0,0.0,0.0,0.0,0.0,0.0,0.0,0.0,0.0,0.77,-3.4,-43.85,0.0,0.0,0.0,100.0,0,0,2544
2629413,0,0,0,99.99,0.0,0.0,0.0,0.0,0.0,0.0,0.0,0.0,0.0,0.0,0.0,0.0,0.76,-3.4,-43.86,0.0,0.0,0.0,100.0,0,0,2544
2629614,0,0,0,99.99,0.0,0.0,0.0,0.0,0.0,0.0,0.0,0.0,0.0,0.0,0.0,0.0,0.76,-3.39,-43.85,0.0,0.0,0.0,100.0,0,0,2544
2629823,0,0,0,99.99,0.0,0.0,0.0,0.0,0.0,0.0,0.0,0.0,0.0,0.0,0.0,0.0,0.76,-3.39,-43.87,0.0,0.0,0.0,100.0,0,0,2544
2630023,0,0,0,99.99,0.0,0.0,0.0,0.0,0.0,0.0,0.0,0.0,0.0,0.0,0.0,0.0,0.77,-3.39,-43.85,0.0,0.0,0.0,100.0,0,0,2546
2630223,0,0,0,99.99,0.0,0.0,0.0,0.0,0.0,0.0,0.0,0.0,0.0,0.0,0.0,0.0,0.77,-3.39,-43.85,0.0,0.0,0.0,100.0,0,0,2550
2630423,0,0,0,99.99,0.0,0.0,0.0,0.0,0.0,0.0,0.0,0.0,0.0,0.0,0.0,0.0,0.77,-3.41,-43.85,0.0,0.0,0.0,100.0,0,0,2550
2630623,0,0,0,99.99,0.0,0.0,0.0,0.0,0.0,0.0,0.0,0.0,0.0,0.0,0.0,0.0,0.78,-3.41,-43.83,0.0,0.0,0.0,100.0,0,0,2550
2630823,0,0,0,99.99,0.0,0.0,0.0,0.0,0.0,0.0,0.0,0.0,0.0,0.0,0.0,0.0,0.78,-3.41,-43.84,0.0,0.0,0.0,100.0,0,0,2550
2631023,0,0,0,99.99,0.0,0.0,0.0,0.0,0.0,0.0,0.0,0.0,0.0,0.0,0.0,0.0,0.77,-3.41,-43.83,0.0,0.0,0.0,100.0,0,0,2556
2631223,0,0,0,99.99,0.0,0.0,0.0,0.0,0.0,0.0,0.0,0.0,0.0,0.0,0.0,0.0,0.78,-3.41,-43.86,0.0,0.0,0.0,100.0,0,0,2556
2631423,0,0,0,99.99,0.0,0.0,0.0,0.0,0.0,0.0,0.0,0.0,0.0,0.0,0.0,0.0,0.77,-3.41,-43.84,0.0,0.0,0.0,100.0,0,0,2556
2631623,0,0,0,99.99,0.0,0.0,0.0,0.0,0.0,0.0,0.0,0.0,0.0,0.0,0.0,0.0,0.78,-3.41,-43.84,0.0,0.0,0.0,100.0,0,0,2556
2631823,0,0,0,99.99,0.0,0.0,0.0,0.0,0.0,0.0,0.0,0.0,0.0,0.0,0.0,0.0,0.77,-3.41,-43.81,0.0,0.0,0.0,100.0,0,0,2556
2632023,0,0,0,99.99,0.0,0.0,0.0,0.0,0.0,0.0,0.0,0.0,0.0,0.0,0.0,0.0,0.78,-3.39,-43.83,0.0,0.0,0.0,100.0,0,0,2562
2632223,0,0,0,99.99,0.0,0.0,0.0,0.0,0.0,0.0,0.0,0.0,0.0,0.0,0.0,0.0,0.78,-3.4,-43.86,0.0,0.0,0.0,100.0,0,0,2562
2632423,0,0,0,99.99,0.0,0.0,0.0,0.0,0.0,0.0,0.0,0.0,0.0,0.0,0.0,0.0,0.78,-3.4,-43.84,0.0,0.0,0.0,100.0,0,0,2562
2632623,0,0,0,99.99,0.0,0.0,0.0,0.0,0.0,0.0,0.0,0.0,0.0,0.0,0.0,0.0,0.78,-3.4,-43.86,0.0,0.0,0.0,100.0,0,0,2562
2632823,0,0,0,99.99,0.0,0.0,0.0,0.0,0.0,0.0,0.0,0.0,0.0,0.0,0.0,0.0,0.77,-3.41,-43.83,0.0,0.0,0.0,100.0,0,0,2562
2633023,0,0,0,99.99,0.0,0.0,0.0,0.0,0.0,0.0,0.0,0.0,0.0,0.0,0.0,0.0,0.77,-3.4,-43.84,0.0,0.0,0.0,100.0,0,0,2568
2633223,0,0,0,99.99,0.0,0.0,0.0,0.0,0.0,0.0,0.0,0.0,0.0,0.0,0.0,0.0,0.77,-3.41,-43.87,0.0,0.0,0.0,100.0,0,0,2568
2633423,0,0,0,99.99,0.0,0.0,0.0,0.0,0.0,0.0,0.0,0.0,0.0,0.0,0.0,0.0,0.76,-3.4,-43.84,0.0,0.0,0.0,100.0,0,0,2568
2633624,0,0,0,99.99,0.0,0.0,0.0,0.0,0.0,0.0,0.0,0.0,0.0,0.0,0.0,0.0,0.76,-3.39,-43.85,0.0,0.0,0.0,100.0,0,0,2568
2633833,0,0,0,99.99,0.0,0.0,0.0,0.0,0.0,0.0,0.0,0.0,0.0,0.0,0.0,0.0,0.76,-3.41,-43.84,0.0,0.0,0.0,100.0,0,0,2568
2634033,0,0,0,99.99,0.0,0.0,0.0,0.0,0.0,0.0,0.0,0.0,0.0,0.0,0.0,0.0,0.77,-3.4,-43.87,0.0,0.0,0.0,100.0,0,0,2574
2634233,0,0,0,99.99,0.0,0.0,0.0,0.0,0.0,0.0,0.0,0.0,0.0,0.0,0.0,0.0,0.78,-3.4,-43.88,0.0,0.0,0.0,100.0,0,0,2574
2634433,0,0,0,99.99,0.0,0.0,0.0,0.0,0.0,0.0,0.0,0.0,0.0,0.0,0.0,0.0,0.78,-3.4,-43.89,0.0,0.0,0.0,100.0,0,0,2574
2634633,0,0,0,99.99,0.0,0.0,0.0,0.0,0.0,0.0,0.0,0.0,0.0,0.0,0.0,0.0,0.77,-3.4,-43.9,0.0,0.0,0.0,100.0,0,0,2574
2634833,0,0,0,99.99,0.0,0.0,0.0,0.0,0.0,0.0,0.0,0.0,0.0,0.0,0.0,0.0,0.78,-3.39,-43.89,0.0,0.0,0.0,100.0,0,0,2574
2635033,0,0,0,99.99,0.0,0.0,0.0,0.0,0.0,0.0,0.0,0.0,0.0,0.0,0.0,0.0,0.78,-3.4,-43.86,0.0,0.0,0.0,100.0,0,0,2580
2635233,0,0,0,99.99,0.0,0.0,0.0,0.0,0.0,0.0,0.0,0.0,0.0,0.0,0.0,0.0,0.77,-3.4,-43.82,0.0,0.0,0.0,100.0,0,0,2580
2635433,0,0,0,99.99,0.0,0.0,0.0,0.0,0.0,0.0,0.0,0.0,0.0,0.0,0.0,0.0,0.78,-3.39,-43.82,0.0,0.0,0.0,100.0,0,0,2580
2635634,0,0,0,99.99,0.0,0.0,0.0,0.0,0.0,0.0,0.0,0.0,0.0,0.0,0.0,0.0,0.79,-3.4,-43.81,0.0,0.0,0.0,100.0,0,0,2580
2635843,0,0,0,99.99,0.0,0.0,0.0,0.0,0.0,0.0,0.0,0.0,0.0,0.0,0.0,0.0,0.8,-3.39,-43.82,0.0,0.0,0.0,100.0,0,0,2580
2636043,0,0,0,99.99,0.0,0.0,0.0,0.0,0.0,0.0,0.0,0.0,0.0,0.0,0.0,0.0,0.8,-3.39,-43.83,0.0,0.0,0.0,100.0,0,0,2582
2636243,0,0,0,99.99,0.0,0.0,0.0,0.0,0.0,0.0,0.0,0.0,0.0,0.0,0.0,0.0,0.79,-3.4,-43.83,0.0,0.0,0.0,100.0,0,0,2586
2636443,0,0,0,99.99,0.0,0.0,0.0,0.0,0.0,0.0,0.0,0.0,0.0,0.0,0.0,0.0,0.79,-3.4,-43.82,0.0,0.0,0.0,100.0,0,0,2586
2636643,0,0,0,99.99,0.0,0.0,0.0,0.0,0.0,0.0,0.0,0.0,0.0,0.0,0.0,0.0,0.79,-3.4,-43.84,0.0,0.0,0.0,100.0,0,0,2586
2636843,0,0,0,99.99,0.0,0.0,0.0,0.0,0.0,0.0,0.0,0.0,0.0,0.0,0.0,0.0,0.79,-3.39,-43.84,0.0,0.0,0.0,100.0,0,0,2587
2637043,0,0,0,99.99,0.0,0.0,0.0,0.0,0.0,0.0,0.0,0.0,0.0,0.0,0.0,0.0,0.78,-3.39,-43.84,0.0,0.0,0.0,100.0,0,0,2592
2637243,0,0,0,99.99,0.0,0.0,0.0,0.0,0.0,0.0,0.0,0.0,0.0,0.0,0.0,0.0,0.79,-3.39,-43.89,0.0,0.0,0.0,100.0,0,0,2592
2637443,0,0,0,99.99,0.0,0.0,0.0,0.0,0.0,0.0,0.0,0.0,0.0,0.0,0.0,0.0,0.79,-3.37,-43.92,0.0,0.0,0.0,100.0,0,0,2592
2637644,0,0,0,99.99,0.0,0.0,0.0,0.0,0.0,0.0,0.0,0.0,0.0,0.0,0.0,0.0,0.78,-3.37,-43.91,0.0,0.0,0.0,100.0,0,0,2592
2637853,0,0,0,99.99,0.0,0.0,0.0,0.0,0.0,0.0,0.0,0.0,0.0,0.0,0.0,0.0,0.76,-3.39,-43.88,0.0,0.0,0.0,100.0,0,0,2593
2638053,0,0,0,99.99,0.0,0.0,0.0,0.0,0.0,0.0,0.0,0.0,0.0,0.0,0.0,0.0,0.76,-3.41,-43.86,0.0,0.0,0.0,100.0,0,0,2598
2638253,0,0,0,99.99,0.0,0.0,0.0,0.0,0.0,0.0,0.0,0.0,0.0,0.0,0.0,0.0,0.76,-3.42,-43.86,0.0,0.0,0.0,100.0,0,0,2598
2638453,0,0,0,99.99,0.0,0.0,0.0,0.0,0.0,0.0,0.0,0.0,0.0,0.0,0.0,0.0,0.77,-3.41,-43.83,0.0,0.0,0.0,100.0,0,0,2598
2638653,0,0,0,99.99,0.0,0.0,0.0,0.0,0.0,0.0,0.0,0.0,0.0,0.0,0.0,0.0,0.76,-3.39,-43.85,0.0,0.0,0.0,100.0,0,0,2598
2638857,0,0,0,99.99,0.0,0.0,0.0,0.0,0.0,0.0,0.0,0.0,0.0,0.0,0.0,0.0,0.76,-3.39,-43.87,0.0,0.0,0.0,100.0,0,0,2599
2639063,0,0,0,99.99,0.0,0.0,0.0,0.0,0.0,0.0,0.0,0.0,0.0,0.0,0.0,0.0,0.75,-3.39,-43.86,0.0,0.0,0.0,100.0,0,0,2604
2639263,0,0,0,99.99,0.0,0.0,0.0,0.0,0.0,0.0,0.0,0.0,0.0,0.0,0.0,0.0,0.74,-3.39,-43.86,0.0,0.0,0.0,100.0,0,0,2604
2639463,0,0,0,99.99,0.0,0.0,0.0,0.0,0.0,0.0,0.0,0.0,0.0,0.0,0.0,0.0,0.75,-3.39,-43.85,0.0,0.0,0.0,100.0,0,0,2604
2639663,0,0,0,99.99,0.0,0.0,0.0,0.0,0.0,0.0,0.0,0.0,0.0,0.0,0.0,0.0,0.74,-3.38,-43.85,0.0,0.0,0.0,100.0,0,0,2604
2639863,0,0,0,99.99,0.0,0.0,0.0,0.0,0.0,0.0,0.0,0.0,0.0,0.0,0.0,0.0,0.75,-3.4,-43.84,0.0,0.0,0.0,100.0,0,0,2606
2640063,0,0,0,99.99,0.0,0.0,0.0,0.0,0.0,0.0,0.0,0.0,0.0,0.0,0.0,0.0,0.74,-3.38,-43.84,0.0,0.0,0.0,100.0,0,0,2610
2640263,0,0,0,99.99,0.0,0.0,0.0,0.0,0.0,0.0,0.0,0.0,0.0,0.0,0.0,0.0,0.74,-3.38,-43.83,0.0,0.0,0.0,100.0,0,0,2610
2640463,0,0,0,99.99,0.0,0.0,0.0,0.0,0.0,0.0,0.0,0.0,0.0,0.0,0.0,0.0,0.75,-3.38,-43.82,0.0,0.0,0.0,100.0,0,0,2610
2640663,0,0,0,99.99,0.0,0.0,0.0,0.0,0.0,0.0,0.0,0.0,0.0,0.0,0.0,0.0,0.75,-3.38,-43.8,0.0,0.0,0.0,100.0,0,0,2610
2640863,0,0,0,99.99,0.0,0.0,0.0,0.0,0.0,0.0,0.0,0.0,0.0,0.0,0.0,0.0,0.75,-3.38,-43.81,0.0,0.0,0.0,100.0,0,0,2612
2641063,0,0,0,99.99,0.0,0.0,0.0,0.0,0.0,0.0,0.0,0.0,0.0,0.0,0.0,0.0,0.74,-3.37,-43.84,0.0,0.0,0.0,100.0,0,0,2616
2641263,0,0,0,99.99,0.0,0.0,0.0,0.0,0.0,0.0,0.0,0.0,0.0,0.0,0.0,0.0,0.74,-3.38,-43.82,0.0,0.0,0.0,100.0,0,0,2616
2641464,0,0,0,99.99,0.0,0.0,0.0,0.0,0.0,0.0,0.0,0.0,0.0,0.0,0.0,0.0,0.76,-3.37,-43.84,0.0,0.0,0.0,100.0,0,0,2616
2641674,0,0,0,99.99,0.0,0.0,0.0,0.0,0.0,0.0,0.0,0.0,0.0,0.0,0.0,0.0,0.77,-3.37,-43.87,0.0,0.0,0.0,100.0,0,0,2616
2641883,0,0,0,99.99,0.0,0.0,0.0,0.0,0.0,0.0,0.0,0.0,0.0,0.0,0.0,0.0,0.77,-3.36,-43.88,0.0,0.0,0.0,100.0,0,0,2616
2642083,0,0,0,99.99,0.0,0.0,0.0,0.0,0.0,0.0,0.0,0.0,0.0,0.0,0.0,0.0,0.76,-3.36,-43.86,0.0,0.0,0.0,100.0,0,0,2619
2642283,0,0,0,99.99,0.0,0.0,0.0,0.0,0.0,0.0,0.0,0.0,0.0,0.0,0.0,0.0,0.76,-3.36,-43.86,0.0,0.0,0.0,100.0,0,0,2622
2642483,0,0,0,99.99,0.0,0.0,0.0,0.0,0.0,0.0,0.0,0.0,0.0,0.0,0.0,0.0,0.77,-3.37,-43.87,0.0,0.0,0.0,100.0,0,0,2622
2642683,0,0,0,99.99,0.0,0.0,0.0,0.0,0.0,0.0,0.0,0.0,0.0,0.0,0.0,0.0,0.76,-3.39,-43.85,0.0,0.0,0.0,100.0,0,0,2622
2642883,0,0,0,99.99,0.0,0.0,0.0,0.0,0.0,0.0,0.0,0.0,0.0,0.0,0.0,0.0,0.75,-3.39,-43.86,0.0,0.0,0.0,100.0,0,0,2624
2643083,0,0,0,99.99,0.0,0.0,0.0,0.0,0.0,0.0,0.0,0.0,0.0,0.0,0.0,0.0,0.76,-3.38,-43.88,0.0,0.0,0.0,100.0,0,0,2628
2643283,0,0,0,99.99,0.0,0.0,0.0,0.0,0.0,0.0,0.0,0.0,0.0,0.0,0.0,0.0,0.75,-3.39,-43.84,0.0,0.0,0.0,100.0,0,0,2628
2643483,0,0,0,99.99,0.0,0.0,0.0,0.0,0.0,0.0,0.0,0.0,0.0,0.0,0.0,0.0,0.75,-3.39,-43.83,0.0,0.0,0.0,100.0,0,0,2628
2643683,0,0,0,99.99,0.0,0.0,0.0,0.0,0.0,0.0,0.0,0.0,0.0,0.0,0.0,0.0,0.74,-3.39,-43.83,0.0,0.0,0.0,100.0,0,0,2628
2643883,0,0,0,99.99,0.0,0.0,0.0,0.0,0.0,0.0,0.0,0.0,0.0,0.0,0.0,0.0,0.74,-3.39,-43.81,0.0,0.0,0.0,100.0,0,0,2630
2644083,0,0,0,99.99,0.0,0.0,0.0,0.0,0.0,0.0,0.0,0.0,0.0,0.0,0.0,0.0,0.75,-3.4,-43.82,0.0,0.0,0.0,100.0,0,0,2634
2644283,0,0,0,99.99,0.0,0.0,0.0,0.0,0.0,0.0,0.0,0.0,0.0,0.0,0.0,0.0,0.75,-3.39,-43.84,0.0,0.0,0.0,100.0,0,0,2634
2644483,0,0,0,99.99,0.0,0.0,0.0,0.0,0.0,0.0,0.0,0.0,0.0,0.0,0.0,0.0,0.76,-3.39,-43.85,0.0,0.0,0.0,100.0,0,0,2634
2644683,0,0,0,99.99,0.0,0.0,0.0,0.0,0.0,0.0,0.0,0.0,0.0,0.0,0.0,0.0,0.76,-3.4,-43.86,0.0,0.0,0.0,100.0,0,0,2634
2644883,0,0,0,99.99,0.0,0.0,0.0,0.0,0.0,0.0,0.0,0.0,0.0,0.0,0.0,0.0,0.74,-3.39,-43.84,0.0,0.0,0.0,100.0,0,0,2636
2645083,0,0,0,99.99,0.0,0.0,0.0,0.0,0.0,0.0,0.0,0.0,0.0,0.0,0.0,0.0,0.75,-3.41,-43.85,0.0,0.0,0.0,100.0,0,0,2640
2645283,0,0,0,99.99,0.0,0.0,0.0,0.0,0.0,0.0,0.0,0.0,0.0,0.0,0.0,0.0,0.75,-3.4,-43.83,0.0,0.0,0.0,100.0,0,0,2640
2645484,0,0,0,99.99,0.0,0.0,0.0,0.0,0.0,0.0,0.0,0.0,0.0,0.0,0.0,0.0,0.75,-3.39,-43.81,0.0,0.0,0.0,100.0,0,0,2640
2645693,0,0,0,99.99,0.0,0.0,0.0,0.0,0.0,0.0,0.0,0.0,0.0,0.0,0.0,0.0,0.75,-3.4,-43.8,0.0,0.0,0.0,100.0,0,0,2640
2645893,0,0,0,99.99,0.0,0.0,0.0,0.0,0.0,0.0,0.0,0.0,0.0,0.0,0.0,0.0,0.75,-3.4,-43.79,0.0,0.0,0.0,100.0,0,0,2642
2646093,0,0,0,99.99,0.0,0.0,0.0,0.0,0.0,0.0,0.0,0.0,0.0,0.0,0.0,0.0,0.76,-3.4,-43.78,0.0,0.0,0.0,100.0,0,0,2646
2646293,0,0,0,99.99,0.0,0.0,0.0,0.0,0.0,0.0,0.0,0.0,0.0,0.0,0.0,0.0,0.76,-3.39,-43.79,0.0,0.0,0.0,100.0,0,0,2646
2646493,0,0,0,99.99,0.0,0.0,0.0,0.0,0.0,0.0,0.0,0.0,0.0,0.0,0.0,0.0,0.75,-3.4,-43.78,0.0,0.0,0.0,100.0,0,0,2646
2646693,0,0,0,99.99,0.0,0.0,0.0,0.0,0.0,0.0,0.0,0.0,0.0,0.0,0.0,0.0,0.75,-3.4,-43.79,0.0,0.0,0.0,100.0,0,0,2646
2646893,0,0,0,99.99,0.0,0.0,0.0,0.0,0.0,0.0,0.0,0.0,0.0,0.0,0.0,0.0,0.75,-3.39,-43.79,0.0,0.0,0.0,100.0,0,0,2648
2647093,0,0,0,99.99,0.0,0.0,0.0,0.0,0.0,0.0,0.0,0.0,0.0,0.0,0.0,0.0,0.75,-3.4,-43.82,0.0,0.0,0.0,100.0,0,0,2652
2647293,0,0,0,99.99,0.0,0.0,0.0,0.0,0.0,0.0,0.0,0.0,0.0,0.0,0.0,0.0,0.76,-3.4,-43.85,0.0,0.0,0.0,100.0,0,0,2652
2647493,0,0,0,99.99,0.0,0.0,0.0,0.0,0.0,0.0,0.0,0.0,0.0,0.0,0.0,0.0,0.75,-3.4,-43.83,0.0,0.0,0.0,100.0,0,0,2652
2647693,0,0,0,99.99,0.0,0.0,0.0,0.0,0.0,0.0,0.0,0.0,0.0,0.0,0.0,0.0,0.76,-3.4,-43.82,0.0,0.0,0.0,100.0,0,0,2652
2647893,0,0,0,99.99,0.0,0.0,0.0,0.0,0.0,0.0,0.0,0.0,0.0,0.0,0.0,0.0,0.74,-3.41,-43.81,0.0,0.0,0.0,100.0,0,0,2652
2648093,0,0,0,99.99,0.0,0.0,0.0,0.0,0.0,0.0,0.0,0.0,0.0,0.0,0.0,0.0,0.74,-3.4,-43.82,0.0,0.0,0.0,100.0,0,0,2655
2648293,0,0,0,99.99,0.0,0.0,0.0,0.0,0.0,0.0,0.0,0.0,0.0,0.0,0.0,0.0,0.74,-3.41,-43.84,0.0,0.0,0.0,100.0,0,0,2658
2648493,0,0,0,99.99,0.0,0.0,0.0,0.0,0.0,0.0,0.0,0.0,0.0,0.0,0.0,0.0,0.75,-3.4,-43.87,0.0,0.0,0.0,100.0,0,0,2658
2648693,0,0,0,99.99,0.0,0.0,0.0,0.0,0.0,0.0,0.0,0.0,0.0,0.0,0.0,0.0,0.75,-3.39,-43.9,0.0,0.0,0.0,100.0,0,0,2658
2648894,0,0,0,99.99,0.0,0.0,0.0,0.0,0.0,0.0,0.0,0.0,0.0,0.0,0.0,0.0,0.74,-3.39,-43.88,0.0,0.0,0.0,100.0,0,0,2660
2649103,0,0,0,99.99,0.0,0.0,0.0,0.0,0.0,0.0,0.0,0.0,0.0,0.0,0.0,0.0,0.73,-3.39,-43.88,0.0,0.0,0.0,100.0,0,0,2664
2649303,0,0,0,99.99,0.0,0.0,0.0,0.0,0.0,0.0,0.0,0.0,0.0,0.0,0.0,0.0,0.74,-3.39,-43.9,0.0,0.0,0.0,100.0,0,0,2664
2649504,0,0,0,99.99,0.0,0.0,0.0,0.0,0.0,0.0,0.0,0.0,0.0,0.0,0.0,0.0,0.74,-3.39,-43.88,0.0,0.0,0.0,100.0,0,0,2664
2649713,0,0,0,99.99,0.0,0.0,0.0,0.0,0.0,0.0,0.0,0.0,0.0,0.0,0.0,0.0,0.74,-3.39,-43.88,0.0,0.0,0.0,100.0,0,0,2664
2649913,0,0,0,99.99,0.0,0.0,0.0,0.0,0.0,0.0,0.0,0.0,0.0,0.0,0.0,0.0,0.74,-3.38,-43.89,0.0,0.0,0.0,100.0,0,0,2667
2650113,0,0,0,99.99,0.0,0.0,0.0,0.0,0.0,0.0,0.0,0.0,0.0,0.0,0.0,0.0,0.74,-3.37,-43.91,0.0,0.0,0.0,100.0,0,0,2670
2650313,0,0,0,99.99,0.0,0.0,0.0,0.0,0.0,0.0,0.0,0.0,0.0,0.0,0.0,0.0,0.74,-3.37,-43.87,0.0,0.0,0.0,100.0,0,0,2670
2650513,0,0,0,99.99,0.0,0.0,0.0,0.0,0.0,0.0,0.0,0.0,0.0,0.0,0.0,0.0,0.73,-3.37,-43.85,0.0,0.0,0.0,100.0,0,0,2670
2650713,0,0,0,99.99,0.0,0.0,0.0,0.0,0.0,0.0,0.0,0.0,0.0,0.0,0.0,0.0,0.74,-3.38,-43.88,0.0,0.0,0.0,100.0,0,0,2670
2650913,0,0,0,99.99,0.0,0.0,0.0,0.0,0.0,0.0,0.0,0.0,0.0,0.0,0.0,0.0,0.73,-3.38,-43.9,0.0,0.0,0.0,100.0,0,0,2673
2651113,0,0,0,99.99,0.0,0.0,0.0,0.0,0.0,0.0,0.0,0.0,0.0,0.0,0.0,0.0,0.72,-3.38,-43.89,0.0,0.0,0.0,100.0,0,0,2676
2651313,0,0,0,99.99,0.0,0.0,0.0,0.0,0.0,0.0,0.0,0.0,0.0,0.0,0.0,0.0,0.72,-3.4,-43.9,0.0,0.0,0.0,100.0,0,0,2676
2651513,0,0,0,99.99,0.0,0.0,0.0,0.0,0.0,0.0,0.0,0.0,0.0,0.0,0.0,0.0,0.72,-3.38,-43.88,0.0,0.0,0.0,100.0,0,0,2676
2651713,0,0,0,99.99,0.0,0.0,0.0,0.0,0.0,0.0,0.0,0.0,0.0,0.0,0.0,0.0,0.72,-3.39,-43.85,0.0,0.0,0.0,100.0,0,0,2676
2651913,0,0,0,99.99,0.0,0.0,0.0,0.0,0.0,0.0,0.0,0.0,0.0,0.0,0.0,0.0,0.73,-3.39,-43.83,0.0,0.0,0.0,100.0,0,0,2679
2652113,0,0,0,99.99,0.0,0.0,0.0,0.0,0.0,0.0,0.0,0.0,0.0,0.0,0.0,0.0,0.73,-3.38,-43.83,0.0,0.0,0.0,100.0,0,0,2682
2652313,0,0,0,99.99,0.0,0.0,0.0,0.0,0.0,0.0,0.0,0.0,0.0,0.0,0.0,0.0,0.73,-3.38,-43.83,0.0,0.0,0.0,100.0,0,0,2682
2652513,0,0,0,99.99,0.0,0.0,0.0,0.0,0.0,0.0,0.0,0.0,0.0,0.0,0.0,0.0,0.73,-3.39,-43.81,0.0,0.0,0.0,100.0,0,0,2682
2652713,0,0,0,99.99,0.0,0.0,0.0,0.0,0.0,0.0,0.0,0.0,0.0,0.0,0.0,0.0,0.73,-3.39,-43.79,0.0,0.0,0.0,100.0,0,0,2682
2652914,0,0,0,99.99,0.0,0.0,0.0,0.0,0.0,0.0,0.0,0.0,0.0,0.0,0.0,0.0,0.74,-3.39,-43.82,0.0,0.0,0.0,100.0,0,0,2685
2653123,0,0,0,99.99,0.0,0.0,0.0,0.0,0.0,0.0,0.0,0.0,0.0,0.0,0.0,0.0,0.74,-3.38,-43.83,0.0,0.0,0.0,100.0,0,0,2688
2653323,0,0,0,99.99,0.0,0.0,0.0,0.0,0.0,0.0,0.0,0.0,0.0,0.0,0.0,0.0,0.75,-3.37,-43.83,0.0,0.0,0.0,100.0,0,0,2688
2653523,0,0,0,99.99,0.0,0.0,0.0,0.0,0.0,0.0,0.0,0.0,0.0,0.0,0.0,0.0,0.74,-3.38,-43.84,0.0,0.0,0.0,100.0,0,0,2688
2653723,0,0,0,99.99,0.0,0.0,0.0,0.0,0.0,0.0,0.0,0.0,0.0,0.0,0.0,0.0,0.74,-3.39,-43.83,0.0,0.0,0.0,100.0,0,0,2688
2653923,0,0,0,99.99,0.0,0.0,0.0,0.0,0.0,0.0,0.0,0.0,0.0,0.0,0.0,0.0,0.74,-3.39,-43.8,0.0,0.0,0.0,100.0,0,0,2688
2654123,0,0,0,99.99,0.0,0.0,0.0,0.0,0.0,0.0,0.0,0.0,0.0,0.0,0.0,0.0,0.76,-3.38,-43.85,0.0,0.0,0.0,100.0,0,0,2692
2654323,0,0,0,99.99,0.0,0.0,0.0,0.0,0.0,0.0,0.0,0.0,0.0,0.0,0.0,0.0,0.77,-3.39,-43.88,0.0,0.0,0.0,100.0,0,0,2694
2654523,0,0,0,99.99,0.0,0.0,0.0,0.0,0.0,0.0,0.0,0.0,0.0,0.0,0.0,0.0,0.77,-3.38,-43.89,0.0,0.0,0.0,100.0,0,0,2694
2654723,0,0,0,99.99,0.0,0.0,0.0,0.0,0.0,0.0,0.0,0.0,0.0,0.0,0.0,0.0,0.77,-3.4,-43.88,0.0,0.0,0.0,100.0,0,0,2694
2654923,0,0,0,99.99,0.0,0.0,0.0,0.0,0.0,0.0,0.0,0.0,0.0,0.0,0.0,0.0,0.76,-3.39,-43.86,0.0,0.0,0.0,100.0,0,0,2697
2655123,0,0,0,99.99,0.0,0.0,0.0,0.0,0.0,0.0,0.0,0.0,0.0,0.0,0.0,0.0,0.76,-3.4,-43.88,0.0,0.0,0.0,100.0,0,0,2700
2655323,0,0,0,99.99,0.0,0.0,0.0,0.0,0.0,0.0,0.0,0.0,0.0,0.0,0.0,0.0,0.75,-3.4,-43.86,0.0,0.0,0.0,100.0,0,0,2700
2655523,0,0,0,99.99,0.0,0.0,0.0,0.0,0.0,0.0,0.0,0.0,0.0,0.0,0.0,0.0,0.75,-3.41,-43.88,0.0,0.0,0.0,100.0,0,0,2700
2655723,0,0,0,99.99,0.0,0.0,0.0,0.0,0.0,0.0,0.0,0.0,0.0,0.0,0.0,0.0,0.75,-3.38,-43.9,0.0,0.0,0.0,100.0,0,0,2700
2655923,0,0,0,99.99,0.0,0.0,0.0,0.0,0.0,0.0,0.0,0.0,0.0,0.0,0.0,0.0,0.76,-3.38,-43.89,0.0,0.0,0.0,100.0,0,0,2703
2656123,0,0,0,99.99,0.0,0.0,0.0,0.0,0.0,0.0,0.0,0.0,0.0,0.0,0.0,0.0,0.76,-3.38,-43.89,0.0,0.0,0.0,100.0,0,0,2706
2656323,0,0,0,99.99,0.0,0.0,0.0,0.0,0.0,0.0,0.0,0.0,0.0,0.0,0.0,0.0,0.76,-3.39,-43.88,0.0,0.0,0.0,100.0,0,0,2706
2656523,0,0,0,99.99,0.0,0.0,0.0,0.0,0.0,0.0,0.0,0.0,0.0,0.0,0.0,0.0,0.76,-3.39,-43.86,0.0,0.0,0.0,100.0,0,0,2706
2656723,0,0,0,99.99,0.0,0.0,0.0,0.0,0.0,0.0,0.0,0.0,0.0,0.0,0.0,0.0,0.76,-3.38,-43.89,0.0,0.0,0.0,100.0,0,0,2706
2656923,0,0,0,99.99,0.0,0.0,0.0,0.0,0.0,0.0,0.0,0.0,0.0,0.0,0.0,0.0,0.76,-3.39,-43.85,0.0,0.0,0.0,100.0,0,0,2709
2657123,0,0,0,99.99,0.0,0.0,0.0,0.0,0.0,0.0,0.0,0.0,0.0,0.0,0.0,0.0,0.75,-3.39,-43.87,0.0,0.0,0.0,100.0,0,0,2712
2657323,0,0,0,99.99,0.0,0.0,0.0,0.0,0.0,0.0,0.0,0.0,0.0,0.0,0.0,0.0,0.75,-3.39,-43.87,0.0,0.0,0.0,100.0,0,0,2712
2657523,0,0,0,99.99,0.0,0.0,0.0,0.0,0.0,0.0,0.0,0.0,0.0,0.0,0.0,0.0,0.76,-3.41,-43.85,0.0,0.0,0.0,100.0,0,0,2712
2657723,0,0,0,99.99,0.0,0.0,0.0,0.0,0.0,0.0,0.0,0.0,0.0,0.0,0.0,0.0,0.76,-3.4,-43.83,0.0,0.0,0.0,100.0,0,0,2712
2657923,0,0,0,99.99,0.0,0.0,0.0,0.0,0.0,0.0,0.0,0.0,0.0,0.0,0.0,0.0,0.76,-3.4,-43.83,0.0,0.0,0.0,100.0,0,0,2715
2658123,0,0,0,99.99,0.0,0.0,0.0,0.0,0.0,0.0,0.0,0.0,0.0,0.0,0.0,0.0,0.76,-3.4,-43.86,0.0,0.0,0.0,100.0,0,0,2718
2658323,0,0,0,99.99,0.0,0.0,0.0,0.0,0.0,0.0,0.0,0.0,0.0,0.0,0.0,0.0,0.75,-3.39,-43.87,0.0,0.0,0.0,100.0,0,0,2718
2658523,0,0,0,99.99,0.0,0.0,0.0,0.0,0.0,0.0,0.0,0.0,0.0,0.0,0.0,0.0,0.75,-3.4,-43.84,0.0,0.0,0.0,100.0,0,0,2718
2658724,0,0,0,99.99,0.0,0.0,0.0,0.0,0.0,0.0,0.0,0.0,0.0,0.0,0.0,0.0,0.74,-3.4,-43.81,0.0,0.0,0.0,100.0,0,0,2718
2658933,0,0,0,99.99,0.0,0.0,0.0,0.0,0.0,0.0,0.0,0.0,0.0,0.0,0.0,0.0,0.75,-3.4,-43.84,0.0,0.0,0.0,100.0,0,0,2721
2659133,0,0,0,99.99,0.0,0.0,0.0,0.0,0.0,0.0,0.0,0.0,0.0,0.0,0.0,0.0,0.75,-3.39,-43.84,0.0,0.0,0.0,100.0,0,0,2724
2659333,0,0,0,99.99,0.0,0.0,0.0,0.0,0.0,0.0,0.0,0.0,0.0,0.0,0.0,0.0,0.75,-3.39,-43.85,0.0,0.0,0.0,100.0,0,0,2724
2659533,0,0,0,99.99,0.0,0.0,0.0,0.0,0.0,0.0,0.0,0.0,0.0,0.0,0.0,0.0,0.76,-3.38,-43.85,0.0,0.0,0.0,100.0,0,0,2724
2659733,0,0,0,99.99,0.0,0.0,0.0,0.0,0.0,0.0,0.0,0.0,0.0,0.0,0.0,0.0,0.76,-3.39,-43.83,0.0,0.0,0.0,100.0,0,0,2724
2659933,0,0,0,99.99,0.0,0.0,0.0,0.0,0.0,0.0,0.0,0.0,0.0,0.0,0.0,0.0,0.76,-3.38,-43.87,0.0,0.0,0.0,100.0,0,0,2724
2660133,0,0,0,99.99,0.0,0.0,0.0,0.0,0.0,0.0,0.0,0.0,0.0,0.0,0.0,0.0,0.76,-3.4,-43.86,0.0,0.0,0.0,100.0,0,0,2728
2660333,0,0,0,99.99,0.0,0.0,0.0,0.0,0.0,0.0,0.0,0.0,0.0,0.0,0.0,0.0,0.75,-3.39,-43.85,0.0,0.0,0.0,100.0,0,0,2730
2660533,0,0,0,99.99,0.0,0.0,0.0,0.0,0.0,0.0,0.0,0.0,0.0,0.0,0.0,0.0,0.76,-3.39,-43.85,0.0,0.0,0.0,100.0,0,0,2730
2660733,0,0,0,99.99,0.0,0.0,0.0,0.0,0.0,0.0,0.0,0.0,0.0,0.0,0.0,0.0,0.76,-3.38,-43.84,0.0,0.0,0.0,100.0,0,0,2730
2660933,0,0,0,99.99,0.0,0.0,0.0,0.0,0.0,0.0,0.0,0.0,0.0,0.0,0.0,0.0,0.76,-3.39,-43.86,0.0,0.0,0.0,100.0,0,0,2733
2661134,0,0,0,99.99,0.0,0.0,0.0,0.0,0.0,0.0,0.0,0.0,0.0,0.0,0.0,0.0,0.75,-3.38,-43.88,0.0,0.0,0.0,100.0,0,0,2736
2661343,0,0,0,99.99,0.0,0.0,0.0,0.0,0.0,0.0,0.0,0.0,0.0,0.0,0.0,0.0,0.75,-3.38,-43.88,0.0,0.0,0.0,100.0,0,0,2736
2661543,0,0,0,99.99,0.0,0.0,0.0,0.0,0.0,0.0,0.0,0.0,0.0,0.0,0.0,0.0,0.76,-3.39,-43.88,0.0,0.0,0.0,100.0,0,0,2736
2661743,0,0,0,99.99,0.0,0.0,0.0,0.0,0.0,0.0,0.0,0.0,0.0,0.0,0.0,0.0,0.77,-3.38,-43.88,0.0,0.0,0.0,100.0,0,0,2736
2661943,0,0,0,99.99,0.0,0.0,0.0,0.0,0.0,0.0,0.0,0.0,0.0,0.0,0.0,0.0,0.78,-3.39,-43.87,0.0,0.0,0.0,100.0,0,0,2739
2662143,0,0,0,99.99,0.0,0.0,0.0,0.0,0.0,0.0,0.0,0.0,0.0,0.0,0.0,0.0,0.77,-3.38,-43.81,0.0,0.0,0.0,100.0,0,0,2742
2662343,0,0,0,99.99,0.0,0.0,0.0,0.0,0.0,0.0,0.0,0.0,0.0,0.0,0.0,0.0,0.78,-3.37,-43.81,0.0,0.0,0.0,100.0,0,0,2742
2662543,0,0,0,99.99,0.0,0.0,0.0,0.0,0.0,0.0,0.0,0.0,0.0,0.0,0.0,0.0,0.78,-3.37,-43.85,0.0,0.0,0.0,100.0,0,0,2742
2662743,0,0,0,99.99,0.0,0.0,0.0,0.0,0.0,0.0,0.0,0.0,0.0,0.0,0.0,0.0,0.78,-3.36,-43.85,0.0,0.0,0.0,100.0,0,0,2742
2662943,0,0,0,99.99,0.0,0.0,0.0,0.0,0.0,0.0,0.0,0.0,0.0,0.0,0.0,0.0,0.77,-3.37,-43.87,0.0,0.0,0.0,100.0,0,0,2745
2663143,0,0,0,99.99,0.0,0.0,0.0,0.0,0.0,0.0,0.0,0.0,0.0,0.0,0.0,0.0,0.78,-3.38,-43.87,0.0,0.0,0.0,100.0,0,0,2748
2663343,0,0,0,99.99,0.0,0.0,0.0,0.0,0.0,0.0,0.0,0.0,0.0,0.0,0.0,0.0,0.78,-3.38,-43.89,0.0,0.0,0.0,100.0,0,0,2748
2663543,0,0,0,99.99,0.0,0.0,0.0,0.0,0.0,0.0,0.0,0.0,0.0,0.0,0.0,0.0,0.79,-3.38,-43.87,0.0,0.0,0.0,100.0,0,0,2748
2663743,0,0,0,99.99,0.0,0.0,0.0,0.0,0.0,0.0,0.0,0.0,0.0,0.0,0.0,0.0,0.79,-3.37,-43.87,0.0,0.0,0.0,100.0,0,0,2748
2663944,0,0,0,99.99,0.0,0.0,0.0,0.0,0.0,0.0,0.0,0.0,0.0,0.0,0.0,0.0,0.78,-3.39,-43.85,0.0,0.0,0.0,100.0,0,0,2751
2664153,0,0,0,99.99,0.0,0.0,0.0,0.0,0.0,0.0,0.0,0.0,0.0,0.0,0.0,0.0,0.79,-3.39,-43.88,0.0,0.0,0.0,100.0,0,0,2754
2664353,0,0,0,99.99,0.0,0.0,0.0,0.0,0.0,0.0,0.0,0.0,0.0,0.0,0.0,0.0,0.79,-3.38,-43.87,0.0,0.0,0.0,100.0,0,0,2754
2664553,0,0,0,99.99,0.0,0.0,0.0,0.0,0.0,0.0,0.0,0.0,0.0,0.0,0.0,0.0,0.79,-3.39,-43.85,0.0,0.0,0.0,99.9,0,0,2754
2664753,0,0,0,99.99,0.0,0.0,0.0,0.0,0.0,0.0,0.0,0.0,0.0,0.0,0.0,0.0,0.78,-3.39,-43.85,0.0,0.0,0.0,99.9,0,0,2754
2664953,0,0,0,99.99,0.0,0.0,0.0,0.0,0.0,0.0,0.0,0.0,0.0,0.0,0.0,0.0,0.79,-3.38,-43.85,0.0,0.0,0.0,99.9,0,0,2758
2665153,0,0,0,99.99,0.0,0.0,0.0,0.0,0.0,0.0,0.0,0.0,0.0,0.0,0.0,0.0,0.78,-3.39,-43.85,0.0,0.0,0.0,99.9,0,0,2760
2665353,0,0,0,99.99,0.0,0.0,0.0,0.0,0.0,0.0,0.0,0.0,0.0,0.0,0.0,0.0,0.78,-3.39,-43.85,0.0,0.0,0.0,99.9,0,0,2760
2665553,0,0,0,99.99,0.0,0.0,0.0,0.0,0.0,0.0,0.0,0.0,0.0,0.0,0.0,0.0,0.78,-3.37,-43.86,0.0,0.0,0.0,100.1,0,0,2760
2665753,0,0,0,99.99,0.0,0.0,0.0,0.0,0.0,0.0,0.0,0.0,0.0,0.0,0.0,0.0,0.77,-3.37,-43.87,0.0,0.0,0.0,100.1,0,0,2760
2665953,0,0,0,99.99,0.0,0.0,0.0,0.0,0.0,0.0,0.0,0.0,0.0,0.0,0.0,0.0,0.78,-3.37,-43.89,0.0,0.0,0.0,100.1,0,0,2760
2666153,0,0,0,99.99,0.0,0.0,0.0,0.0,0.0,0.0,0.0,0.0,0.0,0.0,0.0,0.0,0.78,-3.36,-43.9,0.0,0.0,0.0,100.1,0,0,2765
2666353,0,0,0,99.99,0.0,0.0,0.0,0.0,0.0,0.0,0.0,0.0,0.0,0.0,0.0,0.0,0.79,-3.36,-43.9,0.0,0.0,0.0,100.1,0,0,2766
2666553,0,0,0,99.99,0.0,0.0,0.0,0.0,0.0,0.0,0.0,0.0,0.0,0.0,0.0,0.0,0.79,-3.37,-43.89,0.0,0.0,0.0,100.0,0,0,2766
2666753,0,0,0,99.99,0.0,0.0,0.0,0.0,0.0,0.0,0.0,0.0,0.0,0.0,0.0,0.0,0.79,-3.37,-43.88,0.0,0.0,0.0,100.0,0,0,2766
2666953,0,0,0,99.99,0.0,0.0,0.0,0.0,0.0,0.0,0.0,0.0,0.0,0.0,0.0,0.0,0.77,-3.39,-43.85,0.0,0.0,0.0,100.0,0,0,2770
2667153,0,0,0,99.99,0.0,0.0,0.0,0.0,0.0,0.0,0.0,0.0,0.0,0.0,0.0,0.0,0.76,-3.36,-43.83,0.0,0.0,0.0,100.0,0,0,2772
2667353,0,0,0,99.99,0.0,0.0,0.0,0.0,0.0,0.0,0.0,0.0,0.0,0.0,0.0,0.0,0.76,-3.38,-43.8,0.0,0.0,0.0,100.0,0,0,2772
2667553,0,0,0,99.99,0.0,0.0,0.0,0.0,0.0,0.0,0.0,0.0,0.0,0.0,0.0,0.0,0.76,-3.38,-43.81,0.0,0.0,0.0,100.0,0,0,2772
2667753,0,0,0,99.99,0.0,0.0,0.0,0.0,0.0,0.0,0.0,0.0,0.0,0.0,0.0,0.0,0.76,-3.38,-43.83,0.0,0.0,0.0,100.0,0,0,2772
2667953,0,0,0,99.99,0.0,0.0,0.0,0.0,0.0,0.0,0.0,0.0,0.0,0.0,0.0,0.0,0.76,-3.38,-43.82,0.0,0.0,0.0,100.0,0,0,2775
2668153,0,0,0,99.99,0.0,0.0,0.0,0.0,0.0,0.0,0.0,0.0,0.0,0.0,0.0,0.0,0.75,-3.29,-43.82,0.0,0.0,0.0,100.0,0,0,2778
2668353,0,0,0,99.99,0.0,0.0,0.0,0.0,0.0,0.0,0.0,0.0,0.0,0.0,0.0,0.0,0.76,-3.29,-43.83,0.0,0.0,0.0,100.0,0,0,2778
2668553,0,0,0,99.99,0.0,0.0,0.0,0.0,0.0,0.0,0.0,0.0,0.0,0.0,0.0,0.0,0.76,-3.32,-43.84,0.0,0.0,0.0,100.0,0,0,2778
2668753,0,0,0,99.99,0.0,0.0,0.0,0.0,0.0,0.0,0.0,0.0,0.0,0.0,0.0,0.0,0.76,-3.37,-43.83,0.0,0.0,0.0,100.0,0,0,2778
2668953,0,0,0,99.99,0.0,0.0,0.0,0.0,0.0,0.0,0.0,0.0,0.0,0.0,0.0,0.0,0.78,-3.35,-43.82,0.0,0.0,0.0,100.0,0,0,2782
2669153,0,0,0,99.99,0.0,0.0,0.0,0.0,0.0,0.0,0.0,0.0,0.0,0.0,0.0,0.0,0.77,-3.37,-43.83,0.0,0.0,0.0,100.0,0,0,2784
2669353,0,0,0,99.99,0.0,0.0,0.0,0.0,0.0,0.0,0.0,0.0,0.0,0.0,0.0,0.0,0.77,-3.36,-43.84,0.0,0.0,0.0,100.0,0,0,2784
2669553,0,0,0,99.99,0.0,0.0,0.0,0.0,0.0,0.0,0.0,0.0,0.0,0.0,0.0,0.0,0.73,-3.35,-43.81,0.0,0.0,0.0,100.0,0,0,2784
2669753,0,0,0,99.99,0.0,0.0,0.0,0.0,0.0,0.0,0.0,0.0,0.0,0.0,0.0,0.0,0.75,-3.37,-43.81,0.0,0.0,0.0,100.0,0,0,2784
2669953,0,0,0,99.99,0.0,0.0,0.0,0.0,0.0,0.0,0.0,0.0,0.0,0.0,0.0,0.0,0.76,-3.36,-43.82,0.0,0.0,0.0,100.0,0,0,2787
2670153,0,0,0,99.99,0.0,0.0,0.0,0.0,0.0,0.0,0.0,0.0,0.0,0.0,0.0,0.0,0.76,-3.38,-43.83,0.0,0.0,0.0,100.0,0,0,2790
2670353,0,0,0,99.99,0.0,0.0,0.0,0.0,0.0,0.0,0.0,0.0,0.0,0.0,0.0,0.0,0.76,-3.38,-43.86,0.0,0.0,0.0,100.0,0,0,2790
2670553,0,0,0,99.99,0.0,0.0,0.0,0.0,0.0,0.0,0.0,0.0,0.0,0.0,0.0,0.0,0.75,-3.37,-43.85,0.0,0.0,0.0,100.0,0,0,2790
2670753,0,0,0,99.99,0.0,0.0,0.0,0.0,0.0,0.0,0.0,0.0,0.0,0.0,0.0,0.0,0.75,-3.37,-43.86,0.0,0.0,0.0,100.0,0,0,2790
2670953,0,0,0,99.99,0.0,0.0,0.0,0.0,0.0,0.0,0.0,0.0,0.0,0.0,0.0,0.0,0.77,-3.42,-43.86,0.0,0.0,0.0,100.0,0,0,2793
2671153,0,0,0,99.99,0.0,0.0,0.0,0.0,0.0,0.0,0.0,0.0,0.0,0.0,0.0,0.0,0.78,-3.41,-43.87,0.0,0.0,0.0,100.0,0,0,2796
2671353,0,0,0,99.99,0.0,0.0,0.0,0.0,0.0,0.0,0.0,0.0,0.0,0.0,0.0,0.0,0.77,-3.41,-43.88,0.0,0.0,0.0,100.0,0,0,2796
2671553,0,0,0,99.99,0.0,0.0,0.0,0.0,0.0,0.0,0.0,0.0,0.0,0.0,0.0,0.0,0.79,-3.43,-43.88,0.0,0.0,0.0,100.0,0,0,2796
2671753,0,0,0,99.99,0.0,0.0,0.0,0.0,0.0,0.0,0.0,0.0,0.0,0.0,0.0,0.0,0.78,-3.42,-43.88,0.0,0.0,0.0,100.0,0,0,2796
2671953,0,0,0,99.99,0.0,0.0,0.0,0.0,0.0,0.0,0.0,0.0,0.0,0.0,0.0,0.0,0.76,-3.43,-43.88,0.0,0.0,0.0,100.0,0,0,2796
2672153,0,0,0,99.99,0.0,0.0,0.0,0.0,0.0,0.0,0.0,0.0,0.0,0.0,0.0,0.0,0.74,-3.42,-43.86,0.0,0.0,0.0,100.0,0,0,2801
2672353,0,0,0,99.99,0.0,0.0,0.0,0.0,0.0,0.0,0.0,0.0,0.0,0.0,0.0,0.0,0.76,-3.42,-43.81,0.0,0.0,0.0,100.0,0,0,2802
2672553,0,0,0,99.99,0.0,0.0,0.0,0.0,0.0,0.0,0.0,0.0,0.0,0.0,0.0,0.0,0.76,-3.41,-43.76,0.0,0.0,0.0,100.0,0,0,2802
2672753,0,0,0,99.99,0.0,0.0,0.0,0.0,0.0,0.0,0.0,0.0,0.0,0.0,0.0,0.0,0.77,-3.42,-43.79,0.0,0.0,0.0,100.0,0,0,2802
2672953,0,0,0,99.99,0.0,0.0,0.0,0.0,0.0,0.0,0.0,0.0,0.0,0.0,0.0,0.0,0.76,-3.42,-43.78,0.0,0.0,0.0,100.0,0,0,2805
2673153,0,0,0,99.99,0.0,0.0,0.0,0.0,0.0,0.0,0.0,0.0,0.0,0.0,0.0,0.0,0.76,-3.42,-43.78,0.0,0.0,0.0,100.0,0,0,2808
2673353,0,0,0,99.99,0.0,0.0,0.0,0.0,0.0,0.0,0.0,0.0,0.0,0.0,0.0,0.0,0.75,-3.42,-43.76,0.0,0.0,0.0,100.0,0,0,2808
2673553,0,0,0,99.99,0.0,0.0,0.0,0.0,0.0,0.0,0.0,0.0,0.0,0.0,0.0,0.0,0.74,-3.42,-43.72,0.0,0.0,0.0,100.0,0,0,2808
2673753,0,0,0,99.99,0.0,0.0,0.0,0.0,0.0,0.0,0.0,0.0,0.0,0.0,0.0,0.0,0.76,-3.41,-43.7,0.0,0.0,0.0,100.0,0,0,2808
2673953,0,0,0,99.99,0.0,0.0,0.0,0.0,0.0,0.0,0.0,0.0,0.0,0.0,0.0,0.0,0.75,-3.4,-43.72,0.0,0.0,0.0,100.0,0,0,2812
2674153,0,0,0,99.99,0.0,0.0,0.0,0.0,0.0,0.0,0.0,0.0,0.0,0.0,0.0,0.0,0.75,-3.4,-43.73,0.0,0.0,0.0,100.0,0,0,2814
2674353,0,0,0,99.99,0.0,0.0,0.0,0.0,0.0,0.0,0.0,0.0,0.0,0.0,0.0,0.0,0.76,-3.42,-43.7,0.0,0.0,0.0,100.0,0,0,2814
2674553,0,0,0,99.99,0.0,0.0,0.0,0.0,0.0,0.0,0.0,0.0,0.0,0.0,0.0,0.0,0.78,-3.42,-43.72,0.0,0.0,0.0,100.0,0,0,2814
2674753,0,0,0,99.99,0.0,0.0,0.0,0.0,0.0,0.0,0.0,0.0,0.0,0.0,0.0,0.0,0.78,-3.43,-43.72,0.0,0.0,0.0,100.0,0,0,2814
2674953,0,0,0,99.99,0.0,0.0,0.0,0.0,0.0,0.0,0.0,0.0,0.0,0.0,0.0,0.0,0.78,-3.44,-43.7,0.0,0.0,0.0,100.0,0,0,2818
2675153,0,0,0,99.99,0.0,0.0,0.0,0.0,0.0,0.0,0.0,0.0,0.0,0.0,0.0,0.0,0.78,-3.44,-43.72,0.0,0.0,0.0,100.0,0,0,2820
2675353,0,0,0,99.99,0.0,0.0,0.0,0.0,0.0,0.0,0.0,0.0,0.0,0.0,0.0,0.0,0.79,-3.43,-43.73,0.0,0.0,0.0,100.0,0,0,2820
2675553,0,0,0,99.99,0.0,0.0,0.0,0.0,0.0,0.0,0.0,0.0,0.0,0.0,0.0,0.0,0.78,-3.44,-43.73,0.0,0.0,0.0,100.0,0,0,2820
2675753,0,0,0,99.99,0.0,0.0,0.0,0.0,0.0,0.0,0.0,0.0,0.0,0.0,0.0,0.0,0.78,-3.42,-43.77,0.0,0.0,0.0,100.0,0,0,2820
2675953,0,0,0,99.99,0.0,0.0,0.0,0.0,0.0,0.0,0.0,0.0,0.0,0.0,0.0,0.0,0.81,-3.46,-43.79,0.0,0.0,0.0,100.0,0,0,2824
2676153,0,0,0,99.99,0.0,0.0,0.0,0.0,0.0,0.0,0.0,0.0,0.0,0.0,0.0,0.0,0.8,-3.44,-43.77,0.0,0.0,0.0,100.0,0,0,2826
2676353,0,0,0,99.99,0.0,0.0,0.0,0.0,0.0,0.0,0.0,0.0,0.0,0.0,0.0,0.0,0.8,-3.45,-43.79,0.0,0.0,0.0,100.0,0,0,2826
2676553,0,0,0,99.99,0.0,0.0,0.0,0.0,0.0,0.0,0.0,0.0,0.0,0.0,0.0,0.0,0.8,-3.42,-43.8,0.0,0.0,0.0,100.0,0,0,2826
2676753,0,0,0,99.99,0.0,0.0,0.0,0.0,0.0,0.0,0.0,0.0,0.0,0.0,0.0,0.0,0.79,-3.42,-43.77,0.0,0.0,0.0,100.0,0,0,2826
2676953,0,0,0,99.99,0.0,0.0,0.0,0.0,0.0,0.0,0.0,0.0,0.0,0.0,0.0,0.0,0.79,-3.42,-43.74,0.0,0.0,0.0,100.0,0,0,2830
2677153,0,0,0,99.99,0.0,0.0,0.0,0.0,0.0,0.0,0.0,0.0,0.0,0.0,0.0,0.0,0.77,-3.41,-43.74,0.0,0.0,0.0,100.0,0,0,2832
2677353,0,0,0,99.99,0.0,0.0,0.0,0.0,0.0,0.0,0.0,0.0,0.0,0.0,0.0,0.0,0.77,-3.41,-43.74,0.0,0.0,0.0,100.0,0,0,2832
2677553,0,0,0,99.99,0.0,0.0,0.0,0.0,0.0,0.0,0.0,0.0,0.0,0.0,0.0,0.0,0.76,-3.41,-43.73,0.0,0.0,0.0,100.0,0,0,2832
2677753,0,0,0,99.99,0.0,0.0,0.0,0.0,0.0,0.0,0.0,0.0,0.0,0.0,0.0,0.0,0.76,-3.41,-43.7,0.0,0.0,0.0,100.0,0,0,2832
2677953,0,0,0,99.99,0.0,0.0,0.0,0.0,0.0,0.0,0.0,0.0,0.0,0.0,0.0,0.0,0.75,-3.41,-43.67,0.0,0.0,0.0,100.0,0,0,2832
2678153,0,0,0,99.99,0.0,0.0,0.0,0.0,0.0,0.0,0.0,0.0,0.0,0.0,0.0,0.0,0.76,-3.43,-43.7,0.0,0.0,0.0,100.0,0,0,2837
2678353,0,0,0,99.99,0.0,0.0,0.0,0.0,0.0,0.0,0.0,0.0,0.0,0.0,0.0,0.0,0.75,-3.42,-43.72,0.0,0.0,0.0,100.0,0,0,2838
2678553,0,0,0,99.99,0.0,0.0,0.0,0.0,0.0,0.0,0.0,0.0,0.0,0.0,0.0,0.0,0.75,-3.42,-43.72,0.0,0.0,0.0,100.0,0,0,2838
2678753,0,0,0,99.99,0.0,0.0,0.0,0.0,0.0,0.0,0.0,0.0,0.0,0.0,0.0,0.0,0.76,-3.41,-43.74,0.0,0.0,0.0,100.0,0,0,2838
2678953,0,0,0,99.99,0.0,0.0,0.0,0.0,0.0,0.0,0.0,0.0,0.0,0.0,0.0,0.0,0.75,-3.39,-43.76,0.0,0.0,0.0,100.0,0,0,2841
2679153,0,0,0,99.99,0.0,0.0,0.0,0.0,0.0,0.0,0.0,0.0,0.0,0.0,0.0,0.0,0.75,-3.39,-43.72,0.0,0.0,0.0,100.0,0,0,2844
2679353,0,0,0,99.99,0.0,0.0,0.0,0.0,0.0,0.0,0.0,0.0,0.0,0.0,0.0,0.0,0.76,-3.4,-43.72,0.0,0.0,0.0,100.0,0,0,2844
2679553,0,0,0,99.99,0.0,0.0,0.0,0.0,0.0,0.0,0.0,0.0,0.0,0.0,0.0,0.0,0.77,-3.4,-43.74,0.0,0.0,0.0,100.0,0,0,2844
2679753,0,0,0,99.99,0.0,0.0,0.0,0.0,0.0,0.0,0.0,0.0,0.0,0.0,0.0,0.0,0.76,-3.41,-43.74,0.0,0.0,0.0,100.0,0,0,2844
2679954,0,0,0,99.99,0.0,0.0,0.0,0.0,0.0,0.0,0.0,0.0,0.0,0.0,0.0,0.0,0.75,-3.42,-43.7,0.0,0.0,0.0,100.0,0,0,2848
2680163,0,0,0,99.99,0.0,0.0,0.0,0.0,0.0,0.0,0.0,0.0,0.0,0.0,0.0,0.0,0.76,-3.41,-43.71,0.0,0.0,0.0,100.0,0,0,2850
2680363,0,0,0,99.99,0.0,0.0,0.0,0.0,0.0,0.0,0.0,0.0,0.0,0.0,0.0,0.0,0.76,-3.41,-43.71,0.0,0.0,0.0,100.0,0,0,2850
2680563,0,0,0,99.99,0.0,0.0,0.0,0.0,0.0,0.0,0.0,0.0,0.0,0.0,0.0,0.0,0.76,-3.41,-43.7,0.0,0.0,0.0,100.0,0,0,2850
2680763,0,0,0,99.99,0.0,0.0,0.0,0.0,0.0,0.0,0.0,0.0,0.0,0.0,0.0,0.0,0.76,-3.42,-43.69,0.0,0.0,0.0,100.0,0,0,2850
2680963,0,0,0,99.99,0.0,0.0,0.0,0.0,0.0,0.0,0.0,0.0,0.0,0.0,0.0,0.0,0.76,-3.45,-43.66,0.0,0.0,0.0,100.0,0,0,2854
2681163,0,0,0,99.99,0.0,0.0,0.0,0.0,0.0,0.0,0.0,0.0,0.0,0.0,0.0,0.0,0.76,-3.43,-43.68,0.0,0.0,0.0,100.0,0,0,2856
2681363,0,0,0,99.99,0.0,0.0,0.0,0.0,0.0,0.0,0.0,0.0,0.0,0.0,0.0,0.0,0.76,-3.42,-43.66,0.0,0.0,0.0,100.0,0,0,2856
2681563,0,0,0,99.99,0.0,0.0,0.0,0.0,0.0,0.0,0.0,0.0,0.0,0.0,0.0,0.0,0.77,-3.41,-43.7,0.0,0.0,0.0,100.0,0,0,2856
2681763,0,0,0,99.99,0.0,0.0,0.0,0.0,0.0,0.0,0.0,0.0,0.0,0.0,0.0,0.0,0.76,-3.41,-43.7,0.0,0.0,0.0,100.0,0,0,2856
2681963,0,0,0,99.99,0.0,0.0,0.0,0.0,0.0,0.0,0.0,0.0,0.0,0.0,0.0,0.0,0.76,-3.41,-43.71,0.0,0.0,0.0,100.0,0,0,2860
2682163,0,0,0,99.99,0.0,0.0,0.0,0.0,0.0,0.0,0.0,0.0,0.0,0.0,0.0,0.0,0.77,-3.4,-43.7,0.0,0.0,0.0,100.0,0,0,2862
2682363,0,0,0,99.99,0.0,0.0,0.0,0.0,0.0,0.0,0.0,0.0,0.0,0.0,0.0,0.0,0.76,-3.38,-43.7,0.0,0.0,0.0,100.0,0,0,2862
2682563,0,0,0,99.99,0.0,0.0,0.0,0.0,0.0,0.0,0.0,0.0,0.0,0.0,0.0,0.0,0.77,-3.39,-43.71,0.0,0.0,0.0,100.0,0,0,2862
2682763,0,0,0,99.99,0.0,0.0,0.0,0.0,0.0,0.0,0.0,0.0,0.0,0.0,0.0,0.0,0.75,-3.38,-43.74,0.0,0.0,0.0,100.0,0,0,2862
2682963,0,0,0,99.99,0.0,0.0,0.0,0.0,0.0,0.0,0.0,0.0,0.0,0.0,0.0,0.0,0.75,-3.41,-43.73,0.0,0.0,0.0,100.0,0,0,2866
2683163,0,0,0,99.99,0.0,0.0,0.0,0.0,0.0,0.0,0.0,0.0,0.0,0.0,0.0,0.0,0.75,-3.37,-43.73,0.0,0.0,0.0,100.0,0,0,2868
2683363,0,0,0,99.99,0.0,0.0,0.0,0.0,0.0,0.0,0.0,0.0,0.0,0.0,0.0,0.0,0.76,-3.38,-43.72,0.0,0.0,0.0,100.0,0,0,2868
2683563,0,0,0,99.99,0.0,0.0,0.0,0.0,0.0,0.0,0.0,0.0,0.0,0.0,0.0,0.0,0.75,-3.39,-43.7,0.0,0.0,0.0,100.0,0,0,2868
2683763,0,0,0,99.99,0.0,0.0,0.0,0.0,0.0,0.0,0.0,0.0,0.0,0.0,0.0,0.0,0.75,-3.38,-43.7,0.0,0.0,0.0,100.0,0,0,2868
2683963,0,0,0,99.99,0.0,0.0,0.0,0.0,0.0,0.0,0.0,0.0,0.0,0.0,0.0,0.0,0.75,-3.39,-43.7,0.0,0.0,0.0,100.0,0,0,2868
2684163,0,0,0,99.99,0.0,0.0,0.0,0.0,0.0,0.0,0.0,0.0,0.0,0.0,0.0,0.0,0.75,-3.4,-43.71,0.0,0.0,0.0,100.0,0,0,2873
2684363,0,0,0,99.99,0.0,0.0,0.0,0.0,0.0,0.0,0.0,0.0,0.0,0.0,0.0,0.0,0.76,-3.4,-43.72,0.0,0.0,0.0,100.0,0,0,2874
2684563,0,0,0,99.99,0.0,0.0,0.0,0.0,0.0,0.0,0.0,0.0,0.0,0.0,0.0,0.0,0.76,-3.41,-43.71,0.0,0.0,0.0,100.0,0,0,2874
2684763,0,0,0,99.99,0.0,0.0,0.0,0.0,0.0,0.0,0.0,0.0,0.0,0.0,0.0,0.0,0.76,-3.4,-43.74,0.0,0.0,0.0,100.0,0,0,2874
2684963,0,0,0,99.99,0.0,0.0,0.0,0.0,0.0,0.0,0.0,0.0,0.0,0.0,0.0,0.0,0.76,-3.4,-43.76,0.0,0.0,0.0,100.0,0,0,2878
2685163,0,0,0,99.99,0.0,0.0,0.0,0.0,0.0,0.0,0.0,0.0,0.0,0.0,0.0,0.0,0.76,-3.4,-43.72,0.0,0.0,0.0,100.0,0,0,2880
2685363,0,0,0,99.99,0.0,0.0,0.0,0.0,0.0,0.0,0.0,0.0,0.0,0.0,0.0,0.0,0.76,-3.39,-43.71,0.0,0.0,0.0,100.0,0,0,2880
2685563,0,0,0,99.99,0.0,0.0,0.0,0.0,0.0,0.0,0.0,0.0,0.0,0.0,0.0,0.0,0.75,-3.39,-43.72,0.0,0.0,0.0,100.0,0,0,2880
2685763,0,0,0,99.99,0.0,0.0,0.0,0.0,0.0,0.0,0.0,0.0,0.0,0.0,0.0,0.0,0.76,-3.4,-43.69,0.0,0.0,0.0,100.0,0,0,2880
2685963,0,0,0,99.99,0.0,0.0,0.0,0.0,0.0,0.0,0.0,0.0,0.0,0.0,0.0,0.0,0.75,-3.38,-43.69,0.0,0.0,0.0,100.0,0,0,2884
2686163,0,0,0,99.99,0.0,0.0,0.0,0.0,0.0,0.0,0.0,0.0,0.0,0.0,0.0,0.0,0.75,-3.37,-43.69,0.0,0.0,0.0,100.0,0,0,2886
2686363,0,0,0,99.99,0.0,0.0,0.0,0.0,0.0,0.0,0.0,0.0,0.0,0.0,0.0,0.0,0.75,-3.37,-43.7,0.0,0.0,0.0,100.0,0,0,2886
2686563,0,0,0,99.99,0.0,0.0,0.0,0.0,0.0,0.0,0.0,0.0,0.0,0.0,0.0,0.0,0.76,-3.37,-43.7,0.0,0.0,0.0,100.0,0,0,2886
2686763,0,0,0,99.99,0.0,0.0,0.0,0.0,0.0,0.0,0.0,0.0,0.0,0.0,0.0,0.0,0.76,-3.38,-43.71,0.0,0.0,0.0,100.0,0,0,2886
2686963,0,0,0,99.99,0.0,0.0,0.0,0.0,0.0,0.0,0.0,0.0,0.0,0.0,0.0,0.0,0.76,-3.37,-43.71,0.0,0.0,0.0,100.0,0,0,2890
2687163,0,0,0,99.99,0.0,0.0,0.0,0.0,0.0,0.0,0.0,0.0,0.0,0.0,0.0,0.0,0.76,-3.37,-43.69,0.0,0.0,0.0,100.0,0,0,2892
2687363,0,0,0,99.99,0.0,0.0,0.0,0.0,0.0,0.0,0.0,0.0,0.0,0.0,0.0,0.0,0.76,-3.38,-43.67,0.0,0.0,0.0,100.0,0,0,2892
2687563,0,0,0,99.99,0.0,0.0,0.0,0.0,0.0,0.0,0.0,0.0,0.0,0.0,0.0,0.0,0.76,-3.39,-43.68,0.0,0.0,0.0,100.0,0,0,2892
2687763,0,0,0,99.99,0.0,0.0,0.0,0.0,0.0,0.0,0.0,0.0,0.0,0.0,0.0,0.0,0.75,-3.39,-43.7,0.0,0.0,0.0,100.0,0,0,2892
2687963,0,0,0,99.99,0.0,0.0,0.0,0.0,0.0,0.0,0.0,0.0,0.0,0.0,0.0,0.0,0.74,-3.4,-43.67,0.0,0.0,0.0,100.0,0,0,2896
2688163,0,0,0,99.99,0.0,0.0,0.0,0.0,0.0,0.0,0.0,0.0,0.0,0.0,0.0,0.0,0.74,-3.39,-43.67,0.0,0.0,0.0,100.0,0,0,2898
2688363,0,0,0,99.99,0.0,0.0,0.0,0.0,0.0,0.0,0.0,0.0,0.0,0.0,0.0,0.0,0.75,-3.4,-43.67,0.0,0.0,0.0,100.0,0,0,2898
2688563,0,0,0,99.99,0.0,0.0,0.0,0.0,0.0,0.0,0.0,0.0,0.0,0.0,0.0,0.0,0.75,-3.4,-43.65,0.0,0.0,0.0,100.0,0,0,2898
2688763,0,0,0,99.99,0.0,0.0,0.0,0.0,0.0,0.0,0.0,0.0,0.0,0.0,0.0,0.0,0.76,-3.39,-43.69,0.0,0.0,0.0,100.0,0,0,2898
2688967,0,0,0,99.99,0.0,0.0,0.0,0.0,0.0,0.0,0.0,0.0,0.0,0.0,0.0,0.0,0.75,-3.38,-43.74,0.0,0.0,0.0,100.0,0,0,2902
2689173,0,0,0,99.99,0.0,0.0,0.0,0.0,0.0,0.0,0.0,0.0,0.0,0.0,0.0,0.0,0.75,-3.38,-43.73,0.0,0.0,0.0,100.0,0,0,2904
2689373,0,0,0,99.99,0.0,0.0,0.0,0.0,0.0,0.0,0.0,0.0,0.0,0.0,0.0,0.0,0.75,-3.38,-43.71,0.0,0.0,0.0,100.0,0,0,2904
2689573,0,0,0,99.99,0.0,0.0,0.0,0.0,0.0,0.0,0.0,0.0,0.0,0.0,0.0,0.0,0.73,-3.38,-43.73,0.0,0.0,0.0,100.0,0,0,2904
2689773,0,0,0,99.99,0.0,0.0,0.0,0.0,0.0,0.0,0.0,0.0,0.0,0.0,0.0,0.0,0.75,-3.39,-43.74,0.0,0.0,0.0,100.0,0,0,2904
2689973,0,0,0,99.99,0.0,0.0,0.0,0.0,0.0,0.0,0.0,0.0,0.0,0.0,0.0,0.0,0.74,-3.38,-43.69,0.0,0.0,0.0,100.0,0,0,2904
2690173,0,0,0,99.99,0.0,0.0,0.0,0.0,0.0,0.0,0.0,0.0,0.0,0.0,0.0,0.0,0.73,-3.39,-43.7,0.0,0.0,0.0,100.0,0,0,2910
2690373,0,0,0,99.99,0.0,0.0,0.0,0.0,0.0,0.0,0.0,0.0,0.0,0.0,0.0,0.0,0.72,-3.38,-43.71,0.0,0.0,0.0,100.0,0,0,2910
2690573,0,0,0,99.99,0.0,0.0,0.0,0.0,0.0,0.0,0.0,0.0,0.0,0.0,0.0,0.0,0.73,-3.4,-43.69,0.0,0.0,0.0,100.0,0,0,2910
2690773,0,0,0,99.99,0.0,0.0,0.0,0.0,0.0,0.0,0.0,0.0,0.0,0.0,0.0,0.0,0.73,-3.4,-43.69,0.0,0.0,0.0,100.0,0,0,2910
2690973,0,0,0,99.99,0.0,0.0,0.0,0.0,0.0,0.0,0.0,0.0,0.0,0.0,0.0,0.0,0.75,-3.4,-43.68,0.0,0.0,0.0,100.0,0,0,2914
2691173,0,0,0,99.99,0.0,0.0,0.0,0.0,0.0,0.0,0.0,0.0,0.0,0.0,0.0,0.0,0.73,-3.41,-43.68,0.0,0.0,0.0,100.0,0,0,2916
2691373,0,0,0,99.99,0.0,0.0,0.0,0.0,0.0,0.0,0.0,0.0,0.0,0.0,0.0,0.0,0.74,-3.4,-43.66,0.0,0.0,0.0,100.0,0,0,2916
2691573,0,0,0,99.99,0.0,0.0,0.0,0.0,0.0,0.0,0.0,0.0,0.0,0.0,0.0,0.0,0.74,-3.41,-43.68,0.0,0.0,0.0,100.0,0,0,2916
2691773,0,0,0,99.99,0.0,0.0,0.0,0.0,0.0,0.0,0.0,0.0,0.0,0.0,0.0,0.0,0.74,-3.41,-43.67,0.0,0.0,0.0,100.0,0,0,2916
2691973,0,0,0,99.99,0.0,0.0,0.0,0.0,0.0,0.0,0.0,0.0,0.0,0.0,0.0,0.0,0.73,-3.41,-43.68,0.0,0.0,0.0,100.0,0,0,2920
2692173,0,0,0,99.99,0.0,0.0,0.0,0.0,0.0,0.0,0.0,0.0,0.0,0.0,0.0,0.0,0.74,-3.39,-43.69,0.0,0.0,0.0,100.0,0,0,2922
2692373,0,0,0,99.99,0.0,0.0,0.0,0.0,0.0,0.0,0.0,0.0,0.0,0.0,0.0,0.0,0.74,-3.4,-43.7,0.0,0.0,0.0,100.0,0,0,2922
2692573,0,0,0,99.99,0.0,0.0,0.0,0.0,0.0,0.0,0.0,0.0,0.0,0.0,0.0,0.0,0.73,-3.4,-43.7,0.0,0.0,0.0,100.0,0,0,2922
2692773,0,0,0,99.99,0.0,0.0,0.0,0.0,0.0,0.0,0.0,0.0,0.0,0.0,0.0,0.0,0.72,-3.4,-43.69,0.0,0.0,0.0,100.0,0,0,2922
2692973,0,0,0,99.99,0.0,0.0,0.0,0.0,0.0,0.0,0.0,0.0,0.0,0.0,0.0,0.0,0.72,-3.4,-43.66,0.0,0.0,0.0,100.0,0,0,2926
2693173,0,0,0,99.99,0.0,0.0,0.0,0.0,0.0,0.0,0.0,0.0,0.0,0.0,0.0,0.0,0.71,-3.41,-43.64,0.0,0.0,0.0,100.0,0,0,2928
2693373,0,0,0,99.99,0.0,0.0,0.0,0.0,0.0,0.0,0.0,0.0,0.0,0.0,0.0,0.0,0.73,-3.41,-43.64,0.0,0.0,0.0,100.0,0,0,2928
2693573,0,0,0,99.99,0.0,0.0,0.0,0.0,0.0,0.0,0.0,0.0,0.0,0.0,0.0,0.0,0.73,-3.4,-43.68,0.0,0.0,0.0,100.0,0,0,2928
2693774,0,0,0,99.99,0.0,0.0,0.0,0.0,0.0,0.0,0.0,0.0,0.0,0.0,0.0,0.0,0.74,-3.41,-43.67,0.0,0.0,0.0,100.0,0,0,2928
2693983,0,0,0,99.99,0.0,0.0,0.0,0.0,0.0,0.0,0.0,0.0,0.0,0.0,0.0,0.0,0.73,-3.4,-43.65,0.0,0.0,0.0,100.0,0,0,2933
2694183,0,0,0,99.99,0.0,0.0,0.0,0.0,0.0,0.0,0.0,0.0,0.0,0.0,0.0,0.0,0.73,-3.41,-43.65,0.0,0.0,0.0,100.0,0,0,2934
2694383,0,0,0,99.99,0.0,0.0,0.0,0.0,0.0,0.0,0.0,0.0,0.0,0.0,0.0,0.0,0.73,-3.4,-43.65,0.0,0.0,0.0,100.0,0,0,2934
2694583,0,0,0,99.99,0.0,0.0,0.0,0.0,0.0,0.0,0.0,0.0,0.0,0.0,0.0,0.0,0.76,-3.41,-43.7,0.0,0.0,0.0,100.0,0,0,2934
2694783,0,0,0,99.99,0.0,0.0,0.0,0.0,0.0,0.0,0.0,0.0,0.0,0.0,0.0,0.0,0.74,-3.39,-43.71,0.0,0.0,0.0,100.0,0,0,2934
2694983,0,0,0,99.99,0.0,0.0,0.0,0.0,0.0,0.0,0.0,0.0,0.0,0.0,0.0,0.0,0.74,-3.39,-43.72,0.0,0.0,0.0,100.0,0,0,2939
2695183,0,0,0,99.99,0.0,0.0,0.0,0.0,0.0,0.0,0.0,0.0,0.0,0.0,0.0,0.0,0.75,-3.4,-43.69,0.0,0.0,0.0,100.0,0,0,2940
2695383,0,0,0,99.99,0.0,0.0,0.0,0.0,0.0,0.0,0.0,0.0,0.0,0.0,0.0,0.0,0.76,-3.4,-43.69,0.0,0.0,0.0,100.0,0,0,2940
2695583,0,0,0,99.99,0.0,0.0,0.0,0.0,0.0,0.0,0.0,0.0,0.0,0.0,0.0,0.0,0.75,-3.4,-43.69,0.0,0.0,0.0,100.0,0,0,2940
2695783,0,0,0,99.99,0.0,0.0,0.0,0.0,0.0,0.0,0.0,0.0,0.0,0.0,0.0,0.0,0.74,-3.43,-43.68,0.0,0.0,0.0,100.0,0,0,2940
2695983,0,0,0,99.99,0.0,0.0,0.0,0.0,0.0,0.0,0.0,0.0,0.0,0.0,0.0,0.0,0.74,-3.42,-43.67,0.0,0.0,0.0,100.0,0,0,2940
2696183,0,0,0,99.99,0.0,0.0,0.0,0.0,0.0,0.0,0.0,0.0,0.0,0.0,0.0,0.0,0.74,-3.41,-43.68,0.0,0.0,0.0,100.0,0,0,2946
2696383,0,0,0,99.99,0.0,0.0,0.0,0.0,0.0,0.0,0.0,0.0,0.0,0.0,0.0,0.0,0.74,-3.4,-43.72,0.0,0.0,0.0,100.0,0,0,2946
2696584,0,0,0,99.99,0.0,0.0,0.0,0.0,0.0,0.0,0.0,0.0,0.0,0.0,0.0,0.0,0.76,-3.4,-43.72,0.0,0.0,0.0,100.0,0,0,2946
2696793,0,0,0,99.99,0.0,0.0,0.0,0.0,0.0,0.0,0.0,0.0,0.0,0.0,0.0,0.0,0.76,-3.41,-43.67,0.0,0.0,0.0,100.0,0,0,2946
2696993,0,0,0,99.99,0.0,0.0,0.0,0.0,0.0,0.0,0.0,0.0,0.0,0.0,0.0,0.0,0.75,-3.4,-43.69,0.0,0.0,0.0,100.0,0,0,2951
2697193,0,0,0,99.99,0.0,0.0,0.0,0.0,0.0,0.0,0.0,0.0,0.0,0.0,0.0,0.0,0.75,-3.4,-43.71,0.0,0.0,0.0,100.0,0,0,2952
2697394,0,0,0,99.99,0.0,0.0,0.0,0.0,0.0,0.0,0.0,0.0,0.0,0.0,0.0,0.0,0.75,-3.39,-43.72,0.0,0.0,0.0,100.0,0,0,2952
2697603,0,0,0,99.99,0.0,0.0,0.0,0.0,0.0,0.0,0.0,0.0,0.0,0.0,0.0,0.0,0.75,-3.39,-43.68,0.0,0.0,0.0,100.0,0,0,2952
2697803,0,0,0,99.99,0.0,0.0,0.0,0.0,0.0,0.0,0.0,0.0,0.0,0.0,0.0,0.0,0.75,-3.39,-43.68,0.0,0.0,0.0,100.0,0,0,2952
2698003,0,0,0,99.99,0.0,0.0,0.0,0.0,0.0,0.0,0.0,0.0,0.0,0.0,0.0,0.0,0.76,-3.39,-43.69,0.0,0.0,0.0,100.0,0,0,2957
2698203,0,0,0,99.99,0.0,0.0,0.0,0.0,0.0,0.0,0.0,0.0,0.0,0.0,0.0,0.0,0.75,-3.39,-43.65,0.0,0.0,0.0,100.0,0,0,2958
2698403,0,0,0,99.99,0.0,0.0,0.0,0.0,0.0,0.0,0.0,0.0,0.0,0.0,0.0,0.0,0.76,-3.4,-43.67,0.0,0.0,0.0,100.0,0,0,2958
2698603,0,0,0,99.99,0.0,0.0,0.0,0.0,0.0,0.0,0.0,0.0,0.0,0.0,0.0,0.0,0.75,-3.4,-43.69,0.0,0.0,0.0,100.0,0,0,2958
2698803,0,0,0,99.99,0.0,0.0,0.0,0.0,0.0,0.0,0.0,0.0,0.0,0.0,0.0,0.0,0.75,-3.4,-43.72,0.0,0.0,0.0,100.0,0,0,2958
2699003,0,0,0,99.99,0.0,0.0,0.0,0.0,0.0,0.0,0.0,0.0,0.0,0.0,0.0,0.0,0.76,-3.38,-43.72,0.0,0.0,0.0,100.0,0,0,2963
2699203,0,0,0,99.99,0.0,0.0,0.0,0.0,0.0,0.0,0.0,0.0,0.0,0.0,0.0,0.0,0.75,-3.39,-43.75,0.0,0.0,0.0,100.0,0,0,2964
2699403,0,0,0,99.99,0.0,0.0,0.0,0.0,0.0,0.0,0.0,0.0,0.0,0.0,0.0,0.0,0.75,-3.39,-43.72,0.0,0.0,0.0,100.0,0,0,2964
2699603,0,0,0,99.99,0.0,0.0,0.0,0.0,0.0,0.0,0.0,0.0,0.0,0.0,0.0,0.0,0.74,-3.39,-43.71,0.0,0.0,0.0,100.0,0,0,2964
2699803,0,0,0,99.99,0.0,0.0,0.0,0.0,0.0,0.0,0.0,0.0,0.0,0.0,0.0,0.0,0.74,-3.39,-43.72,0.0,0.0,0.0,100.0,0,0,2964
2700003,0,0,0,99.99,0.0,0.0,0.0,0.0,0.0,0.0,0.0,0.0,0.0,0.0,0.0,0.0,0.73,-3.38,-43.78,0.0,0.0,0.0,100.0,0,0,2969
2700203,0,0,0,99.99,0.0,0.0,0.0,0.0,0.0,0.0,0.0,0.0,0.0,0.0,0.0,0.0,0.74,-3.39,-43.77,0.0,0.0,0.0,100.0,0,0,2970
2700403,0,0,0,99.99,0.0,0.0,0.0,0.0,0.0,0.0,0.0,0.0,0.0,0.0,0.0,0.0,0.74,-3.37,-43.78,0.0,0.0,0.0,100.0,0,0,2970
2700603,0,0,0,99.99,0.0,0.0,0.0,0.0,0.0,0.0,0.0,0.0,0.0,0.0,0.0,0.0,0.74,-3.39,-43.77,0.0,0.0,0.0,100.0,0,0,2970
2700803,0,0,0,99.99,0.0,0.0,0.0,0.0,0.0,0.0,0.0,0.0,0.0,0.0,0.0,0.0,0.74,-3.38,-43.76,0.0,0.0,0.0,100.0,0,0,2970
2701003,0,0,0,99.99,0.0,0.0,0.0,0.0,0.0,0.0,0.0,0.0,0.0,0.0,0.0,0.0,0.74,-3.39,-43.73,0.0,0.0,0.0,100.0,0,0,2975
2701203,0,0,0,99.99,0.0,0.0,0.0,0.0,0.0,0.0,0.0,0.0,0.0,0.0,0.0,0.0,0.73,-3.39,-43.73,0.0,0.0,0.0,100.0,0,0,2976
2701403,0,0,0,99.99,0.0,0.0,0.0,0.0,0.0,0.0,0.0,0.0,0.0,0.0,0.0,0.0,0.74,-3.39,-43.73,0.0,0.0,0.0,100.0,0,0,2976
2701603,0,0,0,99.99,0.0,0.0,0.0,0.0,0.0,0.0,0.0,0.0,0.0,0.0,0.0,0.0,0.75,-3.38,-43.76,0.0,0.0,0.0,100.0,0,0,2976
2701803,0,0,0,99.99,0.0,0.0,0.0,0.0,0.0,0.0,0.0,0.0,0.0,0.0,0.0,0.0,0.76,-3.37,-43.78,0.0,0.0,0.0,100.0,0,0,2976
2702003,0,0,0,99.99,0.0,0.0,0.0,0.0,0.0,0.0,0.0,0.0,0.0,0.0,0.0,0.0,0.75,-3.37,-43.77,0.0,0.0,0.0,100.0,0,0,2977
2702203,0,0,0,99.99,0.0,0.0,0.0,0.0,0.0,0.0,0.0,0.0,0.0,0.0,0.0,0.0,0.75,-3.37,-43.79,0.0,0.0,0.0,100.0,0,0,2982
2702403,0,0,0,99.99,0.0,0.0,0.0,0.0,0.0,0.0,0.0,0.0,0.0,0.0,0.0,0.0,0.76,-3.4,-43.77,0.0,0.0,0.0,100.0,0,0,2982
2702603,0,0,0,99.99,0.0,0.0,0.0,0.0,0.0,0.0,0.0,0.0,0.0,0.0,0.0,0.0,0.76,-3.39,-43.73,0.0,0.0,0.0,100.0,0,0,2982
2702803,0,0,0,99.99,0.0,0.0,0.0,0.0,0.0,0.0,0.0,0.0,0.0,0.0,0.0,0.0,0.76,-3.41,-43.73,0.0,0.0,0.0,100.0,0,0,2982
2703003,0,0,0,99.99,0.0,0.0,0.0,0.0,0.0,0.0,0.0,0.0,0.0,0.0,0.0,0.0,0.75,-3.4,-43.72,0.0,0.0,0.0,100.0,0,0,2987
2703203,0,0,0,99.99,0.0,0.0,0.0,0.0,0.0,0.0,0.0,0.0,0.0,0.0,0.0,0.0,0.76,-3.39,-43.73,0.0,0.0,0.0,100.0,0,0,2988
2703403,0,0,0,99.99,0.0,0.0,0.0,0.0,0.0,0.0,0.0,0.0,0.0,0.0,0.0,0.0,0.77,-3.4,-43.75,0.0,0.0,0.0,100.0,0,0,2988
2703603,0,0,0,99.99,0.0,0.0,0.0,0.0,0.0,0.0,0.0,0.0,0.0,0.0,0.0,0.0,0.76,-3.4,-43.75,0.0,0.0,0.0,100.0,0,0,2988
2703803,0,0,0,99.99,0.0,0.0,0.0,0.0,0.0,0.0,0.0,0.0,0.0,0.0,0.0,0.0,0.76,-3.41,-43.73,0.0,0.0,0.0,100.0,0,0,2988
2704003,0,0,0,99.99,0.0,0.0,0.0,0.0,0.0,0.0,0.0,0.0,0.0,0.0,0.0,0.0,0.76,-3.41,-43.69,0.0,0.0,0.0,100.0,0,0,2993
2704203,0,0,0,99.99,0.0,0.0,0.0,0.0,0.0,0.0,0.0,0.0,0.0,0.0,0.0,0.0,0.74,-3.42,-43.7,0.0,0.0,0.0,100.0,0,0,2994
2704403,0,0,0,99.99,0.0,0.0,0.0,0.0,0.0,0.0,0.0,0.0,0.0,0.0,0.0,0.0,0.73,-3.42,-43.69,0.0,0.0,0.0,100.0,0,0,2994
2704603,0,0,0,99.99,0.0,0.0,0.0,0.0,0.0,0.0,0.0,0.0,0.0,0.0,0.0,0.0,0.74,-3.4,-43.69,0.0,0.0,0.0,100.0,0,0,2994
2704803,0,0,0,99.99,0.0,0.0,0.0,0.0,0.0,0.0,0.0,0.0,0.0,0.0,0.0,0.0,0.73,-3.42,-43.67,0.0,0.0,0.0,100.0,0,0,2994
2705004,0,0,0,99.99,0.0,0.0,0.0,0.0,0.0,0.0,0.0,0.0,0.0,0.0,0.0,0.0,0.74,-3.41,-43.7,0.0,0.0,0.0,100.0,0,0,2999
2705204,0,0,0,99.99,0.0,0.0,0.0,0.0,0.0,0.0,0.0,0.0,0.0,0.0,0.0,0.0,0.75,-3.4,-43.7,0.0,0.0,0.0,100.0,0,0,3000
2705413,0,0,0,99.99,0.0,0.0,0.0,0.0,0.0,0.0,0.0,0.0,0.0,0.0,0.0,0.0,0.76,-3.39,-43.71,0.0,0.0,0.0,100.0,0,0,3000
2705613,0,0,0,99.99,0.0,0.0,0.0,0.0,0.0,0.0,0.0,0.0,0.0,0.0,0.0,0.0,0.75,-3.4,-43.68,0.0,0.0,0.0,100.0,0,0,3000
2705813,0,0,0,99.99,0.0,0.0,0.0,0.0,0.0,0.0,0.0,0.0,0.0,0.0,0.0,0.0,0.75,-3.48,-43.68,0.0,0.0,0.0,100.0,0,0,3000
2706013,0,0,0,99.99,0.0,0.0,0.0,0.0,0.0,0.0,0.0,0.0,0.0,0.0,0.0,0.0,0.74,-3.46,-43.69,0.0,0.0,0.0,100.0,0,0,3006
2706213,0,0,0,99.99,0.0,0.0,0.0,0.0,0.0,0.0,0.0,0.0,0.0,0.0,0.0,0.0,0.74,-3.45,-43.72,0.0,0.0,0.0,100.0,0,0,3006
2706413,0,0,0,99.99,0.0,0.0,0.0,0.0,0.0,0.0,0.0,0.0,0.0,0.0,0.0,0.0,0.74,-3.43,-43.73,0.0,0.0,0.0,100.0,0,0,3006
2706613,0,0,0,99.99,0.0,0.0,0.0,0.0,0.0,0.0,0.0,0.0,0.0,0.0,0.0,0.0,0.73,-3.42,-43.73,0.0,0.0,0.0,100.0,0,0,3006
2706813,0,0,0,99.99,0.0,0.0,0.0,0.0,0.0,0.0,0.0,0.0,0.0,0.0,0.0,0.0,0.72,-3.42,-43.71,0.0,0.0,0.0,100.0,0,0,3006
2707013,0,0,0,99.99,0.0,0.0,0.0,0.0,0.0,0.0,0.0,0.0,0.0,0.0,0.0,0.0,0.72,-3.41,-43.71,0.0,0.0,0.0,100.0,0,0,3012
2707213,0,0,0,99.99,0.0,0.0,0.0,0.0,0.0,0.0,0.0,0.0,0.0,0.0,0.0,0.0,0.72,-3.4,-43.72,0.0,0.0,0.0,100.0,0,0,3012
2707413,0,0,0,99.99,0.0,0.0,0.0,0.0,0.0,0.0,0.0,0.0,0.0,0.0,0.0,0.0,0.72,-3.4,-43.72,0.0,0.0,0.0,100.0,0,0,3012
2707613,0,0,0,99.99,0.0,0.0,0.0,0.0,0.0,0.0,0.0,0.0,0.0,0.0,0.0,0.0,0.72,-3.4,-43.71,0.0,0.0,0.0,100.0,0,0,3012
2707813,0,0,0,99.99,0.0,0.0,0.0,0.0,0.0,0.0,0.0,0.0,0.0,0.0,0.0,0.0,0.72,-3.4,-43.69,0.0,0.0,0.0,100.0,0,0,3012
2708013,0,0,0,99.99,0.0,0.0,0.0,0.0,0.0,0.0,0.0,0.0,0.0,0.0,0.0,0.0,0.72,-3.39,-43.71,0.0,0.0,0.0,100.0,0,0,3013
2708213,0,0,0,99.99,0.0,0.0,0.0,0.0,0.0,0.0,0.0,0.0,0.0,0.0,0.0,0.0,0.72,-3.39,-43.69,0.0,0.0,0.0,100.0,0,0,3018
2708413,0,0,0,99.99,0.0,0.0,0.0,0.0,0.0,0.0,0.0,0.0,0.0,0.0,0.0,0.0,0.73,-3.39,-43.69,0.0,0.0,0.0,100.0,0,0,3018
2708613,0,0,0,99.99,0.0,0.0,0.0,0.0,0.0,0.0,0.0,0.0,0.0,0.0,0.0,0.0,0.73,-3.39,-43.72,0.0,0.0,0.0,100.0,0,0,3018
2708813,0,0,0,99.99,0.0,0.0,0.0,0.0,0.0,0.0,0.0,0.0,0.0,0.0,0.0,0.0,0.74,-3.4,-43.71,0.0,0.0,0.0,100.0,0,0,3018
2709013,0,0,0,99.99,0.0,0.0,0.0,0.0,0.0,0.0,0.0,0.0,0.0,0.0,0.0,0.0,0.74,-3.39,-43.72,0.0,0.0,0.0,100.0,0,0,3024
2709213,0,0,0,99.99,0.0,0.0,0.0,0.0,0.0,0.0,0.0,0.0,0.0,0.0,0.0,0.0,0.74,-3.39,-43.71,0.0,0.0,0.0,100.0,0,0,3024
2709413,0,0,0,99.99,0.0,0.0,0.0,0.0,0.0,0.0,0.0,0.0,0.0,0.0,0.0,0.0,0.75,-3.39,-43.67,0.0,0.0,0.0,100.0,0,0,3024
2709613,0,0,0,99.99,0.0,0.0,0.0,0.0,0.0,0.0,0.0,0.0,0.0,0.0,0.0,0.0,0.75,-3.38,-43.69,0.0,0.0,0.0,100.0,0,0,3024
2709813,0,0,0,99.99,0.0,0.0,0.0,0.0,0.0,0.0,0.0,0.0,0.0,0.0,0.0,0.0,0.75,-3.38,-43.7,0.0,0.0,0.0,100.0,0,0,3024
2710013,0,0,0,99.99,0.0,0.0,0.0,0.0,0.0,0.0,0.0,0.0,0.0,0.0,0.0,0.0,0.75,-3.39,-43.69,0.0,0.0,0.0,100.0,0,0,3029
2710213,0,0,0,99.99,0.0,0.0,0.0,0.0,0.0,0.0,0.0,0.0,0.0,0.0,0.0,0.0,0.76,-3.38,-43.7,0.0,0.0,0.0,100.0,0,0,3030
2710413,0,0,0,99.99,0.0,0.0,0.0,0.0,0.0,0.0,0.0,0.0,0.0,0.0,0.0,0.0,0.75,-3.38,-43.69,0.0,0.0,0.0,100.0,0,0,3030
2710613,0,0,0,99.99,0.0,0.0,0.0,0.0,0.0,0.0,0.0,0.0,0.0,0.0,0.0,0.0,0.76,-3.37,-43.71,0.0,0.0,0.0,100.0,0,0,3030
2710814,0,0,0,99.99,0.0,0.0,0.0,0.0,0.0,0.0,0.0,0.0,0.0,0.0,0.0,0.0,0.75,-3.38,-43.71,0.0,0.0,0.0,100.0,0,0,3030
2711023,0,0,0,99.99,0.0,0.0,0.0,0.0,0.0,0.0,0.0,0.0,0.0,0.0,0.0,0.0,0.75,-3.37,-43.71,0.0,0.0,0.0,100.0,0,0,3036
2711223,0,0,0,99.99,0.0,0.0,0.0,0.0,0.0,0.0,0.0,0.0,0.0,0.0,0.0,0.0,0.75,-3.37,-43.71,0.0,0.0,0.0,100.0,0,0,3036
2711423,0,0,0,99.99,0.0,0.0,0.0,0.0,0.0,0.0,0.0,0.0,0.0,0.0,0.0,0.0,0.75,-3.38,-43.72,0.0,0.0,0.0,100.0,0,0,3036
2711623,0,0,0,99.99,0.0,0.0,0.0,0.0,0.0,0.0,0.0,0.0,0.0,0.0,0.0,0.0,0.75,-3.38,-43.7,0.0,0.0,0.0,100.0,0,0,3036
2711823,0,0,0,99.99,0.0,0.0,0.0,0.0,0.0,0.0,0.0,0.0,0.0,0.0,0.0,0.0,0.76,-3.38,-43.73,0.0,0.0,0.0,100.0,0,0,3036
2712026,0,0,0,99.99,0.0,0.0,0.0,0.0,0.0,0.0,0.0,0.0,0.0,0.0,0.0,0.0,0.75,-3.38,-43.74,0.0,0.0,0.0,100.0,0,0,3042
2712233,0,0,0,99.99,0.0,0.0,0.0,0.0,0.0,0.0,0.0,0.0,0.0,0.0,0.0,0.0,0.73,-3.38,-43.73,0.0,0.0,0.0,100.0,0,0,3042
2712433,0,0,0,99.99,0.0,0.0,0.0,0.0,0.0,0.0,0.0,0.0,0.0,0.0,0.0,0.0,0.73,-3.38,-43.71,0.0,0.0,0.0,100.0,0,0,3042
2712633,0,0,0,99.99,0.0,0.0,0.0,0.0,0.0,0.0,0.0,0.0,0.0,0.0,0.0,0.0,0.73,-3.38,-43.69,0.0,0.0,0.0,100.0,0,0,3042
2712833,0,0,0,99.99,0.0,0.0,0.0,0.0,0.0,0.0,0.0,0.0,0.0,0.0,0.0,0.0,0.73,-3.38,-43.69,0.0,0.0,0.0,100.0,0,0,3042
2713033,0,0,0,99.99,0.0,0.0,0.0,0.0,0.0,0.0,0.0,0.0,0.0,0.0,0.0,0.0,0.73,-3.38,-43.7,0.0,0.0,0.0,100.0,0,0,3048
2713233,0,0,0,99.99,0.0,0.0,0.0,0.0,0.0,0.0,0.0,0.0,0.0,0.0,0.0,0.0,0.74,-3.38,-43.71,0.0,0.0,0.0,100.0,0,0,3048
2713433,0,0,0,99.99,0.0,0.0,0.0,0.0,0.0,0.0,0.0,0.0,0.0,0.0,0.0,0.0,0.74,-3.39,-43.71,0.0,0.0,0.0,100.0,0,0,3048
2713633,0,0,0,99.99,0.0,0.0,0.0,0.0,0.0,0.0,0.0,0.0,0.0,0.0,0.0,0.0,0.73,-3.4,-43.68,0.0,0.0,0.0,100.0,0,0,3048
2713833,0,0,0,99.99,0.0,0.0,0.0,0.0,0.0,0.0,0.0,0.0,0.0,0.0,0.0,0.0,0.73,-3.4,-43.68,0.0,0.0,0.0,100.0,0,0,3048
2714033,0,0,0,99.99,0.0,0.0,0.0,0.0,0.0,0.0,0.0,0.0,0.0,0.0,0.0,0.0,0.72,-3.39,-43.69,0.0,0.0,0.0,100.0,0,0,3050
2714233,0,0,0,99.99,0.0,0.0,0.0,0.0,0.0,0.0,0.0,0.0,0.0,0.0,0.0,0.0,0.71,-3.37,-43.68,0.0,0.0,0.0,100.0,0,0,3054
2714433,0,0,0,99.99,0.0,0.0,0.0,0.0,0.0,0.0,0.0,0.0,0.0,0.0,0.0,0.0,0.72,-3.38,-43.68,0.0,0.0,0.0,100.0,0,0,3054
2714633,0,0,0,99.99,0.0,0.0,0.0,0.0,0.0,0.0,0.0,0.0,0.0,0.0,0.0,0.0,0.72,-3.39,-43.68,0.0,0.0,0.0,100.0,0,0,3054
2714833,0,0,0,99.99,0.0,0.0,0.0,0.0,0.0,0.0,0.0,0.0,0.0,0.0,0.0,0.0,0.72,-3.4,-43.67,0.0,0.0,0.0,100.0,0,0,3054
2715033,0,0,0,99.99,0.0,0.0,0.0,0.0,0.0,0.0,0.0,0.0,0.0,0.0,0.0,0.0,0.72,-3.41,-43.66,0.0,0.0,0.0,100.0,0,0,3060
2715233,0,0,0,99.99,0.0,0.0,0.0,0.0,0.0,0.0,0.0,0.0,0.0,0.0,0.0,0.0,0.72,-3.41,-43.66,0.0,0.0,0.0,100.0,0,0,3060
2715433,0,0,0,99.99,0.0,0.0,0.0,0.0,0.0,0.0,0.0,0.0,0.0,0.0,0.0,0.0,0.72,-3.39,-43.71,0.0,0.0,0.0,100.0,0,0,3060
2715633,0,0,0,99.99,0.0,0.0,0.0,0.0,0.0,0.0,0.0,0.0,0.0,0.0,0.0,0.0,0.73,-3.39,-43.72,0.0,0.0,0.0,100.0,0,0,3060
2715833,0,0,0,99.99,0.0,0.0,0.0,0.0,0.0,0.0,0.0,0.0,0.0,0.0,0.0,0.0,0.71,-3.4,-43.69,0.0,0.0,0.0,100.0,0,0,3060
2716033,0,0,0,99.99,0.0,0.0,0.0,0.0,0.0,0.0,0.0,0.0,0.0,0.0,0.0,0.0,0.71,-3.4,-43.68,0.0,0.0,0.0,100.0,0,0,3066
2716233,0,0,0,99.99,0.0,0.0,0.0,0.0,0.0,0.0,0.0,0.0,0.0,0.0,0.0,0.0,0.72,-3.4,-43.69,0.0,0.0,0.0,100.0,0,0,3066
2716433,0,0,0,99.99,0.0,0.0,0.0,0.0,0.0,0.0,0.0,0.0,0.0,0.0,0.0,0.0,0.72,-3.4,-43.68,0.0,0.0,0.0,100.0,0,0,3066
2716633,0,0,0,99.99,0.0,0.0,0.0,0.0,0.0,0.0,0.0,0.0,0.0,0.0,0.0,0.0,0.72,-3.39,-43.7,0.0,0.0,0.0,100.0,0,0,3066
2716833,0,0,0,99.99,0.0,0.0,0.0,0.0,0.0,0.0,0.0,0.0,0.0,0.0,0.0,0.0,0.73,-3.39,-43.72,0.0,0.0,0.0,100.0,0,0,3066
2717034,0,0,0,99.99,0.0,0.0,0.0,0.0,0.0,0.0,0.0,0.0,0.0,0.0,0.0,0.0,0.72,-3.39,-43.73,0.0,0.0,0.0,100.0,0,0,3072
2717243,0,0,0,99.99,0.0,0.0,0.0,0.0,0.0,0.0,0.0,0.0,0.0,0.0,0.0,0.0,0.73,-3.39,-43.72,0.0,0.0,0.0,100.0,0,0,3072
2717443,0,0,0,99.99,0.0,0.0,0.0,0.0,0.0,0.0,0.0,0.0,0.0,0.0,0.0,0.0,0.72,-3.39,-43.7,0.0,0.0,0.0,100.0,0,0,3072
2717643,0,0,0,99.99,0.0,0.0,0.0,0.0,0.0,0.0,0.0,0.0,0.0,0.0,0.0,0.0,0.73,-3.4,-43.73,0.0,0.0,0.0,99.9,0,0,3072
2717844,0,0,0,99.99,0.0,0.0,0.0,0.0,0.0,0.0,0.0,0.0,0.0,0.0,0.0,0.0,0.7,-3.39,-43.74,0.0,0.0,0.0,99.9,0,0,3072
2718053,0,0,0,99.99,0.0,0.0,0.0,0.0,0.0,0.0,0.0,0.0,0.0,0.0,0.0,0.0,0.7,-3.4,-43.72,0.0,0.0,0.0,99.9,0,0,3078
2718253,0,0,0,99.99,0.0,0.0,0.0,0.0,0.0,0.0,0.0,0.0,0.0,0.0,0.0,0.0,0.7,-3.4,-43.69,0.0,0.0,0.0,99.9,0,0,3078
2718453,0,0,0,99.99,0.0,0.0,0.0,0.0,0.0,0.0,0.0,0.0,0.0,0.0,0.0,0.0,0.71,-3.39,-43.69,0.0,0.0,0.0,99.9,0,0,3078
2718653,0,0,0,99.99,0.0,0.0,0.0,0.0,0.0,0.0,0.0,0.0,0.0,0.0,0.0,0.0,0.71,-3.38,-43.72,0.0,0.0,0.0,100.1,0,0,3078
2718853,0,0,0,99.99,0.0,0.0,0.0,0.0,0.0,0.0,0.0,0.0,0.0,0.0,0.0,0.0,0.71,-3.38,-43.72,0.0,0.0,0.0,100.1,0,0,3079
2719053,0,0,0,99.99,0.0,0.0,0.0,0.0,0.0,0.0,0.0,0.0,0.0,0.0,0.0,0.0,0.72,-3.38,-43.73,0.0,0.0,0.0,100.1,0,0,3084
2719254,0,0,0,99.99,0.0,0.0,0.0,0.0,0.0,0.0,0.0,0.0,0.0,0.0,0.0,0.0,0.72,-3.4,-43.7,0.0,0.0,0.0,100.1,0,0,3084
2719463,0,0,0,99.99,0.0,0.0,0.0,0.0,0.0,0.0,0.0,0.0,0.0,0.0,0.0,0.0,0.73,-3.39,-43.75,0.0,0.0,0.0,100.1,0,0,3084
2719663,0,0,0,99.99,0.0,0.0,0.0,0.0,0.0,0.0,0.0,0.0,0.0,0.0,0.0,0.0,0.72,-3.39,-43.76,0.0,0.0,0.0,100.0,0,0,3084
2719863,0,0,0,99.99,0.0,0.0,0.0,0.0,0.0,0.0,0.0,0.0,0.0,0.0,0.0,0.0,0.73,-3.4,-43.74,0.0,0.0,0.0,100.0,0,0,3084
2720063,0,0,0,99.99,0.0,0.0,0.0,0.0,0.0,0.0,0.0,0.0,0.0,0.0,0.0,0.0,0.74,-3.39,-43.74,0.0,0.0,0.0,100.0,0,0,3086
2720263,0,0,0,99.99,0.0,0.0,0.0,0.0,0.0,0.0,0.0,0.0,0.0,0.0,0.0,0.0,0.73,-3.39,-43.74,0.0,0.0,0.0,100.0,0,0,3090
2720463,0,0,0,99.99,0.0,0.0,0.0,0.0,0.0,0.0,0.0,0.0,0.0,0.0,0.0,0.0,0.73,-3.4,-43.71,0.0,0.0,0.0,100.0,0,0,3090
2720664,0,0,0,99.99,0.0,0.0,0.0,0.0,0.0,0.0,0.0,0.0,0.0,0.0,0.0,0.0,0.73,-3.39,-43.72,0.0,0.0,0.0,100.0,0,0,3090
2720873,0,0,0,99.99,0.0,0.0,0.0,0.0,0.0,0.0,0.0,0.0,0.0,0.0,0.0,0.0,0.74,-3.39,-43.71,0.0,0.0,0.0,100.0,0,0,3092
2721073,0,0,0,99.99,0.0,0.0,0.0,0.0,0.0,0.0,0.0,0.0,0.0,0.0,0.0,0.0,0.74,-3.39,-43.72,0.0,0.0,0.0,100.0,0,0,3096
2721273,0,0,0,99.99,0.0,0.0,0.0,0.0,0.0,0.0,0.0,0.0,0.0,0.0,0.0,0.0,0.74,-3.4,-43.69,0.0,0.0,0.0,100.0,0,0,3096
2721473,0,0,0,99.99,0.0,0.0,0.0,0.0,0.0,0.0,0.0,0.0,0.0,0.0,0.0,0.0,0.73,-3.39,-43.69,0.0,0.0,0.0,100.0,0,0,3096
2721673,0,0,0,99.99,0.0,0.0,0.0,0.0,0.0,0.0,0.0,0.0,0.0,0.0,0.0,0.0,0.73,-3.37,-43.69,0.0,0.0,0.0,100.0,0,0,3096
2721873,0,0,0,99.99,0.0,0.0,0.0,0.0,0.0,0.0,0.0,0.0,0.0,0.0,0.0,0.0,0.74,-3.39,-43.7,0.0,0.0,0.0,100.0,0,0,3098
2722073,0,0,0,99.99,0.0,0.0,0.0,0.0,0.0,0.0,0.0,0.0,0.0,0.0,0.0,0.0,0.76,-3.39,-43.74,0.0,0.0,0.0,100.0,0,0,3102
2722273,0,0,0,99.99,0.0,0.0,0.0,0.0,0.0,0.0,0.0,0.0,0.0,0.0,0.0,0.0,0.75,-3.4,-43.73,0.0,0.0,0.0,100.0,0,0,3102
2722473,0,0,0,99.99,0.0,0.0,0.0,0.0,0.0,0.0,0.0,0.0,0.0,0.0,0.0,0.0,0.75,-3.41,-43.73,0.0,0.0,0.0,100.0,0,0,3102
2722673,0,0,0,99.99,0.0,0.0,0.0,0.0,0.0,0.0,0.0,0.0,0.0,0.0,0.0,0.0,0.75,-3.41,-43.72,0.0,0.0,0.0,100.0,0,0,3102
2722876,0,0,0,99.99,0.0,0.0,0.0,0.0,0.0,0.0,0.0,0.0,0.0,0.0,0.0,0.0,0.74,-3.41,-43.73,0.0,0.0,0.0,100.0,0,0,3104
2723083,0,0,0,99.99,0.0,0.0,0.0,0.0,0.0,0.0,0.0,0.0,0.0,0.0,0.0,0.0,0.75,-3.4,-43.74,0.0,0.0,0.0,100.0,0,0,3108
2723283,0,0,0,99.99,0.0,0.0,0.0,0.0,0.0,0.0,0.0,0.0,0.0,0.0,0.0,0.0,0.74,-3.39,-43.71,0.0,0.0,0.0,100.0,0,0,3108
2723483,0,0,0,99.99,0.0,0.0,0.0,0.0,0.0,0.0,0.0,0.0,0.0,0.0,0.0,0.0,0.74,-3.39,-43.7,0.0,0.0,0.0,100.0,0,0,3108
2723683,0,0,0,99.99,0.0,0.0,0.0,0.0,0.0,0.0,0.0,0.0,0.0,0.0,0.0,0.0,0.74,-3.38,-43.71,0.0,0.0,0.0,100.0,0,0,3108
2723883,0,0,0,99.99,0.0,0.0,0.0,0.0,0.0,0.0,0.0,0.0,0.0,0.0,0.0,0.0,0.74,-3.38,-43.7,0.0,0.0,0.0,100.0,0,0,3110
2724083,0,0,0,99.99,0.0,0.0,0.0,0.0,0.0,0.0,0.0,0.0,0.0,0.0,0.0,0.0,0.76,-3.38,-43.7,0.0,0.0,0.0,100.0,0,0,3114
2724283,0,0,0,99.99,0.0,0.0,0.0,0.0,0.0,0.0,0.0,0.0,0.0,0.0,0.0,0.0,0.75,-3.38,-43.71,0.0,0.0,0.0,100.0,0,0,3114
2724483,0,0,0,99.99,0.0,0.0,0.0,0.0,0.0,0.0,0.0,0.0,0.0,0.0,0.0,0.0,0.75,-3.38,-43.72,0.0,0.0,0.0,100.0,0,0,3114
2724683,0,0,0,99.99,0.0,0.0,0.0,0.0,0.0,0.0,0.0,0.0,0.0,0.0,0.0,0.0,0.76,-3.38,-43.73,0.0,0.0,0.0,100.0,0,0,3114
2724883,0,0,0,99.99,0.0,0.0,0.0,0.0,0.0,0.0,0.0,0.0,0.0,0.0,0.0,0.0,0.75,-3.38,-43.74,0.0,0.0,0.0,100.0,0,0,3116
2725083,0,0,0,99.99,0.0,0.0,0.0,0.0,0.0,0.0,0.0,0.0,0.0,0.0,0.0,0.0,0.76,-3.4,-43.73,0.0,0.0,0.0,100.0,0,0,3120
2725283,0,0,0,99.99,0.0,0.0,0.0,0.0,0.0,0.0,0.0,0.0,0.0,0.0,0.0,0.0,0.75,-3.37,-43.74,0.0,0.0,0.0,100.0,0,0,3120
2725483,0,0,0,99.99,0.0,0.0,0.0,0.0,0.0,0.0,0.0,0.0,0.0,0.0,0.0,0.0,0.76,-3.39,-43.75,0.0,0.0,0.0,100.0,0,0,3120
2725683,0,0,0,99.99,0.0,0.0,0.0,0.0,0.0,0.0,0.0,0.0,0.0,0.0,0.0,0.0,0.75,-3.4,-43.77,0.0,0.0,0.0,100.0,0,0,3120
2725883,0,0,0,99.99,0.0,0.0,0.0,0.0,0.0,0.0,0.0,0.0,0.0,0.0,0.0,0.0,0.75,-3.39,-43.76,0.0,0.0,0.0,100.0,0,0,3120
2726087,0,0,0,99.99,0.0,0.0,0.0,0.0,0.0,0.0,0.0,0.0,0.0,0.0,0.0,0.0,0.75,-3.4,-43.71,0.0,0.0,0.0,100.0,0,0,3123
2726293,0,0,0,99.99,0.0,0.0,0.0,0.0,0.0,0.0,0.0,0.0,0.0,0.0,0.0,0.0,0.76,-3.4,-43.72,0.0,0.0,0.0,100.0,0,0,3126
2726493,0,0,0,99.99,0.0,0.0,0.0,0.0,0.0,0.0,0.0,0.0,0.0,0.0,0.0,0.0,0.77,-3.39,-43.74,0.0,0.0,0.0,100.0,0,0,3126
2726693,0,0,0,99.99,0.0,0.0,0.0,0.0,0.0,0.0,0.0,0.0,0.0,0.0,0.0,0.0,0.78,-3.4,-43.71,0.0,0.0,0.0,100.0,0,0,3126
2726893,0,0,0,99.99,0.0,0.0,0.0,0.0,0.0,0.0,0.0,0.0,0.0,0.0,0.0,0.0,0.62,-3.33,-43.78,0.0,0.0,0.0,100.0,0,0,3128
2727093,0,0,0,99.99,0.0,0.0,0.0,0.0,0.0,0.0,0.0,0.0,0.0,0.0,0.0,0.0,0.95,-3.34,-43.27,0.0,0.0,0.0,100.0,0,0,3132
2727293,0,0,0,99.99,0.0,0.0,0.0,0.0,0.0,0.0,0.0,0.0,0.0,0.0,0.0,0.0,0.96,-3.32,-43.53,0.0,0.0,0.0,100.0,0,0,3132
2727493,0,0,0,99.99,0.0,0.0,0.0,0.0,0.0,0.0,0.0,0.0,0.0,0.0,0.0,0.0,0.85,-3.38,-43.83,0.0,0.0,0.0,100.0,0,0,3132
2727693,0,0,0,99.99,0.0,0.0,0.0,0.0,0.0,0.0,0.0,0.0,0.0,0.0,0.0,0.0,0.86,-3.32,-43.93,0.0,0.0,0.0,100.0,0,0,3132
2727893,0,0,0,99.99,0.0,0.0,0.0,0.0,0.0,0.0,0.0,0.0,0.0,0.0,0.0,0.0,0.88,-3.31,-44.02,0.0,0.0,0.0,100.0,0,0,3134
2728094,0,0,0,99.99,0.0,0.0,0.0,0.0,0.0,0.0,0.0,0.0,0.0,0.0,0.0,0.0,0.84,-3.34,-44.13,0.0,0.0,0.0,100.0,0,0,3138
2728303,0,0,0,99.99,0.0,0.0,0.0,0.0,0.0,0.0,0.0,0.0,0.0,0.0,0.0,0.0,0.83,-3.39,-44.24,0.0,0.0,0.0,100.0,0,0,3138
2728504,0,0,0,99.99,0.0,0.0,0.0,0.0,0.0,0.0,0.0,0.0,0.0,0.0,0.0,0.0,0.85,-3.39,-44.29,0.0,0.0,0.0,100.0,0,0,3138
2728713,0,0,0,99.99,0.0,0.0,0.0,0.0,0.0,0.0,0.0,0.0,0.0,0.0,0.0,0.0,0.83,-3.4,-44.34,0.0,0.0,0.0,100.0,0,0,3138
2728913,0,0,0,99.99,0.0,0.0,0.0,0.0,0.0,0.0,0.0,0.0,0.0,0.0,0.0,0.0,0.83,-3.42,-44.35,0.0,0.0,0.0,100.0,0,0,3141
2729113,0,0,0,99.99,0.0,0.0,0.0,0.0,0.0,0.0,0.0,0.0,0.0,0.0,0.0,0.0,0.91,-3.34,-44.36,0.0,0.0,0.0,100.0,0,0,3144
2729313,0,0,0,99.99,0.0,0.0,0.0,0.0,0.0,0.0,0.0,0.0,0.0,0.0,0.0,0.0,0.78,-3.41,-44.37,0.0,0.0,0.0,100.0,0,0,3144
2729513,0,0,0,99.99,0.0,0.0,0.0,0.0,0.0,0.0,0.0,0.0,0.0,0.0,0.0,0.0,0.81,-3.44,-44.39,0.0,0.0,0.0,100.0,0,0,3144
2729713,0,0,0,99.99,0.0,0.0,0.0,0.0,0.0,0.0,0.0,0.0,0.0,0.0,0.0,0.0,0.77,-3.44,-44.38,0.0,0.0,0.0,100.0,0,0,3144
2729913,0,0,0,99.99,0.0,0.0,0.0,0.0,0.0,0.0,0.0,0.0,0.0,0.0,0.0,0.0,0.76,-3.42,-44.38,0.0,0.0,0.0,100.0,0,0,3147
2730113,0,0,0,99.99,0.0,0.0,0.0,0.0,0.0,0.0,0.0,0.0,0.0,0.0,0.0,0.0,0.77,-3.41,-44.4,0.0,0.0,0.0,100.0,0,0,3150
2730313,0,0,0,99.99,0.0,0.0,0.0,0.0,0.0,0.0,0.0,0.0,0.0,0.0,0.0,0.0,0.76,-3.41,-44.44,0.0,0.0,0.0,100.0,0,0,3150
2730513,0,0,0,99.99,0.0,0.0,0.0,0.0,0.0,0.0,0.0,0.0,0.0,0.0,0.0,0.0,0.76,-3.42,-44.43,0.0,0.0,0.0,100.0,0,0,3150
2730713,0,0,0,99.99,0.0,0.0,0.0,0.0,0.0,0.0,0.0,0.0,0.0,0.0,0.0,0.0,0.76,-3.42,-44.43,0.0,0.0,0.0,100.0,0,0,3150
2730913,0,0,0,99.99,0.0,0.0,0.0,0.0,0.0,0.0,0.0,0.0,0.0,0.0,0.0,0.0,0.76,-3.42,-44.43,0.0,0.0,0.0,100.0,0,0,3153
2731113,0,0,0,99.99,0.0,0.0,0.0,0.0,0.0,0.0,0.0,0.0,0.0,0.0,0.0,0.0,0.83,-3.45,-44.45,0.0,0.0,0.0,100.0,0,0,3156
2731313,0,0,0,99.99,0.0,0.0,0.0,0.0,0.0,0.0,0.0,0.0,0.0,0.0,0.0,0.0,0.82,-3.45,-44.46,0.0,0.0,0.0,100.0,0,0,3156
2731513,0,0,0,99.99,0.0,0.0,0.0,0.0,0.0,0.0,0.0,0.0,0.0,0.0,0.0,0.0,0.81,-3.44,-44.45,0.0,0.0,0.0,100.0,0,0,3156
2731713,0,0,0,99.99,0.0,0.0,0.0,0.0,0.0,0.0,0.0,0.0,0.0,0.0,0.0,0.0,0.78,-3.43,-44.43,0.0,0.0,0.0,100.0,0,0,3156
2731913,0,0,0,99.99,0.0,0.0,0.0,0.0,0.0,0.0,0.0,0.0,0.0,0.0,0.0,0.0,0.79,-3.44,-44.46,0.0,0.0,0.0,100.0,0,0,3156
2732113,0,0,0,99.99,0.0,0.0,0.0,0.0,0.0,0.0,0.0,0.0,0.0,0.0,0.0,0.0,0.79,-3.44,-44.45,0.0,0.0,0.0,100.0,0,0,3160
2732313,0,0,0,99.99,0.0,0.0,0.0,0.0,0.0,0.0,0.0,0.0,0.0,0.0,0.0,0.0,0.79,-3.42,-44.47,0.0,0.0,0.0,100.0,0,0,3162
2732513,0,0,0,99.99,0.0,0.0,0.0,0.0,0.0,0.0,0.0,0.0,0.0,0.0,0.0,0.0,0.78,-3.42,-44.48,0.0,0.0,0.0,100.0,0,0,3162
2732713,0,0,0,99.99,0.0,0.0,0.0,0.0,0.0,0.0,0.0,0.0,0.0,0.0,0.0,0.0,0.78,-3.41,-44.46,0.0,0.0,0.0,100.0,0,0,3162
2732913,0,0,0,99.99,0.0,0.0,0.0,0.0,0.0,0.0,0.0,0.0,0.0,0.0,0.0,0.0,0.78,-3.41,-44.47,0.0,0.0,0.0,100.0,0,0,3165
2733113,0,0,0,99.99,0.0,0.0,0.0,0.0,0.0,0.0,0.0,0.0,0.0,0.0,0.0,0.0,0.78,-3.4,-44.45,0.0,0.0,0.0,100.0,0,0,3168
2733313,0,0,0,99.99,0.0,0.0,0.0,0.0,0.0,0.0,0.0,0.0,0.0,0.0,0.0,0.0,0.77,-3.41,-44.45,0.0,0.0,0.0,100.0,0,0,3168
2733513,0,0,0,99.99,0.0,0.0,0.0,0.0,0.0,0.0,0.0,0.0,0.0,0.0,0.0,0.0,0.76,-3.4,-44.45,0.0,0.0,0.0,100.0,0,0,3168
2733713,0,0,0,99.99,0.0,0.0,0.0,0.0,0.0,0.0,0.0,0.0,0.0,0.0,0.0,0.0,0.76,-3.41,-44.44,0.0,0.0,0.0,100.0,0,0,3168
2733913,0,0,0,99.99,0.0,0.0,0.0,0.0,0.0,0.0,0.0,0.0,0.0,0.0,0.0,0.0,0.76,-3.42,-44.44,0.0,0.0,0.0,100.0,0,0,3171
2734113,0,0,0,99.99,0.0,0.0,0.0,0.0,0.0,0.0,0.0,0.0,0.0,0.0,0.0,0.0,0.75,-3.42,-44.43,0.0,0.0,0.0,100.0,0,0,3174
2734313,0,0,0,99.99,0.0,0.0,0.0,0.0,0.0,0.0,0.0,0.0,0.0,0.0,0.0,0.0,0.74,-3.43,-44.42,0.0,0.0,0.0,100.0,0,0,3174
2734513,0,0,0,99.99,0.0,0.0,0.0,0.0,0.0,0.0,0.0,0.0,0.0,0.0,0.0,0.0,0.76,-3.42,-44.45,0.0,0.0,0.0,100.0,0,0,3174
2734714,0,0,0,99.99,0.0,0.0,0.0,0.0,0.0,0.0,0.0,0.0,0.0,0.0,0.0,0.0,0.77,-3.42,-44.45,0.0,0.0,0.0,100.0,0,0,3174
2734924,0,0,0,99.99,0.0,0.0,0.0,0.0,0.0,0.0,0.0,0.0,0.0,0.0,0.0,0.0,0.78,-3.42,-44.47,0.0,0.0,0.0,100.0,0,0,3177
2735133,0,0,0,99.99,0.0,0.0,0.0,0.0,0.0,0.0,0.0,0.0,0.0,0.0,0.0,0.0,0.77,-3.41,-44.48,0.0,0.0,0.0,100.0,0,0,3180
2735333,0,0,0,99.99,0.0,0.0,0.0,0.0,0.0,0.0,0.0,0.0,0.0,0.0,0.0,0.0,0.77,-3.41,-44.47,0.0,0.0,0.0,100.0,0,0,3180
2735533,0,0,0,99.99,0.0,0.0,0.0,0.0,0.0,0.0,0.0,0.0,0.0,0.0,0.0,0.0,0.77,-3.43,-44.45,0.0,0.0,0.0,100.0,0,0,3180
2735733,0,0,0,99.99,0.0,0.0,0.0,0.0,0.0,0.0,0.0,0.0,0.0,0.0,0.0,0.0,0.77,-3.42,-44.45,0.0,0.0,0.0,100.0,0,0,3180
2735933,0,0,0,99.99,0.0,0.0,0.0,0.0,0.0,0.0,0.0,0.0,0.0,0.0,0.0,0.0,0.78,-3.42,-44.46,0.0,0.0,0.0,100.0,0,0,3183
2736133,0,0,0,99.99,0.0,0.0,0.0,0.0,0.0,0.0,0.0,0.0,0.0,0.0,0.0,0.0,0.77,-3.42,-44.45,0.0,0.0,0.0,100.0,0,0,3186
2736333,0,0,0,99.99,0.0,0.0,0.0,0.0,0.0,0.0,0.0,0.0,0.0,0.0,0.0,0.0,0.77,-3.42,-44.43,0.0,0.0,0.0,100.0,0,0,3186
2736533,0,0,0,99.99,0.0,0.0,0.0,0.0,0.0,0.0,0.0,0.0,0.0,0.0,0.0,0.0,0.78,-3.42,-44.43,0.0,0.0,0.0,100.0,0,0,3186
2736733,0,0,0,99.99,0.0,0.0,0.0,0.0,0.0,0.0,0.0,0.0,0.0,0.0,0.0,0.0,0.78,-3.42,-44.41,0.0,0.0,0.0,100.0,0,0,3186
2736934,0,0,0,99.99,0.0,0.0,0.0,0.0,0.0,0.0,0.0,0.0,0.0,0.0,0.0,0.0,0.78,-3.41,-44.46,0.0,0.0,0.0,100.0,0,0,3189
2737143,0,0,0,99.99,0.0,0.0,0.0,0.0,0.0,0.0,0.0,0.0,0.0,0.0,0.0,0.0,0.77,-3.41,-44.46,0.0,0.0,0.0,100.0,0,0,3192
2737343,0,0,0,99.99,0.0,0.0,0.0,0.0,0.0,0.0,0.0,0.0,0.0,0.0,0.0,0.0,0.76,-3.42,-44.44,0.0,0.0,0.0,100.0,0,0,3192
2737543,0,0,0,99.99,0.0,0.0,0.0,0.0,0.0,0.0,0.0,0.0,0.0,0.0,0.0,0.0,0.77,-3.41,-44.48,0.0,0.0,0.0,100.0,0,0,3192
2737743,0,0,0,99.99,0.0,0.0,0.0,0.0,0.0,0.0,0.0,0.0,0.0,0.0,0.0,0.0,0.76,-3.41,-44.49,0.0,0.0,0.0,100.0,0,0,3192
2737943,0,0,0,99.99,0.0,0.0,0.0,0.0,0.0,0.0,0.0,0.0,0.0,0.0,0.0,0.0,0.76,-3.41,-44.47,0.0,0.0,0.0,100.0,0,0,3192
2738143,0,0,0,99.99,0.0,0.0,0.0,0.0,0.0,0.0,0.0,0.0,0.0,0.0,0.0,0.0,0.75,-3.4,-44.45,0.0,0.0,0.0,100.0,0,0,3197
2738343,0,0,0,99.99,0.0,0.0,0.0,0.0,0.0,0.0,0.0,0.0,0.0,0.0,0.0,0.0,0.75,-3.4,-44.43,0.0,0.0,0.0,100.0,0,0,3198
2738543,0,0,0,99.99,0.0,0.0,0.0,0.0,0.0,0.0,0.0,0.0,0.0,0.0,0.0,0.0,0.76,-3.4,-44.45,0.0,0.0,0.0,100.0,0,0,3198
2738743,0,0,0,99.99,0.0,0.0,0.0,0.0,0.0,0.0,0.0,0.0,0.0,0.0,0.0,0.0,0.76,-3.4,-44.44,0.0,0.0,0.0,100.0,0,0,3198
2738943,0,0,0,99.99,0.0,0.0,0.0,0.0,0.0,0.0,0.0,0.0,0.0,0.0,0.0,0.0,0.76,-3.42,-44.43,0.0,0.0,0.0,100.0,0,0,3201
2739143,0,0,0,99.99,0.0,0.0,0.0,0.0,0.0,0.0,0.0,0.0,0.0,0.0,0.0,0.0,0.76,-3.4,-44.46,0.0,0.0,0.0,100.0,0,0,3204
2739343,0,0,0,99.99,0.0,0.0,0.0,0.0,0.0,0.0,0.0,0.0,0.0,0.0,0.0,0.0,0.76,-3.39,-44.45,0.0,0.0,0.0,100.0,0,0,3204
2739543,0,0,0,99.99,0.0,0.0,0.0,0.0,0.0,0.0,0.0,0.0,0.0,0.0,0.0,0.0,0.76,-3.42,-44.43,0.0,0.0,0.0,100.0,0,0,3204
2739743,0,0,0,99.99,0.0,0.0,0.0,0.0,0.0,0.0,0.0,0.0,0.0,0.0,0.0,0.0,0.76,-3.41,-44.43,0.0,0.0,0.0,100.0,0,0,3204
2739943,0,0,0,99.99,0.0,0.0,0.0,0.0,0.0,0.0,0.0,0.0,0.0,0.0,0.0,0.0,0.76,-3.41,-44.42,0.0,0.0,0.0,100.0,0,0,3207
2740143,0,0,0,99.99,0.0,0.0,0.0,0.0,0.0,0.0,0.0,0.0,0.0,0.0,0.0,0.0,0.76,-3.41,-44.42,0.0,0.0,0.0,100.0,0,0,3210
2740343,0,0,0,99.99,0.0,0.0,0.0,0.0,0.0,0.0,0.0,0.0,0.0,0.0,0.0,0.0,0.77,-3.41,-44.43,0.0,0.0,0.0,100.0,0,0,3210
2740544,0,0,0,99.99,0.0,0.0,0.0,0.0,0.0,0.0,0.0,0.0,0.0,0.0,0.0,0.0,0.76,-3.41,-44.45,0.0,0.0,0.0,100.0,0,0,3210
2740753,0,0,0,99.99,0.0,0.0,0.0,0.0,0.0,0.0,0.0,0.0,0.0,0.0,0.0,0.0,0.76,-3.42,-44.45,0.0,0.0,0.0,100.0,0,0,3210
2740953,0,0,0,99.99,0.0,0.0,0.0,0.0,0.0,0.0,0.0,0.0,0.0,0.0,0.0,0.0,0.75,-3.41,-44.45,0.0,0.0,0.0,100.0,0,0,3213
2741153,0,0,0,99.99,0.0,0.0,0.0,0.0,0.0,0.0,0.0,0.0,0.0,0.0,0.0,0.0,0.77,-3.4,-44.45,0.0,0.0,0.0,100.0,0,0,3216
2741353,0,0,0,99.99,0.0,0.0,0.0,0.0,0.0,0.0,0.0,0.0,0.0,0.0,0.0,0.0,0.78,-3.4,-44.45,0.0,0.0,0.0,100.0,0,0,3216
2741553,0,0,0,99.99,0.0,0.0,0.0,0.0,0.0,0.0,0.0,0.0,0.0,0.0,0.0,0.0,0.78,-3.4,-44.45,0.0,0.0,0.0,100.0,0,0,3216
2741753,0,0,0,99.99,0.0,0.0,0.0,0.0,0.0,0.0,0.0,0.0,0.0,0.0,0.0,0.0,0.77,-3.41,-44.42,0.0,0.0,0.0,100.0,0,0,3216
2741953,0,0,0,99.99,0.0,0.0,0.0,0.0,0.0,0.0,0.0,0.0,0.0,0.0,0.0,0.0,0.78,-3.41,-44.43,0.0,0.0,0.0,100.0,0,0,3220
2742153,0,0,0,99.99,0.0,0.0,0.0,0.0,0.0,0.0,0.0,0.0,0.0,0.0,0.0,0.0,0.77,-3.42,-44.46,0.0,0.0,0.0,100.0,0,0,3222
2742353,0,0,0,99.99,0.0,0.0,0.0,0.0,0.0,0.0,0.0,0.0,0.0,0.0,0.0,0.0,0.77,-3.41,-44.46,0.0,0.0,0.0,100.0,0,0,3222
2742553,0,0,0,99.99,0.0,0.0,0.0,0.0,0.0,0.0,0.0,0.0,0.0,0.0,0.0,0.0,0.77,-3.42,-44.45,0.0,0.0,0.0,100.0,0,0,3222
2742753,0,0,0,99.99,0.0,0.0,0.0,0.0,0.0,0.0,0.0,0.0,0.0,0.0,0.0,0.0,0.77,-3.42,-44.45,0.0,0.0,0.0,100.0,0,0,3222
2742953,0,0,0,99.99,0.0,0.0,0.0,0.0,0.0,0.0,0.0,0.0,0.0,0.0,0.0,0.0,0.76,-3.43,-44.44,0.0,0.0,0.0,100.0,0,0,3226
2743153,0,0,0,99.99,0.0,0.0,0.0,0.0,0.0,0.0,0.0,0.0,0.0,0.0,0.0,0.0,0.75,-3.43,-44.41,0.0,0.0,0.0,100.0,0,0,3228
2743353,0,0,0,99.99,0.0,0.0,0.0,0.0,0.0,0.0,0.0,0.0,0.0,0.0,0.0,0.0,0.76,-3.43,-44.4,0.0,0.0,0.0,100.0,0,0,3228
2743553,0,0,0,99.99,0.0,0.0,0.0,0.0,0.0,0.0,0.0,0.0,0.0,0.0,0.0,0.0,0.75,-3.42,-44.38,0.0,0.0,0.0,100.0,0,0,3228
2743753,0,0,0,99.99,0.0,0.0,0.0,0.0,0.0,0.0,0.0,0.0,0.0,0.0,0.0,0.0,0.75,-3.4,-44.39,0.0,0.0,0.0,100.0,0,0,3228
2743953,0,0,0,99.99,0.0,0.0,0.0,0.0,0.0,0.0,0.0,0.0,0.0,0.0,0.0,0.0,0.75,-3.4,-44.39,0.0,0.0,0.0,100.0,0,0,3228
2744153,0,0,0,99.99,0.0,0.0,0.0,0.0,0.0,0.0,0.0,0.0,0.0,0.0,0.0,0.0,0.75,-3.4,-44.39,0.0,0.0,0.0,100.0,0,0,3233
2744353,0,0,0,99.99,0.0,0.0,0.0,0.0,0.0,0.0,0.0,0.0,0.0,0.0,0.0,0.0,0.76,-3.41,-44.4,0.0,0.0,0.0,100.0,0,0,3234
2744553,0,0,0,99.99,0.0,0.0,0.0,0.0,0.0,0.0,0.0,0.0,0.0,0.0,0.0,0.0,0.76,-3.4,-44.39,0.0,0.0,0.0,100.0,0,0,3234
2744753,0,0,0,99.99,0.0,0.0,0.0,0.0,0.0,0.0,0.0,0.0,0.0,0.0,0.0,0.0,0.75,-3.4,-44.38,0.0,0.0,0.0,99.9,0,0,3234
2744953,0,0,0,99.99,0.0,0.0,0.0,0.0,0.0,0.0,0.0,0.0,0.0,0.0,0.0,0.0,0.76,-3.41,-44.38,0.0,0.0,0.0,99.9,0,0,3238
2745153,0,0,0,99.99,0.0,0.0,0.0,0.0,0.0,0.0,0.0,0.0,0.0,0.0,0.0,0.0,0.75,-3.41,-44.39,0.0,0.0,0.0,99.9,0,0,3240
2745353,0,0,0,99.99,0.0,0.0,0.0,0.0,0.0,0.0,0.0,0.0,0.0,0.0,0.0,0.0,0.76,-3.39,-44.41,0.0,0.0,0.0,99.9,0,0,3240
2745554,0,0,0,99.99,0.0,0.0,0.0,0.0,0.0,0.0,0.0,0.0,0.0,0.0,0.0,0.0,0.75,-3.42,-44.39,0.0,0.0,0.0,99.9,0,0,3240
2745763,0,0,0,99.99,0.0,0.0,0.0,0.0,0.0,0.0,0.0,0.0,0.0,0.0,0.0,0.0,0.75,-3.43,-44.4,0.0,0.0,0.0,100.1,0,0,3240
2745963,0,0,0,99.99,0.0,0.0,0.0,0.0,0.0,0.0,0.0,0.0,0.0,0.0,0.0,0.0,0.76,-3.43,-44.4,0.0,0.0,0.0,100.1,0,0,3244
2746163,0,0,0,99.99,0.0,0.0,0.0,0.0,0.0,0.0,0.0,0.0,0.0,0.0,0.0,0.0,0.77,-3.42,-44.4,0.0,0.0,0.0,100.1,0,0,3246
2746363,0,0,0,99.99,0.0,0.0,0.0,0.0,0.0,0.0,0.0,0.0,0.0,0.0,0.0,0.0,0.77,-3.41,-44.41,0.0,0.0,0.0,100.1,0,0,3246
2746563,0,0,0,99.99,0.0,0.0,0.0,0.0,0.0,0.0,0.0,0.0,0.0,0.0,0.0,0.0,0.76,-3.42,-44.4,0.0,0.0,0.0,100.1,0,0,3246
2746763,0,0,0,99.99,0.0,0.0,0.0,0.0,0.0,0.0,0.0,0.0,0.0,0.0,0.0,0.0,0.76,-3.41,-44.4,0.0,0.0,0.0,100.0,0,0,3246
2746964,0,0,0,99.99,0.0,0.0,0.0,0.0,0.0,0.0,0.0,0.0,0.0,0.0,0.0,0.0,0.76,-3.42,-44.39,0.0,0.0,0.0,100.0,0,0,3250
2747173,0,0,0,99.99,0.0,0.0,0.0,0.0,0.0,0.0,0.0,0.0,0.0,0.0,0.0,0.0,0.75,-3.41,-44.4,0.0,0.0,0.0,100.0,0,0,3252
2747373,0,0,0,99.99,0.0,0.0,0.0,0.0,0.0,0.0,0.0,0.0,0.0,0.0,0.0,0.0,0.76,-3.4,-44.42,0.0,0.0,0.0,100.0,0,0,3252
2747573,0,0,0,99.99,0.0,0.0,0.0,0.0,0.0,0.0,0.0,0.0,0.0,0.0,0.0,0.0,0.77,-3.41,-44.41,0.0,0.0,0.0,100.0,0,0,3252
2747773,0,0,0,99.99,0.0,0.0,0.0,0.0,0.0,0.0,0.0,0.0,0.0,0.0,0.0,0.0,0.76,-3.4,-44.42,0.0,0.0,0.0,100.0,0,0,3252
2747973,0,0,0,99.99,0.0,0.0,0.0,0.0,0.0,0.0,0.0,0.0,0.0,0.0,0.0,0.0,0.75,-3.4,-44.42,0.0,0.0,0.0,100.0,0,0,3256
2748174,0,0,0,99.99,0.0,0.0,0.0,0.0,0.0,0.0,0.0,0.0,0.0,0.0,0.0,0.0,0.74,-3.41,-44.39,0.0,0.0,0.0,100.0,0,0,3258
2748374,0,0,0,99.99,0.0,0.0,0.0,0.0,0.0,0.0,0.0,0.0,0.0,0.0,0.0,0.0,0.74,-3.42,-44.33,0.0,0.0,0.0,100.0,0,0,3258
2748583,0,0,0,99.99,0.0,0.0,0.0,0.0,0.0,0.0,0.0,0.0,0.0,0.0,0.0,0.0,0.73,-3.42,-44.33,0.0,0.0,0.0,100.0,0,0,3258
2748783,0,0,0,99.99,0.0,0.0,0.0,0.0,0.0,0.0,0.0,0.0,0.0,0.0,0.0,0.0,0.74,-3.42,-44.31,0.0,0.0,0.0,100.0,0,0,3258
2748983,0,0,0,99.99,0.0,0.0,0.0,0.0,0.0,0.0,0.0,0.0,0.0,0.0,0.0,0.0,0.74,-3.42,-44.29,0.0,0.0,0.0,100.0,0,0,3263
2749183,0,0,0,99.99,0.0,0.0,0.0,0.0,0.0,0.0,0.0,0.0,0.0,0.0,0.0,0.0,0.75,-3.43,-44.3,0.0,0.0,0.0,100.0,0,0,3264
2749383,0,0,0,99.99,0.0,0.0,0.0,0.0,0.0,0.0,0.0,0.0,0.0,0.0,0.0,0.0,0.75,-3.43,-44.28,0.0,0.0,0.0,100.0,0,0,3264
2749583,0,0,0,99.99,0.0,0.0,0.0,0.0,0.0,0.0,0.0,0.0,0.0,0.0,0.0,0.0,0.76,-3.41,-44.32,0.0,0.0,0.0,100.0,0,0,3264
2749783,0,0,0,99.99,0.0,0.0,0.0,0.0,0.0,0.0,0.0,0.0,0.0,0.0,0.0,0.0,0.77,-3.41,-44.32,0.0,0.0,0.0,100.0,0,0,3264
2749983,0,0,0,99.99,0.0,0.0,0.0,0.0,0.0,0.0,0.0,0.0,0.0,0.0,0.0,0.0,0.76,-3.4,-44.3,0.0,0.0,0.0,100.0,0,0,3264
2750183,0,0,0,99.99,0.0,0.0,0.0,0.0,0.0,0.0,0.0,0.0,0.0,0.0,0.0,0.0,0.77,-3.41,-44.32,0.0,0.0,0.0,100.0,0,0,3270
2750383,0,0,0,99.99,0.0,0.0,0.0,0.0,0.0,0.0,0.0,0.0,0.0,0.0,0.0,0.0,0.78,-3.41,-44.34,0.0,0.0,0.0,100.0,0,0,3270
2750583,0,0,0,99.99,0.0,0.0,0.0,0.0,0.0,0.0,0.0,0.0,0.0,0.0,0.0,0.0,0.77,-3.42,-44.31,0.0,0.0,0.0,100.0,0,0,3270
2750783,0,0,0,99.99,0.0,0.0,0.0,0.0,0.0,0.0,0.0,0.0,0.0,0.0,0.0,0.0,0.77,-3.42,-44.3,0.0,0.0,0.0,100.0,0,0,3270
2750983,0,0,0,99.99,0.0,0.0,0.0,0.0,0.0,0.0,0.0,0.0,0.0,0.0,0.0,0.0,0.76,-3.41,-44.3,0.0,0.0,0.0,100.0,0,0,3275
2751183,0,0,0,99.99,0.0,0.0,0.0,0.0,0.0,0.0,0.0,0.0,0.0,0.0,0.0,0.0,0.77,-3.41,-44.29,0.0,0.0,0.0,100.0,0,0,3276
2751383,0,0,0,99.99,0.0,0.0,0.0,0.0,0.0,0.0,0.0,0.0,0.0,0.0,0.0,0.0,0.76,-3.4,-44.26,0.0,0.0,0.0,100.0,0,0,3276
2751583,0,0,0,99.99,0.0,0.0,0.0,0.0,0.0,0.0,0.0,0.0,0.0,0.0,0.0,0.0,0.75,-3.4,-44.28,0.0,0.0,0.0,100.0,0,0,3276
2751783,0,0,0,99.99,0.0,0.0,0.0,0.0,0.0,0.0,0.0,0.0,0.0,0.0,0.0,0.0,0.76,-3.41,-44.28,0.0,0.0,0.0,100.0,0,0,3276
2751983,0,0,0,99.99,0.0,0.0,0.0,0.0,0.0,0.0,0.0,0.0,0.0,0.0,0.0,0.0,0.76,-3.41,-44.33,0.0,0.0,0.0,100.0,0,0,3281
2752183,0,0,0,99.99,0.0,0.0,0.0,0.0,0.0,0.0,0.0,0.0,0.0,0.0,0.0,0.0,0.77,-3.4,-44.37,0.0,0.0,0.0,100.0,0,0,3282
2752383,0,0,0,99.99,0.0,0.0,0.0,0.0,0.0,0.0,0.0,0.0,0.0,0.0,0.0,0.0,0.78,-3.4,-44.37,0.0,0.0,0.0,100.0,0,0,3282
2752583,0,0,0,99.99,0.0,0.0,0.0,0.0,0.0,0.0,0.0,0.0,0.0,0.0,0.0,0.0,0.77,-3.4,-44.36,0.0,0.0,0.0,100.0,0,0,3282
2752783,0,0,0,99.99,0.0,0.0,0.0,0.0,0.0,0.0,0.0,0.0,0.0,0.0,0.0,0.0,0.77,-3.42,-44.34,0.0,0.0,0.0,100.0,0,0,3282
2752983,0,0,0,99.99,0.0,0.0,0.0,0.0,0.0,0.0,0.0,0.0,0.0,0.0,0.0,0.0,0.76,-3.41,-44.31,0.0,0.0,0.0,100.0,0,0,3287
2753184,0,0,0,99.99,0.0,0.0,0.0,0.0,0.0,0.0,0.0,0.0,0.0,0.0,0.0,0.0,0.76,-3.4,-44.32,0.0,0.0,0.0,100.0,0,0,3288
2753393,0,0,0,99.99,0.0,0.0,0.0,0.0,0.0,0.0,0.0,0.0,0.0,0.0,0.0,0.0,0.76,-3.4,-44.31,0.0,0.0,0.0,100.0,0,0,3288
2753593,0,0,0,99.99,0.0,0.0,0.0,0.0,0.0,0.0,0.0,0.0,0.0,0.0,0.0,0.0,0.77,-3.39,-44.3,0.0,0.0,0.0,100.0,0,0,3288
2753793,0,0,0,99.99,0.0,0.0,0.0,0.0,0.0,0.0,0.0,0.0,0.0,0.0,0.0,0.0,0.77,-3.4,-44.31,0.0,0.0,0.0,100.0,0,0,3288
2753993,0,0,0,99.99,0.0,0.0,0.0,0.0,0.0,0.0,0.0,0.0,0.0,0.0,0.0,0.0,0.77,-3.4,-44.28,0.0,0.0,0.0,100.0,0,0,3293
2754193,0,0,0,99.99,0.0,0.0,0.0,0.0,0.0,0.0,0.0,0.0,0.0,0.0,0.0,0.0,0.76,-3.4,-44.31,0.0,0.0,0.0,100.0,0,0,3294
2754393,0,0,0,99.99,0.0,0.0,0.0,0.0,0.0,0.0,0.0,0.0,0.0,0.0,0.0,0.0,0.76,-3.4,-44.31,0.0,0.0,0.0,100.0,0,0,3294
2754593,0,0,0,99.99,0.0,0.0,0.0,0.0,0.0,0.0,0.0,0.0,0.0,0.0,0.0,0.0,0.77,-3.4,-44.36,0.0,0.0,0.0,99.9,0,0,3294
2754793,0,0,0,99.99,0.0,0.0,0.0,0.0,0.0,0.0,0.0,0.0,0.0,0.0,0.0,0.0,0.77,-3.39,-44.36,0.0,0.0,0.0,99.9,0,0,3294
2754993,0,0,0,99.99,0.0,0.0,0.0,0.0,0.0,0.0,0.0,0.0,0.0,0.0,0.0,0.0,0.76,-3.39,-44.34,0.0,0.0,0.0,99.9,0,0,3299
2755193,0,0,0,99.99,0.0,0.0,0.0,0.0,0.0,0.0,0.0,0.0,0.0,0.0,0.0,0.0,0.76,-3.4,-44.37,0.0,0.0,0.0,99.9,0,0,3300
2755393,0,0,0,99.99,0.0,0.0,0.0,0.0,0.0,0.0,0.0,0.0,0.0,0.0,0.0,0.0,0.76,-3.4,-44.33,0.0,0.0,0.0,99.9,0,0,3300
2755593,0,0,0,99.99,0.0,0.0,0.0,0.0,0.0,0.0,0.0,0.0,0.0,0.0,0.0,0.0,0.77,-3.41,-44.34,0.0,0.0,0.0,100.1,0,0,3300
2755793,0,0,0,99.99,0.0,0.0,0.0,0.0,0.0,0.0,0.0,0.0,0.0,0.0,0.0,0.0,0.77,-3.4,-44.35,0.0,0.0,0.0,100.1,0,0,3300
2755993,0,0,0,99.99,0.0,0.0,0.0,0.0,0.0,0.0,0.0,0.0,0.0,0.0,0.0,0.0,0.77,-3.41,-44.36,0.0,0.0,0.0,100.1,0,0,3300
2756193,0,0,0,99.99,0.0,0.0,0.0,0.0,0.0,0.0,0.0,0.0,0.0,0.0,0.0,0.0,0.18,-3.16,-44.39,0.0,0.0,0.0,100.1,0,0,3306
2756393,0,0,0,99.99,0.0,0.0,0.0,0.0,0.0,0.0,0.0,0.0,0.0,0.0,0.0,0.0,0.34,-3.32,-44.45,0.0,0.0,0.0,100.1,0,0,3306
2756593,0,0,0,99.99,0.0,0.0,0.0,0.0,0.0,0.0,0.0,0.0,0.0,0.0,0.0,0.0,0.41,-3.32,-44.47,0.0,0.0,0.0,100.0,0,0,3306
2756793,0,0,0,99.99,0.0,0.0,0.0,0.0,0.0,0.0,0.0,0.0,0.0,0.0,0.0,0.0,0.49,-3.34,-44.48,0.0,0.0,0.0,100.0,0,0,3306
2756993,0,0,0,99.99,0.0,0.0,0.0,0.0,0.0,0.0,0.0,0.0,0.0,0.0,0.0,0.0,0.55,-3.36,-44.45,0.0,0.0,0.0,100.0,0,0,3311
2757193,0,0,0,99.99,0.0,0.0,0.0,0.0,0.0,0.0,0.0,0.0,0.0,0.0,0.0,0.0,0.61,-3.37,-44.47,0.0,0.0,0.0,100.0,0,0,3312
2757393,0,0,0,99.99,0.0,0.0,0.0,0.0,0.0,0.0,0.0,0.0,0.0,0.0,0.0,0.0,0.65,-3.38,-44.45,0.0,0.0,0.0,100.0,0,0,3312
2757593,0,0,0,99.99,0.0,0.0,0.0,0.0,0.0,0.0,0.0,0.0,0.0,0.0,0.0,0.0,0.68,-3.39,-44.45,0.0,0.0,0.0,99.9,0,0,3312
2757793,0,0,0,99.99,0.0,0.0,0.0,0.0,0.0,0.0,0.0,0.0,0.0,0.0,0.0,0.0,0.7,-3.4,-44.45,0.0,0.0,0.0,99.9,0,0,3312
2757993,0,0,0,99.99,0.0,0.0,0.0,0.0,0.0,0.0,0.0,0.0,0.0,0.0,0.0,0.0,0.71,-3.4,-44.46,0.0,0.0,0.0,99.9,0,0,3317
2758193,0,0,0,99.99,0.0,0.0,0.0,0.0,0.0,0.0,0.0,0.0,0.0,0.0,0.0,0.0,0.72,-3.39,-44.42,0.0,0.0,0.0,99.9,0,0,3318
2758393,0,0,0,99.99,0.0,0.0,0.0,0.0,0.0,0.0,0.0,0.0,0.0,0.0,0.0,0.0,0.73,-3.4,-44.39,0.0,0.0,0.0,99.9,0,0,3318
2758593,0,0,0,99.99,0.0,0.0,0.0,0.0,0.0,0.0,0.0,0.0,0.0,0.0,0.0,0.0,0.73,-3.4,-44.38,0.0,0.0,0.0,100.1,0,0,3318
2758793,0,0,0,99.99,0.0,0.0,0.0,0.0,0.0,0.0,0.0,0.0,0.0,0.0,0.0,0.0,0.74,-3.41,-44.41,0.0,0.0,0.0,100.1,0,0,3318
2758993,0,0,0,99.99,0.0,0.0,0.0,0.0,0.0,0.0,0.0,0.0,0.0,0.0,0.0,0.0,0.73,-3.42,-44.39,0.0,0.0,0.0,100.1,0,0,3323
2759193,0,0,0,99.99,0.0,0.0,0.0,0.0,0.0,0.0,0.0,0.0,0.0,0.0,0.0,0.0,0.75,-3.41,-44.41,0.0,0.0,0.0,100.1,0,0,3324
2759393,0,0,0,99.99,0.0,0.0,0.0,0.0,0.0,0.0,0.0,0.0,0.0,0.0,0.0,0.0,0.75,-3.39,-44.39,0.0,0.0,0.0,100.1,0,0,3324
2759593,0,0,0,99.99,0.0,0.0,0.0,0.0,0.0,0.0,0.0,0.0,0.0,0.0,0.0,0.0,0.75,-3.39,-44.38,0.0,0.0,0.0,100.0,0,0,3324
2759793,0,0,0,99.99,0.0,0.0,0.0,0.0,0.0,0.0,0.0,0.0,0.0,0.0,0.0,0.0,0.76,-3.4,-44.35,0.0,0.0,0.0,100.0,0,0,3324
2759994,0,0,0,99.99,0.0,0.0,0.0,0.0,0.0,0.0,0.0,0.0,0.0,0.0,0.0,0.0,0.75,-3.41,-44.34,0.0,0.0,0.0,100.0,0,0,3329
2760203,0,0,0,99.99,0.0,0.0,0.0,0.0,0.0,0.0,0.0,0.0,0.0,0.0,0.0,0.0,0.76,-3.42,-44.43,0.0,0.0,0.0,100.0,0,0,3330
2760403,0,0,0,99.99,0.0,0.0,0.0,0.0,0.0,0.0,0.0,0.0,0.0,0.0,0.0,0.0,0.77,-3.42,-44.6,0.0,0.0,0.0,100.0,0,0,3330
2760603,0,0,0,99.99,0.0,0.0,0.0,0.0,0.0,0.0,0.0,0.0,0.0,0.0,0.0,0.0,0.78,-3.4,-44.68,0.0,0.0,0.0,100.0,0,0,3330
2760803,0,0,0,99.99,0.0,0.0,0.0,0.0,0.0,0.0,0.0,0.0,0.0,0.0,0.0,0.0,0.78,-3.42,-44.69,0.0,0.0,0.0,100.0,0,0,3330
2761003,0,0,0,99.99,0.0,0.0,0.0,0.0,0.0,0.0,0.0,0.0,0.0,0.0,0.0,0.0,0.78,-3.44,-44.69,0.0,0.0,0.0,100.0,0,0,3335
2761203,0,0,0,99.99,0.0,0.0,0.0,0.0,0.0,0.0,0.0,0.0,0.0,0.0,0.0,0.0,0.79,-3.45,-44.68,0.0,0.0,0.0,100.0,0,0,3336
2761403,0,0,0,99.99,0.0,0.0,0.0,0.0,0.0,0.0,0.0,0.0,0.0,0.0,0.0,0.0,0.78,-3.44,-44.68,0.0,0.0,0.0,100.0,0,0,3336
2761603,0,0,0,99.99,0.0,0.0,0.0,0.0,0.0,0.0,0.0,0.0,0.0,0.0,0.0,0.0,0.78,-3.45,-44.71,0.0,0.0,0.0,100.0,0,0,3336
2761803,0,0,0,99.99,0.0,0.0,0.0,0.0,0.0,0.0,0.0,0.0,0.0,0.0,0.0,0.0,0.78,-3.43,-44.72,0.0,0.0,0.0,100.0,0,0,3336
2762003,0,0,0,99.99,0.0,0.0,0.0,0.0,0.0,0.0,0.0,0.0,0.0,0.0,0.0,0.0,0.79,-3.43,-44.73,0.0,0.0,0.0,100.0,0,0,3337
2762203,0,0,0,99.99,0.0,0.0,0.0,0.0,0.0,0.0,0.0,0.0,0.0,0.0,0.0,0.0,0.79,-3.43,-44.75,0.0,0.0,0.0,100.0,0,0,3342
2762403,0,0,0,99.99,0.0,0.0,0.0,0.0,0.0,0.0,0.0,0.0,0.0,0.0,0.0,0.0,0.78,-3.43,-44.74,0.0,0.0,0.0,100.0,0,0,3342
2762603,0,0,0,99.99,0.0,0.0,0.0,0.0,0.0,0.0,0.0,0.0,0.0,0.0,0.0,0.0,0.77,-3.42,-44.76,0.0,0.0,0.0,100.0,0,0,3342
2762803,0,0,0,99.99,0.0,0.0,0.0,0.0,0.0,0.0,0.0,0.0,0.0,0.0,0.0,0.0,0.77,-3.42,-44.78,0.0,0.0,0.0,100.0,0,0,3342
2763004,0,0,0,99.99,0.0,0.0,0.0,0.0,0.0,0.0,0.0,0.0,0.0,0.0,0.0,0.0,0.78,-3.42,-44.79,0.0,0.0,0.0,100.0,0,0,3347
2763213,0,0,0,99.99,0.0,0.0,0.0,0.0,0.0,0.0,0.0,0.0,0.0,0.0,0.0,0.0,0.77,-3.42,-44.76,0.0,0.0,0.0,100.0,0,0,3348
2763413,0,0,0,99.99,0.0,0.0,0.0,0.0,0.0,0.0,0.0,0.0,0.0,0.0,0.0,0.0,0.76,-3.42,-44.81,0.0,0.0,0.0,100.0,0,0,3348
2763613,0,0,0,99.99,0.0,0.0,0.0,0.0,0.0,0.0,0.0,0.0,0.0,0.0,0.0,0.0,0.75,-3.44,-44.79,0.0,0.0,0.0,100.0,0,0,3348
2763813,0,0,0,99.99,0.0,0.0,0.0,0.0,0.0,0.0,0.0,0.0,0.0,0.0,0.0,0.0,0.76,-3.44,-44.8,0.0,0.0,0.0,100.0,0,0,3348
2764013,0,0,0,99.99,0.0,0.0,0.0,0.0,0.0,0.0,0.0,0.0,0.0,0.0,0.0,0.0,0.75,-3.45,-44.81,0.0,0.0,0.0,100.0,0,0,3354
2764213,0,0,0,99.99,0.0,0.0,0.0,0.0,0.0,0.0,0.0,0.0,0.0,0.0,0.0,0.0,0.74,-3.44,-44.8,0.0,0.0,0.0,100.0,0,0,3354
2764413,0,0,0,99.99,0.0,0.0,0.0,0.0,0.0,0.0,0.0,0.0,0.0,0.0,0.0,0.0,0.75,-3.44,-44.79,0.0,0.0,0.0,100.0,0,0,3354
2764613,0,0,0,99.99,0.0,0.0,0.0,0.0,0.0,0.0,0.0,0.0,0.0,0.0,0.0,0.0,0.75,-3.43,-44.73,0.0,0.0,0.0,100.0,0,0,3354
2764813,0,0,0,99.99,0.0,0.0,0.0,0.0,0.0,0.0,0.0,0.0,0.0,0.0,0.0,0.0,0.76,-3.42,-44.68,0.0,0.0,0.0,100.0,0,0,3354
2765013,0,0,0,99.99,0.0,0.0,0.0,0.0,0.0,0.0,0.0,0.0,0.0,0.0,0.0,0.0,0.75,-3.43,-44.59,0.0,0.0,0.0,100.0,0,0,3359
2765213,0,0,0,99.99,0.0,0.0,0.0,0.0,0.0,0.0,0.0,0.0,0.0,0.0,0.0,0.0,0.74,-3.44,-44.51,0.0,0.0,0.0,100.0,0,0,3360
2765413,0,0,0,99.99,0.0,0.0,0.0,0.0,0.0,0.0,0.0,0.0,0.0,0.0,0.0,0.0,0.74,-3.44,-44.47,0.0,0.0,0.0,100.0,0,0,3360
2765613,0,0,0,99.99,0.0,0.0,0.0,0.0,0.0,0.0,0.0,0.0,0.0,0.0,0.0,0.0,0.75,-3.45,-44.45,0.0,0.0,0.0,100.0,0,0,3360
2765813,0,0,0,99.99,0.0,0.0,0.0,0.0,0.0,0.0,0.0,0.0,0.0,0.0,0.0,0.0,0.74,-3.45,-44.42,0.0,0.0,0.0,100.0,0,0,3360
2766013,0,0,0,99.99,0.0,0.0,0.0,0.0,0.0,0.0,0.0,0.0,0.0,0.0,0.0,0.0,0.74,-3.45,-44.4,0.0,0.0,0.0,100.0,0,0,3365
2766213,0,0,0,99.99,0.0,0.0,0.0,0.0,0.0,0.0,0.0,0.0,0.0,0.0,0.0,0.0,0.75,-3.44,-44.43,0.0,0.0,0.0,100.0,0,0,3366
2766413,0,0,0,99.99,0.0,0.0,0.0,0.0,0.0,0.0,0.0,0.0,0.0,0.0,0.0,0.0,0.75,-3.45,-44.42,0.0,0.0,0.0,100.0,0,0,3366
2766613,0,0,0,99.99,0.0,0.0,0.0,0.0,0.0,0.0,0.0,0.0,0.0,0.0,0.0,0.0,0.75,-3.46,-44.4,0.0,0.0,0.0,100.0,0,0,3366
2766813,0,0,0,99.99,0.0,0.0,0.0,0.0,0.0,0.0,0.0,0.0,0.0,0.0,0.0,0.0,0.75,-3.45,-44.37,0.0,0.0,0.0,100.0,0,0,3366
2767013,0,0,0,99.99,0.0,0.0,0.0,0.0,0.0,0.0,0.0,0.0,0.0,0.0,0.0,0.0,0.76,-3.45,-44.36,0.0,0.0,0.0,100.0,0,0,3372
2767213,0,0,0,99.99,0.0,0.0,0.0,0.0,0.0,0.0,0.0,0.0,0.0,0.0,0.0,0.0,0.76,-3.44,-44.36,0.0,0.0,0.0,100.0,0,0,3372
2767413,0,0,0,99.99,0.0,0.0,0.0,0.0,0.0,0.0,0.0,0.0,0.0,0.0,0.0,0.0,0.77,-3.42,-44.37,0.0,0.0,0.0,100.0,0,0,3372
2767613,0,0,0,99.99,0.0,0.0,0.0,0.0,0.0,0.0,0.0,0.0,0.0,0.0,0.0,0.0,0.78,-3.42,-44.36,0.0,0.0,0.0,100.0,0,0,3372
2767813,0,0,0,99.99,0.0,0.0,0.0,0.0,0.0,0.0,0.0,0.0,0.0,0.0,0.0,0.0,0.78,-3.42,-44.41,0.0,0.0,0.0,100.0,0,0,3372
2768013,0,0,0,99.99,0.0,0.0,0.0,0.0,0.0,0.0,0.0,0.0,0.0,0.0,0.0,0.0,0.78,-3.42,-44.42,0.0,0.0,0.0,100.0,0,0,3373
2768213,0,0,0,99.99,0.0,0.0,0.0,0.0,0.0,0.0,0.0,0.0,0.0,0.0,0.0,0.0,0.77,-3.42,-44.41,0.0,0.0,0.0,100.0,0,0,3378
2768413,0,0,0,99.99,0.0,0.0,0.0,0.0,0.0,0.0,0.0,0.0,0.0,0.0,0.0,0.0,0.78,-3.42,-44.41,0.0,0.0,0.0,100.0,0,0,3378
2768613,0,0,0,99.99,0.0,0.0,0.0,0.0,0.0,0.0,0.0,0.0,0.0,0.0,0.0,0.0,0.78,-3.42,-44.46,0.0,0.0,0.0,100.0,0,0,3378
2768813,0,0,0,99.99,0.0,0.0,0.0,0.0,0.0,0.0,0.0,0.0,0.0,0.0,0.0,0.0,0.76,-3.42,-44.48,0.0,0.0,0.0,100.0,0,0,3378
2769013,0,0,0,99.99,0.0,0.0,0.0,0.0,0.0,0.0,0.0,0.0,0.0,0.0,0.0,0.0,0.76,-3.4,-44.51,0.0,0.0,0.0,100.0,0,0,3384
2769213,0,0,0,99.99,0.0,0.0,0.0,0.0,0.0,0.0,0.0,0.0,0.0,0.0,0.0,0.0,0.78,-3.4,-44.54,0.0,0.0,0.0,100.0,0,0,3384
2769413,0,0,0,99.99,0.0,0.0,0.0,0.0,0.0,0.0,0.0,0.0,0.0,0.0,0.0,0.0,0.78,-3.39,-44.52,0.0,0.0,0.0,100.0,0,0,3384
2769613,0,0,0,99.99,0.0,0.0,0.0,0.0,0.0,0.0,0.0,0.0,0.0,0.0,0.0,0.0,0.79,-3.39,-44.55,0.0,0.0,0.0,100.0,0,0,3384
2769813,0,0,0,99.99,0.0,0.0,0.0,0.0,0.0,0.0,0.0,0.0,0.0,0.0,0.0,0.0,0.78,-3.39,-44.58,0.0,0.0,0.0,100.0,0,0,3384
2770013,0,0,0,99.99,0.0,0.0,0.0,0.0,0.0,0.0,0.0,0.0,0.0,0.0,0.0,0.0,0.78,-3.4,-44.55,0.0,0.0,0.0,100.0,0,0,3390
2770213,0,0,0,99.99,0.0,0.0,0.0,0.0,0.0,0.0,0.0,0.0,0.0,0.0,0.0,0.0,0.78,-3.41,-44.54,0.0,0.0,0.0,100.0,0,0,3390
2770413,0,0,0,99.99,0.0,0.0,0.0,0.0,0.0,0.0,0.0,0.0,0.0,0.0,0.0,0.0,0.77,-3.41,-44.53,0.0,0.0,0.0,100.0,0,0,3390
2770613,0,0,0,99.99,0.0,0.0,0.0,0.0,0.0,0.0,0.0,0.0,0.0,0.0,0.0,0.0,0.77,-3.41,-44.55,0.0,0.0,0.0,100.0,0,0,3390
2770813,0,0,0,99.99,0.0,0.0,0.0,0.0,0.0,0.0,0.0,0.0,0.0,0.0,0.0,0.0,0.78,-3.42,-44.56,0.0,0.0,0.0,100.0,0,0,3390
2771013,0,0,0,99.99,0.0,0.0,0.0,0.0,0.0,0.0,0.0,0.0,0.0,0.0,0.0,0.0,0.79,-3.41,-44.57,0.0,0.0,0.0,100.0,0,0,3396
2771213,0,0,0,99.99,0.0,0.0,0.0,0.0,0.0,0.0,0.0,0.0,0.0,0.0,0.0,0.0,0.78,-3.41,-44.53,0.0,0.0,0.0,100.0,0,0,3396
2771413,0,0,0,99.99,0.0,0.0,0.0,0.0,0.0,0.0,0.0,0.0,0.0,0.0,0.0,0.0,0.78,-3.42,-44.51,0.0,0.0,0.0,100.0,0,0,3396
2771614,0,0,0,99.99,0.0,0.0,0.0,0.0,0.0,0.0,0.0,0.0,0.0,0.0,0.0,0.0,0.79,-3.41,-44.5,0.0,0.0,0.0,100.0,0,0,3396
2771823,0,0,0,99.99,0.0,0.0,0.0,0.0,0.0,0.0,0.0,0.0,0.0,0.0,0.0,0.0,0.78,-3.41,-44.5,0.0,0.0,0.0,100.0,0,0,3396
2772023,0,0,0,99.99,0.0,0.0,0.0,0.0,0.0,0.0,0.0,0.0,0.0,0.0,0.0,0.0,0.78,-3.41,-44.5,0.0,0.0,0.0,100.0,0,0,3402
2772223,0,0,0,99.99,0.0,0.0,0.0,0.0,0.0,0.0,0.0,0.0,0.0,0.0,0.0,0.0,0.78,-3.4,-44.53,0.0,0.0,0.0,100.0,0,0,3402
2772423,0,0,0,99.99,0.0,0.0,0.0,0.0,0.0,0.0,0.0,0.0,0.0,0.0,0.0,0.0,0.78,-3.41,-44.56,0.0,0.0,0.0,100.0,0,0,3402
2772623,0,0,0,99.99,0.0,0.0,0.0,0.0,0.0,0.0,0.0,0.0,0.0,0.0,0.0,0.0,0.78,-3.43,-44.57,0.0,0.0,0.0,99.9,0,0,3402
2772823,0,0,0,99.99,0.0,0.0,0.0,0.0,0.0,0.0,0.0,0.0,0.0,0.0,0.0,0.0,0.78,-3.42,-44.63,0.0,0.0,0.0,99.9,0,0,3402
2773023,0,0,0,99.99,0.0,0.0,0.0,0.0,0.0,0.0,0.0,0.0,0.0,0.0,0.0,0.0,0.77,-3.41,-44.65,0.0,0.0,0.0,99.9,0,0,3408
2773223,0,0,0,99.99,0.0,0.0,0.0,0.0,0.0,0.0,0.0,0.0,0.0,0.0,0.0,0.0,0.77,-3.4,-44.69,0.0,0.0,0.0,99.9,0,0,3408
2773423,0,0,0,99.99,0.0,0.0,0.0,0.0,0.0,0.0,0.0,0.0,0.0,0.0,0.0,0.0,0.78,-3.42,-44.69,0.0,0.0,0.0,99.9,0,0,3408
2773623,0,0,0,99.99,0.0,0.0,0.0,0.0,0.0,0.0,0.0,0.0,0.0,0.0,0.0,0.0,0.79,-3.41,-44.7,0.0,0.0,0.0,100.1,0,0,3408
2773823,0,0,0,99.99,0.0,0.0,0.0,0.0,0.0,0.0,0.0,0.0,0.0,0.0,0.0,0.0,0.78,-3.42,-44.74,0.0,0.0,0.0,100.1,0,0,3408
2774023,0,0,0,99.99,0.0,0.0,0.0,0.0,0.0,0.0,0.0,0.0,0.0,0.0,0.0,0.0,0.78,-3.42,-44.76,0.0,0.0,0.0,100.1,0,0,3409
2774223,0,0,0,99.99,0.0,0.0,0.0,0.0,0.0,0.0,0.0,0.0,0.0,0.0,0.0,0.0,0.79,-3.41,-44.77,0.0,0.0,0.0,100.1,0,0,3414
2774423,0,0,0,99.99,0.0,0.0,0.0,0.0,0.0,0.0,0.0,0.0,0.0,0.0,0.0,0.0,0.79,-3.41,-44.8,0.0,0.0,0.0,100.1,0,0,3414
2774623,0,0,0,99.99,0.0,0.0,0.0,0.0,0.0,0.0,0.0,0.0,0.0,0.0,0.0,0.0,0.79,-3.4,-44.83,0.0,0.0,0.0,100.0,0,0,3414
2774824,0,0,0,99.99,0.0,0.0,0.0,0.0,0.0,0.0,0.0,0.0,0.0,0.0,0.0,0.0,0.78,-3.4,-44.81,0.0,0.0,0.0,100.0,0,0,3414
2775033,0,0,0,99.99,0.0,0.0,0.0,0.0,0.0,0.0,0.0,0.0,0.0,0.0,0.0,0.0,0.78,-3.38,-44.86,0.0,0.0,0.0,100.0,0,0,3420
2775233,0,0,0,99.99,0.0,0.0,0.0,0.0,0.0,0.0,0.0,0.0,0.0,0.0,0.0,0.0,0.78,-3.39,-44.87,0.0,0.0,0.0,100.0,0,0,3420
2775433,0,0,0,99.99,0.0,0.0,0.0,0.0,0.0,0.0,0.0,0.0,0.0,0.0,0.0,0.0,0.79,-3.4,-44.92,0.0,0.0,0.0,100.0,0,0,3420
2775633,0,0,0,99.99,0.0,0.0,0.0,0.0,0.0,0.0,0.0,0.0,0.0,0.0,0.0,0.0,0.79,-3.4,-44.93,0.0,0.0,0.0,100.0,0,0,3420
2775833,0,0,0,99.99,0.0,0.0,0.0,0.0,0.0,0.0,0.0,0.0,0.0,0.0,0.0,0.0,0.78,-3.4,-44.89,0.0,0.0,0.0,100.0,0,0,3420
2776036,0,0,0,99.99,0.0,0.0,0.0,0.0,0.0,0.0,0.0,0.0,0.0,0.0,0.0,0.0,0.77,-3.41,-44.86,0.0,0.0,0.0,100.0,0,0,3426
2776243,0,0,0,99.99,0.0,0.0,0.0,0.0,0.0,0.0,0.0,0.0,0.0,0.0,0.0,0.0,0.68,-3.41,-44.74,0.0,0.0,0.0,100.0,0,0,3426
2776443,0,0,0,99.99,0.0,0.0,0.0,0.0,0.0,0.0,0.0,0.0,0.0,0.0,0.0,0.0,0.7,-3.42,-44.65,0.0,0.0,0.0,100.0,0,0,3426
2776643,0,0,0,99.99,0.0,0.0,0.0,0.0,0.0,0.0,0.0,0.0,0.0,0.0,0.0,0.0,0.7,-3.42,-44.59,0.0,0.0,0.0,100.0,0,0,3426
2776843,0,0,0,99.99,0.0,0.0,0.0,0.0,0.0,0.0,0.0,0.0,0.0,0.0,0.0,0.0,0.71,-3.41,-44.56,0.0,0.0,0.0,100.0,0,0,3426
2777043,0,0,0,99.99,0.0,0.0,0.0,0.0,0.0,0.0,0.0,0.0,0.0,0.0,0.0,0.0,0.72,-3.41,-44.54,0.0,0.0,0.0,100.0,0,0,3432
2777243,0,0,0,99.99,0.0,0.0,0.0,0.0,0.0,0.0,0.0,0.0,0.0,0.0,0.0,0.0,0.73,-3.4,-44.52,0.0,0.0,0.0,100.0,0,0,3432
2777443,0,0,0,99.99,0.0,0.0,0.0,0.0,0.0,0.0,0.0,0.0,0.0,0.0,0.0,0.0,0.75,-3.41,-44.46,0.0,0.0,0.0,100.0,0,0,3432
2777643,0,0,0,99.99,0.0,0.0,0.0,0.0,0.0,0.0,0.0,0.0,0.0,0.0,0.0,0.0,0.76,-3.41,-44.45,0.0,0.0,0.0,100.0,0,0,3432
2777843,0,0,0,99.99,0.0,0.0,0.0,0.0,0.0,0.0,0.0,0.0,0.0,0.0,0.0,0.0,0.75,-3.42,-44.41,0.0,0.0,0.0,100.0,0,0,3433
2778043,0,0,0,99.99,0.0,0.0,0.0,0.0,0.0,0.0,0.0,0.0,0.0,0.0,0.0,0.0,0.76,-3.42,-44.4,0.0,0.0,0.0,100.0,0,0,3438
2778243,0,0,0,99.99,0.0,0.0,0.0,0.0,0.0,0.0,0.0,0.0,0.0,0.0,0.0,0.0,0.76,-3.41,-44.42,0.0,0.0,0.0,100.0,0,0,3438
2778443,0,0,0,99.99,0.0,0.0,0.0,0.0,0.0,0.0,0.0,0.0,0.0,0.0,0.0,0.0,0.75,-3.4,-44.43,0.0,0.0,0.0,100.0,0,0,3438
2778643,0,0,0,99.99,0.0,0.0,0.0,0.0,0.0,0.0,0.0,0.0,0.0,0.0,0.0,0.0,0.75,-3.39,-44.43,0.0,0.0,0.0,100.0,0,0,3438
2778843,0,0,0,99.99,0.0,0.0,0.0,0.0,0.0,0.0,0.0,0.0,0.0,0.0,0.0,0.0,0.74,-3.4,-44.38,0.0,0.0,0.0,100.0,0,0,3439
2779043,0,0,0,99.99,0.0,0.0,0.0,0.0,0.0,0.0,0.0,0.0,0.0,0.0,0.0,0.0,0.74,-3.38,-44.37,0.0,0.0,0.0,100.0,0,0,3444
2779243,0,0,0,99.99,0.0,0.0,0.0,0.0,0.0,0.0,0.0,0.0,0.0,0.0,0.0,0.0,0.76,-3.39,-44.35,0.0,0.0,0.0,100.0,0,0,3444
2779443,0,0,0,99.99,0.0,0.0,0.0,0.0,0.0,0.0,0.0,0.0,0.0,0.0,0.0,0.0,0.75,-3.37,-44.38,0.0,0.0,0.0,100.0,0,0,3444
2779643,0,0,0,99.99,0.0,0.0,0.0,0.0,0.0,0.0,0.0,0.0,0.0,0.0,0.0,0.0,0.75,-3.37,-44.41,0.0,0.0,0.0,100.0,0,0,3444
2779843,0,0,0,99.99,0.0,0.0,0.0,0.0,0.0,0.0,0.0,0.0,0.0,0.0,0.0,0.0,0.79,-3.4,-44.41,0.0,0.0,0.0,100.0,0,0,3444
2780043,0,0,0,99.99,0.0,0.0,0.0,0.0,0.0,0.0,0.0,0.0,0.0,0.0,0.0,0.0,0.77,-3.39,-44.42,0.0,0.0,0.0,100.0,0,0,3446
2780243,0,0,0,99.99,0.0,0.0,0.0,0.0,0.0,0.0,0.0,0.0,0.0,0.0,0.0,0.0,0.78,-3.4,-44.41,0.0,0.0,0.0,100.0,0,0,3450
2780444,0,0,0,99.99,0.0,0.0,0.0,0.0,0.0,0.0,0.0,0.0,0.0,0.0,0.0,0.0,0.78,-3.42,-44.41,0.0,0.0,0.0,100.0,0,0,3450
2780653,0,0,0,99.99,0.0,0.0,0.0,0.0,0.0,0.0,0.0,0.0,0.0,0.0,0.0,0.0,0.8,-3.44,-44.37,0.0,0.0,0.0,100.0,0,0,3450
2780853,0,0,0,99.99,0.0,0.0,0.0,0.0,0.0,0.0,0.0,0.0,0.0,0.0,0.0,0.0,0.78,-3.42,-44.37,0.0,0.0,0.0,100.0,0,0,3451
2781053,0,0,0,99.99,0.0,0.0,0.0,0.0,0.0,0.0,0.0,0.0,0.0,0.0,0.0,0.0,0.78,-3.43,-44.38,0.0,0.0,0.0,100.0,0,0,3456
2781253,0,0,0,99.99,0.0,0.0,0.0,0.0,0.0,0.0,0.0,0.0,0.0,0.0,0.0,0.0,0.75,-3.47,-44.39,0.0,0.0,0.0,100.0,0,0,3456
2781453,0,0,0,99.99,0.0,0.0,0.0,0.0,0.0,0.0,0.0,0.0,0.0,0.0,0.0,0.0,0.76,-3.45,-44.39,0.0,0.0,0.0,100.0,0,0,3456
2781653,0,0,0,99.99,0.0,0.0,0.0,0.0,0.0,0.0,0.0,0.0,0.0,0.0,0.0,0.0,0.77,-3.46,-44.37,0.0,0.0,0.0,100.0,0,0,3456
2781853,0,0,0,99.99,0.0,0.0,0.0,0.0,0.0,0.0,0.0,0.0,0.0,0.0,0.0,0.0,0.72,-3.4,-44.39,0.0,0.0,0.0,100.0,0,0,3457
2782053,0,0,0,99.99,0.0,0.0,0.0,0.0,0.0,0.0,0.0,0.0,0.0,0.0,0.0,0.0,0.72,-3.4,-44.41,0.0,0.0,0.0,100.0,0,0,3462
2782253,0,0,0,99.99,0.0,0.0,0.0,0.0,0.0,0.0,0.0,0.0,0.0,0.0,0.0,0.0,0.74,-3.4,-44.41,0.0,0.0,0.0,100.0,0,0,3462
2782453,0,0,0,99.99,0.0,0.0,0.0,0.0,0.0,0.0,0.0,0.0,0.0,0.0,0.0,0.0,0.74,-3.42,-44.36,0.0,0.0,0.0,100.0,0,0,3462
2782653,0,0,0,99.99,0.0,0.0,0.0,0.0,0.0,0.0,0.0,0.0,0.0,0.0,0.0,0.0,0.77,-3.4,-44.4,0.0,0.0,0.0,100.0,0,0,3462
2782853,0,0,0,99.99,0.0,0.0,0.0,0.0,0.0,0.0,0.0,0.0,0.0,0.0,0.0,0.0,0.76,-3.4,-44.45,0.0,0.0,0.0,100.0,0,0,3463
2783053,0,0,0,99.99,0.0,0.0,0.0,0.0,0.0,0.0,0.0,0.0,0.0,0.0,0.0,0.0,0.75,-3.42,-44.42,0.0,0.0,0.0,100.0,0,0,3468
2783253,0,0,0,99.99,0.0,0.0,0.0,0.0,0.0,0.0,0.0,0.0,0.0,0.0,0.0,0.0,0.75,-3.42,-44.39,0.0,0.0,0.0,100.0,0,0,3468
2783454,0,0,0,99.99,0.0,0.0,0.0,0.0,0.0,0.0,0.0,0.0,0.0,0.0,0.0,0.0,0.75,-3.43,-44.4,0.0,0.0,0.0,100.0,0,0,3468
2783663,0,0,0,99.99,0.0,0.0,0.0,0.0,0.0,0.0,0.0,0.0,0.0,0.0,0.0,0.0,0.75,-3.44,-44.39,0.0,0.0,0.0,100.0,0,0,3468
2783863,0,0,0,99.99,0.0,0.0,0.0,0.0,0.0,0.0,0.0,0.0,0.0,0.0,0.0,0.0,0.76,-3.46,-44.39,0.0,0.0,0.0,100.0,0,0,3470
2784063,0,0,0,99.99,0.0,0.0,0.0,0.0,0.0,0.0,0.0,0.0,0.0,0.0,0.0,0.0,0.77,-3.47,-44.37,0.0,0.0,0.0,100.0,0,0,3474
2784263,0,0,0,99.99,0.0,0.0,0.0,0.0,0.0,0.0,0.0,0.0,0.0,0.0,0.0,0.0,0.76,-3.45,-44.4,0.0,0.0,0.0,100.0,0,0,3474
2784463,0,0,0,99.99,0.0,0.0,0.0,0.0,0.0,0.0,0.0,0.0,0.0,0.0,0.0,0.0,0.78,-3.42,-44.44,0.0,0.0,0.0,100.0,0,0,3474
2784663,0,0,0,99.99,0.0,0.0,0.0,0.0,0.0,0.0,0.0,0.0,0.0,0.0,0.0,0.0,0.77,-3.42,-44.44,0.0,0.0,0.0,100.0,0,0,3474
2784863,0,0,0,99.99,0.0,0.0,0.0,0.0,0.0,0.0,0.0,0.0,0.0,0.0,0.0,0.0,0.76,-3.42,-44.43,0.0,0.0,0.0,100.0,0,0,3476
2785063,0,0,0,99.99,0.0,0.0,0.0,0.0,0.0,0.0,0.0,0.0,0.0,0.0,0.0,0.0,0.76,-3.41,-44.43,0.0,0.0,0.0,100.0,0,0,3480
2785263,0,0,0,99.99,0.0,0.0,0.0,0.0,0.0,0.0,0.0,0.0,0.0,0.0,0.0,0.0,0.77,-3.42,-44.42,0.0,0.0,0.0,100.0,0,0,3480
2785463,0,0,0,99.99,0.0,0.0,0.0,0.0,0.0,0.0,0.0,0.0,0.0,0.0,0.0,0.0,0.77,-3.42,-44.43,0.0,0.0,0.0,100.0,0,0,3480
2785663,0,0,0,99.99,0.0,0.0,0.0,0.0,0.0,0.0,0.0,0.0,0.0,0.0,0.0,0.0,0.76,-3.41,-44.45,0.0,0.0,0.0,100.0,0,0,3480
2785863,0,0,0,99.99,0.0,0.0,0.0,0.0,0.0,0.0,0.0,0.0,0.0,0.0,0.0,0.0,0.76,-3.41,-44.48,0.0,0.0,0.0,100.0,0,0,3480
2786063,0,0,0,99.99,0.0,0.0,0.0,0.0,0.0,0.0,0.0,0.0,0.0,0.0,0.0,0.0,0.76,-3.42,-44.45,0.0,0.0,0.0,100.0,0,0,3482
2786263,0,0,0,99.99,0.0,0.0,0.0,0.0,0.0,0.0,0.0,0.0,0.0,0.0,0.0,0.0,0.76,-3.42,-44.44,0.0,0.0,0.0,100.0,0,0,3486
2786463,0,0,0,99.99,0.0,0.0,0.0,0.0,0.0,0.0,0.0,0.0,0.0,0.0,0.0,0.0,0.77,-3.41,-44.45,0.0,0.0,0.0,100.0,0,0,3486
2786663,0,0,0,99.99,0.0,0.0,0.0,0.0,0.0,0.0,0.0,0.0,0.0,0.0,0.0,0.0,0.77,-3.4,-44.43,0.0,0.0,0.0,100.0,0,0,3486
2786863,0,0,0,99.99,0.0,0.0,0.0,0.0,0.0,0.0,0.0,0.0,0.0,0.0,0.0,0.0,0.77,-3.4,-44.4,0.0,0.0,0.0,100.0,0,0,3488
2787063,0,0,0,99.99,0.0,0.0,0.0,0.0,0.0,0.0,0.0,0.0,0.0,0.0,0.0,0.0,0.78,-3.41,-44.38,0.0,0.0,0.0,100.0,0,0,3492
2787263,0,0,0,99.99,0.0,0.0,0.0,0.0,0.0,0.0,0.0,0.0,0.0,0.0,0.0,0.0,0.77,-3.4,-44.38,0.0,0.0,0.0,100.0,0,0,3492
2787463,0,0,0,99.99,0.0,0.0,0.0,0.0,0.0,0.0,0.0,0.0,0.0,0.0,0.0,0.0,0.75,-3.39,-44.37,0.0,0.0,0.0,100.0,0,0,3492
2787663,0,0,0,99.99,0.0,0.0,0.0,0.0,0.0,0.0,0.0,0.0,0.0,0.0,0.0,0.0,0.78,-3.39,-44.37,0.0,0.0,0.0,99.9,0,0,3492
2787863,0,0,0,99.99,0.0,0.0,0.0,0.0,0.0,0.0,0.0,0.0,0.0,0.0,0.0,0.0,0.77,-3.39,-44.37,0.0,0.0,0.0,99.9,0,0,3494
2788063,0,0,0,99.99,0.0,0.0,0.0,0.0,0.0,0.0,0.0,0.0,0.0,0.0,0.0,0.0,0.77,-3.39,-44.38,0.0,0.0,0.0,99.9,0,0,3498
2788263,0,0,0,99.99,0.0,0.0,0.0,0.0,0.0,0.0,0.0,0.0,0.0,0.0,0.0,0.0,0.78,-3.41,-44.38,0.0,0.0,0.0,99.9,0,0,3498
2788463,0,0,0,99.99,0.0,0.0,0.0,0.0,0.0,0.0,0.0,0.0,0.0,0.0,0.0,0.0,0.79,-3.41,-44.36,0.0,0.0,0.0,99.9,0,0,3498
2788663,0,0,0,99.99,0.0,0.0,0.0,0.0,0.0,0.0,0.0,0.0,0.0,0.0,0.0,0.0,0.79,-3.41,-44.36,0.0,0.0,0.0,100.1,0,0,3498
2788868,0,0,0,99.99,0.0,0.0,0.0,0.0,0.0,0.0,0.0,0.0,0.0,0.0,0.0,0.0,0.77,-3.41,-44.35,0.0,0.0,0.0,100.1,0,0,3500
2789073,0,0,0,99.99,0.0,0.0,0.0,0.0,0.0,0.0,0.0,0.0,0.0,0.0,0.0,0.0,0.78,-3.43,-44.33,0.0,0.0,0.0,100.1,0,0,3504
2789273,0,0,0,99.99,0.0,0.0,0.0,0.0,0.0,0.0,0.0,0.0,0.0,0.0,0.0,0.0,0.78,-3.41,-44.35,0.0,0.0,0.0,100.1,0,0,3504
2789473,0,0,0,99.99,0.0,0.0,0.0,0.0,0.0,0.0,0.0,0.0,0.0,0.0,0.0,0.0,0.78,-3.41,-44.4,0.0,0.0,0.0,100.1,0,0,3504
2789673,0,0,0,99.99,0.0,0.0,0.0,0.0,0.0,0.0,0.0,0.0,0.0,0.0,0.0,0.0,0.77,-3.41,-44.44,0.0,0.0,0.0,100.0,0,0,3504
2789873,0,0,0,99.99,0.0,0.0,0.0,0.0,0.0,0.0,0.0,0.0,0.0,0.0,0.0,0.0,0.77,-3.41,-44.44,0.0,0.0,0.0,100.0,0,0,3506
2790073,0,0,0,99.99,0.0,0.0,0.0,0.0,0.0,0.0,0.0,0.0,0.0,0.0,0.0,0.0,0.77,-3.42,-44.43,0.0,0.0,0.0,100.0,0,0,3510
2790273,0,0,0,99.99,0.0,0.0,0.0,0.0,0.0,0.0,0.0,0.0,0.0,0.0,0.0,0.0,0.77,-3.42,-44.43,0.0,0.0,0.0,100.0,0,0,3510
2790473,0,0,0,99.99,0.0,0.0,0.0,0.0,0.0,0.0,0.0,0.0,0.0,0.0,0.0,0.0,0.75,-3.42,-44.42,0.0,0.0,0.0,100.0,0,0,3510
2790673,0,0,0,99.99,0.0,0.0,0.0,0.0,0.0,0.0,0.0,0.0,0.0,0.0,0.0,0.0,0.75,-3.43,-44.37,0.0,0.0,0.0,100.0,0,0,3510
2790873,0,0,0,99.99,0.0,0.0,0.0,0.0,0.0,0.0,0.0,0.0,0.0,0.0,0.0,0.0,0.75,-3.43,-44.37,0.0,0.0,0.0,100.0,0,0,3512
2791073,0,0,0,99.99,0.0,0.0,0.0,0.0,0.0,0.0,0.0,0.0,0.0,0.0,0.0,0.0,0.76,-3.42,-44.36,0.0,0.0,0.0,100.0,0,0,3516
2791273,0,0,0,99.99,0.0,0.0,0.0,0.0,0.0,0.0,0.0,0.0,0.0,0.0,0.0,0.0,0.76,-3.42,-44.38,0.0,0.0,0.0,100.0,0,0,3516
2791473,0,0,0,99.99,0.0,0.0,0.0,0.0,0.0,0.0,0.0,0.0,0.0,0.0,0.0,0.0,0.76,-3.42,-44.37,0.0,0.0,0.0,100.0,0,0,3516
2791673,0,0,0,99.99,0.0,0.0,0.0,0.0,0.0,0.0,0.0,0.0,0.0,0.0,0.0,0.0,0.76,-3.41,-44.38,0.0,0.0,0.0,100.0,0,0,3516
2791874,0,0,0,99.99,0.0,0.0,0.0,0.0,0.0,0.0,0.0,0.0,0.0,0.0,0.0,0.0,0.76,-3.39,-44.37,0.0,0.0,0.0,100.0,0,0,3516
2792074,0,0,0,99.99,0.0,0.0,0.0,0.0,0.0,0.0,0.0,0.0,0.0,0.0,0.0,0.0,0.78,-3.39,-44.34,0.0,0.0,0.0,100.0,0,0,3519
2792283,0,0,0,99.99,0.0,0.0,0.0,0.0,0.0,0.0,0.0,0.0,0.0,0.0,0.0,0.0,0.78,-3.4,-44.35,0.0,0.0,0.0,100.0,0,0,3522
2792484,0,0,0,99.99,0.0,0.0,0.0,0.0,0.0,0.0,0.0,0.0,0.0,0.0,0.0,0.0,0.78,-3.4,-44.36,0.0,0.0,0.0,100.0,0,0,3522
2792693,0,0,0,99.99,0.0,0.0,0.0,0.0,0.0,0.0,0.0,0.0,0.0,0.0,0.0,0.0,0.8,-3.41,-44.32,0.0,0.0,0.0,100.0,0,0,3522
2792893,0,0,0,99.99,0.0,0.0,0.0,0.0,0.0,0.0,0.0,0.0,0.0,0.0,0.0,0.0,0.8,-3.45,-44.34,0.0,0.0,0.0,100.0,0,0,3524
2793093,0,0,0,99.99,0.0,0.0,0.0,0.0,0.0,0.0,0.0,0.0,0.0,0.0,0.0,0.0,0.81,-3.43,-44.36,0.0,0.0,0.0,100.0,0,0,3528
2793293,0,0,0,99.99,0.0,0.0,0.0,0.0,0.0,0.0,0.0,0.0,0.0,0.0,0.0,0.0,0.81,-3.44,-44.35,0.0,0.0,0.0,100.0,0,0,3528
2793493,0,0,0,99.99,0.0,0.0,0.0,0.0,0.0,0.0,0.0,0.0,0.0,0.0,0.0,0.0,0.81,-3.44,-44.37,0.0,0.0,0.0,100.0,0,0,3528
2793693,0,0,0,99.99,0.0,0.0,0.0,0.0,0.0,0.0,0.0,0.0,0.0,0.0,0.0,0.0,0.8,-3.43,-44.36,0.0,0.0,0.0,100.0,0,0,3528
2793893,0,0,0,99.99,0.0,0.0,0.0,0.0,0.0,0.0,0.0,0.0,0.0,0.0,0.0,0.0,0.79,-3.43,-44.34,0.0,0.0,0.0,100.0,0,0,3530
2794093,0,0,0,99.99,0.0,0.0,0.0,0.0,0.0,0.0,0.0,0.0,0.0,0.0,0.0,0.0,0.8,-3.44,-44.36,0.0,0.0,0.0,100.0,0,0,3534
2794293,0,0,0,99.99,0.0,0.0,0.0,0.0,0.0,0.0,0.0,0.0,0.0,0.0,0.0,0.0,0.8,-3.44,-44.35,0.0,0.0,0.0,100.0,0,0,3534
2794493,0,0,0,99.99,0.0,0.0,0.0,0.0,0.0,0.0,0.0,0.0,0.0,0.0,0.0,0.0,0.8,-3.42,-44.35,0.0,0.0,0.0,100.0,0,0,3534
2794693,0,0,0,99.99,0.0,0.0,0.0,0.0,0.0,0.0,0.0,0.0,0.0,0.0,0.0,0.0,0.79,-3.44,-44.34,0.0,0.0,0.0,100.0,0,0,3534
2794893,0,0,0,99.99,0.0,0.0,0.0,0.0,0.0,0.0,0.0,0.0,0.0,0.0,0.0,0.0,0.78,-3.45,-44.3,0.0,0.0,0.0,100.0,0,0,3536
2795093,0,0,0,99.99,0.0,0.0,0.0,0.0,0.0,0.0,0.0,0.0,0.0,0.0,0.0,0.0,0.79,-3.44,-44.31,0.0,0.0,0.0,100.0,0,0,3540
2795294,0,0,0,99.99,0.0,0.0,0.0,0.0,0.0,0.0,0.0,0.0,0.0,0.0,0.0,0.0,0.8,-3.44,-44.31,0.0,0.0,0.0,100.0,0,0,3540
2795503,0,0,0,99.99,0.0,0.0,0.0,0.0,0.0,0.0,0.0,0.0,0.0,0.0,0.0,0.0,0.81,-3.43,-44.35,0.0,0.0,0.0,100.0,0,0,3540
2795703,0,0,0,99.99,0.0,0.0,0.0,0.0,0.0,0.0,0.0,0.0,0.0,0.0,0.0,0.0,0.8,-3.43,-44.35,0.0,0.0,0.0,100.0,0,0,3540
2795903,0,0,0,99.99,0.0,0.0,0.0,0.0,0.0,0.0,0.0,0.0,0.0,0.0,0.0,0.0,0.8,-3.43,-44.39,0.0,0.0,0.0,100.0,0,0,3542
2796103,0,0,0,99.99,0.0,0.0,0.0,0.0,0.0,0.0,0.0,0.0,0.0,0.0,0.0,0.0,0.81,-3.43,-44.42,0.0,0.0,0.0,100.0,0,0,3546
2796303,0,0,0,99.99,0.0,0.0,0.0,0.0,0.0,0.0,0.0,0.0,0.0,0.0,0.0,0.0,0.81,-3.43,-44.41,0.0,0.0,0.0,100.0,0,0,3546
2796503,0,0,0,99.99,0.0,0.0,0.0,0.0,0.0,0.0,0.0,0.0,0.0,0.0,0.0,0.0,0.8,-3.44,-44.39,0.0,0.0,0.0,100.0,0,0,3546
2796703,0,0,0,99.99,0.0,0.0,0.0,0.0,0.0,0.0,0.0,0.0,0.0,0.0,0.0,0.0,0.81,-3.42,-44.37,0.0,0.0,0.0,99.9,0,0,3546
2796903,0,0,0,99.99,0.0,0.0,0.0,0.0,0.0,0.0,0.0,0.0,0.0,0.0,0.0,0.0,0.8,-3.42,-44.35,0.0,0.0,0.0,99.9,0,0,3548
2797103,0,0,0,99.99,0.0,0.0,0.0,0.0,0.0,0.0,0.0,0.0,0.0,0.0,0.0,0.0,0.79,-3.43,-44.3,0.0,0.0,0.0,99.9,0,0,3552
2797303,0,0,0,99.99,0.0,0.0,0.0,0.0,0.0,0.0,0.0,0.0,0.0,0.0,0.0,0.0,0.78,-3.43,-44.27,0.0,0.0,0.0,99.9,0,0,3552
2797503,0,0,0,99.99,0.0,0.0,0.0,0.0,0.0,0.0,0.0,0.0,0.0,0.0,0.0,0.0,0.79,-3.45,-44.26,0.0,0.0,0.0,99.9,0,0,3552
2797703,0,0,0,99.99,0.0,0.0,0.0,0.0,0.0,0.0,0.0,0.0,0.0,0.0,0.0,0.0,0.78,-3.44,-44.23,0.0,0.0,0.0,100.1,0,0,3552
2797903,0,0,0,99.99,0.0,0.0,0.0,0.0,0.0,0.0,0.0,0.0,0.0,0.0,0.0,0.0,0.79,-3.43,-44.24,0.0,0.0,0.0,100.1,0,0,3552
2798103,0,0,0,99.99,0.0,0.0,0.0,0.0,0.0,0.0,0.0,0.0,0.0,0.0,0.0,0.0,0.79,-3.43,-44.23,0.0,0.0,0.0,100.1,0,0,3555
2798303,0,0,0,99.99,0.0,0.0,0.0,0.0,0.0,0.0,0.0,0.0,0.0,0.0,0.0,0.0,0.79,-3.43,-44.27,0.0,0.0,0.0,100.1,0,0,3558
2798503,0,0,0,99.99,0.0,0.0,0.0,0.0,0.0,0.0,0.0,0.0,0.0,0.0,0.0,0.0,0.8,-3.43,-44.28,0.0,0.0,0.0,100.1,0,0,3558
2798703,0,0,0,99.99,0.0,0.0,0.0,0.0,0.0,0.0,0.0,0.0,0.0,0.0,0.0,0.0,0.82,-3.42,-44.29,0.0,0.0,0.0,100.0,0,0,3558
2798903,0,0,0,99.99,0.0,0.0,0.0,0.0,0.0,0.0,0.0,0.0,0.0,0.0,0.0,0.0,0.81,-3.43,-44.37,0.0,0.0,0.0,100.0,0,0,3560
2799103,0,0,0,99.99,0.0,0.0,0.0,0.0,0.0,0.0,0.0,0.0,0.0,0.0,0.0,0.0,0.81,-3.41,-44.37,0.0,0.0,0.0,100.0,0,0,3564
2799303,0,0,0,99.99,0.0,0.0,0.0,0.0,0.0,0.0,0.0,0.0,0.0,0.0,0.0,0.0,0.81,-3.42,-44.4,0.0,0.0,0.0,100.0,0,0,3564
2799503,0,0,0,99.99,0.0,0.0,0.0,0.0,0.0,0.0,0.0,0.0,0.0,0.0,0.0,0.0,0.81,-3.43,-44.39,0.0,0.0,0.0,100.0,0,0,3564
2799703,0,0,0,99.99,0.0,0.0,0.0,0.0,0.0,0.0,0.0,0.0,0.0,0.0,0.0,0.0,0.8,-3.44,-44.36,0.0,0.0,0.0,100.0,0,0,3564
2799904,0,0,0,99.99,0.0,0.0,0.0,0.0,0.0,0.0,0.0,0.0,0.0,0.0,0.0,0.0,0.79,-3.44,-44.4,0.0,0.0,0.0,100.0,0,0,3566
2800113,0,0,0,99.99,0.0,0.0,0.0,0.0,0.0,0.0,0.0,0.0,0.0,0.0,0.0,0.0,0.79,-3.44,-44.41,0.0,0.0,0.0,100.0,0,0,3570
2800313,0,0,0,99.99,0.0,0.0,0.0,0.0,0.0,0.0,0.0,0.0,0.0,0.0,0.0,0.0,0.8,-3.44,-44.41,0.0,0.0,0.0,100.0,0,0,3570
2800513,0,0,0,99.99,0.0,0.0,0.0,0.0,0.0,0.0,0.0,0.0,0.0,0.0,0.0,0.0,0.8,-3.44,-44.44,0.0,0.0,0.0,100.0,0,0,3570
2800713,0,0,0,99.99,0.0,0.0,0.0,0.0,0.0,0.0,0.0,0.0,0.0,0.0,0.0,0.0,0.81,-3.43,-44.44,0.0,0.0,0.0,100.0,0,0,3570
2800913,0,0,0,99.99,0.0,0.0,0.0,0.0,0.0,0.0,0.0,0.0,0.0,0.0,0.0,0.0,0.81,-3.44,-44.41,0.0,0.0,0.0,100.0,0,0,3573
2801113,0,0,0,99.99,0.0,0.0,0.0,0.0,0.0,0.0,0.0,0.0,0.0,0.0,0.0,0.0,0.81,-3.44,-44.39,0.0,0.0,0.0,100.0,0,0,3576
2801313,0,0,0,99.99,0.0,0.0,0.0,0.0,0.0,0.0,0.0,0.0,0.0,0.0,0.0,0.0,0.79,-3.44,-44.37,0.0,0.0,0.0,100.0,0,0,3576
2801513,0,0,0,99.99,0.0,0.0,0.0,0.0,0.0,0.0,0.0,0.0,0.0,0.0,0.0,0.0,0.81,-3.43,-44.39,0.0,0.0,0.0,100.0,0,0,3576
2801713,0,0,0,99.99,0.0,0.0,0.0,0.0,0.0,0.0,0.0,0.0,0.0,0.0,0.0,0.0,0.81,-3.44,-44.38,0.0,0.0,0.0,100.0,0,0,3576
2801913,0,0,0,99.99,0.0,0.0,0.0,0.0,0.0,0.0,0.0,0.0,0.0,0.0,0.0,0.0,0.81,-3.42,-44.39,0.0,0.0,0.0,100.0,0,0,3579
2802113,0,0,0,99.99,0.0,0.0,0.0,0.0,0.0,0.0,0.0,0.0,0.0,0.0,0.0,0.0,0.82,-3.42,-44.36,0.0,0.0,0.0,100.0,0,0,3582
2802313,0,0,0,99.99,0.0,0.0,0.0,0.0,0.0,0.0,0.0,0.0,0.0,0.0,0.0,0.0,0.81,-3.43,-44.32,0.0,0.0,0.0,100.0,0,0,3582
2802513,0,0,0,99.99,0.0,0.0,0.0,0.0,0.0,0.0,0.0,0.0,0.0,0.0,0.0,0.0,0.8,-3.43,-44.31,0.0,0.0,0.0,100.0,0,0,3582
2802713,0,0,0,99.99,0.0,0.0,0.0,0.0,0.0,0.0,0.0,0.0,0.0,0.0,0.0,0.0,0.79,-3.42,-44.31,0.0,0.0,0.0,100.0,0,0,3582
2802914,0,0,0,99.99,0.0,0.0,0.0,0.0,0.0,0.0,0.0,0.0,0.0,0.0,0.0,0.0,0.79,-3.42,-44.31,0.0,0.0,0.0,100.0,0,0,3585
2803123,0,0,0,99.99,0.0,0.0,0.0,0.0,0.0,0.0,0.0,0.0,0.0,0.0,0.0,0.0,0.8,-3.43,-44.28,0.0,0.0,0.0,100.0,0,0,3588
2803323,0,0,0,99.99,0.0,0.0,0.0,0.0,0.0,0.0,0.0,0.0,0.0,0.0,0.0,0.0,0.8,-3.43,-44.25,0.0,0.0,0.0,100.0,0,0,3588
2803523,0,0,0,99.99,0.0,0.0,0.0,0.0,0.0,0.0,0.0,0.0,0.0,0.0,0.0,0.0,0.81,-3.42,-44.26,0.0,0.0,0.0,100.0,0,0,3588
2803723,0,0,0,99.99,0.0,0.0,0.0,0.0,0.0,0.0,0.0,0.0,0.0,0.0,0.0,0.0,0.79,-3.43,-44.26,0.0,0.0,0.0,100.0,0,0,3588
2803923,0,0,0,99.99,0.0,0.0,0.0,0.0,0.0,0.0,0.0,0.0,0.0,0.0,0.0,0.0,0.8,-3.41,-44.31,0.0,0.0,0.0,100.0,0,0,3588
2804124,0,0,0,99.99,0.0,0.0,0.0,0.0,0.0,0.0,0.0,0.0,0.0,0.0,0.0,0.0,0.8,-3.41,-44.3,0.0,0.0,0.0,100.0,0,0,3592
2804333,0,0,0,99.99,0.0,0.0,0.0,0.0,0.0,0.0,0.0,0.0,0.0,0.0,0.0,0.0,0.8,-3.42,-44.24,0.0,0.0,0.0,100.0,0,0,3594
2804533,0,0,0,99.99,0.0,0.0,0.0,0.0,0.0,0.0,0.0,0.0,0.0,0.0,0.0,0.0,0.81,-3.41,-44.25,0.0,0.0,0.0,100.0,0,0,3594
2804733,0,0,0,99.99,0.0,0.0,0.0,0.0,0.0,0.0,0.0,0.0,0.0,0.0,0.0,0.0,0.79,-3.41,-44.22,0.0,0.0,0.0,100.0,0,0,3594
2804933,0,0,0,99.99,0.0,0.0,0.0,0.0,0.0,0.0,0.0,0.0,0.0,0.0,0.0,0.0,0.81,-3.41,-44.26,0.0,0.0,0.0,100.0,0,0,3597
2805133,0,0,0,99.99,0.0,0.0,0.0,0.0,0.0,0.0,0.0,0.0,0.0,0.0,0.0,0.0,0.82,-3.39,-44.35,0.0,0.0,0.0,100.0,0,0,3600
2805333,0,0,0,99.99,0.0,0.0,0.0,0.0,0.0,0.0,0.0,0.0,0.0,0.0,0.0,0.0,0.82,-3.39,-44.35,0.0,0.0,0.0,100.0,0,0,3600
2805533,0,0,0,99.99,0.0,0.0,0.0,0.0,0.0,0.0,0.0,0.0,0.0,0.0,0.0,0.0,0.83,-3.4,-44.38,0.0,0.0,0.0,100.0,0,0,3600
2805733,0,0,0,99.99,0.0,0.0,0.0,0.0,0.0,0.0,0.0,0.0,0.0,0.0,0.0,0.0,0.82,-3.39,-44.41,0.0,0.0,0.0,100.0,0,0,3600
2805933,0,0,0,99.99,0.0,0.0,0.0,0.0,0.0,0.0,0.0,0.0,0.0,0.0,0.0,0.0,0.82,-3.4,-44.37,0.0,0.0,0.0,100.0,0,0,3603
2806133,0,0,0,99.99,0.0,0.0,0.0,0.0,0.0,0.0,0.0,0.0,0.0,0.0,0.0,0.0,0.82,-3.4,-44.39,0.0,0.0,0.0,100.0,0,0,3606
2806333,0,0,0,99.99,0.0,0.0,0.0,0.0,0.0,0.0,0.0,0.0,0.0,0.0,0.0,0.0,0.82,-3.4,-44.4,0.0,0.0,0.0,100.0,0,0,3606
2806533,0,0,0,99.99,0.0,0.0,0.0,0.0,0.0,0.0,0.0,0.0,0.0,0.0,0.0,0.0,0.81,-3.42,-44.38,0.0,0.0,0.0,100.0,0,0,3606
2806733,0,0,0,99.99,0.0,0.0,0.0,0.0,0.0,0.0,0.0,0.0,0.0,0.0,0.0,0.0,0.81,-3.42,-44.36,0.0,0.0,0.0,100.0,0,0,3606
2806933,0,0,0,99.99,0.0,0.0,0.0,0.0,0.0,0.0,0.0,0.0,0.0,0.0,0.0,0.0,0.8,-3.43,-44.33,0.0,0.0,0.0,100.0,0,0,3609
2807133,0,0,0,99.99,0.0,0.0,0.0,0.0,0.0,0.0,0.0,0.0,0.0,0.0,0.0,0.0,0.81,-3.44,-44.32,0.0,0.0,0.0,100.0,0,0,3612
2807333,0,0,0,99.99,0.0,0.0,0.0,0.0,0.0,0.0,0.0,0.0,0.0,0.0,0.0,0.0,0.8,-3.44,-44.31,0.0,0.0,0.0,100.0,0,0,3612
2807533,0,0,0,99.99,0.0,0.0,0.0,0.0,0.0,0.0,0.0,0.0,0.0,0.0,0.0,0.0,0.81,-3.46,-44.28,0.0,0.0,0.0,100.0,0,0,3612
2807733,0,0,0,99.99,0.0,0.0,0.0,0.0,0.0,0.0,0.0,0.0,0.0,0.0,0.0,0.0,0.82,-3.45,-44.29,0.0,0.0,0.0,100.0,0,0,3612
2807933,0,0,0,99.99,0.0,0.0,0.0,0.0,0.0,0.0,0.0,0.0,0.0,0.0,0.0,0.0,0.82,-3.45,-44.29,0.0,0.0,0.0,100.0,0,0,3615
2808133,0,0,0,99.99,0.0,0.0,0.0,0.0,0.0,0.0,0.0,0.0,0.0,0.0,0.0,0.0,0.83,-3.42,-44.33,0.0,0.0,0.0,100.0,0,0,3618
2808333,0,0,0,99.99,0.0,0.0,0.0,0.0,0.0,0.0,0.0,0.0,0.0,0.0,0.0,0.0,0.84,-3.45,-44.28,0.0,0.0,0.0,100.0,0,0,3618
2808533,0,0,0,99.99,0.0,0.0,0.0,0.0,0.0,0.0,0.0,0.0,0.0,0.0,0.0,0.0,0.83,-3.45,-44.26,0.0,0.0,0.0,100.0,0,0,3618
2808733,0,0,0,99.99,0.0,0.0,0.0,0.0,0.0,0.0,0.0,0.0,0.0,0.0,0.0,0.0,0.83,-3.44,-44.27,0.0,0.0,0.0,100.0,0,0,3618
2808934,0,0,0,99.99,0.0,0.0,0.0,0.0,0.0,0.0,0.0,0.0,0.0,0.0,0.0,0.0,0.85,-3.47,-44.25,0.0,0.0,0.0,100.0,0,0,3621
2809143,0,0,0,99.99,0.0,0.0,0.0,0.0,0.0,0.0,0.0,0.0,0.0,0.0,0.0,0.0,0.86,-3.48,-44.28,0.0,0.0,0.0,100.0,0,0,3624
2809343,0,0,0,99.99,0.0,0.0,0.0,0.0,0.0,0.0,0.0,0.0,0.0,0.0,0.0,0.0,0.85,-3.47,-44.27,0.0,0.0,0.0,100.0,0,0,3624
2809543,0,0,0,99.99,0.0,0.0,0.0,0.0,0.0,0.0,0.0,0.0,0.0,0.0,0.0,0.0,0.83,-3.47,-44.25,0.0,0.0,0.0,100.0,0,0,3624
2809743,0,0,0,99.99,0.0,0.0,0.0,0.0,0.0,0.0,0.0,0.0,0.0,0.0,0.0,0.0,0.83,-3.46,-44.26,0.0,0.0,0.0,100.0,0,0,3624
2809943,0,0,0,99.99,0.0,0.0,0.0,0.0,0.0,0.0,0.0,0.0,0.0,0.0,0.0,0.0,0.81,-3.45,-44.26,0.0,0.0,0.0,100.0,0,0,3624
2810143,0,0,0,99.99,0.0,0.0,0.0,0.0,0.0,0.0,0.0,0.0,0.0,0.0,0.0,0.0,0.8,-3.45,-44.22,0.0,0.0,0.0,100.0,0,0,3629
2810343,0,0,0,99.99,0.0,0.0,0.0,0.0,0.0,0.0,0.0,0.0,0.0,0.0,0.0,0.0,0.8,-3.45,-44.21,0.0,0.0,0.0,100.0,0,0,3630
2810543,0,0,0,99.99,0.0,0.0,0.0,0.0,0.0,0.0,0.0,0.0,0.0,0.0,0.0,0.0,0.81,-3.45,-44.23,0.0,0.0,0.0,100.0,0,0,3630
2810743,0,0,0,99.99,0.0,0.0,0.0,0.0,0.0,0.0,0.0,0.0,0.0,0.0,0.0,0.0,0.82,-3.45,-44.25,0.0,0.0,0.0,99.9,0,0,3630
2810943,0,0,0,99.99,0.0,0.0,0.0,0.0,0.0,0.0,0.0,0.0,0.0,0.0,0.0,0.0,0.84,-3.44,-44.28,0.0,0.0,0.0,99.9,0,0,3633
2811143,0,0,0,99.99,0.0,0.0,0.0,0.0,0.0,0.0,0.0,0.0,0.0,0.0,0.0,0.0,0.84,-3.45,-44.33,0.0,0.0,0.0,99.9,0,0,3636
2811343,0,0,0,99.99,0.0,0.0,0.0,0.0,0.0,0.0,0.0,0.0,0.0,0.0,0.0,0.0,0.84,-3.45,-44.37,0.0,0.0,0.0,99.9,0,0,3636
2811543,0,0,0,99.99,0.0,0.0,0.0,0.0,0.0,0.0,0.0,0.0,0.0,0.0,0.0,0.0,0.84,-3.46,-44.37,0.0,0.0,0.0,99.9,0,0,3636
2811743,0,0,0,99.99,0.0,0.0,0.0,0.0,0.0,0.0,0.0,0.0,0.0,0.0,0.0,0.0,0.84,-3.46,-44.38,0.0,0.0,0.0,100.1,0,0,3636
2811943,0,0,0,99.99,0.0,0.0,0.0,0.0,0.0,0.0,0.0,0.0,0.0,0.0,0.0,0.0,0.84,-3.46,-44.4,0.0,0.0,0.0,100.1,0,0,3639
2812143,0,0,0,99.99,0.0,0.0,0.0,0.0,0.0,0.0,0.0,0.0,0.0,0.0,0.0,0.0,0.83,-3.45,-44.41,0.0,0.0,0.0,100.1,0,0,3642
2812343,0,0,0,99.99,0.0,0.0,0.0,0.0,0.0,0.0,0.0,0.0,0.0,0.0,0.0,0.0,0.83,-3.45,-44.42,0.0,0.0,0.0,100.1,0,0,3642
2812543,0,0,0,99.99,0.0,0.0,0.0,0.0,0.0,0.0,0.0,0.0,0.0,0.0,0.0,0.0,0.94,-2.59,-49.84,0.0,0.0,0.0,100.1,0,0,3642
2812743,0,0,0,99.99,0.0,0.0,0.0,0.0,0.0,0.0,0.0,0.0,0.0,0.0,0.0,0.0,0.6,-2.69,-46.38,0.0,0.0,0.0,100.0,0,0,3642
2812944,0,0,0,99.99,0.0,0.0,0.0,0.0,0.0,0.0,0.0,0.0,0.0,0.0,0.0,0.0,1.08,-3.77,-43.15,0.0,0.0,0.0,100.0,0,0,3645
2813144,0,0,0,99.99,0.0,0.0,0.0,0.0,0.0,0.0,0.0,0.0,0.0,0.0,0.0,0.0,0.98,-3.87,-32.84,0.0,0.0,0.0,100.0,0,0,3648
2813353,0,0,0,99.99,0.0,0.0,0.0,0.0,0.0,0.0,0.0,0.0,0.0,0.0,0.0,0.0,0.98,-3.78,-38.99,0.0,0.0,0.0,100.0,0,0,3648
2813553,0,0,0,99.99,0.0,0.0,0.0,0.0,0.0,0.0,0.0,0.0,0.0,0.0,0.0,0.0,0.97,-3.78,-38.75,0.0,0.0,0.0,100.0,0,0,3648
2813753,0,0,0,99.99,0.0,0.0,0.0,0.0,0.0,0.0,0.0,0.0,0.0,0.0,0.0,0.0,0.96,-3.76,-38.48,0.0,0.0,0.0,100.0,0,0,3648
2813953,0,0,0,99.99,0.0,0.0,0.0,0.0,0.0,0.0,0.0,0.0,0.0,0.0,0.0,0.0,0.96,-3.75,-38.2,0.0,0.0,0.0,100.0,0,0,3652
2814153,0,0,0,99.99,0.0,0.0,0.0,0.0,0.0,0.0,0.0,0.0,0.0,0.0,0.0,0.0,0.96,-3.74,-37.99,0.0,0.0,0.0,100.0,0,0,3654
2814353,0,0,0,99.99,0.0,0.0,0.0,0.0,0.0,0.0,0.0,0.0,0.0,0.0,0.0,0.0,0.98,-3.75,-37.84,0.0,0.0,0.0,100.0,0,0,3654
2814553,0,0,0,99.99,0.0,0.0,0.0,0.0,0.0,0.0,0.0,0.0,0.0,0.0,0.0,0.0,0.98,-3.74,-37.68,0.0,0.0,0.0,100.0,0,0,3654
2814753,0,0,0,99.99,0.0,0.0,0.0,0.0,0.0,0.0,0.0,0.0,0.0,0.0,0.0,0.0,0.98,-3.74,-37.54,0.0,0.0,0.0,100.0,0,0,3654
2814953,0,0,0,99.99,0.0,0.0,0.0,0.0,0.0,0.0,0.0,0.0,0.0,0.0,0.0,0.0,0.99,-3.73,-37.43,0.0,0.0,0.0,100.0,0,0,3658
2815153,0,0,0,99.99,0.0,0.0,0.0,0.0,0.0,0.0,0.0,0.0,0.0,0.0,0.0,0.0,0.99,-3.73,-37.36,0.0,0.0,0.0,100.0,0,0,3660
2815354,0,0,0,99.99,0.0,0.0,0.0,0.0,0.0,0.0,0.0,0.0,0.0,0.0,0.0,0.0,0.99,-3.72,-37.28,0.0,0.0,0.0,100.0,0,0,3660
2815563,0,0,0,99.99,0.0,0.0,0.0,0.0,0.0,0.0,0.0,0.0,0.0,0.0,0.0,0.0,0.99,-3.71,-37.22,0.0,0.0,0.0,100.0,0,0,3660
2815763,0,0,0,99.99,0.0,0.0,0.0,0.0,0.0,0.0,0.0,0.0,0.0,0.0,0.0,0.0,1.0,-3.7,-37.15,0.0,0.0,0.0,100.0,0,0,3660
2815963,0,0,0,99.99,0.0,0.0,0.0,0.0,0.0,0.0,0.0,0.0,0.0,0.0,0.0,0.0,1.0,-3.7,-37.06,0.0,0.0,0.0,100.0,0,0,3660
2816163,0,0,0,99.99,0.0,0.0,0.0,0.0,0.0,0.0,0.0,0.0,0.0,0.0,0.0,0.0,1.0,-3.68,-37.01,0.0,0.0,0.0,100.0,0,0,3665
2816363,0,0,0,99.99,0.0,0.0,0.0,0.0,0.0,0.0,0.0,0.0,0.0,0.0,0.0,0.0,1.0,-3.66,-36.98,0.0,0.0,0.0,100.0,0,0,3666
2816563,0,0,0,99.99,0.0,0.0,0.0,0.0,0.0,0.0,0.0,0.0,0.0,0.0,0.0,0.0,1.01,-3.66,-36.94,0.0,0.0,0.0,100.0,0,0,3666
2816763,0,0,0,99.99,0.0,0.0,0.0,0.0,0.0,0.0,0.0,0.0,0.0,0.0,0.0,0.0,1.01,-3.66,-36.89,0.0,0.0,0.0,100.0,0,0,3666
2816967,0,0,0,99.99,0.0,0.0,0.0,0.0,0.0,0.0,0.0,0.0,0.0,0.0,0.0,0.0,1.02,-3.65,-36.9,0.0,0.0,0.0,100.0,0,0,3670
2817173,0,0,0,99.99,0.0,0.0,0.0,0.0,0.0,0.0,0.0,0.0,0.0,0.0,0.0,0.0,1.02,-3.65,-36.87,0.0,0.0,0.0,100.0,0,0,3672
2817373,0,0,0,99.99,0.0,0.0,0.0,0.0,0.0,0.0,0.0,0.0,0.0,0.0,0.0,0.0,1.02,-3.65,-36.85,0.0,0.0,0.0,100.0,0,0,3672
2817573,0,0,0,99.99,0.0,0.0,0.0,0.0,0.0,0.0,0.0,0.0,0.0,0.0,0.0,0.0,1.03,-3.64,-36.85,0.0,0.0,0.0,100.0,0,0,3672
2817773,0,0,0,99.99,0.0,0.0,0.0,0.0,0.0,0.0,0.0,0.0,0.0,0.0,0.0,0.0,1.03,-3.64,-36.81,0.0,0.0,0.0,100.0,0,0,3672
2817973,0,0,0,99.99,0.0,0.0,0.0,0.0,0.0,0.0,0.0,0.0,0.0,0.0,0.0,0.0,1.02,-3.64,-36.77,0.0,0.0,0.0,100.0,0,0,3676
2818173,0,0,0,99.99,0.0,0.0,0.0,0.0,0.0,0.0,0.0,0.0,0.0,0.0,0.0,0.0,1.03,-3.64,-36.78,0.0,0.0,0.0,100.0,0,0,3678
2818373,0,0,0,99.99,0.0,0.0,0.0,0.0,0.0,0.0,0.0,0.0,0.0,0.0,0.0,0.0,1.03,-3.64,-36.83,0.0,0.0,0.0,100.0,0,0,3678
2818573,0,0,0,99.99,0.0,0.0,0.0,0.0,0.0,0.0,0.0,0.0,0.0,0.0,0.0,0.0,1.04,-3.64,-36.83,0.0,0.0,0.0,100.0,0,0,3678
2818773,0,0,0,99.99,0.0,0.0,0.0,0.0,0.0,0.0,0.0,0.0,0.0,0.0,0.0,0.0,1.01,-3.63,-36.84,0.0,0.0,0.0,100.0,0,0,3678
2818973,0,0,0,99.99,0.0,0.0,0.0,0.0,0.0,0.0,0.0,0.0,0.0,0.0,0.0,0.0,1.0,-3.6,-36.85,0.0,0.0,0.0,100.0,0,0,3682
2819173,0,0,0,99.99,0.0,0.0,0.0,0.0,0.0,0.0,0.0,0.0,0.0,0.0,0.0,0.0,0.98,-3.59,-36.83,0.0,0.0,0.0,100.0,0,0,3684
