t_ms,initialized,gps_fix,satellites,hdop,gps_lat,gps_lon,gps_alt_m,est_lat,est_lon,est_alt_m,e_m,n_m,u_m,ve_mps,vn_mps,vu_mps,roll_deg,pitch_deg,yaw_deg,innov_xy_m,sigma_e_m,sigma_n_m,imu_hz,gps_updates,gps_rejects,nmea_count
1250204,0,0,0,99.0,0.0,0.0,0.0,0.0,0.0,0.0,0.0,0.0,0.0,0.0,0.0,0.0,1.66,-6.01,-82.77,0.0,0.0,0.0,0.0,0,0,0
1250413,0,0,0,99.0,0.0,0.0,0.0,0.0,0.0,0.0,0.0,0.0,0.0,0.0,0.0,0.0,1.66,-6.05,-82.8,0.0,0.0,0.0,0.0,0,0,0
1250613,0,0,0,99.0,26.03059959,119.19298553,0.0,0.0,0.0,0.0,0.0,0.0,0.0,0.0,0.0,0.0,1.67,-6.09,-82.83,0.0,0.0,0.0,0.0,0,0,2
1250814,1,1,7,1.97,26.03059959,119.19298553,31.7,26.03059959,119.19298553,31.7,0.0,-0.0,0.0,0.0,-0.001,0.001,1.69,-6.16,-82.81,0.0,0.5,0.5,0.0,1,0,5
1251023,1,1,7,1.97,26.03059959,119.19298553,31.7,26.03059959,119.19298553,31.7,0.0,-0.0,0.0,0.0,0.0,-0.0,1.7,-6.17,-82.85,0.0,0.5,0.5,88.21,1,0,9
1251226,1,1,7,1.97,26.03059959,119.19298553,31.7,26.03059959,119.19298553,31.7,0.0,-0.0,0.0,0.0,-0.0,0.0,1.7,-6.18,-82.84,0.0,0.5,0.5,88.21,1,0,9
1251426,1,1,7,1.97,26.03059959,119.19298553,31.7,26.03059959,119.19298553,31.7,0.0,-0.0,0.0,0.0,-0.0,0.0,1.7,-6.19,-82.85,0.0,0.5,0.5,88.21,1,0,9
1251630,1,1,8,1.96,26.03059578,119.19298553,31.5,26.03059959,119.19298553,31.7,0.0,-0.0,0.0,0.0,0.0,0.0,1.71,-6.21,-82.86,0.425,0.5,0.5,88.21,2,0,12
1251830,1,1,8,1.96,26.03059578,119.19298553,31.5,26.03059959,119.19298553,31.7,0.0,-0.0,0.0,0.0,0.0,0.0,1.72,-6.2,-82.86,0.425,0.5,0.5,88.21,2,0,15
1252038,1,1,8,1.96,26.03059578,119.19298553,31.5,26.03059959,119.19298553,31.7,0.0,-0.0,0.0,0.0,-0.0,-0.0,1.71,-6.2,-82.85,0.425,0.5,0.5,81.69,2,0,18
1252247,1,1,8,1.96,26.03059578,119.19298553,31.5,26.03059959,119.19298553,31.7,-0.0,-0.0,0.0,-0.0,0.0,0.0,1.69,-6.19,-82.89,0.425,0.5,0.5,81.69,2,0,18
1252447,1,1,8,1.96,26.03059578,119.19298553,31.5,26.03059959,119.19298553,31.7,0.0,-0.0,-0.0,0.0,0.0,-0.0,1.67,-6.24,-82.87,0.425,0.501,0.501,81.69,2,0,18
1252663,1,1,8,1.06,26.03059959,119.19298553,31.5,26.03059959,119.19298553,31.7,0.0,0.0,-0.001,0.003,0.001,0.003,1.79,-6.26,-82.9,0.0,0.5,0.5,81.69,3,0,21
1252864,1,1,8,1.06,26.03059959,119.19298553,31.5,26.03059959,119.19298553,31.7,0.001,0.0,-0.001,0.003,0.001,0.004,1.75,-6.3,-82.88,0.0,0.514,0.514,81.69,3,0,24
1253068,1,1,8,1.06,26.03059959,119.19298553,31.5,26.03059959,119.19298553,31.7,0.001,0.001,0.0,0.003,0.001,0.004,1.74,-6.3,-82.88,0.0,0.539,0.539,119.88,3,0,27
1253281,1,1,8,1.06,26.03059959,119.19298553,31.5,26.03059959,119.19298553,31.7,0.001,0.0,-0.0,0.0,0.0,0.0,1.75,-6.3,-82.87,0.0,0.5,0.5,119.88,3,0,27
1253487,1,1,8,1.06,26.03059959,119.19298553,31.5,26.03059959,119.19298553,31.7,0.001,0.001,0.0,0.0,-0.0,-0.0,1.71,-6.32,-82.86,0.0,0.5,0.5,119.88,3,0,27
1253704,1,1,8,1.06,26.03060722,119.19298553,31.3,26.03059959,119.19298553,31.7,0.002,0.001,0.0,-0.0,-0.0,0.001,1.7,-6.33,-82.87,0.849,0.5,0.5,119.88,4,0,31
1253904,1,1,8,1.06,26.03060722,119.19298553,31.3,26.03059959,119.19298553,31.7,0.002,0.001,0.001,-0.0,0.0,-0.0,1.68,-6.32,-82.86,0.849,0.5,0.5,119.88,4,0,34
1254106,1,1,8,1.06,26.03060722,119.19298553,31.3,26.03059959,119.19298553,31.7,0.002,0.001,0.001,-0.0,-0.0,0.0,1.68,-6.33,-82.85,0.849,0.5,0.5,89.73,4,0,36
1254309,1,1,8,1.06,26.03060722,119.19298553,31.3,26.03059959,119.19298553,31.7,0.002,0.001,0.001,0.0,0.0,0.0,1.7,-6.32,-82.85,0.849,0.5,0.5,89.73,4,0,36
1254510,1,1,8,1.06,26.03060722,119.19298553,31.3,26.03059959,119.19298553,31.7,0.002,0.001,0.001,0.0,0.0,0.0,1.7,-6.33,-82.89,0.849,0.5,0.5,89.73,4,0,36
1254722,1,1,8,1.06,26.03060722,119.19298553,31.1,26.03059959,119.19298553,31.7,0.002,0.001,0.001,0.0,0.0,-0.0,1.7,-6.31,-82.89,0.849,0.5,0.5,89.73,5,0,40
1254924,1,1,8,1.06,26.03060722,119.19298553,31.1,26.03059959,119.19298553,31.7,0.002,0.001,0.001,-0.0,-0.0,0.0,1.69,-6.32,-82.89,0.849,0.5,0.5,89.73,5,0,43
1255137,1,1,8,1.06,26.03060722,119.19298553,31.1,26.03059959,119.19298553,31.7,0.002,0.001,0.001,0.0,-0.0,0.0,1.68,-6.32,-82.87,0.849,0.5,0.5,83.33,5,0,45
1255341,1,1,8,1.06,26.03060722,119.19298553,31.1,26.03059959,119.19298553,31.7,0.002,0.001,0.001,0.0,0.0,-0.0,1.69,-6.32,-82.88,0.849,0.5,0.5,83.33,5,0,45
1255546,1,1,8,1.06,26.03059959,119.19298553,31.1,26.03059959,119.19298553,31.7,0.002,0.001,0.001,-0.0,0.0,0.001,1.69,-6.31,-82.87,0.849,0.5,0.5,83.33,5,0,46
1255747,1,1,8,1.06,26.03059959,119.19298553,30.8,26.03059959,119.19298553,31.7,0.002,0.001,0.001,0.0,0.0,0.0,1.69,-6.31,-82.88,0.002,0.5,0.5,83.33,6,0,49
1255957,1,1,8,1.06,26.03059959,119.19298553,30.8,26.03059959,119.19298553,31.7,0.002,0.001,0.001,0.0,0.0,0.0,1.7,-6.32,-82.9,0.002,0.5,0.5,83.33,6,0,53
1256169,1,1,8,1.06,26.03059959,119.19298553,30.8,26.03059959,119.19298553,31.7,0.002,0.001,0.001,-0.0,0.0,-0.0,1.71,-6.31,-82.89,0.002,0.5,0.5,81.79,6,0,54
1256371,1,1,8,1.06,26.03059959,119.19298553,30.8,26.03059959,119.19298553,31.7,0.002,0.001,0.001,0.0,0.0,0.0,1.71,-6.31,-82.88,0.002,0.5,0.5,81.79,6,0,54
1256582,1,1,8,1.06,26.03059959,119.19300079,30.8,26.03059959,119.19298553,31.7,0.002,0.001,0.001,0.0,0.0,0.0,1.71,-6.3,-82.9,0.002,0.5,0.5,81.79,6,0,56
1256811,1,1,8,1.06,26.03059959,119.19300079,30.6,26.03059959,119.19298553,31.7,0.002,0.001,0.001,0.0,-0.0,0.0,1.71,-6.32,-82.92,1.525,0.5,0.5,81.79,7,0,59
1257012,1,1,8,1.06,26.03059959,119.19300079,30.6,26.03059959,119.19298553,31.7,0.002,0.001,0.001,0.0,0.0,0.001,1.7,-6.33,-82.95,1.525,0.5,0.5,81.79,7,0,63
1257215,1,1,8,1.06,26.03059959,119.19300079,30.6,26.03059959,119.19298553,31.7,0.002,0.001,0.001,0.0,0.0,0.0,1.72,-6.32,-82.95,1.525,0.5,0.5,86.91,7,0,63
1257421,1,1,8,1.06,26.03059959,119.19300079,30.6,26.03059959,119.19298553,31.7,0.002,0.001,0.001,-0.0,0.0,-0.0,1.7,-6.31,-82.94,1.525,0.5,0.5,86.91,7,0,63
1257631,1,1,8,1.06,26.03059959,119.19300079,30.3,26.03059959,119.19298553,31.7,0.003,0.001,0.0,0.0,-0.0,0.0,1.7,-6.34,-82.92,1.525,0.5,0.5,86.91,8,0,66
1257841,1,1,8,1.06,26.03059959,119.19300079,30.3,26.03059959,119.19298553,31.7,0.002,0.001,0.001,0.0,0.0,0.001,1.7,-6.32,-82.9,1.525,0.5,0.5,86.91,8,0,69
1258060,1,1,8,1.06,26.03059959,119.19300079,30.3,26.03059959,119.19298553,31.7,0.002,0.001,0.001,0.0,0.0,-0.0,1.71,-6.32,-82.89,1.525,0.5,0.5,86.91,8,0,72
1258261,1,1,8,1.06,26.03059959,119.19300079,30.3,26.03059959,119.19298553,31.7,0.002,0.001,0.001,0.0,0.0,0.0,1.71,-6.3,-82.89,1.525,0.5,0.5,81.59,8,0,72
1258466,1,1,8,1.06,26.03059959,119.19300079,30.3,26.03059959,119.19298553,31.7,0.002,0.001,0.001,0.0,0.0,-0.0,1.71,-6.28,-82.89,1.525,0.5,0.5,81.59,8,0,72
1258704,1,1,8,1.06,26.03059578,119.19300079,30.0,26.03059959,119.19298553,31.7,0.003,0.0,0.0,-0.0,-0.0,-0.0,1.69,-6.29,-82.88,1.583,0.5,0.5,81.59,9,0,76
1258904,1,1,8,1.06,26.03059578,119.19300079,30.0,26.03059959,119.19298553,31.7,0.002,0.001,0.001,-0.0,0.0,0.0,1.69,-6.28,-82.9,1.583,0.5,0.5,81.59,9,0,79
1259107,1,1,8,1.06,26.03059578,119.19300079,30.0,26.03059959,119.19298553,31.7,0.002,0.001,0.001,-0.0,-0.0,-0.001,1.68,-6.28,-82.9,1.583,0.5,0.5,87.04,9,0,81
1259312,1,1,8,1.06,26.03059578,119.19300079,30.0,26.03059959,119.19298553,31.7,0.002,0.001,0.001,0.0,-0.0,0.0,1.69,-6.3,-82.89,1.583,0.5,0.5,87.04,9,0,81
1259515,1,1,8,1.06,26.03059578,119.19300079,30.0,26.03059959,119.19298553,31.7,0.002,0.001,0.001,0.0,-0.0,0.0,1.68,-6.3,-82.85,1.583,0.5,0.5,87.04,9,0,81
1259720,1,1,8,1.06,26.03059578,119.19301605,29.7,26.03059959,119.19298553,31.7,0.004,0.0,0.0,0.0,0.0,-0.0,1.68,-6.3,-82.87,3.08,0.5,0.5,87.04,10,0,85
1259922,1,1,8,1.06,26.03059578,119.19301605,29.7,26.03059959,119.19298553,31.7,0.003,0.001,0.001,0.0,0.0,0.0,1.68,-6.28,-82.89,3.08,0.5,0.5,87.04,10,0,88
1260135,1,1,8,1.06,26.03059578,119.19301605,29.7,26.03059959,119.19298553,31.7,0.002,0.001,0.001,0.0,0.0,-0.0,1.69,-6.28,-82.9,3.08,0.5,0.5,82.68,10,0,90
1260341,1,1,8,1.06,26.03059578,119.19301605,29.7,26.03059959,119.19298553,31.7,0.002,0.001,0.001,-0.0,0.0,-0.0,1.67,-6.27,-82.9,3.08,0.5,0.5,82.68,10,0,90
1260552,1,1,8,1.06,26.03058624,119.19301605,29.7,26.03059959,119.19298553,31.7,0.002,0.001,0.001,-0.0,0.0,-0.0,1.67,-6.27,-82.9,3.08,0.5,0.5,82.68,10,0,91
1260753,1,1,8,1.05,26.03058624,119.19301605,29.4,26.03059959,119.19298553,31.7,0.004,-0.0,0.0,0.0,-0.0,0.0,1.67,-6.28,-82.9,3.394,0.5,0.5,82.68,11,0,94
1260961,1,1,8,1.05,26.03058624,119.19301605,29.4,26.03059959,119.19298553,31.7,0.003,0.0,0.001,0.0,0.0,-0.0,1.67,-6.29,-82.93,3.394,0.5,0.5,82.68,11,0,98
1261164,1,1,8,1.05,26.03058624,119.19301605,29.4,26.03059959,119.19298553,31.7,0.002,0.0,0.001,0.0,0.0,0.0,1.67,-6.28,-82.91,3.394,0.5,0.5,83.58,11,0,99
1261377,1,1,8,1.05,26.03058624,119.19301605,29.4,26.03059959,119.19298553,31.7,0.002,0.001,0.001,0.0,-0.0,-0.001,1.67,-6.29,-82.92,3.394,0.5,0.5,83.58,11,0,99
1261580,1,1,8,1.05,26.03058624,119.19301605,29.4,26.03059959,119.19298553,31.7,0.002,0.001,0.001,-0.0,0.0,0.001,1.66,-6.29,-82.9,3.394,0.5,0.5,83.58,11,0,101
1261798,1,1,8,1.05,26.03058624,119.19301605,28.9,26.03059959,119.19298553,31.7,0.003,-0.0,0.0,-0.0,0.0,0.0,1.67,-6.3,-82.88,3.394,0.5,0.5,83.58,12,0,104
1262009,1,1,8,1.05,26.03058624,119.19301605,28.9,26.03059959,119.19298553,31.7,0.002,0.0,0.001,0.0,0.0,0.0,1.68,-6.28,-82.87,3.394,0.5,0.5,83.58,12,0,107
1262216,1,1,8,1.05,26.03058624,119.19301605,28.9,26.03059959,119.19298553,31.7,0.002,0.001,0.001,0.0,-0.0,-0.0,1.7,-6.27,-82.87,3.394,0.5,0.5,86.0,12,0,108
1262420,1,1,8,1.05,26.03058624,119.19301605,28.9,26.03059959,119.19298553,31.7,0.002,0.001,0.001,0.0,-0.0,0.001,1.69,-6.28,-82.89,3.394,0.5,0.5,86.0,12,0,108
1262630,1,1,8,1.05,26.03059578,119.19301605,28.6,26.03059959,119.19298553,31.7,0.005,0.0,0.0,0.0,0.0,0.0,1.7,-6.29,-82.88,3.08,0.5,0.5,86.0,13,0,111
1262834,1,1,8,1.05,26.03059578,119.19301605,28.6,26.03059959,119.19298553,31.7,0.003,0.0,0.0,0.0,0.0,0.0,1.73,-6.28,-82.89,3.08,0.5,0.5,86.0,13,0,114
1263046,1,1,8,1.05,26.03059578,119.19301605,28.6,26.03059959,119.19298553,31.7,0.002,0.001,0.001,0.0,-0.0,-0.001,1.73,-6.29,-82.92,3.08,0.5,0.5,86.0,13,0,117
1263251,1,1,8,1.05,26.03059578,119.19301605,28.6,26.03059959,119.19298553,31.7,0.002,0.001,0.001,0.0,-0.0,0.0,1.73,-6.31,-82.93,3.08,0.5,0.5,82.34,13,0,117
1263457,1,1,8,1.05,26.03059578,119.19301605,28.6,26.03059959,119.19298553,31.7,0.002,0.001,0.001,-0.0,0.0,0.0,1.69,-6.28,-82.91,3.08,0.5,0.5,82.34,13,0,117
1263667,1,1,8,1.05,26.03059578,119.19301605,28.2,26.03059959,119.19298553,31.7,0.005,0.0,0.0,0.0,0.0,-0.0,1.68,-6.27,-82.93,3.08,0.5,0.5,82.34,14,0,120
1263868,1,1,8,1.05,26.03059578,119.19301605,28.2,26.03059959,119.19298553,31.7,0.003,0.0,0.0,0.0,0.0,0.0,1.68,-6.25,-82.91,3.08,0.5,0.5,82.34,14,0,123
1264073,1,1,8,1.05,26.03059578,119.19301605,28.2,26.03059959,119.19298553,31.7,0.002,0.001,0.001,0.0,-0.0,-0.0,1.68,-6.24,-82.92,3.08,0.5,0.5,82.34,14,0,126
1264275,1,1,8,1.05,26.03059578,119.19301605,28.2,26.03059959,119.19298553,31.7,0.002,0.001,0.001,-0.0,-0.0,0.0,1.68,-6.24,-82.94,3.08,0.5,0.5,80.92,14,0,126
1264481,1,1,8,1.05,26.03059578,119.19301605,28.2,26.03059959,119.19298553,31.7,0.002,0.001,0.001,0.0,0.0,0.0,1.69,-6.23,-82.93,3.08,0.5,0.5,80.92,14,0,126
1264709,1,1,8,1.05,26.03059578,119.19301605,27.7,26.03059959,119.19298553,31.7,0.004,0.0,0.0,0.0,0.0,0.0,1.71,-6.21,-82.93,3.08,0.5,0.5,80.92,15,0,130
1264914,1,1,8,1.05,26.03059578,119.19301605,27.7,26.03059959,119.19298553,31.7,0.003,0.001,0.0,0.0,0.0,0.001,1.71,-6.19,-82.94,3.08,0.5,0.5,80.92,15,0,133
1265127,1,1,8,1.05,26.03059578,119.19301605,27.7,26.03059959,119.19298553,31.7,0.002,0.001,0.001,0.0,-0.0,0.0,1.71,-6.2,-82.94,3.08,0.5,0.5,80.92,15,0,135
1265331,1,1,8,1.05,26.03059578,119.19301605,27.7,26.03059959,119.19298553,31.7,0.002,0.001,0.001,0.0,0.0,-0.0,1.7,-6.21,-82.93,3.08,0.5,0.5,86.57,15,0,135
1265532,1,1,8,1.05,26.03059578,119.19301605,27.7,26.03059959,119.19298553,31.7,0.002,0.001,0.001,0.0,0.0,-0.0,1.69,-6.22,-82.93,3.08,0.5,0.5,86.57,15,0,136
1265752,1,1,8,1.05,26.03059578,119.19301605,27.4,26.03059959,119.19298553,31.7,0.004,0.0,0.0,0.0,0.0,-0.0,1.69,-6.22,-82.93,3.08,0.5,0.5,86.57,16,0,139
1265966,1,1,8,1.05,26.03059578,119.19301605,27.4,26.03059959,119.19298553,31.7,0.003,0.001,0.0,0.0,0.0,-0.0,1.7,-6.22,-82.93,3.08,0.5,0.5,86.57,16,0,143
1266173,1,1,8,1.05,26.03059578,119.19301605,27.4,26.03059959,119.19298553,31.7,0.002,0.001,0.001,0.0,-0.0,0.0,1.68,-6.23,-82.92,3.08,0.5,0.5,86.57,16,0,144
1266375,1,1,8,1.05,26.03059578,119.19301605,27.4,26.03059959,119.19298553,31.7,0.002,0.001,0.001,0.0,0.0,-0.0,1.69,-6.24,-82.93,3.08,0.5,0.5,81.77,16,0,144
1266587,1,1,8,1.05,26.03059959,119.19301605,27.4,26.03059959,119.19298553,31.7,0.002,0.001,0.001,-0.0,-0.0,-0.0,1.66,-6.24,-82.94,3.08,0.5,0.5,81.77,16,0,146
1266808,1,1,8,1.05,26.03059959,119.19301605,27.1,26.03059959,119.19298553,31.7,0.003,0.001,0.0,0.0,-0.0,0.0,1.68,-6.24,-82.91,3.051,0.5,0.5,81.77,17,0,149
1267009,1,1,8,1.05,26.03059959,119.19301605,27.1,26.03059959,119.19298553,31.7,0.002,0.001,0.001,-0.0,-0.0,0.0,1.69,-6.25,-82.91,3.051,0.5,0.5,81.77,17,0,152
1267215,1,1,8,1.05,26.03059959,119.19301605,27.1,26.03059959,119.19298553,31.7,0.002,0.001,0.001,-0.0,0.0,0.001,1.68,-6.23,-82.91,3.051,0.5,0.5,83.17,17,0,153
1267415,1,1,8,1.05,26.03059959,119.19301605,27.1,26.03059959,119.19298553,31.7,0.002,0.001,0.001,0.0,0.0,0.0,1.69,-6.23,-82.92,3.051,0.5,0.5,83.17,17,0,153
1267630,1,1,8,1.05,26.03059578,119.19304657,26.5,26.03059959,119.19298553,31.7,0.009,0.0,-0.0,0.0,-0.0,0.001,1.69,-6.22,-82.93,6.118,0.5,0.5,83.17,18,0,156
1267838,1,1,8,1.05,26.03059578,119.19304657,26.5,26.03059959,119.19298553,31.7,0.005,0.0,0.0,0.0,-0.0,0.0,1.71,-6.25,-82.92,6.118,0.5,0.5,83.17,18,0,159
1268045,1,1,8,1.05,26.03059578,119.19304657,26.5,26.03059959,119.19298553,31.7,0.003,0.001,0.001,0.0,-0.0,-0.0,1.72,-6.25,-82.91,6.118,0.5,0.5,83.17,18,0,162
1268245,1,1,8,1.05,26.03059578,119.19304657,26.5,26.03059959,119.19298553,31.7,0.002,0.001,0.001,-0.0,-0.0,0.0,1.72,-6.25,-82.9,6.118,0.5,0.5,83.5,18,0,162
1268456,1,1,8,1.05,26.03059578,119.19304657,26.5,26.03059959,119.19298553,31.7,0.002,0.001,0.001,-0.0,0.0,0.0,1.7,-6.25,-82.9,6.118,0.5,0.5,83.5,18,0,162
1268699,1,1,7,1.96,26.03059578,119.19304657,26.1,26.03059959,119.19298553,31.7,0.003,0.001,0.0,-0.0,-0.0,0.0,1.68,-6.24,-82.9,6.118,0.5,0.5,83.5,19,0,166
1268899,1,1,7,1.96,26.03059578,119.19304657,26.1,26.03059959,119.19298553,31.7,0.002,0.001,0.0,0.0,-0.0,0.001,1.7,-6.24,-82.92,6.118,0.5,0.5,83.5,19,0,169
1269101,1,1,7,1.96,26.03059578,119.19304657,26.1,26.03059959,119.19298553,31.7,0.002,0.001,0.001,0.0,0.0,-0.0,1.7,-6.23,-82.93,6.118,0.5,0.5,83.5,19,0,171
1269302,1,1,7,1.96,26.03059578,119.19304657,26.1,26.03059959,119.19298553,31.7,0.002,0.001,0.001,0.0,-0.0,-0.0,1.7,-6.24,-82.95,6.118,0.5,0.5,86.57,19,0,171
1269505,1,1,7,1.96,26.03059578,119.19304657,26.1,26.03059959,119.19298553,31.7,0.002,0.001,0.001,-0.0,-0.0,0.0,1.69,-6.24,-82.92,6.118,0.5,0.5,86.57,19,0,171
1269711,1,1,7,1.96,26.03059578,119.19304657,25.7,26.03059959,119.19298553,31.7,0.003,0.001,0.0,0.0,0.0,0.001,1.68,-6.25,-82.9,6.118,0.5,0.5,86.57,20,0,175
1269915,1,1,7,1.96,26.03059578,119.19304657,25.7,26.03059959,119.19298553,31.7,0.002,0.001,0.0,0.0,0.0,-0.0,1.68,-6.25,-82.93,6.118,0.5,0.5,86.57,20,0,178
1270115,1,1,7,1.96,26.03059578,119.19304657,25.7,26.03059959,119.19298553,31.7,0.002,0.001,0.001,0.0,0.0,0.0,1.7,-6.23,-82.95,6.118,0.5,0.5,86.57,20,0,180
1270326,1,1,7,1.96,26.03059578,119.19304657,25.7,26.03059959,119.19298553,31.7,0.002,0.001,0.001,0.0,0.0,-0.0,1.7,-6.22,-82.96,6.118,0.5,0.5,80.76,20,0,180
1270528,1,1,7,1.96,26.03059578,119.19304657,25.7,26.03059959,119.19298553,31.7,0.002,0.001,0.001,-0.0,0.0,-0.0,1.7,-6.22,-82.95,6.118,0.5,0.5,80.76,20,0,181
1270743,1,1,7,1.96,26.03059578,119.19304657,25.3,26.03059959,119.19298553,31.7,0.003,0.001,0.0,0.0,0.0,0.0,1.69,-6.23,-82.96,6.118,0.5,0.5,80.76,21,0,184
1270949,1,1,7,1.96,26.03059578,119.19304657,25.3,26.03059959,119.19298553,31.7,0.002,0.001,0.0,-0.0,0.0,-0.0,1.69,-6.22,-82.96,6.118,0.5,0.5,80.76,21,0,187
1271150,1,1,7,1.96,26.03059578,119.19304657,25.3,26.03059959,119.19298553,31.7,0.002,0.001,0.001,0.0,0.0,-0.0,1.69,-6.22,-82.96,6.118,0.5,0.5,80.76,21,0,189
1271358,1,1,7,1.96,26.03059578,119.19304657,25.3,26.03059959,119.19298553,31.7,0.002,0.001,0.001,0.0,-0.0,-0.0,1.69,-6.24,-82.94,6.118,0.5,0.5,80.84,21,0,189
1271570,1,1,7,1.96,26.03059578,119.19304657,25.3,26.03059959,119.19298553,31.7,0.002,0.001,0.001,-0.0,-0.0,0.0,1.67,-6.25,-82.95,6.118,0.5,0.5,80.84,21,0,191
1271772,1,1,7,1.96,26.03059578,119.19304657,25.0,26.03059959,119.19298553,31.7,0.003,0.001,0.0,0.0,-0.0,-0.0,1.68,-6.26,-82.94,6.118,0.5,0.5,80.84,22,0,194
1271973,1,1,7,1.96,26.03059578,119.19304657,25.0,26.03059959,119.19298553,31.7,0.002,0.001,0.0,-0.0,0.0,0.0,1.69,-6.26,-82.94,6.118,0.5,0.5,80.84,22,0,197
1272173,1,1,7,1.96,26.03059578,119.19304657,25.0,26.03059959,119.19298553,31.7,0.002,0.001,0.001,0.0,-0.0,0.0,1.7,-6.27,-82.93,6.118,0.5,0.5,80.84,22,0,198
1272375,1,1,7,1.96,26.03059578,119.19304657,25.0,26.03059959,119.19298553,31.7,0.002,0.001,0.001,0.0,0.0,0.001,1.7,-6.26,-82.93,6.118,0.5,0.5,82.51,22,0,198
1272575,1,1,7,1.96,26.03059578,119.19304657,25.0,26.03059959,119.19298553,31.7,0.002,0.001,0.001,0.0,0.0,0.0,1.72,-6.25,-82.93,6.118,0.5,0.5,82.51,22,0,200
1272776,1,1,8,1.05,26.03059578,119.19304657,24.6,26.03059959,119.19298553,31.67,0.174,-0.011,-0.027,0.003,-0.0,-0.001,1.67,-6.31,-82.91,6.118,0.502,0.502,82.51,23,0,203
1272981,1,1,8,1.05,26.03059578,119.19304657,24.6,26.03059959,119.19298553,31.67,0.175,-0.011,-0.027,0.004,0.0,0.0,1.69,-6.32,-82.93,6.118,0.511,0.511,82.51,23,0,206
1273185,1,1,8,1.05,26.03059578,119.19304657,24.6,26.03059959,119.19298553,31.67,0.174,-0.011,-0.027,0.0,0.0,-0.0,1.69,-6.29,-82.96,6.118,0.5,0.5,82.51,23,0,207
1273385,1,1,8,1.05,26.03059578,119.19304657,24.6,26.03059959,119.19298553,31.67,0.175,-0.011,-0.027,0.0,0.0,0.0,1.7,-6.29,-82.97,6.118,0.5,0.5,108.46,23,0,207
1273587,1,1,8,1.05,26.03059578,119.19304657,24.6,26.03059959,119.19298553,31.67,0.175,-0.011,-0.027,0.0,0.0,0.001,1.71,-6.28,-82.96,6.118,0.5,0.5,108.46,23,0,209
1273793,1,1,8,1.05,26.03059578,119.19304657,24.3,26.03059959,119.19298553,31.67,0.18,-0.012,-0.028,0.0,-0.0,-0.0,1.73,-6.29,-82.96,5.944,0.5,0.5,108.46,24,0,212
1273993,1,1,8,1.05,26.03059578,119.19304657,24.3,26.03059959,119.19298553,31.67,0.177,-0.011,-0.027,0.0,-0.0,0.0,1.71,-6.29,-82.93,5.944,0.5,0.5,108.46,24,0,215
1274194,1,1,8,1.05,26.03059578,119.19304657,24.3,26.03059959,119.19298553,31.67,0.176,-0.011,-0.027,0.0,-0.0,0.0,1.7,-6.28,-82.92,5.944,0.5,0.5,108.46,24,0,216
1274396,1,1,8,1.05,26.03059578,119.19304657,24.3,26.03059959,119.19298553,31.67,0.176,-0.011,-0.027,0.0,-0.0,0.0,1.7,-6.28,-82.93,5.944,0.5,0.5,81.67,24,0,216
1274601,1,1,8,1.05,26.03059578,119.19304657,24.3,26.03059959,119.19298553,31.67,0.175,-0.011,-0.027,-0.0,0.0,0.0,1.7,-6.28,-82.91,5.944,0.5,0.5,81.67,24,0,218
1274805,1,1,8,1.05,26.03059578,119.19304657,24.1,26.03059959,119.19298553,31.67,0.178,-0.011,-0.028,0.0,-0.0,-0.0,1.73,-6.29,-82.92,5.944,0.5,0.5,81.67,25,0,221
1275009,1,1,8,1.05,26.03059578,119.19304657,24.1,26.03059959,119.19298553,31.67,0.176,-0.011,-0.027,-0.0,0.0,0.001,1.71,-6.29,-82.91,5.944,0.5,0.5,81.67,25,0,225
1275210,1,1,8,1.05,26.03059578,119.19304657,24.1,26.03059959,119.19298553,31.67,0.176,-0.011,-0.027,-0.0,-0.0,0.0,1.71,-6.31,-82.92,5.944,0.5,0.5,81.67,25,0,225
1275416,1,1,8,1.05,26.03059578,119.19304657,24.1,26.03059959,119.19298553,31.67,0.175,-0.011,-0.027,-0.0,-0.0,-0.0,1.71,-6.3,-82.93,5.944,0.5,0.5,82.36,25,0,225
1275630,1,1,8,1.05,26.03059578,119.19304657,23.8,26.03059959,119.19298553,31.67,0.182,-0.012,-0.028,-0.0,0.0,-0.0,1.71,-6.28,-82.9,5.944,0.5,0.5,82.36,26,0,228
1275841,1,1,8,1.05,26.03059578,119.19304657,23.8,26.03059959,119.19298553,31.67,0.178,-0.011,-0.028,0.0,-0.0,-0.001,1.7,-6.29,-82.94,5.944,0.5,0.5,82.36,26,0,231
1276060,1,1,8,1.05,26.03059578,119.19304657,23.8,26.03059959,119.19298553,31.67,0.176,-0.011,-0.027,0.0,-0.0,0.0,1.71,-6.29,-82.96,5.944,0.5,0.5,82.36,26,0,234
1276261,1,1,8,1.05,26.03059578,119.19304657,23.8,26.03059959,119.19298553,31.67,0.176,-0.011,-0.027,0.0,-0.0,0.0,1.71,-6.29,-82.96,5.944,0.5,0.5,82.36,26,0,234
1276466,1,1,8,1.05,26.03059578,119.19304657,23.8,26.03059959,119.19298553,31.67,0.175,-0.011,-0.027,0.0,0.0,-0.0,1.71,-6.29,-82.95,5.944,0.5,0.5,87.65,26,0,234
1276698,1,1,8,1.05,26.03059959,119.19304657,23.6,26.03059959,119.19298553,31.67,0.18,-0.011,-0.028,-0.0,-0.0,-0.0,1.69,-6.29,-82.93,5.93,0.5,0.5,87.65,27,0,238
1276910,1,1,8,1.05,26.03059959,119.19304657,23.6,26.03059959,119.19298553,31.67,0.177,-0.011,-0.027,-0.0,0.0,0.0,1.68,-6.31,-82.91,5.93,0.5,0.5,87.65,27,0,241
1277115,1,1,8,1.05,26.03059959,119.19304657,23.6,26.03059959,119.19298553,31.67,0.176,-0.011,-0.027,-0.0,-0.0,0.0,1.68,-6.28,-82.95,5.93,0.5,0.5,87.65,27,0,243
1277315,1,1,8,1.05,26.03059959,119.19304657,23.6,26.03059959,119.19298553,31.67,0.176,-0.011,-0.027,0.0,0.0,-0.0,1.68,-6.27,-82.93,5.93,0.5,0.5,87.65,27,0,243
1277528,1,1,8,1.05,26.03060341,119.19306946,23.6,26.03059959,119.19298553,31.67,0.175,-0.011,-0.027,0.0,-0.0,-0.0,1.68,-6.29,-82.91,5.93,0.5,0.5,82.76,27,0,244
1277747,1,1,8,1.05,26.03060341,119.19306946,23.1,26.03059959,119.19298553,31.67,0.181,-0.011,-0.028,0.0,0.0,-0.0,1.69,-6.27,-82.93,8.231,0.5,0.5,82.76,28,0,247
1277956,1,1,8,1.05,26.03060341,119.19306946,23.1,26.03059959,119.19298553,31.67,0.178,-0.011,-0.027,0.0,0.0,0.0,1.69,-6.27,-82.93,8.231,0.5,0.5,82.76,28,0,251
1278169,1,1,8,1.05,26.03060341,119.19306946,23.1,26.03059959,119.19298553,31.67,0.176,-0.011,-0.027,0.0,0.0,0.0,1.69,-6.26,-82.95,8.231,0.5,0.5,82.76,28,0,252
1278371,1,1,8,1.05,26.03060341,119.19306946,23.1,26.03059959,119.19298553,31.67,0.176,-0.011,-0.027,0.0,0.0,0.0,1.7,-6.25,-82.95,8.231,0.5,0.5,84.78,28,0,252
1278582,1,1,8,1.05,26.03060341,119.19306946,23.1,26.03059959,119.19298553,31.67,0.175,-0.011,-0.027,0.0,0.0,0.001,1.71,-6.25,-82.96,8.231,0.5,0.5,84.78,28,0,254
1278811,1,1,8,1.96,26.03060341,119.19306946,22.8,26.03059959,119.19298553,31.67,0.176,-0.011,-0.028,0.0,0.0,0.0,1.7,-6.25,-82.96,8.231,0.5,0.5,84.78,29,0,257
1279019,1,1,8,1.96,26.03060341,119.19306946,22.8,26.03059959,119.19298553,31.67,0.176,-0.011,-0.027,-0.0,-0.0,0.0,1.7,-6.26,-82.96,8.231,0.5,0.5,84.78,29,0,261
1279232,1,1,8,1.96,26.03060341,119.19306946,22.8,26.03059959,119.19298553,31.67,0.175,-0.011,-0.027,-0.0,0.0,-0.0,1.69,-6.26,-82.93,8.231,0.5,0.5,84.78,29,0,261
1279436,1,1,8,1.96,26.03060341,119.19306946,22.8,26.03059959,119.19298553,31.67,0.175,-0.011,-0.027,0.0,-0.0,0.001,1.69,-6.27,-82.91,8.231,0.5,0.5,86.83,29,0,261
1279646,1,1,8,1.96,26.03059959,119.19306946,22.5,26.03059959,119.19298553,31.67,0.178,-0.011,-0.028,0.001,0.0,0.0,1.71,-6.28,-82.91,8.219,0.5,0.5,86.83,30,0,264
1279851,1,1,8,1.96,26.03059959,119.19306946,22.5,26.03059959,119.19298553,31.67,0.176,-0.011,-0.028,0.0,0.0,0.0,1.72,-6.27,-82.91,8.219,0.5,0.5,86.83,30,0,267
1280062,1,1,8,1.96,26.03059959,119.19306946,22.5,26.03059959,119.19298553,31.67,0.176,-0.011,-0.027,0.0,0.0,-0.0,1.72,-6.27,-82.93,8.219,0.5,0.5,86.83,30,0,270
1280265,1,1,8,1.96,26.03059959,119.19306946,22.5,26.03059959,119.19298553,31.67,0.175,-0.011,-0.027,0.0,0.0,-0.0,1.73,-6.26,-82.95,8.219,0.5,0.5,86.83,30,0,270
1280471,1,1,8,1.96,26.03059959,119.19306946,22.5,26.03059959,119.19298553,31.67,0.175,-0.011,-0.027,-0.0,-0.0,0.0,1.72,-6.26,-82.94,8.219,0.5,0.5,79.44,30,0,270
1280699,1,1,8,1.96,26.03059959,119.19306946,22.1,26.03059959,119.19298553,31.67,0.177,-0.011,-0.028,0.0,0.0,0.0,1.71,-6.26,-82.93,8.219,0.5,0.5,79.44,31,0,274
1280899,1,1,8,1.96,26.03059959,119.19306946,22.1,26.03059959,119.19298553,31.67,0.176,-0.011,-0.027,0.0,-0.0,-0.0,1.72,-6.25,-82.91,8.219,0.5,0.5,79.44,31,0,277
1281100,1,1,8,1.96,26.03059959,119.19306946,22.1,26.03059959,119.19298553,31.67,0.176,-0.011,-0.027,-0.0,0.0,0.0,1.72,-6.26,-82.93,8.219,0.5,0.5,79.44,31,0,279
1281302,1,1,8,1.96,26.03059959,119.19306946,22.1,26.03059959,119.19298553,31.67,0.175,-0.011,-0.027,0.0,0.0,0.0,1.73,-6.27,-82.94,8.219,0.5,0.5,79.44,31,0,279
1281510,1,1,8,1.96,26.03059959,119.19306946,22.1,26.03059959,119.19298553,31.67,0.175,-0.011,-0.027,0.0,0.0,0.001,1.73,-6.26,-82.94,8.219,0.5,0.5,83.09,31,0,279
1281717,1,1,8,1.96,26.03059959,119.19306946,21.9,26.03059959,119.19298553,31.67,0.177,-0.011,-0.028,0.0,0.0,0.0,1.73,-6.26,-82.95,8.219,0.5,0.5,83.09,32,0,283
1281924,1,1,8,1.96,26.03059959,119.19306946,21.9,26.03059959,119.19298553,31.67,0.176,-0.011,-0.027,-0.0,0.0,-0.0,1.71,-6.26,-82.97,8.219,0.5,0.5,83.09,32,0,286
1282125,1,1,8,1.96,26.03059959,119.19306946,21.9,26.03059959,119.19298553,31.67,0.176,-0.011,-0.027,0.0,0.0,0.001,1.71,-6.26,-82.97,8.219,0.5,0.5,83.09,32,0,288
1282342,1,1,8,1.96,26.03059959,119.19306946,21.9,26.03059959,119.19298553,31.67,0.175,-0.011,-0.027,0.0,0.0,0.0,1.71,-6.26,-82.96,8.219,0.5,0.5,83.09,32,0,288
1282550,1,1,8,1.96,26.03059959,119.19308472,21.9,26.03059959,119.19298553,31.67,0.175,-0.011,-0.027,0.0,0.0,0.0,1.7,-6.26,-82.92,8.219,0.5,0.5,87.0,32,0,290
1282756,1,1,8,1.96,26.03059959,119.19308472,21.6,26.03059959,119.19298553,31.67,0.177,-0.011,-0.028,-0.0,0.0,0.0,1.7,-6.25,-82.96,9.746,0.5,0.5,87.0,33,0,292
1282967,1,1,8,1.96,26.03059959,119.19308472,21.6,26.03059959,119.19298553,31.67,0.176,-0.011,-0.027,0.0,0.0,0.0,1.7,-6.26,-82.96,9.746,0.5,0.5,87.0,33,0,296
1283172,1,1,8,1.96,26.03059959,119.19308472,21.6,26.03059959,119.19298553,31.67,0.176,-0.011,-0.027,0.0,0.0,-0.0,1.71,-6.26,-82.96,9.746,0.5,0.5,87.0,33,0,297
1283381,1,1,8,1.96,26.03059959,119.19308472,21.6,26.03059959,119.19298553,31.67,0.175,-0.011,-0.027,-0.0,0.0,-0.0,1.71,-6.26,-82.97,9.746,0.5,0.5,87.0,33,0,297
1283586,1,1,8,1.96,26.03059959,119.19308472,21.6,26.03059959,119.19298553,31.67,0.175,-0.011,-0.027,-0.0,0.0,-0.0,1.69,-6.25,-82.97,9.746,0.5,0.5,80.84,33,0,299
1283802,1,1,8,1.96,26.03059959,119.19308472,21.1,26.03059959,119.19298553,31.67,0.177,-0.011,-0.028,0.0,-0.0,0.0,1.7,-6.28,-82.97,9.746,0.5,0.5,80.84,34,0,302
1284009,1,1,8,1.96,26.03059959,119.19308472,21.1,26.03059959,119.19298553,31.67,0.176,-0.011,-0.027,-0.0,0.0,0.0,1.68,-6.27,-82.96,9.746,0.5,0.5,80.84,34,0,305
1284210,1,1,8,1.96,26.03059959,119.19308472,21.1,26.03059959,119.19298553,31.67,0.175,-0.011,-0.027,-0.0,0.0,-0.0,1.67,-6.28,-82.95,9.746,0.5,0.5,80.84,34,0,306
1284416,1,1,8,1.96,26.03059959,119.19308472,21.1,26.03059959,119.19298553,31.67,0.175,-0.011,-0.027,0.0,-0.0,-0.0,1.68,-6.29,-82.94,9.746,0.5,0.5,84.08,34,0,306
1284630,1,1,8,1.96,26.03059959,119.19308472,20.8,26.03059959,119.19298553,31.67,0.179,-0.011,-0.029,-0.0,0.0,0.0,1.67,-6.28,-82.95,9.746,0.5,0.5,84.08,35,0,309
1284842,1,1,8,1.96,26.03059959,119.19308472,20.8,26.03059959,119.19298553,31.67,0.177,-0.011,-0.028,0.0,0.0,0.0,1.69,-6.26,-82.96,9.746,0.5,0.5,84.08,35,0,312
1285065,1,1,8,1.96,26.03059959,119.19308472,20.8,26.03059959,119.19298553,31.67,0.176,-0.011,-0.027,0.0,0.0,0.0,1.69,-6.26,-82.97,9.746,0.5,0.5,84.08,35,0,315
1285276,1,1,8,1.96,26.03059959,119.19308472,20.8,26.03059959,119.19298553,31.67,0.175,-0.011,-0.027,-0.0,0.0,0.0,1.68,-6.26,-83.0,9.746,0.5,0.5,84.08,35,0,315
1285489,1,1,8,1.96,26.03059959,119.19308472,20.8,26.03059959,119.19298553,31.67,0.175,-0.011,-0.027,0.0,0.0,0.0,1.67,-6.23,-83.0,9.746,0.5,0.5,85.74,35,0,315
1285697,1,1,8,1.96,26.03059959,119.19308472,20.6,26.03059959,119.19298553,31.67,0.177,-0.011,-0.028,0.0,-0.0,0.0,1.71,-6.24,-82.97,9.746,0.5,0.5,85.74,36,0,319
1285904,1,1,8,1.96,26.03059959,119.19308472,20.6,26.03059959,119.19298553,31.67,0.176,-0.011,-0.027,0.0,0.0,0.0,1.71,-6.23,-82.98,9.746,0.5,0.5,85.74,36,0,322
1286111,1,1,8,1.96,26.03059959,119.19308472,20.6,26.03059959,119.19298553,31.67,0.176,-0.011,-0.027,0.0,0.0,0.001,1.71,-6.23,-82.98,9.746,0.5,0.5,85.74,36,0,324
1286316,1,1,8,1.96,26.03059959,119.19308472,20.6,26.03059959,119.19298553,31.67,0.175,-0.011,-0.027,-0.0,-0.0,0.0,1.71,-6.25,-82.98,9.746,0.5,0.5,85.74,36,0,324
1286528,1,1,8,1.96,26.03059578,119.19308472,20.6,26.03059959,119.19298553,31.67,0.175,-0.011,-0.027,-0.0,-0.0,0.001,1.71,-6.26,-82.98,9.746,0.5,0.5,83.5,36,0,325
1286740,1,1,8,1.96,26.03059578,119.19308472,20.4,26.03059959,119.19298553,31.67,0.177,-0.011,-0.028,0.0,0.0,0.0,1.72,-6.26,-82.98,9.754,0.5,0.5,83.5,37,0,328
1286946,1,1,8,1.96,26.03059578,119.19308472,20.4,26.03059959,119.19298553,31.67,0.176,-0.011,-0.027,-0.0,-0.0,0.001,1.72,-6.26,-82.98,9.754,0.5,0.5,83.5,37,0,331
1287155,1,1,8,1.96,26.03059578,119.19308472,20.4,26.03059959,119.19298553,31.67,0.176,-0.011,-0.027,0.0,0.0,0.0,1.7,-6.26,-82.98,9.754,0.5,0.5,83.5,37,0,333
1287355,1,1,8,1.96,26.03059578,119.19308472,20.4,26.03059959,119.19298553,31.67,0.175,-0.011,-0.027,0.0,0.0,0.0,1.7,-6.26,-82.98,9.754,0.5,0.5,83.5,37,0,333
1287561,1,1,8,1.96,26.03059578,119.19308472,20.4,26.03059959,119.19298553,31.67,0.175,-0.011,-0.027,0.0,0.0,-0.0,1.71,-6.26,-82.98,9.754,0.5,0.5,82.6,37,0,335
1287769,1,1,8,1.96,26.03059578,119.19308472,20.2,26.03059959,119.19298553,31.67,0.177,-0.011,-0.028,0.0,-0.0,0.0,1.7,-6.26,-82.98,9.754,0.5,0.5,82.6,38,0,338
1287979,1,1,8,1.96,26.03059578,119.19308472,20.2,26.03059959,119.19298553,31.67,0.176,-0.011,-0.027,0.0,0.0,0.0,1.7,-6.25,-82.99,9.754,0.5,0.5,82.6,38,0,341
1288183,1,1,8,1.96,26.03059578,119.19308472,20.2,26.03059959,119.19298553,31.67,0.176,-0.011,-0.027,0.0,0.0,0.0,1.69,-6.24,-83.01,9.754,0.5,0.5,82.6,38,0,342
1288392,1,1,8,1.96,26.03059578,119.19308472,20.2,26.03059959,119.19298553,31.67,0.175,-0.011,-0.027,-0.0,0.0,0.0,1.68,-6.25,-83.03,9.754,0.5,0.5,82.6,38,0,342
1288595,1,1,8,1.96,26.03059578,119.19308472,20.2,26.03059959,119.19298553,31.67,0.175,-0.011,-0.027,0.0,0.0,0.0,1.7,-6.26,-82.98,9.754,0.5,0.5,83.5,38,0,344
1288808,1,1,8,1.96,26.03059578,119.19308472,20.2,26.03059959,119.19298553,31.67,0.177,-0.011,-0.028,-0.0,0.001,0.0,1.7,-6.25,-82.98,9.754,0.5,0.5,83.5,39,0,347
1289009,1,1,8,1.96,26.03059578,119.19308472,20.2,26.03059959,119.19298553,31.67,0.176,-0.011,-0.027,0.0,-0.0,0.0,1.71,-6.27,-82.97,9.754,0.5,0.5,83.5,39,0,351
1289210,1,1,8,1.96,26.03059578,119.19308472,20.2,26.03059959,119.19298553,31.67,0.175,-0.011,-0.027,-0.0,0.0,0.001,1.7,-6.26,-82.99,9.754,0.5,0.5,83.5,39,0,351
1289416,1,1,8,1.96,26.03059578,119.19308472,20.2,26.03059959,119.19298553,31.67,0.175,-0.011,-0.027,-0.0,0.0,0.001,1.69,-6.26,-82.99,9.754,0.5,0.5,83.5,39,0,351
1289631,1,1,8,1.96,26.03059578,119.19308472,20.1,26.03059959,119.19298553,31.67,0.179,-0.011,-0.029,-0.0,0.0,-0.0,1.7,-6.25,-82.98,9.754,0.5,0.5,85.91,40,0,354
1289841,1,1,8,1.96,26.03059578,119.19308472,20.1,26.03059959,119.19298553,31.67,0.177,-0.011,-0.028,-0.0,-0.0,-0.0,1.69,-6.26,-82.97,9.754,0.5,0.5,85.91,40,0,357
1290059,1,1,8,1.96,26.03059578,119.19308472,20.1,26.03059959,119.19298553,31.67,0.176,-0.011,-0.027,0.0,0.0,-0.0,1.7,-6.26,-82.92,9.754,0.5,0.5,85.91,40,0,360
1290267,1,1,8,1.96,26.03059578,119.19308472,20.1,26.03059959,119.19298553,31.67,0.175,-0.011,-0.027,0.0,-0.0,-0.0,1.7,-6.26,-82.93,9.754,0.5,0.5,85.91,40,0,360
1290471,1,1,8,1.96,26.03059578,119.19308472,20.1,26.03059959,119.19298553,31.67,0.175,-0.011,-0.027,0.0,0.0,0.001,1.73,-6.26,-82.96,9.754,0.5,0.5,85.91,40,0,360
1290700,1,1,8,1.05,26.03058624,119.19309998,20.1,26.03059959,119.19298553,31.67,0.184,-0.012,-0.028,0.0,0.0,0.001,1.74,-6.26,-82.94,11.368,0.5,0.5,81.35,41,0,364
1290905,1,1,8,1.05,26.03058624,119.19309998,20.1,26.03059959,119.19298553,31.67,0.179,-0.012,-0.028,-0.0,0.0,-0.001,1.68,-6.23,-82.94,11.368,0.5,0.5,81.35,41,0,367
1291105,1,1,8,1.05,26.03058624,119.19309998,20.1,26.03059959,119.19298553,31.67,0.177,-0.011,-0.027,-0.0,0.0,0.0,1.67,-6.24,-82.95,11.368,0.5,0.5,81.35,41,0,369
1291305,1,1,8,1.05,26.03058624,119.19309998,20.1,26.03059959,119.19298553,31.67,0.176,-0.011,-0.027,0.0,0.0,0.0,1.69,-6.23,-82.95,11.368,0.5,0.5,81.35,41,0,369
1291511,1,1,8,1.05,26.03058624,119.19309998,20.1,26.03059959,119.19298553,31.67,0.175,-0.011,-0.027,0.0,-0.0,-0.0,1.68,-6.23,-82.97,11.368,0.5,0.5,80.68,41,0,369
1291719,1,1,8,1.05,26.03058624,119.19308472,20.1,26.03059959,119.19298553,31.67,0.182,-0.012,-0.028,0.0,-0.0,0.0,1.69,-6.24,-82.96,9.857,0.5,0.5,80.68,42,0,373
1291922,1,1,8,1.05,26.03058624,119.19308472,20.1,26.03059959,119.19298553,31.67,0.178,-0.012,-0.028,0.0,0.0,-0.0,1.7,-6.23,-82.96,9.857,0.5,0.5,80.68,42,0,376
1292124,1,1,8,1.05,26.03058624,119.19308472,20.1,26.03059959,119.19298553,31.67,0.176,-0.011,-0.027,0.0,0.0,0.0,1.69,-6.21,-82.95,9.857,0.5,0.5,80.68,42,0,378
1292331,1,1,8,1.05,26.03058624,119.19308472,20.1,26.03059959,119.19298553,31.67,0.176,-0.011,-0.027,0.0,-0.0,0.0,1.7,-6.23,-82.94,9.857,0.5,0.5,80.68,42,0,378
1292534,1,1,8,1.05,26.03058624,119.19309998,20.1,26.03059959,119.19298553,31.67,0.175,-0.011,-0.027,0.0,0.0,0.0,1.71,-6.23,-82.91,9.857,0.5,0.5,85.91,42,0,379
1292749,1,1,8,1.05,26.03058624,119.19309998,20.0,26.03059959,119.19298553,31.67,0.184,-0.012,-0.028,0.0,-0.0,-0.0,1.69,-6.24,-82.9,11.368,0.5,0.5,85.91,43,0,382
1292956,1,1,8,1.05,26.03058624,119.19309998,20.0,26.03059959,119.19298553,31.67,0.179,-0.012,-0.028,-0.0,-0.0,0.0,1.7,-6.25,-82.92,11.368,0.5,0.5,85.91,43,0,386
1293164,1,1,8,1.05,26.03058624,119.19309998,20.0,26.03059959,119.19298553,31.67,0.177,-0.011,-0.027,0.0,-0.0,0.0,1.69,-6.25,-82.92,11.368,0.5,0.5,85.91,43,0,387
1293371,1,1,8,1.05,26.03058624,119.19309998,20.0,26.03059959,119.19298553,31.67,0.176,-0.011,-0.027,0.0,0.0,0.0,1.69,-6.23,-82.92,11.368,0.5,0.5,85.91,43,0,387
1293576,1,1,8,1.05,26.03058624,119.19308472,20.0,26.03059959,119.19298553,31.67,0.175,-0.011,-0.027,-0.0,0.0,0.0,1.69,-6.21,-82.94,11.368,0.5,0.5,81.67,43,0,389
1293802,1,1,8,1.05,26.03058624,119.19308472,19.8,26.03059959,119.19298553,31.67,0.18,-0.012,-0.028,-0.0,0.0,0.0,1.68,-6.21,-82.92,9.856,0.5,0.5,81.67,44,0,392
1294009,1,1,8,1.05,26.03058624,119.19308472,19.8,26.03059959,119.19298553,31.67,0.177,-0.012,-0.027,0.0,0.0,0.0,1.69,-6.2,-82.91,9.856,0.5,0.5,81.67,44,0,395
1294215,1,1,8,1.05,26.03058624,119.19308472,19.8,26.03059959,119.19298553,31.67,0.176,-0.011,-0.027,0.0,-0.0,0.0,1.7,-6.21,-82.9,9.856,0.5,0.5,81.67,44,0,396
1294421,1,1,8,1.05,26.03058624,119.19308472,19.8,26.03059959,119.19298553,31.67,0.176,-0.011,-0.027,0.0,-0.0,-0.0,1.69,-6.23,-82.9,9.856,0.5,0.5,81.67,44,0,396
1294629,1,1,8,1.05,26.03058624,119.19308472,19.8,26.03059959,119.19298553,31.67,0.175,-0.011,-0.027,-0.0,0.0,-0.0,1.7,-6.21,-82.91,9.856,0.5,0.5,84.56,44,0,398
1294830,1,1,8,1.05,26.03058624,119.19308472,19.8,26.03059959,119.19298553,31.67,0.18,-0.012,-0.028,0.0,0.0,0.0,1.69,-6.2,-82.93,9.857,0.5,0.5,84.56,45,0,401
1295039,1,1,8,1.05,26.03058624,119.19308472,19.8,26.03059959,119.19298553,31.67,0.177,-0.012,-0.027,0.0,-0.0,-0.001,1.69,-6.21,-82.93,9.857,0.5,0.5,84.56,45,0,405
1295251,1,1,8,1.05,26.03058624,119.19308472,19.8,26.03059959,119.19298553,31.67,0.176,-0.011,-0.027,0.0,0.0,-0.0,1.69,-6.21,-82.96,9.857,0.5,0.5,84.56,45,0,405
1295456,1,1,8,1.05,26.03058624,119.19308472,19.8,26.03059959,119.19298553,31.67,0.176,-0.011,-0.027,-0.0,-0.0,-0.0,1.69,-6.25,-82.95,9.857,0.5,0.5,84.56,45,0,405
1295694,1,1,8,1.05,26.03058624,119.19308472,19.8,26.03059959,119.19298553,31.67,0.183,-0.012,-0.029,0.003,0.003,-0.018,1.4,-6.76,-83.09,9.857,0.5,0.5,86.4,46,0,409
1295899,1,1,8,1.05,26.03058624,119.19308472,19.8,26.03059959,119.19298553,31.67,0.183,-0.012,-0.031,0.002,0.002,-0.011,1.62,-6.44,-82.96,9.857,0.501,0.501,86.4,46,0,411
1296104,1,1,8,1.05,26.03058624,119.19308472,19.8,26.03059959,119.19298553,31.67,0.183,-0.011,-0.033,0.003,0.004,-0.01,1.69,-6.4,-82.98,9.857,0.508,0.508,86.4,46,0,414
1296308,1,1,8,1.05,26.03058624,119.19308472,19.8,26.03059959,119.19298553,31.66,0.184,-0.011,-0.035,0.003,0.004,-0.01,1.64,-6.46,-82.97,9.857,0.522,0.522,86.4,46,0,414
1296512,1,1,8,1.05,26.03058624,119.19308472,19.8,26.03059959,119.19298553,31.66,0.184,-0.01,-0.038,0.004,0.006,-0.01,1.62,-6.44,-82.96,9.857,0.548,0.548,86.4,46,0,414
1296713,1,1,8,1.05,26.03058624,119.19308472,19.8,26.03059959,119.19299316,31.6,0.545,-0.063,-0.101,0.123,-0.01,-0.031,1.63,-6.39,-82.96,9.847,0.575,0.575,122.14,47,0,418
1296916,1,1,8,1.05,26.03058624,119.19308472,19.8,26.03059959,119.19299316,31.61,0.516,-0.061,-0.094,0.001,0.0,0.001,1.66,-6.35,-82.94,9.847,0.5,0.5,122.14,47,0,421
1297121,1,1,8,1.05,26.03058624,119.19308472,19.8,26.03059959,119.19299316,31.6,0.541,-0.063,-0.1,0.0,0.0,0.0,1.68,-6.32,-82.91,9.847,0.5,0.5,122.14,47,0,423
1297321,1,1,8,1.05,26.03058624,119.19308472,19.8,26.03059959,119.19299316,31.6,0.552,-0.063,-0.103,0.0,0.0,-0.0,1.71,-6.3,-82.9,9.847,0.5,0.5,122.14,47,0,423
1297529,1,1,8,1.05,26.03058624,119.19308472,19.8,26.03059959,119.19299316,31.6,0.556,-0.064,-0.104,0.0,0.0,-0.0,1.73,-6.3,-82.9,9.847,0.5,0.5,122.14,47,0,424
1297730,1,1,8,1.05,26.03058624,119.19308472,19.9,26.03059959,119.19299316,31.59,0.564,-0.065,-0.105,0.0,0.0,0.0,1.75,-6.29,-82.92,9.472,0.5,0.5,96.04,48,0,427
1297931,1,1,8,1.05,26.03058624,119.19308472,19.9,26.03059959,119.19299316,31.6,0.561,-0.064,-0.105,0.0,0.0,0.001,1.78,-6.25,-82.91,9.472,0.5,0.5,96.04,48,0,430
1298138,1,1,8,1.05,26.03058624,119.19308472,19.9,26.03059959,119.19299316,31.6,0.559,-0.064,-0.104,0.0,-0.0,-0.0,1.78,-6.25,-82.9,9.472,0.5,0.5,96.04,48,0,432
1298341,1,1,8,1.05,26.03058624,119.19308472,19.9,26.03059959,119.19299316,31.6,0.559,-0.064,-0.104,0.0,0.0,0.0,1.77,-6.25,-82.93,9.472,0.5,0.5,96.04,48,0,432
1298546,1,1,8,1.05,26.03058624,119.19309998,19.9,26.03059959,119.19299316,31.6,0.558,-0.064,-0.104,0.0,0.0,0.0,1.77,-6.22,-82.9,9.472,0.5,0.5,82.75,48,0,433
1298750,1,1,8,1.95,26.03058624,119.19309998,20.0,26.03059959,119.19299316,31.59,0.561,-0.064,-0.105,-0.0,0.0,-0.0,1.76,-6.22,-82.9,10.981,0.5,0.5,82.75,49,0,436
1298950,1,1,8,1.95,26.03058624,119.19309998,20.0,26.03059959,119.19299316,31.6,0.559,-0.064,-0.105,0.0,-0.0,0.0,1.77,-6.24,-82.9,10.981,0.5,0.5,82.75,49,0,439
1299151,1,1,8,1.95,26.03058624,119.19309998,20.0,26.03059959,119.19299316,31.6,0.559,-0.064,-0.105,-0.0,-0.0,-0.001,1.75,-6.25,-82.91,10.981,0.5,0.5,82.75,49,0,441
1299351,1,1,8,1.95,26.03058624,119.19309998,20.0,26.03059959,119.19299316,31.6,0.558,-0.064,-0.104,0.0,0.0,0.0,1.77,-6.24,-82.92,10.981,0.5,0.5,82.75,49,0,441
1299553,1,1,8,1.95,26.03058243,119.19308472,20.0,26.03059959,119.19299316,31.6,0.558,-0.064,-0.105,-0.0,0.0,-0.004,1.74,-6.27,-82.92,10.981,0.5,0.5,88.0,49,0,443
1299762,1,1,8,1.95,26.03058243,119.19308472,20.1,26.03059959,119.19299316,31.56,0.637,-0.079,-0.143,0.002,0.0,-0.004,1.71,-6.27,-82.91,9.543,0.502,0.502,88.0,50,0,446
1299969,1,1,8,1.95,26.03058243,119.19308472,20.1,26.03059959,119.19299316,31.56,0.637,-0.079,-0.144,0.002,0.001,-0.004,1.71,-6.26,-82.9,9.543,0.512,0.512,88.0,50,0,449
1300173,1,1,8,1.95,26.03058243,119.19308472,20.1,26.03059959,119.19299316,31.56,0.637,-0.079,-0.143,0.0,0.0,-0.0,1.72,-6.24,-82.9,9.543,0.396,0.396,88.0,50,0,450
1300378,1,1,8,1.95,26.03058243,119.19308472,20.1,26.03059959,119.19299316,31.56,0.637,-0.079,-0.144,0.0,0.0,0.0,1.73,-6.25,-82.9,9.543,0.396,0.396,88.0,50,0,450
1300582,1,1,8,1.95,26.03058243,119.19308472,20.1,26.03059959,119.19299316,31.56,0.637,-0.079,-0.144,0.0,0.0,0.0,1.76,-6.24,-82.91,9.543,0.5,0.5,106.36,50,0,452
1300786,1,1,8,1.95,26.03058243,119.19308472,20.0,26.03059959,119.19299316,31.56,0.639,-0.079,-0.145,0.0,0.0,0.0,1.77,-6.22,-82.92,9.463,0.5,0.5,106.36,51,0,455
1300988,1,1,8,1.95,26.03058243,119.19308472,20.0,26.03059959,119.19299316,31.56,0.638,-0.079,-0.144,-0.0,0.0,0.0,1.77,-6.19,-82.92,9.463,0.5,0.5,106.36,51,0,458
1301189,1,1,8,1.95,26.03058243,119.19308472,20.0,26.03059959,119.19299316,31.56,0.638,-0.079,-0.144,0.0,0.0,0.0,1.8,-6.16,-82.92,9.463,0.5,0.5,106.36,51,0,459
1301391,1,1,8,1.95,26.03058243,119.19308472,20.0,26.03059959,119.19299316,31.56,0.638,-0.079,-0.144,0.001,0.0,0.0,1.81,-6.16,-82.92,9.463,0.5,0.5,106.36,51,0,459
1301596,1,1,8,1.95,26.03058624,119.19308472,20.0,26.03059959,119.19299316,31.56,0.637,-0.079,-0.144,0.0,-0.0,0.0,1.81,-6.17,-82.92,9.463,0.5,0.5,82.68,51,0,461
1301796,1,1,8,1.95,26.03058624,119.19308472,19.9,26.03059959,119.19299316,31.56,0.639,-0.079,-0.144,0.0,-0.0,-0.0,1.8,-6.19,-82.93,9.39,0.5,0.5,82.68,52,0,464
1302009,1,1,8,1.95,26.03058624,119.19308472,19.9,26.03059959,119.19299316,31.56,0.638,-0.079,-0.144,-0.0,0.0,0.0,1.78,-6.19,-82.9,9.39,0.5,0.5,82.68,52,0,468
1302215,1,1,8,1.95,26.03058624,119.19308472,19.9,26.03059959,119.19299316,31.56,0.638,-0.079,-0.144,-0.0,-0.0,0.0,1.79,-6.2,-82.89,9.39,0.5,0.5,82.68,52,0,468
1302426,1,1,8,1.95,26.03058624,119.19308472,19.9,26.03059959,119.19299316,31.56,0.637,-0.079,-0.144,0.0,-0.0,0.0,1.79,-6.21,-82.88,9.39,0.5,0.5,82.68,52,0,468
1302636,1,1,8,1.05,26.03058243,119.19308472,19.8,26.03059959,119.19299316,31.55,0.648,-0.081,-0.146,0.0,0.0,0.001,1.77,-6.19,-82.89,9.463,0.5,0.5,83.92,53,0,471
1302847,1,1,8,1.05,26.03058243,119.19308472,19.8,26.03059959,119.19299316,31.55,0.644,-0.08,-0.145,0.001,0.001,-0.001,1.78,-6.22,-82.93,9.463,0.5,0.5,83.92,53,0,474
1303050,1,1,8,1.05,26.03058243,119.19308472,19.8,26.03059959,119.19299316,31.55,0.645,-0.08,-0.145,0.001,0.001,-0.001,1.8,-6.24,-82.93,9.463,0.503,0.503,83.92,53,0,477
1303277,1,1,8,1.05,26.03058243,119.19308472,19.8,26.03059959,119.19299316,31.55,0.645,-0.08,-0.145,0.0,-0.0,-0.0,1.8,-6.24,-82.94,9.463,0.5,0.5,83.92,53,0,477
1303482,1,1,8,1.05,26.03058243,119.19308472,19.8,26.03059959,119.19299316,31.55,0.645,-0.08,-0.145,0.0,-0.0,0.0,1.8,-6.25,-82.94,9.463,0.5,0.5,83.92,53,0,477
1303703,1,1,8,1.05,26.03058243,119.19308472,19.6,26.03059959,119.19299316,31.55,0.652,-0.081,-0.147,0.0,-0.0,0.0,1.79,-6.25,-82.95,9.455,0.5,0.5,101.98,54,0,481
1303912,1,1,8,1.05,26.03058243,119.19308472,19.6,26.03059959,119.19299316,31.55,0.647,-0.08,-0.146,0.0,0.0,0.0,1.82,-6.24,-82.95,9.455,0.5,0.5,101.98,54,0,484
1304115,1,1,8,1.05,26.03058243,119.19308472,19.6,26.03059959,119.19299316,31.55,0.646,-0.08,-0.146,0.0,-0.0,0.0,1.82,-6.25,-82.97,9.455,0.5,0.5,101.98,54,0,486
1304321,1,1,8,1.05,26.03058243,119.19308472,19.6,26.03059959,119.19299316,31.55,0.645,-0.08,-0.146,-0.0,-0.0,0.0,1.8,-6.25,-82.96,9.455,0.5,0.5,101.98,54,0,486
1304529,1,1,8,1.05,26.03058624,119.19309998,19.6,26.03059959,119.19299316,31.55,0.645,-0.08,-0.145,0.0,-0.0,0.001,1.8,-6.26,-82.94,9.455,0.5,0.5,101.98,54,0,487
1304739,1,1,8,1.05,26.03058624,119.19309998,19.4,26.03059959,119.19299316,31.55,0.653,-0.081,-0.147,0.0,0.0,0.0,1.79,-6.27,-82.95,10.893,0.5,0.5,83.57,55,0,490
1304939,1,1,8,1.05,26.03058624,119.19309998,19.4,26.03059959,119.19299316,31.55,0.648,-0.08,-0.146,0.0,-0.0,0.0,1.79,-6.29,-82.92,10.893,0.5,0.5,83.57,55,0,493
1305144,1,1,8,1.05,26.03058624,119.19309998,19.4,26.03059959,119.19299316,31.55,0.646,-0.08,-0.146,0.0,0.0,0.0,1.79,-6.29,-82.93,10.893,0.5,0.5,83.57,55,0,495
1305351,1,1,8,1.05,26.03058624,119.19309998,19.4,26.03059959,119.19299316,31.55,0.645,-0.08,-0.146,0.0,0.0,0.0,1.79,-6.27,-82.92,10.893,0.5,0.5,83.57,55,0,495
1305562,1,1,8,1.05,26.03058624,119.19308472,19.4,26.03059959,119.19299316,31.55,0.645,-0.08,-0.145,-0.0,0.0,0.0,1.79,-6.24,-82.91,10.893,0.5,0.5,83.57,55,0,497
1305771,1,1,8,1.05,26.03058624,119.19308472,19.6,26.03059959,119.19299316,31.55,0.652,-0.081,-0.147,-0.0,-0.0,-0.0,1.75,-6.23,-82.91,9.382,0.5,0.5,83.74,56,0,500
1305979,1,1,8,1.05,26.03058624,119.19308472,19.6,26.03059959,119.19299316,31.55,0.648,-0.08,-0.146,0.0,0.0,0.0,1.76,-6.21,-82.9,9.382,0.5,0.5,83.74,56,0,503
1306189,1,1,8,1.05,26.03058624,119.19308472,19.6,26.03059959,119.19299316,31.55,0.646,-0.08,-0.146,0.0,-0.0,-0.0,1.77,-6.21,-82.92,9.382,0.5,0.5,83.74,56,0,504
1306390,1,1,8,1.05,26.03058624,119.19308472,19.6,26.03059959,119.19299316,31.55,0.645,-0.08,-0.146,0.0,-0.0,0.0,1.79,-6.22,-82.9,9.382,0.5,0.5,83.74,56,0,504
1306602,1,1,8,1.05,26.03059578,119.19308472,19.6,26.03059959,119.19299316,31.55,0.645,-0.08,-0.146,0.0,0.0,-0.001,1.74,-6.26,-82.88,9.382,0.5,0.5,83.74,56,0,506
1306811,1,1,8,1.05,26.03059578,119.19308472,19.5,26.03059959,119.19299316,31.55,0.649,-0.08,-0.146,-0.0,0.0,0.0,1.74,-6.24,-82.9,9.282,0.5,0.5,80.69,57,0,509
1307012,1,1,8,1.05,26.03059578,119.19308472,19.5,26.03059959,119.19299316,31.55,0.647,-0.08,-0.146,-0.0,0.0,0.0,1.74,-6.23,-82.91,9.282,0.5,0.5,80.69,57,0,513
1307215,1,1,8,1.05,26.03059578,119.19308472,19.5,26.03059959,119.19299316,31.55,0.645,-0.08,-0.146,0.0,-0.0,0.0,1.75,-6.23,-82.92,9.282,0.5,0.5,80.69,57,0,513
1307415,1,1,8,1.05,26.03059578,119.19308472,19.5,26.03059959,119.19299316,31.55,0.645,-0.08,-0.146,-0.0,0.0,0.0,1.75,-6.23,-82.89,9.282,0.5,0.5,80.69,57,0,513
1307618,1,1,8,1.05,26.03059959,119.19308472,19.5,26.03059959,119.19299316,31.55,0.645,-0.08,-0.146,0.0,0.0,-0.0,1.76,-6.22,-82.89,9.282,0.5,0.5,80.69,57,0,515
1307828,1,1,8,1.05,26.03059959,119.19308472,19.6,26.03059959,119.19299316,31.55,0.649,-0.08,-0.146,0.0,0.0,0.0,1.75,-6.22,-82.89,9.276,0.5,0.5,81.69,58,0,519
1308038,1,1,8,1.05,26.03059959,119.19308472,19.6,26.03059959,119.19299316,31.55,0.646,-0.08,-0.146,-0.0,0.0,-0.0,1.72,-6.19,-82.88,9.276,0.5,0.5,81.69,58,0,522
1308241,1,1,8,1.05,26.03059959,119.19308472,19.6,26.03059959,119.19299316,31.55,0.645,-0.08,-0.146,0.0,0.0,0.0,1.74,-6.19,-82.89,9.276,0.5,0.5,81.69,58,0,522
1308447,1,1,8,1.05,26.03059959,119.19308472,19.6,26.03059959,119.19299316,31.55,0.645,-0.08,-0.146,-0.0,-0.0,0.001,1.73,-6.2,-82.9,9.276,0.5,0.5,81.69,58,0,522
1308676,1,1,8,1.05,26.03060722,119.19308472,19.0,26.03059959,119.19299316,31.55,0.656,-0.079,-0.147,0.0,0.0,0.001,1.76,-6.19,-82.91,9.322,0.5,0.5,81.69,59,0,525
1308880,1,1,8,1.05,26.03060722,119.19308472,19.0,26.03059959,119.19299316,31.55,0.649,-0.079,-0.146,0.0,0.0,-0.0,1.77,-6.22,-82.91,9.322,0.5,0.5,82.85,59,0,528
1309085,1,1,8,1.05,26.03060722,119.19308472,19.0,26.03059959,119.19299316,31.55,0.647,-0.08,-0.146,0.0,0.0,-0.001,1.72,-6.28,-82.93,9.322,0.5,0.5,82.85,59,0,531
1309286,1,1,8,1.05,26.03060722,119.19308472,19.0,26.03059959,119.19299316,31.55,0.645,-0.08,-0.146,-0.0,0.001,0.001,1.74,-6.25,-82.93,9.322,0.5,0.5,82.85,59,0,531
1309487,1,1,8,1.05,26.03060722,119.19308472,19.0,26.03059959,119.19299316,31.55,0.645,-0.08,-0.146,0.0,0.0,-0.001,1.75,-6.26,-82.93,9.322,0.5,0.5,82.85,59,0,531
1309698,1,1,8,1.05,26.03061867,119.19306946,18.5,26.03059959,119.19299316,31.55,0.651,-0.078,-0.147,0.0,0.0,0.0,1.76,-6.23,-82.9,8.057,0.5,0.5,82.85,60,0,535
1309911,1,1,8,1.05,26.03061867,119.19306946,18.5,26.03059959,119.19299316,31.55,0.647,-0.079,-0.146,0.0,-0.0,0.0,1.75,-6.23,-82.9,8.057,0.5,0.5,86.74,60,0,538
1310114,1,1,8,1.05,26.03061867,119.19306946,18.5,26.03059959,119.19299316,31.55,0.646,-0.08,-0.146,0.0,-0.0,0.0,1.77,-6.23,-82.91,8.057,0.5,0.5,86.74,60,0,540
1310315,1,1,8,1.05,26.03061867,119.19306946,18.5,26.03059959,119.19299316,31.55,0.645,-0.08,-0.146,0.0,-0.0,0.0,1.76,-6.26,-82.91,8.057,0.5,0.5,86.74,60,0,540
1310516,1,1,8,1.05,26.03062248,119.19306946,18.5,26.03059959,119.19299316,31.55,0.645,-0.08,-0.145,0.0,0.0,0.001,1.74,-6.28,-82.91,8.057,0.501,0.501,86.74,60,0,541
1310717,1,1,8,1.05,26.03062248,119.19306946,18.5,26.03059959,119.19299316,31.5,0.867,-0.004,-0.197,0.012,0.004,-0.001,1.73,-6.28,-82.9,8.183,0.502,0.502,86.74,61,0,544
1310920,1,1,8,1.05,26.03062248,119.19306946,18.5,26.03059959,119.19299316,31.5,0.869,-0.004,-0.197,0.012,0.005,-0.001,1.73,-6.27,-82.89,8.183,0.515,0.515,100.8,61,0,547
1311126,1,1,8,1.05,26.03062248,119.19306946,18.5,26.03059959,119.19299316,31.5,0.868,-0.004,-0.197,-0.0,-0.0,0.0,1.72,-6.25,-82.88,8.183,0.5,0.5,100.8,61,0,549
1311332,1,1,8,1.05,26.03062248,119.19306946,18.5,26.03059959,119.19299316,31.5,0.869,-0.004,-0.197,0.0,-0.0,0.0,1.72,-6.25,-82.89,8.183,0.5,0.5,100.8,61,0,549
1311541,1,1,8,1.05,26.0306282,119.19306946,18.5,26.03059959,119.19299316,31.5,0.87,-0.003,-0.197,-0.0,-0.0,-0.0,1.72,-6.24,-82.89,8.183,0.5,0.5,100.8,61,0,550
1311742,1,1,8,1.05,26.0306282,119.19306946,18.4,26.03059959,119.19299316,31.5,0.875,-0.001,-0.198,0.0,0.0,0.0,1.72,-6.24,-82.9,8.172,0.5,0.5,100.8,62,0,553
1311955,1,1,8,1.05,26.0306282,119.19306946,18.4,26.03059959,119.19299316,31.5,0.872,-0.002,-0.198,-0.0,-0.001,-0.0,1.72,-6.27,-82.9,8.172,0.5,0.5,92.63,62,0,557
1312160,1,1,8,1.05,26.0306282,119.19306946,18.4,26.03059959,119.19299316,31.5,0.871,-0.003,-0.197,0.0,-0.0,-0.0,1.73,-6.27,-82.9,8.172,0.5,0.5,92.63,62,0,558
1312361,1,1,8,1.05,26.0306282,119.19306946,18.4,26.03059959,119.19299316,31.5,0.87,-0.003,-0.197,-0.0,0.0,0.0,1.74,-6.25,-82.91,8.172,0.5,0.5,92.63,62,0,558
1312572,1,1,8,1.05,26.03063583,119.19304657,18.4,26.03059959,119.19299316,31.5,0.87,-0.003,-0.197,0.0,0.0,0.0,1.75,-6.24,-82.9,8.172,0.5,0.5,92.63,62,0,560
1312807,1,1,8,1.05,26.03063583,119.19304657,18.6,26.03059959,119.19299316,31.5,0.873,-0.001,-0.198,-0.0,-0.0,0.001,1.75,-6.25,-82.87,6.611,0.5,0.5,86.21,63,0,563
1313009,1,1,8,1.05,26.03063583,119.19304657,18.6,26.03059959,119.19299316,31.5,0.871,-0.003,-0.197,0.0,-0.0,0.0,1.74,-6.25,-82.88,6.611,0.5,0.5,86.21,63,0,567
1313210,1,1,8,1.05,26.03063583,119.19304657,18.6,26.03059959,119.19299316,31.5,0.87,-0.003,-0.197,-0.0,0.0,0.0,1.73,-6.24,-82.88,6.611,0.5,0.5,86.21,63,0,567
1313416,1,1,8,1.05,26.03063583,119.19304657,18.6,26.03059959,119.19299316,31.5,0.87,-0.003,-0.197,0.0,-0.0,0.0,1.75,-6.24,-82.89,6.611,0.5,0.5,86.21,63,0,567
1313624,1,1,8,1.05,26.03063583,119.19304657,18.6,26.03059959,119.19299316,31.5,0.87,-0.003,-0.197,-0.0,0.0,-0.0,1.74,-6.22,-82.9,6.611,0.5,0.5,86.21,63,0,569
1313831,1,1,8,1.05,26.03063583,119.19304657,18.6,26.03059959,119.19299316,31.5,0.873,-0.001,-0.198,0.0,0.0,-0.0,1.75,-6.23,-82.9,6.611,0.5,0.5,83.01,64,0,573
1314040,1,1,8,1.05,26.03063583,119.19304657,18.6,26.03059959,119.19299316,31.5,0.871,-0.003,-0.197,-0.0,-0.0,-0.0,1.76,-6.23,-82.92,6.611,0.5,0.5,83.01,64,0,576
1314250,1,1,8,1.05,26.03063583,119.19304657,18.6,26.03059959,119.19299316,31.5,0.87,-0.003,-0.197,-0.0,-0.0,0.0,1.76,-6.24,-82.92,6.611,0.5,0.5,83.01,64,0,576
1314457,1,1,8,1.05,26.03063583,119.19304657,18.6,26.03059959,119.19299316,31.5,0.87,-0.003,-0.197,0.0,0.0,0.0,1.77,-6.25,-82.91,6.611,0.5,0.5,83.01,64,0,576
1314693,1,1,8,1.05,26.03063965,119.19304657,18.5,26.03059959,119.19299316,31.5,0.874,-0.0,-0.198,-0.0,-0.0,-0.0,1.74,-6.26,-82.9,6.879,0.5,0.5,83.01,65,0,580
1314898,1,1,8,1.05,26.03063965,119.19304657,18.5,26.03059959,119.19299316,31.5,0.872,-0.002,-0.198,-0.0,0.0,0.0,1.74,-6.25,-82.89,6.879,0.5,0.5,87.0,65,0,582
1315106,1,1,8,1.05,26.03063965,119.19304657,18.5,26.03059959,119.19299316,31.5,0.871,-0.003,-0.197,0.0,0.0,-0.0,1.74,-6.23,-82.91,6.879,0.5,0.5,87.0,65,0,585
1315311,1,1,8,1.05,26.03063965,119.19304657,18.5,26.03059959,119.19299316,31.5,0.87,-0.003,-0.197,0.0,-0.0,-0.0,1.73,-6.23,-82.93,6.879,0.5,0.5,87.0,65,0,585
1315511,1,1,8,1.05,26.03063965,119.19304657,18.5,26.03059959,119.19299316,31.5,0.87,-0.003,-0.197,-0.0,-0.0,-0.0,1.72,-6.24,-82.9,6.879,0.5,0.5,87.0,65,0,585
1315718,1,1,8,1.05,26.03064728,119.19304657,18.7,26.03059959,119.19299316,31.5,0.874,0.001,-0.198,0.0,0.0,0.0,1.73,-6.22,-82.92,7.458,0.5,0.5,87.0,66,0,589
1315926,1,1,8,1.05,26.03064728,119.19304657,18.7,26.03059959,119.19299316,31.5,0.872,-0.002,-0.198,0.0,-0.0,0.001,1.78,-6.23,-82.89,7.458,0.5,0.5,81.19,66,0,592
1316130,1,1,8,1.05,26.03064728,119.19304657,18.7,26.03059959,119.19299316,31.5,0.871,-0.003,-0.197,0.0,-0.0,-0.0,1.78,-6.23,-82.89,7.458,0.5,0.5,81.19,66,0,594
1316331,1,1,8,1.05,26.03064728,119.19304657,18.7,26.03059959,119.19299316,31.5,0.87,-0.003,-0.197,-0.0,0.0,0.0,1.77,-6.21,-82.91,7.458,0.5,0.5,81.19,66,0,594
1316534,1,1,8,1.05,26.03065109,119.19304657,18.7,26.03059959,119.19299316,31.5,0.87,-0.003,-0.197,-0.0,0.0,0.0,1.76,-6.22,-82.9,7.458,0.5,0.5,81.19,66,0,595
1316745,1,1,8,1.05,26.03065109,119.19304657,18.9,26.03059959,119.19299316,31.5,0.874,0.001,-0.198,-0.0,-0.0,0.001,1.76,-6.23,-82.91,7.766,0.5,0.5,81.19,67,0,598
1316956,1,1,8,1.05,26.03065109,119.19304657,18.9,26.03059959,119.19299316,31.5,0.872,-0.002,-0.198,-0.0,0.0,0.0,1.75,-6.23,-82.92,7.766,0.5,0.5,84.16,67,0,602
1317156,1,1,8,1.05,26.03065109,119.19304657,18.9,26.03059959,119.19299316,31.5,0.871,-0.003,-0.197,0.0,0.0,0.0,1.79,-6.22,-82.93,7.766,0.5,0.5,84.16,67,0,603
1317361,1,1,8,1.05,26.03065109,119.19304657,18.9,26.03059959,119.19299316,31.5,0.87,-0.003,-0.197,0.0,-0.0,-0.0,1.77,-6.21,-82.94,7.766,0.5,0.5,84.16,67,0,603
1317567,1,1,8,1.05,26.03065109,119.19304657,18.9,26.03059959,119.19299316,31.5,0.87,-0.003,-0.197,0.0,0.0,-0.0,1.76,-6.23,-82.93,7.766,0.501,0.501,84.16,67,0,605
1317772,1,1,8,1.05,26.03065109,119.19304657,18.9,26.0306015,119.19299316,31.45,1.02,0.161,-0.247,0.007,0.007,-0.002,1.78,-6.23,-82.93,7.765,0.504,0.504,84.16,68,0,608
1317974,1,1,8,1.05,26.03065109,119.19304657,18.9,26.0306015,119.19299316,31.45,1.021,0.162,-0.247,0.007,0.007,-0.002,1.78,-6.22,-82.93,7.765,0.517,0.517,105.89,68,0,611
1318184,1,1,8,1.05,26.03065109,119.19304657,18.9,26.0306015,119.19299316,31.45,1.021,0.161,-0.247,-0.0,-0.0,0.0,1.75,-6.23,-82.94,7.765,0.5,0.5,105.89,68,0,612
1318385,1,1,8,1.05,26.03065109,119.19304657,18.9,26.0306015,119.19299316,31.45,1.021,0.162,-0.247,-0.0,-0.0,-0.0,1.74,-6.24,-82.93,7.765,0.5,0.5,105.89,68,0,612
1318585,1,1,8,1.05,26.03066063,119.19304657,18.9,26.0306015,119.19299316,31.45,1.021,0.162,-0.247,0.0,0.0,0.001,1.74,-6.23,-82.92,7.765,0.5,0.5,105.89,68,0,614
1318785,1,1,8,1.05,26.03066063,119.19304657,18.9,26.0306015,119.19299316,31.45,1.024,0.165,-0.248,0.0,0.0,-0.0,1.74,-6.23,-82.93,8.356,0.5,0.5,105.89,69,0,617
1318989,1,1,8,1.05,26.03066063,119.19304657,18.9,26.0306015,119.19299316,31.45,1.022,0.164,-0.248,0.0,-0.0,0.0,1.75,-6.25,-82.92,8.356,0.5,0.5,84.88,69,0,620
1319189,1,1,8,1.05,26.03066063,119.19304657,18.9,26.0306015,119.19299316,31.45,1.022,0.163,-0.248,0.0,-0.0,0.0,1.75,-6.27,-82.94,8.356,0.5,0.5,84.88,69,0,621
1319391,1,1,8,1.05,26.03066063,119.19304657,18.9,26.0306015,119.19299316,31.45,1.022,0.163,-0.248,0.0,0.0,-0.0,1.75,-6.25,-82.93,8.356,0.5,0.5,84.88,69,0,621
1319599,1,1,8,1.05,26.03066444,119.19304657,18.9,26.0306015,119.19299316,31.45,1.021,0.162,-0.247,-0.0,0.0,0.0,1.76,-6.25,-82.91,8.356,0.5,0.5,84.88,69,0,623
1319814,1,1,8,1.05,26.03066444,119.19304657,19.1,26.0306015,119.19299316,31.45,1.024,0.166,-0.248,0.0,0.0,0.0,1.79,-6.25,-82.9,8.697,0.5,0.5,84.88,70,0,626
1320026,1,1,8,1.05,26.03066444,119.19304657,19.1,26.0306015,119.19299316,31.45,1.022,0.164,-0.248,0.0,0.0,0.0,1.8,-6.25,-82.89,8.697,0.5,0.5,86.83,70,0,630
1320232,1,1,8,1.05,26.03066444,119.19304657,19.1,26.0306015,119.19299316,31.45,1.022,0.163,-0.248,0.0,-0.0,0.0,1.78,-6.25,-82.91,8.697,0.5,0.5,86.83,70,0,630
1320440,1,1,8,1.05,26.03066444,119.19304657,19.1,26.0306015,119.19299316,31.45,1.022,0.163,-0.248,0.0,-0.0,-0.0,1.78,-6.25,-82.91,8.697,0.5,0.5,86.83,70,0,630
1320652,1,1,8,1.05,26.03066826,119.19304657,19.4,26.0306015,119.19299316,31.45,1.027,0.171,-0.249,0.0,0.0,0.0,1.8,-6.25,-82.94,9.045,0.5,0.5,86.83,71,0,633
1320854,1,1,8,1.05,26.03066826,119.19304657,19.4,26.0306015,119.19299316,31.45,1.024,0.166,-0.248,0.0,0.0,-0.0,1.79,-6.24,-82.93,9.045,0.5,0.5,86.83,71,0,636
1321063,1,1,8,1.05,26.03066826,119.19304657,19.4,26.0306015,119.19299316,31.45,1.022,0.164,-0.248,0.0,-0.0,0.0,1.79,-6.27,-82.92,9.045,0.5,0.5,81.92,71,0,639
1321265,1,1,8,1.05,26.03066826,119.19304657,19.4,26.0306015,119.19299316,31.45,1.022,0.163,-0.248,-0.001,0.0,-0.0,1.77,-6.25,-82.94,9.045,0.5,0.5,81.92,71,0,639
1321471,1,1,8,1.05,26.03066826,119.19304657,19.4,26.0306015,119.19299316,31.45,1.022,0.163,-0.248,0.0,-0.0,0.0,1.77,-6.25,-82.92,9.045,0.5,0.5,81.92,71,0,639
1321694,1,1,8,1.05,26.03066826,119.19304657,19.6,26.0306015,119.19299316,31.45,1.025,0.168,-0.249,0.0,0.0,-0.0,1.76,-6.25,-82.9,9.045,0.5,0.5,81.92,72,0,643
1321895,1,1,8,1.05,26.03066826,119.19304657,19.6,26.0306015,119.19299316,31.45,1.023,0.165,-0.248,0.0,-0.0,-0.0,1.75,-6.25,-82.92,9.045,0.5,0.5,82.76,72,0,645
1322096,1,1,8,1.05,26.03066826,119.19304657,19.6,26.0306015,119.19299316,31.45,1.022,0.163,-0.248,0.0,-0.0,0.0,1.75,-6.26,-82.94,9.045,0.5,0.5,82.76,72,0,648
1322306,1,1,8,1.05,26.03066826,119.19304657,19.6,26.0306015,119.19299316,31.45,1.022,0.163,-0.248,-0.0,0.0,-0.0,1.76,-6.26,-82.95,9.045,0.5,0.5,82.76,72,0,648
1322516,1,1,8,1.05,26.03066826,119.19304657,19.6,26.0306015,119.19299316,31.45,1.022,0.163,-0.247,-0.0,0.0,0.0,1.76,-6.26,-82.97,9.045,0.5,0.5,82.76,72,0,649
1322719,1,1,8,1.05,26.03066826,119.19304657,19.7,26.0306015,119.19299316,31.45,1.025,0.168,-0.249,0.0,0.0,0.0,1.76,-6.25,-82.94,9.045,0.5,0.5,82.76,73,0,652
1322925,1,1,8,1.05,26.03066826,119.19304657,19.7,26.0306015,119.19299316,31.45,1.023,0.165,-0.248,0.0,0.0,-0.0,1.76,-6.25,-82.93,9.045,0.5,0.5,81.55,73,0,655
1323137,1,1,8,1.05,26.03066826,119.19304657,19.7,26.0306015,119.19299316,31.45,1.022,0.163,-0.248,0.0,-0.0,0.0,1.77,-6.26,-82.95,9.045,0.5,0.5,81.55,73,0,657
1323341,1,1,8,1.05,26.03066826,119.19304657,19.7,26.0306015,119.19299316,31.45,1.022,0.163,-0.248,-0.0,-0.0,-0.0,1.76,-6.24,-82.96,9.045,0.5,0.5,81.55,73,0,657
1323546,1,1,8,1.05,26.03066826,119.19304657,19.7,26.0306015,119.19299316,31.45,1.022,0.163,-0.247,-0.0,-0.0,-0.0,1.75,-6.24,-82.94,9.045,0.5,0.5,81.55,73,0,658
1323746,1,1,8,1.05,26.03066826,119.19304657,19.8,26.0306015,119.19299316,31.45,1.025,0.168,-0.249,0.0,0.0,0.0,1.76,-6.23,-82.95,9.045,0.5,0.5,81.55,74,0,661
1323960,1,1,8,1.05,26.03066826,119.19304657,19.8,26.0306015,119.19299316,31.45,1.023,0.165,-0.248,-0.0,0.0,0.0,1.78,-6.22,-82.94,9.045,0.5,0.5,83.09,74,0,665
1324162,1,1,8,1.05,26.03066826,119.19304657,19.8,26.0306015,119.19299316,31.45,1.022,0.163,-0.248,0.0,0.0,-0.0,1.79,-6.21,-82.95,9.045,0.5,0.5,83.09,74,0,666
1324365,1,1,8,1.05,26.03066826,119.19304657,19.8,26.0306015,119.19299316,31.45,1.022,0.163,-0.248,-0.0,0.0,0.0,1.79,-6.21,-82.94,9.045,0.5,0.5,83.09,74,0,666
1324582,1,1,8,1.05,26.03067207,119.19304657,19.8,26.0306015,119.19299316,31.45,1.022,0.163,-0.247,0.0,0.0,0.0,1.79,-6.21,-82.95,9.045,0.5,0.5,83.09,74,0,668
1324811,1,1,8,1.05,26.03067207,119.19304657,20.0,26.0306015,119.19299316,31.45,1.024,0.166,-0.248,-0.0,0.0,-0.0,1.78,-6.22,-82.96,9.399,0.5,0.5,83.09,75,0,671
1325018,1,1,8,1.05,26.03067207,119.19304657,20.0,26.0306015,119.19299316,31.45,1.022,0.164,-0.248,0.0,0.0,-0.0,1.78,-6.21,-82.94,9.399,0.5,0.5,85.15,75,0,675
1325226,1,1,8,1.05,26.03067207,119.19304657,20.0,26.0306015,119.19299316,31.45,1.022,0.163,-0.248,-0.0,0.0,0.0,1.76,-6.22,-82.95,9.399,0.5,0.5,85.15,75,0,675
1325431,1,1,8,1.05,26.03067207,119.19304657,20.0,26.0306015,119.19299316,31.45,1.022,0.163,-0.248,-0.0,-0.0,-0.0,1.76,-6.23,-82.93,9.399,0.5,0.5,85.15,75,0,675
1325640,1,1,8,1.05,26.03067589,119.19304657,20.3,26.0306015,119.19299316,31.45,1.027,0.172,-0.249,0.0,0.0,0.0,1.77,-6.22,-82.93,9.759,0.5,0.5,85.15,76,0,678
1325848,1,1,8,1.05,26.03067589,119.19304657,20.3,26.0306015,119.19299316,31.45,1.024,0.166,-0.248,-0.0,-0.0,0.001,1.74,-6.24,-82.93,9.759,0.5,0.5,85.15,76,0,681
1326063,1,1,8,1.05,26.03067589,119.19304657,20.3,26.0306015,119.19299316,31.45,1.022,0.164,-0.248,0.0,-0.0,-0.0,1.76,-6.24,-82.95,9.759,0.5,0.5,80.28,76,0,684
1326265,1,1,8,1.05,26.03067589,119.19304657,20.3,26.0306015,119.19299316,31.45,1.022,0.163,-0.248,0.0,0.0,0.0,1.77,-6.23,-82.96,9.759,0.5,0.5,80.28,76,0,684
1326470,1,1,8,1.05,26.03067589,119.19304657,20.3,26.0306015,119.19299316,31.45,1.022,0.163,-0.248,0.0,-0.0,0.0,1.77,-6.25,-82.97,9.759,0.5,0.5,80.28,76,0,684
1326703,1,1,8,1.05,26.03066826,119.19304657,20.5,26.0306015,119.19299316,31.45,1.025,0.168,-0.249,0.0,-0.0,0.0,1.78,-6.27,-82.98,9.045,0.5,0.5,80.28,77,0,688
1326905,1,1,8,1.05,26.03066826,119.19304657,20.5,26.0306015,119.19299316,31.45,1.023,0.165,-0.248,-0.0,0.0,0.0,1.77,-6.27,-82.99,9.045,0.5,0.5,80.28,77,0,691
1327112,1,1,8,1.05,26.03066826,119.19304657,20.5,26.0306015,119.19299316,31.45,1.022,0.163,-0.248,0.0,-0.0,-0.0,1.77,-6.27,-83.02,9.045,0.5,0.5,85.35,77,0,693
1327321,1,1,8,1.05,26.03066826,119.19304657,20.5,26.0306015,119.19299316,31.45,1.022,0.163,-0.248,-0.0,0.0,0.0,1.77,-6.26,-83.0,9.045,0.5,0.5,85.35,77,0,693
1327529,1,1,8,1.05,26.03066826,119.19304657,20.5,26.0306015,119.19299316,31.45,1.022,0.163,-0.248,-0.0,-0.0,-0.0,1.76,-6.27,-83.0,9.045,0.5,0.5,85.35,77,0,694
1327739,1,1,8,1.05,26.03066826,119.19304657,20.5,26.0306015,119.19299316,31.45,1.025,0.168,-0.249,-0.0,0.0,0.0,1.76,-6.25,-83.0,9.045,0.5,0.5,85.35,78,0,697
1327953,1,1,8,1.05,26.03066826,119.19304657,20.5,26.0306015,119.19299316,31.45,1.023,0.165,-0.248,0.0,-0.0,0.0,1.77,-6.25,-82.99,9.045,0.5,0.5,85.35,78,0,701
1328159,1,1,8,1.05,26.03066826,119.19304657,20.5,26.0306015,119.19299316,31.45,1.022,0.163,-0.248,0.0,-0.0,-0.0,1.77,-6.26,-83.01,9.045,0.5,0.5,86.4,78,0,702
1328367,1,1,8,1.05,26.03066826,119.19304657,20.5,26.0306015,119.19299316,31.45,1.022,0.163,-0.248,0.0,-0.0,0.0,1.79,-6.27,-83.0,9.045,0.5,0.5,86.4,78,0,702
1328571,1,1,8,1.05,26.03066826,119.19304657,20.5,26.0306015,119.19299316,31.45,1.022,0.163,-0.247,-0.0,0.0,-0.0,1.78,-6.28,-82.97,9.045,0.5,0.5,86.4,78,0,704
1328794,1,1,7,2.04,26.03066826,119.19304657,20.6,26.0306015,119.19299316,31.45,1.022,0.163,-0.248,-0.0,0.0,0.0,1.77,-6.25,-82.96,9.045,0.5,0.5,86.4,79,0,707
1328996,1,1,7,2.04,26.03066826,119.19304657,20.6,26.0306015,119.19299316,31.45,1.022,0.163,-0.248,-0.0,0.0,0.0,1.78,-6.23,-82.97,9.045,0.5,0.5,86.4,79,0,710
1329201,1,1,7,2.04,26.03066826,119.19304657,20.6,26.0306015,119.19299316,31.45,1.022,0.163,-0.248,-0.0,-0.0,0.0,1.77,-6.24,-82.95,9.045,0.5,0.5,80.95,79,0,711
1329412,1,1,7,2.04,26.03066826,119.19304657,20.6,26.0306015,119.19299316,31.45,1.021,0.162,-0.247,0.0,0.0,0.0,1.78,-6.25,-82.95,9.045,0.5,0.5,80.95,79,0,711
1329617,1,1,7,2.04,26.03066826,119.19304657,20.6,26.0306015,119.19299316,31.45,1.021,0.162,-0.247,-0.001,0.0,0.0,1.77,-6.24,-82.94,9.045,0.5,0.5,80.95,79,0,713
1329835,1,1,8,1.1,26.03066826,119.19304657,20.6,26.0306015,119.19299316,31.45,1.024,0.166,-0.248,-0.0,0.0,0.001,1.75,-6.23,-82.94,9.045,0.5,0.5,80.95,80,0,717
1330040,1,1,8,1.1,26.03066826,119.19304657,20.6,26.0306015,119.19299316,31.45,1.022,0.164,-0.248,0.0,0.0,0.0,1.77,-6.24,-82.95,9.045,0.5,0.5,85.15,80,0,720
1330246,1,1,8,1.1,26.03066826,119.19304657,20.6,26.0306015,119.19299316,31.45,1.022,0.163,-0.248,-0.0,0.0,-0.0,1.78,-6.23,-82.94,9.045,0.5,0.5,85.15,80,0,720
1330451,1,1,8,1.1,26.03066826,119.19304657,20.6,26.0306015,119.19299316,31.45,1.022,0.163,-0.248,0.0,-0.0,0.001,1.78,-6.23,-82.96,9.045,0.5,0.5,85.15,80,0,720
1330693,1,1,8,1.1,26.03066444,119.19304657,20.8,26.0306015,119.19299316,31.45,1.025,0.167,-0.249,0.0,0.0,-0.001,1.78,-6.24,-83.0,8.697,0.5,0.5,85.15,81,0,724
1330895,1,1,8,1.1,26.03066444,119.19304657,20.8,26.0306015,119.19299316,31.45,1.023,0.164,-0.248,0.0,0.0,0.0,1.77,-6.24,-82.99,8.697,0.5,0.5,85.15,81,0,726
1331097,1,1,8,1.1,26.03066444,119.19304657,20.8,26.0306015,119.19299316,31.45,1.022,0.163,-0.248,0.0,-0.0,0.001,1.75,-6.25,-82.97,8.697,0.5,0.5,84.0,81,0,729
1331302,1,1,8,1.1,26.03066444,119.19304657,20.8,26.0306015,119.19299316,31.45,1.022,0.163,-0.248,0.0,0.0,0.0,1.76,-6.26,-82.97,8.697,0.5,0.5,84.0,81,0,729
1331506,1,1,8,1.1,26.03066444,119.19304657,20.8,26.0306015,119.19299316,31.45,1.022,0.163,-0.248,-0.0,0.0,-0.0,1.76,-6.26,-82.95,8.697,0.5,0.5,84.0,81,0,729
1331715,1,1,8,1.1,26.03066826,119.19304657,21.0,26.0306015,119.19299316,31.45,1.025,0.167,-0.248,-0.0,0.0,0.001,1.77,-6.28,-82.95,9.045,0.5,0.5,84.0,82,0,733
1331930,1,1,8,1.1,26.03066826,119.19304657,21.0,26.0306015,119.19299316,31.45,1.023,0.164,-0.248,-0.0,0.0,0.0,1.76,-6.25,-82.94,9.045,0.5,0.5,84.0,82,0,736
1332131,1,1,8,1.1,26.03066826,119.19304657,21.0,26.0306015,119.19299316,31.45,1.022,0.163,-0.248,0.0,-0.0,0.0,1.77,-6.26,-82.97,9.045,0.5,0.5,82.0,82,0,738
1332337,1,1,8,1.1,26.03066826,119.19304657,21.0,26.0306015,119.19299316,31.45,1.022,0.163,-0.248,-0.0,-0.0,0.0,1.77,-6.28,-82.97,9.045,0.5,0.5,82.0,82,0,738
1332539,1,1,8,1.1,26.03066444,119.19304657,21.0,26.0306015,119.19299316,31.45,1.022,0.162,-0.247,0.0,-0.0,0.0,1.77,-6.29,-82.96,9.045,0.5,0.5,82.0,82,0,739
1332742,1,1,8,1.1,26.03066444,119.19304657,21.5,26.0306015,119.19299316,31.45,1.025,0.167,-0.248,0.0,-0.0,0.001,1.75,-6.3,-82.94,8.697,0.5,0.5,82.0,83,0,742
1332950,1,1,8,1.1,26.03066444,119.19304657,21.5,26.0306015,119.19299316,31.45,1.023,0.164,-0.248,-0.0,0.001,-0.001,1.76,-6.26,-82.94,8.697,0.5,0.5,82.0,83,0,745
1333161,1,1,8,1.1,26.03066444,119.19304657,21.5,26.0306015,119.19299316,31.45,1.022,0.163,-0.248,0.0,0.0,0.0,1.76,-6.28,-82.96,8.697,0.5,0.5,81.93,83,0,747
1333361,1,1,8,1.1,26.03066444,119.19304657,21.5,26.0306015,119.19299316,31.45,1.022,0.163,-0.248,0.0,0.0,0.0,1.76,-6.28,-82.97,8.697,0.5,0.5,81.93,83,0,747
1333577,1,1,8,1.1,26.03065109,119.19304657,21.5,26.0306015,119.19299316,31.45,1.022,0.162,-0.247,0.0,-0.0,0.001,1.77,-6.29,-82.97,8.697,0.5,0.5,81.93,83,0,749
1333781,1,1,8,1.1,26.03065109,119.19304657,21.7,26.0306015,119.19299316,31.45,1.024,0.165,-0.248,0.0,0.0,-0.0,1.78,-6.28,-82.99,7.541,0.5,0.5,81.93,84,0,752
1333989,1,1,8,1.1,26.03065109,119.19304657,21.7,26.0306015,119.19299316,31.45,1.022,0.163,-0.248,0.0,0.0,-0.0,1.78,-6.28,-83.0,7.541,0.5,0.5,81.93,84,0,755
1334193,1,1,8,1.1,26.03065109,119.19304657,21.7,26.0306015,119.19299316,31.45,1.022,0.163,-0.248,-0.0,0.0,0.0,1.8,-6.25,-83.0,7.541,0.5,0.5,84.88,84,0,756
1334396,1,1,8,1.1,26.03065109,119.19304657,21.7,26.0306015,119.19299316,31.45,1.022,0.163,-0.248,-0.0,-0.0,0.0,1.8,-6.25,-82.98,7.541,0.5,0.5,84.88,84,0,756
1334601,1,1,8,1.1,26.03065681,119.19304657,21.7,26.0306015,119.19299316,31.45,1.021,0.162,-0.247,-0.0,0.0,0.0,1.8,-6.26,-82.98,7.541,0.5,0.5,84.88,84,0,758
1334811,1,1,8,1.05,26.03065681,119.19304657,22.1,26.0306015,119.19299316,31.45,1.024,0.165,-0.248,-0.0,0.0,-0.0,1.78,-6.24,-82.97,8.023,0.5,0.5,84.88,85,0,761
1335019,1,1,8,1.05,26.03065681,119.19304657,22.1,26.0306015,119.19299316,31.45,1.022,0.164,-0.248,0.0,0.0,0.0,1.79,-6.24,-82.98,8.023,0.5,0.5,84.88,85,0,765
1335226,1,1,8,1.05,26.03065681,119.19304657,22.1,26.0306015,119.19299316,31.45,1.022,0.163,-0.248,0.0,0.0,-0.0,1.8,-6.24,-83.01,8.023,0.5,0.5,84.0,85,0,765
1335437,1,1,8,1.05,26.03065681,119.19304657,22.1,26.0306015,119.19299316,31.45,1.022,0.163,-0.248,-0.0,0.0,0.0,1.8,-6.24,-83.0,8.023,0.5,0.5,84.0,85,0,765
1335640,1,1,8,1.05,26.03065681,119.19304657,22.6,26.0306015,119.19299316,31.45,1.027,0.17,-0.249,0.0,0.0,-0.0,1.8,-6.24,-83.01,8.023,0.5,0.5,84.0,86,0,768
1335854,1,1,8,1.05,26.03065681,119.19304657,22.6,26.0306015,119.19299316,31.45,1.024,0.165,-0.248,0.0,-0.0,0.0,1.8,-6.24,-83.02,8.023,0.5,0.5,84.0,86,0,771
1336059,1,1,8,1.05,26.03065681,119.19304657,22.6,26.0306015,119.19299316,31.45,1.022,0.164,-0.248,0.0,0.0,-0.0,1.79,-6.24,-83.0,8.023,0.5,0.5,84.0,86,0,774
1336266,1,1,8,1.05,26.03065681,119.19304657,22.6,26.0306015,119.19299316,31.45,1.022,0.163,-0.248,-0.0,0.0,0.0,1.79,-6.26,-83.0,8.023,0.5,0.5,81.59,86,0,774
1336471,1,1,8,1.05,26.03065681,119.19304657,22.6,26.0306015,119.19299316,31.45,1.022,0.163,-0.247,-0.0,0.0,0.0,1.78,-6.28,-82.99,8.023,0.5,0.5,81.59,86,0,774
1336674,1,1,8,1.05,26.03065109,119.19304657,22.9,26.0306015,119.19299316,31.45,1.027,0.169,-0.249,0.0,-0.0,-0.0,1.77,-6.27,-83.01,7.541,0.5,0.5,81.59,87,0,777
1336881,1,1,8,1.05,26.03065109,119.19304657,22.9,26.0306015,119.19299316,31.45,1.024,0.165,-0.248,0.0,0.0,-0.0,1.76,-6.25,-83.0,7.541,0.5,0.5,81.59,87,0,780
1337085,1,1,8,1.05,26.03065109,119.19304657,22.9,26.0306015,119.19299316,31.45,1.022,0.163,-0.248,0.0,0.0,-0.0,1.78,-6.25,-83.0,7.541,0.5,0.5,81.84,87,0,783
1337297,1,1,8,1.05,26.03065109,119.19304657,22.9,26.0306015,119.19299316,31.45,1.022,0.163,-0.248,-0.0,0.0,-0.0,1.79,-6.27,-82.99,7.541,0.5,0.5,81.84,87,0,783
1337511,1,1,8,1.05,26.03065109,119.19304657,22.9,26.0306015,119.19299316,31.45,1.022,0.163,-0.248,-0.0,0.0,-0.0,1.8,-6.26,-82.98,7.541,0.5,0.5,81.84,87,0,783
1337714,1,1,9,0.88,26.0306797,119.19301605,23.1,26.0306015,119.19299316,31.45,1.024,0.171,-0.248,0.0,0.0,-0.0,1.79,-6.26,-82.96,8.988,0.5,0.5,81.84,88,0,787
1337915,1,1,9,0.88,26.0306797,119.19301605,23.1,26.0306015,119.19299316,31.45,1.022,0.166,-0.248,0.0,-0.0,-0.001,1.79,-6.26,-82.95,8.988,0.5,0.5,81.84,88,0,790
1338121,1,1,9,0.88,26.0306797,119.19301605,23.1,26.0306015,119.19299316,31.45,1.022,0.164,-0.248,0.0,0.0,-0.0,1.79,-6.25,-82.94,8.988,0.5,0.5,83.01,88,0,792
1338327,1,1,9,0.88,26.0306797,119.19301605,23.1,26.0306015,119.19299316,31.45,1.022,0.163,-0.248,0.0,0.0,0.0,1.81,-6.24,-82.94,8.988,0.5,0.5,83.01,88,0,792
1338534,1,1,9,0.88,26.03069305,119.19301605,23.1,26.0306015,119.19299316,31.45,1.021,0.163,-0.247,-0.0,0.0,0.0,1.8,-6.24,-82.93,8.988,0.5,0.5,83.01,88,0,793
1338746,1,1,8,1.04,26.03069305,119.19301605,23.4,26.0306015,119.19299316,31.45,1.023,0.17,-0.248,-0.0,-0.0,0.0,1.79,-6.25,-82.92,10.441,0.5,0.5,83.01,89,0,796
1338957,1,1,8,1.04,26.03069305,119.19301605,23.4,26.0306015,119.19299316,31.45,1.022,0.165,-0.248,0.0,-0.0,0.001,1.8,-6.26,-82.92,10.441,0.5,0.5,83.01,89,0,800
1339159,1,1,8,1.04,26.03069305,119.19301605,23.4,26.0306015,119.19299316,31.45,1.022,0.164,-0.248,-0.0,0.0,-0.0,1.78,-6.26,-82.93,10.441,0.5,0.5,83.82,89,0,801
1339368,1,1,8,1.04,26.03069305,119.19301605,23.4,26.0306015,119.19299316,31.45,1.022,0.163,-0.248,-0.0,-0.0,0.0,1.79,-6.24,-82.92,10.441,0.5,0.5,83.82,89,0,801
1339571,1,1,8,1.04,26.0307045,119.19301605,23.4,26.0306015,119.19299316,31.45,1.021,0.163,-0.247,0.0,0.0,0.0,1.81,-6.24,-82.92,10.441,0.5,0.5,83.82,89,0,803
1339776,1,1,8,1.04,26.0307045,119.19301605,24.0,26.0306015,119.19299316,31.45,1.022,0.168,-0.248,-0.0,-0.0,-0.0,1.8,-6.25,-82.91,11.693,0.5,0.5,83.82,90,0,806
1339986,1,1,8,1.04,26.0307045,119.19301605,24.0,26.0306015,119.19299316,31.45,1.022,0.165,-0.248,-0.0,-0.0,-0.001,1.8,-6.26,-82.92,11.693,0.5,0.5,83.82,90,0,809
1340186,1,1,8,1.04,26.0307045,119.19301605,24.0,26.0306015,119.19299316,31.45,1.022,0.163,-0.248,0.0,0.0,-0.0,1.8,-6.24,-82.93,11.693,0.5,0.5,82.77,90,0,810
1340396,1,1,8,1.04,26.0307045,119.19301605,24.0,26.0306015,119.19299316,31.45,1.021,0.163,-0.248,0.0,0.0,0.0,1.8,-6.24,-82.95,11.693,0.5,0.5,82.77,90,0,810
1340614,1,1,8,1.04,26.03071213,119.19301605,24.0,26.0306015,119.19299316,31.45,1.021,0.163,-0.247,0.0,0.0,-0.0,1.79,-6.23,-82.95,11.693,0.5,0.5,82.77,90,0,812
1340822,1,1,9,1.04,26.03071213,119.19301605,24.4,26.0306015,119.19299316,31.45,1.022,0.168,-0.248,0.0,0.0,0.0,1.8,-6.22,-82.94,12.53,0.5,0.5,82.77,91,0,815
1341030,1,1,9,1.04,26.03071213,119.19301605,24.4,26.0306015,119.19299316,31.45,1.022,0.165,-0.248,0.0,-0.0,0.001,1.8,-6.23,-82.93,12.53,0.5,0.5,82.77,91,0,819
1341236,1,1,9,1.04,26.03071213,119.19301605,24.4,26.0306015,119.19299316,31.45,1.022,0.163,-0.248,-0.0,-0.0,-0.0,1.79,-6.24,-82.93,12.53,0.5,0.5,85.66,91,0,819
1341447,1,1,9,1.04,26.03071213,119.19301605,24.4,26.0306015,119.19299316,31.45,1.022,0.163,-0.247,0.0,-0.0,0.0,1.8,-6.24,-82.97,12.53,0.5,0.5,85.66,91,0,819
1341656,1,1,8,1.04,26.03071213,119.19301605,24.7,26.0306015,119.19299316,31.45,1.024,0.177,-0.249,-0.0,-0.0,0.0,1.79,-6.25,-82.96,12.53,0.5,0.5,85.66,92,0,822
1341857,1,1,8,1.04,26.03071213,119.19301605,24.7,26.0306015,119.19299316,31.45,1.022,0.168,-0.248,-0.0,-0.0,0.0,1.79,-6.24,-82.94,12.53,0.5,0.5,85.66,92,0,825
1342064,1,1,8,1.04,26.03071213,119.19301605,24.7,26.0306015,119.19299316,31.45,1.022,0.165,-0.248,-0.0,-0.0,0.0,1.77,-6.25,-82.96,12.53,0.5,0.5,85.66,92,0,828
1342277,1,1,8,1.04,26.03071213,119.19301605,24.7,26.0306015,119.19299316,31.45,1.022,0.163,-0.248,0.0,-0.001,0.0,1.77,-6.27,-82.98,12.53,0.5,0.5,79.92,92,0,828
1342482,1,1,8,1.04,26.03071213,119.19301605,24.7,26.0306015,119.19299316,31.45,1.021,0.163,-0.248,-0.0,0.0,-0.0,1.76,-6.26,-82.94,12.53,0.5,0.5,79.92,92,0,828
1342698,1,1,8,1.04,26.03072166,119.19301605,25.1,26.0306015,119.19299316,31.45,1.023,0.172,-0.248,0.0,0.0,-0.0,1.77,-6.25,-82.93,13.579,0.5,0.5,79.92,93,0,832
1342906,1,1,8,1.04,26.03072166,119.19301605,25.1,26.0306015,119.19299316,31.45,1.022,0.166,-0.248,-0.0,-0.0,0.0,1.77,-6.24,-82.93,13.579,0.5,0.5,79.92,93,0,835
1343122,1,1,8,1.04,26.03072166,119.19301605,25.1,26.0306015,119.19299316,31.45,1.022,0.164,-0.248,0.0,0.0,0.0,1.77,-6.24,-82.94,13.579,0.5,0.5,79.92,93,0,837
1343326,1,1,8,1.04,26.03072166,119.19301605,25.1,26.0306015,119.19299316,31.45,1.022,0.163,-0.247,0.0,-0.0,0.0,1.78,-6.24,-82.94,13.579,0.5,0.5,80.35,93,0,837
1343535,1,1,8,1.04,26.03072166,119.19301605,25.1,26.0306015,119.19299316,31.45,1.021,0.163,-0.247,-0.0,0.0,0.0,1.78,-6.23,-82.92,13.579,0.5,0.5,80.35,93,0,838
1343743,1,1,8,1.04,26.03072166,119.19301605,25.5,26.0306015,119.19299316,31.45,1.023,0.172,-0.248,0.0,-0.0,0.0,1.79,-6.24,-82.91,13.579,0.5,0.5,80.35,94,0,841
1343950,1,1,8,1.04,26.03072166,119.19301605,25.5,26.0306015,119.19299316,31.45,1.022,0.166,-0.248,0.0,0.0,0.0,1.82,-6.23,-82.92,13.579,0.5,0.5,80.35,94,0,844
1344156,1,1,8,1.04,26.03072166,119.19301605,25.5,26.0306015,119.19299316,31.45,1.022,0.164,-0.248,0.0,-0.0,0.0,1.81,-6.23,-82.91,13.579,0.5,0.5,80.35,94,0,846
1344361,1,1,8,1.04,26.03072166,119.19301605,25.5,26.0306015,119.19299316,31.45,1.022,0.163,-0.247,-0.0,0.0,0.0,1.81,-6.24,-82.94,13.579,0.5,0.5,82.6,94,0,846
1344572,1,1,8,1.04,26.03072548,119.19301605,25.5,26.0306015,119.19299316,31.45,1.021,0.163,-0.247,-0.0,0.0,0.0,1.82,-6.24,-82.96,13.579,0.5,0.5,82.6,94,0,848
1344808,1,1,8,1.04,26.03072548,119.19301605,25.7,26.0306015,119.19299316,31.45,1.022,0.169,-0.248,0.0,-0.0,0.0,1.82,-6.26,-82.98,13.999,0.5,0.5,82.6,95,0,851
1345009,1,1,8,1.04,26.03072548,119.19301605,25.7,26.0306015,119.19299316,31.45,1.022,0.165,-0.248,-0.0,-0.0,-0.0,1.8,-6.26,-82.95,13.999,0.5,0.5,82.6,95,0,855
1345210,1,1,8,1.04,26.03072548,119.19301605,25.7,26.0306015,119.19299316,31.45,1.022,0.163,-0.248,-0.0,0.0,-0.0,1.78,-6.25,-82.93,13.999,0.5,0.5,82.6,95,0,855
1345417,1,1,8,1.04,26.03072548,119.19301605,25.7,26.0306015,119.19299316,31.45,1.021,0.163,-0.247,-0.0,-0.0,0.0,1.77,-6.24,-82.93,13.999,0.5,0.5,85.66,95,0,855
1345632,1,1,8,1.04,26.03072929,119.19301605,26.0,26.0306015,119.19299316,31.45,1.024,0.179,-0.248,-0.0,-0.0,0.0,1.78,-6.26,-82.95,14.419,0.5,0.5,85.66,96,0,858
1345841,1,1,8,1.04,26.03072929,119.19301605,26.0,26.0306015,119.19299316,31.45,1.022,0.169,-0.248,0.0,0.0,0.0,1.77,-6.25,-82.94,14.419,0.5,0.5,85.66,96,0,861
1346060,1,1,8,1.04,26.03072929,119.19301605,26.0,26.0306015,119.19299316,31.45,1.022,0.165,-0.248,0.0,0.0,0.001,1.77,-6.25,-82.94,14.419,0.5,0.5,85.66,96,0,864
1346267,1,1,8,1.04,26.03072929,119.19301605,26.0,26.0306015,119.19299316,31.45,1.022,0.163,-0.248,0.0,-0.0,-0.0,1.77,-6.25,-82.94,14.419,0.5,0.5,82.18,96,0,864
1346472,1,1,8,1.04,26.03072929,119.19301605,26.0,26.0306015,119.19299316,31.45,1.022,0.163,-0.247,-0.0,-0.0,-0.0,1.78,-6.26,-82.92,14.419,0.5,0.5,82.18,96,0,864
1346699,1,1,8,1.04,26.03072929,119.19300079,26.2,26.0306015,119.19299316,31.45,1.022,0.173,-0.248,-0.0,0.0,-0.0,1.78,-6.24,-82.94,14.284,0.5,0.5,82.18,97,0,868
1346899,1,1,8,1.04,26.03072929,119.19300079,26.2,26.0306015,119.19299316,31.45,1.022,0.167,-0.248,0.0,-0.0,0.0,1.8,-6.23,-82.95,14.284,0.5,0.5,82.18,97,0,871
1347102,1,1,8,1.04,26.03072929,119.19300079,26.2,26.0306015,119.19299316,31.45,1.021,0.164,-0.248,-0.0,-0.0,-0.0,1.79,-6.23,-82.96,14.284,0.5,0.5,82.18,97,0,873
1347302,1,1,8,1.04,26.03072929,119.19300079,26.2,26.0306015,119.19299316,31.45,1.021,0.163,-0.248,0.0,-0.0,0.0,1.79,-6.23,-82.96,14.284,0.5,0.5,83.58,97,0,873
1347505,1,1,8,1.04,26.03072929,119.19300079,26.2,26.0306015,119.19299316,31.45,1.021,0.163,-0.247,0.0,0.0,0.0,1.79,-6.23,-82.94,14.284,0.5,0.5,83.58,97,0,873
1347705,1,1,8,1.04,26.03072929,119.19300079,26.5,26.0306015,119.19299316,31.45,1.022,0.173,-0.248,0.0,-0.0,-0.0,1.78,-6.24,-82.98,14.284,0.5,0.5,83.58,98,0,877
1347905,1,1,8,1.04,26.03072929,119.19300079,26.5,26.0306015,119.19299316,31.45,1.022,0.167,-0.248,-0.0,-0.0,-0.0,1.77,-6.26,-82.96,14.284,0.5,0.5,83.58,98,0,880
1348107,1,1,8,1.04,26.03072929,119.19300079,26.5,26.0306015,119.19299316,31.45,1.021,0.164,-0.248,-0.0,-0.0,0.0,1.79,-6.25,-82.94,14.284,0.5,0.5,83.58,98,0,882
1348311,1,1,8,1.04,26.03072929,119.19300079,26.5,26.0306015,119.19299316,31.45,1.021,0.163,-0.248,0.0,-0.0,0.0,1.8,-6.26,-82.95,14.284,0.5,0.5,82.76,98,0,882
1348517,1,1,8,1.04,26.03073311,119.19300079,26.5,26.0306015,119.19299316,31.45,1.021,0.163,-0.247,-0.0,-0.0,-0.0,1.79,-6.26,-82.96,14.284,0.5,0.5,82.76,98,0,883
1348729,1,1,8,1.04,26.03073311,119.19300079,26.9,26.0306015,119.19299316,31.45,1.022,0.173,-0.248,-0.0,0.0,0.0,1.77,-6.25,-82.99,14.709,0.5,0.5,82.76,99,0,886
1348935,1,1,8,1.04,26.03073311,119.19300079,26.9,26.0306015,119.19299316,31.45,1.022,0.167,-0.248,0.0,0.0,-0.0,1.79,-6.26,-82.99,14.709,0.5,0.5,82.76,99,0,889
1349142,1,1,8,1.04,26.03073311,119.19300079,26.9,26.0306015,119.19299316,31.45,1.022,0.164,-0.248,0.0,0.0,0.0,1.81,-6.26,-82.98,14.709,0.5,0.5,82.76,99,0,891
1349348,1,1,8,1.04,26.03073311,119.19300079,26.9,26.0306015,119.19299316,31.45,1.021,0.163,-0.247,-0.0,-0.0,0.0,1.8,-6.26,-82.97,14.709,0.5,0.5,84.86,99,0,891
1349557,1,1,8,1.04,26.03073311,119.19300079,26.9,26.0306015,119.19299316,31.45,1.021,0.163,-0.247,0.0,-0.0,0.0,1.81,-6.25,-82.95,14.709,0.5,0.5,84.86,99,0,893
1349760,1,1,8,1.04,26.03073311,119.19300079,27.4,26.0306015,119.19299316,31.45,1.022,0.173,-0.248,0.0,-0.0,0.0,1.81,-6.26,-82.95,14.709,0.5,0.5,84.86,100,0,896
1349971,1,1,8,1.04,26.03073311,119.19300079,27.4,26.0306015,119.19299316,31.45,1.022,0.167,-0.248,-0.0,-0.0,-0.0,1.79,-6.25,-82.94,14.709,0.5,0.5,84.86,100,0,899
1350181,1,1,8,1.04,26.03073311,119.19300079,27.4,26.0306015,119.19299316,31.45,1.021,0.164,-0.248,-0.0,-0.0,0.0,1.78,-6.26,-82.96,14.709,0.5,0.5,84.86,100,0,900
1350381,1,1,8,1.04,26.03073311,119.19300079,27.4,26.0306015,119.19299316,31.45,1.021,0.163,-0.247,0.0,0.0,0.0,1.8,-6.25,-82.96,14.709,0.5,0.5,84.22,100,0,900
1350597,1,1,8,1.04,26.03073692,119.19298553,27.4,26.0306015,119.19299316,31.45,1.021,0.163,-0.247,0.0,0.0,-0.0,1.82,-6.26,-82.95,14.709,0.5,0.5,84.22,100,0,902
1350807,1,1,8,1.04,26.03073692,119.19298553,28.0,26.0306015,119.19299316,31.45,1.021,0.17,-0.248,0.0,-0.0,-0.0,1.82,-6.26,-82.95,15.159,0.5,0.5,84.22,101,0,905
1351010,1,1,8,1.04,26.03073692,119.19298553,28.0,26.0306015,119.19299316,31.45,1.021,0.165,-0.248,0.0,0.0,-0.0,1.83,-6.26,-82.94,15.159,0.5,0.5,84.22,101,0,909
1351211,1,1,8,1.04,26.03073692,119.19298553,28.0,26.0306015,119.19299316,31.45,1.021,0.163,-0.248,0.0,0.0,0.0,1.82,-6.27,-82.94,15.159,0.5,0.5,84.22,101,0,909
1351415,1,1,8,1.04,26.03073692,119.19298553,28.0,26.0306015,119.19299316,31.45,1.021,0.163,-0.247,-0.0,-0.0,0.0,1.84,-6.27,-82.96,15.159,0.5,0.5,84.14,101,0,909
1351625,1,1,8,1.04,26.03073692,119.19298553,28.0,26.0306015,119.19299316,31.45,1.021,0.163,-0.247,0.0,-0.0,-0.0,1.83,-6.27,-82.95,15.159,0.5,0.5,84.14,101,0,911
1351825,1,1,9,1.04,26.03073692,119.19298553,28.6,26.0306015,119.19299316,31.45,1.021,0.169,-0.248,0.0,0.0,0.001,1.82,-6.26,-82.96,15.159,0.5,0.5,84.14,102,0,914
1352029,1,1,9,1.04,26.03073692,119.19298553,28.6,26.0306015,119.19299316,31.45,1.021,0.165,-0.248,0.0,0.0,0.0,1.8,-6.26,-82.96,15.159,0.5,0.5,84.14,102,0,918
1352241,1,1,9,1.04,26.03073692,119.19298553,28.6,26.0306015,119.19299316,31.45,1.021,0.164,-0.247,-0.0,0.001,-0.0,1.8,-6.23,-82.96,15.159,0.5,0.5,84.14,102,0,918
1352447,1,1,9,1.04,26.03073692,119.19298553,28.6,26.0306015,119.19299316,31.45,1.021,0.163,-0.247,0.0,0.0,-0.0,1.8,-6.23,-82.95,15.159,0.5,0.5,83.33,102,0,918
1352664,1,1,9,1.04,26.03073692,119.19298553,29.0,26.0306015,119.19299316,31.45,1.02,0.18,-0.248,0.0,0.0,0.001,1.82,-6.23,-82.98,15.159,0.5,0.5,83.33,103,0,921
1352864,1,1,9,1.04,26.03073692,119.19298553,29.0,26.0306015,119.19299316,31.45,1.021,0.169,-0.248,-0.0,-0.0,0.0,1.81,-6.26,-82.97,15.159,0.5,0.5,83.33,103,0,924
1353070,1,1,9,1.04,26.03073692,119.19298553,29.0,26.0306015,119.19299316,31.45,1.021,0.165,-0.248,0.0,0.0,0.0,1.8,-6.25,-82.96,15.159,0.5,0.5,83.33,103,0,927
1353277,1,1,9,1.04,26.03073692,119.19298553,29.0,26.0306015,119.19299316,31.45,1.021,0.163,-0.247,-0.0,0.0,0.0,1.8,-6.26,-82.97,15.159,0.5,0.5,83.33,103,0,927
1353489,1,1,9,1.04,26.03073692,119.19298553,29.0,26.0306015,119.19299316,31.45,1.021,0.163,-0.247,0.0,0.0,0.0,1.79,-6.26,-82.96,15.159,0.5,0.5,83.58,103,0,927
1353697,1,1,9,0.88,26.03073692,119.19298553,29.5,26.0306015,119.19299316,31.45,1.02,0.178,-0.248,-0.0,-0.0,-0.0,1.78,-6.26,-82.96,15.159,0.5,0.5,83.58,104,0,931
1353905,1,1,9,0.88,26.03073692,119.19298553,29.5,26.0306015,119.19299316,31.45,1.021,0.168,-0.248,-0.0,0.0,-0.0,1.78,-6.26,-82.98,15.159,0.5,0.5,83.58,104,0,934
1354107,1,1,9,0.88,26.03073692,119.19298553,29.5,26.0306015,119.19299316,31.45,1.021,0.165,-0.248,0.0,-0.0,0.0,1.78,-6.25,-83.0,15.159,0.5,0.5,83.58,104,0,936
1354311,1,1,9,0.88,26.03073692,119.19298553,29.5,26.0306015,119.19299316,31.45,1.021,0.163,-0.247,-0.0,0.0,-0.0,1.78,-6.25,-82.98,15.159,0.5,0.5,83.58,104,0,936
1354517,1,1,9,0.88,26.03073692,119.19298553,29.5,26.0306015,119.19299316,31.45,1.021,0.163,-0.247,0.0,-0.0,0.0,1.78,-6.26,-82.98,15.159,0.5,0.5,86.57,104,0,937
1354725,1,1,9,0.88,26.03073692,119.19298553,30.1,26.0306015,119.19299316,31.45,1.02,0.178,-0.248,-0.0,-0.0,0.001,1.76,-6.28,-82.99,15.159,0.5,0.5,86.57,105,0,940
1354935,1,1,9,0.88,26.03073692,119.19298553,30.1,26.0306015,119.19299316,31.45,1.021,0.168,-0.248,0.0,0.0,-0.0,1.77,-6.26,-82.98,15.159,0.5,0.5,86.57,105,0,943
1355141,1,1,9,0.88,26.03073692,119.19298553,30.1,26.0306015,119.19299316,31.45,1.021,0.165,-0.248,-0.0,0.0,0.0,1.79,-6.25,-82.96,15.159,0.5,0.5,86.57,105,0,945
1355348,1,1,9,0.88,26.03073692,119.19298553,30.1,26.0306015,119.19299316,31.45,1.021,0.163,-0.247,0.0,0.0,-0.0,1.79,-6.23,-82.95,15.159,0.5,0.5,86.57,105,0,945
1355556,1,1,9,0.88,26.03073311,119.19298553,30.1,26.0306015,119.19299316,31.45,1.021,0.163,-0.247,0.0,0.0,0.0,1.79,-6.23,-82.96,15.159,0.5,0.5,82.0,105,0,946
1355763,1,1,9,0.88,26.03073311,119.19298553,30.7,26.0306015,119.19299316,31.45,1.02,0.177,-0.248,-0.0,-0.0,-0.0,1.79,-6.23,-82.97,14.736,0.5,0.5,82.0,106,0,949
1355969,1,1,9,0.88,26.03073311,119.19298553,30.7,26.0306015,119.19299316,31.45,1.021,0.168,-0.247,-0.0,-0.0,0.0,1.79,-6.25,-82.94,14.736,0.5,0.5,82.0,106,0,953
1356174,1,1,9,0.88,26.03073311,119.19298553,30.7,26.0306015,119.19299316,31.45,1.021,0.165,-0.247,-0.0,-0.0,-0.0,1.79,-6.26,-82.94,14.736,0.5,0.5,82.0,106,0,954
1356375,1,1,9,0.88,26.03073311,119.19298553,30.7,26.0306015,119.19299316,31.45,1.021,0.163,-0.247,0.0,0.0,0.0,1.81,-6.26,-82.95,14.736,0.5,0.5,82.0,106,0,954
1356581,1,1,9,0.88,26.03073311,119.19298553,30.7,26.0306015,119.19299316,31.45,1.021,0.163,-0.247,-0.0,-0.0,0.0,1.81,-6.24,-82.94,14.736,0.5,0.5,79.6,106,0,956
1356803,1,1,9,0.88,26.03073311,119.19298553,31.4,26.0306015,119.19299316,31.45,1.021,0.172,-0.247,0.0,-0.0,-0.0,1.82,-6.25,-82.94,14.735,0.5,0.5,79.6,107,0,959
1357010,1,1,9,0.88,26.03073311,119.19298553,31.4,26.0306015,119.19299316,31.45,1.021,0.166,-0.247,-0.0,-0.0,0.0,1.79,-6.26,-82.93,14.735,0.5,0.5,79.6,107,0,962
1357211,1,1,9,0.88,26.03073311,119.19298553,31.4,26.0306015,119.19299316,31.45,1.021,0.164,-0.247,-0.0,-0.0,0.001,1.8,-6.26,-82.92,14.735,0.5,0.5,79.6,107,0,963
1357423,1,1,9,0.88,26.03073311,119.19298553,31.4,26.0306015,119.19299316,31.45,1.021,0.163,-0.247,0.0,-0.0,0.001,1.8,-6.26,-82.91,14.735,0.5,0.5,79.6,107,0,963
1357635,1,1,9,1.04,26.03073311,119.19298553,32.0,26.0306015,119.19299316,31.45,1.02,0.18,-0.247,-0.0,-0.0,0.0,1.77,-6.28,-82.93,14.736,0.5,0.5,85.74,108,0,966
1357839,1,1,9,1.04,26.03073311,119.19298553,32.0,26.0306015,119.19299316,31.45,1.021,0.169,-0.247,-0.0,0.0,0.0,1.78,-6.26,-82.92,14.736,0.5,0.5,85.74,108,0,969
1358047,1,1,9,1.04,26.03073311,119.19298553,32.0,26.0306015,119.19299316,31.45,1.021,0.165,-0.247,0.0,-0.0,0.0,1.79,-6.27,-82.9,14.736,0.5,0.5,85.74,108,0,972
1358255,1,1,9,1.04,26.03073311,119.19298553,32.0,26.0306015,119.19299316,31.45,1.021,0.163,-0.247,0.001,-0.0,0.0,1.82,-6.29,-82.89,14.736,0.5,0.5,85.74,108,0,972
1358462,1,1,9,1.04,26.03073311,119.19298553,32.0,26.0306015,119.19299316,31.45,1.021,0.163,-0.247,-0.0,0.0,0.001,1.83,-6.27,-82.87,14.736,0.5,0.5,85.74,108,0,972
1358697,1,1,9,1.04,26.03073692,119.19298553,32.7,26.0306015,119.19299316,31.45,1.021,0.174,-0.247,-0.0,0.0,-0.0,1.83,-6.27,-82.86,15.159,0.5,0.5,78.84,109,0,976
1358905,1,1,9,1.04,26.03073692,119.19298553,32.7,26.0306015,119.19299316,31.45,1.021,0.167,-0.247,-0.0,0.0,-0.0,1.81,-6.28,-82.87,15.159,0.5,0.5,78.84,109,0,979
1359110,1,1,9,1.04,26.03073692,119.19298553,32.7,26.0306015,119.19299316,31.45,1.021,0.164,-0.247,0.0,-0.0,-0.0,1.78,-6.28,-82.86,15.159,0.5,0.5,78.84,109,0,981
1359324,1,1,9,1.04,26.03073692,119.19298553,32.7,26.0306015,119.19299316,31.45,1.021,0.163,-0.247,-0.0,-0.0,-0.0,1.79,-6.28,-82.83,15.159,0.5,0.5,78.84,109,0,981
1359528,1,1,9,1.04,26.03073311,119.19298553,32.7,26.0306015,119.19299316,31.45,1.021,0.163,-0.247,0.0,0.0,0.0,1.81,-6.28,-82.84,15.159,0.5,0.5,85.91,109,0,982
1359746,1,1,9,1.04,26.03073311,119.19298553,33.3,26.0306015,119.19299316,31.45,1.021,0.173,-0.247,-0.0,-0.0,-0.0,1.82,-6.29,-82.86,14.736,0.5,0.5,85.91,110,0,985
1359957,1,1,9,1.04,26.03073311,119.19298553,33.3,26.0306015,119.19299316,31.45,1.021,0.167,-0.247,-0.0,0.0,0.0,1.79,-6.27,-82.9,14.736,0.5,0.5,85.91,110,0,988
1360159,1,1,9,1.04,26.03073311,119.19298553,33.3,26.0306015,119.19299316,31.45,1.021,0.164,-0.247,-0.0,-0.0,-0.0,1.77,-6.27,-82.89,14.736,0.5,0.5,85.91,110,0,990
1360361,1,1,9,1.04,26.03073311,119.19298553,33.3,26.0306015,119.19299316,31.45,1.021,0.163,-0.247,0.0,0.0,-0.0,1.75,-6.25,-82.91,14.736,0.5,0.5,85.91,110,0,990
1360573,1,1,9,1.04,26.03073311,119.19295502,33.3,26.0306015,119.19299316,31.45,1.021,0.163,-0.247,-0.0,-0.0,-0.0,1.75,-6.23,-82.89,14.736,0.5,0.5,83.5,110,0,992
1360800,1,1,9,1.04,26.03073311,119.19295502,34.0,26.0306015,119.19299316,31.45,1.02,0.169,-0.247,-0.0,0.0,-0.0,1.77,-6.23,-82.91,15.254,0.5,0.5,83.5,111,0,995
1361010,1,1,9,1.04,26.03073311,119.19295502,34.0,26.0306015,119.19299316,31.45,1.021,0.165,-0.247,-0.0,0.0,0.0,1.76,-6.21,-82.95,15.254,0.5,0.5,83.5,111,0,998
1361211,1,1,9,1.04,26.03073311,119.19295502,34.0,26.0306015,119.19299316,31.45,1.021,0.163,-0.247,0.0,-0.0,0.0,1.78,-6.22,-82.98,15.254,0.5,0.5,83.5,111,0,999
1361422,1,1,9,1.04,26.03073311,119.19295502,34.0,26.0306015,119.19299316,31.45,1.021,0.163,-0.247,0.0,-0.0,0.0,1.79,-6.24,-83.0,15.254,0.5,0.5,83.5,111,0,999
1361629,1,1,9,1.04,26.03073311,119.19295502,34.0,26.0306015,119.19299316,31.45,1.021,0.163,-0.247,0.0,0.0,0.001,1.8,-6.21,-83.04,15.254,0.5,0.5,82.35,111,0,1001
1361832,1,1,9,1.04,26.03073311,119.19295502,34.7,26.0306015,119.19299316,31.45,1.02,0.169,-0.247,-0.0,-0.0,0.0,1.8,-6.22,-83.1,15.254,0.5,0.5,82.35,112,0,1004
1362039,1,1,9,1.04,26.03073311,119.19295502,34.7,26.0306015,119.19299316,31.45,1.021,0.165,-0.247,-0.0,0.0,0.0,1.81,-6.2,-83.11,15.254,0.5,0.5,82.35,112,0,1008
1362245,1,1,9,1.04,26.03073311,119.19295502,34.7,26.0306015,119.19299316,31.45,1.021,0.163,-0.247,0.001,-0.0,0.001,1.83,-6.21,-83.12,15.254,0.5,0.5,82.35,112,0,1008
1362445,1,1,9,1.04,26.03073311,119.19295502,34.7,26.0306015,119.19299316,31.45,1.021,0.163,-0.247,-0.0,-0.0,-0.0,1.83,-6.21,-83.15,15.254,0.5,0.5,82.35,112,0,1008
1362659,1,1,9,1.04,26.03073311,119.19295502,35.5,26.0306015,119.19299316,31.45,1.017,0.18,-0.247,-0.0,0.0,0.0,1.82,-6.19,-83.18,15.254,0.5,0.5,81.97,113,0,1011
1362862,1,1,9,1.04,26.03073311,119.19295502,35.5,26.0306015,119.19299316,31.45,1.02,0.169,-0.247,-0.0,0.0,-0.0,1.78,-6.2,-83.2,15.254,0.5,0.5,81.97,113,0,1014
1363068,1,1,9,1.04,26.03073311,119.19295502,35.5,26.0306015,119.19299316,31.45,1.021,0.165,-0.247,-0.0,0.0,0.0,1.75,-6.2,-83.25,15.254,0.5,0.5,81.97,113,0,1017
1363272,1,1,9,1.04,26.03073311,119.19295502,35.5,26.0306015,119.19299316,31.45,1.021,0.163,-0.247,-0.0,-0.0,0.001,1.75,-6.21,-83.25,15.254,0.5,0.5,81.97,113,0,1017
1363475,1,1,9,1.04,26.03073311,119.19295502,35.5,26.0306015,119.19299316,31.45,1.021,0.163,-0.247,-0.0,0.0,0.0,1.76,-6.2,-83.23,15.254,0.5,0.5,81.97,113,0,1017
1363702,1,1,9,1.04,26.03073311,119.19295502,36.4,26.0306015,119.19299316,31.45,1.018,0.173,-0.247,0.0,-0.0,-0.0,1.78,-6.19,-83.25,15.254,0.5,0.5,82.27,114,0,1021
1363908,1,1,9,1.04,26.03073311,119.19295502,36.4,26.0306015,119.19299316,31.45,1.02,0.167,-0.247,0.0,0.0,-0.0,1.81,-6.19,-83.23,15.254,0.5,0.5,82.27,114,0,1024
1364122,1,1,9,1.04,26.03073311,119.19295502,36.4,26.0306015,119.19299316,31.45,1.021,0.164,-0.247,0.0,0.0,0.0,1.81,-6.22,-83.22,15.254,0.5,0.5,82.27,114,0,1026
1364324,1,1,9,1.04,26.03073311,119.19295502,36.4,26.0306015,119.19299316,31.45,1.021,0.164,-0.247,0.0,-0.0,0.003,1.82,-6.23,-83.19,15.254,0.501,0.501,82.27,114,0,1026
1364529,1,1,9,1.04,26.03072929,119.19293976,36.4,26.0306015,119.19299316,31.45,1.021,0.164,-0.246,-0.0,-0.0,0.003,1.8,-6.25,-83.17,15.254,0.507,0.507,82.27,114,0,1027
1364730,1,1,9,0.88,26.03072929,119.19293976,37.4,26.03060722,119.19299316,31.48,0.792,0.749,-0.221,-0.031,0.078,0.007,1.8,-6.24,-83.14,15.333,0.511,0.511,104.58,115,0,1030
1364931,1,1,9,0.88,26.03072929,119.19293976,37.4,26.03060532,119.19299316,31.48,0.795,0.741,-0.222,-0.0,0.0,-0.0,1.8,-6.23,-83.11,15.333,0.5,0.5,104.58,115,0,1033
1365132,1,1,9,0.88,26.03072929,119.19293976,37.4,26.03060722,119.19299316,31.48,0.792,0.747,-0.221,-0.0,-0.0,0.0,1.79,-6.23,-83.07,15.333,0.5,0.5,104.58,115,0,1035
1365336,1,1,9,0.88,26.03072929,119.19293976,37.4,26.03060722,119.19299316,31.48,0.791,0.749,-0.221,0.0,-0.0,0.0,1.79,-6.24,-83.07,15.333,0.5,0.5,104.58,115,0,1035
1365544,1,1,9,0.88,26.03072929,119.19293976,37.4,26.03060722,119.19299316,31.48,0.791,0.75,-0.221,-0.0,-0.0,0.0,1.77,-6.23,-83.04,15.333,0.5,0.5,104.58,115,0,1036
1365749,1,1,9,0.88,26.03072929,119.19293976,38.3,26.03060722,119.19299316,31.48,0.786,0.764,-0.22,-0.0,-0.0,-0.0,1.78,-6.24,-83.02,14.703,0.5,0.5,88.91,116,0,1039
1365956,1,1,9,0.88,26.03072929,119.19293976,38.3,26.03060722,119.19299316,31.48,0.789,0.756,-0.22,0.0,-0.0,0.0,1.79,-6.23,-83.02,14.703,0.5,0.5,88.91,116,0,1042
1366160,1,1,9,0.88,26.03072929,119.19293976,38.3,26.03060722,119.19299316,31.48,0.79,0.753,-0.221,0.0,0.0,0.0,1.79,-6.21,-83.01,14.703,0.5,0.5,88.91,116,0,1044
1366362,1,1,9,0.88,26.03072929,119.19293976,38.3,26.03060722,119.19299316,31.48,0.791,0.752,-0.221,0.0,-0.0,0.0,1.8,-6.22,-83.0,14.703,0.5,0.5,88.91,116,0,1044
1366567,1,1,9,0.88,26.03072929,119.19295502,38.3,26.03060722,119.19299316,31.48,0.791,0.751,-0.221,0.0,-0.0,-0.0,1.8,-6.24,-83.0,14.703,0.5,0.5,88.91,116,0,1046
1366782,1,1,9,0.88,26.03072929,119.19295502,39.2,26.03060722,119.19299316,31.48,0.787,0.765,-0.22,-0.0,0.0,-0.0,1.81,-6.25,-82.98,14.217,0.5,0.5,83.0,117,0,1049
1366990,1,1,9,0.88,26.03072929,119.19295502,39.2,26.03060722,119.19299316,31.48,0.789,0.756,-0.22,0.0,-0.0,0.0,1.81,-6.25,-82.95,14.217,0.5,0.5,83.0,117,0,1052
1367193,1,1,9,0.88,26.03072929,119.19295502,39.2,26.03060722,119.19299316,31.48,0.79,0.753,-0.221,-0.0,0.0,-0.0,1.82,-6.24,-82.96,14.217,0.5,0.5,83.0,117,0,1053
1367396,1,1,9,0.88,26.03072929,119.19295502,39.2,26.03060722,119.19299316,31.48,0.791,0.752,-0.221,-0.0,0.0,-0.0,1.8,-6.24,-82.95,14.217,0.5,0.5,83.0,117,0,1053
1367600,1,1,9,0.88,26.03072548,119.19293976,39.2,26.03060722,119.19299316,31.48,0.791,0.751,-0.221,0.0,-0.0,-0.0,1.81,-6.27,-82.97,14.217,0.5,0.5,82.42,117,0,1055
1367808,1,1,9,0.88,26.03072548,119.19293976,40.1,26.03060722,119.19299316,31.48,0.787,0.759,-0.22,0.0,0.0,0.001,1.82,-6.24,-82.98,14.308,0.5,0.5,82.42,118,0,1058
1368010,1,1,9,0.88,26.03072548,119.19293976,40.1,26.03060722,119.19299316,31.48,0.79,0.754,-0.22,-0.0,0.0,0.0,1.8,-6.22,-83.01,14.308,0.5,0.5,82.42,118,0,1061
1368211,1,1,9,0.88,26.03072548,119.19293976,40.1,26.03060722,119.19299316,31.48,0.79,0.752,-0.221,-0.0,-0.0,-0.0,1.78,-6.23,-83.02,14.308,0.5,0.5,82.42,118,0,1062
1368416,1,1,9,0.88,26.03072548,119.19293976,40.1,26.03060722,119.19299316,31.48,0.791,0.751,-0.221,-0.0,0.0,0.0,1.79,-6.22,-82.99,14.308,0.5,0.5,82.42,118,0,1062
1368632,1,1,9,0.88,26.03072548,119.19293976,41.1,26.03060722,119.19299316,31.48,0.782,0.772,-0.219,-0.0,-0.0,0.0,1.78,-6.22,-82.98,14.308,0.5,0.5,84.3,119,0,1065
1368841,1,1,9,0.88,26.03072548,119.19293976,41.1,26.03060722,119.19299316,31.48,0.787,0.759,-0.22,0.0,-0.0,0.0,1.77,-6.26,-82.96,14.308,0.5,0.5,84.3,119,0,1068
1369051,1,1,9,0.88,26.03072548,119.19293976,41.1,26.03060722,119.19299316,31.48,0.79,0.754,-0.22,-0.0,0.0,-0.0,1.78,-6.26,-82.94,14.308,0.5,0.5,84.3,119,0,1071
1369256,1,1,9,0.88,26.03072548,119.19293976,41.1,26.03060722,119.19299316,31.48,0.79,0.752,-0.221,0.0,0.0,-0.0,1.78,-6.26,-82.94,14.308,0.5,0.5,84.3,119,0,1071
1369460,1,1,9,0.88,26.03072548,119.19293976,41.1,26.03060722,119.19299316,31.48,0.791,0.751,-0.221,-0.0,-0.0,0.0,1.77,-6.24,-82.94,14.308,0.5,0.5,84.3,119,0,1071
1369667,1,1,9,0.88,26.03072929,119.19293976,41.9,26.03060722,119.19299316,31.48,0.782,0.773,-0.219,-0.0,0.0,-0.0,1.76,-6.21,-82.93,14.703,0.5,0.5,82.13,120,0,1074
1369875,1,1,9,0.88,26.03072929,119.19293976,41.9,26.03060722,119.19299316,31.48,0.787,0.759,-0.22,-0.0,0.0,0.0,1.74,-6.23,-82.92,14.703,0.5,0.5,82.13,120,0,1077
1370080,1,1,9,0.88,26.03072929,119.19293976,41.9,26.03060722,119.19299316,31.48,0.79,0.754,-0.22,-0.0,0.0,0.001,1.75,-6.23,-82.94,14.703,0.5,0.5,82.13,120,0,1080
1370282,1,1,9,0.88,26.03072929,119.19293976,41.9,26.03060722,119.19299316,31.48,0.79,0.752,-0.221,-0.0,0.0,0.0,1.74,-6.23,-82.96,14.703,0.5,0.5,82.13,120,0,1080
1370487,1,1,9,0.88,26.03072929,119.19293976,41.9,26.03060722,119.19299316,31.48,0.791,0.751,-0.221,0.0,-0.0,0.0,1.74,-6.23,-82.96,14.703,0.5,0.5,82.13,120,0,1080
1370704,1,1,9,0.88,26.03072548,119.19293976,42.7,26.03060722,119.19299316,31.48,0.785,0.764,-0.22,0.0,-0.0,-0.0,1.75,-6.25,-82.95,14.308,0.5,0.5,78.11,121,0,1084
1370905,1,1,9,0.88,26.03072548,119.19293976,42.7,26.03060722,119.19299316,31.48,0.789,0.756,-0.22,0.0,0.0,0.0,1.77,-6.25,-82.95,14.308,0.5,0.5,78.11,121,0,1087
1371116,1,1,9,0.88,26.03072548,119.19293976,42.7,26.03060722,119.19299316,31.48,0.79,0.753,-0.221,0.0,0.0,0.0,1.78,-6.24,-82.95,14.308,0.5,0.5,78.11,121,0,1089
1371327,1,1,9,0.88,26.03072548,119.19293976,42.7,26.03060722,119.19299316,31.48,0.791,0.752,-0.221,-0.0,-0.0,0.001,1.78,-6.23,-82.93,14.308,0.5,0.5,78.11,121,0,1089
1371528,1,1,9,0.88,26.03072929,119.19291687,42.7,26.03060722,119.19299316,31.48,0.791,0.751,-0.221,-0.0,0.0,0.0,1.77,-6.22,-82.92,14.308,0.5,0.5,78.11,121,0,1090
1371740,1,1,9,0.88,26.03072929,119.19291687,43.6,26.03060722,119.19299316,31.48,0.783,0.765,-0.219,0.0,-0.0,-0.001,1.76,-6.22,-82.91,15.684,0.5,0.5,82.05,122,0,1093
1371950,1,1,9,0.88,26.03072929,119.19291687,43.6,26.03060722,119.19299316,31.48,0.788,0.756,-0.22,-0.0,0.0,0.0,1.76,-6.22,-82.92,15.684,0.5,0.5,82.05,122,0,1096
1372156,1,1,9,0.88,26.03072929,119.19291687,43.6,26.03060722,119.19299316,31.48,0.79,0.753,-0.22,-0.0,-0.0,0.0,1.77,-6.22,-82.93,15.684,0.5,0.5,82.05,122,0,1098
1372361,1,1,9,0.88,26.03072929,119.19291687,43.6,26.03060722,119.19299316,31.48,0.79,0.752,-0.221,0.0,0.0,-0.0,1.78,-6.22,-82.92,15.684,0.5,0.5,82.05,122,0,1098
1372568,1,1,9,0.88,26.03072929,119.19291687,43.6,26.03060722,119.19299316,31.48,0.791,0.751,-0.221,-0.0,-0.0,-0.0,1.78,-6.25,-82.91,15.684,0.5,0.5,82.05,122,0,1100
1372776,1,1,9,0.88,26.03072929,119.19291687,44.6,26.03060722,119.19299316,31.48,0.783,0.765,-0.219,0.0,-0.0,0.0,1.79,-6.25,-82.9,15.684,0.5,0.5,81.11,123,0,1103
1372979,1,1,9,0.88,26.03072929,119.19291687,44.6,26.03060722,119.19299316,31.48,0.788,0.756,-0.22,-0.0,-0.0,0.0,1.78,-6.27,-82.9,15.684,0.5,0.5,81.11,123,0,1106
1373180,1,1,9,0.88,26.03072929,119.19291687,44.6,26.03060722,119.19299316,31.48,0.79,0.753,-0.22,-0.0,0.0,0.0,1.76,-6.26,-82.91,15.684,0.5,0.5,81.11,123,0,1107
1373382,1,1,9,0.88,26.03072929,119.19291687,44.6,26.03060722,119.19299316,31.48,0.79,0.752,-0.221,-0.0,0.0,0.0,1.76,-6.26,-82.92,15.684,0.5,0.5,81.11,123,0,1107
1373591,1,1,9,0.88,26.03072929,119.19291687,44.6,26.03060722,119.19299316,31.48,0.791,0.751,-0.221,-0.0,0.0,0.0,1.76,-6.25,-82.94,15.684,0.5,0.5,81.11,123,0,1109
1373827,1,1,9,0.88,26.03072929,119.19291687,45.6,26.03060722,119.19299316,31.48,0.786,0.76,-0.22,-0.0,0.0,0.0,1.75,-6.25,-82.95,15.684,0.5,0.5,85.74,124,0,1112
1374036,1,1,9,0.88,26.03072929,119.19291687,45.6,26.03060722,119.19299316,31.48,0.789,0.754,-0.22,-0.0,0.0,0.001,1.76,-6.26,-82.96,15.684,0.5,0.5,85.74,124,0,1116
1374241,1,1,9,0.88,26.03072929,119.19291687,45.6,26.03060722,119.19299316,31.48,0.79,0.752,-0.221,0.0,0.0,0.0,1.75,-6.26,-82.95,15.684,0.5,0.5,85.74,124,0,1116
1374451,1,1,9,0.88,26.03072929,119.19291687,45.6,26.03060722,119.19299316,31.48,0.791,0.751,-0.221,0.0,-0.0,0.0,1.77,-6.25,-82.92,15.684,0.5,0.5,85.74,124,0,1116
1374660,1,1,9,0.88,26.03072929,119.19291687,46.4,26.03060722,119.19299316,31.48,0.779,0.773,-0.218,-0.0,-0.0,-0.0,1.77,-6.27,-82.91,15.684,0.5,0.5,85.74,125,0,1119
1374865,1,1,9,0.88,26.03072929,119.19291687,46.4,26.03060722,119.19299316,31.48,0.786,0.759,-0.22,-0.0,-0.0,-0.0,1.76,-6.27,-82.9,15.684,0.5,0.5,80.2,125,0,1122
1375069,1,1,9,0.88,26.03072929,119.19291687,46.4,26.03060722,119.19299316,31.48,0.789,0.754,-0.22,-0.0,-0.0,0.0,1.77,-6.28,-82.91,15.684,0.5,0.5,80.2,125,0,1125
1375271,1,1,9,0.88,26.03072929,119.19291687,46.4,26.03060722,119.19299316,31.48,0.79,0.752,-0.221,0.0,-0.0,0.0,1.78,-6.28,-82.92,15.684,0.5,0.5,80.2,125,0,1125
1375471,1,1,9,0.88,26.03072929,119.19291687,46.4,26.03060722,119.19299316,31.48,0.791,0.751,-0.221,-0.0,-0.0,-0.0,1.77,-6.27,-82.94,15.684,0.5,0.5,80.2,125,0,1125
1375700,1,1,9,0.88,26.03072548,119.19291687,47.0,26.03060722,119.19299316,31.48,0.783,0.764,-0.219,-0.0,0.0,-0.0,1.76,-6.26,-82.94,15.315,0.5,0.5,80.2,126,0,1129
1375905,1,1,9,0.88,26.03072548,119.19291687,47.0,26.03060722,119.19299316,31.48,0.788,0.756,-0.22,0.0,0.0,0.0,1.76,-6.25,-82.93,15.315,0.5,0.5,83.65,126,0,1132
1376107,1,1,9,0.88,26.03072548,119.19291687,47.0,26.03060722,119.19299316,31.48,0.79,0.753,-0.22,0.0,-0.0,0.0,1.77,-6.24,-82.96,15.315,0.5,0.5,83.65,126,0,1134
1376311,1,1,9,0.88,26.03072548,119.19291687,47.0,26.03060722,119.19299316,31.48,0.79,0.752,-0.221,-0.0,-0.0,0.0,1.77,-6.25,-82.96,15.315,0.5,0.5,83.65,126,0,1134
1376518,1,1,9,0.88,26.03072548,119.19290161,47.0,26.03060722,119.19299316,31.48,0.791,0.751,-0.221,0.0,0.0,0.0,1.78,-6.23,-82.98,15.315,0.5,0.5,83.65,126,0,1135
1376726,1,1,9,0.88,26.03072548,119.19290161,47.5,26.03060722,119.19299316,31.48,0.782,0.764,-0.219,-0.0,0.0,0.0,1.77,-6.23,-82.97,16.133,0.5,0.5,83.65,127,0,1138
1376936,1,1,9,0.88,26.03072548,119.19290161,47.5,26.03060722,119.19299316,31.48,0.787,0.756,-0.22,-0.0,0.0,0.0,1.77,-6.24,-82.99,16.133,0.5,0.5,84.31,127,0,1141
1377141,1,1,9,0.88,26.03072548,119.19290161,47.5,26.03060722,119.19299316,31.48,0.789,0.753,-0.22,-0.0,-0.0,0.001,1.77,-6.26,-82.98,16.133,0.5,0.5,84.31,127,0,1143
1377342,1,1,9,0.88,26.03072548,119.19290161,47.5,26.03060722,119.19299316,31.48,0.79,0.752,-0.221,-0.0,0.0,0.0,1.77,-6.26,-82.99,16.133,0.5,0.5,84.31,127,0,1143
1377544,1,1,9,0.88,26.03072166,119.19291687,47.5,26.03060722,119.19299316,31.48,0.791,0.751,-0.221,-0.0,-0.0,-0.0,1.77,-6.26,-82.98,16.133,0.5,0.5,84.31,127,0,1144
1377754,1,1,9,0.88,26.03072166,119.19291687,47.9,26.03060722,119.19299316,31.48,0.783,0.764,-0.219,0.0,0.0,0.0,1.78,-6.25,-82.99,14.949,0.5,0.5,84.31,128,0,1147
1377960,1,1,9,0.88,26.03072166,119.19291687,47.9,26.03060722,119.19299316,31.48,0.788,0.756,-0.22,-0.0,0.0,0.0,1.76,-6.22,-83.0,14.949,0.5,0.5,81.13,128,0,1151
1378164,1,1,9,0.88,26.03072166,119.19291687,47.9,26.03060722,119.19299316,31.48,0.79,0.753,-0.22,0.0,0.0,-0.0,1.77,-6.22,-82.99,14.949,0.5,0.5,81.13,128,0,1152
1378382,1,1,9,0.88,26.03072166,119.19291687,47.9,26.03060722,119.19299316,31.48,0.79,0.752,-0.221,0.0,0.0,-0.0,1.77,-6.24,-82.98,14.949,0.5,0.5,81.13,128,0,1152
1378585,1,1,9,0.88,26.03072166,119.19291687,47.9,26.03060722,119.19299316,31.48,0.791,0.751,-0.221,0.0,0.0,0.0,1.77,-6.24,-82.97,14.949,0.5,0.5,81.13,128,0,1154
1378808,1,1,9,0.88,26.03072166,119.19291687,48.4,26.03060722,119.19299316,31.48,0.786,0.759,-0.22,0.0,0.0,0.001,1.78,-6.22,-82.99,14.949,0.5,0.5,81.13,129,0,1157
1379011,1,1,9,0.88,26.03072166,119.19291687,48.4,26.03060722,119.19299316,31.48,0.789,0.754,-0.22,0.0,0.0,0.001,1.78,-6.21,-83.01,14.949,0.5,0.5,84.83,129,0,1160
1379216,1,1,9,0.88,26.03072166,119.19291687,48.4,26.03060722,119.19299316,31.48,0.79,0.752,-0.22,-0.0,0.0,-0.0,1.77,-6.2,-83.01,14.949,0.5,0.5,84.83,129,0,1161
1379416,1,1,9,0.88,26.03072166,119.19291687,48.4,26.03060722,119.19299316,31.48,0.791,0.751,-0.221,-0.0,-0.0,0.001,1.77,-6.21,-83.0,14.949,0.5,0.5,84.83,129,0,1161
1379630,1,1,9,0.88,26.03071785,119.19291687,48.4,26.03060722,119.19299316,31.48,0.791,0.751,-0.221,0.0,-0.0,0.0,1.79,-6.23,-82.99,14.949,0.5,0.5,84.83,129,0,1163
1379838,1,1,9,0.88,26.03071785,119.19291687,48.7,26.03060722,119.19299316,31.48,0.786,0.759,-0.22,0.0,-0.0,-0.0,1.8,-6.25,-82.96,14.586,0.5,0.5,84.83,130,0,1167
1380043,1,1,9,0.88,26.03071785,119.19291687,48.7,26.03060722,119.19299316,31.48,0.789,0.754,-0.22,-0.0,-0.0,0.0,1.81,-6.25,-82.92,14.586,0.5,0.5,80.87,130,0,1170
1380256,1,1,9,0.88,26.03071785,119.19291687,48.7,26.03060722,119.19299316,31.48,0.79,0.752,-0.22,-0.0,-0.0,0.0,1.8,-6.25,-82.93,14.586,0.5,0.5,80.87,130,0,1170
1380456,1,1,9,0.88,26.03071785,119.19291687,48.7,26.03060722,119.19299316,31.48,0.791,0.751,-0.221,-0.0,-0.0,-0.0,1.8,-6.27,-82.93,14.586,0.5,0.5,80.87,130,0,1170
1380656,1,1,9,0.88,26.03071213,119.19291687,49.0,26.03060722,119.19299316,31.48,0.783,0.763,-0.219,0.0,0.0,-0.0,1.81,-6.26,-82.94,14.048,0.396,0.396,80.87,131,0,1173
1380858,1,1,9,0.88,26.03071213,119.19291687,49.0,26.03060722,119.19299316,31.48,0.788,0.755,-0.22,-0.0,-0.0,0.0,1.8,-6.24,-82.95,14.048,0.396,0.396,80.87,131,0,1176
1381058,1,1,9,0.88,26.03071213,119.19291687,49.0,26.03060722,119.19299316,31.48,0.789,0.754,-0.22,0.0,0.0,0.0,1.8,-6.25,-82.95,14.048,0.5,0.5,80.95,131,0,1179
1381262,1,1,9,0.88,26.03071213,119.19291687,49.0,26.03060722,119.19299316,31.48,0.79,0.752,-0.22,-0.0,-0.0,0.0,1.78,-6.26,-82.97,14.048,0.5,0.5,80.95,131,0,1179
1381463,1,1,9,0.88,26.03071213,119.19291687,49.0,26.03060722,119.19299316,31.48,0.791,0.751,-0.221,0.0,-0.0,-0.0,1.79,-6.26,-82.93,14.048,0.5,0.5,80.95,131,0,1179
1381664,1,1,9,0.88,26.03071213,119.19291687,49.3,26.03060722,119.19299316,31.48,0.779,0.77,-0.218,-0.0,0.0,0.0,1.8,-6.26,-82.95,14.048,0.5,0.5,80.95,132,0,1182
1381865,1,1,9,0.88,26.03071213,119.19291687,49.3,26.03060722,119.19299316,31.48,0.786,0.758,-0.22,0.0,0.0,-0.0,1.79,-6.26,-82.94,14.048,0.5,0.5,80.95,132,0,1185
1382066,1,1,9,0.88,26.03071213,119.19291687,49.3,26.03060722,119.19299316,31.48,0.789,0.754,-0.22,0.0,-0.0,0.0,1.81,-6.26,-82.92,14.048,0.5,0.5,80.5,132,0,1188
1382267,1,1,9,0.88,26.03071213,119.19291687,49.3,26.03060722,119.19299316,31.48,0.79,0.752,-0.22,0.0,-0.0,0.0,1.81,-6.26,-82.94,14.048,0.5,0.5,80.5,132,0,1188
1382468,1,1,9,0.88,26.03071213,119.19291687,49.3,26.03060722,119.19299316,31.48,0.791,0.751,-0.221,-0.0,0.0,0.0,1.81,-6.24,-82.95,14.048,0.5,0.5,80.5,132,0,1188
1382698,1,1,9,0.88,26.0307045,119.19291687,49.5,26.03060722,119.19299316,31.48,0.779,0.768,-0.218,0.0,-0.0,0.0,1.8,-6.26,-82.94,13.344,0.5,0.5,80.5,133,0,1192
1382899,1,1,9,0.88,26.0307045,119.19291687,49.5,26.03060722,119.19299316,31.48,0.786,0.758,-0.22,0.0,0.0,0.0,1.79,-6.24,-82.93,13.344,0.5,0.5,80.5,133,0,1194
1383099,1,1,9,0.88,26.0307045,119.19291687,49.5,26.03060722,119.19299316,31.48,0.789,0.753,-0.22,-0.0,-0.0,0.0,1.79,-6.26,-82.93,13.344,0.5,0.5,81.55,133,0,1197
1383308,1,1,9,0.88,26.0307045,119.19291687,49.5,26.03060722,119.19299316,31.48,0.79,0.752,-0.22,0.0,-0.0,-0.0,1.81,-6.26,-82.95,13.344,0.5,0.5,81.55,133,0,1197
1383511,1,1,9,0.88,26.03070068,119.19291687,49.5,26.03060722,119.19299316,31.48,0.791,0.751,-0.221,-0.0,0.0,0.0,1.81,-6.27,-82.92,13.344,0.5,0.5,81.55,133,0,1198
1383714,1,1,9,1.04,26.03070068,119.19291687,49.8,26.03060722,119.19299316,31.48,0.785,0.759,-0.219,-0.0,0.0,0.0,1.81,-6.27,-82.98,12.998,0.5,0.5,81.55,134,0,1201
1383914,1,1,9,1.04,26.03070068,119.19291687,49.8,26.03060722,119.19299316,31.48,0.789,0.754,-0.22,0.0,0.0,-0.0,1.8,-6.26,-82.99,12.998,0.5,0.5,81.55,134,0,1204
1384115,1,1,9,1.04,26.03070068,119.19291687,49.8,26.03060722,119.19299316,31.48,0.79,0.752,-0.22,0.0,-0.0,-0.0,1.81,-6.27,-82.98,12.998,0.5,0.5,81.87,134,0,1206
1384317,1,1,9,1.04,26.03070068,119.19291687,49.8,26.03060722,119.19299316,31.48,0.791,0.751,-0.221,0.0,-0.0,0.0,1.81,-6.27,-82.96,12.998,0.5,0.5,81.87,134,0,1206
1384530,1,1,9,1.04,26.03071213,119.19290161,49.8,26.03060722,119.19299316,31.48,0.791,0.751,-0.221,0.0,0.0,0.0,1.84,-6.26,-82.96,12.998,0.5,0.5,81.87,134,0,1207
1384740,1,1,9,1.04,26.03071213,119.19290161,50.1,26.03060722,119.19299316,31.48,0.784,0.76,-0.219,0.0,0.0,-0.0,1.85,-6.25,-82.93,14.935,0.5,0.5,81.87,135,0,1210
1384941,1,1,9,1.04,26.03071213,119.19290161,50.1,26.03060722,119.19299316,31.48,0.788,0.754,-0.22,0.0,0.0,-0.0,1.84,-6.25,-82.91,14.935,0.5,0.5,81.87,135,0,1213
1385143,1,1,9,1.04,26.03071213,119.19290161,50.1,26.03060722,119.19299316,31.48,0.79,0.752,-0.22,0.0,-0.0,0.0,1.83,-6.24,-82.94,14.935,0.5,0.5,82.52,135,0,1215
1385347,1,1,9,1.04,26.03071213,119.19290161,50.1,26.03060722,119.19299316,31.48,0.79,0.751,-0.221,0.0,0.0,-0.0,1.84,-6.24,-82.95,14.935,0.5,0.5,82.52,135,0,1215
1385557,1,1,9,1.04,26.03070831,119.19290161,50.1,26.03060722,119.19299316,31.48,0.791,0.751,-0.221,0.0,-0.0,0.0,1.84,-6.26,-82.95,14.935,0.5,0.5,82.52,135,0,1217
1385761,1,1,9,1.04,26.03070831,119.19290161,50.4,26.03060722,119.19299316,31.48,0.784,0.759,-0.219,-0.0,0.0,-0.0,1.82,-6.25,-82.96,14.602,0.5,0.5,82.52,136,0,1220
1385970,1,1,9,1.04,26.03070831,119.19290161,50.4,26.03060722,119.19299316,31.48,0.788,0.754,-0.22,0.0,-0.0,-0.001,1.83,-6.25,-82.96,14.602,0.5,0.5,82.52,136,0,1223
1386171,1,1,9,1.04,26.03070831,119.19290161,50.4,26.03060722,119.19299316,31.48,0.79,0.752,-0.22,0.0,0.0,0.002,1.88,-6.21,-82.97,14.602,0.5,0.5,81.32,136,0,1224
1386371,1,1,9,1.04,26.03070831,119.19290161,50.4,26.03060722,119.19299316,31.48,0.79,0.751,-0.221,0.0,0.0,0.0,1.86,-6.22,-82.97,14.602,0.5,0.5,81.32,136,0,1224
1386577,1,1,9,1.04,26.03071213,119.19290161,50.4,26.03060722,119.19299316,31.48,0.791,0.751,-0.221,-0.0,-0.0,-0.0,1.85,-6.22,-82.96,14.602,0.5,0.5,81.32,136,0,1226
1386799,1,1,9,1.04,26.03071213,119.19290161,50.9,26.03060722,119.19299316,31.48,0.787,0.756,-0.219,-0.0,0.0,-0.0,1.85,-6.22,-82.96,14.935,0.5,0.5,81.32,137,0,1229
1387009,1,1,9,1.04,26.03071213,119.19290161,50.9,26.03060722,119.19299316,31.48,0.789,0.753,-0.22,-0.0,-0.0,0.0,1.82,-6.23,-82.95,14.935,0.5,0.5,81.32,137,0,1232
1387211,1,1,9,1.04,26.03071213,119.19290161,50.9,26.03060722,119.19299316,31.48,0.79,0.752,-0.22,-0.0,0.0,0.001,1.81,-6.23,-82.99,14.935,0.5,0.5,87.56,137,0,1233
1387417,1,1,9,1.04,26.03071213,119.19290161,50.9,26.03060722,119.19299316,31.48,0.791,0.751,-0.221,0.0,-0.0,-0.0,1.82,-6.23,-82.98,14.935,0.5,0.5,87.56,137,0,1233
1387625,1,1,9,1.04,26.03071785,119.19290161,51.5,26.03060722,119.19299316,31.48,0.78,0.766,-0.217,0.0,0.0,-0.0,1.82,-6.22,-82.96,15.442,0.5,0.5,87.56,138,0,1236
1387835,1,1,9,1.04,26.03071785,119.19290161,51.5,26.03060722,119.19299316,31.48,0.787,0.757,-0.219,-0.0,-0.0,-0.0,1.82,-6.23,-82.96,15.442,0.5,0.5,87.56,138,0,1239
1388043,1,1,9,1.04,26.03071785,119.19290161,51.5,26.03060722,119.19299316,31.48,0.789,0.753,-0.22,-0.0,0.0,0.0,1.82,-6.23,-82.94,15.442,0.5,0.5,87.56,138,0,1242
1388246,1,1,9,1.04,26.03071785,119.19290161,51.5,26.03060722,119.19299316,31.48,0.79,0.752,-0.22,0.0,-0.0,0.0,1.82,-6.25,-82.96,15.442,0.5,0.5,79.44,138,0,1242
1388451,1,1,9,1.04,26.03071785,119.19290161,51.5,26.03060722,119.19299316,31.48,0.791,0.751,-0.221,-0.0,-0.0,-0.0,1.82,-6.27,-82.95,15.442,0.5,0.5,79.44,138,0,1242
1388653,1,1,7,1.93,26.03071213,119.19290161,51.9,26.03060722,119.19299316,31.48,0.788,0.755,-0.218,-0.0,-0.0,0.0,1.82,-6.28,-82.97,14.935,0.5,0.5,79.44,139,0,1245
1388860,1,1,7,1.93,26.03071213,119.19290161,51.9,26.03060722,119.19299316,31.48,0.79,0.752,-0.22,0.0,0.0,-0.0,1.82,-6.28,-82.98,14.935,0.5,0.5,79.44,139,0,1248
1389065,1,1,7,1.93,26.03071213,119.19290161,51.9,26.03060722,119.19299316,31.48,0.79,0.751,-0.22,0.0,-0.0,0.0,1.82,-6.27,-82.98,14.935,0.5,0.5,79.44,139,0,1251
1389277,1,1,7,1.93,26.03071213,119.19290161,51.9,26.03060722,119.19299316,31.48,0.791,0.751,-0.22,-0.0,-0.0,0.001,1.8,-6.25,-82.97,14.935,0.5,0.5,81.35,139,0,1251
1389490,1,1,7,1.93,26.03071213,119.19290161,51.9,26.03060722,119.19299316,31.48,0.791,0.751,-0.221,-0.0,0.0,-0.0,1.8,-6.25,-82.98,14.935,0.5,0.5,81.35,139,0,1251
1389698,1,1,7,1.93,26.03071213,119.19290161,52.2,26.03060722,119.19299316,31.48,0.789,0.753,-0.219,0.0,-0.0,-0.0,1.8,-6.23,-82.99,14.935,0.5,0.5,81.35,140,0,1255
1389905,1,1,7,1.93,26.03071213,119.19290161,52.2,26.03060722,119.19299316,31.48,0.79,0.752,-0.22,0.0,-0.0,0.0,1.81,-6.25,-82.99,14.935,0.5,0.5,81.35,140,0,1258
1390109,1,1,7,1.93,26.03071213,119.19290161,52.2,26.03060722,119.19299316,31.48,0.791,0.751,-0.22,-0.0,-0.0,0.0,1.79,-6.25,-82.97,14.935,0.5,0.5,84.4,140,0,1260
1390315,1,1,7,1.93,26.03071213,119.19290161,52.2,26.03060722,119.19299316,31.48,0.791,0.751,-0.221,0.0,-0.0,0.001,1.8,-6.25,-82.96,14.935,0.5,0.5,84.4,140,0,1260
1390516,1,1,7,1.93,26.0307045,119.19290161,52.2,26.03060722,119.19299316,31.48,0.791,0.751,-0.221,0.0,0.0,0.0,1.82,-6.25,-82.95,14.935,0.5,0.5,84.4,140,0,1261
1390729,1,1,7,1.93,26.0307045,119.19290161,52.6,26.03060722,119.19299316,31.48,0.789,0.753,-0.219,-0.0,0.0,0.001,1.82,-6.27,-82.96,14.275,0.5,0.5,84.4,141,0,1264
1390937,1,1,7,1.93,26.0307045,119.19290161,52.6,26.03060722,119.19299316,31.48,0.79,0.752,-0.22,0.0,-0.0,0.0,1.84,-6.29,-82.98,14.275,0.5,0.5,84.4,141,0,1267
1391139,1,1,7,1.93,26.0307045,119.19290161,52.6,26.03060722,119.19299316,31.48,0.791,0.751,-0.22,0.0,0.0,-0.0,1.86,-6.26,-82.98,14.275,0.5,0.5,82.85,141,0,1269
1391342,1,1,7,1.93,26.0307045,119.19290161,52.6,26.03060722,119.19299316,31.48,0.791,0.751,-0.221,-0.0,-0.0,-0.0,1.82,-6.27,-83.0,14.275,0.5,0.5,82.85,141,0,1269
1391551,1,1,7,1.93,26.03070831,119.19290161,52.6,26.03060722,119.19299316,31.48,0.791,0.751,-0.221,0.0,-0.0,0.0,1.82,-6.26,-82.97,14.275,0.5,0.5,82.85,141,0,1271
1391757,1,1,7,1.93,26.03070831,119.19290161,53.1,26.03060722,119.19299316,31.48,0.789,0.753,-0.219,0.0,0.0,0.0,1.83,-6.26,-82.98,14.603,0.5,0.5,82.85,142,0,1274
1391964,1,1,7,1.93,26.03070831,119.19290161,53.1,26.03060722,119.19299316,31.48,0.79,0.752,-0.22,0.0,-0.0,-0.0,1.84,-6.27,-82.98,14.603,0.5,0.5,82.85,142,0,1277
1392164,1,1,7,1.93,26.03070831,119.19290161,53.1,26.03060722,119.19299316,31.48,0.791,0.751,-0.22,-0.0,0.0,0.0,1.82,-6.25,-83.0,14.603,0.5,0.5,81.05,142,0,1278
1392365,1,1,7,1.93,26.03070831,119.19290161,53.1,26.03060722,119.19299316,31.48,0.791,0.751,-0.221,-0.0,-0.0,0.0,1.82,-6.25,-83.02,14.603,0.5,0.5,81.05,142,0,1278
1392566,1,1,7,1.93,26.03070068,119.19290161,53.1,26.03060722,119.19299316,31.48,0.791,0.751,-0.221,-0.0,-0.0,-0.0,1.79,-6.23,-83.02,14.603,0.5,0.5,81.05,142,0,1280
1392769,1,1,8,1.93,26.03070068,119.19290161,53.5,26.03060722,119.19299316,31.48,0.79,0.752,-0.22,0.0,0.0,0.0,1.79,-6.24,-83.02,13.953,0.5,0.5,81.05,143,0,1283
1392973,1,1,8,1.93,26.03070068,119.19290161,53.5,26.03060722,119.19299316,31.48,0.79,0.751,-0.22,0.0,0.0,-0.0,1.71,-6.29,-83.03,13.953,0.5,0.5,81.05,143,0,1286
1393182,1,1,8,1.93,26.03070068,119.19290161,53.5,26.03060722,119.19299316,31.48,0.791,0.751,-0.221,0.0,-0.0,0.0,1.72,-6.3,-83.04,13.953,0.5,0.5,82.52,143,0,1287
1393386,1,1,8,1.93,26.03070068,119.19290161,53.5,26.03060722,119.19299316,31.48,0.791,0.751,-0.221,0.0,0.0,0.0,1.73,-6.3,-83.02,13.953,0.5,0.5,82.52,143,0,1287
1393603,1,1,8,1.93,26.03070068,119.19290161,53.5,26.03060722,119.19299316,31.48,0.791,0.751,-0.221,0.0,0.0,0.0,1.74,-6.29,-83.01,13.953,0.5,0.5,82.52,143,0,1289
1393812,1,1,8,1.93,26.03070068,119.19290161,53.8,26.03060722,119.19299316,31.48,0.79,0.752,-0.219,0.0,-0.0,0.0,1.75,-6.29,-83.02,13.953,0.5,0.5,82.52,144,0,1292
1394020,1,1,8,1.93,26.03070068,119.19290161,53.8,26.03060722,119.19299316,31.48,0.79,0.751,-0.22,0.0,0.0,0.0,1.74,-6.27,-83.03,13.953,0.5,0.5,82.52,144,0,1296
1394220,1,1,8,1.93,26.03070068,119.19290161,53.8,26.03060722,119.19299316,31.48,0.791,0.751,-0.22,0.0,-0.0,-0.0,1.73,-6.27,-82.99,13.953,0.5,0.5,81.89,144,0,1296
1394427,1,1,8,1.93,26.03070068,119.19290161,53.8,26.03060722,119.19299316,31.48,0.791,0.751,-0.221,0.0,0.0,-0.0,1.75,-6.27,-83.0,13.953,0.5,0.5,81.89,144,0,1296
1394631,1,1,8,1.93,26.03069687,119.19291687,53.8,26.03060722,119.19299316,31.48,0.791,0.751,-0.221,-0.0,-0.0,0.0,1.76,-6.26,-83.0,13.953,0.5,0.5,81.89,144,0,1298
1394841,1,1,8,1.93,26.03069687,119.19291687,54.0,26.03060722,119.19299316,31.48,0.79,0.752,-0.219,0.0,0.0,0.0,1.78,-6.26,-83.0,12.658,0.5,0.5,81.89,145,0,1302
1395049,1,1,8,1.93,26.03069687,119.19291687,54.0,26.03060722,119.19299316,31.48,0.79,0.751,-0.22,0.0,-0.0,0.0,1.8,-6.26,-82.99,12.658,0.5,0.5,81.89,145,0,1305
1395261,1,1,8,1.93,26.03069687,119.19291687,54.0,26.03060722,119.19299316,31.48,0.791,0.751,-0.22,0.0,0.0,0.0,1.8,-6.26,-82.98,12.658,0.5,0.5,85.91,145,0,1305
1395467,1,1,8,1.93,26.03069687,119.19291687,54.0,26.03060722,119.19299316,31.48,0.791,0.751,-0.221,-0.0,0.0,-0.0,1.81,-6.26,-82.98,12.658,0.5,0.5,85.91,145,0,1305
1395672,1,1,8,1.93,26.03069305,119.19290161,54.3,26.03060722,119.19299316,31.48,0.788,0.754,-0.218,-0.0,-0.0,0.0,1.78,-6.26,-82.98,13.325,0.5,0.5,85.91,146,0,1308
1395886,1,1,8,1.93,26.03069305,119.19290161,54.3,26.03060722,119.19299316,31.48,0.79,0.752,-0.219,-0.0,-0.0,0.0,1.78,-6.25,-82.97,13.325,0.5,0.5,85.91,146,0,1311
1396091,1,1,8,1.93,26.03069305,119.19290161,54.3,26.03060722,119.19299316,31.48,0.79,0.751,-0.22,0.0,-0.001,-0.0,1.79,-6.27,-82.96,13.325,0.5,0.5,85.91,146,0,1314
1396291,1,1,8,1.93,26.03069305,119.19290161,54.3,26.03060722,119.19299316,31.48,0.791,0.751,-0.22,0.0,-0.0,0.001,1.8,-6.26,-82.98,13.325,0.5,0.5,81.92,146,0,1314
1396494,1,1,8,1.93,26.03069305,119.19290161,54.3,26.03060722,119.19299316,31.48,0.791,0.751,-0.221,-0.0,-0.0,0.0,1.8,-6.27,-82.99,13.325,0.5,0.5,81.92,146,0,1314
1396700,1,1,8,1.93,26.03068924,119.19291687,54.7,26.03060722,119.19299316,31.48,0.789,0.753,-0.219,-0.0,-0.0,-0.0,1.77,-6.25,-82.95,11.993,0.5,0.5,81.92,147,0,1318
1396915,1,1,8,1.93,26.03068924,119.19291687,54.7,26.03060722,119.19299316,31.48,0.79,0.752,-0.22,-0.0,0.0,0.0,1.79,-6.24,-82.95,11.993,0.5,0.5,81.92,147,0,1321
1397119,1,1,8,1.93,26.03068924,119.19291687,54.7,26.03060722,119.19299316,31.48,0.791,0.751,-0.22,0.0,-0.0,0.0,1.79,-6.25,-82.95,11.993,0.5,0.5,81.92,147,0,1323
1397321,1,1,8,1.93,26.03068924,119.19291687,54.7,26.03060722,119.19299316,31.48,0.791,0.751,-0.221,0.0,-0.0,0.0,1.8,-6.25,-82.96,11.993,0.5,0.5,80.28,147,0,1323
1397535,1,1,8,1.93,26.0306797,119.19291687,54.7,26.03060722,119.19299316,31.48,0.791,0.751,-0.221,-0.0,0.0,-0.0,1.78,-6.24,-82.95,11.993,0.5,0.5,80.28,147,0,1324
1397742,1,1,8,1.93,26.0306797,119.19291687,55.3,26.03060722,119.19299316,31.48,0.789,0.753,-0.219,0.0,-0.0,0.0,1.79,-6.23,-82.93,11.196,0.5,0.5,80.28,148,0,1327
1397951,1,1,8,1.93,26.0306797,119.19291687,55.3,26.03060722,119.19299316,31.48,0.79,0.751,-0.22,-0.0,0.0,0.0,1.76,-6.23,-82.94,11.196,0.5,0.5,80.28,148,0,1330
1398159,1,1,8,1.93,26.0306797,119.19291687,55.3,26.03060722,119.19299316,31.48,0.791,0.751,-0.22,-0.0,-0.0,0.0,1.77,-6.25,-82.93,11.196,0.5,0.5,80.28,148,0,1332
1398361,1,1,8,1.93,26.0306797,119.19291687,55.3,26.03060722,119.19299316,31.48,0.791,0.751,-0.221,0.0,0.0,0.001,1.77,-6.25,-82.93,11.196,0.5,0.5,80.74,148,0,1332
1398573,1,1,8,1.93,26.03067589,119.19291687,55.3,26.03060722,119.19299316,31.48,0.791,0.751,-0.221,0.0,0.0,0.0,1.77,-6.24,-82.93,11.196,0.5,0.5,80.74,148,0,1334
1398776,1,1,9,1.93,26.03067589,119.19291687,55.9,26.03060722,119.19299316,31.48,0.79,0.752,-0.219,-0.0,0.0,0.0,1.77,-6.24,-82.95,10.891,0.5,0.5,80.74,149,0,1337
1398991,1,1,9,1.93,26.03067589,119.19291687,55.9,26.03060722,119.19299316,31.48,0.79,0.751,-0.22,-0.0,0.0,-0.001,1.75,-6.24,-82.95,10.891,0.5,0.5,80.74,149,0,1340
1399191,1,1,9,1.93,26.03067589,119.19291687,55.9,26.03060722,119.19299316,31.48,0.791,0.751,-0.22,0.0,-0.0,0.0,1.76,-6.25,-82.94,10.891,0.5,0.5,80.74,149,0,1341
1399397,1,1,9,1.93,26.03067589,119.19291687,55.9,26.03060722,119.19299316,31.48,0.791,0.751,-0.221,0.0,0.0,-0.0,1.78,-6.24,-82.94,10.891,0.5,0.5,84.94,149,0,1341
1399608,1,1,9,1.93,26.03066063,119.19291687,55.9,26.03060722,119.19299316,31.48,0.791,0.751,-0.221,-0.0,-0.0,0.0,1.76,-6.23,-82.91,10.891,0.5,0.5,84.94,149,0,1343
1399816,1,1,9,1.93,26.03066063,119.19291687,56.2,26.03060722,119.19299316,31.48,0.79,0.752,-0.219,0.0,0.0,0.0,1.76,-6.23,-82.93,9.756,0.5,0.5,84.94,150,0,1346
1400032,1,1,9,1.93,26.03066063,119.19291687,56.2,26.03060722,119.19299316,31.48,0.79,0.751,-0.22,-0.0,-0.0,-0.0,1.76,-6.25,-82.91,9.756,0.5,0.5,84.94,150,0,1350
1400236,1,1,9,1.93,26.03066063,119.19291687,56.2,26.03060722,119.19299316,31.48,0.791,0.751,-0.22,0.0,0.0,0.0,1.75,-6.26,-82.92,9.756,0.5,0.5,84.94,150,0,1350
1400441,1,1,9,1.93,26.03066063,119.19291687,56.2,26.03060722,119.19299316,31.48,0.791,0.751,-0.221,0.0,0.0,0.0,1.77,-6.25,-82.93,9.756,0.5,0.5,86.65,150,0,1350
1400648,1,1,9,1.04,26.03065109,119.19291687,56.3,26.03060722,119.19299316,31.48,0.782,0.757,-0.217,-0.0,-0.0,0.0,1.77,-6.26,-82.94,9.137,0.5,0.5,86.65,151,0,1353
1400852,1,1,9,1.04,26.03065109,119.19291687,56.3,26.03060722,119.19299316,31.48,0.787,0.753,-0.219,-0.0,0.0,-0.0,1.77,-6.26,-82.94,9.137,0.5,0.5,86.65,151,0,1356
1401061,1,1,9,1.04,26.03065109,119.19291687,56.3,26.03060722,119.19299316,31.48,0.789,0.752,-0.22,-0.0,0.0,0.0,1.77,-6.25,-82.94,9.137,0.5,0.5,86.65,151,0,1359
1401267,1,1,9,1.04,26.03065109,119.19291687,56.3,26.03060722,119.19299316,31.48,0.79,0.751,-0.22,0.0,-0.0,-0.0,1.78,-6.27,-82.94,9.137,0.5,0.5,86.65,151,0,1359
1401472,1,1,9,1.04,26.03065109,119.19291687,56.3,26.03060722,119.19299316,31.48,0.791,0.751,-0.221,-0.0,0.0,-0.0,1.78,-6.26,-82.92,9.137,0.5,0.5,80.92,151,0,1359
1401707,1,1,9,1.04,26.03063965,119.19293976,56.5,26.03060722,119.19299316,31.48,0.787,0.754,-0.218,-0.0,0.0,0.0,1.77,-6.25,-82.92,6.525,0.5,0.5,80.92,152,0,1363
1401915,1,1,9,1.04,26.03063965,119.19293976,56.5,26.03060722,119.19299316,31.48,0.789,0.752,-0.22,0.0,-0.0,0.0,1.77,-6.27,-82.94,6.525,0.5,0.5,80.92,152,0,1366
1402121,1,1,9,1.04,26.03063965,119.19293976,56.5,26.03060722,119.19299316,31.48,0.79,0.751,-0.22,0.0,-0.0,0.0,1.79,-6.26,-82.94,6.525,0.5,0.5,80.92,152,0,1368
1402326,1,1,9,1.04,26.03063965,119.19293976,56.5,26.03060722,119.19299316,31.48,0.791,0.751,-0.221,-0.0,0.0,0.0,1.79,-6.25,-82.94,6.525,0.5,0.5,82.85,152,0,1368
1402541,1,1,9,1.04,26.03063202,119.19293976,56.5,26.03060722,119.19299316,31.48,0.791,0.751,-0.221,-0.0,-0.0,-0.0,1.78,-6.25,-82.94,6.525,0.5,0.5,82.85,152,0,1369
1402743,1,1,9,0.88,26.03063202,119.19293976,56.6,26.03060722,119.19299316,31.48,0.785,0.754,-0.218,0.0,-0.0,-0.0,1.78,-6.25,-82.94,6.083,0.5,0.5,82.85,153,0,1372
1402950,1,1,9,0.88,26.03063202,119.19293976,56.6,26.03060722,119.19299316,31.48,0.789,0.752,-0.22,-0.0,-0.0,0.001,1.78,-6.25,-82.94,6.083,0.5,0.5,82.85,153,0,1375
1403161,1,1,9,0.88,26.03063202,119.19293976,56.6,26.03060722,119.19299316,31.48,0.79,0.751,-0.22,-0.0,-0.0,-0.0,1.8,-6.26,-82.95,6.083,0.5,0.5,82.85,153,0,1377
1403367,1,1,9,0.88,26.03063202,119.19293976,56.6,26.03060722,119.19299316,31.48,0.791,0.751,-0.221,-0.0,0.0,0.0,1.78,-6.25,-82.97,6.083,0.5,0.5,85.91,153,0,1377
1403577,1,1,9,0.88,26.03061867,119.19295502,56.6,26.03060722,119.19299316,31.48,0.791,0.751,-0.221,-0.0,0.0,0.0,1.78,-6.26,-82.97,6.083,0.5,0.5,85.91,153,0,1379
1403814,1,1,9,0.88,26.03061867,119.19295502,56.9,26.03060722,119.19299316,31.48,0.788,0.752,-0.219,-0.0,-0.0,0.0,1.79,-6.27,-82.99,4.081,0.5,0.5,85.91,154,0,1382
1404019,1,1,9,0.88,26.03061867,119.19295502,56.9,26.03060722,119.19299316,31.48,0.79,0.751,-0.22,-0.0,0.0,0.0,1.77,-6.26,-82.99,4.081,0.5,0.5,85.91,154,0,1386
1404225,1,1,9,0.88,26.03061867,119.19295502,56.9,26.03060722,119.19299316,31.48,0.79,0.751,-0.22,0.0,0.0,0.0,1.77,-6.26,-83.01,4.081,0.5,0.5,85.91,154,0,1386
1404425,1,1,9,0.88,26.03061867,119.19295502,56.9,26.03060722,119.19299316,31.48,0.791,0.751,-0.221,-0.0,0.0,0.0,1.78,-6.26,-82.99,4.081,0.5,0.5,80.84,154,0,1386
1404643,1,1,9,0.88,26.03061485,119.19293976,57.2,26.03060722,119.19299316,31.48,0.782,0.752,-0.217,-0.0,0.0,0.0,1.76,-6.25,-82.97,5.453,0.5,0.5,80.84,155,0,1389
1404858,1,1,9,0.88,26.03061485,119.19293976,57.2,26.03060722,119.19299316,31.48,0.787,0.751,-0.219,0.0,0.0,-0.0,1.76,-6.24,-82.96,5.453,0.5,0.5,80.84,155,0,1392
1405067,1,1,9,0.88,26.03061485,119.19293976,57.2,26.03060722,119.19299316,31.48,0.79,0.751,-0.22,0.0,-0.0,0.0,1.78,-6.24,-82.96,5.453,0.5,0.5,80.84,155,0,1395
1405271,1,1,9,0.88,26.03061485,119.19293976,57.2,26.03060722,119.19299316,31.48,0.79,0.751,-0.22,-0.0,-0.0,0.001,1.78,-6.23,-82.98,5.453,0.5,0.5,80.84,155,0,1395
1405472,1,1,9,0.88,26.03061485,119.19293976,57.2,26.03060722,119.19299316,31.48,0.791,0.751,-0.221,0.0,-0.0,-0.0,1.78,-6.24,-82.97,5.453,0.5,0.5,86.0,155,0,1395
1405707,1,1,9,0.88,26.03060722,119.19293976,57.5,26.03060722,119.19299316,31.48,0.785,0.751,-0.218,-0.0,-0.0,-0.0,1.77,-6.25,-82.97,5.371,0.5,0.5,86.0,156,0,1399
1405909,1,1,9,0.88,26.03060722,119.19293976,57.5,26.03060722,119.19299316,31.48,0.789,0.751,-0.22,0.0,0.0,0.0,1.77,-6.24,-82.97,5.371,0.5,0.5,86.0,156,0,1402
1406116,1,1,9,0.88,26.03060722,119.19293976,57.5,26.03060722,119.19299316,31.48,0.79,0.751,-0.22,-0.0,0.0,0.0,1.79,-6.25,-82.98,5.371,0.5,0.5,86.0,156,0,1404
1406322,1,1,9,0.88,26.03060722,119.19293976,57.5,26.03060722,119.19299316,31.48,0.791,0.751,-0.221,-0.0,-0.0,0.0,1.79,-6.25,-82.97,5.371,0.5,0.5,86.0,156,0,1404
1406528,1,1,9,0.88,26.03059959,119.19295502,57.5,26.03060722,119.19299316,31.48,0.791,0.751,-0.221,-0.0,-0.0,0.0,1.78,-6.25,-82.95,5.371,0.5,0.5,80.68,156,0,1405
1406738,1,1,9,0.88,26.03059959,119.19295502,58.1,26.03060722,119.19299316,31.48,0.787,0.75,-0.218,0.0,0.0,0.0,1.77,-6.26,-82.96,3.916,0.5,0.5,80.68,157,0,1408
1406954,1,1,9,0.88,26.03059959,119.19295502,58.1,26.03060722,119.19299316,31.48,0.789,0.75,-0.22,0.0,-0.0,0.0,1.77,-6.26,-82.95,3.916,0.5,0.5,80.68,157,0,1411
1407154,1,1,9,0.88,26.03059959,119.19295502,58.1,26.03060722,119.19299316,31.48,0.79,0.751,-0.22,0.0,-0.0,-0.0,1.77,-6.28,-82.96,3.916,0.5,0.5,80.68,157,0,1413
1407356,1,1,9,0.88,26.03059959,119.19295502,58.1,26.03060722,119.19299316,31.48,0.791,0.751,-0.22,-0.0,-0.0,0.0,1.77,-6.27,-82.97,3.916,0.5,0.5,84.07,157,0,1413
1407573,1,1,9,0.88,26.03059578,119.19295502,58.1,26.03060722,119.19299316,31.48,0.791,0.751,-0.221,0.0,0.0,0.0,1.77,-6.27,-82.96,3.916,0.5,0.5,84.07,157,0,1415
1407809,1,1,9,0.88,26.03059578,119.19295502,58.4,26.03060722,119.19299316,31.48,0.788,0.75,-0.219,0.0,0.0,0.0,1.78,-6.27,-82.97,4.019,0.5,0.5,84.07,158,0,1418
1408009,1,1,9,0.88,26.03059578,119.19295502,58.4,26.03060722,119.19299316,31.48,0.79,0.75,-0.22,0.0,0.0,0.0,1.8,-6.27,-82.99,4.019,0.5,0.5,84.07,158,0,1421
1408216,1,1,9,0.88,26.03059578,119.19295502,58.4,26.03060722,119.19299316,31.48,0.79,0.751,-0.22,0.0,-0.0,0.001,1.8,-6.26,-82.99,4.019,0.5,0.5,84.07,158,0,1422
1408422,1,1,9,0.88,26.03059578,119.19295502,58.4,26.03060722,119.19299316,31.48,0.791,0.751,-0.221,-0.0,0.0,0.0,1.79,-6.27,-82.99,4.019,0.5,0.5,85.74,158,0,1422
1408627,1,1,9,0.88,26.03059578,119.19295502,58.4,26.03060722,119.19299316,31.48,0.791,0.751,-0.221,0.0,0.0,-0.0,1.8,-6.27,-82.99,4.019,0.5,0.5,85.74,158,0,1424
1408838,1,1,9,0.88,26.03059578,119.19295502,58.7,26.03060722,119.19299316,31.48,0.788,0.75,-0.219,-0.0,-0.0,0.0,1.78,-6.27,-82.99,4.019,0.5,0.5,85.74,159,0,1428
1409044,1,1,9,0.88,26.03059578,119.19295502,58.7,26.03060722,119.19299316,31.48,0.79,0.75,-0.22,0.0,0.0,-0.0,1.79,-6.26,-82.97,4.019,0.5,0.5,85.74,159,0,1431
1409246,1,1,9,0.88,26.03059578,119.19295502,58.7,26.03060722,119.19299316,31.48,0.79,0.751,-0.22,0.0,-0.0,0.0,1.79,-6.27,-82.97,4.019,0.5,0.5,85.74,159,0,1431
1409457,1,1,9,0.88,26.03059578,119.19295502,58.7,26.03060722,119.19299316,31.48,0.791,0.751,-0.221,-0.0,-0.0,0.0,1.79,-6.27,-82.98,4.019,0.5,0.5,80.92,159,0,1431
1409667,1,1,9,0.88,26.03059578,119.19295502,59.0,26.03060722,119.19299316,31.48,0.785,0.749,-0.216,0.0,-0.0,-0.0,1.79,-6.27,-82.99,4.019,0.5,0.5,80.92,160,0,1434
1409868,1,1,9,0.88,26.03059578,119.19295502,59.0,26.03060722,119.19299316,31.48,0.788,0.75,-0.219,0.0,0.0,0.001,1.78,-6.29,-82.97,4.019,0.5,0.5,80.92,160,0,1437
1410072,1,1,9,0.88,26.03059578,119.19295502,59.0,26.03060722,119.19299316,31.48,0.79,0.75,-0.22,-0.0,0.0,0.0,1.78,-6.26,-82.97,4.019,0.5,0.5,80.92,160,0,1440
1410281,1,1,9,0.88,26.03059578,119.19295502,59.0,26.03060722,119.19299316,31.48,0.79,0.751,-0.22,-0.0,0.0,-0.0,1.77,-6.25,-82.95,4.019,0.5,0.5,80.92,160,0,1440
1410489,1,1,9,0.88,26.03059578,119.19295502,59.0,26.03060722,119.19299316,31.48,0.791,0.751,-0.221,0.0,0.0,0.0,1.78,-6.26,-82.96,4.019,0.5,0.5,80.98,160,0,1440
1410697,1,1,9,1.04,26.03058624,119.19298553,59.4,26.03060722,119.19299316,31.48,0.79,0.749,-0.218,0.0,0.0,0.0,1.78,-6.25,-82.97,2.373,0.5,0.5,80.98,161,0,1444
1410905,1,1,9,1.04,26.03058624,119.19298553,59.4,26.03060722,119.19299316,31.48,0.791,0.75,-0.22,-0.0,0.0,0.001,1.78,-6.25,-82.99,2.373,0.5,0.5,80.98,161,0,1447
1411108,1,1,9,1.04,26.03058624,119.19298553,59.4,26.03060722,119.19299316,31.48,0.791,0.75,-0.22,0.0,-0.0,0.0,1.77,-6.25,-83.0,2.373,0.5,0.5,80.98,161,0,1449
1411311,1,1,9,1.04,26.03058624,119.19298553,59.4,26.03060722,119.19299316,31.48,0.791,0.751,-0.22,0.0,0.0,0.0,1.77,-6.23,-83.0,2.373,0.5,0.5,80.98,161,0,1449
1411517,1,1,9,1.04,26.03059006,119.19298553,59.4,26.03060722,119.19299316,31.48,0.791,0.751,-0.221,0.0,-0.0,-0.0,1.76,-6.25,-83.01,2.373,0.5,0.5,84.96,161,0,1450
1411725,1,1,9,0.88,26.03059006,119.19298553,59.8,26.03060722,119.19299316,31.48,0.79,0.749,-0.218,0.0,-0.0,-0.0,1.74,-6.24,-83.0,1.977,0.5,0.5,84.96,162,0,1453
1411935,1,1,9,0.88,26.03059006,119.19298553,59.8,26.03060722,119.19299316,31.48,0.791,0.75,-0.22,0.0,0.0,0.001,1.75,-6.22,-82.99,1.977,0.5,0.5,84.96,162,0,1456
1412141,1,1,9,0.88,26.03059006,119.19298553,59.8,26.03060722,119.19299316,31.48,0.791,0.75,-0.22,-0.0,-0.0,0.0,1.78,-6.22,-82.99,1.977,0.5,0.5,84.96,162,0,1458
1412348,1,1,9,0.88,26.03059006,119.19298553,59.8,26.03060722,119.19299316,31.48,0.791,0.751,-0.22,-0.0,0.0,0.0,1.77,-6.23,-83.01,1.977,0.5,0.5,84.96,162,0,1458
1412562,1,1,9,0.88,26.03059578,119.19298553,59.8,26.03060722,119.19299316,31.48,0.791,0.751,-0.221,-0.0,0.0,0.001,1.76,-6.23,-83.0,1.977,0.5,0.5,86.57,162,0,1460
1412773,1,1,8,0.98,26.03059578,119.19298553,59.8,26.03060722,119.19299316,31.48,0.79,0.75,-0.218,-0.0,-0.0,0.0,1.76,-6.24,-82.99,1.417,0.5,0.5,86.57,163,0,1463
1412980,1,1,8,0.98,26.03059578,119.19298553,59.8,26.03060722,119.19299316,31.48,0.791,0.75,-0.22,-0.0,0.0,0.0,1.76,-6.24,-82.99,1.417,0.5,0.5,86.57,163,0,1466
1413182,1,1,8,0.98,26.03059578,119.19298553,59.8,26.03060722,119.19299316,31.48,0.791,0.751,-0.22,0.0,-0.0,-0.0,1.77,-6.25,-82.99,1.417,0.5,0.5,86.57,163,0,1467
1413382,1,1,8,0.98,26.03059578,119.19298553,59.8,26.03060722,119.19299316,31.48,0.791,0.751,-0.22,-0.0,-0.0,0.001,1.76,-6.24,-82.99,1.417,0.5,0.5,86.57,163,0,1467
1413585,1,1,8,0.98,26.03059578,119.19298553,59.8,26.03060722,119.19299316,31.48,0.791,0.751,-0.221,0.0,0.0,0.0,1.77,-6.23,-82.97,1.417,0.5,0.5,80.92,163,0,1469
1413812,1,1,8,0.98,26.03059578,119.19298553,60.0,26.03060722,119.19299316,31.48,0.79,0.75,-0.219,0.0,0.0,-0.0,1.77,-6.24,-82.97,1.417,0.5,0.5,80.92,164,0,1472
1414012,1,1,8,0.98,26.03059578,119.19298553,60.0,26.03060722,119.19299316,31.48,0.791,0.751,-0.22,0.0,-0.0,-0.0,1.78,-6.26,-82.97,1.417,0.5,0.5,80.92,164,0,1476
1414216,1,1,8,0.98,26.03059578,119.19298553,60.0,26.03060722,119.19299316,31.48,0.791,0.751,-0.22,0.0,0.0,0.0,1.78,-6.25,-83.01,1.417,0.5,0.5,80.92,164,0,1476
1414426,1,1,8,0.98,26.03059578,119.19298553,60.0,26.03060722,119.19299316,31.48,0.791,0.751,-0.221,-0.0,0.0,0.0,1.78,-6.26,-82.99,1.417,0.5,0.5,84.08,164,0,1476
1414641,1,1,8,0.98,26.03059578,119.19298553,60.2,26.03060722,119.19299316,31.48,0.79,0.749,-0.216,0.0,0.0,0.0,1.78,-6.25,-83.0,1.417,0.5,0.5,84.08,165,0,1479
1414844,1,1,8,0.98,26.03059578,119.19298553,60.2,26.03060722,119.19299316,31.48,0.79,0.75,-0.219,-0.0,0.0,-0.0,1.79,-6.25,-82.99,1.417,0.5,0.5,84.08,165,0,1482
1415051,1,1,8,0.98,26.03059578,119.19298553,60.2,26.03060722,119.19299316,31.48,0.791,0.751,-0.22,-0.0,-0.0,0.0,1.79,-6.23,-82.98,1.417,0.5,0.5,84.08,165,0,1485
1415256,1,1,8,0.98,26.03059578,119.19298553,60.2,26.03060722,119.19299316,31.48,0.791,0.751,-0.22,-0.0,-0.0,0.0,1.77,-6.23,-82.96,1.417,0.5,0.5,84.08,165,0,1485
1415462,1,1,8,0.98,26.03059578,119.19298553,60.2,26.03060722,119.19299316,31.48,0.791,0.751,-0.221,-0.0,0.0,0.0,1.76,-6.24,-82.96,1.417,0.5,0.5,82.05,165,0,1485
1415662,1,1,8,0.98,26.03059959,119.19298553,60.5,26.03060722,119.19299316,31.48,0.79,0.75,-0.218,-0.0,0.0,0.0,1.75,-6.22,-82.96,1.09,0.396,0.396,82.05,166,0,1488
1415864,1,1,8,0.98,26.03059959,119.19298553,60.5,26.03060722,119.19299316,31.48,0.79,0.75,-0.219,0.0,-0.0,0.0,1.76,-6.23,-82.97,1.09,0.5,0.5,82.05,166,0,1491
1416064,1,1,8,0.98,26.03059959,119.19298553,60.5,26.03060722,119.19299316,31.48,0.791,0.751,-0.22,0.0,0.0,0.0,1.78,-6.24,-82.95,1.09,0.5,0.5,82.05,166,0,1494
1416266,1,1,8,0.98,26.03059959,119.19298553,60.5,26.03060722,119.19299316,31.48,0.791,0.751,-0.22,-0.0,-0.0,0.0,1.75,-6.24,-82.92,1.09,0.5,0.5,82.05,166,0,1494
1416476,1,1,8,0.98,26.03059959,119.19298553,60.5,26.03060722,119.19299316,31.48,0.791,0.751,-0.221,-0.0,0.0,-0.0,1.74,-6.24,-82.91,1.09,0.5,0.5,83.92,166,0,1494
1416681,1,1,8,0.98,26.03059959,119.19298553,60.8,26.03060722,119.19299316,31.48,0.79,0.75,-0.216,-0.0,0.0,0.001,1.75,-6.23,-82.9,1.09,0.5,0.5,83.92,167,0,1497
1416883,1,1,8,0.98,26.03059959,119.19298553,60.8,26.03060722,119.19299316,31.48,0.79,0.75,-0.219,0.0,-0.0,0.0,1.76,-6.25,-82.92,1.09,0.5,0.5,83.92,167,0,1500
1417083,1,1,8,0.98,26.03059959,119.19298553,60.8,26.03060722,119.19299316,31.48,0.791,0.751,-0.22,-0.0,-0.0,0.0,1.76,-6.24,-82.92,1.09,0.5,0.5,83.92,167,0,1503
1417286,1,1,8,0.98,26.03059959,119.19298553,60.8,26.03060722,119.19299316,31.48,0.791,0.751,-0.22,-0.0,0.0,0.0,1.75,-6.24,-82.9,1.09,0.5,0.5,83.92,167,0,1503
1417489,1,1,8,0.98,26.03059959,119.19298553,60.8,26.03060722,119.19299316,31.48,0.791,0.751,-0.221,0.0,-0.0,0.0,1.75,-6.24,-82.89,1.09,0.5,0.5,78.97,167,0,1503
1417698,1,1,8,1.25,26.03059578,119.19298553,60.8,26.03060722,119.19299316,31.48,0.79,0.75,-0.218,0.0,0.0,-0.0,1.77,-6.24,-82.89,1.417,0.5,0.5,78.97,168,0,1507
1417899,1,1,8,1.25,26.03059578,119.19298553,60.8,26.03060722,119.19299316,31.48,0.791,0.751,-0.22,-0.0,0.0,-0.0,1.76,-6.24,-82.87,1.417,0.5,0.5,78.97,168,0,1510
1418101,1,1,8,1.25,26.03059578,119.19298553,60.8,26.03060722,119.19299316,31.48,0.791,0.751,-0.22,-0.0,0.0,0.0,1.75,-6.24,-82.88,1.417,0.5,0.5,78.97,168,0,1512
1418307,1,1,8,1.25,26.03059578,119.19298553,60.8,26.03060722,119.19299316,31.48,0.791,0.751,-0.22,0.0,0.0,0.0,1.75,-6.23,-82.89,1.417,0.5,0.5,78.97,168,0,1512
1418510,1,1,8,1.25,26.03059578,119.19298553,60.8,26.03060722,119.19299316,31.48,0.791,0.751,-0.221,-0.0,-0.0,0.0,1.76,-6.23,-82.89,1.417,0.5,0.5,84.14,168,0,1512
1418714,1,1,9,0.98,26.03059959,119.19298553,60.7,26.03060722,119.19299316,31.48,0.79,0.75,-0.218,0.0,0.0,0.0,1.77,-6.23,-82.9,1.09,0.5,0.5,84.14,169,0,1516
1418915,1,1,9,0.98,26.03059959,119.19298553,60.7,26.03060722,119.19299316,31.48,0.791,0.751,-0.22,0.0,0.0,0.0,1.78,-6.22,-82.9,1.09,0.5,0.5,84.14,169,0,1519
1419125,1,1,9,0.98,26.03059959,119.19298553,60.7,26.03060722,119.19299316,31.48,0.791,0.751,-0.22,-0.0,0.0,-0.0,1.78,-6.23,-82.92,1.09,0.5,0.5,84.14,169,0,1521
1419331,1,1,9,0.98,26.03059959,119.19298553,60.7,26.03060722,119.19299316,31.48,0.791,0.751,-0.22,0.0,-0.0,0.0,1.79,-6.25,-82.93,1.09,0.5,0.5,84.14,169,0,1521
1419538,1,1,9,0.98,26.03059959,119.19298553,60.7,26.03060722,119.19299316,31.48,0.791,0.751,-0.221,-0.0,-0.0,0.0,1.76,-6.25,-82.95,1.09,0.5,0.5,80.74,169,0,1522
1419749,1,1,9,0.98,26.03059959,119.19298553,60.7,26.03060722,119.19299316,31.48,0.79,0.75,-0.218,-0.0,0.0,0.0,1.75,-6.25,-82.94,1.09,0.5,0.5,80.74,170,0,1525
1419963,1,1,9,0.98,26.03059959,119.19298553,60.7,26.03060722,119.19299316,31.48,0.791,0.751,-0.22,-0.0,-0.0,0.0,1.74,-6.24,-82.94,1.09,0.5,0.5,80.74,170,0,1529
1420164,1,1,9,0.98,26.03059959,119.19298553,60.7,26.03060722,119.19299316,31.48,0.791,0.751,-0.22,-0.0,-0.0,0.0,1.74,-6.25,-82.93,1.09,0.5,0.5,80.74,170,0,1530
1420371,1,1,9,0.98,26.03059959,119.19298553,60.7,26.03060722,119.19299316,31.48,0.791,0.751,-0.22,0.0,0.0,0.0,1.76,-6.24,-82.96,1.09,0.5,0.5,80.74,170,0,1530
1420581,1,1,9,0.98,26.03059578,119.19298553,60.7,26.03060722,119.19299316,31.48,0.791,0.751,-0.221,0.0,-0.0,-0.0,1.77,-6.24,-82.94,1.09,0.5,0.5,84.3,170,0,1532
1420800,1,1,9,0.88,26.03059578,119.19298553,61.0,26.03060722,119.19299316,31.48,0.79,0.75,-0.219,-0.0,-0.0,0.001,1.77,-6.25,-82.92,1.417,0.5,0.5,84.3,171,0,1535
1421017,1,1,9,0.88,26.03059578,119.19298553,61.0,26.03060722,119.19299316,31.48,0.791,0.75,-0.22,0.0,0.0,0.001,1.77,-6.25,-82.92,1.417,0.5,0.5,84.3,171,0,1539
1421220,1,1,9,0.88,26.03059578,119.19298553,61.0,26.03060722,119.19299316,31.48,0.791,0.751,-0.22,0.0,0.0,-0.0,1.78,-6.27,-82.93,1.417,0.5,0.5,84.3,171,0,1539
1421425,1,1,9,0.88,26.03059578,119.19298553,61.0,26.03060722,119.19299316,31.48,0.791,0.751,-0.221,0.0,-0.0,-0.0,1.79,-6.27,-82.95,1.417,0.5,0.5,84.3,171,0,1539
1421635,1,1,9,0.88,26.03059959,119.19298553,60.9,26.03060722,119.19299316,31.48,0.79,0.75,-0.216,0.0,0.0,0.0,1.79,-6.25,-82.94,1.09,0.5,0.5,83.75,172,0,1542
1421845,1,1,9,0.88,26.03059959,119.19298553,60.9,26.03060722,119.19299316,31.48,0.79,0.75,-0.219,0.0,-0.0,0.0,1.8,-6.26,-82.94,1.09,0.5,0.5,83.75,172,0,1545
1422064,1,1,9,0.88,26.03059959,119.19298553,60.9,26.03060722,119.19299316,31.48,0.791,0.751,-0.22,-0.0,0.0,0.0,1.79,-6.25,-82.94,1.09,0.5,0.5,83.75,172,0,1548
1422266,1,1,9,0.88,26.03059959,119.19298553,60.9,26.03060722,119.19299316,31.48,0.791,0.751,-0.22,-0.0,-0.0,0.0,1.79,-6.24,-82.95,1.09,0.5,0.5,83.75,172,0,1548
1422472,1,1,9,0.88,26.03059959,119.19298553,60.9,26.03060722,119.19299316,31.48,0.791,0.751,-0.221,0.0,0.0,0.0,1.8,-6.23,-82.96,1.09,0.5,0.5,83.75,172,0,1548
1422701,1,1,9,0.88,26.03059959,119.19298553,60.9,26.03060722,119.19299316,31.48,0.79,0.75,-0.218,0.0,-0.0,-0.0,1.78,-6.23,-82.99,1.09,0.5,0.5,79.84,173,0,1552
1422904,1,1,9,0.88,26.03059959,119.19298553,60.9,26.03060722,119.19299316,31.48,0.791,0.75,-0.22,0.0,-0.0,-0.0,1.78,-6.25,-82.98,1.09,0.5,0.5,79.84,173,0,1555
1423108,1,1,9,0.88,26.03059959,119.19298553,60.9,26.03060722,119.19299316,31.48,0.791,0.751,-0.22,-0.0,-0.0,-0.0,1.77,-6.23,-82.97,1.09,0.5,0.5,79.84,173,0,1557
1423310,1,1,9,0.88,26.03059959,119.19298553,60.9,26.03060722,119.19299316,31.48,0.791,0.751,-0.22,-0.0,-0.001,0.001,1.77,-6.25,-82.98,1.09,0.5,0.5,79.84,173,0,1557
1423510,1,1,9,0.88,26.03059959,119.19298553,60.9,26.03060722,119.19299316,31.48,0.791,0.751,-0.221,0.0,0.0,0.0,1.73,-6.29,-82.95,1.09,0.5,0.5,79.84,173,0,1557
1423714,1,1,9,0.88,26.03059959,119.19298553,60.9,26.03060722,119.19299316,31.48,0.79,0.75,-0.218,-0.0,0.0,0.0,1.75,-6.26,-82.96,1.09,0.5,0.5,84.92,174,0,1561
1423919,1,1,9,0.88,26.03059959,119.19298553,60.9,26.03060722,119.19299316,31.48,0.791,0.75,-0.22,0.0,0.0,0.0,1.75,-6.24,-82.99,1.09,0.5,0.5,84.92,174,0,1564
1424129,1,1,9,0.88,26.03059959,119.19298553,60.9,26.03060722,119.19299316,31.48,0.791,0.751,-0.22,-0.0,0.0,0.0,1.76,-6.22,-82.99,1.09,0.5,0.5,84.92,174,0,1566
1424337,1,1,9,0.88,26.03059959,119.19298553,60.9,26.03060722,119.19299316,31.48,0.791,0.751,-0.22,0.0,-0.0,0.001,1.77,-6.24,-82.98,1.09,0.5,0.5,84.92,174,0,1566
1424552,1,1,9,0.88,26.03059959,119.19298553,60.9,26.03060722,119.19299316,31.48,0.791,0.751,-0.221,0.0,-0.0,0.0,1.76,-6.22,-82.97,1.09,0.5,0.5,84.92,174,0,1567
1424754,1,1,9,0.88,26.03059959,119.19298553,60.6,26.03060722,119.19299316,31.48,0.79,0.75,-0.218,0.0,0.0,-0.0,1.77,-6.24,-82.98,1.09,0.5,0.5,81.35,175,0,1570
1424967,1,1,9,0.88,26.03059959,119.19298553,60.6,26.03060722,119.19299316,31.48,0.791,0.75,-0.22,0.0,-0.0,-0.0,1.77,-6.24,-82.98,1.09,0.5,0.5,81.35,175,0,1574
1425167,1,1,9,0.88,26.03059959,119.19298553,60.6,26.03060722,119.19299316,31.48,0.791,0.751,-0.22,0.0,0.0,-0.0,1.78,-6.23,-82.98,1.09,0.5,0.5,81.35,175,0,1575
1425378,1,1,9,0.88,26.03059959,119.19298553,60.6,26.03060722,119.19299316,31.48,0.791,0.751,-0.22,0.0,-0.0,0.0,1.79,-6.24,-82.96,1.09,0.5,0.5,81.35,175,0,1575
1425590,1,1,9,0.88,26.03059959,119.19298553,60.6,26.03060722,119.19299316,31.48,0.791,0.751,-0.221,-0.0,0.0,0.0,1.79,-6.23,-82.96,1.09,0.5,0.5,82.5,175,0,1577
1425802,1,1,9,0.88,26.03059959,119.19298553,60.5,26.03060722,119.19299316,31.48,0.79,0.75,-0.219,0.0,-0.0,-0.0,1.79,-6.22,-82.97,1.09,0.5,0.5,82.5,176,0,1580
1426010,1,1,9,0.88,26.03059959,119.19298553,60.5,26.03060722,119.19299316,31.48,0.791,0.751,-0.22,0.0,0.0,0.001,1.8,-6.24,-82.98,1.09,0.5,0.5,82.5,176,0,1583
1426216,1,1,9,0.88,26.03059959,119.19298553,60.5,26.03060722,119.19299316,31.48,0.791,0.751,-0.22,0.0,-0.0,0.0,1.8,-6.24,-82.98,1.09,0.5,0.5,82.5,176,0,1584
1426427,1,1,9,0.88,26.03059959,119.19298553,60.5,26.03060722,119.19299316,31.48,0.791,0.751,-0.221,0.0,-0.0,-0.0,1.8,-6.23,-82.97,1.09,0.5,0.5,82.5,176,0,1584
1426636,1,1,9,0.88,26.03060722,119.19298553,60.0,26.03060722,119.19299316,31.48,0.79,0.751,-0.216,-0.0,0.0,0.0,1.77,-6.22,-82.93,0.797,0.5,0.5,85.66,177,0,1587
1426838,1,1,9,0.88,26.03060722,119.19298553,60.0,26.03060722,119.19299316,31.48,0.79,0.751,-0.219,-0.0,0.0,-0.0,1.75,-6.24,-82.92,0.797,0.5,0.5,85.66,177,0,1590
1427043,1,1,9,0.88,26.03060722,119.19298553,60.0,26.03060722,119.19299316,31.48,0.791,0.751,-0.22,0.0,0.0,-0.0,1.77,-6.24,-82.93,0.797,0.5,0.5,85.66,177,0,1593
1427252,1,1,9,0.88,26.03060722,119.19298553,60.0,26.03060722,119.19299316,31.48,0.791,0.751,-0.22,0.0,0.0,-0.0,1.78,-6.24,-82.93,0.797,0.5,0.5,85.66,177,0,1593
1427456,1,1,9,0.88,26.03060722,119.19298553,60.0,26.03060722,119.19299316,31.48,0.791,0.751,-0.221,-0.0,0.0,0.0,1.77,-6.23,-82.92,0.797,0.5,0.5,85.66,177,0,1593
1427657,1,1,9,0.88,26.03060722,119.19298553,59.5,26.03060722,119.19299316,31.48,0.79,0.751,-0.218,0.0,-0.0,0.0,1.78,-6.24,-82.91,0.797,0.396,0.396,79.68,178,0,1596
1427858,1,1,9,0.88,26.03060722,119.19298553,59.5,26.03060722,119.19299316,31.48,0.791,0.751,-0.22,-0.0,0.0,0.0,1.77,-6.24,-82.92,0.797,0.396,0.396,79.68,178,0,1599
1428058,1,1,9,0.88,26.03060722,119.19298553,59.5,26.03060722,119.19299316,31.48,0.791,0.751,-0.22,0.0,0.0,0.0,1.76,-6.23,-82.89,0.797,0.5,0.5,79.68,178,0,1602
1428262,1,1,9,0.88,26.03060722,119.19298553,59.5,26.03060722,119.19299316,31.48,0.791,0.751,-0.22,0.0,-0.0,0.001,1.77,-6.23,-82.89,0.797,0.5,0.5,79.68,178,0,1602
1428463,1,1,9,0.88,26.03060722,119.19298553,59.5,26.03060722,119.19299316,31.48,0.791,0.751,-0.221,0.0,-0.0,-0.0,1.77,-6.23,-82.88,0.797,0.5,0.5,79.68,178,0,1602
1428671,1,1,9,1.04,26.03060722,119.19298553,59.2,26.03060722,119.19299316,31.48,0.79,0.751,-0.216,-0.0,-0.0,0.0,1.77,-6.22,-82.88,0.797,0.5,0.5,83.25,179,0,1605
1428873,1,1,9,1.04,26.03060722,119.19298553,59.2,26.03060722,119.19299316,31.48,0.79,0.751,-0.219,0.0,0.0,0.0,1.78,-6.24,-82.92,0.797,0.5,0.5,83.25,179,0,1608
1429074,1,1,9,1.04,26.03060722,119.19298553,59.2,26.03060722,119.19299316,31.48,0.791,0.751,-0.22,-0.0,0.0,0.0,1.78,-6.25,-82.93,0.797,0.5,0.5,83.25,179,0,1611
1429276,1,1,9,1.04,26.03060722,119.19298553,59.2,26.03060722,119.19299316,31.48,0.791,0.751,-0.22,0.0,0.0,0.0,1.79,-6.23,-82.97,0.797,0.5,0.5,83.25,179,0,1611
1429480,1,1,9,1.04,26.03060722,119.19298553,59.2,26.03060722,119.19299316,31.48,0.791,0.751,-0.221,0.0,-0.0,0.0,1.79,-6.23,-83.02,0.797,0.5,0.5,83.25,179,0,1611
1429687,1,1,9,1.04,26.03061104,119.19298553,58.7,26.03060722,119.19299316,31.48,0.79,0.751,-0.216,0.0,-0.0,0.0,1.8,-6.26,-83.06,0.948,0.5,0.5,81.13,180,0,1614
1429889,1,1,9,1.04,26.03061104,119.19298553,58.7,26.03060722,119.19299316,31.48,0.79,0.751,-0.219,-0.0,0.0,0.0,1.79,-6.27,-83.05,0.948,0.5,0.5,81.13,180,0,1617
1430089,1,1,9,1.04,26.03061104,119.19298553,58.7,26.03060722,119.19299316,31.48,0.791,0.751,-0.22,0.0,0.0,0.0,1.8,-6.25,-83.04,0.948,0.5,0.5,81.13,180,0,1620
1430292,1,1,9,1.04,26.03061104,119.19298553,58.7,26.03060722,119.19299316,31.48,0.791,0.751,-0.22,-0.0,-0.0,0.0,1.79,-6.27,-83.06,0.948,0.5,0.5,81.13,180,0,1620
1430492,1,1,9,1.04,26.03061104,119.19298553,58.7,26.03060722,119.19299316,31.48,0.791,0.751,-0.221,0.0,-0.0,0.0,1.79,-6.29,-83.06,0.948,0.5,0.5,81.13,180,0,1620
1430701,1,1,9,1.04,26.03061485,119.19298553,58.2,26.03060722,119.19299316,31.48,0.79,0.751,-0.218,0.0,-0.0,0.0,1.8,-6.26,-83.07,1.234,0.5,0.5,82.59,181,0,1624
1430905,1,1,9,1.04,26.03061485,119.19298553,58.2,26.03060722,119.19299316,31.48,0.791,0.751,-0.22,-0.0,-0.0,-0.0,1.79,-6.25,-83.04,1.234,0.5,0.5,82.59,181,0,1627
1431110,1,1,9,1.04,26.03061485,119.19298553,58.2,26.03060722,119.19299316,31.48,0.791,0.751,-0.22,-0.0,0.0,-0.0,1.8,-6.24,-83.03,1.234,0.5,0.5,82.59,181,0,1629
1431323,1,1,9,1.04,26.03061485,119.19298553,58.2,26.03060722,119.19299316,31.48,0.791,0.751,-0.221,-0.0,-0.0,-0.0,1.8,-6.22,-83.06,1.234,0.5,0.5,82.59,181,0,1629
1431533,1,1,9,1.04,26.03061485,119.19298553,58.2,26.03060722,119.19299316,31.48,0.791,0.751,-0.221,-0.0,0.0,0.0,1.79,-6.21,-83.05,1.234,0.5,0.5,82.59,181,0,1630
1431740,1,1,9,1.04,26.03061485,119.19298553,57.3,26.03060722,119.19299316,31.48,0.79,0.751,-0.218,-0.0,-0.0,0.0,1.77,-6.22,-83.04,1.234,0.5,0.5,81.0,182,0,1633
1431941,1,1,9,1.04,26.03061485,119.19298553,57.3,26.03060722,119.19299316,31.48,0.791,0.751,-0.22,-0.0,0.0,-0.0,1.8,-6.23,-83.01,1.234,0.5,0.5,81.0,182,0,1636
1432143,1,1,9,1.04,26.03061485,119.19298553,57.3,26.03060722,119.19299316,31.48,0.791,0.751,-0.22,-0.0,-0.0,0.0,1.79,-6.24,-83.0,1.234,0.5,0.5,81.0,182,0,1638
1432346,1,1,9,1.04,26.03061485,119.19298553,57.3,26.03060722,119.19299316,31.48,0.791,0.751,-0.221,-0.0,-0.0,0.0,1.78,-6.23,-82.99,1.234,0.5,0.5,81.0,182,0,1638
1432556,1,1,9,1.04,26.03061485,119.19298553,57.3,26.03060722,119.19299316,31.48,0.791,0.751,-0.221,-0.0,-0.0,0.0,1.76,-6.24,-82.97,1.234,0.5,0.5,81.0,182,0,1640
1432759,1,1,9,1.04,26.03061485,119.19298553,56.9,26.03060722,119.19299316,31.48,0.79,0.751,-0.218,0.0,0.0,0.0,1.77,-6.2,-82.99,1.234,0.5,0.5,82.0,183,0,1642
1432967,1,1,9,1.04,26.03061485,119.19298553,56.9,26.03060722,119.19299316,31.48,0.791,0.751,-0.22,-0.0,0.0,0.0,1.76,-6.2,-82.98,1.234,0.5,0.5,82.0,183,0,1646
1433173,1,1,9,1.04,26.03061485,119.19298553,56.9,26.03060722,119.19299316,31.48,0.791,0.751,-0.22,0.0,-0.0,0.0,1.75,-6.21,-83.01,1.234,0.5,0.5,82.0,183,0,1647
1433382,1,1,9,1.04,26.03061485,119.19298553,56.9,26.03060722,119.19299316,31.48,0.791,0.751,-0.221,-0.0,-0.0,-0.0,1.77,-6.23,-83.03,1.234,0.5,0.5,82.0,183,0,1647
1433586,1,1,9,1.04,26.03061485,119.19298553,56.9,26.03060722,119.19299316,31.48,0.791,0.751,-0.221,-0.0,0.0,0.0,1.77,-6.23,-82.99,1.234,0.5,0.5,82.0,183,0,1649
1433800,1,1,9,1.04,26.03061485,119.19298553,56.5,26.03060722,119.19299316,31.48,0.79,0.751,-0.219,-0.0,-0.0,-0.0,1.77,-6.24,-82.97,1.234,0.5,0.5,81.67,184,0,1652
1434006,1,1,9,1.04,26.03061485,119.19298553,56.5,26.03060722,119.19299316,31.48,0.791,0.751,-0.22,0.0,0.0,0.0,1.77,-6.23,-82.97,1.234,0.5,0.5,81.67,184,0,1655
1434210,1,1,9,1.04,26.03061485,119.19298553,56.5,26.03060722,119.19299316,31.48,0.791,0.751,-0.22,0.0,0.0,0.0,1.77,-6.22,-82.98,1.234,0.5,0.5,81.67,184,0,1656
1434411,1,1,9,1.04,26.03061485,119.19298553,56.5,26.03060722,119.19299316,31.48,0.791,0.751,-0.221,0.0,0.0,0.0,1.79,-6.21,-82.96,1.234,0.5,0.5,81.67,184,0,1656
1434623,1,1,9,1.04,26.03061867,119.19298553,56.5,26.03060722,119.19299316,31.48,0.791,0.751,-0.221,-0.0,-0.0,-0.0,1.78,-6.24,-82.95,1.234,0.5,0.5,81.67,184,0,1658
1434832,1,1,9,1.04,26.03061867,119.19298553,55.6,26.03060722,119.19299316,31.48,0.79,0.751,-0.219,-0.0,-0.0,0.0,1.77,-6.22,-82.94,1.584,0.5,0.5,81.35,185,0,1661
1435046,1,1,9,1.04,26.03061867,119.19298553,55.6,26.03060722,119.19299316,31.48,0.791,0.751,-0.22,-0.0,-0.0,-0.0,1.75,-6.25,-82.94,1.584,0.5,0.5,81.35,185,0,1665
1435252,1,1,9,1.04,26.03061867,119.19298553,55.6,26.03060722,119.19299316,31.48,0.791,0.751,-0.22,0.0,0.0,0.001,1.76,-6.25,-82.95,1.584,0.5,0.5,81.35,185,0,1665
1435456,1,1,9,1.04,26.03061867,119.19298553,55.6,26.03060722,119.19299316,31.48,0.791,0.751,-0.221,0.0,0.0,-0.0,1.77,-6.25,-82.96,1.584,0.5,0.5,81.35,185,0,1665
1435692,1,1,9,1.04,26.03061867,119.19298553,54.1,26.03060722,119.19299316,31.48,0.79,0.752,-0.218,0.0,-0.0,0.0,1.77,-6.25,-83.0,1.584,0.5,0.5,82.27,186,0,1669
1435894,1,1,9,1.04,26.03061867,119.19298553,54.1,26.03060722,119.19299316,31.48,0.791,0.751,-0.22,0.0,0.0,0.0,1.78,-6.25,-82.98,1.584,0.5,0.5,82.27,186,0,1671
1436098,1,1,9,1.04,26.03061867,119.19298553,54.1,26.03060722,119.19299316,31.48,0.791,0.751,-0.22,0.0,0.0,0.0,1.78,-6.25,-83.0,1.584,0.5,0.5,82.27,186,0,1674
1436308,1,1,9,1.04,26.03061867,119.19298553,54.1,26.03060722,119.19299316,31.48,0.791,0.751,-0.221,0.0,0.0,0.0,1.79,-6.24,-82.99,1.584,0.5,0.5,82.27,186,0,1674
1436510,1,1,9,1.04,26.03061867,119.19298553,54.1,26.03060722,119.19299316,31.48,0.791,0.751,-0.221,-0.0,-0.0,0.0,1.79,-6.24,-82.96,1.584,0.5,0.5,82.27,186,0,1674
1436710,1,1,9,1.04,26.03061867,119.19298553,52.9,26.03060722,119.19299316,31.48,0.79,0.752,-0.219,0.0,0.0,0.0,1.79,-6.26,-82.96,1.584,0.5,0.5,83.5,187,0,1678
1436915,1,1,9,1.04,26.03061867,119.19298553,52.9,26.03060722,119.19299316,31.48,0.791,0.751,-0.22,0.0,0.0,0.0,1.79,-6.24,-82.98,1.584,0.5,0.5,83.5,187,0,1681
1437125,1,1,9,1.04,26.03061867,119.19298553,52.9,26.03060722,119.19299316,31.48,0.791,0.751,-0.22,-0.0,0.0,-0.0,1.78,-6.21,-82.97,1.584,0.5,0.5,83.5,187,0,1683
1437331,1,1,9,1.04,26.03061867,119.19298553,52.9,26.03060722,119.19299316,31.48,0.791,0.751,-0.221,0.0,-0.0,-0.0,1.78,-6.23,-82.97,1.584,0.5,0.5,83.5,187,0,1683
1437539,1,1,9,1.04,26.0306282,119.19298553,52.9,26.03060722,119.19299316,31.48,0.791,0.751,-0.221,0.0,0.0,0.0,1.78,-6.22,-82.98,1.584,0.5,0.5,83.5,187,0,1684
1437743,1,1,9,1.04,26.0306282,119.19298553,51.6,26.03060722,119.19299316,31.48,0.79,0.753,-0.219,-0.0,-0.0,0.0,1.79,-6.23,-82.98,2.559,0.5,0.5,80.35,188,0,1687
1437950,1,1,9,1.04,26.0306282,119.19298553,51.6,26.03060722,119.19299316,31.48,0.791,0.751,-0.22,-0.0,-0.0,0.0,1.79,-6.22,-82.97,2.559,0.5,0.5,80.35,188,0,1690
1438157,1,1,9,1.04,26.0306282,119.19298553,51.6,26.03060722,119.19299316,31.48,0.791,0.751,-0.22,0.0,-0.0,0.0,1.79,-6.23,-82.97,2.559,0.5,0.5,80.35,188,0,1692
1438361,1,1,9,1.04,26.0306282,119.19298553,51.6,26.03060722,119.19299316,31.48,0.791,0.751,-0.221,0.0,-0.0,-0.0,1.8,-6.25,-82.95,2.559,0.5,0.5,80.35,188,0,1692
1438567,1,1,9,1.04,26.0306282,119.19298553,51.6,26.03060722,119.19299316,31.48,0.791,0.751,-0.221,-0.0,-0.0,0.0,1.78,-6.25,-82.96,2.559,0.5,0.5,80.35,188,0,1694
1438779,1,1,9,1.25,26.0306282,119.19298553,50.7,26.03060722,119.19299316,31.48,0.791,0.752,-0.219,-0.0,-0.0,0.0,1.77,-6.24,-82.97,2.559,0.5,0.5,84.07,189,0,1697
1438984,1,1,9,1.25,26.0306282,119.19298553,50.7,26.03060722,119.19299316,31.48,0.791,0.751,-0.22,-0.0,0.0,-0.0,1.78,-6.23,-82.98,2.559,0.5,0.5,84.07,189,0,1700
1439187,1,1,9,1.25,26.0306282,119.19298553,50.7,26.03060722,119.19299316,31.48,0.791,0.751,-0.22,-0.0,0.0,0.001,1.77,-6.22,-82.99,2.559,0.5,0.5,84.07,189,0,1701
1439398,1,1,9,1.25,26.0306282,119.19298553,50.7,26.03060722,119.19299316,31.48,0.791,0.751,-0.221,-0.0,0.0,0.0,1.75,-6.22,-82.98,2.559,0.5,0.5,84.07,189,0,1701
1439599,1,1,9,1.25,26.0306282,119.19298553,50.7,26.03060722,119.19299316,31.48,0.791,0.751,-0.221,0.0,0.0,-0.0,1.77,-6.23,-82.97,2.559,0.5,0.5,84.07,189,0,1703
1439815,1,1,9,1.04,26.0306282,119.19298553,49.8,26.03060722,119.19299316,31.48,0.79,0.752,-0.22,0.0,-0.0,-0.0,1.78,-6.25,-83.0,2.559,0.5,0.5,86.83,190,0,1706
1440019,1,1,9,1.04,26.0306282,119.19298553,49.8,26.03060722,119.19299316,31.48,0.791,0.751,-0.22,-0.0,0.0,-0.0,1.78,-6.23,-82.97,2.559,0.5,0.5,86.83,190,0,1710
1440220,1,1,9,1.04,26.0306282,119.19298553,49.8,26.03060722,119.19299316,31.48,0.791,0.751,-0.22,-0.0,0.0,0.0,1.78,-6.23,-82.95,2.559,0.5,0.5,86.83,190,0,1710
1440426,1,1,9,1.04,26.0306282,119.19298553,49.8,26.03060722,119.19299316,31.48,0.791,0.751,-0.221,-0.0,-0.0,0.001,1.78,-6.25,-82.93,2.559,0.5,0.5,86.83,190,0,1710
1440642,1,1,9,1.04,26.03063202,119.19298553,48.8,26.03060722,119.19299316,31.48,0.79,0.754,-0.218,0.0,-0.0,0.0,1.78,-6.25,-82.94,2.966,0.5,0.5,86.83,191,0,1713
1440851,1,1,9,1.04,26.03063202,119.19298553,48.8,26.03060722,119.19299316,31.48,0.79,0.752,-0.22,0.0,-0.0,0.0,1.79,-6.26,-82.95,2.966,0.5,0.5,80.36,191,0,1716
1441070,1,1,9,1.04,26.03063202,119.19298553,48.8,26.03060722,119.19299316,31.48,0.791,0.751,-0.22,0.0,-0.0,0.0,1.79,-6.25,-82.96,2.966,0.5,0.5,80.36,191,0,1719
1441278,1,1,9,1.04,26.03063202,119.19298553,48.8,26.03060722,119.19299316,31.48,0.791,0.751,-0.22,-0.0,0.0,0.0,1.76,-6.24,-82.97,2.966,0.5,0.5,80.36,191,0,1719
1441483,1,1,9,1.04,26.03063202,119.19298553,48.8,26.03060722,119.19299316,31.48,0.791,0.751,-0.221,-0.0,-0.0,0.0,1.76,-6.24,-82.94,2.966,0.5,0.5,80.36,191,0,1719
1441697,1,1,9,1.04,26.03063583,119.19298553,47.5,26.03060722,119.19299316,31.48,0.79,0.753,-0.219,0.0,0.0,-0.0,1.77,-6.23,-82.93,3.377,0.5,0.5,80.36,192,0,1723
1441911,1,1,9,1.04,26.03063583,119.19298553,47.5,26.03060722,119.19299316,31.48,0.791,0.752,-0.22,-0.0,-0.0,0.0,1.78,-6.23,-82.92,3.377,0.5,0.5,83.09,192,0,1726
1442116,1,1,9,1.04,26.03063583,119.19298553,47.5,26.03060722,119.19299316,31.48,0.791,0.751,-0.22,0.0,-0.0,0.0,1.78,-6.25,-82.93,3.377,0.5,0.5,83.09,192,0,1728
1442327,1,1,9,1.04,26.03063583,119.19298553,47.5,26.03060722,119.19299316,31.48,0.791,0.751,-0.221,-0.0,-0.0,-0.0,1.78,-6.25,-82.93,3.377,0.5,0.5,83.09,192,0,1728
1442528,1,1,9,1.04,26.03063583,119.19298553,47.5,26.03060722,119.19299316,31.48,0.791,0.751,-0.221,0.0,-0.0,-0.0,1.8,-6.26,-82.94,3.377,0.5,0.5,83.09,192,0,1729
1442740,1,1,9,1.04,26.03063583,119.19298553,46.7,26.03060722,119.19299316,31.48,0.79,0.753,-0.219,0.0,-0.0,0.0,1.81,-6.27,-82.94,3.377,0.5,0.5,83.09,193,0,1732
1442951,1,1,9,1.04,26.03063583,119.19298553,46.7,26.03060722,119.19299316,31.48,0.791,0.752,-0.22,-0.0,0.0,0.001,1.85,-6.23,-82.97,3.377,0.5,0.5,81.37,193,0,1735
1443152,1,1,9,1.04,26.03063583,119.19298553,46.7,26.03060722,119.19299316,31.48,0.791,0.751,-0.22,-0.0,0.0,0.0,1.84,-6.21,-82.96,3.377,0.5,0.5,81.37,193,0,1737
1443356,1,1,9,1.04,26.03063583,119.19298553,46.7,26.03060722,119.19299316,31.48,0.791,0.751,-0.221,-0.0,0.0,-0.0,1.85,-6.22,-82.97,3.377,0.5,0.5,81.37,193,0,1737
1443565,1,1,9,1.04,26.03063965,119.19298553,46.7,26.03060722,119.19299316,31.48,0.791,0.751,-0.221,-0.0,0.0,-0.0,1.84,-6.19,-82.97,3.377,0.5,0.5,81.37,193,0,1739
1443772,1,1,9,1.04,26.03063965,119.19298553,45.9,26.03060722,119.19299316,31.48,0.79,0.754,-0.219,-0.0,0.0,-0.0,1.83,-6.19,-82.98,3.791,0.5,0.5,81.37,194,0,1742
1443979,1,1,9,1.04,26.03063965,119.19298553,45.9,26.03060722,119.19299316,31.48,0.791,0.752,-0.22,0.0,0.0,-0.0,1.83,-6.21,-82.97,3.791,0.5,0.5,80.98,194,0,1745
1444179,1,1,9,1.04,26.03063965,119.19298553,45.9,26.03060722,119.19299316,31.48,0.791,0.751,-0.22,-0.0,-0.0,0.0,1.82,-6.23,-82.97,3.791,0.5,0.5,80.98,194,0,1746
1444388,1,1,9,1.04,26.03063965,119.19298553,45.9,26.03060722,119.19299316,31.48,0.791,0.751,-0.221,-0.0,-0.0,0.0,1.8,-6.21,-82.97,3.791,0.5,0.5,80.98,194,0,1746
1444596,1,1,9,1.04,26.03063965,119.19298553,45.9,26.03060722,119.19299316,31.48,0.791,0.751,-0.221,-0.001,-0.0,0.001,1.79,-6.22,-82.98,3.791,0.5,0.5,80.98,194,0,1748
1444814,1,1,9,1.04,26.03063965,119.19298553,45.1,26.03060722,119.19299316,31.48,0.79,0.752,-0.22,-0.0,-0.0,-0.0,1.78,-6.21,-83.0,3.791,0.5,0.5,80.98,195,0,1751
1445019,1,1,9,1.04,26.03063965,119.19298553,45.1,26.03060722,119.19299316,31.48,0.791,0.751,-0.22,-0.0,-0.0,0.0,1.79,-6.23,-82.96,3.791,0.5,0.5,85.74,195,0,1755
1445226,1,1,9,1.04,26.03063965,119.19298553,45.1,26.03060722,119.19299316,31.48,0.791,0.751,-0.221,-0.0,0.0,-0.001,1.77,-6.24,-82.95,3.791,0.5,0.5,85.74,195,0,1755
1445426,1,1,9,1.04,26.03063965,119.19298553,45.1,26.03060722,119.19299316,31.48,0.791,0.751,-0.221,-0.0,-0.0,-0.0,1.78,-6.25,-82.95,3.791,0.5,0.5,85.74,195,0,1755
1445641,1,1,9,1.04,26.03063965,119.19298553,44.2,26.03060722,119.19299316,31.48,0.79,0.755,-0.219,0.0,-0.0,0.0,1.79,-6.25,-82.95,3.791,0.5,0.5,85.74,196,0,1758
1445845,1,1,9,1.04,26.03063965,119.19298553,44.2,26.03060722,119.19299316,31.48,0.79,0.752,-0.22,0.0,0.0,0.0,1.8,-6.21,-82.96,3.791,0.5,0.5,85.74,196,0,1761
1446050,1,1,9,1.04,26.03063965,119.19298553,44.2,26.03060722,119.19299316,31.48,0.791,0.751,-0.22,0.0,-0.0,0.001,1.81,-6.22,-82.94,3.791,0.5,0.5,80.68,196,0,1764
1446256,1,1,9,1.04,26.03063965,119.19298553,44.2,26.03060722,119.19299316,31.48,0.791,0.751,-0.221,-0.0,-0.0,-0.0,1.78,-6.23,-82.92,3.791,0.5,0.5,80.68,196,0,1764
1446461,1,1,9,1.04,26.03063965,119.19298553,44.2,26.03060722,119.19299316,31.48,0.791,0.751,-0.221,0.0,-0.0,0.0,1.78,-6.24,-82.97,3.791,0.5,0.5,80.68,196,0,1764
1446662,1,1,9,1.04,26.03063965,119.19298553,43.1,26.03060722,119.19299316,31.48,0.79,0.754,-0.22,0.0,0.0,0.0,1.78,-6.24,-82.98,3.791,0.396,0.396,80.68,197,0,1767
1446864,1,1,9,1.04,26.03063965,119.19298553,43.1,26.03060722,119.19299316,31.48,0.79,0.753,-0.22,-0.0,0.0,-0.0,1.79,-6.24,-82.97,3.791,0.5,0.5,84.92,197,0,1770
1447064,1,1,9,1.04,26.03063965,119.19298553,43.1,26.03060722,119.19299316,31.48,0.791,0.751,-0.22,0.0,0.0,0.001,1.79,-6.23,-82.98,3.791,0.5,0.5,84.92,197,0,1773
1447266,1,1,9,1.04,26.03063965,119.19298553,43.1,26.03060722,119.19299316,31.48,0.791,0.751,-0.221,0.0,-0.0,0.0,1.79,-6.23,-83.0,3.791,0.5,0.5,84.92,197,0,1773
1447477,1,1,9,1.04,26.03063965,119.19298553,43.1,26.03060722,119.19299316,31.48,0.791,0.751,-0.221,-0.0,-0.0,0.001,1.79,-6.24,-82.98,3.791,0.5,0.5,84.92,197,0,1773
1447681,1,1,9,1.04,26.03063965,119.19298553,42.2,26.03060722,119.19299316,31.48,0.79,0.755,-0.219,-0.0,-0.0,-0.0,1.78,-6.24,-82.98,3.791,0.5,0.5,84.92,198,0,1776
1447884,1,1,9,1.04,26.03063965,119.19298553,42.2,26.03060722,119.19299316,31.48,0.79,0.752,-0.22,0.0,-0.0,0.0,1.79,-6.25,-82.97,3.791,0.5,0.5,79.52,198,0,1779
1448084,1,1,9,1.04,26.03063965,119.19298553,42.2,26.03060722,119.19299316,31.48,0.791,0.751,-0.22,-0.0,-0.0,-0.0,1.79,-6.25,-82.95,3.791,0.5,0.5,79.52,198,0,1782
1448286,1,1,9,1.04,26.03063965,119.19298553,42.2,26.03060722,119.19299316,31.48,0.791,0.751,-0.221,0.0,-0.0,0.001,1.8,-6.25,-82.96,3.791,0.5,0.5,79.52,198,0,1782
1448489,1,1,9,1.04,26.03063965,119.19298553,42.2,26.03060722,119.19299316,31.48,0.791,0.751,-0.221,-0.0,-0.0,0.0,1.79,-6.25,-82.95,3.791,0.5,0.5,79.52,198,0,1782
1448698,1,1,9,1.04,26.03064346,119.19298553,41.3,26.03060722,119.19299316,31.48,0.79,0.754,-0.22,-0.0,0.0,0.0,1.78,-6.27,-82.96,4.208,0.5,0.5,79.52,199,0,1786
1448898,1,1,9,1.04,26.03064346,119.19298553,41.3,26.03060722,119.19299316,31.48,0.791,0.752,-0.22,0.0,-0.0,0.001,1.78,-6.27,-82.98,4.208,0.5,0.5,81.71,199,0,1788
1449103,1,1,9,1.04,26.03064346,119.19298553,41.3,26.03060722,119.19299316,31.48,0.791,0.751,-0.22,-0.0,0.0,-0.0,1.79,-6.27,-82.99,4.208,0.5,0.5,81.71,199,0,1791
1449306,1,1,9,1.04,26.03064346,119.19298553,41.3,26.03060722,119.19299316,31.48,0.791,0.751,-0.221,-0.0,0.0,-0.0,1.79,-6.27,-82.99,4.208,0.5,0.5,81.71,199,0,1791
1449511,1,1,9,1.04,26.03064346,119.19298553,41.3,26.03060722,119.19299316,31.48,0.791,0.751,-0.221,0.0,0.0,-0.0,1.78,-6.25,-82.98,4.208,0.5,0.5,81.71,199,0,1791
1449714,1,1,9,1.04,26.03064346,119.19298553,40.4,26.03060722,119.19299316,31.48,0.79,0.754,-0.22,0.0,-0.0,0.0,1.79,-6.26,-82.96,4.208,0.5,0.5,81.71,200,0,1795
1449914,1,1,9,1.04,26.03064346,119.19298553,40.4,26.03060722,119.19299316,31.48,0.791,0.752,-0.22,-0.0,-0.0,0.0,1.78,-6.26,-82.95,4.208,0.5,0.5,81.69,200,0,1798
1450118,1,1,9,1.04,26.03064346,119.19298553,40.4,26.03060722,119.19299316,31.48,0.791,0.751,-0.221,-0.0,0.0,0.0,1.78,-6.25,-82.92,4.208,0.5,0.5,81.69,200,0,1800
1450325,1,1,9,1.04,26.03064346,119.19298553,40.4,26.03060722,119.19299316,31.48,0.791,0.751,-0.221,0.0,-0.0,-0.0,1.79,-6.25,-82.93,4.208,0.5,0.5,81.69,200,0,1800
1450528,1,1,9,1.04,26.03064346,119.19298553,40.4,26.03060722,119.19299316,31.48,0.791,0.751,-0.221,0.0,0.0,0.0,1.8,-6.26,-82.93,4.208,0.5,0.5,81.69,200,0,1801
1450747,1,1,9,1.04,26.03064346,119.19298553,39.8,26.03060722,119.19299316,31.48,0.79,0.754,-0.22,-0.0,0.0,-0.0,1.79,-6.24,-82.92,4.208,0.5,0.5,81.69,201,0,1804
1450958,1,1,9,1.04,26.03064346,119.19298553,39.8,26.03060722,119.19299316,31.48,0.791,0.752,-0.22,-0.0,0.0,0.0,1.78,-6.23,-82.93,4.208,0.5,0.5,83.83,201,0,1808
1451165,1,1,9,1.04,26.03064346,119.19298553,39.8,26.03060722,119.19299316,31.48,0.791,0.751,-0.221,-0.0,0.0,0.0,1.78,-6.24,-82.92,4.208,0.5,0.5,83.83,201,0,1809
1451372,1,1,9,1.04,26.03064346,119.19298553,39.8,26.03060722,119.19299316,31.48,0.791,0.751,-0.221,0.0,0.0,0.0,1.78,-6.23,-82.91,4.208,0.5,0.5,83.83,201,0,1809
1451577,1,1,9,1.04,26.03064346,119.19300079,39.8,26.03060722,119.19299316,31.48,0.791,0.751,-0.221,0.0,0.0,0.0,1.77,-6.22,-82.92,4.208,0.5,0.5,83.83,201,0,1811
1451799,1,1,9,1.04,26.03064346,119.19300079,39.0,26.03060722,119.19299316,31.48,0.791,0.753,-0.22,-0.0,-0.0,0.0,1.78,-6.23,-82.95,4.198,0.5,0.5,83.83,202,0,1814
1452016,1,1,9,1.04,26.03064346,119.19300079,39.0,26.03060722,119.19299316,31.48,0.791,0.752,-0.22,0.0,-0.0,0.0,1.79,-6.23,-82.95,4.198,0.5,0.5,79.92,202,0,1818
1452222,1,1,9,1.04,26.03064346,119.19300079,39.0,26.03060722,119.19299316,31.48,0.791,0.751,-0.221,0.0,0.0,0.0,1.79,-6.24,-82.95,4.198,0.5,0.5,79.92,202,0,1818
1452432,1,1,9,1.04,26.03064346,119.19300079,39.0,26.03060722,119.19299316,31.48,0.791,0.751,-0.221,0.0,-0.0,0.0,1.8,-6.23,-82.94,4.198,0.5,0.5,79.92,202,0,1818
1452647,1,1,9,1.04,26.03063965,119.19300079,38.4,26.03060722,119.19299316,31.48,0.792,0.755,-0.22,-0.0,-0.0,0.0,1.77,-6.24,-82.94,3.78,0.5,0.5,79.92,203,0,1821
1452849,1,1,9,1.04,26.03063965,119.19300079,38.4,26.03060722,119.19299316,31.48,0.791,0.752,-0.22,-0.0,0.0,0.0,1.77,-6.23,-82.96,3.78,0.5,0.5,79.92,203,0,1824
1453064,1,1,9,1.04,26.03063965,119.19300079,38.4,26.03060722,119.19299316,31.48,0.791,0.751,-0.22,0.0,-0.0,0.0,1.76,-6.24,-82.95,3.78,0.5,0.5,83.92,203,0,1827
1453272,1,1,9,1.04,26.03063965,119.19300079,38.4,26.03060722,119.19299316,31.48,0.791,0.751,-0.221,0.0,-0.0,0.0,1.77,-6.24,-82.95,3.78,0.5,0.5,83.92,203,0,1827
1453476,1,1,9,1.04,26.03063965,119.19300079,38.4,26.03060722,119.19299316,31.48,0.791,0.751,-0.221,0.0,-0.0,-0.0,1.78,-6.24,-82.96,3.78,0.5,0.5,83.92,203,0,1827
1453701,1,1,9,1.04,26.03064346,119.19300079,37.6,26.03060722,119.19299316,31.48,0.791,0.754,-0.22,-0.0,-0.0,-0.0,1.76,-6.24,-82.95,4.198,0.5,0.5,83.92,204,0,1831
1453912,1,1,9,1.04,26.03064346,119.19300079,37.6,26.03060722,119.19299316,31.48,0.791,0.752,-0.22,0.0,0.0,0.0,1.78,-6.24,-82.96,4.198,0.5,0.5,83.92,204,0,1834
1454121,1,1,9,1.04,26.03064346,119.19300079,37.6,26.03060722,119.19299316,31.48,0.791,0.751,-0.221,0.0,0.0,-0.0,1.77,-6.25,-82.96,4.198,0.5,0.5,80.79,204,0,1836
1454326,1,1,9,1.04,26.03064346,119.19300079,37.6,26.03060722,119.19299316,31.48,0.791,0.751,-0.221,-0.0,0.0,0.0,1.77,-6.25,-82.96,4.198,0.5,0.5,80.79,204,0,1836
1454535,1,1,9,1.04,26.03063583,119.19300079,37.6,26.03060722,119.19299316,31.48,0.791,0.751,-0.221,0.0,0.0,0.0,1.77,-6.25,-82.96,4.198,0.5,0.5,80.79,204,0,1837
1454744,1,1,9,1.04,26.03063583,119.19300079,36.8,26.03060722,119.19299316,31.48,0.791,0.753,-0.22,0.0,-0.0,0.0,1.77,-6.25,-82.95,3.365,0.5,0.5,80.79,205,0,1840
1454950,1,1,9,1.04,26.03063583,119.19300079,36.8,26.03060722,119.19299316,31.48,0.791,0.752,-0.22,0.0,0.0,0.0,1.77,-6.24,-82.95,3.365,0.5,0.5,81.61,205,0,1843
1455160,1,1,9,1.04,26.03063583,119.19300079,36.8,26.03060722,119.19299316,31.48,0.791,0.751,-0.221,0.0,-0.0,0.0,1.77,-6.25,-82.96,3.365,0.5,0.5,81.61,205,0,1845
1455361,1,1,9,1.04,26.03063583,119.19300079,36.8,26.03060722,119.19299316,31.48,0.791,0.751,-0.221,-0.0,0.0,0.0,1.77,-6.24,-82.98,3.365,0.5,0.5,81.61,205,0,1845
1455561,1,1,9,1.04,26.0306282,119.19300079,36.8,26.03060722,119.19299316,31.48,0.791,0.751,-0.221,-0.0,-0.0,-0.0,1.76,-6.24,-82.97,3.365,0.5,0.5,81.61,205,0,1847
1455776,1,1,9,1.04,26.0306282,119.19300079,35.9,26.03060722,119.19299316,31.48,0.791,0.752,-0.22,0.0,0.0,-0.0,1.78,-6.22,-82.96,2.543,0.5,0.5,81.61,206,0,1850
1455985,1,1,9,1.04,26.0306282,119.19300079,35.9,26.03060722,119.19299316,31.48,0.791,0.751,-0.221,0.0,-0.0,0.0,1.79,-6.22,-82.98,2.543,0.5,0.5,81.16,206,0,1853
1456193,1,1,9,1.04,26.0306282,119.19300079,35.9,26.03060722,119.19299316,31.48,0.791,0.751,-0.221,0.0,0.0,0.0,1.79,-6.22,-83.0,2.543,0.5,0.5,81.16,206,0,1854
1456395,1,1,9,1.04,26.0306282,119.19300079,35.9,26.03060722,119.19299316,31.48,0.791,0.751,-0.221,-0.0,0.0,-0.0,1.8,-6.22,-82.98,2.543,0.5,0.5,81.16,206,0,1854
1456607,1,1,9,1.04,26.03062248,119.19300079,35.9,26.03060722,119.19299316,31.48,0.791,0.751,-0.221,-0.0,-0.0,0.0,1.8,-6.23,-82.97,2.543,0.5,0.5,81.16,206,0,1856
1456818,1,1,9,1.04,26.03062248,119.19300079,35.5,26.03060722,119.19299316,31.48,0.791,0.752,-0.22,-0.0,0.0,-0.0,1.8,-6.22,-82.96,1.942,0.5,0.5,81.16,207,0,1859
1457024,1,1,9,1.04,26.03062248,119.19300079,35.5,26.03060722,119.19299316,31.48,0.791,0.751,-0.221,0.0,-0.0,-0.0,1.8,-6.25,-82.99,1.942,0.5,0.5,84.66,207,0,1863
1457236,1,1,9,1.04,26.03062248,119.19300079,35.5,26.03060722,119.19299316,31.48,0.791,0.751,-0.221,-0.0,-0.0,0.0,1.81,-6.26,-83.02,1.942,0.5,0.5,84.66,207,0,1863
1457442,1,1,9,1.04,26.03062248,119.19300079,35.5,26.03060722,119.19299316,31.48,0.791,0.751,-0.221,-0.0,0.0,-0.0,1.81,-6.24,-82.99,1.942,0.5,0.5,84.66,207,0,1863
1457660,1,1,9,1.04,26.03061867,119.19300079,34.9,26.03060722,119.19299316,31.48,0.792,0.752,-0.22,-0.0,-0.0,0.0,1.8,-6.27,-82.97,1.557,0.5,0.5,84.66,208,0,1866
1457864,1,1,9,1.04,26.03061867,119.19300079,34.9,26.03060722,119.19299316,31.48,0.791,0.751,-0.22,-0.0,-0.0,-0.0,1.78,-6.27,-82.95,1.557,0.5,0.5,84.66,208,0,1869
1458070,1,1,9,1.04,26.03061867,119.19300079,34.9,26.03060722,119.19299316,31.48,0.791,0.751,-0.221,0.0,0.0,0.0,1.79,-6.25,-82.95,1.557,0.5,0.5,80.76,208,0,1872
1458271,1,1,9,1.04,26.03061867,119.19300079,34.9,26.03060722,119.19299316,31.48,0.791,0.751,-0.221,-0.0,-0.0,0.0,1.79,-6.26,-82.96,1.557,0.5,0.5,80.76,208,0,1872
1458471,1,1,9,1.04,26.03061867,119.19300079,34.9,26.03060722,119.19299316,31.48,0.791,0.751,-0.221,0.0,-0.0,-0.0,1.79,-6.27,-82.95,1.557,0.5,0.5,80.76,208,0,1872
1458700,1,1,9,1.04,26.03062248,119.19300079,34.3,26.03060722,119.19299316,31.48,0.791,0.752,-0.22,-0.0,0.0,0.0,1.78,-6.26,-82.94,1.942,0.5,0.5,80.76,209,0,1876
1458905,1,1,9,1.04,26.03062248,119.19300079,34.3,26.03060722,119.19299316,31.48,0.791,0.751,-0.221,0.0,0.0,-0.0,1.79,-6.27,-82.92,1.942,0.5,0.5,80.76,209,0,1879
1459107,1,1,9,1.04,26.03062248,119.19300079,34.3,26.03060722,119.19299316,31.48,0.791,0.751,-0.221,0.0,-0.0,0.0,1.8,-6.25,-82.93,1.942,0.5,0.5,83.5,209,0,1881
1459311,1,1,9,1.04,26.03062248,119.19300079,34.3,26.03060722,119.19299316,31.48,0.791,0.751,-0.221,-0.0,0.0,0.0,1.78,-6.26,-82.91,1.942,0.5,0.5,83.5,209,0,1881
1459511,1,1,9,1.04,26.03061867,119.19300079,34.3,26.03060722,119.19299316,31.48,0.791,0.751,-0.221,-0.0,-0.0,0.0,1.76,-6.27,-82.9,1.942,0.5,0.5,83.5,209,0,1882
1459715,1,1,9,1.04,26.03061867,119.19300079,33.9,26.03060722,119.19299316,31.48,0.791,0.752,-0.22,-0.0,-0.0,0.001,1.75,-6.26,-82.92,1.557,0.5,0.5,83.5,210,0,1885
1459925,1,1,9,1.04,26.03061867,119.19300079,33.9,26.03060722,119.19299316,31.48,0.791,0.751,-0.221,0.0,0.0,0.0,1.77,-6.24,-82.92,1.557,0.5,0.5,83.5,210,0,1888
1460131,1,1,9,1.04,26.03061867,119.19300079,33.9,26.03060722,119.19299316,31.48,0.791,0.751,-0.221,0.0,0.0,0.0,1.77,-6.25,-82.92,1.557,0.5,0.5,84.31,210,0,1890
1460338,1,1,9,1.04,26.03061867,119.19300079,33.9,26.03060722,119.19299316,31.48,0.791,0.751,-0.221,0.0,-0.0,0.0,1.77,-6.26,-82.92,1.557,0.5,0.5,84.31,210,0,1890
1460551,1,1,9,1.04,26.03061867,119.19300079,33.9,26.03060722,119.19299316,31.48,0.791,0.751,-0.221,-0.0,0.0,0.0,1.78,-6.26,-82.93,1.557,0.5,0.5,84.31,210,0,1892
1460753,1,1,9,1.04,26.03061867,119.19300079,33.5,26.03060722,119.19299316,31.48,0.791,0.752,-0.22,0.0,0.0,-0.0,1.78,-6.25,-82.93,1.557,0.5,0.5,84.31,211,0,1894
1460960,1,1,9,1.04,26.03061867,119.19300079,33.5,26.03060722,119.19299316,31.48,0.791,0.751,-0.221,0.0,-0.0,0.0,1.78,-6.25,-82.93,1.557,0.5,0.5,84.31,211,0,1898
1461170,1,1,9,1.04,26.03061867,119.19300079,33.5,26.03060722,119.19299316,31.48,0.791,0.751,-0.221,-0.0,0.0,0.001,1.78,-6.23,-82.93,1.557,0.5,0.5,81.97,211,0,1899
1461377,1,1,9,1.04,26.03061867,119.19300079,33.5,26.03060722,119.19299316,31.48,0.791,0.751,-0.221,0.0,-0.0,0.0,1.78,-6.23,-82.91,1.557,0.5,0.5,81.97,211,0,1899
1461588,1,1,9,1.04,26.03061867,119.19300079,33.5,26.03060722,119.19299316,31.48,0.791,0.751,-0.221,0.0,-0.0,-0.0,1.77,-6.26,-82.92,1.557,0.5,0.5,81.97,211,0,1901
1461797,1,1,9,1.04,26.03061867,119.19300079,33.1,26.03060722,119.19299316,31.48,0.791,0.751,-0.221,0.0,0.0,0.0,1.79,-6.25,-82.94,1.557,0.5,0.5,81.97,212,0,1904
1461998,1,1,9,1.04,26.03061867,119.19300079,33.1,26.03060722,119.19299316,31.48,0.791,0.751,-0.221,-0.0,0.0,0.001,1.78,-6.25,-82.91,1.557,0.5,0.5,81.97,212,0,1907
1462200,1,1,9,1.04,26.03061867,119.19300079,33.1,26.03060722,119.19299316,31.48,0.791,0.751,-0.221,-0.0,0.0,0.0,1.78,-6.24,-82.92,1.557,0.5,0.5,82.52,212,0,1908
1462406,1,1,9,1.04,26.03061867,119.19300079,33.1,26.03060722,119.19299316,31.48,0.791,0.751,-0.221,0.0,0.0,-0.0,1.77,-6.23,-82.93,1.557,0.5,0.5,82.52,212,0,1908
1462614,1,1,9,1.04,26.03061485,119.19300079,33.1,26.03060722,119.19299316,31.48,0.791,0.751,-0.221,-0.0,-0.0,0.0,1.75,-6.22,-82.93,1.557,0.5,0.5,82.52,212,0,1910
1462822,1,1,9,1.04,26.03061485,119.19300079,32.3,26.03060722,119.19299316,31.48,0.791,0.751,-0.221,-0.0,-0.0,0.0,1.75,-6.23,-82.93,1.2,0.5,0.5,82.52,213,0,1913
1463030,1,1,9,1.04,26.03061485,119.19300079,32.3,26.03060722,119.19299316,31.48,0.791,0.751,-0.221,-0.0,-0.0,0.0,1.75,-6.24,-82.94,1.2,0.5,0.5,82.52,213,0,1917
1463236,1,1,9,1.04,26.03061485,119.19300079,32.3,26.03060722,119.19299316,31.48,0.791,0.751,-0.221,0.0,-0.0,0.0,1.77,-6.24,-82.95,1.2,0.5,0.5,81.47,213,0,1917
1463436,1,1,9,1.04,26.03061485,119.19300079,32.3,26.03060722,119.19299316,31.48,0.791,0.751,-0.221,0.0,-0.0,0.0,1.78,-6.23,-82.94,1.2,0.5,0.5,81.47,213,0,1917
1463646,1,1,9,1.04,26.03061485,119.19301605,32.0,26.03060722,119.19299316,31.48,0.794,0.752,-0.221,0.0,-0.0,0.0,1.78,-6.24,-82.94,2.452,0.5,0.5,81.47,214,0,1920
1463848,1,1,9,1.04,26.03061485,119.19301605,32.0,26.03060722,119.19299316,31.48,0.792,0.751,-0.221,0.0,-0.001,0.0,1.77,-6.25,-82.95,2.452,0.5,0.5,81.47,214,0,1923
1464064,1,1,9,1.04,26.03061485,119.19301605,32.0,26.03060722,119.19299316,31.48,0.791,0.751,-0.221,-0.0,0.0,-0.0,1.78,-6.25,-82.96,2.452,0.5,0.5,81.47,214,0,1926
1464265,1,1,9,1.04,26.03061485,119.19301605,32.0,26.03060722,119.19299316,31.48,0.791,0.751,-0.221,-0.0,0.0,0.0,1.76,-6.25,-82.96,2.452,0.5,0.5,83.09,214,0,1926
1464472,1,1,9,1.04,26.03061485,119.19301605,32.0,26.03060722,119.19299316,31.48,0.791,0.751,-0.221,-0.0,0.0,0.0,1.77,-6.23,-82.98,2.452,0.5,0.5,83.09,214,0,1926
1464694,1,1,9,1.04,26.03061485,119.19301605,31.6,26.03060722,119.19299316,31.48,0.793,0.751,-0.221,0.0,0.001,0.0,1.76,-6.22,-82.97,2.452,0.5,0.5,83.09,215,0,1930
1464895,1,1,9,1.04,26.03061485,119.19301605,31.6,26.03060722,119.19299316,31.48,0.792,0.751,-0.221,0.0,-0.0,0.001,1.78,-6.22,-82.97,2.452,0.5,0.5,83.09,215,0,1932
1465103,1,1,9,1.04,26.03061485,119.19301605,31.6,26.03060722,119.19299316,31.48,0.791,0.751,-0.221,0.0,-0.0,-0.0,1.78,-6.21,-82.95,2.452,0.5,0.5,83.09,215,0,1935
1465306,1,1,9,1.04,26.03061485,119.19301605,31.6,26.03060722,119.19299316,31.48,0.791,0.751,-0.221,-0.0,-0.0,0.0,1.77,-6.21,-82.96,2.452,0.5,0.5,85.0,215,0,1935
1465511,1,1,9,1.04,26.03061485,119.19301605,31.6,26.03060722,119.19299316,31.48,0.791,0.751,-0.221,-0.0,0.0,0.0,1.79,-6.2,-82.96,2.452,0.5,0.5,85.0,215,0,1936
1465715,1,1,9,1.04,26.03061485,119.19301605,31.4,26.03060722,119.19299316,31.48,0.793,0.751,-0.221,0.0,-0.0,0.001,1.78,-6.23,-82.97,2.452,0.5,0.5,85.0,216,0,1939
1465919,1,1,9,1.04,26.03061485,119.19301605,31.4,26.03060722,119.19299316,31.48,0.792,0.751,-0.221,0.0,0.0,-0.0,1.76,-6.24,-82.97,2.452,0.5,0.5,85.0,216,0,1942
1466129,1,1,9,1.04,26.03061485,119.19301605,31.4,26.03060722,119.19299316,31.48,0.791,0.751,-0.221,0.0,0.0,0.0,1.76,-6.23,-82.94,2.452,0.5,0.5,85.0,216,0,1944
1466337,1,1,9,1.04,26.03061485,119.19301605,31.4,26.03060722,119.19299316,31.48,0.791,0.751,-0.221,0.0,-0.0,0.0,1.76,-6.25,-82.92,2.452,0.5,0.5,80.76,216,0,1944
1466553,1,1,9,1.04,26.03061485,119.19301605,31.4,26.03060722,119.19299316,31.48,0.791,0.751,-0.221,0.0,-0.0,0.0,1.76,-6.25,-82.89,2.452,0.5,0.5,80.76,216,0,1946
1466753,1,1,9,1.04,26.03061485,119.19301605,31.2,26.03060722,119.19299316,31.48,0.793,0.751,-0.221,-0.0,0.0,0.0,1.76,-6.24,-82.93,2.452,0.5,0.5,80.76,217,0,1948
1466961,1,1,9,1.04,26.03061485,119.19301605,31.2,26.03060722,119.19299316,31.48,0.792,0.751,-0.221,0.0,-0.0,-0.0,1.77,-6.24,-82.96,2.452,0.5,0.5,80.76,217,0,1952
1467165,1,1,9,1.04,26.03061485,119.19301605,31.2,26.03060722,119.19299316,31.48,0.791,0.751,-0.221,-0.0,0.0,0.0,1.78,-6.23,-82.98,2.452,0.5,0.5,80.76,217,0,1953
1467372,1,1,9,1.04,26.03061485,119.19301605,31.2,26.03060722,119.19299316,31.48,0.791,0.751,-0.221,-0.0,0.0,0.0,1.78,-6.23,-82.99,2.452,0.5,0.5,80.63,217,0,1953
1467575,1,1,9,1.04,26.03061485,119.19301605,31.2,26.03060722,119.19299316,31.48,0.791,0.751,-0.221,0.0,0.0,0.0,1.78,-6.22,-82.97,2.452,0.5,0.5,80.63,217,0,1955
1467807,1,1,9,1.04,26.03061485,119.19301605,31.3,26.03060722,119.19299316,31.48,0.792,0.751,-0.221,-0.0,0.0,0.0,1.77,-6.2,-82.99,2.452,0.5,0.5,80.63,218,0,1958
1468008,1,1,9,1.04,26.03061485,119.19301605,31.3,26.03060722,119.19299316,31.48,0.791,0.751,-0.221,0.0,0.0,0.0,1.78,-6.19,-82.96,2.452,0.5,0.5,80.63,218,0,1961
1468211,1,1,9,1.04,26.03061485,119.19301605,31.3,26.03060722,119.19299316,31.48,0.791,0.751,-0.221,0.0,0.0,-0.0,1.78,-6.2,-82.97,2.452,0.5,0.5,84.15,218,0,1962
1468411,1,1,9,1.04,26.03061485,119.19301605,31.3,26.03060722,119.19299316,31.48,0.791,0.751,-0.221,-0.0,-0.0,0.0,1.77,-6.21,-82.96,2.452,0.5,0.5,84.15,218,0,1962
1468614,1,1,9,1.04,26.03061485,119.19301605,31.3,26.03060722,119.19299316,31.48,0.791,0.751,-0.221,-0.0,0.0,-0.0,1.76,-6.2,-82.96,2.452,0.5,0.5,84.15,218,0,1964
1468816,1,1,9,1.04,26.03061485,119.19301605,31.2,26.03060722,119.19299316,31.48,0.792,0.751,-0.221,0.0,-0.0,-0.0,1.77,-6.21,-82.94,2.452,0.5,0.5,84.15,219,0,1967
1469026,1,1,9,1.04,26.03061485,119.19301605,31.2,26.03060722,119.19299316,31.48,0.791,0.751,-0.221,0.0,-0.0,-0.001,1.76,-6.21,-82.95,2.452,0.5,0.5,84.15,219,0,1971
1469232,1,1,9,1.04,26.03061485,119.19301605,31.2,26.03060722,119.19299316,31.48,0.791,0.751,-0.221,-0.0,-0.0,0.0,1.75,-6.24,-82.94,2.452,0.5,0.5,83.74,219,0,1971
1469441,1,1,9,1.04,26.03061485,119.19301605,31.2,26.03060722,119.19299316,31.48,0.791,0.751,-0.221,0.0,-0.0,-0.0,1.76,-6.25,-82.95,2.452,0.5,0.5,83.74,219,0,1971
1469643,1,1,9,1.04,26.03061104,119.19301605,31.0,26.03060722,119.19299316,31.48,0.794,0.751,-0.221,0.0,0.0,0.0,1.77,-6.24,-82.95,2.321,0.5,0.5,83.74,220,0,1974
1469851,1,1,9,1.04,26.03061104,119.19301605,31.0,26.03060722,119.19299316,31.48,0.792,0.751,-0.221,0.0,-0.0,0.0,1.77,-6.25,-82.97,2.321,0.5,0.5,83.74,220,0,1977
1470064,1,1,9,1.04,26.03061104,119.19301605,31.0,26.03060722,119.19299316,31.48,0.791,0.751,-0.221,-0.0,-0.0,0.0,1.77,-6.25,-82.94,2.321,0.5,0.5,83.74,220,0,1980
1470271,1,1,9,1.04,26.03061104,119.19301605,31.0,26.03060722,119.19299316,31.48,0.791,0.751,-0.221,-0.0,-0.0,-0.0,1.77,-6.25,-82.94,2.321,0.5,0.5,84.58,220,0,1980
1470482,1,1,9,1.04,26.03061104,119.19301605,31.0,26.03060722,119.19299316,31.48,0.791,0.751,-0.221,0.0,-0.0,0.0,1.79,-6.26,-82.97,2.321,0.5,0.5,84.58,220,0,1980
1470698,1,1,9,1.04,26.03060722,119.19301605,31.1,26.03060722,119.19299316,31.48,0.793,0.751,-0.221,0.0,-0.0,-0.0,1.79,-6.27,-82.99,2.264,0.5,0.5,84.58,221,0,1984
1470898,1,1,9,1.04,26.03060722,119.19301605,31.1,26.03060722,119.19299316,31.48,0.792,0.751,-0.221,-0.0,0.0,-0.0,1.79,-6.25,-82.99,2.264,0.5,0.5,84.58,221,0,1986
1471104,1,1,9,1.04,26.03060722,119.19301605,31.1,26.03060722,119.19299316,31.48,0.791,0.751,-0.221,0.0,0.0,-0.0,1.81,-6.25,-82.98,2.264,0.5,0.5,84.58,221,0,1989
1471312,1,1,9,1.04,26.03060722,119.19301605,31.1,26.03060722,119.19299316,31.48,0.791,0.751,-0.221,0.0,0.0,0.0,1.79,-6.24,-82.94,2.264,0.5,0.5,79.92,221,0,1989
1471516,1,1,9,1.04,26.03059959,119.19301605,31.1,26.03060722,119.19299316,31.48,0.791,0.751,-0.221,0.0,-0.0,0.0,1.78,-6.24,-82.94,2.264,0.5,0.5,79.92,221,0,1990
1471719,1,1,9,1.04,26.03059959,119.19301605,30.8,26.03060722,119.19299316,31.48,0.793,0.75,-0.221,-0.0,0.0,0.0,1.78,-6.23,-82.95,2.383,0.5,0.5,79.92,222,0,1993
1471925,1,1,9,1.04,26.03059959,119.19301605,30.8,26.03060722,119.19299316,31.48,0.792,0.751,-0.221,0.0,-0.0,0.0,1.79,-6.24,-82.95,2.383,0.5,0.5,79.92,222,0,1996
1472128,1,1,9,1.04,26.03059959,119.19301605,30.8,26.03060722,119.19299316,31.48,0.791,0.751,-0.221,-0.0,0.0,0.0,1.78,-6.23,-82.95,2.383,0.5,0.5,79.92,222,0,1998
1472341,1,1,9,1.04,26.03059959,119.19301605,30.8,26.03060722,119.19299316,31.48,0.791,0.751,-0.221,0.0,0.0,0.0,1.79,-6.23,-82.94,2.383,0.5,0.5,77.92,222,0,1998
1472559,1,1,9,1.04,26.03059959,119.19301605,30.8,26.03060722,119.19299316,31.48,0.791,0.751,-0.221,-0.0,-0.0,0.0,1.78,-6.23,-82.9,2.383,0.5,0.5,77.92,222,0,2000
1472760,1,1,9,1.04,26.03059959,119.19301605,30.5,26.03060722,119.19299316,31.48,0.793,0.75,-0.221,0.0,-0.0,0.0,1.78,-6.24,-82.93,2.383,0.5,0.5,77.92,223,0,2003
1472965,1,1,9,1.04,26.03059959,119.19301605,30.5,26.03060722,119.19299316,31.48,0.792,0.751,-0.221,0.0,0.0,0.0,1.8,-6.26,-82.96,2.383,0.5,0.5,77.92,223,0,2006
1473176,1,1,9,1.04,26.03059959,119.19301605,30.5,26.03060722,119.19299316,31.48,0.791,0.751,-0.221,0.0,0.0,0.0,1.8,-6.25,-82.96,2.383,0.5,0.5,77.92,223,0,2007
1473381,1,1,9,1.04,26.03059959,119.19301605,30.5,26.03060722,119.19299316,31.48,0.791,0.751,-0.221,-0.0,0.0,0.001,1.8,-6.24,-82.94,2.383,0.5,0.5,86.0,223,0,2007
1473587,1,1,9,1.04,26.03059959,119.19301605,30.5,26.03060722,119.19299316,31.48,0.791,0.751,-0.221,0.0,0.0,0.0,1.81,-6.25,-82.98,2.383,0.5,0.5,86.0,223,0,2009
1473790,1,1,9,1.04,26.03059959,119.19301605,30.6,26.03060722,119.19299316,31.48,0.792,0.75,-0.221,-0.0,-0.0,-0.0,1.79,-6.25,-82.98,2.383,0.5,0.5,86.0,224,0,2012
1473995,1,1,9,1.04,26.03059959,119.19301605,30.6,26.03060722,119.19299316,31.48,0.791,0.751,-0.221,-0.0,-0.0,0.0,1.8,-6.25,-83.0,2.383,0.5,0.5,86.0,224,0,2015
1474205,1,1,9,1.04,26.03059959,119.19301605,30.6,26.03060722,119.19299316,31.48,0.791,0.751,-0.221,-0.0,-0.0,0.0,1.81,-6.27,-83.01,2.383,0.5,0.5,86.0,224,0,2016
1474405,1,1,9,1.04,26.03059959,119.19301605,30.6,26.03060722,119.19299316,31.48,0.791,0.751,-0.221,-0.0,-0.0,0.0,1.81,-6.26,-83.01,2.383,0.5,0.5,80.92,224,0,2016
1474620,1,1,9,1.04,26.03059578,119.19301605,30.6,26.03060722,119.19299316,31.48,0.791,0.751,-0.221,-0.0,-0.0,0.0,1.79,-6.27,-83.01,2.383,0.5,0.5,80.92,224,0,2018
1474829,1,1,9,1.04,26.03059578,119.19301605,30.6,26.03060722,119.19299316,31.48,0.792,0.75,-0.221,0.0,-0.0,-0.0,1.79,-6.26,-82.98,2.549,0.5,0.5,80.92,225,0,2021
1475036,1,1,9,1.04,26.03059578,119.19301605,30.6,26.03060722,119.19299316,31.48,0.791,0.751,-0.221,-0.0,-0.0,0.0,1.77,-6.25,-82.98,2.549,0.5,0.5,80.92,225,0,2025
1475242,1,1,9,1.04,26.03059578,119.19301605,30.6,26.03060722,119.19299316,31.48,0.791,0.751,-0.221,0.0,-0.0,0.0,1.78,-6.24,-83.0,2.549,0.5,0.5,82.83,225,0,2025
1475446,1,1,9,1.04,26.03059578,119.19301605,30.6,26.03060722,119.19299316,31.48,0.791,0.751,-0.221,0.0,-0.0,0.0,1.79,-6.22,-82.98,2.549,0.5,0.5,82.83,225,0,2025
1475657,1,1,9,1.04,26.03059578,119.19301605,30.4,26.03060722,119.19299316,31.48,0.794,0.749,-0.221,-0.0,-0.0,0.0,1.8,-6.22,-82.97,2.549,0.5,0.5,82.83,226,0,2028
1475858,1,1,9,1.04,26.03059578,119.19301605,30.4,26.03060722,119.19299316,31.48,0.792,0.75,-0.221,-0.0,-0.0,0.0,1.8,-6.23,-82.94,2.549,0.5,0.5,82.83,226,0,2031
1476068,1,1,9,1.04,26.03059578,119.19301605,30.4,26.03060722,119.19299316,31.48,0.791,0.751,-0.221,-0.0,0.0,0.0,1.79,-6.21,-82.95,2.549,0.5,0.5,82.83,226,0,2034
1476271,1,1,9,1.04,26.03059578,119.19301605,30.4,26.03060722,119.19299316,31.48,0.791,0.751,-0.221,0.0,0.0,-0.0,1.79,-6.21,-82.97,2.549,0.5,0.5,82.03,226,0,2034
1476471,1,1,9,1.04,26.03059578,119.19301605,30.4,26.03060722,119.19299316,31.48,0.791,0.751,-0.221,0.0,-0.0,0.0,1.78,-6.23,-82.98,2.549,0.5,0.5,82.03,226,0,2034
1476701,1,1,9,1.04,26.03058624,119.19301605,30.4,26.03060722,119.19299316,31.48,0.793,0.749,-0.221,0.0,-0.0,0.001,1.79,-6.25,-82.99,3.181,0.5,0.5,82.03,227,0,2038
1476905,1,1,9,1.04,26.03058624,119.19301605,30.4,26.03060722,119.19299316,31.48,0.792,0.75,-0.221,0.0,0.0,0.0,1.8,-6.23,-82.97,3.181,0.5,0.5,82.03,227,0,2041
1477111,1,1,9,1.04,26.03058624,119.19301605,30.4,26.03060722,119.19299316,31.48,0.791,0.75,-0.221,-0.0,0.0,-0.0,1.78,-6.22,-82.96,3.181,0.5,0.5,82.03,227,0,2043
1477323,1,1,9,1.04,26.03058624,119.19301605,30.4,26.03060722,119.19299316,31.48,0.791,0.751,-0.221,0.0,-0.0,-0.0,1.8,-6.24,-82.94,3.181,0.5,0.5,86.0,227,0,2043
1477534,1,1,9,1.04,26.03058624,119.19301605,30.4,26.03060722,119.19299316,31.48,0.791,0.751,-0.221,-0.0,0.0,-0.0,1.81,-6.24,-82.93,3.181,0.5,0.5,86.0,227,0,2044
1477739,1,1,9,1.04,26.03058624,119.19301605,30.2,26.03060722,119.19299316,31.48,0.793,0.749,-0.221,-0.0,0.0,0.001,1.81,-6.21,-82.92,3.181,0.5,0.5,86.0,228,0,2047
1477947,1,1,9,1.04,26.03058624,119.19301605,30.2,26.03060722,119.19299316,31.48,0.792,0.75,-0.221,0.0,-0.0,0.0,1.81,-6.21,-82.93,3.181,0.5,0.5,86.0,228,0,2050
1478150,1,1,9,1.04,26.03058624,119.19301605,30.2,26.03060722,119.19299316,31.48,0.791,0.75,-0.221,-0.0,-0.0,-0.0,1.8,-6.22,-82.92,3.181,0.5,0.5,86.0,228,0,2052
1478351,1,1,9,1.04,26.03058624,119.19301605,30.2,26.03060722,119.19299316,31.48,0.791,0.751,-0.221,0.0,-0.0,0.0,1.81,-6.23,-82.93,3.181,0.5,0.5,82.0,228,0,2052
1478556,1,1,9,1.04,26.03058243,119.19301605,30.2,26.03060722,119.19299316,31.48,0.791,0.751,-0.221,-0.0,0.0,-0.0,1.8,-6.23,-82.93,3.181,0.5,0.5,82.0,228,0,2054
1478760,1,1,9,1.04,26.03058243,119.19301605,30.1,26.03060722,119.19299316,31.48,0.793,0.749,-0.221,-0.0,-0.0,-0.0,1.81,-6.23,-82.94,3.493,0.5,0.5,82.0,229,0,2056
1478964,1,1,9,1.04,26.03058243,119.19301605,30.1,26.03060722,119.19299316,31.48,0.792,0.75,-0.221,0.0,-0.0,-0.0,1.81,-6.23,-82.91,3.493,0.5,0.5,82.0,229,0,2060
1479171,1,1,9,1.04,26.03058243,119.19301605,30.1,26.03060722,119.19299316,31.48,0.791,0.75,-0.221,-0.0,-0.0,-0.0,1.8,-6.23,-82.91,3.493,0.5,0.5,82.0,229,0,2061
1479377,1,1,9,1.04,26.03058243,119.19301605,30.1,26.03060722,119.19299316,31.48,0.791,0.751,-0.221,-0.0,-0.0,0.0,1.79,-6.24,-82.92,3.493,0.5,0.5,81.75,229,0,2061
1479593,1,1,9,1.04,26.03058243,119.19301605,30.1,26.03060722,119.19299316,31.48,0.791,0.751,-0.221,0.0,0.0,0.0,1.82,-6.24,-82.91,3.493,0.5,0.5,81.75,229,0,2063
1479816,1,1,9,1.04,26.03058243,119.19301605,30.1,26.03060722,119.19299316,31.48,0.792,0.749,-0.221,-0.0,-0.0,0.0,1.81,-6.23,-82.92,3.493,0.5,0.5,81.75,230,0,2066
1480026,1,1,9,1.04,26.03058243,119.19301605,30.1,26.03060722,119.19299316,31.48,0.791,0.75,-0.221,0.0,-0.0,0.0,1.79,-6.23,-82.9,3.493,0.5,0.5,81.75,230,0,2070
1480237,1,1,9,1.04,26.03058243,119.19301605,30.1,26.03060722,119.19299316,31.48,0.791,0.751,-0.221,0.0,-0.0,0.0,1.79,-6.24,-82.92,3.493,0.5,0.5,81.75,230,0,2070
1480447,1,1,9,1.04,26.03058243,119.19301605,30.1,26.03060722,119.19299316,31.48,0.791,0.751,-0.221,-0.0,-0.0,0.0,1.77,-6.24,-82.94,3.493,0.5,0.5,86.91,230,0,2070
1480649,1,1,9,1.04,26.03058624,119.19301605,29.7,26.03060722,119.19299316,31.48,0.794,0.748,-0.221,0.0,0.0,0.0,1.79,-6.23,-82.96,3.181,0.5,0.5,86.91,231,0,2073
1480858,1,1,9,1.04,26.03058624,119.19301605,29.7,26.03060722,119.19299316,31.48,0.792,0.75,-0.221,-0.0,0.0,0.0,1.78,-6.21,-82.97,3.181,0.5,0.5,86.91,231,0,2076
1481058,1,1,9,1.04,26.03058624,119.19301605,29.7,26.03060722,119.19299316,31.48,0.791,0.75,-0.221,0.0,-0.0,0.0,1.78,-6.22,-82.96,3.181,0.5,0.5,86.91,231,0,2079
1481260,1,1,9,1.04,26.03058624,119.19301605,29.7,26.03060722,119.19299316,31.48,0.791,0.751,-0.221,0.0,0.0,0.0,1.78,-6.23,-82.96,3.181,0.5,0.5,86.91,231,0,2079
1481474,1,1,9,1.04,26.03058624,119.19301605,29.7,26.03060722,119.19299316,31.48,0.791,0.751,-0.221,-0.0,0.0,0.0,1.77,-6.22,-82.96,3.181,0.5,0.5,80.76,231,0,2079
1481707,1,1,9,1.04,26.03058624,119.19301605,29.6,26.03060722,119.19299316,31.48,0.793,0.749,-0.221,-0.0,0.0,-0.0,1.76,-6.22,-82.97,3.181,0.5,0.5,80.76,232,0,2083
1481915,1,1,9,1.04,26.03058624,119.19301605,29.6,26.03060722,119.19299316,31.48,0.792,0.75,-0.221,-0.0,0.0,0.0,1.77,-6.23,-82.99,3.181,0.5,0.5,80.76,232,0,2086
1482122,1,1,9,1.04,26.03058624,119.19301605,29.6,26.03060722,119.19299316,31.48,0.791,0.75,-0.221,0.0,-0.0,-0.0,1.77,-6.23,-83.01,3.181,0.5,0.5,80.76,232,0,2088
1482326,1,1,9,1.04,26.03058624,119.19301605,29.6,26.03060722,119.19299316,31.48,0.791,0.751,-0.221,-0.0,-0.0,0.0,1.76,-6.22,-82.98,3.181,0.5,0.5,86.91,232,0,2088
1482531,1,1,9,1.04,26.03059006,119.19301605,29.6,26.03060722,119.19299316,31.48,0.791,0.751,-0.221,-0.0,0.0,-0.0,1.77,-6.22,-82.96,3.181,0.5,0.5,86.91,232,0,2089
1482740,1,1,9,1.04,26.03059006,119.19301605,29.5,26.03060722,119.19299316,31.48,0.793,0.749,-0.221,0.0,-0.0,0.0,1.76,-6.22,-82.93,2.898,0.5,0.5,86.91,233,0,2092
1482942,1,1,9,1.04,26.03059006,119.19301605,29.5,26.03060722,119.19299316,31.48,0.792,0.75,-0.221,0.0,0.0,0.0,1.77,-6.23,-82.96,2.898,0.5,0.5,86.91,233,0,2095
1483144,1,1,9,1.04,26.03059006,119.19301605,29.5,26.03060722,119.19299316,31.48,0.791,0.751,-0.221,-0.0,-0.0,0.0,1.76,-6.24,-82.96,2.898,0.5,0.5,86.91,233,0,2097
1483352,1,1,9,1.04,26.03059006,119.19301605,29.5,26.03060722,119.19299316,31.48,0.791,0.751,-0.221,-0.0,0.0,0.0,1.77,-6.22,-82.97,2.898,0.5,0.5,80.68,233,0,2097
1483561,1,1,9,1.04,26.03058624,119.19301605,29.5,26.03060722,119.19299316,31.48,0.791,0.751,-0.221,0.0,-0.0,0.0,1.79,-6.22,-82.99,2.898,0.5,0.5,80.68,233,0,2099
1483773,1,1,9,1.04,26.03058624,119.19301605,29.4,26.03060722,119.19299316,31.48,0.793,0.749,-0.221,0.0,-0.0,0.0,1.8,-6.25,-82.99,3.181,0.5,0.5,80.68,234,0,2102
1483980,1,1,9,1.04,26.03058624,119.19301605,29.4,26.03060722,119.19299316,31.48,0.792,0.75,-0.221,0.0,-0.0,0.0,1.81,-6.27,-83.0,3.181,0.5,0.5,80.68,234,0,2105
1484181,1,1,9,1.04,26.03058624,119.19301605,29.4,26.03060722,119.19299316,31.48,0.791,0.75,-0.221,-0.0,-0.0,0.0,1.79,-6.26,-82.99,3.181,0.5,0.5,80.68,234,0,2106
1484381,1,1,9,1.04,26.03058624,119.19301605,29.4,26.03060722,119.19299316,31.48,0.791,0.751,-0.221,0.0,-0.0,-0.0,1.78,-6.26,-82.98,3.181,0.5,0.5,79.44,234,0,2106
1484585,1,1,9,1.04,26.03058624,119.19303131,29.4,26.03060722,119.19299316,31.48,0.791,0.751,-0.221,-0.0,-0.0,0.0,1.78,-6.24,-82.98,3.181,0.5,0.5,79.44,234,0,2108
1484813,1,1,9,1.04,26.03058624,119.19303131,29.3,26.03060722,119.19299316,31.48,0.793,0.75,-0.221,0.0,-0.0,-0.0,1.79,-6.24,-82.98,4.399,0.5,0.5,79.44,235,0,2111
1485019,1,1,9,1.04,26.03058624,119.19303131,29.3,26.03060722,119.19299316,31.48,0.792,0.75,-0.221,-0.0,0.0,0.0,1.78,-6.24,-82.98,4.399,0.5,0.5,79.44,235,0,2115
1485220,1,1,9,1.04,26.03058624,119.19303131,29.3,26.03060722,119.19299316,31.48,0.791,0.751,-0.221,0.0,-0.0,0.0,1.79,-6.25,-82.97,4.399,0.5,0.5,79.44,235,0,2115
1485427,1,1,9,1.04,26.03058624,119.19303131,29.3,26.03060722,119.19299316,31.48,0.791,0.751,-0.221,0.0,0.0,-0.0,1.78,-6.23,-82.97,4.399,0.5,0.5,84.14,235,0,2115
1485643,1,1,9,1.04,26.03059006,119.19301605,29.0,26.03060722,119.19299316,31.48,0.794,0.749,-0.221,0.0,0.0,0.0,1.79,-6.22,-82.95,2.898,0.5,0.5,84.14,236,0,2118
1485844,1,1,9,1.04,26.03059006,119.19301605,29.0,26.03060722,119.19299316,31.48,0.792,0.75,-0.221,-0.0,-0.0,-0.0,1.78,-6.23,-82.94,2.898,0.5,0.5,84.14,236,0,2121
1486051,1,1,9,1.04,26.03059006,119.19301605,29.0,26.03060722,119.19299316,31.48,0.791,0.75,-0.221,0.0,0.0,0.0,1.79,-6.22,-82.93,2.898,0.5,0.5,84.14,236,0,2124
1486256,1,1,9,1.04,26.03059006,119.19301605,29.0,26.03060722,119.19299316,31.48,0.791,0.751,-0.221,-0.0,0.0,0.0,1.78,-6.23,-82.96,2.898,0.5,0.5,84.14,236,0,2124
1486461,1,1,9,1.04,26.03059006,119.19301605,29.0,26.03060722,119.19299316,31.48,0.791,0.751,-0.221,-0.0,-0.0,-0.0,1.77,-6.24,-82.95,2.898,0.5,0.5,82.69,236,0,2124
1486662,1,1,9,1.24,26.03059006,119.19301605,29.0,26.03060722,119.19299316,31.48,0.792,0.75,-0.221,0.0,0.0,0.0,1.78,-6.24,-82.95,2.898,0.396,0.396,82.69,237,0,2127
1486864,1,1,9,1.24,26.03059006,119.19301605,29.0,26.03060722,119.19299316,31.48,0.792,0.75,-0.221,-0.0,-0.0,0.0,1.78,-6.23,-82.93,2.898,0.5,0.5,82.69,237,0,2130
1487064,1,1,9,1.24,26.03059006,119.19301605,29.0,26.03060722,119.19299316,31.48,0.791,0.751,-0.221,0.0,-0.0,0.0,1.77,-6.23,-82.95,2.898,0.5,0.5,82.69,237,0,2133
1487266,1,1,9,1.24,26.03059006,119.19301605,29.0,26.03060722,119.19299316,31.48,0.791,0.751,-0.221,0.0,0.0,0.0,1.77,-6.22,-82.96,2.898,0.5,0.5,82.69,237,0,2133
1487477,1,1,9,1.24,26.03059006,119.19301605,29.0,26.03060722,119.19299316,31.48,0.791,0.751,-0.221,0.0,-0.0,-0.0,1.76,-6.22,-82.95,2.898,0.5,0.5,83.58,237,0,2133
1487681,1,1,8,1.24,26.03058624,119.19304657,28.9,26.03060722,119.19299316,31.48,0.795,0.749,-0.221,0.0,0.0,-0.001,1.79,-6.22,-82.93,5.766,0.5,0.5,83.58,238,0,2136
1487884,1,1,8,1.24,26.03058624,119.19304657,28.9,26.03060722,119.19299316,31.48,0.793,0.75,-0.221,0.0,-0.0,0.0,1.8,-6.24,-82.94,5.766,0.5,0.5,83.58,238,0,2139
1488084,1,1,8,1.24,26.03058624,119.19304657,28.9,26.03060722,119.19299316,31.48,0.792,0.75,-0.221,-0.0,0.0,0.0,1.79,-6.23,-82.93,5.766,0.5,0.5,83.58,238,0,2142
1488286,1,1,8,1.24,26.03058624,119.19304657,28.9,26.03060722,119.19299316,31.48,0.791,0.751,-0.221,0.0,-0.0,0.001,1.8,-6.23,-82.93,5.766,0.5,0.5,83.58,238,0,2142
1488490,1,1,8,1.24,26.03058624,119.19304657,28.9,26.03060722,119.19299316,31.48,0.791,0.751,-0.221,0.0,0.0,0.0,1.78,-6.23,-82.94,5.766,0.5,0.5,78.76,238,0,2142
1488698,1,1,8,1.24,26.03059006,119.19304657,28.8,26.03060722,119.19299316,31.48,0.794,0.75,-0.221,0.0,-0.0,0.0,1.79,-6.24,-82.96,5.615,0.5,0.5,78.76,239,0,2146
1488898,1,1,8,1.24,26.03059006,119.19304657,28.8,26.03060722,119.19299316,31.48,0.792,0.75,-0.221,0.0,-0.0,-0.0,1.8,-6.24,-82.96,5.615,0.5,0.5,78.76,239,0,2149
1489101,1,1,8,1.24,26.03059006,119.19304657,28.8,26.03060722,119.19299316,31.48,0.791,0.751,-0.221,-0.0,-0.0,-0.0,1.77,-6.25,-82.98,5.615,0.5,0.5,78.76,239,0,2151
1489307,1,1,8,1.24,26.03059006,119.19304657,28.8,26.03060722,119.19299316,31.48,0.791,0.751,-0.221,-0.0,0.0,0.0,1.78,-6.23,-83.0,5.615,0.5,0.5,78.76,239,0,2151
1489512,1,1,8,1.24,26.03058624,119.19304657,28.8,26.03060722,119.19299316,31.48,0.791,0.751,-0.221,0.0,-0.0,0.0,1.78,-6.25,-83.01,5.615,0.5,0.5,86.83,239,0,2152
1489715,1,1,8,1.24,26.03058624,119.19304657,28.8,26.03060722,119.19299316,31.48,0.794,0.75,-0.221,0.0,0.0,-0.0,1.78,-6.25,-82.99,5.766,0.5,0.5,86.83,240,0,2155
1489924,1,1,8,1.24,26.03058624,119.19304657,28.8,26.03060722,119.19299316,31.48,0.792,0.75,-0.221,0.0,0.0,0.001,1.8,-6.25,-83.0,5.766,0.5,0.5,86.83,240,0,2158
1490132,1,1,8,1.24,26.03058624,119.19304657,28.8,26.03060722,119.19299316,31.48,0.791,0.751,-0.221,0.0,0.0,-0.0,1.8,-6.25,-82.98,5.766,0.5,0.5,86.83,240,0,2160
1490336,1,1,8,1.24,26.03058624,119.19304657,28.8,26.03060722,119.19299316,31.48,0.791,0.751,-0.221,-0.0,-0.0,0.0,1.79,-6.26,-82.97,5.766,0.5,0.5,86.83,240,0,2160
1490544,1,1,8,1.24,26.03059006,119.19304657,28.8,26.03060722,119.19299316,31.48,0.791,0.751,-0.221,0.0,0.0,0.0,1.78,-6.26,-82.95,5.766,0.5,0.5,80.0,240,0,2161
1490750,1,1,7,1.24,26.03059006,119.19304657,28.7,26.03060722,119.19299316,31.48,0.794,0.75,-0.221,0.0,-0.0,0.0,1.81,-6.26,-82.97,5.615,0.5,0.5,80.0,241,0,2164
1490951,1,1,7,1.24,26.03059006,119.19304657,28.7,26.03060722,119.19299316,31.48,0.792,0.75,-0.221,0.0,0.0,0.0,1.8,-6.25,-82.97,5.615,0.5,0.5,80.0,241,0,2167
1491153,1,1,7,1.24,26.03059006,119.19304657,28.7,26.03060722,119.19299316,31.48,0.791,0.751,-0.221,0.0,0.0,0.0,1.79,-6.25,-82.96,5.615,0.5,0.5,80.0,241,0,2169
1491356,1,1,7,1.24,26.03059006,119.19304657,28.7,26.03060722,119.19299316,31.48,0.791,0.751,-0.221,0.0,0.0,0.0,1.8,-6.25,-82.95,5.615,0.5,0.5,80.0,241,0,2169
1491568,1,1,7,1.24,26.03059578,119.19304657,28.7,26.03060722,119.19299316,31.48,0.791,0.751,-0.221,-0.0,0.0,-0.0,1.79,-6.24,-82.93,5.615,0.5,0.5,80.68,241,0,2171
1491769,1,1,7,1.24,26.03059578,119.19304657,28.4,26.03060722,119.19299316,31.48,0.793,0.75,-0.221,-0.0,-0.0,-0.0,1.79,-6.25,-82.93,5.443,0.5,0.5,80.68,242,0,2174
1491980,1,1,7,1.24,26.03059578,119.19304657,28.4,26.03060722,119.19299316,31.48,0.792,0.751,-0.221,0.0,0.0,-0.0,1.79,-6.24,-82.92,5.443,0.5,0.5,80.68,242,0,2177
1492182,1,1,7,1.24,26.03059578,119.19304657,28.4,26.03060722,119.19299316,31.48,0.791,0.751,-0.221,0.0,0.0,0.0,1.8,-6.23,-82.91,5.443,0.5,0.5,80.68,242,0,2178
1492386,1,1,7,1.24,26.03059578,119.19304657,28.4,26.03060722,119.19299316,31.48,0.791,0.751,-0.221,-0.0,0.0,0.0,1.78,-6.21,-82.9,5.443,0.5,0.5,81.92,242,0,2178
1492597,1,1,7,1.24,26.03059959,119.19304657,28.4,26.03060722,119.19299316,31.48,0.791,0.751,-0.221,0.0,-0.0,-0.0,1.79,-6.24,-82.9,5.443,0.5,0.5,81.92,242,0,2180
1492802,1,1,7,1.24,26.03059959,119.19304657,28.2,26.03060722,119.19299316,31.48,0.793,0.75,-0.221,-0.0,-0.0,-0.0,1.79,-6.25,-82.96,5.367,0.5,0.5,81.92,243,0,2183
1493003,1,1,7,1.24,26.03059959,119.19304657,28.2,26.03060722,119.19299316,31.48,0.792,0.751,-0.221,0.0,-0.0,0.0,1.81,-6.24,-82.95,5.367,0.5,0.5,81.92,243,0,2186
1493206,1,1,7,1.24,26.03059959,119.19304657,28.2,26.03060722,119.19299316,31.48,0.791,0.751,-0.221,-0.0,-0.0,-0.001,1.8,-6.25,-82.94,5.367,0.5,0.5,81.92,243,0,2187
1493406,1,1,7,1.24,26.03059959,119.19304657,28.2,26.03060722,119.19299316,31.48,0.791,0.751,-0.221,0.0,0.0,-0.001,1.8,-6.25,-82.94,5.367,0.5,0.5,81.4,243,0,2187
1493613,1,1,7,1.24,26.03059959,119.19304657,28.2,26.03060722,119.19299316,31.48,0.791,0.751,-0.221,0.0,-0.0,0.0,1.81,-6.27,-82.93,5.367,0.5,0.5,81.4,243,0,2189
1493828,1,1,7,1.24,26.03059959,119.19304657,27.8,26.03060722,119.19299316,31.48,0.793,0.75,-0.221,-0.0,0.0,0.0,1.81,-6.27,-82.93,5.367,0.5,0.5,81.4,244,0,2193
1494034,1,1,7,1.24,26.03059959,119.19304657,27.8,26.03060722,119.19299316,31.48,0.792,0.751,-0.221,0.0,-0.0,0.0,1.81,-6.28,-82.92,5.367,0.5,0.5,81.4,244,0,2196
1494236,1,1,7,1.24,26.03059959,119.19304657,27.8,26.03060722,119.19299316,31.48,0.791,0.751,-0.221,-0.0,-0.0,-0.0,1.81,-6.29,-82.95,5.367,0.5,0.5,81.4,244,0,2196
1494446,1,1,7,1.24,26.03059959,119.19304657,27.8,26.03060722,119.19299316,31.48,0.791,0.751,-0.221,0.0,0.0,-0.0,1.82,-6.27,-82.96,5.367,0.5,0.5,85.49,244,0,2196
1494663,1,1,8,1.24,26.03060341,119.19304657,27.6,26.03060722,119.19299316,31.48,0.795,0.75,-0.221,0.0,0.0,0.0,1.81,-6.27,-82.94,5.324,0.5,0.5,85.49,245,0,2199
1494864,1,1,8,1.24,26.03060341,119.19304657,27.6,26.03060722,119.19299316,31.48,0.793,0.751,-0.221,0.0,-0.0,0.0,1.82,-6.27,-82.95,5.324,0.5,0.5,85.49,245,0,2202
1495067,1,1,8,1.24,26.03060341,119.19304657,27.6,26.03060722,119.19299316,31.48,0.792,0.751,-0.221,-0.0,0.0,0.0,1.82,-6.25,-82.94,5.324,0.5,0.5,85.49,245,0,2205
1495271,1,1,8,1.24,26.03060341,119.19304657,27.6,26.03060722,119.19299316,31.48,0.791,0.751,-0.221,0.0,-0.0,0.0,1.82,-6.26,-82.96,5.324,0.5,0.5,85.49,245,0,2205
1495484,1,1,8,1.24,26.03060341,119.19304657,27.6,26.03060722,119.19299316,31.48,0.791,0.751,-0.221,-0.0,0.0,-0.0,1.81,-6.24,-82.97,5.324,0.5,0.5,80.44,245,0,2205
1495698,1,1,8,1.24,26.03059959,119.19304657,27.3,26.03060722,119.19299316,31.48,0.794,0.75,-0.221,-0.0,0.0,-0.0,1.81,-6.24,-82.98,5.367,0.5,0.5,80.44,246,0,2209
1495905,1,1,8,1.24,26.03059959,119.19304657,27.3,26.03060722,119.19299316,31.48,0.792,0.751,-0.221,0.0,0.0,-0.0,1.81,-6.23,-82.98,5.367,0.5,0.5,80.44,246,0,2212
1496105,1,1,8,1.24,26.03059959,119.19304657,27.3,26.03060722,119.19299316,31.48,0.791,0.751,-0.221,-0.0,0.0,0.0,1.8,-6.23,-82.98,5.367,0.5,0.5,80.44,246,0,2214
1496317,1,1,8,1.24,26.03059959,119.19304657,27.3,26.03060722,119.19299316,31.48,0.791,0.751,-0.221,-0.0,0.0,0.0,1.8,-6.23,-82.99,5.367,0.5,0.5,80.44,246,0,2214
1496522,1,1,8,1.24,26.03059959,119.19303131,27.3,26.03060722,119.19299316,31.48,0.791,0.751,-0.221,-0.0,0.0,0.0,1.78,-6.22,-83.02,5.367,0.5,0.5,82.0,246,0,2215
1496725,1,1,9,1.24,26.03059959,119.19303131,27.2,26.03060722,119.19299316,31.48,0.793,0.75,-0.221,0.0,0.0,0.0,1.78,-6.21,-83.03,3.862,0.5,0.5,82.0,247,0,2218
1496925,1,1,9,1.24,26.03059959,119.19303131,27.2,26.03060722,119.19299316,31.48,0.792,0.751,-0.221,0.0,0.0,0.001,1.78,-6.21,-83.02,3.862,0.5,0.5,82.0,247,0,2221
1497129,1,1,9,1.24,26.03059959,119.19303131,27.2,26.03060722,119.19299316,31.48,0.791,0.751,-0.221,0.0,-0.0,0.0,1.8,-6.22,-82.99,3.862,0.5,0.5,82.0,247,0,2223
1497331,1,1,9,1.24,26.03059959,119.19303131,27.2,26.03060722,119.19299316,31.48,0.791,0.751,-0.221,0.0,-0.0,0.0,1.8,-6.22,-83.0,3.862,0.5,0.5,82.0,247,0,2223
1497541,1,1,9,1.24,26.03059959,119.19304657,27.2,26.03060722,119.19299316,31.48,0.791,0.751,-0.221,0.0,0.0,-0.0,1.8,-6.23,-82.97,3.862,0.5,0.5,83.17,247,0,2224
1497743,1,1,9,1.24,26.03059959,119.19304657,27.1,26.03060722,119.19299316,31.48,0.794,0.75,-0.221,0.0,0.0,0.0,1.81,-6.23,-82.95,5.367,0.5,0.5,83.17,248,0,2227
1497950,1,1,9,1.24,26.03059959,119.19304657,27.1,26.03060722,119.19299316,31.48,0.792,0.751,-0.221,0.0,-0.0,-0.0,1.82,-6.24,-82.95,5.367,0.5,0.5,83.17,248,0,2230
1498160,1,1,9,1.24,26.03059959,119.19304657,27.1,26.03060722,119.19299316,31.48,0.791,0.751,-0.221,-0.0,-0.0,-0.0,1.81,-6.26,-82.94,5.367,0.5,0.5,83.17,248,0,2232
1498367,1,1,9,1.24,26.03059959,119.19304657,27.1,26.03060722,119.19299316,31.48,0.791,0.751,-0.221,-0.0,-0.0,0.0,1.81,-6.26,-82.95,5.367,0.5,0.5,83.17,248,0,2232
1498577,1,1,9,1.24,26.03060341,119.19304657,27.1,26.03060722,119.19299316,31.48,0.791,0.751,-0.221,-0.0,0.0,-0.0,1.79,-6.26,-82.96,5.367,0.5,0.5,85.0,248,0,2234
1498813,1,1,9,1.24,26.03060341,119.19304657,26.7,26.03060722,119.19299316,31.48,0.793,0.751,-0.221,-0.0,0.0,0.0,1.79,-6.24,-82.97,5.324,0.5,0.5,85.0,249,0,2237
1499013,1,1,9,1.24,26.03060341,119.19304657,26.7,26.03060722,119.19299316,31.48,0.792,0.751,-0.221,-0.0,0.0,0.001,1.79,-6.24,-82.96,5.324,0.5,0.5,85.0,249,0,2240
1499216,1,1,9,1.24,26.03060341,119.19304657,26.7,26.03060722,119.19299316,31.48,0.791,0.751,-0.221,-0.0,-0.0,0.001,1.78,-6.24,-82.95,5.324,0.5,0.5,85.0,249,0,2241
1499420,1,1,9,1.24,26.03060341,119.19304657,26.7,26.03060722,119.19299316,31.48,0.791,0.751,-0.221,0.0,-0.0,0.0,1.79,-6.25,-82.96,5.324,0.5,0.5,85.0,249,0,2241
1499630,1,1,7,1.24,26.03060722,119.19304657,26.4,26.03060722,119.19299316,31.48,0.795,0.751,-0.221,0.0,0.0,-0.0,1.8,-6.24,-82.96,5.315,0.5,0.5,78.69,250,0,2244
1499841,1,1,7,1.24,26.03060722,119.19304657,26.4,26.03060722,119.19299316,31.48,0.793,0.751,-0.221,-0.0,0.0,0.0,1.77,-6.25,-82.95,5.315,0.5,0.5,78.69,250,0,2247
1500060,1,1,7,1.24,26.03060722,119.19304657,26.4,26.03060722,119.19299316,31.48,0.792,0.751,-0.221,0.0,0.0,-0.0,1.78,-6.24,-82.95,5.315,0.5,0.5,78.69,250,0,2250
1500262,1,1,7,1.24,26.03060722,119.19304657,26.4,26.03060722,119.19299316,31.48,0.791,0.751,-0.221,-0.0,0.0,0.0,1.79,-6.23,-82.93,5.315,0.5,0.5,78.69,250,0,2250
1500465,1,1,7,1.24,26.03060722,119.19304657,26.4,26.03060722,119.19299316,31.48,0.791,0.751,-0.221,-0.0,0.0,0.0,1.78,-6.23,-82.94,5.315,0.5,0.5,85.27,250,0,2250
1500704,1,1,7,1.24,26.03060722,119.19303131,26.2,26.03060722,119.19299316,31.48,0.793,0.751,-0.221,-0.0,0.0,0.0,1.78,-6.23,-82.92,3.789,0.5,0.5,85.27,251,0,2254
1500912,1,1,7,1.24,26.03060722,119.19303131,26.2,26.03060722,119.19299316,31.48,0.792,0.751,-0.221,-0.0,0.0,-0.0,1.77,-6.23,-82.94,3.789,0.5,0.5,85.27,251,0,2257
1501116,1,1,7,1.24,26.03060722,119.19303131,26.2,26.03060722,119.19299316,31.48,0.791,0.751,-0.221,-0.0,0.0,-0.0,1.77,-6.23,-82.93,3.789,0.5,0.5,85.27,251,0,2259
1501327,1,1,7,1.24,26.03060722,119.19303131,26.2,26.03060722,119.19299316,31.48,0.791,0.751,-0.221,0.0,-0.0,0.0,1.79,-6.22,-82.94,3.789,0.5,0.5,85.27,251,0,2259
1501528,1,1,7,1.24,26.03060722,119.19304657,26.2,26.03060722,119.19299316,31.48,0.791,0.751,-0.221,-0.0,-0.0,0.0,1.8,-6.22,-82.91,3.789,0.5,0.5,85.91,251,0,2260
1501740,1,1,7,1.24,26.03060722,119.19304657,26.0,26.03060722,119.19299316,31.48,0.794,0.751,-0.221,-0.0,-0.0,-0.0,1.74,-6.21,-82.88,5.315,0.5,0.5,85.91,252,0,2263
1501947,1,1,7,1.24,26.03060722,119.19304657,26.0,26.03060722,119.19299316,31.48,0.792,0.751,-0.221,-0.0,-0.0,-0.0,1.7,-6.19,-82.89,5.315,0.5,0.5,85.91,252,0,2266
1502150,1,1,7,1.24,26.03060722,119.19304657,26.0,26.03060722,119.19299316,31.48,0.791,0.751,-0.221,0.0,-0.0,-0.0,1.71,-6.18,-82.88,5.315,0.5,0.5,85.91,252,0,2268
1502351,1,1,7,1.24,26.03060722,119.19304657,26.0,26.03060722,119.19299316,31.48,0.791,0.751,-0.221,-0.0,-0.0,0.001,1.7,-6.17,-82.89,5.315,0.5,0.5,85.91,252,0,2268
1502562,1,1,7,1.24,26.03060722,119.19304657,26.0,26.03060722,119.19299316,31.48,0.791,0.751,-0.221,0.0,-0.001,-0.002,1.67,-6.15,-82.91,5.315,0.5,0.5,82.83,252,0,2270
1502767,1,1,7,1.24,26.03060722,119.19304657,25.7,26.03060722,119.19299316,31.46,0.899,0.753,-0.243,0.002,0.0,0.001,1.77,-6.1,-82.92,5.315,0.501,0.501,82.83,253,0,2273
1502970,1,1,7,1.24,26.03060722,119.19304657,25.7,26.03060722,119.19299316,31.46,0.9,0.753,-0.243,0.002,-0.001,0.001,1.75,-6.15,-82.95,5.315,0.508,0.508,82.83,253,0,2276
1503170,1,1,7,1.24,26.03060722,119.19304657,25.7,26.03060722,119.19299316,31.46,0.9,0.752,-0.243,0.001,-0.001,0.002,1.74,-6.14,-82.98,5.315,0.524,0.524,82.83,253,0,2277
1503378,1,1,7,1.24,26.03060722,119.19304657,25.7,26.03060722,119.19299316,31.46,0.9,0.753,-0.243,0.0,0.0,0.0,1.74,-6.14,-82.97,5.315,0.5,0.5,82.83,253,0,2277
1503579,1,1,7,1.24,26.03061485,119.19304657,25.7,26.03060722,119.19299316,31.46,0.9,0.752,-0.243,0.0,-0.0,-0.001,1.74,-6.16,-82.97,5.315,0.5,0.5,110.0,253,0,2279
1503787,1,1,7,1.24,26.03061485,119.19304657,25.3,26.03060722,119.19299316,31.46,0.902,0.753,-0.243,-0.0,0.0,-0.0,1.72,-6.16,-83.02,5.291,0.5,0.5,110.0,254,0,2282
1503997,1,1,7,1.24,26.03061485,119.19304657,25.3,26.03060722,119.19299316,31.46,0.901,0.753,-0.243,0.0,-0.0,-0.0,1.72,-6.19,-83.04,5.291,0.5,0.5,110.0,254,0,2285
1504199,1,1,7,1.24,26.03061485,119.19304657,25.3,26.03060722,119.19299316,31.46,0.9,0.752,-0.243,-0.0,0.0,0.0,1.73,-6.18,-83.04,5.291,0.5,0.5,110.0,254,0,2286
1504401,1,1,7,1.24,26.03061485,119.19304657,25.3,26.03060722,119.19299316,31.46,0.9,0.752,-0.243,-0.0,-0.0,0.0,1.71,-6.19,-83.02,5.291,0.5,0.5,110.0,254,0,2286
1504608,1,1,7,1.24,26.03061867,119.19304657,25.3,26.03060722,119.19299316,31.46,0.9,0.752,-0.243,-0.0,0.0,-0.0,1.72,-6.17,-82.99,5.291,0.5,0.5,83.98,254,0,2288
1504818,1,1,7,1.24,26.03061867,119.19304657,25.0,26.03060722,119.19299316,31.46,0.902,0.753,-0.243,0.0,-0.0,0.0,1.72,-6.2,-82.99,5.383,0.5,0.5,83.98,255,0,2291
1505026,1,1,7,1.24,26.03061867,119.19304657,25.0,26.03060722,119.19299316,31.46,0.901,0.753,-0.243,0.0,0.0,-0.0,1.73,-6.19,-82.98,5.383,0.5,0.5,83.98,255,0,2295
1505231,1,1,7,1.24,26.03061867,119.19304657,25.0,26.03060722,119.19299316,31.46,0.9,0.752,-0.243,0.0,-0.0,-0.0,1.74,-6.18,-82.97,5.383,0.5,0.5,83.98,255,0,2295
1505436,1,1,7,1.24,26.03061867,119.19304657,25.0,26.03060722,119.19299316,31.46,0.9,0.752,-0.243,-0.0,-0.0,-0.0,1.73,-6.19,-82.96,5.383,0.5,0.5,83.98,255,0,2295
1505652,1,1,7,1.24,26.03061867,119.19304657,24.7,26.03060722,119.19299316,31.46,0.904,0.754,-0.244,0.0,-0.0,0.0,1.74,-6.2,-82.98,5.383,0.5,0.5,87.82,256,0,2298
1505854,1,1,7,1.24,26.03061867,119.19304657,24.7,26.03060722,119.19299316,31.46,0.902,0.753,-0.243,-0.0,0.0,-0.0,1.74,-6.19,-82.97,5.383,0.5,0.5,87.82,256,0,2301
1506062,1,1,7,1.24,26.03061867,119.19304657,24.7,26.03060722,119.19299316,31.46,0.901,0.753,-0.243,0.0,-0.0,-0.0,1.74,-6.21,-83.0,5.383,0.5,0.5,87.82,256,0,2304
1506265,1,1,7,1.24,26.03061867,119.19304657,24.7,26.03060722,119.19299316,31.46,0.9,0.752,-0.243,-0.0,-0.0,0.0,1.72,-6.21,-82.99,5.383,0.5,0.5,87.82,256,0,2304
1506471,1,1,7,1.24,26.03061867,119.19304657,24.7,26.03060722,119.19299316,31.46,0.9,0.752,-0.243,0.0,0.0,-0.0,1.73,-6.19,-83.02,5.383,0.5,0.5,87.82,256,0,2304
1506701,1,1,8,1.24,26.03062248,119.19303131,24.2,26.03060722,119.19299316,31.46,0.902,0.753,-0.243,-0.0,-0.0,0.0,1.73,-6.2,-83.0,4.094,0.5,0.5,79.92,257,0,2308
1506905,1,1,8,1.24,26.03062248,119.19303131,24.2,26.03060722,119.19299316,31.46,0.901,0.753,-0.243,0.0,0.0,0.0,1.74,-6.19,-82.99,4.094,0.5,0.5,79.92,257,0,2311
1507109,1,1,8,1.24,26.03062248,119.19303131,24.2,26.03060722,119.19299316,31.46,0.9,0.753,-0.243,0.0,0.0,0.0,1.74,-6.18,-83.0,4.094,0.5,0.5,79.92,257,0,2313
1507321,1,1,8,1.24,26.03062248,119.19303131,24.2,26.03060722,119.19299316,31.46,0.9,0.752,-0.243,-0.0,-0.0,0.0,1.73,-6.19,-83.01,4.094,0.5,0.5,79.92,257,0,2313
1507528,1,1,8,1.24,26.0306282,119.19304657,24.2,26.03060722,119.19299316,31.46,0.9,0.752,-0.243,-0.0,-0.0,0.0,1.73,-6.18,-83.02,4.094,0.5,0.5,83.25,257,0,2314
1507739,1,1,9,1.24,26.0306282,119.19304657,23.9,26.03060722,119.19299316,31.46,0.903,0.754,-0.244,0.0,-0.0,-0.0,1.73,-6.17,-83.02,5.746,0.5,0.5,83.25,258,0,2317
1507948,1,1,9,1.24,26.0306282,119.19304657,23.9,26.03060722,119.19299316,31.46,0.901,0.753,-0.243,0.0,-0.0,0.0,1.74,-6.18,-83.03,5.746,0.5,0.5,83.25,258,0,2320
1508150,1,1,9,1.24,26.0306282,119.19304657,23.9,26.03060722,119.19299316,31.46,0.9,0.753,-0.243,-0.0,-0.0,-0.0,1.74,-6.2,-83.04,5.746,0.5,0.5,83.25,258,0,2322
1508351,1,1,9,1.24,26.0306282,119.19304657,23.9,26.03060722,119.19299316,31.46,0.9,0.753,-0.243,0.0,0.0,0.0,1.76,-6.18,-83.02,5.746,0.5,0.5,83.25,258,0,2322
1508562,1,1,9,1.24,26.0306282,119.19301605,23.9,26.03060722,119.19299316,31.46,0.9,0.752,-0.243,0.0,0.0,0.0,1.76,-6.17,-83.02,5.746,0.5,0.5,84.14,258,0,2324
1508772,1,1,9,1.24,26.0306282,119.19301605,23.5,26.03060722,119.19299316,31.46,0.901,0.754,-0.244,0.0,-0.0,0.0,1.77,-6.18,-83.03,3.248,0.5,0.5,84.14,259,0,2327
1508974,1,1,9,1.24,26.0306282,119.19301605,23.5,26.03060722,119.19299316,31.46,0.9,0.753,-0.243,0.0,-0.0,0.0,1.78,-6.2,-83.04,3.248,0.5,0.5,84.14,259,0,2330
1509178,1,1,9,1.24,26.0306282,119.19301605,23.5,26.03060722,119.19299316,31.46,0.9,0.753,-0.243,-0.0,0.0,0.0,1.75,-6.19,-83.03,3.248,0.5,0.5,84.14,259,0,2331
1509382,1,1,9,1.24,26.0306282,119.19301605,23.5,26.03060722,119.19299316,31.46,0.9,0.753,-0.243,0.0,0.0,-0.0,1.75,-6.2,-83.03,3.248,0.5,0.5,84.14,259,0,2331
1509588,1,1,9,1.24,26.03063583,119.19301605,23.5,26.03060722,119.19299316,31.46,0.9,0.752,-0.243,0.0,0.0,-0.0,1.77,-6.19,-82.99,3.248,0.5,0.5,83.82,259,0,2333
1509808,1,1,9,1.24,26.03063583,119.19301605,23.2,26.03060722,119.19299316,31.46,0.901,0.754,-0.243,-0.0,0.0,0.0,1.77,-6.19,-82.99,3.925,0.5,0.5,83.82,260,0,2336
1510009,1,1,9,1.24,26.03063583,119.19301605,23.2,26.03060722,119.19299316,31.46,0.9,0.753,-0.243,-0.0,-0.0,0.0,1.78,-6.2,-83.0,3.925,0.5,0.5,83.82,260,0,2339
1510215,1,1,9,1.24,26.03063583,119.19301605,23.2,26.03060722,119.19299316,31.46,0.9,0.753,-0.243,-0.0,0.0,0.0,1.77,-6.18,-83.0,3.925,0.5,0.5,83.82,260,0,2340
1510415,1,1,9,1.24,26.03063583,119.19301605,23.2,26.03060722,119.19299316,31.46,0.9,0.752,-0.243,-0.0,-0.0,0.0,1.76,-6.19,-83.0,3.925,0.5,0.5,83.82,260,0,2340
1510631,1,1,8,1.24,26.03063965,119.19303131,22.9,26.03060722,119.19299316,31.46,0.903,0.756,-0.244,0.0,-0.0,0.0,1.77,-6.22,-83.01,5.222,0.5,0.5,83.92,261,0,2343
1510841,1,1,8,1.24,26.03063965,119.19303131,22.9,26.03060722,119.19299316,31.46,0.901,0.754,-0.243,0.0,0.0,-0.0,1.77,-6.2,-83.04,5.222,0.5,0.5,83.92,261,0,2346
1511060,1,1,8,1.24,26.03063965,119.19303131,22.9,26.03060722,119.19299316,31.46,0.9,0.753,-0.243,0.0,0.0,0.0,1.77,-6.21,-83.03,5.222,0.5,0.5,83.92,261,0,2349
1511261,1,1,8,1.24,26.03063965,119.19303131,22.9,26.03060722,119.19299316,31.46,0.9,0.753,-0.243,0.0,0.0,0.0,1.75,-6.19,-83.03,5.222,0.5,0.5,83.92,261,0,2349
1511466,1,1,8,1.24,26.03063965,119.19303131,22.9,26.03060722,119.19299316,31.46,0.9,0.752,-0.243,0.0,-0.0,-0.0,1.75,-6.19,-83.01,5.222,0.5,0.5,83.92,261,0,2349
1511704,1,1,8,1.24,26.03064728,119.19301605,22.6,26.03060722,119.19299316,31.46,0.901,0.755,-0.244,-0.0,0.0,-0.0,1.74,-6.18,-82.99,5.039,0.5,0.5,82.5,262,0,2353
1511911,1,1,8,1.24,26.03064728,119.19301605,22.6,26.03060722,119.19299316,31.46,0.9,0.753,-0.243,0.0,-0.0,0.0,1.74,-6.18,-83.0,5.039,0.5,0.5,82.5,262,0,2356
1512115,1,1,8,1.24,26.03064728,119.19301605,22.6,26.03060722,119.19299316,31.46,0.9,0.753,-0.243,0.0,-0.0,0.001,1.77,-6.19,-83.01,5.039,0.5,0.5,82.5,262,0,2358
1512327,1,1,8,1.24,26.03064728,119.19301605,22.6,26.03060722,119.19299316,31.46,0.9,0.753,-0.243,0.0,-0.0,0.0,1.75,-6.2,-83.03,5.039,0.5,0.5,82.5,262,0,2358
1512527,1,1,8,1.24,26.03064728,119.19303131,22.6,26.03060722,119.19299316,31.46,0.9,0.752,-0.243,-0.0,-0.0,0.0,1.74,-6.19,-83.01,5.039,0.5,0.5,82.5,262,0,2359
1512745,1,1,9,1.24,26.03064728,119.19303131,22.5,26.03060722,119.19299316,31.46,0.902,0.755,-0.244,-0.0,0.0,-0.0,1.74,-6.18,-83.0,5.856,0.5,0.5,85.91,263,0,2362
1512956,1,1,9,1.24,26.03064728,119.19303131,22.5,26.03060722,119.19299316,31.46,0.901,0.753,-0.243,0.0,0.0,0.001,1.74,-6.19,-82.97,5.856,0.5,0.5,85.91,263,0,2365
1513156,1,1,9,1.24,26.03064728,119.19303131,22.5,26.03060722,119.19299316,31.46,0.9,0.753,-0.243,-0.0,0.0,-0.0,1.74,-6.17,-82.98,5.856,0.5,0.5,85.91,263,0,2367
1513361,1,1,9,1.24,26.03064728,119.19303131,22.5,26.03060722,119.19299316,31.46,0.9,0.753,-0.243,0.0,-0.0,-0.0,1.74,-6.19,-83.01,5.856,0.5,0.5,85.91,263,0,2367
1513572,1,1,9,1.24,26.03064728,119.19301605,22.5,26.03060722,119.19299316,31.46,0.9,0.752,-0.243,0.0,0.0,-0.0,1.76,-6.17,-83.03,5.856,0.5,0.5,85.91,263,0,2369
1513807,1,1,9,1.24,26.03064728,119.19301605,22.2,26.03060722,119.19299316,31.46,0.901,0.754,-0.243,0.0,-0.0,0.0,1.77,-6.18,-83.02,5.039,0.5,0.5,81.67,264,0,2372
1514008,1,1,9,1.24,26.03064728,119.19301605,22.2,26.03060722,119.19299316,31.46,0.9,0.753,-0.243,-0.0,0.0,-0.0,1.74,-6.16,-83.01,5.039,0.5,0.5,81.67,264,0,2375
1514209,1,1,9,1.24,26.03064728,119.19301605,22.2,26.03060722,119.19299316,31.46,0.9,0.753,-0.243,0.0,-0.0,0.004,1.84,-6.11,-83.0,5.039,0.5,0.5,81.67,264,0,2376
1514414,1,1,9,1.24,26.03064728,119.19301605,22.2,26.03060722,119.19299316,31.46,0.9,0.753,-0.243,-0.0,-0.001,0.001,1.65,-6.23,-83.03,5.039,0.504,0.504,81.67,264,0,2376
1514618,1,1,9,1.24,26.03065109,119.19301605,22.2,26.03060722,119.19299316,31.46,0.9,0.752,-0.243,0.001,-0.001,0.001,1.67,-6.24,-83.01,5.039,0.515,0.515,109.45,264,0,2378
1514832,1,1,9,1.24,26.03065109,119.19301605,22.1,26.03060722,119.19299316,31.42,0.946,0.859,-0.281,0.0,-0.0,-0.0,1.68,-6.22,-83.01,5.426,0.5,0.5,109.45,265,0,2382
1515040,1,1,9,1.24,26.03065109,119.19301605,22.1,26.03060722,119.19299316,31.42,0.947,0.861,-0.282,0.0,0.0,-0.0,1.68,-6.21,-83.0,5.426,0.5,0.5,109.45,265,0,2385
1515251,1,1,9,1.24,26.03065109,119.19301605,22.1,26.03060722,119.19299316,31.42,0.948,0.862,-0.282,-0.0,0.0,0.001,1.69,-6.22,-82.99,5.426,0.5,0.5,109.45,265,0,2385
1515457,1,1,9,1.24,26.03065109,119.19301605,22.1,26.03060722,119.19299316,31.42,0.948,0.863,-0.282,-0.0,0.0,0.001,1.7,-6.2,-82.99,5.426,0.5,0.5,109.45,265,0,2385
1515687,1,1,9,1.24,26.03065109,119.19301605,22.0,26.03060722,119.19299316,31.42,0.949,0.865,-0.283,-0.0,0.0,-0.001,1.71,-6.21,-82.99,5.305,0.5,0.5,92.0,266,0,2389
1515890,1,1,9,1.24,26.03065109,119.19301605,22.0,26.03060722,119.19299316,31.42,0.948,0.864,-0.283,0.0,0.0,0.0,1.75,-6.18,-82.99,5.305,0.5,0.5,92.0,266,0,2391
1516098,1,1,9,1.24,26.03065109,119.19301605,22.0,26.03060722,119.19299316,31.42,0.948,0.863,-0.282,-0.0,0.0,0.0,1.74,-6.13,-83.0,5.305,0.5,0.5,92.0,266,0,2394
1516301,1,1,9,1.24,26.03065109,119.19301605,22.0,26.03060722,119.19299316,31.42,0.948,0.863,-0.282,-0.0,-0.001,-0.001,1.7,-6.17,-82.99,5.305,0.5,0.5,92.0,266,0,2394
1516506,1,1,9,1.24,26.03065109,119.19301605,22.0,26.03060722,119.19299316,31.42,0.948,0.863,-0.282,0.0,-0.0,0.0,1.72,-6.17,-82.99,5.305,0.5,0.5,92.0,266,0,2394
1516715,1,1,9,1.24,26.03066063,119.19301605,21.7,26.03060722,119.19299316,31.42,0.949,0.866,-0.283,-0.0,-0.0,0.0,1.72,-6.18,-82.99,6.294,0.5,0.5,82.75,267,0,2398
1516921,1,1,9,1.24,26.03066063,119.19301605,21.7,26.03060722,119.19299316,31.42,0.949,0.864,-0.283,-0.0,0.0,0.001,1.72,-6.2,-82.98,6.294,0.5,0.5,82.75,267,0,2401
1517124,1,1,9,1.24,26.03066063,119.19301605,21.7,26.03060722,119.19299316,31.42,0.948,0.863,-0.282,0.0,-0.0,0.0,1.73,-6.21,-83.01,6.294,0.5,0.5,82.75,267,0,2403
1517331,1,1,9,1.24,26.03066063,119.19301605,21.7,26.03060722,119.19299316,31.42,0.948,0.863,-0.282,-0.0,-0.0,-0.0,1.72,-6.2,-82.98,6.294,0.5,0.5,82.75,267,0,2403
1517534,1,1,9,1.24,26.03066063,119.19301605,21.7,26.03060722,119.19299316,31.42,0.948,0.863,-0.282,-0.0,0.0,0.0,1.72,-6.19,-82.96,6.294,0.5,0.5,82.75,267,0,2404
1517746,1,1,9,1.24,26.03066063,119.19301605,21.4,26.03060722,119.19299316,31.42,0.949,0.866,-0.283,0.0,-0.0,-0.0,1.73,-6.18,-82.98,6.294,0.5,0.5,82.93,268,0,2407
1517956,1,1,9,1.24,26.03066063,119.19301605,21.4,26.03060722,119.19299316,31.42,0.949,0.864,-0.283,-0.0,-0.0,-0.0,1.73,-6.18,-82.99,6.294,0.5,0.5,82.93,268,0,2410
1518165,1,1,9,1.24,26.03066063,119.19301605,21.4,26.03060722,119.19299316,31.42,0.948,0.863,-0.282,-0.0,0.0,-0.0,1.73,-6.16,-82.98,6.294,0.5,0.5,82.93,268,0,2412
1518371,1,1,9,1.24,26.03066063,119.19301605,21.4,26.03060722,119.19299316,31.42,0.948,0.863,-0.282,0.0,-0.0,0.0,1.75,-6.19,-82.98,6.294,0.5,0.5,82.93,268,0,2412
1518577,1,1,9,1.24,26.03066444,119.19301605,21.4,26.03060722,119.19299316,31.42,0.948,0.863,-0.282,0.0,0.0,-0.0,1.76,-6.18,-82.98,6.294,0.5,0.5,82.93,268,0,2414
1518795,1,1,9,1.24,26.03066444,119.19301605,21.2,26.03060722,119.19299316,31.42,0.949,0.865,-0.283,-0.0,0.0,0.0,1.75,-6.18,-82.98,6.695,0.5,0.5,84.33,269,0,2417
1518995,1,1,9,1.24,26.03066444,119.19301605,21.2,26.03060722,119.19299316,31.42,0.948,0.864,-0.283,0.0,0.0,-0.0,1.76,-6.18,-82.98,6.695,0.5,0.5,84.33,269,0,2420
1519196,1,1,9,1.24,26.03066444,119.19301605,21.2,26.03060722,119.19299316,31.42,0.948,0.863,-0.282,0.0,0.0,0.0,1.76,-6.19,-82.96,6.695,0.5,0.5,84.33,269,0,2421
1519401,1,1,9,1.24,26.03066444,119.19301605,21.2,26.03060722,119.19299316,31.42,0.948,0.863,-0.282,-0.0,0.0,0.0,1.75,-6.18,-82.98,6.695,0.5,0.5,84.33,269,0,2421
1519614,1,1,9,1.24,26.03067589,119.19300079,21.2,26.03060722,119.19299316,31.42,0.948,0.863,-0.282,-0.0,0.0,-0.0,1.75,-6.18,-82.97,6.695,0.5,0.5,84.33,269,0,2423
1519822,1,1,9,1.04,26.03067589,119.19300079,20.9,26.03060722,119.19299316,31.42,0.948,0.866,-0.283,-0.0,0.0,0.001,1.75,-6.16,-82.98,7.652,0.5,0.5,83.25,270,0,2426
1520022,1,1,9,1.04,26.03067589,119.19300079,20.9,26.03060722,119.19299316,31.42,0.948,0.864,-0.282,0.0,-0.0,-0.0,1.76,-6.17,-82.97,7.652,0.5,0.5,83.25,270,0,2429
1520225,1,1,9,1.04,26.03067589,119.19300079,20.9,26.03060722,119.19299316,31.42,0.948,0.863,-0.282,-0.0,0.0,0.0,1.76,-6.16,-82.96,7.652,0.5,0.5,83.25,270,0,2430
1520425,1,1,9,1.04,26.03067589,119.19300079,20.9,26.03060722,119.19299316,31.42,0.948,0.863,-0.282,0.0,-0.0,0.0,1.74,-6.18,-82.97,7.652,0.5,0.5,83.25,270,0,2430
1520635,1,1,9,1.04,26.0306797,119.19300079,20.9,26.03060722,119.19299316,31.42,0.948,0.863,-0.282,0.0,0.0,0.001,1.74,-6.18,-82.98,7.652,0.5,0.5,83.25,270,0,2432
1520842,1,1,9,1.24,26.0306797,119.19300079,20.5,26.03060722,119.19299316,31.42,0.948,0.865,-0.283,-0.0,0.0,-0.0,1.74,-6.18,-83.0,8.075,0.5,0.5,79.96,271,0,2435
1521043,1,1,9,1.24,26.0306797,119.19300079,20.5,26.03060722,119.19299316,31.42,0.948,0.864,-0.283,0.0,0.0,-0.0,1.74,-6.18,-83.0,8.075,0.5,0.5,79.96,271,0,2439
1521250,1,1,9,1.24,26.0306797,119.19300079,20.5,26.03060722,119.19299316,31.42,0.948,0.863,-0.282,0.0,0.0,0.0,1.74,-6.18,-82.98,8.075,0.5,0.5,79.96,271,0,2439
1521457,1,1,9,1.24,26.0306797,119.19300079,20.5,26.03060722,119.19299316,31.42,0.948,0.863,-0.282,0.0,0.0,-0.0,1.75,-6.17,-82.98,8.075,0.5,0.5,79.96,271,0,2439
1521694,1,1,9,1.04,26.03067589,119.19300079,20.6,26.03060722,119.19299316,31.42,0.949,0.869,-0.283,-0.0,0.0,-0.001,1.75,-6.16,-82.98,7.652,0.5,0.5,83.42,272,0,2443
1521895,1,1,9,1.04,26.03067589,119.19300079,20.6,26.03060722,119.19299316,31.42,0.948,0.865,-0.283,0.0,0.0,-0.0,1.76,-6.16,-82.99,7.652,0.5,0.5,83.42,272,0,2445
1522097,1,1,9,1.04,26.03067589,119.19300079,20.6,26.03060722,119.19299316,31.42,0.948,0.864,-0.282,-0.0,0.0,0.001,1.76,-6.17,-82.97,7.652,0.5,0.5,83.42,272,0,2448
1522299,1,1,9,1.04,26.03067589,119.19300079,20.6,26.03060722,119.19299316,31.42,0.948,0.863,-0.282,0.0,-0.0,0.0,1.75,-6.18,-82.96,7.652,0.5,0.5,83.42,272,0,2448
1522511,1,1,9,1.04,26.03067589,119.19300079,20.6,26.03060722,119.19299316,31.42,0.948,0.863,-0.282,0.0,0.0,0.0,1.75,-6.19,-82.96,7.652,0.5,0.5,83.42,272,0,2448
1522719,1,1,9,1.04,26.03066826,119.19301605,21.0,26.03060722,119.19299316,31.42,0.95,0.868,-0.283,-0.0,0.0,-0.0,1.75,-6.19,-82.97,7.1,0.5,0.5,80.95,273,0,2452
1522927,1,1,9,1.04,26.03066826,119.19301605,21.0,26.03060722,119.19299316,31.42,0.949,0.865,-0.283,0.0,-0.0,0.0,1.75,-6.2,-82.97,7.1,0.5,0.5,80.95,273,0,2455
1523131,1,1,9,1.04,26.03066826,119.19301605,21.0,26.03060722,119.19299316,31.42,0.948,0.864,-0.282,-0.0,0.0,0.0,1.76,-6.19,-83.0,7.1,0.5,0.5,80.95,273,0,2457
1523331,1,1,9,1.04,26.03066826,119.19301605,21.0,26.03060722,119.19299316,31.42,0.948,0.863,-0.282,0.0,-0.0,-0.0,1.78,-6.2,-82.99,7.1,0.5,0.5,80.95,273,0,2457
1523533,1,1,9,1.04,26.03066826,119.19301605,21.0,26.03060722,119.19299316,31.42,0.948,0.863,-0.282,0.0,-0.0,0.0,1.77,-6.21,-82.98,7.1,0.5,0.5,80.95,273,0,2458
1523739,1,1,9,1.04,26.03066826,119.19301605,21.4,26.03060722,119.19299316,31.42,0.95,0.868,-0.283,0.0,0.0,-0.0,1.76,-6.2,-82.98,7.1,0.5,0.5,85.27,274,0,2461
1523957,1,1,9,1.04,26.03066826,119.19301605,21.4,26.03060722,119.19299316,31.42,0.949,0.865,-0.283,0.0,-0.0,-0.0,1.76,-6.22,-83.0,7.1,0.5,0.5,85.27,274,0,2464
1524159,1,1,9,1.04,26.03066826,119.19301605,21.4,26.03060722,119.19299316,31.42,0.948,0.864,-0.282,0.0,-0.0,0.0,1.76,-6.21,-83.0,7.1,0.5,0.5,85.27,274,0,2466
1524367,1,1,9,1.04,26.03066826,119.19301605,21.4,26.03060722,119.19299316,31.42,0.948,0.863,-0.282,0.0,0.0,-0.0,1.77,-6.21,-83.0,7.1,0.5,0.5,85.27,274,0,2466
1524575,1,1,9,1.04,26.03066826,119.19301605,21.4,26.03060722,119.19299316,31.42,0.948,0.863,-0.282,-0.0,0.0,-0.0,1.74,-6.18,-82.97,7.1,0.5,0.5,85.27,274,0,2468
1524781,1,1,9,1.04,26.03066826,119.19301605,21.2,26.03060722,119.19299316,31.42,0.95,0.868,-0.283,0.0,0.0,0.0,1.77,-6.19,-82.97,7.1,0.5,0.5,82.11,275,0,2471
1524983,1,1,9,1.04,26.03066826,119.19301605,21.2,26.03060722,119.19299316,31.42,0.949,0.865,-0.283,0.0,-0.0,0.0,1.76,-6.19,-82.98,7.1,0.5,0.5,82.11,275,0,2474
1525187,1,1,9,1.04,26.03066826,119.19301605,21.2,26.03060722,119.19299316,31.42,0.948,0.864,-0.282,-0.0,0.0,0.0,1.77,-6.17,-82.98,7.1,0.5,0.5,82.11,275,0,2475
1525390,1,1,9,1.04,26.03066826,119.19301605,21.2,26.03060722,119.19299316,31.42,0.948,0.863,-0.282,0.0,-0.0,0.0,1.77,-6.17,-82.97,7.1,0.5,0.5,82.11,275,0,2475
1525595,1,1,9,1.04,26.03066444,119.19301605,21.2,26.03060722,119.19299316,31.42,0.948,0.863,-0.282,-0.0,-0.0,0.0,1.78,-6.17,-82.96,7.1,0.5,0.5,82.11,275,0,2477
1525807,1,1,9,1.04,26.03066444,119.19301605,21.7,26.03060722,119.19299316,31.42,0.949,0.866,-0.283,0.0,0.0,-0.0,1.77,-6.17,-82.97,6.695,0.5,0.5,84.66,276,0,2480
1526007,1,1,9,1.04,26.03066444,119.19301605,21.7,26.03060722,119.19299316,31.42,0.948,0.864,-0.282,-0.0,-0.0,-0.0,1.76,-6.17,-82.98,6.695,0.5,0.5,84.66,276,0,2483
1526210,1,1,9,1.04,26.03066444,119.19301605,21.7,26.03060722,119.19299316,31.42,0.948,0.863,-0.282,0.0,-0.0,0.0,1.76,-6.19,-82.99,6.695,0.5,0.5,84.66,276,0,2484
1526410,1,1,9,1.04,26.03066444,119.19301605,21.7,26.03060722,119.19299316,31.42,0.948,0.863,-0.282,0.0,0.0,0.0,1.77,-6.2,-83.0,6.695,0.5,0.5,84.66,276,0,2484
1526623,1,1,9,1.04,26.03065109,119.19301605,21.7,26.03060722,119.19299316,31.42,0.948,0.863,-0.282,-0.0,0.0,0.0,1.76,-6.19,-82.99,6.695,0.5,0.5,84.66,276,0,2486
1526825,1,1,9,1.04,26.03065109,119.19301605,22.2,26.03060722,119.19299316,31.42,0.949,0.865,-0.283,0.0,-0.0,0.0,1.76,-6.19,-82.97,5.305,0.5,0.5,81.11,277,0,2489
1527042,1,1,9,1.04,26.03065109,119.19301605,22.2,26.03060722,119.19299316,31.42,0.948,0.864,-0.282,0.0,0.0,0.0,1.77,-6.19,-82.96,5.305,0.5,0.5,81.11,277,0,2493
1527252,1,1,9,1.04,26.03065109,119.19301605,22.2,26.03060722,119.19299316,31.42,0.948,0.863,-0.282,0.0,0.0,-0.0,1.77,-6.19,-82.97,5.305,0.5,0.5,81.11,277,0,2493
1527457,1,1,9,1.04,26.03065109,119.19301605,22.2,26.03060722,119.19299316,31.42,0.948,0.863,-0.282,0.0,-0.0,0.0,1.76,-6.21,-82.96,5.305,0.5,0.5,81.11,277,0,2493
1527692,1,1,9,1.04,26.03065109,119.19304657,22.4,26.03060722,119.19299316,31.42,0.952,0.866,-0.283,-0.0,0.0,0.0,1.75,-6.19,-82.99,7.093,0.5,0.5,81.11,278,0,2497
1527895,1,1,9,1.04,26.03065109,119.19304657,22.4,26.03060722,119.19299316,31.42,0.95,0.864,-0.283,-0.0,0.0,0.0,1.75,-6.21,-83.0,7.093,0.5,0.5,83.09,278,0,2499
1528097,1,1,9,1.04,26.03065109,119.19304657,22.4,26.03060722,119.19299316,31.42,0.949,0.863,-0.282,-0.0,0.0,0.0,1.74,-6.21,-82.99,7.093,0.5,0.5,83.09,278,0,2502
1528302,1,1,9,1.04,26.03065109,119.19304657,22.4,26.03060722,119.19299316,31.42,0.948,0.863,-0.282,-0.0,-0.0,0.0,1.75,-6.2,-82.98,7.093,0.5,0.5,83.09,278,0,2502
1528504,1,1,9,1.04,26.03065109,119.19304657,22.4,26.03060722,119.19299316,31.42,0.948,0.863,-0.282,0.0,0.0,0.0,1.76,-6.21,-83.0,7.093,0.5,0.5,83.09,278,0,2502
1528704,1,1,9,1.04,26.03065109,119.19301605,22.5,26.03060722,119.19299316,31.42,0.95,0.866,-0.283,-0.0,-0.0,0.0,1.74,-6.2,-82.99,5.305,0.5,0.5,83.09,279,0,2506
1528904,1,1,9,1.04,26.03065109,119.19301605,22.5,26.03060722,119.19299316,31.42,0.949,0.864,-0.283,0.0,-0.0,0.0,1.73,-6.21,-82.99,5.305,0.5,0.5,81.69,279,0,2509
1529107,1,1,9,1.04,26.03065109,119.19301605,22.5,26.03060722,119.19299316,31.42,0.948,0.863,-0.282,0.0,-0.0,0.0,1.75,-6.22,-82.99,5.305,0.5,0.5,81.69,279,0,2511
1529317,1,1,9,1.04,26.03065109,119.19301605,22.5,26.03060722,119.19299316,31.42,0.948,0.863,-0.282,-0.0,0.0,0.0,1.76,-6.21,-82.98,5.305,0.5,0.5,81.69,279,0,2511
1529530,1,1,9,1.04,26.03067207,119.19301605,22.5,26.03060722,119.19299316,31.42,0.948,0.863,-0.282,0.0,0.0,0.0,1.77,-6.21,-82.97,5.305,0.5,0.5,81.69,279,0,2512
1529741,1,1,9,1.04,26.03067207,119.19301605,21.9,26.03060722,119.19299316,31.42,0.95,0.868,-0.283,0.0,0.0,-0.0,1.79,-6.21,-82.94,7.507,0.5,0.5,81.69,280,0,2515
1529944,1,1,9,1.04,26.03067207,119.19301605,21.9,26.03060722,119.19299316,31.42,0.949,0.865,-0.283,0.0,0.0,0.0,1.78,-6.22,-82.97,7.507,0.5,0.5,81.79,280,0,2518
1530144,1,1,9,1.04,26.03067207,119.19301605,21.9,26.03060722,119.19299316,31.42,0.948,0.864,-0.282,-0.0,-0.0,0.0,1.78,-6.21,-82.99,7.507,0.5,0.5,81.79,280,0,2520
1530345,1,1,9,1.04,26.03067207,119.19301605,21.9,26.03060722,119.19299316,31.42,0.948,0.863,-0.282,-0.0,0.0,0.0,1.76,-6.21,-83.0,7.507,0.5,0.5,81.79,280,0,2520
1530550,1,1,9,1.04,26.03067207,119.19301605,21.9,26.03060722,119.19299316,31.42,0.948,0.863,-0.282,-0.0,0.0,0.0,1.77,-6.21,-83.0,7.507,0.5,0.5,81.79,280,0,2522
1530756,1,1,9,1.04,26.03067207,119.19301605,21.7,26.03060722,119.19299316,31.42,0.95,0.868,-0.283,0.0,-0.0,0.001,1.78,-6.22,-82.99,7.506,0.5,0.5,81.79,281,0,2524
1530966,1,1,9,1.04,26.03067207,119.19301605,21.7,26.03060722,119.19299316,31.42,0.949,0.865,-0.283,0.0,0.0,0.0,1.79,-6.21,-83.0,7.506,0.5,0.5,82.52,281,0,2528
1531167,1,1,9,1.04,26.03067207,119.19301605,21.7,26.03060722,119.19299316,31.42,0.948,0.864,-0.282,0.0,-0.0,0.0,1.79,-6.21,-83.01,7.506,0.5,0.5,82.52,281,0,2529
1531375,1,1,9,1.04,26.03067207,119.19301605,21.7,26.03060722,119.19299316,31.42,0.948,0.863,-0.282,0.0,-0.0,-0.0,1.8,-6.21,-83.02,7.506,0.5,0.5,82.52,281,0,2529
1531581,1,1,9,1.04,26.03067207,119.19301605,21.7,26.03060722,119.19299316,31.42,0.948,0.863,-0.282,0.0,0.0,0.0,1.8,-6.23,-83.02,7.506,0.5,0.5,82.52,281,0,2531
1531804,1,1,8,1.03,26.03067207,119.19301605,21.6,26.03060722,119.19299316,31.42,0.949,0.866,-0.283,-0.0,0.0,0.0,1.77,-6.22,-83.01,7.506,0.5,0.5,82.52,282,0,2534
1532009,1,1,8,1.03,26.03067207,119.19301605,21.6,26.03060722,119.19299316,31.42,0.948,0.864,-0.282,0.0,-0.0,0.0,1.77,-6.22,-82.99,7.506,0.5,0.5,83.83,282,0,2537
1532215,1,1,8,1.03,26.03067207,119.19301605,21.6,26.03060722,119.19299316,31.42,0.948,0.863,-0.282,-0.0,0.0,-0.0,1.77,-6.21,-82.97,7.506,0.5,0.5,83.83,282,0,2538
1532426,1,1,8,1.03,26.03067207,119.19301605,21.6,26.03060722,119.19299316,31.42,0.948,0.863,-0.282,0.0,-0.0,0.0,1.77,-6.22,-82.95,7.506,0.5,0.5,83.83,282,0,2538
1532636,1,1,8,1.03,26.03067589,119.19301605,21.5,26.03060722,119.19299316,31.42,0.951,0.872,-0.284,-0.0,-0.0,0.0,1.76,-6.21,-82.99,7.915,0.5,0.5,83.83,283,0,2541
1532845,1,1,8,1.03,26.03067589,119.19301605,21.5,26.03060722,119.19299316,31.42,0.949,0.866,-0.283,0.0,0.0,-0.0,1.76,-6.18,-82.98,7.915,0.5,0.5,83.83,283,0,2544
1533063,1,1,8,1.03,26.03067589,119.19301605,21.5,26.03060722,119.19299316,31.42,0.948,0.864,-0.283,-0.0,0.0,-0.0,1.76,-6.19,-82.97,7.915,0.5,0.5,81.19,283,0,2547
1533265,1,1,8,1.03,26.03067589,119.19301605,21.5,26.03060722,119.19299316,31.42,0.948,0.863,-0.282,-0.0,0.0,0.0,1.75,-6.18,-82.96,7.915,0.5,0.5,81.19,283,0,2547
1533471,1,1,8,1.03,26.03067589,119.19301605,21.5,26.03060722,119.19299316,31.42,0.948,0.863,-0.282,-0.0,-0.0,0.0,1.75,-6.19,-82.94,7.915,0.5,0.5,81.19,283,0,2547
1533700,1,1,9,1.04,26.03067589,119.19301605,21.9,26.03060722,119.19299316,31.42,0.95,0.869,-0.283,0.0,0.0,0.001,1.75,-6.18,-82.94,7.915,0.5,0.5,81.19,284,0,2551
1533911,1,1,9,1.04,26.03067589,119.19301605,21.9,26.03060722,119.19299316,31.42,0.949,0.865,-0.283,0.0,-0.0,-0.0,1.76,-6.19,-82.94,7.915,0.5,0.5,85.83,284,0,2554
1534121,1,1,9,1.04,26.03067589,119.19301605,21.9,26.03060722,119.19299316,31.42,0.948,0.864,-0.282,-0.0,0.0,-0.0,1.76,-6.16,-82.93,7.915,0.5,0.5,85.83,284,0,2556
1534326,1,1,9,1.04,26.03067589,119.19301605,21.9,26.03060722,119.19299316,31.42,0.948,0.863,-0.282,-0.0,0.0,0.0,1.75,-6.16,-82.94,7.915,0.5,0.5,85.83,284,0,2556
1534540,1,1,9,1.04,26.03067589,119.19301605,21.9,26.03060722,119.19299316,31.42,0.948,0.863,-0.282,-0.0,0.0,0.0,1.75,-6.15,-82.96,7.915,0.5,0.5,85.83,284,0,2557
1534750,1,1,9,1.04,26.03067589,119.19301605,22.0,26.03060722,119.19299316,31.42,0.95,0.869,-0.283,0.0,-0.0,0.0,1.76,-6.16,-82.96,7.915,0.5,0.5,85.83,285,0,2560
1534956,1,1,9,1.04,26.03067589,119.19301605,22.0,26.03060722,119.19299316,31.42,0.949,0.865,-0.283,0.0,-0.0,-0.0,1.76,-6.18,-82.96,7.915,0.5,0.5,82.92,285,0,2563
1535166,1,1,9,1.04,26.03067589,119.19301605,22.0,26.03060722,119.19299316,31.42,0.948,0.864,-0.282,-0.0,-0.0,0.001,1.76,-6.18,-82.98,7.915,0.5,0.5,82.92,285,0,2565
1535371,1,1,9,1.04,26.03067589,119.19301605,22.0,26.03060722,119.19299316,31.42,0.948,0.863,-0.282,0.0,0.0,0.0,1.76,-6.17,-82.95,7.915,0.5,0.5,82.92,285,0,2565
1535581,1,1,9,1.04,26.03067589,119.19301605,22.0,26.03060722,119.19299316,31.42,0.948,0.863,-0.282,-0.0,0.0,-0.0,1.75,-6.17,-82.94,7.915,0.5,0.5,82.92,285,0,2567
1535785,1,1,9,1.04,26.03067589,119.19301605,21.8,26.03060722,119.19299316,31.42,0.949,0.866,-0.283,-0.0,0.0,-0.0,1.75,-6.18,-82.96,7.915,0.5,0.5,82.92,286,0,2570
1535991,1,1,9,1.04,26.03067589,119.19301605,21.8,26.03060722,119.19299316,31.42,0.948,0.864,-0.282,-0.0,-0.0,-0.0,1.75,-6.17,-82.98,7.915,0.5,0.5,81.27,286,0,2573
1536196,1,1,9,1.04,26.03067589,119.19301605,21.8,26.03060722,119.19299316,31.42,0.948,0.863,-0.282,0.0,0.0,-0.0,1.76,-6.17,-82.96,7.915,0.5,0.5,81.27,286,0,2574
1536401,1,1,9,1.04,26.03067589,119.19301605,21.8,26.03060722,119.19299316,31.42,0.948,0.863,-0.282,-0.0,0.0,0.0,1.76,-6.16,-82.96,7.915,0.5,0.5,81.27,286,0,2574
1536613,1,1,9,1.04,26.03067589,119.19301605,21.8,26.03060722,119.19299316,31.42,0.948,0.863,-0.282,0.0,0.0,-0.0,1.77,-6.16,-82.97,7.915,0.5,0.5,81.27,286,0,2576
1536814,1,1,8,1.03,26.03067589,119.19301605,21.2,26.03060722,119.19299316,31.42,0.949,0.866,-0.283,0.0,-0.0,-0.0,1.77,-6.16,-82.98,7.915,0.5,0.5,81.27,287,0,2579
1537019,1,1,8,1.03,26.03067589,119.19301605,21.2,26.03060722,119.19299316,31.42,0.948,0.864,-0.283,-0.0,0.0,-0.0,1.76,-6.18,-82.98,7.915,0.5,0.5,83.01,287,0,2583
1537226,1,1,8,1.03,26.03067589,119.19301605,21.2,26.03060722,119.19299316,31.42,0.948,0.863,-0.282,0.0,0.0,0.0,1.75,-6.17,-82.99,7.915,0.5,0.5,83.01,287,0,2583
1537437,1,1,8,1.03,26.03067589,119.19301605,21.2,26.03060722,119.19299316,31.42,0.948,0.863,-0.282,0.0,0.0,-0.0,1.76,-6.17,-82.99,7.915,0.5,0.5,83.01,287,0,2583
1537638,1,1,8,1.03,26.03067589,119.19303131,20.8,26.03060722,119.19299316,31.42,0.952,0.872,-0.284,-0.0,-0.0,-0.0,1.75,-6.18,-82.98,8.45,0.5,0.5,83.01,288,0,2586
1537847,1,1,8,1.03,26.03067589,119.19303131,20.8,26.03060722,119.19299316,31.42,0.95,0.866,-0.283,-0.0,-0.0,-0.0,1.75,-6.19,-82.98,8.45,0.5,0.5,83.01,288,0,2589
1538058,1,1,8,1.03,26.03067589,119.19303131,20.8,26.03060722,119.19299316,31.42,0.949,0.864,-0.283,-0.0,0.0,0.0,1.74,-6.19,-82.96,8.45,0.5,0.5,82.77,288,0,2592
1538261,1,1,8,1.03,26.03067589,119.19303131,20.8,26.03060722,119.19299316,31.42,0.948,0.863,-0.282,0.0,-0.0,0.0,1.74,-6.2,-82.94,8.45,0.5,0.5,82.77,288,0,2592
1538466,1,1,8,1.03,26.03067589,119.19303131,20.8,26.03060722,119.19299316,31.42,0.948,0.863,-0.282,-0.0,0.0,-0.0,1.74,-6.19,-82.94,8.45,0.5,0.5,82.77,288,0,2592
1538696,1,1,8,1.03,26.03067589,119.19301605,20.6,26.03060722,119.19299316,31.42,0.95,0.869,-0.283,0.0,-0.0,-0.0,1.76,-6.21,-82.95,7.915,0.5,0.5,82.77,289,0,2596
1538899,1,1,8,1.03,26.03067589,119.19301605,20.6,26.03060722,119.19299316,31.42,0.949,0.865,-0.283,0.0,0.0,-0.0,1.77,-6.22,-82.94,7.915,0.5,0.5,82.77,289,0,2598
1539103,1,1,8,1.03,26.03067589,119.19301605,20.6,26.03060722,119.19299316,31.42,0.948,0.864,-0.282,0.0,0.0,-0.0,1.79,-6.21,-82.96,7.915,0.5,0.5,83.65,289,0,2601
1539312,1,1,8,1.03,26.03067589,119.19301605,20.6,26.03060722,119.19299316,31.42,0.948,0.863,-0.282,0.0,0.0,0.0,1.79,-6.19,-82.99,7.915,0.5,0.5,83.65,289,0,2601
1539524,1,1,8,1.03,26.03067589,119.19301605,20.6,26.03060722,119.19299316,31.42,0.948,0.863,-0.282,-0.0,0.0,0.001,1.77,-6.19,-83.0,7.915,0.5,0.5,83.65,289,0,2602
1539729,1,1,8,1.03,26.03067589,119.19301605,20.6,26.03060722,119.19299316,31.42,0.95,0.869,-0.283,-0.0,-0.0,-0.001,1.76,-6.2,-83.0,7.915,0.5,0.5,83.65,290,0,2605
1539938,1,1,8,1.03,26.03067589,119.19301605,20.6,26.03060722,119.19299316,31.42,0.949,0.865,-0.283,0.0,-0.0,0.001,1.78,-6.19,-82.98,7.915,0.5,0.5,83.65,290,0,2608
1540138,1,1,8,1.03,26.03067589,119.19301605,20.6,26.03060722,119.19299316,31.42,0.948,0.864,-0.282,0.0,0.0,0.002,1.79,-6.17,-82.97,7.915,0.5,0.5,85.0,290,0,2610
1540346,1,1,8,1.03,26.03067589,119.19301605,20.6,26.03060722,119.19299316,31.42,0.948,0.863,-0.282,-0.0,0.0,-0.001,1.76,-6.18,-82.95,7.915,0.5,0.5,85.0,290,0,2610
1540562,1,1,8,1.03,26.03068352,119.19301605,20.6,26.03060722,119.19299316,31.42,0.948,0.863,-0.282,-0.0,0.0,-0.0,1.76,-6.18,-82.95,7.915,0.5,0.5,85.0,290,0,2612
1540772,1,1,8,1.03,26.03068352,119.19301605,20.5,26.03060722,119.19299316,31.42,0.95,0.869,-0.283,-0.0,0.0,0.0,1.76,-6.16,-82.95,8.737,0.5,0.5,85.0,291,0,2615
1540973,1,1,8,1.03,26.03068352,119.19301605,20.5,26.03060722,119.19299316,31.42,0.949,0.865,-0.283,0.0,-0.0,-0.0,1.77,-6.17,-82.95,8.737,0.5,0.5,85.0,291,0,2618
1541178,1,1,8,1.03,26.03068352,119.19301605,20.5,26.03060722,119.19299316,31.42,0.948,0.864,-0.282,-0.0,-0.0,-0.0,1.77,-6.17,-82.97,8.737,0.5,0.5,80.6,291,0,2619
1541381,1,1,8,1.03,26.03068352,119.19301605,20.5,26.03060722,119.19299316,31.42,0.948,0.863,-0.282,-0.0,0.0,-0.0,1.77,-6.17,-82.97,8.737,0.5,0.5,80.6,291,0,2619
1541585,1,1,8,1.03,26.03069305,119.19301605,20.5,26.03060722,119.19299316,31.42,0.948,0.863,-0.282,0.0,-0.0,-0.0,1.77,-6.18,-82.98,8.737,0.5,0.5,80.6,291,0,2621
1541798,1,1,8,1.03,26.03069305,119.19301605,20.2,26.03060722,119.19299316,31.42,0.949,0.867,-0.283,0.0,-0.0,-0.0,1.76,-6.19,-82.96,9.77,0.5,0.5,80.6,292,0,2624
1542010,1,1,8,1.03,26.03069305,119.19301605,20.2,26.03060722,119.19299316,31.42,0.948,0.865,-0.283,0.0,-0.0,-0.0,1.77,-6.2,-82.94,9.77,0.5,0.5,83.58,292,0,2627
1542210,1,1,8,1.03,26.03069305,119.19301605,20.2,26.03060722,119.19299316,31.42,0.948,0.864,-0.282,-0.0,-0.0,0.001,1.76,-6.2,-82.95,9.77,0.5,0.5,83.58,292,0,2628
1542411,1,1,8,1.03,26.03069305,119.19301605,20.2,26.03060722,119.19299316,31.42,0.948,0.863,-0.282,0.0,0.0,-0.0,1.76,-6.2,-82.95,9.77,0.5,0.5,83.58,292,0,2628
1542619,1,1,8,1.03,26.03070068,119.19301605,20.2,26.03060722,119.19299316,31.42,0.948,0.863,-0.282,-0.0,-0.0,-0.0,1.75,-6.2,-82.95,9.77,0.5,0.5,83.58,292,0,2630
1542828,1,1,9,1.03,26.03070068,119.19301605,19.3,26.03060722,119.19299316,31.42,0.949,0.868,-0.283,0.0,0.0,-0.0,1.75,-6.2,-82.95,10.601,0.5,0.5,83.58,293,0,2633
1543042,1,1,9,1.03,26.03070068,119.19301605,19.3,26.03060722,119.19299316,31.42,0.948,0.865,-0.283,-0.0,0.0,0.0,1.73,-6.19,-82.92,10.601,0.5,0.5,85.27,293,0,2637
1543245,1,1,9,1.03,26.03070068,119.19301605,19.3,26.03060722,119.19299316,31.42,0.948,0.864,-0.282,0.0,0.0,-0.0,1.75,-6.18,-82.95,10.601,0.5,0.5,85.27,293,0,2637
1543451,1,1,9,1.03,26.03070068,119.19301605,19.3,26.03060722,119.19299316,31.42,0.948,0.863,-0.282,0.0,0.0,0.0,1.75,-6.16,-82.95,10.601,0.5,0.5,85.27,293,0,2637
1543661,1,1,9,1.03,26.03071213,119.19301605,18.6,26.03060722,119.19299316,31.42,0.951,0.877,-0.284,0.0,-0.0,0.0,1.75,-6.19,-82.97,11.853,0.5,0.5,85.27,294,0,2640
1543871,1,1,9,1.03,26.03071213,119.19301605,18.6,26.03060722,119.19299316,31.42,0.949,0.868,-0.283,-0.0,-0.0,-0.0,1.76,-6.17,-82.98,11.853,0.5,0.5,85.27,294,0,2643
1544083,1,1,9,1.03,26.03071213,119.19301605,18.6,26.03060722,119.19299316,31.42,0.948,0.865,-0.283,-0.0,0.0,0.0,1.76,-6.16,-82.96,11.853,0.5,0.5,84.0,294,0,2646
1544285,1,1,9,1.03,26.03071213,119.19301605,18.6,26.03060722,119.19299316,31.42,0.948,0.864,-0.282,0.0,0.0,-0.0,1.75,-6.16,-82.95,11.853,0.5,0.5,84.0,294,0,2646
1544499,1,1,9,1.03,26.03071213,119.19301605,18.6,26.03060722,119.19299316,31.42,0.948,0.863,-0.282,0.0,-0.0,0.0,1.78,-6.18,-82.94,11.853,0.5,0.5,84.0,294,0,2646
1544713,1,1,9,1.04,26.03071213,119.19301605,18.7,26.03060722,119.19299316,31.42,0.95,0.872,-0.284,-0.0,-0.0,-0.0,1.78,-6.18,-82.95,11.852,0.5,0.5,84.0,295,0,2650
1544914,1,1,9,1.04,26.03071213,119.19301605,18.7,26.03060722,119.19299316,31.42,0.949,0.866,-0.283,-0.0,-0.0,0.0,1.77,-6.19,-82.95,11.852,0.5,0.5,84.0,295,0,2653
1545116,1,1,9,1.04,26.03071213,119.19301605,18.7,26.03060722,119.19299316,31.42,0.948,0.864,-0.282,-0.0,-0.0,0.0,1.75,-6.18,-82.97,11.852,0.5,0.5,80.92,295,0,2655
1545327,1,1,9,1.04,26.03071213,119.19301605,18.7,26.03060722,119.19299316,31.42,0.948,0.863,-0.282,-0.0,0.0,0.0,1.75,-6.18,-82.99,11.852,0.5,0.5,80.92,295,0,2655
1545528,1,1,9,1.04,26.0307045,119.19301605,18.7,26.03060722,119.19299316,31.42,0.948,0.863,-0.282,-0.0,-0.0,-0.0,1.74,-6.19,-82.98,11.852,0.5,0.5,80.92,295,0,2656
1545740,1,1,9,1.04,26.0307045,119.19301605,17.7,26.03060722,119.19299316,31.42,0.95,0.871,-0.284,0.0,0.0,-0.0,1.74,-6.19,-82.98,11.018,0.5,0.5,80.92,296,0,2659
1545950,1,1,9,1.04,26.0307045,119.19301605,17.7,26.03060722,119.19299316,31.42,0.949,0.866,-0.283,-0.0,0.0,-0.0,1.75,-6.19,-82.98,11.018,0.5,0.5,80.92,296,0,2662
1546151,1,1,9,1.04,26.0307045,119.19301605,17.7,26.03060722,119.19299316,31.42,0.948,0.864,-0.282,-0.0,-0.0,-0.0,1.74,-6.19,-82.96,11.018,0.5,0.5,79.92,296,0,2664
1546356,1,1,9,1.04,26.0307045,119.19301605,17.7,26.03060722,119.19299316,31.42,0.948,0.863,-0.282,0.0,0.0,-0.0,1.75,-6.18,-82.96,11.018,0.5,0.5,79.92,296,0,2664
1546571,1,1,9,1.04,26.0307045,119.19301605,17.7,26.03060722,119.19299316,31.42,0.948,0.863,-0.282,0.0,-0.0,-0.0,1.76,-6.19,-82.93,11.018,0.5,0.5,79.92,296,0,2666
1546776,1,1,9,1.04,26.0307045,119.19301605,16.3,26.03060722,119.19299316,31.42,0.95,0.871,-0.284,0.001,-0.0,-0.0,1.77,-6.18,-82.94,11.018,0.5,0.5,79.92,297,0,2669
1546977,1,1,9,1.04,26.0307045,119.19301605,16.3,26.03060722,119.19299316,31.42,0.949,0.866,-0.283,-0.0,-0.0,0.0,1.75,-6.18,-82.94,11.018,0.5,0.5,79.92,297,0,2672
1547179,1,1,9,1.04,26.0307045,119.19301605,16.3,26.03060722,119.19299316,31.42,0.948,0.864,-0.282,0.0,-0.0,0.0,1.76,-6.16,-82.96,11.018,0.5,0.5,80.82,297,0,2673
1547381,1,1,9,1.04,26.0307045,119.19301605,16.3,26.03060722,119.19299316,31.42,0.948,0.863,-0.282,-0.0,-0.0,-0.0,1.76,-6.17,-82.96,11.018,0.5,0.5,80.82,297,0,2673
1547596,1,1,9,1.04,26.0307045,119.19301605,16.3,26.03060722,119.19299316,31.42,0.948,0.863,-0.282,0.0,0.0,0.0,1.77,-6.16,-82.96,11.018,0.5,0.5,80.82,297,0,2675
1547797,1,1,9,1.04,26.0307045,119.19301605,15.7,26.03060722,119.19299316,31.42,0.949,0.868,-0.283,0.0,-0.0,-0.0,1.76,-6.17,-82.96,11.018,0.5,0.5,80.82,298,0,2678
1547999,1,1,9,1.04,26.0307045,119.19301605,15.7,26.03060722,119.19299316,31.42,0.948,0.865,-0.283,0.0,-0.0,0.0,1.76,-6.16,-82.96,11.018,0.5,0.5,80.82,298,0,2681
1548199,1,1,9,1.04,26.0307045,119.19301605,15.7,26.03060722,119.19299316,31.42,0.948,0.864,-0.282,0.0,0.0,0.0,1.77,-6.16,-82.98,11.018,0.5,0.5,83.82,298,0,2682
1548406,1,1,9,1.04,26.0307045,119.19301605,15.7,26.03060722,119.19299316,31.42,0.948,0.863,-0.282,0.0,0.0,0.001,1.75,-6.16,-82.96,11.018,0.5,0.5,83.82,298,0,2682
1548618,1,1,9,1.04,26.03071213,119.19301605,15.7,26.03060722,119.19299316,31.42,0.948,0.863,-0.282,-0.0,-0.0,-0.0,1.75,-6.16,-82.97,11.018,0.5,0.5,83.82,298,0,2684
1548821,1,1,9,1.04,26.03071213,119.19301605,16.0,26.03060722,119.19299316,31.42,0.949,0.868,-0.283,-0.0,-0.0,-0.0,1.76,-6.18,-82.97,11.853,0.5,0.5,83.82,299,0,2687
1549029,1,1,9,1.04,26.03071213,119.19301605,16.0,26.03060722,119.19299316,31.42,0.948,0.865,-0.283,0.0,0.0,0.0,1.77,-6.17,-82.96,11.853,0.5,0.5,83.82,299,0,2691
1549235,1,1,9,1.04,26.03071213,119.19301605,16.0,26.03060722,119.19299316,31.42,0.948,0.864,-0.282,-0.0,0.0,0.0,1.76,-6.16,-82.97,11.853,0.5,0.5,83.98,299,0,2691
1549435,1,1,9,1.04,26.03071213,119.19301605,16.0,26.03060722,119.19299316,31.42,0.948,0.863,-0.282,-0.0,-0.0,0.0,1.76,-6.17,-82.95,11.853,0.5,0.5,83.98,299,0,2691
1549653,1,1,9,1.04,26.03072166,119.19301605,15.2,26.03060722,119.19299316,31.42,0.951,0.878,-0.285,0.0,0.0,0.0,1.75,-6.17,-82.95,12.899,0.5,0.5,83.98,300,0,2694
1549854,1,1,9,1.04,26.03072166,119.19301605,15.2,26.03060722,119.19299316,31.42,0.949,0.869,-0.283,0.0,0.0,0.0,1.75,-6.19,-82.95,12.899,0.5,0.5,83.98,300,0,2697
1550064,1,1,9,1.04,26.03072166,119.19301605,15.2,26.03060722,119.19299316,31.42,0.948,0.865,-0.283,-0.0,-0.0,0.0,1.75,-6.2,-82.94,12.899,0.5,0.5,83.98,300,0,2700
1550271,1,1,9,1.04,26.03072166,119.19301605,15.2,26.03060722,119.19299316,31.42,0.948,0.864,-0.282,-0.0,0.0,-0.0,1.75,-6.19,-82.95,12.899,0.5,0.5,82.52,300,0,2700
1550477,1,1,9,1.04,26.03072166,119.19301605,15.2,26.03060722,119.19299316,31.42,0.948,0.863,-0.282,0.0,0.0,-0.0,1.76,-6.2,-82.94,12.899,0.5,0.5,82.52,300,0,2700
1550706,1,1,9,1.04,26.03072166,119.19301605,14.7,26.03060722,119.19299316,31.42,0.95,0.872,-0.284,0.0,-0.0,0.0,1.78,-6.2,-82.93,12.899,0.5,0.5,82.52,301,0,2704
1550908,1,1,9,1.04,26.03072166,119.19301605,14.7,26.03060722,119.19299316,31.42,0.949,0.867,-0.283,0.0,0.0,0.0,1.78,-6.2,-82.92,12.899,0.5,0.5,82.52,301,0,2707
1551111,1,1,9,1.04,26.03072166,119.19301605,14.7,26.03060722,119.19299316,31.42,0.948,0.864,-0.282,-0.0,0.0,-0.0,1.77,-6.2,-82.92,12.899,0.5,0.5,82.52,301,0,2709
1551311,1,1,9,1.04,26.03072166,119.19301605,14.7,26.03060722,119.19299316,31.42,0.948,0.863,-0.282,0.0,0.0,0.0,1.77,-6.21,-82.93,12.899,0.5,0.5,87.0,301,0,2709
1551522,1,1,9,1.04,26.03072929,119.19300079,14.7,26.03060722,119.19299316,31.42,0.948,0.863,-0.282,-0.0,0.0,-0.0,1.77,-6.18,-82.93,12.899,0.5,0.5,87.0,301,0,2710
1551731,1,1,9,1.04,26.03072929,119.19300079,14.2,26.03060722,119.19299316,31.42,0.949,0.873,-0.284,0.0,0.0,0.0,1.78,-6.18,-82.93,13.587,0.5,0.5,87.0,302,0,2713
1551935,1,1,9,1.04,26.03072929,119.19300079,14.2,26.03060722,119.19299316,31.42,0.948,0.867,-0.283,-0.0,0.0,0.0,1.77,-6.17,-82.93,13.587,0.5,0.5,87.0,302,0,2716
1552138,1,1,9,1.04,26.03072929,119.19300079,14.2,26.03060722,119.19299316,31.42,0.948,0.864,-0.282,-0.0,-0.0,0.0,1.75,-6.19,-82.96,13.587,0.5,0.5,87.0,302,0,2718
1552345,1,1,9,1.04,26.03072929,119.19300079,14.2,26.03060722,119.19299316,31.42,0.948,0.863,-0.282,-0.0,-0.0,-0.0,1.73,-6.19,-82.95,13.587,0.5,0.5,80.0,302,0,2718
1552557,1,1,9,1.04,26.03072929,119.19300079,14.2,26.03060722,119.19299316,31.42,0.948,0.863,-0.282,-0.0,-0.0,-0.0,1.74,-6.19,-82.96,13.587,0.5,0.5,80.0,302,0,2720
1552760,1,1,9,1.04,26.03072929,119.19300079,13.9,26.03060722,119.19299316,31.42,0.949,0.873,-0.284,-0.0,0.0,0.0,1.75,-6.19,-82.95,13.587,0.5,0.5,80.0,303,0,2723
1552964,1,1,9,1.04,26.03072929,119.19300079,13.9,26.03060722,119.19299316,31.42,0.948,0.867,-0.283,0.0,-0.0,0.0,1.74,-6.2,-82.94,13.587,0.5,0.5,80.0,303,0,2726
1553170,1,1,9,1.04,26.03072929,119.19300079,13.9,26.03060722,119.19299316,31.42,0.948,0.864,-0.282,0.0,-0.0,0.0,1.76,-6.2,-82.96,13.587,0.5,0.5,83.42,303,0,2727
1553377,1,1,9,1.04,26.03072929,119.19300079,13.9,26.03060722,119.19299316,31.42,0.948,0.863,-0.282,-0.0,0.0,-0.0,1.75,-6.21,-82.96,13.587,0.5,0.5,83.42,303,0,2727
1553581,1,1,9,1.04,26.03072548,119.19300079,13.9,26.03060722,119.19299316,31.42,0.948,0.863,-0.282,0.0,0.0,0.0,1.76,-6.19,-82.97,13.587,0.5,0.5,83.42,303,0,2729
1553805,1,1,9,1.04,26.03072548,119.19300079,13.2,26.03060722,119.19299316,31.42,0.948,0.869,-0.283,0.0,0.0,0.0,1.74,-6.17,-83.0,13.163,0.5,0.5,83.42,304,0,2732
1554006,1,1,9,1.04,26.03072548,119.19300079,13.2,26.03060722,119.19299316,31.42,0.948,0.865,-0.283,0.0,-0.0,0.0,1.73,-6.18,-83.01,13.163,0.5,0.5,83.42,304,0,2735
1554209,1,1,9,1.04,26.03072548,119.19300079,13.2,26.03060722,119.19299316,31.42,0.948,0.864,-0.282,0.0,0.0,0.001,1.74,-6.18,-82.99,13.163,0.5,0.5,82.77,304,0,2736
1554411,1,1,9,1.04,26.03072548,119.19300079,13.2,26.03060722,119.19299316,31.42,0.948,0.863,-0.282,0.0,-0.0,-0.0,1.75,-6.18,-82.98,13.163,0.5,0.5,82.77,304,0,2736
1554619,1,1,9,1.04,26.03072929,119.19300079,13.2,26.03060722,119.19299316,31.42,0.948,0.863,-0.282,0.0,-0.0,-0.0,1.76,-6.18,-82.95,13.163,0.5,0.5,82.77,304,0,2738
1554826,1,1,8,1.04,26.03072929,119.19300079,13.0,26.03060722,119.19299316,31.42,0.948,0.873,-0.284,-0.001,-0.001,0.003,1.78,-6.14,-82.95,13.587,0.5,0.5,82.77,305,0,2741
1555028,1,1,8,1.04,26.03072929,119.19300079,13.0,26.03060722,119.19299316,31.42,0.948,0.873,-0.283,-0.001,-0.002,0.004,1.78,-6.18,-82.96,13.587,0.504,0.504,82.77,305,0,2745
1555228,1,1,8,1.04,26.03072929,119.19300079,13.0,26.03060722,119.19299316,31.42,0.948,0.872,-0.283,-0.001,-0.001,0.003,1.75,-6.2,-82.97,13.587,0.515,0.515,107.68,305,0,2745
1555439,1,1,8,1.04,26.03072929,119.19300079,13.0,26.03060722,119.19299316,31.42,0.948,0.872,-0.283,0.0,0.0,0.001,1.75,-6.16,-82.97,13.587,0.5,0.5,107.68,305,0,2745
1555646,1,1,8,1.04,26.03073692,119.19300079,12.1,26.03060722,119.19299316,31.41,0.949,0.889,-0.286,-0.0,-0.0,0.0,1.75,-6.17,-82.95,14.427,0.5,0.5,107.68,306,0,2748
1555849,1,1,8,1.04,26.03073692,119.19300079,12.1,26.03060722,119.19299316,31.42,0.948,0.879,-0.283,-0.0,-0.0,0.0,1.72,-6.18,-82.96,14.427,0.5,0.5,107.68,306,0,2751
1556053,1,1,8,1.04,26.03073692,119.19300079,12.1,26.03060722,119.19299316,31.42,0.948,0.875,-0.283,0.0,-0.0,0.0,1.74,-6.19,-82.98,14.427,0.5,0.5,107.68,306,0,2754
1556255,1,1,8,1.04,26.03073692,119.19300079,12.1,26.03060722,119.19299316,31.42,0.948,0.873,-0.282,0.0,0.0,-0.0,1.76,-6.19,-82.97,14.427,0.5,0.5,90.73,306,0,2754
1556461,1,1,8,1.04,26.03073692,119.19300079,12.1,26.03060722,119.19299316,31.42,0.948,0.872,-0.282,-0.0,0.0,0.0,1.74,-6.18,-82.95,14.427,0.5,0.5,90.73,306,0,2754
1556698,1,1,8,1.04,26.03073692,119.19300079,12.1,26.03060722,119.19299316,31.42,0.948,0.883,-0.284,-0.0,0.0,-0.0,1.73,-6.17,-82.95,14.427,0.5,0.5,90.73,307,0,2758
1556905,1,1,8,1.04,26.03073692,119.19300079,12.1,26.03060722,119.19299316,31.42,0.948,0.876,-0.283,0.0,-0.0,0.0,1.74,-6.16,-82.97,14.427,0.5,0.5,90.73,307,0,2761
1557107,1,1,8,1.04,26.03073692,119.19300079,12.1,26.03060722,119.19299316,31.42,0.948,0.874,-0.282,0.0,-0.0,0.0,1.75,-6.18,-82.99,14.427,0.5,0.5,90.73,307,0,2763
1557311,1,1,8,1.04,26.03073692,119.19300079,12.1,26.03060722,119.19299316,31.42,0.948,0.873,-0.282,0.0,-0.0,0.0,1.75,-6.18,-82.99,14.427,0.5,0.5,80.0,307,0,2763
1557517,1,1,8,1.04,26.03073311,119.19300079,12.1,26.03060722,119.19299316,31.42,0.948,0.872,-0.282,0.0,-0.0,0.0,1.76,-6.17,-82.97,14.427,0.5,0.5,80.0,307,0,2764
1557730,1,1,8,1.04,26.03073311,119.19300079,12.0,26.03060722,119.19299316,31.42,0.948,0.882,-0.284,-0.0,0.0,-0.001,1.74,-6.17,-82.99,14.003,0.5,0.5,80.0,308,0,2767
1557935,1,1,8,1.04,26.03073311,119.19300079,12.0,26.03060722,119.19299316,31.42,0.948,0.876,-0.283,-0.0,0.0,0.0,1.74,-6.17,-82.99,14.003,0.5,0.5,80.0,308,0,2770
1558142,1,1,8,1.04,26.03073311,119.19300079,12.0,26.03060722,119.19299316,31.42,0.948,0.874,-0.282,-0.0,-0.0,0.0,1.72,-6.15,-82.97,14.003,0.5,0.5,80.0,308,0,2772
1558346,1,1,8,1.04,26.03073311,119.19300079,12.0,26.03060722,119.19299316,31.42,0.948,0.873,-0.282,0.0,-0.0,0.0,1.73,-6.16,-82.97,14.003,0.5,0.5,83.09,308,0,2772
1558549,1,1,8,1.04,26.03073692,119.19300079,12.0,26.03060722,119.19299316,31.42,0.948,0.872,-0.282,-0.0,0.0,-0.0,1.73,-6.16,-82.95,14.003,0.5,0.5,83.09,308,0,2774
1558757,1,1,8,1.04,26.03073692,119.19300079,11.3,26.03060722,119.19299316,31.42,0.948,0.883,-0.284,-0.0,-0.0,0.0,1.72,-6.16,-82.94,14.427,0.5,0.5,83.09,309,0,2776
1558974,1,1,8,1.04,26.03073692,119.19300079,11.3,26.03060722,119.19299316,31.42,0.948,0.876,-0.283,0.0,-0.0,0.0,1.74,-6.18,-82.95,14.427,0.5,0.5,83.09,309,0,2780
1559185,1,1,8,1.04,26.03073692,119.19300079,11.3,26.03060722,119.19299316,31.42,0.948,0.874,-0.282,-0.0,-0.0,0.0,1.74,-6.18,-82.95,14.427,0.5,0.5,83.09,309,0,2781
1559386,1,1,8,1.04,26.03073692,119.19300079,11.3,26.03060722,119.19299316,31.42,0.948,0.873,-0.282,0.0,0.0,0.0,1.75,-6.18,-82.95,14.427,0.5,0.5,85.57,309,0,2781
1559596,1,1,8,1.04,26.03072929,119.19300079,11.3,26.03060722,119.19299316,31.42,0.948,0.872,-0.282,0.0,0.0,0.0,1.75,-6.17,-82.94,14.427,0.5,0.5,85.57,309,0,2783
1559813,1,1,8,1.04,26.03072929,119.19300079,10.7,26.03060722,119.19299316,31.42,0.948,0.878,-0.283,0.0,-0.0,-0.0,1.75,-6.16,-82.94,13.578,0.5,0.5,85.57,310,0,2786
1560019,1,1,8,1.04,26.03072929,119.19300079,10.7,26.03060722,119.19299316,31.42,0.948,0.875,-0.283,0.0,0.0,0.0,1.76,-6.15,-82.94,13.578,0.5,0.5,85.57,310,0,2790
1560220,1,1,8,1.04,26.03072929,119.19300079,10.7,26.03060722,119.19299316,31.42,0.948,0.873,-0.282,0.0,-0.0,-0.0,1.76,-6.17,-82.96,13.578,0.5,0.5,85.57,310,0,2790
1560422,1,1,8,1.04,26.03072929,119.19300079,10.7,26.03060722,119.19299316,31.42,0.948,0.872,-0.282,-0.0,-0.0,0.001,1.74,-6.15,-82.95,13.578,0.5,0.5,79.84,310,0,2790
1560622,1,1,8,1.04,26.03072929,119.19300079,10.7,26.03060722,119.19299316,31.42,0.948,0.872,-0.282,-0.0,0.0,0.0,1.73,-6.15,-82.94,13.578,0.5,0.5,79.84,310,0,2792
1560831,1,1,8,1.04,26.03072929,119.19300079,10.7,26.03060722,119.19299316,31.42,0.948,0.878,-0.283,0.0,-0.0,-0.0,1.74,-6.16,-82.95,13.578,0.5,0.5,79.84,311,0,2796
1561047,1,1,8,1.04,26.03072929,119.19300079,10.7,26.03060722,119.19299316,31.42,0.948,0.874,-0.283,-0.0,0.0,-0.0,1.74,-6.17,-82.99,13.578,0.5,0.5,79.84,311,0,2799
1561250,1,1,8,1.04,26.03072929,119.19300079,10.7,26.03060722,119.19299316,31.42,0.948,0.873,-0.282,-0.0,0.0,-0.0,1.73,-6.17,-83.01,13.578,0.5,0.5,80.6,311,0,2799
1561455,1,1,8,1.04,26.03072929,119.19300079,10.7,26.03060722,119.19299316,31.42,0.948,0.872,-0.282,-0.0,0.0,-0.0,1.75,-6.16,-83.01,13.578,0.5,0.5,80.6,311,0,2799
1561657,1,1,8,1.04,26.03073311,119.19301605,9.9,26.03060722,119.19299316,31.42,0.949,0.882,-0.284,0.0,-0.0,0.0,1.76,-6.17,-83.0,14.148,0.396,0.396,80.6,312,0,2802
1561857,1,1,8,1.04,26.03073311,119.19301605,9.9,26.03060722,119.19299316,31.42,0.949,0.879,-0.284,-0.0,-0.0,-0.0,1.77,-6.16,-83.01,14.148,0.5,0.5,80.6,312,0,2805
1562060,1,1,8,1.04,26.03073311,119.19301605,9.9,26.03060722,119.19299316,31.42,0.948,0.875,-0.283,-0.0,-0.0,-0.0,1.76,-6.17,-83.01,14.148,0.5,0.5,80.6,312,0,2808
1562267,1,1,8,1.04,26.03073311,119.19301605,9.9,26.03060722,119.19299316,31.42,0.948,0.873,-0.282,-0.0,-0.0,0.0,1.75,-6.16,-83.0,14.148,0.5,0.5,86.0,312,0,2808
1562470,1,1,8,1.04,26.03073311,119.19301605,9.9,26.03060722,119.19299316,31.42,0.948,0.872,-0.282,-0.0,0.0,-0.0,1.76,-6.17,-82.97,14.148,0.5,0.5,86.0,312,0,2808
1562671,1,1,8,1.04,26.03073311,119.19301605,8.7,26.03060722,119.19299316,31.41,0.95,0.889,-0.286,-0.001,0.0,-0.0,1.74,-6.16,-82.98,14.148,0.5,0.5,86.0,313,0,2811
1562874,1,1,8,1.04,26.03073311,119.19301605,8.7,26.03060722,119.19299316,31.42,0.949,0.879,-0.284,-0.0,0.0,0.0,1.73,-6.16,-83.01,14.148,0.5,0.5,86.0,313,0,2814
1563076,1,1,8,1.04,26.03073311,119.19301605,8.7,26.03060722,119.19299316,31.42,0.948,0.875,-0.283,-0.0,-0.0,0.0,1.72,-6.16,-83.0,14.148,0.5,0.5,86.0,313,0,2817
1563276,1,1,8,1.04,26.03073311,119.19301605,8.7,26.03060722,119.19299316,31.42,0.948,0.873,-0.282,-0.0,-0.0,0.0,1.74,-6.15,-83.0,14.148,0.5,0.5,80.39,313,0,2817
1563483,1,1,8,1.04,26.03073311,119.19301605,8.7,26.03060722,119.19299316,31.42,0.948,0.872,-0.282,0.0,0.0,0.0,1.75,-6.15,-83.0,14.148,0.5,0.5,80.39,313,0,2817
1563703,1,1,8,1.04,26.03073311,119.19301605,7.9,26.03060722,119.19299316,31.42,0.949,0.883,-0.284,-0.0,-0.0,0.0,1.75,-6.15,-83.02,14.148,0.5,0.5,80.39,314,0,2821
1563913,1,1,8,1.04,26.03073311,119.19301605,7.9,26.03060722,119.19299316,31.42,0.948,0.876,-0.283,0.0,-0.0,-0.0,1.75,-6.15,-83.03,14.148,0.5,0.5,80.39,314,0,2824
1564116,1,1,8,1.04,26.03073311,119.19301605,7.9,26.03060722,119.19299316,31.42,0.948,0.874,-0.283,-0.0,0.0,-0.001,1.71,-6.19,-83.02,14.148,0.5,0.5,80.39,314,0,2826
1564321,1,1,8,1.04,26.03073311,119.19301605,7.9,26.03060722,119.19299316,31.42,0.948,0.873,-0.282,0.0,0.0,-0.0,1.73,-6.19,-83.02,14.148,0.5,0.5,86.0,314,0,2826
1564529,1,1,8,1.04,26.03074074,119.19301605,7.9,26.03060722,119.19299316,31.42,0.948,0.872,-0.282,-0.0,0.0,0.0,1.74,-6.17,-83.0,14.148,0.5,0.5,86.0,314,0,2827
1564739,1,1,7,1.24,26.03074074,119.19301605,7.2,26.03060722,119.19299316,31.42,0.949,0.88,-0.285,0.0,0.0,0.0,1.75,-6.14,-82.98,14.988,0.5,0.5,86.0,315,0,2830
1564953,1,1,7,1.24,26.03074074,119.19301605,7.2,26.03060722,119.19299316,31.42,0.948,0.875,-0.283,0.0,-0.0,-0.0,1.75,-6.16,-82.98,14.988,0.5,0.5,86.0,315,0,2834
1565160,1,1,7,1.24,26.03074074,119.19301605,7.2,26.03060722,119.19299316,31.42,0.948,0.873,-0.283,0.0,-0.0,-0.0,1.75,-6.18,-82.98,14.988,0.5,0.5,86.0,315,0,2835
1565368,1,1,7,1.24,26.03074074,119.19301605,7.2,26.03060722,119.19299316,31.42,0.948,0.872,-0.282,-0.0,-0.0,0.0,1.76,-6.18,-82.97,14.988,0.5,0.5,82.92,315,0,2835
1565571,1,1,7,1.24,26.03074074,119.19301605,7.2,26.03060722,119.19299316,31.42,0.948,0.872,-0.282,0.0,0.0,0.001,1.78,-6.19,-82.99,14.988,0.5,0.5,82.92,315,0,2837
1565795,1,1,7,1.24,26.03074074,119.19301605,6.4,26.03060722,119.19299316,31.42,0.948,0.877,-0.284,0.0,0.0,-0.0,1.79,-6.19,-83.02,14.988,0.5,0.5,82.92,316,0,2840
1565996,1,1,7,1.24,26.03074074,119.19301605,6.4,26.03060722,119.19299316,31.42,0.948,0.874,-0.283,-0.0,-0.0,0.0,1.8,-6.18,-83.02,14.988,0.5,0.5,82.92,316,0,2843
1566200,1,1,7,1.24,26.03074074,119.19301605,6.4,26.03060722,119.19299316,31.42,0.948,0.873,-0.282,-0.0,-0.0,0.0,1.79,-6.19,-83.03,14.988,0.5,0.5,82.92,316,0,2844
1566400,1,1,7,1.24,26.03074074,119.19301605,6.4,26.03060722,119.19299316,31.42,0.948,0.873,-0.283,-0.001,0.001,-0.005,1.72,-6.21,-83.01,14.988,0.5,0.5,83.17,316,0,2844
1566603,1,1,7,1.24,26.03075409,119.19300079,6.4,26.03060722,119.19299316,31.42,0.948,0.873,-0.284,-0.001,0.002,-0.004,1.73,-6.19,-83.02,14.988,0.504,0.504,83.17,316,0,2846
1566806,1,1,8,1.24,26.03075409,119.19300079,4.9,26.03061104,119.19299316,31.31,0.96,1.215,-0.391,0.0,0.026,-0.011,1.73,-6.21,-83.03,16.336,0.509,0.509,83.17,317,0,2849
1567007,1,1,8,1.24,26.03075409,119.19300079,4.9,26.03061104,119.19299316,31.31,0.96,1.215,-0.391,0.0,-0.0,0.0,1.74,-6.23,-83.01,16.336,0.396,0.396,83.17,317,0,2853
1567207,1,1,8,1.24,26.03075409,119.19300079,4.9,26.03061104,119.19299316,31.31,0.96,1.216,-0.391,0.0,-0.0,0.001,1.77,-6.19,-83.02,16.336,0.5,0.5,83.17,317,0,2853
1567412,1,1,8,1.24,26.03075409,119.19300079,4.9,26.03061104,119.19299316,31.31,0.96,1.217,-0.392,-0.0,-0.0,-0.001,1.75,-6.2,-82.99,16.336,0.5,0.5,110.56,317,0,2853
1567613,1,1,8,1.24,26.03076172,119.19300079,4.9,26.03061104,119.19299316,31.31,0.96,1.217,-0.392,0.0,0.0,0.001,1.82,-6.18,-83.0,16.336,0.5,0.5,110.56,317,0,2855
1567815,1,1,8,1.24,26.03076172,119.19300079,4.2,26.03061104,119.19299316,31.31,0.96,1.223,-0.393,-0.0,0.0,0.0,1.79,-6.19,-82.99,16.84,0.5,0.5,110.56,318,0,2858
1568024,1,1,8,1.24,26.03076172,119.19300079,4.2,26.03061104,119.19299316,31.31,0.96,1.22,-0.392,0.0,-0.0,0.001,1.78,-6.21,-83.0,16.84,0.5,0.5,110.56,318,0,2862
1568226,1,1,8,1.24,26.03076172,119.19300079,4.2,26.03061104,119.19299316,31.31,0.96,1.219,-0.392,-0.0,0.0,0.0,1.77,-6.21,-83.01,16.84,0.5,0.5,110.56,318,0,2862
1568426,1,1,8,1.24,26.03076172,119.19300079,4.2,26.03061104,119.19299316,31.31,0.96,1.218,-0.392,-0.0,0.0,0.0,1.77,-6.19,-83.01,16.84,0.5,0.5,79.29,318,0,2862
1568636,1,1,9,1.24,26.03076172,119.19300079,3.5,26.03061104,119.19299316,31.3,0.96,1.232,-0.396,-0.0,0.0,-0.0,1.77,-6.19,-83.01,16.839,0.5,0.5,79.29,319,0,2865
1568845,1,1,9,1.24,26.03076172,119.19300079,3.5,26.03061104,119.19299316,31.31,0.96,1.223,-0.394,-0.0,-0.0,0.0,1.74,-6.22,-83.0,16.839,0.5,0.5,79.29,319,0,2868
1569048,1,1,9,1.24,26.03076172,119.19300079,3.5,26.03061104,119.19299316,31.31,0.96,1.22,-0.392,-0.0,0.0,0.0,1.75,-6.2,-82.97,16.839,0.5,0.5,79.29,319,0,2871
1569251,1,1,9,1.24,26.03076172,119.19300079,3.5,26.03061104,119.19299316,31.31,0.96,1.219,-0.392,-0.0,0.0,0.0,1.72,-6.21,-82.98,16.839,0.5,0.5,79.29,319,0,2871
1569457,1,1,9,1.24,26.03076172,119.19300079,3.5,26.03061104,119.19299316,31.31,0.96,1.218,-0.392,0.0,-0.0,0.0,1.73,-6.21,-82.98,16.839,0.5,0.5,81.55,319,0,2871
1569693,1,1,9,1.24,26.03074455,119.19301605,3.2,26.03061104,119.19299316,31.31,0.961,1.226,-0.395,0.0,0.0,-0.0,1.76,-6.2,-82.98,15.065,0.5,0.5,81.55,320,0,2875
1569895,1,1,9,1.24,26.03074455,119.19301605,3.2,26.03061104,119.19299316,31.31,0.96,1.221,-0.393,0.0,0.0,0.001,1.8,-6.19,-82.99,15.065,0.5,0.5,81.55,320,0,2877
1570103,1,1,9,1.24,26.03074455,119.19301605,3.2,26.03061104,119.19299316,31.31,0.96,1.219,-0.392,0.0,-0.0,0.0,1.79,-6.21,-83.0,15.065,0.5,0.5,81.55,320,0,2880
1570306,1,1,9,1.24,26.03074455,119.19301605,3.2,26.03061104,119.19299316,31.31,0.96,1.218,-0.392,-0.0,0.0,0.0,1.79,-6.2,-83.01,15.065,0.5,0.5,81.55,320,0,2880
1570511,1,1,9,1.24,26.03075409,119.19300079,3.2,26.03061104,119.19299316,31.31,0.96,1.218,-0.392,-0.0,-0.0,0.0,1.78,-6.21,-83.02,15.065,0.5,0.5,85.74,320,0,2881
1570714,1,1,7,1.24,26.03075409,119.19300079,2.6,26.03061104,119.19299316,31.31,0.96,1.226,-0.395,-0.0,-0.0,0.0,1.79,-6.21,-83.02,15.991,0.5,0.5,85.74,321,0,2884
1570915,1,1,7,1.24,26.03075409,119.19300079,2.6,26.03061104,119.19299316,31.31,0.96,1.221,-0.393,-0.0,-0.0,-0.0,1.77,-6.23,-83.03,15.991,0.5,0.5,85.74,321,0,2887
1571125,1,1,7,1.24,26.03075409,119.19300079,2.6,26.03061104,119.19299316,31.31,0.96,1.219,-0.392,0.0,0.0,-0.0,1.79,-6.21,-83.02,15.991,0.5,0.5,85.74,321,0,2889
1571331,1,1,7,1.24,26.03075409,119.19300079,2.6,26.03061104,119.19299316,31.31,0.96,1.218,-0.392,-0.0,0.0,0.0,1.76,-6.21,-83.02,15.991,0.5,0.5,85.74,321,0,2889
1571539,1,1,7,1.24,26.0307579,119.19300079,2.6,26.03061104,119.19299316,31.31,0.96,1.218,-0.392,-0.0,-0.0,0.001,1.76,-6.18,-83.01,15.991,0.5,0.5,80.84,321,0,2890
1571743,1,1,7,1.24,26.0307579,119.19300079,1.8,26.03061104,119.19299316,31.31,0.96,1.226,-0.395,-0.0,-0.0,0.0,1.75,-6.19,-83.0,16.415,0.5,0.5,80.84,322,0,2893
1571950,1,1,7,1.24,26.0307579,119.19300079,1.8,26.03061104,119.19299316,31.31,0.96,1.221,-0.393,-0.0,-0.0,0.001,1.74,-6.19,-83.0,16.415,0.5,0.5,80.84,322,0,2896
1572151,1,1,7,1.24,26.0307579,119.19300079,1.8,26.03061104,119.19299316,31.31,0.96,1.219,-0.392,0.0,0.0,0.0,1.76,-6.17,-83.0,16.415,0.5,0.5,80.84,322,0,2898
1572351,1,1,7,1.24,26.0307579,119.19300079,1.8,26.03061104,119.19299316,31.31,0.96,1.218,-0.392,0.0,0.0,0.0,1.76,-6.16,-82.97,16.415,0.5,0.5,80.84,322,0,2898
1572563,1,1,7,1.24,26.03076172,119.19300079,1.8,26.03061104,119.19299316,31.31,0.96,1.218,-0.392,0.0,-0.0,0.0,1.76,-6.18,-83.0,16.415,0.5,0.5,82.18,322,0,2900
1572772,1,1,8,1.24,26.03076172,119.19300079,1.4,26.03061104,119.19299316,31.31,0.96,1.227,-0.395,0.0,-0.0,0.0,1.8,-6.2,-83.0,16.839,0.5,0.5,82.18,323,0,2903
1572980,1,1,8,1.24,26.03076172,119.19300079,1.4,26.03061104,119.19299316,31.31,0.96,1.221,-0.393,0.0,-0.0,-0.0,1.8,-6.22,-82.99,16.839,0.5,0.5,82.18,323,0,2906
1573184,1,1,8,1.24,26.03076172,119.19300079,1.4,26.03061104,119.19299316,31.31,0.96,1.219,-0.392,-0.0,-0.0,0.0,1.79,-6.22,-82.96,16.839,0.5,0.5,82.18,323,0,2907
1573392,1,1,8,1.24,26.03076172,119.19300079,1.4,26.03061104,119.19299316,31.31,0.96,1.218,-0.392,-0.0,-0.0,-0.0,1.78,-6.22,-82.96,16.839,0.5,0.5,84.08,323,0,2907
1573594,1,1,8,1.24,26.03076172,119.19300079,1.4,26.03061104,119.19299316,31.31,0.96,1.218,-0.392,-0.0,-0.0,0.0,1.76,-6.22,-82.94,16.839,0.5,0.5,84.08,323,0,2909
1573797,1,1,8,1.24,26.03076172,119.19300079,2.0,26.03061104,119.19299316,31.31,0.96,1.223,-0.394,-0.0,-0.0,-0.001,1.77,-6.23,-82.94,16.839,0.5,0.5,84.08,324,0,2912
1574003,1,1,8,1.24,26.03076172,119.19300079,2.0,26.03061104,119.19299316,31.31,0.96,1.22,-0.393,-0.0,0.0,0.0,1.79,-6.21,-82.97,16.839,0.5,0.5,84.08,324,0,2915
1574206,1,1,8,1.24,26.03076172,119.19300079,2.0,26.03061104,119.19299316,31.31,0.96,1.219,-0.392,0.0,0.0,0.0,1.79,-6.2,-82.96,16.839,0.5,0.5,84.08,324,0,2916
1574406,1,1,8,1.24,26.03076172,119.19300079,2.0,26.03061104,119.19299316,31.31,0.96,1.218,-0.392,0.0,-0.0,0.0,1.79,-6.21,-82.98,16.839,0.5,0.5,80.43,324,0,2916
1574620,1,1,8,1.24,26.03076172,119.19300079,2.0,26.03061104,119.19299316,31.31,0.96,1.218,-0.392,0.0,0.0,0.0,1.77,-6.21,-82.98,16.839,0.5,0.5,80.43,324,0,2918
1574827,1,1,8,1.24,26.03076172,119.19300079,1.6,26.03061104,119.19299316,31.31,0.96,1.223,-0.394,-0.0,-0.0,0.0,1.77,-6.25,-82.98,16.839,0.5,0.5,80.43,325,0,2922
1575033,1,1,8,1.24,26.03076172,119.19300079,1.6,26.03061104,119.19299316,31.31,0.96,1.22,-0.393,0.0,-0.0,0.0,1.78,-6.24,-83.02,16.839,0.5,0.5,80.43,325,0,2925
1575246,1,1,8,1.24,26.03076172,119.19300079,1.6,26.03061104,119.19299316,31.31,0.96,1.219,-0.392,0.0,-0.0,0.001,1.78,-6.22,-83.0,16.839,0.5,0.5,80.43,325,0,2925
1575459,1,1,8,1.24,26.03076172,119.19300079,1.6,26.03061104,119.19299316,31.31,0.96,1.218,-0.392,-0.0,0.0,-0.0,1.76,-6.22,-82.99,16.839,0.5,0.5,85.0,325,0,2925
1575660,1,1,8,1.24,26.03076172,119.19300079,1.4,26.03061104,119.19299316,31.3,0.96,1.232,-0.397,-0.0,-0.0,0.001,1.74,-6.25,-83.0,16.839,0.5,0.5,85.0,326,0,2928
1575872,1,1,8,1.24,26.03076172,119.19300079,1.4,26.03061104,119.19299316,31.31,0.96,1.223,-0.394,-0.0,0.0,0.001,1.75,-6.25,-82.99,16.839,0.5,0.5,85.0,326,0,2931
1576075,1,1,8,1.24,26.03076172,119.19300079,1.4,26.03061104,119.19299316,31.31,0.96,1.22,-0.393,0.0,0.0,0.0,1.76,-6.23,-83.0,16.839,0.5,0.5,85.0,326,0,2934
1576281,1,1,8,1.24,26.03076172,119.19300079,1.4,26.03061104,119.19299316,31.31,0.96,1.219,-0.392,-0.0,-0.0,-0.001,1.74,-6.23,-83.01,16.839,0.5,0.5,85.0,326,0,2934
1576488,1,1,8,1.24,26.03076172,119.19300079,1.4,26.03061104,119.19299316,31.31,0.96,1.218,-0.392,-0.0,-0.0,-0.0,1.76,-6.24,-83.01,16.839,0.5,0.5,81.92,326,0,2934
1576703,1,1,8,1.24,26.03076172,119.19300079,1.9,26.03061104,119.19299316,31.31,0.96,1.227,-0.395,0.0,-0.0,-0.001,1.65,-6.38,-83.02,16.839,0.5,0.5,81.92,327,0,2938
1576911,1,1,8,1.24,26.03076172,119.19300079,1.9,26.03061104,119.19299316,31.31,0.96,1.221,-0.393,0.0,0.0,0.001,1.71,-6.31,-83.01,16.839,0.5,0.5,81.92,327,0,2941
1577116,1,1,8,1.24,26.03076172,119.19300079,1.9,26.03061104,119.19299316,31.31,0.96,1.219,-0.392,0.0,-0.0,0.0,1.71,-6.3,-83.03,16.839,0.5,0.5,81.92,327,0,2943
1577321,1,1,8,1.24,26.03076172,119.19300079,1.9,26.03061104,119.19299316,31.31,0.96,1.218,-0.392,-0.0,0.0,-0.0,1.71,-6.27,-83.05,16.839,0.5,0.5,81.92,327,0,2943
1577528,1,1,8,1.24,26.03075409,119.19300079,1.9,26.03061104,119.19299316,31.31,0.96,1.218,-0.392,-0.0,0.0,0.0,1.74,-6.25,-83.04,16.839,0.5,0.5,84.08,327,0,2944
1577729,1,1,8,1.24,26.03075409,119.19300079,3.0,26.03061104,119.19299316,31.3,0.96,1.231,-0.397,0.001,0.0,-0.003,1.84,-6.29,-83.01,15.99,0.5,0.5,84.08,328,0,2947
1577930,1,1,8,1.24,26.03075409,119.19300079,3.0,26.03061104,119.19299316,31.3,0.96,1.231,-0.398,0.001,0.0,-0.005,1.71,-6.38,-82.97,15.99,0.504,0.504,84.08,328,0,2950
1578131,1,1,8,1.24,26.03075409,119.19300079,3.0,26.03061104,119.19299316,31.3,0.961,1.231,-0.399,0.0,0.001,-0.004,1.69,-6.34,-82.97,15.99,0.515,0.515,84.08,328,0,2952
1578334,1,1,8,1.24,26.03075409,119.19300079,3.0,26.03061104,119.19299316,31.3,0.961,1.232,-0.399,0.0,0.002,-0.004,1.69,-6.34,-82.97,15.99,0.537,0.537,84.08,328,0,2952
1578539,1,1,8,1.24,26.03076172,119.19300079,3.0,26.03061104,119.19299316,31.3,0.961,1.231,-0.399,-0.0,-0.0,0.001,1.7,-6.35,-82.95,15.99,0.5,0.5,117.53,328,0,2953
1578746,1,1,8,1.24,26.03076172,119.19300079,3.5,26.03061104,119.19299316,31.3,0.961,1.24,-0.402,-0.0,0.0,-0.0,1.68,-6.34,-82.97,16.826,0.5,0.5,117.53,329,0,2956
1578952,1,1,8,1.24,26.03076172,119.19300079,3.5,26.03061104,119.19299316,31.3,0.961,1.235,-0.401,0.0,0.0,0.0,1.68,-6.31,-83.01,16.826,0.5,0.5,117.53,329,0,2959
1579157,1,1,8,1.24,26.03076172,119.19300079,3.5,26.03061104,119.19299316,31.3,0.961,1.233,-0.4,0.0,-0.0,-0.0,1.7,-6.32,-83.04,16.826,0.5,0.5,117.53,329,0,2961
1579367,1,1,8,1.24,26.03076172,119.19300079,3.5,26.03061104,119.19299316,31.3,0.961,1.232,-0.4,-0.0,0.0,-0.0,1.68,-6.33,-83.05,16.826,0.5,0.5,117.53,329,0,2961
1579571,1,1,8,1.24,26.0307579,119.19300079,3.5,26.03061104,119.19299316,31.3,0.961,1.232,-0.4,-0.0,0.0,0.0,1.69,-6.3,-83.06,16.826,0.5,0.5,80.95,329,0,2963
1579775,1,1,8,1.24,26.0307579,119.19300079,4.0,26.03061104,119.19299316,31.3,0.961,1.24,-0.402,0.0,0.0,0.001,1.66,-6.29,-83.07,16.401,0.5,0.5,80.95,330,0,2966
1579980,1,1,8,1.24,26.0307579,119.19300079,4.0,26.03061104,119.19299316,31.3,0.961,1.235,-0.401,0.0,-0.0,-0.0,1.67,-6.31,-83.07,16.401,0.5,0.5,80.95,330,0,2969
1580182,1,1,8,1.24,26.0307579,119.19300079,4.0,26.03061104,119.19299316,31.3,0.961,1.233,-0.4,0.0,0.0,-0.0,1.68,-6.3,-83.06,16.401,0.5,0.5,80.95,330,0,2970
1580385,1,1,8,1.24,26.0307579,119.19300079,4.0,26.03061104,119.19299316,31.3,0.961,1.232,-0.4,0.0,0.0,0.001,1.7,-6.28,-83.08,16.401,0.5,0.5,80.95,330,0,2970
1580586,1,1,8,1.24,26.03076172,119.19298553,4.0,26.03061104,119.19299316,31.3,0.961,1.232,-0.4,0.0,0.0,0.0,1.71,-6.29,-83.06,16.401,0.5,0.5,82.35,330,0,2972
1580791,1,1,7,1.05,26.03076172,119.19298553,4.1,26.03061104,119.19299316,31.3,0.96,1.24,-0.401,0.0,0.0,0.0,1.7,-6.29,-83.07,16.843,0.5,0.5,82.35,331,0,2975
1580993,1,1,7,1.05,26.03076172,119.19298553,4.1,26.03061104,119.19299316,31.3,0.96,1.235,-0.4,0.0,0.0,0.0,1.72,-6.28,-83.08,16.843,0.5,0.5,82.35,331,0,2978
1581196,1,1,7,1.05,26.03076172,119.19298553,4.1,26.03061104,119.19299316,31.3,0.961,1.233,-0.4,-0.0,-0.0,-0.0,1.72,-6.28,-83.06,16.843,0.5,0.5,82.35,331,0,2979
1581396,1,1,7,1.05,26.03076172,119.19298553,4.1,26.03061104,119.19299316,31.3,0.961,1.232,-0.4,-0.0,-0.0,0.0,1.73,-6.28,-83.04,16.843,0.5,0.5,82.35,331,0,2979
1581601,1,1,7,1.05,26.03076172,119.19298553,4.1,26.03061104,119.19299316,31.3,0.961,1.232,-0.4,-0.0,-0.0,0.0,1.71,-6.27,-83.05,16.843,0.5,0.5,84.0,331,0,2981
1581817,1,1,8,1.05,26.03076172,119.19298553,4.7,26.03061104,119.19299316,31.3,0.96,1.239,-0.401,0.0,-0.0,-0.0,1.72,-6.28,-83.06,16.843,0.5,0.5,84.0,332,0,2984
1582025,1,1,8,1.05,26.03076172,119.19298553,4.7,26.03061104,119.19299316,31.3,0.96,1.235,-0.4,-0.0,-0.0,0.0,1.73,-6.28,-83.05,16.843,0.5,0.5,84.0,332,0,2988
1582231,1,1,8,1.05,26.03076172,119.19298553,4.7,26.03061104,119.19299316,31.3,0.961,1.233,-0.4,-0.0,0.0,0.0,1.72,-6.27,-83.04,16.843,0.5,0.5,84.0,332,0,2988
1582442,1,1,8,1.05,26.03076172,119.19298553,4.7,26.03061104,119.19299316,31.3,0.961,1.232,-0.4,0.0,0.0,0.0,1.73,-6.27,-83.05,16.843,0.5,0.5,84.0,332,0,2988
1582650,1,1,8,1.05,26.03076172,119.19298553,5.1,26.03061104,119.19299316,31.3,0.959,1.251,-0.404,-0.0,-0.0,0.0,1.73,-6.26,-83.04,16.843,0.5,0.5,82.34,333,0,2991
1582853,1,1,8,1.05,26.03076172,119.19298553,5.1,26.03061104,119.19299316,31.3,0.96,1.24,-0.401,0.0,0.0,0.0,1.73,-6.27,-83.04,16.843,0.5,0.5,82.34,333,0,2994
1583059,1,1,8,1.05,26.03076172,119.19298553,5.1,26.03061104,119.19299316,31.3,0.96,1.235,-0.4,0.0,-0.0,0.0,1.74,-6.27,-83.03,16.843,0.5,0.5,82.34,333,0,2997
1583271,1,1,8,1.05,26.03076172,119.19298553,5.1,26.03061104,119.19299316,31.3,0.961,1.233,-0.4,-0.0,-0.0,-0.0,1.75,-6.29,-83.04,16.843,0.5,0.5,82.34,333,0,2997
1583477,1,1,8,1.05,26.03076172,119.19298553,5.1,26.03061104,119.19299316,31.3,0.961,1.232,-0.4,0.0,0.0,-0.0,1.75,-6.29,-83.04,16.843,0.5,0.5,83.83,333,0,2997
1583694,1,1,7,1.44,26.03076172,119.19298553,5.6,26.03061104,119.19299316,31.3,0.96,1.238,-0.402,0.0,0.0,0.0,1.76,-6.28,-83.07,16.843,0.5,0.5,83.83,334,0,3001
1583900,1,1,7,1.44,26.03076172,119.19298553,5.6,26.03061104,119.19299316,31.3,0.96,1.234,-0.401,-0.0,-0.0,0.0,1.75,-6.29,-83.08,16.843,0.5,0.5,83.83,334,0,3004
1584105,1,1,7,1.44,26.03076172,119.19298553,5.6,26.03061104,119.19299316,31.3,0.961,1.233,-0.4,0.0,-0.0,0.0,1.74,-6.3,-83.07,16.843,0.5,0.5,83.83,334,0,3006
1584311,1,1,7,1.44,26.03076172,119.19298553,5.6,26.03061104,119.19299316,31.3,0.961,1.232,-0.4,0.0,0.0,0.0,1.73,-6.31,-83.09,16.843,0.5,0.5,83.83,334,0,3006
1584516,1,1,7,1.44,26.03076172,119.19298553,5.6,26.03061104,119.19299316,31.3,0.961,1.232,-0.4,-0.0,-0.0,0.0,1.71,-6.3,-83.1,16.843,0.5,0.5,85.66,334,0,3007
1584728,1,1,7,1.24,26.03076172,119.19298553,6.1,26.03061104,119.19299316,31.3,0.96,1.241,-0.402,-0.0,-0.0,-0.0,1.71,-6.32,-83.1,16.843,0.5,0.5,85.66,335,0,3010
1584937,1,1,7,1.24,26.03076172,119.19298553,6.1,26.03061104,119.19299316,31.3,0.96,1.235,-0.401,0.0,0.0,-0.0,1.71,-6.3,-83.09,16.843,0.5,0.5,85.66,335,0,3013
1585140,1,1,7,1.24,26.03076172,119.19298553,6.1,26.03061104,119.19299316,31.3,0.96,1.233,-0.4,-0.0,0.0,-0.0,1.7,-6.28,-83.1,16.843,0.5,0.5,85.66,335,0,3015
1585341,1,1,7,1.24,26.03076172,119.19298553,6.1,26.03061104,119.19299316,31.3,0.961,1.232,-0.4,-0.0,-0.0,-0.0,1.69,-6.29,-83.06,16.843,0.5,0.5,85.66,335,0,3015
1585552,1,1,7,1.24,26.03076935,119.19298553,6.1,26.03061104,119.19299316,31.3,0.961,1.232,-0.4,0.0,-0.0,-0.0,1.69,-6.29,-83.08,16.843,0.5,0.5,83.98,335,0,3017
1585754,1,1,7,1.24,26.03076935,119.19298553,6.5,26.03061104,119.19299316,31.3,0.96,1.241,-0.402,-0.0,-0.0,0.0,1.69,-6.3,-83.07,17.691,0.5,0.5,83.98,336,0,3020
1585969,1,1,7,1.24,26.03076935,119.19298553,6.5,26.03061104,119.19299316,31.3,0.96,1.235,-0.401,-0.0,0.0,-0.0,1.68,-6.29,-83.07,17.691,0.5,0.5,83.98,336,0,3023
1586169,1,1,7,1.24,26.03076935,119.19298553,6.5,26.03061104,119.19299316,31.3,0.961,1.233,-0.4,0.0,-0.0,0.0,1.7,-6.28,-83.07,17.691,0.5,0.5,83.98,336,0,3024
1586377,1,1,7,1.24,26.03076935,119.19298553,6.5,26.03061104,119.19299316,31.3,0.961,1.232,-0.4,-0.0,0.0,0.001,1.69,-6.28,-83.05,17.691,0.5,0.5,83.98,336,0,3024
1586585,1,1,7,1.24,26.03076172,119.19298553,6.5,26.03061104,119.19299316,31.3,0.961,1.232,-0.4,0.0,0.0,-0.0,1.7,-6.28,-83.03,17.691,0.5,0.5,82.11,336,0,3026
1586804,1,1,7,1.24,26.03076172,119.19298553,7.0,26.03061104,119.19299316,31.3,0.96,1.237,-0.401,0.0,-0.0,0.0,1.7,-6.29,-83.03,16.843,0.5,0.5,82.11,337,0,3029
1587009,1,1,7,1.24,26.03076172,119.19298553,7.0,26.03061104,119.19299316,31.3,0.96,1.234,-0.4,0.0,-0.0,0.0,1.7,-6.28,-83.02,16.843,0.5,0.5,82.11,337,0,3033
1587216,1,1,7,1.24,26.03076172,119.19298553,7.0,26.03061104,119.19299316,31.3,0.961,1.233,-0.4,0.0,-0.0,0.0,1.7,-6.27,-83.0,16.843,0.5,0.5,82.11,337,0,3033
1587421,1,1,7,1.24,26.03076172,119.19298553,7.0,26.03061104,119.19299316,31.3,0.961,1.232,-0.4,-0.0,0.0,-0.0,1.69,-6.27,-83.0,16.843,0.5,0.5,82.11,337,0,3033
1587629,1,1,7,1.24,26.03075409,119.19298553,7.2,26.03061104,119.19299316,31.3,0.96,1.245,-0.403,-0.0,-0.0,0.0,1.7,-6.28,-83.0,15.995,0.5,0.5,84.49,338,0,3036
1587838,1,1,7,1.24,26.03075409,119.19298553,7.2,26.03061104,119.19299316,31.3,0.96,1.237,-0.401,-0.0,0.0,0.0,1.68,-6.28,-83.0,15.995,0.5,0.5,84.49,338,0,3039
1588047,1,1,7,1.24,26.03075409,119.19298553,7.2,26.03061104,119.19299316,31.3,0.96,1.234,-0.4,0.0,-0.0,0.001,1.69,-6.29,-83.02,15.995,0.5,0.5,84.49,338,0,3042
1588251,1,1,7,1.24,26.03075409,119.19298553,7.2,26.03061104,119.19299316,31.3,0.961,1.233,-0.4,0.0,-0.0,-0.0,1.68,-6.31,-83.03,15.995,0.5,0.5,84.49,338,0,3042
1588454,1,1,7,1.24,26.03075409,119.19298553,7.2,26.03061104,119.19299316,31.3,0.961,1.232,-0.4,0.0,0.0,-0.0,1.69,-6.31,-83.04,15.995,0.5,0.5,84.49,338,0,3042
1588693,1,1,7,1.24,26.03075027,119.19298553,7.8,26.03061104,119.19299316,31.3,0.96,1.24,-0.402,0.0,0.0,0.0,1.69,-6.27,-83.04,15.571,0.5,0.5,81.67,339,0,3046
1588894,1,1,7,1.24,26.03075027,119.19298553,7.8,26.03061104,119.19299316,31.3,0.96,1.235,-0.4,0.001,-0.0,0.0,1.71,-6.29,-83.04,15.571,0.5,0.5,81.67,339,0,3049
1589096,1,1,7,1.24,26.03075027,119.19298553,7.8,26.03061104,119.19299316,31.3,0.961,1.233,-0.4,-0.0,0.0,0.001,1.71,-6.29,-83.03,15.571,0.5,0.5,81.67,339,0,3051
1589302,1,1,7,1.24,26.03075027,119.19298553,7.8,26.03061104,119.19299316,31.3,0.961,1.232,-0.4,0.0,0.0,-0.0,1.72,-6.3,-83.04,15.571,0.5,0.5,81.67,339,0,3051
1589506,1,1,7,1.24,26.03075027,119.19298553,7.8,26.03061104,119.19299316,31.3,0.961,1.232,-0.4,0.0,-0.0,-0.0,1.73,-6.31,-83.05,15.571,0.5,0.5,81.67,339,0,3051
1589708,1,1,7,1.24,26.03074455,119.19298553,8.6,26.03061104,119.19299316,31.3,0.96,1.24,-0.402,0.0,-0.0,0.0,1.72,-6.31,-83.03,14.936,0.5,0.5,81.75,340,0,3055
1589910,1,1,7,1.24,26.03074455,119.19298553,8.6,26.03061104,119.19299316,31.3,0.96,1.235,-0.4,-0.0,0.0,-0.0,1.7,-6.3,-83.03,14.936,0.5,0.5,81.75,340,0,3058
1590111,1,1,7,1.24,26.03074455,119.19298553,8.6,26.03061104,119.19299316,31.3,0.961,1.233,-0.4,0.0,0.0,0.0,1.72,-6.29,-83.02,14.936,0.5,0.5,81.75,340,0,3060
1590316,1,1,7,1.24,26.03074455,119.19298553,8.6,26.03061104,119.19299316,31.3,0.961,1.232,-0.4,-0.0,-0.0,0.0,1.71,-6.29,-83.03,14.936,0.5,0.5,81.75,340,0,3060
1590524,1,1,7,1.24,26.03074455,119.19298553,8.6,26.03061104,119.19299316,31.3,0.961,1.232,-0.4,-0.0,0.0,-0.0,1.7,-6.29,-83.02,14.936,0.5,0.5,81.75,340,0,3061
1590730,1,1,7,1.24,26.03074455,119.19298553,8.9,26.03061104,119.19299316,31.3,0.96,1.24,-0.402,-0.0,-0.0,-0.0,1.71,-6.3,-83.04,14.936,0.5,0.5,82.68,341,0,3064
1590941,1,1,7,1.24,26.03074455,119.19298553,8.9,26.03061104,119.19299316,31.3,0.96,1.235,-0.4,-0.0,0.0,0.0,1.72,-6.3,-83.03,14.936,0.5,0.5,82.68,341,0,3067
1591143,1,1,7,1.24,26.03074455,119.19298553,8.9,26.03061104,119.19299316,31.3,0.961,1.233,-0.4,-0.0,-0.0,0.0,1.73,-6.3,-83.04,14.936,0.5,0.5,82.68,341,0,3069
1591346,1,1,7,1.24,26.03074455,119.19298553,8.9,26.03061104,119.19299316,31.3,0.961,1.232,-0.4,0.0,-0.0,0.0,1.73,-6.3,-83.04,14.936,0.5,0.5,82.68,341,0,3069
1591552,1,1,7,1.24,26.03074074,119.19298553,8.9,26.03061104,119.19299316,31.3,0.961,1.232,-0.4,-0.0,-0.0,0.0,1.74,-6.31,-83.03,14.936,0.5,0.5,82.68,341,0,3071
1591762,1,1,7,1.24,26.03074074,119.19298553,9.4,26.03061104,119.19299316,31.3,0.96,1.239,-0.402,-0.0,-0.0,-0.0,1.72,-6.3,-83.05,14.512,0.5,0.5,80.9,342,0,3074
1591963,1,1,7,1.24,26.03074074,119.19298553,9.4,26.03061104,119.19299316,31.3,0.96,1.235,-0.4,0.0,-0.0,0.0,1.73,-6.31,-83.07,14.512,0.5,0.5,80.9,342,0,3077
1592168,1,1,7,1.24,26.03074074,119.19298553,9.4,26.03061104,119.19299316,31.3,0.961,1.233,-0.4,-0.0,0.0,-0.0,1.72,-6.29,-83.06,14.512,0.5,0.5,80.9,342,0,3078
1592371,1,1,7,1.24,26.03074074,119.19298553,9.4,26.03061104,119.19299316,31.3,0.961,1.232,-0.4,-0.0,0.0,0.0,1.71,-6.28,-83.06,14.512,0.5,0.5,80.9,342,0,3078
1592576,1,1,7,1.24,26.03073311,119.19298553,9.4,26.03061104,119.19299316,31.3,0.961,1.232,-0.4,0.0,0.0,-0.0,1.7,-6.28,-83.06,14.512,0.5,0.5,80.9,342,0,3080
1592794,1,1,7,1.24,26.03073311,119.19298553,9.8,26.03061104,119.19299316,31.3,0.96,1.236,-0.401,-0.0,0.0,0.0,1.7,-6.29,-83.07,13.665,0.5,0.5,83.58,343,0,3083
1592996,1,1,7,1.24,26.03073311,119.19298553,9.8,26.03061104,119.19299316,31.3,0.96,1.234,-0.4,0.0,0.0,0.001,1.73,-6.29,-83.04,13.665,0.5,0.5,83.58,343,0,3086
1593200,1,1,7,1.24,26.03073311,119.19298553,9.8,26.03061104,119.19299316,31.3,0.961,1.232,-0.4,-0.0,-0.0,0.001,1.74,-6.31,-83.06,13.665,0.5,0.5,83.58,343,0,3087
1593401,1,1,7,1.24,26.03073311,119.19298553,9.8,26.03061104,119.19299316,31.3,0.961,1.232,-0.4,0.0,-0.0,0.0,1.73,-6.29,-83.08,13.665,0.5,0.5,83.58,343,0,3087
1593614,1,1,7,1.24,26.03072929,119.19300079,9.8,26.03061104,119.19299316,31.3,0.961,1.232,-0.4,-0.0,-0.0,0.0,1.72,-6.28,-83.08,13.665,0.5,0.5,83.58,343,0,3089
1593822,1,1,8,1.23,26.03072929,119.19300079,10.3,26.03061104,119.19299316,31.3,0.961,1.236,-0.401,-0.0,-0.0,-0.0,1.71,-6.28,-83.08,13.218,0.5,0.5,81.85,344,0,3092
1594029,1,1,8,1.23,26.03072929,119.19300079,10.3,26.03061104,119.19299316,31.3,0.961,1.233,-0.4,-0.0,-0.0,-0.0,1.72,-6.28,-83.08,13.218,0.5,0.5,81.85,344,0,3096
1594230,1,1,8,1.23,26.03072929,119.19300079,10.3,26.03061104,119.19299316,31.3,0.961,1.232,-0.4,-0.0,-0.0,0.0,1.72,-6.3,-83.1,13.218,0.5,0.5,81.85,344,0,3096
1594436,1,1,8,1.23,26.03072929,119.19300079,10.3,26.03061104,119.19299316,31.3,0.961,1.232,-0.4,-0.0,0.0,-0.0,1.71,-6.29,-83.07,13.218,0.5,0.5,81.85,344,0,3096
1594647,1,1,8,1.23,26.03072166,119.19300079,10.9,26.03061104,119.19299316,31.3,0.961,1.242,-0.403,-0.0,-0.0,0.0,1.71,-6.29,-83.08,12.37,0.5,0.5,81.85,345,0,3099
1594847,1,1,8,1.23,26.03072166,119.19300079,10.9,26.03061104,119.19299316,31.3,0.961,1.236,-0.401,-0.0,-0.0,-0.0,1.72,-6.29,-83.08,12.37,0.5,0.5,81.4,345,0,3102
1595057,1,1,8,1.23,26.03072166,119.19300079,10.9,26.03061104,119.19299316,31.3,0.961,1.233,-0.4,-0.0,-0.0,-0.001,1.71,-6.29,-83.08,12.37,0.5,0.5,81.4,345,0,3105
1595266,1,1,8,1.23,26.03072166,119.19300079,10.9,26.03061104,119.19299316,31.3,0.961,1.232,-0.4,0.0,-0.0,-0.0,1.71,-6.3,-83.08,12.37,0.5,0.5,81.4,345,0,3105
1595478,1,1,8,1.23,26.03072166,119.19300079,10.9,26.03061104,119.19299316,31.3,0.961,1.232,-0.4,-0.0,-0.0,0.0,1.71,-6.3,-83.06,12.37,0.5,0.5,81.4,345,0,3105
1595694,1,1,8,1.23,26.03071785,119.19300079,11.3,26.03061104,119.19299316,31.3,0.961,1.238,-0.402,-0.0,-0.0,-0.0,1.73,-6.31,-83.03,11.946,0.5,0.5,81.92,346,0,3109
1595895,1,1,8,1.23,26.03071785,119.19300079,11.3,26.03061104,119.19299316,31.3,0.961,1.234,-0.4,-0.0,0.0,-0.0,1.73,-6.3,-83.03,11.946,0.5,0.5,81.92,346,0,3111
1596102,1,1,8,1.23,26.03071785,119.19300079,11.3,26.03061104,119.19299316,31.3,0.961,1.233,-0.4,0.0,0.0,-0.0,1.73,-6.28,-83.02,11.946,0.5,0.5,81.92,346,0,3114
1596305,1,1,8,1.23,26.03071785,119.19300079,11.3,26.03061104,119.19299316,31.3,0.961,1.232,-0.4,0.0,0.0,-0.0,1.73,-6.29,-83.02,11.946,0.5,0.5,81.92,346,0,3114
1596511,1,1,8,1.23,26.03070831,119.19301605,11.3,26.03061104,119.19299316,31.3,0.961,1.232,-0.4,0.0,-0.0,0.0,1.72,-6.28,-83.03,11.946,0.5,0.5,81.92,346,0,3115
1596715,1,1,8,1.23,26.03070831,119.19301605,11.8,26.03061104,119.19299316,31.3,0.962,1.238,-0.401,0.0,-0.0,0.0,1.75,-6.27,-83.05,11.07,0.5,0.5,82.27,347,0,3118
1596918,1,1,8,1.23,26.03070831,119.19301605,11.8,26.03061104,119.19299316,31.3,0.961,1.234,-0.4,-0.0,0.0,0.0,1.73,-6.26,-83.03,11.07,0.5,0.5,82.27,347,0,3121
1597132,1,1,8,1.23,26.03070831,119.19301605,11.8,26.03061104,119.19299316,31.3,0.961,1.233,-0.4,-0.0,-0.0,0.0,1.71,-6.27,-83.04,11.07,0.5,0.5,82.27,347,0,3123
1597335,1,1,8,1.23,26.03070831,119.19301605,11.8,26.03061104,119.19299316,31.3,0.961,1.232,-0.4,0.0,0.0,0.0,1.72,-6.26,-83.03,11.07,0.5,0.5,82.27,347,0,3123
1597553,1,1,8,1.23,26.0307045,119.19301605,11.8,26.03061104,119.19299316,31.3,0.961,1.232,-0.4,0.0,-0.0,0.0,1.72,-6.28,-83.06,11.07,0.5,0.5,82.27,347,0,3125
1597753,1,1,8,1.04,26.0307045,119.19301605,12.3,26.03061104,119.19299316,31.3,0.962,1.24,-0.401,0.0,0.0,0.0,1.71,-6.29,-83.07,10.653,0.5,0.5,80.92,348,0,3127
1597954,1,1,8,1.04,26.0307045,119.19301605,12.3,26.03061104,119.19299316,31.3,0.961,1.235,-0.4,-0.0,-0.0,-0.0,1.72,-6.28,-83.08,10.653,0.5,0.5,80.92,348,0,3130
1598159,1,1,8,1.04,26.0307045,119.19301605,12.3,26.03061104,119.19299316,31.3,0.961,1.233,-0.4,0.0,-0.0,0.0,1.71,-6.27,-83.09,10.653,0.5,0.5,80.92,348,0,3132
1598361,1,1,8,1.04,26.0307045,119.19301605,12.3,26.03061104,119.19299316,31.3,0.961,1.232,-0.4,0.0,-0.0,-0.0,1.72,-6.26,-83.09,10.653,0.5,0.5,80.92,348,0,3132
1598567,1,1,8,1.04,26.0307045,119.19301605,12.3,26.03061104,119.19299316,31.3,0.961,1.232,-0.4,0.0,-0.0,0.001,1.73,-6.27,-83.08,10.653,0.5,0.5,80.92,348,0,3134
1598791,1,1,8,1.04,26.0307045,119.19301605,12.2,26.03061104,119.19299316,31.3,0.962,1.237,-0.401,-0.0,0.0,0.0,1.72,-6.27,-83.07,10.653,0.5,0.5,83.82,349,0,3137
1598999,1,1,8,1.04,26.0307045,119.19301605,12.2,26.03061104,119.19299316,31.3,0.961,1.234,-0.4,-0.0,-0.0,0.0,1.71,-6.3,-83.06,10.653,0.5,0.5,83.82,349,0,3140
1599206,1,1,8,1.04,26.0307045,119.19301605,12.2,26.03061104,119.19299316,31.3,0.961,1.233,-0.4,-0.0,0.0,0.0,1.7,-6.3,-83.04,10.653,0.5,0.5,83.82,349,0,3141
1599416,1,1,8,1.04,26.0307045,119.19301605,12.2,26.03061104,119.19299316,31.3,0.961,1.232,-0.4,-0.0,-0.0,0.001,1.7,-6.3,-83.05,10.653,0.5,0.5,83.82,349,0,3141
1599625,1,1,8,1.04,26.0307045,119.19301605,12.3,26.03061104,119.19299316,31.3,0.963,1.244,-0.403,0.0,-0.0,0.0,1.69,-6.29,-83.02,10.653,0.5,0.5,83.82,350,0,3144
1599835,1,1,8,1.04,26.0307045,119.19301605,12.3,26.03061104,119.19299316,31.3,0.962,1.237,-0.401,0.0,-0.0,0.0,1.69,-6.28,-83.02,10.653,0.5,0.5,85.32,350,0,3147
1600044,1,1,8,1.04,26.0307045,119.19301605,12.3,26.03061104,119.19299316,31.3,0.961,1.234,-0.4,-0.0,0.0,0.0,1.7,-6.3,-82.99,10.653,0.5,0.5,85.32,350,0,3150
1600255,1,1,8,1.04,26.0307045,119.19301605,12.3,26.03061104,119.19299316,31.3,0.961,1.233,-0.4,0.0,0.0,0.0,1.69,-6.29,-83.0,10.653,0.5,0.5,85.32,350,0,3150
1600455,1,1,8,1.04,26.0307045,119.19301605,12.3,26.03061104,119.19299316,31.3,0.961,1.232,-0.4,0.0,-0.0,0.0,1.7,-6.31,-83.01,10.653,0.5,0.5,85.32,350,0,3150
1600697,1,1,8,1.04,26.03070068,119.19301605,12.6,26.03061104,119.19299316,31.3,0.962,1.239,-0.401,-0.0,0.0,-0.0,1.7,-6.28,-83.03,10.237,0.5,0.5,85.32,351,0,3154
1600897,1,1,8,1.04,26.03070068,119.19301605,12.6,26.03061104,119.19299316,31.3,0.961,1.235,-0.4,0.0,0.0,0.0,1.7,-6.28,-83.04,10.237,0.5,0.5,79.13,351,0,3156
1601098,1,1,8,1.04,26.03070068,119.19301605,12.6,26.03061104,119.19299316,31.3,0.961,1.233,-0.4,0.0,0.0,-0.0,1.71,-6.29,-83.05,10.237,0.5,0.5,79.13,351,0,3159
1601302,1,1,8,1.04,26.03070068,119.19301605,12.6,26.03061104,119.19299316,31.3,0.961,1.232,-0.4,-0.0,0.0,-0.0,1.72,-6.28,-83.03,10.237,0.5,0.5,79.13,351,0,3159
1601506,1,1,8,1.04,26.03070068,119.19301605,12.6,26.03061104,119.19299316,31.3,0.961,1.232,-0.4,-0.0,-0.0,-0.0,1.7,-6.28,-83.02,10.237,0.5,0.5,79.13,351,0,3159
1601715,1,1,8,1.04,26.03070068,119.19301605,12.7,26.03061104,119.19299316,31.3,0.962,1.239,-0.401,0.0,-0.0,-0.0,1.68,-6.29,-83.0,10.237,0.5,0.5,79.13,352,0,3163
1601931,1,1,8,1.04,26.03070068,119.19301605,12.7,26.03061104,119.19299316,31.3,0.961,1.235,-0.4,0.0,-0.0,0.0,1.68,-6.3,-82.99,10.237,0.5,0.5,81.92,352,0,3166
1602133,1,1,8,1.04,26.03070068,119.19301605,12.7,26.03061104,119.19299316,31.3,0.961,1.233,-0.4,0.0,0.0,0.0,1.68,-6.27,-82.98,10.237,0.5,0.5,81.92,352,0,3168
1602335,1,1,8,1.04,26.03070068,119.19301605,12.7,26.03061104,119.19299316,31.3,0.961,1.232,-0.4,0.0,-0.0,0.0,1.68,-6.28,-82.99,10.237,0.5,0.5,81.92,352,0,3168
1602545,1,1,8,1.04,26.03069305,119.19301605,12.7,26.03061104,119.19299316,31.3,0.961,1.232,-0.4,-0.0,0.0,0.0,1.68,-6.26,-82.99,10.237,0.5,0.5,81.92,352,0,3169
1602750,1,1,8,1.04,26.03069305,119.19301605,13.3,26.03061104,119.19299316,31.3,0.962,1.239,-0.401,-0.0,0.0,0.001,1.68,-6.25,-82.98,9.408,0.5,0.5,81.92,353,0,3172
1602950,1,1,8,1.04,26.03069305,119.19301605,13.3,26.03061104,119.19299316,31.3,0.961,1.234,-0.4,0.0,-0.0,0.0,1.69,-6.26,-83.0,9.408,0.5,0.5,82.28,353,0,3175
1603155,1,1,8,1.04,26.03069305,119.19301605,13.3,26.03061104,119.19299316,31.3,0.961,1.233,-0.4,-0.0,-0.0,0.0,1.7,-6.26,-83.0,9.408,0.5,0.5,82.28,353,0,3177
1603361,1,1,8,1.04,26.03069305,119.19301605,13.3,26.03061104,119.19299316,31.3,0.961,1.232,-0.4,0.0,-0.0,-0.0,1.71,-6.29,-83.0,9.408,0.5,0.5,82.28,353,0,3177
1603573,1,1,8,1.04,26.03068924,119.19301605,13.3,26.03061104,119.19299316,31.3,0.961,1.232,-0.4,-0.0,-0.0,0.0,1.71,-6.3,-83.01,9.408,0.5,0.5,82.28,353,0,3179
1603789,1,1,8,1.04,26.03068924,119.19301605,13.0,26.03061104,119.19299316,31.3,0.962,1.236,-0.401,-0.0,-0.0,-0.0,1.7,-6.31,-83.02,8.994,0.5,0.5,82.28,354,0,3182
1603992,1,1,8,1.04,26.03068924,119.19301605,13.0,26.03061104,119.19299316,31.3,0.961,1.233,-0.4,-0.0,0.0,0.0,1.71,-6.29,-83.05,8.994,0.5,0.5,83.58,354,0,3185
1604199,1,1,8,1.04,26.03068924,119.19301605,13.0,26.03061104,119.19299316,31.3,0.961,1.232,-0.4,0.0,-0.0,0.0,1.72,-6.3,-83.08,8.994,0.5,0.5,83.58,354,0,3186
1604401,1,1,8,1.04,26.03068924,119.19301605,13.0,26.03061104,119.19299316,31.3,0.961,1.232,-0.4,-0.0,0.0,-0.0,1.73,-6.29,-83.1,8.994,0.5,0.5,83.58,354,0,3186
1604612,1,1,8,1.04,26.03068924,119.19301605,13.0,26.03061104,119.19299316,31.3,0.961,1.232,-0.4,-0.0,0.0,0.0,1.72,-6.27,-83.11,8.994,0.5,0.5,83.58,354,0,3188
1604821,1,1,8,1.04,26.03068924,119.19301605,13.1,26.03061104,119.19299316,31.3,0.962,1.236,-0.401,-0.0,-0.0,0.0,1.72,-6.28,-83.08,8.994,0.5,0.5,83.58,355,0,3191
1605030,1,1,8,1.04,26.03068924,119.19301605,13.1,26.03061104,119.19299316,31.3,0.961,1.233,-0.4,-0.0,0.0,0.0,1.71,-6.26,-83.08,8.994,0.5,0.5,80.44,355,0,3195
1605230,1,1,8,1.04,26.03068924,119.19301605,13.1,26.03061104,119.19299316,31.3,0.961,1.232,-0.4,0.0,0.0,0.0,1.73,-6.26,-83.06,8.994,0.5,0.5,80.44,355,0,3195
1605436,1,1,8,1.04,26.03068924,119.19301605,13.1,26.03061104,119.19299316,31.3,0.961,1.232,-0.4,-0.0,-0.0,-0.0,1.74,-6.26,-83.08,8.994,0.5,0.5,80.44,355,0,3195
1605647,1,1,8,1.04,26.0306797,119.19301605,13.4,26.03061104,119.19299316,31.3,0.963,1.241,-0.402,0.0,-0.0,0.0,1.74,-6.25,-83.08,7.965,0.5,0.5,80.44,356,0,3198
1605847,1,1,8,1.04,26.0306797,119.19301605,13.4,26.03061104,119.19299316,31.3,0.962,1.235,-0.401,0.0,-0.0,0.0,1.74,-6.27,-83.1,7.965,0.5,0.5,80.44,356,0,3201
1606058,1,1,8,1.04,26.0306797,119.19301605,13.4,26.03061104,119.19299316,31.3,0.961,1.233,-0.4,-0.0,0.0,-0.0,1.73,-6.27,-83.11,7.965,0.5,0.5,81.61,356,0,3204
1606265,1,1,8,1.04,26.0306797,119.19301605,13.4,26.03061104,119.19299316,31.3,0.961,1.232,-0.4,0.0,0.0,-0.0,1.73,-6.26,-83.09,7.965,0.5,0.5,81.61,356,0,3204
1606465,1,1,8,1.04,26.0306797,119.19301605,13.4,26.03061104,119.19299316,31.3,0.961,1.232,-0.4,0.0,-0.0,-0.0,1.72,-6.27,-83.1,7.965,0.5,0.5,81.61,356,0,3204
1606693,1,1,8,1.04,26.03067589,119.19301605,13.7,26.03061104,119.19299316,31.3,0.962,1.237,-0.401,-0.0,-0.0,0.0,1.71,-6.28,-83.08,7.556,0.5,0.5,81.61,357,0,3208
1606895,1,1,8,1.04,26.03067589,119.19301605,13.7,26.03061104,119.19299316,31.3,0.961,1.234,-0.4,0.0,-0.0,-0.0,1.73,-6.29,-83.08,7.556,0.5,0.5,82.19,357,0,3211
1607098,1,1,8,1.04,26.03067589,119.19301605,13.7,26.03061104,119.19299316,31.3,0.961,1.233,-0.4,0.0,0.0,0.0,1.75,-6.28,-83.09,7.556,0.5,0.5,82.19,357,0,3213
1607301,1,1,8,1.04,26.03067589,119.19301605,13.7,26.03061104,119.19299316,31.3,0.961,1.232,-0.4,0.0,0.0,-0.0,1.74,-6.27,-83.08,7.556,0.5,0.5,82.19,357,0,3213
1607506,1,1,8,1.04,26.03067589,119.19301605,13.7,26.03061104,119.19299316,31.3,0.961,1.232,-0.4,0.0,-0.0,-0.0,1.73,-6.28,-83.07,7.556,0.5,0.5,82.19,357,0,3213
1607710,1,1,8,1.05,26.0306797,119.19301605,13.8,26.03061104,119.19299316,31.3,0.962,1.237,-0.401,0.0,-0.0,0.0,1.75,-6.29,-83.07,7.965,0.5,0.5,82.19,358,0,3217
1607911,1,1,8,1.05,26.0306797,119.19301605,13.8,26.03061104,119.19299316,31.3,0.961,1.234,-0.4,0.0,-0.0,0.0,1.75,-6.3,-83.09,7.965,0.5,0.5,83.66,358,0,3220
1608125,1,1,8,1.05,26.0306797,119.19301605,13.8,26.03061104,119.19299316,31.3,0.961,1.233,-0.4,-0.0,-0.0,0.0,1.72,-6.3,-83.1,7.965,0.5,0.5,83.66,358,0,3222
1608330,1,1,8,1.05,26.0306797,119.19301605,13.8,26.03061104,119.19299316,31.3,0.961,1.232,-0.4,0.0,-0.0,0.0,1.72,-6.31,-83.12,7.965,0.5,0.5,83.66,358,0,3222
1608547,1,1,8,1.05,26.0306797,119.19301605,13.8,26.03061104,119.19299316,31.3,0.961,1.232,-0.4,0.0,0.0,0.0,1.72,-6.3,-83.09,7.965,0.5,0.5,83.66,358,0,3223
1608760,1,1,8,1.05,26.0306797,119.19301605,14.2,26.03061104,119.19299316,31.3,0.962,1.237,-0.401,-0.0,0.0,0.001,1.73,-6.29,-83.09,7.965,0.5,0.5,83.66,359,0,3227
1608971,1,1,8,1.05,26.0306797,119.19301605,14.2,26.03061104,119.19299316,31.3,0.961,1.234,-0.4,-0.0,0.0,-0.0,1.72,-6.28,-83.09,7.965,0.5,0.5,84.58,359,0,3230
1609172,1,1,8,1.05,26.0306797,119.19301605,14.2,26.03061104,119.19299316,31.3,0.961,1.233,-0.4,-0.0,0.0,0.001,1.73,-6.27,-83.09,7.965,0.5,0.5,84.58,359,0,3231
1609375,1,1,8,1.05,26.0306797,119.19301605,14.2,26.03061104,119.19299316,31.3,0.961,1.232,-0.4,0.0,-0.0,-0.0,1.74,-6.28,-83.07,7.965,0.5,0.5,84.58,359,0,3231
1609580,1,1,8,1.05,26.03067589,119.19304657,14.2,26.03061104,119.19299316,31.3,0.961,1.232,-0.4,0.0,-0.0,0.0,1.74,-6.28,-83.09,7.965,0.5,0.5,84.58,359,0,3233
1609805,1,1,8,1.05,26.03067589,119.19304657,14.2,26.03061104,119.19299316,31.3,0.963,1.235,-0.401,-0.0,-0.0,0.0,1.74,-6.28,-83.1,8.899,0.5,0.5,84.58,360,0,3236
1610016,1,1,8,1.05,26.03067589,119.19304657,14.2,26.03061104,119.19299316,31.3,0.962,1.233,-0.4,0.0,0.0,-0.0,1.73,-6.26,-83.11,8.899,0.5,0.5,80.84,360,0,3240
1610221,1,1,8,1.05,26.03067589,119.19304657,14.2,26.03061104,119.19299316,31.3,0.961,1.232,-0.4,-0.0,0.0,0.0,1.73,-6.26,-83.11,8.899,0.5,0.5,80.84,360,0,3240
1610426,1,1,8,1.05,26.03067589,119.19304657,14.2,26.03061104,119.19299316,31.3,0.961,1.232,-0.4,-0.0,0.0,0.0,1.72,-6.26,-83.12,8.899,0.5,0.5,80.84,360,0,3240
1610643,1,1,8,1.05,26.03067589,119.19304657,14.4,26.03061104,119.19299316,31.3,0.967,1.24,-0.402,0.0,0.0,0.0,1.73,-6.26,-83.09,8.899,0.5,0.5,80.84,361,0,3243
1610844,1,1,8,1.05,26.03067589,119.19304657,14.4,26.03061104,119.19299316,31.3,0.963,1.235,-0.401,-0.0,-0.0,-0.0,1.71,-6.27,-83.08,8.899,0.5,0.5,80.84,361,0,3246
1611051,1,1,8,1.05,26.03067589,119.19304657,14.4,26.03061104,119.19299316,31.3,0.962,1.233,-0.4,0.0,0.0,0.0,1.71,-6.28,-83.06,8.899,0.5,0.5,84.22,361,0,3249
1611255,1,1,8,1.05,26.03067589,119.19304657,14.4,26.03061104,119.19299316,31.3,0.961,1.232,-0.4,0.0,0.0,-0.0,1.72,-6.27,-83.06,8.899,0.5,0.5,84.22,361,0,3249
1611467,1,1,8,1.05,26.03067589,119.19304657,14.4,26.03061104,119.19299316,31.3,0.961,1.232,-0.4,0.0,0.0,-0.0,1.72,-6.28,-83.08,8.899,0.5,0.5,84.22,361,0,3249
1611704,1,1,8,1.05,26.03066826,119.19304657,14.8,26.03061104,119.19299316,31.3,0.964,1.236,-0.401,-0.0,-0.0,0.0,1.71,-6.29,-83.07,8.221,0.5,0.5,84.22,362,0,3253
1611911,1,1,8,1.05,26.03066826,119.19304657,14.8,26.03061104,119.19299316,31.3,0.962,1.234,-0.4,0.0,0.0,-0.0,1.72,-6.29,-83.07,8.221,0.5,0.5,84.22,362,0,3256
1612116,1,1,8,1.05,26.03066826,119.19304657,14.8,26.03061104,119.19299316,31.3,0.961,1.232,-0.4,0.0,0.0,0.0,1.7,-6.3,-83.06,8.221,0.5,0.5,85.74,362,0,3258
1612321,1,1,8,1.05,26.03066826,119.19304657,14.8,26.03061104,119.19299316,31.3,0.961,1.232,-0.4,-0.0,-0.0,0.0,1.72,-6.29,-83.05,8.221,0.5,0.5,85.74,362,0,3258
1612528,1,1,8,1.05,26.03066444,119.19304657,14.8,26.03061104,119.19299316,31.3,0.961,1.232,-0.4,0.0,0.0,-0.0,1.74,-6.29,-83.08,8.221,0.5,0.5,85.74,362,0,3259
1612739,1,1,8,1.05,26.03066444,119.19304657,14.9,26.03061104,119.19299316,31.3,0.964,1.236,-0.401,-0.0,0.0,0.0,1.74,-6.29,-83.06,7.894,0.5,0.5,85.74,363,0,3262
1612952,1,1,8,1.05,26.03066444,119.19304657,14.9,26.03061104,119.19299316,31.3,0.962,1.233,-0.4,-0.0,0.0,0.0,1.74,-6.28,-83.07,7.894,0.5,0.5,85.74,363,0,3265
1613154,1,1,8,1.05,26.03066444,119.19304657,14.9,26.03061104,119.19299316,31.3,0.961,1.232,-0.4,-0.0,0.0,-0.0,1.71,-6.27,-83.07,7.894,0.5,0.5,82.43,363,0,3267
1613355,1,1,8,1.05,26.03066444,119.19304657,14.9,26.03061104,119.19299316,31.3,0.961,1.232,-0.4,-0.0,0.0,0.0,1.7,-6.27,-83.06,7.894,0.5,0.5,82.43,363,0,3267
1613572,1,1,8,1.05,26.03066063,119.19304657,14.9,26.03061104,119.19299316,31.3,0.961,1.232,-0.4,0.0,-0.0,0.0,1.7,-6.28,-83.07,7.894,0.5,0.5,82.43,363,0,3269
1613782,1,1,8,1.05,26.03066063,119.19304657,15.1,26.03061104,119.19299316,31.3,0.963,1.234,-0.401,-0.0,-0.0,0.001,1.67,-6.29,-83.09,7.577,0.5,0.5,82.43,364,0,3272
1613991,1,1,8,1.05,26.03066063,119.19304657,15.1,26.03061104,119.19299316,31.3,0.962,1.233,-0.4,0.0,0.0,0.0,1.69,-6.29,-83.09,7.577,0.5,0.5,83.5,364,0,3275
1614196,1,1,8,1.05,26.03066063,119.19304657,15.1,26.03061104,119.19299316,31.3,0.961,1.232,-0.4,0.0,-0.0,-0.0,1.68,-6.31,-83.07,7.577,0.5,0.5,83.5,364,0,3276
1614406,1,1,8,1.05,26.03066063,119.19304657,15.1,26.03061104,119.19299316,31.3,0.961,1.232,-0.4,0.0,0.0,0.0,1.7,-6.3,-83.06,7.577,0.5,0.5,83.5,364,0,3276
1614620,1,1,8,1.05,26.03066444,119.19303131,15.1,26.03061104,119.19299316,31.3,0.961,1.232,-0.4,-0.0,-0.0,-0.0,1.69,-6.3,-83.06,7.577,0.5,0.5,83.5,364,0,3278
1614828,1,1,8,1.05,26.03066444,119.19303131,15.4,26.03061104,119.19299316,31.3,0.962,1.235,-0.401,0.0,0.001,0.0,1.7,-6.28,-83.06,6.996,0.5,0.5,83.5,365,0,3282
1615035,1,1,8,1.05,26.03066444,119.19303131,15.4,26.03061104,119.19299316,31.3,0.961,1.233,-0.4,-0.0,-0.0,0.0,1.7,-6.3,-83.07,6.996,0.5,0.5,84.83,365,0,3285
1615236,1,1,8,1.05,26.03066444,119.19303131,15.4,26.03061104,119.19299316,31.3,0.961,1.232,-0.4,0.0,0.0,-0.0,1.7,-6.27,-83.07,6.996,0.5,0.5,84.83,365,0,3285
1615446,1,1,8,1.05,26.03066444,119.19303131,15.4,26.03061104,119.19299316,31.3,0.961,1.232,-0.4,-0.0,-0.0,-0.0,1.68,-6.25,-83.05,6.996,0.5,0.5,84.83,365,0,3285
1615654,1,1,8,1.05,26.03066444,119.19304657,15.6,26.03061295,119.19299316,31.24,1.105,1.4,-0.461,-0.01,0.002,0.001,1.41,-6.04,-83.12,7.894,0.5,0.5,84.83,366,0,3288
1615858,1,1,8,1.05,26.03066444,119.19304657,15.6,26.03061295,119.19299316,31.24,1.104,1.401,-0.46,-0.007,0.004,0.004,1.76,-5.92,-83.1,7.894,0.504,0.504,84.83,366,0,3291
1616058,1,1,8,1.05,26.03066444,119.19304657,15.6,26.03061295,119.19299316,31.24,1.102,1.402,-0.459,-0.007,0.002,0.004,1.78,-5.96,-83.08,7.894,0.515,0.515,100.1,366,0,3294
1616258,1,1,8,1.05,26.03066444,119.19304657,15.6,26.03061295,119.19299316,31.24,1.103,1.402,-0.46,0.0,-0.0,0.001,1.8,-5.99,-83.05,7.894,0.5,0.5,100.1,366,0,3294
1616463,1,1,8,1.05,26.03066444,119.19304657,15.6,26.03061295,119.19299316,31.24,1.102,1.402,-0.459,0.0,-0.0,0.0,1.8,-6.02,-83.04,7.894,0.5,0.5,100.1,366,0,3294
1616670,1,1,9,1.05,26.03066444,119.19304657,15.9,26.03061295,119.19299316,31.24,1.107,1.409,-0.461,-0.0,-0.0,-0.0,1.8,-6.04,-83.02,7.673,0.5,0.5,100.1,367,0,3297
1616880,1,1,9,1.05,26.03066444,119.19304657,15.9,26.03061295,119.19299316,31.24,1.104,1.405,-0.46,0.0,-0.0,-0.0,1.79,-6.05,-83.0,7.673,0.5,0.5,100.1,367,0,3300
1617085,1,1,9,1.05,26.03066444,119.19304657,15.9,26.03061295,119.19299316,31.24,1.102,1.403,-0.459,-0.0,-0.0,0.001,1.78,-6.08,-82.98,7.673,0.5,0.5,90.91,367,0,3303
1617286,1,1,9,1.05,26.03066444,119.19304657,15.9,26.03061295,119.19299316,31.24,1.102,1.402,-0.459,0.0,-0.0,-0.0,1.79,-6.09,-82.97,7.673,0.5,0.5,90.91,367,0,3303
1617489,1,1,9,1.05,26.03066444,119.19304657,15.9,26.03061295,119.19299316,31.24,1.102,1.402,-0.459,0.0,0.0,0.0,1.8,-6.1,-82.96,7.673,0.5,0.5,90.91,367,0,3303
1617697,1,1,9,1.05,26.03066063,119.19304657,16.0,26.03061295,119.19299316,31.24,1.105,1.406,-0.46,0.0,0.0,-0.0,1.81,-6.09,-82.92,7.356,0.5,0.5,90.91,368,0,3307
1617905,1,1,9,1.05,26.03066063,119.19304657,16.0,26.03061295,119.19299316,31.24,1.103,1.404,-0.459,-0.0,0.0,0.0,1.79,-6.08,-82.91,7.356,0.5,0.5,90.91,368,0,3310
1618107,1,1,9,1.05,26.03066063,119.19304657,16.0,26.03061295,119.19299316,31.24,1.102,1.403,-0.459,0.0,-0.0,-0.0,1.82,-6.11,-82.92,7.356,0.5,0.5,80.92,368,0,3312
1618311,1,1,9,1.05,26.03066063,119.19304657,16.0,26.03061295,119.19299316,31.24,1.102,1.402,-0.459,0.0,0.0,0.0,1.73,-6.18,-82.88,7.356,0.5,0.5,80.92,368,0,3312
1618516,1,1,9,1.05,26.03066063,119.19304657,16.0,26.03061295,119.19299316,31.24,1.102,1.402,-0.459,0.0,0.0,0.0,1.74,-6.21,-82.9,7.356,0.5,0.5,80.92,368,0,3313
1618724,1,1,9,1.05,26.03066063,119.19304657,16.3,26.03061295,119.19299316,31.24,1.105,1.406,-0.46,-0.0,0.0,0.0,1.72,-6.18,-82.9,7.356,0.5,0.5,80.92,369,0,3316
1618935,1,1,9,1.05,26.03066063,119.19304657,16.3,26.03061295,119.19299316,31.24,1.103,1.404,-0.459,0.0,-0.0,-0.0,1.72,-6.19,-82.91,7.356,0.5,0.5,80.92,369,0,3319
1619138,1,1,9,1.05,26.03066063,119.19304657,16.3,26.03061295,119.19299316,31.24,1.102,1.403,-0.459,0.0,-0.0,-0.0,1.74,-6.22,-82.94,7.356,0.5,0.5,82.28,369,0,3321
1619341,1,1,9,1.05,26.03066063,119.19304657,16.3,26.03061295,119.19299316,31.24,1.102,1.402,-0.459,-0.0,-0.0,0.0,1.74,-6.23,-82.96,7.356,0.5,0.5,82.28,369,0,3321
1619557,1,1,9,1.05,26.03066826,119.19304657,16.3,26.03061295,119.19299316,31.24,1.102,1.402,-0.459,0.0,-0.0,0.001,1.73,-6.23,-82.98,7.356,0.5,0.5,82.28,369,0,3322
1619771,1,1,9,1.05,26.03066826,119.19304657,16.5,26.03061295,119.19299316,31.24,1.105,1.407,-0.46,-0.0,-0.0,0.0,1.72,-6.23,-82.99,8.0,0.5,0.5,82.28,370,0,3326
1619981,1,1,9,1.05,26.03066826,119.19304657,16.5,26.03061295,119.19299316,31.24,1.103,1.404,-0.459,0.0,0.0,0.001,1.74,-6.25,-82.97,8.0,0.5,0.5,82.28,370,0,3329
1620182,1,1,9,1.05,26.03066826,119.19304657,16.5,26.03061295,119.19299316,31.24,1.102,1.403,-0.459,0.0,0.0,-0.0,1.73,-6.25,-82.99,8.0,0.5,0.5,85.74,370,0,3330
1620385,1,1,9,1.05,26.03066826,119.19304657,16.5,26.03061295,119.19299316,31.24,1.102,1.402,-0.459,0.0,-0.0,0.0,1.75,-6.25,-82.98,8.0,0.5,0.5,85.74,370,0,3330
1620585,1,1,9,1.05,26.03067207,119.19304657,16.5,26.03061295,119.19299316,31.24,1.102,1.402,-0.459,-0.0,0.0,-0.0,1.73,-6.24,-83.0,8.0,0.5,0.5,85.74,370,0,3332
1620810,1,1,9,1.05,26.03067207,119.19304657,16.6,26.03061295,119.19299316,31.24,1.104,1.405,-0.46,-0.0,0.0,0.0,1.7,-6.21,-82.99,8.335,0.5,0.5,85.74,371,0,3335
1621024,1,1,9,1.05,26.03067207,119.19304657,16.6,26.03061295,119.19299316,31.24,1.102,1.403,-0.459,0.0,-0.0,0.0,1.72,-6.22,-82.99,8.335,0.5,0.5,85.74,371,0,3339
1621232,1,1,9,1.05,26.03067207,119.19304657,16.6,26.03061295,119.19299316,31.24,1.102,1.402,-0.459,0.0,0.0,0.0,1.73,-6.21,-82.96,8.335,0.5,0.5,81.75,371,0,3339
1621436,1,1,9,1.05,26.03067207,119.19304657,16.6,26.03061295,119.19299316,31.24,1.102,1.402,-0.459,-0.0,0.0,-0.0,1.71,-6.2,-82.99,8.335,0.5,0.5,81.75,371,0,3339
1621639,1,1,9,1.05,26.03066826,119.19304657,16.8,26.03061295,119.19299316,31.24,1.107,1.409,-0.461,-0.0,-0.0,0.0,1.7,-6.19,-82.99,8.0,0.5,0.5,81.75,372,0,3342
1621851,1,1,9,1.05,26.03066826,119.19304657,16.8,26.03061295,119.19299316,31.24,1.104,1.405,-0.46,-0.0,-0.0,0.0,1.69,-6.18,-82.97,8.0,0.5,0.5,81.75,372,0,3345
1622064,1,1,9,1.05,26.03066826,119.19304657,16.8,26.03061295,119.19299316,31.24,1.102,1.403,-0.459,0.001,0.001,-0.0,1.75,-6.17,-82.98,8.0,0.5,0.5,84.23,372,0,3348
1622271,1,1,9,1.05,26.03066826,119.19304657,16.8,26.03061295,119.19299316,31.24,1.102,1.402,-0.459,-0.0,-0.0,-0.0,1.74,-6.18,-82.98,8.0,0.5,0.5,84.23,372,0,3348
1622482,1,1,9,1.05,26.03066826,119.19304657,16.8,26.03061295,119.19299316,31.24,1.102,1.402,-0.459,-0.0,-0.0,0.0,1.73,-6.18,-82.94,8.0,0.5,0.5,84.23,372,0,3348
1622704,1,1,9,1.05,26.03066444,119.19304657,16.8,26.03061295,119.19299316,31.24,1.105,1.406,-0.46,0.0,0.0,0.0,1.74,-6.16,-82.95,7.673,0.5,0.5,84.23,373,0,3352
1622911,1,1,9,1.05,26.03066444,119.19304657,16.8,26.03061295,119.19299316,31.24,1.103,1.404,-0.459,0.0,-0.0,0.0,1.75,-6.15,-82.93,7.673,0.5,0.5,84.23,373,0,3355
1623122,1,1,9,1.05,26.03066444,119.19304657,16.8,26.03061295,119.19299316,31.24,1.102,1.403,-0.459,-0.0,0.0,-0.001,1.74,-6.17,-82.95,7.673,0.5,0.5,85.4,373,0,3357
1623325,1,1,9,1.05,26.03066444,119.19304657,16.8,26.03061295,119.19299316,31.24,1.102,1.402,-0.459,0.0,0.0,-0.002,1.73,-6.14,-82.97,7.673,0.5,0.5,85.4,373,0,3357
1623533,1,1,9,1.05,26.03066826,119.19304657,16.8,26.03061295,119.19299316,31.24,1.102,1.402,-0.459,-0.0,-0.0,0.001,1.76,-6.12,-82.97,7.673,0.5,0.5,85.4,373,0,3358
1623747,1,1,9,1.05,26.03066826,119.19304657,17.0,26.03061295,119.19299316,31.24,1.105,1.407,-0.46,-0.0,-0.0,0.001,1.79,-6.11,-82.93,8.0,0.5,0.5,85.4,374,0,3361
1623957,1,1,9,1.05,26.03066826,119.19304657,17.0,26.03061295,119.19299316,31.24,1.103,1.404,-0.459,-0.001,0.001,-0.001,1.78,-6.08,-82.97,8.0,0.5,0.5,85.4,374,0,3364
1624159,1,1,9,1.05,26.03066826,119.19304657,17.0,26.03061295,119.19299316,31.24,1.102,1.403,-0.459,0.0,-0.001,0.0,1.8,-6.19,-82.96,8.0,0.5,0.5,80.76,374,0,3366
1624370,1,1,9,1.05,26.03066826,119.19304657,17.0,26.03061295,119.19299316,31.24,1.102,1.402,-0.459,-0.0,0.0,-0.0,1.78,-6.16,-82.98,8.0,0.5,0.5,80.76,374,0,3366
1624576,1,1,9,1.05,26.03066444,119.19304657,17.0,26.03061295,119.19299316,31.24,1.102,1.402,-0.459,-0.0,-0.0,-0.0,1.78,-6.17,-82.99,8.0,0.5,0.5,80.76,374,0,3368
1624800,1,1,9,1.05,26.03066444,119.19304657,17.1,26.03061295,119.19299316,31.24,1.104,1.405,-0.46,0.0,0.0,-0.0,1.78,-6.17,-82.97,7.673,0.5,0.5,80.76,375,0,3371
1625016,1,1,9,1.05,26.03066444,119.19304657,17.1,26.03061295,119.19299316,31.24,1.102,1.403,-0.459,-0.0,0.0,-0.001,1.8,-6.24,-82.97,7.673,0.5,0.5,80.76,375,0,3374
1625226,1,1,9,1.05,26.03066444,119.19304657,17.1,26.03061295,119.19299316,31.24,1.102,1.402,-0.459,0.0,-0.0,0.0,1.8,-6.23,-82.99,7.673,0.5,0.5,86.65,375,0,3375
1625426,1,1,9,1.05,26.03066444,119.19304657,17.1,26.03061295,119.19299316,31.24,1.102,1.402,-0.459,-0.0,-0.0,-0.0,1.77,-6.21,-83.0,7.673,0.5,0.5,86.65,375,0,3375
1625635,1,1,9,1.05,26.03066444,119.19304657,17.2,26.03061295,119.19299316,31.24,1.107,1.409,-0.461,0.0,-0.0,0.001,1.79,-6.23,-82.99,7.673,0.5,0.5,86.65,376,0,3378
1625838,1,1,9,1.05,26.03066444,119.19304657,17.2,26.03061295,119.19299316,31.24,1.104,1.405,-0.46,0.0,0.002,-0.001,1.87,-6.06,-82.99,7.673,0.5,0.5,86.65,376,0,3381
1626051,1,1,9,1.05,26.03066444,119.19304657,17.2,26.03061295,119.19299316,31.24,1.102,1.403,-0.459,-0.0,-0.0,0.001,1.85,-6.09,-82.99,7.673,0.5,0.5,86.65,376,0,3384
1626256,1,1,9,1.05,26.03066444,119.19304657,17.2,26.03061295,119.19299316,31.24,1.102,1.402,-0.459,0.0,-0.0,0.0,1.82,-6.11,-82.99,7.673,0.5,0.5,79.92,376,0,3384
1626461,1,1,9,1.05,26.03066444,119.19304657,17.2,26.03061295,119.19299316,31.24,1.102,1.402,-0.459,0.0,-0.0,-0.0,1.81,-6.13,-82.96,7.673,0.5,0.5,79.92,376,0,3384
1626697,1,1,9,1.05,26.03066063,119.19306946,17.3,26.03061295,119.19299316,31.24,1.107,1.406,-0.46,-0.0,-0.0,-0.0,1.8,-6.13,-82.95,9.07,0.5,0.5,79.92,377,0,3388
1626899,1,1,9,1.05,26.03066063,119.19306946,17.3,26.03061295,119.19299316,31.24,1.104,1.404,-0.459,0.0,0.0,-0.0,1.8,-6.13,-82.94,9.07,0.5,0.5,79.92,377,0,3390
1627104,1,1,9,1.05,26.03066063,119.19306946,17.3,26.03061295,119.19299316,31.24,1.102,1.403,-0.459,-0.0,0.0,0.0,1.8,-6.13,-82.95,9.07,0.5,0.5,82.92,377,0,3393
1627305,1,1,9,1.05,26.03066063,119.19306946,17.3,26.03061295,119.19299316,31.24,1.102,1.402,-0.459,0.0,0.0,0.0,1.81,-6.14,-82.97,9.07,0.5,0.5,82.92,377,0,3393
1627517,1,1,9,1.05,26.03066063,119.19306946,17.3,26.03061295,119.19299316,31.24,1.102,1.402,-0.459,-0.0,-0.0,-0.0,1.79,-6.16,-82.97,9.07,0.5,0.5,82.92,377,0,3394
1627717,1,1,9,1.05,26.03066063,119.19306946,17.5,26.03061295,119.19299316,31.24,1.107,1.406,-0.46,-0.0,-0.0,0.0,1.78,-6.15,-82.99,9.07,0.5,0.5,82.92,378,0,3397
1627918,1,1,9,1.05,26.03066063,119.19306946,17.5,26.03061295,119.19299316,31.24,1.104,1.404,-0.459,-0.0,0.0,0.0,1.77,-6.15,-82.99,9.07,0.5,0.5,82.92,378,0,3400
1628125,1,1,9,1.05,26.03066063,119.19306946,17.5,26.03061295,119.19299316,31.24,1.102,1.403,-0.459,-0.0,-0.0,0.0,1.76,-6.15,-82.97,9.07,0.5,0.5,82.28,378,0,3402
1628325,1,1,9,1.05,26.03066063,119.19306946,17.5,26.03061295,119.19299316,31.24,1.102,1.402,-0.459,-0.0,0.0,0.0,1.76,-6.14,-82.97,9.07,0.5,0.5,82.28,378,0,3402
1628539,1,1,9,1.05,26.03066063,119.19306946,17.5,26.03061295,119.19299316,31.24,1.102,1.402,-0.459,-0.0,-0.0,-0.0,1.75,-6.13,-82.95,9.07,0.5,0.5,82.28,378,0,3403
1628751,1,1,9,1.05,26.03066063,119.19306946,17.6,26.03061295,119.19299316,31.24,1.107,1.406,-0.46,0.0,-0.0,-0.0,1.77,-6.16,-82.96,9.07,0.5,0.5,82.28,379,0,3406
1628960,1,1,9,1.05,26.03066063,119.19306946,17.6,26.03061295,119.19299316,31.24,1.104,1.404,-0.459,-0.0,0.0,-0.0,1.76,-6.14,-82.98,9.07,0.5,0.5,82.28,379,0,3409
1629161,1,1,9,1.05,26.03066063,119.19306946,17.6,26.03061295,119.19299316,31.24,1.102,1.403,-0.459,0.0,-0.0,0.0,1.78,-6.13,-82.98,9.07,0.5,0.5,82.52,379,0,3411
1629365,1,1,9,1.05,26.03066063,119.19306946,17.6,26.03061295,119.19299316,31.24,1.102,1.402,-0.459,-0.0,-0.0,0.0,1.78,-6.15,-82.96,9.07,0.5,0.5,82.52,379,0,3411
1629570,1,1,9,1.05,26.03065109,119.19306946,17.6,26.03061295,119.19299316,31.24,1.102,1.402,-0.459,0.0,-0.0,0.0,1.79,-6.14,-82.96,9.07,0.5,0.5,82.52,379,0,3413
1629803,1,1,9,1.05,26.03065109,119.19306946,17.5,26.03061295,119.19299316,31.24,1.105,1.404,-0.46,0.0,-0.0,0.0,1.8,-6.16,-82.95,8.482,0.5,0.5,82.52,380,0,3416
1630016,1,1,9,1.05,26.03065109,119.19306946,17.5,26.03061295,119.19299316,31.24,1.103,1.403,-0.459,-0.0,-0.0,0.0,1.77,-6.18,-82.97,8.482,0.5,0.5,82.52,380,0,3419
1630226,1,1,9,1.05,26.03065109,119.19306946,17.5,26.03061295,119.19299316,31.24,1.102,1.402,-0.459,-0.0,0.0,-0.0,1.76,-6.19,-82.96,8.482,0.5,0.5,85.83,380,0,3420
1630429,1,1,9,1.05,26.03065109,119.19306946,17.5,26.03061295,119.19299316,31.24,1.102,1.402,-0.459,0.0,-0.001,-0.002,1.75,-6.3,-82.9,8.482,0.5,0.5,85.83,380,0,3420
1630629,1,1,9,1.05,26.03065109,119.19306946,17.5,26.03061295,119.19299316,31.24,1.102,1.402,-0.46,-0.0,0.0,-0.001,1.72,-6.35,-82.9,8.482,0.504,0.504,85.83,380,0,3422
1630838,1,1,9,1.05,26.03065109,119.19306946,17.6,26.03061295,119.19300079,31.19,1.314,1.528,-0.515,0.016,0.01,-0.005,1.7,-6.31,-82.93,8.482,0.511,0.511,85.83,381,0,3426
1631065,1,1,9,1.05,26.03065109,119.19306946,17.6,26.03061295,119.19300079,31.19,1.313,1.528,-0.515,-0.0,0.0,-0.0,1.69,-6.29,-82.94,8.482,0.5,0.5,85.83,381,0,3429
1631271,1,1,9,1.05,26.03065109,119.19306946,17.6,26.03061295,119.19300079,31.18,1.315,1.529,-0.515,-0.0,0.0,0.0,1.68,-6.28,-82.96,8.482,0.5,0.5,109.34,381,0,3429
1631477,1,1,9,1.05,26.03065109,119.19306946,17.6,26.03061295,119.19300079,31.18,1.316,1.53,-0.515,0.0,-0.0,-0.0,1.67,-6.26,-82.99,8.482,0.5,0.5,109.34,381,0,3429
1631701,1,1,9,1.05,26.03065109,119.19306946,17.7,26.03061295,119.19300079,31.18,1.322,1.533,-0.517,-0.0,-0.0,-0.0,1.71,-6.23,-82.97,8.232,0.5,0.5,109.34,382,0,3433
1631908,1,1,9,1.05,26.03065109,119.19306946,17.7,26.03061295,119.19300079,31.18,1.319,1.531,-0.516,-0.0,0.0,0.001,1.72,-6.24,-82.99,8.232,0.5,0.5,109.34,382,0,3436
1632117,1,1,9,1.05,26.03065109,119.19306946,17.7,26.03061295,119.19300079,31.18,1.317,1.531,-0.516,-0.0,0.0,-0.001,1.72,-6.22,-82.95,8.232,0.5,0.5,109.34,382,0,3438
1632321,1,1,9,1.05,26.03065109,119.19306946,17.7,26.03061295,119.19300079,31.18,1.317,1.53,-0.516,-0.0,0.0,0.0,1.7,-6.22,-82.97,8.232,0.5,0.5,87.56,382,0,3438
1632535,1,1,9,1.05,26.03065109,119.19306946,17.7,26.03061295,119.19300079,31.18,1.317,1.53,-0.516,-0.0,0.0,0.001,1.74,-6.21,-82.98,8.232,0.502,0.502,87.56,382,0,3439
1632741,1,1,9,1.05,26.03065109,119.19306946,17.8,26.03061485,119.19300079,31.13,1.52,1.651,-0.568,0.014,0.009,0.001,1.83,-6.19,-82.98,8.231,0.504,0.504,87.56,383,0,3442
1632943,1,1,9,1.05,26.03065109,119.19306946,17.8,26.03061485,119.19300079,31.13,1.523,1.653,-0.568,0.013,0.008,0.002,1.84,-6.23,-82.98,8.231,0.522,0.522,87.56,383,0,3445
1633151,1,1,9,1.05,26.03065109,119.19306946,17.8,26.03061485,119.19300079,31.13,1.522,1.652,-0.568,0.0,-0.0,0.0,1.84,-6.26,-82.96,8.231,0.5,0.5,87.56,383,0,3447
1633356,1,1,9,1.05,26.03065109,119.19306946,17.8,26.03061485,119.19300079,31.13,1.523,1.653,-0.568,-0.0,0.0,-0.0,1.81,-6.25,-82.96,8.231,0.5,0.5,108.46,383,0,3447
1633574,1,1,9,1.05,26.03065109,119.19306946,17.8,26.03061485,119.19300079,31.13,1.524,1.653,-0.568,0.0,-0.0,0.0,1.82,-6.27,-82.96,8.231,0.5,0.5,108.46,383,0,3449
1633775,1,1,9,1.05,26.03065109,119.19306946,18.0,26.03061485,119.19300079,31.13,1.527,1.655,-0.569,0.0,-0.0,-0.0,1.82,-6.27,-82.97,7.991,0.5,0.5,108.46,384,0,3452
1633985,1,1,9,1.05,26.03065109,119.19306946,18.0,26.03061485,119.19300079,31.13,1.525,1.654,-0.568,0.0,0.0,0.0,1.82,-6.26,-82.95,7.991,0.5,0.5,108.46,384,0,3455
1634196,1,1,9,1.05,26.03065109,119.19306946,18.0,26.03061485,119.19300079,31.13,1.524,1.654,-0.568,0.0,-0.0,0.0,1.82,-6.27,-82.96,7.991,0.5,0.5,83.09,384,0,3456
1634401,1,1,9,1.05,26.03065109,119.19306946,18.0,26.03061485,119.19300079,31.13,1.524,1.653,-0.568,-0.0,0.0,0.0,1.83,-6.27,-82.95,7.991,0.5,0.5,83.09,384,0,3456
1634611,1,1,9,1.05,26.03065109,119.19308472,18.0,26.03061485,119.19300079,31.13,1.524,1.653,-0.568,0.0,-0.0,-0.0,1.83,-6.27,-82.97,7.991,0.5,0.5,83.09,384,0,3458
1634822,1,1,9,1.05,26.03065109,119.19308472,18.2,26.03061485,119.19300079,31.13,1.528,1.655,-0.569,-0.0,0.0,-0.0,1.82,-6.26,-82.97,9.335,0.5,0.5,83.09,385,0,3461
1635030,1,1,9,1.05,26.03065109,119.19308472,18.2,26.03061485,119.19300079,31.13,1.525,1.654,-0.568,0.0,-0.0,0.0,1.84,-6.26,-82.97,9.335,0.5,0.5,83.09,385,0,3465
1635236,1,1,9,1.05,26.03065109,119.19308472,18.2,26.03061485,119.19300079,31.13,1.525,1.654,-0.568,0.0,0.0,0.0,1.83,-6.26,-82.97,9.335,0.5,0.5,84.49,385,0,3465
1635446,1,1,9,1.05,26.03065109,119.19308472,18.2,26.03061485,119.19300079,31.13,1.524,1.653,-0.568,-0.0,0.0,0.0,1.82,-6.26,-82.96,9.335,0.5,0.5,84.49,385,0,3465
1635656,1,1,9,1.05,26.03065109,119.19308472,18.3,26.03061485,119.19300079,31.13,1.534,1.658,-0.57,0.0,-0.0,0.0,1.81,-6.27,-82.95,9.335,0.5,0.5,84.49,386,0,3468
1635857,1,1,9,1.05,26.03065109,119.19308472,18.3,26.03061485,119.19300079,31.13,1.528,1.655,-0.569,0.0,0.0,0.0,1.81,-6.28,-82.96,9.335,0.5,0.5,84.49,386,0,3471
1636067,1,1,9,1.05,26.03065109,119.19308472,18.3,26.03061485,119.19300079,31.13,1.525,1.654,-0.568,0.0,-0.0,-0.0,1.81,-6.28,-82.96,9.335,0.5,0.5,84.49,386,0,3474
1636271,1,1,9,1.05,26.03065109,119.19308472,18.3,26.03061485,119.19300079,31.13,1.525,1.654,-0.568,0.0,0.0,-0.0,1.82,-6.28,-82.97,9.335,0.5,0.5,79.92,386,0,3474
1636476,1,1,9,1.05,26.03065109,119.19308472,18.3,26.03061485,119.19300079,31.13,1.524,1.653,-0.568,0.0,0.0,-0.0,1.83,-6.25,-82.99,9.335,0.5,0.5,79.92,386,0,3474
1636700,1,1,8,1.05,26.03066063,119.19308472,18.5,26.03061485,119.19300079,31.13,1.53,1.657,-0.569,-0.0,0.0,-0.0,1.83,-6.24,-82.98,9.846,0.5,0.5,79.92,387,0,3478
1636905,1,1,8,1.05,26.03066063,119.19308472,18.5,26.03061485,119.19300079,31.13,1.526,1.655,-0.568,0.0,-0.0,-0.0,1.83,-6.24,-82.99,9.846,0.5,0.5,79.92,387,0,3481
1637114,1,1,8,1.05,26.03066063,119.19308472,18.5,26.03061485,119.19300079,31.13,1.525,1.654,-0.568,-0.0,-0.0,-0.0,1.83,-6.23,-83.03,9.846,0.5,0.5,79.92,387,0,3483
1637326,1,1,8,1.05,26.03066063,119.19308472,18.5,26.03061485,119.19300079,31.13,1.524,1.654,-0.568,0.0,-0.0,-0.0,1.84,-6.25,-83.02,9.846,0.5,0.5,84.23,387,0,3483
1637532,1,1,8,1.05,26.03065681,119.19308472,18.5,26.03061485,119.19300079,31.13,1.524,1.653,-0.568,0.0,-0.0,0.0,1.84,-6.26,-83.01,9.846,0.5,0.5,84.23,387,0,3484
1637739,1,1,9,1.05,26.03065681,119.19308472,18.7,26.03061485,119.19300079,31.13,1.53,1.657,-0.569,-0.0,-0.0,-0.0,1.84,-6.26,-83.01,9.631,0.5,0.5,84.23,388,0,3487
1637948,1,1,9,1.05,26.03065681,119.19308472,18.7,26.03061485,119.19300079,31.13,1.526,1.655,-0.568,-0.0,0.0,-0.0,1.82,-6.24,-83.02,9.631,0.5,0.5,84.23,388,0,3490
1638150,1,1,9,1.05,26.03065681,119.19308472,18.7,26.03061485,119.19300079,31.13,1.525,1.654,-0.568,0.0,0.0,0.0,1.82,-6.25,-83.0,9.631,0.5,0.5,84.23,388,0,3492
1638350,1,1,9,1.05,26.03065681,119.19308472,18.7,26.03061485,119.19300079,31.13,1.524,1.654,-0.568,-0.0,-0.0,-0.0,1.82,-6.26,-82.98,9.631,0.5,0.5,83.9,388,0,3492
1638562,1,1,9,1.05,26.03066063,119.19308472,18.7,26.03061485,119.19300079,31.13,1.524,1.653,-0.568,0.0,-0.0,0.0,1.83,-6.28,-82.95,9.631,0.5,0.5,83.9,388,0,3494
1638765,1,1,9,1.05,26.03066063,119.19308472,19.0,26.03061485,119.19300079,31.13,1.53,1.657,-0.569,0.0,0.0,0.0,1.83,-6.29,-82.97,9.846,0.5,0.5,83.9,389,0,3497
1638976,1,1,9,1.05,26.03066063,119.19308472,19.0,26.03061485,119.19300079,31.13,1.526,1.655,-0.568,0.0,0.0,0.0,1.83,-6.29,-82.95,9.846,0.5,0.5,83.9,389,0,3500
1639179,1,1,9,1.05,26.03066063,119.19308472,19.0,26.03061485,119.19300079,31.13,1.525,1.654,-0.568,-0.0,-0.0,-0.0,1.83,-6.28,-82.97,9.846,0.5,0.5,83.9,389,0,3501
1639386,1,1,9,1.05,26.03066063,119.19308472,19.0,26.03061485,119.19300079,31.13,1.524,1.654,-0.568,-0.0,-0.0,-0.0,1.81,-6.27,-82.94,9.846,0.5,0.5,83.01,389,0,3501
1639595,1,1,9,1.05,26.03066063,119.19308472,19.0,26.03061485,119.19300079,31.13,1.524,1.653,-0.568,0.0,0.0,-0.0,1.83,-6.3,-82.94,9.846,0.5,0.5,83.01,389,0,3503
1639815,1,1,9,1.05,26.03066063,119.19308472,19.3,26.03061485,119.19300079,31.13,1.528,1.656,-0.569,-0.0,-0.0,-0.0,1.82,-6.31,-82.94,9.846,0.5,0.5,83.01,390,0,3506
1640019,1,1,9,1.05,26.03066063,119.19308472,19.3,26.03061485,119.19300079,31.13,1.525,1.654,-0.568,0.0,-0.0,0.0,1.81,-6.3,-82.96,9.846,0.5,0.5,83.01,390,0,3510
1640225,1,1,9,1.05,26.03066063,119.19308472,19.3,26.03061485,119.19300079,31.13,1.525,1.654,-0.568,0.0,0.0,0.0,1.8,-6.28,-82.98,9.846,0.5,0.5,83.01,390,0,3510
1640425,1,1,9,1.05,26.03066063,119.19308472,19.3,26.03061485,119.19300079,31.13,1.524,1.653,-0.568,0.0,0.0,-0.0,1.81,-6.28,-82.98,9.846,0.5,0.5,86.57,390,0,3510
1640641,1,1,9,1.05,26.03066444,119.19308472,19.6,26.03061485,119.19300079,31.13,1.534,1.66,-0.57,0.0,0.0,0.0,1.81,-6.28,-82.99,10.074,0.5,0.5,86.57,391,0,3513
1640857,1,1,9,1.05,26.03066444,119.19308472,19.6,26.03061485,119.19300079,31.13,1.528,1.656,-0.569,0.0,0.0,-0.0,1.81,-6.26,-82.98,10.074,0.5,0.5,86.57,391,0,3516
1641068,1,1,9,1.05,26.03066444,119.19308472,19.6,26.03061485,119.19300079,31.13,1.525,1.654,-0.568,-0.0,-0.0,0.0,1.82,-6.27,-82.99,10.074,0.5,0.5,86.57,391,0,3519
1641271,1,1,9,1.05,26.03066444,119.19308472,19.6,26.03061485,119.19300079,31.13,1.525,1.654,-0.568,-0.0,0.0,0.0,1.81,-6.25,-82.98,10.074,0.5,0.5,86.57,391,0,3519
1641471,1,1,9,1.05,26.03066444,119.19308472,19.6,26.03061485,119.19300079,31.13,1.524,1.654,-0.568,-0.0,0.0,-0.0,1.79,-6.26,-83.0,10.074,0.5,0.5,81.59,391,0,3519
1641706,1,1,9,1.05,26.03066444,119.19308472,19.7,26.03061485,119.19300079,31.13,1.53,1.657,-0.569,0.0,-0.0,-0.0,1.81,-6.27,-82.97,10.074,0.5,0.5,81.59,392,0,3523
1641916,1,1,9,1.05,26.03066444,119.19308472,19.7,26.03061485,119.19300079,31.13,1.526,1.655,-0.568,-0.0,-0.0,0.0,1.81,-6.26,-82.98,10.074,0.5,0.5,81.59,392,0,3526
1642120,1,1,9,1.05,26.03066444,119.19308472,19.7,26.03061485,119.19300079,31.13,1.525,1.654,-0.568,0.0,-0.0,-0.0,1.81,-6.28,-82.98,10.074,0.5,0.5,81.59,392,0,3528
1642321,1,1,9,1.05,26.03066444,119.19308472,19.7,26.03061485,119.19300079,31.13,1.524,1.654,-0.568,0.0,0.0,-0.0,1.82,-6.28,-82.98,10.074,0.5,0.5,83.82,392,0,3528
1642528,1,1,9,1.05,26.03066444,119.19308472,19.7,26.03061485,119.19300079,31.13,1.524,1.653,-0.568,0.001,-0.0,0.001,1.86,-6.3,-83.03,10.074,0.5,0.5,83.82,392,0,3529
1642739,1,1,9,1.05,26.03066444,119.19308472,19.8,26.03061485,119.19300079,31.13,1.53,1.657,-0.569,0.0,0.0,-0.0,1.87,-6.28,-83.01,10.074,0.5,0.5,83.82,393,0,3532
1642954,1,1,9,1.05,26.03066444,119.19308472,19.8,26.03061485,119.19300079,31.13,1.526,1.655,-0.568,-0.0,-0.0,0.0,1.85,-6.28,-82.97,10.074,0.5,0.5,83.82,393,0,3535
1643154,1,1,9,1.05,26.03066444,119.19308472,19.8,26.03061485,119.19300079,31.13,1.525,1.654,-0.568,-0.0,0.0,0.0,1.83,-6.25,-82.97,10.074,0.5,0.5,83.82,393,0,3537
1643356,1,1,9,1.05,26.03066444,119.19308472,19.8,26.03061485,119.19300079,31.13,1.524,1.654,-0.568,0.0,-0.0,0.0,1.84,-6.26,-82.97,10.074,0.5,0.5,84.06,393,0,3537
1643566,1,1,9,1.05,26.03066063,119.19308472,19.8,26.03061485,119.19300079,31.13,1.524,1.653,-0.568,0.0,0.0,-0.0,1.85,-6.25,-82.94,10.074,0.5,0.5,84.06,393,0,3539
1643766,1,1,9,1.05,26.03066063,119.19308472,19.9,26.03061485,119.19300079,31.13,1.53,1.657,-0.569,-0.0,0.0,-0.001,1.83,-6.22,-82.94,9.846,0.5,0.5,84.06,394,0,3542
1643968,1,1,9,1.05,26.03066063,119.19308472,19.9,26.03061485,119.19300079,31.13,1.526,1.655,-0.568,-0.0,0.0,0.0,1.85,-6.21,-82.92,9.846,0.5,0.5,84.06,394,0,3545
1644168,1,1,9,1.05,26.03066063,119.19308472,19.9,26.03061485,119.19300079,31.13,1.525,1.654,-0.568,-0.0,0.0,0.0,1.86,-6.23,-82.9,9.846,0.5,0.5,84.06,394,0,3546
1644371,1,1,9,1.05,26.03066063,119.19308472,19.9,26.03061485,119.19300079,31.13,1.524,1.654,-0.568,0.0,-0.0,0.0,1.83,-6.24,-82.91,9.846,0.5,0.5,80.79,394,0,3546
1644576,1,1,9,1.05,26.03066063,119.19308472,19.9,26.03061485,119.19300079,31.13,1.524,1.653,-0.568,-0.0,-0.0,-0.0,1.79,-6.22,-82.91,9.846,0.5,0.5,80.79,394,0,3548
1644802,1,1,9,1.05,26.03066063,119.19308472,20.2,26.03061485,119.19300079,31.13,1.528,1.656,-0.569,-0.0,-0.0,-0.0,1.82,-6.22,-82.87,9.846,0.5,0.5,80.79,395,0,3551
1645005,1,1,9,1.05,26.03066063,119.19308472,20.2,26.03061485,119.19300079,31.13,1.525,1.654,-0.568,0.0,-0.0,-0.0,1.84,-6.21,-82.9,9.846,0.5,0.5,80.79,395,0,3554
1645210,1,1,9,1.05,26.03066063,119.19308472,20.2,26.03061485,119.19300079,31.13,1.525,1.654,-0.568,0.0,0.0,-0.0,1.85,-6.22,-82.92,9.846,0.5,0.5,80.79,395,0,3555
1645417,1,1,9,1.05,26.03066063,119.19308472,20.2,26.03061485,119.19300079,31.13,1.524,1.653,-0.568,-0.0,-0.0,-0.0,1.85,-6.22,-82.95,9.846,0.5,0.5,89.0,395,0,3555
1645624,1,1,9,1.05,26.03066063,119.19308472,20.2,26.03061485,119.19300079,31.13,1.524,1.653,-0.568,-0.0,-0.0,0.0,1.84,-6.23,-82.94,9.846,0.5,0.5,89.0,395,0,3557
1645830,1,1,9,1.05,26.03066063,119.19308472,20.3,26.03061485,119.19300079,31.13,1.528,1.656,-0.569,0.0,0.0,0.0,1.85,-6.22,-82.95,9.846,0.5,0.5,89.0,396,0,3560
1646038,1,1,9,1.05,26.03066063,119.19308472,20.3,26.03061485,119.19300079,31.13,1.525,1.654,-0.568,-0.0,-0.0,-0.0,1.83,-6.26,-82.95,9.846,0.5,0.5,89.0,396,0,3564
1646240,1,1,9,1.05,26.03066063,119.19308472,20.3,26.03061485,119.19300079,31.13,1.525,1.654,-0.568,0.0,0.0,0.001,1.83,-6.25,-82.94,9.846,0.5,0.5,89.0,396,0,3564
1646446,1,1,9,1.05,26.03066063,119.19308472,20.3,26.03061485,119.19300079,31.13,1.524,1.653,-0.568,0.0,0.0,-0.0,1.85,-6.22,-82.94,9.846,0.5,0.5,79.92,396,0,3564
1646662,1,1,9,1.05,26.03066063,119.19308472,20.4,26.03061485,119.19300079,31.13,1.534,1.659,-0.57,0.0,0.0,-0.0,1.85,-6.24,-82.94,9.846,0.5,0.5,79.92,397,0,3567
1646867,1,1,9,1.05,26.03066063,119.19308472,20.4,26.03061485,119.19300079,31.13,1.53,1.657,-0.567,-0.001,0.001,0.014,2.05,-5.96,-82.91,9.846,0.5,0.5,79.92,397,0,3570
1647067,1,1,9,1.05,26.03066063,119.19308472,20.4,26.03061485,119.19300079,31.14,1.53,1.657,-0.565,-0.002,-0.001,0.015,2.03,-6.03,-82.95,9.846,0.504,0.504,79.92,397,0,3573
1647297,1,1,9,1.05,26.03066063,119.19308472,20.4,26.03061485,119.19300079,31.14,1.53,1.657,-0.564,-0.0,-0.0,0.001,1.99,-6.09,-82.97,9.846,0.5,0.5,79.92,397,0,3573
1647497,1,1,9,1.05,26.03066063,119.19308472,20.4,26.03061485,119.19300079,31.14,1.53,1.657,-0.563,-0.0,-0.0,-0.0,1.94,-6.13,-82.96,9.846,0.5,0.5,101.27,397,0,3573
1647710,1,1,9,1.05,26.03066063,119.19308472,20.4,26.03061485,119.19300079,31.14,1.536,1.66,-0.563,-0.0,-0.0,0.0,1.89,-6.16,-82.97,9.839,0.5,0.5,101.27,398,0,3577
1647922,1,1,9,1.05,26.03066063,119.19308472,20.4,26.03061485,119.19300079,31.14,1.532,1.658,-0.562,0.0,-0.0,-0.0,1.89,-6.18,-82.99,9.839,0.5,0.5,101.27,398,0,3580
1648126,1,1,9,1.05,26.03066063,119.19308472,20.4,26.03061485,119.19300079,31.14,1.53,1.657,-0.562,-0.0,-0.0,-0.0,1.88,-6.19,-83.02,9.839,0.5,0.5,101.27,398,0,3582
1648331,1,1,9,1.05,26.03066063,119.19308472,20.4,26.03061485,119.19300079,31.14,1.53,1.657,-0.562,0.0,0.0,0.001,1.86,-6.2,-83.04,9.839,0.5,0.5,101.27,398,0,3582
1648539,1,1,9,1.05,26.03066063,119.19308472,20.4,26.03061485,119.19300079,31.14,1.53,1.657,-0.562,0.0,0.0,-0.0,1.85,-6.21,-83.03,9.839,0.5,0.5,84.55,398,0,3583
1648749,1,1,9,1.05,26.03066063,119.19308472,20.5,26.03061485,119.19300079,31.14,1.536,1.66,-0.563,-0.0,-0.0,0.0,1.84,-6.22,-82.99,9.839,0.5,0.5,84.55,399,0,3586
1648963,1,1,9,1.05,26.03066063,119.19308472,20.5,26.03061485,119.19300079,31.14,1.532,1.658,-0.562,-0.0,-0.0,-0.0,1.83,-6.23,-83.0,9.839,0.5,0.5,84.55,399,0,3589
1649164,1,1,9,1.05,26.03066063,119.19308472,20.5,26.03061485,119.19300079,31.14,1.53,1.657,-0.562,0.0,-0.0,0.0,1.83,-6.22,-83.01,9.839,0.5,0.5,84.55,399,0,3591
1649365,1,1,9,1.05,26.03066063,119.19308472,20.5,26.03061485,119.19300079,31.14,1.53,1.657,-0.562,0.0,-0.0,-0.0,1.83,-6.23,-83.02,9.839,0.5,0.5,84.55,399,0,3591
1649583,1,1,9,1.05,26.03066063,119.19308472,20.5,26.03061485,119.19300079,31.14,1.53,1.657,-0.562,0.0,-0.0,0.0,1.83,-6.23,-83.02,9.839,0.5,0.5,84.92,399,0,3593
1649811,1,1,9,1.05,26.03066063,119.19308472,20.7,26.03061485,119.19300079,31.14,1.533,1.659,-0.562,0.0,-0.0,-0.0,1.83,-6.25,-83.01,9.839,0.5,0.5,84.92,400,0,3596
1650012,1,1,9,1.05,26.03066063,119.19308472,20.7,26.03061485,119.19300079,31.14,1.531,1.658,-0.562,0.0,-0.0,0.0,1.84,-6.26,-83.02,9.839,0.5,0.5,84.92,400,0,3599
1650215,1,1,9,1.05,26.03066063,119.19308472,20.7,26.03061485,119.19300079,31.14,1.53,1.657,-0.562,0.0,-0.0,0.0,1.84,-6.27,-83.03,9.839,0.5,0.5,84.92,400,0,3600
1650415,1,1,9,1.05,26.03066063,119.19308472,20.7,26.03061485,119.19300079,31.14,1.53,1.657,-0.562,-0.0,-0.0,-0.0,1.82,-6.27,-83.01,9.839,0.5,0.5,84.92,400,0,3600
1650622,1,1,9,1.05,26.03066444,119.19308472,20.7,26.03061485,119.19300079,31.14,1.529,1.657,-0.562,-0.0,-0.0,0.0,1.83,-6.28,-82.97,9.839,0.5,0.5,79.68,400,0,3602
1650824,1,1,9,1.05,26.03066444,119.19308472,20.9,26.03061485,119.19300079,31.14,1.533,1.659,-0.562,0.0,-0.0,-0.001,1.82,-6.26,-83.01,10.068,0.5,0.5,79.68,401,0,3605
1651036,1,1,9,1.05,26.03066444,119.19308472,20.9,26.03061485,119.19300079,31.14,1.531,1.658,-0.562,-0.0,0.0,0.0,1.8,-6.26,-83.01,10.068,0.5,0.5,79.68,401,0,3609
1651245,1,1,9,1.05,26.03066444,119.19308472,20.9,26.03061485,119.19300079,31.14,1.53,1.657,-0.562,0.0,0.0,-0.0,1.81,-6.26,-83.0,10.068,0.5,0.5,79.68,401,0,3609
1651451,1,1,9,1.05,26.03066444,119.19308472,20.9,26.03061485,119.19300079,31.14,1.53,1.657,-0.562,0.0,0.0,-0.0,1.8,-6.24,-82.99,10.068,0.5,0.5,82.51,401,0,3609
1651659,1,1,9,1.05,26.03066826,119.19308472,21.1,26.03061485,119.19300079,31.14,1.539,1.664,-0.563,0.0,-0.0,0.0,1.8,-6.27,-82.98,10.308,0.5,0.5,82.51,402,0,3612
1651867,1,1,9,1.05,26.03066826,119.19308472,21.1,26.03061485,119.19300079,31.14,1.533,1.659,-0.562,0.0,-0.0,0.0,1.84,-6.26,-82.98,10.308,0.5,0.5,82.51,402,0,3615
1652076,1,1,9,1.05,26.03066826,119.19308472,21.1,26.03061485,119.19300079,31.14,1.531,1.658,-0.562,0.0,-0.0,0.0,1.86,-6.25,-83.0,10.308,0.5,0.5,82.51,402,0,3618
1652281,1,1,9,1.05,26.03066826,119.19308472,21.1,26.03061485,119.19300079,31.14,1.53,1.657,-0.562,-0.0,0.0,-0.0,1.84,-6.25,-83.01,10.308,0.5,0.5,82.51,402,0,3618
1652487,1,1,9,1.05,26.03066826,119.19308472,21.1,26.03061485,119.19300079,31.14,1.53,1.657,-0.562,-0.0,0.0,-0.0,1.83,-6.25,-83.02,10.308,0.5,0.5,85.91,402,0,3618
1652703,1,1,9,1.05,26.03066826,119.19308472,21.0,26.03061485,119.19300079,31.14,1.536,1.661,-0.563,0.0,-0.0,-0.0,1.83,-6.26,-83.03,10.308,0.5,0.5,85.91,403,0,3622
1652904,1,1,9,1.05,26.03066826,119.19308472,21.0,26.03061485,119.19300079,31.14,1.532,1.658,-0.562,0.0,-0.0,-0.0,1.85,-6.26,-83.03,10.308,0.5,0.5,85.91,403,0,3625
1653108,1,1,9,1.05,26.03066826,119.19308472,21.0,26.03061485,119.19300079,31.14,1.53,1.657,-0.562,-0.0,0.0,0.0,1.83,-6.25,-83.0,10.308,0.5,0.5,85.91,403,0,3627
1653317,1,1,9,1.05,26.03066826,119.19308472,21.0,26.03061485,119.19300079,31.14,1.53,1.657,-0.562,0.0,-0.0,0.0,1.83,-6.26,-83.0,10.308,0.5,0.5,85.91,403,0,3627
1653523,1,1,9,1.05,26.03066826,119.19308472,21.0,26.03061485,119.19300079,31.14,1.53,1.657,-0.562,-0.0,0.0,0.0,1.82,-6.26,-82.99,10.308,0.5,0.5,82.83,403,0,3628
1653725,1,1,9,1.05,26.03066826,119.19308472,21.1,26.03061485,119.19300079,31.14,1.536,1.661,-0.563,0.0,-0.0,0.0,1.83,-6.25,-83.02,10.308,0.5,0.5,82.83,404,0,3631
1653928,1,1,9,1.05,26.03066826,119.19308472,21.1,26.03061485,119.19300079,31.14,1.532,1.658,-0.562,-0.0,-0.0,-0.0,1.83,-6.25,-83.02,10.308,0.5,0.5,82.83,404,0,3634
1654128,1,1,9,1.05,26.03066826,119.19308472,21.1,26.03061485,119.19300079,31.14,1.53,1.657,-0.562,0.0,-0.0,-0.0,1.84,-6.24,-83.01,10.308,0.5,0.5,82.83,404,0,3636
1654337,1,1,9,1.05,26.03066826,119.19308472,21.1,26.03061485,119.19300079,31.14,1.53,1.657,-0.562,-0.0,-0.0,0.0,1.83,-6.26,-83.04,10.308,0.5,0.5,82.83,404,0,3636
1654538,1,1,9,1.05,26.03067589,119.19308472,21.1,26.03061485,119.19300079,31.14,1.53,1.657,-0.562,-0.0,0.0,0.0,1.82,-6.25,-83.03,10.308,0.5,0.5,80.76,404,0,3637
1654752,1,1,9,1.05,26.03067589,119.19308472,21.2,26.03061485,119.19300079,31.14,1.536,1.662,-0.563,0.0,-0.0,-0.0,1.81,-6.27,-83.03,10.824,0.5,0.5,80.76,405,0,3640
1654960,1,1,9,1.05,26.03067589,119.19308472,21.2,26.03061485,119.19300079,31.14,1.532,1.659,-0.562,0.0,-0.0,-0.0,1.79,-6.28,-83.02,10.824,0.5,0.5,80.76,405,0,3643
1655161,1,1,9,1.05,26.03067589,119.19308472,21.2,26.03061485,119.19300079,31.14,1.53,1.657,-0.562,-0.0,0.0,0.0,1.79,-6.28,-83.01,10.824,0.5,0.5,80.76,405,0,3645
1655367,1,1,9,1.05,26.03067589,119.19308472,21.2,26.03061485,119.19300079,31.14,1.53,1.657,-0.562,-0.0,-0.0,-0.0,1.8,-6.28,-83.03,10.824,0.5,0.5,80.76,405,0,3645
1655576,1,1,9,1.05,26.0306797,119.19308472,21.2,26.03061485,119.19300079,31.14,1.53,1.657,-0.562,0.0,0.0,0.0,1.8,-6.27,-83.04,10.824,0.5,0.5,82.02,405,0,3647
1655789,1,1,9,1.05,26.0306797,119.19308472,21.4,26.03061485,119.19300079,31.14,1.533,1.66,-0.562,0.0,0.0,-0.0,1.8,-6.28,-83.06,11.097,0.5,0.5,82.02,406,0,3650
1655992,1,1,9,1.05,26.0306797,119.19308472,21.4,26.03061485,119.19300079,31.14,1.531,1.658,-0.562,-0.0,-0.0,0.0,1.8,-6.29,-83.04,11.097,0.5,0.5,82.02,406,0,3653
1656202,1,1,9,1.05,26.0306797,119.19308472,21.4,26.03061485,119.19300079,31.14,1.53,1.657,-0.562,0.0,0.0,-0.001,1.82,-6.29,-83.02,11.097,0.5,0.5,82.02,406,0,3654
1656405,1,1,9,1.05,26.0306797,119.19308472,21.4,26.03061485,119.19300079,31.14,1.53,1.657,-0.562,-0.0,0.0,0.0,1.82,-6.28,-83.02,11.097,0.5,0.5,82.02,406,0,3654
1656620,1,1,9,1.05,26.0306797,119.19308472,21.4,26.03061485,119.19300079,31.14,1.529,1.657,-0.562,0.0,0.0,0.0,1.82,-6.28,-83.0,11.097,0.5,0.5,84.66,406,0,3656
1656825,1,1,8,1.02,26.0306797,119.19308472,21.5,26.03061485,119.19300079,31.14,1.533,1.66,-0.562,-0.0,0.0,0.0,1.81,-6.26,-83.01,11.097,0.5,0.5,84.66,407,0,3659
1657036,1,1,8,1.02,26.0306797,119.19308472,21.5,26.03061485,119.19300079,31.14,1.531,1.658,-0.562,0.0,0.0,0.0,1.83,-6.26,-83.03,11.097,0.5,0.5,84.66,407,0,3663
1657241,1,1,8,1.02,26.0306797,119.19308472,21.5,26.03061485,119.19300079,31.14,1.53,1.657,-0.562,0.0,-0.0,0.0,1.83,-6.25,-83.03,11.097,0.5,0.5,84.66,407,0,3663
1657444,1,1,8,1.02,26.0306797,119.19308472,21.5,26.03061485,119.19300079,31.14,1.53,1.657,-0.562,0.0,-0.0,0.0,1.84,-6.25,-83.02,11.097,0.5,0.5,84.66,407,0,3663
1657656,1,1,9,1.02,26.0306797,119.19308472,21.8,26.03061485,119.19300079,31.14,1.54,1.666,-0.563,0.0,0.0,0.0,1.84,-6.24,-83.0,11.097,0.5,0.5,80.68,408,0,3666
1657858,1,1,9,1.02,26.0306797,119.19308472,21.8,26.03061485,119.19300079,31.14,1.533,1.66,-0.562,0.0,0.0,-0.0,1.84,-6.26,-83.01,11.097,0.5,0.5,80.68,408,0,3669
1658067,1,1,9,1.02,26.0306797,119.19308472,21.8,26.03061485,119.19300079,31.14,1.531,1.658,-0.562,-0.0,0.0,0.001,1.84,-6.24,-83.02,11.097,0.5,0.5,80.68,408,0,3672
1658271,1,1,9,1.02,26.0306797,119.19308472,21.8,26.03061485,119.19300079,31.14,1.53,1.657,-0.562,-0.0,-0.0,0.0,1.82,-6.24,-83.0,11.097,0.5,0.5,80.68,408,0,3672
1658471,1,1,9,1.02,26.0306797,119.19308472,21.8,26.03061485,119.19300079,31.14,1.53,1.657,-0.562,0.0,0.0,-0.0,1.82,-6.23,-83.0,11.097,0.5,0.5,80.68,408,0,3672
1658694,1,1,8,1.85,26.0306797,119.19308472,21.9,26.03061485,119.19300079,31.14,1.531,1.658,-0.563,0.0,0.0,-0.0,1.83,-6.23,-83.02,11.097,0.5,0.5,81.69,409,0,3676
1658895,1,1,8,1.85,26.0306797,119.19308472,21.9,26.03061485,119.19300079,31.14,1.53,1.657,-0.562,0.0,-0.0,0.001,1.84,-6.24,-83.04,11.097,0.5,0.5,81.69,409,0,3678
1659102,1,1,8,1.85,26.0306797,119.19308472,21.9,26.03061485,119.19300079,31.14,1.53,1.657,-0.562,0.0,-0.0,-0.0,1.84,-6.24,-83.04,11.097,0.5,0.5,81.69,409,0,3681
1659305,1,1,8,1.85,26.0306797,119.19308472,21.9,26.03061485,119.19300079,31.14,1.53,1.657,-0.562,-0.0,-0.0,-0.0,1.82,-6.23,-83.03,11.097,0.5,0.5,81.69,409,0,3681
1659518,1,1,8,1.85,26.0306797,119.19308472,21.9,26.03061485,119.19300079,31.14,1.529,1.657,-0.562,-0.0,0.0,0.0,1.81,-6.23,-83.04,11.097,0.5,0.5,83.9,409,0,3682
1659729,1,1,7,1.85,26.0306797,119.19308472,21.7,26.03061485,119.19300079,31.14,1.531,1.658,-0.563,-0.0,0.0,-0.0,1.82,-6.23,-83.04,11.097,0.5,0.5,83.9,410,0,3685
1659944,1,1,7,1.85,26.0306797,119.19308472,21.7,26.03061485,119.19300079,31.14,1.53,1.657,-0.562,0.0,-0.0,0.0,1.82,-6.24,-83.03,11.097,0.5,0.5,83.9,410,0,3688
1660144,1,1,7,1.85,26.0306797,119.19308472,21.7,26.03061485,119.19300079,31.14,1.53,1.657,-0.562,0.0,0.0,0.0,1.82,-6.24,-83.02,11.097,0.5,0.5,83.9,410,0,3690
1660345,1,1,7,1.85,26.0306797,119.19308472,21.7,26.03061485,119.19300079,31.14,1.53,1.657,-0.562,-0.0,0.0,0.0,1.82,-6.22,-83.0,11.097,0.5,0.5,83.9,410,0,3690
1660556,1,1,7,1.85,26.03067589,119.19308472,21.7,26.03061485,119.19300079,31.14,1.529,1.657,-0.562,-0.0,-0.0,0.0,1.81,-6.23,-83.0,11.097,0.5,0.5,81.89,410,0,3692
1660759,1,1,8,1.85,26.03067589,119.19308472,21.8,26.03061485,119.19300079,31.14,1.531,1.658,-0.563,0.0,-0.0,0.0,1.82,-6.24,-83.0,10.824,0.5,0.5,81.89,411,0,3694
1660967,1,1,8,1.85,26.03067589,119.19308472,21.8,26.03061485,119.19300079,31.14,1.53,1.657,-0.562,0.0,-0.0,0.001,1.83,-6.24,-83.0,10.824,0.5,0.5,81.89,411,0,3698
1661168,1,1,8,1.85,26.03067589,119.19308472,21.8,26.03061485,119.19300079,31.14,1.53,1.657,-0.562,-0.0,-0.0,0.0,1.83,-6.25,-83.03,10.824,0.5,0.5,81.89,411,0,3699
1661371,1,1,8,1.85,26.03067589,119.19308472,21.8,26.03061485,119.19300079,31.14,1.53,1.657,-0.562,-0.0,-0.0,-0.0,1.84,-6.26,-83.02,10.824,0.5,0.5,81.89,411,0,3699
1661576,1,1,8,1.85,26.03068924,119.19308472,21.8,26.03061485,119.19300079,31.14,1.529,1.657,-0.562,-0.0,0.0,0.0,1.83,-6.25,-83.02,10.824,0.5,0.5,82.35,411,0,3701
1661814,1,1,8,1.05,26.03068924,119.19308472,22.0,26.03061485,119.19300079,31.14,1.533,1.661,-0.562,-0.0,0.0,0.0,1.83,-6.24,-83.04,11.819,0.5,0.5,82.35,412,0,3704
1662014,1,1,8,1.05,26.03068924,119.19308472,22.0,26.03061485,119.19300079,31.14,1.531,1.658,-0.562,-0.0,0.0,-0.0,1.83,-6.23,-83.03,11.819,0.5,0.5,82.35,412,0,3707
1662215,1,1,8,1.05,26.03068924,119.19308472,22.0,26.03061485,119.19300079,31.14,1.53,1.657,-0.562,-0.0,-0.0,0.0,1.82,-6.23,-83.01,11.819,0.5,0.5,82.35,412,0,3708
1662415,1,1,8,1.05,26.03068924,119.19308472,22.0,26.03061485,119.19300079,31.14,1.53,1.657,-0.562,0.0,-0.001,-0.0,1.81,-6.25,-83.01,11.819,0.5,0.5,82.35,412,0,3708
1662629,1,1,8,1.05,26.03067207,119.19308472,22.0,26.03061485,119.19300079,31.14,1.529,1.657,-0.562,-0.0,-0.0,0.0,1.8,-6.26,-83.02,11.819,0.5,0.5,84.58,412,0,3710
1662838,1,1,9,0.87,26.03067207,119.19308472,22.2,26.03061485,119.19300079,31.14,1.535,1.661,-0.562,0.0,0.0,0.0,1.81,-6.26,-83.03,10.561,0.5,0.5,84.58,413,0,3714
1663043,1,1,9,0.87,26.03067207,119.19308472,22.2,26.03061485,119.19300079,31.14,1.531,1.658,-0.562,-0.0,0.0,0.0,1.82,-6.25,-83.03,10.561,0.5,0.5,84.58,413,0,3717
1663256,1,1,9,0.87,26.03067207,119.19308472,22.2,26.03061485,119.19300079,31.14,1.53,1.657,-0.562,-0.0,0.0,0.0,1.82,-6.24,-83.05,10.561,0.5,0.5,84.58,413,0,3717
1663468,1,1,9,0.87,26.03067207,119.19308472,22.2,26.03061485,119.19300079,31.14,1.53,1.657,-0.562,-0.0,0.0,-0.0,1.81,-6.22,-83.05,10.561,0.5,0.5,84.58,413,0,3717
1663696,1,1,9,0.87,26.03066826,119.19308472,22.1,26.03061485,119.19300079,31.14,1.538,1.663,-0.563,0.0,-0.0,-0.0,1.82,-6.23,-83.04,10.308,0.5,0.5,80.92,414,0,3721
1663899,1,1,9,0.87,26.03066826,119.19308472,22.1,26.03061485,119.19300079,31.14,1.533,1.659,-0.562,-0.0,0.0,0.0,1.82,-6.24,-83.04,10.308,0.5,0.5,80.92,414,0,3723
1664099,1,1,9,0.87,26.03066826,119.19308472,22.1,26.03061485,119.19300079,31.14,1.531,1.658,-0.562,-0.0,0.0,0.0,1.82,-6.25,-83.02,10.308,0.5,0.5,80.92,414,0,3726
1664301,1,1,9,0.87,26.03066826,119.19308472,22.1,26.03061485,119.19300079,31.14,1.53,1.657,-0.562,-0.0,-0.0,0.0,1.81,-6.26,-83.03,10.308,0.5,0.5,80.92,414,0,3726
1664506,1,1,9,0.87,26.03066826,119.19308472,22.1,26.03061485,119.19300079,31.14,1.53,1.657,-0.562,-0.0,0.0,0.0,1.81,-6.26,-83.01,10.308,0.5,0.5,80.92,414,0,3726
1664713,1,1,9,0.87,26.03067589,119.19309998,22.2,26.03061485,119.19300079,31.14,1.539,1.664,-0.563,0.0,-0.0,-0.0,1.82,-6.27,-83.0,12.046,0.5,0.5,82.11,415,0,3730
1664914,1,1,9,0.87,26.03067589,119.19309998,22.2,26.03061485,119.19300079,31.14,1.533,1.659,-0.562,-0.0,-0.0,0.0,1.81,-6.28,-83.0,12.046,0.5,0.5,82.11,415,0,3733
1665121,1,1,9,0.87,26.03067589,119.19309998,22.2,26.03061485,119.19300079,31.14,1.531,1.658,-0.562,-0.0,-0.0,-0.001,1.81,-6.28,-83.0,12.046,0.5,0.5,82.11,415,0,3735
1665326,1,1,9,0.87,26.03067589,119.19309998,22.2,26.03061485,119.19300079,31.14,1.53,1.657,-0.562,-0.0,-0.0,-0.0,1.79,-6.26,-83.0,12.046,0.5,0.5,82.11,415,0,3735
1665532,1,1,9,0.87,26.03067589,119.19308472,22.2,26.03061485,119.19300079,31.14,1.53,1.657,-0.562,0.0,0.0,0.0,1.79,-6.25,-83.04,12.046,0.5,0.5,82.11,415,0,3736
1665740,1,1,9,0.87,26.03067589,119.19308472,22.0,26.03061485,119.19300079,31.14,1.538,1.664,-0.563,-0.0,0.0,0.0,1.78,-6.26,-83.05,10.824,0.5,0.5,82.77,416,0,3739
1665941,1,1,9,0.87,26.03067589,119.19308472,22.0,26.03061485,119.19300079,31.14,1.533,1.659,-0.562,0.0,-0.0,0.0,1.8,-6.27,-83.05,10.824,0.5,0.5,82.77,416,0,3742
1666144,1,1,9,0.87,26.03067589,119.19308472,22.0,26.03061485,119.19300079,31.14,1.531,1.658,-0.562,-0.0,-0.0,-0.0,1.81,-6.27,-83.03,10.824,0.5,0.5,82.77,416,0,3744
1666357,1,1,9,0.87,26.03067589,119.19308472,22.0,26.03061485,119.19300079,31.14,1.53,1.657,-0.562,0.0,-0.0,0.001,1.81,-6.26,-83.04,10.824,0.5,0.5,82.77,416,0,3744
1666566,1,1,9,0.87,26.0306797,119.19308472,22.0,26.03061485,119.19300079,31.14,1.53,1.657,-0.562,-0.0,-0.0,0.0,1.79,-6.28,-83.03,10.824,0.5,0.5,82.77,416,0,3746
1666782,1,1,9,0.87,26.0306797,119.19308472,22.0,26.03061485,119.19300079,31.14,1.538,1.664,-0.563,-0.0,0.0,-0.0,1.79,-6.27,-83.05,11.097,0.5,0.5,82.93,417,0,3749
1666989,1,1,9,0.87,26.0306797,119.19308472,22.0,26.03061485,119.19300079,31.14,1.533,1.66,-0.562,0.0,-0.0,0.001,1.83,-6.26,-83.08,11.097,0.5,0.5,82.93,417,0,3752
1667193,1,1,9,0.87,26.0306797,119.19308472,22.0,26.03061485,119.19300079,31.14,1.531,1.658,-0.562,-0.0,-0.0,0.0,1.82,-6.27,-83.07,11.097,0.5,0.5,82.93,417,0,3753
1667396,1,1,9,0.87,26.0306797,119.19308472,22.0,26.03061485,119.19300079,31.14,1.53,1.657,-0.562,0.0,0.0,0.0,1.83,-6.26,-83.06,11.097,0.5,0.5,82.93,417,0,3753
1667599,1,1,9,0.87,26.03067589,119.19308472,22.0,26.03061485,119.19300079,31.14,1.53,1.657,-0.562,-0.0,0.0,0.001,1.84,-6.26,-83.06,11.097,0.5,0.5,82.93,417,0,3755
1667814,1,1,9,0.87,26.03067589,119.19308472,22.2,26.03061485,119.19300079,31.14,1.535,1.661,-0.562,-0.0,0.0,-0.0,1.83,-6.26,-83.01,10.823,0.5,0.5,79.81,418,0,3758
1668019,1,1,9,0.87,26.03067589,119.19308472,22.2,26.03061485,119.19300079,31.14,1.532,1.658,-0.562,0.0,0.0,0.001,1.82,-6.27,-83.0,10.823,0.5,0.5,79.81,418,0,3762
1668225,1,1,9,0.87,26.03067589,119.19308472,22.2,26.03061485,119.19300079,31.14,1.53,1.657,-0.562,-0.0,-0.0,0.0,1.82,-6.28,-83.01,10.823,0.5,0.5,79.81,418,0,3762
1668425,1,1,9,0.87,26.03067589,119.19308472,22.2,26.03061485,119.19300079,31.14,1.53,1.657,-0.562,-0.0,-0.0,-0.0,1.82,-6.27,-82.99,10.823,0.5,0.5,79.81,418,0,3762
1668643,1,1,9,0.91,26.03068352,119.19308472,22.1,26.03061485,119.19300079,31.14,1.542,1.669,-0.563,-0.0,-0.0,0.001,1.82,-6.28,-82.97,11.379,0.5,0.5,79.81,419,0,3765
1668845,1,1,9,0.91,26.03068352,119.19308472,22.1,26.03061485,119.19300079,31.14,1.535,1.661,-0.562,-0.0,0.0,-0.0,1.84,-6.27,-82.99,11.379,0.5,0.5,83.09,419,0,3768
1669054,1,1,9,0.91,26.03068352,119.19308472,22.1,26.03061485,119.19300079,31.14,1.531,1.659,-0.562,0.0,-0.0,-0.0,1.85,-6.26,-82.99,11.379,0.5,0.5,83.09,419,0,3771
1669256,1,1,9,0.91,26.03068352,119.19308472,22.1,26.03061485,119.19300079,31.14,1.53,1.657,-0.562,0.0,0.0,0.0,1.85,-6.26,-83.0,11.379,0.5,0.5,83.09,419,0,3771
1669459,1,1,9,0.91,26.03068352,119.19308472,22.1,26.03061485,119.19300079,31.14,1.53,1.657,-0.562,0.0,0.0,0.0,1.86,-6.27,-83.0,11.379,0.5,0.5,83.09,419,0,3771
1669667,1,1,9,0.91,26.0306797,119.19308472,22.2,26.03061485,119.19300079,31.14,1.542,1.668,-0.563,0.0,-0.0,0.0,1.86,-6.27,-82.97,11.097,0.5,0.5,83.09,420,0,3774
1669868,1,1,9,0.91,26.0306797,119.19308472,22.2,26.03061485,119.19300079,31.14,1.535,1.661,-0.562,-0.0,-0.0,0.0,1.86,-6.27,-82.98,11.097,0.5,0.5,80.63,420,0,3777
1670075,1,1,9,0.91,26.0306797,119.19308472,22.2,26.03061485,119.19300079,31.14,1.531,1.658,-0.562,0.0,0.0,0.0,1.86,-6.27,-83.0,11.097,0.5,0.5,80.63,420,0,3780
1670281,1,1,9,0.91,26.0306797,119.19308472,22.2,26.03061485,119.19300079,31.14,1.53,1.657,-0.562,-0.0,-0.0,-0.0,1.83,-6.27,-83.0,11.097,0.5,0.5,80.63,420,0,3780
1670481,1,1,9,0.91,26.0306797,119.19308472,22.2,26.03061485,119.19300079,31.14,1.53,1.657,-0.562,-0.0,-0.0,-0.0,1.82,-6.26,-83.0,11.097,0.5,0.5,80.63,420,0,3780
1670703,1,1,9,0.91,26.03068352,119.19308472,22.1,26.03061485,119.19300079,31.14,1.538,1.664,-0.563,-0.0,0.0,0.001,1.81,-6.25,-82.96,11.379,0.5,0.5,80.63,421,0,3784
1670905,1,1,9,0.91,26.03068352,119.19308472,22.1,26.03061485,119.19300079,31.14,1.533,1.66,-0.562,-0.0,-0.0,0.0,1.78,-6.28,-82.94,11.379,0.5,0.5,85.83,421,0,3786
1671112,1,1,9,0.91,26.03068352,119.19308472,22.1,26.03061485,119.19300079,31.14,1.531,1.658,-0.562,-0.0,-0.0,0.0,1.78,-6.29,-82.96,11.379,0.5,0.5,85.83,421,0,3789
1671315,1,1,9,0.91,26.03068352,119.19308472,22.1,26.03061485,119.19300079,31.14,1.53,1.657,-0.562,0.0,-0.0,-0.0,1.79,-6.29,-82.95,11.379,0.5,0.5,85.83,421,0,3789
1671529,1,1,9,0.91,26.03068924,119.19308472,22.1,26.03061485,119.19300079,31.14,1.53,1.657,-0.562,-0.0,0.0,-0.0,1.8,-6.28,-82.93,11.379,0.5,0.5,85.83,421,0,3790
1671738,1,1,9,1.02,26.03068924,119.19308472,22.3,26.03061485,119.19300079,31.14,1.536,1.663,-0.563,0.0,-0.0,0.0,1.81,-6.28,-82.97,11.819,0.5,0.5,85.83,422,0,3793
1671944,1,1,9,1.02,26.03068924,119.19308472,22.3,26.03061485,119.19300079,31.14,1.532,1.659,-0.562,0.0,-0.0,-0.0,1.82,-6.28,-83.02,11.819,0.5,0.5,80.0,422,0,3796
1672148,1,1,9,1.02,26.03068924,119.19308472,22.3,26.03061485,119.19300079,31.14,1.53,1.658,-0.562,0.0,-0.0,0.0,1.83,-6.28,-83.01,11.819,0.5,0.5,80.0,422,0,3798
1672356,1,1,9,1.02,26.03068924,119.19308472,22.3,26.03061485,119.19300079,31.14,1.53,1.657,-0.562,0.0,0.0,0.0,1.81,-6.26,-83.01,11.819,0.5,0.5,80.0,422,0,3798
1672572,1,1,9,1.02,26.03069687,119.19308472,22.3,26.03061485,119.19300079,31.14,1.53,1.657,-0.562,0.0,0.0,-0.0,1.85,-6.25,-83.03,11.819,0.5,0.5,80.0,422,0,3800
1672775,1,1,9,0.87,26.03069687,119.19308472,22.3,26.03061485,119.19300079,31.14,1.535,1.663,-0.562,0.0,-0.0,-0.0,1.85,-6.25,-83.01,12.431,0.5,0.5,83.0,423,0,3803
1672984,1,1,9,0.87,26.03069687,119.19308472,22.3,26.03061485,119.19300079,31.14,1.531,1.659,-0.562,0.0,0.0,-0.0,1.84,-6.24,-83.03,12.431,0.5,0.5,83.0,423,0,3806
1673188,1,1,9,0.87,26.03069687,119.19308472,22.3,26.03061485,119.19300079,31.14,1.53,1.658,-0.562,-0.0,0.0,0.0,1.83,-6.22,-83.03,12.431,0.5,0.5,83.0,423,0,3807
1673394,1,1,9,0.87,26.03069687,119.19308472,22.3,26.03061485,119.19300079,31.14,1.53,1.657,-0.562,-0.0,0.0,0.0,1.83,-6.23,-83.03,12.431,0.5,0.5,83.0,423,0,3807
1673606,1,1,9,0.87,26.03070068,119.19308472,22.3,26.03061485,119.19300079,31.14,1.53,1.657,-0.562,-0.0,0.0,0.0,1.84,-6.21,-83.02,12.431,0.5,0.5,83.0,423,0,3809
1673812,1,1,9,0.87,26.03070068,119.19308472,22.2,26.03061485,119.19300079,31.14,1.535,1.663,-0.562,-0.0,0.0,-0.0,1.83,-6.23,-83.03,12.748,0.5,0.5,82.03,424,0,3812
1674020,1,1,9,0.87,26.03070068,119.19308472,22.2,26.03061485,119.19300079,31.14,1.531,1.659,-0.562,-0.0,-0.0,0.001,1.83,-6.23,-83.01,12.748,0.5,0.5,82.03,424,0,3815
1674221,1,1,9,0.87,26.03070068,119.19308472,22.2,26.03061485,119.19300079,31.14,1.53,1.658,-0.562,0.0,0.0,0.0,1.85,-6.23,-83.02,12.748,0.5,0.5,82.03,424,0,3816
1674421,1,1,9,0.87,26.03070068,119.19308472,22.2,26.03061485,119.19300079,31.14,1.53,1.657,-0.562,0.0,-0.0,0.0,1.84,-6.23,-83.03,12.748,0.5,0.5,82.03,424,0,3816
1674624,1,1,9,0.87,26.03070068,119.19308472,22.2,26.03061485,119.19300079,31.14,1.53,1.657,-0.562,-0.0,-0.0,-0.0,1.84,-6.24,-83.02,12.748,0.5,0.5,82.03,424,0,3818
1674832,1,1,9,0.87,26.03070068,119.19308472,22.3,26.03061485,119.19300079,31.14,1.535,1.663,-0.562,0.0,-0.0,0.0,1.83,-6.24,-83.03,12.748,0.5,0.5,83.25,425,0,3821
1675034,1,1,9,0.87,26.03070068,119.19308472,22.3,26.03061485,119.19300079,31.14,1.531,1.659,-0.562,0.0,-0.0,-0.0,1.83,-6.24,-83.06,12.748,0.5,0.5,83.25,425,0,3825
1675235,1,1,9,0.87,26.03070068,119.19308472,22.3,26.03061485,119.19300079,31.14,1.53,1.658,-0.562,-0.0,-0.0,-0.0,1.82,-6.26,-83.05,12.748,0.5,0.5,83.25,425,0,3825
1675440,1,1,9,0.87,26.03070068,119.19308472,22.3,26.03061485,119.19300079,31.14,1.53,1.657,-0.562,0.0,0.0,0.0,1.82,-6.24,-83.04,12.748,0.5,0.5,83.25,425,0,3825
1675653,1,1,9,0.87,26.03070068,119.19308472,22.4,26.03061485,119.19300079,31.14,1.543,1.672,-0.563,0.0,-0.0,0.0,1.82,-6.25,-83.05,12.748,0.5,0.5,83.25,426,0,3828
1675861,1,1,9,0.87,26.03070068,119.19308472,22.4,26.03061485,119.19300079,31.14,1.535,1.663,-0.562,-0.0,-0.0,-0.0,1.82,-6.26,-83.02,12.748,0.5,0.5,83.58,426,0,3831
1676073,1,1,9,0.87,26.03070068,119.19308472,22.4,26.03061485,119.19300079,31.14,1.531,1.659,-0.562,0.0,0.0,-0.0,1.82,-6.25,-83.0,12.748,0.5,0.5,83.58,426,0,3834
1676275,1,1,9,0.87,26.03070068,119.19308472,22.4,26.03061485,119.19300079,31.14,1.53,1.658,-0.562,0.0,0.0,-0.0,1.82,-6.25,-83.0,12.748,0.5,0.5,83.58,426,0,3834
1676481,1,1,9,0.87,26.03070068,119.19308472,22.4,26.03061485,119.19300079,31.14,1.53,1.657,-0.562,-0.0,-0.0,-0.0,1.81,-6.24,-83.02,12.748,0.5,0.5,83.58,426,0,3834
1676704,1,1,9,0.87,26.03070068,119.19308472,22.4,26.03061485,119.19300079,31.14,1.538,1.666,-0.563,-0.0,-0.0,-0.0,1.81,-6.25,-83.02,12.748,0.5,0.5,83.58,427,0,3838
1676905,1,1,9,0.87,26.03070068,119.19308472,22.4,26.03061485,119.19300079,31.14,1.533,1.661,-0.562,0.0,-0.0,-0.0,1.83,-6.27,-83.04,12.748,0.5,0.5,84.83,427,0,3841
1677110,1,1,9,0.87,26.03070068,119.19308472,22.4,26.03061485,119.19300079,31.14,1.531,1.658,-0.562,0.0,0.0,-0.0,1.82,-6.28,-83.01,12.748,0.5,0.5,84.83,427,0,3843
1677323,1,1,9,0.87,26.03070068,119.19308472,22.4,26.03061485,119.19300079,31.14,1.53,1.657,-0.562,-0.0,0.0,0.0,1.82,-6.26,-83.04,12.748,0.5,0.5,84.83,427,0,3843
1677535,1,1,9,0.87,26.03070068,119.19308472,22.4,26.03061485,119.19300079,31.14,1.53,1.657,-0.562,0.0,0.0,0.0,1.81,-6.28,-83.01,12.748,0.5,0.5,84.83,427,0,3844
1677743,1,1,9,0.87,26.03070068,119.19308472,22.3,26.03061485,119.19300079,31.14,1.538,1.666,-0.563,0.0,-0.0,-0.0,1.82,-6.29,-83.02,12.748,0.5,0.5,84.83,428,0,3847
1677951,1,1,9,0.87,26.03070068,119.19308472,22.3,26.03061485,119.19300079,31.14,1.533,1.661,-0.562,-0.0,-0.0,-0.0,1.81,-6.3,-83.01,12.748,0.5,0.5,79.0,428,0,3850
1678152,1,1,9,0.87,26.03070068,119.19308472,22.3,26.03061485,119.19300079,31.14,1.531,1.658,-0.562,0.0,0.0,0.0,1.83,-6.3,-83.0,12.748,0.5,0.5,79.0,428,0,3852
1678355,1,1,9,0.87,26.03070068,119.19308472,22.3,26.03061485,119.19300079,31.14,1.53,1.657,-0.562,0.0,0.0,-0.0,1.82,-6.29,-83.01,12.748,0.5,0.5,79.0,428,0,3852
1678561,1,1,9,0.87,26.0307045,119.19308472,22.3,26.03061485,119.19300079,31.14,1.53,1.657,-0.562,0.0,-0.0,0.0,1.83,-6.29,-83.02,12.748,0.5,0.5,79.0,428,0,3854
1678766,1,1,9,0.87,26.0307045,119.19308472,22.4,26.03061485,119.19300079,31.14,1.538,1.667,-0.563,0.0,-0.0,-0.0,1.82,-6.3,-83.01,13.07,0.5,0.5,79.0,429,0,3857
1678968,1,1,9,0.87,26.0307045,119.19308472,22.4,26.03061485,119.19300079,31.14,1.533,1.661,-0.562,-0.0,0.0,-0.0,1.81,-6.28,-83.01,13.07,0.5,0.5,78.53,429,0,3860
1679169,1,1,9,0.87,26.0307045,119.19308472,22.4,26.03061485,119.19300079,31.14,1.531,1.658,-0.562,0.0,0.0,-0.0,1.83,-6.27,-83.01,13.07,0.5,0.5,78.53,429,0,3861
1679377,1,1,9,0.87,26.0307045,119.19308472,22.4,26.03061485,119.19300079,31.14,1.53,1.657,-0.562,-0.0,0.0,0.0,1.83,-6.25,-83.02,13.07,0.5,0.5,78.53,429,0,3861
1679585,1,1,9,0.87,26.0307045,119.19306946,22.4,26.03061485,119.19300079,31.14,1.53,1.657,-0.562,0.0,0.0,-0.0,1.83,-6.26,-83.03,13.07,0.5,0.5,78.53,429,0,3863
1679786,1,1,9,0.87,26.0307045,119.19306946,22.1,26.03061485,119.19300079,31.14,1.534,1.663,-0.562,0.0,0.0,0.001,1.85,-6.26,-83.04,12.147,0.5,0.5,78.53,430,0,3866
1679995,1,1,9,0.87,26.0307045,119.19306946,22.1,26.03061485,119.19300079,31.14,1.531,1.659,-0.562,-0.0,-0.0,-0.0,1.85,-6.26,-83.03,12.147,0.5,0.5,81.45,430,0,3869
1680199,1,1,9,0.87,26.0307045,119.19306946,22.1,26.03061485,119.19300079,31.14,1.53,1.658,-0.562,-0.0,-0.0,0.0,1.84,-6.26,-83.02,12.147,0.5,0.5,81.45,430,0,3870
1680404,1,1,9,0.87,26.0307045,119.19306946,22.1,26.03061485,119.19300079,31.14,1.53,1.657,-0.562,0.0,0.0,0.0,1.85,-6.26,-83.02,12.147,0.5,0.5,81.45,430,0,3870
1680612,1,1,9,0.87,26.03071213,119.19306946,22.1,26.03061485,119.19300079,31.14,1.529,1.657,-0.562,-0.0,-0.0,0.0,1.84,-6.27,-83.02,12.147,0.5,0.5,81.45,430,0,3872
1680821,1,1,9,0.87,26.03071213,119.19306946,22.2,26.03061485,119.19300079,31.14,1.534,1.664,-0.562,-0.0,0.0,0.0,1.83,-6.27,-83.01,12.857,0.5,0.5,81.45,431,0,3875
1681035,1,1,9,0.87,26.03071213,119.19306946,22.2,26.03061485,119.19300079,31.14,1.531,1.659,-0.562,0.0,0.0,-0.0,1.84,-6.26,-83.02,12.857,0.5,0.5,83.92,431,0,3879
1681236,1,1,9,0.87,26.03071213,119.19306946,22.2,26.03061485,119.19300079,31.14,1.53,1.658,-0.562,-0.0,0.0,-0.0,1.83,-6.25,-83.02,12.857,0.5,0.5,83.92,431,0,3879
1681441,1,1,9,0.87,26.03071213,119.19306946,22.2,26.03061485,119.19300079,31.14,1.53,1.657,-0.562,-0.0,-0.0,-0.0,1.83,-6.26,-83.03,12.857,0.5,0.5,83.92,431,0,3879
1681652,1,1,9,0.87,26.03071213,119.19306946,22.2,26.03061485,119.19300079,31.14,1.54,1.674,-0.563,-0.0,-0.0,-0.0,1.81,-6.27,-83.01,12.857,0.5,0.5,83.92,432,0,3882
1681854,1,1,9,0.87,26.03071213,119.19306946,22.2,26.03061485,119.19300079,31.14,1.534,1.664,-0.562,0.0,0.0,-0.0,1.85,-6.26,-83.03,12.857,0.5,0.5,83.92,432,0,3885
1682054,1,1,9,0.87,26.03071213,119.19306946,22.2,26.03061485,119.19300079,31.14,1.531,1.659,-0.562,0.0,0.0,0.0,1.86,-6.24,-83.03,12.857,0.5,0.5,82.67,432,0,3888
1682262,1,1,9,0.87,26.03071213,119.19306946,22.2,26.03061485,119.19300079,31.14,1.53,1.658,-0.562,0.0,-0.0,-0.0,1.87,-6.24,-83.03,12.857,0.5,0.5,82.67,432,0,3888
1682465,1,1,9,0.87,26.03071213,119.19306946,22.2,26.03061485,119.19300079,31.14,1.53,1.657,-0.562,0.0,0.0,-0.0,1.88,-6.24,-83.01,12.857,0.5,0.5,82.67,432,0,3888
1682703,1,1,9,0.87,26.03071213,119.19308472,22.3,26.03061485,119.19300079,31.14,1.538,1.668,-0.563,-0.0,-0.0,0.0,1.86,-6.23,-83.01,13.732,0.5,0.5,82.67,433,0,3891
1682903,1,1,9,0.87,26.03071213,119.19308472,22.3,26.03061485,119.19300079,31.14,1.533,1.661,-0.562,-0.0,0.0,0.0,1.85,-6.24,-83.0,13.732,0.5,0.5,81.75,433,0,3894
1683104,1,1,9,0.87,26.03071213,119.19308472,22.3,26.03061485,119.19300079,31.14,1.531,1.658,-0.562,-0.0,0.0,0.0,1.85,-6.23,-83.0,13.732,0.5,0.5,81.75,433,0,3897
1683305,1,1,9,0.87,26.03071213,119.19308472,22.3,26.03061485,119.19300079,31.14,1.53,1.657,-0.562,0.0,0.0,0.0,1.84,-6.23,-83.02,13.732,0.5,0.5,81.75,433,0,3897
1683510,1,1,9,0.87,26.03071213,119.19308472,22.3,26.03061485,119.19300079,31.14,1.53,1.657,-0.562,0.0,0.0,0.001,1.83,-6.23,-83.02,13.732,0.5,0.5,81.75,433,0,3897
1683715,1,1,9,0.87,26.03071785,119.19308472,22.3,26.03061485,119.19300079,31.14,1.538,1.668,-0.563,0.0,0.0,-0.0,1.84,-6.22,-83.01,14.242,0.5,0.5,81.75,434,0,3901
1683920,1,1,9,0.87,26.03071785,119.19308472,22.3,26.03061485,119.19300079,31.14,1.533,1.661,-0.562,-0.0,-0.0,0.0,1.83,-6.24,-82.99,14.242,0.5,0.5,81.03,434,0,3904
1684122,1,1,9,0.87,26.03071785,119.19308472,22.3,26.03061485,119.19300079,31.14,1.531,1.659,-0.562,0.0,0.0,-0.0,1.83,-6.25,-82.98,14.242,0.5,0.5,81.03,434,0,3906
1684326,1,1,9,0.87,26.03071785,119.19308472,22.3,26.03061485,119.19300079,31.14,1.53,1.657,-0.562,0.0,0.0,-0.0,1.83,-6.24,-83.02,14.242,0.5,0.5,81.03,434,0,3906
1684533,1,1,9,0.87,26.03072166,119.19308472,22.3,26.03061485,119.19300079,31.14,1.53,1.657,-0.562,0.0,0.001,-0.0,1.84,-6.23,-83.03,14.242,0.5,0.5,81.03,434,0,3907
1684733,1,1,9,0.87,26.03072166,119.19308472,22.4,26.03061485,119.19300079,31.14,1.538,1.669,-0.563,-0.0,0.0,-0.001,1.84,-6.23,-83.02,14.587,0.5,0.5,81.03,435,0,3910
1684934,1,1,9,0.87,26.03072166,119.19308472,22.4,26.03061485,119.19300079,31.14,1.533,1.661,-0.562,-0.0,0.0,0.0,1.86,-6.23,-83.02,14.587,0.5,0.5,82.85,435,0,3913
1685145,1,1,9,0.87,26.03072166,119.19308472,22.4,26.03061485,119.19300079,31.14,1.531,1.659,-0.562,-0.001,-0.001,-0.002,1.7,-6.21,-83.04,14.587,0.5,0.5,82.85,435,0,3915
1685351,1,1,9,0.87,26.03072166,119.19308472,22.4,26.03061485,119.19300079,31.14,1.53,1.657,-0.562,-0.0,0.0,0.0,1.68,-6.19,-83.04,14.587,0.5,0.5,82.85,435,0,3915
1685556,1,1,9,0.87,26.03072548,119.19306946,22.4,26.03061485,119.19300079,31.14,1.53,1.657,-0.562,-0.0,0.0,0.0,1.71,-6.2,-83.05,14.587,0.5,0.5,82.85,435,0,3917
1685759,1,1,9,0.87,26.03072548,119.19306946,22.6,26.03061485,119.19300079,31.14,1.536,1.669,-0.563,-0.0,-0.0,-0.0,1.79,-6.21,-83.04,14.136,0.5,0.5,82.85,436,0,3919
1685967,1,1,9,0.87,26.03072548,119.19306946,22.6,26.03061485,119.19300079,31.14,1.532,1.662,-0.562,-0.0,-0.0,-0.0,1.77,-6.23,-83.02,14.136,0.5,0.5,82.28,436,0,3923
1686168,1,1,9,0.87,26.03072548,119.19306946,22.6,26.03061485,119.19300079,31.14,1.53,1.659,-0.562,0.0,-0.0,0.0,1.76,-6.23,-83.01,14.136,0.5,0.5,82.28,436,0,3924
1686371,1,1,9,0.87,26.03072548,119.19306946,22.6,26.03061485,119.19300079,31.14,1.53,1.657,-0.562,0.0,0.0,0.001,1.77,-6.23,-83.02,14.136,0.5,0.5,82.28,436,0,3924
1686576,1,1,9,0.87,26.03073311,119.19306946,22.6,26.03061485,119.19300079,31.14,1.53,1.657,-0.562,-0.0,0.0,-0.0,1.78,-6.23,-82.98,14.136,0.5,0.5,82.28,436,0,3926
1686795,1,1,8,0.98,26.03073311,119.19306946,22.5,26.03061485,119.19300079,31.14,1.533,1.664,-0.562,-0.0,-0.0,-0.0,1.77,-6.24,-82.98,14.884,0.5,0.5,82.28,437,0,3929
1686998,1,1,8,0.98,26.03073311,119.19306946,22.5,26.03061485,119.19300079,31.14,1.531,1.659,-0.562,-0.0,0.0,-0.0,1.74,-6.23,-82.97,14.884,0.5,0.5,82.44,437,0,3932
1687199,1,1,8,0.98,26.03073311,119.19306946,22.5,26.03061485,119.19300079,31.14,1.53,1.658,-0.562,0.0,-0.0,-0.0,1.76,-6.22,-82.95,14.884,0.5,0.5,82.44,437,0,3933
1687407,1,1,8,0.98,26.03073311,119.19306946,22.5,26.03061485,119.19300079,31.14,1.53,1.657,-0.562,-0.0,0.0,0.0,1.77,-6.22,-82.94,14.884,0.5,0.5,82.44,437,0,3933
1687611,1,1,8,0.98,26.03073692,119.19306946,22.5,26.03061485,119.19300079,31.14,1.529,1.657,-0.562,-0.0,-0.0,0.0,1.75,-6.22,-82.95,14.884,0.5,0.5,82.44,437,0,3935
1687828,1,1,9,0.98,26.03073692,119.19306946,22.6,26.03061485,119.19300079,31.14,1.533,1.664,-0.562,0.0,-0.0,-0.001,1.77,-6.22,-82.97,15.262,0.5,0.5,82.44,438,0,3938
1688036,1,1,9,0.98,26.03073692,119.19306946,22.6,26.03061485,119.19300079,31.14,1.531,1.66,-0.562,0.0,-0.0,0.001,1.78,-6.24,-82.97,15.262,0.5,0.5,82.85,438,0,3942
1688242,1,1,9,0.98,26.03073692,119.19306946,22.6,26.03061485,119.19300079,31.14,1.53,1.658,-0.562,-0.0,-0.0,0.0,1.78,-6.24,-82.93,15.262,0.5,0.5,82.85,438,0,3942
1688451,1,1,9,0.98,26.03073692,119.19306946,22.6,26.03061485,119.19300079,31.14,1.53,1.657,-0.562,0.0,0.0,-0.0,1.78,-6.24,-82.92,15.262,0.5,0.5,82.85,438,0,3942
1688692,1,1,9,1.1,26.03074455,119.19306946,22.5,26.03061485,119.19300079,31.14,1.534,1.666,-0.563,0.0,0.0,-0.0,1.8,-6.24,-82.93,16.025,0.5,0.5,82.85,439,0,3946
1688895,1,1,9,1.1,26.03074455,119.19306946,22.5,26.03061485,119.19300079,31.14,1.531,1.661,-0.562,-0.0,-0.0,-0.0,1.78,-6.26,-82.94,16.025,0.5,0.5,82.85,439,0,3948
1689099,1,1,9,1.1,26.03074455,119.19306946,22.5,26.03061485,119.19300079,31.14,1.53,1.658,-0.562,0.0,0.0,-0.0,1.8,-6.25,-82.95,16.025,0.5,0.5,84.0,439,0,3951
1689302,1,1,9,1.1,26.03074455,119.19306946,22.5,26.03061485,119.19300079,31.14,1.53,1.657,-0.562,0.0,0.0,0.0,1.8,-6.26,-82.94,16.025,0.5,0.5,84.0,439,0,3951
1689506,1,1,9,1.1,26.03074455,119.19306946,22.5,26.03061485,119.19300079,31.14,1.529,1.657,-0.562,0.0,0.0,0.0,1.8,-6.25,-82.95,16.025,0.5,0.5,84.0,439,0,3951
1689716,1,1,8,1.1,26.03074455,119.19306946,22.6,26.03061485,119.19300079,31.14,1.534,1.666,-0.563,0.0,-0.0,-0.0,1.78,-6.24,-82.95,16.025,0.5,0.5,84.0,440,0,3955
1689930,1,1,8,1.1,26.03074455,119.19306946,22.6,26.03061485,119.19300079,31.14,1.531,1.661,-0.562,0.0,-0.0,-0.0,1.79,-6.22,-82.97,16.025,0.5,0.5,84.0,440,0,3958
1690133,1,1,8,1.1,26.03074455,119.19306946,22.6,26.03061485,119.19300079,31.14,1.53,1.658,-0.562,0.0,0.0,-0.0,1.8,-6.22,-82.96,16.025,0.5,0.5,80.92,440,0,3960
1690335,1,1,8,1.1,26.03074455,119.19306946,22.6,26.03061485,119.19300079,31.14,1.53,1.657,-0.562,-0.0,0.0,-0.0,1.8,-6.23,-82.97,16.025,0.5,0.5,80.92,440,0,3960
1690545,1,1,8,1.1,26.03075409,119.19306946,22.6,26.03061485,119.19300079,31.14,1.53,1.657,-0.562,0.0,-0.0,0.0,1.8,-6.23,-82.97,16.025,0.5,0.5,80.92,440,0,3961
1690750,1,1,8,1.1,26.03075409,119.19306946,22.4,26.03061485,119.19300079,31.14,1.534,1.667,-0.563,-0.0,0.0,0.0,1.78,-6.24,-82.96,16.99,0.5,0.5,80.92,441,0,3964
1690957,1,1,8,1.1,26.03075409,119.19306946,22.4,26.03061485,119.19300079,31.14,1.531,1.661,-0.562,0.0,-0.0,0.001,1.77,-6.23,-82.94,16.99,0.5,0.5,80.92,441,0,3967
1691160,1,1,8,1.1,26.03075409,119.19306946,22.4,26.03061485,119.19300079,31.14,1.53,1.658,-0.562,-0.0,-0.0,0.0,1.75,-6.24,-82.95,16.99,0.5,0.5,81.79,441,0,3969
1691371,1,1,8,1.1,26.03075409,119.19306946,22.4,26.03061485,119.19300079,31.14,1.53,1.657,-0.562,0.0,-0.0,0.0,1.77,-6.24,-82.95,16.99,0.5,0.5,81.79,441,0,3969
1691576,1,1,8,1.1,26.03076172,119.19306946,22.4,26.03061485,119.19300079,31.14,1.529,1.657,-0.562,-0.0,0.0,-0.0,1.77,-6.22,-82.96,16.99,0.5,0.5,81.79,441,0,3971
1691800,1,1,8,1.1,26.03076172,119.19306946,22.3,26.03061485,119.19300079,31.14,1.532,1.664,-0.562,-0.0,0.0,0.0,1.77,-6.2,-82.96,17.77,0.5,0.5,81.79,442,0,3974
1692017,1,1,8,1.1,26.03076172,119.19306946,22.3,26.03061485,119.19300079,31.14,1.531,1.659,-0.562,0.0,-0.0,0.0,1.77,-6.21,-82.96,17.77,0.5,0.5,81.79,442,0,3978
1692220,1,1,8,1.1,26.03076172,119.19306946,22.3,26.03061485,119.19300079,31.14,1.53,1.658,-0.562,-0.0,-0.0,-0.0,1.76,-6.22,-82.99,17.77,0.5,0.5,86.31,442,0,3978
1692424,1,1,8,1.1,26.03076172,119.19306946,22.3,26.03061485,119.19300079,31.14,1.53,1.657,-0.562,-0.0,-0.0,0.0,1.77,-6.22,-82.99,17.77,0.5,0.5,86.31,442,0,3978
1692637,1,1,8,1.1,26.03076172,119.19306946,22.4,26.03061485,119.19300079,31.14,1.537,1.674,-0.563,-0.0,-0.0,-0.0,1.75,-6.23,-82.99,17.77,0.5,0.5,86.31,443,0,3981
1692844,1,1,8,1.1,26.03076172,119.19306946,22.4,26.03061485,119.19300079,31.14,1.532,1.664,-0.562,0.0,0.0,0.0,1.77,-6.24,-83.0,17.77,0.5,0.5,86.31,443,0,3984
1693051,1,1,8,1.1,26.03076172,119.19306946,22.4,26.03061485,119.19300079,31.14,1.531,1.659,-0.562,0.0,0.0,0.0,1.76,-6.24,-82.99,17.77,0.5,0.5,86.31,443,0,3987
1693255,1,1,8,1.1,26.03076172,119.19306946,22.4,26.03061485,119.19300079,31.14,1.53,1.658,-0.562,-0.0,-0.0,-0.0,1.75,-6.25,-83.0,17.77,0.5,0.5,79.92,443,0,3987
1693462,1,1,8,1.1,26.03076172,119.19306946,22.4,26.03061485,119.19300079,31.14,1.53,1.657,-0.562,0.0,0.0,0.0,1.76,-6.23,-83.01,17.77,0.5,0.5,79.92,443,0,3987
1693697,1,1,8,1.1,26.03076935,119.19306946,22.1,26.03061485,119.19300079,31.14,1.534,1.668,-0.563,0.0,-0.0,0.0,1.76,-6.23,-83.01,18.557,0.5,0.5,79.92,444,0,3991
1693898,1,1,8,1.1,26.03076935,119.19306946,22.1,26.03061485,119.19300079,31.14,1.531,1.661,-0.562,0.0,0.0,0.0,1.78,-6.23,-83.0,18.557,0.5,0.5,79.92,444,0,3993
1694102,1,1,8,1.1,26.03076935,119.19306946,22.1,26.03061485,119.19300079,31.14,1.53,1.659,-0.562,-0.0,0.0,0.0,1.78,-6.23,-82.99,18.557,0.5,0.5,84.07,444,0,3996
1694305,1,1,8,1.1,26.03076935,119.19306946,22.1,26.03061485,119.19300079,31.14,1.53,1.657,-0.562,-0.0,-0.0,0.0,1.76,-6.18,-83.02,18.557,0.5,0.5,84.07,444,0,3996
1694509,1,1,8,1.1,26.03076935,119.19306946,22.1,26.03061485,119.19300079,31.14,1.529,1.657,-0.562,0.0,-0.0,-0.0,1.76,-6.2,-83.03,18.557,0.5,0.5,84.07,444,0,3996
1694721,1,1,9,0.98,26.03077888,119.19304657,21.7,26.03061485,119.19300079,31.14,1.533,1.672,-0.563,0.0,-0.0,0.0,1.79,-6.2,-83.01,18.865,0.5,0.5,84.07,445,0,4000
1694924,1,1,9,0.98,26.03077888,119.19304657,21.7,26.03061485,119.19300079,31.14,1.531,1.663,-0.562,0.0,0.0,0.0,1.81,-6.2,-83.03,18.865,0.5,0.5,84.07,445,0,4003
1695127,1,1,9,0.98,26.03077888,119.19304657,21.7,26.03061485,119.19300079,31.14,1.53,1.659,-0.562,-0.0,-0.0,0.0,1.79,-6.2,-83.01,18.865,0.5,0.5,83.41,445,0,4005
1695337,1,1,9,0.98,26.03077888,119.19304657,21.7,26.03061485,119.19300079,31.14,1.53,1.658,-0.562,0.0,-0.0,0.0,1.78,-6.2,-83.01,18.865,0.5,0.5,83.41,445,0,4005
1695539,1,1,9,0.98,26.03077316,119.19304657,21.7,26.03061485,119.19300079,31.14,1.529,1.657,-0.562,-0.0,-0.0,0.0,1.77,-6.21,-82.99,18.865,0.5,0.5,83.41,445,0,4006
1695743,1,1,9,0.98,26.03077316,119.19304657,21.4,26.03061485,119.19300079,31.14,1.533,1.672,-0.563,0.0,0.0,0.0,1.77,-6.21,-83.0,18.248,0.5,0.5,83.41,446,0,4009
1695945,1,1,9,0.98,26.03077316,119.19304657,21.4,26.03061485,119.19300079,31.14,1.531,1.663,-0.562,-0.0,-0.0,0.001,1.77,-6.21,-83.02,18.248,0.5,0.5,83.41,446,0,4012
1696145,1,1,9,0.98,26.03077316,119.19304657,21.4,26.03061485,119.19300079,31.14,1.53,1.659,-0.562,-0.0,-0.0,0.0,1.77,-6.22,-83.02,18.248,0.5,0.5,82.51,446,0,4014
1696356,1,1,9,0.98,26.03077316,119.19304657,21.4,26.03061485,119.19300079,31.14,1.53,1.658,-0.562,-0.0,0.0,0.0,1.76,-6.22,-83.01,18.248,0.5,0.5,82.51,446,0,4014
1696567,1,1,9,0.98,26.03077888,119.19304657,21.4,26.03061485,119.19300079,31.14,1.529,1.657,-0.562,-0.0,-0.0,0.0,1.75,-6.22,-83.0,18.248,0.5,0.5,82.51,446,0,4016
1696797,1,1,8,0.98,26.03077888,119.19304657,21.4,26.03061485,119.19300079,31.14,1.532,1.666,-0.562,0.0,0.0,-0.0,1.76,-6.21,-82.96,18.865,0.5,0.5,82.51,447,0,4019
1696999,1,1,8,0.98,26.03077888,119.19304657,21.4,26.03061485,119.19300079,31.14,1.53,1.661,-0.562,0.0,0.0,-0.0,1.78,-6.2,-82.98,18.865,0.5,0.5,82.51,447,0,4022
1697199,1,1,8,0.98,26.03077888,119.19304657,21.4,26.03061485,119.19300079,31.14,1.53,1.658,-0.562,0.0,0.0,-0.0,1.77,-6.18,-83.0,18.865,0.5,0.5,84.75,447,0,4023
1697406,1,1,8,0.98,26.03077888,119.19304657,21.4,26.03061485,119.19300079,31.14,1.53,1.657,-0.562,0.0,0.0,-0.0,1.78,-6.19,-82.97,18.865,0.5,0.5,84.75,447,0,4023
1697618,1,1,8,0.98,26.03077888,119.19304657,21.4,26.03061485,119.19300079,31.14,1.529,1.657,-0.562,0.0,0.0,-0.0,1.8,-6.19,-82.97,18.865,0.5,0.5,84.75,447,0,4025
1697818,1,1,9,0.98,26.03077888,119.19304657,21.4,26.03061485,119.19300079,31.14,1.533,1.672,-0.563,0.001,0.0,0.001,1.75,-6.23,-82.98,18.865,0.5,0.5,84.75,448,0,4028
1698019,1,1,9,0.98,26.03077888,119.19304657,21.4,26.03061485,119.19300079,31.14,1.533,1.672,-0.562,0.001,0.0,0.002,1.77,-6.24,-82.95,18.865,0.504,0.504,84.75,448,0,4031
1698223,1,1,9,0.98,26.03077888,119.19304657,21.4,26.03061485,119.19300079,31.14,1.534,1.672,-0.562,0.0,0.0,0.0,1.79,-6.24,-82.94,18.865,0.399,0.399,101.8,448,0,4032
1698427,1,1,9,0.98,26.03077888,119.19304657,21.4,26.03061485,119.19300079,31.14,1.534,1.672,-0.562,-0.0,-0.0,0.0,1.78,-6.25,-82.93,18.865,0.396,0.396,101.8,448,0,4032
1698631,1,1,9,0.98,26.0307827,119.19304657,21.1,26.03061485,119.19300079,31.14,1.54,1.697,-0.563,-0.0,0.0,0.001,1.79,-6.24,-82.98,19.261,0.5,0.5,101.8,449,0,4035
1698835,1,1,9,0.98,26.0307827,119.19304657,21.1,26.03061485,119.19300079,31.14,1.536,1.682,-0.562,-0.0,-0.0,0.0,1.78,-6.24,-82.99,19.261,0.5,0.5,101.8,449,0,4038
1699037,1,1,9,0.98,26.0307827,119.19304657,21.1,26.03061485,119.19300079,31.14,1.535,1.676,-0.562,-0.0,0.0,-0.0,1.78,-6.25,-82.98,19.261,0.5,0.5,101.8,449,0,4041
1699242,1,1,9,0.98,26.0307827,119.19304657,21.1,26.03061485,119.19300079,31.14,1.534,1.674,-0.562,0.0,-0.0,-0.0,1.78,-6.25,-82.97,19.261,0.5,0.5,85.91,449,0,4041
1699446,1,1,9,0.98,26.0307827,119.19304657,21.1,26.03061485,119.19300079,31.14,1.534,1.673,-0.562,0.0,-0.0,0.0,1.8,-6.24,-82.95,19.261,0.5,0.5,85.91,449,0,4041
1699657,1,1,9,0.98,26.0307827,119.19304657,20.6,26.03061485,119.19300079,31.14,1.54,1.697,-0.563,0.0,0.0,0.0,1.81,-6.24,-82.94,19.261,0.5,0.5,85.91,450,0,4044
1699858,1,1,9,0.98,26.0307827,119.19304657,20.6,26.03061485,119.19300079,31.14,1.536,1.682,-0.562,-0.0,-0.0,0.0,1.82,-6.24,-82.95,19.261,0.5,0.5,85.91,450,0,4047
1700067,1,1,9,0.98,26.0307827,119.19304657,20.6,26.03061485,119.19300079,31.14,1.535,1.676,-0.562,0.0,0.0,0.0,1.84,-6.23,-82.96,19.261,0.5,0.5,85.91,450,0,4050
1700271,1,1,9,0.98,26.0307827,119.19304657,20.6,26.03061485,119.19300079,31.14,1.534,1.674,-0.562,0.0,0.0,-0.0,1.86,-6.24,-82.97,19.261,0.5,0.5,81.53,450,0,4050
1700471,1,1,9,0.98,26.0307827,119.19304657,20.6,26.03061485,119.19300079,31.14,1.534,1.673,-0.562,0.0,0.0,-0.0,1.86,-6.23,-82.97,19.261,0.5,0.5,81.53,450,0,4050
1700700,1,1,9,0.87,26.03078651,119.19304657,20.2,26.03061485,119.19300079,31.14,1.538,1.692,-0.563,-0.0,-0.0,0.0,1.85,-6.24,-82.99,19.674,0.5,0.5,81.53,451,0,4054
1700905,1,1,9,0.87,26.03078651,119.19304657,20.2,26.03061485,119.19300079,31.14,1.535,1.68,-0.562,-0.0,0.0,-0.0,1.84,-6.23,-82.99,19.674,0.5,0.5,81.53,451,0,4056
1701112,1,1,9,0.87,26.03078651,119.19304657,20.2,26.03061485,119.19300079,31.14,1.534,1.675,-0.562,-0.0,0.0,-0.0,1.82,-6.24,-83.0,19.674,0.5,0.5,81.53,451,0,4059
1701315,1,1,9,0.87,26.03078651,119.19304657,20.2,26.03061485,119.19300079,31.14,1.534,1.673,-0.562,0.0,-0.0,0.0,1.84,-6.24,-83.0,19.674,0.5,0.5,86.65,451,0,4059
1701522,1,1,9,0.87,26.03079033,119.19304657,20.2,26.03061485,119.19300079,31.14,1.534,1.673,-0.562,0.0,0.0,0.0,1.85,-6.24,-82.98,19.674,0.5,0.5,86.65,451,0,4060
1701725,1,1,9,0.87,26.03079033,119.19304657,20.3,26.03061485,119.19300079,31.14,1.538,1.692,-0.563,-0.0,0.0,-0.0,1.83,-6.23,-82.99,20.087,0.5,0.5,86.65,452,0,4063
1701928,1,1,9,0.87,26.03079033,119.19304657,20.3,26.03061485,119.19300079,31.14,1.535,1.68,-0.562,0.0,-0.0,0.0,1.84,-6.24,-82.97,20.087,0.5,0.5,86.65,452,0,4066
1702138,1,1,9,0.87,26.03079033,119.19304657,20.3,26.03061485,119.19300079,31.14,1.534,1.675,-0.562,0.0,0.0,0.0,1.84,-6.24,-82.98,20.087,0.5,0.5,86.65,452,0,4068
1702346,1,1,9,0.87,26.03079033,119.19304657,20.3,26.03061485,119.19300079,31.14,1.534,1.674,-0.562,0.0,0.0,0.001,1.86,-6.23,-82.97,20.087,0.5,0.5,80.76,452,0,4068
1702556,1,1,9,0.87,26.03078651,119.19304657,20.3,26.03061485,119.19300079,31.14,1.534,1.673,-0.562,0.0,0.0,-0.0,1.87,-6.23,-82.97,20.087,0.5,0.5,80.76,452,0,4070
1702760,1,1,9,0.87,26.03078651,119.19304657,20.2,26.03061485,119.19300079,31.14,1.538,1.692,-0.563,0.0,-0.0,0.0,1.87,-6.24,-82.98,19.674,0.5,0.5,80.76,453,0,4072
1702974,1,1,9,0.87,26.03078651,119.19304657,20.2,26.03061485,119.19300079,31.14,1.535,1.68,-0.562,-0.0,-0.0,-0.001,1.87,-6.24,-82.99,19.674,0.5,0.5,80.76,453,0,4076
1703185,1,1,9,0.87,26.03078651,119.19304657,20.2,26.03061485,119.19300079,31.14,1.534,1.675,-0.562,0.0,0.0,0.001,1.87,-6.21,-83.02,19.674,0.5,0.5,83.25,453,0,4077
1703386,1,1,9,0.87,26.03078651,119.19304657,20.2,26.03061485,119.19300079,31.14,1.534,1.673,-0.562,0.0,-0.0,0.0,1.87,-6.22,-83.01,19.674,0.5,0.5,83.25,453,0,4077
1703590,1,1,9,0.87,26.03079033,119.19304657,20.2,26.03061485,119.19300079,31.14,1.534,1.673,-0.562,0.0,-0.0,-0.0,1.86,-6.22,-83.01,19.674,0.5,0.5,83.25,453,0,4079
1703815,1,1,10,0.91,26.03079033,119.19304657,20.1,26.03061485,119.19300079,31.14,1.536,1.684,-0.562,0.0,0.0,0.001,1.88,-6.22,-83.01,20.087,0.5,0.5,83.25,454,0,4082
1704018,1,1,10,0.91,26.03079033,119.19304657,20.1,26.03061485,119.19300079,31.14,1.535,1.677,-0.562,-0.0,-0.0,0.0,1.86,-6.24,-83.0,20.087,0.5,0.5,83.25,454,0,4085
1704219,1,1,10,0.91,26.03079033,119.19304657,20.1,26.03061485,119.19300079,31.14,1.534,1.674,-0.562,0.0,0.0,-0.0,1.85,-6.22,-83.0,20.087,0.5,0.5,82.21,454,0,4086
1704427,1,1,10,0.91,26.03079033,119.19304657,20.1,26.03061485,119.19300079,31.14,1.534,1.673,-0.562,-0.0,0.0,0.0,1.85,-6.21,-82.99,20.087,0.5,0.5,82.21,454,0,4086
1704642,1,1,10,0.91,26.03079414,119.19304657,20.5,26.03061485,119.19300079,31.14,1.541,1.703,-0.563,0.0,-0.0,0.0,1.85,-6.21,-82.97,20.501,0.5,0.5,82.21,455,0,4089
1704853,1,1,10,0.91,26.03079414,119.19304657,20.5,26.03061485,119.19300079,31.14,1.536,1.685,-0.562,-0.0,0.0,0.0,1.86,-6.2,-82.98,20.501,0.5,0.5,82.21,455,0,4092
1705070,1,1,10,0.91,26.03079414,119.19304657,20.5,26.03061485,119.19300079,31.14,1.535,1.677,-0.562,-0.0,0.0,-0.0,1.87,-6.2,-82.98,20.501,0.5,0.5,82.21,455,0,4095
1705271,1,1,10,0.91,26.03079414,119.19304657,20.5,26.03061485,119.19300079,31.14,1.534,1.674,-0.562,0.0,0.0,0.0,1.87,-6.23,-82.98,20.501,0.5,0.5,86.91,455,0,4095
1705476,1,1,10,0.91,26.03079414,119.19304657,20.5,26.03061485,119.19300079,31.14,1.534,1.673,-0.562,0.0,0.0,0.0,1.88,-6.24,-82.98,20.501,0.5,0.5,86.91,455,0,4095
1705702,1,1,10,0.91,26.03079796,119.19304657,20.6,26.03061485,119.19300079,31.14,1.538,1.692,-0.563,0.0,-0.0,0.0,1.87,-6.25,-82.97,20.915,0.5,0.5,86.91,456,0,4099
1705905,1,1,10,0.91,26.03079796,119.19304657,20.6,26.03061485,119.19300079,31.14,1.535,1.68,-0.562,0.0,0.0,0.0,1.86,-6.24,-82.96,20.915,0.5,0.5,86.91,456,0,4101
1706124,1,1,10,0.91,26.03079796,119.19304657,20.6,26.03061485,119.19300079,31.14,1.534,1.675,-0.562,-0.0,-0.0,0.0,1.87,-6.27,-82.97,20.915,0.5,0.5,86.91,456,0,4104
1706330,1,1,10,0.91,26.03079796,119.19304657,20.6,26.03061485,119.19300079,31.14,1.534,1.674,-0.562,-0.0,-0.0,0.0,1.85,-6.27,-82.95,20.915,0.5,0.5,81.75,456,0,4104
1706546,1,1,10,0.91,26.03080559,119.19304657,20.6,26.03061485,119.19300079,31.14,1.534,1.673,-0.562,0.0,0.0,-0.0,1.83,-6.24,-82.97,20.915,0.5,0.5,81.75,456,0,4105
1706760,1,1,10,0.91,26.03080559,119.19304657,20.4,26.03061485,119.19300079,31.14,1.538,1.693,-0.563,0.0,0.0,0.0,1.84,-6.24,-82.99,21.744,0.5,0.5,81.75,457,0,4108
1706966,1,1,10,0.91,26.03080559,119.19304657,20.4,26.03061485,119.19300079,31.14,1.535,1.68,-0.562,-0.0,0.0,0.0,1.84,-6.22,-83.0,21.744,0.5,0.5,81.75,457,0,4111
1707170,1,1,10,0.91,26.03080559,119.19304657,20.4,26.03061485,119.19300079,31.14,1.534,1.676,-0.562,-0.0,-0.0,-0.0,1.81,-6.22,-82.99,21.744,0.5,0.5,81.75,457,0,4113
1707376,1,1,10,0.91,26.03080559,119.19304657,20.4,26.03061485,119.19300079,31.14,1.534,1.674,-0.562,-0.0,0.0,0.001,1.82,-6.2,-83.0,21.744,0.5,0.5,87.0,457,0,4113
1707592,1,1,10,0.91,26.03081131,119.19304657,20.4,26.03061485,119.19300079,31.14,1.534,1.673,-0.562,0.0,-0.0,0.0,1.83,-6.23,-83.0,21.744,0.5,0.5,87.0,457,0,4115
1707816,1,1,10,0.91,26.03081131,119.19304657,20.5,26.03061485,119.19300079,31.14,1.536,1.686,-0.562,0.0,-0.0,0.001,1.84,-6.23,-83.01,22.367,0.5,0.5,87.0,458,0,4118
1708019,1,1,10,0.91,26.03081131,119.19304657,20.5,26.03061485,119.19300079,31.14,1.535,1.678,-0.562,-0.0,-0.0,-0.0,1.84,-6.24,-83.0,22.367,0.5,0.5,87.0,458,0,4121
1708221,1,1,10,0.91,26.03081131,119.19304657,20.5,26.03061485,119.19300079,31.14,1.534,1.674,-0.562,-0.0,0.0,0.0,1.85,-6.23,-82.99,22.367,0.5,0.5,87.0,458,0,4122
1708426,1,1,10,0.91,26.03081131,119.19304657,20.5,26.03061485,119.19300079,31.14,1.534,1.673,-0.562,-0.0,-0.0,0.0,1.84,-6.23,-83.02,22.367,0.5,0.5,82.18,458,0,4122
1708641,1,1,10,1.14,26.03081512,119.19304657,20.5,26.03061485,119.19300079,31.14,1.538,1.694,-0.563,-0.0,0.0,-0.0,1.82,-6.24,-83.04,22.783,0.5,0.5,82.18,459,0,4125
1708851,1,1,10,1.14,26.03081512,119.19304657,20.5,26.03061485,119.19300079,31.14,1.535,1.681,-0.562,-0.0,0.0,-0.0,1.84,-6.23,-83.05,22.783,0.5,0.5,82.18,459,0,4128
1709070,1,1,10,1.14,26.03081512,119.19304657,20.5,26.03061485,119.19300079,31.14,1.534,1.676,-0.562,0.0,0.0,0.0,1.85,-6.22,-83.04,22.783,0.5,0.5,82.18,459,0,4131
1709271,1,1,10,1.14,26.03081512,119.19304657,20.5,26.03061485,119.19300079,31.14,1.534,1.674,-0.562,0.0,-0.0,-0.0,1.85,-6.25,-83.01,22.783,0.5,0.5,84.78,459,0,4131
1709476,1,1,10,1.14,26.03081512,119.19304657,20.5,26.03061485,119.19300079,31.14,1.534,1.673,-0.562,0.0,-0.0,-0.0,1.87,-6.26,-82.99,22.783,0.5,0.5,84.78,459,0,4131
1709707,1,1,10,0.91,26.03081894,119.19304657,20.3,26.03061485,119.19300079,31.14,1.538,1.694,-0.563,0.0,-0.0,-0.0,1.88,-6.27,-82.99,23.2,0.5,0.5,84.78,460,0,4135
1709915,1,1,10,0.91,26.03081894,119.19304657,20.3,26.03061485,119.19300079,31.14,1.535,1.681,-0.562,-0.0,-0.0,0.0,1.87,-6.26,-83.01,23.2,0.5,0.5,84.78,460,0,4138
1710117,1,1,10,0.91,26.03081894,119.19304657,20.3,26.03061485,119.19300079,31.14,1.534,1.676,-0.562,-0.0,0.0,0.0,1.86,-6.26,-83.0,23.2,0.5,0.5,84.78,460,0,4140
1710321,1,1,10,0.91,26.03081894,119.19304657,20.3,26.03061485,119.19300079,31.14,1.534,1.674,-0.562,0.0,-0.0,0.0,1.86,-6.26,-83.01,23.2,0.5,0.5,87.65,460,0,4140
1710527,1,1,10,0.91,26.03081894,119.19304657,20.3,26.03061485,119.19300079,31.14,1.534,1.673,-0.562,-0.0,0.0,-0.0,1.85,-6.25,-83.02,23.2,0.5,0.5,87.65,460,0,4141
1710739,1,1,10,0.91,26.03081894,119.19304657,20.3,26.03061485,119.19300079,31.14,1.538,1.694,-0.563,0.0,-0.0,0.0,1.84,-6.26,-83.03,23.2,0.5,0.5,87.65,461,0,4144
1710945,1,1,10,0.91,26.03081894,119.19304657,20.3,26.03061485,119.19300079,31.14,1.535,1.681,-0.562,0.0,0.0,-0.0,1.84,-6.25,-83.0,23.2,0.5,0.5,87.65,461,0,4147
1711151,1,1,10,0.91,26.03081894,119.19304657,20.3,26.03061485,119.19300079,31.14,1.534,1.676,-0.562,-0.0,0.0,-0.0,1.85,-6.24,-83.01,23.2,0.5,0.5,87.65,461,0,4149
1711356,1,1,10,0.91,26.03081894,119.19304657,20.3,26.03061485,119.19300079,31.14,1.534,1.674,-0.562,0.0,-0.0,0.001,1.84,-6.26,-83.01,23.2,0.5,0.5,80.92,461,0,4149
1711565,1,1,10,0.91,26.03082275,119.19304657,20.3,26.03061485,119.19300079,31.14,1.534,1.673,-0.562,-0.0,0.0,0.0,1.85,-6.25,-83.0,23.2,0.5,0.5,80.92,461,0,4151
1711766,1,1,10,0.91,26.03082275,119.19304657,20.3,26.03061485,119.19300079,31.14,1.538,1.695,-0.563,0.0,0.0,0.0,1.87,-6.24,-83.0,23.616,0.5,0.5,80.92,462,0,4154
1711969,1,1,10,0.91,26.03082275,119.19304657,20.3,26.03061485,119.19300079,31.14,1.535,1.681,-0.562,-0.0,0.0,0.0,1.86,-6.25,-83.01,23.616,0.5,0.5,80.92,462,0,4157
1712169,1,1,10,0.91,26.03082275,119.19304657,20.3,26.03061485,119.19300079,31.14,1.534,1.676,-0.562,0.0,0.0,0.0,1.86,-6.23,-83.02,23.616,0.5,0.5,80.92,462,0,4158
1712376,1,1,10,0.91,26.03082275,119.19304657,20.3,26.03061485,119.19300079,31.14,1.534,1.674,-0.562,0.0,-0.0,0.0,1.87,-6.24,-83.01,23.616,0.5,0.5,79.68,462,0,4158
1712587,1,1,10,0.91,26.03082275,119.19304657,20.3,26.03061485,119.19300079,31.14,1.534,1.673,-0.562,-0.0,0.0,0.0,1.86,-6.22,-83.03,23.616,0.5,0.5,79.68,462,0,4160
1712805,1,1,10,0.91,26.03082275,119.19304657,20.5,26.03061485,119.19300079,31.14,1.536,1.687,-0.562,-0.0,0.0,0.0,1.84,-6.21,-83.01,23.616,0.5,0.5,79.68,463,0,4163
1713008,1,1,10,0.91,26.03082275,119.19304657,20.5,26.03061485,119.19300079,31.14,1.535,1.678,-0.562,-0.0,0.0,0.0,1.84,-6.21,-82.99,23.616,0.5,0.5,79.68,463,0,4166
1713210,1,1,10,0.91,26.03082275,119.19304657,20.5,26.03061485,119.19300079,31.14,1.534,1.675,-0.562,0.0,0.0,0.0,1.84,-6.21,-83.01,23.616,0.5,0.5,79.68,463,0,4167
1713418,1,1,10,0.91,26.03082275,119.19304657,20.5,26.03061485,119.19300079,31.14,1.534,1.673,-0.562,-0.0,-0.0,0.0,1.84,-6.2,-82.99,23.616,0.5,0.5,83.09,463,0,4167
1713637,1,1,10,0.91,26.03082657,119.19304657,20.5,26.03061485,119.19300079,31.14,1.541,1.709,-0.563,0.0,0.0,0.0,1.84,-6.2,-83.0,24.033,0.5,0.5,83.09,464,0,4170
1713844,1,1,10,0.91,26.03082657,119.19304657,20.5,26.03061485,119.19300079,31.14,1.536,1.687,-0.562,-0.0,-0.0,0.0,1.84,-6.21,-82.99,24.033,0.5,0.5,83.09,464,0,4173
1714047,1,1,10,0.91,26.03082657,119.19304657,20.5,26.03061485,119.19300079,31.14,1.535,1.678,-0.562,0.0,-0.0,0.0,1.84,-6.21,-83.0,24.033,0.5,0.5,83.09,464,0,4176
1714250,1,1,10,0.91,26.03082657,119.19304657,20.5,26.03061485,119.19300079,31.14,1.534,1.675,-0.562,0.0,0.0,0.0,1.85,-6.2,-83.02,24.033,0.5,0.5,83.09,464,0,4176
1714456,1,1,10,0.91,26.03082657,119.19304657,20.5,26.03061485,119.19300079,31.14,1.534,1.673,-0.562,0.0,-0.0,0.0,1.86,-6.23,-83.02,24.033,0.5,0.5,82.28,464,0,4176
1714658,1,1,10,0.91,26.03082657,119.19304657,20.4,26.03061485,119.19300079,31.14,1.538,1.695,-0.563,0.0,-0.0,-0.0,1.87,-6.25,-83.01,24.033,0.396,0.396,82.28,465,0,4179
1714859,1,1,10,0.91,26.03082657,119.19304657,20.4,26.03061485,119.19300079,31.14,1.535,1.681,-0.562,0.0,0.0,0.0,1.87,-6.24,-82.98,24.033,0.396,0.396,82.28,465,0,4182
1715059,1,1,10,0.91,26.03082657,119.19304657,20.4,26.03061485,119.19300079,31.14,1.534,1.676,-0.562,-0.0,-0.0,0.0,1.86,-6.25,-82.99,24.033,0.396,0.396,82.28,465,0,4185
1715261,1,1,10,0.91,26.03082657,119.19304657,20.4,26.03061485,119.19300079,31.14,1.534,1.674,-0.562,-0.0,-0.0,0.0,1.84,-6.25,-83.03,24.033,0.396,0.396,82.28,465,0,4185
1715465,1,1,10,0.91,26.03082657,119.19304657,20.4,26.03061485,119.19300079,31.14,1.534,1.673,-0.562,0.0,-0.0,0.001,1.84,-6.26,-83.02,24.033,0.5,0.5,84.92,465,0,4185
1715670,1,1,10,0.91,26.03083038,119.19304657,20.2,26.03061485,119.19300079,31.14,1.541,1.71,-0.563,0.0,0.0,0.0,1.86,-6.25,-83.0,24.45,0.5,0.5,84.92,466,0,4188
1715870,1,1,10,0.91,26.03083038,119.19304657,20.2,26.03061485,119.19300079,31.14,1.536,1.687,-0.562,-0.0,0.0,-0.0,1.86,-6.26,-83.0,24.45,0.5,0.5,84.92,466,0,4191
1716081,1,1,10,0.91,26.03083038,119.19304657,20.2,26.03061485,119.19300079,31.14,1.535,1.678,-0.562,-0.0,0.0,0.001,1.85,-6.26,-83.0,24.45,0.5,0.5,84.92,466,0,4194
1716281,1,1,10,0.91,26.03083038,119.19304657,20.2,26.03061485,119.19300079,31.14,1.534,1.675,-0.562,0.0,0.0,0.0,1.86,-6.26,-83.0,24.45,0.5,0.5,84.92,466,0,4194
1716486,1,1,10,0.91,26.03083038,119.19304657,20.2,26.03061485,119.19300079,31.14,1.534,1.673,-0.562,0.0,0.0,0.0,1.86,-6.25,-83.0,24.45,0.5,0.5,82.83,466,0,4194
1716697,1,1,10,0.91,26.03083038,119.19303131,19.8,26.03061485,119.19300079,31.14,1.537,1.696,-0.563,0.0,0.0,-0.0,1.86,-6.22,-83.02,24.211,0.5,0.5,82.83,467,0,4198
1716898,1,1,10,0.91,26.03083038,119.19303131,19.8,26.03061485,119.19300079,31.14,1.535,1.682,-0.562,-0.0,0.0,0.0,1.86,-6.23,-83.01,24.211,0.5,0.5,82.83,467,0,4200
1717100,1,1,10,0.91,26.03083038,119.19303131,19.8,26.03061485,119.19300079,31.14,1.534,1.676,-0.562,0.0,-0.0,0.001,1.85,-6.26,-82.98,24.211,0.5,0.5,82.83,467,0,4203
1717302,1,1,10,0.91,26.03083038,119.19303131,19.8,26.03061485,119.19300079,31.14,1.534,1.674,-0.562,0.0,-0.0,0.0,1.85,-6.25,-82.99,24.211,0.5,0.5,82.83,467,0,4203
1717504,1,1,10,0.91,26.03083038,119.19303131,19.8,26.03061485,119.19300079,31.14,1.534,1.673,-0.562,-0.0,-0.0,0.0,1.84,-6.25,-82.98,24.211,0.5,0.5,84.92,467,0,4203
1717710,1,1,10,0.91,26.03083038,119.19304657,19.8,26.03061485,119.19300079,31.14,1.538,1.696,-0.563,-0.0,0.0,0.0,1.84,-6.25,-82.98,24.45,0.5,0.5,84.92,468,0,4207
1717921,1,1,10,0.91,26.03083038,119.19304657,19.8,26.03061485,119.19300079,31.14,1.535,1.682,-0.562,-0.0,-0.0,0.001,1.84,-6.25,-83.01,24.45,0.5,0.5,84.92,468,0,4210
1718131,1,1,10,0.91,26.03083038,119.19304657,19.8,26.03061485,119.19300079,31.14,1.534,1.676,-0.562,-0.0,0.0,0.0,1.85,-6.25,-83.03,24.45,0.5,0.5,84.92,468,0,4212
1718337,1,1,10,0.91,26.03083038,119.19304657,19.8,26.03061485,119.19300079,31.14,1.534,1.674,-0.562,-0.0,-0.0,0.0,1.85,-6.24,-83.01,24.45,0.5,0.5,84.92,468,0,4212
1718552,1,1,10,0.91,26.0308342,119.19301605,19.8,26.03061485,119.19300079,31.14,1.534,1.673,-0.562,0.0,-0.0,0.0,1.85,-6.25,-83.0,24.45,0.5,0.5,81.92,468,0,4213
1718754,1,1,10,0.91,26.0308342,119.19301605,19.5,26.03061485,119.19300079,31.14,1.535,1.696,-0.563,-0.0,0.0,0.0,1.86,-6.25,-83.01,24.49,0.5,0.5,81.92,469,0,4216
1718968,1,1,10,0.91,26.0308342,119.19301605,19.5,26.03061485,119.19300079,31.14,1.534,1.682,-0.562,0.0,-0.0,-0.0,1.86,-6.26,-83.01,24.49,0.5,0.5,81.92,469,0,4219
1719171,1,1,10,0.91,26.0308342,119.19301605,19.5,26.03061485,119.19300079,31.14,1.534,1.676,-0.562,0.0,-0.0,0.0,1.87,-6.27,-82.99,24.49,0.5,0.5,81.92,469,0,4221
1719375,1,1,10,0.91,26.0308342,119.19301605,19.5,26.03061485,119.19300079,31.14,1.534,1.674,-0.562,-0.0,-0.0,0.0,1.87,-6.27,-82.99,24.49,0.5,0.5,83.17,469,0,4221
1719581,1,1,10,0.91,26.03083038,119.19301605,19.5,26.03061485,119.19300079,31.14,1.534,1.673,-0.562,0.0,0.0,0.0,1.87,-6.26,-82.99,24.49,0.5,0.5,83.17,469,0,4223
1719799,1,1,10,0.91,26.03083038,119.19301605,19.1,26.03061485,119.19300079,31.14,1.535,1.687,-0.562,-0.0,0.0,0.0,1.83,-6.25,-82.99,24.066,0.5,0.5,83.17,470,0,4226
1720004,1,1,10,0.91,26.03083038,119.19301605,19.1,26.03061485,119.19300079,31.14,1.534,1.678,-0.562,0.0,0.0,0.001,1.85,-6.23,-83.0,24.066,0.5,0.5,83.17,470,0,4229
1720210,1,1,10,0.91,26.03083038,119.19301605,19.1,26.03061485,119.19300079,31.14,1.534,1.675,-0.562,-0.0,0.0,0.0,1.85,-6.24,-83.01,24.066,0.5,0.5,83.17,470,0,4230
1720417,1,1,10,0.91,26.03083038,119.19301605,19.1,26.03061485,119.19300079,31.14,1.534,1.673,-0.562,-0.0,0.0,0.0,1.83,-6.24,-83.02,24.066,0.5,0.5,86.91,470,0,4230
1720622,1,1,10,0.91,26.03082657,119.19301605,19.1,26.03061485,119.19300079,31.14,1.534,1.673,-0.562,0.0,-0.0,0.0,1.85,-6.26,-83.01,24.066,0.5,0.5,86.91,470,0,4232
1720831,1,1,10,0.8,26.03082657,119.19301605,18.7,26.03061485,119.19300079,31.14,1.535,1.687,-0.562,-0.0,-0.0,-0.0,1.84,-6.25,-83.04,23.643,0.5,0.5,86.91,471,0,4235
1721039,1,1,10,0.8,26.03082657,119.19301605,18.7,26.03061485,119.19300079,31.14,1.534,1.678,-0.562,-0.0,-0.0,0.0,1.84,-6.26,-83.06,23.643,0.5,0.5,86.91,471,0,4239
1721241,1,1,10,0.8,26.03082657,119.19301605,18.7,26.03061485,119.19300079,31.14,1.534,1.675,-0.562,0.0,0.0,0.0,1.85,-6.26,-83.04,23.643,0.5,0.5,86.91,471,0,4239
1721447,1,1,10,0.8,26.03082657,119.19301605,18.7,26.03061485,119.19300079,31.14,1.534,1.673,-0.562,0.0,0.0,-0.0,1.87,-6.24,-83.03,23.643,0.5,0.5,79.76,471,0,4239
1721662,1,1,10,0.8,26.03082657,119.19301605,18.7,26.03061485,119.19300079,31.14,1.536,1.71,-0.564,-0.0,0.0,0.0,1.86,-6.25,-83.03,23.643,0.5,0.5,79.76,472,0,4242
1721865,1,1,10,0.8,26.03082657,119.19301605,18.7,26.03061485,119.19300079,31.14,1.535,1.687,-0.562,0.0,0.0,0.0,1.87,-6.25,-83.01,23.643,0.5,0.5,79.76,472,0,4245
1722074,1,1,10,0.8,26.03082657,119.19301605,18.7,26.03061485,119.19300079,31.14,1.534,1.678,-0.562,-0.0,-0.0,0.001,1.87,-6.26,-83.01,23.643,0.5,0.5,79.76,472,0,4248
1722275,1,1,10,0.8,26.03082657,119.19301605,18.7,26.03061485,119.19300079,31.14,1.534,1.675,-0.562,0.0,-0.0,-0.0,1.87,-6.25,-83.02,23.643,0.5,0.5,79.76,472,0,4248
1722488,1,1,10,0.8,26.03082657,119.19301605,18.7,26.03061485,119.19300079,31.14,1.534,1.673,-0.562,0.0,-0.0,0.0,1.87,-6.27,-83.02,23.643,0.5,0.5,80.52,472,0,4248
1722705,1,1,10,0.8,26.03082657,119.19301605,18.1,26.03061485,119.19300079,31.14,1.535,1.696,-0.563,-0.0,0.0,0.0,1.87,-6.26,-83.03,23.643,0.5,0.5,80.52,473,0,4252
1722915,1,1,10,0.8,26.03082657,119.19301605,18.1,26.03061485,119.19300079,31.14,1.534,1.682,-0.562,0.0,-0.0,0.0,1.88,-6.26,-83.02,23.643,0.5,0.5,80.52,473,0,4255
1723126,1,1,10,0.8,26.03082657,119.19301605,18.1,26.03061485,119.19300079,31.14,1.534,1.676,-0.562,0.0,0.0,-0.0,1.88,-6.26,-83.0,23.643,0.5,0.5,80.52,473,0,4257
1723337,1,1,10,0.8,26.03082657,119.19301605,18.1,26.03061485,119.19300079,31.14,1.534,1.674,-0.562,0.0,-0.0,0.0,1.86,-6.25,-83.01,23.643,0.5,0.5,80.52,473,0,4257
1723552,1,1,10,0.8,26.03082275,119.19303131,18.1,26.03061485,119.19300079,31.14,1.534,1.673,-0.562,0.0,0.0,0.0,1.89,-6.25,-83.0,23.643,0.5,0.5,85.83,473,0,4258
1723754,1,1,10,0.8,26.03082275,119.19303131,17.8,26.03061485,119.19300079,31.14,1.537,1.696,-0.563,0.0,0.0,-0.0,1.88,-6.26,-82.99,23.369,0.5,0.5,85.83,474,0,4261
1723968,1,1,10,0.8,26.03082275,119.19303131,17.8,26.03061485,119.19300079,31.14,1.535,1.682,-0.562,0.0,-0.0,0.0,1.86,-6.25,-83.0,23.369,0.5,0.5,85.83,474,0,4264
1724170,1,1,10,0.8,26.03082275,119.19303131,17.8,26.03061485,119.19300079,31.14,1.534,1.676,-0.562,0.0,0.0,0.0,1.86,-6.25,-82.99,23.369,0.5,0.5,85.83,474,0,4266
1724375,1,1,10,0.8,26.03082275,119.19303131,17.8,26.03061485,119.19300079,31.14,1.534,1.674,-0.562,0.0,-0.0,-0.0,1.88,-6.27,-83.02,23.369,0.5,0.5,85.83,474,0,4266
1724581,1,1,10,0.8,26.03082657,119.19301605,17.8,26.03061485,119.19300079,31.14,1.534,1.673,-0.562,-0.0,-0.0,-0.0,1.88,-6.27,-83.03,23.369,0.5,0.5,80.52,474,0,4268
1724799,1,1,9,0.93,26.03082657,119.19301605,17.6,26.03061485,119.19300079,31.14,1.535,1.686,-0.563,-0.0,-0.0,0.0,1.87,-6.26,-83.01,23.643,0.5,0.5,80.52,475,0,4271
1725008,1,1,9,0.93,26.03082657,119.19301605,17.6,26.03061485,119.19300079,31.14,1.534,1.678,-0.562,-0.0,-0.0,0.0,1.87,-6.25,-82.99,23.643,0.5,0.5,80.52,475,0,4274
1725211,1,1,9,0.93,26.03082657,119.19301605,17.6,26.03061485,119.19300079,31.14,1.534,1.674,-0.562,0.0,-0.0,-0.0,1.84,-6.24,-83.01,23.643,0.5,0.5,80.52,475,0,4275
1725411,1,1,9,0.93,26.03082657,119.19301605,17.6,26.03061485,119.19300079,31.14,1.534,1.673,-0.562,-0.0,-0.0,-0.0,1.82,-6.24,-82.97,23.643,0.5,0.5,84.48,475,0,4275
1725624,1,1,9,0.93,26.03082657,119.19301605,17.6,26.03061485,119.19300079,31.14,1.534,1.673,-0.562,0.0,-0.0,-0.0,1.82,-6.24,-82.97,23.643,0.5,0.5,84.48,475,0,4277
1725832,1,1,10,0.93,26.03082657,119.19301605,17.6,26.03061485,119.19300079,31.14,1.535,1.686,-0.563,-0.0,-0.0,0.0,1.78,-6.22,-82.98,23.643,0.5,0.5,84.48,476,0,4280
1726039,1,1,10,0.93,26.03082657,119.19301605,17.6,26.03061485,119.19300079,31.14,1.534,1.678,-0.562,-0.0,-0.0,-0.001,1.76,-6.22,-82.98,23.643,0.5,0.5,84.48,476,0,4284
1726243,1,1,10,0.93,26.03082657,119.19301605,17.6,26.03061485,119.19300079,31.14,1.534,1.678,-0.562,0.0,-0.0,0.001,1.78,-6.22,-83.0,23.643,0.502,0.502,84.48,476,0,4284
1726443,1,1,10,0.93,26.03082657,119.19301605,17.6,26.03061485,119.19300079,31.14,1.534,1.678,-0.561,0.0,-0.0,0.002,1.79,-6.22,-82.99,23.643,0.509,0.509,100.6,476,0,4284
1726661,1,1,9,1.08,26.03082657,119.19301605,17.5,26.03061485,119.19300079,31.14,1.536,1.703,-0.564,-0.0,-0.001,-0.0,1.76,-6.26,-83.03,23.638,0.5,0.5,100.6,477,0,4287
1726863,1,1,9,1.08,26.03082657,119.19301605,17.5,26.03061485,119.19300079,31.14,1.535,1.688,-0.562,0.0,0.0,0.001,1.78,-6.23,-83.03,23.638,0.5,0.5,100.6,477,0,4290
1727067,1,1,9,1.08,26.03082657,119.19301605,17.5,26.03061485,119.19300079,31.14,1.535,1.684,-0.56,-0.0,-0.002,0.009,1.99,-6.15,-82.99,23.638,0.501,0.501,100.6,477,0,4293
1727269,1,1,9,1.08,26.03082657,119.19301605,17.5,26.03061485,119.19300079,31.14,1.535,1.683,-0.558,-0.001,-0.003,0.009,1.94,-6.17,-82.97,23.638,0.506,0.506,100.6,477,0,4293
1727487,1,1,9,1.08,26.03082657,119.19301605,17.5,26.03061485,119.19300079,31.14,1.535,1.683,-0.558,-0.0,-0.0,-0.0,1.91,-6.18,-82.96,23.638,0.5,0.5,110.67,477,0,4293
1727704,1,1,10,0.93,26.03082657,119.19301605,17.4,26.03061485,119.19300079,31.14,1.536,1.705,-0.559,-0.0,-0.0,-0.0,1.89,-6.19,-82.97,23.632,0.5,0.5,110.67,478,0,4297
1727905,1,1,10,0.93,26.03082657,119.19301605,17.4,26.03061485,119.19300079,31.14,1.535,1.691,-0.557,-0.0,-0.0,0.0,1.86,-6.21,-83.0,23.632,0.5,0.5,110.67,478,0,4299
1728112,1,1,10,0.93,26.03082657,119.19301605,17.4,26.03061485,119.19300079,31.14,1.535,1.686,-0.557,0.0,-0.0,-0.0,1.85,-6.2,-83.0,23.632,0.5,0.5,110.67,478,0,4302
1728316,1,1,10,0.93,26.03082657,119.19301605,17.4,26.03061485,119.19300079,31.14,1.534,1.684,-0.557,0.0,-0.0,0.0,1.86,-6.2,-83.02,23.632,0.5,0.5,110.67,478,0,4302
1728522,1,1,10,0.93,26.03082275,119.19301605,17.4,26.03061485,119.19300079,31.14,1.534,1.683,-0.557,-0.0,-0.0,0.001,1.86,-6.22,-83.01,23.632,0.5,0.5,80.92,478,0,4303
1728725,1,1,10,1.08,26.03082275,119.19301605,17.2,26.03061485,119.19300079,31.14,1.535,1.699,-0.558,-0.0,-0.0,-0.0,1.84,-6.22,-83.01,23.209,0.5,0.5,80.92,479,0,4306
1728930,1,1,10,1.08,26.03082275,119.19301605,17.2,26.03061485,119.19300079,31.14,1.535,1.689,-0.557,0.0,-0.0,0.0,1.84,-6.23,-83.0,23.209,0.5,0.5,80.92,479,0,4309
1729139,1,1,10,1.08,26.03082275,119.19301605,17.2,26.03061485,119.19300079,31.14,1.534,1.685,-0.557,-0.0,-0.0,0.0,1.85,-6.25,-83.0,23.209,0.5,0.5,80.92,479,0,4311
1729347,1,1,10,1.08,26.03082275,119.19301605,17.2,26.03061485,119.19300079,31.14,1.534,1.684,-0.557,-0.0,0.0,-0.0,1.85,-6.23,-83.01,23.209,0.5,0.5,80.92,479,0,4311
1729569,1,1,10,1.08,26.03082275,119.19301605,17.2,26.03061485,119.19300079,31.14,1.534,1.683,-0.557,-0.0,0.0,-0.0,1.85,-6.23,-83.02,23.209,0.5,0.5,83.01,479,0,4313
1729769,1,1,8,1.08,26.03082275,119.19301605,17.1,26.03061485,119.19300079,31.14,1.535,1.693,-0.558,-0.0,-0.0,0.0,1.85,-6.22,-83.02,23.209,0.5,0.5,83.01,480,0,4316
1729974,1,1,8,1.08,26.03082275,119.19301605,17.1,26.03061485,119.19300079,31.14,1.535,1.687,-0.557,0.0,-0.0,-0.0,1.85,-6.23,-83.0,23.209,0.5,0.5,83.01,480,0,4319
1730178,1,1,8,1.08,26.03082275,119.19301605,17.1,26.03061485,119.19300079,31.14,1.534,1.684,-0.557,-0.0,0.0,0.0,1.84,-6.2,-83.01,23.209,0.5,0.5,83.01,480,0,4320
1730385,1,1,8,1.08,26.03082275,119.19301605,17.1,26.03061485,119.19300079,31.14,1.534,1.683,-0.557,-0.0,0.0,0.0,1.84,-6.21,-83.01,23.209,0.5,0.5,83.01,480,0,4320
1730596,1,1,8,1.08,26.03082657,119.19301605,17.1,26.03061485,119.19300079,31.14,1.534,1.683,-0.557,-0.0,-0.0,0.0,1.84,-6.22,-82.99,23.209,0.5,0.5,81.97,480,0,4322
1730802,1,1,8,1.08,26.03082657,119.19301605,16.9,26.03061485,119.19300079,31.14,1.535,1.693,-0.558,-0.0,-0.0,0.0,1.83,-6.22,-82.97,23.632,0.5,0.5,81.97,481,0,4325
1731011,1,1,8,1.08,26.03082657,119.19301605,16.9,26.03061485,119.19300079,31.14,1.535,1.687,-0.557,0.0,-0.0,0.0,1.84,-6.23,-83.0,23.632,0.5,0.5,81.97,481,0,4328
1731216,1,1,8,1.08,26.03082657,119.19301605,16.9,26.03061485,119.19300079,31.14,1.534,1.684,-0.557,-0.0,0.0,-0.0,1.82,-6.21,-83.01,23.632,0.5,0.5,81.97,481,0,4329
1731417,1,1,8,1.08,26.03082657,119.19301605,16.9,26.03061485,119.19300079,31.14,1.534,1.683,-0.557,0.0,0.0,-0.0,1.83,-6.2,-83.02,23.632,0.5,0.5,81.97,481,0,4329
1731617,1,1,8,1.08,26.03082657,119.19301605,16.9,26.03061485,119.19300079,31.14,1.534,1.683,-0.557,0.0,0.0,0.0,1.83,-6.21,-83.03,23.632,0.5,0.5,80.82,481,0,4331
1731832,1,1,8,1.08,26.03082657,119.19301605,16.7,26.03061485,119.19300079,31.14,1.535,1.693,-0.558,-0.0,0.0,-0.0,1.81,-6.21,-83.02,23.632,0.5,0.5,80.82,482,0,4335
1732042,1,1,8,1.08,26.03082657,119.19301605,16.7,26.03061485,119.19300079,31.14,1.535,1.687,-0.557,-0.0,-0.0,-0.0,1.82,-6.21,-83.03,23.632,0.5,0.5,80.82,482,0,4338
1732251,1,1,8,1.08,26.03082657,119.19301605,16.7,26.03061485,119.19300079,31.14,1.534,1.684,-0.557,0.0,0.0,-0.0,1.83,-6.22,-83.01,23.632,0.5,0.5,80.82,482,0,4338
1732462,1,1,8,1.08,26.03082657,119.19301605,16.7,26.03061485,119.19300079,31.14,1.534,1.683,-0.557,-0.0,0.0,0.0,1.81,-6.21,-83.03,23.632,0.5,0.5,80.82,482,0,4338
1732690,1,1,8,1.08,26.03083038,119.19301605,16.5,26.03061485,119.19300079,31.14,1.535,1.7,-0.558,-0.0,0.0,-0.0,1.8,-6.2,-83.01,24.056,0.5,0.5,83.67,483,0,4342
1732893,1,1,8,1.08,26.03083038,119.19301605,16.5,26.03061485,119.19300079,31.14,1.535,1.689,-0.557,0.0,0.0,0.0,1.82,-6.19,-83.02,24.056,0.5,0.5,83.67,483,0,4344
1733103,1,1,8,1.08,26.03083038,119.19301605,16.5,26.03061485,119.19300079,31.14,1.534,1.685,-0.557,-0.0,-0.0,0.0,1.82,-6.18,-83.01,24.056,0.5,0.5,83.67,483,0,4347
1733306,1,1,8,1.08,26.03083038,119.19301605,16.5,26.03061485,119.19300079,31.14,1.534,1.684,-0.557,0.0,0.0,0.0,1.8,-6.18,-83.0,24.056,0.5,0.5,83.67,483,0,4347
1733511,1,1,8,1.08,26.0308342,119.19301605,16.5,26.03061485,119.19300079,31.14,1.534,1.683,-0.557,-0.0,-0.0,0.0,1.79,-6.18,-82.99,24.056,0.5,0.5,83.67,483,0,4348
1733723,1,1,8,1.08,26.0308342,119.19301605,16.4,26.03061485,119.19300079,31.14,1.535,1.7,-0.558,-0.0,-0.0,-0.001,1.74,-6.16,-82.98,24.48,0.5,0.5,79.41,484,0,4351
1733925,1,1,8,1.08,26.0308342,119.19301605,16.4,26.03061485,119.19300079,31.14,1.535,1.689,-0.557,0.0,-0.0,-0.0,1.74,-6.23,-82.97,24.48,0.5,0.5,79.41,484,0,4354
1734125,1,1,8,1.08,26.0308342,119.19301605,16.4,26.03061485,119.19300079,31.14,1.534,1.685,-0.557,-0.0,-0.0,-0.001,1.7,-6.25,-82.99,24.48,0.5,0.5,79.41,484,0,4356
1734326,1,1,8,1.08,26.0308342,119.19301605,16.4,26.03061485,119.19300079,31.14,1.534,1.684,-0.557,0.0,0.0,0.001,1.73,-6.23,-83.01,24.48,0.5,0.5,79.41,484,0,4356
1734534,1,1,8,1.08,26.0308342,119.19300079,16.4,26.03061485,119.19300079,31.14,1.534,1.683,-0.557,0.0,0.0,-0.0,1.73,-6.22,-82.98,24.48,0.5,0.5,79.41,484,0,4357
1734740,1,1,9,1.08,26.0308342,119.19300079,16.0,26.03061485,119.19300079,31.14,1.534,1.7,-0.558,-0.0,-0.0,0.0,1.73,-6.22,-83.01,24.433,0.5,0.5,80.2,485,0,4360
1734940,1,1,9,1.08,26.0308342,119.19300079,16.0,26.03061485,119.19300079,31.14,1.534,1.689,-0.557,0.0,0.0,0.0,1.74,-6.22,-82.98,24.433,0.5,0.5,80.2,485,0,4363
1735141,1,1,9,1.08,26.0308342,119.19300079,16.0,26.03061485,119.19300079,31.14,1.534,1.685,-0.557,0.0,0.0,-0.0,1.74,-6.22,-82.99,24.433,0.5,0.5,80.2,485,0,4365
1735346,1,1,9,1.08,26.0308342,119.19300079,16.0,26.03061485,119.19300079,31.14,1.534,1.685,-0.557,0.0,0.001,0.003,1.83,-6.15,-83.01,24.433,0.5,0.5,80.2,485,0,4365
1735553,1,1,9,1.08,26.03083992,119.19300079,16.0,26.03061485,119.19300079,31.14,1.534,1.685,-0.556,0.0,-0.0,0.003,1.77,-6.2,-83.0,24.433,0.505,0.505,99.0,485,0,4367
1735758,1,1,9,1.15,26.03083992,119.19300079,15.8,26.03062057,119.19300079,31.08,1.534,2.305,-0.618,0.0,0.072,-0.004,1.77,-6.21,-82.98,25.068,0.513,0.513,99.0,486,0,4370
1735963,1,1,9,1.15,26.03083992,119.19300079,15.8,26.03062057,119.19300079,31.08,1.534,2.299,-0.618,-0.0,0.001,-0.001,1.77,-6.2,-82.98,25.068,0.5,0.5,99.0,486,0,4373
1736165,1,1,9,1.15,26.03083992,119.19300079,15.8,26.03062057,119.19300079,31.08,1.534,2.308,-0.619,0.0,-0.0,-0.001,1.78,-6.19,-82.99,25.068,0.5,0.5,99.0,486,0,4374
1736366,1,1,9,1.15,26.03083992,119.19300079,15.8,26.03062057,119.19300079,31.08,1.534,2.311,-0.619,-0.0,0.0,0.0,1.79,-6.2,-83.02,25.068,0.5,0.5,99.0,486,0,4374
1736570,1,1,9,1.15,26.0308342,119.19301605,15.8,26.03062057,119.19300079,31.08,1.534,2.313,-0.619,0.0,-0.0,0.0,1.8,-6.21,-83.01,25.068,0.5,0.5,95.33,486,0,4376
1736783,1,1,10,1.08,26.0308342,119.19301605,15.9,26.03062057,119.19300079,31.08,1.535,2.33,-0.62,-0.0,0.0,0.0,1.8,-6.19,-83.0,23.851,0.5,0.5,95.33,487,0,4379
1736989,1,1,10,1.08,26.0308342,119.19301605,15.9,26.03062057,119.19300079,31.08,1.535,2.32,-0.619,-0.0,0.0,0.0,1.78,-6.19,-82.99,23.851,0.5,0.5,95.33,487,0,4382
1737189,1,1,10,1.08,26.0308342,119.19301605,15.9,26.03062057,119.19300079,31.08,1.534,2.316,-0.619,0.0,-0.0,0.0,1.78,-6.21,-82.99,23.851,0.5,0.5,95.33,487,0,4383
1737392,1,1,10,1.08,26.0308342,119.19301605,15.9,26.03062057,119.19300079,31.08,1.534,2.315,-0.619,-0.0,0.0,0.0,1.79,-6.2,-83.0,23.851,0.5,0.5,95.33,487,0,4383
1737597,1,1,10,1.08,26.0308342,119.19301605,15.9,26.03062057,119.19300079,31.08,1.534,2.314,-0.619,-0.0,-0.0,0.0,1.8,-6.18,-83.01,23.851,0.5,0.5,80.44,487,0,4385
1737798,1,1,9,1.15,26.0308342,119.19301605,15.7,26.03062057,119.19300079,31.08,1.535,2.323,-0.62,0.0,0.0,0.0,1.8,-6.18,-83.01,23.85,0.5,0.5,80.44,488,0,4388
1737999,1,1,9,1.15,26.0308342,119.19301605,15.7,26.03062057,119.19300079,31.08,1.534,2.317,-0.619,0.0,0.0,0.0,1.79,-6.18,-82.99,23.85,0.5,0.5,80.44,488,0,4391
1738199,1,1,9,1.15,26.0308342,119.19301605,15.7,26.03062057,119.19300079,31.08,1.534,2.315,-0.619,-0.0,-0.0,-0.0,1.79,-6.19,-82.99,23.85,0.5,0.5,80.44,488,0,4392
1738401,1,1,9,1.15,26.0308342,119.19301605,15.7,26.03062057,119.19300079,31.08,1.534,2.314,-0.619,-0.0,0.0,-0.0,1.8,-6.18,-82.98,23.85,0.5,0.5,80.44,488,0,4392
1738614,1,1,9,1.15,26.03083038,119.19300079,15.7,26.03062057,119.19300079,31.08,1.534,2.314,-0.619,-0.0,-0.0,-0.001,1.8,-6.17,-82.98,23.85,0.5,0.5,85.57,488,0,4394
1738821,1,1,9,0.93,26.03083038,119.19300079,15.4,26.03062057,119.19300079,31.08,1.534,2.327,-0.62,0.0,0.0,0.001,1.8,-6.13,-82.97,23.377,0.5,0.5,85.57,489,0,4397
1739029,1,1,9,0.93,26.03083038,119.19300079,15.4,26.03062057,119.19300079,31.08,1.534,2.319,-0.619,-0.0,-0.0,-0.0,1.8,-6.13,-82.94,23.377,0.5,0.5,85.57,489,0,4401
1739236,1,1,9,0.93,26.03083038,119.19300079,15.4,26.03062057,119.19300079,31.08,1.534,2.316,-0.619,-0.0,-0.0,0.0,1.8,-6.15,-82.96,23.377,0.5,0.5,85.57,489,0,4401
1739447,1,1,9,0.93,26.03083038,119.19300079,15.4,26.03062057,119.19300079,31.08,1.534,2.315,-0.619,-0.0,-0.0,-0.0,1.78,-6.15,-82.97,23.377,0.5,0.5,85.57,489,0,4401
1739649,1,1,9,0.93,26.0308342,119.19300079,15.1,26.03062057,119.19300079,31.08,1.534,2.349,-0.621,0.0,-0.0,-0.0,1.79,-6.15,-82.99,23.802,0.5,0.5,80.76,490,0,4404
1739858,1,1,9,0.93,26.0308342,119.19300079,15.1,26.03062057,119.19300079,31.08,1.534,2.328,-0.62,-0.0,-0.0,-0.003,1.72,-6.27,-83.02,23.802,0.5,0.5,80.76,490,0,4407
1740068,1,1,9,0.93,26.0308342,119.19300079,15.1,26.03062057,119.19300079,31.08,1.534,2.319,-0.619,-0.0,0.0,0.0,1.75,-6.24,-83.02,23.802,0.5,0.5,80.76,490,0,4410
1740272,1,1,9,0.93,26.0308342,119.19300079,15.1,26.03062057,119.19300079,31.08,1.534,2.316,-0.619,0.0,-0.0,0.0,1.77,-6.22,-82.99,23.802,0.5,0.5,80.76,490,0,4410
1740478,1,1,9,0.93,26.0308342,119.19300079,15.1,26.03062057,119.19300079,31.08,1.534,2.315,-0.619,0.0,0.0,-0.0,1.77,-6.21,-82.98,23.802,0.5,0.5,80.76,490,0,4410
1740694,1,1,8,0.93,26.0308342,119.19300079,15.2,26.03062057,119.19300079,31.08,1.534,2.336,-0.621,0.0,0.0,0.0,1.79,-6.2,-83.0,23.802,0.5,0.5,80.2,491,0,4414
1740905,1,1,8,0.93,26.0308342,119.19300079,15.2,26.03062057,119.19300079,31.08,1.534,2.323,-0.62,-0.0,0.0,0.0,1.81,-6.18,-83.02,23.802,0.5,0.5,80.2,491,0,4417
1741106,1,1,8,0.93,26.0308342,119.19300079,15.2,26.03062057,119.19300079,31.08,1.534,2.317,-0.619,-0.0,0.0,-0.0,1.79,-6.2,-83.02,23.802,0.5,0.5,80.2,491,0,4419
1741306,1,1,8,0.93,26.0308342,119.19300079,15.2,26.03062057,119.19300079,31.08,1.534,2.315,-0.619,-0.0,0.0,-0.0,1.77,-6.18,-83.02,23.802,0.5,0.5,80.2,491,0,4419
1741510,1,1,8,0.93,26.0308342,119.19300079,15.2,26.03062057,119.19300079,31.08,1.534,2.314,-0.619,0.0,0.0,0.0,1.77,-6.19,-82.99,23.802,0.5,0.5,80.2,491,0,4419
1741718,1,1,8,0.93,26.03083992,119.19300079,14.9,26.03062057,119.19300079,31.08,1.534,2.337,-0.621,-0.0,-0.0,-0.0,1.76,-6.19,-82.98,24.439,0.5,0.5,82.52,492,0,4423
1741919,1,1,8,0.93,26.03083992,119.19300079,14.9,26.03062057,119.19300079,31.08,1.534,2.323,-0.62,0.0,0.0,-0.0,1.76,-6.16,-82.97,24.439,0.5,0.5,82.52,492,0,4426
1742126,1,1,8,0.93,26.03083992,119.19300079,14.9,26.03062057,119.19300079,31.08,1.534,2.317,-0.619,0.001,0.001,0.02,2.06,-5.81,-82.94,24.439,0.5,0.5,82.52,492,0,4428
1742329,1,1,8,0.93,26.03083992,119.19300079,14.9,26.03062057,119.19300079,31.08,1.534,2.317,-0.616,0.0,-0.0,0.016,1.94,-5.98,-82.92,24.439,0.502,0.502,82.52,492,0,4428
1742529,1,1,8,0.93,26.03084755,119.19300079,14.9,26.03062057,119.19300079,31.09,1.534,2.317,-0.612,-0.0,-0.002,0.016,1.93,-6.05,-82.91,24.439,0.509,0.509,82.52,492,0,4429
1742738,1,1,8,0.93,26.03084755,119.19300079,14.9,26.0306282,119.19300079,31.02,1.534,3.257,-0.679,0.0,0.001,0.0,1.91,-6.08,-82.91,25.285,0.5,0.5,106.57,493,0,4432
1742954,1,1,8,0.93,26.03084755,119.19300079,14.9,26.0306282,119.19300079,31.02,1.534,3.276,-0.678,-0.0,-0.0,0.0,1.88,-6.12,-82.95,25.285,0.5,0.5,106.57,493,0,4435
1743154,1,1,8,0.93,26.03084755,119.19300079,14.9,26.0306282,119.19300079,31.02,1.534,3.283,-0.678,0.0,-0.0,0.0,1.88,-6.14,-82.99,25.285,0.5,0.5,106.57,493,0,4437
1743356,1,1,8,0.93,26.03084755,119.19300079,14.9,26.0306282,119.19300079,31.02,1.534,3.286,-0.678,-0.0,0.0,0.0,1.88,-6.13,-82.99,25.285,0.5,0.5,106.57,493,0,4437
1743567,1,1,8,0.93,26.03084755,119.19300079,14.9,26.0306282,119.19300079,31.02,1.534,3.287,-0.678,-0.0,-0.0,-0.0,1.86,-6.17,-82.98,25.285,0.5,0.5,106.57,493,0,4439
1743769,1,1,8,0.93,26.03084755,119.19300079,14.8,26.03063011,119.19300079,31.02,1.534,3.302,-0.679,0.0,-0.0,0.0,1.84,-6.19,-82.99,24.315,0.5,0.5,83.83,494,0,4442
1743975,1,1,8,0.93,26.03084755,119.19300079,14.8,26.03063011,119.19300079,31.02,1.534,3.293,-0.678,0.0,0.0,-0.0,1.84,-6.19,-82.98,24.315,0.5,0.5,83.83,494,0,4445
1744183,1,1,8,0.93,26.03084755,119.19300079,14.8,26.0306282,119.19300079,31.02,1.534,3.29,-0.678,-0.0,-0.0,0.0,1.84,-6.21,-82.99,24.315,0.5,0.5,83.83,494,0,4446
1744391,1,1,8,0.93,26.03084755,119.19300079,14.8,26.0306282,119.19300079,31.02,1.534,3.289,-0.678,0.0,0.0,-0.0,1.84,-6.23,-82.96,24.315,0.5,0.5,83.83,494,0,4446
1744604,1,1,8,0.93,26.03084755,119.19298553,14.8,26.0306282,119.19300079,31.02,1.534,3.288,-0.678,0.0,-0.0,0.0,1.83,-6.24,-82.96,24.315,0.5,0.5,83.83,494,0,4448
1744805,1,1,8,0.93,26.03084755,119.19298553,14.5,26.03063011,119.19300079,31.02,1.533,3.302,-0.679,-0.0,0.0,-0.0,1.82,-6.21,-82.94,24.362,0.5,0.5,81.84,495,0,4451
1745009,1,1,8,0.93,26.03084755,119.19298553,14.5,26.03063011,119.19300079,31.02,1.534,3.293,-0.678,-0.0,-0.0,-0.0,1.83,-6.22,-82.93,24.362,0.5,0.5,81.84,495,0,4454
1745216,1,1,8,0.93,26.03084755,119.19298553,14.5,26.0306282,119.19300079,31.02,1.534,3.29,-0.678,0.0,0.0,-0.0,1.83,-6.24,-82.93,24.362,0.5,0.5,81.84,495,0,4455
1745416,1,1,8,0.93,26.03084755,119.19298553,14.5,26.0306282,119.19300079,31.02,1.534,3.289,-0.678,0.0,-0.0,0.0,1.83,-6.24,-82.94,24.362,0.5,0.5,81.84,495,0,4455
1745630,1,1,8,0.93,26.03085518,119.19298553,14.5,26.0306282,119.19300079,31.02,1.534,3.288,-0.678,0.0,0.0,0.0,1.82,-6.25,-82.95,24.362,0.5,0.5,81.43,495,0,4457
1745838,1,1,8,0.93,26.03085518,119.19298553,14.3,26.03063011,119.19300079,31.02,1.533,3.303,-0.679,-0.0,0.0,-0.0,1.8,-6.2,-82.97,25.21,0.5,0.5,81.43,496,0,4461
1746045,1,1,8,0.93,26.03085518,119.19298553,14.3,26.03063011,119.19300079,31.02,1.534,3.294,-0.678,0.0,0.0,0.001,1.8,-6.19,-82.97,25.21,0.5,0.5,81.43,496,0,4464
1746246,1,1,8,0.93,26.03085518,119.19298553,14.3,26.0306282,119.19300079,31.02,1.534,3.29,-0.678,0.0,0.0,0.001,1.81,-6.18,-82.96,25.21,0.5,0.5,81.43,496,0,4464
1746451,1,1,8,0.93,26.03085518,119.19298553,14.3,26.0306282,119.19300079,31.02,1.534,3.289,-0.678,0.0,0.0,0.0,1.82,-6.17,-82.99,25.21,0.5,0.5,81.43,496,0,4464
1746667,1,1,10,0.89,26.03085518,119.19298553,14.3,26.03063011,119.19300079,31.02,1.532,3.328,-0.681,-0.0,0.0,-0.0,1.83,-6.16,-83.0,25.21,0.5,0.5,81.97,497,0,4467
1746869,1,1,10,0.89,26.03085518,119.19298553,14.3,26.03063011,119.19300079,31.02,1.533,3.304,-0.679,0.0,0.0,-0.0,1.85,-6.19,-82.99,25.21,0.5,0.5,81.97,497,0,4470
1747076,1,1,10,0.89,26.03085518,119.19298553,14.3,26.03063011,119.19300079,31.02,1.534,3.294,-0.678,-0.0,0.0,0.001,1.84,-6.19,-82.99,25.21,0.5,0.5,81.97,497,0,4473
1747281,1,1,10,0.89,26.03085518,119.19298553,14.3,26.0306282,119.19300079,31.02,1.534,3.29,-0.678,0.0,-0.0,-0.0,1.85,-6.19,-83.0,25.21,0.5,0.5,81.97,497,0,4473
1747488,1,1,10,0.89,26.03085518,119.19298553,14.3,26.0306282,119.19300079,31.02,1.534,3.289,-0.678,-0.0,0.0,-0.0,1.84,-6.18,-82.98,25.21,0.5,0.5,81.97,497,0,4473
1747703,1,1,9,1.07,26.03085518,119.19298553,13.9,26.03063011,119.19300079,31.02,1.533,3.306,-0.68,0.0,-0.0,-0.0,1.85,-6.19,-83.0,25.21,0.5,0.5,78.19,498,0,4477
1747905,1,1,9,1.07,26.03085518,119.19298553,13.9,26.03063011,119.19300079,31.02,1.534,3.295,-0.679,-0.0,0.0,0.0,1.85,-6.18,-82.98,25.21,0.5,0.5,78.19,498,0,4480
1748115,1,1,9,1.07,26.03085518,119.19298553,13.9,26.0306282,119.19300079,31.02,1.534,3.291,-0.678,-0.0,-0.0,-0.0,1.82,-6.22,-82.96,25.21,0.5,0.5,78.19,498,0,4482
1748315,1,1,9,1.07,26.03085518,119.19298553,13.9,26.0306282,119.19300079,31.02,1.534,3.289,-0.678,0.0,0.0,-0.0,1.84,-6.23,-82.96,25.21,0.5,0.5,78.19,498,0,4482
1748526,1,1,9,1.07,26.03085518,119.19298553,13.9,26.0306282,119.19300079,31.02,1.534,3.288,-0.678,0.0,-0.0,-0.0,1.85,-6.23,-82.96,25.21,0.5,0.5,78.19,498,0,4483
1748746,1,1,9,1.07,26.03085518,119.19298553,13.3,26.03063011,119.19300079,31.02,1.533,3.306,-0.68,0.0,-0.0,0.0,1.85,-6.24,-82.93,25.21,0.5,0.5,83.92,499,0,4486
1748956,1,1,9,1.07,26.03085518,119.19298553,13.3,26.03063011,119.19300079,31.02,1.534,3.295,-0.679,0.0,-0.0,-0.0,1.86,-6.24,-82.93,25.21,0.5,0.5,83.92,499,0,4489
1749172,1,1,9,1.07,26.03085518,119.19298553,13.3,26.0306282,119.19300079,31.02,1.534,3.291,-0.678,-0.0,0.0,-0.0,1.84,-6.23,-82.95,25.21,0.5,0.5,83.92,499,0,4491
1749376,1,1,9,1.07,26.03085518,119.19298553,13.3,26.0306282,119.19300079,31.02,1.534,3.289,-0.678,0.0,-0.0,0.0,1.84,-6.24,-82.96,25.21,0.5,0.5,83.92,499,0,4491
1749587,1,1,9,1.07,26.03085518,119.19298553,13.3,26.0306282,119.19300079,31.02,1.534,3.288,-0.678,0.0,0.0,0.0,1.85,-6.23,-82.94,25.21,0.5,0.5,83.92,499,0,4493
1749812,1,1,9,1.07,26.03085518,119.19298553,12.8,26.03063011,119.19300079,31.02,1.533,3.299,-0.679,-0.0,0.0,-0.0,1.83,-6.22,-82.97,25.21,0.5,0.5,80.87,500,0,4496
1750012,1,1,9,1.07,26.03085518,119.19298553,12.8,26.03063011,119.19300079,31.02,1.534,3.292,-0.678,0.0,0.0,0.0,1.84,-6.19,-82.97,25.21,0.5,0.5,80.87,500,0,4499
1750221,1,1,9,1.07,26.03085518,119.19298553,12.8,26.0306282,119.19300079,31.02,1.534,3.29,-0.678,-0.0,-0.0,0.0,1.83,-6.19,-82.98,25.21,0.5,0.5,80.87,500,0,4500
1750421,1,1,9,1.07,26.03085518,119.19298553,12.8,26.0306282,119.19300079,31.02,1.534,3.289,-0.678,-0.0,-0.0,0.0,1.83,-6.18,-82.98,25.21,0.5,0.5,80.87,500,0,4500
1750623,1,1,9,1.07,26.03085899,119.19298553,12.8,26.0306282,119.19300079,31.02,1.534,3.288,-0.678,-0.0,0.0,0.0,1.82,-6.18,-82.96,25.21,0.5,0.5,80.87,500,0,4502
1750837,1,1,9,1.07,26.03085899,119.19298553,12.4,26.03063011,119.19300079,31.02,1.533,3.299,-0.679,0.0,0.0,0.001,1.85,-6.17,-82.98,25.634,0.5,0.5,82.43,501,0,4506
1751044,1,1,9,1.07,26.03085899,119.19298553,12.4,26.03063011,119.19300079,31.02,1.534,3.292,-0.678,-0.0,-0.0,0.0,1.85,-6.17,-83.0,25.634,0.5,0.5,82.43,501,0,4509
1751251,1,1,9,1.07,26.03085899,119.19298553,12.4,26.0306282,119.19300079,31.02,1.534,3.29,-0.678,-0.0,-0.0,-0.0,1.84,-6.19,-83.01,25.634,0.5,0.5,82.43,501,0,4509
1751463,1,1,9,1.07,26.03085899,119.19298553,12.4,26.0306282,119.19300079,31.02,1.534,3.289,-0.678,-0.0,0.0,0.0,1.84,-6.19,-83.0,25.634,0.5,0.5,82.43,501,0,4509
1751699,1,1,8,1.07,26.03086281,119.19298553,11.9,26.03063011,119.19300079,31.02,1.533,3.306,-0.68,0.0,-0.0,0.0,1.85,-6.19,-82.98,26.058,0.5,0.5,82.43,502,0,4513
1751912,1,1,8,1.07,26.03086281,119.19298553,11.9,26.03063011,119.19300079,31.02,1.534,3.295,-0.679,0.0,0.0,-0.0,1.85,-6.23,-82.98,26.058,0.5,0.5,84.0,502,0,4516
1752115,1,1,8,1.07,26.03086281,119.19298553,11.9,26.0306282,119.19300079,31.02,1.534,3.291,-0.678,-0.0,0.0,0.0,1.84,-6.22,-82.98,26.058,0.5,0.5,84.0,502,0,4518
1752316,1,1,8,1.07,26.03086281,119.19298553,11.9,26.0306282,119.19300079,31.02,1.534,3.289,-0.678,0.0,0.0,0.0,1.84,-6.21,-82.97,26.058,0.5,0.5,84.0,502,0,4518
1752529,1,1,8,1.07,26.03086662,119.19298553,11.9,26.0306282,119.19300079,31.02,1.534,3.288,-0.678,0.0,0.0,-0.0,1.85,-6.21,-82.96,26.058,0.5,0.5,84.0,502,0,4519
1752741,1,1,8,1.07,26.03086662,119.19298553,11.2,26.03063011,119.19300079,31.02,1.533,3.307,-0.68,0.0,-0.0,0.0,1.85,-6.23,-82.97,26.482,0.5,0.5,82.67,503,0,4522
1752951,1,1,8,1.07,26.03086662,119.19298553,11.2,26.03063011,119.19300079,31.02,1.534,3.295,-0.679,0.0,0.0,0.001,1.84,-6.24,-82.97,26.482,0.5,0.5,82.67,503,0,4525
1753154,1,1,8,1.07,26.03086662,119.19298553,11.2,26.0306282,119.19300079,31.02,1.534,3.291,-0.678,0.0,-0.0,-0.0,1.84,-6.25,-82.96,26.482,0.5,0.5,82.67,503,0,4527
1753356,1,1,8,1.07,26.03086662,119.19298553,11.2,26.0306282,119.19300079,31.02,1.534,3.289,-0.678,0.0,-0.0,-0.0,1.85,-6.24,-82.96,26.482,0.5,0.5,82.67,503,0,4527
1753562,1,1,8,1.07,26.03087616,119.19295502,11.2,26.0306282,119.19300079,31.02,1.534,3.288,-0.678,0.0,-0.0,0.001,1.86,-6.24,-82.96,26.482,0.5,0.5,82.67,503,0,4529
1753772,1,1,8,1.07,26.03087616,119.19295502,10.5,26.03063011,119.19300079,31.02,1.531,3.307,-0.68,0.0,-0.0,0.0,1.85,-6.26,-82.96,27.879,0.5,0.5,79.57,504,0,4532
1753980,1,1,8,1.07,26.03087616,119.19295502,10.5,26.03063011,119.19300079,31.02,1.533,3.296,-0.679,0.0,0.0,0.0,1.84,-6.24,-82.95,27.879,0.5,0.5,79.57,504,0,4535
1754180,1,1,8,1.07,26.03087616,119.19295502,10.5,26.0306282,119.19300079,31.02,1.534,3.291,-0.678,0.0,-0.0,-0.0,1.85,-6.24,-82.95,27.879,0.5,0.5,79.57,504,0,4536
1754381,1,1,8,1.07,26.03087616,119.19295502,10.5,26.0306282,119.19300079,31.02,1.534,3.289,-0.678,0.0,-0.0,0.0,1.84,-6.26,-82.95,27.879,0.5,0.5,79.57,504,0,4536
1754586,1,1,8,1.07,26.03087616,119.19295502,10.5,26.0306282,119.19300079,31.02,1.534,3.288,-0.678,0.0,-0.0,0.0,1.84,-6.26,-82.96,27.879,0.5,0.5,79.57,504,0,4538
1754804,1,1,8,1.07,26.03087616,119.19295502,9.9,26.03063011,119.19300079,31.02,1.532,3.3,-0.679,-0.0,-0.0,0.0,1.84,-6.27,-82.94,27.879,0.5,0.5,83.25,505,0,4541
1755010,1,1,8,1.07,26.03087616,119.19295502,9.9,26.03063011,119.19300079,31.02,1.533,3.293,-0.679,0.0,-0.0,0.0,1.85,-6.28,-82.96,27.879,0.5,0.5,83.25,505,0,4545
1755211,1,1,8,1.07,26.03087616,119.19295502,9.9,26.0306282,119.19300079,31.02,1.534,3.29,-0.678,0.0,-0.0,0.0,1.85,-6.27,-82.94,27.879,0.5,0.5,83.25,505,0,4545
1755415,1,1,8,1.07,26.03087616,119.19295502,9.9,26.0306282,119.19300079,31.02,1.534,3.289,-0.678,-0.0,-0.0,0.0,1.85,-6.27,-82.98,27.879,0.5,0.5,83.25,505,0,4545
1755623,1,1,8,1.07,26.03087616,119.19295502,9.3,26.03063011,119.19300079,31.02,1.529,3.319,-0.681,0.0,-0.0,-0.0,1.85,-6.26,-82.97,27.879,0.5,0.5,83.25,506,0,4548
1755825,1,1,8,1.07,26.03087616,119.19295502,9.3,26.03063011,119.19300079,31.02,1.532,3.3,-0.679,-0.0,0.0,0.0,1.84,-6.25,-82.96,27.879,0.5,0.5,82.27,506,0,4551
1756040,1,1,8,1.07,26.03087616,119.19295502,9.3,26.03063011,119.19300079,31.02,1.533,3.293,-0.679,0.0,-0.0,0.0,1.85,-6.24,-82.96,27.879,0.5,0.5,82.27,506,0,4554
1756251,1,1,8,1.07,26.03087616,119.19295502,9.3,26.0306282,119.19300079,31.02,1.534,3.29,-0.678,0.0,-0.0,0.0,1.86,-6.24,-82.97,27.879,0.5,0.5,82.27,506,0,4554
1756463,1,1,8,1.07,26.03087616,119.19295502,9.3,26.0306282,119.19300079,31.02,1.534,3.289,-0.678,0.0,-0.0,-0.0,1.86,-6.23,-82.97,27.879,0.5,0.5,82.27,506,0,4554
1756703,1,1,8,1.07,26.03088379,119.19295502,8.6,26.03063011,119.19300079,31.02,1.531,3.308,-0.68,-0.0,0.0,-0.0,1.84,-6.22,-82.97,28.717,0.5,0.5,82.27,507,0,4558
1756912,1,1,8,1.07,26.03088379,119.19295502,8.6,26.03063011,119.19300079,31.02,1.533,3.296,-0.679,-0.0,-0.0,0.0,1.84,-6.22,-82.98,28.717,0.5,0.5,86.0,507,0,4561
1757117,1,1,8,1.07,26.03088379,119.19295502,8.6,26.0306282,119.19300079,31.02,1.534,3.291,-0.678,0.0,0.0,0.0,1.85,-6.23,-83.01,28.717,0.5,0.5,86.0,507,0,4563
1757322,1,1,8,1.07,26.03088379,119.19295502,8.6,26.0306282,119.19300079,31.02,1.534,3.289,-0.678,-0.0,0.0,0.0,1.84,-6.22,-83.0,28.717,0.5,0.5,86.0,507,0,4563
1757529,1,1,8,1.07,26.0308876,119.19293976,8.6,26.0306282,119.19300079,31.02,1.534,3.288,-0.678,-0.0,0.0,0.0,1.84,-6.23,-82.97,28.717,0.5,0.5,86.0,507,0,4564
1757739,1,1,8,1.07,26.0308876,119.19293976,7.8,26.03063011,119.19300079,31.02,1.53,3.308,-0.68,0.0,-0.0,0.0,1.86,-6.23,-82.96,29.415,0.5,0.5,86.0,508,0,4567
1757953,1,1,8,1.07,26.0308876,119.19293976,7.8,26.03063011,119.19300079,31.02,1.532,3.296,-0.679,0.0,-0.0,0.0,1.87,-6.23,-82.96,29.415,0.5,0.5,83.17,508,0,4571
1758160,1,1,8,1.07,26.0308876,119.19293976,7.8,26.0306282,119.19300079,31.02,1.533,3.291,-0.678,0.0,0.0,-0.0,1.87,-6.2,-82.95,29.415,0.5,0.5,83.17,508,0,4572
1758367,1,1,8,1.07,26.0308876,119.19293976,7.8,26.0306282,119.19300079,31.02,1.534,3.289,-0.678,0.0,-0.0,0.0,1.87,-6.21,-82.97,29.415,0.5,0.5,83.17,508,0,4572
1758571,1,1,8,1.07,26.0308876,119.19293976,7.8,26.0306282,119.19300079,31.02,1.534,3.288,-0.678,0.0,0.0,0.0,1.86,-6.21,-82.94,29.415,0.5,0.5,83.17,508,0,4574
1758795,1,1,8,1.07,26.0308876,119.19293976,7.1,26.03063011,119.19300079,31.02,1.531,3.301,-0.679,0.0,-0.0,0.0,1.87,-6.21,-82.95,29.415,0.5,0.5,83.17,509,0,4577
1758997,1,1,8,1.07,26.0308876,119.19293976,7.1,26.03063011,119.19300079,31.02,1.533,3.293,-0.679,-0.0,-0.0,0.0,1.85,-6.23,-82.95,29.415,0.5,0.5,84.83,509,0,4580
1759201,1,1,8,1.07,26.0308876,119.19293976,7.1,26.0306282,119.19300079,31.02,1.534,3.29,-0.678,0.0,-0.0,0.0,1.85,-6.24,-82.97,29.415,0.5,0.5,84.83,509,0,4581
1759401,1,1,8,1.07,26.0308876,119.19293976,7.1,26.0306282,119.19300079,31.02,1.534,3.289,-0.678,0.0,0.0,0.0,1.84,-6.23,-82.96,29.415,0.5,0.5,84.83,509,0,4581
1759619,1,1,8,1.07,26.03089142,119.19293976,7.1,26.0306282,119.19300079,31.02,1.534,3.288,-0.678,-0.0,0.0,-0.0,1.85,-6.24,-82.92,29.415,0.5,0.5,84.83,509,0,4583
1759822,1,1,8,1.07,26.03089142,119.19293976,6.5,26.03063011,119.19300079,31.02,1.531,3.301,-0.68,0.0,-0.0,-0.0,1.85,-6.26,-82.95,29.831,0.5,0.5,84.83,510,0,4586
1760031,1,1,8,1.07,26.03089142,119.19293976,6.5,26.03063011,119.19300079,31.02,1.533,3.293,-0.679,-0.0,-0.0,-0.0,1.85,-6.28,-82.96,29.831,0.5,0.5,82.42,510,0,4590
1760242,1,1,8,1.07,26.03089142,119.19293976,6.5,26.0306282,119.19300079,31.02,1.534,3.29,-0.678,-0.0,0.0,-0.0,1.85,-6.26,-82.96,29.831,0.5,0.5,82.42,510,0,4590
1760447,1,1,8,1.07,26.03089142,119.19293976,6.5,26.0306282,119.19300079,31.02,1.534,3.289,-0.678,-0.0,0.0,0.0,1.85,-6.25,-82.98,29.831,0.5,0.5,82.42,510,0,4590
1760650,1,1,8,1.07,26.03089523,119.19293976,5.9,26.03063011,119.19300079,31.02,1.527,3.321,-0.682,-0.0,-0.0,0.0,1.85,-6.25,-82.99,30.246,0.5,0.5,82.42,511,0,4593
1760861,1,1,8,1.07,26.03089523,119.19293976,5.9,26.03063011,119.19300079,31.02,1.531,3.301,-0.68,-0.0,0.0,0.0,1.86,-6.25,-82.98,30.246,0.5,0.5,83.58,511,0,4596
1761065,1,1,8,1.07,26.03089523,119.19293976,5.9,26.03063011,119.19300079,31.02,1.533,3.293,-0.679,-0.0,0.0,0.0,1.86,-6.24,-82.96,30.246,0.5,0.5,83.58,511,0,4599
1761271,1,1,8,1.07,26.03089523,119.19293976,5.9,26.0306282,119.19300079,31.02,1.534,3.29,-0.678,-0.0,0.0,0.0,1.86,-6.24,-82.97,30.246,0.5,0.5,83.58,511,0,4599
1761476,1,1,8,1.07,26.03089523,119.19293976,5.9,26.0306282,119.19300079,31.02,1.534,3.289,-0.678,-0.0,-0.0,0.0,1.85,-6.24,-82.96,30.246,0.5,0.5,83.58,511,0,4599
1761700,1,1,9,1.07,26.03090096,119.19293976,5.3,26.03063011,119.19300079,31.02,1.53,3.309,-0.681,-0.0,-0.0,-0.0,1.84,-6.24,-82.97,30.87,0.5,0.5,83.58,512,0,4603
1761911,1,1,9,1.07,26.03090096,119.19293976,5.3,26.03063011,119.19300079,31.02,1.532,3.296,-0.679,0.0,0.0,0.0,1.84,-6.24,-82.98,30.87,0.5,0.5,84.92,512,0,4606
1762121,1,1,9,1.07,26.03090096,119.19293976,5.3,26.03063011,119.19300079,31.02,1.533,3.291,-0.678,0.0,0.0,-0.0,1.85,-6.23,-82.98,30.87,0.5,0.5,84.92,512,0,4608
1762326,1,1,9,1.07,26.03090096,119.19293976,5.3,26.0306282,119.19300079,31.02,1.534,3.289,-0.678,0.0,0.0,-0.0,1.86,-6.22,-82.98,30.87,0.5,0.5,84.92,512,0,4608
1762541,1,1,9,1.07,26.03090096,119.19293976,5.3,26.0306282,119.19300079,31.02,1.534,3.288,-0.678,-0.0,-0.0,0.0,1.86,-6.22,-82.97,30.87,0.5,0.5,84.92,512,0,4609
1762744,1,1,9,1.07,26.03090096,119.19293976,4.7,26.03063011,119.19300079,31.02,1.53,3.309,-0.681,0.0,-0.0,-0.0,1.87,-6.22,-82.96,30.87,0.5,0.5,84.92,513,0,4612
1762957,1,1,9,1.07,26.03090096,119.19293976,4.7,26.03063011,119.19300079,31.02,1.532,3.296,-0.679,-0.0,-0.0,0.0,1.84,-6.22,-82.97,30.87,0.5,0.5,80.92,513,0,4615
1763160,1,1,9,1.07,26.03090096,119.19293976,4.7,26.03063011,119.19300079,31.02,1.533,3.291,-0.678,-0.0,-0.0,0.0,1.85,-6.24,-82.97,30.87,0.5,0.5,80.92,513,0,4617
1763365,1,1,9,1.07,26.03090096,119.19293976,4.7,26.0306282,119.19300079,31.02,1.534,3.289,-0.678,-0.0,0.0,0.0,1.82,-6.22,-82.98,30.87,0.5,0.5,80.92,513,0,4617
1763577,1,1,9,1.07,26.03090096,119.19293976,4.7,26.0306282,119.19300079,31.02,1.534,3.288,-0.678,0.0,0.0,-0.0,1.83,-6.21,-82.96,30.87,0.5,0.5,80.92,513,0,4619
1763818,1,1,9,1.07,26.03090096,119.19293976,4.1,26.03063011,119.19300079,31.02,1.531,3.301,-0.68,0.0,-0.0,0.0,1.85,-6.2,-82.96,30.87,0.5,0.5,80.92,514,0,4622
1764020,1,1,9,1.07,26.03090096,119.19293976,4.1,26.03063011,119.19300079,31.02,1.533,3.293,-0.679,0.0,-0.0,0.0,1.86,-6.21,-82.98,30.87,0.5,0.5,85.74,514,0,4626
1764226,1,1,9,1.07,26.03090096,119.19293976,4.1,26.0306282,119.19300079,31.02,1.534,3.29,-0.678,-0.0,-0.0,0.0,1.87,-6.21,-82.98,30.87,0.5,0.5,85.74,514,0,4626
1764431,1,1,9,1.07,26.03090096,119.19293976,4.1,26.0306282,119.19300079,31.02,1.534,3.289,-0.678,-0.0,0.0,0.001,1.86,-6.21,-82.96,30.87,0.5,0.5,85.74,514,0,4626
1764642,1,1,9,1.07,26.03090096,119.19291687,3.4,26.03063011,119.19300079,31.02,1.525,3.322,-0.682,0.0,-0.0,-0.0,1.87,-6.22,-82.96,31.404,0.5,0.5,85.74,515,0,4629
1764845,1,1,9,1.07,26.03090096,119.19291687,3.4,26.03063011,119.19300079,31.02,1.53,3.301,-0.68,-0.0,0.0,-0.0,1.87,-6.22,-82.96,31.404,0.5,0.5,85.74,515,0,4632
1765054,1,1,9,1.07,26.03090096,119.19291687,3.4,26.03063011,119.19300079,31.02,1.533,3.293,-0.679,-0.0,-0.0,0.0,1.87,-6.23,-82.96,31.404,0.5,0.5,80.44,515,0,4635
1765261,1,1,9,1.07,26.03090096,119.19291687,3.4,26.0306282,119.19300079,31.02,1.533,3.29,-0.678,-0.0,0.0,0.0,1.87,-6.22,-82.97,31.404,0.5,0.5,80.44,515,0,4635
1765466,1,1,9,1.07,26.03090096,119.19291687,3.4,26.0306282,119.19300079,31.02,1.534,3.289,-0.678,-0.0,-0.0,0.0,1.87,-6.22,-82.97,31.404,0.5,0.5,80.44,515,0,4635
1765699,1,1,9,1.07,26.03090096,119.19291687,3.2,26.03063011,119.19300079,31.02,1.528,3.309,-0.681,0.0,-0.0,0.0,1.87,-6.21,-82.99,31.404,0.5,0.5,80.44,516,0,4639
1765904,1,1,9,1.07,26.03090096,119.19291687,3.2,26.03063011,119.19300079,31.02,1.532,3.296,-0.679,-0.0,-0.0,-0.0,1.86,-6.21,-82.99,31.404,0.5,0.5,83.41,516,0,4642
1766119,1,1,9,1.07,26.03090096,119.19291687,3.2,26.03063011,119.19300079,31.02,1.533,3.291,-0.678,-0.0,-0.0,0.001,1.85,-6.23,-83.0,31.404,0.5,0.5,83.41,516,0,4644
1766321,1,1,9,1.07,26.03090096,119.19291687,3.2,26.0306282,119.19300079,31.02,1.534,3.289,-0.678,0.0,0.0,0.0,1.87,-6.24,-83.01,31.404,0.5,0.5,83.41,516,0,4644
1766535,1,1,9,1.07,26.03090096,119.19291687,3.2,26.0306282,119.19300079,31.02,1.534,3.288,-0.678,-0.0,0.0,0.001,1.86,-6.24,-82.99,31.404,0.5,0.5,83.41,516,0,4645
1766743,1,1,9,1.07,26.03090096,119.19291687,2.8,26.03063011,119.19300079,31.02,1.528,3.309,-0.681,0.0,-0.0,0.0,1.85,-6.24,-83.0,31.404,0.5,0.5,83.41,517,0,4648
1766951,1,1,9,1.07,26.03090096,119.19291687,2.8,26.03063011,119.19300079,31.02,1.532,3.296,-0.679,-0.0,-0.0,0.0,1.86,-6.25,-83.03,31.404,0.5,0.5,83.09,517,0,4651
1767154,1,1,9,1.07,26.03090096,119.19291687,2.8,26.03063011,119.19300079,31.02,1.533,3.291,-0.678,-0.0,0.0,-0.0,1.86,-6.26,-83.0,31.404,0.5,0.5,83.09,517,0,4653
1767356,1,1,9,1.07,26.03090096,119.19291687,2.8,26.0306282,119.19300079,31.02,1.534,3.289,-0.678,-0.0,0.0,0.0,1.86,-6.25,-83.01,31.404,0.5,0.5,83.09,517,0,4653
1767568,1,1,9,1.07,26.03090096,119.19291687,2.8,26.0306282,119.19300079,31.02,1.534,3.288,-0.678,0.0,-0.0,0.0,1.86,-6.25,-83.01,31.404,0.5,0.5,83.09,517,0,4655
1767768,1,1,9,1.07,26.03090096,119.19291687,2.4,26.03063011,119.19300079,31.02,1.53,3.301,-0.68,-0.0,0.0,-0.0,1.86,-6.26,-83.01,31.404,0.5,0.5,83.09,518,0,4658
1767975,1,1,9,1.07,26.03090096,119.19291687,2.4,26.03063011,119.19300079,31.02,1.533,3.293,-0.679,-0.0,0.0,0.001,1.86,-6.24,-82.99,31.404,0.5,0.5,80.08,518,0,4661
1768177,1,1,9,1.07,26.03090096,119.19291687,2.4,26.0306282,119.19300079,31.02,1.533,3.29,-0.678,-0.0,-0.0,0.0,1.85,-6.24,-82.99,31.404,0.5,0.5,80.08,518,0,4662
1768381,1,1,9,1.07,26.03090096,119.19291687,2.4,26.0306282,119.19300079,31.02,1.534,3.289,-0.678,0.0,-0.0,0.0,1.86,-6.24,-82.99,31.404,0.5,0.5,80.08,518,0,4662
1768586,1,1,9,1.07,26.03090096,119.19291687,2.4,26.0306282,119.19300079,31.02,1.534,3.288,-0.678,-0.0,0.0,0.0,1.85,-6.25,-82.99,31.404,0.5,0.5,80.08,518,0,4664
1768812,1,1,9,1.07,26.03090096,119.19291687,1.9,26.03063011,119.19300079,31.02,1.53,3.301,-0.68,0.0,0.0,0.0,1.85,-6.24,-83.0,31.404,0.5,0.5,80.08,519,0,4667
1769013,1,1,9,1.07,26.03090096,119.19291687,1.9,26.03063011,119.19300079,31.02,1.533,3.293,-0.679,0.0,0.0,0.0,1.85,-6.24,-83.0,31.404,0.5,0.5,83.82,519,0,4670
1769221,1,1,9,1.07,26.03090096,119.19291687,1.9,26.0306282,119.19300079,31.02,1.533,3.29,-0.678,0.0,0.0,0.0,1.86,-6.24,-82.98,31.404,0.5,0.5,83.82,519,0,4671
1769421,1,1,9,1.07,26.03090096,119.19291687,1.9,26.0306282,119.19300079,31.02,1.534,3.289,-0.678,-0.0,0.0,-0.0,1.86,-6.23,-82.96,31.404,0.5,0.5,83.82,519,0,4671
1769625,1,1,10,1.07,26.03090096,119.19291687,1.3,26.03063011,119.19300079,31.02,1.525,3.322,-0.683,-0.0,0.0,0.0,1.85,-6.23,-82.96,31.404,0.5,0.5,83.82,520,0,4674
1769841,1,1,10,1.07,26.03090096,119.19291687,1.3,26.03063011,119.19300079,31.02,1.53,3.301,-0.68,0.0,0.0,-0.0,1.87,-6.24,-82.96,31.404,0.5,0.5,83.82,520,0,4677
1770050,1,1,10,1.07,26.03090096,119.19291687,1.3,26.03063011,119.19300079,31.02,1.533,3.293,-0.679,0.0,-0.0,0.0,1.88,-6.23,-82.98,31.404,0.5,0.5,82.93,520,0,4680
1770250,1,1,10,1.07,26.03090096,119.19291687,1.3,26.0306282,119.19300079,31.02,1.533,3.29,-0.678,-0.0,-0.0,0.0,1.89,-6.23,-83.0,31.404,0.5,0.5,82.93,520,0,4680
1770457,1,1,10,1.07,26.03090096,119.19291687,1.3,26.0306282,119.19300079,31.02,1.534,3.289,-0.678,0.0,-0.0,0.0,1.89,-6.24,-82.98,31.404,0.5,0.5,82.93,520,0,4680
1770667,1,1,10,1.07,26.03090858,119.19291687,0.9,26.03063011,119.19300079,31.02,1.525,3.323,-0.683,-0.0,0.0,0.0,1.89,-6.25,-82.98,32.223,0.5,0.5,82.93,521,0,4683
1770869,1,1,10,1.07,26.03090858,119.19291687,0.9,26.03063011,119.19300079,31.02,1.53,3.302,-0.68,-0.0,-0.0,0.0,1.88,-6.25,-82.98,32.223,0.5,0.5,82.93,521,0,4686
1771076,1,1,10,1.07,26.03090858,119.19291687,0.9,26.03063011,119.19300079,31.02,1.533,3.293,-0.679,0.0,0.0,0.0,1.89,-6.25,-82.97,32.223,0.5,0.5,81.87,521,0,4689
1771281,1,1,10,1.07,26.03090858,119.19291687,0.9,26.0306282,119.19300079,31.02,1.533,3.29,-0.678,-0.0,0.0,-0.0,1.87,-6.25,-82.97,32.223,0.5,0.5,81.87,521,0,4689
1771483,1,1,10,1.07,26.03090858,119.19291687,0.9,26.0306282,119.19300079,31.02,1.534,3.289,-0.678,-0.0,0.0,0.0,1.87,-6.23,-82.98,32.223,0.5,0.5,81.87,521,0,4689
1771704,1,1,9,1.07,26.03090858,119.19291687,0.5,26.03063011,119.19300079,31.02,1.528,3.31,-0.681,-0.0,0.0,0.0,1.86,-6.22,-82.97,32.223,0.5,0.5,81.87,522,0,4693
1771905,1,1,9,1.07,26.03090858,119.19291687,0.5,26.03063011,119.19300079,31.02,1.532,3.297,-0.679,-0.0,0.0,0.0,1.84,-6.21,-82.97,32.223,0.5,0.5,81.87,522,0,4696
1772121,1,1,9,1.07,26.03090858,119.19291687,0.5,26.03063011,119.19300079,31.02,1.533,3.291,-0.678,-0.0,0.0,0.0,1.83,-6.2,-82.96,32.223,0.5,0.5,87.56,522,0,4698
1772326,1,1,9,1.07,26.03090858,119.19291687,0.5,26.0306282,119.19300079,31.02,1.534,3.289,-0.678,-0.0,-0.0,-0.001,1.81,-6.22,-82.98,32.223,0.5,0.5,87.56,522,0,4698
1772535,1,1,9,1.07,26.03090858,119.19291687,0.5,26.0306282,119.19300079,31.02,1.534,3.288,-0.678,0.0,0.0,0.0,1.83,-6.21,-83.0,32.223,0.5,0.5,87.56,522,0,4699
1772743,1,1,9,1.07,26.03090858,119.19291687,0.2,26.03063011,119.19300079,31.02,1.528,3.31,-0.681,0.0,-0.0,0.0,1.82,-6.23,-82.99,32.223,0.5,0.5,87.56,523,0,4702
1772950,1,1,9,1.07,26.03090858,119.19291687,0.2,26.03063011,119.19300079,31.02,1.532,3.297,-0.679,0.0,0.0,-0.0,1.84,-6.21,-83.0,32.223,0.5,0.5,87.56,523,0,4705
1773160,1,1,9,1.07,26.03090858,119.19291687,0.2,26.03063011,119.19300079,31.02,1.533,3.291,-0.678,-0.0,-0.0,0.0,1.85,-6.22,-83.0,32.223,0.5,0.5,77.69,523,0,4707
1773361,1,1,9,1.07,26.03090858,119.19291687,0.2,26.0306282,119.19300079,31.02,1.534,3.289,-0.678,0.0,0.0,-0.0,1.85,-6.24,-82.99,32.223,0.5,0.5,77.69,523,0,4707
1773577,1,1,9,1.07,26.03090858,119.19291687,0.2,26.0306282,119.19300079,31.02,1.534,3.288,-0.678,0.0,-0.0,0.0,1.87,-6.25,-82.98,32.223,0.5,0.5,77.69,523,0,4709
1773782,1,1,9,0.93,26.03090858,119.19291687,0.0,26.03063011,119.19300079,31.02,1.526,3.317,-0.681,-0.0,-0.0,-0.0,1.87,-6.24,-82.96,32.223,0.5,0.5,77.69,524,0,4712
1773983,1,1,9,0.93,26.03090858,119.19291687,0.0,26.03063011,119.19300079,31.02,1.531,3.299,-0.679,-0.0,0.0,-0.0,1.86,-6.22,-82.97,32.223,0.5,0.5,77.69,524,0,4715
1774187,1,1,9,0.93,26.03090858,119.19291687,0.0,26.03063011,119.19300079,31.02,1.533,3.292,-0.678,0.0,0.0,0.0,1.88,-6.22,-82.99,32.223,0.5,0.5,81.0,524,0,4716
1774392,1,1,9,0.93,26.03090858,119.19291687,0.0,26.0306282,119.19300079,31.02,1.534,3.29,-0.678,0.0,0.0,-0.0,1.87,-6.22,-83.0,32.223,0.5,0.5,81.0,524,0,4716
1774596,1,1,9,0.93,26.03090858,119.19291687,0.0,26.0306282,119.19300079,31.02,1.534,3.289,-0.678,-0.0,0.0,0.0,1.85,-6.21,-83.0,32.223,0.5,0.5,81.0,524,0,4718
1774796,1,1,9,0.93,26.03090858,119.19291687,-0.4,26.03063011,119.19300079,31.02,1.529,3.306,-0.68,-0.0,-0.0,-0.0,1.83,-6.22,-82.98,32.223,0.5,0.5,81.0,525,0,4721
1775010,1,1,9,0.93,26.03090858,119.19291687,-0.4,26.03063011,119.19300079,31.02,1.532,3.295,-0.679,0.0,-0.0,0.0,1.85,-6.24,-82.97,32.223,0.5,0.5,81.0,525,0,4724
1775216,1,1,9,0.93,26.03090858,119.19291687,-0.4,26.0306282,119.19300079,31.02,1.533,3.291,-0.678,-0.0,-0.0,0.0,1.85,-6.24,-82.98,32.223,0.5,0.5,82.68,525,0,4725
1775416,1,1,9,0.93,26.03090858,119.19291687,-0.4,26.0306282,119.19300079,31.02,1.534,3.289,-0.678,-0.0,0.0,-0.0,1.84,-6.23,-82.99,32.223,0.5,0.5,82.68,525,0,4725
1775631,1,1,9,0.93,26.03091621,119.19291687,-0.6,26.03063011,119.19300079,31.02,1.522,3.335,-0.683,-0.0,-0.0,-0.0,1.84,-6.24,-83.0,33.044,0.5,0.5,82.68,526,0,4728
1775841,1,1,9,0.93,26.03091621,119.19291687,-0.6,26.03063011,119.19300079,31.02,1.529,3.307,-0.68,0.0,-0.0,-0.0,1.86,-6.26,-82.98,33.044,0.5,0.5,82.68,526,0,4731
1776051,1,1,9,0.93,26.03091621,119.19291687,-0.6,26.03063011,119.19300079,31.02,1.532,3.295,-0.679,-0.0,-0.0,-0.0,1.84,-6.29,-82.98,33.044,0.5,0.5,82.68,526,0,4734
1776256,1,1,9,0.93,26.03091621,119.19291687,-0.6,26.0306282,119.19300079,31.02,1.533,3.291,-0.678,0.0,0.0,0.001,1.85,-6.28,-82.98,33.044,0.5,0.5,84.0,526,0,4734
1776460,1,1,9,0.93,26.03091621,119.19291687,-0.6,26.0306282,119.19300079,31.02,1.534,3.289,-0.678,-0.0,0.0,-0.0,1.83,-6.26,-82.98,33.044,0.5,0.5,84.0,526,0,4734
1776667,1,1,9,0.93,26.03091621,119.19291687,-0.7,26.03063011,119.19300079,31.02,1.522,3.335,-0.683,0.0,-0.0,0.0,1.84,-6.26,-82.95,33.044,0.5,0.5,84.0,527,0,4737
1776869,1,1,9,0.93,26.03091621,119.19291687,-0.7,26.03063011,119.19300079,31.02,1.529,3.307,-0.68,0.0,0.0,-0.0,1.84,-6.24,-82.97,33.044,0.5,0.5,84.0,527,0,4740
1777076,1,1,9,0.93,26.03091621,119.19291687,-0.7,26.03063011,119.19300079,31.02,1.532,3.295,-0.679,0.0,-0.0,-0.0,1.84,-6.23,-82.96,33.044,0.5,0.5,84.0,527,0,4743
1777281,1,1,9,0.93,26.03091621,119.19291687,-0.7,26.0306282,119.19300079,31.02,1.533,3.291,-0.678,0.0,-0.0,-0.0,1.86,-6.24,-82.97,33.044,0.5,0.5,79.76,527,0,4743
1777483,1,1,9,0.93,26.03091621,119.19291687,-0.7,26.0306282,119.19300079,31.02,1.534,3.289,-0.678,0.0,0.0,0.0,1.85,-6.24,-83.0,33.044,0.5,0.5,79.76,527,0,4743
1777704,1,1,9,0.93,26.03091621,119.19291687,-0.9,26.03063011,119.19300079,31.02,1.526,3.318,-0.681,0.0,-0.0,0.001,1.84,-6.24,-83.03,33.043,0.5,0.5,79.76,528,0,4747
1777905,1,1,9,0.93,26.03091621,119.19291687,-0.9,26.03063011,119.19300079,31.02,1.531,3.3,-0.679,0.0,-0.0,0.0,1.86,-6.25,-83.05,33.043,0.5,0.5,79.76,528,0,4750
1778116,1,1,9,0.93,26.03091621,119.19291687,-0.9,26.03063011,119.19300079,31.02,1.533,3.293,-0.679,-0.0,-0.0,0.0,1.85,-6.24,-83.04,33.043,0.5,0.5,84.0,528,0,4752
1778321,1,1,9,0.93,26.03091621,119.19291687,-0.9,26.0306282,119.19300079,31.02,1.534,3.29,-0.678,0.0,-0.0,0.0,1.86,-6.24,-83.04,33.043,0.5,0.5,84.0,528,0,4752
1778528,1,1,9,0.93,26.03092003,119.19290161,-0.9,26.0306282,119.19300079,31.02,1.534,3.289,-0.678,-0.0,-0.0,0.0,1.85,-6.24,-83.03,33.043,0.5,0.5,84.0,528,0,4753
1778739,1,1,10,0.93,26.03092003,119.19290161,-1.2,26.03063011,119.19300079,31.02,1.525,3.318,-0.681,-0.0,0.0,-0.0,1.84,-6.23,-83.04,33.87,0.5,0.5,84.0,529,0,4756
1778945,1,1,10,0.93,26.03092003,119.19290161,-1.2,26.03063011,119.19300079,31.02,1.53,3.3,-0.679,-0.0,0.0,0.0,1.85,-6.22,-83.05,33.87,0.5,0.5,84.0,529,0,4759
1779152,1,1,10,0.93,26.03092003,119.19290161,-1.2,26.03063011,119.19300079,31.02,1.533,3.293,-0.679,0.0,-0.0,-0.0,1.85,-6.22,-83.04,33.87,0.5,0.5,83.98,529,0,4761
1779357,1,1,10,0.93,26.03092003,119.19290161,-1.2,26.0306282,119.19300079,31.02,1.533,3.29,-0.678,0.0,-0.0,0.0,1.85,-6.23,-83.03,33.87,0.5,0.5,83.98,529,0,4761
1779565,1,1,10,0.93,26.03092003,119.19291687,-1.2,26.0306282,119.19300079,31.02,1.534,3.289,-0.678,0.0,-0.0,-0.0,1.86,-6.23,-83.01,33.87,0.5,0.5,83.98,529,0,4763
1779772,1,1,9,0.93,26.03092003,119.19291687,-1.5,26.03063011,119.19300079,31.02,1.526,3.318,-0.681,0.0,0.0,0.0,1.86,-6.23,-83.01,33.455,0.5,0.5,83.98,530,0,4766
1779979,1,1,9,0.93,26.03092003,119.19291687,-1.5,26.03063011,119.19300079,31.02,1.531,3.3,-0.679,-0.0,-0.0,0.0,1.86,-6.22,-83.03,33.455,0.5,0.5,83.98,530,0,4769
1780179,1,1,9,0.93,26.03092003,119.19291687,-1.5,26.03063011,119.19300079,31.02,1.533,3.293,-0.678,-0.0,0.0,0.001,1.87,-6.23,-83.03,33.455,0.5,0.5,81.79,530,0,4770
1780386,1,1,9,0.93,26.03092003,119.19291687,-1.5,26.0306282,119.19300079,31.02,1.534,3.29,-0.678,0.0,0.0,-0.0,1.86,-6.23,-83.02,33.455,0.5,0.5,81.79,530,0,4770
1780593,1,1,9,0.93,26.03092003,119.19291687,-1.5,26.0306282,119.19300079,31.02,1.534,3.289,-0.678,0.0,0.0,0.0,1.87,-6.23,-83.01,33.455,0.5,0.5,81.79,530,0,4772
1780797,1,1,10,1.02,26.03092003,119.19291687,-1.5,26.03063011,119.19300079,31.02,1.53,3.304,-0.68,-0.0,0.0,0.0,1.87,-6.23,-83.0,33.454,0.5,0.5,81.79,531,0,4775
1780999,1,1,10,1.02,26.03092003,119.19291687,-1.5,26.03063011,119.19300079,31.02,1.532,3.294,-0.679,0.0,-0.0,-0.0,1.86,-6.23,-82.99,33.454,0.5,0.5,81.79,531,0,4778
1781210,1,1,10,1.02,26.03092003,119.19291687,-1.5,26.0306282,119.19300079,31.02,1.533,3.29,-0.678,0.0,0.0,-0.0,1.86,-6.24,-82.98,33.454,0.5,0.5,82.44,531,0,4779
1781411,1,1,10,1.02,26.03092003,119.19291687,-1.5,26.0306282,119.19300079,31.02,1.534,3.289,-0.678,-0.0,0.0,-0.0,1.85,-6.23,-82.97,33.454,0.5,0.5,82.44,531,0,4779
1781625,1,1,10,1.02,26.03092384,119.19291687,-1.5,26.0306282,119.19300079,31.02,1.534,3.288,-0.678,0.0,-0.0,0.0,1.86,-6.23,-82.98,33.454,0.5,0.5,82.44,531,0,4781
1781832,1,1,8,1.02,26.03092384,119.19291687,-1.4,26.03063011,119.19300079,31.02,1.53,3.304,-0.68,-0.0,-0.0,0.0,1.86,-6.24,-82.98,33.866,0.5,0.5,82.44,532,0,4785
1782041,1,1,8,1.02,26.03092384,119.19291687,-1.4,26.03063011,119.19300079,31.02,1.532,3.294,-0.679,-0.0,0.0,-0.0,1.86,-6.24,-83.0,33.866,0.5,0.5,82.44,532,0,4788
1782252,1,1,8,1.02,26.03092384,119.19291687,-1.4,26.0306282,119.19300079,31.02,1.533,3.29,-0.678,0.0,0.0,0.0,1.87,-6.24,-82.97,33.866,0.5,0.5,83.5,532,0,4788
1782457,1,1,8,1.02,26.03092384,119.19291687,-1.4,26.0306282,119.19300079,31.02,1.534,3.289,-0.678,0.0,0.0,0.0,1.87,-6.24,-82.97,33.866,0.5,0.5,83.5,532,0,4788
1782659,1,1,9,1.02,26.03092384,119.19291687,-1.3,26.03063011,119.19300079,31.02,1.524,3.328,-0.683,-0.0,0.0,0.0,1.86,-6.24,-82.98,33.866,0.5,0.5,83.5,533,0,4791
1782877,1,1,9,1.02,26.03092384,119.19291687,-1.3,26.03063011,119.19300079,31.02,1.53,3.304,-0.68,0.0,-0.0,0.0,1.86,-6.22,-82.96,33.866,0.5,0.5,83.5,533,0,4794
1783082,1,1,9,1.02,26.03092384,119.19291687,-1.3,26.03063011,119.19300079,31.02,1.532,3.294,-0.679,0.0,0.0,0.0,1.86,-6.23,-82.99,33.866,0.5,0.5,83.5,533,0,4797
1783288,1,1,9,1.02,26.03092384,119.19291687,-1.3,26.0306282,119.19300079,31.02,1.533,3.29,-0.678,-0.0,0.0,-0.0,1.87,-6.22,-83.0,33.866,0.5,0.5,85.91,533,0,4797
1783493,1,1,9,1.02,26.03092384,119.19291687,-1.3,26.0306282,119.19300079,31.02,1.534,3.289,-0.678,0.0,-0.0,0.0,1.87,-6.24,-82.97,33.866,0.5,0.5,85.91,533,0,4797
1783701,1,1,9,1.02,26.03091621,119.19291687,-1.5,26.03063011,119.19300079,31.02,1.527,3.313,-0.681,0.0,-0.0,0.0,1.87,-6.23,-82.97,33.044,0.5,0.5,85.91,534,0,4801
1783904,1,1,9,1.02,26.03091621,119.19291687,-1.5,26.03063011,119.19300079,31.02,1.531,3.298,-0.679,-0.0,0.0,0.0,1.87,-6.22,-83.0,33.044,0.5,0.5,85.91,534,0,4804
1784107,1,1,9,1.02,26.03091621,119.19291687,-1.5,26.03063011,119.19300079,31.02,1.533,3.292,-0.679,-0.0,0.0,-0.0,1.86,-6.23,-83.01,33.044,0.5,0.5,85.91,534,0,4806
1784310,1,1,9,1.02,26.03091621,119.19291687,-1.5,26.0306282,119.19300079,31.02,1.534,3.289,-0.678,-0.0,-0.0,-0.0,1.85,-6.25,-83.01,33.044,0.5,0.5,79.92,534,0,4806
1784510,1,1,9,1.02,26.03091621,119.19291687,-1.5,26.0306282,119.19300079,31.02,1.534,3.288,-0.678,0.0,-0.0,0.0,1.87,-6.24,-83.01,33.044,0.5,0.5,79.92,534,0,4806
1784720,1,1,9,1.02,26.03092384,119.19290161,-1.8,26.03063011,119.19300079,31.02,1.526,3.313,-0.681,0.0,-0.0,0.0,1.87,-6.24,-83.03,34.276,0.5,0.5,79.92,535,0,4810
1784925,1,1,9,1.02,26.03092384,119.19290161,-1.8,26.03063011,119.19300079,31.02,1.531,3.298,-0.679,-0.0,0.0,0.0,1.87,-6.23,-83.03,34.276,0.5,0.5,79.92,535,0,4813
1785129,1,1,9,1.02,26.03092384,119.19290161,-1.8,26.03063011,119.19300079,31.02,1.533,3.292,-0.679,-0.0,-0.0,0.001,1.86,-6.24,-83.01,34.276,0.5,0.5,79.92,535,0,4815
1785332,1,1,9,1.02,26.03092384,119.19290161,-1.8,26.0306282,119.19300079,31.02,1.534,3.289,-0.678,-0.0,0.0,0.0,1.84,-6.23,-83.02,34.276,0.5,0.5,81.67,535,0,4815
1785539,1,1,9,1.02,26.03092766,119.19291687,-1.8,26.0306282,119.19300079,31.02,1.534,3.288,-0.678,0.0,0.0,0.0,1.85,-6.22,-83.01,34.276,0.5,0.5,81.67,535,0,4816
1785751,1,1,9,1.02,26.03092766,119.19291687,-2.1,26.03063011,119.19300079,31.02,1.527,3.314,-0.681,0.0,0.0,0.0,1.86,-6.23,-82.97,34.277,0.5,0.5,81.67,536,0,4819
1785954,1,1,9,1.02,26.03092766,119.19291687,-2.1,26.03063011,119.19300079,31.02,1.531,3.298,-0.679,0.0,-0.0,-0.0,1.87,-6.24,-82.97,34.277,0.5,0.5,81.67,536,0,4822
1786154,1,1,9,1.02,26.03092766,119.19291687,-2.1,26.03063011,119.19300079,31.02,1.533,3.292,-0.679,0.0,-0.0,-0.0,1.86,-6.24,-82.95,34.277,0.5,0.5,81.67,536,0,4824
1786361,1,1,9,1.02,26.03092766,119.19291687,-2.1,26.0306282,119.19300079,31.02,1.534,3.289,-0.678,0.0,0.0,0.0,1.85,-6.23,-82.96,34.277,0.5,0.5,79.96,536,0,4824
1786572,1,1,9,1.02,26.03092766,119.19291687,-2.1,26.0306282,119.19300079,31.02,1.534,3.288,-0.678,0.0,0.0,0.0,1.85,-6.23,-82.96,34.277,0.5,0.5,79.96,536,0,4826
1786799,1,1,9,1.02,26.03092766,119.19291687,-2.0,26.03063011,119.19300079,31.02,1.53,3.304,-0.68,-0.0,0.0,0.0,1.85,-6.21,-82.97,34.277,0.5,0.5,79.96,537,0,4829
1787010,1,1,9,1.02,26.03092766,119.19291687,-2.0,26.03063011,119.19300079,31.02,1.532,3.294,-0.679,-0.0,0.0,0.0,1.84,-6.22,-82.97,34.277,0.5,0.5,79.96,537,0,4832
1787211,1,1,9,1.02,26.03092766,119.19291687,-2.0,26.0306282,119.19300079,31.02,1.533,3.29,-0.678,-0.0,-0.0,0.0,1.84,-6.22,-82.99,34.277,0.5,0.5,79.96,537,0,4833
1787423,1,1,9,1.02,26.03092766,119.19291687,-2.0,26.0306282,119.19300079,31.02,1.534,3.289,-0.678,-0.0,-0.0,-0.0,1.84,-6.23,-83.01,34.277,0.5,0.5,87.65,537,0,4833
1787635,1,1,9,1.02,26.03093338,119.19291687,-2.0,26.03063011,119.19300079,31.02,1.524,3.33,-0.683,0.0,0.0,0.0,1.85,-6.22,-83.0,34.895,0.5,0.5,87.65,538,0,4836
1787839,1,1,9,1.02,26.03093338,119.19291687,-2.0,26.03063011,119.19300079,31.02,1.53,3.304,-0.68,-0.0,0.0,-0.0,1.86,-6.22,-83.01,34.895,0.5,0.5,87.65,538,0,4839
1788047,1,1,9,1.02,26.03093338,119.19291687,-2.0,26.03063011,119.19300079,31.02,1.532,3.294,-0.679,0.0,0.0,0.0,1.86,-6.24,-83.03,34.895,0.5,0.5,87.65,538,0,4842
1788255,1,1,9,1.02,26.03093338,119.19291687,-2.0,26.0306282,119.19300079,31.02,1.533,3.29,-0.678,0.0,-0.0,-0.0,1.86,-6.25,-83.0,34.895,0.5,0.5,87.65,538,0,4842
1788462,1,1,9,1.02,26.03093338,119.19291687,-2.0,26.0306282,119.19300079,31.02,1.534,3.289,-0.678,0.0,0.0,0.0,1.87,-6.26,-82.99,34.895,0.5,0.5,79.21,538,0,4842
1788697,1,1,9,1.02,26.03093338,119.19291687,-2.2,26.03063011,119.19300079,31.02,1.527,3.314,-0.681,0.0,0.0,0.0,1.85,-6.26,-83.02,34.895,0.5,0.5,79.21,539,0,4846
1788898,1,1,9,1.02,26.03093338,119.19291687,-2.2,26.03063011,119.19300079,31.02,1.531,3.298,-0.679,-0.0,-0.0,-0.0,1.85,-6.26,-83.02,34.895,0.5,0.5,79.21,539,0,4848
1789103,1,1,9,1.02,26.03093338,119.19291687,-2.2,26.03063011,119.19300079,31.02,1.533,3.292,-0.679,0.0,-0.0,0.0,1.85,-6.29,-82.99,34.895,0.5,0.5,79.21,539,0,4851
1789311,1,1,9,1.02,26.03093338,119.19291687,-2.2,26.0306282,119.19300079,31.02,1.534,3.289,-0.678,0.0,-0.0,0.0,1.84,-6.29,-83.0,34.895,0.5,0.5,83.82,539,0,4851
1789511,1,1,9,1.02,26.03093338,119.19291687,-2.2,26.0306282,119.19300079,31.02,1.534,3.288,-0.678,-0.0,-0.0,-0.0,1.83,-6.28,-82.99,34.895,0.5,0.5,83.82,539,0,4852
1789725,1,1,9,1.02,26.03093338,119.19291687,-2.0,26.03063011,119.19300079,31.02,1.528,3.314,-0.681,-0.0,0.0,0.0,1.87,-6.25,-82.98,34.895,0.5,0.5,83.82,540,0,4855
1789932,1,1,9,1.02,26.03093338,119.19291687,-2.0,26.03063011,119.19300079,31.02,1.531,3.298,-0.679,-0.0,0.0,0.0,1.85,-6.25,-82.98,34.895,0.5,0.5,83.82,540,0,4858
1790135,1,1,9,1.02,26.03093338,119.19291687,-2.0,26.03063011,119.19300079,31.02,1.533,3.292,-0.679,-0.0,-0.0,0.0,1.83,-6.27,-82.97,34.895,0.5,0.5,83.82,540,0,4860
1790341,1,1,9,1.02,26.03093338,119.19291687,-2.0,26.0306282,119.19300079,31.02,1.534,3.289,-0.678,0.0,-0.0,0.0,1.83,-6.25,-82.98,34.895,0.5,0.5,83.5,540,0,4860
1790551,1,1,9,1.02,26.03092766,119.19290161,-2.0,26.0306282,119.19300079,31.02,1.534,3.288,-0.678,0.0,-0.0,0.001,1.84,-6.21,-82.97,34.895,0.5,0.5,83.5,540,0,4862
1790753,1,1,9,1.02,26.03092766,119.19290161,-2.0,26.03063011,119.19300079,31.02,1.526,3.314,-0.681,0.0,-0.0,-0.0,1.84,-6.24,-82.97,34.683,0.5,0.5,83.5,541,0,4864
1790960,1,1,9,1.02,26.03092766,119.19290161,-2.0,26.03063011,119.19300079,31.02,1.531,3.298,-0.679,0.0,-0.0,0.0,1.86,-6.22,-82.95,34.683,0.5,0.5,83.5,541,0,4868
1791170,1,1,9,1.02,26.03092766,119.19290161,-2.0,26.03063011,119.19300079,31.02,1.533,3.292,-0.678,0.001,-0.001,0.002,1.86,-6.26,-82.98,34.683,0.5,0.5,83.5,541,0,4869
1791377,1,1,9,1.02,26.03092766,119.19290161,-2.0,26.0306282,119.19300079,31.02,1.534,3.289,-0.678,0.0,0.0,0.001,1.86,-6.22,-82.99,34.683,0.5,0.5,85.83,541,0,4869
1791579,1,1,9,1.02,26.03092766,119.19288635,-2.0,26.0306282,119.19300079,31.02,1.534,3.29,-0.678,0.002,0.001,0.004,1.91,-6.15,-82.98,34.683,0.501,0.501,85.83,541,0,4871
1791783,1,1,9,1.02,26.03092766,119.19288635,-2.0,26.03063774,119.19300079,30.89,1.187,4.296,-0.808,-0.017,0.053,-0.004,1.87,-6.17,-83.0,35.149,0.506,0.506,85.83,542,0,4874
1791983,1,1,9,1.02,26.03092766,119.19288635,-2.0,26.03063774,119.19300079,30.89,1.184,4.307,-0.809,-0.017,0.053,-0.004,1.86,-6.18,-83.02,35.149,0.525,0.525,85.83,542,0,4877
1792185,1,1,9,1.02,26.03092766,119.19288635,-2.0,26.03063774,119.19300079,30.89,1.186,4.301,-0.809,-0.0,0.001,-0.001,1.83,-6.17,-83.04,35.149,0.5,0.5,85.83,542,0,4878
1792386,1,1,9,1.02,26.03092766,119.19288635,-2.0,26.03063774,119.19300079,30.89,1.183,4.309,-0.809,-0.0,-0.0,0.0,1.82,-6.17,-83.03,35.149,0.5,0.5,110.34,542,0,4878
1792586,1,1,9,1.02,26.03092766,119.19290161,-2.0,26.03063774,119.19300079,30.89,1.182,4.312,-0.809,-0.001,0.0,0.0,1.84,-6.18,-83.02,35.149,0.5,0.5,110.34,542,0,4880
1792790,1,1,9,1.02,26.03092766,119.19290161,-2.0,26.03063774,119.19300079,30.89,1.175,4.338,-0.813,-0.0,-0.0,-0.001,1.8,-6.2,-82.98,33.601,0.5,0.5,110.34,543,0,4883
1793000,1,1,9,1.02,26.03092766,119.19290161,-2.0,26.03063774,119.19300079,30.89,1.179,4.323,-0.811,0.0,0.0,0.0,1.8,-6.19,-83.0,33.601,0.5,0.5,110.34,543,0,4886
1793203,1,1,9,1.02,26.03092766,119.19290161,-2.0,26.03063774,119.19300079,30.89,1.181,4.317,-0.81,-0.0,0.0,0.0,1.79,-6.18,-82.99,33.601,0.5,0.5,110.34,543,0,4887
1793412,1,1,9,1.02,26.03092766,119.19290161,-2.0,26.03063774,119.19300079,30.89,1.181,4.315,-0.81,0.0,-0.0,0.0,1.81,-6.17,-83.0,33.601,0.5,0.5,84.83,543,0,4887
1793618,1,1,9,1.02,26.03093338,119.19290161,-2.0,26.03063774,119.19300079,30.89,1.182,4.314,-0.81,-0.0,-0.0,-0.001,1.8,-6.19,-83.0,33.601,0.5,0.5,84.83,543,0,4889
1793822,1,1,9,1.02,26.03093338,119.19290161,-2.0,26.03063774,119.19300079,30.89,1.177,4.33,-0.812,0.0,0.0,-0.0,1.79,-6.23,-82.98,34.21,0.5,0.5,84.83,544,0,4892
1794030,1,1,9,1.02,26.03093338,119.19290161,-2.0,26.03063774,119.19300079,30.89,1.18,4.32,-0.81,-0.001,-0.001,-0.003,1.78,-6.23,-82.99,34.21,0.5,0.5,84.83,544,0,4896
1794233,1,1,9,1.02,26.03093338,119.19290161,-2.0,26.03063774,119.19300079,30.89,1.18,4.32,-0.811,-0.0,-0.001,-0.001,1.8,-6.25,-83.03,34.21,0.502,0.502,84.83,544,0,4896
1794433,1,1,9,1.02,26.03093338,119.19290161,-2.0,26.03063774,119.19300079,30.89,1.18,4.32,-0.811,0.0,-0.0,-0.001,1.82,-6.25,-83.04,34.21,0.51,0.51,95.0,544,0,4896
1794660,1,1,9,1.02,26.03092766,119.19288635,-2.1,26.03063965,119.19300079,30.88,1.166,4.359,-0.816,-0.0,-0.0,0.0,1.84,-6.26,-83.03,34.06,0.5,0.5,95.0,545,0,4899
1794864,1,1,9,1.02,26.03092766,119.19288635,-2.1,26.03063774,119.19300079,30.89,1.174,4.335,-0.813,0.0,-0.0,-0.001,1.79,-6.22,-83.02,34.06,0.5,0.5,95.0,545,0,4902
1795066,1,1,9,1.02,26.03092766,119.19288635,-2.1,26.03063774,119.19300079,30.89,1.178,4.326,-0.812,0.0,-0.0,0.0,1.79,-6.17,-83.03,34.06,0.5,0.5,95.0,545,0,4905
1795267,1,1,9,1.02,26.03092766,119.19288635,-2.1,26.03063774,119.19300079,30.89,1.179,4.322,-0.811,0.0,-0.0,0.001,1.78,-6.17,-83.04,34.06,0.5,0.5,95.0,545,0,4905
1795476,1,1,9,1.02,26.03092766,119.19288635,-2.1,26.03063774,119.19300079,30.89,1.179,4.321,-0.811,-0.0,0.0,0.0,1.78,-6.14,-83.04,34.06,0.5,0.5,83.67,545,0,4905
1795688,1,1,9,1.02,26.03092384,119.19290161,-1.9,26.03063965,119.19300079,30.88,1.168,4.359,-0.816,-0.0,-0.0,0.0,1.78,-6.16,-83.02,33.186,0.5,0.5,83.67,546,0,4908
1795890,1,1,9,1.02,26.03092384,119.19290161,-1.9,26.03063774,119.19300079,30.89,1.175,4.335,-0.813,-0.0,-0.0,-0.0,1.78,-6.17,-83.02,33.186,0.5,0.5,83.67,546,0,4911
1796094,1,1,9,1.02,26.03092384,119.19290161,-1.9,26.03063774,119.19300079,30.89,1.178,4.326,-0.812,-0.0,-0.0,0.0,1.78,-6.17,-83.03,33.186,0.5,0.5,83.67,546,0,4914
1796297,1,1,9,1.02,26.03092384,119.19290161,-1.9,26.03063774,119.19300079,30.89,1.179,4.322,-0.811,-0.0,0.0,0.002,1.79,-6.14,-83.0,33.186,0.5,0.5,83.67,546,0,4914
1796500,1,1,9,1.02,26.03092384,119.19290161,-1.9,26.03063774,119.19300079,30.89,1.179,4.321,-0.811,0.0,0.0,0.001,1.79,-6.16,-82.97,33.186,0.5,0.5,82.02,546,0,4914
1796706,1,1,9,1.35,26.03092003,119.19290161,-1.7,26.03063774,119.19300079,30.89,1.175,4.334,-0.814,0.001,0.002,0.012,2.04,-5.98,-82.96,32.78,0.5,0.5,82.02,547,0,4918
1796911,1,1,9,1.35,26.03092003,119.19290161,-1.7,26.03063774,119.19300079,30.89,1.176,4.334,-0.812,-0.0,-0.0,0.01,1.99,-6.06,-82.99,32.78,0.502,0.502,82.02,547,0,4921
1797112,1,1,9,1.35,26.03092003,119.19290161,-1.7,26.03063774,119.19300079,30.89,1.175,4.334,-0.81,-0.001,-0.001,0.01,1.96,-6.09,-83.01,32.78,0.511,0.511,82.02,547,0,4923
1797315,1,1,9,1.35,26.03092003,119.19290161,-1.7,26.03063774,119.19300079,30.89,1.176,4.334,-0.81,-0.0,-0.0,0.0,1.93,-6.12,-83.05,32.78,0.5,0.5,82.02,547,0,4923
1797522,1,1,9,1.35,26.03092384,119.19290161,-1.7,26.03063774,119.19300079,30.89,1.175,4.334,-0.809,-0.0,-0.0,0.0,1.92,-6.15,-83.06,32.78,0.5,0.5,104.58,547,0,4924
1797723,1,1,8,1.35,26.03092384,119.19290161,-1.7,26.03063774,119.19300079,30.89,1.171,4.348,-0.812,0.0,-0.0,-0.0,1.89,-6.19,-83.08,33.172,0.5,0.5,104.58,548,0,4927
1797930,1,1,8,1.35,26.03092384,119.19290161,-1.7,26.03063774,119.19300079,30.89,1.174,4.339,-0.81,0.0,0.0,0.0,1.9,-6.19,-83.07,33.172,0.5,0.5,104.58,548,0,4930
1798134,1,1,8,1.35,26.03092384,119.19290161,-1.7,26.03063774,119.19300079,30.89,1.175,4.336,-0.809,-0.0,-0.0,0.0,1.89,-6.21,-83.06,33.172,0.5,0.5,104.58,548,0,4932
1798342,1,1,8,1.35,26.03092384,119.19290161,-1.7,26.03063774,119.19300079,30.89,1.175,4.334,-0.809,0.0,-0.0,-0.0,1.9,-6.21,-83.05,33.172,0.5,0.5,104.58,548,0,4932
1798545,1,1,8,1.35,26.03091621,119.19290161,-1.7,26.03063774,119.19300079,30.89,1.175,4.334,-0.809,-0.0,-0.0,0.0,1.91,-6.21,-83.05,33.172,0.5,0.5,82.51,548,0,4933
1798750,1,1,9,1.35,26.03091621,119.19290161,-1.6,26.03063774,119.19300079,30.89,1.171,4.347,-0.812,0.0,0.0,0.001,1.9,-6.2,-83.08,32.36,0.5,0.5,82.51,549,0,4936
1798950,1,1,9,1.35,26.03091621,119.19290161,-1.6,26.03063774,119.19300079,30.89,1.174,4.339,-0.81,-0.0,-0.0,0.0,1.89,-6.22,-83.07,32.36,0.5,0.5,82.51,549,0,4939
1799151,1,1,9,1.35,26.03091621,119.19290161,-1.6,26.03063774,119.19300079,30.89,1.175,4.336,-0.809,-0.0,0.0,0.0,1.88,-6.2,-83.08,32.36,0.5,0.5,82.51,549,0,4941
1799352,1,1,9,1.35,26.03091621,119.19290161,-1.6,26.03063774,119.19300079,30.89,1.175,4.334,-0.809,0.0,-0.0,0.0,1.89,-6.19,-83.1,32.36,0.5,0.5,82.51,549,0,4941
1799555,1,1,9,1.35,26.03091621,119.19290161,-1.6,26.03063774,119.19300079,30.89,1.175,4.334,-0.809,-0.0,0.0,-0.0,1.88,-6.21,-83.11,32.36,0.5,0.5,82.85,549,0,4943
1799757,1,1,9,1.35,26.03091621,119.19290161,-1.5,26.03063774,119.19300079,30.89,1.171,4.347,-0.812,-0.0,-0.0,0.0,1.88,-6.22,-83.11,32.36,0.5,0.5,82.85,550,0,4945
1799960,1,1,9,1.35,26.03091621,119.19290161,-1.5,26.03063774,119.19300079,30.89,1.174,4.339,-0.81,-0.0,-0.0,0.0,1.88,-6.23,-83.09,32.36,0.5,0.5,82.85,550,0,4948
1800169,1,1,9,1.35,26.03091621,119.19290161,-1.5,26.03063774,119.19300079,30.89,1.175,4.336,-0.809,0.0,-0.0,0.0,1.88,-6.22,-83.11,32.36,0.5,0.5,82.85,550,0,4950
1800372,1,1,9,1.35,26.03091621,119.19290161,-1.5,26.03063774,119.19300079,30.89,1.175,4.334,-0.809,0.0,0.0,-0.0,1.88,-6.22,-83.12,32.36,0.5,0.5,82.85,550,0,4950
1800588,1,1,9,1.35,26.0309124,119.19290161,-1.5,26.03063774,119.19300079,30.89,1.175,4.334,-0.809,0.0,-0.0,0.0,1.88,-6.23,-83.11,32.36,0.5,0.5,83.17,550,0,4952
1800794,1,1,9,1.35,26.0309124,119.19290161,-1.2,26.03063774,119.19300079,30.89,1.173,4.342,-0.811,-0.0,-0.0,-0.0,1.86,-6.23,-83.12,31.954,0.5,0.5,83.17,551,0,4955
1801006,1,1,9,1.35,26.0309124,119.19290161,-1.2,26.03063774,119.19300079,30.89,1.174,4.337,-0.81,0.0,-0.0,-0.0,1.87,-6.22,-83.14,31.954,0.5,0.5,83.17,551,0,4958
1801217,1,1,9,1.35,26.0309124,119.19290161,-1.2,26.03063774,119.19300079,30.89,1.175,4.335,-0.809,0.0,-0.0,0.0,1.86,-6.25,-83.13,31.954,0.5,0.5,83.17,551,0,4959
1801421,1,1,9,1.35,26.0309124,119.19290161,-1.2,26.03063774,119.19300079,30.89,1.175,4.334,-0.809,0.0,-0.0,0.0,1.88,-6.24,-83.12,31.954,0.5,0.5,83.17,551,0,4959
1801625,1,1,9,1.35,26.03090858,119.19290161,-0.8,26.03063965,119.19300079,30.89,1.169,4.355,-0.814,0.0,-0.0,0.0,1.9,-6.25,-83.12,31.549,0.5,0.5,86.91,552,0,4962
1801830,1,1,9,1.35,26.03090858,119.19290161,-0.8,26.03063774,119.19300079,30.89,1.173,4.342,-0.811,0.0,0.0,0.0,1.91,-6.24,-83.13,31.549,0.5,0.5,86.91,552,0,4965
1802031,1,1,9,1.35,26.03090858,119.19290161,-0.8,26.03063774,119.19300079,30.89,1.174,4.337,-0.809,-0.0,0.0,0.0,1.89,-6.24,-83.14,31.549,0.5,0.5,86.91,552,0,4968
1802241,1,1,9,1.35,26.03090858,119.19290161,-0.8,26.03063774,119.19300079,30.89,1.175,4.335,-0.809,0.0,0.0,0.0,1.9,-6.24,-83.15,31.549,0.5,0.5,86.91,552,0,4968
1802441,1,1,9,1.35,26.03090858,119.19290161,-0.8,26.03063774,119.19300079,30.89,1.175,4.334,-0.809,-0.0,0.0,0.0,1.89,-6.24,-83.15,31.549,0.5,0.5,86.91,552,0,4968
1802656,1,1,9,1.02,26.03090858,119.19290161,-0.6,26.03063965,119.19300079,30.89,1.164,4.371,-0.814,0.0,-0.0,0.0,1.88,-6.24,-83.13,31.549,0.5,0.5,79.52,553,0,4971
1802867,1,1,9,1.02,26.03090858,119.19290161,-0.6,26.03063774,119.19300079,30.89,1.171,4.348,-0.811,-0.0,0.0,0.0,1.88,-6.23,-83.1,31.549,0.5,0.5,79.52,553,0,4974
1803077,1,1,9,1.02,26.03090858,119.19290161,-0.6,26.03063774,119.19300079,30.89,1.173,4.339,-0.809,0.0,-0.0,-0.0,1.89,-6.24,-83.1,31.549,0.5,0.5,79.52,553,0,4977
1803281,1,1,9,1.02,26.03090858,119.19290161,-0.6,26.03063774,119.19300079,30.89,1.175,4.336,-0.809,-0.0,-0.0,0.0,1.89,-6.24,-83.11,31.549,0.5,0.5,79.52,553,0,4977
1803488,1,1,9,1.02,26.03090858,119.19290161,-0.6,26.03063774,119.19300079,30.89,1.175,4.335,-0.809,0.0,-0.0,0.0,1.91,-6.24,-83.09,31.549,0.5,0.5,84.08,553,0,4977
1803703,1,1,9,1.02,26.03090477,119.19290161,-0.3,26.03063965,119.19300079,30.89,1.168,4.357,-0.812,0.0,-0.0,0.0,1.92,-6.24,-83.1,31.144,0.5,0.5,84.08,554,0,4981
1803912,1,1,9,1.02,26.03090477,119.19290161,-0.3,26.03063774,119.19300079,30.89,1.172,4.343,-0.81,-0.0,0.0,0.001,1.92,-6.22,-83.1,31.144,0.5,0.5,84.08,554,0,4984
1804128,1,1,9,1.02,26.03090477,119.19290161,-0.3,26.03063774,119.19300079,30.89,1.174,4.337,-0.809,0.0,0.0,0.0,1.92,-6.21,-83.1,31.144,0.5,0.5,84.08,554,0,4986
1804332,1,1,9,1.02,26.03090477,119.19290161,-0.3,26.03063774,119.19300079,30.89,1.175,4.335,-0.809,0.0,0.0,-0.0,1.94,-6.22,-83.14,31.144,0.5,0.5,84.08,554,0,4986
1804539,1,1,9,1.02,26.03090096,119.19290161,-0.3,26.03063774,119.19300079,30.89,1.175,4.334,-0.809,-0.0,-0.0,0.0,1.93,-6.22,-83.13,31.144,0.5,0.5,85.83,554,0,4987
1804743,1,1,9,1.02,26.03090096,119.19290161,0.3,26.03063965,119.19300079,30.89,1.168,4.356,-0.812,0.0,-0.0,0.001,1.93,-6.22,-83.15,30.741,0.5,0.5,85.83,555,0,4990
1804950,1,1,9,1.02,26.03090096,119.19290161,0.3,26.03063774,119.19300079,30.89,1.172,4.343,-0.81,-0.001,-0.0,-0.0,1.91,-6.23,-83.13,30.741,0.5,0.5,85.83,555,0,4993
1805161,1,1,9,1.02,26.03090096,119.19290161,0.3,26.03063774,119.19300079,30.89,1.174,4.337,-0.809,0.0,0.0,-0.0,1.9,-6.2,-83.13,30.741,0.5,0.5,85.83,555,0,4995
1805367,1,1,9,1.02,26.03090096,119.19290161,0.3,26.03063774,119.19300079,30.89,1.175,4.335,-0.809,-0.0,-0.0,-0.0,1.88,-6.21,-83.13,30.741,0.5,0.5,85.83,555,0,4995
1805577,1,1,9,1.02,26.03089142,119.19290161,0.3,26.03063774,119.19300079,30.89,1.175,4.334,-0.809,0.0,-0.0,0.0,1.9,-6.21,-83.12,30.741,0.5,0.5,80.0,555,0,4997
1805808,1,1,10,1.02,26.03089142,119.19290161,1.2,26.03063774,119.19300079,30.89,1.171,4.347,-0.811,0.0,-0.0,0.0,1.9,-6.24,-83.08,29.734,0.5,0.5,80.0,556,0,5000
1806009,1,1,10,1.02,26.03089142,119.19290161,1.2,26.03063774,119.19300079,30.89,1.173,4.339,-0.809,0.0,0.0,0.0,1.91,-6.23,-83.07,29.734,0.5,0.5,80.0,556,0,5003
1806211,1,1,10,1.02,26.03089142,119.19290161,1.2,26.03063774,119.19300079,30.89,1.175,4.336,-0.809,0.0,-0.0,0.0,1.91,-6.24,-83.08,29.734,0.5,0.5,80.0,556,0,5004
1806411,1,1,10,1.02,26.03089142,119.19290161,1.2,26.03063774,119.19300079,30.89,1.175,4.334,-0.809,-0.0,-0.0,0.001,1.9,-6.25,-83.09,29.734,0.5,0.5,80.0,556,0,5004
1806626,1,1,10,1.02,26.0308876,119.19290161,1.2,26.03063774,119.19300079,30.89,1.175,4.334,-0.809,0.0,0.0,0.001,1.9,-6.24,-83.1,29.734,0.5,0.5,85.35,556,0,5006
1806832,1,1,10,0.92,26.0308876,119.19290161,2.4,26.03063774,119.19300079,30.89,1.17,4.35,-0.81,-0.0,0.0,0.0,1.87,-6.23,-83.12,29.332,0.5,0.5,85.35,557,0,5009
1807040,1,1,10,0.92,26.0308876,119.19290161,2.4,26.03063774,119.19300079,30.89,1.173,4.34,-0.809,-0.0,0.0,0.0,1.88,-6.22,-83.15,29.332,0.5,0.5,85.35,557,0,5013
1807246,1,1,10,0.92,26.0308876,119.19290161,2.4,26.03063774,119.19300079,30.89,1.174,4.336,-0.809,0.0,-0.0,-0.0,1.89,-6.21,-83.16,29.332,0.5,0.5,85.35,557,0,5013
1807457,1,1,10,0.92,26.0308876,119.19290161,2.4,26.03063774,119.19300079,30.89,1.175,4.335,-0.809,0.0,-0.0,-0.0,1.9,-6.22,-83.14,29.332,0.5,0.5,85.35,557,0,5013
1807666,1,1,10,0.92,26.03087997,119.19291687,3.5,26.03063965,119.19300079,30.89,1.163,4.375,-0.813,-0.0,0.001,0.001,1.89,-6.18,-83.16,28.055,0.5,0.5,81.26,558,0,5016
1807868,1,1,10,0.92,26.03087997,119.19291687,3.5,26.03063774,119.19300079,30.89,1.17,4.35,-0.81,-0.0,-0.0,0.0,1.85,-6.21,-83.12,28.055,0.5,0.5,81.26,558,0,5019
1808076,1,1,10,0.92,26.03087997,119.19291687,3.5,26.03063774,119.19300079,30.89,1.173,4.34,-0.809,0.0,0.0,0.0,1.88,-6.21,-83.1,28.055,0.5,0.5,81.26,558,0,5022
1808287,1,1,10,0.92,26.03087997,119.19291687,3.5,26.03063774,119.19300079,30.89,1.175,4.336,-0.809,0.0,0.0,-0.0,1.89,-6.2,-83.09,28.055,0.5,0.5,81.26,558,0,5022
1808493,1,1,10,0.92,26.03087997,119.19291687,3.5,26.03063774,119.19300079,30.89,1.175,4.335,-0.809,-0.0,-0.0,-0.0,1.86,-6.21,-83.07,28.055,0.5,0.5,81.26,558,0,5022
1808702,1,1,10,0.92,26.03087616,119.19291687,4.5,26.03063965,119.19300079,30.89,1.168,4.359,-0.811,0.0,-0.0,0.001,1.87,-6.22,-83.09,27.649,0.5,0.5,81.47,559,0,5026
1808912,1,1,10,0.92,26.03087616,119.19291687,4.5,26.03063774,119.19300079,30.89,1.172,4.344,-0.81,-0.0,0.0,-0.0,1.88,-6.22,-83.12,27.649,0.5,0.5,81.47,559,0,5029
1809118,1,1,10,0.92,26.03087616,119.19291687,4.5,26.03063774,119.19300079,30.89,1.174,4.338,-0.809,-0.0,0.0,-0.0,1.88,-6.22,-83.11,27.649,0.5,0.5,81.47,559,0,5031
1809321,1,1,10,0.92,26.03087616,119.19291687,4.5,26.03063774,119.19300079,30.89,1.175,4.335,-0.809,0.0,0.0,0.0,1.88,-6.23,-83.11,27.649,0.5,0.5,81.47,559,0,5031
1809529,1,1,10,0.92,26.03086662,119.19291687,4.5,26.03063774,119.19300079,30.89,1.175,4.334,-0.809,-0.0,-0.0,0.0,1.88,-6.24,-83.08,27.649,0.5,0.5,81.47,559,0,5032
1809746,1,1,10,0.92,26.03086662,119.19291687,5.5,26.03063965,119.19300079,30.89,1.168,4.358,-0.811,0.0,-0.0,-0.0,1.89,-6.25,-83.11,26.635,0.5,0.5,83.57,560,0,5035
1809957,1,1,10,0.92,26.03086662,119.19291687,5.5,26.03063774,119.19300079,30.89,1.172,4.343,-0.81,0.0,-0.0,-0.0,1.89,-6.26,-83.12,26.635,0.5,0.5,83.57,560,0,5038
1810160,1,1,10,0.92,26.03086662,119.19291687,5.5,26.03063774,119.19300079,30.89,1.174,4.337,-0.809,-0.0,0.0,-0.0,1.87,-6.25,-83.13,26.635,0.5,0.5,83.57,560,0,5040
1810361,1,1,10,0.92,26.03086662,119.19291687,5.5,26.03063774,119.19300079,30.89,1.175,4.335,-0.809,-0.0,-0.0,-0.0,1.88,-6.24,-83.14,26.635,0.5,0.5,83.57,560,0,5040
1810572,1,1,10,0.92,26.03085899,119.19291687,5.5,26.03063774,119.19300079,30.89,1.175,4.334,-0.809,0.0,0.0,0.001,1.87,-6.23,-83.12,26.635,0.5,0.5,83.57,560,0,5042
1810775,1,1,10,0.92,26.03085899,119.19291687,6.5,26.03063774,119.19300079,30.89,1.17,4.348,-0.81,-0.0,0.0,-0.0,1.86,-6.21,-83.12,25.827,0.5,0.5,82.39,561,0,5045
1810977,1,1,10,0.92,26.03085899,119.19291687,6.5,26.03063774,119.19300079,30.89,1.173,4.339,-0.809,-0.0,-0.0,0.0,1.86,-6.25,-83.1,25.827,0.5,0.5,82.39,561,0,5048
1811188,1,1,10,0.92,26.03085899,119.19291687,6.5,26.03063774,119.19300079,30.89,1.175,4.336,-0.809,-0.0,-0.0,-0.0,1.86,-6.26,-83.11,25.827,0.5,0.5,82.39,561,0,5049
1811391,1,1,10,0.92,26.03085899,119.19291687,6.5,26.03063774,119.19300079,30.89,1.175,4.335,-0.809,-0.0,0.0,0.0,1.86,-6.25,-83.1,25.827,0.5,0.5,82.39,561,0,5049
1811591,1,1,10,0.92,26.03085518,119.19291687,6.5,26.03063774,119.19300079,30.89,1.175,4.334,-0.809,-0.0,0.0,0.0,1.86,-6.25,-83.1,25.827,0.5,0.5,82.39,561,0,5051
1811803,1,1,10,0.92,26.03085518,119.19291687,7.5,26.03063774,119.19300079,30.89,1.17,4.348,-0.81,0.0,0.0,-0.0,1.87,-6.25,-83.11,25.424,0.5,0.5,82.42,562,0,5054
1812005,1,1,10,0.92,26.03085518,119.19291687,7.5,26.03063774,119.19300079,30.89,1.173,4.339,-0.809,0.0,0.0,0.0,1.86,-6.24,-83.1,25.424,0.5,0.5,82.42,562,0,5057
1812206,1,1,10,0.92,26.03085518,119.19291687,7.5,26.03063774,119.19300079,30.89,1.175,4.336,-0.809,0.0,0.0,0.0,1.86,-6.24,-83.1,25.424,0.5,0.5,82.42,562,0,5058
1812411,1,1,10,0.92,26.03085518,119.19291687,7.5,26.03063774,119.19300079,30.89,1.175,4.335,-0.809,0.0,0.0,0.0,1.88,-6.24,-83.11,25.424,0.5,0.5,82.42,562,0,5058
1812618,1,1,10,0.92,26.03084755,119.19291687,7.5,26.03063774,119.19300079,30.89,1.175,4.334,-0.809,-0.0,0.0,0.0,1.86,-6.24,-83.1,25.424,0.5,0.5,82.42,562,0,5060
1812821,1,1,10,0.92,26.03084755,119.19291687,8.3,26.03063774,119.19300079,30.89,1.17,4.348,-0.81,0.0,-0.0,0.0,1.87,-6.25,-83.1,24.619,0.5,0.5,83.25,563,0,5063
1813035,1,1,10,0.92,26.03084755,119.19291687,8.3,26.03063774,119.19300079,30.89,1.173,4.339,-0.809,0.0,0.0,-0.0,1.89,-6.24,-83.09,24.619,0.5,0.5,83.25,563,0,5067
1813247,1,1,10,0.92,26.03084755,119.19291687,8.3,26.03063774,119.19300079,30.89,1.175,4.336,-0.809,0.0,-0.0,0.0,1.88,-6.22,-83.08,24.619,0.5,0.5,83.25,563,0,5067
1813457,1,1,10,0.92,26.03084755,119.19291687,8.3,26.03063774,119.19300079,30.89,1.175,4.334,-0.809,0.0,0.0,0.0,1.88,-6.23,-83.07,24.619,0.5,0.5,83.25,563,0,5067
1813666,1,1,10,0.92,26.03083992,119.19291687,9.1,26.03063965,119.19300079,30.89,1.163,4.368,-0.812,-0.0,0.0,-0.0,1.87,-6.22,-83.08,23.818,0.5,0.5,83.25,564,0,5070
1813868,1,1,10,0.92,26.03083992,119.19291687,9.1,26.03063774,119.19300079,30.89,1.17,4.347,-0.81,0.0,-0.0,0.0,1.87,-6.23,-83.07,23.818,0.5,0.5,85.83,564,0,5073
1814070,1,1,10,0.92,26.03083992,119.19291687,9.1,26.03063774,119.19300079,30.89,1.173,4.339,-0.809,-0.0,0.0,0.0,1.87,-6.22,-83.05,23.818,0.5,0.5,85.83,564,0,5076
1814276,1,1,10,0.92,26.03083992,119.19291687,9.1,26.03063774,119.19300079,30.89,1.175,4.336,-0.809,-0.0,-0.0,0.0,1.88,-6.22,-83.06,23.818,0.5,0.5,85.83,564,0,5076
1814488,1,1,10,0.92,26.03083992,119.19291687,9.1,26.03063774,119.19300079,30.89,1.175,4.334,-0.809,0.0,0.0,0.0,1.88,-6.22,-83.05,23.818,0.5,0.5,85.83,564,0,5076
1814697,1,1,10,0.92,26.03083992,119.19291687,9.9,26.03063965,119.19300079,30.89,1.168,4.355,-0.811,0.0,-0.0,0.0,1.86,-6.25,-83.05,23.818,0.5,0.5,85.83,565,0,5080
1814911,1,1,10,0.92,26.03083992,119.19291687,9.9,26.03063774,119.19300079,30.89,1.172,4.342,-0.81,-0.0,0.0,-0.0,1.85,-6.25,-83.08,23.818,0.5,0.5,81.59,565,0,5083
1815121,1,1,10,0.92,26.03083992,119.19291687,9.9,26.03063774,119.19300079,30.89,1.174,4.337,-0.809,0.0,-0.0,0.0,1.85,-6.25,-83.07,23.818,0.5,0.5,81.59,565,0,5085
1815331,1,1,10,0.92,26.03083992,119.19291687,9.9,26.03063774,119.19300079,30.89,1.175,4.335,-0.809,0.0,-0.0,0.0,1.85,-6.26,-83.09,23.818,0.5,0.5,81.59,565,0,5085
1815534,1,1,10,0.92,26.03083038,119.19291687,9.9,26.03063774,119.19300079,30.89,1.175,4.334,-0.809,-0.0,0.0,0.0,1.86,-6.24,-83.11,23.818,0.5,0.5,81.59,565,0,5086
1815750,1,1,10,0.92,26.03083038,119.19291687,10.6,26.03063965,119.19300079,30.89,1.168,4.354,-0.811,0.0,-0.0,0.0,1.86,-6.25,-83.11,22.822,0.5,0.5,83.33,566,0,5089
1815966,1,1,10,0.92,26.03083038,119.19291687,10.6,26.03063774,119.19300079,30.89,1.172,4.342,-0.809,0.0,-0.0,0.0,1.87,-6.25,-83.09,22.822,0.5,0.5,83.33,566,0,5093
1816173,1,1,10,0.92,26.03083038,119.19291687,10.6,26.03063774,119.19300079,30.89,1.174,4.337,-0.809,-0.0,0.0,0.001,1.86,-6.23,-83.09,22.822,0.5,0.5,83.33,566,0,5094
1816375,1,1,10,0.92,26.03083038,119.19291687,10.6,26.03063774,119.19300079,30.89,1.175,4.335,-0.809,0.0,0.0,-0.0,1.84,-6.22,-83.09,22.822,0.5,0.5,83.33,566,0,5094
1816586,1,1,10,0.92,26.03082275,119.19293976,10.6,26.03063774,119.19300079,30.89,1.175,4.334,-0.809,-0.0,-0.0,0.0,1.83,-6.22,-83.08,22.822,0.5,0.5,83.33,566,0,5096
1816808,1,1,10,0.92,26.03082275,119.19293976,11.6,26.03063774,119.19300079,30.89,1.172,4.346,-0.81,-0.0,0.0,0.0,1.82,-6.22,-83.09,21.3,0.5,0.5,83.58,567,0,5099
1817009,1,1,10,0.92,26.03082275,119.19293976,11.6,26.03063774,119.19300079,30.89,1.174,4.339,-0.809,0.0,0.0,-0.0,1.84,-6.22,-83.09,21.3,0.5,0.5,83.58,567,0,5102
1817215,1,1,10,0.92,26.03082275,119.19293976,11.6,26.03063774,119.19300079,30.89,1.175,4.336,-0.809,-0.0,-0.0,-0.0,1.83,-6.23,-83.04,21.3,0.5,0.5,83.58,567,0,5103
1817415,1,1,10,0.92,26.03082275,119.19293976,11.6,26.03063774,119.19300079,30.89,1.175,4.334,-0.809,-0.0,-0.0,0.0,1.84,-6.24,-83.06,21.3,0.5,0.5,83.58,567,0,5103
1817630,1,1,10,0.92,26.03081512,119.19293976,12.5,26.03063965,119.19300079,30.89,1.167,4.364,-0.812,0.0,-0.0,0.0,1.85,-6.23,-83.08,20.484,0.5,0.5,83.58,568,0,5106
1817841,1,1,10,0.92,26.03081512,119.19293976,12.5,26.03063774,119.19300079,30.89,1.172,4.345,-0.81,0.0,-0.0,0.0,1.86,-6.24,-83.06,20.484,0.5,0.5,80.52,568,0,5109
1818057,1,1,10,0.92,26.03081512,119.19293976,12.5,26.03063774,119.19300079,30.89,1.174,4.338,-0.809,0.0,0.0,0.0,1.86,-6.24,-83.06,20.484,0.5,0.5,80.52,568,0,5112
1818260,1,1,10,0.92,26.03081512,119.19293976,12.5,26.03063774,119.19300079,30.89,1.175,4.335,-0.809,-0.0,0.0,-0.0,1.86,-6.22,-83.08,20.484,0.5,0.5,80.52,568,0,5112
1818464,1,1,10,0.92,26.03081512,119.19293976,12.5,26.03063774,119.19300079,30.89,1.175,4.334,-0.809,-0.0,0.0,0.001,1.85,-6.22,-83.09,20.484,0.5,0.5,80.52,568,0,5112
1818703,1,1,10,0.8,26.03081131,119.19293976,13.5,26.03063965,119.19300079,30.89,1.169,4.353,-0.81,-0.0,0.0,0.001,1.86,-6.22,-83.13,20.076,0.5,0.5,80.52,569,0,5116
1818905,1,1,10,0.8,26.03081131,119.19293976,13.5,26.03063774,119.19300079,30.89,1.173,4.341,-0.809,0.0,-0.0,0.0,1.87,-6.23,-83.14,20.076,0.5,0.5,80.55,569,0,5118
1819108,1,1,10,0.8,26.03081131,119.19293976,13.5,26.03063774,119.19300079,30.89,1.174,4.337,-0.809,0.0,0.0,0.0,1.88,-6.24,-83.11,20.076,0.5,0.5,80.55,569,0,5121
1819312,1,1,10,0.8,26.03081131,119.19293976,13.5,26.03063774,119.19300079,30.89,1.175,4.335,-0.809,-0.0,0.0,0.0,1.87,-6.25,-83.13,20.076,0.5,0.5,80.55,569,0,5121
1819515,1,1,10,0.8,26.03081131,119.19293976,13.5,26.03063774,119.19300079,30.89,1.175,4.334,-0.809,-0.0,-0.0,0.0,1.86,-6.25,-83.11,20.076,0.5,0.5,80.55,569,0,5121
1819719,1,1,10,0.8,26.03079796,119.19293976,14.7,26.03063774,119.19300079,30.89,1.169,4.352,-0.81,-0.0,-0.0,0.0,1.86,-6.26,-83.1,18.657,0.5,0.5,80.55,570,0,5125
1819927,1,1,10,0.8,26.03079796,119.19293976,14.7,26.03063774,119.19300079,30.89,1.173,4.341,-0.809,0.0,0.0,0.0,1.86,-6.25,-83.1,18.657,0.5,0.5,83.09,570,0,5128
1820131,1,1,10,0.8,26.03079796,119.19293976,14.7,26.03063774,119.19300079,30.89,1.174,4.336,-0.809,0.0,0.0,-0.0,1.87,-6.24,-83.09,18.657,0.5,0.5,83.09,570,0,5130
1820336,1,1,10,0.8,26.03079796,119.19293976,14.7,26.03063774,119.19300079,30.89,1.175,4.335,-0.809,0.0,-0.0,-0.0,1.88,-6.25,-83.09,18.657,0.5,0.5,83.09,570,0,5130
1820546,1,1,10,0.8,26.03079414,119.19293976,14.7,26.03063774,119.19300079,30.89,1.175,4.334,-0.809,-0.0,0.0,0.0,1.87,-6.24,-83.09,18.657,0.5,0.5,83.09,570,0,5131
1820756,1,1,10,0.8,26.03079414,119.19293976,15.9,26.03063774,119.19300079,30.89,1.169,4.351,-0.81,0.0,-0.0,-0.0,1.88,-6.26,-83.1,18.254,0.5,0.5,83.09,571,0,5134
1820961,1,1,10,0.8,26.03079414,119.19293976,15.9,26.03063774,119.19300079,30.89,1.173,4.341,-0.809,0.0,0.0,0.0,1.89,-6.26,-83.1,18.254,0.5,0.5,82.21,571,0,5137
1821163,1,1,10,0.8,26.03079414,119.19293976,15.9,26.03063774,119.19300079,30.89,1.174,4.336,-0.809,-0.0,0.0,0.0,1.9,-6.25,-83.11,18.254,0.5,0.5,82.21,571,0,5139
1821366,1,1,10,0.8,26.03079414,119.19293976,15.9,26.03063774,119.19300079,30.89,1.175,4.335,-0.809,-0.0,0.0,-0.0,1.89,-6.24,-83.09,18.254,0.5,0.5,82.21,571,0,5139
1821575,1,1,10,0.8,26.03078651,119.19295502,15.9,26.03063774,119.19300079,30.89,1.175,4.334,-0.809,0.0,-0.0,-0.0,1.89,-6.24,-83.1,18.254,0.5,0.5,82.21,571,0,5141
1821782,1,1,10,0.8,26.03078651,119.19295502,17.2,26.03063774,119.19300079,30.89,1.171,4.35,-0.81,0.0,0.0,0.0,1.91,-6.24,-83.12,17.008,0.5,0.5,82.21,572,0,5144
1821983,1,1,10,0.8,26.03078651,119.19295502,17.2,26.03063774,119.19300079,30.89,1.174,4.34,-0.809,0.0,0.0,-0.0,1.9,-6.23,-83.11,17.008,0.5,0.5,79.65,572,0,5147
1822188,1,1,10,0.8,26.03078651,119.19295502,17.2,26.03063774,119.19300079,30.89,1.175,4.336,-0.809,-0.0,0.0,0.0,1.87,-6.22,-83.09,17.008,0.5,0.5,79.65,572,0,5148
1822391,1,1,10,0.8,26.03078651,119.19295502,17.2,26.03063774,119.19300079,30.89,1.175,4.335,-0.809,-0.0,0.0,0.0,1.87,-6.22,-83.08,17.008,0.5,0.5,79.65,572,0,5148
1822592,1,1,10,0.8,26.0307827,119.19295502,17.2,26.03063774,119.19300079,30.89,1.175,4.334,-0.809,0.0,0.0,0.0,1.88,-6.23,-83.06,17.008,0.5,0.5,79.65,572,0,5150
1822815,1,1,10,0.8,26.0307827,119.19295502,18.5,26.03063774,119.19300079,30.89,1.173,4.344,-0.809,-0.0,0.0,0.0,1.86,-6.23,-83.04,16.597,0.5,0.5,79.65,573,0,5153
1823020,1,1,10,0.8,26.0307827,119.19295502,18.5,26.03063774,119.19300079,30.89,1.174,4.338,-0.809,0.0,-0.0,0.0,1.87,-6.24,-83.05,16.597,0.5,0.5,85.0,573,0,5156
1823230,1,1,10,0.8,26.0307827,119.19295502,18.5,26.03063774,119.19300079,30.89,1.175,4.335,-0.809,-0.0,-0.0,0.0,1.88,-6.24,-83.09,16.597,0.5,0.5,85.0,573,0,5157
1823437,1,1,10,0.8,26.0307827,119.19295502,18.5,26.03063774,119.19300079,30.89,1.175,4.334,-0.809,-0.0,-0.0,0.0,1.88,-6.24,-83.08,16.597,0.5,0.5,85.0,573,0,5157
1823645,1,1,10,0.8,26.03076553,119.19298553,18.5,26.03063774,119.19300079,30.89,1.175,4.334,-0.809,0.0,-0.0,0.0,1.89,-6.23,-83.07,16.597,0.5,0.5,85.0,573,0,5159
1823846,1,1,11,0.74,26.03076553,119.19298553,22.0,26.03063774,119.19300079,30.89,1.175,4.343,-0.809,0.0,0.0,-0.0,1.87,-6.22,-83.09,14.187,0.5,0.5,85.0,574,0,5162
1824049,1,1,11,0.74,26.03076553,119.19298553,22.0,26.03063774,119.19300079,30.89,1.175,4.337,-0.809,0.0,-0.0,0.0,1.89,-6.24,-83.12,14.187,0.5,0.5,82.1,574,0,5166
1824249,1,1,11,0.74,26.03076553,119.19298553,22.0,26.03063774,119.19300079,30.89,1.175,4.335,-0.809,0.0,0.0,0.0,1.87,-6.25,-83.12,14.187,0.5,0.5,82.1,574,0,5166
1824460,1,1,11,0.74,26.03076553,119.19298553,22.0,26.03063774,119.19300079,30.89,1.175,4.334,-0.809,-0.0,0.0,0.0,1.87,-6.24,-83.11,14.187,0.5,0.5,82.1,574,0,5166
1824669,1,1,11,0.74,26.03075409,119.19298553,24.7,26.03063965,119.19300079,30.89,1.173,4.354,-0.81,-0.0,-0.0,-0.0,1.87,-6.25,-83.1,12.918,0.5,0.5,82.1,575,0,5169
1824875,1,1,11,0.74,26.03075409,119.19298553,24.7,26.03063774,119.19300079,30.89,1.175,4.342,-0.809,0.0,-0.0,-0.0,1.89,-6.26,-83.1,12.918,0.5,0.5,82.1,575,0,5172
1825081,1,1,11,0.74,26.03075409,119.19298553,24.7,26.03063774,119.19300079,30.89,1.175,4.337,-0.809,-0.0,-0.0,0.0,1.89,-6.26,-83.1,12.918,0.5,0.5,80.82,575,0,5175
1825291,1,1,11,0.74,26.03075409,119.19298553,24.7,26.03063774,119.19300079,30.89,1.175,4.335,-0.809,0.0,0.0,0.0,1.9,-6.25,-83.1,12.918,0.5,0.5,80.82,575,0,5175
1825499,1,1,11,0.74,26.03075409,119.19298553,24.7,26.03063774,119.19300079,30.89,1.175,4.334,-0.809,-0.0,0.0,-0.0,1.89,-6.25,-83.09,12.918,0.5,0.5,80.82,575,0,5175
1825706,1,1,11,0.74,26.03074455,119.19300079,27.0,26.03063774,119.19300079,30.89,1.176,4.346,-0.809,0.0,0.0,-0.0,1.89,-6.23,-83.11,11.808,0.5,0.5,80.82,576,0,5179
1825908,1,1,11,0.74,26.03074455,119.19300079,27.0,26.03063774,119.19300079,30.89,1.175,4.338,-0.809,0.0,-0.0,0.001,1.88,-6.25,-83.1,11.808,0.5,0.5,83.58,576,0,5181
1826114,1,1,11,0.74,26.03074455,119.19300079,27.0,26.03063774,119.19300079,30.89,1.175,4.336,-0.809,-0.0,0.0,0.0,1.87,-6.24,-83.11,11.808,0.5,0.5,83.58,576,0,5184
1826321,1,1,11,0.74,26.03074455,119.19300079,27.0,26.03063774,119.19300079,30.89,1.175,4.334,-0.809,-0.0,0.0,0.0,1.87,-6.24,-83.13,11.808,0.5,0.5,83.58,576,0,5184
1826527,1,1,11,0.74,26.03073311,119.19300079,27.0,26.03063774,119.19300079,30.89,1.175,4.334,-0.809,0.0,-0.0,0.0,1.87,-6.26,-83.13,11.808,0.5,0.5,83.58,576,0,5185
1826734,1,1,11,0.74,26.03073311,119.19300079,29.0,26.03063774,119.19300079,30.89,1.176,4.344,-0.809,-0.0,0.0,-0.0,1.87,-6.26,-83.14,10.535,0.5,0.5,83.58,577,0,5188
1826944,1,1,11,0.74,26.03073311,119.19300079,29.0,26.03063774,119.19300079,30.89,1.175,4.338,-0.809,-0.0,-0.0,-0.001,1.87,-6.26,-83.12,10.535,0.5,0.5,83.01,577,0,5191
1827145,1,1,11,0.74,26.03073311,119.19300079,29.0,26.03063774,119.19300079,30.89,1.175,4.335,-0.809,-0.0,0.0,-0.0,1.87,-6.25,-83.12,10.535,0.5,0.5,83.01,577,0,5193
1827345,1,1,11,0.74,26.03073311,119.19300079,29.0,26.03063774,119.19300079,30.89,1.175,4.334,-0.809,0.0,0.0,0.001,1.87,-6.25,-83.12,10.535,0.5,0.5,83.01,577,0,5193
1827568,1,1,11,0.74,26.03072929,119.19301605,29.0,26.03063774,119.19300079,30.89,1.175,4.334,-0.809,-0.0,-0.0,-0.0,1.88,-6.25,-83.1,10.535,0.5,0.5,83.01,577,0,5195
1827771,1,1,11,0.78,26.03072929,119.19301605,30.5,26.03063774,119.19300079,30.89,1.177,4.344,-0.809,-0.0,0.0,0.0,1.87,-6.22,-83.09,10.277,0.5,0.5,83.01,578,0,5198
1827975,1,1,11,0.78,26.03072929,119.19301605,30.5,26.03063774,119.19300079,30.89,1.176,4.338,-0.809,-0.0,0.0,-0.0,1.86,-6.21,-83.08,10.277,0.5,0.5,81.47,578,0,5201
1828179,1,1,11,0.78,26.03072929,119.19301605,30.5,26.03063774,119.19300079,30.89,1.176,4.335,-0.809,0.0,0.0,-0.0,1.87,-6.22,-83.08,10.277,0.5,0.5,81.47,578,0,5202
1828385,1,1,11,0.78,26.03072929,119.19301605,30.5,26.03063774,119.19300079,30.89,1.175,4.334,-0.809,0.0,-0.0,0.0,1.86,-6.24,-83.1,10.277,0.5,0.5,81.47,578,0,5202
1828590,1,1,11,0.78,26.03072166,119.19301605,30.5,26.03063774,119.19300079,30.89,1.175,4.334,-0.809,0.0,0.0,-0.0,1.87,-6.23,-83.08,10.277,0.5,0.5,81.47,578,0,5204
1828802,1,1,11,0.78,26.03072166,119.19301605,31.8,26.03063774,119.19300079,30.89,1.176,4.34,-0.809,0.0,-0.0,-0.0,1.86,-6.25,-83.08,9.443,0.5,0.5,81.47,579,0,5207
1829006,1,1,11,0.78,26.03072166,119.19301605,31.8,26.03063774,119.19300079,30.89,1.176,4.336,-0.809,0.0,-0.0,0.0,1.86,-6.24,-83.06,9.443,0.5,0.5,82.44,579,0,5210
1829209,1,1,11,0.78,26.03072166,119.19301605,31.8,26.03063774,119.19300079,30.89,1.175,4.335,-0.809,0.0,-0.0,0.001,1.88,-6.24,-83.07,9.443,0.5,0.5,82.44,579,0,5211
1829417,1,1,11,0.78,26.03072166,119.19301605,31.8,26.03063774,119.19300079,30.89,1.175,4.334,-0.809,0.0,0.0,-0.0,1.87,-6.24,-83.09,9.443,0.5,0.5,82.44,579,0,5211
1829623,1,1,11,0.78,26.03071213,119.19301605,31.8,26.03063774,119.19300079,30.89,1.175,4.334,-0.809,0.0,0.0,0.0,1.88,-6.24,-83.09,9.443,0.5,0.5,82.44,579,0,5213
1829832,1,1,11,0.78,26.03071213,119.19301605,33.2,26.03063774,119.19300079,30.89,1.176,4.339,-0.809,-0.0,-0.0,0.0,1.87,-6.26,-83.1,8.406,0.5,0.5,82.44,580,0,5216
1830033,1,1,11,0.78,26.03071213,119.19301605,33.2,26.03063774,119.19300079,30.89,1.176,4.336,-0.809,-0.0,-0.0,-0.0,1.86,-6.25,-83.09,8.406,0.5,0.5,80.82,580,0,5220
1830236,1,1,11,0.78,26.03071213,119.19301605,33.2,26.03063774,119.19300079,30.89,1.175,4.334,-0.809,-0.0,-0.0,0.0,1.84,-6.24,-83.1,8.406,0.5,0.5,80.82,580,0,5220
1830439,1,1,11,0.78,26.03071213,119.19301605,33.2,26.03063774,119.19300079,30.89,1.175,4.334,-0.809,0.0,-0.0,0.0,1.85,-6.24,-83.09,8.406,0.5,0.5,80.82,580,0,5220
1830647,1,1,11,0.78,26.03071213,119.19303131,34.2,26.03063774,119.19300079,30.89,1.181,4.347,-0.808,0.0,0.0,-0.0,1.85,-6.24,-83.07,8.872,0.5,0.5,80.82,581,0,5223
1830855,1,1,11,0.78,26.03071213,119.19303131,34.2,26.03063774,119.19300079,30.89,1.177,4.339,-0.808,-0.0,0.0,0.0,1.87,-6.24,-83.1,8.872,0.5,0.5,80.82,581,0,5226
1831067,1,1,11,0.78,26.03071213,119.19303131,34.2,26.03063774,119.19300079,30.89,1.176,4.336,-0.809,0.0,-0.0,-0.0,1.88,-6.24,-83.12,8.872,0.5,0.5,81.24,581,0,5229
1831271,1,1,11,0.78,26.03071213,119.19303131,34.2,26.03063774,119.19300079,30.89,1.176,4.334,-0.809,-0.0,0.0,-0.0,1.87,-6.23,-83.13,8.872,0.5,0.5,81.24,581,0,5229
1831476,1,1,11,0.78,26.03071213,119.19303131,34.2,26.03063774,119.19300079,30.89,1.175,4.334,-0.809,0.0,0.0,-0.0,1.87,-6.24,-83.12,8.872,0.5,0.5,81.24,581,0,5229
1831706,1,1,11,0.78,26.0307045,119.19301605,35.1,26.03063774,119.19300079,30.89,1.177,4.341,-0.808,-0.0,0.0,0.0,1.84,-6.21,-83.13,7.58,0.5,0.5,81.24,582,0,5233
1831915,1,1,11,0.78,26.0307045,119.19301605,35.1,26.03063774,119.19300079,30.89,1.176,4.337,-0.809,0.0,0.0,0.0,1.86,-6.21,-83.13,7.58,0.5,0.5,81.24,582,0,5236
1832117,1,1,11,0.78,26.0307045,119.19301605,35.1,26.03063774,119.19300079,30.89,1.176,4.335,-0.809,0.0,-0.0,0.0,1.86,-6.22,-83.1,7.58,0.5,0.5,85.66,582,0,5238
1832321,1,1,11,0.78,26.0307045,119.19301605,35.1,26.03063774,119.19300079,30.89,1.175,4.334,-0.809,-0.0,0.0,0.0,1.86,-6.22,-83.1,7.58,0.5,0.5,85.66,582,0,5238
1832528,1,1,11,0.78,26.0307045,119.19303131,35.1,26.03063774,119.19300079,30.89,1.175,4.334,-0.809,0.0,-0.0,0.0,1.86,-6.22,-83.1,7.58,0.5,0.5,85.66,582,0,5239
1832734,1,1,11,0.78,26.0307045,119.19303131,36.1,26.03063774,119.19300079,30.89,1.179,4.341,-0.808,0.0,-0.0,-0.0,1.84,-6.24,-83.1,8.094,0.5,0.5,85.66,583,0,5242
1832945,1,1,11,0.78,26.0307045,119.19303131,36.1,26.03063774,119.19300079,30.89,1.177,4.337,-0.808,-0.0,0.0,0.0,1.84,-6.23,-83.12,8.094,0.5,0.5,85.66,583,0,5245
1833151,1,1,11,0.78,26.0307045,119.19303131,36.1,26.03063774,119.19300079,30.89,1.176,4.335,-0.809,-0.0,0.0,0.0,1.84,-6.23,-83.13,8.094,0.5,0.5,82.0,583,0,5247
1833357,1,1,11,0.78,26.0307045,119.19303131,36.1,26.03063774,119.19300079,30.89,1.176,4.334,-0.809,-0.0,0.0,0.0,1.83,-6.23,-83.16,8.094,0.5,0.5,82.0,583,0,5247
1833572,1,1,11,0.78,26.03070068,119.19304657,36.1,26.03063774,119.19300079,30.89,1.175,4.334,-0.809,0.0,0.0,-0.0,1.85,-6.22,-83.15,8.094,0.5,0.5,82.0,583,0,5249
1833777,1,1,11,0.74,26.03070068,119.19304657,37.4,26.03063774,119.19300079,30.89,1.18,4.341,-0.808,0.0,0.0,0.0,1.86,-6.22,-83.12,8.496,0.5,0.5,82.0,584,0,5252
1833978,1,1,11,0.74,26.03070068,119.19304657,37.4,26.03063774,119.19300079,30.89,1.177,4.336,-0.808,-0.0,-0.0,-0.0,1.88,-6.24,-83.11,8.496,0.5,0.5,82.0,584,0,5255
1834183,1,1,11,0.74,26.03070068,119.19304657,37.4,26.03063774,119.19300079,30.89,1.176,4.335,-0.809,-0.0,0.0,0.001,1.86,-6.24,-83.12,8.496,0.5,0.5,80.2,584,0,5256
1834385,1,1,11,0.74,26.03070068,119.19304657,37.4,26.03063774,119.19300079,30.89,1.176,4.334,-0.809,0.0,-0.0,0.0,1.86,-6.25,-83.11,8.496,0.5,0.5,80.2,584,0,5256
1834594,1,1,11,0.74,26.03070068,119.19304657,37.4,26.03063774,119.19300079,30.89,1.175,4.334,-0.809,0.0,-0.0,-0.0,1.86,-6.26,-83.09,8.496,0.5,0.5,80.2,584,0,5258
1834806,1,1,11,0.78,26.03070068,119.19304657,38.3,26.03063774,119.19300079,30.89,1.178,4.338,-0.808,-0.0,-0.0,0.0,1.85,-6.25,-83.05,8.496,0.5,0.5,80.2,585,0,5261
1835008,1,1,11,0.78,26.03070068,119.19304657,38.3,26.03063774,119.19300079,30.89,1.177,4.335,-0.808,-0.0,0.0,0.0,1.87,-6.22,-83.06,8.496,0.5,0.5,80.2,585,0,5264
1835209,1,1,11,0.78,26.03070068,119.19304657,38.3,26.03063774,119.19300079,30.89,1.176,4.334,-0.809,-0.0,0.0,0.0,1.85,-6.22,-83.08,8.496,0.5,0.5,80.9,585,0,5265
1835417,1,1,11,0.78,26.03070068,119.19304657,38.3,26.03063774,119.19300079,30.89,1.175,4.334,-0.809,0.0,-0.0,0.0,1.85,-6.22,-83.08,8.496,0.5,0.5,80.9,585,0,5265
1835623,1,1,11,0.78,26.03069305,119.19304657,38.3,26.03063774,119.19300079,30.89,1.175,4.334,-0.809,0.0,-0.0,0.0,1.85,-6.2,-83.08,8.496,0.5,0.5,80.9,585,0,5267
1835831,1,1,11,0.74,26.03069305,119.19304657,39.1,26.03063774,119.19300079,30.89,1.178,4.338,-0.808,0.0,0.0,0.0,1.87,-6.22,-83.11,7.82,0.5,0.5,80.9,586,0,5270
1836034,1,1,11,0.74,26.03069305,119.19304657,39.1,26.03063774,119.19300079,30.89,1.177,4.335,-0.808,-0.0,-0.0,0.0,1.86,-6.24,-83.09,7.82,0.5,0.5,80.9,586,0,5274
1836236,1,1,11,0.74,26.03069305,119.19304657,39.1,26.03063774,119.19300079,30.89,1.176,4.334,-0.809,-0.0,0.0,-0.001,1.86,-6.23,-83.09,7.82,0.5,0.5,82.27,586,0,5274
1836439,1,1,11,0.74,26.03069305,119.19304657,39.1,26.03063774,119.19300079,30.89,1.176,4.334,-0.809,0.0,0.0,-0.0,1.87,-6.24,-83.07,7.82,0.5,0.5,82.27,586,0,5274
1836646,1,1,11,0.74,26.03068924,119.19304657,39.8,26.03063774,119.19300079,30.89,1.183,4.343,-0.807,-0.0,0.0,0.0,1.86,-6.23,-83.08,7.495,0.5,0.5,82.27,587,0,5277
1836854,1,1,11,0.74,26.03068924,119.19304657,39.8,26.03063774,119.19300079,30.89,1.178,4.337,-0.808,-0.0,-0.0,-0.0,1.84,-6.23,-83.11,7.495,0.5,0.5,82.27,587,0,5280
1837067,1,1,11,0.74,26.03068924,119.19304657,39.8,26.03063774,119.19300079,30.89,1.177,4.335,-0.808,0.0,-0.0,0.0,1.85,-6.24,-83.13,7.495,0.5,0.5,82.27,587,0,5283
1837271,1,1,11,0.74,26.03068924,119.19304657,39.8,26.03063774,119.19300079,30.89,1.176,4.334,-0.809,0.0,-0.0,0.0,1.85,-6.23,-83.15,7.495,0.5,0.5,83.92,587,0,5283
1837477,1,1,11,0.74,26.03068924,119.19304657,39.8,26.03063774,119.19300079,30.89,1.176,4.334,-0.809,-0.0,-0.0,0.0,1.86,-6.23,-83.15,7.495,0.5,0.5,83.92,587,0,5283
1837706,1,1,11,0.74,26.03068924,119.19304657,40.4,26.03063774,119.19300079,30.89,1.18,4.339,-0.808,-0.0,0.0,0.0,1.85,-6.22,-83.12,7.495,0.5,0.5,83.92,588,0,5287
1837907,1,1,11,0.74,26.03068924,119.19304657,40.4,26.03063774,119.19300079,30.89,1.177,4.336,-0.808,0.0,-0.0,0.0,1.83,-6.22,-83.11,7.495,0.5,0.5,83.92,588,0,5289
1838113,1,1,11,0.74,26.03068924,119.19304657,40.4,26.03063774,119.19300079,30.89,1.176,4.335,-0.809,0.0,0.0,-0.0,1.85,-6.23,-83.11,7.495,0.5,0.5,83.92,588,0,5292
1838321,1,1,11,0.74,26.03068924,119.19304657,40.4,26.03063774,119.19300079,30.89,1.176,4.334,-0.809,0.0,0.0,-0.0,1.86,-6.21,-83.09,7.495,0.5,0.5,81.67,588,0,5292
1838521,1,1,11,0.74,26.03068352,119.19304657,40.4,26.03063774,119.19300079,30.89,1.175,4.334,-0.809,0.0,0.0,-0.0,1.86,-6.2,-83.08,7.495,0.5,0.5,81.67,588,0,5293
1838735,1,1,11,0.78,26.03068352,119.19304657,40.7,26.03063774,119.19300079,30.89,1.18,4.339,-0.808,-0.0,-0.0,0.0,1.86,-6.21,-83.11,7.028,0.5,0.5,81.67,589,0,5296
1838941,1,1,11,0.78,26.03068352,119.19304657,40.7,26.03063774,119.19300079,30.89,1.177,4.336,-0.808,0.0,-0.0,-0.0,1.86,-6.2,-83.12,7.028,0.5,0.5,81.67,589,0,5299
1839146,1,1,11,0.78,26.03068352,119.19304657,40.7,26.03063774,119.19300079,30.89,1.176,4.334,-0.809,-0.0,-0.0,0.0,1.86,-6.2,-83.13,7.028,0.5,0.5,83.91,589,0,5301
1839351,1,1,11,0.78,26.03068352,119.19304657,40.7,26.03063774,119.19300079,30.89,1.176,4.334,-0.809,-0.0,0.0,-0.0,1.86,-6.2,-83.14,7.028,0.5,0.5,83.91,589,0,5301
1839556,1,1,11,0.78,26.03068352,119.19304657,40.7,26.03063774,119.19300079,30.89,1.175,4.334,-0.809,0.0,-0.0,0.001,1.86,-6.21,-83.11,7.028,0.5,0.5,83.91,589,0,5302
1839763,1,1,11,0.78,26.03068352,119.19304657,41.2,26.03063774,119.19300079,30.89,1.18,4.339,-0.808,-0.0,-0.0,0.0,1.86,-6.21,-83.09,7.028,0.5,0.5,83.91,590,0,5305
1839970,1,1,11,0.78,26.03068352,119.19304657,41.2,26.03063774,119.19300079,30.89,1.177,4.336,-0.808,0.0,0.0,0.0,1.87,-6.2,-83.08,7.028,0.5,0.5,83.91,590,0,5308
1840179,1,1,11,0.78,26.03068352,119.19304657,41.2,26.03063774,119.19300079,30.89,1.176,4.334,-0.809,0.0,0.0,0.0,1.88,-6.22,-83.07,7.028,0.5,0.5,81.29,590,0,5310
1840380,1,1,11,0.78,26.03068352,119.19304657,41.2,26.03063774,119.19300079,30.89,1.176,4.334,-0.809,-0.0,0.0,-0.0,1.88,-6.2,-83.11,7.028,0.5,0.5,81.29,590,0,5310
1840580,1,1,11,0.78,26.03067589,119.19306946,41.2,26.03063774,119.19300079,30.89,1.175,4.334,-0.809,-0.0,0.0,0.0,1.87,-6.19,-83.12,7.028,0.5,0.5,81.29,590,0,5312
1840818,1,1,11,0.78,26.03067589,119.19306946,41.5,26.03063774,119.19300079,30.89,1.18,4.336,-0.808,-0.0,-0.0,-0.0,1.84,-6.19,-83.11,8.332,0.5,0.5,81.29,591,0,5315
1841026,1,1,11,0.78,26.03067589,119.19306946,41.5,26.03063774,119.19300079,30.89,1.177,4.335,-0.808,0.0,0.0,0.001,1.86,-6.2,-83.11,8.332,0.5,0.5,81.29,591,0,5318
1841230,1,1,11,0.78,26.03067589,119.19306946,41.5,26.03063774,119.19300079,30.89,1.176,4.334,-0.809,-0.0,0.0,-0.0,1.87,-6.18,-83.12,8.332,0.5,0.5,86.48,591,0,5319
1841431,1,1,11,0.78,26.03067589,119.19306946,41.5,26.03063774,119.19300079,30.89,1.176,4.334,-0.809,0.0,-0.0,0.0,1.87,-6.2,-83.11,8.332,0.5,0.5,86.48,591,0,5319
1841640,1,1,11,0.78,26.03067589,119.19306946,42.0,26.03063774,119.19300079,30.89,1.187,4.34,-0.807,0.0,-0.0,0.0,1.87,-6.22,-83.11,8.332,0.5,0.5,86.48,592,0,5322
1841849,1,1,11,0.78,26.03067589,119.19306946,42.0,26.03063774,119.19300079,30.89,1.18,4.336,-0.808,0.0,-0.0,0.001,1.88,-6.21,-83.1,8.332,0.5,0.5,86.48,592,0,5325
1842054,1,1,11,0.78,26.03067589,119.19306946,42.0,26.03063774,119.19300079,30.89,1.177,4.335,-0.808,-0.0,-0.0,-0.0,1.88,-6.22,-83.11,8.332,0.5,0.5,86.48,592,0,5328
1842255,1,1,11,0.78,26.03067589,119.19306946,42.0,26.03063774,119.19300079,30.89,1.176,4.334,-0.809,0.0,-0.0,0.0,1.89,-6.22,-83.12,8.332,0.5,0.5,82.75,592,0,5328
1842466,1,1,11,0.78,26.03067589,119.19306946,42.0,26.03063774,119.19300079,30.89,1.176,4.334,-0.809,-0.0,-0.0,0.0,1.87,-6.22,-83.08,8.332,0.5,0.5,82.75,592,0,5328
1842666,1,1,10,0.78,26.03066826,119.19306946,42.3,26.03063774,119.19300079,30.89,1.183,4.337,-0.808,0.0,0.0,0.0,1.88,-6.22,-83.09,7.942,0.396,0.396,82.75,593,0,5331
1842869,1,1,10,0.78,26.03066826,119.19306946,42.3,26.03063774,119.19300079,30.89,1.178,4.335,-0.808,0.0,0.0,-0.0,1.88,-6.2,-83.1,7.942,0.396,0.396,82.75,593,0,5334
1843072,1,1,10,0.78,26.03066826,119.19306946,42.3,26.03063774,119.19300079,30.89,1.176,4.334,-0.809,-0.0,-0.0,-0.0,1.85,-6.21,-83.11,7.942,0.396,0.396,82.75,593,0,5337
1843277,1,1,10,0.78,26.03066826,119.19306946,42.3,26.03063774,119.19300079,30.89,1.176,4.334,-0.809,0.0,-0.0,0.0,1.85,-6.21,-83.12,7.942,0.396,0.396,83.25,593,0,5337
1843482,1,1,10,0.78,26.03066826,119.19306946,42.3,26.03063774,119.19300079,30.89,1.175,4.334,-0.809,-0.0,0.0,0.0,1.83,-6.19,-83.14,7.942,0.396,0.396,83.25,593,0,5337
1843686,1,1,10,0.78,26.03066826,119.19306946,42.5,26.03063774,119.19300079,30.89,1.187,4.339,-0.807,0.0,0.0,0.0,1.84,-6.18,-83.14,7.942,0.5,0.5,83.25,594,0,5340
1843889,1,1,10,0.78,26.03066826,119.19306946,42.5,26.03063774,119.19300079,30.89,1.18,4.336,-0.808,0.0,-0.0,0.001,1.85,-6.19,-83.09,7.942,0.5,0.5,83.25,594,0,5343
1844090,1,1,10,0.78,26.03066826,119.19306946,42.5,26.03063774,119.19300079,30.89,1.177,4.334,-0.808,-0.0,-0.0,0.0,1.84,-6.19,-83.09,7.942,0.5,0.5,83.25,594,0,5346
1844290,1,1,10,0.78,26.03066826,119.19306946,42.5,26.03063774,119.19300079,30.89,1.176,4.334,-0.809,0.0,-0.0,0.0,1.85,-6.2,-83.12,7.942,0.5,0.5,85.91,594,0,5346
1844495,1,1,10,0.78,26.03066826,119.19306946,42.5,26.03063774,119.19300079,30.89,1.176,4.334,-0.809,0.0,-0.0,-0.0,1.85,-6.21,-83.13,7.942,0.5,0.5,85.91,594,0,5346
1844711,1,1,10,0.78,26.03066063,119.19306946,42.7,26.03063774,119.19300079,30.89,1.183,4.336,-0.808,-0.0,0.0,0.0,1.86,-6.19,-83.13,7.627,0.5,0.5,85.91,595,0,5350
1844921,1,1,10,0.78,26.03066063,119.19306946,42.7,26.03063774,119.19300079,30.89,1.178,4.335,-0.808,-0.0,-0.0,-0.0,1.85,-6.2,-83.12,7.627,0.5,0.5,85.91,595,0,5353
1845126,1,1,10,0.78,26.03066063,119.19306946,42.7,26.03063774,119.19300079,30.89,1.176,4.334,-0.809,-0.0,-0.0,0.0,1.85,-6.19,-83.11,7.627,0.5,0.5,85.91,595,0,5355
1845331,1,1,10,0.78,26.03066063,119.19306946,42.7,26.03063774,119.19300079,30.89,1.176,4.334,-0.809,0.0,0.0,-0.0,1.85,-6.21,-83.08,7.627,0.5,0.5,81.45,595,0,5355
1845540,1,1,10,0.78,26.03066063,119.19306946,42.7,26.03063774,119.19300079,30.89,1.175,4.334,-0.809,0.0,-0.0,0.0,1.86,-6.21,-83.11,7.627,0.5,0.5,81.45,595,0,5356
1845749,1,1,10,0.78,26.03066063,119.19306946,43.1,26.03063774,119.19300079,30.89,1.183,4.336,-0.807,-0.0,-0.0,0.0,1.86,-6.19,-83.11,7.627,0.5,0.5,81.45,596,0,5359
1845962,1,1,10,0.78,26.03066063,119.19306946,43.1,26.03063774,119.19300079,30.89,1.178,4.335,-0.808,0.0,-0.0,-0.0,1.86,-6.2,-83.13,7.627,0.5,0.5,81.45,596,0,5362
1846164,1,1,10,0.78,26.03066063,119.19306946,43.1,26.03063774,119.19300079,30.89,1.176,4.334,-0.809,0.0,-0.0,-0.001,1.87,-6.22,-83.12,7.627,0.5,0.5,81.45,596,0,5364
1846365,1,1,10,0.78,26.03066063,119.19306946,43.1,26.03063774,119.19300079,30.89,1.176,4.334,-0.809,0.0,0.0,0.0,1.87,-6.21,-83.11,7.627,0.5,0.5,83.58,596,0,5364
1846582,1,1,10,0.78,26.03066063,119.19308472,43.1,26.03063774,119.19300079,30.89,1.175,4.334,-0.809,0.0,0.0,0.0,1.88,-6.21,-83.1,7.627,0.5,0.5,83.58,596,0,5366
1846818,1,1,10,0.78,26.03066063,119.19308472,43.5,26.03063774,119.19300079,30.89,1.181,4.335,-0.808,-0.0,0.0,0.0,1.87,-6.2,-83.1,9.085,0.5,0.5,83.58,597,0,5369
1847019,1,1,10,0.78,26.03066063,119.19308472,43.5,26.03063774,119.19300079,30.89,1.178,4.334,-0.808,0.0,-0.0,0.0,1.88,-6.2,-83.1,9.085,0.5,0.5,83.58,597,0,5372
1847230,1,1,10,0.78,26.03066063,119.19308472,43.5,26.03063774,119.19300079,30.89,1.176,4.334,-0.809,0.0,-0.0,0.001,1.89,-6.23,-83.1,9.085,0.5,0.5,83.58,597,0,5373
1847437,1,1,10,0.78,26.03066063,119.19308472,43.5,26.03063774,119.19300079,30.89,1.176,4.334,-0.809,-0.0,-0.0,-0.0,1.88,-6.23,-83.09,9.085,0.5,0.5,86.74,597,0,5373
1847647,1,1,10,0.86,26.03065109,119.19308472,43.7,26.03063774,119.19300079,30.89,1.189,4.336,-0.807,0.0,0.0,0.0,1.89,-6.22,-83.08,8.857,0.5,0.5,86.74,598,0,5376
1847858,1,1,10,0.86,26.03065109,119.19308472,43.7,26.03063774,119.19300079,30.89,1.181,4.335,-0.808,0.0,0.0,0.0,1.9,-6.2,-83.12,8.857,0.5,0.5,86.74,598,0,5379
1848068,1,1,10,0.86,26.03065109,119.19308472,43.7,26.03063774,119.19300079,30.89,1.177,4.334,-0.808,-0.0,0.0,0.0,1.89,-6.19,-83.13,8.857,0.5,0.5,86.74,598,0,5382
1848271,1,1,10,0.86,26.03065109,119.19308472,43.7,26.03063774,119.19300079,30.89,1.176,4.334,-0.809,-0.0,-0.0,0.0,1.88,-6.19,-83.12,8.857,0.5,0.5,81.67,598,0,5382
1848471,1,1,10,0.86,26.03065109,119.19308472,43.7,26.03063774,119.19300079,30.89,1.176,4.334,-0.809,0.0,-0.0,0.0,1.88,-6.19,-83.12,8.857,0.5,0.5,81.67,598,0,5382
1848707,1,1,10,0.86,26.03065109,119.19308472,43.9,26.03063774,119.19300079,30.89,1.184,4.335,-0.807,0.0,-0.0,0.0,1.87,-6.19,-83.13,8.857,0.5,0.5,81.67,599,0,5386
1848915,1,1,10,0.86,26.03065109,119.19308472,43.9,26.03063774,119.19300079,30.89,1.179,4.334,-0.808,0.0,-0.0,0.0,1.89,-6.21,-83.13,8.857,0.5,0.5,81.67,599,0,5389
1849117,1,1,10,0.86,26.03065109,119.19308472,43.9,26.03063774,119.19300079,30.89,1.177,4.334,-0.808,0.0,-0.0,-0.0,1.89,-6.23,-83.13,8.857,0.5,0.5,81.67,599,0,5391
1849321,1,1,10,0.86,26.03065109,119.19308472,43.9,26.03063774,119.19300079,30.89,1.176,4.334,-0.809,-0.0,0.0,-0.0,1.87,-6.22,-83.16,8.857,0.5,0.5,86.57,599,0,5391
1849529,1,1,10,0.86,26.03064728,119.19308472,43.9,26.03063774,119.19300079,30.89,1.176,4.334,-0.809,-0.0,-0.0,0.0,1.87,-6.23,-83.14,8.857,0.5,0.5,86.57,599,0,5392
1849745,1,1,10,0.86,26.03064728,119.19308472,44.2,26.03063774,119.19300079,30.89,1.184,4.335,-0.807,-0.0,0.0,0.0,1.87,-6.21,-83.15,8.8,0.5,0.5,86.57,600,0,5395
1849956,1,1,10,0.86,26.03064728,119.19308472,44.2,26.03063774,119.19300079,30.89,1.179,4.334,-0.808,0.0,0.0,0.0,1.89,-6.19,-83.15,8.8,0.5,0.5,86.57,600,0,5398
1850159,1,1,10,0.86,26.03064728,119.19308472,44.2,26.03063774,119.19300079,30.89,1.177,4.334,-0.808,0.0,-0.0,0.0,1.89,-6.21,-83.16,8.8,0.5,0.5,86.57,600,0,5400
1850361,1,1,10,0.86,26.03064728,119.19308472,44.2,26.03063774,119.19300079,30.89,1.176,4.334,-0.809,-0.0,0.0,0.0,1.89,-6.2,-83.18,8.8,0.5,0.5,82.0,600,0,5400
1850570,1,1,10,0.86,26.03064728,119.19308472,44.2,26.03063774,119.19300079,30.89,1.176,4.334,-0.809,0.0,-0.0,0.0,1.89,-6.22,-83.17,8.8,0.5,0.5,82.0,600,0,5402
1850774,1,1,11,0.86,26.03064728,119.19308472,44.4,26.03063774,119.19300079,30.89,1.184,4.335,-0.807,0.0,-0.0,0.0,1.87,-6.23,-83.18,8.8,0.5,0.5,82.0,601,0,5405
1850976,1,1,11,0.86,26.03064728,119.19308472,44.4,26.03063774,119.19300079,30.89,1.179,4.334,-0.808,0.0,0.0,0.0,1.88,-6.22,-83.17,8.8,0.5,0.5,82.0,601,0,5408
1851183,1,1,11,0.86,26.03064728,119.19308472,44.4,26.03063774,119.19300079,30.89,1.177,4.334,-0.808,0.0,0.0,0.0,1.9,-6.22,-83.18,8.8,0.5,0.5,82.0,601,0,5409
1851385,1,1,11,0.86,26.03064728,119.19308472,44.4,26.03063774,119.19300079,30.89,1.176,4.334,-0.809,0.0,-0.0,0.0,1.91,-6.22,-83.16,8.8,0.5,0.5,81.43,601,0,5409
1851585,1,1,11,0.86,26.03063965,119.19308472,44.4,26.03063774,119.19300079,30.89,1.176,4.334,-0.809,-0.0,0.0,0.001,1.9,-6.23,-83.13,8.8,0.5,0.5,81.43,601,0,5411
1851805,1,1,11,0.86,26.03063965,119.19308472,44.4,26.03063774,119.19300079,30.89,1.181,4.334,-0.808,-0.0,0.0,0.0,1.88,-6.23,-83.11,8.746,0.5,0.5,81.43,602,0,5414
1852007,1,1,11,0.86,26.03063965,119.19308472,44.4,26.03063774,119.19300079,30.89,1.178,4.334,-0.808,0.0,0.0,0.0,1.89,-6.21,-83.12,8.746,0.5,0.5,81.43,602,0,5417
1852209,1,1,11,0.86,26.03063965,119.19308472,44.4,26.03063774,119.19300079,30.89,1.176,4.334,-0.809,0.0,-0.0,0.0,1.88,-6.22,-83.12,8.746,0.5,0.5,81.43,602,0,5418
1852417,1,1,11,0.86,26.03063965,119.19308472,44.4,26.03063774,119.19300079,30.89,1.176,4.334,-0.809,0.0,0.0,-0.0,1.88,-6.21,-83.13,8.746,0.5,0.5,82.85,602,0,5418
1852630,1,1,11,0.86,26.03063583,119.19308472,44.4,26.03063774,119.19300079,30.89,1.175,4.334,-0.809,0.0,-0.0,0.0,1.9,-6.22,-83.16,8.746,0.5,0.5,82.85,602,0,5420
1852837,1,1,11,0.86,26.03063583,119.19308472,44.3,26.03063774,119.19300079,30.89,1.181,4.333,-0.808,0.0,-0.0,0.0,1.9,-6.22,-83.21,8.751,0.5,0.5,82.85,603,0,5423
1853052,1,1,11,0.86,26.03063583,119.19308472,44.3,26.03063774,119.19300079,30.89,1.177,4.334,-0.808,-0.0,-0.0,0.0,1.87,-6.23,-83.17,8.751,0.5,0.5,82.85,603,0,5427
1853255,1,1,11,0.86,26.03063583,119.19308472,44.3,26.03063774,119.19300079,30.89,1.176,4.334,-0.809,-0.0,0.0,-0.0,1.87,-6.22,-83.14,8.751,0.5,0.5,82.85,603,0,5427
1853461,1,1,11,0.86,26.03063583,119.19308472,44.3,26.03063774,119.19300079,30.89,1.176,4.334,-0.809,0.0,0.0,-0.001,1.88,-6.22,-83.13,8.751,0.5,0.5,86.65,603,0,5427
1853669,1,1,12,0.86,26.0306282,119.19308472,44.2,26.03063774,119.19300079,30.89,1.189,4.332,-0.807,0.0,-0.0,0.0,1.88,-6.24,-83.12,8.821,0.5,0.5,86.65,604,0,5430
1853878,1,1,12,0.86,26.0306282,119.19308472,44.2,26.03063774,119.19300079,30.89,1.181,4.333,-0.808,0.0,-0.0,0.0,1.89,-6.24,-83.1,8.821,0.5,0.5,86.65,604,0,5433
1854092,1,1,12,0.86,26.0306282,119.19308472,44.2,26.03063774,119.19300079,30.89,1.178,4.333,-0.808,0.0,-0.0,-0.0,1.89,-6.25,-83.09,8.821,0.5,0.5,86.65,604,0,5436
1854296,1,1,12,0.86,26.0306282,119.19308472,44.2,26.03063774,119.19300079,30.89,1.176,4.334,-0.809,0.0,0.0,0.0,1.9,-6.25,-83.09,8.821,0.5,0.5,86.65,604,0,5436
1854503,1,1,12,0.86,26.0306282,119.19308472,44.2,26.03063774,119.19300079,30.89,1.176,4.334,-0.809,-0.0,-0.0,0.0,1.9,-6.26,-83.1,8.821,0.5,0.5,79.0,604,0,5436
1854710,1,1,12,0.86,26.03061867,119.19308472,44.3,26.03063774,119.19300079,30.89,1.184,4.331,-0.807,-0.0,0.0,-0.0,1.87,-6.23,-83.12,9.02,0.5,0.5,79.0,605,0,5440
1854912,1,1,12,0.86,26.03061867,119.19308472,44.3,26.03063774,119.19300079,30.89,1.179,4.333,-0.808,-0.0,0.0,0.0,1.86,-6.23,-83.13,9.02,0.5,0.5,79.0,605,0,5442
1855123,1,1,12,0.86,26.03061867,119.19308472,44.3,26.03063774,119.19300079,30.89,1.177,4.333,-0.808,0.0,-0.0,0.0,1.86,-6.24,-83.15,9.02,0.5,0.5,79.0,605,0,5445
1855331,1,1,12,0.86,26.03061867,119.19308472,44.3,26.03063774,119.19300079,30.89,1.176,4.333,-0.809,-0.0,-0.0,-0.0,1.86,-6.26,-83.16,9.02,0.5,0.5,83.0,605,0,5445
1855546,1,1,12,0.86,26.03061485,119.19308472,44.3,26.03063774,119.19300079,30.89,1.176,4.334,-0.809,0.0,-0.0,0.0,1.87,-6.26,-83.15,9.02,0.5,0.5,83.0,605,0,5446
1855753,1,1,11,0.86,26.03061485,119.19308472,44.4,26.03063774,119.19300079,30.89,1.184,4.331,-0.807,-0.0,-0.0,0.0,1.85,-6.26,-83.16,9.134,0.5,0.5,83.0,606,0,5449
1855961,1,1,11,0.86,26.03061485,119.19308472,44.4,26.03063774,119.19300079,30.89,1.179,4.333,-0.808,0.0,-0.0,0.001,1.85,-6.26,-83.15,9.134,0.5,0.5,83.0,606,0,5452
1856163,1,1,11,0.86,26.03061485,119.19308472,44.4,26.03063774,119.19300079,30.89,1.177,4.333,-0.808,-0.0,-0.0,0.0,1.86,-6.25,-83.14,9.134,0.5,0.5,83.0,606,0,5454
1856365,1,1,11,0.86,26.03061485,119.19308472,44.4,26.03063774,119.19300079,30.89,1.176,4.333,-0.809,0.0,0.0,-0.0,1.86,-6.27,-83.13,9.134,0.5,0.5,80.66,606,0,5454
1856572,1,1,11,0.86,26.03061485,119.19308472,44.4,26.03063774,119.19300079,30.89,1.176,4.334,-0.809,-0.0,-0.0,0.0,1.85,-6.27,-83.14,9.134,0.5,0.5,80.66,606,0,5456
1856783,1,1,11,0.86,26.03061485,119.19308472,44.4,26.03063774,119.19300079,30.89,1.184,4.331,-0.807,0.0,0.0,-0.0,1.86,-6.26,-83.11,9.134,0.5,0.5,80.66,607,0,5459
1856990,1,1,11,0.86,26.03061485,119.19308472,44.4,26.03063774,119.19300079,30.89,1.179,4.333,-0.808,0.0,-0.0,-0.0,1.85,-6.26,-83.14,9.134,0.5,0.5,80.66,607,0,5462
1857192,1,1,11,0.86,26.03061485,119.19308472,44.4,26.03063774,119.19300079,30.89,1.177,4.333,-0.808,-0.0,0.0,0.0,1.84,-6.25,-83.12,9.134,0.5,0.5,80.66,607,0,5463
1857403,1,1,11,0.86,26.03061485,119.19308472,44.4,26.03063774,119.19300079,30.89,1.176,4.333,-0.809,0.0,-0.0,-0.0,1.84,-6.26,-83.11,9.134,0.5,0.5,82.93,607,0,5463
1857605,1,1,11,0.86,26.03061485,119.19308472,44.4,26.03063774,119.19300079,30.89,1.176,4.334,-0.809,0.0,0.0,0.0,1.85,-6.26,-83.13,9.134,0.5,0.5,82.93,607,0,5465
1857806,1,1,11,0.86,26.03061485,119.19308472,44.6,26.03063774,119.19300079,30.89,1.181,4.332,-0.808,0.0,0.0,0.0,1.84,-6.24,-83.14,9.134,0.5,0.5,82.93,608,0,5468
1858008,1,1,11,0.86,26.03061485,119.19308472,44.6,26.03063774,119.19300079,30.89,1.178,4.333,-0.808,-0.0,0.0,0.0,1.83,-6.24,-83.13,9.134,0.5,0.5,82.93,608,0,5471
1858209,1,1,11,0.86,26.03061485,119.19308472,44.6,26.03063774,119.19300079,30.89,1.176,4.333,-0.809,-0.0,-0.0,-0.0,1.83,-6.24,-83.13,9.134,0.5,0.5,82.93,608,0,5472
1858416,1,1,11,0.86,26.03061485,119.19308472,44.6,26.03063774,119.19300079,30.89,1.176,4.334,-0.809,-0.0,0.0,0.0,1.84,-6.22,-83.12,9.134,0.5,0.5,81.47,608,0,5472
1858630,1,1,11,0.86,26.03061485,119.19308472,44.6,26.03063774,119.19300079,30.89,1.175,4.334,-0.809,0.0,-0.0,-0.0,1.85,-6.22,-83.13,9.134,0.5,0.5,81.47,608,0,5474
1858832,1,1,11,0.86,26.03061485,119.19308472,44.8,26.03063774,119.19300079,30.89,1.181,4.332,-0.808,-0.0,0.0,-0.0,1.84,-6.23,-83.11,9.134,0.5,0.5,81.47,609,0,5477
1859039,1,1,11,0.86,26.03061485,119.19308472,44.8,26.03063774,119.19300079,30.89,1.178,4.333,-0.808,0.0,-0.0,0.0,1.85,-6.22,-83.14,9.134,0.5,0.5,81.47,609,0,5481
1859251,1,1,11,0.86,26.03061485,119.19308472,44.8,26.03063774,119.19300079,30.89,1.176,4.333,-0.809,0.0,-0.0,0.0,1.85,-6.25,-83.13,9.134,0.5,0.5,81.47,609,0,5481
1859457,1,1,11,0.86,26.03061485,119.19308472,44.8,26.03063774,119.19300079,30.89,1.176,4.334,-0.809,0.0,0.0,-0.0,1.86,-6.24,-83.13,9.134,0.5,0.5,86.91,609,0,5481
1859673,1,1,11,0.86,26.03060722,119.19308472,44.8,26.03063774,119.19300079,30.89,1.189,4.328,-0.806,0.0,-0.0,0.0,1.86,-6.23,-83.11,9.414,0.5,0.5,86.91,610,0,5484
1859874,1,1,11,0.86,26.03060722,119.19308472,44.8,26.03063774,119.19300079,30.89,1.181,4.331,-0.808,-0.0,-0.0,0.0,1.85,-6.24,-83.11,9.414,0.5,0.5,86.91,610,0,5487
1860086,1,1,11,0.86,26.03060722,119.19308472,44.8,26.03063774,119.19300079,30.89,1.177,4.333,-0.808,-0.0,0.0,0.0,1.85,-6.23,-83.11,9.414,0.5,0.5,86.91,610,0,5490
1860296,1,1,11,0.86,26.03060722,119.19308472,44.8,26.03063774,119.19300079,30.89,1.176,4.333,-0.809,0.0,0.0,0.001,1.84,-6.23,-83.1,9.414,0.5,0.5,86.91,610,0,5490
1860498,1,1,11,0.86,26.03060722,119.19308472,44.8,26.03063774,119.19300079,30.89,1.176,4.334,-0.809,0.0,0.0,-0.0,1.85,-6.22,-83.09,9.414,0.5,0.5,79.68,610,0,5490
1860710,1,1,11,0.86,26.03060722,119.19309998,45.0,26.03063774,119.19300079,30.89,1.186,4.33,-0.807,0.0,-0.0,0.0,1.84,-6.23,-83.09,10.847,0.5,0.5,79.68,611,0,5494
1860915,1,1,11,0.86,26.03060722,119.19309998,45.0,26.03063774,119.19300079,30.89,1.179,4.332,-0.808,0.0,0.0,0.0,1.85,-6.23,-83.07,10.847,0.5,0.5,79.68,611,0,5497
1861125,1,1,11,0.86,26.03060722,119.19309998,45.0,26.03063774,119.19300079,30.89,1.177,4.333,-0.808,-0.0,-0.0,-0.0,1.85,-6.22,-83.08,10.847,0.5,0.5,79.68,611,0,5499
1861325,1,1,11,0.86,26.03060722,119.19309998,45.0,26.03063774,119.19300079,30.89,1.176,4.333,-0.809,-0.0,0.0,0.0,1.86,-6.21,-83.11,10.847,0.5,0.5,79.68,611,0,5499
1861546,1,1,11,0.86,26.03060341,119.19308472,45.0,26.03063774,119.19300079,30.89,1.176,4.334,-0.809,0.0,-0.0,0.0,1.86,-6.21,-83.09,10.847,0.5,0.5,81.93,611,0,5500
1861753,1,1,11,0.86,26.03060341,119.19308472,45.2,26.03063774,119.19300079,30.89,1.184,4.33,-0.807,0.0,-0.0,0.0,1.86,-6.21,-83.09,9.579,0.5,0.5,81.93,612,0,5503
1861960,1,1,11,0.86,26.03060341,119.19308472,45.2,26.03063774,119.19300079,30.89,1.179,4.332,-0.808,-0.0,-0.0,-0.0,1.86,-6.23,-83.11,9.579,0.5,0.5,81.93,612,0,5506
1862169,1,1,11,0.86,26.03060341,119.19308472,45.2,26.03063774,119.19300079,30.89,1.177,4.333,-0.808,0.0,0.0,0.0,1.86,-6.24,-83.14,9.579,0.5,0.5,81.93,612,0,5508
1862370,1,1,11,0.86,26.03060341,119.19308472,45.2,26.03063774,119.19300079,30.89,1.176,4.333,-0.809,0.0,0.0,0.0,1.85,-6.23,-83.13,9.579,0.5,0.5,81.93,612,0,5508
1862577,1,1,11,0.86,26.03059959,119.19311523,45.2,26.03063774,119.19300079,30.89,1.176,4.334,-0.809,-0.0,-0.0,0.0,1.86,-6.24,-83.12,9.579,0.5,0.5,81.63,612,0,5510
1862779,1,1,11,0.86,26.03059959,119.19311523,45.2,26.03063774,119.19300079,30.89,1.183,4.331,-0.808,-0.0,-0.0,0.0,1.87,-6.25,-83.1,12.569,0.5,0.5,81.63,613,0,5513
1862979,1,1,11,0.86,26.03059959,119.19311523,45.2,26.03063774,119.19300079,30.89,1.178,4.333,-0.808,-0.0,0.0,-0.0,1.88,-6.26,-83.09,12.569,0.5,0.5,81.63,613,0,5516
1863183,1,1,11,0.86,26.03059959,119.19311523,45.2,26.03063774,119.19300079,30.89,1.176,4.333,-0.809,-0.0,0.0,0.0,1.88,-6.27,-83.1,12.569,0.5,0.5,81.63,613,0,5517
1863392,1,1,11,0.86,26.03059959,119.19311523,45.2,26.03063774,119.19300079,30.89,1.176,4.333,-0.809,0.0,-0.0,-0.0,1.88,-6.25,-83.1,12.569,0.5,0.5,81.63,613,0,5517
1863600,1,1,11,0.86,26.03059959,119.19311523,45.2,26.03063774,119.19300079,30.89,1.175,4.334,-0.809,-0.0,0.0,0.001,1.88,-6.25,-83.09,12.569,0.5,0.5,79.92,613,0,5519
1863814,1,1,10,0.86,26.03059959,119.19311523,45.4,26.03063774,119.19300079,30.89,1.183,4.331,-0.808,-0.0,0.0,0.001,1.88,-6.23,-83.11,12.569,0.5,0.5,79.92,614,0,5522
1864018,1,1,10,0.86,26.03059959,119.19311523,45.4,26.03063774,119.19300079,30.89,1.178,4.333,-0.808,0.0,-0.0,-0.0,1.89,-6.24,-83.13,12.569,0.5,0.5,79.92,614,0,5526
1864225,1,1,10,0.86,26.03059959,119.19311523,45.4,26.03063774,119.19300079,30.89,1.176,4.333,-0.809,-0.0,-0.0,-0.0,1.89,-6.24,-83.13,12.569,0.5,0.5,79.92,614,0,5526
1864425,1,1,10,0.86,26.03059959,119.19311523,45.4,26.03063774,119.19300079,30.89,1.176,4.333,-0.809,-0.0,0.0,0.0,1.87,-6.23,-83.14,12.569,0.5,0.5,79.92,614,0,5526
1864642,1,1,11,0.86,26.03059959,119.19311523,45.6,26.03063774,119.19300079,30.89,1.194,4.327,-0.806,-0.0,0.0,-0.0,1.88,-6.22,-83.14,12.569,0.5,0.5,87.0,615,0,5529
1864858,1,1,11,0.86,26.03059959,119.19311523,45.6,26.03063774,119.19300079,30.89,1.183,4.331,-0.808,0.0,-0.0,0.0,1.88,-6.23,-83.13,12.569,0.5,0.5,87.0,615,0,5532
1865058,1,1,11,0.86,26.03059959,119.19311523,45.6,26.03063774,119.19300079,30.89,1.178,4.333,-0.808,0.0,0.0,-0.0,1.89,-6.24,-83.14,12.569,0.5,0.5,87.0,615,0,5535
1865260,1,1,11,0.86,26.03059959,119.19311523,45.6,26.03063774,119.19300079,30.89,1.176,4.333,-0.809,-0.0,0.0,0.0,1.87,-6.24,-83.15,12.569,0.5,0.5,87.0,615,0,5535
1865465,1,1,11,0.86,26.03059959,119.19311523,45.6,26.03063774,119.19300079,30.89,1.176,4.333,-0.809,-0.0,-0.0,0.0,1.86,-6.24,-83.13,12.569,0.5,0.5,87.0,615,0,5535
1865703,1,1,11,0.86,26.03059578,119.19311523,45.7,26.03063774,119.19300079,30.89,1.187,4.329,-0.807,-0.0,-0.0,0.0,1.86,-6.24,-83.15,12.721,0.5,0.5,78.84,616,0,5539
1865905,1,1,11,0.86,26.03059578,119.19311523,45.7,26.03063774,119.19300079,30.89,1.18,4.332,-0.808,0.0,-0.0,0.0,1.86,-6.25,-83.12,12.721,0.5,0.5,78.84,616,0,5541
1866107,1,1,11,0.86,26.03059578,119.19311523,45.7,26.03063774,119.19300079,30.89,1.177,4.333,-0.808,0.0,0.0,0.001,1.87,-6.25,-83.13,12.721,0.5,0.5,78.84,616,0,5544
1866311,1,1,11,0.86,26.03059578,119.19311523,45.7,26.03063774,119.19300079,30.89,1.176,4.333,-0.809,0.0,-0.0,0.0,1.88,-6.25,-83.11,12.721,0.5,0.5,78.84,616,0,5544
1866515,1,1,11,0.86,26.03059578,119.19311523,45.7,26.03063774,119.19300079,30.89,1.176,4.334,-0.809,0.0,0.0,-0.002,1.81,-6.23,-83.1,12.721,0.5,0.5,83.17,616,0,5544
1866719,1,1,11,0.86,26.03059578,119.19311523,45.9,26.03063774,119.19300079,30.89,1.187,4.329,-0.807,0.0,0.0,0.001,1.83,-6.21,-83.1,12.721,0.5,0.5,83.17,617,0,5548
1866927,1,1,11,0.86,26.03059578,119.19311523,45.9,26.03063774,119.19300079,30.89,1.18,4.332,-0.808,-0.0,0.0,0.0,1.81,-6.19,-83.08,12.721,0.5,0.5,83.17,617,0,5551
1867132,1,1,11,0.86,26.03059578,119.19311523,45.9,26.03063774,119.19300079,30.89,1.177,4.333,-0.808,0.0,0.0,0.0,1.73,-6.21,-83.11,12.721,0.5,0.5,83.17,617,0,5553
1867336,1,1,11,0.86,26.03059578,119.19311523,45.9,26.03063774,119.19300079,30.89,1.176,4.333,-0.809,-0.0,0.001,-0.003,1.67,-6.27,-83.14,12.721,0.5,0.5,83.17,617,0,5553
1867540,1,1,11,0.86,26.03059578,119.19311523,45.9,26.03063774,119.19300079,30.89,1.176,4.334,-0.809,-0.0,0.001,-0.004,1.65,-6.25,-83.13,12.721,0.502,0.502,91.91,617,0,5554
1867740,1,1,10,0.86,26.03059578,119.19311523,46.2,26.03063774,119.19300079,30.95,1.642,4.146,-0.749,0.038,-0.013,0.002,1.69,-6.24,-83.1,12.721,0.505,0.505,91.91,618,0,5557
1867960,1,1,10,0.86,26.03059578,119.19311523,46.2,26.03063774,119.19300079,30.95,1.641,4.146,-0.749,0.0,0.0,-0.0,1.69,-6.24,-83.1,12.721,0.5,0.5,91.91,618,0,5561
1868164,1,1,10,0.86,26.03059578,119.19311523,46.2,26.03063774,119.19300079,30.95,1.643,4.145,-0.749,0.0,-0.0,-0.0,1.71,-6.23,-83.08,12.721,0.5,0.5,91.91,618,0,5562
1868382,1,1,10,0.86,26.03059578,119.19311523,46.2,26.03063774,119.19300079,30.95,1.644,4.145,-0.749,0.0,0.0,0.0,1.75,-6.21,-83.07,12.721,0.5,0.5,91.91,618,0,5562
1868585,1,1,10,0.86,26.03059006,119.19311523,46.2,26.03063774,119.19300079,30.95,1.645,4.145,-0.749,0.0,0.0,-0.0,1.77,-6.2,-83.04,12.721,0.5,0.5,95.81,618,0,5564
1868803,1,1,12,0.86,26.03059006,119.19311523,46.3,26.03063774,119.19300079,30.95,1.652,4.142,-0.748,0.0,0.0,0.0,1.8,-6.18,-83.07,12.468,0.5,0.5,95.81,619,0,5567
1869006,1,1,12,0.86,26.03059006,119.19311523,46.3,26.03063774,119.19300079,30.95,1.648,4.144,-0.748,-0.0,-0.0,-0.0,1.78,-6.16,-83.07,12.468,0.5,0.5,95.81,619,0,5570
1869210,1,1,12,0.86,26.03059006,119.19311523,46.3,26.03063774,119.19300079,30.95,1.646,4.144,-0.749,-0.0,0.0,0.0,1.78,-6.17,-83.08,12.468,0.5,0.5,95.81,619,0,5571
1869417,1,1,12,0.86,26.03059006,119.19311523,46.3,26.03063774,119.19300079,30.95,1.645,4.145,-0.749,0.0,-0.0,0.0,1.78,-6.17,-83.06,12.468,0.5,0.5,95.81,619,0,5571
1869630,1,1,12,0.86,26.03059006,119.19313049,46.3,26.03063774,119.19300079,30.95,1.645,4.145,-0.749,0.0,-0.0,-0.0,1.79,-6.18,-83.01,12.468,0.5,0.5,81.77,619,0,5573
1869832,1,1,12,0.86,26.03059006,119.19313049,46.7,26.03063774,119.19300079,30.95,1.653,4.142,-0.748,-0.0,0.0,0.0,1.75,-6.18,-83.0,13.869,0.5,0.5,81.77,620,0,5576
1870046,1,1,12,0.86,26.03059006,119.19313049,46.7,26.03063774,119.19300079,30.95,1.648,4.144,-0.748,-0.0,-0.0,0.001,1.76,-6.17,-82.99,13.869,0.5,0.5,81.77,620,0,5580
1870257,1,1,12,0.86,26.03059006,119.19313049,46.7,26.03063774,119.19300079,30.95,1.646,4.144,-0.749,0.0,0.0,0.0,1.75,-6.16,-82.97,13.869,0.5,0.5,81.77,620,0,5580
1870467,1,1,12,0.86,26.03059006,119.19313049,46.7,26.03063774,119.19300079,30.95,1.645,4.145,-0.749,0.0,0.0,-0.0,1.75,-6.15,-82.97,13.869,0.5,0.5,81.77,620,0,5580
1870710,1,1,12,0.86,26.03059578,119.19313049,47.0,26.03063583,119.19300079,30.95,1.658,4.14,-0.747,0.0,-0.0,0.0,1.76,-6.17,-82.95,13.643,0.5,0.5,86.65,621,0,5584
1870916,1,1,12,0.86,26.03059578,119.19313049,47.0,26.03063774,119.19300079,30.95,1.65,4.143,-0.748,0.0,-0.0,-0.001,1.77,-6.21,-82.98,13.643,0.5,0.5,86.65,621,0,5586
1871126,1,1,12,0.86,26.03059578,119.19313049,47.0,26.03063774,119.19300079,30.95,1.65,4.143,-0.748,0.001,0.001,-0.0,1.8,-6.23,-82.96,13.643,0.502,0.502,86.65,621,0,5589
1871329,1,1,12,0.86,26.03059578,119.19313049,47.0,26.03063774,119.19300079,30.95,1.65,4.143,-0.748,0.001,0.001,0.0,1.82,-6.25,-82.93,13.643,0.513,0.513,86.65,621,0,5589
1871533,1,1,12,0.86,26.03059578,119.19311523,47.0,26.03063774,119.19300079,30.95,1.65,4.143,-0.749,0.0,0.0,0.0,1.83,-6.24,-82.94,13.643,0.5,0.5,107.92,621,0,5590
1871734,1,1,11,0.86,26.03059578,119.19311523,47.4,26.03063583,119.19300079,30.95,1.662,4.139,-0.747,0.0,0.0,0.0,1.83,-6.23,-82.98,12.21,0.5,0.5,107.92,622,0,5593
1871935,1,1,11,0.86,26.03059578,119.19311523,47.4,26.03063774,119.19300079,30.95,1.655,4.141,-0.748,0.0,0.0,-0.0,1.84,-6.24,-83.0,12.21,0.5,0.5,107.92,622,0,5596
1872135,1,1,11,0.86,26.03059578,119.19311523,47.4,26.03063774,119.19300079,30.95,1.652,4.143,-0.748,0.0,-0.0,0.0,1.85,-6.24,-83.02,12.21,0.5,0.5,107.92,622,0,5598
1872336,1,1,11,0.86,26.03059578,119.19311523,47.4,26.03063774,119.19300079,30.95,1.651,4.143,-0.748,0.0,-0.0,0.0,1.83,-6.24,-83.02,12.21,0.5,0.5,107.92,622,0,5598
1872538,1,1,11,0.86,26.03059578,119.19313049,47.4,26.03063774,119.19300079,30.95,1.651,4.143,-0.748,0.0,0.0,-0.0,1.83,-6.25,-82.99,12.21,0.5,0.5,80.6,622,0,5599
1872750,1,1,12,0.86,26.03059578,119.19313049,47.7,26.03063583,119.19300079,30.95,1.663,4.139,-0.747,-0.0,-0.0,0.0,1.84,-6.25,-82.98,13.637,0.5,0.5,80.6,623,0,5602
1872960,1,1,12,0.86,26.03059578,119.19313049,47.7,26.03063774,119.19300079,30.95,1.655,4.141,-0.748,0.0,-0.0,0.0,1.84,-6.25,-83.0,13.637,0.5,0.5,80.6,623,0,5605
1873165,1,1,12,0.86,26.03059578,119.19313049,47.7,26.03063774,119.19300079,30.95,1.652,4.143,-0.748,-0.0,0.0,0.0,1.82,-6.25,-82.99,13.637,0.5,0.5,80.6,623,0,5607
1873371,1,1,12,0.86,26.03059578,119.19313049,47.7,26.03063774,119.19300079,30.95,1.651,4.143,-0.748,0.0,0.0,-0.0,1.83,-6.24,-83.02,13.637,0.5,0.5,80.6,623,0,5607
1873587,1,1,12,0.86,26.03059578,119.19313049,47.7,26.03063774,119.19300079,30.95,1.651,4.143,-0.748,0.0,-0.0,-0.0,1.85,-6.24,-83.01,13.637,0.5,0.5,82.0,623,0,5609
1873811,1,1,12,0.86,26.03059578,119.19313049,47.9,26.03063774,119.19300079,30.95,1.659,4.14,-0.747,-0.0,-0.0,-0.0,1.85,-6.25,-83.0,13.637,0.5,0.5,82.0,624,0,5612
1874020,1,1,12,0.86,26.03059578,119.19313049,47.9,26.03063774,119.19300079,30.95,1.654,4.142,-0.748,0.0,-0.0,-0.0,1.84,-6.26,-82.99,13.637,0.5,0.5,82.0,624,0,5615
1874226,1,1,12,0.86,26.03059578,119.19313049,47.9,26.03063774,119.19300079,30.95,1.652,4.143,-0.748,-0.0,-0.0,0.0,1.84,-6.24,-82.98,13.637,0.5,0.5,82.0,624,0,5616
1874430,1,1,12,0.86,26.03059578,119.19313049,47.9,26.03063774,119.19300079,30.95,1.651,4.143,-0.748,-0.0,-0.0,-0.0,1.83,-6.24,-83.0,13.637,0.5,0.5,82.0,624,0,5616
1874641,1,1,12,0.83,26.03059578,119.19313049,48.1,26.03063583,119.19300079,30.95,1.671,4.136,-0.746,0.0,0.0,0.0,1.82,-6.24,-82.99,13.637,0.5,0.5,79.13,625,0,5619
1874852,1,1,12,0.83,26.03059578,119.19313049,48.1,26.03063774,119.19300079,30.95,1.659,4.14,-0.747,-0.0,0.0,0.0,1.8,-6.2,-82.99,13.637,0.5,0.5,79.13,625,0,5622
1875059,1,1,12,0.83,26.03059578,119.19313049,48.1,26.03063774,119.19300079,30.95,1.654,4.142,-0.748,0.0,-0.0,0.0,1.79,-6.23,-82.98,13.637,0.5,0.5,79.13,625,0,5625
1875261,1,1,12,0.83,26.03059578,119.19313049,48.1,26.03063774,119.19300079,30.95,1.652,4.143,-0.748,0.0,-0.0,0.0,1.8,-6.23,-82.99,13.637,0.5,0.5,79.13,625,0,5625
1875467,1,1,12,0.83,26.03059578,119.19313049,48.1,26.03063774,119.19300079,30.95,1.651,4.143,-0.748,-0.0,-0.0,-0.0,1.8,-6.24,-83.02,13.637,0.5,0.5,79.13,625,0,5625
1875668,1,1,11,0.86,26.03059578,119.19313049,48.3,26.03063583,119.19300079,30.95,1.663,4.139,-0.747,0.0,0.0,0.0,1.8,-6.23,-83.0,13.637,0.396,0.396,83.09,626,0,5628
1875868,1,1,11,0.86,26.03059578,119.19313049,48.3,26.03063774,119.19300079,30.95,1.659,4.14,-0.747,-0.0,-0.0,-0.0,1.8,-6.25,-82.98,13.637,0.5,0.5,83.09,626,0,5631
1876070,1,1,11,0.86,26.03059578,119.19313049,48.3,26.03063774,119.19300079,30.95,1.654,4.142,-0.748,-0.0,-0.0,0.0,1.8,-6.24,-82.96,13.637,0.5,0.5,83.09,626,0,5634
1876272,1,1,11,0.86,26.03059578,119.19313049,48.3,26.03063774,119.19300079,30.95,1.652,4.143,-0.748,-0.0,0.0,-0.0,1.81,-6.23,-82.97,13.637,0.5,0.5,83.09,626,0,5634
1876474,1,1,11,0.86,26.03059578,119.19313049,48.3,26.03063774,119.19300079,30.95,1.651,4.143,-0.748,0.0,-0.0,0.001,1.82,-6.24,-82.98,13.637,0.5,0.5,83.09,626,0,5634
1876680,1,1,12,0.83,26.03059578,119.19313049,48.4,26.03063583,119.19300079,30.95,1.671,4.136,-0.746,0.0,0.0,-0.0,1.82,-6.24,-83.01,13.637,0.5,0.5,85.0,627,0,5637
1876883,1,1,12,0.83,26.03059578,119.19313049,48.4,26.03063774,119.19300079,30.95,1.659,4.14,-0.747,0.0,0.0,0.001,1.85,-6.24,-83.02,13.637,0.5,0.5,85.0,627,0,5640
1877085,1,1,12,0.83,26.03059578,119.19313049,48.4,26.03063774,119.19300079,30.95,1.654,4.142,-0.748,0.0,0.0,0.0,1.84,-6.24,-83.02,13.637,0.5,0.5,85.0,627,0,5643
1877287,1,1,12,0.83,26.03059578,119.19313049,48.4,26.03063774,119.19300079,30.95,1.652,4.143,-0.748,0.0,0.0,-0.0,1.84,-6.23,-83.02,13.637,0.5,0.5,85.0,627,0,5643
1877492,1,1,12,0.83,26.03059578,119.19313049,48.4,26.03063774,119.19300079,30.95,1.651,4.143,-0.748,-0.0,-0.0,0.0,1.83,-6.24,-83.01,13.637,0.5,0.5,85.0,627,0,5643
1877707,1,1,12,0.83,26.03059006,119.19313049,48.6,26.03063583,119.19300079,30.95,1.663,4.138,-0.747,0.0,-0.0,-0.0,1.83,-6.25,-83.03,13.863,0.5,0.5,79.21,628,0,5647
1877915,1,1,12,0.83,26.03059006,119.19313049,48.6,26.03063774,119.19300079,30.95,1.656,4.141,-0.748,-0.0,0.0,-0.0,1.82,-6.24,-83.01,13.863,0.5,0.5,79.21,628,0,5649
1878117,1,1,12,0.83,26.03059006,119.19313049,48.6,26.03063774,119.19300079,30.95,1.652,4.142,-0.748,0.0,-0.0,-0.0,1.83,-6.25,-83.0,13.863,0.5,0.5,79.21,628,0,5652
1878327,1,1,12,0.83,26.03059006,119.19313049,48.6,26.03063774,119.19300079,30.95,1.651,4.143,-0.748,0.0,-0.0,0.0,1.82,-6.25,-82.99,13.863,0.5,0.5,79.21,628,0,5652
1878545,1,1,12,0.83,26.03059006,119.19311523,48.6,26.03063774,119.19300079,30.95,1.651,4.143,-0.748,0.0,-0.0,-0.0,1.82,-6.25,-82.99,13.863,0.5,0.5,79.21,628,0,5653
1878751,1,1,12,0.83,26.03059006,119.19311523,48.7,26.03063583,119.19300079,30.95,1.662,4.138,-0.747,0.0,-0.0,0.0,1.84,-6.27,-82.99,12.462,0.5,0.5,84.58,629,0,5656
1878954,1,1,12,0.83,26.03059006,119.19311523,48.7,26.03063774,119.19300079,30.95,1.655,4.141,-0.748,0.0,0.0,-0.0,1.83,-6.25,-82.98,12.462,0.5,0.5,84.58,629,0,5659
1879155,1,1,12,0.83,26.03059006,119.19311523,48.7,26.03063774,119.19300079,30.95,1.652,4.142,-0.748,-0.0,-0.0,-0.0,1.84,-6.26,-83.01,12.462,0.5,0.5,84.58,629,0,5661
1879356,1,1,12,0.83,26.03059006,119.19311523,48.7,26.03063774,119.19300079,30.95,1.651,4.143,-0.748,0.0,-0.0,0.0,1.84,-6.28,-83.01,12.462,0.5,0.5,84.58,629,0,5661
1879558,1,1,12,0.83,26.03058624,119.19313049,48.7,26.03063774,119.19300079,30.95,1.651,4.143,-0.748,-0.0,0.0,0.0,1.84,-6.28,-83.0,12.462,0.5,0.5,84.58,629,0,5663
1879760,1,1,12,0.83,26.03058624,119.19313049,48.7,26.03063583,119.19300079,30.95,1.663,4.138,-0.747,-0.0,0.0,-0.0,1.82,-6.29,-83.02,14.028,0.5,0.5,78.76,630,0,5665
1879974,1,1,12,0.83,26.03058624,119.19313049,48.7,26.03063774,119.19300079,30.95,1.655,4.141,-0.748,0.0,0.0,0.0,1.84,-6.28,-83.03,14.028,0.5,0.5,78.76,630,0,5668
1880179,1,1,12,0.83,26.03058624,119.19313049,48.7,26.03063774,119.19300079,30.95,1.652,4.142,-0.748,-0.0,-0.0,-0.0,1.82,-6.28,-83.03,14.028,0.5,0.5,78.76,630,0,5670
1880391,1,1,12,0.83,26.03058624,119.19313049,48.7,26.03063774,119.19300079,30.95,1.651,4.143,-0.748,0.0,0.0,0.0,1.83,-6.28,-83.06,14.028,0.5,0.5,78.76,630,0,5670
1880591,1,1,12,0.83,26.03058624,119.19313049,48.7,26.03063774,119.19300079,30.95,1.651,4.143,-0.748,-0.0,0.0,-0.0,1.83,-6.27,-83.06,14.028,0.5,0.5,83.92,630,0,5672
1880803,1,1,12,0.86,26.03058624,119.19313049,48.8,26.03063583,119.19300079,30.95,1.659,4.14,-0.747,0.0,-0.0,-0.0,1.83,-6.28,-83.07,14.028,0.5,0.5,83.92,631,0,5675
1881005,1,1,12,0.86,26.03058624,119.19313049,48.8,26.03063774,119.19300079,30.95,1.654,4.142,-0.748,-0.0,0.0,-0.0,1.83,-6.26,-83.07,14.028,0.5,0.5,83.92,631,0,5678
1881206,1,1,12,0.86,26.03058624,119.19313049,48.8,26.03063774,119.19300079,30.95,1.652,4.143,-0.748,-0.0,-0.0,0.0,1.83,-6.25,-83.08,14.028,0.5,0.5,83.92,631,0,5679
1881411,1,1,12,0.86,26.03058624,119.19313049,48.8,26.03063774,119.19300079,30.95,1.651,4.143,-0.748,-0.0,-0.0,0.0,1.83,-6.24,-83.07,14.028,0.5,0.5,83.92,631,0,5679
1881623,1,1,12,0.86,26.03058624,119.19313049,48.8,26.03063774,119.19300079,30.95,1.651,4.143,-0.748,0.0,-0.0,0.001,1.82,-6.24,-83.06,14.028,0.5,0.5,81.4,631,0,5681
1881839,1,1,12,0.86,26.03058624,119.19313049,49.0,26.03063583,119.19300079,30.95,1.659,4.14,-0.747,0.0,-0.0,0.0,1.83,-6.24,-83.06,14.028,0.5,0.5,81.4,632,0,5684
1882046,1,1,12,0.86,26.03058624,119.19313049,49.0,26.03063774,119.19300079,30.95,1.654,4.142,-0.748,0.0,0.0,-0.0,1.83,-6.23,-83.06,14.028,0.5,0.5,81.4,632,0,5688
1882252,1,1,12,0.86,26.03058624,119.19313049,49.0,26.03063774,119.19300079,30.95,1.652,4.143,-0.748,-0.0,-0.0,0.0,1.82,-6.22,-83.06,14.028,0.5,0.5,81.4,632,0,5688
1882456,1,1,12,0.86,26.03058624,119.19313049,49.0,26.03063774,119.19300079,30.95,1.651,4.143,-0.748,-0.0,0.0,0.0,1.82,-6.2,-83.05,14.028,0.5,0.5,81.4,632,0,5688
1882672,1,1,12,0.86,26.03058624,119.19313049,49.4,26.03063583,119.19300079,30.95,1.671,4.134,-0.746,0.0,0.0,-0.0,1.83,-6.21,-83.04,14.028,0.5,0.5,84.92,633,0,5691
1882874,1,1,12,0.86,26.03058624,119.19313049,49.4,26.03063583,119.19300079,30.95,1.659,4.14,-0.747,-0.0,0.0,0.0,1.83,-6.21,-83.05,14.028,0.5,0.5,84.92,633,0,5694
1883077,1,1,12,0.86,26.03058624,119.19313049,49.4,26.03063774,119.19300079,30.95,1.654,4.142,-0.748,0.0,0.0,0.001,1.82,-6.22,-83.03,14.028,0.5,0.5,84.92,633,0,5697
1883281,1,1,12,0.86,26.03058624,119.19313049,49.4,26.03063774,119.19300079,30.95,1.652,4.143,-0.748,-0.0,-0.0,-0.0,1.82,-6.22,-83.02,14.028,0.5,0.5,84.92,633,0,5697
1883486,1,1,12,0.86,26.03058624,119.19313049,49.4,26.03063774,119.19300079,30.95,1.651,4.143,-0.748,0.0,-0.0,-0.0,1.83,-6.23,-83.05,14.028,0.5,0.5,84.92,633,0,5697
1883718,1,1,12,0.86,26.03058624,119.19313049,49.8,26.03063583,119.19300079,30.95,1.663,4.138,-0.747,0.0,0.0,-0.0,1.86,-6.21,-83.04,14.028,0.5,0.5,80.6,634,0,5700
1883920,1,1,12,0.86,26.03058624,119.19313049,49.8,26.03063774,119.19300079,30.95,1.656,4.141,-0.748,-0.0,-0.0,0.0,1.85,-6.22,-83.02,14.028,0.5,0.5,80.6,634,0,5703
1884131,1,1,12,0.86,26.03058624,119.19313049,49.8,26.03063774,119.19300079,30.95,1.652,4.142,-0.748,-0.0,0.0,0.0,1.84,-6.22,-83.02,14.028,0.5,0.5,80.6,634,0,5706
1884331,1,1,12,0.86,26.03058624,119.19313049,49.8,26.03063774,119.19300079,30.95,1.651,4.143,-0.748,-0.0,0.0,0.0,1.82,-6.21,-83.02,14.028,0.5,0.5,80.6,634,0,5706
1884540,1,1,12,0.86,26.03058624,119.19313049,49.8,26.03063774,119.19300079,30.95,1.651,4.143,-0.748,0.0,0.0,0.0,1.82,-6.2,-83.04,14.028,0.5,0.5,80.6,634,0,5707
1884740,1,1,12,0.86,26.03058624,119.19313049,49.9,26.03063583,119.19300079,30.95,1.663,4.138,-0.747,-0.0,-0.0,0.0,1.8,-6.19,-83.06,14.028,0.5,0.5,83.67,635,0,5710
1884941,1,1,12,0.86,26.03058624,119.19313049,49.9,26.03063774,119.19300079,30.95,1.655,4.141,-0.748,-0.0,0.0,0.0,1.82,-6.19,-83.06,14.028,0.5,0.5,83.67,635,0,5713
1885141,1,1,12,0.86,26.03058624,119.19313049,49.9,26.03063774,119.19300079,30.95,1.652,4.142,-0.748,-0.0,0.0,0.0,1.82,-6.2,-83.05,14.028,0.5,0.5,83.67,635,0,5715
1885352,1,1,12,0.86,26.03058624,119.19313049,49.9,26.03063774,119.19300079,30.95,1.651,4.143,-0.748,-0.0,0.0,-0.0,1.8,-6.21,-83.05,14.028,0.5,0.5,83.67,635,0,5715
1885561,1,1,12,0.86,26.03058624,119.19313049,49.9,26.03063774,119.19300079,30.95,1.651,4.143,-0.748,-0.0,0.0,0.0,1.81,-6.22,-83.03,14.028,0.5,0.5,83.67,635,0,5717
1885761,1,1,12,0.83,26.03058624,119.19313049,50.0,26.03063583,119.19300079,30.95,1.663,4.138,-0.747,-0.0,0.0,-0.0,1.8,-6.22,-83.05,14.028,0.5,0.5,79.49,636,0,5719
1885977,1,1,12,0.83,26.03058624,119.19313049,50.0,26.03063774,119.19300079,30.95,1.655,4.141,-0.748,0.0,-0.0,-0.0,1.81,-6.23,-83.05,14.028,0.5,0.5,79.49,636,0,5723
1886178,1,1,12,0.83,26.03058624,119.19313049,50.0,26.03063774,119.19300079,30.95,1.652,4.142,-0.748,-0.0,0.0,-0.0,1.8,-6.22,-83.03,14.028,0.5,0.5,79.49,636,0,5724
1886387,1,1,12,0.83,26.03058624,119.19313049,50.0,26.03063774,119.19300079,30.95,1.651,4.143,-0.748,0.0,-0.0,-0.0,1.81,-6.23,-83.02,14.028,0.5,0.5,79.49,636,0,5724
1886591,1,1,12,0.83,26.03058624,119.19313049,50.0,26.03063774,119.19300079,30.95,1.651,4.143,-0.748,0.0,0.0,-0.0,1.83,-6.22,-83.02,14.028,0.5,0.5,79.49,636,0,5726
1886796,1,1,12,0.86,26.03058624,119.19313049,50.2,26.03063583,119.19300079,30.95,1.659,4.14,-0.747,0.0,0.0,0.0,1.82,-6.22,-83.03,14.028,0.5,0.5,81.35,637,0,5729
1887005,1,1,12,0.86,26.03058624,119.19313049,50.2,26.03063774,119.19300079,30.95,1.654,4.142,-0.748,-0.0,-0.0,0.0,1.83,-6.21,-83.02,14.028,0.5,0.5,81.35,637,0,5732
1887206,1,1,12,0.86,26.03058624,119.19313049,50.2,26.03063774,119.19300079,30.95,1.652,4.143,-0.748,-0.0,0.0,-0.0,1.83,-6.18,-83.02,14.028,0.5,0.5,81.35,637,0,5733
1887412,1,1,12,0.86,26.03058624,119.19313049,50.2,26.03063774,119.19300079,30.95,1.651,4.143,-0.748,0.0,0.0,0.0,1.83,-6.18,-83.02,14.028,0.5,0.5,81.35,637,0,5733
1887623,1,1,12,0.86,26.03059006,119.19313049,50.2,26.03063774,119.19300079,30.95,1.651,4.143,-0.748,0.0,-0.0,0.0,1.83,-6.2,-83.01,14.028,0.5,0.5,81.35,637,0,5735
1887833,1,1,12,0.86,26.03059006,119.19313049,50.3,26.03063583,119.19300079,30.95,1.659,4.14,-0.747,0.0,-0.0,0.0,1.83,-6.2,-83.03,13.863,0.5,0.5,81.11,638,0,5738
1888040,1,1,12,0.86,26.03059006,119.19313049,50.3,26.03063774,119.19300079,30.95,1.654,4.142,-0.748,-0.0,-0.0,-0.0,1.82,-6.2,-83.04,13.863,0.5,0.5,81.11,638,0,5742
1888240,1,1,12,0.86,26.03059006,119.19313049,50.3,26.03063774,119.19300079,30.95,1.652,4.143,-0.748,-0.0,-0.0,0.0,1.82,-6.21,-83.05,13.863,0.5,0.5,81.11,638,0,5742
1888445,1,1,12,0.86,26.03059006,119.19313049,50.3,26.03063774,119.19300079,30.95,1.651,4.143,-0.748,0.0,0.0,0.0,1.83,-6.2,-83.06,13.863,0.5,0.5,81.11,638,0,5742
1888656,1,1,12,0.86,26.03058624,119.19313049,50.3,26.03063583,119.19300079,30.95,1.671,4.134,-0.745,0.0,-0.0,0.0,1.83,-6.2,-83.05,14.028,0.5,0.5,81.11,639,0,5745
1888859,1,1,12,0.86,26.03058624,119.19313049,50.3,26.03063583,119.19300079,30.95,1.659,4.14,-0.747,0.0,0.0,-0.0,1.85,-6.2,-83.06,14.028,0.5,0.5,80.43,639,0,5748
1889068,1,1,12,0.86,26.03058624,119.19313049,50.3,26.03063774,119.19300079,30.95,1.654,4.142,-0.748,0.0,0.0,0.0,1.85,-6.19,-83.06,14.028,0.5,0.5,80.43,639,0,5751
1889276,1,1,12,0.86,26.03058624,119.19313049,50.3,26.03063774,119.19300079,30.95,1.652,4.143,-0.748,-0.0,-0.0,-0.001,1.82,-6.2,-83.07,14.028,0.5,0.5,80.43,639,0,5751
1889482,1,1,12,0.86,26.03058624,119.19313049,50.3,26.03063774,119.19300079,30.95,1.651,4.143,-0.748,0.0,0.0,0.0,1.82,-6.21,-83.06,14.028,0.5,0.5,80.43,639,0,5751
1889704,1,1,12,0.83,26.03058624,119.19313049,50.3,26.03063583,119.19300079,30.95,1.663,4.138,-0.746,0.0,-0.0,0.001,1.82,-6.21,-83.07,14.028,0.5,0.5,80.92,640,0,5755
1889904,1,1,12,0.83,26.03058624,119.19313049,50.3,26.03063774,119.19300079,30.95,1.656,4.141,-0.748,-0.0,-0.0,-0.0,1.81,-6.21,-83.06,14.028,0.5,0.5,80.92,640,0,5757
1890109,1,1,12,0.83,26.03058624,119.19313049,50.3,26.03063774,119.19300079,30.95,1.652,4.142,-0.748,0.0,-0.0,-0.0,1.81,-6.23,-83.06,14.028,0.5,0.5,80.92,640,0,5760
1890311,1,1,12,0.83,26.03058624,119.19313049,50.3,26.03063774,119.19300079,30.95,1.651,4.143,-0.748,0.0,-0.0,-0.0,1.81,-6.23,-83.05,14.028,0.5,0.5,80.92,640,0,5760
1890515,1,1,12,0.83,26.03058624,119.19313049,50.3,26.03063774,119.19300079,30.95,1.651,4.143,-0.748,-0.0,0.0,0.0,1.82,-6.23,-83.06,14.028,0.5,0.5,80.92,640,0,5760
1890721,1,1,12,0.83,26.03058243,119.19313049,50.1,26.03063583,119.19300079,30.95,1.663,4.137,-0.747,0.0,0.0,-0.0,1.82,-6.23,-83.05,14.204,0.5,0.5,83.58,641,0,5764
1890936,1,1,12,0.83,26.03058243,119.19313049,50.1,26.03063774,119.19300079,30.95,1.655,4.141,-0.748,0.0,0.0,0.0,1.83,-6.24,-83.02,14.204,0.5,0.5,83.58,641,0,5767
1891139,1,1,12,0.83,26.03058243,119.19313049,50.1,26.03063774,119.19300079,30.95,1.652,4.142,-0.748,0.0,-0.0,0.0,1.85,-6.25,-83.03,14.204,0.5,0.5,83.58,641,0,5769
1891341,1,1,12,0.83,26.03058243,119.19313049,50.1,26.03063774,119.19300079,30.95,1.651,4.143,-0.748,-0.0,-0.0,0.0,1.83,-6.24,-83.04,14.204,0.5,0.5,83.58,641,0,5769
1891557,1,1,12,0.83,26.03058243,119.19311523,50.1,26.03063774,119.19300079,30.95,1.651,4.143,-0.748,0.0,-0.0,0.001,1.82,-6.23,-83.03,14.204,0.5,0.5,83.58,641,0,5771
1891760,1,1,12,0.86,26.03058243,119.19311523,50.2,26.03063583,119.19300079,30.95,1.662,4.137,-0.746,-0.0,0.0,0.0,1.81,-6.23,-83.05,12.84,0.5,0.5,79.88,642,0,5773
1891974,1,1,12,0.86,26.03058243,119.19311523,50.2,26.03063774,119.19300079,30.95,1.655,4.141,-0.748,0.0,-0.0,-0.0,1.82,-6.24,-83.05,12.84,0.5,0.5,79.88,642,0,5776
1892178,1,1,12,0.86,26.03058243,119.19311523,50.2,26.03063774,119.19300079,30.95,1.652,4.142,-0.748,-0.0,-0.0,0.0,1.82,-6.24,-83.06,12.84,0.5,0.5,79.88,642,0,5778
1892391,1,1,12,0.86,26.03058243,119.19311523,50.2,26.03063774,119.19300079,30.95,1.651,4.143,-0.748,0.0,0.0,0.0,1.81,-6.24,-83.07,12.84,0.5,0.5,79.88,642,0,5778
1892591,1,1,12,0.86,26.03058243,119.19313049,50.2,26.03063774,119.19300079,30.95,1.651,4.143,-0.748,-0.0,0.0,-0.0,1.82,-6.24,-83.06,12.84,0.5,0.5,79.88,642,0,5780
1892807,1,1,12,0.92,26.03058243,119.19313049,50.0,26.03063583,119.19300079,30.95,1.658,4.14,-0.747,0.0,0.0,0.0,1.84,-6.23,-83.07,14.204,0.5,0.5,85.49,643,0,5783
1893009,1,1,12,0.92,26.03058243,119.19313049,50.0,26.03063774,119.19300079,30.95,1.653,4.142,-0.748,-0.0,0.0,0.0,1.84,-6.23,-83.06,14.204,0.5,0.5,85.49,643,0,5786
1893210,1,1,12,0.92,26.03058243,119.19313049,50.0,26.03063774,119.19300079,30.95,1.652,4.143,-0.748,0.0,0.0,-0.0,1.84,-6.23,-83.06,14.204,0.5,0.5,85.49,643,0,5787
1893418,1,1,12,0.92,26.03058243,119.19313049,50.0,26.03063774,119.19300079,30.95,1.651,4.143,-0.748,0.0,0.0,0.001,1.82,-6.22,-83.06,14.204,0.5,0.5,85.49,643,0,5787
1893623,1,1,12,0.92,26.03058243,119.19313049,50.0,26.03063774,119.19300079,30.95,1.651,4.143,-0.748,0.0,0.0,0.0,1.83,-6.23,-83.07,14.204,0.5,0.5,85.49,643,0,5789
1893832,1,1,12,0.92,26.03058243,119.19313049,50.1,26.03063583,119.19300079,30.95,1.658,4.14,-0.747,-0.0,0.0,-0.0,1.82,-6.24,-83.07,14.204,0.5,0.5,80.6,644,0,5792
1894034,1,1,12,0.92,26.03058243,119.19313049,50.1,26.03063774,119.19300079,30.95,1.653,4.142,-0.748,-0.0,-0.0,-0.0,1.82,-6.24,-83.05,14.204,0.5,0.5,80.6,644,0,5796
1894236,1,1,12,0.92,26.03058243,119.19313049,50.1,26.03063774,119.19300079,30.95,1.652,4.143,-0.748,0.0,0.0,0.0,1.82,-6.24,-83.05,14.204,0.5,0.5,80.6,644,0,5796
1894439,1,1,12,0.92,26.03058243,119.19313049,50.1,26.03063774,119.19300079,30.95,1.651,4.143,-0.748,0.0,0.0,-0.0,1.82,-6.22,-83.06,14.204,0.5,0.5,80.6,644,0,5796
1894647,1,1,12,0.92,26.03058243,119.19313049,50.1,26.03063583,119.19300079,30.95,1.67,4.134,-0.745,0.0,-0.0,0.0,1.83,-6.23,-83.06,14.204,0.5,0.5,80.6,645,0,5799
1894855,1,1,12,0.92,26.03058243,119.19313049,50.1,26.03063583,119.19300079,30.95,1.658,4.14,-0.747,-0.0,0.0,-0.0,1.82,-6.22,-83.08,14.204,0.5,0.5,79.68,645,0,5802
1895063,1,1,12,0.92,26.03058243,119.19313049,50.1,26.03063774,119.19300079,30.95,1.653,4.142,-0.748,0.0,-0.0,0.0,1.82,-6.22,-83.08,14.204,0.5,0.5,79.68,645,0,5805
1895272,1,1,12,0.92,26.03058243,119.19313049,50.1,26.03063774,119.19300079,30.95,1.652,4.143,-0.748,-0.0,0.0,-0.0,1.8,-6.19,-83.07,14.204,0.5,0.5,79.68,645,0,5805
1895478,1,1,12,0.92,26.03058243,119.19313049,50.1,26.03063774,119.19300079,30.95,1.651,4.143,-0.748,0.0,-0.0,0.0,1.8,-6.2,-83.06,14.204,0.5,0.5,79.68,645,0,5805
1895705,1,1,12,0.92,26.03058243,119.19313049,49.9,26.03063583,119.19300079,30.95,1.663,4.137,-0.747,0.0,0.0,-0.0,1.83,-6.2,-83.06,14.204,0.5,0.5,79.68,646,0,5809
1895912,1,1,12,0.92,26.03058243,119.19313049,49.9,26.03063774,119.19300079,30.95,1.655,4.141,-0.748,-0.0,0.0,0.0,1.81,-6.2,-83.08,14.204,0.5,0.5,81.47,646,0,5811
1896117,1,1,12,0.92,26.03058243,119.19313049,49.9,26.03063774,119.19300079,30.95,1.652,4.142,-0.748,0.0,0.0,-0.0,1.81,-6.19,-83.08,14.204,0.5,0.5,81.47,646,0,5814
1896321,1,1,12,0.92,26.03058243,119.19313049,49.9,26.03063774,119.19300079,30.95,1.651,4.143,-0.748,0.0,-0.0,-0.0,1.82,-6.2,-83.09,14.204,0.5,0.5,81.47,646,0,5814
1896534,1,1,12,0.92,26.03058243,119.19313049,49.9,26.03063774,119.19300079,30.95,1.651,4.143,-0.748,-0.0,0.0,-0.0,1.81,-6.19,-83.06,14.204,0.5,0.5,81.47,646,0,5815
1896743,1,1,10,0.87,26.03058243,119.19313049,49.9,26.03063583,119.19300079,30.95,1.663,4.137,-0.747,0.0,0.0,-0.0,1.83,-6.2,-83.08,14.204,0.5,0.5,81.47,647,0,5818
1896944,1,1,10,0.87,26.03058243,119.19313049,49.9,26.03063774,119.19300079,30.95,1.655,4.141,-0.748,-0.0,-0.0,-0.0,1.8,-6.22,-83.07,14.204,0.5,0.5,79.0,647,0,5821
1897148,1,1,10,0.87,26.03058243,119.19313049,49.9,26.03063774,119.19300079,30.95,1.652,4.142,-0.748,-0.0,0.0,0.001,1.8,-6.2,-83.07,14.204,0.5,0.5,79.0,647,0,5823
1897355,1,1,10,0.87,26.03058243,119.19313049,49.9,26.03063774,119.19300079,30.95,1.651,4.143,-0.748,0.0,-0.0,0.0,1.83,-6.21,-83.06,14.204,0.5,0.5,79.0,647,0,5823
1897567,1,1,10,0.87,26.03058243,119.19313049,49.9,26.03063774,119.19300079,30.95,1.651,4.143,-0.748,-0.0,0.0,-0.0,1.82,-6.21,-83.04,14.204,0.5,0.5,79.0,647,0,5825
1897776,1,1,11,0.87,26.03058243,119.19313049,49.9,26.03063583,119.19300079,30.95,1.659,4.139,-0.747,0.0,-0.0,-0.0,1.83,-6.22,-83.04,14.204,0.5,0.5,79.0,648,0,5828
1897985,1,1,11,0.87,26.03058243,119.19313049,49.9,26.03063774,119.19300079,30.95,1.654,4.142,-0.748,-0.0,0.0,0.0,1.83,-6.21,-83.05,14.204,0.5,0.5,80.69,648,0,5831
1898188,1,1,11,0.87,26.03058243,119.19313049,49.9,26.03063774,119.19300079,30.95,1.652,4.143,-0.748,-0.0,-0.0,-0.0,1.83,-6.2,-83.01,14.204,0.5,0.5,80.69,648,0,5832
1898391,1,1,11,0.87,26.03058243,119.19313049,49.9,26.03063774,119.19300079,30.95,1.651,4.143,-0.748,-0.0,-0.0,0.0,1.81,-6.2,-83.01,14.204,0.5,0.5,80.69,648,0,5832
1898602,1,1,11,0.87,26.03058243,119.19313049,49.9,26.03063774,119.19300079,30.95,1.651,4.143,-0.748,0.0,0.0,0.0,1.81,-6.21,-83.01,14.204,0.5,0.5,80.69,648,0,5834
1898818,1,1,11,0.87,26.03058243,119.19313049,49.9,26.03063583,119.19300079,30.95,1.659,4.139,-0.747,0.0,-0.0,0.0,1.8,-6.24,-83.02,14.204,0.5,0.5,80.69,649,0,5837
1899024,1,1,11,0.87,26.03058243,119.19313049,49.9,26.03063774,119.19300079,30.95,1.654,4.142,-0.748,-0.0,0.0,-0.0,1.81,-6.25,-83.03,14.204,0.5,0.5,83.73,649,0,5841
1899235,1,1,11,0.87,26.03058243,119.19313049,49.9,26.03063774,119.19300079,30.95,1.652,4.143,-0.748,0.0,-0.0,0.0,1.81,-6.25,-83.03,14.204,0.5,0.5,83.73,649,0,5841
1899442,1,1,11,0.87,26.03058243,119.19313049,49.9,26.03063774,119.19300079,30.95,1.651,4.143,-0.748,0.0,0.0,0.0,1.82,-6.23,-83.04,14.204,0.5,0.5,83.73,649,0,5841
1899650,1,1,11,0.87,26.03058624,119.19313049,50.0,26.03063583,119.19300079,30.95,1.671,4.134,-0.745,-0.0,-0.0,0.0,1.81,-6.23,-83.04,14.028,0.5,0.5,83.73,650,0,5844
1899865,1,1,11,0.87,26.03058624,119.19313049,50.0,26.03063583,119.19300079,30.95,1.659,4.14,-0.747,0.0,-0.0,-0.0,1.81,-6.24,-83.06,14.028,0.5,0.5,83.73,650,0,5847
1900077,1,1,11,0.87,26.03058624,119.19313049,50.0,26.03063774,119.19300079,30.95,1.654,4.142,-0.748,-0.0,0.0,-0.0,1.81,-6.24,-83.06,14.028,0.5,0.5,83.33,650,0,5850
1900281,1,1,11,0.87,26.03058624,119.19313049,50.0,26.03063774,119.19300079,30.95,1.652,4.143,-0.748,-0.0,-0.0,-0.001,1.83,-6.25,-83.05,14.028,0.5,0.5,83.33,650,0,5850
1900493,1,1,11,0.87,26.03058624,119.19313049,50.0,26.03063774,119.19300079,30.95,1.651,4.143,-0.748,0.0,0.0,-0.0,1.85,-6.23,-83.04,14.028,0.5,0.5,83.33,650,0,5850
1900713,1,1,11,0.87,26.03059006,119.19311523,50.0,26.03063583,119.19300079,30.95,1.662,4.138,-0.747,0.0,0.0,0.001,1.84,-6.22,-83.03,12.462,0.5,0.5,83.33,651,0,5854
1900921,1,1,11,0.87,26.03059006,119.19311523,50.0,26.03063774,119.19300079,30.95,1.655,4.141,-0.748,0.0,-0.0,0.0,1.84,-6.2,-83.0,12.462,0.5,0.5,83.33,651,0,5857
1901126,1,1,11,0.87,26.03059006,119.19311523,50.0,26.03063774,119.19300079,30.95,1.652,4.142,-0.748,-0.0,0.0,0.0,1.84,-6.21,-83.02,12.462,0.5,0.5,81.11,651,0,5859
1901332,1,1,11,0.87,26.03059006,119.19311523,50.0,26.03063774,119.19300079,30.95,1.651,4.143,-0.748,0.0,-0.0,-0.0,1.83,-6.22,-83.01,12.462,0.5,0.5,81.11,651,0,5859
1901538,1,1,11,0.87,26.03059578,119.19313049,50.0,26.03063774,119.19300079,30.95,1.651,4.143,-0.748,-0.0,0.0,0.0,1.83,-6.2,-82.99,12.462,0.5,0.5,81.11,651,0,5860
1901745,1,1,11,0.79,26.03059578,119.19313049,50.5,26.03063583,119.19300079,30.95,1.663,4.139,-0.746,0.0,-0.0,-0.0,1.82,-6.19,-83.0,13.637,0.5,0.5,81.11,652,0,5863
1901949,1,1,11,0.79,26.03059578,119.19313049,50.5,26.03063774,119.19300079,30.95,1.655,4.141,-0.748,-0.0,-0.0,-0.0,1.82,-6.2,-82.99,13.637,0.5,0.5,81.51,652,0,5866
1902154,1,1,11,0.79,26.03059578,119.19313049,50.5,26.03063774,119.19300079,30.95,1.652,4.143,-0.748,0.0,-0.0,-0.0,1.82,-6.21,-82.98,13.637,0.5,0.5,81.51,652,0,5868
1902367,1,1,11,0.79,26.03059578,119.19313049,50.5,26.03063774,119.19300079,30.95,1.651,4.143,-0.748,0.0,-0.0,0.0,1.83,-6.22,-83.0,13.637,0.5,0.5,81.51,652,0,5868
1902571,1,1,11,0.79,26.03060341,119.19313049,50.5,26.03063774,119.19300079,30.95,1.651,4.143,-0.748,-0.0,0.0,0.001,1.83,-6.22,-82.98,13.637,0.5,0.5,81.51,652,0,5870
1902780,1,1,11,0.79,26.03060341,119.19313049,50.7,26.03063583,119.19300079,30.95,1.663,4.14,-0.746,-0.0,0.0,0.0,1.82,-6.21,-83.01,13.377,0.5,0.5,81.51,653,0,5872
1902984,1,1,11,0.79,26.03060341,119.19313049,50.7,26.03063774,119.19300079,30.95,1.655,4.142,-0.748,-0.0,-0.0,0.0,1.82,-6.2,-83.01,13.377,0.5,0.5,80.19,653,0,5876
1903185,1,1,11,0.79,26.03060341,119.19313049,50.7,26.03063774,119.19300079,30.95,1.652,4.143,-0.748,0.0,0.0,-0.0,1.82,-6.2,-83.02,13.377,0.5,0.5,80.19,653,0,5877
1903386,1,1,11,0.79,26.03060341,119.19313049,50.7,26.03063774,119.19300079,30.95,1.651,4.143,-0.748,-0.0,-0.0,0.0,1.81,-6.21,-83.02,13.377,0.5,0.5,80.19,653,0,5877
1903597,1,1,11,0.79,26.03060722,119.19311523,50.7,26.03063774,119.19300079,30.95,1.651,4.143,-0.748,0.0,0.0,0.001,1.83,-6.22,-83.04,13.377,0.5,0.5,80.19,653,0,5879
1903818,1,1,11,0.79,26.03060722,119.19311523,50.8,26.03063774,119.19300079,30.95,1.658,4.141,-0.747,0.0,0.0,0.0,1.83,-6.22,-83.03,11.792,0.5,0.5,80.19,654,0,5882
1904019,1,1,11,0.79,26.03060722,119.19311523,50.8,26.03063774,119.19300079,30.95,1.653,4.142,-0.748,-0.0,-0.0,-0.0,1.82,-6.22,-83.03,11.792,0.5,0.5,82.13,654,0,5885
1904220,1,1,11,0.79,26.03060722,119.19311523,50.8,26.03063774,119.19300079,30.95,1.651,4.143,-0.748,0.0,-0.0,0.0,1.82,-6.22,-83.03,11.792,0.5,0.5,82.13,654,0,5886
1904426,1,1,11,0.79,26.03060722,119.19311523,50.8,26.03063774,119.19300079,30.95,1.651,4.143,-0.748,0.0,0.0,0.0,1.81,-6.23,-83.03,11.792,0.5,0.5,82.13,654,0,5886
1904642,1,1,11,0.85,26.03060722,119.19313049,50.8,26.03063583,119.19300079,30.95,1.671,4.138,-0.745,-0.0,-0.0,0.0,1.82,-6.22,-83.03,13.265,0.5,0.5,82.13,655,0,5889
1904851,1,1,11,0.85,26.03060722,119.19313049,50.8,26.03063774,119.19300079,30.95,1.659,4.141,-0.747,-0.0,0.0,-0.0,1.8,-6.19,-83.04,13.265,0.5,0.5,82.13,655,0,5892
1905066,1,1,11,0.85,26.03060722,119.19313049,50.8,26.03063774,119.19300079,30.95,1.654,4.142,-0.748,0.0,-0.0,0.0,1.81,-6.2,-83.04,13.265,0.5,0.5,86.48,655,0,5895
1905270,1,1,11,0.85,26.03060722,119.19313049,50.8,26.03063774,119.19300079,30.95,1.652,4.143,-0.748,0.0,-0.0,0.0,1.82,-6.22,-83.06,13.265,0.5,0.5,86.48,655,0,5895
1905475,1,1,11,0.85,26.03060722,119.19313049,50.8,26.03063774,119.19300079,30.95,1.651,4.143,-0.748,-0.0,0.0,0.0,1.82,-6.23,-83.06,13.265,0.5,0.5,86.48,655,0,5895
1905713,1,1,11,0.85,26.03061104,119.19311523,51.1,26.03063774,119.19300079,30.95,1.662,4.14,-0.746,0.0,0.0,0.0,1.84,-6.24,-83.03,11.681,0.5,0.5,86.48,656,0,5899
1905920,1,1,11,0.85,26.03061104,119.19311523,51.1,26.03063774,119.19300079,30.95,1.655,4.142,-0.748,-0.0,-0.0,0.0,1.83,-6.23,-83.03,11.681,0.5,0.5,86.48,656,0,5902
1906137,1,1,11,0.85,26.03061104,119.19311523,51.1,26.03063774,119.19300079,30.95,1.652,4.143,-0.748,0.0,0.0,0.0,1.82,-6.23,-83.03,11.681,0.5,0.5,80.6,656,0,5904
1906341,1,1,11,0.85,26.03061104,119.19311523,51.1,26.03063774,119.19300079,30.95,1.651,4.143,-0.748,-0.0,0.0,0.0,1.81,-6.21,-83.03,11.681,0.5,0.5,80.6,656,0,5904
1906550,1,1,11,0.85,26.03061485,119.19311523,51.1,26.03063774,119.19300079,30.95,1.651,4.143,-0.748,-0.0,0.0,0.0,1.79,-6.22,-83.02,11.681,0.5,0.5,80.6,656,0,5905
1906766,1,1,12,0.85,26.03061485,119.19311523,51.3,26.03063774,119.19300079,30.95,1.662,4.141,-0.746,-0.0,0.0,-0.0,1.8,-6.21,-83.01,11.584,0.5,0.5,80.6,657,0,5908
1906977,1,1,12,0.85,26.03061485,119.19311523,51.3,26.03063774,119.19300079,30.95,1.655,4.142,-0.748,-0.0,0.0,0.0,1.8,-6.2,-83.02,11.584,0.5,0.5,80.6,657,0,5911
1907181,1,1,12,0.85,26.03061485,119.19311523,51.3,26.03063774,119.19300079,30.95,1.652,4.143,-0.748,-0.0,0.0,0.0,1.8,-6.2,-83.0,11.584,0.5,0.5,86.83,657,0,5913
1907387,1,1,12,0.85,26.03061485,119.19311523,51.3,26.03063774,119.19300079,30.95,1.651,4.143,-0.748,-0.0,0.0,0.0,1.81,-6.2,-83.02,11.584,0.5,0.5,86.83,657,0,5913
1907591,1,1,12,0.85,26.03061485,119.19313049,51.3,26.03063774,119.19300079,30.95,1.651,4.143,-0.748,-0.0,0.0,0.001,1.82,-6.19,-83.02,11.584,0.5,0.5,86.83,657,0,5915
1907803,1,1,12,0.85,26.03061485,119.19313049,51.4,26.03063774,119.19300079,30.95,1.659,4.142,-0.747,-0.0,0.0,-0.0,1.82,-6.2,-83.02,13.08,0.5,0.5,86.83,658,0,5918
1908005,1,1,12,0.85,26.03061485,119.19313049,51.4,26.03063774,119.19300079,30.95,1.654,4.143,-0.748,0.0,0.0,0.001,1.83,-6.19,-83.0,13.08,0.5,0.5,86.83,658,0,5921
1908215,1,1,12,0.85,26.03061485,119.19313049,51.4,26.03063774,119.19300079,30.95,1.652,4.143,-0.748,0.0,-0.0,-0.0,1.83,-6.22,-83.02,13.08,0.5,0.5,80.92,658,0,5922
1908415,1,1,12,0.85,26.03061485,119.19313049,51.4,26.03063774,119.19300079,30.95,1.651,4.143,-0.748,-0.0,0.0,0.0,1.83,-6.22,-83.03,13.08,0.5,0.5,80.92,658,0,5922
1908629,1,1,12,0.85,26.03061867,119.19313049,51.4,26.03063774,119.19300079,30.95,1.651,4.143,-0.748,-0.0,-0.0,0.0,1.82,-6.24,-83.04,13.08,0.5,0.5,80.92,658,0,5924
1908838,1,1,12,0.85,26.03061867,119.19313049,51.5,26.03063774,119.19300079,30.95,1.659,4.142,-0.747,-0.0,-0.0,0.0,1.82,-6.23,-83.04,13.007,0.5,0.5,80.92,659,0,5927
1909052,1,1,12,0.85,26.03061867,119.19313049,51.5,26.03063774,119.19300079,30.95,1.654,4.143,-0.748,0.0,-0.0,0.0,1.84,-6.23,-83.07,13.007,0.5,0.5,84.4,659,0,5931
1909256,1,1,12,0.85,26.03061867,119.19313049,51.5,26.03063774,119.19300079,30.95,1.652,4.143,-0.748,-0.0,-0.0,0.0,1.84,-6.23,-83.08,13.007,0.5,0.5,84.4,659,0,5931
1909466,1,1,12,0.85,26.03061867,119.19313049,51.5,26.03063774,119.19300079,30.95,1.651,4.143,-0.748,-0.0,-0.0,0.0,1.85,-6.25,-83.04,13.007,0.5,0.5,84.4,659,0,5931
1909703,1,1,12,0.85,26.03061867,119.19313049,51.7,26.03063774,119.19300079,30.95,1.663,4.141,-0.746,0.0,0.0,-0.0,1.85,-6.24,-83.03,13.007,0.5,0.5,84.4,660,0,5935
1909904,1,1,12,0.85,26.03061867,119.19313049,51.7,26.03063774,119.19300079,30.95,1.656,4.142,-0.748,0.0,-0.0,-0.0,1.83,-6.23,-83.03,13.007,0.5,0.5,84.4,660,0,5937
1910114,1,1,12,0.85,26.03061867,119.19313049,51.7,26.03063774,119.19300079,30.95,1.652,4.143,-0.748,-0.0,0.0,0.0,1.82,-6.23,-83.04,13.007,0.5,0.5,85.57,660,0,5940
1910322,1,1,12,0.85,26.03061867,119.19313049,51.7,26.03063774,119.19300079,30.95,1.651,4.143,-0.748,-0.0,0.0,-0.0,1.83,-6.21,-83.04,13.007,0.5,0.5,85.57,660,0,5940
1910531,1,1,12,0.85,26.03061867,119.19313049,51.7,26.03063774,119.19300079,30.95,1.651,4.143,-0.748,0.0,0.0,0.001,1.85,-6.21,-83.03,13.007,0.5,0.5,85.57,660,0,5941
1910734,1,1,12,0.74,26.03061867,119.19313049,51.7,26.03063774,119.19300079,30.95,1.663,4.141,-0.746,-0.0,-0.0,0.0,1.84,-6.22,-83.03,13.007,0.5,0.5,85.57,661,0,5944
1910944,1,1,12,0.74,26.03061867,119.19313049,51.7,26.03063774,119.19300079,30.95,1.655,4.142,-0.748,-0.0,0.0,-0.0,1.8,-6.18,-83.02,13.007,0.5,0.5,85.57,661,0,5947
1911155,1,1,12,0.74,26.03061867,119.19313049,51.7,26.03063774,119.19300079,30.95,1.652,4.143,-0.748,0.0,0.0,0.0,1.8,-6.18,-83.04,13.007,0.5,0.5,79.44,661,0,5949
1911361,1,1,12,0.74,26.03061867,119.19313049,51.7,26.03063774,119.19300079,30.95,1.651,4.143,-0.748,-0.0,0.0,0.0,1.76,-6.17,-83.07,13.007,0.5,0.5,79.44,661,0,5949
1911578,1,1,12,0.74,26.03061867,119.19313049,51.7,26.03063774,119.19300079,30.95,1.651,4.143,-0.748,0.0,0.0,0.0,1.77,-6.17,-83.07,13.007,0.5,0.5,79.44,661,0,5951
1911780,1,1,12,0.74,26.03061867,119.19313049,51.6,26.03063774,119.19300079,30.95,1.659,4.142,-0.747,0.0,0.0,0.0,1.86,-6.17,-83.11,13.007,0.5,0.5,79.44,662,0,5954
1911985,1,1,12,0.74,26.03061867,119.19313049,51.6,26.03063774,119.19300079,30.95,1.654,4.143,-0.748,-0.0,-0.0,0.0,1.84,-6.13,-83.09,13.007,0.5,0.5,79.44,662,0,5957
1912192,1,1,12,0.74,26.03061867,119.19313049,51.6,26.03063774,119.19300079,30.95,1.652,4.143,-0.748,0.0,-0.0,0.002,1.86,-6.13,-83.1,13.007,0.5,0.5,81.37,662,0,5958
1912394,1,1,12,0.74,26.03061867,119.19313049,51.6,26.03063774,119.19300079,30.95,1.651,4.144,-0.75,-0.002,0.007,-0.012,1.81,-5.9,-83.09,13.007,0.5,0.5,81.37,662,0,5958
1912598,1,1,12,0.74,26.03062248,119.19311523,51.6,26.03063774,119.19300079,30.95,1.65,4.145,-0.752,-0.003,0.005,-0.011,1.82,-5.91,-83.04,13.007,0.505,0.505,81.37,662,0,5960
1912801,1,1,12,0.74,26.03062248,119.19311523,51.6,26.03063583,119.19300842,31.03,2.104,4.082,-0.67,0.043,-0.003,-0.003,1.78,-5.97,-83.04,11.435,0.51,0.51,81.37,663,0,5963
1913032,1,1,12,0.74,26.03062248,119.19311523,51.6,26.03063583,119.19300842,31.03,2.102,4.082,-0.67,0.0,-0.0,-0.001,1.79,-6.02,-83.04,11.435,0.5,0.5,81.37,663,0,5966
1913235,1,1,12,0.74,26.03062248,119.19311523,51.6,26.03063583,119.19300842,31.03,2.108,4.082,-0.67,0.0,-0.0,0.0,1.83,-6.06,-83.06,11.435,0.5,0.5,111.67,663,0,5967
1913440,1,1,12,0.74,26.03062248,119.19311523,51.6,26.03063583,119.19300842,31.03,2.11,4.081,-0.671,-0.0,-0.0,-0.0,1.81,-6.09,-83.03,11.435,0.5,0.5,111.67,663,0,5967
1913642,1,1,12,0.74,26.03061867,119.19313049,51.6,26.03063583,119.19300842,31.03,2.111,4.081,-0.67,-0.001,-0.001,0.002,1.89,-6.04,-83.02,11.435,0.5,0.5,111.67,663,0,5969
1913845,1,1,12,0.74,26.03061867,119.19313049,51.3,26.03063583,119.19300842,31.11,2.589,4.005,-0.591,0.006,-0.003,0.003,1.87,-6.09,-83.04,12.543,0.504,0.504,111.67,664,0,5972
1914050,1,1,12,0.74,26.03061867,119.19313049,51.3,26.03063583,119.19300842,31.11,2.59,4.005,-0.59,0.006,-0.003,0.004,1.86,-6.11,-83.03,12.543,0.517,0.517,111.67,664,0,5976
1914255,1,1,12,0.74,26.03061867,119.19313049,51.3,26.03063583,119.19300842,31.11,2.59,4.005,-0.59,-0.0,-0.0,-0.0,1.83,-6.12,-83.03,12.543,0.5,0.5,103.69,664,0,5976
1914461,1,1,12,0.74,26.03061867,119.19313049,51.3,26.03063583,119.19300842,31.11,2.59,4.005,-0.59,-0.0,0.0,0.0,1.82,-6.14,-83.03,12.543,0.5,0.5,103.69,664,0,5976
1914661,1,1,10,0.85,26.03061867,119.19311523,51.2,26.03063583,119.19300842,31.11,2.607,4.002,-0.587,0.0,0.0,0.0,1.81,-6.15,-83.05,10.552,0.5,0.5,103.69,665,0,5979
1914864,1,1,10,0.85,26.03061867,119.19311523,51.2,26.03063583,119.19300842,31.11,2.597,4.003,-0.589,-0.0,-0.0,-0.0,1.84,-6.16,-83.08,10.552,0.5,0.5,103.69,665,0,5982
1915074,1,1,10,0.85,26.03061867,119.19311523,51.2,26.03063583,119.19300842,31.11,2.593,4.004,-0.589,0.0,-0.0,-0.0,1.83,-6.19,-83.08,10.552,0.5,0.5,103.69,665,0,5985
1915275,1,1,10,0.85,26.03061867,119.19311523,51.2,26.03063583,119.19300842,31.11,2.592,4.004,-0.59,0.0,0.0,-0.0,1.82,-6.18,-83.09,10.552,0.5,0.5,79.76,665,0,5985
1915487,1,1,10,0.85,26.03061867,119.19311523,51.2,26.03063583,119.19300842,31.11,2.591,4.005,-0.59,-0.0,-0.0,0.0,1.81,-6.19,-83.08,10.552,0.5,0.5,79.76,665,0,5985
1915704,1,1,10,0.85,26.03061867,119.19313049,51.0,26.03063583,119.19300842,31.11,2.603,4.003,-0.588,-0.0,-0.0,0.0,1.81,-6.19,-83.06,12.057,0.5,0.5,79.76,666,0,5989
1915921,1,1,10,0.85,26.03061867,119.19313049,51.0,26.03063583,119.19300842,31.11,2.595,4.004,-0.589,-0.0,-0.0,-0.0,1.81,-6.2,-83.04,12.057,0.5,0.5,79.76,666,0,5992
1916125,1,1,10,0.85,26.03061867,119.19313049,51.0,26.03063583,119.19300842,31.11,2.592,4.004,-0.59,0.0,0.0,0.0,1.8,-6.18,-83.03,12.057,0.5,0.5,85.27,666,0,5994
1916325,1,1,10,0.85,26.03061867,119.19313049,51.0,26.03063583,119.19300842,31.11,2.591,4.004,-0.59,-0.0,-0.0,-0.0,1.8,-6.2,-83.02,12.057,0.5,0.5,85.27,666,0,5994
1916546,1,1,10,0.85,26.03061485,119.19313049,51.0,26.03063583,119.19300842,31.11,2.591,4.005,-0.59,-0.0,0.0,-0.0,1.79,-6.21,-83.04,12.057,0.5,0.5,85.27,666,0,5995
1916753,1,1,10,0.85,26.03061485,119.19313049,50.8,26.03063583,119.19300842,31.11,2.603,4.002,-0.588,0.0,0.0,-0.0,1.8,-6.21,-83.02,12.13,0.5,0.5,85.27,667,0,5998
1916960,1,1,10,0.85,26.03061485,119.19313049,50.8,26.03063583,119.19300842,31.11,2.595,4.004,-0.589,0.0,0.0,-0.0,1.8,-6.22,-83.02,12.13,0.5,0.5,85.27,667,0,6001
1917160,1,1,10,0.85,26.03061485,119.19313049,50.8,26.03063583,119.19300842,31.11,2.592,4.004,-0.59,0.0,-0.0,0.0,1.81,-6.22,-83.04,12.13,0.5,0.5,83.09,667,0,6003
1917366,1,1,10,0.85,26.03061485,119.19313049,50.8,26.03063583,119.19300842,31.11,2.591,4.004,-0.59,0.0,-0.0,-0.0,1.82,-6.23,-83.06,12.13,0.5,0.5,83.09,667,0,6003
1917582,1,1,10,0.85,26.03061485,119.19313049,50.8,26.03063583,119.19300842,31.11,2.591,4.005,-0.59,0.0,0.0,0.0,1.82,-6.21,-83.03,12.13,0.5,0.5,83.09,667,0,6005
1917819,1,1,12,0.78,26.03061485,119.19313049,50.7,26.03063583,119.19300842,31.11,2.598,4.003,-0.589,-0.0,0.0,0.0,1.83,-6.2,-83.03,12.13,0.5,0.5,83.09,668,0,6008
1918019,1,1,12,0.78,26.03061485,119.19313049,50.7,26.03063583,119.19300842,31.11,2.594,4.004,-0.589,0.0,-0.0,-0.0,1.83,-6.19,-83.05,12.13,0.5,0.5,83.09,668,0,6011
1918225,1,1,12,0.78,26.03061485,119.19313049,50.7,26.03063583,119.19300842,31.11,2.592,4.004,-0.59,0.0,-0.0,0.0,1.82,-6.21,-83.05,12.13,0.5,0.5,86.83,668,0,6012
1918425,1,1,12,0.78,26.03061485,119.19313049,50.7,26.03063583,119.19300842,31.11,2.591,4.005,-0.59,-0.0,-0.0,-0.0,1.8,-6.22,-83.05,12.13,0.5,0.5,86.83,668,0,6012
1918640,1,1,12,0.78,26.03061485,119.19313049,50.5,26.03063583,119.19300842,31.11,2.61,4.001,-0.587,-0.0,0.0,0.0,1.79,-6.21,-83.04,12.13,0.5,0.5,86.83,669,0,6015
1918842,1,1,12,0.78,26.03061485,119.19313049,50.5,26.03063583,119.19300842,31.11,2.598,4.003,-0.589,-0.0,0.0,0.0,1.79,-6.19,-83.05,12.13,0.5,0.5,86.83,669,0,6017
1919049,1,1,12,0.78,26.03061485,119.19313049,50.5,26.03063583,119.19300842,31.11,2.594,4.004,-0.589,0.0,0.0,-0.0,1.81,-6.19,-83.06,12.13,0.5,0.5,86.83,669,0,6021
1919255,1,1,12,0.78,26.03061485,119.19313049,50.5,26.03063583,119.19300842,31.11,2.592,4.004,-0.59,0.0,-0.0,-0.0,1.81,-6.2,-83.05,12.13,0.5,0.5,79.76,669,0,6021
1919461,1,1,12,0.78,26.03061485,119.19313049,50.5,26.03063583,119.19300842,31.11,2.591,4.005,-0.59,-0.0,-0.0,0.0,1.78,-6.23,-83.05,12.13,0.5,0.5,79.76,669,0,6021
1919676,1,1,12,0.78,26.03061485,119.19313049,50.4,26.03063583,119.19300842,31.11,2.61,4.001,-0.587,-0.0,-0.0,-0.0,1.76,-6.22,-83.06,12.13,0.5,0.5,79.76,670,0,6024
1919879,1,1,12,0.78,26.03061485,119.19313049,50.4,26.03063583,119.19300842,31.11,2.598,4.003,-0.589,0.0,-0.0,-0.0,1.76,-6.2,-83.07,12.13,0.5,0.5,79.76,670,0,6027
1920086,1,1,12,0.78,26.03061485,119.19313049,50.4,26.03063583,119.19300842,31.11,2.594,4.004,-0.589,0.0,0.0,-0.0,1.76,-6.2,-83.07,12.13,0.5,0.5,79.76,670,0,6030
1920291,1,1,12,0.78,26.03061485,119.19313049,50.4,26.03063583,119.19300842,31.11,2.592,4.004,-0.59,0.0,0.0,0.0,1.76,-6.2,-83.08,12.13,0.5,0.5,81.05,670,0,6030
1920496,1,1,12,0.78,26.03061485,119.19313049,50.4,26.03063583,119.19300842,31.11,2.591,4.005,-0.59,-0.002,0.0,0.002,2.07,-6.0,-83.04,12.13,0.5,0.5,81.05,670,0,6030
1920701,1,1,11,0.84,26.03061485,119.19313049,50.4,26.03063393,119.19301605,31.19,3.055,3.914,-0.513,0.028,-0.0,0.01,3.7,-4.91,-84.52,12.13,0.501,0.501,81.05,671,0,6033
1920903,1,1,11,0.84,26.03061485,119.19313049,50.4,26.03063393,119.19301605,31.19,3.061,3.914,-0.512,0.028,-0.004,0.002,3.68,-5.0,-87.65,12.13,0.515,0.515,81.05,671,0,6036
1921104,1,1,11,0.84,26.03061485,119.19313049,50.4,26.03063393,119.19301605,31.19,3.067,3.914,-0.51,0.031,-0.002,0.009,-0.41,0.66,-86.42,12.13,0.544,0.544,81.05,671,0,6039
1921308,1,1,11,0.84,26.03061485,119.19313049,50.4,26.03063393,119.19301605,31.19,3.073,3.912,-0.509,0.032,-0.011,0.001,-1.68,12.59,-84.28,12.13,0.591,0.591,119.76,671,0,6039
1921512,1,1,11,0.84,26.03061485,119.19313049,50.4,26.03063393,119.19301605,31.19,3.079,3.909,-0.51,0.032,-0.028,-0.007,0.09,13.57,-79.36,12.13,0.656,0.656,119.76,671,0,6039
1921714,1,1,11,0.84,26.03061485,119.19313049,50.4,26.03063393,119.19302368,31.35,3.966,3.731,-0.353,0.526,-0.142,0.083,-2.34,-3.18,-74.47,11.627,0.711,0.711,119.76,672,0,6043
1921917,1,1,11,0.84,26.03061485,119.19313049,50.4,26.03063202,119.19302368,31.36,4.071,3.7,-0.336,0.514,-0.158,0.086,-1.04,-12.9,-70.02,11.627,0.807,0.807,119.76,672,0,6046
1922122,1,1,11,0.84,26.03061485,119.19313049,50.4,26.03063202,119.19302368,31.38,4.176,3.666,-0.319,0.506,-0.171,0.087,0.34,-11.31,-70.6,11.627,0.919,0.919,119.76,672,0,6048
1922323,1,1,11,0.84,26.03061485,119.19313049,50.4,26.03063202,119.19303131,31.4,4.277,3.631,-0.301,0.503,-0.18,0.089,1.14,-14.4,-71.35,11.627,1.042,1.042,129.61,672,0,6048
1922528,1,1,11,0.84,26.03061485,119.19313049,50.4,26.03063202,119.19303131,31.42,4.38,3.593,-0.283,0.497,-0.194,0.088,1.45,-15.86,-72.55,11.627,1.179,1.179,129.61,672,0,6049
1922734,1,1,11,0.8,26.03061485,119.19313049,50.2,26.0306282,119.1930542,31.95,6.625,3.153,0.248,1.655,-0.419,0.357,-0.73,-6.28,-74.9,10.236,1.185,1.185,129.61,673,0,6052
1922946,1,1,11,0.8,26.03061485,119.19313049,50.2,26.0306263,119.1930542,32.02,6.975,3.063,0.322,1.648,-0.429,0.353,0.86,-5.07,-75.03,10.236,1.331,1.331,129.61,673,0,6055
1923151,1,1,11,0.8,26.03061485,119.19313049,50.2,26.0306263,119.19306183,32.09,7.312,2.974,0.395,1.644,-0.434,0.352,0.91,-5.36,-75.41,10.236,1.483,1.483,129.61,673,0,6057
1923355,1,1,11,0.8,26.03061485,119.19313049,50.2,26.0306282,119.1930542,32.0,6.842,3.1,0.299,0.007,-0.002,0.002,0.96,-5.52,-75.7,10.236,0.533,0.533,130.61,673,0,6057
1923562,1,1,11,0.8,26.03061485,119.19313049,50.2,26.0306263,119.19306183,32.09,7.292,2.98,0.393,0.001,-0.001,0.0,0.98,-5.73,-75.9,10.236,0.5,0.5,130.61,673,0,6059
1923770,1,1,11,0.8,26.03061485,119.19313049,50.1,26.0306263,119.19306183,32.13,7.462,2.935,0.428,0.001,-0.001,-0.0,1.02,-5.86,-76.08,7.218,0.5,0.5,130.61,674,0,6061
1923974,1,1,11,0.8,26.03061485,119.19313049,50.1,26.0306263,119.19306183,32.14,7.522,2.919,0.44,-0.001,-0.002,-0.007,1.06,-5.93,-76.25,7.218,0.5,0.5,130.61,674,0,6064
1924176,1,1,11,0.8,26.03061485,119.19313049,50.1,26.0306263,119.19306183,32.14,7.522,2.918,0.439,0.001,-0.005,-0.006,2.49,-5.56,-76.3,7.218,0.502,0.502,130.61,674,0,6066
1924378,1,1,11,0.8,26.03061485,119.19313049,50.1,26.0306263,119.19306183,32.14,7.523,2.917,0.438,0.0,-0.008,-0.006,4.05,-5.48,-77.32,7.218,0.511,0.511,93.81,674,0,6066
1924581,1,1,11,0.8,26.03061485,119.19313049,50.1,26.0306263,119.19306183,32.14,7.523,2.915,0.437,0.002,-0.012,-0.002,9.93,-5.83,-78.06,7.218,0.532,0.532,93.81,674,0,6068
1924781,1,1,11,0.8,26.03061485,119.19313049,49.9,26.03062439,119.19306183,32.22,7.85,2.856,0.522,0.102,-0.028,0.025,18.63,-3.86,-77.59,7.082,0.556,0.556,93.81,675,0,6071
1924982,1,1,11,0.8,26.03061485,119.19313049,49.9,26.03062439,119.19306183,32.23,7.871,2.849,0.526,0.106,-0.042,0.023,21.07,-1.25,-76.6,7.082,0.611,0.611,93.81,675,0,6074
1925182,1,1,11,0.8,26.03061485,119.19313049,49.9,26.03062439,119.19306183,32.23,7.892,2.839,0.531,0.109,-0.053,0.024,21.45,-1.14,-77.37,7.082,0.683,0.683,93.81,675,0,6075
1925383,1,1,11,0.8,26.03061485,119.19313049,49.9,26.03062439,119.19306183,32.24,7.914,2.828,0.536,0.111,-0.061,0.024,20.96,-2.17,-77.76,7.082,0.773,0.773,129.48,675,0,6075
1925588,1,1,11,0.8,26.03061485,119.19311523,49.9,26.03062439,119.19306183,32.24,7.937,2.814,0.54,0.114,-0.071,0.001,14.85,-0.46,-77.81,7.082,0.88,0.88,129.48,675,0,6077
1925792,1,1,11,0.8,26.03061485,119.19311523,49.7,26.03062439,119.19306946,32.5,8.604,2.66,0.798,0.475,-0.139,0.166,5.51,-3.32,-77.78,5.151,0.94,0.94,129.48,676,0,6080
1925993,1,1,11,0.8,26.03061485,119.19311523,49.7,26.03062248,119.19306946,32.53,8.699,2.631,0.831,0.478,-0.146,0.166,5.23,-3.62,-78.71,5.151,1.064,1.064,129.48,676,0,6083
1926194,1,1,11,0.8,26.03061485,119.19311523,49.7,26.03062248,119.19307709,32.56,8.795,2.601,0.865,0.479,-0.154,0.167,8.69,4.18,-79.01,5.151,1.198,1.198,129.48,676,0,6084
1926404,1,1,11,0.8,26.03061485,119.19311523,49.7,26.03062248,119.19307709,32.6,8.897,2.568,0.899,0.485,-0.155,0.159,9.12,9.09,-77.55,5.151,1.35,1.35,129.7,676,0,6084
1926604,1,1,11,0.8,26.03061485,119.19313049,49.7,26.03062248,119.19307709,32.63,8.994,2.537,0.93,0.49,-0.157,0.157,9.24,9.42,-76.32,5.151,1.503,1.503,129.7,676,0,6086
1926806,1,1,12,0.78,26.03061485,119.19313049,49.5,26.03062057,119.19309235,33.39,10.72,2.258,1.691,1.267,-0.273,0.492,9.15,9.12,-75.42,5.549,1.421,1.421,129.7,677,0,6089
1927010,1,1,12,0.78,26.03061485,119.19313049,49.5,26.03061867,119.19309235,33.49,10.979,2.202,1.791,1.265,-0.275,0.489,9.21,8.93,-74.65,5.549,1.571,1.571,129.7,677,0,6092
1927210,1,1,12,0.78,26.03061485,119.19313049,49.5,26.03061867,119.19309998,33.59,11.232,2.148,1.889,1.263,-0.274,0.484,9.36,8.96,-74.05,5.549,1.727,1.727,129.7,677,0,6093
1927414,1,1,12,0.78,26.03061485,119.19313049,49.5,26.03061867,119.19309998,33.69,11.489,2.092,1.987,1.259,-0.273,0.48,9.3,7.9,-73.65,5.549,1.893,1.893,130.69,677,0,6093
1927617,1,1,12,0.78,26.03061485,119.19313049,49.5,26.03061867,119.19309998,33.78,11.744,2.037,2.084,1.253,-0.268,0.466,9.08,3.83,-73.63,5.549,2.067,2.067,130.69,677,0,6095
1927822,1,1,12,0.78,26.03061485,119.19313049,49.5,26.03061676,119.19311523,35.37,13.206,1.834,3.671,1.715,-0.329,1.028,8.06,-3.53,-73.71,2.747,1.728,1.728,130.69,678,0,6098
1928023,1,1,12,0.78,26.03061485,119.19313049,49.5,26.03061485,119.19312286,35.58,13.549,1.769,3.877,1.704,-0.326,1.023,7.75,-3.6,-74.69,2.747,1.876,1.876,130.69,678,0,6101
1928227,1,1,12,0.78,26.03061485,119.19313049,49.5,26.03061485,119.19312286,35.78,13.896,1.702,4.085,1.694,-0.322,1.018,7.58,-3.61,-75.46,2.747,2.034,2.034,131.47,678,0,6102
1928427,1,1,12,0.78,26.03061485,119.19313049,49.5,26.03061485,119.19313049,35.99,14.234,1.638,4.288,1.685,-0.321,1.015,8.05,-3.33,-75.99,2.747,2.196,2.196,131.47,678,0,6102
1928627,1,1,12,0.78,26.03061485,119.19313049,49.5,26.03061295,119.19313049,36.19,14.57,1.574,4.491,1.676,-0.319,1.01,7.98,-3.33,-76.46,2.747,2.366,2.366,131.47,678,0,6104
1928829,1,1,12,0.78,26.03061485,119.19313049,49.5,26.03061295,119.19313049,38.54,14.85,1.577,6.842,1.648,-0.294,1.649,8.13,-3.2,-76.82,0.175,1.842,1.842,131.47,679,0,6107
1929030,1,1,12,0.78,26.03061485,119.19313049,49.5,26.03061295,119.19313812,38.87,15.18,1.518,7.173,1.639,-0.292,1.641,8.08,-3.22,-77.11,0.175,1.981,1.981,131.47,679,0,6110
1929230,1,1,12,0.78,26.03061485,119.19313049,49.5,26.03061295,119.19313812,38.68,14.9,1.568,6.982,0.005,-0.001,0.004,7.69,-3.48,-77.38,0.175,0.588,0.588,124.63,679,0,6111
1929435,1,1,12,0.78,26.03061485,119.19313049,49.5,26.03061295,119.19313812,38.68,14.901,1.568,6.983,0.006,0.0,0.005,6.9,-3.93,-77.61,0.175,0.591,0.591,124.63,679,0,6111
1929640,1,1,11,0.82,26.03061485,119.19313049,49.3,26.03061295,119.19313049,38.75,14.88,1.576,7.05,0.003,0.002,0.013,4.19,-5.31,-77.83,0.423,0.584,0.584,124.63,680,0,6114
1929846,1,1,11,0.82,26.03061485,119.19313049,49.3,26.03061295,119.19313049,38.75,14.88,1.576,7.053,0.002,0.003,0.013,3.42,-5.64,-77.79,0.423,0.607,0.607,124.63,680,0,6117
1930052,1,1,11,0.82,26.03061485,119.19313049,49.3,26.03061295,119.19313049,38.76,14.881,1.577,7.056,0.001,0.006,0.014,3.15,-5.71,-77.66,0.423,0.645,0.645,124.63,680,0,6120
1930253,1,1,11,0.82,26.03061485,119.19313049,49.3,26.03061295,119.19313049,38.76,14.881,1.578,7.059,0.001,0.007,0.015,3.2,-5.59,-77.54,0.423,0.7,0.7,129.87,680,0,6120
1930456,1,1,11,0.82,26.03061485,119.19313049,49.3,26.03061295,119.19313049,38.76,14.881,1.577,7.057,0.0,0.001,0.0,3.04,-5.61,-77.43,0.423,0.5,0.5,129.87,680,0,6120
1930680,1,1,11,0.82,26.03061485,119.19313049,49.2,26.03061295,119.19313049,38.76,14.88,1.578,7.06,0.0,-0.001,0.001,2.98,-5.7,-77.31,0.4,0.5,0.5,129.87,681,0,6123
1930884,1,1,11,0.82,26.03061485,119.19313049,49.2,26.03061295,119.19313049,38.76,14.881,1.578,7.059,-0.001,0.001,0.0,2.8,-5.72,-77.26,0.4,0.5,0.5,129.87,681,0,6126
1931089,1,1,11,0.82,26.03061485,119.19313049,49.2,26.03061295,119.19313049,38.76,14.881,1.579,7.06,-0.001,0.001,0.002,3.07,-5.31,-77.15,0.4,0.503,0.503,129.87,681,0,6129
1931293,1,1,11,0.82,26.03061485,119.19313049,49.2,26.03061295,119.19313049,38.76,14.88,1.579,7.06,-0.003,0.001,0.003,3.81,-5.17,-77.71,0.4,0.514,0.514,98.0,681,0,6129
1931498,1,1,11,0.82,26.03061485,119.19313049,49.2,26.03061295,119.19313049,38.76,14.879,1.579,7.061,-0.007,-0.002,0.003,4.52,-4.6,-81.67,0.4,0.539,0.539,98.0,681,0,6129
1931708,1,1,11,0.82,26.03061485,119.19313049,49.1,26.03061295,119.19313049,38.81,14.862,1.585,7.115,0.009,0.005,0.019,2.08,-2.09,-84.96,0.398,0.568,0.568,98.0,682,0,6133
1931910,1,1,11,0.82,26.03061485,119.19313049,49.1,26.03061295,119.19313049,38.82,14.862,1.586,7.118,-0.003,0.005,0.019,-0.47,-2.29,-82.06,0.398,0.628,0.628,98.0,682,0,6135
1932115,1,1,11,0.82,26.03061485,119.19313049,49.1,26.03061295,119.19313049,38.82,14.861,1.587,7.122,-0.006,0.005,0.017,-0.61,-1.7,-73.98,0.398,0.707,0.707,98.0,682,0,6138
1932319,1,1,11,0.82,26.03061485,119.19313049,49.1,26.03061295,119.19313049,38.83,14.86,1.588,7.126,-0.005,0.005,0.02,0.91,-0.81,-70.32,0.398,0.803,0.803,130.48,682,0,6138
1932536,1,1,11,0.82,26.03061485,119.19313049,49.1,26.03061295,119.19313049,38.83,14.858,1.588,7.13,-0.003,0.009,0.021,-0.5,-1.57,-67.53,0.398,0.921,0.921,130.48,682,0,6139
1932742,1,1,10,0.92,26.03061485,119.19313049,49.1,26.03061485,119.19313049,39.0,14.81,1.603,7.304,-0.028,0.004,0.126,-1.87,2.47,-63.67,0.375,0.979,0.979,130.48,683,0,6142
1932945,1,1,10,0.92,26.03061485,119.19313049,49.1,26.03061485,119.19313049,39.03,14.804,1.607,7.327,-0.025,0.029,0.102,-5.83,1.07,-66.01,0.375,1.108,1.108,130.48,683,0,6145
1933149,1,1,10,0.92,26.03061485,119.19313049,49.1,26.03061485,119.19313049,39.05,14.799,1.612,7.349,-0.028,0.015,0.117,0.03,-1.52,-69.43,0.375,1.248,1.248,130.48,683,0,6147
1933349,1,1,10,0.92,26.03061485,119.19313049,49.1,26.03061485,119.19313049,39.07,14.793,1.615,7.372,-0.029,0.014,0.116,0.37,-1.17,-68.68,0.375,1.395,1.395,131.74,683,0,6147
1933554,1,1,10,0.92,26.03061485,119.19313049,49.1,26.03061485,119.19313049,39.1,14.787,1.617,7.396,-0.03,0.012,0.115,0.36,-1.14,-68.28,0.375,1.554,1.554,131.74,683,0,6149
1933785,1,1,10,0.92,26.03061485,119.19313049,49.0,26.03061485,119.19313049,39.44,14.726,1.634,7.745,-0.001,-0.0,-0.002,0.38,-1.1,-67.94,0.296,0.527,0.527,131.74,684,0,6152
1933995,1,1,10,0.92,26.03061485,119.19313049,49.0,26.03061485,119.19313049,39.53,14.707,1.64,7.833,-0.0,-0.0,-0.0,0.37,-1.11,-67.69,0.296,0.5,0.5,131.74,684,0,6155
1934201,1,1,10,0.92,26.03061485,119.19313049,49.0,26.03061485,119.19313049,39.56,14.701,1.642,7.864,-0.0,-0.0,-0.0,0.35,-1.15,-67.51,0.296,0.5,0.5,131.74,684,0,6156
1934405,1,1,10,0.92,26.03061485,119.19313049,49.0,26.03061485,119.19313049,39.58,14.698,1.643,7.876,0.0,-0.0,-0.0,0.34,-1.21,-67.36,0.296,0.5,0.5,104.58,684,0,6156
1934619,1,1,10,0.92,26.03061485,119.19313049,49.0,26.03061485,119.19313049,39.58,14.697,1.643,7.881,0.0,-0.0,-0.0,0.31,-1.24,-67.24,0.296,0.5,0.5,104.58,684,0,6158
1934827,1,1,10,0.84,26.03061485,119.19313049,48.7,26.03061485,119.19313049,39.58,14.696,1.644,7.883,-0.0,-0.0,-0.0,0.3,-1.27,-67.14,0.205,0.5,0.5,104.58,685,0,6161
1935035,1,1,10,0.84,26.03061485,119.19313049,48.7,26.03061485,119.19313049,39.58,14.696,1.644,7.884,0.0,-0.0,0.0,0.29,-1.31,-67.06,0.205,0.5,0.5,104.58,685,0,6165
1935245,1,1,10,0.84,26.03061485,119.19313049,48.7,26.03061485,119.19313049,39.58,14.696,1.644,7.884,-0.0,-0.0,0.001,0.29,-1.34,-66.97,0.205,0.5,0.5,83.67,685,0,6165
1935451,1,1,10,0.84,26.03061485,119.19313049,48.7,26.03061485,119.19313049,39.58,14.696,1.644,7.884,0.0,-0.0,0.0,0.27,-1.36,-66.94,0.205,0.5,0.5,83.67,685,0,6165
1935659,1,1,10,0.84,26.03061104,119.19313049,48.5,26.03061485,119.19313049,39.59,14.696,1.643,7.885,0.0,-0.0,-0.0,0.26,-1.39,-66.89,0.419,0.5,0.5,83.67,686,0,6168
1935868,1,1,10,0.84,26.03061104,119.19313049,48.5,26.03061485,119.19313049,39.58,14.696,1.643,7.885,-0.0,0.0,0.0,0.25,-1.38,-66.85,0.419,0.5,0.5,83.67,686,0,6171
1936076,1,1,10,0.84,26.03061104,119.19313049,48.5,26.03061485,119.19313049,39.58,14.696,1.643,7.884,-0.0,0.0,-0.0,0.22,-1.4,-66.83,0.419,0.5,0.5,83.67,686,0,6174
1936281,1,1,10,0.84,26.03061104,119.19313049,48.5,26.03061485,119.19313049,39.58,14.696,1.644,7.884,0.0,-0.0,-0.0,0.21,-1.41,-66.79,0.419,0.5,0.5,82.05,686,0,6174
1936484,1,1,10,0.84,26.03061104,119.19313049,48.5,26.03061485,119.19313049,39.58,14.696,1.644,7.884,-0.001,-0.001,-0.003,0.78,-1.8,-66.74,0.419,0.5,0.5,82.05,686,0,6174
1936684,1,1,10,0.78,26.03061485,119.19313049,48.6,26.03061485,119.19313049,39.62,14.689,1.646,7.919,0.003,-0.001,-0.002,1.32,-1.92,-66.66,0.204,0.501,0.501,82.05,687,0,6177
1936884,1,1,10,0.78,26.03061485,119.19313049,48.6,26.03061485,119.19313049,39.62,14.689,1.646,7.919,0.004,-0.001,-0.001,1.02,-1.88,-66.54,0.204,0.514,0.514,82.05,687,0,6180
1937086,1,1,10,0.78,26.03061485,119.19313049,48.6,26.03061485,119.19313049,39.62,14.69,1.646,7.919,0.003,-0.0,-0.002,1.43,-2.59,-67.63,0.204,0.543,0.543,82.05,687,0,6183
1937288,1,1,10,0.78,26.03061485,119.19313049,48.6,26.03061485,119.19313049,39.62,14.69,1.646,7.919,0.001,0.002,0.001,1.24,-5.36,-67.62,0.204,0.589,0.589,126.12,687,0,6183
1937493,1,1,10,0.78,26.03061485,119.19313049,48.6,26.03061485,119.19313049,39.62,14.69,1.646,7.919,-0.005,0.003,0.004,1.01,-15.27,-66.59,0.204,0.654,0.654,126.12,687,0,6183
1937694,1,1,10,0.78,26.03061485,119.19313049,48.6,26.03061485,119.19313049,39.69,14.674,1.65,7.994,-0.018,0.003,0.045,0.24,-18.58,-66.96,0.196,0.708,0.708,126.12,688,0,6186
1937895,1,1,10,0.78,26.03061485,119.19313049,48.6,26.03061485,119.19313049,39.7,14.67,1.651,8.003,-0.024,0.005,0.047,0.03,-18.98,-66.69,0.196,0.803,0.803,126.12,688,0,6189
1938095,1,1,10,0.78,26.03061485,119.19313049,48.6,26.03061485,119.19313049,39.71,14.665,1.652,8.013,-0.027,0.005,0.047,-0.6,-20.63,-65.84,0.196,0.912,0.912,126.12,688,0,6192
1938298,1,1,10,0.78,26.03061485,119.19313049,48.6,26.03061485,119.19313049,39.72,14.659,1.653,8.023,-0.03,0.007,0.049,-0.9,-20.46,-65.41,0.196,1.036,1.036,130.35,688,0,6192
1938499,1,1,10,0.78,26.03061485,119.19313049,48.6,26.03061485,119.19313049,39.73,14.653,1.655,8.033,-0.032,0.009,0.051,-1.03,-20.63,-65.08,0.196,1.17,1.17,130.35,688,0,6192
1938701,1,1,12,0.78,26.03061867,119.19313049,48.8,26.03061485,119.19313049,39.99,14.615,1.756,8.291,-0.051,0.064,0.187,-1.14,-20.77,-64.76,0.49,1.172,1.172,130.35,689,0,6195
1938904,1,1,12,0.78,26.03061867,119.19313049,48.8,26.03061485,119.19313049,40.03,14.604,1.769,8.329,-0.052,0.065,0.189,-1.2,-21.17,-64.52,0.49,1.311,1.311,130.35,689,0,6198
1939106,1,1,12,0.78,26.03061867,119.19313049,48.8,26.03061485,119.19313049,40.07,14.594,1.782,8.367,-0.052,0.065,0.19,-1.42,-21.79,-64.28,0.49,1.459,1.459,130.35,689,0,6201
1939307,1,1,12,0.78,26.03061867,119.19313049,48.8,26.03061485,119.19313049,40.11,14.583,1.795,8.406,-0.053,0.066,0.192,-1.62,-22.57,-64.08,0.49,1.615,1.615,129.74,689,0,6201
1939509,1,1,12,0.78,26.03061867,119.19313049,48.8,26.03061676,119.19313049,40.14,14.572,1.809,8.445,-0.054,0.065,0.193,-1.85,-23.09,-63.84,0.49,1.78,1.78,129.74,689,0,6201
1939723,1,1,12,0.78,26.03061867,119.19313049,49.1,26.03061676,119.19313049,40.8,14.536,1.938,9.1,-0.065,0.116,0.451,-1.79,-22.93,-63.87,0.313,1.566,1.566,129.74,690,0,6205
1939925,1,1,12,0.78,26.03061867,119.19313049,49.1,26.03061676,119.19313049,40.89,14.523,1.962,9.191,-0.064,0.116,0.452,-1.76,-23.19,-63.86,0.313,1.713,1.713,129.74,690,0,6208
1940127,1,1,12,0.78,26.03061867,119.19313049,49.1,26.03061676,119.19313049,40.98,14.51,1.985,9.282,-0.064,0.116,0.452,-1.87,-23.82,-63.53,0.313,1.868,1.868,129.74,690,0,6210
1940328,1,1,12,0.78,26.03061867,119.19313049,49.1,26.03061676,119.19313049,41.07,14.497,2.008,9.373,-0.063,0.116,0.453,-2.0,-24.44,-63.54,0.313,2.03,2.03,131.34,690,0,6210
1940545,1,1,12,0.78,26.03061867,119.19313049,49.1,26.03061867,119.19313049,41.17,14.483,2.034,9.472,-0.064,0.115,0.454,-2.36,-26.92,-63.45,0.313,2.214,2.214,131.34,690,0,6211
1940751,1,1,11,0.84,26.03061867,119.19313049,48.9,26.03061867,119.19313049,42.27,14.481,2.095,10.568,-0.06,0.129,0.786,-2.6,-27.5,-63.17,0.082,1.765,1.765,131.34,691,0,6214
1940954,1,1,11,0.84,26.03061867,119.19313049,48.9,26.03061867,119.19313049,42.43,14.469,2.121,10.728,-0.061,0.13,0.785,-2.78,-27.86,-62.96,0.082,1.907,1.907,131.34,691,0,6217
1941154,1,1,11,0.84,26.03061867,119.19313049,48.9,26.03061867,119.19313049,42.58,14.457,2.147,10.884,-0.061,0.13,0.784,-2.87,-27.67,-62.65,0.082,2.055,2.055,131.34,691,0,6219
1941354,1,1,11,0.84,26.03061867,119.19313049,48.9,26.03061867,119.19313049,42.74,14.444,2.173,11.041,-0.061,0.128,0.782,-2.93,-27.83,-62.77,0.082,2.211,2.211,129.61,691,0,6219
1941556,1,1,11,0.84,26.03062248,119.19311523,48.9,26.03061867,119.19313049,42.9,14.432,2.199,11.199,-0.06,0.129,0.782,-2.99,-28.02,-62.75,0.082,2.377,2.377,129.61,691,0,6220
1941760,1,1,11,0.73,26.03062248,119.19311523,49.1,26.03062057,119.19312286,44.27,13.678,2.398,12.571,-0.307,0.186,1.117,-3.01,-27.9,-62.82,1.493,1.826,1.826,129.61,692,0,6223
1941964,1,1,11,0.73,26.03062248,119.19311523,49.1,26.03062057,119.19312286,44.5,13.616,2.436,12.798,-0.304,0.186,1.114,-3.08,-27.67,-62.84,1.493,1.962,1.962,129.61,692,0,6226
1942167,1,1,11,0.73,26.03062248,119.19311523,49.1,26.03062248,119.19312286,44.72,13.554,2.473,13.024,-0.302,0.186,1.111,-3.05,-28.08,-62.86,1.493,2.107,2.107,129.61,692,0,6228
1942374,1,1,11,0.73,26.03062248,119.19311523,49.1,26.03062248,119.19312286,44.95,13.492,2.512,13.254,-0.299,0.185,1.107,-3.05,-27.65,-62.94,1.493,2.265,2.265,129.48,692,0,6228
1942577,1,1,11,0.73,26.03061867,119.19313049,49.1,26.03062248,119.19312286,45.18,13.432,2.55,13.478,-0.297,0.186,1.105,-3.01,-27.39,-62.98,1.493,2.428,2.428,129.48,692,0,6230
1942781,1,1,11,0.73,26.03061867,119.19313049,49.1,26.03062057,119.19312286,46.39,13.937,2.359,14.685,-0.113,0.112,1.338,-3.04,-27.49,-62.94,1.173,1.846,1.846,129.48,693,0,6233
1942991,1,1,11,0.73,26.03061867,119.19313049,49.1,26.03062057,119.19312286,46.67,13.913,2.383,14.966,-0.112,0.112,1.334,-3.1,-27.66,-62.93,1.173,1.985,1.985,129.48,693,0,6236
1943195,1,1,11,0.73,26.03061867,119.19313049,49.1,26.03062057,119.19312286,46.94,13.89,2.406,15.238,-0.11,0.113,1.331,-3.19,-27.8,-62.9,1.173,2.13,2.13,129.48,693,0,6237
1943399,1,1,11,0.73,26.03061867,119.19313049,49.1,26.03062057,119.19312286,47.21,13.868,2.429,15.509,-0.109,0.113,1.327,-3.3,-27.82,-62.87,1.173,2.285,2.285,127.74,693,0,6237
1943623,1,1,11,0.73,26.03061867,119.19313049,49.1,26.03062057,119.19312286,47.22,13.874,2.423,15.517,0.0,-0.0,0.001,-3.32,-27.94,-62.83,1.173,0.5,0.5,127.74,693,0,6239
1943838,1,1,11,0.73,26.03061867,119.19313049,49.1,26.03062057,119.19312286,47.27,13.866,2.432,15.575,0.0,0.0,0.0,-3.3,-27.82,-62.85,0.694,0.5,0.5,127.74,694,0,6242
1944045,1,1,11,0.73,26.03061867,119.19313049,49.1,26.03062057,119.19312286,47.3,13.862,2.436,15.598,0.0,0.001,0.002,-3.23,-27.77,-62.92,0.694,0.5,0.5,127.74,694,0,6246
1944249,1,1,11,0.73,26.03061867,119.19313049,49.1,26.03062057,119.19312286,47.3,13.862,2.436,15.598,0.001,0.002,0.004,-3.19,-27.93,-62.94,0.694,0.502,0.502,127.74,694,0,6246
1944453,1,1,11,0.73,26.03061867,119.19313049,49.1,26.03062057,119.19312286,47.3,13.862,2.437,15.599,0.002,0.003,0.006,-3.17,-27.84,-62.95,0.694,0.511,0.511,103.59,694,0,6246
1944669,1,1,11,0.73,26.03061867,119.19313049,49.2,26.03062057,119.19312286,47.31,13.887,2.424,15.606,0.001,0.0,0.002,-3.25,-27.73,-62.93,0.71,0.5,0.5,103.59,695,0,6249
1944877,1,1,11,0.73,26.03061867,119.19313049,49.2,26.03062057,119.19312286,47.31,13.887,2.425,15.607,0.002,0.002,0.005,-3.29,-27.64,-62.92,0.71,0.506,0.506,103.59,695,0,6252
1945079,1,1,11,0.73,26.03061867,119.19313049,49.2,26.03062057,119.19312286,47.31,13.888,2.425,15.608,0.003,0.002,0.007,-3.23,-26.84,-63.05,0.71,0.522,0.522,103.59,695,0,6255
1945284,1,1,11,0.73,26.03061867,119.19313049,49.2,26.03062057,119.19312286,47.31,13.888,2.426,15.61,0.004,0.003,0.01,-3.38,-27.5,-62.89,0.71,0.555,0.555,103.59,695,0,6255
1945488,1,1,11,0.73,26.03061867,119.19313049,49.2,26.03062057,119.19312286,47.31,13.889,2.426,15.613,0.005,0.004,0.013,-3.36,-27.29,-62.98,0.71,0.606,0.606,125.75,695,0,6255
1945697,1,1,10,0.97,26.03061867,119.19313049,49.0,26.03062057,119.19312286,47.33,13.925,2.41,15.627,0.024,-0.005,0.022,-3.38,-26.64,-63.04,0.681,0.658,0.658,125.75,696,0,6259
1945900,1,1,10,0.97,26.03061867,119.19313049,49.0,26.03062057,119.19312286,47.33,13.93,2.409,15.632,0.026,-0.003,0.025,-3.27,-26.65,-63.11,0.681,0.743,0.743,125.75,696,0,6261
1946100,1,1,10,0.97,26.03061867,119.19313049,49.0,26.03062057,119.19312286,47.34,13.935,2.409,15.637,0.027,-0.002,0.028,-3.32,-26.51,-63.09,0.681,0.843,0.843,125.75,696,0,6264
1946303,1,1,10,0.97,26.03061867,119.19313049,49.0,26.03062057,119.19312286,47.34,13.941,2.408,15.643,0.028,-0.002,0.031,-3.22,-26.5,-63.15,0.681,0.958,0.958,125.75,696,0,6264
1946505,1,1,10,0.97,26.03061867,119.19313049,49.0,26.03062057,119.19312286,47.35,13.946,2.408,15.65,0.029,-0.001,0.034,-3.13,-25.93,-63.23,0.681,1.086,1.086,131.94,696,0,6264
1946713,1,1,10,0.97,26.03061867,119.19313049,48.8,26.03062057,119.19312286,47.39,14.043,2.361,15.691,0.082,-0.028,0.055,-3.05,-25.54,-63.31,0.619,1.128,1.128,131.94,697,0,6268
1946920,1,1,10,0.97,26.03061867,119.19313049,48.8,26.03062057,119.19312286,47.4,14.06,2.355,15.702,0.083,-0.028,0.057,-2.99,-25.28,-63.38,0.619,1.269,1.269,131.94,697,0,6271
1947124,1,1,10,0.97,26.03061867,119.19313049,48.8,26.03062057,119.19312286,47.41,14.077,2.349,15.714,0.084,-0.028,0.06,-2.97,-25.14,-63.41,0.619,1.418,1.418,131.94,697,0,6273
1947328,1,1,10,0.97,26.03061867,119.19313049,48.8,26.03062057,119.19312286,47.43,14.094,2.344,15.727,0.085,-0.028,0.062,-2.95,-25.01,-63.46,0.619,1.576,1.576,131.0,697,0,6273
1947534,1,1,10,0.97,26.03061867,119.19313049,48.8,26.03062057,119.19312286,47.44,14.112,2.338,15.74,0.086,-0.028,0.065,-2.94,-25.01,-63.42,0.619,1.744,1.744,131.0,697,0,6274
1947734,1,1,11,0.73,26.03061867,119.19313049,48.8,26.03062057,119.19313049,47.54,14.268,2.255,15.836,0.149,-0.062,0.103,-2.96,-24.91,-63.46,0.434,1.546,1.546,131.0,698,0,6277
1947935,1,1,11,0.73,26.03061867,119.19313049,48.8,26.03062057,119.19313049,47.56,14.298,2.243,15.857,0.15,-0.062,0.105,-2.93,-24.75,-63.57,0.434,1.693,1.693,131.0,698,0,6280
1948140,1,1,11,0.73,26.03061867,119.19313049,48.8,26.03062057,119.19313049,47.54,14.273,2.253,15.841,0.0,-0.0,0.001,-2.94,-24.69,-63.64,0.434,0.5,0.5,131.0,698,0,6282
1948346,1,1,11,0.73,26.03061867,119.19313049,48.8,26.03062057,119.19313049,47.55,14.293,2.244,15.854,0.0,0.0,0.001,-2.95,-24.74,-63.67,0.434,0.5,0.5,111.44,698,0,6282
1948556,1,1,11,0.73,26.03061867,119.19313049,48.8,26.03062057,119.19313049,47.56,14.301,2.241,15.86,-0.0,0.001,0.001,-2.94,-24.54,-63.72,0.434,0.5,0.5,111.44,698,0,6283
1948758,1,1,11,0.8,26.03061867,119.19313049,48.5,26.03062057,119.19313049,47.56,14.309,2.237,15.864,0.001,0.002,0.004,-2.86,-24.57,-63.72,0.231,0.501,0.501,111.44,699,0,6286
1948960,1,1,11,0.8,26.03061867,119.19313049,48.5,26.03062057,119.19313049,47.57,14.309,2.237,15.865,0.002,0.003,0.008,-2.85,-24.62,-63.69,0.231,0.51,0.51,111.44,699,0,6289
1949171,1,1,11,0.8,26.03061867,119.19313049,48.5,26.03062057,119.19313049,47.56,14.309,2.237,15.865,0.0,-0.0,0.0,-2.82,-24.59,-63.73,0.231,0.5,0.5,111.44,699,0,6291
1949381,1,1,11,0.8,26.03061867,119.19313049,48.5,26.03062057,119.19313049,47.57,14.309,2.238,15.866,0.0,0.0,0.0,-2.81,-24.55,-63.74,0.231,0.5,0.5,105.31,699,0,6291
1949585,1,1,11,0.8,26.03061485,119.19313049,48.5,26.03062057,119.19313049,47.57,14.309,2.238,15.866,0.0,0.0,0.001,-2.84,-24.58,-63.74,0.231,0.5,0.5,105.31,699,0,6293
1949789,1,1,10,0.8,26.03061485,119.19313049,48.3,26.03062057,119.19313049,47.57,14.309,2.237,15.867,0.0,0.0,0.001,-2.89,-24.79,-63.7,0.572,0.5,0.5,105.31,700,0,6296
1949989,1,1,10,0.8,26.03061485,119.19313049,48.3,26.03062057,119.19313049,47.57,14.31,2.238,15.867,0.001,0.001,0.004,-2.86,-24.77,-63.72,0.572,0.504,0.504,105.31,700,0,6299
1950191,1,1,10,0.8,26.03061485,119.19313049,48.3,26.03062057,119.19313049,47.57,14.31,2.238,15.867,0.0,0.0,0.0,-2.84,-24.69,-63.72,0.572,0.399,0.399,105.31,700,0,6300
1950396,1,1,10,0.8,26.03061485,119.19313049,48.3,26.03062057,119.19313049,47.57,14.31,2.238,15.867,0.0,0.0,0.0,-2.85,-24.97,-63.71,0.572,0.5,0.5,106.57,700,0,6300
1950608,1,1,10,0.8,26.03061485,119.19313049,48.3,26.03062057,119.19313049,47.57,14.31,2.238,15.868,0.0,0.0,0.001,-2.9,-24.93,-63.71,0.572,0.5,0.5,106.57,700,0,6302
1950812,1,1,10,0.86,26.03061485,119.19313049,48.0,26.03062057,119.19313049,47.57,14.31,2.237,15.868,0.001,0.0,0.001,-2.94,-24.74,-63.69,0.572,0.5,0.5,106.57,701,0,6305
1951012,1,1,10,0.86,26.03061485,119.19313049,48.0,26.03062057,119.19313049,47.57,14.31,2.238,15.868,0.001,0.001,0.002,-2.84,-24.67,-63.75,0.572,0.5,0.5,106.57,701,0,6308
1951215,1,1,10,0.86,26.03061485,119.19313049,48.0,26.03062057,119.19313049,47.57,14.31,2.238,15.868,0.0,0.001,0.001,-2.73,-24.58,-63.8,0.572,0.5,0.5,106.57,701,0,6309
1951421,1,1,10,0.86,26.03061485,119.19313049,48.0,26.03062057,119.19313049,47.57,14.31,2.238,15.868,0.0,-0.0,0.001,-2.72,-24.34,-63.83,0.572,0.5,0.5,78.84,701,0,6309
1951624,1,1,10,0.86,26.03061104,119.19313049,48.0,26.03062057,119.19313049,47.57,14.31,2.238,15.869,0.001,-0.001,0.003,-2.66,-24.09,-63.91,0.572,0.503,0.503,78.84,701,0,6311
1951826,1,1,10,0.86,26.03061104,119.19313049,47.8,26.03061867,119.19313049,47.57,14.318,2.2,15.87,0.003,-0.003,0.005,-2.67,-24.1,-63.92,0.982,0.509,0.509,78.84,702,0,6314
1952068,1,1,10,0.86,26.03061104,119.19313049,47.8,26.03061867,119.19313049,47.57,14.318,2.2,15.87,0.0,0.0,0.0,-2.65,-24.13,-63.94,0.982,0.5,0.5,78.84,702,0,6318
1952271,1,1,10,0.86,26.03061104,119.19313049,47.8,26.03061867,119.19313049,47.57,14.318,2.199,15.871,0.001,-0.001,-0.001,-2.72,-24.13,-63.93,0.982,0.5,0.5,78.84,702,0,6318
1952482,1,1,10,0.86,26.03061104,119.19313049,47.8,26.03061867,119.19313049,47.57,14.318,2.199,15.871,0.002,-0.0,0.003,-2.67,-23.89,-63.94,0.982,0.502,0.502,116.77,702,0,6318
1952685,1,1,11,0.8,26.03060722,119.19313049,47.5,26.03061867,119.19313049,47.57,14.326,2.145,15.872,0.004,-0.008,0.005,-2.71,-23.85,-63.94,1.362,0.502,0.502,116.77,703,0,6321
1952890,1,1,11,0.8,26.03060722,119.19313049,47.5,26.03061867,119.19313049,47.57,14.327,2.143,15.873,0.005,-0.008,0.007,-2.7,-23.9,-63.96,1.362,0.524,0.524,116.77,703,0,6324
1953101,1,1,11,0.8,26.03060722,119.19313049,47.5,26.03061867,119.19313049,47.57,14.327,2.144,15.872,0.0,-0.0,0.0,-2.75,-23.88,-63.92,1.362,0.5,0.5,116.77,703,0,6327
1953306,1,1,11,0.8,26.03060722,119.19313049,47.5,26.03061867,119.19313049,47.57,14.328,2.143,15.873,0.001,0.0,0.001,-2.75,-23.91,-63.9,1.362,0.5,0.5,116.77,703,0,6327
1953512,1,1,11,0.8,26.03060722,119.19313049,47.5,26.03061867,119.19313049,47.57,14.328,2.143,15.874,0.0,0.002,0.002,-2.76,-24.0,-63.86,1.362,0.5,0.5,107.07,703,0,6327
1953714,1,1,11,0.8,26.03060341,119.19313049,47.3,26.03061867,119.19313049,47.57,14.335,2.076,15.873,0.001,-0.001,0.004,-2.79,-23.94,-63.83,1.727,0.502,0.502,107.07,704,0,6331
1953921,1,1,11,0.8,26.03060341,119.19313049,47.3,26.03061867,119.19313049,47.57,14.335,2.076,15.874,0.002,-0.0,0.007,-2.78,-24.03,-63.81,1.727,0.517,0.517,107.07,704,0,6334
1954122,1,1,11,0.8,26.03060341,119.19313049,47.3,26.03061867,119.19313049,47.58,14.335,2.076,15.876,0.003,0.001,0.01,-2.73,-24.11,-63.81,1.727,0.546,0.546,107.07,704,0,6336
1954323,1,1,11,0.8,26.03060341,119.19313049,47.3,26.03061867,119.19313049,47.58,14.336,2.076,15.879,0.003,0.002,0.013,-2.66,-24.04,-63.76,1.727,0.594,0.594,107.07,704,0,6336
1954527,1,1,11,0.8,26.03059959,119.19313049,47.3,26.03061867,119.19313049,47.58,14.337,2.077,15.881,0.004,0.002,0.016,-2.63,-24.02,-63.81,1.727,0.661,0.661,127.62,704,0,6337
1954734,1,1,11,0.8,26.03059959,119.19313049,47.0,26.03061676,119.19313049,47.58,14.35,1.915,15.88,0.012,-0.088,0.016,-2.65,-23.98,-63.81,2.083,0.719,0.719,127.62,705,0,6340
1954934,1,1,11,0.8,26.03059959,119.19313049,47.0,26.03061676,119.19313049,47.58,14.353,1.898,15.884,0.012,-0.087,0.018,-2.62,-23.91,-63.83,2.083,0.815,0.815,127.62,705,0,6343
1955173,1,1,11,0.8,26.03059959,119.19313049,47.0,26.03061676,119.19313049,47.58,14.351,1.913,15.88,0.0,-0.0,0.0,-2.64,-23.84,-63.86,2.083,0.5,0.5,127.62,705,0,6345
1955375,1,1,11,0.8,26.03059959,119.19313049,47.0,26.03061676,119.19313049,47.58,14.353,1.898,15.883,-0.0,0.0,0.001,-2.62,-23.89,-63.87,2.083,0.5,0.5,127.62,705,0,6345
1955586,1,1,11,0.8,26.03059959,119.19311523,47.0,26.03061676,119.19313049,47.58,14.354,1.893,15.885,0.0,-0.0,0.001,-2.55,-23.84,-63.89,2.083,0.5,0.5,108.0,705,0,6347
1955812,1,1,11,0.8,26.03059959,119.19311523,46.6,26.03061676,119.19313049,47.59,14.353,1.89,15.885,0.0,0.0,0.001,-2.6,-23.79,-63.86,2.343,0.5,0.5,108.0,706,0,6350
1956019,1,1,11,0.8,26.03059959,119.19311523,46.6,26.03061676,119.19313049,47.59,14.354,1.889,15.885,0.0,0.0,0.001,-2.55,-23.75,-63.81,2.343,0.5,0.5,108.0,706,0,6353
1956225,1,1,11,0.8,26.03059959,119.19311523,46.6,26.03061676,119.19313049,47.59,14.354,1.889,15.885,-0.0,-0.001,0.0,-2.56,-23.73,-63.78,2.343,0.5,0.5,108.0,706,0,6354
1956430,1,1,11,0.8,26.03059959,119.19311523,46.6,26.03061676,119.19313049,47.59,14.354,1.889,15.885,0.001,-0.0,0.002,-2.54,-23.53,-63.89,2.343,0.5,0.5,87.74,706,0,6354
1956635,1,1,11,0.8,26.03059578,119.19311523,46.2,26.03061485,119.19313049,47.58,14.3,1.798,15.881,-0.003,-0.008,0.003,-2.53,-23.61,-63.96,2.694,0.495,0.495,87.74,707,0,6357
1956840,1,1,11,0.8,26.03059578,119.19311523,46.2,26.03061485,119.19313049,47.58,14.3,1.797,15.881,-0.002,-0.008,0.006,-2.59,-23.63,-63.98,2.694,0.513,0.513,87.74,707,0,6360
1957041,1,1,11,0.8,26.03059578,119.19311523,46.2,26.03061485,119.19313049,47.58,14.299,1.795,15.883,-0.001,-0.007,0.008,-2.57,-23.44,-64.02,2.694,0.542,0.542,87.74,707,0,6363
1957245,1,1,11,0.8,26.03059578,119.19311523,46.2,26.03061485,119.19313049,47.58,14.299,1.794,15.885,0.0,-0.007,0.011,-2.59,-23.38,-64.04,2.694,0.59,0.59,87.74,707,0,6363
1957450,1,1,11,0.8,26.03059578,119.19311523,46.2,26.03061485,119.19313049,47.58,14.299,1.795,15.882,0.0,0.0,0.002,-2.63,-23.48,-64.03,2.694,0.5,0.5,125.25,707,0,6363
1957677,1,1,11,0.8,26.03059578,119.19313049,45.9,26.03061485,119.19313049,47.58,14.3,1.79,15.884,0.0,0.0,0.0,-2.59,-23.58,-64.09,2.227,0.5,0.5,125.25,708,0,6366
1957881,1,1,11,0.8,26.03059578,119.19313049,45.9,26.03061485,119.19313049,47.59,14.299,1.792,15.886,0.0,0.001,0.001,-2.49,-23.41,-64.18,2.227,0.5,0.5,125.25,708,0,6369
1958081,1,1,11,0.8,26.03059578,119.19313049,45.9,26.03061485,119.19313049,47.59,14.3,1.792,15.886,0.001,0.002,0.003,-2.39,-23.07,-64.23,2.227,0.502,0.502,125.25,708,0,6372
1958284,1,1,11,0.8,26.03059578,119.19313049,45.9,26.03061485,119.19313049,47.59,14.3,1.792,15.887,0.002,0.003,0.006,-2.47,-23.21,-64.22,2.227,0.512,0.512,125.25,708,0,6372
1958486,1,1,11,0.8,26.03059578,119.19313049,45.9,26.03061485,119.19313049,47.59,14.3,1.793,15.888,0.002,0.003,0.008,-2.44,-23.34,-64.25,2.227,0.535,0.535,112.44,708,0,6372
1958698,1,1,11,0.73,26.03059959,119.19313049,46.0,26.03061485,119.19313049,47.58,14.311,1.705,15.882,0.007,-0.029,0.008,-2.45,-23.26,-64.26,1.805,0.563,0.563,112.44,709,0,6375
1958910,1,1,11,0.73,26.03059959,119.19313049,46.0,26.03061485,119.19313049,47.58,14.31,1.707,15.881,0.0,-0.0,0.0,-2.43,-23.18,-64.27,1.805,0.396,0.396,112.44,709,0,6378
1959113,1,1,11,0.73,26.03059959,119.19313049,46.0,26.03061485,119.19313049,47.58,14.311,1.704,15.882,0.0,-0.0,0.0,-2.48,-23.22,-64.28,1.805,0.396,0.396,112.44,709,0,6381
1959316,1,1,11,0.73,26.03059959,119.19313049,46.0,26.03061485,119.19313049,47.58,14.311,1.703,15.883,0.001,-0.0,0.0,-2.43,-23.41,-64.28,1.805,0.5,0.5,112.44,709,0,6381
1959520,1,1,11,0.73,26.03059959,119.19313049,46.0,26.03061485,119.19313049,47.58,14.312,1.702,15.883,0.0,0.0,0.001,-2.48,-23.42,-64.22,1.805,0.5,0.5,100.7,709,0,6381
1959725,1,1,11,0.73,26.03059959,119.19311523,46.1,26.03061485,119.19313049,47.58,14.31,1.7,15.883,0.0,0.0,0.001,-2.44,-23.51,-64.25,2.165,0.5,0.5,100.7,710,0,6385
1959931,1,1,11,0.73,26.03059959,119.19311523,46.1,26.03061485,119.19313049,47.58,14.311,1.701,15.883,-0.0,-0.0,0.001,-2.58,-23.5,-64.24,2.165,0.5,0.5,100.7,710,0,6388
1960134,1,1,11,0.73,26.03059959,119.19311523,46.1,26.03061485,119.19313049,47.58,14.311,1.702,15.883,0.0,0.001,0.001,-2.55,-23.42,-64.27,2.165,0.5,0.5,100.7,710,0,6390
1960340,1,1,11,0.73,26.03059959,119.19311523,46.1,26.03061485,119.19313049,47.58,14.312,1.702,15.883,0.0,0.002,0.002,-2.51,-23.3,-64.3,2.165,0.5,0.5,100.7,710,0,6390
1960543,1,1,11,0.73,26.03059959,119.19313049,46.1,26.03061485,119.19313049,47.58,14.312,1.702,15.884,0.001,0.003,0.004,-2.55,-23.15,-64.33,2.165,0.505,0.505,91.82,710,0,6391
1960744,1,1,11,0.73,26.03059959,119.19313049,46.2,26.03061485,119.19313049,47.58,14.32,1.634,15.879,0.002,-0.005,0.005,-2.52,-23.17,-64.32,1.713,0.51,0.51,91.82,711,0,6394
1960950,1,1,11,0.73,26.03059959,119.19313049,46.2,26.03061485,119.19313049,47.58,14.32,1.633,15.88,0.003,-0.004,0.008,-2.48,-23.03,-64.37,1.713,0.54,0.54,91.82,711,0,6397
1961151,1,1,11,0.73,26.03059959,119.19313049,46.2,26.03061485,119.19313049,47.58,14.321,1.632,15.882,0.004,-0.002,0.011,-2.47,-23.07,-64.38,1.713,0.588,0.588,91.82,711,0,6399
1961355,1,1,11,0.73,26.03059959,119.19313049,46.2,26.03061485,119.19313049,47.58,14.32,1.633,15.88,0.0,0.001,0.002,-2.4,-23.14,-64.43,1.713,0.5,0.5,91.82,711,0,6399
1961555,1,1,11,0.73,26.03060722,119.19309998,46.2,26.03061485,119.19313049,47.58,14.321,1.632,15.882,0.0,0.001,0.001,-2.39,-23.32,-64.4,1.713,0.5,0.5,121.0,711,0,6400
1961761,1,1,11,0.73,26.03060722,119.19309998,46.3,26.03061485,119.19313049,47.58,14.21,1.603,15.878,-0.002,0.002,0.003,-2.36,-23.27,-64.45,2.978,0.502,0.502,121.0,712,0,6403
1961963,1,1,11,0.73,26.03060722,119.19309998,46.3,26.03061485,119.19313049,47.58,14.209,1.603,15.879,-0.001,0.003,0.005,-2.34,-23.39,-64.41,2.978,0.513,0.513,121.0,712,0,6406
1962166,1,1,11,0.73,26.03060722,119.19309998,46.3,26.03061485,119.19313049,47.58,14.209,1.604,15.88,-0.001,0.005,0.008,-2.36,-23.6,-64.38,2.978,0.538,0.538,121.0,712,0,6408
1962367,1,1,11,0.73,26.03060722,119.19309998,46.3,26.03061485,119.19313049,47.58,14.209,1.605,15.882,-0.001,0.006,0.01,-2.35,-23.43,-64.38,2.978,0.58,0.58,121.0,712,0,6408
1962571,1,1,11,0.73,26.03060341,119.19311523,46.3,26.03061485,119.19313049,47.58,14.209,1.606,15.884,-0.0,0.007,0.013,-2.37,-23.43,-64.36,2.978,0.641,0.641,126.75,712,0,6410
1962783,1,1,11,0.8,26.03060341,119.19311523,46.0,26.03061485,119.19313049,47.58,14.208,1.604,15.882,0.0,0.001,0.0,-2.43,-23.45,-64.32,1.708,0.5,0.5,126.75,713,0,6413
1962989,1,1,11,0.8,26.03060341,119.19311523,46.0,26.03061485,119.19313049,47.58,14.208,1.606,15.884,-0.0,0.0,0.001,-2.44,-23.46,-64.32,1.708,0.5,0.5,126.75,713,0,6416
1963189,1,1,11,0.8,26.03060341,119.19311523,46.0,26.03061485,119.19313049,47.58,14.209,1.606,15.884,0.0,0.001,0.001,-2.43,-23.36,-64.31,1.708,0.5,0.5,126.75,713,0,6417
1963397,1,1,11,0.8,26.03060341,119.19311523,46.0,26.03061485,119.19313049,47.58,14.209,1.607,15.885,0.0,0.0,0.001,-2.5,-23.3,-64.29,1.708,0.5,0.5,126.75,713,0,6417
1963599,1,1,11,0.8,26.03060722,119.19311523,46.0,26.03061485,119.19313049,47.58,14.209,1.607,15.885,0.001,0.0,0.001,-2.47,-23.2,-64.31,1.708,0.5,0.5,90.73,713,0,6419
1963810,1,1,11,0.73,26.03060722,119.19311523,46.0,26.03061485,119.19313049,47.58,14.208,1.606,15.885,0.0,-0.0,-0.0,-2.48,-23.17,-64.31,1.449,0.5,0.5,90.73,714,0,6422
1964019,1,1,11,0.73,26.03060722,119.19311523,46.0,26.03061485,119.19313049,47.58,14.209,1.607,15.885,-0.0,0.0,0.002,-2.51,-23.06,-64.3,1.449,0.5,0.5,90.73,714,0,6425
1964229,1,1,11,0.73,26.03060722,119.19311523,46.0,26.03061485,119.19313049,47.59,14.209,1.607,15.885,0.001,0.002,0.003,-2.32,-22.72,-64.28,1.449,0.5,0.5,90.73,714,0,6426
1964433,1,1,11,0.73,26.03060722,119.19311523,46.0,26.03061485,119.19313049,47.59,14.209,1.607,15.886,0.002,0.003,0.006,-2.44,-22.0,-64.32,1.449,0.506,0.506,90.73,714,0,6426
1964638,1,1,11,0.73,26.03060722,119.19311523,46.1,26.03061295,119.19313049,47.58,14.158,1.576,15.881,-0.008,-0.003,0.007,-2.39,-21.68,-64.47,1.45,0.51,0.51,96.93,715,0,6429
1964842,1,1,11,0.73,26.03060722,119.19311523,46.1,26.03061295,119.19313049,47.58,14.156,1.576,15.883,-0.007,-0.002,0.009,-2.34,-21.71,-64.5,1.45,0.541,0.541,96.93,715,0,6431
1965046,1,1,11,0.73,26.03060722,119.19311523,46.1,26.03061295,119.19313049,47.58,14.155,1.575,15.885,-0.007,-0.002,0.011,-2.27,-21.62,-64.58,1.45,0.59,0.59,96.93,715,0,6435
1965247,1,1,11,0.73,26.03060722,119.19311523,46.1,26.03061295,119.19313049,47.59,14.154,1.575,15.887,-0.006,-0.001,0.014,-2.28,-21.59,-64.62,1.45,0.658,0.658,96.93,715,0,6435
1965478,1,1,11,0.73,26.03060722,119.19311523,46.1,26.03061295,119.19313049,47.58,14.155,1.575,15.884,0.0,-0.0,0.0,-2.16,-21.62,-64.73,1.45,0.5,0.5,128.78,715,0,6435
1965706,1,1,11,0.8,26.03060722,119.19311523,45.7,26.03061295,119.19313049,47.59,14.152,1.574,15.888,0.0,0.0,0.001,-2.23,-21.42,-64.8,1.385,0.5,0.5,128.78,716,0,6439
1965909,1,1,11,0.8,26.03060722,119.19311523,45.7,26.03061295,119.19313049,47.59,14.153,1.575,15.889,0.0,-0.0,0.001,-2.16,-21.34,-64.9,1.385,0.5,0.5,128.78,716,0,6442
1966112,1,1,11,0.8,26.03060722,119.19311523,45.7,26.03061295,119.19313049,47.59,14.153,1.575,15.89,0.0,0.0,0.001,-2.18,-21.38,-64.91,1.385,0.5,0.5,128.78,716,0,6444
1966315,1,1,11,0.8,26.03060722,119.19311523,45.7,26.03061295,119.19313049,47.59,14.153,1.575,15.89,0.001,-0.001,0.0,-2.14,-21.54,-64.99,1.385,0.5,0.5,128.78,716,0,6444
1966518,1,1,11,0.8,26.03060722,119.19311523,45.7,26.03061295,119.19313049,47.59,14.153,1.575,15.89,0.001,0.0,0.002,-2.37,-21.76,-65.01,1.385,0.5,0.5,83.83,716,0,6444
1966720,1,1,11,0.8,26.03060722,119.19311523,45.5,26.03061295,119.19312286,47.58,14.107,1.547,15.883,-0.002,-0.001,0.004,-2.58,-22.8,-64.9,1.385,0.502,0.502,83.83,717,0,6448
1966927,1,1,11,0.8,26.03060722,119.19311523,45.5,26.03061295,119.19312286,47.58,14.107,1.546,15.884,-0.002,-0.001,0.006,-2.66,-22.56,-64.73,1.385,0.518,0.518,83.83,717,0,6451
1967127,1,1,11,0.8,26.03060722,119.19311523,45.5,26.03061295,119.19312286,47.59,14.106,1.546,15.885,-0.002,0.0,0.011,-2.87,-23.5,-64.15,1.385,0.549,0.549,83.83,717,0,6453
1967329,1,1,11,0.8,26.03060722,119.19311523,45.5,26.03061295,119.19312286,47.59,14.106,1.546,15.887,-0.001,-0.002,0.01,-3.07,-23.96,-63.82,1.385,0.598,0.598,83.83,717,0,6453
1967535,1,1,11,0.8,26.03059959,119.19311523,45.5,26.03061295,119.19312286,47.59,14.106,1.546,15.889,-0.001,-0.001,0.013,-3.07,-24.07,-64.09,1.385,0.667,0.667,131.81,717,0,6454
1967741,1,1,11,0.8,26.03059959,119.19311523,45.1,26.03061295,119.19312286,47.57,14.016,1.423,15.871,-0.05,-0.069,0.004,-2.93,-24.21,-64.71,1.916,0.726,0.726,131.81,718,0,6457
1967949,1,1,11,0.8,26.03059959,119.19311523,45.1,26.03061295,119.19312286,47.57,14.006,1.409,15.872,-0.05,-0.068,0.006,-3.01,-24.85,-64.61,1.916,0.828,0.828,131.81,718,0,6460
1968149,1,1,11,0.8,26.03059959,119.19311523,45.1,26.03061295,119.19312286,47.57,13.996,1.396,15.874,-0.05,-0.067,0.009,-3.14,-24.07,-64.5,1.916,0.94,0.94,131.81,718,0,6462
1968354,1,1,11,0.8,26.03059959,119.19311523,45.1,26.03061295,119.19312286,47.58,13.985,1.382,15.876,-0.049,-0.066,0.012,-3.22,-24.39,-64.36,1.916,1.069,1.069,131.81,718,0,6462
1968556,1,1,11,0.8,26.03060341,119.19311523,45.1,26.03061104,119.19312286,47.58,13.975,1.369,15.879,-0.049,-0.066,0.014,-3.25,-24.72,-64.25,1.916,1.207,1.207,130.74,718,0,6464
1968757,1,1,11,0.8,26.03060341,119.19311523,44.8,26.03060913,119.19312286,47.5,13.748,1.151,15.804,-0.165,-0.175,-0.025,-3.2,-24.93,-64.21,1.37,1.209,1.209,130.74,719,0,6466
1968961,1,1,11,0.8,26.03060341,119.19311523,44.8,26.03060913,119.19312286,47.5,13.715,1.116,15.799,-0.165,-0.174,-0.022,-3.13,-25.28,-64.15,1.37,1.353,1.353,130.74,719,0,6469
1969162,1,1,11,0.8,26.03060341,119.19311523,44.8,26.03060913,119.19312286,47.5,13.682,1.081,15.795,-0.163,-0.173,-0.018,-3.11,-25.39,-64.09,1.37,1.504,1.504,130.74,719,0,6471
1969363,1,1,11,0.8,26.03060341,119.19311523,44.8,26.03060913,119.19312286,47.49,13.649,1.046,15.792,-0.161,-0.173,-0.017,-3.07,-25.36,-64.05,1.37,1.664,1.664,130.74,719,0,6471
1969571,1,1,11,0.8,26.03059959,119.19311523,44.8,26.03060913,119.19312286,47.49,13.616,1.01,15.789,-0.159,-0.172,-0.013,-2.96,-25.3,-64.11,1.37,1.837,1.837,129.22,719,0,6473
1969782,1,1,11,0.8,26.03059959,119.19311523,44.6,26.03060532,119.19311523,47.28,13.337,0.585,15.583,-0.262,-0.337,-0.094,-3.03,-25.36,-64.02,1.183,1.613,1.613,129.22,720,0,6476
1969990,1,1,11,0.8,26.03059959,119.19311523,44.6,26.03060341,119.19311523,47.26,13.282,0.515,15.564,-0.26,-0.335,-0.091,-3.03,-24.98,-64.01,1.183,1.768,1.768,129.22,720,0,6479
1970194,1,1,11,0.8,26.03059959,119.19311523,44.6,26.03060341,119.19311523,47.25,13.23,0.447,15.545,-0.258,-0.333,-0.088,-3.04,-24.39,-64.02,1.183,1.929,1.929,129.22,720,0,6480
1970398,1,1,11,0.8,26.03059959,119.19311523,44.6,26.03060341,119.19311523,47.23,13.177,0.38,15.528,-0.255,-0.331,-0.085,-3.02,-23.53,-64.12,1.183,2.098,2.098,129.22,720,0,6480
1970600,1,1,11,0.8,26.03060722,119.19311523,44.6,26.0306015,119.19311523,47.21,13.126,0.313,15.511,-0.252,-0.329,-0.082,-2.62,-22.86,-64.35,1.183,2.272,2.272,128.74,720,0,6482
1970801,1,1,11,0.73,26.03060722,119.19311523,44.7,26.03060341,119.19311523,46.86,13.006,0.515,15.16,-0.274,-0.23,-0.189,-2.46,-22.2,-64.39,0.567,1.805,1.805,128.74,721,0,6485
1971003,1,1,11,0.73,26.03060722,119.19311523,44.7,26.03060341,119.19311523,46.82,12.951,0.469,15.122,-0.271,-0.228,-0.185,-2.36,-21.72,-64.56,0.567,1.949,1.949,128.74,721,0,6488
1971203,1,1,11,0.73,26.03060722,119.19311523,44.7,26.03060341,119.19311523,46.79,12.897,0.423,15.086,-0.268,-0.227,-0.181,-2.29,-21.63,-64.72,0.567,2.101,2.101,128.74,721,0,6489
1971403,1,1,11,0.73,26.03060722,119.19311523,44.7,26.03060341,119.19311523,46.75,12.843,0.378,15.05,-0.266,-0.226,-0.178,-2.31,-21.7,-64.79,0.567,2.26,2.26,128.74,721,0,6489
1971606,1,1,11,0.73,26.03060722,119.19311523,44.7,26.03060341,119.19311523,46.71,12.79,0.332,15.014,-0.263,-0.225,-0.175,-2.29,-21.7,-64.86,0.567,2.43,2.43,127.24,721,0,6491
1971807,1,1,11,0.8,26.03060722,119.19311523,44.4,26.03060532,119.19311523,46.21,12.837,0.56,14.514,-0.228,-0.133,-0.299,-2.27,-21.66,-64.91,0.558,1.861,1.861,127.24,722,0,6494
1972007,1,1,11,0.8,26.03060722,119.19311523,44.4,26.03060532,119.19311523,46.15,12.792,0.534,14.454,-0.226,-0.132,-0.296,-2.26,-21.56,-64.94,0.558,1.997,1.997,127.24,722,0,6497
1972209,1,1,11,0.8,26.03060722,119.19311523,44.4,26.03060532,119.19311523,46.18,12.823,0.552,14.475,0.0,-0.002,0.001,-2.21,-21.53,-64.99,0.558,0.592,0.592,127.24,722,0,6498
1972412,1,1,11,0.8,26.03060722,119.19311523,44.4,26.03060341,119.19311523,46.14,12.785,0.53,14.438,0.0,-0.0,0.001,-2.11,-21.31,-65.11,0.558,0.5,0.5,127.24,722,0,6498
1972615,1,1,11,0.8,26.03061485,119.19309998,44.4,26.03060341,119.19311523,46.13,12.778,0.525,14.432,0.001,0.001,0.002,-2.01,-20.91,-65.26,0.558,0.501,0.501,108.78,722,0,6500
1972815,1,1,11,0.73,26.03061485,119.19309998,44.6,26.03060532,119.19311523,46.13,12.726,0.571,14.426,0.0,0.002,0.005,-1.99,-20.78,-65.27,1.774,0.505,0.505,108.78,723,0,6503
1973016,1,1,11,0.73,26.03061485,119.19309998,44.6,26.03060532,119.19311523,46.13,12.727,0.572,14.427,0.003,0.001,0.005,-1.95,-18.52,-65.27,1.774,0.522,0.522,108.78,723,0,6506
1973218,1,1,11,0.73,26.03061485,119.19309998,44.6,26.03060532,119.19311523,46.13,12.728,0.572,14.428,0.014,0.021,-0.012,-2.16,-2.03,-66.93,1.774,0.554,0.554,108.78,723,0,6507
1973419,1,1,11,0.73,26.03061485,119.19309998,44.6,26.03060532,119.19311523,46.12,12.733,0.577,14.425,0.029,0.026,-0.014,-1.45,-2.13,-67.72,1.774,0.604,0.604,108.78,723,0,6507
1973623,1,1,11,0.73,26.03061485,119.19311523,44.6,26.03060532,119.19311523,46.12,12.74,0.583,14.422,0.038,0.03,-0.015,-1.16,-2.25,-68.38,1.774,0.673,0.673,129.87,723,0,6509
1973829,1,1,11,0.8,26.03061485,119.19311523,44.3,26.03060532,119.19311523,46.11,12.749,0.65,14.412,0.0,0.0,-0.0,-0.88,-2.29,-68.89,1.14,0.396,0.396,129.87,724,0,6512
1974038,1,1,11,0.8,26.03061485,119.19311523,44.3,26.03060532,119.19311523,46.11,12.754,0.656,14.409,0.002,0.002,-0.003,-0.72,-2.28,-69.3,1.14,0.5,0.5,129.87,724,0,6516
1974241,1,1,11,0.8,26.03061485,119.19311523,44.3,26.03060532,119.19311523,46.11,12.758,0.662,14.408,0.003,0.0,-0.0,-0.53,-2.38,-69.64,1.14,0.5,0.5,129.87,724,0,6516
1974441,1,1,11,0.8,26.03061485,119.19311523,44.3,26.03060532,119.19311523,46.11,12.76,0.665,14.407,0.002,0.001,-0.0,-0.39,-2.36,-69.89,1.14,0.5,0.5,129.87,724,0,6516
1974666,1,1,10,0.8,26.03061104,119.19309998,44.1,26.03060532,119.19311523,46.11,12.758,0.667,14.406,0.001,0.002,0.0,-0.27,-2.33,-70.1,1.447,0.5,0.5,91.82,725,0,6519
1974869,1,1,10,0.8,26.03061104,119.19309998,44.1,26.03060532,119.19311523,46.11,12.76,0.667,14.406,0.001,0.001,0.0,-0.21,-2.24,-70.28,1.447,0.5,0.5,91.82,725,0,6522
1975070,1,1,10,0.8,26.03061104,119.19309998,44.1,26.03060532,119.19311523,46.11,12.761,0.667,14.406,0.001,0.001,-0.0,-0.08,-2.23,-70.44,1.447,0.5,0.5,91.82,725,0,6525
1975272,1,1,10,0.8,26.03061104,119.19309998,44.1,26.03060532,119.19311523,46.11,12.761,0.667,14.406,0.0,0.0,-0.0,-0.02,-2.22,-70.57,1.447,0.5,0.5,91.82,725,0,6525
1975473,1,1,10,0.8,26.03061104,119.19309998,44.1,26.03060532,119.19311523,46.11,12.761,0.667,14.406,0.0,0.001,-0.0,0.03,-2.18,-70.64,1.447,0.5,0.5,91.82,725,0,6525
1975679,1,1,10,0.8,26.03060722,119.19311523,43.7,26.03060532,119.19311523,46.11,12.761,0.667,14.406,0.0,0.001,0.0,0.07,-2.13,-70.71,0.28,0.5,0.5,82.77,726,0,6528
1975880,1,1,10,0.8,26.03060722,119.19311523,43.7,26.03060532,119.19311523,46.11,12.761,0.667,14.406,0.0,0.0,0.0,0.11,-2.11,-70.78,0.28,0.5,0.5,82.77,726,0,6531
1976081,1,1,10,0.8,26.03060722,119.19311523,43.7,26.03060532,119.19311523,46.11,12.761,0.667,14.406,-0.0,0.0,0.0,0.12,-2.09,-70.84,0.28,0.5,0.5,82.77,726,0,6534
1976286,1,1,10,0.8,26.03060722,119.19311523,43.7,26.03060532,119.19311523,46.11,12.761,0.667,14.406,0.0,0.001,-0.0,0.14,-2.04,-70.87,0.28,0.5,0.5,82.77,726,0,6534
1976487,1,1,10,0.8,26.03060722,119.19311523,43.7,26.03060532,119.19311523,46.11,12.761,0.667,14.406,0.0,0.0,-0.0,0.16,-2.01,-70.88,0.28,0.5,0.5,82.77,726,0,6534
1976707,1,1,10,0.8,26.03060722,119.19311523,43.4,26.03060532,119.19311523,46.11,12.761,0.667,14.406,0.0,0.0,-0.0,0.17,-2.0,-70.93,0.28,0.5,0.5,82.77,727,0,6538
1976914,1,1,10,0.8,26.03060722,119.19311523,43.4,26.03060532,119.19311523,46.11,12.761,0.667,14.406,0.0,0.0,-0.0,0.17,-1.96,-70.95,0.28,0.5,0.5,82.77,727,0,6541
1977128,1,1,10,0.8,26.03060722,119.19311523,43.4,26.03060532,119.19311523,46.11,12.761,0.667,14.406,0.0,0.0,-0.0,0.18,-1.95,-70.96,0.28,0.5,0.5,82.77,727,0,6543
1977331,1,1,10,0.8,26.03060722,119.19311523,43.4,26.03060532,119.19311523,46.11,12.761,0.667,14.406,0.0,-0.0,-0.0,0.19,-1.97,-70.95,0.28,0.5,0.5,82.77,727,0,6543
1977533,1,1,10,0.8,26.03060341,119.19311523,43.4,26.03060532,119.19311523,46.11,12.761,0.667,14.406,0.0,-0.0,-0.0,0.19,-1.96,-70.95,0.28,0.5,0.5,82.77,727,0,6544
1977745,1,1,10,0.8,26.03060341,119.19311523,43.1,26.03060532,119.19311523,46.11,12.761,0.666,14.406,0.0,-0.0,-0.0,0.21,-1.97,-70.96,0.322,0.5,0.5,86.83,728,0,6547
1977956,1,1,10,0.8,26.03060341,119.19311523,43.1,26.03060532,119.19311523,46.11,12.761,0.667,14.406,0.0,0.0,-0.0,0.22,-1.95,-70.98,0.322,0.5,0.5,86.83,728,0,6550
1978161,1,1,10,0.8,26.03060341,119.19311523,43.1,26.03060532,119.19311523,46.11,12.761,0.667,14.406,-0.0,0.0,0.0,0.22,-1.95,-71.02,0.322,0.5,0.5,86.83,728,0,6552
1978361,1,1,10,0.8,26.03060341,119.19311523,43.1,26.03060532,119.19311523,46.11,12.761,0.667,14.406,0.0,-0.0,0.0,0.23,-1.96,-71.01,0.322,0.5,0.5,86.83,728,0,6552
1978573,1,1,10,0.8,26.03060341,119.19311523,43.1,26.03060532,119.19311523,46.11,12.761,0.667,14.406,-0.0,0.0,-0.0,0.25,-1.95,-71.03,0.322,0.5,0.5,86.83,728,0,6554
1978775,1,1,10,0.8,26.03060341,119.19311523,42.7,26.03060532,119.19311523,46.11,12.761,0.666,14.406,0.0,-0.0,0.0,0.25,-1.95,-71.03,0.322,0.5,0.5,82.75,729,0,6557
1978991,1,1,10,0.8,26.03060341,119.19311523,42.7,26.03060532,119.19311523,46.11,12.761,0.667,14.406,0.0,-0.0,0.0,0.28,-1.94,-71.02,0.322,0.5,0.5,82.75,729,0,6560
1979195,1,1,10,0.8,26.03060341,119.19311523,42.7,26.03060532,119.19311523,46.11,12.761,0.667,14.406,0.0,-0.0,0.0,0.28,-1.96,-71.03,0.322,0.5,0.5,82.75,729,0,6561
1979401,1,1,10,0.8,26.03060341,119.19311523,42.7,26.03060532,119.19311523,46.11,12.761,0.667,14.406,-0.0,-0.0,-0.0,0.27,-1.95,-71.02,0.322,0.5,0.5,82.75,729,0,6561
1979613,1,1,10,0.8,26.03059959,119.19309998,42.7,26.03060532,119.19311523,46.11,12.761,0.667,14.406,-0.0,0.0,0.0,0.26,-1.94,-71.02,0.322,0.5,0.5,84.31,729,0,6563
1979820,1,1,10,0.8,26.03059959,119.19309998,42.5,26.03060532,119.19311523,46.11,12.76,0.666,14.406,-0.001,-0.0,0.0,0.24,-1.95,-71.02,1.473,0.5,0.5,84.31,730,0,6566
1980022,1,1,10,0.8,26.03059959,119.19309998,42.5,26.03060532,119.19311523,46.11,12.761,0.666,14.406,-0.0,0.0,0.0,0.24,-1.94,-71.03,1.473,0.5,0.5,84.31,730,0,6570
1980225,1,1,10,0.8,26.03059959,119.19309998,42.5,26.03060532,119.19311523,46.11,12.761,0.667,14.406,-0.0,-0.0,0.0,0.24,-1.93,-71.05,1.473,0.5,0.5,84.31,730,0,6570
1980430,1,1,10,0.8,26.03059959,119.19309998,42.5,26.03060532,119.19311523,46.11,12.761,0.667,14.406,-0.0,-0.0,0.0,0.24,-1.94,-71.05,1.473,0.5,0.5,84.31,730,0,6570
1980647,1,1,10,0.8,26.03059959,119.19311523,42.1,26.03060532,119.19311523,46.11,12.761,0.666,14.406,-0.0,0.0,-0.0,0.23,-1.94,-71.06,0.7,0.5,0.5,82.21,731,0,6573
1980852,1,1,10,0.8,26.03059959,119.19311523,42.1,26.03060532,119.19311523,46.11,12.761,0.666,14.406,0.0,-0.0,-0.0,0.22,-1.95,-71.06,0.7,0.5,0.5,82.21,731,0,6576
1981063,1,1,10,0.8,26.03059959,119.19311523,42.1,26.03060532,119.19311523,46.11,12.761,0.666,14.406,0.0,-0.0,-0.0,0.21,-1.96,-71.07,0.7,0.5,0.5,82.21,731,0,6579
1981272,1,1,10,0.8,26.03059959,119.19311523,42.1,26.03060532,119.19311523,46.11,12.761,0.667,14.406,0.0,0.0,0.0,0.21,-1.95,-71.08,0.7,0.5,0.5,82.21,731,0,6579
1981472,1,1,10,0.8,26.03059959,119.19311523,42.1,26.03060532,119.19311523,46.11,12.761,0.667,14.406,0.0,0.0,-0.0,0.23,-1.94,-71.08,0.7,0.5,0.5,82.21,731,0,6579
1981699,1,1,10,0.8,26.03059959,119.19313049,41.7,26.03060532,119.19311523,46.11,12.763,0.666,14.406,0.0,0.001,-0.0,0.26,-1.91,-71.09,1.862,0.5,0.5,80.8,732,0,6583
1981904,1,1,10,0.8,26.03059959,119.19313049,41.7,26.03060532,119.19311523,46.11,12.762,0.666,14.406,0.0,0.0,0.0,0.26,-1.91,-71.08,1.862,0.5,0.5,80.8,732,0,6586
1982108,1,1,10,0.8,26.03059959,119.19313049,41.7,26.03060532,119.19311523,46.11,12.761,0.667,14.406,0.0,0.0,0.0,0.26,-1.92,-71.09,1.862,0.5,0.5,80.8,732,0,6588
1982317,1,1,10,0.8,26.03059959,119.19313049,41.7,26.03060532,119.19311523,46.11,12.761,0.667,14.406,-0.0,-0.0,-0.0,0.25,-1.92,-71.1,1.862,0.5,0.5,80.8,732,0,6588
1982521,1,1,10,0.8,26.03059578,119.19311523,41.7,26.03060532,119.19311523,46.11,12.761,0.667,14.406,-0.0,0.0,0.0,0.22,-1.91,-71.08,1.862,0.5,0.5,80.8,732,0,6589
1982723,1,1,10,0.8,26.03059578,119.19311523,41.3,26.03060532,119.19311523,46.11,12.761,0.666,14.406,-0.0,0.0,-0.0,0.23,-1.89,-71.07,1.112,0.5,0.5,82.59,733,0,6592
1982924,1,1,10,0.8,26.03059578,119.19311523,41.3,26.03060532,119.19311523,46.11,12.761,0.666,14.406,-0.0,0.0,-0.0,0.21,-1.87,-71.07,1.112,0.5,0.5,82.59,733,0,6595
1983124,1,1,10,0.8,26.03059578,119.19311523,41.3,26.03060532,119.19311523,46.11,12.761,0.666,14.406,-0.0,0.0,0.0,0.21,-1.87,-71.07,1.112,0.5,0.5,82.59,733,0,6597
1983331,1,1,10,0.8,26.03059578,119.19311523,41.3,26.03060532,119.19311523,46.11,12.761,0.667,14.406,0.0,0.0,-0.0,0.21,-1.88,-71.08,1.112,0.5,0.5,82.59,733,0,6597
1983533,1,1,10,0.8,26.03059578,119.19313049,41.3,26.03060532,119.19311523,46.11,12.761,0.667,14.406,0.0,0.0,-0.0,0.21,-1.87,-71.08,1.112,0.5,0.5,82.59,733,0,6598
1983753,1,1,11,0.8,26.03059578,119.19313049,41.0,26.03060532,119.19311523,46.11,12.763,0.666,14.406,0.0,0.0,0.0,0.22,-1.88,-71.07,2.053,0.5,0.5,85.4,734,0,6601
1983959,1,1,11,0.8,26.03059578,119.19313049,41.0,26.03060532,119.19311523,46.11,12.762,0.666,14.406,-0.0,-0.0,-0.0,0.21,-1.89,-71.07,2.053,0.5,0.5,85.4,734,0,6604
1984161,1,1,11,0.8,26.03059578,119.19313049,41.0,26.03060532,119.19311523,46.11,12.761,0.666,14.406,-0.0,0.0,-0.0,0.22,-1.87,-71.06,2.053,0.5,0.5,85.4,734,0,6606
1984361,1,1,11,0.8,26.03059578,119.19313049,41.0,26.03060532,119.19311523,46.11,12.761,0.667,14.406,-0.0,-0.0,0.0,0.23,-1.89,-71.06,2.053,0.5,0.5,85.4,734,0,6606
1984572,1,1,11,0.8,26.03059578,119.19313049,41.0,26.03060532,119.19311523,46.11,12.761,0.667,14.406,-0.0,0.0,-0.0,0.22,-1.89,-71.03,2.053,0.5,0.5,85.4,734,0,6608
1984776,1,1,11,0.8,26.03059578,119.19313049,40.9,26.03060532,119.19311523,46.11,12.762,0.666,14.406,0.0,0.0,0.0,0.22,-1.89,-71.01,2.053,0.5,0.5,82.75,735,0,6611
1984983,1,1,11,0.8,26.03059578,119.19313049,40.9,26.03060532,119.19311523,46.11,12.761,0.666,14.406,0.0,-0.0,0.0,0.25,-1.9,-71.02,2.053,0.5,0.5,82.75,735,0,6614
1985192,1,1,11,0.8,26.03059578,119.19313049,40.9,26.03060532,119.19311523,46.11,12.761,0.666,14.406,-0.0,-0.0,0.0,0.24,-1.88,-71.01,2.053,0.5,0.5,82.75,735,0,6615
1985401,1,1,11,0.8,26.03059578,119.19313049,40.9,26.03060532,119.19311523,46.11,12.761,0.667,14.406,-0.0,-0.0,-0.0,0.24,-1.89,-71.01,2.053,0.5,0.5,82.75,735,0,6615
1985605,1,1,11,0.8,26.03059578,119.19313049,40.9,26.03060532,119.19311523,46.11,12.761,0.667,14.406,-0.0,0.0,-0.0,0.24,-1.9,-71.02,2.053,0.5,0.5,82.75,735,0,6617
1985822,1,1,11,0.8,26.03059578,119.19313049,40.8,26.03060532,119.19311523,46.11,12.762,0.666,14.406,0.0,-0.0,0.0,0.25,-1.93,-71.04,2.053,0.5,0.5,78.37,736,0,6620
1986024,1,1,11,0.8,26.03059578,119.19313049,40.8,26.03060532,119.19311523,46.11,12.761,0.666,14.406,-0.0,0.0,-0.0,0.22,-1.93,-71.05,2.053,0.5,0.5,78.37,736,0,6624
1986225,1,1,11,0.8,26.03059578,119.19313049,40.8,26.03060532,119.19311523,46.11,12.761,0.667,14.406,-0.0,0.0,-0.0,0.21,-1.92,-71.06,2.053,0.5,0.5,78.37,736,0,6624
1986431,1,1,11,0.8,26.03059578,119.19313049,40.8,26.03060532,119.19311523,46.11,12.761,0.667,14.406,-0.0,0.0,-0.0,0.21,-1.9,-71.05,2.053,0.5,0.5,78.37,736,0,6624
1986635,1,1,10,0.8,26.03059006,119.19313049,40.3,26.03060532,119.19311523,46.11,12.764,0.664,14.405,0.0,0.0,0.0,0.21,-1.89,-71.05,2.452,0.5,0.5,78.37,737,0,6627
1986835,1,1,10,0.8,26.03059006,119.19313049,40.3,26.03060532,119.19311523,46.11,12.762,0.665,14.406,-0.0,-0.0,-0.0,0.21,-1.93,-71.06,2.452,0.5,0.5,82.42,737,0,6630
1987045,1,1,10,0.8,26.03059006,119.19313049,40.3,26.03060532,119.19311523,46.11,12.761,0.666,14.406,0.0,0.0,-0.0,0.21,-1.93,-71.05,2.452,0.5,0.5,82.42,737,0,6633
1987246,1,1,10,0.8,26.03059006,119.19313049,40.3,26.03060532,119.19311523,46.11,12.761,0.666,14.406,0.0,0.0,0.0,0.21,-1.93,-71.07,2.452,0.5,0.5,82.42,737,0,6633
1987450,1,1,10,0.8,26.03059006,119.19313049,40.3,26.03060532,119.19311523,46.11,12.761,0.667,14.406,-0.0,0.0,-0.0,0.2,-1.91,-71.07,2.452,0.5,0.5,82.42,737,0,6633
1987657,1,1,10,0.8,26.03058624,119.19313049,40.0,26.03060532,119.19311523,46.11,12.764,0.663,14.405,0.0,-0.0,0.0,0.2,-1.91,-71.06,2.767,0.5,0.5,82.42,738,0,6636
1987858,1,1,10,0.8,26.03058624,119.19313049,40.0,26.03060532,119.19311523,46.11,12.762,0.665,14.406,-0.0,0.0,0.0,0.2,-1.89,-71.05,2.767,0.5,0.5,80.66,738,0,6639
1988067,1,1,10,0.8,26.03058624,119.19313049,40.0,26.03060532,119.19311523,46.11,12.761,0.666,14.406,-0.0,-0.0,0.0,0.2,-1.9,-71.04,2.767,0.5,0.5,80.66,738,0,6642
1988271,1,1,10,0.8,26.03058624,119.19313049,40.0,26.03060532,119.19311523,46.11,12.761,0.666,14.406,0.0,0.0,0.0,0.22,-1.9,-71.06,2.767,0.5,0.5,80.66,738,0,6642
1988476,1,1,10,0.8,26.03058624,119.19313049,40.0,26.03060532,119.19311523,46.11,12.761,0.667,14.406,0.0,0.0,0.0,0.22,-1.9,-71.06,2.767,0.5,0.5,80.66,738,0,6642
1988700,1,1,10,0.8,26.03058624,119.19313049,39.9,26.03060532,119.19311523,46.11,12.763,0.664,14.406,-0.0,0.0,-0.0,0.22,-1.89,-71.08,2.767,0.5,0.5,80.66,739,0,6646
1988906,1,1,10,0.8,26.03058624,119.19313049,39.9,26.03060532,119.19311523,46.11,12.762,0.666,14.406,0.0,0.0,-0.0,0.21,-1.9,-71.08,2.767,0.5,0.5,84.06,739,0,6649
1989111,1,1,10,0.8,26.03058624,119.19313049,39.9,26.03060532,119.19311523,46.11,12.761,0.666,14.406,0.0,0.0,-0.0,0.2,-1.88,-71.06,2.767,0.5,0.5,84.06,739,0,6651
1989311,1,1,10,0.8,26.03058624,119.19313049,39.9,26.03060532,119.19311523,46.11,12.761,0.666,14.406,0.0,-0.0,0.0,0.19,-1.87,-71.07,2.767,0.5,0.5,84.06,739,0,6651
1989515,1,1,10,0.8,26.03058624,119.19313049,39.9,26.03060532,119.19311523,46.11,12.761,0.667,14.406,0.0,-0.0,-0.0,0.21,-1.89,-71.09,2.767,0.5,0.5,84.06,739,0,6651
1989724,1,1,10,0.8,26.03058624,119.19311523,39.9,26.03060532,119.19311523,46.11,12.761,0.664,14.406,-0.0,-0.0,-0.0,0.2,-1.89,-71.08,2.163,0.5,0.5,84.06,740,0,6655
1989931,1,1,10,0.8,26.03058624,119.19311523,39.9,26.03060532,119.19311523,46.11,12.761,0.666,14.406,0.0,0.0,-0.0,0.19,-1.89,-71.07,2.163,0.5,0.5,82.85,740,0,6658
1990135,1,1,10,0.8,26.03058624,119.19311523,39.9,26.03060532,119.19311523,46.11,12.761,0.666,14.406,-0.0,0.0,-0.0,0.19,-1.87,-71.06,2.163,0.5,0.5,82.85,740,0,6660
1990335,1,1,10,0.8,26.03058624,119.19311523,39.9,26.03060532,119.19311523,46.11,12.761,0.666,14.406,0.0,-0.0,-0.0,0.2,-1.86,-71.02,2.163,0.5,0.5,82.85,740,0,6660
1990556,1,1,10,0.8,26.03058624,119.19311523,39.9,26.03060532,119.19311523,46.11,12.761,0.667,14.406,0.0,0.0,0.0,0.2,-1.85,-71.01,2.163,0.5,0.5,82.85,740,0,6662
1990760,1,1,10,0.8,26.03058624,119.19311523,39.8,26.03060532,119.19311523,46.11,12.761,0.664,14.406,-0.0,0.0,-0.0,0.17,-1.84,-71.02,2.163,0.5,0.5,82.85,741,0,6664
1990969,1,1,10,0.8,26.03058624,119.19311523,39.8,26.03060532,119.19311523,46.11,12.761,0.666,14.406,-0.0,0.0,0.0,0.19,-1.84,-71.03,2.163,0.5,0.5,82.36,741,0,6668
1991174,1,1,10,0.8,26.03058624,119.19311523,39.8,26.03060532,119.19311523,46.11,12.761,0.666,14.406,0.0,-0.0,0.0,0.22,-1.84,-71.06,2.163,0.5,0.5,82.36,741,0,6669
1991375,1,1,10,0.8,26.03058624,119.19311523,39.8,26.03060532,119.19311523,46.11,12.761,0.666,14.406,-0.0,0.0,-0.0,0.22,-1.84,-71.04,2.163,0.5,0.5,82.36,741,0,6669
1991580,1,1,10,0.8,26.03058624,119.19311523,39.8,26.03060532,119.19311523,46.11,12.761,0.667,14.406,-0.0,0.0,-0.0,0.2,-1.85,-71.05,2.163,0.5,0.5,82.36,741,0,6671
1991810,1,1,10,0.8,26.03058624,119.19311523,39.6,26.03060532,119.19311523,46.11,12.761,0.665,14.406,0.0,0.0,-0.001,0.2,-1.85,-71.04,2.163,0.5,0.5,82.36,742,0,6674
1992021,1,1,10,0.8,26.03058624,119.19311523,39.6,26.03060532,119.19311523,46.11,12.761,0.666,14.406,0.0,0.0,0.0,0.22,-1.85,-71.02,2.163,0.5,0.5,83.75,742,0,6677
1992225,1,1,10,0.8,26.03058624,119.19311523,39.6,26.03060532,119.19311523,46.11,12.761,0.666,14.406,0.0,0.0,0.0,0.22,-1.85,-71.02,2.163,0.5,0.5,83.75,742,0,6678
1992425,1,1,10,0.8,26.03058624,119.19311523,39.6,26.03060532,119.19311523,46.11,12.761,0.667,14.406,-0.0,0.0,0.0,0.21,-1.85,-70.99,2.163,0.5,0.5,83.75,742,0,6678
1992641,1,1,11,0.96,26.03058624,119.19311523,39.5,26.03060532,119.19311523,46.11,12.761,0.664,14.405,0.0,0.0,-0.0,0.19,-1.86,-70.99,2.163,0.5,0.5,83.75,743,0,6681
1992852,1,1,11,0.96,26.03058624,119.19311523,39.5,26.03060532,119.19311523,46.11,12.761,0.665,14.406,0.0,0.0,0.0,0.18,-1.89,-71.01,2.163,0.5,0.5,83.75,743,0,6684
1993064,1,1,11,0.96,26.03058624,119.19311523,39.5,26.03060532,119.19311523,46.11,12.761,0.666,14.406,-0.0,0.001,0.0,0.17,-1.87,-71.03,2.163,0.5,0.5,80.44,743,0,6687
1993271,1,1,11,0.96,26.03058624,119.19311523,39.5,26.03060532,119.19311523,46.11,12.761,0.666,14.406,0.0,-0.0,0.0,0.17,-1.87,-71.02,2.163,0.5,0.5,80.44,743,0,6687
1993477,1,1,11,0.96,26.03058624,119.19311523,39.5,26.03060532,119.19311523,46.11,12.761,0.667,14.406,-0.0,0.0,0.0,0.16,-1.87,-71.02,2.163,0.5,0.5,80.44,743,0,6687
1993701,1,1,11,0.96,26.03058243,119.19309998,39.4,26.03060532,119.19311523,46.11,12.76,0.664,14.406,0.0,0.0,-0.0,0.17,-1.85,-70.99,2.893,0.5,0.5,80.44,744,0,6691
1993904,1,1,11,0.96,26.03058243,119.19309998,39.4,26.03060532,119.19311523,46.11,12.76,0.666,14.406,-0.0,-0.0,-0.0,0.16,-1.85,-70.99,2.893,0.5,0.5,85.35,744,0,6693
1994106,1,1,11,0.96,26.03058243,119.19309998,39.4,26.03060532,119.19311523,46.11,12.761,0.666,14.406,-0.0,-0.0,-0.0,0.15,-1.86,-70.99,2.893,0.5,0.5,85.35,744,0,6696
1994315,1,1,11,0.96,26.03058243,119.19309998,39.4,26.03060532,119.19311523,46.11,12.761,0.666,14.406,0.0,-0.0,0.0,0.16,-1.86,-71.01,2.893,0.5,0.5,85.35,744,0,6696
1994516,1,1,11,0.96,26.03058243,119.19309998,39.4,26.03060532,119.19311523,46.11,12.761,0.667,14.406,-0.0,-0.0,-0.0,0.16,-1.85,-71.01,2.893,0.5,0.5,85.35,744,0,6696
1994730,1,1,11,0.96,26.03058243,119.19311523,39.3,26.03060532,119.19311523,46.11,12.761,0.664,14.406,0.0,-0.0,-0.0,0.16,-1.87,-71.0,2.586,0.5,0.5,85.35,745,0,6700
1994941,1,1,11,0.96,26.03058243,119.19311523,39.3,26.03060532,119.19311523,46.11,12.761,0.666,14.406,-0.0,0.0,-0.0,0.17,-1.86,-71.02,2.586,0.5,0.5,81.0,745,0,6703
1995146,1,1,11,0.96,26.03058243,119.19311523,39.3,26.03060532,119.19311523,46.11,12.761,0.666,14.406,-0.0,0.0,-0.0,0.17,-1.85,-71.01,2.586,0.5,0.5,81.0,745,0,6705
1995351,1,1,11,0.96,26.03058243,119.19311523,39.3,26.03060532,119.19311523,46.11,12.761,0.666,14.406,-0.0,0.0,0.0,0.17,-1.86,-71.04,2.586,0.5,0.5,81.0,745,0,6705
1995556,1,1,11,0.96,26.03057861,119.19311523,39.3,26.03060532,119.19311523,46.11,12.761,0.667,14.406,-0.0,0.0,0.001,0.16,-1.85,-71.01,2.586,0.5,0.5,81.0,745,0,6707
1995760,1,1,11,0.96,26.03057861,119.19311523,39.0,26.03060532,119.19311523,46.11,12.761,0.664,14.406,0.0,0.0,-0.0,0.18,-1.83,-71.01,3.01,0.5,0.5,81.0,746,0,6709
1995969,1,1,11,0.96,26.03057861,119.19311523,39.0,26.03060532,119.19311523,46.11,12.761,0.666,14.406,-0.0,0.0,0.0,0.18,-1.84,-71.04,3.01,0.5,0.5,81.71,746,0,6713
1996180,1,1,11,0.96,26.03057861,119.19311523,39.0,26.03060532,119.19311523,46.11,12.761,0.666,14.406,-0.0,-0.0,-0.0,0.16,-1.85,-71.05,3.01,0.5,0.5,81.71,746,0,6714
1996381,1,1,11,0.96,26.03057861,119.19311523,39.0,26.03060532,119.19311523,46.11,12.761,0.666,14.406,0.0,0.0,-0.0,0.18,-1.87,-71.05,3.01,0.5,0.5,81.71,746,0,6714
1996593,1,1,11,0.96,26.0305748,119.19311523,39.0,26.03060532,119.19311523,46.11,12.761,0.667,14.406,-0.0,0.0,0.0,0.17,-1.86,-71.04,3.01,0.5,0.5,81.71,746,0,6716
1996816,1,1,11,0.96,26.0305748,119.19311523,38.7,26.03060532,119.19311523,46.11,12.761,0.665,14.406,-0.0,0.0,0.001,0.17,-1.86,-71.05,3.433,0.5,0.5,81.71,747,0,6719
1997019,1,1,11,0.96,26.0305748,119.19311523,38.7,26.03060532,119.19311523,46.11,12.761,0.666,14.406,-0.0,0.0,-0.0,0.16,-1.86,-71.06,3.433,0.5,0.5,86.31,747,0,6723
1997220,1,1,11,0.96,26.0305748,119.19311523,38.7,26.03060532,119.19311523,46.11,12.761,0.666,14.406,-0.0,-0.0,-0.0,0.16,-1.85,-71.03,3.433,0.5,0.5,86.31,747,0,6723
1997426,1,1,11,0.96,26.0305748,119.19311523,38.7,26.03060532,119.19311523,46.11,12.761,0.666,14.406,0.0,-0.0,0.0,0.18,-1.87,-71.04,3.433,0.5,0.5,86.31,747,0,6723
1997641,1,1,11,0.96,26.0305748,119.19311523,38.6,26.03060532,119.19311523,46.11,12.761,0.662,14.405,-0.0,-0.0,-0.0,0.17,-1.87,-71.05,3.433,0.5,0.5,86.31,748,0,6726
1997851,1,1,11,0.96,26.0305748,119.19311523,38.6,26.03060532,119.19311523,46.11,12.761,0.665,14.406,0.0,0.0,-0.0,0.19,-1.87,-71.05,3.433,0.5,0.5,86.31,748,0,6729
1998061,1,1,11,0.96,26.0305748,119.19311523,38.6,26.03060532,119.19311523,46.11,12.761,0.666,14.406,-0.0,-0.0,0.0,0.17,-1.87,-71.05,3.433,0.5,0.5,80.68,748,0,6732
1998265,1,1,11,0.96,26.0305748,119.19311523,38.6,26.03060532,119.19311523,46.11,12.761,0.666,14.406,0.0,0.0,-0.0,0.19,-1.87,-71.04,3.433,0.5,0.5,80.68,748,0,6732
1998470,1,1,11,0.96,26.0305748,119.19311523,38.6,26.03060532,119.19311523,46.11,12.761,0.666,14.406,-0.0,-0.0,0.0,0.19,-1.87,-71.03,3.433,0.5,0.5,80.68,748,0,6732
1998671,1,1,11,0.96,26.03057098,119.19311523,38.5,26.03060532,119.19311523,46.11,12.761,0.663,14.406,-0.0,0.0,-0.0,0.18,-1.85,-71.03,3.857,0.396,0.396,80.68,749,0,6735
1998875,1,1,11,0.96,26.03057098,119.19311523,38.5,26.03060532,119.19311523,46.11,12.761,0.664,14.406,0.0,0.0,0.001,0.16,-1.84,-71.03,3.857,0.5,0.5,80.68,749,0,6738
1999079,1,1,11,0.96,26.03057098,119.19311523,38.5,26.03060532,119.19311523,46.11,12.761,0.666,14.406,0.0,-0.0,0.0,0.16,-1.83,-70.99,3.857,0.5,0.5,85.57,749,0,6741
1999282,1,1,11,0.96,26.03057098,119.19311523,38.5,26.03060532,119.19311523,46.11,12.761,0.666,14.406,-0.0,0.0,-0.0,0.14,-1.84,-71.01,3.857,0.5,0.5,85.57,749,0,6741
1999484,1,1,11,0.96,26.03057098,119.19311523,38.5,26.03060532,119.19311523,46.11,12.761,0.666,14.406,0.0,-0.0,0.0,0.14,-1.81,-70.97,3.857,0.5,0.5,85.57,749,0,6741
1999684,1,1,11,0.96,26.03056717,119.19311523,38.3,26.03060532,119.19311523,46.11,12.761,0.661,14.405,0.0,0.0,-0.0,0.15,-1.81,-70.96,4.281,0.5,0.5,85.57,750,0,6744
1999889,1,1,11,0.96,26.03056717,119.19311523,38.3,26.03060532,119.19311523,46.11,12.761,0.664,14.406,0.0,0.0,0.0,0.16,-1.81,-70.99,4.281,0.5,0.5,85.57,750,0,6747
2000091,1,1,11,0.96,26.03056717,119.19311523,38.3,26.03060532,119.19311523,46.11,12.761,0.666,14.406,0.0,-0.0,-0.0,0.17,-1.83,-71.01,4.281,0.5,0.5,80.2,750,0,6750
2000292,1,1,11,0.96,26.03056717,119.19311523,38.3,26.03060532,119.19311523,46.11,12.761,0.666,14.406,0.0,0.0,0.0,0.16,-1.83,-71.02,4.281,0.5,0.5,80.2,750,0,6750
2000495,1,1,11,0.96,26.03056717,119.19311523,38.3,26.03060532,119.19311523,46.11,12.761,0.666,14.407,0.004,-0.008,0.006,0.11,-2.98,-71.28,4.281,0.501,0.501,80.2,750,0,6750
2000695,1,1,10,1.41,26.03056717,119.19311523,38.1,26.03060532,119.19311523,46.08,12.766,0.595,14.376,0.002,-0.015,0.001,0.63,-2.25,-71.36,4.279,0.502,0.502,80.2,751,0,6754
2000895,1,1,10,1.41,26.03056717,119.19311523,38.1,26.03060532,119.19311523,46.08,12.765,0.592,14.377,-0.008,-0.036,0.013,-0.4,-3.12,-71.32,4.279,0.517,0.517,80.2,751,0,6756
2001100,1,1,10,1.41,26.03056717,119.19311523,38.1,26.03060532,119.19311523,46.08,12.764,0.585,14.379,-0.008,-0.03,0.01,-0.58,-2.74,-70.9,4.279,0.549,0.549,110.0,751,0,6759
2001304,1,1,10,1.41,26.03056717,119.19311523,38.1,26.03060532,119.19311523,46.08,12.762,0.58,14.381,-0.007,-0.024,0.011,-0.1,-2.44,-70.49,4.279,0.6,0.6,110.0,751,0,6759
2001505,1,1,10,1.41,26.03056717,119.19311523,38.1,26.03060532,119.19311523,46.08,12.761,0.576,14.384,-0.005,-0.015,0.014,0.23,-2.17,-70.22,4.279,0.668,0.668,110.0,751,0,6759
2001705,1,1,11,0.96,26.03055763,119.19311523,38.0,26.0306015,119.19311523,46.02,12.775,0.205,14.317,0.001,-0.228,-0.032,0.53,-1.01,-70.07,5.249,0.728,0.728,110.0,752,0,6763
2001905,1,1,11,0.96,26.03055763,119.19311523,38.0,26.0306015,119.19311523,46.01,12.775,0.159,14.31,0.003,-0.225,-0.034,1.56,-0.74,-69.98,5.249,0.827,0.827,110.0,752,0,6765
2002109,1,1,11,0.96,26.03055763,119.19311523,38.0,26.0306015,119.19311523,46.0,12.776,0.113,14.303,0.007,-0.226,-0.035,5.11,-2.14,-70.21,5.249,0.942,0.942,131.61,752,0,6768
2002314,1,1,11,0.96,26.03055763,119.19311523,38.0,26.03059959,119.19311523,46.0,12.778,0.067,14.296,0.008,-0.226,-0.034,6.9,-2.42,-70.16,5.249,1.071,1.071,131.61,752,0,6768
2002517,1,1,11,0.96,26.03055763,119.19311523,38.0,26.03059959,119.19311523,45.99,12.779,0.021,14.289,0.008,-0.226,-0.033,8.44,-2.64,-69.96,5.249,1.211,1.211,131.61,752,0,6769
2002718,1,1,10,1.41,26.03055763,119.19311523,37.8,26.03059578,119.19311523,45.75,12.801,-0.499,14.05,0.018,-0.485,-0.151,14.82,-2.4,-70.81,4.671,1.292,1.292,131.61,753,0,6772
2002921,1,1,10,1.41,26.03055763,119.19311523,37.8,26.03059387,119.19311523,45.72,12.804,-0.597,14.02,0.021,-0.482,-0.149,21.71,-3.07,-71.06,4.671,1.444,1.444,131.61,753,0,6775
2003121,1,1,10,1.41,26.03055763,119.19311523,37.8,26.03059387,119.19311523,45.69,12.807,-0.694,13.99,0.011,-0.487,-0.146,27.77,-4.57,-70.49,4.671,1.603,1.603,130.61,753,0,6777
2003326,1,1,10,1.41,26.03055763,119.19311523,37.8,26.03059196,119.19311523,45.66,12.81,-0.793,13.96,0.015,-0.478,-0.146,33.18,-5.53,-69.97,4.671,1.774,1.774,130.61,753,0,6777
2003535,1,1,10,1.41,26.03055382,119.19311523,37.8,26.03059196,119.19311523,45.63,12.813,-0.892,13.93,0.015,-0.467,-0.144,32.79,-5.75,-69.4,4.671,1.956,1.956,130.61,753,0,6778
2003735,1,1,10,1.41,26.03055382,119.19311523,37.6,26.03058243,119.19311523,45.03,12.851,-1.904,13.326,0.031,-0.845,-0.381,33.68,-5.88,-69.04,4.159,1.898,1.898,130.61,754,0,6781
2003940,1,1,10,1.41,26.03055382,119.19311523,37.6,26.03058052,119.19311523,44.95,12.858,-2.076,13.249,0.031,-0.831,-0.379,33.37,-5.87,-68.74,4.159,2.072,2.072,130.61,754,0,6784
2004141,1,1,10,1.41,26.03055382,119.19311523,37.6,26.03057861,119.19311523,44.87,12.864,-2.242,13.173,0.031,-0.817,-0.376,33.87,-5.89,-68.44,4.159,2.249,2.249,129.74,754,0,6786
2004345,1,1,10,1.41,26.03055382,119.19311523,37.6,26.03057861,119.19311523,44.8,12.87,-2.407,13.096,0.031,-0.803,-0.373,33.99,-5.81,-68.22,4.159,2.436,2.436,129.74,754,0,6786
2004548,1,1,10,1.41,26.03055382,119.19311523,37.6,26.03057671,119.19311523,44.72,12.877,-2.568,13.021,0.032,-0.789,-0.371,34.27,-5.72,-68.01,4.159,2.629,2.629,129.74,754,0,6787
2004750,1,1,11,0.96,26.03055382,119.19311523,37.6,26.03057671,119.19311523,44.75,12.873,-2.488,13.055,0.0,0.002,-0.0,34.21,-5.61,-67.83,2.722,0.5,0.5,129.74,755,0,6790
2004960,1,1,11,0.96,26.03055382,119.19311523,37.6,26.03057671,119.19311523,44.72,12.877,-2.565,13.021,-0.0,0.002,0.0,34.45,-5.52,-67.66,2.722,0.5,0.5,129.74,755,0,6793
2005169,1,1,11,0.96,26.03055382,119.19311523,37.6,26.03057671,119.19311523,44.71,12.877,-2.583,13.013,0.0,0.006,0.001,34.7,-5.42,-67.51,2.722,0.5,0.5,111.44,755,0,6795
2005369,1,1,11,0.96,26.03055382,119.19311523,37.6,26.03057671,119.19311523,44.71,12.877,-2.581,13.013,-0.0,0.012,0.002,35.02,-5.3,-67.37,2.722,0.505,0.505,111.44,755,0,6795
2005595,1,1,11,0.96,26.03055,119.19311523,37.6,26.03057671,119.19311523,44.71,12.877,-2.581,13.013,-0.0,0.002,0.0,35.05,-5.17,-67.25,2.722,0.5,0.5,111.44,755,0,6797
2005798,1,1,11,0.96,26.03055,119.19311523,37.4,26.03057671,119.19311523,44.71,12.877,-2.581,13.013,-0.0,0.001,-0.0,35.16,-5.08,-67.15,2.941,0.5,0.5,111.44,756,0,6800
2006006,1,1,11,0.96,26.03055,119.19311523,37.4,26.03057671,119.19311523,44.71,12.877,-2.579,13.013,-0.0,0.001,0.0,35.17,-5.03,-67.05,2.941,0.5,0.5,111.44,756,0,6803
2006209,1,1,11,0.96,26.03055,119.19311523,37.4,26.03057671,119.19311523,44.71,12.877,-2.578,13.013,0.0,0.001,0.0,35.09,-4.97,-66.97,2.941,0.5,0.5,102.54,756,0,6804
2006418,1,1,11,0.96,26.03055,119.19311523,37.4,26.03057671,119.19311523,44.71,12.877,-2.578,13.014,0.0,0.001,0.0,35.11,-4.94,-66.86,2.941,0.5,0.5,102.54,756,0,6804
2006624,1,1,11,0.96,26.03054619,119.19311523,37.4,26.03057671,119.19311523,44.71,12.877,-2.578,13.014,-0.0,0.001,0.0,35.15,-4.92,-66.74,2.941,0.5,0.5,102.54,756,0,6806
2006839,1,1,10,0.96,26.03054619,119.19311523,37.3,26.03057671,119.19311523,44.71,12.877,-2.58,13.013,0.0,0.001,-0.0,35.14,-4.92,-66.64,3.368,0.5,0.5,102.54,757,0,6810
2007044,1,1,10,0.96,26.03054619,119.19311523,37.3,26.03057671,119.19311523,44.71,12.877,-2.579,13.013,0.0,0.001,0.0,35.04,-4.91,-66.56,3.368,0.5,0.5,83.09,757,0,6813
2007246,1,1,10,0.96,26.03054619,119.19311523,37.3,26.03057671,119.19311523,44.71,12.877,-2.578,13.014,-0.0,0.001,0.001,34.89,-4.88,-66.53,3.368,0.5,0.5,83.09,757,0,6813
2007457,1,1,10,0.96,26.03054619,119.19311523,37.3,26.03057671,119.19311523,44.71,12.877,-2.578,13.014,-0.0,0.001,0.0,34.79,-4.88,-66.39,3.368,0.5,0.5,83.09,757,0,6813
2007658,1,1,10,0.96,26.03054619,119.19311523,37.3,26.03057671,119.19311523,44.71,12.877,-2.581,13.013,0.0,0.0,0.0,34.84,-4.89,-66.27,3.368,0.396,0.396,83.09,758,0,6816
2007859,1,1,10,0.96,26.03054619,119.19311523,37.3,26.03057671,119.19311523,44.71,12.877,-2.579,13.013,-0.0,0.0,0.0,34.73,-4.85,-66.15,3.368,0.396,0.396,83.09,758,0,6819
2008064,1,1,10,0.96,26.03054619,119.19311523,37.3,26.03057671,119.19311523,44.71,12.877,-2.579,13.013,-0.0,0.0,0.0,34.82,-4.82,-66.03,3.368,0.396,0.396,84.75,758,0,6822
2008267,1,1,10,0.96,26.03054619,119.19311523,37.3,26.03057671,119.19311523,44.71,12.877,-2.578,13.014,-0.0,0.0,0.0,34.86,-4.8,-65.9,3.368,0.396,0.396,84.75,758,0,6822
2008469,1,1,10,0.96,26.03054619,119.19311523,37.3,26.03057671,119.19311523,44.71,12.877,-2.578,13.014,-0.0,0.001,0.001,34.8,-4.8,-65.81,3.368,0.5,0.5,84.75,758,0,6822
2008671,1,1,10,0.96,26.03054237,119.19311523,37.2,26.03057671,119.19311523,44.71,12.877,-2.583,13.012,-0.0,0.001,0.001,34.76,-4.78,-65.72,3.793,0.5,0.5,84.75,759,0,6825
2008874,1,1,10,0.96,26.03054237,119.19311523,37.2,26.03057671,119.19311523,44.71,12.877,-2.58,13.013,-0.0,0.001,0.0,34.61,-4.77,-65.64,3.793,0.5,0.5,84.75,759,0,6828
2009084,1,1,10,0.96,26.03054237,119.19311523,37.2,26.03057671,119.19311523,44.71,12.877,-2.579,13.013,-0.0,0.001,0.0,34.55,-4.77,-65.51,3.793,0.5,0.5,80.28,759,0,6831
2009285,1,1,10,0.96,26.03054237,119.19311523,37.2,26.03057671,119.19311523,44.71,12.877,-2.578,13.013,0.001,0.002,0.0,34.26,-4.81,-65.39,3.793,0.501,0.501,80.28,759,0,6831
2009490,1,1,10,0.96,26.03054237,119.19311523,37.2,26.03057671,119.19311523,44.71,12.877,-2.578,13.014,-0.0,0.006,0.001,34.32,-4.82,-65.26,3.793,0.507,0.507,80.28,759,0,6831
2009695,1,1,11,0.96,26.03054237,119.19311523,37.2,26.03057671,119.19311523,44.71,12.877,-2.581,13.013,-0.0,0.0,0.0,34.37,-4.81,-65.17,3.793,0.396,0.396,80.28,760,0,6835
2009898,1,1,11,0.96,26.03054237,119.19311523,37.2,26.03057671,119.19311523,44.71,12.877,-2.581,13.013,-0.001,0.003,0.001,34.17,-4.65,-65.05,3.793,0.501,0.501,80.28,760,0,6837
2010102,1,1,11,0.96,26.03054237,119.19311523,37.2,26.03057671,119.19311523,44.71,12.877,-2.58,13.013,0.0,0.006,0.002,34.67,-4.63,-64.99,3.793,0.508,0.508,115.0,760,0,6840
2010303,1,1,11,0.96,26.03054237,119.19311523,37.2,26.03057671,119.19311523,44.71,12.877,-2.578,13.014,0.001,0.009,0.003,35.01,-4.58,-65.03,3.793,0.527,0.527,115.0,760,0,6840
2010506,1,1,11,0.96,26.03054237,119.19311523,37.2,26.03057671,119.19311523,44.71,12.877,-2.576,13.014,-0.001,0.011,0.004,33.9,-4.57,-65.2,3.793,0.563,0.563,115.0,760,0,6840
2010717,1,1,11,0.96,26.03054237,119.19311523,37.1,26.0305748,119.19311523,44.67,12.882,-2.757,12.971,0.001,-0.069,-0.016,34.59,-4.69,-64.95,3.797,0.605,0.605,115.0,761,0,6844
2010923,1,1,11,0.96,26.03054237,119.19311523,37.1,26.0305748,119.19311523,44.67,12.882,-2.771,12.968,0.001,-0.065,-0.014,34.83,-4.46,-64.76,3.797,0.68,0.68,115.0,761,0,6847
2011128,1,1,11,0.96,26.03054237,119.19311523,37.1,26.0305748,119.19311523,44.67,12.882,-2.784,12.966,0.001,-0.061,-0.013,34.93,-4.38,-64.62,3.797,0.772,0.772,128.49,761,0,6849
2011332,1,1,11,0.96,26.03054237,119.19311523,37.1,26.0305748,119.19311523,44.67,12.882,-2.773,12.968,-0.0,0.0,0.0,34.68,-4.38,-64.54,3.797,0.5,0.5,128.49,761,0,6849
2011539,1,1,11,0.96,26.03054237,119.19311523,37.1,26.0305748,119.19311523,44.67,12.882,-2.782,12.966,-0.0,0.001,0.0,34.75,-4.37,-64.44,3.797,0.5,0.5,128.49,761,0,6850
2011750,1,1,11,0.96,26.03054237,119.19311523,37.1,26.0305748,119.19311523,44.66,12.882,-2.788,12.965,0.0,0.0,0.0,34.79,-4.33,-64.36,3.587,0.5,0.5,128.49,762,0,6853
2011955,1,1,11,0.96,26.03054237,119.19311523,37.1,26.0305748,119.19311523,44.66,12.882,-2.788,12.965,-0.0,0.001,0.0,34.72,-4.28,-64.27,3.587,0.5,0.5,128.49,762,0,6856
2012158,1,1,11,0.96,26.03054237,119.19311523,37.1,26.0305748,119.19311523,44.66,12.882,-2.788,12.965,-0.0,0.0,-0.0,34.85,-4.24,-64.19,3.587,0.5,0.5,84.41,762,0,6858
2012367,1,1,11,0.96,26.03054237,119.19311523,37.1,26.0305748,119.19311523,44.66,12.882,-2.788,12.965,-0.0,0.0,-0.0,34.79,-4.21,-64.13,3.587,0.5,0.5,84.41,762,0,6858
2012576,1,1,11,0.96,26.03053856,119.19311523,37.1,26.0305748,119.19311523,44.66,12.882,-2.788,12.965,-0.0,0.0,0.0,34.78,-4.21,-64.07,3.587,0.5,0.5,84.41,762,0,6860
2012816,1,1,11,0.96,26.03053856,119.19311523,37.1,26.0305748,119.19311523,44.66,12.883,-2.79,12.964,0.0,0.0,0.0,34.77,-4.18,-64.02,4.008,0.5,0.5,84.41,763,0,6863
2013020,1,1,11,0.96,26.03053856,119.19311523,37.1,26.0305748,119.19311523,44.66,12.882,-2.788,12.965,0.0,0.0,0.0,34.8,-4.17,-63.98,4.008,0.5,0.5,84.41,763,0,6867
2013231,1,1,11,0.96,26.03053856,119.19311523,37.1,26.0305748,119.19311523,44.66,12.883,-2.788,12.965,0.0,0.001,-0.0,34.92,-4.16,-63.91,4.008,0.5,0.5,85.66,763,0,6867
2013431,1,1,11,0.96,26.03053856,119.19311523,37.1,26.0305748,119.19311523,44.66,12.882,-2.788,12.965,0.0,0.001,0.0,34.94,-4.1,-63.85,4.008,0.5,0.5,85.66,763,0,6867
2013663,1,1,11,0.96,26.03053474,119.19311523,37.1,26.03057289,119.19311523,44.64,12.886,-2.936,12.935,0.0,-0.0,0.001,34.91,-3.74,-63.73,4.432,0.5,0.5,85.66,764,0,6870
2013866,1,1,11,0.96,26.03053474,119.19311523,37.1,26.03057289,119.19311523,44.64,12.886,-2.936,12.936,-0.0,0.001,0.001,34.87,-3.78,-63.73,4.432,0.506,0.506,85.66,764,0,6873
2014067,1,1,11,0.96,26.03053474,119.19311523,37.1,26.03057289,119.19311523,44.64,12.886,-2.936,12.936,-0.001,0.002,0.003,35.14,-3.83,-63.65,4.432,0.522,0.522,85.66,764,0,6876
2014277,1,1,11,0.96,26.03053474,119.19311523,37.1,26.03057289,119.19311523,44.64,12.886,-2.936,12.936,0.002,-0.002,-0.0,35.29,-3.87,-63.43,4.432,0.5,0.5,104.74,764,0,6876
2014483,1,1,11,0.96,26.03053474,119.19311523,37.1,26.03057289,119.19311523,44.64,12.886,-2.936,12.936,0.001,-0.001,0.0,35.45,-3.65,-63.32,4.432,0.502,0.502,104.74,764,0,6876
2014686,1,1,11,0.96,26.03053474,119.19313049,37.0,26.03057098,119.19311523,44.61,12.942,-3.085,12.905,0.007,-0.02,-0.002,35.69,-3.57,-63.33,4.577,0.502,0.502,104.74,765,0,6879
2014889,1,1,11,0.96,26.03053474,119.19313049,37.0,26.03057098,119.19311523,44.61,12.942,-3.084,12.905,0.0,-0.001,0.001,35.95,-3.54,-63.38,4.577,0.5,0.5,104.74,765,0,6882
2015093,1,1,11,0.96,26.03053474,119.19313049,37.0,26.03057098,119.19311523,44.6,12.942,-3.086,12.905,0.0,-0.0,-0.0,36.04,-3.53,-63.41,4.577,0.5,0.5,105.94,765,0,6885
2015294,1,1,11,0.96,26.03053474,119.19313049,37.0,26.03057098,119.19311523,44.6,12.942,-3.086,12.905,-0.001,-0.002,0.001,35.91,-3.57,-63.44,4.577,0.503,0.503,105.94,765,0,6885
2015495,1,1,11,0.96,26.03053474,119.19313049,37.0,26.03057098,119.19311523,44.61,12.942,-3.087,12.905,-0.001,-0.004,0.002,35.97,-3.61,-63.45,4.577,0.514,0.514,105.94,765,0,6885
2015696,1,1,11,0.96,26.03053474,119.19311523,37.1,26.03057098,119.19311523,44.57,12.943,-3.244,12.872,-0.001,-0.046,-0.005,36.0,-3.72,-63.54,4.132,0.529,0.529,105.94,766,0,6889
2015901,1,1,11,0.96,26.03053474,119.19311523,37.1,26.03057098,119.19311523,44.57,12.943,-3.254,12.871,-0.001,-0.048,-0.005,35.65,-3.73,-63.59,4.132,0.572,0.572,105.94,766,0,6891
2016104,1,1,11,0.96,26.03053474,119.19311523,37.1,26.03057098,119.19311523,44.57,12.943,-3.264,12.87,-0.002,-0.051,-0.004,35.61,-3.76,-63.55,4.132,0.634,0.634,128.0,766,0,6894
2016310,1,1,11,0.96,26.03053474,119.19311523,37.1,26.03057098,119.19311523,44.57,12.943,-3.254,12.871,-0.0,-0.001,0.0,35.34,-3.67,-63.57,4.132,0.5,0.5,128.0,766,0,6894
2016515,1,1,11,0.96,26.03053474,119.19311523,37.1,26.03057098,119.19311523,44.57,12.943,-3.261,12.871,0.0,-0.001,0.001,35.57,-3.62,-63.49,4.132,0.5,0.5,128.0,766,0,6894
2016721,1,1,11,0.96,26.03053474,119.19311523,37.1,26.03056908,119.19311523,44.54,12.944,-3.396,12.841,0.0,-0.01,0.0,35.71,-3.54,-63.48,3.958,0.502,0.502,128.0,767,0,6898
2016925,1,1,11,0.96,26.03053474,119.19311523,37.1,26.03056908,119.19311523,44.54,12.944,-3.398,12.842,-0.0,-0.012,0.001,35.58,-3.53,-63.51,3.958,0.518,0.518,128.0,767,0,6901
2017126,1,1,11,0.96,26.03053474,119.19311523,37.1,26.03056908,119.19311523,44.54,12.944,-3.397,12.841,0.0,-0.0,-0.0,35.52,-3.52,-63.5,3.958,0.5,0.5,109.25,767,0,6903
2017332,1,1,11,0.96,26.03053474,119.19311523,37.1,26.03056908,119.19311523,44.54,12.944,-3.398,12.842,0.0,-0.0,0.001,35.36,-3.6,-63.48,3.958,0.5,0.5,109.25,767,0,6903
2017535,1,1,11,0.96,26.03052902,119.19311523,37.1,26.03056908,119.19311523,44.54,12.944,-3.398,12.842,0.001,-0.0,-0.001,35.16,-3.58,-63.43,3.958,0.5,0.5,109.25,767,0,6904
2017736,1,1,12,1.4,26.03052902,119.19311523,37.0,26.03056908,119.19311523,44.51,12.944,-3.471,12.812,0.001,-0.006,-0.001,34.82,-3.66,-63.37,4.458,0.503,0.503,109.25,768,0,6907
2017942,1,1,12,1.4,26.03052902,119.19311523,37.0,26.03056908,119.19311523,44.51,12.945,-3.472,12.812,0.001,-0.006,-0.0,34.41,-3.68,-63.34,4.458,0.519,0.519,109.25,768,0,6910
2018146,1,1,12,1.4,26.03052902,119.19311523,37.0,26.03056908,119.19311523,44.51,12.945,-3.473,12.812,-0.0,-0.007,0.001,34.07,-3.84,-63.34,4.458,0.551,0.551,112.66,768,0,6912
2018349,1,1,12,1.4,26.03052902,119.19311523,37.0,26.03056908,119.19311523,44.51,12.945,-3.474,12.812,-0.001,-0.006,-0.0,27.39,-3.88,-62.59,4.458,0.601,0.601,112.66,768,0,6912
2018553,1,1,12,1.4,26.03052902,119.19311523,37.0,26.03056908,119.19311523,44.51,12.944,-3.475,12.811,-0.006,-0.001,-0.004,20.89,-4.1,-61.23,4.458,0.671,0.671,112.66,768,0,6913
2018754,1,1,12,1.4,26.03052902,119.19311523,37.0,26.03056717,119.19311523,44.45,12.944,-3.622,12.747,-0.006,-0.078,-0.04,13.81,-3.83,-61.26,4.381,0.746,0.746,112.66,769,0,6916
2018955,1,1,12,1.4,26.03052902,119.19311523,37.0,26.03056717,119.19311523,44.44,12.941,-3.637,12.74,-0.012,-0.072,-0.034,7.86,-2.79,-61.48,4.381,0.848,0.848,112.66,769,0,6919
2019157,1,1,12,1.4,26.03052902,119.19311523,37.0,26.03056717,119.19311523,44.43,12.939,-3.652,12.733,-0.011,-0.07,-0.035,6.13,-2.4,-61.52,4.381,0.964,0.964,128.0,769,0,6921
2019363,1,1,12,1.4,26.03052902,119.19311523,37.0,26.03056717,119.19311523,44.42,12.937,-3.668,12.722,-0.003,-0.077,-0.062,1.5,-1.58,-62.69,4.381,1.096,1.096,128.0,769,0,6921
2019573,1,1,12,1.4,26.03052139,119.19311523,37.0,26.03056717,119.19311523,44.41,12.937,-3.683,12.709,0.006,-0.07,-0.062,1.83,-1.6,-62.78,4.381,1.243,1.243,128.0,769,0,6923
2019783,1,1,12,1.4,26.03052139,119.19311523,37.0,26.03056145,119.19311523,44.19,12.943,-4.227,12.486,0.016,-0.345,-0.172,2.1,-1.62,-62.84,5.018,1.331,1.331,128.0,770,0,6926
2019996,1,1,12,1.4,26.03052139,119.19311523,37.0,26.03056145,119.19311523,44.23,12.939,-4.145,12.526,0.002,0.001,-0.0,2.32,-1.64,-62.92,5.018,0.5,0.5,128.0,770,0,6929
2020198,1,1,12,1.4,26.03052139,119.19311523,37.0,26.03056145,119.19311523,44.2,12.942,-4.203,12.497,0.001,0.001,-0.0,2.46,-1.64,-62.99,5.018,0.5,0.5,115.0,770,0,6930
2020402,1,1,12,1.4,26.03052139,119.19311523,37.0,26.03056145,119.19311523,44.19,12.943,-4.226,12.486,0.001,0.001,0.0,2.58,-1.63,-63.05,5.018,0.5,0.5,115.0,770,0,6930
2020605,1,1,12,1.4,26.03052139,119.19311523,37.0,26.03056145,119.19311523,44.18,12.944,-4.235,12.482,0.001,0.0,-0.0,2.67,-1.62,-63.07,5.018,0.5,0.5,115.0,770,0,6932
2020807,1,1,12,1.4,26.03052139,119.19311523,37.0,26.03056145,119.19311523,44.18,12.944,-4.24,12.48,0.0,0.001,0.0,2.73,-1.62,-63.1,4.47,0.5,0.5,115.0,771,0,6935
2021008,1,1,12,1.4,26.03052139,119.19311523,37.0,26.03056145,119.19311523,44.18,12.944,-4.241,12.479,0.0,0.0,0.0,2.79,-1.61,-63.12,4.47,0.5,0.5,115.0,771,0,6938
2021210,1,1,12,1.4,26.03052139,119.19311523,37.0,26.03056145,119.19311523,44.18,12.944,-4.241,12.479,0.0,-0.0,-0.0,2.81,-1.63,-63.16,4.47,0.5,0.5,78.92,771,0,6939
2021417,1,1,12,1.4,26.03052139,119.19311523,37.0,26.03056145,119.19311523,44.18,12.944,-4.241,12.479,0.0,0.0,0.0,2.85,-1.63,-63.18,4.47,0.5,0.5,78.92,771,0,6939
2021624,1,1,12,1.4,26.03052139,119.19311523,37.0,26.03056145,119.19311523,44.18,12.944,-4.241,12.479,-0.0,0.0,0.0,2.86,-1.62,-63.18,4.47,0.5,0.5,78.92,771,0,6941
2021832,1,1,12,1.4,26.03052139,119.19311523,37.0,26.03056145,119.19311523,44.18,12.944,-4.242,12.478,0.001,0.0,-0.001,2.91,-1.61,-63.18,4.464,0.5,0.5,78.92,772,0,6944
2022039,1,1,12,1.4,26.03052139,119.19311523,37.0,26.03056145,119.19311523,44.18,12.944,-4.242,12.479,-0.0,0.0,0.0,2.93,-1.59,-63.2,4.464,0.5,0.5,78.92,772,0,6948
2022246,1,1,12,1.4,26.03052139,119.19311523,37.0,26.03056145,119.19311523,44.18,12.944,-4.241,12.479,0.0,0.0,-0.0,2.93,-1.58,-63.22,4.464,0.5,0.5,81.47,772,0,6948
2022451,1,1,12,1.4,26.03052139,119.19311523,37.0,26.03056145,119.19311523,44.18,12.944,-4.241,12.479,0.0,0.0,0.0,2.94,-1.57,-63.24,4.464,0.5,0.5,81.47,772,0,6948
2022659,1,1,10,1.4,26.03051376,119.19311523,37.0,26.03056145,119.19311523,44.18,12.944,-4.245,12.478,0.0,0.0,-0.0,2.95,-1.57,-63.24,5.314,0.5,0.5,81.47,773,0,6951
2022871,1,1,10,1.4,26.03051376,119.19311523,37.0,26.03056145,119.19311523,44.18,12.944,-4.242,12.478,-0.0,-0.0,0.0,2.94,-1.55,-63.24,5.314,0.5,0.5,81.47,773,0,6954
2023077,1,1,10,1.4,26.03051376,119.19311523,37.0,26.03056145,119.19311523,44.18,12.944,-4.242,12.479,-0.0,-0.0,0.0,2.94,-1.56,-63.27,5.314,0.5,0.5,81.47,773,0,6957
2023282,1,1,10,1.4,26.03051376,119.19311523,37.0,26.03056145,119.19311523,44.18,12.944,-4.241,12.479,-0.0,-0.0,0.0,2.92,-1.56,-63.28,5.314,0.5,0.5,82.6,773,0,6957
2023487,1,1,10,1.4,26.03051376,119.19311523,37.0,26.03056145,119.19311523,44.18,12.944,-4.241,12.479,0.0,0.0,-0.0,2.92,-1.56,-63.32,5.314,0.5,0.5,82.6,773,0,6957
2023697,1,1,10,1.4,26.03051376,119.19311523,37.1,26.03056145,119.19311523,44.18,12.944,-4.243,12.478,-0.0,-0.0,-0.0,2.91,-1.54,-63.32,5.314,0.5,0.5,82.6,774,0,6961
2023898,1,1,10,1.4,26.03051376,119.19311523,37.1,26.03056145,119.19311523,44.18,12.944,-4.242,12.479,0.0,-0.0,-0.0,2.9,-1.56,-63.34,5.314,0.5,0.5,82.6,774,0,6963
2024098,1,1,10,1.4,26.03051376,119.19311523,37.1,26.03056145,119.19311523,44.18,12.944,-4.241,12.479,-0.0,0.0,0.0,2.89,-1.57,-63.37,5.314,0.5,0.5,82.6,774,0,6966
2024301,1,1,10,1.4,26.03051376,119.19311523,37.1,26.03056145,119.19311523,44.18,12.944,-4.241,12.479,0.0,-0.0,-0.001,2.88,-1.6,-63.39,5.314,0.5,0.5,81.87,774,0,6966
2024511,1,1,10,1.4,26.03051376,119.19311523,37.1,26.03056145,119.19311523,44.18,12.944,-4.241,12.479,0.0,0.0,0.0,2.89,-1.59,-63.36,5.314,0.5,0.5,81.87,774,0,6966
2024713,1,1,11,1.4,26.03051376,119.19311523,37.1,26.03056145,119.19311523,44.18,12.944,-4.243,12.478,0.0,0.0,-0.0,2.89,-1.57,-63.33,5.314,0.5,0.5,81.87,775,0,6970
2024919,1,1,11,1.4,26.03051376,119.19311523,37.1,26.03056145,119.19311523,44.18,12.944,-4.242,12.479,-0.0,0.0,0.0,2.87,-1.56,-63.36,5.314,0.5,0.5,81.87,775,0,6973
2025129,1,1,11,1.4,26.03051376,119.19311523,37.1,26.03056145,119.19311523,44.18,12.944,-4.241,12.479,0.0,0.0,-0.0,2.9,-1.55,-63.32,5.314,0.5,0.5,81.87,775,0,6975
2025336,1,1,11,1.4,26.03051376,119.19311523,37.1,26.03056145,119.19311523,44.18,12.944,-4.241,12.479,-0.0,-0.0,-0.0,2.9,-1.55,-63.34,5.314,0.5,0.5,83.5,775,0,6975
2025552,1,1,11,1.4,26.03050613,119.19311523,37.1,26.03056145,119.19311523,44.18,12.944,-4.241,12.479,0.0,0.0,0.0,2.9,-1.52,-63.31,5.314,0.5,0.5,83.5,775,0,6976
2025760,1,1,11,1.4,26.03050613,119.19311523,37.2,26.03056145,119.19311523,44.18,12.944,-4.244,12.478,-0.0,-0.0,-0.0,2.88,-1.52,-63.31,6.163,0.5,0.5,83.5,776,0,6979
2025970,1,1,11,1.4,26.03050613,119.19311523,37.2,26.03056145,119.19311523,44.18,12.944,-4.242,12.479,0.0,-0.0,0.0,2.89,-1.52,-63.3,6.163,0.5,0.5,83.5,776,0,6982
2026173,1,1,11,1.4,26.03050613,119.19311523,37.2,26.03056145,119.19311523,44.18,12.944,-4.241,12.479,-0.0,0.0,0.0,2.88,-1.51,-63.3,6.163,0.5,0.5,83.5,776,0,6984
2026376,1,1,11,1.4,26.03050613,119.19311523,37.2,26.03056145,119.19311523,44.18,12.944,-4.241,12.479,0.0,-0.0,-0.0,2.87,-1.53,-63.33,6.163,0.5,0.5,80.85,776,0,6984
2026581,1,1,11,1.4,26.03050613,119.19311523,37.2,26.03056145,119.19311523,44.18,12.944,-4.241,12.479,-0.0,0.0,-0.0,2.87,-1.52,-63.35,6.163,0.5,0.5,80.85,776,0,6986
2026786,1,1,11,1.4,26.03050613,119.19311523,37.1,26.03056145,119.19311523,44.18,12.944,-4.244,12.478,0.0,-0.0,0.0,2.88,-1.52,-63.35,6.163,0.5,0.5,80.85,777,0,6989
2026994,1,1,11,1.4,26.03050613,119.19311523,37.1,26.03056145,119.19311523,44.18,12.944,-4.242,12.479,-0.0,0.0,-0.0,2.86,-1.52,-63.35,6.163,0.5,0.5,80.85,777,0,6992
2027199,1,1,11,1.4,26.03050613,119.19311523,37.1,26.03056145,119.19311523,44.18,12.944,-4.241,12.479,-0.0,-0.0,0.001,2.87,-1.52,-63.33,6.163,0.5,0.5,80.85,777,0,6993
2027401,1,1,11,1.4,26.03050613,119.19311523,37.1,26.03056145,119.19311523,44.18,12.944,-4.241,12.479,-0.0,-0.0,0.0,2.87,-1.53,-63.33,6.163,0.5,0.5,82.93,777,0,6993
2027619,1,1,11,1.4,26.03050613,119.19311523,37.1,26.03056145,119.19311523,44.18,12.944,-4.241,12.479,0.0,-0.0,-0.0,2.86,-1.53,-63.35,6.163,0.5,0.5,82.93,777,0,6995
2027829,1,1,10,1.4,26.03050613,119.19311523,37.2,26.03056145,119.19311523,44.18,12.944,-4.243,12.478,-0.0,-0.0,-0.0,2.83,-1.53,-63.36,6.163,0.5,0.5,82.93,778,0,6998
2028036,1,1,10,1.4,26.03050613,119.19311523,37.2,26.03056145,119.19311523,44.18,12.944,-4.242,12.479,-0.0,0.0,-0.0,2.83,-1.51,-63.36,6.163,0.5,0.5,82.93,778,0,7002
2028241,1,1,10,1.4,26.03050613,119.19311523,37.2,26.03056145,119.19311523,44.18,12.944,-4.241,12.479,0.0,-0.0,0.0,2.82,-1.53,-63.34,6.163,0.5,0.5,82.93,778,0,7002
2028446,1,1,10,1.4,26.03050613,119.19311523,37.2,26.03056145,119.19311523,44.18,12.944,-4.241,12.479,0.0,-0.0,0.0,2.84,-1.55,-63.32,6.163,0.5,0.5,87.04,778,0,7002
2028662,1,1,10,1.4,26.03050613,119.19311523,37.4,26.03056145,119.19311523,44.18,12.944,-4.245,12.478,-0.0,-0.0,-0.0,2.83,-1.56,-63.31,6.163,0.5,0.5,87.04,779,0,7005
2028871,1,1,10,1.4,26.03050613,119.19311523,37.4,26.03056145,119.19311523,44.18,12.944,-4.243,12.478,0.0,0.0,-0.0,2.83,-1.59,-63.33,6.163,0.5,0.5,87.04,779,0,7008
2029076,1,1,10,1.4,26.03050613,119.19311523,37.4,26.03056145,119.19311523,44.18,12.944,-4.242,12.479,0.0,0.0,-0.0,2.82,-1.57,-63.35,6.163,0.5,0.5,87.04,779,0,7011
2029280,1,1,10,1.4,26.03050613,119.19311523,37.4,26.03056145,119.19311523,44.18,12.944,-4.241,12.479,-0.0,0.0,0.0,2.8,-1.55,-63.36,6.163,0.5,0.5,87.04,779,0,7011
2029494,1,1,10,1.4,26.03050613,119.19311523,37.4,26.03056145,119.19311523,44.18,12.944,-4.241,12.479,-0.0,0.0,0.001,2.8,-1.53,-63.36,6.163,0.5,0.5,80.92,779,0,7011
2029701,1,1,10,1.4,26.03050613,119.19311523,37.4,26.03056145,119.19311523,44.18,12.944,-4.244,12.478,-0.0,-0.0,-0.0,2.79,-1.53,-63.35,6.163,0.5,0.5,80.92,780,0,7015
2029905,1,1,10,1.4,26.03050613,119.19311523,37.4,26.03056145,119.19311523,44.18,12.944,-4.242,12.479,-0.0,0.0,-0.0,2.79,-1.54,-63.37,6.163,0.5,0.5,80.92,780,0,7017
2030108,1,1,10,1.4,26.03050613,119.19311523,37.4,26.03056145,119.19311523,44.18,12.944,-4.241,12.479,-0.0,0.0,-0.0,2.78,-1.53,-63.36,6.163,0.5,0.5,80.92,780,0,7020
2030315,1,1,10,1.4,26.03050613,119.19311523,37.4,26.03056145,119.19311523,44.18,12.944,-4.241,12.479,0.0,0.0,0.0,2.8,-1.52,-63.35,6.163,0.5,0.5,83.17,780,0,7020
2030515,1,1,10,1.4,26.03050613,119.19311523,37.4,26.03056145,119.19311523,44.18,12.944,-4.241,12.479,0.0,-0.0,-0.0,2.82,-1.54,-63.36,6.163,0.5,0.5,83.17,780,0,7020
2030725,1,1,10,1.4,26.03050613,119.19311523,37.7,26.03056145,119.19311523,44.18,12.944,-4.244,12.478,-0.0,0.0,-0.0,2.82,-1.55,-63.36,6.163,0.5,0.5,83.17,781,0,7024
2030931,1,1,10,1.4,26.03050613,119.19311523,37.7,26.03056145,119.19311523,44.18,12.944,-4.242,12.479,-0.0,0.0,-0.001,2.83,-1.54,-63.37,6.163,0.5,0.5,83.17,781,0,7027
2031148,1,1,10,1.4,26.03050613,119.19311523,37.7,26.03056145,119.19311523,44.18,12.944,-4.241,12.479,0.0,-0.0,-0.0,2.83,-1.55,-63.39,6.163,0.5,0.5,83.17,781,0,7029
2031351,1,1,10,1.4,26.03050613,119.19311523,37.7,26.03056145,119.19311523,44.18,12.944,-4.241,12.479,0.0,-0.0,-0.0,2.84,-1.55,-63.39,6.163,0.5,0.5,83.01,781,0,7029
2031557,1,1,10,1.4,26.03050613,119.19311523,37.7,26.03056145,119.19311523,44.18,12.944,-4.241,12.479,0.0,0.0,0.0,2.84,-1.54,-63.38,6.163,0.5,0.5,83.01,781,0,7030
2031763,1,1,10,1.4,26.03050613,119.19311523,37.7,26.03056145,119.19311523,44.18,12.944,-4.244,12.478,0.0,-0.0,0.0,2.83,-1.55,-63.39,6.163,0.5,0.5,83.01,782,0,7033
2031970,1,1,10,1.4,26.03050613,119.19311523,37.7,26.03056145,119.19311523,44.18,12.944,-4.242,12.479,0.0,-0.0,0.0,2.84,-1.57,-63.38,6.163,0.5,0.5,83.01,782,0,7036
2032180,1,1,10,1.4,26.03050613,119.19311523,37.7,26.03056145,119.19311523,44.18,12.944,-4.241,12.479,-0.0,0.0,0.0,2.83,-1.55,-63.38,6.163,0.5,0.5,83.01,782,0,7038
2032386,1,1,10,1.4,26.03050613,119.19311523,37.7,26.03056145,119.19311523,44.18,12.944,-4.241,12.479,0.0,-0.0,0.001,2.82,-1.55,-63.37,6.163,0.5,0.5,83.09,782,0,7038
2032601,1,1,10,1.4,26.03050613,119.19311523,37.7,26.03056145,119.19311523,44.18,12.944,-4.241,12.479,0.0,0.0,-0.0,2.83,-1.55,-63.35,6.163,0.5,0.5,83.09,782,0,7040
2032806,1,1,10,1.4,26.03050613,119.19311523,37.8,26.03056145,119.19311523,44.18,12.944,-4.243,12.478,-0.0,-0.0,-0.0,2.82,-1.57,-63.38,6.163,0.5,0.5,83.09,783,0,7043
2033008,1,1,10,1.4,26.03050613,119.19311523,37.8,26.03056145,119.19311523,44.18,12.944,-4.242,12.479,-0.0,0.0,-0.0,2.8,-1.56,-63.39,6.163,0.5,0.5,83.09,783,0,7046
2033215,1,1,10,1.4,26.03050613,119.19311523,37.8,26.03056145,119.19311523,44.18,12.944,-4.241,12.479,-0.0,0.001,-0.001,2.81,-1.52,-63.37,6.163,0.5,0.5,83.09,783,0,7047
2033421,1,1,10,1.4,26.03050613,119.19311523,37.8,26.03056145,119.19311523,44.18,12.944,-4.241,12.479,0.0,0.0,0.0,2.82,-1.52,-63.39,6.163,0.5,0.5,81.16,783,0,7047
2033629,1,1,10,1.4,26.03051376,119.19311523,37.8,26.03056145,119.19311523,44.18,12.944,-4.241,12.479,-0.0,0.001,-0.001,2.8,-1.5,-63.38,6.163,0.5,0.5,81.16,783,0,7049
2033837,1,1,10,1.4,26.03051376,119.19311523,38.0,26.03056145,119.19311523,44.18,12.944,-4.242,12.479,-0.0,-0.0,-0.0,2.8,-1.49,-63.35,5.314,0.5,0.5,81.16,784,0,7052
2034052,1,1,10,1.4,26.03051376,119.19311523,38.0,26.03056145,119.19311523,44.18,12.944,-4.242,12.479,-0.0,-0.0,-0.0,2.79,-1.49,-63.32,5.314,0.5,0.5,81.16,784,0,7056
2034255,1,1,10,1.4,26.03051376,119.19311523,38.0,26.03056145,119.19311523,44.18,12.944,-4.241,12.479,0.0,-0.0,0.0,2.79,-1.5,-63.34,5.314,0.5,0.5,81.16,784,0,7056
2034461,1,1,10,1.4,26.03051376,119.19311523,38.0,26.03056145,119.19311523,44.18,12.944,-4.241,12.479,-0.0,0.0,-0.0,2.77,-1.5,-63.34,5.314,0.5,0.5,87.0,784,0,7056
2034669,1,1,12,0.96,26.03052139,119.19309998,38.4,26.03056145,119.19311523,44.18,12.942,-4.247,12.478,0.0,0.0,-0.0,2.78,-1.51,-63.35,4.709,0.5,0.5,87.0,785,0,7059
2034879,1,1,12,0.96,26.03052139,119.19309998,38.4,26.03056145,119.19311523,44.18,12.943,-4.244,12.479,0.0,0.0,-0.0,2.79,-1.51,-63.37,4.709,0.5,0.5,87.0,785,0,7062
2035086,1,1,12,0.96,26.03052139,119.19309998,38.4,26.03056145,119.19311523,44.18,12.944,-4.242,12.479,-0.0,-0.0,-0.0,2.79,-1.54,-63.39,4.709,0.5,0.5,87.0,785,0,7065
2035291,1,1,12,0.96,26.03052139,119.19309998,38.4,26.03056145,119.19311523,44.18,12.944,-4.241,12.479,-0.0,-0.0,-0.0,2.77,-1.54,-63.4,4.709,0.5,0.5,87.0,785,0,7065
2035498,1,1,12,0.96,26.03052139,119.19309998,38.4,26.03056145,119.19311523,44.18,12.944,-4.241,12.479,0.0,-0.0,0.0,2.76,-1.55,-63.44,4.709,0.5,0.5,80.84,785,0,7065
2035713,1,1,12,0.96,26.03052902,119.19308472,38.9,26.03056145,119.19311523,44.18,12.941,-4.244,12.478,-0.0,0.0,0.0,2.75,-1.55,-63.44,4.712,0.5,0.5,80.84,786,0,7069
2035920,1,1,12,0.96,26.03052902,119.19308472,38.9,26.03056145,119.19311523,44.18,12.943,-4.242,12.479,0.0,0.0,-0.0,2.74,-1.55,-63.45,4.712,0.5,0.5,80.84,786,0,7072
2036138,1,1,12,0.96,26.03052902,119.19308472,38.9,26.03056145,119.19311523,44.18,12.944,-4.242,12.479,-0.0,0.0,-0.0,2.73,-1.54,-63.48,4.712,0.5,0.5,80.84,786,0,7074
2036341,1,1,12,0.96,26.03052902,119.19308472,38.9,26.03056145,119.19311523,44.18,12.944,-4.241,12.479,-0.0,0.0,0.0,2.75,-1.51,-63.47,4.712,0.5,0.5,80.84,786,0,7074
2036544,1,1,12,0.96,26.03053474,119.19308472,38.9,26.03056145,119.19311523,44.18,12.944,-4.241,12.479,-0.0,0.0,-0.0,2.75,-1.5,-63.47,4.712,0.5,0.5,84.23,786,0,7075
2036759,1,1,12,0.96,26.03053474,119.19308472,39.4,26.03056145,119.19311523,44.18,12.941,-4.244,12.478,0.0,0.0,0.0,2.73,-1.49,-63.46,4.244,0.5,0.5,84.23,787,0,7078
2036966,1,1,12,0.96,26.03053474,119.19308472,39.4,26.03056145,119.19311523,44.18,12.943,-4.242,12.479,0.0,0.0,-0.0,2.73,-1.5,-63.47,4.244,0.5,0.5,84.23,787,0,7081
2037171,1,1,12,0.96,26.03053474,119.19308472,39.4,26.03056145,119.19311523,44.18,12.944,-4.241,12.479,-0.0,0.0,0.0,2.73,-1.49,-63.47,4.244,0.5,0.5,84.23,787,0,7083
2037376,1,1,12,0.96,26.03053474,119.19308472,39.4,26.03056145,119.19311523,44.18,12.944,-4.241,12.479,0.0,-0.0,0.0,2.73,-1.52,-63.49,4.244,0.5,0.5,84.23,787,0,7083
2037580,1,1,12,0.96,26.03054237,119.19308472,39.4,26.03056145,119.19311523,44.18,12.944,-4.241,12.479,0.0,-0.0,-0.0,2.75,-1.54,-63.48,4.244,0.5,0.5,82.6,787,0,7085
2037786,1,1,12,0.82,26.03054237,119.19308472,39.8,26.03056145,119.19311523,44.18,12.942,-4.242,12.479,0.0,-0.0,-0.0,2.76,-1.56,-63.48,3.697,0.5,0.5,82.6,788,0,7088
2037988,1,1,12,0.82,26.03054237,119.19308472,39.8,26.03056145,119.19311523,44.18,12.943,-4.242,12.479,0.0,-0.0,0.0,2.76,-1.57,-63.47,3.697,0.5,0.5,82.6,788,0,7091
2038192,1,1,12,0.82,26.03054237,119.19308472,39.8,26.03056145,119.19311523,44.18,12.944,-4.241,12.479,0.0,-0.0,-0.0,2.77,-1.58,-63.47,3.697,0.5,0.5,82.6,788,0,7092
2038401,1,1,12,0.82,26.03054237,119.19308472,39.8,26.03056145,119.19311523,44.18,12.944,-4.241,12.479,-0.0,-0.0,0.0,2.75,-1.55,-63.47,3.697,0.5,0.5,82.6,788,0,7092
2038611,1,1,12,0.82,26.03055,119.19308472,39.8,26.03056145,119.19311523,44.18,12.944,-4.241,12.479,-0.0,0.0,0.0,2.76,-1.53,-63.46,3.697,0.5,0.5,81.32,788,0,7094
2038829,1,1,12,0.82,26.03055,119.19308472,40.3,26.03056145,119.19311523,44.18,12.942,-4.242,12.479,0.0,0.0,0.0,2.76,-1.53,-63.48,3.283,0.5,0.5,81.32,789,0,7097
2039030,1,1,12,0.82,26.03055,119.19308472,40.3,26.03056145,119.19311523,44.18,12.943,-4.241,12.479,0.0,-0.0,-0.0,2.78,-1.54,-63.47,3.283,0.5,0.5,81.32,789,0,7100
2039230,1,1,12,0.82,26.03055,119.19308472,40.3,26.03056145,119.19311523,44.18,12.944,-4.241,12.479,-0.0,0.0,-0.0,2.78,-1.52,-63.45,3.283,0.5,0.5,81.32,789,0,7101
2039431,1,1,12,0.82,26.03055,119.19308472,40.3,26.03056145,119.19311523,44.18,12.944,-4.241,12.479,-0.0,-0.0,0.0,2.76,-1.52,-63.42,3.283,0.5,0.5,81.32,789,0,7101
2039640,1,1,12,0.82,26.03055763,119.19308472,40.7,26.03056145,119.19311523,44.18,12.939,-4.242,12.478,0.0,-0.0,0.0,2.75,-1.52,-63.42,3.054,0.5,0.5,84.15,790,0,7104
2039845,1,1,12,0.82,26.03055763,119.19308472,40.7,26.03056145,119.19311523,44.18,12.942,-4.241,12.479,-0.0,0.0,0.0,2.75,-1.53,-63.42,3.054,0.5,0.5,84.15,790,0,7106
2040049,1,1,12,0.82,26.03055763,119.19308472,40.7,26.03056145,119.19311523,44.18,12.943,-4.241,12.479,-0.0,-0.0,0.0,2.75,-1.53,-63.41,3.054,0.5,0.5,84.15,790,0,7110
2040255,1,1,12,0.82,26.03055763,119.19308472,40.7,26.03056145,119.19311523,44.18,12.944,-4.241,12.479,-0.0,-0.0,-0.0,2.73,-1.54,-63.4,3.054,0.5,0.5,84.15,790,0,7110
2040455,1,1,12,0.82,26.03055763,119.19308472,40.7,26.03056145,119.19311523,44.18,12.944,-4.241,12.479,-0.0,-0.0,-0.0,2.73,-1.56,-63.4,3.054,0.5,0.5,84.15,790,0,7110
2040670,1,1,12,0.82,26.03056145,119.19308472,41.1,26.03056145,119.19311523,44.18,12.939,-4.241,12.478,-0.0,-0.0,-0.0,2.73,-1.57,-63.38,3.023,0.5,0.5,81.42,791,0,7113
2040874,1,1,12,0.82,26.03056145,119.19308472,41.1,26.03056145,119.19311523,44.18,12.942,-4.241,12.479,-0.0,0.0,-0.0,2.73,-1.56,-63.4,3.023,0.5,0.5,81.42,791,0,7116
2041084,1,1,12,0.82,26.03056145,119.19308472,41.1,26.03056145,119.19311523,44.18,12.943,-4.241,12.479,0.0,-0.0,0.0,2.74,-1.56,-63.4,3.023,0.5,0.5,81.42,791,0,7119
2041285,1,1,12,0.82,26.03056145,119.19308472,41.1,26.03056145,119.19311523,44.18,12.944,-4.241,12.479,0.0,-0.0,-0.0,2.76,-1.56,-63.38,3.023,0.5,0.5,81.42,791,0,7119
2041498,1,1,12,0.82,26.03056145,119.19308472,41.1,26.03056145,119.19311523,44.18,12.944,-4.241,12.479,-0.0,-0.0,0.0,2.74,-1.55,-63.34,3.023,0.5,0.5,81.42,791,0,7119
2041707,1,1,12,0.82,26.03056717,119.19306946,41.5,26.03056145,119.19311523,44.18,12.939,-4.24,12.479,0.0,-0.0,-0.0,2.73,-1.54,-63.34,4.593,0.5,0.5,81.87,792,0,7123
2041915,1,1,12,0.82,26.03056717,119.19306946,41.5,26.03056145,119.19311523,44.18,12.942,-4.241,12.479,-0.0,0.0,0.0,2.74,-1.55,-63.37,4.593,0.5,0.5,81.87,792,0,7125
2042129,1,1,12,0.82,26.03056717,119.19306946,41.5,26.03056145,119.19311523,44.18,12.943,-4.241,12.479,-0.0,-0.0,0.0,2.73,-1.57,-63.38,4.593,0.5,0.5,81.87,792,0,7128
2042336,1,1,12,0.82,26.03056717,119.19306946,41.5,26.03056145,119.19311523,44.18,12.944,-4.241,12.479,0.0,0.0,-0.0,2.73,-1.57,-63.37,4.593,0.5,0.5,81.87,792,0,7128
2042550,1,1,12,0.82,26.0305748,119.19306946,41.5,26.03056145,119.19311523,44.18,12.944,-4.241,12.479,0.0,0.0,0.0,2.72,-1.57,-63.36,4.593,0.5,0.5,81.87,792,0,7129
2042761,1,1,12,0.82,26.0305748,119.19306946,41.8,26.03056145,119.19311523,44.18,12.939,-4.24,12.479,-0.0,-0.0,-0.0,2.71,-1.55,-63.36,4.784,0.5,0.5,85.49,793,0,7132
2042970,1,1,12,0.82,26.0305748,119.19306946,41.8,26.03056145,119.19311523,44.18,12.942,-4.24,12.479,0.0,-0.0,-0.0,2.72,-1.55,-63.36,4.784,0.5,0.5,85.49,793,0,7135
2043174,1,1,12,0.82,26.0305748,119.19306946,41.8,26.03056145,119.19311523,44.18,12.943,-4.241,12.479,-0.0,0.0,-0.0,2.7,-1.54,-63.38,4.784,0.5,0.5,85.49,793,0,7137
2043376,1,1,12,0.82,26.0305748,119.19306946,41.8,26.03056145,119.19311523,44.18,12.944,-4.241,12.479,0.0,-0.0,0.001,2.73,-1.55,-63.36,4.784,0.5,0.5,85.49,793,0,7137
2043585,1,1,12,0.82,26.03058243,119.19306946,41.8,26.03056145,119.19311523,44.18,12.944,-4.241,12.479,-0.0,0.0,0.0,2.72,-1.54,-63.37,4.784,0.5,0.5,85.49,793,0,7139
2043792,1,1,12,0.82,26.03058243,119.19306946,42.2,26.03056145,119.19311523,44.18,12.941,-4.24,12.479,-0.0,0.0,0.0,2.72,-1.53,-63.39,5.111,0.5,0.5,78.53,794,0,7142
2043994,1,1,12,0.82,26.03058243,119.19306946,42.2,26.03056145,119.19311523,44.18,12.943,-4.24,12.479,0.0,0.0,-0.001,2.71,-1.52,-63.41,5.111,0.5,0.5,78.53,794,0,7145
2044197,1,1,12,0.82,26.03058243,119.19306946,42.2,26.03056145,119.19311523,44.18,12.944,-4.241,12.479,-0.0,-0.0,-0.0,2.71,-1.52,-63.41,5.111,0.5,0.5,78.53,794,0,7146
2044401,1,1,12,0.82,26.03058243,119.19306946,42.2,26.03056145,119.19311523,44.18,12.944,-4.241,12.479,-0.0,-0.0,-0.0,2.7,-1.51,-63.41,5.111,0.5,0.5,78.53,794,0,7146
2044612,1,1,12,0.82,26.03058624,119.19306946,42.2,26.03056145,119.19311523,44.18,12.944,-4.241,12.479,-0.0,0.0,-0.0,2.7,-1.52,-63.42,5.111,0.5,0.5,81.84,794,0,7148
2044821,1,1,12,0.82,26.03058624,119.19306946,42.6,26.03056145,119.19311523,44.18,12.941,-4.239,12.479,0.0,-0.0,-0.0,2.72,-1.53,-63.42,5.318,0.5,0.5,81.84,795,0,7151
2045023,1,1,12,0.82,26.03058624,119.19306946,42.6,26.03056145,119.19311523,44.18,12.943,-4.24,12.479,-0.0,0.0,-0.0,2.7,-1.52,-63.43,5.318,0.5,0.5,81.84,795,0,7154
2045224,1,1,12,0.82,26.03058624,119.19306946,42.6,26.03056145,119.19311523,44.18,12.944,-4.241,12.479,-0.0,-0.0,-0.0,2.7,-1.54,-63.47,5.318,0.5,0.5,81.84,795,0,7155
2045426,1,1,12,0.82,26.03058624,119.19306946,42.6,26.03056145,119.19311523,44.18,12.944,-4.241,12.479,0.0,0.0,-0.0,2.71,-1.55,-63.46,5.318,0.5,0.5,81.84,795,0,7155
2045627,1,1,12,0.82,26.03059006,119.19306946,42.6,26.03056145,119.19311523,44.18,12.944,-4.241,12.479,-0.0,0.0,0.0,2.71,-1.53,-63.44,5.318,0.5,0.5,79.8,795,0,7157
2045839,1,1,12,0.74,26.03059006,119.19306946,42.9,26.03056145,119.19311523,44.18,12.941,-4.239,12.479,-0.0,-0.0,0.001,2.7,-1.52,-63.43,5.55,0.5,0.5,79.8,796,0,7160
2046045,1,1,12,0.74,26.03059006,119.19306946,42.9,26.03056145,119.19311523,44.18,12.943,-4.24,12.479,-0.0,-0.0,0.0,2.7,-1.52,-63.41,5.55,0.5,0.5,79.8,796,0,7164
2046252,1,1,12,0.74,26.03059006,119.19306946,42.9,26.03056145,119.19311523,44.18,12.944,-4.241,12.479,0.0,0.0,0.0,2.72,-1.53,-63.42,5.55,0.5,0.5,79.8,796,0,7164
2046461,1,1,12,0.74,26.03059006,119.19306946,42.9,26.03056145,119.19311523,44.18,12.944,-4.241,12.479,0.0,0.0,-0.0,2.73,-1.52,-63.44,5.55,0.5,0.5,79.8,796,0,7164
2046670,1,1,12,0.74,26.03059578,119.19306946,43.2,26.03056145,119.19311523,44.18,12.937,-4.235,12.479,-0.0,-0.0,-0.0,2.71,-1.51,-63.43,5.938,0.5,0.5,85.0,797,0,7167
2046881,1,1,12,0.74,26.03059578,119.19306946,43.2,26.03056145,119.19311523,44.18,12.941,-4.239,12.479,0.0,0.0,-0.0,2.74,-1.51,-63.44,5.938,0.5,0.5,85.0,797,0,7170
2047086,1,1,12,0.74,26.03059578,119.19306946,43.2,26.03056145,119.19311523,44.18,12.943,-4.24,12.479,-0.0,-0.0,0.0,2.74,-1.51,-63.43,5.938,0.5,0.5,85.0,797,0,7173
2047291,1,1,12,0.74,26.03059578,119.19306946,43.2,26.03056145,119.19311523,44.18,12.944,-4.241,12.479,-0.0,0.0,0.0,2.73,-1.49,-63.44,5.938,0.5,0.5,85.0,797,0,7173
2047496,1,1,12,0.74,26.03059578,119.19306946,43.2,26.03056145,119.19311523,44.18,12.944,-4.241,12.479,-0.0,-0.0,0.0,2.72,-1.49,-63.42,5.938,0.5,0.5,85.0,797,0,7173
2047707,1,1,12,0.74,26.03059959,119.19304657,43.5,26.03056145,119.19311523,44.18,12.937,-4.237,12.479,0.0,0.0,0.0,2.73,-1.51,-63.43,8.047,0.5,0.5,80.6,798,0,7177
2047915,1,1,12,0.74,26.03059959,119.19304657,43.5,26.03056145,119.19311523,44.18,12.941,-4.239,12.479,0.0,-0.0,0.0,2.73,-1.53,-63.44,8.047,0.5,0.5,80.6,798,0,7179
2048123,1,1,12,0.74,26.03059959,119.19304657,43.5,26.03056145,119.19311523,44.18,12.943,-4.24,12.479,-0.0,0.0,0.0,2.72,-1.52,-63.44,8.047,0.5,0.5,80.6,798,0,7182
2048325,1,1,12,0.74,26.03059959,119.19304657,43.5,26.03056145,119.19311523,44.18,12.944,-4.241,12.479,0.0,0.0,-0.0,2.73,-1.52,-63.42,8.047,0.5,0.5,80.6,798,0,7182
2048532,1,1,12,0.74,26.03059959,119.19304657,43.5,26.03056145,119.19311523,44.18,12.944,-4.241,12.479,-0.0,0.0,0.0,2.72,-1.51,-63.4,8.047,0.5,0.5,80.6,798,0,7183
2048734,1,1,12,0.74,26.03059959,119.19304657,43.8,26.03056145,119.19311523,44.18,12.937,-4.237,12.479,-0.0,-0.0,0.0,2.71,-1.51,-63.4,8.047,0.5,0.5,80.0,799,0,7186
2048939,1,1,12,0.74,26.03059959,119.19304657,43.8,26.03056145,119.19311523,44.18,12.941,-4.239,12.479,0.0,-0.0,-0.0,2.7,-1.52,-63.42,8.047,0.5,0.5,80.0,799,0,7189
2049149,1,1,12,0.74,26.03059959,119.19304657,43.8,26.03056145,119.19311523,44.18,12.943,-4.24,12.479,0.0,-0.0,-0.001,2.7,-1.52,-63.44,8.047,0.5,0.5,80.0,799,0,7191
2049357,1,1,12,0.74,26.03059959,119.19304657,43.8,26.03056145,119.19311523,44.18,12.944,-4.241,12.479,0.0,0.0,-0.0,2.7,-1.52,-63.47,8.047,0.5,0.5,80.0,799,0,7191
2049578,1,1,12,0.74,26.03060722,119.19304657,43.8,26.03056145,119.19311523,44.18,12.944,-4.241,12.479,0.0,0.0,-0.0,2.71,-1.51,-63.45,8.047,0.5,0.5,80.0,799,0,7193
2049780,1,1,12,0.74,26.03060722,119.19304657,44.0,26.03056145,119.19311523,44.18,12.94,-4.238,12.479,-0.0,-0.0,-0.0,2.69,-1.49,-63.43,8.525,0.5,0.5,85.57,800,0,7196
2049992,1,1,12,0.74,26.03060722,119.19304657,44.0,26.03056145,119.19311523,44.18,12.942,-4.24,12.479,-0.0,0.0,-0.0,2.69,-1.47,-63.43,8.525,0.5,0.5,85.57,800,0,7199
2050193,1,1,12,0.74,26.03060722,119.19304657,44.0,26.03056145,119.19311523,44.18,12.943,-4.241,12.479,-0.0,0.0,-0.0,2.69,-1.46,-63.43,8.525,0.5,0.5,85.57,800,0,7200
2050394,1,1,12,0.74,26.03060722,119.19304657,44.0,26.03056145,119.19311523,44.18,12.944,-4.241,12.479,-0.0,-0.0,-0.0,2.69,-1.46,-63.41,8.525,0.5,0.5,85.57,800,0,7200
2050605,1,1,12,0.74,26.03060722,119.19304657,44.0,26.03056145,119.19311523,44.18,12.944,-4.241,12.479,0.0,-0.0,-0.0,2.68,-1.48,-63.4,8.525,0.5,0.5,85.57,800,0,7202
2050813,1,1,12,0.74,26.03060722,119.19304657,44.3,26.03056145,119.19311523,44.18,12.94,-4.238,12.479,-0.0,-0.0,0.0,2.69,-1.49,-63.4,8.525,0.5,0.5,80.52,801,0,7205
2051014,1,1,12,0.74,26.03060722,119.19304657,44.3,26.03056145,119.19311523,44.18,12.942,-4.24,12.479,0.0,-0.0,0.0,2.7,-1.51,-63.4,8.525,0.5,0.5,80.52,801,0,7208
2051214,1,1,12,0.74,26.03060722,119.19304657,44.3,26.03056145,119.19311523,44.18,12.943,-4.241,12.479,0.0,0.0,0.0,2.69,-1.5,-63.43,8.525,0.5,0.5,80.52,801,0,7209
2051421,1,1,12,0.74,26.03060722,119.19304657,44.3,26.03056145,119.19311523,44.18,12.944,-4.241,12.479,-0.0,0.0,-0.001,2.68,-1.51,-63.43,8.525,0.5,0.5,80.52,801,0,7209
2051634,1,1,12,0.74,26.03060722,119.19304657,44.3,26.03056145,119.19311523,44.18,12.944,-4.241,12.479,-0.0,0.0,-0.0,2.69,-1.5,-63.42,8.525,0.5,0.5,80.52,801,0,7211
2051841,1,1,12,0.74,26.03060722,119.19304657,44.6,26.03056145,119.19311523,44.18,12.94,-4.238,12.479,-0.0,-0.0,-0.0,2.68,-1.49,-63.4,8.525,0.5,0.5,83.17,802,0,7214
2052049,1,1,12,0.74,26.03060722,119.19304657,44.6,26.03056145,119.19311523,44.18,12.942,-4.24,12.479,0.0,-0.0,-0.0,2.68,-1.49,-63.39,8.525,0.5,0.5,83.17,802,0,7218
2052256,1,1,12,0.74,26.03060722,119.19304657,44.6,26.03056145,119.19311523,44.18,12.943,-4.241,12.479,0.0,-0.0,-0.001,2.68,-1.49,-63.38,8.525,0.5,0.5,83.17,802,0,7218
2052461,1,1,12,0.74,26.03060722,119.19304657,44.6,26.03056145,119.19311523,44.18,12.944,-4.241,12.479,-0.0,-0.0,-0.0,2.67,-1.5,-63.4,8.525,0.5,0.5,83.17,802,0,7218
2052669,1,1,12,0.74,26.03061104,119.19304657,44.9,26.03056145,119.19311523,44.18,12.933,-4.232,12.479,-0.0,-0.0,-0.0,2.65,-1.52,-63.42,8.785,0.5,0.5,81.69,803,0,7221
2052871,1,1,12,0.74,26.03061104,119.19304657,44.9,26.03056145,119.19311523,44.18,12.94,-4.238,12.479,-0.0,-0.0,0.0,2.64,-1.51,-63.43,8.785,0.5,0.5,81.69,803,0,7224
2053078,1,1,12,0.74,26.03061104,119.19304657,44.9,26.03056145,119.19311523,44.18,12.942,-4.24,12.479,0.0,-0.0,-0.0,2.65,-1.52,-63.44,8.785,0.5,0.5,81.69,803,0,7227
2053281,1,1,12,0.74,26.03061104,119.19304657,44.9,26.03056145,119.19311523,44.18,12.943,-4.241,12.479,-0.0,-0.0,-0.0,2.64,-1.51,-63.43,8.785,0.5,0.5,81.69,803,0,7227
2053481,1,1,12,0.74,26.03061104,119.19304657,44.9,26.03056145,119.19311523,44.18,12.944,-4.241,12.479,0.0,0.0,-0.0,2.65,-1.52,-63.44,8.785,0.5,0.5,81.69,803,0,7227
2053710,1,1,12,0.74,26.03061485,119.19304657,45.2,26.03056145,119.19311523,44.18,12.937,-4.235,12.479,0.0,-0.0,-0.0,2.64,-1.52,-63.4,9.058,0.5,0.5,83.58,804,0,7231
2053918,1,1,12,0.74,26.03061485,119.19304657,45.2,26.03056145,119.19311523,44.18,12.941,-4.239,12.479,-0.0,-0.0,0.0,2.63,-1.51,-63.39,9.058,0.5,0.5,83.58,804,0,7234
2054131,1,1,12,0.74,26.03061485,119.19304657,45.2,26.03056145,119.19311523,44.18,12.943,-4.24,12.479,0.0,0.0,0.0,2.64,-1.52,-63.4,9.058,0.5,0.5,83.58,804,0,7236
2054331,1,1,12,0.74,26.03061485,119.19304657,45.2,26.03056145,119.19311523,44.18,12.944,-4.241,12.479,0.0,-0.0,0.0,2.66,-1.51,-63.39,9.058,0.5,0.5,83.58,804,0,7236
2054543,1,1,12,0.74,26.03061867,119.19304657,45.2,26.03056145,119.19311523,44.18,12.944,-4.241,12.479,-0.0,-0.001,-0.0,2.64,-1.54,-63.41,9.058,0.5,0.5,83.58,804,0,7237
2054757,1,1,12,0.74,26.03061867,119.19304657,45.5,26.03056145,119.19311523,44.18,12.937,-4.235,12.479,0.0,0.0,-0.0,2.66,-1.55,-63.4,9.342,0.5,0.5,82.83,805,0,7240
2054967,1,1,12,0.74,26.03061867,119.19304657,45.5,26.03056145,119.19311523,44.18,12.941,-4.239,12.479,0.0,0.0,-0.001,2.66,-1.54,-63.41,9.342,0.5,0.5,82.83,805,0,7243
2055167,1,1,12,0.74,26.03061867,119.19304657,45.5,26.03056145,119.19311523,44.18,12.943,-4.24,12.479,0.0,-0.0,-0.0,2.66,-1.55,-63.42,9.342,0.5,0.5,82.83,805,0,7245
2055371,1,1,12,0.74,26.03061867,119.19304657,45.5,26.03056145,119.19311523,44.18,12.944,-4.241,12.479,0.0,0.0,-0.0,2.67,-1.55,-63.44,9.342,0.5,0.5,82.83,805,0,7245
2055582,1,1,12,0.74,26.03061867,119.19304657,45.5,26.03056145,119.19311523,44.18,12.944,-4.241,12.479,-0.0,-0.0,-0.0,2.67,-1.53,-63.43,9.342,0.5,0.5,82.83,805,0,7247
2055786,1,1,12,0.74,26.03061867,119.19304657,45.9,26.03056145,119.19311523,44.18,12.937,-4.235,12.479,0.0,-0.0,-0.0,2.67,-1.54,-63.45,9.342,0.5,0.5,81.61,806,0,7250
2055989,1,1,12,0.74,26.03061867,119.19304657,45.9,26.03056145,119.19311523,44.18,12.941,-4.239,12.479,-0.0,-0.0,-0.0,2.64,-1.55,-63.47,9.342,0.5,0.5,81.61,806,0,7253
2056189,1,1,12,0.74,26.03061867,119.19304657,45.9,26.03056145,119.19311523,44.18,12.943,-4.24,12.479,-0.0,0.0,0.0,2.65,-1.54,-63.45,9.342,0.5,0.5,81.61,806,0,7254
2056391,1,1,12,0.74,26.03061867,119.19304657,45.9,26.03056145,119.19311523,44.18,12.944,-4.241,12.479,-0.0,-0.0,0.001,2.65,-1.53,-63.44,9.342,0.5,0.5,81.61,806,0,7254
2056591,1,1,12,0.74,26.03062248,119.19304657,45.9,26.03056145,119.19311523,44.18,12.944,-4.241,12.479,0.0,-0.0,-0.0,2.67,-1.52,-63.42,9.342,0.5,0.5,81.61,806,0,7256
2056809,1,1,12,0.74,26.03062248,119.19304657,46.1,26.03056145,119.19311523,44.18,12.94,-4.237,12.479,-0.0,-0.0,0.0,2.66,-1.53,-63.42,9.636,0.5,0.5,83.09,807,0,7259
2057012,1,1,12,0.74,26.03062248,119.19304657,46.1,26.03056145,119.19311523,44.18,12.942,-4.239,12.479,-0.0,-0.0,0.0,2.66,-1.51,-63.42,9.636,0.5,0.5,83.09,807,0,7262
2057220,1,1,12,0.74,26.03062248,119.19304657,46.1,26.03056145,119.19311523,44.18,12.943,-4.24,12.479,-0.0,0.001,-0.0,2.67,-1.51,-63.43,9.636,0.5,0.5,83.09,807,0,7263
2057421,1,1,12,0.74,26.03062248,119.19304657,46.1,26.03056145,119.19311523,44.18,12.944,-4.241,12.479,-0.0,0.0,0.0,2.67,-1.5,-63.41,9.636,0.5,0.5,83.09,807,0,7263
2057633,1,1,12,0.74,26.0306282,119.19304657,46.1,26.03056145,119.19311523,44.18,12.944,-4.241,12.479,0.0,-0.0,0.0,2.68,-1.5,-63.4,9.636,0.5,0.5,83.09,807,0,7265
2057842,1,1,12,0.74,26.0306282,119.19304657,46.5,26.03056145,119.19311523,44.18,12.94,-4.236,12.479,0.0,0.0,-0.001,2.67,-1.5,-63.4,10.095,0.5,0.5,82.35,808,0,7268
2058056,1,1,12,0.74,26.0306282,119.19304657,46.5,26.03056145,119.19311523,44.18,12.942,-4.239,12.479,0.0,0.0,-0.001,2.67,-1.51,-63.4,10.095,0.5,0.5,82.35,808,0,7272
2058261,1,1,12,0.74,26.0306282,119.19304657,46.5,26.03056145,119.19311523,44.18,12.943,-4.24,12.479,-0.0,0.0,-0.0,2.67,-1.5,-63.4,10.095,0.5,0.5,82.35,808,0,7272
2058465,1,1,12,0.74,26.0306282,119.19304657,46.5,26.03056145,119.19311523,44.18,12.944,-4.241,12.479,-0.0,0.0,0.0,2.66,-1.49,-63.39,10.095,0.5,0.5,82.35,808,0,7272
2058703,1,1,12,0.74,26.0306282,119.19304657,46.8,26.03056145,119.19311523,44.18,12.937,-4.234,12.479,0.0,-0.001,0.0,2.64,-1.5,-63.41,10.095,0.5,0.5,82.35,809,0,7275
2058904,1,1,12,0.74,26.0306282,119.19304657,46.8,26.03056145,119.19311523,44.18,12.941,-4.238,12.479,0.0,0.0,-0.0,2.66,-1.48,-63.39,10.095,0.5,0.5,83.0,809,0,7278
2059104,1,1,12,0.74,26.0306282,119.19304657,46.8,26.03056145,119.19311523,44.18,12.943,-4.24,12.479,-0.0,0.0,-0.0,2.65,-1.47,-63.39,10.095,0.5,0.5,83.0,809,0,7281
2059305,1,1,12,0.74,26.0306282,119.19304657,46.8,26.03056145,119.19311523,44.18,12.944,-4.241,12.479,0.0,-0.0,0.001,2.66,-1.5,-63.42,10.095,0.5,0.5,83.0,809,0,7281
2059510,1,1,12,0.74,26.0306282,119.19304657,46.8,26.03056145,119.19311523,44.18,12.944,-4.241,12.479,-0.0,0.0,0.0,2.65,-1.5,-63.41,10.095,0.5,0.5,83.0,809,0,7281
2059716,1,1,12,0.78,26.03063583,119.19304657,47.0,26.03056145,119.19311523,44.18,12.937,-4.233,12.479,0.0,-0.0,-0.0,2.67,-1.52,-63.41,10.735,0.5,0.5,83.0,810,0,7285
2059927,1,1,12,0.78,26.03063583,119.19304657,47.0,26.03056145,119.19311523,44.18,12.941,-4.238,12.479,-0.0,0.0,0.0,2.67,-1.52,-63.42,10.735,0.5,0.5,80.68,810,0,7288
2060131,1,1,12,0.78,26.03063583,119.19304657,47.0,26.03056145,119.19311523,44.18,12.943,-4.24,12.479,0.0,0.0,-0.0,2.68,-1.52,-63.43,10.735,0.5,0.5,80.68,810,0,7290
2060335,1,1,12,0.78,26.03063583,119.19304657,47.0,26.03056145,119.19311523,44.18,12.944,-4.241,12.479,-0.0,0.0,-0.0,2.67,-1.51,-63.44,10.735,0.5,0.5,80.68,810,0,7290
2060538,1,1,12,0.78,26.03063583,119.19304657,47.0,26.03056145,119.19311523,44.18,12.944,-4.241,12.479,-0.0,-0.0,0.0,2.65,-1.51,-63.43,10.735,0.5,0.5,80.68,810,0,7291
2060747,1,1,12,0.78,26.03063583,119.19304657,47.4,26.03056145,119.19311523,44.18,12.937,-4.233,12.479,0.0,-0.0,0.0,2.68,-1.52,-63.4,10.735,0.5,0.5,82.42,811,0,7294
2060951,1,1,12,0.78,26.03063583,119.19304657,47.4,26.03056145,119.19311523,44.18,12.941,-4.238,12.479,-0.0,-0.0,0.0,2.66,-1.51,-63.39,10.735,0.5,0.5,82.42,811,0,7297
2061154,1,1,12,0.78,26.03063583,119.19304657,47.4,26.03056145,119.19311523,44.18,12.943,-4.24,12.479,0.0,-0.0,0.0,2.68,-1.53,-63.39,10.735,0.5,0.5,82.42,811,0,7299
2061356,1,1,12,0.78,26.03063583,119.19304657,47.4,26.03056145,119.19311523,44.18,12.944,-4.241,12.479,-0.0,-0.0,-0.0,2.66,-1.55,-63.39,10.735,0.5,0.5,82.42,811,0,7299
2061567,1,1,12,0.78,26.03063965,119.19303131,47.4,26.03056145,119.19311523,44.18,12.944,-4.241,12.479,0.0,0.0,0.0,2.67,-1.52,-63.36,10.735,0.5,0.5,82.42,811,0,7301
2061770,1,1,11,0.78,26.03063965,119.19303131,47.8,26.03056145,119.19311523,44.18,12.936,-4.232,12.479,-0.0,0.0,0.0,2.63,-1.52,-63.39,12.069,0.5,0.5,79.21,812,0,7303
2061970,1,1,11,0.78,26.03063965,119.19303131,47.8,26.03056145,119.19311523,44.18,12.941,-4.238,12.479,-0.0,-0.0,-0.0,2.61,-1.53,-63.39,12.069,0.5,0.5,79.21,812,0,7306
2062175,1,1,11,0.78,26.03063965,119.19303131,47.8,26.03056145,119.19311523,44.18,12.943,-4.24,12.479,0.0,-0.0,0.0,2.61,-1.53,-63.39,12.069,0.5,0.5,79.21,812,0,7308
2062376,1,1,11,0.78,26.03063965,119.19303131,47.8,26.03056145,119.19311523,44.18,12.944,-4.241,12.479,0.0,0.0,-0.001,2.63,-1.54,-63.41,12.069,0.5,0.5,79.21,812,0,7308
2062587,1,1,11,0.78,26.03064728,119.19304657,47.8,26.03056145,119.19311523,44.18,12.944,-4.241,12.479,0.0,0.0,-0.0,2.63,-1.52,-63.38,12.069,0.5,0.5,79.21,812,0,7310
2062802,1,1,12,0.78,26.03064728,119.19304657,48.3,26.03056145,119.19311523,44.18,12.94,-4.235,12.479,0.0,-0.0,0.0,2.64,-1.53,-63.37,11.745,0.5,0.5,85.74,813,0,7313
2063008,1,1,12,0.78,26.03064728,119.19304657,48.3,26.03056145,119.19311523,44.18,12.942,-4.239,12.479,-0.0,0.0,-0.0,2.64,-1.52,-63.37,11.745,0.5,0.5,85.74,813,0,7316
2063214,1,1,12,0.78,26.03064728,119.19304657,48.3,26.03056145,119.19311523,44.18,12.943,-4.24,12.479,0.0,-0.0,-0.0,2.62,-1.54,-63.36,11.745,0.5,0.5,85.74,813,0,7317
2063415,1,1,12,0.78,26.03064728,119.19304657,48.3,26.03056145,119.19311523,44.18,12.944,-4.241,12.479,-0.0,0.0,0.0,2.61,-1.52,-63.35,11.745,0.5,0.5,85.74,813,0,7317
2063632,1,1,12,0.78,26.03065109,119.19304657,48.3,26.03056145,119.19311523,44.18,12.944,-4.241,12.479,0.0,-0.0,0.001,2.56,-1.49,-63.37,11.745,0.5,0.5,85.74,813,0,7319
2063842,1,1,11,0.79,26.03065109,119.19304657,48.6,26.03056145,119.19311523,44.18,12.94,-4.235,12.479,-0.0,-0.0,-0.001,2.56,-1.45,-63.36,12.093,0.5,0.5,79.84,814,0,7322
2064056,1,1,11,0.79,26.03065109,119.19304657,48.6,26.03056145,119.19311523,44.18,12.942,-4.239,12.479,0.0,0.0,-0.0,2.57,-1.49,-63.33,12.093,0.5,0.5,79.84,814,0,7326
2064261,1,1,11,0.79,26.03065109,119.19304657,48.6,26.03056145,119.19311523,44.18,12.943,-4.24,12.479,0.0,-0.001,-0.0,2.53,-1.58,-63.35,12.093,0.5,0.5,79.84,814,0,7326
2064465,1,1,11,0.79,26.03065109,119.19304657,48.6,26.03056145,119.19311523,44.18,12.944,-4.241,12.479,0.0,0.0,0.0,2.53,-1.56,-63.34,12.093,0.5,0.5,79.84,814,0,7326
2064702,1,1,11,0.79,26.03065681,119.19304657,48.8,26.03056145,119.19311523,44.18,12.937,-4.23,12.479,0.0,0.0,-0.0,2.56,-1.52,-63.31,12.624,0.5,0.5,79.84,815,0,7330
2064905,1,1,11,0.79,26.03065681,119.19304657,48.8,26.03056145,119.19311523,44.18,12.941,-4.237,12.479,0.0,0.0,0.0,2.57,-1.52,-63.32,12.624,0.5,0.5,82.03,815,0,7332
2065108,1,1,11,0.79,26.03065681,119.19304657,48.8,26.03056145,119.19311523,44.18,12.943,-4.239,12.479,-0.0,-0.0,-0.0,2.59,-1.51,-63.33,12.624,0.5,0.5,82.03,815,0,7335
2065312,1,1,11,0.79,26.03065681,119.19304657,48.8,26.03056145,119.19311523,44.18,12.944,-4.24,12.479,-0.0,0.0,-0.0,2.59,-1.48,-63.33,12.624,0.5,0.5,82.03,815,0,7335
2065515,1,1,11,0.79,26.03065681,119.19304657,48.8,26.03056145,119.19311523,44.18,12.944,-4.241,12.479,0.0,0.0,-0.0,2.61,-1.48,-63.32,12.624,0.5,0.5,82.03,815,0,7335
2065726,1,1,11,0.79,26.03066063,119.19304657,49.1,26.03056145,119.19311523,44.18,12.937,-4.23,12.479,0.0,0.0,0.0,2.61,-1.48,-63.35,12.983,0.5,0.5,82.03,816,0,7339
2065936,1,1,11,0.79,26.03066063,119.19304657,49.1,26.03056145,119.19311523,44.18,12.941,-4.237,12.479,0.0,-0.0,0.0,2.61,-1.49,-63.39,12.983,0.5,0.5,81.47,816,0,7342
2066145,1,1,11,0.79,26.03066063,119.19304657,49.1,26.03056145,119.19311523,44.18,12.943,-4.239,12.479,-0.0,0.0,-0.0,2.63,-1.48,-63.36,12.983,0.5,0.5,81.47,816,0,7344
2066345,1,1,11,0.79,26.03066063,119.19304657,49.1,26.03056145,119.19311523,44.18,12.944,-4.24,12.479,0.0,0.0,0.0,2.63,-1.46,-63.33,12.983,0.5,0.5,81.47,816,0,7344
2066563,1,1,11,0.79,26.03066826,119.19304657,49.1,26.03056145,119.19311523,44.18,12.944,-4.241,12.479,-0.0,0.0,0.0,2.62,-1.44,-63.32,12.983,0.5,0.5,81.47,816,0,7346
2066766,1,1,11,0.79,26.03066826,119.19304657,49.5,26.03056145,119.19311523,44.18,12.937,-4.229,12.479,-0.0,-0.0,0.0,2.61,-1.45,-63.32,13.712,0.5,0.5,81.47,817,0,7348
2066971,1,1,11,0.79,26.03066826,119.19304657,49.5,26.03056145,119.19311523,44.18,12.941,-4.236,12.479,-0.0,0.0,-0.0,2.61,-1.43,-63.34,13.712,0.5,0.5,85.57,817,0,7351
2067174,1,1,11,0.79,26.03066826,119.19304657,49.5,26.03056145,119.19311523,44.18,12.943,-4.239,12.479,-0.0,-0.0,-0.0,2.6,-1.46,-63.34,13.712,0.5,0.5,85.57,817,0,7353
2067381,1,1,11,0.79,26.03066826,119.19304657,49.5,26.03056145,119.19311523,44.18,12.944,-4.24,12.479,0.0,0.0,-0.0,2.59,-1.46,-63.35,13.712,0.5,0.5,85.57,817,0,7353
2067586,1,1,11,0.79,26.03067589,119.19304657,49.5,26.03056145,119.19311523,44.18,12.944,-4.241,12.479,-0.0,-0.0,-0.0,2.58,-1.48,-63.37,13.712,0.5,0.5,85.57,817,0,7355
2067799,1,1,11,0.79,26.03067589,119.19304657,49.8,26.03056145,119.19311523,44.18,12.94,-4.233,12.479,-0.0,0.0,-0.001,2.59,-1.46,-63.36,14.454,0.5,0.5,85.57,818,0,7358
2068002,1,1,11,0.79,26.03067589,119.19304657,49.8,26.03056145,119.19311523,44.18,12.942,-4.238,12.479,0.0,0.0,-0.0,2.6,-1.46,-63.33,14.454,0.5,0.5,80.12,818,0,7361
2068209,1,1,11,0.79,26.03067589,119.19304657,49.8,26.03056145,119.19311523,44.18,12.943,-4.24,12.479,0.0,0.0,0.0,2.61,-1.46,-63.37,14.454,0.5,0.5,80.12,818,0,7362
2068410,1,1,11,0.79,26.03067589,119.19304657,49.8,26.03056145,119.19311523,44.18,12.944,-4.241,12.479,-0.0,-0.0,-0.0,2.61,-1.46,-63.36,14.454,0.5,0.5,80.12,818,0,7362
2068624,1,1,11,0.79,26.03067589,119.19304657,49.8,26.03056145,119.19311523,44.18,12.944,-4.241,12.479,-0.0,-0.0,-0.0,2.61,-1.46,-63.37,14.454,0.5,0.5,80.12,818,0,7364
2068832,1,1,11,0.79,26.03067589,119.19304657,50.0,26.03056145,119.19311523,44.18,12.94,-4.233,12.479,-0.0,-0.0,0.0,2.6,-1.5,-63.38,14.454,0.5,0.5,80.12,819,0,7367
2069040,1,1,11,0.79,26.03067589,119.19304657,50.0,26.03056145,119.19311523,44.18,12.942,-4.238,12.479,-0.0,0.0,-0.0,2.6,-1.49,-63.38,14.454,0.5,0.5,82.35,819,0,7371
2069240,1,1,11,0.79,26.03067589,119.19304657,50.0,26.03056145,119.19311523,44.18,12.943,-4.24,12.479,0.0,0.0,-0.0,2.61,-1.48,-63.39,14.454,0.5,0.5,82.35,819,0,7371
2069447,1,1,11,0.79,26.03067589,119.19304657,50.0,26.03056145,119.19311523,44.18,12.944,-4.241,12.479,0.0,0.0,0.0,2.64,-1.49,-63.4,14.454,0.5,0.5,82.35,819,0,7371
2069656,1,1,11,0.79,26.03067589,119.19304657,50.1,26.03056145,119.19311523,44.18,12.933,-4.221,12.48,0.0,0.0,-0.0,2.63,-1.48,-63.37,14.454,0.5,0.5,82.35,820,0,7374
2069858,1,1,11,0.79,26.03067589,119.19304657,50.1,26.03056145,119.19311523,44.18,12.94,-4.233,12.479,-0.0,-0.0,0.0,2.63,-1.5,-63.39,14.454,0.5,0.5,82.59,820,0,7377
2070067,1,1,11,0.79,26.03067589,119.19304657,50.1,26.03056145,119.19311523,44.18,12.942,-4.238,12.479,0.0,0.0,-0.0,2.63,-1.5,-63.41,14.454,0.5,0.5,82.59,820,0,7380
2070271,1,1,11,0.79,26.03067589,119.19304657,50.1,26.03056145,119.19311523,44.18,12.943,-4.24,12.479,0.0,-0.0,0.0,2.63,-1.5,-63.43,14.454,0.5,0.5,82.59,820,0,7380
2070476,1,1,11,0.79,26.03067589,119.19304657,50.1,26.03056145,119.19311523,44.18,12.944,-4.241,12.479,-0.0,0.0,0.0,2.62,-1.5,-63.42,14.454,0.5,0.5,82.59,820,0,7380
2070706,1,1,12,0.74,26.03067589,119.19304657,50.3,26.03056145,119.19311523,44.18,12.937,-4.228,12.48,-0.0,0.0,-0.0,2.61,-1.48,-63.41,14.454,0.5,0.5,82.59,821,0,7384
2070921,1,1,12,0.74,26.03067589,119.19304657,50.3,26.03056145,119.19311523,44.18,12.941,-4.236,12.479,0.0,-0.0,-0.0,2.6,-1.49,-63.43,14.454,0.5,0.5,82.92,821,0,7387
2071126,1,1,12,0.74,26.03067589,119.19304657,50.3,26.03056145,119.19311523,44.18,12.943,-4.239,12.479,-0.0,0.0,0.0,2.61,-1.49,-63.43,14.454,0.5,0.5,82.92,821,0,7389
2071331,1,1,12,0.74,26.03067589,119.19304657,50.3,26.03056145,119.19311523,44.18,12.944,-4.24,12.479,0.0,0.0,-0.0,2.62,-1.48,-63.44,14.454,0.5,0.5,82.92,821,0,7389
2071531,1,1,12,0.74,26.03067207,119.19304657,50.3,26.03056145,119.19311523,44.18,12.944,-4.241,12.479,-0.0,-0.0,-0.0,2.6,-1.47,-63.4,14.454,0.5,0.5,82.92,821,0,7390
2071740,1,1,12,0.74,26.03067207,119.19304657,50.3,26.03056145,119.19311523,44.18,12.937,-4.229,12.48,-0.0,0.0,-0.0,2.61,-1.48,-63.4,14.081,0.5,0.5,82.92,822,0,7393
2071944,1,1,12,0.74,26.03067207,119.19304657,50.3,26.03056145,119.19311523,44.18,12.941,-4.236,12.479,0.0,0.0,-0.0,2.63,-1.5,-63.4,14.081,0.5,0.5,82.67,822,0,7396
2072144,1,1,12,0.74,26.03067207,119.19304657,50.3,26.03056145,119.19311523,44.18,12.943,-4.239,12.479,0.0,-0.0,0.0,2.65,-1.51,-63.42,14.081,0.5,0.5,82.67,822,0,7398
2072345,1,1,12,0.74,26.03067207,119.19304657,50.3,26.03056145,119.19311523,44.18,12.944,-4.24,12.479,-0.0,0.0,0.0,2.63,-1.5,-63.43,14.081,0.5,0.5,82.67,822,0,7398
2072555,1,1,12,0.74,26.03067589,119.19304657,50.3,26.03056145,119.19311523,44.18,12.944,-4.241,12.479,-0.0,-0.0,0.0,2.63,-1.49,-63.4,14.081,0.5,0.5,82.67,822,0,7399
2072756,1,1,12,0.8,26.03067589,119.19304657,50.5,26.03056145,119.19311523,44.18,12.937,-4.228,12.48,0.0,0.0,-0.0,2.65,-1.48,-63.4,14.454,0.5,0.5,82.67,823,0,7402
2072973,1,1,12,0.8,26.03067589,119.19304657,50.5,26.03056145,119.19311523,44.18,12.941,-4.236,12.479,0.0,-0.0,-0.0,2.65,-1.5,-63.42,14.454,0.5,0.5,81.19,823,0,7405
2073173,1,1,12,0.8,26.03067589,119.19304657,50.5,26.03056145,119.19311523,44.18,12.943,-4.239,12.479,-0.0,-0.0,-0.0,2.64,-1.5,-63.42,14.454,0.5,0.5,81.19,823,0,7407
2073375,1,1,12,0.8,26.03067589,119.19304657,50.5,26.03056145,119.19311523,44.18,12.944,-4.24,12.479,-0.0,-0.001,-0.0,2.61,-1.52,-63.4,14.454,0.5,0.5,81.19,823,0,7407
2073581,1,1,12,0.8,26.03067589,119.19304657,50.5,26.03056145,119.19311523,44.18,12.944,-4.241,12.479,-0.0,-0.0,0.0,2.6,-1.51,-63.41,14.454,0.5,0.5,81.19,823,0,7409
2073800,1,1,12,0.8,26.03067589,119.19304657,50.6,26.03056145,119.19311523,44.18,12.94,-4.233,12.479,-0.0,0.0,0.0,2.6,-1.5,-63.39,14.454,0.5,0.5,81.19,824,0,7412
2074002,1,1,12,0.8,26.03067589,119.19304657,50.6,26.03056145,119.19311523,44.18,12.942,-4.238,12.479,-0.0,-0.0,-0.0,2.6,-1.48,-63.39,14.454,0.5,0.5,80.19,824,0,7415
2074209,1,1,12,0.8,26.03067589,119.19304657,50.6,26.03056145,119.19311523,44.18,12.943,-4.24,12.479,-0.0,0.0,0.0,2.6,-1.47,-63.37,14.454,0.5,0.5,80.19,824,0,7416
2074411,1,1,12,0.8,26.03067589,119.19304657,50.6,26.03056145,119.19311523,44.18,12.944,-4.241,12.479,-0.0,-0.0,-0.0,2.61,-1.47,-63.36,14.454,0.5,0.5,80.19,824,0,7416
2074618,1,1,12,0.8,26.03067589,119.19303131,50.6,26.03056145,119.19311523,44.18,12.944,-4.241,12.479,-0.0,-0.0,0.0,2.6,-1.49,-63.36,14.454,0.5,0.5,80.19,824,0,7418
2074832,1,1,12,0.8,26.03067589,119.19303131,50.6,26.03056145,119.19311523,44.18,12.939,-4.233,12.479,-0.0,0.0,-0.0,2.6,-1.49,-63.37,15.236,0.5,0.5,80.19,825,0,7421
2075040,1,1,12,0.8,26.03067589,119.19303131,50.6,26.03056145,119.19311523,44.18,12.942,-4.238,12.479,0.0,-0.0,0.0,2.6,-1.49,-63.38,15.236,0.5,0.5,80.9,825,0,7425
2075251,1,1,12,0.8,26.03067589,119.19303131,50.6,26.03056145,119.19311523,44.18,12.943,-4.24,12.479,-0.0,-0.0,-0.0,2.62,-1.5,-63.38,15.236,0.5,0.5,80.9,825,0,7425
2075462,1,1,12,0.8,26.03067589,119.19303131,50.6,26.03056145,119.19311523,44.18,12.944,-4.241,12.479,-0.0,0.0,-0.0,2.62,-1.49,-63.4,15.236,0.5,0.5,80.9,825,0,7425
2075677,1,1,11,0.8,26.03067207,119.19301605,50.9,26.03056145,119.19311523,44.18,12.928,-4.221,12.48,0.0,-0.0,-0.0,2.63,-1.5,-63.39,15.791,0.5,0.5,80.9,826,0,7428
2075878,1,1,11,0.8,26.03067207,119.19301605,50.9,26.03056145,119.19311523,44.18,12.938,-4.233,12.479,-0.0,-0.0,0.0,2.57,-1.51,-63.41,15.791,0.5,0.5,80.9,826,0,7431
2076084,1,1,11,0.8,26.03067207,119.19301605,50.9,26.03056145,119.19311523,44.18,12.942,-4.238,12.479,0.0,0.0,-0.0,2.58,-1.48,-63.39,15.791,0.5,0.5,81.92,826,0,7434
2076291,1,1,11,0.8,26.03067207,119.19301605,50.9,26.03056145,119.19311523,44.18,12.943,-4.24,12.479,0.0,0.0,-0.0,2.59,-1.47,-63.37,15.791,0.5,0.5,81.92,826,0,7434
2076493,1,1,11,0.8,26.03067207,119.19301605,50.9,26.03056145,119.19311523,44.18,12.944,-4.241,12.479,-0.0,0.0,0.0,2.59,-1.46,-63.4,15.791,0.5,0.5,81.92,826,0,7434
2076707,1,1,11,0.8,26.03066444,119.19301605,51.2,26.03056145,119.19311523,44.18,12.934,-4.229,12.48,-0.0,0.0,-0.001,2.58,-1.46,-63.43,15.138,0.5,0.5,81.92,827,0,7438
2076908,1,1,11,0.8,26.03066444,119.19301605,51.2,26.03056145,119.19311523,44.18,12.94,-4.236,12.479,0.0,-0.0,0.0,2.58,-1.47,-63.46,15.138,0.5,0.5,81.92,827,0,7441
2077111,1,1,11,0.8,26.03066444,119.19301605,51.2,26.03056145,119.19311523,44.18,12.943,-4.239,12.479,-0.0,-0.0,0.0,2.58,-1.46,-63.43,15.138,0.5,0.5,81.51,827,0,7443
2077315,1,1,11,0.8,26.03066444,119.19301605,51.2,26.03056145,119.19311523,44.18,12.943,-4.24,12.479,0.0,-0.0,-0.001,2.58,-1.48,-63.43,15.138,0.5,0.5,81.51,827,0,7443
2077528,1,1,11,0.8,26.03066063,119.19303131,51.2,26.03056145,119.19311523,44.18,12.944,-4.241,12.479,0.0,0.0,-0.0,2.6,-1.48,-63.41,15.138,0.5,0.5,81.51,827,0,7444
2077735,1,1,11,0.8,26.03066063,119.19303131,51.5,26.03056145,119.19311523,44.18,12.936,-4.23,12.48,0.0,0.0,-0.0,2.6,-1.46,-63.41,13.847,0.5,0.5,81.51,828,0,7447
2077945,1,1,11,0.8,26.03066063,119.19303131,51.5,26.03056145,119.19311523,44.18,12.941,-4.237,12.479,0.0,-0.0,0.0,2.6,-1.48,-63.41,13.847,0.5,0.5,81.67,828,0,7450
2078147,1,1,11,0.8,26.03066063,119.19303131,51.5,26.03056145,119.19311523,44.18,12.943,-4.239,12.479,0.0,-0.0,-0.0,2.61,-1.48,-63.37,13.847,0.5,0.5,81.67,828,0,7452
2078351,1,1,11,0.8,26.03066063,119.19303131,51.5,26.03056145,119.19311523,44.18,12.944,-4.24,12.479,-0.0,0.0,-0.0,2.61,-1.48,-63.38,13.847,0.5,0.5,81.67,828,0,7452
2078562,1,1,11,0.8,26.03066063,119.19301605,51.5,26.03056145,119.19311523,44.18,12.944,-4.241,12.479,-0.0,-0.0,0.0,2.61,-1.46,-63.36,13.847,0.5,0.5,81.67,828,0,7454
2078767,1,1,10,0.97,26.03066063,119.19301605,51.9,26.03056145,119.19311523,44.18,12.936,-4.232,12.48,0.0,-0.0,-0.0,2.6,-1.47,-63.38,14.819,0.5,0.5,81.67,829,0,7457
2078974,1,1,10,0.97,26.03066063,119.19301605,51.9,26.03056145,119.19311523,44.18,12.941,-4.237,12.479,-0.0,-0.0,-0.0,2.58,-1.49,-63.4,14.819,0.5,0.5,81.61,829,0,7460
2079179,1,1,10,0.97,26.03066063,119.19301605,51.9,26.03056145,119.19311523,44.18,12.943,-4.24,12.479,0.0,0.0,-0.001,2.6,-1.49,-63.41,14.819,0.5,0.5,81.61,829,0,7461
2079387,1,1,10,0.97,26.03066063,119.19301605,51.9,26.03056145,119.19311523,44.18,12.944,-4.24,12.479,-0.0,0.0,-0.0,2.61,-1.48,-63.42,14.819,0.5,0.5,81.61,829,0,7461
2079588,1,1,10,0.97,26.03065681,119.19301605,51.9,26.03056145,119.19311523,44.18,12.944,-4.241,12.479,0.0,0.0,-0.0,2.62,-1.46,-63.41,14.819,0.5,0.5,81.61,829,0,7463
2079805,1,1,11,0.8,26.03065681,119.19301605,52.2,26.03056145,119.19311523,44.18,12.938,-4.234,12.479,0.0,0.0,-0.0,2.64,-1.47,-63.4,14.506,0.5,0.5,81.61,830,0,7466
2080012,1,1,11,0.8,26.03065681,119.19301605,52.2,26.03056145,119.19311523,44.18,12.942,-4.238,12.479,-0.0,-0.0,-0.0,2.63,-1.49,-63.43,14.506,0.5,0.5,86.74,830,0,7469
2080215,1,1,11,0.8,26.03065681,119.19301605,52.2,26.03056145,119.19311523,44.18,12.943,-4.24,12.479,0.0,0.0,-0.0,2.63,-1.5,-63.45,14.506,0.5,0.5,86.74,830,0,7470
2080415,1,1,11,0.8,26.03065681,119.19301605,52.2,26.03056145,119.19311523,44.18,12.944,-4.241,12.479,-0.0,0.0,0.0,2.64,-1.49,-63.44,14.506,0.5,0.5,86.74,830,0,7470
2080622,1,1,11,0.8,26.03065681,119.19301605,52.2,26.03056145,119.19311523,44.18,12.944,-4.241,12.479,-0.0,-0.0,-0.0,2.62,-1.5,-63.46,14.506,0.5,0.5,86.74,830,0,7472
2080825,1,1,11,0.8,26.03065681,119.19301605,52.7,26.03056145,119.19311523,44.18,12.938,-4.234,12.479,-0.0,-0.0,-0.0,2.63,-1.49,-63.47,14.506,0.5,0.5,86.74,831,0,7475
2081042,1,1,11,0.8,26.03065681,119.19301605,52.7,26.03056145,119.19311523,44.18,12.942,-4.238,12.479,-0.0,-0.0,0.0,2.63,-1.49,-63.47,14.506,0.5,0.5,79.6,831,0,7479
2081245,1,1,11,0.8,26.03065681,119.19301605,52.7,26.03056145,119.19311523,44.18,12.943,-4.24,12.479,0.0,0.0,0.0,2.64,-1.49,-63.47,14.506,0.5,0.5,79.6,831,0,7479
2081451,1,1,11,0.8,26.03065681,119.19301605,52.7,26.03056145,119.19311523,44.18,12.944,-4.241,12.479,-0.0,0.0,-0.0,2.63,-1.48,-63.47,14.506,0.5,0.5,79.6,831,0,7479
2081659,1,1,11,0.86,26.03065109,119.19301605,53.2,26.03056145,119.19311523,44.18,12.928,-4.225,12.48,-0.0,-0.0,0.0,2.63,-1.5,-63.45,14.047,0.5,0.5,79.6,832,0,7482
2081869,1,1,11,0.86,26.03065109,119.19301605,53.2,26.03056145,119.19311523,44.18,12.938,-4.235,12.479,-0.0,0.0,0.0,2.61,-1.5,-63.45,14.047,0.5,0.5,79.6,832,0,7485
2082077,1,1,11,0.86,26.03065109,119.19301605,53.2,26.03056145,119.19311523,44.18,12.942,-4.239,12.479,-0.0,-0.0,-0.0,2.6,-1.5,-63.45,14.047,0.5,0.5,79.72,832,0,7488
2082281,1,1,11,0.86,26.03065109,119.19301605,53.2,26.03056145,119.19311523,44.18,12.943,-4.24,12.479,-0.0,0.0,-0.0,2.6,-1.49,-63.43,14.047,0.5,0.5,79.72,832,0,7488
2082487,1,1,11,0.86,26.03065109,119.19301605,53.2,26.03056145,119.19311523,44.18,12.944,-4.241,12.479,-0.0,0.0,-0.0,2.62,-1.49,-63.42,14.047,0.5,0.5,79.72,832,0,7488
2082703,1,1,10,1.13,26.03065109,119.19301605,53.1,26.03056145,119.19311523,44.18,12.938,-4.235,12.48,0.0,0.0,-0.0,2.64,-1.48,-63.43,14.047,0.5,0.5,79.72,833,0,7492
2082911,1,1,10,1.13,26.03065109,119.19301605,53.1,26.03056145,119.19311523,44.18,12.942,-4.239,12.479,-0.0,-0.0,0.0,2.61,-1.47,-63.43,14.047,0.5,0.5,79.72,833,0,7495
2083116,1,1,10,1.13,26.03065109,119.19301605,53.1,26.03056145,119.19311523,44.18,12.943,-4.24,12.479,0.0,0.0,-0.0,2.61,-1.49,-63.44,14.047,0.5,0.5,84.63,833,0,7497
2083321,1,1,10,1.13,26.03065109,119.19301605,53.1,26.03056145,119.19311523,44.18,12.944,-4.241,12.479,0.0,-0.0,0.0,2.6,-1.49,-63.47,14.047,0.5,0.5,84.63,833,0,7497
2083529,1,1,10,1.13,26.03063965,119.19301605,53.1,26.03056145,119.19311523,44.18,12.944,-4.241,12.479,-0.0,-0.0,0.0,2.59,-1.5,-63.47,14.047,0.5,0.5,84.63,833,0,7498
2083739,1,1,10,0.97,26.03063965,119.19301605,53.1,26.03056145,119.19311523,44.18,12.936,-4.234,12.48,0.0,-0.0,0.0,2.61,-1.52,-63.46,13.173,0.5,0.5,84.63,834,0,7501
2083944,1,1,10,0.97,26.03063965,119.19301605,53.1,26.03056145,119.19311523,44.18,12.941,-4.238,12.479,-0.0,0.0,-0.0,2.61,-1.5,-63.44,13.173,0.5,0.5,84.63,834,0,7504
2084148,1,1,10,0.97,26.03063965,119.19301605,53.1,26.03056145,119.19311523,44.18,12.943,-4.24,12.479,0.0,0.0,0.0,2.61,-1.5,-63.45,13.173,0.5,0.5,82.28,834,0,7506
2084356,1,1,10,0.97,26.03063965,119.19301605,53.1,26.03056145,119.19311523,44.18,12.944,-4.241,12.479,-0.0,-0.0,-0.001,2.59,-1.5,-63.47,13.173,0.5,0.5,82.28,834,0,7506
2084572,1,1,10,0.97,26.03063965,119.19301605,53.1,26.03056145,119.19311523,44.18,12.944,-4.241,12.479,-0.0,-0.0,0.0,2.59,-1.48,-63.46,13.173,0.5,0.5,82.28,834,0,7508
2084776,1,1,11,0.8,26.03063965,119.19301605,53.2,26.03056145,119.19311523,44.18,12.938,-4.236,12.479,-0.0,0.0,-0.0,2.58,-1.46,-63.43,13.173,0.5,0.5,82.28,835,0,7511
2084991,1,1,11,0.8,26.03063965,119.19301605,53.2,26.03056145,119.19311523,44.18,12.942,-4.239,12.479,0.0,-0.0,-0.0,2.58,-1.47,-63.41,13.173,0.5,0.5,82.28,835,0,7514
2085202,1,1,11,0.8,26.03063965,119.19301605,53.2,26.03056145,119.19311523,44.18,12.943,-4.24,12.479,-0.0,-0.0,-0.0,2.58,-1.49,-63.42,13.173,0.5,0.5,84.92,835,0,7515
2085405,1,1,11,0.8,26.03063965,119.19301605,53.2,26.03056145,119.19311523,44.18,12.944,-4.241,12.479,0.0,-0.0,-0.0,2.58,-1.49,-63.4,13.173,0.5,0.5,84.92,835,0,7515
2085606,1,1,11,0.8,26.03064346,119.19301605,53.2,26.03056145,119.19311523,44.18,12.944,-4.241,12.479,-0.0,-0.0,-0.0,2.57,-1.48,-63.36,13.173,0.5,0.5,84.92,835,0,7517
2085812,1,1,10,0.97,26.03064346,119.19301605,53.5,26.03056145,119.19311523,44.18,12.939,-4.236,12.479,-0.0,-0.0,0.0,2.56,-1.49,-63.36,13.457,0.5,0.5,84.92,836,0,7520
2086025,1,1,10,0.97,26.03064346,119.19301605,53.5,26.03056145,119.19311523,44.18,12.942,-4.239,12.479,0.0,0.0,0.0,2.58,-1.49,-63.36,13.457,0.5,0.5,84.92,836,0,7524
2086237,1,1,10,0.97,26.03064346,119.19301605,53.5,26.03056145,119.19311523,44.18,12.943,-4.24,12.479,0.0,0.0,0.0,2.58,-1.48,-63.36,13.457,0.5,0.5,80.92,836,0,7524
2086446,1,1,10,0.97,26.03064346,119.19301605,53.5,26.03056145,119.19311523,44.18,12.944,-4.241,12.479,-0.0,-0.0,-0.0,2.57,-1.48,-63.32,13.457,0.5,0.5,80.92,836,0,7524
2086657,1,1,10,0.97,26.03063202,119.19300079,53.7,26.03056145,119.19311523,44.18,12.928,-4.23,12.48,0.0,0.0,0.0,2.58,-1.46,-63.32,13.856,0.5,0.5,80.92,837,0,7527
2086857,1,1,10,0.97,26.03063202,119.19300079,53.7,26.03056145,119.19311523,44.18,12.938,-4.237,12.479,-0.0,-0.0,0.0,2.57,-1.46,-63.32,13.856,0.5,0.5,80.92,837,0,7530
2087061,1,1,10,0.97,26.03063202,119.19300079,53.7,26.03056145,119.19311523,44.18,12.942,-4.239,12.479,-0.0,-0.0,-0.0,2.57,-1.45,-63.35,13.856,0.5,0.5,83.0,837,0,7533
2087266,1,1,10,0.97,26.03063202,119.19300079,53.7,26.03056145,119.19311523,44.18,12.943,-4.24,12.479,-0.0,-0.0,0.0,2.56,-1.44,-63.34,13.856,0.5,0.5,83.0,837,0,7533
2087471,1,1,10,0.97,26.03063202,119.19300079,53.7,26.03056145,119.19311523,44.18,12.944,-4.241,12.479,-0.0,0.0,0.001,2.56,-1.43,-63.33,13.856,0.5,0.5,83.0,837,0,7533
2087706,1,1,10,0.97,26.0306282,119.19300079,54.1,26.03056145,119.19311523,44.18,12.934,-4.235,12.48,-0.0,-0.0,-0.001,2.56,-1.45,-63.36,13.62,0.5,0.5,83.0,838,0,7537
2087909,1,1,10,0.97,26.0306282,119.19300079,54.1,26.03056145,119.19311523,44.18,12.94,-4.239,12.479,0.0,-0.0,-0.001,2.56,-1.46,-63.39,13.62,0.5,0.5,83.0,838,0,7540
2088116,1,1,10,0.97,26.0306282,119.19300079,54.1,26.03056145,119.19311523,44.18,12.943,-4.24,12.479,0.0,0.0,-0.0,2.57,-1.46,-63.4,13.62,0.5,0.5,83.67,838,0,7542
2088321,1,1,10,0.97,26.0306282,119.19300079,54.1,26.03056145,119.19311523,44.18,12.943,-4.241,12.479,-0.0,-0.0,0.0,2.56,-1.47,-63.41,13.62,0.5,0.5,83.67,838,0,7542
2088528,1,1,10,0.97,26.03061867,119.19300079,54.1,26.03056145,119.19311523,44.18,12.944,-4.241,12.479,-0.0,-0.0,-0.0,2.55,-1.47,-63.4,13.62,0.5,0.5,83.67,838,0,7543
2088739,1,1,10,0.97,26.03061867,119.19300079,54.4,26.03056145,119.19311523,44.18,12.934,-4.236,12.48,0.0,0.0,-0.0,2.55,-1.47,-63.38,13.072,0.5,0.5,83.67,839,0,7546
2088954,1,1,10,0.97,26.03061867,119.19300079,54.4,26.03056145,119.19311523,44.18,12.94,-4.239,12.479,0.0,0.0,-0.0,2.58,-1.46,-63.37,13.072,0.5,0.5,83.67,839,0,7549
2089154,1,1,10,0.97,26.03061867,119.19300079,54.4,26.03056145,119.19311523,44.18,12.943,-4.24,12.479,-0.0,-0.0,0.0,2.57,-1.48,-63.38,13.072,0.5,0.5,81.75,839,0,7551
2089356,1,1,10,0.97,26.03061867,119.19300079,54.4,26.03056145,119.19311523,44.18,12.943,-4.241,12.479,-0.0,0.0,0.0,2.58,-1.47,-63.39,13.072,0.5,0.5,81.75,839,0,7551
2089572,1,1,10,0.97,26.03061485,119.19300079,54.4,26.03056145,119.19311523,44.18,12.944,-4.241,12.479,0.0,-0.0,0.0,2.59,-1.48,-63.41,13.072,0.5,0.5,81.75,839,0,7553
2089807,1,1,10,0.97,26.03061485,119.19300079,54.6,26.03056145,119.19311523,44.18,12.938,-4.238,12.48,0.0,-0.0,-0.0,2.59,-1.48,-63.4,12.87,0.5,0.5,81.75,840,0,7556
2090009,1,1,10,0.97,26.03061485,119.19300079,54.6,26.03056145,119.19311523,44.18,12.942,-4.24,12.479,-0.0,0.0,-0.001,2.56,-1.49,-63.39,12.87,0.5,0.5,81.75,840,0,7559
2090210,1,1,10,0.97,26.03061485,119.19300079,54.6,26.03056145,119.19311523,44.18,12.943,-4.241,12.479,0.0,-0.0,0.001,2.57,-1.5,-63.38,12.87,0.5,0.5,86.0,840,0,7560
2090410,1,1,10,0.97,26.03061485,119.19300079,54.6,26.03056145,119.19311523,44.18,12.944,-4.241,12.479,-0.0,0.001,-0.002,2.57,-1.39,-63.4,12.87,0.5,0.5,86.0,840,0,7560
2090622,1,1,10,0.97,26.03060722,119.19300079,54.6,26.03056145,119.19311523,44.18,12.944,-4.241,12.479,0.0,-0.0,0.001,2.56,-1.43,-63.39,12.87,0.5,0.5,86.0,840,0,7562
2090831,1,1,10,0.97,26.03060722,119.19300079,55.0,26.03056145,119.19311523,44.18,12.938,-4.238,12.48,-0.0,-0.0,-0.001,2.59,-1.42,-63.41,12.501,0.5,0.5,86.0,841,0,7565
2091042,1,1,10,0.97,26.03060722,119.19300079,55.0,26.03056145,119.19311523,44.18,12.938,-4.238,12.48,0.001,-0.0,0.003,2.63,-1.39,-63.41,12.501,0.502,0.502,86.0,841,0,7569
2091243,1,1,10,0.97,26.03060722,119.19300079,55.0,26.03056145,119.19311523,44.18,12.938,-4.239,12.481,0.001,-0.002,0.003,2.59,-1.45,-63.43,12.501,0.512,0.512,88.91,841,0,7569
2091444,1,1,10,0.97,26.03060722,119.19300079,55.0,26.03056145,119.19311523,44.18,12.938,-4.239,12.481,-0.0,0.0,0.001,2.58,-1.46,-63.43,12.501,0.5,0.5,88.91,841,0,7569
2091654,1,1,11,0.97,26.03059959,119.19298553,55.3,26.03056145,119.19311523,44.18,12.921,-4.233,12.483,-0.0,0.0,-0.0,2.58,-1.45,-63.42,13.615,0.5,0.5,88.91,842,0,7572
2091858,1,1,11,0.97,26.03059959,119.19298553,55.3,26.03056145,119.19311523,44.18,12.932,-4.237,12.482,-0.0,0.0,-0.0,2.58,-1.42,-63.42,13.615,0.5,0.5,88.91,842,0,7575
2092065,1,1,11,0.97,26.03059959,119.19298553,55.3,26.03056145,119.19311523,44.18,12.936,-4.238,12.482,0.001,-0.002,-0.0,2.58,-1.56,-63.44,13.615,0.5,0.5,88.91,842,0,7578
2092271,1,1,11,0.97,26.03059959,119.19298553,55.3,26.03056145,119.19311523,44.18,12.937,-4.239,12.482,-0.0,0.0,0.0,2.59,-1.55,-63.43,13.615,0.5,0.5,95.66,842,0,7578
2092477,1,1,11,0.97,26.03059959,119.19298553,55.3,26.03056145,119.19311523,44.18,12.938,-4.239,12.482,0.0,-0.0,-0.001,2.57,-1.55,-63.45,13.615,0.5,0.5,95.66,842,0,7578
2092701,1,1,11,0.8,26.03059959,119.19298553,55.7,26.03056145,119.19311523,44.18,12.925,-4.235,12.483,-0.0,0.0,0.0,2.57,-1.54,-63.46,13.615,0.5,0.5,95.66,843,0,7582
2092911,1,1,11,0.8,26.03059959,119.19298553,55.7,26.03056145,119.19311523,44.18,12.933,-4.237,12.482,-0.0,0.0,-0.001,2.55,-1.53,-63.47,13.615,0.5,0.5,95.66,843,0,7585
2093116,1,1,11,0.8,26.03059959,119.19298553,55.7,26.03056145,119.19311523,44.18,12.936,-4.238,12.482,0.0,0.0,-0.0,2.56,-1.5,-63.44,13.615,0.5,0.5,86.16,843,0,7587
2093325,1,1,11,0.8,26.03059959,119.19298553,55.7,26.03056145,119.19311523,44.18,12.938,-4.239,12.482,0.0,-0.0,-0.0,2.59,-1.51,-63.44,13.615,0.5,0.5,86.16,843,0,7587
2093526,1,1,11,0.8,26.03059578,119.19298553,55.7,26.03056145,119.19311523,44.18,12.938,-4.239,12.482,-0.0,-0.0,-0.0,2.58,-1.51,-63.43,13.615,0.5,0.5,86.16,843,0,7588
2093735,1,1,11,0.8,26.03059578,119.19298553,56.2,26.03056145,119.19311523,44.18,12.925,-4.235,12.483,0.0,0.0,-0.0,2.59,-1.5,-63.41,13.489,0.5,0.5,86.16,844,0,7591
2093935,1,1,11,0.8,26.03059578,119.19298553,56.2,26.03056145,119.19311523,44.18,12.933,-4.237,12.482,-0.0,-0.001,0.0,2.56,-1.52,-63.42,13.489,0.5,0.5,86.16,844,0,7594
2094138,1,1,11,0.8,26.03059578,119.19298553,56.2,26.03056145,119.19311523,44.18,12.936,-4.238,12.482,0.0,0.0,0.0,2.55,-1.52,-63.43,13.489,0.5,0.5,81.21,844,0,7596
2094341,1,1,11,0.8,26.03059578,119.19298553,56.2,26.03056145,119.19311523,44.18,12.938,-4.239,12.482,-0.0,0.0,0.0,2.55,-1.53,-63.42,13.489,0.5,0.5,81.21,844,0,7596
2094549,1,1,11,0.8,26.03059578,119.19298553,56.2,26.03056145,119.19311523,44.18,12.938,-4.239,12.482,-0.0,0.0,-0.0,2.54,-1.5,-63.41,13.489,0.5,0.5,81.21,844,0,7597
2094759,1,1,11,0.8,26.03059578,119.19298553,56.8,26.03056145,119.19311523,44.18,12.925,-4.235,12.483,-0.0,0.0,-0.0,2.53,-1.49,-63.41,13.489,0.5,0.5,81.21,845,0,7600
2094966,1,1,11,0.8,26.03059578,119.19298553,56.8,26.03056145,119.19311523,44.18,12.933,-4.237,12.482,0.0,-0.0,-0.0,2.52,-1.49,-63.42,13.489,0.5,0.5,81.21,845,0,7604
2095167,1,1,11,0.8,26.03059578,119.19298553,56.8,26.03056145,119.19311523,44.18,12.936,-4.238,12.482,-0.0,0.0,-0.0,2.52,-1.49,-63.42,13.489,0.5,0.5,83.58,845,0,7605
2095375,1,1,11,0.8,26.03059578,119.19298553,56.8,26.03056145,119.19311523,44.18,12.938,-4.239,12.482,0.0,-0.0,-0.0,2.51,-1.5,-63.45,13.489,0.5,0.5,83.58,845,0,7605
2095580,1,1,11,0.8,26.03059578,119.19298553,56.8,26.03056145,119.19311523,44.18,12.938,-4.239,12.482,-0.0,0.0,0.0,2.53,-1.49,-63.44,13.489,0.5,0.5,83.58,845,0,7607
2095799,1,1,11,0.8,26.03059578,119.19298553,57.3,26.03056145,119.19311523,44.18,12.93,-4.236,12.482,0.001,0.0,-0.0,2.56,-1.49,-63.47,13.489,0.5,0.5,83.58,846,0,7610
2096004,1,1,11,0.8,26.03059578,119.19298553,57.3,26.03056145,119.19311523,44.18,12.935,-4.238,12.482,0.0,0.0,0.0,2.57,-1.48,-63.47,13.489,0.5,0.5,83.58,846,0,7613
2096210,1,1,11,0.8,26.03059578,119.19298553,57.3,26.03056145,119.19311523,44.18,12.937,-4.238,12.482,-0.0,0.0,0.0,2.56,-1.48,-63.46,13.489,0.5,0.5,85.23,846,0,7614
2096422,1,1,11,0.8,26.03059578,119.19298553,57.3,26.03056145,119.19311523,44.18,12.938,-4.239,12.482,0.0,-0.0,0.0,2.55,-1.49,-63.46,13.489,0.5,0.5,85.23,846,0,7614
2096629,1,1,10,0.86,26.03059578,119.19298553,57.8,26.03056145,119.19311523,44.18,12.918,-4.233,12.484,-0.0,0.0,-0.001,2.56,-1.47,-63.44,13.489,0.5,0.5,85.23,847,0,7617
2096835,1,1,10,0.86,26.03059578,119.19298553,57.8,26.03056145,119.19311523,44.18,12.93,-4.236,12.482,0.0,0.0,0.0,2.58,-1.49,-63.42,13.489,0.5,0.5,85.23,847,0,7620
2097050,1,1,10,0.86,26.03059578,119.19298553,57.8,26.03056145,119.19311523,44.18,12.935,-4.238,12.482,0.0,-0.0,0.0,2.57,-1.5,-63.46,13.489,0.5,0.5,85.23,847,0,7623
2097255,1,1,10,0.86,26.03059578,119.19298553,57.8,26.03056145,119.19311523,44.18,12.937,-4.238,12.482,-0.0,0.0,-0.0,2.57,-1.49,-63.46,13.489,0.5,0.5,80.0,847,0,7623
2097461,1,1,10,0.86,26.03059578,119.19298553,57.8,26.03056145,119.19311523,44.18,12.938,-4.239,12.482,-0.0,0.0,-0.0,2.58,-1.48,-63.45,13.489,0.5,0.5,80.0,847,0,7623
2097696,1,1,11,0.86,26.03059959,119.19298553,58.4,26.03056145,119.19311523,44.18,12.925,-4.235,12.483,-0.0,0.0,0.0,2.57,-1.47,-63.47,13.615,0.5,0.5,80.0,848,0,7627
2097899,1,1,11,0.86,26.03059959,119.19298553,58.4,26.03056145,119.19311523,44.18,12.933,-4.237,12.482,0.0,0.0,-0.0,2.59,-1.47,-63.47,13.615,0.5,0.5,80.0,848,0,7629
2098099,1,1,11,0.86,26.03059959,119.19298553,58.4,26.03056145,119.19311523,44.18,12.936,-4.238,12.482,-0.0,-0.0,-0.0,2.58,-1.48,-63.48,13.615,0.5,0.5,80.0,848,0,7632
2098302,1,1,11,0.86,26.03059959,119.19298553,58.4,26.03056145,119.19311523,44.18,12.938,-4.239,12.482,0.0,0.0,-0.0,2.58,-1.48,-63.48,13.615,0.5,0.5,81.53,848,0,7632
2098503,1,1,11,0.86,26.03059959,119.19298553,58.4,26.03056145,119.19311523,44.18,12.938,-4.239,12.482,-0.0,0.0,0.0,2.58,-1.48,-63.48,13.615,0.5,0.5,81.53,848,0,7632
2098710,1,1,11,0.86,26.03060722,119.19298553,59.0,26.03056145,119.19311523,44.18,12.925,-4.234,12.483,0.0,-0.0,-0.0,2.58,-1.49,-63.49,13.903,0.5,0.5,81.53,849,0,7636
2098926,1,1,11,0.86,26.03060722,119.19298553,59.0,26.03056145,119.19311523,44.18,12.933,-4.237,12.482,-0.0,0.0,0.0,2.57,-1.48,-63.48,13.903,0.5,0.5,81.53,849,0,7639
2099129,1,1,11,0.86,26.03060722,119.19298553,59.0,26.03056145,119.19311523,44.18,12.936,-4.238,12.482,0.0,-0.0,0.0,2.57,-1.51,-63.5,13.903,0.5,0.5,81.53,849,0,7641
2099331,1,1,11,0.86,26.03060722,119.19298553,59.0,26.03056145,119.19311523,44.18,12.938,-4.239,12.482,-0.0,-0.0,-0.001,2.57,-1.51,-63.47,13.903,0.5,0.5,81.63,849,0,7641
2099546,1,1,11,0.86,26.03060722,119.19298553,59.0,26.03056145,119.19311523,44.18,12.938,-4.239,12.482,0.0,0.0,0.0,2.57,-1.5,-63.45,13.903,0.5,0.5,81.63,849,0,7642
2099753,1,1,11,0.86,26.03060722,119.19298553,59.4,26.03056145,119.19311523,44.18,12.925,-4.234,12.483,0.0,0.0,-0.0,2.57,-1.48,-63.44,13.903,0.5,0.5,81.63,850,0,7645
2099960,1,1,11,0.86,26.03060722,119.19298553,59.4,26.03056145,119.19311523,44.18,12.933,-4.237,12.482,-0.0,0.0,-0.001,2.56,-1.47,-63.44,13.903,0.5,0.5,81.63,850,0,7648
2100164,1,1,11,0.86,26.03060722,119.19298553,59.4,26.03056145,119.19311523,44.18,12.936,-4.238,12.482,0.0,0.0,-0.0,2.55,-1.48,-63.44,13.903,0.5,0.5,81.63,850,0,7650
2100365,1,1,11,0.86,26.03060722,119.19298553,59.4,26.03056145,119.19311523,44.18,12.938,-4.239,12.482,0.0,-0.0,0.002,2.56,-1.49,-63.46,13.903,0.5,0.5,82.0,850,0,7650
2100576,1,1,11,0.86,26.03061485,119.19298553,59.4,26.03056145,119.19311523,44.18,12.938,-4.239,12.482,0.0,-0.0,0.0,2.55,-1.5,-63.46,13.903,0.5,0.5,82.0,850,0,7652
2100802,1,1,11,0.86,26.03061485,119.19298553,60.0,26.03056145,119.19311523,44.18,12.93,-4.235,12.483,0.0,-0.0,0.0,2.57,-1.5,-63.45,14.235,0.5,0.5,82.0,851,0,7655
2101004,1,1,11,0.86,26.03061485,119.19298553,60.0,26.03056145,119.19311523,44.18,12.935,-4.237,12.482,-0.0,0.0,-0.0,2.56,-1.49,-63.47,14.235,0.5,0.5,82.0,851,0,7658
2101204,1,1,11,0.86,26.03061485,119.19298553,60.0,26.03056145,119.19311523,44.18,12.937,-4.238,12.482,-0.0,-0.0,0.0,2.56,-1.49,-63.48,14.235,0.5,0.5,82.0,851,0,7659
2101411,1,1,11,0.86,26.03061485,119.19298553,60.0,26.03056145,119.19311523,44.18,12.938,-4.239,12.482,-0.0,-0.0,0.0,2.55,-1.5,-63.47,14.235,0.5,0.5,82.0,851,0,7659
2101625,1,1,11,0.86,26.03061485,119.19298553,60.0,26.03056145,119.19311523,44.18,12.938,-4.239,12.482,-0.0,-0.0,-0.0,2.54,-1.49,-63.44,14.235,0.5,0.5,82.0,851,0,7661
2101831,1,1,11,0.86,26.03061485,119.19298553,60.6,26.03056145,119.19311523,44.18,12.93,-4.235,12.483,0.0,0.0,-0.0,2.55,-1.49,-63.44,14.236,0.5,0.5,82.0,852,0,7664
2102038,1,1,11,0.86,26.03061485,119.19298553,60.6,26.03056145,119.19311523,44.18,12.935,-4.237,12.482,-0.0,-0.0,-0.0,2.54,-1.48,-63.42,14.236,0.5,0.5,82.0,852,0,7668
2102245,1,1,11,0.86,26.03061485,119.19298553,60.6,26.03056145,119.19311523,44.18,12.937,-4.238,12.482,0.0,-0.0,-0.0,2.55,-1.49,-63.41,14.236,0.5,0.5,83.17,852,0,7668
2102445,1,1,11,0.86,26.03061485,119.19298553,60.6,26.03056145,119.19311523,44.18,12.938,-4.239,12.482,-0.0,0.0,-0.0,2.56,-1.49,-63.41,14.236,0.5,0.5,83.17,852,0,7668
2102662,1,1,11,0.86,26.03061485,119.19295502,61.4,26.03056145,119.19311523,44.18,12.913,-4.229,12.484,0.0,0.0,-0.0,2.54,-1.49,-63.41,17.058,0.5,0.5,83.17,853,0,7671
2102864,1,1,11,0.86,26.03061485,119.19295502,61.4,26.03056145,119.19311523,44.18,12.928,-4.235,12.483,-0.0,-0.0,0.001,2.53,-1.51,-63.42,17.058,0.5,0.5,83.17,853,0,7674
2103072,1,1,11,0.86,26.03061485,119.19295502,61.4,26.03056145,119.19311523,44.18,12.935,-4.237,12.482,0.0,-0.0,-0.0,2.53,-1.51,-63.42,17.058,0.5,0.5,83.17,853,0,7677
2103275,1,1,11,0.86,26.03061485,119.19295502,61.4,26.03056145,119.19311523,44.18,12.937,-4.238,12.482,0.0,-0.0,0.0,2.52,-1.5,-63.43,17.058,0.5,0.5,82.52,853,0,7677
2103489,1,1,11,0.86,26.03061485,119.19295502,61.4,26.03056145,119.19311523,44.18,12.938,-4.239,12.482,-0.0,0.0,0.0,2.52,-1.48,-63.43,17.058,0.5,0.5,82.52,853,0,7677
2103698,1,1,11,0.86,26.03061867,119.19295502,61.8,26.03056145,119.19311523,44.18,12.922,-4.232,12.483,0.0,-0.0,0.0,2.53,-1.49,-63.44,17.21,0.5,0.5,82.52,854,0,7681
2103904,1,1,11,0.86,26.03061867,119.19295502,61.8,26.03056145,119.19311523,44.18,12.932,-4.236,12.482,-0.0,0.0,-0.001,2.53,-1.5,-63.44,17.21,0.5,0.5,82.52,854,0,7684
2104105,1,1,11,0.86,26.03061867,119.19295502,61.8,26.03056145,119.19311523,44.18,12.936,-4.238,12.482,0.0,0.0,0.0,2.54,-1.51,-63.43,17.21,0.5,0.5,82.52,854,0,7686
2104316,1,1,11,0.86,26.03061867,119.19295502,61.8,26.03056145,119.19311523,44.18,12.938,-4.238,12.482,-0.0,0.0,-0.0,2.54,-1.5,-63.43,17.21,0.5,0.5,84.92,854,0,7686
2104528,1,1,11,0.86,26.03062248,119.19295502,61.8,26.03056145,119.19311523,44.18,12.938,-4.239,12.482,0.0,0.0,-0.001,2.54,-1.48,-63.42,17.21,0.5,0.5,84.92,854,0,7687
2104729,1,1,11,0.86,26.03062248,119.19295502,62.2,26.03056145,119.19311523,44.18,12.922,-4.232,12.483,-0.0,0.0,-0.0,2.54,-1.46,-63.43,17.371,0.5,0.5,84.92,855,0,7690
2104934,1,1,11,0.86,26.03062248,119.19295502,62.2,26.03056145,119.19311523,44.18,12.932,-4.236,12.482,-0.0,-0.0,-0.0,2.53,-1.46,-63.43,17.371,0.5,0.5,84.92,855,0,7693
2105135,1,1,11,0.86,26.03062248,119.19295502,62.2,26.03056145,119.19311523,44.18,12.936,-4.238,12.482,0.0,0.0,-0.0,2.52,-1.46,-63.42,17.371,0.5,0.5,84.92,855,0,7695
2105335,1,1,11,0.86,26.03062248,119.19295502,62.2,26.03056145,119.19311523,44.18,12.938,-4.238,12.482,0.0,-0.0,0.0,2.53,-1.47,-63.41,17.371,0.5,0.5,80.76,855,0,7695
2105551,1,1,11,0.86,26.0306282,119.19295502,62.2,26.03056145,119.19311523,44.18,12.938,-4.239,12.482,0.0,-0.0,-0.0,2.55,-1.48,-63.41,17.371,0.5,0.5,80.76,855,0,7696
2105760,1,1,11,0.86,26.0306282,119.19295502,62.6,26.03056145,119.19311523,44.18,12.922,-4.231,12.483,-0.0,-0.0,0.0,2.55,-1.5,-63.44,17.63,0.5,0.5,80.76,856,0,7699
2105970,1,1,11,0.86,26.0306282,119.19295502,62.6,26.03056145,119.19311523,44.18,12.932,-4.236,12.482,-0.0,0.0,-0.0,2.54,-1.5,-63.48,17.63,0.5,0.5,80.76,856,0,7703
2106173,1,1,11,0.86,26.0306282,119.19295502,62.6,26.03056145,119.19311523,44.18,12.936,-4.238,12.482,0.0,-0.0,0.0,2.54,-1.49,-63.47,17.63,0.5,0.5,80.76,856,0,7704
2106375,1,1,11,0.86,26.0306282,119.19295502,62.6,26.03056145,119.19311523,44.18,12.938,-4.238,12.482,-0.0,0.0,0.0,2.56,-1.48,-63.47,17.63,0.5,0.5,80.0,856,0,7704
2106581,1,1,11,0.86,26.03063965,119.19295502,62.6,26.03056145,119.19311523,44.18,12.938,-4.239,12.482,0.0,-0.0,-0.0,2.57,-1.5,-63.48,17.63,0.5,0.5,80.0,856,0,7706
2106792,1,1,10,0.86,26.03063965,119.19295502,63.0,26.03056145,119.19311523,44.18,12.928,-4.233,12.483,0.0,0.0,-0.0,2.58,-1.49,-63.48,18.203,0.5,0.5,80.0,857,0,7709
2107006,1,1,10,0.86,26.03063965,119.19295502,63.0,26.03056145,119.19311523,44.18,12.934,-4.237,12.482,-0.0,-0.0,0.0,2.55,-1.49,-63.47,18.203,0.5,0.5,80.0,857,0,7712
2107207,1,1,10,0.86,26.03063965,119.19295502,63.0,26.03056145,119.19311523,44.18,12.937,-4.238,12.482,-0.0,-0.0,-0.001,2.55,-1.5,-63.47,18.203,0.5,0.5,80.0,857,0,7713
2107412,1,1,10,0.86,26.03063965,119.19295502,63.0,26.03056145,119.19311523,44.18,12.938,-4.239,12.482,0.0,0.0,-0.0,2.55,-1.49,-63.49,18.203,0.5,0.5,81.93,857,0,7713
2107613,1,1,10,0.86,26.03064728,119.19293976,63.0,26.03056145,119.19311523,44.18,12.938,-4.239,12.482,0.0,-0.0,-0.0,2.56,-1.52,-63.5,18.203,0.5,0.5,81.93,857,0,7715
2107821,1,1,10,0.86,26.03064728,119.19293976,63.4,26.03056145,119.19311523,44.18,12.927,-4.233,12.483,-0.0,-0.0,-0.0,2.54,-1.52,-63.5,19.95,0.5,0.5,81.93,858,0,7718
2108022,1,1,10,0.86,26.03064728,119.19293976,63.4,26.03056145,119.19311523,44.18,12.934,-4.236,12.482,-0.0,0.0,-0.0,2.55,-1.49,-63.48,19.95,0.5,0.5,81.93,858,0,7721
2108225,1,1,10,0.86,26.03064728,119.19293976,63.4,26.03056145,119.19311523,44.18,12.937,-4.238,12.482,-0.0,0.0,-0.0,2.56,-1.47,-63.48,19.95,0.5,0.5,81.93,858,0,7722
2108426,1,1,10,0.86,26.03064728,119.19293976,63.4,26.03056145,119.19311523,44.18,12.938,-4.238,12.482,-0.0,0.0,0.0,2.54,-1.48,-63.48,19.95,0.5,0.5,78.95,858,0,7722
2108629,1,1,10,0.86,26.03064728,119.19293976,63.4,26.03056145,119.19311523,44.18,12.938,-4.239,12.482,-0.0,-0.0,0.0,2.53,-1.49,-63.48,19.95,0.5,0.5,78.95,858,0,7724
2108845,1,1,10,0.86,26.03064728,119.19293976,63.8,26.03056145,119.19311523,44.18,12.927,-4.233,12.483,-0.0,-0.0,-0.0,2.52,-1.49,-63.49,19.95,0.5,0.5,78.95,859,0,7728
2109050,1,1,10,0.86,26.03064728,119.19293976,63.8,26.03056145,119.19311523,44.18,12.934,-4.236,12.482,0.0,0.0,-0.0,2.53,-1.5,-63.5,19.95,0.5,0.5,78.95,859,0,7731
2109256,1,1,10,0.86,26.03064728,119.19293976,63.8,26.03056145,119.19311523,44.18,12.937,-4.238,12.482,0.0,0.0,0.0,2.53,-1.5,-63.5,19.95,0.5,0.5,78.95,859,0,7731
2109461,1,1,10,0.86,26.03064728,119.19293976,63.8,26.03056145,119.19311523,44.18,12.938,-4.238,12.482,0.0,0.0,-0.0,2.54,-1.49,-63.49,19.95,0.5,0.5,85.91,859,0,7731
2109697,1,1,10,0.86,26.03064728,119.19293976,64.2,26.03056145,119.19311523,44.18,12.921,-4.229,12.484,-0.0,-0.0,-0.0,2.54,-1.47,-63.48,19.95,0.5,0.5,85.91,860,0,7735
2109899,1,1,10,0.86,26.03064728,119.19293976,64.2,26.03056145,119.19311523,44.18,12.931,-4.235,12.482,0.0,-0.0,0.0,2.54,-1.47,-63.45,19.95,0.5,0.5,85.91,860,0,7737
2110110,1,1,10,0.86,26.03064728,119.19293976,64.2,26.03056145,119.19311523,44.18,12.936,-4.237,12.482,-0.0,0.0,-0.0,2.53,-1.46,-63.46,19.95,0.5,0.5,85.91,860,0,7740
2110316,1,1,10,0.86,26.03064728,119.19293976,64.2,26.03056145,119.19311523,44.18,12.937,-4.238,12.482,-0.0,0.0,-0.0,2.54,-1.45,-63.45,19.95,0.5,0.5,85.91,860,0,7740
2110522,1,1,10,0.86,26.03064728,119.19293976,64.2,26.03056145,119.19311523,44.18,12.938,-4.239,12.482,-0.0,-0.0,0.0,2.54,-1.46,-63.44,19.95,0.5,0.5,81.85,860,0,7741
2110724,1,1,10,0.86,26.03064728,119.19293976,64.6,26.03056145,119.19311523,44.18,12.921,-4.229,12.484,-0.0,0.0,0.0,2.56,-1.46,-63.45,19.95,0.5,0.5,81.85,861,0,7744
2110935,1,1,10,0.86,26.03064728,119.19293976,64.6,26.03056145,119.19311523,44.18,12.932,-4.235,12.482,0.0,-0.0,-0.0,2.56,-1.46,-63.42,19.95,0.5,0.5,81.85,861,0,7747
2111138,1,1,10,0.86,26.03064728,119.19293976,64.6,26.03056145,119.19311523,44.18,12.936,-4.237,12.482,0.0,-0.0,0.0,2.55,-1.48,-63.43,19.95,0.5,0.5,81.85,861,0,7749
2111341,1,1,10,0.86,26.03064728,119.19293976,64.6,26.03056145,119.19311523,44.18,12.937,-4.238,12.482,0.0,-0.0,-0.0,2.53,-1.49,-63.43,19.95,0.5,0.5,83.33,861,0,7749
2111550,1,1,10,0.86,26.03064346,119.19293976,64.6,26.03056145,119.19311523,44.18,12.938,-4.239,12.482,0.0,0.0,-0.0,2.55,-1.48,-63.43,19.95,0.5,0.5,83.33,861,0,7750
2111752,1,1,10,0.86,26.03064346,119.19293976,64.9,26.03056145,119.19311523,44.18,12.921,-4.23,12.484,-0.0,-0.0,-0.0,2.54,-1.48,-63.42,19.75,0.5,0.5,83.33,862,0,7753
2111960,1,1,10,0.86,26.03064346,119.19293976,64.9,26.03056145,119.19311523,44.18,12.932,-4.235,12.482,0.0,-0.0,0.0,2.53,-1.47,-63.46,19.75,0.5,0.5,83.33,862,0,7756
2112166,1,1,10,0.86,26.03064346,119.19293976,64.9,26.03056145,119.19311523,44.18,12.936,-4.237,12.482,0.0,-0.0,0.0,2.54,-1.47,-63.47,19.75,0.5,0.5,83.33,862,0,7758
2112371,1,1,10,0.86,26.03064346,119.19293976,64.9,26.03056145,119.19311523,44.18,12.937,-4.238,12.482,0.0,0.0,0.0,2.54,-1.49,-63.47,19.75,0.5,0.5,81.55,862,0,7758
2112582,1,1,10,0.86,26.03064728,119.19293976,64.9,26.03056145,119.19311523,44.18,12.938,-4.239,12.482,0.0,0.0,0.0,2.55,-1.48,-63.45,19.75,0.5,0.5,81.55,862,0,7760
2112799,1,1,9,1.01,26.03064728,119.19293976,65.3,26.03056145,119.19311523,44.18,12.93,-4.234,12.483,0.0,-0.0,-0.0,2.54,-1.49,-63.45,19.95,0.5,0.5,81.55,863,0,7763
2113002,1,1,9,1.01,26.03064728,119.19293976,65.3,26.03056145,119.19311523,44.18,12.935,-4.237,12.482,0.0,-0.0,-0.0,2.54,-1.5,-63.44,19.95,0.5,0.5,81.55,863,0,7766
2113210,1,1,9,1.01,26.03064728,119.19293976,65.3,26.03056145,119.19311523,44.18,12.937,-4.238,12.482,-0.0,0.0,0.0,2.52,-1.49,-63.44,19.95,0.5,0.5,81.55,863,0,7767
2113410,1,1,9,1.01,26.03064728,119.19293976,65.3,26.03056145,119.19311523,44.18,12.938,-4.239,12.482,-0.0,0.0,-0.0,2.53,-1.48,-63.47,19.95,0.5,0.5,85.0,863,0,7767
2113624,1,1,9,1.01,26.03064728,119.19293976,65.6,26.03056145,119.19311523,44.18,12.916,-4.227,12.485,0.0,-0.0,-0.0,2.52,-1.5,-63.47,19.95,0.5,0.5,85.0,864,0,7770
2113832,1,1,9,1.01,26.03064728,119.19293976,65.6,26.03056145,119.19311523,44.18,12.93,-4.234,12.483,0.0,0.0,-0.0,2.54,-1.5,-63.45,19.95,0.5,0.5,85.0,864,0,7773
2114040,1,1,9,1.01,26.03064728,119.19293976,65.6,26.03056145,119.19311523,44.18,12.935,-4.237,12.482,-0.0,-0.0,0.0,2.54,-1.48,-63.44,19.95,0.5,0.5,85.0,864,0,7776
2114251,1,1,9,1.01,26.03064728,119.19293976,65.6,26.03056145,119.19311523,44.18,12.937,-4.238,12.482,0.0,-0.0,0.0,2.54,-1.49,-63.44,19.95,0.5,0.5,85.0,864,0,7776
2114456,1,1,9,1.01,26.03064728,119.19293976,65.6,26.03056145,119.19311523,44.18,12.938,-4.239,12.482,0.0,0.0,-0.0,2.54,-1.48,-63.43,19.95,0.5,0.5,79.68,864,0,7776
2114660,1,1,9,1.09,26.03064728,119.19291687,65.8,26.03056145,119.19311523,44.18,12.917,-4.229,12.485,-0.0,0.0,-0.0,2.54,-1.49,-63.44,21.987,0.5,0.5,79.68,865,0,7779
2114876,1,1,9,1.09,26.03064728,119.19291687,65.8,26.03056145,119.19311523,44.18,12.93,-4.235,12.483,0.0,0.0,-0.0,2.54,-1.49,-63.46,21.987,0.5,0.5,79.68,865,0,7782
2115076,1,1,9,1.09,26.03064728,119.19291687,65.8,26.03056145,119.19311523,44.18,12.935,-4.237,12.482,-0.0,0.0,0.0,2.54,-1.47,-63.48,21.987,0.5,0.5,79.68,865,0,7785
2115286,1,1,9,1.09,26.03064728,119.19291687,65.8,26.03056145,119.19311523,44.18,12.937,-4.238,12.482,-0.0,0.0,0.0,2.53,-1.46,-63.49,21.987,0.5,0.5,79.68,865,0,7785
2115501,1,1,9,1.09,26.03064728,119.19291687,65.8,26.03056145,119.19311523,44.18,12.938,-4.239,12.482,0.0,0.0,-0.0,2.54,-1.46,-63.47,21.987,0.5,0.5,82.35,865,0,7785
2115718,1,1,9,1.09,26.03065109,119.19291687,65.9,26.03056145,119.19311523,44.18,12.925,-4.232,12.484,0.0,-0.0,0.0,2.55,-1.45,-63.47,22.175,0.5,0.5,82.35,866,0,7789
2115929,1,1,9,1.09,26.03065109,119.19291687,65.9,26.03056145,119.19311523,44.18,12.933,-4.236,12.482,0.0,0.0,0.0,2.53,-1.45,-63.47,22.175,0.5,0.5,82.35,866,0,7792
2116136,1,1,9,1.09,26.03065109,119.19291687,65.9,26.03056145,119.19311523,44.18,12.936,-4.238,12.482,0.0,0.0,0.0,2.54,-1.43,-63.46,22.175,0.5,0.5,82.35,866,0,7794
2116340,1,1,9,1.09,26.03065109,119.19291687,65.9,26.03056145,119.19311523,44.18,12.938,-4.238,12.482,0.0,-0.0,-0.0,2.54,-1.45,-63.47,22.175,0.5,0.5,82.35,866,0,7794
2116540,1,1,9,1.09,26.03066063,119.19291687,65.9,26.03056145,119.19311523,44.18,12.938,-4.239,12.482,-0.0,-0.0,-0.0,2.56,-1.48,-63.47,22.175,0.5,0.5,83.73,866,0,7795
2116749,1,1,9,1.01,26.03066063,119.19291687,66.2,26.03056145,119.19311523,44.18,12.923,-4.23,12.484,-0.0,-0.0,-0.0,2.54,-1.47,-63.47,22.672,0.5,0.5,83.73,867,0,7798
2116957,1,1,9,1.01,26.03066063,119.19291687,66.2,26.03056145,119.19311523,44.18,12.932,-4.235,12.482,0.0,-0.0,-0.0,2.55,-1.49,-63.48,22.672,0.5,0.5,83.73,867,0,7801
2117160,1,1,9,1.01,26.03066063,119.19291687,66.2,26.03056145,119.19311523,44.18,12.936,-4.238,12.482,0.0,-0.0,0.0,2.55,-1.5,-63.48,22.672,0.5,0.5,83.73,867,0,7803
2117361,1,1,9,1.01,26.03066063,119.19291687,66.2,26.03056145,119.19311523,44.18,12.938,-4.238,12.482,0.0,-0.0,-0.0,2.56,-1.5,-63.45,22.672,0.5,0.5,83.73,867,0,7803
2117567,1,1,9,1.01,26.03067207,119.19291687,66.2,26.03056145,119.19311523,44.18,12.938,-4.239,12.482,-0.0,0.0,0.0,2.56,-1.49,-63.47,22.672,0.5,0.5,84.4,867,0,7805
2117771,1,1,9,1.01,26.03067207,119.19291687,66.6,26.03056145,119.19311523,44.18,12.923,-4.229,12.484,0.0,0.0,-0.0,2.57,-1.49,-63.47,23.319,0.5,0.5,84.4,868,0,7807
2117972,1,1,9,1.01,26.03067207,119.19291687,66.6,26.03056145,119.19311523,44.18,12.932,-4.235,12.482,-0.0,0.0,0.0,2.57,-1.49,-63.47,23.319,0.5,0.5,84.4,868,0,7811
2118179,1,1,9,1.01,26.03067207,119.19291687,66.6,26.03056145,119.19311523,44.18,12.936,-4.237,12.482,-0.0,-0.0,0.0,2.55,-1.5,-63.48,23.319,0.5,0.5,84.4,868,0,7812
2118386,1,1,9,1.01,26.03067207,119.19291687,66.6,26.03056145,119.19311523,44.18,12.938,-4.238,12.482,-0.0,0.0,-0.0,2.56,-1.5,-63.45,23.319,0.5,0.5,84.4,868,0,7812
2118599,1,1,9,1.01,26.03067589,119.19291687,66.6,26.03056145,119.19311523,44.18,12.938,-4.239,12.482,-0.0,0.0,0.0,2.56,-1.48,-63.44,23.319,0.5,0.5,84.75,868,0,7814
2118825,1,1,9,0.94,26.03067589,119.19291687,66.7,26.03056145,119.19311523,44.18,12.927,-4.232,12.483,0.0,-0.0,-0.0,2.54,-1.51,-63.45,23.545,0.5,0.5,84.75,869,0,7817
2119029,1,1,9,0.94,26.03067589,119.19291687,66.7,26.03056145,119.19311523,44.18,12.934,-4.236,12.482,0.0,-0.0,-0.0,2.54,-1.5,-63.44,23.545,0.5,0.5,84.75,869,0,7821
2119230,1,1,9,0.94,26.03067589,119.19291687,66.7,26.03056145,119.19311523,44.18,12.937,-4.238,12.482,-0.0,-0.0,0.0,2.54,-1.51,-63.45,23.545,0.5,0.5,84.75,869,0,7821
2119434,1,1,9,0.94,26.03067589,119.19291687,66.7,26.03056145,119.19311523,44.18,12.938,-4.238,12.482,0.0,-0.0,0.0,2.55,-1.5,-63.43,23.545,0.5,0.5,84.75,869,0,7821
2119646,1,1,9,0.94,26.03068352,119.19290161,67.0,26.03056145,119.19311523,44.19,12.907,-4.219,12.485,-0.0,-0.0,-0.0,2.51,-1.5,-63.42,25.289,0.5,0.5,79.68,870,0,7824
2119848,1,1,9,0.94,26.03068352,119.19290161,67.0,26.03056145,119.19311523,44.18,12.926,-4.231,12.483,-0.0,0.0,-0.0,2.52,-1.52,-63.41,25.289,0.5,0.5,79.68,870,0,7827
2120060,1,1,9,0.94,26.03068352,119.19290161,67.0,26.03056145,119.19311523,44.18,12.934,-4.236,12.482,-0.0,-0.0,0.001,2.52,-1.51,-63.41,25.289,0.5,0.5,79.68,870,0,7830
2120265,1,1,9,0.94,26.03068352,119.19290161,67.0,26.03056145,119.19311523,44.18,12.937,-4.238,12.482,0.0,0.0,0.0,2.53,-1.51,-63.42,25.289,0.5,0.5,79.68,870,0,7830
2120471,1,1,9,0.94,26.03068352,119.19290161,67.0,26.03056145,119.19311523,44.18,12.938,-4.238,12.482,0.0,-0.0,-0.0,2.52,-1.5,-63.42,25.289,0.5,0.5,82.1,870,0,7830
2120680,1,1,9,0.94,26.03068924,119.19288635,67.3,26.03056145,119.19311523,44.19,12.905,-4.218,12.485,0.0,-0.0,0.0,2.53,-1.51,-63.41,26.92,0.5,0.5,82.1,871,0,7833
2120896,1,1,9,0.94,26.03068924,119.19288635,67.3,26.03056145,119.19311523,44.18,12.925,-4.231,12.483,-0.0,0.0,-0.0,2.53,-1.52,-63.45,26.92,0.5,0.5,82.1,871,0,7836
2121104,1,1,9,0.94,26.03068924,119.19288635,67.3,26.03056145,119.19311523,44.18,12.933,-4.236,12.482,-0.0,0.0,0.0,2.55,-1.5,-63.45,26.92,0.5,0.5,82.1,871,0,7839
2121312,1,1,9,0.94,26.03068924,119.19288635,67.3,26.03056145,119.19311523,44.18,12.936,-4.238,12.482,0.0,0.0,0.0,2.55,-1.49,-63.46,26.92,0.5,0.5,82.1,871,0,7839
2121516,1,1,9,0.94,26.03068924,119.19287109,67.3,26.03056145,119.19311523,44.18,12.938,-4.238,12.482,0.0,0.0,0.0,2.57,-1.48,-63.46,26.92,0.5,0.5,83.75,871,0,7840
2121729,1,1,9,0.94,26.03068924,119.19287109,67.5,26.03056145,119.19311523,44.18,12.916,-4.226,12.484,0.0,-0.0,-0.0,2.56,-1.47,-63.47,28.227,0.5,0.5,83.75,872,0,7843
2121947,1,1,9,0.94,26.03068924,119.19287109,67.5,26.03056145,119.19311523,44.18,12.93,-4.234,12.482,0.0,-0.0,0.0,2.55,-1.47,-63.46,28.227,0.5,0.5,83.75,872,0,7846
2122149,1,1,9,0.94,26.03068924,119.19287109,67.5,26.03056145,119.19311523,44.18,12.935,-4.237,12.482,-0.0,0.0,-0.0,2.57,-1.47,-63.47,28.227,0.5,0.5,83.75,872,0,7848
2122357,1,1,9,0.94,26.03068924,119.19287109,67.5,26.03056145,119.19311523,44.18,12.937,-4.238,12.482,0.0,-0.0,-0.0,2.56,-1.48,-63.49,28.227,0.5,0.5,83.75,872,0,7848
2122569,1,1,9,0.94,26.03068924,119.19288635,67.5,26.03056145,119.19311523,44.18,12.938,-4.239,12.482,0.0,0.0,-0.0,2.56,-1.48,-63.48,28.227,0.5,0.5,81.03,872,0,7850
2122773,1,1,10,0.86,26.03068924,119.19288635,67.7,26.03056145,119.19311523,44.18,12.915,-4.224,12.484,-0.0,-0.001,0.0,2.54,-1.49,-63.45,26.92,0.5,0.5,81.03,873,0,7853
2122974,1,1,10,0.86,26.03068924,119.19288635,67.7,26.03056145,119.19311523,44.18,12.929,-4.233,12.482,0.0,0.0,0.0,2.53,-1.5,-63.45,26.92,0.5,0.5,81.03,873,0,7856
2123178,1,1,10,0.86,26.03068924,119.19288635,67.7,26.03056145,119.19311523,44.18,12.935,-4.237,12.482,-0.0,-0.0,-0.0,2.52,-1.51,-63.46,26.92,0.5,0.5,81.03,873,0,7857
2123381,1,1,10,0.86,26.03068924,119.19288635,67.7,26.03056145,119.19311523,44.18,12.937,-4.238,12.482,0.0,0.0,-0.0,2.51,-1.49,-63.45,26.92,0.5,0.5,81.03,873,0,7857
2123584,1,1,10,0.86,26.03068924,119.19287109,67.7,26.03056145,119.19311523,44.18,12.938,-4.239,12.482,0.0,-0.0,0.0,2.53,-1.5,-63.45,26.92,0.5,0.5,82.67,873,0,7859
2123802,1,1,9,0.94,26.03068924,119.19287109,68.1,26.03056145,119.19311523,44.18,12.924,-4.231,12.483,0.0,0.0,-0.0,2.54,-1.47,-63.47,28.227,0.5,0.5,82.67,874,0,7862
2124005,1,1,9,0.94,26.03068924,119.19287109,68.1,26.03056145,119.19311523,44.18,12.933,-4.236,12.482,-0.0,-0.0,-0.0,2.54,-1.46,-63.46,28.227,0.5,0.5,82.67,874,0,7865
2124210,1,1,9,0.94,26.03068924,119.19287109,68.1,26.03056145,119.19311523,44.18,12.936,-4.238,12.482,0.0,-0.0,0.0,2.54,-1.48,-63.45,28.227,0.5,0.5,82.67,874,0,7866
2124421,1,1,9,0.94,26.03068924,119.19287109,68.1,26.03056145,119.19311523,44.18,12.938,-4.238,12.482,-0.0,-0.0,-0.0,2.53,-1.47,-63.44,28.227,0.5,0.5,82.67,874,0,7866
2124629,1,1,10,0.86,26.03067589,119.19287109,68.3,26.03056145,119.19311523,44.19,12.899,-4.218,12.485,0.0,-0.0,-0.0,2.54,-1.49,-63.47,27.509,0.5,0.5,83.66,875,0,7869
2124834,1,1,10,0.86,26.03067589,119.19287109,68.3,26.03056145,119.19311523,44.18,12.923,-4.231,12.483,-0.0,0.0,0.0,2.53,-1.48,-63.47,27.509,0.5,0.5,83.66,875,0,7872
2125051,1,1,10,0.86,26.03067589,119.19287109,68.3,26.03056145,119.19311523,44.18,12.932,-4.236,12.482,0.0,-0.0,-0.0,2.54,-1.47,-63.48,27.509,0.5,0.5,83.66,875,0,7875
2125256,1,1,10,0.86,26.03067589,119.19287109,68.3,26.03056145,119.19311523,44.18,12.936,-4.238,12.482,-0.0,0.0,0.0,2.51,-1.48,-63.51,27.509,0.5,0.5,83.66,875,0,7875
2125461,1,1,10,0.86,26.03067589,119.19287109,68.3,26.03056145,119.19311523,44.18,12.938,-4.238,12.482,0.0,-0.0,0.0,2.51,-1.5,-63.49,27.509,0.5,0.5,83.66,875,0,7875
2125697,1,1,10,0.86,26.03066826,119.19287109,68.3,26.03056145,119.19311523,44.18,12.914,-4.227,12.484,-0.0,0.0,-0.0,2.51,-1.49,-63.48,27.126,0.5,0.5,84.08,876,0,7879
2125899,1,1,10,0.86,26.03066826,119.19287109,68.3,26.03056145,119.19311523,44.18,12.929,-4.234,12.483,-0.0,-0.0,-0.0,2.49,-1.49,-63.5,27.126,0.5,0.5,84.08,876,0,7881
2126103,1,1,10,0.86,26.03066826,119.19287109,68.3,26.03056145,119.19311523,44.18,12.935,-4.237,12.482,-0.0,0.0,-0.0,2.5,-1.48,-63.5,27.126,0.5,0.5,84.08,876,0,7884
2126305,1,1,10,0.86,26.03066826,119.19287109,68.3,26.03056145,119.19311523,44.18,12.937,-4.238,12.482,-0.0,-0.0,-0.0,2.49,-1.45,-63.47,27.126,0.5,0.5,84.08,876,0,7884
2126516,1,1,10,0.86,26.03066063,119.19288635,68.3,26.03056145,119.19311523,44.18,12.938,-4.239,12.482,-0.0,0.0,0.0,2.49,-1.46,-63.47,27.126,0.5,0.5,84.08,876,0,7885
2126719,1,1,10,0.86,26.03066063,119.19288635,68.6,26.03056145,119.19311523,44.18,12.915,-4.228,12.484,0.0,0.0,-0.0,2.52,-1.47,-63.45,25.382,0.5,0.5,80.87,877,0,7888
2126924,1,1,10,0.86,26.03066063,119.19288635,68.6,26.03056145,119.19311523,44.18,12.929,-4.234,12.482,-0.0,0.0,-0.0,2.54,-1.48,-63.44,25.382,0.5,0.5,80.87,877,0,7891
2127126,1,1,10,0.86,26.03066063,119.19288635,68.6,26.03056145,119.19311523,44.18,12.935,-4.237,12.482,-0.0,0.0,0.0,2.54,-1.46,-63.45,25.382,0.5,0.5,80.87,877,0,7893
2127331,1,1,10,0.86,26.03066063,119.19288635,68.6,26.03056145,119.19311523,44.18,12.937,-4.238,12.482,0.0,0.0,0.0,2.55,-1.45,-63.45,25.382,0.5,0.5,80.87,877,0,7893
2127540,1,1,10,0.86,26.03066063,119.19288635,68.6,26.03056145,119.19311523,44.18,12.938,-4.239,12.482,0.0,0.0,-0.0,2.55,-1.46,-63.42,25.382,0.5,0.5,80.87,877,0,7894
2127749,1,1,10,0.86,26.03066063,119.19288635,68.6,26.03056145,119.19311523,44.18,12.915,-4.228,12.484,-0.0,-0.0,0.0,2.55,-1.46,-63.4,25.382,0.5,0.5,83.33,878,0,7897
2127966,1,1,10,0.86,26.03066063,119.19288635,68.6,26.03056145,119.19311523,44.18,12.929,-4.234,12.482,0.0,-0.0,-0.0,2.55,-1.47,-63.41,25.382,0.5,0.5,83.33,878,0,7901
2128173,1,1,10,0.86,26.03066063,119.19288635,68.6,26.03056145,119.19311523,44.18,12.935,-4.237,12.482,0.0,-0.0,-0.0,2.53,-1.48,-63.4,25.382,0.5,0.5,83.33,878,0,7902
2128376,1,1,10,0.86,26.03066063,119.19288635,68.6,26.03056145,119.19311523,44.18,12.937,-4.238,12.482,-0.0,-0.0,-0.001,2.54,-1.49,-63.4,25.382,0.5,0.5,83.33,878,0,7902
2128579,1,1,10,0.86,26.03065109,119.19287109,68.6,26.03056145,119.19311523,44.18,12.938,-4.239,12.482,-0.0,0.0,0.0,2.53,-1.47,-63.42,25.382,0.5,0.5,80.71,878,0,7904
2128806,1,1,10,0.86,26.03065109,119.19287109,68.9,26.03056145,119.19311523,44.18,12.923,-4.232,12.483,-0.0,-0.0,-0.001,2.51,-1.54,-63.45,26.345,0.5,0.5,80.71,879,0,7907
2129019,1,1,10,0.86,26.03065109,119.19287109,68.9,26.03056145,119.19311523,44.18,12.932,-4.236,12.482,0.0,0.0,0.0,2.53,-1.54,-63.45,26.345,0.5,0.5,80.71,879,0,7911
2129220,1,1,10,0.86,26.03065109,119.19287109,68.9,26.03056145,119.19311523,44.18,12.936,-4.238,12.482,0.0,0.0,0.0,2.54,-1.54,-63.46,26.345,0.5,0.5,80.71,879,0,7911
2129424,1,1,10,0.86,26.03065109,119.19287109,68.9,26.03056145,119.19311523,44.18,12.938,-4.238,12.482,-0.0,0.0,-0.0,2.55,-1.5,-63.44,26.345,0.5,0.5,80.71,879,0,7911
2129636,1,1,10,0.86,26.03064728,119.19287109,69.1,26.03056145,119.19311523,44.19,12.899,-4.223,12.485,0.0,0.0,-0.0,2.57,-1.48,-63.42,26.188,0.5,0.5,83.83,880,0,7914
2129838,1,1,10,0.86,26.03064728,119.19287109,69.1,26.03056145,119.19311523,44.18,12.923,-4.233,12.483,-0.0,0.0,-0.0,2.56,-1.49,-63.41,26.188,0.5,0.5,83.83,880,0,7917
2130050,1,1,10,0.86,26.03064728,119.19287109,69.1,26.03056145,119.19311523,44.18,12.932,-4.236,12.482,-0.0,0.0,-0.0,2.55,-1.49,-63.41,26.188,0.5,0.5,83.83,880,0,7920
2130255,1,1,10,0.86,26.03064728,119.19287109,69.1,26.03056145,119.19311523,44.18,12.936,-4.238,12.482,0.0,0.0,-0.0,2.54,-1.49,-63.45,26.188,0.5,0.5,83.83,880,0,7920
2130461,1,1,10,0.86,26.03064728,119.19287109,69.1,26.03056145,119.19311523,44.18,12.938,-4.239,12.482,0.0,0.0,-0.0,2.54,-1.48,-63.46,26.188,0.5,0.5,83.83,880,0,7920
2130670,1,1,10,0.86,26.03064346,119.19287109,69.4,26.03056145,119.19311523,44.19,12.899,-4.224,12.486,0.0,-0.0,0.001,2.54,-1.47,-63.47,26.036,0.5,0.5,79.92,881,0,7923
2130871,1,1,10,0.86,26.03064346,119.19287109,69.4,26.03056145,119.19311523,44.18,12.923,-4.233,12.483,0.0,-0.0,0.0,2.55,-1.47,-63.47,26.036,0.5,0.5,79.92,881,0,7926
2131076,1,1,10,0.86,26.03064346,119.19287109,69.4,26.03056145,119.19311523,44.18,12.932,-4.237,12.482,0.0,-0.0,0.0,2.55,-1.47,-63.45,26.036,0.5,0.5,79.92,881,0,7929
2131281,1,1,10,0.86,26.03064346,119.19287109,69.4,26.03056145,119.19311523,44.18,12.936,-4.238,12.482,0.0,-0.0,0.0,2.54,-1.49,-63.47,26.036,0.5,0.5,79.92,881,0,7929
2131488,1,1,10,0.86,26.03064346,119.19287109,69.4,26.03056145,119.19311523,44.18,12.938,-4.239,12.482,-0.0,0.0,-0.0,2.53,-1.48,-63.47,26.036,0.5,0.5,79.92,881,0,7929
2131703,1,1,9,0.86,26.03063965,119.19287109,69.7,26.03056145,119.19311523,44.18,12.914,-4.23,12.484,0.0,-0.0,0.0,2.53,-1.5,-63.46,25.89,0.5,0.5,83.42,882,0,7933
2131911,1,1,9,0.86,26.03063965,119.19287109,69.7,26.03056145,119.19311523,44.18,12.929,-4.235,12.483,0.0,0.0,-0.001,2.53,-1.5,-63.45,25.89,0.5,0.5,83.42,882,0,7936
2132116,1,1,9,0.86,26.03063965,119.19287109,69.7,26.03056145,119.19311523,44.18,12.935,-4.237,12.482,0.0,0.0,0.0,2.55,-1.51,-63.45,25.89,0.5,0.5,83.42,882,0,7938
2132321,1,1,9,0.86,26.03063965,119.19287109,69.7,26.03056145,119.19311523,44.18,12.937,-4.238,12.482,-0.0,-0.0,0.0,2.55,-1.49,-63.43,25.89,0.5,0.5,83.42,882,0,7938
2132528,1,1,9,0.86,26.03063965,119.19287109,69.7,26.03056145,119.19311523,44.18,12.938,-4.239,12.482,0.0,0.0,-0.0,2.55,-1.5,-63.41,25.89,0.5,0.5,83.42,882,0,7939
2132739,1,1,10,1.01,26.03063965,119.19287109,69.8,26.03056145,119.19311523,44.18,12.919,-4.232,12.484,-0.0,0.0,0.0,2.56,-1.49,-63.41,25.89,0.5,0.5,83.41,883,0,7942
2132943,1,1,10,1.01,26.03063965,119.19287109,69.8,26.03056145,119.19311523,44.18,12.931,-4.236,12.483,0.0,-0.0,0.0,2.55,-1.49,-63.41,25.89,0.5,0.5,83.41,883,0,7945
2133149,1,1,10,1.01,26.03063965,119.19287109,69.8,26.03056145,119.19311523,44.18,12.935,-4.238,12.482,0.0,0.0,0.0,2.55,-1.49,-63.42,25.89,0.5,0.5,83.41,883,0,7947
2133356,1,1,10,1.01,26.03063965,119.19287109,69.8,26.03056145,119.19311523,44.18,12.937,-4.238,12.482,-0.0,-0.0,-0.0,2.54,-1.49,-63.43,25.89,0.5,0.5,83.41,883,0,7947
2133579,1,1,10,1.01,26.03063965,119.19287109,69.8,26.03056145,119.19311523,44.18,12.938,-4.239,12.482,0.0,0.0,0.0,2.54,-1.49,-63.43,25.89,0.5,0.5,83.41,883,0,7949
2133779,1,1,11,1.01,26.03063965,119.19287109,70.0,26.03056145,119.19311523,44.18,12.926,-4.235,12.483,-0.0,0.0,-0.0,2.54,-1.46,-63.43,25.89,0.5,0.5,85.57,884,0,7951
2133987,1,1,11,1.01,26.03063965,119.19287109,70.0,26.03056145,119.19311523,44.18,12.934,-4.237,12.482,0.0,-0.0,-0.0,2.54,-1.47,-63.43,25.89,0.5,0.5,85.57,884,0,7955
2134187,1,1,11,1.01,26.03063965,119.19287109,70.0,26.03056145,119.19311523,44.18,12.937,-4.238,12.482,-0.0,-0.0,0.0,2.52,-1.47,-63.41,25.89,0.5,0.5,85.57,884,0,7956
2134396,1,1,11,1.01,26.03063965,119.19287109,70.0,26.03056145,119.19311523,44.18,12.938,-4.239,12.482,-0.0,-0.0,0.0,2.52,-1.47,-63.41,25.89,0.5,0.5,85.57,884,0,7956
2134607,1,1,11,1.01,26.03063583,119.19287109,70.0,26.03056145,119.19311523,44.18,12.938,-4.239,12.482,0.0,0.0,-0.001,2.52,-1.46,-63.43,25.89,0.5,0.5,85.57,884,0,7958
2134818,1,1,11,1.01,26.03063583,119.19287109,70.1,26.03056145,119.19311523,44.18,12.926,-4.235,12.483,0.0,0.0,0.0,2.52,-1.47,-63.43,25.751,0.5,0.5,78.87,885,0,7961
2135018,1,1,11,1.01,26.03063583,119.19287109,70.1,26.03056145,119.19311523,44.18,12.934,-4.237,12.482,0.0,-0.0,-0.0,2.53,-1.49,-63.45,25.751,0.5,0.5,78.87,885,0,7964
2135221,1,1,11,1.01,26.03063583,119.19287109,70.1,26.03056145,119.19311523,44.18,12.937,-4.238,12.482,-0.0,-0.0,0.0,2.53,-1.48,-63.45,25.751,0.5,0.5,78.87,885,0,7965
2135421,1,1,11,1.01,26.03063583,119.19287109,70.1,26.03056145,119.19311523,44.18,12.938,-4.239,12.482,-0.0,-0.0,0.0,2.52,-1.48,-63.46,25.751,0.5,0.5,78.87,885,0,7965
2135631,1,1,11,1.01,26.03063583,119.19287109,69.9,26.03056145,119.19311523,44.19,12.908,-4.228,12.486,0.0,-0.0,-0.0,2.52,-1.51,-63.48,25.751,0.5,0.5,78.87,886,0,7968
2135842,1,1,11,1.01,26.03063583,119.19287109,69.9,26.03056145,119.19311523,44.18,12.926,-4.235,12.483,0.0,0.0,0.0,2.52,-1.51,-63.49,25.751,0.5,0.5,83.25,886,0,7971
2136050,1,1,11,1.01,26.03063583,119.19287109,69.9,26.03056145,119.19311523,44.18,12.934,-4.237,12.482,-0.0,-0.0,0.0,2.54,-1.5,-63.48,25.751,0.5,0.5,83.25,886,0,7974
2136261,1,1,11,1.01,26.03063583,119.19287109,69.9,26.03056145,119.19311523,44.18,12.937,-4.238,12.482,-0.0,-0.0,-0.0,2.54,-1.48,-63.46,25.751,0.5,0.5,83.25,886,0,7974
2136466,1,1,11,1.01,26.03063583,119.19287109,69.9,26.03056145,119.19311523,44.18,12.938,-4.239,12.482,0.0,0.0,-0.0,2.55,-1.47,-63.43,25.751,0.5,0.5,83.25,886,0,7974
2136667,1,1,10,1.01,26.03063965,119.19287109,70.1,26.03056145,119.19311523,44.18,12.919,-4.232,12.484,-0.0,-0.0,0.0,2.54,-1.48,-63.42,25.89,0.396,0.396,83.25,887,0,7977
2136868,1,1,10,1.01,26.03063965,119.19287109,70.1,26.03056145,119.19311523,44.18,12.926,-4.235,12.483,-0.0,0.0,-0.0,2.52,-1.47,-63.43,25.89,0.5,0.5,84.76,887,0,7980
2137069,1,1,10,1.01,26.03063965,119.19287109,70.1,26.03056145,119.19311523,44.18,12.934,-4.237,12.482,-0.0,-0.0,-0.0,2.51,-1.47,-63.45,25.89,0.5,0.5,84.76,887,0,7983
2137271,1,1,10,1.01,26.03063965,119.19287109,70.1,26.03056145,119.19311523,44.18,12.937,-4.238,12.482,-0.0,-0.0,0.0,2.5,-1.47,-63.46,25.89,0.5,0.5,84.76,887,0,7983
2137473,1,1,10,1.01,26.03063965,119.19287109,70.1,26.03056145,119.19311523,44.18,12.938,-4.239,12.482,0.0,-0.0,-0.0,2.5,-1.46,-63.45,25.89,0.5,0.5,84.76,887,0,7983
2137681,1,1,10,0.86,26.03064728,119.19285583,70.4,26.03056145,119.19311523,44.19,12.897,-4.224,12.486,-0.0,0.0,0.001,2.5,-1.46,-63.46,27.615,0.5,0.5,84.76,888,0,7986
2137883,1,1,10,0.86,26.03064728,119.19285583,70.4,26.03056145,119.19311523,44.18,12.922,-4.233,12.483,0.0,-0.0,-0.0,2.5,-1.47,-63.46,27.615,0.5,0.5,82.61,888,0,7989
2138086,1,1,10,0.86,26.03064728,119.19285583,70.4,26.03056145,119.19311523,44.18,12.932,-4.236,12.482,-0.0,0.0,0.0,2.51,-1.47,-63.44,27.615,0.5,0.5,82.61,888,0,7992
2138291,1,1,10,0.86,26.03064728,119.19285583,70.4,26.03056145,119.19311523,44.18,12.936,-4.238,12.482,0.0,0.0,-0.0,2.52,-1.45,-63.43,27.615,0.5,0.5,82.61,888,0,7992
2138492,1,1,10,0.86,26.03064728,119.19285583,70.4,26.03056145,119.19311523,44.18,12.938,-4.239,12.482,0.0,0.0,0.0,2.52,-1.47,-63.45,27.615,0.5,0.5,82.61,888,0,7992
2138707,1,1,10,0.86,26.03064728,119.19285583,70.2,26.03056145,119.19311523,44.18,12.912,-4.229,12.484,0.0,0.0,-0.0,2.55,-1.46,-63.43,27.614,0.5,0.5,82.61,889,0,7996
2138916,1,1,10,0.86,26.03064728,119.19285583,70.2,26.03056145,119.19311523,44.18,12.928,-4.235,12.483,-0.0,0.0,-0.0,2.55,-1.46,-63.44,27.614,0.5,0.5,81.95,889,0,7998
2139118,1,1,10,0.86,26.03064728,119.19285583,70.2,26.03056145,119.19311523,44.18,12.934,-4.237,12.482,-0.0,-0.0,-0.0,2.54,-1.47,-63.45,27.614,0.5,0.5,81.95,889,0,8001
2139321,1,1,10,0.86,26.03064728,119.19285583,70.2,26.03056145,119.19311523,44.18,12.937,-4.238,12.482,-0.0,-0.0,0.0,2.54,-1.49,-63.43,27.614,0.5,0.5,81.95,889,0,8001
2139521,1,1,10,0.86,26.03064728,119.19285583,70.2,26.03056145,119.19311523,44.18,12.938,-4.239,12.482,-0.0,0.0,-0.001,2.53,-1.48,-63.44,27.614,0.5,0.5,81.95,889,0,8002
2139730,1,1,10,0.86,26.03064728,119.19285583,69.7,26.03056145,119.19311523,44.18,12.912,-4.229,12.484,-0.0,-0.0,0.0,2.52,-1.47,-63.45,27.614,0.5,0.5,81.95,890,0,8005
2139939,1,1,10,0.86,26.03064728,119.19285583,69.7,26.03056145,119.19311523,44.18,12.928,-4.235,12.483,-0.0,0.0,0.0,2.51,-1.49,-63.48,27.614,0.5,0.5,82.36,890,0,8008
2140141,1,1,10,0.86,26.03064728,119.19285583,69.7,26.03056145,119.19311523,44.18,12.934,-4.237,12.482,-0.0,-0.0,-0.0,2.49,-1.49,-63.46,27.614,0.5,0.5,82.36,890,0,8010
2140342,1,1,10,0.86,26.03064728,119.19285583,69.7,26.03056145,119.19311523,44.18,12.937,-4.238,12.482,0.0,0.0,0.001,2.49,-1.49,-63.47,27.614,0.5,0.5,82.36,890,0,8010
2140550,1,1,10,0.86,26.03065109,119.19287109,69.7,26.03056145,119.19311523,44.18,12.938,-4.239,12.482,0.0,-0.0,-0.0,2.5,-1.48,-63.43,27.614,0.5,0.5,82.36,890,0,8011
2140753,1,1,10,0.86,26.03065109,119.19287109,68.9,26.03056145,119.19311523,44.18,12.914,-4.229,12.484,-0.0,-0.0,0.0,2.49,-1.46,-63.42,26.345,0.5,0.5,82.36,891,0,8014
2140959,1,1,10,0.86,26.03065109,119.19287109,68.9,26.03056145,119.19311523,44.18,12.929,-4.235,12.483,0.0,-0.0,-0.0,2.49,-1.47,-63.45,26.345,0.5,0.5,82.28,891,0,8017
2141161,1,1,10,0.86,26.03065109,119.19287109,68.9,26.03056145,119.19311523,44.18,12.935,-4.237,12.482,-0.0,0.0,0.0,2.5,-1.48,-63.46,26.345,0.5,0.5,82.28,891,0,8019
2141366,1,1,10,0.86,26.03065109,119.19287109,68.9,26.03056145,119.19311523,44.18,12.937,-4.238,12.482,-0.0,-0.0,-0.0,2.5,-1.48,-63.42,26.345,0.5,0.5,82.28,891,0,8019
2141583,1,1,10,0.86,26.03066063,119.19287109,68.9,26.03056145,119.19311523,44.18,12.938,-4.239,12.482,-0.0,-0.0,0.0,2.5,-1.47,-63.43,26.345,0.5,0.5,82.28,891,0,8021
2141792,1,1,10,0.86,26.03066063,119.19287109,68.1,26.03056145,119.19311523,44.18,12.923,-4.232,12.483,-0.0,0.0,-0.0,2.51,-1.44,-63.42,26.765,0.5,0.5,82.28,892,0,8024
2142001,1,1,10,0.86,26.03066063,119.19287109,68.1,26.03056145,119.19311523,44.18,12.932,-4.236,12.482,0.0,0.0,0.0,2.51,-1.44,-63.44,26.765,0.5,0.5,84.13,892,0,8027
2142208,1,1,10,0.86,26.03066063,119.19287109,68.1,26.03056145,119.19311523,44.18,12.936,-4.238,12.482,-0.0,-0.0,-0.0,2.51,-1.46,-63.47,26.765,0.5,0.5,84.13,892,0,8028
2142411,1,1,10,0.86,26.03066063,119.19287109,68.1,26.03056145,119.19311523,44.18,12.938,-4.238,12.482,0.0,0.0,0.0,2.5,-1.45,-63.48,26.765,0.5,0.5,84.13,892,0,8028
2142612,1,1,10,0.86,26.03066826,119.19287109,68.1,26.03056145,119.19311523,44.18,12.938,-4.239,12.482,0.0,0.0,-0.0,2.51,-1.45,-63.48,26.765,0.5,0.5,84.13,892,0,8030
2142822,1,1,10,0.86,26.03066826,119.19287109,67.4,26.03056145,119.19311523,44.18,12.923,-4.231,12.483,0.0,0.0,0.0,2.52,-1.44,-63.5,27.126,0.5,0.5,84.13,893,0,8033
2143028,1,1,10,0.86,26.03066826,119.19287109,67.4,26.03056145,119.19311523,44.18,12.932,-4.236,12.482,0.0,-0.0,0.0,2.53,-1.44,-63.49,27.126,0.5,0.5,83.98,893,0,8036
2143230,1,1,10,0.86,26.03066826,119.19287109,67.4,26.03056145,119.19311523,44.18,12.936,-4.238,12.482,-0.0,-0.0,-0.0,2.52,-1.46,-63.49,27.126,0.5,0.5,83.98,893,0,8037
2143442,1,1,10,0.86,26.03066826,119.19287109,67.4,26.03056145,119.19311523,44.18,12.938,-4.238,12.482,0.0,-0.0,0.0,2.53,-1.48,-63.48,27.126,0.5,0.5,83.98,893,0,8037
2143649,1,1,10,0.86,26.03066826,119.19287109,66.4,26.03056145,119.19311523,44.19,12.899,-4.22,12.485,0.0,0.0,-0.0,2.55,-1.46,-63.46,27.126,0.5,0.5,83.98,894,0,8040
2143854,1,1,10,0.86,26.03066826,119.19287109,66.4,26.03056145,119.19311523,44.18,12.923,-4.231,12.483,0.0,-0.0,-0.0,2.55,-1.46,-63.44,27.126,0.5,0.5,83.98,894,0,8043
2144061,1,1,10,0.86,26.03066826,119.19287109,66.4,26.03056145,119.19311523,44.18,12.932,-4.236,12.482,0.0,-0.0,0.0,2.54,-1.47,-63.44,27.126,0.5,0.5,82.69,894,0,8046
2144265,1,1,10,0.86,26.03066826,119.19287109,66.4,26.03056145,119.19311523,44.18,12.936,-4.238,12.482,-0.0,-0.0,-0.0,2.53,-1.48,-63.46,27.126,0.5,0.5,82.69,894,0,8046
2144472,1,1,10,0.86,26.03066826,119.19287109,66.4,26.03056145,119.19311523,44.18,12.938,-4.238,12.482,-0.0,0.0,0.0,2.52,-1.48,-63.47,27.126,0.5,0.5,82.69,894,0,8046
2144701,1,1,10,1.01,26.03066063,119.19287109,65.6,26.03056145,119.19311523,44.18,12.919,-4.23,12.484,-0.0,0.0,0.0,2.54,-1.45,-63.46,26.765,0.5,0.5,82.69,895,0,8050
2144910,1,1,10,1.01,26.03066063,119.19287109,65.6,26.03056145,119.19311523,44.18,12.931,-4.235,12.482,0.0,0.0,-0.001,2.55,-1.45,-63.45,26.765,0.5,0.5,82.69,895,0,8053
2145115,1,1,10,1.01,26.03066063,119.19287109,65.6,26.03056145,119.19311523,44.18,12.935,-4.237,12.482,-0.0,-0.0,-0.0,2.54,-1.45,-63.44,26.765,0.5,0.5,84.83,895,0,8055
2145325,1,1,10,1.01,26.03066063,119.19287109,65.6,26.03056145,119.19311523,44.18,12.937,-4.238,12.482,-0.0,0.0,-0.0,2.52,-1.46,-63.44,26.765,0.5,0.5,84.83,895,0,8055
2145528,1,1,10,1.01,26.03065681,119.19287109,65.6,26.03056145,119.19311523,44.18,12.938,-4.239,12.482,-0.0,-0.0,0.0,2.51,-1.46,-63.41,26.765,0.5,0.5,84.83,895,0,8056
2145746,1,1,10,1.01,26.03065681,119.19287109,64.7,26.03056145,119.19311523,44.18,12.919,-4.23,12.484,-0.0,-0.0,-0.0,2.52,-1.48,-63.42,26.593,0.5,0.5,84.83,896,0,8059
2145957,1,1,10,1.01,26.03065681,119.19287109,64.7,26.03056145,119.19311523,44.18,12.931,-4.236,12.482,0.0,-0.0,-0.0,2.53,-1.47,-63.42,26.593,0.5,0.5,84.83,896,0,8062
2146160,1,1,10,1.01,26.03065681,119.19287109,64.7,26.03056145,119.19311523,44.18,12.936,-4.238,12.482,0.0,-0.0,0.0,2.52,-1.48,-63.41,26.593,0.5,0.5,81.43,896,0,8064
2146366,1,1,10,1.01,26.03065681,119.19287109,64.7,26.03056145,119.19311523,44.18,12.937,-4.238,12.482,0.0,0.0,-0.0,2.54,-1.45,-63.41,26.593,0.5,0.5,81.43,896,0,8064
2146577,1,1,10,1.01,26.03064728,119.19290161,64.7,26.03056145,119.19311523,44.18,12.938,-4.239,12.482,-0.0,-0.0,0.0,2.53,-1.47,-63.42,26.593,0.5,0.5,81.43,896,0,8066
2146798,1,1,10,1.01,26.03064728,119.19290161,63.6,26.03056145,119.19311523,44.18,12.928,-4.234,12.483,-0.0,-0.0,-0.0,2.51,-1.5,-63.43,23.371,0.5,0.5,81.43,897,0,8069
2146998,1,1,10,1.01,26.03064728,119.19290161,63.6,26.03056145,119.19311523,44.18,12.934,-4.237,12.482,-0.0,-0.0,0.0,2.5,-1.51,-63.42,23.371,0.5,0.5,82.93,897,0,8072
2147199,1,1,10,1.01,26.03064728,119.19290161,63.6,26.03056145,119.19311523,44.18,12.937,-4.238,12.482,-0.0,-0.0,0.0,2.49,-1.5,-63.43,23.371,0.5,0.5,82.93,897,0,8073
2147407,1,1,10,1.01,26.03064728,119.19290161,63.6,26.03056145,119.19311523,44.18,12.938,-4.239,12.482,0.0,-0.0,-0.0,2.51,-1.52,-63.43,23.371,0.5,0.5,82.93,897,0,8073
2147613,1,1,10,1.01,26.03064728,119.19290161,63.6,26.03056145,119.19311523,44.18,12.938,-4.239,12.482,-0.0,0.0,0.0,2.5,-1.49,-63.45,23.371,0.5,0.5,82.93,897,0,8075
2147822,1,1,10,1.01,26.03064728,119.19290161,62.8,26.03056145,119.19311523,44.18,12.928,-4.234,12.483,-0.0,0.0,-0.0,2.5,-1.5,-63.47,23.372,0.5,0.5,82.93,898,0,8078
2148024,1,1,10,1.01,26.03064728,119.19290161,62.8,26.03056145,119.19311523,44.18,12.934,-4.237,12.482,0.0,-0.0,-0.0,2.52,-1.49,-63.46,23.372,0.5,0.5,80.9,898,0,8082
2148226,1,1,10,1.01,26.03064728,119.19290161,62.8,26.03056145,119.19311523,44.18,12.937,-4.238,12.482,-0.0,0.0,-0.0,2.49,-1.47,-63.47,23.372,0.5,0.5,80.9,898,0,8082
2148429,1,1,10,1.01,26.03064728,119.19290161,62.8,26.03056145,119.19311523,44.18,12.938,-4.239,12.482,0.0,0.0,-0.0,2.5,-1.49,-63.5,23.372,0.5,0.5,80.9,898,0,8082
2148636,1,1,10,1.01,26.03063965,119.19290161,61.8,26.03056145,119.19311523,44.18,12.912,-4.228,12.484,0.0,0.0,-0.0,2.5,-1.48,-63.5,23.038,0.5,0.5,80.9,899,0,8085
2148844,1,1,10,1.01,26.03063965,119.19290161,61.8,26.03056145,119.19311523,44.18,12.928,-4.235,12.483,-0.0,-0.0,0.0,2.49,-1.5,-63.53,23.038,0.5,0.5,80.9,899,0,8088
2149057,1,1,10,1.01,26.03063965,119.19290161,61.8,26.03056145,119.19311523,44.18,12.934,-4.237,12.482,0.0,0.0,-0.001,2.52,-1.5,-63.5,23.038,0.5,0.5,81.32,899,0,8091
2149261,1,1,10,1.01,26.03063965,119.19290161,61.8,26.03056145,119.19311523,44.18,12.937,-4.238,12.482,-0.0,-0.0,0.0,2.51,-1.5,-63.5,23.038,0.5,0.5,81.32,899,0,8091
2149465,1,1,10,1.01,26.03063965,119.19290161,61.8,26.03056145,119.19311523,44.18,12.938,-4.239,12.482,0.0,0.0,-0.0,2.51,-1.48,-63.47,23.038,0.5,0.5,81.32,899,0,8091
2149697,1,1,10,1.01,26.03063965,119.19291687,60.9,26.03056145,119.19311523,44.18,12.923,-4.232,12.483,-0.0,0.0,-0.0,2.5,-1.49,-63.45,21.632,0.5,0.5,81.32,900,0,8095
2149912,1,1,10,1.01,26.03063965,119.19291687,60.9,26.03056145,119.19311523,44.18,12.932,-4.236,12.482,-0.0,-0.0,-0.0,2.48,-1.51,-63.44,21.632,0.5,0.5,81.32,900,0,8098
2150121,1,1,10,1.01,26.03063965,119.19291687,60.9,26.03056145,119.19311523,44.18,12.936,-4.238,12.482,0.0,-0.0,-0.0,2.49,-1.5,-63.45,21.632,0.5,0.5,84.83,900,0,8100
2150331,1,1,10,1.01,26.03063965,119.19291687,60.9,26.03056145,119.19311523,44.18,12.938,-4.238,12.482,0.0,0.0,-0.0,2.51,-1.5,-63.43,21.632,0.5,0.5,84.83,900,0,8100
2150533,1,1,10,1.01,26.03064728,119.19291687,60.9,26.03056145,119.19311523,44.18,12.938,-4.239,12.482,0.0,0.0,-0.0,2.51,-1.51,-63.43,21.632,0.5,0.5,84.83,900,0,8101
2150750,1,1,10,0.86,26.03064728,119.19291687,60.0,26.03056145,119.19311523,44.18,12.918,-4.229,12.483,-0.0,0.0,0.0,2.48,-1.5,-63.44,21.987,0.5,0.5,84.83,901,0,8104
2150957,1,1,10,0.86,26.03064728,119.19291687,60.0,26.03056145,119.19311523,44.18,12.931,-4.235,12.482,0.0,-0.0,0.0,2.49,-1.49,-63.43,21.987,0.5,0.5,84.83,901,0,8107
2151161,1,1,10,0.86,26.03064728,119.19291687,60.0,26.03056145,119.19311523,44.18,12.935,-4.237,12.482,-0.0,-0.0,0.0,2.49,-1.5,-63.42,21.987,0.5,0.5,81.59,901,0,8109
2151366,1,1,10,0.86,26.03064728,119.19291687,60.0,26.03056145,119.19311523,44.18,12.937,-4.238,12.482,-0.0,0.0,0.0,2.49,-1.48,-63.42,21.987,0.5,0.5,81.59,901,0,8109
2151571,1,1,10,0.86,26.03064728,119.19291687,60.0,26.03056145,119.19311523,44.18,12.938,-4.239,12.482,0.0,0.0,0.0,2.49,-1.47,-63.42,21.987,0.5,0.5,81.59,901,0,8111
2151775,1,1,10,0.86,26.03064728,119.19291687,59.1,26.03056145,119.19311523,44.18,12.926,-4.233,12.482,-0.0,-0.0,0.0,2.49,-1.47,-63.42,21.987,0.5,0.5,81.59,902,0,8114
2151978,1,1,10,0.86,26.03064728,119.19291687,59.1,26.03056145,119.19311523,44.18,12.933,-4.236,12.482,-0.0,-0.0,0.0,2.49,-1.47,-63.4,21.987,0.5,0.5,81.59,902,0,8117
2152181,1,1,10,0.86,26.03064728,119.19291687,59.1,26.03056145,119.19311523,44.18,12.937,-4.238,12.482,0.0,0.0,0.0,2.49,-1.46,-63.41,21.987,0.5,0.5,79.29,902,0,8118
2152391,1,1,10,0.86,26.03064728,119.19291687,59.1,26.03056145,119.19311523,44.18,12.938,-4.239,12.482,-0.0,-0.0,-0.0,2.48,-1.46,-63.44,21.987,0.5,0.5,79.29,902,0,8118
2152602,1,1,10,0.86,26.03064728,119.19291687,59.1,26.03056145,119.19311523,44.18,12.938,-4.239,12.482,0.0,-0.0,0.0,2.49,-1.48,-63.44,21.987,0.5,0.5,79.29,902,0,8120
2152813,1,1,10,0.86,26.03064728,119.19291687,58.2,26.03056145,119.19311523,44.18,12.926,-4.233,12.482,0.0,0.0,0.0,2.5,-1.5,-63.43,21.987,0.5,0.5,79.29,903,0,8123
2153020,1,1,10,0.86,26.03064728,119.19291687,58.2,26.03056145,119.19311523,44.18,12.934,-4.236,12.482,-0.0,-0.0,0.0,2.49,-1.49,-63.44,21.987,0.5,0.5,79.29,903,0,8127
2153220,1,1,10,0.86,26.03064728,119.19291687,58.2,26.03056145,119.19311523,44.18,12.937,-4.238,12.482,0.0,-0.0,-0.001,2.5,-1.5,-63.43,21.987,0.5,0.5,82.21,903,0,8127
2153427,1,1,10,0.86,26.03064728,119.19291687,58.2,26.03056145,119.19311523,44.18,12.938,-4.239,12.482,-0.0,-0.0,-0.0,2.49,-1.49,-63.4,21.987,0.5,0.5,82.21,903,0,8127
2153628,1,1,10,0.86,26.03064346,119.19291687,58.2,26.03056145,119.19311523,44.18,12.938,-4.239,12.482,-0.0,0.0,-0.0,2.49,-1.47,-63.41,21.987,0.5,0.5,82.21,903,0,8129
2153831,1,1,9,0.92,26.03064346,119.19291687,57.1,26.03056145,119.19311523,44.18,12.927,-4.233,12.482,-0.0,-0.0,0.0,2.49,-1.48,-63.41,21.806,0.5,0.5,82.21,904,0,8133
2154041,1,1,9,0.92,26.03064346,119.19291687,57.1,26.03056145,119.19311523,44.18,12.934,-4.237,12.482,0.0,0.0,0.0,2.5,-1.47,-63.4,21.806,0.5,0.5,82.21,904,0,8136
2154251,1,1,9,0.92,26.03064346,119.19291687,57.1,26.03056145,119.19311523,44.18,12.937,-4.238,12.482,-0.0,0.0,-0.0,2.49,-1.45,-63.4,21.806,0.5,0.5,83.98,904,0,8136
2154456,1,1,9,0.92,26.03064346,119.19291687,57.1,26.03056145,119.19311523,44.18,12.938,-4.239,12.482,-0.0,0.0,-0.001,2.49,-1.44,-63.42,21.806,0.5,0.5,83.98,904,0,8136
2154659,1,1,9,0.92,26.03063965,119.19293976,56.3,26.03056145,119.19311523,44.18,12.912,-4.226,12.483,-0.0,-0.0,-0.0,2.47,-1.46,-63.44,19.558,0.5,0.5,83.98,905,0,8139
2154876,1,1,9,0.92,26.03063965,119.19293976,56.3,26.03056145,119.19311523,44.18,12.928,-4.234,12.482,-0.0,-0.0,-0.0,2.45,-1.47,-63.45,19.558,0.5,0.5,83.98,905,0,8142
2155076,1,1,9,0.92,26.03063965,119.19293976,56.3,26.03056145,119.19311523,44.18,12.934,-4.237,12.482,0.0,-0.0,0.0,2.45,-1.47,-63.45,19.558,0.5,0.5,83.98,905,0,8145
2155276,1,1,9,0.92,26.03063965,119.19293976,56.3,26.03056145,119.19311523,44.18,12.937,-4.238,12.482,-0.0,0.0,0.0,2.45,-1.47,-63.46,19.558,0.5,0.5,82.52,905,0,8145
2155481,1,1,9,0.92,26.03063965,119.19293976,56.3,26.03056145,119.19311523,44.18,12.938,-4.239,12.482,-0.0,0.0,-0.0,2.47,-1.46,-63.46,19.558,0.5,0.5,82.52,905,0,8145
2155697,1,1,9,0.92,26.03063583,119.19293976,55.5,26.03056145,119.19311523,44.18,12.922,-4.231,12.483,0.0,0.0,0.0,2.48,-1.46,-63.46,19.372,0.5,0.5,82.52,906,0,8149
2155905,1,1,9,0.92,26.03063583,119.19293976,55.5,26.03056145,119.19311523,44.18,12.932,-4.236,12.482,-0.0,0.0,0.0,2.48,-1.45,-63.46,19.372,0.5,0.5,82.52,906,0,8152
2156120,1,1,9,0.92,26.03063583,119.19293976,55.5,26.03056145,119.19311523,44.18,12.936,-4.238,12.482,0.0,-0.0,0.0,2.49,-1.46,-63.48,19.372,0.5,0.5,82.52,906,0,8154
2156327,1,1,9,0.92,26.03063583,119.19293976,55.5,26.03056145,119.19311523,44.18,12.937,-4.238,12.482,0.0,0.0,-0.0,2.49,-1.46,-63.46,19.372,0.5,0.5,85.0,906,0,8154
2156527,1,1,9,0.92,26.03063583,119.19293976,55.5,26.03056145,119.19311523,44.18,12.938,-4.239,12.482,-0.0,0.0,-0.0,2.5,-1.45,-63.44,19.372,0.5,0.5,85.0,906,0,8155
2156746,1,1,9,0.92,26.03063583,119.19293976,54.7,26.03056145,119.19311523,44.18,12.922,-4.231,12.483,0.0,-0.0,-0.001,2.5,-1.46,-63.44,19.372,0.5,0.5,85.0,907,0,8158
2156956,1,1,9,0.92,26.03063583,119.19293976,54.7,26.03056145,119.19311523,44.18,12.932,-4.236,12.482,-0.0,-0.0,0.0,2.5,-1.47,-63.44,19.372,0.5,0.5,85.0,907,0,8162
2157164,1,1,9,0.92,26.03063583,119.19293976,54.7,26.03056145,119.19311523,44.18,12.936,-4.238,12.482,0.0,0.0,0.0,2.52,-1.47,-63.42,19.372,0.5,0.5,85.0,907,0,8163
2157371,1,1,9,0.92,26.03063583,119.19293976,54.7,26.03056145,119.19311523,44.18,12.937,-4.238,12.482,-0.0,-0.0,0.0,2.51,-1.47,-63.44,19.372,0.5,0.5,80.2,907,0,8163
2157576,1,1,9,0.92,26.0306282,119.19293976,54.7,26.03056145,119.19311523,44.18,12.938,-4.239,12.482,0.0,-0.0,0.0,2.51,-1.5,-63.46,19.372,0.5,0.5,80.2,907,0,8165
2157779,1,1,9,0.92,26.0306282,119.19293976,54.0,26.03056145,119.19311523,44.18,12.928,-4.234,12.482,-0.0,0.0,-0.0,2.51,-1.51,-63.45,19.025,0.5,0.5,80.2,908,0,8168
2157991,1,1,9,0.92,26.0306282,119.19293976,54.0,26.03056145,119.19311523,44.18,12.934,-4.237,12.482,-0.0,0.0,-0.0,2.51,-1.49,-63.45,19.025,0.5,0.5,80.2,908,0,8171
2158202,1,1,9,0.92,26.0306282,119.19293976,54.0,26.03056145,119.19311523,44.18,12.937,-4.238,12.482,-0.0,0.0,0.0,2.49,-1.49,-63.45,19.025,0.5,0.5,83.42,908,0,8172
2158405,1,1,9,0.92,26.0306282,119.19293976,54.0,26.03056145,119.19311523,44.18,12.938,-4.239,12.482,-0.0,-0.0,-0.0,2.5,-1.47,-63.43,19.025,0.5,0.5,83.42,908,0,8172
2158620,1,1,9,0.92,26.0306282,119.19295502,54.0,26.03056145,119.19311523,44.18,12.938,-4.239,12.482,0.0,0.0,-0.001,2.52,-1.47,-63.41,19.025,0.5,0.5,83.42,908,0,8174
2158829,1,1,9,0.92,26.0306282,119.19295502,53.3,26.03056145,119.19311523,44.18,12.929,-4.234,12.482,0.0,0.0,-0.0,2.52,-1.47,-63.44,17.63,0.5,0.5,83.42,909,0,8178
2159040,1,1,9,0.92,26.0306282,119.19295502,53.3,26.03056145,119.19311523,44.18,12.935,-4.237,12.482,0.0,-0.0,-0.0,2.52,-1.51,-63.45,17.63,0.5,0.5,83.42,909,0,8181
2159252,1,1,9,0.92,26.0306282,119.19295502,53.3,26.03056145,119.19311523,44.18,12.937,-4.238,12.482,-0.0,0.0,-0.0,2.53,-1.5,-63.49,17.63,0.5,0.5,84.75,909,0,8181
2159456,1,1,9,0.92,26.0306282,119.19295502,53.3,26.03056145,119.19311523,44.18,12.938,-4.239,12.482,-0.0,-0.0,-0.0,2.51,-1.5,-63.48,17.63,0.5,0.5,84.75,909,0,8181
2159658,1,1,9,0.92,26.0306282,119.19293976,52.9,26.03056145,119.19311523,44.18,12.912,-4.228,12.483,-0.0,0.0,-0.0,2.51,-1.49,-63.48,19.025,0.5,0.5,84.75,910,0,8184
2159858,1,1,9,0.92,26.0306282,119.19293976,52.9,26.03056145,119.19311523,44.18,12.928,-4.234,12.482,-0.0,0.0,0.0,2.51,-1.49,-63.46,19.025,0.5,0.5,84.75,910,0,8187
2160061,1,1,9,0.92,26.0306282,119.19293976,52.9,26.03056145,119.19311523,44.18,12.934,-4.237,12.482,-0.0,0.0,0.0,2.51,-1.49,-63.47,19.025,0.5,0.5,84.75,910,0,8190
2160271,1,1,9,0.92,26.0306282,119.19293976,52.9,26.03056145,119.19311523,44.18,12.937,-4.238,12.482,0.0,0.0,0.0,2.51,-1.48,-63.47,19.025,0.5,0.5,80.76,910,0,8190
2160477,1,1,9,0.92,26.0306282,119.19293976,52.9,26.03056145,119.19311523,44.18,12.938,-4.239,12.482,-0.0,-0.0,0.0,2.5,-1.47,-63.46,19.025,0.5,0.5,80.76,910,0,8190
2160701,1,1,9,0.92,26.03062248,119.19295502,52.4,26.03056145,119.19311523,44.18,12.923,-4.232,12.482,0.0,0.0,0.0,2.51,-1.49,-63.45,17.371,0.5,0.5,80.76,911,0,8194
2160911,1,1,9,0.92,26.03062248,119.19295502,52.4,26.03056145,119.19311523,44.18,12.932,-4.236,12.482,0.0,0.0,-0.0,2.53,-1.5,-63.48,17.371,0.5,0.5,80.76,911,0,8197
2161122,1,1,9,0.92,26.03062248,119.19295502,52.4,26.03056145,119.19311523,44.18,12.936,-4.238,12.482,-0.0,0.0,-0.0,2.51,-1.49,-63.47,17.371,0.5,0.5,80.76,911,0,8199
2161325,1,1,9,0.92,26.03062248,119.19295502,52.4,26.03056145,119.19311523,44.18,12.938,-4.238,12.482,0.0,-0.0,-0.001,2.5,-1.5,-63.49,17.371,0.5,0.5,82.76,911,0,8199
2161534,1,1,9,0.92,26.0306282,119.19295502,52.4,26.03056145,119.19311523,44.18,12.938,-4.239,12.482,0.0,0.0,0.0,2.51,-1.48,-63.46,17.371,0.5,0.5,82.76,911,0,8200
2161745,1,1,9,0.92,26.0306282,119.19295502,51.8,26.03056145,119.19311523,44.18,12.923,-4.232,12.482,0.0,0.0,0.0,2.51,-1.46,-63.44,17.63,0.5,0.5,82.76,912,0,8203
2161956,1,1,9,0.92,26.0306282,119.19295502,51.8,26.03056145,119.19311523,44.18,12.932,-4.236,12.482,-0.0,-0.0,-0.0,2.52,-1.47,-63.45,17.63,0.5,0.5,82.76,912,0,8206
2162158,1,1,9,0.92,26.0306282,119.19295502,51.8,26.03056145,119.19311523,44.18,12.936,-4.238,12.482,-0.0,0.0,-0.0,2.51,-1.46,-63.44,17.63,0.5,0.5,82.76,912,0,8208
2162370,1,1,9,0.92,26.0306282,119.19295502,51.8,26.03056145,119.19311523,44.18,12.938,-4.238,12.482,0.0,0.0,-0.0,2.5,-1.47,-63.45,17.63,0.5,0.5,86.57,912,0,8208
2162576,1,1,9,0.92,26.03061867,119.19295502,51.8,26.03056145,119.19311523,44.18,12.938,-4.239,12.482,0.0,-0.0,-0.001,2.51,-1.46,-63.44,17.63,0.5,0.5,86.57,912,0,8210
2162785,1,1,9,0.92,26.03061867,119.19295502,51.3,26.03056145,119.19311523,44.18,12.929,-4.235,12.482,-0.0,-0.0,-0.0,2.49,-1.49,-63.47,17.21,0.5,0.5,86.57,913,0,8213
2163000,1,1,9,0.92,26.03061867,119.19295502,51.3,26.03056145,119.19311523,44.18,12.935,-4.237,12.482,0.0,0.0,-0.0,2.5,-1.47,-63.46,17.21,0.5,0.5,86.57,913,0,8216
2163205,1,1,9,0.92,26.03061867,119.19295502,51.3,26.03056145,119.19311523,44.18,12.937,-4.238,12.482,-0.0,-0.0,0.0,2.5,-1.46,-63.42,17.21,0.5,0.5,86.57,913,0,8217
2163411,1,1,9,0.92,26.03061867,119.19295502,51.3,26.03056145,119.19311523,44.18,12.938,-4.239,12.482,0.0,-0.0,-0.0,2.5,-1.49,-63.45,17.21,0.5,0.5,80.92,913,0,8217
2163619,1,1,9,0.92,26.03061867,119.19295502,51.3,26.03056145,119.19311523,44.18,12.938,-4.239,12.482,-0.0,0.0,-0.0,2.51,-1.48,-63.44,17.21,0.5,0.5,80.92,913,0,8219
2163822,1,1,9,0.92,26.03061867,119.19295502,50.7,26.03056145,119.19311523,44.18,12.929,-4.235,12.482,0.0,0.0,-0.0,2.51,-1.48,-63.43,17.21,0.5,0.5,80.92,914,0,8222
2164028,1,1,9,0.92,26.03061867,119.19295502,50.7,26.03056145,119.19311523,44.18,12.935,-4.237,12.482,-0.0,0.0,-0.0,2.5,-1.47,-63.42,17.21,0.5,0.5,80.92,914,0,8226
2164235,1,1,9,0.92,26.03061867,119.19295502,50.7,26.03056145,119.19311523,44.18,12.937,-4.238,12.482,-0.0,0.0,0.0,2.48,-1.44,-63.43,17.21,0.5,0.5,83.5,914,0,8226
2164446,1,1,9,0.92,26.03061867,119.19295502,50.7,26.03056145,119.19311523,44.18,12.938,-4.239,12.482,0.0,-0.0,-0.0,2.48,-1.44,-63.43,17.21,0.5,0.5,83.5,914,0,8226
2164649,1,1,9,0.92,26.03061867,119.19297028,50.2,26.03056145,119.19311523,44.18,12.917,-4.229,12.483,0.0,0.0,-0.0,2.47,-1.43,-63.44,15.802,0.5,0.5,83.5,915,0,8229
2164858,1,1,9,0.92,26.03061867,119.19297028,50.2,26.03056145,119.19311523,44.18,12.93,-4.235,12.482,-0.0,-0.0,0.0,2.47,-1.41,-63.45,15.802,0.5,0.5,83.5,915,0,8232
2165066,1,1,9,0.92,26.03061867,119.19297028,50.2,26.03056145,119.19311523,44.18,12.935,-4.237,12.482,0.0,-0.0,0.0,2.48,-1.45,-63.46,15.802,0.5,0.5,83.5,915,0,8235
2165271,1,1,9,0.92,26.03061867,119.19297028,50.2,26.03056145,119.19311523,44.18,12.937,-4.238,12.482,0.0,0.0,-0.0,2.49,-1.45,-63.46,15.802,0.5,0.5,83.01,915,0,8235
2165478,1,1,9,0.92,26.03061867,119.19297028,50.2,26.03056145,119.19311523,44.18,12.938,-4.239,12.482,-0.0,0.0,0.0,2.5,-1.44,-63.45,15.802,0.5,0.5,83.01,915,0,8235
2165707,1,1,9,1.14,26.03061485,119.19298553,49.6,26.03056145,119.19311523,44.18,12.93,-4.235,12.482,0.0,-0.0,-0.0,2.5,-1.44,-63.46,14.235,0.5,0.5,83.01,916,0,8239
2165915,1,1,9,1.14,26.03061485,119.19298553,49.6,26.03056145,119.19311523,44.18,12.935,-4.237,12.482,0.0,0.0,-0.001,2.51,-1.45,-63.45,14.235,0.5,0.5,83.01,916,0,8242
2166117,1,1,9,1.14,26.03061485,119.19298553,49.6,26.03056145,119.19311523,44.18,12.937,-4.238,12.482,-0.0,0.0,-0.0,2.5,-1.45,-63.45,14.235,0.5,0.5,83.01,916,0,8244
2166321,1,1,9,1.14,26.03061485,119.19298553,49.6,26.03056145,119.19311523,44.18,12.938,-4.239,12.482,0.0,0.0,-0.0,2.52,-1.46,-63.47,14.235,0.5,0.5,87.65,916,0,8244
2166529,1,1,9,1.14,26.03061485,119.19298553,49.6,26.03056145,119.19311523,44.18,12.938,-4.239,12.482,-0.0,0.0,0.0,2.51,-1.46,-63.45,14.235,0.5,0.5,87.65,916,0,8245
2166735,1,1,9,1.14,26.03061485,119.19298553,49.0,26.03056145,119.19311523,44.18,12.93,-4.235,12.482,0.0,0.0,-0.0,2.51,-1.47,-63.47,14.236,0.5,0.5,87.65,917,0,8248
2166956,1,1,9,1.14,26.03061485,119.19298553,49.0,26.03056145,119.19311523,44.18,12.935,-4.237,12.482,0.0,0.001,-0.0,2.51,-1.47,-63.46,14.236,0.5,0.5,87.65,917,0,8251
2167160,1,1,9,1.14,26.03061485,119.19298553,49.0,26.03056145,119.19311523,44.18,12.937,-4.238,12.482,-0.0,0.0,-0.0,2.51,-1.46,-63.46,14.236,0.5,0.5,87.65,917,0,8253
2167361,1,1,9,1.14,26.03061485,119.19298553,49.0,26.03056145,119.19311523,44.18,12.938,-4.239,12.482,-0.0,-0.0,-0.0,2.5,-1.47,-63.45,14.236,0.5,0.5,81.92,917,0,8253
2167573,1,1,9,1.14,26.03060722,119.19298553,49.0,26.03056145,119.19311523,44.18,12.938,-4.239,12.482,-0.0,0.0,-0.0,2.49,-1.46,-63.43,14.236,0.5,0.5,81.92,917,0,8255
2167775,1,1,10,1.14,26.03060722,119.19298553,48.5,26.03056145,119.19311523,44.18,12.933,-4.237,12.482,-0.0,0.0,-0.0,2.49,-1.48,-63.45,13.903,0.5,0.5,81.92,918,0,8258
2167984,1,1,10,1.14,26.03060722,119.19298553,48.5,26.03056145,119.19311523,44.18,12.936,-4.238,12.482,-0.0,0.0,0.0,2.46,-1.45,-63.43,13.903,0.5,0.5,81.92,918,0,8261
2168196,1,1,10,1.14,26.03060722,119.19298553,48.5,26.03056145,119.19311523,44.18,12.938,-4.239,12.482,-0.0,0.0,-0.0,2.46,-1.45,-63.43,13.903,0.5,0.5,81.92,918,0,8262
2168402,1,1,10,1.14,26.03060722,119.19298553,48.5,26.03056145,119.19311523,44.18,12.938,-4.239,12.482,0.0,0.0,-0.0,2.47,-1.47,-63.43,13.903,0.5,0.5,82.6,918,0,8262
2168612,1,1,10,1.14,26.03060722,119.19298553,48.5,26.03056145,119.19311523,44.18,12.938,-4.239,12.482,0.0,0.0,-0.0,2.47,-1.46,-63.42,13.903,0.5,0.5,82.6,918,0,8264
2168822,1,1,10,1.14,26.03060722,119.19298553,48.1,26.03056145,119.19311523,44.18,12.933,-4.237,12.482,-0.0,0.0,-0.0,2.5,-1.45,-63.43,13.903,0.5,0.5,82.6,919,0,8267
2169031,1,1,10,1.14,26.03060722,119.19298553,48.1,26.03056145,119.19311523,44.18,12.937,-4.238,12.482,0.0,-0.0,-0.0,2.5,-1.48,-63.43,13.903,0.5,0.5,82.6,919,0,8271
2169236,1,1,10,1.14,26.03060722,119.19298553,48.1,26.03056145,119.19311523,44.18,12.938,-4.239,12.482,0.0,-0.0,-0.0,2.5,-1.49,-63.44,13.903,0.5,0.5,82.6,919,0,8271
2169447,1,1,10,1.14,26.03060722,119.19298553,48.1,26.03056145,119.19311523,44.18,12.938,-4.239,12.482,-0.0,0.0,0.0,2.52,-1.48,-63.43,13.903,0.5,0.5,84.0,919,0,8271
2169655,1,1,11,1.14,26.03059959,119.19298553,47.6,26.03056145,119.19311523,44.18,12.926,-4.235,12.482,-0.0,-0.0,-0.0,2.52,-1.48,-63.41,13.615,0.5,0.5,84.0,920,0,8274
2169858,1,1,11,1.14,26.03059959,119.19298553,47.6,26.03056145,119.19311523,44.18,12.933,-4.237,12.482,-0.0,-0.0,-0.0,2.52,-1.48,-63.4,13.615,0.5,0.5,84.0,920,0,8277
2170068,1,1,11,1.14,26.03059959,119.19298553,47.6,26.03056145,119.19311523,44.18,12.937,-4.238,12.482,-0.0,0.0,0.0,2.51,-1.47,-63.45,13.615,0.5,0.5,84.0,920,0,8280
2170272,1,1,11,1.14,26.03059959,119.19298553,47.6,26.03056145,119.19311523,44.18,12.938,-4.239,12.482,0.0,0.0,0.0,2.5,-1.47,-63.45,13.615,0.5,0.5,84.0,920,0,8280
2170476,1,1,11,1.14,26.03059959,119.19298553,47.6,26.03056145,119.19311523,44.18,12.938,-4.239,12.482,0.0,-0.0,0.0,2.49,-1.47,-63.44,13.615,0.5,0.5,79.0,920,0,8280
2170712,1,1,11,0.97,26.03059959,119.19298553,47.1,26.03056145,119.19311523,44.18,12.927,-4.235,12.482,-0.0,-0.0,0.0,2.47,-1.49,-63.44,13.615,0.5,0.5,79.0,921,0,8284
2170914,1,1,11,0.97,26.03059959,119.19298553,47.1,26.03056145,119.19311523,44.18,12.934,-4.237,12.482,-0.0,0.0,-0.0,2.47,-1.48,-63.45,13.615,0.5,0.5,79.0,921,0,8286
2171119,1,1,11,0.97,26.03059959,119.19298553,47.1,26.03056145,119.19311523,44.18,12.937,-4.238,12.482,-0.0,0.0,-0.0,2.48,-1.48,-63.47,13.615,0.5,0.5,79.0,921,0,8289
2171322,1,1,11,0.97,26.03059959,119.19298553,47.1,26.03056145,119.19311523,44.18,12.938,-4.239,12.482,-0.0,-0.0,0.0,2.48,-1.48,-63.46,13.615,0.5,0.5,83.5,921,0,8289
2171527,1,1,11,0.97,26.03059006,119.19300079,47.1,26.03056145,119.19311523,44.18,12.938,-4.239,12.482,-0.0,-0.0,0.0,2.48,-1.48,-63.46,13.615,0.5,0.5,83.5,921,0,8290
2171734,1,1,11,0.97,26.03059006,119.19300079,46.0,26.03056145,119.19311523,44.18,12.929,-4.236,12.482,-0.0,-0.0,-0.0,2.47,-1.49,-63.47,11.846,0.5,0.5,83.5,922,0,8293
2171940,1,1,11,0.97,26.03059006,119.19300079,46.0,26.03056145,119.19311523,44.18,12.935,-4.238,12.482,0.0,0.0,-0.0,2.49,-1.48,-63.43,11.846,0.5,0.5,83.5,922,0,8296
2172140,1,1,11,0.97,26.03059006,119.19300079,46.0,26.03056145,119.19311523,44.18,12.937,-4.238,12.482,0.0,-0.0,-0.0,2.49,-1.48,-63.42,11.846,0.5,0.5,83.5,922,0,8298
2172341,1,1,11,0.97,26.03059006,119.19300079,46.0,26.03056145,119.19311523,44.18,12.938,-4.239,12.482,0.0,-0.0,0.0,2.51,-1.47,-63.42,11.846,0.5,0.5,81.0,922,0,8298
2172546,1,1,11,0.97,26.03058243,119.19300079,46.0,26.03056145,119.19311523,44.18,12.938,-4.239,12.482,-0.0,0.0,0.0,2.51,-1.46,-63.45,11.846,0.5,0.5,81.0,922,0,8299
2172753,1,1,11,0.97,26.03058243,119.19300079,45.3,26.03056145,119.19311523,44.18,12.929,-4.237,12.482,0.0,-0.0,-0.0,2.49,-1.46,-63.43,11.647,0.5,0.5,81.0,923,0,8302
2172968,1,1,11,0.97,26.03058243,119.19300079,45.3,26.03056145,119.19311523,44.18,12.935,-4.238,12.482,0.0,0.0,-0.0,2.49,-1.47,-63.45,11.647,0.5,0.5,81.0,923,0,8305
2173171,1,1,11,0.97,26.03058243,119.19300079,45.3,26.03056145,119.19311523,44.18,12.937,-4.239,12.482,0.0,0.0,0.0,2.48,-1.49,-63.47,11.647,0.5,0.5,81.0,923,0,8307
2173378,1,1,11,0.97,26.03058243,119.19300079,45.3,26.03056145,119.19311523,44.18,12.938,-4.239,12.482,-0.0,0.0,-0.0,2.47,-1.47,-63.44,11.647,0.5,0.5,83.98,923,0,8307
2173586,1,1,11,0.97,26.03058243,119.19301605,45.3,26.03056145,119.19311523,44.18,12.938,-4.239,12.482,0.0,0.0,-0.0,2.48,-1.47,-63.45,11.647,0.5,0.5,83.98,923,0,8309
2173786,1,1,11,0.97,26.03058243,119.19301605,44.9,26.03056145,119.19311523,44.18,12.93,-4.237,12.482,0.0,0.0,-0.001,2.48,-1.47,-63.46,10.156,0.5,0.5,83.98,924,0,8312
2173993,1,1,11,0.97,26.03058243,119.19301605,44.9,26.03056145,119.19311523,44.18,12.935,-4.238,12.482,0.0,-0.0,0.0,2.49,-1.47,-63.45,10.156,0.5,0.5,83.98,924,0,8315
2174194,1,1,11,0.97,26.03058243,119.19301605,44.9,26.03056145,119.19311523,44.18,12.937,-4.239,12.482,0.0,0.0,0.0,2.49,-1.46,-63.45,10.156,0.5,0.5,83.98,924,0,8316
2174396,1,1,11,0.97,26.03058243,119.19301605,44.9,26.03056145,119.19311523,44.18,12.938,-4.239,12.482,-0.0,0.0,-0.0,2.48,-1.45,-63.47,10.156,0.5,0.5,80.58,924,0,8316
2174598,1,1,11,0.97,26.03058624,119.19301605,44.9,26.03056145,119.19311523,44.18,12.938,-4.239,12.482,0.0,-0.0,-0.0,2.5,-1.46,-63.49,10.156,0.5,0.5,80.58,924,0,8318
2174813,1,1,11,0.97,26.03058624,119.19301605,44.8,26.03056145,119.19311523,44.18,12.933,-4.237,12.482,0.0,-0.0,-0.0,2.48,-1.47,-63.48,10.262,0.5,0.5,80.58,925,0,8321
2175015,1,1,11,0.97,26.03058624,119.19301605,44.8,26.03056145,119.19311523,44.18,12.936,-4.238,12.482,0.0,0.0,-0.0,2.51,-1.47,-63.49,10.262,0.5,0.5,80.58,925,0,8324
2175226,1,1,11,0.97,26.03058624,119.19301605,44.8,26.03056145,119.19311523,44.18,12.938,-4.239,12.482,-0.0,-0.0,0.0,2.5,-1.47,-63.48,10.262,0.5,0.5,80.58,925,0,8325
2175426,1,1,11,0.97,26.03058624,119.19301605,44.8,26.03056145,119.19311523,44.18,12.938,-4.239,12.482,0.0,-0.0,0.0,2.49,-1.49,-63.49,10.262,0.5,0.5,84.83,925,0,8325
2175642,1,1,11,0.97,26.03058624,119.19301605,44.8,26.03056145,119.19311523,44.18,12.938,-4.239,12.482,0.0,-0.0,-0.0,2.49,-1.49,-63.49,10.262,0.5,0.5,84.83,925,0,8327
2175851,1,1,11,0.97,26.03058624,119.19301605,44.5,26.03056145,119.19311523,44.18,12.933,-4.237,12.482,-0.0,-0.0,-0.0,2.49,-1.5,-63.49,10.262,0.5,0.5,84.83,926,0,8331
2176052,1,1,11,0.97,26.03058624,119.19301605,44.5,26.03056145,119.19311523,44.18,12.933,-4.237,12.482,0.001,0.001,0.003,2.53,-1.43,-63.48,10.262,0.502,0.502,84.83,926,0,8334
2176259,1,1,11,0.97,26.03058624,119.19301605,44.5,26.03056145,119.19311523,44.18,12.934,-4.237,12.483,0.001,0.001,0.004,2.53,-1.45,-63.49,10.262,0.512,0.512,84.83,926,0,8334
2176472,1,1,11,0.97,26.03058624,119.19301605,44.5,26.03056145,119.19311523,44.18,12.933,-4.237,12.483,0.0,-0.0,-0.0,2.53,-1.45,-63.48,10.262,0.5,0.5,99.9,926,0,8334
2176680,1,1,11,0.97,26.03058243,119.19301605,44.1,26.03056145,119.19311523,44.18,12.92,-4.234,12.483,0.0,-0.0,0.0,2.58,-1.42,-63.5,10.151,0.5,0.5,99.9,927,0,8337
2176892,1,1,11,0.97,26.03058243,119.19301605,44.1,26.03056145,119.19311523,44.18,12.928,-4.236,12.484,-0.0,-0.0,0.0,2.55,-1.44,-63.5,10.151,0.5,0.5,99.9,927,0,8340
2177096,1,1,11,0.97,26.03058243,119.19301605,44.1,26.03056145,119.19311523,44.18,12.931,-4.236,12.484,0.0,0.0,0.0,2.53,-1.44,-63.48,10.151,0.5,0.5,99.9,927,0,8343
2177302,1,1,11,0.97,26.03058243,119.19301605,44.1,26.03056145,119.19311523,44.18,12.933,-4.237,12.484,-0.0,0.0,0.0,2.53,-1.45,-63.5,10.151,0.5,0.5,99.9,927,0,8343
2177511,1,1,11,0.97,26.03058243,119.19301605,44.1,26.03056145,119.19311523,44.18,12.933,-4.237,12.484,-0.0,-0.0,0.001,2.5,-1.45,-63.5,10.151,0.5,0.5,80.71,927,0,8343
2177714,1,1,11,0.97,26.03058624,119.19301605,43.9,26.03056145,119.19311523,44.18,12.925,-4.235,12.484,0.0,-0.0,0.0,2.5,-1.46,-63.5,10.256,0.5,0.5,80.71,928,0,8347
2177921,1,1,11,0.97,26.03058624,119.19301605,43.9,26.03056145,119.19311523,44.18,12.93,-4.236,12.484,-0.0,-0.0,-0.0,2.48,-1.46,-63.52,10.256,0.5,0.5,80.71,928,0,8350
2178131,1,1,11,0.97,26.03058624,119.19301605,43.9,26.03056145,119.19311523,44.18,12.932,-4.237,12.484,-0.0,0.0,-0.0,2.47,-1.47,-63.54,10.256,0.5,0.5,80.71,928,0,8352
2178336,1,1,11,0.97,26.03058624,119.19301605,43.9,26.03056145,119.19311523,44.18,12.933,-4.237,12.484,0.0,-0.0,-0.0,2.48,-1.47,-63.53,10.256,0.5,0.5,80.71,928,0,8352
2178545,1,1,11,0.97,26.03058624,119.19301605,43.9,26.03056145,119.19311523,44.18,12.933,-4.237,12.484,-0.0,0.0,0.0,2.49,-1.46,-63.51,10.256,0.5,0.5,82.03,928,0,8353
2178753,1,1,11,1.14,26.03058624,119.19301605,43.7,26.03056145,119.19311523,44.18,12.927,-4.235,12.484,-0.0,0.0,-0.0,2.48,-1.46,-63.51,10.257,0.5,0.5,82.03,929,0,8356
2178960,1,1,11,1.14,26.03058624,119.19301605,43.7,26.03056145,119.19311523,44.18,12.931,-4.236,12.484,0.0,0.0,-0.0,2.48,-1.43,-63.49,10.257,0.5,0.5,82.03,929,0,8359
2179169,1,1,11,1.14,26.03058624,119.19301605,43.7,26.03056145,119.19311523,44.18,12.933,-4.237,12.484,0.0,0.0,-0.0,2.46,-1.43,-63.5,10.257,0.5,0.5,82.03,929,0,8361
2179372,1,1,11,1.14,26.03058624,119.19301605,43.7,26.03056145,119.19311523,44.18,12.933,-4.237,12.484,0.0,-0.0,0.0,2.46,-1.45,-63.49,10.257,0.5,0.5,82.03,929,0,8361
2179581,1,1,11,1.14,26.03058243,119.19301605,43.7,26.03056145,119.19311523,44.18,12.933,-4.237,12.484,-0.0,-0.0,0.0,2.48,-1.45,-63.51,10.257,0.5,0.5,80.19,929,0,8363
2179793,1,1,11,1.14,26.03058243,119.19301605,43.4,26.03056145,119.19311523,44.18,12.93,-4.236,12.483,-0.0,-0.0,-0.0,2.46,-1.47,-63.5,10.151,0.5,0.5,80.19,930,0,8366
2179994,1,1,11,1.14,26.03058243,119.19301605,43.4,26.03056145,119.19311523,44.18,12.932,-4.237,12.484,0.0,-0.0,-0.0,2.46,-1.47,-63.48,10.151,0.5,0.5,80.19,930,0,8369
2180197,1,1,11,1.14,26.03058243,119.19301605,43.4,26.03056145,119.19311523,44.18,12.933,-4.237,12.484,0.0,0.0,0.0,2.47,-1.48,-63.48,10.151,0.5,0.5,80.19,930,0,8370
2180402,1,1,11,1.14,26.03058243,119.19301605,43.4,26.03056145,119.19311523,44.18,12.933,-4.237,12.484,0.0,0.0,0.0,2.47,-1.47,-63.48,10.151,0.5,0.5,80.19,930,0,8370
2180605,1,1,11,1.14,26.03058243,119.19301605,43.4,26.03056145,119.19311523,44.18,12.933,-4.237,12.484,-0.0,-0.0,-0.001,2.46,-1.47,-63.48,10.151,0.5,0.5,80.9,930,0,8372
2180807,1,1,11,1.14,26.03058243,119.19301605,43.2,26.03056145,119.19311523,44.18,12.93,-4.236,12.483,0.0,0.0,0.0,2.48,-1.48,-63.48,10.151,0.5,0.5,80.9,931,0,8375
2181009,1,1,11,1.14,26.03058243,119.19301605,43.2,26.03056145,119.19311523,44.18,12.932,-4.237,12.484,0.0,0.0,-0.001,2.49,-1.48,-63.49,10.151,0.5,0.5,80.9,931,0,8378
2181210,1,1,11,1.14,26.03058243,119.19301605,43.2,26.03056145,119.19311523,44.18,12.933,-4.237,12.484,0.0,-0.0,-0.0,2.49,-1.5,-63.49,10.151,0.5,0.5,80.9,931,0,8379
2181417,1,1,11,1.14,26.03058243,119.19301605,43.2,26.03056145,119.19311523,44.18,12.933,-4.237,12.484,0.0,-0.0,-0.0,2.49,-1.5,-63.49,10.151,0.5,0.5,80.9,931,0,8379
2181624,1,1,11,1.14,26.03058243,119.19301605,43.2,26.03056145,119.19311523,44.18,12.933,-4.237,12.484,0.0,0.0,-0.0,2.5,-1.49,-63.48,10.151,0.5,0.5,81.53,931,0,8381
2181826,1,1,11,1.14,26.03058243,119.19301605,42.9,26.03056145,119.19311523,44.18,12.93,-4.236,12.483,0.0,0.0,-0.0,2.49,-1.48,-63.48,10.151,0.5,0.5,81.53,932,0,8384
2182035,1,1,11,1.14,26.03058243,119.19301605,42.9,26.03056145,119.19311523,44.18,12.932,-4.237,12.484,0.0,0.0,0.0,2.49,-1.46,-63.47,10.151,0.5,0.5,81.53,932,0,8388
2182242,1,1,11,1.14,26.03058243,119.19301605,42.9,26.03056145,119.19311523,44.18,12.933,-4.237,12.484,-0.0,-0.0,-0.0,2.47,-1.46,-63.47,10.151,0.5,0.5,81.53,932,0,8388
2182446,1,1,11,1.14,26.03058243,119.19301605,42.9,26.03056145,119.19311523,44.18,12.933,-4.237,12.484,-0.0,-0.0,-0.0,2.46,-1.45,-63.48,10.151,0.5,0.5,81.53,932,0,8388
2182663,1,1,11,1.14,26.03058243,119.19301605,42.5,26.03056145,119.19311523,44.18,12.924,-4.235,12.483,-0.0,-0.0,0.0,2.46,-1.45,-63.48,10.151,0.5,0.5,84.58,933,0,8391
2182865,1,1,11,1.14,26.03058243,119.19301605,42.5,26.03056145,119.19311523,44.18,12.93,-4.236,12.483,-0.0,0.0,0.0,2.44,-1.44,-63.5,10.151,0.5,0.5,84.58,933,0,8394
2183073,1,1,11,1.14,26.03058243,119.19301605,42.5,26.03056145,119.19311523,44.18,12.932,-4.237,12.484,-0.0,0.0,-0.0,2.46,-1.44,-63.53,10.151,0.5,0.5,84.58,933,0,8397
2183275,1,1,11,1.14,26.03058243,119.19301605,42.5,26.03056145,119.19311523,44.18,12.933,-4.237,12.484,-0.0,0.0,-0.0,2.46,-1.42,-63.5,10.151,0.5,0.5,84.58,933,0,8397
2183482,1,1,11,1.14,26.03058243,119.19301605,42.5,26.03056145,119.19311523,44.18,12.933,-4.237,12.484,-0.0,-0.0,-0.0,2.45,-1.44,-63.52,10.151,0.5,0.5,84.58,933,0,8397
2183704,1,1,11,1.14,26.03058243,119.19301605,42.3,26.03056145,119.19311523,44.18,12.927,-4.235,12.483,-0.0,0.0,-0.0,2.45,-1.44,-63.53,10.151,0.5,0.5,80.0,934,0,8401
2183905,1,1,11,1.14,26.03058243,119.19301605,42.3,26.03056145,119.19311523,44.18,12.931,-4.236,12.483,0.0,0.0,0.0,2.46,-1.44,-63.53,10.151,0.5,0.5,80.0,934,0,8403
2184107,1,1,11,1.14,26.03058243,119.19301605,42.3,26.03056145,119.19311523,44.18,12.933,-4.237,12.484,-0.0,0.0,-0.0,2.46,-1.43,-63.53,10.151,0.5,0.5,80.0,934,0,8406
2184317,1,1,11,1.14,26.03058243,119.19301605,42.3,26.03056145,119.19311523,44.18,12.933,-4.237,12.484,-0.0,0.0,-0.0,2.46,-1.42,-63.53,10.151,0.5,0.5,80.0,934,0,8406
2184535,1,1,11,1.14,26.03058243,119.19301605,42.3,26.03056145,119.19311523,44.18,12.933,-4.237,12.484,0.0,-0.0,-0.0,2.48,-1.42,-63.53,10.151,0.5,0.5,82.51,934,0,8407
2184741,1,1,11,1.14,26.03058243,119.19301605,42.1,26.03056145,119.19311523,44.18,12.927,-4.235,12.483,0.0,0.0,-0.0,2.47,-1.43,-63.53,10.151,0.5,0.5,82.51,935,0,8410
2184943,1,1,11,1.14,26.03058243,119.19301605,42.1,26.03056145,119.19311523,44.18,12.931,-4.236,12.483,0.0,-0.0,-0.0,2.47,-1.43,-63.51,10.151,0.5,0.5,82.51,935,0,8413
2185144,1,1,11,1.14,26.03058243,119.19301605,42.1,26.03056145,119.19311523,44.18,12.933,-4.237,12.484,-0.0,-0.0,-0.0,2.46,-1.44,-63.5,10.151,0.5,0.5,82.51,935,0,8415
2185347,1,1,11,1.14,26.03058243,119.19301605,42.1,26.03056145,119.19311523,44.18,12.933,-4.237,12.484,0.0,-0.0,0.0,2.47,-1.45,-63.51,10.151,0.5,0.5,82.51,935,0,8415
2185549,1,1,11,1.14,26.03058243,119.19301605,42.1,26.03056145,119.19311523,44.18,12.933,-4.237,12.484,0.0,-0.0,-0.0,2.46,-1.45,-63.5,10.151,0.5,0.5,79.88,935,0,8416
2185753,1,1,11,1.14,26.03058243,119.19301605,41.8,26.03056145,119.19311523,44.18,12.927,-4.235,12.483,-0.0,-0.0,0.0,2.46,-1.44,-63.5,10.151,0.5,0.5,79.88,936,0,8419
2185960,1,1,11,1.14,26.03058243,119.19301605,41.8,26.03056145,119.19311523,44.18,12.931,-4.236,12.483,-0.0,-0.0,-0.0,2.48,-1.45,-63.49,10.151,0.5,0.5,79.88,936,0,8422
2186164,1,1,11,1.14,26.03058243,119.19301605,41.8,26.03056145,119.19311523,44.18,12.933,-4.237,12.484,-0.0,0.0,-0.001,2.47,-1.45,-63.48,10.151,0.5,0.5,79.88,936,0,8424
2186372,1,1,11,1.14,26.03058243,119.19301605,41.8,26.03056145,119.19311523,44.18,12.933,-4.237,12.484,0.0,-0.0,-0.0,2.49,-1.45,-63.48,10.151,0.5,0.5,79.88,936,0,8424
2186581,1,1,11,1.14,26.03058243,119.19301605,41.8,26.03056145,119.19311523,44.18,12.933,-4.237,12.484,0.0,-0.0,-0.0,2.49,-1.45,-63.48,10.151,0.5,0.5,78.35,936,0,8426
2186786,1,1,11,1.14,26.03058243,119.19301605,41.6,26.03056145,119.19311523,44.18,12.927,-4.235,12.483,-0.0,-0.0,-0.0,2.47,-1.46,-63.49,10.151,0.5,0.5,78.35,937,0,8429
2186990,1,1,11,1.14,26.03058243,119.19301605,41.6,26.03056145,119.19311523,44.18,12.931,-4.236,12.483,-0.0,-0.0,-0.001,2.47,-1.45,-63.48,10.151,0.5,0.5,78.35,937,0,8432
2187193,1,1,11,1.14,26.03058243,119.19301605,41.6,26.03056145,119.19311523,44.18,12.933,-4.237,12.483,0.0,0.0,-0.0,2.48,-1.44,-63.5,10.151,0.5,0.5,78.35,937,0,8433
2187396,1,1,11,1.14,26.03058243,119.19301605,41.6,26.03056145,119.19311523,44.18,12.933,-4.237,12.484,0.0,-0.0,-0.001,2.47,-1.45,-63.53,10.151,0.5,0.5,78.35,937,0,8433
2187601,1,1,11,1.14,26.03058243,119.19301605,41.6,26.03056145,119.19311523,44.18,12.933,-4.237,12.484,0.0,0.0,-0.0,2.49,-1.43,-63.51,10.151,0.5,0.5,79.41,937,0,8435
2187807,1,1,11,1.14,26.03058243,119.19301605,41.4,26.03056145,119.19311523,44.18,12.93,-4.236,12.483,-0.0,-0.0,-0.0,2.49,-1.44,-63.5,10.151,0.5,0.5,79.41,938,0,8438
2188013,1,1,11,1.14,26.03058243,119.19301605,41.4,26.03056145,119.19311523,44.18,12.932,-4.237,12.484,-0.0,-0.0,0.001,2.47,-1.42,-63.48,10.151,0.5,0.5,79.41,938,0,8441
2188216,1,1,11,1.14,26.03058243,119.19301605,41.4,26.03056145,119.19311523,44.18,12.933,-4.237,12.484,-0.0,-0.0,-0.0,2.47,-1.42,-63.49,10.151,0.5,0.5,79.41,938,0,8442
2188420,1,1,11,1.14,26.03058243,119.19301605,41.4,26.03056145,119.19311523,44.18,12.933,-4.237,12.484,0.0,-0.0,0.0,2.46,-1.44,-63.5,10.151,0.5,0.5,79.41,938,0,8442
2188629,1,1,11,1.14,26.03058624,119.19301605,41.4,26.03056145,119.19311523,44.18,12.933,-4.237,12.484,0.0,0.0,-0.0,2.48,-1.46,-63.48,10.151,0.5,0.5,80.85,938,0,8444
2188836,1,1,11,0.97,26.03058624,119.19301605,41.3,26.03056145,119.19311523,44.18,12.928,-4.235,12.483,0.0,-0.0,0.0,2.46,-1.46,-63.48,10.257,0.5,0.5,80.85,939,0,8447
2189052,1,1,11,0.97,26.03058624,119.19301605,41.3,26.03056145,119.19311523,44.18,12.931,-4.236,12.483,0.0,0.0,-0.0,2.46,-1.46,-63.49,10.257,0.5,0.5,80.85,939,0,8451
2189255,1,1,11,0.97,26.03058624,119.19301605,41.3,26.03056145,119.19311523,44.18,12.933,-4.237,12.484,0.0,-0.0,-0.001,2.48,-1.47,-63.49,10.257,0.5,0.5,80.85,939,0,8451
2189462,1,1,11,0.97,26.03058624,119.19301605,41.3,26.03056145,119.19311523,44.18,12.933,-4.237,12.484,-0.0,-0.0,-0.0,2.48,-1.47,-63.5,10.257,0.5,0.5,80.85,939,0,8451
2189670,1,1,11,0.97,26.03058624,119.19301605,41.1,26.03056145,119.19311523,44.18,12.92,-4.233,12.483,0.0,-0.0,-0.0,2.49,-1.47,-63.5,10.257,0.5,0.5,80.69,940,0,8454
2189875,1,1,11,0.97,26.03058624,119.19301605,41.1,26.03056145,119.19311523,44.18,12.928,-4.235,12.483,0.0,0.0,-0.0,2.49,-1.45,-63.51,10.257,0.5,0.5,80.69,940,0,8457
2190079,1,1,11,0.97,26.03058624,119.19301605,41.1,26.03056145,119.19311523,44.18,12.931,-4.236,12.483,-0.0,-0.0,-0.0,2.49,-1.45,-63.53,10.257,0.5,0.5,80.69,940,0,8460
2190281,1,1,11,0.97,26.03058624,119.19301605,41.1,26.03056145,119.19311523,44.18,12.933,-4.237,12.484,-0.0,0.0,0.0,2.5,-1.45,-63.53,10.257,0.5,0.5,80.69,940,0,8460
2190495,1,1,11,0.97,26.03058624,119.19301605,41.1,26.03056145,119.19311523,44.18,12.933,-4.237,12.484,-0.0,-0.0,-0.0,2.48,-1.44,-63.49,10.257,0.5,0.5,80.69,940,0,8460
2190708,1,1,11,0.97,26.03058624,119.19301605,40.8,26.03056145,119.19311523,44.18,12.925,-4.235,12.483,-0.0,0.0,0.0,2.47,-1.45,-63.48,10.256,0.5,0.5,81.84,941,0,8464
2190921,1,1,11,0.97,26.03058624,119.19301605,40.8,26.03056145,119.19311523,44.18,12.93,-4.236,12.483,0.0,0.0,0.0,2.48,-1.46,-63.49,10.256,0.5,0.5,81.84,941,0,8467
2191132,1,1,11,0.97,26.03058624,119.19301605,40.8,26.03056145,119.19311523,44.18,12.932,-4.237,12.484,0.0,-0.0,-0.0,2.49,-1.46,-63.49,10.256,0.5,0.5,81.84,941,0,8469
2191337,1,1,11,0.97,26.03058624,119.19301605,40.8,26.03056145,119.19311523,44.18,12.933,-4.237,12.484,-0.0,0.0,0.0,2.48,-1.45,-63.49,10.256,0.5,0.5,81.84,941,0,8469
2191544,1,1,11,0.97,26.03058624,119.19301605,40.8,26.03056145,119.19311523,44.18,12.933,-4.237,12.484,0.0,-0.0,0.0,2.47,-1.44,-63.49,10.256,0.5,0.5,81.84,941,0,8470
2191758,1,1,11,0.97,26.03058624,119.19301605,40.5,26.03056145,119.19311523,44.18,12.925,-4.235,12.483,-0.0,0.0,-0.0,2.48,-1.45,-63.48,10.257,0.5,0.5,81.11,942,0,8473
2191967,1,1,11,0.97,26.03058624,119.19301605,40.5,26.03056145,119.19311523,44.18,12.93,-4.236,12.483,0.0,0.0,0.001,2.47,-1.44,-63.51,10.257,0.5,0.5,81.11,942,0,8476
2192176,1,1,11,0.97,26.03058624,119.19301605,40.5,26.03056145,119.19311523,44.18,12.932,-4.237,12.484,-0.0,-0.0,-0.0,2.46,-1.46,-63.52,10.257,0.5,0.5,81.11,942,0,8478
2192381,1,1,11,0.97,26.03058624,119.19301605,40.5,26.03056145,119.19311523,44.18,12.933,-4.237,12.484,0.0,0.0,0.0,2.47,-1.46,-63.5,10.257,0.5,0.5,81.11,942,0,8478
2192581,1,1,11,0.97,26.03058243,119.19301605,40.5,26.03056145,119.19311523,44.18,12.933,-4.237,12.484,0.0,0.0,-0.0,2.48,-1.44,-63.49,10.257,0.5,0.5,81.11,942,0,8480
2192803,1,1,10,0.97,26.03058243,119.19301605,40.2,26.03056145,119.19311523,44.18,12.928,-4.236,12.483,-0.0,-0.0,0.0,2.47,-1.42,-63.5,10.151,0.5,0.5,82.27,943,0,8483
2193010,1,1,10,0.97,26.03058243,119.19301605,40.2,26.03056145,119.19311523,44.18,12.931,-4.236,12.483,0.0,-0.0,-0.0,2.48,-1.42,-63.52,10.151,0.5,0.5,82.27,943,0,8486
2193215,1,1,10,0.97,26.03058243,119.19301605,40.2,26.03056145,119.19311523,44.18,12.933,-4.237,12.484,-0.0,0.0,-0.001,2.47,-1.41,-63.52,10.151,0.5,0.5,82.27,943,0,8487
2193422,1,1,10,0.97,26.03058243,119.19301605,40.2,26.03056145,119.19311523,44.18,12.933,-4.237,12.484,-0.0,-0.0,0.0,2.46,-1.43,-63.52,10.151,0.5,0.5,82.27,943,0,8487
2193629,1,1,10,0.97,26.03058243,119.19301605,39.9,26.03056145,119.19311523,44.18,12.92,-4.234,12.483,0.0,0.0,-0.0,2.48,-1.45,-63.53,10.151,0.5,0.5,82.27,944,0,8490
2193831,1,1,10,0.97,26.03058243,119.19301605,39.9,26.03056145,119.19311523,44.18,12.928,-4.236,12.483,0.0,0.0,-0.0,2.48,-1.45,-63.51,10.151,0.5,0.5,81.21,944,0,8493
2194040,1,1,10,0.97,26.03058243,119.19301605,39.9,26.03056145,119.19311523,44.18,12.931,-4.236,12.483,0.0,0.0,-0.0,2.51,-1.44,-63.5,10.151,0.5,0.5,81.21,944,0,8496
2194245,1,1,10,0.97,26.03058243,119.19301605,39.9,26.03056145,119.19311523,44.18,12.933,-4.237,12.483,0.0,-0.0,-0.0,2.49,-1.46,-63.53,10.151,0.5,0.5,81.21,944,0,8496
2194451,1,1,10,0.97,26.03058243,119.19301605,39.9,26.03056145,119.19311523,44.18,12.933,-4.237,12.484,-0.0,-0.0,-0.0,2.49,-1.46,-63.53,10.151,0.5,0.5,81.21,944,0,8496
2194653,1,1,10,0.97,26.03058243,119.19301605,39.8,26.03056145,119.19311523,44.18,12.92,-4.234,12.483,-0.0,0.0,-0.0,2.48,-1.46,-63.5,10.151,0.5,0.5,81.21,945,0,8499
2194858,1,1,10,0.97,26.03058243,119.19301605,39.8,26.03056145,119.19311523,44.18,12.928,-4.236,12.483,-0.0,-0.0,0.0,2.47,-1.46,-63.51,10.151,0.5,0.5,79.96,945,0,8502
2195065,1,1,10,0.97,26.03058243,119.19301605,39.8,26.03056145,119.19311523,44.18,12.931,-4.236,12.483,0.0,0.0,0.0,2.47,-1.45,-63.48,10.151,0.5,0.5,79.96,945,0,8505
2195271,1,1,10,0.97,26.03058243,119.19301605,39.8,26.03056145,119.19311523,44.18,12.933,-4.237,12.484,0.0,-0.0,0.0,2.47,-1.45,-63.48,10.151,0.5,0.5,79.96,945,0,8505
2195471,1,1,10,0.97,26.03058243,119.19301605,39.8,26.03056145,119.19311523,44.18,12.933,-4.237,12.484,-0.0,-0.0,0.0,2.46,-1.46,-63.47,10.151,0.5,0.5,79.96,945,0,8505
2195706,1,1,10,0.97,26.03058624,119.19301605,39.7,26.03056145,119.19311523,44.18,12.925,-4.235,12.483,0.0,0.0,0.0,2.49,-1.45,-63.47,10.256,0.5,0.5,79.96,946,0,8509
2195915,1,1,10,0.97,26.03058624,119.19301605,39.7,26.03056145,119.19311523,44.18,12.93,-4.236,12.483,-0.0,0.0,-0.0,2.48,-1.42,-63.45,10.256,0.5,0.5,82.34,946,0,8512
2196119,1,1,10,0.97,26.03058624,119.19301605,39.7,26.03056145,119.19311523,44.18,12.932,-4.237,12.483,0.0,0.0,0.0,2.49,-1.41,-63.44,10.256,0.5,0.5,82.34,946,0,8514
2196321,1,1,10,0.97,26.03058624,119.19301605,39.7,26.03056145,119.19311523,44.18,12.933,-4.237,12.484,0.0,-0.0,-0.0,2.49,-1.42,-63.45,10.256,0.5,0.5,82.34,946,0,8514
2196527,1,1,10,0.97,26.03059006,119.19301605,39.7,26.03056145,119.19311523,44.18,12.933,-4.237,12.484,-0.0,0.0,0.001,2.48,-1.42,-63.46,10.256,0.5,0.5,82.34,946,0,8515
2196740,1,1,10,0.97,26.03059006,119.19301605,39.4,26.03056145,119.19311523,44.18,12.925,-4.234,12.483,0.0,-0.0,0.0,2.47,-1.44,-63.46,10.378,0.5,0.5,82.34,947,0,8518
2196946,1,1,10,0.97,26.03059006,119.19301605,39.4,26.03056145,119.19311523,44.18,12.93,-4.236,12.483,0.0,0.0,0.0,2.47,-1.45,-63.46,10.378,0.5,0.5,79.92,947,0,8521
2197152,1,1,10,0.97,26.03059006,119.19301605,39.4,26.03056145,119.19311523,44.18,12.932,-4.237,12.483,-0.0,0.0,0.0,2.49,-1.44,-63.46,10.378,0.5,0.5,79.92,947,0,8523
2197356,1,1,10,0.97,26.03059006,119.19301605,39.4,26.03056145,119.19311523,44.18,12.933,-4.237,12.484,0.0,0.0,-0.0,2.51,-1.46,-63.47,10.378,0.5,0.5,79.92,947,0,8523
2197574,1,1,10,0.97,26.03058624,119.19301605,39.4,26.03056145,119.19311523,44.18,12.933,-4.237,12.484,-0.0,-0.0,-0.0,2.5,-1.46,-63.47,10.378,0.5,0.5,79.92,947,0,8525
2197803,1,1,10,0.97,26.03058624,119.19301605,39.2,26.03056145,119.19311523,44.18,12.928,-4.235,12.483,0.0,-0.0,0.001,2.5,-1.46,-63.47,10.256,0.5,0.5,83.5,948,0,8528
2198010,1,1,10,0.97,26.03058624,119.19301605,39.2,26.03056145,119.19311523,44.18,12.931,-4.236,12.483,-0.0,0.0,-0.0,2.5,-1.46,-63.47,10.256,0.5,0.5,83.5,948,0,8531
2198215,1,1,10,0.97,26.03058624,119.19301605,39.2,26.03056145,119.19311523,44.18,12.933,-4.237,12.484,-0.0,-0.0,0.0,2.49,-1.45,-63.48,10.256,0.5,0.5,83.5,948,0,8532
2198421,1,1,10,0.97,26.03058624,119.19301605,39.2,26.03056145,119.19311523,44.18,12.933,-4.237,12.484,-0.0,-0.0,-0.0,2.48,-1.47,-63.46,10.256,0.5,0.5,83.5,948,0,8532
2198629,1,1,10,0.97,26.03058624,119.19301605,39.0,26.03056145,119.19311523,44.18,12.92,-4.233,12.483,-0.0,0.0,0.0,2.49,-1.45,-63.48,10.257,0.5,0.5,83.5,949,0,8535
2198841,1,1,10,0.97,26.03058624,119.19301605,39.0,26.03056145,119.19311523,44.18,12.928,-4.235,12.483,-0.0,0.0,0.0,2.5,-1.43,-63.47,10.257,0.5,0.5,79.96,949,0,8538
2199051,1,1,10,0.97,26.03058624,119.19301605,39.0,26.03056145,119.19311523,44.18,12.931,-4.236,12.483,-0.0,0.0,-0.0,2.49,-1.44,-63.49,10.257,0.5,0.5,79.96,949,0,8541
2199256,1,1,10,0.97,26.03058624,119.19301605,39.0,26.03056145,119.19311523,44.18,12.933,-4.237,12.484,0.0,-0.0,-0.0,2.49,-1.45,-63.49,10.257,0.5,0.5,79.96,949,0,8541
2199468,1,1,10,0.97,26.03058624,119.19301605,39.0,26.03056145,119.19311523,44.18,12.933,-4.237,12.484,-0.0,0.0,-0.0,2.49,-1.44,-63.51,10.257,0.5,0.5,79.96,949,0,8541
2199710,1,1,10,0.97,26.03058624,119.19303131,38.9,26.03056145,119.19311523,44.18,12.926,-4.235,12.483,-0.0,0.0,0.0,2.49,-1.44,-63.54,8.796,0.5,0.5,79.96,950,0,8545
2199914,1,1,10,0.97,26.03058624,119.19303131,38.9,26.03056145,119.19311523,44.18,12.931,-4.236,12.483,-0.0,-0.0,0.0,2.48,-1.45,-63.51,8.796,0.5,0.5,85.06,950,0,8548
2200117,1,1,10,0.97,26.03058624,119.19303131,38.9,26.03056145,119.19311523,44.18,12.932,-4.237,12.483,-0.0,-0.0,0.0,2.47,-1.45,-63.51,8.796,0.5,0.5,85.06,950,0,8550
2200327,1,1,10,0.97,26.03058624,119.19303131,38.9,26.03056145,119.19311523,44.18,12.933,-4.237,12.484,0.0,-0.0,0.0,2.48,-1.46,-63.54,8.796,0.5,0.5,85.06,950,0,8550
2200527,1,1,10,0.97,26.03059006,119.19301605,38.9,26.03056145,119.19311523,44.18,12.933,-4.237,12.484,0.0,-0.0,0.0,2.48,-1.46,-63.53,8.796,0.5,0.5,85.06,950,0,8551
2200735,1,1,10,0.97,26.03059006,119.19301605,38.6,26.03056145,119.19311523,44.18,12.925,-4.234,12.483,0.0,0.0,-0.0,2.48,-1.45,-63.52,10.379,0.5,0.5,85.06,951,0,8554
2200946,1,1,10,0.97,26.03059006,119.19301605,38.6,26.03056145,119.19311523,44.18,12.93,-4.236,12.483,-0.0,0.0,0.001,2.49,-1.44,-63.54,10.379,0.5,0.5,81.92,951,0,8557
2201151,1,1,10,0.97,26.03059006,119.19301605,38.6,26.03056145,119.19311523,44.18,12.932,-4.236,12.483,0.0,-0.0,-0.0,2.49,-1.43,-63.55,10.379,0.5,0.5,81.92,951,0,8559
2201356,1,1,10,0.97,26.03059006,119.19301605,38.6,26.03056145,119.19311523,44.18,12.933,-4.237,12.484,0.0,0.0,0.0,2.5,-1.44,-63.56,10.379,0.5,0.5,81.92,951,0,8559
2201560,1,1,10,0.97,26.03059006,119.19301605,38.6,26.03056145,119.19311523,44.18,12.933,-4.237,12.484,0.0,-0.0,0.0,2.5,-1.44,-63.52,10.379,0.5,0.5,81.92,951,0,8561
2201771,1,1,10,0.97,26.03059006,119.19301605,38.3,26.03056145,119.19311523,44.18,12.925,-4.234,12.483,0.0,-0.0,0.0,2.5,-1.45,-63.51,10.379,0.5,0.5,81.92,952,0,8564
2201974,1,1,10,0.97,26.03059006,119.19301605,38.3,26.03056145,119.19311523,44.18,12.93,-4.236,12.483,0.0,-0.0,-0.0,2.5,-1.47,-63.51,10.379,0.5,0.5,80.71,952,0,8567
2202179,1,1,10,0.97,26.03059006,119.19301605,38.3,26.03056145,119.19311523,44.18,12.932,-4.237,12.483,0.0,0.0,-0.0,2.51,-1.46,-63.51,10.379,0.5,0.5,80.71,952,0,8568
2202381,1,1,10,0.97,26.03059006,119.19301605,38.3,26.03056145,119.19311523,44.18,12.933,-4.237,12.484,-0.0,0.0,0.0,2.5,-1.42,-63.47,10.379,0.5,0.5,80.71,952,0,8568
2202587,1,1,10,0.97,26.03059959,119.19301605,38.3,26.03056145,119.19311523,44.18,12.933,-4.237,12.484,0.0,0.0,-0.0,2.51,-1.42,-63.45,10.379,0.5,0.5,80.71,952,0,8570
2202808,1,1,10,0.8,26.03059959,119.19301605,38.2,26.03056145,119.19311523,44.18,12.927,-4.234,12.483,-0.0,-0.0,-0.0,2.48,-1.43,-63.45,10.751,0.5,0.5,80.71,953,0,8573
2203009,1,1,10,0.8,26.03059959,119.19301605,38.2,26.03056145,119.19311523,44.18,12.931,-4.236,12.483,-0.0,0.0,-0.0,2.46,-1.43,-63.47,10.751,0.5,0.5,86.0,953,0,8576
2203216,1,1,10,0.8,26.03059959,119.19301605,38.2,26.03056145,119.19311523,44.18,12.933,-4.237,12.483,-0.0,0.0,-0.0,2.46,-1.42,-63.46,10.751,0.5,0.5,86.0,953,0,8577
2203416,1,1,10,0.8,26.03059959,119.19301605,38.2,26.03056145,119.19311523,44.18,12.933,-4.237,12.484,0.0,-0.0,0.0,2.45,-1.43,-63.46,10.751,0.5,0.5,86.0,953,0,8577
2203632,1,1,10,0.8,26.03060341,119.19301605,38.0,26.03056145,119.19311523,44.18,12.918,-4.229,12.483,0.0,0.0,-0.001,2.46,-1.44,-63.48,10.925,0.5,0.5,86.0,954,0,8580
2203841,1,1,10,0.8,26.03060341,119.19301605,38.0,26.03056145,119.19311523,44.18,12.927,-4.234,12.483,-0.0,-0.0,-0.0,2.47,-1.46,-63.49,10.925,0.5,0.5,86.0,954,0,8583
2204061,1,1,10,0.8,26.03060341,119.19301605,38.0,26.03056145,119.19311523,44.18,12.931,-4.236,12.483,0.0,-0.0,-0.0,2.47,-1.47,-63.5,10.925,0.5,0.5,79.92,954,0,8586
2204261,1,1,10,0.8,26.03060341,119.19301605,38.0,26.03056145,119.19311523,44.18,12.933,-4.236,12.483,-0.0,-0.0,0.0,2.45,-1.46,-63.5,10.925,0.5,0.5,79.92,954,0,8586
2204466,1,1,10,0.8,26.03060341,119.19301605,38.0,26.03056145,119.19311523,44.18,12.933,-4.237,12.484,0.0,0.0,-0.0,2.46,-1.47,-63.5,10.925,0.5,0.5,79.92,954,0,8586
2204703,1,1,10,0.8,26.03060722,119.19301605,37.9,26.03056145,119.19311523,44.18,12.923,-4.232,12.483,-0.0,-0.0,-0.001,2.45,-1.47,-63.5,11.113,0.5,0.5,79.92,955,0,8590
2204905,1,1,10,0.8,26.03060722,119.19301605,37.9,26.03056145,119.19311523,44.18,12.93,-4.235,12.483,-0.0,0.0,0.0,2.46,-1.45,-63.49,11.113,0.5,0.5,85.99,955,0,8593
2205107,1,1,10,0.8,26.03060722,119.19301605,37.9,26.03056145,119.19311523,44.18,12.932,-4.236,12.483,0.0,-0.0,0.0,2.48,-1.46,-63.49,11.113,0.5,0.5,85.99,955,0,8595
2205312,1,1,10,0.8,26.03060722,119.19301605,37.9,26.03056145,119.19311523,44.18,12.933,-4.237,12.484,0.0,0.0,-0.0,2.47,-1.44,-63.49,11.113,0.5,0.5,85.99,955,0,8595
2205522,1,1,10,0.8,26.03061485,119.19301605,37.9,26.03056145,119.19311523,44.18,12.933,-4.237,12.484,-0.0,0.0,-0.0,2.46,-1.42,-63.49,11.113,0.5,0.5,85.99,955,0,8596
2205724,1,1,10,0.8,26.03061485,119.19301605,37.8,26.03056145,119.19311523,44.18,12.924,-4.231,12.483,-0.0,-0.0,-0.0,2.46,-1.44,-63.52,11.526,0.5,0.5,85.99,956,0,8599
2205925,1,1,10,0.8,26.03061485,119.19301605,37.8,26.03056145,119.19311523,44.18,12.93,-4.235,12.483,-0.0,-0.0,-0.0,2.46,-1.44,-63.5,11.526,0.5,0.5,83.33,956,0,8602
2206135,1,1,10,0.8,26.03061485,119.19301605,37.8,26.03056145,119.19311523,44.18,12.932,-4.236,12.483,0.0,-0.0,0.0,2.48,-1.43,-63.46,11.526,0.5,0.5,83.33,956,0,8604
2206341,1,1,10,0.8,26.03061485,119.19301605,37.8,26.03056145,119.19311523,44.18,12.933,-4.237,12.484,0.0,-0.0,0.0,2.49,-1.43,-63.46,11.526,0.5,0.5,83.33,956,0,8604
2206551,1,1,10,0.8,26.03061867,119.19301605,37.8,26.03056145,119.19311523,44.18,12.933,-4.237,12.484,-0.0,0.0,0.0,2.47,-1.43,-63.5,11.526,0.5,0.5,83.33,956,0,8605
2206752,1,1,10,0.8,26.03061867,119.19301605,37.6,26.03056145,119.19311523,44.18,12.924,-4.23,12.483,0.0,0.0,0.0,2.47,-1.41,-63.48,11.751,0.5,0.5,83.33,957,0,8608
2206960,1,1,10,0.8,26.03061867,119.19301605,37.6,26.03056145,119.19311523,44.18,12.93,-4.234,12.483,-0.0,-0.0,0.0,2.46,-1.41,-63.49,11.751,0.5,0.5,80.19,957,0,8611
2207170,1,1,10,0.8,26.03061867,119.19301605,37.6,26.03056145,119.19311523,44.18,12.932,-4.236,12.483,0.0,0.0,0.0,2.47,-1.41,-63.51,11.751,0.5,0.5,80.19,957,0,8613
2207372,1,1,10,0.8,26.03061867,119.19301605,37.6,26.03056145,119.19311523,44.18,12.933,-4.237,12.484,-0.0,-0.0,-0.0,2.46,-1.41,-63.53,11.751,0.5,0.5,80.19,957,0,8613
2207582,1,1,10,0.8,26.0306282,119.19301605,37.6,26.03056145,119.19311523,44.18,12.933,-4.237,12.484,0.0,-0.0,-0.0,2.46,-1.41,-63.52,11.751,0.5,0.5,80.19,957,0,8615
2207799,1,1,10,0.8,26.0306282,119.19301605,37.6,26.03056145,119.19311523,44.18,12.927,-4.232,12.483,0.0,0.0,-0.0,2.47,-1.43,-63.53,12.358,0.5,0.5,80.19,958,0,8618
2208009,1,1,10,0.8,26.0306282,119.19301605,37.6,26.03056145,119.19311523,44.18,12.931,-4.235,12.483,0.0,0.0,-0.0,2.47,-1.42,-63.55,12.358,0.5,0.5,84.24,958,0,8621
2208216,1,1,10,0.8,26.0306282,119.19301605,37.6,26.03056145,119.19311523,44.18,12.933,-4.236,12.483,0.0,-0.0,0.0,2.47,-1.43,-63.56,12.358,0.5,0.5,84.24,958,0,8622
2208422,1,1,10,0.8,26.0306282,119.19301605,37.6,26.03056145,119.19311523,44.18,12.933,-4.237,12.484,-0.0,-0.0,0.0,2.48,-1.43,-63.53,12.358,0.5,0.5,84.24,958,0,8622
2208628,1,1,10,0.8,26.03063583,119.19301605,37.6,26.03056145,119.19311523,44.18,12.933,-4.237,12.484,0.0,0.0,-0.0,2.49,-1.41,-63.53,12.358,0.5,0.5,84.24,958,0,8624
2208832,1,1,10,0.8,26.03063583,119.19301605,37.6,26.03056145,119.19311523,44.18,12.927,-4.232,12.483,0.0,-0.0,0.0,2.49,-1.43,-63.54,12.886,0.5,0.5,84.24,959,0,8627
2209040,1,1,10,0.8,26.03063583,119.19301605,37.6,26.03056145,119.19311523,44.18,12.931,-4.235,12.483,-0.0,-0.0,0.0,2.43,-1.41,-63.55,12.886,0.5,0.5,80.36,959,0,8631
2209246,1,1,10,0.8,26.03063583,119.19301605,37.6,26.03056145,119.19311523,44.18,12.933,-4.236,12.484,0.0,-0.0,0.0,2.44,-1.42,-63.54,12.886,0.5,0.5,80.36,959,0,8631
2209452,1,1,10,0.8,26.03063583,119.19301605,37.6,26.03056145,119.19311523,44.18,12.933,-4.237,12.484,0.0,-0.0,0.0,2.45,-1.43,-63.55,12.886,0.5,0.5,80.36,959,0,8631
2209667,1,1,10,0.8,26.03063583,119.19301605,37.5,26.03056145,119.19311523,44.18,12.918,-4.224,12.483,-0.0,-0.0,0.0,2.45,-1.44,-63.55,12.886,0.5,0.5,80.36,960,0,8634
2209868,1,1,10,0.8,26.03063583,119.19301605,37.5,26.03056145,119.19311523,44.18,12.918,-4.223,12.484,0.006,0.009,0.013,3.43,-0.32,-64.28,12.886,0.502,0.502,80.36,960,0,8637
2210068,1,1,10,0.8,26.03063583,119.19301605,37.5,26.03056145,119.19311523,44.19,12.92,-4.222,12.486,0.011,0.004,0.014,1.99,6.3,-62.64,12.886,0.512,0.512,93.81,960,0,8640
2210273,1,1,10,0.8,26.03063583,119.19301605,37.5,26.03056145,119.19311523,44.19,12.922,-4.222,12.49,0.011,-0.004,0.023,2.3,29.33,-61.68,12.886,0.536,0.536,93.81,960,0,8640
2210478,1,1,10,0.8,26.03063583,119.19301605,37.5,26.03056145,119.19311523,44.19,12.926,-4.221,12.493,0.022,0.021,0.007,3.91,46.72,-62.19,12.886,0.58,0.58,93.81,960,0,8640
2210690,1,1,10,0.8,26.03063965,119.19301605,37.5,26.03056717,119.1931076,44.15,12.327,-3.683,12.451,-0.289,0.326,-0.022,3.22,45.89,-67.76,13.146,0.628,0.628,93.81,961,0,8643
2210893,1,1,10,0.8,26.03063965,119.19301605,37.5,26.03056717,119.1931076,44.15,12.269,-3.614,12.446,-0.282,0.354,-0.027,3.29,45.75,-71.73,13.146,0.712,0.712,93.81,961,0,8646
2211095,1,1,10,0.8,26.03063965,119.19301605,37.5,26.03056717,119.1931076,44.14,12.213,-3.539,12.44,-0.276,0.386,-0.033,3.68,45.24,-74.7,13.146,0.813,0.813,129.48,961,0,8649
2211295,1,1,10,0.8,26.03063965,119.19301605,37.5,26.03056908,119.1931076,44.13,12.158,-3.459,12.433,-0.271,0.419,-0.037,4.16,45.05,-77.02,13.146,0.929,0.929,129.48,961,0,8649
2211498,1,1,10,0.8,26.03063965,119.19301605,37.5,26.03056717,119.1931076,44.15,12.267,-3.626,12.448,0.002,0.034,-0.005,4.46,44.59,-79.07,13.146,0.501,0.501,129.48,961,0,8649
2211704,1,1,10,0.8,26.03064728,119.19301605,37.4,26.03057098,119.1931076,44.12,11.905,-3.263,12.419,-0.025,0.097,-0.013,4.64,44.18,-80.77,12.83,0.502,0.502,129.48,962,0,8653
2211906,1,1,10,0.8,26.03064728,119.19301605,37.4,26.03057098,119.1931076,44.12,11.9,-3.241,12.417,-0.023,0.127,-0.017,4.85,44.49,-81.97,12.83,0.523,0.523,129.48,962,0,8656
2212108,1,1,10,0.8,26.03064728,119.19301605,37.4,26.03057098,119.1931076,44.11,11.895,-3.212,12.413,-0.02,0.153,-0.021,5.08,44.89,-82.9,12.83,0.561,0.561,121.76,962,0,8658
2212311,1,1,10,0.8,26.03064728,119.19301605,37.4,26.03057098,119.1931076,44.12,11.898,-3.24,12.417,0.001,0.012,-0.002,5.3,45.27,-83.69,12.83,0.5,0.5,121.76,962,0,8658
2212521,1,1,10,0.8,26.03064728,119.19301605,37.4,26.03057098,119.1931076,44.11,11.895,-3.212,12.413,0.001,0.01,-0.002,5.47,45.63,-84.43,12.83,0.5,0.5,121.76,962,0,8659
2212725,1,1,10,0.8,26.03064728,119.19301605,37.4,26.03057098,119.1931076,44.11,11.885,-3.193,12.41,0.0,0.005,-0.001,5.59,45.74,-85.04,12.275,0.5,0.5,121.76,963,0,8662
2212931,1,1,10,0.8,26.03064728,119.19301605,37.4,26.03057098,119.1931076,44.11,11.89,-3.194,12.41,0.0,0.005,-0.001,5.74,46.04,-85.49,12.275,0.5,0.5,121.76,963,0,8665
2213132,1,1,10,0.8,26.03064728,119.19301605,37.4,26.03057098,119.1931076,44.11,11.89,-3.192,12.409,0.001,0.019,-0.005,5.56,44.7,-86.13,12.275,0.502,0.502,95.9,963,0,8667
2213334,1,1,10,0.8,26.03064728,119.19301605,37.4,26.03057098,119.1931076,44.11,11.891,-3.187,12.409,0.003,0.028,-0.014,1.86,25.35,-88.11,12.275,0.513,0.513,95.9,963,0,8667
2213538,1,1,10,0.8,26.03065109,119.19301605,37.4,26.03057098,119.1931076,44.1,11.889,-3.18,12.405,-0.018,0.019,-0.03,-0.09,-1.29,-82.7,12.275,0.539,0.539,95.9,963,0,8668
2213741,1,1,9,0.86,26.03065109,119.19301605,37.4,26.0305748,119.19309998,44.07,11.448,-2.736,12.369,-0.192,0.176,-0.015,3.18,-2.2,-79.33,12.549,0.57,0.57,95.9,964,0,8671
2213945,1,1,9,0.86,26.03065109,119.19301605,37.4,26.0305748,119.19309998,44.07,11.407,-2.701,12.366,-0.203,0.173,-0.016,2.81,-2.18,-78.49,12.549,0.635,0.635,95.9,964,0,8674
2214150,1,1,9,0.86,26.03065109,119.19301605,37.4,26.0305748,119.19309998,44.07,11.441,-2.726,12.368,-0.001,0.001,-0.0,2.51,-2.19,-77.84,12.549,0.423,0.423,128.84,964,0,8676
2214350,1,1,9,0.86,26.03065109,119.19301605,37.4,26.0305748,119.19309998,44.07,11.44,-2.727,12.37,-0.009,-0.001,0.009,2.23,-2.12,-77.35,12.549,0.501,0.501,128.84,964,0,8676
2214552,1,1,9,0.86,26.03065109,119.19301605,37.4,26.0305748,119.19309998,44.07,11.437,-2.727,12.371,-0.015,-0.003,0.008,2.06,-2.12,-76.94,12.549,0.509,0.509,128.84,964,0,8678
2214753,1,1,9,0.86,26.03065109,119.19301605,37.3,26.03057861,119.19309998,44.04,11.103,-2.388,12.344,-0.002,-0.0,0.0,1.93,-2.14,-76.64,11.91,0.5,0.5,128.84,965,0,8680
2214953,1,1,9,0.86,26.03065109,119.19301605,37.3,26.03057861,119.19309998,44.04,11.095,-2.383,12.344,-0.001,-0.0,-0.0,1.83,-2.16,-76.38,11.91,0.5,0.5,128.84,965,0,8683
2215158,1,1,9,0.86,26.03065109,119.19301605,37.3,26.03057861,119.19309998,44.04,11.092,-2.38,12.344,-0.001,-0.001,0.0,1.73,-2.16,-76.19,11.91,0.5,0.5,109.67,965,0,8685
2215360,1,1,9,0.86,26.03065109,119.19301605,37.3,26.03057861,119.19309998,44.04,11.091,-2.379,12.344,-0.001,-0.0,0.0,1.65,-2.15,-76.03,11.91,0.5,0.5,109.67,965,0,8685
2215562,1,1,9,0.86,26.03066063,119.19301605,37.3,26.03057861,119.19309998,44.04,11.09,-2.379,12.344,-0.001,-0.0,0.0,1.6,-2.16,-75.91,11.91,0.5,0.5,109.67,965,0,8687
2215773,1,1,9,0.86,26.03066063,119.19301605,37.2,26.03057861,119.19309998,44.04,11.082,-2.37,12.343,-0.001,-0.0,0.0,1.55,-2.16,-75.81,12.196,0.5,0.5,109.67,966,0,8690
2215973,1,1,9,0.86,26.03066063,119.19301605,37.2,26.03057861,119.19309998,44.04,11.087,-2.375,12.344,-0.001,-0.0,-0.0,1.51,-2.16,-75.73,12.196,0.5,0.5,109.67,966,0,8693
2216173,1,1,9,0.86,26.03066063,119.19301605,37.2,26.03057861,119.19309998,44.04,11.089,-2.377,12.344,-0.0,-0.001,0.0,1.49,-2.19,-75.66,12.196,0.5,0.5,81.75,966,0,8694
2216375,1,1,9,0.86,26.03066063,119.19301605,37.2,26.03057861,119.19309998,44.04,11.089,-2.378,12.344,-0.0,-0.0,0.0,1.47,-2.18,-75.6,12.196,0.5,0.5,81.75,966,0,8694
2216596,1,1,9,0.86,26.03066063,119.19301605,37.2,26.03057861,119.19309998,44.04,11.09,-2.379,12.344,-0.0,-0.0,0.0,1.46,-2.18,-75.57,12.196,0.5,0.5,81.75,966,0,8696
2216815,1,1,9,0.86,26.03066063,119.19301605,37.2,26.03057861,119.19309998,44.04,11.085,-2.373,12.344,-0.0,0.0,-0.0,1.44,-2.16,-75.55,12.196,0.5,0.5,81.75,967,0,8699
2217019,1,1,9,0.86,26.03066063,119.19301605,37.2,26.03057861,119.19309998,44.04,11.088,-2.377,12.344,-0.001,-0.0,-0.0,1.41,-2.17,-75.56,12.196,0.5,0.5,83.5,967,0,8703
2217220,1,1,9,0.86,26.03066063,119.19301605,37.2,26.03057861,119.19309998,44.04,11.089,-2.378,12.344,-0.001,-0.0,-0.001,1.37,-2.19,-75.49,12.196,0.5,0.5,83.5,967,0,8703
2217427,1,1,9,0.86,26.03066063,119.19301605,37.2,26.03057861,119.19309998,44.04,11.09,-2.379,12.344,-0.0,0.001,0.0,1.38,-2.16,-75.48,12.196,0.5,0.5,83.5,967,0,8703
2217642,1,1,10,0.86,26.03066063,119.19301605,37.3,26.03057861,119.19309998,44.04,11.077,-2.364,12.343,-0.001,-0.0,0.0,1.37,-2.16,-75.46,12.196,0.5,0.5,83.5,968,0,8706
2217853,1,1,10,0.86,26.03066063,119.19301605,37.3,26.03057861,119.19309998,44.04,11.085,-2.373,12.344,-0.001,-0.0,0.0,1.39,-2.17,-75.48,12.196,0.5,0.5,83.5,968,0,8709
2218070,1,1,10,0.86,26.03066063,119.19301605,37.3,26.03057861,119.19309998,44.04,11.088,-2.377,12.344,-0.0,-0.002,-0.003,1.43,-2.3,-75.49,12.196,0.5,0.5,85.0,968,0,8712
2218277,1,1,10,0.86,26.03066063,119.19301605,37.3,26.03057861,119.19309998,44.04,11.089,-2.378,12.344,-0.001,0.0,-0.0,1.43,-2.26,-75.47,12.196,0.5,0.5,85.0,968,0,8712
2218481,1,1,10,0.86,26.03066063,119.19301605,37.3,26.03057861,119.19309998,44.04,11.09,-2.379,12.344,-0.0,-0.0,-0.0,1.42,-2.25,-75.47,12.196,0.5,0.5,85.0,968,0,8712
2218710,1,1,10,0.86,26.03066063,119.19301605,37.3,26.03057861,119.19309998,44.04,11.082,-2.37,12.343,-0.0,-0.0,0.0,1.41,-2.24,-75.46,12.196,0.5,0.5,85.0,969,0,8716
2218914,1,1,10,0.86,26.03066063,119.19301605,37.3,26.03057861,119.19309998,44.04,11.087,-2.375,12.344,-0.0,-0.0,-0.0,1.42,-2.23,-75.45,12.196,0.5,0.5,85.0,969,0,8719
2219128,1,1,10,0.86,26.03066063,119.19301605,37.3,26.03057861,119.19309998,44.04,11.089,-2.377,12.344,-0.0,0.0,0.0,1.4,-2.21,-75.44,12.196,0.5,0.5,81.92,969,0,8721
2219332,1,1,10,0.86,26.03066063,119.19301605,37.3,26.03057861,119.19309998,44.04,11.089,-2.378,12.344,-0.0,0.0,0.001,1.41,-2.19,-75.46,12.196,0.5,0.5,81.92,969,0,8721
2219539,1,1,10,0.86,26.03066444,119.19301605,37.3,26.03057861,119.19309998,44.04,11.09,-2.379,12.344,-0.001,-0.0,-0.0,1.39,-2.19,-75.44,12.196,0.5,0.5,81.92,969,0,8722
2219749,1,1,10,0.86,26.03066444,119.19301605,37.3,26.03057861,119.19309998,44.04,11.082,-2.369,12.343,-0.0,0.0,-0.0,1.4,-2.18,-75.45,12.519,0.5,0.5,81.92,970,0,8725
2219963,1,1,10,0.86,26.03066444,119.19301605,37.3,26.03057861,119.19309998,44.04,11.087,-2.375,12.344,-0.0,-0.0,0.0,1.4,-2.19,-75.46,12.519,0.5,0.5,81.92,970,0,8728
2220164,1,1,10,0.86,26.03066444,119.19301605,37.3,26.03057861,119.19309998,44.04,11.089,-2.377,12.344,-0.0,0.0,0.0,1.4,-2.19,-75.46,12.519,0.5,0.5,84.83,970,0,8730
2220366,1,1,10,0.86,26.03066444,119.19301605,37.3,26.03057861,119.19309998,44.04,11.089,-2.378,12.344,-0.0,-0.0,-0.0,1.4,-2.21,-75.5,12.519,0.5,0.5,84.83,970,0,8730
2220583,1,1,10,0.86,26.03066444,119.19301605,37.3,26.03057861,119.19309998,44.04,11.09,-2.379,12.344,-0.0,0.0,0.0,1.4,-2.2,-75.5,12.519,0.5,0.5,84.83,970,0,8732
2220811,1,1,9,0.86,26.03066444,119.19301605,37.3,26.03057861,119.19309998,44.04,11.085,-2.373,12.344,-0.001,-0.0,0.001,1.4,-2.19,-75.48,12.518,0.5,0.5,84.83,971,0,8735
2221012,1,1,9,0.86,26.03066444,119.19301605,37.3,26.03057861,119.19309998,44.04,11.088,-2.376,12.344,-0.0,0.0,0.0,1.41,-2.18,-75.47,12.518,0.5,0.5,84.83,971,0,8739
2221217,1,1,9,0.86,26.03066444,119.19301605,37.3,26.03057861,119.19309998,44.04,11.089,-2.378,12.344,-0.0,-0.0,0.0,1.4,-2.18,-75.47,12.518,0.5,0.5,80.12,971,0,8739
2221421,1,1,9,0.86,26.03066444,119.19301605,37.3,26.03057861,119.19309998,44.04,11.09,-2.379,12.344,-0.0,-0.0,-0.0,1.39,-2.19,-75.46,12.518,0.5,0.5,80.12,971,0,8739
2221629,1,1,10,0.86,26.03066826,119.19301605,37.4,26.03057861,119.19309998,44.04,11.077,-2.363,12.343,-0.0,-0.0,0.0,1.39,-2.19,-75.45,12.847,0.5,0.5,80.12,972,0,8742
2221842,1,1,10,0.86,26.03066826,119.19301605,37.4,26.03057861,119.19309998,44.04,11.085,-2.373,12.344,-0.001,-0.0,0.0,1.39,-2.21,-75.44,12.847,0.5,0.5,80.12,972,0,8745
2222051,1,1,10,0.86,26.03066826,119.19301605,37.4,26.03057861,119.19309998,44.04,11.088,-2.376,12.344,-0.001,-0.0,-0.0,1.36,-2.2,-75.43,12.847,0.5,0.5,82.51,972,0,8748
2222256,1,1,10,0.86,26.03066826,119.19301605,37.4,26.03057861,119.19309998,44.04,11.089,-2.378,12.344,-0.001,0.0,-0.0,1.34,-2.19,-75.44,12.847,0.5,0.5,82.51,972,0,8748
2222461,1,1,10,0.86,26.03066826,119.19301605,37.4,26.03057861,119.19309998,44.04,11.09,-2.378,12.344,-0.0,-0.0,-0.0,1.35,-2.2,-75.43,12.847,0.5,0.5,82.51,972,0,8748
2222662,1,1,10,0.86,26.03066826,119.19301605,37.4,26.03057861,119.19309998,44.04,11.082,-2.369,12.343,-0.0,0.0,-0.0,1.35,-2.17,-75.45,12.847,0.396,0.396,82.51,973,0,8751
2222864,1,1,10,0.86,26.03066826,119.19301605,37.4,26.03057861,119.19309998,44.04,11.085,-2.372,12.344,-0.0,0.0,0.0,1.37,-2.16,-75.47,12.847,0.5,0.5,82.51,973,0,8754
2223064,1,1,10,0.86,26.03066826,119.19301605,37.4,26.03057861,119.19309998,44.04,11.088,-2.376,12.344,-0.001,-0.0,0.0,1.37,-2.16,-75.47,12.847,0.5,0.5,83.42,973,0,8757
2223266,1,1,10,0.86,26.03066826,119.19301605,37.4,26.03057861,119.19309998,44.04,11.089,-2.378,12.344,-0.0,-0.0,0.0,1.38,-2.17,-75.45,12.847,0.5,0.5,83.42,973,0,8757
2223468,1,1,10,0.86,26.03066826,119.19301605,37.4,26.03057861,119.19309998,44.04,11.09,-2.378,12.344,-0.001,-0.0,0.0,1.37,-2.19,-75.44,12.847,0.5,0.5,83.42,973,0,8757
2223678,1,1,10,0.86,26.03066826,119.19301605,37.5,26.03057861,119.19309998,44.04,11.077,-2.363,12.343,-0.001,0.0,-0.0,1.37,-2.18,-75.44,12.847,0.5,0.5,83.42,974,0,8760
2223879,1,1,10,0.86,26.03066826,119.19301605,37.5,26.03057861,119.19309998,44.04,11.085,-2.372,12.344,-0.0,-0.0,-0.0,1.37,-2.17,-75.43,12.847,0.5,0.5,83.42,974,0,8763
2224081,1,1,10,0.86,26.03066826,119.19301605,37.5,26.03057861,119.19309998,44.04,11.088,-2.376,12.344,-0.0,-0.0,0.0,1.39,-2.16,-75.43,12.847,0.5,0.5,81.51,974,0,8766
2224282,1,1,10,0.86,26.03066826,119.19301605,37.5,26.03057861,119.19309998,44.04,11.089,-2.378,12.344,-0.0,-0.0,-0.0,1.39,-2.16,-75.42,12.847,0.5,0.5,81.51,974,0,8766
2224482,1,1,10,0.86,26.03066826,119.19301605,37.5,26.03057861,119.19309998,44.04,11.09,-2.378,12.344,-0.0,-0.0,0.0,1.38,-2.16,-75.43,12.847,0.5,0.5,81.51,974,0,8766
2224705,1,1,10,0.8,26.03067589,119.19301605,37.6,26.03057861,119.19309998,44.04,11.082,-2.368,12.344,-0.0,-0.0,0.0,1.38,-2.16,-75.44,13.52,0.5,0.5,81.51,975,0,8770
2224908,1,1,10,0.8,26.03067589,119.19301605,37.6,26.03057861,119.19309998,44.04,11.087,-2.375,12.344,-0.0,-0.0,-0.0,1.37,-2.18,-75.42,13.52,0.5,0.5,81.51,975,0,8773
2225112,1,1,10,0.8,26.03067589,119.19301605,37.6,26.03057861,119.19309998,44.04,11.089,-2.377,12.344,-0.0,-0.0,-0.0,1.37,-2.19,-75.4,13.52,0.5,0.5,84.41,975,0,8775
2225316,1,1,10,0.8,26.03067589,119.19301605,37.6,26.03057861,119.19309998,44.04,11.089,-2.378,12.344,-0.0,0.0,0.0,1.36,-2.18,-75.41,13.52,0.5,0.5,84.41,975,0,8775
2225522,1,1,10,0.8,26.03067589,119.19301605,37.6,26.03057861,119.19309998,44.04,11.09,-2.379,12.344,-0.0,-0.0,-0.0,1.38,-2.18,-75.4,13.52,0.5,0.5,84.41,975,0,8776
2225730,1,1,10,0.8,26.03067589,119.19301605,37.6,26.03057861,119.19309998,44.04,11.082,-2.368,12.344,-0.0,0.0,0.0,1.39,-2.2,-75.42,13.52,0.5,0.5,84.41,976,0,8779
2225935,1,1,10,0.8,26.03067589,119.19301605,37.6,26.03057861,119.19309998,44.04,11.087,-2.375,12.344,-0.0,0.0,0.0,1.4,-2.2,-75.44,13.52,0.5,0.5,84.41,976,0,8782
2226142,1,1,10,0.8,26.03067589,119.19301605,37.6,26.03057861,119.19309998,44.04,11.089,-2.377,12.344,-0.0,-0.0,-0.0,1.39,-2.2,-75.46,13.52,0.5,0.5,80.76,976,0,8784
2226346,1,1,10,0.8,26.03067589,119.19301605,37.6,26.03057861,119.19309998,44.04,11.089,-2.378,12.344,-0.0,0.0,-0.0,1.39,-2.19,-75.49,13.52,0.5,0.5,80.76,976,0,8784
2226554,1,1,10,0.8,26.03067589,119.19301605,37.6,26.03057861,119.19309998,44.04,11.09,-2.379,12.344,-0.001,-0.0,0.0,1.37,-2.18,-75.48,13.52,0.5,0.5,80.76,976,0,8786
2226761,1,1,10,0.8,26.03067589,119.19301605,37.6,26.03057861,119.19309998,44.04,11.082,-2.368,12.344,-0.0,0.0,0.0,1.36,-2.17,-75.5,13.52,0.5,0.5,80.76,977,0,8788
2226971,1,1,10,0.8,26.03067589,119.19301605,37.6,26.03057861,119.19309998,44.04,11.087,-2.375,12.344,-0.0,-0.001,-0.002,1.42,-2.22,-75.5,13.52,0.5,0.5,80.76,977,0,8792
2227180,1,1,10,0.8,26.03067589,119.19301605,37.6,26.03057861,119.19309998,44.04,11.089,-2.377,12.344,-0.0,-0.0,0.0,1.39,-2.2,-75.48,13.52,0.5,0.5,78.69,977,0,8793
2227393,1,1,10,0.8,26.03067589,119.19301605,37.6,26.03057861,119.19309998,44.04,11.089,-2.378,12.344,-0.001,0.0,-0.0,1.37,-2.2,-75.46,13.52,0.5,0.5,78.69,977,0,8793
2227600,1,1,10,0.8,26.03067589,119.19301605,37.6,26.03057861,119.19309998,44.04,11.09,-2.379,12.344,-0.001,-0.0,-0.002,1.31,-2.17,-75.42,13.52,0.5,0.5,78.69,977,0,8795
2227800,1,1,10,0.8,26.03067589,119.19301605,37.8,26.03057861,119.19309998,44.04,11.085,-2.372,12.344,-0.0,0.0,-0.0,1.34,-2.14,-75.44,13.52,0.5,0.5,78.69,978,0,8798
2228022,1,1,10,0.8,26.03067589,119.19301605,37.8,26.03057861,119.19309998,44.04,11.088,-2.376,12.344,-0.0,-0.0,0.0,1.35,-2.13,-75.46,13.52,0.5,0.5,78.69,978,0,8802
2228226,1,1,10,0.8,26.03067589,119.19301605,37.8,26.03057861,119.19309998,44.04,11.089,-2.378,12.344,-0.0,-0.0,0.0,1.35,-2.15,-75.47,13.52,0.5,0.5,85.57,978,0,8802
2228431,1,1,10,0.8,26.03067589,119.19301605,37.8,26.03057861,119.19309998,44.04,11.09,-2.378,12.344,-0.0,-0.0,0.001,1.35,-2.14,-75.45,13.52,0.5,0.5,85.57,978,0,8802
2228643,1,1,10,0.8,26.0306797,119.19301605,38.0,26.03057861,119.19309998,44.04,11.077,-2.361,12.343,-0.0,-0.0,0.0,1.34,-2.16,-75.47,13.864,0.5,0.5,85.57,979,0,8805
2228852,1,1,10,0.8,26.0306797,119.19301605,38.0,26.03057861,119.19309998,44.04,11.085,-2.372,12.344,-0.0,0.0,0.0,1.37,-2.16,-75.45,13.864,0.5,0.5,85.57,979,0,8808
2229053,1,1,10,0.8,26.0306797,119.19301605,38.0,26.03057861,119.19309998,44.04,11.088,-2.376,12.344,0.001,-0.001,0.002,1.41,-2.22,-75.44,13.864,0.5,0.5,85.57,979,0,8811
2229260,1,1,10,0.8,26.0306797,119.19301605,38.0,26.03057861,119.19309998,44.04,11.089,-2.378,12.344,-0.0,-0.0,0.0,1.36,-2.21,-75.45,13.864,0.5,0.5,80.0,979,0,8811
2229461,1,1,10,0.8,26.0306797,119.19301605,38.0,26.03057861,119.19309998,44.04,11.09,-2.378,12.344,-0.0,0.0,0.0,1.34,-2.19,-75.44,13.864,0.5,0.5,80.0,979,0,8811
2229661,1,1,10,0.8,26.0306797,119.19301605,38.2,26.03057861,119.19309998,44.04,11.082,-2.367,12.344,-0.0,-0.0,0.0,1.35,-2.19,-75.42,13.864,0.396,0.396,80.0,980,0,8814
2229864,1,1,10,0.8,26.0306797,119.19301605,38.2,26.03057861,119.19309998,44.04,11.085,-2.372,12.344,-0.0,-0.0,0.0,1.33,-2.22,-75.4,13.864,0.5,0.5,80.0,980,0,8817
2230068,1,1,10,0.8,26.0306797,119.19301605,38.2,26.03057861,119.19309998,44.04,11.088,-2.376,12.344,-0.0,0.0,0.0,1.34,-2.18,-75.39,13.864,0.5,0.5,80.0,980,0,8820
2230270,1,1,10,0.8,26.0306797,119.19301605,38.2,26.03057861,119.19309998,44.04,11.089,-2.378,12.344,-0.001,-0.0,-0.0,1.33,-2.18,-75.43,13.864,0.5,0.5,86.14,980,0,8820
2230474,1,1,10,0.8,26.0306797,119.19301605,38.2,26.03057861,119.19309998,44.04,11.09,-2.378,12.344,0.0,0.0,-0.0,1.35,-2.16,-75.43,13.864,0.5,0.5,86.14,980,0,8820
2230693,1,1,10,0.8,26.03068352,119.19301605,38.3,26.03057861,119.19309998,44.04,11.077,-2.36,12.343,-0.0,-0.0,-0.0,1.38,-2.15,-75.44,14.212,0.5,0.5,86.14,981,0,8823
2230894,1,1,10,0.8,26.03068352,119.19301605,38.3,26.03057861,119.19309998,44.04,11.085,-2.371,12.344,0.001,-0.001,0.002,1.47,-2.21,-75.46,14.212,0.5,0.5,86.14,981,0,8826
2231094,1,1,10,0.8,26.03068352,119.19301605,38.3,26.03057861,119.19309998,44.04,11.088,-2.376,12.344,-0.001,-0.0,0.002,1.48,-2.18,-75.46,14.212,0.5,0.5,82.92,981,0,8829
2231296,1,1,10,0.8,26.03068352,119.19301605,38.3,26.03057861,119.19309998,44.04,11.089,-2.378,12.344,-0.001,-0.0,-0.001,1.42,-2.19,-75.45,14.212,0.5,0.5,82.92,981,0,8829
2231499,1,1,10,0.8,26.03068352,119.19301605,38.3,26.03057861,119.19309998,44.04,11.09,-2.378,12.344,-0.0,-0.0,-0.0,1.4,-2.2,-75.41,14.212,0.5,0.5,82.92,981,0,8829
2231707,1,1,10,0.8,26.03068924,119.19301605,38.3,26.03057861,119.19309998,44.04,11.082,-2.366,12.344,-0.0,0.0,-0.0,1.36,-2.08,-75.42,14.741,0.5,0.5,82.92,982,0,8833
2231915,1,1,10,0.8,26.03068924,119.19301605,38.3,26.03057861,119.19309998,44.04,11.087,-2.374,12.344,-0.0,-0.0,0.0,1.36,-2.12,-75.42,14.741,0.5,0.5,82.92,982,0,8836
2232125,1,1,10,0.8,26.03068924,119.19301605,38.3,26.03057861,119.19309998,44.04,11.089,-2.377,12.344,-0.001,-0.0,0.001,1.32,-2.15,-75.39,14.741,0.5,0.5,82.44,982,0,8838
2232337,1,1,10,0.8,26.03068924,119.19301605,38.3,26.03057861,119.19309998,44.04,11.089,-2.378,12.344,-0.0,-0.001,-0.0,1.29,-2.17,-75.41,14.741,0.5,0.5,82.44,982,0,8838
2232539,1,1,10,0.8,26.03069305,119.19301605,38.3,26.03057861,119.19309998,44.04,11.09,-2.379,12.344,0.0,0.0,0.001,1.35,-2.17,-75.39,14.741,0.5,0.5,82.44,982,0,8839
2232753,1,1,10,0.8,26.03069305,119.19301605,38.5,26.03057861,119.19309998,44.04,11.082,-2.366,12.344,-0.001,-0.0,-0.0,1.4,-2.17,-75.41,15.099,0.5,0.5,82.44,983,0,8842
2232959,1,1,10,0.8,26.03069305,119.19301605,38.5,26.03057861,119.19309998,44.04,11.087,-2.374,12.344,-0.0,-0.0,0.0,1.39,-2.17,-75.42,15.099,0.5,0.5,82.44,983,0,8845
2233160,1,1,10,0.8,26.03069305,119.19301605,38.5,26.03057861,119.19309998,44.04,11.089,-2.377,12.344,-0.001,-0.0,0.0,1.34,-2.18,-75.44,15.099,0.5,0.5,82.13,983,0,8847
2233367,1,1,10,0.8,26.03069305,119.19301605,38.5,26.03057861,119.19309998,44.04,11.089,-2.378,12.344,-0.0,-0.0,0.0,1.35,-2.2,-75.46,15.099,0.5,0.5,82.13,983,0,8847
2233577,1,1,10,0.8,26.03069305,119.19301605,38.5,26.03057861,119.19309998,44.04,11.09,-2.379,12.344,-0.0,-0.0,0.001,1.31,-2.19,-75.45,15.099,0.5,0.5,82.13,983,0,8849
2233793,1,1,10,0.8,26.03069305,119.19301605,38.7,26.03057861,119.19309998,44.04,11.085,-2.371,12.344,-0.0,-0.0,-0.0,1.28,-2.22,-75.43,15.099,0.5,0.5,82.13,984,0,8852
2233995,1,1,10,0.8,26.03069305,119.19301605,38.7,26.03057861,119.19309998,44.04,11.088,-2.376,12.344,-0.0,0.0,0.001,1.32,-2.19,-75.44,15.099,0.5,0.5,82.13,984,0,8855
2234206,1,1,10,0.8,26.03069305,119.19301605,38.7,26.03057861,119.19309998,44.04,11.089,-2.378,12.344,-0.0,-0.0,0.0,1.31,-2.2,-75.47,15.099,0.5,0.5,86.57,984,0,8856
2234411,1,1,10,0.8,26.03069305,119.19301605,38.7,26.03057861,119.19309998,44.04,11.09,-2.378,12.344,-0.0,-0.0,-0.001,1.3,-2.21,-75.45,15.099,0.5,0.5,86.57,984,0,8856
2234617,1,1,10,0.8,26.03069305,119.19301605,38.7,26.03057861,119.19309998,44.04,11.09,-2.379,12.344,-0.0,0.0,0.0,1.36,-2.22,-75.42,15.099,0.5,0.5,86.57,984,0,8858
2234821,1,1,10,0.8,26.03069305,119.19301605,38.7,26.03057861,119.19309998,44.04,11.085,-2.371,12.344,-0.0,-0.0,-0.001,1.36,-2.23,-75.42,15.099,0.5,0.5,86.57,985,0,8861
2235029,1,1,10,0.8,26.03069305,119.19301605,38.7,26.03057861,119.19309998,44.04,11.088,-2.376,12.344,-0.0,-0.0,0.0,1.34,-2.22,-75.42,15.099,0.5,0.5,86.57,985,0,8865
2235236,1,1,10,0.8,26.03069305,119.19301605,38.7,26.03057861,119.19309998,44.04,11.089,-2.378,12.344,0.0,-0.0,-0.0,1.35,-2.21,-75.42,15.099,0.5,0.5,79.76,985,0,8865
2235441,1,1,10,0.8,26.03069305,119.19301605,38.7,26.03057861,119.19309998,44.04,11.09,-2.378,12.344,-0.0,0.0,0.0,1.35,-2.21,-75.44,15.099,0.5,0.5,79.76,985,0,8865
2235657,1,1,10,0.8,26.03069305,119.19301605,38.8,26.03057861,119.19309998,44.04,11.077,-2.358,12.343,-0.0,0.0,0.0,1.34,-2.22,-75.42,15.099,0.5,0.5,79.76,986,0,8868
2235858,1,1,10,0.8,26.03069305,119.19301605,38.8,26.03057861,119.19309998,44.04,11.085,-2.371,12.344,-0.0,0.0,-0.0,1.33,-2.2,-75.43,15.099,0.5,0.5,79.76,986,0,8871
2236068,1,1,10,0.8,26.03069305,119.19301605,38.8,26.03057861,119.19309998,44.04,11.088,-2.376,12.344,-0.0,0.0,-0.0,1.33,-2.19,-75.41,15.099,0.5,0.5,79.76,986,0,8874
2236271,1,1,10,0.8,26.03069305,119.19301605,38.8,26.03057861,119.19309998,44.04,11.089,-2.378,12.344,-0.0,-0.0,-0.0,1.32,-2.2,-75.42,15.099,0.5,0.5,78.92,986,0,8874
2236477,1,1,10,0.8,26.03069305,119.19301605,38.8,26.03057861,119.19309998,44.04,11.09,-2.378,12.344,-0.0,-0.0,0.0,1.32,-2.22,-75.45,15.099,0.5,0.5,78.92,986,0,8874
2236706,1,1,10,0.8,26.03070068,119.19301605,38.8,26.03057861,119.19309998,44.04,11.082,-2.365,12.344,-0.0,-0.0,0.0,1.34,-2.22,-75.43,15.825,0.5,0.5,78.92,987,0,8878
2236915,1,1,10,0.8,26.03070068,119.19301605,38.8,26.03057861,119.19309998,44.04,11.087,-2.373,12.344,-0.0,0.0,-0.0,1.36,-2.2,-75.43,15.825,0.5,0.5,78.92,987,0,8881
2237120,1,1,10,0.8,26.03070068,119.19301605,38.8,26.03057861,119.19309998,44.04,11.089,-2.377,12.344,-0.0,0.0,0.0,1.35,-2.19,-75.42,15.825,0.5,0.5,78.92,987,0,8883
2237327,1,1,10,0.8,26.03070068,119.19301605,38.8,26.03057861,119.19309998,44.04,11.089,-2.378,12.344,-0.001,-0.0,0.0,1.33,-2.19,-75.42,15.825,0.5,0.5,84.66,987,0,8883
2237527,1,1,10,0.8,26.03070068,119.19301605,38.8,26.03057861,119.19309998,44.04,11.09,-2.379,12.344,-0.0,-0.0,0.0,1.33,-2.17,-75.42,15.825,0.5,0.5,84.66,987,0,8884
2237735,1,1,10,0.8,26.03070068,119.19301605,38.9,26.03057861,119.19309998,44.04,11.082,-2.365,12.344,-0.0,-0.0,-0.0,1.31,-2.17,-75.44,15.825,0.5,0.5,84.66,988,0,8887
2237939,1,1,10,0.8,26.03070068,119.19301605,38.9,26.03057861,119.19309998,44.04,11.087,-2.373,12.344,-0.0,-0.0,-0.0,1.31,-2.17,-75.44,15.825,0.5,0.5,84.66,988,0,8890
2238144,1,1,10,0.8,26.03070068,119.19301605,38.9,26.03057861,119.19309998,44.04,11.089,-2.377,12.344,-0.0,-0.0,-0.0,1.31,-2.16,-75.46,15.825,0.5,0.5,84.66,988,0,8892
2238357,1,1,10,0.8,26.03070068,119.19301605,38.9,26.03057861,119.19309998,44.04,11.089,-2.378,12.344,-0.0,-0.0,-0.0,1.3,-2.17,-75.45,15.825,0.5,0.5,78.84,988,0,8892
2238567,1,1,10,0.8,26.03070068,119.19301605,38.9,26.03057861,119.19309998,44.04,11.09,-2.379,12.344,-0.0,-0.0,0.001,1.29,-2.17,-75.45,15.825,0.5,0.5,78.84,988,0,8894
2238777,1,1,10,0.8,26.03070068,119.19301605,39.0,26.03057861,119.19309998,44.04,11.082,-2.365,12.344,-0.0,0.0,-0.001,1.3,-2.17,-75.43,15.825,0.5,0.5,78.84,989,0,8897
2238978,1,1,10,0.8,26.03070068,119.19301605,39.0,26.03057861,119.19309998,44.04,11.087,-2.373,12.344,-0.0,-0.0,0.0,1.31,-2.18,-75.43,15.825,0.5,0.5,78.84,989,0,8900
2239182,1,1,10,0.8,26.03070068,119.19301605,39.0,26.03057861,119.19309998,44.04,11.089,-2.377,12.344,-0.0,-0.0,0.0,1.3,-2.19,-75.44,15.825,0.5,0.5,82.42,989,0,8901
2239386,1,1,10,0.8,26.03070068,119.19301605,39.0,26.03057861,119.19309998,44.04,11.089,-2.378,12.344,-0.001,-0.001,-0.002,1.23,-2.19,-75.44,15.825,0.5,0.5,82.42,989,0,8901
2239601,1,1,10,0.8,26.03070068,119.19301605,39.0,26.03057861,119.19309998,44.04,11.09,-2.379,12.344,-0.0,-0.0,-0.001,1.22,-2.18,-75.43,15.825,0.5,0.5,82.42,989,0,8903
2239812,1,1,10,0.8,26.03070068,119.19301605,39.0,26.03057861,119.19309998,44.04,11.085,-2.37,12.344,-0.0,0.0,0.0,1.24,-2.16,-75.42,15.825,0.5,0.5,82.42,990,0,8906
2240013,1,1,10,0.8,26.03070068,119.19301605,39.0,26.03057861,119.19309998,44.04,11.088,-2.375,12.344,-0.0,-0.0,-0.0,1.25,-2.16,-75.43,15.825,0.5,0.5,82.42,990,0,8909
2240215,1,1,10,0.8,26.03070068,119.19301605,39.0,26.03057861,119.19309998,44.04,11.089,-2.378,12.344,0.0,-0.0,-0.001,1.25,-2.16,-75.42,15.825,0.5,0.5,80.31,990,0,8910
2240416,1,1,10,0.8,26.03070068,119.19301605,39.0,26.03057861,119.19309998,44.04,11.09,-2.378,12.344,-0.0,-0.0,-0.001,1.32,-2.18,-75.41,15.825,0.5,0.5,80.31,990,0,8910
2240618,1,1,10,0.8,26.03070068,119.19301605,39.0,26.03057861,119.19309998,44.04,11.09,-2.379,12.344,-0.0,-0.0,-0.001,1.32,-2.21,-75.42,15.825,0.5,0.5,80.31,990,0,8912
2240823,1,1,10,0.8,26.03070068,119.19301605,39.2,26.03057861,119.19309998,44.04,11.085,-2.37,12.344,-0.0,-0.0,0.001,1.26,-2.22,-75.43,15.825,0.5,0.5,80.31,991,0,8915
2241024,1,1,10,0.8,26.03070068,119.19301605,39.2,26.03057861,119.19309998,44.04,11.088,-2.375,12.344,-0.0,-0.0,-0.0,1.27,-2.22,-75.43,15.825,0.5,0.5,80.31,991,0,8919
2241226,1,1,10,0.8,26.03070068,119.19301605,39.2,26.03057861,119.19309998,44.04,11.089,-2.378,12.344,-0.0,-0.0,-0.0,1.29,-2.21,-75.44,15.825,0.5,0.5,81.61,991,0,8919
2241430,1,1,10,0.8,26.03070068,119.19301605,39.2,26.03057861,119.19309998,44.04,11.09,-2.378,12.344,-0.0,0.0,0.0,1.28,-2.2,-75.46,15.825,0.5,0.5,81.61,991,0,8919
2241642,1,1,11,0.8,26.0307045,119.19301605,39.2,26.03057861,119.19309998,44.04,11.077,-2.356,12.343,-0.001,0.001,-0.0,1.27,-2.13,-75.44,16.192,0.5,0.5,81.61,992,0,8922
2241845,1,1,11,0.8,26.0307045,119.19301605,39.2,26.03057861,119.19309998,44.04,11.085,-2.37,12.344,-0.0,0.0,0.0,1.26,-2.16,-75.43,16.192,0.5,0.5,81.61,992,0,8925
2242060,1,1,11,0.8,26.0307045,119.19301605,39.2,26.03057861,119.19309998,44.04,11.088,-2.375,12.344,0.0,0.0,-0.001,1.29,-2.14,-75.45,16.192,0.5,0.5,81.61,992,0,8928
2242271,1,1,11,0.8,26.0307045,119.19301605,39.2,26.03057861,119.19309998,44.04,11.089,-2.377,12.344,-0.0,0.0,-0.0,1.3,-2.15,-75.47,16.192,0.5,0.5,85.0,992,0,8928
2242483,1,1,11,0.8,26.0307045,119.19301605,39.2,26.03057861,119.19309998,44.04,11.09,-2.378,12.344,-0.001,0.0,-0.0,1.27,-2.14,-75.45,16.192,0.5,0.5,85.0,992,0,8928
2242706,1,1,11,0.8,26.0307045,119.19301605,39.3,26.03057861,119.19309998,44.04,11.082,-2.365,12.344,-0.0,-0.0,0.0,1.27,-2.17,-75.45,16.192,0.5,0.5,85.0,993,0,8932
2242914,1,1,11,0.8,26.0307045,119.19301605,39.3,26.03057861,119.19309998,44.04,11.087,-2.373,12.344,-0.0,-0.0,-0.0,1.25,-2.18,-75.44,16.192,0.5,0.5,85.0,993,0,8935
2243120,1,1,11,0.8,26.0307045,119.19301605,39.3,26.03057861,119.19309998,44.04,11.089,-2.377,12.344,-0.0,0.0,-0.0,1.27,-2.18,-75.44,16.192,0.5,0.5,85.0,993,0,8937
2243331,1,1,11,0.8,26.0307045,119.19301605,39.3,26.03057861,119.19309998,44.04,11.089,-2.378,12.344,-0.0,-0.0,-0.001,1.27,-2.19,-75.43,16.192,0.5,0.5,78.3,993,0,8937
2243539,1,1,11,0.8,26.0307045,119.19301605,39.3,26.03057861,119.19309998,44.04,11.09,-2.379,12.344,-0.0,0.0,-0.0,1.28,-2.19,-75.43,16.192,0.5,0.5,78.3,993,0,8938
2243745,1,1,11,0.8,26.0307045,119.19301605,39.4,26.03057861,119.19309998,44.04,11.082,-2.365,12.344,-0.0,-0.0,-0.0,1.31,-2.18,-75.43,16.192,0.5,0.5,78.3,994,0,8941
2243945,1,1,11,0.8,26.0307045,119.19301605,39.4,26.03057861,119.19309998,44.04,11.087,-2.373,12.344,-0.0,0.0,-0.0,1.31,-2.18,-75.43,16.192,0.5,0.5,78.3,994,0,8944
2244149,1,1,11,0.8,26.0307045,119.19301605,39.4,26.03057861,119.19309998,44.04,11.089,-2.377,12.344,-0.0,0.0,0.0,1.3,-2.17,-75.41,16.192,0.5,0.5,78.3,994,0,8946
2244357,1,1,11,0.8,26.0307045,119.19301605,39.4,26.03057861,119.19309998,44.04,11.089,-2.378,12.344,0.0,0.0,0.0,1.32,-2.17,-75.38,16.192,0.5,0.5,82.35,994,0,8946
2244571,1,1,11,0.8,26.0307045,119.19301605,39.4,26.03057861,119.19309998,44.04,11.09,-2.379,12.344,-0.001,0.0,-0.0,1.38,-2.22,-75.38,16.192,0.5,0.5,82.35,994,0,8948
2244771,1,1,11,0.8,26.0307045,119.19301605,39.6,26.03057861,119.19309998,44.04,11.082,-2.365,12.343,-0.0,0.001,-0.008,1.49,-2.19,-75.35,16.192,0.5,0.5,82.35,995,0,8951
2244975,1,1,11,0.8,26.0307045,119.19301605,39.6,26.03057861,119.19309998,44.04,11.087,-2.373,12.344,-0.0,0.0,0.0,1.42,-2.2,-75.36,16.192,0.5,0.5,82.35,995,0,8954
2245178,1,1,11,0.8,26.0307045,119.19301605,39.6,26.03057861,119.19309998,44.04,11.089,-2.377,12.344,-0.0,-0.0,-0.001,1.41,-2.22,-75.37,16.192,0.5,0.5,82.35,995,0,8955
2245382,1,1,11,0.8,26.0307045,119.19301605,39.6,26.03057861,119.19309998,44.04,11.089,-2.378,12.344,-0.0,-0.0,0.0,1.4,-2.22,-75.39,16.192,0.5,0.5,80.98,995,0,8955
2245591,1,1,11,0.8,26.03070831,119.19301605,39.6,26.03057861,119.19309998,44.04,11.09,-2.379,12.344,-0.0,-0.0,0.0,1.41,-2.22,-75.37,16.192,0.5,0.5,80.98,995,0,8957
2245794,1,1,10,0.8,26.03070831,119.19301605,39.7,26.03057861,119.19309998,44.04,11.085,-2.37,12.344,-0.0,-0.0,-0.0,1.42,-2.21,-75.38,16.562,0.5,0.5,80.98,996,0,8960
2246000,1,1,10,0.8,26.03070831,119.19301605,39.7,26.03057861,119.19309998,44.04,11.088,-2.375,12.344,-0.0,-0.0,-0.001,1.44,-2.22,-75.4,16.562,0.5,0.5,80.98,996,0,8963
2246200,1,1,10,0.8,26.03070831,119.19301605,39.7,26.03057861,119.19309998,44.04,11.089,-2.377,12.344,-0.0,-0.0,-0.0,1.43,-2.24,-75.41,16.562,0.5,0.5,80.98,996,0,8964
2246401,1,1,10,0.8,26.03070831,119.19301605,39.7,26.03057861,119.19309998,44.04,11.09,-2.378,12.344,-0.0,-0.0,0.001,1.44,-2.25,-75.43,16.562,0.5,0.5,81.45,996,0,8964
2246619,1,1,10,0.8,26.0307045,119.19301605,39.7,26.03057861,119.19309998,44.04,11.09,-2.379,12.344,-0.0,0.0,-0.0,1.44,-2.24,-75.44,16.562,0.5,0.5,81.45,996,0,8966
2246829,1,1,10,0.8,26.0307045,119.19301605,39.9,26.03057861,119.19309998,44.04,11.085,-2.37,12.344,-0.0,0.0,-0.0,1.46,-2.24,-75.43,16.192,0.5,0.5,81.45,997,0,8969
2247037,1,1,10,0.8,26.0307045,119.19301605,39.9,26.03057861,119.19309998,44.04,11.088,-2.375,12.344,-0.0,0.0,-0.0,1.47,-2.24,-75.42,16.192,0.5,0.5,81.45,997,0,8973
2247241,1,1,10,0.8,26.0307045,119.19301605,39.9,26.03057861,119.19309998,44.04,11.089,-2.377,12.344,-0.0,-0.0,-0.0,1.47,-2.24,-75.41,16.192,0.5,0.5,81.45,997,0,8973
2247446,1,1,10,0.8,26.0307045,119.19301605,39.9,26.03057861,119.19309998,44.04,11.09,-2.378,12.344,-0.0,0.0,0.0,1.47,-2.23,-75.39,16.192,0.5,0.5,84.58,997,0,8973
2247657,1,1,10,0.8,26.0307045,119.19301605,39.9,26.03057861,119.19309998,44.04,11.077,-2.356,12.343,0.0,-0.0,-0.0,1.47,-2.24,-75.38,16.192,0.5,0.5,84.58,998,0,8976
2247858,1,1,10,0.8,26.0307045,119.19301605,39.9,26.03057861,119.19309998,44.04,11.085,-2.37,12.344,-0.0,-0.0,0.0,1.46,-2.26,-75.36,16.192,0.5,0.5,84.58,998,0,8979
2248068,1,1,10,0.8,26.0307045,119.19301605,39.9,26.03057861,119.19309998,44.04,11.088,-2.375,12.344,-0.0,-0.0,-0.0,1.45,-2.27,-75.38,16.192,0.5,0.5,84.58,998,0,8982
2248271,1,1,10,0.8,26.0307045,119.19301605,39.9,26.03057861,119.19309998,44.04,11.089,-2.378,12.344,-0.0,-0.0,0.0,1.44,-2.28,-75.39,16.192,0.5,0.5,84.58,998,0,8982
2248477,1,1,10,0.8,26.0307045,119.19301605,39.9,26.03057861,119.19309998,44.04,11.09,-2.378,12.344,0.0,-0.0,0.001,1.44,-2.27,-75.39,16.192,0.5,0.5,80.84,998,0,8982
2248701,1,1,10,0.8,26.0307045,119.19301605,40.0,26.03057861,119.19309998,44.04,11.082,-2.365,12.344,-0.0,-0.0,0.001,1.43,-2.28,-75.39,16.192,0.5,0.5,80.84,999,0,8986
2248910,1,1,10,0.8,26.0307045,119.19301605,40.0,26.03057861,119.19309998,44.04,11.087,-2.373,12.344,-0.0,0.0,-0.0,1.45,-2.27,-75.39,16.192,0.5,0.5,80.84,999,0,8989
2249112,1,1,10,0.8,26.0307045,119.19301605,40.0,26.03057861,119.19309998,44.04,11.089,-2.377,12.344,-0.0,-0.0,0.0,1.44,-2.27,-75.39,16.192,0.5,0.5,80.84,999,0,8991
2249321,1,1,10,0.8,26.0307045,119.19301605,40.0,26.03057861,119.19309998,44.04,11.089,-2.378,12.344,-0.0,0.0,-0.0,1.43,-2.27,-75.4,16.192,0.5,0.5,84.23,999,0,8991
2249533,1,1,10,0.8,26.03070068,119.19301605,40.0,26.03057861,119.19309998,44.04,11.09,-2.379,12.344,-0.0,-0.0,-0.0,1.4,-2.27,-75.38,16.192,0.5,0.5,84.23,999,0,8992
2249740,1,1,11,0.74,26.03070068,119.19301605,39.9,26.03057861,119.19309998,44.04,11.082,-2.365,12.344,-0.0,0.0,-0.0,1.41,-2.27,-75.39,15.825,0.5,0.5,84.23,1000,0,8995
2249944,1,1,11,0.74,26.03070068,119.19301605,39.9,26.03057861,119.19309998,44.04,11.087,-2.373,12.344,-0.001,0.0,-0.0,1.4,-2.23,-75.4,15.825,0.5,0.5,84.23,1000,0,8998
2250145,1,1,11,0.74,26.03070068,119.19301605,39.9,26.03057861,119.19309998,44.04,11.089,-2.377,12.344,-0.0,0.0,-0.0,1.41,-2.24,-75.44,15.825,0.5,0.5,84.23,1000,0,9000
2250346,1,1,11,0.74,26.03070068,119.19301605,39.9,26.03057861,119.19309998,44.04,11.089,-2.378,12.344,0.0,-0.0,0.0,1.41,-2.25,-75.43,15.825,0.5,0.5,80.98,1000,0,9000
2250557,1,1,11,0.74,26.03070068,119.19301605,39.9,26.03057861,119.19309998,44.04,11.09,-2.379,12.344,-0.0,-0.0,0.0,1.41,-2.26,-75.42,15.825,0.5,0.5,80.98,1000,0,9002
2250760,1,1,11,0.74,26.03070068,119.19301605,39.9,26.03057861,119.19309998,44.04,11.082,-2.365,12.344,0.0,-0.0,0.001,1.43,-2.26,-75.41,15.825,0.5,0.5,80.98,1001,0,9004
2250974,1,1,11,0.74,26.03070068,119.19301605,39.9,26.03057861,119.19309998,44.04,11.087,-2.373,12.344,-0.001,-0.0,0.0,1.39,-2.26,-75.41,15.825,0.5,0.5,80.98,1001,0,9008
2251174,1,1,11,0.74,26.03070068,119.19301605,39.9,26.03057861,119.19309998,44.04,11.089,-2.377,12.344,-0.0,-0.0,-0.0,1.39,-2.25,-75.41,15.825,0.5,0.5,80.98,1001,0,9009
2251392,1,1,11,0.74,26.03070068,119.19301605,39.9,26.03057861,119.19309998,44.04,11.089,-2.378,12.344,-0.0,-0.0,0.0,1.38,-2.26,-75.42,15.825,0.5,0.5,86.91,1001,0,9009
2251602,1,1,11,0.74,26.03070068,119.19301605,39.9,26.03057861,119.19309998,44.04,11.09,-2.379,12.344,-0.0,0.0,0.0,1.39,-2.26,-75.4,15.825,0.5,0.5,86.91,1001,0,9011
2251806,1,1,11,0.74,26.03070068,119.19301605,39.9,26.03057861,119.19309998,44.04,11.085,-2.37,12.344,-0.0,0.0,0.0,1.39,-2.25,-75.4,15.825,0.5,0.5,86.91,1002,0,9014
2252008,1,1,11,0.74,26.03070068,119.19301605,39.9,26.03057861,119.19309998,44.04,11.088,-2.375,12.344,0.0,0.0,0.0,1.4,-2.23,-75.4,15.825,0.5,0.5,86.91,1002,0,9017
2252209,1,1,11,0.74,26.03070068,119.19301605,39.9,26.03057861,119.19309998,44.04,11.089,-2.378,12.344,-0.0,-0.0,-0.0,1.41,-2.23,-75.4,15.825,0.5,0.5,86.91,1002,0,9018
2252412,1,1,11,0.74,26.03070068,119.19301605,39.9,26.03057861,119.19309998,44.04,11.09,-2.378,12.344,-0.0,0.0,-0.0,1.41,-2.25,-75.4,15.825,0.5,0.5,79.84,1002,0,9018
2252623,1,1,11,0.74,26.03070068,119.19301605,39.9,26.03057861,119.19309998,44.04,11.09,-2.379,12.344,-0.0,-0.0,0.001,1.39,-2.23,-75.4,15.825,0.5,0.5,79.84,1002,0,9020
2252839,1,1,11,0.74,26.03070068,119.19301605,40.3,26.03057861,119.19309998,44.04,11.085,-2.37,12.344,-0.0,0.0,-0.0,1.41,-2.23,-75.4,15.825,0.5,0.5,79.84,1003,0,9023
2253046,1,1,11,0.74,26.03070068,119.19301605,40.3,26.03057861,119.19309998,44.04,11.088,-2.375,12.344,-0.0,-0.0,0.0,1.42,-2.23,-75.42,15.825,0.5,0.5,79.84,1003,0,9027
2253252,1,1,11,0.74,26.03070068,119.19301605,40.3,26.03057861,119.19309998,44.04,11.089,-2.378,12.344,-0.0,0.0,-0.0,1.43,-2.23,-75.43,15.825,0.5,0.5,79.84,1003,0,9027
2253456,1,1,11,0.74,26.03070068,119.19301605,40.3,26.03057861,119.19309998,44.04,11.09,-2.378,12.344,-0.0,-0.0,-0.0,1.41,-2.24,-75.45,15.825,0.5,0.5,79.6,1003,0,9027
2253673,1,1,11,0.74,26.03070068,119.19301605,40.4,26.03057861,119.19309998,44.04,11.077,-2.357,12.344,0.0,0.0,-0.0,1.44,-2.23,-75.42,15.825,0.5,0.5,79.6,1004,0,9030
2253873,1,1,11,0.74,26.03070068,119.19301605,40.4,26.03057861,119.19309998,44.04,11.085,-2.37,12.344,-0.0,-0.0,-0.0,1.43,-2.25,-75.41,15.825,0.5,0.5,79.6,1004,0,9033
2254083,1,1,11,0.74,26.03070068,119.19301605,40.4,26.03057861,119.19309998,44.04,11.088,-2.375,12.344,-0.0,0.0,0.0,1.41,-2.25,-75.39,15.825,0.5,0.5,79.6,1004,0,9036
2254285,1,1,11,0.74,26.03070068,119.19301605,40.4,26.03057861,119.19309998,44.04,11.089,-2.378,12.344,-0.0,0.0,-0.0,1.41,-2.24,-75.4,15.825,0.5,0.5,79.6,1004,0,9036
2254491,1,1,11,0.74,26.03070068,119.19301605,40.4,26.03057861,119.19309998,44.04,11.09,-2.378,12.344,-0.001,0.0,-0.0,1.41,-2.22,-75.42,15.825,0.5,0.5,82.21,1004,0,9036
2254707,1,1,11,0.74,26.03070068,119.19301605,40.7,26.03057861,119.19309998,44.04,11.082,-2.365,12.344,-0.0,0.0,-0.0,1.41,-2.21,-75.44,15.825,0.5,0.5,82.21,1005,0,9040
2254915,1,1,11,0.74,26.03070068,119.19301605,40.7,26.03057861,119.19309998,44.04,11.087,-2.373,12.344,-0.0,-0.0,-0.0,1.43,-2.21,-75.44,15.825,0.5,0.5,82.21,1005,0,9042
2255122,1,1,11,0.74,26.03070068,119.19301605,40.7,26.03057861,119.19309998,44.04,11.089,-2.377,12.344,-0.0,-0.0,0.0,1.43,-2.22,-75.46,15.825,0.5,0.5,82.21,1005,0,9045
2255332,1,1,11,0.74,26.03070068,119.19301605,40.7,26.03057861,119.19309998,44.04,11.089,-2.378,12.344,-0.0,-0.0,-0.0,1.43,-2.21,-75.47,15.825,0.5,0.5,82.21,1005,0,9045
2255537,1,1,11,0.74,26.03070068,119.19301605,40.7,26.03057861,119.19309998,44.04,11.09,-2.379,12.344,-0.0,-0.0,-0.0,1.43,-2.24,-75.46,15.825,0.5,0.5,83.0,1005,0,9046
2255737,1,1,11,0.74,26.03070068,119.19301605,40.9,26.03057861,119.19309998,44.04,11.082,-2.365,12.344,0.0,-0.0,-0.0,1.43,-2.25,-75.45,15.825,0.5,0.5,83.0,1006,0,9049
2255945,1,1,11,0.74,26.03070068,119.19301605,40.9,26.03057861,119.19309998,44.04,11.087,-2.373,12.344,0.0,0.0,0.0,1.43,-2.25,-75.46,15.825,0.5,0.5,83.0,1006,0,9052
2256155,1,1,11,0.74,26.03070068,119.19301605,40.9,26.03057861,119.19309998,44.04,11.089,-2.377,12.344,-0.0,0.0,0.0,1.43,-2.24,-75.46,15.825,0.5,0.5,83.0,1006,0,9054
2256360,1,1,11,0.74,26.03070068,119.19301605,40.9,26.03057861,119.19309998,44.04,11.089,-2.378,12.344,-0.0,-0.0,0.0,1.4,-2.23,-75.44,15.825,0.5,0.5,83.0,1006,0,9054
2256572,1,1,11,0.74,26.03069687,119.19303131,40.9,26.03057861,119.19309998,44.04,11.09,-2.379,12.344,-0.0,0.0,-0.0,1.41,-2.24,-75.43,15.825,0.5,0.5,80.76,1006,0,9056
2256777,1,1,11,0.74,26.03069687,119.19303131,41.1,26.03057861,119.19309998,44.04,11.083,-2.365,12.344,-0.001,-0.0,0.0,1.42,-2.23,-75.45,14.725,0.5,0.5,80.76,1007,0,9059
2256983,1,1,11,0.74,26.03069687,119.19303131,41.1,26.03057861,119.19309998,44.04,11.087,-2.374,12.344,-0.0,-0.0,-0.001,1.42,-2.22,-75.45,14.725,0.5,0.5,80.76,1007,0,9062
2257183,1,1,11,0.74,26.03069687,119.19303131,41.1,26.03057861,119.19309998,44.04,11.089,-2.377,12.344,-0.0,0.0,-0.0,1.42,-2.21,-75.44,14.725,0.5,0.5,80.76,1007,0,9063
2257386,1,1,11,0.74,26.03069687,119.19303131,41.1,26.03057861,119.19309998,44.04,11.089,-2.378,12.344,-0.0,-0.0,-0.0,1.42,-2.22,-75.41,14.725,0.5,0.5,80.76,1007,0,9063
2257591,1,1,11,0.74,26.03069687,119.19301605,41.1,26.03057861,119.19309998,44.04,11.09,-2.379,12.344,-0.0,-0.0,-0.0,1.41,-2.21,-75.39,14.725,0.5,0.5,80.04,1007,0,9065
2257803,1,1,11,0.74,26.03069687,119.19301605,41.4,26.03057861,119.19309998,44.04,11.085,-2.37,12.344,-0.0,0.0,-0.0,1.41,-2.22,-75.39,15.46,0.5,0.5,80.04,1008,0,9068
2258009,1,1,11,0.74,26.03069687,119.19301605,41.4,26.03057861,119.19309998,44.04,11.088,-2.376,12.344,-0.0,-0.0,-0.0,1.39,-2.23,-75.4,15.46,0.5,0.5,80.04,1008,0,9071
2258215,1,1,11,0.74,26.03069687,119.19301605,41.4,26.03057861,119.19309998,44.04,11.089,-2.378,12.344,-0.0,0.0,-0.0,1.39,-2.22,-75.4,15.46,0.5,0.5,80.04,1008,0,9072
2258415,1,1,11,0.74,26.03069687,119.19301605,41.4,26.03057861,119.19309998,44.04,11.09,-2.378,12.344,-0.0,-0.0,-0.0,1.39,-2.23,-75.42,15.46,0.5,0.5,83.99,1008,0,9072
2258629,1,1,11,0.74,26.03069687,119.19301605,41.4,26.03057861,119.19309998,44.04,11.09,-2.379,12.344,0.0,0.0,-0.0,1.4,-2.22,-75.42,15.46,0.5,0.5,83.99,1008,0,9074
2258838,1,1,11,0.74,26.03069687,119.19301605,41.7,26.03057861,119.19309998,44.04,11.085,-2.37,12.344,-0.0,-0.0,0.0,1.39,-2.21,-75.41,15.461,0.5,0.5,83.99,1009,0,9077
2259053,1,1,11,0.74,26.03069687,119.19301605,41.7,26.03057861,119.19309998,44.04,11.088,-2.376,12.344,-0.0,-0.0,0.0,1.38,-2.22,-75.41,15.461,0.5,0.5,83.99,1009,0,9081
2259256,1,1,11,0.74,26.03069687,119.19301605,41.7,26.03057861,119.19309998,44.04,11.089,-2.378,12.344,0.0,-0.0,-0.0,1.4,-2.22,-75.42,15.461,0.5,0.5,83.99,1009,0,9081
2259466,1,1,11,0.74,26.03069687,119.19301605,41.7,26.03057861,119.19309998,44.04,11.09,-2.378,12.344,-0.0,0.0,0.0,1.39,-2.22,-75.41,15.461,0.5,0.5,86.0,1009,0,9081
2259702,1,1,11,0.74,26.03070068,119.19301605,42.0,26.03057861,119.19309998,44.04,11.082,-2.365,12.344,-0.0,0.0,-0.0,1.41,-2.21,-75.41,15.825,0.5,0.5,86.0,1010,0,9085
2259905,1,1,11,0.74,26.03070068,119.19301605,42.0,26.03057861,119.19309998,44.04,11.087,-2.373,12.344,-0.001,-0.0,0.0,1.39,-2.2,-75.41,15.825,0.5,0.5,86.0,1010,0,9087
2260108,1,1,11,0.74,26.03070068,119.19301605,42.0,26.03057861,119.19309998,44.04,11.089,-2.377,12.344,-0.0,-0.0,-0.0,1.38,-2.22,-75.4,15.825,0.5,0.5,86.0,1010,0,9090
2260312,1,1,11,0.74,26.03070068,119.19301605,42.0,26.03057861,119.19309998,44.04,11.089,-2.378,12.344,-0.0,0.0,-0.0,1.38,-2.22,-75.41,15.825,0.5,0.5,86.0,1010,0,9090
2260514,1,1,11,0.74,26.03070068,119.19301605,42.0,26.03057861,119.19309998,44.04,11.09,-2.379,12.344,-0.0,-0.0,0.0,1.39,-2.22,-75.4,15.825,0.5,0.5,80.68,1010,0,9090
2260719,1,1,11,0.74,26.03070068,119.19301605,42.2,26.03057861,119.19309998,44.04,11.082,-2.365,12.344,-0.0,-0.0,-0.0,1.39,-2.21,-75.39,15.825,0.5,0.5,80.68,1011,0,9094
2260927,1,1,11,0.74,26.03070068,119.19301605,42.2,26.03057861,119.19309998,44.04,11.087,-2.373,12.344,-0.0,0.0,-0.0,1.39,-2.2,-75.4,15.825,0.5,0.5,80.68,1011,0,9097
2261137,1,1,11,0.74,26.03070068,119.19301605,42.2,26.03057861,119.19309998,44.04,11.089,-2.377,12.344,-0.0,-0.0,0.0,1.4,-2.2,-75.41,15.825,0.5,0.5,80.68,1011,0,9099
2261341,1,1,11,0.74,26.03070068,119.19301605,42.2,26.03057861,119.19309998,44.04,11.089,-2.378,12.344,-0.0,-0.0,-0.0,1.41,-2.21,-75.42,15.825,0.5,0.5,80.68,1011,0,9099
2261543,1,1,11,0.74,26.03069687,119.19301605,42.2,26.03057861,119.19309998,44.04,11.09,-2.379,12.344,-0.0,-0.0,-0.0,1.39,-2.22,-75.42,15.825,0.5,0.5,81.75,1011,0,9100
2261744,1,1,11,0.74,26.03069687,119.19301605,42.4,26.03057861,119.19309998,44.04,11.082,-2.365,12.344,-0.0,0.0,-0.0,1.4,-2.2,-75.41,15.461,0.5,0.5,81.75,1012,0,9103
2261950,1,1,11,0.74,26.03069687,119.19301605,42.4,26.03057861,119.19309998,44.04,11.087,-2.374,12.344,-0.0,-0.0,0.0,1.4,-2.21,-75.41,15.461,0.5,0.5,81.75,1012,0,9106
2262150,1,1,11,0.74,26.03069687,119.19301605,42.4,26.03057861,119.19309998,44.04,11.089,-2.377,12.344,-0.0,-0.0,-0.0,1.39,-2.21,-75.4,15.461,0.5,0.5,81.75,1012,0,9108
2262351,1,1,11,0.74,26.03069687,119.19301605,42.4,26.03057861,119.19309998,44.04,11.089,-2.378,12.344,-0.0,-0.0,-0.0,1.39,-2.23,-75.4,15.461,0.5,0.5,81.75,1012,0,9108
2262555,1,1,11,0.74,26.03069305,119.19301605,42.4,26.03057861,119.19309998,44.04,11.09,-2.379,12.344,-0.0,0.0,-0.0,1.4,-2.23,-75.4,15.461,0.5,0.5,84.8,1012,0,9109
2262763,1,1,11,0.74,26.03069305,119.19301605,42.5,26.03057861,119.19309998,44.04,11.082,-2.366,12.344,-0.0,-0.0,0.0,1.39,-2.23,-75.4,15.099,0.5,0.5,84.8,1013,0,9112
2262969,1,1,11,0.74,26.03069305,119.19301605,42.5,26.03057861,119.19309998,44.04,11.087,-2.374,12.344,-0.0,0.0,0.0,1.39,-2.23,-75.41,15.099,0.5,0.5,84.8,1013,0,9115
2263170,1,1,11,0.74,26.03069305,119.19301605,42.5,26.03057861,119.19309998,44.04,11.089,-2.377,12.344,0.0,0.0,-0.0,1.4,-2.22,-75.41,15.099,0.5,0.5,84.8,1013,0,9117
2263376,1,1,11,0.74,26.03069305,119.19301605,42.5,26.03057861,119.19309998,44.04,11.089,-2.378,12.344,-0.0,0.0,-0.0,1.39,-2.22,-75.4,15.099,0.5,0.5,84.8,1013,0,9117
2263593,1,1,11,0.74,26.03069305,119.19301605,42.5,26.03057861,119.19309998,44.04,11.09,-2.379,12.344,-0.0,-0.0,-0.0,1.38,-2.23,-75.41,15.099,0.5,0.5,82.93,1013,0,9119
2263811,1,1,11,0.74,26.03069305,119.19301605,42.6,26.03057861,119.19309998,44.04,11.085,-2.371,12.344,-0.0,-0.0,0.0,1.35,-2.22,-75.39,15.099,0.5,0.5,82.93,1014,0,9122
2264019,1,1,11,0.74,26.03069305,119.19301605,42.6,26.03057861,119.19309998,44.04,11.088,-2.376,12.344,-0.0,-0.0,-0.0,1.28,-2.21,-75.38,15.099,0.5,0.5,82.93,1014,0,9125
2264221,1,1,11,0.74,26.03069305,119.19301605,42.6,26.03057861,119.19309998,44.04,11.089,-2.378,12.344,-0.0,-0.0,-0.0,1.24,-2.19,-75.38,15.099,0.5,0.5,82.93,1014,0,9126
2264426,1,1,11,0.74,26.03069305,119.19301605,42.6,26.03057861,119.19309998,44.04,11.09,-2.378,12.344,0.0,-0.0,0.0,1.22,-2.18,-75.37,15.099,0.5,0.5,82.93,1014,0,9126
2264629,1,1,11,0.74,26.03069305,119.19301605,42.6,26.03057861,119.19309998,44.04,11.09,-2.379,12.344,-0.0,0.0,0.0,1.23,-2.18,-75.38,15.099,0.5,0.5,86.74,1014,0,9128
2264842,1,1,11,0.74,26.03069305,119.19301605,42.9,26.03057861,119.19309998,44.04,11.085,-2.371,12.344,-0.0,-0.0,-0.0,1.24,-2.17,-75.37,15.099,0.5,0.5,86.74,1015,0,9132
2265050,1,1,11,0.74,26.03069305,119.19301605,42.9,26.03057861,119.19309998,44.04,11.088,-2.376,12.344,0.0,0.0,-0.0,1.24,-2.18,-75.37,15.099,0.5,0.5,86.74,1015,0,9135
2265256,1,1,11,0.74,26.03069305,119.19301605,42.9,26.03057861,119.19309998,44.04,11.089,-2.378,12.344,0.0,0.0,-0.0,1.25,-2.16,-75.4,15.099,0.5,0.5,86.74,1015,0,9135
2265461,1,1,11,0.74,26.03069305,119.19301605,42.9,26.03057861,119.19309998,44.04,11.09,-2.378,12.344,-0.0,0.0,-0.0,1.24,-2.17,-75.4,15.099,0.5,0.5,86.74,1015,0,9135
2265677,1,1,11,0.74,26.03068924,119.19301605,43.0,26.03057861,119.19309998,44.04,11.077,-2.359,12.344,-0.0,-0.0,-0.001,1.25,-2.17,-75.4,14.742,0.5,0.5,79.84,1016,0,9138
2265878,1,1,11,0.74,26.03068924,119.19301605,43.0,26.03057861,119.19309998,44.04,11.085,-2.371,12.344,-0.0,-0.0,-0.0,1.25,-2.17,-75.4,14.742,0.5,0.5,79.84,1016,0,9141
2266084,1,1,11,0.74,26.03068924,119.19301605,43.0,26.03057861,119.19309998,44.04,11.088,-2.376,12.344,-0.0,-0.0,-0.0,1.24,-2.18,-75.39,14.742,0.5,0.5,79.84,1016,0,9144
2266291,1,1,11,0.74,26.03068924,119.19301605,43.0,26.03057861,119.19309998,44.04,11.089,-2.378,12.344,-0.0,0.0,-0.0,1.24,-2.17,-75.39,14.742,0.5,0.5,79.84,1016,0,9144
2266492,1,1,11,0.74,26.03068924,119.19301605,43.0,26.03057861,119.19309998,44.04,11.09,-2.378,12.344,-0.0,-0.0,0.0,1.24,-2.17,-75.38,14.742,0.5,0.5,82.83,1016,0,9144
2266713,1,1,11,0.74,26.03068924,119.19301605,43.1,26.03057861,119.19309998,44.04,11.082,-2.366,12.344,0.0,0.0,0.0,1.24,-2.18,-75.39,14.741,0.5,0.5,82.83,1017,0,9148
2266915,1,1,11,0.74,26.03068924,119.19301605,43.1,26.03057861,119.19309998,44.04,11.087,-2.374,12.344,-0.0,-0.0,-0.0,1.23,-2.19,-75.38,14.741,0.5,0.5,82.83,1017,0,9151
2267117,1,1,11,0.74,26.03068924,119.19301605,43.1,26.03057861,119.19309998,44.04,11.089,-2.377,12.344,-0.0,0.0,0.0,1.24,-2.18,-75.4,14.741,0.5,0.5,82.83,1017,0,9153
2267321,1,1,11,0.74,26.03068924,119.19301605,43.1,26.03057861,119.19309998,44.04,11.089,-2.378,12.344,-0.0,-0.0,-0.0,1.25,-2.18,-75.4,14.741,0.5,0.5,82.83,1017,0,9153
2267527,1,1,11,0.74,26.03068352,119.19301605,43.1,26.03057861,119.19309998,44.04,11.09,-2.379,12.344,-0.0,-0.0,-0.0,1.26,-2.2,-75.42,14.741,0.5,0.5,87.0,1017,0,9154
2267746,1,1,11,0.74,26.03068352,119.19301605,43.3,26.03057861,119.19309998,44.04,11.082,-2.367,12.344,-0.0,-0.001,0.001,1.24,-2.19,-75.38,14.212,0.5,0.5,87.0,1018,0,9157
2267956,1,1,11,0.74,26.03068352,119.19301605,43.3,26.03057861,119.19309998,44.04,11.087,-2.374,12.344,-0.0,0.0,0.0,1.25,-2.18,-75.39,14.212,0.5,0.5,87.0,1018,0,9160
2268159,1,1,11,0.74,26.03068352,119.19301605,43.3,26.03057861,119.19309998,44.04,11.089,-2.377,12.344,-0.0,-0.0,-0.0,1.24,-2.2,-75.41,14.212,0.5,0.5,87.0,1018,0,9162
2268361,1,1,11,0.74,26.03068352,119.19301605,43.3,26.03057861,119.19309998,44.04,11.089,-2.378,12.344,-0.0,-0.0,-0.0,1.23,-2.2,-75.41,14.212,0.5,0.5,87.0,1018,0,9162
2268566,1,1,11,0.74,26.0306797,119.19301605,43.3,26.03057861,119.19309998,44.04,11.09,-2.379,12.344,-0.0,0.0,-0.0,1.25,-2.18,-75.41,14.212,0.5,0.5,80.0,1018,0,9164
2268767,1,1,11,0.74,26.0306797,119.19301605,43.3,26.03057861,119.19309998,44.04,11.082,-2.367,12.344,0.0,-0.0,-0.0,1.25,-2.19,-75.44,13.864,0.5,0.5,80.0,1019,0,9166
2268970,1,1,11,0.74,26.0306797,119.19301605,43.3,26.03057861,119.19309998,44.04,11.087,-2.374,12.344,-0.0,-0.0,-0.0,1.24,-2.19,-75.43,13.864,0.5,0.5,80.0,1019,0,9170
2269175,1,1,11,0.74,26.0306797,119.19301605,43.3,26.03057861,119.19309998,44.04,11.089,-2.377,12.344,-0.0,0.0,0.0,1.24,-2.19,-75.42,13.864,0.5,0.5,80.0,1019,0,9171
2269375,1,1,11,0.74,26.0306797,119.19301605,43.3,26.03057861,119.19309998,44.04,11.089,-2.378,12.344,-0.0,0.0,0.0,1.23,-2.18,-75.39,13.864,0.5,0.5,80.0,1019,0,9171
2269581,1,1,11,0.74,26.03067589,119.19301605,43.3,26.03057861,119.19309998,44.04,11.09,-2.379,12.344,-0.0,0.0,-0.0,1.22,-2.19,-75.38,13.864,0.5,0.5,80.92,1019,0,9173
2269806,1,1,11,0.74,26.03067589,119.19301605,43.5,26.03057861,119.19309998,44.04,11.085,-2.372,12.344,-0.0,0.0,0.0,1.22,-2.19,-75.38,13.52,0.5,0.5,80.92,1020,0,9176
2270009,1,1,11,0.74,26.03067589,119.19301605,43.5,26.03057861,119.19309998,44.04,11.088,-2.376,12.344,-0.0,-0.0,-0.0,1.24,-2.2,-75.4,13.52,0.5,0.5,80.92,1020,0,9179
2270209,1,1,11,0.74,26.03067589,119.19301605,43.5,26.03057861,119.19309998,44.04,11.089,-2.378,12.344,-0.0,-0.0,0.0,1.25,-2.19,-75.39,13.52,0.5,0.5,80.92,1020,0,9180
2270417,1,1,11,0.74,26.03067589,119.19301605,43.5,26.03057861,119.19309998,44.04,11.09,-2.378,12.344,-0.0,0.0,-0.0,1.26,-2.18,-75.39,13.52,0.5,0.5,80.92,1020,0,9180
2270622,1,1,11,0.74,26.03067207,119.19301605,43.5,26.03057861,119.19309998,44.04,11.09,-2.379,12.344,-0.0,-0.0,-0.0,1.25,-2.17,-75.38,13.52,0.5,0.5,81.95,1020,0,9182
2270831,1,1,11,0.74,26.03067207,119.19301605,43.6,26.03057861,119.19309998,44.04,11.085,-2.372,12.344,-0.0,-0.0,-0.0,1.25,-2.17,-75.39,13.181,0.5,0.5,81.95,1021,0,9185
2271033,1,1,11,0.74,26.03067207,119.19301605,43.6,26.03057861,119.19309998,44.04,11.088,-2.376,12.344,-0.0,0.0,-0.0,1.26,-2.17,-75.4,13.181,0.5,0.5,81.95,1021,0,9189
2271236,1,1,11,0.74,26.03067207,119.19301605,43.6,26.03057861,119.19309998,44.04,11.089,-2.378,12.344,-0.0,0.0,-0.0,1.26,-2.16,-75.41,13.181,0.5,0.5,81.95,1021,0,9189
2271439,1,1,11,0.74,26.03067207,119.19301605,43.6,26.03057861,119.19309998,44.04,11.09,-2.378,12.344,-0.0,-0.0,0.0,1.26,-2.17,-75.42,13.181,0.5,0.5,81.95,1021,0,9189
2271647,1,1,11,0.74,26.03067589,119.19301605,43.9,26.03057861,119.19309998,44.04,11.077,-2.361,12.344,0.0,-0.0,-0.0,1.28,-2.17,-75.39,13.52,0.5,0.5,80.55,1022,0,9192
2271854,1,1,11,0.74,26.03067589,119.19301605,43.9,26.03057861,119.19309998,44.04,11.085,-2.372,12.344,-0.0,0.0,-0.0,1.28,-2.16,-75.38,13.52,0.5,0.5,80.55,1022,0,9195
2272054,1,1,11,0.74,26.03067589,119.19301605,43.9,26.03057861,119.19309998,44.04,11.088,-2.376,12.344,0.0,-0.0,-0.0,1.28,-2.18,-75.38,13.52,0.5,0.5,80.55,1022,0,9198
2272261,1,1,11,0.74,26.03067589,119.19301605,43.9,26.03057861,119.19309998,44.04,11.089,-2.378,12.344,-0.0,-0.0,-0.0,1.28,-2.18,-75.39,13.52,0.5,0.5,80.55,1022,0,9198
2272466,1,1,11,0.74,26.03067589,119.19301605,43.9,26.03057861,119.19309998,44.04,11.09,-2.378,12.344,0.0,-0.0,0.0,1.26,-2.17,-75.37,13.52,0.5,0.5,80.55,1022,0,9198
2272667,1,1,11,0.74,26.03067589,119.19301605,44.1,26.03057861,119.19309998,44.04,11.077,-2.361,12.344,-0.0,0.0,-0.0,1.25,-2.17,-75.39,13.52,0.5,0.5,80.85,1023,0,9201
2272874,1,1,11,0.74,26.03067589,119.19301605,44.1,26.03057861,119.19309998,44.04,11.085,-2.372,12.344,-0.0,-0.0,-0.0,1.26,-2.18,-75.39,13.52,0.5,0.5,80.85,1023,0,9204
2273077,1,1,11,0.74,26.03067589,119.19301605,44.1,26.03057861,119.19309998,44.04,11.088,-2.376,12.344,-0.0,-0.0,-0.0,1.24,-2.19,-75.4,13.52,0.5,0.5,80.85,1023,0,9207
2273281,1,1,11,0.74,26.03067589,119.19301605,44.1,26.03057861,119.19309998,44.04,11.089,-2.378,12.344,-0.0,0.0,-0.0,1.26,-2.19,-75.39,13.52,0.5,0.5,80.85,1023,0,9207
2273481,1,1,11,0.74,26.03067589,119.19301605,44.1,26.03057861,119.19309998,44.04,11.09,-2.378,12.344,0.0,0.0,0.0,1.28,-2.2,-75.4,13.52,0.5,0.5,80.85,1023,0,9207
2273712,1,1,11,0.74,26.03066826,119.19304657,44.2,26.03057861,119.19309998,44.04,11.085,-2.369,12.344,-0.0,-0.0,-0.0,1.28,-2.21,-75.39,11.193,0.5,0.5,82.18,1024,0,9211
2273914,1,1,11,0.74,26.03066826,119.19304657,44.2,26.03057861,119.19309998,44.04,11.088,-2.375,12.344,0.0,-0.0,0.0,1.29,-2.21,-75.41,11.193,0.5,0.5,82.18,1024,0,9213
2274116,1,1,11,0.74,26.03066826,119.19304657,44.2,26.03057861,119.19309998,44.04,11.089,-2.377,12.344,-0.0,0.0,-0.0,1.28,-2.19,-75.41,11.193,0.5,0.5,82.18,1024,0,9216
2274325,1,1,11,0.74,26.03066826,119.19304657,44.2,26.03057861,119.19309998,44.04,11.09,-2.378,12.344,-0.0,-0.0,0.0,1.27,-2.19,-75.4,11.193,0.5,0.5,82.18,1024,0,9216
2274527,1,1,11,0.74,26.03066826,119.19303131,44.2,26.03057861,119.19309998,44.04,11.09,-2.379,12.344,-0.0,0.0,-0.0,1.26,-2.19,-75.37,11.193,0.5,0.5,82.18,1024,0,9217
2274735,1,1,11,0.74,26.03066826,119.19303131,44.5,26.03057861,119.19309998,44.04,11.083,-2.369,12.344,-0.0,0.0,-0.0,1.26,-2.19,-75.38,11.952,0.5,0.5,84.49,1025,0,9220
2274938,1,1,11,0.74,26.03066826,119.19303131,44.5,26.03057861,119.19309998,44.04,11.087,-2.375,12.344,-0.0,0.0,0.0,1.26,-2.19,-75.41,11.952,0.5,0.5,84.49,1025,0,9223
2275144,1,1,11,0.74,26.03066826,119.19303131,44.5,26.03057861,119.19309998,44.04,11.089,-2.377,12.344,-0.0,0.0,-0.0,1.25,-2.17,-75.39,11.952,0.5,0.5,84.49,1025,0,9225
2275345,1,1,11,0.74,26.03066826,119.19303131,44.5,26.03057861,119.19309998,44.04,11.089,-2.378,12.344,-0.0,-0.0,-0.0,1.25,-2.18,-75.42,11.952,0.5,0.5,84.49,1025,0,9225
2275556,1,1,11,0.74,26.03066826,119.19304657,44.5,26.03057861,119.19309998,44.04,11.09,-2.379,12.344,0.0,0.0,0.0,1.24,-2.16,-75.42,11.952,0.5,0.5,84.49,1025,0,9226
2275762,1,1,11,0.74,26.03066826,119.19304657,44.7,26.03057861,119.19309998,44.04,11.085,-2.369,12.344,-0.0,-0.0,-0.0,1.24,-2.18,-75.43,11.194,0.5,0.5,78.84,1026,0,9229
2275964,1,1,11,0.74,26.03066826,119.19304657,44.7,26.03057861,119.19309998,44.04,11.088,-2.375,12.344,-0.0,-0.0,-0.0,1.25,-2.19,-75.45,11.194,0.5,0.5,78.84,1026,0,9232
2276165,1,1,11,0.74,26.03066826,119.19304657,44.7,26.03057861,119.19309998,44.04,11.089,-2.377,12.344,-0.0,0.0,-0.0,1.23,-2.17,-75.45,11.194,0.5,0.5,78.84,1026,0,9234
2276371,1,1,11,0.74,26.03066826,119.19304657,44.7,26.03057861,119.19309998,44.04,11.09,-2.378,12.344,-0.0,0.0,-0.0,1.23,-2.18,-75.47,11.194,0.5,0.5,78.84,1026,0,9234
2276576,1,1,11,0.74,26.03066826,119.19304657,44.7,26.03057861,119.19309998,44.04,11.09,-2.379,12.344,-0.0,-0.0,-0.0,1.22,-2.18,-75.44,11.194,0.5,0.5,78.84,1026,0,9236
2276779,1,1,11,0.74,26.03066826,119.19304657,45.0,26.03057861,119.19309998,44.04,11.087,-2.372,12.344,-0.0,0.0,-0.0,1.22,-2.17,-75.43,11.194,0.5,0.5,80.2,1027,0,9239
2276991,1,1,11,0.74,26.03066826,119.19304657,45.0,26.03057861,119.19309998,44.04,11.089,-2.376,12.344,-0.0,0.0,-0.0,1.23,-2.17,-75.42,11.194,0.5,0.5,80.2,1027,0,9242
2277202,1,1,11,0.74,26.03066826,119.19304657,45.0,26.03057861,119.19309998,44.04,11.089,-2.378,12.344,-0.0,-0.0,0.0,1.22,-2.18,-75.44,11.194,0.5,0.5,80.2,1027,0,9243
2277405,1,1,11,0.74,26.03066826,119.19304657,45.0,26.03057861,119.19309998,44.04,11.09,-2.378,12.344,0.0,-0.0,0.0,1.24,-2.18,-75.41,11.194,0.5,0.5,80.2,1027,0,9243
2277618,1,1,11,0.74,26.03066826,119.19304657,45.0,26.03057861,119.19309998,44.04,11.09,-2.379,12.344,-0.0,-0.0,-0.0,1.23,-2.18,-75.43,11.194,0.5,0.5,81.77,1027,0,9245
2277828,1,1,11,0.74,26.03066826,119.19304657,45.2,26.03057861,119.19309998,44.04,11.087,-2.372,12.344,-0.0,-0.0,0.0,1.24,-2.19,-75.42,11.194,0.5,0.5,81.77,1028,0,9248
2278036,1,1,11,0.74,26.03066826,119.19304657,45.2,26.03057861,119.19309998,44.04,11.089,-2.376,12.344,-0.0,0.0,0.0,1.25,-2.19,-75.43,11.194,0.5,0.5,81.77,1028,0,9252
2278241,1,1,11,0.74,26.03066826,119.19304657,45.2,26.03057861,119.19309998,44.04,11.089,-2.378,12.344,-0.0,0.0,0.0,1.25,-2.19,-75.42,11.194,0.5,0.5,81.77,1028,0,9252
2278446,1,1,11,0.74,26.03066826,119.19304657,45.2,26.03057861,119.19309998,44.04,11.09,-2.378,12.344,-0.0,-0.0,0.0,1.25,-2.19,-75.41,11.194,0.5,0.5,81.77,1028,0,9252
2278661,1,1,11,0.74,26.03066063,119.19304657,45.4,26.03057861,119.19309998,44.04,11.082,-2.364,12.344,-0.0,0.0,-0.0,1.26,-2.19,-75.4,10.44,0.5,0.5,87.91,1029,0,9255
2278864,1,1,11,0.74,26.03066063,119.19304657,45.4,26.03057861,119.19309998,44.04,11.087,-2.373,12.344,-0.0,-0.0,0.0,1.24,-2.2,-75.4,10.44,0.5,0.5,87.91,1029,0,9258
2279074,1,1,11,0.74,26.03066063,119.19304657,45.4,26.03057861,119.19309998,44.04,11.089,-2.377,12.344,-0.0,-0.0,-0.0,1.24,-2.2,-75.37,10.44,0.5,0.5,87.91,1029,0,9261
2279275,1,1,11,0.74,26.03066063,119.19304657,45.4,26.03057861,119.19309998,44.04,11.089,-2.378,12.344,0.0,-0.0,-0.0,1.24,-2.19,-75.39,10.44,0.5,0.5,87.91,1029,0,9261
2279481,1,1,11,0.74,26.03066063,119.19304657,45.4,26.03057861,119.19309998,44.04,11.09,-2.379,12.344,0.0,-0.0,-0.0,1.24,-2.2,-75.39,10.44,0.5,0.5,87.91,1029,0,9261
2279712,1,1,11,0.74,26.03066063,119.19304657,45.5,26.03057861,119.19309998,44.04,11.085,-2.37,12.344,-0.0,0.0,0.0,1.22,-2.19,-75.4,10.44,0.5,0.5,79.76,1030,0,9265
2279915,1,1,11,0.74,26.03066063,119.19304657,45.5,26.03057861,119.19309998,44.04,11.088,-2.375,12.344,-0.0,0.0,-0.0,1.22,-2.18,-75.4,10.44,0.5,0.5,79.76,1030,0,9268
2280132,1,1,11,0.74,26.03066063,119.19304657,45.5,26.03057861,119.19309998,44.04,11.089,-2.377,12.344,-0.0,0.0,0.0,1.21,-2.19,-75.39,10.44,0.5,0.5,79.76,1030,0,9270
2280335,1,1,11,0.74,26.03066063,119.19304657,45.5,26.03057861,119.19309998,44.04,11.09,-2.378,12.344,-0.0,-0.0,-0.0,1.21,-2.19,-75.38,10.44,0.5,0.5,79.76,1030,0,9270
2280544,1,1,11,0.74,26.03066063,119.19304657,45.5,26.03057861,119.19309998,44.04,11.09,-2.379,12.344,0.0,-0.0,-0.0,1.24,-2.19,-75.35,10.44,0.5,0.5,79.76,1030,0,9271
2280753,1,1,11,0.74,26.03066063,119.19304657,45.6,26.03057861,119.19309998,44.04,11.085,-2.37,12.344,0.0,-0.0,-0.0,1.26,-2.18,-75.36,10.44,0.5,0.5,80.16,1031,0,9274
2280954,1,1,11,0.74,26.03066063,119.19304657,45.6,26.03057861,119.19309998,44.04,11.088,-2.375,12.344,-0.0,0.0,0.001,1.24,-2.17,-75.37,10.44,0.5,0.5,80.16,1031,0,9277
2281155,1,1,11,0.74,26.03066063,119.19304657,45.6,26.03057861,119.19309998,44.04,11.089,-2.377,12.344,-0.0,-0.0,0.0,1.24,-2.19,-75.37,10.44,0.5,0.5,80.16,1031,0,9279
2281355,1,1,11,0.74,26.03066063,119.19304657,45.6,26.03057861,119.19309998,44.04,11.09,-2.378,12.344,-0.0,-0.0,-0.0,1.23,-2.19,-75.39,10.44,0.5,0.5,80.16,1031,0,9279
2281578,1,1,11,0.74,26.03066063,119.19304657,45.6,26.03057861,119.19309998,44.04,11.09,-2.379,12.344,-0.0,0.0,0.0,1.23,-2.18,-75.37,10.44,0.5,0.5,80.16,1031,0,9281
2281779,1,1,11,0.74,26.03066063,119.19304657,45.9,26.03057861,119.19309998,44.04,11.087,-2.373,12.344,-0.0,0.0,0.0,1.22,-2.19,-75.38,10.44,0.5,0.5,80.72,1032,0,9284
2281984,1,1,11,0.74,26.03066063,119.19304657,45.9,26.03057861,119.19309998,44.04,11.089,-2.377,12.344,-0.0,0.0,-0.0,1.2,-2.17,-75.39,10.44,0.5,0.5,80.72,1032,0,9287
2282188,1,1,11,0.74,26.03066063,119.19304657,45.9,26.03057861,119.19309998,44.04,11.089,-2.378,12.344,0.0,0.0,-0.001,1.22,-2.17,-75.41,10.44,0.5,0.5,80.72,1032,0,9288
2282396,1,1,11,0.74,26.03066063,119.19304657,45.9,26.03057861,119.19309998,44.04,11.09,-2.379,12.344,-0.0,0.0,-0.0,1.22,-2.16,-75.39,10.44,0.5,0.5,80.72,1032,0,9288
2282612,1,1,11,0.74,26.03065109,119.19304657,45.9,26.03057861,119.19309998,44.04,11.09,-2.379,12.344,-0.0,-0.0,-0.001,1.22,-2.17,-75.38,10.44,0.5,0.5,80.72,1032,0,9290
2282822,1,1,11,0.74,26.03065109,119.19304657,46.1,26.03057861,119.19309998,44.04,11.087,-2.374,12.344,-0.0,-0.0,-0.0,1.23,-2.17,-75.39,9.521,0.5,0.5,82.51,1033,0,9293
2283029,1,1,11,0.74,26.03065109,119.19304657,46.1,26.03057861,119.19309998,44.04,11.089,-2.377,12.344,-0.0,-0.0,-0.0,1.23,-2.16,-75.39,9.521,0.5,0.5,82.51,1033,0,9297
2283235,1,1,11,0.74,26.03065109,119.19304657,46.1,26.03057861,119.19309998,44.04,11.089,-2.378,12.344,-0.0,-0.0,-0.0,1.23,-2.18,-75.4,9.521,0.5,0.5,82.51,1033,0,9297
2283446,1,1,11,0.74,26.03065109,119.19304657,46.1,26.03057861,119.19309998,44.04,11.09,-2.379,12.344,-0.0,-0.0,-0.0,1.21,-2.18,-75.38,9.521,0.5,0.5,82.51,1033,0,9297
2283656,1,1,11,0.74,26.03065109,119.19304657,46.4,26.03057861,119.19309998,44.04,11.082,-2.366,12.344,-0.0,-0.0,-0.0,1.22,-2.18,-75.4,9.521,0.5,0.5,82.51,1034,0,9300
2283858,1,1,11,0.74,26.03065109,119.19304657,46.4,26.03057861,119.19309998,44.04,11.087,-2.374,12.344,-0.0,-0.0,-0.0,1.21,-2.2,-75.43,9.521,0.5,0.5,83.0,1034,0,9303
2284067,1,1,11,0.74,26.03065109,119.19304657,46.4,26.03057861,119.19309998,44.04,11.089,-2.377,12.344,-0.0,-0.0,-0.0,1.21,-2.19,-75.43,9.521,0.5,0.5,83.0,1034,0,9306
2284271,1,1,11,0.74,26.03065109,119.19304657,46.4,26.03057861,119.19309998,44.04,11.089,-2.378,12.344,0.0,-0.0,-0.0,1.22,-2.19,-75.43,9.521,0.5,0.5,83.0,1034,0,9306
2284477,1,1,11,0.74,26.03065109,119.19304657,46.4,26.03057861,119.19309998,44.04,11.09,-2.379,12.344,-0.0,-0.0,0.0,1.22,-2.19,-75.44,9.521,0.5,0.5,83.0,1034,0,9306
2284706,1,1,11,0.74,26.03065109,119.19304657,46.6,26.03057861,119.19309998,44.04,11.085,-2.371,12.344,-0.0,-0.0,-0.0,1.23,-2.17,-75.4,9.521,0.5,0.5,83.0,1035,0,9310
2284914,1,1,11,0.74,26.03065109,119.19304657,46.6,26.03057861,119.19309998,44.04,11.088,-2.376,12.344,-0.0,0.0,-0.0,1.22,-2.17,-75.41,9.521,0.5,0.5,82.6,1035,0,9313
2285117,1,1,11,0.74,26.03065109,119.19304657,46.6,26.03057861,119.19309998,44.04,11.089,-2.378,12.344,-0.0,0.0,-0.0,1.23,-2.16,-75.39,9.521,0.5,0.5,82.6,1035,0,9315
2285320,1,1,11,0.74,26.03065109,119.19304657,46.6,26.03057861,119.19309998,44.04,11.09,-2.378,12.344,-0.0,-0.0,0.0,1.23,-2.16,-75.36,9.521,0.5,0.5,82.6,1035,0,9315
2285521,1,1,11,0.74,26.03065109,119.19304657,46.6,26.03057861,119.19309998,44.04,11.09,-2.379,12.344,-0.0,0.0,-0.0,1.23,-2.15,-75.36,9.521,0.5,0.5,82.6,1035,0,9316
2285734,1,1,10,0.81,26.03065109,119.19304657,46.8,26.03057861,119.19309998,44.04,11.085,-2.371,12.344,-0.0,0.0,0.0,1.24,-2.14,-75.35,9.521,0.5,0.5,82.92,1036,0,9319
2285941,1,1,10,0.81,26.03065109,119.19304657,46.8,26.03057861,119.19309998,44.04,11.088,-2.376,12.344,-0.0,-0.0,-0.001,1.23,-2.16,-75.38,9.521,0.5,0.5,82.92,1036,0,9322
2286144,1,1,10,0.81,26.03065109,119.19304657,46.8,26.03057861,119.19309998,44.04,11.089,-2.378,12.344,-0.0,-0.0,0.0,1.22,-2.17,-75.42,9.521,0.5,0.5,82.92,1036,0,9324
2286351,1,1,10,0.81,26.03065109,119.19304657,46.8,26.03057861,119.19309998,44.04,11.09,-2.378,12.344,-0.0,-0.0,-0.0,1.21,-2.17,-75.43,9.521,0.5,0.5,82.92,1036,0,9324
2286556,1,1,10,0.81,26.03064728,119.19304657,46.8,26.03057861,119.19309998,44.04,11.09,-2.379,12.344,-0.0,0.0,0.0,1.2,-2.17,-75.43,9.521,0.5,0.5,82.92,1036,0,9326
2286760,1,1,10,0.81,26.03064728,119.19304657,46.9,26.03057861,119.19309998,44.04,11.085,-2.371,12.344,-0.0,0.0,-0.0,1.2,-2.15,-75.43,9.162,0.5,0.5,82.85,1037,0,9328
2286969,1,1,10,0.81,26.03064728,119.19304657,46.9,26.03057861,119.19309998,44.04,11.088,-2.376,12.344,0.0,-0.0,-0.0,1.21,-2.15,-75.42,9.162,0.5,0.5,82.85,1037,0,9332
2287173,1,1,10,0.81,26.03064728,119.19304657,46.9,26.03057861,119.19309998,44.04,11.089,-2.378,12.344,-0.0,0.0,0.001,1.2,-2.15,-75.43,9.162,0.5,0.5,82.85,1037,0,9333
2287375,1,1,10,0.81,26.03064728,119.19304657,46.9,26.03057861,119.19309998,44.04,11.09,-2.378,12.344,0.0,0.0,-0.0,1.22,-2.16,-75.43,9.162,0.5,0.5,82.85,1037,0,9333
2287580,1,1,10,0.81,26.03064728,119.19304657,46.9,26.03057861,119.19309998,44.04,11.09,-2.379,12.344,-0.0,0.0,-0.0,1.21,-2.16,-75.44,9.162,0.5,0.5,82.85,1037,0,9335
2287803,1,1,10,0.81,26.03064728,119.19304657,47.1,26.03057861,119.19309998,44.04,11.087,-2.374,12.344,-0.0,0.0,-0.0,1.21,-2.15,-75.42,9.161,0.5,0.5,82.92,1038,0,9338
2288004,1,1,10,0.81,26.03064728,119.19304657,47.1,26.03057861,119.19309998,44.04,11.089,-2.377,12.344,0.0,-0.0,-0.0,1.22,-2.16,-75.42,9.161,0.5,0.5,82.92,1038,0,9341
2288210,1,1,10,0.81,26.03064728,119.19304657,47.1,26.03057861,119.19309998,44.04,11.089,-2.378,12.344,-0.0,0.0,0.0,1.2,-2.15,-75.39,9.161,0.5,0.5,82.92,1038,0,9342
2288421,1,1,10,0.81,26.03064728,119.19304657,47.1,26.03057861,119.19309998,44.04,11.09,-2.379,12.344,0.0,-0.0,-0.0,1.21,-2.15,-75.38,9.161,0.5,0.5,82.92,1038,0,9342
2288627,1,1,10,0.81,26.03064728,119.19304657,47.1,26.03057861,119.19309998,44.04,11.09,-2.379,12.344,0.0,0.0,0.0,1.23,-2.15,-75.38,9.161,0.5,0.5,82.92,1038,0,9344
2288831,1,1,10,0.81,26.03064728,119.19304657,47.3,26.03057861,119.19309998,44.04,11.087,-2.374,12.344,-0.0,0.0,-0.0,1.22,-2.14,-75.39,9.162,0.5,0.5,82.75,1039,0,9347
2289038,1,1,10,0.81,26.03064728,119.19304657,47.3,26.03057861,119.19309998,44.04,11.089,-2.377,12.344,0.0,-0.0,0.0,1.24,-2.16,-75.39,9.162,0.5,0.5,82.75,1039,0,9351
2289245,1,1,10,0.81,26.03064728,119.19304657,47.3,26.03057861,119.19309998,44.04,11.089,-2.378,12.344,-0.0,-0.0,0.0,1.23,-2.15,-75.4,9.162,0.5,0.5,82.75,1039,0,9351
2289445,1,1,10,0.81,26.03064728,119.19304657,47.3,26.03057861,119.19309998,44.04,11.09,-2.379,12.344,0.0,0.0,-0.0,1.23,-2.17,-75.4,9.162,0.5,0.5,82.75,1039,0,9351
2289659,1,1,10,0.81,26.03064728,119.19304657,47.4,26.03057861,119.19309998,44.04,11.082,-2.366,12.345,-0.0,-0.0,0.001,1.24,-2.17,-75.4,9.162,0.5,0.5,82.75,1040,0,9354
2289862,1,1,10,0.81,26.03064728,119.19304657,47.4,26.03057861,119.19309998,44.04,11.087,-2.374,12.344,-0.0,0.0,-0.0,1.25,-2.16,-75.41,9.162,0.5,0.5,80.6,1040,0,9357
2290069,1,1,10,0.81,26.03064728,119.19304657,47.4,26.03057861,119.19309998,44.04,11.089,-2.377,12.344,-0.0,-0.0,-0.001,1.22,-2.18,-75.42,9.162,0.5,0.5,80.6,1040,0,9360
2290271,1,1,10,0.81,26.03064728,119.19304657,47.4,26.03057861,119.19309998,44.04,11.089,-2.378,12.344,-0.0,0.0,0.0,1.23,-2.18,-75.42,9.162,0.5,0.5,80.6,1040,0,9360
2290474,1,1,10,0.81,26.03064728,119.19304657,47.4,26.03057861,119.19309998,44.04,11.09,-2.379,12.344,-0.0,0.0,-0.0,1.24,-2.17,-75.43,9.162,0.5,0.5,80.6,1040,0,9360
2290701,1,1,10,0.81,26.03064728,119.19304657,47.6,26.03057861,119.19309998,44.04,11.085,-2.371,12.344,0.0,-0.0,0.0,1.24,-2.16,-75.44,9.161,0.5,0.5,80.6,1041,0,9364
2290908,1,1,10,0.81,26.03064728,119.19304657,47.6,26.03057861,119.19309998,44.04,11.088,-2.376,12.344,-0.0,-0.0,0.0,1.22,-2.17,-75.44,9.161,0.5,0.5,82.3,1041,0,9367
2291120,1,1,10,0.81,26.03064728,119.19304657,47.6,26.03057861,119.19309998,44.04,11.089,-2.378,12.344,-0.0,-0.0,-0.001,1.23,-2.17,-75.43,9.161,0.5,0.5,82.3,1041,0,9369
2291327,1,1,10,0.81,26.03064728,119.19304657,47.6,26.03057861,119.19309998,44.04,11.09,-2.378,12.344,-0.0,-0.0,0.0,1.22,-2.17,-75.41,9.161,0.5,0.5,82.3,1041,0,9369
2291539,1,1,10,0.81,26.03064346,119.19304657,47.6,26.03057861,119.19309998,44.04,11.09,-2.379,12.344,-0.0,-0.0,-0.0,1.21,-2.18,-75.39,9.161,0.5,0.5,82.3,1041,0,9370
2291750,1,1,10,0.81,26.03064346,119.19304657,47.8,26.03057861,119.19309998,44.04,11.085,-2.372,12.345,-0.0,0.0,-0.0,1.22,-2.17,-75.37,8.808,0.5,0.5,82.3,1042,0,9373
2291960,1,1,10,0.81,26.03064346,119.19304657,47.8,26.03057861,119.19309998,44.04,11.088,-2.376,12.344,-0.0,-0.0,-0.0,1.22,-2.17,-75.37,8.808,0.5,0.5,82.28,1042,0,9376
2292163,1,1,10,0.81,26.03064346,119.19304657,47.8,26.03057861,119.19309998,44.04,11.089,-2.378,12.344,-0.0,-0.0,0.0,1.21,-2.18,-75.37,8.808,0.5,0.5,82.28,1042,0,9378
2292366,1,1,10,0.81,26.03064346,119.19304657,47.8,26.03057861,119.19309998,44.04,11.09,-2.378,12.344,-0.0,-0.0,-0.0,1.21,-2.19,-75.35,8.808,0.5,0.5,82.28,1042,0,9378
2292577,1,1,10,0.81,26.03064346,119.19304657,47.8,26.03057861,119.19309998,44.04,11.09,-2.379,12.344,-0.0,-0.0,-0.0,1.2,-2.18,-75.32,8.808,0.5,0.5,82.28,1042,0,9380
2292779,1,1,11,0.74,26.03064346,119.19304657,48.0,26.03057861,119.19309998,44.04,11.087,-2.374,12.344,0.0,0.0,-0.0,1.2,-2.16,-75.3,8.808,0.5,0.5,82.28,1043,0,9383
2292991,1,1,11,0.74,26.03064346,119.19304657,48.0,26.03057861,119.19309998,44.04,11.089,-2.377,12.344,-0.0,-0.0,-0.0,1.18,-2.14,-75.34,8.808,0.5,0.5,79.58,1043,0,9386
2293200,1,1,11,0.74,26.03064346,119.19304657,48.0,26.03057861,119.19309998,44.04,11.089,-2.378,12.344,0.0,-0.0,-0.0,1.18,-2.15,-75.36,8.808,0.5,0.5,79.58,1043,0,9387
2293401,1,1,11,0.74,26.03064346,119.19304657,48.0,26.03057861,119.19309998,44.04,11.09,-2.379,12.344,0.0,0.0,0.0,1.2,-2.15,-75.35,8.808,0.5,0.5,79.58,1043,0,9387
2293618,1,1,11,0.74,26.03063965,119.19304657,48.0,26.03057861,119.19309998,44.04,11.09,-2.379,12.344,-0.0,-0.0,0.0,1.2,-2.16,-75.37,8.808,0.5,0.5,79.58,1043,0,9389
2293829,1,1,10,0.81,26.03063965,119.19304657,48.0,26.03057861,119.19309998,44.04,11.087,-2.375,12.344,-0.0,0.0,0.0,1.22,-2.17,-75.39,8.462,0.5,0.5,79.58,1044,0,9392
2294029,1,1,10,0.81,26.03063965,119.19304657,48.0,26.03057861,119.19309998,44.04,11.089,-2.377,12.344,0.0,-0.0,-0.0,1.22,-2.2,-75.37,8.462,0.5,0.5,83.17,1044,0,9396
2294230,1,1,10,0.81,26.03063965,119.19304657,48.0,26.03057861,119.19309998,44.04,11.089,-2.378,12.344,-0.0,-0.0,0.0,1.23,-2.2,-75.38,8.462,0.5,0.5,83.17,1044,0,9396
2294437,1,1,10,0.81,26.03063965,119.19304657,48.0,26.03057861,119.19309998,44.04,11.09,-2.379,12.344,-0.0,0.0,-0.0,1.22,-2.18,-75.35,8.462,0.5,0.5,83.17,1044,0,9396
2294647,1,1,10,0.81,26.03063965,119.19303131,48.1,26.03057861,119.19309998,44.04,11.079,-2.368,12.345,-0.0,0.0,-0.0,1.22,-2.19,-75.36,9.442,0.5,0.5,83.17,1045,0,9399
2294855,1,1,10,0.81,26.03063965,119.19303131,48.1,26.03057861,119.19309998,44.04,11.086,-2.375,12.344,-0.0,0.0,0.0,1.23,-2.19,-75.38,9.442,0.5,0.5,83.17,1045,0,9402
2295073,1,1,10,0.81,26.03063965,119.19303131,48.1,26.03057861,119.19309998,44.04,11.088,-2.377,12.344,-0.0,0.0,0.0,1.23,-2.17,-75.35,9.442,0.5,0.5,81.65,1045,0,9405
2295276,1,1,10,0.81,26.03063965,119.19303131,48.1,26.03057861,119.19309998,44.04,11.089,-2.378,12.344,-0.0,0.0,-0.0,1.24,-2.16,-75.35,9.442,0.5,0.5,81.65,1045,0,9405
2295481,1,1,10,0.81,26.03063965,119.19303131,48.1,26.03057861,119.19309998,44.04,11.09,-2.379,12.344,-0.0,-0.0,0.0,1.24,-2.16,-75.35,9.442,0.5,0.5,81.65,1045,0,9405
2295697,1,1,10,0.81,26.03063583,119.19304657,48.1,26.03057861,119.19309998,44.04,11.085,-2.372,12.345,-0.0,-0.0,-0.0,1.23,-2.18,-75.33,8.122,0.5,0.5,81.65,1046,0,9409
2295898,1,1,10,0.81,26.03063583,119.19304657,48.1,26.03057861,119.19309998,44.04,11.088,-2.376,12.344,-0.0,-0.0,0.0,1.21,-2.18,-75.33,8.122,0.5,0.5,81.65,1046,0,9411
2296103,1,1,10,0.81,26.03063583,119.19304657,48.1,26.03057861,119.19309998,44.04,11.089,-2.378,12.344,-0.0,0.0,0.0,1.22,-2.17,-75.35,8.122,0.5,0.5,81.63,1046,0,9414
2296305,1,1,10,0.81,26.03063583,119.19304657,48.1,26.03057861,119.19309998,44.04,11.09,-2.378,12.344,-0.0,0.0,-0.0,1.23,-2.17,-75.35,8.122,0.5,0.5,81.63,1046,0,9414
2296516,1,1,10,0.81,26.03063583,119.19304657,48.1,26.03057861,119.19309998,44.04,11.09,-2.379,12.344,0.0,-0.0,-0.0,1.23,-2.18,-75.35,8.122,0.5,0.5,81.63,1046,0,9415
2296724,1,1,10,0.81,26.03063583,119.19304657,48.1,26.03057861,119.19309998,44.04,11.085,-2.372,12.345,-0.0,-0.0,0.0,1.23,-2.18,-75.33,8.122,0.5,0.5,81.63,1047,0,9418
2296925,1,1,10,0.81,26.03063583,119.19304657,48.1,26.03057861,119.19309998,44.04,11.088,-2.376,12.344,-0.0,0.0,0.0,1.21,-2.2,-75.36,8.122,0.5,0.5,81.63,1047,0,9421
2297135,1,1,10,0.81,26.03063583,119.19304657,48.1,26.03057861,119.19309998,44.04,11.089,-2.378,12.344,-0.0,0.0,0.0,1.22,-2.18,-75.36,8.122,0.5,0.5,81.73,1047,0,9423
2297340,1,1,10,0.81,26.03063583,119.19304657,48.1,26.03057861,119.19309998,44.04,11.09,-2.378,12.344,0.0,0.0,-0.0,1.23,-2.18,-75.36,8.122,0.5,0.5,81.73,1047,0,9423
2297551,1,1,10,0.81,26.03063583,119.19304657,48.1,26.03057861,119.19309998,44.04,11.09,-2.379,12.344,-0.0,-0.0,-0.0,1.23,-2.16,-75.35,8.122,0.5,0.5,81.73,1047,0,9424
2297754,1,1,10,0.81,26.03063583,119.19304657,48.2,26.03057861,119.19309998,44.04,11.085,-2.372,12.345,-0.0,0.0,0.0,1.23,-2.18,-75.36,8.122,0.5,0.5,81.73,1048,0,9427
2297960,1,1,10,0.81,26.03063583,119.19304657,48.2,26.03057861,119.19309998,44.04,11.088,-2.376,12.344,-0.0,-0.0,-0.0,1.21,-2.18,-75.36,8.122,0.5,0.5,81.73,1048,0,9430
2298164,1,1,10,0.81,26.03063583,119.19304657,48.2,26.03057861,119.19309998,44.04,11.089,-2.378,12.344,-0.0,-0.0,-0.0,1.2,-2.18,-75.35,8.122,0.5,0.5,83.17,1048,0,9432
2298382,1,1,10,0.81,26.03063583,119.19304657,48.2,26.03057861,119.19309998,44.04,11.09,-2.378,12.344,-0.0,0.0,0.0,1.19,-2.16,-75.34,8.122,0.5,0.5,83.17,1048,0,9432
2298590,1,1,10,0.81,26.03063583,119.19304657,48.2,26.03057861,119.19309998,44.04,11.09,-2.379,12.344,-0.0,-0.0,0.0,1.2,-2.16,-75.35,8.122,0.5,0.5,83.17,1048,0,9434
2298803,1,1,10,0.81,26.03063583,119.19304657,48.3,26.03057861,119.19309998,44.04,11.087,-2.375,12.344,-0.0,-0.0,-0.0,1.21,-2.18,-75.37,8.122,0.5,0.5,83.17,1049,0,9437
2299010,1,1,10,0.81,26.03063583,119.19304657,48.3,26.03057861,119.19309998,44.04,11.089,-2.377,12.344,0.0,0.0,0.0,1.21,-2.17,-75.39,8.122,0.5,0.5,83.17,1049,0,9440
2299215,1,1,10,0.81,26.03063583,119.19304657,48.3,26.03057861,119.19309998,44.04,11.089,-2.378,12.344,-0.0,0.0,-0.0,1.21,-2.17,-75.39,8.122,0.5,0.5,83.73,1049,0,9441
2299415,1,1,10,0.81,26.03063583,119.19304657,48.3,26.03057861,119.19309998,44.04,11.09,-2.379,12.344,-0.0,-0.0,-0.0,1.2,-2.17,-75.39,8.122,0.5,0.5,83.73,1049,0,9441
2299629,1,1,10,0.81,26.03063583,119.19304657,48.5,26.03057861,119.19309998,44.04,11.082,-2.369,12.345,0.0,0.0,-0.001,1.2,-2.17,-75.4,8.122,0.5,0.5,83.73,1050,0,9444
2299835,1,1,10,0.81,26.03063583,119.19304657,48.5,26.03057861,119.19309998,44.04,11.087,-2.375,12.344,-0.0,-0.0,0.0,1.18,-2.18,-75.41,8.122,0.5,0.5,83.73,1050,0,9447
2300044,1,1,10,0.81,26.03063583,119.19304657,48.5,26.03057861,119.19309998,44.04,11.089,-2.377,12.344,0.0,-0.0,0.0,1.19,-2.18,-75.41,8.122,0.5,0.5,83.73,1050,0,9450
2300246,1,1,10,0.81,26.03063583,119.19304657,48.5,26.03057861,119.19309998,44.04,11.089,-2.378,12.344,-0.0,-0.0,0.0,1.19,-2.18,-75.4,8.122,0.5,0.5,81.97,1050,0,9450
2300451,1,1,10,0.81,26.03063583,119.19304657,48.5,26.03057861,119.19309998,44.04,11.09,-2.379,12.344,-0.0,-0.0,-0.0,1.21,-2.17,-75.41,8.122,0.5,0.5,81.97,1050,0,9450
2300652,1,1,10,0.81,26.03063583,119.19304657,48.6,26.03057861,119.19309998,44.04,11.082,-2.369,12.345,-0.0,-0.0,-0.0,1.21,-2.17,-75.41,8.122,0.5,0.5,81.97,1051,0,9453
2300861,1,1,10,0.81,26.03063583,119.19304657,48.6,26.03057861,119.19309998,44.04,11.087,-2.375,12.344,-0.0,-0.0,0.0,1.2,-2.17,-75.41,8.122,0.5,0.5,81.97,1051,0,9456
2301072,1,1,10,0.81,26.03063583,119.19304657,48.6,26.03057861,119.19309998,44.04,11.089,-2.377,12.344,-0.0,0.0,-0.0,1.2,-2.19,-75.4,8.122,0.5,0.5,81.97,1051,0,9459
2301281,1,1,10,0.81,26.03063583,119.19304657,48.6,26.03057861,119.19309998,44.04,11.089,-2.378,12.344,-0.0,-0.0,0.0,1.2,-2.19,-75.39,8.122,0.5,0.5,82.6,1051,0,9459
2301495,1,1,10,0.81,26.03063583,119.19304657,48.6,26.03057861,119.19309998,44.04,11.09,-2.379,12.344,-0.0,0.0,0.0,1.18,-2.19,-75.38,8.122,0.5,0.5,82.6,1051,0,9459
2301701,1,1,10,0.81,26.03063583,119.19304657,48.7,26.03057861,119.19309998,44.04,11.085,-2.372,12.345,0.0,-0.0,-0.0,1.18,-2.19,-75.41,8.122,0.5,0.5,82.6,1052,0,9463
2301910,1,1,10,0.81,26.03063583,119.19304657,48.7,26.03057861,119.19309998,44.04,11.088,-2.376,12.344,-0.0,0.0,0.0,1.18,-2.16,-75.41,8.122,0.5,0.5,82.6,1052,0,9466
2302119,1,1,10,0.81,26.03063583,119.19304657,48.7,26.03057861,119.19309998,44.04,11.089,-2.378,12.344,0.0,0.0,0.0,1.2,-2.16,-75.42,8.122,0.5,0.5,82.6,1052,0,9468
2302326,1,1,10,0.81,26.03063583,119.19304657,48.7,26.03057861,119.19309998,44.04,11.09,-2.378,12.344,-0.0,0.0,-0.0,1.19,-2.15,-75.42,8.122,0.5,0.5,87.0,1052,0,9468
2302540,1,1,10,0.81,26.0306282,119.19304657,48.7,26.03057861,119.19309998,44.04,11.09,-2.379,12.344,-0.0,0.0,0.0,1.2,-2.15,-75.43,8.122,0.5,0.5,87.0,1052,0,9469
2302751,1,1,10,0.81,26.0306282,119.19304657,48.7,26.03057861,119.19309998,44.04,11.085,-2.373,12.345,0.0,-0.0,0.0,1.2,-2.15,-75.45,7.47,0.5,0.5,87.0,1053,0,9472
2302959,1,1,10,0.81,26.0306282,119.19304657,48.7,26.03057861,119.19309998,44.04,11.088,-2.377,12.344,-0.0,0.0,-0.0,1.2,-2.15,-75.44,7.47,0.5,0.5,87.0,1053,0,9475
2303160,1,1,10,0.81,26.0306282,119.19304657,48.7,26.03057861,119.19309998,44.04,11.089,-2.378,12.344,-0.0,-0.0,-0.0,1.2,-2.16,-75.44,7.47,0.5,0.5,87.0,1053,0,9477
2303365,1,1,10,0.81,26.0306282,119.19304657,48.7,26.03057861,119.19309998,44.04,11.09,-2.379,12.344,0.0,-0.0,-0.0,1.21,-2.17,-75.43,7.47,0.5,0.5,80.2,1053,0,9477
2303577,1,1,10,0.81,26.0306282,119.19304657,48.7,26.03057861,119.19309998,44.04,11.09,-2.379,12.344,-0.0,-0.0,0.0,1.21,-2.19,-75.43,7.47,0.5,0.5,80.2,1053,0,9479
2303819,1,1,10,0.81,26.0306282,119.19304657,48.7,26.03057861,119.19309998,44.04,11.087,-2.375,12.344,-0.0,0.0,-0.0,1.21,-2.18,-75.43,7.47,0.5,0.5,80.2,1054,0,9482
2304025,1,1,10,0.81,26.0306282,119.19304657,48.7,26.03057861,119.19309998,44.04,11.089,-2.377,12.344,-0.0,-0.0,0.0,1.21,-2.19,-75.42,7.47,0.5,0.5,80.2,1054,0,9486
2304231,1,1,10,0.81,26.0306282,119.19304657,48.7,26.03057861,119.19309998,44.04,11.089,-2.378,12.344,-0.0,0.0,0.0,1.2,-2.18,-75.39,7.47,0.5,0.5,88.82,1054,0,9486
2304435,1,1,10,0.81,26.0306282,119.19304657,48.7,26.03057861,119.19309998,44.04,11.09,-2.379,12.344,-0.0,0.0,-0.0,1.21,-2.19,-75.42,7.47,0.5,0.5,88.82,1054,0,9486
2304652,1,1,10,0.81,26.03062248,119.19304657,48.6,26.03057861,119.19309998,44.04,11.082,-2.371,12.345,-0.0,0.0,0.0,1.2,-2.18,-75.41,7.008,0.5,0.5,88.82,1055,0,9489
2304854,1,1,10,0.81,26.03062248,119.19304657,48.6,26.03057861,119.19309998,44.04,11.087,-2.376,12.344,-0.0,0.0,-0.001,1.2,-2.19,-75.4,7.008,0.5,0.5,88.82,1055,0,9492
2305064,1,1,10,0.81,26.03062248,119.19304657,48.6,26.03057861,119.19309998,44.04,11.089,-2.378,12.344,-0.0,-0.0,0.0,1.2,-2.18,-75.38,7.008,0.5,0.5,88.82,1055,0,9495
2305265,1,1,10,0.81,26.03062248,119.19304657,48.6,26.03057861,119.19309998,44.04,11.089,-2.378,12.344,0.0,-0.0,-0.0,1.19,-2.2,-75.37,7.008,0.5,0.5,78.92,1055,0,9495
2305477,1,1,10,0.81,26.03062248,119.19304657,48.6,26.03057861,119.19309998,44.04,11.09,-2.379,12.344,-0.0,0.0,-0.0,1.18,-2.19,-75.36,7.008,0.5,0.5,78.92,1055,0,9495
2305700,1,1,10,0.81,26.03061867,119.19304657,48.6,26.03057861,119.19309998,44.04,11.085,-2.374,12.345,-0.0,0.0,0.0,1.19,-2.18,-75.35,6.717,0.5,0.5,78.92,1056,0,9499
2305914,1,1,10,0.81,26.03061867,119.19304657,48.6,26.03057861,119.19309998,44.04,11.088,-2.377,12.344,-0.0,-0.0,-0.0,1.19,-2.17,-75.36,6.717,0.5,0.5,78.92,1056,0,9502
2306119,1,1,10,0.81,26.03061867,119.19304657,48.6,26.03057861,119.19309998,44.04,11.089,-2.378,12.344,0.0,-0.0,0.0,1.2,-2.18,-75.37,6.717,0.5,0.5,78.92,1056,0,9504
2306321,1,1,10,0.81,26.03061867,119.19304657,48.6,26.03057861,119.19309998,44.04,11.09,-2.379,12.344,0.0,-0.0,0.0,1.2,-2.18,-75.39,6.717,0.5,0.5,82.77,1056,0,9504
2306533,1,1,10,0.81,26.03061867,119.19304657,48.6,26.03057861,119.19309998,44.04,11.09,-2.379,12.344,-0.0,0.0,0.0,1.2,-2.17,-75.4,6.717,0.5,0.5,82.77,1056,0,9505
2306753,1,1,10,0.81,26.03061867,119.19304657,48.5,26.03057861,119.19309998,44.04,11.085,-2.374,12.345,-0.0,-0.0,0.0,1.18,-2.18,-75.39,6.717,0.5,0.5,82.77,1057,0,9508
2306959,1,1,10,0.81,26.03061867,119.19304657,48.5,26.03057861,119.19309998,44.04,11.088,-2.377,12.344,0.0,0.0,0.0,1.19,-2.17,-75.42,6.717,0.5,0.5,82.77,1057,0,9511
2307163,1,1,10,0.81,26.03061867,119.19304657,48.5,26.03057861,119.19309998,44.04,11.089,-2.378,12.344,-0.0,0.0,-0.0,1.17,-2.17,-75.4,6.717,0.5,0.5,82.77,1057,0,9513
2307365,1,1,10,0.81,26.03061867,119.19304657,48.5,26.03057861,119.19309998,44.04,11.09,-2.379,12.344,-0.0,-0.0,-0.0,1.19,-2.19,-75.39,6.717,0.5,0.5,84.66,1057,0,9513
2307570,1,1,10,0.81,26.03061867,119.19304657,48.5,26.03057861,119.19309998,44.04,11.09,-2.379,12.344,-0.0,0.0,0.0,1.2,-2.19,-75.39,6.717,0.5,0.5,84.66,1057,0,9515
2307804,1,1,10,0.81,26.03061867,119.19304657,48.6,26.03057861,119.19309998,44.04,11.087,-2.376,12.344,-0.0,-0.0,0.0,1.19,-2.2,-75.4,6.717,0.5,0.5,84.66,1058,0,9518
2308017,1,1,10,0.81,26.03061867,119.19304657,48.6,26.03057861,119.19309998,44.04,11.089,-2.378,12.344,-0.0,0.0,0.0,1.18,-2.18,-75.39,6.717,0.5,0.5,84.66,1058,0,9522
2308220,1,1,10,0.81,26.03061867,119.19304657,48.6,26.03057861,119.19309998,44.04,11.089,-2.378,12.344,-0.0,-0.0,0.0,1.19,-2.18,-75.41,6.717,0.5,0.5,81.75,1058,0,9522
2308424,1,1,10,0.81,26.03061867,119.19304657,48.6,26.03057861,119.19309998,44.04,11.09,-2.379,12.344,0.0,0.0,-0.0,1.19,-2.17,-75.41,6.717,0.5,0.5,81.75,1058,0,9522
2308636,1,1,10,0.81,26.03061867,119.19303131,48.7,26.03057861,119.19309998,44.04,11.079,-2.372,12.345,-0.0,0.0,0.0,1.19,-2.17,-75.4,7.916,0.5,0.5,81.75,1059,0,9525
2308844,1,1,10,0.81,26.03061867,119.19303131,48.7,26.03057861,119.19309998,44.04,11.086,-2.376,12.344,-0.0,0.0,0.0,1.19,-2.19,-75.42,7.916,0.5,0.5,81.75,1059,0,9528
2309064,1,1,10,0.81,26.03061867,119.19303131,48.7,26.03057861,119.19309998,44.04,11.088,-2.378,12.344,-0.0,-0.0,0.0,1.19,-2.19,-75.38,7.916,0.5,0.5,81.75,1059,0,9531
2309266,1,1,10,0.81,26.03061867,119.19303131,48.7,26.03057861,119.19309998,44.04,11.089,-2.378,12.344,-0.0,-0.0,0.0,1.18,-2.19,-75.38,7.916,0.5,0.5,84.0,1059,0,9531
2309471,1,1,10,0.81,26.03061867,119.19303131,48.7,26.03057861,119.19309998,44.04,11.09,-2.379,12.344,0.0,0.0,0.0,1.18,-2.18,-75.39,7.916,0.5,0.5,84.0,1059,0,9531
2309701,1,1,11,0.81,26.03061867,119.19304657,48.7,26.03057861,119.19309998,44.04,11.085,-2.374,12.345,-0.0,0.0,-0.001,1.18,-2.18,-75.39,6.717,0.5,0.5,84.0,1060,0,9535
2309910,1,1,11,0.81,26.03061867,119.19304657,48.7,26.03057861,119.19309998,44.04,11.088,-2.377,12.344,-0.0,-0.0,-0.0,1.18,-2.19,-75.39,6.717,0.5,0.5,84.0,1060,0,9538
2310111,1,1,11,0.81,26.03061867,119.19304657,48.7,26.03057861,119.19309998,44.04,11.089,-2.378,12.344,-0.0,-0.0,0.0,1.18,-2.2,-75.39,6.717,0.5,0.5,84.0,1060,0,9540
2310321,1,1,11,0.81,26.03061867,119.19304657,48.7,26.03057861,119.19309998,44.04,11.09,-2.379,12.344,0.0,-0.0,0.0,1.19,-2.2,-75.38,6.717,0.5,0.5,80.68,1060,0,9540
2310527,1,1,11,0.81,26.03061485,119.19304657,48.7,26.03057861,119.19309998,44.04,11.09,-2.379,12.344,-0.0,0.0,-0.0,1.18,-2.19,-75.35,6.717,0.5,0.5,80.68,1060,0,9541
2310734,1,1,11,0.81,26.03061485,119.19304657,48.7,26.03057861,119.19309998,44.04,11.085,-2.375,12.345,0.0,0.0,0.0,1.18,-2.18,-75.37,6.44,0.5,0.5,80.68,1061,0,9544
2310935,1,1,11,0.81,26.03061485,119.19304657,48.7,26.03057861,119.19309998,44.04,11.088,-2.377,12.344,-0.0,0.0,-0.0,1.19,-2.18,-75.34,6.44,0.5,0.5,80.68,1061,0,9547
2311139,1,1,11,0.81,26.03061485,119.19304657,48.7,26.03057861,119.19309998,44.04,11.089,-2.378,12.344,-0.0,-0.0,-0.0,1.19,-2.18,-75.37,6.44,0.5,0.5,80.68,1061,0,9549
2311347,1,1,11,0.81,26.03061485,119.19304657,48.7,26.03057861,119.19309998,44.04,11.09,-2.379,12.344,-0.0,-0.0,-0.0,1.19,-2.17,-75.36,6.44,0.5,0.5,82.35,1061,0,9549
2311556,1,1,11,0.81,26.03061485,119.19304657,48.7,26.03057861,119.19309998,44.04,11.09,-2.379,12.344,-0.0,0.0,0.0,1.19,-2.16,-75.37,6.44,0.5,0.5,82.35,1061,0,9551
2311760,1,1,11,0.81,26.03061485,119.19304657,48.6,26.03057861,119.19309998,44.04,11.085,-2.375,12.345,0.0,-0.0,-0.0,1.21,-2.19,-75.39,6.44,0.5,0.5,82.35,1062,0,9553
2311969,1,1,11,0.81,26.03061485,119.19304657,48.6,26.03057861,119.19309998,44.04,11.088,-2.377,12.344,0.0,-0.0,-0.0,1.22,-2.18,-75.41,6.44,0.5,0.5,82.35,1062,0,9557
2312179,1,1,11,0.81,26.03061485,119.19304657,48.6,26.03057861,119.19309998,44.04,11.089,-2.378,12.344,-0.0,-0.0,0.001,1.22,-2.19,-75.42,6.44,0.5,0.5,82.35,1062,0,9558
2312381,1,1,11,0.81,26.03061485,119.19304657,48.6,26.03057861,119.19309998,44.04,11.09,-2.379,12.344,-0.0,-0.0,0.0,1.2,-2.2,-75.39,6.44,0.5,0.5,82.6,1062,0,9558
2312593,1,1,11,0.81,26.03061485,119.19304657,48.6,26.03057861,119.19309998,44.04,11.09,-2.379,12.344,0.0,-0.0,-0.0,1.2,-2.2,-75.4,6.44,0.5,0.5,82.6,1062,0,9560
2312815,1,1,10,0.81,26.03061485,119.19304657,48.7,26.03057861,119.19309998,44.04,11.087,-2.376,12.344,-0.0,0.0,0.0,1.21,-2.19,-75.39,6.44,0.5,0.5,82.6,1063,0,9563
2313019,1,1,10,0.81,26.03061485,119.19304657,48.7,26.03057861,119.19309998,44.04,11.089,-2.378,12.344,-0.0,-0.0,-0.0,1.2,-2.17,-75.37,6.44,0.5,0.5,82.6,1063,0,9566
2313221,1,1,10,0.81,26.03061485,119.19304657,48.7,26.03057861,119.19309998,44.04,11.089,-2.378,12.344,0.0,0.0,0.0,1.19,-2.17,-75.38,6.44,0.5,0.5,82.6,1063,0,9567
2313426,1,1,10,0.81,26.03061485,119.19304657,48.7,26.03057861,119.19309998,44.04,11.09,-2.379,12.344,-0.0,0.0,0.0,1.19,-2.16,-75.38,6.44,0.5,0.5,88.0,1063,0,9567
2313641,1,1,11,0.74,26.03061485,119.19304657,48.6,26.03057861,119.19309998,44.04,11.082,-2.372,12.345,-0.0,0.0,-0.001,1.19,-2.16,-75.36,6.44,0.5,0.5,88.0,1064,0,9570
2313846,1,1,11,0.74,26.03061485,119.19304657,48.6,26.03057861,119.19309998,44.04,11.087,-2.376,12.344,-0.0,-0.0,0.001,1.2,-2.16,-75.36,6.44,0.5,0.5,88.0,1064,0,9573
2314054,1,1,11,0.74,26.03061485,119.19304657,48.6,26.03057861,119.19309998,44.04,11.089,-2.378,12.344,0.0,-0.0,0.0,1.19,-2.17,-75.39,6.44,0.5,0.5,88.0,1064,0,9576
2314261,1,1,11,0.74,26.03061485,119.19304657,48.6,26.03057861,119.19309998,44.04,11.089,-2.378,12.344,-0.0,-0.0,-0.0,1.2,-2.16,-75.39,6.44,0.5,0.5,88.0,1064,0,9576
2314471,1,1,11,0.74,26.03061485,119.19304657,48.6,26.03057861,119.19309998,44.04,11.09,-2.379,12.344,0.0,0.0,-0.0,1.2,-2.17,-75.37,6.44,0.5,0.5,79.21,1064,0,9576
2314700,1,1,11,0.74,26.03061104,119.19304657,48.5,26.03057861,119.19309998,44.04,11.085,-2.375,12.345,-0.0,-0.0,-0.0,1.19,-2.18,-75.41,6.18,0.5,0.5,79.21,1065,0,9579
2314904,1,1,11,0.74,26.03061104,119.19304657,48.5,26.03057861,119.19309998,44.04,11.088,-2.377,12.344,-0.0,-0.0,-0.0,1.18,-2.17,-75.42,6.18,0.5,0.5,79.21,1065,0,9582
2315104,1,1,11,0.74,26.03061104,119.19304657,48.5,26.03057861,119.19309998,44.04,11.089,-2.378,12.344,0.0,-0.0,0.0,1.18,-2.19,-75.41,6.18,0.5,0.5,79.21,1065,0,9585
2315305,1,1,11,0.74,26.03061104,119.19304657,48.5,26.03057861,119.19309998,44.04,11.09,-2.379,12.344,-0.0,0.0,-0.0,1.18,-2.17,-75.42,6.18,0.5,0.5,82.68,1065,0,9585
2315509,1,1,11,0.74,26.03061104,119.19304657,48.5,26.03057861,119.19309998,44.04,11.09,-2.379,12.344,-0.0,-0.0,0.0,1.17,-2.16,-75.38,6.18,0.5,0.5,82.68,1065,0,9585
2315718,1,1,11,0.74,26.03060722,119.19304657,48.2,26.03057861,119.19309998,44.04,11.085,-2.376,12.345,0.0,0.0,-0.0,1.16,-2.17,-75.36,5.939,0.5,0.5,82.68,1066,0,9589
2315925,1,1,11,0.74,26.03060722,119.19304657,48.2,26.03057861,119.19309998,44.04,11.088,-2.378,12.344,0.0,-0.0,0.0,1.16,-2.18,-75.38,5.939,0.5,0.5,82.68,1066,0,9592
2316141,1,1,11,0.74,26.03060722,119.19304657,48.2,26.03057861,119.19309998,44.04,11.089,-2.378,12.344,0.0,0.0,0.0,1.16,-2.17,-75.39,5.939,0.5,0.5,82.68,1066,0,9594
2316345,1,1,11,0.74,26.03060722,119.19304657,48.2,26.03057861,119.19309998,44.04,11.09,-2.379,12.344,-0.0,-0.0,0.001,1.16,-2.18,-75.38,5.939,0.5,0.5,83.92,1066,0,9594
2316555,1,1,11,0.74,26.03060722,119.19303131,48.2,26.03057861,119.19309998,44.04,11.09,-2.379,12.344,-0.0,0.0,-0.0,1.16,-2.17,-75.38,5.939,0.5,0.5,83.92,1066,0,9596
2316759,1,1,11,0.74,26.03060722,119.19303131,48.0,26.03057861,119.19309998,44.04,11.083,-2.376,12.345,0.0,-0.0,-0.0,1.15,-2.17,-75.41,7.267,0.5,0.5,83.92,1067,0,9598
2316970,1,1,11,0.74,26.03060722,119.19303131,48.0,26.03057861,119.19309998,44.04,11.087,-2.378,12.344,0.0,-0.0,0.0,1.17,-2.19,-75.4,7.267,0.5,0.5,83.92,1067,0,9601
2317185,1,1,11,0.74,26.03060722,119.19303131,48.0,26.03057861,119.19309998,44.04,11.089,-2.378,12.344,0.0,-0.0,-0.0,1.18,-2.19,-75.4,7.267,0.5,0.5,83.92,1067,0,9603
2317391,1,1,11,0.74,26.03060722,119.19303131,48.0,26.03057861,119.19309998,44.04,11.089,-2.379,12.344,-0.0,-0.0,0.0,1.17,-2.18,-75.42,7.267,0.5,0.5,77.92,1067,0,9603
2317607,1,1,11,0.74,26.03060722,119.19304657,48.0,26.03057861,119.19309998,44.04,11.09,-2.379,12.344,0.0,-0.0,-0.0,1.18,-2.18,-75.42,7.267,0.5,0.5,77.92,1067,0,9605
2317818,1,1,11,0.74,26.03060722,119.19304657,47.9,26.03057861,119.19309998,44.04,11.087,-2.377,12.344,0.0,-0.0,0.0,1.18,-2.14,-75.41,5.939,0.5,0.5,77.92,1068,0,9608
2318020,1,1,11,0.74,26.03060722,119.19304657,47.9,26.03057861,119.19309998,44.04,11.089,-2.378,12.344,-0.0,-0.0,0.001,1.18,-2.15,-75.42,5.939,0.5,0.5,77.92,1068,0,9611
2318221,1,1,11,0.74,26.03060722,119.19304657,47.9,26.03057861,119.19309998,44.04,11.089,-2.379,12.344,0.0,0.0,-0.0,1.19,-2.13,-75.43,5.939,0.5,0.5,77.92,1068,0,9612
2318426,1,1,11,0.74,26.03060722,119.19304657,47.9,26.03057861,119.19309998,44.04,11.09,-2.379,12.344,-0.0,-0.0,0.001,1.18,-2.13,-75.41,5.939,0.5,0.5,82.6,1068,0,9612
2318629,1,1,11,0.74,26.03059959,119.19304657,47.9,26.03057861,119.19309998,44.04,11.09,-2.379,12.344,0.0,0.0,0.0,1.22,-2.14,-75.42,5.939,0.5,0.5,82.6,1068,0,9614
2318837,1,1,11,0.74,26.03059959,119.19304657,47.8,26.03057861,119.19309998,44.04,11.087,-2.377,12.344,-0.0,0.0,-0.0,1.22,-2.13,-75.42,5.523,0.5,0.5,82.6,1069,0,9617
2319052,1,1,11,0.74,26.03059959,119.19304657,47.8,26.03057861,119.19309998,44.04,11.089,-2.378,12.344,0.0,0.0,0.0,1.22,-2.14,-75.4,5.523,0.5,0.5,82.6,1069,0,9621
2319255,1,1,11,0.74,26.03059959,119.19304657,47.8,26.03057861,119.19309998,44.04,11.089,-2.379,12.344,-0.0,-0.0,-0.0,1.21,-2.16,-75.41,5.523,0.5,0.5,82.6,1069,0,9621
2319461,1,1,11,0.74,26.03059959,119.19304657,47.8,26.03057861,119.19309998,44.04,11.09,-2.379,12.344,0.0,-0.0,-0.0,1.21,-2.16,-75.41,5.523,0.5,0.5,85.91,1069,0,9621
2319696,1,1,10,0.77,26.03059959,119.19304657,47.7,26.03057861,119.19309998,44.04,11.085,-2.376,12.345,-0.0,-0.0,0.0,1.19,-2.18,-75.38,5.523,0.5,0.5,85.91,1070,0,9625
2319898,1,1,10,0.77,26.03059959,119.19304657,47.7,26.03057861,119.19309998,44.04,11.088,-2.378,12.344,0.0,-0.0,-0.0,1.2,-2.18,-75.38,5.523,0.5,0.5,85.91,1070,0,9627
2320099,1,1,10,0.77,26.03059959,119.19304657,47.7,26.03057861,119.19309998,44.04,11.089,-2.379,12.344,-0.0,-0.0,0.0,1.19,-2.19,-75.38,5.523,0.5,0.5,85.91,1070,0,9630
2320301,1,1,10,0.77,26.03059959,119.19304657,47.7,26.03057861,119.19309998,44.04,11.09,-2.379,12.344,-0.0,0.0,0.0,1.2,-2.17,-75.41,5.523,0.5,0.5,85.91,1070,0,9630
2320506,1,1,10,0.77,26.03059959,119.19304657,47.7,26.03057861,119.19309998,44.04,11.09,-2.379,12.344,0.0,0.0,0.0,1.2,-2.17,-75.42,5.523,0.5,0.5,81.0,1070,0,9630
2320707,1,1,10,0.77,26.03059959,119.19304657,47.6,26.03057861,119.19309998,44.04,11.085,-2.376,12.344,-0.0,-0.0,0.0,1.19,-2.17,-75.44,5.523,0.5,0.5,81.0,1071,0,9634
2320921,1,1,10,0.77,26.03059959,119.19304657,47.6,26.03057861,119.19309998,44.04,11.088,-2.378,12.344,0.0,0.0,-0.0,1.19,-2.18,-75.43,5.523,0.5,0.5,81.0,1071,0,9637
2321126,1,1,10,0.77,26.03059959,119.19304657,47.6,26.03057861,119.19309998,44.04,11.089,-2.378,12.344,-0.0,0.0,-0.0,1.2,-2.18,-75.44,5.523,0.5,0.5,81.0,1071,0,9639
2321331,1,1,10,0.77,26.03059959,119.19304657,47.6,26.03057861,119.19309998,44.04,11.09,-2.379,12.344,-0.0,0.0,-0.0,1.19,-2.16,-75.41,5.523,0.5,0.5,83.0,1071,0,9639
2321540,1,1,10,0.77,26.03059578,119.19304657,47.6,26.03057861,119.19309998,44.04,11.09,-2.379,12.344,0.0,-0.0,-0.0,1.19,-2.16,-75.41,5.523,0.5,0.5,83.0,1071,0,9640
2321749,1,1,10,0.77,26.03059578,119.19304657,47.6,26.03057861,119.19309998,44.04,11.085,-2.377,12.345,-0.0,0.0,0.001,1.17,-2.15,-75.41,5.354,0.5,0.5,83.0,1072,0,9643
2321967,1,1,10,0.77,26.03059578,119.19304657,47.6,26.03057861,119.19309998,44.04,11.088,-2.378,12.344,-0.0,-0.0,0.0,1.18,-2.17,-75.4,5.354,0.5,0.5,83.0,1072,0,9647
2322173,1,1,10,0.77,26.03059578,119.19304657,47.6,26.03057861,119.19309998,44.04,11.089,-2.379,12.344,0.0,0.0,0.0,1.19,-2.18,-75.39,5.354,0.5,0.5,83.0,1072,0,9648
2322376,1,1,10,0.77,26.03059578,119.19304657,47.6,26.03057861,119.19309998,44.04,11.09,-2.379,12.344,-0.0,-0.0,-0.0,1.2,-2.19,-75.4,5.354,0.5,0.5,85.57,1072,0,9648
2322579,1,1,10,0.77,26.03059578,119.19304657,47.6,26.03057861,119.19309998,44.04,11.09,-2.379,12.344,0.0,-0.0,0.0,1.2,-2.19,-75.39,5.354,0.5,0.5,85.57,1072,0,9650
2322779,1,1,11,0.77,26.03059578,119.19304657,47.5,26.03057861,119.19309998,44.04,11.087,-2.378,12.344,-0.0,0.0,0.0,1.19,-2.19,-75.39,5.354,0.5,0.5,85.57,1073,0,9653
2322984,1,1,11,0.77,26.03059578,119.19304657,47.5,26.03057861,119.19309998,44.04,11.089,-2.378,12.344,-0.0,0.0,0.0,1.2,-2.19,-75.36,5.354,0.5,0.5,85.57,1073,0,9656
2323189,1,1,11,0.77,26.03059578,119.19304657,47.5,26.03057861,119.19309998,44.04,11.089,-2.379,12.344,-0.0,-0.0,-0.0,1.19,-2.19,-75.36,5.354,0.5,0.5,85.57,1073,0,9657
2323391,1,1,11,0.77,26.03059578,119.19304657,47.5,26.03057861,119.19309998,44.04,11.09,-2.379,12.344,0.0,-0.0,0.0,1.2,-2.2,-75.37,5.354,0.5,0.5,80.68,1073,0,9657
2323601,1,1,11,0.77,26.03059578,119.19301605,47.5,26.03057861,119.19309998,44.04,11.09,-2.379,12.344,-0.0,-0.0,-0.0,1.19,-2.21,-75.36,5.354,0.5,0.5,80.68,1073,0,9659
2323811,1,1,11,0.77,26.03059578,119.19301605,47.4,26.03057861,119.19309998,44.04,11.085,-2.378,12.344,0.0,0.0,-0.0,1.21,-2.21,-75.37,8.271,0.5,0.5,80.68,1074,0,9662
2324020,1,1,11,0.77,26.03059578,119.19301605,47.4,26.03057861,119.19309998,44.04,11.088,-2.378,12.344,-0.0,-0.0,-0.0,1.2,-2.19,-75.37,8.271,0.5,0.5,80.68,1074,0,9665
2324225,1,1,11,0.77,26.03059578,119.19301605,47.4,26.03057861,119.19309998,44.04,11.089,-2.379,12.344,-0.0,0.0,0.0,1.19,-2.17,-75.42,8.271,0.5,0.5,80.68,1074,0,9666
2324425,1,1,11,0.77,26.03059578,119.19301605,47.4,26.03057861,119.19309998,44.04,11.09,-2.379,12.344,0.0,0.0,-0.0,1.19,-2.18,-75.43,8.271,0.5,0.5,79.92,1074,0,9666
2324642,1,1,11,0.84,26.03059006,119.19301605,47.2,26.03057861,119.19309998,44.04,11.077,-2.377,12.345,-0.0,-0.0,-0.0,1.18,-2.18,-75.41,8.144,0.5,0.5,79.92,1075,0,9669
2324852,1,1,11,0.84,26.03059006,119.19301605,47.2,26.03057861,119.19309998,44.04,11.085,-2.378,12.344,0.0,0.0,-0.0,1.2,-2.19,-75.42,8.144,0.5,0.5,79.92,1075,0,9672
2325070,1,1,11,0.84,26.03059006,119.19301605,47.2,26.03057861,119.19309998,44.04,11.088,-2.379,12.344,0.0,0.0,-0.0,1.21,-2.17,-75.41,8.144,0.5,0.5,79.92,1075,0,9675
2325271,1,1,11,0.84,26.03059006,119.19301605,47.2,26.03057861,119.19309998,44.04,11.089,-2.379,12.344,-0.0,-0.0,-0.0,1.2,-2.18,-75.39,8.144,0.5,0.5,79.92,1075,0,9675
2325476,1,1,11,0.84,26.03059006,119.19301605,47.2,26.03057861,119.19309998,44.04,11.09,-2.379,12.344,-0.0,0.0,-0.0,1.19,-2.18,-75.4,8.144,0.5,0.5,83.74,1075,0,9675
2325707,1,1,10,0.84,26.03058624,119.19301605,47.1,26.03057861,119.19309998,44.04,11.082,-2.378,12.344,-0.0,0.0,-0.0,1.19,-2.17,-75.39,8.086,0.5,0.5,83.74,1076,0,9679
2325915,1,1,10,0.84,26.03058624,119.19301605,47.1,26.03057861,119.19309998,44.04,11.087,-2.379,12.344,-0.0,-0.0,-0.0,1.19,-2.17,-75.38,8.086,0.5,0.5,83.74,1076,0,9682
2326117,1,1,10,0.84,26.03058624,119.19301605,47.1,26.03057861,119.19309998,44.04,11.089,-2.379,12.344,-0.0,-0.0,-0.0,1.17,-2.19,-75.38,8.086,0.5,0.5,83.74,1076,0,9684
2326321,1,1,10,0.84,26.03058624,119.19301605,47.1,26.03057861,119.19309998,44.04,11.089,-2.379,12.344,0.0,0.0,0.0,1.18,-2.19,-75.38,8.086,0.5,0.5,83.74,1076,0,9684
2326528,1,1,10,0.84,26.03058624,119.19301605,47.1,26.03057861,119.19309998,44.04,11.09,-2.379,12.344,-0.0,0.0,-0.0,1.18,-2.19,-75.4,8.086,0.5,0.5,87.13,1076,0,9685
2326746,1,1,10,0.84,26.03058624,119.19301605,47.0,26.03057861,119.19309998,44.04,11.082,-2.378,12.344,0.0,0.0,-0.0,1.19,-2.18,-75.4,8.087,0.5,0.5,87.13,1077,0,9688
2326957,1,1,10,0.84,26.03058624,119.19301605,47.0,26.03057861,119.19309998,44.04,11.087,-2.379,12.344,0.0,0.0,-0.001,1.21,-2.18,-75.4,8.087,0.5,0.5,87.13,1077,0,9691
2327160,1,1,10,0.84,26.03058624,119.19301605,47.0,26.03057861,119.19309998,44.04,11.089,-2.379,12.344,0.0,-0.0,-0.0,1.21,-2.18,-75.41,8.087,0.5,0.5,87.13,1077,0,9693
2327361,1,1,10,0.84,26.03058624,119.19301605,47.0,26.03057861,119.19309998,44.04,11.089,-2.379,12.344,-0.0,-0.0,-0.0,1.21,-2.17,-75.41,8.087,0.5,0.5,87.13,1077,0,9693
2327573,1,1,10,0.84,26.03058624,119.19301605,47.0,26.03057861,119.19309998,44.04,11.09,-2.379,12.344,-0.0,-0.0,0.0,1.21,-2.17,-75.43,8.087,0.5,0.5,81.92,1077,0,9695
2327775,1,1,10,0.82,26.03058624,119.19301605,46.8,26.03057861,119.19309998,44.04,11.085,-2.378,12.344,-0.0,0.0,-0.0,1.21,-2.17,-75.42,8.087,0.5,0.5,81.92,1078,0,9698
2327985,1,1,10,0.82,26.03058624,119.19301605,46.8,26.03057861,119.19309998,44.04,11.088,-2.379,12.344,-0.0,0.0,0.0,1.2,-2.18,-75.4,8.087,0.5,0.5,81.92,1078,0,9701
2328190,1,1,10,0.82,26.03058624,119.19301605,46.8,26.03057861,119.19309998,44.04,11.089,-2.379,12.344,-0.0,-0.0,0.0,1.2,-2.19,-75.42,8.087,0.5,0.5,81.92,1078,0,9702
2328396,1,1,10,0.82,26.03058624,119.19301605,46.8,26.03057861,119.19309998,44.04,11.09,-2.379,12.344,-0.0,-0.0,0.0,1.2,-2.2,-75.38,8.087,0.5,0.5,83.58,1078,0,9702
2328612,1,1,10,0.82,26.03058243,119.19301605,46.8,26.03057861,119.19309998,44.04,11.09,-2.379,12.344,-0.0,0.0,0.0,1.21,-2.21,-75.36,8.087,0.5,0.5,83.58,1078,0,9704
2328822,1,1,10,0.82,26.03058243,119.19301605,46.7,26.03057861,119.19309998,44.04,11.085,-2.379,12.344,0.0,0.0,0.0,1.18,-2.22,-75.37,8.051,0.5,0.5,83.58,1079,0,9707
2329030,1,1,10,0.82,26.03058243,119.19301605,46.7,26.03057861,119.19309998,44.04,11.088,-2.379,12.344,-0.0,-0.0,0.0,1.2,-2.21,-75.39,8.051,0.5,0.5,83.58,1079,0,9711
2329230,1,1,10,0.82,26.03058243,119.19301605,46.7,26.03057861,119.19309998,44.04,11.089,-2.379,12.344,-0.0,-0.0,0.0,1.18,-2.22,-75.39,8.051,0.5,0.5,83.58,1079,0,9711
2329437,1,1,10,0.82,26.03058243,119.19301605,46.7,26.03057861,119.19309998,44.04,11.09,-2.379,12.344,-0.0,0.0,0.0,1.18,-2.21,-75.37,8.051,0.5,0.5,85.0,1079,0,9711
2329646,1,1,10,0.82,26.03058243,119.19301605,46.4,26.03057861,119.19309998,44.04,11.077,-2.378,12.345,-0.0,-0.0,0.0,1.19,-2.22,-75.36,8.051,0.5,0.5,85.0,1080,0,9714
2329855,1,1,10,0.82,26.03058243,119.19301605,46.4,26.03057861,119.19309998,44.04,11.085,-2.379,12.344,-0.0,-0.0,0.0,1.18,-2.21,-75.39,8.051,0.5,0.5,85.0,1080,0,9717
2330067,1,1,10,0.82,26.03058243,119.19301605,46.4,26.03057861,119.19309998,44.04,11.088,-2.379,12.344,-0.0,0.0,0.0,1.18,-2.21,-75.38,8.051,0.5,0.5,85.0,1080,0,9720
2330275,1,1,10,0.82,26.03058243,119.19301605,46.4,26.03057861,119.19309998,44.04,11.089,-2.379,12.344,-0.0,0.0,-0.0,1.17,-2.21,-75.4,8.051,0.5,0.5,85.0,1080,0,9720
2330475,1,1,10,0.82,26.03058243,119.19301605,46.4,26.03057861,119.19309998,44.04,11.09,-2.379,12.344,0.0,-0.0,-0.0,1.18,-2.21,-75.41,8.051,0.5,0.5,78.0,1080,0,9720
2330703,1,1,10,0.82,26.03057861,119.19303131,46.2,26.03057861,119.19309998,44.04,11.083,-2.379,12.344,-0.0,-0.0,0.0,1.18,-2.22,-75.42,6.511,0.5,0.5,78.0,1081,0,9724
2330905,1,1,10,0.82,26.03057861,119.19303131,46.2,26.03057861,119.19309998,44.04,11.087,-2.379,12.344,-0.0,-0.0,0.0,1.19,-2.22,-75.44,6.511,0.5,0.5,78.0,1081,0,9727
2331117,1,1,10,0.82,26.03057861,119.19303131,46.2,26.03057861,119.19309998,44.04,11.089,-2.379,12.344,0.0,0.0,0.0,1.19,-2.2,-75.44,6.511,0.5,0.5,78.0,1081,0,9729
2331321,1,1,10,0.82,26.03057861,119.19303131,46.2,26.03057861,119.19309998,44.04,11.089,-2.379,12.344,-0.0,0.0,-0.0,1.19,-2.2,-75.44,6.511,0.5,0.5,78.0,1081,0,9729
2331528,1,1,10,0.82,26.03057861,119.19301605,46.2,26.03057861,119.19309998,44.04,11.09,-2.379,12.344,-0.0,0.0,-0.0,1.18,-2.17,-75.42,6.511,0.5,0.5,83.09,1081,0,9730
2331746,1,1,10,0.82,26.03057861,119.19301605,46.1,26.03057861,119.19309998,44.04,11.082,-2.379,12.344,-0.0,0.0,0.0,1.17,-2.17,-75.4,8.037,0.5,0.5,83.09,1082,0,9733
2331956,1,1,10,0.82,26.03057861,119.19301605,46.1,26.03057861,119.19309998,44.04,11.087,-2.379,12.344,0.0,-0.0,0.0,1.18,-2.19,-75.41,8.037,0.5,0.5,83.09,1082,0,9736
2332159,1,1,10,0.82,26.03057861,119.19301605,46.1,26.03057861,119.19309998,44.04,11.089,-2.379,12.344,0.0,0.0,0.0,1.18,-2.18,-75.38,8.037,0.5,0.5,83.09,1082,0,9738
2332361,1,1,10,0.82,26.03057861,119.19301605,46.1,26.03057861,119.19309998,44.04,11.089,-2.379,12.344,-0.0,-0.0,0.0,1.18,-2.2,-75.4,8.037,0.5,0.5,83.09,1082,0,9738
2332573,1,1,10,0.82,26.03057861,119.19301605,46.1,26.03057861,119.19309998,44.04,11.09,-2.379,12.344,0.0,-0.0,-0.0,1.21,-2.2,-75.4,8.037,0.5,0.5,86.57,1082,0,9740
2332782,1,1,10,0.82,26.03057861,119.19301605,46.0,26.03057861,119.19309998,44.04,11.082,-2.379,12.344,-0.0,-0.0,0.0,1.19,-2.21,-75.39,8.037,0.5,0.5,86.57,1083,0,9743
2332990,1,1,10,0.82,26.03057861,119.19301605,46.0,26.03057861,119.19309998,44.04,11.087,-2.379,12.344,0.0,0.0,-0.0,1.21,-2.22,-75.39,8.037,0.5,0.5,86.57,1083,0,9746
2333193,1,1,10,0.82,26.03057861,119.19301605,46.0,26.03057861,119.19309998,44.04,11.089,-2.379,12.344,-0.0,-0.0,-0.0,1.19,-2.23,-75.38,8.037,0.5,0.5,86.57,1083,0,9747
2333395,1,1,10,0.82,26.03057861,119.19301605,46.0,26.03057861,119.19309998,44.04,11.089,-2.379,12.344,-0.0,0.0,0.001,1.19,-2.21,-75.4,8.037,0.5,0.5,86.57,1083,0,9747
2333606,1,1,10,0.82,26.0305748,119.19301605,46.0,26.03057861,119.19309998,44.04,11.09,-2.379,12.344,-0.0,0.0,0.0,1.18,-2.17,-75.36,8.037,0.5,0.5,79.92,1083,0,9749
2333806,1,1,10,0.82,26.0305748,119.19301605,45.8,26.03057861,119.19309998,44.04,11.085,-2.379,12.344,-0.0,0.0,-0.0,1.2,-2.17,-75.36,8.046,0.5,0.5,79.92,1084,0,9752
2334008,1,1,10,0.82,26.0305748,119.19301605,45.8,26.03057861,119.19309998,44.04,11.088,-2.379,12.344,-0.0,-0.0,-0.0,1.2,-2.18,-75.37,8.046,0.5,0.5,79.92,1084,0,9755
2334209,1,1,10,0.82,26.0305748,119.19301605,45.8,26.03057861,119.19309998,44.04,11.089,-2.379,12.344,0.0,0.0,0.0,1.2,-2.18,-75.38,8.046,0.5,0.5,79.92,1084,0,9756
2334417,1,1,10,0.82,26.0305748,119.19301605,45.8,26.03057861,119.19309998,44.04,11.09,-2.379,12.344,0.0,-0.0,-0.0,1.2,-2.18,-75.4,8.046,0.5,0.5,79.92,1084,0,9756
2334630,1,1,10,0.82,26.0305748,119.19301605,45.6,26.03057861,119.19309998,44.04,11.077,-2.379,12.344,-0.0,-0.0,-0.0,1.21,-2.19,-75.39,8.046,0.5,0.5,81.35,1085,0,9759
2334841,1,1,10,0.82,26.0305748,119.19301605,45.6,26.03057861,119.19309998,44.04,11.085,-2.379,12.344,0.0,-0.0,-0.0,1.21,-2.2,-75.4,8.046,0.5,0.5,81.35,1085,0,9762
2335051,1,1,10,0.82,26.0305748,119.19301605,45.6,26.03057861,119.19309998,44.04,11.088,-2.379,12.344,-0.0,-0.0,-0.0,1.2,-2.2,-75.39,8.046,0.5,0.5,81.35,1085,0,9765
2335260,1,1,10,0.82,26.0305748,119.19301605,45.6,26.03057861,119.19309998,44.04,11.089,-2.379,12.344,-0.0,-0.0,-0.0,1.18,-2.2,-75.41,8.046,0.5,0.5,81.35,1085,0,9765
2335467,1,1,10,0.82,26.0305748,119.19301605,45.6,26.03057861,119.19309998,44.04,11.09,-2.379,12.344,-0.0,0.0,-0.001,1.19,-2.2,-75.38,8.046,0.5,0.5,84.14,1085,0,9765
2335697,1,1,9,1.03,26.03057861,119.19301605,45.8,26.03057861,119.19309998,44.04,11.084,-2.379,12.344,0.0,-0.0,0.0,1.2,-2.2,-75.36,8.037,0.5,0.5,84.14,1086,0,9769
2335898,1,1,9,1.03,26.03057861,119.19301605,45.8,26.03057861,119.19309998,44.04,11.087,-2.379,12.344,-0.0,0.0,0.0,1.2,-2.18,-75.38,8.037,0.5,0.5,84.14,1086,0,9772
2336100,1,1,9,1.03,26.03057861,119.19301605,45.8,26.03057861,119.19309998,44.04,11.089,-2.379,12.344,0.0,-0.0,-0.0,1.2,-2.17,-75.39,8.037,0.5,0.5,84.14,1086,0,9774
2336313,1,1,9,1.03,26.03057861,119.19301605,45.8,26.03057861,119.19309998,44.04,11.089,-2.379,12.344,0.0,-0.0,-0.0,1.21,-2.17,-75.4,8.037,0.5,0.5,84.14,1086,0,9774
2336514,1,1,9,1.03,26.03057861,119.19301605,45.8,26.03057861,119.19309998,44.04,11.09,-2.379,12.344,-0.0,0.0,0.0,1.19,-2.16,-75.39,8.037,0.5,0.5,85.57,1086,0,9774
2336727,1,1,11,0.82,26.0305748,119.19301605,45.6,26.03057861,119.19309998,44.04,11.082,-2.379,12.344,0.0,0.0,-0.0,1.19,-2.17,-75.38,8.046,0.5,0.5,85.57,1087,0,9778
2336934,1,1,11,0.82,26.0305748,119.19301605,45.6,26.03057861,119.19309998,44.04,11.087,-2.379,12.344,0.0,-0.0,-0.0,1.19,-2.2,-75.38,8.046,0.5,0.5,85.57,1087,0,9781
2337136,1,1,11,0.82,26.0305748,119.19301605,45.6,26.03057861,119.19309998,44.04,11.089,-2.379,12.344,-0.0,0.0,0.0,1.17,-2.2,-75.38,8.046,0.5,0.5,85.57,1087,0,9783
2337341,1,1,11,0.82,26.0305748,119.19301605,45.6,26.03057861,119.19309998,44.04,11.089,-2.379,12.344,0.0,-0.0,-0.0,1.19,-2.21,-75.4,8.046,0.5,0.5,85.57,1087,0,9783
2337551,1,1,11,0.82,26.0305748,119.19301605,45.6,26.03057861,119.19309998,44.04,11.09,-2.379,12.344,-0.0,0.0,-0.0,1.18,-2.21,-75.4,8.046,0.5,0.5,82.67,1087,0,9785
2337753,1,1,10,0.85,26.0305748,119.19301605,45.4,26.03057861,119.19309998,44.04,11.082,-2.379,12.344,0.0,0.0,-0.0,1.19,-2.2,-75.41,8.046,0.5,0.5,82.67,1088,0,9787
2337960,1,1,10,0.85,26.0305748,119.19301605,45.4,26.03057861,119.19309998,44.04,11.087,-2.379,12.344,-0.0,0.0,-0.0,1.19,-2.21,-75.42,8.046,0.5,0.5,82.67,1088,0,9790
2338163,1,1,10,0.85,26.0305748,119.19301605,45.4,26.03057861,119.19309998,44.04,11.089,-2.379,12.344,-0.0,0.0,-0.0,1.18,-2.19,-75.41,8.046,0.5,0.5,82.67,1088,0,9792
2338364,1,1,10,0.85,26.0305748,119.19301605,45.4,26.03057861,119.19309998,44.04,11.089,-2.379,12.344,0.0,-0.0,-0.0,1.18,-2.19,-75.41,8.046,0.5,0.5,82.67,1088,0,9792
2338577,1,1,10,0.85,26.0305748,119.19301605,45.4,26.03057861,119.19309998,44.04,11.09,-2.379,12.344,0.0,0.0,0.0,1.18,-2.17,-75.42,8.046,0.5,0.5,79.0,1088,0,9794
2338800,1,1,10,0.85,26.0305748,119.19301605,45.3,26.03057861,119.19309998,44.04,11.085,-2.379,12.344,-0.0,0.0,0.0,1.18,-2.17,-75.42,8.046,0.5,0.5,79.0,1089,0,9797
2339016,1,1,10,0.85,26.0305748,119.19301605,45.3,26.03057861,119.19309998,44.04,11.088,-2.379,12.344,-0.0,0.0,0.001,1.18,-2.18,-75.42,8.046,0.5,0.5,79.0,1089,0,9800
2339227,1,1,10,0.85,26.0305748,119.19301605,45.3,26.03057861,119.19309998,44.04,11.089,-2.379,12.344,-0.0,0.0,-0.0,1.18,-2.18,-75.41,8.046,0.5,0.5,79.0,1089,0,9801
2339430,1,1,10,0.85,26.0305748,119.19301605,45.3,26.03057861,119.19309998,44.04,11.09,-2.379,12.344,0.0,-0.0,0.0,1.2,-2.18,-75.4,8.046,0.5,0.5,79.0,1089,0,9801
2339635,1,1,10,0.85,26.0305748,119.19301605,45.2,26.03057861,119.19309998,44.04,11.077,-2.379,12.344,-0.0,0.0,0.0,1.19,-2.17,-75.38,8.046,0.5,0.5,86.57,1090,0,9804
2339839,1,1,10,0.85,26.0305748,119.19301605,45.2,26.03057861,119.19309998,44.04,11.085,-2.379,12.344,0.0,-0.0,0.0,1.16,-2.16,-75.36,8.046,0.5,0.5,86.57,1090,0,9807
2340041,1,1,10,0.85,26.0305748,119.19301605,45.2,26.03057861,119.19309998,44.04,11.088,-2.379,12.344,-0.0,-0.0,-0.0,1.17,-2.18,-75.33,8.046,0.5,0.5,86.57,1090,0,9810
2340250,1,1,10,0.85,26.0305748,119.19301605,45.2,26.03057861,119.19309998,44.04,11.089,-2.379,12.344,-0.0,0.0,-0.0,1.18,-2.19,-75.35,8.046,0.5,0.5,86.57,1090,0,9810
2340450,1,1,10,0.85,26.0305748,119.19301605,45.2,26.03057861,119.19309998,44.04,11.09,-2.379,12.344,-0.0,0.0,0.0,1.17,-2.18,-75.37,8.046,0.5,0.5,86.57,1090,0,9810
2340666,1,1,10,0.78,26.03058243,119.19301605,45.3,26.03057861,119.19309998,44.04,11.077,-2.378,12.344,-0.0,-0.0,-0.0,1.17,-2.17,-75.38,8.051,0.5,0.5,79.0,1091,0,9813
2340883,1,1,10,0.78,26.03058243,119.19301605,45.3,26.03057861,119.19309998,44.04,11.085,-2.379,12.344,-0.0,0.0,0.0,1.16,-2.21,-75.41,8.051,0.5,0.5,79.0,1091,0,9816
2341085,1,1,10,0.78,26.03058243,119.19301605,45.3,26.03057861,119.19309998,44.04,11.088,-2.379,12.344,0.0,-0.0,0.001,1.18,-2.23,-75.44,8.051,0.5,0.5,79.0,1091,0,9819
2341291,1,1,10,0.78,26.03058243,119.19301605,45.3,26.03057861,119.19309998,44.04,11.089,-2.379,12.344,-0.0,-0.0,-0.0,1.17,-2.22,-75.44,8.051,0.5,0.5,79.0,1091,0,9819
2341499,1,1,10,0.78,26.03058243,119.19301605,45.3,26.03057861,119.19309998,44.04,11.09,-2.379,12.344,0.0,-0.0,-0.0,1.18,-2.21,-75.44,8.051,0.5,0.5,84.48,1091,0,9819
2341713,1,1,10,0.78,26.03058243,119.19301605,45.3,26.03057861,119.19309998,44.04,11.082,-2.378,12.344,0.0,-0.0,0.0,1.19,-2.21,-75.41,8.051,0.5,0.5,84.48,1092,0,9823
2341921,1,1,10,0.78,26.03058243,119.19301605,45.3,26.03057861,119.19309998,44.04,11.087,-2.379,12.344,0.0,-0.0,0.001,1.18,-2.22,-75.43,8.051,0.5,0.5,84.48,1092,0,9826
2342125,1,1,10,0.78,26.03058243,119.19301605,45.3,26.03057861,119.19309998,44.04,11.089,-2.379,12.344,-0.0,0.0,-0.0,1.17,-2.2,-75.44,8.051,0.5,0.5,84.48,1092,0,9828
2342331,1,1,10,0.78,26.03058243,119.19301605,45.3,26.03057861,119.19309998,44.04,11.089,-2.379,12.344,0.0,-0.0,0.0,1.2,-2.2,-75.44,8.051,0.5,0.5,84.48,1092,0,9828
2342539,1,1,10,0.78,26.03058624,119.19301605,45.3,26.03057861,119.19309998,44.04,11.09,-2.379,12.344,0.0,0.0,0.0,1.2,-2.18,-75.42,8.051,0.5,0.5,84.62,1092,0,9829
2342749,1,1,9,0.84,26.03058624,119.19301605,45.1,26.03057861,119.19309998,44.04,11.082,-2.378,12.344,0.0,-0.0,0.0,1.19,-2.19,-75.41,8.087,0.5,0.5,84.62,1093,0,9832
2342963,1,1,9,0.84,26.03058624,119.19301605,45.1,26.03057861,119.19309998,44.04,11.087,-2.379,12.344,-0.0,0.0,0.0,1.19,-2.19,-75.4,8.087,0.5,0.5,84.62,1093,0,9836
2343169,1,1,9,0.84,26.03058624,119.19301605,45.1,26.03057861,119.19309998,44.04,11.089,-2.379,12.344,-0.0,0.0,0.0,1.18,-2.17,-75.4,8.087,0.5,0.5,84.62,1093,0,9837
2343371,1,1,9,0.84,26.03058624,119.19301605,45.1,26.03057861,119.19309998,44.04,11.089,-2.379,12.344,-0.0,0.0,0.0,1.17,-2.17,-75.39,8.087,0.5,0.5,84.62,1093,0,9837
2343574,1,1,9,0.84,26.03058624,119.19301605,45.1,26.03057861,119.19309998,44.04,11.09,-2.379,12.344,0.0,-0.0,0.0,1.19,-2.19,-75.39,8.087,0.5,0.5,82.13,1093,0,9839
2343801,1,1,8,0.96,26.03058624,119.19301605,45.1,26.03057861,119.19309998,44.04,11.085,-2.378,12.344,0.0,-0.0,-0.0,1.19,-2.19,-75.39,8.087,0.5,0.5,82.13,1094,0,9842
2344009,1,1,8,0.96,26.03058624,119.19301605,45.1,26.03057861,119.19309998,44.04,11.088,-2.379,12.344,-0.0,0.0,-0.0,1.19,-2.2,-75.39,8.087,0.5,0.5,82.13,1094,0,9846
2344216,1,1,8,0.96,26.03058624,119.19301605,45.1,26.03057861,119.19309998,44.04,11.089,-2.379,12.344,0.0,0.0,0.0,1.21,-2.2,-75.4,8.087,0.5,0.5,82.13,1094,0,9846
2344426,1,1,8,0.96,26.03058624,119.19301605,45.1,26.03057861,119.19309998,44.04,11.09,-2.379,12.344,0.0,0.0,-0.0,1.21,-2.2,-75.38,8.087,0.5,0.5,82.13,1094,0,9846
2344628,1,1,8,0.96,26.03058624,119.19301605,45.1,26.03057861,119.19309998,44.04,11.079,-2.378,12.344,-0.0,-0.001,-0.0,1.21,-2.21,-75.39,8.087,0.5,0.5,85.49,1095,0,9849
2344844,1,1,8,0.96,26.03058624,119.19301605,45.1,26.03057861,119.19309998,44.04,11.085,-2.378,12.344,0.0,0.0,0.0,1.22,-2.2,-75.4,8.087,0.5,0.5,85.49,1095,0,9852
2345050,1,1,8,0.96,26.03058624,119.19301605,45.1,26.03057861,119.19309998,44.04,11.088,-2.379,12.344,-0.0,0.0,0.001,1.21,-2.2,-75.41,8.087,0.5,0.5,85.49,1095,0,9855
2345256,1,1,8,0.96,26.03058624,119.19301605,45.1,26.03057861,119.19309998,44.04,11.089,-2.379,12.344,-0.0,-0.0,0.0,1.21,-2.21,-75.43,8.087,0.5,0.5,85.49,1095,0,9855
2345461,1,1,8,0.96,26.03058624,119.19301605,45.1,26.03057861,119.19309998,44.04,11.09,-2.379,12.344,0.0,0.0,0.0,1.22,-2.2,-75.42,8.087,0.5,0.5,85.49,1095,0,9855
2345696,1,1,9,0.96,26.03058624,119.19301605,45.2,26.03057861,119.19309998,44.04,11.083,-2.378,12.344,0.0,0.0,0.0,1.21,-2.19,-75.37,8.087,0.5,0.5,80.92,1096,0,9859
2345904,1,1,9,0.96,26.03058624,119.19301605,45.2,26.03057861,119.19309998,44.04,11.087,-2.379,12.344,-0.0,0.0,0.0,1.21,-2.19,-75.35,8.087,0.5,0.5,80.92,1096,0,9862
2346107,1,1,9,0.96,26.03058624,119.19301605,45.2,26.03057861,119.19309998,44.04,11.089,-2.379,12.344,-0.0,0.0,0.0,1.2,-2.19,-75.35,8.087,0.5,0.5,80.92,1096,0,9864
2346311,1,1,9,0.96,26.03058624,119.19301605,45.2,26.03057861,119.19309998,44.04,11.089,-2.379,12.344,-0.0,0.0,-0.0,1.19,-2.19,-75.36,8.087,0.5,0.5,80.92,1096,0,9864
2346516,1,1,9,0.96,26.03059006,119.19301605,45.2,26.03057861,119.19309998,44.04,11.09,-2.379,12.344,-0.0,-0.0,0.0,1.17,-2.2,-75.35,8.087,0.5,0.5,80.92,1096,0,9865
2346724,1,1,10,0.84,26.03059006,119.19301605,45.1,26.03057861,119.19309998,44.04,11.082,-2.378,12.344,-0.0,-0.0,-0.0,1.17,-2.2,-75.36,8.144,0.5,0.5,86.48,1097,0,9868
2346941,1,1,10,0.84,26.03059006,119.19301605,45.1,26.03057861,119.19309998,44.04,11.087,-2.378,12.344,-0.0,-0.0,-0.0,1.16,-2.21,-75.36,8.144,0.5,0.5,86.48,1097,0,9871
2347144,1,1,10,0.84,26.03059006,119.19301605,45.1,26.03057861,119.19309998,44.04,11.089,-2.379,12.344,-0.0,-0.0,0.0,1.15,-2.2,-75.37,8.144,0.5,0.5,86.48,1097,0,9873
2347346,1,1,10,0.84,26.03059006,119.19301605,45.1,26.03057861,119.19309998,44.04,11.089,-2.379,12.344,0.0,0.0,-0.0,1.16,-2.2,-75.38,8.144,0.5,0.5,86.48,1097,0,9873
2347562,1,1,10,0.84,26.03059578,119.19301605,45.1,26.03057861,119.19309998,44.04,11.09,-2.379,12.344,0.0,-0.0,-0.0,1.17,-2.19,-75.37,8.144,0.5,0.5,86.48,1097,0,9875
2347767,1,1,10,0.84,26.03059578,119.19301605,45.1,26.03057861,119.19309998,44.04,11.082,-2.377,12.344,-0.0,-0.0,-0.0,1.17,-2.2,-75.38,8.271,0.5,0.5,80.68,1098,0,9878
2347969,1,1,10,0.84,26.03059578,119.19301605,45.1,26.03057861,119.19309998,44.04,11.087,-2.378,12.344,-0.0,0.0,0.0,1.18,-2.17,-75.37,8.271,0.5,0.5,80.68,1098,0,9881
2348179,1,1,10,0.84,26.03059578,119.19301605,45.1,26.03057861,119.19309998,44.04,11.089,-2.379,12.344,-0.0,0.0,-0.0,1.18,-2.16,-75.36,8.271,0.5,0.5,80.68,1098,0,9882
2348392,1,1,10,0.84,26.03059578,119.19301605,45.1,26.03057861,119.19309998,44.04,11.089,-2.379,12.344,-0.0,-0.0,-0.0,1.17,-2.18,-75.38,8.271,0.5,0.5,80.68,1098,0,9882
2348600,1,1,10,0.84,26.03059578,119.19301605,45.1,26.03057861,119.19309998,44.04,11.09,-2.379,12.344,0.0,0.0,0.0,1.18,-2.17,-75.37,8.271,0.5,0.5,82.26,1098,0,9884
2348805,1,1,10,0.94,26.03059578,119.19301605,45.0,26.03057861,119.19309998,44.04,11.085,-2.378,12.344,-0.0,-0.0,-0.0,1.17,-2.18,-75.38,8.271,0.5,0.5,82.26,1099,0,9887
2349010,1,1,10,0.94,26.03059578,119.19301605,45.0,26.03057861,119.19309998,44.04,11.088,-2.378,12.344,-0.0,0.0,-0.0,1.17,-2.17,-75.38,8.271,0.5,0.5,82.26,1099,0,9890
2349215,1,1,10,0.94,26.03059578,119.19301605,45.0,26.03057861,119.19309998,44.04,11.089,-2.379,12.344,-0.0,0.0,0.0,1.16,-2.18,-75.38,8.271,0.5,0.5,82.26,1099,0,9891
2349415,1,1,10,0.94,26.03059578,119.19301605,45.0,26.03057861,119.19309998,44.04,11.09,-2.379,12.344,0.0,-0.0,-0.001,1.17,-2.18,-75.38,8.271,0.5,0.5,82.26,1099,0,9891
2349630,1,1,10,0.94,26.03059959,119.19301605,45.2,26.03057861,119.19309998,44.04,11.078,-2.375,12.344,0.0,0.0,-0.0,1.17,-2.17,-75.4,8.382,0.5,0.5,80.58,1100,0,9894
2349838,1,1,10,0.94,26.03059959,119.19301605,45.2,26.03057861,119.19309998,44.04,11.085,-2.378,12.344,-0.0,-0.0,0.0,1.17,-2.18,-75.4,8.382,0.5,0.5,80.58,1100,0,9897
2350044,1,1,10,0.94,26.03059959,119.19301605,45.2,26.03057861,119.19309998,44.04,11.088,-2.378,12.344,-0.0,-0.0,0.0,1.17,-2.18,-75.39,8.382,0.5,0.5,80.58,1100,0,9900
2350246,1,1,10,0.94,26.03059959,119.19301605,45.2,26.03057861,119.19309998,44.04,11.089,-2.379,12.344,-0.0,0.0,0.0,1.18,-2.19,-75.42,8.382,0.5,0.5,80.58,1100,0,9900
2350450,1,1,10,0.94,26.03059959,119.19301605,45.2,26.03057861,119.19309998,44.04,11.09,-2.379,12.344,0.0,0.0,-0.0,1.18,-2.19,-75.4,8.382,0.5,0.5,80.58,1100,0,9900
2350657,1,1,10,0.94,26.03059959,119.19301605,45.3,26.03057861,119.19309998,44.04,11.078,-2.375,12.344,-0.0,0.0,0.0,1.19,-2.18,-75.41,8.382,0.5,0.5,82.77,1101,0,9903
2350858,1,1,10,0.94,26.03059959,119.19301605,45.3,26.03057861,119.19309998,44.04,11.085,-2.378,12.344,0.0,-0.0,0.0,1.19,-2.18,-75.4,8.382,0.5,0.5,82.77,1101,0,9906
2351067,1,1,10,0.94,26.03059959,119.19301605,45.3,26.03057861,119.19309998,44.04,11.088,-2.378,12.344,0.0,-0.0,-0.0,1.19,-2.16,-75.43,8.382,0.5,0.5,82.77,1101,0,9909
2351271,1,1,10,0.94,26.03059959,119.19301605,45.3,26.03057861,119.19309998,44.04,11.089,-2.379,12.344,-0.0,-0.0,-0.0,1.17,-2.19,-75.43,8.382,0.5,0.5,82.77,1101,0,9909
2351477,1,1,10,0.94,26.03059959,119.19301605,45.3,26.03057861,119.19309998,44.04,11.09,-2.379,12.344,0.0,0.0,0.0,1.18,-2.19,-75.43,8.382,0.5,0.5,82.77,1101,0,9909
2351707,1,1,9,0.94,26.03060722,119.19301605,45.4,26.03057861,119.19309998,44.04,11.082,-2.376,12.344,-0.0,-0.0,0.0,1.17,-2.17,-75.43,8.661,0.5,0.5,81.43,1102,0,9913
2351915,1,1,9,0.94,26.03060722,119.19301605,45.4,26.03057861,119.19309998,44.04,11.087,-2.378,12.344,0.0,0.0,-0.0,1.17,-2.17,-75.41,8.661,0.5,0.5,81.43,1102,0,9916
2352118,1,1,9,0.94,26.03060722,119.19301605,45.4,26.03057861,119.19309998,44.04,11.089,-2.378,12.344,-0.0,0.0,-0.0,1.17,-2.16,-75.41,8.661,0.5,0.5,81.43,1102,0,9918
2352327,1,1,9,0.94,26.03060722,119.19301605,45.4,26.03057861,119.19309998,44.04,11.089,-2.379,12.344,-0.0,-0.0,0.0,1.18,-2.16,-75.44,8.661,0.5,0.5,81.43,1102,0,9918
2352527,1,1,9,0.94,26.03060722,119.19301605,45.4,26.03057861,119.19309998,44.04,11.09,-2.379,12.344,0.0,0.0,-0.0,1.2,-2.15,-75.39,8.661,0.5,0.5,81.43,1102,0,9919
2352739,1,1,8,1.08,26.03060722,119.19301605,45.5,26.03057861,119.19309998,44.04,11.084,-2.377,12.344,-0.0,-0.0,0.0,1.19,-2.17,-75.4,8.661,0.5,0.5,79.84,1103,0,9922
2352946,1,1,8,1.08,26.03060722,119.19301605,45.5,26.03057861,119.19309998,44.04,11.088,-2.378,12.344,-0.0,-0.0,-0.0,1.19,-2.17,-75.38,8.661,0.5,0.5,79.84,1103,0,9925
2353149,1,1,8,1.08,26.03060722,119.19301605,45.5,26.03057861,119.19309998,44.04,11.089,-2.379,12.344,0.0,0.0,0.0,1.19,-2.17,-75.39,8.661,0.5,0.5,79.84,1103,0,9927
2353351,1,1,8,1.08,26.03060722,119.19301605,45.5,26.03057861,119.19309998,44.04,11.09,-2.379,12.344,-0.0,-0.0,0.0,1.17,-2.19,-75.38,8.661,0.5,0.5,79.84,1103,0,9927
2353551,1,1,8,1.08,26.03061485,119.19301605,45.5,26.03057861,119.19309998,44.04,11.09,-2.379,12.344,-0.0,0.0,-0.0,1.14,-2.18,-75.38,8.661,0.5,0.5,79.84,1103,0,9929
2353756,1,1,8,1.08,26.03061485,119.19301605,45.6,26.03057861,119.19309998,44.04,11.084,-2.376,12.344,0.0,-0.0,-0.0,1.16,-2.18,-75.38,9.012,0.5,0.5,84.07,1104,0,9932
2353959,1,1,8,1.08,26.03061485,119.19301605,45.6,26.03057861,119.19309998,44.04,11.088,-2.378,12.344,-0.0,-0.0,-0.001,1.16,-2.18,-75.4,9.012,0.5,0.5,84.07,1104,0,9935
2354163,1,1,8,1.08,26.03061485,119.19301605,45.6,26.03057861,119.19309998,44.04,11.089,-2.378,12.344,-0.0,-0.0,0.0,1.15,-2.19,-75.42,9.012,0.5,0.5,84.07,1104,0,9936
2354365,1,1,8,1.08,26.03061485,119.19301605,45.6,26.03057861,119.19309998,44.04,11.09,-2.379,12.344,0.0,-0.0,-0.0,1.18,-2.19,-75.42,9.012,0.5,0.5,84.07,1104,0,9936
2354577,1,1,8,1.08,26.03061485,119.19301605,45.6,26.03057861,119.19309998,44.04,11.09,-2.379,12.344,-0.0,-0.0,-0.0,1.18,-2.18,-75.43,9.012,0.5,0.5,84.07,1104,0,9938
2354778,1,1,8,1.08,26.03061485,119.19301605,45.5,26.03057861,119.19309998,44.04,11.086,-2.377,12.344,0.0,-0.0,-0.0,1.19,-2.2,-75.41,9.012,0.5,0.5,79.29,1105,0,9941
2354984,1,1,8,1.08,26.03061485,119.19301605,45.5,26.03057861,119.19309998,44.04,11.088,-2.378,12.344,0.0,-0.0,0.0,1.19,-2.2,-75.4,9.012,0.5,0.5,79.29,1105,0,9944
2355187,1,1,8,1.08,26.03061485,119.19301605,45.5,26.03057861,119.19309998,44.04,11.089,-2.379,12.344,-0.0,0.0,-0.0,1.18,-2.18,-75.4,9.012,0.5,0.5,79.29,1105,0,9945
2355396,1,1,8,1.08,26.03061485,119.19301605,45.5,26.03057861,119.19309998,44.04,11.09,-2.379,12.344,-0.0,0.0,0.0,1.18,-2.19,-75.4,9.012,0.5,0.5,79.29,1105,0,9945
2355614,1,1,8,1.08,26.03061485,119.19301605,45.5,26.03057861,119.19309998,44.04,11.09,-2.379,12.344,0.0,-0.0,0.0,1.19,-2.19,-75.39,9.012,0.5,0.5,79.29,1105,0,9947
2355821,1,1,8,1.08,26.03061485,119.19301605,45.4,26.03057861,119.19309998,44.04,11.086,-2.377,12.344,-0.0,0.0,0.0,1.17,-2.19,-75.42,9.012,0.5,0.5,82.51,1106,0,9950
2356030,1,1,8,1.08,26.03061485,119.19301605,45.4,26.03057861,119.19309998,44.04,11.089,-2.378,12.344,0.0,-0.0,0.0,1.19,-2.2,-75.44,9.012,0.5,0.5,82.51,1106,0,9954
2356230,1,1,8,1.08,26.03061485,119.19301605,45.4,26.03057861,119.19309998,44.04,11.089,-2.379,12.344,-0.0,-0.0,0.0,1.17,-2.2,-75.43,9.012,0.5,0.5,82.51,1106,0,9954
2356436,1,1,8,1.08,26.03061485,119.19301605,45.4,26.03057861,119.19309998,44.04,11.09,-2.379,12.344,0.0,0.0,0.0,1.19,-2.18,-75.45,9.012,0.5,0.5,82.51,1106,0,9954
2356646,1,1,8,1.08,26.03061867,119.19301605,45.5,26.03057861,119.19309998,44.04,11.081,-2.374,12.344,-0.0,-0.0,-0.0,1.18,-2.19,-75.43,9.212,0.5,0.5,82.51,1107,0,9957
2356847,1,1,8,1.08,26.03061867,119.19301605,45.5,26.03057861,119.19309998,44.04,11.086,-2.377,12.344,0.0,0.0,-0.0,1.18,-2.19,-75.42,9.212,0.5,0.5,80.5,1107,0,9960
2357058,1,1,8,1.08,26.03061867,119.19301605,45.5,26.03057861,119.19309998,44.04,11.088,-2.378,12.344,-0.0,-0.0,0.0,1.18,-2.18,-75.42,9.212,0.5,0.5,80.5,1107,0,9963
2357261,1,1,8,1.08,26.03061867,119.19301605,45.5,26.03057861,119.19309998,44.04,11.089,-2.379,12.344,-0.0,-0.0,-0.0,1.17,-2.2,-75.44,9.212,0.5,0.5,80.5,1107,0,9963
2357466,1,1,8,1.08,26.03061867,119.19301605,45.5,26.03057861,119.19309998,44.04,11.09,-2.379,12.344,-0.0,-0.0,0.0,1.16,-2.21,-75.43,9.212,0.5,0.5,80.5,1107,0,9963
2357697,1,1,9,1.08,26.03061867,119.19301605,45.3,26.03057861,119.19309998,44.04,11.084,-2.376,12.344,0.0,0.0,0.0,1.17,-2.21,-75.41,9.212,0.5,0.5,80.5,1108,0,9967
2357905,1,1,9,1.08,26.03061867,119.19301605,45.3,26.03057861,119.19309998,44.04,11.088,-2.378,12.344,-0.0,-0.0,0.0,1.17,-2.22,-75.42,9.212,0.5,0.5,84.75,1108,0,9970
2358121,1,1,9,1.08,26.03061867,119.19301605,45.3,26.03057861,119.19309998,44.04,11.089,-2.378,12.344,-0.0,0.0,0.0,1.17,-2.21,-75.42,9.212,0.5,0.5,84.75,1108,0,9972
2358326,1,1,9,1.08,26.03061867,119.19301605,45.3,26.03057861,119.19309998,44.04,11.09,-2.379,12.344,0.0,-0.0,0.0,1.18,-2.2,-75.4,9.212,0.5,0.5,84.75,1108,0,9972
2358533,1,1,9,1.08,26.03061867,119.19301605,45.3,26.03057861,119.19309998,44.04,11.09,-2.379,12.344,0.0,0.0,-0.0,1.21,-2.22,-75.39,9.212,0.5,0.5,84.75,1108,0,9973
2358739,1,1,10,0.94,26.03061867,119.19301605,45.2,26.03057861,119.19309998,44.04,11.083,-2.375,12.344,0.0,-0.0,-0.0,1.2,-2.22,-75.38,9.212,0.5,0.5,84.75,1109,0,9976
2358950,1,1,10,0.94,26.03061867,119.19301605,45.2,26.03057861,119.19309998,44.04,11.087,-2.377,12.344,-0.0,-0.0,-0.0,1.21,-2.2,-75.38,9.212,0.5,0.5,79.96,1109,0,9979
2359155,1,1,10,0.94,26.03061867,119.19301605,45.2,26.03057861,119.19309998,44.04,11.089,-2.378,12.344,-0.0,-0.0,0.0,1.21,-2.21,-75.36,9.212,0.5,0.5,79.96,1109,0,9981
2359361,1,1,10,0.94,26.03061867,119.19301605,45.2,26.03057861,119.19309998,44.04,11.089,-2.379,12.344,-0.0,0.0,0.0,1.21,-2.18,-75.37,9.212,0.5,0.5,79.96,1109,0,9981
2359571,1,1,10,0.94,26.03061485,119.19301605,45.2,26.03057861,119.19309998,44.04,11.09,-2.379,12.344,0.0,0.0,-0.0,1.21,-2.17,-75.37,9.212,0.5,0.5,79.96,1109,0,9983
2359782,1,1,10,0.81,26.03061485,119.19301605,45.0,26.03057861,119.19309998,44.04,11.082,-2.375,12.344,-0.0,0.0,0.0,1.21,-2.17,-75.41,9.012,0.5,0.5,80.44,1110,0,9986
2359982,1,1,10,0.81,26.03061485,119.19301605,45.0,26.03057861,119.19309998,44.04,11.087,-2.377,12.344,0.0,0.0,0.0,1.21,-2.15,-75.39,9.012,0.5,0.5,80.44,1110,0,9989
2360182,1,1,10,0.81,26.03061485,119.19301605,45.0,26.03057861,119.19309998,44.04,11.089,-2.378,12.344,0.0,0.0,0.0,1.21,-2.14,-75.38,9.012,0.5,0.5,80.44,1110,0,9990
2360391,1,1,10,0.81,26.03061485,119.19301605,45.0,26.03057861,119.19309998,44.04,11.089,-2.379,12.344,0.0,-0.0,0.0,1.21,-2.15,-75.37,9.012,0.5,0.5,80.44,1110,0,9990
2360594,1,1,10,0.81,26.03061867,119.19301605,45.0,26.03057861,119.19309998,44.04,11.09,-2.379,12.344,0.0,0.0,-0.0,1.22,-2.14,-75.37,9.012,0.5,0.5,80.44,1110,0,9992
2360814,1,1,10,0.96,26.03061867,119.19301605,45.0,26.03057861,119.19309998,44.04,11.085,-2.376,12.344,0.0,0.0,-0.0,1.21,-2.14,-75.37,9.212,0.5,0.5,82.38,1111,0,9995
2361019,1,1,10,0.96,26.03061867,119.19301605,45.0,26.03057861,119.19309998,44.04,11.088,-2.378,12.344,-0.0,-0.0,-0.0,1.2,-2.16,-75.39,9.212,0.5,0.5,82.38,1111,0,9999
2361225,1,1,10,0.96,26.03061867,119.19301605,45.0,26.03057861,119.19309998,44.04,11.089,-2.378,12.344,0.0,-0.0,-0.0,1.2,-2.16,-75.39,9.212,0.5,0.5,82.38,1111,0,9999
2361425,1,1,10,0.96,26.03061867,119.19301605,45.0,26.03057861,119.19309998,44.04,11.09,-2.379,12.344,-0.0,0.0,-0.0,1.22,-2.15,-75.37,9.212,0.5,0.5,82.38,1111,0,9999
2361641,1,1,10,0.96,26.03061867,119.19301605,45.3,26.03057861,119.19309998,44.04,11.079,-2.373,12.344,-0.0,0.0,0.0,1.2,-2.16,-75.35,9.212,0.5,0.5,82.38,1112,0,10002
2361851,1,1,10,0.96,26.03061867,119.19301605,45.3,26.03057861,119.19309998,44.04,11.085,-2.376,12.344,0.0,0.0,0.0,1.2,-2.14,-75.36,9.212,0.5,0.5,81.0,1112,0,10005
2362070,1,1,10,0.96,26.03061867,119.19301605,45.3,26.03057861,119.19309998,44.04,11.088,-2.378,12.344,0.0,-0.0,-0.0,1.19,-2.18,-75.36,9.212,0.5,0.5,81.0,1112,0,10008
2362277,1,1,10,0.96,26.03061867,119.19301605,45.3,26.03057861,119.19309998,44.04,11.089,-2.378,12.344,-0.0,-0.0,0.0,1.18,-2.17,-75.35,9.212,0.5,0.5,81.0,1112,0,10008
2362481,1,1,10,0.96,26.03061867,119.19301605,45.3,26.03057861,119.19309998,44.04,11.09,-2.379,12.344,0.0,0.0,-0.0,1.19,-2.18,-75.37,9.212,0.5,0.5,81.0,1112,0,10008
2362710,1,1,10,0.96,26.03062248,119.19301605,45.4,26.03057861,119.19309998,44.04,11.083,-2.375,12.344,-0.0,-0.0,-0.0,1.17,-2.18,-75.37,9.427,0.5,0.5,81.0,1113,0,10012
2362921,1,1,10,0.96,26.03062248,119.19301605,45.4,26.03057861,119.19309998,44.04,11.087,-2.377,12.344,0.0,0.0,-0.0,1.18,-2.18,-75.37,9.427,0.5,0.5,84.83,1113,0,10015
2363126,1,1,10,0.96,26.03062248,119.19301605,45.4,26.03057861,119.19309998,44.04,11.089,-2.378,12.344,0.0,0.0,-0.001,1.2,-2.18,-75.35,9.427,0.5,0.5,84.83,1113,0,10017
2363331,1,1,10,0.96,26.03062248,119.19301605,45.4,26.03057861,119.19309998,44.04,11.089,-2.379,12.344,-0.0,0.0,0.0,1.19,-2.16,-75.36,9.427,0.5,0.5,84.83,1113,0,10017
2363540,1,1,10,0.96,26.03062248,119.19301605,45.4,26.03057861,119.19309998,44.04,11.09,-2.379,12.344,-0.0,0.0,-0.0,1.21,-2.15,-75.38,9.427,0.5,0.5,84.83,1113,0,10018
2363749,1,1,9,0.96,26.03062248,119.19301605,45.4,26.03057861,119.19309998,44.04,11.083,-2.375,12.344,0.0,-0.0,0.0,1.22,-2.16,-75.37,9.427,0.5,0.5,84.83,1114,0,10021
2363954,1,1,9,0.96,26.03062248,119.19301605,45.4,26.03057861,119.19309998,44.04,11.087,-2.377,12.344,0.0,-0.0,-0.001,1.21,-2.16,-75.39,9.427,0.5,0.5,82.83,1114,0,10024
2364163,1,1,9,0.96,26.03062248,119.19301605,45.4,26.03057861,119.19309998,44.04,11.089,-2.378,12.344,-0.0,-0.0,0.0,1.2,-2.15,-75.37,9.427,0.5,0.5,82.83,1114,0,10026
2364370,1,1,9,0.96,26.03062248,119.19301605,45.4,26.03057861,119.19309998,44.04,11.089,-2.379,12.344,0.0,-0.0,0.0,1.2,-2.17,-75.36,9.427,0.5,0.5,82.83,1114,0,10026
2364587,1,1,9,0.96,26.03062248,119.19301605,45.4,26.03057861,119.19309998,44.04,11.09,-2.379,12.344,-0.0,0.0,-0.0,1.19,-2.18,-75.36,9.427,0.5,0.5,82.83,1114,0,10028
2364809,1,1,9,0.96,26.03062248,119.19301605,45.5,26.03057861,119.19309998,44.04,11.085,-2.376,12.344,0.0,0.0,-0.0,1.21,-2.16,-75.36,9.427,0.5,0.5,82.83,1115,0,10031
2365009,1,1,9,0.96,26.03062248,119.19301605,45.5,26.03057861,119.19309998,44.04,11.088,-2.378,12.344,-0.0,0.0,-0.0,1.19,-2.17,-75.36,9.427,0.5,0.5,84.0,1115,0,10035
2365210,1,1,9,0.96,26.03062248,119.19301605,45.5,26.03057861,119.19309998,44.04,11.089,-2.378,12.344,-0.0,-0.0,0.0,1.18,-2.17,-75.36,9.427,0.5,0.5,84.0,1115,0,10035
2365416,1,1,9,0.96,26.03062248,119.19301605,45.5,26.03057861,119.19309998,44.04,11.09,-2.379,12.344,0.0,0.0,0.0,1.18,-2.16,-75.37,9.427,0.5,0.5,84.0,1115,0,10035
2365632,1,1,9,0.96,26.03061867,119.19301605,45.7,26.03057861,119.19309998,44.04,11.079,-2.373,12.344,-0.0,0.0,-0.0,1.2,-2.17,-75.37,9.212,0.5,0.5,84.0,1116,0,10038
2365840,1,1,9,0.96,26.03061867,119.19301605,45.7,26.03057861,119.19309998,44.04,11.085,-2.376,12.344,0.0,-0.0,-0.0,1.2,-2.17,-75.36,9.212,0.5,0.5,84.0,1116,0,10041
2366060,1,1,9,0.96,26.03061867,119.19301605,45.7,26.03057861,119.19309998,44.04,11.088,-2.378,12.344,-0.0,-0.0,-0.0,1.18,-2.18,-75.37,9.212,0.5,0.5,81.35,1116,0,10044
2366267,1,1,9,0.96,26.03061867,119.19301605,45.7,26.03057861,119.19309998,44.04,11.089,-2.378,12.344,0.0,-0.0,0.0,1.19,-2.17,-75.38,9.212,0.5,0.5,81.35,1116,0,10044
2366471,1,1,9,0.96,26.03061867,119.19301605,45.7,26.03057861,119.19309998,44.04,11.09,-2.379,12.344,0.0,0.0,0.0,1.2,-2.16,-75.39,9.212,0.5,0.5,81.35,1116,0,10044
2366699,1,1,9,0.96,26.0306282,119.19301605,45.9,26.03057861,119.19309998,44.04,11.083,-2.374,12.344,-0.0,0.0,-0.0,1.18,-2.16,-75.36,9.775,0.5,0.5,81.35,1117,0,10048
2366910,1,1,9,0.96,26.0306282,119.19301605,45.9,26.03057861,119.19309998,44.04,11.087,-2.377,12.344,-0.0,-0.0,0.0,1.17,-2.18,-75.36,9.775,0.5,0.5,83.74,1117,0,10051
2367112,1,1,9,0.96,26.0306282,119.19301605,45.9,26.03057861,119.19309998,44.04,11.089,-2.378,12.344,0.0,-0.0,-0.0,1.18,-2.19,-75.37,9.775,0.5,0.5,83.74,1117,0,10053
2367316,1,1,9,0.96,26.0306282,119.19301605,45.9,26.03057861,119.19309998,44.04,11.089,-2.379,12.344,-0.0,-0.0,-0.0,1.17,-2.21,-75.37,9.775,0.5,0.5,83.74,1117,0,10053
2367516,1,1,9,0.96,26.0306282,119.19301605,45.9,26.03057861,119.19309998,44.04,11.09,-2.379,12.344,0.0,-0.0,0.0,1.17,-2.23,-75.39,9.775,0.5,0.5,83.74,1117,0,10054
2367717,1,1,9,0.96,26.0306282,119.19301605,46.0,26.03057861,119.19309998,44.04,11.083,-2.374,12.344,-0.0,-0.0,-0.0,1.18,-2.23,-75.4,9.775,0.5,0.5,83.74,1118,0,10057
2367921,1,1,9,0.96,26.0306282,119.19301605,46.0,26.03057861,119.19309998,44.04,11.087,-2.377,12.344,-0.0,-0.0,-0.0,1.16,-2.23,-75.39,9.775,0.5,0.5,81.47,1118,0,10060
2368123,1,1,9,0.96,26.0306282,119.19301605,46.0,26.03057861,119.19309998,44.04,11.089,-2.378,12.344,-0.0,0.0,0.0,1.17,-2.23,-75.38,9.775,0.5,0.5,81.47,1118,0,10062
2368326,1,1,9,0.96,26.0306282,119.19301605,46.0,26.03057861,119.19309998,44.04,11.089,-2.379,12.344,-0.0,-0.0,-0.0,1.17,-2.22,-75.39,9.775,0.5,0.5,81.47,1118,0,10062
2368533,1,1,9,0.96,26.0306282,119.19301605,46.0,26.03057861,119.19309998,44.04,11.09,-2.379,12.344,0.0,-0.0,-0.0,1.17,-2.22,-75.38,9.775,0.5,0.5,81.47,1118,0,10063
2368740,1,1,9,0.96,26.0306282,119.19301605,46.2,26.03057861,119.19309998,44.04,11.083,-2.374,12.344,0.0,-0.0,-0.0,1.19,-2.23,-75.38,9.775,0.5,0.5,81.47,1119,0,10066
2368943,1,1,9,0.96,26.0306282,119.19301605,46.2,26.03057861,119.19309998,44.04,11.087,-2.377,12.344,-0.0,0.0,-0.0,1.18,-2.22,-75.39,9.775,0.5,0.5,80.23,1119,0,10069
2369143,1,1,9,0.96,26.0306282,119.19301605,46.2,26.03057861,119.19309998,44.04,11.089,-2.378,12.344,-0.0,0.0,0.0,1.19,-2.19,-75.39,9.775,0.5,0.5,80.23,1119,0,10071
2369346,1,1,9,0.96,26.0306282,119.19301605,46.2,26.03057861,119.19309998,44.04,11.089,-2.379,12.344,-0.0,0.0,-0.0,1.19,-2.19,-75.4,9.775,0.5,0.5,80.23,1119,0,10071
2369556,1,1,9,0.96,26.0306282,119.19301605,46.2,26.03057861,119.19309998,44.04,11.09,-2.379,12.344,0.0,-0.0,-0.0,1.19,-2.21,-75.39,9.775,0.5,0.5,80.23,1119,0,10073
2369767,1,1,9,0.96,26.0306282,119.19301605,46.4,26.03057861,119.19309998,44.04,11.083,-2.374,12.344,0.0,0.0,-0.0,1.19,-2.22,-75.39,9.775,0.5,0.5,80.23,1120,0,10076
2369968,1,1,9,0.96,26.0306282,119.19301605,46.4,26.03057861,119.19309998,44.04,11.087,-2.377,12.344,-0.0,0.0,0.001,1.2,-2.18,-75.39,9.775,0.5,0.5,81.0,1120,0,10079
2370172,1,1,9,0.96,26.0306282,119.19301605,46.4,26.03057861,119.19309998,44.04,11.089,-2.378,12.344,-0.0,0.0,0.0,1.19,-2.17,-75.43,9.775,0.5,0.5,81.0,1120,0,10080
2370375,1,1,9,0.96,26.0306282,119.19301605,46.4,26.03057861,119.19309998,44.04,11.089,-2.379,12.344,-0.0,0.0,0.0,1.2,-2.17,-75.43,9.775,0.5,0.5,81.0,1120,0,10080
2370588,1,1,9,0.96,26.03062248,119.19301605,46.4,26.03057861,119.19309998,44.04,11.09,-2.379,12.344,0.0,-0.0,0.0,1.19,-2.17,-75.43,9.775,0.5,0.5,81.0,1120,0,10082
2370797,1,1,9,0.96,26.03062248,119.19301605,46.5,26.03057861,119.19309998,44.04,11.085,-2.376,12.344,-0.0,0.0,-0.0,1.19,-2.19,-75.41,9.427,0.5,0.5,81.0,1121,0,10085
2371002,1,1,9,0.96,26.03062248,119.19301605,46.5,26.03057861,119.19309998,44.04,11.088,-2.378,12.344,0.0,0.0,-0.0,1.18,-2.18,-75.41,9.427,0.5,0.5,80.27,1121,0,10088
2371205,1,1,9,0.96,26.03062248,119.19301605,46.5,26.03057861,119.19309998,44.04,11.089,-2.378,12.344,0.0,-0.0,-0.0,1.18,-2.17,-75.39,9.427,0.5,0.5,80.27,1121,0,10089
2371405,1,1,9,0.96,26.03062248,119.19301605,46.5,26.03057861,119.19309998,44.04,11.09,-2.379,12.344,-0.0,-0.0,-0.0,1.17,-2.19,-75.36,9.427,0.5,0.5,80.27,1121,0,10089
2371613,1,1,9,0.96,26.0306282,119.19301605,46.5,26.03057861,119.19309998,44.04,11.09,-2.379,12.344,-0.0,-0.0,0.001,1.17,-2.19,-75.37,9.427,0.5,0.5,80.27,1121,0,10091
2371822,1,1,9,0.96,26.0306282,119.19301605,46.7,26.03057861,119.19309998,44.04,11.085,-2.376,12.344,0.0,-0.0,-0.0,1.18,-2.19,-75.4,9.775,0.5,0.5,80.27,1122,0,10094
2372029,1,1,9,0.96,26.0306282,119.19301605,46.7,26.03057861,119.19309998,44.04,11.088,-2.378,12.344,0.0,0.0,0.0,1.17,-2.18,-75.41,9.775,0.5,0.5,80.82,1122,0,10098
2372230,1,1,9,0.96,26.0306282,119.19301605,46.7,26.03057861,119.19309998,44.04,11.089,-2.378,12.344,0.0,-0.0,0.0,1.16,-2.16,-75.38,9.775,0.5,0.5,80.82,1122,0,10098
2372435,1,1,9,0.96,26.0306282,119.19301605,46.7,26.03057861,119.19309998,44.04,11.09,-2.379,12.344,-0.0,0.0,0.0,1.16,-2.15,-75.34,9.775,0.5,0.5,80.82,1122,0,10098
2372646,1,1,9,0.96,26.0306282,119.19301605,46.9,26.03057861,119.19309998,44.04,11.079,-2.371,12.345,-0.0,-0.0,0.0,1.16,-2.16,-75.35,9.775,0.5,0.5,80.82,1123,0,10101
2372848,1,1,9,0.96,26.0306282,119.19301605,46.9,26.03057861,119.19309998,44.04,11.085,-2.376,12.344,0.0,0.0,0.0,1.15,-2.17,-75.36,9.775,0.5,0.5,80.82,1123,0,10104
2373052,1,1,9,0.96,26.0306282,119.19301605,46.9,26.03057861,119.19309998,44.04,11.088,-2.378,12.344,-0.0,0.0,-0.001,1.12,-2.17,-75.39,9.775,0.5,0.5,81.13,1123,0,10107
2373255,1,1,9,0.96,26.0306282,119.19301605,46.9,26.03057861,119.19309998,44.04,11.089,-2.378,12.344,0.0,-0.0,0.0,1.12,-2.18,-75.37,9.775,0.5,0.5,81.13,1123,0,10107
2373462,1,1,9,0.96,26.0306282,119.19301605,46.9,26.03057861,119.19309998,44.04,11.09,-2.379,12.344,0.0,0.0,0.0,1.15,-2.18,-75.36,9.775,0.5,0.5,81.13,1123,0,10107
2373697,1,1,9,0.96,26.03063202,119.19301605,47.2,26.03057861,119.19309998,44.04,11.083,-2.374,12.344,-0.0,-0.0,-0.0,1.14,-2.19,-75.37,10.023,0.5,0.5,81.13,1124,0,10111
2373904,1,1,9,0.96,26.03063202,119.19301605,47.2,26.03057861,119.19309998,44.04,11.087,-2.377,12.344,0.0,0.0,0.0,1.15,-2.19,-75.4,10.023,0.5,0.5,81.13,1124,0,10114
2374109,1,1,9,0.96,26.03063202,119.19301605,47.2,26.03057861,119.19309998,44.04,11.089,-2.378,12.344,0.0,0.0,0.0,1.15,-2.18,-75.41,10.023,0.5,0.5,84.0,1124,0,10116
2374317,1,1,9,0.96,26.03063202,119.19301605,47.2,26.03057861,119.19309998,44.04,11.089,-2.379,12.344,0.0,0.0,-0.0,1.16,-2.18,-75.4,10.023,0.5,0.5,84.0,1124,0,10116
2374534,1,1,9,0.96,26.03063202,119.19301605,47.2,26.03057861,119.19309998,44.04,11.09,-2.379,12.344,-0.0,-0.0,-0.0,1.16,-2.18,-75.4,10.023,0.5,0.5,84.0,1124,0,10117
2374740,1,1,9,0.96,26.03063202,119.19301605,47.3,26.03057861,119.19309998,44.04,11.083,-2.374,12.344,0.0,-0.0,-0.0,1.17,-2.2,-75.42,10.023,0.5,0.5,84.0,1125,0,10120
2374940,1,1,9,0.96,26.03063202,119.19301605,47.3,26.03057861,119.19309998,44.04,11.087,-2.377,12.344,0.0,0.0,-0.0,1.19,-2.19,-75.41,10.023,0.5,0.5,84.0,1125,0,10123
2375143,1,1,9,0.96,26.03063202,119.19301605,47.3,26.03057861,119.19309998,44.04,11.089,-2.378,12.344,-0.0,0.0,0.0,1.18,-2.18,-75.39,10.023,0.5,0.5,81.0,1125,0,10125
2375352,1,1,9,0.96,26.03063202,119.19301605,47.3,26.03057861,119.19309998,44.04,11.089,-2.379,12.344,-0.0,-0.0,-0.0,1.19,-2.19,-75.39,10.023,0.5,0.5,81.0,1125,0,10125
2375561,1,1,9,0.96,26.03063202,119.19301605,47.3,26.03057861,119.19309998,44.04,11.09,-2.379,12.344,0.0,-0.0,-0.0,1.19,-2.18,-75.37,10.023,0.5,0.5,81.0,1125,0,10127
2375761,1,1,9,0.96,26.03063202,119.19301605,47.6,26.03057861,119.19309998,44.04,11.083,-2.374,12.344,-0.0,-0.0,-0.001,1.17,-2.19,-75.37,10.023,0.5,0.5,81.0,1126,0,10130
2375965,1,1,9,0.96,26.03063202,119.19301605,47.6,26.03057861,119.19309998,44.04,11.087,-2.377,12.344,0.0,0.0,0.0,1.17,-2.19,-75.39,10.023,0.5,0.5,81.0,1126,0,10133
2376170,1,1,9,0.96,26.03063202,119.19301605,47.6,26.03057861,119.19309998,44.04,11.089,-2.378,12.344,-0.0,0.0,0.0,1.19,-2.2,-75.37,10.023,0.5,0.5,80.28,1126,0,10134
2376374,1,1,9,0.96,26.03063202,119.19301605,47.6,26.03057861,119.19309998,44.04,11.089,-2.379,12.344,-0.0,0.0,0.0,1.17,-2.2,-75.38,10.023,0.5,0.5,80.28,1126,0,10134
2376580,1,1,9,0.96,26.03063202,119.19301605,47.6,26.03057861,119.19309998,44.04,11.09,-2.379,12.344,0.0,-0.0,-0.0,1.17,-2.21,-75.41,10.023,0.5,0.5,80.28,1126,0,10136
2376798,1,1,11,0.96,26.03063202,119.19301605,47.8,26.03057861,119.19309998,44.04,11.085,-2.376,12.344,-0.0,0.0,0.0,1.18,-2.19,-75.41,10.023,0.5,0.5,80.28,1127,0,10139
2376999,1,1,11,0.96,26.03063202,119.19301605,47.8,26.03057861,119.19309998,44.04,11.088,-2.378,12.344,0.0,-0.0,-0.0,1.18,-2.2,-75.38,10.023,0.5,0.5,80.28,1127,0,10142
2377200,1,1,11,0.96,26.03063202,119.19301605,47.8,26.03057861,119.19309998,44.04,11.089,-2.378,12.344,0.0,0.0,-0.0,1.19,-2.19,-75.38,10.023,0.5,0.5,82.05,1127,0,10143
2377408,1,1,11,0.96,26.03063202,119.19301605,47.8,26.03057861,119.19309998,44.04,11.09,-2.379,12.344,0.0,-0.0,-0.0,1.19,-2.2,-75.4,10.023,0.5,0.5,82.05,1127,0,10143
2377625,1,1,11,0.96,26.0306282,119.19301605,47.8,26.03057861,119.19309998,44.04,11.09,-2.379,12.344,-0.0,-0.0,-0.0,1.18,-2.21,-75.41,10.023,0.5,0.5,82.05,1127,0,10145
2377831,1,1,11,0.96,26.0306282,119.19301605,47.8,26.03057861,119.19309998,44.04,11.085,-2.376,12.344,-0.0,-0.0,-0.0,1.18,-2.19,-75.42,9.775,0.5,0.5,82.05,1128,0,10148
2378039,1,1,11,0.96,26.0306282,119.19301605,47.8,26.03057861,119.19309998,44.04,11.088,-2.378,12.344,-0.0,-0.0,0.0,1.18,-2.19,-75.4,9.775,0.5,0.5,82.05,1128,0,10152
2378246,1,1,11,0.96,26.0306282,119.19301605,47.8,26.03057861,119.19309998,44.04,11.089,-2.378,12.344,-0.0,-0.0,-0.0,1.17,-2.19,-75.38,9.775,0.5,0.5,84.92,1128,0,10152
2378452,1,1,11,0.96,26.0306282,119.19301605,47.8,26.03057861,119.19309998,44.04,11.09,-2.379,12.344,-0.0,-0.0,-0.0,1.17,-2.18,-75.39,9.775,0.5,0.5,84.92,1128,0,10152
2378659,1,1,10,0.96,26.03063202,119.19301605,48.4,26.03057861,119.19309998,44.04,11.079,-2.371,12.345,0.0,0.0,-0.0,1.19,-2.18,-75.4,10.023,0.5,0.5,84.92,1129,0,10155
2378860,1,1,10,0.96,26.03063202,119.19301605,48.4,26.03057861,119.19309998,44.04,11.085,-2.376,12.344,0.0,-0.0,0.0,1.19,-2.16,-75.41,10.023,0.5,0.5,84.92,1129,0,10158
2379069,1,1,10,0.96,26.03063202,119.19301605,48.4,26.03057861,119.19309998,44.04,11.088,-2.378,12.344,-0.0,-0.001,0.0,1.17,-2.18,-75.42,10.023,0.5,0.5,84.92,1129,0,10161
2379271,1,1,10,0.96,26.03063202,119.19301605,48.4,26.03057861,119.19309998,44.04,11.089,-2.378,12.344,-0.0,-0.0,-0.0,1.17,-2.18,-75.41,10.023,0.5,0.5,81.75,1129,0,10161
2379482,1,1,10,0.96,26.03063202,119.19301605,48.4,26.03057861,119.19309998,44.04,11.09,-2.379,12.344,-0.0,0.0,-0.0,1.17,-2.18,-75.4,10.023,0.5,0.5,81.75,1129,0,10161
2379705,1,1,10,0.81,26.03063965,119.19301605,49.2,26.03057861,119.19309998,44.04,11.082,-2.372,12.345,0.0,-0.0,0.0,1.17,-2.17,-75.41,10.552,0.5,0.5,81.75,1130,0,10165
2379914,1,1,10,0.81,26.03063965,119.19301605,49.2,26.03057861,119.19309998,44.04,11.087,-2.376,12.344,0.0,0.0,-0.0,1.16,-2.18,-75.41,10.552,0.5,0.5,81.75,1130,0,10168
2380119,1,1,10,0.81,26.03063965,119.19301605,49.2,26.03057861,119.19309998,44.04,11.089,-2.378,12.344,0.0,0.0,-0.0,1.17,-2.17,-75.4,10.552,0.5,0.5,81.53,1130,0,10170
2380332,1,1,10,0.81,26.03063965,119.19301605,49.2,26.03057861,119.19309998,44.04,11.089,-2.378,12.344,-0.0,0.0,0.0,1.16,-2.18,-75.41,10.552,0.5,0.5,81.53,1130,0,10170
2380544,1,1,10,0.81,26.03065109,119.19300079,49.2,26.03057861,119.19309998,44.04,11.09,-2.379,12.344,0.0,-0.0,0.0,1.15,-2.19,-75.4,10.552,0.5,0.5,81.53,1130,0,10171
2380754,1,1,10,0.81,26.03065109,119.19300079,49.9,26.03057861,119.19309998,44.04,11.08,-2.371,12.345,0.0,-0.0,-0.0,1.17,-2.2,-75.4,12.54,0.5,0.5,81.53,1131,0,10174
2380961,1,1,10,0.81,26.03065109,119.19300079,49.9,26.03057861,119.19309998,44.04,11.086,-2.376,12.344,0.0,-0.0,0.0,1.19,-2.2,-75.41,12.54,0.5,0.5,81.53,1131,0,10177
2381164,1,1,10,0.81,26.03065109,119.19300079,49.9,26.03057861,119.19309998,44.04,11.088,-2.378,12.344,0.0,0.0,-0.0,1.2,-2.2,-75.4,12.54,0.5,0.5,79.38,1131,0,10179
2381366,1,1,10,0.81,26.03065109,119.19300079,49.9,26.03057861,119.19309998,44.04,11.089,-2.378,12.344,0.0,0.0,0.0,1.2,-2.19,-75.39,12.54,0.5,0.5,79.38,1131,0,10179
2381573,1,1,10,0.81,26.03065109,119.19300079,49.9,26.03057861,119.19309998,44.04,11.09,-2.379,12.344,-0.0,-0.0,-0.0,1.19,-2.2,-75.39,12.54,0.5,0.5,79.38,1131,0,10181
2381777,1,1,10,0.96,26.03065109,119.19300079,50.6,26.03057861,119.19309998,44.04,11.081,-2.372,12.345,-0.0,-0.0,-0.0,1.19,-2.19,-75.37,12.54,0.5,0.5,79.38,1132,0,10184
2381978,1,1,10,0.96,26.03065109,119.19300079,50.6,26.03057861,119.19309998,44.04,11.087,-2.376,12.344,-0.0,-0.0,-0.001,1.17,-2.2,-75.36,12.54,0.5,0.5,79.38,1132,0,10187
2382179,1,1,10,0.96,26.03065109,119.19300079,50.6,26.03057861,119.19309998,44.04,11.089,-2.378,12.344,-0.0,0.0,0.0,1.18,-2.21,-75.37,12.54,0.5,0.5,80.31,1132,0,10188
2382382,1,1,10,0.96,26.03065109,119.19300079,50.6,26.03057861,119.19309998,44.04,11.089,-2.378,12.344,-0.0,0.0,-0.0,1.17,-2.2,-75.38,12.54,0.5,0.5,80.31,1132,0,10188
2382586,1,1,10,0.96,26.03066444,119.19300079,50.6,26.03057861,119.19309998,44.04,11.09,-2.379,12.344,0.0,0.0,0.0,1.18,-2.2,-75.38,12.54,0.5,0.5,80.31,1132,0,10190
2382807,1,1,11,0.74,26.03066444,119.19300079,51.5,26.03057861,119.19309998,44.04,11.084,-2.373,12.345,-0.0,0.0,0.0,1.18,-2.2,-75.4,13.549,0.5,0.5,80.31,1133,0,10193
2383014,1,1,11,0.74,26.03066444,119.19300079,51.5,26.03057861,119.19309998,44.04,11.087,-2.376,12.344,0.0,0.0,0.0,1.19,-2.19,-75.4,13.549,0.5,0.5,80.31,1133,0,10196
2383226,1,1,11,0.74,26.03066444,119.19300079,51.5,26.03057861,119.19309998,44.04,11.089,-2.378,12.344,-0.0,0.0,0.0,1.2,-2.18,-75.38,13.549,0.5,0.5,84.92,1133,0,10197
2383426,1,1,11,0.74,26.03066444,119.19300079,51.5,26.03057861,119.19309998,44.04,11.089,-2.378,12.344,-0.0,0.0,-0.001,1.2,-2.17,-75.35,13.549,0.5,0.5,84.92,1133,0,10197
2383643,1,1,9,0.96,26.03066826,119.19300079,52.0,26.03057861,119.19309998,44.05,11.077,-2.365,12.345,0.0,0.0,-0.0,1.2,-2.17,-75.36,13.853,0.5,0.5,84.92,1134,0,10200
2383845,1,1,9,0.96,26.03066826,119.19300079,52.0,26.03057861,119.19309998,44.04,11.085,-2.373,12.345,0.0,0.0,-0.0,1.21,-2.17,-75.35,13.853,0.5,0.5,84.92,1134,0,10203
2384055,1,1,9,0.96,26.03066826,119.19300079,52.0,26.03057861,119.19309998,44.04,11.088,-2.377,12.344,-0.0,0.0,0.0,1.21,-2.15,-75.36,13.853,0.5,0.5,84.92,1134,0,10206
2384255,1,1,9,0.96,26.03066826,119.19300079,52.0,26.03057861,119.19309998,44.04,11.089,-2.378,12.344,0.0,0.0,0.0,1.2,-2.15,-75.37,13.853,0.5,0.5,79.84,1134,0,10206
2384461,1,1,9,0.96,26.03066826,119.19300079,52.0,26.03057861,119.19309998,44.04,11.09,-2.379,12.344,-0.0,0.0,0.0,1.2,-2.15,-75.35,13.853,0.5,0.5,79.84,1134,0,10206
2384662,1,1,8,1.02,26.03066826,119.19300079,52.2,26.03057861,119.19309998,44.04,11.082,-2.371,12.345,-0.0,-0.0,-0.0,1.19,-2.16,-75.33,13.853,0.396,0.396,79.84,1135,0,10209
2384864,1,1,8,1.02,26.03066826,119.19300079,52.2,26.03057861,119.19309998,44.04,11.085,-2.374,12.345,-0.0,-0.0,-0.0,1.18,-2.16,-75.33,13.853,0.5,0.5,79.84,1135,0,10212
2385069,1,1,8,1.02,26.03066826,119.19300079,52.2,26.03057861,119.19309998,44.04,11.088,-2.377,12.344,0.0,-0.0,-0.0,1.18,-2.17,-75.33,13.853,0.5,0.5,79.84,1135,0,10215
2385272,1,1,8,1.02,26.03066826,119.19300079,52.2,26.03057861,119.19309998,44.04,11.089,-2.378,12.344,0.0,-0.0,-0.0,1.19,-2.2,-75.34,13.853,0.5,0.5,84.58,1135,0,10215
2385475,1,1,8,1.02,26.03066826,119.19300079,52.2,26.03057861,119.19309998,44.04,11.09,-2.379,12.344,-0.0,-0.0,0.0,1.18,-2.2,-75.33,13.853,0.5,0.5,84.58,1135,0,10215
2385681,1,1,8,1.02,26.03066826,119.19300079,52.4,26.03057861,119.19309998,44.05,11.078,-2.366,12.345,-0.0,0.0,0.0,1.17,-2.2,-75.31,13.853,0.5,0.5,84.58,1136,0,10218
2385883,1,1,8,1.02,26.03066826,119.19300079,52.4,26.03057861,119.19309998,44.04,11.085,-2.374,12.345,0.0,0.0,-0.0,1.18,-2.19,-75.32,13.853,0.5,0.5,84.58,1136,0,10221
2386084,1,1,8,1.02,26.03066826,119.19300079,52.4,26.03057861,119.19309998,44.04,11.088,-2.377,12.344,-0.0,-0.0,0.0,1.16,-2.19,-75.31,13.853,0.5,0.5,84.58,1136,0,10224
2386286,1,1,8,1.02,26.03066826,119.19300079,52.4,26.03057861,119.19309998,44.04,11.089,-2.378,12.344,-0.0,0.0,0.0,1.16,-2.17,-75.32,13.853,0.5,0.5,78.84,1136,0,10224
2386490,1,1,8,1.02,26.03066826,119.19300079,52.4,26.03057861,119.19309998,44.04,11.09,-2.379,12.344,-0.0,0.0,-0.0,1.18,-2.17,-75.34,13.853,0.5,0.5,78.84,1136,0,10224
2386698,1,1,8,1.02,26.03067589,119.19300079,52.7,26.03057861,119.19309998,44.05,11.082,-2.37,12.345,0.0,-0.0,-0.0,1.18,-2.18,-75.35,14.479,0.5,0.5,78.84,1137,0,10228
2386898,1,1,8,1.02,26.03067589,119.19300079,52.7,26.03057861,119.19309998,44.04,11.087,-2.376,12.344,-0.0,0.0,0.0,1.17,-2.18,-75.39,14.479,0.5,0.5,78.84,1137,0,10231
2387101,1,1,8,1.02,26.03067589,119.19300079,52.7,26.03057861,119.19309998,44.04,11.089,-2.378,12.344,-0.0,-0.0,-0.0,1.17,-2.21,-75.36,14.479,0.5,0.5,78.84,1137,0,10233
2387306,1,1,8,1.02,26.03067589,119.19300079,52.7,26.03057861,119.19309998,44.04,11.089,-2.378,12.344,-0.0,0.0,0.0,1.17,-2.2,-75.34,14.479,0.5,0.5,80.39,1137,0,10233
2387518,1,1,8,1.02,26.03067589,119.19300079,52.7,26.03057861,119.19309998,44.04,11.09,-2.379,12.344,-0.0,0.0,0.0,1.17,-2.19,-75.35,14.479,0.5,0.5,80.39,1137,0,10234
2387729,1,1,8,1.02,26.03067589,119.19300079,52.9,26.03057861,119.19309998,44.05,11.082,-2.37,12.345,-0.0,-0.0,0.0,1.17,-2.2,-75.37,14.479,0.5,0.5,80.39,1138,0,10237
2387944,1,1,8,1.02,26.03067589,119.19300079,52.9,26.03057861,119.19309998,44.04,11.087,-2.376,12.344,-0.0,-0.0,-0.0,1.16,-2.2,-75.37,14.479,0.5,0.5,80.39,1138,0,10240
2388144,1,1,8,1.02,26.03067589,119.19300079,52.9,26.03057861,119.19309998,44.04,11.089,-2.378,12.344,-0.0,0.0,-0.0,1.17,-2.19,-75.36,14.479,0.5,0.5,80.39,1138,0,10242
2388345,1,1,8,1.02,26.03067589,119.19300079,52.9,26.03057861,119.19309998,44.04,11.089,-2.378,12.344,-0.0,0.0,-0.0,1.15,-2.19,-75.35,14.479,0.5,0.5,85.0,1138,0,10242
2388551,1,1,8,1.02,26.03067589,119.19300079,52.9,26.03057861,119.19309998,44.04,11.09,-2.379,12.344,-0.0,-0.0,-0.0,1.16,-2.19,-75.36,14.479,0.5,0.5,85.0,1138,0,10244
2388756,1,1,9,0.96,26.03067589,119.19300079,52.9,26.03057861,119.19309998,44.05,11.081,-2.369,12.345,0.0,0.0,-0.0,1.17,-2.19,-75.35,14.479,0.5,0.5,85.0,1139,0,10246
2388973,1,1,9,0.96,26.03067589,119.19300079,52.9,26.03057861,119.19309998,44.04,11.087,-2.375,12.345,0.0,-0.0,0.0,1.17,-2.19,-75.36,14.479,0.5,0.5,85.0,1139,0,10250
2389184,1,1,9,0.96,26.03067589,119.19300079,52.9,26.03057861,119.19309998,44.04,11.089,-2.377,12.344,-0.0,0.0,0.0,1.18,-2.19,-75.38,14.479,0.5,0.5,85.0,1139,0,10251
2389385,1,1,9,0.96,26.03067589,119.19300079,52.9,26.03057861,119.19309998,44.04,11.089,-2.378,12.344,0.0,0.0,0.0,1.19,-2.18,-75.34,14.479,0.5,0.5,81.0,1139,0,10251
2389596,1,1,9,0.96,26.03067589,119.19300079,52.9,26.03057861,119.19309998,44.04,11.09,-2.379,12.344,-0.0,-0.0,-0.0,1.17,-2.21,-75.35,14.479,0.5,0.5,81.0,1139,0,10253
2389812,1,1,10,0.96,26.03067589,119.19300079,53.0,26.03057861,119.19309998,44.04,11.085,-2.373,12.345,-0.0,0.0,-0.0,1.17,-2.21,-75.36,14.479,0.5,0.5,81.0,1140,0,10256
2390014,1,1,10,0.96,26.03067589,119.19300079,53.0,26.03057861,119.19309998,44.04,11.088,-2.376,12.344,0.0,-0.0,-0.0,1.17,-2.21,-75.34,14.479,0.5,0.5,81.0,1140,0,10259
2390215,1,1,10,0.96,26.03067589,119.19300079,53.0,26.03057861,119.19309998,44.04,11.089,-2.378,12.344,-0.0,-0.0,-0.0,1.17,-2.2,-75.34,14.479,0.5,0.5,80.92,1140,0,10260
2390422,1,1,10,0.96,26.03067589,119.19300079,53.0,26.03057861,119.19309998,44.04,11.09,-2.379,12.344,-0.0,-0.0,-0.0,1.15,-2.21,-75.34,14.479,0.5,0.5,80.92,1140,0,10260
2390624,1,1,10,0.96,26.03067207,119.19300079,53.0,26.03057861,119.19309998,44.04,11.09,-2.379,12.344,0.0,0.0,0.001,1.15,-2.19,-75.31,14.479,0.5,0.5,80.92,1140,0,10262
2390825,1,1,10,0.96,26.03067207,119.19300079,52.9,26.03057861,119.19309998,44.04,11.085,-2.373,12.345,-0.0,0.0,-0.0,1.14,-2.2,-75.3,14.163,0.5,0.5,80.92,1141,0,10265
2391029,1,1,10,0.96,26.03067207,119.19300079,52.9,26.03057861,119.19309998,44.04,11.088,-2.377,12.344,-0.0,0.0,0.0,1.14,-2.19,-75.33,14.163,0.5,0.5,80.92,1141,0,10269
2391231,1,1,10,0.96,26.03067207,119.19300079,52.9,26.03057861,119.19309998,44.04,11.089,-2.378,12.344,0.0,-0.0,0.0,1.15,-2.19,-75.34,14.163,0.5,0.5,80.82,1141,0,10269
2391442,1,1,10,0.96,26.03067207,119.19300079,52.9,26.03057861,119.19309998,44.04,11.09,-2.379,12.344,-0.0,0.0,-0.0,1.15,-2.19,-75.36,14.163,0.5,0.5,80.82,1141,0,10269
2391643,1,1,10,0.96,26.03067207,119.19300079,52.7,26.03057861,119.19309998,44.05,11.077,-2.364,12.346,-0.0,-0.0,-0.0,1.15,-2.21,-75.33,14.163,0.5,0.5,80.82,1142,0,10272
2391851,1,1,10,0.96,26.03067207,119.19300079,52.7,26.03057861,119.19309998,44.04,11.085,-2.373,12.345,-0.0,0.0,-0.0,1.17,-2.2,-75.37,14.163,0.5,0.5,80.82,1142,0,10275
2392070,1,1,10,0.96,26.03067207,119.19300079,52.7,26.03057861,119.19309998,44.04,11.088,-2.377,12.344,0.0,0.0,-0.0,1.17,-2.2,-75.38,14.163,0.5,0.5,80.82,1142,0,10278
2392277,1,1,10,0.96,26.03067207,119.19300079,52.7,26.03057861,119.19309998,44.04,11.089,-2.378,12.344,0.0,-0.0,-0.0,1.18,-2.19,-75.37,14.163,0.5,0.5,84.0,1142,0,10278
2392483,1,1,10,0.96,26.03067207,119.19300079,52.7,26.03057861,119.19309998,44.04,11.09,-2.379,12.344,-0.0,0.0,0.0,1.17,-2.19,-75.38,14.163,0.5,0.5,84.0,1142,0,10278
2392703,1,1,10,0.96,26.03067207,119.19300079,52.7,26.03057861,119.19309998,44.05,11.081,-2.37,12.345,0.0,0.0,-0.0,1.16,-2.19,-75.39,14.163,0.5,0.5,84.0,1143,0,10282
2392911,1,1,10,0.96,26.03067207,119.19300079,52.7,26.03057861,119.19309998,44.04,11.087,-2.375,12.344,-0.0,-0.0,0.0,1.15,-2.21,-75.39,14.163,0.5,0.5,84.0,1143,0,10285
2393128,1,1,10,0.96,26.03067207,119.19300079,52.7,26.03057861,119.19309998,44.04,11.089,-2.377,12.344,-0.0,0.0,-0.0,1.15,-2.2,-75.39,14.163,0.5,0.5,84.0,1143,0,10287
2393332,1,1,10,0.96,26.03067207,119.19300079,52.7,26.03057861,119.19309998,44.04,11.089,-2.378,12.344,-0.0,0.0,-0.0,1.15,-2.18,-75.39,14.163,0.5,0.5,81.67,1143,0,10287
2393538,1,1,10,0.96,26.03066826,119.19300079,52.7,26.03057861,119.19309998,44.04,11.09,-2.379,12.344,-0.0,-0.0,0.0,1.14,-2.18,-75.38,14.163,0.5,0.5,81.67,1143,0,10288
2393749,1,1,10,0.96,26.03066826,119.19300079,52.7,26.03057861,119.19309998,44.04,11.081,-2.37,12.345,-0.0,0.0,0.0,1.13,-2.15,-75.39,13.853,0.5,0.5,81.67,1144,0,10291
2393954,1,1,10,0.96,26.03066826,119.19300079,52.7,26.03057861,119.19309998,44.04,11.087,-2.375,12.344,-0.0,-0.0,-0.0,1.15,-2.15,-75.4,13.853,0.5,0.5,81.67,1144,0,10294
2394158,1,1,10,0.96,26.03066826,119.19300079,52.7,26.03057861,119.19309998,44.04,11.089,-2.378,12.344,-0.0,-0.0,-0.0,1.16,-2.17,-75.41,13.853,0.5,0.5,81.67,1144,0,10296
2394367,1,1,10,0.96,26.03066826,119.19300079,52.7,26.03057861,119.19309998,44.04,11.089,-2.378,12.344,0.0,-0.0,-0.0,1.16,-2.18,-75.38,13.853,0.5,0.5,81.05,1144,0,10296
2394576,1,1,10,0.96,26.03066826,119.19300079,52.7,26.03057861,119.19309998,44.04,11.09,-2.379,12.344,-0.0,0.0,-0.0,1.17,-2.15,-75.37,13.853,0.5,0.5,81.05,1144,0,10298
2394812,1,1,9,0.87,26.03066826,119.19300079,52.4,26.03057861,119.19309998,44.04,11.084,-2.372,12.345,0.0,-0.0,-0.0,1.17,-2.15,-75.37,13.853,0.5,0.5,81.05,1145,0,10301
2395014,1,1,9,0.87,26.03066826,119.19300079,52.4,26.03057861,119.19309998,44.04,11.087,-2.376,12.344,-0.0,-0.0,-0.0,1.15,-2.15,-75.36,13.853,0.5,0.5,81.05,1145,0,10305
2395216,1,1,9,0.87,26.03066826,119.19300079,52.4,26.03057861,119.19309998,44.04,11.089,-2.378,12.344,-0.0,0.0,-0.0,1.16,-2.16,-75.36,13.853,0.5,0.5,81.05,1145,0,10305
2395427,1,1,9,0.87,26.03066826,119.19300079,52.4,26.03057861,119.19309998,44.04,11.09,-2.378,12.344,-0.0,-0.0,-0.0,1.16,-2.17,-75.37,13.853,0.5,0.5,84.75,1145,0,10305
2395641,1,1,10,0.87,26.03066444,119.19300079,52.3,26.03057861,119.19309998,44.05,11.074,-2.363,12.345,-0.0,0.0,0.0,1.16,-2.16,-75.37,13.549,0.5,0.5,84.75,1146,0,10308
2395852,1,1,10,0.87,26.03066444,119.19300079,52.3,26.03057861,119.19309998,44.04,11.084,-2.373,12.345,-0.0,-0.0,0.0,1.18,-2.16,-75.38,13.549,0.5,0.5,84.75,1146,0,10311
2396071,1,1,10,0.87,26.03066444,119.19300079,52.3,26.03057861,119.19309998,44.04,11.087,-2.376,12.344,0.0,-0.0,0.0,1.18,-2.17,-75.38,13.549,0.5,0.5,84.75,1146,0,10314
2396282,1,1,10,0.87,26.03066444,119.19300079,52.3,26.03057861,119.19309998,44.04,11.089,-2.378,12.344,0.0,-0.0,-0.001,1.18,-2.18,-75.39,13.549,0.5,0.5,81.35,1146,0,10314
2396487,1,1,10,0.87,26.03066444,119.19300079,52.3,26.03057861,119.19309998,44.04,11.09,-2.379,12.344,0.0,-0.0,0.0,1.18,-2.2,-75.38,13.549,0.5,0.5,81.35,1146,0,10314
2396698,1,1,9,1.02,26.03066444,119.19300079,52.3,26.03057861,119.19309998,44.04,11.082,-2.371,12.345,0.0,-0.0,0.0,1.18,-2.19,-75.38,13.549,0.5,0.5,81.35,1147,0,10318
2396911,1,1,9,1.02,26.03066444,119.19300079,52.3,26.03057861,119.19309998,44.04,11.087,-2.376,12.344,-0.0,-0.0,0.0,1.18,-2.17,-75.38,13.549,0.5,0.5,81.35,1147,0,10321
2397115,1,1,9,1.02,26.03066444,119.19300079,52.3,26.03057861,119.19309998,44.04,11.089,-2.378,12.344,-0.0,0.0,0.0,1.17,-2.18,-75.39,13.549,0.5,0.5,81.35,1147,0,10323
2397315,1,1,9,1.02,26.03066444,119.19300079,52.3,26.03057861,119.19309998,44.04,11.089,-2.378,12.344,-0.0,-0.0,0.0,1.17,-2.19,-75.38,13.549,0.5,0.5,85.49,1147,0,10323
2397526,1,1,9,1.02,26.03066444,119.19300079,52.3,26.03057861,119.19309998,44.04,11.09,-2.379,12.344,-0.0,0.0,0.0,1.16,-2.19,-75.36,13.549,0.5,0.5,85.49,1147,0,10324
