t_ms,initialized,gps_fix,satellites,hdop,gps_lat,gps_lon,gps_alt_m,est_lat,est_lon,est_alt_m,e_m,n_m,u_m,ve_mps,vn_mps,vu_mps,roll_deg,pitch_deg,yaw_deg,innov_xy_m,sigma_e_m,sigma_n_m,imu_hz,gps_updates,gps_rejects,nmea_count
596393,0,0,0,99.0,0.0,0.0,0.0,0.0,0.0,0.0,0.0,0.0,0.0,0.0,0.0,0.0,-0.1,-2.6,-101.35,0.0,0.0,0.0,0.0,0,0,0
596593,0,0,0,99.0,26.03057098,119.19311523,0.0,0.0,0.0,0.0,0.0,0.0,0.0,0.0,0.0,0.0,-0.12,-2.61,-101.33,0.0,0.0,0.0,0.0,0,0,2
596793,1,1,8,1.12,26.03057098,119.19311523,19.6,26.03057098,119.19311523,19.6,0.0,-0.0,-0.0,0.0,-0.0,-0.0,-0.14,-2.63,-101.31,0.0,2.677,2.677,0.0,1,0,5
596993,1,1,8,1.12,26.03057098,119.19311523,19.6,26.03057098,119.19311523,19.6,0.0,-0.0,-0.0,0.0,-0.001,-0.0,-0.15,-2.64,-101.31,0.0,2.755,2.755,0.0,1,0,8
597193,1,1,8,1.12,26.03057098,119.19311523,19.6,26.03057098,119.19311523,19.6,0.0,-0.0,-0.0,0.0,-0.001,-0.0,-0.16,-2.66,-101.31,0.0,2.888,2.888,101.0,1,0,9
597393,1,1,8,1.12,26.03057098,119.19311523,19.6,26.03057098,119.19311523,19.6,0.0,-0.001,-0.0,0.001,-0.001,-0.0,-0.17,-2.66,-101.31,0.0,3.069,3.069,101.0,1,0,9
597593,1,1,8,1.12,26.03055763,119.19311523,19.6,26.03057098,119.19311523,19.6,0.0,-0.001,-0.0,0.001,-0.001,-0.0,-0.18,-2.66,-101.3,0.0,3.291,3.291,101.0,1,0,11
597795,1,1,8,1.12,26.03055763,119.19311523,20.6,26.03056335,119.19311523,20.04,0.0,-0.837,0.443,0.001,-0.291,0.081,-0.18,-2.65,-101.29,1.485,2.437,2.437,101.0,2,0,14
598003,1,1,8,1.12,26.03055763,119.19311523,20.6,26.03056335,119.19311523,20.06,0.001,-0.898,0.459,0.002,-0.289,0.081,-0.19,-2.65,-101.27,1.485,2.669,2.669,101.0,2,0,18
598203,1,1,8,1.12,26.03055763,119.19311523,20.6,26.03056145,119.19311523,20.08,0.001,-0.956,0.476,0.002,-0.288,0.081,-0.19,-2.65,-101.29,1.485,2.923,2.923,100.0,2,0,18
598403,1,1,8,1.12,26.03055763,119.19311523,20.6,26.03056145,119.19311523,20.09,0.001,-1.013,0.492,0.002,-0.287,0.08,-0.19,-2.65,-101.29,1.485,3.201,3.201,100.0,2,0,18
598603,1,1,8,1.12,26.03055382,119.19309998,20.6,26.03056145,119.19311523,20.11,0.002,-1.07,0.507,0.003,-0.286,0.079,-0.2,-2.66,-101.27,1.485,3.498,3.498,100.0,2,0,20
598804,1,1,8,1.12,26.03055382,119.19309998,21.4,26.03055573,119.1931076,20.69,-0.918,-1.629,1.094,-0.366,-0.486,0.239,-0.2,-2.66,-101.27,1.741,2.532,2.532,100.0,3,0,23
599013,1,1,8,1.12,26.03055382,119.19309998,21.4,26.03055573,119.1931076,20.74,-0.994,-1.731,1.143,-0.364,-0.483,0.238,-0.19,-2.67,-101.26,1.741,2.771,2.771,100.0,3,0,27
599213,1,1,8,1.12,26.03055382,119.19309998,21.4,26.03055382,119.1931076,20.79,-1.067,-1.827,1.191,-0.361,-0.481,0.236,-0.19,-2.67,-101.26,1.741,3.014,3.014,100.0,3,0,27
599413,1,1,8,1.12,26.03055382,119.19309998,21.4,26.03055382,119.1931076,20.84,-1.139,-1.923,1.238,-0.359,-0.479,0.236,-0.19,-2.68,-101.25,1.741,3.269,3.269,100.0,3,0,27
599613,1,1,8,1.12,26.03055382,119.19311523,21.4,26.03055191,119.19309998,20.88,-1.21,-2.019,1.285,-0.357,-0.477,0.235,-0.2,-2.67,-101.25,1.741,3.533,3.533,100.0,3,0,29
599816,1,1,8,1.12,26.03055382,119.19311523,21.5,26.03055191,119.1931076,21.21,-0.548,-2.043,1.614,-0.096,-0.448,0.313,-0.21,-2.67,-101.25,1.226,2.517,2.517,100.0,4,0,32
600023,1,1,8,1.12,26.03055382,119.19311523,21.5,26.03055191,119.1931076,21.28,-0.568,-2.135,1.679,-0.095,-0.446,0.311,-0.22,-2.66,-101.26,1.226,2.716,2.716,100.0,4,0,36
600223,1,1,8,1.12,26.03055382,119.19311523,21.5,26.03055191,119.1931076,21.34,-0.587,-2.224,1.741,-0.094,-0.444,0.31,-0.22,-2.67,-101.26,1.226,2.917,2.917,100.0,4,0,36
600423,1,1,8,1.12,26.03055382,119.19311523,21.5,26.03055,119.1931076,21.4,-0.606,-2.313,1.803,-0.093,-0.442,0.309,-0.21,-2.66,-101.26,1.226,3.126,3.126,100.0,4,0,36
600623,1,1,8,1.12,26.03055382,119.19311523,21.5,26.03055,119.1931076,21.46,-0.625,-2.401,1.864,-0.092,-0.439,0.307,-0.22,-2.65,-101.27,1.226,3.342,3.342,100.0,4,0,38
600823,1,1,8,1.12,26.03055382,119.19311523,21.7,26.03055191,119.19311523,21.63,-0.288,-2.206,2.032,0.018,-0.351,0.333,-0.21,-2.65,-101.3,0.801,2.432,2.432,100.0,5,0,41
601023,1,1,8,1.12,26.03055382,119.19311523,21.7,26.03055,119.19311523,21.7,-0.285,-2.276,2.098,0.018,-0.349,0.331,-0.22,-2.65,-101.3,0.801,2.592,2.592,100.0,5,0,45
601223,1,1,8,1.12,26.03055382,119.19311523,21.7,26.03055,119.19311523,21.76,-0.281,-2.346,2.164,0.018,-0.347,0.33,-0.23,-2.66,-101.28,0.801,2.76,2.76,100.0,5,0,45
601423,1,1,8,1.12,26.03055382,119.19311523,21.7,26.03055,119.19311523,21.83,-0.277,-2.415,2.23,0.018,-0.346,0.328,-0.23,-2.66,-101.29,0.801,2.934,2.934,100.0,5,0,45
601623,1,1,8,1.12,26.03054619,119.19313049,21.7,26.0305481,119.19311523,21.9,-0.274,-2.484,2.295,0.019,-0.344,0.327,-0.23,-2.65,-101.3,0.801,3.114,3.114,100.0,5,0,47
601823,1,1,8,1.12,26.03054619,119.19313049,22.5,26.03054619,119.19312286,22.23,0.676,-2.694,2.626,0.281,-0.381,0.387,-0.23,-2.65,-101.29,1.82,2.336,2.336,100.0,6,0,50
602023,1,1,8,1.12,26.03054619,119.19313049,22.5,26.03054619,119.19312286,22.3,0.732,-2.77,2.703,0.28,-0.379,0.385,-0.23,-2.65,-101.28,1.82,2.475,2.475,100.0,6,0,54
602223,1,1,8,1.12,26.03054619,119.19313049,22.5,26.03054619,119.19312286,22.38,0.788,-2.846,2.78,0.279,-0.378,0.383,-0.22,-2.65,-101.29,1.82,2.622,2.622,100.0,6,0,54
602423,1,1,8,1.12,26.03054619,119.19313049,22.5,26.03054428,119.19312286,22.46,0.844,-2.921,2.857,0.278,-0.376,0.382,-0.22,-2.64,-101.29,1.82,2.774,2.774,100.0,6,0,54
602623,1,1,8,1.12,26.03054237,119.19313049,22.5,26.03054428,119.19312286,22.53,0.899,-2.996,2.933,0.277,-0.374,0.38,-0.22,-2.64,-101.27,1.82,2.932,2.932,100.0,6,0,56
602823,1,1,8,1.12,26.03054237,119.19313049,23.3,26.03054237,119.19313049,22.93,1.261,-3.16,3.328,0.356,-0.396,0.445,-0.22,-2.66,-101.27,0.647,2.257,2.257,100.0,7,0,59
603023,1,1,8,1.12,26.03054237,119.19313049,23.3,26.03054237,119.19313049,23.02,1.332,-3.239,3.416,0.355,-0.394,0.443,-0.22,-2.66,-101.26,0.647,2.385,2.385,100.0,7,0,63
603223,1,1,8,1.12,26.03054237,119.19313049,23.3,26.03054047,119.19313049,23.1,1.403,-3.318,3.505,0.353,-0.392,0.44,-0.22,-2.65,-101.28,0.647,2.519,2.519,99.9,7,0,63
603423,1,1,8,1.12,26.03054237,119.19313049,23.3,26.03054047,119.19313049,23.19,1.473,-3.396,3.593,0.352,-0.39,0.438,-0.21,-2.64,-101.28,0.647,2.659,2.659,99.9,7,0,63
603623,1,1,8,1.12,26.03054237,119.19313049,23.3,26.03054047,119.19313049,23.28,1.543,-3.474,3.68,0.351,-0.388,0.436,-0.21,-2.65,-101.27,0.647,2.806,2.806,99.9,7,0,65
603823,1,1,8,1.12,26.03054237,119.19313049,23.2,26.03054047,119.19313049,23.33,1.602,-3.412,3.732,0.347,-0.351,0.427,-0.21,-2.66,-101.26,0.297,2.2,2.2,99.9,8,0,68
604023,1,1,8,1.12,26.03054237,119.19313049,23.2,26.03054047,119.19313049,23.42,1.671,-3.482,3.817,0.345,-0.35,0.424,-0.2,-2.65,-101.26,0.297,2.322,2.322,99.9,8,0,72
604223,1,1,8,1.12,26.03054237,119.19313049,23.2,26.03053856,119.19313049,23.5,1.74,-3.552,3.902,0.344,-0.349,0.422,-0.19,-2.65,-101.27,0.297,2.45,2.45,100.0,8,0,72
604423,1,1,8,1.12,26.03054237,119.19313049,23.2,26.03053856,119.19313049,23.59,1.809,-3.622,3.986,0.343,-0.347,0.42,-0.19,-2.65,-101.29,0.297,2.585,2.585,100.0,8,0,72
604623,1,1,8,1.12,26.03054237,119.19313049,23.2,26.03053856,119.19313049,23.67,1.878,-3.691,4.07,0.342,-0.345,0.417,-0.2,-2.65,-101.27,0.297,2.726,2.726,100.0,8,0,74
604823,1,1,8,1.12,26.03054237,119.19313049,23.5,26.03053856,119.19313049,23.69,1.783,-3.527,4.087,0.3,-0.285,0.403,-0.21,-2.65,-101.26,0.626,2.164,2.164,100.0,9,0,77
605024,1,1,8,1.12,26.03054237,119.19313049,23.5,26.03053856,119.19313049,23.77,1.844,-3.584,4.167,0.299,-0.283,0.401,-0.21,-2.63,-101.25,0.626,2.284,2.284,100.0,9,0,81
605233,1,1,8,1.12,26.03054237,119.19313049,23.5,26.03053856,119.19313049,23.85,1.906,-3.643,4.251,0.298,-0.282,0.399,-0.2,-2.64,-101.26,0.626,2.416,2.416,100.1,9,0,81
605433,1,1,8,1.12,26.03054237,119.19313049,23.5,26.03053856,119.19313812,23.93,1.965,-3.7,4.33,0.297,-0.281,0.396,-0.2,-2.64,-101.27,0.626,2.548,2.548,100.1,9,0,81
605633,1,1,8,1.12,26.03054237,119.19313049,23.7,26.03053856,119.19313049,23.9,1.814,-3.514,4.304,0.24,-0.216,0.375,-0.2,-2.65,-101.28,0.758,2.041,2.041,100.1,10,0,84
605833,1,1,8,1.12,26.03054237,119.19313049,23.7,26.03053856,119.19313049,23.98,1.862,-3.557,4.379,0.239,-0.215,0.373,-0.19,-2.66,-101.29,0.758,2.152,2.152,100.1,10,0,87
606033,1,1,8,1.12,26.03054237,119.19313049,23.7,26.03053856,119.19313812,24.05,1.909,-3.6,4.453,0.238,-0.214,0.371,-0.2,-2.66,-101.31,0.758,2.271,2.271,100.1,10,0,90
606233,1,1,8,1.12,26.03054237,119.19313049,23.7,26.03053856,119.19313812,24.13,1.957,-3.643,4.527,0.237,-0.213,0.369,-0.2,-2.67,-101.3,0.758,2.397,2.397,100.0,10,0,90
606433,1,1,8,1.12,26.03054237,119.19313049,23.7,26.03053856,119.19313812,24.2,2.004,-3.685,4.601,0.236,-0.212,0.367,-0.21,-2.66,-101.28,0.758,2.529,2.529,100.0,10,0,90
606633,1,1,8,1.12,26.03053856,119.19313049,24.6,26.03053856,119.19313049,24.38,1.831,-3.678,4.781,0.177,-0.198,0.384,-0.2,-2.65,-101.28,0.538,2.032,2.032,100.0,11,0,93
606835,1,1,8,1.12,26.03053856,119.19313049,24.6,26.03053665,119.19313049,24.46,1.867,-3.718,4.858,0.177,-0.196,0.382,-0.21,-2.64,-101.32,0.538,2.145,2.145,100.0,11,0,96
607043,1,1,8,1.12,26.03053856,119.19313049,24.6,26.03053665,119.19313049,24.54,1.904,-3.759,4.937,0.176,-0.196,0.381,-0.21,-2.65,-101.31,0.538,2.269,2.269,100.0,11,0,99
607243,1,1,8,1.12,26.03053856,119.19313049,24.6,26.03053665,119.19313812,24.61,1.939,-3.798,5.013,0.176,-0.194,0.379,-0.21,-2.64,-101.31,0.538,2.395,2.395,100.0,11,0,99
607443,1,1,8,1.12,26.03053856,119.19313049,24.6,26.03053665,119.19313812,24.69,1.974,-3.836,5.089,0.175,-0.194,0.377,-0.2,-2.64,-101.33,0.538,2.528,2.528,100.0,11,0,99
607661,1,1,8,1.12,26.03052902,119.19313049,25.0,26.03053284,119.19313049,24.85,1.809,-4.215,5.247,0.122,-0.281,0.387,-0.19,-2.63,-101.3,0.932,2.043,2.043,100.0,12,0,102
607863,1,1,8,1.12,26.03052902,119.19313049,25.0,26.03053284,119.19313049,24.92,1.834,-4.272,5.324,0.121,-0.28,0.384,-0.2,-2.64,-101.29,0.932,2.158,2.158,100.0,12,0,105
608063,1,1,8,1.12,26.03052902,119.19313049,25.0,26.03053284,119.19313049,25.0,1.858,-4.328,5.401,0.121,-0.279,0.383,-0.2,-2.64,-101.3,0.932,2.278,2.278,100.0,12,0,108
608263,1,1,8,1.12,26.03052902,119.19313049,25.0,26.03053093,119.19313049,25.08,1.882,-4.383,5.478,0.121,-0.278,0.381,-0.2,-2.66,-101.3,0.932,2.405,2.405,100.0,12,0,108
608463,1,1,8,1.12,26.03052902,119.19313049,25.0,26.03053093,119.19313049,25.15,1.906,-4.439,5.554,0.12,-0.277,0.38,-0.2,-2.65,-101.31,0.932,2.539,2.539,100.0,12,0,108
608666,1,1,8,1.12,26.03052902,119.19313049,25.5,26.03052902,119.19313049,25.32,1.762,-4.573,5.718,0.075,-0.296,0.392,-0.2,-2.66,-101.3,0.441,2.045,2.045,100.0,13,0,111
608873,1,1,8,1.12,26.03052902,119.19313049,25.5,26.03052902,119.19313049,25.4,1.777,-4.634,5.799,0.076,-0.295,0.39,-0.18,-2.67,-101.29,0.441,2.163,2.163,100.0,13,0,114
609073,1,1,8,1.12,26.03052902,119.19313049,25.5,26.03052902,119.19313049,25.48,1.793,-4.693,5.876,0.076,-0.293,0.387,-0.19,-2.67,-101.29,0.441,2.284,2.284,100.0,13,0,117
609273,1,1,8,1.12,26.03052902,119.19313049,25.5,26.03052902,119.19313049,25.55,1.808,-4.751,5.954,0.076,-0.292,0.386,-0.19,-2.66,-101.29,0.441,2.412,2.412,100.0,13,0,117
609473,1,1,8,1.12,26.03052902,119.19313049,25.5,26.03052711,119.19313049,25.63,1.823,-4.81,6.03,0.076,-0.291,0.384,-0.19,-2.66,-101.29,0.441,2.546,2.546,100.0,13,0,117
609678,1,1,8,1.12,26.03052902,119.19313049,25.9,26.03052711,119.19313049,25.77,1.708,-4.791,6.172,0.041,-0.268,0.392,-0.19,-2.65,-101.31,0.36,2.052,2.052,100.0,14,0,120
609883,1,1,8,1.12,26.03052902,119.19313049,25.9,26.03052711,119.19313049,25.85,1.716,-4.846,6.252,0.041,-0.267,0.39,-0.2,-2.66,-101.3,0.36,2.169,2.169,100.0,14,0,123
610083,1,1,8,1.12,26.03052902,119.19313049,25.9,26.03052711,119.19313049,25.93,1.724,-4.899,6.33,0.041,-0.266,0.388,-0.2,-2.66,-101.31,0.36,2.291,2.291,100.0,14,0,126
610283,1,1,8,1.12,26.03052902,119.19313049,25.9,26.03052711,119.19313049,26.01,1.733,-4.952,6.407,0.041,-0.265,0.386,-0.2,-2.66,-101.29,0.36,2.419,2.419,100.0,14,0,126
610483,1,1,8,1.12,26.03052902,119.19313049,25.9,26.03052521,119.19313049,26.08,1.741,-5.005,6.485,0.041,-0.263,0.384,-0.2,-2.65,-101.3,0.36,2.554,2.554,100.0,14,0,126
610691,1,1,8,1.12,26.03052139,119.19313049,26.6,26.0305233,119.19313049,26.3,1.656,-5.262,6.701,0.017,-0.315,0.405,-0.19,-2.65,-101.28,0.525,2.06,2.06,100.0,15,0,130
610893,1,1,8,1.12,26.03052139,119.19313049,26.6,26.0305233,119.19313049,26.38,1.659,-5.325,6.783,0.018,-0.314,0.403,-0.18,-2.65,-101.31,0.525,2.176,2.176,100.0,15,0,132
611093,1,1,8,1.12,26.03052139,119.19313049,26.6,26.0305233,119.19313049,26.46,1.663,-5.388,6.864,0.018,-0.312,0.401,-0.18,-2.64,-101.3,0.525,2.297,2.297,100.0,15,0,135
611293,1,1,8,1.12,26.03052139,119.19313049,26.6,26.03052139,119.19313049,26.54,1.667,-5.45,6.944,0.018,-0.31,0.399,-0.18,-2.64,-101.3,0.525,2.426,2.426,100.0,15,0,135
611493,1,1,8,1.12,26.03052139,119.19313049,26.6,26.03052139,119.19313049,26.62,1.67,-5.512,7.023,0.018,-0.309,0.397,-0.2,-2.63,-101.31,0.525,2.561,2.561,100.0,15,0,135
611703,1,1,8,1.12,26.03052139,119.19314575,26.9,26.03052139,119.19313812,26.77,2.262,-5.562,7.172,0.173,-0.303,0.406,-0.19,-2.64,-101.33,1.38,2.067,2.067,100.0,16,0,139
611903,1,1,8,1.12,26.03052139,119.19314575,26.9,26.03052139,119.19313812,26.85,2.297,-5.623,7.253,0.173,-0.302,0.404,-0.19,-2.64,-101.33,1.38,2.182,2.182,100.0,16,0,142
612103,1,1,8,1.12,26.03052139,119.19314575,26.9,26.03051949,119.19313812,26.93,2.331,-5.683,7.334,0.172,-0.301,0.402,-0.18,-2.64,-101.33,1.38,2.304,2.304,100.0,16,0,144
612303,1,1,8,1.12,26.03052139,119.19314575,26.9,26.03051949,119.19313812,27.01,2.366,-5.743,7.414,0.172,-0.3,0.399,-0.19,-2.64,-101.3,1.38,2.433,2.433,100.0,16,0,144
612503,1,1,8,1.12,26.03052139,119.19314575,26.9,26.03051949,119.19313812,27.09,2.4,-5.803,7.493,0.171,-0.298,0.398,-0.2,-2.65,-101.3,1.38,2.568,2.568,100.0,16,0,144
612707,1,1,8,1.12,26.03051758,119.19314575,27.3,26.03051758,119.19314575,27.22,2.704,-5.908,7.62,0.241,-0.308,0.403,-0.21,-2.64,-101.29,0.639,2.069,2.069,100.0,17,0,148
612914,1,1,8,1.12,26.03051758,119.19314575,27.3,26.03051758,119.19314575,27.3,2.753,-5.971,7.703,0.24,-0.306,0.401,-0.22,-2.64,-101.29,0.639,2.189,2.189,100.0,17,0,151
613123,1,1,8,1.12,26.03051758,119.19314575,27.3,26.03051758,119.19314575,27.39,2.803,-6.035,7.787,0.239,-0.305,0.399,-0.22,-2.63,-101.29,0.639,2.317,2.317,100.0,17,0,153
613323,1,1,8,1.12,26.03051758,119.19314575,27.3,26.03051567,119.19314575,27.47,2.851,-6.096,7.866,0.239,-0.303,0.397,-0.21,-2.62,-101.3,0.639,2.446,2.446,100.0,17,0,153
613523,1,1,8,1.12,26.03051376,119.19314575,27.3,26.03051567,119.19314575,27.55,2.899,-6.156,7.945,0.238,-0.302,0.394,-0.21,-2.62,-101.3,0.639,2.583,2.583,100.0,17,0,154
613724,1,1,8,1.12,26.03051376,119.19314575,27.7,26.03051376,119.19314575,27.66,3.001,-6.294,8.057,0.251,-0.321,0.398,-0.2,-2.62,-101.32,0.221,2.079,2.079,100.0,18,0,157
613933,1,1,8,1.12,26.03051376,119.19314575,27.7,26.03051376,119.19314575,27.74,3.054,-6.361,8.14,0.25,-0.319,0.395,-0.2,-2.61,-101.32,0.221,2.2,2.2,100.0,18,0,160
614133,1,1,8,1.12,26.03051376,119.19314575,27.7,26.03051376,119.19314575,27.82,3.104,-6.425,8.219,0.249,-0.318,0.394,-0.2,-2.61,-101.31,0.221,2.323,2.323,100.0,18,0,162
614333,1,1,8,1.12,26.03051376,119.19314575,27.7,26.03051186,119.19314575,27.9,3.154,-6.488,8.298,0.249,-0.316,0.392,-0.2,-2.62,-101.31,0.221,2.453,2.453,100.0,18,0,162
614535,1,1,8,1.12,26.03051376,119.19314575,27.7,26.03051186,119.19314575,27.98,3.204,-6.552,8.377,0.248,-0.315,0.39,-0.2,-2.61,-101.3,0.221,2.591,2.591,100.0,18,0,163
614735,1,1,8,1.12,26.03051376,119.19314575,28.4,26.03051186,119.19314575,28.17,3.178,-6.523,8.568,0.227,-0.29,0.406,-0.2,-2.62,-101.31,0.276,2.085,2.085,100.0,19,0,166
614943,1,1,8,1.12,26.03051376,119.19314575,28.4,26.03051186,119.19314575,28.25,3.225,-6.583,8.652,0.226,-0.289,0.404,-0.22,-2.63,-101.32,0.276,2.206,2.206,100.0,19,0,169
615144,1,1,8,1.12,26.03051376,119.19314575,28.4,26.03051186,119.19314575,28.33,3.27,-6.641,8.734,0.225,-0.287,0.402,-0.22,-2.64,-101.31,0.276,2.33,2.33,100.0,19,0,171
615353,1,1,8,1.12,26.03051376,119.19314575,28.4,26.03050995,119.19314575,28.42,3.317,-6.701,8.817,0.225,-0.286,0.4,-0.21,-2.64,-101.3,0.276,2.467,2.467,100.0,19,0,171
615553,1,1,8,1.12,26.03050995,119.19314575,28.4,26.03050995,119.19314575,28.5,3.362,-6.758,8.897,0.224,-0.285,0.398,-0.21,-2.66,-101.3,0.276,2.604,2.604,100.0,19,0,173
615754,1,1,8,1.12,26.03050995,119.19314575,29.1,26.03050995,119.19314575,28.75,3.266,-6.821,9.146,0.187,-0.285,0.423,-0.19,-2.65,-101.3,0.328,2.096,2.096,100.0,20,0,175
615969,1,1,8,1.12,26.03050995,119.19314575,29.1,26.03050995,119.19314575,28.84,3.306,-6.882,9.237,0.186,-0.284,0.421,-0.19,-2.65,-101.31,0.328,2.222,2.222,100.0,20,0,179
616174,1,1,8,1.12,26.03050995,119.19314575,29.1,26.03050804,119.19314575,28.92,3.344,-6.941,9.323,0.186,-0.283,0.419,-0.2,-2.66,-101.32,0.328,2.35,2.35,100.0,20,0,180
616374,1,1,8,1.12,26.03050995,119.19314575,29.1,26.03050804,119.19314575,29.01,3.381,-6.997,9.406,0.185,-0.281,0.416,-0.19,-2.65,-101.32,0.328,2.481,2.481,99.8,20,0,180
616576,1,1,8,1.12,26.03051376,119.19314575,29.1,26.03050804,119.19314575,29.09,3.418,-7.054,9.49,0.185,-0.28,0.414,-0.18,-2.65,-101.32,0.328,2.621,2.621,99.8,20,0,182
616783,1,1,8,1.12,26.03051376,119.19314575,29.8,26.03050995,119.19314575,29.38,3.293,-6.807,9.78,0.142,-0.201,0.446,-0.19,-2.66,-101.33,0.795,2.113,2.113,99.8,21,0,185
616983,1,1,8,1.12,26.03051376,119.19314575,29.8,26.03050995,119.19314575,29.47,3.321,-6.847,9.869,0.141,-0.2,0.444,-0.19,-2.66,-101.3,0.795,2.231,2.231,99.8,21,0,188
617183,1,1,8,1.12,26.03051376,119.19314575,29.8,26.03050995,119.19314575,29.56,3.349,-6.887,9.957,0.141,-0.199,0.441,-0.18,-2.66,-101.31,0.795,2.356,2.356,99.8,21,0,189
617383,1,1,8,1.12,26.03051376,119.19314575,29.8,26.03050804,119.19314575,29.65,3.377,-6.926,10.045,0.141,-0.198,0.439,-0.18,-2.66,-101.32,0.795,2.488,2.488,99.6,21,0,189
617583,1,1,8,1.12,26.03051376,119.19314575,29.8,26.03050804,119.19314575,29.73,3.406,-6.966,10.133,0.141,-0.197,0.437,-0.19,-2.66,-101.33,0.795,2.626,2.626,99.6,21,0,191
617783,1,1,8,1.12,26.03051376,119.19314575,30.2,26.03050995,119.19314575,29.95,3.277,-6.742,10.353,0.1,-0.128,0.457,-0.19,-2.66,-101.32,0.704,2.114,2.114,99.6,22,0,194
617986,1,1,8,1.12,26.03051376,119.19314575,30.2,26.03050995,119.19314575,30.05,3.297,-6.768,10.446,0.1,-0.128,0.454,-0.19,-2.66,-101.31,0.704,2.234,2.234,99.6,22,0,197
618193,1,1,8,1.12,26.03051376,119.19314575,30.2,26.03050995,119.19314575,30.14,3.318,-6.794,10.539,0.1,-0.127,0.451,-0.19,-2.66,-101.32,0.704,2.364,2.364,99.6,22,0,198
618395,1,1,8,1.12,26.03051376,119.19314575,30.2,26.03050995,119.19314575,30.23,3.338,-6.82,10.63,0.1,-0.126,0.45,-0.2,-2.66,-101.33,0.704,2.498,2.498,99.6,22,0,198
618595,1,1,8,1.12,26.03051376,119.19314575,30.2,26.03050995,119.19314575,30.32,3.358,-6.845,10.72,0.1,-0.125,0.447,-0.19,-2.65,-101.32,0.704,2.636,2.636,99.6,22,0,200
618803,1,1,8,1.12,26.03051376,119.19314575,30.7,26.03051186,119.19314575,30.52,3.243,-6.661,10.921,0.065,-0.071,0.462,-0.18,-2.65,-101.3,0.571,2.125,2.125,99.6,23,0,203
619004,1,1,8,1.12,26.03051376,119.19314575,30.7,26.03051186,119.19314575,30.61,3.257,-6.675,11.014,0.065,-0.071,0.461,-0.18,-2.65,-101.3,0.571,2.245,2.245,99.6,23,0,207
619213,1,1,8,1.12,26.03051376,119.19314575,30.7,26.03050995,119.19314575,30.71,3.27,-6.69,11.11,0.065,-0.07,0.458,-0.18,-2.63,-101.3,0.571,2.377,2.377,101.0,23,0,207
619413,1,1,8,1.12,26.03051376,119.19314575,30.7,26.03050995,119.19314575,30.8,3.283,-6.704,11.201,0.065,-0.07,0.455,-0.18,-2.64,-101.32,0.571,2.51,2.51,101.0,23,0,207
619613,1,1,8,1.12,26.03051376,119.19314575,30.7,26.03050995,119.19314575,30.89,3.296,-6.718,11.292,0.065,-0.07,0.453,-0.17,-2.63,-101.32,0.571,2.649,2.649,101.0,23,0,209
619815,1,1,8,1.12,26.03051376,119.19314575,30.9,26.03051186,119.19314575,30.98,3.202,-6.578,11.383,0.038,-0.03,0.451,-0.17,-2.62,-101.34,0.427,2.132,2.132,101.0,24,0,212
620016,1,1,8,1.12,26.03051376,119.19314575,30.9,26.03051186,119.19314575,31.07,3.209,-6.584,11.473,0.038,-0.03,0.448,-0.17,-2.63,-101.35,0.427,2.252,2.252,101.0,24,0,216
620223,1,1,8,1.12,26.03051376,119.19314575,30.9,26.03051186,119.19314575,31.17,3.217,-6.591,11.566,0.038,-0.03,0.446,-0.17,-2.63,-101.34,0.427,2.383,2.383,100.0,24,0,216
620423,1,1,8,1.12,26.03051376,119.19314575,30.9,26.03051186,119.19314575,31.26,3.225,-6.597,11.655,0.038,-0.03,0.444,-0.17,-2.63,-101.35,0.427,2.516,2.516,100.0,24,0,216
620623,1,1,8,1.12,26.03052139,119.19313049,30.9,26.03051186,119.19314575,31.34,3.233,-6.603,11.744,0.038,-0.03,0.441,-0.18,-2.63,-101.34,0.427,2.656,2.656,100.0,24,0,218
620823,1,1,8,1.12,26.03052139,119.19313049,31.2,26.03051567,119.19313812,31.39,2.488,-6.132,11.786,-0.153,0.091,0.432,-0.17,-2.66,-101.32,2.022,2.134,2.134,100.0,25,0,221
621024,1,1,8,1.12,26.03052139,119.19313049,31.2,26.03051567,119.19313812,31.47,2.458,-6.114,11.873,-0.152,0.091,0.43,-0.17,-2.65,-101.32,2.022,2.254,2.254,100.0,25,0,225
621233,1,1,8,1.12,26.03052139,119.19313049,31.2,26.03051567,119.19313812,31.56,2.426,-6.095,11.962,-0.151,0.09,0.428,-0.17,-2.65,-101.34,2.022,2.387,2.387,100.0,25,0,225
621433,1,1,8,1.12,26.03052139,119.19313049,31.2,26.03051567,119.19313812,31.65,2.396,-6.077,12.048,-0.15,0.089,0.426,-0.17,-2.65,-101.36,2.022,2.52,2.52,100.0,25,0,225
621633,1,1,8,1.12,26.03052139,119.19313049,31.3,26.03051949,119.19313812,31.61,2.015,-5.834,12.007,-0.243,0.149,0.403,-0.18,-2.66,-101.34,0.998,2.028,2.028,100.0,26,0,228
621835,1,1,8,1.12,26.03052139,119.19313049,31.3,26.03051949,119.19313812,31.69,1.966,-5.804,12.088,-0.241,0.148,0.4,-0.17,-2.66,-101.33,0.998,2.142,2.142,100.0,26,0,231
622043,1,1,8,1.12,26.03052139,119.19313049,31.3,26.03051949,119.19313812,31.77,1.916,-5.773,12.171,-0.24,0.148,0.398,-0.18,-2.65,-101.33,0.998,2.267,2.267,100.0,26,0,234
622243,1,1,8,1.12,26.03052139,119.19313049,31.3,26.03051949,119.19313049,31.85,1.868,-5.743,12.251,-0.238,0.147,0.396,-0.18,-2.65,-101.32,0.998,2.395,2.395,100.0,26,0,234
622443,1,1,8,1.12,26.03052139,119.19313049,31.3,26.03051949,119.19313049,31.93,1.82,-5.714,12.33,-0.237,0.146,0.394,-0.19,-2.65,-101.31,0.998,2.528,2.528,100.0,26,0,234
622659,1,1,8,1.12,26.03052139,119.19313049,31.5,26.03052139,119.19313049,31.87,1.664,-5.613,12.268,-0.263,0.164,0.368,-0.19,-2.65,-101.32,0.299,2.043,2.043,100.0,27,0,237
622863,1,1,8,1.12,26.03052139,119.19313049,31.5,26.03052139,119.19313049,31.94,1.611,-5.579,12.342,-0.262,0.163,0.366,-0.19,-2.65,-101.33,0.299,2.16,2.16,100.0,27,0,240
623063,1,1,8,1.12,26.03052139,119.19313049,31.5,26.03052139,119.19313049,32.02,1.559,-5.547,12.415,-0.26,0.162,0.364,-0.18,-2.66,-101.31,0.299,2.281,2.281,100.0,27,0,243
623263,1,1,8,1.12,26.03052139,119.19313049,31.5,26.03052139,119.19313049,32.09,1.507,-5.514,12.488,-0.258,0.162,0.362,-0.18,-2.65,-101.32,0.299,2.409,2.409,100.0,27,0,243
623463,1,1,8,1.12,26.03052139,119.19313049,31.5,26.03052139,119.19313049,32.16,1.455,-5.482,12.56,-0.257,0.161,0.361,-0.19,-2.64,-101.33,0.299,2.544,2.544,100.0,27,0,243
623671,1,1,8,1.12,26.03052139,119.19313049,31.6,26.03052139,119.19313049,32.05,1.451,-5.476,12.454,-0.242,0.153,0.328,-0.2,-2.64,-101.32,0.132,2.051,2.051,100.0,28,0,246
623873,1,1,8,1.12,26.03052139,119.19313049,31.6,26.03052139,119.19313049,32.12,1.402,-5.446,12.52,-0.241,0.151,0.327,-0.19,-2.65,-101.31,0.132,2.166,2.166,100.0,28,0,249
624073,1,1,8,1.12,26.03052139,119.19313049,31.6,26.03052139,119.19313049,32.19,1.354,-5.415,12.585,-0.239,0.15,0.325,-0.2,-2.67,-101.31,0.132,2.288,2.288,100.0,28,0,252
624273,1,1,8,1.12,26.03052139,119.19313049,31.6,26.0305233,119.19313049,32.25,1.306,-5.385,12.65,-0.238,0.15,0.324,-0.2,-2.65,-101.33,0.132,2.416,2.416,100.0,28,0,252
624473,1,1,8,1.12,26.03052139,119.19313049,31.6,26.0305233,119.19313049,32.31,1.259,-5.356,12.715,-0.236,0.149,0.322,-0.2,-2.65,-101.32,0.132,2.552,2.552,100.0,28,0,252
624679,1,1,8,1.12,26.03052902,119.19313049,31.7,26.03052521,119.19313049,32.19,1.34,-5.045,12.586,-0.2,0.223,0.288,-0.19,-2.64,-101.33,0.728,2.056,2.056,100.0,29,0,255
624883,1,1,8,1.12,26.03052902,119.19313049,31.7,26.03052521,119.19313049,32.24,1.299,-4.999,12.644,-0.199,0.221,0.286,-0.19,-2.65,-101.32,0.728,2.173,2.173,100.0,29,0,258
625083,1,1,8,1.12,26.03052902,119.19313049,31.7,26.03052711,119.19313049,32.3,1.259,-4.955,12.702,-0.197,0.22,0.285,-0.19,-2.64,-101.34,0.728,2.295,2.295,100.0,29,0,261
625283,1,1,8,1.12,26.03052902,119.19313049,31.7,26.03052711,119.19313049,32.36,1.22,-4.911,12.758,-0.196,0.219,0.283,-0.2,-2.64,-101.33,0.728,2.424,2.424,99.9,29,0,261
625483,1,1,8,1.12,26.03052902,119.19313049,31.7,26.03052711,119.19313049,32.41,1.181,-4.867,12.815,-0.195,0.218,0.282,-0.2,-2.64,-101.34,0.728,2.559,2.559,99.9,29,0,261
625684,1,1,8,1.12,26.03052521,119.19313049,32.0,26.03052711,119.19313049,32.34,1.301,-4.935,12.738,-0.152,0.188,0.258,-0.2,-2.64,-101.34,0.457,2.059,2.059,99.9,30,0,264
625893,1,1,8,1.12,26.03052521,119.19313049,32.0,26.03052711,119.19313049,32.39,1.269,-4.895,12.792,-0.15,0.186,0.258,-0.2,-2.64,-101.34,0.457,2.179,2.179,99.9,30,0,267
626093,1,1,8,1.12,26.03052521,119.19313049,32.0,26.03052711,119.19313049,32.44,1.24,-4.858,12.843,-0.149,0.186,0.256,-0.19,-2.65,-101.34,0.457,2.301,2.301,99.9,30,0,270
626293,1,1,8,1.12,26.03052521,119.19313049,32.0,26.03052711,119.19313049,32.49,1.21,-4.821,12.894,-0.148,0.185,0.255,-0.19,-2.64,-101.35,0.457,2.431,2.431,100.1,30,0,270
626493,1,1,8,1.12,26.03052521,119.19313049,32.0,26.03052711,119.19313049,32.55,1.18,-4.784,12.945,-0.147,0.184,0.255,-0.2,-2.64,-101.34,0.457,2.567,2.567,100.1,30,0,270
626702,1,1,8,1.12,26.03052521,119.19313049,32.1,26.03052711,119.19313049,32.46,1.306,-4.89,12.857,-0.105,0.144,0.23,-0.2,-2.66,-101.36,0.498,2.069,2.069,100.1,31,0,274
626903,1,1,8,1.12,26.03052521,119.19313049,32.1,26.03052711,119.19313049,32.5,1.285,-4.861,12.903,-0.104,0.143,0.229,-0.19,-2.66,-101.36,0.498,2.185,2.185,100.1,31,0,276
627103,1,1,8,1.12,26.03052521,119.19313049,32.1,26.03052711,119.19313049,32.55,1.265,-4.832,12.949,-0.103,0.143,0.228,-0.2,-2.65,-101.35,0.498,2.308,2.308,100.1,31,0,279
627303,1,1,8,1.12,26.03052521,119.19313049,32.1,26.03052711,119.19313049,32.59,1.244,-4.804,12.994,-0.102,0.143,0.227,-0.21,-2.64,-101.34,0.498,2.438,2.438,99.9,31,0,279
627503,1,1,8,1.12,26.03052521,119.19313049,32.1,26.03052902,119.19313049,32.64,1.224,-4.775,13.04,-0.101,0.142,0.226,-0.21,-2.63,-101.35,0.498,2.574,2.574,99.9,31,0,279
627708,1,1,8,1.12,26.03052521,119.19313049,32.6,26.03052711,119.19313049,32.67,1.338,-4.891,13.066,-0.065,0.103,0.221,-0.2,-2.64,-101.37,0.463,2.073,2.073,99.9,32,0,283
627914,1,1,8,1.12,26.03052521,119.19313049,32.6,26.03052711,119.19313049,32.71,1.325,-4.87,13.111,-0.064,0.102,0.22,-0.21,-2.64,-101.36,0.463,2.192,2.192,99.9,32,0,286
628123,1,1,8,1.12,26.03052521,119.19313049,32.6,26.03052711,119.19313049,32.76,1.312,-4.849,13.157,-0.063,0.101,0.219,-0.2,-2.65,-101.35,0.463,2.321,2.321,99.9,32,0,288
628323,1,1,8,1.12,26.03052521,119.19313049,32.6,26.03052711,119.19313049,32.8,1.299,-4.829,13.201,-0.063,0.101,0.217,-0.19,-2.65,-101.33,0.463,2.451,2.451,100.1,32,0,288
628523,1,1,8,1.12,26.03052902,119.19313049,32.6,26.03052711,119.19313049,32.84,1.287,-4.809,13.244,-0.062,0.101,0.216,-0.19,-2.65,-101.33,0.463,2.588,2.588,100.1,32,0,289
628724,1,1,8,1.12,26.03052902,119.19313049,33.0,26.03052902,119.19313049,32.93,1.38,-4.734,13.326,-0.034,0.114,0.221,-0.2,-2.65,-101.33,0.277,2.082,2.082,100.1,33,0,292
628933,1,1,8,1.12,26.03052902,119.19313049,33.0,26.03052902,119.19313049,32.97,1.373,-4.71,13.372,-0.033,0.113,0.219,-0.19,-2.66,-101.33,0.277,2.204,2.204,100.1,33,0,295
629133,1,1,8,1.12,26.03052902,119.19313049,33.0,26.03052902,119.19313049,33.02,1.367,-4.688,13.416,-0.032,0.113,0.218,-0.19,-2.66,-101.34,0.277,2.328,2.328,100.1,33,0,297
629333,1,1,8,1.12,26.03052902,119.19313049,33.0,26.03052902,119.19313049,33.06,1.36,-4.665,13.46,-0.032,0.112,0.217,-0.18,-2.67,-101.34,0.277,2.459,2.459,100.0,33,0,297
629535,1,1,8,1.12,26.03052521,119.19313049,33.0,26.03052902,119.19313049,33.1,1.354,-4.643,13.503,-0.031,0.112,0.216,-0.17,-2.67,-101.34,0.277,2.597,2.597,100.0,33,0,298
629743,1,1,8,1.12,26.03052521,119.19313049,33.2,26.03052711,119.19313049,33.17,1.423,-4.82,13.571,-0.011,0.059,0.218,-0.17,-2.66,-101.35,0.496,2.093,2.093,100.0,34,0,301
629943,1,1,8,1.12,26.03052521,119.19313049,33.2,26.03052711,119.19313049,33.21,1.421,-4.808,13.614,-0.01,0.059,0.217,-0.17,-2.66,-101.34,0.496,2.21,2.21,100.0,34,0,304
630143,1,1,8,1.12,26.03052521,119.19313049,33.2,26.03052711,119.19313049,33.26,1.419,-4.796,13.657,-0.01,0.058,0.216,-0.17,-2.66,-101.33,0.496,2.334,2.334,100.0,34,0,306
630343,1,1,8,1.12,26.03052521,119.19313049,33.2,26.03052711,119.19313049,33.3,1.417,-4.785,13.7,-0.01,0.058,0.214,-0.19,-2.66,-101.33,0.496,2.466,2.466,100.0,34,0,306
630544,1,1,8,1.12,26.03052139,119.19311523,33.2,26.03052902,119.19313049,33.34,1.415,-4.773,13.743,-0.01,0.058,0.213,-0.2,-2.66,-101.36,0.496,2.604,2.604,100.0,34,0,307
630753,1,1,8,1.12,26.03052139,119.19311523,33.3,26.03052521,119.19312286,33.37,0.8,-5.087,13.769,-0.169,-0.027,0.209,-0.19,-2.66,-101.37,1.602,2.099,2.099,100.0,35,0,310
630953,1,1,8,1.12,26.03052139,119.19311523,33.3,26.03052521,119.19312286,33.41,0.767,-5.093,13.811,-0.168,-0.027,0.208,-0.21,-2.65,-101.37,1.602,2.216,2.216,100.0,35,0,314
631153,1,1,8,1.12,26.03052139,119.19311523,33.3,26.03052521,119.19312286,33.45,0.733,-5.098,13.852,-0.166,-0.027,0.207,-0.2,-2.65,-101.36,1.602,2.341,2.341,100.0,35,0,315
631353,1,1,8,1.12,26.03052139,119.19311523,33.3,26.03052521,119.19312286,33.49,0.7,-5.103,13.894,-0.165,-0.027,0.205,-0.2,-2.65,-101.35,1.602,2.473,2.473,100.0,35,0,315
631553,1,1,8,1.12,26.03052139,119.19313049,33.3,26.03052521,119.19312286,33.53,0.667,-5.109,13.935,-0.164,-0.027,0.204,-0.19,-2.65,-101.35,1.602,2.611,2.611,100.0,35,0,317
631753,1,1,8,1.12,26.03052139,119.19313049,33.6,26.0305233,119.19312286,33.59,1.013,-5.291,13.99,-0.065,-0.072,0.206,-0.2,-2.63,-101.33,0.964,2.099,2.099,100.0,36,0,319
631953,1,1,8,1.12,26.03052139,119.19313049,33.6,26.0305233,119.19312286,33.63,1.0,-5.306,14.031,-0.064,-0.072,0.204,-0.21,-2.64,-101.32,0.964,2.217,2.217,100.0,36,0,323
632153,1,1,8,1.12,26.03052139,119.19313049,33.6,26.0305233,119.19312286,33.67,0.987,-5.32,14.072,-0.063,-0.072,0.203,-0.2,-2.64,-101.32,0.964,2.341,2.341,100.0,36,0,324
632353,1,1,8,1.12,26.03052139,119.19313049,33.6,26.0305233,119.19312286,33.71,0.974,-5.335,14.112,-0.063,-0.072,0.202,-0.19,-2.64,-101.3,0.964,2.473,2.473,100.0,36,0,324
632554,1,1,8,1.12,26.03052902,119.19313049,33.6,26.0305233,119.19312286,33.75,0.962,-5.349,14.152,-0.062,-0.072,0.2,-0.2,-2.65,-101.29,0.964,2.612,2.612,100.0,36,0,326
632764,1,1,8,1.12,26.03052902,119.19313049,33.6,26.03052521,119.19313049,33.74,1.196,-5.067,14.144,0.003,0.006,0.191,-0.2,-2.65,-101.29,0.89,2.105,2.105,100.0,37,0,329
632976,1,1,8,1.12,26.03052902,119.19313049,33.6,26.03052521,119.19313049,33.78,1.197,-5.066,14.185,0.003,0.006,0.19,-0.2,-2.65,-101.28,0.89,2.231,2.231,100.0,37,0,332
633184,1,1,8,1.12,26.03052902,119.19313049,33.6,26.03052521,119.19313049,33.82,1.198,-5.065,14.224,0.004,0.006,0.189,-0.19,-2.64,-101.3,0.89,2.362,2.362,100.0,37,0,333
633384,1,1,8,1.12,26.03052902,119.19313049,33.6,26.03052521,119.19313049,33.86,1.198,-5.063,14.262,0.004,0.006,0.188,-0.18,-2.63,-101.33,0.89,2.494,2.494,100.0,37,0,333
633585,1,1,8,1.12,26.03052902,119.19311523,33.6,26.03052521,119.19313049,33.9,1.199,-5.062,14.299,0.004,0.005,0.187,-0.18,-2.64,-101.33,0.89,2.634,2.634,100.0,37,0,335
633793,1,1,8,1.12,26.03052902,119.19311523,33.3,26.03052711,119.19312286,33.76,0.675,-4.89,14.156,-0.13,0.049,0.156,-0.19,-2.65,-101.36,1.262,2.122,2.122,100.0,38,0,338
633993,1,1,8,1.12,26.03052902,119.19311523,33.3,26.03052711,119.19312286,33.79,0.649,-4.88,14.187,-0.129,0.049,0.155,-0.18,-2.64,-101.38,1.262,2.242,2.242,100.0,38,0,341
634193,1,1,8,1.12,26.03052902,119.19311523,33.3,26.03052711,119.19312286,33.82,0.623,-4.87,14.218,-0.128,0.049,0.154,-0.18,-2.65,-101.37,1.262,2.368,2.368,100.0,38,0,342
634393,1,1,8,1.12,26.03052902,119.19311523,33.3,26.03052711,119.19312286,33.85,0.597,-4.861,14.249,-0.127,0.048,0.154,-0.17,-2.66,-101.37,1.262,2.501,2.501,99.7,38,0,342
634593,1,1,8,1.12,26.03052902,119.19311523,33.3,26.03052711,119.19312286,33.88,0.572,-4.851,14.28,-0.127,0.048,0.154,-0.18,-2.67,-101.35,1.262,2.64,2.64,99.7,38,0,344
634793,1,1,8,1.12,26.03052902,119.19311523,33.1,26.03052902,119.19311523,33.67,0.299,-4.764,14.075,-0.19,0.067,0.114,-0.19,-2.68,-101.35,0.593,2.121,2.121,99.7,39,0,347
634996,1,1,8,1.12,26.03052902,119.19311523,33.1,26.03052902,119.19311523,33.7,0.26,-4.75,14.098,-0.188,0.067,0.114,-0.18,-2.68,-101.37,0.593,2.242,2.242,99.7,39,0,350
635203,1,1,8,1.12,26.03052902,119.19311523,33.1,26.03052902,119.19311523,33.72,0.221,-4.736,14.121,-0.187,0.067,0.113,-0.19,-2.67,-101.36,0.593,2.373,2.373,99.7,39,0,351
635403,1,1,8,1.12,26.03052902,119.19311523,33.1,26.03052902,119.19311523,33.74,0.184,-4.723,14.144,-0.186,0.067,0.112,-0.19,-2.66,-101.36,0.593,2.506,2.506,100.3,39,0,351
635603,1,1,8,1.12,26.03053474,119.19311523,33.1,26.03052902,119.19311523,33.77,0.147,-4.71,14.166,-0.185,0.066,0.112,-0.19,-2.68,-101.37,0.593,2.646,2.646,100.3,39,0,353
635803,1,1,8,1.12,26.03053474,119.19311523,33.2,26.03053093,119.19311523,33.62,0.048,-4.401,14.018,-0.199,0.142,0.083,-0.19,-2.67,-101.36,0.688,2.127,2.127,100.3,40,0,356
636003,1,1,8,1.12,26.03053474,119.19311523,33.2,26.03053093,119.19311523,33.63,0.009,-4.373,14.034,-0.198,0.141,0.083,-0.19,-2.67,-101.36,0.688,2.246,2.246,100.3,40,0,359
636203,1,1,8,1.12,26.03053474,119.19311523,33.2,26.03053284,119.19311523,33.65,-0.031,-4.345,14.051,-0.197,0.14,0.083,-0.18,-2.68,-101.35,0.688,2.373,2.373,100.3,40,0,360
636403,1,1,8,1.12,26.03053474,119.19311523,33.2,26.03053284,119.19311523,33.67,-0.07,-4.317,14.068,-0.195,0.139,0.083,-0.17,-2.67,-101.36,0.688,2.506,2.506,100.0,40,0,360
636603,1,1,8,1.12,26.03054237,119.19308472,33.2,26.03053284,119.19311523,33.68,-0.109,-4.289,14.084,-0.194,0.138,0.082,-0.18,-2.67,-101.36,0.688,2.646,2.646,100.0,40,0,362
636803,1,1,8,1.12,26.03054237,119.19308472,32.5,26.03053665,119.19309998,33.35,-1.437,-3.778,13.745,-0.523,0.262,0.023,-0.19,-2.67,-101.35,3.138,2.128,2.128,100.0,41,0,365
637003,1,1,8,1.12,26.03054237,119.19308472,32.5,26.03053665,119.19309998,33.35,-1.542,-3.726,13.75,-0.521,0.26,0.023,-0.19,-2.66,-101.35,3.138,2.248,2.248,100.0,41,0,368
637203,1,1,8,1.12,26.03054237,119.19308472,32.5,26.03053856,119.19309998,33.35,-1.645,-3.674,13.754,-0.518,0.259,0.023,-0.19,-2.65,-101.35,3.138,2.375,2.375,100.0,41,0,369
637403,1,1,8,1.12,26.03054237,119.19308472,32.5,26.03053856,119.19309998,33.36,-1.749,-3.623,13.759,-0.515,0.258,0.023,-0.2,-2.65,-101.35,3.138,2.509,2.509,100.0,41,0,369
637603,1,1,8,1.12,26.03054237,119.19308472,32.5,26.03053856,119.19309998,33.36,-1.851,-3.571,13.764,-0.512,0.257,0.023,-0.2,-2.66,-101.34,3.138,2.648,2.648,100.0,41,0,371
637803,1,1,8,1.12,26.03054237,119.19308472,32.2,26.03054047,119.19309235,33.02,-2.475,-3.353,13.419,-0.643,0.298,-0.035,-0.2,-2.65,-101.34,1.246,2.13,2.13,100.0,42,0,374
638003,1,1,8,1.12,26.03054237,119.19308472,32.2,26.03054047,119.19309235,33.01,-2.604,-3.294,13.412,-0.64,0.297,-0.035,-0.21,-2.65,-101.34,1.246,2.25,2.25,100.0,42,0,377
638203,1,1,8,1.12,26.03054237,119.19308472,32.2,26.03054237,119.19308472,33.01,-2.731,-3.235,13.405,-0.636,0.295,-0.035,-0.2,-2.67,-101.33,1.246,2.377,2.377,100.0,42,0,378
638403,1,1,8,1.12,26.03054237,119.19308472,32.2,26.03054237,119.19308472,33.0,-2.858,-3.176,13.398,-0.632,0.293,-0.035,-0.19,-2.66,-101.32,1.246,2.51,2.51,100.0,42,0,378
638603,1,1,8,1.12,26.03054619,119.19308472,32.2,26.03054237,119.19308472,32.99,-2.984,-3.117,13.391,-0.629,0.292,-0.035,-0.18,-2.66,-101.33,1.246,2.65,2.65,100.0,42,0,380
638803,1,1,8,1.12,26.03054619,119.19308472,31.6,26.03054428,119.19308472,32.57,-3.132,-2.906,12.968,-0.631,0.329,-0.104,-0.18,-2.67,-101.31,0.353,2.131,2.131,100.0,43,0,383
639003,1,1,8,1.12,26.03054619,119.19308472,31.6,26.03054619,119.19308472,32.55,-3.258,-2.84,12.947,-0.628,0.328,-0.103,-0.17,-2.67,-101.35,0.353,2.251,2.251,100.0,43,0,386
639203,1,1,8,1.12,26.03054619,119.19308472,31.6,26.03054619,119.19308472,32.53,-3.383,-2.774,12.926,-0.624,0.326,-0.102,-0.17,-2.66,-101.34,0.353,2.378,2.378,100.0,43,0,387
639403,1,1,8,1.12,26.03054619,119.19308472,31.6,26.03054619,119.19307709,32.51,-3.508,-2.709,12.906,-0.621,0.325,-0.102,-0.17,-2.66,-101.35,0.353,2.511,2.511,99.7,43,0,387
639603,1,1,8,1.12,26.03054619,119.19309998,31.6,26.0305481,119.19307709,32.49,-3.632,-2.645,12.886,-0.617,0.323,-0.101,-0.17,-2.67,-101.34,0.353,2.651,2.651,99.7,43,0,389
639805,1,1,8,1.12,26.03054619,119.19309998,30.9,26.0305481,119.19308472,31.99,-2.82,-2.635,12.39,-0.373,0.307,-0.179,-0.16,-2.68,-101.36,2.13,2.13,2.13,99.7,44,0,392
640005,1,1,8,1.12,26.03054619,119.19309998,30.9,26.0305481,119.19308472,31.95,-2.894,-2.574,12.355,-0.371,0.305,-0.178,-0.15,-2.68,-101.37,2.13,2.25,2.25,99.7,44,0,395
640213,1,1,8,1.12,26.03054619,119.19309998,30.9,26.0305481,119.19308472,31.92,-2.971,-2.511,12.318,-0.369,0.304,-0.177,-0.15,-2.69,-101.36,2.13,2.383,2.383,99.7,44,0,396
640414,1,1,8,1.12,26.03054619,119.19309998,30.9,26.0305481,119.19308472,31.88,-3.045,-2.45,12.282,-0.367,0.302,-0.176,-0.16,-2.69,-101.35,2.13,2.517,2.517,100.3,44,0,396
640623,1,1,8,1.12,26.03055,119.19308472,30.9,26.03055,119.19308472,31.85,-3.121,-2.387,12.245,-0.365,0.3,-0.175,-0.16,-2.69,-101.35,2.13,2.664,2.664,100.3,44,0,398
640823,1,1,8,1.12,26.03055,119.19308472,30.6,26.03055,119.19308472,31.44,-3.16,-2.307,11.836,-0.354,0.304,-0.237,-0.16,-2.69,-101.34,0.089,2.139,2.139,100.3,45,0,401
641023,1,1,8,1.12,26.03055,119.19308472,30.6,26.03055,119.19308472,31.39,-3.231,-2.246,11.789,-0.352,0.303,-0.236,-0.16,-2.69,-101.34,0.089,2.259,2.259,100.3,45,0,405
641223,1,1,8,1.12,26.03055,119.19308472,30.6,26.03055191,119.19308472,31.34,-3.301,-2.186,11.742,-0.35,0.301,-0.235,-0.16,-2.68,-101.36,0.089,2.386,2.386,100.3,45,0,405
641424,1,1,8,1.12,26.03055,119.19308472,30.6,26.03055191,119.19308472,31.29,-3.371,-2.125,11.695,-0.348,0.3,-0.234,-0.17,-2.67,-101.36,0.089,2.521,2.521,99.8,45,0,405
641633,1,1,8,1.12,26.03055382,119.19308472,29.8,26.03055382,119.19308472,30.82,-3.28,-1.999,11.225,-0.302,0.316,-0.305,-0.17,-2.66,-101.36,0.42,2.032,2.032,99.8,46,0,408
641833,1,1,8,1.12,26.03055382,119.19308472,29.8,26.03055382,119.19308472,30.76,-3.34,-1.936,11.164,-0.3,0.314,-0.303,-0.18,-2.65,-101.37,0.42,2.146,2.146,99.8,46,0,410
642033,1,1,8,1.12,26.03055382,119.19308472,29.8,26.03055382,119.19308472,30.7,-3.399,-1.873,11.104,-0.298,0.313,-0.301,-0.17,-2.65,-101.37,0.42,2.266,2.266,99.8,46,0,414
642234,1,1,8,1.12,26.03055382,119.19308472,29.8,26.03055382,119.19307709,30.64,-3.459,-1.811,11.043,-0.296,0.311,-0.3,-0.17,-2.66,-101.37,0.42,2.395,2.395,99.8,46,0,414
642443,1,1,8,1.12,26.03055382,119.19308472,29.8,26.03055573,119.19307709,30.58,-3.521,-1.746,10.981,-0.294,0.309,-0.298,-0.17,-2.67,-101.36,0.42,2.536,2.536,99.6,46,0,414
642659,1,1,8,1.12,26.03055382,119.19308472,29.3,26.03055573,119.19308472,30.16,-3.362,-1.774,10.558,-0.233,0.282,-0.358,-0.17,-2.66,-101.37,0.57,2.047,2.047,99.6,47,0,417
642863,1,1,8,1.12,26.03055382,119.19308472,29.3,26.03055573,119.19308472,30.09,-3.41,-1.717,10.485,-0.232,0.281,-0.356,-0.17,-2.67,-101.36,0.57,2.164,2.164,99.6,47,0,420
643063,1,1,8,1.12,26.03055382,119.19308472,29.3,26.03055573,119.19307709,30.01,-3.456,-1.661,10.414,-0.23,0.279,-0.355,-0.18,-2.66,-101.38,0.57,2.286,2.286,99.6,47,0,423
643263,1,1,8,1.12,26.03055382,119.19308472,29.3,26.03055573,119.19307709,29.94,-3.502,-1.605,10.344,-0.229,0.278,-0.353,-0.18,-2.66,-101.37,0.57,2.416,2.416,100.6,47,0,423
643463,1,1,8,1.12,26.03055382,119.19308472,29.3,26.03055763,119.19307709,29.87,-3.547,-1.549,10.273,-0.227,0.276,-0.351,-0.17,-2.65,-101.37,0.57,2.551,2.551,100.6,47,0,423
643672,1,1,8,1.12,26.03055382,119.19308472,28.8,26.03055573,119.19308472,29.5,-3.368,-1.665,9.903,-0.165,0.228,-0.4,-0.17,-2.66,-101.36,0.672,2.055,2.055,100.6,48,0,426
643873,1,1,8,1.12,26.03055382,119.19308472,28.8,26.03055573,119.19308472,29.42,-3.401,-1.62,9.822,-0.164,0.227,-0.398,-0.17,-2.66,-101.36,0.672,2.171,2.171,100.6,48,0,429
644073,1,1,8,1.12,26.03055382,119.19308472,28.8,26.03055763,119.19308472,29.34,-3.434,-1.574,9.743,-0.163,0.226,-0.396,-0.18,-2.67,-101.35,0.672,2.294,2.294,100.6,48,0,432
644273,1,1,8,1.12,26.03055382,119.19308472,28.8,26.03055763,119.19307709,29.26,-3.466,-1.529,9.664,-0.162,0.225,-0.394,-0.17,-2.68,-101.34,0.672,2.423,2.423,100.0,48,0,432
644473,1,1,8,1.12,26.03055382,119.19308472,28.8,26.03055763,119.19307709,29.19,-3.499,-1.484,9.586,-0.161,0.223,-0.392,-0.18,-2.69,-101.35,0.672,2.56,2.56,100.0,48,0,432
644679,1,1,8,2.06,26.03055382,119.19308472,28.6,26.03055763,119.19307709,28.98,-3.447,-1.521,9.381,-0.137,0.2,-0.411,-0.18,-2.68,-101.37,0.66,2.456,2.456,100.0,49,0,435
644883,1,1,8,2.06,26.03055382,119.19308472,28.6,26.03055763,119.19307709,28.9,-3.475,-1.48,9.298,-0.136,0.199,-0.41,-0.17,-2.68,-101.36,0.66,2.594,2.594,100.0,49,0,438
645083,1,1,8,2.06,26.03055382,119.19308472,28.6,26.03055763,119.19307709,28.82,-3.502,-1.441,9.216,-0.135,0.198,-0.407,-0.17,-2.69,-101.33,0.66,2.736,2.736,100.0,49,0,441
645283,1,1,8,2.06,26.03055382,119.19308472,28.6,26.03055763,119.19307709,28.73,-3.529,-1.401,9.135,-0.134,0.197,-0.406,-0.15,-2.68,-101.32,0.66,2.884,2.884,100.0,49,0,441
645483,1,1,8,2.06,26.03055382,119.19308472,28.6,26.03055954,119.19307709,28.65,-3.556,-1.362,9.054,-0.133,0.196,-0.404,-0.16,-2.68,-101.32,0.66,3.037,3.037,100.0,49,0,441
645685,1,1,8,1.12,26.03055763,119.19308472,28.7,26.03055763,119.19308472,28.61,-3.316,-1.401,9.005,-0.066,0.176,-0.396,-0.17,-2.67,-101.32,0.545,2.254,2.254,100.0,50,0,444
645893,1,1,8,1.12,26.03055763,119.19308472,28.7,26.03055954,119.19308472,28.52,-3.33,-1.364,8.923,-0.065,0.175,-0.394,-0.18,-2.67,-101.35,0.545,2.377,2.377,100.0,50,0,447
646093,1,1,8,1.12,26.03055763,119.19308472,28.7,26.03055954,119.19308472,28.44,-3.343,-1.329,8.845,-0.065,0.174,-0.392,-0.18,-2.67,-101.36,0.545,2.503,2.503,100.0,50,0,450
646293,1,1,8,1.12,26.03055763,119.19308472,28.7,26.03055954,119.19308472,28.37,-3.355,-1.295,8.766,-0.064,0.173,-0.39,-0.18,-2.67,-101.35,0.545,2.635,2.635,99.9,50,0,450
646493,1,1,8,1.12,26.03055763,119.19308472,28.7,26.03055954,119.19308472,28.29,-3.368,-1.26,8.688,-0.063,0.172,-0.388,-0.18,-2.67,-101.35,0.545,2.774,2.774,99.9,50,0,450
646703,1,1,8,1.12,26.03055763,119.19308472,28.4,26.03055954,119.19308472,28.26,-3.231,-1.34,8.658,-0.026,0.142,-0.377,-0.18,-2.67,-101.37,0.41,2.157,2.157,99.9,51,0,454
646903,1,1,8,1.12,26.03055763,119.19308472,28.4,26.03055954,119.19308472,28.18,-3.236,-1.312,8.582,-0.026,0.141,-0.376,-0.2,-2.67,-101.38,0.41,2.271,2.271,99.9,51,0,457
647104,1,1,8,1.12,26.03055763,119.19308472,28.4,26.03055954,119.19308472,28.11,-3.241,-1.284,8.507,-0.025,0.141,-0.374,-0.19,-2.67,-101.39,0.41,2.393,2.393,99.9,51,0,459
647313,1,1,8,1.12,26.03055763,119.19308472,28.4,26.03055954,119.19308472,28.03,-3.246,-1.254,8.429,-0.025,0.139,-0.372,-0.19,-2.68,-101.38,0.41,2.527,2.527,100.1,51,0,459
647513,1,1,8,1.12,26.03055763,119.19308472,28.4,26.03055954,119.19308472,27.96,-3.251,-1.227,8.355,-0.024,0.139,-0.37,-0.18,-2.68,-101.38,0.41,2.662,2.662,100.1,51,0,459
647715,1,1,8,1.26,26.03055763,119.19308472,28.4,26.03055954,119.19308472,28.03,-3.178,-1.305,8.428,-0.004,0.111,-0.343,-0.17,-2.68,-101.36,0.342,2.214,2.214,100.1,52,0,463
647924,1,1,8,1.26,26.03055763,119.19308472,28.4,26.03055954,119.19308472,27.96,-3.179,-1.282,8.357,-0.003,0.11,-0.342,-0.16,-2.68,-101.37,0.342,2.339,2.339,100.1,52,0,466
648134,1,1,8,1.26,26.03055763,119.19308472,28.4,26.03055954,119.19308472,27.89,-3.18,-1.259,8.285,-0.003,0.109,-0.34,-0.16,-2.68,-101.4,0.342,2.472,2.472,100.1,52,0,468
648343,1,1,8,1.26,26.03055763,119.19308472,28.4,26.03055954,119.19308472,27.81,-3.18,-1.236,8.214,-0.003,0.109,-0.338,-0.17,-2.68,-101.39,0.342,2.612,2.612,100.0,52,0,468
648544,1,1,8,1.26,26.03055763,119.19308472,28.4,26.03055954,119.19308472,27.75,-3.181,-1.214,8.147,-0.003,0.109,-0.336,-0.17,-2.66,-101.38,0.342,2.753,2.753,100.0,52,0,469
648745,1,1,8,1.26,26.03055763,119.19308472,28.4,26.03055954,119.19308472,27.88,-3.13,-1.305,8.285,0.01,0.08,-0.301,-0.18,-2.67,-101.39,0.31,2.267,2.267,100.0,53,0,472
648953,1,1,8,1.26,26.03055763,119.19308472,28.4,26.03055954,119.19308472,27.82,-3.128,-1.289,8.222,0.011,0.079,-0.299,-0.17,-2.67,-101.39,0.31,2.394,2.394,100.0,53,0,476
649153,1,1,8,1.26,26.03055763,119.19308472,28.4,26.03055954,119.19308472,27.76,-3.126,-1.273,8.163,0.011,0.079,-0.298,-0.16,-2.67,-101.38,0.31,2.523,2.523,100.0,53,0,477
649353,1,1,8,1.26,26.03055763,119.19308472,28.4,26.03055954,119.19308472,27.7,-3.123,-1.257,8.103,0.011,0.079,-0.296,-0.16,-2.65,-101.38,0.31,2.66,2.66,100.0,53,0,477
649554,1,1,8,1.26,26.03056145,119.19308472,28.4,26.03055954,119.19308472,27.64,-3.121,-1.241,8.044,0.011,0.078,-0.295,-0.17,-2.67,-101.38,0.31,2.803,2.803,100.0,53,0,479
649763,1,1,8,1.12,26.03056145,119.19308472,28.4,26.03056145,119.19308472,27.82,-3.087,-1.144,8.217,0.019,0.098,-0.254,-0.17,-2.66,-101.38,0.186,2.185,2.185,100.0,54,0,482
649963,1,1,8,1.12,26.03056145,119.19308472,28.4,26.03056145,119.19308472,27.77,-3.083,-1.124,8.166,0.019,0.097,-0.253,-0.17,-2.67,-101.39,0.186,2.303,2.303,100.0,54,0,485
650163,1,1,8,1.12,26.03056145,119.19308472,28.4,26.03056145,119.19308472,27.72,-3.079,-1.105,8.116,0.02,0.097,-0.252,-0.16,-2.67,-101.41,0.186,2.429,2.429,100.0,54,0,486
650363,1,1,8,1.12,26.03056145,119.19308472,28.4,26.03056145,119.19308472,27.67,-3.075,-1.085,8.066,0.02,0.096,-0.25,-0.16,-2.66,-101.41,0.186,2.561,2.561,100.0,54,0,486
650563,1,1,8,1.12,26.03055763,119.19308472,28.4,26.03056145,119.19308472,27.62,-3.071,-1.066,8.016,0.02,0.096,-0.249,-0.15,-2.66,-101.39,0.186,2.7,2.7,100.0,54,0,488
650763,1,1,8,1.12,26.03055763,119.19308472,28.1,26.03055954,119.19308472,27.72,-3.059,-1.239,8.116,0.022,0.046,-0.222,-0.14,-2.67,-101.42,0.427,2.14,2.14,100.0,55,0,491
650965,1,1,8,1.12,26.03055763,119.19308472,28.1,26.03055954,119.19308472,27.67,-3.055,-1.23,8.071,0.022,0.046,-0.222,-0.15,-2.65,-101.43,0.427,2.258,2.258,100.0,55,0,494
651173,1,1,8,1.12,26.03055763,119.19308472,28.1,26.03055954,119.19308472,27.63,-3.05,-1.22,8.025,0.022,0.046,-0.221,-0.16,-2.66,-101.41,0.427,2.389,2.389,100.0,55,0,495
651373,1,1,8,1.12,26.03055763,119.19308472,28.1,26.03055954,119.19308472,27.58,-3.046,-1.211,7.981,0.022,0.046,-0.219,-0.17,-2.65,-101.39,0.427,2.521,2.521,100.0,55,0,495
651573,1,1,8,1.12,26.03055763,119.19308472,28.1,26.03055954,119.19308472,27.54,-3.042,-1.202,7.937,0.022,0.046,-0.219,-0.17,-2.65,-101.38,0.427,2.66,2.66,100.0,55,0,497
651774,1,1,8,1.12,26.03055763,119.19308472,27.8,26.03055954,119.19308472,27.58,-3.043,-1.32,7.976,0.021,0.013,-0.204,-0.17,-2.66,-101.38,0.288,2.126,2.126,100.0,56,0,500
651983,1,1,8,1.12,26.03055763,119.19308472,27.8,26.03055954,119.19308472,27.53,-3.038,-1.317,7.934,0.021,0.013,-0.203,-0.17,-2.66,-101.38,0.288,2.25,2.25,100.0,56,0,503
652183,1,1,8,1.12,26.03055763,119.19308472,27.8,26.03055954,119.19308472,27.49,-3.034,-1.314,7.893,0.021,0.013,-0.202,-0.17,-2.65,-101.36,0.288,2.376,2.376,100.0,56,0,504
652383,1,1,8,1.12,26.03055763,119.19308472,27.8,26.03055954,119.19308472,27.45,-3.03,-1.312,7.853,0.021,0.013,-0.2,-0.18,-2.65,-101.36,0.288,2.51,2.51,100.0,56,0,504
652583,1,1,8,1.12,26.03055763,119.19308472,27.8,26.03055954,119.19308472,27.41,-3.026,-1.309,7.813,0.021,0.013,-0.199,-0.18,-2.65,-101.36,0.288,2.649,2.649,100.0,56,0,506
652787,1,1,8,1.11,26.03055763,119.19308472,27.5,26.03055763,119.19308472,27.4,-3.034,-1.386,7.802,0.018,-0.008,-0.194,-0.18,-2.66,-101.37,0.18,2.118,2.118,100.0,57,0,509
652993,1,1,8,1.11,26.03055763,119.19308472,27.5,26.03055763,119.19308472,27.36,-3.03,-1.387,7.762,0.018,-0.008,-0.192,-0.19,-2.66,-101.38,0.18,2.241,2.241,100.0,57,0,512
653193,1,1,8,1.11,26.03055763,119.19308472,27.5,26.03055763,119.19308472,27.32,-3.027,-1.389,7.724,0.018,-0.008,-0.192,-0.18,-2.65,-101.38,0.18,2.368,2.368,100.0,57,0,513
653393,1,1,8,1.11,26.03055763,119.19308472,27.5,26.03055763,119.19308472,27.29,-3.023,-1.391,7.685,0.019,-0.008,-0.191,-0.18,-2.64,-101.37,0.18,2.502,2.502,99.8,57,0,513
653594,1,1,8,1.11,26.03055763,119.19308472,27.5,26.03055763,119.19308472,27.25,-3.019,-1.392,7.647,0.019,-0.008,-0.19,-0.18,-2.65,-101.36,0.18,2.643,2.643,99.8,57,0,515
653803,1,1,8,1.11,26.03055763,119.19308472,27.4,26.03055763,119.19308472,27.26,-3.03,-1.436,7.656,0.015,-0.019,-0.181,-0.18,-2.65,-101.36,0.1,2.122,2.122,99.8,58,0,518
654003,1,1,8,1.11,26.03055763,119.19308472,27.4,26.03055763,119.19308472,27.22,-3.027,-1.439,7.619,0.015,-0.019,-0.181,-0.18,-2.65,-101.35,0.1,2.242,2.242,99.8,58,0,521
654203,1,1,8,1.11,26.03055763,119.19308472,27.4,26.03055763,119.19308472,27.18,-3.024,-1.443,7.583,0.015,-0.019,-0.179,-0.17,-2.66,-101.36,0.1,2.369,2.369,99.8,58,0,522
654403,1,1,8,1.11,26.03055763,119.19308472,27.4,26.03055763,119.19308472,27.15,-3.021,-1.447,7.548,0.016,-0.019,-0.179,-0.17,-2.66,-101.34,0.1,2.504,2.504,100.2,58,0,522
654603,1,1,8,1.11,26.03055763,119.19308472,27.4,26.03055763,119.19308472,27.11,-3.018,-1.451,7.512,0.016,-0.019,-0.178,-0.16,-2.66,-101.35,0.1,2.645,2.645,100.2,58,0,524
654803,1,1,8,2.06,26.03055763,119.19308472,27.2,26.03055763,119.19308472,27.1,-3.021,-1.461,7.499,0.014,-0.021,-0.174,-0.17,-2.67,-101.36,0.049,2.535,2.535,100.2,59,0,527
655003,1,1,8,2.06,26.03055763,119.19308472,27.2,26.03055763,119.19308472,27.06,-3.018,-1.465,7.464,0.014,-0.021,-0.174,-0.17,-2.66,-101.38,0.049,2.676,2.676,100.2,59,0,531
655203,1,1,8,2.06,26.03055763,119.19308472,27.2,26.03055763,119.19308472,27.03,-3.016,-1.469,7.429,0.015,-0.021,-0.173,-0.17,-2.66,-101.4,0.049,2.822,2.822,100.2,59,0,531
655403,1,1,8,2.06,26.03055763,119.19308472,27.2,26.03055763,119.19308472,26.99,-3.013,-1.474,7.395,0.015,-0.021,-0.172,-0.16,-2.66,-101.42,0.049,2.974,2.974,100.0,59,0,531
655603,1,1,8,2.06,26.03055382,119.19308472,27.2,26.03055763,119.19308472,26.96,-3.01,-1.478,7.36,0.015,-0.021,-0.172,-0.17,-2.68,-101.39,0.049,3.132,3.132,100.0,59,0,533
655803,1,1,8,2.06,26.03055382,119.19308472,27.1,26.03055763,119.19308472,26.96,-3.017,-1.586,7.363,0.012,-0.046,-0.164,-0.17,-2.67,-101.37,0.435,2.892,2.892,100.0,60,0,536
656004,1,1,8,2.06,26.03055382,119.19308472,27.1,26.03055573,119.19308472,26.93,-3.015,-1.595,7.33,0.012,-0.046,-0.165,-0.17,-2.67,-101.38,0.435,3.042,3.042,100.0,60,0,540
656213,1,1,8,2.06,26.03055382,119.19308472,27.1,26.03055573,119.19308472,26.9,-3.012,-1.605,7.296,0.013,-0.046,-0.164,-0.17,-2.67,-101.37,0.435,3.204,3.204,100.0,60,0,540
656413,1,1,8,2.06,26.03055382,119.19308472,27.1,26.03055573,119.19308472,26.86,-3.009,-1.614,7.263,0.013,-0.045,-0.163,-0.16,-2.66,-101.36,0.435,3.364,3.364,100.0,60,0,540
656613,1,1,8,2.06,26.03055382,119.19308472,27.1,26.03055573,119.19308472,26.83,-3.007,-1.623,7.231,0.013,-0.045,-0.162,-0.16,-2.67,-101.35,0.435,3.529,3.529,100.0,60,0,542
656815,1,1,7,2.06,26.03055382,119.19308472,27.0,26.03055573,119.19308472,26.84,-3.017,-1.714,7.244,0.01,-0.063,-0.154,-0.17,-2.66,-101.34,0.291,3.154,3.154,100.0,61,0,545
657015,1,1,7,2.06,26.03055382,119.19308472,27.0,26.03055573,119.19308472,26.81,-3.015,-1.727,7.213,0.01,-0.063,-0.153,-0.17,-2.67,-101.34,0.291,3.305,3.305,100.0,61,0,549
657223,1,1,7,2.06,26.03055382,119.19308472,27.0,26.03055573,119.19308472,26.78,-3.013,-1.74,7.181,0.011,-0.063,-0.153,-0.16,-2.65,-101.33,0.291,3.468,3.468,100.0,61,0,549
657423,1,1,7,2.06,26.03055382,119.19308472,27.0,26.03055573,119.19308472,26.75,-3.011,-1.752,7.151,0.011,-0.062,-0.152,-0.17,-2.65,-101.34,0.291,3.629,3.629,100.0,61,0,549
657623,1,1,7,2.06,26.03055382,119.19308472,27.0,26.03055573,119.19308472,26.72,-3.009,-1.765,7.121,0.011,-0.062,-0.151,-0.16,-2.65,-101.34,0.291,3.796,3.796,100.0,61,0,551
657823,1,1,7,2.06,26.03055382,119.19308472,26.9,26.03055382,119.19308472,26.74,-3.02,-1.823,7.141,0.008,-0.072,-0.143,-0.16,-2.65,-101.34,0.152,3.31,3.31,100.0,62,0,554
658024,1,1,7,2.06,26.03055382,119.19308472,26.9,26.03055382,119.19308472,26.71,-3.019,-1.837,7.112,0.008,-0.071,-0.142,-0.17,-2.64,-101.35,0.152,3.46,3.46,100.0,62,0,558
658233,1,1,7,2.06,26.03055382,119.19308472,26.9,26.03055382,119.19308472,26.68,-3.017,-1.852,7.082,0.009,-0.071,-0.142,-0.16,-2.64,-101.35,0.152,3.621,3.621,100.0,62,0,558
658433,1,1,7,2.06,26.03055382,119.19308472,26.9,26.03055382,119.19308472,26.65,-3.015,-1.866,7.054,0.009,-0.071,-0.141,-0.16,-2.63,-101.36,0.152,3.781,3.781,100.0,62,0,558
658633,1,1,7,2.06,26.03055382,119.19308472,26.9,26.03055382,119.19308472,26.63,-3.013,-1.88,7.026,0.009,-0.071,-0.14,-0.16,-2.65,-101.36,0.152,3.946,3.946,100.0,62,0,560
658833,1,1,7,2.06,26.03055382,119.19308472,26.9,26.03055382,119.19308472,26.68,-3.025,-1.904,7.075,0.006,-0.073,-0.128,-0.16,-2.65,-101.38,0.049,3.392,3.392,100.0,63,0,563
659035,1,1,7,2.06,26.03055382,119.19308472,26.9,26.03055382,119.19308472,26.65,-3.024,-1.919,7.049,0.006,-0.072,-0.127,-0.17,-2.66,-101.38,0.049,3.54,3.54,100.0,63,0,567
659243,1,1,7,2.06,26.03055382,119.19308472,26.9,26.03055382,119.19308472,26.62,-3.022,-1.934,7.023,0.006,-0.072,-0.127,-0.16,-2.66,-101.37,0.049,3.698,3.698,100.0,63,0,567
659443,1,1,7,2.06,26.03055382,119.19308472,26.9,26.03055382,119.19308472,26.6,-3.021,-1.948,6.998,0.006,-0.072,-0.126,-0.17,-2.66,-101.35,0.049,3.854,3.854,100.0,63,0,567
659643,1,1,7,2.06,26.03055382,119.19308472,26.8,26.03055382,119.19308472,26.63,-3.03,-1.946,7.035,0.005,-0.068,-0.115,-0.17,-2.64,-101.38,0.061,3.296,3.296,100.0,64,0,570
659843,1,1,7,2.06,26.03055382,119.19308472,26.8,26.03055382,119.19308472,26.61,-3.029,-1.959,7.012,0.005,-0.068,-0.115,-0.16,-2.64,-101.39,0.061,3.434,3.434,100.0,64,0,573
660043,1,1,7,2.06,26.03055382,119.19308472,26.8,26.03055382,119.19308472,26.59,-3.028,-1.973,6.988,0.005,-0.068,-0.115,-0.17,-2.65,-101.41,0.061,3.578,3.578,100.0,64,0,576
660243,1,1,7,2.06,26.03055382,119.19308472,26.8,26.03055382,119.19308472,26.57,-3.027,-1.986,6.966,0.005,-0.067,-0.115,-0.16,-2.64,-101.39,0.061,3.727,3.727,100.0,64,0,576
660444,1,1,7,2.06,26.03055382,119.19308472,26.8,26.03055382,119.19308472,26.54,-3.026,-2.0,6.943,0.005,-0.067,-0.114,-0.16,-2.65,-101.37,0.061,3.882,3.882,99.7,64,0,576
660660,1,1,8,2.06,26.03055382,119.19308472,26.8,26.03055382,119.19308472,26.59,-3.034,-1.981,6.995,0.004,-0.06,-0.101,-0.15,-2.65,-101.37,0.105,3.323,3.323,99.7,65,0,579
660864,1,1,8,2.06,26.03055382,119.19308472,26.8,26.03055382,119.19308472,26.57,-3.033,-1.993,6.974,0.004,-0.059,-0.101,-0.15,-2.64,-101.4,0.105,3.463,3.463,99.7,65,0,582
661073,1,1,8,2.06,26.03055382,119.19308472,26.8,26.03055382,119.19308472,26.55,-3.033,-2.005,6.953,0.004,-0.059,-0.1,-0.15,-2.64,-101.4,0.105,3.613,3.613,99.7,65,0,585
661273,1,1,8,2.06,26.03055382,119.19308472,26.8,26.03055382,119.19308472,26.53,-3.032,-2.017,6.933,0.005,-0.059,-0.1,-0.14,-2.65,-101.39,0.105,3.761,3.761,99.7,65,0,585
661473,1,1,8,2.06,26.03055382,119.19308472,26.8,26.03055191,119.19308472,26.51,-3.031,-2.029,6.913,0.005,-0.059,-0.1,-0.15,-2.66,-101.37,0.105,3.916,3.916,99.3,65,0,585
661679,1,1,8,2.06,26.03055763,119.19308472,27.2,26.03055382,119.19308472,26.69,-3.037,-1.857,7.086,0.003,-0.022,-0.068,-0.15,-2.65,-101.38,0.553,3.341,3.341,99.3,66,0,588
661884,1,1,8,2.06,26.03055763,119.19308472,27.2,26.03055382,119.19308472,26.67,-3.037,-1.862,7.072,0.003,-0.022,-0.068,-0.17,-2.64,-101.41,0.553,3.482,3.482,99.3,66,0,591
662093,1,1,8,2.06,26.03055763,119.19308472,27.2,26.03055382,119.19308472,26.66,-3.036,-1.867,7.058,0.003,-0.022,-0.068,-0.16,-2.64,-101.4,0.553,3.631,3.631,99.3,66,0,594
662293,1,1,8,2.06,26.03055763,119.19308472,27.2,26.03055382,119.19308472,26.64,-3.035,-1.871,7.045,0.003,-0.022,-0.068,-0.17,-2.63,-101.39,0.553,3.78,3.78,101.0,66,0,594
662493,1,1,8,2.06,26.03055763,119.19308472,27.2,26.03055382,119.19308472,26.63,-3.035,-1.875,7.031,0.003,-0.022,-0.067,-0.17,-2.64,-101.39,0.553,3.935,3.935,101.0,66,0,594
662702,1,1,8,2.06,26.03055763,119.19308472,27.4,26.03055573,119.19308472,26.83,-3.04,-1.749,7.233,0.003,0.004,-0.034,-0.16,-2.64,-101.39,0.393,3.358,3.358,101.0,67,0,598
662903,1,1,8,2.06,26.03055763,119.19308472,27.4,26.03055573,119.19308472,26.83,-3.04,-1.748,7.226,0.003,0.003,-0.034,-0.17,-2.66,-101.38,0.393,3.496,3.496,101.0,67,0,601
663103,1,1,8,2.06,26.03055763,119.19308472,27.4,26.03055573,119.19308472,26.82,-3.039,-1.748,7.219,0.003,0.003,-0.033,-0.17,-2.66,-101.38,0.393,3.64,3.64,101.0,67,0,603
663303,1,1,8,2.06,26.03055763,119.19308472,27.4,26.03055573,119.19308472,26.81,-3.038,-1.747,7.213,0.003,0.003,-0.033,-0.17,-2.66,-101.37,0.393,3.789,3.789,100.0,67,0,603
663503,1,1,8,2.06,26.03055763,119.19308472,27.4,26.03055573,119.19308472,26.81,-3.038,-1.746,7.206,0.003,0.003,-0.033,-0.17,-2.65,-101.38,0.393,3.945,3.945,100.0,67,0,603
663709,1,1,8,2.06,26.03055763,119.19306946,27.9,26.03055573,119.19307709,27.1,-3.554,-1.659,7.504,-0.098,0.02,0.016,-0.18,-2.65,-101.37,1.563,3.364,3.364,100.0,68,0,607
663915,1,1,8,2.06,26.03055763,119.19306946,27.9,26.03055573,119.19307709,27.11,-3.574,-1.655,7.508,-0.097,0.02,0.015,-0.18,-2.64,-101.36,1.563,3.506,3.506,100.0,68,0,610
664124,1,1,8,2.06,26.03055763,119.19306946,27.9,26.03055573,119.19307709,27.11,-3.594,-1.65,7.511,-0.097,0.02,0.015,-0.18,-2.65,-101.36,1.563,3.657,3.657,100.0,68,0,612
664324,1,1,8,2.06,26.03055763,119.19306946,27.9,26.03055573,119.19307709,27.11,-3.613,-1.646,7.513,-0.096,0.02,0.014,-0.17,-2.66,-101.37,1.563,3.808,3.808,100.0,68,0,612
664530,1,1,8,2.06,26.03055763,119.19306946,27.9,26.03055573,119.19307709,27.12,-3.633,-1.642,7.516,-0.095,0.019,0.014,-0.18,-2.66,-101.36,1.563,3.969,3.969,100.0,68,0,613
664733,1,1,7,2.13,26.03055763,119.19306946,28.2,26.03055763,119.19307709,27.41,-3.954,-1.589,7.806,-0.154,0.029,0.059,-0.18,-2.66,-101.37,0.949,3.421,3.421,100.0,69,0,616
664933,1,1,7,2.13,26.03055763,119.19306946,28.2,26.03055763,119.19307709,27.42,-3.985,-1.583,7.818,-0.152,0.028,0.058,-0.17,-2.67,-101.36,0.949,3.562,3.562,100.0,69,0,619
665133,1,1,7,2.13,26.03055763,119.19306946,28.2,26.03055763,119.19307709,27.43,-4.015,-1.578,7.83,-0.152,0.028,0.058,-0.18,-2.67,-101.34,0.949,3.708,3.708,100.0,69,0,621
665333,1,1,7,2.13,26.03055763,119.19306946,28.2,26.03055763,119.19307709,27.44,-4.045,-1.572,7.841,-0.151,0.028,0.057,-0.18,-2.66,-101.38,0.949,3.861,3.861,100.0,69,0,621
665533,1,1,7,2.13,26.03055382,119.19306946,28.2,26.03055763,119.19307709,27.45,-4.075,-1.566,7.852,-0.15,0.028,0.057,-0.18,-2.66,-101.39,0.949,4.019,4.019,100.0,69,0,622
665733,1,1,6,2.13,26.03055382,119.19306946,28.3,26.03055573,119.19306946,27.69,-4.265,-1.675,8.09,-0.18,0.005,0.092,-0.17,-2.66,-101.38,0.6,3.447,3.447,100.0,70,0,625
665933,1,1,6,2.13,26.03055382,119.19306946,28.3,26.03055573,119.19306946,27.71,-4.301,-1.673,8.109,-0.179,0.005,0.091,-0.16,-2.66,-101.36,0.6,3.589,3.589,100.0,70,0,628
666133,1,1,6,2.13,26.03055382,119.19306946,28.3,26.03055573,119.19306946,27.73,-4.337,-1.672,8.127,-0.178,0.005,0.091,-0.17,-2.65,-101.39,0.6,3.736,3.736,100.0,70,0,630
666333,1,1,6,2.13,26.03055382,119.19306946,28.3,26.03055573,119.19306946,27.74,-4.372,-1.671,8.145,-0.177,0.005,0.09,-0.16,-2.66,-101.38,0.6,3.89,3.89,100.0,70,0,630
666533,1,1,6,2.13,26.03054619,119.19306946,28.3,26.03055573,119.19306946,27.76,-4.407,-1.67,8.163,-0.175,0.005,0.09,-0.15,-2.66,-101.38,0.6,4.049,4.049,100.0,70,0,631
666733,1,1,7,2.13,26.03054619,119.19306946,28.6,26.03055191,119.19306946,28.01,-4.494,-2.03,8.406,-0.184,-0.065,0.124,-0.14,-2.66,-101.37,1.101,3.466,3.466,100.0,71,0,634
666933,1,1,7,2.13,26.03054619,119.19306946,28.6,26.03055191,119.19306946,28.03,-4.53,-2.043,8.431,-0.183,-0.065,0.124,-0.14,-2.64,-101.38,1.101,3.608,3.608,100.0,71,0,637
667134,1,1,7,2.13,26.03054619,119.19306946,28.6,26.03055191,119.19306946,28.06,-4.567,-2.056,8.455,-0.182,-0.064,0.123,-0.16,-2.64,-101.38,1.101,3.757,3.757,100.0,71,0,639
667343,1,1,7,2.13,26.03054619,119.19306946,28.6,26.03055191,119.19306946,28.08,-4.605,-2.069,8.481,-0.181,-0.064,0.122,-0.15,-2.64,-101.38,1.101,3.918,3.918,100.0,71,0,639
667543,1,1,7,2.13,26.03054237,119.19306946,28.6,26.03055191,119.19306946,28.11,-4.641,-2.082,8.505,-0.18,-0.064,0.121,-0.15,-2.64,-101.39,1.101,4.078,4.078,100.0,71,0,640
667743,1,1,7,2.13,26.03054237,119.19306946,28.7,26.0305481,119.19306946,28.29,-4.651,-2.46,8.689,-0.174,-0.134,0.146,-0.15,-2.63,-101.4,1.1,3.483,3.483,100.0,72,0,643
667943,1,1,7,2.13,26.03054237,119.19306946,28.7,26.0305481,119.19306946,28.32,-4.685,-2.487,8.719,-0.173,-0.134,0.146,-0.15,-2.64,-101.4,1.1,3.625,3.625,100.0,72,0,647
668143,1,1,7,2.13,26.03054237,119.19306946,28.7,26.0305481,119.19306946,28.35,-4.72,-2.514,8.748,-0.172,-0.133,0.145,-0.15,-2.64,-101.4,1.1,3.773,3.773,100.0,72,0,648
668343,1,1,7,2.13,26.03054237,119.19306946,28.7,26.0305481,119.19306946,28.38,-4.754,-2.541,8.777,-0.171,-0.133,0.145,-0.16,-2.65,-101.4,1.1,3.928,3.928,100.0,72,0,648
668543,1,1,7,2.13,26.03054237,119.19306946,28.7,26.0305481,119.19306946,28.41,-4.788,-2.567,8.806,-0.169,-0.132,0.144,-0.15,-2.65,-101.39,1.1,4.088,4.088,100.0,72,0,649
668743,1,1,7,2.13,26.03054237,119.19306946,28.5,26.03054619,119.19306946,28.46,-4.747,-2.797,8.857,-0.154,-0.171,0.147,-0.15,-2.66,-101.38,0.647,3.491,3.491,100.0,73,0,652
668943,1,1,7,2.13,26.03054237,119.19306946,28.5,26.03054619,119.19306946,28.49,-4.778,-2.831,8.886,-0.153,-0.17,0.146,-0.14,-2.65,-101.39,0.647,3.633,3.633,100.0,73,0,656
669143,1,1,7,2.13,26.03054237,119.19306946,28.5,26.03054619,119.19306946,28.52,-4.809,-2.865,8.916,-0.152,-0.169,0.145,-0.15,-2.66,-101.39,0.647,3.781,3.781,100.0,73,0,657
669343,1,1,7,2.13,26.03054237,119.19306946,28.5,26.03054428,119.19306946,28.54,-4.839,-2.898,8.944,-0.151,-0.168,0.144,-0.16,-2.65,-101.38,0.647,3.936,3.936,100.0,73,0,657
669544,1,1,7,2.13,26.03054237,119.19306946,28.5,26.03054428,119.19306946,28.57,-4.869,-2.932,8.973,-0.15,-0.168,0.143,-0.16,-2.65,-101.38,0.647,4.097,4.097,100.0,73,0,658
669753,1,1,7,1.26,26.03054237,119.19306946,28.7,26.03054237,119.19306946,28.64,-4.719,-3.109,9.044,-0.114,-0.194,0.148,-0.15,-2.65,-101.36,0.386,2.759,2.759,100.0,74,0,662
669953,1,1,7,1.26,26.03054237,119.19306946,28.7,26.03054237,119.19306946,28.67,-4.742,-3.148,9.073,-0.114,-0.193,0.147,-0.15,-2.67,-101.36,0.386,2.875,2.875,100.0,74,0,665
670153,1,1,7,1.26,26.03054237,119.19306946,28.7,26.03054237,119.19306946,28.7,-4.765,-3.186,9.103,-0.113,-0.192,0.147,-0.15,-2.67,-101.37,0.386,2.998,2.998,100.0,74,0,666
670353,1,1,7,1.26,26.03054237,119.19306946,28.7,26.03054237,119.19306946,28.73,-4.787,-3.225,9.132,-0.112,-0.192,0.146,-0.15,-2.68,-101.36,0.386,3.129,3.129,100.0,74,0,666
670553,1,1,7,1.26,26.03054237,119.19306946,28.7,26.03054237,119.19306946,28.76,-4.81,-3.263,9.161,-0.111,-0.191,0.145,-0.15,-2.67,-101.38,0.386,3.267,3.267,100.0,74,0,668
670753,1,1,7,1.26,26.03054237,119.19306946,28.7,26.03054237,119.19306946,28.77,-4.716,-3.256,9.166,-0.087,-0.18,0.14,-0.17,-2.67,-101.38,0.257,2.484,2.484,100.0,75,0,670
670953,1,1,7,1.26,26.03054237,119.19306946,28.7,26.03054047,119.19306946,28.79,-4.734,-3.292,9.194,-0.086,-0.179,0.14,-0.16,-2.67,-101.38,0.257,2.599,2.599,100.0,75,0,674
671153,1,1,7,1.26,26.03054237,119.19306946,28.7,26.03054047,119.19306946,28.82,-4.751,-3.328,9.222,-0.085,-0.178,0.139,-0.15,-2.66,-101.4,0.257,2.722,2.722,100.0,75,0,675
671353,1,1,7,1.26,26.03054237,119.19306946,28.7,26.03054047,119.19306946,28.85,-4.768,-3.363,9.25,-0.084,-0.177,0.138,-0.15,-2.65,-101.37,0.257,2.853,2.853,100.0,75,0,675
671553,1,1,7,1.26,26.03054237,119.19306946,28.7,26.03054047,119.19306946,28.88,-4.784,-3.399,9.277,-0.084,-0.177,0.138,-0.15,-2.66,-101.39,0.257,2.991,2.991,100.0,75,0,676
671753,1,1,7,1.26,26.03054237,119.19306946,28.7,26.03054047,119.19306946,28.85,-4.708,-3.334,9.245,-0.062,-0.153,0.127,-0.16,-2.67,-101.38,0.311,2.374,2.374,100.0,76,0,679
671953,1,1,7,1.26,26.03054237,119.19306946,28.7,26.03054047,119.19306946,28.87,-4.72,-3.364,9.271,-0.061,-0.152,0.126,-0.15,-2.66,-101.4,0.311,2.493,2.493,100.0,76,0,683
672153,1,1,7,1.26,26.03054237,119.19306946,28.7,26.03054047,119.19306946,28.9,-4.733,-3.395,9.296,-0.061,-0.151,0.126,-0.16,-2.66,-101.39,0.311,2.621,2.621,100.0,76,0,684
672353,1,1,7,1.26,26.03054237,119.19306946,28.7,26.03054047,119.19306946,28.92,-4.745,-3.425,9.321,-0.06,-0.151,0.125,-0.15,-2.66,-101.38,0.311,2.757,2.757,100.0,76,0,684
672553,1,1,7,1.26,26.03054237,119.19306946,28.7,26.03054047,119.19306946,28.95,-4.757,-3.455,9.346,-0.06,-0.15,0.124,-0.15,-2.66,-101.4,0.311,2.899,2.899,100.0,76,0,686
672753,1,1,7,1.26,26.03054237,119.19306946,28.8,26.03054047,119.19306946,28.92,-4.691,-3.365,9.323,-0.041,-0.12,0.116,-0.15,-2.66,-101.38,0.336,2.337,2.337,100.0,77,0,689
672955,1,1,7,1.26,26.03054237,119.19306946,28.8,26.03054047,119.19306946,28.95,-4.699,-3.389,9.346,-0.04,-0.119,0.115,-0.15,-2.66,-101.36,0.336,2.462,2.462,100.0,77,0,692
673163,1,1,7,1.26,26.03054237,119.19306946,28.8,26.03054047,119.19306946,28.97,-4.707,-3.414,9.37,-0.04,-0.119,0.114,-0.15,-2.65,-101.36,0.336,2.599,2.599,100.0,77,0,693
673363,1,1,7,1.26,26.03054237,119.19306946,28.8,26.03054047,119.19306946,28.99,-4.715,-3.437,9.393,-0.039,-0.118,0.114,-0.14,-2.64,-101.38,0.336,2.738,2.738,99.9,77,0,693
673563,1,1,7,1.26,26.03055,119.19306946,28.8,26.03054047,119.19306946,29.02,-4.723,-3.461,9.415,-0.039,-0.117,0.113,-0.15,-2.64,-101.37,0.336,2.885,2.885,99.9,77,0,695
673765,1,1,7,1.26,26.03055,119.19306946,29.1,26.03054428,119.19306946,29.06,-4.669,-3.005,9.461,-0.023,0.003,0.117,-0.15,-2.64,-101.36,1.143,2.336,2.336,99.9,78,0,698
673973,1,1,7,1.26,26.03055,119.19306946,29.1,26.03054428,119.19306946,29.09,-4.674,-3.004,9.486,-0.023,0.003,0.116,-0.14,-2.65,-101.35,1.143,2.467,2.467,99.9,78,0,701
674173,1,1,7,1.26,26.03055,119.19306946,29.1,26.03054428,119.19306946,29.11,-4.678,-3.003,9.509,-0.023,0.003,0.116,-0.14,-2.65,-101.34,1.143,2.601,2.601,99.9,78,0,702
674373,1,1,7,1.26,26.03055,119.19306946,29.1,26.03054428,119.19306946,29.13,-4.683,-3.003,9.532,-0.022,0.002,0.115,-0.14,-2.66,-101.33,1.143,2.743,2.743,100.0,78,0,702
674573,1,1,7,1.26,26.03055,119.19306946,29.1,26.03054428,119.19306946,29.15,-4.687,-3.002,9.555,-0.022,0.002,0.114,-0.14,-2.67,-101.33,1.143,2.89,2.89,100.0,78,0,704
674776,1,1,7,1.26,26.03055,119.19306946,29.1,26.03054619,119.19306946,29.16,-4.645,-2.719,9.559,-0.01,0.073,0.11,-0.15,-2.68,-101.33,0.676,2.345,2.345,100.0,79,0,707
674983,1,1,7,1.26,26.03055,119.19306946,29.1,26.03054619,119.19306946,29.18,-4.647,-2.704,9.582,-0.01,0.072,0.11,-0.16,-2.68,-101.34,0.676,2.476,2.476,100.0,79,0,710
675183,1,1,7,1.26,26.03055,119.19306946,29.1,26.03054619,119.19306946,29.2,-4.649,-2.69,9.604,-0.01,0.071,0.11,-0.14,-2.69,-101.36,0.676,2.611,2.611,100.0,79,0,711
675383,1,1,7,1.26,26.03055,119.19306946,29.1,26.03054619,119.19306946,29.23,-4.651,-2.676,9.626,-0.01,0.071,0.11,-0.13,-2.68,-101.4,0.676,2.753,2.753,100.1,79,0,711
675583,1,1,7,1.26,26.03054619,119.19306946,29.1,26.03054619,119.19306946,29.25,-4.653,-2.661,9.648,-0.01,0.071,0.109,-0.13,-2.67,-101.4,0.676,2.901,2.901,100.1,79,0,713
675783,1,1,7,1.26,26.03054619,119.19306946,29.2,26.03054619,119.19306946,29.25,-4.623,-2.691,9.654,-0.001,0.06,0.106,-0.13,-2.65,-101.41,0.127,2.348,2.348,100.1,80,0,716
675983,1,1,7,1.26,26.03054619,119.19306946,29.2,26.03054619,119.19306946,29.27,-4.624,-2.679,9.675,-0.001,0.06,0.104,-0.13,-2.65,-101.4,0.127,2.475,2.475,100.1,80,0,719
676183,1,1,7,1.26,26.03054619,119.19306946,29.2,26.03054619,119.19306946,29.3,-4.624,-2.667,9.695,-0.001,0.059,0.103,-0.12,-2.66,-101.4,0.127,2.609,2.609,100.1,80,0,720
676383,1,1,7,1.26,26.03054619,119.19306946,29.2,26.03054619,119.19306946,29.32,-4.624,-2.655,9.716,-0.001,0.059,0.102,-0.14,-2.65,-101.41,0.127,2.75,2.75,100.0,80,0,720
676583,1,1,7,1.26,26.03055,119.19306946,29.2,26.0305481,119.19306946,29.34,-4.624,-2.643,9.736,-0.001,0.059,0.101,-0.14,-2.65,-101.4,0.127,2.897,2.897,100.0,80,0,722
676786,1,1,7,1.26,26.03055,119.19306946,29.3,26.0305481,119.19306946,29.34,-4.605,-2.502,9.744,0.004,0.09,0.098,-0.13,-2.67,-101.41,0.309,2.349,2.349,100.0,81,0,725
676994,1,1,7,1.26,26.03055,119.19306946,29.3,26.0305481,119.19306946,29.36,-4.604,-2.483,9.765,0.004,0.09,0.098,-0.13,-2.66,-101.41,0.309,2.481,2.481,100.0,81,0,729
677203,1,1,7,1.26,26.03055,119.19306946,29.3,26.0305481,119.19306946,29.39,-4.603,-2.465,9.785,0.004,0.089,0.098,-0.14,-2.66,-101.39,0.309,2.621,2.621,100.0,81,0,729
677403,1,1,7,1.26,26.03055,119.19306946,29.3,26.0305481,119.19306946,29.4,-4.603,-2.447,9.805,0.004,0.088,0.097,-0.14,-2.66,-101.39,0.309,2.761,2.761,100.0,81,0,729
677603,1,1,7,1.26,26.03055,119.19306946,29.3,26.03055,119.19306946,29.42,-4.602,-2.429,9.824,0.004,0.088,0.096,-0.14,-2.67,-101.39,0.309,2.908,2.908,100.0,81,0,731
677803,1,1,7,1.26,26.03055,119.19306946,29.3,26.03055,119.19306946,29.41,-4.591,-2.373,9.805,0.007,0.097,0.089,-0.14,-2.67,-101.39,0.095,2.359,2.359,100.0,82,0,734
678003,1,1,7,1.26,26.03055,119.19306946,29.3,26.03055,119.19306946,29.42,-4.59,-2.353,9.823,0.007,0.096,0.089,-0.13,-2.67,-101.39,0.095,2.485,2.485,100.0,82,0,738
678203,1,1,7,1.26,26.03055,119.19306946,29.3,26.03055,119.19306946,29.44,-4.588,-2.334,9.841,0.007,0.096,0.088,-0.13,-2.66,-101.4,0.095,2.619,2.619,100.0,82,0,738
678403,1,1,7,1.26,26.03055,119.19306946,29.3,26.03055,119.19306946,29.46,-4.587,-2.315,9.858,0.007,0.095,0.087,-0.13,-2.67,-101.4,0.095,2.759,2.759,100.0,82,0,738
678603,1,1,7,1.26,26.03054619,119.19306946,29.3,26.03055,119.19306946,29.48,-4.585,-2.296,9.875,0.007,0.095,0.087,-0.14,-2.68,-101.4,0.095,2.906,2.906,100.0,82,0,740
678805,1,1,7,1.26,26.03054619,119.19306946,29.3,26.0305481,119.19306946,29.44,-4.581,-2.475,9.839,0.008,0.046,0.078,-0.13,-2.67,-101.38,0.466,2.358,2.358,100.0,83,0,743
679005,1,1,7,1.26,26.03054619,119.19306946,29.3,26.0305481,119.19306946,29.45,-4.579,-2.466,9.855,0.009,0.046,0.078,-0.13,-2.66,-101.38,0.466,2.485,2.485,100.0,83,0,747
679214,1,1,7,1.26,26.03054619,119.19306946,29.3,26.0305481,119.19306946,29.47,-4.578,-2.457,9.871,0.009,0.045,0.078,-0.13,-2.66,-101.38,0.466,2.624,2.624,100.0,83,0,747
679424,1,1,7,1.26,26.03054619,119.19306946,29.3,26.0305481,119.19306946,29.49,-4.576,-2.447,9.887,0.009,0.045,0.077,-0.14,-2.66,-101.38,0.466,2.772,2.772,99.8,83,0,747
679633,1,1,7,1.26,26.03054619,119.19306946,29.5,26.0305481,119.19306946,29.5,-4.576,-2.569,9.902,0.008,0.011,0.077,-0.14,-2.66,-101.38,0.323,2.252,2.252,99.8,84,0,750
679834,1,1,7,1.26,26.03054619,119.19306946,29.5,26.0305481,119.19306946,29.52,-4.574,-2.567,9.918,0.008,0.011,0.076,-0.15,-2.65,-101.37,0.323,2.372,2.372,99.8,84,0,753
680043,1,1,7,1.26,26.03054619,119.19306946,29.5,26.0305481,119.19306946,29.53,-4.573,-2.565,9.934,0.008,0.011,0.076,-0.15,-2.66,-101.36,0.323,2.505,2.505,99.8,84,0,756
680243,1,1,7,1.26,26.03054619,119.19306946,29.5,26.0305481,119.19306946,29.55,-4.571,-2.562,9.949,0.008,0.011,0.076,-0.15,-2.65,-101.37,0.323,2.639,2.639,99.8,84,0,756
680443,1,1,7,1.26,26.03054619,119.19306946,29.5,26.0305481,119.19306946,29.56,-4.569,-2.56,9.964,0.008,0.01,0.075,-0.15,-2.67,-101.36,0.323,2.78,2.78,100.2,84,0,756
680665,1,1,7,1.26,26.03054619,119.19304657,29.7,26.0305481,119.19306183,29.62,-5.51,-2.641,10.017,-0.232,-0.011,0.081,-0.15,-2.67,-101.35,2.309,2.268,2.268,100.2,85,0,759
680873,1,1,7,1.26,26.03054619,119.19304657,29.7,26.0305481,119.19306183,29.63,-5.558,-2.643,10.033,-0.23,-0.01,0.08,-0.15,-2.65,-101.35,2.309,2.393,2.393,100.2,85,0,762
681073,1,1,7,1.26,26.03054619,119.19304657,29.7,26.0305481,119.19306183,29.65,-5.604,-2.645,10.049,-0.229,-0.01,0.08,-0.15,-2.64,-101.35,2.309,2.522,2.522,100.2,85,0,765
681273,1,1,7,1.26,26.03054619,119.19304657,29.7,26.0305481,119.19306183,29.67,-5.65,-2.647,10.065,-0.227,-0.01,0.079,-0.14,-2.63,-101.35,2.309,2.657,2.657,100.2,85,0,765
681473,1,1,7,1.26,26.03054619,119.19304657,29.7,26.0305481,119.19306183,29.68,-5.695,-2.649,10.081,-0.227,-0.01,0.079,-0.15,-2.63,-101.35,2.309,2.798,2.798,99.7,85,0,765
681676,1,1,7,1.26,26.03054619,119.19306946,29.3,26.03054619,119.19306183,29.58,-5.269,-2.696,9.98,-0.106,-0.022,0.057,-0.15,-2.63,-101.38,1.156,2.275,2.275,99.7,86,0,768
681885,1,1,7,1.26,26.03054619,119.19306946,29.3,26.03054619,119.19306183,29.59,-5.291,-2.7,9.992,-0.105,-0.021,0.057,-0.15,-2.62,-101.37,1.156,2.402,2.402,99.7,86,0,771
682093,1,1,7,1.26,26.03054619,119.19306946,29.3,26.03054619,119.19306183,29.6,-5.313,-2.705,10.004,-0.104,-0.021,0.057,-0.15,-2.64,-101.38,1.156,2.536,2.536,99.7,86,0,774
682293,1,1,7,1.26,26.03054619,119.19306946,29.3,26.03054619,119.19306183,29.62,-5.334,-2.709,10.015,-0.104,-0.021,0.056,-0.15,-2.63,-101.42,1.156,2.672,2.672,99.7,86,0,774
682493,1,1,7,1.26,26.03054619,119.19306946,29.3,26.03054619,119.19306183,29.63,-5.355,-2.714,10.027,-0.103,-0.021,0.056,-0.15,-2.64,-101.39,1.156,2.814,2.814,99.7,86,0,774
682696,1,1,7,1.26,26.03054237,119.19306946,29.2,26.03054428,119.19306183,29.51,-5.049,-2.911,9.908,-0.021,-0.07,0.033,-0.18,-2.65,-101.38,0.918,2.285,2.285,99.7,87,0,778
682903,1,1,7,1.26,26.03054237,119.19306946,29.2,26.03054428,119.19306183,29.52,-5.054,-2.926,9.915,-0.021,-0.07,0.033,-0.18,-2.65,-101.38,0.918,2.412,2.412,99.7,87,0,781
683103,1,1,7,1.26,26.03054237,119.19306946,29.2,26.03054428,119.19306183,29.52,-5.058,-2.94,9.922,-0.02,-0.069,0.033,-0.18,-2.64,-101.39,0.918,2.541,2.541,99.7,87,0,783
683303,1,1,7,1.26,26.03054237,119.19306946,29.2,26.03054428,119.19306183,29.53,-5.062,-2.953,9.928,-0.02,-0.069,0.032,-0.18,-2.65,-101.39,0.918,2.677,2.677,99.7,87,0,783
683503,1,1,7,1.26,26.03054237,119.19306946,29.2,26.03054428,119.19306183,29.53,-5.066,-2.967,9.935,-0.019,-0.069,0.033,-0.16,-2.65,-101.39,0.918,2.82,2.82,99.6,87,0,783
683715,1,1,7,1.26,26.03054237,119.19306946,29.2,26.03054428,119.19306946,29.44,-4.867,-3.068,9.84,0.032,-0.09,0.015,-0.16,-2.66,-101.39,0.532,2.296,2.296,99.6,88,0,787
683916,1,1,7,1.26,26.03054237,119.19306946,29.2,26.03054237,119.19306946,29.44,-4.861,-3.086,9.843,0.032,-0.09,0.015,-0.17,-2.66,-101.42,0.532,2.419,2.419,99.6,88,0,790
684123,1,1,7,1.26,26.03054237,119.19306946,29.2,26.03054237,119.19306946,29.45,-4.854,-3.105,9.847,0.032,-0.09,0.015,-0.16,-2.65,-101.44,0.532,2.553,2.553,99.6,88,0,792
684323,1,1,7,1.26,26.03054237,119.19306946,29.2,26.03054237,119.19306946,29.45,-4.847,-3.123,9.85,0.032,-0.089,0.015,-0.16,-2.64,-101.45,0.532,2.69,2.69,101.0,88,0,792
684523,1,1,7,1.26,26.03054237,119.19306946,29.2,26.03054237,119.19306946,29.45,-4.841,-3.141,9.853,0.032,-0.089,0.015,-0.17,-2.65,-101.43,0.532,2.834,2.834,101.0,88,0,793
684723,1,1,7,1.26,26.03054237,119.19306946,29.2,26.03054237,119.19306946,29.38,-4.727,-3.173,9.779,0.059,-0.092,0.001,-0.17,-2.65,-101.4,0.261,2.3,2.3,101.0,89,0,796
684923,1,1,7,1.26,26.03054237,119.19306946,29.2,26.03054237,119.19306946,29.38,-4.716,-3.191,9.78,0.058,-0.092,0.001,-0.18,-2.66,-101.38,0.261,2.423,2.423,101.0,89,0,799
685123,1,1,7,1.26,26.03054237,119.19306946,29.2,26.03054237,119.19306946,29.38,-4.704,-3.209,9.78,0.058,-0.091,0.001,-0.19,-2.66,-101.38,0.261,2.553,2.553,101.0,89,0,801
685323,1,1,7,1.26,26.03054237,119.19306946,29.2,26.03054237,119.19306946,29.38,-4.692,-3.227,9.78,0.058,-0.091,0.0,-0.18,-2.66,-101.41,0.261,2.69,2.69,100.0,89,0,801
685523,1,1,7,1.26,26.03054619,119.19304657,29.2,26.03054237,119.19306946,29.38,-4.681,-3.246,9.78,0.058,-0.091,-0.001,-0.17,-2.67,-101.38,0.261,2.833,2.833,100.0,89,0,802
685729,1,1,8,1.11,26.03054619,119.19304657,29.7,26.03054428,119.19306183,29.48,-5.721,-3.027,9.876,-0.205,-0.031,0.016,-0.17,-2.66,-101.36,2.249,2.18,2.18,100.0,90,0,805
685934,1,1,8,1.11,26.03054619,119.19304657,29.7,26.03054428,119.1930542,29.48,-5.763,-3.033,9.879,-0.204,-0.03,0.017,-0.17,-2.66,-101.36,2.249,2.3,2.3,100.0,90,0,808
686143,1,1,8,1.11,26.03054619,119.19304657,29.7,26.03054428,119.1930542,29.48,-5.805,-3.039,9.882,-0.203,-0.03,0.016,-0.18,-2.65,-101.37,2.249,2.431,2.431,100.0,90,0,810
686343,1,1,8,1.11,26.03054619,119.19304657,29.7,26.03054428,119.1930542,29.49,-5.846,-3.045,9.886,-0.202,-0.03,0.016,-0.17,-2.66,-101.39,2.249,2.564,2.564,100.0,90,0,810
686543,1,1,8,1.11,26.03055,119.19304657,29.7,26.03054428,119.1930542,29.49,-5.886,-3.051,9.889,-0.201,-0.03,0.015,-0.18,-2.67,-101.4,2.249,2.703,2.703,100.0,90,0,811
686743,1,1,8,1.11,26.03055,119.19304657,29.8,26.03054619,119.1930542,29.58,-6.365,-2.73,9.985,-0.311,0.053,0.031,-0.16,-2.67,-101.38,1.202,2.128,2.128,100.0,91,0,814
686943,1,1,8,1.11,26.03055,119.19304657,29.8,26.03054619,119.1930542,29.59,-6.427,-2.72,9.991,-0.31,0.053,0.031,-0.16,-2.67,-101.38,1.202,2.246,2.246,100.0,91,0,817
687143,1,1,8,1.11,26.03055,119.19304657,29.8,26.03054619,119.19304657,29.6,-6.489,-2.709,9.997,-0.308,0.053,0.031,-0.16,-2.67,-101.38,1.202,2.371,2.371,100.0,91,0,819
687343,1,1,8,1.11,26.03055,119.19304657,29.8,26.03054619,119.19304657,29.6,-6.55,-2.699,10.003,-0.306,0.053,0.031,-0.16,-2.67,-101.38,1.202,2.503,2.503,100.0,91,0,819
687543,1,1,8,1.11,26.03054237,119.19304657,29.8,26.03054619,119.19304657,29.61,-6.611,-2.688,10.01,-0.304,0.052,0.03,-0.16,-2.67,-101.37,1.202,2.643,2.643,100.0,91,0,820
687746,1,1,8,1.11,26.03054237,119.19304657,29.6,26.03054428,119.19304657,29.61,-6.775,-2.9,10.012,-0.329,-0.006,0.03,-0.15,-2.67,-101.37,0.552,2.105,2.105,100.0,92,0,823
687953,1,1,8,1.11,26.03054237,119.19304657,29.6,26.03054428,119.19304657,29.62,-6.843,-2.902,10.018,-0.327,-0.006,0.03,-0.14,-2.67,-101.38,0.552,2.228,2.228,100.0,92,0,827
688153,1,1,8,1.11,26.03054237,119.19304657,29.6,26.03054428,119.19304657,29.62,-6.908,-2.903,10.024,-0.326,-0.006,0.031,-0.15,-2.66,-101.38,0.552,2.354,2.354,100.0,92,0,828
688353,1,1,8,1.11,26.03054237,119.19304657,29.6,26.03054428,119.19304657,29.63,-6.973,-2.904,10.031,-0.324,-0.005,0.03,-0.15,-2.65,-101.4,0.552,2.488,2.488,99.9,92,0,828
688553,1,1,8,1.11,26.03054237,119.19304657,29.6,26.03054428,119.19304657,29.64,-7.038,-2.905,10.037,-0.322,-0.005,0.03,-0.13,-2.64,-101.41,0.552,2.629,2.629,99.9,92,0,830
688753,1,1,8,1.11,26.03054237,119.19304657,29.7,26.03054428,119.19304657,29.66,-7.016,-3.03,10.061,-0.297,-0.038,0.033,-0.13,-2.65,-101.43,0.341,2.1,2.1,99.9,93,0,832
688953,1,1,8,1.11,26.03054237,119.19304657,29.7,26.03054428,119.19304657,29.67,-7.075,-3.037,10.067,-0.296,-0.038,0.033,-0.13,-2.64,-101.42,0.341,2.22,2.22,99.9,93,0,836
689153,1,1,8,1.11,26.03054237,119.19304657,29.7,26.03054428,119.19304657,29.67,-7.134,-3.045,10.074,-0.294,-0.037,0.033,-0.13,-2.63,-101.43,0.341,2.348,2.348,99.9,93,0,837
689353,1,1,8,1.11,26.03054237,119.19304657,29.7,26.03054428,119.19304657,29.68,-7.193,-3.052,10.08,-0.293,-0.037,0.032,-0.13,-2.64,-101.42,0.341,2.482,2.482,100.1,93,0,837
689553,1,1,8,1.11,26.03054237,119.19304657,29.7,26.03054428,119.19303894,29.69,-7.251,-3.059,10.087,-0.291,-0.037,0.033,-0.14,-2.64,-101.37,0.341,2.624,2.624,100.1,93,0,838
689753,1,1,8,1.11,26.03054237,119.19304657,29.9,26.03054237,119.19304657,29.76,-7.13,-3.121,10.157,-0.243,-0.051,0.044,-0.15,-2.64,-101.39,0.424,2.099,2.099,100.1,94,0,841
689953,1,1,8,1.11,26.03054237,119.19304657,29.9,26.03054237,119.19304657,29.77,-7.178,-3.131,10.165,-0.241,-0.051,0.043,-0.14,-2.64,-101.41,0.424,2.219,2.219,100.1,94,0,845
690153,1,1,8,1.11,26.03054237,119.19304657,29.9,26.03054237,119.19304657,29.77,-7.227,-3.141,10.174,-0.24,-0.05,0.043,-0.14,-2.64,-101.4,0.424,2.347,2.347,100.1,94,0,846
690353,1,1,8,1.11,26.03054237,119.19304657,29.9,26.03054237,119.19303894,29.78,-7.274,-3.151,10.182,-0.239,-0.05,0.042,-0.16,-2.65,-101.38,0.424,2.482,2.482,100.0,94,0,846
690553,1,1,8,1.11,26.03054237,119.19304657,29.9,26.03054237,119.19303894,29.79,-7.322,-3.161,10.191,-0.237,-0.05,0.042,-0.15,-2.65,-101.39,0.424,2.624,2.624,100.0,94,0,848
690754,1,1,8,1.11,26.03054237,119.19304657,30.0,26.03054237,119.19304657,29.86,-7.161,-3.18,10.261,-0.181,-0.052,0.053,-0.16,-2.65,-101.42,0.473,2.1,2.1,100.0,95,0,850
690963,1,1,8,1.11,26.03054237,119.19304657,30.0,26.03054237,119.19304657,29.87,-7.199,-3.191,10.272,-0.18,-0.052,0.052,-0.16,-2.64,-101.4,0.473,2.226,2.226,100.0,95,0,854
691163,1,1,8,1.11,26.03054237,119.19304657,30.0,26.03054237,119.19304657,29.88,-7.235,-3.201,10.283,-0.179,-0.051,0.053,-0.16,-2.65,-101.4,0.473,2.354,2.354,100.0,95,0,855
691363,1,1,8,1.11,26.03054237,119.19304657,30.0,26.03054237,119.19303894,29.89,-7.27,-3.211,10.293,-0.178,-0.051,0.052,-0.16,-2.65,-101.4,0.473,2.489,2.489,100.0,95,0,855
691563,1,1,8,1.11,26.03054237,119.19304657,30.0,26.03054237,119.19303894,29.9,-7.306,-3.222,10.303,-0.177,-0.051,0.051,-0.15,-2.67,-101.39,0.473,2.631,2.631,100.0,95,0,857
691764,1,1,8,1.11,26.03054237,119.19304657,30.2,26.03054237,119.19304657,30.0,-7.142,-3.214,10.402,-0.123,-0.046,0.066,-0.16,-2.67,-101.4,0.452,2.106,2.106,100.0,96,0,860
691973,1,1,8,1.11,26.03054237,119.19304657,30.2,26.03054237,119.19304657,30.02,-7.168,-3.224,10.416,-0.123,-0.046,0.066,-0.17,-2.66,-101.39,0.452,2.232,2.232,100.0,96,0,863
692173,1,1,8,1.11,26.03054237,119.19304657,30.2,26.03054237,119.19304657,30.03,-7.193,-3.233,10.429,-0.122,-0.045,0.066,-0.16,-2.66,-101.4,0.452,2.361,2.361,100.0,96,0,864
692373,1,1,8,1.11,26.03054237,119.19304657,30.2,26.03054237,119.19304657,30.04,-7.217,-3.242,10.442,-0.121,-0.045,0.065,-0.16,-2.65,-101.39,0.452,2.496,2.496,100.0,96,0,864
692573,1,1,8,1.11,26.03054237,119.19304657,30.2,26.03054237,119.19304657,30.06,-7.241,-3.251,10.455,-0.12,-0.045,0.065,-0.16,-2.66,-101.37,0.452,2.639,2.639,100.0,96,0,866
692774,1,1,8,1.11,26.03054237,119.19304657,30.4,26.03054237,119.19304657,30.17,-7.097,-3.23,10.571,-0.075,-0.037,0.082,-0.15,-2.68,-101.39,0.386,2.111,2.111,100.0,97,0,869
692983,1,1,8,1.11,26.03054237,119.19304657,30.4,26.03054237,119.19304657,30.19,-7.112,-3.237,10.588,-0.075,-0.037,0.082,-0.15,-2.67,-101.4,0.386,2.238,2.238,100.0,97,0,872
693183,1,1,8,1.11,26.03054237,119.19304657,30.4,26.03054237,119.19304657,30.2,-7.127,-3.245,10.605,-0.074,-0.037,0.082,-0.13,-2.68,-101.38,0.386,2.367,2.367,100.0,97,0,873
693383,1,1,8,1.11,26.03054237,119.19304657,30.4,26.03054237,119.19304657,30.22,-7.142,-3.252,10.621,-0.073,-0.037,0.082,-0.14,-2.67,-101.4,0.386,2.503,2.503,100.0,97,0,873
693583,1,1,8,1.11,26.03054237,119.19304657,30.4,26.03054237,119.19304657,30.24,-7.156,-3.259,10.637,-0.073,-0.036,0.081,-0.13,-2.67,-101.42,0.386,2.645,2.645,100.0,97,0,875
693786,1,1,8,1.11,26.03054237,119.19304657,30.5,26.03054237,119.19304657,30.33,-7.042,-3.233,10.732,-0.038,-0.027,0.094,-0.13,-2.66,-101.42,0.301,2.119,2.119,100.0,98,0,878
693993,1,1,8,1.11,26.03054237,119.19304657,30.5,26.03054237,119.19304657,30.35,-7.049,-3.238,10.752,-0.038,-0.027,0.094,-0.13,-2.66,-101.39,0.301,2.245,2.245,100.0,98,0,881
694193,1,1,8,1.11,26.03054237,119.19304657,30.5,26.03054237,119.19304657,30.37,-7.057,-3.244,10.77,-0.038,-0.027,0.094,-0.13,-2.66,-101.4,0.301,2.374,2.374,100.0,98,0,882
694393,1,1,8,1.11,26.03054237,119.19304657,30.5,26.03054237,119.19304657,30.39,-7.064,-3.249,10.789,-0.037,-0.027,0.093,-0.13,-2.65,-101.4,0.301,2.51,2.51,100.0,98,0,882
694593,1,1,8,1.11,26.03054619,119.19303131,30.5,26.03054237,119.19304657,30.41,-7.072,-3.254,10.807,-0.037,-0.026,0.092,-0.14,-2.65,-101.38,0.301,2.653,2.653,100.0,98,0,884
694793,1,1,8,1.11,26.03054619,119.19303131,30.7,26.03054428,119.19303894,30.51,-7.668,-3.039,10.913,-0.191,0.032,0.106,-0.13,-2.65,-101.38,1.411,2.122,2.122,100.0,99,0,887
694993,1,1,8,1.11,26.03054619,119.19303131,30.7,26.03054428,119.19303894,30.53,-7.706,-3.033,10.934,-0.19,0.031,0.106,-0.13,-2.66,-101.41,1.411,2.244,2.244,100.0,99,0,890
695193,1,1,8,1.11,26.03054619,119.19303131,30.7,26.03054428,119.19303894,30.56,-7.744,-3.026,10.956,-0.189,0.031,0.105,-0.13,-2.66,-101.44,1.411,2.373,2.373,100.0,99,0,891
695393,1,1,8,1.11,26.03054619,119.19303131,30.7,26.03054428,119.19303894,30.58,-7.782,-3.02,10.976,-0.188,0.031,0.104,-0.13,-2.66,-101.44,1.411,2.509,2.509,100.0,99,0,891
695593,1,1,8,1.11,26.03054619,119.19304657,30.7,26.03054428,119.19303894,30.6,-7.819,-3.014,10.997,-0.187,0.031,0.103,-0.13,-2.66,-101.46,1.411,2.652,2.652,100.0,99,0,893
695797,1,1,8,1.11,26.03054619,119.19304657,30.7,26.03054428,119.19303894,30.65,-7.429,-2.895,11.048,-0.074,0.06,0.108,-0.13,-2.66,-101.45,0.992,2.123,2.123,100.0,100,0,896
696003,1,1,8,1.11,26.03054619,119.19304657,30.7,26.03054428,119.19303894,30.67,-7.445,-2.883,11.07,-0.073,0.06,0.107,-0.12,-2.65,-101.42,0.992,2.248,2.248,100.0,100,0,899
696203,1,1,8,1.11,26.03054619,119.19304657,30.7,26.03054428,119.19303894,30.69,-7.459,-2.871,11.091,-0.073,0.06,0.107,-0.13,-2.66,-101.42,0.992,2.377,2.377,100.0,100,0,900
696403,1,1,8,1.11,26.03054619,119.19304657,30.7,26.03054619,119.19303894,30.71,-7.474,-2.859,11.113,-0.072,0.06,0.106,-0.13,-2.65,-101.42,0.992,2.514,2.514,100.0,100,0,900
696603,1,1,8,1.11,26.03054619,119.19304657,30.7,26.03054619,119.19303894,30.73,-7.488,-2.847,11.134,-0.072,0.059,0.106,-0.14,-2.66,-101.41,0.992,2.656,2.656,100.0,100,0,902
696803,1,1,8,1.11,26.03054619,119.19304657,30.7,26.03054619,119.19304657,30.74,-7.225,-2.797,11.144,0.001,0.069,0.104,-0.14,-2.65,-101.39,0.628,2.125,2.125,100.0,101,0,905
697003,1,1,8,1.11,26.03054619,119.19304657,30.7,26.03054619,119.19304657,30.76,-7.225,-2.784,11.165,0.002,0.069,0.104,-0.13,-2.65,-101.39,0.628,2.247,2.247,100.0,101,0,908
697203,1,1,8,1.11,26.03054619,119.19304657,30.7,26.03054619,119.19304657,30.79,-7.224,-2.77,11.185,0.001,0.068,0.103,-0.14,-2.66,-101.39,0.628,2.377,2.377,100.0,101,0,909
697403,1,1,8,1.11,26.03054619,119.19304657,30.7,26.03054619,119.19304657,30.81,-7.224,-2.756,11.206,0.001,0.068,0.103,-0.14,-2.65,-101.39,0.628,2.513,2.513,100.0,101,0,909
697604,1,1,8,1.11,26.03054237,119.19304657,30.7,26.03054619,119.19304657,30.83,-7.224,-2.743,11.227,0.002,0.067,0.102,-0.14,-2.67,-101.4,0.628,2.657,2.657,100.0,101,0,911
697806,1,1,8,1.11,26.03054237,119.19304657,30.5,26.03054428,119.19304657,30.75,-7.065,-2.927,11.147,0.043,0.015,0.085,-0.14,-2.67,-101.42,0.569,2.129,2.129,100.0,102,0,914
698015,1,1,8,1.11,26.03054237,119.19304657,30.5,26.03054428,119.19304657,30.76,-7.056,-2.924,11.165,0.043,0.015,0.084,-0.14,-2.67,-101.42,0.569,2.257,2.257,100.0,102,0,918
698223,1,1,8,1.11,26.03054237,119.19304657,30.5,26.03054428,119.19304657,30.78,-7.047,-2.921,11.182,0.043,0.015,0.084,-0.14,-2.68,-101.4,0.569,2.392,2.392,100.0,102,0,918
698423,1,1,8,1.11,26.03054237,119.19304657,30.5,26.03054428,119.19304657,30.8,-7.038,-2.918,11.199,0.043,0.015,0.084,-0.14,-2.68,-101.41,0.569,2.529,2.529,100.0,102,0,918
698623,1,1,8,1.11,26.03054619,119.19304657,30.5,26.03054428,119.19304657,30.82,-7.03,-2.915,11.216,0.043,0.015,0.083,-0.13,-2.68,-101.4,0.569,2.673,2.673,100.0,102,0,920
698823,1,1,8,1.11,26.03054619,119.19304657,30.5,26.03054619,119.19304657,30.74,-6.949,-2.843,11.136,0.061,0.033,0.067,-0.14,-2.69,-101.4,0.223,2.137,2.137,100.0,103,0,923
699023,1,1,8,1.11,26.03054619,119.19304657,30.5,26.03054619,119.19304657,30.75,-6.937,-2.836,11.149,0.061,0.032,0.066,-0.14,-2.69,-101.4,0.223,2.259,2.259,100.0,103,0,927
699223,1,1,8,1.11,26.03054619,119.19304657,30.5,26.03054619,119.19304657,30.76,-6.925,-2.83,11.162,0.06,0.033,0.066,-0.15,-2.69,-101.39,0.223,2.39,2.39,100.0,103,0,927
699423,1,1,8,1.11,26.03054619,119.19304657,30.5,26.03054619,119.19304657,30.78,-6.913,-2.823,11.175,0.06,0.032,0.066,-0.15,-2.69,-101.38,0.223,2.527,2.527,100.0,103,0,927
699623,1,1,8,1.11,26.03055,119.19301605,30.5,26.03054619,119.19304657,30.79,-6.901,-2.817,11.189,0.06,0.032,0.066,-0.16,-2.69,-101.39,0.223,2.67,2.67,100.0,103,0,929
699826,1,1,8,1.11,26.03055,119.19301605,30.5,26.0305481,119.19303131,30.71,-8.244,-2.595,11.114,-0.293,0.088,0.051,-0.17,-2.7,-101.39,3.059,2.137,2.137,100.0,104,0,932
700033,1,1,8,1.11,26.03055,119.19301605,30.5,26.0305481,119.19303131,30.72,-8.305,-2.577,11.124,-0.291,0.088,0.051,-0.16,-2.7,-101.41,3.059,2.264,2.264,100.0,104,0,936
700233,1,1,8,1.11,26.03055,119.19301605,30.5,26.0305481,119.19303131,30.73,-8.363,-2.559,11.134,-0.29,0.087,0.05,-0.16,-2.7,-101.43,3.059,2.395,2.395,100.0,104,0,936
700433,1,1,8,1.11,26.03055,119.19301605,30.5,26.0305481,119.19303131,30.74,-8.421,-2.542,11.144,-0.288,0.087,0.05,-0.15,-2.7,-101.42,3.059,2.532,2.532,100.0,104,0,936
700633,1,1,8,1.11,26.03055,119.19301605,30.4,26.0305481,119.19302368,30.65,-9.092,-2.444,11.05,-0.455,0.109,0.031,-0.15,-2.7,-101.41,1.455,2.028,2.028,100.0,105,0,939
700833,1,1,8,1.11,26.03055,119.19301605,30.4,26.03055,119.19302368,30.66,-9.183,-2.422,11.056,-0.453,0.109,0.031,-0.15,-2.67,-101.39,1.455,2.143,2.143,100.0,105,0,942
701033,1,1,8,1.11,26.03055,119.19301605,30.4,26.03055,119.19302368,30.66,-9.274,-2.401,11.062,-0.45,0.108,0.031,-0.15,-2.67,-101.4,1.455,2.267,2.267,100.0,105,0,945
701233,1,1,8,1.11,26.03055,119.19301605,30.4,26.03055,119.19302368,30.67,-9.363,-2.379,11.068,-0.448,0.108,0.031,-0.14,-2.67,-101.4,1.455,2.397,2.397,100.0,105,0,945
701433,1,1,8,1.11,26.03055,119.19301605,30.4,26.03055,119.19302368,30.67,-9.453,-2.358,11.074,-0.446,0.107,0.031,-0.15,-2.67,-101.4,1.455,2.535,2.535,100.0,105,0,945
701633,1,1,8,1.11,26.03055,119.19301605,30.2,26.03055,119.19301605,30.54,-9.703,-2.336,10.939,-0.488,0.107,0.006,-0.15,-2.66,-101.41,0.379,2.029,2.029,100.0,106,0,948
701833,1,1,8,1.11,26.03055,119.19301605,30.2,26.03055,119.19301605,30.54,-9.801,-2.315,10.94,-0.485,0.106,0.007,-0.14,-2.65,-101.43,0.379,2.145,2.145,100.0,106,0,951
702034,1,1,8,1.11,26.03055,119.19301605,30.2,26.03055,119.19301605,30.54,-9.898,-2.293,10.942,-0.483,0.106,0.006,-0.15,-2.65,-101.41,0.379,2.269,2.269,100.0,106,0,954
702244,1,1,8,1.11,26.03055,119.19301605,30.2,26.03055,119.19301605,30.54,-9.999,-2.271,10.943,-0.48,0.105,0.006,-0.14,-2.66,-101.42,0.379,2.406,2.406,100.0,106,0,954
702444,1,1,8,1.11,26.03055,119.19301605,30.2,26.03055,119.19301605,30.54,-10.095,-2.25,10.944,-0.478,0.105,0.006,-0.14,-2.67,-101.42,0.379,2.545,2.545,100.0,106,0,954
702665,1,1,8,1.11,26.03054619,119.19301605,30.0,26.0305481,119.19301605,30.38,-10.087,-2.455,10.784,-0.444,0.042,-0.022,-0.16,-2.66,-101.4,0.592,2.048,2.048,100.0,107,0,957
702873,1,1,8,1.11,26.03054619,119.19301605,30.0,26.0305481,119.19301605,30.38,-10.179,-2.446,10.779,-0.442,0.042,-0.022,-0.15,-2.66,-101.42,0.592,2.17,2.17,100.0,107,0,960
703073,1,1,8,1.11,26.03054619,119.19301605,30.0,26.03055,119.19301605,30.37,-10.267,-2.438,10.775,-0.44,0.042,-0.023,-0.16,-2.65,-101.41,0.592,2.295,2.295,100.0,107,0,963
703273,1,1,8,1.11,26.03054619,119.19301605,30.0,26.03055,119.19300842,30.37,-10.355,-2.43,10.77,-0.437,0.042,-0.022,-0.16,-2.64,-101.43,0.592,2.427,2.427,100.0,107,0,963
703473,1,1,8,1.11,26.03054619,119.19301605,30.0,26.03055,119.19300842,30.37,-10.442,-2.421,10.766,-0.435,0.041,-0.023,-0.15,-2.65,-101.42,0.592,2.566,2.566,100.0,107,0,963
703679,1,1,8,1.11,26.03054619,119.19301605,29.8,26.0305481,119.19301605,30.19,-10.276,-2.562,10.594,-0.363,0.001,-0.051,-0.15,-2.65,-101.42,0.684,2.057,2.057,100.0,108,0,966
703883,1,1,8,1.11,26.03054619,119.19301605,29.8,26.0305481,119.19300842,30.18,-10.35,-2.562,10.583,-0.362,0.001,-0.05,-0.16,-2.65,-101.38,0.684,2.177,2.177,100.0,108,0,969
704083,1,1,8,1.11,26.03054619,119.19301605,29.8,26.0305481,119.19300842,30.17,-10.422,-2.562,10.573,-0.36,0.001,-0.05,-0.16,-2.65,-101.4,0.684,2.302,2.302,100.0,108,0,972
704283,1,1,8,1.11,26.03054619,119.19301605,29.8,26.0305481,119.19300842,30.16,-10.494,-2.562,10.563,-0.358,0.0,-0.05,-0.15,-2.66,-101.41,0.684,2.435,2.435,100.0,108,0,972
704483,1,1,8,1.11,26.03054619,119.19301605,29.8,26.0305481,119.19300842,30.15,-10.565,-2.562,10.553,-0.356,0.0,-0.05,-0.16,-2.65,-101.42,0.684,2.574,2.574,100.0,108,0,972
704686,1,1,8,1.11,26.03055382,119.19301605,29.5,26.03055,119.19300842,29.95,-10.335,-2.28,10.351,-0.272,0.076,-0.083,-0.16,-2.66,-101.42,0.954,2.061,2.061,100.0,109,0,975
704894,1,1,8,1.11,26.03055382,119.19301605,29.5,26.03055,119.19300842,29.93,-10.392,-2.264,10.334,-0.271,0.076,-0.083,-0.16,-2.66,-101.43,0.954,2.184,2.184,100.0,109,0,978
705103,1,1,8,1.11,26.03055382,119.19301605,29.5,26.03055,119.19300842,29.92,-10.448,-2.248,10.316,-0.27,0.076,-0.082,-0.17,-2.66,-101.41,0.954,2.315,2.315,100.0,109,0,981
705303,1,1,8,1.11,26.03055382,119.19301605,29.5,26.03055,119.19300842,29.9,-10.502,-2.233,10.3,-0.268,0.075,-0.083,-0.16,-2.64,-101.39,0.954,2.449,2.449,100.0,109,0,981
705504,1,1,8,1.11,26.03055382,119.19301605,29.5,26.03055191,119.19300842,29.88,-10.555,-2.218,10.283,-0.266,0.075,-0.082,-0.16,-2.64,-101.39,0.954,2.59,2.59,99.8,109,0,981
705709,1,1,8,1.11,26.03055763,119.19301605,29.2,26.03055382,119.19300842,29.67,-10.318,-1.888,10.065,-0.186,0.159,-0.116,-0.15,-2.64,-101.4,0.984,2.074,2.074,99.8,110,0,985
705914,1,1,8,1.11,26.03055763,119.19301605,29.2,26.03055382,119.19300842,29.64,-10.356,-1.855,10.041,-0.185,0.159,-0.117,-0.15,-2.64,-101.41,0.984,2.196,2.196,99.8,110,0,988
706114,1,1,8,1.11,26.03055763,119.19301605,29.2,26.03055382,119.19300842,29.62,-10.393,-1.823,10.018,-0.184,0.158,-0.116,-0.14,-2.64,-101.39,0.984,2.323,2.323,99.8,110,0,990
706323,1,1,8,1.11,26.03055763,119.19301605,29.2,26.03055573,119.19300842,29.59,-10.431,-1.791,9.994,-0.182,0.157,-0.115,-0.14,-2.63,-101.39,0.984,2.463,2.463,99.8,110,0,990
706523,1,1,8,1.11,26.03055382,119.19301605,29.2,26.03055573,119.19300842,29.57,-10.468,-1.759,9.971,-0.181,0.156,-0.114,-0.14,-2.64,-101.4,0.984,2.604,2.604,99.21,110,0,991
706723,1,1,7,1.15,26.03055382,119.19301605,28.5,26.03055573,119.19301605,29.23,-10.266,-1.799,9.631,-0.116,0.136,-0.168,-0.12,-2.64,-101.41,0.591,2.114,2.114,99.21,111,0,994
706923,1,1,7,1.15,26.03055382,119.19301605,28.5,26.03055573,119.19301605,29.2,-10.289,-1.772,9.597,-0.116,0.135,-0.167,-0.13,-2.63,-101.42,0.591,2.234,2.234,99.21,111,0,997
707123,1,1,7,1.15,26.03055382,119.19301605,28.5,26.03055573,119.19300842,29.16,-10.312,-1.745,9.564,-0.115,0.134,-0.167,-0.12,-2.64,-101.41,0.591,2.363,2.363,99.21,111,0,999
707323,1,1,7,1.15,26.03055382,119.19301605,28.5,26.03055573,119.19300842,29.13,-10.335,-1.718,9.53,-0.115,0.134,-0.166,-0.13,-2.65,-101.38,0.591,2.499,2.499,99.21,111,0,999
707525,1,1,7,1.15,26.03055382,119.19304657,28.5,26.03055573,119.19300842,29.1,-10.358,-1.691,9.497,-0.114,0.133,-0.166,-0.13,-2.66,-101.38,0.591,2.642,2.642,100.0,111,0,1000
707733,1,1,7,1.15,26.03055382,119.19304657,27.5,26.03055573,119.19302368,28.59,-8.883,-1.763,8.988,0.284,0.105,-0.246,-0.13,-2.65,-101.39,3.509,2.139,2.139,100.0,112,0,1003
707933,1,1,7,1.15,26.03055382,119.19304657,27.5,26.03055573,119.19302368,28.54,-8.827,-1.742,8.939,0.282,0.105,-0.245,-0.14,-2.65,-101.39,3.509,2.26,2.26,100.0,112,0,1006
708133,1,1,7,1.15,26.03055382,119.19304657,27.5,26.03055573,119.19303131,28.49,-8.771,-1.721,8.89,0.281,0.104,-0.244,-0.14,-2.65,-101.37,3.509,2.39,2.39,100.0,112,0,1008
708333,1,1,7,1.15,26.03055382,119.19304657,27.5,26.03055573,119.19303131,28.44,-8.714,-1.701,8.841,0.279,0.104,-0.243,-0.14,-2.66,-101.36,3.509,2.526,2.526,100.0,112,0,1008
708535,1,1,7,1.15,26.03055763,119.19303131,27.5,26.03055573,119.19303131,28.39,-8.658,-1.68,8.792,0.278,0.103,-0.242,-0.14,-2.67,-101.36,3.509,2.67,2.67,100.0,112,0,1009
708743,1,1,8,1.15,26.03055763,119.19303131,27.2,26.03055763,119.19303131,27.99,-8.498,-1.579,8.39,0.304,0.124,-0.301,-0.16,-2.65,-101.36,0.299,2.152,2.152,100.0,113,0,1012
708946,1,1,8,1.15,26.03055763,119.19303131,27.2,26.03055763,119.19303131,27.93,-8.437,-1.554,8.329,0.302,0.122,-0.3,-0.16,-2.66,-101.38,0.299,2.275,2.275,100.0,113,0,1016
709153,1,1,8,1.15,26.03055763,119.19303131,27.2,26.03055763,119.19303131,27.87,-8.374,-1.529,8.267,0.301,0.122,-0.298,-0.16,-2.64,-101.39,0.299,2.41,2.41,100.0,113,0,1017
709353,1,1,8,1.15,26.03055763,119.19303131,27.2,26.03055763,119.19303131,27.81,-8.314,-1.504,8.207,0.299,0.121,-0.297,-0.16,-2.66,-101.38,0.299,2.546,2.546,101.0,113,0,1017
709554,1,1,8,1.15,26.03055763,119.19301605,27.2,26.03055763,119.19303131,27.75,-8.254,-1.48,8.148,0.298,0.121,-0.296,-0.15,-2.65,-101.38,0.299,2.69,2.69,101.0,113,0,1019
709763,1,1,8,1.15,26.03055763,119.19301605,26.8,26.03055763,119.19302368,27.41,-8.93,-1.462,7.806,0.104,0.118,-0.342,-0.14,-2.66,-101.37,1.69,2.166,2.166,101.0,114,0,1022
709963,1,1,8,1.15,26.03055763,119.19301605,26.8,26.03055763,119.19302368,27.34,-8.909,-1.438,7.738,0.104,0.117,-0.34,-0.14,-2.66,-101.4,1.69,2.288,2.288,101.0,114,0,1025
710163,1,1,8,1.15,26.03055763,119.19301605,26.8,26.03055763,119.19302368,27.27,-8.888,-1.415,7.67,0.103,0.117,-0.339,-0.14,-2.65,-101.41,1.69,2.418,2.418,101.0,114,0,1026
710363,1,1,8,1.15,26.03055763,119.19301605,26.8,26.03055763,119.19302368,27.2,-8.867,-1.392,7.603,0.103,0.116,-0.337,-0.14,-2.65,-101.39,1.69,2.555,2.555,100.0,114,0,1026
710563,1,1,8,1.15,26.03055382,119.19304657,26.8,26.03055954,119.19302368,27.14,-8.847,-1.368,7.535,0.102,0.116,-0.336,-0.14,-2.65,-101.39,1.69,2.698,2.698,100.0,114,0,1028
710763,1,1,8,1.11,26.03055382,119.19304657,25.7,26.03055573,119.19303894,26.64,-7.93,-1.595,7.041,0.336,0.05,-0.407,-0.14,-2.66,-101.38,2.047,2.134,2.134,100.0,115,0,1031
710968,1,1,8,1.11,26.03055382,119.19304657,25.7,26.03055763,119.19303894,26.56,-7.862,-1.585,6.958,0.334,0.05,-0.404,-0.14,-2.65,-101.39,2.047,2.258,2.258,100.0,115,0,1034
711173,1,1,8,1.11,26.03055382,119.19304657,25.7,26.03055763,119.19303894,26.48,-7.793,-1.575,6.876,0.333,0.05,-0.403,-0.14,-2.65,-101.41,2.047,2.389,2.389,100.0,115,0,1035
711373,1,1,8,1.11,26.03055382,119.19304657,25.7,26.03055763,119.19303894,26.4,-7.727,-1.565,6.795,0.331,0.05,-0.4,-0.15,-2.65,-101.41,2.047,2.525,2.525,100.0,115,0,1035
711575,1,1,8,1.11,26.03055382,119.19303131,25.7,26.03055763,119.19303894,26.31,-7.66,-1.555,6.715,0.329,0.049,-0.398,-0.15,-2.65,-101.39,2.047,2.669,2.669,100.0,115,0,1037
711783,1,1,8,1.11,26.03055382,119.19303131,25.3,26.03055573,119.19303894,25.93,-7.931,-1.706,6.331,0.239,0.007,-0.447,-0.15,-2.63,-101.38,0.834,2.129,2.129,100.0,116,0,1040
711983,1,1,8,1.11,26.03055382,119.19303131,25.3,26.03055573,119.19303894,25.84,-7.883,-1.705,6.242,0.238,0.007,-0.446,-0.16,-2.65,-101.37,0.834,2.25,2.25,100.0,116,0,1043
712183,1,1,8,1.11,26.03055382,119.19303131,25.3,26.03055573,119.19303894,25.75,-7.836,-1.703,6.153,0.237,0.007,-0.444,-0.17,-2.65,-101.38,0.834,2.379,2.379,100.0,116,0,1044
712383,1,1,8,1.11,26.03055382,119.19303131,25.3,26.03055573,119.19303894,25.66,-7.788,-1.702,6.064,0.235,0.007,-0.442,-0.17,-2.64,-101.38,0.834,2.515,2.515,100.0,116,0,1044
712583,1,1,8,1.11,26.03055382,119.19304657,25.3,26.03055573,119.19303894,25.58,-7.741,-1.701,5.976,0.235,0.007,-0.439,-0.16,-2.64,-101.4,0.834,2.658,2.658,100.0,116,0,1046
712786,1,1,8,1.11,26.03055382,119.19304657,24.8,26.03055573,119.19303894,25.26,-7.308,-1.793,5.657,0.335,-0.018,-0.477,-0.16,-2.64,-101.42,0.888,2.125,2.125,100.0,117,0,1049
712993,1,1,8,1.11,26.03055382,119.19304657,24.8,26.03055573,119.19304657,25.16,-7.239,-1.797,5.559,0.333,-0.018,-0.474,-0.15,-2.64,-101.41,0.888,2.251,2.251,100.0,117,0,1052
713193,1,1,8,1.11,26.03055382,119.19304657,24.8,26.03055573,119.19304657,25.06,-7.173,-1.801,5.464,0.332,-0.018,-0.472,-0.15,-2.65,-101.39,0.888,2.381,2.381,100.0,117,0,1053
713393,1,1,8,1.11,26.03055382,119.19304657,24.8,26.03055573,119.19304657,24.97,-7.107,-1.804,5.37,0.33,-0.018,-0.47,-0.15,-2.65,-101.39,0.888,2.517,2.517,100.0,117,0,1053
713593,1,1,8,1.11,26.03055382,119.19303131,24.8,26.03055382,119.19304657,24.88,-7.041,-1.808,5.276,0.328,-0.018,-0.467,-0.15,-2.65,-101.39,0.888,2.661,2.661,100.0,117,0,1055
713793,1,1,8,1.11,26.03055382,119.19303131,24.2,26.03055382,119.19303894,24.58,-7.587,-1.857,4.983,0.166,-0.03,-0.499,-0.15,-2.66,-101.38,1.371,2.126,2.126,100.0,118,0,1058
713993,1,1,8,1.11,26.03055382,119.19303131,24.2,26.03055382,119.19303894,24.48,-7.554,-1.863,4.884,0.166,-0.03,-0.497,-0.15,-2.65,-101.39,1.371,2.248,2.248,100.0,118,0,1061
714193,1,1,8,1.11,26.03055382,119.19303131,24.2,26.03055382,119.19303894,24.38,-7.521,-1.869,4.785,0.165,-0.03,-0.494,-0.14,-2.65,-101.37,1.371,2.378,2.378,100.0,118,0,1062
714393,1,1,8,1.11,26.03055382,119.19303131,24.2,26.03055382,119.19303894,24.29,-7.488,-1.875,4.686,0.164,-0.03,-0.492,-0.13,-2.66,-101.38,1.371,2.515,2.515,100.0,118,0,1062
714593,1,1,8,1.11,26.03055382,119.19303131,24.2,26.03055382,119.19303894,24.19,-7.455,-1.881,4.588,0.164,-0.029,-0.49,-0.13,-2.65,-101.39,1.371,2.659,2.659,100.0,118,0,1064
714795,1,1,8,1.15,26.03055382,119.19303131,23.8,26.03055382,119.19303894,23.98,-7.827,-1.899,4.376,0.056,-0.032,-0.507,-0.13,-2.66,-101.35,0.946,2.16,2.16,100.0,119,0,1067
714996,1,1,8,1.15,26.03055382,119.19303131,23.8,26.03055382,119.19303894,23.87,-7.816,-1.906,4.275,0.056,-0.032,-0.504,-0.14,-2.66,-101.37,0.946,2.285,2.285,100.0,119,0,1070
715203,1,1,8,1.15,26.03055382,119.19303131,23.8,26.03055382,119.19303894,23.77,-7.805,-1.912,4.17,0.056,-0.032,-0.502,-0.13,-2.66,-101.37,0.946,2.422,2.422,100.0,119,0,1071
715403,1,1,8,1.15,26.03055382,119.19303131,23.8,26.03055382,119.19303894,23.67,-7.793,-1.919,4.07,0.055,-0.032,-0.499,-0.13,-2.67,-101.37,0.946,2.561,2.561,100.0,119,0,1071
715603,1,1,8,1.15,26.03054619,119.19304657,23.8,26.03055382,119.19303894,23.57,-7.782,-1.925,3.971,0.055,-0.032,-0.497,-0.13,-2.66,-101.37,0.946,2.706,2.706,100.0,119,0,1073
715803,1,1,8,1.15,26.03054619,119.19304657,23.1,26.03055,119.19303894,23.33,-7.372,-2.296,3.734,0.159,-0.127,-0.517,-0.13,-2.67,-101.39,1.236,2.179,2.179,100.0,120,0,1076
716003,1,1,8,1.15,26.03054619,119.19304657,23.1,26.03055,119.19303894,23.23,-7.34,-2.322,3.631,0.158,-0.126,-0.515,-0.14,-2.66,-101.37,1.236,2.304,2.304,100.0,120,0,1079
716203,1,1,8,1.15,26.03054619,119.19304657,23.1,26.03055,119.19303894,23.13,-7.309,-2.347,3.528,0.158,-0.125,-0.512,-0.13,-2.64,-101.4,1.236,2.435,2.435,100.0,120,0,1080
716403,1,1,8,1.15,26.03054619,119.19304657,23.1,26.03055,119.19303894,23.03,-7.277,-2.372,3.426,0.157,-0.125,-0.51,-0.13,-2.66,-101.41,1.236,2.574,2.574,99.8,120,0,1080
716603,1,1,8,1.15,26.03054619,119.19304657,23.1,26.03055,119.19304657,22.92,-7.246,-2.397,3.324,0.157,-0.125,-0.508,-0.12,-2.67,-101.42,1.236,2.72,2.72,99.8,120,0,1082
716803,1,1,8,1.15,26.03054619,119.19304657,22.8,26.0305481,119.19304657,22.79,-7.051,-2.58,3.189,0.198,-0.165,-0.512,-0.12,-2.66,-101.41,0.519,2.188,2.188,99.8,121,0,1085
717005,1,1,8,1.15,26.03054619,119.19304657,22.8,26.0305481,119.19304657,22.69,-7.011,-2.613,3.086,0.198,-0.164,-0.509,-0.12,-2.66,-101.41,0.519,2.314,2.314,99.8,121,0,1089
717205,1,1,8,1.15,26.03054619,119.19304657,22.8,26.0305481,119.19304657,22.58,-6.971,-2.646,2.985,0.197,-0.164,-0.507,-0.12,-2.66,-101.42,0.519,2.446,2.446,99.8,121,0,1089
717413,1,1,8,1.15,26.03054619,119.19304657,22.8,26.03054619,119.19304657,22.48,-6.93,-2.68,2.879,0.196,-0.163,-0.504,-0.12,-2.66,-101.41,0.519,2.59,2.59,100.2,121,0,1089
717613,1,1,8,1.15,26.03054619,119.19304657,22.8,26.03054619,119.19304657,22.38,-6.891,-2.713,2.779,0.195,-0.162,-0.502,-0.12,-2.67,-101.4,0.519,2.736,2.736,100.2,121,0,1091
717813,1,1,8,1.11,26.03054619,119.19304657,22.5,26.03054619,119.19304657,22.32,-6.844,-2.765,2.719,0.196,-0.166,-0.492,-0.13,-2.66,-101.38,0.048,2.164,2.164,100.2,122,0,1094
718013,1,1,8,1.11,26.03054619,119.19304657,22.5,26.03054619,119.19304657,22.22,-6.805,-2.799,2.621,0.195,-0.165,-0.49,-0.12,-2.65,-101.38,0.048,2.287,2.287,100.2,122,0,1098
718213,1,1,8,1.11,26.03054619,119.19304657,22.5,26.03054619,119.19304657,22.12,-6.766,-2.831,2.523,0.194,-0.164,-0.487,-0.13,-2.65,-101.38,0.048,2.418,2.418,100.2,122,0,1098
718413,1,1,8,1.11,26.03054619,119.19304657,22.5,26.03054619,119.19304657,22.03,-6.727,-2.864,2.426,0.193,-0.164,-0.485,-0.13,-2.65,-101.39,0.048,2.555,2.555,99.8,122,0,1098
718613,1,1,8,1.11,26.03055,119.19304657,22.5,26.03054428,119.19304657,21.93,-6.689,-2.897,2.329,0.192,-0.163,-0.483,-0.12,-2.65,-101.38,0.048,2.7,2.7,99.8,122,0,1100
718814,1,1,8,1.11,26.03055,119.19304657,22.4,26.03054619,119.19304657,21.98,-6.733,-2.673,2.379,0.17,-0.096,-0.456,-0.12,-2.65,-101.38,0.594,2.149,2.149,99.8,123,0,1103
719025,1,1,8,1.11,26.03055,119.19304657,22.4,26.03054619,119.19304657,21.88,-6.698,-2.693,2.283,0.169,-0.095,-0.454,-0.12,-2.65,-101.37,0.594,2.279,2.279,99.8,123,0,1107
719233,1,1,8,1.11,26.03055,119.19304657,22.4,26.03054619,119.19304657,21.79,-6.663,-2.713,2.189,0.168,-0.095,-0.451,-0.14,-2.65,-101.37,0.594,2.415,2.415,99.8,123,0,1107
719434,1,1,8,1.11,26.03055,119.19304657,22.4,26.03054619,119.19304657,21.7,-6.629,-2.732,2.098,0.167,-0.094,-0.449,-0.14,-2.65,-101.37,0.594,2.554,2.554,100.2,123,0,1107
719643,1,1,8,1.11,26.03054619,119.19304657,22.1,26.03054619,119.19304657,21.75,-6.712,-2.755,2.152,0.134,-0.095,-0.421,-0.13,-2.66,-101.37,0.274,2.041,2.041,100.2,124,0,1110
719843,1,1,8,1.11,26.03054619,119.19304657,22.1,26.03054619,119.19304657,21.67,-6.686,-2.774,2.067,0.133,-0.095,-0.419,-0.13,-2.66,-101.4,0.274,2.157,2.157,100.2,124,0,1113
720043,1,1,8,1.11,26.03054619,119.19304657,22.1,26.03054619,119.19304657,21.58,-6.659,-2.793,1.984,0.132,-0.094,-0.417,-0.14,-2.66,-101.42,0.274,2.281,2.281,100.2,124,0,1116
720243,1,1,8,1.11,26.03054619,119.19304657,22.1,26.03054619,119.19304657,21.5,-6.633,-2.812,1.9,0.132,-0.094,-0.415,-0.14,-2.65,-101.42,0.274,2.412,2.412,100.2,124,0,1116
720444,1,1,8,1.11,26.03054619,119.19304657,22.1,26.03054619,119.19304657,21.42,-6.606,-2.831,1.817,0.131,-0.093,-0.413,-0.15,-2.64,-101.42,0.274,2.551,2.551,99.8,124,0,1116
720665,1,1,8,1.11,26.03054237,119.19304657,21.5,26.03054428,119.19304657,21.37,-6.701,-2.997,1.774,0.097,-0.132,-0.402,-0.14,-2.65,-101.41,0.442,2.051,2.051,99.8,125,0,1119
720873,1,1,8,1.11,26.03054237,119.19304657,21.5,26.03054428,119.19304657,21.29,-6.681,-3.024,1.69,0.097,-0.132,-0.4,-0.13,-2.65,-101.4,0.442,2.174,2.174,99.8,125,0,1122
721073,1,1,8,1.11,26.03054237,119.19304657,21.5,26.03054428,119.19304657,21.21,-6.662,-3.05,1.611,0.096,-0.131,-0.399,-0.13,-2.64,-101.4,0.442,2.299,2.299,99.8,125,0,1125
721273,1,1,8,1.11,26.03054237,119.19304657,21.5,26.03054428,119.19304657,21.13,-6.642,-3.077,1.531,0.096,-0.131,-0.397,-0.13,-2.66,-101.41,0.442,2.432,2.432,99.8,125,0,1125
721473,1,1,8,1.11,26.03054237,119.19304657,21.5,26.03054237,119.19304657,21.05,-6.623,-3.103,1.452,0.095,-0.13,-0.395,-0.14,-2.65,-101.39,0.442,2.572,2.572,100.2,125,0,1125
721673,1,1,8,1.11,26.03054237,119.19304657,21.6,26.03054237,119.19304657,21.16,-6.717,-3.155,1.555,0.064,-0.137,-0.361,-0.13,-2.65,-101.4,0.267,2.056,2.056,100.2,126,0,1128
721873,1,1,8,1.11,26.03054237,119.19304657,21.6,26.03054237,119.19304657,21.08,-6.704,-3.183,1.483,0.064,-0.136,-0.359,-0.13,-2.66,-101.39,0.267,2.174,2.174,100.2,126,0,1131
722073,1,1,8,1.11,26.03054237,119.19304657,21.6,26.03054237,119.19304657,21.01,-6.691,-3.21,1.412,0.064,-0.136,-0.357,-0.13,-2.66,-101.38,0.267,2.3,2.3,100.2,126,0,1134
722273,1,1,8,1.11,26.03054237,119.19304657,21.6,26.03054237,119.19304657,20.94,-6.679,-3.237,1.34,0.063,-0.135,-0.356,-0.15,-2.66,-101.39,0.267,2.433,2.433,100.2,126,0,1134
722473,1,1,8,1.11,26.03054237,119.19304657,21.6,26.03054237,119.19304657,20.87,-6.666,-3.264,1.27,0.063,-0.134,-0.354,-0.16,-2.66,-101.42,0.267,2.574,2.574,99.9,126,0,1134
722679,1,1,8,1.15,26.03054237,119.19304657,21.3,26.03054237,119.19304657,20.94,-6.742,-3.25,1.342,0.038,-0.122,-0.327,-0.16,-2.66,-101.41,0.235,2.091,2.091,99.9,127,0,1137
722883,1,1,8,1.15,26.03054237,119.19304657,21.3,26.03054237,119.19304657,20.88,-6.734,-3.274,1.276,0.038,-0.121,-0.325,-0.15,-2.67,-101.4,0.235,2.214,2.214,99.9,127,0,1140
723083,1,1,8,1.15,26.03054237,119.19304657,21.3,26.03054047,119.19304657,20.81,-6.726,-3.299,1.211,0.038,-0.121,-0.324,-0.14,-2.67,-101.4,0.235,2.341,2.341,99.9,127,0,1143
723283,1,1,8,1.15,26.03054237,119.19304657,21.3,26.03054047,119.19304657,20.75,-6.718,-3.323,1.146,0.038,-0.12,-0.323,-0.14,-2.67,-101.41,0.235,2.477,2.477,99.9,127,0,1143
723483,1,1,8,1.15,26.03054237,119.19304657,21.3,26.03054047,119.19304657,20.68,-6.711,-3.347,1.082,0.038,-0.12,-0.321,-0.13,-2.68,-101.4,0.235,2.619,2.619,100.1,127,0,1143
723685,1,1,8,1.15,26.03054619,119.19304657,21.3,26.03054237,119.19304657,20.82,-6.772,-3.115,1.216,0.019,-0.05,-0.286,-0.14,-2.67,-101.41,0.626,2.112,2.112,100.1,128,0,1146
723893,1,1,8,1.15,26.03054619,119.19304657,21.3,26.03054237,119.19304657,20.76,-6.768,-3.125,1.157,0.019,-0.049,-0.284,-0.13,-2.66,-101.42,0.626,2.238,2.238,100.1,128,0,1149
724093,1,1,8,1.15,26.03054619,119.19304657,21.3,26.03054237,119.19304657,20.7,-6.765,-3.135,1.1,0.019,-0.049,-0.284,-0.13,-2.65,-101.4,0.626,2.366,2.366,100.1,128,0,1152
724293,1,1,8,1.15,26.03054619,119.19304657,21.3,26.03054237,119.19304657,20.64,-6.761,-3.144,1.043,0.019,-0.048,-0.282,-0.13,-2.65,-101.39,0.626,2.502,2.502,100.1,128,0,1152
724493,1,1,8,1.15,26.03054619,119.19304657,21.3,26.03054237,119.19304657,20.59,-6.757,-3.154,0.987,0.019,-0.048,-0.281,-0.13,-2.65,-101.38,0.626,2.644,2.644,100.0,128,0,1152
724702,1,1,8,1.14,26.03054619,119.19304657,21.2,26.03054428,119.19304657,20.72,-6.802,-2.99,1.124,0.006,-0.002,-0.247,-0.14,-2.65,-101.39,0.417,2.122,2.122,100.0,129,0,1156
724903,1,1,8,1.14,26.03054619,119.19304657,21.2,26.03054428,119.19304657,20.67,-6.801,-2.991,1.074,0.006,-0.001,-0.246,-0.13,-2.64,-101.38,0.417,2.243,2.243,100.0,129,0,1159
725103,1,1,8,1.14,26.03054619,119.19304657,21.2,26.03054428,119.19304657,20.63,-6.8,-2.991,1.025,0.006,-0.001,-0.245,-0.14,-2.63,-101.38,0.417,2.372,2.372,100.0,129,0,1161
725303,1,1,8,1.14,26.03054619,119.19304657,21.2,26.03054428,119.19304657,20.58,-6.799,-2.991,0.977,0.006,-0.001,-0.244,-0.15,-2.64,-101.39,0.417,2.507,2.507,100.0,129,0,1161
725503,1,1,8,1.14,26.03054619,119.19304657,21.2,26.03054428,119.19304657,20.53,-6.798,-2.992,0.928,0.006,-0.001,-0.243,-0.14,-2.64,-101.41,0.417,2.649,2.649,100.0,129,0,1161
725703,1,1,8,1.11,26.03054619,119.19306946,20.9,26.03054428,119.1930542,20.6,-5.806,-2.888,1.001,0.27,0.026,-0.221,-0.14,-2.67,-101.39,2.23,2.097,2.097,100.0,130,0,1165
725904,1,1,8,1.11,26.03054619,119.19306946,20.9,26.03054428,119.1930542,20.56,-5.752,-2.883,0.956,0.269,0.026,-0.22,-0.14,-2.66,-101.4,2.23,2.217,2.217,100.0,130,0,1168
726113,1,1,8,1.11,26.03054619,119.19306946,20.9,26.03054428,119.19306183,20.51,-5.696,-2.878,0.91,0.268,0.026,-0.219,-0.13,-2.65,-101.39,2.23,2.35,2.35,100.0,130,0,1170
726313,1,1,8,1.11,26.03054619,119.19306946,20.9,26.03054428,119.19306183,20.47,-5.642,-2.873,0.867,0.266,0.025,-0.218,-0.14,-2.66,-101.37,2.23,2.484,2.484,100.0,130,0,1170
726513,1,1,8,1.11,26.03054619,119.19306946,20.9,26.03054428,119.19306183,20.42,-5.589,-2.868,0.823,0.265,0.025,-0.217,-0.13,-2.66,-101.37,2.23,2.626,2.626,100.0,130,0,1170
726716,1,1,8,1.11,26.03055,119.19306946,20.9,26.0305481,119.19306183,20.53,-5.103,-2.629,0.93,0.38,0.087,-0.191,-0.13,-2.67,-101.38,1.112,2.091,2.091,100.0,131,0,1174
726924,1,1,8,1.11,26.03055,119.19306946,20.9,26.0305481,119.19306183,20.49,-5.024,-2.61,0.891,0.378,0.087,-0.19,-0.12,-2.67,-101.4,1.112,2.216,2.216,100.0,131,0,1177
727133,1,1,8,1.11,26.03055,119.19306946,20.9,26.0305481,119.19306946,20.45,-4.945,-2.592,0.851,0.376,0.086,-0.189,-0.12,-2.67,-101.41,1.112,2.349,2.349,100.0,131,0,1179
727333,1,1,8,1.11,26.03055,119.19306946,20.9,26.0305481,119.19306946,20.41,-4.87,-2.575,0.814,0.374,0.086,-0.188,-0.12,-2.67,-101.41,1.112,2.484,2.484,100.0,131,0,1179
727535,1,1,8,1.11,26.03054619,119.19306946,20.9,26.0305481,119.19306946,20.38,-4.795,-2.558,0.776,0.372,0.086,-0.187,-0.14,-2.67,-101.43,1.112,2.628,2.628,100.0,131,0,1180
727743,1,1,8,1.11,26.03054619,119.19306946,21.0,26.0305481,119.19306946,20.53,-4.638,-2.633,0.931,0.391,0.06,-0.153,-0.14,-2.67,-101.42,0.277,2.101,2.101,100.0,132,0,1183
727945,1,1,8,1.11,26.03054619,119.19306946,21.0,26.0305481,119.19306946,20.5,-4.559,-2.621,0.9,0.389,0.06,-0.152,-0.14,-2.68,-101.38,0.277,2.223,2.223,100.0,132,0,1186
728153,1,1,8,1.11,26.03054619,119.19306946,21.0,26.0305481,119.19306946,20.47,-4.479,-2.609,0.869,0.387,0.06,-0.151,-0.15,-2.68,-101.4,0.277,2.357,2.357,100.0,132,0,1188
728353,1,1,8,1.11,26.03054619,119.19306946,21.0,26.0305481,119.19306946,20.44,-4.401,-2.597,0.839,0.385,0.059,-0.151,-0.14,-2.68,-101.39,0.277,2.493,2.493,100.0,132,0,1188
728555,1,1,8,1.11,26.03055,119.19306946,21.0,26.0305481,119.19306946,20.41,-4.324,-2.585,0.808,0.383,0.059,-0.15,-0.15,-2.68,-101.4,0.277,2.637,2.637,100.0,132,0,1190
728763,1,1,8,1.11,26.03055,119.19306946,21.0,26.0305481,119.19306946,20.56,-4.371,-2.464,0.96,0.348,0.088,-0.119,-0.14,-2.68,-101.41,0.376,2.111,2.111,100.0,133,0,1193
728964,1,1,8,1.11,26.03055,119.19306946,21.0,26.0305481,119.19306946,20.54,-4.301,-2.446,0.936,0.346,0.088,-0.118,-0.14,-2.67,-101.4,0.376,2.233,2.233,100.0,133,0,1196
729174,1,1,8,1.11,26.03055,119.19306946,21.0,26.03055,119.19306946,20.51,-4.229,-2.428,0.912,0.345,0.088,-0.117,-0.15,-2.64,-101.42,0.376,2.37,2.37,100.0,133,0,1197
729383,1,1,8,1.11,26.03055,119.19306946,21.0,26.03055,119.19307709,20.49,-4.157,-2.41,0.887,0.343,0.087,-0.117,-0.14,-2.64,-101.42,0.376,2.513,2.513,100.0,133,0,1197
729583,1,1,8,1.11,26.03054619,119.19306946,21.0,26.03055,119.19307709,20.46,-4.088,-2.392,0.864,0.341,0.087,-0.116,-0.14,-2.64,-101.4,0.376,2.657,2.657,99.01,133,0,1199
729787,1,1,8,1.11,26.03054619,119.19306946,20.9,26.0305481,119.19306946,20.57,-4.245,-2.541,0.975,0.28,0.042,-0.093,-0.13,-2.65,-101.38,0.628,2.126,2.126,99.01,134,0,1202
729993,1,1,8,1.11,26.03054619,119.19306946,20.9,26.0305481,119.19307709,20.56,-4.188,-2.532,0.955,0.279,0.042,-0.093,-0.13,-2.66,-101.37,0.628,2.253,2.253,99.01,134,0,1205
730193,1,1,8,1.11,26.03054619,119.19306946,20.9,26.0305481,119.19307709,20.54,-4.132,-2.524,0.937,0.277,0.042,-0.093,-0.13,-2.66,-101.39,0.628,2.384,2.384,99.01,134,0,1206
730393,1,1,8,1.11,26.03054619,119.19306946,20.9,26.0305481,119.19307709,20.52,-4.077,-2.515,0.918,0.276,0.042,-0.093,-0.13,-2.66,-101.37,0.628,2.522,2.522,99.01,134,0,1206
730593,1,1,8,1.11,26.03054619,119.19306946,20.9,26.0305481,119.19307709,20.5,-4.022,-2.507,0.9,0.275,0.042,-0.092,-0.14,-2.65,-101.38,0.628,2.667,2.667,100.0,134,0,1208
730793,1,1,8,1.11,26.03054619,119.19306946,20.6,26.0305481,119.19306946,20.51,-4.221,-2.613,0.913,0.206,0.012,-0.086,-0.13,-2.65,-101.39,0.621,2.131,2.131,100.0,135,0,1211
730993,1,1,8,1.11,26.03054619,119.19306946,20.6,26.0305481,119.19307709,20.5,-4.18,-2.611,0.896,0.205,0.011,-0.086,-0.14,-2.66,-101.4,0.621,2.255,2.255,100.0,135,0,1214
731193,1,1,8,1.11,26.03054619,119.19306946,20.6,26.0305481,119.19307709,20.48,-4.139,-2.608,0.879,0.205,0.011,-0.086,-0.12,-2.66,-101.39,0.621,2.386,2.386,100.0,135,0,1215
731393,1,1,8,1.11,26.03054619,119.19306946,20.6,26.0305481,119.19307709,20.46,-4.098,-2.606,0.862,0.204,0.011,-0.086,-0.13,-2.66,-101.38,0.621,2.524,2.524,100.0,135,0,1215
731593,1,1,8,1.11,26.03054237,119.19306946,20.6,26.0305481,119.19307709,20.44,-4.057,-2.604,0.844,0.203,0.011,-0.085,-0.12,-2.66,-101.37,0.621,2.669,2.669,100.0,135,0,1217
731793,1,1,8,1.11,26.03054237,119.19306946,20.5,26.03054619,119.19306946,20.45,-4.255,-2.863,0.845,0.139,-0.058,-0.082,-0.13,-2.65,-101.4,0.787,2.131,2.131,100.0,136,0,1220
731993,1,1,8,1.11,26.03054237,119.19306946,20.5,26.03054428,119.19306946,20.43,-4.227,-2.874,0.829,0.138,-0.058,-0.082,-0.13,-2.65,-101.4,0.787,2.254,2.254,100.0,136,0,1223
732193,1,1,8,1.11,26.03054237,119.19306946,20.5,26.03054428,119.19306946,20.41,-4.199,-2.886,0.813,0.138,-0.057,-0.082,-0.13,-2.65,-101.39,0.787,2.385,2.385,100.0,136,0,1224
732393,1,1,8,1.11,26.03054237,119.19306946,20.5,26.03054428,119.19307709,20.4,-4.172,-2.897,0.796,0.137,-0.057,-0.082,-0.14,-2.65,-101.41,0.787,2.523,2.523,100.0,136,0,1224
732593,1,1,8,1.11,26.03054237,119.19306946,20.5,26.03054428,119.19307709,20.38,-4.144,-2.909,0.78,0.136,-0.057,-0.081,-0.13,-2.65,-101.44,0.787,2.668,2.668,100.0,136,0,1226
732793,1,1,8,1.11,26.03054237,119.19306946,20.3,26.03054428,119.19306946,20.34,-4.315,-3.043,0.74,0.083,-0.09,-0.085,-0.13,-2.67,-101.42,0.518,2.13,2.13,100.0,137,0,1229
732993,1,1,8,1.11,26.03054237,119.19306946,20.3,26.03054428,119.19306946,20.32,-4.298,-3.061,0.723,0.083,-0.089,-0.084,-0.12,-2.67,-101.44,0.518,2.253,2.253,100.0,137,0,1232
733193,1,1,8,1.11,26.03054237,119.19306946,20.3,26.03054237,119.19306946,20.31,-4.282,-3.079,0.707,0.083,-0.089,-0.084,-0.12,-2.67,-101.42,0.518,2.384,2.384,100.0,137,0,1233
733393,1,1,8,1.11,26.03054237,119.19306946,20.3,26.03054237,119.19306946,20.29,-4.265,-3.097,0.69,0.082,-0.088,-0.084,-0.14,-2.66,-101.42,0.518,2.522,2.522,100.0,137,0,1233
733593,1,1,8,1.11,26.03054237,119.19306946,20.3,26.03054237,119.19306946,20.27,-4.249,-3.114,0.673,0.081,-0.088,-0.083,-0.14,-2.66,-101.43,0.518,2.667,2.667,100.0,137,0,1235
733795,1,1,8,1.11,26.03054237,119.19306946,20.3,26.03054237,119.19306946,20.27,-4.382,-3.162,0.666,0.041,-0.095,-0.082,-0.15,-2.64,-101.45,0.34,2.131,2.131,100.0,138,0,1238
734003,1,1,8,1.11,26.03054237,119.19306946,20.3,26.03054237,119.19306946,20.25,-4.373,-3.182,0.649,0.041,-0.095,-0.082,-0.14,-2.65,-101.44,0.34,2.259,2.259,100.0,138,0,1242
734203,1,1,8,1.11,26.03054237,119.19306946,20.3,26.03054237,119.19306946,20.23,-4.365,-3.201,0.632,0.041,-0.095,-0.082,-0.13,-2.67,-101.45,0.34,2.391,2.391,100.0,138,0,1242
734403,1,1,8,1.11,26.03054237,119.19306946,20.3,26.03054237,119.19306946,20.22,-4.357,-3.22,0.616,0.041,-0.095,-0.081,-0.13,-2.67,-101.45,0.34,2.529,2.529,100.0,138,0,1242
734603,1,1,8,1.11,26.03054237,119.19306946,20.3,26.03054237,119.19306946,20.2,-4.349,-3.239,0.6,0.041,-0.095,-0.08,-0.14,-2.68,-101.45,0.34,2.674,2.674,100.0,138,0,1244
734803,1,1,8,1.11,26.03054237,119.19306946,20.2,26.03054237,119.19306946,20.18,-4.444,-3.232,0.585,0.013,-0.087,-0.08,-0.14,-2.67,-101.45,0.238,2.136,2.136,100.0,139,0,1247
735003,1,1,8,1.11,26.03054237,119.19306946,20.2,26.03054237,119.19306946,20.17,-4.442,-3.25,0.569,0.013,-0.087,-0.079,-0.14,-2.66,-101.45,0.238,2.26,2.26,100.0,139,0,1251
735203,1,1,8,1.11,26.03054237,119.19306946,20.2,26.03054237,119.19306946,20.15,-4.439,-3.267,0.553,0.013,-0.086,-0.079,-0.14,-2.66,-101.43,0.238,2.392,2.392,100.0,139,0,1251
735403,1,1,8,1.11,26.03054237,119.19306946,20.2,26.03054237,119.19306946,20.14,-4.436,-3.284,0.537,0.013,-0.086,-0.078,-0.13,-2.67,-101.42,0.238,2.53,2.53,100.0,139,0,1251
735603,1,1,8,1.11,26.03054237,119.19306946,20.2,26.03054047,119.19306946,20.12,-4.434,-3.301,0.521,0.013,-0.085,-0.078,-0.13,-2.65,-101.43,0.238,2.675,2.675,100.0,139,0,1253
735803,1,1,8,1.11,26.03054237,119.19306946,20.2,26.03054237,119.19306946,20.13,-4.496,-3.265,0.53,-0.004,-0.071,-0.074,-0.13,-2.65,-101.43,0.188,2.137,2.137,100.0,140,0,1256
736005,1,1,8,1.11,26.03054237,119.19306946,20.2,26.03054237,119.19306946,20.12,-4.497,-3.279,0.516,-0.004,-0.07,-0.074,-0.13,-2.65,-101.42,0.188,2.262,2.262,100.0,140,0,1260
736205,1,1,8,1.11,26.03054237,119.19306946,20.2,26.03054047,119.19306946,20.1,-4.498,-3.293,0.501,-0.004,-0.07,-0.074,-0.13,-2.65,-101.44,0.188,2.394,2.394,100.0,140,0,1260
736413,1,1,8,1.11,26.03054237,119.19306946,20.2,26.03054047,119.19306946,20.09,-4.499,-3.308,0.485,-0.004,-0.07,-0.074,-0.14,-2.66,-101.41,0.188,2.538,2.538,100.0,140,0,1260
736613,1,1,8,1.11,26.03054619,119.19306946,20.2,26.03054047,119.19306946,20.07,-4.5,-3.322,0.471,-0.004,-0.07,-0.074,-0.15,-2.68,-101.41,0.188,2.684,2.684,100.0,140,0,1262
736813,1,1,8,1.11,26.03054619,119.19306946,20.5,26.03054237,119.19306946,20.19,-4.536,-3.082,0.588,-0.013,-0.003,-0.051,-0.14,-2.69,-101.39,0.569,2.143,2.143,100.0,141,0,1265
737013,1,1,8,1.11,26.03054619,119.19306946,20.5,26.03054237,119.19306946,20.18,-4.539,-3.082,0.578,-0.013,-0.003,-0.051,-0.14,-2.7,-101.38,0.569,2.267,2.267,100.0,141,0,1269
737213,1,1,8,1.11,26.03054619,119.19306946,20.5,26.03054237,119.19306946,20.17,-4.541,-3.083,0.568,-0.013,-0.003,-0.051,-0.13,-2.68,-101.39,0.569,2.399,2.399,100.0,141,0,1269
737413,1,1,8,1.11,26.03054619,119.19306946,20.5,26.03054237,119.19306946,20.16,-4.544,-3.084,0.557,-0.013,-0.003,-0.051,-0.12,-2.67,-101.37,0.569,2.538,2.538,100.0,141,0,1269
737613,1,1,8,1.11,26.03054619,119.19306946,20.5,26.03054237,119.19306946,20.15,-4.547,-3.084,0.547,-0.013,-0.003,-0.052,-0.13,-2.68,-101.39,0.569,2.683,2.683,100.0,141,0,1271
737813,1,1,8,1.11,26.03054619,119.19306946,20.5,26.03054428,119.19306946,20.25,-4.564,-2.939,0.645,-0.016,0.035,-0.034,-0.13,-2.67,-101.39,0.326,2.142,2.142,100.0,142,0,1274
738013,1,1,8,1.11,26.03054619,119.19306946,20.5,26.03054428,119.19306946,20.24,-4.567,-2.932,0.638,-0.016,0.035,-0.034,-0.13,-2.67,-101.39,0.326,2.267,2.267,100.0,142,0,1278
738213,1,1,8,1.11,26.03054619,119.19306946,20.5,26.03054428,119.19306946,20.23,-4.57,-2.925,0.632,-0.016,0.035,-0.034,-0.13,-2.66,-101.41,0.326,2.398,2.398,100.0,142,0,1278
738414,1,1,8,1.11,26.03054619,119.19306946,20.5,26.03054428,119.19306946,20.22,-4.573,-2.917,0.625,-0.016,0.035,-0.033,-0.14,-2.66,-101.41,0.326,2.538,2.538,100.0,142,0,1278
738615,1,1,8,1.11,26.03055,119.19306946,20.5,26.03054428,119.19306946,20.22,-4.576,-2.91,0.618,-0.016,0.035,-0.033,-0.14,-2.67,-101.4,0.326,2.685,2.685,100.0,142,0,1280
738823,1,1,8,1.11,26.03055,119.19306946,20.4,26.0305481,119.19306946,20.27,-4.581,-2.643,0.667,-0.016,0.103,-0.024,-0.14,-2.67,-101.38,0.574,2.148,2.148,100.0,143,0,1283
739023,1,1,8,1.11,26.03055,119.19306946,20.4,26.0305481,119.19306946,20.26,-4.584,-2.623,0.662,-0.016,0.102,-0.024,-0.14,-2.67,-101.38,0.574,2.273,2.273,100.0,143,0,1287
739223,1,1,8,1.11,26.03055,119.19306946,20.4,26.0305481,119.19306946,20.26,-4.587,-2.603,0.657,-0.016,0.102,-0.025,-0.14,-2.67,-101.4,0.574,2.405,2.405,100.0,143,0,1287
739423,1,1,8,1.11,26.03055,119.19306946,20.4,26.0305481,119.19306946,20.25,-4.59,-2.582,0.652,-0.016,0.101,-0.025,-0.15,-2.66,-101.42,0.574,2.545,2.545,100.0,143,0,1287
739623,1,1,7,1.17,26.03055382,119.19306946,20.4,26.03055,119.19306946,20.29,-4.588,-2.3,0.693,-0.014,0.174,-0.017,-0.14,-2.66,-101.42,0.651,2.079,2.079,100.0,144,0,1290
739823,1,1,7,1.17,26.03055382,119.19306946,20.4,26.03055,119.19306946,20.29,-4.59,-2.265,0.689,-0.014,0.173,-0.017,-0.13,-2.66,-101.42,0.651,2.199,2.199,100.0,144,0,1293
740023,1,1,7,1.17,26.03055382,119.19306946,20.4,26.03055,119.19306946,20.29,-4.593,-2.231,0.686,-0.013,0.172,-0.016,-0.12,-2.67,-101.4,0.651,2.326,2.326,100.0,144,0,1296
740223,1,1,7,1.17,26.03055382,119.19306946,20.4,26.03055191,119.19306946,20.28,-4.596,-2.196,0.683,-0.013,0.171,-0.016,-0.12,-2.67,-101.38,0.651,2.461,2.461,100.0,144,0,1296
740423,1,1,7,1.17,26.03055382,119.19306946,20.4,26.03055191,119.19306946,20.28,-4.598,-2.162,0.68,-0.013,0.17,-0.017,-0.12,-2.65,-101.39,0.651,2.602,2.602,100.0,144,0,1296
740623,1,1,7,1.17,26.03055382,119.19306946,20.5,26.03055191,119.19306946,20.34,-4.592,-2.038,0.743,-0.01,0.194,-0.005,-0.12,-2.66,-101.41,0.218,2.106,2.106,100.0,145,0,1299
740823,1,1,7,1.17,26.03055382,119.19306946,20.5,26.03055382,119.19306946,20.34,-4.594,-2.0,0.742,-0.011,0.193,-0.005,-0.13,-2.66,-101.42,0.218,2.226,2.226,100.0,145,0,1302
741023,1,1,7,1.17,26.03055382,119.19306946,20.5,26.03055382,119.19306946,20.34,-4.596,-1.961,0.741,-0.011,0.192,-0.004,-0.14,-2.65,-101.43,0.218,2.354,2.354,100.0,145,0,1305
741223,1,1,7,1.17,26.03055382,119.19306946,20.5,26.03055382,119.19306946,20.34,-4.598,-1.923,0.74,-0.01,0.191,-0.005,-0.13,-2.65,-101.43,0.218,2.489,2.489,100.0,145,0,1305
741424,1,1,7,1.17,26.03055382,119.19306946,20.5,26.03055382,119.19306946,20.34,-4.6,-1.884,0.739,-0.01,0.19,-0.005,-0.13,-2.65,-101.42,0.218,2.632,2.632,100.0,145,0,1305
741633,1,1,7,1.17,26.03055763,119.19306946,20.4,26.03055573,119.19306946,20.36,-4.593,-1.694,0.756,-0.008,0.23,-0.001,-0.14,-2.66,-101.43,0.359,2.123,2.123,100.0,146,0,1308
741834,1,1,7,1.17,26.03055763,119.19306946,20.4,26.03055573,119.19306946,20.36,-4.594,-1.648,0.756,-0.007,0.229,-0.0,-0.13,-2.67,-101.42,0.359,2.243,2.243,100.0,146,0,1311
742044,1,1,7,1.17,26.03055763,119.19306946,20.4,26.03055573,119.19306946,20.36,-4.596,-1.6,0.756,-0.008,0.227,-0.0,-0.14,-2.68,-101.42,0.359,2.377,2.377,100.0,146,0,1314
742253,1,1,7,1.17,26.03055763,119.19306946,20.4,26.03055763,119.19306946,20.36,-4.597,-1.553,0.756,-0.008,0.226,-0.0,-0.14,-2.68,-101.41,0.359,2.519,2.519,100.0,146,0,1314
742453,1,1,7,1.17,26.03055763,119.19306946,20.4,26.03055763,119.19306946,20.36,-4.599,-1.508,0.756,-0.008,0.225,-0.0,-0.14,-2.69,-101.42,0.359,2.661,2.661,101.0,146,0,1314
742665,1,1,8,1.17,26.03055763,119.19306946,20.5,26.03055763,119.19306946,20.4,-4.591,-1.468,0.799,-0.005,0.221,0.007,-0.14,-2.7,-101.42,0.028,2.145,2.145,101.0,147,0,1317
742873,1,1,8,1.17,26.03055763,119.19306946,20.5,26.03055763,119.19306946,20.4,-4.592,-1.422,0.801,-0.005,0.22,0.007,-0.13,-2.69,-101.41,0.028,2.27,2.27,101.0,147,0,1320
743073,1,1,8,1.17,26.03055763,119.19306946,20.5,26.03055954,119.19306946,20.4,-4.593,-1.379,0.802,-0.005,0.219,0.007,-0.13,-2.68,-101.4,0.028,2.399,2.399,101.0,147,0,1323
743273,1,1,8,1.17,26.03055763,119.19306946,20.5,26.03055954,119.19306946,20.4,-4.594,-1.335,0.803,-0.005,0.218,0.007,-0.12,-2.67,-101.42,0.028,2.535,2.535,101.0,147,0,1323
743473,1,1,8,1.17,26.03055763,119.19306946,20.5,26.03055954,119.19306946,20.4,-4.595,-1.291,0.805,-0.004,0.217,0.007,-0.12,-2.67,-101.43,0.028,2.677,2.677,100.0,147,0,1323
743678,1,1,8,1.16,26.03055763,119.19306946,20.4,26.03055954,119.19306946,20.4,-4.589,-1.346,0.804,-0.002,0.19,0.006,-0.13,-2.66,-101.43,0.23,2.145,2.145,100.0,148,0,1326
743883,1,1,8,1.16,26.03055763,119.19306946,20.4,26.03055954,119.19306946,20.41,-4.589,-1.307,0.806,-0.002,0.189,0.006,-0.12,-2.65,-101.43,0.23,2.269,2.269,100.0,148,0,1329
744083,1,1,8,1.16,26.03055763,119.19306946,20.4,26.03055954,119.19306946,20.41,-4.59,-1.269,0.807,-0.002,0.188,0.007,-0.11,-2.64,-101.43,0.23,2.397,2.397,100.0,148,0,1332
744283,1,1,8,1.16,26.03055763,119.19306946,20.4,26.03055954,119.19306946,20.41,-4.59,-1.232,0.808,-0.002,0.187,0.007,-0.12,-2.65,-101.42,0.23,2.533,2.533,100.0,148,0,1332
744485,1,1,8,1.16,26.03055763,119.19306946,20.4,26.03055954,119.19306946,20.41,-4.591,-1.194,0.81,-0.002,0.186,0.006,-0.11,-2.65,-101.42,0.23,2.677,2.677,100.0,148,0,1332
744685,1,1,8,1.11,26.03055763,119.19306946,20.4,26.03055954,119.19306946,20.41,-4.586,-1.302,0.808,-0.001,0.146,0.005,-0.11,-2.66,-101.42,0.32,2.104,2.104,100.0,149,0,1335
744894,1,1,8,1.11,26.03055763,119.19306946,20.4,26.03055954,119.19306946,20.41,-4.586,-1.271,0.809,-0.001,0.145,0.005,-0.11,-2.68,-101.41,0.32,2.228,2.228,100.0,149,0,1338
745094,1,1,8,1.11,26.03055763,119.19306946,20.4,26.03055954,119.19306946,20.41,-4.586,-1.242,0.81,-0.001,0.145,0.005,-0.11,-2.67,-101.42,0.32,2.355,2.355,100.0,149,0,1341
745303,1,1,8,1.11,26.03055763,119.19306946,20.4,26.03055954,119.19306946,20.41,-4.586,-1.212,0.811,-0.001,0.144,0.004,-0.11,-2.68,-101.42,0.32,2.496,2.496,100.0,149,0,1341
745503,1,1,8,1.11,26.03055763,119.19306946,20.4,26.03055954,119.19306946,20.41,-4.586,-1.183,0.811,-0.001,0.143,0.005,-0.12,-2.68,-101.42,0.32,2.637,2.637,100.0,149,0,1341
745708,1,1,8,1.11,26.03055763,119.19306946,20.5,26.03055954,119.19306946,20.44,-4.583,-1.297,0.839,0.0,0.104,0.009,-0.11,-2.67,-101.42,0.322,2.095,2.095,100.0,150,0,1345
745914,1,1,8,1.11,26.03055763,119.19306946,20.5,26.03055954,119.19306946,20.44,-4.583,-1.276,0.841,0.0,0.104,0.009,-0.12,-2.67,-101.41,0.322,2.218,2.218,100.0,150,0,1348
746123,1,1,8,1.11,26.03055763,119.19306946,20.5,26.03055954,119.19306946,20.44,-4.583,-1.254,0.843,-0.0,0.104,0.009,-0.13,-2.67,-101.4,0.322,2.352,2.352,100.0,150,0,1350
746323,1,1,8,1.11,26.03055763,119.19306946,20.5,26.03055954,119.19306946,20.44,-4.583,-1.233,0.845,-0.0,0.103,0.009,-0.13,-2.68,-101.4,0.322,2.487,2.487,100.0,150,0,1350
746525,1,1,8,1.11,26.03056717,119.19304657,20.5,26.03055954,119.19306946,20.45,-4.583,-1.212,0.847,-0.0,0.103,0.009,-0.14,-2.65,-101.4,0.322,2.631,2.631,100.0,150,0,1351
746736,1,1,7,1.16,26.03056717,119.19304657,20.8,26.03056335,119.19306183,20.56,-5.548,-0.863,0.955,-0.259,0.19,0.028,-0.14,-2.66,-101.42,2.413,2.141,2.141,100.0,151,0,1354
746943,1,1,7,1.16,26.03056717,119.19304657,20.8,26.03056335,119.19306183,20.56,-5.602,-0.823,0.961,-0.257,0.189,0.028,-0.13,-2.66,-101.42,2.413,2.269,2.269,100.0,151,0,1358
747143,1,1,7,1.16,26.03056717,119.19304657,20.8,26.03056335,119.19306183,20.57,-5.653,-0.786,0.967,-0.256,0.189,0.028,-0.14,-2.65,-101.43,2.413,2.4,2.4,100.0,151,0,1359
747343,1,1,7,1.16,26.03056717,119.19304657,20.8,26.03056335,119.19306183,20.57,-5.704,-0.748,0.972,-0.255,0.187,0.028,-0.14,-2.66,-101.41,2.413,2.538,2.538,100.0,151,0,1359
747544,1,1,7,1.16,26.03056717,119.19304657,20.8,26.03056526,119.1930542,20.58,-5.755,-0.71,0.978,-0.254,0.187,0.028,-0.15,-2.65,-101.41,2.413,2.684,2.684,99.9,151,0,1360
747753,1,1,7,1.16,26.03056717,119.19304657,20.8,26.03056526,119.1930542,20.65,-6.279,-0.555,1.05,-0.377,0.217,0.039,-0.16,-2.65,-101.41,1.126,2.172,2.172,99.9,152,0,1364
747954,1,1,7,1.16,26.03056717,119.19304657,20.8,26.03056717,119.1930542,20.66,-6.355,-0.511,1.058,-0.375,0.215,0.039,-0.15,-2.65,-101.42,1.126,2.297,2.297,99.9,152,0,1367
748163,1,1,7,1.16,26.03056717,119.19304657,20.8,26.03056717,119.1930542,20.67,-6.433,-0.466,1.066,-0.373,0.214,0.039,-0.15,-2.65,-101.42,1.126,2.436,2.436,99.9,152,0,1368
748363,1,1,7,1.16,26.03056717,119.19304657,20.8,26.03056717,119.19304657,20.67,-6.508,-0.424,1.074,-0.371,0.214,0.039,-0.15,-2.63,-101.42,1.126,2.576,2.576,99.9,152,0,1368
748563,1,1,7,1.16,26.0305748,119.19304657,20.8,26.03056717,119.19304657,20.68,-6.582,-0.381,1.082,-0.369,0.212,0.038,-0.14,-2.64,-101.41,1.126,2.722,2.722,100.1,152,0,1370
748766,1,1,7,1.16,26.0305748,119.19304657,21.0,26.03057098,119.19304657,20.79,-6.77,0.008,1.186,-0.397,0.302,0.055,-0.13,-2.63,-101.39,0.833,2.189,2.189,100.1,153,0,1373
748973,1,1,7,1.16,26.0305748,119.19304657,21.0,26.03057098,119.19304657,20.8,-6.852,0.07,1.197,-0.395,0.301,0.055,-0.12,-2.62,-101.39,0.833,2.318,2.318,100.1,153,0,1376
749173,1,1,7,1.16,26.0305748,119.19304657,21.0,26.03057289,119.19304657,20.81,-6.931,0.13,1.208,-0.393,0.299,0.054,-0.12,-2.64,-101.39,0.833,2.451,2.451,100.1,153,0,1377
749373,1,1,7,1.16,26.0305748,119.19304657,21.0,26.03057289,119.19304657,20.82,-7.009,0.19,1.219,-0.391,0.297,0.053,-0.12,-2.65,-101.38,0.833,2.591,2.591,100.1,153,0,1377
749573,1,1,7,1.16,26.0305748,119.19304657,21.0,26.03057289,119.19304657,20.83,-7.087,0.249,1.229,-0.389,0.296,0.053,-0.13,-2.65,-101.38,0.833,2.737,2.737,100.0,153,0,1379
749773,1,1,7,1.16,26.0305748,119.19304657,21.0,26.0305748,119.19304657,20.89,-7.06,0.379,1.291,-0.36,0.313,0.061,-0.14,-2.66,-101.4,0.288,2.199,2.199,100.0,154,0,1382
749973,1,1,7,1.16,26.0305748,119.19304657,21.0,26.0305748,119.19304657,20.9,-7.132,0.441,1.303,-0.358,0.311,0.06,-0.13,-2.65,-101.44,0.288,2.324,2.324,100.0,154,0,1385
750173,1,1,7,1.16,26.0305748,119.19304657,21.0,26.0305748,119.19304657,20.92,-7.203,0.503,1.315,-0.356,0.309,0.06,-0.12,-2.65,-101.43,0.288,2.457,2.457,100.0,154,0,1386
750373,1,1,7,1.16,26.0305748,119.19304657,21.0,26.03057671,119.19303894,20.93,-7.274,0.565,1.327,-0.354,0.308,0.06,-0.12,-2.65,-101.41,0.288,2.596,2.596,100.0,154,0,1386
750573,1,1,7,1.16,26.0305748,119.19304657,21.0,26.03057671,119.19303894,20.94,-7.345,0.627,1.339,-0.352,0.307,0.059,-0.12,-2.64,-101.4,0.288,2.743,2.743,100.0,154,0,1388
750776,1,1,7,1.16,26.0305748,119.19304657,21.2,26.03057671,119.19304657,21.03,-7.195,0.59,1.43,-0.293,0.279,0.073,-0.14,-2.65,-101.38,0.549,2.198,2.198,100.0,155,0,1391
750976,1,1,7,1.16,26.0305748,119.19304657,21.2,26.03057671,119.19303894,21.04,-7.254,0.646,1.444,-0.291,0.278,0.072,-0.14,-2.65,-101.39,0.549,2.322,2.322,100.0,155,0,1394
751184,1,1,7,1.16,26.0305748,119.19304657,21.2,26.03057671,119.19303894,21.06,-7.314,0.704,1.459,-0.29,0.277,0.071,-0.15,-2.65,-101.4,0.549,2.46,2.46,100.0,155,0,1395
751393,1,1,7,1.16,26.0305748,119.19304657,21.2,26.03057861,119.19303894,21.07,-7.375,0.761,1.474,-0.289,0.275,0.07,-0.15,-2.66,-101.41,0.549,2.606,2.606,100.0,155,0,1395
751593,1,1,7,1.16,26.03058243,119.19304657,21.2,26.03057861,119.19303894,21.09,-7.432,0.816,1.488,-0.287,0.274,0.07,-0.15,-2.66,-101.41,0.549,2.753,2.753,100.0,155,0,1397
751793,1,1,8,1.16,26.03058243,119.19304657,21.3,26.03058052,119.19304657,21.17,-7.234,1.067,1.566,-0.219,0.323,0.08,-0.14,-2.65,-101.41,0.729,2.205,2.205,100.0,156,0,1400
751993,1,1,8,1.16,26.03058243,119.19304657,21.3,26.03058052,119.19303894,21.18,-7.278,1.132,1.582,-0.218,0.322,0.08,-0.15,-2.66,-101.41,0.729,2.33,2.33,100.0,156,0,1403
752193,1,1,8,1.16,26.03058243,119.19304657,21.3,26.03058243,119.19303894,21.2,-7.321,1.196,1.598,-0.217,0.32,0.079,-0.15,-2.66,-101.42,0.729,2.463,2.463,100.0,156,0,1404
752393,1,1,8,1.16,26.03058243,119.19304657,21.3,26.03058243,119.19303894,21.21,-7.365,1.26,1.614,-0.216,0.318,0.079,-0.14,-2.66,-101.41,0.729,2.603,2.603,100.0,156,0,1404
752593,1,1,8,1.16,26.03058243,119.19304657,21.3,26.03058243,119.19303894,21.23,-7.408,1.323,1.629,-0.215,0.317,0.078,-0.14,-2.66,-101.42,0.729,2.749,2.749,100.0,156,0,1406
752794,1,1,8,1.16,26.03058243,119.19304657,21.4,26.03058243,119.19304657,21.3,-7.209,1.359,1.696,-0.151,0.308,0.087,-0.13,-2.66,-101.42,0.551,2.207,2.207,100.0,157,0,1409
753003,1,1,8,1.16,26.03058243,119.19304657,21.4,26.03058434,119.19304657,21.31,-7.24,1.424,1.714,-0.15,0.306,0.087,-0.13,-2.66,-101.42,0.551,2.338,2.338,100.0,157,0,1413
753203,1,1,8,1.16,26.03058243,119.19304657,21.4,26.03058434,119.19303894,21.33,-7.27,1.485,1.732,-0.149,0.305,0.086,-0.15,-2.66,-101.43,0.551,2.471,2.471,100.0,157,0,1413
753403,1,1,8,1.16,26.03058243,119.19304657,21.4,26.03058434,119.19303894,21.35,-7.3,1.546,1.749,-0.148,0.303,0.086,-0.14,-2.65,-101.44,0.551,2.612,2.612,100.0,157,0,1413
753603,1,1,8,1.16,26.03058243,119.19304657,21.4,26.03058624,119.19303894,21.37,-7.33,1.606,1.766,-0.148,0.302,0.086,-0.14,-2.66,-101.43,0.551,2.759,2.759,100.0,157,0,1415
753803,1,1,8,1.16,26.03058243,119.19304657,21.5,26.03058434,119.19304657,21.42,-7.154,1.517,1.824,-0.094,0.262,0.093,-0.13,-2.65,-101.43,0.574,2.216,2.216,100.0,158,0,1418
754004,1,1,8,1.16,26.03058243,119.19304657,21.5,26.03058434,119.19304657,21.44,-7.172,1.569,1.842,-0.093,0.26,0.092,-0.13,-2.65,-101.44,0.574,2.343,2.343,100.0,158,0,1422
754213,1,1,8,1.16,26.03058243,119.19304657,21.5,26.03058624,119.19304657,21.46,-7.192,1.623,1.862,-0.093,0.259,0.091,-0.13,-2.64,-101.43,0.574,2.483,2.483,100.0,158,0,1422
754413,1,1,8,1.16,26.03058243,119.19304657,21.5,26.03058624,119.19304657,21.48,-7.21,1.675,1.88,-0.092,0.258,0.091,-0.12,-2.64,-101.44,0.574,2.624,2.624,100.0,158,0,1422
754613,1,1,8,1.16,26.03058624,119.19304657,21.5,26.03058624,119.19304657,21.5,-7.229,1.727,1.898,-0.092,0.256,0.09,-0.13,-2.65,-101.44,0.574,2.772,2.772,99.6,158,0,1424
754813,1,1,7,1.16,26.03058624,119.19304657,21.7,26.03058624,119.19304657,21.58,-7.086,1.763,1.978,-0.05,0.251,0.101,-0.12,-2.66,-101.43,0.364,2.222,2.222,99.6,159,0,1427
755014,1,1,7,1.16,26.03058624,119.19304657,21.7,26.03058815,119.19304657,21.6,-7.096,1.813,1.998,-0.049,0.25,0.1,-0.13,-2.67,-101.44,0.364,2.35,2.35,99.6,159,0,1431
755223,1,1,7,1.16,26.03058624,119.19304657,21.7,26.03058815,119.19304657,21.62,-7.106,1.865,2.019,-0.049,0.248,0.1,-0.14,-2.67,-101.45,0.364,2.49,2.49,99.6,159,0,1431
755423,1,1,7,1.16,26.03058624,119.19304657,21.7,26.03058815,119.19304657,21.64,-7.116,1.915,2.039,-0.049,0.247,0.099,-0.15,-2.66,-101.43,0.364,2.631,2.631,99.6,159,0,1431
755623,1,1,7,1.16,26.03058624,119.19304657,21.7,26.03058815,119.19304657,21.66,-7.126,1.964,2.058,-0.049,0.246,0.099,-0.14,-2.67,-101.42,0.364,2.78,2.78,100.0,159,0,1433
755823,1,1,7,1.16,26.03058624,119.19304657,21.9,26.03058815,119.19304657,21.75,-7.02,1.893,2.152,-0.019,0.214,0.112,-0.15,-2.67,-101.42,0.374,2.226,2.226,100.0,160,0,1436
756023,1,1,7,1.16,26.03058624,119.19304657,21.9,26.03058815,119.19304657,21.77,-7.024,1.935,2.174,-0.019,0.213,0.111,-0.16,-2.66,-101.44,0.374,2.352,2.352,100.0,160,0,1440
756223,1,1,7,1.16,26.03058624,119.19304657,21.9,26.03058815,119.19304657,21.8,-7.028,1.978,2.197,-0.019,0.212,0.11,-0.15,-2.66,-101.46,0.374,2.486,2.486,100.0,160,0,1440
756423,1,1,7,1.16,26.03058624,119.19304657,21.9,26.03059006,119.19304657,21.82,-7.031,2.02,2.219,-0.018,0.211,0.109,-0.14,-2.65,-101.46,0.374,2.628,2.628,100.0,160,0,1440
756623,1,1,7,1.16,26.03059006,119.19304657,21.9,26.03059006,119.19304657,21.84,-7.035,2.062,2.24,-0.018,0.21,0.109,-0.15,-2.65,-101.43,0.374,2.776,2.776,100.0,160,0,1442
756826,1,1,7,1.16,26.03059006,119.19304657,22.0,26.03059006,119.19304657,21.91,-6.964,2.13,2.311,0.002,0.215,0.116,-0.14,-2.66,-101.43,0.176,2.226,2.226,100.0,161,0,1446
757033,1,1,7,1.16,26.03059006,119.19304657,22.0,26.03059006,119.19304657,21.93,-6.964,2.174,2.335,0.002,0.214,0.116,-0.13,-2.67,-101.45,0.176,2.357,2.357,100.0,161,0,1449
757233,1,1,7,1.16,26.03059006,119.19304657,22.0,26.03059006,119.19304657,21.96,-6.963,2.217,2.358,0.002,0.213,0.115,-0.13,-2.67,-101.45,0.176,2.491,2.491,100.0,161,0,1449
757433,1,1,7,1.16,26.03059006,119.19304657,22.0,26.03059196,119.19304657,21.98,-6.963,2.259,2.381,0.002,0.212,0.115,-0.14,-2.67,-101.43,0.176,2.633,2.633,100.0,161,0,1449
757652,1,1,7,1.16,26.03059578,119.19304657,22.2,26.03059387,119.19304657,22.06,-6.923,2.501,2.465,0.013,0.264,0.124,-0.13,-2.66,-101.42,0.47,2.125,2.125,99.7,162,0,1452
757853,1,1,7,1.16,26.03059578,119.19304657,22.2,26.03059387,119.19304657,22.09,-6.92,2.554,2.49,0.013,0.263,0.124,-0.13,-2.65,-101.44,0.47,2.246,2.246,99.7,162,0,1455
758053,1,1,7,1.16,26.03059578,119.19304657,22.2,26.03059387,119.19304657,22.11,-6.918,2.607,2.514,0.012,0.261,0.122,-0.14,-2.65,-101.43,0.47,2.374,2.374,99.7,162,0,1458
758253,1,1,7,1.16,26.03059578,119.19304657,22.2,26.03059578,119.19304657,22.14,-6.915,2.659,2.539,0.013,0.26,0.122,-0.14,-2.66,-101.42,0.47,2.51,2.51,99.7,162,0,1458
758453,1,1,7,1.16,26.03059578,119.19304657,22.2,26.03059578,119.19304657,22.16,-6.913,2.71,2.563,0.013,0.258,0.121,-0.13,-2.65,-101.45,0.47,2.653,2.653,99.7,162,0,1458
758656,1,1,7,1.16,26.03059578,119.19303131,22.4,26.03059578,119.19303894,22.25,-7.543,2.765,2.652,-0.159,0.258,0.132,-0.14,-2.67,-101.45,1.484,2.131,2.131,99.7,163,0,1461
758863,1,1,7,1.16,26.03059578,119.19303131,22.4,26.03059578,119.19303894,22.28,-7.576,2.819,2.68,-0.158,0.256,0.131,-0.13,-2.66,-101.45,1.484,2.256,2.256,99.7,163,0,1464
759063,1,1,7,1.16,26.03059578,119.19303131,22.4,26.03059769,119.19303894,22.31,-7.607,2.87,2.706,-0.157,0.255,0.13,-0.14,-2.67,-101.44,1.484,2.385,2.385,99.7,163,0,1467
759263,1,1,7,1.16,26.03059578,119.19303131,22.4,26.03059769,119.19303894,22.33,-7.639,2.921,2.732,-0.156,0.254,0.13,-0.14,-2.67,-101.41,1.484,2.521,2.521,99.7,163,0,1467
759463,1,1,7,1.16,26.03059578,119.19303131,22.4,26.03059769,119.19303894,22.36,-7.67,2.971,2.758,-0.155,0.253,0.129,-0.13,-2.67,-101.4,1.484,2.665,2.665,99.7,163,0,1467
759663,1,1,7,1.16,26.03059959,119.19304657,22.6,26.03059959,119.19303894,22.45,-7.347,3.096,2.85,-0.059,0.271,0.14,-0.13,-2.66,-101.43,0.844,2.137,2.137,100.0,164,0,1470
759863,1,1,7,1.16,26.03059959,119.19304657,22.6,26.03059959,119.19303894,22.48,-7.359,3.15,2.878,-0.059,0.27,0.139,-0.14,-2.66,-101.42,0.844,2.258,2.258,100.0,164,0,1473
760063,1,1,7,1.16,26.03059959,119.19304657,22.6,26.03059959,119.19303894,22.51,-7.37,3.204,2.906,-0.058,0.269,0.138,-0.13,-2.67,-101.41,0.844,2.387,2.387,100.0,164,0,1476
760263,1,1,7,1.16,26.03059959,119.19304657,22.6,26.03059959,119.19303894,22.53,-7.382,3.257,2.933,-0.058,0.267,0.137,-0.13,-2.68,-101.43,0.844,2.524,2.524,100.0,164,0,1476
760463,1,1,7,1.16,26.03059959,119.19304657,22.6,26.0306015,119.19303894,22.56,-7.393,3.311,2.961,-0.058,0.266,0.137,-0.14,-2.67,-101.43,0.844,2.667,2.667,100.0,164,0,1476
760666,1,1,7,1.16,26.03059959,119.19304657,22.6,26.0306015,119.19304657,22.59,-7.176,3.291,2.993,0.005,0.245,0.137,-0.13,-2.68,-101.42,0.562,2.138,2.138,100.0,165,0,1479
760866,1,1,7,1.16,26.03059959,119.19304657,22.6,26.0306015,119.19304657,22.62,-7.175,3.34,3.02,0.004,0.244,0.136,-0.14,-2.67,-101.43,0.562,2.259,2.259,100.0,165,0,1482
761073,1,1,7,1.16,26.03059959,119.19304657,22.6,26.0306015,119.19304657,22.65,-7.174,3.39,3.048,0.005,0.243,0.135,-0.13,-2.68,-101.42,0.562,2.392,2.392,100.0,165,0,1485
761274,1,1,7,1.16,26.03059959,119.19304657,22.6,26.0306015,119.19304657,22.68,-7.173,3.439,3.076,0.005,0.241,0.135,-0.13,-2.67,-101.43,0.562,2.529,2.529,100.0,165,0,1485
761483,1,1,7,1.16,26.03059959,119.19304657,22.6,26.0306015,119.19304657,22.7,-7.172,3.489,3.104,0.005,0.24,0.134,-0.13,-2.66,-101.43,0.562,2.68,2.68,101.0,165,0,1485
761685,1,1,7,1.16,26.03059959,119.19304657,22.7,26.0306015,119.19304657,22.72,-7.04,3.391,3.124,0.04,0.2,0.132,-0.13,-2.66,-101.4,0.456,2.148,2.148,101.0,166,0,1489
761893,1,1,7,1.16,26.03059959,119.19304657,22.7,26.0306015,119.19304657,22.75,-7.032,3.433,3.151,0.039,0.199,0.131,-0.14,-2.66,-101.4,0.456,2.274,2.274,101.0,166,0,1492
762093,1,1,7,1.16,26.03059959,119.19304657,22.7,26.0306015,119.19304657,22.78,-7.024,3.472,3.177,0.039,0.198,0.131,-0.13,-2.65,-101.4,0.456,2.404,2.404,101.0,166,0,1494
762294,1,1,7,1.16,26.03059959,119.19304657,22.7,26.03060341,119.19304657,22.8,-7.016,3.512,3.203,0.039,0.197,0.131,-0.13,-2.66,-101.41,0.456,2.542,2.542,101.0,166,0,1494
762494,1,1,7,1.16,26.03059959,119.19304657,22.7,26.03060341,119.19304657,22.83,-7.009,3.551,3.23,0.039,0.196,0.13,-0.13,-2.66,-101.43,0.456,2.686,2.686,100.0,166,0,1494
762701,1,1,7,1.16,26.03060341,119.19304657,22.7,26.03060341,119.19304657,22.81,-6.942,3.606,3.212,0.054,0.199,0.122,-0.14,-2.66,-101.43,0.139,2.158,2.158,100.0,167,0,1498
762904,1,1,7,1.16,26.03060341,119.19304657,22.7,26.03060341,119.19304657,22.84,-6.931,3.646,3.237,0.054,0.197,0.121,-0.15,-2.67,-101.43,0.139,2.283,2.283,100.0,167,0,1501
763113,1,1,7,1.16,26.03060341,119.19304657,22.7,26.03060341,119.19304657,22.86,-6.92,3.687,3.262,0.054,0.196,0.12,-0.14,-2.67,-101.44,0.139,2.419,2.419,100.0,167,0,1503
763313,1,1,7,1.16,26.03060341,119.19304657,22.7,26.03060532,119.19304657,22.89,-6.909,3.726,3.286,0.053,0.195,0.12,-0.16,-2.68,-101.43,0.139,2.558,2.558,100.0,167,0,1503
763513,1,1,7,1.16,26.03060722,119.19304657,22.7,26.03060532,119.19304657,22.91,-6.899,3.765,3.31,0.053,0.194,0.118,-0.15,-2.67,-101.43,0.139,2.703,2.703,99.7,167,0,1504
763716,1,1,7,1.16,26.03060722,119.19304657,23.0,26.03060532,119.19304657,22.96,-6.878,3.911,3.357,0.056,0.222,0.122,-0.15,-2.67,-101.42,0.247,2.166,2.166,99.7,168,0,1507
763923,1,1,7,1.16,26.03060722,119.19304657,23.0,26.03060722,119.19304657,22.98,-6.866,3.957,3.382,0.055,0.221,0.121,-0.15,-2.67,-101.43,0.247,2.294,2.294,99.7,168,0,1510
764123,1,1,7,1.16,26.03060722,119.19304657,23.0,26.03060722,119.19304657,23.01,-6.855,4.001,3.406,0.055,0.219,0.12,-0.15,-2.67,-101.41,0.247,2.425,2.425,99.7,168,0,1512
764323,1,1,7,1.16,26.03060722,119.19304657,23.0,26.03060722,119.19304657,23.03,-6.844,4.045,3.43,0.055,0.218,0.12,-0.14,-2.68,-101.43,0.247,2.563,2.563,99.7,168,0,1512
764525,1,1,7,1.16,26.03060722,119.19304657,23.0,26.03060722,119.19304657,23.05,-6.833,4.089,3.454,0.055,0.217,0.119,-0.14,-2.67,-101.43,0.247,2.71,2.71,100.3,168,0,1513
764728,1,1,8,1.16,26.03060722,119.19304657,23.2,26.03060722,119.19304657,23.12,-6.84,4.099,3.519,0.05,0.207,0.126,-0.14,-2.67,-101.43,0.088,2.173,2.173,100.3,169,0,1516
764933,1,1,8,1.16,26.03060722,119.19304657,23.2,26.03060913,119.19304657,23.14,-6.83,4.141,3.544,0.05,0.206,0.125,-0.14,-2.67,-101.41,0.088,2.3,2.3,100.3,169,0,1519
765133,1,1,8,1.16,26.03060722,119.19304657,23.2,26.03060913,119.19304657,23.17,-6.82,4.182,3.569,0.049,0.205,0.125,-0.14,-2.67,-101.4,0.088,2.431,2.431,100.3,169,0,1521
765333,1,1,8,1.16,26.03060722,119.19304657,23.2,26.03060913,119.19304657,23.19,-6.81,4.223,3.594,0.049,0.204,0.125,-0.14,-2.68,-101.42,0.088,2.57,2.57,100.3,169,0,1521
765533,1,1,8,1.16,26.03060722,119.19304657,23.2,26.03060913,119.19304657,23.22,-6.8,4.264,3.619,0.049,0.203,0.125,-0.14,-2.68,-101.42,0.088,2.716,2.716,100.0,169,0,1522
765733,1,1,7,1.16,26.03060722,119.19304657,23.3,26.03060913,119.19304657,23.27,-6.822,4.196,3.665,0.04,0.173,0.128,-0.14,-2.68,-101.41,0.258,2.178,2.178,100.0,170,0,1525
765933,1,1,7,1.16,26.03060722,119.19304657,23.3,26.03060913,119.19304657,23.29,-6.814,4.231,3.691,0.04,0.172,0.127,-0.15,-2.7,-101.42,0.258,2.302,2.302,100.0,170,0,1528
766133,1,1,7,1.16,26.03060722,119.19304657,23.3,26.03060913,119.19304657,23.32,-6.806,4.265,3.716,0.04,0.171,0.127,-0.14,-2.69,-101.43,0.258,2.434,2.434,100.0,170,0,1530
766333,1,1,7,1.16,26.03060722,119.19304657,23.3,26.03060913,119.19304657,23.34,-6.798,4.299,3.741,0.04,0.171,0.126,-0.13,-2.68,-101.43,0.258,2.573,2.573,100.0,170,0,1530
766533,1,1,7,1.16,26.03060722,119.19304657,23.3,26.03060913,119.19304657,23.37,-6.79,4.333,3.767,0.04,0.17,0.126,-0.14,-2.68,-101.43,0.258,2.719,2.719,100.0,170,0,1531
766733,1,1,7,1.16,26.03060722,119.19304657,23.4,26.03060913,119.19304657,23.4,-6.818,4.23,3.798,0.03,0.133,0.126,-0.14,-2.68,-101.43,0.325,2.18,2.18,100.0,171,0,1534
766933,1,1,7,1.16,26.03060722,119.19304657,23.4,26.03060913,119.19304657,23.42,-6.812,4.256,3.824,0.03,0.132,0.125,-0.14,-2.68,-101.45,0.325,2.304,2.304,100.0,171,0,1537
767133,1,1,7,1.16,26.03060722,119.19304657,23.4,26.03060913,119.19304657,23.45,-6.806,4.283,3.849,0.03,0.131,0.125,-0.15,-2.69,-101.45,0.325,2.436,2.436,100.0,171,0,1539
767333,1,1,7,1.16,26.03060722,119.19304657,23.4,26.03060913,119.19304657,23.47,-6.8,4.309,3.874,0.03,0.13,0.125,-0.16,-2.69,-101.43,0.325,2.575,2.575,100.0,171,0,1539
767537,1,1,7,1.16,26.03061104,119.19303131,23.4,26.03060913,119.19304657,23.5,-6.794,4.335,3.899,0.03,0.13,0.124,-0.14,-2.69,-101.43,0.325,2.725,2.725,100.0,171,0,1540
767743,1,1,8,1.16,26.03061104,119.19303131,23.6,26.03061104,119.19303894,23.55,-7.491,4.411,3.952,-0.156,0.143,0.128,-0.14,-2.67,-101.43,1.608,2.184,2.184,100.0,172,0,1543
767943,1,1,8,1.16,26.03061104,119.19303131,23.6,26.03061104,119.19303894,23.58,-7.522,4.439,3.977,-0.155,0.142,0.128,-0.14,-2.66,-101.44,1.608,2.309,2.309,100.0,172,0,1546
768143,1,1,8,1.16,26.03061104,119.19303131,23.6,26.03061104,119.19303894,23.6,-7.553,4.468,4.003,-0.154,0.141,0.128,-0.15,-2.66,-101.45,1.608,2.441,2.441,100.0,172,0,1548
768343,1,1,8,1.16,26.03061104,119.19303131,23.6,26.03061104,119.19303894,23.63,-7.584,4.496,4.028,-0.154,0.141,0.127,-0.15,-2.65,-101.46,1.608,2.58,2.58,100.0,172,0,1548
768543,1,1,8,1.16,26.03061485,119.19304657,23.6,26.03061104,119.19303894,23.65,-7.615,4.524,4.054,-0.153,0.14,0.127,-0.16,-2.65,-101.45,1.608,2.727,2.727,100.0,172,0,1549
768746,1,1,8,1.16,26.03061485,119.19304657,23.8,26.03061295,119.19303894,23.72,-7.312,4.705,4.121,-0.064,0.18,0.134,-0.16,-2.65,-101.44,0.835,2.185,2.185,100.0,173,0,1552
768946,1,1,8,1.16,26.03061485,119.19304657,23.8,26.03061295,119.19303894,23.75,-7.325,4.741,4.147,-0.064,0.179,0.133,-0.16,-2.65,-101.42,0.835,2.31,2.31,100.0,173,0,1556
769153,1,1,8,1.16,26.03061485,119.19304657,23.8,26.03061485,119.19303894,23.77,-7.338,4.778,4.175,-0.064,0.178,0.132,-0.16,-2.65,-101.42,0.835,2.446,2.446,100.0,173,0,1557
769353,1,1,8,1.16,26.03061485,119.19304657,23.8,26.03061485,119.19303894,23.8,-7.351,4.813,4.201,-0.063,0.177,0.132,-0.16,-2.64,-101.43,0.835,2.586,2.586,100.0,173,0,1557
769554,1,1,8,1.16,26.03061485,119.19303131,23.8,26.03061485,119.19303894,23.83,-7.364,4.849,4.227,-0.063,0.176,0.131,-0.16,-2.65,-101.43,0.835,2.734,2.734,100.0,173,0,1559
769763,1,1,8,1.16,26.03061485,119.19303131,23.9,26.03061485,119.19303894,23.87,-7.829,4.895,4.274,-0.182,0.178,0.134,-0.17,-2.66,-101.43,1.026,2.195,2.195,100.0,174,0,1562
769963,1,1,8,1.16,26.03061485,119.19303131,23.9,26.03061485,119.19303894,23.9,-7.865,4.93,4.301,-0.181,0.177,0.133,-0.17,-2.66,-101.44,1.026,2.32,2.32,100.0,174,0,1565
770163,1,1,8,1.16,26.03061485,119.19303131,23.9,26.03061485,119.19303894,23.93,-7.901,4.965,4.327,-0.18,0.176,0.133,-0.18,-2.66,-101.43,1.026,2.453,2.453,100.0,174,0,1566
770363,1,1,8,1.16,26.03061485,119.19303131,23.9,26.03061676,119.19303894,23.95,-7.937,5.001,4.354,-0.179,0.176,0.132,-0.18,-2.66,-101.41,1.026,2.593,2.593,100.0,174,0,1566
770563,1,1,8,1.16,26.03061485,119.19303131,23.9,26.03061676,119.19303894,23.98,-7.972,5.036,4.38,-0.178,0.175,0.132,-0.17,-2.66,-101.43,1.026,2.74,2.74,100.0,174,0,1568
770766,1,1,8,1.1,26.03061485,119.19303131,24.2,26.03061676,119.19303131,24.07,-8.2,4.994,4.471,-0.227,0.154,0.142,-0.17,-2.66,-101.42,0.441,2.146,2.146,100.0,175,0,1571
770969,1,1,8,1.1,26.03061485,119.19303131,24.2,26.03061676,119.19303131,24.1,-8.246,5.025,4.5,-0.226,0.153,0.142,-0.17,-2.67,-101.41,0.441,2.271,2.271,100.0,175,0,1574
771173,1,1,8,1.1,26.03061485,119.19303131,24.2,26.03061676,119.19303131,24.13,-8.292,5.056,4.529,-0.225,0.152,0.142,-0.17,-2.67,-101.42,0.441,2.404,2.404,100.0,175,0,1575
771373,1,1,8,1.1,26.03061485,119.19303131,24.2,26.03061676,119.19303131,24.16,-8.337,5.087,4.557,-0.224,0.152,0.141,-0.17,-2.67,-101.42,0.441,2.543,2.543,100.0,175,0,1575
771575,1,1,8,1.1,26.03061867,119.19301605,24.2,26.03061676,119.19303131,24.19,-8.382,5.117,4.586,-0.222,0.152,0.141,-0.17,-2.66,-101.42,0.441,2.69,2.69,100.0,175,0,1577
771775,1,1,8,1.1,26.03061867,119.19301605,24.3,26.03061867,119.19302368,24.25,-9.125,5.231,4.646,-0.406,0.173,0.146,-0.18,-2.65,-101.42,1.537,2.127,2.127,100.0,176,0,1580
771983,1,1,8,1.1,26.03061867,119.19301605,24.3,26.03061867,119.19302368,24.28,-9.209,5.267,4.677,-0.404,0.172,0.144,-0.18,-2.64,-101.42,1.537,2.255,2.255,100.0,176,0,1583
772183,1,1,8,1.1,26.03061867,119.19301605,24.3,26.03061867,119.19302368,24.31,-9.29,5.301,4.705,-0.402,0.172,0.143,-0.18,-2.63,-101.4,1.537,2.386,2.386,100.0,176,0,1584
772383,1,1,8,1.1,26.03061867,119.19301605,24.3,26.03061867,119.19302368,24.33,-9.37,5.336,4.734,-0.4,0.171,0.143,-0.17,-2.63,-101.39,1.537,2.525,2.525,100.0,176,0,1584
772583,1,1,8,1.1,26.03061867,119.19301605,24.3,26.03061867,119.19302368,24.36,-9.45,5.37,4.762,-0.398,0.17,0.142,-0.18,-2.63,-101.39,1.537,2.67,2.67,100.0,176,0,1586
772787,1,1,8,1.1,26.03061867,119.19301605,24.4,26.03061867,119.19301605,24.4,-9.737,5.373,4.801,-0.45,0.16,0.143,-0.18,-2.64,-101.4,0.458,2.125,2.125,100.0,177,0,1589
772993,1,1,8,1.1,26.03061867,119.19301605,24.4,26.03061867,119.19301605,24.43,-9.829,5.406,4.83,-0.448,0.159,0.142,-0.17,-2.65,-101.39,0.458,2.253,2.253,100.0,177,0,1592
773193,1,1,8,1.1,26.03061867,119.19301605,24.4,26.03062057,119.19301605,24.46,-9.918,5.437,4.859,-0.446,0.158,0.142,-0.16,-2.66,-101.38,0.458,2.385,2.385,100.0,177,0,1593
773394,1,1,8,1.1,26.03061867,119.19301605,24.4,26.03062057,119.19301605,24.49,-10.008,5.469,4.887,-0.443,0.157,0.141,-0.15,-2.66,-101.37,0.458,2.525,2.525,100.0,177,0,1593
773603,1,1,8,1.1,26.03061867,119.19301605,24.4,26.03062057,119.19301605,24.52,-10.1,5.502,4.916,-0.441,0.157,0.141,-0.15,-2.66,-101.37,0.458,2.679,2.679,100.0,177,0,1595
773803,1,1,8,1.1,26.03061867,119.19301605,24.4,26.03062057,119.19301605,24.51,-10.101,5.443,4.907,-0.415,0.132,0.133,-0.15,-2.66,-101.36,0.275,2.132,2.132,100.0,178,0,1598
774003,1,1,8,1.1,26.03061867,119.19301605,24.4,26.03062057,119.19301605,24.53,-10.184,5.469,4.934,-0.413,0.131,0.133,-0.15,-2.65,-101.38,0.275,2.257,2.257,100.0,178,0,1602
774204,1,1,8,1.1,26.03061867,119.19301605,24.4,26.03062057,119.19301605,24.56,-10.267,5.496,4.961,-0.411,0.131,0.132,-0.16,-2.65,-101.39,0.275,2.39,2.39,100.0,178,0,1602
774413,1,1,8,1.1,26.03061867,119.19301605,24.4,26.03062057,119.19300842,24.59,-10.352,5.523,4.988,-0.408,0.13,0.131,-0.14,-2.65,-101.39,0.275,2.537,2.537,100.0,178,0,1602
774613,1,1,8,1.1,26.03061867,119.19303131,24.4,26.03062057,119.19300842,24.61,-10.434,5.549,5.014,-0.406,0.129,0.13,-0.15,-2.65,-101.39,0.275,2.685,2.685,100.0,178,0,1604
774814,1,1,8,1.1,26.03061867,119.19303131,24.5,26.03062057,119.19301605,24.6,-9.58,5.464,5.004,-0.155,0.099,0.123,-0.14,-2.64,-101.4,2.062,2.137,2.137,100.0,179,0,1607
775016,1,1,8,1.1,26.03061867,119.19303131,24.5,26.03062057,119.19301605,24.63,-9.612,5.484,5.029,-0.155,0.099,0.123,-0.14,-2.65,-101.42,2.062,2.264,2.264,100.0,179,0,1611
775223,1,1,8,1.1,26.03061867,119.19303131,24.5,26.03062057,119.19301605,24.65,-9.644,5.504,5.054,-0.154,0.098,0.122,-0.14,-2.66,-101.42,2.062,2.403,2.403,100.0,179,0,1611
775423,1,1,8,1.1,26.03061867,119.19303131,24.5,26.03062057,119.19301605,24.68,-9.674,5.524,5.079,-0.153,0.097,0.121,-0.13,-2.66,-101.41,2.062,2.544,2.544,100.0,179,0,1611
775623,1,1,8,1.1,26.03061867,119.19301605,24.5,26.03062057,119.19301605,24.7,-9.705,5.543,5.103,-0.152,0.097,0.121,-0.13,-2.66,-101.41,2.062,2.692,2.692,100.0,179,0,1613
775823,1,1,8,1.1,26.03061867,119.19301605,24.6,26.03062057,119.19301605,24.69,-9.833,5.454,5.094,-0.177,0.067,0.115,-0.13,-2.68,-101.42,0.319,2.14,2.14,100.0,180,0,1616
776023,1,1,8,1.1,26.03061867,119.19301605,24.6,26.03062057,119.19301605,24.72,-9.868,5.467,5.117,-0.176,0.067,0.114,-0.12,-2.67,-101.43,0.319,2.265,2.265,100.0,180,0,1620
776223,1,1,8,1.1,26.03061867,119.19301605,24.6,26.03062057,119.19301605,24.74,-9.903,5.481,5.14,-0.176,0.067,0.113,-0.14,-2.65,-101.43,0.319,2.399,2.399,100.0,180,0,1620
776423,1,1,8,1.1,26.03061867,119.19301605,24.6,26.03062057,119.19301605,24.76,-9.938,5.494,5.163,-0.175,0.067,0.113,-0.14,-2.66,-101.44,0.319,2.54,2.54,100.0,180,0,1620
776623,1,1,8,1.1,26.03061867,119.19301605,24.6,26.03062057,119.19301605,24.79,-9.973,5.508,5.185,-0.174,0.067,0.112,-0.15,-2.65,-101.43,0.319,2.688,2.688,100.0,180,0,1622
776825,1,1,8,1.1,26.03061867,119.19301605,24.7,26.03062057,119.19301605,24.78,-9.983,5.429,5.181,-0.166,0.042,0.107,-0.15,-2.66,-101.46,0.208,2.139,2.139,100.0,181,0,1625
777033,1,1,8,1.1,26.03061867,119.19301605,24.7,26.03062057,119.19301605,24.8,-10.017,5.438,5.203,-0.165,0.042,0.107,-0.15,-2.66,-101.45,0.208,2.27,2.27,100.0,181,0,1629
777233,1,1,8,1.1,26.03061867,119.19301605,24.7,26.03062057,119.19301605,24.82,-10.05,5.446,5.224,-0.165,0.042,0.106,-0.16,-2.65,-101.45,0.208,2.404,2.404,100.0,181,0,1629
777433,1,1,8,1.1,26.03061867,119.19301605,24.7,26.03062057,119.19301605,24.85,-10.083,5.454,5.246,-0.164,0.041,0.106,-0.15,-2.65,-101.44,0.208,2.545,2.545,100.0,181,0,1629
777651,1,1,7,1.15,26.03061867,119.19303131,24.8,26.03061867,119.19302368,24.85,-9.408,5.4,5.249,0.036,0.023,0.102,-0.13,-2.65,-101.44,1.727,2.078,2.078,100.0,182,0,1632
777853,1,1,7,1.15,26.03061867,119.19303131,24.8,26.03061867,119.19302368,24.87,-9.4,5.404,5.269,0.036,0.023,0.101,-0.13,-2.66,-101.42,1.727,2.201,2.201,100.0,182,0,1635
778053,1,1,7,1.15,26.03061867,119.19303131,24.8,26.03061867,119.19302368,24.89,-9.393,5.409,5.29,0.035,0.023,0.101,-0.14,-2.65,-101.41,1.727,2.33,2.33,100.0,182,0,1638
778253,1,1,7,1.15,26.03061867,119.19303131,24.8,26.03061867,119.19302368,24.91,-9.386,5.414,5.31,0.036,0.023,0.1,-0.13,-2.65,-101.42,1.727,2.467,2.467,100.0,182,0,1638
778453,1,1,7,1.15,26.03061867,119.19303131,24.8,26.03062057,119.19302368,24.93,-9.379,5.418,5.33,0.035,0.023,0.1,-0.13,-2.65,-101.4,1.727,2.611,2.611,100.0,182,0,1638
778659,1,1,7,1.15,26.03061867,119.19303131,24.8,26.03061867,119.19302368,24.91,-8.957,5.375,5.306,0.15,0.01,0.092,-0.14,-2.65,-101.42,0.985,2.104,2.104,99.0,183,0,1641
778863,1,1,7,1.15,26.03061867,119.19303131,24.8,26.03061867,119.19302368,24.92,-8.927,5.377,5.325,0.149,0.01,0.092,-0.15,-2.65,-101.42,0.985,2.229,2.229,99.0,183,0,1644
779063,1,1,7,1.15,26.03061867,119.19303131,24.8,26.03061867,119.19302368,24.94,-8.897,5.379,5.343,0.148,0.01,0.091,-0.16,-2.66,-101.43,0.985,2.358,2.358,99.0,183,0,1647
779263,1,1,7,1.15,26.03061867,119.19303131,24.8,26.03061867,119.19302368,24.96,-8.867,5.381,5.361,0.147,0.01,0.09,-0.16,-2.64,-101.44,0.985,2.496,2.496,99.0,183,0,1647
779463,1,1,7,1.15,26.03061867,119.19303131,24.8,26.03061867,119.19302368,24.98,-8.838,5.383,5.379,0.147,0.01,0.09,-0.17,-2.63,-101.47,0.985,2.64,2.64,99.0,183,0,1647
779672,1,1,7,1.14,26.03061867,119.19301605,24.9,26.03061867,119.19302368,24.97,-9.289,5.352,5.369,0.014,0.001,0.084,-0.17,-2.63,-101.45,1.112,2.111,2.111,100.6,184,0,1650
779873,1,1,7,1.14,26.03061867,119.19301605,24.9,26.03061867,119.19302368,24.99,-9.286,5.352,5.386,0.014,0.001,0.084,-0.17,-2.63,-101.43,1.112,2.233,2.233,100.6,184,0,1653
780073,1,1,7,1.14,26.03061867,119.19301605,24.9,26.03061867,119.19302368,25.0,-9.284,5.352,5.403,0.014,0.0,0.083,-0.17,-2.65,-101.44,1.112,2.362,2.362,100.6,184,0,1656
780273,1,1,7,1.14,26.03061867,119.19301605,24.9,26.03061867,119.19302368,25.02,-9.281,5.352,5.419,0.014,0.0,0.083,-0.17,-2.65,-101.42,1.112,2.498,2.498,100.6,184,0,1656
780473,1,1,7,1.14,26.03061867,119.19301605,24.9,26.03061867,119.19302368,25.04,-9.278,5.352,5.436,0.014,0.001,0.083,-0.17,-2.63,-101.42,1.112,2.642,2.642,100.6,184,0,1656
780679,1,1,8,1.1,26.03061867,119.19301605,24.9,26.03061867,119.19301605,25.01,-9.566,5.332,5.408,-0.066,-0.005,0.074,-0.17,-2.64,-101.43,0.647,2.083,2.083,99.7,185,0,1659
780883,1,1,8,1.1,26.03061867,119.19301605,24.9,26.03061867,119.19301605,25.02,-9.58,5.331,5.423,-0.065,-0.005,0.074,-0.16,-2.64,-101.42,0.647,2.205,2.205,99.7,185,0,1662
781083,1,1,8,1.1,26.03061867,119.19301605,24.9,26.03061867,119.19301605,25.04,-9.593,5.33,5.438,-0.065,-0.005,0.073,-0.16,-2.66,-101.43,0.647,2.333,2.333,99.7,185,0,1665
781283,1,1,8,1.1,26.03061867,119.19301605,24.9,26.03061867,119.19301605,25.05,-9.606,5.329,5.452,-0.064,-0.005,0.073,-0.16,-2.65,-101.44,0.647,2.468,2.468,99.7,185,0,1665
781484,1,1,8,1.1,26.03061867,119.19301605,24.9,26.03061867,119.19301605,25.07,-9.618,5.328,5.467,-0.064,-0.005,0.072,-0.16,-2.66,-101.43,0.647,2.612,2.612,99.7,185,0,1665
781685,1,1,8,1.1,26.03061867,119.19301605,24.9,26.03061867,119.19301605,25.03,-9.762,5.319,5.428,-0.099,-0.007,0.062,-0.15,-2.66,-101.43,0.294,2.069,2.069,99.7,186,0,1668
781893,1,1,8,1.1,26.03061867,119.19301605,24.9,26.03061867,119.19301605,25.04,-9.782,5.317,5.441,-0.098,-0.007,0.062,-0.15,-2.66,-101.41,0.294,2.194,2.194,99.7,186,0,1671
782093,1,1,8,1.1,26.03061867,119.19301605,24.9,26.03061867,119.19301605,25.05,-9.802,5.316,5.453,-0.098,-0.007,0.062,-0.15,-2.65,-101.39,0.294,2.322,2.322,99.7,186,0,1674
782293,1,1,8,1.1,26.03061867,119.19301605,24.9,26.03061867,119.19301605,25.07,-9.821,5.315,5.465,-0.097,-0.007,0.061,-0.15,-2.65,-101.38,0.294,2.458,2.458,99.7,186,0,1674
782494,1,1,8,1.1,26.03061867,119.19301605,24.9,26.03061867,119.19301605,25.08,-9.841,5.313,5.477,-0.097,-0.007,0.061,-0.15,-2.65,-101.4,0.294,2.602,2.602,99.7,186,0,1674
782701,1,1,8,1.1,26.03061867,119.19303131,24.8,26.03061867,119.19302368,25.0,-9.213,5.31,5.403,0.081,-0.007,0.045,-0.15,-2.65,-101.4,1.459,2.072,2.072,100.0,187,0,1678
782903,1,1,8,1.1,26.03061867,119.19303131,24.8,26.03061867,119.19302368,25.01,-9.196,5.308,5.412,0.081,-0.007,0.045,-0.16,-2.66,-101.42,1.459,2.194,2.194,100.0,187,0,1681
783103,1,1,8,1.1,26.03061867,119.19303131,24.8,26.03061867,119.19302368,25.02,-9.18,5.307,5.421,0.081,-0.007,0.045,-0.15,-2.66,-101.41,1.459,2.323,2.323,100.0,187,0,1683
783303,1,1,8,1.1,26.03061867,119.19303131,24.8,26.03061867,119.19302368,25.03,-9.164,5.306,5.43,0.08,-0.007,0.044,-0.14,-2.66,-101.39,1.459,2.46,2.46,100.0,187,0,1683
783503,1,1,8,1.1,26.03061867,119.19303131,24.8,26.03061867,119.19302368,25.04,-9.148,5.304,5.439,0.08,-0.007,0.044,-0.14,-2.66,-101.4,1.459,2.603,2.603,100.0,187,0,1683
783710,1,1,8,1.1,26.03061867,119.19301605,24.8,26.03061867,119.19302368,24.97,-9.479,5.305,5.374,-0.016,-0.007,0.031,-0.15,-2.67,-101.41,0.783,2.075,2.075,100.0,188,0,1687
783915,1,1,8,1.1,26.03061867,119.19301605,24.8,26.03061867,119.19302368,24.98,-9.483,5.303,5.38,-0.016,-0.007,0.031,-0.15,-2.68,-101.41,0.783,2.2,2.2,100.0,188,0,1690
784123,1,1,8,1.1,26.03061867,119.19301605,24.8,26.03061867,119.19302368,24.99,-9.486,5.302,5.387,-0.016,-0.006,0.031,-0.15,-2.67,-101.4,0.783,2.335,2.335,100.0,188,0,1692
784323,1,1,8,1.1,26.03061867,119.19301605,24.8,26.03061867,119.19302368,24.99,-9.489,5.301,5.393,-0.015,-0.006,0.031,-0.14,-2.67,-101.38,0.783,2.473,2.473,100.0,188,0,1692
784523,1,1,8,1.1,26.03061867,119.19301605,24.8,26.03061867,119.19302368,25.0,-9.492,5.3,5.399,-0.015,-0.006,0.031,-0.14,-2.67,-101.38,0.783,2.618,2.618,101.0,188,0,1693
784728,1,1,8,1.1,26.03061867,119.19301605,24.8,26.03061867,119.19301605,24.94,-9.686,5.302,5.344,-0.067,-0.005,0.02,-0.15,-2.66,-101.4,0.427,2.086,2.086,101.0,189,0,1696
784933,1,1,8,1.1,26.03061867,119.19301605,24.8,26.03061867,119.19301605,24.95,-9.699,5.301,5.348,-0.066,-0.005,0.02,-0.14,-2.66,-101.4,0.427,2.211,2.211,101.0,189,0,1699
785133,1,1,8,1.1,26.03061867,119.19301605,24.8,26.03061867,119.19301605,24.95,-9.713,5.3,5.352,-0.066,-0.005,0.02,-0.15,-2.65,-101.41,0.427,2.342,2.342,101.0,189,0,1701
785333,1,1,8,1.1,26.03061867,119.19301605,24.8,26.03061867,119.19301605,24.96,-9.726,5.299,5.355,-0.066,-0.005,0.019,-0.14,-2.67,-101.41,0.427,2.48,2.48,101.0,189,0,1701
785535,1,1,8,1.1,26.03061867,119.19303131,24.8,26.03061867,119.19301605,24.96,-9.739,5.298,5.359,-0.065,-0.005,0.019,-0.14,-2.68,-101.42,0.427,2.627,2.627,100.0,189,0,1702
785743,1,1,8,1.1,26.03061867,119.19303131,24.7,26.03061867,119.19302368,24.88,-9.147,5.302,5.283,0.1,-0.004,0.005,-0.13,-2.67,-101.42,1.352,2.092,2.092,100.0,190,0,1705
785943,1,1,8,1.1,26.03061867,119.19303131,24.7,26.03061867,119.19302368,24.88,-9.127,5.301,5.284,0.1,-0.004,0.005,-0.13,-2.69,-101.4,1.352,2.215,2.215,100.0,190,0,1708
786143,1,1,8,1.1,26.03061867,119.19303131,24.7,26.03061867,119.19302368,24.89,-9.107,5.3,5.285,0.099,-0.004,0.005,-0.14,-2.68,-101.42,1.352,2.346,2.346,100.0,190,0,1710
786343,1,1,8,1.1,26.03061867,119.19303131,24.7,26.03061867,119.19302368,24.89,-9.087,5.299,5.286,0.099,-0.004,0.004,-0.15,-2.68,-101.43,1.352,2.484,2.484,100.0,190,0,1710
786543,1,1,8,1.1,26.03061867,119.19301605,24.7,26.03061867,119.19302368,24.89,-9.067,5.299,5.287,0.098,-0.004,0.004,-0.14,-2.68,-101.44,1.352,2.63,2.63,100.0,190,0,1711
786743,1,1,8,1.1,26.03061867,119.19301605,24.7,26.03061867,119.19302368,24.83,-9.434,5.302,5.23,-0.007,-0.002,-0.006,-0.15,-2.67,-101.44,0.863,2.093,2.093,100.0,191,0,1714
786943,1,1,8,1.1,26.03061867,119.19301605,24.7,26.03061867,119.19302368,24.83,-9.435,5.302,5.229,-0.007,-0.002,-0.006,-0.14,-2.67,-101.44,0.863,2.217,2.217,100.0,191,0,1718
787143,1,1,8,1.1,26.03061867,119.19301605,24.7,26.03061867,119.19302368,24.83,-9.436,5.301,5.228,-0.007,-0.002,-0.006,-0.13,-2.67,-101.44,0.863,2.348,2.348,100.0,191,0,1719
787343,1,1,8,1.1,26.03061867,119.19301605,24.7,26.03061867,119.19302368,24.83,-9.438,5.301,5.227,-0.006,-0.002,-0.006,-0.12,-2.66,-101.44,0.863,2.486,2.486,100.0,191,0,1719
787544,1,1,8,1.1,26.03061867,119.19301605,24.7,26.03061867,119.19302368,24.83,-9.439,5.3,5.226,-0.007,-0.002,-0.005,-0.13,-2.67,-101.44,0.863,2.633,2.633,99.7,191,0,1720
787753,1,1,8,1.1,26.03061867,119.19301605,24.7,26.03061867,119.19301605,24.79,-9.657,5.304,5.186,-0.065,-0.001,-0.012,-0.13,-2.67,-101.43,0.481,2.1,2.1,99.7,192,0,1723
787954,1,1,8,1.1,26.03061867,119.19301605,24.7,26.03061867,119.19301605,24.78,-9.67,5.303,5.184,-0.065,-0.001,-0.012,-0.12,-2.66,-101.41,0.481,2.225,2.225,99.7,192,0,1727
788163,1,1,8,1.1,26.03061867,119.19301605,24.7,26.03061867,119.19301605,24.78,-9.683,5.303,5.181,-0.064,-0.001,-0.012,-0.11,-2.66,-101.4,0.481,2.362,2.362,99.7,192,0,1728
788363,1,1,8,1.1,26.03061867,119.19301605,24.7,26.03061867,119.19301605,24.78,-9.696,5.303,5.179,-0.064,-0.001,-0.013,-0.11,-2.66,-101.39,0.481,2.502,2.502,99.7,192,0,1728
788563,1,1,8,1.1,26.03061867,119.19301605,24.7,26.03061867,119.19301605,24.78,-9.709,5.303,5.177,-0.064,-0.001,-0.012,-0.12,-2.66,-101.4,0.481,2.648,2.648,100.1,192,0,1730
788763,1,1,8,1.1,26.03061867,119.19301605,24.6,26.03061867,119.19301605,24.72,-9.815,5.305,5.12,-0.089,-0.0,-0.022,-0.12,-2.66,-101.4,0.208,2.107,2.107,100.1,193,0,1733
788963,1,1,8,1.1,26.03061867,119.19301605,24.6,26.03061867,119.19301605,24.72,-9.833,5.305,5.116,-0.088,-0.0,-0.022,-0.12,-2.65,-101.4,0.208,2.231,2.231,100.1,193,0,1736
789163,1,1,8,1.1,26.03061867,119.19301605,24.6,26.03061867,119.19301605,24.71,-9.85,5.305,5.111,-0.088,0.0,-0.022,-0.12,-2.64,-101.42,0.208,2.363,2.363,100.1,193,0,1737
789363,1,1,8,1.1,26.03061867,119.19301605,24.6,26.03061867,119.19301605,24.71,-9.868,5.305,5.107,-0.088,-0.0,-0.022,-0.13,-2.66,-101.41,0.208,2.503,2.503,100.1,193,0,1737
789563,1,1,8,1.1,26.03061867,119.19301605,24.6,26.03061867,119.19301605,24.7,-9.885,5.305,5.102,-0.087,-0.0,-0.022,-0.13,-2.67,-101.43,0.208,2.649,2.649,100.0,193,0,1739
789763,1,1,8,1.1,26.03061867,119.19301605,24.7,26.03061867,119.19301605,24.7,-9.916,5.306,5.098,-0.091,0.0,-0.022,-0.14,-2.65,-101.43,0.029,2.107,2.107,100.0,194,0,1742
789963,1,1,8,1.1,26.03061867,119.19301605,24.7,26.03061867,119.19301605,24.69,-9.934,5.306,5.093,-0.09,0.0,-0.022,-0.13,-2.66,-101.43,0.029,2.231,2.231,100.0,194,0,1745
790163,1,1,8,1.1,26.03061867,119.19301605,24.7,26.03061867,119.19301605,24.69,-9.952,5.306,5.089,-0.09,0.001,-0.022,-0.15,-2.65,-101.42,0.029,2.362,2.362,100.0,194,0,1746
790363,1,1,8,1.1,26.03061867,119.19301605,24.7,26.03061867,119.19301605,24.68,-9.97,5.307,5.084,-0.089,0.001,-0.023,-0.14,-2.65,-101.42,0.029,2.502,2.502,100.0,194,0,1746
790563,1,1,8,1.1,26.03061867,119.19301605,24.7,26.03061867,119.19301605,24.68,-9.988,5.307,5.08,-0.089,0.001,-0.023,-0.14,-2.65,-101.41,0.029,2.648,2.648,100.0,194,0,1748
790765,1,1,8,1.1,26.03061867,119.19301605,24.6,26.03061867,119.19301605,24.65,-9.973,5.307,5.051,-0.08,0.001,-0.026,-0.16,-2.65,-101.4,0.073,2.108,2.108,100.0,195,0,1751
790966,1,1,8,1.1,26.03061867,119.19301605,24.6,26.03061867,119.19301605,24.65,-9.989,5.308,5.046,-0.079,0.001,-0.026,-0.16,-2.65,-101.41,0.073,2.233,2.233,100.0,195,0,1754
791173,1,1,8,1.1,26.03061867,119.19301605,24.6,26.03061867,119.19301605,24.64,-10.005,5.308,5.041,-0.079,0.0,-0.026,-0.15,-2.66,-101.43,0.073,2.37,2.37,100.0,195,0,1755
791373,1,1,8,1.1,26.03061867,119.19301605,24.6,26.03061867,119.19301605,24.64,-10.021,5.308,5.036,-0.078,0.001,-0.026,-0.15,-2.65,-101.44,0.073,2.51,2.51,100.0,195,0,1755
791575,1,1,8,1.1,26.03061867,119.19301605,24.6,26.03061867,119.19301605,24.63,-10.036,5.308,5.03,-0.078,0.0,-0.026,-0.15,-2.66,-101.41,0.073,2.658,2.658,100.0,195,0,1757
791783,1,1,8,1.1,26.03061867,119.19301605,24.6,26.03061867,119.19301605,24.62,-9.998,5.308,5.016,-0.063,0.001,-0.027,-0.15,-2.66,-101.42,0.12,2.119,2.119,100.0,196,0,1760
791983,1,1,8,1.1,26.03061867,119.19301605,24.6,26.03061867,119.19301605,24.61,-10.011,5.308,5.011,-0.062,0.0,-0.028,-0.15,-2.66,-101.42,0.12,2.244,2.244,100.0,196,0,1763
792183,1,1,8,1.1,26.03061867,119.19301605,24.6,26.03061867,119.19301605,24.61,-10.023,5.308,5.005,-0.062,-0.0,-0.027,-0.14,-2.69,-101.41,0.12,2.377,2.377,100.0,196,0,1764
792383,1,1,8,1.1,26.03061867,119.19301605,24.6,26.03061867,119.19301605,24.6,-10.035,5.308,5.0,-0.061,-0.0,-0.027,-0.14,-2.68,-101.41,0.12,2.518,2.518,100.0,196,0,1764
792583,1,1,8,1.1,26.03061867,119.19301605,24.6,26.03061867,119.19301605,24.59,-10.047,5.308,4.994,-0.061,0.0,-0.027,-0.13,-2.66,-101.4,0.12,2.665,2.665,100.0,196,0,1766
792787,1,1,8,1.1,26.03061867,119.19301605,24.5,26.03061867,119.19301605,24.56,-10.001,5.308,4.96,-0.044,0.0,-0.032,-0.13,-2.66,-101.4,0.13,2.121,2.121,100.0,197,0,1769
792993,1,1,8,1.1,26.03061867,119.19301605,24.5,26.03061867,119.19301605,24.55,-10.01,5.308,4.954,-0.044,-0.0,-0.032,-0.14,-2.67,-101.4,0.13,2.25,2.25,100.0,197,0,1772
793193,1,1,8,1.1,26.03061867,119.19301605,24.5,26.03061867,119.19301605,24.55,-10.019,5.308,4.947,-0.044,-0.0,-0.032,-0.14,-2.67,-101.41,0.13,2.384,2.384,100.0,197,0,1773
793393,1,1,8,1.1,26.03061867,119.19301605,24.5,26.03061867,119.19301605,24.54,-10.028,5.308,4.941,-0.044,-0.0,-0.032,-0.14,-2.67,-101.39,0.13,2.524,2.524,100.0,197,0,1773
793593,1,1,8,1.1,26.03061867,119.19301605,24.5,26.03061867,119.19301605,24.53,-10.036,5.308,4.935,-0.044,0.0,-0.032,-0.15,-2.67,-101.39,0.13,2.672,2.672,100.2,197,0,1775
793793,1,1,8,1.1,26.03061867,119.19301605,24.5,26.03061867,119.19301605,24.52,-9.992,5.308,4.918,-0.029,0.0,-0.033,-0.15,-2.66,-101.38,0.117,2.127,2.127,100.2,198,0,1778
793993,1,1,8,1.1,26.03061867,119.19301605,24.5,26.03061867,119.19301605,24.51,-9.998,5.308,4.911,-0.029,0.0,-0.034,-0.15,-2.66,-101.39,0.117,2.253,2.253,100.2,198,0,1782
794193,1,1,8,1.1,26.03061867,119.19301605,24.5,26.03061867,119.19301605,24.5,-10.004,5.308,4.904,-0.029,0.0,-0.033,-0.15,-2.66,-101.4,0.117,2.386,2.386,100.2,198,0,1782
794393,1,1,8,1.1,26.03061867,119.19301605,24.5,26.03061867,119.19301605,24.5,-10.009,5.308,4.898,-0.029,0.001,-0.033,-0.16,-2.65,-101.41,0.117,2.527,2.527,100.2,198,0,1782
794593,1,1,8,1.1,26.03061867,119.19301605,24.5,26.03061867,119.19301605,24.49,-10.015,5.309,4.891,-0.029,0.0,-0.033,-0.16,-2.65,-101.4,0.117,2.675,2.675,99.9,198,0,1784
794793,1,1,8,1.1,26.03061867,119.19301605,24.3,26.03061867,119.19301605,24.43,-9.977,5.308,4.826,-0.016,0.0,-0.043,-0.14,-2.67,-101.4,0.095,2.129,2.129,99.9,199,0,1787
794995,1,1,8,1.1,26.03061867,119.19301605,24.3,26.03061867,119.19301605,24.42,-9.981,5.308,4.817,-0.016,0.0,-0.042,-0.14,-2.66,-101.39,0.095,2.256,2.256,99.9,199,0,1791
795195,1,1,8,1.1,26.03061867,119.19301605,24.3,26.03061867,119.19301605,24.41,-9.984,5.308,4.809,-0.017,0.0,-0.043,-0.15,-2.66,-101.39,0.095,2.39,2.39,99.9,199,0,1791
795405,1,1,8,1.1,26.03061867,119.19301605,24.3,26.03061867,119.19301605,24.4,-9.987,5.308,4.8,-0.016,0.0,-0.043,-0.15,-2.65,-101.4,0.095,2.538,2.538,99.9,199,0,1791
795613,1,1,8,1.1,26.03061867,119.19301605,24.3,26.03061867,119.19301605,24.39,-9.991,5.309,4.791,-0.016,0.0,-0.042,-0.14,-2.65,-101.42,0.095,2.692,2.692,100.1,199,0,1793
795813,1,1,8,1.1,26.03061867,119.19301605,24.2,26.03061867,119.19301605,24.32,-9.962,5.308,4.724,-0.007,0.0,-0.052,-0.15,-2.64,-101.42,0.07,2.14,2.14,100.1,200,0,1796
796013,1,1,8,1.1,26.03061867,119.19301605,24.2,26.03061867,119.19301605,24.31,-9.963,5.308,4.713,-0.007,0.0,-0.051,-0.16,-2.64,-101.43,0.07,2.267,2.267,100.1,200,0,1800
796213,1,1,8,1.1,26.03061867,119.19301605,24.2,26.03061867,119.19301605,24.3,-9.965,5.308,4.703,-0.007,0.0,-0.052,-0.15,-2.64,-101.43,0.07,2.401,2.401,100.1,200,0,1800
796413,1,1,8,1.1,26.03061867,119.19301605,24.2,26.03061867,119.19301605,24.29,-9.966,5.308,4.693,-0.007,0.0,-0.052,-0.16,-2.63,-101.43,0.07,2.543,2.543,100.1,200,0,1800
796613,1,1,8,1.1,26.03061485,119.19301605,24.2,26.03061867,119.19301605,24.28,-9.968,5.308,4.682,-0.007,0.0,-0.052,-0.15,-2.64,-101.45,0.07,2.691,2.691,100.0,200,0,1802
796816,1,1,8,1.1,26.03061485,119.19301605,24.2,26.03061676,119.19301605,24.25,-9.948,5.114,4.647,-0.001,-0.052,-0.056,-0.15,-2.64,-101.46,0.428,2.142,2.142,100.0,201,0,1805
797023,1,1,8,1.1,26.03061485,119.19301605,24.2,26.03061676,119.19301605,24.24,-9.948,5.103,4.635,-0.002,-0.052,-0.056,-0.15,-2.65,-101.45,0.428,2.273,2.273,100.0,201,0,1809
797223,1,1,8,1.1,26.03061485,119.19301605,24.2,26.03061676,119.19301605,24.22,-9.948,5.093,4.624,-0.002,-0.052,-0.056,-0.16,-2.67,-101.44,0.428,2.407,2.407,100.0,201,0,1809
797423,1,1,8,1.1,26.03061485,119.19301605,24.2,26.03061676,119.19301605,24.21,-9.949,5.082,4.613,-0.001,-0.052,-0.055,-0.14,-2.67,-101.45,0.428,2.549,2.549,100.0,201,0,1809
797623,1,1,8,1.1,26.03061485,119.19301605,24.2,26.03061676,119.19301605,24.2,-9.949,5.072,4.602,-0.001,-0.051,-0.055,-0.14,-2.67,-101.44,0.428,2.698,2.698,100.0,201,0,1811
797823,1,1,8,1.1,26.03061485,119.19301605,24.1,26.03061485,119.19301605,24.16,-9.936,4.976,4.559,0.002,-0.074,-0.06,-0.14,-2.67,-101.42,0.19,2.143,2.143,100.0,202,0,1814
798023,1,1,8,1.1,26.03061485,119.19301605,24.1,26.03061485,119.19301605,24.15,-9.936,4.961,4.547,0.002,-0.074,-0.06,-0.14,-2.67,-101.41,0.19,2.269,2.269,100.0,202,0,1818
798223,1,1,8,1.1,26.03061485,119.19301605,24.1,26.03061485,119.19301605,24.14,-9.935,4.946,4.535,0.002,-0.073,-0.06,-0.14,-2.67,-101.4,0.19,2.404,2.404,100.0,202,0,1818
798423,1,1,8,1.1,26.03061485,119.19301605,24.1,26.03061485,119.19301605,24.12,-9.935,4.932,4.523,0.002,-0.073,-0.06,-0.15,-2.68,-101.41,0.19,2.545,2.545,100.0,202,0,1818
798623,1,1,8,1.1,26.03061485,119.19301605,24.1,26.03061485,119.19301605,24.11,-9.934,4.917,4.511,0.002,-0.072,-0.06,-0.15,-2.67,-101.42,0.19,2.694,2.694,100.0,202,0,1820
798823,1,1,8,1.1,26.03061485,119.19301605,24.0,26.03061485,119.19301605,24.07,-9.928,4.888,4.465,0.004,-0.076,-0.066,-0.16,-2.66,-101.42,0.035,2.141,2.141,100.0,203,0,1823
799024,1,1,8,1.1,26.03061485,119.19301605,24.0,26.03061485,119.19301605,24.05,-9.927,4.873,4.452,0.004,-0.075,-0.065,-0.15,-2.66,-101.42,0.035,2.268,2.268,100.0,203,0,1827
799224,1,1,8,1.1,26.03061485,119.19301605,24.0,26.03061485,119.19301605,24.04,-9.926,4.858,4.439,0.004,-0.075,-0.065,-0.15,-2.66,-101.42,0.035,2.402,2.402,100.0,203,0,1827
799424,1,1,8,1.1,26.03061485,119.19301605,24.0,26.03061485,119.19301605,24.03,-9.925,4.843,4.426,0.004,-0.075,-0.064,-0.15,-2.67,-101.43,0.035,2.544,2.544,100.0,203,0,1827
799625,1,1,8,1.1,26.03061485,119.19301605,24.0,26.03061485,119.19301605,24.01,-9.924,4.828,4.413,0.004,-0.074,-0.064,-0.15,-2.67,-101.42,0.035,2.693,2.693,100.0,203,0,1829
799833,1,1,8,1.1,26.03061485,119.19301605,23.9,26.03061485,119.19301605,23.97,-9.922,4.839,4.365,0.004,-0.067,-0.069,-0.16,-2.67,-101.4,0.057,2.146,2.146,100.0,204,0,1833
800033,1,1,8,1.1,26.03061485,119.19301605,23.9,26.03061485,119.19301605,23.95,-9.921,4.825,4.351,0.005,-0.067,-0.069,-0.15,-2.68,-101.39,0.057,2.273,2.273,100.0,204,0,1836
800233,1,1,8,1.1,26.03061485,119.19301605,23.9,26.03061485,119.19301605,23.94,-9.92,4.812,4.338,0.005,-0.066,-0.069,-0.15,-2.67,-101.39,0.057,2.408,2.408,100.0,204,0,1836
800433,1,1,8,1.1,26.03061485,119.19301605,23.9,26.03061485,119.19301605,23.92,-9.919,4.799,4.324,0.005,-0.066,-0.069,-0.14,-2.67,-101.38,0.057,2.55,2.55,100.0,204,0,1836
800633,1,1,8,1.1,26.03061485,119.19301605,23.8,26.03061485,119.19301605,23.88,-9.919,4.828,4.277,0.004,-0.053,-0.075,-0.14,-2.66,-101.4,0.098,2.03,2.03,100.0,205,0,1839
800833,1,1,8,1.1,26.03061485,119.19301605,23.8,26.03061485,119.19301605,23.86,-9.919,4.818,4.262,0.004,-0.053,-0.074,-0.14,-2.67,-101.39,0.098,2.149,2.149,100.0,205,0,1842
801033,1,1,8,1.1,26.03061485,119.19301605,23.8,26.03061485,119.19301605,23.85,-9.918,4.807,4.247,0.004,-0.053,-0.074,-0.14,-2.68,-101.39,0.098,2.276,2.276,100.0,205,0,1845
801233,1,1,8,1.1,26.03061485,119.19301605,23.8,26.03061485,119.19301605,23.83,-9.917,4.796,4.233,0.004,-0.052,-0.073,-0.14,-2.67,-101.39,0.098,2.411,2.411,100.0,205,0,1845
801434,1,1,8,1.1,26.03061485,119.19301605,23.8,26.03061485,119.19301605,23.82,-9.916,4.786,4.218,0.005,-0.052,-0.073,-0.13,-2.67,-101.39,0.098,2.554,2.554,100.0,205,0,1845
801665,1,1,8,1.1,26.03061485,119.19301605,23.7,26.03061485,119.19301605,23.77,-9.917,4.821,4.17,0.004,-0.038,-0.078,-0.13,-2.65,-101.41,0.108,2.05,2.05,100.0,206,0,1848
801873,1,1,8,1.1,26.03061485,119.19301605,23.7,26.03061485,119.19301605,23.75,-9.917,4.813,4.154,0.004,-0.038,-0.077,-0.13,-2.65,-101.42,0.108,2.176,2.176,100.0,206,0,1851
802073,1,1,8,1.1,26.03061485,119.19301605,23.7,26.03061485,119.19301605,23.74,-9.916,4.806,4.139,0.004,-0.038,-0.076,-0.14,-2.65,-101.43,0.108,2.305,2.305,100.0,206,0,1854
802273,1,1,8,1.1,26.03061485,119.19301605,23.7,26.03061485,119.19301605,23.72,-9.915,4.798,4.123,0.004,-0.038,-0.076,-0.13,-2.65,-101.43,0.108,2.441,2.441,100.0,206,0,1854
802473,1,1,8,1.1,26.03061485,119.19301605,23.7,26.03061485,119.19301605,23.71,-9.914,4.791,4.108,0.004,-0.038,-0.076,-0.14,-2.66,-101.42,0.108,2.585,2.585,100.0,206,0,1854
802685,1,1,8,1.1,26.03061485,119.19303131,23.5,26.03061485,119.19302368,23.63,-9.242,4.826,4.033,0.191,-0.025,-0.086,-0.13,-2.67,-101.44,1.522,2.063,2.063,100.0,207,0,1858
802893,1,1,8,1.1,26.03061485,119.19303131,23.5,26.03061485,119.19302368,23.61,-9.203,4.821,4.015,0.189,-0.025,-0.086,-0.14,-2.66,-101.43,1.522,2.189,2.189,100.0,207,0,1861
803093,1,1,8,1.1,26.03061485,119.19303131,23.5,26.03061485,119.19302368,23.6,-9.165,4.816,3.998,0.189,-0.025,-0.086,-0.13,-2.67,-101.4,1.522,2.319,2.319,100.0,207,0,1863
803293,1,1,8,1.1,26.03061485,119.19303131,23.5,26.03061485,119.19302368,23.58,-9.127,4.811,3.98,0.188,-0.025,-0.085,-0.13,-2.66,-101.4,1.522,2.457,2.457,100.0,207,0,1863
803493,1,1,8,1.1,26.03061485,119.19303131,23.5,26.03061485,119.19302368,23.56,-9.09,4.806,3.963,0.187,-0.025,-0.085,-0.13,-2.68,-101.41,1.522,2.601,2.601,100.0,207,0,1863
803703,1,1,8,1.1,26.03061485,119.19301605,23.3,26.03061485,119.19302368,23.47,-9.432,4.837,3.869,0.081,-0.015,-0.097,-0.12,-2.69,-101.4,0.861,2.074,2.074,100.0,208,0,1867
803903,1,1,8,1.1,26.03061485,119.19301605,23.3,26.03061485,119.19302368,23.45,-9.415,4.834,3.85,0.08,-0.015,-0.097,-0.12,-2.69,-101.4,0.861,2.196,2.196,100.0,208,0,1870
804103,1,1,8,1.1,26.03061485,119.19301605,23.3,26.03061485,119.19302368,23.43,-9.399,4.831,3.83,0.08,-0.015,-0.097,-0.13,-2.68,-101.42,0.861,2.327,2.327,100.0,208,0,1872
804303,1,1,8,1.1,26.03061485,119.19301605,23.3,26.03061485,119.19302368,23.41,-9.384,4.828,3.811,0.079,-0.014,-0.097,-0.13,-2.66,-101.43,0.861,2.464,2.464,100.0,208,0,1872
804503,1,1,8,1.1,26.03061485,119.19301605,23.3,26.03061485,119.19302368,23.39,-9.368,4.825,3.792,0.079,-0.014,-0.096,-0.14,-2.66,-101.42,0.861,2.61,2.61,100.0,208,0,1872
804708,1,1,8,1.1,26.03061485,119.19301605,23.2,26.03061485,119.19301605,23.32,-9.602,4.849,3.717,0.009,-0.007,-0.106,-0.13,-2.66,-101.41,0.566,2.079,2.079,98.51,209,0,1876
804914,1,1,8,1.1,26.03061485,119.19301605,23.2,26.03061485,119.19301605,23.3,-9.6,4.848,3.695,0.009,-0.007,-0.105,-0.13,-2.66,-101.42,0.566,2.206,2.206,98.51,209,0,1879
805123,1,1,8,1.1,26.03061485,119.19301605,23.2,26.03061485,119.19301605,23.27,-9.598,4.846,3.674,0.01,-0.006,-0.105,-0.13,-2.65,-101.43,0.566,2.343,2.343,98.51,209,0,1881
805323,1,1,8,1.1,26.03061485,119.19301605,23.2,26.03061485,119.19301605,23.25,-9.596,4.845,3.653,0.009,-0.006,-0.104,-0.12,-2.66,-101.43,0.566,2.482,2.482,98.51,209,0,1881
805525,1,1,8,1.1,26.03061485,119.19301605,23.2,26.03061485,119.19301605,23.23,-9.594,4.844,3.632,0.009,-0.007,-0.104,-0.12,-2.66,-101.43,0.566,2.629,2.629,98.51,209,0,1882
805733,1,1,8,1.1,26.03061485,119.19301605,23.1,26.03061485,119.19301605,23.17,-9.739,4.861,3.573,-0.031,-0.001,-0.11,-0.12,-2.67,-101.43,0.33,2.094,2.094,100.8,210,0,1885
805933,1,1,8,1.1,26.03061485,119.19301605,23.1,26.03061485,119.19301605,23.15,-9.746,4.86,3.551,-0.031,-0.001,-0.11,-0.13,-2.66,-101.42,0.33,2.217,2.217,100.8,210,0,1888
806133,1,1,8,1.1,26.03061485,119.19301605,23.1,26.03061485,119.19301605,23.13,-9.752,4.86,3.529,-0.031,-0.001,-0.11,-0.13,-2.66,-101.43,0.33,2.349,2.349,100.8,210,0,1890
806333,1,1,8,1.1,26.03061485,119.19301605,23.1,26.03061485,119.19301605,23.11,-9.758,4.86,3.507,-0.031,-0.001,-0.11,-0.13,-2.66,-101.42,0.33,2.488,2.488,100.8,210,0,1890
806533,1,1,8,1.1,26.03061485,119.19301605,23.1,26.03061485,119.19301605,23.08,-9.764,4.86,3.485,-0.031,-0.001,-0.11,-0.14,-2.65,-101.41,0.33,2.634,2.634,100.8,210,0,1891
806735,1,1,8,1.1,26.03061485,119.19301605,23.0,26.03061485,119.19301605,23.04,-9.839,4.87,3.44,-0.049,0.002,-0.113,-0.14,-2.65,-101.39,0.156,2.094,2.094,99.11,211,0,1894
806943,1,1,8,1.1,26.03061485,119.19301605,23.0,26.03061485,119.19301605,23.02,-9.85,4.871,3.417,-0.049,0.002,-0.113,-0.15,-2.65,-101.4,0.156,2.223,2.223,99.11,211,0,1898
807143,1,1,8,1.1,26.03061485,119.19301605,23.0,26.03061485,119.19301605,22.99,-9.859,4.871,3.394,-0.049,0.002,-0.112,-0.14,-2.64,-101.41,0.156,2.355,2.355,99.11,211,0,1899
807343,1,1,8,1.1,26.03061485,119.19301605,23.0,26.03061485,119.19301605,22.97,-9.869,4.872,3.372,-0.048,0.002,-0.111,-0.13,-2.64,-101.42,0.156,2.495,2.495,99.11,211,0,1899
807543,1,1,8,1.1,26.03061485,119.19301605,23.0,26.03061485,119.19301605,22.95,-9.879,4.872,3.35,-0.048,0.002,-0.111,-0.13,-2.64,-101.41,0.156,2.641,2.641,99.11,211,0,1900
807743,1,1,8,1.1,26.03061485,119.19301605,22.9,26.03061485,119.19301605,22.92,-9.905,4.878,3.315,-0.052,0.004,-0.112,-0.12,-2.63,-101.42,0.04,2.099,2.099,100.5,212,0,1903
807943,1,1,8,1.1,26.03061485,119.19301605,22.9,26.03061485,119.19301605,22.89,-9.916,4.878,3.293,-0.052,0.004,-0.112,-0.12,-2.64,-101.43,0.04,2.223,2.223,100.5,212,0,1907
808143,1,1,8,1.1,26.03061485,119.19301605,22.9,26.03061485,119.19301605,22.87,-9.926,4.879,3.271,-0.052,0.004,-0.111,-0.13,-2.64,-101.43,0.04,2.355,2.355,100.5,212,0,1908
808343,1,1,8,1.1,26.03061485,119.19301605,22.9,26.03061485,119.19301605,22.85,-9.936,4.88,3.248,-0.052,0.004,-0.111,-0.14,-2.64,-101.43,0.04,2.494,2.494,100.5,212,0,1908
808543,1,1,8,1.1,26.03061485,119.19301605,22.9,26.03061485,119.19301605,22.83,-9.947,4.88,3.226,-0.052,0.003,-0.111,-0.14,-2.64,-101.42,0.04,2.641,2.641,100.5,212,0,1909
808743,1,1,8,1.1,26.03061485,119.19301605,22.8,26.03061485,119.19301605,22.8,-9.943,4.882,3.199,-0.047,0.004,-0.111,-0.14,-2.63,-101.44,0.03,2.099,2.099,99.8,213,0,1912
808943,1,1,8,1.1,26.03061485,119.19301605,22.8,26.03061485,119.19301605,22.78,-9.953,4.883,3.177,-0.047,0.004,-0.111,-0.13,-2.63,-101.44,0.03,2.223,2.223,99.8,213,0,1916
809143,1,1,8,1.1,26.03061485,119.19301605,22.8,26.03061485,119.19301605,22.75,-9.962,4.884,3.155,-0.047,0.003,-0.11,-0.13,-2.65,-101.43,0.03,2.355,2.355,99.8,213,0,1917
809343,1,1,8,1.1,26.03061485,119.19301605,22.8,26.03061485,119.19301605,22.73,-9.971,4.884,3.133,-0.046,0.003,-0.11,-0.12,-2.65,-101.42,0.03,2.495,2.495,99.8,213,0,1917
809548,1,1,8,1.1,26.03061485,119.19301605,22.8,26.03061485,119.19301605,22.71,-9.981,4.885,3.11,-0.047,0.003,-0.11,-0.13,-2.66,-101.43,0.03,2.645,2.645,99.8,213,0,1918
809753,1,1,8,1.1,26.03061485,119.19301605,22.7,26.03061485,119.19301605,22.69,-9.962,4.885,3.088,-0.039,0.003,-0.109,-0.14,-2.67,-101.4,0.064,2.105,2.105,100.9,214,0,1921
809953,1,1,8,1.1,26.03061485,119.19301605,22.7,26.03061485,119.19301605,22.67,-9.969,4.886,3.066,-0.038,0.003,-0.109,-0.14,-2.66,-101.39,0.064,2.229,2.229,100.9,214,0,1925
810153,1,1,8,1.1,26.03061485,119.19301605,22.7,26.03061485,119.19301605,22.64,-9.977,4.886,3.044,-0.038,0.003,-0.108,-0.14,-2.67,-101.41,0.064,2.361,2.361,100.9,214,0,1926
810353,1,1,8,1.1,26.03061485,119.19301605,22.7,26.03061485,119.19301605,22.62,-9.985,4.887,3.023,-0.038,0.004,-0.108,-0.14,-2.65,-101.42,0.064,2.501,2.501,100.9,214,0,1926
810553,1,1,8,1.1,26.03061485,119.19301605,22.7,26.03061485,119.19301605,22.6,-9.992,4.888,3.001,-0.038,0.004,-0.107,-0.15,-2.66,-101.41,0.064,2.648,2.648,100.9,214,0,1928
810755,1,1,8,1.1,26.03061485,119.19301605,22.6,26.03061485,119.19301605,22.58,-9.966,4.886,2.982,-0.029,0.003,-0.106,-0.14,-2.66,-101.42,0.074,2.106,2.106,100.0,215,0,1931
810959,1,1,8,1.1,26.03061485,119.19301605,22.6,26.03061485,119.19301605,22.56,-9.972,4.887,2.96,-0.028,0.003,-0.106,-0.14,-2.67,-101.42,0.074,2.233,2.233,100.0,215,0,1934
811163,1,1,8,1.1,26.03061485,119.19301605,22.6,26.03061485,119.19301605,22.54,-9.978,4.888,2.939,-0.028,0.003,-0.105,-0.14,-2.67,-101.41,0.074,2.369,2.369,100.0,215,0,1935
811363,1,1,8,1.1,26.03061485,119.19301605,22.6,26.03061485,119.19301605,22.52,-9.983,4.889,2.918,-0.028,0.003,-0.105,-0.15,-2.65,-101.41,0.074,2.509,2.509,100.0,215,0,1935
811565,1,1,8,1.1,26.03061485,119.19303131,22.6,26.03061485,119.19301605,22.5,-9.989,4.889,2.897,-0.028,0.004,-0.104,-0.16,-2.66,-101.41,0.074,2.658,2.658,100.0,215,0,1937
811775,1,1,8,1.1,26.03061485,119.19303131,22.5,26.03061485,119.19302368,22.48,-9.27,4.887,2.878,0.168,0.002,-0.103,-0.16,-2.66,-101.4,1.596,2.119,2.119,99.7,216,0,1940
811983,1,1,8,1.1,26.03061485,119.19303131,22.5,26.03061485,119.19302368,22.46,-9.236,4.888,2.856,0.168,0.002,-0.103,-0.16,-2.66,-101.39,1.596,2.249,2.249,99.7,216,0,1943
812183,1,1,8,1.1,26.03061485,119.19303131,22.5,26.03061485,119.19302368,22.44,-9.202,4.888,2.836,0.166,0.002,-0.103,-0.16,-2.68,-101.38,1.596,2.383,2.383,99.7,216,0,1944
812383,1,1,8,1.1,26.03061485,119.19303131,22.5,26.03061485,119.19302368,22.42,-9.169,4.889,2.815,0.166,0.002,-0.103,-0.16,-2.68,-101.38,1.596,2.524,2.524,99.7,216,0,1944
812583,1,1,8,1.1,26.03061485,119.19301605,22.5,26.03061485,119.19302368,22.39,-9.136,4.889,2.795,0.165,0.002,-0.102,-0.15,-2.67,-101.41,1.596,2.673,2.673,99.7,216,0,1946
812787,1,1,8,1.1,26.03061485,119.19301605,22.4,26.03061485,119.19302368,22.38,-9.463,4.887,2.777,0.067,0.002,-0.101,-0.16,-2.66,-101.41,0.793,2.127,2.127,99.7,217,0,1949
812993,1,1,8,1.1,26.03061485,119.19301605,22.4,26.03061485,119.19302368,22.36,-9.45,4.887,2.756,0.066,0.002,-0.101,-0.15,-2.67,-101.4,0.793,2.257,2.257,99.7,217,0,1953
813193,1,1,8,1.1,26.03061485,119.19301605,22.4,26.03061485,119.19302368,22.34,-9.436,4.888,2.736,0.066,0.001,-0.101,-0.15,-2.67,-101.4,0.793,2.392,2.392,99.7,217,0,1953
813393,1,1,8,1.1,26.03061485,119.19301605,22.4,26.03061485,119.19302368,22.32,-9.423,4.888,2.716,0.066,0.001,-0.101,-0.14,-2.67,-101.38,0.793,2.533,2.533,99.7,217,0,1953
813593,1,1,8,1.1,26.03061867,119.19301605,22.4,26.03061485,119.19302368,22.3,-9.41,4.888,2.695,0.066,0.002,-0.101,-0.13,-2.66,-101.4,0.793,2.682,2.682,99.7,217,0,1955
813793,1,1,8,1.1,26.03061867,119.19301605,22.3,26.03061676,119.19301605,22.28,-9.631,5.08,2.678,0.002,0.053,-0.1,-0.14,-2.67,-101.43,0.663,2.132,2.132,100.0,218,0,1958
813993,1,1,8,1.1,26.03061867,119.19301605,22.3,26.03061676,119.19301605,22.26,-9.631,5.091,2.658,0.002,0.053,-0.1,-0.13,-2.66,-101.41,0.663,2.259,2.259,100.0,218,0,1962
814193,1,1,8,1.1,26.03061867,119.19301605,22.3,26.03061676,119.19301605,22.24,-9.63,5.101,2.638,0.002,0.053,-0.1,-0.13,-2.66,-101.41,0.663,2.393,2.393,100.0,218,0,1962
814393,1,1,8,1.1,26.03061867,119.19301605,22.3,26.03061676,119.19301605,22.22,-9.63,5.112,2.618,0.003,0.052,-0.1,-0.13,-2.66,-101.4,0.663,2.535,2.535,100.0,218,0,1962
814593,1,1,8,1.1,26.03061867,119.19301605,22.3,26.03061676,119.19301605,22.2,-9.629,5.122,2.598,0.003,0.053,-0.099,-0.12,-2.65,-101.39,0.663,2.684,2.684,100.0,218,0,1964
814795,1,1,8,1.1,26.03061867,119.19301605,22.2,26.03061867,119.19301605,22.18,-9.762,5.217,2.579,-0.033,0.075,-0.098,-0.13,-2.64,-101.41,0.345,2.135,2.135,100.0,219,0,1967
814995,1,1,8,1.1,26.03061867,119.19301605,22.2,26.03061867,119.19301605,22.16,-9.769,5.232,2.56,-0.034,0.075,-0.098,-0.13,-2.65,-101.41,0.345,2.261,2.261,100.0,219,0,1971
815195,1,1,8,1.1,26.03061867,119.19301605,22.2,26.03061867,119.19301605,22.14,-9.775,5.247,2.54,-0.033,0.074,-0.097,-0.12,-2.66,-101.38,0.345,2.396,2.396,100.0,219,0,1971
815395,1,1,8,1.1,26.03061867,119.19301605,22.2,26.03061867,119.19301605,22.12,-9.782,5.262,2.521,-0.033,0.074,-0.096,-0.12,-2.65,-101.38,0.345,2.538,2.538,100.0,219,0,1971
815595,1,1,8,1.1,26.03061867,119.19301605,22.2,26.03061867,119.19301605,22.1,-9.789,5.276,2.502,-0.032,0.073,-0.096,-0.11,-2.66,-101.36,0.345,2.687,2.687,100.0,219,0,1973
815803,1,1,8,1.1,26.03061867,119.19301605,22.1,26.03061867,119.19301605,22.08,-9.855,5.305,2.483,-0.048,0.077,-0.096,-0.11,-2.65,-101.36,0.134,2.138,2.138,100.0,220,0,1976
816003,1,1,8,1.1,26.03061867,119.19301605,22.1,26.03061867,119.19301605,22.06,-9.865,5.32,2.463,-0.048,0.076,-0.096,-0.11,-2.65,-101.36,0.134,2.265,2.265,100.0,220,0,1980
816203,1,1,8,1.1,26.03061867,119.19301605,22.1,26.03061867,119.19301605,22.04,-9.875,5.335,2.444,-0.048,0.076,-0.095,-0.11,-2.65,-101.37,0.134,2.4,2.4,100.0,220,0,1980
816403,1,1,8,1.1,26.03061867,119.19301605,22.1,26.03061867,119.19301605,22.03,-9.884,5.35,2.425,-0.048,0.075,-0.095,-0.11,-2.66,-101.36,0.134,2.542,2.542,100.0,220,0,1980
816603,1,1,8,1.1,26.03061867,119.19301605,22.1,26.03061867,119.19301605,22.01,-9.894,5.365,2.407,-0.048,0.075,-0.095,-0.12,-2.66,-101.37,0.134,2.692,2.692,100.0,220,0,1982
816803,1,1,8,1.1,26.03061867,119.19301605,22.0,26.03061867,119.19301605,21.99,-9.915,5.353,2.386,-0.051,0.067,-0.094,-0.11,-2.66,-101.4,0.065,2.138,2.138,100.0,221,0,1985
817003,1,1,8,1.1,26.03061867,119.19301605,22.0,26.03061867,119.19301605,21.97,-9.925,5.367,2.368,-0.05,0.067,-0.094,-0.12,-2.66,-101.39,0.065,2.265,2.265,100.0,221,0,1989
817203,1,1,8,1.1,26.03061867,119.19301605,22.0,26.03061867,119.19301605,21.95,-9.935,5.38,2.349,-0.05,0.066,-0.093,-0.12,-2.66,-101.39,0.065,2.4,2.4,100.0,221,0,1989
817403,1,1,8,1.1,26.03061867,119.19301605,22.0,26.03061867,119.19301605,21.93,-9.945,5.393,2.331,-0.05,0.066,-0.093,-0.12,-2.66,-101.41,0.065,2.542,2.542,100.0,221,0,1989
817603,1,1,8,1.1,26.03061867,119.19303131,22.0,26.03061867,119.19301605,21.91,-9.955,5.406,2.312,-0.05,0.065,-0.092,-0.12,-2.67,-101.41,0.065,2.692,2.692,100.0,221,0,1991
817803,1,1,8,1.1,26.03061867,119.19303131,21.9,26.03061867,119.19302368,21.89,-9.25,5.374,2.291,0.143,0.053,-0.092,-0.13,-2.67,-101.4,1.565,2.138,2.138,100.0,222,0,1994
818003,1,1,8,1.1,26.03061867,119.19303131,21.9,26.03061867,119.19302368,21.87,-9.221,5.384,2.272,0.143,0.053,-0.092,-0.11,-2.66,-101.41,1.565,2.265,2.265,100.0,222,0,1998
818204,1,1,8,1.1,26.03061867,119.19303131,21.9,26.03061867,119.19302368,21.85,-9.192,5.395,2.254,0.142,0.053,-0.091,-0.12,-2.66,-101.4,1.565,2.401,2.401,100.0,222,0,1998
818413,1,1,8,1.1,26.03061867,119.19303131,21.9,26.03061867,119.19302368,21.83,-9.163,5.406,2.235,0.141,0.053,-0.091,-0.12,-2.65,-101.41,1.565,2.55,2.55,100.0,222,0,1998
818613,1,1,8,1.1,26.03061867,119.19301605,21.9,26.03062057,119.19302368,21.82,-9.135,5.416,2.217,0.14,0.053,-0.091,-0.12,-2.64,-101.4,1.565,2.7,2.7,100.0,222,0,2000
818813,1,1,8,1.1,26.03061867,119.19301605,21.8,26.03061867,119.19302368,21.79,-9.469,5.377,2.194,0.042,0.039,-0.091,-0.13,-2.65,-101.4,0.797,2.144,2.144,100.0,223,0,2003
819013,1,1,8,1.1,26.03061867,119.19301605,21.8,26.03061867,119.19302368,21.78,-9.461,5.384,2.176,0.042,0.038,-0.091,-0.13,-2.66,-101.42,0.797,2.271,2.271,100.0,223,0,2007
819213,1,1,8,1.1,26.03061867,119.19301605,21.8,26.03061867,119.19302368,21.76,-9.452,5.392,2.158,0.041,0.038,-0.091,-0.14,-2.66,-101.43,0.797,2.407,2.407,100.0,223,0,2007
819413,1,1,8,1.1,26.03061867,119.19301605,21.8,26.03061867,119.19302368,21.74,-9.444,5.4,2.139,0.041,0.038,-0.091,-0.14,-2.66,-101.42,0.797,2.549,2.549,100.0,223,0,2007
819613,1,1,8,1.1,26.03061867,119.19301605,21.8,26.03061867,119.19302368,21.72,-9.436,5.407,2.121,0.041,0.037,-0.091,-0.14,-2.67,-101.41,0.797,2.699,2.699,100.0,223,0,2009
819813,1,1,8,1.1,26.03061867,119.19301605,21.7,26.03061867,119.19301605,21.7,-9.651,5.369,2.097,-0.019,0.024,-0.092,-0.13,-2.68,-101.41,0.496,2.144,2.144,100.0,224,0,2012
820013,1,1,8,1.1,26.03061867,119.19301605,21.7,26.03061867,119.19301605,21.68,-9.655,5.374,2.079,-0.019,0.024,-0.091,-0.14,-2.67,-101.44,0.496,2.271,2.271,100.0,224,0,2016
820213,1,1,8,1.1,26.03061867,119.19301605,21.7,26.03061867,119.19301605,21.66,-9.658,5.378,2.06,-0.018,0.024,-0.091,-0.12,-2.67,-101.42,0.496,2.406,2.406,100.0,224,0,2016
820413,1,1,8,1.1,26.03061867,119.19301605,21.7,26.03061867,119.19301605,21.64,-9.662,5.383,2.042,-0.018,0.024,-0.091,-0.12,-2.66,-101.42,0.496,2.549,2.549,100.0,224,0,2016
820613,1,1,8,1.1,26.03061867,119.19301605,21.7,26.03061867,119.19301605,21.62,-9.666,5.388,2.024,-0.018,0.024,-0.091,-0.12,-2.66,-101.41,0.496,2.699,2.699,100.0,224,0,2018
820813,1,1,8,1.1,26.03061867,119.19301605,21.6,26.03061867,119.19301605,21.6,-9.786,5.356,1.999,-0.05,0.014,-0.091,-0.13,-2.66,-101.4,0.267,2.144,2.144,100.0,225,0,2021
821013,1,1,8,1.1,26.03061867,119.19301605,21.6,26.03061867,119.19301605,21.58,-9.796,5.359,1.981,-0.05,0.014,-0.091,-0.14,-2.66,-101.4,0.267,2.271,2.271,100.0,225,0,2025
821213,1,1,8,1.1,26.03061867,119.19301605,21.6,26.03061867,119.19301605,21.56,-9.806,5.362,1.963,-0.049,0.014,-0.091,-0.13,-2.66,-101.42,0.267,2.406,2.406,100.0,225,0,2025
821413,1,1,8,1.1,26.03061867,119.19301605,21.6,26.03061867,119.19301605,21.54,-9.816,5.365,1.945,-0.049,0.014,-0.09,-0.12,-2.65,-101.41,0.267,2.549,2.549,100.0,225,0,2025
821613,1,1,8,1.1,26.03061485,119.19301605,21.6,26.03061867,119.19301605,21.53,-9.826,5.367,1.927,-0.049,0.014,-0.09,-0.13,-2.64,-101.43,0.267,2.699,2.699,100.0,225,0,2027
821814,1,1,8,1.1,26.03061485,119.19301605,21.5,26.03061676,119.19301605,21.5,-9.879,5.148,1.901,-0.06,-0.046,-0.091,-0.13,-2.64,-101.41,0.493,2.145,2.145,100.0,226,0,2030
822019,1,1,8,1.1,26.03061485,119.19301605,21.5,26.03061676,119.19301605,21.48,-9.891,5.138,1.882,-0.06,-0.046,-0.09,-0.13,-2.66,-101.41,0.493,2.275,2.275,100.0,226,0,2034
822223,1,1,8,1.1,26.03061485,119.19301605,21.5,26.03061676,119.19301605,21.46,-9.903,5.129,1.864,-0.06,-0.045,-0.089,-0.12,-2.65,-101.41,0.493,2.414,2.414,100.0,226,0,2034
822423,1,1,8,1.1,26.03061485,119.19301605,21.5,26.03061676,119.19301605,21.45,-9.915,5.12,1.846,-0.059,-0.045,-0.088,-0.12,-2.65,-101.42,0.493,2.557,2.557,100.0,226,0,2034
822623,1,1,8,1.1,26.03061867,119.19301605,21.5,26.03061676,119.19301605,21.43,-9.927,5.111,1.829,-0.059,-0.045,-0.088,-0.12,-2.65,-101.42,0.493,2.707,2.707,100.0,226,0,2036
822823,1,1,8,1.1,26.03061867,119.19301605,21.4,26.03061676,119.19301605,21.4,-9.936,5.193,1.803,-0.058,-0.02,-0.089,-0.13,-2.65,-101.41,0.198,2.147,2.147,100.0,227,0,2039
823023,1,1,8,1.1,26.03061867,119.19301605,21.4,26.03061676,119.19301605,21.38,-9.947,5.189,1.785,-0.058,-0.02,-0.089,-0.12,-2.66,-101.42,0.198,2.275,2.275,100.0,227,0,2043
823223,1,1,8,1.1,26.03061867,119.19301605,21.4,26.03061676,119.19301605,21.37,-9.959,5.185,1.767,-0.057,-0.02,-0.089,-0.12,-2.66,-101.42,0.198,2.41,2.41,100.0,227,0,2043
823423,1,1,8,1.1,26.03061867,119.19301605,21.4,26.03061676,119.19301605,21.35,-9.97,5.181,1.749,-0.057,-0.02,-0.089,-0.13,-2.66,-101.43,0.198,2.553,2.553,100.0,227,0,2043
823623,1,1,8,1.1,26.03061867,119.19301605,21.4,26.03061676,119.19301605,21.33,-9.981,5.177,1.732,-0.057,-0.02,-0.088,-0.13,-2.65,-101.44,0.198,2.703,2.703,100.0,227,0,2045
823823,1,1,8,1.1,26.03061867,119.19301605,21.4,26.03061867,119.19301605,21.34,-9.964,5.234,1.736,-0.049,-0.003,-0.084,-0.14,-2.64,-101.45,0.145,2.146,2.146,100.0,228,0,2048
824024,1,1,8,1.1,26.03061867,119.19301605,21.4,26.03061867,119.19301605,21.32,-9.974,5.233,1.719,-0.049,-0.003,-0.083,-0.14,-2.65,-101.44,0.145,2.274,2.274,100.0,228,0,2052
824224,1,1,8,1.1,26.03061867,119.19301605,21.4,26.03061867,119.19301605,21.3,-9.984,5.232,1.703,-0.049,-0.004,-0.082,-0.13,-2.66,-101.44,0.145,2.409,2.409,100.0,228,0,2052
824424,1,1,8,1.1,26.03061867,119.19301605,21.4,26.03061867,119.19301605,21.29,-9.994,5.232,1.686,-0.049,-0.004,-0.082,-0.13,-2.66,-101.46,0.145,2.552,2.552,100.0,228,0,2052
824633,1,1,8,1.1,26.03061867,119.19301605,21.4,26.03061867,119.19301605,21.27,-10.004,5.231,1.669,-0.048,-0.003,-0.082,-0.13,-2.64,-101.45,0.145,2.709,2.709,100.0,228,0,2054
824833,1,1,8,1.1,26.03061867,119.19301605,21.3,26.03061867,119.19301605,21.26,-9.975,5.266,1.663,-0.037,0.006,-0.08,-0.12,-2.64,-101.44,0.114,2.148,2.148,100.0,229,0,2057
825033,1,1,8,1.1,26.03061867,119.19301605,21.3,26.03061867,119.19301605,21.25,-9.982,5.267,1.647,-0.037,0.006,-0.08,-0.12,-2.65,-101.43,0.114,2.276,2.276,100.0,229,0,2061
825233,1,1,8,1.1,26.03061867,119.19301605,21.3,26.03061867,119.19301605,21.23,-9.989,5.268,1.631,-0.037,0.006,-0.08,-0.12,-2.65,-101.43,0.114,2.411,2.411,100.0,229,0,2061
825433,1,1,8,1.1,26.03061867,119.19301605,21.3,26.03061867,119.19301605,21.21,-9.997,5.27,1.615,-0.037,0.006,-0.079,-0.13,-2.65,-101.43,0.114,2.554,2.554,100.0,229,0,2061
825633,1,1,8,1.1,26.03061485,119.19301605,21.2,26.03061676,119.19301605,21.2,-9.968,5.102,1.599,-0.026,-0.042,-0.079,-0.13,-2.64,-101.42,0.396,2.032,2.032,100.0,230,0,2064
825835,1,1,8,1.1,26.03061485,119.19301605,21.2,26.03061676,119.19301605,21.18,-9.973,5.094,1.583,-0.026,-0.042,-0.078,-0.13,-2.65,-101.43,0.396,2.153,2.153,98.04,230,0,2067
826043,1,1,8,1.1,26.03061485,119.19301605,21.2,26.03061676,119.19301605,21.17,-9.979,5.085,1.567,-0.026,-0.042,-0.077,-0.13,-2.66,-101.45,0.396,2.287,2.287,98.04,230,0,2070
826243,1,1,8,1.1,26.03061485,119.19301605,21.2,26.03061676,119.19301605,21.15,-9.984,5.077,1.552,-0.026,-0.041,-0.077,-0.12,-2.66,-101.44,0.396,2.423,2.423,98.04,230,0,2070
826443,1,1,8,1.1,26.03061485,119.19301605,21.2,26.03061676,119.19301605,21.14,-9.989,5.069,1.536,-0.026,-0.041,-0.077,-0.13,-2.65,-101.44,0.396,2.567,2.567,98.04,230,0,2070
826662,1,1,8,1.1,26.03061485,119.19301605,21.1,26.03061485,119.19301605,21.11,-9.962,4.982,1.513,-0.017,-0.063,-0.078,-0.14,-2.65,-101.44,0.192,2.051,2.051,98.04,231,0,2073
826863,1,1,8,1.1,26.03061485,119.19301605,21.1,26.03061485,119.19301605,21.1,-9.966,4.969,1.498,-0.017,-0.062,-0.077,-0.13,-2.65,-101.44,0.192,2.173,2.173,100.0,231,0,2076
827063,1,1,8,1.1,26.03061485,119.19301605,21.1,26.03061485,119.19301605,21.08,-9.969,4.957,1.482,-0.016,-0.062,-0.077,-0.13,-2.64,-101.46,0.192,2.302,2.302,100.0,231,0,2079
827263,1,1,8,1.1,26.03061485,119.19301605,21.1,26.03061485,119.19301605,21.07,-9.972,4.944,1.467,-0.016,-0.061,-0.077,-0.13,-2.64,-101.47,0.192,2.44,2.44,100.0,231,0,2079
827463,1,1,8,1.1,26.03061485,119.19301605,21.1,26.03061485,119.19301605,21.05,-9.976,4.932,1.451,-0.016,-0.061,-0.077,-0.13,-2.64,-101.45,0.192,2.584,2.584,100.0,231,0,2079
827666,1,1,8,1.1,26.03061485,119.19301605,21.1,26.03061485,119.19301605,21.05,-9.954,4.903,1.455,-0.009,-0.066,-0.072,-0.12,-2.64,-101.43,0.069,2.055,2.055,100.0,232,0,2082
827873,1,1,8,1.1,26.03061485,119.19301605,21.1,26.03061485,119.19301605,21.04,-9.955,4.889,1.44,-0.009,-0.065,-0.072,-0.13,-2.63,-101.43,0.069,2.181,2.181,100.0,232,0,2085
828073,1,1,8,1.1,26.03061485,119.19301605,21.1,26.03061485,119.19301605,21.03,-9.957,4.876,1.425,-0.009,-0.065,-0.071,-0.12,-2.63,-101.42,0.069,2.311,2.311,100.0,232,0,2088
828273,1,1,8,1.1,26.03061485,119.19301605,21.1,26.03061485,119.19301605,21.01,-9.959,4.863,1.411,-0.009,-0.064,-0.071,-0.12,-2.62,-101.42,0.069,2.449,2.449,100.0,232,0,2088
828473,1,1,8,1.1,26.03061485,119.19301605,21.1,26.03061485,119.19301605,21.0,-9.961,4.851,1.397,-0.009,-0.064,-0.071,-0.13,-2.62,-101.41,0.069,2.594,2.594,100.0,232,0,2088
828678,1,1,8,1.1,26.03061485,119.19301605,21.0,26.03061485,119.19301605,20.99,-9.944,4.857,1.387,-0.004,-0.058,-0.07,-0.14,-2.62,-101.42,0.06,2.063,2.063,100.0,233,0,2091
828883,1,1,8,1.1,26.03061485,119.19301605,21.0,26.03061485,119.19301605,20.97,-9.945,4.845,1.372,-0.005,-0.058,-0.07,-0.14,-2.63,-101.43,0.06,2.188,2.188,101.0,233,0,2094
829083,1,1,8,1.1,26.03061485,119.19301605,21.0,26.03061485,119.19301605,20.96,-9.946,4.833,1.358,-0.005,-0.058,-0.069,-0.15,-2.64,-101.46,0.06,2.319,2.319,101.0,233,0,2097
829283,1,1,8,1.1,26.03061485,119.19301605,21.0,26.03061485,119.19301605,20.94,-9.947,4.822,1.345,-0.004,-0.058,-0.069,-0.14,-2.64,-101.45,0.06,2.457,2.457,101.0,233,0,2097
829483,1,1,8,1.1,26.03061485,119.19301605,21.0,26.03061485,119.19301605,20.93,-9.948,4.81,1.331,-0.004,-0.057,-0.069,-0.13,-2.65,-101.42,0.06,2.603,2.603,101.0,233,0,2097
829692,1,1,8,1.1,26.03061867,119.19301605,20.9,26.03061676,119.19301605,20.91,-9.937,5.024,1.31,-0.0,0.006,-0.07,-0.12,-2.64,-101.41,0.507,2.072,2.072,101.0,234,0,2101
829893,1,1,8,1.1,26.03061867,119.19301605,20.9,26.03061676,119.19301605,20.9,-9.937,5.025,1.296,-0.0,0.006,-0.07,-0.12,-2.64,-101.41,0.507,2.195,2.195,100.0,234,0,2103
830093,1,1,8,1.1,26.03061867,119.19301605,20.9,26.03061676,119.19301605,20.88,-9.937,5.026,1.282,-0.001,0.006,-0.07,-0.13,-2.65,-101.4,0.507,2.326,2.326,100.0,234,0,2106
830293,1,1,8,1.1,26.03061867,119.19301605,20.9,26.03061676,119.19301605,20.87,-9.937,5.027,1.268,-0.0,0.006,-0.07,-0.12,-2.64,-101.41,0.507,2.465,2.465,100.0,234,0,2106
830493,1,1,8,1.1,26.03061867,119.19301605,20.9,26.03061676,119.19301605,20.85,-9.937,5.028,1.254,-0.001,0.006,-0.07,-0.13,-2.64,-101.41,0.507,2.611,2.611,100.0,234,0,2106
830695,1,1,8,1.1,26.03061867,119.19301605,20.9,26.03061676,119.19301605,20.86,-9.93,5.154,1.257,0.001,0.041,-0.067,-0.13,-2.63,-101.44,0.28,2.072,2.072,100.0,235,0,2109
830903,1,1,8,1.1,26.03061867,119.19301605,20.9,26.03061676,119.19301605,20.84,-9.93,5.162,1.243,0.001,0.04,-0.067,-0.13,-2.64,-101.46,0.28,2.199,2.199,100.0,235,0,2112
831103,1,1,8,1.1,26.03061867,119.19301605,20.9,26.03061676,119.19301605,20.83,-9.929,5.17,1.23,0.001,0.04,-0.066,-0.13,-2.65,-101.45,0.28,2.33,2.33,100.0,235,0,2115
831304,1,1,8,1.1,26.03061867,119.19301605,20.9,26.03061676,119.19301605,20.82,-9.929,5.178,1.217,0.001,0.039,-0.066,-0.13,-2.66,-101.44,0.28,2.47,2.47,100.0,235,0,2115
831513,1,1,8,1.1,26.03061867,119.19301605,20.9,26.03061676,119.19301605,20.8,-9.929,5.186,1.203,0.001,0.039,-0.066,-0.13,-2.67,-101.44,0.28,2.623,2.623,100.0,235,0,2115
831715,1,1,8,1.1,26.03061485,119.19301605,20.8,26.03061676,119.19301605,20.79,-9.925,5.057,1.191,0.002,0.001,-0.065,-0.13,-2.65,-101.48,0.308,2.084,2.084,101.8,236,0,2119
831923,1,1,8,1.1,26.03061485,119.19301605,20.8,26.03061676,119.19301605,20.78,-9.925,5.057,1.178,0.002,0.001,-0.065,-0.13,-2.65,-101.49,0.308,2.213,2.213,101.8,236,0,2122
832123,1,1,8,1.1,26.03061485,119.19301605,20.8,26.03061676,119.19301605,20.76,-9.924,5.057,1.165,0.002,0.001,-0.065,-0.13,-2.66,-101.47,0.308,2.345,2.345,101.8,236,0,2124
832323,1,1,8,1.1,26.03061485,119.19301605,20.8,26.03061676,119.19301605,20.75,-9.924,5.057,1.152,0.002,0.001,-0.064,-0.12,-2.65,-101.48,0.308,2.485,2.485,101.8,236,0,2124
832523,1,1,8,1.1,26.03061485,119.19301605,20.8,26.03061676,119.19301605,20.74,-9.924,5.058,1.139,0.002,0.001,-0.064,-0.11,-2.65,-101.46,0.308,2.632,2.632,101.8,236,0,2125
832723,1,1,8,1.1,26.03061485,119.19301605,20.7,26.03061485,119.19301605,20.72,-9.922,4.98,1.116,0.002,-0.021,-0.066,-0.11,-2.66,-101.47,0.174,2.09,2.09,99.8,237,0,2128
832923,1,1,8,1.1,26.03061485,119.19301605,20.7,26.03061485,119.19301605,20.7,-9.922,4.975,1.103,0.003,-0.021,-0.065,-0.11,-2.66,-101.48,0.174,2.214,2.214,99.8,237,0,2131
833123,1,1,8,1.1,26.03061485,119.19301605,20.7,26.03061485,119.19301605,20.69,-9.921,4.971,1.09,0.003,-0.02,-0.065,-0.1,-2.66,-101.46,0.174,2.346,2.346,99.8,237,0,2133
833323,1,1,8,1.1,26.03061485,119.19301605,20.7,26.03061485,119.19301605,20.68,-9.92,4.967,1.077,0.003,-0.02,-0.065,-0.12,-2.67,-101.44,0.174,2.486,2.486,99.8,237,0,2133
833523,1,1,8,1.1,26.03060722,119.19301605,20.7,26.03061485,119.19301605,20.66,-9.92,4.963,1.064,0.003,-0.02,-0.064,-0.12,-2.67,-101.42,0.174,2.633,2.633,99.8,237,0,2134
833729,1,1,8,1.1,26.03060722,119.19301605,20.6,26.03061104,119.19301605,20.63,-9.92,4.542,1.034,0.002,-0.136,-0.067,-0.13,-2.68,-101.41,0.927,2.094,2.094,99.5,238,0,2137
833934,1,1,8,1.1,26.03060722,119.19301605,20.6,26.03061104,119.19301605,20.62,-9.919,4.515,1.02,0.002,-0.135,-0.067,-0.15,-2.66,-101.4,0.927,2.222,2.222,99.5,238,0,2140
834143,1,1,8,1.1,26.03060722,119.19301605,20.6,26.03061104,119.19301605,20.61,-9.919,4.486,1.006,0.002,-0.134,-0.067,-0.13,-2.67,-101.39,0.927,2.361,2.361,99.5,238,0,2142
834343,1,1,8,1.1,26.03060722,119.19301605,20.6,26.03061104,119.19301605,20.59,-9.919,4.46,0.993,0.002,-0.133,-0.066,-0.1,-2.68,-101.41,0.927,2.502,2.502,99.5,238,0,2142
834543,1,1,8,1.1,26.03060722,119.19301605,20.6,26.03061104,119.19301605,20.58,-9.918,4.433,0.979,0.002,-0.133,-0.067,-0.09,-2.73,-101.44,0.927,2.65,2.65,99.5,238,0,2143
834743,1,1,8,1.1,26.03060722,119.19301605,20.5,26.03060913,119.19301605,20.54,-9.919,4.232,0.944,0.002,-0.18,-0.069,-0.08,-2.76,-101.46,0.387,2.103,2.103,100.9,239,0,2146
834943,1,1,8,1.1,26.03060722,119.19301605,20.5,26.03060913,119.19301605,20.53,-9.919,4.196,0.93,0.002,-0.179,-0.068,-0.03,-2.88,-101.51,0.387,2.228,2.228,100.9,239,0,2150
835143,1,1,8,1.1,26.03060722,119.19301605,20.5,26.03060913,119.19301605,20.52,-9.918,4.16,0.916,0.002,-0.178,-0.068,0.01,-3.01,-101.55,0.387,2.362,2.362,100.9,239,0,2151
835343,1,1,8,1.1,26.03060722,119.19301605,20.5,26.03060722,119.19301605,20.5,-9.918,4.124,0.903,0.002,-0.178,-0.065,0.13,-3.19,-101.6,0.387,2.502,2.502,100.9,239,0,2151
835543,1,1,8,1.1,26.03060341,119.19301605,20.5,26.03060722,119.19301605,20.49,-9.917,4.089,0.89,0.002,-0.178,-0.066,0.09,-2.99,-101.65,0.387,2.651,2.651,100.9,239,0,2152
835743,1,1,8,1.1,26.03060341,119.19301605,20.4,26.03060532,119.19301605,20.45,-9.919,3.844,0.851,0.001,-0.235,-0.073,0.06,-2.84,-101.68,0.463,2.104,2.104,100.0,240,0,2155
835943,1,1,8,1.1,26.03060341,119.19301605,20.4,26.03060532,119.19301605,20.44,-9.919,3.797,0.836,0.0,-0.233,-0.073,0.01,-2.76,-101.71,0.463,2.229,2.229,100.0,240,0,2159
836143,1,1,8,1.1,26.03060341,119.19301605,20.4,26.03060532,119.19301605,20.42,-9.919,3.751,0.821,0.0,-0.232,-0.073,-0.02,-2.75,-101.66,0.463,2.362,2.362,100.0,240,0,2160
836343,1,1,8,1.1,26.03060341,119.19301605,20.4,26.03060341,119.19301605,20.41,-9.919,3.704,0.807,0.0,-0.231,-0.073,-0.03,-2.74,-101.67,0.463,2.503,2.503,100.0,240,0,2160
836544,1,1,8,1.1,26.03059959,119.19301605,20.4,26.03060341,119.19301605,20.39,-9.918,3.658,0.792,0.0,-0.229,-0.072,0.0,-2.75,-101.68,0.463,2.652,2.652,100.0,240,0,2161
836753,1,1,8,1.1,26.03059959,119.19301605,20.3,26.0306015,119.19301605,20.35,-9.919,3.405,0.751,0.0,-0.284,-0.075,-0.0,-2.72,-101.68,0.452,2.109,2.109,100.0,241,0,2164
836953,1,1,8,1.1,26.03059959,119.19301605,20.3,26.0306015,119.19301605,20.34,-9.919,3.349,0.736,-0.0,-0.283,-0.074,-0.02,-2.74,-101.68,0.452,2.235,2.235,100.0,241,0,2168
837153,1,1,8,1.1,26.03059959,119.19301605,20.3,26.0306015,119.19301605,20.32,-9.919,3.292,0.721,-0.001,-0.282,-0.067,0.01,-2.78,-101.67,0.452,2.369,2.369,100.0,241,0,2169
837353,1,1,8,1.1,26.03059959,119.19301605,20.3,26.03059959,119.19301605,20.31,-9.92,3.236,0.707,0.0,-0.282,-0.072,-0.36,-2.65,-101.66,0.452,2.51,2.51,100.0,241,0,2169
837553,1,1,8,1.1,26.03059578,119.19301605,20.3,26.03059959,119.19301605,20.29,-9.919,3.179,0.692,0.002,-0.281,-0.072,-0.28,-2.66,-101.64,0.452,2.658,2.658,100.0,241,0,2171
837755,1,1,8,1.1,26.03059578,119.19301605,20.2,26.03059769,119.19301605,20.25,-9.92,2.943,0.651,0.003,-0.33,-0.076,-0.23,-2.69,-101.6,0.397,2.111,2.111,100.0,242,0,2173
837959,1,1,8,1.1,26.03059578,119.19301605,20.2,26.03059769,119.19301605,20.24,-9.919,2.876,0.636,0.004,-0.329,-0.076,-0.19,-2.69,-101.59,0.397,2.239,2.239,100.0,242,0,2177
838163,1,1,8,1.1,26.03059578,119.19301605,20.2,26.03059578,119.19301605,20.22,-9.918,2.809,0.62,0.005,-0.327,-0.075,-0.15,-2.71,-101.59,0.397,2.376,2.376,100.0,242,0,2178
838363,1,1,8,1.1,26.03059578,119.19301605,20.2,26.03059578,119.19301605,20.21,-9.917,2.743,0.605,0.006,-0.326,-0.075,-0.13,-2.73,-101.59,0.397,2.518,2.518,100.0,242,0,2178
838566,1,1,8,1.1,26.03059006,119.19301605,20.2,26.03059578,119.19301605,20.19,-9.915,2.677,0.59,0.006,-0.325,-0.074,-0.13,-2.72,-101.57,0.397,2.669,2.669,100.0,242,0,2180
838775,1,1,8,1.1,26.03059006,119.19301605,20.1,26.03059196,119.19301605,20.15,-9.917,2.367,0.548,0.006,-0.39,-0.078,-0.12,-2.72,-101.57,0.532,2.124,2.124,99.4,243,0,2183
838983,1,1,8,1.1,26.03059006,119.19301605,20.1,26.03059196,119.19301605,20.13,-9.916,2.286,0.532,0.006,-0.388,-0.078,-0.11,-2.72,-101.58,0.532,2.255,2.255,99.4,243,0,2186
839183,1,1,8,1.1,26.03059006,119.19301605,20.1,26.03059006,119.19301605,20.12,-9.914,2.209,0.516,0.006,-0.386,-0.077,-0.11,-2.72,-101.55,0.532,2.39,2.39,99.4,243,0,2187
839383,1,1,8,1.1,26.03059006,119.19301605,20.1,26.03059006,119.19301605,20.1,-9.913,2.132,0.501,0.006,-0.384,-0.077,-0.09,-2.72,-101.54,0.532,2.533,2.533,99.4,243,0,2187
839583,1,1,8,1.1,26.03059006,119.19301605,20.1,26.03059006,119.19301605,20.09,-9.912,2.055,0.486,0.006,-0.382,-0.077,-0.09,-2.72,-101.54,0.532,2.683,2.683,99.4,243,0,2189
839787,1,1,8,1.1,26.03059006,119.19301605,20.0,26.03059006,119.19301605,20.04,-9.915,2.019,0.445,0.006,-0.368,-0.08,-0.08,-2.72,-101.52,0.092,2.128,2.128,100.6,244,0,2192
839993,1,1,8,1.1,26.03059006,119.19301605,20.0,26.03058815,119.19301605,20.03,-9.914,1.943,0.428,0.006,-0.366,-0.08,-0.07,-2.71,-101.52,0.092,2.259,2.259,100.6,244,0,2195
840193,1,1,8,1.1,26.03059006,119.19301605,20.0,26.03058815,119.19301605,20.01,-9.912,1.87,0.412,0.006,-0.365,-0.08,-0.06,-2.72,-101.54,0.092,2.394,2.394,100.6,244,0,2196
840393,1,1,8,1.1,26.03059006,119.19301605,20.0,26.03058624,119.19301605,20.0,-9.911,1.797,0.396,0.006,-0.363,-0.079,-0.07,-2.73,-101.54,0.092,2.537,2.537,100.6,244,0,2196
840593,1,1,8,1.1,26.03059578,119.19301605,20.0,26.03058624,119.19301605,19.98,-9.91,1.725,0.381,0.006,-0.361,-0.079,-0.06,-2.72,-101.54,0.092,2.687,2.687,100.6,244,0,2198
840794,1,1,8,1.1,26.03059578,119.19301605,20.0,26.03059006,119.19301605,19.97,-9.914,2.133,0.372,0.005,-0.229,-0.077,-0.05,-2.73,-101.51,1.05,2.134,2.134,99.8,245,0,2201
841003,1,1,8,1.1,26.03059578,119.19301605,20.0,26.03059006,119.19301605,19.96,-9.913,2.085,0.356,0.005,-0.228,-0.076,-0.05,-2.73,-101.52,1.05,2.267,2.267,99.8,245,0,2205
841204,1,1,8,1.1,26.03059578,119.19301605,20.0,26.03059006,119.19301605,19.94,-9.912,2.04,0.341,0.005,-0.227,-0.076,-0.05,-2.73,-101.53,1.05,2.403,2.403,99.8,245,0,2205
841413,1,1,8,1.1,26.03059578,119.19301605,20.0,26.03058815,119.19301605,19.92,-9.911,1.992,0.325,0.005,-0.226,-0.076,-0.04,-2.73,-101.54,1.05,2.553,2.553,99.8,245,0,2205
841613,1,1,8,1.1,26.03058624,119.19301605,20.0,26.03058815,119.19301605,19.91,-9.91,1.947,0.31,0.004,-0.224,-0.075,-0.05,-2.74,-101.53,1.05,2.704,2.704,99.8,245,0,2207
841813,1,1,8,1.1,26.03058624,119.19301605,19.8,26.03058624,119.19301605,19.86,-9.914,1.79,0.261,0.003,-0.254,-0.08,-0.06,-2.74,-101.52,0.244,2.147,2.147,99.9,246,0,2210
842013,1,1,8,1.1,26.03058624,119.19301605,19.8,26.03058624,119.19301605,19.84,-9.914,1.739,0.245,0.003,-0.252,-0.08,-0.05,-2.73,-101.54,0.244,2.275,2.275,99.9,246,0,2214
842213,1,1,8,1.1,26.03058624,119.19301605,19.8,26.03058624,119.19301605,19.83,-9.913,1.689,0.229,0.003,-0.251,-0.079,-0.05,-2.73,-101.53,0.244,2.411,2.411,99.9,246,0,2214
842413,1,1,8,1.1,26.03058624,119.19301605,19.8,26.03058624,119.19301605,19.81,-9.913,1.639,0.213,0.003,-0.25,-0.079,-0.05,-2.73,-101.53,0.244,2.555,2.555,99.9,246,0,2214
842613,1,1,8,1.1,26.03059006,119.19301605,19.8,26.03058434,119.19301605,19.8,-9.912,1.589,0.197,0.002,-0.249,-0.079,-0.07,-2.74,-101.52,0.244,2.706,2.706,99.9,246,0,2216
842813,1,1,8,1.09,26.03059006,119.19301605,19.7,26.03058624,119.19301605,19.75,-9.916,1.79,0.152,0.001,-0.18,-0.083,-0.07,-2.76,-101.51,0.539,2.139,2.139,100.0,247,0,2219
843013,1,1,8,1.09,26.03059006,119.19301605,19.7,26.03058624,119.19301605,19.74,-9.916,1.755,0.135,0.001,-0.179,-0.083,-0.06,-2.74,-101.52,0.539,2.267,2.267,100.0,247,0,2223
843213,1,1,8,1.09,26.03059006,119.19301605,19.7,26.03058624,119.19301605,19.72,-9.916,1.719,0.118,0.001,-0.178,-0.083,-0.06,-2.75,-101.53,0.539,2.403,2.403,100.0,247,0,2223
843413,1,1,8,1.09,26.03059006,119.19301605,19.7,26.03058624,119.19301605,19.7,-9.915,1.683,0.102,0.001,-0.177,-0.082,-0.06,-2.75,-101.54,0.539,2.546,2.546,100.0,247,0,2223
843613,1,1,8,1.09,26.03059006,119.19301605,19.7,26.03058624,119.19301605,19.69,-9.915,1.648,0.086,0.002,-0.176,-0.082,-0.04,-2.75,-101.53,0.539,2.697,2.697,100.0,247,0,2225
843815,1,1,8,1.09,26.03059006,119.19301605,19.5,26.03058815,119.19301605,19.61,-9.917,1.835,0.012,0.0,-0.115,-0.09,-0.07,-2.74,-101.52,0.48,2.134,2.134,99.5,248,0,2228
844015,1,1,8,1.09,26.03059006,119.19301605,19.5,26.03058815,119.19301605,19.59,-9.917,1.813,-0.006,0.0,-0.113,-0.09,-0.07,-2.72,-101.53,0.48,2.262,2.262,99.5,248,0,2232
844223,1,1,8,1.09,26.03059006,119.19301605,19.5,26.03058624,119.19301605,19.58,-9.917,1.789,-0.025,0.0,-0.113,-0.09,-0.06,-2.73,-101.54,0.48,2.403,2.403,99.5,248,0,2232
844423,1,1,8,1.09,26.03059006,119.19301605,19.5,26.03058624,119.19301605,19.56,-9.917,1.767,-0.043,0.001,-0.113,-0.089,-0.07,-2.73,-101.54,0.48,2.547,2.547,99.5,248,0,2232
844623,1,1,8,1.09,26.03059578,119.19301605,19.5,26.03058624,119.19301605,19.54,-9.917,1.744,-0.061,0.001,-0.112,-0.089,-0.06,-2.73,-101.53,0.48,2.698,2.698,99.5,248,0,2234
844823,1,1,8,1.09,26.03059578,119.19301605,19.3,26.03059006,119.19301605,19.45,-9.919,2.194,-0.153,0.0,0.016,-0.101,-0.06,-2.73,-101.53,1.018,2.136,2.136,100.5,249,0,2237
845023,1,1,8,1.09,26.03059578,119.19301605,19.3,26.03059006,119.19301605,19.43,-9.919,2.198,-0.173,0.001,0.016,-0.1,-0.04,-2.72,-101.54,1.018,2.264,2.264,100.5,249,0,2241
845223,1,1,8,1.09,26.03059578,119.19301605,19.3,26.03059006,119.19301605,19.41,-9.919,2.201,-0.193,0.001,0.016,-0.099,-0.04,-2.72,-101.54,1.018,2.4,2.4,100.5,249,0,2241
845423,1,1,8,1.09,26.03059578,119.19301605,19.3,26.03059006,119.19301605,19.39,-9.919,2.204,-0.212,0.0,0.016,-0.098,-0.06,-2.73,-101.53,1.018,2.543,2.543,100.5,249,0,2241
845623,1,1,8,1.09,26.03058624,119.19301605,19.3,26.03059006,119.19301605,19.37,-9.918,2.207,-0.232,0.0,0.016,-0.098,-0.06,-2.72,-101.54,1.018,2.694,2.694,100.5,249,0,2243
845823,1,1,8,1.09,26.03058624,119.19301605,19.2,26.03058815,119.19301605,19.3,-9.92,1.975,-0.304,0.0,-0.048,-0.106,-0.06,-2.71,-101.57,0.509,2.134,2.134,99.5,250,0,2246
846024,1,1,8,1.09,26.03058624,119.19301605,19.2,26.03058815,119.19301605,19.28,-9.919,1.965,-0.325,0.0,-0.048,-0.106,-0.05,-2.72,-101.55,0.509,2.263,2.263,99.5,250,0,2250
846234,1,1,8,1.09,26.03058624,119.19301605,19.2,26.03058815,119.19301605,19.25,-9.919,1.955,-0.347,0.0,-0.048,-0.105,-0.05,-2.73,-101.54,0.509,2.406,2.406,99.5,250,0,2250
846434,1,1,8,1.09,26.03058624,119.19301605,19.2,26.03058815,119.19301605,19.23,-9.919,1.946,-0.368,0.0,-0.048,-0.104,-0.05,-2.74,-101.56,0.509,2.55,2.55,99.5,250,0,2250
846636,1,1,8,1.09,26.03058624,119.19303131,19.1,26.03058815,119.19302368,19.18,-9.249,1.832,-0.423,0.192,-0.077,-0.11,-0.05,-2.74,-101.55,1.543,2.024,2.024,99.5,251,0,2253
846845,1,1,8,1.09,26.03058624,119.19303131,19.1,26.03058815,119.19302368,19.15,-9.209,1.815,-0.445,0.191,-0.077,-0.109,-0.05,-2.75,-101.54,1.543,2.149,2.149,100.5,251,0,2256
847053,1,1,8,1.09,26.03058624,119.19303131,19.1,26.03058624,119.19302368,19.13,-9.169,1.799,-0.468,0.19,-0.077,-0.109,-0.05,-2.75,-101.55,1.543,2.284,2.284,100.5,251,0,2259
847253,1,1,8,1.09,26.03058624,119.19303131,19.1,26.03058624,119.19302368,19.11,-9.131,1.784,-0.49,0.189,-0.076,-0.108,-0.05,-2.73,-101.55,1.543,2.422,2.422,100.5,251,0,2259
847454,1,1,8,1.09,26.03058624,119.19303131,19.1,26.03058624,119.19302368,19.09,-9.094,1.769,-0.512,0.188,-0.075,-0.108,-0.05,-2.73,-101.56,1.543,2.567,2.567,100.5,251,0,2259
847669,1,1,8,1.09,26.03059006,119.19303131,19.0,26.03058815,119.19303131,19.04,-8.758,1.917,-0.555,0.271,-0.029,-0.111,-0.05,-2.74,-101.56,0.759,2.042,2.042,100.5,252,0,2262
847873,1,1,8,1.09,26.03059006,119.19303131,19.0,26.03058815,119.19303131,19.02,-8.703,1.911,-0.578,0.269,-0.028,-0.11,-0.06,-2.74,-101.55,0.759,2.166,2.166,99.4,252,0,2265
848073,1,1,8,1.09,26.03059006,119.19303131,19.0,26.03058815,119.19303131,19.0,-8.65,1.905,-0.6,0.268,-0.028,-0.109,-0.07,-2.74,-101.56,0.759,2.297,2.297,99.4,252,0,2268
848273,1,1,8,1.09,26.03059006,119.19303131,19.0,26.03058815,119.19303131,18.98,-8.596,1.899,-0.622,0.266,-0.028,-0.109,-0.07,-2.73,-101.55,0.759,2.435,2.435,99.4,252,0,2268
848473,1,1,8,1.09,26.03059006,119.19303131,19.0,26.03058815,119.19303131,18.96,-8.543,1.894,-0.644,0.265,-0.027,-0.108,-0.07,-2.72,-101.54,0.759,2.581,2.581,99.4,252,0,2268
848675,1,1,8,1.09,26.03058624,119.19301605,18.8,26.03058624,119.19302368,18.89,-9.123,1.804,-0.708,0.084,-0.051,-0.115,-0.07,-2.72,-101.53,1.436,2.045,2.045,99.4,253,0,2271
848884,1,1,8,1.09,26.03058624,119.19301605,18.8,26.03058624,119.19302368,18.87,-9.105,1.793,-0.732,0.084,-0.051,-0.115,-0.08,-2.73,-101.51,1.436,2.173,2.173,99.8,253,0,2274
849093,1,1,8,1.09,26.03058624,119.19301605,18.8,26.03058624,119.19302368,18.84,-9.088,1.782,-0.756,0.084,-0.05,-0.114,-0.07,-2.71,-101.51,1.436,2.31,2.31,99.8,253,0,2277
849293,1,1,8,1.09,26.03058624,119.19301605,18.8,26.03058624,119.19302368,18.82,-9.071,1.772,-0.778,0.083,-0.05,-0.114,-0.08,-2.71,-101.5,1.436,2.449,2.449,99.8,253,0,2277
849493,1,1,8,1.09,26.03058624,119.19301605,18.8,26.03058624,119.19302368,18.8,-9.054,1.762,-0.801,0.082,-0.05,-0.113,-0.09,-2.72,-101.51,1.436,2.595,2.595,99.8,253,0,2277
849701,1,1,8,1.09,26.03058243,119.19303131,18.7,26.03058434,119.19303131,18.75,-8.747,1.536,-0.85,0.162,-0.111,-0.118,-0.1,-2.79,-101.51,0.807,2.063,2.063,99.8,254,0,2281
849903,1,1,8,1.09,26.03058243,119.19303131,18.7,26.03058434,119.19303131,18.73,-8.714,1.514,-0.874,0.162,-0.11,-0.117,-0.09,-2.77,-101.53,0.807,2.188,2.188,100.6,254,0,2284
850103,1,1,8,1.09,26.03058243,119.19303131,18.7,26.03058434,119.19303131,18.7,-8.682,1.492,-0.897,0.162,-0.109,-0.117,-0.09,-2.76,-101.54,0.807,2.319,2.319,100.6,254,0,2286
850303,1,1,8,1.09,26.03058243,119.19303131,18.7,26.03058434,119.19303131,18.68,-8.65,1.47,-0.921,0.161,-0.109,-0.116,-0.08,-2.75,-101.57,0.807,2.459,2.459,100.6,254,0,2286
850503,1,1,8,1.09,26.03058243,119.19303131,18.7,26.03058434,119.19303131,18.66,-8.617,1.448,-0.944,0.161,-0.108,-0.116,-0.06,-2.75,-101.55,0.807,2.606,2.606,100.6,254,0,2286
850709,1,1,8,1.09,26.03058243,119.19301605,18.6,26.03058243,119.19302368,18.62,-9.18,1.354,-0.98,-0.007,-0.128,-0.117,-0.05,-2.76,-101.53,1.334,2.069,2.069,100.6,255,0,2290
850914,1,1,8,1.09,26.03058243,119.19301605,18.6,26.03058243,119.19302368,18.6,-9.181,1.328,-1.004,-0.007,-0.127,-0.116,-0.05,-2.75,-101.51,1.334,2.196,2.196,100.4,255,0,2293
851124,1,1,8,1.09,26.03058243,119.19301605,18.6,26.03058243,119.19302368,18.57,-9.183,1.301,-1.028,-0.007,-0.127,-0.116,-0.04,-2.75,-101.52,1.334,2.336,2.336,100.4,255,0,2295
851324,1,1,8,1.09,26.03058243,119.19301605,18.6,26.03058243,119.19302368,18.55,-9.184,1.276,-1.051,-0.007,-0.126,-0.115,-0.04,-2.76,-101.54,1.334,2.476,2.476,100.4,255,0,2295
851525,1,1,8,1.09,26.03058624,119.19301605,18.6,26.03058243,119.19302368,18.53,-9.185,1.251,-1.074,-0.006,-0.125,-0.114,-0.04,-2.73,-101.56,1.334,2.625,2.625,100.4,255,0,2296
851733,1,1,8,1.09,26.03058624,119.19301605,18.4,26.03058434,119.19302368,18.47,-9.52,1.434,-1.133,-0.099,-0.066,-0.12,-0.04,-2.73,-101.57,0.868,2.085,2.085,100.4,256,0,2299
851934,1,1,8,1.09,26.03058624,119.19301605,18.4,26.03058434,119.19301605,18.44,-9.539,1.421,-1.157,-0.098,-0.065,-0.12,-0.04,-2.72,-101.56,0.868,2.21,2.21,99.6,256,0,2302
852143,1,1,8,1.09,26.03058624,119.19301605,18.4,26.03058434,119.19301605,18.42,-9.56,1.407,-1.182,-0.098,-0.065,-0.119,-0.05,-2.74,-101.55,0.868,2.35,2.35,99.6,256,0,2304
852343,1,1,8,1.09,26.03058624,119.19301605,18.4,26.03058434,119.19301605,18.39,-9.58,1.394,-1.206,-0.098,-0.065,-0.118,-0.04,-2.73,-101.55,0.868,2.491,2.491,99.6,256,0,2304
852543,1,1,8,1.09,26.03059006,119.19301605,18.4,26.03058434,119.19301605,18.37,-9.599,1.381,-1.23,-0.098,-0.064,-0.118,-0.06,-2.73,-101.55,0.868,2.64,2.64,99.6,256,0,2305
852743,1,1,8,1.09,26.03059006,119.19301605,18.2,26.03058624,119.19301605,18.3,-9.761,1.708,-1.302,-0.137,0.03,-0.126,-0.06,-2.74,-101.55,0.811,2.091,2.091,99.6,257,0,2308
852945,1,1,8,1.09,26.03059006,119.19301605,18.2,26.03058624,119.19301605,18.27,-9.789,1.714,-1.328,-0.136,0.03,-0.125,-0.06,-2.74,-101.53,0.811,2.218,2.218,99.6,257,0,2312
853145,1,1,8,1.09,26.03059006,119.19301605,18.2,26.03058624,119.19301605,18.25,-9.816,1.72,-1.353,-0.135,0.03,-0.124,-0.06,-2.74,-101.53,0.811,2.352,2.352,99.6,257,0,2313
853345,1,1,8,1.09,26.03059006,119.19301605,18.2,26.03058624,119.19301605,18.22,-9.843,1.726,-1.377,-0.134,0.03,-0.124,-0.05,-2.74,-101.53,0.811,2.493,2.493,99.6,257,0,2313
853547,1,1,8,1.09,26.03058624,119.19301605,18.2,26.03058624,119.19301605,18.2,-9.87,1.732,-1.402,-0.134,0.03,-0.123,-0.05,-2.72,-101.54,0.811,2.644,2.644,99.6,257,0,2314
853753,1,1,8,1.09,26.03058624,119.19301605,17.9,26.03058624,119.19301605,18.08,-9.915,1.722,-1.517,-0.139,0.025,-0.139,-0.06,-2.74,-101.55,0.054,2.098,2.098,99.6,258,0,2317
853954,1,1,8,1.09,26.03058624,119.19301605,17.9,26.03058624,119.19301605,18.06,-9.943,1.727,-1.545,-0.138,0.025,-0.138,-0.06,-2.73,-101.54,0.054,2.224,2.224,99.7,258,0,2321
854163,1,1,8,1.09,26.03058624,119.19301605,17.9,26.03058624,119.19301605,18.03,-9.972,1.732,-1.574,-0.137,0.025,-0.138,-0.06,-2.72,-101.55,0.054,2.365,2.365,99.7,258,0,2322
854363,1,1,8,1.09,26.03058624,119.19301605,17.9,26.03058624,119.19301605,18.0,-9.999,1.737,-1.601,-0.137,0.025,-0.137,-0.07,-2.71,-101.56,0.054,2.507,2.507,99.7,258,0,2322
854563,1,1,8,1.09,26.03058243,119.19301605,17.9,26.03058624,119.19301605,17.97,-10.026,1.742,-1.628,-0.136,0.025,-0.137,-0.06,-2.71,-101.55,0.054,2.656,2.656,99.7,258,0,2324
854763,1,1,8,1.09,26.03058243,119.19301605,17.7,26.03058434,119.19301605,17.86,-10.001,1.532,-1.737,-0.121,-0.034,-0.15,-0.06,-2.71,-101.54,0.484,2.104,2.104,99.7,259,0,2327
854966,1,1,8,1.09,26.03058243,119.19301605,17.7,26.03058434,119.19301605,17.83,-10.025,1.525,-1.768,-0.12,-0.034,-0.15,-0.06,-2.71,-101.53,0.484,2.232,2.232,99.21,259,0,2330
855173,1,1,8,1.09,26.03058243,119.19301605,17.7,26.03058434,119.19301605,17.8,-10.05,1.518,-1.799,-0.12,-0.034,-0.15,-0.06,-2.72,-101.53,0.484,2.372,2.372,99.21,259,0,2331
855373,1,1,8,1.09,26.03058243,119.19301605,17.7,26.03058434,119.19301605,17.77,-10.074,1.512,-1.829,-0.119,-0.034,-0.149,-0.06,-2.73,-101.53,0.484,2.514,2.514,99.21,259,0,2331
855575,1,1,8,1.09,26.03057861,119.19301605,17.7,26.03058434,119.19301605,17.74,-10.098,1.505,-1.859,-0.118,-0.033,-0.148,-0.06,-2.72,-101.52,0.484,2.666,2.666,99.21,259,0,2333
855785,1,1,8,1.09,26.03057861,119.19301605,17.5,26.03058243,119.19301605,17.64,-10.038,1.197,-1.962,-0.094,-0.115,-0.16,-0.06,-2.71,-101.53,0.679,2.115,2.115,99.21,260,0,2336
855993,1,1,8,1.09,26.03057861,119.19301605,17.5,26.03058243,119.19301605,17.61,-10.057,1.173,-1.995,-0.094,-0.115,-0.159,-0.06,-2.71,-101.55,0.679,2.247,2.247,100.99,260,0,2339
856193,1,1,8,1.09,26.03057861,119.19301605,17.5,26.03058052,119.19301605,17.57,-10.076,1.15,-2.027,-0.094,-0.114,-0.158,-0.06,-2.71,-101.54,0.679,2.382,2.382,100.99,260,0,2340
856393,1,1,8,1.09,26.03057861,119.19301605,17.5,26.03058052,119.19301605,17.54,-10.095,1.128,-2.058,-0.093,-0.114,-0.157,-0.07,-2.71,-101.52,0.679,2.526,2.526,100.99,260,0,2340
856593,1,1,8,1.09,26.0305748,119.19304657,17.5,26.03058052,119.19301605,17.51,-10.113,1.105,-2.089,-0.093,-0.113,-0.156,-0.06,-2.71,-101.52,0.679,2.676,2.676,100.99,260,0,2342
856794,1,1,8,1.09,26.0305748,119.19304657,17.2,26.03057861,119.19303131,17.38,-8.635,0.771,-2.216,0.316,-0.198,-0.172,-0.06,-2.72,-101.53,3.318,2.122,2.122,100.99,261,0,2345
857003,1,1,8,1.09,26.0305748,119.19304657,17.2,26.03057671,119.19303131,17.35,-8.57,0.73,-2.252,0.315,-0.196,-0.171,-0.05,-2.72,-101.51,3.318,2.255,2.255,100.0,261,0,2349
857203,1,1,8,1.09,26.0305748,119.19304657,17.2,26.03057671,119.19303131,17.31,-8.507,0.691,-2.286,0.313,-0.195,-0.17,-0.06,-2.72,-101.51,3.318,2.391,2.391,100.0,261,0,2349
857403,1,1,8,1.09,26.0305748,119.19304657,17.2,26.03057671,119.19303131,17.28,-8.444,0.652,-2.32,0.311,-0.194,-0.169,-0.07,-2.72,-101.51,3.318,2.535,2.535,100.0,261,0,2349
857603,1,1,8,1.09,26.03056717,119.19304657,17.2,26.03057671,119.19303131,17.25,-8.382,0.613,-2.354,0.31,-0.194,-0.169,-0.06,-2.72,-101.52,3.318,2.686,2.686,100.0,261,0,2351
857803,1,1,8,1.09,26.03056717,119.19304657,17.0,26.03057098,119.19303894,17.14,-7.625,0.097,-2.463,0.498,-0.322,-0.181,-0.05,-2.72,-101.52,1.825,2.129,2.129,100.0,262,0,2354
858003,1,1,8,1.09,26.03056717,119.19304657,17.0,26.03057098,119.19303894,17.1,-7.525,0.033,-2.499,0.495,-0.321,-0.18,-0.05,-2.71,-101.53,1.825,2.257,2.257,100.0,262,0,2358
858203,1,1,8,1.09,26.03056717,119.19304657,17.0,26.03057098,119.19303894,17.06,-7.426,-0.031,-2.535,0.493,-0.319,-0.18,-0.05,-2.72,-101.53,1.825,2.394,2.394,100.0,262,0,2358
858403,1,1,8,1.09,26.03056717,119.19304657,17.0,26.03057098,119.19303894,17.03,-7.328,-0.095,-2.571,0.49,-0.318,-0.179,-0.05,-2.72,-101.55,1.825,2.538,2.538,100.0,262,0,2358
858604,1,1,8,1.09,26.03056717,119.19304657,17.0,26.03056908,119.19304657,16.99,-7.23,-0.159,-2.607,0.488,-0.316,-0.178,-0.06,-2.72,-101.56,1.825,2.69,2.69,100.0,262,0,2360
858815,1,1,8,1.09,26.03056717,119.19304657,16.9,26.03056717,119.19304657,16.93,-6.969,-0.342,-2.671,0.528,-0.346,-0.182,-0.05,-2.72,-101.56,0.423,2.132,2.132,100.0,263,0,2363
859023,1,1,8,1.09,26.03056717,119.19304657,16.9,26.03056717,119.19304657,16.89,-6.86,-0.414,-2.709,0.525,-0.345,-0.181,-0.06,-2.73,-101.55,0.423,2.266,2.266,100.0,263,0,2367
859223,1,1,8,1.09,26.03056717,119.19304657,16.9,26.03056717,119.19304657,16.86,-6.755,-0.483,-2.745,0.523,-0.343,-0.18,-0.06,-2.72,-101.54,0.423,2.402,2.402,100.0,263,0,2367
859423,1,1,8,1.09,26.03056717,119.19304657,16.9,26.03056526,119.19304657,16.82,-6.651,-0.551,-2.781,0.52,-0.341,-0.179,-0.07,-2.73,-101.53,0.423,2.547,2.547,100.0,263,0,2367
859623,1,1,8,1.09,26.03056717,119.19303131,16.9,26.03056526,119.19304657,16.78,-6.547,-0.619,-2.817,0.517,-0.34,-0.179,-0.07,-2.72,-101.54,0.423,2.698,2.698,100.0,263,0,2369
859823,1,1,8,1.09,26.03056717,119.19303131,16.7,26.03056526,119.19303894,16.72,-7.306,-0.593,-2.877,0.281,-0.312,-0.182,-0.05,-2.72,-101.52,1.869,2.136,2.136,100.0,264,0,2372
860023,1,1,8,1.09,26.03056717,119.19303131,16.7,26.03056526,119.19303894,16.69,-7.25,-0.656,-2.914,0.279,-0.31,-0.181,-0.06,-2.71,-101.52,1.869,2.265,2.265,100.0,264,0,2376
860223,1,1,8,1.09,26.03056717,119.19303131,16.7,26.03056526,119.19304657,16.65,-7.195,-0.718,-2.95,0.278,-0.309,-0.18,-0.07,-2.71,-101.53,1.869,2.402,2.402,100.0,264,0,2376
860423,1,1,8,1.09,26.03056717,119.19303131,16.7,26.03056335,119.19304657,16.61,-7.139,-0.779,-2.986,0.276,-0.308,-0.179,-0.07,-2.72,-101.54,1.869,2.546,2.546,100.0,264,0,2376
860623,1,1,8,1.09,26.03055763,119.19303131,16.7,26.03056335,119.19304657,16.58,-7.084,-0.841,-3.021,0.275,-0.307,-0.178,-0.06,-2.73,-101.55,1.869,2.697,2.697,100.0,264,0,2378
860826,1,1,8,1.09,26.03055763,119.19303131,16.5,26.03055954,119.19303894,16.52,-7.64,-1.2,-3.081,0.107,-0.386,-0.181,-0.07,-2.73,-101.56,1.463,2.138,2.138,100.0,265,0,2381
861033,1,1,8,1.09,26.03055763,119.19303131,16.5,26.03055954,119.19303894,16.48,-7.618,-1.279,-3.119,0.107,-0.383,-0.181,-0.06,-2.73,-101.54,1.463,2.271,2.271,100.0,265,0,2385
861233,1,1,8,1.09,26.03055763,119.19303131,16.5,26.03055954,119.19303894,16.45,-7.596,-1.356,-3.155,0.107,-0.381,-0.179,-0.06,-2.73,-101.55,1.463,2.408,2.408,100.0,265,0,2385
861433,1,1,8,1.09,26.03055763,119.19303131,16.5,26.03055763,119.19303894,16.41,-7.575,-1.432,-3.19,0.106,-0.379,-0.178,-0.05,-2.72,-101.54,1.463,2.553,2.553,100.0,265,0,2385
861633,1,1,8,1.09,26.03055763,119.19304657,16.3,26.03055763,119.19303894,16.35,-7.252,-1.498,-3.248,0.192,-0.375,-0.182,-0.05,-2.72,-101.55,0.686,2.024,2.024,100.0,266,0,2388
861833,1,1,8,1.09,26.03055763,119.19304657,16.3,26.03055763,119.19304657,16.32,-7.214,-1.573,-3.285,0.191,-0.373,-0.181,-0.04,-2.73,-101.55,0.686,2.145,2.145,100.0,266,0,2391
862033,1,1,8,1.09,26.03055763,119.19304657,16.3,26.03055573,119.19304657,16.28,-7.176,-1.648,-3.321,0.19,-0.372,-0.182,-0.07,-2.75,-101.55,0.686,2.275,2.275,100.0,266,0,2394
862234,1,1,8,1.09,26.03055763,119.19304657,16.3,26.03055573,119.19304657,16.24,-7.138,-1.722,-3.357,0.189,-0.37,-0.181,-0.08,-2.75,-101.56,0.686,2.413,2.413,100.0,266,0,2394
862443,1,1,8,1.09,26.03055763,119.19304657,16.3,26.03055573,119.19304657,16.21,-7.098,-1.799,-3.395,0.188,-0.367,-0.18,-0.08,-2.74,-101.54,0.686,2.565,2.565,100.0,266,0,2394
862659,1,1,8,1.09,26.03055763,119.19304657,16.1,26.03055573,119.19304657,16.14,-6.972,-1.708,-3.455,0.211,-0.317,-0.183,-0.08,-2.73,-101.52,0.429,2.041,2.041,100.0,267,0,2397
862864,1,1,8,1.09,26.03055763,119.19304657,16.1,26.03055573,119.19304657,16.11,-6.928,-1.773,-3.493,0.211,-0.315,-0.182,-0.07,-2.73,-101.53,0.429,2.167,2.167,100.6,267,0,2400
863073,1,1,8,1.09,26.03055763,119.19304657,16.1,26.03055382,119.19304657,16.07,-6.884,-1.839,-3.531,0.21,-0.314,-0.181,-0.06,-2.73,-101.54,0.429,2.304,2.304,100.6,267,0,2403
863273,1,1,8,1.09,26.03055763,119.19304657,16.1,26.03055382,119.19304657,16.03,-6.843,-1.902,-3.567,0.209,-0.312,-0.18,-0.07,-2.73,-101.53,0.429,2.443,2.443,100.6,267,0,2403
863473,1,1,8,1.09,26.03055763,119.19304657,16.1,26.03055382,119.19304657,16.0,-6.801,-1.964,-3.603,0.207,-0.31,-0.179,-0.08,-2.73,-101.54,0.429,2.59,2.59,100.6,267,0,2403
863678,1,1,8,1.09,26.03056717,119.19304657,15.8,26.03055954,119.19304657,15.91,-6.803,-1.317,-3.691,0.194,-0.107,-0.187,-0.07,-2.72,-101.52,1.592,2.054,2.054,100.6,268,0,2406
863883,1,1,8,1.09,26.03056717,119.19304657,15.8,26.03055954,119.19304657,15.87,-6.764,-1.339,-3.729,0.192,-0.106,-0.187,-0.09,-2.72,-101.53,1.592,2.18,2.18,100.4,268,0,2409
864083,1,1,8,1.09,26.03056717,119.19304657,15.8,26.03055954,119.19304657,15.83,-6.726,-1.36,-3.767,0.191,-0.106,-0.186,-0.09,-2.72,-101.55,1.592,2.312,2.312,100.4,268,0,2412
864283,1,1,8,1.09,26.03056717,119.19304657,15.8,26.03055763,119.19304657,15.8,-6.687,-1.381,-3.804,0.19,-0.105,-0.185,-0.09,-2.69,-101.56,1.592,2.451,2.451,100.4,268,0,2412
864483,1,1,8,1.09,26.03056717,119.19304657,15.8,26.03055763,119.19304657,15.76,-6.649,-1.402,-3.841,0.19,-0.105,-0.184,-0.07,-2.71,-101.57,1.592,2.599,2.599,100.4,268,0,2412
864685,1,1,8,1.09,26.03056717,119.19304657,15.7,26.03056145,119.19304657,15.71,-6.722,-0.978,-3.887,0.157,0.021,-0.185,-0.08,-2.7,-101.55,1.024,2.058,2.058,100.4,269,0,2415
864893,1,1,8,1.09,26.03056717,119.19304657,15.7,26.03056145,119.19304657,15.67,-6.69,-0.974,-3.926,0.156,0.022,-0.185,-0.1,-2.66,-101.52,1.024,2.187,2.187,99.8,269,0,2418
865093,1,1,8,1.09,26.03056717,119.19304657,15.7,26.03056145,119.19304657,15.64,-6.659,-0.97,-3.963,0.155,0.021,-0.184,-0.08,-2.7,-101.52,1.024,2.319,2.319,99.8,269,0,2421
865293,1,1,8,1.09,26.03056717,119.19304657,15.7,26.03056145,119.19304657,15.6,-6.628,-0.966,-4.0,0.154,0.02,-0.183,-0.07,-2.71,-101.52,1.024,2.459,2.459,99.8,269,0,2421
865493,1,1,8,1.09,26.03056717,119.19304657,15.7,26.03056145,119.19304657,15.56,-6.597,-0.961,-4.036,0.153,0.02,-0.182,-0.08,-2.72,-101.51,1.024,2.607,2.607,99.8,269,0,2421
865702,1,1,8,1.09,26.03056145,119.19304657,15.4,26.03056145,119.19304657,15.48,-6.697,-1.004,-4.117,0.116,0.007,-0.189,-0.08,-2.72,-101.51,0.311,2.069,2.069,99.8,270,0,2425
865903,1,1,8,1.09,26.03056145,119.19304657,15.4,26.03056145,119.19304657,15.45,-6.674,-1.002,-4.154,0.115,0.007,-0.188,-0.09,-2.73,-101.53,0.311,2.194,2.194,100.2,270,0,2428
866103,1,1,8,1.09,26.03056145,119.19304657,15.4,26.03056145,119.19304657,15.41,-6.651,-1.001,-4.192,0.115,0.006,-0.187,-0.07,-2.72,-101.54,0.311,2.326,2.326,100.2,270,0,2430
866303,1,1,8,1.09,26.03056145,119.19304657,15.4,26.03056145,119.19304657,15.37,-6.628,-1.0,-4.229,0.114,0.006,-0.185,-0.08,-2.72,-101.55,0.311,2.467,2.467,100.2,270,0,2430
866503,1,1,8,1.09,26.03056145,119.19304657,15.4,26.03056145,119.19304657,15.33,-6.605,-0.998,-4.266,0.114,0.007,-0.184,-0.07,-2.71,-101.54,0.311,2.615,2.615,100.2,270,0,2430
866709,1,1,7,2.04,26.03055763,119.19304657,15.1,26.03056145,119.19304657,15.24,-6.634,-1.089,-4.357,0.098,-0.019,-0.193,-0.09,-2.7,-101.54,0.562,2.506,2.506,100.2,271,0,2434
866914,1,1,7,2.04,26.03055763,119.19304657,15.1,26.03056145,119.19304657,15.2,-6.614,-1.093,-4.396,0.097,-0.019,-0.193,-0.09,-2.71,-101.54,0.562,2.657,2.657,100.0,271,0,2437
867123,1,1,7,2.04,26.03055763,119.19304657,15.1,26.03056145,119.19304657,15.16,-6.594,-1.097,-4.437,0.097,-0.019,-0.192,-0.09,-2.72,-101.53,0.562,2.819,2.819,100.0,271,0,2439
867323,1,1,7,2.04,26.03055763,119.19304657,15.1,26.03056145,119.19304657,15.12,-6.574,-1.101,-4.475,0.097,-0.019,-0.191,-0.08,-2.71,-101.53,0.562,2.98,2.98,100.0,271,0,2439
867525,1,1,7,2.04,26.03055763,119.19304657,15.1,26.03056145,119.19304657,15.09,-6.555,-1.105,-4.513,0.096,-0.019,-0.19,-0.07,-2.73,-101.52,0.562,3.15,3.15,100.0,271,0,2440
867733,1,1,7,2.04,26.03055763,119.19304657,14.8,26.03055954,119.19304657,14.98,-6.616,-1.204,-4.624,0.075,-0.043,-0.202,-0.06,-2.72,-101.53,0.499,2.897,2.897,100.0,272,0,2443
867935,1,1,7,2.04,26.03055763,119.19304657,14.8,26.03055954,119.19304657,14.94,-6.601,-1.212,-4.665,0.075,-0.043,-0.201,-0.07,-2.71,-101.52,0.499,3.056,3.056,100.0,272,0,2446
868143,1,1,7,2.04,26.03055763,119.19304657,14.8,26.03055954,119.19304657,14.89,-6.585,-1.221,-4.707,0.074,-0.043,-0.2,-0.06,-2.72,-101.5,0.499,3.227,3.227,100.0,272,0,2448
868344,1,1,7,2.04,26.03055763,119.19304657,14.8,26.03055954,119.19304657,14.85,-6.57,-1.23,-4.747,0.074,-0.042,-0.199,-0.07,-2.71,-101.51,0.499,3.398,3.398,100.0,272,0,2448
868548,1,1,7,2.04,26.03055763,119.19304657,14.8,26.03055954,119.19304657,14.81,-6.555,-1.238,-4.787,0.073,-0.042,-0.198,-0.07,-2.71,-101.51,0.499,3.578,3.578,100.0,272,0,2449
868753,1,1,7,2.04,26.03055763,119.19304657,14.7,26.03055954,119.19304657,14.75,-6.636,-1.32,-4.854,0.05,-0.059,-0.201,-0.08,-2.72,-101.52,0.402,3.169,3.169,100.0,273,0,2452
868953,1,1,7,2.04,26.03055763,119.19304657,14.7,26.03055954,119.19304657,14.71,-6.626,-1.332,-4.894,0.049,-0.059,-0.201,-0.08,-2.71,-101.52,0.402,3.328,3.328,100.0,273,0,2455
869153,1,1,7,2.04,26.03055763,119.19304657,14.7,26.03055954,119.19304657,14.67,-6.617,-1.344,-4.934,0.049,-0.059,-0.2,-0.08,-2.72,-101.51,0.402,3.494,3.494,100.0,273,0,2457
869353,1,1,7,2.04,26.03055763,119.19304657,14.7,26.03055954,119.19304657,14.63,-6.607,-1.355,-4.974,0.049,-0.058,-0.199,-0.07,-2.72,-101.47,0.402,3.665,3.665,100.0,273,0,2457
869554,1,1,7,2.04,26.03055763,119.19304657,14.7,26.03055954,119.19304657,14.59,-6.597,-1.367,-5.014,0.049,-0.058,-0.198,-0.07,-2.71,-101.51,0.402,3.843,3.843,100.0,273,0,2459
869765,1,1,7,2.04,26.03055763,119.19304657,14.4,26.03055763,119.19304657,14.5,-6.677,-1.417,-5.104,0.028,-0.066,-0.205,-0.08,-2.71,-101.52,0.298,3.329,3.329,100.0,274,0,2462
869966,1,1,7,2.04,26.03055763,119.19304657,14.4,26.03055763,119.19304657,14.45,-6.672,-1.43,-5.146,0.028,-0.065,-0.205,-0.08,-2.71,-101.53,0.298,3.487,3.487,100.0,274,0,2465
870173,1,1,7,2.04,26.03055763,119.19304657,14.4,26.03055763,119.19304657,14.41,-6.666,-1.444,-5.188,0.028,-0.065,-0.203,-0.09,-2.7,-101.52,0.298,3.656,3.656,100.0,274,0,2466
870373,1,1,7,2.04,26.03055763,119.19304657,14.4,26.03055763,119.19304657,14.37,-6.66,-1.457,-5.228,0.027,-0.065,-0.202,-0.09,-2.71,-101.52,0.298,3.825,3.825,100.0,274,0,2466
870573,1,1,7,2.04,26.03055382,119.19304657,14.4,26.03055763,119.19304657,14.33,-6.655,-1.469,-5.269,0.027,-0.064,-0.202,-0.09,-2.72,-101.53,0.298,4.0,4.0,100.0,274,0,2468
870775,1,1,7,2.04,26.03055382,119.19304657,14.2,26.03055573,119.19304657,14.26,-6.724,-1.634,-5.344,0.011,-0.097,-0.205,-0.1,-2.72,-101.53,0.488,3.411,3.411,100.0,275,0,2471
870983,1,1,7,2.04,26.03055382,119.19304657,14.2,26.03055573,119.19304657,14.21,-6.721,-1.654,-5.387,0.011,-0.096,-0.205,-0.1,-2.72,-101.54,0.488,3.572,3.572,100.0,275,0,2474
871183,1,1,7,2.04,26.03055382,119.19304657,14.2,26.03055573,119.19304657,14.17,-6.719,-1.673,-5.427,0.011,-0.095,-0.204,-0.1,-2.71,-101.56,0.488,3.732,3.732,100.0,275,0,2475
871383,1,1,7,2.04,26.03055382,119.19304657,14.2,26.03055573,119.19304657,14.13,-6.717,-1.692,-5.468,0.011,-0.095,-0.204,-0.1,-2.71,-101.54,0.488,3.899,3.899,100.0,275,0,2475
871583,1,1,7,2.04,26.03055382,119.19304657,14.2,26.03055573,119.19304657,14.09,-6.715,-1.711,-5.509,0.011,-0.094,-0.202,-0.1,-2.73,-101.51,0.488,4.071,4.071,100.0,275,0,2477
871783,1,1,7,2.04,26.03055382,119.19304657,14.0,26.03055573,119.19304657,14.03,-6.767,-1.799,-5.573,0.0,-0.108,-0.205,-0.09,-2.73,-101.51,0.249,3.449,3.449,100.0,276,0,2480
871983,1,1,7,2.04,26.03055382,119.19304657,14.0,26.03055382,119.19304657,13.99,-6.767,-1.82,-5.614,0.0,-0.108,-0.205,-0.08,-2.72,-101.55,0.249,3.601,3.601,99.8,276,0,2483
872183,1,1,7,2.04,26.03055382,119.19304657,14.0,26.03055382,119.19304657,13.95,-6.767,-1.842,-5.655,0.0,-0.107,-0.204,-0.08,-2.71,-101.57,0.249,3.759,3.759,99.8,276,0,2484
872383,1,1,7,2.04,26.03055382,119.19304657,14.0,26.03055382,119.19304657,13.9,-6.767,-1.863,-5.696,0.0,-0.106,-0.203,-0.09,-2.71,-101.54,0.249,3.924,3.924,99.8,276,0,2484
872583,1,1,7,2.04,26.03054619,119.19306946,14.0,26.03055382,119.19304657,13.86,-6.767,-1.884,-5.736,0.0,-0.106,-0.202,-0.08,-2.71,-101.53,0.249,4.094,4.094,99.8,276,0,2486
872783,1,1,7,2.04,26.03054619,119.19306946,13.9,26.03055191,119.1930542,13.84,-5.99,-2.215,-5.763,0.159,-0.169,-0.199,-0.08,-2.73,-101.54,2.355,3.459,3.459,99.8,277,0,2489
872983,1,1,7,2.04,26.03054619,119.19306946,13.9,26.03055,119.1930542,13.8,-5.958,-2.248,-5.803,0.158,-0.168,-0.199,-0.09,-2.73,-101.55,2.355,3.609,3.609,100.2,277,0,2492
873183,1,1,7,2.04,26.03054619,119.19306946,13.9,26.03055,119.1930542,13.76,-5.927,-2.282,-5.842,0.157,-0.167,-0.198,-0.1,-2.72,-101.52,2.355,3.766,3.766,100.2,277,0,2493
873383,1,1,7,2.04,26.03054619,119.19306946,13.9,26.03055,119.1930542,13.72,-5.895,-2.315,-5.882,0.156,-0.166,-0.197,-0.1,-2.72,-101.52,2.355,3.929,3.929,100.2,277,0,2493
873583,1,1,7,2.04,26.03054619,119.19306946,13.9,26.03055,119.1930542,13.68,-5.864,-2.348,-5.921,0.156,-0.165,-0.196,-0.09,-2.73,-101.52,2.355,4.099,4.099,100.2,277,0,2495
873783,1,1,8,2.04,26.03054619,119.19306946,13.8,26.0305481,119.19306183,13.68,-5.379,-2.525,-5.922,0.247,-0.193,-0.189,-0.09,-2.72,-101.53,1.341,3.462,3.462,100.2,278,0,2498
873985,1,1,8,2.04,26.03054619,119.19306946,13.8,26.0305481,119.19306183,13.64,-5.329,-2.564,-5.96,0.245,-0.192,-0.188,-0.1,-2.71,-101.52,1.341,3.613,3.613,100.0,278,0,2501
874194,1,1,8,2.04,26.03054619,119.19306946,13.8,26.0305481,119.19306183,13.6,-5.278,-2.604,-5.999,0.244,-0.191,-0.187,-0.09,-2.71,-101.54,1.341,3.777,3.777,100.0,278,0,2502
874394,1,1,8,2.04,26.03054619,119.19306946,13.8,26.0305481,119.19306183,13.56,-5.229,-2.642,-6.037,0.243,-0.19,-0.186,-0.09,-2.71,-101.54,1.341,3.94,3.94,100.0,278,0,2502
874595,1,1,8,2.04,26.03054237,119.19306946,13.8,26.03054619,119.19306183,13.53,-5.181,-2.68,-6.074,0.242,-0.189,-0.185,-0.09,-2.72,-101.52,1.341,4.111,4.111,100.0,278,0,2504
874803,1,1,8,2.04,26.03054237,119.19306946,13.6,26.03054428,119.19306946,13.51,-4.919,-2.897,-6.088,0.283,-0.224,-0.181,-0.1,-2.71,-101.54,0.773,3.476,3.476,100.0,279,0,2507
875003,1,1,8,2.04,26.03054237,119.19306946,13.6,26.03054428,119.19306946,13.48,-4.862,-2.942,-6.124,0.282,-0.223,-0.179,-0.1,-2.72,-101.54,0.773,3.627,3.627,100.0,279,0,2510
875203,1,1,8,2.04,26.03054237,119.19306946,13.6,26.03054428,119.19306946,13.44,-4.806,-2.986,-6.16,0.28,-0.222,-0.178,-0.1,-2.73,-101.52,0.773,3.784,3.784,100.0,279,0,2511
875403,1,1,8,2.04,26.03054237,119.19306946,13.6,26.03054428,119.19306946,13.4,-4.75,-3.031,-6.196,0.279,-0.221,-0.177,-0.1,-2.73,-101.5,0.773,3.948,3.948,100.0,279,0,2511
875603,1,1,8,2.04,26.03054237,119.19306946,13.6,26.03054428,119.19306946,13.37,-4.695,-3.075,-6.231,0.278,-0.22,-0.177,-0.1,-2.73,-101.48,0.773,4.118,4.118,100.0,279,0,2513
875803,1,1,8,2.04,26.03054237,119.19306946,13.4,26.03054237,119.19306946,13.34,-4.601,-3.155,-6.255,0.284,-0.226,-0.174,-0.1,-2.73,-101.49,0.148,3.476,3.476,100.0,280,0,2516
876003,1,1,8,2.04,26.03054237,119.19306946,13.4,26.03054237,119.19306946,13.31,-4.544,-3.2,-6.29,0.283,-0.225,-0.173,-0.11,-2.72,-101.49,0.148,3.627,3.627,100.0,280,0,2519
876203,1,1,8,2.04,26.03054237,119.19306946,13.4,26.03054237,119.19306946,13.28,-4.488,-3.245,-6.325,0.281,-0.224,-0.173,-0.11,-2.73,-101.49,0.148,3.785,3.785,100.0,280,0,2520
876403,1,1,8,2.04,26.03054237,119.19306946,13.4,26.03054237,119.19306946,13.24,-4.432,-3.29,-6.359,0.28,-0.223,-0.172,-0.1,-2.73,-101.51,0.148,3.949,3.949,100.0,280,0,2520
876603,1,1,8,2.04,26.03054237,119.19306946,13.4,26.03054047,119.19306946,13.21,-4.376,-3.334,-6.393,0.279,-0.222,-0.17,-0.09,-2.72,-101.53,0.148,4.12,4.12,100.0,280,0,2522
876804,1,1,8,2.04,26.03054237,119.19306946,13.3,26.03054047,119.19306946,13.2,-4.395,-3.323,-6.399,0.263,-0.21,-0.165,-0.09,-2.72,-101.54,0.262,3.48,3.48,100.0,281,0,2525
877013,1,1,8,2.04,26.03054237,119.19306946,13.3,26.03054047,119.19306946,13.17,-4.34,-3.367,-6.433,0.261,-0.208,-0.164,-0.08,-2.71,-101.54,0.262,3.638,3.638,99.9,281,0,2529
877213,1,1,8,2.04,26.03054237,119.19306946,13.3,26.03054047,119.19306946,13.13,-4.288,-3.409,-6.466,0.26,-0.207,-0.163,-0.09,-2.72,-101.54,0.262,3.797,3.797,99.9,281,0,2529
877413,1,1,8,2.04,26.03054237,119.19306946,13.3,26.03054047,119.19306946,13.1,-4.236,-3.45,-6.498,0.258,-0.207,-0.162,-0.1,-2.74,-101.52,0.262,3.963,3.963,99.9,281,0,2529
877613,1,1,8,2.04,26.03054237,119.19306946,13.3,26.03054047,119.19307709,13.07,-4.185,-3.491,-6.53,0.257,-0.206,-0.161,-0.1,-2.74,-101.51,0.262,4.135,4.135,99.9,281,0,2531
877813,1,1,8,2.04,26.03054237,119.19306946,13.2,26.03054047,119.19306946,13.08,-4.277,-3.421,-6.523,0.227,-0.182,-0.154,-0.1,-2.75,-101.49,0.506,3.489,3.489,99.9,282,0,2534
878013,1,1,8,2.04,26.03054237,119.19306946,13.2,26.03054047,119.19306946,13.05,-4.232,-3.457,-6.554,0.226,-0.181,-0.153,-0.1,-2.75,-101.49,0.506,3.642,3.642,100.0,282,0,2538
878213,1,1,8,2.04,26.03054237,119.19306946,13.2,26.03054047,119.19307709,13.02,-4.187,-3.493,-6.584,0.224,-0.18,-0.152,-0.11,-2.74,-101.48,0.506,3.801,3.801,100.0,282,0,2538
878413,1,1,8,2.04,26.03054237,119.19306946,13.2,26.03053856,119.19307709,12.99,-4.142,-3.529,-6.614,0.223,-0.179,-0.151,-0.11,-2.73,-101.49,0.506,3.967,3.967,100.0,282,0,2538
878613,1,1,8,2.04,26.03053856,119.19306946,13.2,26.03053856,119.19307709,12.96,-4.097,-3.565,-6.645,0.223,-0.178,-0.151,-0.09,-2.72,-101.51,0.506,4.139,4.139,100.0,282,0,2540
878813,1,1,8,2.04,26.03053856,119.19306946,13.1,26.03053856,119.19306946,12.97,-4.227,-3.615,-6.631,0.186,-0.18,-0.143,-0.08,-2.73,-101.49,0.488,3.492,3.492,100.0,283,0,2543
879013,1,1,8,2.04,26.03053856,119.19306946,13.1,26.03053856,119.19307709,12.94,-4.19,-3.651,-6.66,0.185,-0.179,-0.142,-0.08,-2.72,-101.48,0.488,3.645,3.645,99.9,283,0,2547
879213,1,1,8,2.04,26.03053856,119.19306946,13.1,26.03053856,119.19307709,12.91,-4.153,-3.687,-6.688,0.185,-0.178,-0.141,-0.08,-2.71,-101.47,0.488,3.805,3.805,99.9,283,0,2547
879413,1,1,8,2.04,26.03053856,119.19306946,13.1,26.03053665,119.19307709,12.88,-4.116,-3.722,-6.716,0.184,-0.178,-0.141,-0.05,-2.76,-101.48,0.488,3.971,3.971,99.9,283,0,2547
879614,1,1,8,2.04,26.03053474,119.19306946,13.1,26.03053665,119.19307709,12.86,-4.079,-3.758,-6.744,0.183,-0.177,-0.14,-0.06,-2.74,-101.51,0.488,4.145,4.145,99.9,283,0,2549
879823,1,1,8,2.04,26.03053474,119.19306946,13.0,26.03053665,119.19306946,12.87,-4.223,-3.893,-6.73,0.145,-0.196,-0.132,-0.07,-2.73,-101.51,0.572,3.502,3.502,99.9,284,0,2552
880023,1,1,8,2.04,26.03053474,119.19306946,13.0,26.03053474,119.19307709,12.84,-4.194,-3.932,-6.756,0.144,-0.194,-0.131,-0.08,-2.74,-101.5,0.572,3.656,3.656,100.2,284,0,2556
880223,1,1,8,2.04,26.03053474,119.19306946,13.0,26.03053474,119.19307709,12.82,-4.165,-3.971,-6.782,0.144,-0.193,-0.13,-0.08,-2.72,-101.51,0.572,3.816,3.816,100.2,284,0,2556
880423,1,1,8,2.04,26.03053474,119.19306946,13.0,26.03053474,119.19307709,12.79,-4.136,-4.009,-6.808,0.143,-0.192,-0.129,-0.08,-2.72,-101.5,0.572,3.983,3.983,100.2,284,0,2556
880623,1,1,8,2.04,26.03053474,119.19308472,13.0,26.03053474,119.19307709,12.77,-4.108,-4.048,-6.834,0.143,-0.191,-0.128,-0.08,-2.72,-101.51,0.572,4.156,4.156,100.2,284,0,2558
880823,1,1,8,2.04,26.03053474,119.19308472,12.7,26.03053474,119.19307709,12.72,-3.699,-4.08,-6.878,0.219,-0.189,-0.131,-0.08,-2.71,-101.48,1.052,3.502,3.502,100.2,285,0,2561
881026,1,1,8,2.04,26.03053474,119.19308472,12.7,26.03053474,119.19307709,12.7,-3.655,-4.118,-6.905,0.218,-0.188,-0.13,-0.09,-2.72,-101.48,1.052,3.657,3.657,100.0,285,0,2565
881233,1,1,8,2.04,26.03053474,119.19308472,12.7,26.03053284,119.19307709,12.67,-3.61,-4.157,-6.932,0.217,-0.187,-0.13,-0.1,-2.72,-101.48,1.052,3.823,3.823,100.0,285,0,2565
881433,1,1,8,2.04,26.03053474,119.19308472,12.7,26.03053284,119.19307709,12.64,-3.566,-4.194,-6.958,0.215,-0.186,-0.129,-0.11,-2.72,-101.49,1.052,3.99,3.99,100.0,285,0,2565
881633,1,1,8,2.04,26.03053474,119.19308472,12.7,26.03053284,119.19308472,12.64,-3.36,-4.163,-6.959,0.249,-0.171,-0.124,-0.1,-2.72,-101.51,0.51,3.365,3.365,100.0,286,0,2568
881833,1,1,8,2.04,26.03053474,119.19308472,12.7,26.03053284,119.19308472,12.62,-3.31,-4.197,-6.984,0.248,-0.17,-0.123,-0.1,-2.72,-101.51,0.51,3.511,3.511,100.0,286,0,2571
882033,1,1,8,2.04,26.03053474,119.19308472,12.7,26.03053284,119.19308472,12.59,-3.261,-4.231,-7.009,0.247,-0.169,-0.123,-0.09,-2.7,-101.53,0.51,3.665,3.665,100.0,286,0,2574
882233,1,1,8,2.04,26.03053474,119.19308472,12.7,26.03053284,119.19308472,12.57,-3.211,-4.265,-7.033,0.246,-0.169,-0.122,-0.08,-2.69,-101.56,0.51,3.826,3.826,100.0,286,0,2574
882433,1,1,8,2.04,26.03053474,119.19308472,12.7,26.03053284,119.19308472,12.54,-3.162,-4.298,-7.057,0.245,-0.168,-0.121,-0.06,-2.7,-101.54,0.51,3.993,3.993,100.0,286,0,2574
882633,1,1,8,2.04,26.03052902,119.19308472,12.6,26.03053093,119.19308472,12.54,-3.092,-4.45,-7.058,0.249,-0.192,-0.117,-0.06,-2.69,-101.51,0.345,3.366,3.366,100.0,287,0,2577
882835,1,1,8,2.04,26.03052902,119.19308472,12.6,26.03053093,119.19308472,12.52,-3.042,-4.488,-7.082,0.248,-0.191,-0.118,-0.03,-2.71,-101.49,0.345,3.515,3.515,100.0,287,0,2580
883038,1,1,8,2.04,26.03052902,119.19308472,12.6,26.03053093,119.19308472,12.49,-2.992,-4.527,-7.106,0.246,-0.19,-0.117,-0.04,-2.7,-101.5,0.345,3.671,3.671,100.0,287,0,2583
883243,1,1,8,2.04,26.03052902,119.19308472,12.6,26.03052902,119.19308472,12.47,-2.942,-4.566,-7.13,0.245,-0.188,-0.116,-0.06,-2.72,-101.5,0.345,3.836,3.836,100.0,287,0,2583
883443,1,1,8,2.04,26.03052902,119.19308472,12.6,26.03052902,119.19308472,12.45,-2.893,-4.603,-7.153,0.243,-0.188,-0.115,-0.07,-2.73,-101.48,0.345,4.004,4.004,100.0,287,0,2583
883661,1,1,8,2.04,26.03052902,119.19308472,12.6,26.03052902,119.19308472,12.47,-2.912,-4.655,-7.127,0.226,-0.189,-0.106,-0.08,-2.72,-101.49,0.209,3.387,3.387,100.0,288,0,2586
883863,1,1,8,2.04,26.03052902,119.19308472,12.6,26.03052902,119.19308472,12.45,-2.867,-4.693,-7.148,0.225,-0.188,-0.105,-0.08,-2.7,-101.52,0.209,3.537,3.537,100.0,288,0,2589
884063,1,1,8,2.04,26.03052902,119.19308472,12.6,26.03052902,119.19308472,12.43,-2.822,-4.731,-7.17,0.224,-0.187,-0.105,-0.08,-2.7,-101.53,0.209,3.692,3.692,99.0,288,0,2592
884264,1,1,8,2.04,26.03052902,119.19308472,12.6,26.03052902,119.19308472,12.41,-2.777,-4.768,-7.191,0.224,-0.186,-0.105,-0.07,-2.7,-101.53,0.209,3.854,3.854,99.0,288,0,2592
884473,1,1,8,2.04,26.03052902,119.19308472,12.6,26.03052711,119.19308472,12.39,-2.73,-4.807,-7.212,0.222,-0.185,-0.105,-0.06,-2.71,-101.52,0.209,4.031,4.031,99.0,288,0,2592
884678,1,1,8,2.04,26.03052902,119.19308472,12.5,26.03052711,119.19308472,12.4,-2.81,-4.787,-7.196,0.195,-0.172,-0.098,-0.06,-2.71,-101.51,0.394,3.401,3.401,99.0,289,0,2595
884883,1,1,8,2.04,26.03052902,119.19308472,12.5,26.03052711,119.19308472,12.38,-2.77,-4.822,-7.217,0.194,-0.171,-0.098,-0.05,-2.71,-101.51,0.394,3.553,3.553,99.0,289,0,2598
885083,1,1,8,2.04,26.03052902,119.19308472,12.5,26.03052711,119.19308472,12.36,-2.732,-4.856,-7.236,0.193,-0.17,-0.097,-0.05,-2.71,-101.52,0.394,3.709,3.709,100.0,289,0,2601
885283,1,1,8,2.04,26.03052902,119.19308472,12.5,26.03052711,119.19308472,12.34,-2.693,-4.89,-7.256,0.192,-0.169,-0.097,-0.05,-2.71,-101.52,0.394,3.871,3.871,100.0,289,0,2601
885483,1,1,8,2.04,26.03052902,119.19308472,12.5,26.03052711,119.19309235,12.32,-2.655,-4.923,-7.275,0.191,-0.168,-0.097,-0.06,-2.7,-101.54,0.394,4.041,4.041,100.0,289,0,2601
885686,1,1,8,2.04,26.03053474,119.19308472,12.6,26.03052902,119.19308472,12.39,-2.766,-4.636,-7.211,0.159,-0.1,-0.082,-0.06,-2.7,-101.55,1.009,3.407,3.407,100.0,290,0,2604
885893,1,1,8,2.04,26.03053474,119.19308472,12.6,26.03052902,119.19308472,12.37,-2.733,-4.657,-7.227,0.158,-0.1,-0.082,-0.05,-2.72,-101.53,1.009,3.561,3.561,100.0,290,0,2607
886093,1,1,8,2.04,26.03053474,119.19308472,12.6,26.03052902,119.19308472,12.36,-2.702,-4.676,-7.244,0.157,-0.099,-0.082,-0.05,-2.72,-101.52,1.009,3.718,3.718,100.0,290,0,2610
886293,1,1,8,2.04,26.03053474,119.19308472,12.6,26.03052902,119.19309235,12.34,-2.67,-4.696,-7.26,0.156,-0.099,-0.082,-0.07,-2.73,-101.52,1.009,3.881,3.881,100.0,290,0,2610
886493,1,1,8,2.04,26.03053474,119.19308472,12.6,26.03052902,119.19309235,12.32,-2.639,-4.716,-7.276,0.155,-0.099,-0.081,-0.07,-2.73,-101.53,1.009,4.05,4.05,100.0,290,0,2610
886701,1,1,8,2.04,26.03053474,119.19308472,12.7,26.03053093,119.19308472,12.42,-2.761,-4.491,-7.18,0.122,-0.047,-0.062,-0.06,-2.73,-101.54,0.82,3.419,3.419,100.0,291,0,2614
886903,1,1,8,2.04,26.03053474,119.19308472,12.7,26.03053093,119.19308472,12.41,-2.736,-4.5,-7.193,0.122,-0.047,-0.062,-0.07,-2.73,-101.52,0.82,3.57,3.57,100.0,291,0,2617
887103,1,1,8,2.04,26.03053474,119.19308472,12.7,26.03053093,119.19308472,12.39,-2.712,-4.51,-7.205,0.121,-0.047,-0.062,-0.07,-2.73,-101.51,0.82,3.726,3.726,100.0,291,0,2619
887303,1,1,8,2.04,26.03053474,119.19308472,12.7,26.03053093,119.19308472,12.38,-2.688,-4.519,-7.217,0.121,-0.046,-0.062,-0.07,-2.72,-101.51,0.82,3.89,3.89,100.0,291,0,2619
887503,1,1,8,2.04,26.03053474,119.19308472,12.7,26.03053093,119.19309235,12.37,-2.664,-4.528,-7.23,0.12,-0.046,-0.062,-0.08,-2.73,-101.52,0.82,4.06,4.06,100.0,291,0,2619
887703,1,1,8,2.04,26.03053474,119.19308472,12.8,26.03053093,119.19308472,12.49,-2.783,-4.361,-7.114,0.089,-0.009,-0.041,-0.08,-2.72,-101.52,0.643,3.421,3.421,100.0,292,0,2623
887903,1,1,8,2.04,26.03053474,119.19308472,12.8,26.03053093,119.19308472,12.48,-2.765,-4.363,-7.123,0.089,-0.009,-0.04,-0.09,-2.72,-101.5,0.643,3.57,3.57,100.0,292,0,2626
888103,1,1,8,2.04,26.03053474,119.19308472,12.8,26.03053093,119.19308472,12.47,-2.747,-4.364,-7.131,0.088,-0.009,-0.04,-0.07,-2.73,-101.51,0.643,3.727,3.727,100.0,292,0,2628
888303,1,1,8,2.04,26.03053474,119.19308472,12.8,26.03053093,119.19308472,12.46,-2.73,-4.366,-7.139,0.088,-0.009,-0.04,-0.09,-2.73,-101.52,0.643,3.89,3.89,100.0,292,0,2628
888503,1,1,8,2.04,26.03053474,119.19308472,12.8,26.03053093,119.19308472,12.45,-2.712,-4.368,-7.146,0.087,-0.009,-0.039,-0.09,-2.73,-101.53,0.643,4.06,4.06,100.0,292,0,2628
888708,1,1,8,2.04,26.03053856,119.19308472,12.9,26.03053474,119.19308472,12.58,-2.819,-4.101,-7.023,0.061,0.047,-0.017,-0.09,-2.74,-101.56,0.837,3.422,3.422,100.0,293,0,2632
888913,1,1,8,2.04,26.03053856,119.19308472,12.9,26.03053474,119.19308472,12.57,-2.807,-4.091,-7.026,0.061,0.047,-0.017,-0.08,-2.72,-101.55,0.837,3.575,3.575,100.0,293,0,2634
889113,1,1,8,2.04,26.03053856,119.19308472,12.9,26.03053474,119.19308472,12.57,-2.794,-4.082,-7.03,0.06,0.047,-0.018,-0.09,-2.73,-101.55,0.837,3.732,3.732,100.0,293,0,2637
889313,1,1,8,2.04,26.03053856,119.19308472,12.9,26.03053474,119.19308472,12.57,-2.782,-4.072,-7.033,0.06,0.047,-0.018,-0.09,-2.73,-101.56,0.837,3.896,3.896,100.0,293,0,2637
889513,1,1,8,2.04,26.03053856,119.19308472,12.9,26.03053474,119.19308472,12.56,-2.77,-4.063,-7.037,0.06,0.047,-0.017,-0.09,-2.72,-101.54,0.837,4.066,4.066,100.0,293,0,2637
889716,1,1,8,2.03,26.03054237,119.19308472,12.9,26.03053665,119.19308472,12.66,-2.861,-3.743,-6.941,0.038,0.111,-0.001,-0.09,-2.72,-101.56,0.919,3.423,3.423,100.0,294,0,2641
889923,1,1,8,2.03,26.03054237,119.19308472,12.9,26.03053665,119.19308472,12.66,-2.854,-3.72,-6.941,0.038,0.11,-0.001,-0.08,-2.73,-101.56,0.919,3.578,3.578,100.0,294,0,2644
890123,1,1,8,2.03,26.03054237,119.19308472,12.9,26.03053856,119.19308472,12.66,-2.846,-3.698,-6.941,0.038,0.11,-0.001,-0.08,-2.72,-101.6,0.919,3.735,3.735,100.0,294,0,2646
890323,1,1,8,2.03,26.03054237,119.19308472,12.9,26.03053856,119.19308472,12.66,-2.838,-3.676,-6.941,0.037,0.109,-0.0,-0.09,-2.72,-101.6,0.919,3.899,3.899,100.0,294,0,2646
890524,1,1,8,2.03,26.03054237,119.19308472,12.9,26.03053856,119.19308472,12.66,-2.831,-3.654,-6.941,0.037,0.109,-0.0,-0.09,-2.72,-101.61,0.919,4.071,4.071,100.0,294,0,2647
890727,1,1,8,2.03,26.03054237,119.19308472,13.0,26.03054047,119.19308472,12.76,-2.904,-3.469,-6.841,0.02,0.142,0.017,-0.08,-2.73,-101.6,0.51,3.428,3.428,100.0,295,0,2650
890927,1,1,8,2.03,26.03054237,119.19308472,13.0,26.03054047,119.19308472,12.76,-2.9,-3.441,-6.837,0.02,0.141,0.016,-0.08,-2.74,-101.61,0.51,3.578,3.578,100.0,295,0,2653
891133,1,1,8,2.03,26.03054237,119.19308472,13.0,26.03054047,119.19308472,12.77,-2.896,-3.412,-6.834,0.02,0.14,0.016,-0.09,-2.74,-101.6,0.51,3.741,3.741,100.0,295,0,2655
891333,1,1,8,2.03,26.03054237,119.19308472,13.0,26.03054047,119.19308472,12.77,-2.892,-3.384,-6.831,0.02,0.14,0.016,-0.08,-2.73,-101.56,0.51,3.905,3.905,100.0,295,0,2655
891535,1,1,8,2.03,26.03054237,119.19308472,13.0,26.03054047,119.19308472,12.77,-2.888,-3.356,-6.828,0.02,0.139,0.016,-0.08,-2.73,-101.56,0.51,4.078,4.078,100.0,295,0,2656
891743,1,1,8,2.03,26.03054237,119.19308472,13.1,26.03054237,119.19308472,12.87,-2.943,-3.271,-6.728,0.007,0.15,0.032,-0.07,-2.73,-101.53,0.229,3.439,3.439,100.0,296,0,2659
891943,1,1,8,2.03,26.03054237,119.19308472,13.1,26.03054237,119.19308472,12.88,-2.942,-3.241,-6.722,0.008,0.149,0.032,-0.07,-2.72,-101.52,0.229,3.59,3.59,101.0,296,0,2662
892143,1,1,8,2.03,26.03054237,119.19308472,13.1,26.03054237,119.19308472,12.88,-2.94,-3.211,-6.715,0.008,0.148,0.031,-0.06,-2.73,-101.5,0.229,3.748,3.748,101.0,296,0,2664
892343,1,1,8,2.03,26.03054237,119.19308472,13.1,26.03054237,119.19308472,12.89,-2.939,-3.181,-6.709,0.008,0.148,0.031,-0.07,-2.73,-101.48,0.229,3.912,3.912,101.0,296,0,2664
892543,1,1,8,2.03,26.03054619,119.19308472,13.1,26.03054237,119.19308472,12.9,-2.937,-3.152,-6.703,0.008,0.147,0.031,-0.07,-2.72,-101.48,0.229,4.084,4.084,101.0,296,0,2665
892743,1,1,8,2.03,26.03054619,119.19308472,13.3,26.03054428,119.19308472,13.02,-2.977,-2.987,-6.579,-0.001,0.175,0.05,-0.08,-2.72,-101.47,0.396,3.438,3.438,101.0,297,0,2668
892943,1,1,8,2.03,26.03054619,119.19308472,13.3,26.03054428,119.19308472,13.03,-2.978,-2.952,-6.569,-0.001,0.174,0.048,-0.08,-2.73,-101.47,0.396,3.589,3.589,100.0,297,0,2671
893143,1,1,8,2.03,26.03054619,119.19308472,13.3,26.03054428,119.19308472,13.04,-2.978,-2.918,-6.56,-0.001,0.173,0.048,-0.05,-2.73,-101.47,0.396,3.747,3.747,100.0,297,0,2673
893343,1,1,8,2.03,26.03054619,119.19308472,13.3,26.03054428,119.19308472,13.05,-2.978,-2.883,-6.55,-0.001,0.172,0.047,-0.05,-2.73,-101.46,0.396,3.912,3.912,100.0,297,0,2673
893545,1,1,8,2.03,26.03055,119.19308472,13.3,26.03054619,119.19308472,13.06,-2.978,-2.849,-6.54,-0.001,0.172,0.047,-0.07,-2.73,-101.45,0.396,4.086,4.086,100.0,297,0,2674
893753,1,1,8,2.03,26.03055,119.19308472,13.4,26.0305481,119.19308472,13.17,-3.005,-2.635,-6.431,-0.007,0.208,0.064,-0.09,-2.72,-101.44,0.503,3.446,3.446,100.0,298,0,2677
893953,1,1,8,2.03,26.03055,119.19308472,13.4,26.0305481,119.19308472,13.18,-3.006,-2.593,-6.419,-0.007,0.206,0.063,-0.09,-2.72,-101.47,0.503,3.597,3.597,99.9,298,0,2680
894153,1,1,8,2.03,26.03055,119.19308472,13.4,26.0305481,119.19308472,13.19,-3.008,-2.552,-6.406,-0.007,0.205,0.063,-0.09,-2.74,-101.45,0.503,3.756,3.756,99.9,298,0,2682
894353,1,1,8,2.03,26.03055,119.19308472,13.4,26.0305481,119.19308472,13.21,-3.009,-2.511,-6.394,-0.007,0.204,0.062,-0.08,-2.73,-101.44,0.503,3.921,3.921,99.9,298,0,2682
894553,1,1,8,2.03,26.03055382,119.19308472,13.4,26.0305481,119.19308472,13.22,-3.01,-2.47,-6.381,-0.007,0.203,0.062,-0.07,-2.73,-101.47,0.503,4.093,4.093,99.9,298,0,2684
894756,1,1,8,2.03,26.03055382,119.19308472,13.5,26.03055,119.19308472,13.31,-3.027,-2.235,-6.287,-0.009,0.242,0.074,-0.06,-2.73,-101.47,0.545,3.448,3.448,99.9,299,0,2686
894963,1,1,8,2.03,26.03055382,119.19308472,13.5,26.03055191,119.19308472,13.33,-3.029,-2.185,-6.272,-0.009,0.24,0.074,-0.05,-2.75,-101.45,0.545,3.605,3.605,99.9,299,0,2690
895163,1,1,8,2.03,26.03055382,119.19308472,13.5,26.03055191,119.19308472,13.34,-3.03,-2.137,-6.257,-0.009,0.239,0.073,-0.05,-2.75,-101.45,0.545,3.764,3.764,99.9,299,0,2691
895363,1,1,8,2.03,26.03055382,119.19308472,13.5,26.03055191,119.19308472,13.36,-3.032,-2.089,-6.242,-0.009,0.238,0.073,-0.04,-2.75,-101.47,0.545,3.93,3.93,99.9,299,0,2691
895563,1,1,8,2.03,26.03055382,119.19308472,13.5,26.03055191,119.19308472,13.37,-3.034,-2.041,-6.228,-0.01,0.237,0.072,-0.06,-2.74,-101.46,0.545,4.102,4.102,99.9,299,0,2693
895763,1,1,8,2.03,26.03055382,119.19308472,13.6,26.03055382,119.19308472,13.45,-3.042,-1.953,-6.148,-0.011,0.245,0.082,-0.07,-2.73,-101.47,0.115,3.454,3.454,99.9,300,0,2696
895963,1,1,8,2.03,26.03055382,119.19308472,13.6,26.03055382,119.19308472,13.47,-3.045,-1.904,-6.131,-0.011,0.243,0.083,-0.07,-2.73,-101.46,0.115,3.606,3.606,100.2,300,0,2699
896163,1,1,8,2.03,26.03055382,119.19308472,13.6,26.03055382,119.19308472,13.49,-3.047,-1.856,-6.115,-0.011,0.242,0.082,-0.07,-2.72,-101.46,0.115,3.765,3.765,100.2,300,0,2700
896363,1,1,8,2.03,26.03055382,119.19308472,13.6,26.03055382,119.19308472,13.5,-3.049,-1.807,-6.098,-0.01,0.241,0.082,-0.07,-2.72,-101.47,0.115,3.931,3.931,100.2,300,0,2700
896563,1,1,8,2.03,26.03055763,119.19308472,13.6,26.03055573,119.19308472,13.52,-3.051,-1.759,-6.082,-0.01,0.24,0.081,-0.06,-2.71,-101.48,0.115,4.103,4.103,100.2,300,0,2702
896763,1,1,8,2.03,26.03055763,119.19308472,13.6,26.03055573,119.19308472,13.56,-3.053,-1.619,-6.043,-0.01,0.258,0.085,-0.06,-2.71,-101.49,0.256,3.454,3.454,100.2,301,0,2705
896965,1,1,8,2.03,26.03055763,119.19308472,13.6,26.03055763,119.19308472,13.57,-3.055,-1.567,-6.026,-0.01,0.257,0.084,-0.07,-2.71,-101.49,0.256,3.608,3.608,100.0,301,0,2708
897173,1,1,8,2.03,26.03055763,119.19308472,13.6,26.03055763,119.19308472,13.59,-3.058,-1.514,-6.009,-0.011,0.255,0.085,-0.07,-2.7,-101.5,0.256,3.773,3.773,100.0,301,0,2709
897373,1,1,8,2.03,26.03055763,119.19308472,13.6,26.03055763,119.19308472,13.61,-3.06,-1.463,-5.992,-0.011,0.254,0.084,-0.08,-2.7,-101.49,0.256,3.94,3.94,100.0,301,0,2709
897575,1,1,8,2.03,26.03055763,119.19308472,13.6,26.03055763,119.19308472,13.63,-3.062,-1.412,-5.975,-0.011,0.253,0.083,-0.08,-2.7,-101.5,0.256,4.114,4.114,100.0,301,0,2711
897783,1,1,8,2.03,26.03055763,119.19308472,13.7,26.03055763,119.19308472,13.66,-3.061,-1.392,-5.937,-0.01,0.245,0.086,-0.1,-2.7,-101.49,0.09,3.469,3.469,100.0,302,0,2714
897983,1,1,8,2.03,26.03055763,119.19308472,13.7,26.03055954,119.19308472,13.68,-3.063,-1.343,-5.92,-0.01,0.244,0.086,-0.09,-2.71,-101.49,0.09,3.622,3.622,100.0,302,0,2717
898183,1,1,8,2.03,26.03055763,119.19308472,13.7,26.03055954,119.19308472,13.7,-3.064,-1.294,-5.903,-0.01,0.243,0.085,-0.09,-2.71,-101.49,0.09,3.782,3.782,100.0,302,0,2718
898383,1,1,8,2.03,26.03055763,119.19308472,13.7,26.03055954,119.19308472,13.71,-3.066,-1.246,-5.886,-0.009,0.241,0.085,-0.08,-2.73,-101.47,0.09,3.948,3.948,100.0,302,0,2718
898583,1,1,8,2.03,26.03056717,119.19308472,13.7,26.03055954,119.19308472,13.73,-3.068,-1.198,-5.869,-0.009,0.24,0.084,-0.08,-2.72,-101.47,0.09,4.121,4.121,100.0,302,0,2720
898787,1,1,8,2.03,26.03056717,119.19308472,13.8,26.03056335,119.19308472,13.77,-3.064,-0.874,-5.832,-0.008,0.295,0.087,-0.1,-2.71,-101.46,0.762,3.474,3.474,100.0,303,0,2723
898993,1,1,8,2.03,26.03056717,119.19308472,13.8,26.03056335,119.19308472,13.79,-3.066,-0.813,-5.815,-0.008,0.294,0.086,-0.09,-2.7,-101.46,0.762,3.631,3.631,100.0,303,0,2726
899193,1,1,8,2.03,26.03056717,119.19308472,13.8,26.03056335,119.19308472,13.8,-3.068,-0.755,-5.797,-0.008,0.292,0.085,-0.09,-2.69,-101.47,0.762,3.791,3.791,100.0,303,0,2727
899393,1,1,8,2.03,26.03056717,119.19308472,13.8,26.03056526,119.19308472,13.82,-3.069,-0.696,-5.78,-0.008,0.291,0.086,-0.09,-2.68,-101.46,0.762,3.958,3.958,100.0,303,0,2727
899593,1,1,8,2.03,26.03056717,119.19308472,13.8,26.03056526,119.19308472,13.84,-3.071,-0.638,-5.763,-0.008,0.29,0.085,-0.08,-2.67,-101.47,0.762,4.132,4.132,100.0,303,0,2729
899793,1,1,8,2.03,26.03056717,119.19308472,14.0,26.03056717,119.19308472,13.9,-3.066,-0.508,-5.699,-0.006,0.303,0.093,-0.09,-2.69,-101.49,0.2,3.475,3.475,100.0,304,0,2732
899993,1,1,8,2.03,26.03056717,119.19308472,14.0,26.03056717,119.19308472,13.92,-3.067,-0.448,-5.68,-0.006,0.301,0.092,-0.09,-2.7,-101.47,0.2,3.628,3.628,100.0,304,0,2735
900193,1,1,8,2.03,26.03056717,119.19308472,14.0,26.03056717,119.19308472,13.94,-3.068,-0.388,-5.662,-0.006,0.3,0.092,-0.08,-2.69,-101.48,0.2,3.788,3.788,100.0,304,0,2736
900393,1,1,8,2.03,26.03056717,119.19308472,14.0,26.03056717,119.19308472,13.96,-3.069,-0.328,-5.644,-0.006,0.298,0.091,-0.09,-2.69,-101.47,0.2,3.955,3.955,100.0,304,0,2736
900593,1,1,8,2.03,26.0305748,119.19308472,14.0,26.03056908,119.19308472,13.97,-3.071,-0.269,-5.626,-0.006,0.297,0.09,-0.1,-2.7,-101.47,0.2,4.128,4.128,100.0,304,0,2738
900796,1,1,8,2.03,26.0305748,119.19308472,14.1,26.03057098,119.19308472,14.03,-3.065,0.037,-5.571,-0.005,0.346,0.096,-0.1,-2.68,-101.46,0.68,3.477,3.477,100.0,305,0,2741
900996,1,1,8,2.03,26.0305748,119.19308472,14.1,26.03057289,119.19308472,14.05,-3.066,0.106,-5.552,-0.005,0.344,0.095,-0.1,-2.68,-101.46,0.68,3.63,3.63,100.0,305,0,2744
901203,1,1,8,2.03,26.0305748,119.19308472,14.1,26.03057289,119.19308472,14.07,-3.067,0.177,-5.532,-0.005,0.342,0.095,-0.11,-2.7,-101.46,0.68,3.796,3.796,100.0,305,0,2745
901403,1,1,8,2.03,26.0305748,119.19308472,14.1,26.03057289,119.19308472,14.09,-3.068,0.246,-5.513,-0.005,0.34,0.094,-0.11,-2.7,-101.45,0.68,3.963,3.963,100.0,305,0,2745
901603,1,1,8,2.03,26.03058243,119.19308472,14.1,26.03057289,119.19308472,14.11,-3.069,0.313,-5.494,-0.004,0.338,0.094,-0.09,-2.7,-101.48,0.68,4.136,4.136,100.0,305,0,2747
901803,1,1,8,1.09,26.03058243,119.19308472,14.4,26.03058052,119.19308472,14.23,-3.059,1.02,-5.372,-0.002,0.468,0.111,-0.1,-2.7,-101.47,0.949,2.553,2.553,100.0,306,0,2750
902003,1,1,8,1.09,26.03058243,119.19308472,14.4,26.03058052,119.19308472,14.25,-3.059,1.114,-5.35,-0.002,0.466,0.11,-0.1,-2.7,-101.47,0.949,2.672,2.672,99.8,306,0,2753
902203,1,1,8,1.09,26.03058243,119.19308472,14.4,26.03058243,119.19308472,14.27,-3.06,1.207,-5.328,-0.002,0.463,0.109,-0.1,-2.72,-101.45,0.949,2.8,2.8,99.8,306,0,2754
902403,1,1,8,1.09,26.03058243,119.19308472,14.4,26.03058243,119.19308472,14.29,-3.06,1.299,-5.306,-0.002,0.461,0.109,-0.1,-2.71,-101.46,0.949,2.937,2.937,99.8,306,0,2754
902603,1,1,8,1.09,26.03058243,119.19308472,14.4,26.03058434,119.19308472,14.32,-3.06,1.391,-5.284,-0.002,0.458,0.108,-0.09,-2.73,-101.46,0.949,3.083,3.083,99.8,306,0,2756
902803,1,1,8,2.03,26.03058243,119.19308472,14.5,26.03058434,119.19308472,14.39,-3.059,1.452,-5.212,-0.002,0.449,0.116,-0.1,-2.72,-101.45,0.13,2.842,2.842,99.8,307,0,2759
903006,1,1,8,2.03,26.03058243,119.19308472,14.5,26.03058434,119.19308472,14.41,-3.059,1.543,-5.188,-0.002,0.447,0.116,-0.1,-2.72,-101.45,0.13,2.989,2.989,100.1,307,0,2762
903214,1,1,8,2.03,26.03058243,119.19308472,14.5,26.03058624,119.19308472,14.44,-3.06,1.635,-5.164,-0.001,0.445,0.115,-0.09,-2.71,-101.46,0.13,3.148,3.148,100.1,307,0,2763
903415,1,1,8,2.03,26.03058243,119.19308472,14.5,26.03058624,119.19308472,14.46,-3.06,1.725,-5.141,-0.001,0.443,0.115,-0.08,-2.71,-101.43,0.13,3.31,3.31,100.1,307,0,2763
903615,1,1,8,2.03,26.03058624,119.19308472,14.5,26.03058815,119.19308472,14.48,-3.06,1.813,-5.118,-0.001,0.44,0.114,-0.09,-2.71,-101.45,0.13,3.478,3.478,100.1,307,0,2765
903824,1,1,8,2.03,26.03058624,119.19308472,14.7,26.03058815,119.19308472,14.57,-3.058,1.87,-5.032,-0.001,0.43,0.124,-0.08,-2.72,-101.45,0.122,3.121,3.121,100.1,308,0,2768
904033,1,1,8,2.03,26.03058624,119.19308472,14.7,26.03058815,119.19308472,14.59,-3.058,1.959,-5.006,-0.001,0.427,0.124,-0.08,-2.71,-101.43,0.122,3.286,3.286,99.51,308,0,2772
904233,1,1,8,2.03,26.03058624,119.19308472,14.7,26.03059006,119.19308472,14.62,-3.058,2.044,-4.982,-0.0,0.425,0.123,-0.07,-2.71,-101.44,0.122,3.452,3.452,99.51,308,0,2772
904433,1,1,8,2.03,26.03058624,119.19308472,14.7,26.03059006,119.19308472,14.64,-3.058,2.129,-4.957,-0.0,0.423,0.123,-0.09,-2.7,-101.46,0.122,3.625,3.625,99.51,308,0,2772
904633,1,1,8,2.03,26.03059578,119.19308472,14.7,26.03059006,119.19308472,14.67,-3.058,2.214,-4.933,-0.0,0.421,0.122,-0.08,-2.7,-101.47,0.122,3.804,3.804,99.51,308,0,2774
904836,1,1,8,2.03,26.03059578,119.19308472,14.8,26.03059387,119.19308472,14.73,-3.057,2.474,-4.87,0.0,0.459,0.128,-0.07,-2.69,-101.47,0.538,3.314,3.314,99.51,309,0,2777
905036,1,1,8,2.03,26.03059578,119.19308472,14.8,26.03059387,119.19308472,14.76,-3.057,2.565,-4.844,0.0,0.456,0.127,-0.1,-2.69,-101.45,0.538,3.475,3.475,100.5,309,0,2781
905243,1,1,8,2.03,26.03059578,119.19308472,14.8,26.03059578,119.19308472,14.78,-3.056,2.66,-4.818,0.0,0.454,0.126,-0.14,-2.65,-101.44,0.538,3.65,3.65,100.5,309,0,2781
905443,1,1,8,2.03,26.03059578,119.19308472,14.8,26.03059578,119.19308472,14.81,-3.056,2.75,-4.793,0.001,0.452,0.126,-0.14,-2.64,-101.43,0.538,3.825,3.825,100.5,309,0,2781
905643,1,1,8,2.03,26.03059578,119.19308472,14.9,26.03059578,119.19308472,14.85,-3.055,2.814,-4.748,0.001,0.444,0.128,-0.13,-2.64,-101.4,0.08,3.275,3.275,100.5,310,0,2784
905843,1,1,8,2.03,26.03059578,119.19308472,14.9,26.03059769,119.19308472,14.88,-3.055,2.902,-4.723,0.001,0.442,0.128,-0.13,-2.64,-101.39,0.08,3.429,3.429,100.5,310,0,2787
906043,1,1,8,2.03,26.03059578,119.19308472,14.9,26.03059769,119.19308472,14.9,-3.055,2.99,-4.697,0.001,0.439,0.128,-0.13,-2.64,-101.39,0.08,3.59,3.59,99.4,310,0,2790
906243,1,1,8,2.03,26.03059578,119.19308472,14.9,26.03059769,119.19308472,14.93,-3.054,3.078,-4.672,0.001,0.437,0.127,-0.14,-2.65,-101.39,0.08,3.758,3.758,99.4,310,0,2790
906443,1,1,8,2.03,26.03059578,119.19308472,14.9,26.03059959,119.19308472,14.95,-3.054,3.165,-4.646,0.001,0.435,0.126,-0.13,-2.64,-101.4,0.08,3.932,3.932,99.4,310,0,2790
906659,1,1,8,2.03,26.03059959,119.19308472,14.9,26.03059959,119.19308472,14.96,-3.054,3.237,-4.641,0.001,0.428,0.122,-0.13,-2.65,-101.41,0.063,3.346,3.346,99.4,311,0,2793
906863,1,1,8,2.03,26.03059959,119.19308472,14.9,26.0306015,119.19308472,14.98,-3.053,3.324,-4.617,0.001,0.426,0.121,-0.14,-2.64,-101.41,0.063,3.502,3.502,99.4,311,0,2796
907063,1,1,8,2.03,26.03059959,119.19308472,14.9,26.0306015,119.19308472,15.01,-3.053,3.409,-4.592,0.0,0.424,0.121,-0.15,-2.63,-101.41,0.063,3.662,3.662,100.7,311,0,2799
907263,1,1,8,2.03,26.03059959,119.19308472,14.9,26.0306015,119.19308472,15.03,-3.053,3.494,-4.568,0.001,0.421,0.12,-0.13,-2.65,-101.39,0.063,3.828,3.828,100.7,311,0,2799
907463,1,1,8,2.03,26.03059959,119.19308472,14.9,26.03060341,119.19308472,15.06,-3.053,3.578,-4.544,0.001,0.419,0.12,-0.14,-2.63,-101.41,0.063,4.0,4.0,100.7,311,0,2799
907665,1,1,8,2.03,26.03059959,119.19308472,15.0,26.0306015,119.19308472,15.06,-3.053,3.5,-4.542,0.0,0.382,0.115,-0.15,-2.64,-101.38,0.464,3.376,3.376,100.7,312,0,2802
907873,1,1,8,2.03,26.03059959,119.19308472,15.0,26.03060341,119.19308472,15.08,-3.053,3.579,-4.518,0.0,0.38,0.115,-0.15,-2.64,-101.38,0.464,3.533,3.533,100.7,312,0,2805
908073,1,1,8,2.03,26.03059959,119.19308472,15.0,26.03060341,119.19308472,15.1,-3.053,3.655,-4.495,0.0,0.378,0.114,-0.16,-2.65,-101.38,0.464,3.691,3.691,100.0,312,0,2808
908274,1,1,8,2.03,26.03059959,119.19308472,15.0,26.03060532,119.19308472,15.13,-3.052,3.731,-4.473,0.0,0.377,0.113,-0.16,-2.64,-101.39,0.464,3.856,3.856,100.0,312,0,2808
908483,1,1,8,2.03,26.03059959,119.19308472,15.0,26.03060532,119.19308472,15.15,-3.052,3.809,-4.449,0.0,0.375,0.112,-0.16,-2.63,-101.4,0.464,4.035,4.035,100.0,312,0,2808
908685,1,1,8,1.09,26.03060341,119.19308472,15.0,26.03060532,119.19308472,15.11,-3.052,3.716,-4.485,0.0,0.337,0.101,-0.16,-2.63,-101.4,0.256,2.49,2.49,100.0,313,0,2811
908893,1,1,8,1.09,26.03060341,119.19308472,15.0,26.03060532,119.19308472,15.14,-3.052,3.786,-4.464,0.0,0.335,0.101,-0.16,-2.64,-101.4,0.256,2.608,2.608,100.0,313,0,2814
909093,1,1,8,1.09,26.03060341,119.19308472,15.0,26.03060532,119.19308472,15.16,-3.052,3.853,-4.444,0.001,0.333,0.101,-0.15,-2.64,-101.42,0.256,2.731,2.731,100.0,313,0,2817
909293,1,1,8,1.09,26.03060341,119.19308472,15.0,26.03060532,119.19308472,15.18,-3.052,3.92,-4.424,0.001,0.332,0.1,-0.15,-2.64,-101.4,0.256,2.863,2.863,100.0,313,0,2817
909493,1,1,8,1.09,26.03060341,119.19308472,15.0,26.03060722,119.19308472,15.2,-3.052,3.986,-4.404,0.001,0.33,0.1,-0.15,-2.63,-101.39,0.256,3.004,3.004,100.0,313,0,2817
909702,1,1,8,2.03,26.03060341,119.19308472,15.0,26.03060722,119.19308472,15.16,-3.052,3.956,-4.441,0.001,0.305,0.089,-0.14,-2.63,-101.39,0.423,2.773,2.773,100.0,314,0,2821
909903,1,1,8,2.03,26.03060341,119.19308472,15.0,26.03060722,119.19308472,15.18,-3.052,4.017,-4.423,0.001,0.303,0.089,-0.15,-2.63,-101.41,0.423,2.913,2.913,100.0,314,0,2823
910103,1,1,8,2.03,26.03060341,119.19308472,15.0,26.03060722,119.19308472,15.19,-3.052,4.078,-4.405,0.001,0.302,0.089,-0.15,-2.64,-101.39,0.423,3.061,3.061,100.0,314,0,2826
910303,1,1,8,2.03,26.03060341,119.19308472,15.0,26.03060722,119.19308472,15.21,-3.051,4.138,-4.388,0.001,0.3,0.089,-0.15,-2.64,-101.39,0.423,3.217,3.217,100.0,314,0,2826
910503,1,1,8,2.03,26.03060341,119.19308472,15.0,26.03060913,119.19308472,15.23,-3.051,4.198,-4.37,0.001,0.299,0.089,-0.15,-2.63,-101.38,0.423,3.38,3.38,100.0,314,0,2826
910708,1,1,8,2.03,26.03060722,119.19308472,15.0,26.03060913,119.19308472,15.18,-3.052,4.202,-4.42,0.001,0.283,0.076,-0.15,-2.63,-101.39,0.202,3.029,3.029,100.0,315,0,2830
910913,1,1,8,2.03,26.03060722,119.19308472,15.0,26.03060913,119.19308472,15.2,-3.051,4.26,-4.404,0.001,0.282,0.076,-0.15,-2.63,-101.39,0.202,3.186,3.186,100.0,315,0,2833
911113,1,1,8,2.03,26.03060722,119.19308472,15.0,26.03060913,119.19308472,15.21,-3.051,4.317,-4.389,0.001,0.28,0.075,-0.14,-2.64,-101.37,0.202,3.347,3.347,100.0,315,0,2835
911313,1,1,8,2.03,26.03060722,119.19308472,15.0,26.03061104,119.19308472,15.23,-3.051,4.372,-4.374,0.001,0.279,0.075,-0.11,-2.65,-101.39,0.202,3.514,3.514,100.0,315,0,2835
911513,1,1,8,2.03,26.03060722,119.19308472,15.0,26.03061104,119.19308472,15.24,-3.051,4.428,-4.359,0.001,0.277,0.074,-0.1,-2.66,-101.41,0.202,3.688,3.688,100.0,315,0,2835
911716,1,1,8,2.03,26.03060722,119.19308472,15.0,26.03060913,119.19308472,15.18,-3.051,4.35,-4.416,0.001,0.245,0.061,-0.09,-2.65,-101.41,0.427,3.22,3.22,100.0,316,0,2839
911924,1,1,8,2.03,26.03060722,119.19308472,15.0,26.03061104,119.19308472,15.2,-3.051,4.401,-4.403,0.001,0.244,0.06,-0.08,-2.65,-101.4,0.427,3.383,3.383,100.0,316,0,2842
912133,1,1,8,2.03,26.03060722,119.19308472,15.0,26.03061104,119.19308472,15.21,-3.051,4.452,-4.391,0.001,0.242,0.06,-0.08,-2.66,-101.38,0.427,3.556,3.556,100.0,316,0,2844
912333,1,1,8,2.03,26.03060722,119.19308472,15.0,26.03061104,119.19308472,15.22,-3.05,4.5,-4.379,0.002,0.241,0.06,-0.07,-2.66,-101.37,0.427,3.727,3.727,100.0,316,0,2844
912535,1,1,8,2.03,26.03061104,119.19308472,15.0,26.03061104,119.19308472,15.23,-3.05,4.549,-4.367,0.001,0.24,0.06,-0.08,-2.66,-101.36,0.427,3.906,3.906,100.0,316,0,2845
912743,1,1,8,2.03,26.03061104,119.19308472,15.1,26.03061104,119.19308472,15.21,-3.051,4.56,-4.395,0.002,0.23,0.052,-0.06,-2.66,-101.35,0.113,3.353,3.353,100.0,317,0,2848
912943,1,1,8,2.03,26.03061104,119.19308472,15.1,26.03061295,119.19308472,15.22,-3.05,4.606,-4.384,0.001,0.228,0.052,-0.06,-2.68,-101.36,0.113,3.51,3.51,100.0,317,0,2851
913143,1,1,8,2.03,26.03061104,119.19308472,15.1,26.03061295,119.19308472,15.23,-3.05,4.651,-4.374,0.001,0.227,0.051,-0.07,-2.69,-101.37,0.113,3.675,3.675,99.9,317,0,2853
913343,1,1,8,2.03,26.03061104,119.19308472,15.1,26.03061295,119.19308472,15.24,-3.05,4.697,-4.364,0.001,0.226,0.051,-0.09,-2.68,-101.39,0.113,3.846,3.846,99.9,317,0,2853
913543,1,1,8,2.03,26.03061485,119.19308472,15.1,26.03061295,119.19308472,15.25,-3.05,4.742,-4.354,0.0,0.225,0.05,-0.09,-2.7,-101.4,0.113,4.023,4.023,99.9,317,0,2854
913743,1,1,8,2.03,26.03061485,119.19308472,15.0,26.03061485,119.19308472,15.18,-3.051,4.829,-4.417,0.0,0.233,0.038,-0.1,-2.69,-101.39,0.122,3.41,3.41,99.9,318,0,2857
913943,1,1,8,2.03,26.03061485,119.19308472,15.0,26.03061485,119.19308472,15.19,-3.051,4.876,-4.41,0.0,0.232,0.038,-0.08,-2.69,-101.4,0.122,3.566,3.566,99.9,318,0,2860
914143,1,1,8,2.03,26.03061485,119.19308472,15.0,26.03061485,119.19308472,15.2,-3.051,4.922,-4.402,0.001,0.231,0.037,-0.07,-2.7,-101.41,0.122,3.728,3.728,99.4,318,0,2862
914343,1,1,8,2.03,26.03061485,119.19308472,15.0,26.03061485,119.19308472,15.21,-3.05,4.968,-4.395,0.001,0.229,0.037,-0.06,-2.71,-101.43,0.122,3.897,3.897,99.4,318,0,2862
914543,1,1,8,2.03,26.03061485,119.19308472,15.0,26.03061676,119.19308472,15.21,-3.05,5.014,-4.387,0.0,0.228,0.038,-0.07,-2.71,-101.42,0.122,4.072,4.072,99.4,318,0,2863
914743,1,1,8,2.03,26.03061485,119.19308472,15.0,26.03061676,119.19308472,15.16,-3.051,5.006,-4.443,0.0,0.216,0.027,-0.08,-2.71,-101.4,0.151,3.435,3.435,99.4,319,0,2866
914943,1,1,8,2.03,26.03061485,119.19308472,15.0,26.03061676,119.19308472,15.16,-3.051,5.049,-4.438,-0.0,0.215,0.027,-0.09,-2.71,-101.41,0.151,3.588,3.588,99.4,319,0,2869
915143,1,1,8,2.03,26.03061485,119.19308472,15.0,26.03061676,119.19308472,15.17,-3.051,5.092,-4.432,0.0,0.214,0.027,-0.09,-2.7,-101.44,0.151,3.748,3.748,100.7,319,0,2871
915343,1,1,8,2.03,26.03061485,119.19308472,15.0,26.03061676,119.19308472,15.17,-3.051,5.134,-4.427,-0.0,0.213,0.027,-0.09,-2.72,-101.43,0.151,3.915,3.915,100.7,319,0,2871
915544,1,1,8,2.03,26.03061867,119.19308472,15.0,26.03061676,119.19308472,15.18,-3.051,5.177,-4.422,0.0,0.212,0.027,-0.09,-2.72,-101.41,0.151,4.089,4.089,100.7,319,0,2872
915753,1,1,8,2.03,26.03061867,119.19308472,15.1,26.03061867,119.19308472,15.16,-3.052,5.261,-4.44,-0.001,0.219,0.023,-0.09,-2.74,-101.42,0.112,3.449,3.449,100.7,320,0,2875
915953,1,1,8,2.03,26.03061867,119.19308472,15.1,26.03061867,119.19308472,15.16,-3.052,5.305,-4.435,-0.001,0.218,0.022,-0.1,-2.73,-101.39,0.112,3.602,3.602,100.7,320,0,2878
916153,1,1,8,2.03,26.03061867,119.19308472,15.1,26.03061867,119.19308472,15.17,-3.052,5.348,-4.431,-0.001,0.216,0.023,-0.1,-2.74,-101.4,0.112,3.761,3.761,99.0,320,0,2880
916353,1,1,8,2.03,26.03061867,119.19308472,15.1,26.03061867,119.19308472,15.17,-3.052,5.391,-4.426,-0.001,0.215,0.023,-0.08,-2.75,-101.42,0.112,3.927,3.927,99.0,320,0,2880
916553,1,1,8,2.03,26.03061867,119.19308472,15.1,26.03062057,119.19308472,15.18,-3.052,5.434,-4.422,-0.001,0.214,0.023,-0.09,-2.76,-101.41,0.112,4.1,4.1,99.0,320,0,2881
916755,1,1,8,2.03,26.03061867,119.19308472,15.1,26.03062057,119.19308472,15.16,-3.052,5.426,-4.441,-0.001,0.202,0.019,-0.09,-2.76,-101.4,0.143,3.451,3.451,99.0,321,0,2884
916963,1,1,8,2.03,26.03061867,119.19308472,15.1,26.03062057,119.19308472,15.16,-3.053,5.468,-4.437,-0.001,0.202,0.02,-0.1,-2.72,-101.4,0.143,3.609,3.609,99.0,321,0,2888
917163,1,1,8,2.03,26.03061867,119.19308472,15.1,26.03062057,119.19308472,15.17,-3.053,5.508,-4.433,-0.001,0.201,0.019,-0.09,-2.72,-101.43,0.143,3.768,3.768,100.9,321,0,2889
917363,1,1,8,2.03,26.03061867,119.19308472,15.1,26.03062057,119.19308472,15.17,-3.053,5.548,-4.429,-0.0,0.2,0.019,-0.08,-2.72,-101.46,0.143,3.934,3.934,100.9,321,0,2889
917563,1,1,8,2.03,26.03061867,119.19308472,15.1,26.03062057,119.19308472,15.17,-3.053,5.588,-4.425,-0.0,0.199,0.018,-0.07,-2.72,-101.46,0.143,4.106,4.106,100.9,321,0,2891
917763,1,1,8,2.03,26.03061867,119.19308472,15.0,26.03062057,119.19308472,15.13,-3.053,5.522,-4.474,-0.0,0.177,0.01,-0.06,-2.7,-101.47,0.294,3.456,3.456,100.9,322,0,2894
917963,1,1,8,2.03,26.03061867,119.19308472,15.0,26.03062057,119.19308472,15.13,-3.053,5.558,-4.472,-0.001,0.176,0.01,-0.09,-2.72,-101.46,0.294,3.608,3.608,100.9,322,0,2897
918163,1,1,8,2.03,26.03061867,119.19308472,15.0,26.03062057,119.19308472,15.13,-3.053,5.593,-4.47,-0.001,0.175,0.01,-0.09,-2.7,-101.46,0.294,3.767,3.767,99.5,322,0,2898
918363,1,1,8,2.03,26.03061867,119.19308472,15.0,26.03062248,119.19308472,15.13,-3.053,5.628,-4.468,-0.0,0.174,0.01,-0.08,-2.71,-101.45,0.294,3.932,3.932,99.5,322,0,2898
918563,1,1,8,2.03,26.03061867,119.19308472,15.0,26.03062248,119.19308472,15.13,-3.053,5.662,-4.466,-0.0,0.173,0.01,-0.07,-2.71,-101.43,0.294,4.105,4.105,99.5,322,0,2900
918763,1,1,8,2.03,26.03061867,119.19308472,14.9,26.03062057,119.19308472,15.07,-3.053,5.565,-4.534,0.0,0.145,-0.003,-0.06,-2.7,-101.43,0.366,3.455,3.455,99.5,323,0,2903
918965,1,1,8,2.03,26.03061867,119.19308472,14.9,26.03062057,119.19308472,15.07,-3.053,5.594,-4.534,0.0,0.144,-0.003,-0.06,-2.71,-101.42,0.366,3.609,3.609,99.5,323,0,2906
919173,1,1,8,2.03,26.03061867,119.19308472,14.9,26.03062057,119.19308472,15.07,-3.053,5.624,-4.535,0.0,0.143,-0.003,-0.05,-2.72,-101.42,0.366,3.774,3.774,100.6,323,0,2907
919373,1,1,8,2.03,26.03061867,119.19308472,14.9,26.03062248,119.19308472,15.06,-3.053,5.653,-4.535,-0.0,0.142,-0.003,-0.08,-2.73,-101.41,0.366,3.94,3.94,100.6,323,0,2907
919575,1,1,8,2.03,26.03061867,119.19308472,14.9,26.03062248,119.19308472,15.06,-3.053,5.681,-4.536,-0.001,0.142,-0.003,-0.09,-2.72,-101.42,0.366,4.115,4.115,100.6,323,0,2909
919783,1,1,8,2.03,26.03061867,119.19308472,14.8,26.03062057,119.19308472,14.98,-3.053,5.573,-4.615,-0.0,0.114,-0.017,-0.09,-2.68,-101.42,0.381,3.47,3.47,100.6,324,0,2912
919983,1,1,8,2.03,26.03061867,119.19308472,14.8,26.03062057,119.19308472,14.98,-3.053,5.596,-4.619,-0.0,0.113,-0.017,-0.08,-2.69,-101.4,0.381,3.623,3.623,100.6,324,0,2915
920183,1,1,8,2.03,26.03061867,119.19308472,14.8,26.03062057,119.19308472,14.98,-3.053,5.619,-4.622,-0.0,0.112,-0.016,-0.08,-2.69,-101.41,0.381,3.783,3.783,99.6,324,0,2916
920384,1,1,8,2.03,26.03061867,119.19308472,14.8,26.03062248,119.19308472,14.97,-3.053,5.641,-4.625,-0.0,0.112,-0.016,-0.07,-2.7,-101.41,0.381,3.951,3.951,99.6,324,0,2916
920593,1,1,8,2.03,26.03061867,119.19308472,14.8,26.03062248,119.19308472,14.97,-3.053,5.664,-4.629,-0.001,0.111,-0.016,-0.08,-2.71,-101.43,0.381,4.132,4.132,99.6,324,0,2918
920793,1,1,8,2.03,26.03061867,119.19308472,14.7,26.03062057,119.19308472,14.89,-3.053,5.556,-4.713,-0.001,0.083,-0.029,-0.09,-2.72,-101.42,0.361,3.479,3.479,99.6,325,0,2921
920993,1,1,8,2.03,26.03061867,119.19308472,14.7,26.03062057,119.19308472,14.88,-3.053,5.573,-4.718,-0.001,0.083,-0.029,-0.09,-2.73,-101.41,0.361,3.633,3.633,99.6,325,0,2924
921193,1,1,8,2.03,26.03061867,119.19308472,14.7,26.03062057,119.19308472,14.88,-3.053,5.589,-4.724,-0.001,0.082,-0.029,-0.08,-2.73,-101.43,0.361,3.793,3.793,99.3,325,0,2925
921393,1,1,8,2.03,26.03061867,119.19308472,14.7,26.03062057,119.19308472,14.87,-3.054,5.606,-4.73,-0.001,0.082,-0.029,-0.08,-2.72,-101.44,0.361,3.961,3.961,99.3,325,0,2925
921593,1,1,8,2.03,26.03061867,119.19308472,14.7,26.03062057,119.19308472,14.86,-3.054,5.622,-4.736,-0.0,0.082,-0.029,-0.06,-2.71,-101.45,0.361,4.135,4.135,99.3,325,0,2927
921793,1,1,8,2.03,26.03061867,119.19308472,14.5,26.03062057,119.19308472,14.75,-3.053,5.523,-4.85,-0.0,0.058,-0.046,-0.06,-2.68,-101.47,0.318,3.478,3.478,99.3,326,0,2930
921993,1,1,8,2.03,26.03061867,119.19308472,14.5,26.03062057,119.19308472,14.74,-3.053,5.535,-4.859,-0.0,0.058,-0.046,-0.06,-2.68,-101.48,0.318,3.631,3.631,99.3,326,0,2933
922193,1,1,8,2.03,26.03061867,119.19308472,14.5,26.03062057,119.19308472,14.73,-3.054,5.546,-4.868,-0.001,0.058,-0.047,-0.09,-2.67,-101.46,0.318,3.792,3.792,100.7,326,0,2934
922393,1,1,8,2.03,26.03061867,119.19308472,14.5,26.03062057,119.19308472,14.72,-3.054,5.558,-4.878,-0.001,0.057,-0.046,-0.09,-2.71,-101.44,0.318,3.96,3.96,100.7,326,0,2934
922593,1,1,8,2.03,26.03061867,119.19308472,14.5,26.03062057,119.19308472,14.71,-3.054,5.569,-4.887,-0.001,0.056,-0.046,-0.08,-2.72,-101.44,0.318,4.134,4.134,100.7,326,0,2936
922793,1,1,8,2.03,26.03061867,119.19308472,14.4,26.03062057,119.19308472,14.61,-3.054,5.485,-4.989,-0.001,0.036,-0.063,-0.08,-2.74,-101.41,0.264,3.478,3.478,100.7,327,0,2939
922996,1,1,8,2.03,26.03061867,119.19308472,14.4,26.03062057,119.19308472,14.6,-3.054,5.492,-5.002,-0.001,0.036,-0.061,-0.05,-2.75,-101.42,0.264,3.634,3.634,100.7,327,0,2942
923203,1,1,8,2.03,26.03061867,119.19308472,14.4,26.03062057,119.19308472,14.59,-3.054,5.5,-5.014,-0.0,0.036,-0.061,-0.04,-2.73,-101.42,0.264,3.801,3.801,99.7,327,0,2943
923405,1,1,8,2.03,26.03061867,119.19308472,14.4,26.03062057,119.19308472,14.57,-3.054,5.507,-5.027,-0.001,0.036,-0.06,-0.08,-2.72,-101.42,0.264,3.971,3.971,99.7,327,0,2943
923605,1,1,8,2.03,26.03061867,119.19308472,14.4,26.03062057,119.19308472,14.56,-3.054,5.514,-5.039,-0.001,0.036,-0.06,-0.08,-2.71,-101.42,0.264,4.146,4.146,99.7,327,0,2945
923814,1,1,8,2.03,26.03061867,119.19308472,14.2,26.03062057,119.19308472,14.44,-3.054,5.447,-5.159,-0.001,0.021,-0.078,-0.09,-2.69,-101.43,0.207,3.495,3.495,99.7,328,0,2948
924023,1,1,8,2.03,26.03061867,119.19308472,14.2,26.03062057,119.19308472,14.43,-3.054,5.451,-5.175,-0.002,0.02,-0.077,-0.1,-2.77,-101.37,0.207,3.657,3.657,99.7,328,0,2952
924223,1,1,8,2.03,26.03061867,119.19308472,14.2,26.03062057,119.19308472,14.41,-3.054,5.455,-5.19,-0.001,0.02,-0.075,-0.14,-2.72,-101.38,0.207,3.819,3.819,99.7,328,0,2952
924423,1,1,8,2.03,26.03061867,119.19308472,14.2,26.03062057,119.19308472,14.4,-3.055,5.459,-5.205,-0.001,0.02,-0.075,-0.1,-2.71,-101.4,0.207,3.988,3.988,99.7,328,0,2952
924623,1,1,8,2.03,26.03061867,119.19308472,14.2,26.03062057,119.19308472,14.38,-3.055,5.463,-5.22,-0.0,0.02,-0.074,-0.09,-2.71,-101.4,0.207,4.164,4.164,99.7,328,0,2954
924823,1,1,8,2.03,26.03061867,119.19308472,14.1,26.03061867,119.19308472,14.28,-3.054,5.41,-5.318,-0.0,0.008,-0.088,-0.1,-2.7,-101.43,0.155,3.501,3.501,99.7,329,0,2957
925025,1,1,8,2.03,26.03061867,119.19308472,14.1,26.03061867,119.19308472,14.26,-3.054,5.412,-5.336,-0.0,0.008,-0.088,-0.1,-2.7,-101.44,0.155,3.658,3.658,99.7,329,0,2961
925233,1,1,8,2.03,26.03061867,119.19308472,14.1,26.03061867,119.19308472,14.25,-3.054,5.413,-5.354,0.0,0.008,-0.087,-0.08,-2.7,-101.45,0.155,3.827,3.827,100.0,329,0,2961
925433,1,1,8,2.03,26.03061867,119.19308472,14.1,26.03062057,119.19308472,14.23,-3.054,5.415,-5.372,0.001,0.007,-0.087,-0.07,-2.72,-101.46,0.155,3.996,3.996,100.0,329,0,2961
925633,1,1,8,2.03,26.03062248,119.19308472,14.0,26.03062057,119.19308472,14.15,-3.053,5.527,-5.45,0.001,0.031,-0.097,-0.07,-2.72,-101.47,0.316,3.363,3.363,100.0,330,0,2964
925833,1,1,8,2.03,26.03062248,119.19308472,14.0,26.03062057,119.19308472,14.13,-3.053,5.533,-5.47,0.001,0.031,-0.097,-0.06,-2.7,-101.48,0.316,3.511,3.511,100.0,330,0,2967
926034,1,1,8,2.03,26.03062248,119.19308472,14.0,26.03062057,119.19308472,14.11,-3.053,5.54,-5.489,0.001,0.031,-0.097,-0.06,-2.69,-101.47,0.316,3.668,3.668,100.0,330,0,2970
926243,1,1,8,2.03,26.03062248,119.19308472,14.0,26.03062057,119.19308472,14.09,-3.053,5.546,-5.509,0.001,0.031,-0.096,-0.07,-2.7,-101.46,0.316,3.838,3.838,100.0,330,0,2970
926443,1,1,8,2.03,26.03062248,119.19308472,14.0,26.03062057,119.19308472,14.07,-3.053,5.552,-5.528,0.0,0.031,-0.095,-0.07,-2.71,-101.46,0.316,4.008,4.008,100.0,330,0,2970
926665,1,1,8,2.03,26.0306282,119.19309998,13.9,26.03062439,119.19309235,14.01,-2.514,5.846,-5.594,0.115,0.092,-0.103,-0.05,-2.72,-101.46,1.729,3.388,3.388,100.0,331,0,2973
926873,1,1,8,2.03,26.0306282,119.19309998,13.9,26.03062439,119.19309235,13.98,-2.49,5.865,-5.616,0.115,0.091,-0.102,-0.06,-2.73,-101.47,1.729,3.544,3.544,100.0,331,0,2976
927073,1,1,8,2.03,26.0306282,119.19309998,13.9,26.03062439,119.19309235,13.96,-2.467,5.883,-5.636,0.114,0.091,-0.102,-0.07,-2.73,-101.47,1.729,3.701,3.701,101.0,331,0,2979
927273,1,1,8,2.03,26.0306282,119.19309998,13.9,26.03062439,119.19309235,13.94,-2.444,5.901,-5.656,0.114,0.092,-0.101,-0.06,-2.69,-101.47,1.729,3.866,3.866,101.0,331,0,2979
927473,1,1,8,2.03,26.0306282,119.19309998,13.9,26.03062439,119.19309235,13.92,-2.422,5.919,-5.676,0.113,0.091,-0.1,-0.06,-2.69,-101.47,1.729,4.037,4.037,101.0,331,0,2979
927673,1,1,8,2.03,26.0306282,119.19308472,13.8,26.0306263,119.19309235,13.87,-2.629,6.092,-5.728,0.064,0.123,-0.105,-0.06,-2.69,-101.49,0.782,3.396,3.396,101.0,332,0,2982
927874,1,1,8,2.03,26.0306282,119.19308472,13.8,26.0306263,119.19309235,13.85,-2.616,6.116,-5.749,0.063,0.122,-0.104,-0.07,-2.71,-101.47,0.782,3.546,3.546,101.0,332,0,2985
928085,1,1,8,2.03,26.0306282,119.19308472,13.8,26.0306263,119.19309235,13.83,-2.603,6.142,-5.771,0.063,0.122,-0.104,-0.07,-2.71,-101.49,0.782,3.712,3.712,100.0,332,0,2988
928285,1,1,8,2.03,26.0306282,119.19308472,13.8,26.0306263,119.19309235,13.81,-2.59,6.166,-5.792,0.062,0.121,-0.104,-0.08,-2.7,-101.49,0.782,3.877,3.877,100.0,332,0,2988
928485,1,1,8,2.03,26.0306282,119.19308472,13.8,26.0306263,119.19309235,13.79,-2.578,6.19,-5.812,0.062,0.121,-0.103,-0.09,-2.69,-101.5,0.782,4.049,4.049,100.0,332,0,2988
928685,1,1,8,2.03,26.0306282,119.19308472,13.6,26.0306282,119.19308472,13.72,-2.737,6.272,-5.883,0.025,0.132,-0.111,-0.08,-2.68,-101.5,0.51,3.405,3.405,100.0,333,0,2991
928893,1,1,8,2.03,26.0306282,119.19308472,13.6,26.0306282,119.19308472,13.69,-2.732,6.299,-5.907,0.025,0.131,-0.111,-0.08,-2.7,-101.46,0.51,3.562,3.562,100.0,333,0,2994
929093,1,1,8,2.03,26.0306282,119.19308472,13.6,26.0306282,119.19308472,13.67,-2.727,6.325,-5.929,0.025,0.13,-0.111,-0.08,-2.7,-101.47,0.51,3.72,3.72,100.0,333,0,2997
929293,1,1,8,2.03,26.0306282,119.19308472,13.6,26.0306282,119.19308472,13.65,-2.722,6.351,-5.951,0.025,0.13,-0.11,-0.07,-2.69,-101.49,0.51,3.885,3.885,100.0,333,0,2997
929493,1,1,8,2.03,26.0306282,119.19308472,13.6,26.0306282,119.19308472,13.63,-2.717,6.377,-5.973,0.025,0.129,-0.11,-0.07,-2.69,-101.5,0.51,4.057,4.057,100.0,333,0,2997
929702,1,1,8,2.03,26.0306282,119.19308472,13.5,26.0306282,119.19308472,13.57,-2.833,6.395,-6.029,-0.001,0.126,-0.115,-0.07,-2.7,-101.49,0.34,3.418,3.418,100.0,334,0,3001
929903,1,1,8,2.03,26.0306282,119.19308472,13.5,26.0306282,119.19308472,13.55,-2.833,6.42,-6.052,-0.001,0.126,-0.114,-0.07,-2.7,-101.5,0.34,3.57,3.57,100.0,334,0,3004
930104,1,1,8,2.03,26.0306282,119.19308472,13.5,26.0306282,119.19308472,13.53,-2.833,6.446,-6.075,-0.001,0.125,-0.114,-0.07,-2.7,-101.52,0.34,3.73,3.73,100.0,334,0,3006
930314,1,1,8,2.03,26.0306282,119.19308472,13.5,26.0306282,119.19308472,13.5,-2.833,6.472,-6.099,-0.001,0.124,-0.114,-0.09,-2.7,-101.52,0.34,3.904,3.904,100.0,334,0,3006
930515,1,1,8,2.03,26.0306282,119.19308472,13.5,26.03063011,119.19308472,13.48,-2.833,6.497,-6.121,-0.001,0.124,-0.113,-0.09,-2.7,-101.52,0.34,4.077,4.077,100.0,334,0,3007
930716,1,1,8,2.03,26.0306282,119.19308472,13.3,26.0306282,119.19308472,13.41,-2.912,6.471,-6.193,-0.018,0.113,-0.122,-0.09,-2.7,-101.51,0.261,3.429,3.429,100.0,335,0,3010
930923,1,1,8,2.03,26.0306282,119.19308472,13.3,26.03063011,119.19308472,13.38,-2.916,6.494,-6.218,-0.018,0.112,-0.12,-0.09,-2.7,-101.53,0.261,3.586,3.586,100.0,335,0,3013
931123,1,1,8,2.03,26.0306282,119.19308472,13.3,26.03063011,119.19308472,13.36,-2.919,6.517,-6.242,-0.018,0.111,-0.12,-0.1,-2.72,-101.53,0.261,3.746,3.746,100.0,335,0,3015
931323,1,1,8,2.03,26.0306282,119.19308472,13.3,26.03063011,119.19308472,13.33,-2.923,6.539,-6.266,-0.018,0.11,-0.119,-0.09,-2.71,-101.52,0.261,3.912,3.912,100.0,335,0,3015
931523,1,1,8,2.03,26.0306282,119.19309998,13.3,26.03063011,119.19308472,13.31,-2.926,6.561,-6.29,-0.018,0.11,-0.119,-0.11,-2.71,-101.51,0.261,4.085,4.085,100.0,335,0,3016
931723,1,1,8,2.03,26.0306282,119.19309998,13.1,26.03063011,119.19309235,13.23,-2.428,6.51,-6.372,0.088,0.094,-0.128,-0.1,-2.71,-101.51,1.417,3.435,3.435,100.0,336,0,3019
931927,1,1,8,2.03,26.0306282,119.19309998,13.1,26.03063011,119.19309235,13.2,-2.41,6.529,-6.398,0.088,0.093,-0.128,-0.1,-2.71,-101.53,1.417,3.59,3.59,100.0,336,0,3022
932133,1,1,8,2.03,26.0306282,119.19309998,13.1,26.03063011,119.19309235,13.18,-2.392,6.548,-6.424,0.087,0.093,-0.127,-0.09,-2.71,-101.51,1.417,3.754,3.754,100.0,336,0,3024
932333,1,1,8,2.03,26.0306282,119.19309998,13.1,26.03063011,119.19309235,13.15,-2.375,6.567,-6.449,0.087,0.092,-0.126,-0.09,-2.71,-101.49,1.417,3.921,3.921,100.0,336,0,3024
932537,1,1,8,2.03,26.0306282,119.19308472,13.1,26.03063011,119.19309235,13.13,-2.357,6.586,-6.475,0.086,0.092,-0.126,-0.08,-2.71,-101.46,1.417,4.098,4.098,100.0,336,0,3025
932743,1,1,8,2.03,26.0306282,119.19308472,13.2,26.03063011,119.19309235,13.13,-2.592,6.524,-6.475,0.033,0.074,-0.121,-0.08,-2.71,-101.44,0.739,3.45,3.45,100.0,337,0,3028
932943,1,1,8,2.03,26.0306282,119.19308472,13.2,26.03063011,119.19309235,13.1,-2.586,6.538,-6.499,0.032,0.074,-0.121,-0.09,-2.72,-101.4,0.739,3.603,3.603,100.0,337,0,3031
933143,1,1,8,2.03,26.0306282,119.19308472,13.2,26.03063011,119.19309235,13.08,-2.579,6.553,-6.523,0.033,0.074,-0.12,-0.07,-2.72,-101.36,0.739,3.763,3.763,100.0,337,0,3033
933343,1,1,8,2.03,26.0306282,119.19308472,13.2,26.03063011,119.19309235,13.05,-2.573,6.568,-6.547,0.032,0.073,-0.119,-0.07,-2.73,-101.35,0.739,3.93,3.93,100.0,337,0,3033
933543,1,1,8,2.03,26.03062248,119.19308472,13.2,26.03063011,119.19309235,13.03,-2.566,6.582,-6.571,0.032,0.073,-0.119,-0.08,-2.72,-101.36,0.739,4.103,4.103,100.0,337,0,3034
933743,1,1,8,2.03,26.03062248,119.19308472,13.0,26.0306282,119.19308472,13.0,-2.736,6.289,-6.6,-0.005,0.008,-0.119,-0.09,-2.74,-101.35,0.986,3.45,3.45,100.0,338,0,3037
933945,1,1,8,2.03,26.03062248,119.19308472,13.0,26.0306282,119.19308472,12.98,-2.737,6.291,-6.624,-0.005,0.008,-0.119,-0.08,-2.74,-101.36,0.986,3.605,3.605,100.0,338,0,3040
934153,1,1,8,2.03,26.03062248,119.19308472,13.0,26.0306282,119.19308472,12.95,-2.738,6.292,-6.649,-0.005,0.008,-0.119,-0.09,-2.72,-101.34,0.986,3.771,3.771,99.9,338,0,3042
934353,1,1,8,2.03,26.03062248,119.19308472,13.0,26.0306282,119.19308472,12.93,-2.739,6.294,-6.673,-0.005,0.008,-0.119,-0.08,-2.73,-101.33,0.986,3.939,3.939,99.9,338,0,3042
934554,1,1,8,2.03,26.0306282,119.19308472,13.0,26.0306282,119.19308472,12.9,-2.74,6.296,-6.697,-0.005,0.008,-0.119,-0.09,-2.73,-101.33,0.986,4.114,4.114,99.9,338,0,3044
934763,1,1,8,1.09,26.0306282,119.19308472,13.0,26.0306282,119.19308472,12.92,-2.95,6.347,-6.684,-0.048,0.018,-0.113,-0.08,-2.74,-101.3,0.321,2.537,2.537,99.9,339,0,3047
934963,1,1,8,1.09,26.0306282,119.19308472,13.0,26.0306282,119.19308472,12.89,-2.96,6.35,-6.706,-0.048,0.018,-0.112,-0.07,-2.73,-101.29,0.321,2.655,2.655,99.9,339,0,3050
935163,1,1,8,1.09,26.0306282,119.19308472,13.0,26.0306282,119.19308472,12.87,-2.97,6.354,-6.729,-0.048,0.018,-0.111,-0.08,-2.73,-101.28,0.321,2.783,2.783,100.1,339,0,3051
935363,1,1,8,1.09,26.0306282,119.19308472,13.0,26.0306282,119.19308472,12.85,-2.979,6.358,-6.751,-0.048,0.018,-0.11,-0.08,-2.72,-101.29,0.321,2.92,2.92,100.1,339,0,3051
935563,1,1,8,1.09,26.0306282,119.19308472,13.0,26.0306282,119.19308472,12.83,-2.989,6.361,-6.773,-0.047,0.018,-0.11,-0.08,-2.73,-101.3,0.321,3.066,3.066,100.1,339,0,3053
935763,1,1,8,2.03,26.0306282,119.19308472,13.1,26.0306282,119.19308472,12.88,-3.013,6.367,-6.716,-0.051,0.019,-0.097,-0.09,-2.72,-101.32,0.061,2.823,2.823,100.1,340,0,3056
935965,1,1,8,2.03,26.0306282,119.19308472,13.1,26.0306282,119.19308472,12.86,-3.023,6.37,-6.736,-0.051,0.019,-0.096,-0.1,-2.72,-101.33,0.061,2.969,2.969,100.1,340,0,3059
936173,1,1,8,2.03,26.0306282,119.19308472,13.1,26.0306282,119.19308472,12.84,-3.033,6.374,-6.756,-0.05,0.018,-0.095,-0.09,-2.72,-101.34,0.061,3.129,3.129,99.9,340,0,3060
936374,1,1,8,2.03,26.0306282,119.19308472,13.1,26.0306282,119.19308472,12.83,-3.044,6.378,-6.775,-0.05,0.019,-0.095,-0.09,-2.71,-101.32,0.061,3.291,3.291,99.9,340,0,3060
936575,1,1,8,2.03,26.03063202,119.19308472,13.1,26.0306282,119.19308472,12.81,-3.054,6.382,-6.794,-0.05,0.018,-0.095,-0.09,-2.7,-101.31,0.061,3.461,3.461,99.9,340,0,3062
936775,1,1,7,2.03,26.03063202,119.19308472,13.2,26.03063011,119.19308472,12.9,-3.062,6.503,-6.698,-0.049,0.046,-0.075,-0.08,-2.7,-101.32,0.412,3.095,3.095,99.9,341,0,3065
936983,1,1,7,2.03,26.03063202,119.19308472,13.2,26.03063011,119.19308472,12.89,-3.072,6.513,-6.714,-0.049,0.046,-0.075,-0.08,-2.7,-101.32,0.412,3.259,3.259,99.9,341,0,3068
937183,1,1,7,2.03,26.03063202,119.19308472,13.2,26.03063011,119.19308472,12.87,-3.082,6.522,-6.729,-0.048,0.046,-0.074,-0.07,-2.7,-101.31,0.412,3.425,3.425,100.1,341,0,3069
937383,1,1,7,2.03,26.03063202,119.19308472,13.2,26.03063011,119.19308472,12.86,-3.092,6.531,-6.743,-0.048,0.046,-0.074,-0.08,-2.7,-101.3,0.412,3.598,3.598,100.1,341,0,3069
937583,1,1,7,2.03,26.03063202,119.19308472,13.2,26.03063011,119.19308472,12.84,-3.101,6.54,-6.758,-0.048,0.045,-0.074,-0.08,-2.71,-101.29,0.412,3.777,3.777,100.1,341,0,3071
937783,1,1,7,2.03,26.03063202,119.19308472,13.1,26.03063011,119.19308472,12.9,-3.094,6.63,-6.697,-0.044,0.064,-0.061,-0.08,-2.72,-101.31,0.257,3.29,3.29,100.1,342,0,3074
937986,1,1,7,2.03,26.03063202,119.19308472,13.1,26.03063011,119.19308472,12.89,-3.103,6.643,-6.709,-0.044,0.063,-0.06,-0.08,-2.72,-101.3,0.257,3.455,3.455,100.1,342,0,3077
938193,1,1,7,2.03,26.03063202,119.19308472,13.1,26.03063011,119.19308472,12.88,-3.112,6.657,-6.722,-0.043,0.063,-0.06,-0.08,-2.71,-101.3,0.257,3.63,3.63,100.0,342,0,3078
938393,1,1,7,2.03,26.03063202,119.19308472,13.1,26.03063011,119.19308472,12.87,-3.121,6.669,-6.734,-0.043,0.063,-0.06,-0.09,-2.72,-101.3,0.257,3.806,3.806,100.0,342,0,3078
938593,1,1,7,2.03,26.0306282,119.19308472,13.1,26.03063011,119.19308472,12.85,-3.13,6.682,-6.746,-0.043,0.062,-0.06,-0.09,-2.72,-101.31,0.257,3.988,3.988,100.0,342,0,3080
938793,1,1,8,2.03,26.0306282,119.19308472,13.2,26.03063011,119.19308472,12.95,-3.111,6.585,-6.655,-0.037,0.038,-0.042,-0.08,-2.72,-101.33,0.324,3.409,3.409,100.0,343,0,3083
938993,1,1,8,2.03,26.0306282,119.19308472,13.2,26.03063011,119.19308472,12.94,-3.118,6.593,-6.663,-0.036,0.038,-0.042,-0.08,-2.72,-101.33,0.324,3.57,3.57,100.0,343,0,3086
939193,1,1,8,2.03,26.0306282,119.19308472,13.2,26.03063011,119.19308472,12.93,-3.125,6.6,-6.671,-0.036,0.037,-0.042,-0.06,-2.74,-101.31,0.324,3.739,3.739,100.0,343,0,3087
939393,1,1,8,2.03,26.0306282,119.19308472,13.2,26.03063011,119.19308472,12.92,-3.133,6.608,-6.68,-0.036,0.037,-0.042,-0.06,-2.74,-101.3,0.324,3.913,3.913,100.0,343,0,3087
939593,1,1,8,2.03,26.0306282,119.19308472,13.2,26.03063011,119.19308472,12.91,-3.14,6.615,-6.688,-0.035,0.036,-0.041,-0.06,-2.75,-101.31,0.324,4.094,4.094,100.0,343,0,3089
939793,1,1,8,2.03,26.0306282,119.19308472,13.4,26.03063011,119.19308472,13.05,-3.115,6.534,-6.551,-0.029,0.018,-0.016,-0.07,-2.73,-101.31,0.262,3.463,3.463,100.0,344,0,3092
939993,1,1,8,2.03,26.0306282,119.19308472,13.4,26.03063011,119.19308472,13.05,-3.121,6.537,-6.554,-0.029,0.018,-0.016,-0.08,-2.72,-101.31,0.262,3.622,3.622,100.0,344,0,3095
940193,1,1,8,2.03,26.0306282,119.19308472,13.4,26.03063011,119.19308472,13.04,-3.127,6.541,-6.557,-0.029,0.018,-0.016,-0.08,-2.72,-101.3,0.262,3.788,3.788,100.0,344,0,3096
940393,1,1,8,2.03,26.0306282,119.19308472,13.4,26.03063011,119.19308472,13.04,-3.132,6.545,-6.56,-0.028,0.018,-0.016,-0.07,-2.72,-101.29,0.262,3.96,3.96,100.0,344,0,3096
940593,1,1,8,2.03,26.0306282,119.19308472,13.4,26.03063011,119.19308472,13.04,-3.138,6.548,-6.563,-0.028,0.018,-0.015,-0.06,-2.72,-101.29,0.262,4.138,4.138,100.0,344,0,3098
940794,1,1,8,2.03,26.0306282,119.19308472,13.5,26.03063011,119.19308472,13.17,-3.112,6.487,-6.428,-0.021,0.004,0.009,-0.06,-2.72,-101.3,0.199,3.485,3.485,100.0,345,0,3101
941003,1,1,8,2.03,26.0306282,119.19308472,13.5,26.03063011,119.19308472,13.17,-3.117,6.488,-6.426,-0.021,0.004,0.008,-0.06,-2.72,-101.31,0.199,3.649,3.649,100.0,345,0,3104
941203,1,1,8,2.03,26.0306282,119.19308472,13.5,26.03063011,119.19308472,13.18,-3.121,6.488,-6.424,-0.021,0.004,0.008,-0.06,-2.72,-101.29,0.199,3.813,3.813,100.0,345,0,3105
941403,1,1,8,2.03,26.0306282,119.19308472,13.5,26.03063011,119.19308472,13.18,-3.125,6.489,-6.423,-0.022,0.004,0.004,-0.12,-2.76,-101.29,0.199,3.983,3.983,100.0,345,0,3105
941603,1,1,8,2.03,26.0306282,119.19308472,13.5,26.03063011,119.19308472,13.18,-3.129,6.49,-6.422,-0.021,0.003,0.003,-0.19,-2.78,-101.28,0.199,4.16,4.16,100.0,345,0,3107
941803,1,1,8,2.03,26.0306282,119.19308472,13.6,26.0306282,119.19308472,13.3,-3.105,6.447,-6.295,-0.014,-0.006,0.024,-0.15,-2.8,-101.3,0.143,3.498,3.498,100.0,346,0,3110
942003,1,1,8,2.03,26.0306282,119.19308472,13.6,26.0306282,119.19308472,13.31,-3.108,6.445,-6.29,-0.013,-0.006,0.023,-0.14,-2.79,-101.29,0.143,3.653,3.653,100.0,346,0,3113
942203,1,1,8,2.03,26.0306282,119.19308472,13.6,26.0306282,119.19308472,13.31,-3.11,6.444,-6.286,-0.013,-0.006,0.023,-0.13,-2.78,-101.3,0.143,3.816,3.816,99.9,346,0,3114
942403,1,1,8,2.03,26.0306282,119.19308472,13.6,26.0306282,119.19308472,13.32,-3.113,6.443,-6.281,-0.012,-0.006,0.023,-0.11,-2.77,-101.3,0.143,3.985,3.985,99.9,346,0,3114
942604,1,1,8,2.03,26.0306282,119.19308472,13.6,26.0306282,119.19308472,13.32,-3.115,6.442,-6.276,-0.011,-0.006,0.023,-0.09,-2.76,-101.29,0.143,4.161,4.161,99.9,346,0,3116
942813,1,1,8,2.03,26.0306282,119.19308472,13.9,26.0306282,119.19308472,13.5,-3.095,6.414,-6.099,-0.006,-0.011,0.052,-0.09,-2.75,-101.29,0.096,3.505,3.505,99.9,347,0,3119
943013,1,1,8,2.03,26.0306282,119.19308472,13.9,26.0306282,119.19308472,13.51,-3.096,6.412,-6.088,-0.006,-0.011,0.052,-0.07,-2.74,-101.29,0.096,3.66,3.66,99.9,347,0,3123
943213,1,1,8,2.03,26.0306282,119.19308472,13.9,26.0306282,119.19308472,13.52,-3.097,6.41,-6.078,-0.006,-0.011,0.051,-0.08,-2.74,-101.28,0.096,3.822,3.822,100.0,347,0,3123
943413,1,1,8,2.03,26.0306282,119.19308472,13.9,26.0306282,119.19308472,13.53,-3.098,6.408,-6.068,-0.006,-0.011,0.051,-0.08,-2.76,-101.28,0.096,3.991,3.991,100.0,347,0,3123
943613,1,1,8,2.03,26.0306282,119.19308472,13.9,26.0306282,119.19308472,13.54,-3.1,6.406,-6.058,-0.006,-0.011,0.05,-0.08,-2.75,-101.27,0.096,4.166,4.166,100.0,347,0,3125
943813,1,1,8,2.03,26.0306282,119.19308472,14.0,26.0306282,119.19308472,13.69,-3.084,6.39,-5.911,-0.003,-0.013,0.073,-0.08,-2.75,-101.28,0.059,3.501,3.501,100.0,348,0,3128
944013,1,1,8,2.03,26.0306282,119.19308472,14.0,26.0306282,119.19308472,13.7,-3.084,6.388,-5.896,-0.003,-0.013,0.072,-0.08,-2.74,-101.29,0.059,3.655,3.655,100.0,348,0,3131
944214,1,1,8,2.03,26.0306282,119.19308472,14.0,26.0306282,119.19308472,13.72,-3.085,6.385,-5.882,-0.003,-0.013,0.072,-0.08,-2.75,-101.28,0.059,3.818,3.818,100.1,348,0,3132
944423,1,1,8,2.03,26.0306282,119.19308472,14.0,26.0306282,119.19308472,13.73,-3.085,6.382,-5.867,-0.003,-0.013,0.071,-0.07,-2.74,-101.31,0.059,3.994,3.994,100.1,348,0,3132
944625,1,1,8,2.03,26.0306282,119.19308472,14.0,26.0306282,119.19308472,13.75,-3.086,6.38,-5.852,-0.003,-0.013,0.071,-0.07,-2.74,-101.32,0.059,4.172,4.172,100.1,348,0,3134
944834,1,1,8,2.03,26.0306282,119.19308472,14.1,26.0306282,119.19308472,13.87,-3.074,6.373,-5.732,-0.0,-0.014,0.088,-0.06,-2.76,-101.33,0.035,3.513,3.513,100.1,349,0,3138
945043,1,1,8,2.03,26.0306282,119.19308472,14.1,26.0306282,119.19308472,13.89,-3.074,6.37,-5.713,-0.0,-0.014,0.088,-0.06,-2.76,-101.32,0.035,3.675,3.675,100.1,349,0,3141
945243,1,1,8,2.03,26.0306282,119.19308472,14.1,26.0306282,119.19308472,13.9,-3.074,6.368,-5.696,-0.0,-0.014,0.087,-0.06,-2.76,-101.3,0.035,3.838,3.838,99.7,349,0,3141
945443,1,1,8,2.03,26.0306282,119.19308472,14.1,26.0306282,119.19308472,13.92,-3.074,6.365,-5.678,-0.0,-0.013,0.087,-0.06,-2.75,-101.3,0.035,4.008,4.008,99.7,349,0,3141
945659,1,1,8,2.03,26.03063202,119.19308472,14.2,26.03063011,119.19308472,14.02,-3.067,6.514,-5.583,0.001,0.019,0.099,-0.06,-2.75,-101.27,0.433,3.384,3.384,99.7,350,0,3144
945863,1,1,8,2.03,26.03063202,119.19308472,14.2,26.03063011,119.19308472,14.04,-3.067,6.518,-5.563,0.001,0.019,0.099,-0.06,-2.75,-101.3,0.433,3.536,3.536,99.7,350,0,3147
946063,1,1,8,2.03,26.03063202,119.19308472,14.2,26.03063011,119.19308472,14.06,-3.066,6.522,-5.543,0.001,0.019,0.098,-0.06,-2.75,-101.31,0.433,3.693,3.693,99.7,350,0,3150
946263,1,1,8,2.03,26.03063202,119.19308472,14.2,26.03063011,119.19308472,14.08,-3.066,6.526,-5.524,0.001,0.019,0.098,-0.07,-2.75,-101.31,0.433,3.857,3.857,99.7,350,0,3150
946463,1,1,8,2.03,26.03063202,119.19308472,14.2,26.03063011,119.19308472,14.1,-3.066,6.529,-5.504,0.001,0.019,0.096,-0.07,-2.75,-101.31,0.433,4.028,4.028,99.7,350,0,3150
946664,1,1,8,2.03,26.03063583,119.19308472,14.4,26.03063202,119.19308472,14.2,-3.061,6.776,-5.401,0.002,0.07,0.111,-0.07,-2.76,-101.32,0.687,3.389,3.389,99.7,351,0,3153
946873,1,1,8,2.03,26.03063583,119.19308472,14.4,26.03063202,119.19308472,14.22,-3.061,6.79,-5.378,0.002,0.07,0.11,-0.08,-2.76,-101.3,0.687,3.546,3.546,99.7,351,0,3156
947073,1,1,8,2.03,26.03063583,119.19308472,14.4,26.03063202,119.19308472,14.24,-3.06,6.804,-5.356,0.002,0.069,0.11,-0.06,-2.76,-101.31,0.687,3.703,3.703,99.7,351,0,3159
947273,1,1,8,2.03,26.03063583,119.19308472,14.4,26.03063202,119.19308472,14.27,-3.06,6.818,-5.334,0.001,0.069,0.11,-0.07,-2.74,-101.31,0.687,3.868,3.868,99.6,351,0,3159
947473,1,1,8,2.03,26.03063583,119.19308472,14.4,26.03063202,119.19308472,14.29,-3.06,6.832,-5.312,0.002,0.069,0.109,-0.06,-2.75,-101.31,0.687,4.04,4.04,99.6,351,0,3159
947684,1,1,8,2.03,26.03063202,119.19308472,14.6,26.03063202,119.19308472,14.4,-3.057,6.829,-5.202,0.002,0.065,0.123,-0.06,-2.74,-101.33,0.049,3.406,3.406,99.6,352,0,3162
947893,1,1,8,2.03,26.03063202,119.19308472,14.6,26.03063202,119.19308472,14.42,-3.057,6.843,-5.177,0.002,0.064,0.123,-0.07,-2.74,-101.34,0.049,3.563,3.563,99.6,352,0,3165
948093,1,1,8,2.03,26.03063202,119.19308472,14.6,26.03063202,119.19308472,14.45,-3.056,6.855,-5.152,0.002,0.064,0.122,-0.06,-2.75,-101.33,0.049,3.722,3.722,101.0,352,0,3168
948293,1,1,8,2.03,26.03063202,119.19308472,14.6,26.03063202,119.19308472,14.47,-3.056,6.868,-5.128,0.002,0.064,0.121,-0.06,-2.74,-101.34,0.049,3.888,3.888,101.0,352,0,3168
948493,1,1,8,2.03,26.03063202,119.19308472,14.6,26.03063202,119.19308472,14.5,-3.055,6.881,-5.104,0.002,0.063,0.121,-0.05,-2.74,-101.34,0.049,4.061,4.061,101.0,352,0,3168
948702,1,1,8,2.03,26.03063965,119.19306946,14.7,26.03063583,119.19307709,14.58,-3.599,7.163,-5.023,-0.113,0.12,0.129,-0.05,-2.75,-101.34,1.7,3.421,3.421,101.0,353,0,3172
948903,1,1,8,2.03,26.03063965,119.19306946,14.7,26.03063583,119.19307709,14.6,-3.621,7.187,-4.997,-0.113,0.119,0.129,-0.06,-2.75,-101.35,1.7,3.573,3.573,101.0,353,0,3175
949103,1,1,8,2.03,26.03063965,119.19306946,14.7,26.03063583,119.19307709,14.63,-3.644,7.211,-4.972,-0.112,0.119,0.129,-0.06,-2.74,-101.33,1.7,3.733,3.733,100.0,353,0,3177
949303,1,1,8,2.03,26.03063965,119.19306946,14.7,26.03063583,119.19307709,14.65,-3.666,7.235,-4.946,-0.112,0.118,0.127,-0.07,-2.74,-101.35,1.7,3.899,3.899,100.0,353,0,3177
949503,1,1,8,2.03,26.03063965,119.19306946,14.7,26.03063583,119.19307709,14.68,-3.689,7.258,-4.921,-0.111,0.118,0.126,-0.06,-2.72,-101.35,1.7,4.072,4.072,100.0,353,0,3177
949709,1,1,8,2.03,26.03064728,119.19306946,14.9,26.03063965,119.19307709,14.77,-4.025,7.718,-4.834,-0.177,0.209,0.136,-0.06,-2.74,-101.35,1.501,3.427,3.427,100.0,354,0,3181
949914,1,1,8,2.03,26.03064728,119.19306946,14.9,26.03064156,119.19307709,14.79,-4.061,7.761,-4.807,-0.177,0.208,0.135,-0.07,-2.74,-101.35,1.501,3.584,3.584,100.0,354,0,3184
950123,1,1,8,2.03,26.03064728,119.19306946,14.9,26.03064156,119.19307709,14.82,-4.098,7.805,-4.778,-0.176,0.207,0.135,-0.06,-2.74,-101.36,1.501,3.751,3.751,100.0,354,0,3186
950323,1,1,8,2.03,26.03064728,119.19306946,14.9,26.03064156,119.19307709,14.85,-4.133,7.846,-4.752,-0.175,0.206,0.134,-0.05,-2.75,-101.34,1.501,3.918,3.918,100.0,354,0,3186
950524,1,1,8,2.03,26.03065109,119.19306946,14.9,26.03064156,119.19307709,14.88,-4.168,7.887,-4.725,-0.174,0.205,0.134,-0.07,-2.75,-101.35,1.501,4.093,4.093,100.0,354,0,3187
950733,1,1,8,1.08,26.03065109,119.19306946,15.2,26.03064919,119.19306946,15.01,-4.468,8.607,-4.586,-0.229,0.346,0.152,-0.06,-2.76,-101.32,1.082,2.506,2.506,100.0,355,0,3190
950933,1,1,8,1.08,26.03065109,119.19306946,15.2,26.03064919,119.19306946,15.04,-4.513,8.676,-4.556,-0.227,0.344,0.152,-0.07,-2.77,-101.33,1.082,2.623,2.623,100.0,355,0,3193
951133,1,1,8,1.08,26.03065109,119.19306946,15.2,26.03064919,119.19306946,15.07,-4.559,8.745,-4.526,-0.226,0.343,0.151,-0.06,-2.76,-101.32,1.082,2.749,2.749,100.0,355,0,3195
951333,1,1,8,1.08,26.03065109,119.19306946,15.2,26.03065109,119.19306946,15.1,-4.604,8.813,-4.496,-0.225,0.341,0.151,-0.06,-2.74,-101.34,1.082,2.885,2.885,100.0,355,0,3195
951535,1,1,8,1.08,26.03065681,119.19306946,15.2,26.03065109,119.19306946,15.13,-4.649,8.882,-4.465,-0.224,0.339,0.15,-0.06,-2.74,-101.34,1.082,3.032,3.032,100.0,355,0,3196
951743,1,1,8,1.08,26.03065681,119.19306946,15.6,26.03065491,119.19306946,15.32,-4.647,9.29,-4.282,-0.211,0.418,0.175,-0.07,-2.75,-101.32,0.646,2.227,2.227,100.0,356,0,3199
951943,1,1,8,1.08,26.03065681,119.19306946,15.6,26.03065491,119.19306946,15.35,-4.689,9.373,-4.247,-0.21,0.416,0.174,-0.07,-2.74,-101.34,0.646,2.346,2.346,100.0,356,0,3202
952143,1,1,8,1.08,26.03065681,119.19306946,15.6,26.03065681,119.19306946,15.39,-4.731,9.456,-4.213,-0.209,0.414,0.174,-0.07,-2.74,-101.33,0.646,2.476,2.476,100.0,356,0,3204
952343,1,1,8,1.08,26.03065681,119.19306946,15.6,26.03065681,119.19306946,15.42,-4.773,9.539,-4.178,-0.208,0.412,0.173,-0.07,-2.74,-101.35,0.646,2.616,2.616,100.0,356,0,3204
952543,1,1,8,1.08,26.03066826,119.19304657,15.6,26.03065681,119.19306946,15.46,-4.814,9.621,-4.143,-0.207,0.41,0.172,-0.07,-2.73,-101.34,0.646,2.765,2.765,100.0,356,0,3205
952743,1,1,8,1.08,26.03066826,119.19304657,15.8,26.03066254,119.1930542,15.6,-5.837,10.267,-4.002,-0.47,0.56,0.19,-0.07,-2.74,-101.34,2.348,2.133,2.133,100.0,357,0,3208
952943,1,1,8,1.08,26.03066826,119.19304657,15.8,26.03066444,119.1930542,15.64,-5.931,10.379,-3.964,-0.468,0.557,0.188,-0.07,-2.73,-101.33,2.348,2.26,2.26,100.0,357,0,3211
953143,1,1,8,1.08,26.03066826,119.19304657,15.8,26.03066444,119.1930542,15.67,-6.024,10.49,-3.927,-0.465,0.555,0.188,-0.07,-2.72,-101.34,2.348,2.397,2.397,100.0,357,0,3213
953343,1,1,8,1.08,26.03066826,119.19304657,15.8,26.03066635,119.1930542,15.71,-6.117,10.601,-3.889,-0.463,0.552,0.187,-0.06,-2.73,-101.34,2.348,2.543,2.543,100.0,357,0,3213
953543,1,1,8,1.08,26.03067589,119.19304657,15.8,26.03066635,119.1930542,15.75,-6.209,10.711,-3.852,-0.461,0.549,0.186,-0.06,-2.74,-101.35,2.348,2.699,2.699,100.0,357,0,3214
953743,1,1,8,1.08,26.03067589,119.19304657,16.0,26.03067207,119.19304657,15.86,-6.592,11.253,-3.739,-0.541,0.669,0.198,-0.06,-2.73,-101.34,1.106,2.111,2.111,100.0,358,0,3217
953943,1,1,8,1.08,26.03067589,119.19304657,16.0,26.03067398,119.19304657,15.9,-6.7,11.386,-3.7,-0.539,0.666,0.197,-0.07,-2.73,-101.34,1.106,2.242,2.242,100.0,358,0,3220
954143,1,1,8,1.08,26.03067589,119.19304657,16.0,26.03067398,119.19304657,15.94,-6.808,11.519,-3.66,-0.536,0.663,0.196,-0.07,-2.73,-101.35,1.106,2.383,2.383,100.0,358,0,3222
954343,1,1,8,1.08,26.03067589,119.19304657,16.0,26.03067589,119.19304657,15.98,-6.915,11.651,-3.621,-0.533,0.659,0.195,-0.05,-2.72,-101.33,1.106,2.533,2.533,100.0,358,0,3222
954544,1,1,8,1.08,26.0306797,119.19304657,16.0,26.03067589,119.19304657,16.02,-7.021,11.784,-3.582,-0.53,0.656,0.195,-0.04,-2.72,-101.33,1.106,2.691,2.691,100.0,358,0,3223
954753,1,1,8,1.08,26.0306797,119.19304657,16.1,26.0306797,119.19304657,16.08,-7.037,12.043,-3.521,-0.5,0.688,0.198,-0.04,-2.72,-101.33,0.329,2.115,2.115,100.0,359,0,3226
954954,1,1,8,1.08,26.0306797,119.19304657,16.1,26.0306797,119.19304657,16.12,-7.138,12.181,-3.481,-0.498,0.684,0.197,-0.04,-2.73,-101.34,0.329,2.249,2.249,100.0,359,0,3229
955163,1,1,8,1.08,26.0306797,119.19304657,16.1,26.03068161,119.19304657,16.16,-7.242,12.324,-3.44,-0.495,0.681,0.196,-0.04,-2.74,-101.36,0.329,2.397,2.397,100.0,359,0,3231
955363,1,1,8,1.08,26.0306797,119.19304657,16.1,26.03068352,119.19303894,16.2,-7.34,12.46,-3.401,-0.493,0.677,0.195,-0.04,-2.74,-101.34,0.329,2.548,2.548,100.0,359,0,3231
955563,1,1,8,1.08,26.03068352,119.19304657,16.1,26.03068352,119.19303894,16.24,-7.439,12.595,-3.362,-0.491,0.674,0.194,-0.06,-2.73,-101.32,0.329,2.707,2.707,100.0,359,0,3233
955763,1,1,8,1.08,26.03068352,119.19304657,16.2,26.03068542,119.19303894,16.26,-7.251,12.675,-3.34,-0.406,0.654,0.19,-0.06,-2.75,-101.31,0.616,2.122,2.122,100.0,360,0,3236
955963,1,1,8,1.08,26.03068352,119.19304657,16.2,26.03068542,119.19303894,16.3,-7.332,12.806,-3.302,-0.405,0.651,0.189,-0.06,-2.74,-101.29,0.616,2.254,2.254,100.0,360,0,3239
956163,1,1,8,1.08,26.03068352,119.19304657,16.2,26.03068733,119.19303894,16.34,-7.413,12.936,-3.264,-0.403,0.648,0.188,-0.07,-2.74,-101.28,0.616,2.396,2.396,100.0,360,0,3240
956363,1,1,8,1.08,26.03068352,119.19304657,16.2,26.03068924,119.19303894,16.37,-7.493,13.065,-3.227,-0.401,0.645,0.187,-0.07,-2.74,-101.3,0.616,2.545,2.545,100.0,360,0,3240
956564,1,1,8,1.08,26.03068924,119.19304657,16.2,26.03068924,119.19303894,16.41,-7.573,13.194,-3.189,-0.398,0.642,0.186,-0.05,-2.74,-101.32,0.616,2.704,2.704,100.0,360,0,3242
956774,1,1,8,1.08,26.03068924,119.19304657,16.3,26.03069115,119.19303894,16.41,-7.31,13.293,-3.189,-0.298,0.628,0.178,-0.06,-2.73,-101.34,0.736,2.126,2.126,100.0,361,0,3245
956974,1,1,8,1.08,26.03068924,119.19304657,16.3,26.03069115,119.19303894,16.45,-7.369,13.419,-3.154,-0.296,0.625,0.177,-0.06,-2.73,-101.32,0.736,2.258,2.258,100.0,361,0,3248
957183,1,1,8,1.08,26.03068924,119.19304657,16.3,26.03069305,119.19303894,16.48,-7.431,13.549,-3.117,-0.295,0.622,0.176,-0.06,-2.73,-101.34,0.736,2.405,2.405,100.0,361,0,3249
957383,1,1,8,1.08,26.03068924,119.19304657,16.3,26.03069305,119.19303894,16.52,-7.49,13.673,-3.082,-0.293,0.619,0.174,-0.05,-2.74,-101.34,0.736,2.555,2.555,100.0,361,0,3249
957583,1,1,8,1.08,26.03069305,119.19304657,16.3,26.03069496,119.19303894,16.55,-7.549,13.797,-3.047,-0.292,0.616,0.173,-0.05,-2.73,-101.34,0.736,2.711,2.711,100.0,361,0,3251
957783,1,1,8,1.08,26.03069305,119.19304657,16.2,26.03069496,119.19303894,16.47,-7.279,13.808,-3.127,-0.198,0.581,0.152,-0.05,-2.74,-101.34,0.733,2.129,2.129,100.0,362,0,3254
957983,1,1,8,1.08,26.03069305,119.19304657,16.2,26.03069687,119.19303894,16.5,-7.318,13.924,-3.097,-0.198,0.578,0.151,-0.06,-2.75,-101.35,0.733,2.261,2.261,100.0,362,0,3257
958183,1,1,8,1.08,26.03069305,119.19304657,16.2,26.03069687,119.19303894,16.53,-7.358,14.039,-3.067,-0.197,0.575,0.151,-0.05,-2.74,-101.36,0.733,2.401,2.401,100.0,362,0,3258
958383,1,1,8,1.08,26.03069305,119.19304657,16.2,26.03069878,119.19303894,16.56,-7.397,14.154,-3.037,-0.196,0.572,0.15,-0.05,-2.73,-101.37,0.733,2.55,2.55,100.0,362,0,3258
958583,1,1,8,1.08,26.03069687,119.19304657,16.2,26.03069878,119.19303894,16.59,-7.436,14.268,-3.007,-0.194,0.569,0.149,-0.05,-2.73,-101.37,0.733,2.706,2.706,100.0,362,0,3260
958783,1,1,8,1.08,26.03069687,119.19304657,16.1,26.03069878,119.19304657,16.46,-7.202,14.248,-3.136,-0.117,0.529,0.12,-0.05,-2.74,-101.36,0.643,2.125,2.125,100.0,363,0,3263
958983,1,1,8,1.08,26.03069687,119.19304657,16.1,26.03070068,119.19304657,16.49,-7.226,14.353,-3.112,-0.117,0.526,0.119,-0.05,-2.73,-101.36,0.643,2.256,2.256,100.0,363,0,3266
959183,1,1,8,1.08,26.03069687,119.19304657,16.1,26.03070068,119.19304657,16.51,-7.249,14.458,-3.089,-0.116,0.524,0.119,-0.05,-2.72,-101.37,0.643,2.396,2.396,100.0,363,0,3267
959383,1,1,8,1.08,26.03069687,119.19304657,16.1,26.03070259,119.19303894,16.54,-7.272,14.563,-3.065,-0.116,0.521,0.119,-0.05,-2.73,-101.35,0.643,2.544,2.544,100.0,363,0,3267
959583,1,1,8,1.08,26.03070068,119.19304657,16.1,26.03070259,119.19303894,16.56,-7.296,14.667,-3.041,-0.116,0.518,0.118,-0.07,-2.72,-101.34,0.643,2.699,2.699,100.0,363,0,3269
959790,1,1,8,1.08,26.03070068,119.19304657,16.0,26.03070259,119.19304657,16.4,-7.115,14.651,-3.197,-0.058,0.481,0.086,-0.06,-2.73,-101.31,0.506,2.124,2.124,100.0,364,0,3272
959993,1,1,8,1.08,26.03070068,119.19304657,16.0,26.03070259,119.19304657,16.42,-7.126,14.749,-3.18,-0.058,0.479,0.085,-0.07,-2.73,-101.31,0.506,2.257,2.257,100.0,364,0,3275
960193,1,1,8,1.08,26.03070068,119.19304657,16.0,26.0307045,119.19304657,16.44,-7.138,14.844,-3.163,-0.057,0.477,0.084,-0.07,-2.72,-101.32,0.506,2.396,2.396,100.0,364,0,3276
960393,1,1,8,1.08,26.03070068,119.19304657,16.0,26.0307045,119.19304657,16.45,-7.149,14.94,-3.146,-0.057,0.474,0.084,-0.08,-2.72,-101.34,0.506,2.544,2.544,100.0,364,0,3276
960593,1,1,8,1.08,26.0307045,119.19304657,16.0,26.03070641,119.19304657,16.47,-7.161,15.034,-3.129,-0.057,0.472,0.083,-0.07,-2.73,-101.35,0.506,2.699,2.699,100.0,364,0,3278
960793,1,1,8,1.08,26.0307045,119.19304657,16.1,26.03070641,119.19304657,16.37,-7.034,15.039,-3.232,-0.018,0.444,0.062,-0.08,-2.75,-101.34,0.351,2.125,2.125,100.0,365,0,3281
960993,1,1,8,1.08,26.0307045,119.19304657,16.1,26.03070641,119.19304657,16.38,-7.037,15.127,-3.22,-0.018,0.442,0.061,-0.08,-2.75,-101.35,0.351,2.256,2.256,100.0,365,0,3284
961193,1,1,8,1.08,26.0307045,119.19304657,16.1,26.03070831,119.19304657,16.39,-7.041,15.215,-3.208,-0.018,0.439,0.06,-0.08,-2.77,-101.36,0.351,2.396,2.396,100.0,365,0,3285
961393,1,1,8,1.08,26.0307045,119.19304657,16.1,26.03070831,119.19304657,16.4,-7.044,15.303,-3.196,-0.018,0.437,0.06,-0.06,-2.77,-101.35,0.351,2.544,2.544,100.0,365,0,3285
961593,1,1,8,1.08,26.03070831,119.19303131,16.1,26.03070831,119.19304657,16.42,-7.048,15.39,-3.184,-0.018,0.435,0.059,-0.07,-2.75,-101.35,0.351,2.699,2.699,100.0,365,0,3287
961795,1,1,8,1.14,26.03070831,119.19303131,16.2,26.03071022,119.19303894,16.36,-7.647,15.425,-3.241,-0.184,0.418,0.046,-0.06,-2.74,-101.37,1.351,2.177,2.177,100.0,366,0,3290
962003,1,1,8,1.14,26.03070831,119.19303131,16.2,26.03071022,119.19303894,16.37,-7.686,15.512,-3.232,-0.183,0.416,0.046,-0.06,-2.75,-101.36,1.351,2.317,2.317,100.0,366,0,3293
962203,1,1,8,1.14,26.03070831,119.19303131,16.2,26.03071022,119.19303894,16.38,-7.722,15.595,-3.223,-0.183,0.414,0.046,-0.06,-2.75,-101.35,1.351,2.46,2.46,100.0,366,0,3294
962403,1,1,8,1.14,26.03070831,119.19303131,16.2,26.03071213,119.19303894,16.39,-7.759,15.677,-3.213,-0.182,0.412,0.046,-0.06,-2.75,-101.35,1.351,2.61,2.61,100.0,366,0,3294
962604,1,1,8,1.14,26.0307045,119.19304657,16.2,26.03071213,119.19303894,16.4,-7.795,15.76,-3.204,-0.18,0.41,0.045,-0.05,-2.75,-101.35,1.351,2.769,2.769,100.0,366,0,3296
962813,1,1,8,2.02,26.0307045,119.19304657,16.2,26.03071213,119.19303894,16.35,-7.641,15.658,-3.247,-0.126,0.356,0.035,-0.05,-2.75,-101.34,1.3,2.639,2.639,100.0,367,0,3299
963013,1,1,8,2.02,26.0307045,119.19304657,16.2,26.03071213,119.19303894,16.36,-7.666,15.729,-3.241,-0.126,0.354,0.034,-0.05,-2.74,-101.35,1.3,2.795,2.795,100.0,367,0,3303
963214,1,1,8,2.02,26.0307045,119.19304657,16.2,26.03071213,119.19303894,16.37,-7.691,15.8,-3.234,-0.125,0.352,0.034,-0.05,-2.75,-101.35,1.3,2.96,2.96,100.0,367,0,3303
963423,1,1,8,2.02,26.0307045,119.19304657,16.2,26.03071404,119.19303894,16.37,-7.717,15.873,-3.227,-0.125,0.351,0.034,-0.06,-2.75,-101.34,1.3,3.138,3.138,100.0,367,0,3303
963623,1,1,8,2.02,26.0307045,119.19301605,16.2,26.03071404,119.19303894,16.38,-7.742,15.943,-3.22,-0.125,0.349,0.033,-0.07,-2.75,-101.33,1.3,3.315,3.315,100.0,367,0,3305
963823,1,1,8,1.08,26.0307045,119.19301605,16.3,26.03070831,119.19302368,16.36,-9.019,15.387,-3.24,-0.446,0.186,0.028,-0.08,-2.76,-101.33,2.433,2.352,2.352,100.0,368,0,3308
964025,1,1,8,1.08,26.0307045,119.19301605,16.3,26.03071022,119.19302368,16.37,-9.109,15.425,-3.235,-0.444,0.186,0.028,-0.07,-2.75,-101.35,2.433,2.487,2.487,100.0,368,0,3312
964234,1,1,8,1.08,26.0307045,119.19301605,16.3,26.03071022,119.19302368,16.37,-9.201,15.464,-3.229,-0.441,0.185,0.028,-0.06,-2.74,-101.34,2.433,2.635,2.635,100.0,368,0,3312
964443,1,1,8,1.08,26.0307045,119.19301605,16.3,26.03071022,119.19302368,16.38,-9.293,15.502,-3.223,-0.439,0.184,0.028,-0.08,-2.72,-101.33,2.433,2.792,2.792,100.0,368,0,3312
964659,1,1,8,1.08,26.03071213,119.19301605,16.4,26.03071213,119.19301605,16.39,-9.654,15.628,-3.211,-0.509,0.206,0.028,-0.07,-2.75,-101.32,0.572,2.124,2.124,100.0,369,0,3315
964863,1,1,8,1.08,26.03071213,119.19301605,16.4,26.03071213,119.19301605,16.39,-9.758,15.669,-3.205,-0.506,0.205,0.028,-0.08,-2.74,-101.32,0.572,2.247,2.247,100.0,369,0,3318
965063,1,1,8,1.08,26.03071213,119.19301605,16.4,26.03071213,119.19301605,16.4,-9.859,15.71,-3.2,-0.504,0.204,0.028,-0.08,-2.74,-101.32,0.572,2.378,2.378,100.0,369,0,3321
965263,1,1,8,1.08,26.03071213,119.19301605,16.4,26.03071213,119.19301605,16.41,-9.96,15.751,-3.194,-0.502,0.203,0.029,-0.08,-2.74,-101.33,0.572,2.517,2.517,99.8,369,0,3321
965463,1,1,8,1.08,26.03071213,119.19301605,16.4,26.03071213,119.19301605,16.41,-10.06,15.791,-3.188,-0.499,0.201,0.029,-0.07,-2.75,-101.33,0.572,2.664,2.664,99.8,369,0,3321
965665,1,1,8,1.08,26.03071785,119.19301605,16.6,26.03071594,119.19301605,16.48,-10.056,16.075,-3.125,-0.467,0.268,0.039,-0.06,-2.75,-101.32,0.569,2.071,2.071,99.8,370,0,3324
965873,1,1,8,1.08,26.03071785,119.19301605,16.6,26.03071594,119.19301605,16.48,-10.153,16.131,-3.117,-0.465,0.267,0.038,-0.07,-2.73,-101.33,0.569,2.199,2.199,99.8,370,0,3327
966073,1,1,8,1.08,26.03071785,119.19301605,16.6,26.03071594,119.19301605,16.49,-10.246,16.184,-3.109,-0.463,0.266,0.039,-0.07,-2.72,-101.34,0.569,2.331,2.331,99.8,370,0,3330
966273,1,1,8,1.08,26.03071785,119.19301605,16.6,26.03071594,119.19300842,16.5,-10.338,16.237,-3.101,-0.46,0.265,0.038,-0.07,-2.72,-101.35,0.569,2.472,2.472,99.6,370,0,3330
966473,1,1,8,1.08,26.03071785,119.19301605,16.6,26.03071785,119.19300842,16.51,-10.43,16.29,-3.093,-0.458,0.263,0.038,-0.06,-2.72,-101.37,0.569,2.621,2.621,99.6,370,0,3330
966679,1,1,8,1.08,26.03072548,119.19301605,16.7,26.03072166,119.19301605,16.57,-10.253,16.739,-3.027,-0.378,0.375,0.049,-0.05,-2.71,-101.36,1.044,2.055,2.055,99.6,371,0,3333
966883,1,1,8,1.08,26.03072548,119.19301605,16.7,26.03072166,119.19300842,16.58,-10.33,16.815,-3.017,-0.376,0.373,0.048,-0.05,-2.73,-101.35,1.044,2.181,2.181,99.6,371,0,3336
967084,1,1,8,1.08,26.03072548,119.19301605,16.7,26.03072357,119.19300842,16.59,-10.405,16.89,-3.007,-0.374,0.371,0.048,-0.04,-2.74,-101.35,1.044,2.316,2.316,99.6,371,0,3339
967294,1,1,8,1.08,26.03072548,119.19301605,16.7,26.03072357,119.19300842,16.6,-10.484,16.968,-2.997,-0.371,0.369,0.048,-0.03,-2.73,-101.34,1.044,2.466,2.466,99.6,371,0,3339
967496,1,1,8,1.08,26.03072548,119.19301605,16.7,26.03072357,119.19300842,16.61,-10.558,17.042,-2.987,-0.369,0.367,0.048,-0.03,-2.73,-101.35,1.044,2.618,2.618,99.6,371,0,3339
967696,1,1,8,1.08,26.03073311,119.19301605,16.9,26.03072929,119.19300842,16.71,-10.316,17.55,-2.89,-0.276,0.491,0.063,-0.02,-2.74,-101.32,1.177,2.06,2.06,99.6,372,0,3342
967903,1,1,8,1.08,26.03073311,119.19301605,16.9,26.03072929,119.19300842,16.72,-10.373,17.651,-2.877,-0.275,0.488,0.062,-0.03,-2.74,-101.3,1.177,2.191,2.191,99.6,372,0,3345
968103,1,1,8,1.08,26.03073311,119.19301605,16.9,26.0307312,119.19300842,16.74,-10.428,17.749,-2.865,-0.274,0.486,0.062,-0.04,-2.73,-101.3,1.177,2.327,2.327,101.0,372,0,3348
968303,1,1,8,1.08,26.03073311,119.19301605,16.9,26.0307312,119.19300842,16.75,-10.483,17.846,-2.852,-0.272,0.484,0.062,-0.02,-2.73,-101.31,1.177,2.472,2.472,101.0,372,0,3348
968503,1,1,8,1.08,26.03073311,119.19301605,16.9,26.03073311,119.19300842,16.76,-10.537,17.942,-2.84,-0.271,0.481,0.062,-0.04,-2.71,-101.3,1.177,2.624,2.624,101.0,372,0,3348
968708,1,1,8,1.08,26.03073311,119.19301605,17.0,26.03073311,119.19301605,16.85,-10.294,18.06,-2.755,-0.184,0.485,0.075,-0.05,-2.72,-101.29,0.653,2.071,2.071,101.0,373,0,3352
968914,1,1,8,1.08,26.03073311,119.19301605,17.0,26.03073502,119.19300842,16.86,-10.332,18.16,-2.739,-0.183,0.482,0.075,-0.05,-2.72,-101.29,0.653,2.203,2.203,101.0,373,0,3355
969123,1,1,8,1.08,26.03073311,119.19301605,17.0,26.03073502,119.19300842,16.88,-10.37,18.26,-2.723,-0.182,0.479,0.075,-0.03,-2.73,-101.29,0.653,2.347,2.347,100.0,373,0,3357
969323,1,1,8,1.08,26.03073311,119.19301605,17.0,26.03073502,119.19300842,16.89,-10.406,18.356,-2.708,-0.181,0.477,0.074,-0.04,-2.73,-101.3,0.653,2.493,2.493,100.0,373,0,3357
969523,1,1,8,1.08,26.03073692,119.19301605,17.0,26.03073692,119.19300842,16.91,-10.442,18.451,-2.694,-0.18,0.475,0.074,-0.05,-2.73,-101.29,0.653,2.647,2.647,100.0,373,0,3358
969723,1,1,8,1.08,26.03073692,119.19301605,17.1,26.03073692,119.19301605,16.98,-10.228,18.532,-2.621,-0.107,0.468,0.084,-0.05,-2.73,-101.3,0.542,2.083,2.083,100.0,374,0,3361
969923,1,1,8,1.08,26.03073692,119.19301605,17.1,26.03073883,119.19301605,17.0,-10.25,18.625,-2.604,-0.107,0.466,0.083,-0.06,-2.73,-101.28,0.542,2.212,2.212,100.0,374,0,3364
970123,1,1,8,1.08,26.03073692,119.19301605,17.1,26.03073883,119.19301605,17.01,-10.271,18.718,-2.587,-0.107,0.464,0.083,-0.06,-2.73,-101.3,0.542,2.35,2.35,100.0,374,0,3366
970323,1,1,8,1.08,26.03073692,119.19301605,17.1,26.03074074,119.19301605,17.03,-10.292,18.81,-2.571,-0.106,0.461,0.082,-0.05,-2.74,-101.29,0.542,2.497,2.497,100.0,374,0,3366
970523,1,1,8,1.08,26.03074074,119.19301605,17.1,26.03074074,119.19300842,17.05,-10.313,18.902,-2.555,-0.106,0.459,0.081,-0.06,-2.72,-101.3,0.542,2.651,2.651,100.0,374,0,3367
970728,1,1,8,1.08,26.03074074,119.19301605,17.1,26.03074074,119.19301605,17.08,-10.148,18.97,-2.524,-0.051,0.45,0.084,-0.06,-2.71,-101.3,0.408,2.088,2.088,100.0,375,0,3370
970933,1,1,8,1.08,26.03074074,119.19301605,17.1,26.03074265,119.19301605,17.09,-10.158,19.062,-2.506,-0.051,0.447,0.083,-0.07,-2.72,-101.32,0.408,2.22,2.22,100.0,375,0,3373
971133,1,1,8,1.08,26.03074074,119.19301605,17.1,26.03074265,119.19301605,17.11,-10.169,19.152,-2.49,-0.051,0.445,0.083,-0.06,-2.72,-101.32,0.408,2.359,2.359,99.9,375,0,3375
971333,1,1,8,1.08,26.03074074,119.19301605,17.1,26.03074455,119.19301605,17.13,-10.179,19.24,-2.473,-0.051,0.442,0.082,-0.06,-2.72,-101.33,0.408,2.505,2.505,99.9,375,0,3375
971533,1,1,8,1.08,26.03074455,119.19301605,17.1,26.03074455,119.19301605,17.14,-10.189,19.329,-2.457,-0.05,0.44,0.082,-0.06,-2.72,-101.32,0.408,2.659,2.659,99.9,375,0,3376
971733,1,1,8,1.08,26.03074455,119.19301605,17.4,26.03074455,119.19301605,17.24,-10.072,19.391,-2.363,-0.014,0.431,0.095,-0.08,-2.72,-101.33,0.279,2.088,2.088,99.9,376,0,3379
971935,1,1,8,1.08,26.03074455,119.19301605,17.4,26.03074646,119.19301605,17.26,-10.075,19.478,-2.343,-0.014,0.429,0.095,-0.07,-2.72,-101.34,0.279,2.219,2.219,99.9,376,0,3382
972143,1,1,8,1.08,26.03074455,119.19301605,17.4,26.03074646,119.19301605,17.28,-10.078,19.566,-2.324,-0.014,0.426,0.094,-0.06,-2.73,-101.34,0.279,2.362,2.362,100.1,376,0,3384
972343,1,1,8,1.08,26.03074455,119.19301605,17.4,26.03074837,119.19301605,17.29,-10.08,19.652,-2.305,-0.014,0.424,0.093,-0.06,-2.73,-101.34,0.279,2.508,2.508,100.1,376,0,3384
972543,1,1,8,1.08,26.03076172,119.19301605,17.4,26.03074837,119.19301605,17.31,-10.083,19.736,-2.287,-0.014,0.422,0.093,-0.07,-2.73,-101.34,0.279,2.663,2.663,100.1,376,0,3385
972745,1,1,8,1.08,26.03076172,119.19301605,17.6,26.030756,119.19301605,17.42,-10.01,20.497,-2.18,0.008,0.613,0.108,-0.06,-2.7,-101.33,1.463,2.094,2.094,100.1,377,0,3388
972953,1,1,8,1.08,26.03076172,119.19301605,17.6,26.030756,119.19301605,17.44,-10.008,20.625,-2.158,0.008,0.61,0.107,-0.06,-2.71,-101.33,1.463,2.228,2.228,100.1,377,0,3391
973153,1,1,8,1.08,26.03076172,119.19301605,17.6,26.0307579,119.19301605,17.46,-10.007,20.746,-2.137,0.008,0.607,0.107,-0.06,-2.71,-101.35,1.463,2.367,2.367,100.0,377,0,3393
973353,1,1,8,1.08,26.03076172,119.19301605,17.6,26.0307579,119.19301605,17.48,-10.005,20.867,-2.115,0.008,0.604,0.106,-0.06,-2.71,-101.36,1.463,2.513,2.513,100.0,377,0,3393
973553,1,1,8,1.08,26.03076935,119.19301605,17.6,26.03075981,119.19301605,17.51,-10.003,20.988,-2.094,0.008,0.6,0.105,-0.07,-2.72,-101.34,1.463,2.668,2.668,100.0,377,0,3394
973753,1,1,8,1.08,26.03076935,119.19301605,17.8,26.03076553,119.19301605,17.62,-9.964,21.592,-1.983,0.018,0.735,0.121,-0.07,-2.73,-101.35,1.043,2.098,2.098,100.0,378,0,3397
973953,1,1,8,1.08,26.03076935,119.19301605,17.8,26.03076553,119.19301605,17.64,-9.96,21.738,-1.959,0.019,0.731,0.12,-0.06,-2.73,-101.34,1.043,2.227,2.227,100.0,378,0,3400
974153,1,1,8,1.08,26.03076935,119.19301605,17.8,26.03076744,119.19301605,17.66,-9.956,21.884,-1.935,0.018,0.728,0.12,-0.06,-2.73,-101.34,1.043,2.365,2.365,100.0,378,0,3402
974354,1,1,8,1.08,26.03076935,119.19301605,17.8,26.03076935,119.19301605,17.69,-9.953,22.03,-1.911,0.018,0.724,0.119,-0.07,-2.74,-101.33,1.043,2.513,2.513,100.0,378,0,3402
974563,1,1,8,1.08,26.03077888,119.19300079,17.8,26.03076935,119.19301605,17.71,-9.949,22.181,-1.886,0.018,0.72,0.118,-0.08,-2.74,-101.34,1.043,2.674,2.674,100.0,378,0,3404
974763,1,1,8,1.08,26.03077888,119.19300079,18.0,26.03077507,119.19300842,17.82,-10.645,22.747,-1.775,-0.181,0.836,0.133,-0.08,-2.75,-101.34,1.752,2.103,2.103,100.0,379,0,3406
974963,1,1,8,1.08,26.03077888,119.19300079,18.0,26.03077698,119.19300842,17.85,-10.681,22.913,-1.749,-0.18,0.832,0.133,-0.07,-2.75,-101.35,1.752,2.233,2.233,100.0,379,0,3409
975163,1,1,8,1.08,26.03077888,119.19300079,18.0,26.03077888,119.19300842,17.88,-10.717,23.079,-1.722,-0.178,0.828,0.132,-0.07,-2.74,-101.36,1.752,2.372,2.372,99.9,379,0,3411
975363,1,1,8,1.08,26.03077888,119.19300079,18.0,26.03077888,119.19300842,17.9,-10.752,23.245,-1.696,-0.178,0.824,0.13,-0.08,-2.73,-101.33,1.752,2.519,2.519,99.9,379,0,3411
975563,1,1,8,1.08,26.03078651,119.19300079,18.0,26.03078079,119.19300842,17.93,-10.788,23.409,-1.67,-0.177,0.819,0.129,-0.07,-2.74,-101.32,1.752,2.674,2.674,99.9,379,0,3413
975763,1,1,8,1.08,26.03078651,119.19300079,18.1,26.03078461,119.19300079,18.01,-11.124,23.813,-1.594,-0.261,0.884,0.138,-0.07,-2.72,-101.32,0.826,2.103,2.103,99.9,380,0,3415
975963,1,1,8,1.08,26.03078651,119.19300079,18.1,26.03078651,119.19300079,18.03,-11.176,23.99,-1.566,-0.259,0.88,0.136,-0.06,-2.72,-101.34,0.826,2.232,2.232,99.9,380,0,3418
976163,1,1,8,1.08,26.03078651,119.19300079,18.1,26.03078842,119.19300079,18.06,-11.228,24.165,-1.539,-0.258,0.875,0.135,-0.04,-2.72,-101.35,0.826,2.371,2.371,100.1,380,0,3420
976363,1,1,8,1.08,26.03078651,119.19300079,18.1,26.03079033,119.19300079,18.09,-11.279,24.34,-1.512,-0.257,0.871,0.135,-0.05,-2.71,-101.36,0.826,2.518,2.518,100.1,380,0,3420
976563,1,1,8,1.08,26.03078651,119.19300079,18.1,26.03079033,119.19300079,18.11,-11.33,24.514,-1.485,-0.256,0.866,0.134,-0.06,-2.73,-101.37,0.826,2.673,2.673,100.1,380,0,3421
976766,1,1,8,1.08,26.03078651,119.19300079,18.2,26.03079033,119.19300079,18.17,-11.427,24.414,-1.434,-0.267,0.783,0.137,-0.05,-2.74,-101.37,0.598,2.105,2.105,100.1,381,0,3424
976973,1,1,8,1.08,26.03078651,119.19300079,18.2,26.03079224,119.19300079,18.19,-11.482,24.575,-1.406,-0.266,0.779,0.137,-0.06,-2.75,-101.34,0.598,2.24,2.24,100.1,381,0,3428
977173,1,1,8,1.08,26.03078651,119.19300079,18.2,26.03079224,119.19300079,18.22,-11.535,24.731,-1.379,-0.265,0.775,0.136,-0.06,-2.74,-101.33,0.598,2.379,2.379,100.0,381,0,3429
977373,1,1,8,1.08,26.03078651,119.19300079,18.2,26.03079414,119.19300079,18.25,-11.588,24.885,-1.352,-0.263,0.771,0.135,-0.05,-2.76,-101.3,0.598,2.526,2.526,100.0,381,0,3429
977575,1,1,8,1.08,26.03078651,119.19300079,18.2,26.03079605,119.19300079,18.28,-11.641,25.041,-1.324,-0.262,0.768,0.135,-0.06,-2.75,-101.3,0.598,2.683,2.683,100.0,381,0,3431
977785,1,1,8,1.08,26.03078651,119.19300079,18.4,26.03079224,119.19300079,18.34,-11.597,24.685,-1.26,-0.233,0.618,0.14,-0.06,-2.75,-101.3,1.12,2.117,2.117,100.0,382,0,3434
977993,1,1,8,1.08,26.03078651,119.19300079,18.4,26.03079414,119.19300079,18.37,-11.645,24.813,-1.23,-0.232,0.615,0.14,-0.06,-2.75,-101.32,1.12,2.254,2.254,100.0,382,0,3437
978193,1,1,8,1.08,26.03078651,119.19300079,18.4,26.03079414,119.19300079,18.4,-11.691,24.936,-1.202,-0.23,0.612,0.139,-0.07,-2.74,-101.32,1.12,2.394,2.394,99.9,382,0,3438
978393,1,1,8,1.08,26.03078651,119.19300079,18.4,26.03079605,119.19300079,18.43,-11.737,25.058,-1.175,-0.23,0.609,0.138,-0.07,-2.74,-101.32,1.12,2.542,2.542,99.9,382,0,3438
978593,1,1,8,1.08,26.03079033,119.19300079,18.4,26.03079796,119.19300079,18.45,-11.783,25.18,-1.147,-0.229,0.606,0.137,-0.08,-2.74,-101.31,1.12,2.698,2.698,99.9,382,0,3440
978796,1,1,8,1.08,26.03079033,119.19300079,18.4,26.03079414,119.19300079,18.46,-11.666,24.928,-1.139,-0.181,0.497,0.133,-0.08,-2.73,-101.32,0.867,2.123,2.123,99.9,383,0,3443
978996,1,1,8,1.08,26.03079033,119.19300079,18.4,26.03079605,119.19300079,18.49,-11.702,25.027,-1.112,-0.18,0.495,0.132,-0.08,-2.72,-101.34,0.867,2.255,2.255,99.9,383,0,3446
979203,1,1,8,1.08,26.03079033,119.19300079,18.4,26.03079605,119.19300079,18.52,-11.739,25.13,-1.085,-0.179,0.493,0.131,-0.08,-2.73,-101.34,0.867,2.4,2.4,100.1,383,0,3447
979403,1,1,8,1.08,26.03079033,119.19300079,18.4,26.03079796,119.19300079,18.54,-11.775,25.228,-1.059,-0.178,0.49,0.131,-0.08,-2.74,-101.34,0.867,2.549,2.549,100.1,383,0,3447
979603,1,1,8,1.08,26.03079796,119.19300079,18.4,26.03079796,119.19300079,18.57,-11.81,25.326,-1.033,-0.177,0.488,0.13,-0.08,-2.74,-101.32,0.867,2.705,2.705,100.1,383,0,3449
979803,1,1,8,1.08,26.03079796,119.19300079,18.4,26.03079987,119.19300079,18.54,-11.671,25.386,-1.062,-0.127,0.475,0.12,-0.08,-2.75,-101.31,0.379,2.128,2.128,100.1,384,0,3452
980003,1,1,8,1.08,26.03079796,119.19300079,18.4,26.03079987,119.19300079,18.56,-11.696,25.48,-1.038,-0.127,0.473,0.119,-0.08,-2.74,-101.31,0.379,2.26,2.26,100.1,384,0,3455
980203,1,1,8,1.08,26.03079796,119.19300079,18.4,26.03079987,119.19300079,18.59,-11.722,25.575,-1.014,-0.126,0.47,0.118,-0.08,-2.75,-101.31,0.379,2.401,2.401,99.9,384,0,3456
980403,1,1,8,1.08,26.03079796,119.19300079,18.4,26.03080177,119.19300079,18.61,-11.747,25.669,-0.991,-0.125,0.468,0.118,-0.07,-2.74,-101.32,0.379,2.549,2.549,99.9,384,0,3456
980603,1,1,8,1.08,26.03079796,119.19298553,18.4,26.03080177,119.19300079,18.63,-11.772,25.762,-0.967,-0.124,0.466,0.117,-0.07,-2.74,-101.3,0.379,2.706,2.706,99.9,384,0,3458
980806,1,1,7,1.13,26.03079796,119.19298553,18.4,26.03080177,119.19299316,18.58,-12.334,25.626,-1.019,-0.274,0.398,0.103,-0.07,-2.75,-101.3,1.302,2.173,2.173,99.9,385,0,3461
981013,1,1,7,1.13,26.03079796,119.19298553,18.4,26.03080177,119.19299316,18.6,-12.391,25.708,-0.998,-0.273,0.397,0.103,-0.06,-2.74,-101.29,1.302,2.312,2.312,99.9,385,0,3464
981213,1,1,7,1.13,26.03079796,119.19298553,18.4,26.03080177,119.19299316,18.62,-12.445,25.787,-0.977,-0.271,0.395,0.103,-0.06,-2.74,-101.28,1.302,2.456,2.456,100.1,385,0,3465
981413,1,1,7,1.13,26.03079796,119.19298553,18.4,26.03080368,119.19299316,18.64,-12.499,25.866,-0.957,-0.27,0.393,0.102,-0.06,-2.73,-101.3,1.302,2.607,2.607,100.1,385,0,3465
981614,1,1,7,1.13,26.03080177,119.19298553,18.4,26.03080368,119.19299316,18.66,-12.553,25.945,-0.936,-0.269,0.391,0.101,-0.06,-2.72,-101.32,1.302,2.766,2.766,100.1,385,0,3467
981823,1,1,7,1.13,26.03080177,119.19298553,18.3,26.03080368,119.19298553,18.57,-12.799,25.905,-1.032,-0.32,0.356,0.08,-0.05,-2.72,-101.35,0.49,2.208,2.208,100.1,386,0,3470
982023,1,1,7,1.13,26.03080177,119.19298553,18.3,26.03080368,119.19298553,18.58,-12.863,25.976,-1.016,-0.318,0.354,0.08,-0.07,-2.71,-101.35,0.49,2.343,2.343,100.1,386,0,3474
982223,1,1,7,1.13,26.03080177,119.19298553,18.3,26.03080559,119.19298553,18.6,-12.927,26.047,-1.0,-0.316,0.352,0.079,-0.06,-2.71,-101.35,0.49,2.487,2.487,100.0,386,0,3474
982424,1,1,7,1.13,26.03080177,119.19298553,18.3,26.03080559,119.19298553,18.62,-12.99,26.117,-0.985,-0.315,0.351,0.079,-0.06,-2.71,-101.37,0.49,2.639,2.639,100.0,386,0,3474
982633,1,1,7,1.13,26.03081131,119.19298553,18.3,26.03080559,119.19298553,18.63,-13.056,26.19,-0.968,-0.313,0.349,0.078,-0.05,-2.72,-101.36,0.49,2.806,2.806,100.0,386,0,3476
982833,1,1,6,2.67,26.03081131,119.19298553,18.2,26.0308075,119.19298553,18.57,-13.107,26.333,-1.027,-0.309,0.367,0.064,-0.07,-2.71,-101.35,0.563,2.782,2.782,100.0,387,0,3479
983033,1,1,6,2.67,26.03081131,119.19298553,18.2,26.0308075,119.19298553,18.59,-13.168,26.406,-1.015,-0.307,0.365,0.063,-0.07,-2.72,-101.35,0.563,2.945,2.945,100.0,387,0,3483
983233,1,1,6,2.67,26.03081131,119.19298553,18.2,26.0308094,119.19298553,18.6,-13.23,26.479,-1.002,-0.306,0.363,0.063,-0.07,-2.72,-101.34,0.563,3.115,3.115,100.0,387,0,3483
983433,1,1,6,2.67,26.03081131,119.19298553,18.2,26.0308094,119.19298553,18.61,-13.291,26.551,-0.989,-0.304,0.361,0.063,-0.07,-2.73,-101.34,0.563,3.292,3.292,100.0,387,0,3483
983633,1,1,6,2.67,26.03080559,119.19298553,18.1,26.0308094,119.19298553,18.52,-13.284,26.533,-1.078,-0.285,0.336,0.044,-0.08,-2.72,-101.36,0.633,3.151,3.151,100.0,388,0,3486
983834,1,1,6,2.67,26.03080559,119.19298553,18.1,26.0308094,119.19298553,18.53,-13.341,26.601,-1.069,-0.283,0.334,0.044,-0.08,-2.73,-101.35,0.633,3.324,3.324,100.0,388,0,3489
984043,1,1,6,2.67,26.03080559,119.19298553,18.1,26.03081131,119.19297791,18.54,-13.4,26.67,-1.06,-0.282,0.332,0.044,-0.07,-2.72,-101.34,0.633,3.51,3.51,100.0,388,0,3492
984243,1,1,6,2.67,26.03080559,119.19298553,18.1,26.03081131,119.19297791,18.55,-13.457,26.736,-1.051,-0.281,0.33,0.043,-0.08,-2.72,-101.33,0.633,3.694,3.694,100.0,388,0,3492
984443,1,1,6,2.67,26.03080559,119.19298553,18.1,26.03081131,119.19297791,18.56,-13.513,26.802,-1.042,-0.279,0.329,0.043,-0.07,-2.72,-101.34,0.633,3.884,3.884,100.0,388,0,3492
984666,1,1,6,2.67,26.03080559,119.19298553,18.0,26.03081131,119.19297791,18.44,-13.438,26.703,-1.155,-0.244,0.285,0.022,-0.07,-2.72,-101.35,0.955,3.603,3.603,100.0,389,0,3495
984873,1,1,6,2.67,26.03080559,119.19298553,18.0,26.03081131,119.19297791,18.45,-13.489,26.762,-1.151,-0.243,0.284,0.022,-0.07,-2.7,-101.35,0.955,3.787,3.787,100.0,389,0,3498
985073,1,1,6,2.67,26.03080559,119.19298553,18.0,26.03081131,119.19297791,18.45,-13.537,26.819,-1.146,-0.242,0.283,0.022,-0.07,-2.7,-101.35,0.955,3.971,3.971,100.0,389,0,3501
985273,1,1,6,2.67,26.03080559,119.19298553,18.0,26.03081322,119.19297791,18.46,-13.586,26.875,-1.142,-0.241,0.281,0.022,-0.07,-2.71,-101.34,0.955,4.16,4.16,100.0,389,0,3501
985473,1,1,6,2.67,26.03080559,119.19298553,18.0,26.03081322,119.19297791,18.46,-13.634,26.931,-1.138,-0.24,0.279,0.021,-0.07,-2.72,-101.32,0.955,4.355,4.355,100.0,389,0,3501
985681,1,1,6,2.67,26.03079796,119.19298553,17.9,26.0308094,119.19297791,18.33,-13.496,26.529,-1.266,-0.197,0.177,-0.001,-0.08,-2.73,-101.33,1.843,3.908,3.908,100.0,390,0,3505
985883,1,1,6,2.67,26.03079796,119.19298553,17.9,26.0308094,119.19297791,18.33,-13.536,26.564,-1.266,-0.197,0.176,-0.0,-0.08,-2.73,-101.33,1.843,4.087,4.087,100.0,390,0,3507
986083,1,1,6,2.67,26.03079796,119.19298553,17.9,26.0308094,119.19297791,18.33,-13.575,26.599,-1.266,-0.195,0.174,-0.001,-0.08,-2.73,-101.33,1.843,4.27,4.27,100.0,390,0,3510
986283,1,1,6,2.67,26.03079796,119.19298553,17.9,26.0308094,119.19297791,18.33,-13.614,26.634,-1.266,-0.194,0.173,-0.001,-0.08,-2.73,-101.34,1.843,4.458,4.458,100.0,390,0,3510
986483,1,1,6,2.67,26.03079796,119.19298553,17.9,26.03081131,119.19297791,18.33,-13.652,26.669,-1.266,-0.193,0.173,-0.002,-0.08,-2.72,-101.36,1.843,4.652,4.652,100.0,390,0,3510
986688,1,1,6,2.67,26.03079796,119.19298553,17.8,26.0308075,119.19297791,18.2,-13.482,26.281,-1.398,-0.149,0.085,-0.024,-0.07,-2.7,-101.35,1.596,4.084,4.084,100.0,391,0,3513
986893,1,1,6,2.67,26.03079796,119.19298553,17.8,26.0308075,119.19297791,18.2,-13.513,26.299,-1.403,-0.148,0.085,-0.023,-0.05,-2.7,-101.35,1.596,4.261,4.261,100.0,391,0,3516
987093,1,1,6,2.67,26.03079796,119.19298553,17.8,26.0308075,119.19297791,18.19,-13.542,26.316,-1.408,-0.147,0.084,-0.023,-0.04,-2.71,-101.34,1.596,4.44,4.44,100.0,391,0,3519
987293,1,1,6,2.67,26.03079796,119.19298553,17.8,26.0308075,119.19297791,18.19,-13.571,26.332,-1.412,-0.146,0.083,-0.023,-0.04,-2.72,-101.35,1.596,4.625,4.625,100.0,391,0,3519
987493,1,1,6,2.67,26.03079796,119.19298553,17.8,26.0308075,119.19297791,18.18,-13.601,26.349,-1.417,-0.146,0.083,-0.023,-0.06,-2.73,-101.38,1.596,4.815,4.815,100.0,391,0,3519
987701,1,1,6,2.67,26.03079414,119.19298553,17.6,26.03080368,119.19297791,18.03,-13.431,25.897,-1.569,-0.106,-0.009,-0.046,-0.05,-2.71,-101.37,1.65,4.186,4.186,100.0,392,0,3523
987904,1,1,6,2.67,26.03079414,119.19298553,17.6,26.03080368,119.19297791,18.02,-13.453,25.896,-1.578,-0.106,-0.009,-0.045,-0.05,-2.72,-101.38,1.65,4.358,4.358,100.0,392,0,3526
988113,1,1,6,2.67,26.03079414,119.19298553,17.6,26.03080368,119.19297791,18.01,-13.475,25.894,-1.588,-0.105,-0.009,-0.045,-0.07,-2.72,-101.37,1.65,4.542,4.542,100.0,392,0,3528
988313,1,1,6,2.67,26.03079414,119.19298553,17.6,26.03080368,119.19297791,18.0,-13.496,25.892,-1.597,-0.105,-0.009,-0.045,-0.06,-2.72,-101.36,1.65,4.723,4.723,99.8,392,0,3528
988513,1,1,6,2.67,26.03079414,119.19298553,17.6,26.03080368,119.19297791,17.99,-13.517,25.89,-1.606,-0.105,-0.008,-0.044,-0.07,-2.72,-101.35,1.65,4.911,4.911,99.8,392,0,3529
988715,1,1,7,2.67,26.03079414,119.19298553,17.3,26.03079987,119.19297791,17.81,-13.362,25.557,-1.793,-0.071,-0.071,-0.071,-0.08,-2.72,-101.32,1.186,4.237,4.237,99.8,393,0,3532
988923,1,1,7,2.67,26.03079414,119.19298553,17.3,26.03079987,119.19297791,17.79,-13.377,25.543,-1.808,-0.07,-0.071,-0.071,-0.07,-2.74,-101.32,1.186,4.411,4.411,99.8,393,0,3535
989123,1,1,7,2.67,26.03079414,119.19298553,17.3,26.03079987,119.19297791,17.78,-13.391,25.529,-1.822,-0.07,-0.07,-0.07,-0.06,-2.72,-101.31,1.186,4.584,4.584,99.8,393,0,3537
989323,1,1,7,2.67,26.03079414,119.19298553,17.3,26.03079987,119.19297791,17.76,-13.405,25.514,-1.836,-0.069,-0.07,-0.07,-0.06,-2.72,-101.34,1.186,4.763,4.763,99.01,393,0,3537
989525,1,1,7,2.67,26.03079414,119.19298553,17.3,26.03079987,119.19297791,17.75,-13.419,25.5,-1.85,-0.069,-0.07,-0.069,-0.07,-2.72,-101.35,1.186,4.95,4.95,99.01,393,0,3538
989727,1,1,7,2.67,26.03079414,119.19298553,17.0,26.03079796,119.19298553,17.54,-13.288,25.279,-2.059,-0.042,-0.108,-0.098,-0.07,-2.71,-101.36,0.793,4.261,4.261,99.01,394,0,3541
989933,1,1,7,2.67,26.03079414,119.19298553,17.0,26.03079796,119.19298553,17.52,-13.297,25.256,-2.079,-0.042,-0.107,-0.098,-0.07,-2.71,-101.37,0.793,4.431,4.431,99.01,394,0,3544
990133,1,1,7,2.67,26.03079414,119.19298553,17.0,26.03079796,119.19298553,17.5,-13.305,25.235,-2.098,-0.042,-0.107,-0.097,-0.05,-2.71,-101.36,0.793,4.603,4.603,99.01,394,0,3546
990333,1,1,7,2.67,26.03079414,119.19298553,17.0,26.03079796,119.19298553,17.48,-13.314,25.214,-2.118,-0.041,-0.106,-0.098,-0.05,-2.71,-101.37,0.793,4.781,4.781,100.6,394,0,3546
990535,1,1,7,2.67,26.03079414,119.19298553,17.0,26.03079796,119.19298553,17.46,-13.322,25.192,-2.137,-0.042,-0.106,-0.097,-0.07,-2.72,-101.36,0.793,4.967,4.967,100.6,394,0,3547
990743,1,1,8,2.02,26.03079414,119.19298553,17.0,26.03079605,119.19298553,17.27,-13.171,25.016,-2.332,-0.012,-0.134,-0.122,-0.07,-2.72,-101.35,0.49,3.85,3.85,100.6,395,0,3550
990943,1,1,8,2.02,26.03079414,119.19298553,17.0,26.03079605,119.19298553,17.24,-13.173,24.989,-2.357,-0.012,-0.133,-0.122,-0.07,-2.73,-101.32,0.49,4.0,4.0,100.6,395,0,3553
991144,1,1,8,2.02,26.03079414,119.19298553,17.0,26.03079605,119.19298553,17.22,-13.176,24.963,-2.381,-0.012,-0.132,-0.121,-0.07,-2.72,-101.33,0.49,4.157,4.157,100.6,395,0,3555
991353,1,1,8,2.02,26.03079414,119.19298553,17.0,26.03079414,119.19298553,17.19,-13.178,24.935,-2.407,-0.012,-0.132,-0.121,-0.06,-2.72,-101.34,0.49,4.329,4.329,99.6,395,0,3555
991553,1,1,8,2.02,26.03079796,119.19298553,17.0,26.03079414,119.19298553,17.17,-13.181,24.909,-2.431,-0.012,-0.131,-0.12,-0.06,-2.73,-101.33,0.49,4.501,4.501,99.6,395,0,3557
991753,1,1,8,2.02,26.03079796,119.19298553,16.7,26.03079605,119.19298553,16.99,-13.099,25.032,-2.614,0.004,-0.102,-0.143,-0.06,-2.73,-101.34,0.423,3.64,3.64,99.6,396,0,3559
991953,1,1,8,2.02,26.03079796,119.19298553,16.7,26.03079605,119.19298553,16.96,-13.098,25.011,-2.643,0.004,-0.102,-0.143,-0.07,-2.73,-101.33,0.423,3.787,3.787,99.6,396,0,3562
992153,1,1,8,2.02,26.03079796,119.19298553,16.7,26.03079605,119.19298553,16.93,-13.097,24.991,-2.671,0.003,-0.101,-0.143,-0.08,-2.73,-101.33,0.423,3.942,3.942,99.6,396,0,3564
992353,1,1,8,2.02,26.03079796,119.19298553,16.7,26.03079605,119.19298553,16.9,-13.097,24.971,-2.7,0.003,-0.101,-0.142,-0.08,-2.72,-101.33,0.423,4.104,4.104,100.0,396,0,3564
992553,1,1,8,2.02,26.03081512,119.19298553,16.7,26.03079605,119.19298553,16.87,-13.096,24.951,-2.728,0.003,-0.101,-0.142,-0.08,-2.74,-101.31,0.423,4.274,4.274,100.0,396,0,3566
992753,1,1,8,1.08,26.03081512,119.19298553,16.7,26.0308094,119.19298553,16.78,-13.011,26.473,-2.818,0.02,0.205,-0.151,-0.08,-2.73,-101.31,2.238,2.544,2.544,100.0,397,0,3568
992954,1,1,8,1.08,26.03081512,119.19298553,16.7,26.0308094,119.19298553,16.75,-13.007,26.514,-2.848,0.02,0.204,-0.151,-0.07,-2.71,-101.3,2.238,2.659,2.659,100.0,397,0,3571
993163,1,1,8,1.08,26.03081512,119.19298553,16.7,26.0308094,119.19298553,16.72,-13.003,26.556,-2.88,0.02,0.203,-0.15,-0.07,-2.72,-101.3,2.238,2.789,2.789,100.0,397,0,3573
993363,1,1,8,1.08,26.03081512,119.19298553,16.7,26.0308094,119.19298553,16.69,-12.999,26.597,-2.91,0.02,0.202,-0.149,-0.07,-2.72,-101.31,2.238,2.925,2.925,100.0,397,0,3573
993563,1,1,8,1.08,26.03083038,119.19298553,16.7,26.0308094,119.19298553,16.66,-12.995,26.637,-2.94,0.019,0.201,-0.149,-0.09,-2.71,-101.32,2.238,3.071,3.071,100.0,397,0,3575
993763,1,1,8,1.08,26.03083038,119.19298553,16.9,26.03082085,119.19298553,16.72,-12.98,27.862,-2.882,0.022,0.481,-0.134,-0.09,-2.71,-101.34,2.225,2.245,2.245,100.0,398,0,3578
993963,1,1,8,1.08,26.03083038,119.19298553,16.9,26.03082275,119.19298553,16.69,-12.976,27.959,-2.908,0.022,0.479,-0.133,-0.09,-2.7,-101.35,2.225,2.366,2.366,100.0,398,0,3581
994163,1,1,8,1.08,26.03083038,119.19298553,16.9,26.03082275,119.19298553,16.67,-12.972,28.054,-2.935,0.022,0.476,-0.132,-0.08,-2.71,-101.33,2.225,2.499,2.499,100.0,398,0,3582
994363,1,1,8,1.08,26.03083038,119.19298553,16.9,26.03082466,119.19298553,16.64,-12.967,28.149,-2.961,0.022,0.474,-0.131,-0.08,-2.73,-101.34,2.225,2.643,2.643,100.0,398,0,3582
994563,1,1,8,1.08,26.0308342,119.19298553,16.9,26.03082466,119.19298553,16.61,-12.963,28.244,-2.988,0.021,0.471,-0.131,-0.08,-2.73,-101.34,2.225,2.796,2.796,100.0,398,0,3584
994763,1,1,8,1.08,26.0308342,119.19298553,17.1,26.03083038,119.19298553,16.75,-12.965,28.838,-2.848,0.02,0.605,-0.102,-0.08,-2.73,-101.33,1.024,2.154,2.154,100.0,399,0,3587
994963,1,1,8,1.08,26.0308342,119.19298553,17.1,26.03083038,119.19298553,16.73,-12.961,28.958,-2.869,0.02,0.602,-0.102,-0.07,-2.73,-101.33,1.024,2.285,2.285,100.0,399,0,3590
995163,1,1,8,1.08,26.0308342,119.19298553,17.1,26.03083229,119.19298553,16.71,-12.957,29.078,-2.889,0.02,0.599,-0.101,-0.07,-2.73,-101.33,1.024,2.427,2.427,100.0,399,0,3591
995363,1,1,8,1.08,26.0308342,119.19298553,17.1,26.0308342,119.19298553,16.69,-12.953,29.198,-2.909,0.019,0.596,-0.1,-0.08,-2.72,-101.32,1.024,2.578,2.578,100.0,399,0,3591
995563,1,1,8,1.08,26.03083992,119.19298553,17.1,26.0308342,119.19298553,16.67,-12.949,29.317,-2.929,0.019,0.593,-0.1,-0.08,-2.73,-101.33,1.024,2.739,2.739,100.0,399,0,3593
995763,1,1,8,1.08,26.03083992,119.19298553,17.3,26.03083801,119.19298553,16.86,-12.957,29.713,-2.743,0.016,0.67,-0.063,-0.07,-2.73,-101.32,0.58,2.136,2.136,100.0,400,0,3595
995965,1,1,8,1.08,26.03083992,119.19298553,17.3,26.03083992,119.19298553,16.84,-12.954,29.848,-2.755,0.016,0.667,-0.062,-0.07,-2.74,-101.32,0.58,2.273,2.273,100.0,400,0,3599
996173,1,1,8,1.08,26.03083992,119.19298553,17.3,26.03083992,119.19298553,16.83,-12.951,29.986,-2.768,0.016,0.664,-0.062,-0.08,-2.73,-101.31,0.58,2.425,2.425,100.0,400,0,3600
996373,1,1,8,1.08,26.03083992,119.19298553,17.3,26.03084183,119.19298553,16.82,-12.948,30.119,-2.78,0.016,0.661,-0.062,-0.07,-2.72,-101.32,0.58,2.58,2.58,100.0,400,0,3600
996575,1,1,8,1.08,26.03084755,119.19298553,17.3,26.03084183,119.19298553,16.81,-12.945,30.252,-2.793,0.016,0.657,-0.062,-0.07,-2.72,-101.31,0.58,2.746,2.746,100.0,400,0,3602
996783,1,1,8,1.08,26.03084755,119.19298553,17.3,26.03084564,119.19298553,16.95,-12.956,30.628,-2.646,0.012,0.723,-0.033,-0.07,-2.71,-101.33,0.498,2.149,2.149,100.0,401,0,3605
996983,1,1,8,1.08,26.03084755,119.19298553,17.3,26.03084755,119.19298553,16.95,-12.953,30.772,-2.652,0.011,0.719,-0.032,-0.07,-2.71,-101.33,0.498,2.286,2.286,100.0,401,0,3608
997183,1,1,8,1.08,26.03084755,119.19298553,17.3,26.03084946,119.19298553,16.94,-12.951,30.916,-2.658,0.011,0.716,-0.032,-0.07,-2.72,-101.33,0.498,2.433,2.433,100.0,401,0,3609
997383,1,1,8,1.08,26.03084755,119.19298553,17.3,26.03084946,119.19298553,16.94,-12.949,31.058,-2.665,0.011,0.712,-0.032,-0.07,-2.73,-101.34,0.498,2.588,2.588,100.0,401,0,3609
997583,1,1,8,1.08,26.03084755,119.19298553,17.3,26.03085136,119.19298553,16.93,-12.947,31.2,-2.671,0.011,0.709,-0.032,-0.08,-2.72,-101.33,0.498,2.75,2.75,100.0,401,0,3611
997786,1,1,8,1.08,26.03084755,119.19298553,17.4,26.03085136,119.19298553,17.07,-12.958,31.127,-2.526,0.007,0.643,-0.004,-0.08,-2.72,-101.31,0.452,2.148,2.148,100.0,402,0,3614
997986,1,1,8,1.08,26.03084755,119.19298553,17.4,26.03085136,119.19298553,17.07,-12.956,31.255,-2.526,0.007,0.639,-0.004,-0.07,-2.72,-101.31,0.452,2.284,2.284,100.0,402,0,3617
998193,1,1,8,1.08,26.03084755,119.19298553,17.4,26.03085327,119.19298553,17.07,-12.955,31.387,-2.527,0.007,0.636,-0.004,-0.07,-2.72,-101.3,0.452,2.434,2.434,100.0,402,0,3618
998393,1,1,8,1.08,26.03084755,119.19298553,17.4,26.03085327,119.19298553,17.07,-12.953,31.514,-2.528,0.007,0.633,-0.004,-0.07,-2.71,-101.29,0.452,2.587,2.587,100.0,402,0,3618
998596,1,1,8,1.08,26.03085518,119.19295502,17.4,26.03085518,119.19298553,17.07,-12.952,31.642,-2.529,0.007,0.63,-0.004,-0.06,-2.72,-101.31,0.452,2.751,2.751,100.0,402,0,3620
998803,1,1,8,2.02,26.03085518,119.19295502,17.7,26.03085709,119.19297791,17.24,-13.581,31.765,-2.361,-0.172,0.624,0.026,-0.06,-2.71,-101.33,3.075,2.624,2.624,100.0,403,0,3623
999003,1,1,8,2.02,26.03085518,119.19295502,17.7,26.03085709,119.19297791,17.24,-13.615,31.89,-2.355,-0.171,0.621,0.026,-0.06,-2.72,-101.33,3.075,2.784,2.784,100.0,403,0,3626
999203,1,1,8,2.02,26.03085518,119.19295502,17.7,26.03085899,119.19297791,17.25,-13.649,32.013,-2.35,-0.171,0.618,0.027,-0.06,-2.73,-101.33,3.075,2.951,2.951,100.0,403,0,3627
999403,1,1,8,2.02,26.03085518,119.19295502,17.7,26.03085899,119.19297791,17.26,-13.683,32.137,-2.345,-0.169,0.615,0.027,-0.05,-2.73,-101.33,3.075,3.124,3.124,100.0,403,0,3627
999603,1,1,8,2.02,26.03085899,119.19295502,17.7,26.0308609,119.19297791,17.26,-13.717,32.259,-2.339,-0.169,0.612,0.026,-0.05,-2.72,-101.33,3.075,3.304,3.304,100.0,403,0,3629
999805,1,1,8,2.02,26.03085899,119.19295502,17.9,26.0308609,119.19297028,17.45,-14.373,32.325,-2.154,-0.331,0.593,0.058,-0.06,-2.72,-101.35,2.314,3.01,3.01,100.0,404,0,3632
1000005,1,1,8,2.02,26.03085899,119.19295502,17.9,26.03086281,119.19297028,17.46,-14.439,32.443,-2.142,-0.329,0.59,0.057,-0.06,-2.73,-101.36,2.314,3.178,3.178,100.0,404,0,3635
1000213,1,1,8,2.02,26.03085899,119.19295502,17.9,26.03086281,119.19297028,17.47,-14.507,32.565,-2.13,-0.327,0.587,0.057,-0.04,-2.72,-101.36,2.314,3.36,3.36,100.0,404,0,3636
1000413,1,1,8,2.02,26.03085899,119.19295502,17.9,26.03086472,119.19297028,17.48,-14.572,32.683,-2.119,-0.326,0.584,0.057,-0.04,-2.72,-101.36,2.314,3.541,3.541,100.0,404,0,3636
1000613,1,1,8,2.02,26.03086662,119.19295502,17.9,26.03086472,119.19297028,17.49,-14.637,32.799,-2.107,-0.324,0.581,0.057,-0.04,-2.71,-101.36,2.314,3.728,3.728,100.0,404,0,3638
1000813,1,1,8,2.02,26.03086662,119.19295502,18.1,26.03086662,119.19296265,17.68,-15.143,32.947,-1.918,-0.429,0.586,0.087,-0.04,-2.7,-101.35,1.386,3.269,3.269,100.0,405,0,3641
1001013,1,1,8,2.02,26.03086662,119.19295502,18.1,26.03086853,119.19296265,17.7,-15.228,33.064,-1.901,-0.427,0.583,0.086,-0.05,-2.71,-101.32,1.386,3.437,3.437,100.0,405,0,3645
1001213,1,1,8,2.02,26.03086662,119.19295502,18.1,26.03086853,119.19296265,17.72,-15.314,33.18,-1.884,-0.425,0.58,0.086,-0.05,-2.72,-101.32,1.386,3.612,3.612,100.0,405,0,3645
1001413,1,1,8,2.02,26.03086662,119.19295502,18.1,26.03087044,119.19296265,17.73,-15.399,33.296,-1.866,-0.423,0.577,0.086,-0.06,-2.72,-101.31,1.386,3.792,3.792,100.0,405,0,3645
1001614,1,1,8,2.02,26.03087616,119.19295502,18.1,26.03087044,119.19296265,17.75,-15.483,33.412,-1.849,-0.421,0.574,0.085,-0.06,-2.73,-101.33,1.386,3.98,3.98,100.0,405,0,3647
1001825,1,1,8,2.02,26.03087616,119.19295502,18.4,26.03087425,119.19295502,17.96,-15.758,33.724,-1.637,-0.461,0.614,0.118,-0.05,-2.74,-101.32,0.767,3.416,3.416,100.0,406,0,3650
1002029,1,1,8,2.02,26.03087616,119.19295502,18.4,26.03087425,119.19295502,17.99,-15.852,33.849,-1.613,-0.459,0.611,0.117,-0.06,-2.75,-101.32,0.767,3.585,3.585,100.0,406,0,3654
1002233,1,1,8,2.02,26.03087616,119.19295502,18.4,26.03087616,119.19295502,18.01,-15.945,33.973,-1.589,-0.457,0.608,0.116,-0.06,-2.75,-101.31,0.767,3.759,3.759,101.0,406,0,3654
1002433,1,1,8,2.02,26.03087616,119.19295502,18.4,26.03087807,119.19295502,18.03,-16.037,34.094,-1.566,-0.454,0.605,0.116,-0.05,-2.75,-101.31,0.767,3.937,3.937,101.0,406,0,3654
1002633,1,1,8,2.02,26.03087997,119.19293976,18.9,26.03087807,119.19294739,18.3,-16.621,34.278,-1.296,-0.564,0.616,0.159,-0.06,-2.74,-101.31,1.437,3.33,3.33,101.0,407,0,3657
1002833,1,1,8,2.02,26.03087997,119.19293976,18.9,26.03087997,119.19294739,18.34,-16.734,34.401,-1.264,-0.561,0.613,0.159,-0.06,-2.73,-101.33,1.437,3.485,3.485,101.0,407,0,3660
1003033,1,1,8,2.02,26.03087997,119.19293976,18.9,26.03088188,119.19294739,18.37,-16.846,34.523,-1.233,-0.559,0.61,0.158,-0.07,-2.74,-101.32,1.437,3.646,3.646,101.0,407,0,3663
1003233,1,1,8,2.02,26.03087997,119.19293976,18.9,26.03088188,119.19294739,18.4,-16.957,34.645,-1.201,-0.556,0.607,0.157,-0.06,-2.74,-101.32,1.437,3.814,3.814,100.0,407,0,3663
1003433,1,1,8,2.02,26.03087997,119.19293976,18.9,26.03088379,119.19294739,18.43,-17.068,34.766,-1.17,-0.553,0.604,0.156,-0.07,-2.74,-101.33,1.437,3.988,3.988,100.0,407,0,3663
1003633,1,1,8,2.02,26.0308876,119.19293976,19.2,26.0308857,119.19293976,18.68,-17.31,35.013,-0.921,-0.579,0.629,0.193,-0.07,-2.74,-101.31,0.518,3.355,3.355,100.0,408,0,3666
1003833,1,1,8,2.02,26.0308876,119.19293976,19.2,26.0308857,119.19293976,18.72,-17.426,35.139,-0.883,-0.577,0.626,0.192,-0.08,-2.74,-101.31,0.518,3.507,3.507,100.0,408,0,3669
1004034,1,1,8,2.02,26.0308876,119.19293976,19.2,26.0308876,119.19293976,18.76,-17.541,35.264,-0.844,-0.573,0.623,0.191,-0.06,-2.74,-101.32,0.518,3.666,3.666,100.0,408,0,3672
1004244,1,1,8,2.02,26.0308876,119.19293976,19.2,26.03088951,119.19293976,18.8,-17.662,35.395,-0.804,-0.57,0.619,0.189,-0.06,-2.73,-101.33,0.518,3.84,3.84,100.0,408,0,3672
1004445,1,1,8,2.02,26.0308876,119.19293976,19.2,26.03088951,119.19293976,18.83,-17.776,35.519,-0.766,-0.568,0.616,0.188,-0.08,-2.73,-101.33,0.518,4.013,4.013,100.0,408,0,3672
1004665,1,1,8,1.08,26.0308876,119.19293976,19.3,26.03088951,119.19293976,19.03,-17.682,35.397,-0.573,-0.518,0.557,0.213,-0.07,-2.75,-101.33,0.51,2.467,2.467,100.0,409,0,3675
1004873,1,1,8,1.08,26.0308876,119.19293976,19.3,26.03088951,119.19293976,19.07,-17.79,35.513,-0.529,-0.515,0.554,0.211,-0.06,-2.74,-101.33,0.51,2.585,2.585,100.0,409,0,3678
1005073,1,1,8,1.08,26.0308876,119.19293976,19.3,26.03089142,119.19293976,19.11,-17.892,35.623,-0.487,-0.512,0.552,0.21,-0.07,-2.74,-101.32,0.51,2.709,2.709,100.0,409,0,3681
1005273,1,1,8,1.08,26.0308876,119.19293976,19.3,26.03089142,119.19293213,19.15,-17.995,35.734,-0.445,-0.51,0.549,0.208,-0.06,-2.74,-101.33,0.51,2.842,2.842,100.0,409,0,3681
1005473,1,1,8,1.08,26.0308876,119.19293976,19.3,26.03089333,119.19293213,19.2,-18.096,35.843,-0.404,-0.507,0.546,0.207,-0.06,-2.74,-101.33,0.51,2.984,2.984,100.0,409,0,3681
1005684,1,1,8,1.08,26.03089142,119.19293976,19.5,26.03089333,119.19293976,19.33,-17.878,35.823,-0.269,-0.425,0.511,0.221,-0.06,-2.72,-101.34,0.677,2.194,2.194,100.0,410,0,3684
1005894,1,1,8,1.08,26.03089142,119.19293976,19.5,26.03089333,119.19293213,19.38,-17.967,35.93,-0.223,-0.423,0.509,0.22,-0.07,-2.71,-101.34,0.677,2.316,2.316,100.0,410,0,3687
1006104,1,1,8,1.08,26.03089142,119.19293976,19.5,26.03089523,119.19293213,19.42,-18.056,36.037,-0.177,-0.421,0.506,0.219,-0.06,-2.72,-101.33,0.677,2.449,2.449,100.0,410,0,3690
1006313,1,1,8,1.08,26.03089142,119.19293976,19.5,26.03089523,119.19293213,19.47,-18.144,36.142,-0.131,-0.419,0.503,0.217,-0.07,-2.71,-101.32,0.677,2.594,2.594,100.0,410,0,3690
1006513,1,1,8,1.08,26.03089142,119.19293976,19.5,26.03089714,119.19293213,19.51,-18.227,36.243,-0.088,-0.417,0.501,0.216,-0.07,-2.71,-101.31,0.677,2.742,2.742,100.0,410,0,3690
1006715,1,1,8,1.08,26.03089142,119.19293976,19.7,26.03089523,119.19293213,19.61,-17.965,36.041,0.008,-0.32,0.416,0.224,-0.06,-2.71,-101.32,0.962,2.116,2.116,100.0,411,0,3694
1006930,1,1,8,1.08,26.03089142,119.19293976,19.7,26.03089523,119.19293213,19.66,-18.033,36.13,0.057,-0.319,0.413,0.223,-0.06,-2.72,-101.34,0.962,2.251,2.251,100.0,411,0,3697
1007133,1,1,8,1.08,26.03089142,119.19293976,19.7,26.03089714,119.19293213,19.7,-18.098,36.214,0.102,-0.317,0.411,0.221,-0.06,-2.73,-101.36,0.962,2.39,2.39,100.0,411,0,3699
1007333,1,1,8,1.08,26.03089142,119.19293976,19.7,26.03089714,119.19293213,19.75,-18.161,36.296,0.146,-0.315,0.409,0.22,-0.05,-2.73,-101.37,0.962,2.537,2.537,100.0,411,0,3699
1007537,1,1,8,1.08,26.03089142,119.19293976,19.7,26.03089714,119.19293213,19.79,-18.225,36.379,0.191,-0.314,0.407,0.219,-0.06,-2.72,-101.34,0.962,2.696,2.696,100.0,411,0,3700
1007743,1,1,8,1.08,26.03089142,119.19293976,19.9,26.03089523,119.19293213,19.86,-17.958,36.11,0.264,-0.218,0.304,0.223,-0.06,-2.74,-101.34,1.026,2.112,2.112,100.0,412,0,3703
1007943,1,1,8,1.08,26.03089142,119.19293976,19.9,26.03089523,119.19293213,19.91,-18.002,36.171,0.308,-0.217,0.303,0.221,-0.06,-2.73,-101.31,1.026,2.244,2.244,100.0,412,0,3706
1008143,1,1,8,1.08,26.03089142,119.19293976,19.9,26.03089714,119.19293213,19.95,-18.045,36.231,0.353,-0.215,0.301,0.22,-0.05,-2.74,-101.3,1.026,2.386,2.386,100.0,412,0,3708
1008343,1,1,8,1.08,26.03089142,119.19293976,19.9,26.03089714,119.19293213,20.0,-18.088,36.291,0.396,-0.214,0.3,0.218,-0.05,-2.74,-101.31,1.026,2.537,2.537,100.0,412,0,3708
1008543,1,1,8,1.08,26.03089523,119.19293976,19.9,26.03089714,119.19293213,20.04,-18.13,36.351,0.44,-0.213,0.298,0.217,-0.05,-2.74,-101.31,1.026,2.697,2.697,100.0,412,0,3709
1008746,1,1,8,1.08,26.03089523,119.19293976,20.0,26.03089714,119.19293976,20.06,-17.892,36.278,0.465,-0.13,0.258,0.213,-0.06,-2.73,-101.31,0.661,2.114,2.114,100.0,413,0,3712
1008953,1,1,8,1.08,26.03089523,119.19293976,20.0,26.03089714,119.19293976,20.11,-17.919,36.331,0.509,-0.129,0.257,0.212,-0.06,-2.74,-101.31,0.661,2.253,2.253,100.0,413,0,3715
1009153,1,1,8,1.08,26.03089523,119.19293976,20.0,26.03089714,119.19293213,20.15,-17.944,36.383,0.551,-0.129,0.255,0.211,-0.05,-2.73,-101.32,0.661,2.397,2.397,100.0,413,0,3717
1009353,1,1,8,1.08,26.03089523,119.19293976,20.0,26.03089905,119.19293213,20.19,-17.97,36.434,0.593,-0.128,0.255,0.21,-0.05,-2.71,-101.31,0.661,2.549,2.549,100.0,413,0,3717
1009553,1,1,8,1.08,26.03089142,119.19293976,20.0,26.03089905,119.19293213,20.23,-17.996,36.484,0.635,-0.127,0.254,0.208,-0.04,-2.69,-101.33,0.661,2.71,2.71,100.0,413,0,3719
1009753,1,1,8,1.08,26.03089142,119.19293976,20.6,26.03089523,119.19293976,20.39,-17.806,36.14,0.787,-0.064,0.138,0.227,-0.05,-2.7,-101.35,0.949,2.121,2.121,100.0,414,0,3721
1009953,1,1,8,1.08,26.03089142,119.19293976,20.6,26.03089523,119.19293976,20.43,-17.819,36.167,0.833,-0.064,0.137,0.226,-0.06,-2.69,-101.32,0.949,2.255,2.255,100.0,414,0,3725
1010153,1,1,8,1.08,26.03089142,119.19293976,20.6,26.03089523,119.19293976,20.48,-17.832,36.195,0.878,-0.064,0.136,0.224,-0.05,-2.71,-101.31,0.949,2.398,2.398,100.0,414,0,3726
1010353,1,1,8,1.08,26.03089142,119.19293976,20.6,26.03089714,119.19293976,20.52,-17.844,36.222,0.922,-0.064,0.136,0.223,-0.07,-2.7,-101.3,0.949,2.549,2.549,100.0,414,0,3726
1010553,1,1,8,1.08,26.03089142,119.19293976,20.6,26.03089714,119.19293976,20.57,-17.857,36.249,0.967,-0.063,0.135,0.222,-0.07,-2.71,-101.29,0.949,2.708,2.708,100.0,414,0,3727
1010753,1,1,8,1.08,26.03089142,119.19293976,20.5,26.03089523,119.19293976,20.58,-17.723,35.997,0.984,-0.021,0.053,0.215,-0.07,-2.72,-101.29,0.665,2.12,2.12,100.0,415,0,3730
1010953,1,1,8,1.08,26.03089142,119.19293976,20.5,26.03089523,119.19293976,20.63,-17.727,36.007,1.027,-0.02,0.053,0.214,-0.06,-2.73,-101.29,0.665,2.253,2.253,100.0,415,0,3733
1011153,1,1,8,1.08,26.03089142,119.19293976,20.5,26.03089523,119.19293976,20.67,-17.731,36.018,1.07,-0.02,0.053,0.213,-0.06,-2.73,-101.3,0.665,2.394,2.394,100.0,415,0,3735
1011353,1,1,8,1.08,26.03089142,119.19293976,20.5,26.03089523,119.19293976,20.71,-17.735,36.028,1.112,-0.02,0.052,0.212,-0.06,-2.74,-101.32,0.665,2.545,2.545,100.0,415,0,3735
1011553,1,1,8,1.08,26.0308876,119.19293976,20.5,26.03089523,119.19293976,20.75,-17.739,36.039,1.155,-0.02,0.052,0.211,-0.06,-2.74,-101.3,0.665,2.703,2.703,100.0,415,0,3736
1011753,1,1,8,1.08,26.0308876,119.19293976,20.5,26.03089142,119.19293976,20.71,-17.654,35.673,1.11,0.005,-0.057,0.194,-0.07,-2.76,-101.28,0.819,2.117,2.117,100.0,416,0,3739
1011953,1,1,8,1.08,26.0308876,119.19293976,20.5,26.03089142,119.19293976,20.75,-17.653,35.661,1.149,0.006,-0.056,0.192,-0.05,-2.75,-101.3,0.819,2.249,2.249,100.0,416,0,3742
1012153,1,1,8,1.08,26.0308876,119.19293976,20.5,26.03089142,119.19293976,20.79,-17.652,35.65,1.187,0.006,-0.056,0.191,-0.04,-2.75,-101.29,0.819,2.39,2.39,100.0,416,0,3744
1012353,1,1,8,1.08,26.0308876,119.19293976,20.5,26.03089142,119.19293976,20.83,-17.651,35.639,1.225,0.006,-0.055,0.19,-0.05,-2.73,-101.31,0.819,2.539,2.539,100.0,416,0,3744
1012553,1,1,8,1.08,26.03088379,119.19293976,20.5,26.03089142,119.19293976,20.86,-17.65,35.628,1.263,0.005,-0.055,0.189,-0.05,-2.73,-101.32,0.819,2.697,2.697,100.0,416,0,3746
1012753,1,1,8,1.08,26.03088379,119.19293976,21.1,26.0308876,119.19293976,20.97,-17.603,35.239,1.371,0.018,-0.163,0.201,-0.06,-2.73,-101.31,0.808,2.114,2.114,100.0,417,0,3748
1012953,1,1,8,1.08,26.03088379,119.19293976,21.1,26.0308876,119.19293976,21.01,-17.599,35.207,1.411,0.018,-0.161,0.2,-0.07,-2.71,-101.33,0.808,2.245,2.245,100.0,417,0,3751
1013153,1,1,8,1.08,26.03088379,119.19293976,21.1,26.0308876,119.19293976,21.05,-17.596,35.175,1.451,0.018,-0.161,0.199,-0.06,-2.72,-101.33,0.808,2.386,2.386,100.0,417,0,3753
1013353,1,1,8,1.08,26.03088379,119.19293976,21.1,26.0308876,119.19293976,21.09,-17.592,35.143,1.491,0.018,-0.16,0.199,-0.05,-2.71,-101.33,0.808,2.535,2.535,100.0,417,0,3753
1013553,1,1,8,1.08,26.03087997,119.19293976,21.1,26.0308857,119.19293976,21.13,-17.589,35.111,1.531,0.018,-0.159,0.198,-0.05,-2.71,-101.33,0.808,2.692,2.692,100.0,417,0,3754
1013753,1,1,8,1.08,26.03087997,119.19293976,21.8,26.03088379,119.19293976,21.38,-17.569,34.75,1.778,0.023,-0.253,0.234,-0.05,-2.72,-101.35,0.7,2.108,2.108,100.0,418,0,3757
1013954,1,1,8,1.08,26.03087997,119.19293976,21.8,26.03088188,119.19293976,21.42,-17.564,34.699,1.825,0.023,-0.252,0.233,-0.05,-2.72,-101.35,0.7,2.24,2.24,100.0,418,0,3760
1014163,1,1,8,1.08,26.03087997,119.19293976,21.8,26.03088188,119.19293976,21.47,-17.559,34.647,1.873,0.023,-0.25,0.231,-0.03,-2.72,-101.35,0.7,2.386,2.386,100.0,418,0,3762
1014363,1,1,8,1.08,26.03087997,119.19293976,21.8,26.03088188,119.19293976,21.52,-17.555,34.597,1.92,0.022,-0.249,0.23,-0.04,-2.72,-101.35,0.7,2.535,2.535,99.9,418,0,3762
1014563,1,1,8,1.08,26.03087616,119.19291687,21.8,26.03088188,119.19293976,21.57,-17.55,34.547,1.965,0.022,-0.248,0.229,-0.05,-2.74,-101.34,0.7,2.692,2.692,99.9,418,0,3763
1014763,1,1,8,1.08,26.03087616,119.19291687,22.7,26.03087807,119.19293213,21.97,-18.624,34.237,2.367,-0.286,-0.321,0.292,-0.04,-2.73,-101.35,2.359,2.112,2.112,99.9,419,0,3766
1014963,1,1,8,1.08,26.03087616,119.19291687,22.7,26.03087807,119.19293213,22.03,-18.681,34.173,2.426,-0.284,-0.32,0.291,-0.04,-2.74,-101.35,2.359,2.243,2.243,99.9,419,0,3769
1015163,1,1,8,1.08,26.03087616,119.19291687,22.7,26.03087807,119.1929245,22.08,-18.737,34.109,2.484,-0.283,-0.318,0.29,-0.03,-2.74,-101.35,2.359,2.383,2.383,99.9,419,0,3771
1015363,1,1,8,1.08,26.03087616,119.19291687,22.7,26.03087616,119.1929245,22.14,-18.794,34.045,2.542,-0.281,-0.317,0.288,-0.04,-2.74,-101.35,2.359,2.532,2.532,100.1,419,0,3771
1015563,1,1,8,1.08,26.03086662,119.19291687,22.7,26.03087616,119.1929245,22.2,-18.85,33.982,2.599,-0.28,-0.315,0.286,-0.04,-2.73,-101.37,2.359,2.689,2.689,100.1,419,0,3773
1015764,1,1,8,1.25,26.03086662,119.19291687,22.5,26.03087234,119.1929245,22.35,-19.291,33.504,2.746,-0.389,-0.431,0.301,-0.05,-2.72,-101.37,1.431,2.246,2.246,100.1,420,0,3776
1015966,1,1,8,1.25,26.03086662,119.19291687,22.5,26.03087044,119.1929245,22.41,-19.369,33.417,2.807,-0.386,-0.429,0.299,-0.04,-2.72,-101.39,1.431,2.386,2.386,100.1,420,0,3779
1016173,1,1,8,1.25,26.03086662,119.19291687,22.5,26.03087044,119.1929245,22.47,-19.449,33.328,2.868,-0.384,-0.427,0.298,-0.05,-2.72,-101.39,1.431,2.539,2.539,100.1,420,0,3780
1016373,1,1,8,1.25,26.03086662,119.19291687,22.5,26.03087044,119.19291687,22.53,-19.526,33.243,2.928,-0.382,-0.425,0.296,-0.05,-2.72,-101.39,1.431,2.694,2.694,100.0,420,0,3780
1016573,1,1,8,1.25,26.03086281,119.19291687,22.5,26.03086853,119.19291687,22.59,-19.602,33.158,2.987,-0.381,-0.423,0.294,-0.06,-2.72,-101.38,1.431,2.857,2.857,100.0,420,0,3782
1016775,1,1,8,1.08,26.03086281,119.19291687,22.8,26.03086472,119.19291687,22.71,-19.787,32.749,3.109,-0.409,-0.51,0.303,-0.06,-2.73,-101.37,0.683,2.185,2.185,100.0,421,0,3785
1016983,1,1,8,1.08,26.03086281,119.19291687,22.8,26.03086472,119.19291687,22.77,-19.872,32.644,3.171,-0.407,-0.508,0.302,-0.06,-2.73,-101.37,0.683,2.323,2.323,100.0,421,0,3788
1017183,1,1,8,1.08,26.03086281,119.19291687,22.8,26.03086281,119.19291687,22.83,-19.953,32.542,3.232,-0.405,-0.505,0.301,-0.06,-2.72,-101.37,0.683,2.465,2.465,100.0,421,0,3789
1017383,1,1,8,1.08,26.03086281,119.19291687,22.8,26.03086281,119.19291687,22.89,-20.034,32.442,3.292,-0.403,-0.502,0.299,-0.05,-2.73,-101.36,0.683,2.615,2.615,100.0,421,0,3789
1017583,1,1,8,1.08,26.03085899,119.19291687,22.8,26.0308609,119.19291687,22.95,-20.114,32.341,3.351,-0.401,-0.5,0.297,-0.06,-2.73,-101.36,0.683,2.773,2.773,100.0,421,0,3791
1017787,1,1,8,1.08,26.03085899,119.19291687,23.1,26.03085899,119.19291687,23.05,-20.055,32.115,3.455,-0.36,-0.532,0.303,-0.06,-2.72,-101.35,0.388,2.156,2.156,100.0,422,0,3794
1017993,1,1,8,1.08,26.03085899,119.19291687,23.1,26.03085899,119.19291687,23.12,-20.129,32.006,3.517,-0.358,-0.529,0.302,-0.07,-2.72,-101.35,0.388,2.293,2.293,100.0,422,0,3797
1018193,1,1,8,1.08,26.03085899,119.19291687,23.1,26.03085709,119.19291687,23.18,-20.201,31.9,3.577,-0.357,-0.526,0.3,-0.07,-2.73,-101.31,0.388,2.434,2.434,100.0,422,0,3798
1018393,1,1,8,1.08,26.03085899,119.19291687,23.1,26.03085709,119.19290924,23.24,-20.272,31.795,3.637,-0.355,-0.523,0.299,-0.08,-2.71,-101.32,0.388,2.583,2.583,100.0,422,0,3798
1018593,1,1,8,1.08,26.03085899,119.19291687,23.1,26.03085518,119.19290924,23.3,-20.343,31.691,3.697,-0.353,-0.521,0.297,-0.08,-2.71,-101.33,0.388,2.741,2.741,100.0,422,0,3800
1018793,1,1,8,1.08,26.03085899,119.19291687,23.4,26.03085709,119.19291687,23.38,-20.165,31.776,3.785,-0.282,-0.465,0.301,-0.08,-2.7,-101.34,0.653,2.14,2.14,100.0,423,0,3803
1018993,1,1,8,1.08,26.03085899,119.19291687,23.4,26.03085518,119.19291687,23.44,-20.221,31.684,3.845,-0.28,-0.463,0.299,-0.07,-2.72,-101.33,0.653,2.272,2.272,100.0,423,0,3806
1019193,1,1,8,1.08,26.03085899,119.19291687,23.4,26.03085518,119.19290924,23.5,-20.277,31.591,3.904,-0.279,-0.461,0.298,-0.07,-2.74,-101.32,0.653,2.413,2.413,100.0,423,0,3807
1019393,1,1,8,1.08,26.03085899,119.19291687,23.4,26.03085327,119.19290924,23.56,-20.333,31.499,3.964,-0.278,-0.459,0.296,-0.06,-2.74,-101.32,0.653,2.563,2.563,100.0,423,0,3807
1019593,1,1,8,1.08,26.03085899,119.19291687,23.4,26.03085327,119.19290924,23.62,-20.389,31.408,4.023,-0.277,-0.456,0.294,-0.13,-2.7,-101.35,0.653,2.72,2.72,100.0,423,0,3809
1019797,1,1,8,1.08,26.03085899,119.19291687,24.2,26.03085518,119.19291687,23.86,-20.179,31.635,4.264,-0.2,-0.363,0.326,-0.11,-2.7,-101.34,0.876,2.136,2.136,100.0,424,0,3812
1020003,1,1,8,1.08,26.03085899,119.19291687,24.2,26.03085518,119.19291687,23.93,-20.22,31.561,4.331,-0.199,-0.361,0.324,-0.08,-2.71,-101.33,0.876,2.273,2.273,100.0,424,0,3815
1020203,1,1,8,1.08,26.03085899,119.19291687,24.2,26.03085327,119.19290924,24.0,-20.26,31.489,4.396,-0.199,-0.361,0.329,1.93,-3.61,-101.21,0.876,2.415,2.415,100.0,424,0,3816
1020403,1,1,8,1.08,26.03085899,119.19291687,24.2,26.03085327,119.19290924,24.06,-20.3,31.416,4.461,-0.199,-0.361,0.328,-0.22,-2.82,-101.66,0.876,2.566,2.566,100.0,424,0,3816
1020603,1,1,8,1.08,26.03085899,119.19291687,24.2,26.03085327,119.19290924,24.13,-20.34,31.344,4.527,-0.197,-0.363,0.322,0.46,-2.55,-102.05,0.876,2.724,2.724,100.0,424,0,3818
1020803,1,1,8,1.08,26.03085899,119.19291687,25.1,26.03085518,119.19291687,24.5,-20.14,31.619,4.903,-0.131,-0.253,0.399,0.96,0.07,-105.7,0.884,2.141,2.141,100.0,425,0,3821
1021003,1,1,8,1.08,26.03085899,119.19291687,25.1,26.03085518,119.19291687,24.59,-20.165,31.569,4.985,-0.129,-0.249,0.409,2.17,23.29,-105.81,0.884,2.275,2.275,100.0,425,0,3824
1021203,1,1,8,1.08,26.03085899,119.19291687,25.1,26.03085327,119.19291687,24.66,-20.19,31.519,5.064,-0.115,-0.251,0.386,5.55,45.1,-101.7,0.884,2.418,2.418,100.0,425,0,3825
1021403,1,1,8,1.08,26.03085899,119.19291687,25.1,26.03085327,119.19291687,24.74,-20.213,31.466,5.141,-0.107,-0.274,0.375,8.54,54.97,-99.85,0.884,2.569,2.569,99.7,425,0,3825
1021603,1,1,8,1.08,26.03085899,119.19290161,25.1,26.03085327,119.19290924,24.81,-20.233,31.411,5.215,-0.094,-0.272,0.366,14.53,62.09,-96.02,0.884,2.728,2.728,99.7,425,0,3827
1021805,1,1,8,1.08,26.03085899,119.19290161,26.0,26.03085518,119.19290924,25.27,-20.791,31.669,5.666,-0.237,-0.177,0.428,13.46,61.86,-99.89,1.309,2.145,2.145,99.7,426,0,3830
1022006,1,1,8,1.08,26.03085899,119.19290161,26.0,26.03085518,119.19290924,25.35,-20.838,31.634,5.752,-0.232,-0.174,0.424,13.17,61.04,-102.43,1.309,2.28,2.28,99.7,426,0,3833
1022213,1,1,8,1.08,26.03085899,119.19290161,26.0,26.03085518,119.19290924,25.44,-20.885,31.599,5.839,-0.227,-0.167,0.419,13.37,60.6,-104.03,1.309,2.428,2.428,99.7,426,0,3834
1022414,1,1,8,1.08,26.03085899,119.19290161,26.0,26.03085518,119.19290924,25.52,-20.93,31.566,5.923,-0.223,-0.158,0.414,13.27,60.24,-105.42,1.309,2.581,2.581,100.3,426,0,3834
1022623,1,1,8,1.08,26.03085899,119.19290161,26.0,26.03085518,119.19290924,25.61,-20.977,31.534,6.008,-0.22,-0.15,0.408,13.33,60.18,-106.36,1.309,2.748,2.748,100.3,426,0,3836
1022823,1,1,8,1.08,26.03085899,119.19290161,26.8,26.03085709,119.19290161,26.07,-21.206,31.759,6.472,-0.269,-0.071,0.472,13.23,60.11,-107.18,0.657,2.154,2.154,100.3,427,0,3839
1023023,1,1,8,1.08,26.03085899,119.19290161,26.8,26.03085709,119.19290161,26.17,-21.259,31.745,6.566,-0.267,-0.064,0.467,13.23,60.23,-107.73,0.657,2.288,2.288,100.3,427,0,3843
1023224,1,1,8,1.08,26.03085899,119.19290161,26.8,26.03085518,119.19290161,26.26,-21.313,31.733,6.659,-0.264,-0.058,0.461,13.14,60.33,-108.26,0.657,2.433,2.433,100.3,427,0,3843
1023433,1,1,8,1.08,26.03085899,119.19290161,26.8,26.03085518,119.19290161,26.35,-21.368,31.722,6.755,-0.262,-0.052,0.455,13.04,60.57,-108.73,0.657,2.592,2.592,99.8,427,0,3843
1023633,1,1,8,1.08,26.03085899,119.19287109,27.5,26.03085709,119.19288635,26.77,-22.779,31.87,7.174,-0.666,-0.001,0.511,12.93,60.95,-109.15,3.021,2.035,2.035,99.8,428,0,3846
1023833,1,1,8,1.08,26.03085899,119.19287109,27.5,26.03085709,119.19288635,26.88,-22.912,31.87,7.275,-0.663,0.002,0.505,12.91,61.47,-109.47,3.021,2.161,2.161,99.8,428,0,3849
1024033,1,1,8,1.08,26.03085899,119.19287109,27.5,26.03085709,119.19288635,26.98,-23.045,31.87,7.376,-0.661,0.001,0.5,15.72,68.38,-107.66,3.021,2.297,2.297,99.8,428,0,3852
1024233,1,1,8,1.08,26.03085899,119.19287109,27.5,26.03085709,119.19288635,27.08,-23.176,31.87,7.476,-0.656,0.005,0.496,21.76,77.8,-107.4,3.021,2.441,2.441,99.8,428,0,3852
1024433,1,1,8,1.08,26.03085899,119.19287109,27.5,26.03085709,119.19287872,27.17,-23.307,31.873,7.575,-0.648,0.019,0.491,37.33,81.65,-96.52,3.021,2.593,2.593,99.6,428,0,3852
1024633,1,1,8,1.08,26.03085899,119.19287109,28.5,26.03085899,119.19287872,27.66,-23.883,31.96,8.055,-0.784,0.044,0.561,72.06,84.38,-63.21,1.001,2.036,2.036,99.6,429,0,3855
1024833,1,1,8,1.08,26.03085899,119.19287109,28.5,26.03085899,119.19287872,27.77,-24.039,31.97,8.167,-0.776,0.052,0.558,60.89,83.39,-74.21,1.001,2.162,2.162,99.6,429,0,3858
1025033,1,1,8,1.08,26.03085899,119.19287109,28.5,26.03085899,119.19287109,27.88,-24.194,31.981,8.278,-0.777,0.052,0.557,54.65,83.33,-80.28,1.001,2.297,2.297,99.6,429,0,3861
1025233,1,1,8,1.08,26.03085899,119.19287109,28.5,26.03085899,119.19287109,27.99,-24.349,31.991,8.39,-0.773,0.051,0.555,57.81,84.12,-76.97,1.001,2.442,2.442,99.6,429,0,3861
1025433,1,1,8,1.08,26.03085899,119.19287109,28.5,26.03085899,119.19287109,28.1,-24.502,32.001,8.5,-0.743,0.065,0.534,57.81,82.19,-81.19,1.001,2.594,2.594,100.0,429,0,3861
1025633,1,1,8,1.08,26.03085518,119.19287109,29.3,26.03085709,119.19287109,28.55,-24.547,31.842,8.949,-0.72,0.003,0.606,77.44,82.6,-65.41,0.441,2.036,2.036,100.0,430,0,3864
1025835,1,1,8,1.08,26.03085518,119.19287109,29.3,26.03085709,119.19287109,28.67,-24.692,31.843,9.072,-0.714,0.008,0.611,84.0,82.89,-62.0,0.441,2.164,2.164,100.0,430,0,3867
1026035,1,1,8,1.08,26.03085518,119.19287109,29.3,26.03085709,119.19286346,28.79,-24.835,31.844,9.194,-0.714,0.009,0.607,60.57,82.38,-85.46,0.441,2.299,2.299,100.0,430,0,3870
1026243,1,1,8,1.08,26.03085518,119.19287109,29.3,26.03085709,119.19286346,28.92,-24.983,31.847,9.32,-0.71,0.011,0.604,35.13,79.68,-111.65,0.441,2.45,2.45,100.0,430,0,3870
1026443,1,1,8,1.08,26.03085518,119.19287109,29.3,26.03085709,119.19286346,29.04,-25.125,31.849,9.44,-0.709,0.01,0.6,33.37,79.53,-112.03,0.441,2.603,2.603,99.6,430,0,3870
1026656,1,1,8,1.08,26.03085518,119.19287109,30.2,26.03085709,119.19286346,29.5,-24.896,31.753,9.897,-0.593,-0.021,0.659,30.5,78.92,-113.58,0.859,2.053,2.053,99.6,431,0,3873
1026863,1,1,8,1.08,26.03085518,119.19287109,30.2,26.03085709,119.19286346,29.63,-25.018,31.749,10.033,-0.587,-0.022,0.654,23.83,76.7,-119.09,0.859,2.186,2.186,99.6,431,0,3876
1027063,1,1,8,1.08,26.03085518,119.19287109,30.2,26.03085709,119.19286346,29.76,-25.135,31.743,10.163,-0.589,-0.03,0.65,19.32,74.75,-121.49,0.859,2.323,2.323,99.6,431,0,3879
1027263,1,1,8,1.08,26.03085518,119.19287109,30.2,26.03085518,119.19286346,29.89,-25.253,31.736,10.293,-0.586,-0.038,0.646,19.02,74.94,-120.05,0.859,2.469,2.469,101.0,431,0,3879
1027463,1,1,8,1.08,26.03085518,119.19287109,30.2,26.03085518,119.19286346,30.02,-25.37,31.728,10.422,-0.583,-0.045,0.641,17.55,74.24,-119.56,0.859,2.623,2.623,101.0,431,0,3879
1027672,1,1,8,1.08,26.03085518,119.19285583,31.1,26.03085518,119.19285583,30.46,-25.711,31.679,10.86,-0.644,-0.065,0.695,15.97,72.47,-119.95,0.485,2.062,2.062,101.0,432,0,3882
1027873,1,1,8,1.08,26.03085518,119.19285583,31.1,26.03085518,119.19285583,30.6,-25.84,31.665,10.999,-0.643,-0.076,0.689,13.25,69.61,-121.06,0.485,2.191,2.191,101.0,432,0,3885
1028073,1,1,8,1.08,26.03085518,119.19285583,31.1,26.03085518,119.19285583,30.74,-25.969,31.649,11.136,-0.641,-0.087,0.683,11.33,67.96,-120.97,0.485,2.329,2.329,101.0,432,0,3888
1028274,1,1,8,1.08,26.03085518,119.19285583,31.1,26.03085518,119.19285583,30.87,-26.097,31.63,11.273,-0.637,-0.098,0.676,11.37,68.98,-119.69,0.485,2.476,2.476,100.0,432,0,3888
1028483,1,1,8,1.08,26.03085518,119.19285583,31.1,26.03085518,119.19285583,31.01,-26.23,31.609,11.414,-0.632,-0.107,0.67,11.14,68.0,-118.83,0.485,2.637,2.637,100.0,432,0,3888
1028685,1,1,8,1.08,26.03085136,119.19285583,31.9,26.03085327,119.19285583,31.4,-26.183,31.41,11.796,-0.576,-0.17,0.709,7.6,62.78,-120.02,0.536,2.07,2.07,100.0,433,0,3891
1028893,1,1,8,1.08,26.03085136,119.19285583,31.9,26.03085327,119.19285583,31.54,-26.303,31.374,11.943,-0.573,-0.183,0.7,1.95,53.2,-121.64,0.536,2.204,2.204,100.0,433,0,3894
1029093,1,1,8,1.08,26.03085136,119.19285583,31.9,26.03085327,119.19284821,31.68,-26.418,31.335,12.082,-0.579,-0.207,0.692,-1.82,47.13,-121.08,0.536,2.342,2.342,100.0,433,0,3897
1029293,1,1,8,1.08,26.03085136,119.19285583,31.9,26.03085136,119.19284821,31.82,-26.534,31.29,12.219,-0.584,-0.241,0.684,-2.48,49.61,-118.26,0.536,2.489,2.489,100.0,433,0,3897
1029493,1,1,8,1.08,26.03085136,119.19285583,31.9,26.03085136,119.19284821,31.96,-26.651,31.238,12.355,-0.585,-0.278,0.674,-3.09,50.18,-115.76,0.536,2.644,2.644,100.0,433,0,3897
1029703,1,1,8,1.08,26.03085136,119.19285583,32.8,26.03085136,119.19284821,32.33,-26.41,31.182,12.733,-0.481,-0.32,0.705,-4.14,48.55,-113.34,0.787,2.08,2.08,100.0,434,0,3901
1029903,1,1,8,1.08,26.03085136,119.19285583,32.8,26.03085136,119.19284821,32.47,-26.506,31.113,12.873,-0.483,-0.366,0.695,-4.9,46.42,-111.14,0.787,2.21,2.21,100.0,434,0,3904
1030103,1,1,8,1.08,26.03085136,119.19285583,32.8,26.03084946,119.19284821,32.61,-26.603,31.035,13.011,-0.488,-0.426,0.676,-3.1,40.26,-109.35,0.787,2.349,2.349,100.0,434,0,3906
1030303,1,1,8,1.08,26.03085136,119.19285583,32.8,26.03084946,119.19284821,32.74,-26.701,30.945,13.145,-0.493,-0.465,0.671,-6.27,28.82,-107.81,0.787,2.496,2.496,100.0,434,0,3906
1030503,1,1,8,1.08,26.03085136,119.19285583,32.8,26.03084755,119.19284821,32.88,-26.802,30.845,13.276,-0.52,-0.567,0.647,-2.75,12.6,-101.0,0.787,2.652,2.652,100.0,434,0,3906
1030709,1,1,8,1.08,26.03084755,119.19284058,33.7,26.03084755,119.19284058,33.24,-27.19,30.73,13.645,-0.611,-0.634,0.691,-2.55,10.18,-95.97,0.604,2.084,2.084,100.0,435,0,3910
1030914,1,1,8,1.08,26.03084755,119.19284058,33.7,26.03084564,119.19284058,33.39,-27.316,30.593,13.785,-0.615,-0.703,0.681,-0.7,7.74,-92.37,0.604,2.217,2.217,100.0,435,0,3913
1031123,1,1,8,1.08,26.03084755,119.19284058,33.7,26.03084373,119.19284058,33.53,-27.445,30.439,13.926,-0.616,-0.764,0.671,0.48,6.0,-89.04,0.604,2.363,2.363,100.0,435,0,3915
1031323,1,1,8,1.08,26.03084755,119.19284058,33.7,26.03084373,119.19284058,33.66,-27.567,30.281,14.061,-0.611,-0.81,0.669,-0.8,-7.99,-84.3,0.604,2.511,2.511,100.0,435,0,3915
1031523,1,1,8,1.08,26.03084755,119.19284058,33.7,26.03084183,119.19284058,33.79,-27.69,30.114,14.195,-0.618,-0.852,0.671,0.02,-22.86,-81.57,0.604,2.668,2.668,100.0,435,0,3916
1031724,1,1,8,1.08,26.03084755,119.19284058,34.4,26.03084373,119.19284058,34.1,-27.681,30.3,14.498,-0.584,-0.766,0.698,-7.31,-40.58,-75.89,0.82,2.093,2.093,100.0,436,0,3919
1031933,1,1,8,1.08,26.03084755,119.19284058,34.4,26.03084183,119.19284058,34.24,-27.803,30.139,14.641,-0.584,-0.77,0.694,-14.3,-43.14,-71.54,0.82,2.23,2.23,100.0,436,0,3922
1032134,1,1,8,1.08,26.03084755,119.19284058,34.4,26.03083992,119.19283295,34.38,-27.92,29.982,14.78,-0.585,-0.796,0.69,-14.0,-41.89,-75.48,0.82,2.37,2.37,100.0,436,0,3924
1032343,1,1,8,1.08,26.03084755,119.19284058,34.4,26.03083801,119.19283295,34.52,-28.042,29.813,14.925,-0.581,-0.818,0.692,-13.38,-40.51,-78.2,0.82,2.526,2.526,100.0,436,0,3924
1032543,1,1,8,1.08,26.03084373,119.19284058,34.4,26.03083801,119.19283295,34.66,-28.158,29.647,15.063,-0.578,-0.843,0.689,-13.96,-41.08,-79.4,0.82,2.683,2.683,100.0,436,0,3925
1032743,1,1,8,1.08,26.03084373,119.19284058,35.4,26.03083992,119.19283295,35.02,-27.928,29.847,15.415,-0.478,-0.768,0.721,-13.06,-37.26,-81.77,1.081,2.105,2.105,100.0,437,0,3928
1032943,1,1,8,1.08,26.03084373,119.19284058,35.4,26.03083801,119.19283295,35.16,-28.023,29.692,15.561,-0.471,-0.783,0.726,-12.88,-37.94,-82.39,1.081,2.237,2.237,100.0,437,0,3931
1033143,1,1,8,1.08,26.03084373,119.19284058,35.4,26.03083611,119.19283295,35.31,-28.116,29.534,15.706,-0.465,-0.8,0.726,-11.82,-36.29,-83.95,1.081,2.377,2.377,100.0,437,0,3933
1033343,1,1,8,1.08,26.03084373,119.19284058,35.4,26.0308342,119.19283295,35.45,-28.209,29.372,15.85,-0.459,-0.819,0.724,-10.49,-32.81,-85.9,1.081,2.527,2.527,100.0,437,0,3933
1033543,1,1,8,1.08,26.0308342,119.19284058,35.4,26.0308342,119.19283295,35.6,-28.3,29.207,15.995,-0.453,-0.83,0.723,-10.2,-31.91,-86.38,1.081,2.684,2.684,100.0,437,0,3934
1033743,1,1,8,1.08,26.0308342,119.19284058,36.2,26.03083229,119.19283295,35.91,-27.983,29.119,16.312,-0.329,-0.814,0.755,-10.35,-33.3,-85.8,0.884,2.106,2.106,100.0,438,0,3937
1033943,1,1,8,1.08,26.0308342,119.19284058,36.2,26.03083038,119.19283295,36.06,-28.049,28.956,16.463,-0.323,-0.82,0.754,-10.22,-32.32,-85.85,0.884,2.237,2.237,100.0,438,0,3940
1034143,1,1,8,1.08,26.0308342,119.19284058,36.2,26.03083038,119.19283295,36.21,-28.113,28.791,16.613,-0.318,-0.823,0.752,-10.61,-32.39,-85.43,0.884,2.378,2.378,100.0,438,0,3942
1034343,1,1,8,1.08,26.0308342,119.19284058,36.2,26.03082848,119.19283295,36.36,-28.176,28.627,16.763,-0.312,-0.824,0.751,-10.77,-32.9,-84.95,0.884,2.527,2.527,100.0,438,0,3942
1034543,1,1,8,1.08,26.03082275,119.19284058,36.2,26.03082657,119.19283295,36.51,-28.238,28.462,16.914,-0.307,-0.823,0.75,-11.32,-34.01,-84.3,0.884,2.684,2.684,100.0,438,0,3943
1034743,1,1,8,1.08,26.03082275,119.19284058,36.9,26.03082275,119.19283295,36.77,-27.927,28.128,17.165,-0.195,-0.87,0.767,-11.43,-34.15,-84.13,0.87,2.106,2.106,100.0,439,0,3946
1034943,1,1,8,1.08,26.03082275,119.19284058,36.9,26.03082275,119.19283295,36.92,-27.966,27.954,17.319,-0.19,-0.867,0.767,-11.36,-34.34,-83.95,0.87,2.238,2.238,100.0,439,0,3949
1035143,1,1,8,1.08,26.03082275,119.19284058,36.9,26.03082085,119.19283295,37.07,-28.004,27.781,17.472,-0.186,-0.864,0.767,-11.37,-34.55,-83.9,0.87,2.378,2.378,100.0,439,0,3951
1035343,1,1,8,1.08,26.03082275,119.19284058,36.9,26.03081894,119.19283295,37.23,-28.04,27.609,17.625,-0.181,-0.859,0.768,-11.65,-35.74,-83.4,0.87,2.527,2.527,100.0,439,0,3951
1035543,1,1,8,1.08,26.03082275,119.19284058,36.9,26.03081703,119.19283295,37.38,-28.076,27.437,17.779,-0.179,-0.858,0.764,-13.0,-37.76,-83.09,0.87,2.685,2.685,100.0,439,0,3952
1035743,1,1,8,1.08,26.03082275,119.19284058,38.0,26.03081894,119.19284058,37.71,-27.821,27.579,18.108,-0.091,-0.764,0.798,-13.42,-36.86,-83.32,0.91,2.106,2.106,100.0,440,0,3955
1035943,1,1,8,1.08,26.03082275,119.19284058,38.0,26.03081703,119.19284058,37.87,-27.839,27.426,18.267,-0.087,-0.761,0.798,-13.68,-37.89,-82.52,0.91,2.238,2.238,100.0,440,0,3958
1036143,1,1,8,1.08,26.03082275,119.19284058,38.0,26.03081512,119.19283295,38.03,-27.856,27.275,18.427,-0.083,-0.753,0.8,-11.66,-38.29,-81.8,0.91,2.379,2.379,100.0,440,0,3960
1036343,1,1,8,1.08,26.03082275,119.19284058,38.0,26.03081512,119.19283295,38.19,-27.873,27.124,18.587,-0.082,-0.755,0.802,-7.68,-41.19,-80.74,0.91,2.528,2.528,100.0,440,0,3960
1036544,1,1,8,1.08,26.03081131,119.19284058,38.0,26.03081322,119.19283295,38.35,-27.889,26.973,18.747,-0.077,-0.751,0.793,-5.18,-42.41,-81.16,0.91,2.686,2.686,100.0,440,0,3961
1036753,1,1,8,1.08,26.03081131,119.19284058,39.1,26.03081131,119.19284058,38.73,-27.706,26.744,19.13,-0.014,-0.771,0.817,-5.68,-41.9,-80.74,0.449,2.113,2.113,100.0,441,0,3964
1036953,1,1,8,1.08,26.03081131,119.19284058,39.1,26.0308094,119.19284058,38.89,-27.708,26.591,19.293,-0.011,-0.759,0.817,-12.91,-34.37,-78.3,0.449,2.245,2.245,100.0,441,0,3967
1037153,1,1,8,1.08,26.03081131,119.19284058,39.1,26.0308094,119.19284058,39.06,-27.71,26.44,19.456,-0.013,-0.748,0.808,-6.49,-8.37,-85.26,0.449,2.386,2.386,100.0,441,0,3969
1037353,1,1,8,1.08,26.03081131,119.19284058,39.1,26.0308075,119.19284058,39.22,-27.708,26.296,19.624,0.021,-0.718,0.837,-0.91,-6.17,-84.35,0.449,2.536,2.536,99.9,441,0,3969
1037553,1,1,8,1.08,26.03080559,119.19284058,39.1,26.03080559,119.19284058,39.39,-27.703,26.152,19.791,0.035,-0.714,0.833,-0.28,-6.14,-83.96,0.449,2.694,2.694,99.9,441,0,3971
1037755,1,1,8,1.08,26.03080559,119.19284058,40.1,26.03080559,119.19284058,39.76,-27.588,26.018,20.164,0.078,-0.707,0.866,0.13,-6.16,-83.66,0.227,2.114,2.114,99.9,442,0,3973
1037955,1,1,8,1.08,26.03080559,119.19284058,40.1,26.03080368,119.19284058,39.94,-27.571,25.877,20.337,0.088,-0.703,0.863,0.43,-6.21,-83.41,0.227,2.246,2.246,99.9,442,0,3976
1038155,1,1,8,1.08,26.03080559,119.19284058,40.1,26.03080177,119.19284058,40.11,-27.553,25.737,20.509,0.096,-0.7,0.859,0.64,-6.24,-83.22,0.227,2.388,2.388,99.9,442,0,3978
1038363,1,1,8,1.08,26.03080559,119.19284058,40.1,26.03080177,119.19284058,40.29,-27.532,25.592,20.688,0.103,-0.695,0.855,0.82,-6.26,-83.07,0.227,2.544,2.544,100.1,442,0,3978
1038565,1,1,8,1.08,26.03079796,119.19284058,40.1,26.03079987,119.19284058,40.46,-27.511,25.452,20.86,0.108,-0.691,0.852,0.96,-6.27,-82.97,0.227,2.704,2.704,100.1,442,0,3980
1038775,1,1,8,1.08,26.03079796,119.19284058,41.2,26.03079796,119.19284058,40.86,-27.473,25.242,21.257,0.117,-0.706,0.888,1.07,-6.28,-82.91,0.141,2.127,2.127,100.1,443,0,3983
1038983,1,1,8,1.08,26.03079796,119.19284058,41.2,26.03079605,119.19284058,41.04,-27.448,25.095,21.441,0.121,-0.702,0.883,1.16,-6.3,-82.84,0.141,2.266,2.266,100.1,443,0,3986
1039183,1,1,8,1.08,26.03079796,119.19284058,41.2,26.03079605,119.19284058,41.22,-27.424,24.955,21.618,0.124,-0.698,0.879,1.22,-6.3,-82.78,0.141,2.408,2.408,100.1,443,0,3987
1039383,1,1,8,1.08,26.03079796,119.19284058,41.2,26.03079414,119.19284058,41.39,-27.399,24.816,21.793,0.127,-0.694,0.875,1.28,-6.32,-82.75,0.141,2.559,2.559,100.0,443,0,3987
1039583,1,1,8,1.08,26.03079796,119.19280243,41.2,26.03079224,119.19284058,41.57,-27.373,24.678,21.968,0.129,-0.69,0.872,1.32,-6.32,-82.71,0.141,2.718,2.718,100.0,443,0,3989
1039787,1,1,8,1.08,26.03079796,119.19280243,42.5,26.03079414,119.19282532,42.03,-29.21,24.832,22.432,-0.398,-0.602,0.92,1.35,-6.31,-82.72,3.97,2.136,2.136,100.0,444,0,3992
1039994,1,1,8,1.08,26.03079796,119.19280243,42.5,26.03079224,119.19282532,42.22,-29.292,24.708,22.622,-0.393,-0.598,0.916,1.38,-6.32,-82.72,3.97,2.275,2.275,100.0,444,0,3995
1040194,1,1,8,1.08,26.03079796,119.19280243,42.5,26.03079224,119.19282532,42.4,-29.37,24.589,22.805,-0.389,-0.595,0.912,1.42,-6.32,-82.71,3.97,2.418,2.418,100.0,444,0,3996
1040403,1,1,8,1.08,26.03079796,119.19280243,42.5,26.03079033,119.19281769,42.6,-29.451,24.465,22.995,-0.384,-0.592,0.909,1.43,-6.33,-82.69,3.97,2.577,2.577,99.9,444,0,3996
1040603,1,1,8,1.08,26.03079033,119.19280243,42.5,26.03079033,119.19281769,42.78,-29.527,24.347,23.177,-0.381,-0.588,0.905,1.43,-6.33,-82.65,3.97,2.737,2.737,99.9,444,0,3998
1040803,1,1,8,1.08,26.03079033,119.19280243,43.4,26.03078842,119.19281006,43.15,-30.44,24.271,23.55,-0.614,-0.573,0.936,1.42,-6.33,-82.65,1.753,2.147,2.147,99.9,445,0,4001
1041003,1,1,8,1.08,26.03079033,119.19280243,43.4,26.03078842,119.19281006,43.34,-30.562,24.156,23.737,-0.608,-0.57,0.932,1.43,-6.34,-82.63,1.753,2.282,2.282,99.9,445,0,4004
1041203,1,1,8,1.08,26.03079033,119.19280243,43.4,26.03078651,119.19281006,43.52,-30.683,24.043,23.923,-0.603,-0.567,0.928,1.45,-6.35,-82.59,1.753,2.426,2.426,99.9,445,0,4005
1041403,1,1,8,1.08,26.03079033,119.19280243,43.4,26.03078651,119.19281006,43.71,-30.803,23.93,24.108,-0.598,-0.564,0.924,1.46,-6.35,-82.53,1.753,2.578,2.578,100.1,445,0,4005
1041603,1,1,8,1.08,26.0307827,119.19284058,43.4,26.03078461,119.19280243,43.89,-30.923,23.817,24.293,-0.593,-0.56,0.92,1.46,-6.33,-82.48,1.753,2.738,2.738,100.1,445,0,4007
1041803,1,1,8,1.08,26.0307827,119.19284058,44.8,26.0307827,119.19281769,44.36,-29.385,23.594,24.761,-0.12,-0.589,0.967,1.46,-6.33,-82.42,3.473,2.148,2.148,100.1,446,0,4010
1042003,1,1,8,1.08,26.0307827,119.19284058,44.8,26.0307827,119.19281769,44.55,-29.409,23.476,24.954,-0.118,-0.585,0.962,1.46,-6.31,-82.39,3.473,2.282,2.282,100.1,446,0,4013
1042204,1,1,8,1.08,26.0307827,119.19284058,44.8,26.03078079,119.19281769,44.75,-29.432,23.359,25.147,-0.116,-0.581,0.957,1.47,-6.29,-82.37,3.473,2.427,2.427,100.1,446,0,4014
1042413,1,1,8,1.08,26.0307827,119.19284058,44.8,26.03077888,119.19281769,44.95,-29.456,23.238,25.346,-0.113,-0.578,0.953,1.48,-6.29,-82.32,3.473,2.586,2.586,100.0,446,0,4014
1042613,1,1,8,1.08,26.0307827,119.19284058,44.8,26.03077888,119.19281769,45.14,-29.478,23.122,25.537,-0.111,-0.574,0.949,1.5,-6.3,-82.29,3.473,2.746,2.746,100.0,446,0,4016
1042813,1,1,8,1.08,26.0307827,119.19284058,46.0,26.03077888,119.19283295,45.6,-28.538,23.227,25.999,0.163,-0.509,0.994,1.51,-6.3,-82.28,2.059,2.153,2.153,100.0,447,0,4019
1043013,1,1,8,1.08,26.0307827,119.19284058,46.0,26.03077888,119.19283295,45.8,-28.505,23.125,26.197,0.164,-0.506,0.989,1.51,-6.29,-82.31,2.059,2.289,2.289,100.0,447,0,4023
1043213,1,1,8,1.08,26.0307827,119.19284058,46.0,26.03077698,119.19283295,45.99,-28.473,23.024,26.395,0.165,-0.503,0.984,1.51,-6.3,-82.3,2.059,2.433,2.433,100.0,447,0,4023
1043413,1,1,8,1.08,26.0307827,119.19284058,46.0,26.03077698,119.19283295,46.19,-28.44,22.924,26.591,0.165,-0.5,0.98,1.5,-6.29,-82.32,2.059,2.585,2.585,100.0,447,0,4023
1043613,1,1,8,1.08,26.03077316,119.19284058,46.0,26.03077507,119.19283295,46.39,-28.406,22.824,26.787,0.166,-0.498,0.976,1.51,-6.31,-82.35,2.059,2.745,2.745,100.0,447,0,4025
1043815,1,1,8,1.08,26.03077316,119.19284058,46.4,26.03077316,119.19283295,46.58,-27.927,22.576,26.981,0.293,-0.536,0.971,1.51,-6.3,-82.37,0.979,2.154,2.154,100.0,448,0,4028
1044023,1,1,8,1.08,26.03077316,119.19284058,46.4,26.03077316,119.19283295,46.78,-27.866,22.465,27.183,0.293,-0.533,0.967,1.52,-6.29,-82.39,0.979,2.295,2.295,100.0,448,0,4032
1044223,1,1,8,1.08,26.03077316,119.19284058,46.4,26.03077126,119.19284058,46.98,-27.808,22.359,27.376,0.293,-0.529,0.963,1.5,-6.29,-82.42,0.979,2.44,2.44,100.0,448,0,4032
1044423,1,1,8,1.08,26.03077316,119.19284058,46.4,26.03077126,119.19284058,47.17,-27.749,22.253,27.568,0.293,-0.526,0.958,1.52,-6.28,-82.43,0.979,2.593,2.593,100.0,448,0,4032
1044623,1,1,8,1.08,26.03076553,119.19284058,46.4,26.03076935,119.19284058,47.36,-27.69,22.148,27.759,0.293,-0.523,0.954,1.52,-6.29,-82.46,0.979,2.753,2.753,100.0,448,0,4034
1044823,1,1,8,1.07,26.03076553,119.19284058,46.9,26.03076744,119.19284058,47.39,-27.529,21.811,27.795,0.323,-0.586,0.923,1.54,-6.31,-82.5,0.525,2.147,2.147,100.0,449,0,4037
1045023,1,1,8,1.07,26.03076553,119.19284058,46.9,26.03076553,119.19284058,47.58,-27.465,21.694,27.979,0.323,-0.583,0.919,1.55,-6.3,-82.49,0.525,2.282,2.282,100.0,449,0,4041
1045223,1,1,8,1.07,26.03076553,119.19284058,46.9,26.03076553,119.19284058,47.76,-27.4,21.577,28.162,0.322,-0.579,0.914,1.53,-6.29,-82.5,0.525,2.426,2.426,100.0,449,0,4041
1045423,1,1,8,1.07,26.03076553,119.19284058,46.9,26.03076363,119.19284058,47.94,-27.336,21.462,28.345,0.322,-0.575,0.911,1.54,-6.27,-82.51,0.525,2.578,2.578,100.0,449,0,4041
1045623,1,1,8,1.07,26.03076172,119.19284058,46.9,26.03076363,119.19284058,48.13,-27.271,21.347,28.527,0.322,-0.572,0.907,1.56,-6.25,-82.51,0.525,2.738,2.738,100.0,449,0,4043
1045823,1,1,8,1.07,26.03076172,119.19284058,47.1,26.03076172,119.19284058,47.97,-27.307,21.183,28.369,0.294,-0.584,0.843,1.55,-6.34,-82.53,0.233,2.141,2.141,100.0,450,0,4047
1046028,1,1,8,1.07,26.03076172,119.19284058,47.1,26.03075981,119.19284058,48.14,-27.247,21.064,28.542,0.294,-0.581,0.839,1.54,-6.32,-82.55,0.233,2.279,2.279,100.0,450,0,4050
1046233,1,1,8,1.07,26.03076172,119.19284058,47.1,26.03075981,119.19284058,48.31,-27.187,20.945,28.713,0.294,-0.577,0.836,1.54,-6.29,-82.54,0.233,2.427,2.427,100.0,450,0,4050
1046433,1,1,8,1.07,26.03076172,119.19284058,47.1,26.0307579,119.19284058,48.48,-27.128,20.83,28.88,0.294,-0.574,0.832,1.54,-6.3,-82.53,0.233,2.579,2.579,100.0,450,0,4050
1046633,1,1,8,1.07,26.03075409,119.19284058,47.7,26.030756,119.19284058,48.35,-27.253,20.564,28.751,0.239,-0.616,0.774,1.53,-6.32,-82.52,0.523,2.022,2.022,100.0,451,0,4053
1046833,1,1,8,1.07,26.03075409,119.19284058,47.7,26.03075409,119.19284058,48.51,-27.205,20.441,28.905,0.239,-0.612,0.77,1.54,-6.32,-82.5,0.523,2.148,2.148,100.0,451,0,4056
1047033,1,1,8,1.07,26.03075409,119.19284058,47.7,26.03075409,119.19284058,48.66,-27.158,20.319,29.059,0.239,-0.609,0.767,1.53,-6.31,-82.51,0.523,2.284,2.284,100.0,451,0,4059
1047233,1,1,8,1.07,26.03075409,119.19284058,47.7,26.03075218,119.19284058,48.81,-27.11,20.198,29.212,0.24,-0.605,0.764,1.53,-6.29,-82.52,0.523,2.428,2.428,100.0,451,0,4059
1047433,1,1,8,1.07,26.03075409,119.19284058,47.7,26.03075218,119.19284821,48.96,-27.062,20.077,29.365,0.24,-0.601,0.762,1.53,-6.27,-82.53,0.523,2.581,2.581,99.9,451,0,4059
1047633,1,1,8,1.07,26.03075409,119.19284058,47.6,26.03075218,119.19284058,48.64,-27.223,20.151,29.043,0.178,-0.54,0.67,1.53,-6.29,-82.52,0.627,2.023,2.023,99.9,452,0,4062
1047833,1,1,8,1.07,26.03075409,119.19284058,47.6,26.03075027,119.19284058,48.78,-27.187,20.044,29.177,0.179,-0.537,0.667,1.56,-6.36,-82.54,0.627,2.149,2.149,99.9,452,0,4065
1048033,1,1,8,1.07,26.03075409,119.19284058,47.6,26.03075027,119.19284058,48.91,-27.152,19.936,29.31,0.179,-0.534,0.664,1.56,-6.35,-82.5,0.627,2.285,2.285,99.9,452,0,4068
1048233,1,1,8,1.07,26.03075409,119.19284058,47.6,26.03074837,119.19284058,49.04,-27.116,19.83,29.442,0.18,-0.53,0.662,1.56,-6.33,-82.5,0.627,2.43,2.43,99.9,452,0,4068
1048434,1,1,8,1.07,26.03075409,119.19284058,47.6,26.03074837,119.19284821,49.18,-27.08,19.724,29.575,0.18,-0.527,0.659,1.55,-6.33,-82.5,0.627,2.584,2.584,100.1,452,0,4068
1048664,1,1,8,1.07,26.03075409,119.19284058,47.5,26.03075027,119.19284058,48.76,-27.236,19.955,29.158,0.122,-0.419,0.551,1.55,-6.32,-82.49,0.877,2.043,2.043,100.1,453,0,4071
1048873,1,1,8,1.07,26.03075409,119.19284058,47.5,26.03075027,119.19284058,48.87,-27.21,19.867,29.273,0.123,-0.417,0.549,1.55,-6.35,-82.5,0.877,2.177,2.177,100.1,453,0,4074
1049073,1,1,8,1.07,26.03075409,119.19284058,47.5,26.03074837,119.19284058,48.98,-27.186,19.784,29.383,0.124,-0.414,0.547,1.56,-6.36,-82.51,0.877,2.315,2.315,100.1,453,0,4077
1049274,1,1,8,1.07,26.03075409,119.19284058,47.5,26.03074837,119.19284058,49.09,-27.161,19.701,29.493,0.125,-0.411,0.545,1.58,-6.31,-82.55,0.877,2.462,2.462,100.1,453,0,4077
1049474,1,1,8,1.07,26.03075409,119.19284058,47.5,26.03074646,119.19284058,49.2,-27.136,19.619,29.601,0.126,-0.409,0.543,1.57,-6.31,-82.55,0.877,2.617,2.617,99.0,453,0,4077
1049685,1,1,8,1.07,26.03074455,119.19284058,47.4,26.03074455,119.19284058,48.72,-27.275,19.425,29.12,0.078,-0.438,0.431,1.57,-6.3,-82.53,0.427,2.056,2.056,99.0,454,0,4080
1049893,1,1,8,1.07,26.03074455,119.19284058,47.4,26.03074455,119.19284058,48.81,-27.258,19.335,29.209,0.079,-0.436,0.429,1.58,-6.33,-82.52,0.427,2.191,2.191,99.0,454,0,4083
1050093,1,1,8,1.07,26.03074455,119.19284058,47.4,26.03074455,119.19284058,48.89,-27.243,19.248,29.295,0.08,-0.433,0.427,1.58,-6.32,-82.52,0.427,2.329,2.329,99.0,454,0,4086
1050293,1,1,8,1.07,26.03074455,119.19284058,47.4,26.03074265,119.19284058,48.98,-27.226,19.161,29.38,0.081,-0.43,0.424,1.58,-6.32,-82.53,0.427,2.477,2.477,101.0,454,0,4086
1050493,1,1,8,1.07,26.03074455,119.19284058,47.4,26.03074265,119.19284058,49.06,-27.21,19.076,29.464,0.082,-0.428,0.422,1.57,-6.33,-82.53,0.427,2.633,2.633,101.0,454,0,4086
1050702,1,1,8,1.07,26.03075027,119.19284058,47.6,26.03074455,119.19284058,48.67,-27.321,19.426,29.069,0.046,-0.296,0.332,1.57,-6.34,-82.54,0.982,2.067,2.067,101.0,455,0,4090
1050903,1,1,8,1.07,26.03075027,119.19284058,47.6,26.03074455,119.19284058,48.74,-27.312,19.367,29.136,0.047,-0.293,0.331,1.57,-6.32,-82.55,0.982,2.197,2.197,101.0,455,0,4093
1051103,1,1,8,1.07,26.03075027,119.19284058,47.6,26.03074455,119.19284058,48.8,-27.302,19.308,29.202,0.048,-0.291,0.329,1.57,-6.31,-82.56,0.982,2.337,2.337,101.0,455,0,4095
1051303,1,1,8,1.07,26.03075027,119.19284058,47.6,26.03074455,119.19284058,48.87,-27.292,19.25,29.268,0.049,-0.289,0.328,1.57,-6.31,-82.58,0.982,2.484,2.484,100.0,455,0,4095
1051503,1,1,8,1.07,26.03075027,119.19284058,47.6,26.03074265,119.19284058,48.93,-27.283,19.193,29.333,0.05,-0.287,0.326,1.56,-6.29,-82.58,0.982,2.641,2.641,100.0,455,0,4095
1051708,1,1,8,1.07,26.03075409,119.19284058,47.6,26.03074837,119.19284058,48.56,-27.364,19.707,28.963,0.024,-0.117,0.245,1.56,-6.3,-82.57,1.243,2.071,2.071,100.0,456,0,4099
1051914,1,1,8,1.07,26.03075409,119.19284058,47.6,26.03074837,119.19284058,48.61,-27.359,19.683,29.014,0.025,-0.116,0.244,1.56,-6.3,-82.59,1.243,2.205,2.205,100.0,456,0,4102
1052123,1,1,8,1.07,26.03075409,119.19284058,47.6,26.03074837,119.19284058,48.66,-27.354,19.659,29.065,0.027,-0.115,0.244,1.56,-6.28,-82.59,1.243,2.351,2.351,100.0,456,0,4104
1052323,1,1,8,1.07,26.03075409,119.19284058,47.6,26.03074646,119.19284058,48.71,-27.348,19.636,29.113,0.028,-0.114,0.243,1.55,-6.29,-82.59,1.243,2.5,2.5,100.0,456,0,4104
1052523,1,1,8,1.07,26.03075409,119.19284058,47.6,26.03074646,119.19284058,48.76,-27.343,19.613,29.162,0.029,-0.113,0.243,1.54,-6.29,-82.58,1.243,2.657,2.657,100.0,456,0,4105
1052723,1,1,7,1.25,26.03075409,119.19284058,47.2,26.03075027,119.19284058,48.3,-27.389,19.897,28.705,0.015,-0.023,0.149,1.55,-6.29,-82.55,0.794,2.22,2.22,100.0,457,0,4108
1052923,1,1,7,1.25,26.03075409,119.19284058,47.2,26.03075027,119.19284058,48.33,-27.386,19.892,28.735,0.017,-0.023,0.15,1.54,-6.29,-82.57,0.794,2.359,2.359,100.0,457,0,4111
1053123,1,1,7,1.25,26.03075409,119.19284058,47.2,26.03075027,119.19284058,48.36,-27.382,19.888,28.764,0.018,-0.023,0.149,1.53,-6.31,-82.6,0.794,2.506,2.506,100.0,457,0,4113
1053323,1,1,7,1.25,26.03075409,119.19284058,47.2,26.03075027,119.19284058,48.39,-27.379,19.883,28.794,0.02,-0.022,0.149,1.54,-6.3,-82.58,0.794,2.661,2.661,100.0,457,0,4113
1053524,1,1,7,1.25,26.03075409,119.19284058,47.2,26.03075027,119.19284058,48.42,-27.375,19.879,28.824,0.021,-0.022,0.148,1.53,-6.31,-82.56,0.794,2.825,2.825,100.0,457,0,4114
1053727,1,1,7,1.25,26.03075409,119.19284058,46.8,26.03075218,119.19284058,47.93,-27.413,20.088,28.332,0.01,0.039,0.053,1.53,-6.31,-82.57,0.517,2.304,2.304,100.0,458,0,4117
1053933,1,1,7,1.25,26.03075409,119.19284058,46.8,26.03075218,119.19284058,47.94,-27.411,20.096,28.343,0.011,0.04,0.053,1.53,-6.3,-82.55,0.517,2.448,2.448,100.0,458,0,4120
1054133,1,1,7,1.25,26.03075409,119.19284058,46.8,26.03075218,119.19284058,47.95,-27.408,20.104,28.353,0.012,0.04,0.053,1.53,-6.31,-82.56,0.517,2.596,2.596,100.0,458,0,4122
1054333,1,1,7,1.25,26.03075409,119.19284058,46.8,26.03075218,119.19284058,47.96,-27.406,20.112,28.364,0.014,0.04,0.054,1.54,-6.3,-82.57,0.517,2.753,2.753,99.9,458,0,4122
1054535,1,1,7,1.25,26.03075409,119.19284058,46.8,26.03075218,119.19284058,47.97,-27.403,20.12,28.375,0.016,0.04,0.054,1.54,-6.31,-82.58,0.517,2.918,2.918,99.9,458,0,4123
1054743,1,1,7,1.25,26.03075409,119.19284058,46.1,26.03075218,119.19284058,47.38,-27.431,20.242,27.785,0.008,0.072,-0.056,1.54,-6.31,-82.59,0.269,2.351,2.351,99.9,459,0,4126
1054943,1,1,7,1.25,26.03075409,119.19284058,46.1,26.03075218,119.19284058,47.37,-27.429,20.256,27.774,0.01,0.072,-0.055,1.54,-6.28,-82.6,0.269,2.491,2.491,99.9,459,0,4129
1055143,1,1,7,1.25,26.03075409,119.19284058,46.1,26.03075218,119.19284058,47.36,-27.427,20.271,27.763,0.011,0.072,-0.054,1.54,-6.28,-82.61,0.269,2.638,2.638,99.9,459,0,4131
1055343,1,1,7,1.25,26.03075409,119.19284058,46.1,26.03075409,119.19284058,47.35,-27.425,20.285,27.752,0.012,0.072,-0.053,1.54,-6.28,-82.63,0.269,2.794,2.794,100.1,459,0,4131
1055543,1,1,7,1.25,26.03074455,119.19284058,46.1,26.03075409,119.19284058,47.34,-27.422,20.3,27.742,0.013,0.073,-0.052,1.53,-6.27,-82.62,0.269,2.958,2.958,100.1,459,0,4132
1055743,1,1,7,1.25,26.03074455,119.19284058,46.1,26.03075027,119.19284058,46.94,-27.443,19.879,27.336,0.008,-0.046,-0.124,1.53,-6.27,-82.62,0.986,2.365,2.365,100.1,460,0,4135
1055943,1,1,7,1.25,26.03074455,119.19284058,46.1,26.03075027,119.19284058,46.91,-27.441,19.87,27.311,0.01,-0.045,-0.123,1.53,-6.28,-82.6,0.986,2.503,2.503,100.1,460,0,4138
1056143,1,1,7,1.25,26.03074455,119.19284058,46.1,26.03075027,119.19284058,46.89,-27.439,19.861,27.287,0.011,-0.045,-0.122,1.53,-6.3,-82.58,0.986,2.649,2.649,100.1,460,0,4140
1056343,1,1,7,1.25,26.03074455,119.19284058,46.1,26.03074837,119.19284058,46.86,-27.436,19.852,27.262,0.012,-0.045,-0.121,1.53,-6.28,-82.56,0.986,2.804,2.804,100.0,460,0,4140
1056544,1,1,7,1.25,26.03074074,119.19285583,46.1,26.03074837,119.19284058,46.84,-27.434,19.843,27.238,0.014,-0.044,-0.12,1.53,-6.28,-82.56,0.986,2.968,2.968,100.0,460,0,4141
1056753,1,1,8,1.07,26.03074074,119.19285583,45.8,26.03074455,119.19284821,46.48,-26.652,19.339,26.884,0.224,-0.176,-0.178,1.55,-6.3,-82.58,1.759,2.208,2.208,100.0,461,0,4144
1056953,1,1,8,1.07,26.03074074,119.19285583,45.8,26.03074455,119.19284821,46.45,-26.607,19.304,26.849,0.224,-0.175,-0.176,1.53,-6.28,-82.59,1.759,2.338,2.338,100.0,461,0,4147
1057153,1,1,8,1.07,26.03074074,119.19285583,45.8,26.03074455,119.19284821,46.41,-26.562,19.27,26.814,0.224,-0.173,-0.175,1.52,-6.26,-82.61,1.759,2.477,2.477,100.0,461,0,4149
1057353,1,1,8,1.07,26.03074074,119.19285583,45.8,26.03074455,119.19284821,46.38,-26.517,19.235,26.779,0.225,-0.172,-0.175,1.52,-6.28,-82.58,1.759,2.624,2.624,100.0,461,0,4149
1057553,1,1,8,1.07,26.03074074,119.19285583,45.8,26.03074265,119.19284821,46.34,-26.472,19.201,26.744,0.225,-0.171,-0.173,1.54,-6.27,-82.59,1.759,2.78,2.78,100.0,461,0,4151
1057753,1,1,8,1.07,26.03074074,119.19285583,44.6,26.03074265,119.19285583,45.76,-26.178,19.024,26.155,0.294,-0.209,-0.273,1.55,-6.26,-82.59,0.584,2.136,2.136,100.0,462,0,4153
1057953,1,1,8,1.07,26.03074074,119.19285583,44.6,26.03074074,119.19285583,45.7,-26.119,18.983,26.101,0.294,-0.208,-0.271,1.54,-6.27,-82.57,0.584,2.265,2.265,100.0,462,0,4156
1058153,1,1,8,1.07,26.03074074,119.19285583,44.6,26.03074074,119.19285583,45.65,-26.061,18.941,26.047,0.294,-0.207,-0.269,1.54,-6.28,-82.57,0.584,2.404,2.404,100.0,462,0,4158
1058353,1,1,8,1.07,26.03074074,119.19285583,44.6,26.03074074,119.19285583,45.59,-26.002,18.9,25.993,0.294,-0.205,-0.267,1.54,-6.27,-82.58,0.584,2.552,2.552,100.0,462,0,4158
1058553,1,1,8,1.07,26.03073311,119.19285583,44.6,26.03074074,119.19285583,45.54,-25.943,18.859,25.94,0.294,-0.204,-0.265,1.53,-6.3,-82.57,0.584,2.709,2.709,100.0,462,0,4160
1058753,1,1,8,1.07,26.03073311,119.19285583,44.5,26.03073692,119.19285583,45.16,-25.897,18.439,25.561,0.29,-0.311,-0.322,1.54,-6.3,-82.56,0.796,2.109,2.109,100.0,463,0,4162
1058953,1,1,8,1.07,26.03073311,119.19285583,44.5,26.03073692,119.19285583,45.1,-25.839,18.377,25.497,0.29,-0.309,-0.319,1.55,-6.31,-82.56,0.796,2.24,2.24,100.0,463,0,4165
1059153,1,1,8,1.07,26.03073311,119.19285583,44.5,26.03073502,119.19285583,45.03,-25.781,18.315,25.433,0.29,-0.306,-0.317,1.55,-6.27,-82.57,0.796,2.381,2.381,100.0,463,0,4167
1059353,1,1,8,1.07,26.03073311,119.19285583,44.5,26.03073502,119.19285583,44.97,-25.724,18.254,25.37,0.29,-0.305,-0.315,1.55,-6.28,-82.57,0.796,2.531,2.531,99.9,463,0,4167
1059553,1,1,8,1.07,26.03072929,119.19285583,44.5,26.03073502,119.19285583,44.91,-25.666,18.193,25.307,0.29,-0.303,-0.314,1.56,-6.29,-82.57,0.796,2.689,2.689,99.9,463,0,4169
1059753,1,1,8,1.07,26.03072929,119.19285583,43.8,26.0307312,119.19285583,44.5,-25.752,17.874,24.898,0.248,-0.376,-0.374,1.56,-6.29,-82.58,0.625,2.102,2.102,99.9,464,0,4171
1059953,1,1,8,1.07,26.03072929,119.19285583,43.8,26.0307312,119.19285583,44.42,-25.703,17.799,24.823,0.248,-0.374,-0.372,1.57,-6.3,-82.57,0.625,2.235,2.235,99.9,464,0,4174
1060153,1,1,8,1.07,26.03072929,119.19285583,43.8,26.03072929,119.19285583,44.35,-25.653,17.724,24.749,0.248,-0.371,-0.37,1.57,-6.31,-82.59,0.625,2.377,2.377,99.9,464,0,4176
1060353,1,1,8,1.07,26.03072929,119.19285583,43.8,26.03072929,119.19285583,44.28,-25.603,17.65,24.675,0.248,-0.369,-0.367,1.57,-6.3,-82.61,0.625,2.528,2.528,100.0,464,0,4176
1060554,1,1,8,1.07,26.03072929,119.19287109,43.8,26.03072929,119.19286346,44.2,-25.553,17.576,24.602,0.248,-0.367,-0.365,1.58,-6.3,-82.59,0.625,2.688,2.688,100.0,464,0,4178
1060763,1,1,8,1.07,26.03072929,119.19287109,43.0,26.03072929,119.19286346,43.75,-24.972,17.536,24.149,0.401,-0.354,-0.43,1.58,-6.3,-82.59,1.115,2.108,2.108,100.0,465,0,4181
1060963,1,1,8,1.07,26.03072929,119.19287109,43.0,26.03072739,119.19286346,43.66,-24.892,17.466,24.064,0.4,-0.352,-0.428,1.57,-6.3,-82.59,1.115,2.241,2.241,100.0,465,0,4184
1061163,1,1,8,1.07,26.03072929,119.19287109,43.0,26.03072739,119.19286346,43.58,-24.812,17.395,23.978,0.399,-0.35,-0.424,1.57,-6.29,-82.59,1.115,2.384,2.384,100.0,465,0,4185
1061363,1,1,8,1.07,26.03072929,119.19287109,43.0,26.03072739,119.19287109,43.49,-24.732,17.326,23.894,0.399,-0.348,-0.423,1.58,-6.3,-82.57,1.115,2.536,2.536,100.1,465,0,4185
1061563,1,1,8,1.07,26.03072929,119.19287109,43.0,26.03072548,119.19287109,43.41,-24.653,17.256,23.809,0.398,-0.345,-0.42,1.6,-6.3,-82.59,1.115,2.695,2.695,100.1,465,0,4187
1061765,1,1,8,1.07,26.03072929,119.19287109,42.3,26.03072739,119.19287109,42.98,-24.475,17.373,23.378,0.425,-0.289,-0.481,1.6,-6.27,-82.58,0.441,2.11,2.11,100.1,466,0,4190
1061973,1,1,8,1.07,26.03072929,119.19287109,42.3,26.03072739,119.19287109,42.88,-24.387,17.313,23.278,0.425,-0.288,-0.478,1.59,-6.29,-82.59,0.441,2.249,2.249,100.1,466,0,4193
1062173,1,1,8,1.07,26.03072929,119.19287109,42.3,26.03072548,119.19287109,42.78,-24.302,17.255,23.183,0.424,-0.286,-0.474,1.6,-6.3,-82.61,0.441,2.393,2.393,100.1,466,0,4194
1062373,1,1,8,1.07,26.03072929,119.19287109,42.3,26.03072548,119.19287109,42.69,-24.217,17.198,23.088,0.423,-0.285,-0.471,1.61,-6.31,-82.62,0.441,2.545,2.545,100.0,466,0,4194
1062573,1,1,8,1.07,26.03072929,119.19287109,42.3,26.03072548,119.19287109,42.59,-24.133,17.142,22.995,0.422,-0.283,-0.468,1.6,-6.3,-82.63,0.441,2.705,2.705,100.0,466,0,4196
1062774,1,1,8,1.07,26.03072929,119.19287109,41.6,26.03072739,119.19287109,42.19,-24.198,17.323,22.59,0.377,-0.212,-0.522,1.59,-6.29,-82.64,0.589,2.116,2.116,100.0,467,0,4199
1062974,1,1,8,1.07,26.03072929,119.19287109,41.6,26.03072548,119.19287109,42.09,-24.122,17.281,22.486,0.376,-0.211,-0.518,1.58,-6.29,-82.65,0.589,2.25,2.25,100.0,467,0,4202
1063174,1,1,8,1.07,26.03072929,119.19287109,41.6,26.03072548,119.19287109,41.98,-24.047,17.238,22.382,0.375,-0.21,-0.516,1.56,-6.29,-82.66,0.589,2.394,2.394,100.0,467,0,4203
1063383,1,1,8,1.07,26.03072929,119.19287109,41.6,26.03072548,119.19287872,41.87,-23.969,17.195,22.275,0.375,-0.208,-0.512,1.58,-6.28,-82.65,0.589,2.553,2.553,100.0,467,0,4203
1063583,1,1,8,1.07,26.03072929,119.19287109,41.6,26.03072548,119.19287872,41.77,-23.894,17.153,22.173,0.374,-0.207,-0.51,1.58,-6.28,-82.64,0.589,2.713,2.713,100.0,467,0,4205
1063786,1,1,7,1.25,26.03072929,119.19287109,41.1,26.03072548,119.19287872,41.46,-24.036,17.303,21.86,0.311,-0.151,-0.546,1.58,-6.3,-82.65,0.725,2.268,2.268,100.0,468,0,4208
1063993,1,1,7,1.25,26.03072929,119.19287109,41.1,26.03072548,119.19287872,41.35,-23.971,17.272,21.747,0.311,-0.149,-0.542,1.59,-6.29,-82.67,0.725,2.415,2.415,100.0,468,0,4211
1064194,1,1,7,1.25,26.03072929,119.19287109,41.1,26.03072548,119.19287872,41.24,-23.909,17.242,21.639,0.311,-0.148,-0.539,1.6,-6.29,-82.69,0.725,2.567,2.567,100.0,468,0,4212
1064403,1,1,7,1.25,26.03072929,119.19287109,41.1,26.03072548,119.19287872,41.13,-23.844,17.211,21.526,0.31,-0.147,-0.535,1.59,-6.29,-82.73,0.725,2.733,2.733,100.0,468,0,4212
1064603,1,1,7,1.25,26.03072929,119.19287109,41.1,26.03072548,119.19287872,41.02,-23.782,17.182,21.42,0.31,-0.146,-0.532,1.59,-6.28,-82.73,0.725,2.9,2.9,100.0,468,0,4214
1064803,1,1,8,1.07,26.03072929,119.19287109,39.0,26.03072739,119.19287109,40.26,-24.052,17.381,20.665,0.217,-0.081,-0.646,1.57,-6.23,-82.73,0.786,2.202,2.202,100.0,469,0,4217
1065003,1,1,8,1.07,26.03072929,119.19287109,39.0,26.03072739,119.19287872,40.14,-24.008,17.365,20.536,0.217,-0.08,-0.643,1.59,-6.22,-82.74,0.786,2.337,2.337,100.0,469,0,4220
1065203,1,1,8,1.07,26.03072929,119.19287109,39.0,26.03072739,119.19287872,40.01,-23.965,17.349,20.408,0.217,-0.08,-0.639,1.59,-6.24,-82.75,0.786,2.482,2.482,100.0,469,0,4221
1065403,1,1,8,1.07,26.03072929,119.19287109,39.0,26.03072739,119.19287872,39.88,-23.921,17.333,20.28,0.217,-0.08,-0.635,1.58,-6.26,-82.76,0.786,2.635,2.635,100.0,469,0,4221
1065603,1,1,8,1.07,26.03072166,119.19290161,39.0,26.03072739,119.19287872,39.75,-23.878,17.317,20.153,0.217,-0.079,-0.632,1.57,-6.25,-82.77,0.786,2.796,2.796,100.0,469,0,4223
1065803,1,1,8,1.07,26.03072166,119.19290161,36.9,26.03072357,119.19288635,38.71,-22.599,17.034,19.109,0.561,-0.153,-0.793,1.55,-6.27,-82.78,2.562,2.161,2.161,100.0,470,0,4226
1066003,1,1,8,1.07,26.03072166,119.19290161,36.9,26.03072357,119.19289398,38.55,-22.487,17.004,18.951,0.56,-0.152,-0.789,1.57,-6.27,-82.79,2.562,2.295,2.295,100.0,470,0,4229
1066203,1,1,8,1.07,26.03072166,119.19290161,36.9,26.03072357,119.19289398,38.39,-22.376,16.973,18.794,0.558,-0.151,-0.785,1.58,-6.27,-82.79,2.562,2.438,2.438,100.0,470,0,4230
1066403,1,1,8,1.07,26.03072166,119.19290161,36.9,26.03072357,119.19289398,38.24,-22.264,16.943,18.637,0.557,-0.15,-0.78,1.59,-6.27,-82.79,2.562,2.59,2.59,100.0,470,0,4230
1066603,1,1,8,1.07,26.03072929,119.19290161,36.9,26.03072357,119.19289398,38.08,-22.153,16.913,18.482,0.555,-0.149,-0.775,1.6,-6.29,-82.79,2.562,2.75,2.75,100.0,470,0,4232
1066803,1,1,8,1.07,26.03072929,119.19290161,36.0,26.03072548,119.19290161,37.26,-21.669,17.23,17.66,0.659,-0.051,-0.891,1.61,-6.31,-82.77,1.05,2.143,2.143,100.0,471,0,4235
1067003,1,1,8,1.07,26.03072929,119.19290161,36.0,26.03072548,119.19290161,37.08,-21.537,17.219,17.482,0.656,-0.051,-0.886,1.59,-6.31,-82.79,1.05,2.277,2.277,100.0,471,0,4238
1067203,1,1,8,1.07,26.03072929,119.19290161,36.0,26.03072548,119.19290161,36.91,-21.406,17.209,17.305,0.654,-0.051,-0.881,1.6,-6.32,-82.81,1.05,2.421,2.421,100.0,471,0,4239
1067403,1,1,8,1.07,26.03072929,119.19290161,36.0,26.03072548,119.19290161,36.73,-21.276,17.199,17.129,0.652,-0.05,-0.876,1.6,-6.3,-82.79,1.05,2.573,2.573,100.0,471,0,4239
1067603,1,1,8,1.07,26.03072548,119.19291687,36.0,26.03072548,119.19290161,36.55,-21.145,17.189,16.955,0.65,-0.049,-0.871,1.61,-6.28,-82.8,1.05,2.733,2.733,100.0,471,0,4241
1067803,1,1,8,1.07,26.03072548,119.19291687,34.5,26.03072548,119.19290924,35.72,-20.396,17.184,16.123,0.824,-0.047,-0.985,1.61,-6.29,-82.81,1.286,2.137,2.137,100.0,472,0,4244
1068006,1,1,8,1.07,26.03072548,119.19291687,34.5,26.03072548,119.19290924,35.52,-20.229,17.175,15.924,0.82,-0.046,-0.979,1.6,-6.26,-82.81,1.286,2.274,2.274,100.0,472,0,4247
1068213,1,1,8,1.07,26.03072548,119.19291687,34.5,26.03072548,119.19291687,35.32,-20.059,17.165,15.721,0.817,-0.046,-0.973,1.59,-6.26,-82.81,1.286,2.424,2.424,100.0,472,0,4248
1068414,1,1,8,1.07,26.03072548,119.19291687,34.5,26.03072548,119.19291687,35.13,-19.896,17.156,15.526,0.814,-0.045,-0.968,1.57,-6.25,-82.77,1.286,2.578,2.578,100.0,472,0,4248
1068615,1,1,8,1.07,26.03072548,119.19291687,34.5,26.03072548,119.19291687,34.93,-19.732,17.147,15.332,0.811,-0.045,-0.963,1.58,-6.26,-82.76,1.286,2.74,2.74,100.0,472,0,4250
1068823,1,1,8,1.07,26.03072548,119.19291687,32.9,26.03072548,119.19291687,34.08,-19.624,17.163,14.477,0.79,-0.037,-1.075,1.56,-6.23,-82.77,0.135,2.148,2.148,100.0,473,0,4253
1069023,1,1,8,1.07,26.03072548,119.19291687,32.9,26.03072548,119.19291687,33.86,-19.466,17.156,14.263,0.787,-0.037,-1.07,1.58,-6.24,-82.76,0.135,2.285,2.285,100.0,473,0,4257
1069223,1,1,8,1.07,26.03072548,119.19291687,32.9,26.03072548,119.1929245,33.65,-19.309,17.148,14.049,0.785,-0.037,-1.064,1.58,-6.26,-82.77,0.135,2.43,2.43,100.0,473,0,4257
1069423,1,1,8,1.07,26.03072548,119.19291687,32.9,26.03072548,119.1929245,33.44,-19.152,17.141,13.837,0.782,-0.036,-1.058,1.58,-6.26,-82.75,0.135,2.584,2.584,100.0,473,0,4257
1069623,1,1,8,1.07,26.03072929,119.19291687,32.9,26.03072548,119.1929245,33.23,-18.996,17.134,13.626,0.779,-0.036,-1.052,1.57,-6.26,-82.76,0.135,2.746,2.746,100.0,473,0,4259
1069823,1,1,8,1.07,26.03072929,119.19291687,32.1,26.03072739,119.1929245,32.66,-19.258,17.364,13.057,0.657,0.032,-1.111,1.58,-6.27,-82.76,0.991,2.145,2.145,100.0,474,0,4263
1070029,1,1,8,1.07,26.03072929,119.19291687,32.1,26.03072739,119.1929245,32.43,-19.123,17.37,12.828,0.655,0.032,-1.105,1.58,-6.28,-82.75,0.991,2.285,2.285,100.0,474,0,4266
1070233,1,1,8,1.07,26.03072929,119.19291687,32.1,26.03072739,119.1929245,32.2,-18.989,17.377,12.604,0.653,0.032,-1.099,1.58,-6.26,-82.76,0.991,2.434,2.434,100.0,474,0,4266
1070433,1,1,8,1.07,26.03072929,119.19291687,32.1,26.03072739,119.1929245,31.98,-18.859,17.383,12.384,0.652,0.033,-1.093,1.63,-6.24,-82.76,0.991,2.588,2.588,99.8,474,0,4266
1070651,1,1,7,1.14,26.03072166,119.19291687,31.0,26.03072548,119.1929245,31.5,-19.191,17.127,11.903,0.508,-0.046,-1.131,1.63,-6.23,-82.75,1.268,2.097,2.097,99.8,475,0,4269
1070853,1,1,7,1.14,26.03072166,119.19291687,31.0,26.03072548,119.1929245,31.27,-19.089,17.118,11.675,0.506,-0.046,-1.126,1.62,-6.23,-82.72,1.268,2.23,2.23,99.8,475,0,4272
1071053,1,1,7,1.14,26.03072166,119.19291687,31.0,26.03072548,119.1929245,31.05,-18.988,17.109,11.45,0.504,-0.046,-1.121,1.61,-6.24,-82.71,1.268,2.371,2.371,99.8,475,0,4275
1071253,1,1,7,1.14,26.03072166,119.19291687,31.0,26.03072548,119.1929245,30.83,-18.887,17.099,11.226,0.503,-0.046,-1.115,1.62,-6.29,-82.74,1.268,2.521,2.521,99.8,475,0,4275
1071453,1,1,7,1.14,26.03072166,119.19291687,31.0,26.03072357,119.1929245,30.6,-18.787,17.09,11.004,0.502,-0.045,-1.109,1.62,-6.3,-82.72,1.268,2.679,2.679,100.2,475,0,4275
1071659,1,1,8,1.07,26.03072166,119.19293976,29.7,26.03072357,119.19293213,30.15,-18.14,16.935,10.554,0.661,-0.089,-1.144,1.58,-6.34,-82.71,1.185,2.072,2.072,100.2,476,0,4278
1071864,1,1,8,1.07,26.03072166,119.19293976,29.7,26.03072357,119.19293213,29.92,-18.005,16.917,10.32,0.658,-0.087,-1.139,1.59,-6.32,-82.7,1.185,2.204,2.204,100.2,476,0,4281
1072073,1,1,8,1.07,26.03072166,119.19293976,29.7,26.03072357,119.19293976,29.68,-17.868,16.898,10.082,0.656,-0.087,-1.132,1.59,-6.32,-82.73,1.185,2.349,2.349,100.2,476,0,4284
1072274,1,1,8,1.07,26.03072166,119.19293976,29.7,26.03072357,119.19293976,29.46,-17.736,16.881,9.855,0.654,-0.086,-1.126,1.6,-6.31,-82.73,1.185,2.498,2.498,100.2,476,0,4284
1072483,1,1,8,1.07,26.03072166,119.19293976,29.7,26.03072166,119.19293976,29.22,-17.6,16.863,9.62,0.652,-0.084,-1.121,1.6,-6.29,-82.72,1.185,2.661,2.661,100.0,476,0,4284
1072685,1,1,8,1.07,26.03072166,119.19293976,29.0,26.03072166,119.19293976,28.98,-17.492,16.81,9.378,0.642,-0.094,-1.115,1.58,-6.28,-82.71,0.092,2.071,2.071,100.0,477,0,4287
1072893,1,1,8,1.07,26.03072166,119.19293976,29.0,26.03072166,119.19293976,28.75,-17.359,16.791,9.147,0.64,-0.093,-1.109,1.59,-6.26,-82.71,0.092,2.206,2.206,100.0,477,0,4290
1073093,1,1,8,1.07,26.03072166,119.19293976,29.0,26.03072166,119.19293976,28.53,-17.231,16.772,8.925,0.638,-0.093,-1.103,1.58,-6.26,-82.71,0.092,2.345,2.345,100.0,477,0,4293
1073293,1,1,8,1.07,26.03072166,119.19293976,29.0,26.03072166,119.19294739,28.31,-17.104,16.754,8.705,0.636,-0.092,-1.097,1.59,-6.27,-82.69,0.092,2.493,2.493,100.0,477,0,4293
1073493,1,1,8,1.07,26.03072166,119.19293976,29.0,26.03072166,119.19294739,28.09,-16.977,16.735,8.486,0.634,-0.091,-1.092,1.6,-6.27,-82.7,0.092,2.649,2.649,100.0,477,0,4293
1073702,1,1,7,1.14,26.03072166,119.19293976,28.3,26.03072166,119.19294739,27.98,-17.135,16.739,8.375,0.546,-0.084,-1.063,1.59,-6.26,-82.68,0.666,2.133,2.133,100.0,478,0,4297
1073903,1,1,7,1.14,26.03072166,119.19293976,28.3,26.03072166,119.19294739,27.76,-17.025,16.722,8.162,0.544,-0.083,-1.057,1.59,-6.26,-82.69,0.666,2.267,2.267,100.0,478,0,4300
1074103,1,1,7,1.14,26.03072166,119.19293976,28.3,26.03072166,119.19294739,27.55,-16.917,16.705,7.951,0.543,-0.083,-1.052,1.59,-6.27,-82.69,0.666,2.41,2.41,100.0,478,0,4302
1074303,1,1,7,1.14,26.03072166,119.19293976,28.3,26.03072166,119.19294739,27.34,-16.808,16.689,7.742,0.542,-0.081,-1.046,1.62,-6.25,-82.69,0.666,2.561,2.561,100.0,478,0,4302
1074503,1,1,7,1.14,26.03072166,119.19293976,28.3,26.03072166,119.19294739,27.13,-16.7,16.673,7.533,0.54,-0.081,-1.039,1.63,-6.25,-82.7,0.666,2.721,2.721,99.8,478,0,4302
1074709,1,1,8,1.07,26.03072166,119.19293976,27.6,26.03072166,119.19294739,27.11,-17.033,16.71,7.511,0.409,-0.066,-0.998,1.61,-6.3,-82.7,0.929,2.104,2.104,99.8,479,0,4306
1074914,1,1,8,1.07,26.03072166,119.19293976,27.6,26.03072166,119.19294739,26.91,-16.95,16.696,7.307,0.408,-0.065,-0.994,1.62,-6.3,-82.72,0.929,2.238,2.238,99.8,479,0,4309
1075124,1,1,8,1.07,26.03072166,119.19293976,27.6,26.03072166,119.19294739,26.7,-16.864,16.683,7.099,0.407,-0.064,-0.987,1.64,-6.3,-82.73,0.929,2.386,2.386,99.8,479,0,4311
1075324,1,1,8,1.07,26.03072166,119.19293976,27.6,26.03072166,119.19294739,26.5,-16.783,16.67,6.902,0.406,-0.063,-0.982,1.64,-6.28,-82.74,0.929,2.536,2.536,99.8,479,0,4311
1075530,1,1,8,1.07,26.03072929,119.19293976,27.6,26.03071976,119.19294739,26.3,-16.699,16.657,6.7,0.405,-0.063,-0.976,1.64,-6.29,-82.72,0.929,2.699,2.699,99.21,479,0,4312
1075733,1,1,7,1.14,26.03072929,119.19293976,26.8,26.03072357,119.19294739,26.29,-17.015,17.077,6.695,0.289,0.063,-0.935,1.63,-6.28,-82.73,1.321,2.162,2.162,99.21,480,0,4315
1075933,1,1,7,1.14,26.03072929,119.19293976,26.8,26.03072357,119.19294739,26.11,-16.958,17.089,6.508,0.288,0.062,-0.93,1.65,-6.31,-82.74,1.321,2.296,2.296,99.21,480,0,4318
1076133,1,1,7,1.14,26.03072929,119.19293976,26.8,26.03072548,119.19294739,25.92,-16.9,17.101,6.322,0.288,0.062,-0.925,1.65,-6.31,-82.75,1.321,2.44,2.44,99.21,480,0,4320
1076333,1,1,7,1.14,26.03072929,119.19293976,26.8,26.03072548,119.19294739,25.74,-16.842,17.114,6.138,0.287,0.062,-0.919,1.65,-6.31,-82.73,1.321,2.593,2.593,99.21,480,0,4320
1076533,1,1,7,1.14,26.03072929,119.19293976,26.8,26.03072548,119.19294739,25.55,-16.785,17.126,5.955,0.287,0.062,-0.914,1.65,-6.29,-82.74,1.321,2.753,2.753,100.0,480,0,4321
1076733,1,1,7,1.14,26.03072929,119.19293976,26.7,26.03072739,119.19294739,25.77,-17.089,17.361,6.168,0.182,0.126,-0.836,1.64,-6.3,-82.75,0.935,2.184,2.184,100.0,481,0,4324
1076933,1,1,7,1.14,26.03072929,119.19293976,26.7,26.03072739,119.19294739,25.6,-17.053,17.387,6.002,0.182,0.125,-0.831,1.63,-6.3,-82.76,0.935,2.32,2.32,100.0,481,0,4327
1077133,1,1,7,1.14,26.03072929,119.19293976,26.7,26.03072739,119.19294739,25.44,-17.016,17.412,5.836,0.182,0.125,-0.827,1.61,-6.31,-82.74,0.935,2.464,2.464,100.0,481,0,4329
1077333,1,1,7,1.14,26.03072929,119.19293976,26.7,26.03072739,119.19294739,25.27,-16.98,17.436,5.671,0.182,0.124,-0.822,1.63,-6.3,-82.73,0.935,2.617,2.617,100.0,481,0,4329
1077533,1,1,7,1.14,26.03072929,119.19293976,26.7,26.03072739,119.19294739,25.11,-16.944,17.461,5.507,0.182,0.125,-0.817,1.64,-6.28,-82.74,0.935,2.778,2.778,100.0,481,0,4330
1077734,1,1,7,1.14,26.03072929,119.19293976,26.3,26.03072929,119.19293976,25.35,-17.195,17.555,5.751,0.1,0.144,-0.737,1.63,-6.27,-82.73,0.645,2.195,2.195,100.0,482,0,4333
1077943,1,1,7,1.14,26.03072929,119.19293976,26.3,26.03072929,119.19293976,25.2,-17.174,17.585,5.598,0.101,0.144,-0.733,1.64,-6.27,-82.72,0.645,2.336,2.336,100.0,482,0,4336
1078143,1,1,7,1.14,26.03072929,119.19293976,26.3,26.03072929,119.19294739,25.05,-17.153,17.614,5.452,0.101,0.144,-0.728,1.63,-6.26,-82.7,0.645,2.481,2.481,100.0,482,0,4338
1078343,1,1,7,1.14,26.03072929,119.19293976,26.3,26.03072929,119.19294739,24.91,-17.133,17.642,5.306,0.101,0.143,-0.724,1.62,-6.26,-82.7,0.645,2.634,2.634,100.0,482,0,4338
1078543,1,1,7,1.14,26.03072166,119.19293976,26.3,26.03072929,119.19294739,24.76,-17.113,17.671,5.162,0.102,0.142,-0.72,1.62,-6.28,-82.68,0.645,2.795,2.795,100.0,482,0,4339
1078743,1,1,7,1.14,26.03072166,119.19293976,25.9,26.03072548,119.19293976,25.0,-17.3,17.279,5.404,0.044,0.023,-0.645,1.63,-6.27,-82.67,1.015,2.205,2.205,100.0,483,0,4342
1078943,1,1,7,1.14,26.03072166,119.19293976,25.9,26.03072548,119.19293976,24.88,-17.291,17.284,5.275,0.045,0.022,-0.642,1.63,-6.29,-82.68,1.015,2.34,2.34,100.0,483,0,4345
1079143,1,1,7,1.14,26.03072166,119.19293976,25.9,26.03072548,119.19293976,24.75,-17.282,17.288,5.147,0.045,0.022,-0.638,1.62,-6.3,-82.7,1.015,2.484,2.484,100.0,483,0,4347
1079343,1,1,7,1.14,26.03072166,119.19293976,25.9,26.03072548,119.19293976,24.62,-17.273,17.293,5.02,0.046,0.023,-0.634,1.62,-6.3,-82.7,1.015,2.637,2.637,100.0,483,0,4347
1079543,1,1,7,1.14,26.03072166,119.19293976,25.9,26.03072548,119.19293976,24.49,-17.263,17.297,4.894,0.047,0.023,-0.63,1.64,-6.29,-82.71,1.015,2.798,2.798,100.0,483,0,4348
1079744,1,1,7,1.14,26.03072166,119.19293976,25.8,26.03072357,119.19293976,24.81,-17.39,17.059,5.207,0.009,-0.046,-0.546,1.63,-6.29,-82.71,0.603,2.203,2.203,100.0,484,0,4351
1079953,1,1,7,1.14,26.03072166,119.19293976,25.8,26.03072357,119.19293976,24.69,-17.388,17.049,5.093,0.01,-0.046,-0.542,1.64,-6.29,-82.71,0.603,2.344,2.344,100.0,484,0,4354
1080153,1,1,7,1.14,26.03072166,119.19293976,25.8,26.03072357,119.19293976,24.59,-17.386,17.04,4.985,0.011,-0.045,-0.539,1.64,-6.3,-82.72,0.603,2.488,2.488,100.0,484,0,4356
1080353,1,1,7,1.14,26.03072166,119.19293976,25.8,26.03072357,119.19293976,24.48,-17.383,17.031,4.878,0.011,-0.045,-0.536,1.63,-6.3,-82.73,0.603,2.641,2.641,100.0,484,0,4356
1080553,1,1,7,1.14,26.03071213,119.19293976,25.8,26.03072357,119.19293976,24.37,-17.381,17.022,4.771,0.012,-0.044,-0.532,1.65,-6.3,-82.72,0.603,2.802,2.802,100.0,484,0,4358
1080753,1,1,7,1.14,26.03071213,119.19293976,25.4,26.03071785,119.19293976,24.61,-17.458,16.409,5.009,-0.01,-0.214,-0.465,1.64,-6.32,-82.73,1.318,2.21,2.21,100.0,485,0,4360
1080953,1,1,7,1.14,26.03071213,119.19293976,25.4,26.03071785,119.19293976,24.52,-17.46,16.367,4.917,-0.009,-0.212,-0.462,1.62,-6.26,-82.72,1.318,2.345,2.345,100.0,485,0,4364
1081153,1,1,7,1.14,26.03071213,119.19293976,25.4,26.03071785,119.19293976,24.42,-17.462,16.324,4.825,-0.008,-0.211,-0.459,1.63,-6.28,-82.73,1.318,2.489,2.489,100.0,485,0,4365
1081353,1,1,7,1.14,26.03071213,119.19293976,25.4,26.03071785,119.19293976,24.33,-17.463,16.282,4.733,-0.007,-0.21,-0.456,1.63,-6.29,-82.71,1.318,2.643,2.643,100.0,485,0,4365
1081553,1,1,7,1.14,26.0307045,119.19293976,25.4,26.03071594,119.19293976,24.24,-17.465,16.24,4.642,-0.006,-0.209,-0.453,1.63,-6.28,-82.69,1.318,2.804,2.804,100.0,485,0,4367
1081755,1,1,7,1.14,26.0307045,119.19293976,25.1,26.03071022,119.19293976,24.44,-17.506,15.568,4.838,-0.017,-0.385,-0.397,1.63,-6.27,-82.69,1.364,2.212,2.212,100.0,486,0,4369
1081956,1,1,7,1.14,26.0307045,119.19293976,25.1,26.03071022,119.19293976,24.36,-17.509,15.491,4.759,-0.016,-0.383,-0.395,1.63,-6.27,-82.69,1.364,2.349,2.349,100.0,486,0,4373
1082163,1,1,7,1.14,26.0307045,119.19293976,25.1,26.03071022,119.19293976,24.28,-17.512,15.412,4.677,-0.014,-0.381,-0.393,1.64,-6.27,-82.69,1.364,2.499,2.499,100.0,486,0,4374
1082363,1,1,7,1.14,26.0307045,119.19293976,25.1,26.03070831,119.19293976,24.2,-17.515,15.336,4.599,-0.013,-0.378,-0.39,1.66,-6.28,-82.68,1.364,2.653,2.653,100.0,486,0,4374
1082565,1,1,7,1.14,26.03071213,119.19293976,25.1,26.03070831,119.19293976,24.12,-17.518,15.26,4.52,-0.012,-0.377,-0.387,1.64,-6.31,-82.68,1.364,2.816,2.816,100.0,486,0,4376
1082774,1,1,7,1.14,26.03071213,119.19293976,25.4,26.03071022,119.19293976,24.46,-17.536,15.404,4.861,-0.016,-0.312,-0.307,1.64,-6.3,-82.7,0.479,2.226,2.226,100.0,487,0,4379
1082974,1,1,7,1.14,26.03071213,119.19293976,25.4,26.03070831,119.19293976,24.4,-17.539,15.342,4.8,-0.015,-0.311,-0.304,1.62,-6.33,-82.69,0.479,2.363,2.363,100.0,487,0,4382
1083183,1,1,7,1.14,26.03071213,119.19293976,25.4,26.03070831,119.19293976,24.34,-17.542,15.277,4.737,-0.014,-0.309,-0.303,1.62,-6.32,-82.67,0.479,2.515,2.515,100.0,487,0,4383
1083383,1,1,7,1.14,26.03071213,119.19293976,25.4,26.03070831,119.19293976,24.28,-17.545,15.215,4.676,-0.013,-0.307,-0.301,1.61,-6.3,-82.68,0.479,2.67,2.67,101.0,487,0,4383
1083583,1,1,7,1.14,26.03071213,119.19293976,25.4,26.03070641,119.19293976,24.22,-17.548,15.154,4.616,-0.013,-0.304,-0.299,1.61,-6.28,-82.68,0.479,2.833,2.833,101.0,487,0,4385
1083786,1,1,7,1.14,26.03071213,119.19293976,25.4,26.03070831,119.19293976,24.54,-17.552,15.36,4.943,-0.012,-0.228,-0.226,1.62,-6.28,-82.71,0.572,2.236,2.236,101.0,488,0,4388
1083993,1,1,7,1.14,26.03071213,119.19293976,25.4,26.03070831,119.19293976,24.5,-17.554,15.313,4.896,-0.011,-0.226,-0.225,1.62,-6.28,-82.73,0.572,2.378,2.378,101.0,488,0,4391
1084193,1,1,7,1.14,26.03071213,119.19293976,25.4,26.03070831,119.19293976,24.45,-17.556,15.268,4.852,-0.01,-0.225,-0.223,1.62,-6.28,-82.71,0.572,2.525,2.525,101.0,488,0,4392
1084393,1,1,7,1.14,26.03071213,119.19293976,25.4,26.03070831,119.19293976,24.41,-17.558,15.223,4.807,-0.009,-0.223,-0.221,1.64,-6.27,-82.71,0.572,2.681,2.681,100.0,488,0,4392
1084593,1,1,7,1.14,26.03071213,119.19295502,25.4,26.03070641,119.19293976,24.36,-17.56,15.178,4.763,-0.008,-0.222,-0.22,1.63,-6.29,-82.71,0.572,2.844,2.844,100.0,488,0,4394
1084793,1,1,7,1.14,26.03071213,119.19295502,25.1,26.03070831,119.19294739,24.56,-16.842,15.388,4.96,0.193,-0.151,-0.174,1.63,-6.3,-82.74,1.627,2.242,2.242,100.0,489,0,4397
1084994,1,1,7,1.14,26.03071213,119.19295502,25.1,26.03070831,119.19294739,24.53,-16.803,15.358,4.926,0.193,-0.15,-0.173,1.62,-6.3,-82.75,1.627,2.381,2.381,100.0,489,0,4400
1085203,1,1,7,1.14,26.03071213,119.19295502,25.1,26.03070831,119.19294739,24.49,-16.763,15.327,4.89,0.193,-0.149,-0.171,1.62,-6.29,-82.75,1.627,2.535,2.535,100.0,489,0,4401
1085403,1,1,7,1.14,26.03071213,119.19295502,25.1,26.03070831,119.19294739,24.46,-16.724,15.297,4.856,0.193,-0.148,-0.169,1.63,-6.3,-82.74,1.627,2.691,2.691,100.0,489,0,4401
1085603,1,1,7,1.14,26.03071213,119.19293976,25.1,26.03070831,119.19294739,24.42,-16.686,15.267,4.822,0.192,-0.147,-0.168,1.63,-6.3,-82.73,1.627,2.855,2.855,100.0,489,0,4403
1085803,1,1,7,1.14,26.03071213,119.19293976,25.1,26.03071022,119.19294739,24.61,-17.058,15.449,5.01,0.078,-0.087,-0.127,1.63,-6.31,-82.69,0.981,2.249,2.249,100.0,490,0,4406
1086003,1,1,7,1.14,26.03071213,119.19293976,25.1,26.03071022,119.19294739,24.58,-17.042,15.432,4.985,0.078,-0.086,-0.126,1.63,-6.3,-82.7,0.981,2.388,2.388,100.0,490,0,4409
1086203,1,1,7,1.14,26.03071213,119.19293976,25.1,26.03071022,119.19294739,24.56,-17.027,15.415,4.96,0.079,-0.086,-0.125,1.64,-6.29,-82.7,0.981,2.535,2.535,100.0,490,0,4410
1086403,1,1,7,1.14,26.03071213,119.19293976,25.1,26.03071022,119.19294739,24.53,-17.011,15.398,4.935,0.08,-0.085,-0.123,1.65,-6.27,-82.73,0.981,2.691,2.691,100.0,490,0,4410
1086603,1,1,7,1.14,26.03070068,119.19295502,25.1,26.03070831,119.19294739,24.51,-16.995,15.381,4.911,0.08,-0.084,-0.121,1.66,-6.26,-82.74,0.981,2.855,2.855,100.0,490,0,4412
1086803,1,1,7,1.14,26.03070068,119.19295502,24.6,26.0307045,119.19294739,24.52,-16.523,14.921,4.917,0.207,-0.207,-0.115,1.68,-6.29,-82.74,1.349,2.249,2.249,100.0,491,0,4415
1087003,1,1,7,1.14,26.03070068,119.19295502,24.6,26.0307045,119.19294739,24.49,-16.482,14.88,4.894,0.207,-0.206,-0.113,1.68,-6.28,-82.75,1.349,2.388,2.388,100.0,491,0,4418
1087203,1,1,7,1.14,26.03070068,119.19295502,24.6,26.0307045,119.19294739,24.47,-16.441,14.839,4.871,0.206,-0.205,-0.113,1.66,-6.28,-82.74,1.349,2.535,2.535,100.0,491,0,4419
1087403,1,1,7,1.14,26.03070068,119.19295502,24.6,26.0307045,119.19295502,24.45,-16.4,14.798,4.849,0.205,-0.204,-0.111,1.63,-6.28,-82.72,1.349,2.691,2.691,100.0,491,0,4419
1087603,1,1,7,1.14,26.03069687,119.19295502,24.6,26.0307045,119.19295502,24.43,-16.359,14.757,4.826,0.204,-0.202,-0.111,1.61,-6.29,-82.72,1.349,2.855,2.855,100.0,491,0,4421
1087803,1,1,7,1.14,26.03069687,119.19295502,24.4,26.03070068,119.19295502,24.4,-16.164,14.369,4.797,0.247,-0.298,-0.111,1.63,-6.28,-82.71,0.807,2.249,2.249,100.0,492,0,4424
1088006,1,1,7,1.14,26.03069687,119.19295502,24.4,26.03069878,119.19295502,24.37,-16.114,14.309,4.775,0.247,-0.297,-0.109,1.65,-6.31,-82.72,0.807,2.39,2.39,100.0,492,0,4428
1088214,1,1,7,1.14,26.03069687,119.19295502,24.4,26.03069878,119.19295502,24.35,-16.062,14.247,4.752,0.246,-0.295,-0.108,1.65,-6.3,-82.73,0.807,2.544,2.544,100.0,492,0,4428
1088414,1,1,7,1.14,26.03069687,119.19295502,24.4,26.03069878,119.19295502,24.33,-16.013,14.188,4.73,0.245,-0.293,-0.107,1.63,-6.3,-82.72,0.807,2.7,2.7,100.0,492,0,4428
1088615,1,1,7,1.14,26.03069305,119.19295502,24.4,26.03069878,119.19295502,24.31,-15.964,14.13,4.709,0.245,-0.292,-0.106,1.64,-6.3,-82.73,0.807,2.865,2.865,100.0,492,0,4430
1088823,1,1,7,1.14,26.03069305,119.19295502,24.1,26.03069496,119.19295502,24.22,-15.945,13.816,4.62,0.236,-0.36,-0.117,1.64,-6.29,-82.71,0.538,2.26,2.26,100.0,493,0,4433
1089023,1,1,7,1.14,26.03069305,119.19295502,24.1,26.03069496,119.19295502,24.2,-15.898,13.745,4.596,0.235,-0.357,-0.117,1.62,-6.29,-82.72,0.538,2.399,2.399,100.0,493,0,4437
1089223,1,1,7,1.14,26.03069305,119.19295502,24.1,26.03069305,119.19295502,24.17,-15.851,13.673,4.573,0.235,-0.355,-0.115,1.64,-6.28,-82.75,0.538,2.547,2.547,100.0,493,0,4437
1089423,1,1,7,1.14,26.03069305,119.19295502,24.1,26.03069305,119.19295502,24.15,-15.804,13.603,4.55,0.235,-0.353,-0.114,1.64,-6.29,-82.75,0.538,2.703,2.703,100.0,493,0,4437
1089623,1,1,7,1.14,26.03069305,119.19295502,24.1,26.03069305,119.19295502,24.13,-15.758,13.532,4.527,0.234,-0.351,-0.113,1.62,-6.28,-82.74,0.538,2.867,2.867,100.0,493,0,4439
1089823,1,1,7,1.14,26.03069305,119.19295502,24.3,26.03069305,119.19295502,24.16,-15.84,13.492,4.562,0.198,-0.341,-0.102,1.61,-6.27,-82.76,0.281,2.257,2.257,100.0,494,0,4442
1090025,1,1,7,1.14,26.03069305,119.19295502,24.3,26.03069115,119.19295502,24.14,-15.8,13.424,4.541,0.197,-0.339,-0.101,1.61,-6.25,-82.75,0.281,2.397,2.397,100.0,494,0,4446
1090234,1,1,7,1.14,26.03069305,119.19295502,24.3,26.03069115,119.19295502,24.12,-15.759,13.353,4.52,0.197,-0.338,-0.099,1.61,-6.29,-82.77,0.281,2.552,2.552,100.0,494,0,4446
1090443,1,1,7,1.14,26.03069305,119.19295502,24.3,26.03069115,119.19295502,24.1,-15.718,13.283,4.5,0.197,-0.335,-0.099,1.61,-6.27,-82.76,0.281,2.716,2.716,100.0,494,0,4446
1090659,1,1,8,1.14,26.03070068,119.19295502,24.5,26.03069496,119.19295502,24.21,-15.831,13.76,4.611,0.152,-0.173,-0.073,1.62,-6.26,-82.75,1.267,2.152,2.152,100.0,495,0,4449
1090863,1,1,8,1.14,26.03070068,119.19295502,24.5,26.03069496,119.19295502,24.2,-15.8,13.725,4.596,0.152,-0.172,-0.072,1.63,-6.26,-82.77,1.267,2.286,2.286,100.0,495,0,4452
1091063,1,1,8,1.14,26.03070068,119.19295502,24.5,26.03069305,119.19295502,24.18,-15.77,13.69,4.582,0.152,-0.171,-0.071,1.64,-6.27,-82.76,1.267,2.427,2.427,100.0,495,0,4455
1091263,1,1,8,1.14,26.03070068,119.19295502,24.5,26.03069305,119.19295502,24.17,-15.739,13.656,4.568,0.152,-0.17,-0.07,1.63,-6.27,-82.74,1.267,2.577,2.577,100.0,495,0,4455
1091463,1,1,8,1.14,26.03070068,119.19295502,24.5,26.03069305,119.19295502,24.15,-15.709,13.622,4.554,0.152,-0.17,-0.069,1.63,-6.28,-82.74,1.267,2.735,2.735,99.8,495,0,4455
1091672,1,1,8,1.14,26.03070068,119.19295502,24.6,26.03069687,119.19295502,24.28,-15.833,13.97,4.685,0.107,-0.057,-0.041,1.63,-6.28,-82.75,0.912,2.161,2.161,99.8,496,0,4458
1091873,1,1,8,1.14,26.03070068,119.19295502,24.6,26.03069687,119.19295502,24.28,-15.811,13.958,4.676,0.108,-0.057,-0.041,1.64,-6.28,-82.77,0.912,2.294,2.294,99.8,496,0,4461
1092073,1,1,8,1.14,26.03070068,119.19295502,24.6,26.03069687,119.19295502,24.27,-15.789,13.947,4.668,0.108,-0.057,-0.04,1.64,-6.29,-82.75,0.912,2.436,2.436,99.8,496,0,4464
1092273,1,1,8,1.14,26.03070068,119.19295502,24.6,26.03069687,119.19295502,24.26,-15.768,13.935,4.66,0.108,-0.056,-0.04,1.64,-6.28,-82.75,0.912,2.586,2.586,99.8,496,0,4464
1092473,1,1,8,1.14,26.03070068,119.19295502,24.6,26.03069687,119.19295502,24.25,-15.746,13.924,4.652,0.108,-0.055,-0.038,1.64,-6.28,-82.75,0.912,2.745,2.745,100.2,496,0,4464
1092678,1,1,8,1.14,26.0307045,119.19295502,24.6,26.03070068,119.19295502,24.36,-15.859,14.343,4.757,0.069,0.07,-0.016,1.65,-6.26,-82.74,0.993,2.166,2.166,100.2,497,0,4467
1092883,1,1,8,1.14,26.0307045,119.19295502,24.6,26.03070068,119.19295502,24.35,-15.845,14.358,4.753,0.07,0.07,-0.016,1.64,-6.26,-82.75,0.993,2.302,2.302,100.2,497,0,4470
1093083,1,1,8,1.14,26.0307045,119.19295502,24.6,26.03070068,119.19295502,24.35,-15.831,14.372,4.75,0.07,0.07,-0.016,1.65,-6.26,-82.77,0.993,2.444,2.444,100.2,497,0,4473
1093284,1,1,8,1.14,26.0307045,119.19295502,24.6,26.03070068,119.19295502,24.35,-15.817,14.386,4.747,0.07,0.069,-0.016,1.65,-6.25,-82.77,0.993,2.596,2.596,100.2,497,0,4473
1093493,1,1,8,1.14,26.0307045,119.19295502,24.6,26.03070068,119.19295502,24.34,-15.802,14.4,4.744,0.071,0.069,-0.016,1.67,-6.27,-82.76,0.993,2.762,2.762,99.9,497,0,4473
1093695,1,1,7,2.46,26.03070068,119.19295502,24.6,26.03070068,119.19295502,24.39,-15.823,14.418,4.791,0.061,0.07,-0.006,1.66,-6.27,-82.77,0.236,2.705,2.705,99.9,498,0,4477
1093903,1,1,7,2.46,26.03070068,119.19295502,24.6,26.03070068,119.19295502,24.39,-15.81,14.433,4.79,0.062,0.069,-0.006,1.66,-6.28,-82.8,0.236,2.874,2.874,99.9,498,0,4480
1094103,1,1,7,2.46,26.03070068,119.19295502,24.6,26.03070068,119.19295502,24.39,-15.798,14.447,4.789,0.062,0.069,-0.005,1.66,-6.27,-82.79,0.236,3.044,3.044,99.9,498,0,4482
1094303,1,1,7,2.46,26.03070068,119.19295502,24.6,26.03070068,119.19295502,24.39,-15.785,14.46,4.788,0.062,0.069,-0.004,1.67,-6.27,-82.77,0.236,3.221,3.221,99.9,498,0,4482
1094503,1,1,7,2.46,26.03070068,119.19295502,24.6,26.03070068,119.19295502,24.39,-15.773,14.474,4.787,0.063,0.069,-0.004,1.67,-6.27,-82.74,0.236,3.405,3.405,100.1,498,0,4482
1094703,1,1,6,2.46,26.03070068,119.19295502,24.7,26.03070068,119.19295502,24.46,-15.816,14.479,4.856,0.048,0.067,0.009,1.67,-6.27,-82.76,0.265,3.2,3.2,100.1,499,0,4486
1094903,1,1,6,2.46,26.03070068,119.19295502,24.7,26.03070068,119.19295502,24.46,-15.806,14.492,4.858,0.049,0.066,0.009,1.67,-6.27,-82.76,0.265,3.377,3.377,100.1,499,0,4489
1095104,1,1,6,2.46,26.03070068,119.19295502,24.7,26.03070068,119.19295502,24.46,-15.796,14.505,4.86,0.049,0.066,0.01,1.67,-6.28,-82.73,0.265,3.56,3.56,100.1,499,0,4491
1095313,1,1,6,2.46,26.03070068,119.19295502,24.7,26.03070068,119.19295502,24.46,-15.786,14.519,4.862,0.049,0.066,0.01,1.66,-6.29,-82.72,0.265,3.758,3.758,100.1,499,0,4491
1095513,1,1,6,2.46,26.03070068,119.19295502,24.7,26.03070068,119.19295502,24.46,-15.776,14.532,4.864,0.05,0.066,0.01,1.65,-6.29,-82.74,0.265,3.954,3.954,100.0,499,0,4492
1095714,1,1,6,2.46,26.03070068,119.19295502,24.8,26.03070068,119.19295502,24.55,-15.834,14.518,4.948,0.034,0.059,0.026,1.67,-6.29,-82.76,0.275,3.579,3.579,100.0,500,0,4495
1095914,1,1,6,2.46,26.03070068,119.19295502,24.8,26.03070068,119.19295502,24.55,-15.827,14.53,4.953,0.034,0.059,0.027,1.65,-6.29,-82.76,0.275,3.759,3.759,100.0,500,0,4498
1096123,1,1,6,2.46,26.03070068,119.19295502,24.8,26.03070068,119.19295502,24.56,-15.819,14.542,4.958,0.035,0.058,0.027,1.65,-6.29,-82.77,0.275,3.954,3.954,100.0,500,0,4500
1096323,1,1,6,2.46,26.03070068,119.19295502,24.8,26.03070259,119.19295502,24.56,-15.812,14.554,4.964,0.035,0.059,0.027,1.66,-6.28,-82.77,0.275,4.146,4.146,100.0,500,0,4500
1096524,1,1,6,2.46,26.03069305,119.19295502,24.8,26.03070259,119.19295502,24.57,-15.805,14.566,4.969,0.036,0.059,0.028,1.69,-6.26,-82.76,0.275,4.345,4.345,100.0,500,0,4501
1096733,1,1,6,2.46,26.03069305,119.19295502,24.7,26.03069878,119.19295502,24.61,-15.865,14.281,5.008,0.022,-0.008,0.034,1.68,-6.28,-82.76,1.009,3.828,3.828,100.0,501,0,4504
1096933,1,1,6,2.46,26.03069305,119.19295502,24.7,26.03069878,119.19295502,24.61,-15.861,14.28,5.015,0.022,-0.008,0.034,1.69,-6.28,-82.76,1.009,4.005,4.005,100.0,501,0,4507
1097133,1,1,6,2.46,26.03069305,119.19295502,24.7,26.03069878,119.19295502,24.62,-15.857,14.278,5.022,0.023,-0.007,0.034,1.67,-6.27,-82.75,1.009,4.189,4.189,100.0,501,0,4509
1097333,1,1,6,2.46,26.03069305,119.19295502,24.7,26.03069878,119.19295502,24.63,-15.852,14.277,5.029,0.023,-0.008,0.035,1.68,-6.28,-82.75,1.009,4.38,4.38,100.0,501,0,4509
1097533,1,1,6,2.46,26.03068924,119.19295502,24.7,26.03069878,119.19295502,24.64,-15.847,14.275,5.035,0.024,-0.007,0.035,1.68,-6.28,-82.76,1.009,4.576,4.576,100.0,501,0,4510
1097734,1,1,6,2.46,26.03068924,119.19295502,24.6,26.03069687,119.19295502,24.63,-15.901,13.916,5.032,0.012,-0.083,0.033,1.69,-6.28,-82.75,1.125,3.954,3.954,100.0,502,0,4513
1097934,1,1,6,2.46,26.03068924,119.19295502,24.6,26.03069496,119.19295502,24.64,-15.898,13.899,5.039,0.013,-0.082,0.033,1.69,-6.29,-82.73,1.125,4.127,4.127,100.0,502,0,4516
1098143,1,1,6,2.46,26.03068924,119.19295502,24.6,26.03069496,119.19295502,24.65,-15.896,13.882,5.046,0.013,-0.081,0.033,1.68,-6.29,-82.76,1.125,4.315,4.315,100.0,502,0,4518
1098343,1,1,6,2.46,26.03068924,119.19295502,24.6,26.03069496,119.19295502,24.65,-15.893,13.866,5.052,0.013,-0.081,0.034,1.68,-6.29,-82.76,1.125,4.502,4.502,100.0,502,0,4518
1098543,1,1,6,2.46,26.03067589,119.19295502,24.6,26.03069496,119.19295502,24.66,-15.89,13.85,5.059,0.014,-0.08,0.035,1.67,-6.28,-82.76,1.125,4.695,4.695,100.0,502,0,4519
1098743,1,1,8,2.0,26.03067589,119.19295502,24.3,26.03068733,119.19295502,24.53,-15.947,12.9,4.934,0.002,-0.268,0.014,1.68,-6.27,-82.77,2.169,3.721,3.721,100.0,503,0,4522
1098943,1,1,8,2.0,26.03067589,119.19295502,24.3,26.03068733,119.19295502,24.54,-15.946,12.847,4.937,0.003,-0.267,0.014,1.67,-6.28,-82.77,2.169,3.879,3.879,100.0,503,0,4525
1099143,1,1,8,2.0,26.03067589,119.19295502,24.3,26.03068542,119.19295502,24.54,-15.945,12.793,4.94,0.003,-0.265,0.014,1.66,-6.28,-82.77,2.169,4.045,4.045,100.0,503,0,4527
1099343,1,1,8,2.0,26.03067589,119.19295502,24.3,26.03068542,119.19295502,24.54,-15.945,12.74,4.943,0.004,-0.264,0.015,1.66,-6.29,-82.77,2.169,4.218,4.218,100.0,503,0,4527
1099543,1,1,8,2.0,26.03066826,119.19298553,24.3,26.03068542,119.19295502,24.55,-15.944,12.688,4.946,0.005,-0.263,0.016,1.66,-6.29,-82.78,2.169,4.397,4.397,100.0,503,0,4528
1099743,1,1,8,2.0,26.03066826,119.19298553,23.8,26.0306778,119.19297028,24.3,-14.757,11.903,4.696,0.245,-0.409,-0.026,1.66,-6.31,-82.77,3.491,3.579,3.579,100.0,504,0,4531
1099943,1,1,8,2.0,26.03066826,119.19298553,23.8,26.0306778,119.19297028,24.29,-14.708,11.821,4.691,0.245,-0.407,-0.025,1.67,-6.32,-82.75,3.491,3.733,3.733,100.0,504,0,4534
1100143,1,1,8,2.0,26.03066826,119.19298553,23.8,26.03067589,119.19297028,24.29,-14.66,11.74,4.686,0.244,-0.405,-0.024,1.67,-6.32,-82.78,3.491,3.894,3.894,100.0,504,0,4536
1100343,1,1,8,2.0,26.03066826,119.19298553,23.8,26.03067589,119.19297028,24.28,-14.611,11.659,4.681,0.243,-0.402,-0.024,1.66,-6.32,-82.8,3.491,4.063,4.063,100.0,504,0,4536
1100544,1,1,8,2.0,26.0306797,119.19297028,23.8,26.03067589,119.19297028,24.28,-14.562,11.579,4.676,0.242,-0.4,-0.023,1.66,-6.31,-82.83,3.491,4.239,4.239,100.0,504,0,4537
1100753,1,1,8,1.07,26.0306797,119.19297028,24.1,26.0306778,119.19297028,24.21,-14.483,11.883,4.606,0.248,-0.318,-0.034,1.67,-6.3,-82.82,0.561,2.526,2.526,100.0,505,0,4540
1100953,1,1,8,1.07,26.0306797,119.19297028,24.1,26.0306778,119.19297028,24.2,-14.434,11.819,4.599,0.247,-0.316,-0.033,1.66,-6.3,-82.8,0.561,2.643,2.643,100.0,505,0,4543
1101153,1,1,8,1.07,26.0306797,119.19297028,24.1,26.03067589,119.19297028,24.19,-14.384,11.756,4.593,0.246,-0.313,-0.032,1.65,-6.26,-82.78,0.561,2.771,2.771,100.0,505,0,4545
1101353,1,1,8,1.07,26.0306797,119.19297028,24.1,26.03067589,119.19297028,24.19,-14.335,11.694,4.586,0.246,-0.312,-0.031,1.67,-6.25,-82.78,0.561,2.909,2.909,100.0,505,0,4545
1101553,1,1,8,1.07,26.03068924,119.19295502,24.1,26.03067589,119.19297028,24.18,-14.286,11.632,4.58,0.246,-0.309,-0.031,1.68,-6.22,-82.79,0.561,3.058,3.058,100.0,505,0,4547
1101755,1,1,8,1.07,26.03068924,119.19295502,24.2,26.03068161,119.19296265,24.18,-15.18,12.404,4.582,0.015,-0.106,-0.03,1.64,-6.23,-82.79,2.35,2.23,2.23,100.0,506,0,4549
1101963,1,1,8,1.07,26.03068924,119.19295502,24.2,26.03068161,119.19296265,24.18,-15.177,12.382,4.576,0.016,-0.105,-0.028,1.65,-6.24,-82.79,2.35,2.357,2.357,100.0,506,0,4553
1102163,1,1,8,1.07,26.03068924,119.19295502,24.2,26.03068161,119.19296265,24.17,-15.174,12.361,4.57,0.016,-0.105,-0.027,1.66,-6.24,-82.82,2.35,2.492,2.492,100.0,506,0,4554
1102363,1,1,8,1.07,26.03068924,119.19295502,24.2,26.03068161,119.19296265,24.16,-15.17,12.34,4.565,0.017,-0.104,-0.027,1.66,-6.26,-82.81,2.35,2.638,2.638,100.0,506,0,4554
1102564,1,1,8,1.07,26.03069305,119.19295502,24.2,26.03068161,119.19296265,24.16,-15.167,12.319,4.559,0.017,-0.104,-0.027,1.66,-6.25,-82.8,2.35,2.795,2.795,100.0,506,0,4556
1102774,1,1,8,1.07,26.03069305,119.19295502,24.4,26.03068733,119.19296265,24.24,-15.589,12.929,4.635,-0.099,0.071,-0.012,1.66,-6.26,-82.8,1.539,2.152,2.152,100.0,507,0,4559
1102974,1,1,8,1.07,26.03069305,119.19295502,24.4,26.03068733,119.19296265,24.23,-15.608,12.943,4.633,-0.098,0.07,-0.011,1.66,-6.27,-82.8,1.539,2.286,2.286,100.0,507,0,4562
1103174,1,1,8,1.07,26.03069305,119.19295502,24.4,26.03068733,119.19296265,24.23,-15.628,12.957,4.631,-0.097,0.07,-0.01,1.66,-6.27,-82.79,1.539,2.431,2.431,100.0,507,0,4563
1103383,1,1,8,1.07,26.03069305,119.19295502,24.4,26.03068733,119.19295502,24.23,-15.648,12.972,4.629,-0.096,0.07,-0.009,1.67,-6.26,-82.79,1.539,2.593,2.593,100.0,507,0,4563
1103583,1,1,8,1.07,26.03068924,119.19295502,24.4,26.03068733,119.19295502,24.23,-15.667,12.986,4.627,-0.095,0.07,-0.009,1.67,-6.26,-82.79,1.539,2.757,2.757,99.0,507,0,4565
1103783,1,1,7,2.0,26.03068924,119.19295502,24.3,26.03068733,119.19295502,24.25,-15.76,13.037,4.645,-0.115,0.081,-0.005,1.68,-6.27,-82.79,0.395,2.622,2.622,99.0,508,0,4568
1103983,1,1,7,2.0,26.03068924,119.19295502,24.3,26.03068733,119.19295502,24.24,-15.783,13.053,4.645,-0.114,0.08,-0.004,1.68,-6.27,-82.77,0.395,2.786,2.786,99.0,508,0,4571
1104183,1,1,7,2.0,26.03068924,119.19295502,24.3,26.03068924,119.19295502,24.24,-15.806,13.069,4.644,-0.113,0.08,-0.004,1.69,-6.27,-82.77,0.395,2.959,2.959,99.0,508,0,4572
1104383,1,1,7,2.0,26.03068924,119.19295502,24.3,26.03068924,119.19295502,24.24,-15.828,13.085,4.643,-0.112,0.08,-0.003,1.69,-6.27,-82.77,0.395,3.14,3.14,99.0,508,0,4572
1104583,1,1,7,2.0,26.03068352,119.19295502,24.3,26.03068924,119.19295502,24.24,-15.851,13.101,4.642,-0.111,0.079,-0.002,1.69,-6.28,-82.76,0.395,3.328,3.328,100.0,508,0,4574
1104783,1,1,7,2.0,26.03068352,119.19295502,24.5,26.03068733,119.19295502,24.32,-15.92,12.956,4.717,-0.123,0.036,0.012,1.7,-6.26,-82.77,0.602,3.018,3.018,100.0,509,0,4577
1104983,1,1,7,2.0,26.03068352,119.19295502,24.5,26.03068733,119.19295502,24.32,-15.944,12.963,4.719,-0.122,0.036,0.013,1.68,-6.22,-82.77,0.602,3.193,3.193,100.0,509,0,4580
1105183,1,1,7,2.0,26.03068352,119.19295502,24.5,26.03068733,119.19295502,24.32,-15.969,12.97,4.722,-0.121,0.036,0.012,1.68,-6.2,-82.78,0.602,3.375,3.375,100.0,509,0,4581
1105383,1,1,7,2.0,26.03068352,119.19295502,24.5,26.03068733,119.19295502,24.32,-15.993,12.978,4.724,-0.119,0.035,0.013,1.68,-6.23,-82.79,0.602,3.565,3.565,100.0,509,0,4581
1105583,1,1,7,2.0,26.03068352,119.19295502,24.5,26.03068733,119.19295502,24.33,-16.016,12.985,4.727,-0.118,0.035,0.014,1.67,-6.24,-82.79,0.602,3.76,3.76,100.0,509,0,4583
1105786,1,1,7,2.0,26.03068352,119.19295502,24.7,26.03068542,119.19295502,24.44,-16.042,12.841,4.841,-0.117,-0.003,0.034,1.68,-6.25,-82.78,0.459,3.28,3.28,100.0,510,0,4586
1105993,1,1,7,2.0,26.03068352,119.19295502,24.7,26.03068542,119.19295502,24.45,-16.066,12.84,4.848,-0.116,-0.003,0.034,1.69,-6.24,-82.8,0.459,3.461,3.461,100.0,510,0,4589
1106193,1,1,7,2.0,26.03068352,119.19295502,24.7,26.03068542,119.19295502,24.45,-16.089,12.84,4.855,-0.115,-0.003,0.034,1.69,-6.24,-82.8,0.459,3.643,3.643,100.0,510,0,4590
1106393,1,1,7,2.0,26.03068352,119.19295502,24.7,26.03068542,119.19295502,24.46,-16.112,12.839,4.862,-0.114,-0.003,0.035,1.67,-6.24,-82.79,0.459,3.831,3.831,100.0,510,0,4590
1106593,1,1,7,2.0,26.03067589,119.19297028,24.7,26.03068542,119.19295502,24.47,-16.135,12.838,4.868,-0.113,-0.003,0.034,1.66,-6.27,-82.8,0.459,4.025,4.025,100.0,510,0,4592
1106793,1,1,7,2.0,26.03067589,119.19297028,24.7,26.03068352,119.19296265,24.55,-15.57,12.422,4.945,0.025,-0.1,0.047,1.65,-6.25,-82.79,2.008,3.422,3.422,100.0,511,0,4595
1106993,1,1,7,2.0,26.03067589,119.19297028,24.7,26.03068161,119.19296265,24.55,-15.565,12.402,4.955,0.026,-0.099,0.048,1.65,-6.25,-82.81,2.008,3.593,3.593,100.0,511,0,4598
1107193,1,1,7,2.0,26.03067589,119.19297028,24.7,26.03068161,119.19296265,24.56,-15.56,12.382,4.964,0.026,-0.099,0.048,1.66,-6.25,-82.79,2.008,3.77,3.77,100.0,511,0,4599
1107393,1,1,7,2.0,26.03067589,119.19297028,24.7,26.03068161,119.19296265,24.57,-15.554,12.363,4.974,0.027,-0.098,0.048,1.65,-6.24,-82.8,2.008,3.953,3.953,100.0,511,0,4599
1107593,1,1,7,2.0,26.03067589,119.19298553,24.7,26.03068161,119.19296265,24.58,-15.549,12.343,4.983,0.027,-0.098,0.048,1.66,-6.25,-82.82,2.008,4.143,4.143,100.0,511,0,4601
1107793,1,1,7,2.0,26.03067589,119.19298553,24.9,26.0306797,119.19297028,24.69,-14.588,12.078,5.09,0.241,-0.152,0.066,1.66,-6.24,-82.8,2.658,3.479,3.479,100.0,512,0,4604
1107993,1,1,7,2.0,26.03067589,119.19298553,24.9,26.0306797,119.19297028,24.7,-14.54,12.048,5.103,0.24,-0.151,0.066,1.67,-6.25,-82.81,2.658,3.645,3.645,100.0,512,0,4607
1108193,1,1,7,2.0,26.03067589,119.19298553,24.9,26.0306797,119.19297028,24.72,-14.492,12.017,5.116,0.239,-0.15,0.067,1.67,-6.25,-82.81,2.658,3.817,3.817,100.0,512,0,4608
1108393,1,1,7,2.0,26.03067589,119.19298553,24.9,26.0306778,119.19297028,24.73,-14.444,11.987,5.13,0.239,-0.149,0.067,1.67,-6.25,-82.82,2.658,3.996,3.996,100.0,512,0,4608
1108593,1,1,7,2.0,26.03066826,119.19298553,24.9,26.0306778,119.19297028,24.74,-14.396,11.958,5.143,0.239,-0.148,0.067,1.69,-6.24,-82.81,2.658,4.182,4.182,100.0,512,0,4610
1108793,1,1,7,2.0,26.03066826,119.19298553,25.1,26.03067398,119.19297791,24.87,-13.818,11.507,5.266,0.353,-0.238,0.086,1.68,-6.24,-82.8,1.807,3.496,3.496,100.0,513,0,4613
1108993,1,1,7,2.0,26.03066826,119.19298553,25.1,26.03067398,119.19297791,24.88,-13.748,11.459,5.283,0.351,-0.237,0.086,1.67,-6.24,-82.8,1.807,3.658,3.658,100.0,513,0,4616
1109193,1,1,7,2.0,26.03066826,119.19298553,25.1,26.03067398,119.19297791,24.9,-13.678,11.412,5.301,0.35,-0.236,0.086,1.68,-6.24,-82.8,1.807,3.827,3.827,100.0,513,0,4617
1109393,1,1,7,2.0,26.03066826,119.19298553,25.1,26.03067398,119.19297791,24.92,-13.608,11.365,5.318,0.349,-0.235,0.086,1.68,-6.24,-82.78,1.807,4.003,4.003,100.0,513,0,4617
1109593,1,1,7,2.0,26.03066826,119.19298553,25.1,26.03067207,119.19297791,24.94,-13.538,11.318,5.335,0.348,-0.233,0.086,1.69,-6.26,-82.79,1.807,4.186,4.186,100.0,513,0,4619
1109793,1,1,7,2.0,26.03066826,119.19298553,25.1,26.03067017,119.19298553,25.0,-13.261,11.091,5.403,0.391,-0.27,0.095,1.67,-6.26,-82.81,0.733,3.496,3.496,100.0,514,0,4622
1109993,1,1,7,2.0,26.03066826,119.19298553,25.1,26.03067017,119.19298553,25.02,-13.183,11.037,5.421,0.39,-0.269,0.094,1.67,-6.26,-82.8,0.733,3.656,3.656,100.0,514,0,4625
1110193,1,1,7,2.0,26.03066826,119.19298553,25.1,26.03067017,119.19298553,25.04,-13.105,10.983,5.44,0.389,-0.267,0.095,1.68,-6.26,-82.8,0.733,3.824,3.824,100.0,514,0,4626
1110393,1,1,7,2.0,26.03066826,119.19298553,25.1,26.03066826,119.19298553,25.06,-13.028,10.93,5.459,0.387,-0.266,0.094,1.68,-6.25,-82.8,0.733,3.998,3.998,100.0,514,0,4626
1110593,1,1,7,2.0,26.03066826,119.19298553,25.1,26.03066826,119.19298553,25.08,-12.951,10.877,5.478,0.385,-0.264,0.093,1.66,-6.25,-82.79,0.733,4.18,4.18,100.0,514,0,4628
1110793,1,1,7,2.0,26.03066826,119.19298553,25.3,26.03066826,119.19298553,25.16,-12.887,10.809,5.564,0.381,-0.266,0.105,1.67,-6.26,-82.8,0.053,3.493,3.493,100.0,515,0,4631
1110993,1,1,7,2.0,26.03066826,119.19298553,25.3,26.03066826,119.19298553,25.19,-12.811,10.756,5.585,0.38,-0.264,0.106,1.69,-6.27,-82.82,0.053,3.652,3.652,100.0,515,0,4634
1111193,1,1,7,2.0,26.03066826,119.19298553,25.3,26.03066635,119.19298553,25.21,-12.735,10.704,5.607,0.378,-0.263,0.105,1.72,-6.28,-82.82,0.053,3.82,3.82,100.0,515,0,4635
1111393,1,1,7,2.0,26.03066826,119.19298553,25.3,26.03066635,119.19298553,25.23,-12.659,10.651,5.628,0.377,-0.261,0.106,1.74,-6.3,-82.84,0.053,3.994,3.994,100.0,515,0,4635
1111593,1,1,7,2.0,26.03066826,119.19298553,25.3,26.03066635,119.19299316,25.25,-12.584,10.599,5.649,0.376,-0.26,0.106,1.77,-6.31,-82.88,0.053,4.176,4.176,100.0,515,0,4637
1111793,1,1,8,2.0,26.03066826,119.19298553,25.6,26.03066635,119.19298553,25.38,-12.66,10.637,5.778,0.342,-0.239,0.124,1.79,-6.32,-82.85,0.467,3.49,3.49,100.0,516,0,4640
1111993,1,1,8,2.0,26.03066826,119.19298553,25.6,26.03066635,119.19299316,25.4,-12.591,10.589,5.803,0.341,-0.238,0.125,1.78,-6.32,-82.85,0.467,3.65,3.65,100.0,516,0,4643
1112193,1,1,8,2.0,26.03066826,119.19298553,25.6,26.03066635,119.19299316,25.43,-12.523,10.541,5.828,0.34,-0.237,0.125,1.64,-6.36,-82.84,0.467,3.818,3.818,100.0,516,0,4644
1112393,1,1,8,2.0,26.03066826,119.19298553,25.6,26.03066444,119.19299316,25.45,-12.455,10.494,5.853,0.338,-0.238,0.123,1.78,-6.45,-82.83,0.467,3.993,3.993,100.0,516,0,4644
1112593,1,1,8,2.0,26.03066826,119.19298553,25.6,26.03066444,119.19299316,25.48,-12.388,10.446,5.877,0.338,-0.243,0.12,1.73,-6.72,-82.86,0.467,4.175,4.175,100.0,516,0,4646
1112793,1,1,8,2.0,26.03066826,119.19298553,25.8,26.03066635,119.19299316,25.6,-12.544,10.544,6.0,0.288,-0.207,0.137,1.57,-6.67,-82.87,0.714,3.491,3.491,100.0,517,0,4649
1112993,1,1,8,2.0,26.03066826,119.19298553,25.8,26.03066444,119.19299316,25.63,-12.486,10.503,6.027,0.286,-0.204,0.137,1.61,-6.54,-82.85,0.714,3.651,3.651,100.0,517,0,4652
1113193,1,1,8,2.0,26.03066826,119.19298553,25.8,26.03066444,119.19299316,25.65,-12.429,10.463,6.055,0.286,-0.199,0.139,1.71,-6.4,-82.86,0.714,3.819,3.819,100.0,517,0,4653
1113393,1,1,8,2.0,26.03066826,119.19298553,25.8,26.03066444,119.19299316,25.68,-12.372,10.422,6.083,0.285,-0.2,0.139,1.62,-6.52,-82.85,0.714,3.995,3.995,100.0,517,0,4653
1113593,1,1,8,2.0,26.03066826,119.19298553,25.8,26.03066444,119.19299316,25.71,-12.315,10.382,6.11,0.285,-0.197,0.138,1.56,-6.52,-82.86,0.714,4.178,4.178,100.0,517,0,4655
1113793,1,1,8,2.0,26.03066826,119.19298553,25.9,26.03066635,119.19299316,25.8,-12.508,10.513,6.195,0.23,-0.158,0.148,1.52,-6.46,-82.86,0.807,3.492,3.492,100.0,518,0,4658
1113993,1,1,8,2.0,26.03066826,119.19298553,25.9,26.03066444,119.19299316,25.82,-12.462,10.481,6.225,0.229,-0.157,0.147,1.6,-6.43,-82.82,0.807,3.653,3.653,100.0,518,0,4661
1114193,1,1,8,2.0,26.03066826,119.19298553,25.9,26.03066444,119.19299316,25.85,-12.416,10.45,6.254,0.229,-0.156,0.147,1.7,-6.44,-82.82,0.807,3.822,3.822,100.0,518,0,4662
1114393,1,1,8,2.0,26.03066826,119.19298553,25.9,26.03066444,119.19299316,25.88,-12.371,10.419,6.283,0.228,-0.155,0.147,1.71,-6.41,-82.84,0.807,3.998,3.998,100.0,518,0,4662
1114594,1,1,8,2.0,26.03066826,119.19298553,25.9,26.03066444,119.19299316,25.91,-12.325,10.388,6.313,0.227,-0.154,0.147,1.72,-6.41,-82.85,0.807,4.183,4.183,100.0,518,0,4664
1114803,1,1,7,2.0,26.03066826,119.19298553,26.0,26.03066635,119.19299316,25.97,-12.524,10.523,6.369,0.173,-0.117,0.151,1.66,-6.42,-82.85,0.793,3.503,3.503,100.0,519,0,4667
1115003,1,1,7,2.0,26.03066826,119.19298553,26.0,26.03066444,119.19299316,26.0,-12.49,10.5,6.399,0.173,-0.116,0.152,1.67,-6.42,-82.83,0.793,3.665,3.665,100.0,519,0,4670
1115203,1,1,7,2.0,26.03066826,119.19298553,26.0,26.03066444,119.19299316,26.03,-12.455,10.477,6.43,0.172,-0.115,0.152,1.61,-6.41,-82.83,0.793,3.834,3.834,100.0,519,0,4671
1115403,1,1,7,2.0,26.03066826,119.19298553,26.0,26.03066444,119.19299316,26.06,-12.421,10.454,6.46,0.172,-0.114,0.152,1.68,-6.4,-82.83,0.793,4.012,4.012,100.0,519,0,4671
1115603,1,1,7,2.0,26.03066063,119.19297028,26.0,26.03066444,119.19299316,26.09,-12.387,10.431,6.49,0.171,-0.114,0.151,1.65,-6.41,-82.82,0.793,4.196,4.196,100.0,519,0,4673
1115803,1,1,7,2.0,26.03066063,119.19297028,26.1,26.03066254,119.19298553,26.12,-13.149,10.24,6.522,-0.0,-0.149,0.151,1.67,-6.38,-82.84,2.165,3.504,3.504,100.0,520,0,4676
1116003,1,1,7,2.0,26.03066063,119.19297028,26.1,26.03066254,119.19298553,26.15,-13.149,10.21,6.553,0.0,-0.147,0.151,1.67,-6.37,-82.83,2.165,3.667,3.667,100.0,520,0,4679
1116203,1,1,7,2.0,26.03066063,119.19297028,26.1,26.03066254,119.19298553,26.18,-13.149,10.181,6.583,0.0,-0.147,0.152,1.65,-6.38,-82.82,2.165,3.837,3.837,100.0,520,0,4680
1116403,1,1,7,2.0,26.03066063,119.19297028,26.1,26.03066254,119.19298553,26.21,-13.149,10.151,6.613,0.0,-0.146,0.152,1.65,-6.4,-82.81,2.165,4.014,4.014,100.0,520,0,4680
1116603,1,1,7,2.0,26.03066063,119.19298553,26.1,26.03066254,119.19298553,26.24,-13.149,10.122,6.643,0.001,-0.148,0.15,1.75,-6.47,-82.82,2.165,4.199,4.199,100.0,520,0,4682
1116803,1,1,7,2.0,26.03066063,119.19298553,26.2,26.03066063,119.19298553,26.26,-13.083,10.042,6.66,0.017,-0.143,0.155,2.06,-5.91,-82.82,0.224,3.506,3.506,100.0,521,0,4685
1117003,1,1,7,2.0,26.03066063,119.19298553,26.2,26.03066063,119.19298553,26.29,-13.079,10.013,6.69,0.017,-0.151,0.152,1.99,-6.25,-82.87,0.224,3.668,3.668,100.0,521,0,4688
1117203,1,1,7,2.0,26.03066063,119.19298553,26.2,26.03066063,119.19298553,26.32,-13.076,9.982,6.721,0.017,-0.15,0.15,1.94,-6.27,-82.91,0.224,3.838,3.838,100.0,521,0,4689
1117403,1,1,7,2.0,26.03066063,119.19298553,26.2,26.03066063,119.19298553,26.35,-13.073,9.952,6.751,0.016,-0.151,0.15,1.92,-6.29,-82.92,0.224,4.016,4.016,100.0,521,0,4689
1117603,1,1,7,2.0,26.03065681,119.19298553,26.2,26.03066063,119.19298553,26.38,-13.069,9.922,6.781,0.016,-0.149,0.15,2.02,-6.26,-82.95,0.224,4.201,4.201,100.0,521,0,4691
1117805,1,1,7,2.0,26.03065681,119.19298553,26.3,26.03065872,119.19298553,26.38,-13.03,9.755,6.784,0.024,-0.179,0.144,1.98,-6.31,-82.97,0.376,3.509,3.509,100.0,522,0,4694
1118005,1,1,7,2.0,26.03065681,119.19298553,26.3,26.03065872,119.19298553,26.41,-13.025,9.719,6.813,0.025,-0.177,0.145,1.8,-6.31,-82.98,0.376,3.671,3.671,100.0,522,0,4697
1118213,1,1,7,2.0,26.03065681,119.19298553,26.3,26.03065872,119.19298553,26.44,-13.02,9.683,6.844,0.025,-0.175,0.147,1.87,-6.29,-82.99,0.376,3.849,3.849,100.0,522,0,4698
1118413,1,1,7,2.0,26.03065681,119.19298553,26.3,26.03065681,119.19298553,26.47,-13.015,9.647,6.872,0.025,-0.177,0.144,1.7,-6.4,-82.99,0.376,4.027,4.027,100.0,522,0,4698
1118613,1,1,7,2.0,26.03065681,119.19298553,26.3,26.03065681,119.19298553,26.5,-13.01,9.612,6.901,0.026,-0.176,0.144,1.7,-6.37,-82.98,0.376,4.212,4.212,100.0,522,0,4700
1118813,1,1,7,2.0,26.03065681,119.19298553,26.5,26.03065681,119.19298553,26.53,-12.991,9.556,6.929,0.029,-0.178,0.143,1.7,-6.35,-82.97,0.064,3.515,3.515,100.0,523,0,4703
1119013,1,1,7,2.0,26.03065681,119.19298553,26.5,26.03065681,119.19298553,26.56,-12.985,9.521,6.957,0.029,-0.176,0.143,1.7,-6.31,-82.95,0.064,3.678,3.678,100.0,523,0,4707
1119213,1,1,7,2.0,26.03065681,119.19298553,26.5,26.03065681,119.19298553,26.59,-12.98,9.486,6.986,0.03,-0.175,0.143,1.7,-6.3,-82.95,0.064,3.849,3.849,100.0,523,0,4707
1119413,1,1,7,2.0,26.03065681,119.19298553,26.5,26.03065681,119.19298553,26.61,-12.974,9.451,7.014,0.03,-0.174,0.142,1.71,-6.28,-82.94,0.064,4.027,4.027,100.0,523,0,4707
1119613,1,1,7,2.0,26.03065109,119.19298553,26.5,26.03065491,119.19298553,26.64,-12.968,9.416,7.043,0.031,-0.172,0.142,1.72,-6.27,-82.93,0.064,4.212,4.212,100.0,523,0,4709
1119814,1,1,7,1.99,26.03065109,119.19298553,26.5,26.030653,119.19298553,26.63,-12.964,9.193,7.026,0.03,-0.211,0.134,1.71,-6.26,-82.93,0.495,3.51,3.51,100.0,524,0,4712
1120015,1,1,7,1.99,26.03065109,119.19298553,26.5,26.030653,119.19298553,26.65,-12.958,9.151,7.053,0.03,-0.21,0.134,1.71,-6.26,-82.94,0.495,3.673,3.673,100.0,524,0,4716
1120224,1,1,7,1.99,26.03065109,119.19298553,26.5,26.030653,119.19298553,26.68,-12.951,9.107,7.081,0.031,-0.209,0.134,1.71,-6.25,-82.92,0.495,3.851,3.851,100.0,524,0,4716
1120424,1,1,7,1.99,26.03065109,119.19298553,26.5,26.030653,119.19298553,26.71,-12.945,9.066,7.107,0.031,-0.207,0.133,1.72,-6.24,-82.89,0.495,4.03,4.03,100.0,524,0,4716
1120625,1,1,7,1.99,26.03065109,119.19298553,26.6,26.03065109,119.19298553,26.69,-12.952,8.985,7.094,0.028,-0.215,0.126,1.72,-6.23,-82.87,0.112,3.362,3.362,100.0,525,0,4719
1120834,1,1,7,1.99,26.03065109,119.19298553,26.6,26.03065109,119.19298553,26.72,-12.946,8.941,7.12,0.029,-0.213,0.126,1.73,-6.24,-82.87,0.112,3.524,3.524,100.0,525,0,4722
1121043,1,1,7,1.99,26.03065109,119.19298553,26.6,26.03065109,119.19298553,26.75,-12.94,8.896,7.146,0.029,-0.212,0.127,1.72,-6.24,-82.87,0.112,3.695,3.695,100.0,525,0,4725
1121243,1,1,7,1.99,26.03065109,119.19298553,26.6,26.03065109,119.19298553,26.77,-12.934,8.854,7.172,0.029,-0.211,0.127,1.73,-6.25,-82.88,0.112,3.867,3.867,100.0,525,0,4725
1121443,1,1,7,1.99,26.03065109,119.19298553,26.6,26.03065109,119.19298553,26.8,-12.928,8.812,7.197,0.03,-0.21,0.127,1.75,-6.27,-82.86,0.112,4.046,4.046,101.0,525,0,4725
1121659,1,1,7,1.99,26.03065109,119.19298553,26.7,26.03065109,119.19298553,26.79,-12.94,8.82,7.188,0.026,-0.197,0.12,1.75,-6.28,-82.86,0.155,3.385,3.385,101.0,526,0,4728
1121864,1,1,7,1.99,26.03065109,119.19298553,26.7,26.03064919,119.19298553,26.81,-12.935,8.78,7.212,0.026,-0.196,0.121,1.66,-6.29,-82.84,0.155,3.546,3.546,101.0,526,0,4731
1122073,1,1,7,1.99,26.03065109,119.19298553,26.7,26.03064919,119.19298553,26.84,-12.93,8.739,7.238,0.026,-0.194,0.121,1.71,-6.28,-82.84,0.155,3.718,3.718,101.0,526,0,4734
1122273,1,1,7,1.99,26.03065109,119.19298553,26.7,26.03064919,119.19298553,26.86,-12.924,8.7,7.262,0.026,-0.193,0.121,1.66,-6.28,-82.83,0.155,3.891,3.891,101.0,526,0,4734
1122473,1,1,7,1.99,26.03065109,119.19298553,26.7,26.03064919,119.19298553,26.89,-12.919,8.661,7.286,0.026,-0.193,0.121,1.67,-6.28,-82.86,0.155,4.071,4.071,99.9,526,0,4734
1122678,1,1,7,1.99,26.03064728,119.19298553,26.7,26.03064728,119.19298553,26.85,-12.935,8.571,7.248,0.022,-0.203,0.11,1.68,-6.3,-82.87,0.15,3.398,3.398,99.9,527,0,4737
1122883,1,1,7,1.99,26.03064728,119.19298553,26.7,26.03064728,119.19298553,26.87,-12.931,8.53,7.271,0.023,-0.202,0.11,1.69,-6.3,-82.91,0.15,3.56,3.56,99.9,527,0,4740
1123083,1,1,7,1.99,26.03064728,119.19298553,26.7,26.03064728,119.19298553,26.89,-12.926,8.49,7.293,0.023,-0.201,0.11,1.7,-6.3,-82.91,0.15,3.725,3.725,99.9,527,0,4743
1123283,1,1,7,1.99,26.03064728,119.19298553,26.7,26.03064728,119.19298553,26.92,-12.921,8.449,7.315,0.024,-0.2,0.11,1.71,-6.3,-82.93,0.15,3.898,3.898,99.9,527,0,4743
1123483,1,1,7,1.99,26.03064728,119.19298553,26.7,26.03064728,119.19298553,26.94,-12.917,8.41,7.337,0.024,-0.199,0.11,1.7,-6.28,-82.9,0.15,4.079,4.079,100.1,527,0,4743
1123684,1,1,7,1.99,26.03064728,119.19298553,26.9,26.03064728,119.19298553,26.94,-12.934,8.411,7.343,0.02,-0.189,0.108,1.71,-6.3,-82.92,0.128,3.402,3.402,100.1,528,0,4746
1123893,1,1,7,1.99,26.03064728,119.19298553,26.9,26.03064537,119.19298553,26.97,-12.93,8.372,7.366,0.02,-0.187,0.108,1.72,-6.3,-82.9,0.128,3.567,3.567,100.1,528,0,4749
1124093,1,1,7,1.99,26.03064728,119.19298553,26.9,26.03064537,119.19298553,26.99,-12.926,8.335,7.387,0.021,-0.186,0.108,1.72,-6.29,-82.89,0.128,3.733,3.733,100.1,528,0,4752
1124293,1,1,7,1.99,26.03064728,119.19298553,26.9,26.03064537,119.19298553,27.01,-12.922,8.298,7.409,0.021,-0.186,0.108,1.71,-6.29,-82.88,0.128,3.907,3.907,100.1,528,0,4752
1124493,1,1,7,1.99,26.03064728,119.19298553,26.9,26.03064537,119.19298553,27.03,-12.917,8.261,7.431,0.021,-0.184,0.109,1.72,-6.28,-82.89,0.128,4.088,4.088,100.0,528,0,4752
1124695,1,1,7,1.99,26.03064346,119.19298553,26.9,26.03064346,119.19298553,27.01,-12.935,8.163,7.408,0.017,-0.197,0.101,1.73,-6.3,-82.89,0.175,3.408,3.408,100.0,529,0,4755
1124903,1,1,7,1.99,26.03064346,119.19298553,26.9,26.03064346,119.19298553,27.03,-12.931,8.122,7.429,0.017,-0.196,0.101,1.72,-6.29,-82.86,0.175,3.572,3.572,100.0,529,0,4758
1125103,1,1,7,1.99,26.03064346,119.19298553,26.9,26.03064346,119.19298553,27.05,-12.928,8.082,7.449,0.018,-0.195,0.101,1.73,-6.3,-82.87,0.175,3.738,3.738,100.0,529,0,4761
1125303,1,1,7,1.99,26.03064346,119.19298553,26.9,26.03064346,119.19298553,27.07,-12.924,8.044,7.469,0.018,-0.194,0.102,1.74,-6.29,-82.87,0.175,3.912,3.912,100.0,529,0,4761
1125503,1,1,7,1.99,26.03064346,119.19298553,26.9,26.03064346,119.19298553,27.09,-12.921,8.005,7.49,0.019,-0.193,0.102,1.74,-6.28,-82.9,0.175,4.093,4.093,100.0,529,0,4761
1125708,1,1,7,1.99,26.03063583,119.19298553,27.0,26.03063965,119.19298553,27.08,-12.937,7.684,7.479,0.015,-0.254,0.097,1.75,-6.29,-82.91,0.763,3.419,3.419,100.0,530,0,4765
1125914,1,1,7,1.99,26.03063583,119.19298553,27.0,26.03063965,119.19298553,27.1,-12.934,7.632,7.499,0.015,-0.252,0.096,1.75,-6.3,-82.92,0.763,3.582,3.582,100.0,530,0,4768
1126123,1,1,7,1.99,26.03063583,119.19298553,27.0,26.03063965,119.19298553,27.12,-12.931,7.579,7.519,0.015,-0.252,0.096,1.75,-6.33,-82.9,0.763,3.756,3.756,100.0,530,0,4770
1126323,1,1,7,1.99,26.03063583,119.19298553,27.0,26.03063774,119.19298553,27.14,-12.928,7.529,7.538,0.016,-0.25,0.096,1.75,-6.32,-82.91,0.763,3.931,3.931,100.0,530,0,4770
1126523,1,1,7,1.99,26.0306282,119.19298553,27.0,26.03063774,119.19298553,27.16,-12.925,7.479,7.557,0.017,-0.248,0.096,1.79,-6.3,-82.9,0.763,4.113,4.113,100.0,530,0,4771
1126723,1,1,7,1.99,26.0306282,119.19298553,27.1,26.03063393,119.19298553,27.16,-12.94,7.028,7.556,0.013,-0.336,0.092,1.77,-6.31,-82.91,1.083,3.431,3.431,100.0,531,0,4774
1126923,1,1,7,1.99,26.0306282,119.19298553,27.1,26.03063393,119.19298553,27.17,-12.938,6.961,7.574,0.013,-0.334,0.093,1.77,-6.29,-82.92,1.083,3.59,3.59,100.0,531,0,4777
1127123,1,1,7,1.99,26.0306282,119.19298553,27.1,26.03063202,119.19298553,27.19,-12.935,6.894,7.593,0.013,-0.332,0.093,1.74,-6.28,-82.91,1.083,3.757,3.757,100.0,531,0,4779
1127323,1,1,7,1.99,26.0306282,119.19298553,27.1,26.03063202,119.19298553,27.21,-12.932,6.828,7.612,0.013,-0.33,0.093,1.73,-6.25,-82.9,1.083,3.932,3.932,100.0,531,0,4779
1127525,1,1,7,1.99,26.03062248,119.19298553,27.1,26.03063202,119.19298553,27.23,-12.93,6.761,7.63,0.013,-0.328,0.094,1.72,-6.24,-82.9,1.083,4.116,4.116,100.0,531,0,4780
1127728,1,1,7,1.99,26.03062248,119.19298553,27.0,26.0306282,119.19298553,27.18,-12.944,6.325,7.576,0.01,-0.408,0.081,1.71,-6.23,-82.91,0.994,3.435,3.435,100.0,532,0,4783
1127933,1,1,7,1.99,26.03062248,119.19298553,27.0,26.0306263,119.19298553,27.19,-12.942,6.242,7.592,0.01,-0.406,0.082,1.71,-6.22,-82.93,0.994,3.599,3.599,100.0,532,0,4786
1128133,1,1,7,1.99,26.03062248,119.19298553,27.0,26.0306263,119.19298553,27.21,-12.94,6.161,7.609,0.011,-0.404,0.082,1.71,-6.23,-82.91,0.994,3.767,3.767,100.0,532,0,4788
1128333,1,1,7,1.99,26.03062248,119.19298553,27.0,26.0306263,119.19298553,27.22,-12.937,6.081,7.625,0.011,-0.401,0.082,1.7,-6.22,-82.89,0.994,3.942,3.942,100.0,532,0,4788
1128533,1,1,7,1.99,26.03062248,119.19298553,27.0,26.03062439,119.19298553,27.24,-12.935,6.0,7.641,0.012,-0.399,0.082,1.71,-6.21,-82.89,0.994,4.125,4.125,100.0,532,0,4789
1128733,1,1,7,1.99,26.03062248,119.19298553,27.2,26.03062248,119.19298553,27.24,-12.948,5.836,7.643,0.009,-0.416,0.079,1.71,-6.22,-82.88,0.231,3.44,3.44,100.0,533,0,4792
1128933,1,1,7,1.99,26.03062248,119.19298553,27.2,26.03062248,119.19298553,27.26,-12.946,5.753,7.658,0.009,-0.414,0.079,1.71,-6.21,-82.9,0.231,3.6,3.6,100.0,533,0,4795
1129133,1,1,7,1.99,26.03062248,119.19298553,27.2,26.03062248,119.19298553,27.27,-12.944,5.67,7.674,0.01,-0.411,0.079,1.72,-6.21,-82.9,0.231,3.767,3.767,100.0,533,0,4797
1129333,1,1,7,1.99,26.03062248,119.19298553,27.2,26.03062057,119.19298553,27.29,-12.942,5.588,7.69,0.01,-0.409,0.079,1.72,-6.21,-82.89,0.231,3.943,3.943,100.0,533,0,4797
1129535,1,1,7,1.99,26.03061867,119.19298553,27.2,26.03062057,119.19298553,27.31,-12.94,5.506,7.706,0.011,-0.408,0.08,1.73,-6.22,-82.87,0.231,4.127,4.127,100.0,533,0,4798
1129735,1,1,7,1.99,26.03061867,119.19298553,27.4,26.03061867,119.19298553,27.35,-12.951,5.366,7.749,0.008,-0.419,0.084,1.72,-6.23,-82.9,0.162,3.442,3.442,100.0,534,0,4801
1129943,1,1,7,1.99,26.03061867,119.19298553,27.4,26.03061867,119.19298553,27.37,-12.949,5.279,7.766,0.008,-0.416,0.084,1.72,-6.26,-82.89,0.162,3.608,3.608,100.0,534,0,4804
1130143,1,1,7,1.99,26.03061867,119.19298553,27.4,26.03061676,119.19298553,27.38,-12.947,5.196,7.782,0.009,-0.415,0.082,1.7,-6.3,-82.9,0.162,3.777,3.777,100.0,534,0,4806
1130343,1,1,7,1.99,26.03061867,119.19298553,27.4,26.03061676,119.19298553,27.4,-12.946,5.113,7.799,0.009,-0.412,0.082,1.68,-6.31,-82.89,0.162,3.952,3.952,100.0,534,0,4806
1130544,1,1,7,1.99,26.03061867,119.19298553,27.4,26.03061676,119.19298553,27.42,-12.944,5.03,7.815,0.009,-0.41,0.082,1.68,-6.29,-82.9,0.162,4.136,4.136,100.0,534,0,4807
1130753,1,1,7,1.99,26.03061867,119.19298553,27.6,26.03061676,119.19298553,27.49,-12.953,5.063,7.887,0.007,-0.382,0.092,1.68,-6.3,-82.88,0.316,3.457,3.457,100.0,535,0,4810
1130953,1,1,7,1.99,26.03061867,119.19298553,27.6,26.03061485,119.19298553,27.51,-12.952,4.986,7.906,0.007,-0.38,0.092,1.69,-6.29,-82.87,0.316,3.617,3.617,100.0,535,0,4814
1131153,1,1,7,1.99,26.03061867,119.19298553,27.6,26.03061485,119.19298553,27.52,-12.95,4.91,7.924,0.007,-0.378,0.092,1.67,-6.3,-82.88,0.316,3.786,3.786,100.0,535,0,4815
1131353,1,1,7,1.99,26.03061867,119.19298553,27.6,26.03061485,119.19298553,27.54,-12.949,4.835,7.942,0.007,-0.377,0.091,1.67,-6.35,-82.87,0.316,3.962,3.962,100.0,535,0,4815
1131553,1,1,7,1.99,26.03060722,119.19300079,27.6,26.03061295,119.19298553,27.56,-12.947,4.76,7.961,0.008,-0.375,0.092,1.68,-6.34,-82.88,0.316,4.145,4.145,100.0,535,0,4817
1131755,1,1,7,1.99,26.03060722,119.19300079,27.5,26.03061104,119.19299316,27.56,-12.384,4.424,7.958,0.131,-0.43,0.088,1.69,-6.32,-82.86,1.653,3.458,3.458,100.0,536,0,4819
1131963,1,1,7,1.99,26.03060722,119.19300079,27.5,26.03060913,119.19299316,27.58,-12.357,4.334,7.977,0.13,-0.427,0.088,1.69,-6.32,-82.87,1.653,3.626,3.626,100.0,536,0,4823
1132163,1,1,7,1.99,26.03060722,119.19300079,27.5,26.03060913,119.19299316,27.59,-12.331,4.249,7.994,0.13,-0.425,0.088,1.69,-6.32,-82.88,1.653,3.795,3.795,100.0,536,0,4824
1132363,1,1,7,1.99,26.03060722,119.19300079,27.5,26.03060913,119.19299316,27.61,-12.305,4.164,8.012,0.13,-0.423,0.088,1.69,-6.29,-82.86,1.653,3.971,3.971,100.0,536,0,4824
1132563,1,1,7,1.99,26.03061485,119.19300079,27.5,26.03060722,119.19299316,27.63,-12.279,4.08,8.03,0.129,-0.42,0.088,1.69,-6.29,-82.87,1.653,4.155,4.155,100.0,536,0,4826
1132763,1,1,7,1.99,26.03061485,119.19300079,27.7,26.03060913,119.19299316,27.67,-11.944,4.309,8.067,0.196,-0.35,0.092,1.7,-6.29,-82.87,1.171,3.465,3.465,100.0,537,0,4829
1132963,1,1,7,1.99,26.03061485,119.19300079,27.7,26.03060913,119.19299316,27.69,-11.905,4.239,8.085,0.195,-0.348,0.091,1.69,-6.28,-82.88,1.171,3.626,3.626,100.0,537,0,4832
1133163,1,1,7,1.99,26.03061485,119.19300079,27.7,26.03060913,119.19299316,27.7,-11.866,4.17,8.104,0.195,-0.346,0.092,1.69,-6.28,-82.88,1.171,3.795,3.795,100.0,537,0,4833
1133363,1,1,7,1.99,26.03061485,119.19300079,27.7,26.03060722,119.19300079,27.72,-11.827,4.101,8.122,0.194,-0.344,0.092,1.69,-6.27,-82.88,1.171,3.972,3.972,100.0,537,0,4833
1133563,1,1,7,1.99,26.03060722,119.19300079,27.7,26.03060722,119.19300079,27.74,-11.789,4.032,8.14,0.193,-0.342,0.092,1.69,-6.27,-82.89,1.171,4.156,4.156,100.0,537,0,4835
1133763,1,1,7,1.99,26.03060722,119.19300079,27.7,26.03060722,119.19300079,27.74,-11.627,3.973,8.144,0.219,-0.339,0.09,1.68,-6.28,-82.9,0.329,3.465,3.465,100.0,538,0,4838
1133969,1,1,7,1.99,26.03060722,119.19300079,27.7,26.03060532,119.19300079,27.76,-11.582,3.904,8.163,0.218,-0.337,0.09,1.67,-6.27,-82.9,0.329,3.631,3.631,100.0,538,0,4841
1134173,1,1,7,1.99,26.03060722,119.19300079,27.7,26.03060532,119.19300079,27.78,-11.537,3.835,8.181,0.218,-0.335,0.09,1.68,-6.27,-82.89,0.329,3.804,3.804,100.0,538,0,4842
1134373,1,1,7,1.99,26.03060722,119.19300079,27.7,26.03060532,119.19300079,27.8,-11.494,3.768,8.199,0.217,-0.333,0.09,1.67,-6.27,-82.88,0.329,3.981,3.981,100.0,538,0,4842
1134575,1,1,7,1.99,26.03060341,119.19300079,27.7,26.03060341,119.19300079,27.82,-11.45,3.701,8.218,0.216,-0.332,0.09,1.67,-6.27,-82.89,0.329,4.167,4.167,100.0,538,0,4844
1134775,1,1,7,1.99,26.03060341,119.19300079,27.8,26.03060341,119.19300079,27.83,-11.411,3.608,8.228,0.215,-0.336,0.089,1.67,-6.26,-82.9,0.073,3.475,3.475,100.0,539,0,4847
1134983,1,1,7,1.99,26.03060341,119.19300079,27.8,26.03060341,119.19300079,27.85,-11.366,3.538,8.247,0.214,-0.334,0.089,1.67,-6.26,-82.9,0.073,3.643,3.643,100.0,539,0,4850
1135184,1,1,7,1.99,26.03060341,119.19300079,27.8,26.0306015,119.19300079,27.86,-11.323,3.471,8.265,0.213,-0.332,0.089,1.67,-6.27,-82.89,0.073,3.814,3.814,100.0,539,0,4851
1135394,1,1,7,1.99,26.03060341,119.19300079,27.8,26.0306015,119.19300079,27.88,-11.278,3.402,8.283,0.213,-0.33,0.089,1.68,-6.27,-82.89,0.073,4.0,4.0,100.0,539,0,4851
1135603,1,1,7,1.99,26.03059959,119.19300079,27.8,26.0306015,119.19300079,27.9,-11.234,3.333,8.302,0.212,-0.329,0.089,1.68,-6.26,-82.89,0.073,4.194,4.194,100.0,539,0,4853
1135803,1,1,7,1.99,26.03059959,119.19300079,27.8,26.03059959,119.19300079,27.89,-11.275,3.215,8.287,0.193,-0.338,0.083,1.68,-6.25,-82.89,0.259,3.496,3.496,100.0,540,0,4856
1136003,1,1,7,1.99,26.03059959,119.19300079,27.8,26.03059959,119.19300079,27.9,-11.237,3.148,8.304,0.193,-0.336,0.083,1.7,-6.24,-82.91,0.259,3.659,3.659,100.0,540,0,4859
1136203,1,1,7,1.99,26.03059959,119.19300079,27.8,26.03059959,119.19300079,27.92,-11.198,3.081,8.32,0.192,-0.335,0.084,1.72,-6.26,-82.93,0.259,3.83,3.83,100.0,540,0,4860
1136403,1,1,7,1.99,26.03059959,119.19300079,27.8,26.03059769,119.19300079,27.94,-11.16,3.014,8.337,0.191,-0.333,0.084,1.71,-6.26,-82.94,0.259,4.008,4.008,100.0,540,0,4860
1136604,1,1,7,1.99,26.03059578,119.19300079,27.8,26.03059769,119.19300079,27.95,-11.121,2.947,8.354,0.191,-0.332,0.084,1.7,-6.26,-82.96,0.259,4.194,4.194,100.0,540,0,4862
1136813,1,1,7,1.99,26.03059578,119.19300079,27.8,26.03059578,119.19300079,27.92,-11.207,2.81,8.323,0.163,-0.344,0.075,1.71,-6.26,-82.96,0.376,3.506,3.506,100.0,541,0,4865
1137013,1,1,7,1.99,26.03059578,119.19300079,27.8,26.03059578,119.19300079,27.94,-11.174,2.742,8.338,0.163,-0.342,0.076,1.72,-6.27,-82.97,0.376,3.669,3.669,100.0,541,0,4869
1137213,1,1,7,1.99,26.03059578,119.19300079,27.8,26.03059578,119.19300079,27.95,-11.142,2.673,8.353,0.162,-0.341,0.076,1.72,-6.27,-82.97,0.376,3.84,3.84,100.0,541,0,4869
1137413,1,1,7,1.99,26.03059578,119.19300079,27.8,26.03059387,119.19300079,27.97,-11.109,2.605,8.369,0.162,-0.339,0.076,1.74,-6.29,-82.98,0.376,4.019,4.019,100.0,541,0,4869
1137613,1,1,7,1.99,26.03059006,119.19300079,27.8,26.03059387,119.19300079,27.98,-11.077,2.538,8.384,0.162,-0.338,0.076,1.73,-6.29,-82.96,0.376,4.205,4.205,99.6,541,0,4871
1137816,1,1,7,1.99,26.03059006,119.19300079,27.8,26.03059196,119.19300079,27.94,-11.186,2.314,8.342,0.131,-0.369,0.067,1.75,-6.27,-82.98,0.553,3.508,3.508,99.6,542,0,4874
1138023,1,1,7,1.99,26.03059006,119.19300079,27.8,26.03059196,119.19300079,27.96,-11.159,2.238,8.355,0.131,-0.367,0.066,1.76,-6.28,-82.96,0.553,3.678,3.678,99.6,542,0,4878
1138223,1,1,7,1.99,26.03059006,119.19300079,27.8,26.03059006,119.19300079,27.97,-11.133,2.165,8.369,0.131,-0.364,0.067,1.76,-6.24,-82.95,0.553,3.849,3.849,99.6,542,0,4878
1138423,1,1,7,1.99,26.03059006,119.19300079,27.8,26.03059006,119.19300079,27.98,-11.107,2.092,8.382,0.131,-0.363,0.067,1.77,-6.26,-82.95,0.553,4.028,4.028,99.6,542,0,4878
1138623,1,1,7,1.99,26.03058624,119.19300079,27.8,26.03059006,119.19300079,28.0,-11.08,2.02,8.396,0.13,-0.362,0.068,1.74,-6.27,-82.93,0.553,4.215,4.215,100.4,542,0,4880
1138823,1,1,7,1.99,26.03058624,119.19300079,27.9,26.03058815,119.19300079,27.98,-11.195,1.828,8.379,0.099,-0.386,0.062,1.72,-6.3,-82.92,0.485,3.511,3.511,100.4,543,0,4883
1139023,1,1,7,1.99,26.03058624,119.19300079,27.9,26.03058624,119.19300079,27.99,-11.175,1.751,8.391,0.1,-0.384,0.063,1.77,-6.32,-82.95,0.485,3.675,3.675,100.4,543,0,4887
1139223,1,1,7,1.99,26.03058624,119.19300079,27.9,26.03058624,119.19300079,28.0,-11.155,1.675,8.404,0.099,-0.381,0.063,1.77,-6.3,-82.91,0.485,3.846,3.846,100.4,543,0,4887
1139423,1,1,7,1.99,26.03058624,119.19300079,27.9,26.03058624,119.19300079,28.02,-11.136,1.598,8.416,0.099,-0.38,0.062,1.75,-6.3,-82.91,0.485,4.025,4.025,100.4,543,0,4887
1139623,1,1,7,1.99,26.03059959,119.19300079,27.9,26.03058434,119.19300079,28.03,-11.116,1.523,8.429,0.098,-0.377,0.063,1.74,-6.28,-82.93,0.485,4.211,4.211,100.0,543,0,4889
1139826,1,1,7,1.99,26.03059959,119.19300079,28.3,26.03059006,119.19300079,28.13,-11.223,2.082,8.526,0.071,-0.238,0.076,1.74,-6.26,-82.91,1.703,3.511,3.511,100.0,544,0,4892
1140035,1,1,7,1.99,26.03059959,119.19300079,28.3,26.03059006,119.19300079,28.14,-11.208,2.032,8.542,0.071,-0.236,0.077,1.76,-6.22,-82.91,1.703,3.683,3.683,100.0,544,0,4896
1140243,1,1,7,1.99,26.03059959,119.19300079,28.3,26.03058815,119.19300079,28.16,-11.193,1.983,8.558,0.071,-0.235,0.077,1.76,-6.24,-82.9,1.703,3.861,3.861,100.0,544,0,4896
1140443,1,1,7,1.99,26.03059959,119.19300079,28.3,26.03058815,119.19300079,28.17,-11.179,1.937,8.573,0.071,-0.234,0.077,1.75,-6.25,-82.91,1.703,4.041,4.041,100.0,544,0,4896
1140659,1,1,8,1.99,26.03059578,119.19300079,28.3,26.03059006,119.19300079,28.22,-11.267,2.204,8.624,0.048,-0.162,0.083,1.75,-6.26,-82.91,0.913,3.383,3.383,99.0,545,0,4899
1140863,1,1,8,1.99,26.03059578,119.19300079,28.3,26.03059006,119.19300079,28.24,-11.257,2.171,8.641,0.048,-0.161,0.083,1.76,-6.26,-82.92,0.913,3.543,3.543,99.0,545,0,4902
1141063,1,1,8,1.99,26.03059578,119.19300079,28.3,26.03059006,119.19300079,28.26,-11.248,2.139,8.657,0.048,-0.16,0.081,1.76,-6.25,-82.92,0.913,3.708,3.708,99.0,545,0,4905
1141263,1,1,8,1.99,26.03059578,119.19300079,28.3,26.03059006,119.19300079,28.27,-11.238,2.107,8.674,0.047,-0.159,0.082,1.74,-6.25,-82.91,0.913,3.881,3.881,99.0,545,0,4905
1141463,1,1,8,1.99,26.03059578,119.19300079,28.3,26.03059006,119.19300079,28.29,-11.229,2.075,8.69,0.048,-0.159,0.082,1.73,-6.24,-82.91,0.913,4.062,4.062,101.0,545,0,4905
1141672,1,1,8,1.99,26.03059578,119.19300079,28.6,26.03059196,119.19300079,28.4,-11.302,2.304,8.797,0.029,-0.099,0.098,1.73,-6.22,-82.91,0.747,3.394,3.394,101.0,546,0,4908
1141873,1,1,8,1.99,26.03059578,119.19300079,28.6,26.03059196,119.19300079,28.42,-11.296,2.284,8.817,0.03,-0.099,0.098,1.74,-6.22,-82.93,0.747,3.553,3.553,101.0,546,0,4911
1142073,1,1,8,1.99,26.03059578,119.19300079,28.6,26.03059196,119.19300079,28.44,-11.29,2.264,8.836,0.03,-0.098,0.098,1.74,-6.23,-82.91,0.747,3.719,3.719,101.0,546,0,4914
1142273,1,1,8,1.99,26.03059578,119.19300079,28.6,26.03059196,119.19300079,28.46,-11.284,2.245,8.856,0.03,-0.098,0.098,1.73,-6.24,-82.91,0.747,3.892,3.892,101.0,546,0,4914
1142473,1,1,8,1.99,26.03059578,119.19300079,28.6,26.03059006,119.19300079,28.48,-11.278,2.225,8.876,0.03,-0.098,0.099,1.71,-6.23,-82.91,0.747,4.073,4.073,100.0,546,0,4914
1142679,1,1,8,1.99,26.03060722,119.19298553,29.2,26.03059769,119.19299316,28.71,-11.899,2.878,9.112,-0.109,0.053,0.137,1.72,-6.24,-82.89,2.494,3.401,3.401,100.0,547,0,4917
1142883,1,1,8,1.99,26.03060722,119.19298553,29.2,26.03059769,119.19299316,28.74,-11.921,2.889,9.14,-0.109,0.052,0.137,1.72,-6.25,-82.9,2.494,3.562,3.562,100.0,547,0,4920
1143083,1,1,8,1.99,26.03060722,119.19298553,29.2,26.03059769,119.19299316,28.77,-11.943,2.899,9.167,-0.108,0.052,0.136,1.72,-6.25,-82.91,2.494,3.728,3.728,100.0,547,0,4923
1143283,1,1,8,1.99,26.03060722,119.19298553,29.2,26.03059769,119.19299316,28.79,-11.964,2.909,9.194,-0.107,0.052,0.136,1.72,-6.23,-82.92,2.494,3.903,3.903,100.0,547,0,4923
1143483,1,1,8,1.99,26.03060722,119.19298553,29.2,26.03059769,119.19299316,28.82,-11.986,2.92,9.222,-0.107,0.052,0.136,1.7,-6.24,-82.92,2.494,4.084,4.084,100.0,547,0,4923
1143685,1,1,8,1.99,26.03061104,119.19298553,29.5,26.0306015,119.19299316,29.05,-12.366,3.496,9.45,-0.185,0.177,0.171,1.72,-6.24,-82.91,1.814,3.406,3.406,100.0,548,0,4926
1143893,1,1,8,1.99,26.03061104,119.19298553,29.5,26.03060341,119.19299316,29.09,-12.404,3.532,9.486,-0.184,0.176,0.171,1.7,-6.24,-82.91,1.814,3.571,3.571,100.0,548,0,4929
1144093,1,1,8,1.99,26.03061104,119.19298553,29.5,26.03060341,119.19299316,29.12,-12.441,3.568,9.52,-0.183,0.176,0.171,1.7,-6.24,-82.91,1.814,3.738,3.738,100.0,548,0,4932
1144293,1,1,8,1.99,26.03061104,119.19298553,29.5,26.03060341,119.19299316,29.15,-12.478,3.603,9.554,-0.182,0.175,0.171,1.71,-6.23,-82.92,1.814,3.912,3.912,100.0,548,0,4932
1144493,1,1,8,1.99,26.03061104,119.19298553,29.5,26.03060341,119.19299316,29.19,-12.514,3.638,9.588,-0.181,0.174,0.171,1.71,-6.23,-82.91,1.814,4.095,4.095,100.0,548,0,4932
1144702,1,1,7,1.99,26.03060722,119.19298553,29.5,26.03060532,119.19298553,29.31,-12.713,3.812,9.712,-0.215,0.204,0.187,1.7,-6.23,-82.91,0.572,3.42,3.42,100.0,549,0,4936
1144903,1,1,7,1.99,26.03060722,119.19298553,29.5,26.03060532,119.19298553,29.35,-12.756,3.853,9.75,-0.214,0.203,0.186,1.7,-6.24,-82.89,0.572,3.58,3.58,100.0,549,0,4939
1145103,1,1,7,1.99,26.03060722,119.19298553,29.5,26.03060532,119.19298553,29.39,-12.798,3.893,9.787,-0.212,0.202,0.185,1.71,-6.23,-82.88,0.572,3.747,3.747,100.0,549,0,4941
1145303,1,1,7,1.99,26.03060722,119.19298553,29.5,26.03060722,119.19298553,29.42,-12.841,3.934,9.824,-0.211,0.201,0.185,1.72,-6.24,-82.87,0.572,3.922,3.922,100.0,549,0,4941
1145503,1,1,7,1.99,26.03060722,119.19298553,29.5,26.03060722,119.19298553,29.46,-12.883,3.974,9.861,-0.21,0.2,0.183,1.72,-6.26,-82.87,0.572,4.105,4.105,100.0,549,0,4941
1145708,1,1,8,1.99,26.03060722,119.19298553,29.5,26.03060722,119.19298553,29.5,-12.949,4.028,9.903,-0.213,0.202,0.182,1.68,-6.29,-82.87,0.072,3.425,3.425,100.0,550,0,4945
1145913,1,1,8,1.99,26.03060722,119.19298553,29.5,26.03060722,119.19298553,29.54,-12.993,4.069,9.94,-0.212,0.201,0.181,1.69,-6.28,-82.87,0.072,3.589,3.589,100.0,550,0,4948
1146113,1,1,8,1.99,26.03060722,119.19298553,29.5,26.03060722,119.19298553,29.58,-13.035,4.109,9.976,-0.211,0.201,0.181,1.67,-6.27,-82.89,0.072,3.756,3.756,100.0,550,0,4950
1146313,1,1,8,1.99,26.03060722,119.19298553,29.5,26.03060913,119.19298553,29.61,-13.077,4.149,10.012,-0.209,0.2,0.18,1.69,-6.26,-82.87,0.072,3.932,3.932,100.0,550,0,4950
1146513,1,1,8,1.99,26.03060722,119.19298553,29.5,26.03060913,119.19298553,29.65,-13.119,4.189,10.048,-0.208,0.199,0.18,1.69,-6.24,-82.85,0.072,4.114,4.114,100.0,550,0,4950
1146719,1,1,8,1.07,26.03060722,119.19298553,29.6,26.03060722,119.19298553,29.66,-13.045,4.107,10.06,-0.181,0.169,0.171,1.65,-6.49,-82.85,0.25,2.489,2.489,100.0,551,0,4954
1146923,1,1,8,1.07,26.03060722,119.19298553,29.6,26.03060913,119.19298553,29.69,-13.081,4.142,10.095,-0.179,0.17,0.174,1.79,-6.39,-82.81,0.25,2.612,2.612,100.0,551,0,4957
1147123,1,1,8,1.07,26.03060722,119.19298553,29.6,26.03060913,119.19298553,29.73,-13.117,4.176,10.129,-0.179,0.169,0.173,1.82,-6.39,-82.82,0.25,2.744,2.744,100.0,551,0,4959
1147324,1,1,8,1.07,26.03060722,119.19298553,29.6,26.03060913,119.19298553,29.76,-13.153,4.21,10.164,-0.178,0.169,0.173,1.81,-6.37,-82.83,0.25,2.887,2.887,100.0,551,0,4959
1147541,1,1,8,1.07,26.03059959,119.19298553,29.6,26.03060913,119.19298553,29.8,-13.192,4.246,10.202,-0.177,0.168,0.173,1.81,-6.35,-82.81,0.25,3.053,3.053,100.0,551,0,4960
1147744,1,1,8,1.99,26.03059959,119.19298553,29.5,26.03060722,119.19298553,29.74,-13.17,4.015,10.144,-0.162,0.102,0.156,1.78,-6.29,-82.82,1.102,2.807,2.807,100.0,552,0,4963
1147953,1,1,8,1.99,26.03059959,119.19298553,29.5,26.03060722,119.19298553,29.78,-13.204,4.036,10.176,-0.161,0.101,0.155,1.78,-6.28,-82.83,1.102,2.966,2.966,100.0,552,0,4966
1148154,1,1,8,1.99,26.03059959,119.19298553,29.5,26.03060722,119.19298553,29.81,-13.236,4.057,10.207,-0.16,0.101,0.154,1.77,-6.29,-82.84,1.102,3.129,3.129,100.0,552,0,4968
1148363,1,1,8,1.99,26.03059959,119.19298553,29.5,26.03060722,119.19298553,29.84,-13.269,4.078,10.24,-0.159,0.101,0.154,1.77,-6.28,-82.87,1.102,3.307,3.307,100.0,552,0,4968
1148564,1,1,8,1.99,26.03059959,119.19298553,29.5,26.03060722,119.19298553,29.87,-13.301,4.098,10.271,-0.159,0.101,0.154,1.76,-6.28,-82.86,1.102,3.487,3.487,100.0,552,0,4970
1148774,1,1,8,1.99,26.03059959,119.19298553,29.5,26.03060532,119.19298553,29.79,-13.233,3.844,10.188,-0.132,0.031,0.133,1.75,-6.27,-82.86,0.981,3.107,3.107,100.0,553,0,4973
1148983,1,1,8,1.99,26.03059959,119.19298553,29.5,26.03060532,119.19298553,29.82,-13.261,3.85,10.216,-0.131,0.031,0.133,1.76,-6.26,-82.87,0.981,3.282,3.282,100.0,553,0,4976
1149183,1,1,8,1.99,26.03059959,119.19298553,29.5,26.03060532,119.19298553,29.84,-13.287,3.856,10.243,-0.13,0.031,0.133,1.75,-6.25,-82.88,0.981,3.458,3.458,100.0,553,0,4977
1149383,1,1,8,1.99,26.03059959,119.19298553,29.5,26.03060532,119.19298553,29.87,-13.313,3.862,10.269,-0.129,0.031,0.133,1.75,-6.26,-82.89,0.981,3.642,3.642,100.0,553,0,4977
1149583,1,1,8,1.99,26.03059578,119.19300079,29.5,26.03060532,119.19298553,29.9,-13.339,3.869,10.296,-0.129,0.031,0.133,1.75,-6.26,-82.88,0.981,3.833,3.833,100.0,553,0,4979
1149783,1,1,8,1.07,26.03059578,119.19300079,29.5,26.03059959,119.19299316,29.78,-12.13,3.153,10.179,0.172,-0.144,0.107,1.75,-6.25,-82.89,2.199,2.465,2.465,100.0,554,0,4982
1149983,1,1,8,1.07,26.03059578,119.19300079,29.5,26.03059959,119.19299316,29.8,-12.096,3.124,10.201,0.171,-0.144,0.108,1.74,-6.26,-82.9,2.199,2.598,2.598,100.0,554,0,4985
1150183,1,1,8,1.07,26.03059578,119.19300079,29.5,26.03059959,119.19299316,29.82,-12.062,3.095,10.223,0.17,-0.143,0.108,1.74,-6.26,-82.91,2.199,2.741,2.741,100.0,554,0,4986
1150383,1,1,8,1.07,26.03059578,119.19300079,29.5,26.03059769,119.19299316,29.84,-12.028,3.067,10.244,0.17,-0.143,0.108,1.75,-6.27,-82.91,2.199,2.894,2.894,100.0,554,0,4986
1150583,1,1,8,1.07,26.03059578,119.19300079,29.5,26.03059769,119.19299316,29.87,-11.994,3.038,10.266,0.169,-0.142,0.108,1.75,-6.28,-82.89,2.199,3.056,3.056,100.0,554,0,4988
1150786,1,1,8,1.06,26.03059578,119.19300079,29.6,26.03059578,119.19300079,29.79,-11.667,2.863,10.195,0.245,-0.18,0.091,1.76,-6.27,-82.88,0.602,2.235,2.235,100.0,555,0,4991
1150993,1,1,8,1.06,26.03059578,119.19300079,29.6,26.03059578,119.19300079,29.81,-11.617,2.826,10.214,0.244,-0.179,0.091,1.76,-6.27,-82.9,0.602,2.371,2.371,100.0,555,0,4994
1151193,1,1,8,1.06,26.03059578,119.19300079,29.6,26.03059578,119.19300079,29.83,-11.568,2.79,10.232,0.243,-0.178,0.091,1.76,-6.28,-82.9,0.602,2.513,2.513,100.0,555,0,4995
1151393,1,1,8,1.06,26.03059578,119.19300079,29.6,26.03059578,119.19300079,29.85,-11.52,2.754,10.25,0.242,-0.177,0.09,1.76,-6.27,-82.88,0.602,2.665,2.665,100.0,555,0,4995
1151593,1,1,8,1.06,26.03060722,119.19298553,29.6,26.03059578,119.19300079,29.87,-11.471,2.719,10.268,0.241,-0.176,0.091,1.75,-6.27,-82.88,0.602,2.827,2.827,99.9,555,0,4997
1151793,1,1,7,1.11,26.03060722,119.19298553,30.1,26.0306015,119.19299316,29.96,-12.149,3.319,10.363,0.037,0.002,0.104,1.74,-6.27,-82.89,2.008,2.207,2.207,99.9,556,0,5000
1151993,1,1,7,1.11,26.03060722,119.19298553,30.1,26.0306015,119.19299316,29.98,-12.141,3.319,10.384,0.038,0.002,0.104,1.75,-6.27,-82.9,2.008,2.345,2.345,99.9,556,0,5003
1152193,1,1,7,1.11,26.03060722,119.19298553,30.1,26.0306015,119.19299316,30.0,-12.134,3.319,10.404,0.037,0.002,0.104,1.74,-6.28,-82.89,2.008,2.493,2.493,99.9,556,0,5004
1152393,1,1,7,1.11,26.03060722,119.19298553,30.1,26.0306015,119.19299316,30.03,-12.127,3.32,10.425,0.037,0.002,0.105,1.74,-6.28,-82.87,2.008,2.651,2.651,99.9,556,0,5004
1152593,1,1,7,1.11,26.03061485,119.19298553,30.1,26.0306015,119.19299316,30.05,-12.119,3.32,10.446,0.038,0.002,0.105,1.75,-6.29,-82.88,2.008,2.818,2.818,100.1,556,0,5006
1152795,1,1,7,1.11,26.03061485,119.19298553,30.4,26.03060722,119.19299316,30.18,-12.522,4.07,10.583,-0.08,0.217,0.126,1.76,-6.29,-82.86,1.782,2.208,2.208,100.1,557,0,5009
1153003,1,1,7,1.11,26.03061485,119.19298553,30.4,26.03060722,119.19299316,30.21,-12.538,4.115,10.61,-0.079,0.216,0.126,1.76,-6.29,-82.88,1.782,2.355,2.355,100.1,557,0,5012
1153203,1,1,7,1.11,26.03061485,119.19298553,30.4,26.03060913,119.19299316,30.23,-12.554,4.158,10.635,-0.079,0.215,0.126,1.77,-6.29,-82.87,1.782,2.506,2.506,100.1,557,0,5013
1153403,1,1,7,1.11,26.03061485,119.19298553,30.4,26.03060913,119.19299316,30.26,-12.57,4.201,10.66,-0.078,0.214,0.126,1.76,-6.29,-82.85,1.782,2.667,2.667,100.1,557,0,5013
1153603,1,1,7,1.11,26.03061867,119.19298553,30.4,26.03060913,119.19299316,30.29,-12.586,4.244,10.685,-0.078,0.213,0.126,1.76,-6.29,-82.85,1.782,2.836,2.836,100.0,557,0,5015
1153803,1,1,8,1.11,26.03061867,119.19298553,30.7,26.03061485,119.19298553,30.45,-12.787,4.797,10.846,-0.131,0.359,0.15,1.77,-6.3,-82.86,1.127,2.219,2.219,100.0,558,0,5018
1154003,1,1,8,1.11,26.03061867,119.19298553,30.7,26.03061485,119.19298553,30.48,-12.813,4.869,10.876,-0.13,0.358,0.15,1.77,-6.3,-82.88,1.127,2.361,2.361,100.0,558,0,5021
1154203,1,1,8,1.11,26.03061867,119.19298553,30.7,26.03061485,119.19298553,30.51,-12.839,4.94,10.906,-0.129,0.356,0.15,1.77,-6.29,-82.86,1.127,2.513,2.513,100.0,558,0,5022
1154403,1,1,8,1.11,26.03061867,119.19298553,30.7,26.03061676,119.19298553,30.54,-12.865,5.011,10.936,-0.128,0.355,0.15,1.78,-6.29,-82.86,1.127,2.673,2.673,100.0,558,0,5022
1154603,1,1,8,1.11,26.0306282,119.19298553,30.7,26.03061676,119.19298553,30.57,-12.89,5.082,10.966,-0.127,0.353,0.15,1.77,-6.28,-82.88,1.127,2.842,2.842,100.0,558,0,5024
1154805,1,1,8,1.11,26.0306282,119.19298553,31.0,26.03062248,119.19298553,30.74,-12.954,5.772,11.138,-0.137,0.529,0.176,1.78,-6.27,-82.89,1.281,2.222,2.222,100.0,559,0,5027
1155005,1,1,8,1.11,26.0306282,119.19298553,31.0,26.03062439,119.19298553,30.77,-12.982,5.877,11.173,-0.136,0.526,0.175,1.77,-6.29,-82.89,1.281,2.364,2.364,100.0,559,0,5030
1155213,1,1,8,1.11,26.0306282,119.19298553,31.0,26.03062439,119.19298553,30.81,-13.01,5.986,11.209,-0.135,0.523,0.175,1.79,-6.3,-82.9,1.281,2.521,2.521,100.0,559,0,5031
1155413,1,1,8,1.11,26.0306282,119.19298553,31.0,26.0306263,119.19298553,30.84,-13.037,6.091,11.244,-0.134,0.52,0.175,1.78,-6.3,-82.9,1.281,2.681,2.681,100.0,559,0,5031
1155613,1,1,8,1.11,26.03063583,119.19298553,31.0,26.0306263,119.19298553,30.88,-13.063,6.194,11.279,-0.133,0.518,0.174,1.78,-6.28,-82.92,1.281,2.85,2.85,100.0,559,0,5033
1155813,1,1,8,1.11,26.03063583,119.19298553,31.2,26.03063202,119.19298553,31.02,-13.045,6.789,11.419,-0.119,0.656,0.193,1.78,-6.28,-82.91,1.019,2.226,2.226,100.0,560,0,5036
1156013,1,1,8,1.11,26.03063583,119.19298553,31.2,26.03063393,119.19298553,31.06,-13.069,6.92,11.457,-0.119,0.653,0.192,1.78,-6.28,-82.9,1.019,2.367,2.367,100.0,560,0,5040
1156213,1,1,8,1.11,26.03063583,119.19298553,31.2,26.03063393,119.19298553,31.1,-13.093,7.051,11.496,-0.118,0.65,0.192,1.78,-6.28,-82.9,1.019,2.517,2.517,100.0,560,0,5040
1156413,1,1,8,1.11,26.03063583,119.19298553,31.2,26.03063583,119.19298553,31.13,-13.116,7.18,11.534,-0.117,0.647,0.192,1.78,-6.27,-82.89,1.019,2.677,2.677,100.0,560,0,5040
1156613,1,1,8,1.11,26.03063965,119.19298553,31.2,26.03063583,119.19298553,31.17,-13.139,7.309,11.573,-0.116,0.643,0.192,1.77,-6.27,-82.88,1.019,2.844,2.844,100.0,560,0,5042
1156813,1,1,8,1.11,26.03063965,119.19298553,31.5,26.03063965,119.19298553,31.32,-13.081,7.593,11.717,-0.092,0.684,0.211,1.77,-6.28,-82.89,0.363,2.223,2.223,100.0,561,0,5045
1157013,1,1,8,1.11,26.03063965,119.19298553,31.5,26.03063965,119.19298553,31.36,-13.1,7.73,11.76,-0.091,0.681,0.211,1.78,-6.27,-82.89,0.363,2.364,2.364,100.0,561,0,5049
1157213,1,1,8,1.11,26.03063965,119.19298553,31.5,26.03064156,119.19298553,31.4,-13.118,7.865,11.802,-0.091,0.677,0.211,1.77,-6.28,-82.9,0.363,2.514,2.514,100.0,561,0,5049
1157414,1,1,8,1.11,26.03063965,119.19298553,31.5,26.03064346,119.19298553,31.44,-13.136,8.001,11.844,-0.09,0.674,0.211,1.77,-6.28,-82.9,0.363,2.673,2.673,100.0,561,0,5049
1157626,1,1,8,1.11,26.03064728,119.19295502,31.5,26.03064346,119.19298553,31.49,-13.155,8.144,11.889,-0.09,0.67,0.21,1.76,-6.29,-82.89,0.363,2.85,2.85,99.9,561,0,5051
1157833,1,1,8,1.06,26.03064728,119.19295502,31.8,26.03064728,119.19297028,31.63,-14.636,8.454,12.034,-0.502,0.715,0.228,1.78,-6.28,-82.88,2.889,2.183,2.183,99.9,562,0,5055
1158033,1,1,8,1.06,26.03064728,119.19295502,31.8,26.03064728,119.19297028,31.68,-14.736,8.597,12.08,-0.499,0.712,0.227,1.79,-6.28,-82.9,2.889,2.322,2.322,99.9,562,0,5058
1158233,1,1,8,1.06,26.03064728,119.19295502,31.8,26.03064919,119.19297028,31.73,-14.836,8.739,12.125,-0.496,0.708,0.227,1.78,-6.28,-82.9,2.889,2.47,2.47,99.9,562,0,5058
1158433,1,1,8,1.06,26.03064728,119.19295502,31.8,26.03065109,119.19296265,31.77,-14.935,8.881,12.17,-0.493,0.705,0.226,1.78,-6.28,-82.88,2.889,2.627,2.627,99.9,562,0,5058
1158633,1,1,8,1.06,26.03066063,119.19295502,32.2,26.03065681,119.19296265,31.94,-15.499,9.471,12.338,-0.632,0.838,0.249,1.78,-6.27,-82.87,1.38,2.034,2.034,99.8,563,0,5061
1158833,1,1,8,1.06,26.03066063,119.19295502,32.2,26.03065681,119.19296265,31.99,-15.625,9.638,12.388,-0.628,0.834,0.248,1.79,-6.27,-82.88,1.38,2.162,2.162,99.8,563,0,5064
1159033,1,1,8,1.06,26.03066063,119.19295502,32.2,26.03065872,119.19295502,32.04,-15.751,9.805,12.437,-0.625,0.83,0.247,1.79,-6.27,-82.87,1.38,2.301,2.301,99.8,563,0,5067
1159234,1,1,8,1.06,26.03066063,119.19295502,32.2,26.03066063,119.19295502,32.09,-15.876,9.971,12.487,-0.622,0.826,0.247,1.78,-6.27,-82.89,1.38,2.45,2.45,99.8,563,0,5067
1159444,1,1,8,1.06,26.03066063,119.19295502,32.2,26.03066254,119.19295502,32.14,-16.006,10.144,12.538,-0.619,0.822,0.246,1.77,-6.26,-82.91,1.38,2.615,2.615,99.8,563,0,5067
1159664,1,1,8,1.06,26.03066826,119.19295502,32.5,26.03066635,119.19295502,32.29,-16.096,10.573,12.693,-0.601,0.893,0.264,1.79,-6.26,-82.93,0.538,2.045,2.045,100.3,564,0,5070
1159873,1,1,8,1.06,26.03066826,119.19295502,32.5,26.03066826,119.19295502,32.35,-16.222,10.76,12.749,-0.598,0.888,0.264,1.78,-6.26,-82.95,0.538,2.182,2.182,100.3,564,0,5073
1160073,1,1,8,1.06,26.03066826,119.19295502,32.5,26.03067017,119.19295502,32.4,-16.341,10.937,12.801,-0.594,0.884,0.263,1.79,-6.26,-82.97,0.538,2.323,2.323,100.3,564,0,5076
1160273,1,1,8,1.06,26.03066826,119.19295502,32.5,26.03067017,119.19294739,32.45,-16.459,11.113,12.854,-0.591,0.879,0.263,1.79,-6.27,-82.96,0.538,2.474,2.474,100.3,564,0,5076
1160473,1,1,8,1.06,26.03066826,119.19295502,32.5,26.03067207,119.19294739,32.51,-16.577,11.288,12.907,-0.588,0.875,0.262,1.79,-6.27,-82.96,0.538,2.633,2.633,100.3,564,0,5076
1160673,1,1,8,1.06,26.0306797,119.19293976,32.9,26.03067589,119.19294739,32.67,-17.109,11.78,13.072,-0.711,0.966,0.283,1.79,-6.28,-82.96,1.109,2.048,2.048,99.0,565,0,5079
1160873,1,1,8,1.06,26.0306797,119.19293976,32.9,26.0306778,119.19293976,32.73,-17.251,11.973,13.128,-0.707,0.961,0.282,1.78,-6.29,-82.95,1.109,2.18,2.18,99.0,565,0,5082
1161073,1,1,8,1.06,26.0306797,119.19293976,32.9,26.0306797,119.19293976,32.78,-17.392,12.165,13.184,-0.703,0.957,0.282,1.79,-6.28,-82.97,1.109,2.322,2.322,99.0,565,0,5085
1161273,1,1,8,1.06,26.0306797,119.19293976,32.9,26.03068161,119.19293976,32.84,-17.532,12.356,13.241,-0.699,0.952,0.28,1.78,-6.27,-82.97,1.109,2.473,2.473,99.0,565,0,5085
1161473,1,1,8,1.06,26.0306797,119.19293976,32.9,26.03068352,119.19293976,32.9,-17.671,12.546,13.297,-0.696,0.948,0.28,1.78,-6.25,-82.98,1.109,2.632,2.632,99.0,565,0,5085
1161679,1,1,8,1.06,26.03068352,119.19293976,33.2,26.03068542,119.19293976,33.04,-17.706,12.66,13.437,-0.659,0.919,0.295,1.78,-6.25,-82.96,0.286,2.052,2.052,100.0,566,0,5088
1161883,1,1,8,1.06,26.03068352,119.19293976,33.2,26.03068733,119.19293976,33.1,-17.84,12.847,13.497,-0.656,0.914,0.294,1.76,-6.26,-82.97,0.286,2.187,2.187,100.0,566,0,5091
1162083,1,1,8,1.06,26.03068352,119.19293976,33.2,26.03068733,119.19293213,33.16,-17.971,13.03,13.556,-0.652,0.909,0.293,1.76,-6.26,-82.95,0.286,2.329,2.329,100.0,566,0,5094
1162284,1,1,8,1.06,26.03068352,119.19293976,33.2,26.03068924,119.19293213,33.21,-18.102,13.212,13.615,-0.649,0.905,0.292,1.76,-6.26,-82.94,0.286,2.482,2.482,100.0,566,0,5094
1162493,1,1,8,1.06,26.03068352,119.19293976,33.2,26.03069115,119.19293213,33.28,-18.237,13.401,13.676,-0.646,0.9,0.29,1.75,-6.26,-82.94,0.286,2.649,2.649,101.0,566,0,5094
1162701,1,1,8,1.06,26.03069305,119.19295502,33.6,26.03069305,119.19293976,33.43,-17.279,13.617,13.827,-0.313,0.904,0.306,1.76,-6.26,-82.91,2.302,2.067,2.067,101.0,567,0,5098
1162903,1,1,8,1.06,26.03069305,119.19295502,33.6,26.03069496,119.19293976,33.49,-17.342,13.799,13.889,-0.311,0.9,0.305,1.77,-6.26,-82.94,2.302,2.201,2.201,101.0,567,0,5101
1163103,1,1,8,1.06,26.03069305,119.19295502,33.6,26.03069687,119.19293976,33.55,-17.404,13.979,13.95,-0.31,0.895,0.304,1.76,-6.26,-82.91,2.302,2.345,2.345,101.0,567,0,5103
1163303,1,1,8,1.06,26.03069305,119.19295502,33.6,26.03069878,119.19293976,33.61,-17.466,14.157,14.011,-0.308,0.891,0.303,1.77,-6.26,-82.92,2.302,2.497,2.497,101.0,567,0,5103
1163503,1,1,8,1.06,26.03069305,119.19295502,33.6,26.03070068,119.19293976,33.67,-17.527,14.335,14.072,-0.306,0.887,0.302,1.77,-6.25,-82.94,2.302,2.658,2.658,100.0,567,0,5103
1163703,1,1,8,1.06,26.03070068,119.19293976,33.9,26.03070068,119.19293976,33.79,-17.581,14.506,14.193,-0.302,0.88,0.313,1.76,-6.27,-82.93,0.02,2.068,2.068,100.0,568,0,5107
1163903,1,1,8,1.06,26.03070068,119.19293976,33.9,26.03070259,119.19293976,33.86,-17.641,14.682,14.255,-0.301,0.876,0.312,1.75,-6.27,-82.94,0.02,2.201,2.201,100.0,568,0,5110
1164103,1,1,8,1.06,26.03070068,119.19293976,33.9,26.0307045,119.19293976,33.92,-17.701,14.856,14.318,-0.299,0.871,0.311,1.78,-6.27,-82.94,0.02,2.344,2.344,100.0,568,0,5112
1164303,1,1,8,1.06,26.03070068,119.19293976,33.9,26.03070641,119.19293976,33.98,-17.761,15.03,14.38,-0.297,0.867,0.31,1.76,-6.27,-82.94,0.02,2.496,2.496,100.0,568,0,5112
1164503,1,1,8,1.06,26.03070068,119.19293976,33.9,26.03070831,119.19293976,34.04,-17.82,15.203,14.442,-0.296,0.863,0.309,1.77,-6.28,-82.95,0.02,2.657,2.657,100.0,568,0,5112
1164703,1,1,8,1.06,26.0307045,119.19293976,34.3,26.03070641,119.19293976,34.17,-17.734,15.161,14.574,-0.25,0.794,0.321,1.77,-6.28,-82.93,0.546,2.068,2.068,100.0,569,0,5116
1164906,1,1,8,1.06,26.0307045,119.19293976,34.3,26.03070831,119.19293976,34.24,-17.785,15.321,14.639,-0.249,0.79,0.321,1.76,-6.27,-82.96,0.546,2.203,2.203,100.0,569,0,5119
1165113,1,1,8,1.06,26.0307045,119.19293976,34.3,26.03071022,119.19293976,34.31,-17.836,15.484,14.705,-0.247,0.786,0.32,1.75,-6.28,-82.94,0.546,2.352,2.352,100.0,569,0,5121
1165313,1,1,8,1.06,26.0307045,119.19293976,34.3,26.03071213,119.19293976,34.37,-17.885,15.641,14.769,-0.246,0.782,0.319,1.76,-6.28,-82.95,0.546,2.504,2.504,100.0,569,0,5121
1165513,1,1,8,1.06,26.03070831,119.19293976,34.3,26.03071213,119.19293213,34.43,-17.934,15.797,14.833,-0.245,0.778,0.318,1.76,-6.28,-82.95,0.546,2.666,2.666,100.0,569,0,5122
1165715,1,1,7,1.98,26.03070831,119.19293976,34.6,26.03071404,119.19293976,34.53,-17.9,15.831,14.933,-0.218,0.737,0.323,1.74,-6.28,-82.93,0.73,2.538,2.538,100.0,570,0,5125
1165915,1,1,7,1.98,26.03070831,119.19293976,34.6,26.03071404,119.19293213,34.6,-17.943,15.978,14.997,-0.217,0.734,0.321,1.76,-6.28,-82.92,0.73,2.698,2.698,100.0,570,0,5128
1166123,1,1,7,1.98,26.03070831,119.19293976,34.6,26.03071594,119.19293213,34.66,-17.988,16.13,15.064,-0.215,0.73,0.32,1.78,-6.28,-82.92,0.73,2.873,2.873,100.0,570,0,5130
1166323,1,1,7,1.98,26.03070831,119.19293976,34.6,26.03071785,119.19293213,34.73,-18.031,16.276,15.128,-0.214,0.727,0.319,1.77,-6.26,-82.92,0.73,3.049,3.049,100.0,570,0,5130
1166525,1,1,7,1.98,26.03071213,119.19291687,34.6,26.03071785,119.19293213,34.79,-18.074,16.423,15.192,-0.212,0.723,0.318,1.77,-6.26,-82.9,0.73,3.234,3.234,99.9,570,0,5131
1166727,1,1,7,1.98,26.03071213,119.19291687,34.9,26.03071785,119.19293213,34.88,-18.593,16.353,15.278,-0.343,0.66,0.321,1.76,-6.27,-82.88,1.915,2.936,2.936,99.9,571,0,5134
1166927,1,1,7,1.98,26.03071213,119.19291687,34.9,26.03071976,119.19293213,34.94,-18.661,16.485,15.342,-0.341,0.657,0.32,1.78,-6.27,-82.92,1.915,3.106,3.106,99.9,571,0,5137
1167133,1,1,7,1.98,26.03071213,119.19291687,34.9,26.03071976,119.1929245,35.01,-18.731,16.62,15.408,-0.339,0.653,0.319,1.77,-6.27,-82.91,1.915,3.289,3.289,99.9,571,0,5139
1167333,1,1,7,1.98,26.03071213,119.19291687,34.9,26.03072166,119.1929245,35.07,-18.799,16.75,15.471,-0.337,0.65,0.318,1.78,-6.27,-82.94,1.915,3.473,3.473,99.9,571,0,5139
1167533,1,1,7,1.98,26.03072929,119.19291687,34.9,26.03072357,119.1929245,35.13,-18.866,16.88,15.535,-0.335,0.647,0.316,1.77,-6.27,-82.94,1.915,3.664,3.664,100.1,571,0,5140
1167733,1,1,8,1.06,26.03072929,119.19291687,35.3,26.03072739,119.19291687,35.24,-19.529,17.438,15.644,-0.485,0.753,0.324,1.77,-6.28,-82.95,1.161,2.393,2.393,100.1,572,0,5143
1167933,1,1,8,1.06,26.03072929,119.19291687,35.3,26.03072929,119.19291687,35.31,-19.626,17.588,15.709,-0.482,0.749,0.322,1.77,-6.29,-82.93,1.161,2.525,2.525,100.1,572,0,5146
1168133,1,1,8,1.06,26.03072929,119.19291687,35.3,26.0307312,119.19291687,35.37,-19.722,17.738,15.773,-0.48,0.746,0.321,1.77,-6.29,-82.94,1.161,2.666,2.666,100.1,572,0,5148
1168333,1,1,8,1.06,26.03072929,119.19291687,35.3,26.0307312,119.19291687,35.44,-19.818,17.887,15.837,-0.477,0.742,0.32,1.77,-6.29,-82.93,1.161,2.816,2.816,100.1,572,0,5148
1168535,1,1,8,1.06,26.03074074,119.19291687,35.3,26.03073311,119.19291687,35.5,-19.914,18.036,15.902,-0.475,0.738,0.32,1.76,-6.28,-82.9,1.161,2.976,2.976,100.0,572,0,5149
1168736,1,1,8,1.06,26.03074074,119.19291687,35.8,26.03073883,119.19291687,35.66,-19.946,18.602,16.056,-0.455,0.845,0.335,1.77,-6.28,-82.93,0.797,2.191,2.191,100.0,573,0,5152
1168943,1,1,8,1.06,26.03074074,119.19291687,35.8,26.03073883,119.19291687,35.73,-20.04,18.776,16.126,-0.453,0.841,0.334,1.77,-6.27,-82.92,0.797,2.322,2.322,100.0,573,0,5155
1169143,1,1,8,1.06,26.03074074,119.19291687,35.8,26.03074074,119.19291687,35.79,-20.131,18.944,16.192,-0.45,0.837,0.333,1.77,-6.27,-82.93,0.797,2.46,2.46,100.0,573,0,5157
1169343,1,1,8,1.06,26.03074074,119.19291687,35.8,26.03074265,119.19291687,35.86,-20.22,19.111,16.259,-0.448,0.833,0.332,1.77,-6.27,-82.91,0.797,2.607,2.607,100.0,573,0,5157
1169544,1,1,8,1.06,26.03074455,119.19291687,35.8,26.03074455,119.19290924,35.93,-20.31,19.278,16.325,-0.445,0.828,0.331,1.78,-6.28,-82.88,0.797,2.765,2.765,100.0,573,0,5158
1169753,1,1,8,1.06,26.03074455,119.19291687,36.2,26.03074646,119.19291687,36.08,-20.152,19.436,16.476,-0.372,0.82,0.344,1.78,-6.27,-82.89,0.509,2.124,2.124,100.0,574,0,5161
1169953,1,1,8,1.06,26.03074455,119.19291687,36.2,26.03074646,119.19290924,36.14,-20.226,19.599,16.545,-0.37,0.816,0.343,1.78,-6.28,-82.92,0.509,2.256,2.256,100.0,574,0,5164
1170153,1,1,8,1.06,26.03074455,119.19291687,36.2,26.03074837,119.19290924,36.21,-20.3,19.762,16.613,-0.368,0.812,0.342,1.78,-6.28,-82.93,0.509,2.398,2.398,100.0,574,0,5166
1170353,1,1,8,1.06,26.03074455,119.19291687,36.2,26.03075027,119.19290924,36.28,-20.373,19.924,16.681,-0.366,0.808,0.341,1.8,-6.29,-82.9,0.509,2.549,2.549,100.0,574,0,5166
1170553,1,1,8,1.06,26.03075409,119.19288635,36.2,26.03075218,119.19290924,36.35,-20.446,20.085,16.75,-0.364,0.804,0.34,1.79,-6.29,-82.91,0.509,2.71,2.71,100.0,574,0,5168
1170753,1,1,7,1.98,26.03075409,119.19288635,36.5,26.03075409,119.19290161,36.45,-21.022,20.294,16.852,-0.508,0.814,0.345,1.8,-6.29,-82.91,2.43,2.574,2.574,100.0,575,0,5170
1170953,1,1,7,1.98,26.03075409,119.19288635,36.5,26.03075409,119.19290161,36.52,-21.123,20.456,16.921,-0.505,0.81,0.344,1.8,-6.3,-82.92,2.43,2.735,2.735,100.0,575,0,5174
1171153,1,1,7,1.98,26.03075409,119.19288635,36.5,26.030756,119.19290161,36.59,-21.224,20.618,16.99,-0.502,0.806,0.342,1.81,-6.29,-82.91,2.43,2.904,2.904,100.0,575,0,5175
1171353,1,1,7,1.98,26.03075409,119.19288635,36.5,26.0307579,119.19290161,36.66,-21.324,20.779,17.058,-0.499,0.802,0.342,1.83,-6.29,-82.92,2.43,3.08,3.08,100.0,575,0,5175
1171553,1,1,7,1.98,26.03076172,119.19290161,36.5,26.03075981,119.19290161,36.73,-21.424,20.939,17.126,-0.497,0.798,0.341,1.81,-6.29,-82.92,2.43,3.264,3.264,100.0,575,0,5177
1171753,1,1,7,1.98,26.03076172,119.19290161,36.8,26.03076172,119.19290161,36.81,-21.498,21.163,17.209,-0.488,0.812,0.342,1.81,-6.28,-82.92,0.253,2.962,2.962,100.0,576,0,5179
1171953,1,1,7,1.98,26.03076172,119.19290161,36.8,26.03076172,119.19290161,36.88,-21.595,21.325,17.277,-0.485,0.809,0.342,1.81,-6.27,-82.92,0.253,3.134,3.134,100.0,576,0,5183
1172153,1,1,7,1.98,26.03076172,119.19290161,36.8,26.03076363,119.19290161,36.95,-21.692,21.487,17.346,-0.483,0.805,0.34,1.8,-6.26,-82.91,0.253,3.313,3.313,100.0,576,0,5184
1172353,1,1,7,1.98,26.03076172,119.19290161,36.8,26.03076553,119.19289398,37.01,-21.788,21.647,17.413,-0.481,0.801,0.339,1.79,-6.26,-82.92,0.253,3.499,3.499,100.0,576,0,5184
1172553,1,1,7,1.98,26.03076172,119.19290161,36.8,26.03076744,119.19289398,37.08,-21.884,21.807,17.481,-0.478,0.796,0.338,1.79,-6.27,-82.92,0.253,3.692,3.692,100.0,576,0,5186
1172755,1,1,7,1.98,26.03076172,119.19290161,37.1,26.03076553,119.19289398,37.15,-21.799,21.759,17.547,-0.43,0.74,0.336,1.79,-6.27,-82.94,0.845,3.22,3.22,100.0,577,0,5189
1172963,1,1,7,1.98,26.03076172,119.19290161,37.1,26.03076744,119.19289398,37.22,-21.889,21.912,17.617,-0.427,0.736,0.335,1.79,-6.27,-82.94,0.845,3.399,3.399,100.0,577,0,5192
1173163,1,1,7,1.98,26.03076172,119.19290161,37.1,26.03076935,119.19289398,37.28,-21.974,22.059,17.684,-0.425,0.732,0.334,1.79,-6.26,-82.94,0.845,3.579,3.579,100.0,577,0,5193
1173363,1,1,7,1.98,26.03076172,119.19290161,37.1,26.03077126,119.19289398,37.35,-22.059,22.205,17.75,-0.423,0.729,0.333,1.79,-6.27,-82.94,0.845,3.766,3.766,100.0,577,0,5193
1173563,1,1,7,1.98,26.03076553,119.19287109,37.1,26.03077126,119.19289398,37.42,-22.143,22.351,17.817,-0.42,0.725,0.332,1.79,-6.26,-82.92,0.845,3.959,3.959,100.0,577,0,5195
1173765,1,1,7,1.98,26.03076553,119.19287109,37.4,26.03077126,119.19288635,37.47,-23.031,22.234,17.872,-0.609,0.659,0.329,1.79,-6.25,-82.91,2.37,3.369,3.369,100.0,578,0,5198
1173973,1,1,7,1.98,26.03076553,119.19287109,37.4,26.03077126,119.19288635,37.54,-23.157,22.371,17.941,-0.606,0.656,0.328,1.78,-6.26,-82.9,2.37,3.546,3.546,100.0,578,0,5201
1174173,1,1,7,1.98,26.03076553,119.19287109,37.4,26.03077316,119.19287872,37.61,-23.278,22.502,18.006,-0.602,0.653,0.327,1.78,-6.27,-82.91,2.37,3.723,3.723,100.0,578,0,5202
1174373,1,1,7,1.98,26.03076553,119.19287109,37.4,26.03077507,119.19287872,37.67,-23.398,22.632,18.071,-0.599,0.649,0.325,1.78,-6.28,-82.91,2.37,3.906,3.906,100.0,578,0,5202
1174573,1,1,7,1.98,26.03076935,119.19287109,37.4,26.03077507,119.19287872,37.74,-23.517,22.762,18.136,-0.596,0.646,0.324,1.79,-6.3,-82.91,2.37,4.097,4.097,99.8,578,0,5204
1174776,1,1,7,1.98,26.03076935,119.19287109,37.6,26.03077507,119.19287872,37.75,-23.962,22.627,18.155,-0.665,0.582,0.315,1.8,-6.3,-82.89,1.127,3.441,3.441,99.8,579,0,5207
1174976,1,1,7,1.98,26.03076935,119.19287109,37.6,26.03077507,119.19287109,37.82,-24.095,22.744,18.217,-0.662,0.579,0.314,1.8,-6.31,-82.88,1.127,3.607,3.607,99.8,579,0,5210
1175183,1,1,7,1.98,26.03076935,119.19287109,37.6,26.03077698,119.19287109,37.88,-24.231,22.863,18.283,-0.658,0.577,0.314,1.8,-6.29,-82.88,1.127,3.786,3.786,99.8,579,0,5211
1175383,1,1,7,1.98,26.03076935,119.19287109,37.6,26.03077698,119.19287109,37.95,-24.363,22.978,18.345,-0.655,0.574,0.313,1.79,-6.3,-82.89,1.127,3.967,3.967,99.8,579,0,5211
1175583,1,1,7,1.98,26.03076935,119.19287109,37.6,26.03077888,119.19287109,38.01,-24.493,23.093,18.408,-0.651,0.571,0.311,1.79,-6.28,-82.88,1.127,4.154,4.154,100.2,579,0,5213
1175784,1,1,7,1.98,26.03076935,119.19287109,37.9,26.03077507,119.19287109,38.03,-24.582,22.813,18.431,-0.638,0.481,0.303,1.8,-6.28,-82.9,1.051,3.464,3.464,100.2,580,0,5216
1175993,1,1,7,1.98,26.03076935,119.19287109,37.9,26.03077698,119.19287109,38.09,-24.715,22.913,18.494,-0.635,0.479,0.302,1.79,-6.28,-82.92,1.051,3.634,3.634,100.2,580,0,5219
1176193,1,1,7,1.98,26.03076935,119.19287109,37.9,26.03077698,119.19286346,38.15,-24.841,23.008,18.554,-0.632,0.477,0.301,1.79,-6.28,-82.91,1.051,3.805,3.805,100.2,580,0,5220
1176393,1,1,7,1.98,26.03076935,119.19287109,37.9,26.03077888,119.19286346,38.21,-24.967,23.104,18.614,-0.628,0.474,0.3,1.8,-6.28,-82.92,1.051,3.983,3.983,100.2,580,0,5220
1176593,1,1,7,1.98,26.03077316,119.19287109,37.9,26.03077888,119.19286346,38.27,-25.093,23.198,18.674,-0.625,0.472,0.298,1.79,-6.28,-82.91,1.051,4.168,4.168,100.0,580,0,5222
1176797,1,1,7,1.98,26.03077316,119.19287109,38.1,26.03077698,119.19286346,38.28,-24.954,23.024,18.676,-0.564,0.411,0.287,1.8,-6.28,-82.93,1.0,3.476,3.476,100.0,581,0,5225
1177003,1,1,7,1.98,26.03077316,119.19287109,38.1,26.03077888,119.19286346,38.33,-25.07,23.108,18.735,-0.561,0.409,0.286,1.8,-6.28,-82.95,1.0,3.643,3.643,100.0,581,0,5228
1177203,1,1,7,1.98,26.03077316,119.19287109,38.1,26.03077888,119.19286346,38.39,-25.182,23.19,18.792,-0.558,0.407,0.285,1.8,-6.28,-82.94,1.0,3.813,3.813,100.0,581,0,5229
1177403,1,1,7,1.98,26.03077316,119.19287109,38.1,26.03078079,119.19286346,38.45,-25.294,23.271,18.849,-0.555,0.405,0.284,1.79,-6.28,-82.93,1.0,3.99,3.99,100.0,581,0,5229
1177603,1,1,7,1.98,26.03077888,119.19287109,38.1,26.03078079,119.19286346,38.51,-25.404,23.352,18.906,-0.552,0.403,0.283,1.8,-6.28,-82.9,1.0,4.175,4.175,100.0,581,0,5231
1177803,1,1,7,1.98,26.03077888,119.19287109,38.4,26.03078079,119.19286346,38.53,-25.135,23.348,18.926,-0.468,0.382,0.276,1.79,-6.29,-82.9,1.027,3.479,3.479,100.0,582,0,5234
1178003,1,1,7,1.98,26.03077888,119.19287109,38.4,26.03078079,119.19286346,38.58,-25.228,23.424,18.981,-0.465,0.381,0.275,1.79,-6.29,-82.92,1.027,3.641,3.641,100.0,582,0,5237
1178203,1,1,7,1.98,26.03077888,119.19287109,38.4,26.0307827,119.19286346,38.64,-25.321,23.5,19.036,-0.463,0.379,0.275,1.79,-6.28,-82.91,1.027,3.811,3.811,100.0,582,0,5238
1178404,1,1,7,1.98,26.03077888,119.19287109,38.4,26.0307827,119.19286346,38.69,-25.414,23.576,19.091,-0.46,0.377,0.274,1.79,-6.27,-82.88,1.027,3.989,3.989,100.0,582,0,5238
1178613,1,1,7,1.98,26.0307827,119.19287109,38.4,26.0307827,119.19286346,38.75,-25.509,23.655,19.149,-0.458,0.376,0.273,1.79,-6.25,-82.89,1.027,4.182,4.182,100.0,582,0,5240
1178813,1,1,7,1.98,26.0307827,119.19287109,38.9,26.03078461,119.19286346,38.85,-25.183,23.693,19.248,-0.365,0.366,0.28,1.8,-6.26,-82.89,1.105,3.486,3.486,100.0,583,0,5243
1179013,1,1,7,1.98,26.0307827,119.19287109,38.9,26.03078461,119.19286346,38.9,-25.255,23.766,19.304,-0.363,0.364,0.279,1.79,-6.27,-82.89,1.105,3.648,3.648,100.0,583,0,5246
1179213,1,1,7,1.98,26.0307827,119.19287109,38.9,26.03078461,119.19286346,38.96,-25.328,23.839,19.36,-0.361,0.362,0.278,1.8,-6.28,-82.9,1.105,3.819,3.819,100.0,583,0,5247
1179413,1,1,7,1.98,26.0307827,119.19287109,38.9,26.03078651,119.19286346,39.02,-25.4,23.911,19.415,-0.359,0.361,0.276,1.8,-6.27,-82.93,1.105,3.997,3.997,100.0,583,0,5247
1179613,1,1,7,1.98,26.03078651,119.19287109,38.9,26.03078651,119.19286346,39.07,-25.471,23.983,19.47,-0.357,0.359,0.275,1.78,-6.27,-82.92,1.105,4.182,4.182,100.0,583,0,5249
1179813,1,1,7,1.98,26.03078651,119.19287109,39.1,26.03078651,119.19286346,39.13,-25.14,24.055,19.532,-0.268,0.357,0.275,1.77,-6.27,-82.95,1.06,3.486,3.486,100.0,584,0,5252
1180013,1,1,7,1.98,26.03078651,119.19287109,39.1,26.03078842,119.19286346,39.19,-25.193,24.126,19.587,-0.267,0.356,0.275,1.78,-6.26,-82.95,1.06,3.649,3.649,100.0,584,0,5255
1180213,1,1,7,1.98,26.03078651,119.19287109,39.1,26.03078842,119.19286346,39.24,-25.247,24.197,19.642,-0.265,0.354,0.274,1.78,-6.27,-82.94,1.06,3.82,3.82,100.0,584,0,5256
1180413,1,1,7,1.98,26.03078651,119.19287109,39.1,26.03078842,119.19286346,39.3,-25.3,24.267,19.697,-0.264,0.352,0.273,1.78,-6.27,-82.94,1.06,3.999,3.999,100.0,584,0,5256
1180613,1,1,7,1.98,26.03079033,119.19287109,39.1,26.03079033,119.19286346,39.35,-25.352,24.338,19.751,-0.262,0.351,0.272,1.77,-6.27,-82.93,1.06,4.185,4.185,100.0,584,0,5258
1180814,1,1,7,1.98,26.03079033,119.19287109,39.3,26.03079033,119.19286346,39.39,-25.048,24.435,19.787,-0.183,0.354,0.268,1.77,-6.26,-82.93,0.941,3.489,3.489,100.0,585,0,5261
1181015,1,1,7,1.98,26.03079033,119.19287109,39.3,26.03079033,119.19286346,39.44,-25.085,24.506,19.841,-0.182,0.353,0.268,1.77,-6.26,-82.91,0.941,3.653,3.653,100.0,585,0,5265
1181224,1,1,7,1.98,26.03079033,119.19287109,39.3,26.03079224,119.19286346,39.5,-25.123,24.579,19.897,-0.181,0.351,0.267,1.77,-6.25,-82.92,0.941,3.833,3.833,100.0,585,0,5265
1181424,1,1,7,1.98,26.03079033,119.19287109,39.3,26.03079224,119.19286346,39.55,-25.159,24.649,19.951,-0.18,0.349,0.266,1.78,-6.26,-82.9,0.941,4.013,4.013,100.0,585,0,5265
1181625,1,1,7,1.98,26.03079414,119.19287109,39.3,26.03079224,119.19286346,39.6,-25.195,24.719,20.004,-0.179,0.348,0.266,1.78,-6.26,-82.91,0.941,4.201,4.201,100.0,585,0,5267
1181833,1,1,7,1.98,26.03079414,119.19287109,39.5,26.03079414,119.19286346,39.62,-24.935,24.836,20.025,-0.113,0.356,0.258,1.78,-6.25,-82.92,0.786,3.506,3.506,100.0,586,0,5270
1182033,1,1,7,1.98,26.03079414,119.19287109,39.5,26.03079414,119.19286346,39.68,-24.957,24.907,20.076,-0.113,0.354,0.257,1.77,-6.23,-82.92,0.786,3.671,3.671,100.0,586,0,5274
1182233,1,1,7,1.98,26.03079414,119.19287109,39.5,26.03079605,119.19286346,39.73,-24.98,24.978,20.128,-0.112,0.353,0.257,1.77,-6.23,-82.9,0.786,3.843,3.843,100.0,586,0,5274
1182433,1,1,7,1.98,26.03079414,119.19287109,39.5,26.03079605,119.19286346,39.78,-25.002,25.048,20.179,-0.111,0.351,0.256,1.78,-6.23,-82.93,0.786,4.024,4.024,100.0,586,0,5274
1182633,1,1,7,1.98,26.03079414,119.19285583,39.7,26.03079605,119.19286346,39.79,-25.362,25.017,20.191,-0.187,0.326,0.248,1.78,-6.24,-82.93,0.963,3.354,3.354,100.0,587,0,5277
1182833,1,1,7,1.98,26.03079414,119.19285583,39.7,26.03079605,119.19286346,39.84,-25.399,25.082,20.24,-0.186,0.324,0.247,1.78,-6.25,-82.93,0.963,3.511,3.511,100.0,587,0,5280
1183033,1,1,7,1.98,26.03079414,119.19285583,39.7,26.03079605,119.19286346,39.89,-25.437,25.147,20.289,-0.185,0.323,0.245,1.78,-6.26,-82.94,0.963,3.676,3.676,100.0,587,0,5283
1183233,1,1,7,1.98,26.03079414,119.19285583,39.7,26.03079796,119.19286346,39.94,-25.473,25.211,20.338,-0.184,0.321,0.245,1.78,-6.26,-82.94,0.963,3.849,3.849,100.0,587,0,5283
1183433,1,1,7,1.98,26.03079414,119.19285583,39.7,26.03079796,119.19286346,39.99,-25.51,25.275,20.387,-0.183,0.32,0.243,1.77,-6.26,-82.94,0.963,4.031,4.031,100.0,587,0,5283
1183633,1,1,7,1.98,26.03079796,119.19285583,39.8,26.03079796,119.19285583,39.96,-25.694,25.312,20.364,-0.216,0.312,0.23,1.77,-6.27,-82.92,0.407,3.357,3.357,100.0,588,0,5286
1183833,1,1,7,1.98,26.03079796,119.19285583,39.8,26.03079987,119.19285583,40.01,-25.737,25.375,20.41,-0.215,0.311,0.229,1.76,-6.26,-82.92,0.407,3.515,3.515,100.0,588,0,5289
1184033,1,1,7,1.98,26.03079796,119.19285583,39.8,26.03079987,119.19285583,40.06,-25.779,25.437,20.455,-0.213,0.309,0.228,1.76,-6.25,-82.94,0.407,3.68,3.68,100.0,588,0,5292
1184233,1,1,7,1.98,26.03079796,119.19285583,39.8,26.03079987,119.19285583,40.1,-25.822,25.498,20.501,-0.212,0.308,0.228,1.77,-6.26,-82.9,0.407,3.854,3.854,100.0,588,0,5292
1184433,1,1,7,1.98,26.03079796,119.19285583,39.8,26.03079987,119.19285583,40.15,-25.864,25.56,20.546,-0.211,0.306,0.227,1.77,-6.27,-82.9,0.407,4.035,4.035,100.0,588,0,5292
1184633,1,1,7,1.98,26.03079796,119.19285583,39.9,26.03079987,119.19285583,40.1,-25.921,25.491,20.503,-0.213,0.275,0.21,1.78,-6.26,-82.93,0.356,3.36,3.36,100.0,589,0,5295
1184833,1,1,7,1.98,26.03079796,119.19285583,39.9,26.03079987,119.19285583,40.14,-25.964,25.546,20.545,-0.211,0.274,0.209,1.78,-6.27,-82.95,0.356,3.517,3.517,100.0,589,0,5298
1185033,1,1,7,1.98,26.03079796,119.19285583,39.9,26.03080177,119.19285583,40.19,-26.006,25.6,20.587,-0.21,0.272,0.208,1.78,-6.26,-82.95,0.356,3.683,3.683,100.0,589,0,5301
1185233,1,1,7,1.98,26.03079796,119.19285583,39.9,26.03080177,119.19285583,40.23,-26.048,25.655,20.628,-0.209,0.271,0.208,1.78,-6.26,-82.96,0.356,3.857,3.857,100.0,589,0,5301
1185433,1,1,7,1.98,26.03079796,119.19285583,39.9,26.03080177,119.19285583,40.27,-26.089,25.709,20.67,-0.208,0.27,0.207,1.79,-6.25,-82.97,0.356,4.039,4.039,100.0,589,0,5301
1185655,1,1,7,1.98,26.03079796,119.19285583,40.1,26.03080177,119.19285583,40.25,-26.068,25.586,20.652,-0.191,0.227,0.195,1.79,-6.25,-82.96,0.526,3.381,3.381,100.0,590,0,5304
1185863,1,1,7,1.98,26.03079796,119.19285583,40.1,26.03080177,119.19285583,40.29,-26.108,25.634,20.692,-0.19,0.226,0.195,1.8,-6.25,-82.96,0.526,3.547,3.547,100.0,590,0,5307
1186063,1,1,7,1.98,26.03079796,119.19285583,40.1,26.03080177,119.19285583,40.33,-26.146,25.679,20.731,-0.189,0.225,0.194,1.8,-6.25,-82.94,0.526,3.714,3.714,100.0,590,0,5310
1186263,1,1,7,1.98,26.03079796,119.19285583,40.1,26.03080177,119.19285583,40.37,-26.183,25.724,20.77,-0.187,0.224,0.194,1.8,-6.25,-82.96,0.526,3.889,3.889,100.0,590,0,5310
1186463,1,1,7,1.98,26.03079796,119.19285583,40.1,26.03080177,119.19285583,40.41,-26.221,25.768,20.809,-0.186,0.223,0.193,1.8,-6.24,-82.95,0.526,4.072,4.072,100.0,590,0,5310
1186664,1,1,7,1.98,26.03079796,119.19285583,40.1,26.03080177,119.19285583,40.34,-26.145,25.614,20.743,-0.16,0.177,0.174,1.81,-6.25,-82.95,0.617,3.391,3.391,100.0,591,0,5313
1186873,1,1,7,1.98,26.03079796,119.19285583,40.1,26.03080177,119.19285583,40.38,-26.179,25.65,20.779,-0.159,0.176,0.173,1.79,-6.26,-82.93,0.617,3.557,3.557,100.0,591,0,5316
1187075,1,1,7,1.98,26.03079796,119.19285583,40.1,26.03080177,119.19285583,40.41,-26.211,25.686,20.815,-0.159,0.175,0.174,1.78,-6.26,-82.93,0.617,3.727,3.727,100.0,591,0,5319
1187284,1,1,7,1.98,26.03079796,119.19285583,40.1,26.03080177,119.19285583,40.45,-26.244,25.722,20.851,-0.157,0.174,0.174,1.79,-6.27,-82.91,0.617,3.911,3.911,100.0,591,0,5319
1187485,1,1,7,1.98,26.03079796,119.19285583,40.1,26.03080177,119.19285583,40.49,-26.275,25.757,20.886,-0.157,0.173,0.173,1.79,-6.27,-82.91,0.617,4.096,4.096,100.0,591,0,5319
1187685,1,1,8,1.98,26.03079796,119.19285583,40.4,26.03080177,119.19285583,40.49,-26.175,25.599,20.886,-0.126,0.129,0.167,1.79,-6.28,-82.93,0.624,3.406,3.406,99.6,592,0,5322
1187893,1,1,8,1.98,26.03079796,119.19285583,40.4,26.03080177,119.19285583,40.52,-26.202,25.626,20.921,-0.125,0.128,0.167,1.8,-6.27,-82.94,0.624,3.573,3.573,99.6,592,0,5325
1188093,1,1,8,1.98,26.03079796,119.19285583,40.4,26.03080177,119.19285583,40.55,-26.227,25.651,20.954,-0.125,0.128,0.167,1.78,-6.27,-82.94,0.624,3.741,3.741,99.6,592,0,5328
1188293,1,1,8,1.98,26.03079796,119.19285583,40.4,26.03080177,119.19285583,40.59,-26.251,25.677,20.987,-0.124,0.127,0.166,1.79,-6.27,-82.92,0.624,3.918,3.918,99.6,592,0,5328
1188493,1,1,8,1.98,26.03079796,119.19285583,40.4,26.03080177,119.19285583,40.62,-26.276,25.702,21.021,-0.123,0.127,0.166,1.8,-6.27,-82.91,0.624,4.102,4.102,99.6,592,0,5328
1188695,1,1,8,1.98,26.03079796,119.19285583,40.5,26.03079987,119.19285583,40.61,-26.171,25.558,21.009,-0.093,0.088,0.158,1.79,-6.26,-82.95,0.572,3.41,3.41,99.7,593,0,5331
1188895,1,1,8,1.98,26.03079796,119.19285583,40.5,26.03079987,119.19285583,40.64,-26.189,25.575,21.041,-0.093,0.087,0.157,1.79,-6.28,-82.97,0.572,3.57,3.57,99.7,593,0,5334
1189103,1,1,8,1.98,26.03079796,119.19285583,40.5,26.03080177,119.19285583,40.67,-26.209,25.594,21.073,-0.092,0.087,0.157,1.79,-6.27,-82.97,0.572,3.745,3.745,99.7,593,0,5337
1189303,1,1,8,1.98,26.03079796,119.19285583,40.5,26.03080177,119.19285583,40.7,-26.227,25.611,21.105,-0.091,0.087,0.157,1.8,-6.27,-82.98,0.572,3.922,3.922,99.7,593,0,5337
1189503,1,1,8,1.98,26.03079796,119.19285583,40.5,26.03080177,119.19285583,40.74,-26.245,25.628,21.136,-0.091,0.086,0.156,1.79,-6.27,-82.97,0.572,4.106,4.106,99.7,593,0,5337
1189709,1,1,8,1.06,26.03080559,119.19285583,40.7,26.03080368,119.19285583,40.75,-26.053,25.971,21.148,-0.043,0.158,0.152,1.79,-6.27,-82.97,0.568,2.472,2.472,99.7,594,0,5341
1189915,1,1,8,1.06,26.03080559,119.19285583,40.7,26.03080368,119.19285583,40.78,-26.061,26.003,21.179,-0.043,0.158,0.151,1.79,-6.27,-82.96,0.568,2.597,2.597,99.7,594,0,5344
1190123,1,1,8,1.06,26.03080559,119.19285583,40.7,26.03080559,119.19285583,40.81,-26.07,26.036,21.21,-0.043,0.157,0.151,1.78,-6.27,-82.95,0.568,2.736,2.736,99.7,594,0,5346
1190323,1,1,8,1.06,26.03080559,119.19285583,40.7,26.03080559,119.19285583,40.84,-26.079,26.067,21.241,-0.042,0.156,0.15,1.78,-6.27,-82.94,0.568,2.88,2.88,99.7,594,0,5346
1190525,1,1,8,1.06,26.03080559,119.19285583,40.7,26.03080559,119.19285583,40.87,-26.087,26.099,21.271,-0.042,0.155,0.15,1.77,-6.27,-82.94,0.568,3.036,3.036,100.8,594,0,5347
1190728,1,1,8,1.06,26.03080559,119.19285583,40.9,26.03080559,119.19285583,40.91,-26.018,26.13,21.306,-0.022,0.154,0.151,1.78,-6.28,-82.93,0.145,2.207,2.207,100.8,595,0,5350
1190933,1,1,8,1.06,26.03080559,119.19285583,40.9,26.03080559,119.19285583,40.94,-26.022,26.162,21.337,-0.021,0.154,0.15,1.78,-6.28,-82.95,0.145,2.336,2.336,100.8,595,0,5353
1191133,1,1,8,1.06,26.03080559,119.19285583,40.9,26.03080559,119.19285583,40.97,-26.027,26.193,21.367,-0.021,0.153,0.15,1.78,-6.27,-82.95,0.145,2.474,2.474,100.8,595,0,5355
1191333,1,1,8,1.06,26.03080559,119.19285583,40.9,26.0308075,119.19285583,41.0,-26.031,26.223,21.397,-0.021,0.153,0.15,1.78,-6.27,-82.97,0.145,2.623,2.623,100.8,595,0,5355
1191533,1,1,8,1.06,26.03081512,119.19285583,40.9,26.0308075,119.19285583,41.03,-26.035,26.254,21.427,-0.021,0.153,0.15,1.79,-6.25,-82.96,0.145,2.783,2.783,99.8,595,0,5356
1191733,1,1,8,1.06,26.03081512,119.19285583,41.0,26.03081131,119.19285583,41.04,-25.994,26.736,21.443,-0.008,0.281,0.147,1.78,-6.26,-82.97,0.913,2.124,2.124,99.8,596,0,5359
1191933,1,1,8,1.06,26.03081512,119.19285583,41.0,26.03081131,119.19285583,41.07,-25.996,26.792,21.472,-0.008,0.28,0.147,1.77,-6.26,-82.96,0.913,2.258,2.258,99.8,596,0,5362
1192133,1,1,8,1.06,26.03081512,119.19285583,41.0,26.03081131,119.19285583,41.1,-25.997,26.848,21.502,-0.007,0.278,0.147,1.77,-6.27,-82.96,0.913,2.404,2.404,99.8,596,0,5364
1192333,1,1,8,1.06,26.03081512,119.19285583,41.0,26.03081322,119.19285583,41.13,-25.999,26.903,21.531,-0.007,0.277,0.147,1.77,-6.26,-82.95,0.913,2.56,2.56,99.8,596,0,5364
1192534,1,1,8,1.06,26.03082275,119.19285583,41.0,26.03081322,119.19285583,41.16,-26.0,26.959,21.561,-0.007,0.276,0.147,1.77,-6.25,-82.94,0.913,2.727,2.727,100.3,596,0,5365
1192735,1,1,8,1.06,26.03082275,119.19285583,41.2,26.03081894,119.19285583,41.2,-25.975,27.522,21.598,0.001,0.427,0.148,1.77,-6.25,-82.92,1.042,2.108,2.108,100.3,597,0,5368
1192935,1,1,8,1.06,26.03082275,119.19285583,41.2,26.03081894,119.19285583,41.23,-25.975,27.607,21.628,0.001,0.425,0.148,1.77,-6.26,-82.93,1.042,2.247,2.247,100.3,597,0,5371
1193143,1,1,8,1.06,26.03082275,119.19285583,41.2,26.03081894,119.19285583,41.26,-25.975,27.696,21.659,0.001,0.423,0.149,1.78,-6.26,-82.92,1.042,2.402,2.402,100.3,597,0,5373
1193343,1,1,8,1.06,26.03082275,119.19285583,41.2,26.03082085,119.19285583,41.29,-25.975,27.78,21.689,0.002,0.42,0.149,1.78,-6.27,-82.9,1.042,2.562,2.562,100.3,597,0,5373
1193547,1,1,8,1.06,26.03082275,119.19284058,41.2,26.03082085,119.19285583,41.32,-25.974,27.865,21.719,0.002,0.418,0.148,1.78,-6.26,-82.91,1.042,2.734,2.734,99.4,597,0,5374
1193753,1,1,8,1.06,26.03082275,119.19284058,41.3,26.03082275,119.19284821,41.34,-26.709,28.012,21.739,-0.221,0.435,0.146,1.78,-6.26,-82.92,1.504,2.118,2.118,99.4,598,0,5377
1193953,1,1,8,1.06,26.03082275,119.19284058,41.3,26.03082275,119.19284821,41.37,-26.753,28.099,21.768,-0.219,0.433,0.146,1.79,-6.25,-82.93,1.504,2.259,2.259,99.4,598,0,5380
1194153,1,1,8,1.06,26.03082275,119.19284058,41.3,26.03082466,119.19284821,41.4,-26.797,28.186,21.798,-0.218,0.431,0.146,1.8,-6.26,-82.95,1.504,2.409,2.409,99.4,598,0,5382
1194353,1,1,8,1.06,26.03082275,119.19284058,41.3,26.03082466,119.19284821,41.43,-26.841,28.271,21.827,-0.217,0.429,0.146,1.79,-6.26,-82.95,1.504,2.569,2.569,99.4,598,0,5382
1194553,1,1,8,1.06,26.03082275,119.19284058,41.3,26.03082657,119.19284821,41.46,-26.884,28.357,21.856,-0.216,0.426,0.145,1.79,-6.26,-82.89,1.504,2.737,2.737,100.7,598,0,5384
1194755,1,1,8,1.06,26.03082275,119.19284058,41.3,26.03082466,119.19284058,41.43,-27.208,28.264,21.83,-0.299,0.37,0.135,1.78,-6.27,-82.91,0.678,2.119,2.119,100.7,599,0,5386
1194956,1,1,8,1.06,26.03082275,119.19284058,41.3,26.03082466,119.19284058,41.46,-27.268,28.339,21.857,-0.298,0.369,0.134,1.78,-6.27,-82.92,0.678,2.26,2.26,100.7,599,0,5389
1195163,1,1,8,1.06,26.03082275,119.19284058,41.3,26.03082657,119.19284058,41.49,-27.329,28.415,21.885,-0.297,0.367,0.134,1.76,-6.26,-82.94,0.678,2.414,2.414,100.7,599,0,5391
1195363,1,1,8,1.06,26.03082275,119.19284058,41.3,26.03082657,119.19284058,41.51,-27.389,28.488,21.912,-0.295,0.365,0.134,1.77,-6.25,-82.92,0.678,2.573,2.573,100.7,599,0,5391
1195565,1,1,8,1.06,26.03082657,119.19284058,41.3,26.03082848,119.19284058,41.54,-27.448,28.562,21.939,-0.293,0.364,0.134,1.79,-6.26,-82.92,0.678,2.742,2.742,100.0,599,0,5393
1195774,1,1,8,1.06,26.03082657,119.19284058,41.4,26.03082848,119.19284058,41.52,-27.512,28.571,21.918,-0.292,0.342,0.124,1.78,-6.26,-82.94,0.135,2.129,2.129,100.0,600,0,5396
1195983,1,1,8,1.06,26.03082657,119.19284058,41.4,26.03082848,119.19284058,41.54,-27.573,28.642,21.944,-0.291,0.34,0.125,1.79,-6.27,-82.91,0.135,2.275,2.275,100.0,600,0,5399
1196183,1,1,8,1.06,26.03082657,119.19284058,41.4,26.03082848,119.19284058,41.57,-27.631,28.71,21.969,-0.289,0.338,0.124,1.8,-6.26,-82.89,0.135,2.424,2.424,100.0,600,0,5400
1196383,1,1,8,1.06,26.03082657,119.19284058,41.4,26.03083038,119.19284058,41.59,-27.688,28.778,21.994,-0.288,0.337,0.124,1.79,-6.26,-82.9,0.135,2.583,2.583,100.0,600,0,5400
1196583,1,1,8,1.06,26.0308342,119.19284058,41.4,26.03083038,119.19284058,41.62,-27.746,28.845,22.019,-0.286,0.335,0.124,1.8,-6.26,-82.93,0.135,2.75,2.75,100.0,600,0,5402
1196786,1,1,8,1.06,26.0308342,119.19284058,41.6,26.03083229,119.19284058,41.64,-27.661,29.127,22.035,-0.243,0.397,0.122,1.79,-6.26,-82.91,0.523,2.13,2.13,100.0,601,0,5405
1196993,1,1,8,1.06,26.0308342,119.19284058,41.6,26.0308342,119.19284058,41.66,-27.711,29.209,22.06,-0.241,0.395,0.122,1.8,-6.26,-82.9,0.523,2.274,2.274,100.0,601,0,5408
1197193,1,1,8,1.06,26.0308342,119.19284058,41.6,26.0308342,119.19284058,41.68,-27.759,29.288,22.085,-0.239,0.393,0.122,1.81,-6.26,-82.91,0.523,2.422,2.422,100.0,601,0,5409
1197393,1,1,8,1.06,26.0308342,119.19284058,41.6,26.0308342,119.19284058,41.71,-27.807,29.366,22.109,-0.238,0.391,0.121,1.82,-6.27,-82.9,0.523,2.58,2.58,100.0,601,0,5409
1197593,1,1,8,1.06,26.03083038,119.19284058,41.6,26.03083611,119.19284058,41.73,-27.854,29.444,22.133,-0.237,0.389,0.121,1.82,-6.28,-82.94,0.523,2.746,2.746,100.0,601,0,5411
1197793,1,1,7,1.98,26.03083038,119.19284058,41.4,26.0308342,119.19284058,41.66,-27.819,29.398,22.061,-0.211,0.35,0.104,1.81,-6.27,-82.91,0.707,2.609,2.609,100.0,602,0,5414
1197993,1,1,7,1.98,26.03083038,119.19284058,41.4,26.03083611,119.19283295,41.68,-27.861,29.468,22.082,-0.21,0.349,0.104,1.81,-6.25,-82.91,0.707,2.774,2.774,100.0,602,0,5417
1198193,1,1,7,1.98,26.03083038,119.19284058,41.4,26.03083611,119.19283295,41.7,-27.903,29.537,22.103,-0.209,0.347,0.104,1.82,-6.26,-82.9,0.707,2.946,2.946,100.0,602,0,5418
1198393,1,1,7,1.98,26.03083038,119.19284058,41.4,26.03083611,119.19283295,41.72,-27.944,29.607,22.124,-0.208,0.345,0.104,1.81,-6.27,-82.89,0.707,3.126,3.126,100.0,602,0,5418
1198593,1,1,7,1.98,26.03083038,119.19285583,41.4,26.03083801,119.19283295,41.74,-27.986,29.675,22.145,-0.207,0.343,0.105,1.8,-6.28,-82.91,0.707,3.313,3.313,99.9,602,0,5420
1198796,1,1,7,1.98,26.03083038,119.19285583,41.3,26.03083611,119.19284058,41.63,-27.454,29.517,22.033,-0.05,0.279,0.08,1.79,-6.28,-82.91,2.202,3.004,3.004,99.9,603,0,5423
1199003,1,1,7,1.98,26.03083038,119.19285583,41.3,26.03083611,119.19284058,41.65,-27.465,29.575,22.05,-0.05,0.278,0.08,1.77,-6.27,-82.92,2.202,3.185,3.185,99.9,603,0,5426
1199203,1,1,7,1.98,26.03083038,119.19285583,41.3,26.03083801,119.19284058,41.67,-27.475,29.63,22.066,-0.05,0.277,0.08,1.77,-6.27,-82.95,2.202,3.366,3.366,99.9,603,0,5427
1199403,1,1,7,1.98,26.03083038,119.19285583,41.3,26.03083801,119.19284058,41.68,-27.485,29.686,22.082,-0.049,0.275,0.08,1.76,-6.27,-82.95,2.202,3.555,3.555,99.9,603,0,5427
1199603,1,1,7,1.98,26.03082657,119.19285583,41.3,26.03083801,119.19284058,41.7,-27.494,29.741,22.098,-0.049,0.274,0.08,1.75,-6.27,-82.95,2.202,3.749,3.749,100.1,603,0,5429
1199803,1,1,7,1.98,26.03082657,119.19285583,41.0,26.0308342,119.19284821,41.5,-26.991,29.365,21.9,0.081,0.165,0.041,1.76,-6.27,-82.95,2.021,3.264,3.264,100.1,604,0,5432
1200003,1,1,7,1.98,26.03082657,119.19285583,41.0,26.0308342,119.19284821,41.51,-26.974,29.398,21.908,0.08,0.164,0.042,1.76,-6.26,-82.96,2.021,3.438,3.438,100.1,604,0,5435
1200203,1,1,7,1.98,26.03082657,119.19285583,41.0,26.03083611,119.19284821,41.52,-26.958,29.431,21.917,0.08,0.163,0.042,1.77,-6.27,-82.96,2.021,3.619,3.619,100.1,604,0,5436
1200403,1,1,7,1.98,26.03082657,119.19285583,41.0,26.03083611,119.19284821,41.53,-26.942,29.463,21.925,0.08,0.162,0.042,1.76,-6.27,-82.94,2.021,3.807,3.807,100.1,604,0,5436
1200603,1,1,7,1.98,26.03082275,119.19285583,41.0,26.03083611,119.19284821,41.53,-26.926,29.495,21.934,0.079,0.161,0.043,1.76,-6.27,-82.94,2.021,4.002,4.002,100.0,604,0,5438
1200805,1,1,7,1.98,26.03082275,119.19285583,40.9,26.03083229,119.19284821,41.35,-26.558,28.997,21.745,0.162,0.036,0.008,1.76,-6.27,-82.92,1.768,3.402,3.402,100.0,605,0,5441
1201006,1,1,7,1.98,26.03082275,119.19285583,40.9,26.03083229,119.19284821,41.35,-26.526,29.004,21.747,0.162,0.036,0.008,1.78,-6.26,-82.92,1.768,3.574,3.574,100.0,605,0,5445
1201213,1,1,7,1.98,26.03082275,119.19285583,40.9,26.03083229,119.19284821,41.35,-26.492,29.012,21.749,0.161,0.036,0.009,1.79,-6.27,-82.93,1.768,3.758,3.758,100.0,605,0,5445
1201413,1,1,7,1.98,26.03082275,119.19285583,40.9,26.03083229,119.19284821,41.35,-26.46,29.019,21.751,0.16,0.036,0.009,1.78,-6.27,-82.91,1.768,3.943,3.943,100.0,605,0,5445
1201613,1,1,7,1.98,26.03081512,119.19285583,40.9,26.03083229,119.19284821,41.35,-26.428,29.026,21.753,0.159,0.035,0.01,1.78,-6.28,-82.9,1.768,4.135,4.135,100.0,605,0,5447
1201813,1,1,7,1.98,26.03081512,119.19285583,40.5,26.03082466,119.19285583,41.09,-26.217,28.34,21.487,0.199,-0.12,-0.037,1.77,-6.26,-82.91,1.91,3.469,3.469,100.0,606,0,5450
1202014,1,1,7,1.98,26.03081512,119.19285583,40.5,26.03082466,119.19285583,41.08,-26.177,28.316,21.48,0.198,-0.119,-0.036,1.77,-6.25,-82.93,1.91,3.637,3.637,100.0,606,0,5454
1202224,1,1,7,1.98,26.03081512,119.19285583,40.5,26.03082466,119.19285583,41.07,-26.136,28.291,21.472,0.197,-0.119,-0.036,1.77,-6.26,-82.92,1.91,3.82,3.82,100.0,606,0,5454
1202433,1,1,7,1.98,26.03081512,119.19285583,40.5,26.03082466,119.19285583,41.07,-26.095,28.266,21.465,0.196,-0.118,-0.035,1.77,-6.26,-82.92,1.91,4.011,4.011,100.0,606,0,5454
1202633,1,1,7,1.98,26.03080559,119.19285583,40.2,26.03081703,119.19285583,40.8,-26.016,27.467,21.197,0.204,-0.295,-0.082,1.78,-6.26,-82.9,2.13,3.348,3.348,99.9,607,0,5457
1202833,1,1,7,1.98,26.03080559,119.19285583,40.2,26.03081703,119.19285583,40.78,-25.975,27.409,21.18,0.203,-0.294,-0.082,1.78,-6.28,-82.9,2.13,3.505,3.505,99.9,607,0,5460
1203033,1,1,7,1.98,26.03080559,119.19285583,40.2,26.03081703,119.19285583,40.76,-25.935,27.35,21.164,0.203,-0.292,-0.08,1.78,-6.28,-82.9,2.13,3.671,3.671,99.9,607,0,5463
1203233,1,1,7,1.98,26.03080559,119.19285583,40.2,26.03081703,119.19285583,40.75,-25.894,27.292,21.148,0.202,-0.291,-0.079,1.78,-6.27,-82.92,2.13,3.844,3.844,99.9,607,0,5463
1203433,1,1,7,1.98,26.03080559,119.19285583,40.2,26.03081512,119.19285583,40.73,-25.854,27.234,21.132,0.201,-0.289,-0.078,1.78,-6.26,-82.93,2.13,4.024,4.024,99.9,607,0,5463
1203633,1,1,7,1.98,26.03080559,119.19287109,39.9,26.03081131,119.19286346,40.47,-25.304,26.788,20.868,0.316,-0.375,-0.122,1.79,-6.26,-82.93,1.751,3.354,3.354,100.1,608,0,5466
1203833,1,1,7,1.98,26.03080559,119.19287109,39.9,26.03081131,119.19286346,40.44,-25.241,26.713,20.843,0.314,-0.373,-0.121,1.8,-6.25,-82.94,1.751,3.51,3.51,100.1,608,0,5469
1204033,1,1,7,1.98,26.03080559,119.19287109,39.9,26.0308094,119.19286346,40.42,-25.178,26.639,20.819,0.313,-0.371,-0.119,1.81,-6.25,-82.93,1.751,3.674,3.674,100.1,608,0,5472
1204233,1,1,7,1.98,26.03080559,119.19287109,39.9,26.0308094,119.19286346,40.4,-25.116,26.565,20.796,0.312,-0.369,-0.118,1.81,-6.26,-82.94,1.751,3.846,3.846,100.1,608,0,5472
1204433,1,1,7,1.98,26.03080559,119.19287109,39.9,26.0308094,119.19286346,40.37,-25.054,26.491,20.772,0.31,-0.367,-0.117,1.81,-6.25,-82.94,1.751,4.026,4.026,100.1,608,0,5472
1204633,1,1,7,1.98,26.03079796,119.19287109,39.6,26.03080368,119.19287109,40.12,-24.783,25.996,20.52,0.356,-0.461,-0.157,1.82,-6.25,-82.94,1.285,3.354,3.354,100.0,609,0,5475
1204833,1,1,7,1.98,26.03079796,119.19287109,39.6,26.03080368,119.19287109,40.09,-24.712,25.904,20.489,0.354,-0.458,-0.157,1.81,-6.25,-82.94,1.285,3.51,3.51,100.0,609,0,5478
1205033,1,1,7,1.98,26.03079796,119.19287109,39.6,26.03080368,119.19287109,40.06,-24.641,25.813,20.458,0.352,-0.456,-0.155,1.8,-6.24,-82.94,1.285,3.674,3.674,100.0,609,0,5481
1205233,1,1,7,1.98,26.03079796,119.19287109,39.6,26.03080177,119.19287109,40.03,-24.571,25.722,20.427,0.35,-0.454,-0.153,1.79,-6.25,-82.96,1.285,3.847,3.847,100.0,609,0,5481
1205433,1,1,7,1.98,26.03079796,119.19287109,39.6,26.03080177,119.19287109,40.0,-24.501,25.632,20.396,0.349,-0.451,-0.152,1.79,-6.24,-82.96,1.285,4.026,4.026,100.0,609,0,5481
1205633,1,1,7,1.98,26.03079414,119.19287109,39.3,26.03079796,119.19287109,39.76,-24.427,25.285,20.163,0.348,-0.507,-0.187,1.79,-6.25,-82.96,0.7,3.355,3.355,100.0,610,0,5484
1205833,1,1,7,1.98,26.03079414,119.19287109,39.3,26.03079796,119.19287109,39.73,-24.358,25.184,20.125,0.346,-0.505,-0.186,1.79,-6.25,-82.96,0.7,3.511,3.511,100.0,610,0,5487
1206033,1,1,7,1.98,26.03079414,119.19287109,39.3,26.03079605,119.19287109,39.69,-24.289,25.084,20.088,0.344,-0.502,-0.184,1.78,-6.25,-82.96,0.7,3.676,3.676,100.0,610,0,5490
1206233,1,1,7,1.98,26.03079414,119.19287109,39.3,26.03079605,119.19287109,39.65,-24.22,24.983,20.052,0.343,-0.5,-0.183,1.77,-6.26,-82.94,0.7,3.848,3.848,100.0,610,0,5490
1206433,1,1,7,1.98,26.03079414,119.19287109,39.3,26.03079414,119.19287109,39.62,-24.152,24.884,20.015,0.341,-0.497,-0.181,1.77,-6.25,-82.93,0.7,4.029,4.029,100.0,610,0,5490
1206633,1,1,7,1.98,26.03078651,119.19287109,39.1,26.03079033,119.19287109,39.43,-24.207,24.494,19.833,0.311,-0.561,-0.206,1.77,-6.25,-82.9,0.86,3.356,3.356,100.0,611,0,5493
1206833,1,1,7,1.98,26.03078651,119.19287109,39.1,26.03079033,119.19287109,39.39,-24.145,24.382,19.792,0.31,-0.558,-0.205,1.77,-6.25,-82.91,0.86,3.513,3.513,100.0,611,0,5496
1207033,1,1,7,1.98,26.03078651,119.19287109,39.1,26.03078842,119.19287109,39.35,-24.083,24.271,19.751,0.309,-0.555,-0.203,1.78,-6.24,-82.93,0.86,3.678,3.678,100.0,611,0,5499
1207233,1,1,7,1.98,26.03078651,119.19287109,39.1,26.03078842,119.19287872,39.31,-24.021,24.161,19.711,0.308,-0.552,-0.202,1.79,-6.25,-82.93,0.86,3.852,3.852,100.0,611,0,5499
1207433,1,1,7,1.98,26.03078651,119.19287109,39.1,26.03078651,119.19287872,39.27,-23.96,24.05,19.67,0.307,-0.55,-0.2,1.8,-6.26,-82.93,0.86,4.033,4.033,100.0,611,0,5499
1207633,1,1,7,1.98,26.0307827,119.19287109,38.9,26.03078461,119.19287109,39.13,-24.09,23.804,19.529,0.261,-0.578,-0.217,1.78,-6.27,-82.89,0.641,3.359,3.359,99.5,612,0,5502
1207837,1,1,7,1.98,26.0307827,119.19287109,38.9,26.03078461,119.19287872,39.09,-24.037,23.686,19.485,0.26,-0.575,-0.215,1.79,-6.28,-82.89,0.641,3.519,3.519,99.5,612,0,5505
1208043,1,1,7,1.98,26.0307827,119.19287109,38.9,26.0307827,119.19287872,39.04,-23.984,23.568,19.441,0.259,-0.572,-0.214,1.78,-6.27,-82.91,0.641,3.69,3.69,99.5,612,0,5508
1208243,1,1,7,1.98,26.0307827,119.19287109,38.9,26.03078079,119.19287872,39.0,-23.932,23.454,19.398,0.258,-0.569,-0.212,1.79,-6.26,-82.9,0.641,3.865,3.865,99.5,612,0,5508
1208443,1,1,7,1.98,26.0307827,119.19287109,38.9,26.03078079,119.19287872,38.96,-23.881,23.34,19.356,0.256,-0.566,-0.21,1.78,-6.27,-82.88,0.641,4.047,4.047,99.5,612,0,5508
1208651,1,1,7,1.98,26.0307827,119.19287109,38.6,26.03078079,119.19287109,38.82,-24.044,23.345,19.215,0.206,-0.536,-0.226,1.78,-6.28,-82.9,0.673,3.377,3.377,100.5,613,0,5511
1208853,1,1,7,1.98,26.0307827,119.19287109,38.6,26.03077888,119.19287872,38.77,-24.002,23.237,19.17,0.205,-0.533,-0.224,1.79,-6.26,-82.91,0.673,3.538,3.538,100.5,613,0,5514
1209053,1,1,7,1.98,26.0307827,119.19287109,38.6,26.03077888,119.19287872,38.73,-23.961,23.131,19.125,0.204,-0.53,-0.223,1.79,-6.26,-82.92,0.673,3.705,3.705,100.5,613,0,5517
1209253,1,1,7,1.98,26.0307827,119.19287109,38.6,26.03077698,119.19287872,38.68,-23.92,23.025,19.081,0.203,-0.527,-0.221,1.79,-6.26,-82.92,0.673,3.881,3.881,100.5,613,0,5517
1209453,1,1,7,1.98,26.0307827,119.19287109,38.6,26.03077698,119.19287872,38.64,-23.88,22.92,19.036,0.202,-0.525,-0.22,1.78,-6.27,-82.91,0.673,4.064,4.064,100.5,613,0,5517
1209659,1,1,7,1.97,26.03077316,119.19287109,38.3,26.03077507,119.19287109,38.5,-24.054,22.693,18.899,0.152,-0.549,-0.234,1.78,-6.26,-82.93,0.659,3.379,3.379,100.0,614,0,5520
1209863,1,1,7,1.97,26.03077316,119.19287109,38.3,26.03077316,119.19287872,38.45,-24.023,22.581,18.852,0.152,-0.546,-0.233,1.78,-6.26,-82.94,0.659,3.541,3.541,100.0,614,0,5523
1210063,1,1,7,1.97,26.03077316,119.19287109,38.3,26.03077316,119.19287872,38.41,-23.992,22.472,18.806,0.151,-0.544,-0.231,1.79,-6.26,-82.93,0.659,3.709,3.709,100.0,614,0,5526
1210263,1,1,7,1.97,26.03077316,119.19287109,38.3,26.03077126,119.19287872,38.36,-23.962,22.364,18.76,0.151,-0.541,-0.229,1.78,-6.27,-82.92,0.659,3.885,3.885,100.0,614,0,5526
1210463,1,1,7,1.97,26.03077316,119.19287109,38.3,26.03077126,119.19287872,38.31,-23.932,22.256,18.714,0.15,-0.539,-0.227,1.79,-6.28,-82.9,0.659,4.068,4.068,100.0,614,0,5526
1210671,1,1,7,1.97,26.03077316,119.19287109,38.0,26.03077126,119.19287109,38.18,-24.094,22.274,18.582,0.105,-0.506,-0.24,1.79,-6.27,-82.9,0.623,3.383,3.383,100.0,615,0,5529
1210873,1,1,7,1.97,26.03077316,119.19287109,38.0,26.03076935,119.19287109,38.13,-24.073,22.172,18.534,0.105,-0.503,-0.238,1.79,-6.27,-82.91,0.623,3.543,3.543,100.0,615,0,5532
1211073,1,1,7,1.97,26.03077316,119.19287109,38.0,26.03076935,119.19287109,38.09,-24.052,22.072,18.487,0.105,-0.501,-0.236,1.79,-6.27,-82.91,0.623,3.711,3.711,100.0,615,0,5535
1211273,1,1,7,1.97,26.03077316,119.19287109,38.0,26.03076744,119.19287872,38.04,-24.031,21.972,18.44,0.104,-0.498,-0.234,1.79,-6.27,-82.92,0.623,3.887,3.887,100.0,615,0,5535
1211473,1,1,7,1.97,26.03077316,119.19287109,38.0,26.03076744,119.19287872,37.99,-24.01,21.872,18.393,0.104,-0.496,-0.233,1.79,-6.28,-82.91,0.623,4.071,4.071,100.0,615,0,5535
1211685,1,1,7,1.97,26.03076935,119.19287109,37.7,26.03076744,119.19287109,37.86,-24.148,21.875,18.265,0.067,-0.469,-0.245,1.8,-6.27,-82.91,0.516,3.393,3.393,100.0,616,0,5538
1211893,1,1,7,1.97,26.03076935,119.19287109,37.7,26.03076744,119.19287109,37.81,-24.134,21.778,18.214,0.067,-0.466,-0.243,1.8,-6.27,-82.93,0.516,3.56,3.56,100.0,616,0,5541
1212093,1,1,7,1.97,26.03076935,119.19287109,37.7,26.03076553,119.19287109,37.77,-24.12,21.685,18.165,0.067,-0.464,-0.241,1.8,-6.27,-82.92,0.516,3.729,3.729,100.0,616,0,5544
1212293,1,1,7,1.97,26.03076935,119.19287109,37.7,26.03076553,119.19287109,37.72,-24.107,21.593,18.117,0.067,-0.461,-0.24,1.8,-6.26,-82.92,0.516,3.906,3.906,100.0,616,0,5544
1212493,1,1,7,1.97,26.03076935,119.19287109,37.7,26.03076363,119.19287109,37.67,-24.094,21.501,18.07,0.066,-0.459,-0.237,1.81,-6.27,-82.9,0.516,4.09,4.09,100.0,616,0,5544
1212703,1,1,8,1.97,26.0307579,119.19290161,37.4,26.03076172,119.19288635,37.55,-23.06,21.168,17.947,0.295,-0.509,-0.249,1.79,-6.25,-82.92,2.788,3.408,3.408,99.8,617,0,5548
1212903,1,1,8,1.97,26.0307579,119.19290161,37.4,26.03075981,119.19288635,37.5,-23.001,21.067,17.897,0.294,-0.507,-0.247,1.79,-6.25,-82.91,2.788,3.569,3.569,99.8,617,0,5551
1213103,1,1,8,1.97,26.0307579,119.19290161,37.4,26.03075981,119.19288635,37.45,-22.942,20.966,17.847,0.293,-0.504,-0.246,1.79,-6.26,-82.94,2.788,3.739,3.739,99.8,617,0,5553
1213303,1,1,8,1.97,26.0307579,119.19290161,37.4,26.0307579,119.19288635,37.4,-22.884,20.865,17.799,0.292,-0.502,-0.244,1.8,-6.27,-82.93,2.788,3.916,3.916,99.8,617,0,5553
1213503,1,1,8,1.97,26.0307579,119.19290161,37.4,26.0307579,119.19288635,37.35,-22.825,20.765,17.75,0.29,-0.5,-0.242,1.79,-6.27,-82.94,2.788,4.101,4.101,99.8,617,0,5553
1213708,1,1,8,1.97,26.03075409,119.19290161,37.2,26.030756,119.19289398,37.26,-22.232,20.543,17.664,0.409,-0.524,-0.247,1.78,-6.27,-82.95,1.455,3.413,3.413,100.2,618,0,5557
1213914,1,1,8,1.97,26.03075409,119.19290161,37.2,26.03075409,119.19289398,37.21,-22.148,20.436,17.613,0.407,-0.521,-0.245,1.8,-6.27,-82.95,1.455,3.579,3.579,100.2,618,0,5560
1214123,1,1,8,1.97,26.03075409,119.19290161,37.2,26.03075409,119.19289398,37.16,-22.063,20.327,17.562,0.405,-0.518,-0.242,1.81,-6.27,-82.93,1.455,3.757,3.757,100.2,618,0,5562
