t_ms,initialized,gps_fix,satellites,hdop,gps_lat,gps_lon,gps_alt_m,est_lat,est_lon,est_alt_m,e_m,n_m,u_m,ve_mps,vn_mps,vu_mps,roll_deg,pitch_deg,yaw_deg,innov_xy_m,sigma_e_m,sigma_n_m,imu_hz,gps_updates,gps_rejects,nmea_count
115463,0,0,0,99.0,0.0,0.0,0.0,0.0,0.0,0.0,0.0,0.0,0.0,0.0,0.0,0.0,20.06,0.16,-8.89,0.0,0.0,0.0,0.0,0,0,0
115663,0,0,0,99.0,0.0,0.0,0.0,0.0,0.0,0.0,0.0,0.0,0.0,0.0,0.0,0.0,20.06,0.19,-8.84,0.0,0.0,0.0,0.0,0,0,0
115863,0,0,0,99.0,0.0,0.0,0.0,0.0,0.0,0.0,0.0,0.0,0.0,0.0,0.0,0.0,19.96,0.2,-8.85,0.0,0.0,0.0,0.0,0,0,0
116063,0,0,0,99.99,0.0,0.0,0.0,0.0,0.0,0.0,0.0,0.0,0.0,0.0,0.0,0.0,19.94,0.21,-8.82,0.0,0.0,0.0,0.0,0,0,5
116263,0,0,0,99.99,0.0,0.0,0.0,0.0,0.0,0.0,0.0,0.0,0.0,0.0,0.0,0.0,19.95,0.21,-8.79,0.0,0.0,0.0,101.0,0,0,6
116463,0,0,0,99.99,0.0,0.0,0.0,0.0,0.0,0.0,0.0,0.0,0.0,0.0,0.0,0.0,19.9,0.23,-8.78,0.0,0.0,0.0,101.0,0,0,6
116663,0,0,0,99.99,0.0,0.0,0.0,0.0,0.0,0.0,0.0,0.0,0.0,0.0,0.0,0.0,19.92,0.23,-8.74,0.0,0.0,0.0,101.0,0,0,6
116863,0,0,0,99.99,0.0,0.0,0.0,0.0,0.0,0.0,0.0,0.0,0.0,0.0,0.0,0.0,19.95,0.24,-8.69,0.0,0.0,0.0,101.0,0,0,6
117063,0,0,0,99.99,0.0,0.0,0.0,0.0,0.0,0.0,0.0,0.0,0.0,0.0,0.0,0.0,19.92,0.24,-8.67,0.0,0.0,0.0,101.0,0,0,11
117263,0,0,0,99.99,0.0,0.0,0.0,0.0,0.0,0.0,0.0,0.0,0.0,0.0,0.0,0.0,19.9,0.24,-8.64,0.0,0.0,0.0,100.0,0,0,12
117463,0,0,0,99.99,0.0,0.0,0.0,0.0,0.0,0.0,0.0,0.0,0.0,0.0,0.0,0.0,19.93,0.25,-8.6,0.0,0.0,0.0,100.0,0,0,12
117663,0,0,0,99.99,0.0,0.0,0.0,0.0,0.0,0.0,0.0,0.0,0.0,0.0,0.0,0.0,19.97,0.26,-8.55,0.0,0.0,0.0,100.0,0,0,12
117863,0,0,0,99.99,0.0,0.0,0.0,0.0,0.0,0.0,0.0,0.0,0.0,0.0,0.0,0.0,19.92,0.25,-8.53,0.0,0.0,0.0,100.0,0,0,12
118063,0,0,0,99.99,0.0,0.0,0.0,0.0,0.0,0.0,0.0,0.0,0.0,0.0,0.0,0.0,19.89,0.24,-8.5,0.0,0.0,0.0,100.0,0,0,17
118263,0,0,0,99.99,0.0,0.0,0.0,0.0,0.0,0.0,0.0,0.0,0.0,0.0,0.0,0.0,19.86,0.22,-8.5,0.0,0.0,0.0,100.0,0,0,18
118463,0,0,0,99.99,0.0,0.0,0.0,0.0,0.0,0.0,0.0,0.0,0.0,0.0,0.0,0.0,19.9,0.24,-8.45,0.0,0.0,0.0,100.0,0,0,18
118663,0,0,0,99.99,0.0,0.0,0.0,0.0,0.0,0.0,0.0,0.0,0.0,0.0,0.0,0.0,19.89,0.23,-8.43,0.0,0.0,0.0,100.0,0,0,18
118863,0,0,0,99.99,0.0,0.0,0.0,0.0,0.0,0.0,0.0,0.0,0.0,0.0,0.0,0.0,19.87,0.23,-8.42,0.0,0.0,0.0,100.0,0,0,18
119063,0,0,0,99.99,0.0,0.0,0.0,0.0,0.0,0.0,0.0,0.0,0.0,0.0,0.0,0.0,19.81,0.24,-8.43,0.0,0.0,0.0,100.0,0,0,23
119263,0,0,0,99.99,0.0,0.0,0.0,0.0,0.0,0.0,0.0,0.0,0.0,0.0,0.0,0.0,19.8,0.24,-8.42,0.0,0.0,0.0,100.0,0,0,24
119463,0,0,0,99.99,0.0,0.0,0.0,0.0,0.0,0.0,0.0,0.0,0.0,0.0,0.0,0.0,19.81,0.24,-8.4,0.0,0.0,0.0,100.0,0,0,24
119663,0,0,0,99.99,0.0,0.0,0.0,0.0,0.0,0.0,0.0,0.0,0.0,0.0,0.0,0.0,19.79,0.25,-8.39,0.0,0.0,0.0,100.0,0,0,24
119863,0,0,0,99.99,0.0,0.0,0.0,0.0,0.0,0.0,0.0,0.0,0.0,0.0,0.0,0.0,19.76,0.25,-8.4,0.0,0.0,0.0,100.0,0,0,24
120063,0,0,0,99.99,0.0,0.0,0.0,0.0,0.0,0.0,0.0,0.0,0.0,0.0,0.0,0.0,19.85,0.24,-8.34,0.0,0.0,0.0,100.0,0,0,29
120263,0,0,0,99.99,0.0,0.0,0.0,0.0,0.0,0.0,0.0,0.0,0.0,0.0,0.0,0.0,19.83,0.25,-8.33,0.0,0.0,0.0,100.0,0,0,30
120464,0,0,0,99.99,0.0,0.0,0.0,0.0,0.0,0.0,0.0,0.0,0.0,0.0,0.0,0.0,19.76,0.24,-8.34,0.0,0.0,0.0,100.0,0,0,30
120673,0,0,0,99.99,0.0,0.0,0.0,0.0,0.0,0.0,0.0,0.0,0.0,0.0,0.0,0.0,19.78,0.25,-8.32,0.0,0.0,0.0,100.0,0,0,30
120873,0,0,0,99.99,0.0,0.0,0.0,0.0,0.0,0.0,0.0,0.0,0.0,0.0,0.0,0.0,19.76,0.23,-8.32,0.0,0.0,0.0,100.0,0,0,30
121073,0,0,0,99.99,0.0,0.0,0.0,0.0,0.0,0.0,0.0,0.0,0.0,0.0,0.0,0.0,19.72,0.23,-8.34,0.0,0.0,0.0,100.0,0,0,36
121273,0,0,0,99.99,0.0,0.0,0.0,0.0,0.0,0.0,0.0,0.0,0.0,0.0,0.0,0.0,19.7,0.22,-8.34,0.0,0.0,0.0,100.0,0,0,36
121473,0,0,0,99.99,0.0,0.0,0.0,0.0,0.0,0.0,0.0,0.0,0.0,0.0,0.0,0.0,19.74,0.21,-8.31,0.0,0.0,0.0,100.0,0,0,36
121673,0,0,0,99.99,0.0,0.0,0.0,0.0,0.0,0.0,0.0,0.0,0.0,0.0,0.0,0.0,19.75,0.21,-8.3,0.0,0.0,0.0,100.0,0,0,36
121873,0,0,0,99.99,0.0,0.0,0.0,0.0,0.0,0.0,0.0,0.0,0.0,0.0,0.0,0.0,19.72,0.22,-8.3,0.0,0.0,0.0,100.0,0,0,36
122073,0,0,0,99.99,0.0,0.0,0.0,0.0,0.0,0.0,0.0,0.0,0.0,0.0,0.0,0.0,19.75,0.23,-8.27,0.0,0.0,0.0,100.0,0,0,42
122273,0,0,0,99.99,0.0,0.0,0.0,0.0,0.0,0.0,0.0,0.0,0.0,0.0,0.0,0.0,19.78,0.23,-8.25,0.0,0.0,0.0,100.0,0,0,42
122473,0,0,0,99.99,0.0,0.0,0.0,0.0,0.0,0.0,0.0,0.0,0.0,0.0,0.0,0.0,19.8,0.23,-8.22,0.0,0.0,0.0,100.0,0,0,42
122673,0,0,0,99.99,0.0,0.0,0.0,0.0,0.0,0.0,0.0,0.0,0.0,0.0,0.0,0.0,19.78,0.24,-8.21,0.0,0.0,0.0,100.0,0,0,42
122874,0,0,0,99.99,0.0,0.0,0.0,0.0,0.0,0.0,0.0,0.0,0.0,0.0,0.0,0.0,19.75,0.23,-8.22,0.0,0.0,0.0,100.0,0,0,42
123085,0,0,0,99.99,0.0,0.0,0.0,0.0,0.0,0.0,0.0,0.0,0.0,0.0,0.0,0.0,19.77,0.23,-8.2,0.0,0.0,0.0,100.0,0,0,48
123293,0,0,0,99.99,0.0,0.0,0.0,0.0,0.0,0.0,0.0,0.0,0.0,0.0,0.0,0.0,19.78,0.22,-8.18,0.0,0.0,0.0,100.0,0,0,48
123493,0,0,0,99.99,0.0,0.0,0.0,0.0,0.0,0.0,0.0,0.0,0.0,0.0,0.0,0.0,19.81,0.23,-8.15,0.0,0.0,0.0,100.0,0,0,48
123693,0,0,0,99.99,0.0,0.0,0.0,0.0,0.0,0.0,0.0,0.0,0.0,0.0,0.0,0.0,19.79,0.23,-8.15,0.0,0.0,0.0,100.0,0,0,48
123893,0,0,0,99.99,0.0,0.0,0.0,0.0,0.0,0.0,0.0,0.0,0.0,0.0,0.0,0.0,19.78,0.24,-8.14,0.0,0.0,0.0,100.0,0,0,48
124094,0,0,0,99.99,0.0,0.0,0.0,0.0,0.0,0.0,0.0,0.0,0.0,0.0,0.0,0.0,19.82,0.25,-8.1,0.0,0.0,0.0,100.0,0,0,54
124303,0,0,0,99.99,0.0,0.0,0.0,0.0,0.0,0.0,0.0,0.0,0.0,0.0,0.0,0.0,19.76,0.24,-8.11,0.0,0.0,0.0,99.9,0,0,54
124503,0,0,0,99.99,0.0,0.0,0.0,0.0,0.0,0.0,0.0,0.0,0.0,0.0,0.0,0.0,19.75,0.23,-8.1,0.0,0.0,0.0,99.9,0,0,54
124703,0,0,0,99.99,0.0,0.0,0.0,0.0,0.0,0.0,0.0,0.0,0.0,0.0,0.0,0.0,19.73,0.23,-8.1,0.0,0.0,0.0,99.9,0,0,54
124903,0,0,0,99.99,0.0,0.0,0.0,0.0,0.0,0.0,0.0,0.0,0.0,0.0,0.0,0.0,19.72,0.23,-8.09,0.0,0.0,0.0,99.9,0,0,54
125103,0,0,0,99.99,0.0,0.0,0.0,0.0,0.0,0.0,0.0,0.0,0.0,0.0,0.0,0.0,19.69,0.22,-8.11,0.0,0.0,0.0,99.9,0,0,60
125303,0,0,0,99.99,0.0,0.0,0.0,0.0,0.0,0.0,0.0,0.0,0.0,0.0,0.0,0.0,19.75,0.23,-8.06,0.0,0.0,0.0,100.1,0,0,60
125504,0,0,0,99.99,0.0,0.0,0.0,0.0,0.0,0.0,0.0,0.0,0.0,0.0,0.0,0.0,19.69,0.21,-8.09,0.0,0.0,0.0,100.1,0,0,60
125713,0,0,0,99.99,0.0,0.0,0.0,0.0,0.0,0.0,0.0,0.0,0.0,0.0,0.0,0.0,19.7,0.2,-8.08,0.0,0.0,0.0,100.1,0,0,60
125914,0,0,0,99.99,0.0,0.0,0.0,0.0,0.0,0.0,0.0,0.0,0.0,0.0,0.0,0.0,19.75,0.21,-8.05,0.0,0.0,0.0,100.1,0,0,60
126123,0,0,0,99.99,0.0,0.0,0.0,0.0,0.0,0.0,0.0,0.0,0.0,0.0,0.0,0.0,19.81,0.22,-8.01,0.0,0.0,0.0,100.1,0,0,66
126323,0,0,0,99.99,0.0,0.0,0.0,0.0,0.0,0.0,0.0,0.0,0.0,0.0,0.0,0.0,19.86,0.22,-7.97,0.0,0.0,0.0,100.0,0,0,66
126523,0,0,0,99.99,0.0,0.0,0.0,0.0,0.0,0.0,0.0,0.0,0.0,0.0,0.0,0.0,19.87,0.24,-7.94,0.0,0.0,0.0,100.0,0,0,66
126723,0,0,0,99.99,0.0,0.0,0.0,0.0,0.0,0.0,0.0,0.0,0.0,0.0,0.0,0.0,19.87,0.25,-7.93,0.0,0.0,0.0,100.0,0,0,66
126924,0,0,0,99.99,0.0,0.0,0.0,0.0,0.0,0.0,0.0,0.0,0.0,0.0,0.0,0.0,19.82,0.24,-7.93,0.0,0.0,0.0,100.0,0,0,66
127133,0,0,0,99.99,0.0,0.0,0.0,0.0,0.0,0.0,0.0,0.0,0.0,0.0,0.0,0.0,19.78,0.22,-7.93,0.0,0.0,0.0,100.0,0,0,72
127333,0,0,0,99.99,0.0,0.0,0.0,0.0,0.0,0.0,0.0,0.0,0.0,0.0,0.0,0.0,19.85,0.21,-7.88,0.0,0.0,0.0,100.0,0,0,72
127533,0,0,0,99.99,0.0,0.0,0.0,0.0,0.0,0.0,0.0,0.0,0.0,0.0,0.0,0.0,19.8,0.19,-7.88,0.0,0.0,0.0,100.0,0,0,72
127733,0,0,0,99.99,0.0,0.0,0.0,0.0,0.0,0.0,0.0,0.0,0.0,0.0,0.0,0.0,19.76,0.18,-7.89,0.0,0.0,0.0,100.0,0,0,72
127933,0,0,0,99.99,0.0,0.0,0.0,0.0,0.0,0.0,0.0,0.0,0.0,0.0,0.0,0.0,19.77,0.18,-7.89,0.0,0.0,0.0,100.0,0,0,73
128133,0,0,0,99.99,0.0,0.0,0.0,0.0,0.0,0.0,0.0,0.0,0.0,0.0,0.0,0.0,19.76,0.18,-7.88,0.0,0.0,0.0,100.0,0,0,78
128333,0,0,0,99.99,0.0,0.0,0.0,0.0,0.0,0.0,0.0,0.0,0.0,0.0,0.0,0.0,19.79,0.2,-7.85,0.0,0.0,0.0,100.0,0,0,78
128533,0,0,0,99.99,0.0,0.0,0.0,0.0,0.0,0.0,0.0,0.0,0.0,0.0,0.0,0.0,19.76,0.19,-7.86,0.0,0.0,0.0,100.0,0,0,78
128733,0,0,0,99.99,0.0,0.0,0.0,0.0,0.0,0.0,0.0,0.0,0.0,0.0,0.0,0.0,19.73,0.2,-7.86,0.0,0.0,0.0,100.0,0,0,78
128933,0,0,0,99.99,0.0,0.0,0.0,0.0,0.0,0.0,0.0,0.0,0.0,0.0,0.0,0.0,19.76,0.22,-7.84,0.0,0.0,0.0,100.0,0,0,79
129133,0,0,0,99.99,0.0,0.0,0.0,0.0,0.0,0.0,0.0,0.0,0.0,0.0,0.0,0.0,19.83,0.23,-7.79,0.0,0.0,0.0,100.0,0,0,84
129333,0,0,0,99.99,0.0,0.0,0.0,0.0,0.0,0.0,0.0,0.0,0.0,0.0,0.0,0.0,19.84,0.21,-7.76,0.0,0.0,0.0,100.0,0,0,84
129533,0,0,0,99.99,0.0,0.0,0.0,0.0,0.0,0.0,0.0,0.0,0.0,0.0,0.0,0.0,19.77,0.21,-7.79,0.0,0.0,0.0,100.0,0,0,84
129733,0,0,0,99.99,0.0,0.0,0.0,0.0,0.0,0.0,0.0,0.0,0.0,0.0,0.0,0.0,19.8,0.21,-7.76,0.0,0.0,0.0,100.0,0,0,84
129933,0,0,0,99.99,0.0,0.0,0.0,0.0,0.0,0.0,0.0,0.0,0.0,0.0,0.0,0.0,19.85,0.22,-7.72,0.0,0.0,0.0,100.0,0,0,85
130133,0,0,0,99.99,0.0,0.0,0.0,0.0,0.0,0.0,0.0,0.0,0.0,0.0,0.0,0.0,19.82,0.21,-7.71,0.0,0.0,0.0,100.0,0,0,90
130333,0,0,0,99.99,0.0,0.0,0.0,0.0,0.0,0.0,0.0,0.0,0.0,0.0,0.0,0.0,19.81,0.22,-7.7,0.0,0.0,0.0,99.9,0,0,90
130533,0,0,0,99.99,0.0,0.0,0.0,0.0,0.0,0.0,0.0,0.0,0.0,0.0,0.0,0.0,19.78,0.2,-7.72,0.0,0.0,0.0,99.9,0,0,90
130733,0,0,0,99.99,0.0,0.0,0.0,0.0,0.0,0.0,0.0,0.0,0.0,0.0,0.0,0.0,19.8,0.2,-7.7,0.0,0.0,0.0,99.9,0,0,90
130933,0,0,0,99.99,0.0,0.0,0.0,0.0,0.0,0.0,0.0,0.0,0.0,0.0,0.0,0.0,19.82,0.2,-7.67,0.0,0.0,0.0,99.9,0,0,91
131133,0,0,0,99.99,0.0,0.0,0.0,0.0,0.0,0.0,0.0,0.0,0.0,0.0,0.0,0.0,19.81,0.2,-7.67,0.0,0.0,0.0,99.9,0,0,96
131333,0,0,0,99.99,0.0,0.0,0.0,0.0,0.0,0.0,0.0,0.0,0.0,0.0,0.0,0.0,19.8,0.2,-7.66,0.0,0.0,0.0,100.1,0,0,96
131533,0,0,0,99.99,0.0,0.0,0.0,0.0,0.0,0.0,0.0,0.0,0.0,0.0,0.0,0.0,19.82,0.2,-7.64,0.0,0.0,0.0,100.1,0,0,96
131733,0,0,0,99.99,0.0,0.0,0.0,0.0,0.0,0.0,0.0,0.0,0.0,0.0,0.0,0.0,19.82,0.21,-7.62,0.0,0.0,0.0,100.1,0,0,96
131933,0,0,0,99.99,0.0,0.0,0.0,0.0,0.0,0.0,0.0,0.0,0.0,0.0,0.0,0.0,19.79,0.22,-7.62,0.0,0.0,0.0,100.1,0,0,97
132133,0,0,0,99.99,0.0,0.0,0.0,0.0,0.0,0.0,0.0,0.0,0.0,0.0,0.0,0.0,19.76,0.22,-7.64,0.0,0.0,0.0,100.1,0,0,102
132333,0,0,0,99.99,0.0,0.0,0.0,0.0,0.0,0.0,0.0,0.0,0.0,0.0,0.0,0.0,19.75,0.23,-7.64,0.0,0.0,0.0,100.0,0,0,102
132533,0,0,0,99.99,0.0,0.0,0.0,0.0,0.0,0.0,0.0,0.0,0.0,0.0,0.0,0.0,19.67,0.2,-7.68,0.0,0.0,0.0,100.0,0,0,102
132733,0,0,0,99.99,0.0,0.0,0.0,0.0,0.0,0.0,0.0,0.0,0.0,0.0,0.0,0.0,19.71,0.21,-7.66,0.0,0.0,0.0,100.0,0,0,102
132933,0,0,0,99.99,0.0,0.0,0.0,0.0,0.0,0.0,0.0,0.0,0.0,0.0,0.0,0.0,19.77,0.2,-7.63,0.0,0.0,0.0,100.0,0,0,103
133133,0,0,0,99.99,0.0,0.0,0.0,0.0,0.0,0.0,0.0,0.0,0.0,0.0,0.0,0.0,19.72,0.2,-7.65,0.0,0.0,0.0,100.0,0,0,108
133333,0,0,0,99.99,0.0,0.0,0.0,0.0,0.0,0.0,0.0,0.0,0.0,0.0,0.0,0.0,19.77,0.2,-7.62,0.0,0.0,0.0,100.0,0,0,108
133533,0,0,0,99.99,0.0,0.0,0.0,0.0,0.0,0.0,0.0,0.0,0.0,0.0,0.0,0.0,19.78,0.2,-7.6,0.0,0.0,0.0,100.0,0,0,108
133733,0,0,0,99.99,0.0,0.0,0.0,0.0,0.0,0.0,0.0,0.0,0.0,0.0,0.0,0.0,19.82,0.22,-7.56,0.0,0.0,0.0,100.0,0,0,108
133934,0,0,0,99.99,0.0,0.0,0.0,0.0,0.0,0.0,0.0,0.0,0.0,0.0,0.0,0.0,19.82,0.24,-7.55,0.0,0.0,0.0,100.0,0,0,109
134143,0,0,0,99.99,0.0,0.0,0.0,0.0,0.0,0.0,0.0,0.0,0.0,0.0,0.0,0.0,19.76,0.22,-7.56,0.0,0.0,0.0,100.0,0,0,114
134343,0,0,0,99.99,0.0,0.0,0.0,0.0,0.0,0.0,0.0,0.0,0.0,0.0,0.0,0.0,19.77,0.21,-7.56,0.0,0.0,0.0,100.0,0,0,114
134543,0,0,0,99.99,0.0,0.0,0.0,0.0,0.0,0.0,0.0,0.0,0.0,0.0,0.0,0.0,19.7,0.19,-7.59,0.0,0.0,0.0,100.0,0,0,114
134743,0,0,0,99.99,0.0,0.0,0.0,0.0,0.0,0.0,0.0,0.0,0.0,0.0,0.0,0.0,19.66,0.2,-7.62,0.0,0.0,0.0,100.0,0,0,114
134943,0,0,0,99.99,0.0,0.0,0.0,0.0,0.0,0.0,0.0,0.0,0.0,0.0,0.0,0.0,19.67,0.2,-7.62,0.0,0.0,0.0,100.0,0,0,115
135143,0,0,0,99.99,0.0,0.0,0.0,0.0,0.0,0.0,0.0,0.0,0.0,0.0,0.0,0.0,19.62,0.2,-7.66,0.0,0.0,0.0,100.0,0,0,120
135343,0,0,0,99.99,0.0,0.0,0.0,0.0,0.0,0.0,0.0,0.0,0.0,0.0,0.0,0.0,19.66,0.2,-7.66,0.0,0.0,0.0,100.0,0,0,120
135543,0,0,0,99.99,0.0,0.0,0.0,0.0,0.0,0.0,0.0,0.0,0.0,0.0,0.0,0.0,19.64,0.19,-7.68,0.0,0.0,0.0,100.0,0,0,120
135743,0,0,0,99.99,0.0,0.0,0.0,0.0,0.0,0.0,0.0,0.0,0.0,0.0,0.0,0.0,19.62,0.19,-7.7,0.0,0.0,0.0,100.0,0,0,120
135943,0,0,0,99.99,0.0,0.0,0.0,0.0,0.0,0.0,0.0,0.0,0.0,0.0,0.0,0.0,19.62,0.2,-7.71,0.0,0.0,0.0,100.0,0,0,121
136143,0,0,0,99.99,0.0,0.0,0.0,0.0,0.0,0.0,0.0,0.0,0.0,0.0,0.0,0.0,19.59,0.2,-7.75,0.0,0.0,0.0,100.0,0,0,126
136343,0,0,0,99.99,0.0,0.0,0.0,0.0,0.0,0.0,0.0,0.0,0.0,0.0,0.0,0.0,19.62,0.2,-7.75,0.0,0.0,0.0,100.0,0,0,126
136543,0,0,0,99.99,0.0,0.0,0.0,0.0,0.0,0.0,0.0,0.0,0.0,0.0,0.0,0.0,19.66,0.21,-7.75,0.0,0.0,0.0,100.0,0,0,126
136743,0,0,0,99.99,0.0,0.0,0.0,0.0,0.0,0.0,0.0,0.0,0.0,0.0,0.0,0.0,19.72,0.22,-7.71,0.0,0.0,0.0,100.0,0,0,126
136943,0,0,0,99.99,0.0,0.0,0.0,0.0,0.0,0.0,0.0,0.0,0.0,0.0,0.0,0.0,19.69,0.2,-7.73,0.0,0.0,0.0,100.0,0,0,127
137143,0,0,0,99.99,0.0,0.0,0.0,0.0,0.0,0.0,0.0,0.0,0.0,0.0,0.0,0.0,19.7,0.21,-7.73,0.0,0.0,0.0,100.0,0,0,132
137343,0,0,0,99.99,0.0,0.0,0.0,0.0,0.0,0.0,0.0,0.0,0.0,0.0,0.0,0.0,19.71,0.2,-7.72,0.0,0.0,0.0,100.0,0,0,132
137543,0,0,0,99.99,0.0,0.0,0.0,0.0,0.0,0.0,0.0,0.0,0.0,0.0,0.0,0.0,19.66,0.13,-7.77,0.0,0.0,0.0,100.0,0,0,132
137743,0,0,0,99.99,0.0,0.0,0.0,0.0,0.0,0.0,0.0,0.0,0.0,0.0,0.0,0.0,19.71,0.06,-7.8,0.0,0.0,0.0,100.0,0,0,132
137943,0,0,0,99.99,0.0,0.0,0.0,0.0,0.0,0.0,0.0,0.0,0.0,0.0,0.0,0.0,19.67,0.06,-7.82,0.0,0.0,0.0,100.0,0,0,133
138143,0,0,0,99.99,0.0,0.0,0.0,0.0,0.0,0.0,0.0,0.0,0.0,0.0,0.0,0.0,19.63,0.05,-7.85,0.0,0.0,0.0,100.0,0,0,138
138343,0,0,0,99.99,0.0,0.0,0.0,0.0,0.0,0.0,0.0,0.0,0.0,0.0,0.0,0.0,19.63,0.07,-7.86,0.0,0.0,0.0,100.0,0,0,138
138543,0,0,0,99.99,0.0,0.0,0.0,0.0,0.0,0.0,0.0,0.0,0.0,0.0,0.0,0.0,19.6,0.08,-7.89,0.0,0.0,0.0,100.0,0,0,138
138743,0,0,0,99.99,0.0,0.0,0.0,0.0,0.0,0.0,0.0,0.0,0.0,0.0,0.0,0.0,19.59,0.08,-7.91,0.0,0.0,0.0,100.0,0,0,138
138943,0,0,0,99.99,0.0,0.0,0.0,0.0,0.0,0.0,0.0,0.0,0.0,0.0,0.0,0.0,19.59,0.07,-7.94,0.0,0.0,0.0,100.0,0,0,139
139143,0,0,0,99.99,0.0,0.0,0.0,0.0,0.0,0.0,0.0,0.0,0.0,0.0,0.0,0.0,19.51,0.07,-8.0,0.0,0.0,0.0,100.0,0,0,144
139343,0,0,0,99.99,0.0,0.0,0.0,0.0,0.0,0.0,0.0,0.0,0.0,0.0,0.0,0.0,19.49,0.07,-8.05,0.0,0.0,0.0,100.0,0,0,144
139543,0,0,0,99.99,0.0,0.0,0.0,0.0,0.0,0.0,0.0,0.0,0.0,0.0,0.0,0.0,19.58,0.07,-8.02,0.0,0.0,0.0,100.0,0,0,144
139743,0,0,0,99.99,0.0,0.0,0.0,0.0,0.0,0.0,0.0,0.0,0.0,0.0,0.0,0.0,19.58,0.08,-8.04,0.0,0.0,0.0,100.0,0,0,144
139943,0,0,0,99.99,0.0,0.0,0.0,0.0,0.0,0.0,0.0,0.0,0.0,0.0,0.0,0.0,19.61,0.08,-8.05,0.0,0.0,0.0,100.0,0,0,145
140143,0,0,0,99.99,0.0,0.0,0.0,0.0,0.0,0.0,0.0,0.0,0.0,0.0,0.0,0.0,19.65,0.08,-8.05,0.0,0.0,0.0,100.0,0,0,150
140343,0,0,0,99.99,0.0,0.0,0.0,0.0,0.0,0.0,0.0,0.0,0.0,0.0,0.0,0.0,19.55,0.08,-8.11,0.0,0.0,0.0,100.0,0,0,150
140543,0,0,0,99.99,0.0,0.0,0.0,0.0,0.0,0.0,0.0,0.0,0.0,0.0,0.0,0.0,19.83,-0.34,-8.16,0.0,0.0,0.0,100.0,0,0,150
140743,0,0,0,99.99,0.0,0.0,0.0,0.0,0.0,0.0,0.0,0.0,0.0,0.0,0.0,0.0,19.27,-0.34,-7.88,0.0,0.0,0.0,100.0,0,0,150
140943,0,0,0,99.99,0.0,0.0,0.0,0.0,0.0,0.0,0.0,0.0,0.0,0.0,0.0,0.0,18.86,-0.13,-8.25,0.0,0.0,0.0,100.0,0,0,151
141143,0,0,0,99.99,0.0,0.0,0.0,0.0,0.0,0.0,0.0,0.0,0.0,0.0,0.0,0.0,13.14,-1.77,-11.88,0.0,0.0,0.0,100.0,0,0,156
141343,0,0,0,99.99,0.0,0.0,0.0,0.0,0.0,0.0,0.0,0.0,0.0,0.0,0.0,0.0,-7.22,10.6,-15.52,0.0,0.0,0.0,99.9,0,0,156
141543,0,0,0,99.99,0.0,0.0,0.0,0.0,0.0,0.0,0.0,0.0,0.0,0.0,0.0,0.0,-21.58,13.47,-21.9,0.0,0.0,0.0,99.9,0,0,156
141744,0,0,0,99.99,0.0,0.0,0.0,0.0,0.0,0.0,0.0,0.0,0.0,0.0,0.0,0.0,-22.06,14.08,-24.16,0.0,0.0,0.0,99.9,0,0,156
141954,0,0,0,99.99,0.0,0.0,0.0,0.0,0.0,0.0,0.0,0.0,0.0,0.0,0.0,0.0,-1.16,4.12,-24.29,0.0,0.0,0.0,99.9,0,0,158
142163,0,0,0,99.99,0.0,0.0,0.0,0.0,0.0,0.0,0.0,0.0,0.0,0.0,0.0,0.0,15.59,-0.79,-21.44,0.0,0.0,0.0,99.9,0,0,162
142363,0,0,0,99.99,0.0,0.0,0.0,0.0,0.0,0.0,0.0,0.0,0.0,0.0,0.0,0.0,20.53,1.58,-16.12,0.0,0.0,0.0,100.1,0,0,162
142563,0,0,0,99.99,0.0,0.0,0.0,0.0,0.0,0.0,0.0,0.0,0.0,0.0,0.0,0.0,19.43,0.73,-9.44,0.0,0.0,0.0,100.1,0,0,162
142763,0,0,0,99.99,0.0,0.0,0.0,0.0,0.0,0.0,0.0,0.0,0.0,0.0,0.0,0.0,17.13,-3.96,0.9,0.0,0.0,0.0,100.1,0,0,162
142963,0,0,0,99.99,0.0,0.0,0.0,0.0,0.0,0.0,0.0,0.0,0.0,0.0,0.0,0.0,15.97,-11.0,13.84,0.0,0.0,0.0,100.1,0,0,164
143163,0,0,0,99.99,0.0,0.0,0.0,0.0,0.0,0.0,0.0,0.0,0.0,0.0,0.0,0.0,14.37,-17.16,30.5,0.0,0.0,0.0,100.1,0,0,168
143363,0,0,0,99.99,0.0,0.0,0.0,0.0,0.0,0.0,0.0,0.0,0.0,0.0,0.0,0.0,12.43,-23.06,45.61,0.0,0.0,0.0,100.0,0,0,168
143563,0,0,0,99.99,0.0,0.0,0.0,0.0,0.0,0.0,0.0,0.0,0.0,0.0,0.0,0.0,9.41,-25.92,58.12,0.0,0.0,0.0,100.0,0,0,168
143763,0,0,0,99.99,0.0,0.0,0.0,0.0,0.0,0.0,0.0,0.0,0.0,0.0,0.0,0.0,5.73,-26.07,69.37,0.0,0.0,0.0,100.0,0,0,168
143963,0,0,0,99.99,0.0,0.0,0.0,0.0,0.0,0.0,0.0,0.0,0.0,0.0,0.0,0.0,-4.15,-19.66,76.59,0.0,0.0,0.0,100.0,0,0,170
144163,0,0,0,99.99,0.0,0.0,0.0,0.0,0.0,0.0,0.0,0.0,0.0,0.0,0.0,0.0,-11.99,-13.28,79.54,0.0,0.0,0.0,100.0,0,0,174
144363,0,0,0,99.99,0.0,0.0,0.0,0.0,0.0,0.0,0.0,0.0,0.0,0.0,0.0,0.0,-17.05,-9.85,80.7,0.0,0.0,0.0,100.0,0,0,174
144563,0,0,0,99.99,0.0,0.0,0.0,0.0,0.0,0.0,0.0,0.0,0.0,0.0,0.0,0.0,-11.47,-6.06,80.09,0.0,0.0,0.0,100.0,0,0,174
144763,0,0,0,99.99,0.0,0.0,0.0,0.0,0.0,0.0,0.0,0.0,0.0,0.0,0.0,0.0,7.34,4.23,82.91,0.0,0.0,0.0,100.0,0,0,174
144963,0,0,0,99.99,0.0,0.0,0.0,0.0,0.0,0.0,0.0,0.0,0.0,0.0,0.0,0.0,24.48,23.64,94.32,0.0,0.0,0.0,100.0,0,0,176
145163,0,0,0,99.99,0.0,0.0,0.0,0.0,0.0,0.0,0.0,0.0,0.0,0.0,0.0,0.0,40.71,34.69,101.69,0.0,0.0,0.0,100.0,0,0,180
145363,0,0,0,99.99,0.0,0.0,0.0,0.0,0.0,0.0,0.0,0.0,0.0,0.0,0.0,0.0,50.91,38.02,104.01,0.0,0.0,0.0,100.0,0,0,180
145563,0,0,0,99.99,0.0,0.0,0.0,0.0,0.0,0.0,0.0,0.0,0.0,0.0,0.0,0.0,51.45,32.88,93.21,0.0,0.0,0.0,100.0,0,0,180
145763,0,0,0,99.99,0.0,0.0,0.0,0.0,0.0,0.0,0.0,0.0,0.0,0.0,0.0,0.0,48.03,13.94,67.59,0.0,0.0,0.0,100.0,0,0,180
145963,0,0,0,99.99,0.0,0.0,0.0,0.0,0.0,0.0,0.0,0.0,0.0,0.0,0.0,0.0,43.95,4.67,57.35,0.0,0.0,0.0,100.0,0,0,182
146163,0,0,0,99.99,0.0,0.0,0.0,0.0,0.0,0.0,0.0,0.0,0.0,0.0,0.0,0.0,37.71,4.72,56.11,0.0,0.0,0.0,100.0,0,0,186
146363,0,0,0,99.99,0.0,0.0,0.0,0.0,0.0,0.0,0.0,0.0,0.0,0.0,0.0,0.0,31.7,6.58,57.59,0.0,0.0,0.0,100.0,0,0,186
146564,0,0,0,99.99,0.0,0.0,0.0,0.0,0.0,0.0,0.0,0.0,0.0,0.0,0.0,0.0,27.07,7.47,58.73,0.0,0.0,0.0,100.0,0,0,186
146773,0,0,0,99.99,0.0,0.0,0.0,0.0,0.0,0.0,0.0,0.0,0.0,0.0,0.0,0.0,23.92,8.58,59.81,0.0,0.0,0.0,100.0,0,0,186
146973,0,0,0,99.99,0.0,0.0,0.0,0.0,0.0,0.0,0.0,0.0,0.0,0.0,0.0,0.0,19.13,4.47,56.47,0.0,0.0,0.0,100.0,0,0,188
147173,0,0,0,99.99,0.0,0.0,0.0,0.0,0.0,0.0,0.0,0.0,0.0,0.0,0.0,0.0,15.98,1.3,56.36,0.0,0.0,0.0,100.0,0,0,192
147373,0,0,0,99.99,0.0,0.0,0.0,0.0,0.0,0.0,0.0,0.0,0.0,0.0,0.0,0.0,14.31,2.76,59.72,0.0,0.0,0.0,100.0,0,0,192
147573,0,0,0,99.99,0.0,0.0,0.0,0.0,0.0,0.0,0.0,0.0,0.0,0.0,0.0,0.0,12.74,8.37,64.13,0.0,0.0,0.0,100.0,0,0,192
147773,0,0,0,99.99,0.0,0.0,0.0,0.0,0.0,0.0,0.0,0.0,0.0,0.0,0.0,0.0,16.59,28.33,72.21,0.0,0.0,0.0,100.0,0,0,192
147974,0,0,0,99.99,0.0,0.0,0.0,0.0,0.0,0.0,0.0,0.0,0.0,0.0,0.0,0.0,29.83,38.77,77.22,0.0,0.0,0.0,100.0,0,0,194
148183,0,0,0,99.99,0.0,0.0,0.0,0.0,0.0,0.0,0.0,0.0,0.0,0.0,0.0,0.0,37.75,40.5,73.43,0.0,0.0,0.0,100.0,0,0,198
148383,0,0,0,99.99,0.0,0.0,0.0,0.0,0.0,0.0,0.0,0.0,0.0,0.0,0.0,0.0,42.6,39.12,65.42,0.0,0.0,0.0,100.0,0,0,198
148584,0,0,0,99.99,0.0,0.0,0.0,0.0,0.0,0.0,0.0,0.0,0.0,0.0,0.0,0.0,45.79,37.98,55.83,0.0,0.0,0.0,100.0,0,0,198
148793,0,0,0,99.99,0.0,0.0,0.0,0.0,0.0,0.0,0.0,0.0,0.0,0.0,0.0,0.0,46.85,37.1,44.98,0.0,0.0,0.0,100.0,0,0,198
148993,0,0,0,99.99,0.0,0.0,0.0,0.0,0.0,0.0,0.0,0.0,0.0,0.0,0.0,0.0,48.43,38.2,36.37,0.0,0.0,0.0,100.0,0,0,201
149193,0,0,0,99.99,0.0,0.0,0.0,0.0,0.0,0.0,0.0,0.0,0.0,0.0,0.0,0.0,48.4,39.14,27.02,0.0,0.0,0.0,100.0,0,0,204
149393,0,0,0,99.99,0.0,0.0,0.0,0.0,0.0,0.0,0.0,0.0,0.0,0.0,0.0,0.0,47.12,40.43,17.57,0.0,0.0,0.0,100.0,0,0,204
149593,0,0,0,99.99,0.0,0.0,0.0,0.0,0.0,0.0,0.0,0.0,0.0,0.0,0.0,0.0,45.11,41.44,8.47,0.0,0.0,0.0,100.0,0,0,204
149793,0,0,0,99.99,0.0,0.0,0.0,0.0,0.0,0.0,0.0,0.0,0.0,0.0,0.0,0.0,42.44,42.11,-0.24,0.0,0.0,0.0,100.0,0,0,204
149993,0,0,0,99.99,0.0,0.0,0.0,0.0,0.0,0.0,0.0,0.0,0.0,0.0,0.0,0.0,39.48,42.44,-8.23,0.0,0.0,0.0,100.0,0,0,207
150193,0,0,0,99.99,0.0,0.0,0.0,0.0,0.0,0.0,0.0,0.0,0.0,0.0,0.0,0.0,36.38,42.54,-15.44,0.0,0.0,0.0,100.0,0,0,210
150393,0,0,0,99.99,0.0,0.0,0.0,0.0,0.0,0.0,0.0,0.0,0.0,0.0,0.0,0.0,33.54,42.52,-21.55,0.0,0.0,0.0,100.0,0,0,210
150594,0,0,0,99.99,0.0,0.0,0.0,0.0,0.0,0.0,0.0,0.0,0.0,0.0,0.0,0.0,30.85,42.18,-26.94,0.0,0.0,0.0,100.0,0,0,210
150803,0,0,0,99.99,0.0,0.0,0.0,0.0,0.0,0.0,0.0,0.0,0.0,0.0,0.0,0.0,28.43,41.74,-31.57,0.0,0.0,0.0,100.0,0,0,210
151003,0,0,0,99.99,0.0,0.0,0.0,0.0,0.0,0.0,0.0,0.0,0.0,0.0,0.0,0.0,26.38,40.8,-35.25,0.0,0.0,0.0,100.0,0,0,213
151203,0,0,0,99.99,0.0,0.0,0.0,0.0,0.0,0.0,0.0,0.0,0.0,0.0,0.0,0.0,24.68,40.05,-38.3,0.0,0.0,0.0,100.0,0,0,216
151403,0,0,0,99.99,0.0,0.0,0.0,0.0,0.0,0.0,0.0,0.0,0.0,0.0,0.0,0.0,23.4,39.18,-40.57,0.0,0.0,0.0,100.0,0,0,216
151603,0,0,0,99.99,0.0,0.0,0.0,0.0,0.0,0.0,0.0,0.0,0.0,0.0,0.0,0.0,21.94,38.12,-42.73,0.0,0.0,0.0,100.0,0,0,216
151803,0,0,0,99.99,0.0,0.0,0.0,0.0,0.0,0.0,0.0,0.0,0.0,0.0,0.0,0.0,20.67,36.94,-44.38,0.0,0.0,0.0,100.0,0,0,216
152003,0,0,0,99.99,0.0,0.0,0.0,0.0,0.0,0.0,0.0,0.0,0.0,0.0,0.0,0.0,19.83,35.53,-45.44,0.0,0.0,0.0,100.0,0,0,219
152204,0,0,0,99.99,0.0,0.0,0.0,0.0,0.0,0.0,0.0,0.0,0.0,0.0,0.0,0.0,18.43,33.07,-47.15,0.0,0.0,0.0,100.0,0,0,222
152413,0,0,0,99.99,0.0,0.0,0.0,0.0,0.0,0.0,0.0,0.0,0.0,0.0,0.0,0.0,16.84,30.14,-48.35,0.0,0.0,0.0,100.0,0,0,222
152613,0,0,0,99.99,0.0,0.0,0.0,0.0,0.0,0.0,0.0,0.0,0.0,0.0,0.0,0.0,15.87,28.84,-48.5,0.0,0.0,0.0,100.0,0,0,222
152813,0,0,0,99.99,0.0,0.0,0.0,0.0,0.0,0.0,0.0,0.0,0.0,0.0,0.0,0.0,14.58,27.07,-48.61,0.0,0.0,0.0,100.0,0,0,222
153013,0,0,0,99.99,0.0,0.0,0.0,0.0,0.0,0.0,0.0,0.0,0.0,0.0,0.0,0.0,13.8,26.33,-48.46,0.0,0.0,0.0,100.0,0,0,225
153213,0,0,0,99.99,0.0,0.0,0.0,0.0,0.0,0.0,0.0,0.0,0.0,0.0,0.0,0.0,12.81,24.79,-48.62,0.0,0.0,0.0,100.0,0,0,228
153413,0,0,0,99.99,0.0,0.0,0.0,0.0,0.0,0.0,0.0,0.0,0.0,0.0,0.0,0.0,10.56,13.76,-51.31,0.0,0.0,0.0,100.0,0,0,228
153613,0,0,0,99.99,0.0,0.0,0.0,0.0,0.0,0.0,0.0,0.0,0.0,0.0,0.0,0.0,7.45,5.92,-52.51,0.0,0.0,0.0,100.0,0,0,228
153814,0,0,0,99.99,0.0,0.0,0.0,0.0,0.0,0.0,0.0,0.0,0.0,0.0,0.0,0.0,6.91,1.58,-53.37,0.0,0.0,0.0,100.0,0,0,228
154023,0,0,0,99.99,0.0,0.0,0.0,0.0,0.0,0.0,0.0,0.0,0.0,0.0,0.0,0.0,2.7,-2.2,-52.64,0.0,0.0,0.0,100.0,0,0,231
154223,0,0,0,99.99,0.0,0.0,0.0,0.0,0.0,0.0,0.0,0.0,0.0,0.0,0.0,0.0,-1.42,0.59,-51.18,0.0,0.0,0.0,100.0,0,0,234
154423,0,0,0,99.99,0.0,0.0,0.0,0.0,0.0,0.0,0.0,0.0,0.0,0.0,0.0,0.0,-4.78,2.85,-48.49,0.0,0.0,0.0,100.0,0,0,234
154623,0,0,0,99.99,0.0,0.0,0.0,0.0,0.0,0.0,0.0,0.0,0.0,0.0,0.0,0.0,-14.16,-3.18,-45.49,0.0,0.0,0.0,100.0,0,0,234
154823,0,0,0,99.99,0.0,0.0,0.0,0.0,0.0,0.0,0.0,0.0,0.0,0.0,0.0,0.0,-17.33,-1.55,-41.76,0.0,0.0,0.0,100.0,0,0,234
155023,0,0,0,99.99,0.0,0.0,0.0,0.0,0.0,0.0,0.0,0.0,0.0,0.0,0.0,0.0,-8.98,2.71,-43.96,0.0,0.0,0.0,100.0,0,0,237
155224,0,0,0,99.99,0.0,0.0,0.0,0.0,0.0,0.0,0.0,0.0,0.0,0.0,0.0,0.0,-2.2,-3.01,-44.8,0.0,0.0,0.0,100.0,0,0,240
155433,0,0,0,99.99,0.0,0.0,0.0,0.0,0.0,0.0,0.0,0.0,0.0,0.0,0.0,0.0,-0.99,-5.8,-39.53,0.0,0.0,0.0,100.0,0,0,240
155633,0,0,0,99.99,0.0,0.0,0.0,0.0,0.0,0.0,0.0,0.0,0.0,0.0,0.0,0.0,-3.42,-3.16,-43.3,0.0,0.0,0.0,100.0,0,0,240
155833,0,0,0,99.99,0.0,0.0,0.0,0.0,0.0,0.0,0.0,0.0,0.0,0.0,0.0,0.0,-2.69,-1.54,-41.75,0.0,0.0,0.0,100.0,0,0,240
156033,0,0,0,99.99,0.0,0.0,0.0,0.0,0.0,0.0,0.0,0.0,0.0,0.0,0.0,0.0,-1.56,-2.78,-43.86,0.0,0.0,0.0,100.0,0,0,244
156233,0,0,0,99.99,0.0,0.0,0.0,0.0,0.0,0.0,0.0,0.0,0.0,0.0,0.0,0.0,-3.35,-3.0,-44.05,0.0,0.0,0.0,100.0,0,0,246
156433,0,0,0,99.99,0.0,0.0,0.0,0.0,0.0,0.0,0.0,0.0,0.0,0.0,0.0,0.0,-4.14,-3.41,-42.27,0.0,0.0,0.0,100.0,0,0,246
156633,0,0,0,99.99,0.0,0.0,0.0,0.0,0.0,0.0,0.0,0.0,0.0,0.0,0.0,0.0,-9.12,-4.15,-40.05,0.0,0.0,0.0,100.0,0,0,246
156833,0,0,0,99.99,0.0,0.0,0.0,0.0,0.0,0.0,0.0,0.0,0.0,0.0,0.0,0.0,-4.78,-2.71,-38.59,0.0,0.0,0.0,100.0,0,0,246
157033,0,0,0,99.99,0.0,0.0,0.0,0.0,0.0,0.0,0.0,0.0,0.0,0.0,0.0,0.0,-0.01,-1.94,-38.13,0.0,0.0,0.0,100.0,0,0,250
157233,0,0,0,99.99,0.0,0.0,0.0,0.0,0.0,0.0,0.0,0.0,0.0,0.0,0.0,0.0,-1.91,0.47,-37.98,0.0,0.0,0.0,100.0,0,0,252
157433,0,0,0,99.99,0.0,0.0,0.0,0.0,0.0,0.0,0.0,0.0,0.0,0.0,0.0,0.0,-17.99,14.45,-44.33,0.0,0.0,0.0,100.0,0,0,252
157633,0,0,0,99.99,0.0,0.0,0.0,0.0,0.0,0.0,0.0,0.0,0.0,0.0,0.0,0.0,-49.7,33.12,-57.93,0.0,0.0,0.0,100.0,0,0,252
157833,0,0,0,99.99,0.0,0.0,0.0,0.0,0.0,0.0,0.0,0.0,0.0,0.0,0.0,0.0,-54.03,27.83,-51.09,0.0,0.0,0.0,100.0,0,0,252
158034,0,0,0,99.99,0.0,0.0,0.0,0.0,0.0,0.0,0.0,0.0,0.0,0.0,0.0,0.0,-26.45,4.38,-25.34,0.0,0.0,0.0,100.0,0,0,256
158243,0,0,0,99.99,0.0,0.0,0.0,0.0,0.0,0.0,0.0,0.0,0.0,0.0,0.0,0.0,-29.75,9.64,-29.76,0.0,0.0,0.0,100.0,0,0,258
158443,0,0,0,99.99,0.0,0.0,0.0,0.0,0.0,0.0,0.0,0.0,0.0,0.0,0.0,0.0,-37.69,19.68,-34.27,0.0,0.0,0.0,100.0,0,0,258
158644,0,0,0,99.99,0.0,0.0,0.0,0.0,0.0,0.0,0.0,0.0,0.0,0.0,0.0,0.0,-36.78,21.04,-32.65,0.0,0.0,0.0,100.0,0,0,258
158853,0,0,0,99.99,0.0,0.0,0.0,0.0,0.0,0.0,0.0,0.0,0.0,0.0,0.0,0.0,-46.13,27.92,-35.31,0.0,0.0,0.0,100.0,0,0,258
159053,0,0,0,99.99,0.0,0.0,0.0,0.0,0.0,0.0,0.0,0.0,0.0,0.0,0.0,0.0,-50.12,28.64,-39.54,0.0,0.0,0.0,100.0,0,0,263
159253,0,0,0,99.99,0.0,0.0,0.0,0.0,0.0,0.0,0.0,0.0,0.0,0.0,0.0,0.0,-48.11,23.95,-36.23,0.0,0.0,0.0,100.0,0,0,264
159453,0,0,0,99.99,0.0,0.0,0.0,0.0,0.0,0.0,0.0,0.0,0.0,0.0,0.0,0.0,-59.94,11.79,-27.78,0.0,0.0,0.0,100.0,0,0,264
159653,0,0,0,99.99,0.0,0.0,0.0,0.0,0.0,0.0,0.0,0.0,0.0,0.0,0.0,0.0,-62.62,-3.95,-2.58,0.0,0.0,0.0,100.0,0,0,264
159853,0,0,0,99.99,0.0,0.0,0.0,0.0,0.0,0.0,0.0,0.0,0.0,0.0,0.0,0.0,-61.4,2.49,-1.38,0.0,0.0,0.0,100.0,0,0,264
160053,0,0,0,99.99,0.0,0.0,0.0,0.0,0.0,0.0,0.0,0.0,0.0,0.0,0.0,0.0,-59.08,0.57,1.11,0.0,0.0,0.0,100.0,0,0,269
160253,0,0,0,99.99,0.0,0.0,0.0,0.0,0.0,0.0,0.0,0.0,0.0,0.0,0.0,0.0,-59.4,10.49,-4.48,0.0,0.0,0.0,100.0,0,0,270
160453,0,0,0,99.99,0.0,0.0,0.0,0.0,0.0,0.0,0.0,0.0,0.0,0.0,0.0,0.0,-49.12,23.66,-19.93,0.0,0.0,0.0,100.0,0,0,270
160653,0,0,0,99.99,0.0,0.0,0.0,0.0,0.0,0.0,0.0,0.0,0.0,0.0,0.0,0.0,-28.4,9.67,-23.66,0.0,0.0,0.0,100.0,0,0,270
160853,0,0,0,99.99,0.0,0.0,0.0,0.0,0.0,0.0,0.0,0.0,0.0,0.0,0.0,0.0,-25.38,10.74,-27.35,0.0,0.0,0.0,100.0,0,0,270
161053,0,0,0,99.99,0.0,0.0,0.0,0.0,0.0,0.0,0.0,0.0,0.0,0.0,0.0,0.0,-21.22,11.66,-29.82,0.0,0.0,0.0,100.0,0,0,275
161253,0,0,0,99.99,0.0,0.0,0.0,0.0,0.0,0.0,0.0,0.0,0.0,0.0,0.0,0.0,-31.91,16.91,-31.85,0.0,0.0,0.0,100.0,0,0,276
161453,0,0,0,99.99,0.0,0.0,0.0,0.0,0.0,0.0,0.0,0.0,0.0,0.0,0.0,0.0,-39.62,26.7,-35.35,0.0,0.0,0.0,100.0,0,0,276
161653,0,0,0,99.99,0.0,0.0,0.0,0.0,0.0,0.0,0.0,0.0,0.0,0.0,0.0,0.0,-33.38,17.83,-33.98,0.0,0.0,0.0,100.0,0,0,276
161853,0,0,0,99.99,0.0,0.0,0.0,0.0,0.0,0.0,0.0,0.0,0.0,0.0,0.0,0.0,-18.44,9.92,-32.74,0.0,0.0,0.0,100.0,0,0,276
162053,0,0,0,99.99,0.0,0.0,0.0,0.0,0.0,0.0,0.0,0.0,0.0,0.0,0.0,0.0,-0.71,-1.0,-32.23,0.0,0.0,0.0,100.0,0,0,281
162253,0,0,0,99.99,0.0,0.0,0.0,0.0,0.0,0.0,0.0,0.0,0.0,0.0,0.0,0.0,1.64,-1.28,-31.92,0.0,0.0,0.0,100.0,0,0,282
162453,0,0,0,99.99,0.0,0.0,0.0,0.0,0.0,0.0,0.0,0.0,0.0,0.0,0.0,0.0,1.14,-1.74,-36.02,0.0,0.0,0.0,100.0,0,0,282
162653,0,0,0,99.99,0.0,0.0,0.0,0.0,0.0,0.0,0.0,0.0,0.0,0.0,0.0,0.0,1.01,-2.25,-35.48,0.0,0.0,0.0,100.0,0,0,282
162853,0,0,0,99.99,0.0,0.0,0.0,0.0,0.0,0.0,0.0,0.0,0.0,0.0,0.0,0.0,0.9,-2.66,-34.82,0.0,0.0,0.0,100.0,0,0,282
163053,0,0,0,99.99,0.0,0.0,0.0,0.0,0.0,0.0,0.0,0.0,0.0,0.0,0.0,0.0,0.82,-2.99,-34.18,0.0,0.0,0.0,100.0,0,0,287
163253,0,0,0,99.99,0.0,0.0,0.0,0.0,0.0,0.0,0.0,0.0,0.0,0.0,0.0,0.0,0.79,-3.19,-33.67,0.0,0.0,0.0,100.0,0,0,288
163453,0,0,0,99.99,0.0,0.0,0.0,0.0,0.0,0.0,0.0,0.0,0.0,0.0,0.0,0.0,0.74,-3.37,-33.24,0.0,0.0,0.0,100.0,0,0,288
163653,0,0,0,99.99,0.0,0.0,0.0,0.0,0.0,0.0,0.0,0.0,0.0,0.0,0.0,0.0,0.75,-3.47,-32.77,0.0,0.0,0.0,100.0,0,0,288
163853,0,0,0,99.99,0.0,0.0,0.0,0.0,0.0,0.0,0.0,0.0,0.0,0.0,0.0,0.0,0.75,-3.55,-32.44,0.0,0.0,0.0,100.0,0,0,288
164053,0,0,0,99.99,0.0,0.0,0.0,0.0,0.0,0.0,0.0,0.0,0.0,0.0,0.0,0.0,0.79,-3.62,-32.13,0.0,0.0,0.0,100.0,0,0,293
164253,0,0,0,99.99,0.0,0.0,0.0,0.0,0.0,0.0,0.0,0.0,0.0,0.0,0.0,0.0,0.78,-3.71,-31.86,0.0,0.0,0.0,100.0,0,0,294
164453,0,0,0,99.99,0.0,0.0,0.0,0.0,0.0,0.0,0.0,0.0,0.0,0.0,0.0,0.0,0.79,-3.74,-31.65,0.0,0.0,0.0,100.0,0,0,294
164654,0,0,0,99.99,0.0,0.0,0.0,0.0,0.0,0.0,0.0,0.0,0.0,0.0,0.0,0.0,0.82,-3.76,-31.57,0.0,0.0,0.0,100.0,0,0,294
164863,0,0,0,99.99,0.0,0.0,0.0,0.0,0.0,0.0,0.0,0.0,0.0,0.0,0.0,0.0,0.84,-3.79,-31.44,0.0,0.0,0.0,100.0,0,0,294
165063,0,0,0,99.99,0.0,0.0,0.0,0.0,0.0,0.0,0.0,0.0,0.0,0.0,0.0,0.0,0.84,-3.82,-31.28,0.0,0.0,0.0,100.0,0,0,299
165263,0,0,0,99.99,0.0,0.0,0.0,0.0,0.0,0.0,0.0,0.0,0.0,0.0,0.0,0.0,0.85,-3.82,-31.18,0.0,0.0,0.0,100.0,0,0,300
165463,0,0,0,99.99,0.0,0.0,0.0,0.0,0.0,0.0,0.0,0.0,0.0,0.0,0.0,0.0,0.88,-3.82,-31.13,0.0,0.0,0.0,100.0,0,0,300
165663,0,0,0,99.99,0.0,0.0,0.0,0.0,0.0,0.0,0.0,0.0,0.0,0.0,0.0,0.0,0.88,-3.81,-31.04,0.0,0.0,0.0,100.0,0,0,300
165863,0,0,0,99.99,0.0,0.0,0.0,0.0,0.0,0.0,0.0,0.0,0.0,0.0,0.0,0.0,0.91,-3.82,-31.0,0.0,0.0,0.0,100.0,0,0,300
166063,0,0,0,99.99,0.0,0.0,0.0,0.0,0.0,0.0,0.0,0.0,0.0,0.0,0.0,0.0,0.91,-3.81,-30.91,0.0,0.0,0.0,100.0,0,0,305
166263,0,0,0,99.99,0.0,0.0,0.0,0.0,0.0,0.0,0.0,0.0,0.0,0.0,0.0,0.0,0.92,-3.81,-30.9,0.0,0.0,0.0,100.0,0,0,306
166463,0,0,0,99.99,0.0,0.0,0.0,0.0,0.0,0.0,0.0,0.0,0.0,0.0,0.0,0.0,0.93,-3.8,-30.87,0.0,0.0,0.0,100.0,0,0,306
166663,0,0,0,99.99,0.0,0.0,0.0,0.0,0.0,0.0,0.0,0.0,0.0,0.0,0.0,0.0,0.95,-3.78,-30.88,0.0,0.0,0.0,100.0,0,0,306
166863,0,0,0,99.99,0.0,0.0,0.0,0.0,0.0,0.0,0.0,0.0,0.0,0.0,0.0,0.0,0.96,-3.78,-30.93,0.0,0.0,0.0,100.0,0,0,306
167064,0,0,0,99.99,0.0,0.0,0.0,0.0,0.0,0.0,0.0,0.0,0.0,0.0,0.0,0.0,0.95,-3.78,-30.86,0.0,0.0,0.0,100.0,0,0,311
167264,0,0,0,99.99,0.0,0.0,0.0,0.0,0.0,0.0,0.0,0.0,0.0,0.0,0.0,0.0,0.94,-3.77,-30.85,0.0,0.0,0.0,100.0,0,0,312
167473,0,0,0,99.99,0.0,0.0,0.0,0.0,0.0,0.0,0.0,0.0,0.0,0.0,0.0,0.0,0.95,-3.77,-30.83,0.0,0.0,0.0,100.0,0,0,312
167673,0,0,0,99.99,0.0,0.0,0.0,0.0,0.0,0.0,0.0,0.0,0.0,0.0,0.0,0.0,0.94,-3.76,-30.83,0.0,0.0,0.0,100.0,0,0,312
167873,0,0,0,99.99,0.0,0.0,0.0,0.0,0.0,0.0,0.0,0.0,0.0,0.0,0.0,0.0,0.93,-3.75,-30.78,0.0,0.0,0.0,100.0,0,0,312
168073,0,0,0,99.99,0.0,0.0,0.0,0.0,0.0,0.0,0.0,0.0,0.0,0.0,0.0,0.0,0.95,-3.76,-30.76,0.0,0.0,0.0,100.0,0,0,318
168273,0,0,0,99.99,0.0,0.0,0.0,0.0,0.0,0.0,0.0,0.0,0.0,0.0,0.0,0.0,0.96,-3.74,-30.78,0.0,0.0,0.0,100.0,0,0,318
168473,0,0,0,99.99,0.0,0.0,0.0,0.0,0.0,0.0,0.0,0.0,0.0,0.0,0.0,0.0,0.96,-3.75,-30.72,0.0,0.0,0.0,100.0,0,0,318
168673,0,0,0,99.99,0.0,0.0,0.0,0.0,0.0,0.0,0.0,0.0,0.0,0.0,0.0,0.0,0.95,-3.75,-30.67,0.0,0.0,0.0,100.0,0,0,318
168873,0,0,0,99.99,0.0,0.0,0.0,0.0,0.0,0.0,0.0,0.0,0.0,0.0,0.0,0.0,0.95,-3.74,-30.66,0.0,0.0,0.0,100.0,0,0,318
169074,0,0,0,99.99,0.0,0.0,0.0,0.0,0.0,0.0,0.0,0.0,0.0,0.0,0.0,0.0,0.94,-3.75,-30.68,0.0,0.0,0.0,100.0,0,0,324
169283,0,0,0,99.99,0.0,0.0,0.0,0.0,0.0,0.0,0.0,0.0,0.0,0.0,0.0,0.0,0.95,-3.75,-30.72,0.0,0.0,0.0,100.0,0,0,324
169483,0,0,0,99.99,0.0,0.0,0.0,0.0,0.0,0.0,0.0,0.0,0.0,0.0,0.0,0.0,0.94,-3.74,-30.73,0.0,0.0,0.0,100.0,0,0,324
169683,0,0,0,99.99,0.0,0.0,0.0,0.0,0.0,0.0,0.0,0.0,0.0,0.0,0.0,0.0,0.94,-3.73,-30.77,0.0,0.0,0.0,100.0,0,0,324
169883,0,0,0,99.99,0.0,0.0,0.0,0.0,0.0,0.0,0.0,0.0,0.0,0.0,0.0,0.0,0.96,-3.72,-30.85,0.0,0.0,0.0,100.0,0,0,324
170083,0,0,0,99.99,0.0,0.0,0.0,0.0,0.0,0.0,0.0,0.0,0.0,0.0,0.0,0.0,0.94,-3.74,-30.85,0.0,0.0,0.0,100.0,0,0,330
170283,0,0,0,99.99,0.0,0.0,0.0,0.0,0.0,0.0,0.0,0.0,0.0,0.0,0.0,0.0,0.92,-3.73,-30.8,0.0,0.0,0.0,100.0,0,0,330
170483,0,0,0,99.99,0.0,0.0,0.0,0.0,0.0,0.0,0.0,0.0,0.0,0.0,0.0,0.0,0.92,-3.72,-30.81,0.0,0.0,0.0,99.9,0,0,330
170683,0,0,0,99.99,0.0,0.0,0.0,0.0,0.0,0.0,0.0,0.0,0.0,0.0,0.0,0.0,0.92,-3.71,-30.78,0.0,0.0,0.0,99.9,0,0,330
170883,0,0,0,99.99,0.0,0.0,0.0,0.0,0.0,0.0,0.0,0.0,0.0,0.0,0.0,0.0,0.91,-3.72,-30.76,0.0,0.0,0.0,99.9,0,0,330
171083,0,0,0,99.99,0.0,0.0,0.0,0.0,0.0,0.0,0.0,0.0,0.0,0.0,0.0,0.0,0.9,-3.73,-30.67,0.0,0.0,0.0,99.9,0,0,336
171283,0,0,0,99.99,0.0,0.0,0.0,0.0,0.0,0.0,0.0,0.0,0.0,0.0,0.0,0.0,0.9,-3.71,-30.67,0.0,0.0,0.0,99.9,0,0,336
171483,0,0,0,99.99,0.0,0.0,0.0,0.0,0.0,0.0,0.0,0.0,0.0,0.0,0.0,0.0,0.87,-3.72,-30.59,0.0,0.0,0.0,100.1,0,0,336
171683,0,0,0,99.99,0.0,0.0,0.0,0.0,0.0,0.0,0.0,0.0,0.0,0.0,0.0,0.0,0.88,-3.72,-30.64,0.0,0.0,0.0,100.1,0,0,336
171883,0,0,0,99.99,0.0,0.0,0.0,0.0,0.0,0.0,0.0,0.0,0.0,0.0,0.0,0.0,0.88,-3.73,-30.56,0.0,0.0,0.0,100.1,0,0,336
172083,0,0,0,99.99,0.0,0.0,0.0,0.0,0.0,0.0,0.0,0.0,0.0,0.0,0.0,0.0,0.89,-3.73,-30.57,0.0,0.0,0.0,100.1,0,0,342
172283,0,0,0,99.99,0.0,0.0,0.0,0.0,0.0,0.0,0.0,0.0,0.0,0.0,0.0,0.0,0.9,-3.71,-30.61,0.0,0.0,0.0,100.1,0,0,342
172483,0,0,0,99.99,0.0,0.0,0.0,0.0,0.0,0.0,0.0,0.0,0.0,0.0,0.0,0.0,0.87,-3.7,-30.52,0.0,0.0,0.0,100.0,0,0,342
172683,0,0,0,99.99,0.0,0.0,0.0,0.0,0.0,0.0,0.0,0.0,0.0,0.0,0.0,0.0,0.89,-3.6,-30.51,0.0,0.0,0.0,100.0,0,0,342
172883,0,0,0,99.99,0.0,0.0,0.0,0.0,0.0,0.0,0.0,0.0,0.0,0.0,0.0,0.0,0.89,-3.54,-30.53,0.0,0.0,0.0,100.0,0,0,342
173083,0,0,0,99.99,0.0,0.0,0.0,0.0,0.0,0.0,0.0,0.0,0.0,0.0,0.0,0.0,0.9,-3.57,-30.58,0.0,0.0,0.0,100.0,0,0,348
173283,0,0,0,99.99,0.0,0.0,0.0,0.0,0.0,0.0,0.0,0.0,0.0,0.0,0.0,0.0,0.89,-3.59,-30.58,0.0,0.0,0.0,100.0,0,0,348
173483,0,0,0,99.99,0.0,0.0,0.0,0.0,0.0,0.0,0.0,0.0,0.0,0.0,0.0,0.0,0.94,-3.73,-30.58,0.0,0.0,0.0,100.0,0,0,348
173683,0,0,0,99.99,0.0,0.0,0.0,0.0,0.0,0.0,0.0,0.0,0.0,0.0,0.0,0.0,1.0,-3.27,-30.69,0.0,0.0,0.0,100.0,0,0,348
173883,0,0,0,99.99,0.0,0.0,0.0,0.0,0.0,0.0,0.0,0.0,0.0,0.0,0.0,0.0,1.33,-3.38,-30.81,0.0,0.0,0.0,100.0,0,0,348
174083,0,0,0,99.99,0.0,0.0,0.0,0.0,0.0,0.0,0.0,0.0,0.0,0.0,0.0,0.0,0.5,-4.02,-31.59,0.0,0.0,0.0,100.0,0,0,354
174283,0,0,0,99.99,0.0,0.0,0.0,0.0,0.0,0.0,0.0,0.0,0.0,0.0,0.0,0.0,1.18,-3.5,-31.17,0.0,0.0,0.0,100.0,0,0,354
174483,0,0,0,99.99,0.0,0.0,0.0,0.0,0.0,0.0,0.0,0.0,0.0,0.0,0.0,0.0,1.23,-3.44,-31.04,0.0,0.0,0.0,100.0,0,0,354
174683,0,0,0,99.99,0.0,0.0,0.0,0.0,0.0,0.0,0.0,0.0,0.0,0.0,0.0,0.0,1.31,-3.51,-30.94,0.0,0.0,0.0,100.0,0,0,354
174883,0,0,0,99.99,0.0,0.0,0.0,0.0,0.0,0.0,0.0,0.0,0.0,0.0,0.0,0.0,1.66,-3.41,-30.99,0.0,0.0,0.0,100.0,0,0,354
175083,0,0,0,99.99,0.0,0.0,0.0,0.0,0.0,0.0,0.0,0.0,0.0,0.0,0.0,0.0,-2.19,-5.48,-31.88,0.0,0.0,0.0,100.0,0,0,360
175283,0,0,0,99.99,0.0,0.0,0.0,0.0,0.0,0.0,0.0,0.0,0.0,0.0,0.0,0.0,-4.65,-2.34,-29.8,0.0,0.0,0.0,100.0,0,0,360
175484,0,0,0,99.99,0.0,0.0,0.0,0.0,0.0,0.0,0.0,0.0,0.0,0.0,0.0,0.0,-15.41,28.39,-34.63,0.0,0.0,0.0,100.0,0,0,360
175693,0,0,0,99.99,0.0,0.0,0.0,0.0,0.0,0.0,0.0,0.0,0.0,0.0,0.0,0.0,-58.91,67.1,-84.5,0.0,0.0,0.0,100.0,0,0,360
175893,0,0,0,99.99,0.0,0.0,0.0,0.0,0.0,0.0,0.0,0.0,0.0,0.0,0.0,0.0,-139.86,66.17,178.61,0.0,0.0,0.0,100.0,0,0,360
176093,0,0,0,99.99,0.0,0.0,0.0,0.0,0.0,0.0,0.0,0.0,0.0,0.0,0.0,0.0,-163.88,47.89,146.86,0.0,0.0,0.0,100.0,0,0,366
176293,0,0,0,99.99,0.0,0.0,0.0,0.0,0.0,0.0,0.0,0.0,0.0,0.0,0.0,0.0,-170.59,27.36,133.13,0.0,0.0,0.0,100.0,0,0,366
176493,0,0,0,99.99,0.0,0.0,0.0,0.0,0.0,0.0,0.0,0.0,0.0,0.0,0.0,0.0,-170.26,13.65,126.54,0.0,0.0,0.0,100.0,0,0,366
176693,0,0,0,99.99,0.0,0.0,0.0,0.0,0.0,0.0,0.0,0.0,0.0,0.0,0.0,0.0,-167.8,6.28,122.96,0.0,0.0,0.0,100.0,0,0,366
176893,0,0,0,99.99,0.0,0.0,0.0,0.0,0.0,0.0,0.0,0.0,0.0,0.0,0.0,0.0,-168.04,-2.22,119.32,0.0,0.0,0.0,100.0,0,0,366
177093,0,0,0,99.99,0.0,0.0,0.0,0.0,0.0,0.0,0.0,0.0,0.0,0.0,0.0,0.0,-169.28,-7.45,116.62,0.0,0.0,0.0,100.0,0,0,372
177293,0,0,0,99.99,0.0,0.0,0.0,0.0,0.0,0.0,0.0,0.0,0.0,0.0,0.0,0.0,-167.72,-11.91,114.6,0.0,0.0,0.0,100.0,0,0,372
177493,0,0,0,99.99,0.0,0.0,0.0,0.0,0.0,0.0,0.0,0.0,0.0,0.0,0.0,0.0,-167.39,-13.04,113.21,0.0,0.0,0.0,100.0,0,0,372
177693,0,0,0,99.99,0.0,0.0,0.0,0.0,0.0,0.0,0.0,0.0,0.0,0.0,0.0,0.0,-166.87,-13.28,112.4,0.0,0.0,0.0,100.0,0,0,372
177894,0,0,0,99.99,0.0,0.0,0.0,0.0,0.0,0.0,0.0,0.0,0.0,0.0,0.0,0.0,-165.91,-13.04,112.35,0.0,0.0,0.0,100.0,0,0,372
178103,0,0,0,99.99,0.0,0.0,0.0,0.0,0.0,0.0,0.0,0.0,0.0,0.0,0.0,0.0,-166.65,-11.63,111.8,0.0,0.0,0.0,100.0,0,0,378
178303,0,0,0,99.99,0.0,0.0,0.0,0.0,0.0,0.0,0.0,0.0,0.0,0.0,0.0,0.0,-167.57,-9.95,110.78,0.0,0.0,0.0,100.0,0,0,378
178503,0,0,0,99.99,0.0,0.0,0.0,0.0,0.0,0.0,0.0,0.0,0.0,0.0,0.0,0.0,-168.21,-9.77,109.37,0.0,0.0,0.0,100.0,0,0,378
178703,0,0,0,99.99,0.0,0.0,0.0,0.0,0.0,0.0,0.0,0.0,0.0,0.0,0.0,0.0,-167.95,-9.84,109.01,0.0,0.0,0.0,100.0,0,0,378
178903,0,0,0,99.99,0.0,0.0,0.0,0.0,0.0,0.0,0.0,0.0,0.0,0.0,0.0,0.0,-168.09,-9.69,108.59,0.0,0.0,0.0,100.0,0,0,378
179103,0,0,0,99.99,0.0,0.0,0.0,0.0,0.0,0.0,0.0,0.0,0.0,0.0,0.0,0.0,-167.44,-9.23,108.31,0.0,0.0,0.0,100.0,0,0,384
179303,0,0,0,99.99,0.0,0.0,0.0,0.0,0.0,0.0,0.0,0.0,0.0,0.0,0.0,0.0,-168.11,-8.03,108.38,0.0,0.0,0.0,100.0,0,0,384
179503,0,0,0,99.99,0.0,0.0,0.0,0.0,0.0,0.0,0.0,0.0,0.0,0.0,0.0,0.0,-167.8,-5.68,110.33,0.0,0.0,0.0,100.0,0,0,384
179703,0,0,0,99.99,0.0,0.0,0.0,0.0,0.0,0.0,0.0,0.0,0.0,0.0,0.0,0.0,-167.98,-1.59,112.37,0.0,0.0,0.0,100.0,0,0,384
179903,0,0,0,99.99,0.0,0.0,0.0,0.0,0.0,0.0,0.0,0.0,0.0,0.0,0.0,0.0,-159.33,5.91,121.46,0.0,0.0,0.0,100.0,0,0,384
180103,0,0,0,99.99,0.0,0.0,0.0,0.0,0.0,0.0,0.0,0.0,0.0,0.0,0.0,0.0,-144.95,30.69,137.05,0.0,0.0,0.0,100.0,0,0,390
180303,0,0,0,99.99,0.0,0.0,0.0,0.0,0.0,0.0,0.0,0.0,0.0,0.0,0.0,0.0,-77.01,60.48,-155.57,0.0,0.0,0.0,100.0,0,0,390
180503,0,0,0,99.99,0.0,0.0,0.0,0.0,0.0,0.0,0.0,0.0,0.0,0.0,0.0,0.0,-29.97,25.98,-105.84,0.0,0.0,0.0,100.0,0,0,390
180703,0,0,0,99.99,0.0,0.0,0.0,0.0,0.0,0.0,0.0,0.0,0.0,0.0,0.0,0.0,-15.86,7.69,-91.26,0.0,0.0,0.0,100.0,0,0,390
180903,0,0,0,99.99,0.0,0.0,0.0,0.0,0.0,0.0,0.0,0.0,0.0,0.0,0.0,0.0,-15.11,-1.39,-86.43,0.0,0.0,0.0,100.0,0,0,390
181103,0,0,0,99.99,0.0,0.0,0.0,0.0,0.0,0.0,0.0,0.0,0.0,0.0,0.0,0.0,-16.4,2.78,-85.48,0.0,0.0,0.0,100.0,0,0,396
181304,0,0,0,99.99,0.0,0.0,0.0,0.0,0.0,0.0,0.0,0.0,0.0,0.0,0.0,0.0,-15.66,1.71,-81.19,0.0,0.0,0.0,99.9,0,0,396
181513,0,0,0,99.99,0.0,0.0,0.0,0.0,0.0,0.0,0.0,0.0,0.0,0.0,0.0,0.0,-15.25,-8.72,-70.14,0.0,0.0,0.0,99.9,0,0,396
181713,0,0,0,99.99,0.0,0.0,0.0,0.0,0.0,0.0,0.0,0.0,0.0,0.0,0.0,0.0,-16.03,-17.27,-64.61,0.0,0.0,0.0,99.9,0,0,396
181913,0,0,0,99.99,0.0,0.0,0.0,0.0,0.0,0.0,0.0,0.0,0.0,0.0,0.0,0.0,-16.03,-22.95,-61.55,0.0,0.0,0.0,99.9,0,0,396
182113,0,0,0,99.99,0.0,0.0,0.0,0.0,0.0,0.0,0.0,0.0,0.0,0.0,0.0,0.0,-15.84,-25.57,-59.84,0.0,0.0,0.0,99.9,0,0,402
182313,0,0,0,99.99,0.0,0.0,0.0,0.0,0.0,0.0,0.0,0.0,0.0,0.0,0.0,0.0,-15.8,-26.37,-58.97,0.0,0.0,0.0,100.1,0,0,402
182513,0,0,0,99.99,0.0,0.0,0.0,0.0,0.0,0.0,0.0,0.0,0.0,0.0,0.0,0.0,-15.72,-25.92,-58.39,0.0,0.0,0.0,100.1,0,0,402
182713,0,0,0,99.99,0.0,0.0,0.0,0.0,0.0,0.0,0.0,0.0,0.0,0.0,0.0,0.0,-15.49,-25.45,-57.66,0.0,0.0,0.0,100.1,0,0,402
182913,0,0,0,99.99,0.0,0.0,0.0,0.0,0.0,0.0,0.0,0.0,0.0,0.0,0.0,0.0,-15.35,-25.62,-56.67,0.0,0.0,0.0,100.1,0,0,402
183113,0,0,0,99.99,0.0,0.0,0.0,0.0,0.0,0.0,0.0,0.0,0.0,0.0,0.0,0.0,-15.19,-24.89,-56.15,0.0,0.0,0.0,100.1,0,0,408
183313,0,0,0,99.99,0.0,0.0,0.0,0.0,0.0,0.0,0.0,0.0,0.0,0.0,0.0,0.0,-15.31,-24.33,-55.24,0.0,0.0,0.0,100.0,0,0,408
183513,0,0,0,99.99,0.0,0.0,0.0,0.0,0.0,0.0,0.0,0.0,0.0,0.0,0.0,0.0,-14.41,-18.66,-56.48,0.0,0.0,0.0,100.0,0,0,408
183713,0,0,0,99.99,0.0,0.0,0.0,0.0,0.0,0.0,0.0,0.0,0.0,0.0,0.0,0.0,-13.57,-6.92,-57.62,0.0,0.0,0.0,100.0,0,0,408
183913,0,0,0,99.99,0.0,0.0,0.0,0.0,0.0,0.0,0.0,0.0,0.0,0.0,0.0,0.0,-11.46,11.11,-56.83,0.0,0.0,0.0,100.0,0,0,408
184113,0,0,0,99.99,0.0,0.0,0.0,0.0,0.0,0.0,0.0,0.0,0.0,0.0,0.0,0.0,-12.34,26.43,-56.96,0.0,0.0,0.0,100.0,0,0,414
184313,0,0,0,99.99,0.0,0.0,0.0,0.0,0.0,0.0,0.0,0.0,0.0,0.0,0.0,0.0,-10.97,32.76,-56.75,0.0,0.0,0.0,100.0,0,0,414
184513,0,0,0,99.99,0.0,0.0,0.0,0.0,0.0,0.0,0.0,0.0,0.0,0.0,0.0,0.0,-9.57,35.35,-57.5,0.0,0.0,0.0,100.0,0,0,414
184713,0,0,0,99.99,0.0,0.0,0.0,0.0,0.0,0.0,0.0,0.0,0.0,0.0,0.0,0.0,-8.37,35.5,-59.06,0.0,0.0,0.0,100.0,0,0,414
184913,0,0,0,99.99,0.0,0.0,0.0,0.0,0.0,0.0,0.0,0.0,0.0,0.0,0.0,0.0,-6.74,35.19,-59.88,0.0,0.0,0.0,100.0,0,0,414
185113,0,0,0,99.99,0.0,0.0,0.0,0.0,0.0,0.0,0.0,0.0,0.0,0.0,0.0,0.0,-5.48,35.58,-60.82,0.0,0.0,0.0,100.0,0,0,420
185313,0,0,0,99.99,0.0,0.0,0.0,0.0,0.0,0.0,0.0,0.0,0.0,0.0,0.0,0.0,-4.51,35.56,-61.72,0.0,0.0,0.0,100.0,0,0,420
185513,0,0,0,99.99,0.0,0.0,0.0,0.0,0.0,0.0,0.0,0.0,0.0,0.0,0.0,0.0,-3.83,35.84,-62.59,0.0,0.0,0.0,100.0,0,0,420
185713,0,0,0,99.99,0.0,0.0,0.0,0.0,0.0,0.0,0.0,0.0,0.0,0.0,0.0,0.0,-3.35,35.78,-63.33,0.0,0.0,0.0,100.0,0,0,420
185913,0,0,0,99.99,0.0,0.0,0.0,0.0,0.0,0.0,0.0,0.0,0.0,0.0,0.0,0.0,-5.43,31.71,-63.48,0.0,0.0,0.0,100.0,0,0,420
186113,0,0,0,99.99,0.0,0.0,0.0,0.0,0.0,0.0,0.0,0.0,0.0,0.0,0.0,0.0,-10.82,26.15,-65.73,0.0,0.0,0.0,100.0,0,0,426
186313,0,0,0,99.99,0.0,0.0,0.0,0.0,0.0,0.0,0.0,0.0,0.0,0.0,0.0,0.0,-12.65,2.05,-66.49,0.0,0.0,0.0,100.0,0,0,426
186513,0,0,0,99.99,0.0,0.0,0.0,0.0,0.0,0.0,0.0,0.0,0.0,0.0,0.0,0.0,-13.74,-11.62,-59.26,0.0,0.0,0.0,100.0,0,0,426
186713,0,0,0,99.99,0.0,0.0,0.0,0.0,0.0,0.0,0.0,0.0,0.0,0.0,0.0,0.0,-15.11,-16.54,-53.6,0.0,0.0,0.0,100.0,0,0,426
186914,0,0,0,99.99,0.0,0.0,0.0,0.0,0.0,0.0,0.0,0.0,0.0,0.0,0.0,0.0,-17.59,-18.26,-48.35,0.0,0.0,0.0,100.0,0,0,426
187123,0,0,0,99.99,0.0,0.0,0.0,0.0,0.0,0.0,0.0,0.0,0.0,0.0,0.0,0.0,-19.11,-18.79,-44.09,0.0,0.0,0.0,100.0,0,0,432
187323,0,0,0,99.99,0.0,0.0,0.0,0.0,0.0,0.0,0.0,0.0,0.0,0.0,0.0,0.0,-19.89,-19.12,-40.58,0.0,0.0,0.0,100.0,0,0,432
187523,0,0,0,99.99,0.0,0.0,0.0,0.0,0.0,0.0,0.0,0.0,0.0,0.0,0.0,0.0,-20.39,-19.03,-37.72,0.0,0.0,0.0,100.0,0,0,432
187723,0,0,0,99.99,0.0,0.0,0.0,0.0,0.0,0.0,0.0,0.0,0.0,0.0,0.0,0.0,-20.54,-18.57,-35.32,0.0,0.0,0.0,100.0,0,0,432
187923,0,0,0,99.99,0.0,0.0,0.0,0.0,0.0,0.0,0.0,0.0,0.0,0.0,0.0,0.0,-20.21,-17.3,-33.46,0.0,0.0,0.0,100.0,0,0,432
188123,0,0,0,99.99,0.0,0.0,0.0,0.0,0.0,0.0,0.0,0.0,0.0,0.0,0.0,0.0,-19.9,-17.41,-31.41,0.0,0.0,0.0,100.0,0,0,438
188323,0,0,0,99.99,0.0,0.0,0.0,0.0,0.0,0.0,0.0,0.0,0.0,0.0,0.0,0.0,-19.51,-17.67,-29.5,0.0,0.0,0.0,100.0,0,0,438
188523,0,0,0,99.99,0.0,0.0,0.0,0.0,0.0,0.0,0.0,0.0,0.0,0.0,0.0,0.0,-19.41,-17.66,-27.86,0.0,0.0,0.0,100.0,0,0,438
188723,0,0,0,99.99,0.0,0.0,0.0,0.0,0.0,0.0,0.0,0.0,0.0,0.0,0.0,0.0,-19.24,-18.28,-26.12,0.0,0.0,0.0,100.0,0,0,438
188923,0,0,0,99.99,0.0,0.0,0.0,0.0,0.0,0.0,0.0,0.0,0.0,0.0,0.0,0.0,-18.91,-22.38,-23.68,0.0,0.0,0.0,100.0,0,0,438
189123,0,0,0,99.99,0.0,0.0,0.0,0.0,0.0,0.0,0.0,0.0,0.0,0.0,0.0,0.0,-18.15,-32.64,-21.23,0.0,0.0,0.0,100.0,0,0,444
189323,0,0,0,99.99,0.0,0.0,0.0,0.0,0.0,0.0,0.0,0.0,0.0,0.0,0.0,0.0,-21.18,-40.79,-13.74,0.0,0.0,0.0,100.0,0,0,444
189524,0,0,0,99.99,0.0,0.0,0.0,0.0,0.0,0.0,0.0,0.0,0.0,0.0,0.0,0.0,-26.47,-43.23,-3.9,0.0,0.0,0.0,100.0,0,0,444
189733,0,0,0,99.99,0.0,0.0,0.0,0.0,0.0,0.0,0.0,0.0,0.0,0.0,0.0,0.0,-31.2,-40.72,3.63,0.0,0.0,0.0,100.0,0,0,444
189933,0,0,0,99.99,0.0,0.0,0.0,0.0,0.0,0.0,0.0,0.0,0.0,0.0,0.0,0.0,-33.22,-38.49,8.1,0.0,0.0,0.0,100.0,0,0,445
190133,0,0,0,99.99,0.0,0.0,0.0,0.0,0.0,0.0,0.0,0.0,0.0,0.0,0.0,0.0,-34.19,-37.36,11.85,0.0,0.0,0.0,100.0,0,0,450
190333,0,0,0,99.99,0.0,0.0,0.0,0.0,0.0,0.0,0.0,0.0,0.0,0.0,0.0,0.0,-34.31,-36.6,14.96,0.0,0.0,0.0,100.0,0,0,450
190533,0,0,0,99.99,0.0,0.0,0.0,0.0,0.0,0.0,0.0,0.0,0.0,0.0,0.0,0.0,-34.12,-36.63,18.1,0.0,0.0,0.0,100.0,0,0,450
190733,0,0,0,99.99,0.0,0.0,0.0,0.0,0.0,0.0,0.0,0.0,0.0,0.0,0.0,0.0,-33.73,-36.16,20.69,0.0,0.0,0.0,100.0,0,0,450
190933,0,0,0,99.99,0.0,0.0,0.0,0.0,0.0,0.0,0.0,0.0,0.0,0.0,0.0,0.0,-33.25,-36.05,23.37,0.0,0.0,0.0,100.0,0,0,451
191133,0,0,0,99.99,0.0,0.0,0.0,0.0,0.0,0.0,0.0,0.0,0.0,0.0,0.0,0.0,-32.7,-36.09,26.07,0.0,0.0,0.0,100.0,0,0,456
191333,0,0,0,99.99,0.0,0.0,0.0,0.0,0.0,0.0,0.0,0.0,0.0,0.0,0.0,0.0,-31.94,-36.38,28.65,0.0,0.0,0.0,99.9,0,0,456
191533,0,0,0,99.99,0.0,0.0,0.0,0.0,0.0,0.0,0.0,0.0,0.0,0.0,0.0,0.0,-30.64,-34.19,29.87,0.0,0.0,0.0,99.9,0,0,456
191733,0,0,0,99.99,0.0,0.0,0.0,0.0,0.0,0.0,0.0,0.0,0.0,0.0,0.0,0.0,-28.46,-33.32,30.55,0.0,0.0,0.0,99.9,0,0,456
191933,0,0,0,99.99,0.0,0.0,0.0,0.0,0.0,0.0,0.0,0.0,0.0,0.0,0.0,0.0,-26.81,-34.96,32.39,0.0,0.0,0.0,99.9,0,0,457
192133,0,0,0,99.99,0.0,0.0,0.0,0.0,0.0,0.0,0.0,0.0,0.0,0.0,0.0,0.0,-25.61,-39.27,35.85,0.0,0.0,0.0,99.9,0,0,462
192333,0,0,0,99.99,0.0,0.0,0.0,0.0,0.0,0.0,0.0,0.0,0.0,0.0,0.0,0.0,-24.46,-41.26,39.29,0.0,0.0,0.0,100.1,0,0,462
192533,0,0,0,99.99,0.0,0.0,0.0,0.0,0.0,0.0,0.0,0.0,0.0,0.0,0.0,0.0,-25.99,-34.86,40.64,0.0,0.0,0.0,100.1,0,0,462
192734,0,0,0,99.99,0.0,0.0,0.0,0.0,0.0,0.0,0.0,0.0,0.0,0.0,0.0,0.0,-28.13,-20.42,34.95,0.0,0.0,0.0,100.1,0,0,462
192943,0,0,0,99.99,0.0,0.0,0.0,0.0,0.0,0.0,0.0,0.0,0.0,0.0,0.0,0.0,-23.78,-1.37,23.29,0.0,0.0,0.0,100.1,0,0,463
193143,0,0,0,99.99,0.0,0.0,0.0,0.0,0.0,0.0,0.0,0.0,0.0,0.0,0.0,0.0,-23.37,17.72,10.7,0.0,0.0,0.0,100.1,0,0,468
193343,0,0,0,99.99,0.0,0.0,0.0,0.0,0.0,0.0,0.0,0.0,0.0,0.0,0.0,0.0,-26.63,23.88,0.17,0.0,0.0,0.0,100.0,0,0,468
193543,0,0,0,99.99,0.0,0.0,0.0,0.0,0.0,0.0,0.0,0.0,0.0,0.0,0.0,0.0,-27.7,24.66,-6.71,0.0,0.0,0.0,100.0,0,0,468
193743,0,0,0,99.99,0.0,0.0,0.0,0.0,0.0,0.0,0.0,0.0,0.0,0.0,0.0,0.0,-28.98,25.81,-12.63,0.0,0.0,0.0,100.0,0,0,468
193943,0,0,0,99.99,0.0,0.0,0.0,0.0,0.0,0.0,0.0,0.0,0.0,0.0,0.0,0.0,-34.82,30.6,-21.5,0.0,0.0,0.0,100.0,0,0,469
194143,0,0,0,99.99,0.0,0.0,0.0,0.0,0.0,0.0,0.0,0.0,0.0,0.0,0.0,0.0,-57.41,48.84,-44.9,0.0,0.0,0.0,100.0,0,0,474
194343,0,0,0,99.99,0.0,0.0,0.0,0.0,0.0,0.0,0.0,0.0,0.0,0.0,0.0,0.0,-74.55,55.3,-63.4,0.0,0.0,0.0,100.0,0,0,474
194543,0,0,0,99.99,0.0,0.0,0.0,0.0,0.0,0.0,0.0,0.0,0.0,0.0,0.0,0.0,-94.81,58.33,-79.05,0.0,0.0,0.0,100.0,0,0,474
194743,0,0,0,99.99,0.0,0.0,0.0,0.0,0.0,0.0,0.0,0.0,0.0,0.0,0.0,0.0,-133.11,54.06,-106.94,0.0,0.0,0.0,100.0,0,0,474
194943,0,0,0,99.99,0.0,0.0,0.0,0.0,0.0,0.0,0.0,0.0,0.0,0.0,0.0,0.0,-161.94,40.09,-117.46,0.0,0.0,0.0,100.0,0,0,475
195143,0,0,0,99.99,0.0,0.0,0.0,0.0,0.0,0.0,0.0,0.0,0.0,0.0,0.0,0.0,-174.39,25.07,-121.41,0.0,0.0,0.0,100.0,0,0,480
195343,0,0,0,99.99,0.0,0.0,0.0,0.0,0.0,0.0,0.0,0.0,0.0,0.0,0.0,0.0,-174.41,16.43,-123.34,0.0,0.0,0.0,100.0,0,0,480
195543,0,0,0,99.99,0.0,0.0,0.0,0.0,0.0,0.0,0.0,0.0,0.0,0.0,0.0,0.0,-172.18,7.64,-126.01,0.0,0.0,0.0,100.0,0,0,480
195743,0,0,0,99.99,0.0,0.0,0.0,0.0,0.0,0.0,0.0,0.0,0.0,0.0,0.0,0.0,-166.54,0.75,-129.96,0.0,0.0,0.0,100.0,0,0,480
195943,0,0,0,99.99,0.0,0.0,0.0,0.0,0.0,0.0,0.0,0.0,0.0,0.0,0.0,0.0,-164.78,-3.19,-131.08,0.0,0.0,0.0,100.0,0,0,481
196143,0,0,0,99.99,0.0,0.0,0.0,0.0,0.0,0.0,0.0,0.0,0.0,0.0,0.0,0.0,-162.06,-4.72,-132.09,0.0,0.0,0.0,100.0,0,0,486
196343,0,0,0,99.99,0.0,0.0,0.0,0.0,0.0,0.0,0.0,0.0,0.0,0.0,0.0,0.0,-156.18,-0.91,-130.19,0.0,0.0,0.0,100.0,0,0,486
196543,0,0,0,99.99,0.0,0.0,0.0,0.0,0.0,0.0,0.0,0.0,0.0,0.0,0.0,0.0,-133.03,37.29,-106.48,0.0,0.0,0.0,100.0,0,0,486
196743,0,0,0,99.99,0.0,0.0,0.0,0.0,0.0,0.0,0.0,0.0,0.0,0.0,0.0,0.0,-52.15,51.41,-27.79,0.0,0.0,0.0,100.0,0,0,486
196943,0,0,0,99.99,0.0,0.0,0.0,0.0,0.0,0.0,0.0,0.0,0.0,0.0,0.0,0.0,-25.0,25.31,-4.69,0.0,0.0,0.0,100.0,0,0,487
197143,0,0,0,99.99,0.0,0.0,0.0,0.0,0.0,0.0,0.0,0.0,0.0,0.0,0.0,0.0,-19.58,11.6,-6.12,0.0,0.0,0.0,100.0,0,0,492
197343,0,0,0,99.99,0.0,0.0,0.0,0.0,0.0,0.0,0.0,0.0,0.0,0.0,0.0,0.0,-13.89,4.0,-8.86,0.0,0.0,0.0,100.0,0,0,492
197543,0,0,0,99.99,0.0,0.0,0.0,0.0,0.0,0.0,0.0,0.0,0.0,0.0,0.0,0.0,-9.58,1.32,-10.12,0.0,0.0,0.0,100.0,0,0,492
197743,0,0,0,99.99,0.0,0.0,0.0,0.0,0.0,0.0,0.0,0.0,0.0,0.0,0.0,0.0,-8.15,2.81,-11.54,0.0,0.0,0.0,100.0,0,0,492
197943,0,0,0,99.99,0.0,0.0,0.0,0.0,0.0,0.0,0.0,0.0,0.0,0.0,0.0,0.0,-6.63,1.88,-13.09,0.0,0.0,0.0,100.0,0,0,493
198143,0,0,0,99.99,0.0,0.0,0.0,0.0,0.0,0.0,0.0,0.0,0.0,0.0,0.0,0.0,-6.18,1.99,-13.89,0.0,0.0,0.0,100.0,0,0,498
198343,0,0,0,99.99,0.0,0.0,0.0,0.0,0.0,0.0,0.0,0.0,0.0,0.0,0.0,0.0,-5.36,3.48,-15.3,0.0,0.0,0.0,100.0,0,0,498
198543,0,0,0,99.99,0.0,0.0,0.0,0.0,0.0,0.0,0.0,0.0,0.0,0.0,0.0,0.0,-4.66,5.32,-16.86,0.0,0.0,0.0,100.0,0,0,498
198743,0,0,0,99.99,0.0,0.0,0.0,0.0,0.0,0.0,0.0,0.0,0.0,0.0,0.0,0.0,-4.0,5.48,-18.16,0.0,0.0,0.0,100.0,0,0,498
198943,0,0,0,99.99,0.0,0.0,0.0,0.0,0.0,0.0,0.0,0.0,0.0,0.0,0.0,0.0,-3.73,5.23,-19.21,0.0,0.0,0.0,100.0,0,0,499
199143,0,0,0,99.99,0.0,0.0,0.0,0.0,0.0,0.0,0.0,0.0,0.0,0.0,0.0,0.0,-3.6,4.93,-20.06,0.0,0.0,0.0,100.0,0,0,504
199343,0,0,0,99.99,0.0,0.0,0.0,0.0,0.0,0.0,0.0,0.0,0.0,0.0,0.0,0.0,-3.62,4.9,-20.73,0.0,0.0,0.0,100.0,0,0,504
199543,0,0,0,99.99,0.0,0.0,0.0,0.0,0.0,0.0,0.0,0.0,0.0,0.0,0.0,0.0,-3.49,5.01,-21.27,0.0,0.0,0.0,100.0,0,0,504
199743,0,0,0,99.99,0.0,0.0,0.0,0.0,0.0,0.0,0.0,0.0,0.0,0.0,0.0,0.0,-3.31,4.83,-21.68,0.0,0.0,0.0,100.0,0,0,504
199943,0,0,0,99.99,0.0,0.0,0.0,0.0,0.0,0.0,0.0,0.0,0.0,0.0,0.0,0.0,6.78,-8.81,-17.55,0.0,0.0,0.0,100.0,0,0,505
200143,0,0,0,99.99,0.0,0.0,0.0,0.0,0.0,0.0,0.0,0.0,0.0,0.0,0.0,0.0,5.97,-3.14,-15.49,0.0,0.0,0.0,100.0,0,0,510
200343,0,0,0,99.99,0.0,0.0,0.0,0.0,0.0,0.0,0.0,0.0,0.0,0.0,0.0,0.0,4.38,-3.49,-18.69,0.0,0.0,0.0,100.0,0,0,510
200543,0,0,0,99.99,0.0,0.0,0.0,0.0,0.0,0.0,0.0,0.0,0.0,0.0,0.0,0.0,5.1,-3.26,-20.39,0.0,0.0,0.0,100.0,0,0,510
200743,0,0,0,99.99,0.0,0.0,0.0,0.0,0.0,0.0,0.0,0.0,0.0,0.0,0.0,0.0,5.04,-3.25,-21.63,0.0,0.0,0.0,100.0,0,0,510
200943,0,0,0,99.99,0.0,0.0,0.0,0.0,0.0,0.0,0.0,0.0,0.0,0.0,0.0,0.0,4.95,-3.15,-22.56,0.0,0.0,0.0,100.0,0,0,511
201143,0,0,0,99.99,0.0,0.0,0.0,0.0,0.0,0.0,0.0,0.0,0.0,0.0,0.0,0.0,4.85,-3.1,-23.29,0.0,0.0,0.0,100.0,0,0,516
201343,0,0,0,99.99,0.0,0.0,0.0,0.0,0.0,0.0,0.0,0.0,0.0,0.0,0.0,0.0,4.76,-3.08,-23.92,0.0,0.0,0.0,100.0,0,0,516
201543,0,0,0,99.99,0.0,0.0,0.0,0.0,0.0,0.0,0.0,0.0,0.0,0.0,0.0,0.0,4.61,-3.08,-24.38,0.0,0.0,0.0,100.0,0,0,516
201743,0,0,0,99.99,0.0,0.0,0.0,0.0,0.0,0.0,0.0,0.0,0.0,0.0,0.0,0.0,3.97,-3.08,-24.23,0.0,0.0,0.0,100.0,0,0,516
201943,0,0,0,99.99,0.0,0.0,0.0,0.0,0.0,0.0,0.0,0.0,0.0,0.0,0.0,0.0,4.19,-3.12,-24.97,0.0,0.0,0.0,100.0,0,0,517
202143,0,0,0,99.99,0.0,0.0,0.0,0.0,0.0,0.0,0.0,0.0,0.0,0.0,0.0,0.0,3.92,-3.15,-25.71,0.0,0.0,0.0,100.0,0,0,522
202343,0,0,0,99.99,0.0,0.0,0.0,0.0,0.0,0.0,0.0,0.0,0.0,0.0,0.0,0.0,3.87,-3.15,-25.71,0.0,0.0,0.0,100.0,0,0,522
202543,0,0,0,99.99,0.0,0.0,0.0,0.0,0.0,0.0,0.0,0.0,0.0,0.0,0.0,0.0,5.18,-1.65,-25.18,0.0,0.0,0.0,100.0,0,0,522
202743,0,0,0,99.99,0.0,0.0,0.0,0.0,0.0,0.0,0.0,0.0,0.0,0.0,0.0,0.0,7.79,19.22,-25.22,0.0,0.0,0.0,100.0,0,0,522
202943,0,0,0,99.99,0.0,0.0,0.0,0.0,0.0,0.0,0.0,0.0,0.0,0.0,0.0,0.0,8.0,37.55,-29.57,0.0,0.0,0.0,100.0,0,0,523
203144,0,0,0,99.99,0.0,0.0,0.0,0.0,0.0,0.0,0.0,0.0,0.0,0.0,0.0,0.0,8.7,41.81,-35.31,0.0,0.0,0.0,100.0,0,0,528
203353,0,0,0,99.99,0.0,0.0,0.0,0.0,0.0,0.0,0.0,0.0,0.0,0.0,0.0,0.0,8.02,41.86,-41.35,0.0,0.0,0.0,100.0,0,0,528
203553,0,0,0,99.99,0.0,0.0,0.0,0.0,0.0,0.0,0.0,0.0,0.0,0.0,0.0,0.0,7.58,41.75,-46.04,0.0,0.0,0.0,100.0,0,0,528
203753,0,0,0,99.99,0.0,0.0,0.0,0.0,0.0,0.0,0.0,0.0,0.0,0.0,0.0,0.0,7.22,41.43,-49.87,0.0,0.0,0.0,100.0,0,0,528
203953,0,0,0,99.99,0.0,0.0,0.0,0.0,0.0,0.0,0.0,0.0,0.0,0.0,0.0,0.0,7.74,41.29,-52.49,0.0,0.0,0.0,100.0,0,0,530
204153,0,0,0,99.99,0.0,0.0,0.0,0.0,0.0,0.0,0.0,0.0,0.0,0.0,0.0,0.0,7.82,41.32,-54.94,0.0,0.0,0.0,100.0,0,0,534
204353,0,0,0,99.99,0.0,0.0,0.0,0.0,0.0,0.0,0.0,0.0,0.0,0.0,0.0,0.0,7.77,41.41,-56.84,0.0,0.0,0.0,100.0,0,0,534
204553,0,0,0,99.99,0.0,0.0,0.0,0.0,0.0,0.0,0.0,0.0,0.0,0.0,0.0,0.0,8.14,33.2,-57.79,0.0,0.0,0.0,100.0,0,0,534
204753,0,0,0,99.99,0.0,0.0,0.0,0.0,0.0,0.0,0.0,0.0,0.0,0.0,0.0,0.0,5.93,-0.66,-58.97,0.0,0.0,0.0,100.0,0,0,534
204953,0,0,0,99.99,0.0,0.0,0.0,0.0,0.0,0.0,0.0,0.0,0.0,0.0,0.0,0.0,3.54,-7.51,-53.92,0.0,0.0,0.0,100.0,0,0,536
205153,0,0,0,99.99,0.0,0.0,0.0,0.0,0.0,0.0,0.0,0.0,0.0,0.0,0.0,0.0,2.54,-7.33,-49.91,0.0,0.0,0.0,100.0,0,0,536
205353,0,0,0,99.99,0.0,0.0,0.0,0.0,0.0,0.0,0.0,0.0,0.0,0.0,0.0,0.0,2.36,-6.89,-46.42,0.0,0.0,0.0,100.0,0,0,538
205553,0,0,0,99.99,0.0,0.0,0.0,0.0,0.0,0.0,0.0,0.0,0.0,0.0,0.0,0.0,1.63,-6.6,-43.35,0.0,0.0,0.0,100.0,0,0,544
205753,0,0,0,99.99,0.0,0.0,0.0,0.0,0.0,0.0,0.0,0.0,0.0,0.0,0.0,0.0,1.47,-6.33,-41.04,0.0,0.0,0.0,100.0,0,0,547
205953,0,0,0,99.99,0.0,0.0,0.0,0.0,0.0,0.0,0.0,0.0,0.0,0.0,0.0,0.0,1.56,-6.02,-38.97,0.0,0.0,0.0,100.0,0,0,547
206153,0,0,0,99.99,0.0,0.0,0.0,0.0,0.0,0.0,0.0,0.0,0.0,0.0,0.0,0.0,1.89,-5.6,-37.19,0.0,0.0,0.0,100.0,0,0,547
206353,0,0,0,99.99,0.0,0.0,0.0,0.0,0.0,0.0,0.0,0.0,0.0,0.0,0.0,0.0,1.87,-5.27,-35.87,0.0,0.0,0.0,100.0,0,0,553
206553,0,0,0,99.99,0.0,0.0,0.0,0.0,0.0,0.0,0.0,0.0,0.0,0.0,0.0,0.0,1.93,-4.92,-34.68,0.0,0.0,0.0,100.0,0,0,554
206753,0,0,0,99.99,0.0,0.0,0.0,0.0,0.0,0.0,0.0,0.0,0.0,0.0,0.0,0.0,2.53,-4.54,-33.43,0.0,0.0,0.0,100.0,0,0,554
206953,0,0,0,99.99,0.0,0.0,0.0,0.0,0.0,0.0,0.0,0.0,0.0,0.0,0.0,0.0,3.69,-4.04,-31.74,0.0,0.0,0.0,100.0,0,0,554
207153,0,0,0,99.99,0.0,0.0,0.0,0.0,0.0,0.0,0.0,0.0,0.0,0.0,0.0,0.0,0.61,5.13,-33.08,0.0,0.0,0.0,100.0,0,0,554
207353,0,0,0,99.99,0.0,0.0,0.0,0.0,0.0,0.0,0.0,0.0,0.0,0.0,0.0,0.0,-4.79,-3.02,-32.54,0.0,0.0,0.0,100.0,0,0,560
207553,0,0,0,99.99,0.0,0.0,0.0,0.0,0.0,0.0,0.0,0.0,0.0,0.0,0.0,0.0,-4.74,-14.05,-29.97,0.0,0.0,0.0,100.0,0,0,561
207753,0,0,0,99.99,0.0,0.0,0.0,0.0,0.0,0.0,0.0,0.0,0.0,0.0,0.0,0.0,-10.35,-30.22,-23.29,0.0,0.0,0.0,100.0,0,0,561
207953,0,0,0,99.99,0.0,0.0,0.0,0.0,0.0,0.0,0.0,0.0,0.0,0.0,0.0,0.0,-16.6,-38.74,-15.07,0.0,0.0,0.0,100.0,0,0,561
208153,0,0,0,99.99,0.0,0.0,0.0,0.0,0.0,0.0,0.0,0.0,0.0,0.0,0.0,0.0,-20.23,-42.51,-8.03,0.0,0.0,0.0,100.0,0,0,561
208353,0,0,0,99.99,0.0,0.0,0.0,0.0,0.0,0.0,0.0,0.0,0.0,0.0,0.0,0.0,-24.11,-44.72,-1.96,0.0,0.0,0.0,100.0,0,0,567
208553,0,0,0,99.99,0.0,0.0,0.0,0.0,0.0,0.0,0.0,0.0,0.0,0.0,0.0,0.0,-26.4,-45.19,2.91,0.0,0.0,0.0,100.0,0,0,567
208753,0,0,0,99.99,0.0,0.0,0.0,0.0,0.0,0.0,0.0,0.0,0.0,0.0,0.0,0.0,-28.09,-45.99,7.1,0.0,0.0,0.0,100.0,0,0,567
208953,0,0,0,99.99,0.0,0.0,0.0,0.0,0.0,0.0,0.0,0.0,0.0,0.0,0.0,0.0,-27.92,-45.06,9.55,0.0,0.0,0.0,100.0,0,0,567
209153,0,0,0,99.99,0.0,0.0,0.0,0.0,0.0,0.0,0.0,0.0,0.0,0.0,0.0,0.0,-27.24,-44.15,11.5,0.0,0.0,0.0,100.0,0,0,567
209353,0,0,0,99.99,0.0,0.0,0.0,0.0,0.0,0.0,0.0,0.0,0.0,0.0,0.0,0.0,-18.29,-27.87,6.02,0.0,0.0,0.0,99.9,0,0,573
209553,0,0,0,99.99,0.0,0.0,0.0,0.0,0.0,0.0,0.0,0.0,0.0,0.0,0.0,0.0,-8.32,2.16,-2.96,0.0,0.0,0.0,99.9,0,0,573
209753,0,0,0,99.99,0.0,0.0,0.0,0.0,0.0,0.0,0.0,0.0,0.0,0.0,0.0,0.0,-4.03,22.37,-11.3,0.0,0.0,0.0,99.9,0,0,573
209953,0,0,0,99.99,0.0,0.0,0.0,0.0,0.0,0.0,0.0,0.0,0.0,0.0,0.0,0.0,-6.25,31.66,-20.56,0.0,0.0,0.0,99.9,0,0,573
210153,0,0,0,99.99,0.0,0.0,0.0,0.0,0.0,0.0,0.0,0.0,0.0,0.0,0.0,0.0,-10.73,30.47,-27.62,0.0,0.0,0.0,99.9,0,0,573
210353,0,0,0,99.99,0.0,0.0,0.0,0.0,0.0,0.0,0.0,0.0,0.0,0.0,0.0,0.0,-15.79,27.25,-32.78,0.0,0.0,0.0,100.1,0,0,579
210553,0,0,0,99.99,0.0,0.0,0.0,0.0,0.0,0.0,0.0,0.0,0.0,0.0,0.0,0.0,-20.87,28.3,-37.57,0.0,0.0,0.0,100.1,0,0,579
210753,0,0,0,99.99,0.0,0.0,0.0,0.0,0.0,0.0,0.0,0.0,0.0,0.0,0.0,0.0,-26.27,29.31,-42.24,0.0,0.0,0.0,100.1,0,0,579
210953,0,0,0,99.99,0.0,0.0,0.0,0.0,0.0,0.0,0.0,0.0,0.0,0.0,0.0,0.0,-28.23,29.27,-43.77,0.0,0.0,0.0,100.1,0,0,579
211153,0,0,0,99.99,0.0,0.0,0.0,0.0,0.0,0.0,0.0,0.0,0.0,0.0,0.0,0.0,-27.05,26.27,-42.75,0.0,0.0,0.0,100.1,0,0,579
211353,0,0,0,99.99,0.0,0.0,0.0,0.0,0.0,0.0,0.0,0.0,0.0,0.0,0.0,0.0,-25.65,1.76,-33.62,0.0,0.0,0.0,100.0,0,0,585
211553,0,0,0,99.99,0.0,0.0,0.0,0.0,0.0,0.0,0.0,0.0,0.0,0.0,0.0,0.0,-26.55,-20.84,-25.76,0.0,0.0,0.0,100.0,0,0,585
211754,0,0,0,99.99,0.0,0.0,0.0,0.0,0.0,0.0,0.0,0.0,0.0,0.0,0.0,0.0,-40.9,-42.52,-7.46,0.0,0.0,0.0,100.0,0,0,585
211963,0,0,0,99.99,0.0,0.0,0.0,0.0,0.0,0.0,0.0,0.0,0.0,0.0,0.0,0.0,-45.81,-48.57,6.11,0.0,0.0,0.0,100.0,0,0,585
212163,0,0,0,99.99,0.0,0.0,0.0,0.0,0.0,0.0,0.0,0.0,0.0,0.0,0.0,0.0,-49.54,-53.12,17.23,0.0,0.0,0.0,100.0,0,0,585
212363,0,0,0,99.99,0.0,0.0,0.0,0.0,0.0,0.0,0.0,0.0,0.0,0.0,0.0,0.0,-47.71,-53.93,23.62,0.0,0.0,0.0,100.0,0,0,591
212563,0,0,0,99.99,0.0,0.0,0.0,0.0,0.0,0.0,0.0,0.0,0.0,0.0,0.0,0.0,-46.77,-54.23,29.31,0.0,0.0,0.0,100.0,0,0,591
212763,0,0,0,99.99,0.0,0.0,0.0,0.0,0.0,0.0,0.0,0.0,0.0,0.0,0.0,0.0,-46.24,-55.56,35.11,0.0,0.0,0.0,100.0,0,0,591
212963,0,0,0,99.99,0.0,0.0,0.0,0.0,0.0,0.0,0.0,0.0,0.0,0.0,0.0,0.0,-42.2,-55.99,37.96,0.0,0.0,0.0,100.0,0,0,591
213163,0,0,0,99.99,0.0,0.0,0.0,0.0,0.0,0.0,0.0,0.0,0.0,0.0,0.0,0.0,-45.32,-58.13,46.87,0.0,0.0,0.0,100.0,0,0,591
213363,0,0,0,99.99,0.0,0.0,0.0,0.0,0.0,0.0,0.0,0.0,0.0,0.0,0.0,0.0,-53.52,-61.14,59.64,0.0,0.0,0.0,99.9,0,0,597
213563,0,0,0,99.99,0.0,0.0,0.0,0.0,0.0,0.0,0.0,0.0,0.0,0.0,0.0,0.0,-48.41,-53.44,55.73,0.0,0.0,0.0,99.9,0,0,597
213764,0,0,0,99.99,0.0,0.0,0.0,0.0,0.0,0.0,0.0,0.0,0.0,0.0,0.0,0.0,-35.95,-32.65,39.8,0.0,0.0,0.0,99.9,0,0,597
213973,0,0,0,99.99,0.0,0.0,0.0,0.0,0.0,0.0,0.0,0.0,0.0,0.0,0.0,0.0,-30.16,-3.91,22.24,0.0,0.0,0.0,99.9,0,0,597
214173,0,0,0,99.99,0.0,0.0,0.0,0.0,0.0,0.0,0.0,0.0,0.0,0.0,0.0,0.0,-47.48,30.71,-9.33,0.0,0.0,0.0,99.9,0,0,597
214373,0,0,0,99.99,0.0,0.0,0.0,0.0,0.0,0.0,0.0,0.0,0.0,0.0,0.0,0.0,-76.33,47.55,-44.59,0.0,0.0,0.0,100.1,0,0,603
214573,0,0,0,99.99,0.0,0.0,0.0,0.0,0.0,0.0,0.0,0.0,0.0,0.0,0.0,0.0,-102.55,49.17,-79.63,0.0,0.0,0.0,100.1,0,0,603
214773,0,0,0,99.99,0.0,0.0,0.0,0.0,0.0,0.0,0.0,0.0,0.0,0.0,0.0,0.0,-122.37,47.69,-95.02,0.0,0.0,0.0,100.1,0,0,603
214973,0,0,0,99.99,0.0,0.0,0.0,0.0,0.0,0.0,0.0,0.0,0.0,0.0,0.0,0.0,-145.92,41.77,-110.9,0.0,0.0,0.0,100.1,0,0,603
215173,0,0,0,99.99,0.0,0.0,0.0,0.0,0.0,0.0,0.0,0.0,0.0,0.0,0.0,0.0,-165.14,18.91,-126.27,0.0,0.0,0.0,100.1,0,0,603
215373,0,0,0,99.99,0.0,0.0,0.0,0.0,0.0,0.0,0.0,0.0,0.0,0.0,0.0,0.0,-176.5,3.8,-132.61,0.0,0.0,0.0,100.0,0,0,609
215573,0,0,0,99.99,0.0,0.0,0.0,0.0,0.0,0.0,0.0,0.0,0.0,0.0,0.0,0.0,174.34,-3.29,-136.33,0.0,0.0,0.0,100.0,0,0,609
215773,0,0,0,99.99,0.0,0.0,0.0,0.0,0.0,0.0,0.0,0.0,0.0,0.0,0.0,0.0,170.85,-12.45,-135.88,0.0,0.0,0.0,100.0,0,0,609
215973,0,0,0,99.99,0.0,0.0,0.0,0.0,0.0,0.0,0.0,0.0,0.0,0.0,0.0,0.0,169.02,-12.24,-136.03,0.0,0.0,0.0,100.0,0,0,609
216173,0,0,0,99.99,0.0,0.0,0.0,0.0,0.0,0.0,0.0,0.0,0.0,0.0,0.0,0.0,170.76,-12.24,-134.11,0.0,0.0,0.0,100.0,0,0,609
216373,0,0,0,99.99,0.0,0.0,0.0,0.0,0.0,0.0,0.0,0.0,0.0,0.0,0.0,0.0,175.0,-9.75,-132.51,0.0,0.0,0.0,100.0,0,0,615
216573,0,0,0,99.99,0.0,0.0,0.0,0.0,0.0,0.0,0.0,0.0,0.0,0.0,0.0,0.0,176.66,-7.17,-130.69,0.0,0.0,0.0,100.0,0,0,615
216773,0,0,0,99.99,0.0,0.0,0.0,0.0,0.0,0.0,0.0,0.0,0.0,0.0,0.0,0.0,177.2,6.21,-127.54,0.0,0.0,0.0,100.0,0,0,615
216973,0,0,0,99.99,0.0,0.0,0.0,0.0,0.0,0.0,0.0,0.0,0.0,0.0,0.0,0.0,175.01,7.31,-123.73,0.0,0.0,0.0,100.0,0,0,615
217173,0,0,0,99.99,0.0,0.0,0.0,0.0,0.0,0.0,0.0,0.0,0.0,0.0,0.0,0.0,175.65,6.74,-117.61,0.0,0.0,0.0,100.0,0,0,615
217373,0,0,0,99.99,0.0,0.0,0.0,0.0,0.0,0.0,0.0,0.0,0.0,0.0,0.0,0.0,177.35,22.89,-109.35,0.0,0.0,0.0,100.0,0,0,621
217573,0,0,0,99.99,0.0,0.0,0.0,0.0,0.0,0.0,0.0,0.0,0.0,0.0,0.0,0.0,-174.28,61.28,-102.72,0.0,0.0,0.0,100.0,0,0,621
217773,0,0,0,99.99,0.0,0.0,0.0,0.0,0.0,0.0,0.0,0.0,0.0,0.0,0.0,0.0,-8.14,58.8,55.38,0.0,0.0,0.0,100.0,0,0,621
217973,0,0,0,99.99,0.0,0.0,0.0,0.0,0.0,0.0,0.0,0.0,0.0,0.0,0.0,0.0,-2.69,34.17,52.57,0.0,0.0,0.0,100.0,0,0,621
218173,0,0,0,99.99,0.0,0.0,0.0,0.0,0.0,0.0,0.0,0.0,0.0,0.0,0.0,0.0,-1.59,18.57,41.3,0.0,0.0,0.0,100.0,0,0,621
218373,0,0,0,99.99,0.0,0.0,0.0,0.0,0.0,0.0,0.0,0.0,0.0,0.0,0.0,0.0,-3.2,13.78,29.32,0.0,0.0,0.0,100.0,0,0,627
218573,0,0,0,99.99,0.0,0.0,0.0,0.0,0.0,0.0,0.0,0.0,0.0,0.0,0.0,0.0,-2.03,10.15,19.34,0.0,0.0,0.0,100.0,0,0,627
218773,0,0,0,99.99,0.0,0.0,0.0,0.0,0.0,0.0,0.0,0.0,0.0,0.0,0.0,0.0,-0.7,7.07,11.53,0.0,0.0,0.0,100.0,0,0,627
218973,0,0,0,99.99,0.0,0.0,0.0,0.0,0.0,0.0,0.0,0.0,0.0,0.0,0.0,0.0,5.04,-1.42,7.45,0.0,0.0,0.0,100.0,0,0,627
219173,0,0,0,99.99,0.0,0.0,0.0,0.0,0.0,0.0,0.0,0.0,0.0,0.0,0.0,0.0,6.28,-7.31,5.46,0.0,0.0,0.0,100.0,0,0,627
219373,0,0,0,99.99,0.0,0.0,0.0,0.0,0.0,0.0,0.0,0.0,0.0,0.0,0.0,0.0,3.23,-9.63,8.32,0.0,0.0,0.0,100.0,0,0,633
219573,0,0,0,99.99,0.0,0.0,0.0,0.0,0.0,0.0,0.0,0.0,0.0,0.0,0.0,0.0,-0.62,-6.58,12.76,0.0,0.0,0.0,100.0,0,0,633
219773,0,0,0,99.99,0.0,0.0,0.0,0.0,0.0,0.0,0.0,0.0,0.0,0.0,0.0,0.0,-3.03,-7.26,15.97,0.0,0.0,0.0,100.0,0,0,633
219973,0,0,0,99.99,0.0,0.0,0.0,0.0,0.0,0.0,0.0,0.0,0.0,0.0,0.0,0.0,-4.95,-7.72,18.9,0.0,0.0,0.0,100.0,0,0,633
220173,0,0,0,99.99,0.0,0.0,0.0,0.0,0.0,0.0,0.0,0.0,0.0,0.0,0.0,0.0,-5.89,-9.69,21.74,0.0,0.0,0.0,100.0,0,0,633
220373,0,0,0,99.99,0.0,0.0,0.0,0.0,0.0,0.0,0.0,0.0,0.0,0.0,0.0,0.0,-5.23,-8.64,25.01,0.0,0.0,0.0,100.0,0,0,639
220573,0,0,0,99.99,0.0,0.0,0.0,0.0,0.0,0.0,0.0,0.0,0.0,0.0,0.0,0.0,-0.73,3.63,25.91,0.0,0.0,0.0,100.0,0,0,639
220773,0,0,0,99.99,0.0,0.0,0.0,0.0,0.0,0.0,0.0,0.0,0.0,0.0,0.0,0.0,6.62,10.56,24.74,0.0,0.0,0.0,100.0,0,0,639
220973,0,0,0,99.99,0.0,0.0,0.0,0.0,0.0,0.0,0.0,0.0,0.0,0.0,0.0,0.0,13.07,11.04,22.01,0.0,0.0,0.0,100.0,0,0,639
221174,0,0,0,99.99,0.0,0.0,0.0,0.0,0.0,0.0,0.0,0.0,0.0,0.0,0.0,0.0,16.88,9.57,19.4,0.0,0.0,0.0,100.0,0,0,639
221383,0,0,0,99.99,0.0,0.0,0.0,0.0,0.0,0.0,0.0,0.0,0.0,0.0,0.0,0.0,18.74,8.63,16.71,0.0,0.0,0.0,100.0,0,0,645
221583,0,0,0,99.99,0.0,0.0,0.0,0.0,0.0,0.0,0.0,0.0,0.0,0.0,0.0,0.0,19.07,7.27,13.99,0.0,0.0,0.0,100.0,0,0,645
221783,0,0,0,99.99,0.0,0.0,0.0,0.0,0.0,0.0,0.0,0.0,0.0,0.0,0.0,0.0,18.95,5.75,12.19,0.0,0.0,0.0,100.0,0,0,645
221983,0,0,0,99.99,0.0,0.0,0.0,0.0,0.0,0.0,0.0,0.0,0.0,0.0,0.0,0.0,18.3,4.98,10.87,0.0,0.0,0.0,100.0,0,0,645
222183,0,0,0,99.99,0.0,0.0,0.0,0.0,0.0,0.0,0.0,0.0,0.0,0.0,0.0,0.0,17.94,5.69,9.71,0.0,0.0,0.0,100.0,0,0,645
222383,0,0,0,99.99,0.0,0.0,0.0,0.0,0.0,0.0,0.0,0.0,0.0,0.0,0.0,0.0,18.07,4.99,8.36,0.0,0.0,0.0,100.0,0,0,651
222583,0,0,0,99.99,0.0,0.0,0.0,0.0,0.0,0.0,0.0,0.0,0.0,0.0,0.0,0.0,17.79,5.0,7.12,0.0,0.0,0.0,100.0,0,0,651
222783,0,0,0,99.99,0.0,0.0,0.0,0.0,0.0,0.0,0.0,0.0,0.0,0.0,0.0,0.0,17.51,4.77,5.96,0.0,0.0,0.0,100.0,0,0,651
222983,0,0,0,99.99,0.0,0.0,0.0,0.0,0.0,0.0,0.0,0.0,0.0,0.0,0.0,0.0,17.13,4.4,4.98,0.0,0.0,0.0,100.0,0,0,651
223183,0,0,0,99.99,0.0,0.0,0.0,0.0,0.0,0.0,0.0,0.0,0.0,0.0,0.0,0.0,16.54,4.39,3.58,0.0,0.0,0.0,100.0,0,0,651
223383,0,0,0,99.99,0.0,0.0,0.0,0.0,0.0,0.0,0.0,0.0,0.0,0.0,0.0,0.0,16.27,3.93,2.33,0.0,0.0,0.0,100.0,0,0,657
223583,0,0,0,99.99,0.0,0.0,0.0,0.0,0.0,0.0,0.0,0.0,0.0,0.0,0.0,0.0,15.83,3.55,1.47,0.0,0.0,0.0,100.0,0,0,657
223783,0,0,0,99.99,0.0,0.0,0.0,0.0,0.0,0.0,0.0,0.0,0.0,0.0,0.0,0.0,15.41,3.55,0.61,0.0,0.0,0.0,100.0,0,0,657
223983,0,0,0,99.99,0.0,0.0,0.0,0.0,0.0,0.0,0.0,0.0,0.0,0.0,0.0,0.0,15.13,3.7,-0.28,0.0,0.0,0.0,100.0,0,0,657
224183,0,0,0,99.99,0.0,0.0,0.0,0.0,0.0,0.0,0.0,0.0,0.0,0.0,0.0,0.0,14.78,3.83,-1.04,0.0,0.0,0.0,100.0,0,0,657
224383,0,0,0,99.99,0.0,0.0,0.0,0.0,0.0,0.0,0.0,0.0,0.0,0.0,0.0,0.0,14.52,3.68,-1.84,0.0,0.0,0.0,100.0,0,0,663
224583,0,0,0,99.99,0.0,0.0,0.0,0.0,0.0,0.0,0.0,0.0,0.0,0.0,0.0,0.0,14.22,3.61,-2.82,0.0,0.0,0.0,100.0,0,0,663
224783,0,0,0,99.99,0.0,0.0,0.0,0.0,0.0,0.0,0.0,0.0,0.0,0.0,0.0,0.0,14.26,3.79,-3.47,0.0,0.0,0.0,100.0,0,0,663
224983,0,0,0,99.99,0.0,0.0,0.0,0.0,0.0,0.0,0.0,0.0,0.0,0.0,0.0,0.0,13.98,3.66,-4.3,0.0,0.0,0.0,100.0,0,0,663
225183,0,0,0,99.99,0.0,0.0,0.0,0.0,0.0,0.0,0.0,0.0,0.0,0.0,0.0,0.0,13.69,3.75,-5.08,0.0,0.0,0.0,100.0,0,0,663
225383,0,0,0,99.99,0.0,0.0,0.0,0.0,0.0,0.0,0.0,0.0,0.0,0.0,0.0,0.0,13.21,3.28,-5.68,0.0,0.0,0.0,100.0,0,0,669
225583,0,0,0,99.99,0.0,0.0,0.0,0.0,0.0,0.0,0.0,0.0,0.0,0.0,0.0,0.0,12.59,3.28,-6.14,0.0,0.0,0.0,100.0,0,0,669
225783,0,0,0,99.99,0.0,0.0,0.0,0.0,0.0,0.0,0.0,0.0,0.0,0.0,0.0,0.0,12.04,2.88,-6.67,0.0,0.0,0.0,100.0,0,0,669
225983,0,0,0,99.99,0.0,0.0,0.0,0.0,0.0,0.0,0.0,0.0,0.0,0.0,0.0,0.0,11.69,2.71,-7.12,0.0,0.0,0.0,100.0,0,0,669
226183,0,0,0,99.99,0.0,0.0,0.0,0.0,0.0,0.0,0.0,0.0,0.0,0.0,0.0,0.0,11.51,2.77,-7.48,0.0,0.0,0.0,100.0,0,0,669
226383,0,0,0,99.99,0.0,0.0,0.0,0.0,0.0,0.0,0.0,0.0,0.0,0.0,0.0,0.0,11.25,2.85,-7.93,0.0,0.0,0.0,100.0,0,0,675
226583,0,0,0,99.99,0.0,0.0,0.0,0.0,0.0,0.0,0.0,0.0,0.0,0.0,0.0,0.0,10.93,2.7,-8.18,0.0,0.0,0.0,100.0,0,0,675
226783,0,0,0,99.99,0.0,0.0,0.0,0.0,0.0,0.0,0.0,0.0,0.0,0.0,0.0,0.0,10.64,2.72,-8.51,0.0,0.0,0.0,100.0,0,0,675
226983,0,0,0,99.99,0.0,0.0,0.0,0.0,0.0,0.0,0.0,0.0,0.0,0.0,0.0,0.0,10.51,2.95,-8.86,0.0,0.0,0.0,100.0,0,0,675
227183,0,0,0,99.99,0.0,0.0,0.0,0.0,0.0,0.0,0.0,0.0,0.0,0.0,0.0,0.0,10.5,2.91,-9.26,0.0,0.0,0.0,100.0,0,0,675
227383,0,0,0,99.99,0.0,0.0,0.0,0.0,0.0,0.0,0.0,0.0,0.0,0.0,0.0,0.0,10.21,3.09,-9.22,0.0,0.0,0.0,100.0,0,0,681
227583,0,0,0,99.99,0.0,0.0,0.0,0.0,0.0,0.0,0.0,0.0,0.0,0.0,0.0,0.0,9.78,2.63,-9.19,0.0,0.0,0.0,100.0,0,0,681
227783,0,0,0,99.99,0.0,0.0,0.0,0.0,0.0,0.0,0.0,0.0,0.0,0.0,0.0,0.0,9.29,2.67,-9.53,0.0,0.0,0.0,100.0,0,0,681
227983,0,0,0,99.99,0.0,0.0,0.0,0.0,0.0,0.0,0.0,0.0,0.0,0.0,0.0,0.0,9.37,2.84,-10.04,0.0,0.0,0.0,100.0,0,0,681
228184,0,0,0,99.99,0.0,0.0,0.0,0.0,0.0,0.0,0.0,0.0,0.0,0.0,0.0,0.0,9.57,3.09,-10.33,0.0,0.0,0.0,100.0,0,0,682
228393,0,0,0,99.99,0.0,0.0,0.0,0.0,0.0,0.0,0.0,0.0,0.0,0.0,0.0,0.0,9.49,2.93,-10.67,0.0,0.0,0.0,100.0,0,0,687
228594,0,0,0,99.99,0.0,0.0,0.0,0.0,0.0,0.0,0.0,0.0,0.0,0.0,0.0,0.0,9.54,3.0,-11.04,0.0,0.0,0.0,100.0,0,0,687
228803,0,0,0,99.99,0.0,0.0,0.0,0.0,0.0,0.0,0.0,0.0,0.0,0.0,0.0,0.0,9.73,3.06,-11.45,0.0,0.0,0.0,100.0,0,0,687
229003,0,0,0,99.99,0.0,0.0,0.0,0.0,0.0,0.0,0.0,0.0,0.0,0.0,0.0,0.0,9.89,3.22,-11.96,0.0,0.0,0.0,100.0,0,0,687
229203,0,0,0,99.99,0.0,0.0,0.0,0.0,0.0,0.0,0.0,0.0,0.0,0.0,0.0,0.0,9.87,3.48,-12.42,0.0,0.0,0.0,100.0,0,0,688
229403,0,0,0,99.99,0.0,0.0,0.0,0.0,0.0,0.0,0.0,0.0,0.0,0.0,0.0,0.0,9.81,3.53,-12.77,0.0,0.0,0.0,100.0,0,0,693
229603,0,0,0,99.99,0.0,0.0,0.0,0.0,0.0,0.0,0.0,0.0,0.0,0.0,0.0,0.0,9.9,3.25,-13.19,0.0,0.0,0.0,100.0,0,0,693
229803,0,0,0,99.99,0.0,0.0,0.0,0.0,0.0,0.0,0.0,0.0,0.0,0.0,0.0,0.0,9.3,2.82,-14.18,0.0,0.0,0.0,100.0,0,0,693
230003,0,0,0,99.99,0.0,0.0,0.0,0.0,0.0,0.0,0.0,0.0,0.0,0.0,0.0,0.0,6.76,-2.72,-15.64,0.0,0.0,0.0,100.0,0,0,693
230207,0,0,0,99.99,0.0,0.0,0.0,0.0,0.0,0.0,0.0,0.0,0.0,0.0,0.0,0.0,1.93,-19.31,-15.03,0.0,0.0,0.0,100.0,0,0,695
230413,0,0,0,99.99,0.0,0.0,0.0,0.0,0.0,0.0,0.0,0.0,0.0,0.0,0.0,0.0,-3.67,-21.54,-10.49,0.0,0.0,0.0,100.0,0,0,699
230613,0,0,0,99.99,0.0,0.0,0.0,0.0,0.0,0.0,0.0,0.0,0.0,0.0,0.0,0.0,-7.74,-20.29,-6.96,0.0,0.0,0.0,100.0,0,0,699
230813,0,0,0,99.99,0.0,0.0,0.0,0.0,0.0,0.0,0.0,0.0,0.0,0.0,0.0,0.0,-10.02,-19.48,-4.34,0.0,0.0,0.0,100.0,0,0,699
231013,0,0,0,99.99,0.0,0.0,0.0,0.0,0.0,0.0,0.0,0.0,0.0,0.0,0.0,0.0,-11.02,-18.53,-2.35,0.0,0.0,0.0,100.0,0,0,699
231213,0,0,0,99.99,0.0,0.0,0.0,0.0,0.0,0.0,0.0,0.0,0.0,0.0,0.0,0.0,-11.68,-18.71,-0.68,0.0,0.0,0.0,100.0,0,0,701
231413,0,0,0,99.99,0.0,0.0,0.0,0.0,0.0,0.0,0.0,0.0,0.0,0.0,0.0,0.0,-12.05,-18.86,0.93,0.0,0.0,0.0,100.0,0,0,705
231613,0,0,0,99.99,0.0,0.0,0.0,0.0,0.0,0.0,0.0,0.0,0.0,0.0,0.0,0.0,-12.3,-19.02,2.44,0.0,0.0,0.0,100.0,0,0,705
231813,0,0,0,99.99,0.0,0.0,0.0,0.0,0.0,0.0,0.0,0.0,0.0,0.0,0.0,0.0,-12.39,-19.44,3.97,0.0,0.0,0.0,100.0,0,0,705
232013,0,0,0,99.99,0.0,0.0,0.0,0.0,0.0,0.0,0.0,0.0,0.0,0.0,0.0,0.0,-12.27,-19.88,5.46,0.0,0.0,0.0,100.0,0,0,705
232213,0,0,0,99.99,0.0,0.0,0.0,0.0,0.0,0.0,0.0,0.0,0.0,0.0,0.0,0.0,-12.76,-21.07,7.08,0.0,0.0,0.0,100.0,0,0,707
232413,0,0,0,99.99,0.0,0.0,0.0,0.0,0.0,0.0,0.0,0.0,0.0,0.0,0.0,0.0,-14.56,-23.53,9.42,0.0,0.0,0.0,100.0,0,0,711
232613,0,0,0,99.99,0.0,0.0,0.0,0.0,0.0,0.0,0.0,0.0,0.0,0.0,0.0,0.0,-16.31,-25.45,12.47,0.0,0.0,0.0,100.0,0,0,711
232813,0,0,0,99.99,0.0,0.0,0.0,0.0,0.0,0.0,0.0,0.0,0.0,0.0,0.0,0.0,-17.63,-27.15,15.69,0.0,0.0,0.0,100.0,0,0,711
233013,0,0,0,99.99,0.0,0.0,0.0,0.0,0.0,0.0,0.0,0.0,0.0,0.0,0.0,0.0,-18.8,-28.61,18.17,0.0,0.0,0.0,100.0,0,0,711
233213,0,0,0,99.99,0.0,0.0,0.0,0.0,0.0,0.0,0.0,0.0,0.0,0.0,0.0,0.0,-21.27,-30.19,21.57,0.0,0.0,0.0,100.0,0,0,713
233413,0,0,0,99.99,0.0,0.0,0.0,0.0,0.0,0.0,0.0,0.0,0.0,0.0,0.0,0.0,-23.54,-30.73,23.75,0.0,0.0,0.0,100.0,0,0,717
233613,0,0,0,99.99,0.0,0.0,0.0,0.0,0.0,0.0,0.0,0.0,0.0,0.0,0.0,0.0,-25.28,-31.08,24.83,0.0,0.0,0.0,100.0,0,0,717
233813,0,0,0,99.99,0.0,0.0,0.0,0.0,0.0,0.0,0.0,0.0,0.0,0.0,0.0,0.0,-26.48,-31.27,25.47,0.0,0.0,0.0,100.0,0,0,717
234013,0,0,0,99.99,0.0,0.0,0.0,0.0,0.0,0.0,0.0,0.0,0.0,0.0,0.0,0.0,-27.81,-31.42,25.31,0.0,0.0,0.0,100.0,0,0,717
234213,0,0,0,99.99,0.0,0.0,0.0,0.0,0.0,0.0,0.0,0.0,0.0,0.0,0.0,0.0,-28.59,-32.15,25.33,0.0,0.0,0.0,100.0,0,0,719
234413,0,0,0,99.99,0.0,0.0,0.0,0.0,0.0,0.0,0.0,0.0,0.0,0.0,0.0,0.0,-29.76,-32.75,25.46,0.0,0.0,0.0,99.8,0,0,723
234613,0,0,0,99.99,0.0,0.0,0.0,0.0,0.0,0.0,0.0,0.0,0.0,0.0,0.0,0.0,-31.62,-32.97,25.6,0.0,0.0,0.0,99.8,0,0,723
234813,0,0,0,99.99,0.0,0.0,0.0,0.0,0.0,0.0,0.0,0.0,0.0,0.0,0.0,0.0,-32.75,-32.96,25.3,0.0,0.0,0.0,99.8,0,0,723
235013,0,0,0,99.99,0.0,0.0,0.0,0.0,0.0,0.0,0.0,0.0,0.0,0.0,0.0,0.0,-32.88,-33.82,25.24,0.0,0.0,0.0,99.8,0,0,723
235213,0,0,0,99.99,0.0,0.0,0.0,0.0,0.0,0.0,0.0,0.0,0.0,0.0,0.0,0.0,-34.25,-34.29,25.41,0.0,0.0,0.0,99.8,0,0,725
235413,0,0,0,99.99,0.0,0.0,0.0,0.0,0.0,0.0,0.0,0.0,0.0,0.0,0.0,0.0,-36.69,-34.65,26.27,0.0,0.0,0.0,100.2,0,0,729
235613,0,0,0,99.99,0.0,0.0,0.0,0.0,0.0,0.0,0.0,0.0,0.0,0.0,0.0,0.0,-37.63,-35.24,27.34,0.0,0.0,0.0,100.2,0,0,729
235813,0,0,0,99.99,0.0,0.0,0.0,0.0,0.0,0.0,0.0,0.0,0.0,0.0,0.0,0.0,-37.88,-35.54,28.13,0.0,0.0,0.0,100.2,0,0,729
236013,0,0,0,99.99,0.0,0.0,0.0,0.0,0.0,0.0,0.0,0.0,0.0,0.0,0.0,0.0,-37.99,-35.86,28.85,0.0,0.0,0.0,100.2,0,0,729
236213,0,0,0,99.99,0.0,0.0,0.0,0.0,0.0,0.0,0.0,0.0,0.0,0.0,0.0,0.0,-37.85,-35.71,29.28,0.0,0.0,0.0,100.2,0,0,731
236413,0,0,0,99.99,0.0,0.0,0.0,0.0,0.0,0.0,0.0,0.0,0.0,0.0,0.0,0.0,-37.68,-35.66,29.59,0.0,0.0,0.0,100.0,0,0,735
236613,0,0,0,99.99,0.0,0.0,0.0,0.0,0.0,0.0,0.0,0.0,0.0,0.0,0.0,0.0,-37.57,-35.76,29.96,0.0,0.0,0.0,100.0,0,0,735
236813,0,0,0,99.99,0.0,0.0,0.0,0.0,0.0,0.0,0.0,0.0,0.0,0.0,0.0,0.0,-37.38,-35.68,30.17,0.0,0.0,0.0,100.0,0,0,735
237014,0,0,0,99.99,0.0,0.0,0.0,0.0,0.0,0.0,0.0,0.0,0.0,0.0,0.0,0.0,-36.92,-35.53,30.26,0.0,0.0,0.0,100.0,0,0,735
237223,0,0,0,99.99,0.0,0.0,0.0,0.0,0.0,0.0,0.0,0.0,0.0,0.0,0.0,0.0,-36.81,-35.51,30.33,0.0,0.0,0.0,100.0,0,0,737
237423,0,0,0,99.99,0.0,0.0,0.0,0.0,0.0,0.0,0.0,0.0,0.0,0.0,0.0,0.0,-35.29,-37.97,30.89,0.0,0.0,0.0,100.0,0,0,741
237623,0,0,0,99.99,0.0,0.0,0.0,0.0,0.0,0.0,0.0,0.0,0.0,0.0,0.0,0.0,-28.06,-46.89,30.62,0.0,0.0,0.0,100.0,0,0,741
237823,0,0,0,99.99,0.0,0.0,0.0,0.0,0.0,0.0,0.0,0.0,0.0,0.0,0.0,0.0,-27.41,-52.06,35.89,0.0,0.0,0.0,100.0,0,0,741
238023,0,0,0,99.99,0.0,0.0,0.0,0.0,0.0,0.0,0.0,0.0,0.0,0.0,0.0,0.0,-28.72,-53.44,40.43,0.0,0.0,0.0,100.0,0,0,741
238223,0,0,0,99.99,0.0,0.0,0.0,0.0,0.0,0.0,0.0,0.0,0.0,0.0,0.0,0.0,-30.01,-53.42,44.69,0.0,0.0,0.0,100.0,0,0,743
238423,0,0,0,99.99,0.0,0.0,0.0,0.0,0.0,0.0,0.0,0.0,0.0,0.0,0.0,0.0,-31.77,-54.48,49.17,0.0,0.0,0.0,100.0,0,0,747
238623,0,0,0,99.99,0.0,0.0,0.0,0.0,0.0,0.0,0.0,0.0,0.0,0.0,0.0,0.0,-30.78,-57.28,51.54,0.0,0.0,0.0,100.0,0,0,747
238823,0,0,0,99.99,0.0,0.0,0.0,0.0,0.0,0.0,0.0,0.0,0.0,0.0,0.0,0.0,-29.6,-59.59,54.65,0.0,0.0,0.0,100.0,0,0,747
239023,0,0,0,99.99,0.0,0.0,0.0,0.0,0.0,0.0,0.0,0.0,0.0,0.0,0.0,0.0,-30.81,-62.44,61.97,0.0,0.0,0.0,100.0,0,0,747
239223,0,0,0,99.99,0.0,0.0,0.0,0.0,0.0,0.0,0.0,0.0,0.0,0.0,0.0,0.0,-35.06,-65.13,70.22,0.0,0.0,0.0,100.0,0,0,749
239423,0,0,0,99.99,0.0,0.0,0.0,0.0,0.0,0.0,0.0,0.0,0.0,0.0,0.0,0.0,-35.41,-66.57,74.63,0.0,0.0,0.0,100.0,0,0,753
239623,0,0,0,99.99,0.0,0.0,0.0,0.0,0.0,0.0,0.0,0.0,0.0,0.0,0.0,0.0,-35.8,-67.98,78.74,0.0,0.0,0.0,100.0,0,0,753
239823,0,0,0,99.99,0.0,0.0,0.0,0.0,0.0,0.0,0.0,0.0,0.0,0.0,0.0,0.0,-36.74,-69.71,83.2,0.0,0.0,0.0,100.0,0,0,753
240023,0,0,0,99.99,0.0,0.0,0.0,0.0,0.0,0.0,0.0,0.0,0.0,0.0,0.0,0.0,-39.2,-72.24,88.92,0.0,0.0,0.0,100.0,0,0,753
240223,0,0,0,99.99,0.0,0.0,0.0,0.0,0.0,0.0,0.0,0.0,0.0,0.0,0.0,0.0,-38.67,-73.85,91.7,0.0,0.0,0.0,100.0,0,0,755
240423,0,0,0,99.99,0.0,0.0,0.0,0.0,0.0,0.0,0.0,0.0,0.0,0.0,0.0,0.0,-39.36,-75.5,95.23,0.0,0.0,0.0,100.0,0,0,759
240623,0,0,0,99.99,0.0,0.0,0.0,0.0,0.0,0.0,0.0,0.0,0.0,0.0,0.0,0.0,-40.94,-77.19,99.51,0.0,0.0,0.0,100.0,0,0,759
240823,0,0,0,99.99,0.0,0.0,0.0,0.0,0.0,0.0,0.0,0.0,0.0,0.0,0.0,0.0,-42.62,-78.9,103.64,0.0,0.0,0.0,100.0,0,0,759
241023,0,0,0,99.99,0.0,0.0,0.0,0.0,0.0,0.0,0.0,0.0,0.0,0.0,0.0,0.0,-45.15,-80.38,108.56,0.0,0.0,0.0,100.0,0,0,759
241223,0,0,0,99.99,0.0,0.0,0.0,0.0,0.0,0.0,0.0,0.0,0.0,0.0,0.0,0.0,-47.28,-81.17,112.65,0.0,0.0,0.0,100.0,0,0,761
241423,0,0,0,99.99,0.0,0.0,0.0,0.0,0.0,0.0,0.0,0.0,0.0,0.0,0.0,0.0,-50.24,-80.79,116.76,0.0,0.0,0.0,100.0,0,0,765
241623,0,0,0,99.99,0.0,0.0,0.0,0.0,0.0,0.0,0.0,0.0,0.0,0.0,0.0,0.0,-52.77,-81.31,120.54,0.0,0.0,0.0,100.0,0,0,765
241823,0,0,0,99.99,0.0,0.0,0.0,0.0,0.0,0.0,0.0,0.0,0.0,0.0,0.0,0.0,-57.67,-82.07,126.39,0.0,0.0,0.0,100.0,0,0,765
242023,0,0,0,99.99,0.0,0.0,0.0,0.0,0.0,0.0,0.0,0.0,0.0,0.0,0.0,0.0,-74.58,-84.14,144.23,0.0,0.0,0.0,100.0,0,0,765
242223,0,0,0,99.99,0.0,0.0,0.0,0.0,0.0,0.0,0.0,0.0,0.0,0.0,0.0,0.0,-115.99,-84.98,-173.45,0.0,0.0,0.0,100.0,0,0,767
242423,0,0,0,99.99,0.0,0.0,0.0,0.0,0.0,0.0,0.0,0.0,0.0,0.0,0.0,0.0,-153.27,-82.54,-135.07,0.0,0.0,0.0,100.0,0,0,771
242623,0,0,0,99.99,0.0,0.0,0.0,0.0,0.0,0.0,0.0,0.0,0.0,0.0,0.0,0.0,-170.02,-79.16,-117.58,0.0,0.0,0.0,100.0,0,0,771
242823,0,0,0,99.99,0.0,0.0,0.0,0.0,0.0,0.0,0.0,0.0,0.0,0.0,0.0,0.0,-176.69,-75.91,-109.94,0.0,0.0,0.0,100.0,0,0,771
243023,0,0,0,99.99,0.0,0.0,0.0,0.0,0.0,0.0,0.0,0.0,0.0,0.0,0.0,0.0,178.5,-70.08,-104.71,0.0,0.0,0.0,100.0,0,0,771
243227,0,0,0,99.99,0.0,0.0,0.0,0.0,0.0,0.0,0.0,0.0,0.0,0.0,0.0,0.0,176.22,-62.28,-102.23,0.0,0.0,0.0,100.0,0,0,773
243433,0,0,0,99.99,0.0,0.0,0.0,0.0,0.0,0.0,0.0,0.0,0.0,0.0,0.0,0.0,177.39,-53.5,-103.21,0.0,0.0,0.0,100.0,0,0,777
243633,0,0,0,99.99,0.0,0.0,0.0,0.0,0.0,0.0,0.0,0.0,0.0,0.0,0.0,0.0,177.72,-49.71,-104.28,0.0,0.0,0.0,100.0,0,0,777
243834,0,0,0,99.99,0.0,0.0,0.0,0.0,0.0,0.0,0.0,0.0,0.0,0.0,0.0,0.0,179.68,-46.43,-105.93,0.0,0.0,0.0,100.0,0,0,777
244044,0,0,0,99.99,0.0,0.0,0.0,0.0,0.0,0.0,0.0,0.0,0.0,0.0,0.0,0.0,-178.6,-42.21,-107.17,0.0,0.0,0.0,100.0,0,0,777
244253,0,0,0,99.99,0.0,0.0,0.0,0.0,0.0,0.0,0.0,0.0,0.0,0.0,0.0,0.0,-176.18,-34.74,-106.87,0.0,0.0,0.0,100.0,0,0,780
244453,0,0,0,99.99,0.0,0.0,0.0,0.0,0.0,0.0,0.0,0.0,0.0,0.0,0.0,0.0,-176.0,-29.76,-106.58,0.0,0.0,0.0,100.0,0,0,783
244653,0,0,0,99.99,0.0,0.0,0.0,0.0,0.0,0.0,0.0,0.0,0.0,0.0,0.0,0.0,-178.96,-23.04,-107.9,0.0,0.0,0.0,100.0,0,0,783
244853,0,0,0,99.99,0.0,0.0,0.0,0.0,0.0,0.0,0.0,0.0,0.0,0.0,0.0,0.0,177.38,-20.51,-108.72,0.0,0.0,0.0,100.0,0,0,783
245053,0,0,0,99.99,0.0,0.0,0.0,0.0,0.0,0.0,0.0,0.0,0.0,0.0,0.0,0.0,175.66,-17.59,-109.74,0.0,0.0,0.0,100.0,0,0,783
245253,0,0,0,99.99,0.0,0.0,0.0,0.0,0.0,0.0,0.0,0.0,0.0,0.0,0.0,0.0,172.21,-19.15,-108.83,0.0,0.0,0.0,100.0,0,0,786
245453,0,0,0,99.99,0.0,0.0,0.0,0.0,0.0,0.0,0.0,0.0,0.0,0.0,0.0,0.0,169.17,-19.45,-107.43,0.0,0.0,0.0,100.0,0,0,789
245653,0,0,0,99.99,0.0,0.0,0.0,0.0,0.0,0.0,0.0,0.0,0.0,0.0,0.0,0.0,166.27,-18.67,-106.26,0.0,0.0,0.0,100.0,0,0,789
245853,0,0,0,99.99,0.0,0.0,0.0,0.0,0.0,0.0,0.0,0.0,0.0,0.0,0.0,0.0,164.88,-20.07,-104.92,0.0,0.0,0.0,100.0,0,0,789
246053,0,0,0,99.99,0.0,0.0,0.0,0.0,0.0,0.0,0.0,0.0,0.0,0.0,0.0,0.0,164.26,-20.76,-103.66,0.0,0.0,0.0,100.0,0,0,789
246253,0,0,0,99.99,0.0,0.0,0.0,0.0,0.0,0.0,0.0,0.0,0.0,0.0,0.0,0.0,164.13,-21.25,-102.86,0.0,0.0,0.0,100.0,0,0,792
246453,0,0,0,99.99,0.0,0.0,0.0,0.0,0.0,0.0,0.0,0.0,0.0,0.0,0.0,0.0,164.08,-21.34,-102.15,0.0,0.0,0.0,100.0,0,0,795
246653,0,0,0,99.99,0.0,0.0,0.0,0.0,0.0,0.0,0.0,0.0,0.0,0.0,0.0,0.0,164.08,-21.34,-101.5,0.0,0.0,0.0,100.0,0,0,795
246853,0,0,0,99.99,0.0,0.0,0.0,0.0,0.0,0.0,0.0,0.0,0.0,0.0,0.0,0.0,163.95,-22.77,-101.11,0.0,0.0,0.0,100.0,0,0,795
247053,0,0,0,99.99,0.0,0.0,0.0,0.0,0.0,0.0,0.0,0.0,0.0,0.0,0.0,0.0,163.68,-25.77,-100.66,0.0,0.0,0.0,100.0,0,0,795
247253,0,0,0,99.99,0.0,0.0,0.0,0.0,0.0,0.0,0.0,0.0,0.0,0.0,0.0,0.0,160.86,-46.91,-91.88,0.0,0.0,0.0,100.0,0,0,798
247454,0,0,0,99.99,0.0,0.0,0.0,0.0,0.0,0.0,0.0,0.0,0.0,0.0,0.0,0.0,93.46,-78.03,-19.42,0.0,0.0,0.0,99.9,0,0,801
247663,0,0,0,99.99,0.0,0.0,0.0,0.0,0.0,0.0,0.0,0.0,0.0,0.0,0.0,0.0,8.31,-46.42,63.25,0.0,0.0,0.0,99.9,0,0,801
247863,0,0,0,99.99,0.0,0.0,0.0,0.0,0.0,0.0,0.0,0.0,0.0,0.0,0.0,0.0,20.35,-8.06,58.11,0.0,0.0,0.0,99.9,0,0,801
248063,0,0,0,99.99,0.0,0.0,0.0,0.0,0.0,0.0,0.0,0.0,0.0,0.0,0.0,0.0,19.79,-5.27,46.9,0.0,0.0,0.0,99.9,0,0,801
248263,0,0,0,99.99,0.0,0.0,0.0,0.0,0.0,0.0,0.0,0.0,0.0,0.0,0.0,0.0,19.65,-6.05,37.31,0.0,0.0,0.0,99.9,0,0,804
248463,0,0,0,99.99,0.0,0.0,0.0,0.0,0.0,0.0,0.0,0.0,0.0,0.0,0.0,0.0,19.43,-6.42,28.89,0.0,0.0,0.0,100.1,0,0,807
248663,0,0,0,99.99,0.0,0.0,0.0,0.0,0.0,0.0,0.0,0.0,0.0,0.0,0.0,0.0,18.61,-6.43,21.75,0.0,0.0,0.0,100.1,0,0,807
248863,0,0,0,99.99,0.0,0.0,0.0,0.0,0.0,0.0,0.0,0.0,0.0,0.0,0.0,0.0,17.68,-6.24,15.57,0.0,0.0,0.0,100.1,0,0,807
249063,0,0,0,99.99,0.0,0.0,0.0,0.0,0.0,0.0,0.0,0.0,0.0,0.0,0.0,0.0,16.32,-5.99,10.44,0.0,0.0,0.0,100.1,0,0,807
249263,0,0,0,99.99,0.0,0.0,0.0,0.0,0.0,0.0,0.0,0.0,0.0,0.0,0.0,0.0,15.43,-5.76,6.2,0.0,0.0,0.0,100.1,0,0,810
249463,0,0,0,99.99,0.0,0.0,0.0,0.0,0.0,0.0,0.0,0.0,0.0,0.0,0.0,0.0,14.23,-5.57,2.6,0.0,0.0,0.0,100.0,0,0,813
249663,0,0,0,99.99,0.0,0.0,0.0,0.0,0.0,0.0,0.0,0.0,0.0,0.0,0.0,0.0,13.28,-5.33,-0.37,0.0,0.0,0.0,100.0,0,0,813
249863,0,0,0,99.99,0.0,0.0,0.0,0.0,0.0,0.0,0.0,0.0,0.0,0.0,0.0,0.0,12.57,-5.15,-2.58,0.0,0.0,0.0,100.0,0,0,813
250063,0,0,0,99.99,0.0,0.0,0.0,0.0,0.0,0.0,0.0,0.0,0.0,0.0,0.0,0.0,11.03,-4.29,-4.66,0.0,0.0,0.0,100.0,0,0,813
250263,0,0,0,99.99,0.0,0.0,0.0,0.0,0.0,0.0,0.0,0.0,0.0,0.0,0.0,0.0,9.9,-4.02,-7.96,0.0,0.0,0.0,100.0,0,0,816
250463,0,0,0,99.99,0.0,0.0,0.0,0.0,0.0,0.0,0.0,0.0,0.0,0.0,0.0,0.0,9.05,-3.54,-14.37,0.0,0.0,0.0,100.0,0,0,819
250663,0,0,0,99.99,0.0,0.0,0.0,0.0,0.0,0.0,0.0,0.0,0.0,0.0,0.0,0.0,8.1,-3.6,-15.7,0.0,0.0,0.0,100.0,0,0,819
250863,0,0,0,99.99,0.0,0.0,0.0,0.0,0.0,0.0,0.0,0.0,0.0,0.0,0.0,0.0,7.19,-3.64,-16.56,0.0,0.0,0.0,100.0,0,0,819
251063,0,0,0,99.99,0.0,0.0,0.0,0.0,0.0,0.0,0.0,0.0,0.0,0.0,0.0,0.0,6.48,-3.68,-16.79,0.0,0.0,0.0,100.0,0,0,819
251263,0,0,0,99.99,0.0,0.0,0.0,0.0,0.0,0.0,0.0,0.0,0.0,0.0,0.0,0.0,5.89,-3.69,-17.06,0.0,0.0,0.0,100.0,0,0,822
251463,0,0,0,99.99,0.0,0.0,0.0,0.0,0.0,0.0,0.0,0.0,0.0,0.0,0.0,0.0,5.12,-3.66,-18.35,0.0,0.0,0.0,100.0,0,0,825
251663,0,0,0,99.99,0.0,0.0,0.0,0.0,0.0,0.0,0.0,0.0,0.0,0.0,0.0,0.0,4.55,-3.24,-22.26,0.0,0.0,0.0,100.0,0,0,825
251863,0,0,0,99.99,0.0,0.0,0.0,0.0,0.0,0.0,0.0,0.0,0.0,0.0,0.0,0.0,4.49,-2.76,-28.1,0.0,0.0,0.0,100.0,0,0,825
252063,0,0,0,99.99,0.0,0.0,0.0,0.0,0.0,0.0,0.0,0.0,0.0,0.0,0.0,0.0,3.75,-2.89,-30.23,0.0,0.0,0.0,100.0,0,0,825
252264,0,0,0,99.99,0.0,0.0,0.0,0.0,0.0,0.0,0.0,0.0,0.0,0.0,0.0,0.0,1.94,-3.41,-27.33,0.0,0.0,0.0,100.0,0,0,828
252473,0,0,0,99.99,0.0,0.0,0.0,0.0,0.0,0.0,0.0,0.0,0.0,0.0,0.0,0.0,0.37,-3.8,-25.79,0.0,0.0,0.0,100.0,0,0,831
252673,0,0,0,99.99,0.0,0.0,0.0,0.0,0.0,0.0,0.0,0.0,0.0,0.0,0.0,0.0,-0.47,-4.11,-21.58,0.0,0.0,0.0,100.0,0,0,831
252873,0,0,0,99.99,0.0,0.0,0.0,0.0,0.0,0.0,0.0,0.0,0.0,0.0,0.0,0.0,0.26,-3.92,-1.09,0.0,0.0,0.0,100.0,0,0,831
253073,0,0,0,99.99,0.0,0.0,0.0,0.0,0.0,0.0,0.0,0.0,0.0,0.0,0.0,0.0,-0.16,-4.3,15.79,0.0,0.0,0.0,100.0,0,0,831
253273,0,0,0,99.99,0.0,0.0,0.0,0.0,0.0,0.0,0.0,0.0,0.0,0.0,0.0,0.0,-0.4,-4.63,24.19,0.0,0.0,0.0,100.0,0,0,834
253473,0,0,0,99.99,0.0,0.0,0.0,0.0,0.0,0.0,0.0,0.0,0.0,0.0,0.0,0.0,-0.57,-4.8,22.69,0.0,0.0,0.0,100.0,0,0,837
253673,0,0,0,99.99,0.0,0.0,0.0,0.0,0.0,0.0,0.0,0.0,0.0,0.0,0.0,0.0,-1.0,-5.21,20.11,0.0,0.0,0.0,100.0,0,0,837
253873,0,0,0,99.99,0.0,0.0,0.0,0.0,0.0,0.0,0.0,0.0,0.0,0.0,0.0,0.0,1.68,-4.86,11.53,0.0,0.0,0.0,100.0,0,0,837
254073,0,0,0,99.99,0.0,0.0,0.0,0.0,0.0,0.0,0.0,0.0,0.0,0.0,0.0,0.0,6.25,-2.82,-25.54,0.0,0.0,0.0,100.0,0,0,837
254273,0,0,0,99.99,0.0,0.0,0.0,0.0,0.0,0.0,0.0,0.0,0.0,0.0,0.0,0.0,4.95,-0.75,-51.5,0.0,0.0,0.0,100.0,0,0,840
254473,0,0,0,99.99,0.0,0.0,0.0,0.0,0.0,0.0,0.0,0.0,0.0,0.0,0.0,0.0,2.76,-1.32,-59.79,0.0,0.0,0.0,100.0,0,0,843
254673,0,0,0,99.99,0.0,0.0,0.0,0.0,0.0,0.0,0.0,0.0,0.0,0.0,0.0,0.0,0.42,-3.01,-52.28,0.0,0.0,0.0,100.0,0,0,843
254873,0,0,0,99.99,0.0,0.0,0.0,0.0,0.0,0.0,0.0,0.0,0.0,0.0,0.0,0.0,1.29,-4.44,-14.62,0.0,0.0,0.0,100.0,0,0,843
255073,0,0,0,99.99,0.0,0.0,0.0,0.0,0.0,0.0,0.0,0.0,0.0,0.0,0.0,0.0,-1.14,-4.86,11.97,0.0,0.0,0.0,100.0,0,0,843
255273,0,0,0,99.99,0.0,0.0,0.0,0.0,0.0,0.0,0.0,0.0,0.0,0.0,0.0,0.0,2.77,-3.86,-24.15,0.0,0.0,0.0,100.0,0,0,846
255473,0,0,0,99.99,0.0,0.0,0.0,0.0,0.0,0.0,0.0,0.0,0.0,0.0,0.0,0.0,2.1,-4.83,-20.66,0.0,0.0,0.0,100.0,0,0,849
255673,0,0,0,99.99,0.0,0.0,0.0,0.0,0.0,0.0,0.0,0.0,0.0,0.0,0.0,0.0,2.27,-4.36,-19.21,0.0,0.0,0.0,100.0,0,0,849
255873,0,0,0,99.99,0.0,0.0,0.0,0.0,0.0,0.0,0.0,0.0,0.0,0.0,0.0,0.0,4.1,-5.95,-0.78,0.0,0.0,0.0,100.0,0,0,849
256073,0,0,0,99.99,0.0,0.0,0.0,0.0,0.0,0.0,0.0,0.0,0.0,0.0,0.0,0.0,3.59,-5.29,-8.41,0.0,0.0,0.0,100.0,0,0,849
256273,0,0,0,99.99,0.0,0.0,0.0,0.0,0.0,0.0,0.0,0.0,0.0,0.0,0.0,0.0,1.7,-6.01,-16.64,0.0,0.0,0.0,100.0,0,0,852
256473,0,0,0,99.99,0.0,0.0,0.0,0.0,0.0,0.0,0.0,0.0,0.0,0.0,0.0,0.0,0.3,-4.9,-23.0,0.0,0.0,0.0,100.0,0,0,855
256673,0,0,0,99.99,0.0,0.0,0.0,0.0,0.0,0.0,0.0,0.0,0.0,0.0,0.0,0.0,1.41,-4.05,-24.46,0.0,0.0,0.0,100.0,0,0,855
256873,0,0,0,99.99,0.0,0.0,0.0,0.0,0.0,0.0,0.0,0.0,0.0,0.0,0.0,0.0,2.07,-3.81,-35.95,0.0,0.0,0.0,100.0,0,0,855
257073,0,0,0,99.99,0.0,0.0,0.0,0.0,0.0,0.0,0.0,0.0,0.0,0.0,0.0,0.0,0.3,-5.05,-30.05,0.0,0.0,0.0,100.0,0,0,855
257273,0,0,0,99.99,0.0,0.0,0.0,0.0,0.0,0.0,0.0,0.0,0.0,0.0,0.0,0.0,-0.98,-3.5,16.36,0.0,0.0,0.0,100.0,0,0,858
257473,0,0,0,99.99,0.0,0.0,0.0,0.0,0.0,0.0,0.0,0.0,0.0,0.0,0.0,0.0,-0.52,-3.28,23.26,0.0,0.0,0.0,100.0,0,0,861
257673,0,0,0,99.99,0.0,0.0,0.0,0.0,0.0,0.0,0.0,0.0,0.0,0.0,0.0,0.0,4.2,-0.62,-12.77,0.0,0.0,0.0,100.0,0,0,861
257873,0,0,0,99.99,0.0,0.0,0.0,0.0,0.0,0.0,0.0,0.0,0.0,0.0,0.0,0.0,5.37,-0.42,-23.76,0.0,0.0,0.0,100.0,0,0,861
258073,0,0,0,99.99,0.0,0.0,0.0,0.0,0.0,0.0,0.0,0.0,0.0,0.0,0.0,0.0,5.8,-0.55,-30.38,0.0,0.0,0.0,100.0,0,0,861
258273,0,0,0,99.99,0.0,0.0,0.0,0.0,0.0,0.0,0.0,0.0,0.0,0.0,0.0,0.0,5.91,-0.89,-34.97,0.0,0.0,0.0,100.0,0,0,864
258473,0,0,0,99.99,0.0,0.0,0.0,0.0,0.0,0.0,0.0,0.0,0.0,0.0,0.0,0.0,5.78,-1.28,-38.42,0.0,0.0,0.0,100.0,0,0,867
258673,0,0,0,99.99,0.0,0.0,0.0,0.0,0.0,0.0,0.0,0.0,0.0,0.0,0.0,0.0,5.56,-1.72,-41.1,0.0,0.0,0.0,100.0,0,0,867
258873,0,0,0,99.99,0.0,0.0,0.0,0.0,0.0,0.0,0.0,0.0,0.0,0.0,0.0,0.0,5.3,-2.14,-43.17,0.0,0.0,0.0,100.0,0,0,867
259073,0,0,0,99.99,0.0,0.0,0.0,0.0,0.0,0.0,0.0,0.0,0.0,0.0,0.0,0.0,5.0,-2.54,-44.81,0.0,0.0,0.0,100.0,0,0,867
259273,0,0,0,99.99,0.0,0.0,0.0,0.0,0.0,0.0,0.0,0.0,0.0,0.0,0.0,0.0,4.69,-2.92,-46.18,0.0,0.0,0.0,100.0,0,0,870
259473,0,0,0,99.99,0.0,0.0,0.0,0.0,0.0,0.0,0.0,0.0,0.0,0.0,0.0,0.0,4.43,-3.28,-47.12,0.0,0.0,0.0,100.0,0,0,873
259673,0,0,0,99.99,0.0,0.0,0.0,0.0,0.0,0.0,0.0,0.0,0.0,0.0,0.0,0.0,4.21,-3.61,-47.86,0.0,0.0,0.0,100.0,0,0,873
259873,0,0,0,99.99,0.0,0.0,0.0,0.0,0.0,0.0,0.0,0.0,0.0,0.0,0.0,0.0,4.01,-3.86,-48.49,0.0,0.0,0.0,100.0,0,0,873
260073,0,0,0,99.99,0.0,0.0,0.0,0.0,0.0,0.0,0.0,0.0,0.0,0.0,0.0,0.0,3.82,-4.1,-48.95,0.0,0.0,0.0,100.0,0,0,873
260273,0,0,0,99.99,0.0,0.0,0.0,0.0,0.0,0.0,0.0,0.0,0.0,0.0,0.0,0.0,3.65,-4.31,-49.28,0.0,0.0,0.0,100.0,0,0,876
260473,0,0,0,99.99,0.0,0.0,0.0,0.0,0.0,0.0,0.0,0.0,0.0,0.0,0.0,0.0,3.5,-4.49,-49.54,0.0,0.0,0.0,100.0,0,0,879
260673,0,0,0,99.99,0.0,0.0,0.0,0.0,0.0,0.0,0.0,0.0,0.0,0.0,0.0,0.0,3.42,-4.64,-49.85,0.0,0.0,0.0,100.0,0,0,879
260873,0,0,0,99.99,0.0,0.0,0.0,0.0,0.0,0.0,0.0,0.0,0.0,0.0,0.0,0.0,3.33,-4.74,-50.1,0.0,0.0,0.0,100.0,0,0,879
261073,0,0,0,99.99,0.0,0.0,0.0,0.0,0.0,0.0,0.0,0.0,0.0,0.0,0.0,0.0,3.23,-4.85,-50.25,0.0,0.0,0.0,100.0,0,0,879
261273,0,0,0,99.99,0.0,0.0,0.0,0.0,0.0,0.0,0.0,0.0,0.0,0.0,0.0,0.0,3.15,-4.94,-50.36,0.0,0.0,0.0,100.0,0,0,882
261473,0,0,0,99.99,0.0,0.0,0.0,0.0,0.0,0.0,0.0,0.0,0.0,0.0,0.0,0.0,3.08,-5.02,-50.45,0.0,0.0,0.0,100.0,0,0,885
261673,0,0,0,99.99,0.0,0.0,0.0,0.0,0.0,0.0,0.0,0.0,0.0,0.0,0.0,0.0,3.03,-5.07,-50.55,0.0,0.0,0.0,100.0,0,0,885
261873,0,0,0,99.99,0.0,0.0,0.0,0.0,0.0,0.0,0.0,0.0,0.0,0.0,0.0,0.0,2.96,-5.12,-50.56,0.0,0.0,0.0,100.0,0,0,885
262073,0,0,0,99.99,0.0,0.0,0.0,0.0,0.0,0.0,0.0,0.0,0.0,0.0,0.0,0.0,2.94,-5.15,-50.63,0.0,0.0,0.0,100.0,0,0,885
262273,0,0,0,99.99,0.0,0.0,0.0,0.0,0.0,0.0,0.0,0.0,0.0,0.0,0.0,0.0,2.91,-5.18,-50.71,0.0,0.0,0.0,100.0,0,0,888
262473,0,0,0,99.99,0.0,0.0,0.0,0.0,0.0,0.0,0.0,0.0,0.0,0.0,0.0,0.0,2.89,-5.21,-50.72,0.0,0.0,0.0,100.0,0,0,891
262673,0,0,0,99.99,0.0,0.0,0.0,0.0,0.0,0.0,0.0,0.0,0.0,0.0,0.0,0.0,2.83,-5.25,-50.68,0.0,0.0,0.0,100.0,0,0,891
262873,0,0,0,99.99,0.0,0.0,0.0,0.0,0.0,0.0,0.0,0.0,0.0,0.0,0.0,0.0,2.81,-5.25,-50.71,0.0,0.0,0.0,100.0,0,0,891
263074,0,0,0,99.99,0.0,0.0,0.0,0.0,0.0,0.0,0.0,0.0,0.0,0.0,0.0,0.0,2.79,-5.25,-50.76,0.0,0.0,0.0,100.0,0,0,891
263283,0,0,0,99.99,0.0,0.0,0.0,0.0,0.0,0.0,0.0,0.0,0.0,0.0,0.0,0.0,2.78,-5.28,-50.69,0.0,0.0,0.0,100.0,0,0,894
263483,0,0,0,99.99,0.0,0.0,0.0,0.0,0.0,0.0,0.0,0.0,0.0,0.0,0.0,0.0,2.76,-5.31,-50.68,0.0,0.0,0.0,100.0,0,0,897
263683,0,0,0,99.99,0.0,0.0,0.0,0.0,0.0,0.0,0.0,0.0,0.0,0.0,0.0,0.0,2.77,-5.31,-50.74,0.0,0.0,0.0,100.0,0,0,897
263883,0,0,0,99.99,0.0,0.0,0.0,0.0,0.0,0.0,0.0,0.0,0.0,0.0,0.0,0.0,2.76,-5.3,-50.72,0.0,0.0,0.0,100.0,0,0,897
264083,0,0,0,99.99,0.0,0.0,0.0,0.0,0.0,0.0,0.0,0.0,0.0,0.0,0.0,0.0,2.75,-5.33,-50.69,0.0,0.0,0.0,100.0,0,0,897
264283,0,0,0,99.99,0.0,0.0,0.0,0.0,0.0,0.0,0.0,0.0,0.0,0.0,0.0,0.0,2.73,-5.32,-50.7,0.0,0.0,0.0,100.0,0,0,900
264483,0,0,0,99.99,0.0,0.0,0.0,0.0,0.0,0.0,0.0,0.0,0.0,0.0,0.0,0.0,2.71,-5.31,-50.69,0.0,0.0,0.0,100.0,0,0,903
264684,0,0,0,99.99,0.0,0.0,0.0,0.0,0.0,0.0,0.0,0.0,0.0,0.0,0.0,0.0,2.72,-5.3,-50.68,0.0,0.0,0.0,100.0,0,0,903
264893,0,0,0,99.99,0.0,0.0,0.0,0.0,0.0,0.0,0.0,0.0,0.0,0.0,0.0,0.0,2.71,-5.29,-50.66,0.0,0.0,0.0,100.0,0,0,903
265093,0,0,0,99.99,0.0,0.0,0.0,0.0,0.0,0.0,0.0,0.0,0.0,0.0,0.0,0.0,2.72,-5.28,-50.69,0.0,0.0,0.0,100.0,0,0,903
265293,0,0,0,99.99,0.0,0.0,0.0,0.0,0.0,0.0,0.0,0.0,0.0,0.0,0.0,0.0,2.71,-5.28,-50.68,0.0,0.0,0.0,100.0,0,0,907
265493,0,0,0,99.99,0.0,0.0,0.0,0.0,0.0,0.0,0.0,0.0,0.0,0.0,0.0,0.0,2.71,-5.29,-50.65,0.0,0.0,0.0,100.0,0,0,909
265693,0,0,0,99.99,0.0,0.0,0.0,0.0,0.0,0.0,0.0,0.0,0.0,0.0,0.0,0.0,2.69,-5.29,-50.58,0.0,0.0,0.0,100.0,0,0,909
265893,0,0,0,99.99,0.0,0.0,0.0,0.0,0.0,0.0,0.0,0.0,0.0,0.0,0.0,0.0,2.67,-5.29,-50.51,0.0,0.0,0.0,100.0,0,0,909
266093,0,0,0,99.99,0.0,0.0,0.0,0.0,0.0,0.0,0.0,0.0,0.0,0.0,0.0,0.0,2.67,-5.28,-50.5,0.0,0.0,0.0,100.0,0,0,909
266293,0,0,0,99.99,0.0,0.0,0.0,0.0,0.0,0.0,0.0,0.0,0.0,0.0,0.0,0.0,2.67,-5.27,-50.47,0.0,0.0,0.0,100.0,0,0,913
266493,0,0,0,99.99,0.0,0.0,0.0,0.0,0.0,0.0,0.0,0.0,0.0,0.0,0.0,0.0,2.66,-5.27,-50.47,0.0,0.0,0.0,100.0,0,0,915
266693,0,0,0,99.99,0.0,0.0,0.0,0.0,0.0,0.0,0.0,0.0,0.0,0.0,0.0,0.0,2.67,-5.24,-50.5,0.0,0.0,0.0,100.0,0,0,915
266893,0,0,0,99.99,0.0,0.0,0.0,0.0,0.0,0.0,0.0,0.0,0.0,0.0,0.0,0.0,2.66,-5.23,-50.51,0.0,0.0,0.0,100.0,0,0,915
267093,0,0,0,99.99,0.0,0.0,0.0,0.0,0.0,0.0,0.0,0.0,0.0,0.0,0.0,0.0,2.64,-5.23,-50.49,0.0,0.0,0.0,100.0,0,0,915
267293,0,0,0,99.99,0.0,0.0,0.0,0.0,0.0,0.0,0.0,0.0,0.0,0.0,0.0,0.0,2.64,-5.22,-50.48,0.0,0.0,0.0,100.0,0,0,919
267493,0,0,0,99.99,0.0,0.0,0.0,0.0,0.0,0.0,0.0,0.0,0.0,0.0,0.0,0.0,2.66,-5.21,-50.51,0.0,0.0,0.0,100.0,0,0,921
267693,0,0,0,99.99,0.0,0.0,0.0,0.0,0.0,0.0,0.0,0.0,0.0,0.0,0.0,0.0,2.66,-5.19,-50.52,0.0,0.0,0.0,100.0,0,0,921
267893,0,0,0,99.99,0.0,0.0,0.0,0.0,0.0,0.0,0.0,0.0,0.0,0.0,0.0,0.0,2.64,-5.19,-50.49,0.0,0.0,0.0,100.0,0,0,921
268093,0,0,0,99.99,0.0,0.0,0.0,0.0,0.0,0.0,0.0,0.0,0.0,0.0,0.0,0.0,2.64,-5.19,-50.47,0.0,0.0,0.0,100.0,0,0,921
268293,0,0,0,99.99,0.0,0.0,0.0,0.0,0.0,0.0,0.0,0.0,0.0,0.0,0.0,0.0,2.63,-5.18,-50.43,0.0,0.0,0.0,100.0,0,0,925
268493,0,0,0,99.99,0.0,0.0,0.0,0.0,0.0,0.0,0.0,0.0,0.0,0.0,0.0,0.0,2.63,-5.17,-50.42,0.0,0.0,0.0,100.0,0,0,927
268693,0,0,0,99.99,0.0,0.0,0.0,0.0,0.0,0.0,0.0,0.0,0.0,0.0,0.0,0.0,2.62,-5.16,-50.48,0.0,0.0,0.0,100.0,0,0,927
268893,0,0,0,99.99,0.0,0.0,0.0,0.0,0.0,0.0,0.0,0.0,0.0,0.0,0.0,0.0,2.63,-5.14,-50.53,0.0,0.0,0.0,100.0,0,0,927
269093,0,0,0,99.99,0.0,0.0,0.0,0.0,0.0,0.0,0.0,0.0,0.0,0.0,0.0,0.0,2.62,-5.14,-50.5,0.0,0.0,0.0,100.0,0,0,927
269293,0,0,0,99.99,0.0,0.0,0.0,0.0,0.0,0.0,0.0,0.0,0.0,0.0,0.0,0.0,2.61,-5.14,-50.47,0.0,0.0,0.0,100.0,0,0,931
269493,0,0,0,99.99,0.0,0.0,0.0,0.0,0.0,0.0,0.0,0.0,0.0,0.0,0.0,0.0,2.6,-5.12,-50.48,0.0,0.0,0.0,100.0,0,0,933
269693,0,0,0,99.99,0.0,0.0,0.0,0.0,0.0,0.0,0.0,0.0,0.0,0.0,0.0,0.0,2.6,-5.13,-50.46,0.0,0.0,0.0,100.0,0,0,933
269894,0,0,0,99.99,0.0,0.0,0.0,0.0,0.0,0.0,0.0,0.0,0.0,0.0,0.0,0.0,2.61,-5.13,-50.49,0.0,0.0,0.0,100.0,0,0,933
270103,0,0,0,99.99,0.0,0.0,0.0,0.0,0.0,0.0,0.0,0.0,0.0,0.0,0.0,0.0,2.6,-5.13,-50.44,0.0,0.0,0.0,100.0,0,0,933
270303,0,0,0,99.99,0.0,0.0,0.0,0.0,0.0,0.0,0.0,0.0,0.0,0.0,0.0,0.0,2.61,-5.13,-50.44,0.0,0.0,0.0,100.0,0,0,937
270503,0,0,0,99.99,0.0,0.0,0.0,0.0,0.0,0.0,0.0,0.0,0.0,0.0,0.0,0.0,2.61,-5.14,-50.43,0.0,0.0,0.0,100.0,0,0,939
270703,0,0,0,99.99,0.0,0.0,0.0,0.0,0.0,0.0,0.0,0.0,0.0,0.0,0.0,0.0,2.59,-5.13,-50.43,0.0,0.0,0.0,100.0,0,0,939
270903,0,0,0,99.99,0.0,0.0,0.0,0.0,0.0,0.0,0.0,0.0,0.0,0.0,0.0,0.0,2.59,-5.13,-50.42,0.0,0.0,0.0,100.0,0,0,939
271103,0,0,0,99.99,0.0,0.0,0.0,0.0,0.0,0.0,0.0,0.0,0.0,0.0,0.0,0.0,2.57,-5.13,-50.39,0.0,0.0,0.0,100.0,0,0,939
271303,0,0,0,99.99,0.0,0.0,0.0,0.0,0.0,0.0,0.0,0.0,0.0,0.0,0.0,0.0,2.55,-5.15,-50.36,0.0,0.0,0.0,100.0,0,0,943
271503,0,0,0,99.99,0.0,0.0,0.0,0.0,0.0,0.0,0.0,0.0,0.0,0.0,0.0,0.0,2.55,-5.15,-50.34,0.0,0.0,0.0,100.0,0,0,945
271703,0,0,0,99.99,0.0,0.0,0.0,0.0,0.0,0.0,0.0,0.0,0.0,0.0,0.0,0.0,2.55,-5.15,-50.34,0.0,0.0,0.0,100.0,0,0,945
271903,0,0,0,99.99,0.0,0.0,0.0,0.0,0.0,0.0,0.0,0.0,0.0,0.0,0.0,0.0,2.55,-5.14,-50.32,0.0,0.0,0.0,100.0,0,0,945
272103,0,0,0,99.99,0.0,0.0,0.0,0.0,0.0,0.0,0.0,0.0,0.0,0.0,0.0,0.0,2.55,-5.14,-50.29,0.0,0.0,0.0,100.0,0,0,945
272303,0,0,0,99.99,0.0,0.0,0.0,0.0,0.0,0.0,0.0,0.0,0.0,0.0,0.0,0.0,2.56,-5.12,-50.3,0.0,0.0,0.0,100.0,0,0,949
272503,0,0,0,99.99,0.0,0.0,0.0,0.0,0.0,0.0,0.0,0.0,0.0,0.0,0.0,0.0,2.57,-5.11,-50.27,0.0,0.0,0.0,100.0,0,0,951
272704,0,0,0,99.99,0.0,0.0,0.0,0.0,0.0,0.0,0.0,0.0,0.0,0.0,0.0,0.0,2.55,-5.1,-50.24,0.0,0.0,0.0,100.0,0,0,951
272913,0,0,0,99.99,0.0,0.0,0.0,0.0,0.0,0.0,0.0,0.0,0.0,0.0,0.0,0.0,2.54,-5.08,-50.26,0.0,0.0,0.0,100.0,0,0,951
273113,0,0,0,99.99,0.0,0.0,0.0,0.0,0.0,0.0,0.0,0.0,0.0,0.0,0.0,0.0,2.55,-5.09,-50.25,0.0,0.0,0.0,100.0,0,0,951
273313,0,0,0,99.99,0.0,0.0,0.0,0.0,0.0,0.0,0.0,0.0,0.0,0.0,0.0,0.0,2.54,-5.08,-50.2,0.0,0.0,0.0,100.0,0,0,955
273513,0,0,0,99.99,0.0,0.0,0.0,0.0,0.0,0.0,0.0,0.0,0.0,0.0,0.0,0.0,2.53,-5.06,-50.24,0.0,0.0,0.0,100.0,0,0,957
273713,0,0,0,99.99,0.0,0.0,0.0,0.0,0.0,0.0,0.0,0.0,0.0,0.0,0.0,0.0,2.53,-5.06,-50.23,0.0,0.0,0.0,100.0,0,0,957
273913,0,0,0,99.99,0.0,0.0,0.0,0.0,0.0,0.0,0.0,0.0,0.0,0.0,0.0,0.0,2.52,-5.06,-50.2,0.0,0.0,0.0,100.0,0,0,957
274113,0,0,0,99.99,0.0,0.0,0.0,0.0,0.0,0.0,0.0,0.0,0.0,0.0,0.0,0.0,2.51,-5.06,-50.15,0.0,0.0,0.0,100.0,0,0,957
274313,0,0,0,99.99,0.0,0.0,0.0,0.0,0.0,0.0,0.0,0.0,0.0,0.0,0.0,0.0,2.52,-5.05,-50.15,0.0,0.0,0.0,100.0,0,0,962
274513,0,0,0,99.99,0.0,0.0,0.0,0.0,0.0,0.0,0.0,0.0,0.0,0.0,0.0,0.0,2.52,-5.03,-50.14,0.0,0.0,0.0,100.0,0,0,963
274713,0,0,0,99.99,0.0,0.0,0.0,0.0,0.0,0.0,0.0,0.0,0.0,0.0,0.0,0.0,2.51,-5.02,-50.11,0.0,0.0,0.0,100.0,0,0,963
274913,0,0,0,99.99,0.0,0.0,0.0,0.0,0.0,0.0,0.0,0.0,0.0,0.0,0.0,0.0,2.51,-5.01,-50.12,0.0,0.0,0.0,100.0,0,0,963
275113,0,0,0,99.99,0.0,0.0,0.0,0.0,0.0,0.0,0.0,0.0,0.0,0.0,0.0,0.0,2.5,-5.01,-50.13,0.0,0.0,0.0,100.0,0,0,963
275313,0,0,0,99.99,0.0,0.0,0.0,0.0,0.0,0.0,0.0,0.0,0.0,0.0,0.0,0.0,2.51,-5.01,-50.16,0.0,0.0,0.0,100.0,0,0,968
275513,0,0,0,99.99,0.0,0.0,0.0,0.0,0.0,0.0,0.0,0.0,0.0,0.0,0.0,0.0,2.51,-4.99,-50.14,0.0,0.0,0.0,100.0,0,0,969
275713,0,0,0,99.99,0.0,0.0,0.0,0.0,0.0,0.0,0.0,0.0,0.0,0.0,0.0,0.0,2.49,-4.99,-50.08,0.0,0.0,0.0,100.0,0,0,969
275913,0,0,0,99.99,0.0,0.0,0.0,0.0,0.0,0.0,0.0,0.0,0.0,0.0,0.0,0.0,2.48,-4.98,-50.08,0.0,0.0,0.0,100.0,0,0,969
276113,0,0,0,99.99,0.0,0.0,0.0,0.0,0.0,0.0,0.0,0.0,0.0,0.0,0.0,0.0,2.48,-4.99,-50.05,0.0,0.0,0.0,100.0,0,0,969
276313,0,0,0,99.99,0.0,0.0,0.0,0.0,0.0,0.0,0.0,0.0,0.0,0.0,0.0,0.0,2.47,-4.98,-50.05,0.0,0.0,0.0,100.0,0,0,973
276513,0,0,0,99.99,0.0,0.0,0.0,0.0,0.0,0.0,0.0,0.0,0.0,0.0,0.0,0.0,2.48,-4.98,-50.05,0.0,0.0,0.0,100.0,0,0,975
276713,0,0,0,99.99,0.0,0.0,0.0,0.0,0.0,0.0,0.0,0.0,0.0,0.0,0.0,0.0,2.48,-4.96,-50.04,0.0,0.0,0.0,100.0,0,0,975
276913,0,0,0,99.99,0.0,0.0,0.0,0.0,0.0,0.0,0.0,0.0,0.0,0.0,0.0,0.0,2.46,-4.95,-49.99,0.0,0.0,0.0,100.0,0,0,975
277113,0,0,0,99.99,0.0,0.0,0.0,0.0,0.0,0.0,0.0,0.0,0.0,0.0,0.0,0.0,2.46,-4.93,-49.99,0.0,0.0,0.0,100.0,0,0,975
277314,0,0,0,99.99,0.0,0.0,0.0,0.0,0.0,0.0,0.0,0.0,0.0,0.0,0.0,0.0,2.46,-4.93,-49.98,0.0,0.0,0.0,100.0,0,0,980
277523,0,0,0,99.99,0.0,0.0,0.0,0.0,0.0,0.0,0.0,0.0,0.0,0.0,0.0,0.0,2.48,-4.94,-50.0,0.0,0.0,0.0,100.0,0,0,981
277723,0,0,0,99.99,0.0,0.0,0.0,0.0,0.0,0.0,0.0,0.0,0.0,0.0,0.0,0.0,2.49,-4.93,-50.06,0.0,0.0,0.0,100.0,0,0,981
277923,0,0,0,99.99,0.0,0.0,0.0,0.0,0.0,0.0,0.0,0.0,0.0,0.0,0.0,0.0,2.49,-4.92,-50.06,0.0,0.0,0.0,100.0,0,0,981
278123,0,0,0,99.99,0.0,0.0,0.0,0.0,0.0,0.0,0.0,0.0,0.0,0.0,0.0,0.0,2.49,-4.92,-50.05,0.0,0.0,0.0,100.0,0,0,981
278323,0,0,0,99.99,0.0,0.0,0.0,0.0,0.0,0.0,0.0,0.0,0.0,0.0,0.0,0.0,2.5,-4.91,-50.06,0.0,0.0,0.0,100.0,0,0,986
278523,0,0,0,99.99,0.0,0.0,0.0,0.0,0.0,0.0,0.0,0.0,0.0,0.0,0.0,0.0,2.5,-4.91,-50.09,0.0,0.0,0.0,100.0,0,0,987
278723,0,0,0,99.99,0.0,0.0,0.0,0.0,0.0,0.0,0.0,0.0,0.0,0.0,0.0,0.0,2.48,-4.93,-50.03,0.0,0.0,0.0,100.0,0,0,987
278923,0,0,0,99.99,0.0,0.0,0.0,0.0,0.0,0.0,0.0,0.0,0.0,0.0,0.0,0.0,2.47,-4.92,-50.03,0.0,0.0,0.0,100.0,0,0,987
279123,0,0,0,99.99,0.0,0.0,0.0,0.0,0.0,0.0,0.0,0.0,0.0,0.0,0.0,0.0,2.47,-4.91,-50.04,0.0,0.0,0.0,100.0,0,0,987
279323,0,0,0,99.99,0.0,0.0,0.0,0.0,0.0,0.0,0.0,0.0,0.0,0.0,0.0,0.0,2.47,-4.91,-50.04,0.0,0.0,0.0,100.0,0,0,992
279523,0,0,0,99.99,0.0,0.0,0.0,0.0,0.0,0.0,0.0,0.0,0.0,0.0,0.0,0.0,2.46,-4.91,-49.97,0.0,0.0,0.0,100.0,0,0,993
279723,0,0,0,99.99,0.0,0.0,0.0,0.0,0.0,0.0,0.0,0.0,0.0,0.0,0.0,0.0,2.46,-4.91,-49.97,0.0,0.0,0.0,100.0,0,0,993
279923,0,0,0,99.99,0.0,0.0,0.0,0.0,0.0,0.0,0.0,0.0,0.0,0.0,0.0,0.0,2.48,-4.91,-50.01,0.0,0.0,0.0,100.0,0,0,993
280123,0,0,0,99.99,0.0,0.0,0.0,0.0,0.0,0.0,0.0,0.0,0.0,0.0,0.0,0.0,2.48,-4.91,-49.99,0.0,0.0,0.0,100.0,0,0,993
280323,0,0,0,99.99,0.0,0.0,0.0,0.0,0.0,0.0,0.0,0.0,0.0,0.0,0.0,0.0,2.47,-4.92,-49.9,0.0,0.0,0.0,100.0,0,0,998
280523,0,0,0,99.99,0.0,0.0,0.0,0.0,0.0,0.0,0.0,0.0,0.0,0.0,0.0,0.0,2.46,-4.91,-49.87,0.0,0.0,0.0,100.0,0,0,999
280723,0,0,0,99.99,0.0,0.0,0.0,0.0,0.0,0.0,0.0,0.0,0.0,0.0,0.0,0.0,2.46,-4.88,-49.89,0.0,0.0,0.0,100.0,0,0,999
280923,0,0,0,99.99,0.0,0.0,0.0,0.0,0.0,0.0,0.0,0.0,0.0,0.0,0.0,0.0,2.46,-4.87,-49.9,0.0,0.0,0.0,100.0,0,0,999
281123,0,0,0,99.99,0.0,0.0,0.0,0.0,0.0,0.0,0.0,0.0,0.0,0.0,0.0,0.0,2.45,-4.87,-49.89,0.0,0.0,0.0,100.0,0,0,999
281323,0,0,0,99.99,0.0,0.0,0.0,0.0,0.0,0.0,0.0,0.0,0.0,0.0,0.0,0.0,2.43,-4.86,-49.86,0.0,0.0,0.0,100.0,0,0,1004
281523,0,0,0,99.99,0.0,0.0,0.0,0.0,0.0,0.0,0.0,0.0,0.0,0.0,0.0,0.0,2.43,-4.85,-49.88,0.0,0.0,0.0,100.0,0,0,1005
281723,0,0,0,99.99,0.0,0.0,0.0,0.0,0.0,0.0,0.0,0.0,0.0,0.0,0.0,0.0,2.43,-4.85,-49.83,0.0,0.0,0.0,100.0,0,0,1005
281923,0,0,0,99.99,0.0,0.0,0.0,0.0,0.0,0.0,0.0,0.0,0.0,0.0,0.0,0.0,2.44,-4.84,-49.87,0.0,0.0,0.0,100.0,0,0,1005
282123,0,0,0,99.99,0.0,0.0,0.0,0.0,0.0,0.0,0.0,0.0,0.0,0.0,0.0,0.0,2.43,-4.84,-49.86,0.0,0.0,0.0,100.0,0,0,1005
282323,0,0,0,99.99,0.0,0.0,0.0,0.0,0.0,0.0,0.0,0.0,0.0,0.0,0.0,0.0,2.42,-4.84,-49.84,0.0,0.0,0.0,100.0,0,0,1010
282523,0,0,0,99.99,0.0,0.0,0.0,0.0,0.0,0.0,0.0,0.0,0.0,0.0,0.0,0.0,2.42,-4.84,-49.85,0.0,0.0,0.0,100.0,0,0,1011
282723,0,0,0,99.99,0.0,0.0,0.0,0.0,0.0,0.0,0.0,0.0,0.0,0.0,0.0,0.0,2.42,-4.85,-49.81,0.0,0.0,0.0,100.0,0,0,1011
282923,0,0,0,99.99,0.0,0.0,0.0,0.0,0.0,0.0,0.0,0.0,0.0,0.0,0.0,0.0,2.42,-4.86,-49.76,0.0,0.0,0.0,100.0,0,0,1011
283123,0,0,0,99.99,0.0,0.0,0.0,0.0,0.0,0.0,0.0,0.0,0.0,0.0,0.0,0.0,2.41,-4.86,-49.77,0.0,0.0,0.0,100.0,0,0,1011
283323,0,0,0,99.99,0.0,0.0,0.0,0.0,0.0,0.0,0.0,0.0,0.0,0.0,0.0,0.0,2.42,-4.83,-49.8,0.0,0.0,0.0,100.0,0,0,1016
283523,0,0,0,99.99,0.0,0.0,0.0,0.0,0.0,0.0,0.0,0.0,0.0,0.0,0.0,0.0,2.41,-4.83,-49.78,0.0,0.0,0.0,100.0,0,0,1017
283723,0,0,0,99.99,0.0,0.0,0.0,0.0,0.0,0.0,0.0,0.0,0.0,0.0,0.0,0.0,2.42,-4.83,-49.72,0.0,0.0,0.0,100.0,0,0,1017
283924,0,0,0,99.99,0.0,0.0,0.0,0.0,0.0,0.0,0.0,0.0,0.0,0.0,0.0,0.0,2.42,-4.81,-49.73,0.0,0.0,0.0,100.0,0,0,1017
284133,0,0,0,99.99,0.0,0.0,0.0,0.0,0.0,0.0,0.0,0.0,0.0,0.0,0.0,0.0,2.41,-4.81,-49.72,0.0,0.0,0.0,100.0,0,0,1017
284333,0,0,0,99.99,0.0,0.0,0.0,0.0,0.0,0.0,0.0,0.0,0.0,0.0,0.0,0.0,2.41,-4.79,-49.72,0.0,0.0,0.0,100.0,0,0,1023
284533,0,0,0,99.99,0.0,0.0,0.0,0.0,0.0,0.0,0.0,0.0,0.0,0.0,0.0,0.0,2.41,-4.79,-49.71,0.0,0.0,0.0,100.0,0,0,1023
284733,0,0,0,99.99,0.0,0.0,0.0,0.0,0.0,0.0,0.0,0.0,0.0,0.0,0.0,0.0,2.41,-4.78,-49.73,0.0,0.0,0.0,100.0,0,0,1023
284933,0,0,0,99.99,0.0,0.0,0.0,0.0,0.0,0.0,0.0,0.0,0.0,0.0,0.0,0.0,2.41,-4.78,-49.7,0.0,0.0,0.0,100.0,0,0,1023
285133,0,0,0,99.99,0.0,0.0,0.0,0.0,0.0,0.0,0.0,0.0,0.0,0.0,0.0,0.0,2.4,-4.78,-49.72,0.0,0.0,0.0,100.0,0,0,1023
285333,0,0,0,99.99,0.0,0.0,0.0,0.0,0.0,0.0,0.0,0.0,0.0,0.0,0.0,0.0,2.39,-4.79,-49.69,0.0,0.0,0.0,100.0,0,0,1029
285533,0,0,0,99.99,0.0,0.0,0.0,0.0,0.0,0.0,0.0,0.0,0.0,0.0,0.0,0.0,2.38,-4.77,-49.71,0.0,0.0,0.0,100.0,0,0,1029
285733,0,0,0,99.99,0.0,0.0,0.0,0.0,0.0,0.0,0.0,0.0,0.0,0.0,0.0,0.0,2.39,-4.75,-49.73,0.0,0.0,0.0,100.0,0,0,1029
285933,0,0,0,99.99,0.0,0.0,0.0,0.0,0.0,0.0,0.0,0.0,0.0,0.0,0.0,0.0,2.39,-4.75,-49.69,0.0,0.0,0.0,100.0,0,0,1029
286133,0,0,0,99.99,0.0,0.0,0.0,0.0,0.0,0.0,0.0,0.0,0.0,0.0,0.0,0.0,2.38,-4.75,-49.68,0.0,0.0,0.0,100.0,0,0,1029
286333,0,0,0,99.99,0.0,0.0,0.0,0.0,0.0,0.0,0.0,0.0,0.0,0.0,0.0,0.0,2.38,-4.73,-49.76,0.0,0.0,0.0,100.0,0,0,1035
286533,0,0,0,99.99,0.0,0.0,0.0,0.0,0.0,0.0,0.0,0.0,0.0,0.0,0.0,0.0,2.39,-4.72,-49.81,0.0,0.0,0.0,100.0,0,0,1035
286733,0,0,0,99.99,0.0,0.0,0.0,0.0,0.0,0.0,0.0,0.0,0.0,0.0,0.0,0.0,2.38,-4.73,-49.79,0.0,0.0,0.0,100.0,0,0,1035
286933,0,0,0,99.99,0.0,0.0,0.0,0.0,0.0,0.0,0.0,0.0,0.0,0.0,0.0,0.0,2.37,-4.72,-49.81,0.0,0.0,0.0,100.0,0,0,1035
287133,0,0,0,99.99,0.0,0.0,0.0,0.0,0.0,0.0,0.0,0.0,0.0,0.0,0.0,0.0,2.37,-4.7,-49.82,0.0,0.0,0.0,100.0,0,0,1035
287333,0,0,0,99.99,0.0,0.0,0.0,0.0,0.0,0.0,0.0,0.0,0.0,0.0,0.0,0.0,2.36,-4.7,-49.79,0.0,0.0,0.0,100.0,0,0,1040
287533,0,0,0,99.99,0.0,0.0,0.0,0.0,0.0,0.0,0.0,0.0,0.0,0.0,0.0,0.0,2.36,-4.7,-49.76,0.0,0.0,0.0,100.0,0,0,1041
287733,0,0,0,99.99,0.0,0.0,0.0,0.0,0.0,0.0,0.0,0.0,0.0,0.0,0.0,0.0,2.37,-4.71,-49.76,0.0,0.0,0.0,100.0,0,0,1041
287933,0,0,0,99.99,0.0,0.0,0.0,0.0,0.0,0.0,0.0,0.0,0.0,0.0,0.0,0.0,2.37,-4.7,-49.77,0.0,0.0,0.0,100.0,0,0,1041
288133,0,0,0,99.99,0.0,0.0,0.0,0.0,0.0,0.0,0.0,0.0,0.0,0.0,0.0,0.0,2.37,-4.68,-49.78,0.0,0.0,0.0,100.0,0,0,1041
288334,0,0,0,99.99,0.0,0.0,0.0,0.0,0.0,0.0,0.0,0.0,0.0,0.0,0.0,0.0,2.37,-4.68,-49.76,0.0,0.0,0.0,100.0,0,0,1047
288543,0,0,0,99.99,0.0,0.0,0.0,0.0,0.0,0.0,0.0,0.0,0.0,0.0,0.0,0.0,2.36,-4.69,-49.77,0.0,0.0,0.0,100.0,0,0,1047
288743,0,0,0,99.99,0.0,0.0,0.0,0.0,0.0,0.0,0.0,0.0,0.0,0.0,0.0,0.0,2.36,-4.69,-49.76,0.0,0.0,0.0,100.0,0,0,1047
288943,0,0,0,99.99,0.0,0.0,0.0,0.0,0.0,0.0,0.0,0.0,0.0,0.0,0.0,0.0,2.37,-4.67,-49.86,0.0,0.0,0.0,100.0,0,0,1047
289143,0,0,0,99.99,0.0,0.0,0.0,0.0,0.0,0.0,0.0,0.0,0.0,0.0,0.0,0.0,2.38,-4.67,-49.94,0.0,0.0,0.0,100.0,0,0,1047
289343,0,0,0,99.99,0.0,0.0,0.0,0.0,0.0,0.0,0.0,0.0,0.0,0.0,0.0,0.0,2.38,-4.64,-50.03,0.0,0.0,0.0,100.0,0,0,1053
289543,0,0,0,99.99,0.0,0.0,0.0,0.0,0.0,0.0,0.0,0.0,0.0,0.0,0.0,0.0,2.38,-4.64,-50.11,0.0,0.0,0.0,100.0,0,0,1053
289743,0,0,0,99.99,0.0,0.0,0.0,0.0,0.0,0.0,0.0,0.0,0.0,0.0,0.0,0.0,2.37,-4.65,-50.12,0.0,0.0,0.0,100.0,0,0,1053
289943,0,0,0,99.99,0.0,0.0,0.0,0.0,0.0,0.0,0.0,0.0,0.0,0.0,0.0,0.0,2.38,-4.64,-50.16,0.0,0.0,0.0,100.0,0,0,1053
290143,0,0,0,99.99,0.0,0.0,0.0,0.0,0.0,0.0,0.0,0.0,0.0,0.0,0.0,0.0,2.37,-4.64,-50.15,0.0,0.0,0.0,100.0,0,0,1053
290343,0,0,0,99.99,0.0,0.0,0.0,0.0,0.0,0.0,0.0,0.0,0.0,0.0,0.0,0.0,2.35,-4.66,-50.1,0.0,0.0,0.0,100.0,0,0,1059
290544,0,0,0,99.99,0.0,0.0,0.0,0.0,0.0,0.0,0.0,0.0,0.0,0.0,0.0,0.0,2.33,-4.68,-50.09,0.0,0.0,0.0,100.0,0,0,1059
290753,0,0,0,99.99,0.0,0.0,0.0,0.0,0.0,0.0,0.0,0.0,0.0,0.0,0.0,0.0,2.32,-4.68,-50.02,0.0,0.0,0.0,100.0,0,0,1059
290953,0,0,0,99.99,0.0,0.0,0.0,0.0,0.0,0.0,0.0,0.0,0.0,0.0,0.0,0.0,2.3,-4.69,-49.92,0.0,0.0,0.0,100.0,0,0,1059
291153,0,0,0,99.99,0.0,0.0,0.0,0.0,0.0,0.0,0.0,0.0,0.0,0.0,0.0,0.0,2.28,-4.7,-49.83,0.0,0.0,0.0,100.0,0,0,1059
291353,0,0,0,99.99,0.0,0.0,0.0,0.0,0.0,0.0,0.0,0.0,0.0,0.0,0.0,0.0,2.27,-4.7,-49.76,0.0,0.0,0.0,100.0,0,0,1065
291553,0,0,0,99.99,0.0,0.0,0.0,0.0,0.0,0.0,0.0,0.0,0.0,0.0,0.0,0.0,2.27,-4.68,-49.74,0.0,0.0,0.0,100.0,0,0,1065
291753,0,0,0,99.99,0.0,0.0,0.0,0.0,0.0,0.0,0.0,0.0,0.0,0.0,0.0,0.0,2.27,-4.68,-49.75,0.0,0.0,0.0,100.0,0,0,1065
291953,0,0,0,99.99,0.0,0.0,0.0,0.0,0.0,0.0,0.0,0.0,0.0,0.0,0.0,0.0,2.3,-4.67,-49.73,0.0,0.0,0.0,100.0,0,0,1065
292153,0,0,0,99.99,0.0,0.0,0.0,0.0,0.0,0.0,0.0,0.0,0.0,0.0,0.0,0.0,2.3,-4.66,-49.75,0.0,0.0,0.0,100.0,0,0,1065
292353,0,0,0,99.99,0.0,0.0,0.0,0.0,0.0,0.0,0.0,0.0,0.0,0.0,0.0,0.0,2.3,-4.67,-49.73,0.0,0.0,0.0,100.0,0,0,1071
292553,0,0,0,99.99,0.0,0.0,0.0,0.0,0.0,0.0,0.0,0.0,0.0,0.0,0.0,0.0,2.28,-4.67,-49.66,0.0,0.0,0.0,100.0,0,0,1071
292753,0,0,0,99.99,0.0,0.0,0.0,0.0,0.0,0.0,0.0,0.0,0.0,0.0,0.0,0.0,2.28,-4.64,-49.67,0.0,0.0,0.0,100.0,0,0,1071
292953,0,0,0,99.99,0.0,0.0,0.0,0.0,0.0,0.0,0.0,0.0,0.0,0.0,0.0,0.0,2.0,-4.71,-49.66,0.0,0.0,0.0,100.0,0,0,1071
293153,0,0,0,99.99,0.0,0.0,0.0,0.0,0.0,0.0,0.0,0.0,0.0,0.0,0.0,0.0,2.07,-4.67,-49.75,0.0,0.0,0.0,100.0,0,0,1071
293353,0,0,0,99.99,0.0,0.0,0.0,0.0,0.0,0.0,0.0,0.0,0.0,0.0,0.0,0.0,2.13,-4.65,-49.81,0.0,0.0,0.0,100.0,0,0,1077
293553,0,0,0,99.99,0.0,0.0,0.0,0.0,0.0,0.0,0.0,0.0,0.0,0.0,0.0,0.0,2.17,-4.62,-49.85,0.0,0.0,0.0,100.0,0,0,1077
293753,0,0,0,99.99,0.0,0.0,0.0,0.0,0.0,0.0,0.0,0.0,0.0,0.0,0.0,0.0,2.2,-4.59,-49.89,0.0,0.0,0.0,100.0,0,0,1077
293953,0,0,0,99.99,0.0,0.0,0.0,0.0,0.0,0.0,0.0,0.0,0.0,0.0,0.0,0.0,2.22,-4.58,-49.95,0.0,0.0,0.0,100.0,0,0,1077
294153,0,0,0,99.99,0.0,0.0,0.0,0.0,0.0,0.0,0.0,0.0,0.0,0.0,0.0,0.0,2.23,-4.57,-49.99,0.0,0.0,0.0,100.0,0,0,1077
294353,0,0,0,99.99,0.0,0.0,0.0,0.0,0.0,0.0,0.0,0.0,0.0,0.0,0.0,0.0,2.24,-4.58,-49.98,0.0,0.0,0.0,100.0,0,0,1083
294553,0,0,0,99.99,0.0,0.0,0.0,0.0,0.0,0.0,0.0,0.0,0.0,0.0,0.0,0.0,2.24,-4.57,-49.96,0.0,0.0,0.0,100.0,0,0,1083
294753,0,0,0,99.99,0.0,0.0,0.0,0.0,0.0,0.0,0.0,0.0,0.0,0.0,0.0,0.0,2.25,-4.56,-49.98,0.0,0.0,0.0,100.0,0,0,1083
294953,0,0,0,99.99,0.0,0.0,0.0,0.0,0.0,0.0,0.0,0.0,0.0,0.0,0.0,0.0,2.27,-4.56,-49.99,0.0,0.0,0.0,100.0,0,0,1083
295153,0,0,0,99.99,0.0,0.0,0.0,0.0,0.0,0.0,0.0,0.0,0.0,0.0,0.0,0.0,2.28,-4.55,-50.0,0.0,0.0,0.0,100.0,0,0,1083
295353,0,0,0,99.99,0.0,0.0,0.0,0.0,0.0,0.0,0.0,0.0,0.0,0.0,0.0,0.0,2.28,-4.54,-50.03,0.0,0.0,0.0,100.0,0,0,1089
295554,0,0,0,99.99,0.0,0.0,0.0,0.0,0.0,0.0,0.0,0.0,0.0,0.0,0.0,0.0,2.28,-4.56,-50.0,0.0,0.0,0.0,100.0,0,0,1089
295763,0,0,0,99.99,0.0,0.0,0.0,0.0,0.0,0.0,0.0,0.0,0.0,0.0,0.0,0.0,2.27,-4.57,-49.97,0.0,0.0,0.0,100.0,0,0,1089
295963,0,0,0,99.99,0.0,0.0,0.0,0.0,0.0,0.0,0.0,0.0,0.0,0.0,0.0,0.0,2.28,-4.55,-49.98,0.0,0.0,0.0,100.0,0,0,1089
296163,0,0,0,99.99,0.0,0.0,0.0,0.0,0.0,0.0,0.0,0.0,0.0,0.0,0.0,0.0,2.28,-4.54,-50.01,0.0,0.0,0.0,100.0,0,0,1089
296363,0,0,0,99.99,0.0,0.0,0.0,0.0,0.0,0.0,0.0,0.0,0.0,0.0,0.0,0.0,2.26,-4.54,-50.0,0.0,0.0,0.0,100.0,0,0,1095
296563,0,0,0,99.99,0.0,0.0,0.0,0.0,0.0,0.0,0.0,0.0,0.0,0.0,0.0,0.0,2.27,-4.54,-50.02,0.0,0.0,0.0,100.0,0,0,1095
296763,0,0,0,99.99,0.0,0.0,0.0,0.0,0.0,0.0,0.0,0.0,0.0,0.0,0.0,0.0,2.27,-4.53,-50.01,0.0,0.0,0.0,100.0,0,0,1095
296963,0,0,0,99.99,0.0,0.0,0.0,0.0,0.0,0.0,0.0,0.0,0.0,0.0,0.0,0.0,2.28,-4.52,-50.04,0.0,0.0,0.0,100.0,0,0,1095
297163,0,0,0,99.99,0.0,0.0,0.0,0.0,0.0,0.0,0.0,0.0,0.0,0.0,0.0,0.0,2.27,-4.52,-50.06,0.0,0.0,0.0,100.0,0,0,1095
297363,0,0,0,99.99,0.0,0.0,0.0,0.0,0.0,0.0,0.0,0.0,0.0,0.0,0.0,0.0,2.26,-4.52,-50.07,0.0,0.0,0.0,100.0,0,0,1101
297563,0,0,0,99.99,0.0,0.0,0.0,0.0,0.0,0.0,0.0,0.0,0.0,0.0,0.0,0.0,2.26,-4.51,-50.08,0.0,0.0,0.0,100.0,0,0,1101
297763,0,0,0,99.99,0.0,0.0,0.0,0.0,0.0,0.0,0.0,0.0,0.0,0.0,0.0,0.0,2.27,-4.51,-50.08,0.0,0.0,0.0,100.0,0,0,1101
297963,0,0,0,99.99,0.0,0.0,0.0,0.0,0.0,0.0,0.0,0.0,0.0,0.0,0.0,0.0,2.26,-4.53,-50.0,0.0,0.0,0.0,100.0,0,0,1101
298163,0,0,0,99.99,0.0,0.0,0.0,0.0,0.0,0.0,0.0,0.0,0.0,0.0,0.0,0.0,2.24,-4.55,-49.88,0.0,0.0,0.0,100.0,0,0,1101
298363,0,0,0,99.99,0.0,0.0,0.0,0.0,0.0,0.0,0.0,0.0,0.0,0.0,0.0,0.0,2.21,-4.57,-49.72,0.0,0.0,0.0,100.0,0,0,1107
298563,0,0,0,99.99,0.0,0.0,0.0,0.0,0.0,0.0,0.0,0.0,0.0,0.0,0.0,0.0,2.19,-4.57,-49.59,0.0,0.0,0.0,100.0,0,0,1107
298763,0,0,0,99.99,0.0,0.0,0.0,0.0,0.0,0.0,0.0,0.0,0.0,0.0,0.0,0.0,2.2,-4.57,-49.51,0.0,0.0,0.0,100.0,0,0,1107
298963,0,0,0,99.99,0.0,0.0,0.0,0.0,0.0,0.0,0.0,0.0,0.0,0.0,0.0,0.0,2.22,-4.54,-49.39,0.0,0.0,0.0,100.0,0,0,1107
299163,0,0,0,99.99,0.0,0.0,0.0,0.0,0.0,0.0,0.0,0.0,0.0,0.0,0.0,0.0,2.22,-4.55,-49.32,0.0,0.0,0.0,100.0,0,0,1107
299363,0,0,0,99.99,0.0,0.0,0.0,0.0,0.0,0.0,0.0,0.0,0.0,0.0,0.0,0.0,2.21,-4.54,-49.26,0.0,0.0,0.0,100.0,0,0,1113
299563,0,0,0,99.99,0.0,0.0,0.0,0.0,0.0,0.0,0.0,0.0,0.0,0.0,0.0,0.0,2.23,-4.5,-49.36,0.0,0.0,0.0,100.0,0,0,1113
299763,0,0,0,99.99,0.0,0.0,0.0,0.0,0.0,0.0,0.0,0.0,0.0,0.0,0.0,0.0,2.25,-4.46,-49.5,0.0,0.0,0.0,100.0,0,0,1113
299963,0,0,0,99.99,0.0,0.0,0.0,0.0,0.0,0.0,0.0,0.0,0.0,0.0,0.0,0.0,2.27,-4.44,-49.62,0.0,0.0,0.0,100.0,0,0,1113
300163,0,0,0,99.99,0.0,0.0,0.0,0.0,0.0,0.0,0.0,0.0,0.0,0.0,0.0,0.0,2.27,-4.44,-49.65,0.0,0.0,0.0,100.0,0,0,1113
300363,0,0,0,99.99,0.0,0.0,0.0,0.0,0.0,0.0,0.0,0.0,0.0,0.0,0.0,0.0,2.27,-4.44,-49.7,0.0,0.0,0.0,100.0,0,0,1119
300563,0,0,0,99.99,0.0,0.0,0.0,0.0,0.0,0.0,0.0,0.0,0.0,0.0,0.0,0.0,2.27,-4.43,-49.77,0.0,0.0,0.0,100.0,0,0,1119
300763,0,0,0,99.99,0.0,0.0,0.0,0.0,0.0,0.0,0.0,0.0,0.0,0.0,0.0,0.0,2.27,-4.41,-49.83,0.0,0.0,0.0,100.0,0,0,1119
300963,0,0,0,99.99,0.0,0.0,0.0,0.0,0.0,0.0,0.0,0.0,0.0,0.0,0.0,0.0,2.27,-4.41,-49.82,0.0,0.0,0.0,100.0,0,0,1119
301163,0,0,0,99.99,0.0,0.0,0.0,0.0,0.0,0.0,0.0,0.0,0.0,0.0,0.0,0.0,2.27,-4.43,-49.84,0.0,0.0,0.0,100.0,0,0,1119
301363,0,0,0,99.99,0.0,0.0,0.0,0.0,0.0,0.0,0.0,0.0,0.0,0.0,0.0,0.0,2.27,-4.43,-49.88,0.0,0.0,0.0,100.0,0,0,1125
301563,0,0,0,99.99,0.0,0.0,0.0,0.0,0.0,0.0,0.0,0.0,0.0,0.0,0.0,0.0,2.26,-4.44,-49.89,0.0,0.0,0.0,100.0,0,0,1125
301763,0,0,0,99.99,0.0,0.0,0.0,0.0,0.0,0.0,0.0,0.0,0.0,0.0,0.0,0.0,2.26,-4.46,-49.91,0.0,0.0,0.0,100.0,0,0,1125
301963,0,0,0,99.99,0.0,0.0,0.0,0.0,0.0,0.0,0.0,0.0,0.0,0.0,0.0,0.0,2.24,-4.47,-49.8,0.0,0.0,0.0,100.0,0,0,1125
302163,0,0,0,99.99,0.0,0.0,0.0,0.0,0.0,0.0,0.0,0.0,0.0,0.0,0.0,0.0,2.2,-4.49,-49.61,0.0,0.0,0.0,100.0,0,0,1125
302363,0,0,0,99.99,0.0,0.0,0.0,0.0,0.0,0.0,0.0,0.0,0.0,0.0,0.0,0.0,2.2,-4.48,-49.58,0.0,0.0,0.0,100.0,0,0,1131
302563,0,0,0,99.99,0.0,0.0,0.0,0.0,0.0,0.0,0.0,0.0,0.0,0.0,0.0,0.0,2.19,-4.5,-49.52,0.0,0.0,0.0,100.0,0,0,1131
302763,0,0,0,99.99,0.0,0.0,0.0,0.0,0.0,0.0,0.0,0.0,0.0,0.0,0.0,0.0,2.19,-4.48,-49.5,0.0,0.0,0.0,100.0,0,0,1131
302963,0,0,0,99.99,0.0,0.0,0.0,0.0,0.0,0.0,0.0,0.0,0.0,0.0,0.0,0.0,2.19,-4.48,-49.45,0.0,0.0,0.0,100.0,0,0,1131
303163,0,0,0,99.99,0.0,0.0,0.0,0.0,0.0,0.0,0.0,0.0,0.0,0.0,0.0,0.0,2.18,-4.48,-49.4,0.0,0.0,0.0,100.0,0,0,1131
303363,0,0,0,99.99,0.0,0.0,0.0,0.0,0.0,0.0,0.0,0.0,0.0,0.0,0.0,0.0,2.17,-4.45,-49.34,0.0,0.0,0.0,100.0,0,0,1137
303563,0,0,0,99.99,0.0,0.0,0.0,0.0,0.0,0.0,0.0,0.0,0.0,0.0,0.0,0.0,2.18,-4.43,-49.36,0.0,0.0,0.0,100.0,0,0,1137
303763,0,0,0,99.99,0.0,0.0,0.0,0.0,0.0,0.0,0.0,0.0,0.0,0.0,0.0,0.0,2.17,-4.41,-49.34,0.0,0.0,0.0,100.0,0,0,1137
