t_ms,initialized,gps_fix,satellites,hdop,gps_lat,gps_lon,gps_alt_m,est_lat,est_lon,est_alt_m,e_m,n_m,u_m,ve_mps,vn_mps,vu_mps,roll_deg,pitch_deg,yaw_deg,innov_xy_m,sigma_e_m,sigma_n_m,imu_hz,gps_updates,gps_rejects,nmea_count
23624,0,0,0,99.0,0.0,0.0,0.0,0.0,0.0,0.0,0.0,0.0,0.0,0.0,0.0,0.0,172.51,52.34,-109.74,0.0,0.0,0.0,0.0,0,0,3
23833,0,0,0,99.0,0.0,0.0,0.0,0.0,0.0,0.0,0.0,0.0,0.0,0.0,0.0,0.0,171.28,53.17,-117.95,0.0,0.0,0.0,0.0,0,0,3
24033,0,0,0,99.0,0.0,0.0,0.0,0.0,0.0,0.0,0.0,0.0,0.0,0.0,0.0,0.0,170.54,53.54,-124.15,0.0,0.0,0.0,0.0,0,0,3
24233,0,0,0,99.0,0.0,0.0,0.0,0.0,0.0,0.0,0.0,0.0,0.0,0.0,0.0,0.0,170.21,53.6,-128.96,0.0,0.0,0.0,0.0,0,0,3
24433,0,0,0,99.0,0.0,0.0,0.0,0.0,0.0,0.0,0.0,0.0,0.0,0.0,0.0,0.0,170.16,53.5,-132.67,0.0,0.0,0.0,101.0,0,0,5
24633,0,0,0,99.99,0.0,0.0,0.0,0.0,0.0,0.0,0.0,0.0,0.0,0.0,0.0,0.0,170.29,53.32,-135.52,0.0,0.0,0.0,101.0,0,0,9
24833,0,0,0,99.99,0.0,0.0,0.0,0.0,0.0,0.0,0.0,0.0,0.0,0.0,0.0,0.0,170.54,53.08,-137.7,0.0,0.0,0.0,101.0,0,0,9
25034,0,0,0,99.99,0.0,0.0,0.0,0.0,0.0,0.0,0.0,0.0,0.0,0.0,0.0,0.0,170.87,52.83,-139.36,0.0,0.0,0.0,101.0,0,0,9
25243,0,0,0,99.99,0.0,0.0,0.0,0.0,0.0,0.0,0.0,0.0,0.0,0.0,0.0,0.0,171.23,52.57,-140.68,0.0,0.0,0.0,101.0,0,0,9
25443,0,0,0,99.99,0.0,0.0,0.0,0.0,0.0,0.0,0.0,0.0,0.0,0.0,0.0,0.0,171.59,52.33,-141.64,0.0,0.0,0.0,100.0,0,0,11
25643,0,0,0,99.99,0.0,0.0,0.0,0.0,0.0,0.0,0.0,0.0,0.0,0.0,0.0,0.0,171.93,52.11,-142.37,0.0,0.0,0.0,100.0,0,0,15
25843,0,0,0,99.99,0.0,0.0,0.0,0.0,0.0,0.0,0.0,0.0,0.0,0.0,0.0,0.0,172.26,51.89,-142.92,0.0,0.0,0.0,100.0,0,0,15
26043,0,0,0,99.99,0.0,0.0,0.0,0.0,0.0,0.0,0.0,0.0,0.0,0.0,0.0,0.0,172.55,51.72,-143.35,0.0,0.0,0.0,100.0,0,0,15
26243,0,0,0,99.99,0.0,0.0,0.0,0.0,0.0,0.0,0.0,0.0,0.0,0.0,0.0,0.0,172.81,51.56,-143.69,0.0,0.0,0.0,100.0,0,0,15
26444,0,0,0,99.99,0.0,0.0,0.0,0.0,0.0,0.0,0.0,0.0,0.0,0.0,0.0,0.0,173.04,51.42,-143.95,0.0,0.0,0.0,100.0,0,0,17
26644,0,0,0,99.99,0.0,0.0,0.0,0.0,0.0,0.0,0.0,0.0,0.0,0.0,0.0,0.0,173.22,51.31,-144.16,0.0,0.0,0.0,100.0,0,0,21
26853,0,0,0,99.99,0.0,0.0,0.0,0.0,0.0,0.0,0.0,0.0,0.0,0.0,0.0,0.0,173.4,51.21,-144.33,0.0,0.0,0.0,100.0,0,0,21
27054,0,0,0,99.99,0.0,0.0,0.0,0.0,0.0,0.0,0.0,0.0,0.0,0.0,0.0,0.0,173.54,51.12,-144.44,0.0,0.0,0.0,100.0,0,0,21
27263,0,0,0,99.99,0.0,0.0,0.0,0.0,0.0,0.0,0.0,0.0,0.0,0.0,0.0,0.0,173.69,51.04,-144.52,0.0,0.0,0.0,100.0,0,0,21
27463,0,0,0,99.99,0.0,0.0,0.0,0.0,0.0,0.0,0.0,0.0,0.0,0.0,0.0,0.0,173.79,50.98,-144.61,0.0,0.0,0.0,100.0,0,0,24
27663,0,0,0,99.99,0.0,0.0,0.0,0.0,0.0,0.0,0.0,0.0,0.0,0.0,0.0,0.0,173.9,50.92,-144.64,0.0,0.0,0.0,100.0,0,0,27
27863,0,0,0,99.99,0.0,0.0,0.0,0.0,0.0,0.0,0.0,0.0,0.0,0.0,0.0,0.0,173.98,50.88,-144.69,0.0,0.0,0.0,100.0,0,0,27
28063,0,0,0,99.99,0.0,0.0,0.0,0.0,0.0,0.0,0.0,0.0,0.0,0.0,0.0,0.0,174.05,50.83,-144.71,0.0,0.0,0.0,100.0,0,0,27
28263,0,0,0,99.99,0.0,0.0,0.0,0.0,0.0,0.0,0.0,0.0,0.0,0.0,0.0,0.0,174.12,50.8,-144.74,0.0,0.0,0.0,100.0,0,0,27
28463,0,0,0,99.99,0.0,0.0,0.0,0.0,0.0,0.0,0.0,0.0,0.0,0.0,0.0,0.0,174.16,50.79,-144.77,0.0,0.0,0.0,99.9,0,0,30
28663,0,0,0,99.99,0.0,0.0,0.0,0.0,0.0,0.0,0.0,0.0,0.0,0.0,0.0,0.0,174.2,50.77,-144.79,0.0,0.0,0.0,99.9,0,0,33
28863,0,0,0,99.99,0.0,0.0,0.0,0.0,0.0,0.0,0.0,0.0,0.0,0.0,0.0,0.0,174.24,50.75,-144.79,0.0,0.0,0.0,99.9,0,0,33
29063,0,0,0,99.99,0.0,0.0,0.0,0.0,0.0,0.0,0.0,0.0,0.0,0.0,0.0,0.0,174.27,50.73,-144.79,0.0,0.0,0.0,99.9,0,0,33
29263,0,0,0,99.99,0.0,0.0,0.0,0.0,0.0,0.0,0.0,0.0,0.0,0.0,0.0,0.0,174.31,50.73,-144.79,0.0,0.0,0.0,99.9,0,0,33
29463,0,0,0,99.99,0.0,0.0,0.0,0.0,0.0,0.0,0.0,0.0,0.0,0.0,0.0,0.0,174.32,50.73,-144.79,0.0,0.0,0.0,99.8,0,0,36
29663,0,0,0,99.99,0.0,0.0,0.0,0.0,0.0,0.0,0.0,0.0,0.0,0.0,0.0,0.0,174.33,50.73,-144.81,0.0,0.0,0.0,99.8,0,0,39
29863,0,0,0,99.99,0.0,0.0,0.0,0.0,0.0,0.0,0.0,0.0,0.0,0.0,0.0,0.0,174.36,50.7,-144.8,0.0,0.0,0.0,99.8,0,0,39
30063,0,0,0,99.99,0.0,0.0,0.0,0.0,0.0,0.0,0.0,0.0,0.0,0.0,0.0,0.0,174.38,50.7,-144.8,0.0,0.0,0.0,99.8,0,0,39
30263,0,0,0,99.99,0.0,0.0,0.0,0.0,0.0,0.0,0.0,0.0,0.0,0.0,0.0,0.0,174.37,50.7,-144.81,0.0,0.0,0.0,99.8,0,0,39
30463,0,0,0,99.99,0.0,0.0,0.0,0.0,0.0,0.0,0.0,0.0,0.0,0.0,0.0,0.0,174.36,50.7,-144.83,0.0,0.0,0.0,100.3,0,0,42
30663,0,0,0,99.99,0.0,0.0,0.0,0.0,0.0,0.0,0.0,0.0,0.0,0.0,0.0,0.0,174.35,50.71,-144.84,0.0,0.0,0.0,100.3,0,0,45
30863,0,0,0,99.99,0.0,0.0,0.0,0.0,0.0,0.0,0.0,0.0,0.0,0.0,0.0,0.0,174.36,50.72,-144.84,0.0,0.0,0.0,100.3,0,0,45
31063,0,0,0,99.99,0.0,0.0,0.0,0.0,0.0,0.0,0.0,0.0,0.0,0.0,0.0,0.0,174.36,50.72,-144.83,0.0,0.0,0.0,100.3,0,0,45
31263,0,0,0,99.99,0.0,0.0,0.0,0.0,0.0,0.0,0.0,0.0,0.0,0.0,0.0,0.0,174.37,50.7,-144.83,0.0,0.0,0.0,100.3,0,0,45
31463,0,0,0,99.99,0.0,0.0,0.0,0.0,0.0,0.0,0.0,0.0,0.0,0.0,0.0,0.0,174.38,50.7,-144.83,0.0,0.0,0.0,100.0,0,0,48
31663,0,0,0,99.99,0.0,0.0,0.0,0.0,0.0,0.0,0.0,0.0,0.0,0.0,0.0,0.0,174.39,50.7,-144.84,0.0,0.0,0.0,100.0,0,0,51
31863,0,0,0,99.99,0.0,0.0,0.0,0.0,0.0,0.0,0.0,0.0,0.0,0.0,0.0,0.0,174.37,50.72,-144.84,0.0,0.0,0.0,100.0,0,0,51
32063,0,0,0,99.99,0.0,0.0,0.0,0.0,0.0,0.0,0.0,0.0,0.0,0.0,0.0,0.0,174.37,50.72,-144.85,0.0,0.0,0.0,100.0,0,0,51
32263,0,0,0,99.99,0.0,0.0,0.0,0.0,0.0,0.0,0.0,0.0,0.0,0.0,0.0,0.0,174.37,50.73,-144.85,0.0,0.0,0.0,100.0,0,0,51
32463,0,0,0,99.99,0.0,0.0,0.0,0.0,0.0,0.0,0.0,0.0,0.0,0.0,0.0,0.0,174.38,50.73,-144.84,0.0,0.0,0.0,100.0,0,0,54
32663,0,0,0,99.99,0.0,0.0,0.0,0.0,0.0,0.0,0.0,0.0,0.0,0.0,0.0,0.0,174.39,50.73,-144.84,0.0,0.0,0.0,100.0,0,0,57
32863,0,0,0,99.99,0.0,0.0,0.0,0.0,0.0,0.0,0.0,0.0,0.0,0.0,0.0,0.0,174.4,50.71,-144.83,0.0,0.0,0.0,100.0,0,0,57
33063,0,0,0,99.99,0.0,0.0,0.0,0.0,0.0,0.0,0.0,0.0,0.0,0.0,0.0,0.0,174.42,50.72,-144.81,0.0,0.0,0.0,100.0,0,0,57
33263,0,0,0,99.99,0.0,0.0,0.0,0.0,0.0,0.0,0.0,0.0,0.0,0.0,0.0,0.0,174.41,50.73,-144.81,0.0,0.0,0.0,100.0,0,0,57
33464,0,0,0,99.99,0.0,0.0,0.0,0.0,0.0,0.0,0.0,0.0,0.0,0.0,0.0,0.0,174.4,50.7,-144.82,0.0,0.0,0.0,100.0,0,0,60
33673,0,0,0,99.99,0.0,0.0,0.0,0.0,0.0,0.0,0.0,0.0,0.0,0.0,0.0,0.0,174.4,50.7,-144.82,0.0,0.0,0.0,100.0,0,0,63
33873,0,0,0,99.99,0.0,0.0,0.0,0.0,0.0,0.0,0.0,0.0,0.0,0.0,0.0,0.0,174.42,50.71,-144.8,0.0,0.0,0.0,100.0,0,0,63
34073,0,0,0,99.99,0.0,0.0,0.0,0.0,0.0,0.0,0.0,0.0,0.0,0.0,0.0,0.0,174.4,50.7,-144.82,0.0,0.0,0.0,100.0,0,0,63
34273,0,0,0,99.99,0.0,0.0,0.0,0.0,0.0,0.0,0.0,0.0,0.0,0.0,0.0,0.0,174.42,50.71,-144.8,0.0,0.0,0.0,100.0,0,0,63
34473,0,0,0,99.99,0.0,0.0,0.0,0.0,0.0,0.0,0.0,0.0,0.0,0.0,0.0,0.0,174.43,50.69,-144.79,0.0,0.0,0.0,100.0,0,0,66
34673,0,0,0,99.99,0.0,0.0,0.0,0.0,0.0,0.0,0.0,0.0,0.0,0.0,0.0,0.0,174.43,50.7,-144.79,0.0,0.0,0.0,100.0,0,0,69
34873,0,0,0,99.99,0.0,0.0,0.0,0.0,0.0,0.0,0.0,0.0,0.0,0.0,0.0,0.0,174.42,50.7,-144.79,0.0,0.0,0.0,100.0,0,0,69
35073,0,0,0,99.99,0.0,0.0,0.0,0.0,0.0,0.0,0.0,0.0,0.0,0.0,0.0,0.0,174.43,50.7,-144.79,0.0,0.0,0.0,100.0,0,0,69
35273,0,0,0,99.99,0.0,0.0,0.0,0.0,0.0,0.0,0.0,0.0,0.0,0.0,0.0,0.0,174.41,50.7,-144.8,0.0,0.0,0.0,100.0,0,0,69
35473,0,0,0,99.99,0.0,0.0,0.0,0.0,0.0,0.0,0.0,0.0,0.0,0.0,0.0,0.0,174.41,50.7,-144.8,0.0,0.0,0.0,100.0,0,0,72
35673,0,0,0,99.99,0.0,0.0,0.0,0.0,0.0,0.0,0.0,0.0,0.0,0.0,0.0,0.0,174.42,50.7,-144.78,0.0,0.0,0.0,100.0,0,0,75
35873,0,0,0,99.99,0.0,0.0,0.0,0.0,0.0,0.0,0.0,0.0,0.0,0.0,0.0,0.0,174.42,50.7,-144.79,0.0,0.0,0.0,100.0,0,0,75
36073,0,0,0,99.99,0.0,0.0,0.0,0.0,0.0,0.0,0.0,0.0,0.0,0.0,0.0,0.0,174.41,50.71,-144.79,0.0,0.0,0.0,100.0,0,0,75
36274,0,0,0,99.99,0.0,0.0,0.0,0.0,0.0,0.0,0.0,0.0,0.0,0.0,0.0,0.0,174.41,50.71,-144.79,0.0,0.0,0.0,100.0,0,0,75
36484,0,0,0,99.99,0.0,0.0,0.0,0.0,0.0,0.0,0.0,0.0,0.0,0.0,0.0,0.0,174.37,50.71,-144.81,0.0,0.0,0.0,99.9,0,0,78
36693,0,0,0,99.99,0.0,0.0,0.0,0.0,0.0,0.0,0.0,0.0,0.0,0.0,0.0,0.0,174.38,50.71,-144.81,0.0,0.0,0.0,99.9,0,0,81
36893,0,0,0,99.99,0.0,0.0,0.0,0.0,0.0,0.0,0.0,0.0,0.0,0.0,0.0,0.0,174.39,50.7,-144.8,0.0,0.0,0.0,99.9,0,0,81
37093,0,0,0,99.99,0.0,0.0,0.0,0.0,0.0,0.0,0.0,0.0,0.0,0.0,0.0,0.0,174.4,50.7,-144.79,0.0,0.0,0.0,99.9,0,0,81
37293,0,0,0,99.99,0.0,0.0,0.0,0.0,0.0,0.0,0.0,0.0,0.0,0.0,0.0,0.0,174.39,50.71,-144.79,0.0,0.0,0.0,99.9,0,0,81
37493,0,0,0,99.99,0.0,0.0,0.0,0.0,0.0,0.0,0.0,0.0,0.0,0.0,0.0,0.0,174.41,50.7,-144.77,0.0,0.0,0.0,100.1,0,0,85
37693,0,0,0,99.99,0.0,0.0,0.0,0.0,0.0,0.0,0.0,0.0,0.0,0.0,0.0,0.0,174.41,50.68,-144.78,0.0,0.0,0.0,100.1,0,0,87
37893,0,0,0,99.99,0.0,0.0,0.0,0.0,0.0,0.0,0.0,0.0,0.0,0.0,0.0,0.0,174.42,50.7,-144.77,0.0,0.0,0.0,100.1,0,0,87
38093,0,0,0,99.99,0.0,0.0,0.0,0.0,0.0,0.0,0.0,0.0,0.0,0.0,0.0,0.0,174.41,50.69,-144.79,0.0,0.0,0.0,100.1,0,0,87
38293,0,0,0,99.99,0.0,0.0,0.0,0.0,0.0,0.0,0.0,0.0,0.0,0.0,0.0,0.0,174.42,50.68,-144.78,0.0,0.0,0.0,100.1,0,0,87
38493,0,0,0,99.99,0.0,0.0,0.0,0.0,0.0,0.0,0.0,0.0,0.0,0.0,0.0,0.0,174.42,50.67,-144.77,0.0,0.0,0.0,100.0,0,0,91
38693,0,0,0,99.99,0.0,0.0,0.0,0.0,0.0,0.0,0.0,0.0,0.0,0.0,0.0,0.0,174.42,50.68,-144.77,0.0,0.0,0.0,100.0,0,0,93
38894,0,0,0,99.99,0.0,0.0,0.0,0.0,0.0,0.0,0.0,0.0,0.0,0.0,0.0,0.0,174.43,50.69,-144.76,0.0,0.0,0.0,100.0,0,0,93
39104,0,0,0,99.99,0.0,0.0,0.0,0.0,0.0,0.0,0.0,0.0,0.0,0.0,0.0,0.0,174.43,50.68,-144.76,0.0,0.0,0.0,100.0,0,0,93
39313,0,0,0,99.99,0.0,0.0,0.0,0.0,0.0,0.0,0.0,0.0,0.0,0.0,0.0,0.0,174.43,50.67,-144.75,0.0,0.0,0.0,100.0,0,0,93
39513,0,0,0,99.99,0.0,0.0,0.0,0.0,0.0,0.0,0.0,0.0,0.0,0.0,0.0,0.0,174.44,50.69,-144.73,0.0,0.0,0.0,100.0,0,0,97
39713,0,0,0,99.99,0.0,0.0,0.0,0.0,0.0,0.0,0.0,0.0,0.0,0.0,0.0,0.0,174.44,50.69,-144.74,0.0,0.0,0.0,100.0,0,0,99
39913,0,0,0,99.99,0.0,0.0,0.0,0.0,0.0,0.0,0.0,0.0,0.0,0.0,0.0,0.0,174.43,50.7,-144.74,0.0,0.0,0.0,100.0,0,0,99
40113,0,0,0,99.99,0.0,0.0,0.0,0.0,0.0,0.0,0.0,0.0,0.0,0.0,0.0,0.0,174.42,50.7,-144.75,0.0,0.0,0.0,100.0,0,0,99
40313,0,0,0,99.99,0.0,0.0,0.0,0.0,0.0,0.0,0.0,0.0,0.0,0.0,0.0,0.0,174.41,50.73,-144.75,0.0,0.0,0.0,100.0,0,0,99
40513,0,0,0,99.99,0.0,0.0,0.0,0.0,0.0,0.0,0.0,0.0,0.0,0.0,0.0,0.0,174.41,50.72,-144.75,0.0,0.0,0.0,100.0,0,0,104
40713,0,0,0,99.99,0.0,0.0,0.0,0.0,0.0,0.0,0.0,0.0,0.0,0.0,0.0,0.0,174.43,50.72,-144.74,0.0,0.0,0.0,100.0,0,0,105
40913,0,0,0,99.99,0.0,0.0,0.0,0.0,0.0,0.0,0.0,0.0,0.0,0.0,0.0,0.0,174.42,50.71,-144.75,0.0,0.0,0.0,100.0,0,0,105
41113,0,0,0,99.99,0.0,0.0,0.0,0.0,0.0,0.0,0.0,0.0,0.0,0.0,0.0,0.0,174.4,50.71,-144.76,0.0,0.0,0.0,100.0,0,0,105
41313,0,0,0,99.99,0.0,0.0,0.0,0.0,0.0,0.0,0.0,0.0,0.0,0.0,0.0,0.0,174.41,50.71,-144.75,0.0,0.0,0.0,100.0,0,0,105
41513,0,0,0,99.99,0.0,0.0,0.0,0.0,0.0,0.0,0.0,0.0,0.0,0.0,0.0,0.0,174.41,50.7,-144.75,0.0,0.0,0.0,100.0,0,0,110
41713,0,0,0,99.99,0.0,0.0,0.0,0.0,0.0,0.0,0.0,0.0,0.0,0.0,0.0,0.0,174.41,50.7,-144.75,0.0,0.0,0.0,100.0,0,0,111
41913,0,0,0,99.99,0.0,0.0,0.0,0.0,0.0,0.0,0.0,0.0,0.0,0.0,0.0,0.0,174.42,50.71,-144.73,0.0,0.0,0.0,100.0,0,0,111
42113,0,0,0,99.99,0.0,0.0,0.0,0.0,0.0,0.0,0.0,0.0,0.0,0.0,0.0,0.0,174.42,50.7,-144.73,0.0,0.0,0.0,100.0,0,0,111
42313,0,0,0,99.99,0.0,0.0,0.0,0.0,0.0,0.0,0.0,0.0,0.0,0.0,0.0,0.0,174.41,50.69,-144.74,0.0,0.0,0.0,100.0,0,0,111
42513,0,0,0,99.99,0.0,0.0,0.0,0.0,0.0,0.0,0.0,0.0,0.0,0.0,0.0,0.0,174.41,50.69,-144.74,0.0,0.0,0.0,100.0,0,0,116
42713,0,0,0,99.99,0.0,0.0,0.0,0.0,0.0,0.0,0.0,0.0,0.0,0.0,0.0,0.0,174.41,50.67,-144.74,0.0,0.0,0.0,100.0,0,0,117
42913,0,0,0,99.99,0.0,0.0,0.0,0.0,0.0,0.0,0.0,0.0,0.0,0.0,0.0,0.0,174.39,50.69,-144.75,0.0,0.0,0.0,100.0,0,0,117
43113,0,0,0,99.99,0.0,0.0,0.0,0.0,0.0,0.0,0.0,0.0,0.0,0.0,0.0,0.0,174.39,50.69,-144.75,0.0,0.0,0.0,100.0,0,0,117
43313,0,0,0,99.99,0.0,0.0,0.0,0.0,0.0,0.0,0.0,0.0,0.0,0.0,0.0,0.0,174.41,50.69,-144.73,0.0,0.0,0.0,100.0,0,0,117
43513,0,0,0,99.99,0.0,0.0,0.0,0.0,0.0,0.0,0.0,0.0,0.0,0.0,0.0,0.0,174.4,50.69,-144.74,0.0,0.0,0.0,100.0,0,0,122
43713,0,0,0,99.99,0.0,0.0,0.0,0.0,0.0,0.0,0.0,0.0,0.0,0.0,0.0,0.0,174.39,50.69,-144.74,0.0,0.0,0.0,100.0,0,0,123
43913,0,0,0,99.99,0.0,0.0,0.0,0.0,0.0,0.0,0.0,0.0,0.0,0.0,0.0,0.0,174.37,50.69,-144.76,0.0,0.0,0.0,100.0,0,0,123
44113,0,0,0,99.99,0.0,0.0,0.0,0.0,0.0,0.0,0.0,0.0,0.0,0.0,0.0,0.0,174.36,50.66,-144.77,0.0,0.0,0.0,100.0,0,0,123
44313,0,0,0,99.99,0.0,0.0,0.0,0.0,0.0,0.0,0.0,0.0,0.0,0.0,0.0,0.0,174.4,50.65,-144.75,0.0,0.0,0.0,100.0,0,0,123
44513,0,0,0,99.99,0.0,0.0,0.0,0.0,0.0,0.0,0.0,0.0,0.0,0.0,0.0,0.0,174.4,50.65,-144.75,0.0,0.0,0.0,100.0,0,0,127
44713,0,0,0,99.99,0.0,0.0,0.0,0.0,0.0,0.0,0.0,0.0,0.0,0.0,0.0,0.0,174.39,50.64,-144.75,0.0,0.0,0.0,100.0,0,0,129
44913,0,0,0,99.99,0.0,0.0,0.0,0.0,0.0,0.0,0.0,0.0,0.0,0.0,0.0,0.0,174.39,50.64,-144.76,0.0,0.0,0.0,100.0,0,0,129
45113,0,0,0,99.99,0.0,0.0,0.0,0.0,0.0,0.0,0.0,0.0,0.0,0.0,0.0,0.0,174.38,50.65,-144.76,0.0,0.0,0.0,100.0,0,0,129
45313,0,0,0,99.99,0.0,0.0,0.0,0.0,0.0,0.0,0.0,0.0,0.0,0.0,0.0,0.0,174.39,50.65,-144.76,0.0,0.0,0.0,100.0,0,0,129
45513,0,0,0,99.99,0.0,0.0,0.0,0.0,0.0,0.0,0.0,0.0,0.0,0.0,0.0,0.0,174.41,50.63,-144.75,0.0,0.0,0.0,100.0,0,0,134
45713,0,0,0,99.99,0.0,0.0,0.0,0.0,0.0,0.0,0.0,0.0,0.0,0.0,0.0,0.0,174.4,50.63,-144.76,0.0,0.0,0.0,100.0,0,0,135
45913,0,0,0,99.99,0.0,0.0,0.0,0.0,0.0,0.0,0.0,0.0,0.0,0.0,0.0,0.0,174.4,50.64,-144.76,0.0,0.0,0.0,100.0,0,0,135
46113,0,0,0,99.99,0.0,0.0,0.0,0.0,0.0,0.0,0.0,0.0,0.0,0.0,0.0,0.0,174.41,50.65,-144.76,0.0,0.0,0.0,100.0,0,0,135
46313,0,0,0,99.99,0.0,0.0,0.0,0.0,0.0,0.0,0.0,0.0,0.0,0.0,0.0,0.0,174.41,50.66,-144.76,0.0,0.0,0.0,100.0,0,0,135
46513,0,0,0,99.99,0.0,0.0,0.0,0.0,0.0,0.0,0.0,0.0,0.0,0.0,0.0,0.0,174.41,50.66,-144.76,0.0,0.0,0.0,100.0,0,0,140
46713,0,0,0,99.99,0.0,0.0,0.0,0.0,0.0,0.0,0.0,0.0,0.0,0.0,0.0,0.0,174.41,50.65,-144.75,0.0,0.0,0.0,100.0,0,0,141
46913,0,0,0,99.99,0.0,0.0,0.0,0.0,0.0,0.0,0.0,0.0,0.0,0.0,0.0,0.0,174.42,50.65,-144.75,0.0,0.0,0.0,100.0,0,0,141
47113,0,0,0,99.99,0.0,0.0,0.0,0.0,0.0,0.0,0.0,0.0,0.0,0.0,0.0,0.0,174.41,50.65,-144.74,0.0,0.0,0.0,100.0,0,0,141
47313,0,0,0,99.99,0.0,0.0,0.0,0.0,0.0,0.0,0.0,0.0,0.0,0.0,0.0,0.0,174.41,50.66,-144.75,0.0,0.0,0.0,100.0,0,0,141
47513,0,0,0,99.99,0.0,0.0,0.0,0.0,0.0,0.0,0.0,0.0,0.0,0.0,0.0,0.0,174.4,50.65,-144.75,0.0,0.0,0.0,100.0,0,0,146
47713,0,0,0,99.99,0.0,0.0,0.0,0.0,0.0,0.0,0.0,0.0,0.0,0.0,0.0,0.0,174.41,50.65,-144.74,0.0,0.0,0.0,100.0,0,0,147
47913,0,0,0,99.99,0.0,0.0,0.0,0.0,0.0,0.0,0.0,0.0,0.0,0.0,0.0,0.0,174.41,50.65,-144.74,0.0,0.0,0.0,100.0,0,0,147
48113,0,0,0,99.99,0.0,0.0,0.0,0.0,0.0,0.0,0.0,0.0,0.0,0.0,0.0,0.0,174.43,50.65,-144.73,0.0,0.0,0.0,100.0,0,0,147
48313,0,0,0,99.99,0.0,0.0,0.0,0.0,0.0,0.0,0.0,0.0,0.0,0.0,0.0,0.0,174.43,50.65,-144.72,0.0,0.0,0.0,100.0,0,0,147
48513,0,0,0,99.99,0.0,0.0,0.0,0.0,0.0,0.0,0.0,0.0,0.0,0.0,0.0,0.0,174.43,50.65,-144.72,0.0,0.0,0.0,100.0,0,0,152
48713,0,0,0,99.99,0.0,0.0,0.0,0.0,0.0,0.0,0.0,0.0,0.0,0.0,0.0,0.0,174.44,50.65,-144.71,0.0,0.0,0.0,100.0,0,0,153
48913,0,0,0,99.99,0.0,0.0,0.0,0.0,0.0,0.0,0.0,0.0,0.0,0.0,0.0,0.0,174.43,50.65,-144.72,0.0,0.0,0.0,100.0,0,0,153
49113,0,0,0,99.99,0.0,0.0,0.0,0.0,0.0,0.0,0.0,0.0,0.0,0.0,0.0,0.0,174.41,50.65,-144.72,0.0,0.0,0.0,100.0,0,0,153
49313,0,0,0,99.99,0.0,0.0,0.0,0.0,0.0,0.0,0.0,0.0,0.0,0.0,0.0,0.0,174.41,50.64,-144.73,0.0,0.0,0.0,100.0,0,0,153
49513,0,0,0,99.99,0.0,0.0,0.0,0.0,0.0,0.0,0.0,0.0,0.0,0.0,0.0,0.0,174.43,50.65,-144.71,0.0,0.0,0.0,99.9,0,0,157
49713,0,0,0,99.99,0.0,0.0,0.0,0.0,0.0,0.0,0.0,0.0,0.0,0.0,0.0,0.0,174.42,50.65,-144.72,0.0,0.0,0.0,99.9,0,0,159
49914,0,0,0,99.99,0.0,0.0,0.0,0.0,0.0,0.0,0.0,0.0,0.0,0.0,0.0,0.0,174.42,50.65,-144.72,0.0,0.0,0.0,99.9,0,0,159
50123,0,0,0,99.99,0.0,0.0,0.0,0.0,0.0,0.0,0.0,0.0,0.0,0.0,0.0,0.0,174.43,50.64,-144.7,0.0,0.0,0.0,99.9,0,0,159
50323,0,0,0,99.99,0.0,0.0,0.0,0.0,0.0,0.0,0.0,0.0,0.0,0.0,0.0,0.0,174.43,50.64,-144.7,0.0,0.0,0.0,99.9,0,0,159
50523,0,0,0,99.99,0.0,0.0,0.0,0.0,0.0,0.0,0.0,0.0,0.0,0.0,0.0,0.0,174.42,50.67,-144.71,0.0,0.0,0.0,99.7,0,0,164
50723,0,0,0,99.99,0.0,0.0,0.0,0.0,0.0,0.0,0.0,0.0,0.0,0.0,0.0,0.0,174.42,50.65,-144.71,0.0,0.0,0.0,99.7,0,0,165
50923,0,0,0,99.99,0.0,0.0,0.0,0.0,0.0,0.0,0.0,0.0,0.0,0.0,0.0,0.0,174.41,50.64,-144.72,0.0,0.0,0.0,99.7,0,0,165
51123,0,0,0,99.99,0.0,0.0,0.0,0.0,0.0,0.0,0.0,0.0,0.0,0.0,0.0,0.0,174.42,50.63,-144.71,0.0,0.0,0.0,99.7,0,0,165
51323,0,0,0,99.99,0.0,0.0,0.0,0.0,0.0,0.0,0.0,0.0,0.0,0.0,0.0,0.0,174.43,50.64,-144.71,0.0,0.0,0.0,99.7,0,0,165
51526,0,0,0,99.99,0.0,0.0,0.0,0.0,0.0,0.0,0.0,0.0,0.0,0.0,0.0,0.0,174.42,50.64,-144.72,0.0,0.0,0.0,100.3,0,0,171
51733,0,0,0,99.99,0.0,0.0,0.0,0.0,0.0,0.0,0.0,0.0,0.0,0.0,0.0,0.0,174.42,50.64,-144.72,0.0,0.0,0.0,100.3,0,0,171
51933,0,0,0,99.99,0.0,0.0,0.0,0.0,0.0,0.0,0.0,0.0,0.0,0.0,0.0,0.0,174.43,50.63,-144.71,0.0,0.0,0.0,100.3,0,0,171
52133,0,0,0,99.99,0.0,0.0,0.0,0.0,0.0,0.0,0.0,0.0,0.0,0.0,0.0,0.0,174.43,50.63,-144.71,0.0,0.0,0.0,100.3,0,0,171
52333,0,0,0,99.99,0.0,0.0,0.0,0.0,0.0,0.0,0.0,0.0,0.0,0.0,0.0,0.0,174.43,50.64,-144.71,0.0,0.0,0.0,100.3,0,0,171
52533,0,0,0,99.99,0.0,0.0,0.0,0.0,0.0,0.0,0.0,0.0,0.0,0.0,0.0,0.0,174.44,50.64,-144.7,0.0,0.0,0.0,100.1,0,0,177
52733,0,0,0,99.99,0.0,0.0,0.0,0.0,0.0,0.0,0.0,0.0,0.0,0.0,0.0,0.0,174.43,50.63,-144.71,0.0,0.0,0.0,100.1,0,0,177
52933,0,0,0,99.99,0.0,0.0,0.0,0.0,0.0,0.0,0.0,0.0,0.0,0.0,0.0,0.0,174.44,50.63,-144.71,0.0,0.0,0.0,100.1,0,0,177
53133,0,0,0,99.99,0.0,0.0,0.0,0.0,0.0,0.0,0.0,0.0,0.0,0.0,0.0,0.0,174.44,50.62,-144.7,0.0,0.0,0.0,100.1,0,0,177
53333,0,0,0,99.99,0.0,0.0,0.0,0.0,0.0,0.0,0.0,0.0,0.0,0.0,0.0,0.0,174.42,50.62,-144.72,0.0,0.0,0.0,100.1,0,0,177
53533,0,0,0,99.99,0.0,0.0,0.0,0.0,0.0,0.0,0.0,0.0,0.0,0.0,0.0,0.0,174.43,50.61,-144.7,0.0,0.0,0.0,100.0,0,0,182
53733,0,0,0,99.99,0.0,0.0,0.0,0.0,0.0,0.0,0.0,0.0,0.0,0.0,0.0,0.0,174.42,50.63,-144.71,0.0,0.0,0.0,100.0,0,0,183
53933,0,0,0,99.99,0.0,0.0,0.0,0.0,0.0,0.0,0.0,0.0,0.0,0.0,0.0,0.0,174.42,50.63,-144.71,0.0,0.0,0.0,100.0,0,0,183
54133,0,0,0,99.99,0.0,0.0,0.0,0.0,0.0,0.0,0.0,0.0,0.0,0.0,0.0,0.0,174.44,50.64,-144.69,0.0,0.0,0.0,100.0,0,0,183
54333,0,0,0,99.99,0.0,0.0,0.0,0.0,0.0,0.0,0.0,0.0,0.0,0.0,0.0,0.0,174.25,52.53,-144.92,0.0,0.0,0.0,100.0,0,0,183
54533,0,0,0,99.99,0.0,0.0,0.0,0.0,0.0,0.0,0.0,0.0,0.0,0.0,0.0,0.0,174.52,55.86,-144.42,0.0,0.0,0.0,100.0,0,0,188
54733,0,0,0,99.99,0.0,0.0,0.0,0.0,0.0,0.0,0.0,0.0,0.0,0.0,0.0,0.0,-170.67,71.79,-130.46,0.0,0.0,0.0,100.0,0,0,189
54933,0,0,0,99.99,0.0,0.0,0.0,0.0,0.0,0.0,0.0,0.0,0.0,0.0,0.0,0.0,-116.18,78.65,-77.76,0.0,0.0,0.0,100.0,0,0,189
55133,0,0,0,99.99,0.0,0.0,0.0,0.0,0.0,0.0,0.0,0.0,0.0,0.0,0.0,0.0,-68.91,78.99,-27.87,0.0,0.0,0.0,100.0,0,0,189
55333,0,0,0,99.99,0.0,0.0,0.0,0.0,0.0,0.0,0.0,0.0,0.0,0.0,0.0,0.0,-44.33,65.05,5.01,0.0,0.0,0.0,100.0,0,0,189
55533,0,0,0,99.99,0.0,0.0,0.0,0.0,0.0,0.0,0.0,0.0,0.0,0.0,0.0,0.0,-45.32,39.13,1.67,0.0,0.0,0.0,100.0,0,0,194
55733,0,0,0,99.99,0.0,0.0,0.0,0.0,0.0,0.0,0.0,0.0,0.0,0.0,0.0,0.0,-42.77,22.79,-8.72,0.0,0.0,0.0,100.0,0,0,195
55933,0,0,0,99.99,0.0,0.0,0.0,0.0,0.0,0.0,0.0,0.0,0.0,0.0,0.0,0.0,-33.45,13.46,-12.29,0.0,0.0,0.0,100.0,0,0,195
56133,0,0,0,99.99,0.0,0.0,0.0,0.0,0.0,0.0,0.0,0.0,0.0,0.0,0.0,0.0,-28.93,2.26,-16.35,0.0,0.0,0.0,100.0,0,0,195
56333,0,0,0,99.99,0.0,0.0,0.0,0.0,0.0,0.0,0.0,0.0,0.0,0.0,0.0,0.0,-35.67,3.28,-32.64,0.0,0.0,0.0,100.0,0,0,195
56533,0,0,0,99.99,0.0,0.0,0.0,0.0,0.0,0.0,0.0,0.0,0.0,0.0,0.0,0.0,-24.53,-17.48,-20.97,0.0,0.0,0.0,100.0,0,0,200
56733,0,0,0,99.99,0.0,0.0,0.0,0.0,0.0,0.0,0.0,0.0,0.0,0.0,0.0,0.0,-16.34,-18.06,-32.03,0.0,0.0,0.0,100.0,0,0,201
56933,0,0,0,99.99,0.0,0.0,0.0,0.0,0.0,0.0,0.0,0.0,0.0,0.0,0.0,0.0,-9.37,-12.07,-41.9,0.0,0.0,0.0,100.0,0,0,201
57133,0,0,0,99.99,0.0,0.0,0.0,0.0,0.0,0.0,0.0,0.0,0.0,0.0,0.0,0.0,-9.24,-8.18,-50.47,0.0,0.0,0.0,100.0,0,0,201
57333,0,0,0,99.99,0.0,0.0,0.0,0.0,0.0,0.0,0.0,0.0,0.0,0.0,0.0,0.0,-7.99,-5.81,-56.91,0.0,0.0,0.0,100.0,0,0,201
57533,0,0,0,99.99,0.0,0.0,0.0,0.0,0.0,0.0,0.0,0.0,0.0,0.0,0.0,0.0,-7.11,-4.36,-62.0,0.0,0.0,0.0,100.0,0,0,206
57733,0,0,0,99.99,0.0,0.0,0.0,0.0,0.0,0.0,0.0,0.0,0.0,0.0,0.0,0.0,-6.56,-3.43,-66.02,0.0,0.0,0.0,100.0,0,0,207
57933,0,0,0,99.99,0.0,0.0,0.0,0.0,0.0,0.0,0.0,0.0,0.0,0.0,0.0,0.0,-6.15,-2.94,-69.22,0.0,0.0,0.0,100.0,0,0,207
58133,0,0,0,99.99,0.0,0.0,0.0,0.0,0.0,0.0,0.0,0.0,0.0,0.0,0.0,0.0,-5.91,-2.72,-71.76,0.0,0.0,0.0,100.0,0,0,207
58333,0,0,0,99.99,0.0,0.0,0.0,0.0,0.0,0.0,0.0,0.0,0.0,0.0,0.0,0.0,-5.76,-2.68,-73.82,0.0,0.0,0.0,100.0,0,0,207
58534,0,0,0,99.99,0.0,0.0,0.0,0.0,0.0,0.0,0.0,0.0,0.0,0.0,0.0,0.0,-5.68,-2.76,-75.46,0.0,0.0,0.0,100.0,0,0,212
58744,0,0,0,99.99,0.0,0.0,0.0,0.0,0.0,0.0,0.0,0.0,0.0,0.0,0.0,0.0,-5.64,-2.91,-76.83,0.0,0.0,0.0,100.0,0,0,213
58944,0,0,0,99.99,0.0,0.0,0.0,0.0,0.0,0.0,0.0,0.0,0.0,0.0,0.0,0.0,-5.62,-3.1,-77.91,0.0,0.0,0.0,100.0,0,0,213
59154,0,0,0,99.99,0.0,0.0,0.0,0.0,0.0,0.0,0.0,0.0,0.0,0.0,0.0,0.0,-5.61,-3.31,-78.83,0.0,0.0,0.0,100.0,0,0,213
59363,0,0,0,99.99,0.0,0.0,0.0,0.0,0.0,0.0,0.0,0.0,0.0,0.0,0.0,0.0,-5.62,-3.52,-79.55,0.0,0.0,0.0,100.0,0,0,213
59563,0,0,0,99.99,0.0,0.0,0.0,0.0,0.0,0.0,0.0,0.0,0.0,0.0,0.0,0.0,-5.64,-3.72,-80.14,0.0,0.0,0.0,100.0,0,0,219
59763,0,0,0,99.99,0.0,0.0,0.0,0.0,0.0,0.0,0.0,0.0,0.0,0.0,0.0,0.0,-5.65,-3.92,-80.61,0.0,0.0,0.0,100.0,0,0,219
59963,0,0,0,99.99,0.0,0.0,0.0,0.0,0.0,0.0,0.0,0.0,0.0,0.0,0.0,0.0,-5.65,-4.1,-81.01,0.0,0.0,0.0,100.0,0,0,219
60163,0,0,0,99.99,0.0,0.0,0.0,0.0,0.0,0.0,0.0,0.0,0.0,0.0,0.0,0.0,-5.66,-4.26,-81.34,0.0,0.0,0.0,100.0,0,0,219
60363,0,0,0,99.99,0.0,0.0,0.0,0.0,0.0,0.0,0.0,0.0,0.0,0.0,0.0,0.0,-5.67,-4.4,-81.61,0.0,0.0,0.0,100.0,0,0,219
60563,0,0,0,99.99,0.0,0.0,0.0,0.0,0.0,0.0,0.0,0.0,0.0,0.0,0.0,0.0,-5.67,-4.51,-81.85,0.0,0.0,0.0,100.0,0,0,225
60763,0,0,0,99.99,0.0,0.0,0.0,0.0,0.0,0.0,0.0,0.0,0.0,0.0,0.0,0.0,-5.68,-4.62,-82.05,0.0,0.0,0.0,100.0,0,0,225
60963,0,0,0,99.99,0.0,0.0,0.0,0.0,0.0,0.0,0.0,0.0,0.0,0.0,0.0,0.0,-5.69,-4.73,-82.21,0.0,0.0,0.0,100.0,0,0,225
61163,0,0,0,99.99,0.0,0.0,0.0,0.0,0.0,0.0,0.0,0.0,0.0,0.0,0.0,0.0,-5.7,-4.8,-82.33,0.0,0.0,0.0,100.0,0,0,225
61363,0,0,0,99.99,0.0,0.0,0.0,0.0,0.0,0.0,0.0,0.0,0.0,0.0,0.0,0.0,-5.71,-4.87,-82.44,0.0,0.0,0.0,100.0,0,0,225
61563,0,0,0,99.99,0.0,0.0,0.0,0.0,0.0,0.0,0.0,0.0,0.0,0.0,0.0,0.0,-5.71,-4.94,-82.53,0.0,0.0,0.0,100.0,0,0,231
61763,0,0,0,99.99,0.0,0.0,0.0,0.0,0.0,0.0,0.0,0.0,0.0,0.0,0.0,0.0,-5.71,-5.0,-82.6,0.0,0.0,0.0,100.0,0,0,231
61963,0,0,0,99.99,0.0,0.0,0.0,0.0,0.0,0.0,0.0,0.0,0.0,0.0,0.0,0.0,-5.71,-5.05,-82.67,0.0,0.0,0.0,100.0,0,0,231
62163,0,0,0,99.99,0.0,0.0,0.0,0.0,0.0,0.0,0.0,0.0,0.0,0.0,0.0,0.0,-5.71,-5.09,-82.75,0.0,0.0,0.0,100.0,0,0,231
62363,0,0,0,99.99,0.0,0.0,0.0,0.0,0.0,0.0,0.0,0.0,0.0,0.0,0.0,0.0,-5.74,-5.13,-82.78,0.0,0.0,0.0,100.0,0,0,231
62563,0,0,0,99.99,0.0,0.0,0.0,0.0,0.0,0.0,0.0,0.0,0.0,0.0,0.0,0.0,-5.74,-5.16,-82.79,0.0,0.0,0.0,100.0,0,0,237
62763,0,0,0,99.99,0.0,0.0,0.0,0.0,0.0,0.0,0.0,0.0,0.0,0.0,0.0,0.0,-5.73,-5.17,-82.83,0.0,0.0,0.0,100.0,0,0,237
62963,0,0,0,99.99,0.0,0.0,0.0,0.0,0.0,0.0,0.0,0.0,0.0,0.0,0.0,0.0,-5.74,-5.2,-82.87,0.0,0.0,0.0,100.0,0,0,237
63163,0,0,0,99.99,0.0,0.0,0.0,0.0,0.0,0.0,0.0,0.0,0.0,0.0,0.0,0.0,-5.74,-5.22,-82.89,0.0,0.0,0.0,100.0,0,0,237
63363,0,0,0,99.99,0.0,0.0,0.0,0.0,0.0,0.0,0.0,0.0,0.0,0.0,0.0,0.0,-5.74,-5.23,-82.92,0.0,0.0,0.0,100.0,0,0,237
63563,0,0,0,99.99,0.0,0.0,0.0,0.0,0.0,0.0,0.0,0.0,0.0,0.0,0.0,0.0,-5.74,-5.26,-82.94,0.0,0.0,0.0,100.0,0,0,243
63763,0,0,0,99.99,0.0,0.0,0.0,0.0,0.0,0.0,0.0,0.0,0.0,0.0,0.0,0.0,-5.74,-5.29,-82.93,0.0,0.0,0.0,100.0,0,0,243
63963,0,0,0,99.99,0.0,0.0,0.0,0.0,0.0,0.0,0.0,0.0,0.0,0.0,0.0,0.0,-5.74,-5.26,-82.95,0.0,0.0,0.0,100.0,0,0,243
64164,0,0,0,99.99,0.0,0.0,0.0,0.0,0.0,0.0,0.0,0.0,0.0,0.0,0.0,0.0,-5.73,-5.29,-82.97,0.0,0.0,0.0,100.0,0,0,243
64373,0,0,0,99.99,0.0,0.0,0.0,0.0,0.0,0.0,0.0,0.0,0.0,0.0,0.0,0.0,-5.73,-5.3,-83.01,0.0,0.0,0.0,100.0,0,0,243
64573,0,0,0,99.99,0.0,0.0,0.0,0.0,0.0,0.0,0.0,0.0,0.0,0.0,0.0,0.0,-5.73,-5.3,-83.05,0.0,0.0,0.0,100.0,0,0,249
64773,0,0,0,99.99,0.0,0.0,0.0,0.0,0.0,0.0,0.0,0.0,0.0,0.0,0.0,0.0,-5.73,-5.31,-83.04,0.0,0.0,0.0,100.0,0,0,249
64973,0,0,0,99.99,0.0,0.0,0.0,0.0,0.0,0.0,0.0,0.0,0.0,0.0,0.0,0.0,-5.74,-5.3,-83.03,0.0,0.0,0.0,100.0,0,0,249
65173,0,0,0,99.99,0.0,0.0,0.0,0.0,0.0,0.0,0.0,0.0,0.0,0.0,0.0,0.0,-5.74,-5.32,-83.03,0.0,0.0,0.0,100.0,0,0,249
65374,0,0,0,99.99,0.0,0.0,0.0,0.0,0.0,0.0,0.0,0.0,0.0,0.0,0.0,0.0,-5.74,-5.34,-83.01,0.0,0.0,0.0,100.0,0,0,249
65583,0,0,0,99.99,0.0,0.0,0.0,0.0,0.0,0.0,0.0,0.0,0.0,0.0,0.0,0.0,-5.74,-5.36,-82.99,0.0,0.0,0.0,99.9,0,0,255
65783,0,0,0,99.99,0.0,0.0,0.0,0.0,0.0,0.0,0.0,0.0,0.0,0.0,0.0,0.0,-5.73,-5.38,-82.99,0.0,0.0,0.0,99.9,0,0,255
65983,0,0,0,99.99,0.0,0.0,0.0,0.0,0.0,0.0,0.0,0.0,0.0,0.0,0.0,0.0,-5.74,-5.38,-83.01,0.0,0.0,0.0,99.9,0,0,255
66183,0,0,0,99.99,0.0,0.0,0.0,0.0,0.0,0.0,0.0,0.0,0.0,0.0,0.0,0.0,-5.73,-5.36,-83.01,0.0,0.0,0.0,99.9,0,0,255
66383,0,0,0,99.99,0.0,0.0,0.0,0.0,0.0,0.0,0.0,0.0,0.0,0.0,0.0,0.0,-5.74,-5.38,-83.0,0.0,0.0,0.0,99.9,0,0,255
66583,0,0,0,99.99,0.0,0.0,0.0,0.0,0.0,0.0,0.0,0.0,0.0,0.0,0.0,0.0,-5.73,-5.36,-82.97,0.0,0.0,0.0,100.1,0,0,261
66783,0,0,0,99.99,0.0,0.0,0.0,0.0,0.0,0.0,0.0,0.0,0.0,0.0,0.0,0.0,-5.73,-5.36,-82.96,0.0,0.0,0.0,100.1,0,0,261
66983,0,0,0,99.99,0.0,0.0,0.0,0.0,0.0,0.0,0.0,0.0,0.0,0.0,0.0,0.0,-5.73,-5.36,-82.97,0.0,0.0,0.0,100.1,0,0,261
67183,0,0,0,99.99,0.0,0.0,0.0,0.0,0.0,0.0,0.0,0.0,0.0,0.0,0.0,0.0,-5.72,-5.38,-82.98,0.0,0.0,0.0,100.1,0,0,261
67383,0,0,0,99.99,0.0,0.0,0.0,0.0,0.0,0.0,0.0,0.0,0.0,0.0,0.0,0.0,-5.72,-5.36,-82.99,0.0,0.0,0.0,100.1,0,0,261
67583,0,0,0,99.99,0.0,0.0,0.0,0.0,0.0,0.0,0.0,0.0,0.0,0.0,0.0,0.0,-5.76,-5.37,-82.97,0.0,0.0,0.0,100.0,0,0,267
67783,0,0,0,99.99,0.0,0.0,0.0,0.0,0.0,0.0,0.0,0.0,0.0,0.0,0.0,0.0,-5.76,-5.37,-82.97,0.0,0.0,0.0,100.0,0,0,267
67983,0,0,0,99.99,0.0,0.0,0.0,0.0,0.0,0.0,0.0,0.0,0.0,0.0,0.0,0.0,-5.75,-5.37,-82.99,0.0,0.0,0.0,100.0,0,0,267
68183,0,0,0,99.99,0.0,0.0,0.0,0.0,0.0,0.0,0.0,0.0,0.0,0.0,0.0,0.0,-5.75,-5.35,-82.99,0.0,0.0,0.0,100.0,0,0,267
68384,0,0,0,99.99,0.0,0.0,0.0,0.0,0.0,0.0,0.0,0.0,0.0,0.0,0.0,0.0,-5.75,-5.38,-82.98,0.0,0.0,0.0,100.0,0,0,267
68593,0,0,0,99.99,0.0,0.0,0.0,0.0,0.0,0.0,0.0,0.0,0.0,0.0,0.0,0.0,-5.74,-5.37,-82.96,0.0,0.0,0.0,100.0,0,0,273
68793,0,0,0,99.99,0.0,0.0,0.0,0.0,0.0,0.0,0.0,0.0,0.0,0.0,0.0,0.0,-5.75,-5.38,-82.95,0.0,0.0,0.0,100.0,0,0,273
68993,0,0,0,99.99,0.0,0.0,0.0,0.0,0.0,0.0,0.0,0.0,0.0,0.0,0.0,0.0,-5.74,-5.38,-82.97,0.0,0.0,0.0,100.0,0,0,273
69193,0,0,0,99.99,0.0,0.0,0.0,0.0,0.0,0.0,0.0,0.0,0.0,0.0,0.0,0.0,-5.73,-5.39,-82.97,0.0,0.0,0.0,100.0,0,0,273
69393,0,0,0,99.99,0.0,0.0,0.0,0.0,0.0,0.0,0.0,0.0,0.0,0.0,0.0,0.0,-5.72,-5.4,-82.96,0.0,0.0,0.0,100.0,0,0,274
69593,0,0,0,99.99,0.0,0.0,0.0,0.0,0.0,0.0,0.0,0.0,0.0,0.0,0.0,0.0,-5.72,-5.39,-82.96,0.0,0.0,0.0,100.0,0,0,279
69793,0,0,0,99.99,0.0,0.0,0.0,0.0,0.0,0.0,0.0,0.0,0.0,0.0,0.0,0.0,-5.72,-5.4,-82.95,0.0,0.0,0.0,100.0,0,0,279
69993,0,0,0,99.99,0.0,0.0,0.0,0.0,0.0,0.0,0.0,0.0,0.0,0.0,0.0,0.0,-5.71,-5.4,-82.94,0.0,0.0,0.0,100.0,0,0,279
70193,0,0,0,99.99,0.0,0.0,0.0,0.0,0.0,0.0,0.0,0.0,0.0,0.0,0.0,0.0,-5.74,-5.42,-82.93,0.0,0.0,0.0,100.0,0,0,279
70393,0,0,0,99.99,0.0,0.0,0.0,0.0,0.0,0.0,0.0,0.0,0.0,0.0,0.0,0.0,-5.73,-5.42,-82.94,0.0,0.0,0.0,100.0,0,0,280
70593,0,0,0,99.99,0.0,0.0,0.0,0.0,0.0,0.0,0.0,0.0,0.0,0.0,0.0,0.0,-5.74,-5.44,-82.93,0.0,0.0,0.0,100.0,0,0,285
70793,0,0,0,99.99,0.0,0.0,0.0,0.0,0.0,0.0,0.0,0.0,0.0,0.0,0.0,0.0,-5.72,-5.43,-82.93,0.0,0.0,0.0,100.0,0,0,285
70993,0,0,0,99.99,0.0,0.0,0.0,0.0,0.0,0.0,0.0,0.0,0.0,0.0,0.0,0.0,-5.72,-5.42,-82.93,0.0,0.0,0.0,100.0,0,0,285
71193,0,0,0,99.99,0.0,0.0,0.0,0.0,0.0,0.0,0.0,0.0,0.0,0.0,0.0,0.0,-5.72,-5.42,-82.93,0.0,0.0,0.0,100.0,0,0,285
71393,0,0,0,99.99,0.0,0.0,0.0,0.0,0.0,0.0,0.0,0.0,0.0,0.0,0.0,0.0,-5.75,-5.41,-82.93,0.0,0.0,0.0,100.0,0,0,286
71593,0,0,0,99.99,0.0,0.0,0.0,0.0,0.0,0.0,0.0,0.0,0.0,0.0,0.0,0.0,-5.75,-5.41,-82.93,0.0,0.0,0.0,100.0,0,0,291
71793,0,0,0,99.99,0.0,0.0,0.0,0.0,0.0,0.0,0.0,0.0,0.0,0.0,0.0,0.0,-5.74,-5.4,-82.94,0.0,0.0,0.0,100.0,0,0,291
71993,0,0,0,99.99,0.0,0.0,0.0,0.0,0.0,0.0,0.0,0.0,0.0,0.0,0.0,0.0,-5.74,-5.41,-82.92,0.0,0.0,0.0,100.0,0,0,291
72193,0,0,0,99.99,0.0,0.0,0.0,0.0,0.0,0.0,0.0,0.0,0.0,0.0,0.0,0.0,-5.76,-5.43,-82.9,0.0,0.0,0.0,100.0,0,0,291
72393,0,0,0,99.99,0.0,0.0,0.0,0.0,0.0,0.0,0.0,0.0,0.0,0.0,0.0,0.0,-5.74,-5.43,-82.89,0.0,0.0,0.0,100.0,0,0,292
72593,0,0,0,99.99,0.0,0.0,0.0,0.0,0.0,0.0,0.0,0.0,0.0,0.0,0.0,0.0,-5.74,-5.44,-82.89,0.0,0.0,0.0,100.0,0,0,297
72793,0,0,0,99.99,0.0,0.0,0.0,0.0,0.0,0.0,0.0,0.0,0.0,0.0,0.0,0.0,-5.73,-5.45,-82.91,0.0,0.0,0.0,100.0,0,0,297
72993,0,0,0,99.99,0.0,0.0,0.0,0.0,0.0,0.0,0.0,0.0,0.0,0.0,0.0,0.0,-5.73,-5.43,-82.9,0.0,0.0,0.0,100.0,0,0,297
73193,0,0,0,99.99,0.0,0.0,0.0,0.0,0.0,0.0,0.0,0.0,0.0,0.0,0.0,0.0,-5.73,-5.44,-82.91,0.0,0.0,0.0,100.0,0,0,297
73393,0,0,0,99.99,0.0,0.0,0.0,0.0,0.0,0.0,0.0,0.0,0.0,0.0,0.0,0.0,-5.73,-5.42,-82.91,0.0,0.0,0.0,100.0,0,0,298
73593,0,0,0,99.99,0.0,0.0,0.0,0.0,0.0,0.0,0.0,0.0,0.0,0.0,0.0,0.0,-5.74,-5.43,-82.9,0.0,0.0,0.0,100.0,0,0,303
73794,0,0,0,99.99,0.0,0.0,0.0,0.0,0.0,0.0,0.0,0.0,0.0,0.0,0.0,0.0,-5.73,-5.42,-82.9,0.0,0.0,0.0,100.0,0,0,303
74003,0,0,0,99.99,0.0,0.0,0.0,0.0,0.0,0.0,0.0,0.0,0.0,0.0,0.0,0.0,-5.72,-5.42,-82.88,0.0,0.0,0.0,100.0,0,0,303
74203,0,0,0,99.99,0.0,0.0,0.0,0.0,0.0,0.0,0.0,0.0,0.0,0.0,0.0,0.0,-5.72,-5.42,-82.9,0.0,0.0,0.0,100.0,0,0,303
74403,0,0,0,99.99,0.0,0.0,0.0,0.0,0.0,0.0,0.0,0.0,0.0,0.0,0.0,0.0,-5.72,-5.44,-82.88,0.0,0.0,0.0,100.0,0,0,304
74603,0,0,0,99.99,0.0,0.0,0.0,0.0,0.0,0.0,0.0,0.0,0.0,0.0,0.0,0.0,-5.72,-5.46,-82.88,0.0,0.0,0.0,100.0,0,0,309
74803,0,0,0,99.99,0.0,0.0,0.0,0.0,0.0,0.0,0.0,0.0,0.0,0.0,0.0,0.0,-5.72,-5.46,-82.89,0.0,0.0,0.0,100.0,0,0,309
75004,0,0,0,99.99,0.0,0.0,0.0,0.0,0.0,0.0,0.0,0.0,0.0,0.0,0.0,0.0,-5.7,-5.47,-82.88,0.0,0.0,0.0,100.0,0,0,309
75213,0,0,0,99.99,0.0,0.0,0.0,0.0,0.0,0.0,0.0,0.0,0.0,0.0,0.0,0.0,-5.71,-5.46,-82.89,0.0,0.0,0.0,100.0,0,0,309
75414,0,0,0,99.99,0.0,0.0,0.0,0.0,0.0,0.0,0.0,0.0,0.0,0.0,0.0,0.0,-5.71,-5.47,-82.87,0.0,0.0,0.0,100.0,0,0,311
75623,0,0,0,99.99,0.0,0.0,0.0,0.0,0.0,0.0,0.0,0.0,0.0,0.0,0.0,0.0,-5.73,-5.46,-82.87,0.0,0.0,0.0,100.0,0,0,315
75823,0,0,0,99.99,0.0,0.0,0.0,0.0,0.0,0.0,0.0,0.0,0.0,0.0,0.0,0.0,-5.71,-5.45,-82.89,0.0,0.0,0.0,100.0,0,0,315
76023,0,0,0,99.99,0.0,0.0,0.0,0.0,0.0,0.0,0.0,0.0,0.0,0.0,0.0,0.0,-5.74,-5.44,-82.9,0.0,0.0,0.0,100.0,0,0,315
76223,0,0,0,99.99,0.0,0.0,0.0,0.0,0.0,0.0,0.0,0.0,0.0,0.0,0.0,0.0,-5.74,-5.45,-82.9,0.0,0.0,0.0,100.0,0,0,315
76423,0,0,0,99.99,0.0,0.0,0.0,0.0,0.0,0.0,0.0,0.0,0.0,0.0,0.0,0.0,-5.74,-5.47,-82.9,0.0,0.0,0.0,100.0,0,0,317
76623,0,0,0,99.99,0.0,0.0,0.0,0.0,0.0,0.0,0.0,0.0,0.0,0.0,0.0,0.0,-5.74,-5.47,-82.89,0.0,0.0,0.0,100.0,0,0,321
76823,0,0,0,99.99,0.0,0.0,0.0,0.0,0.0,0.0,0.0,0.0,0.0,0.0,0.0,0.0,-5.75,-5.48,-82.89,0.0,0.0,0.0,100.0,0,0,321
77023,0,0,0,99.99,0.0,0.0,0.0,0.0,0.0,0.0,0.0,0.0,0.0,0.0,0.0,0.0,-5.75,-5.48,-82.87,0.0,0.0,0.0,100.0,0,0,321
77223,0,0,0,99.99,0.0,0.0,0.0,0.0,0.0,0.0,0.0,0.0,0.0,0.0,0.0,0.0,-5.76,-5.46,-82.87,0.0,0.0,0.0,100.0,0,0,321
77426,0,0,0,99.99,0.0,0.0,0.0,0.0,0.0,0.0,0.0,0.0,0.0,0.0,0.0,0.0,-5.77,-5.48,-82.86,0.0,0.0,0.0,100.0,0,0,323
77633,0,0,0,99.99,0.0,0.0,0.0,0.0,0.0,0.0,0.0,0.0,0.0,0.0,0.0,0.0,-5.77,-5.47,-82.85,0.0,0.0,0.0,100.0,0,0,327
77833,0,0,0,99.99,0.0,0.0,0.0,0.0,0.0,0.0,0.0,0.0,0.0,0.0,0.0,0.0,-5.78,-5.49,-82.85,0.0,0.0,0.0,100.0,0,0,327
78033,0,0,0,99.99,0.0,0.0,0.0,0.0,0.0,0.0,0.0,0.0,0.0,0.0,0.0,0.0,-5.78,-5.47,-82.84,0.0,0.0,0.0,100.0,0,0,327
78233,0,0,0,99.99,0.0,0.0,0.0,0.0,0.0,0.0,0.0,0.0,0.0,0.0,0.0,0.0,-5.77,-5.46,-82.84,0.0,0.0,0.0,100.0,0,0,327
78433,0,0,0,99.99,0.0,0.0,0.0,0.0,0.0,0.0,0.0,0.0,0.0,0.0,0.0,0.0,-5.76,-5.47,-82.82,0.0,0.0,0.0,100.0,0,0,329
78633,0,0,0,99.99,0.0,0.0,0.0,0.0,0.0,0.0,0.0,0.0,0.0,0.0,0.0,0.0,-5.74,-5.47,-82.82,0.0,0.0,0.0,100.0,0,0,333
78833,0,0,0,99.99,0.0,0.0,0.0,0.0,0.0,0.0,0.0,0.0,0.0,0.0,0.0,0.0,-5.75,-5.48,-82.82,0.0,0.0,0.0,100.0,0,0,333
79033,0,0,0,99.99,0.0,0.0,0.0,0.0,0.0,0.0,0.0,0.0,0.0,0.0,0.0,0.0,-5.75,-5.48,-82.8,0.0,0.0,0.0,100.0,0,0,333
79233,0,0,0,99.99,0.0,0.0,0.0,0.0,0.0,0.0,0.0,0.0,0.0,0.0,0.0,0.0,-5.75,-5.49,-82.81,0.0,0.0,0.0,100.0,0,0,333
79433,0,0,0,99.99,0.0,0.0,0.0,0.0,0.0,0.0,0.0,0.0,0.0,0.0,0.0,0.0,-5.76,-5.48,-82.8,0.0,0.0,0.0,100.0,0,0,335
79633,0,0,0,99.99,0.0,0.0,0.0,0.0,0.0,0.0,0.0,0.0,0.0,0.0,0.0,0.0,-5.76,-5.51,-82.8,0.0,0.0,0.0,100.0,0,0,339
79833,0,0,0,99.99,0.0,0.0,0.0,0.0,0.0,0.0,0.0,0.0,0.0,0.0,0.0,0.0,-5.75,-5.51,-82.8,0.0,0.0,0.0,100.0,0,0,339
80033,0,0,0,99.99,0.0,0.0,0.0,0.0,0.0,0.0,0.0,0.0,0.0,0.0,0.0,0.0,-5.75,-5.51,-82.81,0.0,0.0,0.0,100.0,0,0,339
80233,0,0,0,99.99,0.0,0.0,0.0,0.0,0.0,0.0,0.0,0.0,0.0,0.0,0.0,0.0,-5.76,-5.51,-82.81,0.0,0.0,0.0,100.0,0,0,339
80433,0,0,0,99.99,0.0,0.0,0.0,0.0,0.0,0.0,0.0,0.0,0.0,0.0,0.0,0.0,-5.76,-5.5,-82.8,0.0,0.0,0.0,100.0,0,0,341
80633,0,0,0,99.99,0.0,0.0,0.0,0.0,0.0,0.0,0.0,0.0,0.0,0.0,0.0,0.0,-5.76,-5.5,-82.8,0.0,0.0,0.0,100.0,0,0,345
80833,0,0,0,99.99,0.0,0.0,0.0,0.0,0.0,0.0,0.0,0.0,0.0,0.0,0.0,0.0,-5.77,-5.51,-82.82,0.0,0.0,0.0,100.0,0,0,345
81033,0,0,0,99.99,0.0,0.0,0.0,0.0,0.0,0.0,0.0,0.0,0.0,0.0,0.0,0.0,-5.77,-5.5,-82.83,0.0,0.0,0.0,100.0,0,0,345
81233,0,0,0,99.99,0.0,0.0,0.0,0.0,0.0,0.0,0.0,0.0,0.0,0.0,0.0,0.0,-5.77,-5.5,-82.81,0.0,0.0,0.0,100.0,0,0,345
81433,0,0,0,99.99,0.0,0.0,0.0,0.0,0.0,0.0,0.0,0.0,0.0,0.0,0.0,0.0,-5.77,-5.52,-82.79,0.0,0.0,0.0,100.0,0,0,347
81633,0,0,0,99.99,0.0,0.0,0.0,0.0,0.0,0.0,0.0,0.0,0.0,0.0,0.0,0.0,-5.76,-5.51,-82.79,0.0,0.0,0.0,100.0,0,0,351
81833,0,0,0,99.99,0.0,0.0,0.0,0.0,0.0,0.0,0.0,0.0,0.0,0.0,0.0,0.0,-5.76,-5.54,-82.77,0.0,0.0,0.0,100.0,0,0,351
82033,0,0,0,99.99,0.0,0.0,0.0,0.0,0.0,0.0,0.0,0.0,0.0,0.0,0.0,0.0,-5.78,-5.53,-82.78,0.0,0.0,0.0,100.0,0,0,351
82233,0,0,0,99.99,0.0,0.0,0.0,0.0,0.0,0.0,0.0,0.0,0.0,0.0,0.0,0.0,-5.78,-5.53,-82.77,0.0,0.0,0.0,100.0,0,0,351
82433,0,0,0,99.99,0.0,0.0,0.0,0.0,0.0,0.0,0.0,0.0,0.0,0.0,0.0,0.0,-5.78,-5.51,-82.78,0.0,0.0,0.0,100.0,0,0,353
82633,0,0,0,99.99,0.0,0.0,0.0,0.0,0.0,0.0,0.0,0.0,0.0,0.0,0.0,0.0,-5.78,-5.51,-82.79,0.0,0.0,0.0,100.0,0,0,357
82833,0,0,0,99.99,0.0,0.0,0.0,0.0,0.0,0.0,0.0,0.0,0.0,0.0,0.0,0.0,-5.79,-5.53,-82.77,0.0,0.0,0.0,100.0,0,0,357
83033,0,0,0,99.99,0.0,0.0,0.0,0.0,0.0,0.0,0.0,0.0,0.0,0.0,0.0,0.0,-5.78,-5.53,-82.77,0.0,0.0,0.0,100.0,0,0,357
83233,0,0,0,99.99,0.0,0.0,0.0,0.0,0.0,0.0,0.0,0.0,0.0,0.0,0.0,0.0,-5.78,-5.53,-82.78,0.0,0.0,0.0,100.0,0,0,357
83433,0,0,0,99.99,0.0,0.0,0.0,0.0,0.0,0.0,0.0,0.0,0.0,0.0,0.0,0.0,-5.77,-5.52,-82.78,0.0,0.0,0.0,100.0,0,0,359
83633,0,0,0,99.99,0.0,0.0,0.0,0.0,0.0,0.0,0.0,0.0,0.0,0.0,0.0,0.0,-5.76,-5.51,-82.79,0.0,0.0,0.0,100.0,0,0,363
83833,0,0,0,99.99,0.0,0.0,0.0,0.0,0.0,0.0,0.0,0.0,0.0,0.0,0.0,0.0,-5.75,-5.51,-82.77,0.0,0.0,0.0,100.0,0,0,363
84033,0,0,0,99.99,0.0,0.0,0.0,0.0,0.0,0.0,0.0,0.0,0.0,0.0,0.0,0.0,-5.76,-5.51,-82.77,0.0,0.0,0.0,100.0,0,0,363
84233,0,0,0,99.99,0.0,0.0,0.0,0.0,0.0,0.0,0.0,0.0,0.0,0.0,0.0,0.0,-5.75,-5.52,-82.77,0.0,0.0,0.0,100.0,0,0,363
84433,0,0,0,99.99,0.0,0.0,0.0,0.0,0.0,0.0,0.0,0.0,0.0,0.0,0.0,0.0,-5.76,-5.53,-82.76,0.0,0.0,0.0,100.0,0,0,365
84633,0,0,0,99.99,0.0,0.0,0.0,0.0,0.0,0.0,0.0,0.0,0.0,0.0,0.0,0.0,-5.75,-5.51,-82.76,0.0,0.0,0.0,100.0,0,0,369
84833,0,0,0,99.99,0.0,0.0,0.0,0.0,0.0,0.0,0.0,0.0,0.0,0.0,0.0,0.0,-5.74,-5.52,-82.76,0.0,0.0,0.0,100.0,0,0,369
85033,0,0,0,99.99,0.0,0.0,0.0,0.0,0.0,0.0,0.0,0.0,0.0,0.0,0.0,0.0,-5.74,-5.51,-82.75,0.0,0.0,0.0,100.0,0,0,369
85233,0,0,0,99.99,0.0,0.0,0.0,0.0,0.0,0.0,0.0,0.0,0.0,0.0,0.0,0.0,-5.74,-5.53,-82.76,0.0,0.0,0.0,100.0,0,0,369
85433,0,0,0,99.99,0.0,0.0,0.0,0.0,0.0,0.0,0.0,0.0,0.0,0.0,0.0,0.0,-5.75,-5.51,-82.76,0.0,0.0,0.0,100.0,0,0,371
85633,0,0,0,99.99,0.0,0.0,0.0,0.0,0.0,0.0,0.0,0.0,0.0,0.0,0.0,0.0,-5.74,-5.52,-82.74,0.0,0.0,0.0,100.0,0,0,375
85833,0,0,0,99.99,0.0,0.0,0.0,0.0,0.0,0.0,0.0,0.0,0.0,0.0,0.0,0.0,-5.75,-5.51,-82.75,0.0,0.0,0.0,100.0,0,0,375
86033,0,0,0,99.99,0.0,0.0,0.0,0.0,0.0,0.0,0.0,0.0,0.0,0.0,0.0,0.0,-5.75,-5.53,-82.73,0.0,0.0,0.0,100.0,0,0,375
86233,0,0,0,99.99,0.0,0.0,0.0,0.0,0.0,0.0,0.0,0.0,0.0,0.0,0.0,0.0,-5.76,-5.54,-82.72,0.0,0.0,0.0,100.0,0,0,375
86433,0,0,0,99.99,0.0,0.0,0.0,0.0,0.0,0.0,0.0,0.0,0.0,0.0,0.0,0.0,-5.77,-5.55,-82.75,0.0,0.0,0.0,100.0,0,0,377
86633,0,0,0,99.99,0.0,0.0,0.0,0.0,0.0,0.0,0.0,0.0,0.0,0.0,0.0,0.0,-5.76,-5.57,-82.72,0.0,0.0,0.0,100.0,0,0,381
86833,0,0,0,99.99,0.0,0.0,0.0,0.0,0.0,0.0,0.0,0.0,0.0,0.0,0.0,0.0,-5.77,-5.57,-82.72,0.0,0.0,0.0,100.0,0,0,381
87033,0,0,0,99.99,0.0,0.0,0.0,0.0,0.0,0.0,0.0,0.0,0.0,0.0,0.0,0.0,-5.77,-5.53,-82.7,0.0,0.0,0.0,100.0,0,0,381
87233,0,0,0,99.99,0.0,0.0,0.0,0.0,0.0,0.0,0.0,0.0,0.0,0.0,0.0,0.0,-5.76,-5.55,-82.7,0.0,0.0,0.0,100.0,0,0,381
87433,0,0,0,99.99,0.0,0.0,0.0,0.0,0.0,0.0,0.0,0.0,0.0,0.0,0.0,0.0,-5.76,-5.55,-82.73,0.0,0.0,0.0,100.0,0,0,383
87633,0,0,0,99.99,0.0,0.0,0.0,0.0,0.0,0.0,0.0,0.0,0.0,0.0,0.0,0.0,-5.77,-5.56,-82.75,0.0,0.0,0.0,100.0,0,0,387
87833,0,0,0,99.99,0.0,0.0,0.0,0.0,0.0,0.0,0.0,0.0,0.0,0.0,0.0,0.0,-5.76,-5.56,-82.75,0.0,0.0,0.0,100.0,0,0,387
88033,0,0,0,99.99,0.0,0.0,0.0,0.0,0.0,0.0,0.0,0.0,0.0,0.0,0.0,0.0,-5.77,-5.56,-82.77,0.0,0.0,0.0,100.0,0,0,387
88233,0,0,0,99.99,0.0,0.0,0.0,0.0,0.0,0.0,0.0,0.0,0.0,0.0,0.0,0.0,-5.77,-5.55,-82.78,0.0,0.0,0.0,100.0,0,0,387
88433,0,0,0,99.99,0.0,0.0,0.0,0.0,0.0,0.0,0.0,0.0,0.0,0.0,0.0,0.0,-5.78,-5.55,-82.78,0.0,0.0,0.0,100.0,0,0,389
88633,0,0,0,99.99,0.0,0.0,0.0,0.0,0.0,0.0,0.0,0.0,0.0,0.0,0.0,0.0,-5.78,-5.56,-82.77,0.0,0.0,0.0,100.0,0,0,393
88833,0,0,0,99.99,0.0,0.0,0.0,0.0,0.0,0.0,0.0,0.0,0.0,0.0,0.0,0.0,-5.77,-5.55,-82.76,0.0,0.0,0.0,100.0,0,0,393
89033,0,0,0,99.99,0.0,0.0,0.0,0.0,0.0,0.0,0.0,0.0,0.0,0.0,0.0,0.0,-5.76,-5.56,-82.75,0.0,0.0,0.0,100.0,0,0,393
89233,0,0,0,99.99,0.0,0.0,0.0,0.0,0.0,0.0,0.0,0.0,0.0,0.0,0.0,0.0,-5.76,-5.55,-82.76,0.0,0.0,0.0,100.0,0,0,393
89433,0,0,0,99.99,0.0,0.0,0.0,0.0,0.0,0.0,0.0,0.0,0.0,0.0,0.0,0.0,-5.76,-5.58,-82.75,0.0,0.0,0.0,100.0,0,0,395
89633,0,0,0,99.99,0.0,0.0,0.0,0.0,0.0,0.0,0.0,0.0,0.0,0.0,0.0,0.0,-5.78,-5.55,-82.72,0.0,0.0,0.0,100.0,0,0,399
89833,0,0,0,99.99,0.0,0.0,0.0,0.0,0.0,0.0,0.0,0.0,0.0,0.0,0.0,0.0,-5.77,-5.54,-82.74,0.0,0.0,0.0,100.0,0,0,399
90033,0,0,0,99.99,0.0,0.0,0.0,0.0,0.0,0.0,0.0,0.0,0.0,0.0,0.0,0.0,-5.77,-5.54,-82.75,0.0,0.0,0.0,100.0,0,0,399
90233,0,0,0,99.99,0.0,0.0,0.0,0.0,0.0,0.0,0.0,0.0,0.0,0.0,0.0,0.0,-5.77,-5.57,-82.72,0.0,0.0,0.0,100.0,0,0,399
90433,0,0,0,99.99,0.0,0.0,0.0,0.0,0.0,0.0,0.0,0.0,0.0,0.0,0.0,0.0,-5.75,-5.56,-82.71,0.0,0.0,0.0,100.0,0,0,401
90633,0,0,0,99.99,0.0,0.0,0.0,0.0,0.0,0.0,0.0,0.0,0.0,0.0,0.0,0.0,-5.74,-5.55,-82.72,0.0,0.0,0.0,100.0,0,0,405
90834,0,0,0,99.99,0.0,0.0,0.0,0.0,0.0,0.0,0.0,0.0,0.0,0.0,0.0,0.0,-5.75,-5.54,-82.71,0.0,0.0,0.0,100.0,0,0,405
91043,0,0,0,99.99,0.0,0.0,0.0,0.0,0.0,0.0,0.0,0.0,0.0,0.0,0.0,0.0,-5.75,-5.54,-82.69,0.0,0.0,0.0,100.0,0,0,405
91243,0,0,0,99.99,0.0,0.0,0.0,0.0,0.0,0.0,0.0,0.0,0.0,0.0,0.0,0.0,-5.74,-5.54,-82.68,0.0,0.0,0.0,100.0,0,0,405
91443,0,0,0,99.99,0.0,0.0,0.0,0.0,0.0,0.0,0.0,0.0,0.0,0.0,0.0,0.0,-5.74,-5.56,-82.69,0.0,0.0,0.0,100.0,0,0,408
91643,0,0,0,99.99,0.0,0.0,0.0,0.0,0.0,0.0,0.0,0.0,0.0,0.0,0.0,0.0,-5.74,-5.59,-82.7,0.0,0.0,0.0,100.0,0,0,411
91843,0,0,0,99.99,0.0,0.0,0.0,0.0,0.0,0.0,0.0,0.0,0.0,0.0,0.0,0.0,-5.73,-5.57,-82.7,0.0,0.0,0.0,100.0,0,0,411
92043,0,0,0,99.99,0.0,0.0,0.0,0.0,0.0,0.0,0.0,0.0,0.0,0.0,0.0,0.0,-5.74,-5.58,-82.69,0.0,0.0,0.0,100.0,0,0,411
92243,0,0,0,99.99,0.0,0.0,0.0,0.0,0.0,0.0,0.0,0.0,0.0,0.0,0.0,0.0,-5.75,-5.6,-82.67,0.0,0.0,0.0,100.0,0,0,411
92443,0,0,0,99.99,0.0,0.0,0.0,0.0,0.0,0.0,0.0,0.0,0.0,0.0,0.0,0.0,-5.74,-5.6,-82.67,0.0,0.0,0.0,100.0,0,0,414
92643,0,0,0,99.99,0.0,0.0,0.0,0.0,0.0,0.0,0.0,0.0,0.0,0.0,0.0,0.0,-5.74,-5.58,-82.68,0.0,0.0,0.0,100.0,0,0,417
92843,0,0,0,99.99,0.0,0.0,0.0,0.0,0.0,0.0,0.0,0.0,0.0,0.0,0.0,0.0,-5.75,-5.56,-82.7,0.0,0.0,0.0,100.0,0,0,417
93043,0,0,0,99.99,0.0,0.0,0.0,0.0,0.0,0.0,0.0,0.0,0.0,0.0,0.0,0.0,-5.76,-5.57,-82.7,0.0,0.0,0.0,100.0,0,0,417
93243,0,0,0,99.99,0.0,0.0,0.0,0.0,0.0,0.0,0.0,0.0,0.0,0.0,0.0,0.0,-5.77,-5.57,-82.7,0.0,0.0,0.0,100.0,0,0,417
93443,0,0,0,99.99,0.0,0.0,0.0,0.0,0.0,0.0,0.0,0.0,0.0,0.0,0.0,0.0,-5.74,-5.56,-82.68,0.0,0.0,0.0,100.0,0,0,420
93643,0,0,0,99.99,0.0,0.0,0.0,0.0,0.0,0.0,0.0,0.0,0.0,0.0,0.0,0.0,-5.75,-5.57,-82.69,0.0,0.0,0.0,100.0,0,0,423
93843,0,0,0,99.99,0.0,0.0,0.0,0.0,0.0,0.0,0.0,0.0,0.0,0.0,0.0,0.0,-5.75,-5.57,-82.7,0.0,0.0,0.0,100.0,0,0,423
94043,0,0,0,99.99,0.0,0.0,0.0,0.0,0.0,0.0,0.0,0.0,0.0,0.0,0.0,0.0,-5.77,-5.59,-82.68,0.0,0.0,0.0,100.0,0,0,423
94243,0,0,0,99.99,0.0,0.0,0.0,0.0,0.0,0.0,0.0,0.0,0.0,0.0,0.0,0.0,-5.76,-5.57,-82.68,0.0,0.0,0.0,100.0,0,0,423
94443,0,0,0,99.99,0.0,0.0,0.0,0.0,0.0,0.0,0.0,0.0,0.0,0.0,0.0,0.0,-5.76,-5.58,-82.69,0.0,0.0,0.0,100.0,0,0,426
94643,0,0,0,99.99,0.0,0.0,0.0,0.0,0.0,0.0,0.0,0.0,0.0,0.0,0.0,0.0,-5.76,-5.56,-82.67,0.0,0.0,0.0,100.0,0,0,429
94843,0,0,0,99.99,0.0,0.0,0.0,0.0,0.0,0.0,0.0,0.0,0.0,0.0,0.0,0.0,-5.76,-5.56,-82.67,0.0,0.0,0.0,100.0,0,0,429
95043,0,0,0,99.99,0.0,0.0,0.0,0.0,0.0,0.0,0.0,0.0,0.0,0.0,0.0,0.0,-5.76,-5.58,-82.64,0.0,0.0,0.0,100.0,0,0,429
95243,0,0,0,99.99,0.0,0.0,0.0,0.0,0.0,0.0,0.0,0.0,0.0,0.0,0.0,0.0,-5.75,-5.57,-82.64,0.0,0.0,0.0,100.0,0,0,429
95443,0,0,0,99.99,0.0,0.0,0.0,0.0,0.0,0.0,0.0,0.0,0.0,0.0,0.0,0.0,-5.75,-5.58,-82.63,0.0,0.0,0.0,100.0,0,0,432
95644,0,0,0,99.99,0.0,0.0,0.0,0.0,0.0,0.0,0.0,0.0,0.0,0.0,0.0,0.0,-5.76,-5.58,-82.63,0.0,0.0,0.0,100.0,0,0,435
95853,0,0,0,99.99,0.0,0.0,0.0,0.0,0.0,0.0,0.0,0.0,0.0,0.0,0.0,0.0,-5.76,-5.59,-82.64,0.0,0.0,0.0,100.0,0,0,435
96053,0,0,0,99.99,0.0,0.0,0.0,0.0,0.0,0.0,0.0,0.0,0.0,0.0,0.0,0.0,-5.77,-5.6,-82.63,0.0,0.0,0.0,100.0,0,0,435
96253,0,0,0,99.99,0.0,0.0,0.0,0.0,0.0,0.0,0.0,0.0,0.0,0.0,0.0,0.0,-5.77,-5.6,-82.64,0.0,0.0,0.0,100.0,0,0,435
96453,0,0,0,99.99,0.0,0.0,0.0,0.0,0.0,0.0,0.0,0.0,0.0,0.0,0.0,0.0,-5.78,-5.61,-82.64,0.0,0.0,0.0,100.0,0,0,438
96653,0,0,0,99.99,0.0,0.0,0.0,0.0,0.0,0.0,0.0,0.0,0.0,0.0,0.0,0.0,-5.76,-5.61,-82.64,0.0,0.0,0.0,100.0,0,0,441
96853,0,0,0,99.99,0.0,0.0,0.0,0.0,0.0,0.0,0.0,0.0,0.0,0.0,0.0,0.0,-5.78,-5.59,-82.64,0.0,0.0,0.0,100.0,0,0,441
97054,0,0,0,99.99,0.0,0.0,0.0,0.0,0.0,0.0,0.0,0.0,0.0,0.0,0.0,0.0,-5.77,-5.59,-82.65,0.0,0.0,0.0,100.0,0,0,441
97263,0,0,0,99.99,0.0,0.0,0.0,0.0,0.0,0.0,0.0,0.0,0.0,0.0,0.0,0.0,-5.8,-5.59,-82.66,0.0,0.0,0.0,100.0,0,0,441
97463,0,0,0,99.99,0.0,0.0,0.0,0.0,0.0,0.0,0.0,0.0,0.0,0.0,0.0,0.0,-5.8,-5.59,-82.66,0.0,0.0,0.0,100.0,0,0,444
97663,0,0,0,99.99,0.0,0.0,0.0,0.0,0.0,0.0,0.0,0.0,0.0,0.0,0.0,0.0,-5.79,-5.59,-82.64,0.0,0.0,0.0,99.9,0,0,447
97863,0,0,0,99.99,0.0,0.0,0.0,0.0,0.0,0.0,0.0,0.0,0.0,0.0,0.0,0.0,-5.79,-5.59,-82.63,0.0,0.0,0.0,99.9,0,0,447
98063,0,0,0,99.99,0.0,0.0,0.0,0.0,0.0,0.0,0.0,0.0,0.0,0.0,0.0,0.0,-5.78,-5.58,-82.65,0.0,0.0,0.0,99.9,0,0,447
98263,0,0,0,99.99,0.0,0.0,0.0,0.0,0.0,0.0,0.0,0.0,0.0,0.0,0.0,0.0,-5.79,-5.6,-82.64,0.0,0.0,0.0,99.9,0,0,447
98463,0,0,0,99.99,0.0,0.0,0.0,0.0,0.0,0.0,0.0,0.0,0.0,0.0,0.0,0.0,-5.78,-5.61,-82.63,0.0,0.0,0.0,99.9,0,0,450
98663,0,0,0,99.99,0.0,0.0,0.0,0.0,0.0,0.0,0.0,0.0,0.0,0.0,0.0,0.0,-5.77,-5.6,-82.63,0.0,0.0,0.0,100.1,0,0,453
98863,0,0,0,99.99,0.0,0.0,0.0,0.0,0.0,0.0,0.0,0.0,0.0,0.0,0.0,0.0,-5.78,-5.6,-82.62,0.0,0.0,0.0,100.1,0,0,453
99063,0,0,0,99.99,0.0,0.0,0.0,0.0,0.0,0.0,0.0,0.0,0.0,0.0,0.0,0.0,-5.78,-5.6,-82.63,0.0,0.0,0.0,100.1,0,0,453
99263,0,0,0,99.99,0.0,0.0,0.0,0.0,0.0,0.0,0.0,0.0,0.0,0.0,0.0,0.0,-5.77,-5.59,-82.65,0.0,0.0,0.0,100.1,0,0,453
99463,0,0,0,99.99,0.0,0.0,0.0,0.0,0.0,0.0,0.0,0.0,0.0,0.0,0.0,0.0,-5.78,-5.63,-82.66,0.0,0.0,0.0,100.1,0,0,456
99663,0,0,0,99.99,0.0,0.0,0.0,0.0,0.0,0.0,0.0,0.0,0.0,0.0,0.0,0.0,-5.78,-5.63,-82.65,0.0,0.0,0.0,100.0,0,0,459
99863,0,0,0,99.99,0.0,0.0,0.0,0.0,0.0,0.0,0.0,0.0,0.0,0.0,0.0,0.0,-5.76,-5.62,-82.66,0.0,0.0,0.0,100.0,0,0,459
100063,0,0,0,99.99,0.0,0.0,0.0,0.0,0.0,0.0,0.0,0.0,0.0,0.0,0.0,0.0,-5.75,-5.59,-82.65,0.0,0.0,0.0,100.0,0,0,459
100263,0,0,0,99.99,0.0,0.0,0.0,0.0,0.0,0.0,0.0,0.0,0.0,0.0,0.0,0.0,-5.74,-5.61,-82.65,0.0,0.0,0.0,100.0,0,0,459
100463,0,0,0,99.99,0.0,0.0,0.0,0.0,0.0,0.0,0.0,0.0,0.0,0.0,0.0,0.0,-5.74,-5.59,-82.66,0.0,0.0,0.0,100.0,0,0,462
100663,0,0,0,99.99,0.0,0.0,0.0,0.0,0.0,0.0,0.0,0.0,0.0,0.0,0.0,0.0,-5.75,-5.59,-82.64,0.0,0.0,0.0,100.0,0,0,465
100863,0,0,0,99.99,0.0,0.0,0.0,0.0,0.0,0.0,0.0,0.0,0.0,0.0,0.0,0.0,-5.76,-5.61,-82.62,0.0,0.0,0.0,100.0,0,0,465
101063,0,0,0,99.99,0.0,0.0,0.0,0.0,0.0,0.0,0.0,0.0,0.0,0.0,0.0,0.0,-5.75,-5.65,-82.6,0.0,0.0,0.0,100.0,0,0,465
101263,0,0,0,99.99,0.0,0.0,0.0,0.0,0.0,0.0,0.0,0.0,0.0,0.0,0.0,0.0,-5.74,-5.63,-82.61,0.0,0.0,0.0,100.0,0,0,465
101463,0,0,0,99.99,0.0,0.0,0.0,0.0,0.0,0.0,0.0,0.0,0.0,0.0,0.0,0.0,-5.74,-5.64,-82.58,0.0,0.0,0.0,100.0,0,0,468
101663,0,0,0,99.99,0.0,0.0,0.0,0.0,0.0,0.0,0.0,0.0,0.0,0.0,0.0,0.0,-5.73,-5.63,-82.6,0.0,0.0,0.0,100.0,0,0,471
101863,0,0,0,99.99,0.0,0.0,0.0,0.0,0.0,0.0,0.0,0.0,0.0,0.0,0.0,0.0,-5.73,-5.63,-82.59,0.0,0.0,0.0,100.0,0,0,471
102063,0,0,0,99.99,0.0,0.0,0.0,0.0,0.0,0.0,0.0,0.0,0.0,0.0,0.0,0.0,-5.75,-5.63,-82.6,0.0,0.0,0.0,100.0,0,0,471
102263,0,0,0,99.99,0.0,0.0,0.0,0.0,0.0,0.0,0.0,0.0,0.0,0.0,0.0,0.0,-5.76,-5.63,-82.6,0.0,0.0,0.0,100.0,0,0,471
102463,0,0,0,99.99,0.0,0.0,0.0,0.0,0.0,0.0,0.0,0.0,0.0,0.0,0.0,0.0,-5.77,-5.66,-82.58,0.0,0.0,0.0,100.0,0,0,474
102663,0,0,0,99.99,0.0,0.0,0.0,0.0,0.0,0.0,0.0,0.0,0.0,0.0,0.0,0.0,-5.76,-5.64,-82.56,0.0,0.0,0.0,100.0,0,0,477
102863,0,0,0,99.99,0.0,0.0,0.0,0.0,0.0,0.0,0.0,0.0,0.0,0.0,0.0,0.0,-5.76,-5.64,-82.55,0.0,0.0,0.0,100.0,0,0,477
103063,0,0,0,99.99,0.0,0.0,0.0,0.0,0.0,0.0,0.0,0.0,0.0,0.0,0.0,0.0,-5.75,-5.63,-82.56,0.0,0.0,0.0,100.0,0,0,477
103264,0,0,0,99.99,0.0,0.0,0.0,0.0,0.0,0.0,0.0,0.0,0.0,0.0,0.0,0.0,-5.76,-5.65,-82.56,0.0,0.0,0.0,100.0,0,0,477
103474,0,0,0,99.99,0.0,0.0,0.0,0.0,0.0,0.0,0.0,0.0,0.0,0.0,0.0,0.0,-5.77,-5.63,-82.58,0.0,0.0,0.0,100.0,0,0,480
103683,0,0,0,99.99,0.0,0.0,0.0,0.0,0.0,0.0,0.0,0.0,0.0,0.0,0.0,0.0,-5.76,-5.63,-82.58,0.0,0.0,0.0,100.0,0,0,483
103883,0,0,0,99.99,0.0,0.0,0.0,0.0,0.0,0.0,0.0,0.0,0.0,0.0,0.0,0.0,-5.76,-5.63,-82.59,0.0,0.0,0.0,100.0,0,0,483
104083,0,0,0,99.99,0.0,0.0,0.0,0.0,0.0,0.0,0.0,0.0,0.0,0.0,0.0,0.0,-5.75,-5.66,-82.6,0.0,0.0,0.0,100.0,0,0,483
104283,0,0,0,99.99,0.0,0.0,0.0,0.0,0.0,0.0,0.0,0.0,0.0,0.0,0.0,0.0,-5.76,-5.65,-82.61,0.0,0.0,0.0,100.0,0,0,483
104483,0,0,0,99.99,0.0,0.0,0.0,0.0,0.0,0.0,0.0,0.0,0.0,0.0,0.0,0.0,-5.76,-5.65,-82.62,0.0,0.0,0.0,100.0,0,0,486
104683,0,0,0,99.99,0.0,0.0,0.0,0.0,0.0,0.0,0.0,0.0,0.0,0.0,0.0,0.0,-5.73,-5.62,-82.63,0.0,0.0,0.0,100.0,0,0,489
104883,0,0,0,99.99,0.0,0.0,0.0,0.0,0.0,0.0,0.0,0.0,0.0,0.0,0.0,0.0,-5.74,-5.61,-82.6,0.0,0.0,0.0,100.0,0,0,489
105083,0,0,0,99.99,0.0,0.0,0.0,0.0,0.0,0.0,0.0,0.0,0.0,0.0,0.0,0.0,-5.74,-5.59,-82.6,0.0,0.0,0.0,100.0,0,0,489
105283,0,0,0,99.99,0.0,0.0,0.0,0.0,0.0,0.0,0.0,0.0,0.0,0.0,0.0,0.0,-5.74,-5.61,-82.6,0.0,0.0,0.0,100.0,0,0,489
105483,0,0,0,99.99,0.0,0.0,0.0,0.0,0.0,0.0,0.0,0.0,0.0,0.0,0.0,0.0,-5.75,-5.62,-82.59,0.0,0.0,0.0,100.0,0,0,492
105683,0,0,0,99.99,0.0,0.0,0.0,0.0,0.0,0.0,0.0,0.0,0.0,0.0,0.0,0.0,-5.75,-5.64,-82.6,0.0,0.0,0.0,100.0,0,0,495
105884,0,0,0,99.99,0.0,0.0,0.0,0.0,0.0,0.0,0.0,0.0,0.0,0.0,0.0,0.0,-5.75,-5.62,-82.6,0.0,0.0,0.0,100.0,0,0,495
106084,0,0,0,99.99,0.0,0.0,0.0,0.0,0.0,0.0,0.0,0.0,0.0,0.0,0.0,0.0,-5.74,-5.61,-82.61,0.0,0.0,0.0,100.0,0,0,495
106293,0,0,0,99.99,0.0,0.0,0.0,0.0,0.0,0.0,0.0,0.0,0.0,0.0,0.0,0.0,-5.76,-5.62,-82.62,0.0,0.0,0.0,100.0,0,0,495
106493,0,0,0,99.99,0.0,0.0,0.0,0.0,0.0,0.0,0.0,0.0,0.0,0.0,0.0,0.0,-5.75,-5.62,-82.59,0.0,0.0,0.0,100.0,0,0,499
106693,0,0,0,99.99,0.0,0.0,0.0,0.0,0.0,0.0,0.0,0.0,0.0,0.0,0.0,0.0,-5.76,-5.63,-82.58,0.0,0.0,0.0,100.0,0,0,501
106893,0,0,0,99.99,0.0,0.0,0.0,0.0,0.0,0.0,0.0,0.0,0.0,0.0,0.0,0.0,-5.77,-5.64,-82.58,0.0,0.0,0.0,100.0,0,0,501
107093,0,0,0,99.99,0.0,0.0,0.0,0.0,0.0,0.0,0.0,0.0,0.0,0.0,0.0,0.0,-5.76,-5.64,-82.58,0.0,0.0,0.0,100.0,0,0,501
107293,0,0,0,99.99,0.0,0.0,0.0,0.0,0.0,0.0,0.0,0.0,0.0,0.0,0.0,0.0,-5.77,-5.66,-82.58,0.0,0.0,0.0,100.0,0,0,501
107493,0,0,0,99.99,0.0,0.0,0.0,0.0,0.0,0.0,0.0,0.0,0.0,0.0,0.0,0.0,-5.76,-5.63,-82.58,0.0,0.0,0.0,100.0,0,0,505
107693,0,0,0,99.99,0.0,0.0,0.0,0.0,0.0,0.0,0.0,0.0,0.0,0.0,0.0,0.0,-5.76,-5.64,-82.57,0.0,0.0,0.0,100.0,0,0,507
107893,0,0,0,99.99,0.0,0.0,0.0,0.0,0.0,0.0,0.0,0.0,0.0,0.0,0.0,0.0,-5.76,-5.65,-82.56,0.0,0.0,0.0,100.0,0,0,507
108093,0,0,0,99.99,0.0,0.0,0.0,0.0,0.0,0.0,0.0,0.0,0.0,0.0,0.0,0.0,-5.77,-5.66,-82.58,0.0,0.0,0.0,100.0,0,0,507
108293,0,0,0,99.99,0.0,0.0,0.0,0.0,0.0,0.0,0.0,0.0,0.0,0.0,0.0,0.0,-5.77,-5.65,-82.56,0.0,0.0,0.0,100.0,0,0,507
108493,0,0,0,99.99,0.0,0.0,0.0,0.0,0.0,0.0,0.0,0.0,0.0,0.0,0.0,0.0,-5.75,-5.67,-82.55,0.0,0.0,0.0,100.0,0,0,511
108693,0,0,0,99.99,0.0,0.0,0.0,0.0,0.0,0.0,0.0,0.0,0.0,0.0,0.0,0.0,-5.76,-5.66,-82.55,0.0,0.0,0.0,100.0,0,0,513
108893,0,0,0,99.99,0.0,0.0,0.0,0.0,0.0,0.0,0.0,0.0,0.0,0.0,0.0,0.0,-5.76,-5.66,-82.55,0.0,0.0,0.0,100.0,0,0,513
109093,0,0,0,99.99,0.0,0.0,0.0,0.0,0.0,0.0,0.0,0.0,0.0,0.0,0.0,0.0,-5.76,-5.66,-82.55,0.0,0.0,0.0,100.0,0,0,513
109293,0,0,0,99.99,0.0,0.0,0.0,0.0,0.0,0.0,0.0,0.0,0.0,0.0,0.0,0.0,-5.76,-5.66,-82.55,0.0,0.0,0.0,100.0,0,0,513
109493,0,0,0,99.99,0.0,0.0,0.0,0.0,0.0,0.0,0.0,0.0,0.0,0.0,0.0,0.0,-5.77,-5.66,-82.55,0.0,0.0,0.0,100.0,0,0,517
109693,0,0,0,99.99,0.0,0.0,0.0,0.0,0.0,0.0,0.0,0.0,0.0,0.0,0.0,0.0,-5.77,-5.66,-82.57,0.0,0.0,0.0,100.0,0,0,519
109893,0,0,0,99.99,0.0,0.0,0.0,0.0,0.0,0.0,0.0,0.0,0.0,0.0,0.0,0.0,-5.76,-5.66,-82.56,0.0,0.0,0.0,100.0,0,0,519
110093,0,0,0,99.99,0.0,0.0,0.0,0.0,0.0,0.0,0.0,0.0,0.0,0.0,0.0,0.0,-5.76,-5.65,-82.57,0.0,0.0,0.0,100.0,0,0,519
110293,0,0,0,99.99,0.0,0.0,0.0,0.0,0.0,0.0,0.0,0.0,0.0,0.0,0.0,0.0,-5.77,-5.65,-82.55,0.0,0.0,0.0,100.0,0,0,519
110493,0,0,0,99.99,0.0,0.0,0.0,0.0,0.0,0.0,0.0,0.0,0.0,0.0,0.0,0.0,-5.78,-5.66,-82.54,0.0,0.0,0.0,100.0,0,0,523
110693,0,0,0,99.99,0.0,0.0,0.0,0.0,0.0,0.0,0.0,0.0,0.0,0.0,0.0,0.0,-5.78,-5.66,-82.52,0.0,0.0,0.0,100.0,0,0,525
110893,0,0,0,99.99,0.0,0.0,0.0,0.0,0.0,0.0,0.0,0.0,0.0,0.0,0.0,0.0,-5.78,-5.66,-82.52,0.0,0.0,0.0,100.0,0,0,525
111093,0,0,0,99.99,0.0,0.0,0.0,0.0,0.0,0.0,0.0,0.0,0.0,0.0,0.0,0.0,-5.78,-5.65,-82.52,0.0,0.0,0.0,100.0,0,0,525
111293,0,0,0,99.99,0.0,0.0,0.0,0.0,0.0,0.0,0.0,0.0,0.0,0.0,0.0,0.0,-5.78,-5.66,-82.52,0.0,0.0,0.0,100.0,0,0,525
111493,0,0,0,99.99,0.0,0.0,0.0,0.0,0.0,0.0,0.0,0.0,0.0,0.0,0.0,0.0,-5.78,-5.67,-82.53,0.0,0.0,0.0,100.0,0,0,529
111693,0,0,0,99.99,0.0,0.0,0.0,0.0,0.0,0.0,0.0,0.0,0.0,0.0,0.0,0.0,-5.78,-5.68,-82.52,0.0,0.0,0.0,100.0,0,0,531
111893,0,0,0,99.99,0.0,0.0,0.0,0.0,0.0,0.0,0.0,0.0,0.0,0.0,0.0,0.0,-5.78,-5.66,-82.54,0.0,0.0,0.0,100.0,0,0,531
112093,0,0,0,99.99,0.0,0.0,0.0,0.0,0.0,0.0,0.0,0.0,0.0,0.0,0.0,0.0,-5.78,-5.65,-82.54,0.0,0.0,0.0,100.0,0,0,531
112293,0,0,0,99.99,0.0,0.0,0.0,0.0,0.0,0.0,0.0,0.0,0.0,0.0,0.0,0.0,-5.78,-5.66,-82.52,0.0,0.0,0.0,100.0,0,0,531
112493,0,0,0,99.99,0.0,0.0,0.0,0.0,0.0,0.0,0.0,0.0,0.0,0.0,0.0,0.0,-5.77,-5.67,-82.53,0.0,0.0,0.0,100.0,0,0,535
112693,0,0,0,99.99,0.0,0.0,0.0,0.0,0.0,0.0,0.0,0.0,0.0,0.0,0.0,0.0,-5.77,-5.67,-82.53,0.0,0.0,0.0,100.0,0,0,537
112893,0,0,0,99.99,0.0,0.0,0.0,0.0,0.0,0.0,0.0,0.0,0.0,0.0,0.0,0.0,-5.77,-5.69,-82.53,0.0,0.0,0.0,100.0,0,0,537
113093,0,0,0,99.99,0.0,0.0,0.0,0.0,0.0,0.0,0.0,0.0,0.0,0.0,0.0,0.0,-5.76,-5.68,-82.52,0.0,0.0,0.0,100.0,0,0,537
113293,0,0,0,99.99,0.0,0.0,0.0,0.0,0.0,0.0,0.0,0.0,0.0,0.0,0.0,0.0,-5.77,-5.68,-82.53,0.0,0.0,0.0,100.0,0,0,537
113493,0,0,0,99.99,0.0,0.0,0.0,0.0,0.0,0.0,0.0,0.0,0.0,0.0,0.0,0.0,-5.77,-5.66,-82.51,0.0,0.0,0.0,100.0,0,0,541
113693,0,0,0,99.99,0.0,0.0,0.0,0.0,0.0,0.0,0.0,0.0,0.0,0.0,0.0,0.0,-5.76,-5.67,-82.5,0.0,0.0,0.0,100.0,0,0,543
113893,0,0,0,99.99,0.0,0.0,0.0,0.0,0.0,0.0,0.0,0.0,0.0,0.0,0.0,0.0,-5.76,-5.69,-82.48,0.0,0.0,0.0,100.0,0,0,543
114093,0,0,0,99.99,0.0,0.0,0.0,0.0,0.0,0.0,0.0,0.0,0.0,0.0,0.0,0.0,-5.76,-5.68,-82.48,0.0,0.0,0.0,100.0,0,0,543
114293,0,0,0,99.99,0.0,0.0,0.0,0.0,0.0,0.0,0.0,0.0,0.0,0.0,0.0,0.0,-5.74,-5.68,-82.48,0.0,0.0,0.0,100.0,0,0,543
114493,0,0,0,99.99,0.0,0.0,0.0,0.0,0.0,0.0,0.0,0.0,0.0,0.0,0.0,0.0,-5.74,-5.66,-82.5,0.0,0.0,0.0,100.0,0,0,547
114693,0,0,0,99.99,0.0,0.0,0.0,0.0,0.0,0.0,0.0,0.0,0.0,0.0,0.0,0.0,-5.74,-5.68,-82.49,0.0,0.0,0.0,100.0,0,0,549
114893,0,0,0,99.99,0.0,0.0,0.0,0.0,0.0,0.0,0.0,0.0,0.0,0.0,0.0,0.0,-5.74,-5.69,-82.47,0.0,0.0,0.0,100.0,0,0,549
115094,0,0,0,99.99,0.0,0.0,0.0,0.0,0.0,0.0,0.0,0.0,0.0,0.0,0.0,0.0,-5.75,-5.68,-82.46,0.0,0.0,0.0,100.0,0,0,549
115303,0,0,0,99.99,0.0,0.0,0.0,0.0,0.0,0.0,0.0,0.0,0.0,0.0,0.0,0.0,-5.75,-5.68,-82.47,0.0,0.0,0.0,100.0,0,0,549
115503,0,0,0,99.99,0.0,0.0,0.0,0.0,0.0,0.0,0.0,0.0,0.0,0.0,0.0,0.0,-5.75,-5.68,-82.46,0.0,0.0,0.0,100.0,0,0,553
115703,0,0,0,99.99,0.0,0.0,0.0,0.0,0.0,0.0,0.0,0.0,0.0,0.0,0.0,0.0,-5.75,-5.68,-82.45,0.0,0.0,0.0,100.0,0,0,555
115903,0,0,0,99.99,0.0,0.0,0.0,0.0,0.0,0.0,0.0,0.0,0.0,0.0,0.0,0.0,-5.75,-5.68,-82.46,0.0,0.0,0.0,100.0,0,0,555
116103,0,0,0,99.99,0.0,0.0,0.0,0.0,0.0,0.0,0.0,0.0,0.0,0.0,0.0,0.0,-5.75,-5.67,-82.46,0.0,0.0,0.0,100.0,0,0,555
116303,0,0,0,99.99,0.0,0.0,0.0,0.0,0.0,0.0,0.0,0.0,0.0,0.0,0.0,0.0,-5.74,-5.67,-82.49,0.0,0.0,0.0,100.0,0,0,555
116503,0,0,0,99.99,0.0,0.0,0.0,0.0,0.0,0.0,0.0,0.0,0.0,0.0,0.0,0.0,-5.75,-5.66,-82.5,0.0,0.0,0.0,100.0,0,0,559
116703,0,0,0,99.99,0.0,0.0,0.0,0.0,0.0,0.0,0.0,0.0,0.0,0.0,0.0,0.0,-5.75,-5.65,-82.49,0.0,0.0,0.0,100.0,0,0,561
116903,0,0,0,99.99,0.0,0.0,0.0,0.0,0.0,0.0,0.0,0.0,0.0,0.0,0.0,0.0,-5.74,-5.66,-82.47,0.0,0.0,0.0,100.0,0,0,561
117103,0,0,0,99.99,0.0,0.0,0.0,0.0,0.0,0.0,0.0,0.0,0.0,0.0,0.0,0.0,-5.74,-5.67,-82.48,0.0,0.0,0.0,100.0,0,0,561
117303,0,0,0,99.99,0.0,0.0,0.0,0.0,0.0,0.0,0.0,0.0,0.0,0.0,0.0,0.0,-5.75,-5.66,-82.48,0.0,0.0,0.0,100.0,0,0,561
117503,0,0,0,99.99,0.0,0.0,0.0,0.0,0.0,0.0,0.0,0.0,0.0,0.0,0.0,0.0,-5.75,-5.67,-82.49,0.0,0.0,0.0,100.0,0,0,565
117703,0,0,0,99.99,0.0,0.0,0.0,0.0,0.0,0.0,0.0,0.0,0.0,0.0,0.0,0.0,-5.76,-5.67,-82.51,0.0,0.0,0.0,100.0,0,0,567
117903,0,0,0,99.99,0.0,0.0,0.0,0.0,0.0,0.0,0.0,0.0,0.0,0.0,0.0,0.0,-5.76,-5.67,-82.51,0.0,0.0,0.0,100.0,0,0,567
118103,0,0,0,99.99,0.0,0.0,0.0,0.0,0.0,0.0,0.0,0.0,0.0,0.0,0.0,0.0,-5.76,-5.68,-82.48,0.0,0.0,0.0,100.0,0,0,567
118303,0,0,0,99.99,0.0,0.0,0.0,0.0,0.0,0.0,0.0,0.0,0.0,0.0,0.0,0.0,-5.76,-5.67,-82.49,0.0,0.0,0.0,100.0,0,0,567
118503,0,0,0,99.99,0.0,0.0,0.0,0.0,0.0,0.0,0.0,0.0,0.0,0.0,0.0,0.0,-5.76,-5.68,-82.5,0.0,0.0,0.0,100.0,0,0,571
118703,0,0,0,99.99,0.0,0.0,0.0,0.0,0.0,0.0,0.0,0.0,0.0,0.0,0.0,0.0,-5.76,-5.68,-82.5,0.0,0.0,0.0,100.0,0,0,573
118903,0,0,0,99.99,0.0,0.0,0.0,0.0,0.0,0.0,0.0,0.0,0.0,0.0,0.0,0.0,-5.76,-5.68,-82.5,0.0,0.0,0.0,100.0,0,0,573
119103,0,0,0,99.99,0.0,0.0,0.0,0.0,0.0,0.0,0.0,0.0,0.0,0.0,0.0,0.0,-5.78,-5.69,-82.48,0.0,0.0,0.0,100.0,0,0,573
119303,0,0,0,99.99,0.0,0.0,0.0,0.0,0.0,0.0,0.0,0.0,0.0,0.0,0.0,0.0,-5.8,-5.7,-82.48,0.0,0.0,0.0,100.0,0,0,573
119503,0,0,0,99.99,0.0,0.0,0.0,0.0,0.0,0.0,0.0,0.0,0.0,0.0,0.0,0.0,-5.8,-5.71,-82.47,0.0,0.0,0.0,100.0,0,0,577
119704,0,0,0,99.99,0.0,0.0,0.0,0.0,0.0,0.0,0.0,0.0,0.0,0.0,0.0,0.0,-5.79,-5.7,-82.47,0.0,0.0,0.0,100.0,0,0,579
119913,0,0,0,99.99,0.0,0.0,0.0,0.0,0.0,0.0,0.0,0.0,0.0,0.0,0.0,0.0,-5.78,-5.7,-82.48,0.0,0.0,0.0,100.0,0,0,579
120113,0,0,0,99.99,0.0,0.0,0.0,0.0,0.0,0.0,0.0,0.0,0.0,0.0,0.0,0.0,-5.79,-5.7,-82.47,0.0,0.0,0.0,100.0,0,0,579
120313,0,0,0,99.99,0.0,0.0,0.0,0.0,0.0,0.0,0.0,0.0,0.0,0.0,0.0,0.0,-5.79,-5.7,-82.48,0.0,0.0,0.0,100.0,0,0,579
120513,0,0,0,99.99,0.0,0.0,0.0,0.0,0.0,0.0,0.0,0.0,0.0,0.0,0.0,0.0,-5.8,-5.7,-82.48,0.0,0.0,0.0,100.0,0,0,584
120713,0,0,0,99.99,0.0,0.0,0.0,0.0,0.0,0.0,0.0,0.0,0.0,0.0,0.0,0.0,-5.79,-5.69,-82.49,0.0,0.0,0.0,100.0,0,0,585
120913,0,0,0,99.99,0.0,0.0,0.0,0.0,0.0,0.0,0.0,0.0,0.0,0.0,0.0,0.0,-5.8,-5.69,-82.48,0.0,0.0,0.0,100.0,0,0,585
121113,0,0,0,99.99,0.0,0.0,0.0,0.0,0.0,0.0,0.0,0.0,0.0,0.0,0.0,0.0,-5.78,-5.72,-82.46,0.0,0.0,0.0,100.0,0,0,585
121313,0,0,0,99.99,0.0,0.0,0.0,0.0,0.0,0.0,0.0,0.0,0.0,0.0,0.0,0.0,-5.78,-5.71,-82.47,0.0,0.0,0.0,100.0,0,0,585
121513,0,0,0,99.99,0.0,0.0,0.0,0.0,0.0,0.0,0.0,0.0,0.0,0.0,0.0,0.0,-5.79,-5.71,-82.47,0.0,0.0,0.0,100.0,0,0,590
121714,0,0,0,99.99,0.0,0.0,0.0,0.0,0.0,0.0,0.0,0.0,0.0,0.0,0.0,0.0,-5.78,-5.69,-82.46,0.0,0.0,0.0,100.0,0,0,591
121914,0,0,0,99.99,0.0,0.0,0.0,0.0,0.0,0.0,0.0,0.0,0.0,0.0,0.0,0.0,-5.77,-5.68,-82.46,0.0,0.0,0.0,100.0,0,0,591
122123,0,0,0,99.99,0.0,0.0,0.0,0.0,0.0,0.0,0.0,0.0,0.0,0.0,0.0,0.0,-5.78,-5.69,-82.46,0.0,0.0,0.0,100.0,0,0,591
122323,0,0,0,99.99,0.0,0.0,0.0,0.0,0.0,0.0,0.0,0.0,0.0,0.0,0.0,0.0,-5.78,-5.7,-82.45,0.0,0.0,0.0,100.0,0,0,591
122523,0,0,0,99.99,0.0,0.0,0.0,0.0,0.0,0.0,0.0,0.0,0.0,0.0,0.0,0.0,-5.78,-5.7,-82.43,0.0,0.0,0.0,100.0,0,0,596
122723,0,0,0,99.99,0.0,0.0,0.0,0.0,0.0,0.0,0.0,0.0,0.0,0.0,0.0,0.0,-5.76,-5.7,-82.42,0.0,0.0,0.0,100.0,0,0,597
122923,0,0,0,99.99,0.0,0.0,0.0,0.0,0.0,0.0,0.0,0.0,0.0,0.0,0.0,0.0,-5.75,-5.7,-82.4,0.0,0.0,0.0,100.0,0,0,597
123123,0,0,0,99.99,0.0,0.0,0.0,0.0,0.0,0.0,0.0,0.0,0.0,0.0,0.0,0.0,-5.76,-5.7,-82.39,0.0,0.0,0.0,100.0,0,0,597
123323,0,0,0,99.99,0.0,0.0,0.0,0.0,0.0,0.0,0.0,0.0,0.0,0.0,0.0,0.0,-5.75,-5.7,-82.41,0.0,0.0,0.0,100.0,0,0,597
123523,0,0,0,99.99,0.0,0.0,0.0,0.0,0.0,0.0,0.0,0.0,0.0,0.0,0.0,0.0,-5.76,-5.7,-82.41,0.0,0.0,0.0,100.0,0,0,602
123723,0,0,0,99.99,0.0,0.0,0.0,0.0,0.0,0.0,0.0,0.0,0.0,0.0,0.0,0.0,-5.75,-5.69,-82.45,0.0,0.0,0.0,100.0,0,0,603
123923,0,0,0,99.99,0.0,0.0,0.0,0.0,0.0,0.0,0.0,0.0,0.0,0.0,0.0,0.0,-5.75,-5.69,-82.43,0.0,0.0,0.0,100.0,0,0,603
124124,0,0,0,99.99,0.0,0.0,0.0,0.0,0.0,0.0,0.0,0.0,0.0,0.0,0.0,0.0,-5.76,-5.7,-82.43,0.0,0.0,0.0,100.0,0,0,603
124333,0,0,0,99.99,0.0,0.0,0.0,0.0,0.0,0.0,0.0,0.0,0.0,0.0,0.0,0.0,-5.77,-5.7,-82.43,0.0,0.0,0.0,100.0,0,0,603
124533,0,0,0,99.99,0.0,0.0,0.0,0.0,0.0,0.0,0.0,0.0,0.0,0.0,0.0,0.0,-5.78,-5.69,-82.44,0.0,0.0,0.0,100.0,0,0,609
124733,0,0,0,99.99,0.0,0.0,0.0,0.0,0.0,0.0,0.0,0.0,0.0,0.0,0.0,0.0,-5.76,-5.68,-82.45,0.0,0.0,0.0,100.0,0,0,609
124933,0,0,0,99.99,0.0,0.0,0.0,0.0,0.0,0.0,0.0,0.0,0.0,0.0,0.0,0.0,-5.76,-5.68,-82.45,0.0,0.0,0.0,100.0,0,0,609
125133,0,0,0,99.99,0.0,0.0,0.0,0.0,0.0,0.0,0.0,0.0,0.0,0.0,0.0,0.0,-5.77,-5.7,-82.44,0.0,0.0,0.0,100.0,0,0,609
125333,0,0,0,99.99,0.0,0.0,0.0,0.0,0.0,0.0,0.0,0.0,0.0,0.0,0.0,0.0,-5.78,-5.71,-82.47,0.0,0.0,0.0,100.0,0,0,609
125533,0,0,0,99.99,0.0,0.0,0.0,0.0,0.0,0.0,0.0,0.0,0.0,0.0,0.0,0.0,-5.77,-5.71,-82.47,0.0,0.0,0.0,100.0,0,0,615
125733,0,0,0,99.99,0.0,0.0,0.0,0.0,0.0,0.0,0.0,0.0,0.0,0.0,0.0,0.0,-5.77,-5.72,-82.45,0.0,0.0,0.0,100.0,0,0,615
125934,0,0,0,99.99,0.0,0.0,0.0,0.0,0.0,0.0,0.0,0.0,0.0,0.0,0.0,0.0,-5.8,-5.71,-82.44,0.0,0.0,0.0,100.0,0,0,615
126143,0,0,0,99.99,0.0,0.0,0.0,0.0,0.0,0.0,0.0,0.0,0.0,0.0,0.0,0.0,-5.79,-5.72,-82.44,0.0,0.0,0.0,100.0,0,0,615
126343,0,0,0,99.99,0.0,0.0,0.0,0.0,0.0,0.0,0.0,0.0,0.0,0.0,0.0,0.0,-5.8,-5.71,-82.45,0.0,0.0,0.0,100.0,0,0,615
126543,0,0,0,99.99,0.0,0.0,0.0,0.0,0.0,0.0,0.0,0.0,0.0,0.0,0.0,0.0,-5.79,-5.71,-82.43,0.0,0.0,0.0,100.0,0,0,621
126743,0,0,0,99.99,0.0,0.0,0.0,0.0,0.0,0.0,0.0,0.0,0.0,0.0,0.0,0.0,-5.79,-5.72,-82.43,0.0,0.0,0.0,100.0,0,0,621
126943,0,0,0,99.99,0.0,0.0,0.0,0.0,0.0,0.0,0.0,0.0,0.0,0.0,0.0,0.0,-5.78,-5.72,-82.44,0.0,0.0,0.0,100.0,0,0,621
127143,0,0,0,99.99,0.0,0.0,0.0,0.0,0.0,0.0,0.0,0.0,0.0,0.0,0.0,0.0,-5.79,-5.71,-82.42,0.0,0.0,0.0,100.0,0,0,621
127343,0,0,0,99.99,0.0,0.0,0.0,0.0,0.0,0.0,0.0,0.0,0.0,0.0,0.0,0.0,-5.79,-5.72,-82.41,0.0,0.0,0.0,100.0,0,0,621
127543,0,0,0,99.99,0.0,0.0,0.0,0.0,0.0,0.0,0.0,0.0,0.0,0.0,0.0,0.0,-5.77,-5.72,-82.4,0.0,0.0,0.0,99.9,0,0,627
127744,0,0,0,99.99,0.0,0.0,0.0,0.0,0.0,0.0,0.0,0.0,0.0,0.0,0.0,0.0,-5.77,-5.72,-82.41,0.0,0.0,0.0,99.9,0,0,627
127953,0,0,0,99.99,0.0,0.0,0.0,0.0,0.0,0.0,0.0,0.0,0.0,0.0,0.0,0.0,-5.77,-5.7,-82.43,0.0,0.0,0.0,99.9,0,0,627
128153,0,0,0,99.99,0.0,0.0,0.0,0.0,0.0,0.0,0.0,0.0,0.0,0.0,0.0,0.0,-5.78,-5.69,-82.42,0.0,0.0,0.0,99.9,0,0,627
128353,0,0,0,99.99,0.0,0.0,0.0,0.0,0.0,0.0,0.0,0.0,0.0,0.0,0.0,0.0,-5.79,-5.71,-82.43,0.0,0.0,0.0,99.9,0,0,627
128553,0,0,0,99.99,0.0,0.0,0.0,0.0,0.0,0.0,0.0,0.0,0.0,0.0,0.0,0.0,-5.79,-5.71,-82.42,0.0,0.0,0.0,100.1,0,0,633
128753,0,0,0,99.99,0.0,0.0,0.0,0.0,0.0,0.0,0.0,0.0,0.0,0.0,0.0,0.0,-5.78,-5.72,-82.41,0.0,0.0,0.0,100.1,0,0,633
128953,0,0,0,99.99,0.0,0.0,0.0,0.0,0.0,0.0,0.0,0.0,0.0,0.0,0.0,0.0,-5.77,-5.71,-82.41,0.0,0.0,0.0,100.1,0,0,633
129153,0,0,0,99.99,0.0,0.0,0.0,0.0,0.0,0.0,0.0,0.0,0.0,0.0,0.0,0.0,-5.78,-5.7,-82.4,0.0,0.0,0.0,100.1,0,0,633
129353,0,0,0,99.99,0.0,0.0,0.0,0.0,0.0,0.0,0.0,0.0,0.0,0.0,0.0,0.0,-5.78,-5.7,-82.41,0.0,0.0,0.0,100.1,0,0,633
129553,0,0,0,99.99,0.0,0.0,0.0,0.0,0.0,0.0,0.0,0.0,0.0,0.0,0.0,0.0,-5.77,-5.72,-82.41,0.0,0.0,0.0,99.5,0,0,639
129753,0,0,0,99.99,0.0,0.0,0.0,0.0,0.0,0.0,0.0,0.0,0.0,0.0,0.0,0.0,-5.79,-5.71,-82.41,0.0,0.0,0.0,99.5,0,0,639
129953,0,0,0,99.99,0.0,0.0,0.0,0.0,0.0,0.0,0.0,0.0,0.0,0.0,0.0,0.0,-5.79,-5.72,-82.41,0.0,0.0,0.0,99.5,0,0,639
130153,0,0,0,99.99,0.0,0.0,0.0,0.0,0.0,0.0,0.0,0.0,0.0,0.0,0.0,0.0,-5.8,-5.71,-82.41,0.0,0.0,0.0,99.5,0,0,639
130353,0,0,0,99.99,0.0,0.0,0.0,0.0,0.0,0.0,0.0,0.0,0.0,0.0,0.0,0.0,-5.81,-5.71,-82.41,0.0,0.0,0.0,99.5,0,0,639
130553,0,0,0,99.99,0.0,0.0,0.0,0.0,0.0,0.0,0.0,0.0,0.0,0.0,0.0,0.0,-5.8,-5.72,-82.38,0.0,0.0,0.0,100.5,0,0,645
130753,0,0,0,99.99,0.0,0.0,0.0,0.0,0.0,0.0,0.0,0.0,0.0,0.0,0.0,0.0,-5.8,-5.72,-82.37,0.0,0.0,0.0,100.5,0,0,645
130953,0,0,0,99.99,0.0,0.0,0.0,0.0,0.0,0.0,0.0,0.0,0.0,0.0,0.0,0.0,-5.81,-5.73,-82.37,0.0,0.0,0.0,100.5,0,0,645
131153,0,0,0,99.99,0.0,0.0,0.0,0.0,0.0,0.0,0.0,0.0,0.0,0.0,0.0,0.0,-5.79,-5.73,-82.38,0.0,0.0,0.0,100.5,0,0,645
131353,0,0,0,99.99,0.0,0.0,0.0,0.0,0.0,0.0,0.0,0.0,0.0,0.0,0.0,0.0,-5.79,-5.72,-82.39,0.0,0.0,0.0,100.5,0,0,645
131553,0,0,0,99.99,0.0,0.0,0.0,0.0,0.0,0.0,0.0,0.0,0.0,0.0,0.0,0.0,-5.8,-5.72,-82.4,0.0,0.0,0.0,100.0,0,0,651
131753,0,0,0,99.99,0.0,0.0,0.0,0.0,0.0,0.0,0.0,0.0,0.0,0.0,0.0,0.0,-5.82,-5.73,-82.4,0.0,0.0,0.0,100.0,0,0,651
131953,0,0,0,99.99,0.0,0.0,0.0,0.0,0.0,0.0,0.0,0.0,0.0,0.0,0.0,0.0,-5.81,-5.73,-82.41,0.0,0.0,0.0,100.0,0,0,651
132153,0,0,0,99.99,0.0,0.0,0.0,0.0,0.0,0.0,0.0,0.0,0.0,0.0,0.0,0.0,-5.81,-5.74,-82.4,0.0,0.0,0.0,100.0,0,0,651
132353,0,0,0,99.99,0.0,0.0,0.0,0.0,0.0,0.0,0.0,0.0,0.0,0.0,0.0,0.0,-5.8,-5.72,-82.43,0.0,0.0,0.0,100.0,0,0,651
132553,0,0,0,99.99,0.0,0.0,0.0,0.0,0.0,0.0,0.0,0.0,0.0,0.0,0.0,0.0,-5.78,-5.72,-82.41,0.0,0.0,0.0,100.0,0,0,657
132753,0,0,0,99.99,0.0,0.0,0.0,0.0,0.0,0.0,0.0,0.0,0.0,0.0,0.0,0.0,-5.78,-5.73,-82.38,0.0,0.0,0.0,100.0,0,0,657
132953,0,0,0,99.99,0.0,0.0,0.0,0.0,0.0,0.0,0.0,0.0,0.0,0.0,0.0,0.0,-5.78,-5.75,-82.37,0.0,0.0,0.0,100.0,0,0,657
133153,0,0,0,99.99,0.0,0.0,0.0,0.0,0.0,0.0,0.0,0.0,0.0,0.0,0.0,0.0,-5.78,-5.74,-82.38,0.0,0.0,0.0,100.0,0,0,657
133353,0,0,0,99.99,0.0,0.0,0.0,0.0,0.0,0.0,0.0,0.0,0.0,0.0,0.0,0.0,-5.79,-5.74,-82.38,0.0,0.0,0.0,100.0,0,0,657
133553,0,0,0,99.99,0.0,0.0,0.0,0.0,0.0,0.0,0.0,0.0,0.0,0.0,0.0,0.0,-5.79,-5.74,-82.36,0.0,0.0,0.0,100.0,0,0,663
133753,0,0,0,99.99,0.0,0.0,0.0,0.0,0.0,0.0,0.0,0.0,0.0,0.0,0.0,0.0,-5.78,-5.73,-82.37,0.0,0.0,0.0,100.0,0,0,663
133953,0,0,0,99.99,0.0,0.0,0.0,0.0,0.0,0.0,0.0,0.0,0.0,0.0,0.0,0.0,-5.79,-5.72,-82.39,0.0,0.0,0.0,100.0,0,0,663
134153,0,0,0,99.99,0.0,0.0,0.0,0.0,0.0,0.0,0.0,0.0,0.0,0.0,0.0,0.0,-5.79,-5.72,-82.38,0.0,0.0,0.0,100.0,0,0,663
134353,0,0,0,99.99,0.0,0.0,0.0,0.0,0.0,0.0,0.0,0.0,0.0,0.0,0.0,0.0,-5.78,-5.72,-82.37,0.0,0.0,0.0,100.0,0,0,663
134553,0,0,0,99.99,0.0,0.0,0.0,0.0,0.0,0.0,0.0,0.0,0.0,0.0,0.0,0.0,-5.8,-5.72,-82.38,0.0,0.0,0.0,100.0,0,0,669
134753,0,0,0,99.99,0.0,0.0,0.0,0.0,0.0,0.0,0.0,0.0,0.0,0.0,0.0,0.0,-5.8,-5.73,-82.35,0.0,0.0,0.0,100.0,0,0,669
134953,0,0,0,99.99,0.0,0.0,0.0,0.0,0.0,0.0,0.0,0.0,0.0,0.0,0.0,0.0,-5.8,-5.73,-82.35,0.0,0.0,0.0,100.0,0,0,669
135153,0,0,0,99.99,0.0,0.0,0.0,0.0,0.0,0.0,0.0,0.0,0.0,0.0,0.0,0.0,-5.79,-5.73,-82.36,0.0,0.0,0.0,100.0,0,0,669
135353,0,0,0,99.99,0.0,0.0,0.0,0.0,0.0,0.0,0.0,0.0,0.0,0.0,0.0,0.0,-5.78,-5.73,-82.37,0.0,0.0,0.0,100.0,0,0,669
135553,0,0,0,99.99,0.0,0.0,0.0,0.0,0.0,0.0,0.0,0.0,0.0,0.0,0.0,0.0,-5.78,-5.72,-82.37,0.0,0.0,0.0,100.0,0,0,675
135753,0,0,0,99.99,0.0,0.0,0.0,0.0,0.0,0.0,0.0,0.0,0.0,0.0,0.0,0.0,-5.77,-5.72,-82.35,0.0,0.0,0.0,100.0,0,0,675
135953,0,0,0,99.99,0.0,0.0,0.0,0.0,0.0,0.0,0.0,0.0,0.0,0.0,0.0,0.0,-5.78,-5.72,-82.36,0.0,0.0,0.0,100.0,0,0,675
136153,0,0,0,99.99,0.0,0.0,0.0,0.0,0.0,0.0,0.0,0.0,0.0,0.0,0.0,0.0,-5.78,-5.73,-82.37,0.0,0.0,0.0,100.0,0,0,675
136353,0,0,0,99.99,0.0,0.0,0.0,0.0,0.0,0.0,0.0,0.0,0.0,0.0,0.0,0.0,-5.78,-5.74,-82.38,0.0,0.0,0.0,100.0,0,0,675
136553,0,0,0,99.99,0.0,0.0,0.0,0.0,0.0,0.0,0.0,0.0,0.0,0.0,0.0,0.0,-5.78,-5.72,-82.38,0.0,0.0,0.0,100.0,0,0,681
136753,0,0,0,99.99,0.0,0.0,0.0,0.0,0.0,0.0,0.0,0.0,0.0,0.0,0.0,0.0,-5.78,-5.73,-82.39,0.0,0.0,0.0,100.0,0,0,681
136953,0,0,0,99.99,0.0,0.0,0.0,0.0,0.0,0.0,0.0,0.0,0.0,0.0,0.0,0.0,-5.78,-5.75,-82.38,0.0,0.0,0.0,100.0,0,0,681
137153,0,0,0,99.99,0.0,0.0,0.0,0.0,0.0,0.0,0.0,0.0,0.0,0.0,0.0,0.0,-5.78,-5.74,-82.36,0.0,0.0,0.0,100.0,0,0,681
137353,0,0,0,99.99,0.0,0.0,0.0,0.0,0.0,0.0,0.0,0.0,0.0,0.0,0.0,0.0,-5.78,-5.73,-82.37,0.0,0.0,0.0,100.0,0,0,681
137553,0,0,0,99.99,0.0,0.0,0.0,0.0,0.0,0.0,0.0,0.0,0.0,0.0,0.0,0.0,-5.78,-5.74,-82.37,0.0,0.0,0.0,100.0,0,0,687
137753,0,0,0,99.99,0.0,0.0,0.0,0.0,0.0,0.0,0.0,0.0,0.0,0.0,0.0,0.0,-5.78,-5.74,-82.37,0.0,0.0,0.0,100.0,0,0,687
137953,0,0,0,99.99,0.0,0.0,0.0,0.0,0.0,0.0,0.0,0.0,0.0,0.0,0.0,0.0,-5.79,-5.75,-82.38,0.0,0.0,0.0,100.0,0,0,687
138153,0,0,0,99.99,0.0,0.0,0.0,0.0,0.0,0.0,0.0,0.0,0.0,0.0,0.0,0.0,-5.79,-5.75,-82.39,0.0,0.0,0.0,100.0,0,0,687
138353,0,0,0,99.99,0.0,0.0,0.0,0.0,0.0,0.0,0.0,0.0,0.0,0.0,0.0,0.0,-5.78,-5.75,-82.39,0.0,0.0,0.0,100.0,0,0,687
138553,0,0,0,99.99,0.0,0.0,0.0,0.0,0.0,0.0,0.0,0.0,0.0,0.0,0.0,0.0,-5.77,-5.76,-82.37,0.0,0.0,0.0,100.0,0,0,693
138753,0,0,0,99.99,0.0,0.0,0.0,0.0,0.0,0.0,0.0,0.0,0.0,0.0,0.0,0.0,-5.77,-5.76,-82.37,0.0,0.0,0.0,100.0,0,0,693
138953,0,0,0,99.99,0.0,0.0,0.0,0.0,0.0,0.0,0.0,0.0,0.0,0.0,0.0,0.0,-5.77,-5.76,-82.37,0.0,0.0,0.0,100.0,0,0,693
139153,0,0,0,99.99,0.0,0.0,0.0,0.0,0.0,0.0,0.0,0.0,0.0,0.0,0.0,0.0,-5.78,-5.76,-82.38,0.0,0.0,0.0,100.0,0,0,693
139353,0,0,0,99.99,0.0,0.0,0.0,0.0,0.0,0.0,0.0,0.0,0.0,0.0,0.0,0.0,-5.79,-5.77,-82.36,0.0,0.0,0.0,100.0,0,0,693
139553,0,0,0,99.99,0.0,0.0,0.0,0.0,0.0,0.0,0.0,0.0,0.0,0.0,0.0,0.0,-5.79,-5.76,-82.36,0.0,0.0,0.0,100.0,0,0,699
139753,0,0,0,99.99,0.0,0.0,0.0,0.0,0.0,0.0,0.0,0.0,0.0,0.0,0.0,0.0,-5.78,-5.77,-82.34,0.0,0.0,0.0,100.0,0,0,699
139953,0,0,0,99.99,0.0,0.0,0.0,0.0,0.0,0.0,0.0,0.0,0.0,0.0,0.0,0.0,-5.79,-5.77,-82.33,0.0,0.0,0.0,100.0,0,0,699
140153,0,0,0,99.99,0.0,0.0,0.0,0.0,0.0,0.0,0.0,0.0,0.0,0.0,0.0,0.0,-5.79,-5.77,-82.34,0.0,0.0,0.0,100.0,0,0,699
140353,0,0,0,99.99,0.0,0.0,0.0,0.0,0.0,0.0,0.0,0.0,0.0,0.0,0.0,0.0,-5.78,-5.76,-82.34,0.0,0.0,0.0,100.0,0,0,699
140553,0,0,0,99.99,0.0,0.0,0.0,0.0,0.0,0.0,0.0,0.0,0.0,0.0,0.0,0.0,-5.77,-5.77,-82.34,0.0,0.0,0.0,100.0,0,0,705
140753,0,0,0,99.99,0.0,0.0,0.0,0.0,0.0,0.0,0.0,0.0,0.0,0.0,0.0,0.0,-5.78,-5.78,-82.33,0.0,0.0,0.0,100.0,0,0,705
140953,0,0,0,99.99,0.0,0.0,0.0,0.0,0.0,0.0,0.0,0.0,0.0,0.0,0.0,0.0,-5.77,-5.79,-82.34,0.0,0.0,0.0,100.0,0,0,705
141154,0,0,0,99.99,0.0,0.0,0.0,0.0,0.0,0.0,0.0,0.0,0.0,0.0,0.0,0.0,-5.78,-5.8,-82.34,0.0,0.0,0.0,100.0,0,0,705
141363,0,0,0,99.99,0.0,0.0,0.0,0.0,0.0,0.0,0.0,0.0,0.0,0.0,0.0,0.0,-5.78,-5.78,-82.34,0.0,0.0,0.0,100.0,0,0,705
141563,0,0,0,99.99,0.0,0.0,0.0,0.0,0.0,0.0,0.0,0.0,0.0,0.0,0.0,0.0,-5.78,-5.76,-82.34,0.0,0.0,0.0,100.0,0,0,711
141763,0,0,0,99.99,0.0,0.0,0.0,0.0,0.0,0.0,0.0,0.0,0.0,0.0,0.0,0.0,-5.78,-5.77,-82.34,0.0,0.0,0.0,100.0,0,0,711
141963,0,0,0,99.99,0.0,0.0,0.0,0.0,0.0,0.0,0.0,0.0,0.0,0.0,0.0,0.0,-5.78,-5.77,-82.35,0.0,0.0,0.0,100.0,0,0,711
142163,0,0,0,99.99,0.0,0.0,0.0,0.0,0.0,0.0,0.0,0.0,0.0,0.0,0.0,0.0,-5.78,-5.77,-82.36,0.0,0.0,0.0,100.0,0,0,711
142363,0,0,0,99.99,0.0,0.0,0.0,0.0,0.0,0.0,0.0,0.0,0.0,0.0,0.0,0.0,-5.78,-5.77,-82.38,0.0,0.0,0.0,100.0,0,0,711
142563,0,0,0,99.99,0.0,0.0,0.0,0.0,0.0,0.0,0.0,0.0,0.0,0.0,0.0,0.0,-5.78,-5.76,-82.38,0.0,0.0,0.0,100.0,0,0,717
142763,0,0,0,99.99,0.0,0.0,0.0,0.0,0.0,0.0,0.0,0.0,0.0,0.0,0.0,0.0,-5.77,-5.76,-82.37,0.0,0.0,0.0,100.0,0,0,717
142963,0,0,0,99.99,0.0,0.0,0.0,0.0,0.0,0.0,0.0,0.0,0.0,0.0,0.0,0.0,-5.78,-5.78,-82.39,0.0,0.0,0.0,100.0,0,0,717
143163,0,0,0,99.99,0.0,0.0,0.0,0.0,0.0,0.0,0.0,0.0,0.0,0.0,0.0,0.0,-5.78,-5.78,-82.39,0.0,0.0,0.0,100.0,0,0,717
143363,0,0,0,99.99,0.0,0.0,0.0,0.0,0.0,0.0,0.0,0.0,0.0,0.0,0.0,0.0,-5.78,-5.79,-82.37,0.0,0.0,0.0,100.0,0,0,717
143563,0,0,0,99.99,0.0,0.0,0.0,0.0,0.0,0.0,0.0,0.0,0.0,0.0,0.0,0.0,-5.78,-5.78,-82.36,0.0,0.0,0.0,100.0,0,0,723
143763,0,0,0,99.99,0.0,0.0,0.0,0.0,0.0,0.0,0.0,0.0,0.0,0.0,0.0,0.0,-5.76,-5.77,-82.36,0.0,0.0,0.0,100.0,0,0,723
143963,0,0,0,99.99,0.0,0.0,0.0,0.0,0.0,0.0,0.0,0.0,0.0,0.0,0.0,0.0,-5.78,-5.78,-82.34,0.0,0.0,0.0,100.0,0,0,723
144163,0,0,0,99.99,0.0,0.0,0.0,0.0,0.0,0.0,0.0,0.0,0.0,0.0,0.0,0.0,-5.79,-5.78,-82.33,0.0,0.0,0.0,100.0,0,0,723
144363,0,0,0,99.99,0.0,0.0,0.0,0.0,0.0,0.0,0.0,0.0,0.0,0.0,0.0,0.0,-5.79,-5.78,-82.33,0.0,0.0,0.0,100.0,0,0,723
144563,0,0,0,99.99,0.0,0.0,0.0,0.0,0.0,0.0,0.0,0.0,0.0,0.0,0.0,0.0,-5.78,-5.79,-82.36,0.0,0.0,0.0,100.0,0,0,729
144763,0,0,0,99.99,0.0,0.0,0.0,0.0,0.0,0.0,0.0,0.0,0.0,0.0,0.0,0.0,-5.79,-5.79,-82.35,0.0,0.0,0.0,100.0,0,0,729
144963,0,0,0,99.99,0.0,0.0,0.0,0.0,0.0,0.0,0.0,0.0,0.0,0.0,0.0,0.0,-5.79,-5.78,-82.35,0.0,0.0,0.0,100.0,0,0,729
145163,0,0,0,99.99,0.0,0.0,0.0,0.0,0.0,0.0,0.0,0.0,0.0,0.0,0.0,0.0,-5.79,-5.78,-82.35,0.0,0.0,0.0,100.0,0,0,729
145363,0,0,0,99.99,0.0,0.0,0.0,0.0,0.0,0.0,0.0,0.0,0.0,0.0,0.0,0.0,-5.78,-5.77,-82.37,0.0,0.0,0.0,100.0,0,0,729
145563,0,0,0,99.99,0.0,0.0,0.0,0.0,0.0,0.0,0.0,0.0,0.0,0.0,0.0,0.0,-5.79,-5.78,-82.34,0.0,0.0,0.0,100.0,0,0,735
145763,0,0,0,99.99,0.0,0.0,0.0,0.0,0.0,0.0,0.0,0.0,0.0,0.0,0.0,0.0,-5.78,-5.78,-82.33,0.0,0.0,0.0,100.0,0,0,735
145963,0,0,0,99.99,0.0,0.0,0.0,0.0,0.0,0.0,0.0,0.0,0.0,0.0,0.0,0.0,-5.78,-5.77,-82.32,0.0,0.0,0.0,100.0,0,0,735
146163,0,0,0,99.99,0.0,0.0,0.0,0.0,0.0,0.0,0.0,0.0,0.0,0.0,0.0,0.0,-5.78,-5.77,-82.3,0.0,0.0,0.0,100.0,0,0,735
146363,0,0,0,99.99,0.0,0.0,0.0,0.0,0.0,0.0,0.0,0.0,0.0,0.0,0.0,0.0,-5.79,-5.78,-82.28,0.0,0.0,0.0,100.0,0,0,735
146563,0,0,0,99.99,0.0,0.0,0.0,0.0,0.0,0.0,0.0,0.0,0.0,0.0,0.0,0.0,-5.79,-5.79,-82.27,0.0,0.0,0.0,99.9,0,0,741
146763,0,0,0,99.99,0.0,0.0,0.0,0.0,0.0,0.0,0.0,0.0,0.0,0.0,0.0,0.0,-5.81,-5.78,-82.26,0.0,0.0,0.0,99.9,0,0,741
146963,0,0,0,99.99,0.0,0.0,0.0,0.0,0.0,0.0,0.0,0.0,0.0,0.0,0.0,0.0,-5.81,-5.78,-82.27,0.0,0.0,0.0,99.9,0,0,741
147163,0,0,0,99.99,0.0,0.0,0.0,0.0,0.0,0.0,0.0,0.0,0.0,0.0,0.0,0.0,-5.8,-5.77,-82.28,0.0,0.0,0.0,99.9,0,0,741
147363,0,0,0,99.99,0.0,0.0,0.0,0.0,0.0,0.0,0.0,0.0,0.0,0.0,0.0,0.0,-5.8,-5.78,-82.28,0.0,0.0,0.0,99.9,0,0,741
147563,0,0,0,99.99,0.0,0.0,0.0,0.0,0.0,0.0,0.0,0.0,0.0,0.0,0.0,0.0,-5.8,-5.78,-82.28,0.0,0.0,0.0,100.1,0,0,747
147763,0,0,0,99.99,0.0,0.0,0.0,0.0,0.0,0.0,0.0,0.0,0.0,0.0,0.0,0.0,-5.8,-5.78,-82.28,0.0,0.0,0.0,100.1,0,0,747
147963,0,0,0,99.99,0.0,0.0,0.0,0.0,0.0,0.0,0.0,0.0,0.0,0.0,0.0,0.0,-5.8,-5.78,-82.28,0.0,0.0,0.0,100.1,0,0,747
148163,0,0,0,99.99,0.0,0.0,0.0,0.0,0.0,0.0,0.0,0.0,0.0,0.0,0.0,0.0,-5.8,-5.78,-82.28,0.0,0.0,0.0,100.1,0,0,747
148363,0,0,0,99.99,0.0,0.0,0.0,0.0,0.0,0.0,0.0,0.0,0.0,0.0,0.0,0.0,-5.81,-5.77,-82.27,0.0,0.0,0.0,100.1,0,0,747
148563,0,0,0,99.99,0.0,0.0,0.0,0.0,0.0,0.0,0.0,0.0,0.0,0.0,0.0,0.0,-5.8,-5.77,-82.28,0.0,0.0,0.0,100.0,0,0,753
148763,0,0,0,99.99,0.0,0.0,0.0,0.0,0.0,0.0,0.0,0.0,0.0,0.0,0.0,0.0,-5.79,-5.77,-82.27,0.0,0.0,0.0,100.0,0,0,753
148963,0,0,0,99.99,0.0,0.0,0.0,0.0,0.0,0.0,0.0,0.0,0.0,0.0,0.0,0.0,-5.8,-5.77,-82.27,0.0,0.0,0.0,100.0,0,0,753
149163,0,0,0,99.99,0.0,0.0,0.0,0.0,0.0,0.0,0.0,0.0,0.0,0.0,0.0,0.0,-5.8,-5.78,-82.28,0.0,0.0,0.0,100.0,0,0,753
149363,0,0,0,99.99,0.0,0.0,0.0,0.0,0.0,0.0,0.0,0.0,0.0,0.0,0.0,0.0,-5.79,-5.8,-82.27,0.0,0.0,0.0,100.0,0,0,753
149563,0,0,0,99.99,0.0,0.0,0.0,0.0,0.0,0.0,0.0,0.0,0.0,0.0,0.0,0.0,-5.79,-5.79,-82.28,0.0,0.0,0.0,100.0,0,0,759
149763,0,0,0,99.99,0.0,0.0,0.0,0.0,0.0,0.0,0.0,0.0,0.0,0.0,0.0,0.0,-5.79,-5.8,-82.29,0.0,0.0,0.0,100.0,0,0,759
149963,0,0,0,99.99,0.0,0.0,0.0,0.0,0.0,0.0,0.0,0.0,0.0,0.0,0.0,0.0,-5.79,-5.8,-82.29,0.0,0.0,0.0,100.0,0,0,759
150163,0,0,0,99.99,0.0,0.0,0.0,0.0,0.0,0.0,0.0,0.0,0.0,0.0,0.0,0.0,-5.79,-5.79,-82.31,0.0,0.0,0.0,100.0,0,0,759
150363,0,0,0,99.99,0.0,0.0,0.0,0.0,0.0,0.0,0.0,0.0,0.0,0.0,0.0,0.0,-5.79,-5.8,-82.27,0.0,0.0,0.0,100.0,0,0,759
150563,0,0,0,99.99,0.0,0.0,0.0,0.0,0.0,0.0,0.0,0.0,0.0,0.0,0.0,0.0,-5.8,-5.79,-82.27,0.0,0.0,0.0,100.0,0,0,765
150763,0,0,0,99.99,0.0,0.0,0.0,0.0,0.0,0.0,0.0,0.0,0.0,0.0,0.0,0.0,-5.81,-5.78,-82.3,0.0,0.0,0.0,100.0,0,0,765
150963,0,0,0,99.99,0.0,0.0,0.0,0.0,0.0,0.0,0.0,0.0,0.0,0.0,0.0,0.0,-5.81,-5.78,-82.31,0.0,0.0,0.0,100.0,0,0,765
151163,0,0,0,99.99,0.0,0.0,0.0,0.0,0.0,0.0,0.0,0.0,0.0,0.0,0.0,0.0,-5.81,-5.78,-82.31,0.0,0.0,0.0,100.0,0,0,765
151363,0,0,0,99.99,0.0,0.0,0.0,0.0,0.0,0.0,0.0,0.0,0.0,0.0,0.0,0.0,-5.81,-5.78,-82.33,0.0,0.0,0.0,100.0,0,0,765
151563,0,0,0,99.99,0.0,0.0,0.0,0.0,0.0,0.0,0.0,0.0,0.0,0.0,0.0,0.0,-5.81,-5.77,-82.34,0.0,0.0,0.0,100.0,0,0,771
151763,0,0,0,99.99,0.0,0.0,0.0,0.0,0.0,0.0,0.0,0.0,0.0,0.0,0.0,0.0,-5.81,-5.78,-82.31,0.0,0.0,0.0,100.0,0,0,771
151963,0,0,0,99.99,0.0,0.0,0.0,0.0,0.0,0.0,0.0,0.0,0.0,0.0,0.0,0.0,-5.82,-5.79,-82.29,0.0,0.0,0.0,100.0,0,0,771
152163,0,0,0,99.99,0.0,0.0,0.0,0.0,0.0,0.0,0.0,0.0,0.0,0.0,0.0,0.0,-5.83,-5.81,-82.27,0.0,0.0,0.0,100.0,0,0,771
152363,0,0,0,99.99,0.0,0.0,0.0,0.0,0.0,0.0,0.0,0.0,0.0,0.0,0.0,0.0,-5.83,-5.8,-82.27,0.0,0.0,0.0,100.0,0,0,771
152563,0,0,0,99.99,0.0,0.0,0.0,0.0,0.0,0.0,0.0,0.0,0.0,0.0,0.0,0.0,-5.82,-5.8,-82.27,0.0,0.0,0.0,100.0,0,0,777
152763,0,0,0,99.99,0.0,0.0,0.0,0.0,0.0,0.0,0.0,0.0,0.0,0.0,0.0,0.0,-5.82,-5.81,-82.27,0.0,0.0,0.0,100.0,0,0,777
152963,0,0,0,99.99,0.0,0.0,0.0,0.0,0.0,0.0,0.0,0.0,0.0,0.0,0.0,0.0,-5.81,-5.81,-82.27,0.0,0.0,0.0,100.0,0,0,777
153163,0,0,0,99.99,0.0,0.0,0.0,0.0,0.0,0.0,0.0,0.0,0.0,0.0,0.0,0.0,-5.81,-5.81,-82.27,0.0,0.0,0.0,100.0,0,0,777
153364,0,0,0,99.99,0.0,0.0,0.0,0.0,0.0,0.0,0.0,0.0,0.0,0.0,0.0,0.0,-5.81,-5.8,-82.26,0.0,0.0,0.0,100.0,0,0,777
153573,0,0,0,99.99,0.0,0.0,0.0,0.0,0.0,0.0,0.0,0.0,0.0,0.0,0.0,0.0,-5.8,-5.81,-82.25,0.0,0.0,0.0,100.0,0,0,783
153773,0,0,0,99.99,0.0,0.0,0.0,0.0,0.0,0.0,0.0,0.0,0.0,0.0,0.0,0.0,-5.8,-5.8,-82.28,0.0,0.0,0.0,100.0,0,0,783
153973,0,0,0,99.99,0.0,0.0,0.0,0.0,0.0,0.0,0.0,0.0,0.0,0.0,0.0,0.0,-5.8,-5.81,-82.27,0.0,0.0,0.0,100.0,0,0,783
154173,0,0,0,99.99,0.0,0.0,0.0,0.0,0.0,0.0,0.0,0.0,0.0,0.0,0.0,0.0,-5.79,-5.81,-82.28,0.0,0.0,0.0,100.0,0,0,783
154373,0,0,0,99.99,0.0,0.0,0.0,0.0,0.0,0.0,0.0,0.0,0.0,0.0,0.0,0.0,-5.79,-5.81,-82.31,0.0,0.0,0.0,100.0,0,0,783
154573,0,0,0,99.99,0.0,0.0,0.0,0.0,0.0,0.0,0.0,0.0,0.0,0.0,0.0,0.0,-5.79,-5.8,-82.32,0.0,0.0,0.0,100.0,0,0,789
154774,0,0,0,99.99,0.0,0.0,0.0,0.0,0.0,0.0,0.0,0.0,0.0,0.0,0.0,0.0,-5.78,-5.8,-82.32,0.0,0.0,0.0,100.0,0,0,789
154983,0,0,0,99.99,0.0,0.0,0.0,0.0,0.0,0.0,0.0,0.0,0.0,0.0,0.0,0.0,-5.78,-5.79,-82.3,0.0,0.0,0.0,100.0,0,0,789
155183,0,0,0,99.99,0.0,0.0,0.0,0.0,0.0,0.0,0.0,0.0,0.0,0.0,0.0,0.0,-5.78,-5.8,-82.29,0.0,0.0,0.0,100.0,0,0,789
155383,0,0,0,99.99,0.0,0.0,0.0,0.0,0.0,0.0,0.0,0.0,0.0,0.0,0.0,0.0,-5.79,-5.8,-82.28,0.0,0.0,0.0,100.0,0,0,789
155583,0,0,0,99.99,0.0,0.0,0.0,0.0,0.0,0.0,0.0,0.0,0.0,0.0,0.0,0.0,-5.78,-5.81,-82.3,0.0,0.0,0.0,100.0,0,0,795
155783,0,0,0,99.99,0.0,0.0,0.0,0.0,0.0,0.0,0.0,0.0,0.0,0.0,0.0,0.0,-5.78,-5.8,-82.31,0.0,0.0,0.0,100.0,0,0,795
155983,0,0,0,99.99,0.0,0.0,0.0,0.0,0.0,0.0,0.0,0.0,0.0,0.0,0.0,0.0,-5.8,-5.8,-82.29,0.0,0.0,0.0,100.0,0,0,795
156183,0,0,0,99.99,0.0,0.0,0.0,0.0,0.0,0.0,0.0,0.0,0.0,0.0,0.0,0.0,-5.79,-5.8,-82.3,0.0,0.0,0.0,100.0,0,0,795
156383,0,0,0,99.99,0.0,0.0,0.0,0.0,0.0,0.0,0.0,0.0,0.0,0.0,0.0,0.0,-5.78,-5.8,-82.33,0.0,0.0,0.0,100.0,0,0,795
156583,0,0,0,99.99,0.0,0.0,0.0,0.0,0.0,0.0,0.0,0.0,0.0,0.0,0.0,0.0,-5.79,-5.8,-82.33,0.0,0.0,0.0,100.0,0,0,801
156783,0,0,0,99.99,0.0,0.0,0.0,0.0,0.0,0.0,0.0,0.0,0.0,0.0,0.0,0.0,-5.78,-5.81,-82.31,0.0,0.0,0.0,100.0,0,0,801
156983,0,0,0,99.99,0.0,0.0,0.0,0.0,0.0,0.0,0.0,0.0,0.0,0.0,0.0,0.0,-5.79,-5.81,-82.29,0.0,0.0,0.0,100.0,0,0,801
157183,0,0,0,99.99,0.0,0.0,0.0,0.0,0.0,0.0,0.0,0.0,0.0,0.0,0.0,0.0,-5.77,-5.81,-82.3,0.0,0.0,0.0,100.0,0,0,801
157383,0,0,0,99.99,0.0,0.0,0.0,0.0,0.0,0.0,0.0,0.0,0.0,0.0,0.0,0.0,-5.77,-5.8,-82.31,0.0,0.0,0.0,100.0,0,0,801
157583,0,0,0,99.99,0.0,0.0,0.0,0.0,0.0,0.0,0.0,0.0,0.0,0.0,0.0,0.0,-5.79,-5.81,-82.28,0.0,0.0,0.0,100.0,0,0,807
157783,0,0,0,99.99,0.0,0.0,0.0,0.0,0.0,0.0,0.0,0.0,0.0,0.0,0.0,0.0,-5.79,-5.82,-82.26,0.0,0.0,0.0,100.0,0,0,807
157983,0,0,0,99.99,0.0,0.0,0.0,0.0,0.0,0.0,0.0,0.0,0.0,0.0,0.0,0.0,-5.8,-5.8,-82.27,0.0,0.0,0.0,100.0,0,0,807
158183,0,0,0,99.99,0.0,0.0,0.0,0.0,0.0,0.0,0.0,0.0,0.0,0.0,0.0,0.0,-5.81,-5.81,-82.28,0.0,0.0,0.0,100.0,0,0,807
158383,0,0,0,99.99,0.0,0.0,0.0,0.0,0.0,0.0,0.0,0.0,0.0,0.0,0.0,0.0,-5.81,-5.82,-82.27,0.0,0.0,0.0,100.0,0,0,807
158583,0,0,0,99.99,0.0,0.0,0.0,0.0,0.0,0.0,0.0,0.0,0.0,0.0,0.0,0.0,-5.81,-5.83,-82.26,0.0,0.0,0.0,100.0,0,0,813
158783,0,0,0,99.99,0.0,0.0,0.0,0.0,0.0,0.0,0.0,0.0,0.0,0.0,0.0,0.0,-5.81,-5.81,-82.28,0.0,0.0,0.0,100.0,0,0,813
158983,0,0,0,99.99,0.0,0.0,0.0,0.0,0.0,0.0,0.0,0.0,0.0,0.0,0.0,0.0,-5.81,-5.82,-82.28,0.0,0.0,0.0,100.0,0,0,813
159183,0,0,0,99.99,0.0,0.0,0.0,0.0,0.0,0.0,0.0,0.0,0.0,0.0,0.0,0.0,-5.81,-5.82,-82.29,0.0,0.0,0.0,100.0,0,0,813
159383,0,0,0,99.99,0.0,0.0,0.0,0.0,0.0,0.0,0.0,0.0,0.0,0.0,0.0,0.0,-5.8,-5.82,-82.28,0.0,0.0,0.0,100.0,0,0,813
159583,0,0,0,99.99,0.0,0.0,0.0,0.0,0.0,0.0,0.0,0.0,0.0,0.0,0.0,0.0,-5.81,-5.82,-82.26,0.0,0.0,0.0,100.0,0,0,819
159783,0,0,0,99.99,0.0,0.0,0.0,0.0,0.0,0.0,0.0,0.0,0.0,0.0,0.0,0.0,-5.8,-5.81,-82.27,0.0,0.0,0.0,100.0,0,0,819
159983,0,0,0,99.99,0.0,0.0,0.0,0.0,0.0,0.0,0.0,0.0,0.0,0.0,0.0,0.0,-5.8,-5.82,-82.27,0.0,0.0,0.0,100.0,0,0,819
160183,0,0,0,99.99,0.0,0.0,0.0,0.0,0.0,0.0,0.0,0.0,0.0,0.0,0.0,0.0,-5.8,-5.83,-82.26,0.0,0.0,0.0,100.0,0,0,819
160383,0,0,0,99.99,0.0,0.0,0.0,0.0,0.0,0.0,0.0,0.0,0.0,0.0,0.0,0.0,-5.79,-5.81,-82.28,0.0,0.0,0.0,100.0,0,0,819
160584,0,0,0,99.99,0.0,0.0,0.0,0.0,0.0,0.0,0.0,0.0,0.0,0.0,0.0,0.0,-5.8,-5.8,-82.3,0.0,0.0,0.0,100.0,0,0,825
160793,0,0,0,99.99,0.0,0.0,0.0,0.0,0.0,0.0,0.0,0.0,0.0,0.0,0.0,0.0,-5.8,-5.8,-82.31,0.0,0.0,0.0,100.0,0,0,825
160993,0,0,0,99.99,0.0,0.0,0.0,0.0,0.0,0.0,0.0,0.0,0.0,0.0,0.0,0.0,-5.79,-5.8,-82.32,0.0,0.0,0.0,100.0,0,0,825
161193,0,0,0,99.99,0.0,0.0,0.0,0.0,0.0,0.0,0.0,0.0,0.0,0.0,0.0,0.0,-5.79,-5.81,-82.29,0.0,0.0,0.0,100.0,0,0,825
161394,0,0,0,99.99,0.0,0.0,0.0,0.0,0.0,0.0,0.0,0.0,0.0,0.0,0.0,0.0,-5.78,-5.82,-82.3,0.0,0.0,0.0,100.0,0,0,826
161603,0,0,0,99.99,0.0,0.0,0.0,0.0,0.0,0.0,0.0,0.0,0.0,0.0,0.0,0.0,-5.79,-5.8,-82.29,0.0,0.0,0.0,99.7,0,0,831
161803,0,0,0,99.99,0.0,0.0,0.0,0.0,0.0,0.0,0.0,0.0,0.0,0.0,0.0,0.0,-5.78,-5.81,-82.29,0.0,0.0,0.0,99.7,0,0,831
162003,0,0,0,99.99,0.0,0.0,0.0,0.0,0.0,0.0,0.0,0.0,0.0,0.0,0.0,0.0,-5.77,-5.82,-82.29,0.0,0.0,0.0,99.7,0,0,831
162203,0,0,0,99.99,0.0,0.0,0.0,0.0,0.0,0.0,0.0,0.0,0.0,0.0,0.0,0.0,-5.78,-5.83,-82.28,0.0,0.0,0.0,99.7,0,0,831
162403,0,0,0,99.99,0.0,0.0,0.0,0.0,0.0,0.0,0.0,0.0,0.0,0.0,0.0,0.0,-5.79,-5.82,-82.28,0.0,0.0,0.0,99.7,0,0,832
162603,0,0,0,99.99,0.0,0.0,0.0,0.0,0.0,0.0,0.0,0.0,0.0,0.0,0.0,0.0,-5.79,-5.81,-82.28,0.0,0.0,0.0,100.2,0,0,837
162803,0,0,0,99.99,0.0,0.0,0.0,0.0,0.0,0.0,0.0,0.0,0.0,0.0,0.0,0.0,-5.79,-5.81,-82.28,0.0,0.0,0.0,100.2,0,0,837
163004,0,0,0,99.99,0.0,0.0,0.0,0.0,0.0,0.0,0.0,0.0,0.0,0.0,0.0,0.0,-5.8,-5.82,-82.27,0.0,0.0,0.0,100.2,0,0,837
163213,0,0,0,99.99,0.0,0.0,0.0,0.0,0.0,0.0,0.0,0.0,0.0,0.0,0.0,0.0,-5.79,-5.83,-82.28,0.0,0.0,0.0,100.2,0,0,837
163413,0,0,0,99.99,0.0,0.0,0.0,0.0,0.0,0.0,0.0,0.0,0.0,0.0,0.0,0.0,-5.78,-5.82,-82.28,0.0,0.0,0.0,100.2,0,0,839
163613,0,0,0,99.99,0.0,0.0,0.0,0.0,0.0,0.0,0.0,0.0,0.0,0.0,0.0,0.0,-5.78,-5.81,-82.29,0.0,0.0,0.0,100.1,0,0,843
163813,0,0,0,99.99,0.0,0.0,0.0,0.0,0.0,0.0,0.0,0.0,0.0,0.0,0.0,0.0,-5.79,-5.81,-82.29,0.0,0.0,0.0,100.1,0,0,843
164013,0,0,0,99.99,0.0,0.0,0.0,0.0,0.0,0.0,0.0,0.0,0.0,0.0,0.0,0.0,-5.79,-5.82,-82.28,0.0,0.0,0.0,100.1,0,0,843
164213,0,0,0,99.99,0.0,0.0,0.0,0.0,0.0,0.0,0.0,0.0,0.0,0.0,0.0,0.0,-5.79,-5.83,-82.29,0.0,0.0,0.0,100.1,0,0,843
164413,0,0,0,99.99,0.0,0.0,0.0,0.0,0.0,0.0,0.0,0.0,0.0,0.0,0.0,0.0,-5.78,-5.83,-82.3,0.0,0.0,0.0,100.1,0,0,845
164613,0,0,0,99.99,0.0,0.0,0.0,0.0,0.0,0.0,0.0,0.0,0.0,0.0,0.0,0.0,-5.78,-5.84,-82.3,0.0,0.0,0.0,100.0,0,0,849
164813,0,0,0,99.99,0.0,0.0,0.0,0.0,0.0,0.0,0.0,0.0,0.0,0.0,0.0,0.0,-5.79,-5.85,-82.29,0.0,0.0,0.0,100.0,0,0,849
165013,0,0,0,99.99,0.0,0.0,0.0,0.0,0.0,0.0,0.0,0.0,0.0,0.0,0.0,0.0,-5.8,-5.87,-82.26,0.0,0.0,0.0,100.0,0,0,849
165213,0,0,0,99.99,0.0,0.0,0.0,0.0,0.0,0.0,0.0,0.0,0.0,0.0,0.0,0.0,-5.8,-5.85,-82.27,0.0,0.0,0.0,100.0,0,0,849
165413,0,0,0,99.99,0.0,0.0,0.0,0.0,0.0,0.0,0.0,0.0,0.0,0.0,0.0,0.0,-5.82,-5.85,-82.26,0.0,0.0,0.0,100.0,0,0,851
165613,0,0,0,99.99,0.0,0.0,0.0,0.0,0.0,0.0,0.0,0.0,0.0,0.0,0.0,0.0,-5.81,-5.84,-82.27,0.0,0.0,0.0,99.9,0,0,855
165813,0,0,0,99.99,0.0,0.0,0.0,0.0,0.0,0.0,0.0,0.0,0.0,0.0,0.0,0.0,-5.82,-5.83,-82.28,0.0,0.0,0.0,99.9,0,0,855
166013,0,0,0,99.99,0.0,0.0,0.0,0.0,0.0,0.0,0.0,0.0,0.0,0.0,0.0,0.0,-5.82,-5.84,-82.25,0.0,0.0,0.0,99.9,0,0,855
166213,0,0,0,99.99,0.0,0.0,0.0,0.0,0.0,0.0,0.0,0.0,0.0,0.0,0.0,0.0,-5.82,-5.84,-82.26,0.0,0.0,0.0,99.9,0,0,855
166413,0,0,0,99.99,0.0,0.0,0.0,0.0,0.0,0.0,0.0,0.0,0.0,0.0,0.0,0.0,-5.82,-5.85,-82.25,0.0,0.0,0.0,99.9,0,0,857
166613,0,0,0,99.99,0.0,0.0,0.0,0.0,0.0,0.0,0.0,0.0,0.0,0.0,0.0,0.0,-5.82,-5.85,-82.25,0.0,0.0,0.0,100.1,0,0,861
166813,0,0,0,99.99,0.0,0.0,0.0,0.0,0.0,0.0,0.0,0.0,0.0,0.0,0.0,0.0,-5.82,-5.84,-82.23,0.0,0.0,0.0,100.1,0,0,861
167013,0,0,0,99.99,0.0,0.0,0.0,0.0,0.0,0.0,0.0,0.0,0.0,0.0,0.0,0.0,-5.82,-5.84,-82.23,0.0,0.0,0.0,100.1,0,0,861
167213,0,0,0,99.99,0.0,0.0,0.0,0.0,0.0,0.0,0.0,0.0,0.0,0.0,0.0,0.0,-5.83,-5.86,-82.23,0.0,0.0,0.0,100.1,0,0,861
167413,0,0,0,99.99,0.0,0.0,0.0,0.0,0.0,0.0,0.0,0.0,0.0,0.0,0.0,0.0,-5.82,-5.86,-82.23,0.0,0.0,0.0,100.1,0,0,863
167613,0,0,0,99.99,0.0,0.0,0.0,0.0,0.0,0.0,0.0,0.0,0.0,0.0,0.0,0.0,-5.83,-5.84,-82.22,0.0,0.0,0.0,100.0,0,0,867
167813,0,0,0,99.99,0.0,0.0,0.0,0.0,0.0,0.0,0.0,0.0,0.0,0.0,0.0,0.0,-5.82,-5.85,-82.22,0.0,0.0,0.0,100.0,0,0,867
168013,0,0,0,99.99,0.0,0.0,0.0,0.0,0.0,0.0,0.0,0.0,0.0,0.0,0.0,0.0,-5.82,-5.83,-82.23,0.0,0.0,0.0,100.0,0,0,867
168213,0,0,0,99.99,0.0,0.0,0.0,0.0,0.0,0.0,0.0,0.0,0.0,0.0,0.0,0.0,-5.83,-5.84,-82.24,0.0,0.0,0.0,100.0,0,0,867
168414,0,0,0,99.99,0.0,0.0,0.0,0.0,0.0,0.0,0.0,0.0,0.0,0.0,0.0,0.0,-5.83,-5.82,-82.25,0.0,0.0,0.0,100.0,0,0,869
168623,0,0,0,99.99,0.0,0.0,0.0,0.0,0.0,0.0,0.0,0.0,0.0,0.0,0.0,0.0,-5.83,-5.83,-82.27,0.0,0.0,0.0,100.0,0,0,873
168823,0,0,0,99.99,0.0,0.0,0.0,0.0,0.0,0.0,0.0,0.0,0.0,0.0,0.0,0.0,-5.83,-5.83,-82.26,0.0,0.0,0.0,100.0,0,0,873
169023,0,0,0,99.99,0.0,0.0,0.0,0.0,0.0,0.0,0.0,0.0,0.0,0.0,0.0,0.0,-5.82,-5.84,-82.25,0.0,0.0,0.0,100.0,0,0,873
169223,0,0,0,99.99,0.0,0.0,0.0,0.0,0.0,0.0,0.0,0.0,0.0,0.0,0.0,0.0,-5.82,-5.83,-82.25,0.0,0.0,0.0,100.0,0,0,873
169423,0,0,0,99.99,0.0,0.0,0.0,0.0,0.0,0.0,0.0,0.0,0.0,0.0,0.0,0.0,-5.82,-5.83,-82.26,0.0,0.0,0.0,100.0,0,0,875
169623,0,0,0,99.99,0.0,0.0,0.0,0.0,0.0,0.0,0.0,0.0,0.0,0.0,0.0,0.0,-5.82,-5.84,-82.28,0.0,0.0,0.0,100.0,0,0,879
169823,0,0,0,99.99,0.0,0.0,0.0,0.0,0.0,0.0,0.0,0.0,0.0,0.0,0.0,0.0,-5.81,-5.84,-82.28,0.0,0.0,0.0,100.0,0,0,879
170023,0,0,0,99.99,0.0,0.0,0.0,0.0,0.0,0.0,0.0,0.0,0.0,0.0,0.0,0.0,-5.81,-5.86,-82.27,0.0,0.0,0.0,100.0,0,0,879
170223,0,0,0,99.99,0.0,0.0,0.0,0.0,0.0,0.0,0.0,0.0,0.0,0.0,0.0,0.0,-5.81,-5.84,-82.28,0.0,0.0,0.0,100.0,0,0,879
170423,0,0,0,99.99,0.0,0.0,0.0,0.0,0.0,0.0,0.0,0.0,0.0,0.0,0.0,0.0,-5.81,-5.85,-82.27,0.0,0.0,0.0,100.0,0,0,881
170623,0,0,0,99.99,0.0,0.0,0.0,0.0,0.0,0.0,0.0,0.0,0.0,0.0,0.0,0.0,-5.8,-5.86,-82.25,0.0,0.0,0.0,100.0,0,0,885
170823,0,0,0,99.99,0.0,0.0,0.0,0.0,0.0,0.0,0.0,0.0,0.0,0.0,0.0,0.0,-5.79,-5.86,-82.23,0.0,0.0,0.0,100.0,0,0,885
171023,0,0,0,99.99,0.0,0.0,0.0,0.0,0.0,0.0,0.0,0.0,0.0,0.0,0.0,0.0,-5.78,-5.87,-82.22,0.0,0.0,0.0,100.0,0,0,885
171223,0,0,0,99.99,0.0,0.0,0.0,0.0,0.0,0.0,0.0,0.0,0.0,0.0,0.0,0.0,-5.79,-5.86,-82.22,0.0,0.0,0.0,100.0,0,0,885
171423,0,0,0,99.99,0.0,0.0,0.0,0.0,0.0,0.0,0.0,0.0,0.0,0.0,0.0,0.0,-5.8,-5.86,-82.21,0.0,0.0,0.0,100.0,0,0,887
171623,0,0,0,99.99,0.0,0.0,0.0,0.0,0.0,0.0,0.0,0.0,0.0,0.0,0.0,0.0,-5.79,-5.85,-82.21,0.0,0.0,0.0,100.0,0,0,891
171823,0,0,0,99.99,0.0,0.0,0.0,0.0,0.0,0.0,0.0,0.0,0.0,0.0,0.0,0.0,-5.8,-5.85,-82.21,0.0,0.0,0.0,100.0,0,0,891
172023,0,0,0,99.99,0.0,0.0,0.0,0.0,0.0,0.0,0.0,0.0,0.0,0.0,0.0,0.0,-5.79,-5.86,-82.22,0.0,0.0,0.0,100.0,0,0,891
172223,0,0,0,99.99,0.0,0.0,0.0,0.0,0.0,0.0,0.0,0.0,0.0,0.0,0.0,0.0,-5.8,-5.84,-82.22,0.0,0.0,0.0,100.0,0,0,891
172423,0,0,0,99.99,0.0,0.0,0.0,0.0,0.0,0.0,0.0,0.0,0.0,0.0,0.0,0.0,-5.8,-5.83,-82.23,0.0,0.0,0.0,100.0,0,0,893
172623,0,0,0,99.99,0.0,0.0,0.0,0.0,0.0,0.0,0.0,0.0,0.0,0.0,0.0,0.0,-5.82,-5.84,-82.24,0.0,0.0,0.0,100.0,0,0,897
172823,0,0,0,99.99,0.0,0.0,0.0,0.0,0.0,0.0,0.0,0.0,0.0,0.0,0.0,0.0,-5.82,-5.85,-82.22,0.0,0.0,0.0,100.0,0,0,897
173023,0,0,0,99.99,0.0,0.0,0.0,0.0,0.0,0.0,0.0,0.0,0.0,0.0,0.0,0.0,-5.83,-5.85,-82.23,0.0,0.0,0.0,100.0,0,0,897
173223,0,0,0,99.99,0.0,0.0,0.0,0.0,0.0,0.0,0.0,0.0,0.0,0.0,0.0,0.0,-5.82,-5.84,-82.24,0.0,0.0,0.0,100.0,0,0,897
173423,0,0,0,99.99,0.0,0.0,0.0,0.0,0.0,0.0,0.0,0.0,0.0,0.0,0.0,0.0,-5.81,-5.83,-82.24,0.0,0.0,0.0,100.0,0,0,899
173623,0,0,0,99.99,0.0,0.0,0.0,0.0,0.0,0.0,0.0,0.0,0.0,0.0,0.0,0.0,-5.81,-5.85,-82.23,0.0,0.0,0.0,100.0,0,0,903
173823,0,0,0,99.99,0.0,0.0,0.0,0.0,0.0,0.0,0.0,0.0,0.0,0.0,0.0,0.0,-5.82,-5.84,-82.26,0.0,0.0,0.0,100.0,0,0,903
174023,0,0,0,99.99,0.0,0.0,0.0,0.0,0.0,0.0,0.0,0.0,0.0,0.0,0.0,0.0,-5.81,-5.83,-82.25,0.0,0.0,0.0,100.0,0,0,903
174223,0,0,0,99.99,0.0,0.0,0.0,0.0,0.0,0.0,0.0,0.0,0.0,0.0,0.0,0.0,-5.81,-5.82,-82.25,0.0,0.0,0.0,100.0,0,0,903
174423,0,0,0,99.99,0.0,0.0,0.0,0.0,0.0,0.0,0.0,0.0,0.0,0.0,0.0,0.0,-5.81,-5.83,-82.25,0.0,0.0,0.0,100.0,0,0,905
174623,0,0,0,99.99,0.0,0.0,0.0,0.0,0.0,0.0,0.0,0.0,0.0,0.0,0.0,0.0,-5.81,-5.82,-82.26,0.0,0.0,0.0,100.0,0,0,909
174823,0,0,0,99.99,0.0,0.0,0.0,0.0,0.0,0.0,0.0,0.0,0.0,0.0,0.0,0.0,-5.8,-5.83,-82.27,0.0,0.0,0.0,100.0,0,0,909
175023,0,0,0,99.99,0.0,0.0,0.0,0.0,0.0,0.0,0.0,0.0,0.0,0.0,0.0,0.0,-5.8,-5.84,-82.27,0.0,0.0,0.0,100.0,0,0,909
175223,0,0,0,99.99,0.0,0.0,0.0,0.0,0.0,0.0,0.0,0.0,0.0,0.0,0.0,0.0,-5.8,-5.85,-82.25,0.0,0.0,0.0,100.0,0,0,909
175423,0,0,0,99.99,0.0,0.0,0.0,0.0,0.0,0.0,0.0,0.0,0.0,0.0,0.0,0.0,-5.8,-5.85,-82.25,0.0,0.0,0.0,100.0,0,0,911
175623,0,0,0,99.99,0.0,0.0,0.0,0.0,0.0,0.0,0.0,0.0,0.0,0.0,0.0,0.0,-5.8,-5.86,-82.25,0.0,0.0,0.0,100.0,0,0,915
175823,0,0,0,99.99,0.0,0.0,0.0,0.0,0.0,0.0,0.0,0.0,0.0,0.0,0.0,0.0,-5.8,-5.87,-82.25,0.0,0.0,0.0,100.0,0,0,915
176023,0,0,0,99.99,0.0,0.0,0.0,0.0,0.0,0.0,0.0,0.0,0.0,0.0,0.0,0.0,-5.81,-5.87,-82.24,0.0,0.0,0.0,100.0,0,0,915
176223,0,0,0,99.99,0.0,0.0,0.0,0.0,0.0,0.0,0.0,0.0,0.0,0.0,0.0,0.0,-5.79,-5.87,-82.24,0.0,0.0,0.0,100.0,0,0,915
176423,0,0,0,99.99,0.0,0.0,0.0,0.0,0.0,0.0,0.0,0.0,0.0,0.0,0.0,0.0,-5.79,-5.86,-82.24,0.0,0.0,0.0,100.0,0,0,917
176623,0,0,0,99.99,0.0,0.0,0.0,0.0,0.0,0.0,0.0,0.0,0.0,0.0,0.0,0.0,-5.8,-5.87,-82.24,0.0,0.0,0.0,100.0,0,0,921
176823,0,0,0,99.99,0.0,0.0,0.0,0.0,0.0,0.0,0.0,0.0,0.0,0.0,0.0,0.0,-5.8,-5.87,-82.24,0.0,0.0,0.0,100.0,0,0,921
177023,0,0,0,99.99,0.0,0.0,0.0,0.0,0.0,0.0,0.0,0.0,0.0,0.0,0.0,0.0,-5.79,-5.89,-82.24,0.0,0.0,0.0,100.0,0,0,921
177223,0,0,0,99.99,0.0,0.0,0.0,0.0,0.0,0.0,0.0,0.0,0.0,0.0,0.0,0.0,-5.81,-5.88,-82.25,0.0,0.0,0.0,100.0,0,0,921
177423,0,0,0,99.99,0.0,0.0,0.0,0.0,0.0,0.0,0.0,0.0,0.0,0.0,0.0,0.0,-5.8,-5.89,-82.24,0.0,0.0,0.0,100.0,0,0,923
177623,0,0,0,99.99,0.0,0.0,0.0,0.0,0.0,0.0,0.0,0.0,0.0,0.0,0.0,0.0,-5.81,-5.89,-82.24,0.0,0.0,0.0,100.0,0,0,927
177823,0,0,0,99.99,0.0,0.0,0.0,0.0,0.0,0.0,0.0,0.0,0.0,0.0,0.0,0.0,-5.8,-5.87,-82.25,0.0,0.0,0.0,100.0,0,0,927
178023,0,0,0,99.99,0.0,0.0,0.0,0.0,0.0,0.0,0.0,0.0,0.0,0.0,0.0,0.0,-5.79,-5.88,-82.23,0.0,0.0,0.0,100.0,0,0,927
178223,0,0,0,99.99,0.0,0.0,0.0,0.0,0.0,0.0,0.0,0.0,0.0,0.0,0.0,0.0,-5.79,-5.86,-82.25,0.0,0.0,0.0,100.0,0,0,927
178423,0,0,0,99.99,0.0,0.0,0.0,0.0,0.0,0.0,0.0,0.0,0.0,0.0,0.0,0.0,-5.8,-5.86,-82.24,0.0,0.0,0.0,100.0,0,0,929
178623,0,0,0,99.99,0.0,0.0,0.0,0.0,0.0,0.0,0.0,0.0,0.0,0.0,0.0,0.0,-5.8,-5.86,-82.24,0.0,0.0,0.0,100.0,0,0,933
178823,0,0,0,99.99,0.0,0.0,0.0,0.0,0.0,0.0,0.0,0.0,0.0,0.0,0.0,0.0,-5.79,-5.86,-82.25,0.0,0.0,0.0,100.0,0,0,933
179023,0,0,0,99.99,0.0,0.0,0.0,0.0,0.0,0.0,0.0,0.0,0.0,0.0,0.0,0.0,-5.8,-5.86,-82.25,0.0,0.0,0.0,100.0,0,0,933
179223,0,0,0,99.99,0.0,0.0,0.0,0.0,0.0,0.0,0.0,0.0,0.0,0.0,0.0,0.0,-5.8,-5.85,-82.27,0.0,0.0,0.0,100.0,0,0,933
179424,0,0,0,99.99,0.0,0.0,0.0,0.0,0.0,0.0,0.0,0.0,0.0,0.0,0.0,0.0,-5.8,-5.85,-82.27,0.0,0.0,0.0,100.0,0,0,935
179633,0,0,0,99.99,0.0,0.0,0.0,0.0,0.0,0.0,0.0,0.0,0.0,0.0,0.0,0.0,-5.81,-5.84,-82.27,0.0,0.0,0.0,100.0,0,0,939
179833,0,0,0,99.99,0.0,0.0,0.0,0.0,0.0,0.0,0.0,0.0,0.0,0.0,0.0,0.0,-5.81,-5.84,-82.27,0.0,0.0,0.0,100.0,0,0,939
180033,0,0,0,99.99,0.0,0.0,0.0,0.0,0.0,0.0,0.0,0.0,0.0,0.0,0.0,0.0,-5.8,-5.85,-82.25,0.0,0.0,0.0,100.0,0,0,939
180233,0,0,0,99.99,0.0,0.0,0.0,0.0,0.0,0.0,0.0,0.0,0.0,0.0,0.0,0.0,-5.81,-5.86,-82.23,0.0,0.0,0.0,100.0,0,0,939
180433,0,0,0,99.99,0.0,0.0,0.0,0.0,0.0,0.0,0.0,0.0,0.0,0.0,0.0,0.0,-5.81,-5.86,-82.24,0.0,0.0,0.0,100.0,0,0,941
180634,0,0,0,99.99,0.0,0.0,0.0,0.0,0.0,0.0,0.0,0.0,0.0,0.0,0.0,0.0,-5.8,-5.85,-82.26,0.0,0.0,0.0,100.0,0,0,945
180843,0,0,0,99.99,0.0,0.0,0.0,0.0,0.0,0.0,0.0,0.0,0.0,0.0,0.0,0.0,-5.81,-5.85,-82.27,0.0,0.0,0.0,100.0,0,0,945
181043,0,0,0,99.99,0.0,0.0,0.0,0.0,0.0,0.0,0.0,0.0,0.0,0.0,0.0,0.0,-5.8,-5.85,-82.28,0.0,0.0,0.0,100.0,0,0,945
181243,0,0,0,99.99,0.0,0.0,0.0,0.0,0.0,0.0,0.0,0.0,0.0,0.0,0.0,0.0,-5.81,-5.84,-82.28,0.0,0.0,0.0,100.0,0,0,945
181443,0,0,0,99.99,0.0,0.0,0.0,0.0,0.0,0.0,0.0,0.0,0.0,0.0,0.0,0.0,-5.82,-5.85,-82.26,0.0,0.0,0.0,100.0,0,0,948
181643,0,0,0,99.99,0.0,0.0,0.0,0.0,0.0,0.0,0.0,0.0,0.0,0.0,0.0,0.0,-5.83,-5.86,-82.22,0.0,0.0,0.0,100.0,0,0,951
181843,0,0,0,99.99,0.0,0.0,0.0,0.0,0.0,0.0,0.0,0.0,0.0,0.0,0.0,0.0,-5.82,-5.85,-82.22,0.0,0.0,0.0,100.0,0,0,951
182043,0,0,0,99.99,0.0,0.0,0.0,0.0,0.0,0.0,0.0,0.0,0.0,0.0,0.0,0.0,-5.81,-5.86,-82.21,0.0,0.0,0.0,100.0,0,0,951
182243,0,0,0,99.99,0.0,0.0,0.0,0.0,0.0,0.0,0.0,0.0,0.0,0.0,0.0,0.0,-5.8,-5.86,-82.19,0.0,0.0,0.0,100.0,0,0,951
182443,0,0,0,99.99,0.0,0.0,0.0,0.0,0.0,0.0,0.0,0.0,0.0,0.0,0.0,0.0,-5.8,-5.86,-82.19,0.0,0.0,0.0,100.0,0,0,954
182643,0,0,0,99.99,0.0,0.0,0.0,0.0,0.0,0.0,0.0,0.0,0.0,0.0,0.0,0.0,-5.8,-5.84,-82.22,0.0,0.0,0.0,100.0,0,0,957
182843,0,0,0,99.99,0.0,0.0,0.0,0.0,0.0,0.0,0.0,0.0,0.0,0.0,0.0,0.0,-5.81,-5.86,-82.2,0.0,0.0,0.0,100.0,0,0,957
183044,0,0,0,99.99,0.0,0.0,0.0,0.0,0.0,0.0,0.0,0.0,0.0,0.0,0.0,0.0,-5.81,-5.87,-82.22,0.0,0.0,0.0,100.0,0,0,957
183253,0,0,0,99.99,0.0,0.0,0.0,0.0,0.0,0.0,0.0,0.0,0.0,0.0,0.0,0.0,-5.8,-5.87,-82.22,0.0,0.0,0.0,100.0,0,0,957
183453,0,0,0,99.99,0.0,0.0,0.0,0.0,0.0,0.0,0.0,0.0,0.0,0.0,0.0,0.0,-5.81,-5.87,-82.21,0.0,0.0,0.0,100.0,0,0,960
183653,0,0,0,99.99,0.0,0.0,0.0,0.0,0.0,0.0,0.0,0.0,0.0,0.0,0.0,0.0,-5.81,-5.87,-82.2,0.0,0.0,0.0,100.0,0,0,963
183853,0,0,0,99.99,0.0,0.0,0.0,0.0,0.0,0.0,0.0,0.0,0.0,0.0,0.0,0.0,-5.81,-5.85,-82.23,0.0,0.0,0.0,100.0,0,0,963
184053,0,0,0,99.99,0.0,0.0,0.0,0.0,0.0,0.0,0.0,0.0,0.0,0.0,0.0,0.0,-5.79,-5.85,-82.25,0.0,0.0,0.0,100.0,0,0,963
184253,0,0,0,99.99,0.0,0.0,0.0,0.0,0.0,0.0,0.0,0.0,0.0,0.0,0.0,0.0,-5.78,-5.87,-82.25,0.0,0.0,0.0,100.0,0,0,963
184453,0,0,0,99.99,0.0,0.0,0.0,0.0,0.0,0.0,0.0,0.0,0.0,0.0,0.0,0.0,-5.79,-5.87,-82.23,0.0,0.0,0.0,100.0,0,0,966
184653,0,0,0,99.99,0.0,0.0,0.0,0.0,0.0,0.0,0.0,0.0,0.0,0.0,0.0,0.0,-5.79,-5.88,-82.21,0.0,0.0,0.0,100.0,0,0,969
184853,0,0,0,99.99,0.0,0.0,0.0,0.0,0.0,0.0,0.0,0.0,0.0,0.0,0.0,0.0,-5.79,-5.87,-82.22,0.0,0.0,0.0,100.0,0,0,969
185053,0,0,0,99.99,0.0,0.0,0.0,0.0,0.0,0.0,0.0,0.0,0.0,0.0,0.0,0.0,-5.78,-5.86,-82.23,0.0,0.0,0.0,100.0,0,0,969
185253,0,0,0,99.99,0.0,0.0,0.0,0.0,0.0,0.0,0.0,0.0,0.0,0.0,0.0,0.0,-5.78,-5.88,-82.24,0.0,0.0,0.0,100.0,0,0,969
185453,0,0,0,99.99,0.0,0.0,0.0,0.0,0.0,0.0,0.0,0.0,0.0,0.0,0.0,0.0,-5.78,-5.88,-82.24,0.0,0.0,0.0,100.0,0,0,972
185653,0,0,0,99.99,0.0,0.0,0.0,0.0,0.0,0.0,0.0,0.0,0.0,0.0,0.0,0.0,-5.77,-5.86,-82.25,0.0,0.0,0.0,100.0,0,0,975
185853,0,0,0,99.99,0.0,0.0,0.0,0.0,0.0,0.0,0.0,0.0,0.0,0.0,0.0,0.0,-5.82,-5.87,-82.24,0.0,0.0,0.0,100.0,0,0,975
186053,0,0,0,99.99,0.0,0.0,0.0,0.0,0.0,0.0,0.0,0.0,0.0,0.0,0.0,0.0,-5.81,-5.87,-82.23,0.0,0.0,0.0,100.0,0,0,975
186253,0,0,0,99.99,0.0,0.0,0.0,0.0,0.0,0.0,0.0,0.0,0.0,0.0,0.0,0.0,-5.83,-5.87,-82.23,0.0,0.0,0.0,100.0,0,0,975
186453,0,0,0,99.99,0.0,0.0,0.0,0.0,0.0,0.0,0.0,0.0,0.0,0.0,0.0,0.0,-5.83,-5.87,-82.22,0.0,0.0,0.0,100.0,0,0,978
186653,0,0,0,99.99,0.0,0.0,0.0,0.0,0.0,0.0,0.0,0.0,0.0,0.0,0.0,0.0,-5.84,-5.87,-82.2,0.0,0.0,0.0,100.0,0,0,981
186853,0,0,0,99.99,0.0,0.0,0.0,0.0,0.0,0.0,0.0,0.0,0.0,0.0,0.0,0.0,-5.83,-5.88,-82.18,0.0,0.0,0.0,100.0,0,0,981
187053,0,0,0,99.99,0.0,0.0,0.0,0.0,0.0,0.0,0.0,0.0,0.0,0.0,0.0,0.0,-5.83,-5.89,-82.18,0.0,0.0,0.0,100.0,0,0,981
187253,0,0,0,99.99,0.0,0.0,0.0,0.0,0.0,0.0,0.0,0.0,0.0,0.0,0.0,0.0,-5.83,-5.91,-82.19,0.0,0.0,0.0,100.0,0,0,981
187453,0,0,0,99.99,0.0,0.0,0.0,0.0,0.0,0.0,0.0,0.0,0.0,0.0,0.0,0.0,-5.82,-5.91,-82.2,0.0,0.0,0.0,100.0,0,0,984
187653,0,0,0,99.99,0.0,0.0,0.0,0.0,0.0,0.0,0.0,0.0,0.0,0.0,0.0,0.0,-5.81,-5.9,-82.2,0.0,0.0,0.0,100.0,0,0,987
187853,0,0,0,99.99,0.0,0.0,0.0,0.0,0.0,0.0,0.0,0.0,0.0,0.0,0.0,0.0,-5.81,-5.89,-82.22,0.0,0.0,0.0,100.0,0,0,987
188053,0,0,0,99.99,0.0,0.0,0.0,0.0,0.0,0.0,0.0,0.0,0.0,0.0,0.0,0.0,-5.8,-5.89,-82.24,0.0,0.0,0.0,100.0,0,0,987
188253,0,0,0,99.99,0.0,0.0,0.0,0.0,0.0,0.0,0.0,0.0,0.0,0.0,0.0,0.0,-5.8,-5.89,-82.23,0.0,0.0,0.0,100.0,0,0,987
188453,0,0,0,99.99,0.0,0.0,0.0,0.0,0.0,0.0,0.0,0.0,0.0,0.0,0.0,0.0,-5.81,-5.88,-82.22,0.0,0.0,0.0,100.0,0,0,990
188653,0,0,0,99.99,0.0,0.0,0.0,0.0,0.0,0.0,0.0,0.0,0.0,0.0,0.0,0.0,-5.81,-5.87,-82.23,0.0,0.0,0.0,100.0,0,0,993
188853,0,0,0,99.99,0.0,0.0,0.0,0.0,0.0,0.0,0.0,0.0,0.0,0.0,0.0,0.0,-5.81,-5.87,-82.22,0.0,0.0,0.0,100.0,0,0,993
189053,0,0,0,99.99,0.0,0.0,0.0,0.0,0.0,0.0,0.0,0.0,0.0,0.0,0.0,0.0,-5.81,-5.87,-82.22,0.0,0.0,0.0,100.0,0,0,993
189253,0,0,0,99.99,0.0,0.0,0.0,0.0,0.0,0.0,0.0,0.0,0.0,0.0,0.0,0.0,-5.82,-5.88,-82.23,0.0,0.0,0.0,100.0,0,0,993
189453,0,0,0,99.99,0.0,0.0,0.0,0.0,0.0,0.0,0.0,0.0,0.0,0.0,0.0,0.0,-5.81,-5.89,-82.22,0.0,0.0,0.0,100.0,0,0,996
189654,0,0,0,99.99,0.0,0.0,0.0,0.0,0.0,0.0,0.0,0.0,0.0,0.0,0.0,0.0,-5.81,-5.9,-82.24,0.0,0.0,0.0,100.0,0,0,999
189863,0,0,0,99.99,0.0,0.0,0.0,0.0,0.0,0.0,0.0,0.0,0.0,0.0,0.0,0.0,-5.81,-5.88,-82.26,0.0,0.0,0.0,100.0,0,0,999
190063,0,0,0,99.99,0.0,0.0,0.0,0.0,0.0,0.0,0.0,0.0,0.0,0.0,0.0,0.0,-5.81,-5.89,-82.26,0.0,0.0,0.0,100.0,0,0,999
190263,0,0,0,99.99,0.0,0.0,0.0,0.0,0.0,0.0,0.0,0.0,0.0,0.0,0.0,0.0,-5.81,-5.9,-82.24,0.0,0.0,0.0,100.0,0,0,999
190463,0,0,0,99.99,0.0,0.0,0.0,0.0,0.0,0.0,0.0,0.0,0.0,0.0,0.0,0.0,-5.81,-5.89,-82.21,0.0,0.0,0.0,100.0,0,0,1002
190663,0,0,0,99.99,0.0,0.0,0.0,0.0,0.0,0.0,0.0,0.0,0.0,0.0,0.0,0.0,-5.8,-5.88,-82.23,0.0,0.0,0.0,100.0,0,0,1005
190863,0,0,0,99.99,0.0,0.0,0.0,0.0,0.0,0.0,0.0,0.0,0.0,0.0,0.0,0.0,-5.81,-5.89,-82.22,0.0,0.0,0.0,100.0,0,0,1005
191063,0,0,0,99.99,0.0,0.0,0.0,0.0,0.0,0.0,0.0,0.0,0.0,0.0,0.0,0.0,-5.8,-5.89,-82.21,0.0,0.0,0.0,100.0,0,0,1005
191263,0,0,0,99.99,0.0,0.0,0.0,0.0,0.0,0.0,0.0,0.0,0.0,0.0,0.0,0.0,-5.81,-5.89,-82.22,0.0,0.0,0.0,100.0,0,0,1005
191463,0,0,0,99.99,0.0,0.0,0.0,0.0,0.0,0.0,0.0,0.0,0.0,0.0,0.0,0.0,-5.82,-5.89,-82.24,0.0,0.0,0.0,100.0,0,0,1008
191663,0,0,0,99.99,0.0,0.0,0.0,0.0,0.0,0.0,0.0,0.0,0.0,0.0,0.0,0.0,-5.82,-5.89,-82.23,0.0,0.0,0.0,100.0,0,0,1011
191863,0,0,0,99.99,0.0,0.0,0.0,0.0,0.0,0.0,0.0,0.0,0.0,0.0,0.0,0.0,-5.82,-5.89,-82.22,0.0,0.0,0.0,100.0,0,0,1011
192063,0,0,0,99.99,0.0,0.0,0.0,0.0,0.0,0.0,0.0,0.0,0.0,0.0,0.0,0.0,-5.82,-5.89,-82.2,0.0,0.0,0.0,100.0,0,0,1011
192263,0,0,0,99.99,0.0,0.0,0.0,0.0,0.0,0.0,0.0,0.0,0.0,0.0,0.0,0.0,-5.82,-5.89,-82.18,0.0,0.0,0.0,100.0,0,0,1011
192464,0,0,0,99.99,0.0,0.0,0.0,0.0,0.0,0.0,0.0,0.0,0.0,0.0,0.0,0.0,-5.8,-5.88,-82.2,0.0,0.0,0.0,100.0,0,0,1014
192673,0,0,0,99.99,0.0,0.0,0.0,0.0,0.0,0.0,0.0,0.0,0.0,0.0,0.0,0.0,-5.81,-5.88,-82.22,0.0,0.0,0.0,100.0,0,0,1017
192873,0,0,0,99.99,0.0,0.0,0.0,0.0,0.0,0.0,0.0,0.0,0.0,0.0,0.0,0.0,-5.81,-5.87,-82.24,0.0,0.0,0.0,100.0,0,0,1017
193073,0,0,0,99.99,0.0,0.0,0.0,0.0,0.0,0.0,0.0,0.0,0.0,0.0,0.0,0.0,-5.82,-5.87,-82.23,0.0,0.0,0.0,100.0,0,0,1017
193273,0,0,0,99.99,0.0,0.0,0.0,0.0,0.0,0.0,0.0,0.0,0.0,0.0,0.0,0.0,-5.82,-5.87,-82.22,0.0,0.0,0.0,100.0,0,0,1017
193473,0,0,0,99.99,0.0,0.0,0.0,0.0,0.0,0.0,0.0,0.0,0.0,0.0,0.0,0.0,-5.82,-5.87,-82.19,0.0,0.0,0.0,100.0,0,0,1020
193673,0,0,0,99.99,0.0,0.0,0.0,0.0,0.0,0.0,0.0,0.0,0.0,0.0,0.0,0.0,-5.82,-5.87,-82.19,0.0,0.0,0.0,100.0,0,0,1023
193873,0,0,0,99.99,0.0,0.0,0.0,0.0,0.0,0.0,0.0,0.0,0.0,0.0,0.0,0.0,-5.83,-5.86,-82.21,0.0,0.0,0.0,100.0,0,0,1023
194073,0,0,0,99.99,0.0,0.0,0.0,0.0,0.0,0.0,0.0,0.0,0.0,0.0,0.0,0.0,-5.82,-5.87,-82.21,0.0,0.0,0.0,100.0,0,0,1023
194273,0,0,0,99.99,0.0,0.0,0.0,0.0,0.0,0.0,0.0,0.0,0.0,0.0,0.0,0.0,-5.83,-5.88,-82.22,0.0,0.0,0.0,100.0,0,0,1023
194473,0,0,0,99.99,0.0,0.0,0.0,0.0,0.0,0.0,0.0,0.0,0.0,0.0,0.0,0.0,-5.82,-5.89,-82.21,0.0,0.0,0.0,100.0,0,0,1026
194673,0,0,0,99.99,0.0,0.0,0.0,0.0,0.0,0.0,0.0,0.0,0.0,0.0,0.0,0.0,-5.82,-5.9,-82.2,0.0,0.0,0.0,100.0,0,0,1029
194873,0,0,0,99.99,0.0,0.0,0.0,0.0,0.0,0.0,0.0,0.0,0.0,0.0,0.0,0.0,-5.82,-5.9,-82.19,0.0,0.0,0.0,100.0,0,0,1029
195073,0,0,0,99.99,0.0,0.0,0.0,0.0,0.0,0.0,0.0,0.0,0.0,0.0,0.0,0.0,-5.81,-5.9,-82.2,0.0,0.0,0.0,100.0,0,0,1029
195273,0,0,0,99.99,0.0,0.0,0.0,0.0,0.0,0.0,0.0,0.0,0.0,0.0,0.0,0.0,-5.82,-5.89,-82.2,0.0,0.0,0.0,100.0,0,0,1029
195473,0,0,0,99.99,0.0,0.0,0.0,0.0,0.0,0.0,0.0,0.0,0.0,0.0,0.0,0.0,-5.83,-5.88,-82.2,0.0,0.0,0.0,100.0,0,0,1032
195673,0,0,0,99.99,0.0,0.0,0.0,0.0,0.0,0.0,0.0,0.0,0.0,0.0,0.0,0.0,-5.83,-5.89,-82.2,0.0,0.0,0.0,100.0,0,0,1035
195873,0,0,0,99.99,0.0,0.0,0.0,0.0,0.0,0.0,0.0,0.0,0.0,0.0,0.0,0.0,-5.82,-5.88,-82.2,0.0,0.0,0.0,100.0,0,0,1035
196073,0,0,0,99.99,0.0,0.0,0.0,0.0,0.0,0.0,0.0,0.0,0.0,0.0,0.0,0.0,-5.82,-5.89,-82.18,0.0,0.0,0.0,100.0,0,0,1035
196273,0,0,0,99.99,0.0,0.0,0.0,0.0,0.0,0.0,0.0,0.0,0.0,0.0,0.0,0.0,-5.82,-5.88,-82.18,0.0,0.0,0.0,100.0,0,0,1035
196473,0,0,0,99.99,0.0,0.0,0.0,0.0,0.0,0.0,0.0,0.0,0.0,0.0,0.0,0.0,-5.81,-5.88,-82.18,0.0,0.0,0.0,100.0,0,0,1038
196673,0,0,0,99.99,0.0,0.0,0.0,0.0,0.0,0.0,0.0,0.0,0.0,0.0,0.0,0.0,-5.82,-5.88,-82.19,0.0,0.0,0.0,100.0,0,0,1041
196873,0,0,0,99.99,0.0,0.0,0.0,0.0,0.0,0.0,0.0,0.0,0.0,0.0,0.0,0.0,-5.82,-5.88,-82.19,0.0,0.0,0.0,100.0,0,0,1041
197073,0,0,0,99.99,0.0,0.0,0.0,0.0,0.0,0.0,0.0,0.0,0.0,0.0,0.0,0.0,-5.82,-5.89,-82.18,0.0,0.0,0.0,100.0,0,0,1041
197273,0,0,0,99.99,0.0,0.0,0.0,0.0,0.0,0.0,0.0,0.0,0.0,0.0,0.0,0.0,-5.82,-5.88,-82.22,0.0,0.0,0.0,100.0,0,0,1041
197473,0,0,0,99.99,0.0,0.0,0.0,0.0,0.0,0.0,0.0,0.0,0.0,0.0,0.0,0.0,-5.82,-5.88,-82.2,0.0,0.0,0.0,100.0,0,0,1044
197673,0,0,0,99.99,0.0,0.0,0.0,0.0,0.0,0.0,0.0,0.0,0.0,0.0,0.0,0.0,-5.83,-5.87,-82.19,0.0,0.0,0.0,100.0,0,0,1047
197873,0,0,0,99.99,0.0,0.0,0.0,0.0,0.0,0.0,0.0,0.0,0.0,0.0,0.0,0.0,-5.83,-5.88,-82.18,0.0,0.0,0.0,100.0,0,0,1047
198073,0,0,0,99.99,0.0,0.0,0.0,0.0,0.0,0.0,0.0,0.0,0.0,0.0,0.0,0.0,-5.83,-5.88,-82.18,0.0,0.0,0.0,100.0,0,0,1047
198273,0,0,0,99.99,0.0,0.0,0.0,0.0,0.0,0.0,0.0,0.0,0.0,0.0,0.0,0.0,-5.82,-5.88,-82.18,0.0,0.0,0.0,100.0,0,0,1047
198474,0,0,0,99.99,0.0,0.0,0.0,0.0,0.0,0.0,0.0,0.0,0.0,0.0,0.0,0.0,-5.82,-5.89,-82.17,0.0,0.0,0.0,100.0,0,0,1050
198683,0,0,0,99.99,0.0,0.0,0.0,0.0,0.0,0.0,0.0,0.0,0.0,0.0,0.0,0.0,-5.82,-5.9,-82.17,0.0,0.0,0.0,100.0,0,0,1053
198883,0,0,0,99.99,0.0,0.0,0.0,0.0,0.0,0.0,0.0,0.0,0.0,0.0,0.0,0.0,-5.82,-5.89,-82.17,0.0,0.0,0.0,100.0,0,0,1053
199083,0,0,0,99.99,0.0,0.0,0.0,0.0,0.0,0.0,0.0,0.0,0.0,0.0,0.0,0.0,-5.82,-5.89,-82.21,0.0,0.0,0.0,100.0,0,0,1053
199283,0,0,0,99.99,0.0,0.0,0.0,0.0,0.0,0.0,0.0,0.0,0.0,0.0,0.0,0.0,-5.82,-5.88,-82.21,0.0,0.0,0.0,100.0,0,0,1053
199483,0,0,0,99.99,0.0,0.0,0.0,0.0,0.0,0.0,0.0,0.0,0.0,0.0,0.0,0.0,-5.81,-5.89,-82.21,0.0,0.0,0.0,100.0,0,0,1056
199683,0,0,0,99.99,0.0,0.0,0.0,0.0,0.0,0.0,0.0,0.0,0.0,0.0,0.0,0.0,-5.8,-5.9,-82.22,0.0,0.0,0.0,100.0,0,0,1059
199883,0,0,0,99.99,0.0,0.0,0.0,0.0,0.0,0.0,0.0,0.0,0.0,0.0,0.0,0.0,-5.8,-5.9,-82.23,0.0,0.0,0.0,100.0,0,0,1059
200083,0,0,0,99.99,0.0,0.0,0.0,0.0,0.0,0.0,0.0,0.0,0.0,0.0,0.0,0.0,-5.8,-5.9,-82.23,0.0,0.0,0.0,100.0,0,0,1059
200283,0,0,0,99.99,0.0,0.0,0.0,0.0,0.0,0.0,0.0,0.0,0.0,0.0,0.0,0.0,-5.81,-5.9,-82.22,0.0,0.0,0.0,100.0,0,0,1059
200483,0,0,0,99.99,0.0,0.0,0.0,0.0,0.0,0.0,0.0,0.0,0.0,0.0,0.0,0.0,-5.79,-5.93,-82.21,0.0,0.0,0.0,100.0,0,0,1062
200683,0,0,0,99.99,0.0,0.0,0.0,0.0,0.0,0.0,0.0,0.0,0.0,0.0,0.0,0.0,-5.8,-5.93,-82.19,0.0,0.0,0.0,100.0,0,0,1065
200883,0,0,0,99.99,0.0,0.0,0.0,0.0,0.0,0.0,0.0,0.0,0.0,0.0,0.0,0.0,-5.79,-5.94,-82.21,0.0,0.0,0.0,100.0,0,0,1065
201083,0,0,0,99.99,0.0,0.0,0.0,0.0,0.0,0.0,0.0,0.0,0.0,0.0,0.0,0.0,-5.79,-5.95,-82.2,0.0,0.0,0.0,100.0,0,0,1065
201283,0,0,0,99.99,0.0,0.0,0.0,0.0,0.0,0.0,0.0,0.0,0.0,0.0,0.0,0.0,-5.8,-5.93,-82.2,0.0,0.0,0.0,100.0,0,0,1065
201483,0,0,0,99.99,0.0,0.0,0.0,0.0,0.0,0.0,0.0,0.0,0.0,0.0,0.0,0.0,-5.8,-5.91,-82.21,0.0,0.0,0.0,100.0,0,0,1068
201683,0,0,0,99.99,0.0,0.0,0.0,0.0,0.0,0.0,0.0,0.0,0.0,0.0,0.0,0.0,-5.79,-5.91,-82.22,0.0,0.0,0.0,100.0,0,0,1071
201883,0,0,0,99.99,0.0,0.0,0.0,0.0,0.0,0.0,0.0,0.0,0.0,0.0,0.0,0.0,-5.8,-5.91,-82.23,0.0,0.0,0.0,100.0,0,0,1071
202083,0,0,0,99.99,0.0,0.0,0.0,0.0,0.0,0.0,0.0,0.0,0.0,0.0,0.0,0.0,-5.8,-5.9,-82.23,0.0,0.0,0.0,100.0,0,0,1071
202283,0,0,0,99.99,0.0,0.0,0.0,0.0,0.0,0.0,0.0,0.0,0.0,0.0,0.0,0.0,-5.8,-5.9,-82.25,0.0,0.0,0.0,100.0,0,0,1071
202483,0,0,0,99.99,0.0,0.0,0.0,0.0,0.0,0.0,0.0,0.0,0.0,0.0,0.0,0.0,-5.79,-5.91,-82.23,0.0,0.0,0.0,100.0,0,0,1074
202683,0,0,0,99.99,0.0,0.0,0.0,0.0,0.0,0.0,0.0,0.0,0.0,0.0,0.0,0.0,-5.81,-5.92,-82.2,0.0,0.0,0.0,100.0,0,0,1077
202883,0,0,0,99.99,0.0,0.0,0.0,0.0,0.0,0.0,0.0,0.0,0.0,0.0,0.0,0.0,-5.8,-5.91,-82.22,0.0,0.0,0.0,100.0,0,0,1077
203083,0,0,0,99.99,0.0,0.0,0.0,0.0,0.0,0.0,0.0,0.0,0.0,0.0,0.0,0.0,-5.8,-5.93,-82.23,0.0,0.0,0.0,100.0,0,0,1077
203283,0,0,0,99.99,0.0,0.0,0.0,0.0,0.0,0.0,0.0,0.0,0.0,0.0,0.0,0.0,-5.79,-5.93,-82.24,0.0,0.0,0.0,100.0,0,0,1077
203484,0,0,0,99.99,0.0,0.0,0.0,0.0,0.0,0.0,0.0,0.0,0.0,0.0,0.0,0.0,-5.78,-5.92,-82.23,0.0,0.0,0.0,100.0,0,0,1080
203693,0,0,0,99.99,0.0,0.0,0.0,0.0,0.0,0.0,0.0,0.0,0.0,0.0,0.0,0.0,-5.78,-5.93,-82.21,0.0,0.0,0.0,100.0,0,0,1083
203893,0,0,0,99.99,0.0,0.0,0.0,0.0,0.0,0.0,0.0,0.0,0.0,0.0,0.0,0.0,-5.78,-5.93,-82.22,0.0,0.0,0.0,100.0,0,0,1083
204093,0,0,0,99.99,0.0,0.0,0.0,0.0,0.0,0.0,0.0,0.0,0.0,0.0,0.0,0.0,-5.77,-5.92,-82.24,0.0,0.0,0.0,100.0,0,0,1083
204293,0,0,0,99.99,0.0,0.0,0.0,0.0,0.0,0.0,0.0,0.0,0.0,0.0,0.0,0.0,-5.77,-5.93,-82.24,0.0,0.0,0.0,100.0,0,0,1083
204493,0,0,0,99.99,0.0,0.0,0.0,0.0,0.0,0.0,0.0,0.0,0.0,0.0,0.0,0.0,-5.78,-5.93,-82.22,0.0,0.0,0.0,100.0,0,0,1087
204693,0,0,0,99.99,0.0,0.0,0.0,0.0,0.0,0.0,0.0,0.0,0.0,0.0,0.0,0.0,-5.79,-5.92,-82.21,0.0,0.0,0.0,100.0,0,0,1089
204893,0,0,0,99.99,0.0,0.0,0.0,0.0,0.0,0.0,0.0,0.0,0.0,0.0,0.0,0.0,-5.79,-5.92,-82.21,0.0,0.0,0.0,100.0,0,0,1089
205093,0,0,0,99.99,0.0,0.0,0.0,0.0,0.0,0.0,0.0,0.0,0.0,0.0,0.0,0.0,-5.78,-5.92,-82.22,0.0,0.0,0.0,100.0,0,0,1089
205293,0,0,0,99.99,0.0,0.0,0.0,0.0,0.0,0.0,0.0,0.0,0.0,0.0,0.0,0.0,-5.78,-5.93,-82.2,0.0,0.0,0.0,100.0,0,0,1089
205493,0,0,0,99.99,0.0,0.0,0.0,0.0,0.0,0.0,0.0,0.0,0.0,0.0,0.0,0.0,-5.78,-5.93,-82.2,0.0,0.0,0.0,100.0,0,0,1093
205693,0,0,0,99.99,0.0,0.0,0.0,0.0,0.0,0.0,0.0,0.0,0.0,0.0,0.0,0.0,-5.77,-5.93,-82.22,0.0,0.0,0.0,100.0,0,0,1095
205893,0,0,0,99.99,0.0,0.0,0.0,0.0,0.0,0.0,0.0,0.0,0.0,0.0,0.0,0.0,-5.77,-5.93,-82.21,0.0,0.0,0.0,100.0,0,0,1095
206093,0,0,0,99.99,0.0,0.0,0.0,0.0,0.0,0.0,0.0,0.0,0.0,0.0,0.0,0.0,-5.78,-5.92,-82.24,0.0,0.0,0.0,100.0,0,0,1095
206294,0,0,0,99.99,0.0,0.0,0.0,0.0,0.0,0.0,0.0,0.0,0.0,0.0,0.0,0.0,-5.8,-5.91,-82.23,0.0,0.0,0.0,100.0,0,0,1095
206503,0,0,0,99.99,0.0,0.0,0.0,0.0,0.0,0.0,0.0,0.0,0.0,0.0,0.0,0.0,-5.8,-5.92,-82.23,0.0,0.0,0.0,100.0,0,0,1099
206703,0,0,0,99.99,0.0,0.0,0.0,0.0,0.0,0.0,0.0,0.0,0.0,0.0,0.0,0.0,-5.81,-5.91,-82.24,0.0,0.0,0.0,99.9,0,0,1101
206903,0,0,0,99.99,0.0,0.0,0.0,0.0,0.0,0.0,0.0,0.0,0.0,0.0,0.0,0.0,-5.81,-5.92,-82.26,0.0,0.0,0.0,99.9,0,0,1101
207103,0,0,0,99.99,0.0,0.0,0.0,0.0,0.0,0.0,0.0,0.0,0.0,0.0,0.0,0.0,-5.8,-5.93,-82.23,0.0,0.0,0.0,99.9,0,0,1101
207303,0,0,0,99.99,0.0,0.0,0.0,0.0,0.0,0.0,0.0,0.0,0.0,0.0,0.0,0.0,-5.81,-5.93,-82.23,0.0,0.0,0.0,99.9,0,0,1101
207503,0,0,0,99.99,0.0,0.0,0.0,0.0,0.0,0.0,0.0,0.0,0.0,0.0,0.0,0.0,-5.81,-5.93,-82.23,0.0,0.0,0.0,99.9,0,0,1105
207703,0,0,0,99.99,0.0,0.0,0.0,0.0,0.0,0.0,0.0,0.0,0.0,0.0,0.0,0.0,-5.81,-5.94,-82.22,0.0,0.0,0.0,100.1,0,0,1107
207903,0,0,0,99.99,0.0,0.0,0.0,0.0,0.0,0.0,0.0,0.0,0.0,0.0,0.0,0.0,-5.8,-5.94,-82.21,0.0,0.0,0.0,100.1,0,0,1107
208103,0,0,0,99.99,0.0,0.0,0.0,0.0,0.0,0.0,0.0,0.0,0.0,0.0,0.0,0.0,-5.79,-5.94,-82.18,0.0,0.0,0.0,100.1,0,0,1107
208303,0,0,0,99.99,0.0,0.0,0.0,0.0,0.0,0.0,0.0,0.0,0.0,0.0,0.0,0.0,-5.8,-5.93,-82.19,0.0,0.0,0.0,100.1,0,0,1107
208503,0,0,0,99.99,0.0,0.0,0.0,0.0,0.0,0.0,0.0,0.0,0.0,0.0,0.0,0.0,-5.79,-5.94,-82.17,0.0,0.0,0.0,100.1,0,0,1111
208703,0,0,0,99.99,0.0,0.0,0.0,0.0,0.0,0.0,0.0,0.0,0.0,0.0,0.0,0.0,-5.79,-5.94,-82.15,0.0,0.0,0.0,100.0,0,0,1113
208903,0,0,0,99.99,0.0,0.0,0.0,0.0,0.0,0.0,0.0,0.0,0.0,0.0,0.0,0.0,-5.78,-5.93,-82.16,0.0,0.0,0.0,100.0,0,0,1113
209103,0,0,0,99.99,0.0,0.0,0.0,0.0,0.0,0.0,0.0,0.0,0.0,0.0,0.0,0.0,-5.78,-5.93,-82.16,0.0,0.0,0.0,100.0,0,0,1113
209303,0,0,0,99.99,0.0,0.0,0.0,0.0,0.0,0.0,0.0,0.0,0.0,0.0,0.0,0.0,-5.78,-5.92,-82.17,0.0,0.0,0.0,100.0,0,0,1113
209503,0,0,0,99.99,0.0,0.0,0.0,0.0,0.0,0.0,0.0,0.0,0.0,0.0,0.0,0.0,-5.78,-5.91,-82.17,0.0,0.0,0.0,100.0,0,0,1117
209703,0,0,0,99.99,0.0,0.0,0.0,0.0,0.0,0.0,0.0,0.0,0.0,0.0,0.0,0.0,-5.79,-5.91,-82.17,0.0,0.0,0.0,100.0,0,0,1119
209903,0,0,0,99.99,0.0,0.0,0.0,0.0,0.0,0.0,0.0,0.0,0.0,0.0,0.0,0.0,-5.79,-5.92,-82.17,0.0,0.0,0.0,100.0,0,0,1119
210103,0,0,0,99.99,0.0,0.0,0.0,0.0,0.0,0.0,0.0,0.0,0.0,0.0,0.0,0.0,-5.8,-5.92,-82.16,0.0,0.0,0.0,100.0,0,0,1119
210303,0,0,0,99.99,0.0,0.0,0.0,0.0,0.0,0.0,0.0,0.0,0.0,0.0,0.0,0.0,-5.83,-5.93,-82.15,0.0,0.0,0.0,100.0,0,0,1119
210503,0,0,0,99.99,0.0,0.0,0.0,0.0,0.0,0.0,0.0,0.0,0.0,0.0,0.0,0.0,-5.82,-5.93,-82.16,0.0,0.0,0.0,100.0,0,0,1123
210703,0,0,0,99.99,0.0,0.0,0.0,0.0,0.0,0.0,0.0,0.0,0.0,0.0,0.0,0.0,-5.82,-5.93,-82.17,0.0,0.0,0.0,100.0,0,0,1125
210903,0,0,0,99.99,0.0,0.0,0.0,0.0,0.0,0.0,0.0,0.0,0.0,0.0,0.0,0.0,-5.82,-5.93,-82.16,0.0,0.0,0.0,100.0,0,0,1125
211103,0,0,0,99.99,0.0,0.0,0.0,0.0,0.0,0.0,0.0,0.0,0.0,0.0,0.0,0.0,-5.82,-5.92,-82.15,0.0,0.0,0.0,100.0,0,0,1125
211303,0,0,0,99.99,0.0,0.0,0.0,0.0,0.0,0.0,0.0,0.0,0.0,0.0,0.0,0.0,-5.82,-5.91,-82.16,0.0,0.0,0.0,100.0,0,0,1125
211503,0,0,0,99.99,0.0,0.0,0.0,0.0,0.0,0.0,0.0,0.0,0.0,0.0,0.0,0.0,-5.82,-5.92,-82.17,0.0,0.0,0.0,100.0,0,0,1129
211703,0,0,0,99.99,0.0,0.0,0.0,0.0,0.0,0.0,0.0,0.0,0.0,0.0,0.0,0.0,-5.81,-5.91,-82.17,0.0,0.0,0.0,100.0,0,0,1131
211904,0,0,0,99.99,0.0,0.0,0.0,0.0,0.0,0.0,0.0,0.0,0.0,0.0,0.0,0.0,-5.81,-5.92,-82.17,0.0,0.0,0.0,100.0,0,0,1131
212113,0,0,0,99.99,0.0,0.0,0.0,0.0,0.0,0.0,0.0,0.0,0.0,0.0,0.0,0.0,-5.82,-5.92,-82.15,0.0,0.0,0.0,100.0,0,0,1131
212313,0,0,0,99.99,0.0,0.0,0.0,0.0,0.0,0.0,0.0,0.0,0.0,0.0,0.0,0.0,-5.81,-5.93,-82.15,0.0,0.0,0.0,100.0,0,0,1131
212513,0,0,0,99.99,0.0,0.0,0.0,0.0,0.0,0.0,0.0,0.0,0.0,0.0,0.0,0.0,-5.81,-5.93,-82.16,0.0,0.0,0.0,100.0,0,0,1136
212713,0,0,0,99.99,0.0,0.0,0.0,0.0,0.0,0.0,0.0,0.0,0.0,0.0,0.0,0.0,-5.81,-5.92,-82.17,0.0,0.0,0.0,99.9,0,0,1137
212913,0,0,0,99.99,0.0,0.0,0.0,0.0,0.0,0.0,0.0,0.0,0.0,0.0,0.0,0.0,-5.81,-5.93,-82.17,0.0,0.0,0.0,99.9,0,0,1137
213113,0,0,0,99.99,0.0,0.0,0.0,0.0,0.0,0.0,0.0,0.0,0.0,0.0,0.0,0.0,-5.82,-5.91,-82.15,0.0,0.0,0.0,99.9,0,0,1137
213313,0,0,0,99.99,0.0,0.0,0.0,0.0,0.0,0.0,0.0,0.0,0.0,0.0,0.0,0.0,-5.8,-5.91,-82.14,0.0,0.0,0.0,99.9,0,0,1137
213513,0,0,0,99.99,0.0,0.0,0.0,0.0,0.0,0.0,0.0,0.0,0.0,0.0,0.0,0.0,-5.83,-5.92,-82.14,0.0,0.0,0.0,99.9,0,0,1142
213713,0,0,0,99.99,0.0,0.0,0.0,0.0,0.0,0.0,0.0,0.0,0.0,0.0,0.0,0.0,-5.82,-5.93,-82.15,0.0,0.0,0.0,100.1,0,0,1143
213913,0,0,0,99.99,0.0,0.0,0.0,0.0,0.0,0.0,0.0,0.0,0.0,0.0,0.0,0.0,-5.81,-5.94,-82.15,0.0,0.0,0.0,100.1,0,0,1143
214113,0,0,0,99.99,0.0,0.0,0.0,0.0,0.0,0.0,0.0,0.0,0.0,0.0,0.0,0.0,-5.82,-5.93,-82.15,0.0,0.0,0.0,100.1,0,0,1143
214314,0,0,0,99.99,0.0,0.0,0.0,0.0,0.0,0.0,0.0,0.0,0.0,0.0,0.0,0.0,-5.82,-5.93,-82.16,0.0,0.0,0.0,100.1,0,0,1143
214526,0,0,0,99.99,0.0,0.0,0.0,0.0,0.0,0.0,0.0,0.0,0.0,0.0,0.0,0.0,-5.82,-5.94,-82.14,0.0,0.0,0.0,100.1,0,0,1148
214733,0,0,0,99.99,0.0,0.0,0.0,0.0,0.0,0.0,0.0,0.0,0.0,0.0,0.0,0.0,-5.82,-5.95,-82.13,0.0,0.0,0.0,100.0,0,0,1149
214933,0,0,0,99.99,0.0,0.0,0.0,0.0,0.0,0.0,0.0,0.0,0.0,0.0,0.0,0.0,-5.82,-5.93,-82.15,0.0,0.0,0.0,100.0,0,0,1149
215133,0,0,0,99.99,0.0,0.0,0.0,0.0,0.0,0.0,0.0,0.0,0.0,0.0,0.0,0.0,-5.82,-5.94,-82.17,0.0,0.0,0.0,100.0,0,0,1149
215333,0,0,0,99.99,0.0,0.0,0.0,0.0,0.0,0.0,0.0,0.0,0.0,0.0,0.0,0.0,-5.82,-5.94,-82.18,0.0,0.0,0.0,100.0,0,0,1149
215533,0,0,0,99.99,0.0,0.0,0.0,0.0,0.0,0.0,0.0,0.0,0.0,0.0,0.0,0.0,-5.83,-5.93,-82.17,0.0,0.0,0.0,100.0,0,0,1155
215733,0,0,0,99.99,0.0,0.0,0.0,0.0,0.0,0.0,0.0,0.0,0.0,0.0,0.0,0.0,-5.82,-5.92,-82.18,0.0,0.0,0.0,100.0,0,0,1155
215933,0,0,0,99.99,0.0,0.0,0.0,0.0,0.0,0.0,0.0,0.0,0.0,0.0,0.0,0.0,-5.82,-5.93,-82.17,0.0,0.0,0.0,100.0,0,0,1155
216133,0,0,0,99.99,0.0,0.0,0.0,0.0,0.0,0.0,0.0,0.0,0.0,0.0,0.0,0.0,-5.82,-5.93,-82.18,0.0,0.0,0.0,100.0,0,0,1155
216333,0,0,0,99.99,0.0,0.0,0.0,0.0,0.0,0.0,0.0,0.0,0.0,0.0,0.0,0.0,-5.8,-5.93,-82.16,0.0,0.0,0.0,100.0,0,0,1155
216533,0,0,0,99.99,0.0,0.0,0.0,0.0,0.0,0.0,0.0,0.0,0.0,0.0,0.0,0.0,-5.8,-5.93,-82.16,0.0,0.0,0.0,100.0,0,0,1161
216733,0,0,0,99.99,0.0,0.0,0.0,0.0,0.0,0.0,0.0,0.0,0.0,0.0,0.0,0.0,-5.8,-5.93,-82.16,0.0,0.0,0.0,100.0,0,0,1161
216933,0,0,0,99.99,0.0,0.0,0.0,0.0,0.0,0.0,0.0,0.0,0.0,0.0,0.0,0.0,-5.79,-5.93,-82.17,0.0,0.0,0.0,100.0,0,0,1161
217133,0,0,0,99.99,0.0,0.0,0.0,0.0,0.0,0.0,0.0,0.0,0.0,0.0,0.0,0.0,-5.8,-5.93,-82.16,0.0,0.0,0.0,100.0,0,0,1161
217333,0,0,0,99.99,0.0,0.0,0.0,0.0,0.0,0.0,0.0,0.0,0.0,0.0,0.0,0.0,-5.8,-5.93,-82.16,0.0,0.0,0.0,100.0,0,0,1161
217533,0,0,0,99.99,0.0,0.0,0.0,0.0,0.0,0.0,0.0,0.0,0.0,0.0,0.0,0.0,-5.81,-5.93,-82.18,0.0,0.0,0.0,100.0,0,0,1167
217733,0,0,0,99.99,0.0,0.0,0.0,0.0,0.0,0.0,0.0,0.0,0.0,0.0,0.0,0.0,-5.82,-5.93,-82.19,0.0,0.0,0.0,100.0,0,0,1167
217933,0,0,0,99.99,0.0,0.0,0.0,0.0,0.0,0.0,0.0,0.0,0.0,0.0,0.0,0.0,-5.82,-5.93,-82.22,0.0,0.0,0.0,100.0,0,0,1167
218133,0,0,0,99.99,0.0,0.0,0.0,0.0,0.0,0.0,0.0,0.0,0.0,0.0,0.0,0.0,-5.81,-5.94,-82.2,0.0,0.0,0.0,100.0,0,0,1167
218333,0,0,0,99.99,0.0,0.0,0.0,0.0,0.0,0.0,0.0,0.0,0.0,0.0,0.0,0.0,-5.82,-5.93,-82.19,0.0,0.0,0.0,100.0,0,0,1167
218533,0,0,0,99.99,0.0,0.0,0.0,0.0,0.0,0.0,0.0,0.0,0.0,0.0,0.0,0.0,-5.81,-5.93,-82.18,0.0,0.0,0.0,100.0,0,0,1173
218733,0,0,0,99.99,0.0,0.0,0.0,0.0,0.0,0.0,0.0,0.0,0.0,0.0,0.0,0.0,-5.82,-5.94,-82.18,0.0,0.0,0.0,100.0,0,0,1173
218933,0,0,0,99.99,0.0,0.0,0.0,0.0,0.0,0.0,0.0,0.0,0.0,0.0,0.0,0.0,-5.81,-5.97,-82.17,0.0,0.0,0.0,100.0,0,0,1173
219133,0,0,0,99.99,0.0,0.0,0.0,0.0,0.0,0.0,0.0,0.0,0.0,0.0,0.0,0.0,-5.83,-5.96,-82.17,0.0,0.0,0.0,100.0,0,0,1173
219333,0,0,0,99.99,0.0,0.0,0.0,0.0,0.0,0.0,0.0,0.0,0.0,0.0,0.0,0.0,-5.81,-5.95,-82.18,0.0,0.0,0.0,100.0,0,0,1173
219533,0,0,0,99.99,0.0,0.0,0.0,0.0,0.0,0.0,0.0,0.0,0.0,0.0,0.0,0.0,-5.81,-5.95,-82.19,0.0,0.0,0.0,100.0,0,0,1179
219733,0,0,0,99.99,0.0,0.0,0.0,0.0,0.0,0.0,0.0,0.0,0.0,0.0,0.0,0.0,-5.8,-5.95,-82.19,0.0,0.0,0.0,100.0,0,0,1179
219933,0,0,0,99.99,0.0,0.0,0.0,0.0,0.0,0.0,0.0,0.0,0.0,0.0,0.0,0.0,-5.81,-5.96,-82.2,0.0,0.0,0.0,100.0,0,0,1179
220133,0,0,0,99.99,0.0,0.0,0.0,0.0,0.0,0.0,0.0,0.0,0.0,0.0,0.0,0.0,-5.82,-5.95,-82.19,0.0,0.0,0.0,100.0,0,0,1179
220333,0,0,0,99.99,0.0,0.0,0.0,0.0,0.0,0.0,0.0,0.0,0.0,0.0,0.0,0.0,-5.82,-5.94,-82.2,0.0,0.0,0.0,100.0,0,0,1179
220533,0,0,0,99.99,0.0,0.0,0.0,0.0,0.0,0.0,0.0,0.0,0.0,0.0,0.0,0.0,-5.83,-5.95,-82.22,0.0,0.0,0.0,100.0,0,0,1185
220733,0,0,0,99.99,0.0,0.0,0.0,0.0,0.0,0.0,0.0,0.0,0.0,0.0,0.0,0.0,-5.83,-5.96,-82.19,0.0,0.0,0.0,100.0,0,0,1185
220933,0,0,0,99.99,0.0,0.0,0.0,0.0,0.0,0.0,0.0,0.0,0.0,0.0,0.0,0.0,-5.83,-5.96,-82.19,0.0,0.0,0.0,100.0,0,0,1185
221133,0,0,0,99.99,0.0,0.0,0.0,0.0,0.0,0.0,0.0,0.0,0.0,0.0,0.0,0.0,-5.82,-5.96,-82.2,0.0,0.0,0.0,100.0,0,0,1185
221333,0,0,0,99.99,0.0,0.0,0.0,0.0,0.0,0.0,0.0,0.0,0.0,0.0,0.0,0.0,-5.82,-5.96,-82.17,0.0,0.0,0.0,100.0,0,0,1185
221533,0,0,0,99.99,0.0,0.0,0.0,0.0,0.0,0.0,0.0,0.0,0.0,0.0,0.0,0.0,-5.81,-5.95,-82.19,0.0,0.0,0.0,100.0,0,0,1191
221733,0,0,0,99.99,0.0,0.0,0.0,0.0,0.0,0.0,0.0,0.0,0.0,0.0,0.0,0.0,-5.81,-5.95,-82.18,0.0,0.0,0.0,100.0,0,0,1191
221933,0,0,0,99.99,0.0,0.0,0.0,0.0,0.0,0.0,0.0,0.0,0.0,0.0,0.0,0.0,-5.81,-5.95,-82.15,0.0,0.0,0.0,100.0,0,0,1191
222133,0,0,0,99.99,0.0,0.0,0.0,0.0,0.0,0.0,0.0,0.0,0.0,0.0,0.0,0.0,-5.82,-5.94,-82.13,0.0,0.0,0.0,100.0,0,0,1191
222333,0,0,0,99.99,0.0,0.0,0.0,0.0,0.0,0.0,0.0,0.0,0.0,0.0,0.0,0.0,-5.81,-5.94,-82.1,0.0,0.0,0.0,100.0,0,0,1191
222533,0,0,0,99.99,0.0,0.0,0.0,0.0,0.0,0.0,0.0,0.0,0.0,0.0,0.0,0.0,-5.82,-5.93,-82.11,0.0,0.0,0.0,100.0,0,0,1197
222733,0,0,0,99.99,0.0,0.0,0.0,0.0,0.0,0.0,0.0,0.0,0.0,0.0,0.0,0.0,-5.81,-5.93,-82.12,0.0,0.0,0.0,100.0,0,0,1197
222933,0,0,0,99.99,0.0,0.0,0.0,0.0,0.0,0.0,0.0,0.0,0.0,0.0,0.0,0.0,-5.8,-5.92,-82.13,0.0,0.0,0.0,100.0,0,0,1197
223133,0,0,0,99.99,0.0,0.0,0.0,0.0,0.0,0.0,0.0,0.0,0.0,0.0,0.0,0.0,-5.81,-5.92,-82.14,0.0,0.0,0.0,100.0,0,0,1197
223333,0,0,0,99.99,0.0,0.0,0.0,0.0,0.0,0.0,0.0,0.0,0.0,0.0,0.0,0.0,-5.81,-5.93,-82.16,0.0,0.0,0.0,100.0,0,0,1197
223533,0,0,0,99.99,0.0,0.0,0.0,0.0,0.0,0.0,0.0,0.0,0.0,0.0,0.0,0.0,-5.82,-5.94,-82.16,0.0,0.0,0.0,100.0,0,0,1203
223733,0,0,0,99.99,0.0,0.0,0.0,0.0,0.0,0.0,0.0,0.0,0.0,0.0,0.0,0.0,-5.81,-5.93,-82.17,0.0,0.0,0.0,100.0,0,0,1203
223933,0,0,0,99.99,0.0,0.0,0.0,0.0,0.0,0.0,0.0,0.0,0.0,0.0,0.0,0.0,-5.81,-5.93,-82.17,0.0,0.0,0.0,100.0,0,0,1203
224133,0,0,0,99.99,0.0,0.0,0.0,0.0,0.0,0.0,0.0,0.0,0.0,0.0,0.0,0.0,-5.8,-5.93,-82.17,0.0,0.0,0.0,100.0,0,0,1203
224333,0,0,0,99.99,0.0,0.0,0.0,0.0,0.0,0.0,0.0,0.0,0.0,0.0,0.0,0.0,-5.8,-5.93,-82.16,0.0,0.0,0.0,100.0,0,0,1203
224533,0,0,0,99.99,0.0,0.0,0.0,0.0,0.0,0.0,0.0,0.0,0.0,0.0,0.0,0.0,-5.81,-5.94,-82.15,0.0,0.0,0.0,100.0,0,0,1209
224733,0,0,0,99.99,0.0,0.0,0.0,0.0,0.0,0.0,0.0,0.0,0.0,0.0,0.0,0.0,-5.81,-5.93,-82.15,0.0,0.0,0.0,100.0,0,0,1209
224933,0,0,0,99.99,0.0,0.0,0.0,0.0,0.0,0.0,0.0,0.0,0.0,0.0,0.0,0.0,-5.82,-5.92,-82.15,0.0,0.0,0.0,100.0,0,0,1209
225133,0,0,0,99.99,0.0,0.0,0.0,0.0,0.0,0.0,0.0,0.0,0.0,0.0,0.0,0.0,-5.81,-5.94,-82.13,0.0,0.0,0.0,100.0,0,0,1209
225333,0,0,0,99.99,0.0,0.0,0.0,0.0,0.0,0.0,0.0,0.0,0.0,0.0,0.0,0.0,-5.82,-5.95,-82.12,0.0,0.0,0.0,100.0,0,0,1209
225533,0,0,0,99.99,0.0,0.0,0.0,0.0,0.0,0.0,0.0,0.0,0.0,0.0,0.0,0.0,-5.82,-5.95,-82.11,0.0,0.0,0.0,100.0,0,0,1215
225733,0,0,0,99.99,0.0,0.0,0.0,0.0,0.0,0.0,0.0,0.0,0.0,0.0,0.0,0.0,-5.81,-5.94,-82.11,0.0,0.0,0.0,100.0,0,0,1215
225933,0,0,0,99.99,0.0,0.0,0.0,0.0,0.0,0.0,0.0,0.0,0.0,0.0,0.0,0.0,-5.82,-5.94,-82.1,0.0,0.0,0.0,100.0,0,0,1215
226133,0,0,0,99.99,0.0,0.0,0.0,0.0,0.0,0.0,0.0,0.0,0.0,0.0,0.0,0.0,-5.81,-5.94,-82.1,0.0,0.0,0.0,100.0,0,0,1215
226333,0,0,0,99.99,0.0,0.0,0.0,0.0,0.0,0.0,0.0,0.0,0.0,0.0,0.0,0.0,-5.81,-5.94,-82.1,0.0,0.0,0.0,100.0,0,0,1215
226534,0,0,0,99.99,0.0,0.0,0.0,0.0,0.0,0.0,0.0,0.0,0.0,0.0,0.0,0.0,-5.81,-5.94,-82.12,0.0,0.0,0.0,100.0,0,0,1221
226743,0,0,0,99.99,0.0,0.0,0.0,0.0,0.0,0.0,0.0,0.0,0.0,0.0,0.0,0.0,-5.81,-5.93,-82.14,0.0,0.0,0.0,100.0,0,0,1221
226943,0,0,0,99.99,0.0,0.0,0.0,0.0,0.0,0.0,0.0,0.0,0.0,0.0,0.0,0.0,-5.8,-5.92,-82.15,0.0,0.0,0.0,100.0,0,0,1221
227143,0,0,0,99.99,0.0,0.0,0.0,0.0,0.0,0.0,0.0,0.0,0.0,0.0,0.0,0.0,-5.8,-5.94,-82.14,0.0,0.0,0.0,100.0,0,0,1221
227343,0,0,0,99.99,0.0,0.0,0.0,0.0,0.0,0.0,0.0,0.0,0.0,0.0,0.0,0.0,-5.81,-5.95,-82.13,0.0,0.0,0.0,100.0,0,0,1221
227545,0,0,0,99.99,0.0,0.0,0.0,0.0,0.0,0.0,0.0,0.0,0.0,0.0,0.0,0.0,-5.81,-5.96,-82.14,0.0,0.0,0.0,100.0,0,0,1227
227753,0,0,0,99.99,0.0,0.0,0.0,0.0,0.0,0.0,0.0,0.0,0.0,0.0,0.0,0.0,-5.8,-5.96,-82.13,0.0,0.0,0.0,100.0,0,0,1227
227954,0,0,0,99.99,0.0,0.0,0.0,0.0,0.0,0.0,0.0,0.0,0.0,0.0,0.0,0.0,-5.79,-5.97,-82.12,0.0,0.0,0.0,100.0,0,0,1227
228163,0,0,0,99.99,0.0,0.0,0.0,0.0,0.0,0.0,0.0,0.0,0.0,0.0,0.0,0.0,-5.78,-5.96,-82.14,0.0,0.0,0.0,100.0,0,0,1227
228363,0,0,0,99.99,0.0,0.0,0.0,0.0,0.0,0.0,0.0,0.0,0.0,0.0,0.0,0.0,-5.78,-5.96,-82.15,0.0,0.0,0.0,100.0,0,0,1227
228563,0,0,0,99.99,0.0,0.0,0.0,0.0,0.0,0.0,0.0,0.0,0.0,0.0,0.0,0.0,-5.79,-5.95,-82.15,0.0,0.0,0.0,100.0,0,0,1233
228763,0,0,0,99.99,0.0,0.0,0.0,0.0,0.0,0.0,0.0,0.0,0.0,0.0,0.0,0.0,-5.8,-5.94,-82.16,0.0,0.0,0.0,100.0,0,0,1233
228963,0,0,0,99.99,0.0,0.0,0.0,0.0,0.0,0.0,0.0,0.0,0.0,0.0,0.0,0.0,-5.8,-5.94,-82.18,0.0,0.0,0.0,100.0,0,0,1233
229163,0,0,0,99.99,0.0,0.0,0.0,0.0,0.0,0.0,0.0,0.0,0.0,0.0,0.0,0.0,-5.79,-5.94,-82.2,0.0,0.0,0.0,100.0,0,0,1233
229363,0,0,0,99.99,0.0,0.0,0.0,0.0,0.0,0.0,0.0,0.0,0.0,0.0,0.0,0.0,-5.8,-5.94,-82.17,0.0,0.0,0.0,100.0,0,0,1233
229563,0,0,0,99.99,0.0,0.0,0.0,0.0,0.0,0.0,0.0,0.0,0.0,0.0,0.0,0.0,-5.8,-5.94,-82.17,0.0,0.0,0.0,100.0,0,0,1239
229763,0,0,0,99.99,0.0,0.0,0.0,0.0,0.0,0.0,0.0,0.0,0.0,0.0,0.0,0.0,-5.8,-5.93,-82.18,0.0,0.0,0.0,100.0,0,0,1239
229963,0,0,0,99.99,0.0,0.0,0.0,0.0,0.0,0.0,0.0,0.0,0.0,0.0,0.0,0.0,-5.79,-5.94,-82.19,0.0,0.0,0.0,100.0,0,0,1239
230163,0,0,0,99.99,0.0,0.0,0.0,0.0,0.0,0.0,0.0,0.0,0.0,0.0,0.0,0.0,-5.8,-5.95,-82.18,0.0,0.0,0.0,100.0,0,0,1239
230363,0,0,0,99.99,0.0,0.0,0.0,0.0,0.0,0.0,0.0,0.0,0.0,0.0,0.0,0.0,-5.8,-5.94,-82.2,0.0,0.0,0.0,100.0,0,0,1239
230563,0,0,0,99.99,0.0,0.0,0.0,0.0,0.0,0.0,0.0,0.0,0.0,0.0,0.0,0.0,-5.8,-5.93,-82.21,0.0,0.0,0.0,100.0,0,0,1245
230763,0,0,0,99.99,0.0,0.0,0.0,0.0,0.0,0.0,0.0,0.0,0.0,0.0,0.0,0.0,-5.81,-5.93,-82.21,0.0,0.0,0.0,100.0,0,0,1245
230963,0,0,0,99.99,0.0,0.0,0.0,0.0,0.0,0.0,0.0,0.0,0.0,0.0,0.0,0.0,-5.8,-5.94,-82.23,0.0,0.0,0.0,100.0,0,0,1245
231163,0,0,0,99.99,0.0,0.0,0.0,0.0,0.0,0.0,0.0,0.0,0.0,0.0,0.0,0.0,-5.81,-5.96,-82.2,0.0,0.0,0.0,100.0,0,0,1245
231364,0,0,0,99.99,0.0,0.0,0.0,0.0,0.0,0.0,0.0,0.0,0.0,0.0,0.0,0.0,-5.81,-5.95,-82.2,0.0,0.0,0.0,100.0,0,0,1245
231573,0,0,0,99.99,0.0,0.0,0.0,0.0,0.0,0.0,0.0,0.0,0.0,0.0,0.0,0.0,-5.82,-5.96,-82.19,0.0,0.0,0.0,100.0,0,0,1251
231773,0,0,0,99.99,0.0,0.0,0.0,0.0,0.0,0.0,0.0,0.0,0.0,0.0,0.0,0.0,-5.82,-5.96,-82.19,0.0,0.0,0.0,100.0,0,0,1251
231973,0,0,0,99.99,0.0,0.0,0.0,0.0,0.0,0.0,0.0,0.0,0.0,0.0,0.0,0.0,-5.82,-5.96,-82.21,0.0,0.0,0.0,100.0,0,0,1251
232173,0,0,0,99.99,0.0,0.0,0.0,0.0,0.0,0.0,0.0,0.0,0.0,0.0,0.0,0.0,-5.81,-5.96,-82.21,0.0,0.0,0.0,100.0,0,0,1251
232373,0,0,0,99.99,0.0,0.0,0.0,0.0,0.0,0.0,0.0,0.0,0.0,0.0,0.0,0.0,-5.81,-5.97,-82.19,0.0,0.0,0.0,100.0,0,0,1251
232573,0,0,0,99.99,0.0,0.0,0.0,0.0,0.0,0.0,0.0,0.0,0.0,0.0,0.0,0.0,-5.8,-5.97,-82.17,0.0,0.0,0.0,100.0,0,0,1257
232773,0,0,0,99.99,0.0,0.0,0.0,0.0,0.0,0.0,0.0,0.0,0.0,0.0,0.0,0.0,-5.8,-5.96,-82.17,0.0,0.0,0.0,100.0,0,0,1257
232973,0,0,0,99.99,0.0,0.0,0.0,0.0,0.0,0.0,0.0,0.0,0.0,0.0,0.0,0.0,-5.81,-5.97,-82.14,0.0,0.0,0.0,100.0,0,0,1257
233173,0,0,0,99.99,0.0,0.0,0.0,0.0,0.0,0.0,0.0,0.0,0.0,0.0,0.0,0.0,-5.8,-5.95,-82.15,0.0,0.0,0.0,100.0,0,0,1257
233373,0,0,0,99.99,0.0,0.0,0.0,0.0,0.0,0.0,0.0,0.0,0.0,0.0,0.0,0.0,-5.8,-5.96,-82.14,0.0,0.0,0.0,100.0,0,0,1257
233573,0,0,0,99.99,0.0,0.0,0.0,0.0,0.0,0.0,0.0,0.0,0.0,0.0,0.0,0.0,-5.8,-5.95,-82.14,0.0,0.0,0.0,100.0,0,0,1263
233773,0,0,0,99.99,0.0,0.0,0.0,0.0,0.0,0.0,0.0,0.0,0.0,0.0,0.0,0.0,-5.8,-5.96,-82.13,0.0,0.0,0.0,100.0,0,0,1263
233973,0,0,0,99.99,0.0,0.0,0.0,0.0,0.0,0.0,0.0,0.0,0.0,0.0,0.0,0.0,-5.79,-5.96,-82.14,0.0,0.0,0.0,100.0,0,0,1263
234173,0,0,0,99.99,0.0,0.0,0.0,0.0,0.0,0.0,0.0,0.0,0.0,0.0,0.0,0.0,-5.8,-5.97,-82.12,0.0,0.0,0.0,100.0,0,0,1263
234373,0,0,0,99.99,0.0,0.0,0.0,0.0,0.0,0.0,0.0,0.0,0.0,0.0,0.0,0.0,-5.81,-5.95,-82.12,0.0,0.0,0.0,100.0,0,0,1263
234573,0,0,0,99.99,0.0,0.0,0.0,0.0,0.0,0.0,0.0,0.0,0.0,0.0,0.0,0.0,-5.81,-5.94,-82.13,0.0,0.0,0.0,100.0,0,0,1269
234773,0,0,0,99.99,0.0,0.0,0.0,0.0,0.0,0.0,0.0,0.0,0.0,0.0,0.0,0.0,-5.8,-5.94,-82.14,0.0,0.0,0.0,100.0,0,0,1269
234973,0,0,0,99.99,0.0,0.0,0.0,0.0,0.0,0.0,0.0,0.0,0.0,0.0,0.0,0.0,-5.8,-5.93,-82.14,0.0,0.0,0.0,100.0,0,0,1269
235173,0,0,0,99.99,0.0,0.0,0.0,0.0,0.0,0.0,0.0,0.0,0.0,0.0,0.0,0.0,-5.81,-5.93,-82.14,0.0,0.0,0.0,100.0,0,0,1269
235373,0,0,0,99.99,0.0,0.0,0.0,0.0,0.0,0.0,0.0,0.0,0.0,0.0,0.0,0.0,-5.81,-5.95,-82.13,0.0,0.0,0.0,100.0,0,0,1269
235573,0,0,0,99.99,0.0,0.0,0.0,0.0,0.0,0.0,0.0,0.0,0.0,0.0,0.0,0.0,-5.8,-5.95,-82.12,0.0,0.0,0.0,100.0,0,0,1275
235773,0,0,0,99.99,0.0,0.0,0.0,0.0,0.0,0.0,0.0,0.0,0.0,0.0,0.0,0.0,-5.8,-5.94,-82.12,0.0,0.0,0.0,100.0,0,0,1275
235973,0,0,0,99.99,0.0,0.0,0.0,0.0,0.0,0.0,0.0,0.0,0.0,0.0,0.0,0.0,-5.81,-5.93,-82.12,0.0,0.0,0.0,100.0,0,0,1275
236173,0,0,0,99.99,0.0,0.0,0.0,0.0,0.0,0.0,0.0,0.0,0.0,0.0,0.0,0.0,-5.81,-5.96,-82.12,0.0,0.0,0.0,100.0,0,0,1275
236373,0,0,0,99.99,0.0,0.0,0.0,0.0,0.0,0.0,0.0,0.0,0.0,0.0,0.0,0.0,-5.81,-5.95,-82.12,0.0,0.0,0.0,100.0,0,0,1275
236573,0,0,0,99.99,0.0,0.0,0.0,0.0,0.0,0.0,0.0,0.0,0.0,0.0,0.0,0.0,-5.8,-5.94,-82.13,0.0,0.0,0.0,100.0,0,0,1281
236773,0,0,0,99.99,0.0,0.0,0.0,0.0,0.0,0.0,0.0,0.0,0.0,0.0,0.0,0.0,-5.81,-5.94,-82.14,0.0,0.0,0.0,100.0,0,0,1281
236973,0,0,0,99.99,0.0,0.0,0.0,0.0,0.0,0.0,0.0,0.0,0.0,0.0,0.0,0.0,-5.79,-5.92,-82.16,0.0,0.0,0.0,100.0,0,0,1281
237173,0,0,0,99.99,0.0,0.0,0.0,0.0,0.0,0.0,0.0,0.0,0.0,0.0,0.0,0.0,-5.8,-5.94,-82.19,0.0,0.0,0.0,100.0,0,0,1281
237373,0,0,0,99.99,0.0,0.0,0.0,0.0,0.0,0.0,0.0,0.0,0.0,0.0,0.0,0.0,-5.81,-5.94,-82.17,0.0,0.0,0.0,100.0,0,0,1281
237573,0,0,0,99.99,0.0,0.0,0.0,0.0,0.0,0.0,0.0,0.0,0.0,0.0,0.0,0.0,-5.8,-5.93,-82.19,0.0,0.0,0.0,100.0,0,0,1287
237773,0,0,0,99.99,0.0,0.0,0.0,0.0,0.0,0.0,0.0,0.0,0.0,0.0,0.0,0.0,-5.81,-5.93,-82.2,0.0,0.0,0.0,100.0,0,0,1287
237973,0,0,0,99.99,0.0,0.0,0.0,0.0,0.0,0.0,0.0,0.0,0.0,0.0,0.0,0.0,-5.8,-5.92,-82.19,0.0,0.0,0.0,100.0,0,0,1287
238173,0,0,0,99.99,0.0,0.0,0.0,0.0,0.0,0.0,0.0,0.0,0.0,0.0,0.0,0.0,-5.81,-5.93,-82.18,0.0,0.0,0.0,100.0,0,0,1287
238373,0,0,0,99.99,0.0,0.0,0.0,0.0,0.0,0.0,0.0,0.0,0.0,0.0,0.0,0.0,-5.81,-5.94,-82.19,0.0,0.0,0.0,100.0,0,0,1287
238573,0,0,0,99.99,0.0,0.0,0.0,0.0,0.0,0.0,0.0,0.0,0.0,0.0,0.0,0.0,-5.82,-5.94,-82.17,0.0,0.0,0.0,100.0,0,0,1293
238773,0,0,0,99.99,0.0,0.0,0.0,0.0,0.0,0.0,0.0,0.0,0.0,0.0,0.0,0.0,-5.83,-5.93,-82.17,0.0,0.0,0.0,100.0,0,0,1293
238973,0,0,0,99.99,0.0,0.0,0.0,0.0,0.0,0.0,0.0,0.0,0.0,0.0,0.0,0.0,-5.81,-5.96,-82.18,0.0,0.0,0.0,100.0,0,0,1293
239173,0,0,0,99.99,0.0,0.0,0.0,0.0,0.0,0.0,0.0,0.0,0.0,0.0,0.0,0.0,-5.81,-5.94,-82.19,0.0,0.0,0.0,100.0,0,0,1293
239373,0,0,0,99.99,0.0,0.0,0.0,0.0,0.0,0.0,0.0,0.0,0.0,0.0,0.0,0.0,-5.81,-5.93,-82.19,0.0,0.0,0.0,100.0,0,0,1293
239573,0,0,0,99.99,0.0,0.0,0.0,0.0,0.0,0.0,0.0,0.0,0.0,0.0,0.0,0.0,-5.8,-5.92,-82.19,0.0,0.0,0.0,100.0,0,0,1299
239773,0,0,0,99.99,0.0,0.0,0.0,0.0,0.0,0.0,0.0,0.0,0.0,0.0,0.0,0.0,-5.81,-5.95,-82.2,0.0,0.0,0.0,100.0,0,0,1299
239973,0,0,0,99.99,0.0,0.0,0.0,0.0,0.0,0.0,0.0,0.0,0.0,0.0,0.0,0.0,-5.8,-5.94,-82.19,0.0,0.0,0.0,100.0,0,0,1299
240173,0,0,0,99.99,0.0,0.0,0.0,0.0,0.0,0.0,0.0,0.0,0.0,0.0,0.0,0.0,-5.8,-5.96,-82.17,0.0,0.0,0.0,100.0,0,0,1299
240373,0,0,0,99.99,0.0,0.0,0.0,0.0,0.0,0.0,0.0,0.0,0.0,0.0,0.0,0.0,-5.8,-5.96,-82.17,0.0,0.0,0.0,100.0,0,0,1299
240573,0,0,0,99.99,0.0,0.0,0.0,0.0,0.0,0.0,0.0,0.0,0.0,0.0,0.0,0.0,-5.8,-5.95,-82.19,0.0,0.0,0.0,100.0,0,0,1305
240773,0,0,0,99.99,0.0,0.0,0.0,0.0,0.0,0.0,0.0,0.0,0.0,0.0,0.0,0.0,-5.83,-5.95,-82.17,0.0,0.0,0.0,100.0,0,0,1305
240973,0,0,0,99.99,0.0,0.0,0.0,0.0,0.0,0.0,0.0,0.0,0.0,0.0,0.0,0.0,-5.82,-5.96,-82.16,0.0,0.0,0.0,100.0,0,0,1305
241173,0,0,0,99.99,0.0,0.0,0.0,0.0,0.0,0.0,0.0,0.0,0.0,0.0,0.0,0.0,-5.83,-5.94,-82.18,0.0,0.0,0.0,100.0,0,0,1305
241373,0,0,0,99.99,0.0,0.0,0.0,0.0,0.0,0.0,0.0,0.0,0.0,0.0,0.0,0.0,-5.83,-5.95,-82.16,0.0,0.0,0.0,100.0,0,0,1305
241573,0,0,0,99.99,0.0,0.0,0.0,0.0,0.0,0.0,0.0,0.0,0.0,0.0,0.0,0.0,-5.83,-5.94,-82.17,0.0,0.0,0.0,100.0,0,0,1311
241773,0,0,0,99.99,0.0,0.0,0.0,0.0,0.0,0.0,0.0,0.0,0.0,0.0,0.0,0.0,-5.82,-5.95,-82.17,0.0,0.0,0.0,100.0,0,0,1311
241973,0,0,0,99.99,0.0,0.0,0.0,0.0,0.0,0.0,0.0,0.0,0.0,0.0,0.0,0.0,-5.82,-5.95,-82.13,0.0,0.0,0.0,100.0,0,0,1311
242173,0,0,0,99.99,0.0,0.0,0.0,0.0,0.0,0.0,0.0,0.0,0.0,0.0,0.0,0.0,-5.83,-5.94,-82.15,0.0,0.0,0.0,100.0,0,0,1311
242374,0,0,0,99.99,0.0,0.0,0.0,0.0,0.0,0.0,0.0,0.0,0.0,0.0,0.0,0.0,-5.82,-5.95,-82.14,0.0,0.0,0.0,100.0,0,0,1311
242583,0,0,0,99.99,0.0,0.0,0.0,0.0,0.0,0.0,0.0,0.0,0.0,0.0,0.0,0.0,-5.84,-5.97,-82.14,0.0,0.0,0.0,100.0,0,0,1317
242783,0,0,0,99.99,0.0,0.0,0.0,0.0,0.0,0.0,0.0,0.0,0.0,0.0,0.0,0.0,-5.84,-5.97,-82.15,0.0,0.0,0.0,100.0,0,0,1317
242983,0,0,0,99.99,0.0,0.0,0.0,0.0,0.0,0.0,0.0,0.0,0.0,0.0,0.0,0.0,-5.84,-5.97,-82.16,0.0,0.0,0.0,100.0,0,0,1317
243183,0,0,0,99.99,0.0,0.0,0.0,0.0,0.0,0.0,0.0,0.0,0.0,0.0,0.0,0.0,-5.84,-5.97,-82.15,0.0,0.0,0.0,100.0,0,0,1317
243383,0,0,0,99.99,0.0,0.0,0.0,0.0,0.0,0.0,0.0,0.0,0.0,0.0,0.0,0.0,-5.84,-5.96,-82.13,0.0,0.0,0.0,100.0,0,0,1317
243583,0,0,0,99.99,0.0,0.0,0.0,0.0,0.0,0.0,0.0,0.0,0.0,0.0,0.0,0.0,-5.83,-5.96,-82.13,0.0,0.0,0.0,100.0,0,0,1323
243783,0,0,0,99.99,0.0,0.0,0.0,0.0,0.0,0.0,0.0,0.0,0.0,0.0,0.0,0.0,-5.83,-5.94,-82.14,0.0,0.0,0.0,100.0,0,0,1323
243983,0,0,0,99.99,0.0,0.0,0.0,0.0,0.0,0.0,0.0,0.0,0.0,0.0,0.0,0.0,-5.84,-5.93,-82.14,0.0,0.0,0.0,100.0,0,0,1323
244183,0,0,0,99.99,0.0,0.0,0.0,0.0,0.0,0.0,0.0,0.0,0.0,0.0,0.0,0.0,-5.83,-5.95,-82.11,0.0,0.0,0.0,100.0,0,0,1323
244383,0,0,0,99.99,0.0,0.0,0.0,0.0,0.0,0.0,0.0,0.0,0.0,0.0,0.0,0.0,-5.82,-5.96,-82.12,0.0,0.0,0.0,100.0,0,0,1323
244583,0,0,0,99.99,0.0,0.0,0.0,0.0,0.0,0.0,0.0,0.0,0.0,0.0,0.0,0.0,-5.82,-5.97,-82.12,0.0,0.0,0.0,100.0,0,0,1329
244783,0,0,0,99.99,0.0,0.0,0.0,0.0,0.0,0.0,0.0,0.0,0.0,0.0,0.0,0.0,-5.82,-5.98,-82.13,0.0,0.0,0.0,100.0,0,0,1329
244983,0,0,0,99.99,0.0,0.0,0.0,0.0,0.0,0.0,0.0,0.0,0.0,0.0,0.0,0.0,-5.82,-5.96,-82.12,0.0,0.0,0.0,100.0,0,0,1329
245183,0,0,0,99.99,0.0,0.0,0.0,0.0,0.0,0.0,0.0,0.0,0.0,0.0,0.0,0.0,-5.82,-5.96,-82.14,0.0,0.0,0.0,100.0,0,0,1329
245383,0,0,0,99.99,0.0,0.0,0.0,0.0,0.0,0.0,0.0,0.0,0.0,0.0,0.0,0.0,-5.83,-5.97,-82.12,0.0,0.0,0.0,100.0,0,0,1329
245583,0,0,0,99.99,0.0,0.0,0.0,0.0,0.0,0.0,0.0,0.0,0.0,0.0,0.0,0.0,-5.83,-5.98,-82.11,0.0,0.0,0.0,99.9,0,0,1335
245783,0,0,0,99.99,0.0,0.0,0.0,0.0,0.0,0.0,0.0,0.0,0.0,0.0,0.0,0.0,-5.82,-5.96,-82.13,0.0,0.0,0.0,99.9,0,0,1335
245983,0,0,0,99.99,0.0,0.0,0.0,0.0,0.0,0.0,0.0,0.0,0.0,0.0,0.0,0.0,-5.82,-5.95,-82.13,0.0,0.0,0.0,99.9,0,0,1335
246183,0,0,0,99.99,0.0,0.0,0.0,0.0,0.0,0.0,0.0,0.0,0.0,0.0,0.0,0.0,-5.83,-5.94,-82.11,0.0,0.0,0.0,99.9,0,0,1335
246383,0,0,0,99.99,0.0,0.0,0.0,0.0,0.0,0.0,0.0,0.0,0.0,0.0,0.0,0.0,-5.83,-5.95,-82.1,0.0,0.0,0.0,99.9,0,0,1335
246583,0,0,0,99.99,0.0,0.0,0.0,0.0,0.0,0.0,0.0,0.0,0.0,0.0,0.0,0.0,-5.82,-5.93,-82.09,0.0,0.0,0.0,100.1,0,0,1341
246783,0,0,0,99.99,0.0,0.0,0.0,0.0,0.0,0.0,0.0,0.0,0.0,0.0,0.0,0.0,-5.82,-5.92,-82.1,0.0,0.0,0.0,100.1,0,0,1341
246983,0,0,0,99.99,0.0,0.0,0.0,0.0,0.0,0.0,0.0,0.0,0.0,0.0,0.0,0.0,-5.83,-5.94,-82.11,0.0,0.0,0.0,100.1,0,0,1341
247183,0,0,0,99.99,0.0,0.0,0.0,0.0,0.0,0.0,0.0,0.0,0.0,0.0,0.0,0.0,-5.83,-5.94,-82.12,0.0,0.0,0.0,100.1,0,0,1341
247383,0,0,0,99.99,0.0,0.0,0.0,0.0,0.0,0.0,0.0,0.0,0.0,0.0,0.0,0.0,-5.84,-5.95,-82.12,0.0,0.0,0.0,100.1,0,0,1341
247583,0,0,0,99.99,0.0,0.0,0.0,0.0,0.0,0.0,0.0,0.0,0.0,0.0,0.0,0.0,-5.83,-5.94,-82.14,0.0,0.0,0.0,100.0,0,0,1347
247783,0,0,0,99.99,0.0,0.0,0.0,0.0,0.0,0.0,0.0,0.0,0.0,0.0,0.0,0.0,-5.82,-5.93,-82.15,0.0,0.0,0.0,100.0,0,0,1347
247983,0,0,0,99.99,0.0,0.0,0.0,0.0,0.0,0.0,0.0,0.0,0.0,0.0,0.0,0.0,-5.83,-5.94,-82.15,0.0,0.0,0.0,100.0,0,0,1347
248183,0,0,0,99.99,0.0,0.0,0.0,0.0,0.0,0.0,0.0,0.0,0.0,0.0,0.0,0.0,-5.82,-5.96,-82.15,0.0,0.0,0.0,100.0,0,0,1347
248383,0,0,0,99.99,0.0,0.0,0.0,0.0,0.0,0.0,0.0,0.0,0.0,0.0,0.0,0.0,-5.79,-5.93,-82.15,0.0,0.0,0.0,100.0,0,0,1347
248583,0,0,0,99.99,0.0,0.0,0.0,0.0,0.0,0.0,0.0,0.0,0.0,0.0,0.0,0.0,-5.81,-5.95,-82.15,0.0,0.0,0.0,100.0,0,0,1353
248783,0,0,0,99.99,0.0,0.0,0.0,0.0,0.0,0.0,0.0,0.0,0.0,0.0,0.0,0.0,-5.81,-5.95,-82.18,0.0,0.0,0.0,100.0,0,0,1353
248983,0,0,0,99.99,0.0,0.0,0.0,0.0,0.0,0.0,0.0,0.0,0.0,0.0,0.0,0.0,-5.83,-5.96,-82.18,0.0,0.0,0.0,100.0,0,0,1353
249183,0,0,0,99.99,0.0,0.0,0.0,0.0,0.0,0.0,0.0,0.0,0.0,0.0,0.0,0.0,-5.84,-5.99,-82.17,0.0,0.0,0.0,100.0,0,0,1353
249383,0,0,0,99.99,0.0,0.0,0.0,0.0,0.0,0.0,0.0,0.0,0.0,0.0,0.0,0.0,-5.83,-5.98,-82.16,0.0,0.0,0.0,100.0,0,0,1353
249583,0,0,0,99.99,0.0,0.0,0.0,0.0,0.0,0.0,0.0,0.0,0.0,0.0,0.0,0.0,-5.83,-5.97,-82.17,0.0,0.0,0.0,100.0,0,0,1359
249783,0,0,0,99.99,0.0,0.0,0.0,0.0,0.0,0.0,0.0,0.0,0.0,0.0,0.0,0.0,-5.83,-5.99,-82.17,0.0,0.0,0.0,100.0,0,0,1359
249983,0,0,0,99.99,0.0,0.0,0.0,0.0,0.0,0.0,0.0,0.0,0.0,0.0,0.0,0.0,-5.83,-5.99,-82.17,0.0,0.0,0.0,100.0,0,0,1359
250183,0,0,0,99.99,0.0,0.0,0.0,0.0,0.0,0.0,0.0,0.0,0.0,0.0,0.0,0.0,-5.83,-5.98,-82.16,0.0,0.0,0.0,100.0,0,0,1359
250384,0,0,0,99.99,0.0,0.0,0.0,0.0,0.0,0.0,0.0,0.0,0.0,0.0,0.0,0.0,-5.83,-5.99,-82.17,0.0,0.0,0.0,100.0,0,0,1359
250593,0,0,0,99.99,0.0,0.0,0.0,0.0,0.0,0.0,0.0,0.0,0.0,0.0,0.0,0.0,-5.84,-5.99,-82.15,0.0,0.0,0.0,100.0,0,0,1365
250793,0,0,0,99.99,0.0,0.0,0.0,0.0,0.0,0.0,0.0,0.0,0.0,0.0,0.0,0.0,-5.84,-5.98,-82.14,0.0,0.0,0.0,100.0,0,0,1365
250993,0,0,0,99.99,0.0,0.0,0.0,0.0,0.0,0.0,0.0,0.0,0.0,0.0,0.0,0.0,-5.83,-6.01,-82.15,0.0,0.0,0.0,100.0,0,0,1365
251193,0,0,0,99.99,0.0,0.0,0.0,0.0,0.0,0.0,0.0,0.0,0.0,0.0,0.0,0.0,-5.82,-5.97,-82.15,0.0,0.0,0.0,100.0,0,0,1365
251393,0,0,0,99.99,0.0,0.0,0.0,0.0,0.0,0.0,0.0,0.0,0.0,0.0,0.0,0.0,-5.81,-5.99,-82.15,0.0,0.0,0.0,100.0,0,0,1366
251593,0,0,0,99.99,0.0,0.0,0.0,0.0,0.0,0.0,0.0,0.0,0.0,0.0,0.0,0.0,-5.82,-5.95,-82.13,0.0,0.0,0.0,100.0,0,0,1371
251793,0,0,0,99.99,0.0,0.0,0.0,0.0,0.0,0.0,0.0,0.0,0.0,0.0,0.0,0.0,-5.81,-5.95,-82.12,0.0,0.0,0.0,100.0,0,0,1371
251993,0,0,0,99.99,0.0,0.0,0.0,0.0,0.0,0.0,0.0,0.0,0.0,0.0,0.0,0.0,-5.8,-5.97,-82.12,0.0,0.0,0.0,100.0,0,0,1371
252193,0,0,0,99.99,0.0,0.0,0.0,0.0,0.0,0.0,0.0,0.0,0.0,0.0,0.0,0.0,-5.8,-5.95,-82.12,0.0,0.0,0.0,100.0,0,0,1371
252393,0,0,0,99.99,0.0,0.0,0.0,0.0,0.0,0.0,0.0,0.0,0.0,0.0,0.0,0.0,-5.8,-5.93,-82.11,0.0,0.0,0.0,100.0,0,0,1372
252593,0,0,0,99.99,0.0,0.0,0.0,0.0,0.0,0.0,0.0,0.0,0.0,0.0,0.0,0.0,-5.79,-5.92,-82.11,0.0,0.0,0.0,100.0,0,0,1377
252793,0,0,0,99.99,0.0,0.0,0.0,0.0,0.0,0.0,0.0,0.0,0.0,0.0,0.0,0.0,-5.79,-5.94,-82.11,0.0,0.0,0.0,100.0,0,0,1377
252993,0,0,0,99.99,0.0,0.0,0.0,0.0,0.0,0.0,0.0,0.0,0.0,0.0,0.0,0.0,-5.8,-5.96,-82.11,0.0,0.0,0.0,100.0,0,0,1377
253193,0,0,0,99.99,0.0,0.0,0.0,0.0,0.0,0.0,0.0,0.0,0.0,0.0,0.0,0.0,-5.8,-5.95,-82.12,0.0,0.0,0.0,100.0,0,0,1377
253393,0,0,0,99.99,0.0,0.0,0.0,0.0,0.0,0.0,0.0,0.0,0.0,0.0,0.0,0.0,-5.8,-5.95,-82.13,0.0,0.0,0.0,100.0,0,0,1378
253593,0,0,0,99.99,0.0,0.0,0.0,0.0,0.0,0.0,0.0,0.0,0.0,0.0,0.0,0.0,-5.81,-5.96,-82.13,0.0,0.0,0.0,100.0,0,0,1383
253793,0,0,0,99.99,0.0,0.0,0.0,0.0,0.0,0.0,0.0,0.0,0.0,0.0,0.0,0.0,-5.83,-5.97,-82.1,0.0,0.0,0.0,100.0,0,0,1383
253994,0,0,0,99.99,0.0,0.0,0.0,0.0,0.0,0.0,0.0,0.0,0.0,0.0,0.0,0.0,-5.82,-5.96,-82.12,0.0,0.0,0.0,100.0,0,0,1383
254203,0,0,0,99.99,0.0,0.0,0.0,0.0,0.0,0.0,0.0,0.0,0.0,0.0,0.0,0.0,-5.82,-5.95,-82.13,0.0,0.0,0.0,100.0,0,0,1383
254403,0,0,0,99.99,0.0,0.0,0.0,0.0,0.0,0.0,0.0,0.0,0.0,0.0,0.0,0.0,-5.82,-5.95,-82.14,0.0,0.0,0.0,100.0,0,0,1384
254603,0,0,0,99.99,0.0,0.0,0.0,0.0,0.0,0.0,0.0,0.0,0.0,0.0,0.0,0.0,-5.81,-5.95,-82.13,0.0,0.0,0.0,100.0,0,0,1389
254803,0,0,0,99.99,0.0,0.0,0.0,0.0,0.0,0.0,0.0,0.0,0.0,0.0,0.0,0.0,-5.81,-5.95,-82.13,0.0,0.0,0.0,100.0,0,0,1389
255003,0,0,0,99.99,0.0,0.0,0.0,0.0,0.0,0.0,0.0,0.0,0.0,0.0,0.0,0.0,-5.81,-5.96,-82.13,0.0,0.0,0.0,100.0,0,0,1389
255203,0,0,0,99.99,0.0,0.0,0.0,0.0,0.0,0.0,0.0,0.0,0.0,0.0,0.0,0.0,-5.81,-5.97,-82.13,0.0,0.0,0.0,100.0,0,0,1389
255403,0,0,0,99.99,0.0,0.0,0.0,0.0,0.0,0.0,0.0,0.0,0.0,0.0,0.0,0.0,-5.82,-5.96,-82.14,0.0,0.0,0.0,100.0,0,0,1390
255603,0,0,0,99.99,0.0,0.0,0.0,0.0,0.0,0.0,0.0,0.0,0.0,0.0,0.0,0.0,-5.82,-5.96,-82.12,0.0,0.0,0.0,100.0,0,0,1395
255804,0,0,0,99.99,0.0,0.0,0.0,0.0,0.0,0.0,0.0,0.0,0.0,0.0,0.0,0.0,-5.83,-5.97,-82.14,0.0,0.0,0.0,100.0,0,0,1395
256013,0,0,0,99.99,0.0,0.0,0.0,0.0,0.0,0.0,0.0,0.0,0.0,0.0,0.0,0.0,-5.82,-5.96,-82.15,0.0,0.0,0.0,100.0,0,0,1395
256213,0,0,0,99.99,0.0,0.0,0.0,0.0,0.0,0.0,0.0,0.0,0.0,0.0,0.0,0.0,-5.8,-5.95,-82.15,0.0,0.0,0.0,100.0,0,0,1395
256413,0,0,0,99.99,0.0,0.0,0.0,0.0,0.0,0.0,0.0,0.0,0.0,0.0,0.0,0.0,-5.8,-5.97,-82.13,0.0,0.0,0.0,100.0,0,0,1397
256613,0,0,0,99.99,0.0,0.0,0.0,0.0,0.0,0.0,0.0,0.0,0.0,0.0,0.0,0.0,-5.81,-5.98,-82.1,0.0,0.0,0.0,100.0,0,0,1401
256813,0,0,0,99.99,0.0,0.0,0.0,0.0,0.0,0.0,0.0,0.0,0.0,0.0,0.0,0.0,-5.82,-5.97,-82.12,0.0,0.0,0.0,100.0,0,0,1401
257013,0,0,0,99.99,0.0,0.0,0.0,0.0,0.0,0.0,0.0,0.0,0.0,0.0,0.0,0.0,-5.82,-5.99,-82.15,0.0,0.0,0.0,100.0,0,0,1401
257213,0,0,0,99.99,0.0,0.0,0.0,0.0,0.0,0.0,0.0,0.0,0.0,0.0,0.0,0.0,-5.81,-5.99,-82.14,0.0,0.0,0.0,100.0,0,0,1401
257413,0,0,0,99.99,0.0,0.0,0.0,0.0,0.0,0.0,0.0,0.0,0.0,0.0,0.0,0.0,-5.8,-5.99,-82.14,0.0,0.0,0.0,100.0,0,0,1403
257613,0,0,0,99.99,0.0,0.0,0.0,0.0,0.0,0.0,0.0,0.0,0.0,0.0,0.0,0.0,-5.79,-6.01,-82.15,0.0,0.0,0.0,100.0,0,0,1407
257813,0,0,0,99.99,0.0,0.0,0.0,0.0,0.0,0.0,0.0,0.0,0.0,0.0,0.0,0.0,-5.79,-6.01,-82.14,0.0,0.0,0.0,100.0,0,0,1407
258013,0,0,0,99.99,0.0,0.0,0.0,0.0,0.0,0.0,0.0,0.0,0.0,0.0,0.0,0.0,-5.79,-6.01,-82.13,0.0,0.0,0.0,100.0,0,0,1407
258213,0,0,0,99.99,0.0,0.0,0.0,0.0,0.0,0.0,0.0,0.0,0.0,0.0,0.0,0.0,-5.8,-6.01,-82.15,0.0,0.0,0.0,100.0,0,0,1407
258414,0,0,0,99.99,0.0,0.0,0.0,0.0,0.0,0.0,0.0,0.0,0.0,0.0,0.0,0.0,-5.8,-5.99,-82.15,0.0,0.0,0.0,100.0,0,0,1409
258623,0,0,0,99.99,0.0,0.0,0.0,0.0,0.0,0.0,0.0,0.0,0.0,0.0,0.0,0.0,-5.8,-6.0,-82.15,0.0,0.0,0.0,100.0,0,0,1413
258823,0,0,0,99.99,0.0,0.0,0.0,0.0,0.0,0.0,0.0,0.0,0.0,0.0,0.0,0.0,-5.8,-6.0,-82.14,0.0,0.0,0.0,100.0,0,0,1413
259023,0,0,0,99.99,0.0,0.0,0.0,0.0,0.0,0.0,0.0,0.0,0.0,0.0,0.0,0.0,-5.8,-5.99,-82.12,0.0,0.0,0.0,100.0,0,0,1413
259223,0,0,0,99.99,0.0,0.0,0.0,0.0,0.0,0.0,0.0,0.0,0.0,0.0,0.0,0.0,-5.8,-5.98,-82.13,0.0,0.0,0.0,100.0,0,0,1413
259427,0,0,0,99.99,0.0,0.0,0.0,0.0,0.0,0.0,0.0,0.0,0.0,0.0,0.0,0.0,-5.8,-5.97,-82.14,0.0,0.0,0.0,100.0,0,0,1415
259633,0,0,0,99.99,0.0,0.0,0.0,0.0,0.0,0.0,0.0,0.0,0.0,0.0,0.0,0.0,-5.79,-5.99,-82.14,0.0,0.0,0.0,100.0,0,0,1419
259833,0,0,0,99.99,0.0,0.0,0.0,0.0,0.0,0.0,0.0,0.0,0.0,0.0,0.0,0.0,-5.79,-6.0,-82.13,0.0,0.0,0.0,100.0,0,0,1419
260033,0,0,0,99.99,0.0,0.0,0.0,0.0,0.0,0.0,0.0,0.0,0.0,0.0,0.0,0.0,-5.79,-6.0,-82.12,0.0,0.0,0.0,100.0,0,0,1419
260233,0,0,0,99.99,0.0,0.0,0.0,0.0,0.0,0.0,0.0,0.0,0.0,0.0,0.0,0.0,-5.8,-6.0,-82.12,0.0,0.0,0.0,100.0,0,0,1419
260433,0,0,0,99.99,0.0,0.0,0.0,0.0,0.0,0.0,0.0,0.0,0.0,0.0,0.0,0.0,-5.8,-5.99,-82.14,0.0,0.0,0.0,100.0,0,0,1421
260633,0,0,0,99.99,0.0,0.0,0.0,0.0,0.0,0.0,0.0,0.0,0.0,0.0,0.0,0.0,-5.79,-6.01,-82.15,0.0,0.0,0.0,100.0,0,0,1425
260833,0,0,0,99.99,0.0,0.0,0.0,0.0,0.0,0.0,0.0,0.0,0.0,0.0,0.0,0.0,-5.8,-6.0,-82.15,0.0,0.0,0.0,100.0,0,0,1425
261033,0,0,0,99.99,0.0,0.0,0.0,0.0,0.0,0.0,0.0,0.0,0.0,0.0,0.0,0.0,-5.81,-5.99,-82.16,0.0,0.0,0.0,100.0,0,0,1425
261233,0,0,0,99.99,0.0,0.0,0.0,0.0,0.0,0.0,0.0,0.0,0.0,0.0,0.0,0.0,-5.82,-6.01,-82.17,0.0,0.0,0.0,100.0,0,0,1425
261433,0,0,0,99.99,0.0,0.0,0.0,0.0,0.0,0.0,0.0,0.0,0.0,0.0,0.0,0.0,-5.79,-5.99,-82.14,0.0,0.0,0.0,100.0,0,0,1427
261633,0,0,0,99.99,0.0,0.0,0.0,0.0,0.0,0.0,0.0,0.0,0.0,0.0,0.0,0.0,-5.79,-5.99,-82.12,0.0,0.0,0.0,100.0,0,0,1431
261833,0,0,0,99.99,0.0,0.0,0.0,0.0,0.0,0.0,0.0,0.0,0.0,0.0,0.0,0.0,-5.79,-6.02,-82.13,0.0,0.0,0.0,100.0,0,0,1431
262033,0,0,0,99.99,0.0,0.0,0.0,0.0,0.0,0.0,0.0,0.0,0.0,0.0,0.0,0.0,-5.8,-6.02,-82.13,0.0,0.0,0.0,100.0,0,0,1431
262233,0,0,0,99.99,0.0,0.0,0.0,0.0,0.0,0.0,0.0,0.0,0.0,0.0,0.0,0.0,-5.81,-6.03,-82.11,0.0,0.0,0.0,100.0,0,0,1431
262433,0,0,0,99.99,0.0,0.0,0.0,0.0,0.0,0.0,0.0,0.0,0.0,0.0,0.0,0.0,-5.81,-6.0,-82.13,0.0,0.0,0.0,100.0,0,0,1433
262633,0,0,0,99.99,0.0,0.0,0.0,0.0,0.0,0.0,0.0,0.0,0.0,0.0,0.0,0.0,-5.8,-6.01,-82.14,0.0,0.0,0.0,100.0,0,0,1437
262833,0,0,0,99.99,0.0,0.0,0.0,0.0,0.0,0.0,0.0,0.0,0.0,0.0,0.0,0.0,-5.81,-5.99,-82.14,0.0,0.0,0.0,100.0,0,0,1437
263033,0,0,0,99.99,0.0,0.0,0.0,0.0,0.0,0.0,0.0,0.0,0.0,0.0,0.0,0.0,-5.81,-5.98,-82.14,0.0,0.0,0.0,100.0,0,0,1437
263233,0,0,0,99.99,0.0,0.0,0.0,0.0,0.0,0.0,0.0,0.0,0.0,0.0,0.0,0.0,-5.8,-6.01,-82.15,0.0,0.0,0.0,100.0,0,0,1437
263433,0,0,0,99.99,0.0,0.0,0.0,0.0,0.0,0.0,0.0,0.0,0.0,0.0,0.0,0.0,-5.81,-5.98,-82.16,0.0,0.0,0.0,100.0,0,0,1439
263633,0,0,0,99.99,0.0,0.0,0.0,0.0,0.0,0.0,0.0,0.0,0.0,0.0,0.0,0.0,-5.83,-5.98,-82.15,0.0,0.0,0.0,100.0,0,0,1443
263833,0,0,0,99.99,0.0,0.0,0.0,0.0,0.0,0.0,0.0,0.0,0.0,0.0,0.0,0.0,-5.81,-6.0,-82.13,0.0,0.0,0.0,100.0,0,0,1443
264033,0,0,0,99.99,0.0,0.0,0.0,0.0,0.0,0.0,0.0,0.0,0.0,0.0,0.0,0.0,-5.82,-6.0,-82.14,0.0,0.0,0.0,100.0,0,0,1443
264233,0,0,0,99.99,0.0,0.0,0.0,0.0,0.0,0.0,0.0,0.0,0.0,0.0,0.0,0.0,-5.83,-6.0,-82.13,0.0,0.0,0.0,100.0,0,0,1443
264433,0,0,0,99.99,0.0,0.0,0.0,0.0,0.0,0.0,0.0,0.0,0.0,0.0,0.0,0.0,-5.83,-6.0,-82.14,0.0,0.0,0.0,100.0,0,0,1445
264633,0,0,0,99.99,0.0,0.0,0.0,0.0,0.0,0.0,0.0,0.0,0.0,0.0,0.0,0.0,-5.8,-5.98,-82.16,0.0,0.0,0.0,100.0,0,0,1449
264833,0,0,0,99.99,0.0,0.0,0.0,0.0,0.0,0.0,0.0,0.0,0.0,0.0,0.0,0.0,-5.8,-5.99,-82.17,0.0,0.0,0.0,100.0,0,0,1449
265033,0,0,0,99.99,0.0,0.0,0.0,0.0,0.0,0.0,0.0,0.0,0.0,0.0,0.0,0.0,-5.8,-5.98,-82.16,0.0,0.0,0.0,100.0,0,0,1449
265233,0,0,0,99.99,0.0,0.0,0.0,0.0,0.0,0.0,0.0,0.0,0.0,0.0,0.0,0.0,-5.81,-5.99,-82.15,0.0,0.0,0.0,100.0,0,0,1449
265433,0,0,0,99.99,0.0,0.0,0.0,0.0,0.0,0.0,0.0,0.0,0.0,0.0,0.0,0.0,-5.81,-5.99,-82.15,0.0,0.0,0.0,100.0,0,0,1451
265633,0,0,0,99.99,0.0,0.0,0.0,0.0,0.0,0.0,0.0,0.0,0.0,0.0,0.0,0.0,-5.8,-5.99,-82.15,0.0,0.0,0.0,100.0,0,0,1455
265833,0,0,0,99.99,0.0,0.0,0.0,0.0,0.0,0.0,0.0,0.0,0.0,0.0,0.0,0.0,-5.79,-5.98,-82.15,0.0,0.0,0.0,100.0,0,0,1455
266033,0,0,0,99.99,0.0,0.0,0.0,0.0,0.0,0.0,0.0,0.0,0.0,0.0,0.0,0.0,-5.81,-5.98,-82.13,0.0,0.0,0.0,100.0,0,0,1455
266233,0,0,0,99.99,0.0,0.0,0.0,0.0,0.0,0.0,0.0,0.0,0.0,0.0,0.0,0.0,-5.82,-5.99,-82.13,0.0,0.0,0.0,100.0,0,0,1455
266433,0,0,0,99.99,0.0,0.0,0.0,0.0,0.0,0.0,0.0,0.0,0.0,0.0,0.0,0.0,-5.82,-5.99,-82.14,0.0,0.0,0.0,100.0,0,0,1457
266633,0,0,0,99.99,0.0,0.0,0.0,0.0,0.0,0.0,0.0,0.0,0.0,0.0,0.0,0.0,-5.82,-5.97,-82.16,0.0,0.0,0.0,100.0,0,0,1461
266833,0,0,0,99.99,0.0,0.0,0.0,0.0,0.0,0.0,0.0,0.0,0.0,0.0,0.0,0.0,-5.82,-5.97,-82.17,0.0,0.0,0.0,100.0,0,0,1461
267033,0,0,0,99.99,0.0,0.0,0.0,0.0,0.0,0.0,0.0,0.0,0.0,0.0,0.0,0.0,-5.82,-5.98,-82.16,0.0,0.0,0.0,100.0,0,0,1461
267233,0,0,0,99.99,0.0,0.0,0.0,0.0,0.0,0.0,0.0,0.0,0.0,0.0,0.0,0.0,-5.82,-5.99,-82.14,0.0,0.0,0.0,100.0,0,0,1461
267433,0,0,0,99.99,0.0,0.0,0.0,0.0,0.0,0.0,0.0,0.0,0.0,0.0,0.0,0.0,-5.83,-5.99,-82.14,0.0,0.0,0.0,100.0,0,0,1463
267633,0,0,0,99.99,0.0,0.0,0.0,0.0,0.0,0.0,0.0,0.0,0.0,0.0,0.0,0.0,-5.83,-5.98,-82.14,0.0,0.0,0.0,100.0,0,0,1467
267833,0,0,0,99.99,0.0,0.0,0.0,0.0,0.0,0.0,0.0,0.0,0.0,0.0,0.0,0.0,-5.83,-5.99,-82.15,0.0,0.0,0.0,100.0,0,0,1467
268033,0,0,0,99.99,0.0,0.0,0.0,0.0,0.0,0.0,0.0,0.0,0.0,0.0,0.0,0.0,-5.83,-5.99,-82.15,0.0,0.0,0.0,100.0,0,0,1467
268233,0,0,0,99.99,0.0,0.0,0.0,0.0,0.0,0.0,0.0,0.0,0.0,0.0,0.0,0.0,-5.82,-5.98,-82.14,0.0,0.0,0.0,100.0,0,0,1467
268433,0,0,0,99.99,0.0,0.0,0.0,0.0,0.0,0.0,0.0,0.0,0.0,0.0,0.0,0.0,-5.83,-5.98,-82.14,0.0,0.0,0.0,100.0,0,0,1469
268633,0,0,0,99.99,0.0,0.0,0.0,0.0,0.0,0.0,0.0,0.0,0.0,0.0,0.0,0.0,-5.83,-5.98,-82.15,0.0,0.0,0.0,100.0,0,0,1473
268833,0,0,0,99.99,0.0,0.0,0.0,0.0,0.0,0.0,0.0,0.0,0.0,0.0,0.0,0.0,-5.82,-5.99,-82.16,0.0,0.0,0.0,100.0,0,0,1473
269033,0,0,0,99.99,0.0,0.0,0.0,0.0,0.0,0.0,0.0,0.0,0.0,0.0,0.0,0.0,-5.81,-5.99,-82.16,0.0,0.0,0.0,100.0,0,0,1473
269233,0,0,0,99.99,0.0,0.0,0.0,0.0,0.0,0.0,0.0,0.0,0.0,0.0,0.0,0.0,-5.81,-5.99,-82.17,0.0,0.0,0.0,100.0,0,0,1473
269433,0,0,0,99.99,0.0,0.0,0.0,0.0,0.0,0.0,0.0,0.0,0.0,0.0,0.0,0.0,-5.8,-5.98,-82.17,0.0,0.0,0.0,100.0,0,0,1475
269633,0,0,0,99.99,0.0,0.0,0.0,0.0,0.0,0.0,0.0,0.0,0.0,0.0,0.0,0.0,-5.79,-6.0,-82.17,0.0,0.0,0.0,100.0,0,0,1479
269833,0,0,0,99.99,0.0,0.0,0.0,0.0,0.0,0.0,0.0,0.0,0.0,0.0,0.0,0.0,-5.81,-5.96,-82.18,0.0,0.0,0.0,100.0,0,0,1479
270033,0,0,0,99.99,0.0,0.0,0.0,0.0,0.0,0.0,0.0,0.0,0.0,0.0,0.0,0.0,-5.8,-5.96,-82.16,0.0,0.0,0.0,100.0,0,0,1479
270233,0,0,0,99.99,0.0,0.0,0.0,0.0,0.0,0.0,0.0,0.0,0.0,0.0,0.0,0.0,-5.8,-5.96,-82.17,0.0,0.0,0.0,100.0,0,0,1479
270433,0,0,0,99.99,0.0,0.0,0.0,0.0,0.0,0.0,0.0,0.0,0.0,0.0,0.0,0.0,-5.81,-5.98,-82.18,0.0,0.0,0.0,100.0,0,0,1481
270634,0,0,0,99.99,0.0,0.0,0.0,0.0,0.0,0.0,0.0,0.0,0.0,0.0,0.0,0.0,-5.81,-5.97,-82.21,0.0,0.0,0.0,100.0,0,0,1485
270843,0,0,0,99.99,0.0,0.0,0.0,0.0,0.0,0.0,0.0,0.0,0.0,0.0,0.0,0.0,-5.81,-5.99,-82.19,0.0,0.0,0.0,100.0,0,0,1485
271043,0,0,0,99.99,0.0,0.0,0.0,0.0,0.0,0.0,0.0,0.0,0.0,0.0,0.0,0.0,-5.81,-5.99,-82.22,0.0,0.0,0.0,100.0,0,0,1485
271243,0,0,0,99.99,0.0,0.0,0.0,0.0,0.0,0.0,0.0,0.0,0.0,0.0,0.0,0.0,-5.8,-6.01,-82.2,0.0,0.0,0.0,100.0,0,0,1485
271444,0,0,0,99.99,0.0,0.0,0.0,0.0,0.0,0.0,0.0,0.0,0.0,0.0,0.0,0.0,-5.81,-6.01,-82.21,0.0,0.0,0.0,100.0,0,0,1488
271653,0,0,0,99.99,0.0,0.0,0.0,0.0,0.0,0.0,0.0,0.0,0.0,0.0,0.0,0.0,-5.83,-6.02,-82.17,0.0,0.0,0.0,100.0,0,0,1491
271853,0,0,0,99.99,0.0,0.0,0.0,0.0,0.0,0.0,0.0,0.0,0.0,0.0,0.0,0.0,-5.82,-6.02,-82.18,0.0,0.0,0.0,100.0,0,0,1491
272053,0,0,0,99.99,0.0,0.0,0.0,0.0,0.0,0.0,0.0,0.0,0.0,0.0,0.0,0.0,-5.82,-6.01,-82.18,0.0,0.0,0.0,100.0,0,0,1491
272253,0,0,0,99.99,0.0,0.0,0.0,0.0,0.0,0.0,0.0,0.0,0.0,0.0,0.0,0.0,-5.82,-5.99,-82.18,0.0,0.0,0.0,100.0,0,0,1491
272457,0,0,0,99.99,0.0,0.0,0.0,0.0,0.0,0.0,0.0,0.0,0.0,0.0,0.0,0.0,-5.82,-5.98,-82.19,0.0,0.0,0.0,100.0,0,0,1494
272663,0,0,0,99.99,0.0,0.0,0.0,0.0,0.0,0.0,0.0,0.0,0.0,0.0,0.0,0.0,-5.82,-5.99,-82.19,0.0,0.0,0.0,100.0,0,0,1497
272863,0,0,0,99.99,0.0,0.0,0.0,0.0,0.0,0.0,0.0,0.0,0.0,0.0,0.0,0.0,-5.82,-6.0,-82.19,0.0,0.0,0.0,100.0,0,0,1497
273063,0,0,0,99.99,0.0,0.0,0.0,0.0,0.0,0.0,0.0,0.0,0.0,0.0,0.0,0.0,-5.81,-6.02,-82.2,0.0,0.0,0.0,100.0,0,0,1497
273263,0,0,0,99.99,0.0,0.0,0.0,0.0,0.0,0.0,0.0,0.0,0.0,0.0,0.0,0.0,-5.8,-6.02,-82.19,0.0,0.0,0.0,100.0,0,0,1497
273463,0,0,0,99.99,0.0,0.0,0.0,0.0,0.0,0.0,0.0,0.0,0.0,0.0,0.0,0.0,-5.8,-6.02,-82.19,0.0,0.0,0.0,100.0,0,0,1500
273663,0,0,0,99.99,0.0,0.0,0.0,0.0,0.0,0.0,0.0,0.0,0.0,0.0,0.0,0.0,-5.79,-6.02,-82.19,0.0,0.0,0.0,100.0,0,0,1503
273863,0,0,0,99.99,0.0,0.0,0.0,0.0,0.0,0.0,0.0,0.0,0.0,0.0,0.0,0.0,-5.8,-6.03,-82.16,0.0,0.0,0.0,100.0,0,0,1503
274063,0,0,0,99.99,0.0,0.0,0.0,0.0,0.0,0.0,0.0,0.0,0.0,0.0,0.0,0.0,-5.81,-6.02,-82.16,0.0,0.0,0.0,100.0,0,0,1503
274263,0,0,0,99.99,0.0,0.0,0.0,0.0,0.0,0.0,0.0,0.0,0.0,0.0,0.0,0.0,-5.8,-6.03,-82.14,0.0,0.0,0.0,100.0,0,0,1503
274463,0,0,0,99.99,0.0,0.0,0.0,0.0,0.0,0.0,0.0,0.0,0.0,0.0,0.0,0.0,-5.8,-6.03,-82.14,0.0,0.0,0.0,100.0,0,0,1506
274663,0,0,0,99.99,0.0,0.0,0.0,0.0,0.0,0.0,0.0,0.0,0.0,0.0,0.0,0.0,-5.8,-6.02,-82.15,0.0,0.0,0.0,100.0,0,0,1509
274863,0,0,0,99.99,0.0,0.0,0.0,0.0,0.0,0.0,0.0,0.0,0.0,0.0,0.0,0.0,-5.81,-6.03,-82.16,0.0,0.0,0.0,100.0,0,0,1509
275063,0,0,0,99.99,0.0,0.0,0.0,0.0,0.0,0.0,0.0,0.0,0.0,0.0,0.0,0.0,-5.81,-6.01,-82.15,0.0,0.0,0.0,100.0,0,0,1509
275263,0,0,0,99.99,0.0,0.0,0.0,0.0,0.0,0.0,0.0,0.0,0.0,0.0,0.0,0.0,-5.81,-6.02,-82.13,0.0,0.0,0.0,100.0,0,0,1509
275463,0,0,0,99.99,0.0,0.0,0.0,0.0,0.0,0.0,0.0,0.0,0.0,0.0,0.0,0.0,-5.81,-6.02,-82.12,0.0,0.0,0.0,100.0,0,0,1512
275663,0,0,0,99.99,0.0,0.0,0.0,0.0,0.0,0.0,0.0,0.0,0.0,0.0,0.0,0.0,-5.81,-6.03,-82.1,0.0,0.0,0.0,100.0,0,0,1515
275863,0,0,0,99.99,0.0,0.0,0.0,0.0,0.0,0.0,0.0,0.0,0.0,0.0,0.0,0.0,-5.8,-6.02,-82.12,0.0,0.0,0.0,100.0,0,0,1515
276063,0,0,0,99.99,0.0,0.0,0.0,0.0,0.0,0.0,0.0,0.0,0.0,0.0,0.0,0.0,-5.8,-6.02,-82.11,0.0,0.0,0.0,100.0,0,0,1515
276263,0,0,0,99.99,0.0,0.0,0.0,0.0,0.0,0.0,0.0,0.0,0.0,0.0,0.0,0.0,-5.81,-6.01,-82.13,0.0,0.0,0.0,100.0,0,0,1515
276463,0,0,0,99.99,0.0,0.0,0.0,0.0,0.0,0.0,0.0,0.0,0.0,0.0,0.0,0.0,-5.8,-6.0,-82.13,0.0,0.0,0.0,100.0,0,0,1518
276663,0,0,0,99.99,0.0,0.0,0.0,0.0,0.0,0.0,0.0,0.0,0.0,0.0,0.0,0.0,-5.8,-6.01,-82.12,0.0,0.0,0.0,100.0,0,0,1521
276863,0,0,0,99.99,0.0,0.0,0.0,0.0,0.0,0.0,0.0,0.0,0.0,0.0,0.0,0.0,-5.82,-6.01,-82.13,0.0,0.0,0.0,100.0,0,0,1521
277063,0,0,0,99.99,0.0,0.0,0.0,0.0,0.0,0.0,0.0,0.0,0.0,0.0,0.0,0.0,-5.81,-5.99,-82.14,0.0,0.0,0.0,100.0,0,0,1521
277263,0,0,0,99.99,0.0,0.0,0.0,0.0,0.0,0.0,0.0,0.0,0.0,0.0,0.0,0.0,-5.81,-5.99,-82.16,0.0,0.0,0.0,100.0,0,0,1521
277463,0,0,0,99.99,0.0,0.0,0.0,0.0,0.0,0.0,0.0,0.0,0.0,0.0,0.0,0.0,-5.82,-5.99,-82.17,0.0,0.0,0.0,100.0,0,0,1524
277663,0,0,0,99.99,0.0,0.0,0.0,0.0,0.0,0.0,0.0,0.0,0.0,0.0,0.0,0.0,-5.81,-5.98,-82.17,0.0,0.0,0.0,100.0,0,0,1527
277864,0,0,0,99.99,0.0,0.0,0.0,0.0,0.0,0.0,0.0,0.0,0.0,0.0,0.0,0.0,-5.81,-5.99,-82.17,0.0,0.0,0.0,100.0,0,0,1527
278073,0,0,0,99.99,0.0,0.0,0.0,0.0,0.0,0.0,0.0,0.0,0.0,0.0,0.0,0.0,-5.72,-6.14,-82.2,0.0,0.0,0.0,100.0,0,0,1527
278273,0,0,0,99.99,0.0,0.0,0.0,0.0,0.0,0.0,0.0,0.0,0.0,0.0,0.0,0.0,-5.82,-6.22,-82.22,0.0,0.0,0.0,100.0,0,0,1527
278473,0,0,0,99.99,0.0,0.0,0.0,0.0,0.0,0.0,0.0,0.0,0.0,0.0,0.0,0.0,-5.85,-6.07,-82.18,0.0,0.0,0.0,100.0,0,0,1530
278673,0,0,0,99.99,0.0,0.0,0.0,0.0,0.0,0.0,0.0,0.0,0.0,0.0,0.0,0.0,-5.83,-6.08,-82.17,0.0,0.0,0.0,100.0,0,0,1533
278873,0,0,0,99.99,0.0,0.0,0.0,0.0,0.0,0.0,0.0,0.0,0.0,0.0,0.0,0.0,-5.83,-6.08,-82.18,0.0,0.0,0.0,100.0,0,0,1533
279073,0,0,0,99.99,0.0,0.0,0.0,0.0,0.0,0.0,0.0,0.0,0.0,0.0,0.0,0.0,-5.83,-6.08,-82.14,0.0,0.0,0.0,100.0,0,0,1533
279273,0,0,0,99.99,0.0,0.0,0.0,0.0,0.0,0.0,0.0,0.0,0.0,0.0,0.0,0.0,-5.83,-6.08,-82.13,0.0,0.0,0.0,100.0,0,0,1533
279473,0,0,0,99.99,0.0,0.0,0.0,0.0,0.0,0.0,0.0,0.0,0.0,0.0,0.0,0.0,-5.82,-6.08,-82.13,0.0,0.0,0.0,100.0,0,0,1536
279673,0,0,0,99.99,0.0,0.0,0.0,0.0,0.0,0.0,0.0,0.0,0.0,0.0,0.0,0.0,-5.82,-6.06,-82.13,0.0,0.0,0.0,100.0,0,0,1539
279873,0,0,0,99.99,0.0,0.0,0.0,0.0,0.0,0.0,0.0,0.0,0.0,0.0,0.0,0.0,-5.82,-6.06,-82.12,0.0,0.0,0.0,100.0,0,0,1539
280074,0,0,0,99.99,0.0,0.0,0.0,0.0,0.0,0.0,0.0,0.0,0.0,0.0,0.0,0.0,-5.81,-6.06,-82.11,0.0,0.0,0.0,100.0,0,0,1539
280283,0,0,0,99.99,0.0,0.0,0.0,0.0,0.0,0.0,0.0,0.0,0.0,0.0,0.0,0.0,-5.82,-6.05,-82.11,0.0,0.0,0.0,100.0,0,0,1539
280483,0,0,0,99.99,0.0,0.0,0.0,0.0,0.0,0.0,0.0,0.0,0.0,0.0,0.0,0.0,-5.82,-6.07,-82.09,0.0,0.0,0.0,100.0,0,0,1542
280683,0,0,0,99.99,0.0,0.0,0.0,0.0,0.0,0.0,0.0,0.0,0.0,0.0,0.0,0.0,-5.81,-6.05,-82.09,0.0,0.0,0.0,100.0,0,0,1545
280883,0,0,0,99.99,0.0,0.0,0.0,0.0,0.0,0.0,0.0,0.0,0.0,0.0,0.0,0.0,-5.81,-6.05,-82.1,0.0,0.0,0.0,100.0,0,0,1545
281083,0,0,0,99.99,0.0,0.0,0.0,0.0,0.0,0.0,0.0,0.0,0.0,0.0,0.0,0.0,-5.83,-6.04,-82.13,0.0,0.0,0.0,100.0,0,0,1545
281283,0,0,0,99.99,0.0,0.0,0.0,0.0,0.0,0.0,0.0,0.0,0.0,0.0,0.0,0.0,-5.84,-6.05,-82.11,0.0,0.0,0.0,100.0,0,0,1545
281483,0,0,0,99.99,0.0,0.0,0.0,0.0,0.0,0.0,0.0,0.0,0.0,0.0,0.0,0.0,-5.84,-6.03,-82.12,0.0,0.0,0.0,100.0,0,0,1548
281683,0,0,0,99.99,0.0,0.0,0.0,0.0,0.0,0.0,0.0,0.0,0.0,0.0,0.0,0.0,-5.84,-6.03,-82.13,0.0,0.0,0.0,100.0,0,0,1551
281883,0,0,0,99.99,0.0,0.0,0.0,0.0,0.0,0.0,0.0,0.0,0.0,0.0,0.0,0.0,-5.84,-6.03,-82.12,0.0,0.0,0.0,100.0,0,0,1551
282083,0,0,0,99.99,0.0,0.0,0.0,0.0,0.0,0.0,0.0,0.0,0.0,0.0,0.0,0.0,-5.84,-6.05,-82.11,0.0,0.0,0.0,100.0,0,0,1551
282283,0,0,0,99.99,0.0,0.0,0.0,0.0,0.0,0.0,0.0,0.0,0.0,0.0,0.0,0.0,-5.84,-6.05,-82.1,0.0,0.0,0.0,100.0,0,0,1551
282483,0,0,0,99.99,0.0,0.0,0.0,0.0,0.0,0.0,0.0,0.0,0.0,0.0,0.0,0.0,-5.83,-6.05,-82.12,0.0,0.0,0.0,100.0,0,0,1554
282683,0,0,0,99.99,0.0,0.0,0.0,0.0,0.0,0.0,0.0,0.0,0.0,0.0,0.0,0.0,-5.84,-6.05,-82.12,0.0,0.0,0.0,100.0,0,0,1557
282883,0,0,0,99.99,0.0,0.0,0.0,0.0,0.0,0.0,0.0,0.0,0.0,0.0,0.0,0.0,-5.84,-6.06,-82.12,0.0,0.0,0.0,100.0,0,0,1557
283083,0,0,0,99.99,0.0,0.0,0.0,0.0,0.0,0.0,0.0,0.0,0.0,0.0,0.0,0.0,-5.85,-6.09,-82.1,0.0,0.0,0.0,100.0,0,0,1557
283283,0,0,0,99.99,0.0,0.0,0.0,0.0,0.0,0.0,0.0,0.0,0.0,0.0,0.0,0.0,-5.85,-6.07,-82.11,0.0,0.0,0.0,100.0,0,0,1557
283483,0,0,0,99.99,0.0,0.0,0.0,0.0,0.0,0.0,0.0,0.0,0.0,0.0,0.0,0.0,-5.85,-6.06,-82.13,0.0,0.0,0.0,100.0,0,0,1560
283683,0,0,0,99.99,0.0,0.0,0.0,0.0,0.0,0.0,0.0,0.0,0.0,0.0,0.0,0.0,-5.84,-6.04,-82.12,0.0,0.0,0.0,100.0,0,0,1563
283883,0,0,0,99.99,0.0,0.0,0.0,0.0,0.0,0.0,0.0,0.0,0.0,0.0,0.0,0.0,-5.85,-6.04,-82.1,0.0,0.0,0.0,100.0,0,0,1563
284083,0,0,0,99.99,0.0,0.0,0.0,0.0,0.0,0.0,0.0,0.0,0.0,0.0,0.0,0.0,-5.86,-6.04,-82.09,0.0,0.0,0.0,100.0,0,0,1563
284283,0,0,0,99.99,0.0,0.0,0.0,0.0,0.0,0.0,0.0,0.0,0.0,0.0,0.0,0.0,-5.86,-6.04,-82.11,0.0,0.0,0.0,100.0,0,0,1563
284483,0,0,0,99.99,0.0,0.0,0.0,0.0,0.0,0.0,0.0,0.0,0.0,0.0,0.0,0.0,-5.85,-6.03,-82.13,0.0,0.0,0.0,100.0,0,0,1566
284683,0,0,0,99.99,0.0,0.0,0.0,0.0,0.0,0.0,0.0,0.0,0.0,0.0,0.0,0.0,-5.85,-6.05,-82.14,0.0,0.0,0.0,100.0,0,0,1569
284883,0,0,0,99.99,0.0,0.0,0.0,0.0,0.0,0.0,0.0,0.0,0.0,0.0,0.0,0.0,-5.84,-6.06,-82.13,0.0,0.0,0.0,100.0,0,0,1569
285083,0,0,0,99.99,0.0,0.0,0.0,0.0,0.0,0.0,0.0,0.0,0.0,0.0,0.0,0.0,-5.84,-6.05,-82.14,0.0,0.0,0.0,100.0,0,0,1569
285283,0,0,0,99.99,0.0,0.0,0.0,0.0,0.0,0.0,0.0,0.0,0.0,0.0,0.0,0.0,-5.84,-6.06,-82.14,0.0,0.0,0.0,100.0,0,0,1569
285483,0,0,0,99.99,0.0,0.0,0.0,0.0,0.0,0.0,0.0,0.0,0.0,0.0,0.0,0.0,-5.83,-6.06,-82.13,0.0,0.0,0.0,100.0,0,0,1572
285683,0,0,0,99.99,0.0,0.0,0.0,0.0,0.0,0.0,0.0,0.0,0.0,0.0,0.0,0.0,-5.83,-6.06,-82.11,0.0,0.0,0.0,100.0,0,0,1575
285883,0,0,0,99.99,0.0,0.0,0.0,0.0,0.0,0.0,0.0,0.0,0.0,0.0,0.0,0.0,-5.83,-6.05,-82.13,0.0,0.0,0.0,100.0,0,0,1575
286083,0,0,0,99.99,0.0,0.0,0.0,0.0,0.0,0.0,0.0,0.0,0.0,0.0,0.0,0.0,-5.82,-6.06,-82.13,0.0,0.0,0.0,100.0,0,0,1575
286283,0,0,0,99.99,0.0,0.0,0.0,0.0,0.0,0.0,0.0,0.0,0.0,0.0,0.0,0.0,-5.84,-6.03,-82.11,0.0,0.0,0.0,100.0,0,0,1575
286483,0,0,0,99.99,0.0,0.0,0.0,0.0,0.0,0.0,0.0,0.0,0.0,0.0,0.0,0.0,-5.84,-6.04,-82.1,0.0,0.0,0.0,100.0,0,0,1578
286683,0,0,0,99.99,0.0,0.0,0.0,0.0,0.0,0.0,0.0,0.0,0.0,0.0,0.0,0.0,-5.84,-6.04,-82.11,0.0,0.0,0.0,100.0,0,0,1581
286883,0,0,0,99.99,0.0,0.0,0.0,0.0,0.0,0.0,0.0,0.0,0.0,0.0,0.0,0.0,-5.84,-6.04,-82.12,0.0,0.0,0.0,100.0,0,0,1581
287083,0,0,0,99.99,0.0,0.0,0.0,0.0,0.0,0.0,0.0,0.0,0.0,0.0,0.0,0.0,-5.84,-6.04,-82.12,0.0,0.0,0.0,100.0,0,0,1581
287283,0,0,0,99.99,0.0,0.0,0.0,0.0,0.0,0.0,0.0,0.0,0.0,0.0,0.0,0.0,-5.83,-6.03,-82.14,0.0,0.0,0.0,100.0,0,0,1581
287483,0,0,0,99.99,0.0,0.0,0.0,0.0,0.0,0.0,0.0,0.0,0.0,0.0,0.0,0.0,-5.82,-6.03,-82.14,0.0,0.0,0.0,100.0,0,0,1584
287683,0,0,0,99.99,0.0,0.0,0.0,0.0,0.0,0.0,0.0,0.0,0.0,0.0,0.0,0.0,-5.83,-6.04,-82.15,0.0,0.0,0.0,100.0,0,0,1587
287883,0,0,0,99.99,0.0,0.0,0.0,0.0,0.0,0.0,0.0,0.0,0.0,0.0,0.0,0.0,-5.83,-6.04,-82.17,0.0,0.0,0.0,100.0,0,0,1587
288083,0,0,0,99.99,0.0,0.0,0.0,0.0,0.0,0.0,0.0,0.0,0.0,0.0,0.0,0.0,-5.83,-6.03,-82.17,0.0,0.0,0.0,100.0,0,0,1587
288283,0,0,0,99.99,0.0,0.0,0.0,0.0,0.0,0.0,0.0,0.0,0.0,0.0,0.0,0.0,-5.82,-6.04,-82.17,0.0,0.0,0.0,100.0,0,0,1587
288483,0,0,0,99.99,0.0,0.0,0.0,0.0,0.0,0.0,0.0,0.0,0.0,0.0,0.0,0.0,-5.83,-6.06,-82.14,0.0,0.0,0.0,100.0,0,0,1590
288683,0,0,0,99.99,0.0,0.0,0.0,0.0,0.0,0.0,0.0,0.0,0.0,0.0,0.0,0.0,-5.91,-6.08,-82.11,0.0,0.0,0.0,100.0,0,0,1593
288883,0,0,0,99.99,0.0,0.0,0.0,0.0,0.0,0.0,0.0,0.0,0.0,0.0,0.0,0.0,-6.04,-5.93,-82.08,0.0,0.0,0.0,100.0,0,0,1593
289083,0,0,0,99.99,0.0,0.0,0.0,0.0,0.0,0.0,0.0,0.0,0.0,0.0,0.0,0.0,-6.0,-5.81,-82.06,0.0,0.0,0.0,100.0,0,0,1593
289283,0,0,0,99.99,0.0,0.0,0.0,0.0,0.0,0.0,0.0,0.0,0.0,0.0,0.0,0.0,-5.97,-5.83,-82.06,0.0,0.0,0.0,100.0,0,0,1593
289483,0,0,0,99.99,0.0,0.0,0.0,0.0,0.0,0.0,0.0,0.0,0.0,0.0,0.0,0.0,-5.94,-5.81,-82.07,0.0,0.0,0.0,100.0,0,0,1596
289684,0,0,0,99.99,0.0,0.0,0.0,0.0,0.0,0.0,0.0,0.0,0.0,0.0,0.0,0.0,-5.94,-5.83,-82.05,0.0,0.0,0.0,100.0,0,0,1599
289893,0,0,0,99.99,0.0,0.0,0.0,0.0,0.0,0.0,0.0,0.0,0.0,0.0,0.0,0.0,-5.93,-5.83,-82.06,0.0,0.0,0.0,100.0,0,0,1599
290093,0,0,0,99.99,0.0,0.0,0.0,0.0,0.0,0.0,0.0,0.0,0.0,0.0,0.0,0.0,-5.92,-5.83,-82.05,0.0,0.0,0.0,100.0,0,0,1599
290293,0,0,0,99.99,0.0,0.0,0.0,0.0,0.0,0.0,0.0,0.0,0.0,0.0,0.0,0.0,-5.91,-5.84,-82.05,0.0,0.0,0.0,100.0,0,0,1599
290493,0,0,0,99.99,0.0,0.0,0.0,0.0,0.0,0.0,0.0,0.0,0.0,0.0,0.0,0.0,-5.92,-5.83,-82.04,0.0,0.0,0.0,100.0,0,0,1603
290693,0,0,0,99.99,0.0,0.0,0.0,0.0,0.0,0.0,0.0,0.0,0.0,0.0,0.0,0.0,-5.92,-5.82,-82.07,0.0,0.0,0.0,100.0,0,0,1605
290893,0,0,0,99.99,0.0,0.0,0.0,0.0,0.0,0.0,0.0,0.0,0.0,0.0,0.0,0.0,-5.92,-5.81,-82.08,0.0,0.0,0.0,100.0,0,0,1605
291093,0,0,0,99.99,0.0,0.0,0.0,0.0,0.0,0.0,0.0,0.0,0.0,0.0,0.0,0.0,-5.91,-5.82,-82.07,0.0,0.0,0.0,100.0,0,0,1605
291293,0,0,0,99.99,0.0,0.0,0.0,0.0,0.0,0.0,0.0,0.0,0.0,0.0,0.0,0.0,-5.9,-5.83,-82.06,0.0,0.0,0.0,100.0,0,0,1605
291494,0,0,0,99.99,0.0,0.0,0.0,0.0,0.0,0.0,0.0,0.0,0.0,0.0,0.0,0.0,-5.89,-5.83,-82.06,0.0,0.0,0.0,100.0,0,0,1609
291703,0,0,0,99.99,0.0,0.0,0.0,0.0,0.0,0.0,0.0,0.0,0.0,0.0,0.0,0.0,-5.9,-5.83,-82.05,0.0,0.0,0.0,100.0,0,0,1611
291903,0,0,0,99.99,0.0,0.0,0.0,0.0,0.0,0.0,0.0,0.0,0.0,0.0,0.0,0.0,-5.9,-5.83,-82.04,0.0,0.0,0.0,100.0,0,0,1611
292103,0,0,0,99.99,0.0,0.0,0.0,0.0,0.0,0.0,0.0,0.0,0.0,0.0,0.0,0.0,-5.89,-5.82,-82.04,0.0,0.0,0.0,100.0,0,0,1611
292303,0,0,0,99.99,0.0,0.0,0.0,0.0,0.0,0.0,0.0,0.0,0.0,0.0,0.0,0.0,-5.88,-5.82,-82.07,0.0,0.0,0.0,100.0,0,0,1611
292503,0,0,0,99.99,0.0,0.0,0.0,0.0,0.0,0.0,0.0,0.0,0.0,0.0,0.0,0.0,-5.88,-5.81,-82.09,0.0,0.0,0.0,100.0,0,0,1615
292703,0,0,0,99.99,0.0,0.0,0.0,0.0,0.0,0.0,0.0,0.0,0.0,0.0,0.0,0.0,-5.88,-5.81,-82.1,0.0,0.0,0.0,100.0,0,0,1617
292903,0,0,0,99.99,0.0,0.0,0.0,0.0,0.0,0.0,0.0,0.0,0.0,0.0,0.0,0.0,-5.88,-5.81,-82.08,0.0,0.0,0.0,100.0,0,0,1617
293103,0,0,0,99.99,0.0,0.0,0.0,0.0,0.0,0.0,0.0,0.0,0.0,0.0,0.0,0.0,-5.89,-5.82,-82.05,0.0,0.0,0.0,100.0,0,0,1617
293303,0,0,0,99.99,0.0,0.0,0.0,0.0,0.0,0.0,0.0,0.0,0.0,0.0,0.0,0.0,-5.89,-5.83,-82.05,0.0,0.0,0.0,100.0,0,0,1617
293503,0,0,0,99.99,0.0,0.0,0.0,0.0,0.0,0.0,0.0,0.0,0.0,0.0,0.0,0.0,-5.89,-5.83,-82.07,0.0,0.0,0.0,100.0,0,0,1621
293703,0,0,0,99.99,0.0,0.0,0.0,0.0,0.0,0.0,0.0,0.0,0.0,0.0,0.0,0.0,-5.89,-5.82,-82.08,0.0,0.0,0.0,100.0,0,0,1623
293903,0,0,0,99.99,0.0,0.0,0.0,0.0,0.0,0.0,0.0,0.0,0.0,0.0,0.0,0.0,-5.89,-5.83,-82.09,0.0,0.0,0.0,100.0,0,0,1623
294103,0,0,0,99.99,0.0,0.0,0.0,0.0,0.0,0.0,0.0,0.0,0.0,0.0,0.0,0.0,-5.89,-5.83,-82.08,0.0,0.0,0.0,100.0,0,0,1623
294303,0,0,0,99.99,0.0,0.0,0.0,0.0,0.0,0.0,0.0,0.0,0.0,0.0,0.0,0.0,-5.89,-5.83,-82.08,0.0,0.0,0.0,100.0,0,0,1623
294503,0,0,0,99.99,0.0,0.0,0.0,0.0,0.0,0.0,0.0,0.0,0.0,0.0,0.0,0.0,-5.89,-5.84,-82.05,0.0,0.0,0.0,100.0,0,0,1627
294703,0,0,0,99.99,0.0,0.0,0.0,0.0,0.0,0.0,0.0,0.0,0.0,0.0,0.0,0.0,-5.89,-5.83,-82.06,0.0,0.0,0.0,100.0,0,0,1629
294903,0,0,0,99.99,0.0,0.0,0.0,0.0,0.0,0.0,0.0,0.0,0.0,0.0,0.0,0.0,-5.89,-5.85,-82.04,0.0,0.0,0.0,100.0,0,0,1629
295103,0,0,0,99.99,0.0,0.0,0.0,0.0,0.0,0.0,0.0,0.0,0.0,0.0,0.0,0.0,-5.88,-5.83,-82.05,0.0,0.0,0.0,100.0,0,0,1629
295303,0,0,0,99.99,0.0,0.0,0.0,0.0,0.0,0.0,0.0,0.0,0.0,0.0,0.0,0.0,-5.87,-5.83,-82.06,0.0,0.0,0.0,100.0,0,0,1629
295503,0,0,0,99.99,0.0,0.0,0.0,0.0,0.0,0.0,0.0,0.0,0.0,0.0,0.0,0.0,-5.88,-5.83,-82.06,0.0,0.0,0.0,100.0,0,0,1633
295703,0,0,0,99.99,0.0,0.0,0.0,0.0,0.0,0.0,0.0,0.0,0.0,0.0,0.0,0.0,-5.88,-5.83,-82.07,0.0,0.0,0.0,100.0,0,0,1635
295903,0,0,0,99.99,0.0,0.0,0.0,0.0,0.0,0.0,0.0,0.0,0.0,0.0,0.0,0.0,-5.89,-5.84,-82.06,0.0,0.0,0.0,100.0,0,0,1635
296103,0,0,0,99.99,0.0,0.0,0.0,0.0,0.0,0.0,0.0,0.0,0.0,0.0,0.0,0.0,-5.9,-5.83,-82.06,0.0,0.0,0.0,100.0,0,0,1635
296303,0,0,0,99.99,0.0,0.0,0.0,0.0,0.0,0.0,0.0,0.0,0.0,0.0,0.0,0.0,-5.89,-5.84,-82.04,0.0,0.0,0.0,100.0,0,0,1635
296507,0,0,0,99.99,0.0,0.0,0.0,0.0,0.0,0.0,0.0,0.0,0.0,0.0,0.0,0.0,-5.89,-5.83,-82.06,0.0,0.0,0.0,100.0,0,0,1639
296713,0,0,0,99.99,0.0,0.0,0.0,0.0,0.0,0.0,0.0,0.0,0.0,0.0,0.0,0.0,-5.88,-5.83,-82.07,0.0,0.0,0.0,100.0,0,0,1641
296913,0,0,0,99.99,0.0,0.0,0.0,0.0,0.0,0.0,0.0,0.0,0.0,0.0,0.0,0.0,-5.88,-5.83,-82.08,0.0,0.0,0.0,100.0,0,0,1641
297113,0,0,0,99.99,0.0,0.0,0.0,0.0,0.0,0.0,0.0,0.0,0.0,0.0,0.0,0.0,-5.89,-5.83,-82.08,0.0,0.0,0.0,100.0,0,0,1641
297313,0,0,0,99.99,0.0,0.0,0.0,0.0,0.0,0.0,0.0,0.0,0.0,0.0,0.0,0.0,-5.89,-5.85,-82.07,0.0,0.0,0.0,100.0,0,0,1641
297513,0,0,0,99.99,0.0,0.0,0.0,0.0,0.0,0.0,0.0,0.0,0.0,0.0,0.0,0.0,-5.89,-5.84,-82.08,0.0,0.0,0.0,100.0,0,0,1645
297713,0,0,0,99.99,0.0,0.0,0.0,0.0,0.0,0.0,0.0,0.0,0.0,0.0,0.0,0.0,-5.89,-5.86,-82.06,0.0,0.0,0.0,100.0,0,0,1647
297913,0,0,0,99.99,0.0,0.0,0.0,0.0,0.0,0.0,0.0,0.0,0.0,0.0,0.0,0.0,-5.89,-5.87,-82.04,0.0,0.0,0.0,100.0,0,0,1647
298113,0,0,0,99.99,0.0,0.0,0.0,0.0,0.0,0.0,0.0,0.0,0.0,0.0,0.0,0.0,-5.89,-5.87,-82.02,0.0,0.0,0.0,100.0,0,0,1647
298313,0,0,0,99.99,0.0,0.0,0.0,0.0,0.0,0.0,0.0,0.0,0.0,0.0,0.0,0.0,-5.89,-5.85,-82.02,0.0,0.0,0.0,100.0,0,0,1647
298513,0,0,0,99.99,0.0,0.0,0.0,0.0,0.0,0.0,0.0,0.0,0.0,0.0,0.0,0.0,-5.88,-5.84,-82.02,0.0,0.0,0.0,100.0,0,0,1651
298714,0,0,0,99.99,0.0,0.0,0.0,0.0,0.0,0.0,0.0,0.0,0.0,0.0,0.0,0.0,-5.88,-5.83,-82.05,0.0,0.0,0.0,100.0,0,0,1653
298923,0,0,0,99.99,0.0,0.0,0.0,0.0,0.0,0.0,0.0,0.0,0.0,0.0,0.0,0.0,-5.89,-5.83,-82.06,0.0,0.0,0.0,100.0,0,0,1653
299123,0,0,0,99.99,0.0,0.0,0.0,0.0,0.0,0.0,0.0,0.0,0.0,0.0,0.0,0.0,-5.89,-5.83,-82.06,0.0,0.0,0.0,100.0,0,0,1653
299323,0,0,0,99.99,0.0,0.0,0.0,0.0,0.0,0.0,0.0,0.0,0.0,0.0,0.0,0.0,-5.89,-5.84,-82.04,0.0,0.0,0.0,100.0,0,0,1653
299523,0,0,0,99.99,0.0,0.0,0.0,0.0,0.0,0.0,0.0,0.0,0.0,0.0,0.0,0.0,-5.88,-5.83,-82.06,0.0,0.0,0.0,100.0,0,0,1658
299723,0,0,0,99.99,0.0,0.0,0.0,0.0,0.0,0.0,0.0,0.0,0.0,0.0,0.0,0.0,-5.88,-5.82,-82.07,0.0,0.0,0.0,100.0,0,0,1659
299923,0,0,0,99.99,0.0,0.0,0.0,0.0,0.0,0.0,0.0,0.0,0.0,0.0,0.0,0.0,-5.89,-5.83,-82.05,0.0,0.0,0.0,100.0,0,0,1659
300123,0,0,0,99.99,0.0,0.0,0.0,0.0,0.0,0.0,0.0,0.0,0.0,0.0,0.0,0.0,-5.89,-5.83,-82.03,0.0,0.0,0.0,100.0,0,0,1659
300323,0,0,0,99.99,0.0,0.0,0.0,0.0,0.0,0.0,0.0,0.0,0.0,0.0,0.0,0.0,-5.9,-5.84,-82.05,0.0,0.0,0.0,100.0,0,0,1659
300523,0,0,0,99.99,0.0,0.0,0.0,0.0,0.0,0.0,0.0,0.0,0.0,0.0,0.0,0.0,-5.9,-5.84,-82.04,0.0,0.0,0.0,100.0,0,0,1664
300723,0,0,0,99.99,0.0,0.0,0.0,0.0,0.0,0.0,0.0,0.0,0.0,0.0,0.0,0.0,-5.91,-5.84,-82.05,0.0,0.0,0.0,100.0,0,0,1665
300923,0,0,0,99.99,0.0,0.0,0.0,0.0,0.0,0.0,0.0,0.0,0.0,0.0,0.0,0.0,-5.9,-5.84,-82.07,0.0,0.0,0.0,100.0,0,0,1665
301123,0,0,0,99.99,0.0,0.0,0.0,0.0,0.0,0.0,0.0,0.0,0.0,0.0,0.0,0.0,-5.89,-5.84,-82.08,0.0,0.0,0.0,100.0,0,0,1665
301323,0,0,0,99.99,0.0,0.0,0.0,0.0,0.0,0.0,0.0,0.0,0.0,0.0,0.0,0.0,-5.89,-5.84,-82.07,0.0,0.0,0.0,100.0,0,0,1665
301523,0,0,0,99.99,0.0,0.0,0.0,0.0,0.0,0.0,0.0,0.0,0.0,0.0,0.0,0.0,-5.88,-5.85,-82.06,0.0,0.0,0.0,100.0,0,0,1670
301723,0,0,0,99.99,0.0,0.0,0.0,0.0,0.0,0.0,0.0,0.0,0.0,0.0,0.0,0.0,-5.88,-5.84,-82.06,0.0,0.0,0.0,100.0,0,0,1671
301923,0,0,0,99.99,0.0,0.0,0.0,0.0,0.0,0.0,0.0,0.0,0.0,0.0,0.0,0.0,-5.89,-5.84,-82.08,0.0,0.0,0.0,100.0,0,0,1671
302123,0,0,0,99.99,0.0,0.0,0.0,0.0,0.0,0.0,0.0,0.0,0.0,0.0,0.0,0.0,-5.9,-5.83,-82.07,0.0,0.0,0.0,100.0,0,0,1671
302323,0,0,0,99.99,0.0,0.0,0.0,0.0,0.0,0.0,0.0,0.0,0.0,0.0,0.0,0.0,-5.9,-5.84,-82.05,0.0,0.0,0.0,100.0,0,0,1671
302523,0,0,0,99.99,0.0,0.0,0.0,0.0,0.0,0.0,0.0,0.0,0.0,0.0,0.0,0.0,-5.9,-5.83,-82.06,0.0,0.0,0.0,100.0,0,0,1676
302723,0,0,0,99.99,0.0,0.0,0.0,0.0,0.0,0.0,0.0,0.0,0.0,0.0,0.0,0.0,-5.89,-5.84,-82.05,0.0,0.0,0.0,100.0,0,0,1677
302923,0,0,0,99.99,0.0,0.0,0.0,0.0,0.0,0.0,0.0,0.0,0.0,0.0,0.0,0.0,-5.89,-5.83,-82.05,0.0,0.0,0.0,100.0,0,0,1677
303123,0,0,0,99.99,0.0,0.0,0.0,0.0,0.0,0.0,0.0,0.0,0.0,0.0,0.0,0.0,-5.89,-5.82,-82.07,0.0,0.0,0.0,100.0,0,0,1677
303323,0,0,0,99.99,0.0,0.0,0.0,0.0,0.0,0.0,0.0,0.0,0.0,0.0,0.0,0.0,-5.89,-5.82,-82.09,0.0,0.0,0.0,100.0,0,0,1677
303523,0,0,0,99.99,0.0,0.0,0.0,0.0,0.0,0.0,0.0,0.0,0.0,0.0,0.0,0.0,-5.89,-5.82,-82.09,0.0,0.0,0.0,100.0,0,0,1682
303723,0,0,0,99.99,0.0,0.0,0.0,0.0,0.0,0.0,0.0,0.0,0.0,0.0,0.0,0.0,-5.89,-5.82,-82.09,0.0,0.0,0.0,100.0,0,0,1683
303923,0,0,0,99.99,0.0,0.0,0.0,0.0,0.0,0.0,0.0,0.0,0.0,0.0,0.0,0.0,-5.89,-5.82,-82.07,0.0,0.0,0.0,100.0,0,0,1683
304123,0,0,0,99.99,0.0,0.0,0.0,0.0,0.0,0.0,0.0,0.0,0.0,0.0,0.0,0.0,-5.88,-5.83,-82.05,0.0,0.0,0.0,100.0,0,0,1683
304323,0,0,0,99.99,0.0,0.0,0.0,0.0,0.0,0.0,0.0,0.0,0.0,0.0,0.0,0.0,-5.89,-5.82,-82.07,0.0,0.0,0.0,100.0,0,0,1683
304523,0,0,0,99.99,0.0,0.0,0.0,0.0,0.0,0.0,0.0,0.0,0.0,0.0,0.0,0.0,-5.88,-5.82,-82.08,0.0,0.0,0.0,100.0,0,0,1688
304723,0,0,0,99.99,0.0,0.0,0.0,0.0,0.0,0.0,0.0,0.0,0.0,0.0,0.0,0.0,-5.88,-5.81,-82.09,0.0,0.0,0.0,100.0,0,0,1689
304923,0,0,0,99.99,0.0,0.0,0.0,0.0,0.0,0.0,0.0,0.0,0.0,0.0,0.0,0.0,-5.88,-5.81,-82.1,0.0,0.0,0.0,100.0,0,0,1689
305123,0,0,0,99.99,0.0,0.0,0.0,0.0,0.0,0.0,0.0,0.0,0.0,0.0,0.0,0.0,-5.88,-5.8,-82.11,0.0,0.0,0.0,100.0,0,0,1689
305323,0,0,0,99.99,0.0,0.0,0.0,0.0,0.0,0.0,0.0,0.0,0.0,0.0,0.0,0.0,-5.88,-5.82,-82.08,0.0,0.0,0.0,100.0,0,0,1689
305523,0,0,0,99.99,0.0,0.0,0.0,0.0,0.0,0.0,0.0,0.0,0.0,0.0,0.0,0.0,-5.89,-5.83,-82.08,0.0,0.0,0.0,100.0,0,0,1694
305723,0,0,0,99.99,0.0,0.0,0.0,0.0,0.0,0.0,0.0,0.0,0.0,0.0,0.0,0.0,-5.9,-5.83,-82.09,0.0,0.0,0.0,100.0,0,0,1695
305923,0,0,0,99.99,0.0,0.0,0.0,0.0,0.0,0.0,0.0,0.0,0.0,0.0,0.0,0.0,-5.9,-5.83,-82.1,0.0,0.0,0.0,100.0,0,0,1695
306123,0,0,0,99.99,0.0,0.0,0.0,0.0,0.0,0.0,0.0,0.0,0.0,0.0,0.0,0.0,-5.89,-5.84,-82.06,0.0,0.0,0.0,100.0,0,0,1695
306323,0,0,0,99.99,0.0,0.0,0.0,0.0,0.0,0.0,0.0,0.0,0.0,0.0,0.0,0.0,-5.9,-5.85,-82.04,0.0,0.0,0.0,100.0,0,0,1695
306523,0,0,0,99.99,0.0,0.0,0.0,0.0,0.0,0.0,0.0,0.0,0.0,0.0,0.0,0.0,-5.91,-5.85,-82.03,0.0,0.0,0.0,100.0,0,0,1700
306723,0,0,0,99.99,0.0,0.0,0.0,0.0,0.0,0.0,0.0,0.0,0.0,0.0,0.0,0.0,-5.9,-5.83,-82.04,0.0,0.0,0.0,100.0,0,0,1701
306923,0,0,0,99.99,0.0,0.0,0.0,0.0,0.0,0.0,0.0,0.0,0.0,0.0,0.0,0.0,-5.89,-5.83,-82.03,0.0,0.0,0.0,100.0,0,0,1701
307123,0,0,0,99.99,0.0,0.0,0.0,0.0,0.0,0.0,0.0,0.0,0.0,0.0,0.0,0.0,-5.88,-5.83,-82.04,0.0,0.0,0.0,100.0,0,0,1701
307323,0,0,0,99.99,0.0,0.0,0.0,0.0,0.0,0.0,0.0,0.0,0.0,0.0,0.0,0.0,-5.88,-5.82,-82.05,0.0,0.0,0.0,100.0,0,0,1701
307524,0,0,0,99.99,0.0,0.0,0.0,0.0,0.0,0.0,0.0,0.0,0.0,0.0,0.0,0.0,-5.87,-5.81,-82.06,0.0,0.0,0.0,100.0,0,0,1706
307733,0,0,0,99.99,0.0,0.0,0.0,0.0,0.0,0.0,0.0,0.0,0.0,0.0,0.0,0.0,-5.88,-5.81,-82.06,0.0,0.0,0.0,100.0,0,0,1707
307933,0,0,0,99.99,0.0,0.0,0.0,0.0,0.0,0.0,0.0,0.0,0.0,0.0,0.0,0.0,-5.87,-5.83,-82.04,0.0,0.0,0.0,100.0,0,0,1707
308133,0,0,0,99.99,0.0,0.0,0.0,0.0,0.0,0.0,0.0,0.0,0.0,0.0,0.0,0.0,-5.87,-5.82,-82.06,0.0,0.0,0.0,100.0,0,0,1707
308333,0,0,0,99.99,0.0,0.0,0.0,0.0,0.0,0.0,0.0,0.0,0.0,0.0,0.0,0.0,-5.89,-5.82,-82.06,0.0,0.0,0.0,100.0,0,0,1707
308533,0,0,0,99.99,0.0,0.0,0.0,0.0,0.0,0.0,0.0,0.0,0.0,0.0,0.0,0.0,-5.9,-5.84,-82.07,0.0,0.0,0.0,100.0,0,0,1712
308733,0,0,0,99.99,0.0,0.0,0.0,0.0,0.0,0.0,0.0,0.0,0.0,0.0,0.0,0.0,-5.9,-5.84,-82.07,0.0,0.0,0.0,100.0,0,0,1713
308933,0,0,0,99.99,0.0,0.0,0.0,0.0,0.0,0.0,0.0,0.0,0.0,0.0,0.0,0.0,-5.89,-5.85,-82.05,0.0,0.0,0.0,100.0,0,0,1713
309133,0,0,0,99.99,0.0,0.0,0.0,0.0,0.0,0.0,0.0,0.0,0.0,0.0,0.0,0.0,-5.88,-5.85,-82.04,0.0,0.0,0.0,100.0,0,0,1713
309333,0,0,0,99.99,0.0,0.0,0.0,0.0,0.0,0.0,0.0,0.0,0.0,0.0,0.0,0.0,-5.9,-5.84,-82.04,0.0,0.0,0.0,100.0,0,0,1713
309533,0,0,0,99.99,0.0,0.0,0.0,0.0,0.0,0.0,0.0,0.0,0.0,0.0,0.0,0.0,-5.9,-5.84,-82.06,0.0,0.0,0.0,100.0,0,0,1718
309733,0,0,0,99.99,0.0,0.0,0.0,0.0,0.0,0.0,0.0,0.0,0.0,0.0,0.0,0.0,-5.89,-5.84,-82.07,0.0,0.0,0.0,100.0,0,0,1719
309933,0,0,0,99.99,0.0,0.0,0.0,0.0,0.0,0.0,0.0,0.0,0.0,0.0,0.0,0.0,-5.89,-5.84,-82.07,0.0,0.0,0.0,100.0,0,0,1722
310133,0,0,0,99.99,0.0,0.0,0.0,0.0,0.0,0.0,0.0,0.0,0.0,0.0,0.0,0.0,-5.9,-5.84,-82.04,0.0,0.0,0.0,100.0,0,0,1725
310334,0,0,0,99.99,0.0,0.0,0.0,0.0,0.0,0.0,0.0,0.0,0.0,0.0,0.0,0.0,-5.9,-5.84,-82.03,0.0,0.0,0.0,100.0,0,0,1725
310544,0,0,0,99.99,0.0,0.0,0.0,0.0,0.0,0.0,0.0,0.0,0.0,0.0,0.0,0.0,-5.9,-5.85,-82.04,0.0,0.0,0.0,100.0,0,0,1725
310753,0,0,0,99.99,0.0,0.0,0.0,0.0,0.0,0.0,0.0,0.0,0.0,0.0,0.0,0.0,-5.9,-5.84,-82.04,0.0,0.0,0.0,100.0,0,0,1725
310953,0,0,0,99.99,0.0,0.0,0.0,0.0,0.0,0.0,0.0,0.0,0.0,0.0,0.0,0.0,-5.88,-5.86,-82.05,0.0,0.0,0.0,100.0,0,0,1729
311153,0,0,0,99.99,0.0,0.0,0.0,0.0,0.0,0.0,0.0,0.0,0.0,0.0,0.0,0.0,-5.88,-5.87,-82.04,0.0,0.0,0.0,100.0,0,0,1731
311353,0,0,0,99.99,0.0,0.0,0.0,0.0,0.0,0.0,0.0,0.0,0.0,0.0,0.0,0.0,-5.88,-5.86,-82.06,0.0,0.0,0.0,100.0,0,0,1731
311553,0,0,0,99.99,0.0,0.0,0.0,0.0,0.0,0.0,0.0,0.0,0.0,0.0,0.0,0.0,-5.86,-5.86,-82.05,0.0,0.0,0.0,100.0,0,0,1731
311753,0,0,0,99.99,0.0,0.0,0.0,0.0,0.0,0.0,0.0,0.0,0.0,0.0,0.0,0.0,-5.87,-5.86,-82.04,0.0,0.0,0.0,100.0,0,0,1731
311953,0,0,0,99.99,0.0,0.0,0.0,0.0,0.0,0.0,0.0,0.0,0.0,0.0,0.0,0.0,-5.88,-5.85,-82.04,0.0,0.0,0.0,100.0,0,0,1735
312153,0,0,0,99.99,0.0,0.0,0.0,0.0,0.0,0.0,0.0,0.0,0.0,0.0,0.0,0.0,-5.89,-5.84,-82.05,0.0,0.0,0.0,100.0,0,0,1737
312353,0,0,0,99.99,0.0,0.0,0.0,0.0,0.0,0.0,0.0,0.0,0.0,0.0,0.0,0.0,-5.91,-5.84,-82.03,0.0,0.0,0.0,100.0,0,0,1737
312553,0,0,0,99.99,0.0,0.0,0.0,0.0,0.0,0.0,0.0,0.0,0.0,0.0,0.0,0.0,-5.91,-5.83,-82.03,0.0,0.0,0.0,100.0,0,0,1737
312753,0,0,0,99.99,0.0,0.0,0.0,0.0,0.0,0.0,0.0,0.0,0.0,0.0,0.0,0.0,-5.91,-5.83,-82.04,0.0,0.0,0.0,100.0,0,0,1737
312953,0,0,0,99.99,0.0,0.0,0.0,0.0,0.0,0.0,0.0,0.0,0.0,0.0,0.0,0.0,-5.91,-5.83,-82.02,0.0,0.0,0.0,100.0,0,0,1741
313153,0,0,0,99.99,0.0,0.0,0.0,0.0,0.0,0.0,0.0,0.0,0.0,0.0,0.0,0.0,-5.91,-5.83,-82.03,0.0,0.0,0.0,100.0,0,0,1743
313353,0,0,0,99.99,0.0,0.0,0.0,0.0,0.0,0.0,0.0,0.0,0.0,0.0,0.0,0.0,-5.9,-5.84,-82.02,0.0,0.0,0.0,100.0,0,0,1743
313553,0,0,0,99.99,0.0,0.0,0.0,0.0,0.0,0.0,0.0,0.0,0.0,0.0,0.0,0.0,-5.89,-5.84,-82.02,0.0,0.0,0.0,100.0,0,0,1743
313753,0,0,0,99.99,0.0,0.0,0.0,0.0,0.0,0.0,0.0,0.0,0.0,0.0,0.0,0.0,-5.88,-5.85,-82.01,0.0,0.0,0.0,100.0,0,0,1743
313953,0,0,0,99.99,0.0,0.0,0.0,0.0,0.0,0.0,0.0,0.0,0.0,0.0,0.0,0.0,-5.88,-5.84,-82.03,0.0,0.0,0.0,100.0,0,0,1743
314153,0,0,0,99.99,0.0,0.0,0.0,0.0,0.0,0.0,0.0,0.0,0.0,0.0,0.0,0.0,-5.88,-5.83,-82.04,0.0,0.0,0.0,100.0,0,0,1748
314353,0,0,0,99.99,0.0,0.0,0.0,0.0,0.0,0.0,0.0,0.0,0.0,0.0,0.0,0.0,-5.89,-5.83,-82.06,0.0,0.0,0.0,100.0,0,0,1749
314553,0,0,0,99.99,0.0,0.0,0.0,0.0,0.0,0.0,0.0,0.0,0.0,0.0,0.0,0.0,-5.9,-5.83,-82.06,0.0,0.0,0.0,100.0,0,0,1749
314753,0,0,0,99.99,0.0,0.0,0.0,0.0,0.0,0.0,0.0,0.0,0.0,0.0,0.0,0.0,-5.89,-5.84,-82.05,0.0,0.0,0.0,100.0,0,0,1749
314953,0,0,0,99.99,0.0,0.0,0.0,0.0,0.0,0.0,0.0,0.0,0.0,0.0,0.0,0.0,-5.88,-5.84,-82.04,0.0,0.0,0.0,100.0,0,0,1753
315153,0,0,0,99.99,0.0,0.0,0.0,0.0,0.0,0.0,0.0,0.0,0.0,0.0,0.0,0.0,-5.87,-5.85,-82.04,0.0,0.0,0.0,100.0,0,0,1755
315353,0,0,0,99.99,0.0,0.0,0.0,0.0,0.0,0.0,0.0,0.0,0.0,0.0,0.0,0.0,-5.88,-5.86,-82.02,0.0,0.0,0.0,100.0,0,0,1755
315553,0,0,0,99.99,0.0,0.0,0.0,0.0,0.0,0.0,0.0,0.0,0.0,0.0,0.0,0.0,-5.87,-5.86,-82.04,0.0,0.0,0.0,100.0,0,0,1755
315753,0,0,0,99.99,0.0,0.0,0.0,0.0,0.0,0.0,0.0,0.0,0.0,0.0,0.0,0.0,-5.87,-5.86,-82.01,0.0,0.0,0.0,100.0,0,0,1755
315953,0,0,0,99.99,0.0,0.0,0.0,0.0,0.0,0.0,0.0,0.0,0.0,0.0,0.0,0.0,-5.86,-5.86,-82.02,0.0,0.0,0.0,100.0,0,0,1759
316153,0,0,0,99.99,0.0,0.0,0.0,0.0,0.0,0.0,0.0,0.0,0.0,0.0,0.0,0.0,-5.85,-5.84,-82.04,0.0,0.0,0.0,100.0,0,0,1761
316353,0,0,0,99.99,0.0,0.0,0.0,0.0,0.0,0.0,0.0,0.0,0.0,0.0,0.0,0.0,-5.85,-5.82,-82.05,0.0,0.0,0.0,100.0,0,0,1761
316553,0,0,0,99.99,0.0,0.0,0.0,0.0,0.0,0.0,0.0,0.0,0.0,0.0,0.0,0.0,-5.85,-5.82,-82.06,0.0,0.0,0.0,100.0,0,0,1761
316753,0,0,0,99.99,0.0,0.0,0.0,0.0,0.0,0.0,0.0,0.0,0.0,0.0,0.0,0.0,-5.87,-5.83,-82.05,0.0,0.0,0.0,100.0,0,0,1761
316953,0,0,0,99.99,0.0,0.0,0.0,0.0,0.0,0.0,0.0,0.0,0.0,0.0,0.0,0.0,-5.87,-5.84,-82.05,0.0,0.0,0.0,100.0,0,0,1765
317153,0,0,0,99.99,0.0,0.0,0.0,0.0,0.0,0.0,0.0,0.0,0.0,0.0,0.0,0.0,-5.88,-5.84,-82.02,0.0,0.0,0.0,100.0,0,0,1767
317353,0,0,0,99.99,0.0,0.0,0.0,0.0,0.0,0.0,0.0,0.0,0.0,0.0,0.0,0.0,-5.88,-5.85,-82.03,0.0,0.0,0.0,100.0,0,0,1767
317553,0,0,0,99.99,0.0,0.0,0.0,0.0,0.0,0.0,0.0,0.0,0.0,0.0,0.0,0.0,-5.87,-5.84,-82.04,0.0,0.0,0.0,100.0,0,0,1767
317753,0,0,0,99.99,0.0,0.0,0.0,0.0,0.0,0.0,0.0,0.0,0.0,0.0,0.0,0.0,-5.88,-5.84,-82.02,0.0,0.0,0.0,100.0,0,0,1767
317954,0,0,0,99.99,0.0,0.0,0.0,0.0,0.0,0.0,0.0,0.0,0.0,0.0,0.0,0.0,-5.89,-5.84,-82.03,0.0,0.0,0.0,100.0,0,0,1771
318163,0,0,0,99.99,0.0,0.0,0.0,0.0,0.0,0.0,0.0,0.0,0.0,0.0,0.0,0.0,-5.89,-5.84,-82.04,0.0,0.0,0.0,100.0,0,0,1773
318363,0,0,0,99.99,0.0,0.0,0.0,0.0,0.0,0.0,0.0,0.0,0.0,0.0,0.0,0.0,-5.88,-5.83,-82.06,0.0,0.0,0.0,100.0,0,0,1773
318563,0,0,0,99.99,0.0,0.0,0.0,0.0,0.0,0.0,0.0,0.0,0.0,0.0,0.0,0.0,-5.89,-5.83,-82.03,0.0,0.0,0.0,100.0,0,0,1773
318763,0,0,0,99.99,0.0,0.0,0.0,0.0,0.0,0.0,0.0,0.0,0.0,0.0,0.0,0.0,-5.91,-5.81,-82.05,0.0,0.0,0.0,100.0,0,0,1773
318963,0,0,0,99.99,0.0,0.0,0.0,0.0,0.0,0.0,0.0,0.0,0.0,0.0,0.0,0.0,-5.9,-5.82,-82.05,0.0,0.0,0.0,100.0,0,0,1777
319163,0,0,0,99.99,0.0,0.0,0.0,0.0,0.0,0.0,0.0,0.0,0.0,0.0,0.0,0.0,-5.9,-5.82,-82.05,0.0,0.0,0.0,100.0,0,0,1779
319363,0,0,0,99.99,0.0,0.0,0.0,0.0,0.0,0.0,0.0,0.0,0.0,0.0,0.0,0.0,-5.89,-5.84,-82.05,0.0,0.0,0.0,100.0,0,0,1779
319563,0,0,0,99.99,0.0,0.0,0.0,0.0,0.0,0.0,0.0,0.0,0.0,0.0,0.0,0.0,-5.89,-5.83,-82.07,0.0,0.0,0.0,100.0,0,0,1779
319763,0,0,0,99.99,0.0,0.0,0.0,0.0,0.0,0.0,0.0,0.0,0.0,0.0,0.0,0.0,-5.89,-5.84,-82.07,0.0,0.0,0.0,100.0,0,0,1779
319963,0,0,0,99.99,0.0,0.0,0.0,0.0,0.0,0.0,0.0,0.0,0.0,0.0,0.0,0.0,-5.89,-5.84,-82.06,0.0,0.0,0.0,100.0,0,0,1779
320163,0,0,0,99.99,0.0,0.0,0.0,0.0,0.0,0.0,0.0,0.0,0.0,0.0,0.0,0.0,-5.88,-5.84,-82.05,0.0,0.0,0.0,100.0,0,0,1785
320363,0,0,0,99.99,0.0,0.0,0.0,0.0,0.0,0.0,0.0,0.0,0.0,0.0,0.0,0.0,-5.89,-5.84,-82.05,0.0,0.0,0.0,100.0,0,0,1785
320563,0,0,0,99.99,0.0,0.0,0.0,0.0,0.0,0.0,0.0,0.0,0.0,0.0,0.0,0.0,-5.9,-5.83,-82.05,0.0,0.0,0.0,100.0,0,0,1785
320763,0,0,0,99.99,0.0,0.0,0.0,0.0,0.0,0.0,0.0,0.0,0.0,0.0,0.0,0.0,-5.9,-5.83,-82.06,0.0,0.0,0.0,100.0,0,0,1785
320967,0,0,0,99.99,0.0,0.0,0.0,0.0,0.0,0.0,0.0,0.0,0.0,0.0,0.0,0.0,-5.9,-5.84,-82.07,0.0,0.0,0.0,100.0,0,0,1789
321173,0,0,0,99.99,0.0,0.0,0.0,0.0,0.0,0.0,0.0,0.0,0.0,0.0,0.0,0.0,-5.9,-5.84,-82.04,0.0,0.0,0.0,100.0,0,0,1791
321373,0,0,0,99.99,0.0,0.0,0.0,0.0,0.0,0.0,0.0,0.0,0.0,0.0,0.0,0.0,-5.89,-5.85,-82.02,0.0,0.0,0.0,100.0,0,0,1791
321573,0,0,0,99.99,0.0,0.0,0.0,0.0,0.0,0.0,0.0,0.0,0.0,0.0,0.0,0.0,-5.89,-5.86,-82.01,0.0,0.0,0.0,100.0,0,0,1791
321773,0,0,0,99.99,0.0,0.0,0.0,0.0,0.0,0.0,0.0,0.0,0.0,0.0,0.0,0.0,-5.89,-5.85,-82.03,0.0,0.0,0.0,100.0,0,0,1791
321973,0,0,0,99.99,0.0,0.0,0.0,0.0,0.0,0.0,0.0,0.0,0.0,0.0,0.0,0.0,-5.88,-5.85,-82.02,0.0,0.0,0.0,100.0,0,0,1795
322173,0,0,0,99.99,0.0,0.0,0.0,0.0,0.0,0.0,0.0,0.0,0.0,0.0,0.0,0.0,-5.88,-5.85,-82.03,0.0,0.0,0.0,100.0,0,0,1797
322373,0,0,0,99.99,0.0,0.0,0.0,0.0,0.0,0.0,0.0,0.0,0.0,0.0,0.0,0.0,-5.88,-5.84,-82.05,0.0,0.0,0.0,100.0,0,0,1797
322573,0,0,0,99.99,0.0,0.0,0.0,0.0,0.0,0.0,0.0,0.0,0.0,0.0,0.0,0.0,-5.88,-5.85,-82.03,0.0,0.0,0.0,100.0,0,0,1797
322773,0,0,0,99.99,0.0,0.0,0.0,0.0,0.0,0.0,0.0,0.0,0.0,0.0,0.0,0.0,-5.88,-5.85,-82.04,0.0,0.0,0.0,100.0,0,0,1797
322973,0,0,0,99.99,0.0,0.0,0.0,0.0,0.0,0.0,0.0,0.0,0.0,0.0,0.0,0.0,-5.88,-5.84,-82.03,0.0,0.0,0.0,100.0,0,0,1801
323173,0,0,0,99.99,0.0,0.0,0.0,0.0,0.0,0.0,0.0,0.0,0.0,0.0,0.0,0.0,-5.87,-5.83,-82.05,0.0,0.0,0.0,100.0,0,0,1803
323373,0,0,0,99.99,0.0,0.0,0.0,0.0,0.0,0.0,0.0,0.0,0.0,0.0,0.0,0.0,-5.87,-5.83,-82.04,0.0,0.0,0.0,100.0,0,0,1803
323573,0,0,0,99.99,0.0,0.0,0.0,0.0,0.0,0.0,0.0,0.0,0.0,0.0,0.0,0.0,-5.88,-5.83,-82.05,0.0,0.0,0.0,100.0,0,0,1803
323773,0,0,0,99.99,0.0,0.0,0.0,0.0,0.0,0.0,0.0,0.0,0.0,0.0,0.0,0.0,-5.88,-5.83,-82.06,0.0,0.0,0.0,100.0,0,0,1803
323973,0,0,0,99.99,0.0,0.0,0.0,0.0,0.0,0.0,0.0,0.0,0.0,0.0,0.0,0.0,-5.9,-5.83,-82.05,0.0,0.0,0.0,100.0,0,0,1807
324173,0,0,0,99.99,0.0,0.0,0.0,0.0,0.0,0.0,0.0,0.0,0.0,0.0,0.0,0.0,-5.89,-5.84,-82.05,0.0,0.0,0.0,100.0,0,0,1809
324373,0,0,0,99.99,0.0,0.0,0.0,0.0,0.0,0.0,0.0,0.0,0.0,0.0,0.0,0.0,-5.89,-5.84,-82.04,0.0,0.0,0.0,100.0,0,0,1809
324573,0,0,0,99.99,0.0,0.0,0.0,0.0,0.0,0.0,0.0,0.0,0.0,0.0,0.0,0.0,-5.9,-5.84,-82.03,0.0,0.0,0.0,100.0,0,0,1809
324773,0,0,0,99.99,0.0,0.0,0.0,0.0,0.0,0.0,0.0,0.0,0.0,0.0,0.0,0.0,-5.89,-5.82,-82.05,0.0,0.0,0.0,100.0,0,0,1809
324973,0,0,0,99.99,0.0,0.0,0.0,0.0,0.0,0.0,0.0,0.0,0.0,0.0,0.0,0.0,-5.89,-5.82,-82.08,0.0,0.0,0.0,100.0,0,0,1813
325173,0,0,0,99.99,0.0,0.0,0.0,0.0,0.0,0.0,0.0,0.0,0.0,0.0,0.0,0.0,-5.91,-5.82,-82.08,0.0,0.0,0.0,100.0,0,0,1815
325373,0,0,0,99.99,0.0,0.0,0.0,0.0,0.0,0.0,0.0,0.0,0.0,0.0,0.0,0.0,-5.9,-5.82,-82.1,0.0,0.0,0.0,100.0,0,0,1815
325573,0,0,0,99.99,0.0,0.0,0.0,0.0,0.0,0.0,0.0,0.0,0.0,0.0,0.0,0.0,-5.91,-5.84,-82.09,0.0,0.0,0.0,100.0,0,0,1815
325773,0,0,0,99.99,0.0,0.0,0.0,0.0,0.0,0.0,0.0,0.0,0.0,0.0,0.0,0.0,-5.91,-5.83,-82.1,0.0,0.0,0.0,100.0,0,0,1815
325973,0,0,0,99.99,0.0,0.0,0.0,0.0,0.0,0.0,0.0,0.0,0.0,0.0,0.0,0.0,-5.91,-5.84,-82.09,0.0,0.0,0.0,100.0,0,0,1815
326173,0,0,0,99.99,0.0,0.0,0.0,0.0,0.0,0.0,0.0,0.0,0.0,0.0,0.0,0.0,-5.9,-5.83,-82.08,0.0,0.0,0.0,100.0,0,0,1820
326373,0,0,0,99.99,0.0,0.0,0.0,0.0,0.0,0.0,0.0,0.0,0.0,0.0,0.0,0.0,-5.9,-5.84,-82.06,0.0,0.0,0.0,100.0,0,0,1821
326573,0,0,0,99.99,0.0,0.0,0.0,0.0,0.0,0.0,0.0,0.0,0.0,0.0,0.0,0.0,-5.9,-5.86,-82.05,0.0,0.0,0.0,100.0,0,0,1821
326773,0,0,0,99.99,0.0,0.0,0.0,0.0,0.0,0.0,0.0,0.0,0.0,0.0,0.0,0.0,-5.89,-5.86,-82.06,0.0,0.0,0.0,100.0,0,0,1821
326973,0,0,0,99.99,0.0,0.0,0.0,0.0,0.0,0.0,0.0,0.0,0.0,0.0,0.0,0.0,-5.9,-5.88,-82.06,0.0,0.0,0.0,100.0,0,0,1825
327173,0,0,0,99.99,0.0,0.0,0.0,0.0,0.0,0.0,0.0,0.0,0.0,0.0,0.0,0.0,-5.9,-5.88,-82.05,0.0,0.0,0.0,100.0,0,0,1827
327373,0,0,0,99.99,0.0,0.0,0.0,0.0,0.0,0.0,0.0,0.0,0.0,0.0,0.0,0.0,-5.89,-5.88,-82.04,0.0,0.0,0.0,100.0,0,0,1827
327573,0,0,0,99.99,0.0,0.0,0.0,0.0,0.0,0.0,0.0,0.0,0.0,0.0,0.0,0.0,-5.78,-5.82,-81.99,0.0,0.0,0.0,100.0,0,0,1827
327773,0,0,0,99.99,0.0,0.0,0.0,0.0,0.0,0.0,0.0,0.0,0.0,0.0,0.0,0.0,-6.0,-5.78,-82.07,0.0,0.0,0.0,99.9,0,0,1827
327973,0,0,0,99.99,0.0,0.0,0.0,0.0,0.0,0.0,0.0,0.0,0.0,0.0,0.0,0.0,-5.98,-5.77,-82.06,0.0,0.0,0.0,99.9,0,0,1831
328173,0,0,0,99.99,0.0,0.0,0.0,0.0,0.0,0.0,0.0,0.0,0.0,0.0,0.0,0.0,-5.96,-5.76,-82.07,0.0,0.0,0.0,99.9,0,0,1833
328373,0,0,0,99.99,0.0,0.0,0.0,0.0,0.0,0.0,0.0,0.0,0.0,0.0,0.0,0.0,-5.94,-5.77,-82.06,0.0,0.0,0.0,99.9,0,0,1833
328573,0,0,0,99.99,0.0,0.0,0.0,0.0,0.0,0.0,0.0,0.0,0.0,0.0,0.0,0.0,-5.93,-5.78,-82.03,0.0,0.0,0.0,99.9,0,0,1833
328773,0,0,0,99.99,0.0,0.0,0.0,0.0,0.0,0.0,0.0,0.0,0.0,0.0,0.0,0.0,-5.93,-5.8,-82.03,0.0,0.0,0.0,100.1,0,0,1833
328973,0,0,0,99.99,0.0,0.0,0.0,0.0,0.0,0.0,0.0,0.0,0.0,0.0,0.0,0.0,-5.91,-5.79,-82.02,0.0,0.0,0.0,100.1,0,0,1837
329173,0,0,0,99.99,0.0,0.0,0.0,0.0,0.0,0.0,0.0,0.0,0.0,0.0,0.0,0.0,-5.91,-5.77,-82.03,0.0,0.0,0.0,100.1,0,0,1839
329373,0,0,0,99.99,0.0,0.0,0.0,0.0,0.0,0.0,0.0,0.0,0.0,0.0,0.0,0.0,-5.91,-5.76,-82.03,0.0,0.0,0.0,100.1,0,0,1839
329573,0,0,0,99.99,0.0,0.0,0.0,0.0,0.0,0.0,0.0,0.0,0.0,0.0,0.0,0.0,-5.91,-5.74,-82.04,0.0,0.0,0.0,100.1,0,0,1839
329773,0,0,0,99.99,0.0,0.0,0.0,0.0,0.0,0.0,0.0,0.0,0.0,0.0,0.0,0.0,-5.93,-5.75,-82.03,0.0,0.0,0.0,100.0,0,0,1839
329973,0,0,0,99.99,0.0,0.0,0.0,0.0,0.0,0.0,0.0,0.0,0.0,0.0,0.0,0.0,-5.94,-5.75,-82.01,0.0,0.0,0.0,100.0,0,0,1843
330173,0,0,0,99.99,0.0,0.0,0.0,0.0,0.0,0.0,0.0,0.0,0.0,0.0,0.0,0.0,-6.21,-5.86,-82.05,0.0,0.0,0.0,100.0,0,0,1845
330373,0,0,0,99.99,0.0,0.0,0.0,0.0,0.0,0.0,0.0,0.0,0.0,0.0,0.0,0.0,-6.25,-5.71,-82.07,0.0,0.0,0.0,100.0,0,0,1845
330573,0,0,0,99.99,0.0,0.0,0.0,0.0,0.0,0.0,0.0,0.0,0.0,0.0,0.0,0.0,-6.09,-5.73,-82.15,0.0,0.0,0.0,100.0,0,0,1845
330773,0,0,0,99.99,0.0,0.0,0.0,0.0,0.0,0.0,0.0,0.0,0.0,0.0,0.0,0.0,-6.05,-5.71,-82.19,0.0,0.0,0.0,100.0,0,0,1845
330973,0,0,0,99.99,0.0,0.0,0.0,0.0,0.0,0.0,0.0,0.0,0.0,0.0,0.0,0.0,-6.03,-5.7,-82.24,0.0,0.0,0.0,100.0,0,0,1849
331173,0,0,0,99.99,0.0,0.0,0.0,0.0,0.0,0.0,0.0,0.0,0.0,0.0,0.0,0.0,-5.99,-5.7,-82.29,0.0,0.0,0.0,100.0,0,0,1851
331373,0,0,0,99.99,0.0,0.0,0.0,0.0,0.0,0.0,0.0,0.0,0.0,0.0,0.0,0.0,-5.98,-5.7,-82.32,0.0,0.0,0.0,100.0,0,0,1851
331573,0,0,0,99.99,0.0,0.0,0.0,0.0,0.0,0.0,0.0,0.0,0.0,0.0,0.0,0.0,-5.97,-5.69,-82.34,0.0,0.0,0.0,100.0,0,0,1851
331773,0,0,0,99.99,0.0,0.0,0.0,0.0,0.0,0.0,0.0,0.0,0.0,0.0,0.0,0.0,-5.96,-5.7,-82.35,0.0,0.0,0.0,100.0,0,0,1851
331974,0,0,0,99.99,0.0,0.0,0.0,0.0,0.0,0.0,0.0,0.0,0.0,0.0,0.0,0.0,-5.96,-5.72,-82.37,0.0,0.0,0.0,100.0,0,0,1851
332183,0,0,0,99.99,0.0,0.0,0.0,0.0,0.0,0.0,0.0,0.0,0.0,0.0,0.0,0.0,-5.95,-5.71,-82.38,0.0,0.0,0.0,100.0,0,0,1857
332383,0,0,0,99.99,0.0,0.0,0.0,0.0,0.0,0.0,0.0,0.0,0.0,0.0,0.0,0.0,-5.95,-5.72,-82.4,0.0,0.0,0.0,100.0,0,0,1857
332583,0,0,0,99.99,0.0,0.0,0.0,0.0,0.0,0.0,0.0,0.0,0.0,0.0,0.0,0.0,-5.93,-5.71,-82.42,0.0,0.0,0.0,100.0,0,0,1857
332783,0,0,0,99.99,0.0,0.0,0.0,0.0,0.0,0.0,0.0,0.0,0.0,0.0,0.0,0.0,-5.96,-5.72,-82.42,0.0,0.0,0.0,100.0,0,0,1857
332983,0,0,0,99.99,0.0,0.0,0.0,0.0,0.0,0.0,0.0,0.0,0.0,0.0,0.0,0.0,-5.92,-5.73,-82.42,0.0,0.0,0.0,100.0,0,0,1861
333183,0,0,0,99.99,0.0,0.0,0.0,0.0,0.0,0.0,0.0,0.0,0.0,0.0,0.0,0.0,-5.92,-5.74,-82.42,0.0,0.0,0.0,100.0,0,0,1863
333384,0,0,0,99.99,0.0,0.0,0.0,0.0,0.0,0.0,0.0,0.0,0.0,0.0,0.0,0.0,-5.93,-5.73,-82.44,0.0,0.0,0.0,100.0,0,0,1863
333584,0,0,0,99.99,0.0,0.0,0.0,0.0,0.0,0.0,0.0,0.0,0.0,0.0,0.0,0.0,-5.92,-5.74,-82.45,0.0,0.0,0.0,100.0,0,0,1863
333793,0,0,0,99.99,0.0,0.0,0.0,0.0,0.0,0.0,0.0,0.0,0.0,0.0,0.0,0.0,-5.91,-5.74,-82.46,0.0,0.0,0.0,100.0,0,0,1863
333993,0,0,0,99.99,0.0,0.0,0.0,0.0,0.0,0.0,0.0,0.0,0.0,0.0,0.0,0.0,-5.91,-5.75,-82.46,0.0,0.0,0.0,100.0,0,0,1868
334193,0,0,0,99.99,0.0,0.0,0.0,0.0,0.0,0.0,0.0,0.0,0.0,0.0,0.0,0.0,-5.91,-5.76,-82.44,0.0,0.0,0.0,100.0,0,0,1869
334393,0,0,0,99.99,0.0,0.0,0.0,0.0,0.0,0.0,0.0,0.0,0.0,0.0,0.0,0.0,-5.9,-5.77,-82.43,0.0,0.0,0.0,100.0,0,0,1869
334593,0,0,0,99.99,0.0,0.0,0.0,0.0,0.0,0.0,0.0,0.0,0.0,0.0,0.0,0.0,-5.9,-5.76,-82.46,0.0,0.0,0.0,100.0,0,0,1869
334793,0,0,0,99.99,0.0,0.0,0.0,0.0,0.0,0.0,0.0,0.0,0.0,0.0,0.0,0.0,-5.9,-5.76,-82.46,0.0,0.0,0.0,100.0,0,0,1869
334994,0,0,0,99.99,0.0,0.0,0.0,0.0,0.0,0.0,0.0,0.0,0.0,0.0,0.0,0.0,-5.9,-5.76,-82.48,0.0,0.0,0.0,100.0,0,0,1874
335203,0,0,0,99.99,0.0,0.0,0.0,0.0,0.0,0.0,0.0,0.0,0.0,0.0,0.0,0.0,-5.9,-5.78,-82.44,0.0,0.0,0.0,100.0,0,0,1875
335403,0,0,0,99.99,0.0,0.0,0.0,0.0,0.0,0.0,0.0,0.0,0.0,0.0,0.0,0.0,-5.9,-5.78,-82.43,0.0,0.0,0.0,100.0,0,0,1875
335603,0,0,0,99.99,0.0,0.0,0.0,0.0,0.0,0.0,0.0,0.0,0.0,0.0,0.0,0.0,-5.9,-5.77,-82.44,0.0,0.0,0.0,100.0,0,0,1875
335803,0,0,0,99.99,0.0,0.0,0.0,0.0,0.0,0.0,0.0,0.0,0.0,0.0,0.0,0.0,-5.9,-5.78,-82.44,0.0,0.0,0.0,100.0,0,0,1875
336003,0,0,0,99.99,0.0,0.0,0.0,0.0,0.0,0.0,0.0,0.0,0.0,0.0,0.0,0.0,-5.89,-5.77,-82.43,0.0,0.0,0.0,100.0,0,0,1880
336203,0,0,0,99.99,0.0,0.0,0.0,0.0,0.0,0.0,0.0,0.0,0.0,0.0,0.0,0.0,-5.89,-5.77,-82.42,0.0,0.0,0.0,100.0,0,0,1881
336403,0,0,0,99.99,0.0,0.0,0.0,0.0,0.0,0.0,0.0,0.0,0.0,0.0,0.0,0.0,-5.89,-5.78,-82.43,0.0,0.0,0.0,100.0,0,0,1881
336603,0,0,0,99.99,0.0,0.0,0.0,0.0,0.0,0.0,0.0,0.0,0.0,0.0,0.0,0.0,-5.89,-5.79,-82.43,0.0,0.0,0.0,100.0,0,0,1881
336803,0,0,0,99.99,0.0,0.0,0.0,0.0,0.0,0.0,0.0,0.0,0.0,0.0,0.0,0.0,-5.91,-5.8,-82.41,0.0,0.0,0.0,100.0,0,0,1881
337004,0,0,0,99.99,0.0,0.0,0.0,0.0,0.0,0.0,0.0,0.0,0.0,0.0,0.0,0.0,-5.91,-5.78,-82.42,0.0,0.0,0.0,100.0,0,0,1886
337213,0,0,0,99.99,0.0,0.0,0.0,0.0,0.0,0.0,0.0,0.0,0.0,0.0,0.0,0.0,-5.9,-5.77,-82.41,0.0,0.0,0.0,100.0,0,0,1887
337413,0,0,0,99.99,0.0,0.0,0.0,0.0,0.0,0.0,0.0,0.0,0.0,0.0,0.0,0.0,-5.89,-5.77,-82.44,0.0,0.0,0.0,100.0,0,0,1887
337613,0,0,0,99.99,0.0,0.0,0.0,0.0,0.0,0.0,0.0,0.0,0.0,0.0,0.0,0.0,-5.89,-5.77,-82.46,0.0,0.0,0.0,100.0,0,0,1887
337813,0,0,0,99.99,0.0,0.0,0.0,0.0,0.0,0.0,0.0,0.0,0.0,0.0,0.0,0.0,-5.89,-5.77,-82.46,0.0,0.0,0.0,100.0,0,0,1887
338013,0,0,0,99.99,0.0,0.0,0.0,0.0,0.0,0.0,0.0,0.0,0.0,0.0,0.0,0.0,-5.89,-5.78,-82.46,0.0,0.0,0.0,100.0,0,0,1890
338213,0,0,0,99.99,0.0,0.0,0.0,0.0,0.0,0.0,0.0,0.0,0.0,0.0,0.0,0.0,-5.89,-5.78,-82.47,0.0,0.0,0.0,100.0,0,0,1893
338413,0,0,0,99.99,0.0,0.0,0.0,0.0,0.0,0.0,0.0,0.0,0.0,0.0,0.0,0.0,-5.9,-5.77,-82.47,0.0,0.0,0.0,100.0,0,0,1893
338613,0,0,0,99.99,0.0,0.0,0.0,0.0,0.0,0.0,0.0,0.0,0.0,0.0,0.0,0.0,-5.9,-5.78,-82.48,0.0,0.0,0.0,100.0,0,0,1893
338813,0,0,0,99.99,0.0,0.0,0.0,0.0,0.0,0.0,0.0,0.0,0.0,0.0,0.0,0.0,-5.9,-5.78,-82.5,0.0,0.0,0.0,100.0,0,0,1893
339013,0,0,0,99.99,0.0,0.0,0.0,0.0,0.0,0.0,0.0,0.0,0.0,0.0,0.0,0.0,-5.88,-5.78,-82.51,0.0,0.0,0.0,100.0,0,0,1899
339213,0,0,0,99.99,0.0,0.0,0.0,0.0,0.0,0.0,0.0,0.0,0.0,0.0,0.0,0.0,-5.89,-5.78,-82.52,0.0,0.0,0.0,100.0,0,0,1899
339413,0,0,0,99.99,0.0,0.0,0.0,0.0,0.0,0.0,0.0,0.0,0.0,0.0,0.0,0.0,-5.91,-5.78,-82.52,0.0,0.0,0.0,100.0,0,0,1899
339613,0,0,0,99.99,0.0,0.0,0.0,0.0,0.0,0.0,0.0,0.0,0.0,0.0,0.0,0.0,-5.91,-5.78,-82.52,0.0,0.0,0.0,100.0,0,0,1899
339813,0,0,0,99.99,0.0,0.0,0.0,0.0,0.0,0.0,0.0,0.0,0.0,0.0,0.0,0.0,-5.91,-5.79,-82.53,0.0,0.0,0.0,100.0,0,0,1899
340013,0,0,0,99.99,0.0,0.0,0.0,0.0,0.0,0.0,0.0,0.0,0.0,0.0,0.0,0.0,-5.91,-5.79,-82.53,0.0,0.0,0.0,100.0,0,0,1905
340213,0,0,0,99.99,0.0,0.0,0.0,0.0,0.0,0.0,0.0,0.0,0.0,0.0,0.0,0.0,-5.9,-5.77,-82.56,0.0,0.0,0.0,100.0,0,0,1905
340413,0,0,0,99.99,0.0,0.0,0.0,0.0,0.0,0.0,0.0,0.0,0.0,0.0,0.0,0.0,-5.9,-5.79,-82.55,0.0,0.0,0.0,100.0,0,0,1905
340613,0,0,0,99.99,0.0,0.0,0.0,0.0,0.0,0.0,0.0,0.0,0.0,0.0,0.0,0.0,-5.9,-5.78,-82.55,0.0,0.0,0.0,100.0,0,0,1905
340813,0,0,0,99.99,0.0,0.0,0.0,0.0,0.0,0.0,0.0,0.0,0.0,0.0,0.0,0.0,-5.89,-5.8,-82.51,0.0,0.0,0.0,100.0,0,0,1905
341013,0,0,0,99.99,0.0,0.0,0.0,0.0,0.0,0.0,0.0,0.0,0.0,0.0,0.0,0.0,-5.9,-5.8,-82.48,0.0,0.0,0.0,100.0,0,0,1911
341213,0,0,0,99.99,0.0,0.0,0.0,0.0,0.0,0.0,0.0,0.0,0.0,0.0,0.0,0.0,-5.9,-5.79,-82.5,0.0,0.0,0.0,100.0,0,0,1911
341413,0,0,0,99.99,0.0,0.0,0.0,0.0,0.0,0.0,0.0,0.0,0.0,0.0,0.0,0.0,-5.9,-5.78,-82.49,0.0,0.0,0.0,100.0,0,0,1911
341613,0,0,0,99.99,0.0,0.0,0.0,0.0,0.0,0.0,0.0,0.0,0.0,0.0,0.0,0.0,-5.89,-5.78,-82.48,0.0,0.0,0.0,100.0,0,0,1911
341813,0,0,0,99.99,0.0,0.0,0.0,0.0,0.0,0.0,0.0,0.0,0.0,0.0,0.0,0.0,-5.89,-5.78,-82.49,0.0,0.0,0.0,100.0,0,0,1911
342013,0,0,0,99.99,0.0,0.0,0.0,0.0,0.0,0.0,0.0,0.0,0.0,0.0,0.0,0.0,-5.89,-5.78,-82.49,0.0,0.0,0.0,100.0,0,0,1917
342213,0,0,0,99.99,0.0,0.0,0.0,0.0,0.0,0.0,0.0,0.0,0.0,0.0,0.0,0.0,-5.9,-5.79,-82.47,0.0,0.0,0.0,100.0,0,0,1917
342413,0,0,0,99.99,0.0,0.0,0.0,0.0,0.0,0.0,0.0,0.0,0.0,0.0,0.0,0.0,-5.88,-5.79,-82.48,0.0,0.0,0.0,100.0,0,0,1917
342613,0,0,0,99.99,0.0,0.0,0.0,0.0,0.0,0.0,0.0,0.0,0.0,0.0,0.0,0.0,-5.88,-5.79,-82.47,0.0,0.0,0.0,100.0,0,0,1917
342813,0,0,0,99.99,0.0,0.0,0.0,0.0,0.0,0.0,0.0,0.0,0.0,0.0,0.0,0.0,-5.89,-5.83,-82.45,0.0,0.0,0.0,100.0,0,0,1917
343013,0,0,0,99.99,0.0,0.0,0.0,0.0,0.0,0.0,0.0,0.0,0.0,0.0,0.0,0.0,-5.91,-5.78,-82.43,0.0,0.0,0.0,100.0,0,0,1923
343214,0,0,0,99.99,0.0,0.0,0.0,0.0,0.0,0.0,0.0,0.0,0.0,0.0,0.0,0.0,-5.9,-5.78,-82.44,0.0,0.0,0.0,100.0,0,0,1923
343423,0,0,0,99.99,0.0,0.0,0.0,0.0,0.0,0.0,0.0,0.0,0.0,0.0,0.0,0.0,-5.89,-5.76,-82.44,0.0,0.0,0.0,100.0,0,0,1923
343623,0,0,0,99.99,0.0,0.0,0.0,0.0,0.0,0.0,0.0,0.0,0.0,0.0,0.0,0.0,-5.89,-5.77,-82.45,0.0,0.0,0.0,100.0,0,0,1923
343823,0,0,0,99.99,0.0,0.0,0.0,0.0,0.0,0.0,0.0,0.0,0.0,0.0,0.0,0.0,-5.87,-5.78,-82.44,0.0,0.0,0.0,100.0,0,0,1923
344023,0,0,0,99.99,0.0,0.0,0.0,0.0,0.0,0.0,0.0,0.0,0.0,0.0,0.0,0.0,-5.88,-5.77,-82.47,0.0,0.0,0.0,100.0,0,0,1925
344223,0,0,0,99.99,0.0,0.0,0.0,0.0,0.0,0.0,0.0,0.0,0.0,0.0,0.0,0.0,-5.89,-5.76,-82.48,0.0,0.0,0.0,100.0,0,0,1929
344423,0,0,0,99.99,0.0,0.0,0.0,0.0,0.0,0.0,0.0,0.0,0.0,0.0,0.0,0.0,-5.89,-5.77,-82.47,0.0,0.0,0.0,100.0,0,0,1929
344623,0,0,0,99.99,0.0,0.0,0.0,0.0,0.0,0.0,0.0,0.0,0.0,0.0,0.0,0.0,-5.89,-5.76,-82.45,0.0,0.0,0.0,100.0,0,0,1929
344823,0,0,0,99.99,0.0,0.0,0.0,0.0,0.0,0.0,0.0,0.0,0.0,0.0,0.0,0.0,-5.89,-5.76,-82.49,0.0,0.0,0.0,100.0,0,0,1929
345023,0,0,0,99.99,0.0,0.0,0.0,0.0,0.0,0.0,0.0,0.0,0.0,0.0,0.0,0.0,-5.89,-5.76,-82.49,0.0,0.0,0.0,100.0,0,0,1935
345223,0,0,0,99.99,0.0,0.0,0.0,0.0,0.0,0.0,0.0,0.0,0.0,0.0,0.0,0.0,-5.89,-5.77,-82.47,0.0,0.0,0.0,100.0,0,0,1935
345423,0,0,0,99.99,0.0,0.0,0.0,0.0,0.0,0.0,0.0,0.0,0.0,0.0,0.0,0.0,-5.89,-5.78,-82.46,0.0,0.0,0.0,100.0,0,0,1935
345623,0,0,0,99.99,0.0,0.0,0.0,0.0,0.0,0.0,0.0,0.0,0.0,0.0,0.0,0.0,-5.9,-5.77,-82.47,0.0,0.0,0.0,100.0,0,0,1935
345823,0,0,0,99.99,0.0,0.0,0.0,0.0,0.0,0.0,0.0,0.0,0.0,0.0,0.0,0.0,-5.9,-5.77,-82.47,0.0,0.0,0.0,100.0,0,0,1936
346023,0,0,0,99.99,0.0,0.0,0.0,0.0,0.0,0.0,0.0,0.0,0.0,0.0,0.0,0.0,-5.9,-5.77,-82.47,0.0,0.0,0.0,100.0,0,0,1941
346223,0,0,0,99.99,0.0,0.0,0.0,0.0,0.0,0.0,0.0,0.0,0.0,0.0,0.0,0.0,-5.88,-5.78,-82.47,0.0,0.0,0.0,100.0,0,0,1941
346423,0,0,0,99.99,0.0,0.0,0.0,0.0,0.0,0.0,0.0,0.0,0.0,0.0,0.0,0.0,-5.89,-5.78,-82.47,0.0,0.0,0.0,100.0,0,0,1941
346623,0,0,0,99.99,0.0,0.0,0.0,0.0,0.0,0.0,0.0,0.0,0.0,0.0,0.0,0.0,-5.9,-5.77,-82.49,0.0,0.0,0.0,100.0,0,0,1941
346823,0,0,0,99.99,0.0,0.0,0.0,0.0,0.0,0.0,0.0,0.0,0.0,0.0,0.0,0.0,-5.91,-5.77,-82.49,0.0,0.0,0.0,100.0,0,0,1942
347023,0,0,0,99.99,0.0,0.0,0.0,0.0,0.0,0.0,0.0,0.0,0.0,0.0,0.0,0.0,-5.91,-5.76,-82.49,0.0,0.0,0.0,100.0,0,0,1947
347223,0,0,0,99.99,0.0,0.0,0.0,0.0,0.0,0.0,0.0,0.0,0.0,0.0,0.0,0.0,-5.91,-5.77,-82.49,0.0,0.0,0.0,100.0,0,0,1947
347423,0,0,0,99.99,0.0,0.0,0.0,0.0,0.0,0.0,0.0,0.0,0.0,0.0,0.0,0.0,-5.91,-5.78,-82.47,0.0,0.0,0.0,100.0,0,0,1947
347623,0,0,0,99.99,0.0,0.0,0.0,0.0,0.0,0.0,0.0,0.0,0.0,0.0,0.0,0.0,-5.92,-5.78,-82.47,0.0,0.0,0.0,100.0,0,0,1947
347823,0,0,0,99.99,0.0,0.0,0.0,0.0,0.0,0.0,0.0,0.0,0.0,0.0,0.0,0.0,-5.91,-5.78,-82.44,0.0,0.0,0.0,100.0,0,0,1948
348023,0,0,0,99.99,0.0,0.0,0.0,0.0,0.0,0.0,0.0,0.0,0.0,0.0,0.0,0.0,-5.91,-5.76,-82.47,0.0,0.0,0.0,100.0,0,0,1953
348223,0,0,0,99.99,0.0,0.0,0.0,0.0,0.0,0.0,0.0,0.0,0.0,0.0,0.0,0.0,-5.92,-5.77,-82.45,0.0,0.0,0.0,100.0,0,0,1953
348423,0,0,0,99.99,0.0,0.0,0.0,0.0,0.0,0.0,0.0,0.0,0.0,0.0,0.0,0.0,-5.92,-5.77,-82.46,0.0,0.0,0.0,100.0,0,0,1953
348623,0,0,0,99.99,0.0,0.0,0.0,0.0,0.0,0.0,0.0,0.0,0.0,0.0,0.0,0.0,-5.91,-5.77,-82.45,0.0,0.0,0.0,100.0,0,0,1953
348823,0,0,0,99.99,0.0,0.0,0.0,0.0,0.0,0.0,0.0,0.0,0.0,0.0,0.0,0.0,-5.91,-5.77,-82.46,0.0,0.0,0.0,100.0,0,0,1954
349023,0,0,0,99.99,0.0,0.0,0.0,0.0,0.0,0.0,0.0,0.0,0.0,0.0,0.0,0.0,-5.92,-5.78,-82.46,0.0,0.0,0.0,100.0,0,0,1959
349223,0,0,0,99.99,0.0,0.0,0.0,0.0,0.0,0.0,0.0,0.0,0.0,0.0,0.0,0.0,-5.91,-5.77,-82.48,0.0,0.0,0.0,100.0,0,0,1959
349423,0,0,0,99.99,0.0,0.0,0.0,0.0,0.0,0.0,0.0,0.0,0.0,0.0,0.0,0.0,-5.9,-5.77,-82.48,0.0,0.0,0.0,100.0,0,0,1959
349623,0,0,0,99.99,0.0,0.0,0.0,0.0,0.0,0.0,0.0,0.0,0.0,0.0,0.0,0.0,-5.9,-5.77,-82.48,0.0,0.0,0.0,100.0,0,0,1959
349823,0,0,0,99.99,0.0,0.0,0.0,0.0,0.0,0.0,0.0,0.0,0.0,0.0,0.0,0.0,-5.9,-5.77,-82.46,0.0,0.0,0.0,100.0,0,0,1959
350023,0,0,0,99.99,0.0,0.0,0.0,0.0,0.0,0.0,0.0,0.0,0.0,0.0,0.0,0.0,-5.9,-5.77,-82.48,0.0,0.0,0.0,100.0,0,0,1961
350223,0,0,0,99.99,0.0,0.0,0.0,0.0,0.0,0.0,0.0,0.0,0.0,0.0,0.0,0.0,-5.9,-5.77,-82.49,0.0,0.0,0.0,100.0,0,0,1965
350423,0,0,0,99.99,0.0,0.0,0.0,0.0,0.0,0.0,0.0,0.0,0.0,0.0,0.0,0.0,-5.9,-5.78,-82.48,0.0,0.0,0.0,100.0,0,0,1965
350623,0,0,0,99.99,0.0,0.0,0.0,0.0,0.0,0.0,0.0,0.0,0.0,0.0,0.0,0.0,-5.9,-5.78,-82.47,0.0,0.0,0.0,100.0,0,0,1965
350823,0,0,0,99.99,0.0,0.0,0.0,0.0,0.0,0.0,0.0,0.0,0.0,0.0,0.0,0.0,-5.91,-5.78,-82.47,0.0,0.0,0.0,100.0,0,0,1966
351023,0,0,0,99.99,0.0,0.0,0.0,0.0,0.0,0.0,0.0,0.0,0.0,0.0,0.0,0.0,-5.92,-5.78,-82.47,0.0,0.0,0.0,100.0,0,0,1971
351223,0,0,0,99.99,0.0,0.0,0.0,0.0,0.0,0.0,0.0,0.0,0.0,0.0,0.0,0.0,-5.92,-5.78,-82.46,0.0,0.0,0.0,100.0,0,0,1971
351423,0,0,0,99.99,0.0,0.0,0.0,0.0,0.0,0.0,0.0,0.0,0.0,0.0,0.0,0.0,-5.91,-5.77,-82.47,0.0,0.0,0.0,100.0,0,0,1971
351623,0,0,0,99.99,0.0,0.0,0.0,0.0,0.0,0.0,0.0,0.0,0.0,0.0,0.0,0.0,-5.91,-5.77,-82.48,0.0,0.0,0.0,100.0,0,0,1971
351823,0,0,0,99.99,0.0,0.0,0.0,0.0,0.0,0.0,0.0,0.0,0.0,0.0,0.0,0.0,-5.91,-5.77,-82.47,0.0,0.0,0.0,100.0,0,0,1972
352023,0,0,0,99.99,0.0,0.0,0.0,0.0,0.0,0.0,0.0,0.0,0.0,0.0,0.0,0.0,-5.91,-5.76,-82.48,0.0,0.0,0.0,100.0,0,0,1977
352223,0,0,0,99.99,0.0,0.0,0.0,0.0,0.0,0.0,0.0,0.0,0.0,0.0,0.0,0.0,-5.91,-5.76,-82.48,0.0,0.0,0.0,100.0,0,0,1977
352423,0,0,0,99.99,0.0,0.0,0.0,0.0,0.0,0.0,0.0,0.0,0.0,0.0,0.0,0.0,-5.92,-5.75,-82.48,0.0,0.0,0.0,100.0,0,0,1977
352623,0,0,0,99.99,0.0,0.0,0.0,0.0,0.0,0.0,0.0,0.0,0.0,0.0,0.0,0.0,-5.92,-5.76,-82.5,0.0,0.0,0.0,100.0,0,0,1977
352823,0,0,0,99.99,0.0,0.0,0.0,0.0,0.0,0.0,0.0,0.0,0.0,0.0,0.0,0.0,-5.92,-5.76,-82.5,0.0,0.0,0.0,100.0,0,0,1977
353024,0,0,0,99.99,0.0,0.0,0.0,0.0,0.0,0.0,0.0,0.0,0.0,0.0,0.0,0.0,-5.92,-5.76,-82.48,0.0,0.0,0.0,100.0,0,0,1983
353233,0,0,0,99.99,0.0,0.0,0.0,0.0,0.0,0.0,0.0,0.0,0.0,0.0,0.0,0.0,-5.91,-5.76,-82.47,0.0,0.0,0.0,100.0,0,0,1983
353433,0,0,0,99.99,0.0,0.0,0.0,0.0,0.0,0.0,0.0,0.0,0.0,0.0,0.0,0.0,-5.9,-5.77,-82.47,0.0,0.0,0.0,100.0,0,0,1983
353633,0,0,0,99.99,0.0,0.0,0.0,0.0,0.0,0.0,0.0,0.0,0.0,0.0,0.0,0.0,-5.91,-5.77,-82.46,0.0,0.0,0.0,100.0,0,0,1983
353833,0,0,0,99.99,0.0,0.0,0.0,0.0,0.0,0.0,0.0,0.0,0.0,0.0,0.0,0.0,-5.92,-5.77,-82.46,0.0,0.0,0.0,100.0,0,0,1984
354033,0,0,0,99.99,0.0,0.0,0.0,0.0,0.0,0.0,0.0,0.0,0.0,0.0,0.0,0.0,-5.92,-5.75,-82.45,0.0,0.0,0.0,100.0,0,0,1989
354233,0,0,0,99.99,0.0,0.0,0.0,0.0,0.0,0.0,0.0,0.0,0.0,0.0,0.0,0.0,-5.92,-5.75,-82.46,0.0,0.0,0.0,100.0,0,0,1989
354433,0,0,0,99.99,0.0,0.0,0.0,0.0,0.0,0.0,0.0,0.0,0.0,0.0,0.0,0.0,-5.91,-5.76,-82.45,0.0,0.0,0.0,100.0,0,0,1989
354633,0,0,0,99.99,0.0,0.0,0.0,0.0,0.0,0.0,0.0,0.0,0.0,0.0,0.0,0.0,-5.93,-5.76,-82.44,0.0,0.0,0.0,100.0,0,0,1989
354833,0,0,0,99.99,0.0,0.0,0.0,0.0,0.0,0.0,0.0,0.0,0.0,0.0,0.0,0.0,-5.93,-5.77,-82.44,0.0,0.0,0.0,100.0,0,0,1990
355033,0,0,0,99.99,0.0,0.0,0.0,0.0,0.0,0.0,0.0,0.0,0.0,0.0,0.0,0.0,-5.91,-5.78,-82.45,0.0,0.0,0.0,100.0,0,0,1995
355233,0,0,0,99.99,0.0,0.0,0.0,0.0,0.0,0.0,0.0,0.0,0.0,0.0,0.0,0.0,-5.92,-5.78,-82.46,0.0,0.0,0.0,100.0,0,0,1995
355433,0,0,0,99.99,0.0,0.0,0.0,0.0,0.0,0.0,0.0,0.0,0.0,0.0,0.0,0.0,-5.92,-5.77,-82.47,0.0,0.0,0.0,100.0,0,0,1995
355633,0,0,0,99.99,0.0,0.0,0.0,0.0,0.0,0.0,0.0,0.0,0.0,0.0,0.0,0.0,-5.92,-5.78,-82.46,0.0,0.0,0.0,100.0,0,0,1995
355833,0,0,0,99.99,0.0,0.0,0.0,0.0,0.0,0.0,0.0,0.0,0.0,0.0,0.0,0.0,-5.93,-5.78,-82.48,0.0,0.0,0.0,100.0,0,0,1995
356034,0,0,0,99.99,0.0,0.0,0.0,0.0,0.0,0.0,0.0,0.0,0.0,0.0,0.0,0.0,-5.93,-5.78,-82.47,0.0,0.0,0.0,100.0,0,0,1997
356243,0,0,0,99.99,0.0,0.0,0.0,0.0,0.0,0.0,0.0,0.0,0.0,0.0,0.0,0.0,-5.93,-5.79,-82.47,0.0,0.0,0.0,100.0,0,0,2001
356443,0,0,0,99.99,0.0,0.0,0.0,0.0,0.0,0.0,0.0,0.0,0.0,0.0,0.0,0.0,-5.93,-5.8,-82.48,0.0,0.0,0.0,100.0,0,0,2001
356643,0,0,0,99.99,0.0,0.0,0.0,0.0,0.0,0.0,0.0,0.0,0.0,0.0,0.0,0.0,-5.94,-5.79,-82.49,0.0,0.0,0.0,99.9,0,0,2001
356844,0,0,0,99.99,0.0,0.0,0.0,0.0,0.0,0.0,0.0,0.0,0.0,0.0,0.0,0.0,-5.94,-5.8,-82.49,0.0,0.0,0.0,99.9,0,0,2002
357044,0,0,0,99.99,0.0,0.0,0.0,0.0,0.0,0.0,0.0,0.0,0.0,0.0,0.0,0.0,-5.94,-5.79,-82.49,0.0,0.0,0.0,99.9,0,0,2007
357253,0,0,0,99.99,0.0,0.0,0.0,0.0,0.0,0.0,0.0,0.0,0.0,0.0,0.0,0.0,-5.93,-5.8,-82.47,0.0,0.0,0.0,99.9,0,0,2007
357453,0,0,0,99.99,0.0,0.0,0.0,0.0,0.0,0.0,0.0,0.0,0.0,0.0,0.0,0.0,-5.94,-5.8,-82.46,0.0,0.0,0.0,99.9,0,0,2007
357653,0,0,0,99.99,0.0,0.0,0.0,0.0,0.0,0.0,0.0,0.0,0.0,0.0,0.0,0.0,-5.94,-5.79,-82.47,0.0,0.0,0.0,100.0,0,0,2007
357853,0,0,0,99.99,0.0,0.0,0.0,0.0,0.0,0.0,0.0,0.0,0.0,0.0,0.0,0.0,-5.93,-5.78,-82.47,0.0,0.0,0.0,100.0,0,0,2009
358053,0,0,0,99.99,0.0,0.0,0.0,0.0,0.0,0.0,0.0,0.0,0.0,0.0,0.0,0.0,-5.92,-5.78,-82.47,0.0,0.0,0.0,100.0,0,0,2013
358253,0,0,0,99.99,0.0,0.0,0.0,0.0,0.0,0.0,0.0,0.0,0.0,0.0,0.0,0.0,-5.92,-5.78,-82.47,0.0,0.0,0.0,100.0,0,0,2013
358454,0,0,0,99.99,0.0,0.0,0.0,0.0,0.0,0.0,0.0,0.0,0.0,0.0,0.0,0.0,-5.92,-5.78,-82.47,0.0,0.0,0.0,100.0,0,0,2013
358663,0,0,0,99.99,0.0,0.0,0.0,0.0,0.0,0.0,0.0,0.0,0.0,0.0,0.0,0.0,-5.92,-5.79,-82.45,0.0,0.0,0.0,100.1,0,0,2013
358863,0,0,0,99.99,0.0,0.0,0.0,0.0,0.0,0.0,0.0,0.0,0.0,0.0,0.0,0.0,-5.91,-5.77,-82.48,0.0,0.0,0.0,100.1,0,0,2015
359063,0,0,0,99.99,0.0,0.0,0.0,0.0,0.0,0.0,0.0,0.0,0.0,0.0,0.0,0.0,-5.91,-5.78,-82.47,0.0,0.0,0.0,100.1,0,0,2019
359263,0,0,0,99.99,0.0,0.0,0.0,0.0,0.0,0.0,0.0,0.0,0.0,0.0,0.0,0.0,-5.91,-5.79,-82.46,0.0,0.0,0.0,100.1,0,0,2019
359463,0,0,0,99.99,0.0,0.0,0.0,0.0,0.0,0.0,0.0,0.0,0.0,0.0,0.0,0.0,-5.92,-5.78,-82.48,0.0,0.0,0.0,100.1,0,0,2019
359663,0,0,0,99.99,0.0,0.0,0.0,0.0,0.0,0.0,0.0,0.0,0.0,0.0,0.0,0.0,-5.92,-5.79,-82.48,0.0,0.0,0.0,99.9,0,0,2019
359863,0,0,0,99.99,0.0,0.0,0.0,0.0,0.0,0.0,0.0,0.0,0.0,0.0,0.0,0.0,-5.92,-5.79,-82.49,0.0,0.0,0.0,99.9,0,0,2021
360063,0,0,0,99.99,0.0,0.0,0.0,0.0,0.0,0.0,0.0,0.0,0.0,0.0,0.0,0.0,-5.92,-5.78,-82.48,0.0,0.0,0.0,99.9,0,0,2025
360263,0,0,0,99.99,0.0,0.0,0.0,0.0,0.0,0.0,0.0,0.0,0.0,0.0,0.0,0.0,-5.93,-5.77,-82.49,0.0,0.0,0.0,99.9,0,0,2025
360463,0,0,0,99.99,0.0,0.0,0.0,0.0,0.0,0.0,0.0,0.0,0.0,0.0,0.0,0.0,-5.93,-5.78,-82.49,0.0,0.0,0.0,99.9,0,0,2025
360663,0,0,0,99.99,0.0,0.0,0.0,0.0,0.0,0.0,0.0,0.0,0.0,0.0,0.0,0.0,-5.93,-5.8,-82.49,0.0,0.0,0.0,100.1,0,0,2025
360863,0,0,0,99.99,0.0,0.0,0.0,0.0,0.0,0.0,0.0,0.0,0.0,0.0,0.0,0.0,-5.93,-5.8,-82.49,0.0,0.0,0.0,100.1,0,0,2027
361063,0,0,0,99.99,0.0,0.0,0.0,0.0,0.0,0.0,0.0,0.0,0.0,0.0,0.0,0.0,-5.92,-5.8,-82.5,0.0,0.0,0.0,100.1,0,0,2031
361263,0,0,0,99.99,0.0,0.0,0.0,0.0,0.0,0.0,0.0,0.0,0.0,0.0,0.0,0.0,-5.91,-5.79,-82.49,0.0,0.0,0.0,100.1,0,0,2031
361463,0,0,0,99.99,0.0,0.0,0.0,0.0,0.0,0.0,0.0,0.0,0.0,0.0,0.0,0.0,-5.92,-5.79,-82.48,0.0,0.0,0.0,100.1,0,0,2031
361663,0,0,0,99.99,0.0,0.0,0.0,0.0,0.0,0.0,0.0,0.0,0.0,0.0,0.0,0.0,-5.92,-5.79,-82.49,0.0,0.0,0.0,100.0,0,0,2031
361863,0,0,0,99.99,0.0,0.0,0.0,0.0,0.0,0.0,0.0,0.0,0.0,0.0,0.0,0.0,-5.92,-5.79,-82.48,0.0,0.0,0.0,100.0,0,0,2031
362063,0,0,0,99.99,0.0,0.0,0.0,0.0,0.0,0.0,0.0,0.0,0.0,0.0,0.0,0.0,-5.92,-5.78,-82.48,0.0,0.0,0.0,100.0,0,0,2034
362263,0,0,0,99.99,0.0,0.0,0.0,0.0,0.0,0.0,0.0,0.0,0.0,0.0,0.0,0.0,-5.92,-5.8,-82.48,0.0,0.0,0.0,100.0,0,0,2037
362463,0,0,0,99.99,0.0,0.0,0.0,0.0,0.0,0.0,0.0,0.0,0.0,0.0,0.0,0.0,-5.93,-5.79,-82.48,0.0,0.0,0.0,100.0,0,0,2037
362663,0,0,0,99.99,0.0,0.0,0.0,0.0,0.0,0.0,0.0,0.0,0.0,0.0,0.0,0.0,-5.92,-5.79,-82.48,0.0,0.0,0.0,99.9,0,0,2037
362863,0,0,0,99.99,0.0,0.0,0.0,0.0,0.0,0.0,0.0,0.0,0.0,0.0,0.0,0.0,-5.91,-5.8,-82.49,0.0,0.0,0.0,99.9,0,0,2039
363063,0,0,0,99.99,0.0,0.0,0.0,0.0,0.0,0.0,0.0,0.0,0.0,0.0,0.0,0.0,-5.91,-5.81,-82.48,0.0,0.0,0.0,99.9,0,0,2043
363263,0,0,0,99.99,0.0,0.0,0.0,0.0,0.0,0.0,0.0,0.0,0.0,0.0,0.0,0.0,-5.91,-5.81,-82.47,0.0,0.0,0.0,99.9,0,0,2043
363463,0,0,0,99.99,0.0,0.0,0.0,0.0,0.0,0.0,0.0,0.0,0.0,0.0,0.0,0.0,-5.91,-5.8,-82.47,0.0,0.0,0.0,99.9,0,0,2043
363663,0,0,0,99.99,0.0,0.0,0.0,0.0,0.0,0.0,0.0,0.0,0.0,0.0,0.0,0.0,-5.91,-5.79,-82.48,0.0,0.0,0.0,100.1,0,0,2043
363863,0,0,0,99.99,0.0,0.0,0.0,0.0,0.0,0.0,0.0,0.0,0.0,0.0,0.0,0.0,-5.91,-5.79,-82.48,0.0,0.0,0.0,100.1,0,0,2045
364063,0,0,0,99.99,0.0,0.0,0.0,0.0,0.0,0.0,0.0,0.0,0.0,0.0,0.0,0.0,-5.91,-5.8,-82.48,0.0,0.0,0.0,100.1,0,0,2049
364263,0,0,0,99.99,0.0,0.0,0.0,0.0,0.0,0.0,0.0,0.0,0.0,0.0,0.0,0.0,-5.92,-5.8,-82.46,0.0,0.0,0.0,100.1,0,0,2049
364463,0,0,0,99.99,0.0,0.0,0.0,0.0,0.0,0.0,0.0,0.0,0.0,0.0,0.0,0.0,-5.92,-5.79,-82.45,0.0,0.0,0.0,100.1,0,0,2049
364663,0,0,0,99.99,0.0,0.0,0.0,0.0,0.0,0.0,0.0,0.0,0.0,0.0,0.0,0.0,-5.91,-5.8,-82.43,0.0,0.0,0.0,100.0,0,0,2049
364863,0,0,0,99.99,0.0,0.0,0.0,0.0,0.0,0.0,0.0,0.0,0.0,0.0,0.0,0.0,-5.91,-5.8,-82.44,0.0,0.0,0.0,100.0,0,0,2051
365063,0,0,0,99.99,0.0,0.0,0.0,0.0,0.0,0.0,0.0,0.0,0.0,0.0,0.0,0.0,-5.91,-5.79,-82.45,0.0,0.0,0.0,100.0,0,0,2055
365263,0,0,0,99.99,0.0,0.0,0.0,0.0,0.0,0.0,0.0,0.0,0.0,0.0,0.0,0.0,-5.91,-5.79,-82.46,0.0,0.0,0.0,100.0,0,0,2055
365463,0,0,0,99.99,0.0,0.0,0.0,0.0,0.0,0.0,0.0,0.0,0.0,0.0,0.0,0.0,-5.9,-5.79,-82.45,0.0,0.0,0.0,100.0,0,0,2055
365663,0,0,0,99.99,0.0,0.0,0.0,0.0,0.0,0.0,0.0,0.0,0.0,0.0,0.0,0.0,-5.9,-5.79,-82.46,0.0,0.0,0.0,100.0,0,0,2055
365863,0,0,0,99.99,0.0,0.0,0.0,0.0,0.0,0.0,0.0,0.0,0.0,0.0,0.0,0.0,-5.9,-5.78,-82.47,0.0,0.0,0.0,100.0,0,0,2057
366063,0,0,0,99.99,0.0,0.0,0.0,0.0,0.0,0.0,0.0,0.0,0.0,0.0,0.0,0.0,-5.91,-5.79,-82.47,0.0,0.0,0.0,100.0,0,0,2061
366263,0,0,0,99.99,0.0,0.0,0.0,0.0,0.0,0.0,0.0,0.0,0.0,0.0,0.0,0.0,-5.9,-5.79,-82.47,0.0,0.0,0.0,100.0,0,0,2061
366463,0,0,0,99.99,0.0,0.0,0.0,0.0,0.0,0.0,0.0,0.0,0.0,0.0,0.0,0.0,-5.91,-5.8,-82.46,0.0,0.0,0.0,100.0,0,0,2061
366663,0,0,0,99.99,0.0,0.0,0.0,0.0,0.0,0.0,0.0,0.0,0.0,0.0,0.0,0.0,-5.91,-5.81,-82.44,0.0,0.0,0.0,100.0,0,0,2061
366864,0,0,0,99.99,0.0,0.0,0.0,0.0,0.0,0.0,0.0,0.0,0.0,0.0,0.0,0.0,-5.91,-5.81,-82.44,0.0,0.0,0.0,100.0,0,0,2063
367073,0,0,0,99.99,0.0,0.0,0.0,0.0,0.0,0.0,0.0,0.0,0.0,0.0,0.0,0.0,-5.9,-5.8,-82.48,0.0,0.0,0.0,100.0,0,0,2067
367273,0,0,0,99.99,0.0,0.0,0.0,0.0,0.0,0.0,0.0,0.0,0.0,0.0,0.0,0.0,-5.89,-5.8,-82.47,0.0,0.0,0.0,100.0,0,0,2067
367474,0,0,0,99.99,0.0,0.0,0.0,0.0,0.0,0.0,0.0,0.0,0.0,0.0,0.0,0.0,-5.9,-5.79,-82.48,0.0,0.0,0.0,100.0,0,0,2067
367683,0,0,0,99.99,0.0,0.0,0.0,0.0,0.0,0.0,0.0,0.0,0.0,0.0,0.0,0.0,-5.9,-5.8,-82.47,0.0,0.0,0.0,100.0,0,0,2067
367883,0,0,0,99.99,0.0,0.0,0.0,0.0,0.0,0.0,0.0,0.0,0.0,0.0,0.0,0.0,-5.9,-5.81,-82.46,0.0,0.0,0.0,100.0,0,0,2067
368084,0,0,0,99.99,0.0,0.0,0.0,0.0,0.0,0.0,0.0,0.0,0.0,0.0,0.0,0.0,-5.89,-5.81,-82.45,0.0,0.0,0.0,100.0,0,0,2070
368293,0,0,0,99.99,0.0,0.0,0.0,0.0,0.0,0.0,0.0,0.0,0.0,0.0,0.0,0.0,-5.89,-5.81,-82.45,0.0,0.0,0.0,100.0,0,0,2073
368493,0,0,0,99.99,0.0,0.0,0.0,0.0,0.0,0.0,0.0,0.0,0.0,0.0,0.0,0.0,-5.91,-5.8,-82.46,0.0,0.0,0.0,100.0,0,0,2073
368693,0,0,0,99.99,0.0,0.0,0.0,0.0,0.0,0.0,0.0,0.0,0.0,0.0,0.0,0.0,-5.91,-5.8,-82.47,0.0,0.0,0.0,100.0,0,0,2073
368893,0,0,0,99.99,0.0,0.0,0.0,0.0,0.0,0.0,0.0,0.0,0.0,0.0,0.0,0.0,-5.9,-5.79,-82.47,0.0,0.0,0.0,100.0,0,0,2076
369094,0,0,0,99.99,0.0,0.0,0.0,0.0,0.0,0.0,0.0,0.0,0.0,0.0,0.0,0.0,-5.9,-5.79,-82.46,0.0,0.0,0.0,100.0,0,0,2079
369303,0,0,0,99.99,0.0,0.0,0.0,0.0,0.0,0.0,0.0,0.0,0.0,0.0,0.0,0.0,-5.9,-5.79,-82.44,0.0,0.0,0.0,100.0,0,0,2079
369503,0,0,0,99.99,0.0,0.0,0.0,0.0,0.0,0.0,0.0,0.0,0.0,0.0,0.0,0.0,-5.91,-5.79,-82.42,0.0,0.0,0.0,100.0,0,0,2079
369703,0,0,0,99.99,0.0,0.0,0.0,0.0,0.0,0.0,0.0,0.0,0.0,0.0,0.0,0.0,-5.92,-5.78,-82.45,0.0,0.0,0.0,100.0,0,0,2079
369903,0,0,0,99.99,0.0,0.0,0.0,0.0,0.0,0.0,0.0,0.0,0.0,0.0,0.0,0.0,-5.92,-5.78,-82.46,0.0,0.0,0.0,100.0,0,0,2082
370103,0,0,0,99.99,0.0,0.0,0.0,0.0,0.0,0.0,0.0,0.0,0.0,0.0,0.0,0.0,-5.91,-5.79,-82.47,0.0,0.0,0.0,100.0,0,0,2085
370303,0,0,0,99.99,0.0,0.0,0.0,0.0,0.0,0.0,0.0,0.0,0.0,0.0,0.0,0.0,-5.91,-5.8,-82.46,0.0,0.0,0.0,100.0,0,0,2085
370503,0,0,0,99.99,0.0,0.0,0.0,0.0,0.0,0.0,0.0,0.0,0.0,0.0,0.0,0.0,-5.91,-5.79,-82.49,0.0,0.0,0.0,100.0,0,0,2085
370703,0,0,0,99.99,0.0,0.0,0.0,0.0,0.0,0.0,0.0,0.0,0.0,0.0,0.0,0.0,-5.9,-5.79,-82.5,0.0,0.0,0.0,100.0,0,0,2085
370903,0,0,0,99.99,0.0,0.0,0.0,0.0,0.0,0.0,0.0,0.0,0.0,0.0,0.0,0.0,-5.91,-5.79,-82.51,0.0,0.0,0.0,100.0,0,0,2088
371103,0,0,0,99.99,0.0,0.0,0.0,0.0,0.0,0.0,0.0,0.0,0.0,0.0,0.0,0.0,-5.91,-5.79,-82.5,0.0,0.0,0.0,100.0,0,0,2091
371303,0,0,0,99.99,0.0,0.0,0.0,0.0,0.0,0.0,0.0,0.0,0.0,0.0,0.0,0.0,-5.91,-5.79,-82.48,0.0,0.0,0.0,100.0,0,0,2091
371503,0,0,0,99.99,0.0,0.0,0.0,0.0,0.0,0.0,0.0,0.0,0.0,0.0,0.0,0.0,-5.92,-5.79,-82.47,0.0,0.0,0.0,100.0,0,0,2091
371703,0,0,0,99.99,0.0,0.0,0.0,0.0,0.0,0.0,0.0,0.0,0.0,0.0,0.0,0.0,-5.92,-5.79,-82.49,0.0,0.0,0.0,100.0,0,0,2091
371903,0,0,0,99.99,0.0,0.0,0.0,0.0,0.0,0.0,0.0,0.0,0.0,0.0,0.0,0.0,-5.92,-5.8,-82.46,0.0,0.0,0.0,100.0,0,0,2094
372103,0,0,0,99.99,0.0,0.0,0.0,0.0,0.0,0.0,0.0,0.0,0.0,0.0,0.0,0.0,-5.92,-5.78,-82.45,0.0,0.0,0.0,100.0,0,0,2097
372303,0,0,0,99.99,0.0,0.0,0.0,0.0,0.0,0.0,0.0,0.0,0.0,0.0,0.0,0.0,-5.93,-5.78,-82.47,0.0,0.0,0.0,100.0,0,0,2097
372503,0,0,0,99.99,0.0,0.0,0.0,0.0,0.0,0.0,0.0,0.0,0.0,0.0,0.0,0.0,-5.94,-5.77,-82.47,0.0,0.0,0.0,100.0,0,0,2097
372703,0,0,0,99.99,0.0,0.0,0.0,0.0,0.0,0.0,0.0,0.0,0.0,0.0,0.0,0.0,-5.93,-5.78,-82.48,0.0,0.0,0.0,100.0,0,0,2097
372903,0,0,0,99.99,0.0,0.0,0.0,0.0,0.0,0.0,0.0,0.0,0.0,0.0,0.0,0.0,-5.93,-5.78,-82.49,0.0,0.0,0.0,100.0,0,0,2100
373103,0,0,0,99.99,0.0,0.0,0.0,0.0,0.0,0.0,0.0,0.0,0.0,0.0,0.0,0.0,-5.92,-5.79,-82.47,0.0,0.0,0.0,100.0,0,0,2103
373303,0,0,0,99.99,0.0,0.0,0.0,0.0,0.0,0.0,0.0,0.0,0.0,0.0,0.0,0.0,-5.92,-5.79,-82.46,0.0,0.0,0.0,100.0,0,0,2103
373503,0,0,0,99.99,0.0,0.0,0.0,0.0,0.0,0.0,0.0,0.0,0.0,0.0,0.0,0.0,-5.92,-5.8,-82.45,0.0,0.0,0.0,100.0,0,0,2103
373703,0,0,0,99.99,0.0,0.0,0.0,0.0,0.0,0.0,0.0,0.0,0.0,0.0,0.0,0.0,-5.91,-5.79,-82.48,0.0,0.0,0.0,100.0,0,0,2103
373903,0,0,0,99.99,0.0,0.0,0.0,0.0,0.0,0.0,0.0,0.0,0.0,0.0,0.0,0.0,-5.91,-5.79,-82.47,0.0,0.0,0.0,100.0,0,0,2103
374103,0,0,0,99.99,0.0,0.0,0.0,0.0,0.0,0.0,0.0,0.0,0.0,0.0,0.0,0.0,-5.92,-5.8,-82.46,0.0,0.0,0.0,100.0,0,0,2107
374303,0,0,0,99.99,0.0,0.0,0.0,0.0,0.0,0.0,0.0,0.0,0.0,0.0,0.0,0.0,-5.91,-5.79,-82.48,0.0,0.0,0.0,100.0,0,0,2109
374503,0,0,0,99.99,0.0,0.0,0.0,0.0,0.0,0.0,0.0,0.0,0.0,0.0,0.0,0.0,-5.91,-5.78,-82.5,0.0,0.0,0.0,100.0,0,0,2109
374703,0,0,0,99.99,0.0,0.0,0.0,0.0,0.0,0.0,0.0,0.0,0.0,0.0,0.0,0.0,-5.9,-5.8,-82.49,0.0,0.0,0.0,100.0,0,0,2109
374903,0,0,0,99.99,0.0,0.0,0.0,0.0,0.0,0.0,0.0,0.0,0.0,0.0,0.0,0.0,-5.91,-5.79,-82.49,0.0,0.0,0.0,100.0,0,0,2112
375103,0,0,0,99.99,0.0,0.0,0.0,0.0,0.0,0.0,0.0,0.0,0.0,0.0,0.0,0.0,-5.91,-5.79,-82.49,0.0,0.0,0.0,100.0,0,0,2115
375303,0,0,0,99.99,0.0,0.0,0.0,0.0,0.0,0.0,0.0,0.0,0.0,0.0,0.0,0.0,-5.92,-5.8,-82.49,0.0,0.0,0.0,100.0,0,0,2115
375503,0,0,0,99.99,0.0,0.0,0.0,0.0,0.0,0.0,0.0,0.0,0.0,0.0,0.0,0.0,-5.91,-5.8,-82.48,0.0,0.0,0.0,100.0,0,0,2115
375703,0,0,0,99.99,0.0,0.0,0.0,0.0,0.0,0.0,0.0,0.0,0.0,0.0,0.0,0.0,-5.91,-5.8,-82.49,0.0,0.0,0.0,100.0,0,0,2115
375904,0,0,0,99.99,0.0,0.0,0.0,0.0,0.0,0.0,0.0,0.0,0.0,0.0,0.0,0.0,-5.9,-5.81,-82.48,0.0,0.0,0.0,100.0,0,0,2118
376113,0,0,0,99.99,0.0,0.0,0.0,0.0,0.0,0.0,0.0,0.0,0.0,0.0,0.0,0.0,-5.9,-5.8,-82.5,0.0,0.0,0.0,100.0,0,0,2121
376313,0,0,0,99.99,0.0,0.0,0.0,0.0,0.0,0.0,0.0,0.0,0.0,0.0,0.0,0.0,-5.91,-5.8,-82.48,0.0,0.0,0.0,100.0,0,0,2121
376513,0,0,0,99.99,0.0,0.0,0.0,0.0,0.0,0.0,0.0,0.0,0.0,0.0,0.0,0.0,-5.9,-5.8,-82.49,0.0,0.0,0.0,100.0,0,0,2121
376713,0,0,0,99.99,0.0,0.0,0.0,0.0,0.0,0.0,0.0,0.0,0.0,0.0,0.0,0.0,-5.92,-5.8,-82.5,0.0,0.0,0.0,100.0,0,0,2121
376913,0,0,0,99.99,0.0,0.0,0.0,0.0,0.0,0.0,0.0,0.0,0.0,0.0,0.0,0.0,-5.91,-5.8,-82.5,0.0,0.0,0.0,100.0,0,0,2124
377113,0,0,0,99.99,0.0,0.0,0.0,0.0,0.0,0.0,0.0,0.0,0.0,0.0,0.0,0.0,-5.91,-5.8,-82.51,0.0,0.0,0.0,100.0,0,0,2127
377313,0,0,0,99.99,0.0,0.0,0.0,0.0,0.0,0.0,0.0,0.0,0.0,0.0,0.0,0.0,-5.92,-5.8,-82.5,0.0,0.0,0.0,100.0,0,0,2127
377513,0,0,0,99.99,0.0,0.0,0.0,0.0,0.0,0.0,0.0,0.0,0.0,0.0,0.0,0.0,-5.92,-5.8,-82.49,0.0,0.0,0.0,100.0,0,0,2127
377713,0,0,0,99.99,0.0,0.0,0.0,0.0,0.0,0.0,0.0,0.0,0.0,0.0,0.0,0.0,-5.92,-5.8,-82.48,0.0,0.0,0.0,100.0,0,0,2127
377913,0,0,0,99.99,0.0,0.0,0.0,0.0,0.0,0.0,0.0,0.0,0.0,0.0,0.0,0.0,-5.93,-5.8,-82.47,0.0,0.0,0.0,100.0,0,0,2130
378113,0,0,0,99.99,0.0,0.0,0.0,0.0,0.0,0.0,0.0,0.0,0.0,0.0,0.0,0.0,-5.94,-5.81,-82.47,0.0,0.0,0.0,100.0,0,0,2133
378313,0,0,0,99.99,0.0,0.0,0.0,0.0,0.0,0.0,0.0,0.0,0.0,0.0,0.0,0.0,-5.94,-5.81,-82.46,0.0,0.0,0.0,100.0,0,0,2133
378513,0,0,0,99.99,0.0,0.0,0.0,0.0,0.0,0.0,0.0,0.0,0.0,0.0,0.0,0.0,-5.93,-5.81,-82.44,0.0,0.0,0.0,100.0,0,0,2133
378713,0,0,0,99.99,0.0,0.0,0.0,0.0,0.0,0.0,0.0,0.0,0.0,0.0,0.0,0.0,-5.92,-5.82,-82.44,0.0,0.0,0.0,100.0,0,0,2133
378913,0,0,0,99.99,0.0,0.0,0.0,0.0,0.0,0.0,0.0,0.0,0.0,0.0,0.0,0.0,-5.9,-5.82,-82.44,0.0,0.0,0.0,100.0,0,0,2136
379113,0,0,0,99.99,0.0,0.0,0.0,0.0,0.0,0.0,0.0,0.0,0.0,0.0,0.0,0.0,-5.9,-5.82,-82.45,0.0,0.0,0.0,100.0,0,0,2139
379313,0,0,0,99.99,0.0,0.0,0.0,0.0,0.0,0.0,0.0,0.0,0.0,0.0,0.0,0.0,-5.9,-5.82,-82.47,0.0,0.0,0.0,100.0,0,0,2139
379513,0,0,0,99.99,0.0,0.0,0.0,0.0,0.0,0.0,0.0,0.0,0.0,0.0,0.0,0.0,-5.9,-5.81,-82.47,0.0,0.0,0.0,100.0,0,0,2139
379713,0,0,0,99.99,0.0,0.0,0.0,0.0,0.0,0.0,0.0,0.0,0.0,0.0,0.0,0.0,-5.89,-5.81,-82.48,0.0,0.0,0.0,100.0,0,0,2139
379913,0,0,0,99.99,0.0,0.0,0.0,0.0,0.0,0.0,0.0,0.0,0.0,0.0,0.0,0.0,-5.9,-5.81,-82.45,0.0,0.0,0.0,100.0,0,0,2139
380114,0,0,0,99.99,0.0,0.0,0.0,0.0,0.0,0.0,0.0,0.0,0.0,0.0,0.0,0.0,-5.91,-5.79,-82.46,0.0,0.0,0.0,100.0,0,0,2143
380323,0,0,0,99.99,0.0,0.0,0.0,0.0,0.0,0.0,0.0,0.0,0.0,0.0,0.0,0.0,-5.92,-5.79,-82.47,0.0,0.0,0.0,100.0,0,0,2145
380523,0,0,0,99.99,0.0,0.0,0.0,0.0,0.0,0.0,0.0,0.0,0.0,0.0,0.0,0.0,-5.92,-5.79,-82.46,0.0,0.0,0.0,100.0,0,0,2145
380723,0,0,0,99.99,0.0,0.0,0.0,0.0,0.0,0.0,0.0,0.0,0.0,0.0,0.0,0.0,-5.92,-5.78,-82.46,0.0,0.0,0.0,99.9,0,0,2145
380923,0,0,0,99.99,0.0,0.0,0.0,0.0,0.0,0.0,0.0,0.0,0.0,0.0,0.0,0.0,-5.92,-5.79,-82.45,0.0,0.0,0.0,99.9,0,0,2148
381123,0,0,0,99.99,0.0,0.0,0.0,0.0,0.0,0.0,0.0,0.0,0.0,0.0,0.0,0.0,-5.91,-5.78,-82.47,0.0,0.0,0.0,99.9,0,0,2151
381323,0,0,0,99.99,0.0,0.0,0.0,0.0,0.0,0.0,0.0,0.0,0.0,0.0,0.0,0.0,-5.9,-5.79,-82.47,0.0,0.0,0.0,99.9,0,0,2151
381523,0,0,0,99.99,0.0,0.0,0.0,0.0,0.0,0.0,0.0,0.0,0.0,0.0,0.0,0.0,-5.91,-5.8,-82.47,0.0,0.0,0.0,99.9,0,0,2151
381723,0,0,0,99.99,0.0,0.0,0.0,0.0,0.0,0.0,0.0,0.0,0.0,0.0,0.0,0.0,-5.9,-5.8,-82.47,0.0,0.0,0.0,100.0,0,0,2151
381923,0,0,0,99.99,0.0,0.0,0.0,0.0,0.0,0.0,0.0,0.0,0.0,0.0,0.0,0.0,-5.91,-5.8,-82.47,0.0,0.0,0.0,100.0,0,0,2154
382123,0,0,0,99.99,0.0,0.0,0.0,0.0,0.0,0.0,0.0,0.0,0.0,0.0,0.0,0.0,-5.92,-5.81,-82.47,0.0,0.0,0.0,100.0,0,0,2157
382323,0,0,0,99.99,0.0,0.0,0.0,0.0,0.0,0.0,0.0,0.0,0.0,0.0,0.0,0.0,-5.92,-5.8,-82.47,0.0,0.0,0.0,100.0,0,0,2157
382524,0,0,0,99.99,0.0,0.0,0.0,0.0,0.0,0.0,0.0,0.0,0.0,0.0,0.0,0.0,-5.94,-5.8,-82.46,0.0,0.0,0.0,100.0,0,0,2157
382733,0,0,0,99.99,0.0,0.0,0.0,0.0,0.0,0.0,0.0,0.0,0.0,0.0,0.0,0.0,-5.94,-5.79,-82.48,0.0,0.0,0.0,100.1,0,0,2157
382933,0,0,0,99.99,0.0,0.0,0.0,0.0,0.0,0.0,0.0,0.0,0.0,0.0,0.0,0.0,-5.93,-5.79,-82.48,0.0,0.0,0.0,100.1,0,0,2160
383133,0,0,0,99.99,0.0,0.0,0.0,0.0,0.0,0.0,0.0,0.0,0.0,0.0,0.0,0.0,-5.93,-5.78,-82.5,0.0,0.0,0.0,100.1,0,0,2163
383333,0,0,0,99.99,0.0,0.0,0.0,0.0,0.0,0.0,0.0,0.0,0.0,0.0,0.0,0.0,-5.94,-5.79,-82.5,0.0,0.0,0.0,100.1,0,0,2163
383533,0,0,0,99.99,0.0,0.0,0.0,0.0,0.0,0.0,0.0,0.0,0.0,0.0,0.0,0.0,-5.93,-5.79,-82.51,0.0,0.0,0.0,100.1,0,0,2163
383733,0,0,0,99.99,0.0,0.0,0.0,0.0,0.0,0.0,0.0,0.0,0.0,0.0,0.0,0.0,-5.92,-5.79,-82.5,0.0,0.0,0.0,100.0,0,0,2163
383934,0,0,0,99.99,0.0,0.0,0.0,0.0,0.0,0.0,0.0,0.0,0.0,0.0,0.0,0.0,-5.92,-5.8,-82.48,0.0,0.0,0.0,100.0,0,0,2166
384143,0,0,0,99.99,0.0,0.0,0.0,0.0,0.0,0.0,0.0,0.0,0.0,0.0,0.0,0.0,-5.92,-5.8,-82.47,0.0,0.0,0.0,100.0,0,0,2169
384343,0,0,0,99.99,0.0,0.0,0.0,0.0,0.0,0.0,0.0,0.0,0.0,0.0,0.0,0.0,-5.93,-5.81,-82.46,0.0,0.0,0.0,100.0,0,0,2169
384543,0,0,0,99.99,0.0,0.0,0.0,0.0,0.0,0.0,0.0,0.0,0.0,0.0,0.0,0.0,-5.93,-5.81,-82.47,0.0,0.0,0.0,100.0,0,0,2169
384743,0,0,0,99.99,0.0,0.0,0.0,0.0,0.0,0.0,0.0,0.0,0.0,0.0,0.0,0.0,-5.95,-5.8,-82.48,0.0,0.0,0.0,100.0,0,0,2169
384943,0,0,0,99.99,0.0,0.0,0.0,0.0,0.0,0.0,0.0,0.0,0.0,0.0,0.0,0.0,-5.95,-5.79,-82.5,0.0,0.0,0.0,100.0,0,0,2173
385143,0,0,0,99.99,0.0,0.0,0.0,0.0,0.0,0.0,0.0,0.0,0.0,0.0,0.0,0.0,-5.95,-5.79,-82.5,0.0,0.0,0.0,100.0,0,0,2175
385343,0,0,0,99.99,0.0,0.0,0.0,0.0,0.0,0.0,0.0,0.0,0.0,0.0,0.0,0.0,-5.95,-5.79,-82.48,0.0,0.0,0.0,100.0,0,0,2175
385543,0,0,0,99.99,0.0,0.0,0.0,0.0,0.0,0.0,0.0,0.0,0.0,0.0,0.0,0.0,-5.95,-5.79,-82.49,0.0,0.0,0.0,100.0,0,0,2175
385743,0,0,0,99.99,0.0,0.0,0.0,0.0,0.0,0.0,0.0,0.0,0.0,0.0,0.0,0.0,-5.94,-5.79,-82.49,0.0,0.0,0.0,100.0,0,0,2175
385943,0,0,0,99.99,0.0,0.0,0.0,0.0,0.0,0.0,0.0,0.0,0.0,0.0,0.0,0.0,-5.93,-5.79,-82.48,0.0,0.0,0.0,100.0,0,0,2175
386143,0,0,0,99.99,0.0,0.0,0.0,0.0,0.0,0.0,0.0,0.0,0.0,0.0,0.0,0.0,-5.92,-5.79,-82.46,0.0,0.0,0.0,100.0,0,0,2180
386343,0,0,0,99.99,0.0,0.0,0.0,0.0,0.0,0.0,0.0,0.0,0.0,0.0,0.0,0.0,-5.92,-5.8,-82.45,0.0,0.0,0.0,100.0,0,0,2181
386543,0,0,0,99.99,0.0,0.0,0.0,0.0,0.0,0.0,0.0,0.0,0.0,0.0,0.0,0.0,-5.92,-5.81,-82.43,0.0,0.0,0.0,100.0,0,0,2181
386743,0,0,0,99.99,0.0,0.0,0.0,0.0,0.0,0.0,0.0,0.0,0.0,0.0,0.0,0.0,-5.91,-5.83,-82.42,0.0,0.0,0.0,100.0,0,0,2181
386943,0,0,0,99.99,0.0,0.0,0.0,0.0,0.0,0.0,0.0,0.0,0.0,0.0,0.0,0.0,-5.91,-5.81,-82.42,0.0,0.0,0.0,100.0,0,0,2185
387143,0,0,0,99.99,0.0,0.0,0.0,0.0,0.0,0.0,0.0,0.0,0.0,0.0,0.0,0.0,-5.9,-5.8,-82.44,0.0,0.0,0.0,100.0,0,0,2187
387343,0,0,0,99.99,0.0,0.0,0.0,0.0,0.0,0.0,0.0,0.0,0.0,0.0,0.0,0.0,-5.9,-5.8,-82.44,0.0,0.0,0.0,100.0,0,0,2187
387543,0,0,0,99.99,0.0,0.0,0.0,0.0,0.0,0.0,0.0,0.0,0.0,0.0,0.0,0.0,-5.91,-5.81,-82.44,0.0,0.0,0.0,100.0,0,0,2187
387743,0,0,0,99.99,0.0,0.0,0.0,0.0,0.0,0.0,0.0,0.0,0.0,0.0,0.0,0.0,-5.9,-5.81,-82.44,0.0,0.0,0.0,99.9,0,0,2187
387943,0,0,0,99.99,0.0,0.0,0.0,0.0,0.0,0.0,0.0,0.0,0.0,0.0,0.0,0.0,-5.9,-5.81,-82.45,0.0,0.0,0.0,99.9,0,0,2191
388143,0,0,0,99.99,0.0,0.0,0.0,0.0,0.0,0.0,0.0,0.0,0.0,0.0,0.0,0.0,-5.91,-5.79,-82.46,0.0,0.0,0.0,99.9,0,0,2193
388343,0,0,0,99.99,0.0,0.0,0.0,0.0,0.0,0.0,0.0,0.0,0.0,0.0,0.0,0.0,-5.92,-5.8,-82.47,0.0,0.0,0.0,99.9,0,0,2193
388543,0,0,0,99.99,0.0,0.0,0.0,0.0,0.0,0.0,0.0,0.0,0.0,0.0,0.0,0.0,-5.92,-5.78,-82.49,0.0,0.0,0.0,99.9,0,0,2193
388743,0,0,0,99.99,0.0,0.0,0.0,0.0,0.0,0.0,0.0,0.0,0.0,0.0,0.0,0.0,-5.91,-5.79,-82.49,0.0,0.0,0.0,100.1,0,0,2193
388943,0,0,0,99.99,0.0,0.0,0.0,0.0,0.0,0.0,0.0,0.0,0.0,0.0,0.0,0.0,-5.91,-5.81,-82.48,0.0,0.0,0.0,100.1,0,0,2197
389143,0,0,0,99.99,0.0,0.0,0.0,0.0,0.0,0.0,0.0,0.0,0.0,0.0,0.0,0.0,-5.9,-5.81,-82.48,0.0,0.0,0.0,100.1,0,0,2199
389343,0,0,0,99.99,0.0,0.0,0.0,0.0,0.0,0.0,0.0,0.0,0.0,0.0,0.0,0.0,-5.9,-5.8,-82.48,0.0,0.0,0.0,100.1,0,0,2199
389543,0,0,0,99.99,0.0,0.0,0.0,0.0,0.0,0.0,0.0,0.0,0.0,0.0,0.0,0.0,-5.9,-5.8,-82.48,0.0,0.0,0.0,100.1,0,0,2199
389743,0,0,0,99.99,0.0,0.0,0.0,0.0,0.0,0.0,0.0,0.0,0.0,0.0,0.0,0.0,-5.9,-5.8,-82.48,0.0,0.0,0.0,100.0,0,0,2199
389943,0,0,0,99.99,0.0,0.0,0.0,0.0,0.0,0.0,0.0,0.0,0.0,0.0,0.0,0.0,-5.9,-5.8,-82.47,0.0,0.0,0.0,100.0,0,0,2203
390143,0,0,0,99.99,0.0,0.0,0.0,0.0,0.0,0.0,0.0,0.0,0.0,0.0,0.0,0.0,-5.9,-5.8,-82.48,0.0,0.0,0.0,100.0,0,0,2205
390343,0,0,0,99.99,0.0,0.0,0.0,0.0,0.0,0.0,0.0,0.0,0.0,0.0,0.0,0.0,-5.91,-5.8,-82.5,0.0,0.0,0.0,100.0,0,0,2205
390543,0,0,0,99.99,0.0,0.0,0.0,0.0,0.0,0.0,0.0,0.0,0.0,0.0,0.0,0.0,-5.91,-5.8,-82.48,0.0,0.0,0.0,100.0,0,0,2205
390743,0,0,0,99.99,0.0,0.0,0.0,0.0,0.0,0.0,0.0,0.0,0.0,0.0,0.0,0.0,-5.91,-5.8,-82.47,0.0,0.0,0.0,100.0,0,0,2205
390943,0,0,0,99.99,0.0,0.0,0.0,0.0,0.0,0.0,0.0,0.0,0.0,0.0,0.0,0.0,-5.91,-5.8,-82.48,0.0,0.0,0.0,100.0,0,0,2209
391143,0,0,0,99.99,0.0,0.0,0.0,0.0,0.0,0.0,0.0,0.0,0.0,0.0,0.0,0.0,-5.91,-5.8,-82.47,0.0,0.0,0.0,100.0,0,0,2211
391343,0,0,0,99.99,0.0,0.0,0.0,0.0,0.0,0.0,0.0,0.0,0.0,0.0,0.0,0.0,-5.91,-5.81,-82.48,0.0,0.0,0.0,100.0,0,0,2211
391543,0,0,0,99.99,0.0,0.0,0.0,0.0,0.0,0.0,0.0,0.0,0.0,0.0,0.0,0.0,-5.9,-5.81,-82.48,0.0,0.0,0.0,100.0,0,0,2211
391743,0,0,0,99.99,0.0,0.0,0.0,0.0,0.0,0.0,0.0,0.0,0.0,0.0,0.0,0.0,-5.9,-5.81,-82.49,0.0,0.0,0.0,100.0,0,0,2211
391943,0,0,0,99.99,0.0,0.0,0.0,0.0,0.0,0.0,0.0,0.0,0.0,0.0,0.0,0.0,-5.91,-5.81,-82.49,0.0,0.0,0.0,100.0,0,0,2211
392143,0,0,0,99.99,0.0,0.0,0.0,0.0,0.0,0.0,0.0,0.0,0.0,0.0,0.0,0.0,-5.9,-5.8,-82.5,0.0,0.0,0.0,100.0,0,0,2216
392343,0,0,0,99.99,0.0,0.0,0.0,0.0,0.0,0.0,0.0,0.0,0.0,0.0,0.0,0.0,-5.9,-5.8,-82.51,0.0,0.0,0.0,100.0,0,0,2217
392543,0,0,0,99.99,0.0,0.0,0.0,0.0,0.0,0.0,0.0,0.0,0.0,0.0,0.0,0.0,-5.9,-5.8,-82.52,0.0,0.0,0.0,100.0,0,0,2217
392743,0,0,0,99.99,0.0,0.0,0.0,0.0,0.0,0.0,0.0,0.0,0.0,0.0,0.0,0.0,-5.9,-5.79,-82.52,0.0,0.0,0.0,100.0,0,0,2217
392943,0,0,0,99.99,0.0,0.0,0.0,0.0,0.0,0.0,0.0,0.0,0.0,0.0,0.0,0.0,-5.9,-5.79,-82.51,0.0,0.0,0.0,100.0,0,0,2221
393143,0,0,0,99.99,0.0,0.0,0.0,0.0,0.0,0.0,0.0,0.0,0.0,0.0,0.0,0.0,-5.91,-5.8,-82.5,0.0,0.0,0.0,100.0,0,0,2223
393343,0,0,0,99.99,0.0,0.0,0.0,0.0,0.0,0.0,0.0,0.0,0.0,0.0,0.0,0.0,-5.91,-5.81,-82.49,0.0,0.0,0.0,100.0,0,0,2223
393543,0,0,0,99.99,0.0,0.0,0.0,0.0,0.0,0.0,0.0,0.0,0.0,0.0,0.0,0.0,-5.91,-5.81,-82.5,0.0,0.0,0.0,100.0,0,0,2223
393743,0,0,0,99.99,0.0,0.0,0.0,0.0,0.0,0.0,0.0,0.0,0.0,0.0,0.0,0.0,-5.91,-5.81,-82.5,0.0,0.0,0.0,100.0,0,0,2223
393943,0,0,0,99.99,0.0,0.0,0.0,0.0,0.0,0.0,0.0,0.0,0.0,0.0,0.0,0.0,-5.91,-5.81,-82.49,0.0,0.0,0.0,100.0,0,0,2227
394143,0,0,0,99.99,0.0,0.0,0.0,0.0,0.0,0.0,0.0,0.0,0.0,0.0,0.0,0.0,-5.91,-5.8,-82.5,0.0,0.0,0.0,100.0,0,0,2229
394343,0,0,0,99.99,0.0,0.0,0.0,0.0,0.0,0.0,0.0,0.0,0.0,0.0,0.0,0.0,-5.91,-5.8,-82.51,0.0,0.0,0.0,100.0,0,0,2229
394543,0,0,0,99.99,0.0,0.0,0.0,0.0,0.0,0.0,0.0,0.0,0.0,0.0,0.0,0.0,-5.91,-5.79,-82.52,0.0,0.0,0.0,100.0,0,0,2229
394743,0,0,0,99.99,0.0,0.0,0.0,0.0,0.0,0.0,0.0,0.0,0.0,0.0,0.0,0.0,-5.92,-5.79,-82.53,0.0,0.0,0.0,100.0,0,0,2229
394943,0,0,0,99.99,0.0,0.0,0.0,0.0,0.0,0.0,0.0,0.0,0.0,0.0,0.0,0.0,-5.92,-5.78,-82.54,0.0,0.0,0.0,100.0,0,0,2233
395143,0,0,0,99.99,0.0,0.0,0.0,0.0,0.0,0.0,0.0,0.0,0.0,0.0,0.0,0.0,-5.9,-5.79,-82.53,0.0,0.0,0.0,100.0,0,0,2235
395343,0,0,0,99.99,0.0,0.0,0.0,0.0,0.0,0.0,0.0,0.0,0.0,0.0,0.0,0.0,-5.91,-5.79,-82.52,0.0,0.0,0.0,100.0,0,0,2235
395543,0,0,0,99.99,0.0,0.0,0.0,0.0,0.0,0.0,0.0,0.0,0.0,0.0,0.0,0.0,-5.91,-5.8,-82.51,0.0,0.0,0.0,100.0,0,0,2235
395743,0,0,0,99.99,0.0,0.0,0.0,0.0,0.0,0.0,0.0,0.0,0.0,0.0,0.0,0.0,-5.9,-5.81,-82.52,0.0,0.0,0.0,100.0,0,0,2235
395943,0,0,0,99.99,0.0,0.0,0.0,0.0,0.0,0.0,0.0,0.0,0.0,0.0,0.0,0.0,-5.9,-5.82,-82.49,0.0,0.0,0.0,100.0,0,0,2239
396143,0,0,0,99.99,0.0,0.0,0.0,0.0,0.0,0.0,0.0,0.0,0.0,0.0,0.0,0.0,-5.91,-5.82,-82.48,0.0,0.0,0.0,100.0,0,0,2241
396343,0,0,0,99.99,0.0,0.0,0.0,0.0,0.0,0.0,0.0,0.0,0.0,0.0,0.0,0.0,-5.92,-5.83,-82.48,0.0,0.0,0.0,100.0,0,0,2241
396543,0,0,0,99.99,0.0,0.0,0.0,0.0,0.0,0.0,0.0,0.0,0.0,0.0,0.0,0.0,-5.92,-5.81,-82.48,0.0,0.0,0.0,100.0,0,0,2241
396743,0,0,0,99.99,0.0,0.0,0.0,0.0,0.0,0.0,0.0,0.0,0.0,0.0,0.0,0.0,-5.93,-5.8,-82.5,0.0,0.0,0.0,100.0,0,0,2241
396943,0,0,0,99.99,0.0,0.0,0.0,0.0,0.0,0.0,0.0,0.0,0.0,0.0,0.0,0.0,-5.93,-5.81,-82.48,0.0,0.0,0.0,100.0,0,0,2245
397143,0,0,0,99.99,0.0,0.0,0.0,0.0,0.0,0.0,0.0,0.0,0.0,0.0,0.0,0.0,-5.92,-5.79,-82.5,0.0,0.0,0.0,100.0,0,0,2247
397343,0,0,0,99.99,0.0,0.0,0.0,0.0,0.0,0.0,0.0,0.0,0.0,0.0,0.0,0.0,-5.92,-5.8,-82.48,0.0,0.0,0.0,100.0,0,0,2247
397543,0,0,0,99.99,0.0,0.0,0.0,0.0,0.0,0.0,0.0,0.0,0.0,0.0,0.0,0.0,-5.92,-5.78,-82.52,0.0,0.0,0.0,100.0,0,0,2247
397743,0,0,0,99.99,0.0,0.0,0.0,0.0,0.0,0.0,0.0,0.0,0.0,0.0,0.0,0.0,-5.92,-5.79,-82.51,0.0,0.0,0.0,100.0,0,0,2247
397943,0,0,0,99.99,0.0,0.0,0.0,0.0,0.0,0.0,0.0,0.0,0.0,0.0,0.0,0.0,-5.91,-5.8,-82.5,0.0,0.0,0.0,100.0,0,0,2247
398143,0,0,0,99.99,0.0,0.0,0.0,0.0,0.0,0.0,0.0,0.0,0.0,0.0,0.0,0.0,-5.9,-5.82,-82.48,0.0,0.0,0.0,100.0,0,0,2252
398343,0,0,0,99.99,0.0,0.0,0.0,0.0,0.0,0.0,0.0,0.0,0.0,0.0,0.0,0.0,-5.9,-5.81,-82.52,0.0,0.0,0.0,100.0,0,0,2253
398543,0,0,0,99.99,0.0,0.0,0.0,0.0,0.0,0.0,0.0,0.0,0.0,0.0,0.0,0.0,-5.91,-5.81,-82.53,0.0,0.0,0.0,100.0,0,0,2253
398743,0,0,0,99.99,0.0,0.0,0.0,0.0,0.0,0.0,0.0,0.0,0.0,0.0,0.0,0.0,-5.91,-5.82,-82.52,0.0,0.0,0.0,99.9,0,0,2253
398943,0,0,0,99.99,0.0,0.0,0.0,0.0,0.0,0.0,0.0,0.0,0.0,0.0,0.0,0.0,-5.91,-5.82,-82.5,0.0,0.0,0.0,99.9,0,0,2257
399143,0,0,0,99.99,0.0,0.0,0.0,0.0,0.0,0.0,0.0,0.0,0.0,0.0,0.0,0.0,-5.92,-5.82,-82.52,0.0,0.0,0.0,99.9,0,0,2259
399343,0,0,0,99.99,0.0,0.0,0.0,0.0,0.0,0.0,0.0,0.0,0.0,0.0,0.0,0.0,-5.92,-5.81,-82.5,0.0,0.0,0.0,99.9,0,0,2259
399543,0,0,0,99.99,0.0,0.0,0.0,0.0,0.0,0.0,0.0,0.0,0.0,0.0,0.0,0.0,-5.9,-5.79,-82.5,0.0,0.0,0.0,99.9,0,0,2259
399743,0,0,0,99.99,0.0,0.0,0.0,0.0,0.0,0.0,0.0,0.0,0.0,0.0,0.0,0.0,-5.91,-5.79,-82.51,0.0,0.0,0.0,100.1,0,0,2259
399943,0,0,0,99.99,0.0,0.0,0.0,0.0,0.0,0.0,0.0,0.0,0.0,0.0,0.0,0.0,-5.91,-5.79,-82.5,0.0,0.0,0.0,100.1,0,0,2263
400143,0,0,0,99.99,0.0,0.0,0.0,0.0,0.0,0.0,0.0,0.0,0.0,0.0,0.0,0.0,-5.92,-5.81,-82.48,0.0,0.0,0.0,100.1,0,0,2265
400343,0,0,0,99.99,0.0,0.0,0.0,0.0,0.0,0.0,0.0,0.0,0.0,0.0,0.0,0.0,-5.92,-5.81,-82.47,0.0,0.0,0.0,100.1,0,0,2265
400543,0,0,0,99.99,0.0,0.0,0.0,0.0,0.0,0.0,0.0,0.0,0.0,0.0,0.0,0.0,-5.92,-5.8,-82.47,0.0,0.0,0.0,100.1,0,0,2265
400743,0,0,0,99.99,0.0,0.0,0.0,0.0,0.0,0.0,0.0,0.0,0.0,0.0,0.0,0.0,-5.92,-5.81,-82.45,0.0,0.0,0.0,100.0,0,0,2265
400943,0,0,0,99.99,0.0,0.0,0.0,0.0,0.0,0.0,0.0,0.0,0.0,0.0,0.0,0.0,-5.92,-5.8,-82.46,0.0,0.0,0.0,100.0,0,0,2269
401143,0,0,0,99.99,0.0,0.0,0.0,0.0,0.0,0.0,0.0,0.0,0.0,0.0,0.0,0.0,-5.92,-5.81,-82.45,0.0,0.0,0.0,100.0,0,0,2271
401343,0,0,0,99.99,0.0,0.0,0.0,0.0,0.0,0.0,0.0,0.0,0.0,0.0,0.0,0.0,-5.9,-5.81,-82.46,0.0,0.0,0.0,100.0,0,0,2271
401543,0,0,0,99.99,0.0,0.0,0.0,0.0,0.0,0.0,0.0,0.0,0.0,0.0,0.0,0.0,-5.91,-5.81,-82.46,0.0,0.0,0.0,100.0,0,0,2271
401743,0,0,0,99.99,0.0,0.0,0.0,0.0,0.0,0.0,0.0,0.0,0.0,0.0,0.0,0.0,-5.91,-5.81,-82.46,0.0,0.0,0.0,100.0,0,0,2271
401943,0,0,0,99.99,0.0,0.0,0.0,0.0,0.0,0.0,0.0,0.0,0.0,0.0,0.0,0.0,-5.9,-5.8,-82.45,0.0,0.0,0.0,100.0,0,0,2275
402143,0,0,0,99.99,0.0,0.0,0.0,0.0,0.0,0.0,0.0,0.0,0.0,0.0,0.0,0.0,-5.91,-5.79,-82.45,0.0,0.0,0.0,100.0,0,0,2277
402343,0,0,0,99.99,0.0,0.0,0.0,0.0,0.0,0.0,0.0,0.0,0.0,0.0,0.0,0.0,-5.91,-5.79,-82.46,0.0,0.0,0.0,100.0,0,0,2277
402543,0,0,0,99.99,0.0,0.0,0.0,0.0,0.0,0.0,0.0,0.0,0.0,0.0,0.0,0.0,-5.91,-5.81,-82.47,0.0,0.0,0.0,100.0,0,0,2277
402744,0,0,0,99.99,0.0,0.0,0.0,0.0,0.0,0.0,0.0,0.0,0.0,0.0,0.0,0.0,-5.91,-5.81,-82.45,0.0,0.0,0.0,100.0,0,0,2277
402953,0,0,0,99.99,0.0,0.0,0.0,0.0,0.0,0.0,0.0,0.0,0.0,0.0,0.0,0.0,-5.92,-5.8,-82.47,0.0,0.0,0.0,100.0,0,0,2281
403153,0,0,0,99.99,0.0,0.0,0.0,0.0,0.0,0.0,0.0,0.0,0.0,0.0,0.0,0.0,-5.93,-5.79,-82.5,0.0,0.0,0.0,100.0,0,0,2283
403353,0,0,0,99.99,0.0,0.0,0.0,0.0,0.0,0.0,0.0,0.0,0.0,0.0,0.0,0.0,-5.92,-5.81,-82.49,0.0,0.0,0.0,100.0,0,0,2283
403553,0,0,0,99.99,0.0,0.0,0.0,0.0,0.0,0.0,0.0,0.0,0.0,0.0,0.0,0.0,-5.92,-5.82,-82.48,0.0,0.0,0.0,100.0,0,0,2283
403753,0,0,0,99.99,0.0,0.0,0.0,0.0,0.0,0.0,0.0,0.0,0.0,0.0,0.0,0.0,-5.91,-5.81,-82.49,0.0,0.0,0.0,100.0,0,0,2283
403953,0,0,0,99.99,0.0,0.0,0.0,0.0,0.0,0.0,0.0,0.0,0.0,0.0,0.0,0.0,-5.92,-5.81,-82.49,0.0,0.0,0.0,100.0,0,0,2283
404153,0,0,0,99.99,0.0,0.0,0.0,0.0,0.0,0.0,0.0,0.0,0.0,0.0,0.0,0.0,-5.92,-5.8,-82.5,0.0,0.0,0.0,100.0,0,0,2288
404353,0,0,0,99.99,0.0,0.0,0.0,0.0,0.0,0.0,0.0,0.0,0.0,0.0,0.0,0.0,-5.92,-5.79,-82.51,0.0,0.0,0.0,100.0,0,0,2289
404553,0,0,0,99.99,0.0,0.0,0.0,0.0,0.0,0.0,0.0,0.0,0.0,0.0,0.0,0.0,-5.9,-5.8,-82.51,0.0,0.0,0.0,100.0,0,0,2289
404753,0,0,0,99.99,0.0,0.0,0.0,0.0,0.0,0.0,0.0,0.0,0.0,0.0,0.0,0.0,-5.9,-5.8,-82.51,0.0,0.0,0.0,100.0,0,0,2289
404953,0,0,0,99.99,0.0,0.0,0.0,0.0,0.0,0.0,0.0,0.0,0.0,0.0,0.0,0.0,-5.9,-5.81,-82.5,0.0,0.0,0.0,100.0,0,0,2293
405153,0,0,0,99.99,0.0,0.0,0.0,0.0,0.0,0.0,0.0,0.0,0.0,0.0,0.0,0.0,-5.95,-5.92,-82.5,0.0,0.0,0.0,100.0,0,0,2295
405353,0,0,0,99.99,0.0,0.0,0.0,0.0,0.0,0.0,0.0,0.0,0.0,0.0,0.0,0.0,-5.92,-5.81,-82.49,0.0,0.0,0.0,100.0,0,0,2295
405553,0,0,0,99.99,0.0,0.0,0.0,0.0,0.0,0.0,0.0,0.0,0.0,0.0,0.0,0.0,-5.88,-5.81,-82.48,0.0,0.0,0.0,100.0,0,0,2295
405753,0,0,0,99.99,0.0,0.0,0.0,0.0,0.0,0.0,0.0,0.0,0.0,0.0,0.0,0.0,-5.87,-5.83,-82.48,0.0,0.0,0.0,100.0,0,0,2295
405953,0,0,0,99.99,0.0,0.0,0.0,0.0,0.0,0.0,0.0,0.0,0.0,0.0,0.0,0.0,-5.89,-5.81,-82.45,0.0,0.0,0.0,100.0,0,0,2299
406153,0,0,0,99.99,0.0,0.0,0.0,0.0,0.0,0.0,0.0,0.0,0.0,0.0,0.0,0.0,-5.87,-5.83,-82.44,0.0,0.0,0.0,100.0,0,0,2301
406353,0,0,0,99.99,0.0,0.0,0.0,0.0,0.0,0.0,0.0,0.0,0.0,0.0,0.0,0.0,-5.87,-5.83,-82.46,0.0,0.0,0.0,100.0,0,0,2301
406553,0,0,0,99.99,0.0,0.0,0.0,0.0,0.0,0.0,0.0,0.0,0.0,0.0,0.0,0.0,-5.88,-5.82,-82.44,0.0,0.0,0.0,100.0,0,0,2301
406753,0,0,0,99.99,0.0,0.0,0.0,0.0,0.0,0.0,0.0,0.0,0.0,0.0,0.0,0.0,-5.88,-5.81,-82.45,0.0,0.0,0.0,100.0,0,0,2301
406953,0,0,0,99.99,0.0,0.0,0.0,0.0,0.0,0.0,0.0,0.0,0.0,0.0,0.0,0.0,-5.89,-5.83,-82.45,0.0,0.0,0.0,100.0,0,0,2305
407153,0,0,0,99.99,0.0,0.0,0.0,0.0,0.0,0.0,0.0,0.0,0.0,0.0,0.0,0.0,-5.89,-5.82,-82.47,0.0,0.0,0.0,100.0,0,0,2307
407353,0,0,0,99.99,0.0,0.0,0.0,0.0,0.0,0.0,0.0,0.0,0.0,0.0,0.0,0.0,-5.88,-5.84,-82.46,0.0,0.0,0.0,100.0,0,0,2307
407553,0,0,0,99.99,0.0,0.0,0.0,0.0,0.0,0.0,0.0,0.0,0.0,0.0,0.0,0.0,-5.89,-5.84,-82.47,0.0,0.0,0.0,100.0,0,0,2307
407753,0,0,0,99.99,0.0,0.0,0.0,0.0,0.0,0.0,0.0,0.0,0.0,0.0,0.0,0.0,-5.87,-5.83,-82.48,0.0,0.0,0.0,100.0,0,0,2307
407953,0,0,0,99.99,0.0,0.0,0.0,0.0,0.0,0.0,0.0,0.0,0.0,0.0,0.0,0.0,-5.87,-5.83,-82.49,0.0,0.0,0.0,100.0,0,0,2311
408153,0,0,0,99.99,0.0,0.0,0.0,0.0,0.0,0.0,0.0,0.0,0.0,0.0,0.0,0.0,-5.87,-5.83,-82.5,0.0,0.0,0.0,100.0,0,0,2313
408353,0,0,0,99.99,0.0,0.0,0.0,0.0,0.0,0.0,0.0,0.0,0.0,0.0,0.0,0.0,-5.87,-5.84,-82.49,0.0,0.0,0.0,100.0,0,0,2313
408553,0,0,0,99.99,0.0,0.0,0.0,0.0,0.0,0.0,0.0,0.0,0.0,0.0,0.0,0.0,-5.88,-5.85,-82.49,0.0,0.0,0.0,100.0,0,0,2313
408753,0,0,0,99.99,0.0,0.0,0.0,0.0,0.0,0.0,0.0,0.0,0.0,0.0,0.0,0.0,-5.88,-5.86,-82.46,0.0,0.0,0.0,99.9,0,0,2313
408954,0,0,0,99.99,0.0,0.0,0.0,0.0,0.0,0.0,0.0,0.0,0.0,0.0,0.0,0.0,-5.88,-5.85,-82.47,0.0,0.0,0.0,99.9,0,0,2317
409163,0,0,0,99.99,0.0,0.0,0.0,0.0,0.0,0.0,0.0,0.0,0.0,0.0,0.0,0.0,-5.88,-5.84,-82.48,0.0,0.0,0.0,99.9,0,0,2319
409363,0,0,0,99.99,0.0,0.0,0.0,0.0,0.0,0.0,0.0,0.0,0.0,0.0,0.0,0.0,-5.88,-5.85,-82.46,0.0,0.0,0.0,99.9,0,0,2319
409563,0,0,0,99.99,0.0,0.0,0.0,0.0,0.0,0.0,0.0,0.0,0.0,0.0,0.0,0.0,-5.89,-5.86,-82.46,0.0,0.0,0.0,99.9,0,0,2319
409763,0,0,0,99.99,0.0,0.0,0.0,0.0,0.0,0.0,0.0,0.0,0.0,0.0,0.0,0.0,-5.88,-5.85,-82.43,0.0,0.0,0.0,100.1,0,0,2319
409963,0,0,0,99.99,0.0,0.0,0.0,0.0,0.0,0.0,0.0,0.0,0.0,0.0,0.0,0.0,-5.88,-5.85,-82.44,0.0,0.0,0.0,100.1,0,0,2319
410164,0,0,0,99.99,0.0,0.0,0.0,0.0,0.0,0.0,0.0,0.0,0.0,0.0,0.0,0.0,-5.88,-5.85,-82.45,0.0,0.0,0.0,100.1,0,0,2325
410373,0,0,0,99.99,0.0,0.0,0.0,0.0,0.0,0.0,0.0,0.0,0.0,0.0,0.0,0.0,-5.87,-5.84,-82.46,0.0,0.0,0.0,100.1,0,0,2325
410573,0,0,0,99.99,0.0,0.0,0.0,0.0,0.0,0.0,0.0,0.0,0.0,0.0,0.0,0.0,-5.88,-5.86,-82.45,0.0,0.0,0.0,100.1,0,0,2325
410773,0,0,0,99.99,0.0,0.0,0.0,0.0,0.0,0.0,0.0,0.0,0.0,0.0,0.0,0.0,-5.89,-5.85,-82.46,0.0,0.0,0.0,100.0,0,0,2325
410973,0,0,0,99.99,0.0,0.0,0.0,0.0,0.0,0.0,0.0,0.0,0.0,0.0,0.0,0.0,-5.89,-5.85,-82.46,0.0,0.0,0.0,100.0,0,0,2330
411174,0,0,0,99.99,0.0,0.0,0.0,0.0,0.0,0.0,0.0,0.0,0.0,0.0,0.0,0.0,-5.89,-5.85,-82.46,0.0,0.0,0.0,100.0,0,0,2331
411383,0,0,0,99.99,0.0,0.0,0.0,0.0,0.0,0.0,0.0,0.0,0.0,0.0,0.0,0.0,-5.9,-5.84,-82.48,0.0,0.0,0.0,100.0,0,0,2331
411583,0,0,0,99.99,0.0,0.0,0.0,0.0,0.0,0.0,0.0,0.0,0.0,0.0,0.0,0.0,-5.9,-5.84,-82.49,0.0,0.0,0.0,100.0,0,0,2331
411783,0,0,0,99.99,0.0,0.0,0.0,0.0,0.0,0.0,0.0,0.0,0.0,0.0,0.0,0.0,-5.89,-5.86,-82.49,0.0,0.0,0.0,100.0,0,0,2331
411983,0,0,0,99.99,0.0,0.0,0.0,0.0,0.0,0.0,0.0,0.0,0.0,0.0,0.0,0.0,-5.89,-5.85,-82.5,0.0,0.0,0.0,100.0,0,0,2336
412183,0,0,0,99.99,0.0,0.0,0.0,0.0,0.0,0.0,0.0,0.0,0.0,0.0,0.0,0.0,-5.89,-5.85,-82.5,0.0,0.0,0.0,100.0,0,0,2337
412383,0,0,0,99.99,0.0,0.0,0.0,0.0,0.0,0.0,0.0,0.0,0.0,0.0,0.0,0.0,-5.88,-5.86,-82.48,0.0,0.0,0.0,100.0,0,0,2337
412583,0,0,0,99.99,0.0,0.0,0.0,0.0,0.0,0.0,0.0,0.0,0.0,0.0,0.0,0.0,-5.88,-5.86,-82.48,0.0,0.0,0.0,100.0,0,0,2337
412783,0,0,0,99.99,0.0,0.0,0.0,0.0,0.0,0.0,0.0,0.0,0.0,0.0,0.0,0.0,-5.89,-5.87,-82.47,0.0,0.0,0.0,100.0,0,0,2337
412983,0,0,0,99.99,0.0,0.0,0.0,0.0,0.0,0.0,0.0,0.0,0.0,0.0,0.0,0.0,-5.89,-5.86,-82.49,0.0,0.0,0.0,100.0,0,0,2342
413183,0,0,0,99.99,0.0,0.0,0.0,0.0,0.0,0.0,0.0,0.0,0.0,0.0,0.0,0.0,-5.89,-5.84,-82.5,0.0,0.0,0.0,100.0,0,0,2343
413383,0,0,0,99.99,0.0,0.0,0.0,0.0,0.0,0.0,0.0,0.0,0.0,0.0,0.0,0.0,-5.89,-5.85,-82.5,0.0,0.0,0.0,100.0,0,0,2343
413583,0,0,0,99.99,0.0,0.0,0.0,0.0,0.0,0.0,0.0,0.0,0.0,0.0,0.0,0.0,-5.89,-5.85,-82.5,0.0,0.0,0.0,100.0,0,0,2343
413783,0,0,0,99.99,0.0,0.0,0.0,0.0,0.0,0.0,0.0,0.0,0.0,0.0,0.0,0.0,-5.9,-5.85,-82.51,0.0,0.0,0.0,100.0,0,0,2343
413983,0,0,0,99.99,0.0,0.0,0.0,0.0,0.0,0.0,0.0,0.0,0.0,0.0,0.0,0.0,-5.91,-5.84,-82.5,0.0,0.0,0.0,100.0,0,0,2348
414183,0,0,0,99.99,0.0,0.0,0.0,0.0,0.0,0.0,0.0,0.0,0.0,0.0,0.0,0.0,-5.91,-5.85,-82.5,0.0,0.0,0.0,100.0,0,0,2349
414383,0,0,0,99.99,0.0,0.0,0.0,0.0,0.0,0.0,0.0,0.0,0.0,0.0,0.0,0.0,-5.89,-5.85,-82.49,0.0,0.0,0.0,100.0,0,0,2349
414583,0,0,0,99.99,0.0,0.0,0.0,0.0,0.0,0.0,0.0,0.0,0.0,0.0,0.0,0.0,-5.9,-5.85,-82.49,0.0,0.0,0.0,100.0,0,0,2349
414783,0,0,0,99.99,0.0,0.0,0.0,0.0,0.0,0.0,0.0,0.0,0.0,0.0,0.0,0.0,-5.89,-5.86,-82.48,0.0,0.0,0.0,100.0,0,0,2349
414983,0,0,0,99.99,0.0,0.0,0.0,0.0,0.0,0.0,0.0,0.0,0.0,0.0,0.0,0.0,-5.89,-5.84,-82.49,0.0,0.0,0.0,100.0,0,0,2354
415183,0,0,0,99.99,0.0,0.0,0.0,0.0,0.0,0.0,0.0,0.0,0.0,0.0,0.0,0.0,-5.89,-5.84,-82.48,0.0,0.0,0.0,100.0,0,0,2355
415383,0,0,0,99.99,0.0,0.0,0.0,0.0,0.0,0.0,0.0,0.0,0.0,0.0,0.0,0.0,-5.88,-5.86,-82.47,0.0,0.0,0.0,100.0,0,0,2355
415583,0,0,0,99.99,0.0,0.0,0.0,0.0,0.0,0.0,0.0,0.0,0.0,0.0,0.0,0.0,-5.87,-5.85,-82.48,0.0,0.0,0.0,100.0,0,0,2355
415783,0,0,0,99.99,0.0,0.0,0.0,0.0,0.0,0.0,0.0,0.0,0.0,0.0,0.0,0.0,-5.87,-5.83,-82.51,0.0,0.0,0.0,99.9,0,0,2355
415983,0,0,0,99.99,0.0,0.0,0.0,0.0,0.0,0.0,0.0,0.0,0.0,0.0,0.0,0.0,-5.86,-5.84,-82.5,0.0,0.0,0.0,99.9,0,0,2355
416183,0,0,0,99.99,0.0,0.0,0.0,0.0,0.0,0.0,0.0,0.0,0.0,0.0,0.0,0.0,-5.87,-5.84,-82.52,0.0,0.0,0.0,99.9,0,0,2361
416383,0,0,0,99.99,0.0,0.0,0.0,0.0,0.0,0.0,0.0,0.0,0.0,0.0,0.0,0.0,-5.87,-5.83,-82.52,0.0,0.0,0.0,99.9,0,0,2361
416583,0,0,0,99.99,0.0,0.0,0.0,0.0,0.0,0.0,0.0,0.0,0.0,0.0,0.0,0.0,-5.88,-5.83,-82.52,0.0,0.0,0.0,99.9,0,0,2361
416783,0,0,0,99.99,0.0,0.0,0.0,0.0,0.0,0.0,0.0,0.0,0.0,0.0,0.0,0.0,-5.87,-5.84,-82.52,0.0,0.0,0.0,100.1,0,0,2361
416983,0,0,0,99.99,0.0,0.0,0.0,0.0,0.0,0.0,0.0,0.0,0.0,0.0,0.0,0.0,-5.87,-5.85,-82.51,0.0,0.0,0.0,100.1,0,0,2366
417183,0,0,0,99.99,0.0,0.0,0.0,0.0,0.0,0.0,0.0,0.0,0.0,0.0,0.0,0.0,-5.87,-5.86,-82.54,0.0,0.0,0.0,100.1,0,0,2367
417383,0,0,0,99.99,0.0,0.0,0.0,0.0,0.0,0.0,0.0,0.0,0.0,0.0,0.0,0.0,-5.88,-5.87,-82.52,0.0,0.0,0.0,100.1,0,0,2367
417583,0,0,0,99.99,0.0,0.0,0.0,0.0,0.0,0.0,0.0,0.0,0.0,0.0,0.0,0.0,-5.88,-5.86,-82.52,0.0,0.0,0.0,100.1,0,0,2367
417783,0,0,0,99.99,0.0,0.0,0.0,0.0,0.0,0.0,0.0,0.0,0.0,0.0,0.0,0.0,-5.92,-5.85,-82.53,0.0,0.0,0.0,100.0,0,0,2367
417984,0,0,0,99.99,0.0,0.0,0.0,0.0,0.0,0.0,0.0,0.0,0.0,0.0,0.0,0.0,-5.91,-5.84,-82.52,0.0,0.0,0.0,100.0,0,0,2372
418193,0,0,0,99.99,0.0,0.0,0.0,0.0,0.0,0.0,0.0,0.0,0.0,0.0,0.0,0.0,-5.92,-5.84,-82.52,0.0,0.0,0.0,100.0,0,0,2373
418393,0,0,0,99.99,0.0,0.0,0.0,0.0,0.0,0.0,0.0,0.0,0.0,0.0,0.0,0.0,-5.93,-5.85,-82.51,0.0,0.0,0.0,100.0,0,0,2373
418593,0,0,0,99.99,0.0,0.0,0.0,0.0,0.0,0.0,0.0,0.0,0.0,0.0,0.0,0.0,-5.92,-5.85,-82.52,0.0,0.0,0.0,100.0,0,0,2373
418793,0,0,0,99.99,0.0,0.0,0.0,0.0,0.0,0.0,0.0,0.0,0.0,0.0,0.0,0.0,-5.91,-5.88,-82.51,0.0,0.0,0.0,100.0,0,0,2373
418993,0,0,0,99.99,0.0,0.0,0.0,0.0,0.0,0.0,0.0,0.0,0.0,0.0,0.0,0.0,-5.93,-5.87,-82.52,0.0,0.0,0.0,100.0,0,0,2379
419193,0,0,0,99.99,0.0,0.0,0.0,0.0,0.0,0.0,0.0,0.0,0.0,0.0,0.0,0.0,-5.92,-5.86,-82.52,0.0,0.0,0.0,100.0,0,0,2379
419393,0,0,0,99.99,0.0,0.0,0.0,0.0,0.0,0.0,0.0,0.0,0.0,0.0,0.0,0.0,-5.91,-5.86,-82.51,0.0,0.0,0.0,100.0,0,0,2379
419593,0,0,0,99.99,0.0,0.0,0.0,0.0,0.0,0.0,0.0,0.0,0.0,0.0,0.0,0.0,-5.91,-5.86,-82.5,0.0,0.0,0.0,100.0,0,0,2379
419793,0,0,0,99.99,0.0,0.0,0.0,0.0,0.0,0.0,0.0,0.0,0.0,0.0,0.0,0.0,-5.91,-5.86,-82.51,0.0,0.0,0.0,100.0,0,0,2379
419993,0,0,0,99.99,0.0,0.0,0.0,0.0,0.0,0.0,0.0,0.0,0.0,0.0,0.0,0.0,-5.9,-5.87,-82.52,0.0,0.0,0.0,100.0,0,0,2384
420193,0,0,0,99.99,0.0,0.0,0.0,0.0,0.0,0.0,0.0,0.0,0.0,0.0,0.0,0.0,-5.91,-5.86,-82.53,0.0,0.0,0.0,100.0,0,0,2385
420393,0,0,0,99.99,0.0,0.0,0.0,0.0,0.0,0.0,0.0,0.0,0.0,0.0,0.0,0.0,-5.91,-5.87,-82.52,0.0,0.0,0.0,100.0,0,0,2385
420593,0,0,0,99.99,0.0,0.0,0.0,0.0,0.0,0.0,0.0,0.0,0.0,0.0,0.0,0.0,-5.91,-5.86,-82.52,0.0,0.0,0.0,100.0,0,0,2385
420793,0,0,0,99.99,0.0,0.0,0.0,0.0,0.0,0.0,0.0,0.0,0.0,0.0,0.0,0.0,-5.91,-5.85,-82.53,0.0,0.0,0.0,100.0,0,0,2385
420994,0,0,0,99.99,0.0,0.0,0.0,0.0,0.0,0.0,0.0,0.0,0.0,0.0,0.0,0.0,-5.91,-5.85,-82.52,0.0,0.0,0.0,100.0,0,0,2391
421203,0,0,0,99.99,0.0,0.0,0.0,0.0,0.0,0.0,0.0,0.0,0.0,0.0,0.0,0.0,-5.91,-5.85,-82.51,0.0,0.0,0.0,100.0,0,0,2391
421404,0,0,0,99.99,0.0,0.0,0.0,0.0,0.0,0.0,0.0,0.0,0.0,0.0,0.0,0.0,-5.91,-5.84,-82.51,0.0,0.0,0.0,100.0,0,0,2391
421613,0,0,0,99.99,0.0,0.0,0.0,0.0,0.0,0.0,0.0,0.0,0.0,0.0,0.0,0.0,-5.91,-5.83,-82.53,0.0,0.0,0.0,100.0,0,0,2391
421813,0,0,0,99.99,0.0,0.0,0.0,0.0,0.0,0.0,0.0,0.0,0.0,0.0,0.0,0.0,-5.92,-5.82,-82.51,0.0,0.0,0.0,100.0,0,0,2391
422013,0,0,0,99.99,0.0,0.0,0.0,0.0,0.0,0.0,0.0,0.0,0.0,0.0,0.0,0.0,-5.92,-5.83,-82.5,0.0,0.0,0.0,100.0,0,0,2392
422213,0,0,0,99.99,0.0,0.0,0.0,0.0,0.0,0.0,0.0,0.0,0.0,0.0,0.0,0.0,-5.93,-5.83,-82.5,0.0,0.0,0.0,100.0,0,0,2397
422413,0,0,0,99.99,0.0,0.0,0.0,0.0,0.0,0.0,0.0,0.0,0.0,0.0,0.0,0.0,-5.92,-5.83,-82.49,0.0,0.0,0.0,100.0,0,0,2397
422613,0,0,0,99.99,0.0,0.0,0.0,0.0,0.0,0.0,0.0,0.0,0.0,0.0,0.0,0.0,-5.94,-5.85,-82.5,0.0,0.0,0.0,100.0,0,0,2397
422813,0,0,0,99.99,0.0,0.0,0.0,0.0,0.0,0.0,0.0,0.0,0.0,0.0,0.0,0.0,-5.87,-5.84,-82.51,0.0,0.0,0.0,100.0,0,0,2397
423013,0,0,0,99.99,0.0,0.0,0.0,0.0,0.0,0.0,0.0,0.0,0.0,0.0,0.0,0.0,-5.9,-5.83,-82.52,0.0,0.0,0.0,100.0,0,0,2403
423213,0,0,0,99.99,0.0,0.0,0.0,0.0,0.0,0.0,0.0,0.0,0.0,0.0,0.0,0.0,-5.89,-5.85,-82.49,0.0,0.0,0.0,100.0,0,0,2403
423413,0,0,0,99.99,0.0,0.0,0.0,0.0,0.0,0.0,0.0,0.0,0.0,0.0,0.0,0.0,-5.88,-5.84,-82.49,0.0,0.0,0.0,100.0,0,0,2403
423613,0,0,0,99.99,0.0,0.0,0.0,0.0,0.0,0.0,0.0,0.0,0.0,0.0,0.0,0.0,-5.88,-5.85,-82.47,0.0,0.0,0.0,100.0,0,0,2403
423813,0,0,0,99.99,0.0,0.0,0.0,0.0,0.0,0.0,0.0,0.0,0.0,0.0,0.0,0.0,-5.87,-5.84,-82.49,0.0,0.0,0.0,100.0,0,0,2403
424013,0,0,0,99.99,0.0,0.0,0.0,0.0,0.0,0.0,0.0,0.0,0.0,0.0,0.0,0.0,-5.87,-5.84,-82.51,0.0,0.0,0.0,100.0,0,0,2409
424213,0,0,0,99.99,0.0,0.0,0.0,0.0,0.0,0.0,0.0,0.0,0.0,0.0,0.0,0.0,-5.86,-5.85,-82.53,0.0,0.0,0.0,100.0,0,0,2409
424413,0,0,0,99.99,0.0,0.0,0.0,0.0,0.0,0.0,0.0,0.0,0.0,0.0,0.0,0.0,-5.87,-5.85,-82.54,0.0,0.0,0.0,100.0,0,0,2409
424613,0,0,0,99.99,0.0,0.0,0.0,0.0,0.0,0.0,0.0,0.0,0.0,0.0,0.0,0.0,-5.88,-5.86,-82.53,0.0,0.0,0.0,100.0,0,0,2409
424813,0,0,0,99.99,0.0,0.0,0.0,0.0,0.0,0.0,0.0,0.0,0.0,0.0,0.0,0.0,-5.88,-5.86,-82.52,0.0,0.0,0.0,100.0,0,0,2409
425013,0,0,0,99.99,0.0,0.0,0.0,0.0,0.0,0.0,0.0,0.0,0.0,0.0,0.0,0.0,-5.87,-5.85,-82.53,0.0,0.0,0.0,100.0,0,0,2415
425213,0,0,0,99.99,0.0,0.0,0.0,0.0,0.0,0.0,0.0,0.0,0.0,0.0,0.0,0.0,-5.88,-5.84,-82.53,0.0,0.0,0.0,100.0,0,0,2415
425413,0,0,0,99.99,0.0,0.0,0.0,0.0,0.0,0.0,0.0,0.0,0.0,0.0,0.0,0.0,-5.88,-5.85,-82.51,0.0,0.0,0.0,100.0,0,0,2415
425613,0,0,0,99.99,0.0,0.0,0.0,0.0,0.0,0.0,0.0,0.0,0.0,0.0,0.0,0.0,-5.89,-5.85,-82.5,0.0,0.0,0.0,100.0,0,0,2415
425813,0,0,0,99.99,0.0,0.0,0.0,0.0,0.0,0.0,0.0,0.0,0.0,0.0,0.0,0.0,-5.88,-5.86,-82.51,0.0,0.0,0.0,99.9,0,0,2415
426013,0,0,0,99.99,0.0,0.0,0.0,0.0,0.0,0.0,0.0,0.0,0.0,0.0,0.0,0.0,-5.88,-5.85,-82.51,0.0,0.0,0.0,99.9,0,0,2421
426213,0,0,0,99.99,0.0,0.0,0.0,0.0,0.0,0.0,0.0,0.0,0.0,0.0,0.0,0.0,-5.88,-5.86,-82.5,0.0,0.0,0.0,99.9,0,0,2421
426413,0,0,0,99.99,0.0,0.0,0.0,0.0,0.0,0.0,0.0,0.0,0.0,0.0,0.0,0.0,-5.88,-5.85,-82.51,0.0,0.0,0.0,99.9,0,0,2421
426613,0,0,0,99.99,0.0,0.0,0.0,0.0,0.0,0.0,0.0,0.0,0.0,0.0,0.0,0.0,-5.89,-5.84,-82.51,0.0,0.0,0.0,99.9,0,0,2421
426813,0,0,0,99.99,0.0,0.0,0.0,0.0,0.0,0.0,0.0,0.0,0.0,0.0,0.0,0.0,-5.88,-5.84,-82.52,0.0,0.0,0.0,100.1,0,0,2421
427013,0,0,0,99.99,0.0,0.0,0.0,0.0,0.0,0.0,0.0,0.0,0.0,0.0,0.0,0.0,-5.87,-5.85,-82.51,0.0,0.0,0.0,100.1,0,0,2427
427213,0,0,0,99.99,0.0,0.0,0.0,0.0,0.0,0.0,0.0,0.0,0.0,0.0,0.0,0.0,-5.87,-5.84,-82.53,0.0,0.0,0.0,100.1,0,0,2427
427413,0,0,0,99.99,0.0,0.0,0.0,0.0,0.0,0.0,0.0,0.0,0.0,0.0,0.0,0.0,-7.69,-2.37,-83.94,0.0,0.0,0.0,100.1,0,0,2427
427613,0,0,0,99.99,0.0,0.0,0.0,0.0,0.0,0.0,0.0,0.0,0.0,0.0,0.0,0.0,-14.0,9.68,-85.5,0.0,0.0,0.0,100.1,0,0,2427
427814,0,0,0,99.99,0.0,0.0,0.0,0.0,0.0,0.0,0.0,0.0,0.0,0.0,0.0,0.0,-10.57,14.09,-80.77,0.0,0.0,0.0,100.0,0,0,2427
428023,0,0,0,99.99,0.0,0.0,0.0,0.0,0.0,0.0,0.0,0.0,0.0,0.0,0.0,0.0,-12.33,15.67,-79.66,0.0,0.0,0.0,100.0,0,0,2429
428223,0,0,0,99.99,0.0,0.0,0.0,0.0,0.0,0.0,0.0,0.0,0.0,0.0,0.0,0.0,-19.26,8.45,-71.27,0.0,0.0,0.0,100.0,0,0,2433
428423,0,0,0,99.99,0.0,0.0,0.0,0.0,0.0,0.0,0.0,0.0,0.0,0.0,0.0,0.0,-10.87,1.89,-79.26,0.0,0.0,0.0,100.0,0,0,2433
428623,0,0,0,99.99,0.0,0.0,0.0,0.0,0.0,0.0,0.0,0.0,0.0,0.0,0.0,0.0,-7.6,2.76,-80.3,0.0,0.0,0.0,100.0,0,0,2433
428823,0,0,0,99.99,0.0,0.0,0.0,0.0,0.0,0.0,0.0,0.0,0.0,0.0,0.0,0.0,-7.43,2.59,-81.03,0.0,0.0,0.0,100.0,0,0,2433
429023,0,0,0,99.99,0.0,0.0,0.0,0.0,0.0,0.0,0.0,0.0,0.0,0.0,0.0,0.0,-7.43,2.51,-81.6,0.0,0.0,0.0,100.0,0,0,2439
429223,0,0,0,99.99,0.0,0.0,0.0,0.0,0.0,0.0,0.0,0.0,0.0,0.0,0.0,0.0,-7.44,2.43,-82.07,0.0,0.0,0.0,100.0,0,0,2439
429423,0,0,0,99.99,0.0,0.0,0.0,0.0,0.0,0.0,0.0,0.0,0.0,0.0,0.0,0.0,-7.43,2.38,-82.45,0.0,0.0,0.0,100.0,0,0,2439
429623,0,0,0,99.99,0.0,0.0,0.0,0.0,0.0,0.0,0.0,0.0,0.0,0.0,0.0,0.0,-7.44,2.21,-82.76,0.0,0.0,0.0,100.0,0,0,2439
429823,0,0,0,99.99,0.0,0.0,0.0,0.0,0.0,0.0,0.0,0.0,0.0,0.0,0.0,0.0,-7.43,2.15,-83.01,0.0,0.0,0.0,100.0,0,0,2440
430023,0,0,0,99.99,0.0,0.0,0.0,0.0,0.0,0.0,0.0,0.0,0.0,0.0,0.0,0.0,-7.41,2.09,-83.2,0.0,0.0,0.0,100.0,0,0,2445
430223,0,0,0,99.99,0.0,0.0,0.0,0.0,0.0,0.0,0.0,0.0,0.0,0.0,0.0,0.0,-7.41,2.01,-83.38,0.0,0.0,0.0,100.0,0,0,2445
430423,0,0,0,99.99,0.0,0.0,0.0,0.0,0.0,0.0,0.0,0.0,0.0,0.0,0.0,0.0,-7.41,1.95,-83.52,0.0,0.0,0.0,100.0,0,0,2445
430623,0,0,0,99.99,0.0,0.0,0.0,0.0,0.0,0.0,0.0,0.0,0.0,0.0,0.0,0.0,-7.4,1.9,-83.63,0.0,0.0,0.0,100.0,0,0,2445
430823,0,0,0,99.99,0.0,0.0,0.0,0.0,0.0,0.0,0.0,0.0,0.0,0.0,0.0,0.0,-7.4,1.86,-83.74,0.0,0.0,0.0,100.0,0,0,2446
431023,0,0,0,99.99,0.0,0.0,0.0,0.0,0.0,0.0,0.0,0.0,0.0,0.0,0.0,0.0,-7.39,1.81,-83.85,0.0,0.0,0.0,100.0,0,0,2451
431223,0,0,0,99.99,0.0,0.0,0.0,0.0,0.0,0.0,0.0,0.0,0.0,0.0,0.0,0.0,-7.39,1.78,-83.93,0.0,0.0,0.0,100.0,0,0,2451
431423,0,0,0,99.99,0.0,0.0,0.0,0.0,0.0,0.0,0.0,0.0,0.0,0.0,0.0,0.0,-7.39,1.73,-84.0,0.0,0.0,0.0,100.0,0,0,2451
431623,0,0,0,99.99,0.0,0.0,0.0,0.0,0.0,0.0,0.0,0.0,0.0,0.0,0.0,0.0,-7.38,1.69,-84.06,0.0,0.0,0.0,100.0,0,0,2451
431823,0,0,0,99.99,0.0,0.0,0.0,0.0,0.0,0.0,0.0,0.0,0.0,0.0,0.0,0.0,-7.36,1.67,-84.09,0.0,0.0,0.0,100.0,0,0,2452
432023,0,0,0,99.99,0.0,0.0,0.0,0.0,0.0,0.0,0.0,0.0,0.0,0.0,0.0,0.0,-7.35,1.65,-84.13,0.0,0.0,0.0,100.0,0,0,2457
432223,0,0,0,99.99,0.0,0.0,0.0,0.0,0.0,0.0,0.0,0.0,0.0,0.0,0.0,0.0,-7.36,1.63,-84.15,0.0,0.0,0.0,100.0,0,0,2457
432423,0,0,0,99.99,0.0,0.0,0.0,0.0,0.0,0.0,0.0,0.0,0.0,0.0,0.0,0.0,-7.35,1.61,-84.17,0.0,0.0,0.0,100.0,0,0,2457
432623,0,0,0,99.99,0.0,0.0,0.0,0.0,0.0,0.0,0.0,0.0,0.0,0.0,0.0,0.0,-7.33,1.6,-84.18,0.0,0.0,0.0,100.0,0,0,2457
432823,0,0,0,99.99,0.0,0.0,0.0,0.0,0.0,0.0,0.0,0.0,0.0,0.0,0.0,0.0,-7.32,1.56,-84.2,0.0,0.0,0.0,100.0,0,0,2458
433023,0,0,0,99.99,0.0,0.0,0.0,0.0,0.0,0.0,0.0,0.0,0.0,0.0,0.0,0.0,-7.32,1.53,-84.22,0.0,0.0,0.0,100.0,0,0,2463
433223,0,0,0,99.99,0.0,0.0,0.0,0.0,0.0,0.0,0.0,0.0,0.0,0.0,0.0,0.0,-7.31,1.52,-84.24,0.0,0.0,0.0,100.0,0,0,2463
433423,0,0,0,99.99,0.0,0.0,0.0,0.0,0.0,0.0,0.0,0.0,0.0,0.0,0.0,0.0,-7.3,1.51,-84.24,0.0,0.0,0.0,100.0,0,0,2463
433623,0,0,0,99.99,0.0,0.0,0.0,0.0,0.0,0.0,0.0,0.0,0.0,0.0,0.0,0.0,-7.28,1.49,-84.24,0.0,0.0,0.0,100.0,0,0,2463
433823,0,0,0,99.99,0.0,0.0,0.0,0.0,0.0,0.0,0.0,0.0,0.0,0.0,0.0,0.0,-7.28,1.47,-84.24,0.0,0.0,0.0,100.0,0,0,2463
434023,0,0,0,99.99,0.0,0.0,0.0,0.0,0.0,0.0,0.0,0.0,0.0,0.0,0.0,0.0,-7.28,1.46,-84.23,0.0,0.0,0.0,100.0,0,0,2465
434223,0,0,0,99.99,0.0,0.0,0.0,0.0,0.0,0.0,0.0,0.0,0.0,0.0,0.0,0.0,-7.27,1.44,-84.25,0.0,0.0,0.0,100.0,0,0,2469
434423,0,0,0,99.99,0.0,0.0,0.0,0.0,0.0,0.0,0.0,0.0,0.0,0.0,0.0,0.0,-7.26,1.44,-84.24,0.0,0.0,0.0,100.0,0,0,2469
434623,0,0,0,99.99,0.0,0.0,0.0,0.0,0.0,0.0,0.0,0.0,0.0,0.0,0.0,0.0,-7.25,1.43,-84.25,0.0,0.0,0.0,100.0,0,0,2469
434823,0,0,0,99.99,0.0,0.0,0.0,0.0,0.0,0.0,0.0,0.0,0.0,0.0,0.0,0.0,-7.25,1.42,-84.25,0.0,0.0,0.0,100.0,0,0,2470
435023,0,0,0,99.99,0.0,0.0,0.0,0.0,0.0,0.0,0.0,0.0,0.0,0.0,0.0,0.0,-7.24,1.43,-84.28,0.0,0.0,0.0,100.0,0,0,2475
435223,0,0,0,99.99,0.0,0.0,0.0,0.0,0.0,0.0,0.0,0.0,0.0,0.0,0.0,0.0,-7.23,1.42,-84.28,0.0,0.0,0.0,100.0,0,0,2475
435423,0,0,0,99.99,0.0,0.0,0.0,0.0,0.0,0.0,0.0,0.0,0.0,0.0,0.0,0.0,-7.22,1.42,-84.3,0.0,0.0,0.0,100.0,0,0,2475
435623,0,0,0,99.99,0.0,0.0,0.0,0.0,0.0,0.0,0.0,0.0,0.0,0.0,0.0,0.0,-7.22,1.4,-84.31,0.0,0.0,0.0,100.0,0,0,2475
435823,0,0,0,99.99,0.0,0.0,0.0,0.0,0.0,0.0,0.0,0.0,0.0,0.0,0.0,0.0,-7.22,1.38,-84.31,0.0,0.0,0.0,100.0,0,0,2476
436023,0,0,0,99.99,0.0,0.0,0.0,0.0,0.0,0.0,0.0,0.0,0.0,0.0,0.0,0.0,-7.2,1.37,-84.33,0.0,0.0,0.0,100.0,0,0,2481
436223,0,0,0,99.99,0.0,0.0,0.0,0.0,0.0,0.0,0.0,0.0,0.0,0.0,0.0,0.0,-7.2,1.35,-84.34,0.0,0.0,0.0,100.0,0,0,2481
436423,0,0,0,99.99,0.0,0.0,0.0,0.0,0.0,0.0,0.0,0.0,0.0,0.0,0.0,0.0,-7.19,1.33,-84.34,0.0,0.0,0.0,100.0,0,0,2481
436623,0,0,0,99.99,0.0,0.0,0.0,0.0,0.0,0.0,0.0,0.0,0.0,0.0,0.0,0.0,-7.19,1.34,-84.34,0.0,0.0,0.0,100.0,0,0,2481
436824,0,0,0,99.99,0.0,0.0,0.0,0.0,0.0,0.0,0.0,0.0,0.0,0.0,0.0,0.0,-7.19,1.33,-84.33,0.0,0.0,0.0,100.0,0,0,2482
437034,0,0,0,99.99,0.0,0.0,0.0,0.0,0.0,0.0,0.0,0.0,0.0,0.0,0.0,0.0,-7.18,1.31,-84.33,0.0,0.0,0.0,100.0,0,0,2487
437243,0,0,0,99.99,0.0,0.0,0.0,0.0,0.0,0.0,0.0,0.0,0.0,0.0,0.0,0.0,-7.16,1.3,-84.35,0.0,0.0,0.0,100.0,0,0,2487
437443,0,0,0,99.99,0.0,0.0,0.0,0.0,0.0,0.0,0.0,0.0,0.0,0.0,0.0,0.0,-7.16,1.3,-84.35,0.0,0.0,0.0,100.0,0,0,2487
437643,0,0,0,99.99,0.0,0.0,0.0,0.0,0.0,0.0,0.0,0.0,0.0,0.0,0.0,0.0,-7.14,1.29,-84.34,0.0,0.0,0.0,100.0,0,0,2487
437844,0,0,0,99.99,0.0,0.0,0.0,0.0,0.0,0.0,0.0,0.0,0.0,0.0,0.0,0.0,-7.15,1.29,-84.33,0.0,0.0,0.0,99.9,0,0,2489
438053,0,0,0,99.99,0.0,0.0,0.0,0.0,0.0,0.0,0.0,0.0,0.0,0.0,0.0,0.0,-7.13,1.29,-84.34,0.0,0.0,0.0,99.9,0,0,2493
438253,0,0,0,99.99,0.0,0.0,0.0,0.0,0.0,0.0,0.0,0.0,0.0,0.0,0.0,0.0,-7.13,1.28,-84.33,0.0,0.0,0.0,99.9,0,0,2493
438453,0,0,0,99.99,0.0,0.0,0.0,0.0,0.0,0.0,0.0,0.0,0.0,0.0,0.0,0.0,-7.12,1.27,-84.34,0.0,0.0,0.0,99.9,0,0,2493
438653,0,0,0,99.99,0.0,0.0,0.0,0.0,0.0,0.0,0.0,0.0,0.0,0.0,0.0,0.0,-7.12,1.26,-84.35,0.0,0.0,0.0,99.9,0,0,2493
438853,0,0,0,99.99,0.0,0.0,0.0,0.0,0.0,0.0,0.0,0.0,0.0,0.0,0.0,0.0,-7.11,1.25,-84.35,0.0,0.0,0.0,100.1,0,0,2495
439053,0,0,0,99.99,0.0,0.0,0.0,0.0,0.0,0.0,0.0,0.0,0.0,0.0,0.0,0.0,-7.11,1.23,-84.35,0.0,0.0,0.0,100.1,0,0,2499
439253,0,0,0,99.99,0.0,0.0,0.0,0.0,0.0,0.0,0.0,0.0,0.0,0.0,0.0,0.0,-7.1,1.23,-84.35,0.0,0.0,0.0,100.1,0,0,2499
439453,0,0,0,99.99,0.0,0.0,0.0,0.0,0.0,0.0,0.0,0.0,0.0,0.0,0.0,0.0,-7.08,1.23,-84.37,0.0,0.0,0.0,100.1,0,0,2499
439653,0,0,0,99.99,0.0,0.0,0.0,0.0,0.0,0.0,0.0,0.0,0.0,0.0,0.0,0.0,-7.08,1.22,-84.39,0.0,0.0,0.0,100.1,0,0,2499
439853,0,0,0,99.99,0.0,0.0,0.0,0.0,0.0,0.0,0.0,0.0,0.0,0.0,0.0,0.0,-7.08,1.21,-84.39,0.0,0.0,0.0,100.0,0,0,2499
440053,0,0,0,99.99,0.0,0.0,0.0,0.0,0.0,0.0,0.0,0.0,0.0,0.0,0.0,0.0,-7.08,1.2,-84.38,0.0,0.0,0.0,100.0,0,0,2501
440253,0,0,0,99.99,0.0,0.0,0.0,0.0,0.0,0.0,0.0,0.0,0.0,0.0,0.0,0.0,-7.09,1.2,-84.38,0.0,0.0,0.0,100.0,0,0,2505
440453,0,0,0,99.99,0.0,0.0,0.0,0.0,0.0,0.0,0.0,0.0,0.0,0.0,0.0,0.0,-7.09,1.17,-84.39,0.0,0.0,0.0,100.0,0,0,2505
440653,0,0,0,99.99,0.0,0.0,0.0,0.0,0.0,0.0,0.0,0.0,0.0,0.0,0.0,0.0,-7.08,1.17,-84.39,0.0,0.0,0.0,100.0,0,0,2505
440853,0,0,0,99.99,0.0,0.0,0.0,0.0,0.0,0.0,0.0,0.0,0.0,0.0,0.0,0.0,-7.08,1.18,-84.39,0.0,0.0,0.0,100.0,0,0,2507
441053,0,0,0,99.99,0.0,0.0,0.0,0.0,0.0,0.0,0.0,0.0,0.0,0.0,0.0,0.0,-7.07,1.17,-84.39,0.0,0.0,0.0,100.0,0,0,2511
441253,0,0,0,99.99,0.0,0.0,0.0,0.0,0.0,0.0,0.0,0.0,0.0,0.0,0.0,0.0,-7.07,1.17,-84.4,0.0,0.0,0.0,100.0,0,0,2511
441453,0,0,0,99.99,0.0,0.0,0.0,0.0,0.0,0.0,0.0,0.0,0.0,0.0,0.0,0.0,-7.08,1.18,-84.42,0.0,0.0,0.0,100.0,0,0,2511
441653,0,0,0,99.99,0.0,0.0,0.0,0.0,0.0,0.0,0.0,0.0,0.0,0.0,0.0,0.0,-7.06,1.16,-84.38,0.0,0.0,0.0,100.0,0,0,2511
441853,0,0,0,99.99,0.0,0.0,0.0,0.0,0.0,0.0,0.0,0.0,0.0,0.0,0.0,0.0,-7.06,1.14,-84.38,0.0,0.0,0.0,100.0,0,0,2513
442053,0,0,0,99.99,0.0,0.0,0.0,0.0,0.0,0.0,0.0,0.0,0.0,0.0,0.0,0.0,-7.05,1.13,-84.38,0.0,0.0,0.0,100.0,0,0,2517
442253,0,0,0,99.99,0.0,0.0,0.0,0.0,0.0,0.0,0.0,0.0,0.0,0.0,0.0,0.0,-7.04,1.13,-84.4,0.0,0.0,0.0,100.0,0,0,2517
442453,0,0,0,99.99,0.0,0.0,0.0,0.0,0.0,0.0,0.0,0.0,0.0,0.0,0.0,0.0,-7.04,1.12,-84.4,0.0,0.0,0.0,100.0,0,0,2517
